% x(m) y(m) incident_basis(1/m^2)
-0.025000000000000001 -0.025000000000000001 1.7102121157768668e-06
-0.024500000000000001 -0.025000000000000001 3.3747204371930807e-06
-0.024 -0.025000000000000001 6.5769411420819801e-06
-0.0235 -0.025000000000000001 1.2656923064075422e-05
-0.023 -0.025000000000000001 2.4044826032222938e-05
-0.022500000000000003 -0.025000000000000001 4.5074926802825412e-05
-0.022000000000000002 -0.025000000000000001 8.3342714142675106e-05
-0.021500000000000002 -0.025000000000000001 0.000151913980250064
-0.021000000000000001 -0.025000000000000001 0.00027283029044780437
-0.020500000000000001 -0.025000000000000001 0.00048252242862336097
-0.02 -0.025000000000000001 0.00083993114177076552
-0.0195 -0.025000000000000001 0.0014383160520903672
-0.019 -0.025000000000000001 0.0024218614037114787
-0.018500000000000003 -0.025000000000000001 0.0040081898833276156
-0.018000000000000002 -0.025000000000000001 0.0065176802780870808
-0.017500000000000002 -0.025000000000000001 0.01040994906002642
-0.017000000000000001 -0.025000000000000001 0.016326913402673025
-0.016500000000000001 -0.025000000000000001 0.025140470859822482
-0.016 -0.025000000000000001 0.038001078681528223
-0.0155 -0.025000000000000001 0.056381614026593758
-0.015000000000000001 -0.025000000000000001 0.082109246782230805
-0.014500000000000001 -0.025000000000000001 0.11737723105486925
-0.014 -0.025000000000000001 0.16472918585684274
-0.0135 -0.025000000000000001 0.22701119634286529
-0.012999999999999999 -0.025000000000000001 0.30729224365491098
-0.012500000000000001 -0.025000000000000001 0.408760834468817
-0.012 -0.025000000000000001 0.53461424539160163
-0.0115 -0.025000000000000001 0.68796464768457311
-0.010999999999999999 -0.025000000000000001 0.87179093106192107
-0.010499999999999999 -0.025000000000000001 1.0889634152822203
-0.010000000000000002 -0.025000000000000001 1.342358404161107
-0.0095000000000000015 -0.025000000000000001 1.6350596872773109
-0.0090000000000000011 -0.025000000000000001 1.9706159466395095
-0.0085000000000000006 -0.025000000000000001 2.3532908094751073
-0.0080000000000000002 -0.025000000000000001 2.7882130826621307
-0.0074999999999999997 -0.025000000000000001 3.281317489094965
-0.0069999999999999993 -0.025000000000000001 3.8389700289450834
-0.0064999999999999988 -0.025000000000000001 4.4672034790901725
-0.0059999999999999984 -0.025000000000000001 5.1705490242497403
-0.0054999999999999979 -0.025000000000000001 5.9505340551830512
-0.005000000000000001 -0.025000000000000001 6.8040106676971988
-0.0044999999999999971 -0.025000000000000001 7.7215650892876324
-0.0040000000000000001 -0.025000000000000001 8.6863132049562211
-0.0035000000000000031 -0.025000000000000001 9.6733919478762544
-0.0029999999999999992 -0.025000000000000001 10.650398781010706
-0.0025000000000000022 -0.025000000000000001 11.578912339147312
-0.0019999999999999983 -0.025000000000000001 12.417061386116739
-0.0015000000000000013 -0.025000000000000001 13.122924396744477
-0.00099999999999999742 -0.025000000000000001 13.658374162249912
-0.00050000000000000044 -0.025000000000000001 13.992867121456696
0 -0.025000000000000001 14.10664376603553
0.00050000000000000044 -0.025000000000000001 13.992867121150503
0.0010000000000000009 -0.025000000000000001 13.658374161583311
0.0015000000000000013 -0.025000000000000001 13.122924395604755
0.0020000000000000018 -0.025000000000000001 12.417061384324496
0.0024999999999999988 -0.025000000000000001 11.578912336445267
0.0030000000000000027 -0.025000000000000001 10.650398777050706
0.0034999999999999996 -0.025000000000000001 9.6733919422065515
0.0040000000000000036 -0.025000000000000001 8.686313197011307
0.0045000000000000005 -0.025000000000000001 7.7215650783839136
0.0049999999999999975 -0.025000000000000001 6.8040106530373272
0.0055000000000000014 -0.025000000000000001 5.9505340358723524
0.0059999999999999984 -0.025000000000000001 5.1705489993271669
0.0064999999999999988 -0.025000000000000001 4.4672034475748923
0.0069999999999999993 -0.025000000000000001 3.8389699898983154
0.0074999999999999997 -0.025000000000000001 3.2813174416941995
0.0080000000000000002 -0.025000000000000001 2.7882130262825005
0.0085000000000000006 -0.025000000000000001 2.3532907437704917
0.0090000000000000011 -0.025000000000000001 1.9706158716144384
0.0095000000000000015 -0.025000000000000001 1.63505960334025
0.010000000000000002 -0.025000000000000001 1.3423583121504863
0.010500000000000002 -0.025000000000000001 1.0889633164590016
0.011000000000000003 -0.025000000000000001 0.87179082706586253
0.011500000000000003 -0.025000000000000001 0.68796454045573407
0.012000000000000004 -0.025000000000000001 0.53461413706298955
0.012499999999999997 -0.025000000000000001 0.40876072723997992
0.013000000000000005 -0.025000000000000001 0.30729213965885305
0.013499999999999998 -0.025000000000000001 0.22701109751964785
0.014000000000000005 -0.025000000000000001 0.16472909384622231
0.014499999999999999 -0.025000000000000001 0.11737714711780638
0.014999999999999999 -0.025000000000000001 0.082109171757157318
0.0155 -0.025000000000000001 0.056381548321969358
0.016000000000000007 -0.025000000000000001 0.038001022301888884
0.016500000000000001 -0.025000000000000001 0.025140423459041772
0.017000000000000001 -0.025000000000000001 0.016326874355864444
0.017500000000000002 -0.025000000000000001 0.010409917544654234
0.017999999999999995 -0.025000000000000001 0.0065176553553243019
0.018500000000000003 -0.025000000000000001 0.0040081705722381528
0.019000000000000003 -0.025000000000000001 0.0024218467430281035
0.019500000000000003 -0.025000000000000001 0.0014383051467681887
0.019999999999999997 -0.025000000000000001 0.00083992319373828357
0.020499999999999997 -0.025000000000000001 0.00048251675294711877
0.021000000000000005 -0.025000000000000001 0.00027282631933300486
0.021500000000000005 -0.025000000000000001 0.0001519112578990766
0.021999999999999999 -0.025000000000000001 8.3340885568257354e-05
0.022499999999999999 -0.025000000000000001 4.5073723380651516e-05
0.023000000000000007 -0.025000000000000001 2.4044050034893413e-05
0.023500000000000007 -0.025000000000000001 1.2656432789591569e-05
0.024 -0.025000000000000001 6.5766376445227274e-06
0.024500000000000001 -0.025000000000000001 3.374536356618247e-06
0.025000000000000001 -0.025000000000000001 1.7101027207527938e-06
-0.025000000000000001 -0.024500000000000001 3.3747204371930727e-06
-0.024500000000000001 -0.024500000000000001 6.6059913838584498e-06
-0.024 -0.024500000000000001 1.2772149877740677e-05
-0.0235 -0.024500000000000001 2.4388729686611848e-05
-0.023 -0.024500000000000001 4.5986828296733187e-05
-0.022500000000000003 -0.024500000000000001 8.5598945936125046e-05
-0.022000000000000002 -0.024500000000000001 0.00015722623456904447
-0.021500000000000002 -0.024500000000000001 0.00028484136313242347
-0.021000000000000001 -0.024500000000000001 0.00050872306824432012
-0.020500000000000001 -0.024500000000000001 0.00089521669012532484
-0.02 -0.024500000000000001 0.0015513493568943767
-0.0195 -0.024500000000000001 0.0026460509825319916
-0.019 -0.024500000000000001 0.0044399573319336572
-0.018500000000000003 -0.024500000000000001 0.0073257703578389335
-0.018000000000000002 -0.024500000000000001 0.011880756315025215
-0.017500000000000002 -0.024500000000000001 0.01893198876572684
-0.017000000000000001 -0.024500000000000001 0.029633233099653239
-0.016500000000000001 -0.024500000000000001 0.045549858764493731
-0.016 -0.024500000000000001 0.068744975133862005
-0.0155 -0.024500000000000001 0.10185650737206749
-0.015000000000000001 -0.024500000000000001 0.14815187685748885
-0.014500000000000001 -0.024500000000000001 0.21154535332527349
-0.014 -0.024500000000000001 0.2965642071891027
-0.0135 -0.024500000000000001 0.40825461992469969
-0.012999999999999999 -0.024500000000000001 0.55202751978307141
-0.012500000000000001 -0.024500000000000001 0.73345774546609199
-0.012 -0.024500000000000001 0.95806547345872517
-0.0115 -0.024500000000000001 1.2311233964322634
-0.010999999999999999 -0.024500000000000001 1.5575421161829568
-0.010499999999999999 -0.024500000000000001 1.9418844779081297
-0.010000000000000002 -0.024500000000000001 2.3885427516245028
-0.0095000000000000015 -0.024500000000000001 2.9020787123442093
-0.0090000000000000011 -0.024500000000000001 3.4876778771196535
-0.0085000000000000006 -0.024500000000000001 4.1516126077717317
-0.0080000000000000002 -0.024500000000000001 4.9015566709994616
-0.0074999999999999997 -0.024500000000000001 5.7465617377618567
-0.0069999999999999993 -0.024500000000000001 6.6965099665671666
-0.0064999999999999988 -0.024500000000000001 7.7609078716877571
-0.0059999999999999984 -0.024500000000000001 8.9469880798046084
-0.0054999999999999979 -0.024500000000000001 10.257228194273903
-0.005000000000000001 -0.024500000000000001 11.686557618212619
-0.0044999999999999971 -0.024500000000000001 13.219670978034648
-0.0040000000000000001 -0.024500000000000001 14.828963157700697
-0.0035000000000000031 -0.024500000000000001 16.473612194716686
-0.0029999999999999992 -0.024500000000000001 18.100241954058561
-0.0025000000000000022 -0.024500000000000001 19.645397077619059
-0.0019999999999999983 -0.024500000000000001 21.039783153920368
-0.0015000000000000013 -0.024500000000000001 22.213912459074333
-0.00099999999999999742 -0.024500000000000001 23.104510842057369
-0.00050000000000000044 -0.024500000000000001 23.660846019052489
0 -0.024500000000000001 23.850079576696722
0.00050000000000000044 -0.024500000000000001 23.660846018211632
0.0010000000000000009 -0.024500000000000001 23.104510840226776
0.0015000000000000013 -0.024500000000000001 22.21391245594447
0.0020000000000000018 -0.024500000000000001 21.039783148998598
0.0024999999999999988 -0.024500000000000001 19.645397070198811
0.0030000000000000027 -0.024500000000000001 18.100241943183761
0.0034999999999999996 -0.024500000000000001 16.473612179146762
0.0040000000000000036 -0.024500000000000001 14.828963135882717
0.0045000000000000005 -0.024500000000000001 13.21967094809129
0.0049999999999999975 -0.024500000000000001 11.686557577954257
0.0055000000000000014 -0.024500000000000001 10.257228141243621
0.0059999999999999984 -0.024500000000000001 8.9469880113632101
0.0064999999999999988 -0.024500000000000001 7.7609077851417059
0.0069999999999999993 -0.024500000000000001 6.696509859338442
0.0074999999999999997 -0.024500000000000001 5.7465616075917145
0.0080000000000000002 -0.024500000000000001 4.9015565161719028
0.0085000000000000006 -0.024500000000000001 4.151612427336242
0.0090000000000000011 -0.024500000000000001 3.4876776710886945
0.0095000000000000015 -0.024500000000000001 2.9020784818394878
0.010000000000000002 -0.024500000000000001 2.3885424989484934
0.010500000000000002 -0.024500000000000001 1.9418842065236224
0.011000000000000003 -0.024500000000000001 1.5575418305929993
0.011500000000000003 -0.024500000000000001 1.2311231019645659
0.012000000000000004 -0.024500000000000001 0.95806517597087104
0.012499999999999997 -0.024500000000000001 0.73345745099839621
0.013000000000000005 -0.024500000000000001 0.5520272341931135
0.013499999999999998 -0.024500000000000001 0.40825434854019366
0.014000000000000005 -0.024500000000000001 0.29656395451308903
0.014499999999999999 -0.024500000000000001 0.21154512282055093
0.014999999999999999 -0.024500000000000001 0.1481516708265283
0.0155 -0.024500000000000001 0.10185632693656421
0.016000000000000007 -0.024500000000000001 0.068744820306272811
0.016500000000000001 -0.024500000000000001 0.04554972859429969
0.017000000000000001 -0.024500000000000001 0.029633125870814715
0.017500000000000002 -0.024500000000000001 0.01893190221942825
0.017999999999999995 -0.024500000000000001 0.011880687873096093
0.018500000000000003 -0.024500000000000001 0.0073257173264704772
0.019000000000000003 -0.024500000000000001 0.0044399170713308898
0.019500000000000003 -0.024500000000000001 0.002646021034757199
0.019999999999999997 -0.024500000000000001 0.0015513275303143754
0.020499999999999997 -0.024500000000000001 0.00089520110380231774
0.021000000000000005 -0.024500000000000001 0.00050871216292214781
0.021500000000000005 -0.024500000000000001 0.00028483388711722702
0.021999999999999999 -0.024500000000000001 0.00015722121300856305
0.022499999999999999 -0.024500000000000001 8.5595641144603997e-05
0.023000000000000007 -0.024500000000000001 4.5984697282821359e-05
0.023500000000000007 -0.024500000000000001 2.4387383313749589e-05
0.024 -0.024500000000000001 1.2771316424458794e-05
0.024500000000000001 -0.024500000000000001 6.6054858688895765e-06
0.025000000000000001 -0.024500000000000001 3.374420020800721e-06
-0.025000000000000001 -0.024 6.5769411420819759e-06
-0.024500000000000001 -0.024 1.2772149877740668e-05
-0.024 -0.024 2.4496377344850689e-05
-0.0235 -0.024 4.6405163683865514e-05
-0.023 -0.024 8.6822228648122683e-05
-0.022500000000000003 -0.024 0.00016040427398610407
-0.022000000000000002 -0.024 0.00029254539148367681
-0.021500000000000002 -0.024 0.00052649507273563206
-0.021000000000000001 -0.024 0.00093458642698485703
-0.020500000000000001 -0.024 0.0016354917533021242
-0.02 -0.024 0.0028200054266437945
-0.0195 -0.024 0.0047884147240679735
-0.019 -0.024 0.0080029071930630778
-0.018500000000000003 -0.024 0.013158451640153524
-0.018000000000000002 -0.024 0.021274882990893338
-0.017500000000000002 -0.024 0.033811191178040614
-0.017000000000000001 -0.024 0.05279997782574028
-0.016500000000000001 -0.024 0.080995584618931846
-0.016 -0.024 0.12202371641555212
-0.0155 -0.024 0.1805141578637085
-0.015000000000000001 -0.024 0.26219266844413397
-0.014500000000000001 -0.024 0.37390514271494424
-0.014 -0.024 0.52354877134475097
-0.0135 -0.024 0.71989322003811429
-0.012999999999999999 -0.024 0.97229089715797279
-0.012500000000000001 -0.024 1.290298680757165
-0.012 -0.024 1.6832611093949021
-0.0115 -0.024 2.1599313853074142
-0.010999999999999999 -0.024 2.7282236442829824
-0.010499999999999999 -0.024 3.3951888525619904
-0.010000000000000002 -0.024 4.1672796655050854
-0.0095000000000000015 -0.024 5.0509129769497365
-0.0090000000000000011 -0.024 6.053255938908662
-0.0085000000000000006 -0.024 7.1830638939746931
-0.0080000000000000002 -0.024 8.4513075167752678
-0.0074999999999999997 -0.024 9.871268000415812
-0.0069999999999999993 -0.024 11.457780351367902
-0.0064999999999999988 -0.024 13.225385927543838
-0.0059999999999999984 -0.024 15.185321884898372
-0.0054999999999999979 -0.024 17.341512430500227
-0.005000000000000001 -0.024 19.685997864866373
-0.0044999999999999971 -0.024 22.194487377442776
-0.0040000000000000001 -0.024 24.822887323284906
-0.0035000000000000031 -0.024 27.505681415973886
-0.0029999999999999992 -0.024 30.156888117452993
-0.0025000000000000022 -0.024 32.673993636044599
-0.0019999999999999983 -0.024 34.94479739818734
-0.0015000000000000013 -0.024 36.85658875122293
-0.00099999999999999742 -0.024 38.306600210163161
-0.00050000000000000044 -0.024 39.212356494347262
0 -0.024 39.520439796073269
0.00050000000000000044 -0.024 39.21235649208478
0.0010000000000000009 -0.024 38.306600205237601
0.0015000000000000013 -0.024 36.856588742801449
0.0020000000000000018 -0.024 34.944797384944373
0.0024999999999999988 -0.024 32.673993616079073
0.0030000000000000027 -0.024 30.156888088192385
0.0034999999999999996 -0.024 27.505681374080101
0.0040000000000000036 -0.024 24.822887264579609
0.0045000000000000005 -0.024 22.194487296874655
0.0049999999999999975 -0.024 19.685997756543781
0.0055000000000000014 -0.024 17.341512287812474
0.0059999999999999984 -0.024 15.185321700744128
0.0064999999999999988 -0.024 13.225385694675671
0.0069999999999999993 -0.024 11.457780062849155
0.0074999999999999997 -0.024 9.8712676501689245
0.0080000000000000002 -0.024 8.4513071001830173
0.0085000000000000006 -0.024 7.183063408479577
0.0090000000000000011 -0.024 6.0532553845442028
0.0095000000000000015 -0.024 5.0509123567340772
0.010000000000000002 -0.024 4.1672789856334598
0.010500000000000002 -0.024 3.3951881223516884
0.011000000000000003 -0.024 2.7282228758502787
0.011500000000000003 -0.024 2.1599305929875103
0.012000000000000004 -0.024 1.6832603089487113
0.012499999999999997 -0.024 1.2902978884372642
0.013000000000000005 -0.024 0.9722901287252711
0.013499999999999998 -0.024 0.71989248982781662
0.014000000000000005 -0.024 0.52354809147311632
0.014499999999999999 -0.024 0.37390452249927697
0.014999999999999999 -0.024 0.26219211407965703
0.0155 -0.024 0.18051367236855276
0.016000000000000007 -0.024 0.12202329982323477
0.016500000000000001 -0.024 0.08099523437190452
0.017000000000000001 -0.024 0.052799689306681163
0.017500000000000002 -0.024 0.033810958309187553
0.017999999999999995 -0.024 0.021274698835200948
0.018500000000000003 -0.024 0.013158308949430209
0.019000000000000003 -0.024 0.0080027988644511862
0.019500000000000003 -0.024 0.0047883341440306624
0.019999999999999997 -0.024 0.0028199466981858935
0.020499999999999997 -0.024 0.0016354498154119673
0.021000000000000005 -0.024 0.00093455708419483213
0.021500000000000005 -0.024 0.00052647495713146586
0.021999999999999999 -0.024 0.00029253188004472113
0.022499999999999999 -0.024 0.00016039538183214942
0.023000000000000007 -0.024 8.6816494760322599e-05
0.023500000000000007 -0.024 4.6401541018200866e-05
0.024 -0.024 2.4494134784359515e-05
0.024500000000000001 -0.024 1.2770789696046515e-05
0.025000000000000001 -0.024 6.5761328161121354e-06
-0.025000000000000001 -0.0235 1.2656923064075381e-05
-0.024500000000000001 -0.0235 2.4388729686611868e-05
-0.024 -0.0235 4.6405163683865406e-05
-0.0235 -0.0235 8.720511927574884e-05
-0.023 -0.0235 0.0001618621039694465
-0.022500000000000003 -0.0235 0.00029672200769174071
-0.022000000000000002 -0.0235 0.00053712609999043896
-0.021500000000000002 -0.0235 0.00095983598859160639
-0.021000000000000001 -0.0235 0.001692559813596028
-0.020500000000000001 -0.0235 0.0029438678722114101
-0.02 -0.0235 0.0050477797317943027
-0.0195 -0.0235 0.0085282584687340658
-0.019 -0.0235 0.014189501844182283
-0.018500000000000003 -0.0235 0.023237884038243645
-0.018000000000000002 -0.0235 0.037440163965975923
-0.017500000000000002 -0.0235 0.059319568483587659
-0.017000000000000001 -0.0235 0.092386086343735116
-0.016500000000000001 -0.0235 0.14138955863926073
-0.016 -0.0235 0.21257425790539061
-0.0155 -0.0235 0.31390276198053069
-0.015000000000000001 -0.0235 0.4552071974432671
-0.014500000000000001 -0.0235 0.64822045930121164
-0.014 -0.0235 0.90644250090953593
-0.0135 -0.0235 1.2448107077681088
-0.012999999999999999 -0.0235 1.6791707872919375
-0.012500000000000001 -0.0235 2.2255847753265643
-0.012 -0.0235 2.8995608687043397
-0.0115 -0.0235 3.7153363873639722
-0.010999999999999999 -0.0235 4.6853767673671332
-0.010499999999999999 -0.0235 5.8202547661082624
-0.010000000000000002 -0.0235 7.129031630726919
-0.0095000000000000015 -0.0235 8.6201691942028731
-0.0090000000000000011 -0.0235 10.302863575327891
-0.0085000000000000006 -0.0235 12.18852687008326
-0.0080000000000000002 -0.0235 14.291987007897225
-0.0074999999999999997 -0.0235 16.631872007647218
-0.0069999999999999993 -0.0235 19.229638563400115
-0.0064999999999999988 -0.0235 22.106830495279318
-0.0059999999999999984 -0.0235 25.280420478608114
-0.0054999999999999979 -0.0235 28.756475296185705
-0.005000000000000001 -0.0235 32.522830683599892
-0.0044999999999999971 -0.0235 36.541876533512706
-0.0040000000000000001 -0.0235 40.744832851157405
-0.0035000000000000031 -0.0235 45.028947403670848
-0.0029999999999999992 -0.0235 49.258809375222015
-0.0025000000000000022 -0.0235 53.272448617178277
-0.0019999999999999983 -0.0235 56.892143395283483
-0.0015000000000000013 -0.0235 59.939017878760126
-0.00099999999999999742 -0.0235 62.249739045720553
-0.00050000000000000044 -0.0235 63.693088953441695
0 -0.0235 64.184023136342105
0.00050000000000000044 -0.0235 63.693088947477044
0.0010000000000000009 -0.0235 62.249739032735157
0.0015000000000000013 -0.0235 59.939017856558316
0.0020000000000000018 -0.0235 56.89214336037076
0.0024999999999999988 -0.0235 53.272448564542607
0.0030000000000000027 -0.0235 49.258809298081424
0.0034999999999999996 -0.0235 45.028947293225059
0.0040000000000000036 -0.0235 40.744832696390887
0.0045000000000000005 -0.0235 36.541876321108582
0.0049999999999999975 -0.0235 32.522830398025846
0.0055000000000000014 -0.0235 28.756474920013691
0.0059999999999999984 -0.0235 25.280419993116777
0.0064999999999999988 -0.0235 22.106829881361993
0.0069999999999999993 -0.0235 19.229637802769538
0.0074999999999999997 -0.0235 16.631871084280885
0.0080000000000000002 -0.0235 14.291985909622642
0.0085000000000000006 -0.0235 12.18852559015796
0.0090000000000000011 -0.0235 10.302862113840289
0.0095000000000000015 -0.0235 8.6201675591097882
0.010000000000000002 -0.0235 7.1290298383610251
0.010500000000000002 -0.0235 5.8202528410330236
0.011000000000000003 -0.0235 4.6853747415250373
0.011500000000000003 -0.0235 3.715334298547333
0.012000000000000004 -0.0235 2.899558758464126
0.012499999999999997 -0.0235 2.2255826865099322
0.013000000000000005 -0.0235 1.6791687614498445
0.013499999999999998 -0.0235 1.2448087826928735
0.014000000000000005 -0.0235 0.90644070854363112
0.014499999999999999 -0.0235 0.64821882420811194
0.014999999999999999 -0.0235 0.45520573595562902
0.0155 -0.0235 0.31390148205514229
0.016000000000000007 -0.0235 0.21257315963061502
0.016500000000000001 -0.0235 0.14138863527255505
0.017000000000000001 -0.0235 0.092385325712317001
0.017500000000000002 -0.0235 0.059318954564471053
0.017999999999999995 -0.0235 0.03743967847082031
0.018500000000000003 -0.0235 0.023237507858425346
0.019000000000000003 -0.0235 0.014189216254225308
0.019500000000000003 -0.0235 0.0085280460331735395
0.019999999999999997 -0.0235 0.0050476249042055998
0.020499999999999997 -0.0235 0.0029437573100982522
0.021000000000000005 -0.0235 0.0016924824563217639
0.021500000000000005 -0.0235 0.00095978295722317806
0.021999999999999999 -0.0235 0.00053709047938012191
0.022499999999999999 -0.0235 0.00029669856504052232
0.023000000000000007 -0.0235 0.00016184698754967894
0.023500000000000007 -0.0235 8.7195568733991781e-05
0.024 -0.0235 4.6399251554622219e-05
0.024500000000000001 -0.0235 2.4385143798961695e-05
0.025000000000000001 -0.0235 1.2654792050163793e-05
-0.025000000000000001 -0.023 2.4044826032222965e-05
-0.024500000000000001 -0.023 4.59868282967332e-05
-0.024 -0.023 8.682222864812275e-05
-0.0235 -0.023 0.00016186210396944615
-0.023 -0.023 0.0002980292275011143
-0.022500000000000003 -0.023 0.00054200237262593573
-0.022000000000000002 -0.023 0.00097352325991243002
-0.021500000000000002 -0.023 0.001726693410487972
-0.021000000000000001 -0.023 0.0030232965503682865
-0.020500000000000001 -0.023 0.00522366688625381
-0.02 -0.023 0.0089022810610098219
-0.0195 -0.023 0.014956837629492662
-0.019 -0.023 0.024760666305444975
-0.018500000000000003 -0.023 0.040368220878640393
-0.018000000000000002 -0.023 0.064781290903236505
-0.017500000000000002 -0.023 0.10227845324662989
-0.017000000000000001 -0.023 0.15880132985500306
-0.016500000000000001 -0.023 0.24237804534855942
-0.016 -0.023 0.36354742662618844
-0.0155 -0.023 0.53572887088797716
-0.015000000000000001 -0.023 0.77546602881401472
-0.014500000000000001 -0.023 1.1024627463159176
-0.014 -0.023 1.5393333432211707
-0.0135 -0.023 2.1110122363243029
-0.012999999999999999 -0.023 2.8438137899285598
-0.012500000000000001 -0.023 3.764201088862793
-0.012 -0.023 4.8974042910454321
-0.0115 -0.023 6.266109747422564
-0.010999999999999999 -0.023 7.8894977618684683
-0.010499999999999999 -0.023 9.7829140304725772
-0.010000000000000002 -0.023 11.958394729528498
-0.0095000000000000015 -0.023 14.426116123677781
-0.0090000000000000011 -0.023 17.196613485565983
-0.0085000000000000006 -0.023 20.283342231942836
-0.0080000000000000002 -0.023 23.704891815375031
-0.0074999999999999997 -0.023 27.485982384638945
-0.0069999999999999993 -0.023 31.656350263600135
-0.0064999999999999988 -0.023 36.246818048328237
-0.0059999999999999984 -0.023 41.28226716930957
-0.0054999999999999979 -0.023 46.771849087647183
-0.005000000000000001 -0.023 52.697490262772916
-0.0044999999999999971 -0.023 59.002420734682659
-0.0040000000000000001 -0.023 65.581918739970007
-0.0035000000000000031 -0.023 72.278561747492574
-0.0029999999999999992 -0.023 78.883912509459989
-0.0025000000000000022 -0.023 85.147743794833573
-0.0019999999999999983 -0.023 90.794721783709392
-0.0015000000000000013 -0.023 95.547128020898072
-0.00099999999999999742 -0.023 99.150967190302254
-0.00050000000000000044 -0.023 101.40195139810665
0 -0.023 102.16758078538957
0.00050000000000000044 -0.023 101.40195138269945
0.0010000000000000009 -0.023 99.150967156759947
0.0015000000000000013 -0.023 95.547127963549173
0.0020000000000000018 -0.023 90.794721693527251
0.0024999999999999988 -0.023 85.147743658871789
0.0030000000000000027 -0.023 78.883912310200273
0.0034999999999999996 -0.023 72.278561462203015
0.0040000000000000036 -0.023 65.581918340196992
0.0045000000000000005 -0.023 59.002420186027493
0.0049999999999999975 -0.023 52.69748952511442
0.0055000000000000014 -0.023 46.771848115967721
0.0059999999999999984 -0.023 41.282265915250228
0.0064999999999999988 -0.023 36.246816462535321
0.0069999999999999993 -0.023 31.656348298836182
0.0074999999999999997 -0.023 27.485979999516761
0.0080000000000000002 -0.023 23.7048889784521
0.0085000000000000006 -0.023 20.283338925802955
0.0090000000000000011 -0.023 17.196609710437503
0.0095000000000000015 -0.023 14.426111900113764
0.010000000000000002 -0.023 11.958390099717404
0.010500000000000002 -0.023 9.7829090578636233
0.011000000000000003 -0.023 7.8894925289714255
0.011500000000000003 -0.023 6.26610435185769
0.012000000000000004 -0.023 4.8973988401419142
0.012499999999999997 -0.023 3.764195693297927
0.013000000000000005 -0.023 2.8438085570315139
0.013499999999999998 -0.023 2.1110072637153512
0.014000000000000005 -0.023 1.5393287134100515
0.014499999999999999 -0.023 1.1024585227518537
0.014999999999999999 -0.023 0.77546225368544996
0.0155 -0.023 0.53572556474787125
0.016000000000000007 -0.023 0.36354458970279113
0.016500000000000001 -0.023 0.24237566022539159
0.017000000000000001 -0.023 0.15879936508888443
0.017500000000000002 -0.023 0.102276867449027
0.017999999999999995 -0.023 0.064780036834038712
0.018500000000000003 -0.023 0.040367249178887121
0.019000000000000003 -0.023 0.024759928605873501
0.019500000000000003 -0.023 0.0149562888930328
0.019999999999999997 -0.023 0.008901881130119171
0.020499999999999997 -0.023 0.0052233812962969141
0.021000000000000005 -0.023 0.0030230967309184762
0.021500000000000005 -0.023 0.0017265564266171754
0.021999999999999999 -0.023 0.00097343124929256497
0.022499999999999999 -0.023 0.00054194181855764093
0.023000000000000007 -0.023 0.00029799018069252495
0.023500000000000007 -0.023 0.00016183743422742771
0.024 -0.023 8.6806957189505658e-05
0.024500000000000001 -0.023 4.5977565688863581e-05
0.025000000000000001 -0.023 2.4039321468735788e-05
-0.025000000000000001 -0.022500000000000003 4.5074926802825317e-05
-0.024500000000000001 -0.022500000000000003 8.5598945936124517e-05
-0.024 -0.022500000000000003 0.00016040427398610358
-0.0235 -0.022500000000000003 0.00029672200769174033
-0.023 -0.022500000000000003 0.00054200237262593529
-0.022500000000000003 -0.022500000000000003 0.00097780689373032185
-0.022000000000000002 -0.022500000000000003 0.0017423484084992168
-0.021500000000000002 -0.022500000000000003 0.0030663480230206938
-0.021000000000000001 -0.022500000000000003 0.0053288541738716975
-0.020500000000000001 -0.022500000000000003 0.009142093209818198
-0.02 -0.022500000000000003 0.015477123016907263
-0.0195 -0.022500000000000003 0.025844639608492027
-0.019 -0.022500000000000003 0.042547023540057571
-0.018500000000000003 -0.022500000000000003 0.069017521825836162
-0.018000000000000002 -0.022500000000000003 0.11025891413353306
-0.017500000000000002 -0.022500000000000003 0.17338550847761994
-0.017000000000000001 -0.022500000000000003 0.26825743765189813
-0.016500000000000001 -0.022500000000000003 0.40817433079056908
-0.016 -0.022500000000000003 0.61056736507679166
-0.0155 -0.022500000000000003 0.8975975772422542
-0.015000000000000001 -0.022500000000000003 1.2965400430362723
-0.014500000000000001 -0.022500000000000003 1.8398167639105898
-0.014 -0.022500000000000003 2.5645462291787
-0.0135 -0.022500000000000003 3.5115146305577842
-0.012999999999999999 -0.022500000000000003 4.7235488916315207
-0.012500000000000001 -0.022500000000000003 6.2433837658560813
-0.012 -0.022500000000000003 8.1112519060873058
-0.0115 -0.022500000000000003 10.362561845451346
-0.010999999999999999 -0.022500000000000003 13.026127728712307
-0.010499999999999999 -0.022500000000000003 16.123434242467649
-0.010000000000000002 -0.022500000000000003 19.669322765521997
-0.0095000000000000015 -0.022500000000000003 23.674249904622073
-0.0090000000000000011 -0.022500000000000003 28.14790715417563
-0.0085000000000000006 -0.022500000000000003 33.103549264179534
-0.0080000000000000002 -0.022500000000000003 38.561947106878137
-0.0074999999999999997 -0.022500000000000003 44.55357443886038
-0.0069999999999999993 -0.022500000000000003 51.117577682020169
-0.0064999999999999988 -0.022500000000000003 58.296357116623604
-0.0059999999999999984 -0.022500000000000003 66.125239131124232
-0.0054999999999999979 -0.022500000000000003 74.617688020500808
-0.005000000000000001 -0.022500000000000003 83.747642783915836
-0.0044999999999999971 -0.022500000000000003 93.431640981102163
-0.0040000000000000001 -0.022500000000000003 103.51414210284557
-0.0035000000000000031 -0.022500000000000003 113.75964452641355
-0.0029999999999999992 -0.022500000000000003 123.85465014579877
-0.0025000000000000022 -0.022500000000000003 133.42126072833705
-0.0019999999999999983 -0.022500000000000003 142.04235134612784
-0.0015000000000000013 -0.022500000000000003 149.29617494198192
-0.00099999999999999742 -0.022500000000000003 154.79632165122524
-0.00050000000000000044 -0.022500000000000003 158.23160860682268
0 -0.022500000000000003 159.4000403227254
0.00050000000000000044 -0.022500000000000003 158.23160856782877
0.0010000000000000009 -0.022500000000000003 154.79632156633338
0.0015000000000000013 -0.022500000000000003 149.29617479683799
0.0020000000000000018 -0.022500000000000003 142.04235111788685
0.0024999999999999988 -0.022500000000000003 133.42126038423277
0.0030000000000000027 -0.022500000000000003 123.85464964149425
0.0034999999999999996 -0.022500000000000003 113.75964380437688
0.0040000000000000036 -0.022500000000000003 103.51414109106365
0.0045000000000000005 -0.022500000000000003 93.431639592515779
0.0049999999999999975 -0.022500000000000003 83.747640916982604
0.0055000000000000014 -0.022500000000000003 74.617685561285924
0.0059999999999999984 -0.022500000000000003 66.125235957236683
0.0064999999999999988 -0.022500000000000003 58.296353103154502
0.0069999999999999993 -0.022500000000000003 51.117572709416734
0.0074999999999999997 -0.022500000000000003 44.553568402376023
0.0080000000000000002 -0.022500000000000003 38.561939926935317
0.0085000000000000006 -0.022500000000000003 33.103540896699698
0.0090000000000000011 -0.022500000000000003 28.147897599736805
0.0095000000000000015 -0.022500000000000003 23.674239215241748
0.010000000000000002 -0.022500000000000003 19.669311047974592
0.010500000000000002 -0.022500000000000003 16.123421657336227
0.011000000000000003 -0.022500000000000003 13.0261144848201
0.011500000000000003 -0.022500000000000003 10.362548189864581
0.012000000000000004 -0.022500000000000003 8.1112381104444626
0.012499999999999997 -0.022500000000000003 6.2433701102693284
0.013000000000000005 -0.022500000000000003 4.7235356477393129
0.013499999999999998 -0.022500000000000003 3.511502045426365
0.014000000000000005 -0.022500000000000003 2.5645345116312419
0.014499999999999999 -0.022500000000000003 1.8398060745301654
0.014999999999999999 -0.022500000000000003 1.2965304885972313
0.0155 -0.022500000000000003 0.89758920976189926
0.016000000000000007 -0.022500000000000003 0.61056018513280019
0.016500000000000001 -0.022500000000000003 0.4081682943037262
0.017000000000000001 -0.022500000000000003 0.26825246504294287
0.017500000000000002 -0.022500000000000003 0.17338149499668293
0.017999999999999995 -0.022500000000000003 0.11025574022104212
0.018500000000000003 -0.022500000000000003 0.069015062559641779
0.019000000000000003 -0.022500000000000003 0.042545156502825726
0.019500000000000003 -0.022500000000000003 0.025843250816305115
0.019999999999999997 -0.022500000000000003 0.015476110835401459
0.020499999999999997 -0.022500000000000003 0.0091413704127565366
0.021000000000000005 -0.022500000000000003 0.0053283484526175104
0.021500000000000005 -0.022500000000000003 0.0030660013317701392
0.021999999999999999 -0.022500000000000003 0.0017421155396462511
0.022499999999999999 -0.022500000000000003 0.00097765363798172408
0.023000000000000007 -0.022500000000000003 0.00054190354940812657
0.023500000000000007 -0.022500000000000003 0.000296659571262826
0.024 -0.022500000000000003 0.00016036562358839581
0.024500000000000001 -0.022500000000000003 8.5575503284904644e-05
0.025000000000000001 -0.022500000000000003 4.5060995352442963e-05
-0.025000000000000001 -0.022000000000000002 8.3342714142674591e-05
-0.024500000000000001 -0.022000000000000002 0.00015722623456904363
-0.024 -0.022000000000000002 0.00029254539148367546
-0.0235 -0.022000000000000002 0.0005371260999904368
-0.023 -0.022000000000000002 0.00097352325991242525
-0.022500000000000003 -0.022000000000000002 0.0017423484084992118
-0.022000000000000002 -0.022000000000000002 0.0030798205538567465
-0.021500000000000002 -0.022000000000000002 0.0053770915964355221
-0.021000000000000001 -0.022000000000000002 0.0092720560055675697
-0.020500000000000001 -0.022000000000000002 0.0157882222932345
-0.02 -0.022000000000000002 0.026539527471401557
-0.0195 -0.022000000000000002 0.044024070120075878
-0.019 -0.022000000000000002 0.072032468696385313
-0.018500000000000003 -0.022000000000000002 0.11619616806776153
-0.018000000000000002 -0.022000000000000002 0.18469521166983621
-0.017500000000000002 -0.022000000000000002 0.28913117095626245
-0.017000000000000001 -0.022000000000000002 0.44554676562416295
-0.016500000000000001 -0.022000000000000002 0.6755381154946305
-0.016 -0.022000000000000002 1.0073598466040101
-0.0155 -0.022000000000000002 1.4768723941029582
-0.015000000000000001 -0.022000000000000002 2.1281342973540314
-0.014500000000000001 -0.022000000000000002 3.0134140399020772
-0.014 -0.022000000000000002 4.1924029402567715
-0.0135 -0.022000000000000002 5.7304691165770256
-0.012999999999999999 -0.022000000000000002 7.6959132266756738
-0.012500000000000001 -0.022000000000000002 10.156368084796746
-0.012 -0.022000000000000002 13.174707198724386
-0.0115 -0.022000000000000002 16.805051906262246
-0.010999999999999999 -0.022000000000000002 21.089634789954378
-0.010499999999999999 -0.022000000000000002 26.057320591807166
-0.010000000000000002 -0.022000000000000002 31.72444351702908
-0.0095000000000000015 -0.022000000000000002 38.098257197034677
-0.0090000000000000011 -0.022000000000000002 45.182723904410736
-0.0085000000000000006 -0.022000000000000002 52.985667859710915
-0.0080000000000000002 -0.022000000000000002 61.525621160576243
-0.0074999999999999997 -0.022000000000000002 70.836182584478138
-0.0069999999999999993 -0.022000000000000002 80.965580524403904
-0.0064999999999999988 -0.022000000000000002 91.969531331757423
-0.0059999999999999984 -0.022000000000000002 103.89646852937916
-0.0054999999999999979 -0.022000000000000002 116.76570650080407
-0.005000000000000001 -0.022000000000000002 130.54086533370159
-0.0044999999999999971 -0.022000000000000002 145.10256832438378
-0.0040000000000000001 -0.022000000000000002 160.22561731248487
-0.0035000000000000031 -0.022000000000000002 175.56617505428525
-0.0029999999999999992 -0.022000000000000002 190.66369752827646
-0.0025000000000000022 -0.022000000000000002 204.96044431900586
-0.0019999999999999983 -0.022000000000000002 217.83859648567648
-0.0015000000000000013 -0.022000000000000002 228.67181249494942
-0.00099999999999999742 -0.022000000000000002 236.88508901257131
-0.00050000000000000044 -0.022000000000000002 242.01471365118681
0 -0.022000000000000002 243.75940961584166
0.00050000000000000044 -0.022000000000000002 242.01471355449146
0.0010000000000000009 -0.022000000000000002 236.88508880205987
0.0015000000000000013 -0.022000000000000002 228.67181213502681
0.0020000000000000018 -0.022000000000000002 217.83859591969284
0.0024999999999999988 -0.022000000000000002 204.96044346570855
0.0030000000000000027 -0.022000000000000002 190.66369627772045
0.0034999999999999996 -0.022000000000000002 175.5661732638047
0.0040000000000000036 -0.022000000000000002 160.22561480350512
0.0045000000000000005 -0.022000000000000002 145.10256488101797
0.0049999999999999975 -0.022000000000000002 130.54086070414834
0.0055000000000000014 -0.022000000000000002 116.76570040253236
0.0059999999999999984 -0.022000000000000002 103.89646065888797
0.0064999999999999988 -0.022000000000000002 91.969521379302435
0.0069999999999999993 -0.022000000000000002 80.965568193522529
0.0074999999999999997 -0.022000000000000002 70.836167615423548
0.0080000000000000002 -0.022000000000000002 61.525603356014777
0.0085000000000000006 -0.022000000000000002 52.98564711033832
0.0090000000000000011 -0.022000000000000002 45.182700211660354
0.0095000000000000015 -0.022000000000000002 38.098230689897562
0.010000000000000002 -0.022000000000000002 31.724414460280627
0.010500000000000002 -0.022000000000000002 26.057289383655373
0.011000000000000003 -0.022000000000000002 21.089601948231525
0.011500000000000003 -0.022000000000000002 16.805018043634146
0.012000000000000004 -0.022000000000000002 13.1746729887903
0.012499999999999997 -0.022000000000000002 10.156334222168686
0.013000000000000005 -0.022000000000000002 7.6958803849528064
0.013499999999999998 -0.022000000000000002 5.7304379084252073
0.014000000000000005 -0.022000000000000002 4.1923738835081759
0.014499999999999999 -0.022000000000000002 3.0133875327647242
0.014999999999999999 -0.022000000000000002 2.1281106046031151
0.0155 -0.022000000000000002 1.4768516447290811
0.016000000000000007 -0.022000000000000002 1.0073420420396793
0.016500000000000001 -0.022000000000000002 0.67552314643380429
0.017000000000000001 -0.022000000000000002 0.44553443472908028
0.017500000000000002 -0.022000000000000002 0.28912121847200484
0.017999999999999995 -0.022000000000000002 0.18468734111691754
0.018500000000000003 -0.022000000000000002 0.11619006966877303
0.019000000000000003 -0.022000000000000002 0.072027838885268702
0.019500000000000003 -0.022000000000000002 0.04402062624365196
0.019999999999999997 -0.022000000000000002 0.026537017500465793
0.020499999999999997 -0.022000000000000002 0.01578642992733301
0.021000000000000005 -0.022000000000000002 0.0092708019363693002
0.021500000000000005 -0.022000000000000002 0.0053762318840642424
0.021999999999999999 -0.022000000000000002 0.0030792430941329733
0.022499999999999999 -0.022000000000000002 0.0017419683704600914
0.023000000000000007 -0.022000000000000002 0.00097327820168616652
0.023500000000000007 -0.022000000000000002 0.00053697127240170972
0.024 -0.022000000000000002 0.00029244954763122251
0.024500000000000001 -0.022000000000000002 0.00015716810233398629
0.025000000000000001 -0.022000000000000002 8.3308167438007248e-05
-0.025000000000000001 -0.021500000000000002 0.00015191398025006384
-0.024500000000000001 -0.021500000000000002 0.00028484136313242249
-0.024 -0.021500000000000002 0.0005264950727356313
-0.0235 -0.021500000000000002 0.00095983598859160411
-0.023 -0.021500000000000002 0.0017266934104879664
-0.022500000000000003 -0.021500000000000002 0.0030663480230206899
-0.022000000000000002 -0.021500000000000002 0.0053770915964355308
-0.021500000000000002 -0.021500000000000002 0.009312722719095376
-0.021000000000000001 -0.021500000000000002 0.015930868321186044
-0.020500000000000001 -0.021500000000000002 0.026916046730551212
-0.02 -0.021500000000000002 0.044907079697164606
-0.0195 -0.021500000000000002 0.073964806751297241
-0.019 -0.021500000000000002 0.12022024239946039
-0.018500000000000003 -0.021500000000000002 0.19274258741211606
-0.018000000000000002 -0.021500000000000002 0.30465721477241242
-0.017500000000000002 -0.021500000000000002 0.47452177555826613
-0.017000000000000001 -0.021500000000000002 0.72793021105373223
-0.016500000000000001 -0.021500000000000002 1.0992578958117734
-0.016 -0.021500000000000002 1.6333883354635577
-0.0155 -0.021500000000000002 2.3871805355968996
-0.015000000000000001 -0.021500000000000002 3.4303612681708859
-0.014500000000000001 -0.021500000000000002 4.845480078974358
-0.014 -0.021500000000000002 6.7265738658527692
-0.0135 -0.021500000000000002 9.1762784744368613
-0.012999999999999999 -0.021500000000000002 12.301314421042745
-0.012500000000000001 -0.021500000000000002 16.206561226337399
-0.012 -0.021500000000000002 20.988290754708757
-0.0115 -0.021500000000000002 26.727492589375835
-0.010999999999999999 -0.021500000000000002 33.484502555365552
-0.010499999999999999 -0.021500000000000002 41.29623211474366
-0.010000000000000002 -0.021500000000000002 50.177093625605899
-0.0095000000000000015 -0.021500000000000002 60.12416769891756
-0.0090000000000000011 -0.021500000000000002 71.126280971043641
-0.0085000000000000006 -0.021500000000000002 83.175568324745527
-0.0080000000000000002 -0.021500000000000002 96.278993430260599
-0.0074999999999999997 -0.021500000000000002 110.4664771642647
-0.0069999999999999993 -0.021500000000000002 125.79203212530435
-0.0064999999999999988 -0.021500000000000002 142.32485832450686
-0.0059999999999999984 -0.021500000000000002 160.12881167666629
-0.0054999999999999979 -0.021500000000000002 179.23089760664374
-0.005000000000000001 -0.021500000000000002 199.58212300553825
-0.0044999999999999971 -0.021500000000000002 221.01662560371821
-0.0040000000000000001 -0.021500000000000002 243.21686164110227
-0.0035000000000000031 -0.021500000000000002 265.69319139825109
-0.0029999999999999992 -0.021500000000000002 287.78508575796127
-0.0025000000000000022 -0.021500000000000002 308.68835026978087
-0.0019999999999999983 -0.021500000000000002 327.50858882505844
-0.0015000000000000013 -0.021500000000000002 343.33633318344368
-0.00099999999999999742 -0.021500000000000002 355.33480376679057
-0.00050000000000000044 -0.021500000000000002 362.82812079400321
0 -0.021500000000000002 365.37672178535649
0.00050000000000000044 -0.021500000000000002 362.82812055906538
0.0010000000000000009 -0.021500000000000002 355.33480325531713
0.0015000000000000013 -0.021500000000000002 343.33633230895123
0.0020000000000000018 -0.021500000000000002 327.50858744990541
0.0024999999999999988 -0.021500000000000002 308.68834819655058
0.0030000000000000027 -0.021500000000000002 287.78508271952427
0.0034999999999999996 -0.021500000000000002 265.69318704797598
0.0040000000000000036 -0.021500000000000002 243.21685554511154
0.0045000000000000005 -0.021500000000000002 221.0166172374783
0.0049999999999999975 -0.021500000000000002 199.58211175725523
0.0055000000000000014 -0.021500000000000002 179.23088278986125
0.0059999999999999984 -0.021500000000000002 160.12879255397667
0.0064999999999999988 -0.021500000000000002 142.32483414333396
0.0069999999999999993 -0.021500000000000002 125.79200216534186
0.0074999999999999997 -0.021500000000000002 110.46644079441418
0.0080000000000000002 -0.021500000000000002 96.278950171066398
0.0085000000000000006 -0.021500000000000002 83.175517910634611
0.0090000000000000011 -0.021500000000000002 71.126223405498536
0.0095000000000000015 -0.021500000000000002 60.124103295343787
0.010000000000000002 -0.021500000000000002 50.17702302732004
0.010500000000000002 -0.021500000000000002 41.296156289259521
0.011000000000000003 -0.021500000000000002 33.484422760844183
0.011500000000000003 -0.021500000000000002 26.727410314392504
0.012000000000000004 -0.021500000000000002 20.988207635886763
0.012499999999999997 -0.021500000000000002 16.2064789513541
0.013000000000000005 -0.021500000000000002 12.301234626521357
0.013499999999999998 -0.021500000000000002 9.1762026489526853
0.014000000000000005 -0.021500000000000002 6.7265032675666649
0.014499999999999999 -0.021500000000000002 4.8454156754000737
0.014999999999999999 -0.021500000000000002 3.4303037026245464
0.0155 -0.021500000000000002 2.3871301214829925
0.016000000000000007 -0.021500000000000002 1.6333450762626074
0.016500000000000001 -0.021500000000000002 1.0992215259462501
0.017000000000000001 -0.021500000000000002 0.72790025105817224
0.017500000000000002 -0.021500000000000002 0.47449759431414795
0.017999999999999995 -0.021500000000000002 0.30463809193267266
0.018500000000000003 -0.021500000000000002 0.1927277703201378
0.019000000000000003 -0.021500000000000002 0.12020899349014974
0.019500000000000003 -0.021500000000000002 0.073956439270941254
0.019999999999999997 -0.021500000000000002 0.044900981298176511
0.020499999999999997 -0.021500000000000002 0.026911691874387588
0.021000000000000005 -0.021500000000000002 0.015927821347924032
0.021500000000000005 -0.021500000000000002 0.0093106339024559906
0.021999999999999999 -0.021500000000000002 0.0053756885603505394
0.022499999999999999 -0.021500000000000002 0.0030654246563154592
0.023000000000000007 -0.021500000000000002 0.001726098000071971
0.023500000000000007 -0.021500000000000002 0.00095945980877336378
0.024 -0.021500000000000002 0.00052626220388265793
0.024500000000000001 -0.021500000000000002 0.00028470012103340279
0.025000000000000001 -0.021500000000000002 0.00015183004318697617
-0.025000000000000001 -0.021000000000000001 0.00027283029044780334
-0.024500000000000001 -0.021000000000000001 0.0005087230682443185
-0.024 -0.021000000000000001 0.00093458642698485291
-0.0235 -0.021000000000000001 0.001692559813596023
-0.023 -0.021000000000000001 0.0030232965503682826
-0.022500000000000003 -0.021000000000000001 0.0053288541738716905
-0.022000000000000002 -0.021000000000000001 0.0092720560055676044
-0.021500000000000002 -0.021000000000000001 0.015930868321186047
-0.021000000000000001 -0.021000000000000001 0.027033850131282209
-0.020500000000000001 -0.021000000000000001 0.045311892141469717
-0.02 -0.021000000000000001 0.075011609890610204
-0.0195 -0.021000000000000001 0.12262534563544528
-0.019 -0.021000000000000001 0.19789898440118819
-0.018500000000000003 -0.021000000000000001 0.31517746100729432
-0.018000000000000002 -0.021000000000000001 0.49513330038437059
-0.017500000000000002 -0.021000000000000001 0.76688939689104529
-0.017000000000000001 -0.021000000000000001 1.1704877122151873
-0.016500000000000001 -0.021000000000000001 1.7595677200829227
-0.016 -0.021000000000000001 2.6040051148709238
-0.0155 -0.021000000000000001 3.7921343042377686
-0.015000000000000001 -0.021000000000000001 5.4320604686904312
-0.014500000000000001 -0.021000000000000001 7.6514926632668887
-0.014 -0.021000000000000001 10.595540361483243
-0.0135 -0.021000000000000001 14.422053227053546
-0.012999999999999999 -0.021000000000000001 19.29437570501684
-0.012500000000000001 -0.021000000000000001 25.371833608951039
-0.012 -0.021000000000000001 32.798825810027608
-0.0115 -0.021000000000000001 41.693966474909651
-0.010999999999999999 -0.021000000000000001 52.141172109591182
-0.010499999999999999 -0.021000000000000001 64.184747816379726
-0.010000000000000002 -0.021000000000000001 77.830245911645704
-0.0095000000000000015 -0.021000000000000001 93.052056202049485
-0.0090000000000000011 -0.021000000000000001 109.80736090121894
-0.0085000000000000006 -0.021000000000000001 128.05441459316683
-0.0080000000000000002 -0.021000000000000001 147.77140668377541
-0.0074999999999999997 -0.021000000000000001 168.97085665163513
-0.0069999999999999993 -0.021000000000000001 191.70403373333176
-0.0064999999999999988 -0.021000000000000001 216.0506447374689
-0.0059999999999999984 -0.021000000000000001 242.09114452319059
-0.0054999999999999979 -0.021000000000000001 269.86233088922398
-0.005000000000000001 -0.021000000000000001 299.30088305186518
-0.0044999999999999971 -0.021000000000000001 330.18339496024271
-0.0040000000000000001 -0.021000000000000001 362.07430198961919
-0.0035000000000000031 -0.021000000000000001 394.29403296806561
-0.0029999999999999992 -0.021000000000000001 425.91817538246568
-0.0025000000000000022 -0.021000000000000001 455.81435562805507
-0.0019999999999999983 -0.021000000000000001 482.71743524649719
-0.0015000000000000013 -0.021000000000000001 505.33657638007418
-0.00099999999999999742 -0.021000000000000001 522.4811475039462
-0.00050000000000000044 -0.021000000000000001 533.18777304174864
0 -0.021000000000000001 536.82921760623492
0.00050000000000000044 -0.021000000000000001 533.18777248245874
0.0010000000000000009 -0.021000000000000001 522.48114628633948
0.0015000000000000013 -0.021000000000000001 505.33657429826917
0.0020000000000000018 -0.021000000000000001 482.71743197282643
0.0024999999999999988 -0.021000000000000001 455.81435069255087
0.0030000000000000027 -0.021000000000000001 425.91816814920344
0.0034999999999999996 -0.021000000000000001 394.29402261185857
0.0040000000000000036 -0.021000000000000001 362.07428747758564
0.0045000000000000005 -0.021000000000000001 330.18337504368435
0.0049999999999999975 -0.021000000000000001 299.30085627435324
0.0055000000000000014 -0.021000000000000001 269.86229561659002
0.0059999999999999984 -0.021000000000000001 242.09109899997139
0.0064999999999999988 -0.021000000000000001 216.05058717209215
0.0069999999999999993 -0.021000000000000001 191.70396241104581
0.0074999999999999997 -0.021000000000000001 168.97077007005572
0.0080000000000000002 -0.021000000000000001 147.77130370151627
0.0085000000000000006 -0.021000000000000001 128.05429457800855
0.0090000000000000011 -0.021000000000000001 109.80722386145236
0.0095000000000000015 -0.021000000000000001 93.051902883763191
0.010000000000000002 -0.021000000000000001 77.83007784631063
0.010500000000000002 -0.021000000000000001 64.184567307246382
0.011000000000000003 -0.021000000000000001 52.14098215182085
0.011500000000000003 -0.021000000000000001 41.693770612184672
0.012000000000000004 -0.021000000000000001 32.798627938471661
0.012499999999999997 -0.021000000000000001 25.371637746226153
0.013000000000000005 -0.021000000000000001 19.294185747246473
0.013499999999999998 -0.021000000000000001 14.421872717920012
0.014000000000000005 -0.021000000000000001 10.595372296147566
0.014499999999999999 -0.021000000000000001 7.6513393449792853
0.014999999999999999 -0.021000000000000001 5.4319234289206992
0.0155 -0.021000000000000001 3.7920142890724451
0.016000000000000007 -0.021000000000000001 2.6039021325957035
0.016500000000000001 -0.021000000000000001 1.7594811384674767
0.017000000000000001 -0.021000000000000001 1.1704163898504447
0.017500000000000002 -0.021000000000000001 0.76683183134470068
0.017999999999999995 -0.021000000000000001 0.495087776807837
0.018500000000000003 -0.021000000000000001 0.31514218763629626
0.019000000000000003 -0.021000000000000001 0.19787220539812767
0.019500000000000003 -0.021000000000000001 0.12260542612361776
0.019999999999999997 -0.021000000000000001 0.074997092123539735
0.020499999999999997 -0.021000000000000001 0.045301525029128806
0.021000000000000005 -0.021000000000000001 0.027026596547485286
0.021500000000000005 -0.021000000000000001 0.015925895712230433
0.021999999999999999 -0.021000000000000001 0.0092687159566280149
0.022499999999999999 -0.021000000000000001 0.0053266560194424085
0.023000000000000007 -0.021000000000000001 0.0030218791242950472
0.023500000000000007 -0.021000000000000001 0.0016916642849517938
0.024 -0.021000000000000001 0.00093403206250788039
0.024500000000000001 -0.021000000000000001 0.00050838682919237958
0.025000000000000001 -0.021000000000000001 0.00027263047099800172
-0.025000000000000001 -0.020500000000000001 0.00048252242862335896
-0.024500000000000001 -0.020500000000000001 0.00089521669012532408
-0.024 -0.020500000000000001 0.0016354917533021177
-0.0235 -0.020500000000000001 0.0029438678722113996
-0.023 -0.020500000000000001 0.0052236668862538013
-0.022500000000000003 -0.020500000000000001 0.0091420932098181858
-0.022000000000000002 -0.020500000000000001 0.015788222293234528
-0.021500000000000002 -0.020500000000000001 0.026916046730551153
-0.021000000000000001 -0.020500000000000001 0.045311892141469641
-0.020500000000000001 -0.020500000000000001 0.075339083491675715
-0.02 -0.020500000000000001 0.12372773583242914
-0.0195 -0.020500000000000001 0.20069165296072078
-0.019 -0.020500000000000001 0.32146338607879549
-0.018500000000000003 -0.020500000000000001 0.50833616749137112
-0.018000000000000002 -0.020500000000000001 0.79327921045098626
-0.017500000000000002 -0.020500000000000001 1.2211410593749108
-0.017000000000000001 -0.020500000000000001 1.8533654303888669
-0.016500000000000001 -0.020500000000000001 2.7720106650160092
-0.016 -0.020500000000000001 4.0836915885532132
-0.0155 -0.020500000000000001 5.9228687292418973
-0.015000000000000001 -0.020500000000000001 8.4537290061761965
-0.014500000000000001 -0.020500000000000001 11.869785834815149
-0.014 -0.020500000000000001 16.39033877877451
-0.0135 -0.020500000000000001 22.253136721606836
-0.012999999999999999 -0.020500000000000001 29.703027916366988
-0.012500000000000001 -0.020500000000000001 38.977056354112733
-0.012 -0.020500000000000001 50.287313410397893
-0.0115 -0.020500000000000001 63.803736888619511
-0.010999999999999999 -0.020500000000000001 79.63975620407065
-0.010499999999999999 -0.020500000000000001 97.843962710604274
-0.010000000000000002 -0.020500000000000001 118.40060460439612
-0.0095000000000000015 -0.020500000000000001 141.2405231277699
-0.0090000000000000011 -0.020500000000000001 166.2621827334367
-0.0085000000000000006 -0.020500000000000001 193.35994234209889
-0.0080000000000000002 -0.020500000000000001 222.45413249160492
-0.0074999999999999997 -0.020500000000000001 253.51547627121332
-0.0069999999999999993 -0.020500000000000001 286.57559648147048
-0.0064999999999999988 -0.020500000000000001 321.7163344099751
-0.0059999999999999984 -0.020500000000000001 359.03360087536453
-0.0054999999999999979 -0.020500000000000001 398.57626513114229
-0.005000000000000001 -0.020500000000000001 440.26643179845121
-0.0044999999999999971 -0.020500000000000001 483.81320088621311
-0.0040000000000000001 -0.020500000000000001 528.63627513363872
-0.0035000000000000031 -0.020500000000000001 573.81729317982536
-0.0029999999999999992 -0.020500000000000001 618.09468870440548
-0.0025000000000000022 -0.020500000000000001 659.91209290657082
-0.0019999999999999983 -0.020500000000000001 697.52156040937325
-0.0015000000000000013 -0.020500000000000001 729.1327469554235
-0.00099999999999999742 -0.020500000000000001 753.08964557108618
-0.00050000000000000044 -0.020500000000000001 768.04969851754743
0 -0.020500000000000001 773.13770252510187
0.00050000000000000044 -0.020500000000000001 768.04969721300631
0.0010000000000000009 -0.020500000000000001 753.08964273102322
0.0015000000000000013 -0.020500000000000001 729.13274209962231
0.0020000000000000018 -0.020500000000000001 697.52155277355064
0.0024999999999999988 -0.020500000000000001 659.91208139452851
0.0030000000000000027 -0.020500000000000001 618.09467183285346
0.0034999999999999996 -0.020500000000000001 573.81726902401795
0.0040000000000000036 -0.020500000000000001 528.63624128438403
0.0045000000000000005 -0.020500000000000001 483.81315443092836
0.0049999999999999975 -0.020500000000000001 440.2663693400217
0.0055000000000000014 -0.020500000000000001 398.57618285787839
0.0059999999999999984 -0.020500000000000001 359.03349469265476
0.0064999999999999988 -0.020500000000000001 321.71620013898604
0.0069999999999999993 -0.020500000000000001 286.57543012255115
0.0074999999999999997 -0.020500000000000001 253.51527432005852
0.0080000000000000002 -0.020500000000000001 222.45389228593669
0.0085000000000000006 -0.020500000000000001 193.35966240726805
0.0090000000000000011 -0.020500000000000001 166.26186308878124
0.0095000000000000015 -0.020500000000000001 141.24016551353867
0.010000000000000002 -0.020500000000000001 118.40021259273824
0.010500000000000002 -0.020500000000000001 97.843541673841401
0.011000000000000003 -0.020500000000000001 79.639313128403558
0.011500000000000003 -0.020500000000000001 63.803280039671627
0.012000000000000004 -0.020500000000000001 50.286851875860584
0.012499999999999997 -0.020500000000000001 38.97659950516497
0.013000000000000005 -0.020500000000000001 29.702584840699824
0.013499999999999998 -0.020500000000000001 22.252715684843672
0.014000000000000005 -0.020500000000000001 16.389946767115365
0.014499999999999999 -0.020500000000000001 11.869428220580994
0.014999999999999999 -0.020500000000000001 8.4534093615136481
0.0155 -0.020500000000000001 5.922588794394553
0.016000000000000007 -0.020500000000000001 4.0834513828474313
0.016500000000000001 -0.020500000000000001 2.7718087137772867
0.017000000000000001 -0.020500000000000001 1.8531990712855622
0.017500000000000002 -0.020500000000000001 1.221006787990258
0.017999999999999995 -0.020500000000000001 0.79317302690815339
0.018500000000000003 -0.020500000000000001 0.50825389250804809
0.019000000000000003 -0.020500000000000001 0.32140092417147553
0.019500000000000003 -0.020500000000000001 0.20064519078665025
0.019999999999999997 -0.020500000000000001 0.1236938732043389
0.020499999999999997 -0.020500000000000001 0.075314902247558421
0.021000000000000005 -0.020500000000000001 0.045294973189040966
0.021500000000000005 -0.020500000000000001 0.026904448141947028
0.021999999999999999 -0.020500000000000001 0.015780431643715554
0.022499999999999999 -0.020500000000000001 0.0091369660242419017
0.023000000000000007 -0.020500000000000001 0.0052203607461476891
0.023500000000000007 -0.020500000000000001 0.0029417790555720169
0.024 -0.020500000000000001 0.0016341987005882282
0.024500000000000001 -0.020500000000000001 0.00089443241400972496
0.025000000000000001 -0.020500000000000001 0.00048205635063209678
-0.025000000000000001 -0.02 0.00083993114177076346
-0.024500000000000001 -0.02 0.0015513493568943694
-0.024 -0.02 0.0028200054266437841
-0.0235 -0.02 0.0050477797317942863
-0.023 -0.02 0.0089022810610098028
-0.022500000000000003 -0.02 0.015477123016907263
-0.022000000000000002 -0.02 0.026539527471401519
-0.021500000000000002 -0.02 0.044907079697164544
-0.021000000000000001 -0.02 0.075011609890610106
-0.020500000000000001 -0.02 0.12372773583242906
-0.02 -0.02 0.2015651457020417
-0.0195 -0.02 0.32434387615137694
-0.019 -0.02 0.51548459172066685
-0.018500000000000003 -0.02 0.80904188320032167
-0.018000000000000002 -0.02 1.2535753980441871
-0.017500000000000002 -0.02 1.9168768389720798
-0.017000000000000001 -0.02 2.8914372728106157
-0.016500000000000001 -0.02 4.3003416162389998
-0.016 -0.02 6.3030211669638074
-0.0155 -0.02 9.1000060402018086
-0.015000000000000001 -0.02 12.935548014250955
-0.014500000000000001 -0.02 18.096807078687164
-0.014 -0.02 24.908306715289129
-0.0135 -0.02 33.720658791672513
-0.012999999999999999 -0.02 44.893206217028542
-0.012500000000000001 -0.02 58.771235082280818
-0.012 -0.02 75.659677795352707
-0.0115 -0.02 95.796561041185413
-0.010999999999999999 -0.02 119.33053809713275
-0.010499999999999999 -0.02 146.30731389264264
-0.010000000000000002 -0.02 176.6692738002273
-0.0095000000000000015 -0.02 210.27094330178679
-0.0090000000000000011 -0.02 246.91005524296554
-0.0085000000000000006 -0.02 286.37032339465696
-0.0080000000000000002 -0.02 328.46818544711425
-0.0074999999999999997 -0.02 373.09270477535517
-0.0069999999999999993 -0.02 420.2264982400867
-0.0064999999999999988 -0.02 469.93679633818658
-0.0059999999999999984 -0.02 522.32990319194107
-0.0054999999999999979 -0.02 577.4691098384767
-0.005000000000000001 -0.02 635.26449316217656
-0.0044999999999999971 -0.02 695.35134823460987
-0.0040000000000000001 -0.02 756.98027726306157
-0.0035000000000000031 -0.02 818.94434727770806
-0.0029999999999999992 -0.02 879.56601000199953
-0.0025000000000000022 -0.02 936.7584648222039
-0.0019999999999999983 -0.02 988.16388461131692
-0.0015000000000000013 -0.02 1031.3565909198758
-0.00099999999999999742 -0.02 1064.0857612449649
-0.00050000000000000044 -0.02 1084.5225670740119
0 -0.02 1091.4731396975299
0.00050000000000000044 -0.02 1084.5225640926458
0.0010000000000000009 -0.02 1064.0857547543542
0.0015000000000000013 -0.02 1031.3565798225434
0.0020000000000000018 -0.02 988.16386716059117
0.0024999999999999988 -0.02 936.75843851285754
0.0030000000000000027 -0.02 879.56597144415809
0.0034999999999999996 -0.02 818.94429207260282
0.0040000000000000036 -0.02 756.98019990478451
0.0045000000000000005 -0.02 695.35124206681235
0.0049999999999999975 -0.02 635.26435042117339
0.0055000000000000014 -0.02 577.46892181312501
0.0059999999999999984 -0.02 522.32966052451297
0.0064999999999999988 -0.02 469.93648947847555
0.0069999999999999993 -0.02 420.22611804738614
0.0074999999999999997 -0.02 373.09224324100973
0.0080000000000000002 -0.02 328.46763648681736
0.0085000000000000006 -0.02 286.36968363828072
0.0090000000000000011 -0.02 246.90932473470488
0.0095000000000000015 -0.02 210.27012601876459
0.010000000000000002 -0.02 176.66837790614787
0.010500000000000002 -0.02 146.30635166528171
0.011000000000000003 -0.02 119.32952550258662
0.011500000000000003 -0.02 95.795516969512065
0.012000000000000004 -0.02 75.658623015345299
0.012499999999999997 -0.02 58.770191010607597
0.013000000000000005 -0.02 44.892193622482026
0.013499999999999998 -0.02 33.719696564310723
0.014000000000000005 -0.02 24.907410821206824
0.014499999999999999 -0.02 18.095989795658284
0.014999999999999999 -0.02 12.934817505974125
0.0155 -0.02 9.0993662837881235
0.016000000000000007 -0.02 6.3024722065813217
0.016500000000000001 -0.02 4.2998800817017724
0.017000000000000001 -0.02 2.8910570796895283
0.017500000000000002 -0.02 1.9165699783567614
0.017999999999999995 -0.02 1.2533327287116613
0.018500000000000003 -0.02 0.80885385391863418
0.019000000000000003 -0.02 0.51534184276962469
0.019500000000000003 -0.02 0.32423769260853819
0.019999999999999997 -0.02 0.20148775686063602
0.020499999999999997 -0.02 0.12367247259470944
0.021000000000000005 -0.02 0.074972943720850629
0.021500000000000005 -0.02 0.044880572559809005
0.021999999999999999 -0.02 0.02652172290707594
0.022499999999999999 -0.02 0.01546540546945762
0.023000000000000007 -0.02 0.0088947252873807971
0.023500000000000007 -0.02 0.0050430060001394961
0.024 -0.02 0.0028170503148569337
0.024500000000000001 -0.02 0.0015495569909927647
0.025000000000000001 -0.02 0.00083886597826213227
-0.025000000000000001 -0.0195 0.0014383160520903592
-0.024500000000000001 -0.0195 0.0026460509825319859
-0.024 -0.0195 0.0047884147240679579
-0.0235 -0.0195 0.0085282584687340381
-0.023 -0.0195 0.014956837629492624
-0.022500000000000003 -0.0195 0.025844639608491975
-0.022000000000000002 -0.0195 0.044024070120075948
-0.021500000000000002 -0.0195 0.073964806751297019
-0.021000000000000001 -0.0195 0.12262534563544483
-0.020500000000000001 -0.0195 0.20069165296072039
-0.02 -0.0195 0.32434387615137672
-0.0195 -0.0195 0.51772003834063141
-0.019 -0.0195 0.81626294857778481
-0.018500000000000003 -0.0195 1.2711299330469292
-0.018000000000000002 -0.0195 1.9547965335218669
-0.017500000000000002 -0.0195 2.9678742782440524
-0.017000000000000001 -0.0195 4.4469696424281935
-0.016500000000000001 -0.0195 6.5731255381210429
-0.016 -0.0195 9.5800154262324533
-0.0155 -0.0195 13.760639376518167
-0.015000000000000001 -0.0195 19.470873782832307
-0.014500000000000001 -0.0195 27.127962583302715
-0.014 -0.0195 37.202045821640105
-0.0135 -0.0195 50.199241127266802
-0.012999999999999999 -0.0195 66.635726163869023
-0.012500000000000001 -0.0195 87.003727042348572
-0.012 -0.0195 111.7321738071464
-0.0115 -0.0195 141.1467489391234
-0.010999999999999999 -0.0195 175.43568313584097
-0.010499999999999999 -0.0195 214.62840714248682
-0.010000000000000002 -0.0195 258.59353700429051
-0.0095000000000000015 -0.0195 307.06032206882088
-0.0090000000000000011 -0.0195 359.66363156971738
-0.0085000000000000006 -0.0195 416.00726568103215
-0.0080000000000000002 -0.0195 475.73479719229988
-0.0074999999999999997 -0.0195 538.59259101919793
-0.0069999999999999993 -0.0195 604.4675316371638
-0.0064999999999999988 -0.0195 673.38348725562275
-0.0059999999999999984 -0.0195 745.44619858601811
-0.0054999999999999979 -0.0195 820.73571303458164
-0.005000000000000001 -0.0195 899.15726284799621
-0.0044999999999999971 -0.0195 980.27328797001371
-0.0040000000000000001 -0.0195 1063.1483470963208
-0.0035000000000000031 -0.0195 1146.2423295888752
-0.0029999999999999992 -0.0195 1227.3839308947593
-0.0025000000000000022 -0.0195 1303.8454857923909
-0.0019999999999999983 -0.0195 1372.5233937682183
-0.0015000000000000013 -0.0195 1430.2085343125812
-0.00099999999999999742 -0.0195 1473.9122941121313
-0.00050000000000000044 -0.0195 1501.2002836335696
0 -0.0195 1510.4808101195008
0.00050000000000000044 -0.0195 1501.2002769576702
0.0010000000000000009 -0.0195 1473.9122795783021
0.0015000000000000013 -0.0195 1430.2085094633414
0.0020000000000000018 -0.0195 1372.5233546924062
0.0024999999999999988 -0.0195 1303.8454268802793
0.0030000000000000027 -0.0195 1227.3838445557139
0.0034999999999999996 -0.0195 1146.2422059731352
0.0040000000000000036 -0.0195 1063.148173875011
0.0045000000000000005 -0.0195 980.27305023818144
0.0049999999999999975 -0.0195 899.15694322113154
0.0055000000000000014 -0.0195 820.73529200661949
0.0059999999999999984 -0.0195 745.44565520305434
0.0064999999999999988 -0.0195 673.38280013275414
0.0069999999999999993 -0.0195 604.46668030644275
0.0074999999999999997 -0.0195 538.59155754757512
0.0080000000000000002 -0.0195 475.73356795574483
0.0085000000000000006 -0.0195 416.00583313312563
0.0090000000000000011 -0.0195 359.66199580942089
0.0095000000000000015 -0.0195 307.05849200174225
0.010000000000000002 -0.0195 258.59153091066548
0.010500000000000002 -0.0195 214.62625251481504
0.011000000000000003 -0.0195 175.4334157255407
0.011500000000000003 -0.0195 141.14441104497274
0.012000000000000004 -0.0195 111.72981193480321
0.012499999999999997 -0.0195 87.001389148198058
0.013000000000000005 -0.0195 66.633458753567808
0.013499999999999998 -0.0195 50.197086499592764
0.014000000000000005 -0.0195 37.200039728008512
0.014499999999999999 -0.0195 27.126132516208941
0.014999999999999999 -0.0195 19.469238022499692
0.0155 -0.0195 13.759206828527656
0.016000000000000007 -0.0195 9.5787861894855144
0.016500000000000001 -0.0195 6.5720920660686817
0.017000000000000001 -0.0195 4.4461183107651161
0.017500000000000002 -0.0195 2.967187153350197
0.017999999999999995 -0.0195 1.9542531462931694
0.018500000000000003 -0.0195 1.2707088962837476
0.019000000000000003 -0.0195 0.8159433039152395
0.019500000000000003 -0.0195 0.51748227125042956
0.019999999999999997 -0.0195 0.32417058640097624
0.020499999999999997 -0.0195 0.20056790704985175
0.021000000000000005 -0.0195 0.1225387640199968
0.021500000000000005 -0.0195 0.07390545174438988
0.021999999999999999 -0.0195 0.04398420198854764
0.022499999999999999 -0.0195 0.025818401576807003
0.023000000000000007 -0.0195 0.014939918677063922
0.023500000000000007 -0.0195 0.0085175690883025432
0.024 -0.0195 0.0047817976126776083
0.024500000000000001 -0.0195 0.0026420375015950071
0.025000000000000001 -0.0195 0.0014359309289228071
-0.025000000000000001 -0.019 0.002421861403711474
-0.024500000000000001 -0.019 0.0044399573319336407
-0.024 -0.019 0.00800290719306305
-0.0235 -0.019 0.014189501844182236
-0.023 -0.019 0.024760666305444896
-0.022500000000000003 -0.019 0.042547023540057557
-0.022000000000000002 -0.019 0.072032468696385341
-0.021500000000000002 -0.019 0.12022024239946008
-0.021000000000000001 -0.019 0.19789898440118783
-0.020500000000000001 -0.019 0.32146338607879582
-0.02 -0.019 0.51548459172066585
-0.0195 -0.019 0.81626294857778581
-0.019 -0.019 1.2766182572759439
-0.018500000000000003 -0.019 1.9721619258698917
-0.018000000000000002 -0.019 3.0092263828402279
-0.017500000000000002 -0.019 4.5344705029251635
-0.017000000000000001 -0.019 6.7459079788365397
-0.016500000000000001 -0.019 9.9047024549031839
-0.016 -0.019 14.346548014199122
-0.0155 -0.019 20.490855773811933
-0.015000000000000001 -0.019 28.845398589850198
-0.014500000000000001 -0.019 40.003682449001765
-0.014 -0.019 54.632311651636897
-0.0135 -0.019 73.4461965742384
-0.012999999999999999 -0.019 97.170765819801559
-0.012500000000000001 -0.019 126.49241241104991
-0.012 -0.019 162.00105629400892
-0.0115 -0.019 204.13153767383076
-0.010999999999999999 -0.019 253.11293993424167
-0.010499999999999999 -0.019 308.93611362008386
-0.010000000000000002 -0.019 371.34889927554241
-0.0095000000000000015 -0.019 439.88534099891308
-0.0090000000000000011 -0.019 513.92953565637413
-0.0085000000000000006 -0.019 592.80730961723862
-0.0080000000000000002 -0.019 675.89096619598399
-0.0074999999999999997 -0.019 762.69573379009432
-0.0069999999999999993 -0.019 852.94326649008678
-0.0064999999999999988 -0.019 946.56927478047305
-0.0059999999999999984 -0.019 1043.6598965249154
-0.0054999999999999979 -0.019 1144.3142700702915
-0.005000000000000001 -0.019 1248.447002466811
-0.0044999999999999971 -0.019 1355.5606502400244
-0.0040000000000000001 -0.019 1464.5311026076722
-0.0035000000000000031 -0.019 1573.4542483714968
-0.0029999999999999992 -0.019 1679.5980706372452
-0.0025000000000000022 -0.019 1779.4898831522032
-0.0019999999999999983 -0.019 1869.1457050536019
-0.0015000000000000013 -0.019 1944.4218614730657
-0.00099999999999999742 -0.019 2001.4433031080371
-0.00050000000000000044 -0.019 2037.0445619952359
0 -0.019 2049.152230723666
0.00050000000000000044 -0.019 2037.0445473484895
0.0010000000000000009 -0.019 2001.4432712212006
0.0015000000000000013 -0.019 1944.4218069544931
0.0020000000000000018 -0.019 1869.145619322305
0.0024999999999999988 -0.019 1779.4897539005906
0.0030000000000000027 -0.019 1679.5978812116671
0.0034999999999999996 -0.019 1573.4539771618374
0.0040000000000000036 -0.019 1464.5307225647095
0.0045000000000000005 -0.019 1355.5601286626847
0.0049999999999999975 -0.019 1248.4463012139372
0.0055000000000000014 -0.019 1144.3133463460988
0.0059999999999999984 -0.019 1043.6587043570898
0.0064999999999999988 -0.019 946.5677672511041
0.0069999999999999993 -0.019 852.94139869304047
0.0074999999999999997 -0.019 762.69346638073557
0.0080000000000000002 -0.019 675.88826928355047
0.0085000000000000006 -0.019 592.80416664508687
0.0090000000000000011 -0.019 513.92594684162259
0.0095000000000000015 -0.019 439.88132588022984
0.010000000000000002 -0.019 371.34449795927992
0.010500000000000002 -0.019 308.93138642405853
0.011000000000000003 -0.019 253.10796529611767
0.011500000000000003 -0.019 204.12640839600644
0.012000000000000004 -0.019 161.99587440866534
0.012499999999999997 -0.019 126.48728313322563
0.013000000000000005 -0.019 97.165791181675473
0.013499999999999998 -0.019 73.44146937820814
0.014000000000000005 -0.019 54.627910335360518
0.014499999999999999 -0.019 39.999667330285419
0.014999999999999999 -0.019 28.841809775019673
0.0155 -0.019 20.487712801475947
0.016000000000000007 -0.019 14.343851101344868
0.016500000000000001 -0.019 9.9024350446020257
0.017000000000000001 -0.019 6.7440401797236804
0.017500000000000002 -0.019 4.5329629691133366
0.017999999999999995 -0.019 3.008034205657439
0.018500000000000003 -0.019 1.9712381823667928
0.019000000000000003 -0.019 1.2759169653552676
0.019500000000000003 -0.019 0.81574129388149497
0.019999999999999997 -0.019 0.51510439859957879
0.020499999999999997 -0.019 0.3211918908289827
0.021000000000000005 -0.019 0.19770902663086504
0.021500000000000005 -0.019 0.12009001908691017
0.021999999999999999 -0.019 0.071944999072113561
0.022499999999999999 -0.019 0.042489457993714369
0.023000000000000007 -0.019 0.024723546572082134
0.023500000000000007 -0.019 0.014166049626729477
0.024 -0.019 0.0079883894259922643
0.024500000000000001 -0.019 0.0044311518610946352
0.025000000000000001 -0.019 0.0024166285066754248
-0.025000000000000001 -0.018500000000000003 0.0040081898833276
-0.024500000000000001 -0.018500000000000003 0.0073257703578388945
-0.024 -0.018500000000000003 0.013158451640153491
-0.0235 -0.018500000000000003 0.023237884038243561
-0.023 -0.018500000000000003 0.040368220878640261
-0.022500000000000003 -0.018500000000000003 0.069017521825836106
-0.022000000000000002 -0.018500000000000003 0.11619616806776126
-0.021500000000000002 -0.018500000000000003 0.19274258741211595
-0.021000000000000001 -0.018500000000000003 0.31517746100729432
-0.020500000000000001 -0.018500000000000003 0.50833616749137023
-0.02 -0.018500000000000003 0.80904188320032111
-0.0195 -0.018500000000000003 1.2711299330469297
-0.019 -0.018500000000000003 1.9721619258698904
-0.018500000000000003 -0.018500000000000003 3.0221511595173443
-0.018000000000000002 -0.018500000000000003 4.5745247844131693
-0.017500000000000002 -0.018500000000000003 6.8393330819170792
-0.017000000000000001 -0.018500000000000003 10.098343340155131
-0.016500000000000001 -0.018500000000000003 14.721101829666699
-0.016 -0.018500000000000003 21.180323123355912
-0.0155 -0.018500000000000003 30.064137654474511
-0.015000000000000001 -0.018500000000000003 42.081934663071088
-0.014500000000000001 -0.018500000000000003 58.059993983435994
-0.014 -0.018500000000000003 78.923080074084922
-0.0135 -0.018500000000000003 105.65895826645401
-0.012999999999999999 -0.018500000000000003 139.2645991777255
-0.012500000000000001 -0.018500000000000003 180.67570513828653
-0.012 -0.018500000000000003 230.68489748768906
-0.0115 -0.018500000000000003 289.85789327850267
-0.010999999999999999 -0.018500000000000003 358.46040849068811
-0.010499999999999999 -0.018500000000000003 436.4102902759779
-0.010000000000000002 -0.018500000000000003 523.26847042911413
-0.0095000000000000015 -0.018500000000000003 618.27804809109978
-0.0090000000000000011 -0.018500000000000003 720.45310543193909
-0.0085000000000000006 -0.018500000000000003 828.70857596639519
-0.0080000000000000002 -0.018500000000000003 942.01139846338265
-0.0074999999999999997 -0.018500000000000003 1059.5238070560667
-0.0069999999999999993 -0.018500000000000003 1180.7046876953739
-0.0064999999999999988 -0.018500000000000003 1305.3367979663117
-0.0059999999999999984 -0.018500000000000003 1433.4574586697229
-0.0054999999999999979 -0.018500000000000003 1565.1874850159552
-0.005000000000000001 -0.018500000000000003 1700.4750542693159
-0.0044999999999999971 -0.018500000000000003 1838.7936158617888
-0.0040000000000000001 -0.018500000000000003 1978.8506318176019
-0.0035000000000000031 -0.018500000000000003 2118.3719489214272
-0.0029999999999999992 -0.018500000000000003 2254.0215847993309
-0.0025000000000000022 -0.018500000000000003 2381.4979570807495
-0.0019999999999999983 -0.018500000000000003 2495.817592979678
-0.0015000000000000013 -0.018500000000000003 2591.7615753073942
-0.00099999999999999742 -0.018500000000000003 2664.4257758390218
-0.00050000000000000044 -0.018500000000000003 2709.7909457923724
0 -0.018500000000000003 2725.2190619378425
0.00050000000000000044 -0.018500000000000003 2709.7909143069596
0.0010000000000000009 -0.018500000000000003 2664.4257072934097
0.0015000000000000013 -0.018500000000000003 2591.7614581114167
0.0020000000000000018 -0.018500000000000003 2495.8174086871977
0.0024999999999999988 -0.018500000000000003 2381.4976792347193
0.0030000000000000027 -0.018500000000000003 2254.0211776001961
0.0034999999999999996 -0.018500000000000003 2118.3713659149503
0.0040000000000000036 -0.018500000000000003 1978.8498148573622
0.0045000000000000005 -0.018500000000000003 1838.7924946518444
0.0049999999999999975 -0.018500000000000003 1700.4735468194413
0.0055000000000000014 -0.018500000000000003 1565.185499330091
0.0059999999999999984 -0.018500000000000003 1433.4548959233778
0.0064999999999999988 -0.018500000000000003 1305.3335573022898
0.0069999999999999993 -0.018500000000000003 1180.7006725810998
0.0074999999999999997 -0.018500000000000003 1059.5189329142534
0.0080000000000000002 -0.018500000000000003 942.00560103928422
0.0085000000000000006 -0.018500000000000003 828.70181966898349
0.0090000000000000011 -0.018500000000000003 720.44539072794419
0.0095000000000000015 -0.018500000000000003 618.26941698186397
0.010000000000000002 -0.018500000000000003 523.25900912935197
0.010500000000000002 -0.018500000000000003 436.4001284480243
0.011000000000000003 -0.018500000000000003 358.44971474825007
0.011500000000000003 -0.018500000000000003 289.84686711447296
0.012000000000000004 -0.018500000000000003 230.67375823578263
0.012499999999999997 -0.018500000000000003 180.66467897425616
0.013000000000000005 -0.018500000000000003 139.25390543528303
0.013499999999999998 -0.018500000000000003 105.6487964384895
0.014000000000000005 -0.018500000000000003 78.913618774293028
0.014499999999999999 -0.018500000000000003 58.051362874129026
0.014999999999999999 -0.018500000000000003 42.074219958905935
0.0155 -0.018500000000000003 30.05738135666688
0.016000000000000007 -0.018500000000000003 21.174525698352927
0.016500000000000001 -0.018500000000000003 14.716227685827997
0.017000000000000001 -0.018500000000000003 10.094328221438753
0.017500000000000002 -0.018500000000000003 6.8360924083447516
0.017999999999999995 -0.018500000000000003 4.5719620179534699
0.018500000000000003 -0.018500000000000003 3.0201654321428588
0.019000000000000003 -0.018500000000000003 1.9706543920580548
0.019500000000000003 -0.018500000000000003 1.2700085568131898
0.019999999999999997 -0.018500000000000003 0.80822460017142828
0.020499999999999997 -0.018500000000000003 0.50775254709481421
0.021000000000000005 -0.018500000000000003 0.31476911784356992
0.021500000000000005 -0.018500000000000003 0.19246265256477096
0.021999999999999999 -0.018500000000000003 0.11600813878607313
0.022499999999999999 -0.018500000000000003 0.068893775914966607
0.023000000000000007 -0.018500000000000003 0.040288426357299192
0.023500000000000007 -0.018500000000000003 0.023187469924334347
0.024 -0.018500000000000003 0.013127243488332045
0.024500000000000001 -0.018500000000000003 0.0073068416569262067
0.025000000000000001 -0.018500000000000003 0.0039969409740173269
-0.025000000000000001 -0.018000000000000002 0.0065176802780870522
-0.024500000000000001 -0.018000000000000002 0.011880756315025146
-0.024 -0.018000000000000002 0.021274882990893283
-0.0235 -0.018000000000000002 0.03744016396597577
-0.023 -0.018000000000000002 0.064781290903236269
-0.022500000000000003 -0.018000000000000002 0.11025891413353292
-0.022000000000000002 -0.018000000000000002 0.18469521166983566
-0.021500000000000002 -0.018000000000000002 0.30465721477241214
-0.021000000000000001 -0.018000000000000002 0.49513330038437031
-0.020500000000000001 -0.018000000000000002 0.79327921045098437
-0.02 -0.018000000000000002 1.2535753980441862
-0.0195 -0.018000000000000002 1.9547965335218653
-0.019 -0.018000000000000002 3.0092263828402239
-0.018500000000000003 -0.018000000000000002 4.5745247844131676
-0.018000000000000002 -0.018000000000000002 6.8685233349149213
-0.017500000000000002 -0.018000000000000002 10.186938922179205
-0.017000000000000001 -0.018000000000000002 14.923496827630217
-0.016500000000000001 -0.018000000000000002 21.591214458473086
-0.016 -0.018000000000000002 30.842624491892078
-0.0155 -0.018000000000000002 43.485598027336188
-0.015000000000000001 -0.018000000000000002 60.490348335185665
-0.014500000000000001 -0.018000000000000002 82.9824436701021
-0.014 -0.018000000000000002 112.21660521977097
-0.0135 -0.018000000000000002 149.52710273965889
-0.012999999999999999 -0.018000000000000002 196.25298475889954
-0.012500000000000001 -0.018000000000000002 253.64026460512011
-0.012 -0.018000000000000002 322.72823889531782
-0.0115 -0.018000000000000002 404.23260577349026
-0.010999999999999999 -0.018000000000000002 498.44280796975204
-0.010499999999999999 -0.018000000000000002 605.15360490737385
-0.010000000000000002 -0.018000000000000002 723.64985823726556
-0.0095000000000000015 -0.018000000000000002 852.75791476798429
-0.0090000000000000011 -0.018000000000000002 990.96668032649563
-0.0085000000000000006 -0.018000000000000002 1136.607584251693
-0.0080000000000000002 -0.018000000000000002 1288.0674969702306
-0.0074999999999999997 -0.018000000000000002 1443.9956451567004
-0.0069999999999999993 -0.018000000000000002 1603.4583971730424
-0.0064999999999999988 -0.018000000000000002 1765.9976408873279
-0.0059999999999999984 -0.018000000000000002 1931.5609782806098
-0.0054999999999999979 -0.018000000000000002 2100.2944120325674
-0.005000000000000001 -0.018000000000000002 2272.2172409754608
-0.0044999999999999971 -0.018000000000000002 2446.8288538768702
-0.0040000000000000001 -0.018000000000000002 2622.7210998529281
-0.0035000000000000031 -0.018000000000000002 2797.281322625523
-0.0029999999999999992 -0.018000000000000002 2966.565438682328
-0.0025000000000000022 -0.018000000000000002 3125.3965891174057
-0.0019999999999999983 -0.018000000000000002 3267.7060973833463
-0.0015000000000000013 -0.018000000000000002 3387.0868292476703
-0.00099999999999999742 -0.018000000000000002 3477.4842349890582
-0.00050000000000000044 -0.018000000000000002 3533.9174122120899
0 -0.018000000000000002 3553.1094831020309
0.00050000000000000044 -0.018000000000000002 3533.9173458966789
0.0010000000000000009 -0.018000000000000002 3477.4840906164732
0.0015000000000000013 -0.018000000000000002 3387.0865824063958
0.0020000000000000018 -0.018000000000000002 3267.7057092216405
0.0024999999999999988 -0.018000000000000002 3125.3960039107324
0.0030000000000000027 -0.018000000000000002 2966.5645810287178
0.0034999999999999996 -0.018000000000000002 2797.2800946818288
0.0040000000000000036 -0.018000000000000002 2622.7193791496215
0.0045000000000000005 -0.018000000000000002 2446.8264923547713
0.0049999999999999975 -0.018000000000000002 2272.2140659445831
0.0055000000000000014 -0.018000000000000002 2100.2902297283754
0.0059999999999999984 -0.018000000000000002 1931.5555805563383
0.0064999999999999988 -0.018000000000000002 1765.9908153148774
0.0069999999999999993 -0.018000000000000002 1603.4499404329472
0.0074999999999999997 -0.018000000000000002 1443.9853791100331
0.0080000000000000002 -0.018000000000000002 1288.0552862819463
0.0085000000000000006 -0.018000000000000002 1136.593353959023
0.0090000000000000011 -0.018000000000000002 990.950431412478
0.0095000000000000015 -0.018000000000000002 852.73973569696216
0.010000000000000002 -0.018000000000000002 723.62993059695407
0.010500000000000002 -0.018000000000000002 605.13220179602035
0.011000000000000003 -0.018000000000000002 498.42028452601352
0.011500000000000003 -0.018000000000000002 404.20938217458536
0.012000000000000004 -0.018000000000000002 322.70477710772974
0.012499999999999997 -0.018000000000000002 253.61704100621299
0.013000000000000005 -0.018000000000000002 196.23046131515179
0.013499999999999998 -0.018000000000000002 149.5056996282816
0.014000000000000005 -0.018000000000000002 112.1966775793971
0.014499999999999999 -0.018000000000000002 82.964264598929887
0.014999999999999999 -0.018000000000000002 60.474099420810674
0.0155 -0.018000000000000002 43.471367733831919
0.016000000000000007 -0.018000000000000002 30.83041380170199
0.016500000000000001 -0.018000000000000002 21.580948407540852
0.017000000000000001 -0.018000000000000002 14.915040078177306
0.017500000000000002 -0.018000000000000002 10.180113329613782
0.017999999999999995 -0.018000000000000002 6.8631255682766383
0.018500000000000003 -0.018000000000000002 4.5703423927894127
0.019000000000000003 -0.018000000000000002 3.0060511751716557
0.019500000000000003 -0.018000000000000002 1.9524346611785952
0.019999999999999997 -0.018000000000000002 1.2518540148683239
0.020499999999999997 -0.018000000000000002 0.7920499737040988
0.021000000000000005 -0.018000000000000002 0.49427323719063865
0.021500000000000005 -0.018000000000000002 0.30406760857783666
0.021999999999999999 -0.018000000000000002 0.18429917941341448
0.022499999999999999 -0.018000000000000002 0.10999827721642863
0.023000000000000007 -0.018000000000000002 0.064613225567598173
0.023500000000000007 -0.018000000000000002 0.037333980423137861
0.024 -0.018000000000000002 0.021209151554419069
0.024500000000000001 -0.018000000000000002 0.011840888183496556
0.025000000000000001 -0.018000000000000002 0.0064939875271685489
-0.025000000000000001 -0.017500000000000002 0.010409949060026376
-0.024500000000000001 -0.017500000000000002 0.018931988765726732
-0.024 -0.017500000000000002 0.033811191178040476
-0.0235 -0.017500000000000002 0.059319568483587319
-0.023 -0.017500000000000002 0.10227845324662949
-0.022500000000000003 -0.017500000000000002 0.17338550847761944
-0.022000000000000002 -0.017500000000000002 0.28913117095626145
-0.021500000000000002 -0.017500000000000002 0.47452177555826486
-0.021000000000000001 -0.017500000000000002 0.76688939689104263
-0.020500000000000001 -0.017500000000000002 1.2211410593749088
-0.02 -0.017500000000000002 1.9168768389720752
-0.0195 -0.017500000000000002 2.9678742782440484
-0.019 -0.017500000000000002 4.5344705029251546
-0.018500000000000003 -0.017500000000000002 6.8393330819170712
-0.018000000000000002 -0.017500000000000002 10.1869389221792
-0.017500000000000002 -0.017500000000000002 14.986707565759692
-0.017000000000000001 -0.017500000000000002 21.77909128002451
-0.016500000000000001 -0.017500000000000002 31.262962728634164
-0.016 -0.017500000000000002 44.321372366650664
-0.0155 -0.017500000000000002 62.041279053392174
-0.015000000000000001 -0.017500000000000002 85.721426004906618
-0.014500000000000001 -0.017500000000000002 116.86151961429772
-0.014 -0.017500000000000002 157.12576406505289
-0.0135 -0.017500000000000002 208.27513318748217
-0.012999999999999999 -0.017500000000000002 272.06593388762866
-0.012500000000000001 -0.017500000000000002 350.11734936551414
-0.012 -0.017500000000000002 443.75738516817614
-0.0115 -0.017500000000000002 553.86402048562684
-0.010999999999999999 -0.017500000000000002 680.72485057374945
-0.010499999999999999 -0.017500000000000002 823.94216811425508
-0.010000000000000002 -0.017500000000000002 982.40935926877557
-0.0095000000000000015 -0.017500000000000002 1154.3773335582714
-0.0090000000000000011 -0.017500000000000002 1337.6162564997064
-0.0085000000000000006 -0.017500000000000002 1529.6594818286881
-0.0080000000000000002 -0.017500000000000002 1728.0963535276346
-0.0074999999999999997 -0.017500000000000002 1930.862884918703
-0.0069999999999999993 -0.017500000000000002 2136.4691579466689
-0.0064999999999999988 -0.017500000000000002 2344.1038684199484
-0.0059999999999999984 -0.017500000000000002 2553.5720233997108
-0.0054999999999999979 -0.017500000000000002 2765.0505759371567
-0.005000000000000001 -0.017500000000000002 2978.6844788837197
-0.0044999999999999971 -0.017500000000000002 3194.0849336538622
-0.0040000000000000001 -0.017500000000000002 3409.8235006205555
-0.0035000000000000031 -0.017500000000000002 3623.0315906000255
-0.0029999999999999992 -0.017500000000000002 3829.2086748975807
-0.0025000000000000022 -0.017500000000000002 4022.3128697167344
-0.0019999999999999983 -0.017500000000000002 4195.1583761154943
-0.0015000000000000013 -0.017500000000000002 4340.0846784244923
-0.00099999999999999742 -0.017500000000000002 4449.8048374424998
-0.00050000000000000044 -0.017500000000000002 4518.297621938148
0 -0.017500000000000002 4541.5909730840949
0.00050000000000000044 -0.017500000000000002 4518.2974850844967
0.0010000000000000009 -0.017500000000000002 4449.8045395039817
0.0015000000000000013 -0.017500000000000002 4340.0841690236011
0.0020000000000000018 -0.017500000000000002 4195.1575750747497
0.0024999999999999988 -0.017500000000000002 4022.3116620386363
0.0030000000000000027 -0.017500000000000002 3829.206904976752
0.0034999999999999996 -0.017500000000000002 3623.0290565197201
0.0040000000000000036 -0.017500000000000002 3409.8199496431125
0.0045000000000000005 -0.017500000000000002 3194.0800602328191
0.0049999999999999975 -0.017500000000000002 2978.6779266425565
0.0055000000000000014 -0.017500000000000002 2765.0419450082836
0.0059999999999999984 -0.017500000000000002 2553.5608842352372
0.0064999999999999988 -0.017500000000000002 2344.0897826366941
0.0069999999999999993 -0.017500000000000002 2136.4517059587379
0.0074999999999999997 -0.017500000000000002 1930.8416991047225
0.0080000000000000002 -0.017500000000000002 1728.0711545996569
0.0085000000000000006 -0.017500000000000002 1529.6301150877036
0.0090000000000000011 -0.017500000000000002 1337.5827239743903
0.0095000000000000015 -0.017500000000000002 1154.3398178105354
0.010000000000000002 -0.017500000000000002 982.36823503717949
0.010500000000000002 -0.017500000000000002 823.89799898562762
0.011000000000000003 -0.017500000000000002 680.67836943989994
0.011500000000000003 -0.017500000000000002 553.81609445700974
0.012000000000000004 -0.017500000000000002 443.70896759482957
0.012499999999999997 -0.017500000000000002 350.06942333689153
0.013000000000000005 -0.017500000000000002 272.01945275375965
0.013499999999999998 -0.017500000000000002 208.23096405880486
0.014000000000000005 -0.017500000000000002 157.08463983332854
0.014499999999999999 -0.017500000000000002 116.82400386625146
0.014999999999999999 -0.017500000000000002 85.687893478852743
0.0155 -0.017500000000000002 62.011912310687215
0.016000000000000007 -0.017500000000000002 44.296173434741455
0.016500000000000001 -0.017500000000000002 31.241776905851676
0.017000000000000001 -0.017500000000000002 21.761639272781615
0.017500000000000002 -0.017500000000000002 14.972621740993082
0.017999999999999995 -0.017500000000000002 10.175799670272605
0.018500000000000003 -0.017500000000000002 6.8307019726100426
0.019000000000000003 -0.017500000000000002 4.527917896922335
0.019500000000000003 -0.017500000000000002 2.9630001344053296
0.019999999999999997 -0.017500000000000002 1.9133244584953655
0.020499999999999997 -0.017500000000000002 1.2186043106241817
0.021000000000000005 -0.017500000000000002 0.76511450345593346
0.021500000000000005 -0.017500000000000002 0.47330501826452315
0.021999999999999999 -0.017500000000000002 0.28831388792736673
0.022499999999999999 -0.017500000000000002 0.17284763782289594
0.023000000000000007 -0.017500000000000002 0.10193162052193257
0.023500000000000007 -0.017500000000000002 0.059100439849234424
0.024 -0.017500000000000002 0.033675542662990859
0.024500000000000001 -0.017500000000000002 0.018849713782404673
0.025000000000000001 -0.017500000000000002 0.010361054852750143
-0.025000000000000001 -0.017000000000000001 0.016326913402672977
-0.024500000000000001 -0.017000000000000001 0.029633233099653159
-0.024 -0.017000000000000001 0.052799977825740037
-0.0235 -0.017000000000000001 0.09238608634373488
-0.023 -0.017000000000000001 0.15880132985500292
-0.022500000000000003 -0.017000000000000001 0.26825743765189769
-0.022000000000000002 -0.017000000000000001 0.4455467656241624
-0.021500000000000002 -0.017000000000000001 0.72793021105373013
-0.021000000000000001 -0.017000000000000001 1.170487712215184
-0.020500000000000001 -0.017000000000000001 1.8533654303888623
-0.02 -0.017000000000000001 2.8914372728106148
-0.0195 -0.017000000000000001 4.4469696424281864
-0.019 -0.017000000000000001 6.7459079788365282
-0.018500000000000003 -0.017000000000000001 10.098343340155116
-0.018000000000000002 -0.017000000000000001 14.92349682763022
-0.017500000000000002 -0.017000000000000001 21.779091280024506
-0.017000000000000001 -0.017000000000000001 31.39417286671824
-0.016500000000000001 -0.017000000000000001 44.703236036490914
-0.016 -0.017000000000000001 62.8778998850688
-0.0155 -0.017000000000000001 87.350510474214232
-0.015000000000000001 -0.017000000000000001 119.8221981794868
-0.014500000000000001 -0.017000000000000001 162.24658525070114
-0.014 -0.017000000000000001 216.78015438851807
-0.0135 -0.017000000000000001 285.69194146128484
-0.012999999999999999 -0.017000000000000001 371.22925827756438
-0.012500000000000001 -0.017000000000000001 475.44276599471476
-0.012 -0.017000000000000001 599.98297324699672
-0.0115 -0.017000000000000001 745.88991384530129
-0.010999999999999999 -0.017000000000000001 913.40638255604392
-0.010499999999999999 -0.017000000000000001 1101.8501657234908
-0.010000000000000002 -0.017000000000000001 1309.5796762121734
-0.0095000000000000015 -0.017000000000000001 1534.0784702923415
-0.0090000000000000011 -0.017000000000000001 1772.1669301066104
-0.0085000000000000006 -0.017000000000000001 2020.3256270084603
-0.0080000000000000002 -0.017000000000000001 2275.0884387285728
-0.0074999999999999997 -0.017000000000000001 2533.4400610795374
-0.0069999999999999993 -0.017000000000000001 2793.1385349391307
-0.0064999999999999988 -0.017000000000000001 3052.8843701621145
-0.0059999999999999984 -0.017000000000000001 3312.2768287100321
-0.0054999999999999979 -0.017000000000000001 3571.5340659440812
-0.005000000000000001 -0.017000000000000001 3831.0017783435496
-0.0044999999999999971 -0.017000000000000001 4090.5254916350705
-0.0040000000000000001 -0.017000000000000001 4348.8031598617199
-0.0035000000000000031 -0.017000000000000001 4602.8562510980664
-0.0029999999999999992 -0.017000000000000001 4847.7511961239015
-0.0025000000000000022 -0.017000000000000001 5076.6669363239798
-0.0019999999999999983 -0.017000000000000001 5281.3432417853364
-0.0015000000000000013 -0.017000000000000001 5452.8698695161529
-0.00099999999999999742 -0.017000000000000001 5582.7041409031326
-0.00050000000000000044 -0.017000000000000001 5663.7505207879476
0 -0.017000000000000001 5691.3134223111983
0.00050000000000000044 -0.017000000000000001 5663.7502440713843
0.0010000000000000009 -0.017000000000000001 5582.7035384747542
0.0015000000000000013 -0.017000000000000001 5452.868839513204
0.0020000000000000018 -0.017000000000000001 5281.3416220898425
0.0024999999999999988 -0.017000000000000001 5076.6644944122654
0.0030000000000000027 -0.017000000000000001 4847.7476173636278
0.0034999999999999996 -0.017000000000000001 4602.8511272158057
0.0040000000000000036 -0.017000000000000001 4348.7959798247357
0.0045000000000000005 -0.017000000000000001 4090.5156376318
0.0049999999999999975 -0.017000000000000001 3830.988529784624
0.0055000000000000014 -0.017000000000000001 3571.5166143016741
0.0059999999999999984 -0.017000000000000001 3312.2543054430739
0.0064999999999999988 -0.017000000000000001 3052.8558888646767
0.0069999999999999993 -0.017000000000000001 2793.1032472131897
0.0074999999999999997 -0.017000000000000001 2533.397223598758
0.0080000000000000002 -0.017000000000000001 2275.0374867758233
0.0085000000000000006 -0.017000000000000001 2020.2662477840595
0.0090000000000000011 -0.017000000000000001 1772.0991277125172
0.0095000000000000015 -0.017000000000000001 1534.0026138667147
0.010000000000000002 -0.017000000000000001 1309.4965234722249
0.010500000000000002 -0.017000000000000001 1101.7608562355338
0.011000000000000003 -0.017000000000000001 913.31239821918314
0.011500000000000003 -0.017000000000000001 745.79300794725327
0.012000000000000004 -0.017000000000000001 599.88507345096059
0.012499999999999997 -0.017000000000000001 475.34586009665497
0.013000000000000005 -0.017000000000000001 371.13527394066369
0.013499999999999998 -0.017000000000000001 285.6026319732261
0.014000000000000005 -0.017000000000000001 216.69700164831087
0.014499999999999999 -0.017000000000000001 162.17072882444845
0.014999999999999999 -0.017000000000000001 119.75439578390272
0.0155 -0.017000000000000001 87.291131246335524
0.016000000000000007 -0.017000000000000001 62.826947924370842
0.016500000000000001 -0.017000000000000001 44.660398537915157
0.017000000000000001 -0.017000000000000001 31.358885101730912
0.017500000000000002 -0.017000000000000001 21.750609898651103
0.017999999999999995 -0.017000000000000001 14.900973383882798
0.018500000000000003 -0.017000000000000001 10.080891332912213
0.019000000000000003 -0.017000000000000001 6.7326586822104355
0.019500000000000003 -0.017000000000000001 4.4371141776726875
0.019999999999999997 -0.017000000000000001 2.8842543989060285
0.020499999999999997 -0.017000000000000001 1.8482361525641602
0.021000000000000005 -0.017000000000000001 1.166898897384667
0.021500000000000005 -0.017000000000000001 0.72546994130764719
0.021999999999999999 -0.017000000000000001 0.44389422840879306
0.022499999999999999 -0.017000000000000001 0.26716986915657959
0.023000000000000007 -0.017000000000000001 0.15810003793432773
0.023500000000000007 -0.017000000000000001 0.091943010676654779
0.024 -0.017000000000000001 0.052525698033546481
0.024500000000000001 -0.017000000000000001 0.029466873996347995
0.025000000000000001 -0.017000000000000001 0.01622804985811967
-0.025000000000000001 -0.016500000000000001 0.025140470859822364
-0.024500000000000001 -0.016500000000000001 0.045549858764493599
-0.024 -0.016500000000000001 0.080995584618931624
-0.0235 -0.016500000000000001 0.14138955863926006
-0.023 -0.016500000000000001 0.24237804534855839
-0.022500000000000003 -0.016500000000000001 0.40817433079056831
-0.022000000000000002 -0.016500000000000001 0.67553811549462828
-0.021500000000000002 -0.016500000000000001 1.0992578958117714
-0.021000000000000001 -0.016500000000000001 1.7595677200829194
-0.020500000000000001 -0.016500000000000001 2.7720106650160004
-0.02 -0.016500000000000001 4.30034161623899
-0.0195 -0.016500000000000001 6.5731255381210278
-0.019 -0.016500000000000001 9.9047024549031661
-0.018500000000000003 -0.016500000000000001 14.721101829666685
-0.018000000000000002 -0.016500000000000001 21.591214458473061
-0.017500000000000002 -0.016500000000000001 31.262962728634168
-0.017000000000000001 -0.016500000000000001 44.703236036490914
-0.016500000000000001 -0.016500000000000001 63.138891060141383
-0.016 -0.016500000000000001 88.094152522588203
-0.0155 -0.016500000000000001 121.41743440890436
-0.015000000000000001 -0.016500000000000001 165.28829098896551
-0.014500000000000001 -0.016500000000000001 222.19349923784608
-0.014 -0.016500000000000001 294.86097305868992
-0.0135 -0.016500000000000001 386.14219676131887
-0.012999999999999999 -0.016500000000000001 498.83887079226196
-0.012500000000000001 -0.016500000000000001 635.47775986033707
-0.012 -0.016500000000000001 798.0488229066998
-0.0115 -0.016500000000000001 987.73409257731396
-0.010999999999999999 -0.016500000000000001 1204.6659641405913
-0.010499999999999999 -0.016500000000000001 1447.7603565022955
-0.010000000000000002 -0.016500000000000001 1714.669371470394
-0.0095000000000000015 -0.016500000000000001 2001.8872031940382
-0.0090000000000000011 -0.016500000000000001 2305.0215677188403
-0.0085000000000000006 -0.016500000000000001 2619.2128533094319
-0.0080000000000000002 -0.016500000000000001 2939.649384375949
-0.0074999999999999997 -0.016500000000000001 3262.096803394682
-0.0069999999999999993 -0.016500000000000001 3583.3407403961269
-0.0064999999999999988 -0.016500000000000001 3901.4418101195256
-0.0059999999999999984 -0.016500000000000001 4215.7245682440798
-0.0054999999999999979 -0.016500000000000001 4526.4664938760561
-0.005000000000000001 -0.016500000000000001 4834.3128201070767
-0.0044999999999999971 -0.016500000000000001 5139.5065911506781
-0.0040000000000000001 -0.016500000000000001 5441.076318648913
-0.0035000000000000031 -0.016500000000000001 5736.152097089368
-0.0029999999999999992 -0.016500000000000001 6019.5751398406646
-0.0025000000000000022 -0.016500000000000001 6283.9226529384287
-0.0019999999999999983 -0.016500000000000001 6519.9956721723556
-0.0015000000000000013 -0.016500000000000001 6717.7259360001017
-0.00099999999999999742 -0.016500000000000001 6867.368381107327
-0.00050000000000000044 -0.016500000000000001 6960.7787329618723
0 -0.016500000000000001 6992.5472577599003
0.00050000000000000044 -0.016500000000000001 6960.7781847470524
0.0010000000000000009 -0.016500000000000001 6867.3671876111393
0.0015000000000000013 -0.016500000000000001 6717.7238954179511
0.0020000000000000018 -0.016500000000000001 6519.9924633255114
0.0024999999999999988 -0.016500000000000001 6283.9178151644574
0.0030000000000000027 -0.016500000000000001 6019.5680498082165
0.0034999999999999996 -0.016500000000000001 5736.1419459507852
0.0040000000000000036 -0.016500000000000001 5441.0620939757546
0.0045000000000000005 -0.016500000000000001 5139.4870689704794
0.0049999999999999975 -0.016500000000000001 4834.2865728299375
0.0055000000000000014 -0.016500000000000001 4526.431919693513
0.0059999999999999984 -0.016500000000000001 4215.679946452894
0.0064999999999999988 -0.016500000000000001 3901.3853846236461
0.0069999999999999993 -0.016500000000000001 3583.2708303985551
0.0074999999999999997 -0.016500000000000001 3262.0119362603618
0.0080000000000000002 -0.016500000000000001 2939.5484413200261
0.0085000000000000006 -0.016500000000000001 2619.0952146313066
0.0090000000000000011 -0.016500000000000001 2304.8872415450764
0.0095000000000000015 -0.016500000000000001 2001.7369208397629
0.010000000000000002 -0.016500000000000001 1714.5046340810334
0.010500000000000002 -0.016500000000000001 1447.5834217205893
0.011000000000000003 -0.016500000000000001 1204.4797678191624
0.011500000000000003 -0.016500000000000001 987.54210822817663
0.012000000000000004 -0.016500000000000001 797.85486950446818
0.012499999999999997 -0.016500000000000001 635.28577551117485
0.013000000000000005 -0.016500000000000001 498.65267447075371
0.013499999999999998 -0.016500000000000001 385.96526197940938
0.014000000000000005 -0.016500000000000001 294.69623566881722
0.014499999999999999 -0.016500000000000001 222.04321688232963
0.014999999999999999 -0.016500000000000001 165.15396481224732
0.0155 -0.016500000000000001 121.29979572388872
0.016000000000000007 -0.016500000000000001 87.993209450918272
0.016500000000000001 -0.016500000000000001 63.054023890563059
0.017000000000000001 -0.016500000000000001 44.633325961561553
0.017500000000000002 -0.016500000000000001 31.206537066464204
0.017999999999999995 -0.016500000000000001 21.546592317041956
0.018500000000000003 -0.016500000000000001 14.686526924328854
0.019000000000000003 -0.016500000000000001 9.8784537162759261
0.019500000000000003 -0.016500000000000001 6.553600462510035
0.019999999999999997 -0.016500000000000001 4.2861113227347492
0.020499999999999997 -0.016500000000000001 2.7618488370513394
0.021000000000000005 -0.016500000000000001 1.752457768126501
0.021500000000000005 -0.016500000000000001 1.0943837519730513
0.021999999999999999 -0.016500000000000001 0.67226420453451097
0.022499999999999999 -0.016500000000000001 0.40601970311647495
0.023000000000000007 -0.016500000000000001 0.24098868643791752
0.023500000000000007 -0.016500000000000001 0.14051176280560296
0.024 -0.016500000000000001 0.080452197390220109
0.024500000000000001 -0.016500000000000001 0.045220277750183772
0.025000000000000001 -0.016500000000000001 0.024944608134880992
-0.025000000000000001 -0.016 0.038001078681528175
-0.024500000000000001 -0.016 0.068744975133861685
-0.024 -0.016 0.12202371641555193
-0.0235 -0.016 0.21257425790538997
-0.023 -0.016 0.36354742662618689
-0.022500000000000003 -0.016 0.61056736507678921
-0.022000000000000002 -0.016 1.0073598466040086
-0.021500000000000002 -0.016 1.6333883354635543
-0.021000000000000001 -0.016 2.6040051148709189
-0.020500000000000001 -0.016 4.0836915885531999
-0.02 -0.016 6.3030211669637959
-0.0195 -0.016 9.5800154262324337
-0.019 -0.016 14.346548014199092
-0.018500000000000003 -0.016 21.18032312335588
-0.018000000000000002 -0.016 30.842624491892046
-0.017500000000000002 -0.016 44.321372366650593
-0.017000000000000001 -0.016 62.877899885068778
-0.016500000000000001 -0.016 88.094152522588175
-0.016 -0.016 121.9147019071229
-0.0155 -0.016 166.67520192305813
-0.015000000000000001 -0.016 225.10611233947432
-0.014500000000000001 -0.016 300.29838834964744
-0.014 -0.016 395.61736813356833
-0.0135 -0.016 514.55338903413633
-0.012999999999999999 -0.016 660.50366941366906
-0.012500000000000001 -0.016 836.49010754172411
-0.012 -0.016 1044.8313243355087
-0.0115 -0.016 1286.8027270634095
-0.010999999999999999 -0.016 1562.332538566013
-0.010499999999999999 -0.016 1869.7906488001331
-0.010000000000000002 -0.016 2205.9267032781654
-0.0095000000000000015 -0.016 2566.0009493628081
-0.0090000000000000011 -0.016 2944.1251533329951
-0.0085000000000000006 -0.016 3333.7937255723054
-0.0080000000000000002 -0.016 3728.542936381612
-0.0074999999999999997 -0.016 4122.6375896892769
-0.0069999999999999993 -0.016 4511.6598657044606
-0.0064999999999999988 -0.016 4892.8732437868357
-0.0059999999999999984 -0.016 5265.2606679589326
-0.0054999999999999979 -0.016 5629.1896084664122
-0.005000000000000001 -0.016 5985.7296102302435
-0.0044999999999999971 -0.016 6335.7262985510424
-0.0040000000000000001 -0.016 6678.8020288226235
-0.0035000000000000031 -0.016 7012.490221721253
-0.0029999999999999992 -0.016 7331.7056091511859
-0.0025000000000000022 -0.016 7628.7024768792699
-0.0019999999999999983 -0.016 7893.5844490583286
-0.0015000000000000013 -0.016 8115.3192454211612
-0.00099999999999999742 -0.016 8283.1035599893294
-0.00050000000000000044 -0.016 8387.8414295372659
0 -0.016 8423.464091216867
0.00050000000000000044 -0.016 8387.8403653863224
0.0010000000000000009 -0.016 8283.1012432695952
0.0015000000000000013 -0.016 8115.3152844056258
0.0020000000000000018 -0.016 7893.5782203004219
0.0024999999999999988 -0.016 7628.6930861777646
0.0030000000000000027 -0.016 7331.6918465449262
0.0034999999999999996 -0.016 7012.4705171395781
0.0040000000000000036 -0.016 6678.7744170200922
0.0045000000000000005 -0.016 6335.6884036497931
0.0049999999999999975 -0.016 5985.6786611064699
0.0055000000000000014 -0.016 5629.1224958171115
0.0059999999999999984 -0.016 5265.1740516920336
0.0064999999999999988 -0.016 4892.7637151085555
0.0069999999999999993 -0.016 4511.5241619855415
0.0074999999999999997 -0.016 4122.4728523678468
0.0080000000000000002 -0.016 3728.346993761621
0.0085000000000000006 -0.016 3333.5653747403094
0.0090000000000000011 -0.016 2943.8644100636329
0.0095000000000000015 -0.016 2565.7092332267534
0.010000000000000002 -0.016 2205.6069281793543
0.010500000000000002 -0.016 1869.4471970948321
0.011000000000000003 -0.016 1561.9711090974884
0.011500000000000003 -0.016 1286.4300623365157
0.012000000000000004 -0.016 1044.4548374395849
0.012499999999999997 -0.016 836.11744281478207
0.013000000000000005 -0.016 660.14223994499002
0.013499999999999998 -0.016 514.20993732843908
0.014000000000000005 -0.016 395.29759303376551
0.014499999999999999 -0.016 300.0066722111851
0.014999999999999999 -0.016 224.84536906437739
0.0155 -0.016 166.44685107768723
0.016000000000000007 -0.016 121.71875925656474
0.016500000000000001 -0.016 87.929415132716173
0.017000000000000001 -0.016 62.742196015989123
0.017500000000000002 -0.016 44.211843365579128
0.017999999999999995 -0.016 30.756007545122323
0.018500000000000003 -0.016 21.113209071022993
0.019000000000000003 -0.016 14.295596053501386
0.019500000000000003 -0.016 9.5421149046386446
0.019999999999999997 -0.016 6.2753984546635113
0.020499999999999997 -0.016 4.0639662575029867
0.021000000000000005 -0.016 2.5902038424444349
0.021500000000000005 -0.016 1.6239270356718847
0.021999999999999999 -0.016 1.0010047914169096
0.022499999999999999 -0.016 0.60638497345303699
0.023000000000000007 -0.016 0.360850513772
0.023500000000000007 -0.016 0.21087035054998235
0.024 -0.016 0.12096893640824792
0.024500000000000001 -0.016 0.068105218720180119
0.025000000000000001 -0.016 0.037620885560438251
-0.025000000000000001 -0.0155 0.056381614026593675
-0.024500000000000001 -0.0155 0.10185650737206717
-0.024 -0.0155 0.18051415786370822
-0.0235 -0.0155 0.31390276198052913
-0.023 -0.0155 0.53572887088797649
-0.022500000000000003 -0.0155 0.89759757724225198
-0.022000000000000002 -0.0155 1.4768723941029573
-0.021500000000000002 -0.0155 2.3871805355968982
-0.021000000000000001 -0.0155 3.7921343042377611
-0.020500000000000001 -0.0155 5.9228687292418858
-0.02 -0.0155 9.1000060402017873
-0.0195 -0.0155 13.760639376518162
-0.019 -0.0155 20.490855773811898
-0.018500000000000003 -0.0155 30.064137654474468
-0.018000000000000002 -0.0155 43.485598027336152
-0.017500000000000002 -0.0155 62.041279053392117
-0.017000000000000001 -0.0155 87.350510474214218
-0.016500000000000001 -0.0155 121.4174344089043
-0.016 -0.0155 166.67520192305818
-0.0155 -0.0155 226.01317963092566
-0.015000000000000001 -0.0155 302.77422254304633
-0.014500000000000001 -0.0155 400.70649657128251
-0.014 -0.0155 523.85364144135463
-0.0135 -0.0155 676.36960108270364
-0.012999999999999999 -0.0155 862.25140752647712
-0.012500000000000001 -0.0155 1084.9951568035176
-0.012 -0.0155 1347.1968043482445
-0.0115 -0.0155 1650.1381656187789
-0.010999999999999999 -0.0155 1993.4159873712322
-0.010499999999999999 -0.0155 2374.6833332290967
-0.010000000000000002 -0.0155 2789.5727465203809
-0.0095000000000000015 -0.0155 3231.8557975184267
-0.0090000000000000011 -0.0155 3693.8624366586077
-0.0085000000000000006 -0.0155 4167.1386950380656
-0.0080000000000000002 -0.0155 4643.2696758594093
-0.0074999999999999997 -0.0155 5114.7470896720006
-0.0069999999999999993 -0.0155 5575.7291246151517
-0.0064999999999999988 -0.0155 6022.5362974287264
-0.0059999999999999984 -0.0155 6453.7566817679617
-0.0054999999999999979 -0.0155 6869.8969185532114
-0.005000000000000001 -0.0155 7272.6025836225272
-0.0044999999999999971 -0.0155 7663.5661477213007
-0.0040000000000000001 -0.0155 8043.3217733737256
-0.0035000000000000031 -0.0155 8410.1727618782024
-0.0029999999999999992 -0.0155 8759.4945562688972
-0.0025000000000000022 -0.0155 9083.5991024084051
-0.0019999999999999983 -0.0155 9372.2430083567433
-0.0015000000000000013 -0.0155 9613.732157795308
-0.00099999999999999742 -0.0155 9796.4470071244468
-0.00050000000000000044 -0.0155 9910.5151107593174
0 -0.0155 9949.3142667031152
0.00050000000000000044 -0.0155 9910.5130868430388
0.0010000000000000009 -0.0155 9796.4426009386334
0.0015000000000000013 -0.0155 9613.7246243115605
0.0020000000000000018 -0.0155 9372.2311618375843
0.0024999999999999988 -0.0155 9083.581242166123
0.0030000000000000027 -0.0155 8759.4683810697315
0.0034999999999999996 -0.0155 8410.1352855935384
0.0040000000000000036 -0.0155 8043.2692582892278
0.0045000000000000005 -0.0155 7663.4940751378863
0.0049999999999999975 -0.0155 7272.5056831200309
0.0055000000000000014 -0.0155 6869.7692765260435
0.0059999999999999984 -0.0155 6453.5919456711426
0.0064999999999999988 -0.0155 6022.3279840530085
0.0069999999999999993 -0.0155 5575.4710287426396
0.0074999999999999997 -0.0155 5114.4337745834537
0.0080000000000000002 -0.0155 4642.8970111905892
0.0085000000000000006 -0.0155 4166.7043929593037
0.0090000000000000011 -0.0155 3693.3665271717991
0.0095000000000000015 -0.0155 3231.300980515181
0.010000000000000002 -0.0155 2788.9645639754099
0.010500000000000002 -0.0155 2374.0301199770915
0.011000000000000003 -0.0155 1992.7285820829156
0.011500000000000003 -0.0155 1649.4293919123036
0.012000000000000004 -0.0155 1346.4807612311834
0.012499999999999997 -0.0155 1084.2863830969461
0.013000000000000005 -0.0155 861.56400223786636
0.013499999999999998 -0.0155 675.7163878299433
0.014000000000000005 -0.0155 523.24545889449689
0.014499999999999999 -0.0155 400.15167956345709
0.014999999999999999 -0.0155 302.27831304533225
0.0155 -0.0155 225.57887752672613
0.016000000000000007 -0.0155 166.30253719610477
0.016500000000000001 -0.0155 121.10411919018678
0.017000000000000001 -0.0155 87.092414316113491
0.017500000000000002 -0.0155 61.832965063755097
0.017999999999999995 -0.0155 43.32086063746425
0.018500000000000003 -0.0155 29.936492958865049
0.019000000000000003 -0.0155 20.393949875748959
0.019500000000000003 -0.0155 13.688556103729312
0.019999999999999997 -0.0155 9.0474702063351664
0.020499999999999997 -0.0155 5.8853529811953926
0.021000000000000005 -0.0155 3.7658855656105206
0.021500000000000005 -0.0155 2.3691860219295213
0.021999999999999999 -0.0155 1.4647856692407057
0.022499999999999999 -0.0155 0.8896430567331155
0.023000000000000007 -0.0155 0.53059959306326232
0.023500000000000007 -0.0155 0.3106620884081937
0.024 -0.0155 0.17850806423223772
0.024500000000000001 -0.0155 0.10063975007832607
0.025000000000000001 -0.0155 0.055658522013409963
-0.025000000000000001 -0.015000000000000001 0.08210924678223068
-0.024500000000000001 -0.015000000000000001 0.14815187685748837
-0.024 -0.015000000000000001 0.26219266844413314
-0.0235 -0.015000000000000001 0.45520719744326488
-0.023 -0.015000000000000001 0.77546602881401361
-0.022500000000000003 -0.015000000000000001 1.296540043036269
-0.022000000000000002 -0.015000000000000001 2.12813429735403
-0.021500000000000002 -0.015000000000000001 3.4303612681708793
-0.021000000000000001 -0.015000000000000001 5.4320604686904232
-0.020500000000000001 -0.015000000000000001 8.4537290061761805
-0.02 -0.015000000000000001 12.935548014250919
-0.0195 -0.015000000000000001 19.470873782832271
-0.019 -0.015000000000000001 28.845398589850127
-0.018500000000000003 -0.015000000000000001 42.081934663070996
-0.018000000000000002 -0.015000000000000001 60.490348335185573
-0.017500000000000002 -0.015000000000000001 85.721426004906462
-0.017000000000000001 -0.015000000000000001 119.82219817948665
-0.016500000000000001 -0.015000000000000001 165.28829098896543
-0.016 -0.015000000000000001 225.10611233947412
-0.0155 -0.015000000000000001 302.77422254304605
-0.015000000000000001 -0.015000000000000001 402.28954780775666
-0.014500000000000001 -0.015000000000000001 528.08107814981906
-0.014 -0.015000000000000001 684.87269626796319
-0.0135 -0.015000000000000001 877.45941631753976
-0.012999999999999999 -0.015000000000000001 1110.3890517193563
-0.012500000000000001 -0.015000000000000001 1387.5549759601802
-0.012 -0.015000000000000001 1711.7246822643883
-0.0115 -0.015000000000000001 2084.0509837928826
-0.010999999999999999 -0.015000000000000001 2503.6336986756469
-0.010499999999999999 -0.015000000000000001 2967.2138231094541
-0.010000000000000002 -0.015000000000000001 3469.083411080941
-0.0095000000000000015 -0.015000000000000001 4001.2777993928698
-0.0090000000000000011 -0.015000000000000001 4554.0806786883568
-0.0085000000000000006 -0.015000000000000001 5116.8196579926016
-0.0080000000000000002 -0.015000000000000001 5678.8684578707707
-0.0074999999999999997 -0.015000000000000001 6230.7142015265217
-0.0069999999999999993 -0.015000000000000001 6764.9091351689831
-0.0064999999999999988 -0.015000000000000001 7276.7188779748749
-0.0059999999999999984 -0.015000000000000001 7764.3121415971427
-0.0054999999999999979 -0.015000000000000001 8228.4094410723483
-0.005000000000000001 -0.015000000000000001 8671.4102813787413
-0.0044999999999999971 -0.015000000000000001 9096.1302201490744
-0.0040000000000000001 -0.015000000000000001 9504.3762150586608
-0.0035000000000000031 -0.015000000000000001 9895.6461357194821
-0.0029999999999999992 -0.015000000000000001 10266.238252499124
-0.0025000000000000022 -0.015000000000000001 10608.992946888016
-0.0019999999999999983 -0.015000000000000001 10913.770710411245
-0.0015000000000000013 -0.015000000000000001 11168.620614313211
-0.00099999999999999742 -0.015000000000000001 11361.444153674924
-0.00050000000000000044 -0.015000000000000001 11481.845003779152
0 -0.015000000000000001 11522.803646148153
0.00050000000000000044 -0.015000000000000001 11481.841232239303
0.0010000000000000009 -0.015000000000000001 11361.435942808917
0.0015000000000000013 -0.015000000000000001 11168.60657577098
0.0020000000000000018 -0.015000000000000001 10913.748634587488
0.0024999999999999988 -0.015000000000000001 10608.959664574822
0.0030000000000000027 -0.015000000000000001 10266.189475379377
0.0034999999999999996 -0.015000000000000001 9895.5762991840202
0.0040000000000000036 -0.015000000000000001 9504.278353928783
0.0045000000000000005 -0.015000000000000001 9095.9959138918621
0.0049999999999999975 -0.015000000000000001 8671.2297086394774
0.0055000000000000014 -0.015000000000000001 8228.1715819292403
0.0059999999999999984 -0.015000000000000001 7764.0051581709295
0.0064999999999999988 -0.015000000000000001 7276.3306888952602
0.0069999999999999993 -0.015000000000000001 6764.4281770986872
0.0074999999999999997 -0.015000000000000001 6230.1303432148143
0.0080000000000000002 -0.015000000000000001 5678.174002441322
0.0085000000000000006 -0.015000000000000001 5116.0103421066269
0.0090000000000000011 -0.015000000000000001 4553.1565582539733
0.0095000000000000015 -0.015000000000000001 4000.2439056205553
0.010000000000000002 -0.015000000000000001 3467.9500713635252
0.010500000000000002 -0.015000000000000001 2965.9965692955125
0.011000000000000003 -0.015000000000000001 2502.3527284773863
0.011500000000000003 -0.015000000000000001 2082.730193844453
0.012000000000000004 -0.015000000000000001 1710.3903458703933
0.012499999999999997 -0.015000000000000001 1386.2341860115691
0.013000000000000005 -0.015000000000000001 1109.1080815205473
0.013499999999999998 -0.015000000000000001 876.24216250218853
0.014000000000000005 -0.015000000000000001 683.73935654703223
0.014499999999999999 -0.015000000000000001 527.04718436896951
0.014999999999999999 -0.015000000000000001 401.36542735304994
0.0155 -0.015000000000000001 301.96490660966907
0.016000000000000007 -0.015000000000000001 224.41165680169436
0.016500000000000001 -0.015000000000000001 164.70443243468793
0.017000000000000001 -0.015000000000000001 119.34123957699661
0.017500000000000002 -0.015000000000000001 85.33323578126182
0.017999999999999995 -0.015000000000000001 60.18336249938806
0.018500000000000003 -0.015000000000000001 41.84407054735788
0.019000000000000003 -0.015000000000000001 28.664815796024897
0.019500000000000003 -0.015000000000000001 19.336547606113673
0.019999999999999997 -0.015000000000000001 12.837648218209479
0.020499999999999997 -0.015000000000000001 8.383818931246779
0.021000000000000005 -0.015000000000000001 5.3831463091764489
0.021500000000000005 -0.015000000000000001 3.3968287421168895
0.021999999999999999 -0.015000000000000001 2.105610853606517
0.022499999999999999 -0.015000000000000001 1.2817169046536347
0.023000000000000007 -0.015000000000000001 0.76590769089642852
0.023500000000000007 -0.015000000000000001 0.44916824729404015
0.024 -0.015000000000000001 0.25845434085120672
0.024500000000000001 -0.015000000000000001 0.14588446655632881
0.025000000000000001 -0.015000000000000001 0.080761774868306158
-0.025000000000000001 -0.014500000000000001 0.11737723105486926
-0.024500000000000001 -0.014500000000000001 0.21154535332527247
-0.024 -0.014500000000000001 0.37390514271494424
-0.0235 -0.014500000000000001 0.64822045930121064
-0.023 -0.014500000000000001 1.102462746315916
-0.022500000000000003 -0.014500000000000001 1.8398167639105878
-0.022000000000000002 -0.014500000000000001 3.0134140399020701
-0.021500000000000002 -0.014500000000000001 4.8454800789743464
-0.021000000000000001 -0.014500000000000001 7.6514926632668629
-0.020500000000000001 -0.014500000000000001 11.869785834815122
-0.02 -0.014500000000000001 18.096807078687124
-0.0195 -0.014500000000000001 27.127962583302686
-0.019 -0.014500000000000001 40.003682449001666
-0.018500000000000003 -0.014500000000000001 58.059993983435866
-0.018000000000000002 -0.014500000000000001 82.982443670101958
-0.017500000000000002 -0.014500000000000001 116.86151961429759
-0.017000000000000001 -0.014500000000000001 162.24658525070103
-0.016500000000000001 -0.014500000000000001 222.19349923784594
-0.016 -0.014500000000000001 300.29838834964733
-0.0155 -0.014500000000000001 400.70649657128246
-0.015000000000000001 -0.014500000000000001 528.08107814981918
-0.014500000000000001 -0.014500000000000001 687.51388315159738
-0.014 -0.014500000000000001 884.3573945585091
-0.0135 -0.014500000000000001 1123.961476169306
-0.012999999999999999 -0.014500000000000001 1411.3052804789145
-0.012500000000000001 -0.014500000000000001 1750.5302345215543
-0.012 -0.014500000000000001 2144.4012991211871
-0.0115 -0.014500000000000001 2593.7490316586645
-0.010999999999999999 -0.014500000000000001 3096.9695297138746
-0.010499999999999999 -0.014500000000000001 3649.6765075779008
-0.010000000000000002 -0.014500000000000001 4244.6023699494226
-0.0095000000000000015 -0.014500000000000001 4871.8273078220018
-0.0090000000000000011 -0.014500000000000001 5519.3747447983387
-0.0085000000000000006 -0.014500000000000001 6174.1508273579093
-0.0080000000000000002 -0.014500000000000001 6823.1341252406401
-0.0074999999999999997 -0.014500000000000001 7454.6536582678737
-0.0069999999999999993 -0.014500000000000001 8059.5458993086077
-0.0064999999999999988 -0.014500000000000001 8631.9703279468758
-0.0059999999999999984 -0.014500000000000001 9169.6983480847994
-0.0054999999999999979 -0.014500000000000001 9673.7720862666229
-0.005000000000000001 -0.014500000000000001 10147.546247152106
-0.0044999999999999971 -0.014500000000000001 10595.25567917154
-0.0040000000000000001 -0.014500000000000001 11020.364966865931
-0.0035000000000000031 -0.014500000000000001 11424.025633311825
-0.0029999999999999992 -0.014500000000000001 11803.97028046874
-0.0025000000000000022 -0.014500000000000001 12154.103855054587
-0.0019999999999999983 -0.014500000000000001 12464.919918451336
-0.0015000000000000013 -0.014500000000000001 12724.700215709985
-0.00099999999999999742 -0.014500000000000001 12921.285809339433
-0.00050000000000000044 -0.014500000000000001 13044.07682791532
0 -0.014500000000000001 13085.857489605078
0.00050000000000000044 -0.014500000000000001 13044.06994168245
0.0010000000000000009 -0.014500000000000001 12921.270817601933
0.0015000000000000013 -0.014500000000000001 12724.674583561095
0.0020000000000000018 -0.014500000000000001 12464.879611502638
0.0024999999999999988 -0.014500000000000001 12154.043086835682
0.0030000000000000027 -0.014500000000000001 11803.881221193536
0.0034999999999999996 -0.014500000000000001 11423.8981228876
0.0040000000000000036 -0.014500000000000001 11020.186287982417
0.0045000000000000005 -0.014500000000000001 10595.010457272732
0.0049999999999999975 -0.014500000000000001 10147.216550003848
0.0055000000000000014 -0.014500000000000001 9673.3377932416151
0.0059999999999999984 -0.014500000000000001 9169.1378450952725
0.0064999999999999988 -0.014500000000000001 8631.2615563291019
0.0069999999999999993 -0.014500000000000001 8058.6677462448906
0.0074999999999999997 -0.014500000000000001 7453.5876257031532
0.0080000000000000002 -0.014500000000000001 6821.8661599009392
0.0085000000000000006 -0.014500000000000001 6172.6731450635971
0.0090000000000000011 -0.014500000000000001 5517.6874476287603
0.0095000000000000015 -0.014500000000000001 4869.9395819685715
0.010000000000000002 -0.014500000000000001 4242.5330715915279
0.010500000000000002 -0.014500000000000001 3647.4539954047
0.011000000000000003 -0.014500000000000001 3094.6306815406074
0.011500000000000003 -0.014500000000000001 2591.3374789446752
0.012000000000000004 -0.014500000000000001 2141.9650127486725
0.012499999999999997 -0.014500000000000001 1748.1186818072313
0.013000000000000005 -0.014500000000000001 1408.9664323046457
0.013499999999999998 -0.014500000000000001 1121.7389639935309
0.014000000000000005 -0.014500000000000001 882.28809619419837
0.014499999999999999 -0.014500000000000001 685.62615728258163
0.014999999999999999 -0.014500000000000001 526.39378094313452
0.0155 -0.014500000000000001 399.22881419042238
0.016000000000000007 -0.014500000000000001 299.03042281215272
0.016500000000000001 -0.014500000000000001 221.127466230229
0.017000000000000001 -0.014500000000000001 161.36843121528369
0.017500000000000002 -0.014500000000000001 116.15274590770781
0.017999999999999995 -0.014500000000000001 82.421936281054755
0.018500000000000003 -0.014500000000000001 57.625691879236129
0.019000000000000003 -0.014500000000000001 39.673966942711665
0.019500000000000003 -0.014500000000000001 26.882704314634847
0.019999999999999997 -0.014500000000000001 17.918057596891309
0.020499999999999997 -0.014500000000000001 11.7421411392057
0.021000000000000005 -0.014500000000000001 7.5621831752073057
0.021500000000000005 -0.014500000000000001 4.7842550111211368
0.021999999999999999 -0.014500000000000001 2.9722898081782443
0.022499999999999999 -0.014500000000000001 1.8127520670305077
0.023000000000000007 -0.014500000000000001 1.0850107390729833
0.023500000000000007 -0.014500000000000001 0.63719429527010751
0.024 -0.014500000000000001 0.36707955014950622
0.024500000000000001 -0.014500000000000001 0.20740542216362842
0.025000000000000001 -0.014500000000000001 0.1149169613087872
-0.025000000000000001 -0.014 0.16472918585684274
-0.024500000000000001 -0.014 0.2965642071891017
-0.024 -0.014 0.52354877134475108
-0.0235 -0.014 0.90644250090953449
-0.023 -0.014 1.5393333432211711
-0.022500000000000003 -0.014 2.564546229178692
-0.022000000000000002 -0.014 4.1924029402567609
-0.021500000000000002 -0.014 6.7265738658527567
-0.021000000000000001 -0.014 10.595540361483208
-0.020500000000000001 -0.014 16.390338778774471
-0.02 -0.014 24.908306715289072
-0.0195 -0.014 37.202045821640027
-0.019 -0.014 54.632311651636762
-0.018500000000000003 -0.014 78.923080074084737
-0.018000000000000002 -0.014 112.21660521977076
-0.017500000000000002 -0.014 157.12576406505264
-0.017000000000000001 -0.014 216.78015438851796
-0.016500000000000001 -0.014 294.86097305868975
-0.016 -0.014 395.61736813356828
-0.0155 -0.014 523.85364144135463
-0.015000000000000001 -0.014 684.87269626796365
-0.014500000000000001 -0.014 884.35739455850967
-0.014 -0.014 1128.1695944070998
-0.0135 -0.014 1422.0486751712133
-0.012999999999999999 -0.014 1771.1994706557873
-0.012500000000000001 -0.014 2179.7751806242118
-0.012 -0.014 2650.2839047829157
-0.0115 -0.014 3182.9754806267492
-0.010999999999999999 -0.014 3775.2931696422793
-0.010499999999999999 -0.014 4421.4950422267693
-0.010000000000000002 -0.014 5112.5543835917024
-0.0095000000000000015 -0.014 5836.4300738922775
-0.0090000000000000011 -0.014 6578.7534863808505
-0.0085000000000000006 -0.014 7323.9108039659704
-0.0080000000000000002 -0.014 8056.4186270315204
-0.0074999999999999997 -0.014 8762.4124332631309
-0.0069999999999999993 -0.014 9431.0113327578511
-0.0064999999999999988 -0.014 10055.306923228309
-0.0059999999999999984 -0.014 10632.760708358561
-0.0054999999999999979 -0.014 11164.8843249314
-0.005000000000000001 -0.014 11656.207291888137
-0.0044999999999999971 -0.014 12112.683487353774
-0.0040000000000000001 -0.014 12539.817810387296
-0.0035000000000000031 -0.014 12940.876000090546
-0.0029999999999999992 -0.014 13315.549069276878
-0.0025000000000000022 -0.014 13659.370369387592
-0.0019999999999999983 -0.014 13964.038284623477
-0.0015000000000000013 -0.014 14218.609615938081
-0.00099999999999999742 -0.014 14411.338979502012
-0.00050000000000000044 -0.014 14531.792038580594
0 -0.014 14572.791151646181
0.00050000000000000044 -0.014 14531.779719407519
0.0010000000000000009 -0.014 14411.312159931367
0.0015000000000000013 -0.014 14218.563761131194
0.0020000000000000018 -0.014 13963.966177233779
0.0024999999999999988 -0.014 13659.261657669549
0.0030000000000000027 -0.014 13315.389746081477
0.0034999999999999996 -0.014 12940.647889450882
0.0040000000000000036 -0.014 12539.498161584772
0.0045000000000000005 -0.014 12112.244795971981
0.0049999999999999975 -0.014 11655.617477934946
0.0055000000000000014 -0.014 11164.10739347392
0.0059999999999999984 -0.014 10631.757992727644
0.0064999999999999988 -0.014 10054.038961427621
0.0069999999999999993 -0.014 9429.4403548687369
0.0074999999999999997 -0.014 8760.5053470643288
0.0080000000000000002 -0.014 8054.1502918230753
0.0085000000000000006 -0.014 7321.2672941868523
0.0090000000000000011 -0.014 6575.7349846465941
0.0095000000000000015 -0.014 5833.053013902424
0.010000000000000002 -0.014 5108.8524982364643
0.010500000000000002 -0.014 4417.5190639757775
0.011000000000000003 -0.014 3771.1090713136327
0.011500000000000003 -0.014 3178.6613170160558
0.012000000000000004 -0.014 2645.9254937257729
0.012499999999999997 -0.014 2175.4610170129172
0.013000000000000005 -0.014 1767.0153723253488
0.013499999999999998 -0.014 1418.0726969156115
0.014000000000000005 -0.014 1124.4677090403852
0.014499999999999999 -0.014 880.9803345407729
0.014999999999999999 -0.014 681.85419446732635
0.0155 -0.014 521.21013150740544
0.016000000000000007 -0.014 393.34903257127991
0.016500000000000001 -0.014 292.95388606756433
0.017000000000000001 -0.014 215.20917476107425
0.017500000000000002 -0.014 155.85779852755894
0.017999999999999995 -0.014 111.21388171829938
0.018500000000000003 -0.014 78.146132374323415
0.019000000000000003 -0.014 54.042464856720443
0.019500000000000003 -0.014 36.763289375732398
0.019999999999999997 -0.014 24.588531615486836
0.020499999999999997 -0.014 16.161987933403328
0.021000000000000005 -0.014 10.435769546090571
0.021500000000000005 -0.014 6.6170448647811826
0.021999999999999999 -0.014 4.1188334665348894
0.022499999999999999 -0.014 2.5161286558296916
0.023000000000000007 -0.014 1.5081124563028396
0.023500000000000007 -0.014 0.88671716985929527
0.024 -0.014 0.51133808115480472
0.024500000000000001 -0.014 0.28915804921264748
0.025000000000000001 -0.014 0.16032786958062326
-0.025000000000000001 -0.0135 0.22701119634286526
-0.024500000000000001 -0.0135 0.4082546199246983
-0.024 -0.0135 0.71989322003811429
-0.0235 -0.0135 1.2448107077681065
-0.023 -0.0135 2.1110122363243033
-0.022500000000000003 -0.0135 3.5115146305577798
-0.022000000000000002 -0.0135 5.7304691165770141
-0.021500000000000002 -0.0135 9.1762784744368524
-0.021000000000000001 -0.0135 14.422053227053519
-0.020500000000000001 -0.0135 22.253136721606822
-0.02 -0.0135 33.720658791672498
-0.0195 -0.0135 50.199241127266745
-0.019 -0.0135 73.446196574238314
-0.018500000000000003 -0.0135 105.65895826645394
-0.018000000000000002 -0.0135 149.52710273965883
-0.017500000000000002 -0.0135 208.27513318748206
-0.017000000000000001 -0.0135 285.69194146128478
-0.016500000000000001 -0.0135 386.14219676131904
-0.016 -0.0135 514.55338903413701
-0.0155 -0.0135 676.369601082705
-0.015000000000000001 -0.0135 877.45941631754215
-0.014500000000000001 -0.0135 1123.9614761693101
-0.014 -0.0135 1422.0486751712183
-0.0135 -0.0135 1777.5931068889277
-0.012999999999999999 -0.0135 2195.7211618113797
-0.012500000000000001 -0.0135 2680.263550634581
-0.012 -0.0135 3233.1287839097331
-0.0115 -0.0135 3853.6585081758776
-0.010999999999999999 -0.0135 4538.0537463902328
-0.010499999999999999 -0.0135 5278.9844873003858
-0.010000000000000002 -0.0135 6065.5019147442335
-0.0095000000000000015 -0.0135 6883.3546897764136
-0.0090000000000000011 -0.0135 7715.763939070067
-0.0085000000000000006 -0.0135 8544.6384031670386
-0.0080000000000000002 -0.0135 9352.1219199794723
-0.0074999999999999997 -0.0135 10122.277620363308
-0.0069999999999999993 -0.0135 10842.648556572196
-0.0064999999999999988 -0.0135 11505.413668126852
-0.0059999999999999984 -0.0135 12107.894809340334
-0.0054999999999999979 -0.0135 12652.266742814754
-0.005000000000000001 -0.0135 13144.464493313377
-0.0044999999999999971 -0.0135 13592.444436292013
-0.0040000000000000001 -0.0135 14004.101391127222
-0.0035000000000000031 -0.0135 14385.237633448396
-0.0029999999999999992 -0.0135 14737.993753020222
-0.0025000000000000022 -0.0135 15060.075148634456
-0.0019999999999999983 -0.0135 15344.952388578231
-0.0015000000000000013 -0.0135 15583.009711344537
-0.00099999999999999742 -0.0135 15763.4085610814
-0.00050000000000000044 -0.0135 15876.270626579073
0 -0.0135 15914.70714689401
0.00050000000000000044 -0.0135 15876.249033316999
0.0010000000000000009 -0.0135 15763.361551268797
0.0015000000000000013 -0.0135 15582.929336236841
0.0020000000000000018 -0.0135 15344.825997484131
0.0024999999999999988 -0.0135 15059.884596833283
0.0030000000000000027 -0.0135 14737.714488536138
0.0034999999999999996 -0.0135 14384.83779712865
0.0040000000000000036 -0.0135 14003.541105114256
0.0045000000000000005 -0.0135 13591.675490363585
0.0049999999999999975 -0.0135 13143.430657098077
0.0055000000000000014 -0.0135 12650.904923764527
0.0059999999999999984 -0.0135 12106.13723184105
0.0064999999999999988 -0.0135 11503.191162501002
0.0069999999999999993 -0.0135 10839.894919045622
0.0074999999999999997 -0.0135 10118.934846311664
0.0080000000000000002 -0.0135 9348.1459423440738
0.0085000000000000006 -0.0135 8540.0048129808947
0.0090000000000000011 -0.0135 7710.4730564248848
0.0095000000000000015 -0.0135 6877.4353199482393
0.010000000000000002 -0.0135 6059.0131853331495
0.010500000000000002 -0.0135 5272.0153230666765
0.011000000000000003 -0.0135 4530.7197856435751
0.011500000000000003 -0.0135 3846.0965667274995
0.012000000000000004 -0.0135 3225.4892847631568
0.012499999999999997 -0.0135 2672.7016091851447
0.013000000000000005 -0.0135 2188.387201061581
0.013499999999999998 -0.0135 1770.6239426471329
0.014000000000000005 -0.0135 1415.559945740021
0.014499999999999999 -0.0135 1118.0421062922624
0.014999999999999999 -0.0135 872.16853355600927
0.0155 -0.0135 671.73601062517446
0.016000000000000007 -0.0135 510.5774107785183
0.016500000000000001 -0.0135 382.79942132088121
0.017000000000000001 -0.0135 282.93830088773757
0.017500000000000002 -0.0135 206.05262101169779
0.017999999999999995 -0.0135 147.76951144473236
0.018500000000000003 -0.0135 104.29711074646504
0.019000000000000003 -0.0135 72.412302793386814
0.019500000000000003 -0.0135 49.43018115331752
0.019999999999999997 -0.0135 33.160151402624756
0.020499999999999997 -0.0135 21.852879365092903
0.021000000000000005 -0.0135 14.142004146818284
0.021500000000000005 -0.0135 8.9842941252689741
0.021999999999999999 -0.0135 5.6015152560201251
0.022499999999999999 -0.0135 3.4266474609793547
0.023000000000000007 -0.0135 2.0562877195587186
0.023500000000000007 -0.0135 1.21023580243024
0.024 -0.0135 0.69849010866055794
0.024500000000000001 -0.0135 0.39527297666096611
0.025000000000000001 -0.0135 0.21929649217771144
-0.025000000000000001 -0.012999999999999999 0.30729224365491048
-0.024500000000000001 -0.012999999999999999 0.55202751978307052
-0.024 -0.012999999999999999 0.97229089715797123
-0.0235 -0.012999999999999999 1.6791707872919348
-0.023 -0.012999999999999999 2.8438137899285554
-0.022500000000000003 -0.012999999999999999 4.7235488916315189
-0.022000000000000002 -0.012999999999999999 7.6959132266756596
-0.021500000000000002 -0.012999999999999999 12.301314421042729
-0.021000000000000001 -0.012999999999999999 19.294375705016819
-0.020500000000000001 -0.012999999999999999 29.703027916366935
-0.02 -0.012999999999999999 44.893206217028514
-0.0195 -0.012999999999999999 66.635726163868981
-0.019 -0.012999999999999999 97.170765819801531
-0.018500000000000003 -0.012999999999999999 139.26459917772542
-0.018000000000000002 -0.012999999999999999 196.25298475889952
-0.017500000000000002 -0.012999999999999999 272.06593388762883
-0.017000000000000001 -0.012999999999999999 371.22925827756467
-0.016500000000000001 -0.012999999999999999 498.83887079226309
-0.016 -0.012999999999999999 660.50366941367133
-0.0155 -0.012999999999999999 862.25140752648156
-0.015000000000000001 -0.012999999999999999 1110.3890517193656
-0.014500000000000001 -0.012999999999999999 1411.305280478929
-0.014 -0.012999999999999999 1771.1994706558098
-0.0135 -0.012999999999999999 2195.7211618114047
-0.012999999999999999 -0.012999999999999999 2689.5094674644997
-0.012500000000000001 -0.012999999999999999 3255.6357016785491
-0.012 -0.012999999999999999 3894.9755155302105
-0.0115 -0.012999999999999999 4605.5672606945927
-0.010999999999999999 -0.012999999999999999 5382.045862426522
-0.010499999999999999 -0.012999999999999999 6215.2677489826165
-0.010000000000000002 -0.012999999999999999 7092.252159102386
-0.0095000000000000015 -0.012999999999999999 7996.548080790164
-0.0090000000000000011 -0.012999999999999999 8909.088876212747
-0.0085000000000000006 -0.012999999999999999 9809.5200794388529
-0.0080000000000000002 -0.012999999999999999 10677.890385580855
-0.0074999999999999997 -0.012999999999999999 11496.500080930944
-0.0069999999999999993 -0.012999999999999999 12251.62859884938
-0.0064999999999999988 -0.012999999999999999 12934.83644720956
-0.0059999999999999984 -0.012999999999999999 13543.57223228751
-0.0054999999999999979 -0.012999999999999999 14080.915757843632
-0.005000000000000001 -0.012999999999999999 14554.439966873208
-0.0044999999999999971 -0.012999999999999999 14974.349369863055
-0.0040000000000000001 -0.012999999999999999 15351.212229511044
-0.0035000000000000031 -0.012999999999999999 15693.708744022679
-0.0029999999999999992 -0.012999999999999999 16006.83755726828
-0.0025000000000000022 -0.012999999999999999 16290.945952998372
-0.0019999999999999983 -0.012999999999999999 16541.785837658528
-0.0015000000000000013 -0.012999999999999999 16751.580950441483
-0.00099999999999999742 -0.012999999999999999 16910.868798516978
-0.00050000000000000044 -0.012999999999999999 17010.705676171128
0 -0.012999999999999999 17044.737785315418
0.00050000000000000044 -0.012999999999999999 17010.668591724567
0.0010000000000000009 -0.012999999999999999 16910.788063476706
0.0015000000000000013 -0.012999999999999999 16751.442913567946
0.0020000000000000018 -0.012999999999999999 16541.568772550036
0.0024999999999999988 -0.012999999999999999 16290.618697761829
0.0030000000000000027 -0.012999999999999999 16006.357946137701
0.0034999999999999996 -0.012999999999999999 15693.022061826079
0.0040000000000000036 -0.012999999999999999 15350.249989686647
0.0045000000000000005 -0.012999999999999999 14973.028775777133
0.0049999999999999975 -0.012999999999999999 14552.664448021662
0.0055000000000000014 -0.012999999999999999 14078.57695856355
0.0059999999999999984 -0.012999999999999999 13540.553754179622
0.0064999999999999988 -0.012999999999999999 12931.019497698646
0.0069999999999999993 -0.012999999999999999 12246.899479027121
0.0074999999999999997 -0.012999999999999999 11490.759173176595
0.0080000000000000002 -0.012999999999999999 10671.062008764018
0.0085000000000000006 -0.012999999999999999 9801.5623133980971
0.0090000000000000011 -0.012999999999999999 8900.0022706762084
0.0095000000000000015 -0.012999999999999999 7986.382106176743
0.010000000000000002 -0.012999999999999999 7081.1083616406249
0.010500000000000002 -0.012999999999999999 6203.2988487899938
0.011000000000000003 -0.012999999999999999 5369.4504576907957
0.011500000000000003 -0.012999999999999999 4592.5803200195151
0.012000000000000004 -0.012999999999999999 3881.8553766239256
0.012499999999999997 -0.012999999999999999 3242.6487610016488
0.013000000000000005 -0.012999999999999999 2676.9140627233774
0.013499999999999998 -0.012999999999999999 2183.7522616048955
0.014000000000000005 -0.012999999999999999 1760.0556731595095
0.014499999999999999 -0.012999999999999999 1401.1393057815746
0.014999999999999999 -0.012999999999999999 1101.3024459830058
0.0155 -0.012999999999999999 854.29364101964325
0.016000000000000007 -0.012999999999999999 653.67529153166538
0.016500000000000001 -0.012999999999999999 493.09796065279073
0.017000000000000001 -0.012999999999999999 366.50013322240738
0.017500000000000002 -0.012999999999999999 268.24897312780331
0.017999999999999995 -0.012999999999999999 193.2344829582612
0.018500000000000003 -0.012999999999999999 136.92575100343865
0.019000000000000003 -0.012999999999999999 95.395148104706323
0.019500000000000003 -0.012999999999999999 65.314936215224236
0.019999999999999997 -0.012999999999999999 43.930586199510458
0.020499999999999997 -0.012999999999999999 29.015622627752052
0.021000000000000005 -0.012999999999999999 18.813417102526422
0.021500000000000005 -0.012999999999999999 11.971598914752738
0.021999999999999999 -0.012999999999999999 7.4744468019079395
0.022499999999999999 -0.012999999999999999 4.5777973139313861
0.023000000000000007 -0.012999999999999999 2.7498294530279441
0.023500000000000007 -0.012999999999999999 1.6197915594131318
0.024 -0.012999999999999999 0.93553301697336544
0.024500000000000001 -0.012999999999999999 0.52973273846506375
0.025000000000000001 -0.012999999999999999 0.29404294702882516
-0.025000000000000001 -0.012500000000000001 0.40876083446881695
-0.024500000000000001 -0.012500000000000001 0.73345774546609088
-0.024 -0.012500000000000001 1.290298680757165
-0.0235 -0.012500000000000001 2.2255847753265643
-0.023 -0.012500000000000001 3.7642010888627926
-0.022500000000000003 -0.012500000000000001 6.2433837658560769
-0.022000000000000002 -0.012500000000000001 10.156368084796743
-0.021500000000000002 -0.012500000000000001 16.206561226337392
-0.021000000000000001 -0.012500000000000001 25.371833608950986
-0.020500000000000001 -0.012500000000000001 38.977056354112726
-0.02 -0.012500000000000001 58.771235082280711
-0.0195 -0.012500000000000001 87.003727042348615
-0.019 -0.012500000000000001 126.49241241104993
-0.018500000000000003 -0.012500000000000001 180.67570513828667
-0.018000000000000002 -0.012500000000000001 253.64026460512031
-0.017500000000000002 -0.012500000000000001 350.11734936551505
-0.017000000000000001 -0.012500000000000001 475.44276599471641
-0.016500000000000001 -0.012500000000000001 635.47775986034083
-0.016 -0.012500000000000001 836.49010754173207
-0.0155 -0.012500000000000001 1084.9951568035319
-0.015000000000000001 -0.012500000000000001 1387.554975960207
-0.014500000000000001 -0.012500000000000001 1750.5302345216019
-0.014 -0.012500000000000001 2179.7751806242886
-0.0135 -0.012500000000000001 2680.2635506346892
-0.012999999999999999 -0.012500000000000001 3255.6357016786651
-0.012500000000000001 -0.012500000000000001 3907.6678580168104
-0.012 -0.012500000000000001 4635.6848440290232
-0.0115 -0.012500000000000001 5435.9669673004482
-0.010999999999999999 -0.012500000000000001 6301.2349891002341
-0.010499999999999999 -0.012500000000000001 7220.3258347556084
-0.010000000000000002 -0.012500000000000001 8178.1849758940962
-0.0095000000000000015 -0.012500000000000001 9156.2887581812665
-0.0090000000000000011 -0.012500000000000001 10133.564758563791
-0.0085000000000000006 -0.012500000000000001 11087.801242967358
-0.0080000000000000002 -0.012500000000000001 11997.438023015746
-0.0074999999999999997 -0.012500000000000001 12843.52955818285
-0.0069999999999999993 -0.012500000000000001 13611.591869213147
-0.0064999999999999988 -0.012500000000000001 14293.012547631388
-0.0059999999999999984 -0.012500000000000001 14885.735596120348
-0.0054999999999999979 -0.012500000000000001 15394.034245582901
-0.005000000000000001 -0.012500000000000001 15827.342350765093
-0.0044999999999999971 -0.012500000000000001 16198.299091953095
-0.0040000000000000001 -0.012500000000000001 16520.332152400704
-0.0035000000000000031 -0.012500000000000001 16805.219300067718
-0.0029999999999999992 -0.012500000000000001 17061.094679523718
-0.0025000000000000022 -0.012500000000000001 17291.290314660848
-0.0019999999999999983 -0.012500000000000001 17494.235808147387
-0.0015000000000000013 -0.012500000000000001 17664.414011327761
-0.00099999999999999742 -0.012500000000000001 17794.137961824948
-0.00050000000000000044 -0.012500000000000001 17875.729537344163
0 -0.012500000000000001 17903.588599932023
0.00050000000000000044 -0.012500000000000001 17875.667134814448
0.0010000000000000009 -0.012500000000000001 17794.002107815606
0.0015000000000000013 -0.012500000000000001 17664.181734702357
0.0020000000000000018 -0.012500000000000001 17493.870549578409
0.0024999999999999988 -0.012500000000000001 17290.739637584185
0.0030000000000000027 -0.012500000000000001 17060.28763100064
0.0034999999999999996 -0.012500000000000001 16804.063810094154
0.0040000000000000036 -0.012500000000000001 16518.712977657633
0.0045000000000000005 -0.012500000000000001 16196.076909358324
0.0049999999999999975 -0.012500000000000001 15824.354659747343
0.0055000000000000014 -0.012500000000000001 15390.098714515279
0.0059999999999999984 -0.012500000000000001 14880.656359748202
0.0064999999999999988 -0.012500000000000001 14286.589711985895
0.0069999999999999993 -0.012500000000000001 13603.634111511781
0.0074999999999999997 -0.012500000000000001 12833.86925042749
0.0080000000000000002 -0.012500000000000001 11985.947815483623
0.0085000000000000006 -0.012500000000000001 11074.410596002048
0.0090000000000000011 -0.012500000000000001 10118.274597200709
0.0095000000000000015 -0.012500000000000001 9139.1823270032946
0.010000000000000002 -0.012500000000000001 8159.4331481953332
0.010500000000000002 -0.012500000000000001 7200.1855948664816
0.011000000000000003 -0.012500000000000001 6280.040521037532
0.011500000000000003 -0.012500000000000001 5414.1136561012117
0.012000000000000004 -0.012500000000000001 4613.6073982571779
0.012499999999999997 -0.012500000000000001 3885.8145468145049
0.013000000000000005 -0.012500000000000001 3234.4412336068845
0.013499999999999998 -0.012500000000000001 2660.1233107221924
0.014000000000000005 -0.012500000000000001 2161.023352867408
0.014499999999999999 -0.012500000000000001 1733.4238032023932
0.014999999999999999 -0.012500000000000001 1372.2648142608871
0.0155 -0.012500000000000001 1071.6045090539419
0.016000000000000007 -0.012500000000000001 824.9998982172375
0.016500000000000001 -0.012500000000000001 625.81744809149711
0.017000000000000001 -0.012500000000000001 467.48499948787685
0.017500000000000002 -0.012500000000000001 343.69449479131936
0.017999999999999995 -0.012500000000000001 248.56098836484369
0.018500000000000003 -0.012500000000000001 176.74009179568208
0.019000000000000003 -0.012500000000000001 123.50455503419194
0.019500000000000003 -0.012500000000000001 84.781214866564042
0.019999999999999997 -0.012500000000000001 57.151420582796412
0.020499999999999997 -0.012500000000000001 37.820349623255851
0.021000000000000005 -0.012500000000000001 24.56251767557335
0.021500000000000005 -0.012500000000000001 15.651744218510805
0.021999999999999999 -0.012500000000000001 9.7837033578438799
0.022499999999999999 -0.012500000000000001 5.9981254971883242
0.023000000000000007 -0.012500000000000001 3.6060522982023357
0.023500000000000007 -0.012500000000000001 2.1256664975680568
0.024 -0.012500000000000001 1.2284456689666481
0.024500000000000001 -0.012500000000000001 0.6959419974195753
0.025000000000000001 -0.012500000000000001 0.38646605315081023
-0.025000000000000001 -0.012 0.53461424539160152
-0.024500000000000001 -0.012 0.95806547345872373
-0.024 -0.012 1.6832611093949019
-0.0235 -0.012 2.8995608687043402
-0.023 -0.012 4.8974042910454365
-0.022500000000000003 -0.012 8.1112519060873076
-0.022000000000000002 -0.012 13.174707198724381
-0.021500000000000002 -0.012 20.98829075470875
-0.021000000000000001 -0.012 32.798825810027552
-0.020500000000000001 -0.012 50.287313410397893
-0.02 -0.012 75.659677795352664
-0.0195 -0.012 111.73217380714649
-0.019 -0.012 162.00105629400895
-0.018500000000000003 -0.012 230.68489748768934
-0.018000000000000002 -0.012 322.72823889531884
-0.017500000000000002 -0.012 443.75738516817859
-0.017000000000000001 -0.012 599.98297324700206
-0.016500000000000001 -0.012 798.04882290671105
-0.016 -0.012 1044.8313243355303
-0.0155 -0.012 1347.1968043482864
-0.015000000000000001 -0.012 1711.7246822644654
-0.014500000000000001 -0.012 2144.401299121324
-0.014 -0.012 2650.2839047831449
-0.0135 -0.012 3233.1287839100955
-0.012999999999999999 -0.012 3894.9755155307148
-0.012500000000000001 -0.012 4635.6848440295498
-0.012 -0.012 5452.4434120572159
-0.0115 -0.012 6339.274714916186
-0.010999999999999999 -0.012 7286.6280989112283
-0.010499999999999999 -0.012 8281.1481889291481
-0.010000000000000002 -0.012 9305.744497104597
-0.0095000000000000015 -0.012 10340.073554611809
-0.0090000000000000011 -0.012 11361.505649345385
-0.0085000000000000006 -0.012 12346.574381711291
-0.0080000000000000002 -0.012 13272.808821906861
-0.0074999999999999997 -0.012 14120.743935158291
-0.0069999999999999993 -0.012 14875.820697381909
-0.0064999999999999988 -0.012 15529.849244473029
-0.0059999999999999984 -0.012 16081.736021412877
-0.0054999999999999979 -0.012 16537.275060997214
-0.005000000000000001 -0.012 16907.962220100038
-0.0044999999999999971 -0.012 17208.979970588072
-0.0040000000000000001 -0.012 17456.677745332818
-0.0035000000000000031 -0.012 17665.995105781636
-0.0029999999999999992 -0.012 17848.307488723796
-0.0025000000000000022 -0.012 18010.101669859196
-0.0019999999999999983 -0.012 18152.720136028769
-0.0015000000000000013 -0.012 18273.184641765329
-0.00099999999999999742 -0.012 18365.871016026817
-0.00050000000000000044 -0.012 18424.616419596026
0 -0.012 18444.743989602433
0.00050000000000000044 -0.012 18424.513535217946
0.0010000000000000009 -0.012 18365.647030631902
0.0015000000000000013 -0.012 18272.801682352336
0.0020000000000000018 -0.012 18152.117926456791
0.0024999999999999988 -0.012 18009.193756849614
0.0030000000000000027 -0.012 17846.976890657312
0.0034999999999999996 -0.012 17664.090024884143
0.0040000000000000036 -0.012 17454.008177492935
0.0045000000000000005 -0.012 17205.316210876696
0.0049999999999999975 -0.012 16903.036350368791
0.0055000000000000014 -0.012 16530.786467214522
0.0059999999999999984 -0.012 16073.361776367206
0.0064999999999999988 -0.012 15519.259778726093
0.0069999999999999993 -0.012 14862.700572992586
0.0074999999999999997 -0.012 14104.816780280518
0.0080000000000000002 -0.012 13253.864672343892
0.0085000000000000006 -0.012 12324.496937231144
0.0090000000000000011 -0.012 11336.296435073633
0.0095000000000000015 -0.012 10311.869817662915
0.010000000000000002 -0.012 9274.8279599131401
0.010500000000000002 -0.012 8247.9425470269452
0.011000000000000003 -0.012 7251.6843285950799
0.011500000000000003 -0.012 6303.2446959067775
0.012000000000000004 -0.012 5416.0438576104461
0.012499999999999997 -0.012 4599.6548250150736
0.013000000000000005 -0.012 3860.0317451995961
0.013499999999999998 -0.012 3199.9231419693538
0.014000000000000005 -0.012 2619.3673674958723
0.014499999999999999 -0.012 2116.1975619395716
0.014999999999999999 -0.012 1686.5154674383496
0.0155 -0.012 1325.1193585750837
0.016000000000000007 -0.012 1025.88717181744
0.016500000000000001 -0.012 782.12166141182297
0.017000000000000001 -0.012 586.86283433991048
0.017500000000000002 -0.012 433.16788821308859
0.017999999999999995 -0.012 314.35392811821254
0.018500000000000003 -0.012 224.19616805648604
0.019000000000000003 -0.012 157.07491228296504
0.019500000000000003 -0.012 108.06787070854043
0.019999999999999997 -0.012 72.989055175464372
0.020499999999999997 -0.012 48.380226419272084
0.021000000000000005 -0.012 31.464489415951331
0.021500000000000005 -0.012 20.073552152558879
0.021999999999999999 -0.012 12.560286936557528
0.022499999999999999 -0.012 7.7068893817196829
0.023000000000000007 -0.012 4.6366610159480466
0.023500000000000007 -0.012 2.7348234788321726
0.024 -0.012 1.5812827331990109
0.024500000000000001 -0.012 0.89621246166820667
0.025000000000000001 -0.012 0.49785636520699511
-0.025000000000000001 -0.0115 0.6879646476845741
-0.024500000000000001 -0.0115 1.2311233964322634
-0.024 -0.0115 2.1599313853074142
-0.0235 -0.0115 3.7153363873639726
-0.023 -0.0115 6.2661097474225738
-0.022500000000000003 -0.0115 10.362561845451348
-0.022000000000000002 -0.0115 16.805051906262253
-0.021500000000000002 -0.0115 26.727492589375856
-0.021000000000000001 -0.0115 41.693966474909622
-0.020500000000000001 -0.0115 63.803736888619554
-0.02 -0.0115 95.796561041185527
-0.0195 -0.0115 141.1467489391236
-0.019 -0.0115 204.13153767383136
-0.018500000000000003 -0.0115 289.85789327850415
-0.018000000000000002 -0.0115 404.23260577349373
-0.017500000000000002 -0.0115 553.86402048563423
-0.017000000000000001 -0.0115 745.88991384531687
-0.016500000000000001 -0.0115 987.73409257734431
-0.016 -0.0115 1286.8027270634689
-0.0155 -0.0115 1650.1381656188917
-0.015000000000000001 -0.0115 2084.0509837930908
-0.014500000000000001 -0.0115 2593.7490316590374
-0.014 -0.0115 3182.975480627395
-0.0135 -0.0115 3853.6585081769431
-0.012999999999999999 -0.0115 4605.5672606962326
-0.012500000000000001 -0.0115 5435.9669673026856
-0.012 -0.0115 6339.2747149184752
-0.0115 -0.0115 7306.7379984139925
-0.010999999999999999 -0.0115 8326.1880518036014
-0.010499999999999999 -0.0115 9381.9516220953483
-0.010000000000000002 -0.0115 10455.026872424043
-0.0095000000000000015 -0.0115 11523.628946006722
-0.0090000000000000011 -0.0115 12564.178671453417
-0.0085000000000000006 -0.0115 13552.741267722309
-0.0080000000000000002 -0.0115 14466.828083652383
-0.0074999999999999997 -0.0115 15287.37125575776
-0.0069999999999999993 -0.0115 16000.594209064184
-0.0064999999999999988 -0.0115 16599.457366958821
-0.0059999999999999984 -0.0115 17084.379415504591
-0.0054999999999999979 -0.0115 17463.027648442334
-0.005000000000000001 -0.0115 17749.125835649076
-0.0044999999999999971 -0.0115 17960.416101500876
-0.0040000000000000001 -0.0115 18116.091021123051
-0.0035000000000000031 -0.0115 18234.138970462522
-0.0029999999999999992 -0.0115 18329.083771962934
-0.0025000000000000022 -0.0115 18410.532149393683
-0.0019999999999999983 -0.0115 18482.778152140472
-0.0015000000000000013 -0.0115 18545.48635735174
-0.00099999999999999742 -0.0115 18595.237056640563
-0.00050000000000000044 -0.0115 18627.523959768154
0 -0.0115 18638.69620833622
0.00050000000000000044 -0.0115 18627.357758809325
0.0010000000000000009 -0.0115 18594.875227292971
0.0015000000000000013 -0.0115 18544.867719004313
0.0020000000000000018 -0.0115 18481.805333816195
0.0024999999999999988 -0.0115 18409.065493176855
0.0030000000000000027 -0.0115 18326.934304001017
0.0034999999999999996 -0.0115 18231.061474367219
0.0040000000000000036 -0.0115 18111.778561419007
0.0045000000000000005 -0.0115 17954.497609419657
0.0049999999999999975 -0.0115 17741.168512217908
0.0055000000000000014 -0.0115 17452.545877271088
0.0059999999999999984 -0.0115 17070.851535159418
0.0064999999999999988 -0.0115 16582.35098605372
0.0069999999999999993 -0.0115 15979.399764444444
0.0074999999999999997 -0.0115 15261.642292221281
0.0080000000000000002 -0.0115 14436.225421904204
0.0085000000000000006 -0.0115 13517.077034633126
0.0090000000000000011 -0.0115 12523.455330733825
0.0095000000000000015 -0.0115 11478.068208692408
0.010000000000000002 -0.0115 10405.083837137596
0.010500000000000002 -0.0115 9328.3107329181148
0.011000000000000003 -0.0115 8269.7393640630162
0.011500000000000003 -0.0115 7248.5345683333644
0.012000000000000004 -0.0115 6280.4743317808652
0.012499999999999997 -0.0115 5377.7635372138657
0.013000000000000005 -0.0115 4549.1185729314648
0.013499999999999998 -0.0115 3800.0176189374529
0.014000000000000005 -0.0115 3133.0324451861688
0.014499999999999999 -0.0115 2548.1882939685602
0.014999999999999999 -0.0115 2043.3276421779708
0.0155 -0.0115 1614.4739304408874
0.016000000000000007 -0.0115 1256.2000605415474
0.016500000000000001 -0.0115 962.00511835147654
0.017000000000000001 -0.0115 724.69544577335512
0.017500000000000002 -0.0115 536.75758916641473
0.017999999999999995 -0.0115 390.70461924477411
0.018500000000000003 -0.0115 279.37590297862249
0.019000000000000003 -0.0115 196.1737711669908
0.019500000000000003 -0.0115 135.22737906207041
0.019999999999999997 -0.0115 91.482397429786047
0.020499999999999997 -0.0115 60.723000119741229
0.021000000000000005 -0.0115 39.538459562843485
0.021500000000000005 -0.0115 25.249810208515058
0.021999999999999999 -0.0115 15.812508250933819
0.022499999999999999 -0.0115 9.7093485926880838
0.023000000000000007 -0.0115 5.8449011719521691
0.023500000000000007 -0.0115 3.4492171507744507
0.024 -0.0115 1.9951939954352673
0.024500000000000001 -0.0115 1.131205118673773
0.025000000000000001 -0.0115 0.62858541980578087
-0.025000000000000001 -0.010999999999999999 0.87179093106192085
-0.024500000000000001 -0.010999999999999999 1.5575421161829568
-0.024 -0.010999999999999999 2.7282236442829819
-0.0235 -0.010999999999999999 4.6853767673671252
-0.023 -0.010999999999999999 7.8894977618684692
-0.022500000000000003 -0.010999999999999999 13.0261277287123
-0.022000000000000002 -0.010999999999999999 21.089634789954381
-0.021500000000000002 -0.010999999999999999 33.484502555365559
-0.021000000000000001 -0.010999999999999999 52.141172109591224
-0.020500000000000001 -0.010999999999999999 79.639756204070721
-0.02 -0.010999999999999999 119.3305380971332
-0.0195 -0.010999999999999999 175.43568313584191
-0.019 -0.010999999999999999 253.11293993424368
-0.018500000000000003 -0.010999999999999999 358.46040849069249
-0.018000000000000002 -0.010999999999999999 498.44280796976125
-0.017500000000000002 -0.010999999999999999 680.72485057376946
-0.017000000000000001 -0.010999999999999999 913.40638255608405
-0.016500000000000001 -0.010999999999999999 1204.6659641406713
-0.016 -0.010999999999999999 1562.3325385661688
-0.0155 -0.010999999999999999 1993.4159873715273
-0.015000000000000001 -0.010999999999999999 2503.6336986761944
-0.014500000000000001 -0.010999999999999999 3096.9695297148614
-0.014 -0.010999999999999999 3775.2931696440096
-0.0135 -0.010999999999999999 4538.0537463931578
-0.012999999999999999 -0.010999999999999999 5382.0458624312487
-0.012500000000000001 -0.010999999999999999 6301.2349891073627
-0.012 -0.010999999999999999 7286.6280989207653
-0.0115 -0.010999999999999999 8326.1880518131547
-0.010999999999999999 -0.010999999999999999 9404.8156842129902
-0.010499999999999999 -0.010999999999999999 10504.455450746802
-0.010000000000000002 -0.010999999999999999 11604.407699061956
-0.0095000000000000015 -0.010999999999999999 12681.939837311395
-0.0090000000000000011 -0.010999999999999999 13713.268277332014
-0.0085000000000000006 -0.010999999999999999 14674.928068820134
-0.0080000000000000002 -0.010999999999999999 15545.462567863102
-0.0074999999999999997 -0.010999999999999999 16307.267341687493
-0.0069999999999999993 -0.010999999999999999 16948.335458150446
-0.0064999999999999988 -0.010999999999999999 17463.602844134144
-0.0059999999999999984 -0.010999999999999999 17855.604994027712
-0.0054999999999999979 -0.010999999999999999 18134.239640928419
-0.005000000000000001 -0.010999999999999999 18315.575784181048
-0.0044999999999999971 -0.010999999999999999 18419.830936591272
-0.0040000000000000001 -0.010999999999999999 18468.815304711359
-0.0035000000000000031 -0.010999999999999999 18483.269541240268
-0.0029999999999999992 -0.010999999999999999 18480.565224970025
-0.0025000000000000022 -0.010999999999999999 18473.176461962754
-0.0019999999999999983 -0.010999999999999999 18468.174224351027
-0.0015000000000000013 -0.010999999999999999 18467.774652916694
-0.00099999999999999742 -0.010999999999999999 18470.739140724902
-0.00050000000000000044 -0.010999999999999999 18474.234026256367
0 -0.010999999999999999 18475.658887257174
0.00050000000000000044 -0.010999999999999999 18473.970966471556
0.0010000000000000009 -0.010999999999999999 18470.166443966806
0.0015000000000000013 -0.010999999999999999 18466.795483652608
0.0020000000000000018 -0.010999999999999999 18466.634465610499
0.0024999999999999988 -0.010999999999999999 18470.855065795709
0.0030000000000000027 -0.010999999999999999 18477.16308707928
0.0034999999999999996 -0.010999999999999999 18478.398537689638
0.0040000000000000036 -0.010999999999999999 18461.989623742211
0.0045000000000000005 -0.010999999999999999 18410.463257462132
0.0049999999999999975 -0.010999999999999999 18302.981080731741
0.0055000000000000014 -0.010999999999999999 18117.649288573484
0.0059999999999999984 -0.010999999999999999 17834.193316757217
0.0064999999999999988 -0.010999999999999999 17436.527182769591
0.0069999999999999993 -0.010999999999999999 16914.789285612991
0.0074999999999999997 -0.010999999999999999 16266.54401699132
0.0080000000000000002 -0.010999999999999999 15497.025244331937
0.0085000000000000006 -0.010999999999999999 14618.479384361031
0.0090000000000000011 -0.010999999999999999 13648.812131460252
0.0095000000000000015 -0.010999999999999999 12609.827150128449
0.010000000000000002 -0.010999999999999999 11525.358792198751
0.010500000000000002 -0.010999999999999999 10419.553649558495
0.011000000000000003 -0.010999999999999999 9315.4697517088352
0.011500000000000003 -0.010999999999999999 8234.0647457871164
0.012000000000000004 -0.010999999999999999 7193.5599467048132
0.012499999999999997 -0.010999999999999999 6209.1116830683532
0.013000000000000005 -0.010999999999999999 5292.6999298888177
0.013499999999999998 -0.010999999999999999 4453.1519451063104
0.014000000000000005 -0.010999999999999999 3696.2442625358258
0.014499999999999999 -0.010999999999999999 3024.8568419365338
0.014999999999999999 -0.010999999999999999 2439.1775513870093
0.0155 -0.010999999999999999 1936.9672996062775
0.016000000000000007 -0.010999999999999999 1513.8952074792155
0.016500000000000001 -0.010999999999999999 1163.9426225255415
0.017000000000000001 -0.010999999999999999 879.86017289889219
0.017500000000000002 -0.010999999999999999 653.64910941468622
0.017999999999999995 -0.010999999999999999 477.03096263392763
0.018500000000000003 -0.010999999999999999 341.86970930302766
0.019000000000000003 -0.010999999999999999 240.51753519301295
0.019500000000000003 -0.010999999999999999 166.0666146477877
0.019999999999999997 -0.010999999999999999 112.50216021512863
0.020499999999999997 -0.010999999999999999 74.763623375612127
0.021000000000000005 -0.010999999999999999 48.729475880925115
0.021500000000000005 -0.010999999999999999 31.14565438107855
0.021999999999999999 -0.010999999999999999 19.518655162510431
0.022499999999999999 -0.010999999999999999 11.992233947861028
0.023000000000000007 -0.010999999999999999 7.2228166668694787
0.023500000000000007 -0.010999999999999999 4.2641681918967462
0.024 -0.010999999999999999 2.4674803691856337
0.024500000000000001 -0.010999999999999999 1.3993933255225297
0.025000000000000001 -0.010999999999999999 0.77780659416132869
-0.025000000000000001 -0.010499999999999999 1.0889634152822218
-0.024500000000000001 -0.010499999999999999 1.9418844779081297
-0.024 -0.010499999999999999 3.3951888525619953
-0.0235 -0.010499999999999999 5.8202547661082642
-0.023 -0.010499999999999999 9.7829140304725861
-0.022500000000000003 -0.010499999999999999 16.12343424246766
-0.022000000000000002 -0.010499999999999999 26.057320591807205
-0.021500000000000002 -0.010499999999999999 41.296232114743745
-0.021000000000000001 -0.010499999999999999 64.184747816379939
-0.020500000000000001 -0.010499999999999999 97.843962710604615
-0.02 -0.010499999999999999 146.30731389264378
-0.0195 -0.010499999999999999 214.62840714248921
-0.019 -0.010499999999999999 308.93611362008903
-0.018500000000000003 -0.010499999999999999 436.41029027598927
-0.018000000000000002 -0.010499999999999999 605.15360490739818
-0.017500000000000002 -0.010499999999999999 823.94216811430624
-0.017000000000000001 -0.010499999999999999 1101.8501657235943
-0.016500000000000001 -0.010499999999999999 1447.7603565024995
-0.016 -0.010499999999999999 1869.7906488005303
-0.0155 -0.010499999999999999 2374.6833332298497
-0.015000000000000001 -0.010499999999999999 2967.2138231108524
-0.014500000000000001 -0.010499999999999999 3649.6765075804333
-0.014 -0.010499999999999999 4421.4950422312459
-0.0135 -0.010499999999999999 5278.9844873080674
-0.012999999999999999 -0.010499999999999999 6215.2677489953421
-0.012500000000000001 -0.010499999999999999 7220.3258347757437
-0.012 -0.010499999999999999 8281.1481889589049
-0.0115 -0.010499999999999999 9381.9516221343401
-0.010999999999999999 -0.010499999999999999 10504.45545078507
-0.010499999999999999 -0.010499999999999999 11628.231753412419
-0.010000000000000002 -0.010499999999999999 12731.182600489048
-0.0095000000000000015 -0.010499999999999999 13790.216670032445
-0.0090000000000000011 -0.010499999999999999 14782.192404914302
-0.0085000000000000006 -0.010499999999999999 15685.155984839044
-0.0080000000000000002 -0.010499999999999999 16479.831795898037
-0.0074999999999999997 -0.010499999999999999 17151.234139848639
-0.0069999999999999993 -0.010499999999999999 17690.184589870561
-0.0064999999999999988 -0.010499999999999999 18094.466806453744
-0.0059999999999999984 -0.010499999999999999 18369.353273032299
-0.0054999999999999979 -0.010499999999999999 18527.308122173588
-0.005000000000000001 -0.010499999999999999 18586.801504799038
-0.0044999999999999971 -0.010499999999999999 18570.339875999893
-0.0040000000000000001 -0.010499999999999999 18501.985128135988
-0.0035000000000000031 -0.010499999999999999 18404.760753804207
-0.0029999999999999992 -0.010499999999999999 18298.388903971787
-0.0025000000000000022 -0.010499999999999999 18197.749559018637
-0.0019999999999999983 -0.010499999999999999 18112.307540040783
-0.0015000000000000013 -0.010499999999999999 18046.544869390273
-0.00099999999999999742 -0.010499999999999999 18001.213273776062
-0.00050000000000000044 -0.010499999999999999 17975.038837309599
0 -0.010499999999999999 17966.414378337122
0.00050000000000000044 -0.010499999999999999 17974.630882325502
0.0010000000000000009 -0.010499999999999999 18000.32513157291
0.0015000000000000013 -0.010499999999999999 18045.026366735656
0.0020000000000000018 -0.010499999999999999 18109.91967124147
0.0024999999999999988 -0.010499999999999999 18194.14952134245
0.0030000000000000027 -0.010499999999999999 18293.112844348634
0.0034999999999999996 -0.010499999999999999 18397.206766875097
0.0040000000000000036 -0.010499999999999999 18491.399813572523
0.0045000000000000005 -0.010499999999999999 18555.812412621552
0.0049999999999999975 -0.010499999999999999 18567.269549167497
0.0055000000000000014 -0.010499999999999999 18501.579685818378
0.0059999999999999984 -0.010499999999999999 18336.147891728368
0.0064999999999999988 -0.010499999999999999 18052.477678357503
0.0069999999999999993 -0.010499999999999999 17638.16094705541
0.0074999999999999997 -0.010499999999999999 17088.080118451002
0.0080000000000000002 -0.010499999999999999 16404.714850276472
0.0085000000000000006 -0.010499999999999999 15597.614963746188
0.0090000000000000011 -0.010499999999999999 14682.233355746166
0.0095000000000000015 -0.010499999999999999 13678.383802176717
0.010000000000000002 -0.010499999999999999 12608.592993850962
0.010500000000000002 -0.010499999999999999 11496.565436652967
0.011000000000000003 -0.010499999999999999 10365.897143592398
0.011500000000000003 -0.010499999999999999 9239.0861443425401
0.012000000000000004 -0.010499999999999999 8136.817436979878
0.012499999999999997 -0.010499999999999999 7077.4603569638184
0.013000000000000005 -0.010499999999999999 6076.7094417433127
0.013499999999999998 -0.010499999999999999 5147.3181703957935
0.014000000000000005 -0.010499999999999999 4298.9054352132516
0.014499999999999999 -0.010499999999999999 3537.8436388013847
0.014999999999999999 -0.010499999999999999 2867.2547717445714
0.0155 -0.010499999999999999 2287.1423070098031
0.016000000000000007 -0.010499999999999999 1794.6736914614044
0.016500000000000001 -0.010499999999999999 1384.6063088668241
0.017000000000000001 -0.010499999999999999 1049.826465342888
0.017500000000000002 -0.010499999999999999 781.95291627214704
0.017999999999999995 -0.010499999999999999 571.94796296654647
0.018500000000000003 -0.010499999999999999 410.68131605012007
0.019000000000000003 -0.010499999999999999 289.40307042004963
0.019500000000000003 -0.010499999999999999 200.09878913646958
0.019999999999999997 -0.010499999999999999 135.71781693755366
0.020499999999999997 -0.010499999999999999 90.282021260987747
0.021000000000000005 -0.010499999999999999 58.893865054843928
0.021500000000000005 -0.010499999999999999 37.66912974167478
0.021999999999999999 -0.010499999999999999 23.621034219143457
0.022499999999999999 -0.010499999999999999 14.520064418271996
0.023000000000000007 -0.010499999999999999 8.749020249621184
0.023500000000000007 -0.010499999999999999 5.1670415133449339
0.024 -0.010499999999999999 2.9908263281943448
0.024500000000000001 -0.010499999999999999 1.6966262092403535
0.025000000000000001 -0.010499999999999999 0.94321183758207039
-0.025000000000000001 -0.010000000000000002 1.3423584041611083
-0.024500000000000001 -0.010000000000000002 2.3885427516245059
-0.024 -0.010000000000000002 4.1672796655050988
-0.0235 -0.010000000000000002 7.1290316307269261
-0.023 -0.010000000000000002 11.958394729528528
-0.022500000000000003 -0.010000000000000002 19.669322765522043
-0.022000000000000002 -0.010000000000000002 31.724443517029211
-0.021500000000000002 -0.010000000000000002 50.177093625606155
-0.021000000000000001 -0.010000000000000002 77.830245911646216
-0.020500000000000001 -0.010000000000000002 118.40060460439733
-0.02 -0.010000000000000002 176.66927380023006
-0.0195 -0.010000000000000002 258.59353700429676
-0.019 -0.010000000000000002 371.34889927555571
-0.018500000000000003 -0.010000000000000002 523.26847042914312
-0.018000000000000002 -0.010000000000000002 723.64985823732729
-0.017500000000000002 -0.010000000000000002 982.40935926890279
-0.017000000000000001 -0.010000000000000002 1309.5796762124305
-0.016500000000000001 -0.010000000000000002 1714.6693714709027
-0.016 -0.010000000000000002 2205.9267032791522
-0.0155 -0.010000000000000002 2789.5727465222562
-0.015000000000000001 -0.010000000000000002 3469.0834110844271
-0.014500000000000001 -0.010000000000000002 4244.6023699557581
-0.014 -0.010000000000000002 5112.5543836029483
-0.0135 -0.010000000000000002 6065.5019147636949
-0.012999999999999999 -0.010000000000000002 7092.2521591351024
-0.012500000000000001 -0.010000000000000002 8178.1849759472043
-0.012 -0.010000000000000002 9305.7444971869263
-0.0115 -0.010000000000000002 10455.026872543247
-0.010999999999999999 -0.010000000000000002 11604.407699215006
-0.010499999999999999 -0.010000000000000002 12731.182600636219
-0.010000000000000002 -0.010000000000000002 13812.233571987734
-0.0095000000000000015 -0.010000000000000002 14824.767524478708
-0.0090000000000000011 -0.010000000000000002 15747.186521324784
-0.0085000000000000006 -0.010000000000000002 16560.130540689537
-0.0080000000000000002 -0.010000000000000002 17247.681463136832
-0.0074999999999999997 -0.010000000000000002 17798.64126461741
-0.0069999999999999993 -0.010000000000000002 18207.718560396464
-0.0064999999999999988 -0.010000000000000002 18476.401820607582
-0.0059999999999999984 -0.010000000000000002 18613.288954711708
-0.0054999999999999979 -0.010000000000000002 18633.695610938194
-0.005000000000000001 -0.010000000000000002 18558.476291048224
-0.0044999999999999971 -0.010000000000000002 18412.143044425186
-0.0040000000000000001 -0.010000000000000002 18220.521478425617
-0.0035000000000000031 -0.010000000000000002 18008.302581859516
-0.0029999999999999992 -0.010000000000000002 17796.896131774396
-0.0025000000000000022 -0.010000000000000002 17602.947880546595
-0.0019999999999999983 -0.010000000000000002 17437.751745372807
-0.0015000000000000013 -0.010000000000000002 17307.596892330988
-0.00099999999999999742 -0.010000000000000002 17214.882671562034
-0.00050000000000000044 -0.010000000000000002 17159.663042627777
0 -0.010000000000000002 17141.190566490801
0.00050000000000000044 -0.010000000000000002 17159.043163699404
0.0010000000000000009 -0.010000000000000002 17213.533158359362
0.0015000000000000013 -0.010000000000000002 17305.289559818884
0.0020000000000000018 -0.010000000000000002 17434.123429479812
0.0024999999999999988 -0.010000000000000002 17597.477699806492
0.0030000000000000027 -0.010000000000000002 17788.879271305108
0.0034999999999999996 -0.010000000000000002 17996.824459259886
0.0040000000000000036 -0.010000000000000002 18204.437317908083
0.0045000000000000005 -0.010000000000000002 18390.068872562944
0.0049999999999999975 -0.010000000000000002 18528.797899563921
0.0055000000000000014 -0.010000000000000002 18594.601798683376
0.0059999999999999984 -0.010000000000000002 18562.834083509144
0.0064999999999999988 -0.010000000000000002 18412.600232828401
0.0069999999999999993 -0.010000000000000002 18128.669740757821
0.0074999999999999997 -0.010000000000000002 17702.680071268172
0.0080000000000000002 -0.010000000000000002 17133.542860668276
0.0085000000000000006 -0.010000000000000002 16427.113819581795
0.0090000000000000011 -0.010000000000000002 15595.300870467579
0.0095000000000000015 -0.010000000000000002 14654.839858470958
0.010000000000000002 -0.010000000000000002 13625.961270004991
0.010500000000000002 -0.010000000000000002 12531.118430524497
0.011000000000000003 -0.010000000000000002 11393.871296110246
0.011500000000000003 -0.010000000000000002 10237.945815250143
0.012000000000000004 -0.010000000000000002 9086.4369869066868
0.012499999999999997 -0.010000000000000002 7961.1039186235121
0.013000000000000005 -0.010000000000000002 6881.715755940153
0.013499999999999998 -0.010000000000000002 5865.4377444197626
0.014000000000000005 -0.010000000000000002 4926.2820810429566
0.014499999999999999 -0.010000000000000002 4074.6747025450441
0.014999999999999999 -0.010000000000000002 3317.1977568871898
0.0155 -0.010000000000000002 2656.5560176238619
0.016000000000000007 -0.010000000000000002 2091.7880830060176
0.016500000000000001 -0.010000000000000002 1618.7081382535205
0.017000000000000001 -0.010000000000000002 1230.5307691041548
0.017500000000000002 -0.010000000000000002 918.60758346043201
0.017999999999999995 -0.010000000000000002 673.19459100250015
0.018500000000000003 -0.010000000000000002 484.1738408912903
0.019000000000000003 -0.010000000000000002 341.66885525403364
0.019500000000000003 -0.010000000000000002 236.5160912310906
0.019999999999999997 -0.010000000000000002 160.5787582275097
0.020499999999999997 -0.010000000000000002 106.91039527990485
0.021000000000000005 -0.010000000000000002 69.790861998606744
0.021500000000000005 -0.010000000000000002 44.665788653780872
0.021999999999999999 -0.010000000000000002 28.022558150311188
0.022499999999999999 -0.010000000000000002 17.233036392858271
0.023000000000000007 -0.010000000000000002 10.387415102084416
0.023500000000000007 -0.010000000000000002 6.1364879753983876
0.024 -0.010000000000000002 3.5528594033381906
0.024500000000000001 -0.010000000000000002 2.0158780246716028
0.025000000000000001 -0.010000000000000002 1.1208919793933516
-0.025000000000000001 -0.0095000000000000015 1.6350596872773155
-0.024500000000000001 -0.0095000000000000015 2.9020787123442102
-0.024 -0.0095000000000000015 5.0509129769497454
-0.0235 -0.0095000000000000015 8.6201691942028891
-0.023 -0.0095000000000000015 14.426116123677842
-0.022500000000000003 -0.0095000000000000015 23.674249904622179
-0.022000000000000002 -0.0095000000000000015 38.098257197034918
-0.021500000000000002 -0.0095000000000000015 60.124167698918114
-0.021000000000000001 -0.0095000000000000015 93.052056202050736
-0.020500000000000001 -0.0095000000000000015 141.24052312777295
-0.02 -0.0095000000000000015 210.27094330179364
-0.0195 -0.0095000000000000015 307.06032206883606
-0.019 -0.0095000000000000015 439.88534099894582
-0.018500000000000003 -0.0095000000000000015 618.2780480911706
-0.018000000000000002 -0.0095000000000000015 852.75791476813436
-0.017500000000000002 -0.0095000000000000015 1154.3773335585813
-0.017000000000000001 -0.0095000000000000015 1534.0784702929666
-0.016500000000000001 -0.0095000000000000015 2001.8872031952774
-0.016 -0.0095000000000000015 2566.0009493652115
-0.0155 -0.0095000000000000015 3231.8557975229933
-0.015000000000000001 -0.0095000000000000015 4001.2777994013663
-0.014500000000000001 -0.0095000000000000015 4871.8273078374696
-0.014 -0.0095000000000000015 5836.4300739198197
-0.0135 -0.0095000000000000015 6883.3546898243158
-0.012999999999999999 -0.0095000000000000015 7996.5480808713774
-0.012500000000000001 -0.0095000000000000015 9156.2887583150314
-0.012 -0.0095000000000000015 10340.073554824559
-0.0115 -0.0095000000000000015 11523.628946329869
-0.010999999999999999 -0.0095000000000000015 12681.93983776982
-0.010499999999999999 -0.0095000000000000015 13790.216670609119
-0.010000000000000002 -0.0095000000000000015 14824.767525022031
-0.0095000000000000015 -0.0095000000000000015 15763.7905775118
-0.0090000000000000011 -0.0095000000000000015 16588.136366858311
-0.0085000000000000006 -0.0095000000000000015 17282.094421905425
-0.0080000000000000002 -0.0095000000000000015 17834.228972076184
-0.0074999999999999997 -0.0095000000000000015 18238.229492442682
-0.0069999999999999993 -0.0095000000000000015 18493.671006213037
-0.0064999999999999988 -0.0095000000000000015 18606.520922936237
-0.0059999999999999984 -0.0095000000000000015 18589.208288861235
-0.0054999999999999979 -0.0095000000000000015 18460.104016162491
-0.005000000000000001 -0.0095000000000000015 18242.348529425602
-0.0044999999999999971 -0.0095000000000000015 17962.090624890559
-0.0040000000000000001 -0.0095000000000000015 17646.337940376536
-0.0035000000000000031 -0.0095000000000000015 17320.72812101063
-0.0029999999999999992 -0.0095000000000000015 17007.576964615771
-0.0025000000000000022 -0.0095000000000000015 16724.525884002069
-0.0019999999999999983 -0.0095000000000000015 16483.997142558525
-0.0015000000000000013 -0.0095000000000000015 16293.494833449236
-0.00099999999999999742 -0.0095000000000000015 16156.602790331204
-0.00050000000000000044 -0.0095000000000000015 16074.374521560327
0 -0.0095000000000000015 16046.72583898582
0.00050000000000000044 -0.0095000000000000015 16073.451656187292
0.0010000000000000009 -0.0095000000000000015 16154.593657663208
0.0015000000000000013 -0.0095000000000000015 16290.059715425337
0.0020000000000000018 -0.0095000000000000015 16478.595366587775
0.0024999999999999988 -0.0095000000000000015 16716.381970476072
0.0030000000000000027 -0.0095000000000000015 16995.641596935278
0.0034999999999999996 -0.0095000000000000015 17303.639684205078
0.0040000000000000036 -0.0095000000000000015 17622.392111414661
0.0045000000000000005 -0.0095000000000000015 17929.22696729947
0.0049999999999999975 -0.0095000000000000015 18198.163836940588
0.0055000000000000014 -0.0095000000000000015 18401.901802829616
0.0059999999999999984 -0.0095000000000000015 18514.091921128314
0.0064999999999999988 -0.0095000000000000015 18511.534186961348
0.0069999999999999993 -0.0095000000000000015 18375.9844466539
0.0074999999999999997 -0.0095000000000000015 18095.364073982459
0.0080000000000000002 -0.0095000000000000015 17664.301331172541
0.0085000000000000006 -0.0095000000000000015 17084.061353953643
0.0090000000000000011 -0.0095000000000000015 16362.011552123609
0.0095000000000000015 -0.0095000000000000015 15510.805112608161
0.010000000000000002 -0.0095000000000000015 14547.448439655278
0.010500000000000002 -0.0095000000000000015 13492.364482820196
0.011000000000000003 -0.0095000000000000015 12368.496764785061
0.011500000000000003 -0.0095000000000000015 11200.442301733896
0.012000000000000004 -0.0095000000000000015 10013.572204287708
0.012499999999999997 -0.0095000000000000015 8833.102113673518
0.013000000000000005 -0.0095000000000000015 7683.1050077523469
0.013499999999999998 -0.0095000000000000015 6585.5025016896743
0.014000000000000005 -0.0095000000000000015 5559.1109876936762
0.014499999999999999 -0.0095000000000000015 4618.8418408451225
0.014999999999999999 -0.0095000000000000015 3775.1529796940854
0.0155 -0.0095000000000000015 3033.8227179726227
0.016000000000000007 -0.0095000000000000015 2396.0732819544114
0.016500000000000001 -0.0095000000000000015 1859.0217253800354
0.017000000000000001 -0.0095000000000000015 1416.3917805105061
0.017500000000000002 -0.0095000000000000015 1059.3903176488382
0.017999999999999995 -0.0095000000000000015 777.64095742901566
0.018500000000000003 -0.0095000000000000015 560.07461800099259
0.019000000000000003 -0.0095000000000000015 395.69818824418087
0.019500000000000003 -0.0095000000000000015 274.19179033389975
0.019999999999999997 -0.0095000000000000015 186.31565304012281
0.020499999999999997 -0.0095000000000000015 124.13409180855332
0.021000000000000005 -0.0095000000000000015 81.083155995498515
0.021500000000000005 -0.0095000000000000015 51.919029105068773
0.021999999999999999 -0.0095000000000000015 32.586952225209913
0.022499999999999999 -0.0095000000000000015 20.047147531553417
0.023000000000000007 -0.0095000000000000015 12.087267949390785
0.023500000000000007 -0.0095000000000000015 7.1424868133421393
0.024 -0.0095000000000000015 4.1361743747999409
0.024500000000000001 -0.0095000000000000015 2.3472617045176776
0.025000000000000001 -0.0095000000000000015 1.3053441809873525
-0.025000000000000001 -0.0090000000000000011 1.9706159466395146
-0.024500000000000001 -0.0090000000000000011 3.4876778771196553
-0.024 -0.0090000000000000011 6.0532559389086842
-0.0235 -0.0090000000000000011 10.302863575327926
-0.023 -0.0090000000000000011 17.196613485566093
-0.022500000000000003 -0.0090000000000000011 28.147907154175844
-0.022000000000000002 -0.0090000000000000011 45.182723904411269
-0.021500000000000002 -0.0090000000000000011 71.126280971044935
-0.021000000000000001 -0.0090000000000000011 109.80736090122201
-0.020500000000000001 -0.0090000000000000011 166.26218273344381
-0.02 -0.0090000000000000011 246.91005524298174
-0.0195 -0.0090000000000000011 359.66363156975353
-0.019 -0.0090000000000000011 513.92953565645291
-0.018500000000000003 -0.0090000000000000011 720.45310543210871
-0.018000000000000002 -0.0090000000000000011 990.96668032685295
-0.017500000000000002 -0.0090000000000000011 1337.6162565004436
-0.017000000000000001 -0.0090000000000000011 1772.166930108101
-0.016500000000000001 -0.0090000000000000011 2305.0215677217921
-0.016 -0.0090000000000000011 2944.1251533387222
-0.0155 -0.0090000000000000011 3693.8624366694935
-0.015000000000000001 -0.0090000000000000011 4554.0806787086221
-0.014500000000000001 -0.0090000000000000011 5519.3747448352733
-0.014 -0.0090000000000000011 6578.7534864467343
-0.0135 -0.0090000000000000011 7715.7639391849989
-0.012999999999999999 -0.0090000000000000011 8909.0888764085939
-0.012500000000000001 -0.0090000000000000011 10133.564758889121
-0.012 -0.0090000000000000011 11361.505649870403
-0.0115 -0.0090000000000000011 12564.178672271588
-0.010999999999999999 -0.0090000000000000011 13713.26827854962
-0.010499999999999999 -0.0090000000000000011 14782.192406606735
-0.010000000000000002 -0.0090000000000000011 15747.186523410764
-0.0095000000000000015 -0.0090000000000000011 16588.136368783944
-0.0090000000000000011 -0.0090000000000000011 17289.197363024607
-0.0085000000000000006 -0.0090000000000000011 17839.27013395953
-0.0080000000000000002 -0.0090000000000000011 18232.396993862087
-0.0074999999999999997 -0.0090000000000000011 18468.104681386314
-0.0069999999999999993 -0.0090000000000000011 18551.657851832486
-0.0064999999999999988 -0.0090000000000000011 18494.128143105288
-0.0059999999999999984 -0.0090000000000000011 18312.149796212732
-0.0054999999999999979 -0.0090000000000000011 18027.243369832428
-0.005000000000000001 -0.0090000000000000011 17664.649690046168
-0.0044999999999999971 -0.0090000000000000011 17251.716192871998
-0.0040000000000000001 -0.0090000000000000011 16815.992117069727
-0.0035000000000000031 -0.0090000000000000011 16383.284554438753
-0.0029999999999999992 -0.0090000000000000011 15975.972894257309
-0.0025000000000000022 -0.0090000000000000011 15611.855042459372
-0.0019999999999999983 -0.0090000000000000011 15303.703827139219
-0.0015000000000000013 -0.0090000000000000011 15059.56534956535
-0.00099999999999999742 -0.0090000000000000011 14883.667827739455
-0.00050000000000000044 -0.0090000000000000011 14777.671624656028
0 -0.0090000000000000011 14741.915798778318
0.00050000000000000044 -0.0090000000000000011 14776.325433677339
0.0010000000000000009 -0.0090000000000000011 14880.73709011328
0.0015000000000000013 -0.0090000000000000011 15054.554515884049
0.0020000000000000018 -0.0090000000000000011 15295.824214041579
0.0024999999999999988 -0.0090000000000000011 15599.97545174088
0.0030000000000000027 -0.0090000000000000011 15958.562679540957
0.0034999999999999996 -0.0090000000000000011 16358.35751725684
0.0040000000000000036 -0.0090000000000000011 16781.06214801074
0.0045000000000000005 -0.0090000000000000011 17203.777717046018
0.0049999999999999975 -0.0090000000000000011 17600.197131571804
0.0055000000000000014 -0.0090000000000000011 17942.343343438741
0.0059999999999999984 -0.0090000000000000011 18202.576959752911
0.0064999999999999988 -0.0090000000000000011 18355.570244195234
0.0069999999999999993 -0.0090000000000000011 18379.987541708571
0.0074999999999999997 -0.0090000000000000011 18259.705771732359
0.0080000000000000002 -0.0090000000000000011 17984.522207464786
0.0085000000000000006 -0.0090000000000000011 17550.397740056389
0.0090000000000000011 -0.0090000000000000011 16959.347317126103
0.0095000000000000015 -0.0090000000000000011 16219.104481204407
0.010000000000000002 -0.0090000000000000011 15342.65899225911
0.010500000000000002 -0.0090000000000000011 14347.71307744327
0.011000000000000003 -0.0090000000000000011 13256.046402516728
0.011500000000000003 -0.0090000000000000011 12092.743771688762
0.012000000000000004 -0.0090000000000000011 10885.235561658916
0.012499999999999997 -0.0090000000000000011 9662.1298582398576
0.013000000000000005 -0.0090000000000000011 8451.8670001798437
0.013499999999999998 -0.0090000000000000011 7281.2846095172317
0.014000000000000005 -0.0090000000000000011 6174.2259540414816
0.014499999999999999 -0.0090000000000000011 5150.3428542089214
0.014999999999999999 -0.0090000000000000011 4224.2306255565782
0.0155 -0.0090000000000000011 3404.9900258474054
0.016000000000000007 -0.0090000000000000011 2696.2503282752368
0.016500000000000001 -0.0090000000000000011 2096.6225714862094
0.017000000000000001 -0.0090000000000000011 1600.496430026403
0.017500000000000002 -0.0090000000000000011 1199.057949247215
0.017999999999999995 -0.0090000000000000011 881.39298380383332
0.018500000000000003 -0.0090000000000000011 635.55130414497569
0.019000000000000003 -0.0090000000000000011 449.47338836725174
0.019500000000000003 -0.0090000000000000011 311.71804579180667
0.019999999999999997 -0.0090000000000000011 211.96628491156301
0.020499999999999997 -0.0090000000000000011 141.30889681290378
0.021000000000000005 -0.0090000000000000011 92.348232025350171
0.021500000000000005 -0.0090000000000000011 59.157380764492736
0.021999999999999999 -0.0090000000000000011 37.143339991372137
0.022499999999999999 -0.0090000000000000011 22.857024392640128
0.023000000000000007 -0.0090000000000000011 13.784917256900004
0.023500000000000007 -0.0090000000000000011 8.1473566632618102
0.024 -0.0090000000000000011 4.7189195448325094
0.024500000000000001 -0.0090000000000000011 2.6783619437420594
0.025000000000000001 -0.0090000000000000011 1.4896573441491663
-0.025000000000000001 -0.0085000000000000006 2.3532908094751162
-0.024500000000000001 -0.0085000000000000006 4.151612607771745
-0.024 -0.0085000000000000006 7.1830638939747375
-0.0235 -0.0085000000000000006 12.188526870083349
-0.023 -0.0085000000000000006 20.28334223194307
-0.022500000000000003 -0.0085000000000000006 33.103549264180053
-0.022000000000000002 -0.0085000000000000006 52.985667859712201
-0.021500000000000002 -0.0085000000000000006 83.175568324748582
-0.021000000000000001 -0.0085000000000000006 128.05441459317387
-0.020500000000000001 -0.0085000000000000006 193.3599423421154
-0.02 -0.0085000000000000006 286.37032339469459
-0.0195 -0.0085000000000000006 416.00726568111617
-0.019 -0.0085000000000000006 592.8073096174229
-0.018500000000000003 -0.0085000000000000006 828.70857596679105
-0.018000000000000002 -0.0085000000000000006 1136.6075842525272
-0.017500000000000002 -0.0085000000000000006 1529.6594818304084
-0.017000000000000001 -0.0085000000000000006 2020.3256270119375
-0.016500000000000001 -0.0085000000000000006 2619.2128533163191
-0.016 -0.0085000000000000006 3333.7937255856718
-0.0155 -0.0085000000000000006 4167.1386950634751
-0.015000000000000001 -0.0085000000000000006 5116.8196580399199
-0.014500000000000001 -0.0085000000000000006 6174.1508274442122
-0.014 -0.0085000000000000006 7323.9108041200916
-0.0135 -0.0085000000000000006 8544.6384034363982
-0.012999999999999999 -0.0085000000000000006 9809.5200798992555
-0.012500000000000001 -0.0085000000000000006 11087.801243736047
-0.012 -0.0085000000000000006 12346.574382962401
-0.0115 -0.0085000000000000006 13552.741269700562
-0.010999999999999999 -0.0085000000000000006 14674.928071840684
-0.010499999999999999 -0.0085000000000000006 15685.155989243432
-0.010000000000000002 -0.0085000000000000006 16560.130546687818
-0.0095000000000000015 -0.0085000000000000006 17282.094429149158
-0.0090000000000000011 -0.0085000000000000006 17839.270140511369
-0.0085000000000000006 -0.0085000000000000006 18225.978153053285
-0.0080000000000000002 -0.0085000000000000006 18442.538478774339
-0.0074999999999999997 -0.0085000000000000006 18495.045156304714
-0.0069999999999999993 -0.0085000000000000006 18395.053574822654
-0.0064999999999999988 -0.0085000000000000006 18159.159976793384
-0.0059999999999999984 -0.0085000000000000006 17808.405360211629
-0.0054999999999999979 -0.0085000000000000006 17367.423108093062
-0.005000000000000001 -0.0085000000000000006 16863.280805773829
-0.0044999999999999971 -0.0085000000000000006 16324.036643320384
-0.0040000000000000001 -0.0085000000000000006 15777.120006479679
-0.0035000000000000031 -0.0085000000000000006 15247.72596592835
-0.0029999999999999992 -0.0085000000000000006 14757.455869411291
-0.0025000000000000022 -0.0085000000000000006 14323.421706731333
-0.0019999999999999983 -0.0085000000000000006 13957.956871175671
-0.0015000000000000013 -0.0085000000000000006 13668.955022824435
-0.00099999999999999742 -0.0085000000000000006 13460.721414658989
-0.00050000000000000044 -0.0085000000000000006 13335.103553573559
0 -0.0085000000000000006 13292.603235804409
0.00050000000000000044 -0.0085000000000000006 13333.179523535535
0.0010000000000000009 -0.0085000000000000006 13456.532687119146
0.0015000000000000013 -0.0085000000000000006 13661.793338731333
0.0020000000000000018 -0.0085000000000000006 13946.695012696555
0.0024999999999999988 -0.0085000000000000006 14306.44292010772
0.0030000000000000027 -0.0085000000000000006 14732.572493565689
0.0034999999999999996 -0.0085000000000000006 15212.099246498388
0.0040000000000000036 -0.0085000000000000006 15727.196696369456
0.0045000000000000005 -0.0085000000000000006 16255.52105457679
0.0049999999999999975 -0.0085000000000000006 16771.162629010505
0.0055000000000000014 -0.0085000000000000006 17246.080591617858
0.0059999999999999984 -0.0085000000000000006 17651.799475877659
0.0064999999999999988 -0.0085000000000000006 17961.127480863404
0.0069999999999999993 -0.0085000000000000006 18149.695495215939
0.0074999999999999997 -0.0085000000000000006 18197.193091915018
0.0080000000000000002 -0.0085000000000000006 18088.265911028262
0.0085000000000000006 -0.0085000000000000006 17813.1101634265
0.0090000000000000011 -0.0085000000000000006 17367.835250218312
0.0095000000000000015 -0.0085000000000000006 16754.659282181707
0.010000000000000002 -0.0085000000000000006 15981.963604950657
0.010500000000000002 -0.0085000000000000006 15064.180738744899
0.011000000000000003 -0.0085000000000000006 14021.448262917223
0.011500000000000003 -0.0085000000000000006 12878.947637108598
0.012000000000000004 -0.0085000000000000006 11665.870106647299
0.012499999999999997 -0.0085000000000000006 10414.007611049119
0.013000000000000005 -0.0085000000000000006 9156.0402706958703
0.013499999999999998 -0.0085000000000000006 7923.6631522170937
0.014000000000000005 -0.0085000000000000006 6745.7438605912457
0.014499999999999999 -0.0085000000000000006 5646.7156761221368
0.014999999999999999 -0.0085000000000000006 4645.3847573798212
0.0155 -0.0085000000000000006 3754.2706812554529
0.016000000000000007 -0.0085000000000000006 2979.5211025763374
0.016500000000000001 -0.0085000000000000006 2321.3606651807008
0.017000000000000001 -0.0085000000000000006 1774.9672759099619
0.017500000000000002 -0.0085000000000000006 1331.626402280024
0.017999999999999995 -0.0085000000000000006 980.00047068180697
0.018500000000000003 -0.0085000000000000006 707.3635227428241
0.019000000000000003 -0.0085000000000000006 500.68400357626717
0.019500000000000003 -0.0085000000000000006 347.48151510954477
0.019999999999999997 -0.0085000000000000006 236.42728795341125
0.020499999999999997 -0.0085000000000000006 157.69570716410752
0.021000000000000005 -0.0085000000000000006 103.10112867263319
0.021500000000000005 -0.0085000000000000006 66.069137005528404
0.021999999999999999 -0.0085000000000000006 41.495458535219527
0.022499999999999999 -0.0085000000000000006 25.54160781456299
0.023000000000000007 -0.0085000000000000006 15.407209403484087
0.023500000000000007 -0.0085000000000000006 9.1077901012048166
0.024 -0.0085000000000000006 5.2759769028488179
0.024500000000000001 -0.0085000000000000006 2.994905876914761
0.025000000000000001 -0.0085000000000000006 1.6658855208601073
-0.025000000000000001 -0.0080000000000000002 2.7882130826621432
-0.024500000000000001 -0.0080000000000000002 4.9015566709994918
-0.024 -0.0080000000000000002 8.4513075167753424
-0.0235 -0.0080000000000000002 14.291987007897417
-0.023 -0.0080000000000000002 23.704891815375522
-0.022500000000000003 -0.0080000000000000002 38.561947106879302
-0.022000000000000002 -0.0080000000000000002 61.525621160579107
-0.021500000000000002 -0.0080000000000000002 96.278993430267491
-0.021000000000000001 -0.0080000000000000002 147.77140668379147
-0.020500000000000001 -0.0080000000000000002 222.45413249164258
-0.02 -0.0080000000000000002 328.46818544720009
-0.0195 -0.0080000000000000002 475.73479719249173
-0.019 -0.0080000000000000002 675.89096619640463
-0.018500000000000003 -0.0080000000000000002 942.01139846428703
-0.018000000000000002 -0.0080000000000000002 1288.067496972136
-0.017500000000000002 -0.0080000000000000002 1728.0963535315657
-0.017000000000000001 -0.0080000000000000002 2275.0884387365209
-0.016500000000000001 -0.0080000000000000002 2939.6493843916919
-0.016 -0.0080000000000000002 3728.5429364121669
-0.0155 -0.0080000000000000002 4643.2696759175042
-0.015000000000000001 -0.0080000000000000002 5678.868457978987
-0.014500000000000001 -0.0080000000000000002 6823.1341254380914
-0.014 -0.0080000000000000002 8056.4186273843679
-0.0135 -0.0080000000000000002 9352.1219205968519
-0.012999999999999999 -0.0080000000000000002 10677.89038663807
-0.012500000000000001 -0.0080000000000000002 11997.438024786285
-0.012 -0.0080000000000000002 13272.808824803245
-0.0115 -0.0080000000000000002 14466.828088271288
-0.010999999999999999 -0.0080000000000000002 15545.462575018944
-0.010499999999999999 -0.0080000000000000002 16479.831806603404
-0.010000000000000002 -0.0080000000000000002 17247.681478431427
-0.0095000000000000015 -0.0080000000000000002 17834.228992484925
-0.0090000000000000011 -0.0080000000000000002 18232.397018010488
-0.0085000000000000006 -0.0080000000000000002 18442.538500174949
-0.0080000000000000002 -0.0080000000000000002 18471.80597421934
-0.0074999999999999997 -0.0080000000000000002 18333.321043103304
-0.0069999999999999993 -0.0080000000000000002 18045.26194100815
-0.0064999999999999988 -0.0080000000000000002 17629.925865978013
-0.0059999999999999984 -0.0080000000000000002 17112.762358907657
-0.0054999999999999979 -0.0080000000000000002 16521.337234742688
-0.005000000000000001 -0.0080000000000000002 15884.187350186145
-0.0044999999999999971 -0.0080000000000000002 15229.56507875587
-0.0040000000000000001 -0.0080000000000000002 14584.1340194125
-0.0035000000000000031 -0.0080000000000000002 13971.740760496039
-0.0029999999999999992 -0.0080000000000000002 13412.425983996738
-0.0025000000000000022 -0.0080000000000000002 12921.832860591572
-0.0019999999999999983 -0.0080000000000000002 12511.115784632735
-0.0015000000000000013 -0.0080000000000000002 12187.358090565709
-0.00099999999999999742 -0.0080000000000000002 11954.397021471608
-0.00050000000000000044 -0.0080000000000000002 11813.858241311053
0 -0.0080000000000000002 11766.148776553808
0.00050000000000000044 -0.0080000000000000002 11811.163892199138
0.0010000000000000009 -0.0080000000000000002 11948.531263607125
0.0015000000000000013 -0.0080000000000000002 12177.32910099967
0.0020000000000000018 -0.0080000000000000002 12495.34504415982
0.0024999999999999988 -0.0080000000000000002 12898.056319811696
0.0030000000000000027 -0.0080000000000000002 13377.580113461368
0.0034999999999999996 -0.0080000000000000002 13921.850260888621
0.0040000000000000036 -0.0080000000000000002 14514.223039021739
0.0045000000000000005 -0.0080000000000000002 15133.618075832001
0.0049999999999999975 -0.0080000000000000002 15755.188050357776
0.0055000000000000014 -0.0080000000000000002 16351.413119712382
0.0059999999999999984 -0.0080000000000000002 16893.456569997092
0.0064999999999999988 -0.0080000000000000002 17352.607597034574
0.0069999999999999993 -0.0080000000000000002 17701.67046331512
0.0074999999999999997 -0.0080000000000000002 17916.218695784577
0.0080000000000000002 -0.0080000000000000002 17975.694188322199
0.0085000000000000006 -0.0080000000000000002 17864.37159050805
0.0090000000000000011 -0.0080000000000000002 17572.214924755262
0.0095000000000000015 -0.0080000000000000002 17095.625960441841
0.010000000000000002 -0.0080000000000000002 16438.035290365588
0.010500000000000002 -0.0080000000000000002 15610.238254715534
0.011000000000000003 -0.0080000000000000002 14630.350696288604
0.011500000000000003 -0.0080000000000000002 13523.269391310852
0.012000000000000004 -0.0080000000000000002 12319.572687049138
0.012499999999999997 -0.0080000000000000002 11053.879327692863
0.013000000000000005 -0.0080000000000000002 9762.7785075157317
0.013499999999999998 -0.0080000000000000002 8482.5283676996405
0.014000000000000005 -0.0080000000000000002 7246.7724368095242
0.014499999999999999 -0.0080000000000000002 6084.5310872969403
0.014999999999999999 -0.0080000000000000002 5018.6863502060951
0.0155 -0.0080000000000000002 4065.1027323879994
0.016000000000000007 -0.0080000000000000002 3232.4310731261694
0.016500000000000001 -0.0080000000000000002 2522.5468637832037
0.017000000000000001 -0.0080000000000000002 1931.4965808503566
0.017500000000000002 -0.0080000000000000002 1450.7772673050881
0.017999999999999995 -0.0080000000000000002 1068.7599866783887
0.018500000000000003 -0.0080000000000000002 772.0837310534896
0.019000000000000003 -0.0080000000000000002 546.88448349412806
0.019500000000000003 -0.0080000000000000002 379.77356397510584
0.019999999999999997 -0.0080000000000000002 258.52958234412887
0.020499999999999997 -0.0080000000000000002 172.51109705035924
0.021000000000000005 -0.0080000000000000002 112.82763635237214
0.021500000000000005 -0.0080000000000000002 72.323703168596111
0.021999999999999999 -0.0080000000000000002 45.435105587858629
0.022499999999999999 -0.0080000000000000002 27.972450151789126
0.023000000000000007 -0.0080000000000000002 16.876513933370617
0.023500000000000007 -0.0080000000000000002 9.9778233964976621
0.024 -0.0080000000000000002 5.780684896886819
0.024500000000000001 -0.0080000000000000002 3.2817421715150248
0.025000000000000001 -0.0080000000000000002 1.8255930651440069
-0.025000000000000001 -0.0074999999999999997 3.2813174890949872
-0.024500000000000001 -0.0074999999999999997 5.7465617377619083
-0.024 -0.0074999999999999997 9.8712680004159736
-0.0235 -0.0074999999999999997 16.631872007647615
-0.023 -0.0074999999999999997 27.485982384639989
-0.022500000000000003 -0.0074999999999999997 44.553574438862931
-0.022000000000000002 -0.0074999999999999997 70.836182584484419
-0.021500000000000002 -0.0074999999999999997 110.46647716427995
-0.021000000000000001 -0.0074999999999999997 168.9708566516712
-0.020500000000000001 -0.0074999999999999997 253.51547627129739
-0.02 -0.0074999999999999997 373.09270477554702
-0.0195 -0.0074999999999999997 538.59259101962766
-0.019 -0.0074999999999999997 762.69573379103667
-0.018500000000000003 -0.0074999999999999997 1059.5238070580922
-0.018000000000000002 -0.0074999999999999997 1443.995645160966
-0.017500000000000002 -0.0074999999999999997 1930.8628849275044
-0.017000000000000001 -0.0074999999999999997 2533.4400610973339
-0.016500000000000001 -0.0074999999999999997 3262.0968034299367
-0.016 -0.0074999999999999997 4122.6375897577036
-0.0155 -0.0074999999999999997 5114.7470898021202
-0.015000000000000001 -0.0074999999999999997 6230.7142017689366
-0.014500000000000001 -0.0074999999999999997 7454.6536587103028
-0.014 -0.0074999999999999997 8762.412434054093
-0.0135 -0.0074999999999999997 10122.27762174821
-0.012999999999999999 -0.0074999999999999997 11496.500083305164
-0.012500000000000001 -0.0074999999999999997 12843.529562166384
-0.012 -0.0074999999999999997 14120.743941694824
-0.0115 -0.0074999999999999997 15287.371266234708
-0.010999999999999999 -0.0074999999999999997 16307.267358057707
-0.010499999999999999 -0.0074999999999999997 17151.234164697878
-0.010000000000000002 -0.0074999999999999997 17798.641301041669
-0.0095000000000000015 -0.0074999999999999997 18238.22954343021
-0.0090000000000000011 -0.0074999999999999997 18468.104748048419
-0.0085000000000000006 -0.0074999999999999997 18495.045233588455
-0.0080000000000000002 -0.0074999999999999997 18333.321110209512
-0.0074999999999999997 -0.0074999999999999997 18003.24749451911
-0.0069999999999999993 -0.0074999999999999997 17529.666660677642
-0.0064999999999999988 -0.0074999999999999997 16940.492144467502
-0.0059999999999999984 -0.0074999999999999997 16265.374373340199
-0.0054999999999999979 -0.0074999999999999997 15534.487197676342
-0.005000000000000001 -0.0074999999999999997 14777.405564320465
-0.0044999999999999971 -0.0074999999999999997 14022.052058338269
-0.0040000000000000001 -0.0074999999999999997 13293.726099653742
-0.0035000000000000031 -0.0074999999999999997 12614.275734010791
-0.0029999999999999992 -0.0074999999999999997 12001.505862802973
-0.0025000000000000022 -0.0074999999999999997 11468.920042616302
-0.0019999999999999983 -0.0074999999999999997 11025.85774011998
-0.0015000000000000013 -0.0074999999999999997 10678.020734006688
-0.00099999999999999742 -0.0074999999999999997 10428.298896123993
-0.00050000000000000044 -0.0074999999999999997 10277.731269602462
0 -0.0074999999999999997 10226.396700957035
0.00050000000000000044 -0.0074999999999999997 10274.034411901193
0.0010000000000000009 -0.0074999999999999997 10420.250617584587
0.0015000000000000013 -0.0074999999999999997 10664.260175974619
0.0020000000000000018 -0.0074999999999999997 11004.219050792686
0.0024999999999999988 -0.0074999999999999997 11436.296769150034
0.0030000000000000027 -0.0074999999999999997 11953.694603201753
0.0034999999999999996 -0.0074999999999999997 12545.822066712009
0.0040000000000000036 -0.0074999999999999997 13197.802766957962
0.0045000000000000005 -0.0074999999999999997 13890.405266501182
0.0049999999999999975 -0.0074999999999999997 14600.40843617557
0.0055000000000000014 -0.0074999999999999997 15301.338022425442
0.0059999999999999984 -0.0074999999999999997 15964.469679482432
0.0064999999999999988 -0.0074999999999999997 16559.989790963187
0.0069999999999999993 -0.0074999999999999997 17058.232281672164
0.0074999999999999997 -0.0074999999999999997 17430.9504532473
0.0080000000000000002 -0.0074999999999999997 17652.61694003603
0.0085000000000000006 -0.0074999999999999997 17701.755016233747
0.0090000000000000011 -0.0074999999999999997 17562.283284565056
0.0095000000000000015 -0.0074999999999999997 17224.808418783221
0.010000000000000002 -0.0074999999999999997 16687.743410186587
0.010500000000000002 -0.0074999999999999997 15958.08380231409
0.011000000000000003 -0.0074999999999999997 15051.662291347639
0.011500000000000003 -0.0074999999999999997 13992.734940143497
0.012000000000000004 -0.0074999999999999997 12812.82940998117
0.012499999999999997 -0.0074999999999999997 11548.893235892698
0.013000000000000005 -0.0074999999999999997 10240.895016057248
0.013499999999999998 -0.0074999999999999997 8929.1272579795223
0.014000000000000005 -0.0074999999999999997 7651.514539756472
0.014499999999999999 -0.0074999999999999997 6441.2325256962922
0.014999999999999999 -0.0074999999999999997 5324.8927183662072
0.0155 -0.0074999999999999997 4321.4568259852749
0.016000000000000007 -0.0074999999999999997 3441.9333134006642
0.016500000000000001 -0.0074999999999999997 2689.7995243910268
0.017000000000000001 -0.0074999999999999997 2062.0051604371492
0.017500000000000002 -0.0074999999999999997 1550.3594100469461
0.017999999999999995 -0.0074999999999999997 1143.088589430851
0.018500000000000003 -0.0074999999999999997 826.3697576633374
0.019000000000000003 -0.0074999999999999997 585.68875018138044
0.019500000000000003 -0.0074999999999999997 406.92627410691608
0.019999999999999997 -0.0074999999999999997 277.1314715581629
0.020499999999999997 -0.0074999999999999997 184.98972569972759
0.021000000000000005 -0.0074999999999999997 121.02527087372499
0.021500000000000005 -0.0074999999999999997 77.597945429344293
0.021999999999999999 -0.0074999999999999997 48.758736811279142
0.022499999999999999 -0.0074999999999999997 30.023956432844098
0.023000000000000007 -0.0074999999999999997 18.116913896586055
0.023500000000000007 -0.0074999999999999997 10.71250213059467
0.024 -0.0074999999999999997 6.2069649018101929
0.024500000000000001 -0.0074999999999999997 3.5240495619775065
0.025000000000000001 -0.0074999999999999997 1.9605275404503899
-0.025000000000000001 -0.0069999999999999993 3.838970028945131
-0.024500000000000001 -0.0069999999999999993 6.6965099665672927
-0.024 -0.0069999999999999993 11.457780351368232
-0.0235 -0.0069999999999999993 19.229638563400982
-0.023 -0.0069999999999999993 31.656350263602349
-0.022500000000000003 -0.0069999999999999993 51.117577682025754
-0.022000000000000002 -0.0069999999999999993 80.965580524417675
-0.021500000000000002 -0.0069999999999999993 125.79203212533763
-0.021000000000000001 -0.0069999999999999993 191.7040337334108
-0.020500000000000001 -0.0069999999999999993 286.57559648165477
-0.02 -0.0069999999999999993 420.22649824050762
-0.0195 -0.0069999999999999993 604.46753163810615
-0.019 -0.0069999999999999993 852.94326649215384
-0.018500000000000003 -0.0069999999999999993 1180.7046876998165
-0.018000000000000002 -0.0069999999999999993 1603.4583971824006
-0.017500000000000002 -0.0069999999999999993 2136.4691579659807
-0.017000000000000001 -0.0069999999999999993 2793.1385349781772
-0.016500000000000001 -0.0069999999999999993 3583.3407404734789
-0.016 -0.0069999999999999993 4511.6598658546009
-0.0155 -0.0069999999999999993 5575.7291249006739
-0.015000000000000001 -0.0069999999999999993 6764.9091357009684
-0.014500000000000001 -0.0069999999999999993 8059.5459002796842
-0.014 -0.0069999999999999993 9431.0113344943529
-0.0135 -0.0069999999999999993 10842.648559613941
-0.012999999999999999 -0.0069999999999999993 12251.628604067619
-0.012500000000000001 -0.0069999999999999993 13611.591877978359
-0.012 -0.0069999999999999993 14875.820711791348
-0.0115 -0.0069999999999999993 16000.594232230815
-0.010999999999999999 -0.0069999999999999993 16948.335494532479
-0.010499999999999999 -0.0069999999999999993 17690.184645569072
-0.010000000000000002 -0.0069999999999999993 18207.71864323628
-0.0095000000000000015 -0.0069999999999999993 18493.671125187444
-0.0090000000000000011 -0.0069999999999999993 18551.658015011257
-0.0085000000000000006 -0.0069999999999999993 18395.053783855998
-0.0080000000000000002 -0.0069999999999999993 18045.262178452322
-0.0074999999999999997 -0.0069999999999999993 17529.666862687674
-0.0069999999999999993 -0.0069999999999999993 16879.530021542112
-0.0064999999999999988 -0.0069999999999999993 16128.043578152719
-0.0059999999999999984 -0.0069999999999999993 15308.651627970508
-0.0054999999999999979 -0.0069999999999999993 14453.680305469381
-0.005000000000000001 -0.0069999999999999993 13593.253925886227
-0.0044999999999999971 -0.0069999999999999993 12754.454317431937
-0.0040000000000000001 -0.0069999999999999993 11960.69105202703
-0.0035000000000000031 -0.0069999999999999993 11231.279999928463
-0.0029999999999999992 -0.0069999999999999993 10581.25697690993
-0.0025000000000000022 -0.0069999999999999993 10021.464517967906
-0.0019999999999999983 -0.0069999999999999993 9558.933143563152
-0.0015000000000000013 -0.0069999999999999993 9197.5352621276215
-0.00099999999999999742 -0.0069999999999999993 8938.8321821035734
-0.00050000000000000044 -0.0069999999999999993 8782.9812929678064
0 -0.0069999999999999993 8729.5403053985301
0.00050000000000000044 -0.0069999999999999993 8778.0113838378256
0.0010000000000000009 -0.0069999999999999993 8928.0123950774396
0.0015000000000000013 -0.0069999999999999993 9179.0361127084379
0.0020000000000000018 -0.0069999999999999993 9529.8429463365519
0.0024999999999999988 -0.0069999999999999993 9977.6070807194337
0.0030000000000000027 -0.0069999999999999993 10516.981412414563
0.0034999999999999996 -0.0069999999999999993 11139.253599785372
0.0040000000000000036 -0.0069999999999999993 11831.735521285464
0.0045000000000000005 -0.0069999999999999993 12577.47358256092
0.0049999999999999975 -0.0069999999999999993 13355.305994364227
0.0055000000000000014 -0.0069999999999999993 14140.243784953649
0.0059999999999999984 -0.0069999999999999993 14904.127270772447
0.0064999999999999988 -0.0069999999999999993 15616.51127870498
0.0069999999999999993 -0.0069999999999999993 16245.752307132643
0.0074999999999999997 -0.0069999999999999993 16760.293378416736
0.0080000000000000002 -0.0069999999999999993 17130.150442071012
0.0085000000000000006 -0.0069999999999999993 17328.585823078331
0.0090000000000000011 -0.0069999999999999993 17333.907502202648
0.0095000000000000015 -0.0069999999999999993 17131.267887926759
0.010000000000000002 -0.0069999999999999993 16714.271500722618
0.010500000000000002 -0.0069999999999999993 16086.160536818956
0.011000000000000003 -0.0069999999999999993 15260.349753952431
0.011500000000000003 -0.0069999999999999993 14260.136411839179
0.012000000000000004 -0.0069999999999999993 13117.512197463042
0.012499999999999997 -0.0069999999999999993 11871.134057341407
0.013000000000000005 -0.0069999999999999993 10563.642862764516
0.013499999999999998 -0.0069999999999999993 9238.6244490020163
0.014000000000000005 -0.0069999999999999993 7937.5641873526829
0.014499999999999999 -0.0069999999999999993 6697.1426517707087
0.014999999999999999 -0.0069999999999999993 5547.1585961135588
0.0155 -0.0069999999999999993 4509.26110166115
0.016000000000000007 -0.0069999999999999993 3596.5479867243339
0.016500000000000001 -0.0069999999999999993 2813.9669365578702
0.017000000000000001 -0.0069999999999999993 2159.3601192767742
0.017500000000000002 -0.0069999999999999993 1624.9353509844179
0.017999999999999995 -0.0069999999999999993 1198.9308647766672
0.018500000000000003 -0.0069999999999999993 867.26161457806904
0.019000000000000003 -0.0069999999999999993 614.98208567352265
0.019500000000000003 -0.0069999999999999993 427.46054802845049
0.019999999999999997 -0.0069999999999999993 291.22001553823327
0.020499999999999997 -0.0069999999999999993 194.45229044050132
0.021000000000000005 -0.0069999999999999993 127.24788644421047
0.021500000000000005 -0.0069999999999999993 81.604879370573286
0.021999999999999999 -0.0069999999999999993 51.285536502896576
0.022499999999999999 -0.0069999999999999993 31.584534481987326
0.023000000000000007 -0.0069999999999999993 19.060945522372041
0.023500000000000007 -0.0069999999999999993 11.271872056560657
0.024 -0.0069999999999999993 6.5316363403246198
0.024500000000000001 -0.0069999999999999993 3.7086525897095712
0.025000000000000001 -0.0069999999999999993 2.0633523138500576
-0.025000000000000001 -0.0064999999999999988 4.4672034790902684
-0.024500000000000001 -0.0064999999999999988 7.7609078716880111
-0.024 -0.0064999999999999988 13.225385927544544
-0.0235 -0.0064999999999999988 22.106830495281123
-0.023 -0.0064999999999999988 36.246818048332969
-0.022500000000000003 -0.0064999999999999988 58.296357116635463
-0.022000000000000002 -0.0064999999999999988 91.96953133178674
-0.021500000000000002 -0.0064999999999999988 142.32485832457826
-0.021000000000000001 -0.0064999999999999988 216.05064473763858
-0.020500000000000001 -0.0064999999999999988 321.71633441037091
-0.02 -0.0064999999999999988 469.9367963390913
-0.0195 -0.0064999999999999988 673.38348725764843
-0.019 -0.0064999999999999988 946.56927478491639
-0.018500000000000003 -0.0064999999999999988 1305.3367979758627
-0.018000000000000002 -0.0064999999999999988 1765.9976409074445
-0.017500000000000002 -0.0064999999999999988 2344.1038684614609
-0.017000000000000001 -0.0064999999999999988 3052.8843702460499
-0.016500000000000001 -0.0064999999999999988 3901.4418102858099
-0.016 -0.0064999999999999988 4892.8732441096008
-0.0155 -0.0064999999999999988 6022.5362980425552
-0.015000000000000001 -0.0064999999999999988 7276.7188791186309
-0.014500000000000001 -0.0064999999999999988 8631.9703300348683
-0.014 -0.0064999999999999988 10055.306926962707
-0.0135 -0.0064999999999999988 11505.413674669899
-0.012999999999999999 -0.0064999999999999988 12934.836458439164
-0.012500000000000001 -0.0064999999999999988 14293.012566507061
-0.012 -0.0064999999999999988 15529.849275538492
-0.0115 -0.0064999999999999988 16599.45741699676
-0.010999999999999999 -0.0064999999999999988 17463.602922956972
-0.010499999999999999 -0.0064999999999999988 18094.466927740392
-0.010000000000000002 -0.0064999999999999988 18476.402002538467
-0.0095000000000000015 -0.0064999999999999988 18606.521188053994
-0.0090000000000000011 -0.0064999999999999988 18494.128516175086
-0.0085000000000000006 -0.0064999999999999988 18159.160478138798
-0.0080000000000000002 -0.0064999999999999988 17629.926495231764
-0.0074999999999999997 -0.0064999999999999988 16940.492844806973
-0.0069999999999999993 -0.0064999999999999988 16128.044161943028
-0.0064999999999999988 -0.0064999999999999988 15230.490876008475
-0.0059999999999999984 -0.0064999999999999988 14284.492834863921
-0.0054999999999999979 -0.0064999999999999988 13323.966658647407
-0.005000000000000001 -0.0064999999999999988 12379.061466615445
-0.0044999999999999971 -0.0064999999999999988 11475.539217544956
-0.0040000000000000001 -0.0064999999999999988 10634.483967892475
-0.0035000000000000031 -0.0064999999999999988 9872.2792912141394
-0.0029999999999999992 -0.0064999999999999988 9200.818400694201
-0.0025000000000000022 -0.0064999999999999988 8627.9301395638195
-0.0019999999999999983 -0.0064999999999999988 8158.0043954576022
-0.0015000000000000013 -0.0064999999999999988 7792.7802413746031
-0.00099999999999999742 -0.0064999999999999988 7532.2262218683563
-0.00050000000000000044 -0.0064999999999999988 7375.4081405182515
0 -0.0064999999999999988 7321.220261827164
0.00050000000000000044 -0.0064999999999999988 7368.8617635609744
0.0010000000000000009 -0.0064999999999999988 7517.9743708549813
0.0015000000000000013 -0.0064999999999999988 7768.4131146687241
0.0020000000000000018 -0.0064999999999999988 8119.6867136195151
0.0024999999999999988 -0.0064999999999999988 8570.1610115778403
0.0030000000000000027 -0.0064999999999999988 9116.1544635227874
0.0034999999999999996 -0.0064999999999999988 9751.0618826857808
0.0040000000000000036 -0.0064999999999999988 10464.623414534019
0.0045000000000000005 -0.0064999999999999988 11242.41974305555
0.0049999999999999975 -0.0064999999999999988 12065.635845500943
0.0055000000000000014 -0.0064999999999999988 12911.107275948681
0.0059999999999999984 -0.0064999999999999988 13751.652321816533
0.0064999999999999988 -0.0064999999999999988 14556.699229033329
0.0069999999999999993 -0.0064999999999999988 15293.230543195719
0.0074999999999999997 -0.0064999999999999988 15927.072132829269
0.0080000000000000002 -0.0064999999999999988 16424.53898658698
0.0085000000000000006 -0.0064999999999999988 16754.406165430883
0.0090000000000000011 -0.0064999999999999988 16890.10444083131
0.0095000000000000015 -0.0064999999999999988 16811.960175837936
0.010000000000000002 -0.0064999999999999988 16509.22962474142
0.010500000000000002 -0.0064999999999999988 15981.642288535
0.011000000000000003 -0.0064999999999999988 15240.183808574768
0.011500000000000003 -0.0064999999999999988 14306.921945515251
0.012000000000000004 -0.0064999999999999988 13213.800824563366
0.012499999999999997 -0.0064999999999999988 12000.477094702417
0.013000000000000005 -0.0064999999999999988 10711.417343104555
0.013499999999999998 -0.0064999999999999988 9392.5890330121292
0.014000000000000005 -0.0064999999999999988 8088.1345430696447
0.014499999999999999 -0.0064999999999999988 6837.4093030025388
0.014999999999999999 -0.0064999999999999988 5672.6947685017503
0.0155 -0.0064999999999999988 4617.7819030597348
0.016000000000000007 -0.0064999999999999988 3687.4855474355404
0.016500000000000001 -0.0064999999999999988 2888.0206772713364
0.017000000000000001 -0.0064999999999999988 2218.0698277552269
0.017500000000000002 -0.0064999999999999988 1670.3102357589319
0.017999999999999995 -0.0064999999999999988 1233.1529454684296
0.018500000000000003 -0.0064999999999999988 892.46878416781487
0.019000000000000003 -0.0064999999999999988 633.12620166316674
0.019500000000000003 -0.0064999999999999988 440.22943786289227
0.019999999999999997 -0.0064999999999999988 300.00912892829444
0.020499999999999997 -0.0064999999999999988 200.37128118640464
0.021000000000000005 -0.0064999999999999988 131.14884345050513
0.021500000000000005 -0.0064999999999999988 84.121428234399872
0.021999999999999999 -0.0064999999999999988 52.874901793933951
0.022499999999999999 -0.0064999999999999988 32.567382890766353
0.023000000000000007 -0.0064999999999999988 19.656118860667931
0.023500000000000007 -0.0064999999999999988 11.624840195399152
0.024 -0.0064999999999999988 6.7366564963409381
0.024500000000000001 -0.0064999999999999988 3.8252945290833145
0.025000000000000001 -0.0064999999999999988 2.1283553048033381
-0.025000000000000001 -0.0059999999999999984 5.1705490242499339
-0.024500000000000001 -0.0059999999999999984 8.9469880798051467
-0.024 -0.0059999999999999984 15.185321884899832
-0.0235 -0.0059999999999999984 25.280420478611941
-0.023 -0.0059999999999999984 41.282267169319468
-0.022500000000000003 -0.0059999999999999984 66.125239131149215
-0.022000000000000002 -0.0059999999999999984 103.89646852944095
-0.021500000000000002 -0.0059999999999999984 160.12881167681655
-0.021000000000000001 -0.0059999999999999984 242.09114452354805
-0.020500000000000001 -0.0059999999999999984 359.03360087619814
-0.02 -0.0059999999999999984 522.32990319384635
-0.0195 -0.0059999999999999984 745.44619859028387
-0.019 -0.0059999999999999984 1043.6598965342737
-0.018500000000000003 -0.0059999999999999984 1433.4574586898393
-0.018000000000000002 -0.0059999999999999984 1931.5609783229788
-0.017500000000000002 -0.0059999999999999984 2553.5720234871446
-0.017000000000000001 -0.0059999999999999984 3312.276828886821
-0.016500000000000001 -0.0059999999999999984 4215.7245685943162
-0.016 -0.0059999999999999984 5265.2606686387708
-0.0155 -0.0059999999999999984 6453.7566830609003
-0.015000000000000001 -0.0059999999999999984 7764.3121440063742
-0.014500000000000001 -0.0059999999999999984 9169.6983524832613
-0.014 -0.0059999999999999984 10632.760716226012
-0.0135 -0.0059999999999999984 12107.894823127093
-0.012999999999999999 -0.0059999999999999984 13543.572255955345
-0.012500000000000001 -0.0059999999999999984 14885.735635920044
-0.012 -0.0059999999999999984 16081.736086960163
-0.0115 -0.0059999999999999984 17084.379521202649
-0.010999999999999999 -0.0059999999999999984 17855.605160838986
-0.010499999999999999 -0.0059999999999999984 18369.353530495311
-0.010000000000000002 -0.0059999999999999984 18613.289342873417
-0.0095000000000000015 -0.0059999999999999984 18589.208859344599
-0.0090000000000000011 -0.0059999999999999984 18312.150610752353
-0.0085000000000000006 -0.0059999999999999984 17808.406483264836
-0.0080000000000000002 -0.0059999999999999984 17112.763837621504
-0.0074999999999999997 -0.0059999999999999984 16265.376191825317
-0.0069999999999999993 -0.0059999999999999984 15308.653611000997
-0.0064999999999999988 -0.0059999999999999984 14284.494454489086
-0.0059999999999999984 -0.0059999999999999984 13232.070541224351
-0.0054999999999999979 -0.0059999999999999984 12186.257072895749
-0.005000000000000001 -0.0059999999999999984 11176.693717225591
-0.0044999999999999971 -0.0059999999999999984 10227.392268405827
-0.0040000000000000001 -0.0059999999999999984 9356.7751342581541
-0.0035000000000000031 -0.0059999999999999984 8578.0314980257572
-0.0029999999999999992 -0.0059999999999999984 7899.7002362358953
-0.0025000000000000022 -0.0059999999999999984 7326.4141154831241
-0.0019999999999999983 -0.0059999999999999984 6859.755445023904
-0.0015000000000000013 -0.0059999999999999984 6499.1735337204946
-0.00099999999999999742 -0.0059999999999999984 6242.9015455587369
-0.00050000000000000044 -0.0059999999999999984 6088.7934843951844
0 -0.0059999999999999984 6034.9921430206768
0.00050000000000000044 -0.0059999999999999984 6080.3447741067412
0.0010000000000000009 -0.0059999999999999984 6224.5082020235432
0.0015000000000000013 -0.0059999999999999984 6467.7254830745696
0.0020000000000000018 -0.0059999999999999984 6810.3029012905499
0.0024999999999999988 -0.0059999999999999984 7251.8576655330489
0.0030000000000000027 -0.0059999999999999984 7790.4335255486776
0.0034999999999999996 -0.0059999999999999984 8421.5891218449051
0.0040000000000000036 -0.0059999999999999984 9137.5542409111804
0.0045000000000000005 -0.0059999999999999984 9926.5298348171509
0.0049999999999999975 -0.0059999999999999984 10772.1887082636
0.0055000000000000014 -0.0059999999999999984 11653.42351670865
0.0059999999999999984 -0.0059999999999999984 12544.390141201138
0.0064999999999999988 -0.0059999999999999984 13414.903464355499
0.0069999999999999993 -0.0059999999999999984 14231.24874176216
0.0074999999999999997 -0.0059999999999999984 14957.462203418327
0.0080000000000000002 -0.0059999999999999984 15557.098786202816
0.0085000000000000006 -0.0059999999999999984 15995.439968814766
0.0090000000000000011 -0.0059999999999999984 16242.007874287474
0.0095000000000000015 -0.0059999999999999984 16273.160427349629
0.010000000000000002 -0.0059999999999999984 16074.469837687304
0.010500000000000002 -0.0059999999999999984 15642.556191535385
0.011000000000000003 -0.0059999999999999984 14986.075332386126
0.011500000000000003 -0.0059999999999999984 14125.648584849101
0.012000000000000004 -0.0059999999999999984 13092.659456636327
0.012499999999999997 -0.0059999999999999984 11927.004699149456
0.013000000000000005 -0.0059999999999999984 10674.042426273323
0.013499999999999998 -0.0059999999999999984 9381.0974810021453
0.014000000000000005 -0.0059999999999999984 8093.9412031724314
0.014499999999999999 -0.0059999999999999984 6853.6499013665143
0.014999999999999999 -0.0059999999999999984 5694.1693620182687
0.0155 -0.0059999999999999984 4640.7900624273907
0.016000000000000007 -0.0059999999999999984 3709.59537455076
0.016500000000000001 -0.0059999999999999984 2907.8100368000955
0.017000000000000001 -0.0059999999999999984 2234.8707674707935
0.017500000000000002 -0.0059999999999999984 1683.9784705870889
0.017999999999999995 -0.0059999999999999984 1243.8751805331258
0.018500000000000003 -0.0059999999999999984 900.6127632508194
0.019000000000000003 -0.0059999999999999984 639.13236412853303
0.019500000000000003 -0.0059999999999999984 444.53914286016271
0.019999999999999997 -0.0059999999999999984 303.02239290009499
0.020499999999999997 -0.0059999999999999984 202.42648730547464
0.021000000000000005 -0.0059999999999999984 132.5174480005241
0.021500000000000005 -0.0059999999999999984 85.01185433769416
0.021999999999999999 -0.0059999999999999984 53.441201294611105
0.022499999999999999 -0.0059999999999999984 32.919597190295185
0.023000000000000007 -0.0059999999999999984 19.870421833483437
0.023500000000000007 -0.0059999999999999984 11.752433949890253
0.024 -0.0059999999999999984 6.8110111077919022
0.024500000000000001 -0.0059999999999999984 3.8677118395272672
0.025000000000000001 -0.0059999999999999984 2.1520472236104884
-0.025000000000000001 -0.0054999999999999979 5.9505340551834527
-0.024500000000000001 -0.0054999999999999979 10.257228194275013
-0.024 -0.0054999999999999979 17.341512430503219
-0.0235 -0.0054999999999999979 28.756475296193553
-0.023 -0.0054999999999999979 46.771849087667533
-0.022500000000000003 -0.0054999999999999979 74.617688020552237
-0.022000000000000002 -0.0054999999999999979 116.76570650093151
-0.021500000000000002 -0.0054999999999999979 179.23089760695353
-0.021000000000000001 -0.0054999999999999979 269.86233088996147
-0.020500000000000001 -0.0054999999999999979 398.57626513286277
-0.02 -0.0054999999999999979 577.46910984240799
-0.0195 -0.0054999999999999979 820.73571304338429
-0.019 -0.0054999999999999979 1144.3142700896037
-0.018500000000000003 -0.0054999999999999979 1565.1874850574682
-0.018000000000000002 -0.0054999999999999979 2100.2944121200021
-0.017500000000000002 -0.0054999999999999979 2765.0505761175928
-0.017000000000000001 -0.0054999999999999979 3571.5340663089169
-0.016500000000000001 -0.0054999999999999979 4526.4664945988407
-0.016 -0.0054999999999999979 5629.1896098694024
-0.0155 -0.0054999999999999979 6869.8969212215115
-0.015000000000000001 -0.0054999999999999979 8228.4094460445103
-0.014500000000000001 -0.0054999999999999979 9673.7720953444768
-0.014 -0.0054999999999999979 11164.88434116976
-0.0135 -0.0054999999999999979 12652.266771273284
-0.012999999999999999 -0.0054999999999999979 14080.915806706333
-0.012500000000000001 -0.0054999999999999979 15394.034327771347
-0.012 -0.0054999999999999979 16537.275196412862
-0.0115 -0.0054999999999999979 17463.027866957058
-0.010999999999999999 -0.0054999999999999979 18134.239986175358
-0.010499999999999999 -0.0054999999999999979 18527.308656030771
-0.010000000000000002 -0.0054999999999999979 18633.696418268748
-0.0095000000000000015 -0.0054999999999999979 18460.105208738547
-0.0090000000000000011 -0.0054999999999999979 18027.245087160325
-0.0085000000000000006 -0.0054999999999999979 17367.425510570436
-0.0080000000000000002 -0.0054999999999999979 16521.340480262556
-0.0074999999999999997 -0.0054999999999999979 15534.491384695293
-0.0069999999999999993 -0.0054999999999999979 14453.685350541575
-0.0064999999999999988 -0.0054999999999999979 13323.972049083144
-0.0059999999999999984 -0.0054999999999999979 12186.261386555092
-0.0054999999999999979 -0.0054999999999999979 11075.728324332402
-0.005000000000000001 -0.0054999999999999979 10020.988050665794
-0.0044999999999999971 -0.0054999999999999979 9043.9356597762144
-0.0040000000000000001 -0.0054999999999999979 8160.0982305105681
-0.0035000000000000031 -0.0054999999999999979 7379.3404379942631
-0.0029999999999999992 -0.0054999999999999979 6706.7853390900882
-0.0025000000000000022 -0.0054999999999999979 6143.8438094606308
-0.0019999999999999983 -0.0054999999999999979 5689.2751057327405
-0.0015000000000000013 -0.0054999999999999979 5340.218767928759
-0.00099999999999999742 -0.0054999999999999979 5093.1433906342909
-0.00050000000000000044 -0.0054999999999999979 4944.6555804765312
0 -0.0054999999999999979 4892.1105994457994
0.00050000000000000044 -0.0054999999999999979 4933.9720037315092
0.0010000000000000009 -0.0054999999999999979 5069.8846102350362
0.0015000000000000013 -0.0054999999999999979 5300.4520282623862
0.0020000000000000018 -0.0054999999999999979 5626.7412954617685
0.0024999999999999988 -0.0054999999999999979 6049.5655672574767
0.0030000000000000027 -0.0054999999999999979 6568.6152220605109
0.0034999999999999996 -0.0054999999999999979 7181.5156724335138
0.0040000000000000036 -0.0054999999999999979 7882.8886732851706
0.0045000000000000005 -0.0054999999999999979 8663.4886105578389
0.0049999999999999975 -0.0054999999999999979 9509.4827250656053
0.0055000000000000014 -0.0054999999999999979 10401.948777454652
0.0059999999999999984 -0.0054999999999999979 11316.674659247608
0.0064999999999999988 -0.0054999999999999979 12224.35544930683
0.0069999999999999993 -0.0054999999999999979 13091.283609565791
0.0074999999999999997 -0.0054999999999999979 13880.605880993104
0.0080000000000000002 -0.0054999999999999979 14554.168403227723
0.0085000000000000006 -0.0054999999999999979 15074.89017298414
0.0090000000000000011 -0.0054999999999999979 15409.504858994611
0.0095000000000000015 -0.0054999999999999979 15531.411914300976
0.010000000000000002 -0.0054999999999999979 15423.304287469795
0.010500000000000002 -0.0054999999999999979 15079.214492031224
0.011000000000000003 -0.0054999999999999979 14505.657504616638
0.011500000000000003 -0.0054999999999999979 13721.648656730573
0.012000000000000004 -0.0054999999999999979 12757.523200359405
0.012499999999999997 -0.0054999999999999979 11652.655117017503
0.013000000000000005 -0.0054999999999999979 10452.333323593317
0.013499999999999998 -0.0054999999999999979 9204.1726032714978
0.014000000000000005 -0.0054999999999999979 7954.4922004222344
0.014499999999999999 -0.0054999999999999979 6745.0787767270022
0.014999999999999999 -0.0054999999999999979 5610.6691603136978
0.0155 -0.0054999999999999979 4577.3614493639716
0.016000000000000007 -0.0054999999999999979 3662.0172259739802
0.016500000000000001 -0.0054999999999999979 2872.580303771761
0.017000000000000001 -0.0054999999999999979 2209.1308177993174
0.017500000000000002 -0.0054999999999999979 1665.4307356676984
0.017999999999999995 -0.0054999999999999979 1230.7008592199513
0.018500000000000003 -0.0054999999999999979 891.39385235493933
0.019000000000000003 -0.0054999999999999979 632.7804631080395
0.019500000000000003 -0.0054999999999999979 440.2322381628245
0.019999999999999997 -0.0054999999999999979 300.1500236159315
0.020499999999999997 -0.0054999999999999979 200.54318558247874
0.021000000000000005 -0.0054999999999999979 131.30402363673278
0.021500000000000005 -0.0054999999999999979 84.243881697211023
0.021999999999999999 -0.0054999999999999979 52.963930692461339
0.022499999999999999 -0.0054999999999999979 32.628436178393244
0.023000000000000007 -0.0054999999999999979 19.696107928583938
0.023500000000000007 -0.0054999999999999979 11.650043976973627
0.024 -0.0054999999999999979 6.7520154754129695
0.024500000000000001 -0.0054999999999999979 3.8343736200792025
0.025000000000000001 -0.0054999999999999979 2.1335732953578197
-0.025000000000000001 -0.005000000000000001 6.8040106676980097
-0.024500000000000001 -0.005000000000000001 11.686557618214861
-0.024 -0.005000000000000001 19.685997864872402
-0.0235 -0.005000000000000001 32.52283068361578
-0.023 -0.005000000000000001 52.697490262814014
-0.022500000000000003 -0.005000000000000001 83.747642784019774
-0.022000000000000002 -0.005000000000000001 130.5408653339594
-0.021500000000000002 -0.005000000000000001 199.58212300616464
-0.021000000000000001 -0.005000000000000001 299.30088305335636
-0.020500000000000001 -0.005000000000000001 440.26643180192934
-0.02 -0.005000000000000001 635.26449317012475
-0.0195 -0.005000000000000001 899.15726286579434
-0.019 -0.005000000000000001 1248.4470025058581
-0.018500000000000003 -0.005000000000000001 1700.4750543532534
-0.018000000000000002 -0.005000000000000001 2272.2172411522529
-0.017500000000000002 -0.005000000000000001 2978.6844792485585
-0.017000000000000001 -0.005000000000000001 3831.0017790812467
-0.016500000000000001 -0.005000000000000001 4834.3128215685492
-0.016 -0.005000000000000001 5985.729613067112
-0.0155 -0.005000000000000001 7272.6025890179135
-0.015000000000000001 -0.005000000000000001 8671.4102914327468
-0.014500000000000001 -0.005000000000000001 10147.546265508472
-0.014 -0.005000000000000001 11656.207324724997
-0.0135 -0.005000000000000001 13144.464550865001
-0.012999999999999999 -0.005000000000000001 14554.440065697716
-0.012500000000000001 -0.005000000000000001 15827.342517016979
-0.012 -0.005000000000000001 16907.96249409132
-0.0115 -0.005000000000000001 17749.126277964122
-0.010999999999999999 -0.005000000000000001 18315.576483508212
-0.010499999999999999 -0.005000000000000001 18586.802587394934
-0.010000000000000002 -0.005000000000000001 18558.477931254554
-0.0095000000000000015 -0.005000000000000001 18242.350959735362
-0.0090000000000000011 -0.005000000000000001 17664.653207538642
-0.0085000000000000006 -0.005000000000000001 16863.28576869256
-0.0080000000000000002 -0.005000000000000001 15884.194152866934
-0.0074999999999999997 -0.005000000000000001 14777.414568453565
-0.0069999999999999993 -0.005000000000000001 13593.265307383746
-0.0064999999999999988 -0.005000000000000001 12379.074903503977
-0.0059999999999999984 -0.005000000000000001 11176.707783919888
-0.0054999999999999979 -0.005000000000000001 10020.999080039926
-0.005000000000000001 -0.005000000000000001 8939.0732529859251
-0.0044999999999999971 -0.005000000000000001 7950.4187787210776
-0.0040000000000000001 -0.005000000000000001 7067.5341965694925
-0.0035000000000000031 -0.005000000000000001 6296.9479699640679
-0.0029999999999999992 -0.005000000000000001 5640.4349464140923
-0.0025000000000000022 -0.005000000000000001 5096.2901338084466
-0.0019999999999999983 -0.005000000000000001 4660.5609340415122
-0.0015000000000000013 -0.005000000000000001 4328.1713383676479
-0.00099999999999999742 -0.005000000000000001 4093.8917479433694
-0.00050000000000000044 -0.005000000000000001 3953.1177983790926
0 -0.005000000000000001 3902.4262008578003
0.00050000000000000044 -0.005000000000000001 3939.8810968139715
0.0010000000000000009 -0.005000000000000001 4065.0746633413378
0.0015000000000000013 -0.005000000000000001 4278.9012785604909
0.0020000000000000018 -0.005000000000000001 4583.0830065606833
0.0024999999999999988 -0.005000000000000001 4979.4815980614012
0.0030000000000000027 -0.005000000000000001 5469.2454049348917
0.0034999999999999996 -0.005000000000000001 6051.8477150201907
0.0040000000000000036 -0.005000000000000001 6724.0780425524154
0.0045000000000000005 -0.005000000000000001 7479.0537881358341
0.0049999999999999975 -0.005000000000000001 8305.3301250495097
0.0055000000000000014 -0.005000000000000001 9186.2019895563571
0.0059999999999999984 -0.005000000000000001 10099.31017925332
0.0064999999999999988 -0.005000000000000001 11016.675670113098
0.0069999999999999993 -0.005000000000000001 11905.281433865119
0.0074999999999999997 -0.005000000000000001 12728.289134353616
0.0080000000000000002 -0.005000000000000001 13446.913986083913
0.0085000000000000006 -0.005000000000000001 14022.88813638652
0.0090000000000000011 -0.005000000000000001 14421.334326398699
0.0095000000000000015 -0.005000000000000001 14613.76850655085
0.010000000000000002 -0.005000000000000001 14580.877212263656
0.010500000000000002 -0.005000000000000001 14314.694612080495
0.011000000000000003 -0.005000000000000001 13819.847706608345
0.011500000000000003 -0.005000000000000001 13113.644993965669
0.012000000000000004 -0.005000000000000001 12224.938226470782
0.012499999999999997 -0.005000000000000001 11191.861232365134
0.013000000000000005 -0.005000000000000001 10058.711286872118
0.013499999999999998 -0.005000000000000001 8872.35657059189
0.014000000000000005 -0.005000000000000001 7678.6065934080571
0.014499999999999999 -0.005000000000000001 6518.9637823656331
0.014999999999999999 -0.005000000000000001 5428.0913389709949
0.0155 -0.005000000000000001 4432.2047903529447
0.016000000000000007 -0.005000000000000001 3548.449066091006
0.016500000000000001 -0.005000000000000001 2785.1865361369464
0.017000000000000001 -0.005000000000000001 2143.0160377635038
0.017500000000000002 -0.005000000000000001 1616.2812307389574
0.017999999999999995 -0.005000000000000001 1194.8111797362301
0.018500000000000003 -0.005000000000000001 865.66051186243124
0.019000000000000003 -0.005000000000000001 614.66858680445398
0.019500000000000003 -0.005000000000000001 427.72236220560848
0.019999999999999997 -0.005000000000000001 291.6726352839616
0.020499999999999997 -0.005000000000000001 194.90808069995404
0.021000000000000005 -0.005000000000000001 127.63038297165863
0.021500000000000005 -0.005000000000000001 81.895433223703279
0.021999999999999999 -0.005000000000000001 51.491958225683298
0.022499999999999999 -0.005000000000000001 31.723942403313689
0.023000000000000007 -0.005000000000000001 19.151280605621697
0.023500000000000007 -0.005000000000000001 11.328362611653469
0.024 -0.005000000000000001 6.5658589577799313
0.024500000000000001 -0.005000000000000001 3.7287911113746852
0.025000000000000001 -0.005000000000000001 2.0748856125403017
-0.025000000000000001 -0.0044999999999999971 7.7215650892892596
-0.024500000000000001 -0.0044999999999999971 13.219670978039083
-0.024 -0.0044999999999999971 22.194487377454724
-0.0235 -0.0044999999999999971 36.541876533544233
-0.023 -0.0044999999999999971 59.002420734764037
-0.022500000000000003 -0.0044999999999999971 93.431640981308192
-0.022000000000000002 -0.0044999999999999971 145.10256832489452
-0.021500000000000002 -0.0044999999999999971 221.01662560495913
-0.021000000000000001 -0.0044999999999999971 330.18339496319669
-0.020500000000000001 -0.0044999999999999971 483.81320089310333
-0.02 -0.0044999999999999971 695.35134825035641
-0.0195 -0.0044999999999999971 980.27328800527312
-0.019 -0.0044999999999999971 1355.5606503173831
-0.018500000000000003 -0.0044999999999999971 1838.7936160280804
-0.018000000000000002 -0.0044999999999999971 2446.828854227118
-0.017500000000000002 -0.0044999999999999971 3194.0849343766595
-0.017000000000000001 -0.0044999999999999971 4090.5254930965539
-0.016500000000000001 -0.0044999999999999971 5139.5065940460745
-0.016 -0.0044999999999999971 6335.7263041713231
-0.0155 -0.0044999999999999971 7663.5661584104619
-0.015000000000000001 -0.0044999999999999971 9096.1302400679124
-0.014500000000000001 -0.0044999999999999971 10595.255715539388
-0.014 -0.0044999999999999971 12112.683552411989
-0.0135 -0.0044999999999999971 13592.444550320633
-0.012999999999999999 -0.0044999999999999971 14974.349565678391
-0.012500000000000001 -0.0044999999999999971 16198.299421403952
-0.012 -0.0044999999999999971 17208.980513625065
-0.0115 -0.0044999999999999971 17960.416978373352
-0.010999999999999999 -0.0044999999999999971 18419.832323565071
-0.010499999999999999 -0.0044999999999999971 18570.342024591089
-0.010000000000000002 -0.0044999999999999971 18412.146303367095
-0.0095000000000000015 -0.0044999999999999971 17962.095462664543
-0.0090000000000000011 -0.0044999999999999971 17251.72321624235
-0.0085000000000000006 -0.0044999999999999971 16324.046603197119
-0.0080000000000000002 -0.0044999999999999971 15229.578847514844
-0.0074999999999999997 -0.0044999999999999971 14022.070549941835
-0.0069999999999999993 -0.0044999999999999971 12754.478298760268
-0.0064999999999999988 -0.0044999999999999971 11475.568918306459
-0.0059999999999999984 -0.0044999999999999971 10227.426624496329
-0.0054999999999999979 -0.0044999999999999971 9043.9708996156041
-0.005000000000000001 -0.0044999999999999971 7950.4458512974315
-0.0044999999999999971 -0.0044999999999999971 6963.7306817201952
-0.0040000000000000001 -0.0044999999999999971 6093.2576226385045
-0.0035000000000000031 -0.0044999999999999971 5342.3080001205963
-0.0029999999999999992 -0.0044999999999999971 4709.4788767979317
-0.0025000000000000022 -0.0044999999999999971 4190.1565371606284
-0.0019999999999999983 -0.0044999999999999971 3777.883128399993
-0.0015000000000000013 -0.0044999999999999971 3465.5469003654921
-0.00099999999999999742 -0.0044999999999999971 3246.3583324414849
-0.00050000000000000044 -0.0044999999999999971 3114.5933696726011
0 -0.0044999999999999971 3066.0944271451285
0.00050000000000000044 -0.0044999999999999971 3098.5247072155771
0.0010000000000000009 -0.0044999999999999971 3211.3759009658297
0.0015000000000000013 -0.0044999999999999971 3405.7356281702546
0.0020000000000000018 -0.0044999999999999971 3683.8289821737385
0.0024999999999999988 -0.0044999999999999971 4048.3570923530001
0.0030000000000000027 -0.0044999999999999971 4501.6637391166305
0.0034999999999999996 -0.0044999999999999971 5044.7691272036918
0.0040000000000000036 -0.0044999999999999971 5676.3198394198926
0.0045000000000000005 -0.0044999999999999971 6391.5182698508715
0.0049999999999999975 -0.0044999999999999971 7181.1148848803914
0.0055000000000000014 -0.0044999999999999971 8030.5709524239192
0.0059999999999999984 -0.0044999999999999971 8919.5223587530381
0.0064999999999999988 -0.0044999999999999971 9821.6876016232127
0.0069999999999999993 -0.0044999999999999971 10705.354280738955
0.0074999999999999997 -0.0044999999999999971 11534.539591367058
0.0080000000000000002 -0.0044999999999999971 12270.848372210352
0.0085000000000000006 -0.0044999999999999971 12875.952637135333
0.0090000000000000011 -0.0044999999999999971 13314.503956207438
0.0095000000000000015 -0.0044999999999999971 13557.186403496908
0.010000000000000002 -0.0044999999999999971 13583.547348571958
0.010500000000000002 -0.0044999999999999971 13384.226684786807
0.011000000000000003 -0.0044999999999999971 12962.253042282066
0.011500000000000003 -0.0044999999999999971 12333.185472701818
0.012000000000000004 -0.0044999999999999971 11524.034315795165
0.012499999999999997 -0.0044999999999999971 10571.067914939229
0.013000000000000005 -0.0044999999999999971 9516.7702820576505
0.013499999999999998 -0.0044999999999999971 8406.3292044967748
0.014000000000000005 -0.0044999999999999971 7284.084582653687
0.014499999999999999 -0.0044999999999999971 6190.3466200039102
0.014999999999999999 -0.0044999999999999971 5158.9108934520646
0.0155 -0.0044999999999999971 4215.4719903976547
0.016000000000000007 -0.0044999999999999971 3376.9953673323471
0.016500000000000001 -0.0044999999999999971 2651.9746019992608
0.017000000000000001 -0.0044999999999999971 2041.3992076649386
0.017500000000000002 -0.0044999999999999971 1540.1987435495694
0.017999999999999995 -0.0044999999999999971 1138.9143224328934
0.018500000000000003 -0.0044999999999999971 825.37248301360137
0.019000000000000003 -0.0044999999999999971 586.18684640176696
0.019500000000000003 -0.0044999999999999971 407.97600896635885
0.019999999999999997 -0.0044999999999999971 278.24882764186606
0.020499999999999997 -0.0044999999999999971 185.96101275748305
0.021000000000000005 -0.0044999999999999971 121.78439872761206
0.021500000000000005 -0.0044999999999999971 78.151147789715324
0.021999999999999999 -0.0044999999999999971 49.141335107510457
0.022499999999999999 -0.0044999999999999971 30.277593345631423
0.023000000000000007 -0.0044999999999999971 18.279079119632989
0.023500000000000007 -0.0044999999999999971 10.812902307674896
0.024 -0.0044999999999999971 6.2673258825659568
0.024500000000000001 -0.0044999999999999971 3.5593592091945485
0.025000000000000001 -0.0044999999999999971 1.9806549498162349
-0.025000000000000001 -0.0040000000000000001 8.6863132049593581
-0.024500000000000001 -0.0040000000000000001 14.828963157709317
-0.024 -0.0040000000000000001 24.822887323308095
-0.0235 -0.0040000000000000001 40.744832851218568
-0.023 -0.0040000000000000001 65.581918740127975
-0.022500000000000003 -0.0040000000000000001 103.51414210324539
-0.022000000000000002 -0.0040000000000000001 160.22561731347631
-0.021500000000000002 -0.0040000000000000001 243.21686164351107
-0.021000000000000001 -0.0040000000000000001 362.07430199535315
-0.020500000000000001 -0.0040000000000000001 528.63627514701295
-0.02 -0.0040000000000000001 756.98027729362684
-0.0195 -0.0040000000000000001 1063.148347164763
-0.019 -0.0040000000000000001 1464.5311027578325
-0.018500000000000003 -0.0040000000000000001 1978.8506321403931
-0.018000000000000002 -0.0040000000000000001 2622.7211005328004
-0.017500000000000002 -0.0040000000000000001 3409.8235020235916
-0.017000000000000001 -0.0040000000000000001 4348.8031626986376
-0.016500000000000001 -0.0040000000000000001 5441.0763242692383
-0.016 -0.0040000000000000001 6678.8020397323144
-0.0155 -0.0040000000000000001 8043.3217941228395
-0.015000000000000001 -0.0040000000000000001 9504.3762537240309
-0.014500000000000001 -0.0040000000000000001 11020.365037461816
-0.014 -0.0040000000000000001 12539.817936677555
-0.0135 -0.0040000000000000001 14004.101612483204
-0.012999999999999999 -0.0040000000000000001 15351.212609647799
-0.012500000000000001 -0.0040000000000000001 16520.332792002304
-0.012 -0.0040000000000000001 17456.678799696245
-0.0115 -0.0040000000000000001 18116.092723932146
-0.010999999999999999 -0.0040000000000000001 18468.817998787305
-0.010499999999999999 -0.0040000000000000001 18501.98930334768
-0.010000000000000002 -0.0040000000000000001 18220.527815676251
-0.0095000000000000015 -0.0040000000000000001 17646.347358417137
-0.0090000000000000011 -0.0040000000000000001 16816.005815359887
-0.0085000000000000006 -0.0040000000000000001 15777.139491605034
-0.0080000000000000002 -0.0040000000000000001 14584.161093164426
-0.0074999999999999997 -0.0040000000000000001 13293.762770938596
-0.0069999999999999993 -0.0040000000000000001 11960.739307074879
-0.0064999999999999988 -0.0040000000000000001 10634.545284519809
-0.0059999999999999984 -0.0040000000000000001 9356.8495405147369
-0.0054999999999999979 -0.0040000000000000001 8160.1825605797321
-0.005000000000000001 -0.0040000000000000001 7067.6189484778752
-0.0044999999999999971 -0.0040000000000000001 6093.3214169567063
-0.0040000000000000001 -0.0040000000000000001 5243.7071081779141
-0.0035000000000000031 -0.0040000000000000001 4518.9815193344439
-0.0029999999999999992 -0.0040000000000000001 3914.8100483413559
-0.0025000000000000022 -0.0040000000000000001 3423.9467255365848
-0.0019999999999999983 -0.0040000000000000001 3037.6977352708491
-0.0015000000000000013 -0.0040000000000000001 2747.1506145708836
-0.00099999999999999742 -0.0040000000000000001 2544.1406265491037
-0.00050000000000000044 -0.0040000000000000001 2421.9514411944069
0 -0.0040000000000000001 2375.7599428291414
0.00050000000000000044 -0.0040000000000000001 2402.8389839969814
0.0010000000000000009 -0.0040000000000000001 2502.5316733441596
0.0015000000000000013 -0.0040000000000000001 2676.0096354873795
0.0020000000000000018 -0.0040000000000000001 2925.8274505600084
0.0024999999999999988 -0.0040000000000000001 3255.2870236632812
0.0030000000000000027 -0.0040000000000000001 3667.6296788156592
0.0034999999999999996 -0.0040000000000000001 4165.0815610520622
0.0040000000000000036 -0.0040000000000000001 4747.7911875424834
0.0045000000000000005 -0.0040000000000000001 5412.7180836713442
0.0049999999999999975 -0.0040000000000000001 6152.5580213082967
0.0055000000000000014 -0.0040000000000000001 6954.8200628375789
0.0059999999999999984 -0.0040000000000000001 7801.1964571169019
0.0064999999999999988 -0.0040000000000000001 8667.3786980493624
0.0069999999999999993 -0.0040000000000000001 9523.46145701159
0.0074999999999999997 -0.0040000000000000001 10335.033063336317
0.0080000000000000002 -0.0040000000000000001 11064.975241870647
0.0085000000000000006 -0.0040000000000000001 11675.892824976067
0.0090000000000000011 -0.0040000000000000001 12132.981650433114
0.0095000000000000015 -0.0040000000000000001 12407.041593108046
0.010000000000000002 -0.0040000000000000001 12477.275003323277
0.010500000000000002 -0.0040000000000000001 12333.497823859809
0.011000000000000003 -0.0040000000000000001 11977.440717445501
0.011500000000000003 -0.0040000000000000001 11422.926968549908
0.012000000000000004 -0.0040000000000000001 10694.865788421394
0.012499999999999997 -0.0040000000000000001 9827.1670356766281
0.013000000000000005 -0.0040000000000000001 8859.8353255254406
0.013499999999999998 -0.0040000000000000001 7835.6101258355047
0.014000000000000005 -0.0040000000000000001 6796.5651065270367
0.014499999999999999 -0.0040000000000000001 5781.0592288959333
0.014999999999999999 -0.0040000000000000001 4821.3519858157888
0.0155 -0.0040000000000000001 3942.0748872884274
0.016000000000000007 -0.0040000000000000001 3159.6156394782229
0.016500000000000001 -0.0040000000000000001 2482.345387430234
0.017000000000000001 -0.0040000000000000001 1911.5226157224965
0.017500000000000002 -0.0040000000000000001 1442.6511181281414
0.017999999999999995 -0.0040000000000000001 1067.0558064447764
0.018500000000000003 -0.0040000000000000001 773.46293546632137
0.019000000000000003 -0.0040000000000000001 549.41922362755702
0.019500000000000003 -0.0040000000000000001 382.44407080772066
0.019999999999999997 -0.0040000000000000001 260.86841400763183
0.020499999999999997 -0.0040000000000000001 174.36365213768201
0.021000000000000005 -0.0040000000000000001 114.19947693187105
0.021500000000000005 -0.0040000000000000001 73.289194232714095
0.021999999999999999 -0.0040000000000000001 46.086997040345047
0.022499999999999999 -0.0040000000000000001 28.397184764123676
0.023000000000000007 -0.0040000000000000001 17.144587653178142
0.023500000000000007 -0.0040000000000000001 10.142166329299819
0.024 -0.0040000000000000001 5.8787348052199917
0.024500000000000001 -0.0040000000000000001 3.3387538332166118
0.025000000000000001 -0.0040000000000000001 1.8579353229546673
-0.025000000000000001 -0.0035000000000000031 9.6733919478822266
-0.024500000000000001 -0.0035000000000000031 16.473612194733086
-0.024 -0.0035000000000000031 27.505681416018017
-0.0235 -0.0035000000000000031 45.028947403787171
-0.023 -0.0035000000000000031 72.278561747793034
-0.022500000000000003 -0.0035000000000000031 113.75964452717395
-0.022000000000000002 -0.0035000000000000031 175.56617505617064
-0.021500000000000002 -0.0035000000000000031 265.69319140283227
-0.021000000000000001 -0.0035000000000000031 394.29403297897113
-0.020500000000000001 -0.0035000000000000031 573.81729320526256
-0.02 -0.0035000000000000031 818.94434733584114
-0.0195 -0.0035000000000000031 1146.2423297190467
-0.019 -0.0035000000000000031 1573.4542486570874
-0.018500000000000003 -0.0035000000000000031 2118.371949535348
-0.018000000000000002 -0.0035000000000000031 2797.2813239185766
-0.017500000000000002 -0.0035000000000000031 3623.0315932684694
-0.017000000000000001 -0.0035000000000000031 4602.8562564936246
-0.016500000000000001 -0.0035000000000000031 5736.1521077787229
-0.016 -0.0035000000000000031 7012.4902424705315
-0.0155 -0.0035000000000000031 8410.172801341283
-0.015000000000000001 -0.0035000000000000031 9895.6462092580132
-0.014500000000000001 -0.0035000000000000031 11424.025767580411
-0.014 -0.0035000000000000031 12940.876240288069
-0.0135 -0.0035000000000000031 14385.238054461728
-0.012999999999999999 -0.0035000000000000031 15693.709467049001
-0.012500000000000001 -0.0035000000000000031 16805.220516644589
-0.012 -0.0035000000000000031 17665.997111389788
-0.0115 -0.0035000000000000031 18234.142209856185
-0.010999999999999999 -0.0035000000000000031 18483.274667211972
-0.010499999999999999 -0.0035000000000000031 18404.768699957247
-0.010000000000000002 -0.0035000000000000031 18008.314647835017
-0.0095000000000000015 -0.0035000000000000031 17320.746065110201
-0.0090000000000000011 -0.0035000000000000031 16383.310683162228
-0.0085000000000000006 -0.0035000000000000031 15247.763201741564
-0.0080000000000000002 -0.0035000000000000031 13971.792656573502
-0.0074999999999999997 -0.0035000000000000031 12614.3463847356
-0.0069999999999999993 -0.0035000000000000031 11231.373762854199
-0.0064999999999999988 -0.0035000000000000031 9872.4001796119464
-0.0059999999999999984 -0.0035000000000000031 8578.1820051221293
-0.0054999999999999979 -0.0035000000000000031 7379.5193852411985
-0.005000000000000001 -0.0035000000000000031 6297.1466868942907
-0.0044999999999999971 -0.0035000000000000031 5342.5036766542999
-0.0040000000000000001 -0.0035000000000000031 4519.125833216026
-0.0035000000000000031 -0.0035000000000000031 3824.3793280517584
-0.0029999999999999992 -0.0035000000000000031 3251.2951575145285
-0.0025000000000000022 -0.0035000000000000031 2790.3120316098762
-0.0019999999999999983 -0.0035000000000000031 2430.8022231992527
-0.0015000000000000013 -0.0035000000000000031 2162.3147361131619
-0.00099999999999999742 -0.0035000000000000031 1975.5169801604411
-0.00050000000000000044 -0.0035000000000000031 1862.8462743159923
0 -0.0035000000000000031 1818.8970748646873
0.00050000000000000044 -0.0035000000000000031 1840.5726868875761
0.0010000000000000009 -0.0035000000000000031 1927.0260589020274
0.0015000000000000013 -0.0035000000000000031 2079.4073003506405
0.0020000000000000018 -0.0035000000000000031 2300.4290042348021
0.0024999999999999988 -0.0035000000000000031 2593.7566344403522
0.0030000000000000027 -0.0035000000000000031 2963.2320626258042
0.0034999999999999996 -0.0035000000000000031 3411.945616347909
0.0040000000000000036 -0.0035000000000000031 3941.1872405318622
0.0045000000000000005 -0.0035000000000000031 4549.3310515224321
0.0049999999999999975 -0.0035000000000000031 5230.73804288258
0.0055000000000000014 -0.0035000000000000031 5974.7943570010066
0.0059999999999999984 -0.0035000000000000031 6765.229614782018
0.0064999999999999988 -0.0035000000000000031 7579.8714640520784
0.0069999999999999993 -0.0035000000000000031 8390.9791071613909
0.0074999999999999997 -0.0035000000000000031 9166.2536492705713
0.0080000000000000002 -0.0035000000000000031 9870.5463894952463
0.0085000000000000006 -0.0035000000000000031 10468.185398058511
0.0090000000000000011 -0.0035000000000000031 10925.73151950928
0.0095000000000000015 -0.0035000000000000031 11214.878367285761
0.010000000000000002 -0.0035000000000000031 11315.148912103887
0.010500000000000002 -0.0035000000000000031 11216.031383213092
0.011000000000000003 -0.0035000000000000031 10918.24742276787
0.011500000000000003 -0.0035000000000000031 10433.951418822609
0.012000000000000004 -0.0035000000000000031 9785.8050604422915
0.012499999999999997 -0.0035000000000000031 9005.0297245115307
0.013000000000000005 -0.0035000000000000031 8128.6822193644575
0.013499999999999998 -0.0035000000000000031 7196.5007293735353
0.014000000000000005 -0.0035000000000000031 6247.7104838157493
0.014499999999999999 -0.0035000000000000031 5318.1580193446698
0.014999999999999999 -0.0035000000000000031 4438.0669255908451
0.0155 -0.0035000000000000031 3630.5947177236917
0.016000000000000007 -0.0035000000000000031 2911.2433356359502
0.016500000000000001 -0.0035000000000000031 2288.057939765733
0.017000000000000001 -0.0035000000000000031 1762.4584578284894
0.017500000000000002 -0.0035000000000000031 1330.4961214107941
0.017999999999999995 -0.0035000000000000031 984.31470328496403
0.018500000000000003 -0.0035000000000000031 713.61755455244315
0.019000000000000003 -0.0035000000000000031 506.98622541749893
0.019500000000000003 -0.0035000000000000031 352.95206590215253
0.019999999999999997 -0.0035000000000000031 240.77740380630152
0.020499999999999997 -0.0035000000000000031 160.94927939721632
0.021000000000000005 -0.0035000000000000031 105.42162215686464
0.021500000000000005 -0.0035000000000000031 67.660111852448594
0.021999999999999999 -0.0035000000000000031 42.549446157767164
0.022499999999999999 -0.0035000000000000031 26.218618307120664
0.023000000000000007 -0.0035000000000000031 15.829873982537816
0.023500000000000007 -0.0035000000000000031 9.3647122257791207
0.024 -0.0035000000000000031 5.4282356428126555
0.024500000000000001 -0.0035000000000000031 3.0829644451409628
0.025000000000000001 -0.0035000000000000031 1.7156254410420597
-0.025000000000000001 -0.0029999999999999992 10.650398781021835
-0.024500000000000001 -0.0029999999999999992 18.100241954089121
-0.024 -0.0029999999999999992 30.156888117535214
-0.0235 -0.0029999999999999992 49.258809375438751
-0.023 -0.0029999999999999992 78.88391251001984
-0.022500000000000003 -0.0029999999999999992 123.85465014721565
-0.022000000000000002 -0.0029999999999999992 190.66369753178986
-0.021500000000000002 -0.0029999999999999992 287.78508576649796
-0.021000000000000001 -0.0029999999999999992 425.91817540278765
-0.020500000000000001 -0.0029999999999999992 618.09468875180687
-0.02 -0.0029999999999999992 879.56601011032876
-0.0195 -0.0029999999999999992 1227.3839311373308
-0.019 -0.0029999999999999992 1679.5980711694392
-0.018500000000000003 -0.0029999999999999992 2254.021585943362
-0.018000000000000002 -0.0029999999999999992 2966.5654410919146
-0.017500000000000002 -0.0029999999999999992 3829.208679870188
-0.017000000000000001 -0.0029999999999999992 4847.7512061784537
-0.016500000000000001 -0.0029999999999999992 6019.5751597601447
-0.016 -0.0029999999999999992 7331.7056478172472
-0.0155 -0.0029999999999999992 8759.494629808014
-0.015000000000000001 -0.0029999999999999992 10266.238389537826
-0.014500000000000001 -0.0029999999999999992 11803.970530678402
-0.014 -0.0029999999999999992 13315.549516887524
-0.0135 -0.0029999999999999992 14737.994537589622
-0.012999999999999999 -0.0029999999999999992 16006.838904665183
-0.012500000000000001 -0.0029999999999999992 17061.096946728001
-0.012 -0.0029999999999999992 17848.31122649704
-0.0115 -0.0029999999999999992 18329.089809451612
-0.010999999999999999 -0.0029999999999999992 18480.574779532832
-0.010499999999999999 -0.0029999999999999992 18298.403717555746
-0.010000000000000002 -0.0029999999999999992 17796.918631525408
-0.0095000000000000015 -0.0029999999999999992 17007.610439576296
-0.0090000000000000011 -0.0029999999999999992 15976.021671377068
-0.0085000000000000006 -0.0029999999999999992 14757.52545984157
-0.0080000000000000002 -0.0029999999999999992 13412.523153284514
-0.0074999999999999997 -0.0029999999999999992 12001.638553219369
-0.0069999999999999993 -0.0029999999999999992 10581.433970888933
-0.0064999999999999988 -0.0029999999999999992 9201.0485501057537
-0.0059999999999999984 -0.0029999999999999992 7899.9909731573243
-0.0054999999999999979 -0.0029999999999999992 6707.1399967876832
-0.005000000000000001 -0.0029999999999999992 5640.848102621002
-0.0044999999999999971 -0.0029999999999999992 4709.9284091754926
-0.0040000000000000001 -0.0029999999999999992 3915.2437606040398
-0.0035000000000000031 -0.0029999999999999992 3251.6085639501921
-0.0029999999999999992 -0.0029999999999999992 2709.7479810090849
-0.0025000000000000022 -0.0029999999999999992 2278.1195399820331
-0.0019999999999999983 -0.0029999999999999992 1944.4721607161828
-0.0015000000000000013 -0.0029999999999999992 1697.0827150130649
-0.00099999999999999742 -0.0029999999999999992 1525.6611934969319
-0.00050000000000000044 -0.0029999999999999992 1421.9483792707333
0 -0.0029999999999999992 1380.045291086881
0.00050000000000000044 -0.0029999999999999992 1396.5151993549282
0.0010000000000000009 -0.0029999999999999992 1470.2916519440971
0.0015000000000000013 -0.0029999999999999992 1602.4145464082997
0.0020000000000000018 -0.0029999999999999992 1795.6050083195571
0.0024999999999999988 -0.0029999999999999992 2053.6820174813938
0.0030000000000000027 -0.0029999999999999992 2380.822048311692
0.0034999999999999996 -0.0029999999999999992 2780.6695727877195
0.0040000000000000036 -0.0029999999999999992 3255.3223961061353
0.0045000000000000005 -0.0029999999999999992 3804.2412519493319
0.0049999999999999975 -0.0029999999999999992 4423.1653654289612
0.0055000000000000014 -0.0029999999999999992 5103.1494186965901
0.0059999999999999984 -0.0029999999999999992 5829.8644400832409
0.0064999999999999988 -0.0029999999999999992 6583.3159790786631
0.0069999999999999993 -0.0029999999999999992 7338.1186072414539
0.0074999999999999997 -0.0029999999999999992 8064.4208423631799
0.0080000000000000002 -0.0029999999999999992 8729.4996158837421
0.0085000000000000006 -0.0029999999999999992 9299.9464958181161
0.0090000000000000011 -0.0029999999999999992 9744.2642941683171
0.0095000000000000015 -0.0029999999999999992 10035.602351523259
0.010000000000000002 -0.0029999999999999992 10154.302061103508
0.010500000000000002 -0.0029999999999999992 10089.916865951185
0.011000000000000003 -0.0029999999999999992 9842.4198530186804
0.011500000000000003 -0.0029999999999999992 9422.4124992275647
0.012000000000000004 -0.0029999999999999992 8850.2841755354057
0.012499999999999997 -0.0029999999999999992 8154.4196352485051
0.013000000000000005 -0.0029999999999999992 7368.6839744509161
0.013499999999999998 -0.0029999999999999992 6529.5076764573905
0.014000000000000005 -0.0029999999999999992 5672.9329227822254
0.014499999999999999 -0.0029999999999999992 4831.9623850630333
0.014999999999999999 -0.0029999999999999992 4034.480875290385
0.0155 -0.0029999999999999992 3301.9153461402498
0.016000000000000007 -0.0029999999999999992 2648.6813799083025
0.016500000000000001 -0.0029999999999999992 2082.3558131436585
0.017000000000000001 -0.0029999999999999992 1604.4322537161552
0.017500000000000002 -0.0029999999999999992 1211.468394138933
0.017999999999999995 -0.0029999999999999992 896.42265910346009
0.018500000000000003 -0.0029999999999999992 649.9974753262087
0.019000000000000003 -0.0029999999999999992 461.84753158181775
0.019500000000000003 -0.0029999999999999992 321.56244773444354
0.019999999999999997 -0.0029999999999999992 219.38390233732272
0.020499999999999997 -0.0029999999999999992 146.65978809162311
0.021000000000000005 -0.0029999999999999992 96.068122250684084
0.021500000000000005 -0.0029999999999999992 61.660266059174134
0.021999999999999999 -0.0029999999999999992 38.778043334522742
0.022499999999999999 -0.0029999999999999992 23.895598780914195
0.023000000000000007 -0.0029999999999999992 14.427765220820051
0.023500000000000007 -0.0029999999999999992 8.5354677603078599
0.024 -0.0029999999999999992 4.9476732914124435
0.024500000000000001 -0.0029999999999999992 2.8100802547633861
0.025000000000000001 -0.0029999999999999992 1.5637930446584918
-0.025000000000000001 -0.0025000000000000022 11.578912339167625
-0.024500000000000001 -0.0025000000000000022 19.645397077674836
-0.024 -0.0025000000000000022 32.673993636194702
-0.0235 -0.0025000000000000022 53.272448617574
-0.023 -0.0025000000000000022 85.147743795855732
-0.022500000000000003 -0.0025000000000000022 133.42126073092402
-0.022000000000000002 -0.0025000000000000022 204.96044432542089
-0.021500000000000002 -0.0025000000000000022 308.68835028536722
-0.021000000000000001 -0.0025000000000000022 455.81435566515978
-0.020500000000000001 -0.0025000000000000022 659.91209299311754
-0.02 -0.0025000000000000022 936.75846501999513
-0.0195 -0.0025000000000000022 1303.8454862352871
-0.019 -0.0025000000000000022 1779.4898841239039
-0.018500000000000003 -0.0025000000000000022 2381.4979591695678
-0.018000000000000002 -0.0025000000000000022 3125.3965935169276
-0.017500000000000002 -0.0025000000000000022 4022.3128787959272
-0.017000000000000001 -0.0025000000000000022 5076.6669546820012
-0.016500000000000001 -0.0025000000000000022 6283.9226893082578
-0.016 -0.0025000000000000022 7628.7025474774346
-0.0155 -0.0025000000000000022 9083.5992366793998
-0.015000000000000001 -0.0025000000000000022 10608.993197099682
-0.014500000000000001 -0.0025000000000000022 12154.104311899959
-0.014 -0.0025000000000000022 13659.371186660164
-0.0135 -0.0025000000000000022 15060.076581152513
-0.012999999999999999 -0.0025000000000000022 16290.948413184196
-0.012500000000000001 -0.0025000000000000022 17291.294454361523
-0.012 -0.0025000000000000022 18010.108494831566
-0.0115 -0.0025000000000000022 18410.543173922641
-0.010999999999999999 -0.0025000000000000022 18473.193909746453
-0.010499999999999999 -0.0025000000000000022 18197.776613026155
-0.010000000000000002 -0.0025000000000000022 17602.988978271198
-0.0095000000000000015 -0.0025000000000000022 16724.587044666365
-0.0090000000000000011 -0.0025000000000000022 15611.94419862916
-0.0085000000000000006 -0.0025000000000000022 14323.548993812721
-0.0080000000000000002 -0.0025000000000000022 12922.010792790352
-0.0074999999999999997 -0.0025000000000000022 11469.163470817884
-0.0069999999999999993 -0.0025000000000000022 10021.790218355489
-0.0064999999999999988 -0.0025000000000000022 8628.3558105587199
-0.0059999999999999984 -0.0025000000000000022 7326.9564438010057
-0.0054999999999999979 -0.0025000000000000022 6144.5150674191782
-0.005000000000000001 -0.0025000000000000022 5097.0924314176145
-0.0044999999999999971 -0.0025000000000000022 4191.0722878127308
-0.0040000000000000001 -0.0025000000000000022 3424.9229749356177
-0.0035000000000000031 -0.0025000000000000022 2791.2348969829113
-0.0029999999999999992 -0.0025000000000000022 2278.7729434078674
-0.0025000000000000022 -0.0025000000000000022 1874.348326972432
-0.0019999999999999983 -0.0025000000000000022 1564.3885228846104
-0.0015000000000000013 -0.0025000000000000022 1336.1525815594903
-0.00099999999999999742 -0.0025000000000000022 1178.5925351681913
-0.00050000000000000044 -0.0025000000000000022 1082.8957758737297
0 -0.0025000000000000022 1042.7586274209468
0.00050000000000000044 -0.0025000000000000022 1054.4414695024459
0.0010000000000000009 -0.0025000000000000022 1116.6458220871882
0.0015000000000000013 -0.0025000000000000022 1230.2390826574372
0.0020000000000000018 -0.0025000000000000022 1397.8379154915563
0.0024999999999999988 -0.0025000000000000022 1623.2505858489787
0.0030000000000000027 -0.0025000000000000022 1910.7749465621976
0.0034999999999999996 -0.0025000000000000022 2264.3545626684131
0.0040000000000000036 -0.0025000000000000022 2686.6116529325909
0.0045000000000000005 -0.0025000000000000022 3177.801437153777
0.0049999999999999975 -0.0025000000000000022 3734.7650393342633
0.0055000000000000014 -0.0025000000000000022 4349.9915561340786
0.0059999999999999984 -0.0025000000000000022 5010.9261717543741
0.0064999999999999988 -0.0025000000000000022 5699.6711230492147
0.0069999999999999993 -0.0025000000000000022 6393.2117503297013
0.0074999999999999997 -0.0025000000000000022 7064.2562053474885
0.0080000000000000002 -0.0025000000000000022 7682.7058015050925
0.0085000000000000006 -0.0025000000000000022 8217.6816031884027
0.0090000000000000011 -0.0025000000000000022 8639.9362063288754
0.0095000000000000015 -0.0025000000000000022 8924.396316756438
0.010000000000000002 -0.0025000000000000022 9052.5303217863184
0.010500000000000002 -0.0025000000000000022 9014.2297465542179
0.011000000000000003 -0.0025000000000000022 8808.9400659358507
0.011500000000000003 -0.0025000000000000022 8445.8700274954354
0.012000000000000004 -0.0025000000000000022 7943.2344628489791
0.012499999999999997 -0.0025000000000000022 7326.6213065297379
0.013000000000000005 -0.0025000000000000022 6626.6945652339609
0.013499999999999998 -0.0025000000000000022 5876.5297040211462
0.014000000000000005 -0.0025000000000000022 5108.9125036786108
0.014499999999999999 -0.0025000000000000022 4353.9135195900499
0.014999999999999999 -0.0025000000000000022 3636.985051482317
0.0155 -0.0025000000000000022 2977.7314884412435
0.016000000000000007 -0.0025000000000000022 2389.3967389092659
0.016500000000000001 -0.0025000000000000022 1879.0135937708067
0.017000000000000001 -0.0025000000000000022 1448.0844715375099
0.017500000000000002 -0.0025000000000000022 1093.6195601771187
0.017999999999999995 -0.0025000000000000022 809.34814239912725
0.018500000000000003 -0.0025000000000000022 586.93693213641677
0.019000000000000003 -0.0025000000000000022 417.08663561430234
0.019500000000000003 -0.0025000000000000022 290.4243532208082
0.019999999999999997 -0.0025000000000000022 198.15542687850183
0.020499999999999997 -0.0025000000000000022 132.47694167079595
0.021000000000000005 -0.0025000000000000022 86.782465038634996
0.021500000000000005 -0.0025000000000000022 55.702883292897873
0.021999999999999999 -0.0025000000000000022 35.032776914624769
0.022499999999999999 -0.0025000000000000022 21.588391951818569
0.023000000000000007 -0.0025000000000000022 13.035056017489499
0.023500000000000007 -0.0025000000000000022 7.7117109270706141
0.024 -0.0025000000000000022 4.4702564544261687
0.024500000000000001 -0.0025000000000000022 2.538965758455058
0.025000000000000001 -0.0025000000000000022 1.412937641805033
-0.025000000000000001 -0.0019999999999999983 12.417061386153087
-0.024500000000000001 -0.0019999999999999983 21.039783154020178
-0.024 -0.0019999999999999983 34.94479739845589
-0.0235 -0.0019999999999999983 56.892143395991432
-0.023 -0.0019999999999999983 90.794721785538059
-0.022500000000000003 -0.0019999999999999983 142.04235135075578
-0.022000000000000002 -0.0019999999999999983 217.83859649715282
-0.021500000000000002 -0.0019999999999999983 327.50858885294195
-0.021000000000000001 -0.0019999999999999983 482.71743531287592
-0.020500000000000001 -0.0019999999999999983 697.52156056420085
-0.02 -0.0019999999999999983 988.16388496515685
-0.0195 -0.0019999999999999983 1372.5233945605394
-0.019 -0.0019999999999999983 1869.1457067919316
-0.018500000000000003 -0.0019999999999999983 2495.8175967164816
-0.018000000000000002 -0.0019999999999999983 3267.7061052539002
-0.017500000000000002 -0.0019999999999999983 4195.15839235778
-0.017000000000000001 -0.0019999999999999983 5281.343274627051
-0.016500000000000001 -0.0019999999999999983 6519.9957372364343
-0.016 -0.0019999999999999983 7893.5845753554795
-0.0155 -0.0019999999999999983 9372.2432485620229
-0.015000000000000001 -0.0019999999999999983 10913.771158029929
-0.014500000000000001 -0.0019999999999999983 12464.920735730446
-0.014 -0.0019999999999999983 13964.03974669604
-0.0135 -0.0019999999999999983 15344.954951311876
-0.012999999999999999 -0.0019999999999999983 16541.790238882808
-0.012500000000000001 -0.0019999999999999983 17494.243214052705
-0.012 -0.0019999999999999983 18152.732346039109
-0.0115 -0.0019999999999999983 18482.797875679174
-0.010999999999999999 -0.0019999999999999983 18468.205440608152
-0.010499999999999999 -0.0019999999999999983 18112.355945896601
-0.010000000000000002 -0.0019999999999999983 17437.825285789797
-0.0095000000000000015 -0.0019999999999999983 16484.106600961328
-0.0090000000000000011 -0.0019999999999999983 15303.863429889292
-0.0085000000000000006 -0.0019999999999999983 13958.184830009397
-0.0080000000000000002 -0.0019999999999999983 12511.434663838469
-0.0074999999999999997 -0.0019999999999999983 11026.294490472266
-0.0069999999999999993 -0.0019999999999999983 9559.5185890418015
-0.0064999999999999988 -0.0019999999999999983 8158.7718818575795
-0.0059999999999999984 -0.0019999999999999983 6860.7382408850081
-0.0054999999999999979 -0.0019999999999999983 5690.5019470385141
-0.005000000000000001 -0.0019999999999999983 4662.048760928752
-0.0044999999999999971 -0.0019999999999999983 3779.6254780012496
-0.0040000000000000001 -0.0019999999999999983 3039.6462957333365
-0.0035000000000000031 -0.0019999999999999983 2432.8375505863464
-0.0029999999999999992 -0.0019999999999999983 1946.3573227958914
-0.0025000000000000022 -0.0019999999999999983 1565.6962845380392
-0.0019999999999999983 -0.0019999999999999983 1276.2437289467819
-0.0015000000000000013 -0.0019999999999999983 1064.4736195308251
-0.00099999999999999742 -0.0019999999999999983 918.76028156228813
-0.00050000000000000044 -0.0019999999999999983 829.867909955664
0 -0.0019999999999999983 791.17289071579637
0.00050000000000000044 -0.0019999999999999983 798.67670227128167
0.0010000000000000009 -0.0019999999999999983 850.85517195032503
0.0015000000000000013 -0.0019999999999999983 948.37274194389033
0.0020000000000000018 -0.0019999999999999983 1093.6733117532867
0.0024999999999999988 -0.0019999999999999983 1290.446496675873
0.0030000000000000027 -0.0019999999999999983 1542.9631301110885
0.0034999999999999996 -0.0019999999999999983 1855.27878960366
0.0040000000000000036 -0.0019999999999999983 2230.3198802573202
0.0045000000000000005 -0.0019999999999999983 2668.8923210921616
0.0049999999999999975 -0.0019999999999999983 3168.6847665254736
0.0055000000000000014 -0.0019999999999999983 3723.3706873747929
0.0059999999999999984 -0.0019999999999999983 4321.9386554687153
0.0064999999999999988 -0.0019999999999999983 4948.3892024059396
0.0069999999999999993 -0.0019999999999999983 5581.9222590362861
0.0074999999999999997 -0.0019999999999999983 6197.6975268017077
0.0080000000000000002 -0.0019999999999999983 6768.1827295750154
0.0085000000000000006 -0.0019999999999999983 7265.0194655405494
0.0090000000000000011 -0.0019999999999999983 7661.2470038399806
0.0095000000000000015 -0.0019999999999999983 7933.6479885675908
0.010000000000000002 -0.0019999999999999983 8064.9335951211342
0.010500000000000002 -0.0019999999999999983 8045.4819250113487
0.011000000000000003 -0.0019999999999999983 7874.3872387663769
0.011500000000000003 -0.0019999999999999983 7559.664288740948
0.012000000000000004 -0.0019999999999999983 7117.5675956878486
0.012499999999999997 -0.0019999999999999983 6571.1096255747934
0.013000000000000005 -0.0019999999999999983 5947.9720325032285
0.013499999999999998 -0.0019999999999999983 5278.0809187419054
0.014000000000000005 -0.0019999999999999983 4591.1480269820995
0.014499999999999999 -0.0019999999999999983 3914.4620527423617
0.014999999999999999 -0.0019999999999999983 3271.1545639166075
0.0155 -0.0019999999999999983 2679.0774920819513
0.016000000000000007 -0.0019999999999999983 2150.3317451980779
0.016500000000000001 -0.0019999999999999983 1691.3967674722894
0.017000000000000001 -0.0019999999999999983 1303.7425433052738
0.017500000000000002 -0.0019999999999999983 984.76625160635206
0.017999999999999995 -0.0019999999999999983 728.88659219723763
0.018500000000000003 -0.0019999999999999983 528.64521282103283
0.019000000000000003 -0.0019999999999999983 375.69855964844874
0.019500000000000003 -0.0019999999999999983 261.6255002615718
0.019999999999999997 -0.0019999999999999983 178.51769438933607
0.020499999999999997 -0.0019999999999999983 119.35461703466142
0.021000000000000005 -0.0019999999999999983 78.189902907138944
0.021500000000000005 -0.0019999999999999983 50.18950262646598
0.021999999999999999 -0.0019999999999999983 31.56629393693785
0.022499999999999999 -0.0019999999999999983 19.452744332617922
0.023000000000000007 -0.0019999999999999983 11.745814677261452
0.023500000000000007 -0.0019999999999999983 6.9491079547078973
0.024 -0.0019999999999999983 4.0282601111477661
0.024500000000000001 -0.0019999999999999983 2.2879553971189899
0.025000000000000001 -0.0019999999999999983 1.2732638898408177
-0.025000000000000001 -0.0015000000000000013 13.122924396808184
-0.024500000000000001 -0.0015000000000000013 22.213912459249268
-0.024 -0.0015000000000000013 36.856588751693621
-0.0235 -0.0015000000000000013 59.939017880000996
-0.023 -0.0015000000000000013 95.547128024103301
-0.022500000000000003 -0.0015000000000000013 149.29617495009381
-0.022000000000000002 -0.0015000000000000013 228.67181251506497
-0.021500000000000002 -0.0015000000000000013 343.33633323231817
-0.021000000000000001 -0.0015000000000000013 505.33657649642379
-0.020500000000000001 -0.0015000000000000013 729.13274722680831
-0.02 -0.0015000000000000013 1031.3565915400916
-0.0195 -0.0015000000000000013 1430.2085357013746
-0.019 -0.0015000000000000013 1944.4218645200406
-0.018500000000000003 -0.0015000000000000013 2591.761581857329
-0.018000000000000002 -0.0015000000000000013 3387.0868430433143
-0.017500000000000002 -0.0015000000000000013 4340.0847068942558
-0.017000000000000001 -0.0015000000000000013 5452.8699270816887
-0.016500000000000001 -0.0015000000000000013 6717.7260500455823
-0.016 -0.0015000000000000013 8115.3194667971056
-0.0155 -0.0015000000000000013 9613.732578831612
-0.015000000000000001 -0.0015000000000000013 11168.621398907957
-0.014500000000000001 -0.0015000000000000013 12724.701648253764
-0.014 -0.0015000000000000013 14218.61217869223
-0.0135 -0.0015000000000000013 15583.014203371175
-0.012999999999999999 -0.0015000000000000013 16751.588665046838
-0.012500000000000001 -0.0015000000000000013 17664.426992699657
-0.012 -0.0015000000000000013 18273.206044146511
-0.0115 -0.0015000000000000013 18545.520930332019
-0.010999999999999999 -0.0015000000000000013 18467.829372460867
-0.010499999999999999 -0.0015000000000000013 18046.629723974736
-0.010000000000000002 -0.0015000000000000013 17307.725814983412
-0.0095000000000000015 -0.0015000000000000013 16293.686741972935
-0.0090000000000000011 -0.0015000000000000013 15059.845218136463
-0.0085000000000000006 -0.0015000000000000013 13669.3548591442
-0.0080000000000000002 -0.0015000000000000013 12187.917635727406
-0.0074999999999999997 -0.0015000000000000013 10678.787639352973
-0.0069999999999999993 -0.0015000000000000013 9198.5644287124524
-0.0064999999999999988 -0.0015000000000000013 7794.1319270666345
-0.0059999999999999984 -0.0015000000000000013 6500.9097219040505
-0.0054999999999999979 -0.0015000000000000013 5342.3971109758695
-0.005000000000000001 -0.0015000000000000013 4330.8356694531394
-0.0044999999999999971 -0.0015000000000000013 3468.7127410240223
-0.0040000000000000001 -0.0015000000000000013 2750.7831411208031
-0.0035000000000000031 -0.0015000000000000013 2166.2951133179308
-0.0029999999999999992 -0.0015000000000000013 1701.1563439592446
-0.0025000000000000022 -0.0015000000000000013 1339.8494392607588
-0.0019999999999999983 -0.0015000000000000013 1066.9863707064108
-0.0015000000000000013 -0.0015000000000000013 868.46376750428863
-0.00099999999999999742 -0.0015000000000000013 732.23629825465105
-0.00050000000000000044 -0.0015000000000000013 648.75979304238126
0 -0.0015000000000000013 611.16983999416163
0.00050000000000000044 -0.0015000000000000013 615.25914371527836
0.0010000000000000009 -0.0015000000000000013 659.30339717407094
0.0015000000000000013 -0.0015000000000000013 743.76661483340001
0.0020000000000000018 -0.0015000000000000013 870.89817861743802
0.0024999999999999988 -0.0015000000000000013 1044.2197633009216
0.0030000000000000027 -0.0015000000000000013 1267.8942681054136
0.0034999999999999996 -0.0015000000000000013 1545.9730753493566
0.0040000000000000036 -0.0015000000000000013 1881.5330399264528
0.0045000000000000005 -0.0015000000000000013 2275.7393120333572
0.0049999999999999975 -0.0015000000000000013 2726.9008683240409
0.0055000000000000014 -0.0015000000000000013 3229.6166384398962
0.0059999999999999984 -0.0015000000000000013 3774.1337828815972
0.0064999999999999988 -0.0015000000000000013 4346.0479208815814
0.0069999999999999993 -0.0015000000000000013 4926.4611756214454
0.0074999999999999997 -0.0015000000000000013 5492.6744481398873
0.0080000000000000002 -0.0015000000000000013 6019.4271112869601
0.0085000000000000006 -0.0015000000000000013 6480.6179550693259
0.0090000000000000011 -0.0015000000000000013 6851.3585374866034
0.0095000000000000015 -0.0015000000000000013 7110.1399406371011
0.010000000000000002 -0.0015000000000000013 7240.8518135887662
0.010500000000000002 -0.0015000000000000013 7234.3899477424357
0.011000000000000003 -0.0015000000000000013 7089.6297142063995
0.011500000000000003 -0.0015000000000000013 6813.6229047116722
0.012000000000000004 -0.0015000000000000013 6420.9819074892221
0.012499999999999997 -0.0015000000000000013 5932.528965425623
0.013000000000000005 -0.0015000000000000013 5373.3890019185801
0.013499999999999998 -0.0015000000000000013 4770.7744145890038
0.014000000000000005 -0.0015000000000000013 4151.7381461017558
0.014499999999999999 -0.0015000000000000013 3541.1547710966747
0.014999999999999999 -0.0015000000000000013 2960.1345377503862
0.0155 -0.0015000000000000013 2424.9952537204422
0.016000000000000007 -0.0015000000000000013 1946.8279801294411
0.016500000000000001 -0.0015000000000000013 1531.6107042048727
0.017000000000000001 -0.0015000000000000013 1180.7619467946658
0.017500000000000002 -0.0015000000000000013 891.99053888124297
0.017999999999999995 -0.0015000000000000013 660.28950090948854
0.018500000000000003 -0.0015000000000000013 478.93694019267588
0.019000000000000003 -0.0015000000000000013 340.39775390288503
0.019500000000000003 -0.0015000000000000013 237.05817192879195
0.019999999999999997 -0.0015000000000000013 161.76303864003924
0.020499999999999997 -0.0015000000000000013 108.15749600547413
0.021000000000000005 -0.0015000000000000013 70.857246827233766
0.021500000000000005 -0.0015000000000000013 45.484145096698434
0.021999999999999999 -0.0015000000000000013 28.607642170473248
0.022499999999999999 -0.0015000000000000013 17.629858037384619
0.023000000000000007 -0.0015000000000000013 10.645326736970452
0.023500000000000007 -0.0015000000000000013 6.2981286403301953
0.024 -0.0015000000000000013 3.6509468108395438
0.024500000000000001 -0.0015000000000000013 2.0736725466815735
0.025000000000000001 -0.0015000000000000013 1.1540241902562938
-0.025000000000000001 -0.00099999999999999742 13.658374162359314
-0.024500000000000001 -0.00099999999999999742 23.104510842357797
-0.024 -0.00099999999999999742 38.306600210971503
-0.0235 -0.00099999999999999742 62.249739047851598
-0.023 -0.00099999999999999742 99.150967195806885
-0.022500000000000003 -0.00099999999999999742 154.7963216651568
-0.022000000000000002 -0.00099999999999999742 236.88508904711819
-0.021500000000000002 -0.00099999999999999742 355.33480385072789
-0.021000000000000001 -0.00099999999999999742 522.48114770376594
-0.020500000000000001 -0.00099999999999999742 753.08964603716424
-0.02 -0.00099999999999999742 1064.0857623101288
-0.0195 -0.00099999999999999742 1473.9122964972557
-0.019 -0.00099999999999999742 2001.4433083409353
-0.018500000000000003 -0.00099999999999999742 2664.4257870879323
-0.018000000000000002 -0.00099999999999999742 3477.4842586818099
-0.017500000000000002 -0.00099999999999999742 4449.8048863367057
-0.017000000000000001 -0.00099999999999999742 5582.7042397666646
-0.016500000000000001 -0.00099999999999999742 6867.3685769700069
-0.016 -0.00099999999999999742 8283.1039401823
-0.0155 -0.00099999999999999742 9796.4477302159776
-0.015000000000000001 -0.00099999999999999742 11361.445501145357
-0.014500000000000001 -0.00099999999999999742 12921.288269604749
-0.014 -0.00099999999999999742 14411.343380805331
-0.0135 -0.00099999999999999742 15763.416275748477
-0.012999999999999999 -0.00099999999999999742 16910.882047709623
-0.012500000000000001 -0.00099999999999999742 17794.160256320694
-0.012 -0.00099999999999999742 18365.907773138584
-0.0115 -0.00099999999999999742 18595.296433842617
-0.010999999999999999 -0.00099999999999999742 18470.833119828923
-0.010499999999999999 -0.00099999999999999742 18001.359012109886
-0.010000000000000002 -0.00099999999999999742 17215.104105145096
-0.0095000000000000015 -0.00099999999999999742 16156.932426042988
-0.0090000000000000011 -0.00099999999999999742 14884.14859638419
-0.0085000000000000006 -0.00099999999999999742 13461.40837687195
-0.0080000000000000002 -0.00099999999999999742 11955.358628894593
-0.0074999999999999997 -0.00099999999999999742 10429.617418662347
-0.0069999999999999993 -0.00099999999999999742 8940.602825180551
-0.0064999999999999988 -0.00099999999999999742 7534.5543763002088
-0.0059999999999999984 -0.00099999999999999742 6245.8975239156352
-0.0054999999999999979 -0.00099999999999999742 5096.9138702602522
-0.005000000000000001 -0.00099999999999999742 4098.5268886616313
-0.0044999999999999971 -0.00099999999999999742 3251.9130462594521
-0.0040000000000000001 -0.00099999999999999742 2550.6075749624292
-0.0035000000000000031 -0.00099999999999999742 1982.7873413786674
-0.0029999999999999992 -0.00099999999999999742 1533.4668290344778
-0.0025000000000000022 -0.00099999999999999742 1186.419661691267
-0.0019999999999999983 -0.00099999999999999742 925.71998072812767
-0.0015000000000000013 -0.00099999999999999742 736.8712377113435
-0.00099999999999999742 -0.00099999999999999742 607.54549194744015
-0.00050000000000000044 -0.00099999999999999742 527.9903593468232
0 -0.00099999999999999742 491.17412626514852
0.00050000000000000044 -0.00099999999999999742 492.7361396535303
0.0010000000000000009 -0.00099999999999999742 530.79496414546736
0.0015000000000000013 -0.00099999999999999742 605.64689120797539
0.0020000000000000018 -0.00099999999999999742 719.36767586183043
0.0024999999999999988 -0.00099999999999999742 875.31543674380566
0.0030000000000000027 -0.00099999999999999742 1077.5259230005843
0.0034999999999999996 -0.00099999999999999742 1329.9949374582266
0.0040000000000000036 -0.00099999999999999742 1635.8571253008397
0.0045000000000000005 -0.00099999999999999742 1996.4941753221601
0.0049999999999999975 -0.00099999999999999742 2410.6351316807823
0.0055000000000000014 -0.00099999999999999742 2873.5412360402297
0.0059999999999999984 -0.00099999999999999742 3376.3902176524639
0.0064999999999999988 -0.00099999999999999742 3905.9825868981461
0.0069999999999999993 -0.00099999999999999742 4444.8790209540521
0.0074999999999999997 -0.00099999999999999742 4972.0404024045356
0.0080000000000000002 -0.00099999999999999742 5463.9823573104213
0.0085000000000000006 -0.00099999999999999742 5896.3815721973797
0.0090000000000000011 -0.00099999999999999742 6245.9938560526834
0.0095000000000000015 -0.00099999999999999742 6492.6786578033425
0.010000000000000002 -0.00099999999999999742 6621.2859315152373
0.010500000000000002 -0.00099999999999999742 6623.1593621267011
0.011000000000000003 -0.00099999999999999742 6497.0487746482813
0.011500000000000003 -0.00099999999999999742 6249.2996032703059
0.012000000000000004 -0.00099999999999999742 5893.28643711515
0.012499999999999997 -0.00099999999999999742 5448.1634240081357
0.013000000000000005 -0.00099999999999999742 4937.0976974000778
0.013499999999999998 -0.00099999999999999742 4385.2166125585045
0.014000000000000005 -0.00099999999999999742 3817.5251743467179
0.014499999999999999 -0.00099999999999999742 3257.0344215750306
0.014999999999999999 -0.00099999999999999742 2723.29057085758
0.0155 -0.00099999999999999742 2231.4204824662306
0.016000000000000007 -0.00099999999999999742 1791.726656003736
0.016500000000000001 -0.00099999999999999742 1409.7892933019452
0.017000000000000001 -0.00099999999999999742 1086.9754609020583
0.017500000000000002 -0.00099999999999999742 821.2224031922068
0.017999999999999995 -0.00099999999999999742 607.95442897489761
0.018500000000000003 -0.00099999999999999742 441.0066717340386
0.019000000000000003 -0.00099999999999999742 313.4575670231888
0.019500000000000003 -0.00099999999999999742 218.30722923844874
0.019999999999999997 -0.00099999999999999742 148.97388317985639
0.020499999999999997 -0.00099999999999999742 99.609836828112279
0.021000000000000005 -0.00099999999999999742 65.259271471052273
0.021500000000000005 -0.00099999999999999742 41.891730728981543
0.021999999999999999 -0.00099999999999999742 26.348685850346932
0.022499999999999999 -0.00099999999999999742 16.238014411929221
0.023000000000000007 -0.00099999999999999742 9.8050346526029841
0.023500000000000007 -0.00099999999999999742 5.8010512825964957
0.024 -0.00099999999999999742 3.3628298795526548
0.024500000000000001 -0.00099999999999999742 1.9100427703956129
0.025000000000000001 -0.00099999999999999742 1.0629694211292624
-0.025000000000000001 -0.00050000000000000044 13.992867121640783
-0.024500000000000001 -0.00050000000000000044 23.660846019558015
-0.024 -0.00050000000000000044 39.212356495707461
-0.0235 -0.00050000000000000044 63.693088957027612
-0.023 -0.00050000000000000044 101.40195140736925
-0.022500000000000003 -0.00050000000000000044 158.23160863026527
-0.022000000000000002 -0.00050000000000000044 242.01471370931918
-0.021500000000000002 -0.00050000000000000044 362.82812093524541
-0.021000000000000001 -0.00050000000000000044 533.1877733779877
-0.020500000000000001 -0.00050000000000000044 768.04969930182335
-0.02 -0.00050000000000000044 1084.5225688663782
-0.0195 -0.00050000000000000044 1501.2002876470517
-0.019 -0.00050000000000000044 2037.044570800708
-0.018500000000000003 -0.00050000000000000044 2709.7909647210749
-0.018000000000000002 -0.00050000000000000044 3533.9174520802226
-0.017500000000000002 -0.00050000000000000044 4518.2977042131297
-0.017000000000000001 -0.00050000000000000044 5663.7506871470396
-0.016500000000000001 -0.00050000000000000044 6960.7790625428397
-0.016 -0.00050000000000000044 8387.8420692935215
-0.0155 -0.00050000000000000044 9910.5163275161121
-0.015000000000000001 -0.00050000000000000044 11481.847271187924
-0.014500000000000001 -0.00050000000000000044 13044.080967841912
-0.014 -0.00050000000000000044 14531.799444725208
-0.0135 -0.00050000000000000044 15876.283608184092
-0.012999999999999999 -0.00050000000000000044 17010.727970845233
-0.012500000000000001 -0.00050000000000000044 17875.767052797753
-0.012 -0.00050000000000000044 18424.678271815515
-0.0115 -0.00050000000000000044 18627.623875957113
-0.010999999999999999 -0.00050000000000000044 18474.392169651477
-0.010499999999999999 -0.00050000000000000044 17975.284081922699
-0.010000000000000002 -0.00050000000000000044 17160.035673492119
-0.0095000000000000015 -0.00050000000000000044 16074.929256293184
-0.0090000000000000011 -0.00050000000000000044 14778.480744726692
-0.0085000000000000006 -0.00050000000000000044 13336.259803455478
-0.0080000000000000002 -0.00050000000000000044 11815.477011738874
-0.0074999999999999997 -0.00050000000000000044 10279.951443884105
-0.0069999999999999993 -0.00050000000000000044 8785.9640210668495
-0.0064999999999999988 -0.00050000000000000044 7379.3327276968312
-0.0059999999999999984 -0.00050000000000000044 6093.849537036559
-0.0054999999999999979 -0.00050000000000000044 4951.0305090221082
-0.005000000000000001 -0.00050000000000000044 3960.9786589878736
-0.0044999999999999971 -0.00050000000000000044 3124.0616970922797
-0.0040000000000000001 -0.00050000000000000044 2433.0689857919479
-0.0035000000000000031 -0.00050000000000000044 1875.5281483589949
-0.0029999999999999992 -0.00050000000000000044 1435.9177510214149
-0.0025000000000000022 -0.00050000000000000044 1097.5906544785666
-0.0019999999999999983 -0.00050000000000000044 844.30557410116569
-0.0015000000000000013 -0.00050000000000000044 661.33809150533182
-0.00099999999999999742 -0.00050000000000000044 536.19788674157599
-0.00050000000000000044 -0.00050000000000000044 459.01270330609992
0 -0.00050000000000000044 422.65241915008016
0.00050000000000000044 -0.00050000000000000044 422.66258441874248
0.0010000000000000009 -0.00050000000000000044 457.06152137763252
0.0015000000000000013 -0.00050000000000000044 526.03455513970573
0.0020000000000000018 -0.00050000000000000044 631.53868038383825
0.0024999999999999988 -0.00050000000000000044 776.8155625439432
0.0030000000000000027 -0.00050000000000000044 965.80364030987778
0.0034999999999999996 -0.00050000000000000044 1202.4432893630549
0.0040000000000000036 -0.00050000000000000044 1489.8829534036427
0.0045000000000000005 -0.00050000000000000044 1829.6173551378124
0.0049999999999999975 -0.00050000000000000044 2220.6177442087146
0.0055000000000000014 -0.00050000000000000044 2658.5429631930583
0.0059999999999999984 -0.00050000000000000044 3135.1418237964422
0.0064999999999999988 -0.00050000000000000044 3637.9645430204755
0.0069999999999999993 -0.00050000000000000044 4150.4878655856037
0.0074999999999999997 -0.00050000000000000044 4652.7222751833742
0.0080000000000000002 -0.00050000000000000044 5122.3122993300476
0.0085000000000000006 -0.00050000000000000044 5536.0694679909293
0.0090000000000000011 -0.00050000000000000044 5871.8036289038946
0.0095000000000000015 -0.00050000000000000044 6110.2561905058747
0.010000000000000002 -0.00050000000000000044 6236.9021186241653
0.010500000000000002 -0.00050000000000000044 6243.3860680328653
0.011000000000000003 -0.00050000000000000044 6128.3953424488964
0.011500000000000003 -0.00050000000000000044 5897.8441083560483
0.012000000000000004 -0.00050000000000000044 5564.3377978012886
0.012499999999999997 -0.00050000000000000044 5145.9872834023463
0.013000000000000005 -0.00050000000000000044 4664.7311383543092
0.013499999999999998 -0.00050000000000000044 4144.3855806769343
0.014000000000000005 -0.00050000000000000044 3608.6658560079977
0.014499999999999999 -0.00050000000000000044 3079.4078197842082
0.014999999999999999 -0.00050000000000000044 2575.1699595039458
0.0155 -0.00050000000000000044 2110.3255352031238
0.016000000000000007 -0.00050000000000000044 1694.6763128131806
0.016500000000000001 -0.00050000000000000044 1333.5475559480117
0.017000000000000001 -0.00050000000000000044 1028.2694023879876
0.017500000000000002 -0.00050000000000000044 776.91849337274959
0.017999999999999995 -0.00050000000000000044 575.18651524120196
0.018500000000000003 -0.00050000000000000044 417.25549286339918
0.019000000000000003 -0.00050000000000000044 296.58675012348948
0.019500000000000003 -0.00050000000000000044 206.56396134341034
0.019999999999999997 -0.00050000000000000044 140.9638717511188
0.020499999999999997 -0.00050000000000000044 94.256066599297256
0.021000000000000005 -0.00050000000000000044 61.752872717804344
0.021500000000000005 -0.00050000000000000044 39.641476286241058
0.021999999999999999 -0.00050000000000000044 24.933656380591334
0.022499999999999999 -0.00050000000000000044 15.366130815022371
0.023000000000000007 -0.00050000000000000044 9.278645366215601
0.023500000000000007 -0.00050000000000000044 5.4896588668496697
0.024 -0.00050000000000000044 3.1823374803880324
0.024500000000000001 -0.00050000000000000044 1.8075348167376146
0.025000000000000001 -0.00050000000000000044 1.0059264444314739
-0.025000000000000001 0 14.106643766339033
-0.024500000000000001 0 23.850079577530181
-0.024 0 39.520439798315849
-0.0235 0 64.184023142254262
-0.023 0 102.16758080066109
-0.022500000000000003 0 159.40004036137589
-0.022000000000000002 0 243.75940971168563
-0.021500000000000002 0 365.37672201822556
-0.021000000000000001 0 536.82921816059968
-0.020500000000000001 0 773.13770381815505
-0.02 0 1091.4731426526423
-0.0195 0 1510.4808167366132
-0.019 0 2049.1522452414342
-0.018500000000000003 0 2725.2190931459959
-0.018000000000000002 0 3553.1095488334681
-0.017500000000000002 0 4541.5911087326076
-0.017000000000000001 0 5691.313696590978
-0.016500000000000001 0 6992.5478011470814
-0.016 0 8423.4651459967154
-0.0155 0 9949.3162727962426
-0.015000000000000001 0 11522.807384474201
-0.014500000000000001 0 13085.864315193026
-0.014 0 14572.803362322871
-0.0135 0 15914.728549966752
-0.012999999999999999 0 17044.774543087289
-0.012500000000000001 0 17903.650452646343
-0.012 0 18444.845967178197
-0.0115 0 18638.860943615866
-0.010999999999999999 0 18475.919625081387
-0.010499999999999999 0 17966.818727065864
-0.010000000000000002 0 17141.804952543047
-0.0095000000000000015 0 16047.640494469162
-0.0090000000000000011 0 14743.249937300852
-0.0085000000000000006 0 13294.509861261009
-0.0080000000000000002 0 11768.8183443937
-0.0074999999999999997 0 10230.058642183305
-0.0069999999999999993 0 8734.461267524237
-0.0064999999999999988 0 7327.6978520064677
-0.0059999999999999984 0 6043.3429920102008
-0.0054999999999999979 0 4902.6516788275439
-0.005000000000000001 0 3915.4484399688536
-0.0044999999999999971 0 3081.8276352377761
-0.0040000000000000001 0 2394.327608451285
-0.0035000000000000031 0 1840.2584775207897
-0.0029999999999999992 0 1403.9201695189279
-0.0025000000000000022 0 1068.5260782300518
-0.0019999999999999983 0 817.7310169456938
-0.0015000000000000013 0 636.73598278796999
-0.00099999999999999742 0 512.99775768947484
-0.00050000000000000044 0 436.60499239219428
0 0 400.39509893913498
0.00050000000000000044 0 399.88205502416616
0.0010000000000000009 0 433.04974437488204
0.0015000000000000013 0 500.04472994709602
0.0020000000000000018 0 602.78191770935484
0.0024999999999999988 0 744.46101404574597
0.0030000000000000027 0 928.98441767217344
0.0034999999999999996 0 1160.2702442808502
0.0040000000000000036 0 1441.4679575344005
0.0045000000000000005 0 1774.1070568457967
0.0049999999999999975 0 2157.2378253282673
0.0055000000000000014 0 2586.6516452830929
0.0059999999999999984 0 3054.289823289816
0.0064999999999999988 0 3547.9569949720653
0.0069999999999999993 0 4051.4421815005367
0.0074999999999999997 0 4545.1148058755243
0.0080000000000000002 0 5007.006387482279
0.0085000000000000006 0 5414.3182713625629
0.0090000000000000011 0 5745.2230836564231
0.0095000000000000015 0 5980.7665449851893
0.010000000000000002 0 6106.6402357218649
0.010500000000000002 0 6114.5946034740127
0.011000000000000003 0 6003.2982937404304
0.011500000000000003 0 5778.5204709195632
0.012000000000000004 0 5452.6057155790077
0.012499999999999997 0 5043.309978137293
0.013000000000000005 0 4572.1532064037547
0.013499999999999998 0 4062.5044126179123
0.014000000000000005 0 3537.6386113052649
0.014499999999999999 0 3018.990282594867
0.014999999999999999 0 2524.7803329597787
0.0155 0 2069.1242213637729
0.016000000000000007 0 1661.6521343054492
0.016500000000000001 0 1307.6016029670106
0.017000000000000001 0 1008.2894286819519
0.017500000000000002 0 761.83911244630576
0.017999999999999995 0 564.03291832550008
0.018500000000000003 0 409.17064202819381
0.019000000000000003 0 290.84373080480867
0.019500000000000003 0 202.56628494238572
0.019999999999999997 0 138.23700483981091
0.020499999999999997 0 92.433427461115343
0.021000000000000005 0 60.55912991976767
0.021500000000000005 0 38.875371461257885
0.021999999999999999 0 24.451899417935259
0.022499999999999999 0 15.069288373456372
0.023000000000000007 0 9.0994285789749192
0.023500000000000007 0 5.3836400010207237
0.024 0 3.1208853493035469
0.024500000000000001 0 1.7726338043248526
0.025000000000000001 0 0.98650485924659204
-0.025000000000000001 0.00050000000000000044 13.992867121640783
-0.024500000000000001 0.00050000000000000044 23.660846019558015
-0.024 0.00050000000000000044 39.212356495707461
-0.0235 0.00050000000000000044 63.693088957027612
-0.023 0.00050000000000000044 101.40195140736932
-0.022500000000000003 0.00050000000000000044 158.23160863026538
-0.022000000000000002 0.00050000000000000044 242.01471370931921
-0.021500000000000002 0.00050000000000000044 362.82812093524552
-0.021000000000000001 0.00050000000000000044 533.18777337798792
-0.020500000000000001 0.00050000000000000044 768.04969930182403
-0.02 0.00050000000000000044 1084.5225688663786
-0.0195 0.00050000000000000044 1501.2002876470515
-0.019 0.00050000000000000044 2037.044570800708
-0.018500000000000003 0.00050000000000000044 2709.7909647210749
-0.018000000000000002 0.00050000000000000044 3533.9174520802221
-0.017500000000000002 0.00050000000000000044 4518.2977042131297
-0.017000000000000001 0.00050000000000000044 5663.7506871470396
-0.016500000000000001 0.00050000000000000044 6960.7790625428406
-0.016 0.00050000000000000044 8387.8420692935233
-0.0155 0.00050000000000000044 9910.516327516114
-0.015000000000000001 0.00050000000000000044 11481.847271187924
-0.014500000000000001 0.00050000000000000044 13044.080967841912
-0.014 0.00050000000000000044 14531.799444725208
-0.0135 0.00050000000000000044 15876.283608184094
-0.012999999999999999 0.00050000000000000044 17010.727970845233
-0.012500000000000001 0.00050000000000000044 17875.767052797757
-0.012 0.00050000000000000044 18424.678271815515
-0.0115 0.00050000000000000044 18627.623875957113
-0.010999999999999999 0.00050000000000000044 18474.392169651477
-0.010499999999999999 0.00050000000000000044 17975.284081922699
-0.010000000000000002 0.00050000000000000044 17160.035673492119
-0.0095000000000000015 0.00050000000000000044 16074.929256293184
-0.0090000000000000011 0.00050000000000000044 14778.480744726692
-0.0085000000000000006 0.00050000000000000044 13336.259803455479
-0.0080000000000000002 0.00050000000000000044 11815.477011738874
-0.0074999999999999997 0.00050000000000000044 10279.951443884105
-0.0069999999999999993 0.00050000000000000044 8785.9640210668476
-0.0064999999999999988 0.00050000000000000044 7379.3327276968303
-0.0059999999999999984 0.00050000000000000044 6093.849537036559
-0.0054999999999999979 0.00050000000000000044 4951.0305090221073
-0.005000000000000001 0.00050000000000000044 3960.9786589878731
-0.0044999999999999971 0.00050000000000000044 3124.0616970922802
-0.0040000000000000001 0.00050000000000000044 2433.0689857919483
-0.0035000000000000031 0.00050000000000000044 1875.5281483589952
-0.0029999999999999992 0.00050000000000000044 1435.9177510214151
-0.0025000000000000022 0.00050000000000000044 1097.5906544785666
-0.0019999999999999983 0.00050000000000000044 844.30557410116546
-0.0015000000000000013 0.00050000000000000044 661.33809150533205
-0.00099999999999999742 0.00050000000000000044 536.1978867415761
-0.00050000000000000044 0.00050000000000000044 459.01270330609998
0 0.00050000000000000044 422.65241915008022
0.00050000000000000044 0.00050000000000000044 422.66258441874243
0.0010000000000000009 0.00050000000000000044 457.06152137763257
0.0015000000000000013 0.00050000000000000044 526.03455513970573
0.0020000000000000018 0.00050000000000000044 631.53868038383825
0.0024999999999999988 0.00050000000000000044 776.81556254394309
0.0030000000000000027 0.00050000000000000044 965.80364030987766
0.0034999999999999996 0.00050000000000000044 1202.4432893630546
0.0040000000000000036 0.00050000000000000044 1489.8829534036427
0.0045000000000000005 0.00050000000000000044 1829.617355137812
0.0049999999999999975 0.00050000000000000044 2220.6177442087151
0.0055000000000000014 0.00050000000000000044 2658.5429631930583
0.0059999999999999984 0.00050000000000000044 3135.1418237964417
0.0064999999999999988 0.00050000000000000044 3637.9645430204755
0.0069999999999999993 0.00050000000000000044 4150.4878655856037
0.0074999999999999997 0.00050000000000000044 4652.722275183376
0.0080000000000000002 0.00050000000000000044 5122.3122993300485
0.0085000000000000006 0.00050000000000000044 5536.0694679909311
0.0090000000000000011 0.00050000000000000044 5871.8036289038964
0.0095000000000000015 0.00050000000000000044 6110.2561905058756
0.010000000000000002 0.00050000000000000044 6236.9021186241671
0.010500000000000002 0.00050000000000000044 6243.386068032868
0.011000000000000003 0.00050000000000000044 6128.3953424488991
0.011500000000000003 0.00050000000000000044 5897.8441083560529
0.012000000000000004 0.00050000000000000044 5564.3377978012913
0.012499999999999997 0.00050000000000000044 5145.9872834023499
0.013000000000000005 0.00050000000000000044 4664.7311383543129
0.013499999999999998 0.00050000000000000044 4144.385580676937
0.014000000000000005 0.00050000000000000044 3608.665856008
0.014499999999999999 0.00050000000000000044 3079.4078197842114
0.014999999999999999 0.00050000000000000044 2575.1699595039486
0.0155 0.00050000000000000044 2110.325535203126
0.016000000000000007 0.00050000000000000044 1694.676312813182
0.016500000000000001 0.00050000000000000044 1333.5475559480133
0.017000000000000001 0.00050000000000000044 1028.2694023879885
0.017500000000000002 0.00050000000000000044 776.91849337275028
0.017999999999999995 0.00050000000000000044 575.18651524120264
0.018500000000000003 0.00050000000000000044 417.25549286339975
0.019000000000000003 0.00050000000000000044 296.58675012348982
0.019500000000000003 0.00050000000000000044 206.56396134341057
0.019999999999999997 0.00050000000000000044 140.96387175111909
0.020499999999999997 0.00050000000000000044 94.25606659929737
0.021000000000000005 0.00050000000000000044 61.752872717804429
0.021500000000000005 0.00050000000000000044 39.641476286241144
0.021999999999999999 0.00050000000000000044 24.933656380591366
0.022499999999999999 0.00050000000000000044 15.3661308150224
0.023000000000000007 0.00050000000000000044 9.278645366215617
0.023500000000000007 0.00050000000000000044 5.4896588668496822
0.024 0.00050000000000000044 3.1823374803880413
0.024500000000000001 0.00050000000000000044 1.8075348167376186
0.025000000000000001 0.00050000000000000044 1.0059264444314764
-0.025000000000000001 0.0010000000000000009 13.658374162359314
-0.024500000000000001 0.0010000000000000009 23.104510842357797
-0.024 0.0010000000000000009 38.306600210971503
-0.0235 0.0010000000000000009 62.249739047851591
-0.023 0.0010000000000000009 99.150967195806885
-0.022500000000000003 0.0010000000000000009 154.79632166515677
-0.022000000000000002 0.0010000000000000009 236.88508904711819
-0.021500000000000002 0.0010000000000000009 355.33480385072789
-0.021000000000000001 0.0010000000000000009 522.48114770376594
-0.020500000000000001 0.0010000000000000009 753.08964603716413
-0.02 0.0010000000000000009 1064.0857623101288
-0.0195 0.0010000000000000009 1473.9122964972557
-0.019 0.0010000000000000009 2001.4433083409356
-0.018500000000000003 0.0010000000000000009 2664.4257870879328
-0.018000000000000002 0.0010000000000000009 3477.4842586818099
-0.017500000000000002 0.0010000000000000009 4449.8048863367057
-0.017000000000000001 0.0010000000000000009 5582.7042397666655
-0.016500000000000001 0.0010000000000000009 6867.3685769700069
-0.016 0.0010000000000000009 8283.1039401823
-0.0155 0.0010000000000000009 9796.4477302159776
-0.015000000000000001 0.0010000000000000009 11361.445501145356
-0.014500000000000001 0.0010000000000000009 12921.288269604745
-0.014 0.0010000000000000009 14411.343380805329
-0.0135 0.0010000000000000009 15763.416275748476
-0.012999999999999999 0.0010000000000000009 16910.882047709623
-0.012500000000000001 0.0010000000000000009 17794.160256320694
-0.012 0.0010000000000000009 18365.907773138584
-0.0115 0.0010000000000000009 18595.296433842617
-0.010999999999999999 0.0010000000000000009 18470.833119828923
-0.010499999999999999 0.0010000000000000009 18001.359012109886
-0.010000000000000002 0.0010000000000000009 17215.104105145096
-0.0095000000000000015 0.0010000000000000009 16156.932426042988
-0.0090000000000000011 0.0010000000000000009 14884.148596384188
-0.0085000000000000006 0.0010000000000000009 13461.408376871952
-0.0080000000000000002 0.0010000000000000009 11955.358628894592
-0.0074999999999999997 0.0010000000000000009 10429.617418662348
-0.0069999999999999993 0.0010000000000000009 8940.602825180551
-0.0064999999999999988 0.0010000000000000009 7534.5543763002088
-0.0059999999999999984 0.0010000000000000009 6245.8975239156352
-0.0054999999999999979 0.0010000000000000009 5096.9138702602531
-0.005000000000000001 0.0010000000000000009 4098.5268886616313
-0.0044999999999999971 0.0010000000000000009 3251.9130462594521
-0.0040000000000000001 0.0010000000000000009 2550.6075749624301
-0.0035000000000000031 0.0010000000000000009 1982.7873413786679
-0.0029999999999999992 0.0010000000000000009 1533.4668290344787
-0.0025000000000000022 0.0010000000000000009 1186.4196616912677
-0.0019999999999999983 0.0010000000000000009 925.71998072812812
-0.0015000000000000013 0.0010000000000000009 736.87123771134407
-0.00099999999999999742 0.0010000000000000009 607.54549194744106
-0.00050000000000000044 0.0010000000000000009 527.99035934682388
0 0.0010000000000000009 491.1741262651492
0.00050000000000000044 0.0010000000000000009 492.73613965353093
0.0010000000000000009 0.0010000000000000009 530.79496414546793
0.0015000000000000013 0.0010000000000000009 605.64689120797584
0.0020000000000000018 0.0010000000000000009 719.367675861831
0.0024999999999999988 0.0010000000000000009 875.31543674380646
0.0030000000000000027 0.0010000000000000009 1077.5259230005854
0.0034999999999999996 0.0010000000000000009 1329.9949374582277
0.0040000000000000036 0.0010000000000000009 1635.8571253008402
0.0045000000000000005 0.0010000000000000009 1996.4941753221608
0.0049999999999999975 0.0010000000000000009 2410.6351316807836
0.0055000000000000014 0.0010000000000000009 2873.5412360402306
0.0059999999999999984 0.0010000000000000009 3376.3902176524675
0.0064999999999999988 0.0010000000000000009 3905.9825868981479
0.0069999999999999993 0.0010000000000000009 4444.8790209540557
0.0074999999999999997 0.0010000000000000009 4972.0404024045401
0.0080000000000000002 0.0010000000000000009 5463.9823573104259
0.0085000000000000006 0.0010000000000000009 5896.3815721973851
0.0090000000000000011 0.0010000000000000009 6245.9938560526907
0.0095000000000000015 0.0010000000000000009 6492.6786578033507
0.010000000000000002 0.0010000000000000009 6621.2859315152464
0.010500000000000002 0.0010000000000000009 6623.1593621267102
0.011000000000000003 0.0010000000000000009 6497.0487746482922
0.011500000000000003 0.0010000000000000009 6249.2996032703168
0.012000000000000004 0.0010000000000000009 5893.28643711516
0.012499999999999997 0.0010000000000000009 5448.1634240081448
0.013000000000000005 0.0010000000000000009 4937.097697400086
0.013499999999999998 0.0010000000000000009 4385.2166125585136
0.014000000000000005 0.0010000000000000009 3817.5251743467261
0.014499999999999999 0.0010000000000000009 3257.034421575037
0.014999999999999999 0.0010000000000000009 2723.2905708575854
0.0155 0.0010000000000000009 2231.4204824662361
0.016000000000000007 0.0010000000000000009 1791.7266560037403
0.016500000000000001 0.0010000000000000009 1409.7892933019489
0.017000000000000001 0.0010000000000000009 1086.9754609020613
0.017500000000000002 0.0010000000000000009 821.22240319220884
0.017999999999999995 0.0010000000000000009 607.95442897489932
0.018500000000000003 0.0010000000000000009 441.0066717340398
0.019000000000000003 0.0010000000000000009 313.45756702318982
0.019500000000000003 0.0010000000000000009 218.30722923844934
0.019999999999999997 0.0010000000000000009 148.97388317985684
0.020499999999999997 0.0010000000000000009 99.60983682811262
0.021000000000000005 0.0010000000000000009 65.259271471052529
0.021500000000000005 0.0010000000000000009 41.891730728981706
0.021999999999999999 0.0010000000000000009 26.348685850347035
0.022499999999999999 0.0010000000000000009 16.238014411929257
0.023000000000000007 0.0010000000000000009 9.8050346526030143
0.023500000000000007 0.0010000000000000009 5.8010512825965153
0.024 0.0010000000000000009 3.3628298795526712
0.024500000000000001 0.0010000000000000009 1.9100427703956222
0.025000000000000001 0.0010000000000000009 1.0629694211292666
-0.025000000000000001 0.0015000000000000013 13.122924396808182
-0.024500000000000001 0.0015000000000000013 22.213912459249268
-0.024 0.0015000000000000013 36.856588751693621
-0.0235 0.0015000000000000013 59.939017880000989
-0.023 0.0015000000000000013 95.547128024103287
-0.022500000000000003 0.0015000000000000013 149.2961749500939
-0.022000000000000002 0.0015000000000000013 228.67181251506517
-0.021500000000000002 0.0015000000000000013 343.33633323231822
-0.021000000000000001 0.0015000000000000013 505.3365764964239
-0.020500000000000001 0.0015000000000000013 729.13274722680853
-0.02 0.0015000000000000013 1031.356591540092
-0.0195 0.0015000000000000013 1430.2085357013743
-0.019 0.0015000000000000013 1944.4218645200406
-0.018500000000000003 0.0015000000000000013 2591.7615818573295
-0.018000000000000002 0.0015000000000000013 3387.0868430433147
-0.017500000000000002 0.0015000000000000013 4340.0847068942558
-0.017000000000000001 0.0015000000000000013 5452.8699270816887
-0.016500000000000001 0.0015000000000000013 6717.7260500455841
-0.016 0.0015000000000000013 8115.3194667971056
-0.0155 0.0015000000000000013 9613.7325788316139
-0.015000000000000001 0.0015000000000000013 11168.621398907959
-0.014500000000000001 0.0015000000000000013 12724.701648253766
-0.014 0.0015000000000000013 14218.61217869223
-0.0135 0.0015000000000000013 15583.014203371173
-0.012999999999999999 0.0015000000000000013 16751.588665046838
-0.012500000000000001 0.0015000000000000013 17664.426992699657
-0.012 0.0015000000000000013 18273.206044146511
-0.0115 0.0015000000000000013 18545.520930332019
-0.010999999999999999 0.0015000000000000013 18467.829372460867
-0.010499999999999999 0.0015000000000000013 18046.629723974736
-0.010000000000000002 0.0015000000000000013 17307.725814983412
-0.0095000000000000015 0.0015000000000000013 16293.686741972935
-0.0090000000000000011 0.0015000000000000013 15059.845218136463
-0.0085000000000000006 0.0015000000000000013 13669.3548591442
-0.0080000000000000002 0.0015000000000000013 12187.917635727405
-0.0074999999999999997 0.0015000000000000013 10678.78763935297
-0.0069999999999999993 0.0015000000000000013 9198.5644287124505
-0.0064999999999999988 0.0015000000000000013 7794.1319270666318
-0.0059999999999999984 0.0015000000000000013 6500.9097219040486
-0.0054999999999999979 0.0015000000000000013 5342.3971109758668
-0.005000000000000001 0.0015000000000000013 4330.8356694531376
-0.0044999999999999971 0.0015000000000000013 3468.7127410240214
-0.0040000000000000001 0.0015000000000000013 2750.7831411208035
-0.0035000000000000031 0.0015000000000000013 2166.2951133179308
-0.0029999999999999992 0.0015000000000000013 1701.1563439592442
-0.0025000000000000022 0.0015000000000000013 1339.8494392607586
-0.0019999999999999983 0.0015000000000000013 1066.9863707064108
-0.0015000000000000013 0.0015000000000000013 868.46376750428863
-0.00099999999999999742 0.0015000000000000013 732.23629825465105
-0.00050000000000000044 0.0015000000000000013 648.75979304238126
0 0.0015000000000000013 611.16983999416152
0.00050000000000000044 0.0015000000000000013 615.25914371527813
0.0010000000000000009 0.0015000000000000013 659.30339717407116
0.0015000000000000013 0.0015000000000000013 743.76661483339979
0.0020000000000000018 0.0015000000000000013 870.89817861743745
0.0024999999999999988 0.0015000000000000013 1044.2197633009209
0.0030000000000000027 0.0015000000000000013 1267.8942681054127
0.0034999999999999996 0.0015000000000000013 1545.9730753493561
0.0040000000000000036 0.0015000000000000013 1881.5330399264517
0.0045000000000000005 0.0015000000000000013 2275.7393120333559
0.0049999999999999975 0.0015000000000000013 2726.9008683240404
0.0055000000000000014 0.0015000000000000013 3229.6166384398966
0.0059999999999999984 0.0015000000000000013 3774.1337828815981
0.0064999999999999988 0.0015000000000000013 4346.0479208815823
0.0069999999999999993 0.0015000000000000013 4926.4611756214463
0.0074999999999999997 0.0015000000000000013 5492.6744481398882
0.0080000000000000002 0.0015000000000000013 6019.4271112869628
0.0085000000000000006 0.0015000000000000013 6480.6179550693287
0.0090000000000000011 0.0015000000000000013 6851.3585374866097
0.0095000000000000015 0.0015000000000000013 7110.1399406371065
0.010000000000000002 0.0015000000000000013 7240.8518135887734
0.010500000000000002 0.0015000000000000013 7234.3899477424447
0.011000000000000003 0.0015000000000000013 7089.6297142064077
0.011500000000000003 0.0015000000000000013 6813.6229047116803
0.012000000000000004 0.0015000000000000013 6420.9819074892312
0.012499999999999997 0.0015000000000000013 5932.5289654256339
0.013000000000000005 0.0015000000000000013 5373.3890019185892
0.013499999999999998 0.0015000000000000013 4770.7744145890128
0.014000000000000005 0.0015000000000000013 4151.738146101764
0.014499999999999999 0.0015000000000000013 3541.1547710966825
0.014999999999999999 0.0015000000000000013 2960.1345377503931
0.0155 0.0015000000000000013 2424.9952537204485
0.016000000000000007 0.0015000000000000013 1946.8279801294459
0.016500000000000001 0.0015000000000000013 1531.6107042048764
0.017000000000000001 0.0015000000000000013 1180.761946794669
0.017500000000000002 0.0015000000000000013 891.99053888124581
0.017999999999999995 0.0015000000000000013 660.28950090949081
0.018500000000000003 0.0015000000000000013 478.9369401926773
0.019000000000000003 0.0015000000000000013 340.39775390288639
0.019500000000000003 0.0015000000000000013 237.05817192879283
0.019999999999999997 0.0015000000000000013 161.76303864003984
0.020499999999999997 0.0015000000000000013 108.15749600547448
0.021000000000000005 0.0015000000000000013 70.857246827234079
0.021500000000000005 0.0015000000000000013 45.48414509669864
0.021999999999999999 0.0015000000000000013 28.607642170473373
0.022499999999999999 0.0015000000000000013 17.629858037384686
0.023000000000000007 0.0015000000000000013 10.645326736970503
0.023500000000000007 0.0015000000000000013 6.2981286403302201
0.024 0.0015000000000000013 3.6509468108395642
0.024500000000000001 0.0015000000000000013 2.0736725466815851
0.025000000000000001 0.0015000000000000013 1.1540241902562998
-0.025000000000000001 0.0020000000000000018 12.417061386153087
-0.024500000000000001 0.0020000000000000018 21.039783154020178
-0.024 0.0020000000000000018 34.94479739845589
-0.0235 0.0020000000000000018 56.892143395991432
-0.023 0.0020000000000000018 90.794721785538059
-0.022500000000000003 0.0020000000000000018 142.04235135075578
-0.022000000000000002 0.0020000000000000018 217.83859649715282
-0.021500000000000002 0.0020000000000000018 327.5085888529419
-0.021000000000000001 0.0020000000000000018 482.71743531287598
-0.020500000000000001 0.0020000000000000018 697.52156056420085
-0.02 0.0020000000000000018 988.16388496515685
-0.0195 0.0020000000000000018 1372.5233945605385
-0.019 0.0020000000000000018 1869.1457067919307
-0.018500000000000003 0.0020000000000000018 2495.8175967164811
-0.018000000000000002 0.0020000000000000018 3267.7061052538998
-0.017500000000000002 0.0020000000000000018 4195.1583923577791
-0.017000000000000001 0.0020000000000000018 5281.3432746270501
-0.016500000000000001 0.0020000000000000018 6519.9957372364343
-0.016 0.0020000000000000018 7893.5845753554768
-0.0155 0.0020000000000000018 9372.2432485620229
-0.015000000000000001 0.0020000000000000018 10913.771158029927
-0.014500000000000001 0.0020000000000000018 12464.920735730444
-0.014 0.0020000000000000018 13964.039746696038
-0.0135 0.0020000000000000018 15344.954951311875
-0.012999999999999999 0.0020000000000000018 16541.790238882808
-0.012500000000000001 0.0020000000000000018 17494.243214052702
-0.012 0.0020000000000000018 18152.732346039105
-0.0115 0.0020000000000000018 18482.797875679171
-0.010999999999999999 0.0020000000000000018 18468.205440608148
-0.010499999999999999 0.0020000000000000018 18112.355945896601
-0.010000000000000002 0.0020000000000000018 17437.825285789797
-0.0095000000000000015 0.0020000000000000018 16484.106600961324
-0.0090000000000000011 0.0020000000000000018 15303.863429889292
-0.0085000000000000006 0.0020000000000000018 13958.184830009397
-0.0080000000000000002 0.0020000000000000018 12511.434663838465
-0.0074999999999999997 0.0020000000000000018 11026.294490472266
-0.0069999999999999993 0.0020000000000000018 9559.5185890418015
-0.0064999999999999988 0.0020000000000000018 8158.7718818575795
-0.0059999999999999984 0.0020000000000000018 6860.7382408850071
-0.0054999999999999979 0.0020000000000000018 5690.501947038515
-0.005000000000000001 0.0020000000000000018 4662.0487609287529
-0.0044999999999999971 0.0020000000000000018 3779.6254780012505
-0.0040000000000000001 0.0020000000000000018 3039.6462957333374
-0.0035000000000000031 0.0020000000000000018 2432.8375505863482
-0.0029999999999999992 0.0020000000000000018 1946.3573227958932
-0.0025000000000000022 0.0020000000000000018 1565.6962845380406
-0.0019999999999999983 0.0020000000000000018 1276.2437289467832
-0.0015000000000000013 0.0020000000000000018 1064.4736195308267
-0.00099999999999999742 0.0020000000000000018 918.76028156228995
-0.00050000000000000044 0.0020000000000000018 829.86790995566525
0 0.0020000000000000018 791.17289071579785
0.00050000000000000044 0.0020000000000000018 798.67670227128303
0.0010000000000000009 0.0020000000000000018 850.85517195032651
0.0015000000000000013 0.0020000000000000018 948.37274194389192
0.0020000000000000018 0.0020000000000000018 1093.6733117532876
0.0024999999999999988 0.0020000000000000018 1290.4464966758746
0.0030000000000000027 0.0020000000000000018 1542.9631301110901
0.0034999999999999996 0.0020000000000000018 1855.2787896036621
0.0040000000000000036 0.0020000000000000018 2230.319880257322
0.0045000000000000005 0.0020000000000000018 2668.892321092163
0.0049999999999999975 0.0020000000000000018 3168.6847665254759
0.0055000000000000014 0.0020000000000000018 3723.3706873747956
0.0059999999999999984 0.0020000000000000018 4321.9386554687171
0.0064999999999999988 0.0020000000000000018 4948.3892024059442
0.0069999999999999993 0.0020000000000000018 5581.9222590362915
0.0074999999999999997 0.0020000000000000018 6197.6975268017159
0.0080000000000000002 0.0020000000000000018 6768.1827295750227
0.0085000000000000006 0.0020000000000000018 7265.0194655405585
0.0090000000000000011 0.0020000000000000018 7661.2470038399924
0.0095000000000000015 0.0020000000000000018 7933.6479885676026
0.010000000000000002 0.0020000000000000018 8064.9335951211469
0.010500000000000002 0.0020000000000000018 8045.4819250113642
0.011000000000000003 0.0020000000000000018 7874.3872387663923
0.011500000000000003 0.0020000000000000018 7559.6642887409635
0.012000000000000004 0.0020000000000000018 7117.5675956878667
0.012499999999999997 0.0020000000000000018 6571.1096255748107
0.013000000000000005 0.0020000000000000018 5947.9720325032458
0.013499999999999998 0.0020000000000000018 5278.0809187419209
0.014000000000000005 0.0020000000000000018 4591.1480269821141
0.014499999999999999 0.0020000000000000018 3914.4620527423745
0.014999999999999999 0.0020000000000000018 3271.1545639166188
0.0155 0.0020000000000000018 2679.0774920819604
0.016000000000000007 0.0020000000000000018 2150.3317451980856
0.016500000000000001 0.0020000000000000018 1691.3967674722965
0.017000000000000001 0.0020000000000000018 1303.7425433052788
0.017500000000000002 0.0020000000000000018 984.76625160635604
0.017999999999999995 0.0020000000000000018 728.88659219724082
0.018500000000000003 0.0020000000000000018 528.64521282103476
0.019000000000000003 0.0020000000000000018 375.69855964845055
0.019500000000000003 0.0020000000000000018 261.62550026157311
0.019999999999999997 0.0020000000000000018 178.51769438933678
0.020499999999999997 0.0020000000000000018 119.354617034662
0.021000000000000005 0.0020000000000000018 78.18990290713937
0.021500000000000005 0.0020000000000000018 50.189502626466272
0.021999999999999999 0.0020000000000000018 31.566293936938031
0.022499999999999999 0.0020000000000000018 19.452744332618028
0.023000000000000007 0.0020000000000000018 11.745814677261524
0.023500000000000007 0.0020000000000000018 6.9491079547079408
0.024 0.0020000000000000018 4.0282601111477909
0.024500000000000001 0.0020000000000000018 2.2879553971190036
0.025000000000000001 0.0020000000000000018 1.2732638898408253
-0.025000000000000001 0.0024999999999999988 11.578912339167633
-0.024500000000000001 0.0024999999999999988 19.645397077674851
-0.024 0.0024999999999999988 32.673993636194723
-0.0235 0.0024999999999999988 53.272448617574028
-0.023 0.0024999999999999988 85.147743795855789
-0.022500000000000003 0.0024999999999999988 133.42126073092408
-0.022000000000000002 0.0024999999999999988 204.96044432542118
-0.021500000000000002 0.0024999999999999988 308.68835028536751
-0.021000000000000001 0.0024999999999999988 455.81435566516018
-0.020500000000000001 0.0024999999999999988 659.91209299311799
-0.02 0.0024999999999999988 936.75846501999581
-0.0195 0.0024999999999999988 1303.845486235288
-0.019 0.0024999999999999988 1779.4898841239053
-0.018500000000000003 0.0024999999999999988 2381.4979591695687
-0.018000000000000002 0.0024999999999999988 3125.396593516929
-0.017500000000000002 0.0024999999999999988 4022.312878795929
-0.017000000000000001 0.0024999999999999988 5076.666954682004
-0.016500000000000001 0.0024999999999999988 6283.9226893082605
-0.016 0.0024999999999999988 7628.7025474774382
-0.0155 0.0024999999999999988 9083.5992366794053
-0.015000000000000001 0.0024999999999999988 10608.993197099686
-0.014500000000000001 0.0024999999999999988 12154.104311899961
-0.014 0.0024999999999999988 13659.371186660168
-0.0135 0.0024999999999999988 15060.076581152518
-0.012999999999999999 0.0024999999999999988 16290.9484131842
-0.012500000000000001 0.0024999999999999988 17291.294454361523
-0.012 0.0024999999999999988 18010.108494831566
-0.0115 0.0024999999999999988 18410.543173922637
-0.010999999999999999 0.0024999999999999988 18473.193909746449
-0.010499999999999999 0.0024999999999999988 18197.776613026152
-0.010000000000000002 0.0024999999999999988 17602.988978271194
-0.0095000000000000015 0.0024999999999999988 16724.587044666358
-0.0090000000000000011 0.0024999999999999988 15611.944198629153
-0.0085000000000000006 0.0024999999999999988 14323.548993812712
-0.0080000000000000002 0.0024999999999999988 12922.010792790345
-0.0074999999999999997 0.0024999999999999988 11469.163470817879
-0.0069999999999999993 0.0024999999999999988 10021.790218355482
-0.0064999999999999988 0.0024999999999999988 8628.3558105587108
-0.0059999999999999984 0.0024999999999999988 7326.9564438009984
-0.0054999999999999979 0.0024999999999999988 6144.5150674191709
-0.005000000000000001 0.0024999999999999988 5097.0924314176082
-0.0044999999999999971 0.0024999999999999988 4191.0722878127253
-0.0040000000000000001 0.0024999999999999988 3424.9229749356136
-0.0035000000000000031 0.0024999999999999988 2791.2348969829077
-0.0029999999999999992 0.0024999999999999988 2278.7729434078647
-0.0025000000000000022 0.0024999999999999988 1874.348326972429
-0.0019999999999999983 0.0024999999999999988 1564.3885228846077
-0.0015000000000000013 0.0024999999999999988 1336.152581559488
-0.00099999999999999742 0.0024999999999999988 1178.592535168189
-0.00050000000000000044 0.0024999999999999988 1082.8957758737276
0 0.0024999999999999988 1042.7586274209448
0.00050000000000000044 0.0024999999999999988 1054.4414695024439
0.0010000000000000009 0.0024999999999999988 1116.6458220871862
0.0015000000000000013 0.0024999999999999988 1230.2390826574347
0.0020000000000000018 0.0024999999999999988 1397.8379154915533
0.0024999999999999988 0.0024999999999999988 1623.2505858489756
0.0030000000000000027 0.0024999999999999988 1910.7749465621941
0.0034999999999999996 0.0024999999999999988 2264.3545626684086
0.0040000000000000036 0.0024999999999999988 2686.6116529325859
0.0045000000000000005 0.0024999999999999988 3177.8014371537706
0.0049999999999999975 0.0024999999999999988 3734.7650393342578
0.0055000000000000014 0.0024999999999999988 4349.9915561340731
0.0059999999999999984 0.0024999999999999988 5010.9261717543677
0.0064999999999999988 0.0024999999999999988 5699.6711230492083
0.0069999999999999993 0.0024999999999999988 6393.2117503296968
0.0074999999999999997 0.0024999999999999988 7064.256205347483
0.0080000000000000002 0.0024999999999999988 7682.7058015050889
0.0085000000000000006 0.0024999999999999988 8217.6816031883991
0.0090000000000000011 0.0024999999999999988 8639.9362063288718
0.0095000000000000015 0.0024999999999999988 8924.3963167564361
0.010000000000000002 0.0024999999999999988 9052.5303217863202
0.010500000000000002 0.0024999999999999988 9014.2297465542215
0.011000000000000003 0.0024999999999999988 8808.9400659358525
0.011500000000000003 0.0024999999999999988 8445.8700274954426
0.012000000000000004 0.0024999999999999988 7943.2344628489864
0.012499999999999997 0.0024999999999999988 7326.6213065297479
0.013000000000000005 0.0024999999999999988 6626.69456523397
0.013499999999999998 0.0024999999999999988 5876.5297040211553
0.014000000000000005 0.0024999999999999988 5108.9125036786199
0.014499999999999999 0.0024999999999999988 4353.9135195900581
0.014999999999999999 0.0024999999999999988 3636.9850514823252
0.0155 0.0024999999999999988 2977.7314884412513
0.016000000000000007 0.0024999999999999988 2389.3967389092718
0.016500000000000001 0.0024999999999999988 1879.0135937708112
0.017000000000000001 0.0024999999999999988 1448.084471537514
0.017500000000000002 0.0024999999999999988 1093.6195601771217
0.017999999999999995 0.0024999999999999988 809.34814239912998
0.018500000000000003 0.0024999999999999988 586.93693213641893
0.019000000000000003 0.0024999999999999988 417.08663561430393
0.019500000000000003 0.0024999999999999988 290.42435322080934
0.019999999999999997 0.0024999999999999988 198.15542687850254
0.020499999999999997 0.0024999999999999988 132.47694167079649
0.021000000000000005 0.0024999999999999988 86.782465038635351
0.021500000000000005 0.0024999999999999988 55.702883292898107
0.021999999999999999 0.0024999999999999988 35.032776914624932
0.022499999999999999 0.0024999999999999988 21.588391951818657
0.023000000000000007 0.0024999999999999988 13.035056017489566
0.023500000000000007 0.0024999999999999988 7.7117109270706603
0.024 0.0024999999999999988 4.4702564544261936
0.024500000000000001 0.0024999999999999988 2.5389657584550731
0.025000000000000001 0.0024999999999999988 1.4129376418050408
-0.025000000000000001 0.0030000000000000027 10.650398781021835
-0.024500000000000001 0.0030000000000000027 18.100241954089121
-0.024 0.0030000000000000027 30.15688811753521
-0.0235 0.0030000000000000027 49.258809375438751
-0.023 0.0030000000000000027 78.88391251001984
-0.022500000000000003 0.0030000000000000027 123.85465014721565
-0.022000000000000002 0.0030000000000000027 190.66369753178986
-0.021500000000000002 0.0030000000000000027 287.7850857664979
-0.021000000000000001 0.0030000000000000027 425.91817540278771
-0.020500000000000001 0.0030000000000000027 618.09468875180653
-0.02 0.0030000000000000027 879.56601011032865
-0.0195 0.0030000000000000027 1227.3839311373306
-0.019 0.0030000000000000027 1679.5980711694388
-0.018500000000000003 0.0030000000000000027 2254.021585943362
-0.018000000000000002 0.0030000000000000027 2966.5654410919146
-0.017500000000000002 0.0030000000000000027 3829.2086798701876
-0.017000000000000001 0.0030000000000000027 4847.7512061784537
-0.016500000000000001 0.0030000000000000027 6019.5751597601438
-0.016 0.0030000000000000027 7331.7056478172472
-0.0155 0.0030000000000000027 8759.494629808014
-0.015000000000000001 0.0030000000000000027 10266.238389537826
-0.014500000000000001 0.0030000000000000027 11803.970530678404
-0.014 0.0030000000000000027 13315.549516887524
-0.0135 0.0030000000000000027 14737.99453758962
-0.012999999999999999 0.0030000000000000027 16006.838904665179
-0.012500000000000001 0.0030000000000000027 17061.096946728001
-0.012 0.0030000000000000027 17848.31122649704
-0.0115 0.0030000000000000027 18329.089809451612
-0.010999999999999999 0.0030000000000000027 18480.574779532828
-0.010499999999999999 0.0030000000000000027 18298.403717555746
-0.010000000000000002 0.0030000000000000027 17796.918631525408
-0.0095000000000000015 0.0030000000000000027 17007.610439576292
-0.0090000000000000011 0.0030000000000000027 15976.021671377066
-0.0085000000000000006 0.0030000000000000027 14757.52545984157
-0.0080000000000000002 0.0030000000000000027 13412.523153284514
-0.0074999999999999997 0.0030000000000000027 12001.638553219367
-0.0069999999999999993 0.0030000000000000027 10581.433970888933
-0.0064999999999999988 0.0030000000000000027 9201.0485501057537
-0.0059999999999999984 0.0030000000000000027 7899.9909731573243
-0.0054999999999999979 0.0030000000000000027 6707.1399967876841
-0.005000000000000001 0.0030000000000000027 5640.8481026210029
-0.0044999999999999971 0.0030000000000000027 4709.9284091754944
-0.0040000000000000001 0.0030000000000000027 3915.2437606040412
-0.0035000000000000031 0.0030000000000000027 3251.6085639501939
-0.0029999999999999992 0.0030000000000000027 2709.7479810090867
-0.0025000000000000022 0.0030000000000000027 2278.1195399820358
-0.0019999999999999983 0.0030000000000000027 1944.472160716186
-0.0015000000000000013 0.0030000000000000027 1697.0827150130683
-0.00099999999999999742 0.0030000000000000027 1525.6611934969349
-0.00050000000000000044 0.0030000000000000027 1421.948379270736
0 0.0030000000000000027 1380.0452910868835
0.00050000000000000044 0.0030000000000000027 1396.5151993549307
0.0010000000000000009 0.0030000000000000027 1470.2916519440998
0.0015000000000000013 0.0030000000000000027 1602.4145464083026
0.0020000000000000018 0.0030000000000000027 1795.6050083195598
0.0024999999999999988 0.0030000000000000027 2053.6820174813965
0.0030000000000000027 0.0030000000000000027 2380.8220483116943
0.0034999999999999996 0.0030000000000000027 2780.6695727877227
0.0040000000000000036 0.0030000000000000027 3255.3223961061376
0.0045000000000000005 0.0030000000000000027 3804.2412519493341
0.0049999999999999975 0.0030000000000000027 4423.1653654289648
0.0055000000000000014 0.0030000000000000027 5103.1494186965938
0.0059999999999999984 0.0030000000000000027 5829.8644400832454
0.0064999999999999988 0.0030000000000000027 6583.3159790786676
0.0069999999999999993 0.0030000000000000027 7338.1186072414621
0.0074999999999999997 0.0030000000000000027 8064.4208423631881
0.0080000000000000002 0.0030000000000000027 8729.4996158837512
0.0085000000000000006 0.0030000000000000027 9299.9464958181288
0.0090000000000000011 0.0030000000000000027 9744.2642941683298
0.0095000000000000015 0.0030000000000000027 10035.602351523276
0.010000000000000002 0.0030000000000000027 10154.302061103528
0.010500000000000002 0.0030000000000000027 10089.916865951202
0.011000000000000003 0.0030000000000000027 9842.4198530187005
0.011500000000000003 0.0030000000000000027 9422.4124992275847
0.012000000000000004 0.0030000000000000027 8850.2841755354275
0.012499999999999997 0.0030000000000000027 8154.4196352485287
0.013000000000000005 0.0030000000000000027 7368.683974450938
0.013499999999999998 0.0030000000000000027 6529.5076764574105
0.014000000000000005 0.0030000000000000027 5672.9329227822436
0.014499999999999999 0.0030000000000000027 4831.9623850630496
0.014999999999999999 0.0030000000000000027 4034.4808752904014
0.0155 0.0030000000000000027 3301.9153461402625
0.016000000000000007 0.0030000000000000027 2648.6813799083125
0.016500000000000001 0.0030000000000000027 2082.3558131436666
0.017000000000000001 0.0030000000000000027 1604.432253716162
0.017500000000000002 0.0030000000000000027 1211.4683941389383
0.017999999999999995 0.0030000000000000027 896.42265910346475
0.018500000000000003 0.0030000000000000027 649.99747532621188
0.019000000000000003 0.0030000000000000027 461.84753158182036
0.019500000000000003 0.0030000000000000027 321.56244773444536
0.019999999999999997 0.0030000000000000027 219.38390233732409
0.020499999999999997 0.0030000000000000027 146.65978809162416
0.021000000000000005 0.0030000000000000027 96.068122250684667
0.021500000000000005 0.0030000000000000027 61.660266059174511
0.021999999999999999 0.0030000000000000027 38.778043334522941
0.022499999999999999 0.0030000000000000027 23.895598780914323
0.023000000000000007 0.0030000000000000027 14.427765220820142
0.023500000000000007 0.0030000000000000027 8.5354677603079185
0.024 0.0030000000000000027 4.9476732914124728
0.024500000000000001 0.0030000000000000027 2.8100802547634078
0.025000000000000001 0.0030000000000000027 1.563793044658504
-0.025000000000000001 0.0034999999999999996 9.6733919478822354
-0.024500000000000001 0.0034999999999999996 16.473612194733096
-0.024 0.0034999999999999996 27.505681416018028
-0.0235 0.0034999999999999996 45.028947403787193
-0.023 0.0034999999999999996 72.278561747793063
-0.022500000000000003 0.0034999999999999996 113.75964452717399
-0.022000000000000002 0.0034999999999999996 175.56617505617086
-0.021500000000000002 0.0034999999999999996 265.69319140283255
-0.021000000000000001 0.0034999999999999996 394.29403297897147
-0.020500000000000001 0.0034999999999999996 573.81729320526313
-0.02 0.0034999999999999996 818.94434733584183
-0.0195 0.0034999999999999996 1146.2423297190478
-0.019 0.0034999999999999996 1573.4542486570886
-0.018500000000000003 0.0034999999999999996 2118.3719495353494
-0.018000000000000002 0.0034999999999999996 2797.2813239185784
-0.017500000000000002 0.0034999999999999996 3623.0315932684725
-0.017000000000000001 0.0034999999999999996 4602.8562564936274
-0.016500000000000001 0.0034999999999999996 5736.1521077787256
-0.016 0.0034999999999999996 7012.490242470536
-0.0155 0.0034999999999999996 8410.1728013412867
-0.015000000000000001 0.0034999999999999996 9895.6462092580186
-0.014500000000000001 0.0034999999999999996 11424.025767580417
-0.014 0.0034999999999999996 12940.876240288073
-0.0135 0.0034999999999999996 14385.238054461735
-0.012999999999999999 0.0034999999999999996 15693.709467049006
-0.012500000000000001 0.0034999999999999996 16805.220516644593
-0.012 0.0034999999999999996 17665.997111389788
-0.0115 0.0034999999999999996 18234.142209856185
-0.010999999999999999 0.0034999999999999996 18483.274667211968
-0.010499999999999999 0.0034999999999999996 18404.768699957247
-0.010000000000000002 0.0034999999999999996 18008.314647835014
-0.0095000000000000015 0.0034999999999999996 17320.746065110194
-0.0090000000000000011 0.0034999999999999996 16383.310683162221
-0.0085000000000000006 0.0034999999999999996 15247.763201741553
-0.0080000000000000002 0.0034999999999999996 13971.792656573492
-0.0074999999999999997 0.0034999999999999996 12614.346384735587
-0.0069999999999999993 0.0034999999999999996 11231.373762854188
-0.0064999999999999988 0.0034999999999999996 9872.4001796119373
-0.0059999999999999984 0.0034999999999999996 8578.1820051221202
-0.0054999999999999979 0.0034999999999999996 7379.5193852411903
-0.005000000000000001 0.0034999999999999996 6297.1466868942834
-0.0044999999999999971 0.0034999999999999996 5342.5036766542935
-0.0040000000000000001 0.0034999999999999996 4519.1258332160205
-0.0035000000000000031 0.0034999999999999996 3824.379328051753
-0.0029999999999999992 0.0034999999999999996 3251.2951575145244
-0.0025000000000000022 0.0034999999999999996 2790.3120316098716
-0.0019999999999999983 0.0034999999999999996 2430.8022231992486
-0.0015000000000000013 0.0034999999999999996 2162.3147361131582
-0.00099999999999999742 0.0034999999999999996 1975.5169801604379
-0.00050000000000000044 0.0034999999999999996 1862.8462743159887
0 0.0034999999999999996 1818.8970748646846
0.00050000000000000044 0.0034999999999999996 1840.5726868875727
0.0010000000000000009 0.0034999999999999996 1927.0260589020238
0.0015000000000000013 0.0034999999999999996 2079.4073003506364
0.0020000000000000018 0.0034999999999999996 2300.429004234797
0.0024999999999999988 0.0034999999999999996 2593.7566344403463
0.0030000000000000027 0.0034999999999999996 2963.2320626257983
0.0034999999999999996 0.0034999999999999996 3411.9456163479031
0.0040000000000000036 0.0034999999999999996 3941.187240531855
0.0045000000000000005 0.0034999999999999996 4549.3310515224221
0.0049999999999999975 0.0034999999999999996 5230.7380428825709
0.0055000000000000014 0.0034999999999999996 5974.7943570009984
0.0059999999999999984 0.0034999999999999996 6765.2296147820098
0.0064999999999999988 0.0034999999999999996 7579.8714640520693
0.0069999999999999993 0.0034999999999999996 8390.9791071613818
0.0074999999999999997 0.0034999999999999996 9166.2536492705622
0.0080000000000000002 0.0034999999999999996 9870.5463894952391
0.0085000000000000006 0.0034999999999999996 10468.185398058507
0.0090000000000000011 0.0034999999999999996 10925.731519509276
0.0095000000000000015 0.0034999999999999996 11214.878367285759
0.010000000000000002 0.0034999999999999996 11315.148912103889
0.010500000000000002 0.0034999999999999996 11216.031383213096
0.011000000000000003 0.0034999999999999996 10918.247422767878
0.011500000000000003 0.0034999999999999996 10433.951418822615
0.012000000000000004 0.0034999999999999996 9785.8050604423006
0.012499999999999997 0.0034999999999999996 9005.0297245115416
0.013000000000000005 0.0034999999999999996 8128.6822193644684
0.013499999999999998 0.0034999999999999996 7196.5007293735471
0.014000000000000005 0.0034999999999999996 6247.7104838157602
0.014499999999999999 0.0034999999999999996 5318.1580193446807
0.014999999999999999 0.0034999999999999996 4438.0669255908542
0.0155 0.0034999999999999996 3630.5947177237008
0.016000000000000007 0.0034999999999999996 2911.2433356359575
0.016500000000000001 0.0034999999999999996 2288.0579397657393
0.017000000000000001 0.0034999999999999996 1762.4584578284941
0.017500000000000002 0.0034999999999999996 1330.4961214107982
0.017999999999999995 0.0034999999999999996 984.31470328496755
0.018500000000000003 0.0034999999999999996 713.61755455244577
0.019000000000000003 0.0034999999999999996 506.98622541750098
0.019500000000000003 0.0034999999999999996 352.952065902154
0.019999999999999997 0.0034999999999999996 240.77740380630252
0.020499999999999997 0.0034999999999999996 160.94927939721708
0.021000000000000005 0.0034999999999999996 105.42162215686517
0.021500000000000005 0.0034999999999999996 67.660111852449006
0.021999999999999999 0.0034999999999999996 42.54944615776737
0.022499999999999999 0.0034999999999999996 26.218618307120792
0.023000000000000007 0.0034999999999999996 15.829873982537922
0.023500000000000007 0.0034999999999999996 9.3647122257791828
0.024 0.0034999999999999996 5.4282356428126874
0.024500000000000001 0.0034999999999999996 3.0829644451409828
0.025000000000000001 0.0034999999999999996 1.7156254410420708
-0.025000000000000001 0.0040000000000000036 8.6863132049593581
-0.024500000000000001 0.0040000000000000036 14.828963157709317
-0.024 0.0040000000000000036 24.822887323308095
-0.0235 0.0040000000000000036 40.744832851218568
-0.023 0.0040000000000000036 65.581918740127975
-0.022500000000000003 0.0040000000000000036 103.51414210324539
-0.022000000000000002 0.0040000000000000036 160.22561731347631
-0.021500000000000002 0.0040000000000000036 243.21686164351107
-0.021000000000000001 0.0040000000000000036 362.07430199535315
-0.020500000000000001 0.0040000000000000036 528.63627514701284
-0.02 0.0040000000000000036 756.98027729362684
-0.0195 0.0040000000000000036 1063.148347164763
-0.019 0.0040000000000000036 1464.5311027578325
-0.018500000000000003 0.0040000000000000036 1978.8506321403931
-0.018000000000000002 0.0040000000000000036 2622.7211005328004
-0.017500000000000002 0.0040000000000000036 3409.8235020235911
-0.017000000000000001 0.0040000000000000036 4348.8031626986385
-0.016500000000000001 0.0040000000000000036 5441.0763242692392
-0.016 0.0040000000000000036 6678.8020397323144
-0.0155 0.0040000000000000036 8043.3217941228386
-0.015000000000000001 0.0040000000000000036 9504.3762537240291
-0.014500000000000001 0.0040000000000000036 11020.365037461816
-0.014 0.0040000000000000036 12539.817936677555
-0.0135 0.0040000000000000036 14004.101612483202
-0.012999999999999999 0.0040000000000000036 15351.212609647799
-0.012500000000000001 0.0040000000000000036 16520.332792002304
-0.012 0.0040000000000000036 17456.678799696241
-0.0115 0.0040000000000000036 18116.092723932146
-0.010999999999999999 0.0040000000000000036 18468.817998787301
-0.010499999999999999 0.0040000000000000036 18501.98930334768
-0.010000000000000002 0.0040000000000000036 18220.527815676251
-0.0095000000000000015 0.0040000000000000036 17646.347358417137
-0.0090000000000000011 0.0040000000000000036 16816.005815359884
-0.0085000000000000006 0.0040000000000000036 15777.13949160503
-0.0080000000000000002 0.0040000000000000036 14584.161093164426
-0.0074999999999999997 0.0040000000000000036 13293.762770938596
-0.0069999999999999993 0.0040000000000000036 11960.739307074879
-0.0064999999999999988 0.0040000000000000036 10634.545284519809
-0.0059999999999999984 0.0040000000000000036 9356.8495405147387
-0.0054999999999999979 0.0040000000000000036 8160.182560579733
-0.005000000000000001 0.0040000000000000036 7067.6189484778779
-0.0044999999999999971 0.0040000000000000036 6093.3214169567109
-0.0040000000000000001 0.0040000000000000036 5243.7071081779177
-0.0035000000000000031 0.0040000000000000036 4518.9815193344475
-0.0029999999999999992 0.0040000000000000036 3914.8100483413614
-0.0025000000000000022 0.0040000000000000036 3423.9467255365889
-0.0019999999999999983 0.0040000000000000036 3037.6977352708536
-0.0015000000000000013 0.0040000000000000036 2747.150614570889
-0.00099999999999999742 0.0040000000000000036 2544.1406265491082
-0.00050000000000000044 0.0040000000000000036 2421.9514411944119
0 0.0040000000000000036 2375.759942829146
0.00050000000000000044 0.0040000000000000036 2402.8389839969855
0.0010000000000000009 0.0040000000000000036 2502.5316733441646
0.0015000000000000013 0.0040000000000000036 2676.009635487384
0.0020000000000000018 0.0040000000000000036 2925.8274505600125
0.0024999999999999988 0.0040000000000000036 3255.2870236632848
0.0030000000000000027 0.0040000000000000036 3667.6296788156628
0.0034999999999999996 0.0040000000000000036 4165.0815610520667
0.0040000000000000036 0.0040000000000000036 4747.7911875424861
0.0045000000000000005 0.0040000000000000036 5412.7180836713478
0.0049999999999999975 0.0040000000000000036 6152.5580213082994
0.0055000000000000014 0.0040000000000000036 6954.8200628375816
0.0059999999999999984 0.0040000000000000036 7801.1964571169055
0.0064999999999999988 0.0040000000000000036 8667.3786980493678
0.0069999999999999993 0.0040000000000000036 9523.4614570115937
0.0074999999999999997 0.0040000000000000036 10335.033063336325
0.0080000000000000002 0.0040000000000000036 11064.975241870654
0.0085000000000000006 0.0040000000000000036 11675.892824976076
0.0090000000000000011 0.0040000000000000036 12132.981650433125
0.0095000000000000015 0.0040000000000000036 12407.041593108059
0.010000000000000002 0.0040000000000000036 12477.275003323293
0.010500000000000002 0.0040000000000000036 12333.497823859825
0.011000000000000003 0.0040000000000000036 11977.440717445523
0.011500000000000003 0.0040000000000000036 11422.926968549926
0.012000000000000004 0.0040000000000000036 10694.865788421415
0.012499999999999997 0.0040000000000000036 9827.1670356766481
0.013000000000000005 0.0040000000000000036 8859.8353255254624
0.013499999999999998 0.0040000000000000036 7835.6101258355257
0.014000000000000005 0.0040000000000000036 6796.5651065270567
0.014499999999999999 0.0040000000000000036 5781.0592288959506
0.014999999999999999 0.0040000000000000036 4821.3519858158043
0.0155 0.0040000000000000036 3942.0748872884406
0.016000000000000007 0.0040000000000000036 3159.6156394782338
0.016500000000000001 0.0040000000000000036 2482.3453874302436
0.017000000000000001 0.0040000000000000036 1911.5226157225043
0.017500000000000002 0.0040000000000000036 1442.6511181281473
0.017999999999999995 0.0040000000000000036 1067.0558064447807
0.018500000000000003 0.0040000000000000036 773.46293546632467
0.019000000000000003 0.0040000000000000036 549.41922362755963
0.019500000000000003 0.0040000000000000036 382.4440708077226
0.019999999999999997 0.0040000000000000036 260.86841400763302
0.020499999999999997 0.0040000000000000036 174.36365213768283
0.021000000000000005 0.0040000000000000036 114.19947693187163
0.021500000000000005 0.0040000000000000036 73.289194232714451
0.021999999999999999 0.0040000000000000036 46.086997040345267
0.022499999999999999 0.0040000000000000036 28.397184764123843
0.023000000000000007 0.0040000000000000036 17.144587653178242
0.023500000000000007 0.0040000000000000036 10.142166329299879
0.024 0.0040000000000000036 5.8787348052200299
0.024500000000000001 0.0040000000000000036 3.3387538332166278
0.025000000000000001 0.0040000000000000036 1.8579353229546829
-0.025000000000000001 0.0045000000000000005 7.7215650892892596
-0.024500000000000001 0.0045000000000000005 13.219670978039083
-0.024 0.0045000000000000005 22.194487377454724
-0.0235 0.0045000000000000005 36.541876533544233
-0.023 0.0045000000000000005 59.002420734764037
-0.022500000000000003 0.0045000000000000005 93.431640981308192
-0.022000000000000002 0.0045000000000000005 145.10256832489452
-0.021500000000000002 0.0045000000000000005 221.01662560495913
-0.021000000000000001 0.0045000000000000005 330.18339496319669
-0.020500000000000001 0.0045000000000000005 483.81320089310333
-0.02 0.0045000000000000005 695.35134825035641
-0.0195 0.0045000000000000005 980.27328800527312
-0.019 0.0045000000000000005 1355.5606503173831
-0.018500000000000003 0.0045000000000000005 1838.7936160280804
-0.018000000000000002 0.0045000000000000005 2446.828854227118
-0.017500000000000002 0.0045000000000000005 3194.0849343766599
-0.017000000000000001 0.0045000000000000005 4090.5254930965543
-0.016500000000000001 0.0045000000000000005 5139.5065940460754
-0.016 0.0045000000000000005 6335.7263041713231
-0.0155 0.0045000000000000005 7663.5661584104619
-0.015000000000000001 0.0045000000000000005 9096.1302400679106
-0.014500000000000001 0.0045000000000000005 10595.255715539386
-0.014 0.0045000000000000005 12112.683552411989
-0.0135 0.0045000000000000005 13592.444550320633
-0.012999999999999999 0.0045000000000000005 14974.349565678391
-0.012500000000000001 0.0045000000000000005 16198.29942140395
-0.012 0.0045000000000000005 17208.980513625065
-0.0115 0.0045000000000000005 17960.416978373352
-0.010999999999999999 0.0045000000000000005 18419.832323565068
-0.010499999999999999 0.0045000000000000005 18570.342024591089
-0.010000000000000002 0.0045000000000000005 18412.146303367092
-0.0095000000000000015 0.0045000000000000005 17962.09546266454
-0.0090000000000000011 0.0045000000000000005 17251.723216242346
-0.0085000000000000006 0.0045000000000000005 16324.046603197117
-0.0080000000000000002 0.0045000000000000005 15229.578847514842
-0.0074999999999999997 0.0045000000000000005 14022.070549941833
-0.0069999999999999993 0.0045000000000000005 12754.478298760267
-0.0064999999999999988 0.0045000000000000005 11475.568918306459
-0.0059999999999999984 0.0045000000000000005 10227.426624496329
-0.0054999999999999979 0.0045000000000000005 9043.970899615606
-0.005000000000000001 0.0045000000000000005 7950.4458512974352
-0.0044999999999999971 0.0045000000000000005 6963.7306817202007
-0.0040000000000000001 0.0045000000000000005 6093.257622638509
-0.0035000000000000031 0.0045000000000000005 5342.3080001206026
-0.0029999999999999992 0.0045000000000000005 4709.4788767979362
-0.0025000000000000022 0.0045000000000000005 4190.156537160633
-0.0019999999999999983 0.0045000000000000005 3777.8831283999998
-0.0015000000000000013 0.0045000000000000005 3465.5469003654985
-0.00099999999999999742 0.0045000000000000005 3246.3583324414917
-0.00050000000000000044 0.0045000000000000005 3114.593369672607
0 0.0045000000000000005 3066.094427145134
0.00050000000000000044 0.0045000000000000005 3098.5247072155821
0.0010000000000000009 0.0045000000000000005 3211.3759009658352
0.0015000000000000013 0.0045000000000000005 3405.7356281702596
0.0020000000000000018 0.0045000000000000005 3683.828982173743
0.0024999999999999988 0.0045000000000000005 4048.3570923530046
0.0030000000000000027 0.0045000000000000005 4501.6637391166341
0.0034999999999999996 0.0045000000000000005 5044.7691272036964
0.0040000000000000036 0.0045000000000000005 5676.3198394198962
0.0045000000000000005 0.0045000000000000005 6391.5182698508743
0.0049999999999999975 0.0045000000000000005 7181.1148848803941
0.0055000000000000014 0.0045000000000000005 8030.5709524239201
0.0059999999999999984 0.0045000000000000005 8919.52235875304
0.0064999999999999988 0.0045000000000000005 9821.6876016232127
0.0069999999999999993 0.0045000000000000005 10705.354280738957
0.0074999999999999997 0.0045000000000000005 11534.53959136706
0.0080000000000000002 0.0045000000000000005 12270.848372210356
0.0085000000000000006 0.0045000000000000005 12875.952637135342
0.0090000000000000011 0.0045000000000000005 13314.503956207449
0.0095000000000000015 0.0045000000000000005 13557.186403496917
0.010000000000000002 0.0045000000000000005 13583.547348571972
0.010500000000000002 0.0045000000000000005 13384.22668478682
0.011000000000000003 0.0045000000000000005 12962.253042282084
0.011500000000000003 0.0045000000000000005 12333.185472701836
0.012000000000000004 0.0045000000000000005 11524.034315795185
0.012499999999999997 0.0045000000000000005 10571.067914939249
0.013000000000000005 0.0045000000000000005 9516.7702820576706
0.013499999999999998 0.0045000000000000005 8406.329204496793
0.014000000000000005 0.0045000000000000005 7284.0845826537061
0.014499999999999999 0.0045000000000000005 6190.3466200039265
0.014999999999999999 0.0045000000000000005 5158.9108934520791
0.0155 0.0045000000000000005 4215.4719903976675
0.016000000000000007 0.0045000000000000005 3376.9953673323585
0.016500000000000001 0.0045000000000000005 2651.9746019992699
0.017000000000000001 0.0045000000000000005 2041.399207664947
0.017500000000000002 0.0045000000000000005 1540.1987435495757
0.017999999999999995 0.0045000000000000005 1138.9143224328982
0.018500000000000003 0.0045000000000000005 825.37248301360478
0.019000000000000003 0.0045000000000000005 586.18684640176969
0.019500000000000003 0.0045000000000000005 407.97600896636072
0.019999999999999997 0.0045000000000000005 278.24882764186742
0.020499999999999997 0.0045000000000000005 185.96101275748399
0.021000000000000005 0.0045000000000000005 121.78439872761265
0.021500000000000005 0.0045000000000000005 78.151147789715722
0.021999999999999999 0.0045000000000000005 49.141335107510756
0.022499999999999999 0.0045000000000000005 30.27759334563158
0.023000000000000007 0.0045000000000000005 18.279079119633117
0.023500000000000007 0.0045000000000000005 10.812902307674962
0.024 0.0045000000000000005 6.2673258825659994
0.024500000000000001 0.0045000000000000005 3.5593592091945729
0.025000000000000001 0.0045000000000000005 1.980654949816252
-0.025000000000000001 0.0049999999999999975 6.8040106676980265
-0.024500000000000001 0.0049999999999999975 11.68655761821489
-0.024 0.0049999999999999975 19.685997864872444
-0.0235 0.0049999999999999975 32.522830683615851
-0.023 0.0049999999999999975 52.697490262814135
-0.022500000000000003 0.0049999999999999975 83.747642784019959
-0.022000000000000002 0.0049999999999999975 130.54086533395963
-0.021500000000000002 0.0049999999999999975 199.58212300616495
-0.021000000000000001 0.0049999999999999975 299.30088305335687
-0.020500000000000001 0.0049999999999999975 440.26643180192997
-0.02 0.0049999999999999975 635.26449317012566
-0.0195 0.0049999999999999975 899.15726286579559
-0.019 0.0049999999999999975 1248.4470025058599
-0.018500000000000003 0.0049999999999999975 1700.4750543532562
-0.018000000000000002 0.0049999999999999975 2272.2172411522547
-0.017500000000000002 0.0049999999999999975 2978.6844792485613
-0.017000000000000001 0.0049999999999999975 3831.0017790812494
-0.016500000000000001 0.0049999999999999975 4834.312821568552
-0.016 0.0049999999999999975 5985.7296130671166
-0.0155 0.0049999999999999975 7272.6025890179189
-0.015000000000000001 0.0049999999999999975 8671.4102914327523
-0.014500000000000001 0.0049999999999999975 10147.546265508479
-0.014 0.0049999999999999975 11656.207324725005
-0.0135 0.0049999999999999975 13144.464550865005
-0.012999999999999999 0.0049999999999999975 14554.44006569772
-0.012500000000000001 0.0049999999999999975 15827.342517016981
-0.012 0.0049999999999999975 16907.962494091324
-0.0115 0.0049999999999999975 17749.126277964122
-0.010999999999999999 0.0049999999999999975 18315.576483508212
-0.010499999999999999 0.0049999999999999975 18586.80258739493
-0.010000000000000002 0.0049999999999999975 18558.477931254551
-0.0095000000000000015 0.0049999999999999975 18242.350959735351
-0.0090000000000000011 0.0049999999999999975 17664.653207538635
-0.0085000000000000006 0.0049999999999999975 16863.285768692549
-0.0080000000000000002 0.0049999999999999975 15884.194152866921
-0.0074999999999999997 0.0049999999999999975 14777.414568453552
-0.0069999999999999993 0.0049999999999999975 13593.265307383732
-0.0064999999999999988 0.0049999999999999975 12379.074903503963
-0.0059999999999999984 0.0049999999999999975 11176.707783919876
-0.0054999999999999979 0.0049999999999999975 10020.999080039912
-0.005000000000000001 0.0049999999999999975 8939.0732529859142
-0.0044999999999999971 0.0049999999999999975 7950.4187787210676
-0.0040000000000000001 0.0049999999999999975 7067.5341965694824
-0.0035000000000000031 0.0049999999999999975 6296.9479699640597
-0.0029999999999999992 0.0049999999999999975 5640.434946414086
-0.0025000000000000022 0.0049999999999999975 5096.2901338084412
-0.0019999999999999983 0.0049999999999999975 4660.5609340415067
-0.0015000000000000013 0.0049999999999999975 4328.1713383676424
-0.00099999999999999742 0.0049999999999999975 4093.8917479433653
-0.00050000000000000044 0.0049999999999999975 3953.117798379089
0 0.0049999999999999975 3902.4262008577962
0.00050000000000000044 0.0049999999999999975 3939.8810968139665
0.0010000000000000009 0.0049999999999999975 4065.0746633413323
0.0015000000000000013 0.0049999999999999975 4278.9012785604846
0.0020000000000000018 0.0049999999999999975 4583.083006560676
0.0024999999999999988 0.0049999999999999975 4979.4815980613939
0.0030000000000000027 0.0049999999999999975 5469.2454049348826
0.0034999999999999996 0.0049999999999999975 6051.8477150201807
0.0040000000000000036 0.0049999999999999975 6724.0780425524035
0.0045000000000000005 0.0049999999999999975 7479.0537881358205
0.0049999999999999975 0.0049999999999999975 8305.3301250494951
0.0055000000000000014 0.0049999999999999975 9186.2019895563408
0.0059999999999999984 0.0049999999999999975 10099.310179253305
0.0064999999999999988 0.0049999999999999975 11016.675670113083
0.0069999999999999993 0.0049999999999999975 11905.281433865102
0.0074999999999999997 0.0049999999999999975 12728.289134353601
0.0080000000000000002 0.0049999999999999975 13446.913986083897
0.0085000000000000006 0.0049999999999999975 14022.888136386508
0.0090000000000000011 0.0049999999999999975 14421.334326398692
0.0095000000000000015 0.0049999999999999975 14613.768506550845
0.010000000000000002 0.0049999999999999975 14580.877212263655
0.010500000000000002 0.0049999999999999975 14314.694612080497
0.011000000000000003 0.0049999999999999975 13819.847706608347
0.011500000000000003 0.0049999999999999975 13113.644993965676
0.012000000000000004 0.0049999999999999975 12224.938226470791
0.012499999999999997 0.0049999999999999975 11191.861232365145
0.013000000000000005 0.0049999999999999975 10058.711286872129
0.013499999999999998 0.0049999999999999975 8872.3565705919009
0.014000000000000005 0.0049999999999999975 7678.6065934080689
0.014499999999999999 0.0049999999999999975 6518.963782365644
0.014999999999999999 0.0049999999999999975 5428.0913389710058
0.0155 0.0049999999999999975 4432.2047903529556
0.016000000000000007 0.0049999999999999975 3548.4490660910146
0.016500000000000001 0.0049999999999999975 2785.1865361369532
0.017000000000000001 0.0049999999999999975 2143.0160377635098
0.017500000000000002 0.0049999999999999975 1616.2812307389629
0.017999999999999995 0.0049999999999999975 1194.8111797362342
0.018500000000000003 0.0049999999999999975 865.66051186243419
0.019000000000000003 0.0049999999999999975 614.66858680445648
0.019500000000000003 0.0049999999999999975 427.72236220561035
0.019999999999999997 0.0049999999999999975 291.6726352839629
0.020499999999999997 0.0049999999999999975 194.90808069995504
0.021000000000000005 0.0049999999999999975 127.6303829716593
0.021500000000000005 0.0049999999999999975 81.89543322370362
0.021999999999999999 0.0049999999999999975 51.491958225683526
0.022499999999999999 0.0049999999999999975 31.723942403313831
0.023000000000000007 0.0049999999999999975 19.1512806056218
0.023500000000000007 0.0049999999999999975 11.32836261165353
0.024 0.0049999999999999975 6.5658589577799642
0.024500000000000001 0.0049999999999999975 3.7287911113747048
0.025000000000000001 0.0049999999999999975 2.0748856125403163
-0.025000000000000001 0.0055000000000000014 5.9505340551834527
-0.024500000000000001 0.0055000000000000014 10.257228194275013
-0.024 0.0055000000000000014 17.341512430503219
-0.0235 0.0055000000000000014 28.756475296193553
-0.023 0.0055000000000000014 46.771849087667533
-0.022500000000000003 0.0055000000000000014 74.617688020552237
-0.022000000000000002 0.0055000000000000014 116.76570650093151
-0.021500000000000002 0.0055000000000000014 179.23089760695353
-0.021000000000000001 0.0055000000000000014 269.86233088996147
-0.020500000000000001 0.0055000000000000014 398.57626513286277
-0.02 0.0055000000000000014 577.46910984240799
-0.0195 0.0055000000000000014 820.73571304338429
-0.019 0.0055000000000000014 1144.3142700896037
-0.018500000000000003 0.0055000000000000014 1565.1874850574679
-0.018000000000000002 0.0055000000000000014 2100.2944121200021
-0.017500000000000002 0.0055000000000000014 2765.0505761175923
-0.017000000000000001 0.0055000000000000014 3571.5340663089169
-0.016500000000000001 0.0055000000000000014 4526.4664945988407
-0.016 0.0055000000000000014 5629.1896098694015
-0.0155 0.0055000000000000014 6869.8969212215115
-0.015000000000000001 0.0055000000000000014 8228.4094460445085
-0.014500000000000001 0.0055000000000000014 9673.772095344475
-0.014 0.0055000000000000014 11164.884341169758
-0.0135 0.0055000000000000014 12652.266771273282
-0.012999999999999999 0.0055000000000000014 14080.915806706331
-0.012500000000000001 0.0055000000000000014 15394.034327771345
-0.012 0.0055000000000000014 16537.275196412858
-0.0115 0.0055000000000000014 17463.027866957054
-0.010999999999999999 0.0055000000000000014 18134.239986175351
-0.010499999999999999 0.0055000000000000014 18527.308656030764
-0.010000000000000002 0.0055000000000000014 18633.696418268741
-0.0095000000000000015 0.0055000000000000014 18460.10520873854
-0.0090000000000000011 0.0055000000000000014 18027.245087160318
-0.0085000000000000006 0.0055000000000000014 17367.425510570429
-0.0080000000000000002 0.0055000000000000014 16521.340480262548
-0.0074999999999999997 0.0055000000000000014 15534.491384695291
-0.0069999999999999993 0.0055000000000000014 14453.685350541571
-0.0064999999999999988 0.0055000000000000014 13323.972049083141
-0.0059999999999999984 0.0055000000000000014 12186.261386555092
-0.0054999999999999979 0.0055000000000000014 11075.728324332404
-0.005000000000000001 0.0055000000000000014 10020.988050665796
-0.0044999999999999971 0.0055000000000000014 9043.9356597762198
-0.0040000000000000001 0.0055000000000000014 8160.0982305105736
-0.0035000000000000031 0.0055000000000000014 7379.3404379942713
-0.0029999999999999992 0.0055000000000000014 6706.7853390900973
-0.0025000000000000022 0.0055000000000000014 6143.8438094606399
-0.0019999999999999983 0.0055000000000000014 5689.2751057327487
-0.0015000000000000013 0.0055000000000000014 5340.218767928769
-0.00099999999999999742 0.0055000000000000014 5093.1433906343018
-0.00050000000000000044 0.0055000000000000014 4944.655580476543
0 0.0055000000000000014 4892.1105994458094
0.00050000000000000044 0.0055000000000000014 4933.9720037315174
0.0010000000000000009 0.0055000000000000014 5069.8846102350453
0.0015000000000000013 0.0055000000000000014 5300.4520282623935
0.0020000000000000018 0.0055000000000000014 5626.7412954617757
0.0024999999999999988 0.0055000000000000014 6049.565567257484
0.0030000000000000027 0.0055000000000000014 6568.615222060519
0.0034999999999999996 0.0055000000000000014 7181.5156724335193
0.0040000000000000036 0.0055000000000000014 7882.8886732851743
0.0045000000000000005 0.0055000000000000014 8663.4886105578407
0.0049999999999999975 0.0055000000000000014 9509.4827250656053
0.0055000000000000014 0.0055000000000000014 10401.948777454654
0.0059999999999999984 0.0055000000000000014 11316.674659247608
0.0064999999999999988 0.0055000000000000014 12224.35544930683
0.0069999999999999993 0.0055000000000000014 13091.283609565791
0.0074999999999999997 0.0055000000000000014 13880.605880993104
0.0080000000000000002 0.0055000000000000014 14554.168403227721
0.0085000000000000006 0.0055000000000000014 15074.890172984142
0.0090000000000000011 0.0055000000000000014 15409.504858994615
0.0095000000000000015 0.0055000000000000014 15531.411914300979
0.010000000000000002 0.0055000000000000014 15423.304287469799
0.010500000000000002 0.0055000000000000014 15079.214492031231
0.011000000000000003 0.0055000000000000014 14505.657504616647
0.011500000000000003 0.0055000000000000014 13721.648656730582
0.012000000000000004 0.0055000000000000014 12757.523200359417
0.012499999999999997 0.0055000000000000014 11652.655117017515
0.013000000000000005 0.0055000000000000014 10452.333323593331
0.013499999999999998 0.0055000000000000014 9204.1726032715142
0.014000000000000005 0.0055000000000000014 7954.492200422249
0.014499999999999999 0.0055000000000000014 6745.0787767270149
0.014999999999999999 0.0055000000000000014 5610.6691603137097
0.0155 0.0055000000000000014 4577.3614493639825
0.016000000000000007 0.0055000000000000014 3662.0172259739884
0.016500000000000001 0.0055000000000000014 2872.5803037717687
0.017000000000000001 0.0055000000000000014 2209.1308177993233
0.017500000000000002 0.0055000000000000014 1665.4307356677034
0.017999999999999995 0.0055000000000000014 1230.7008592199559
0.018500000000000003 0.0055000000000000014 891.3938523549424
0.019000000000000003 0.0055000000000000014 632.78046310804223
0.019500000000000003 0.0055000000000000014 440.23223816282632
0.019999999999999997 0.0055000000000000014 300.15002361593281
0.020499999999999997 0.0055000000000000014 200.54318558247979
0.021000000000000005 0.0055000000000000014 131.30402363673349
0.021500000000000005 0.0055000000000000014 84.243881697211293
0.021999999999999999 0.0055000000000000014 52.963930692461581
0.022499999999999999 0.0055000000000000014 32.628436178393386
0.023000000000000007 0.0055000000000000014 19.696107928584038
0.023500000000000007 0.0055000000000000014 11.650043976973688
0.024 0.0055000000000000014 6.752015475413006
0.024500000000000001 0.0055000000000000014 3.8343736200792291
0.025000000000000001 0.0055000000000000014 2.1335732953578348
-0.025000000000000001 0.0059999999999999984 5.1705490242499437
-0.024500000000000001 0.0059999999999999984 8.9469880798051591
-0.024 0.0059999999999999984 15.185321884899848
-0.0235 0.0059999999999999984 25.280420478611966
-0.023 0.0059999999999999984 41.282267169319503
-0.022500000000000003 0.0059999999999999984 66.125239131149272
-0.022000000000000002 0.0059999999999999984 103.89646852944109
-0.021500000000000002 0.0059999999999999984 160.1288116768167
-0.021000000000000001 0.0059999999999999984 242.09114452354825
-0.020500000000000001 0.0059999999999999984 359.03360087619842
-0.02 0.0059999999999999984 522.32990319384646
-0.0195 0.0059999999999999984 745.4461985902841
-0.019 0.0059999999999999984 1043.6598965342744
-0.018500000000000003 0.0059999999999999984 1433.45745868984
-0.018000000000000002 0.0059999999999999984 1931.5609783229795
-0.017500000000000002 0.0059999999999999984 2553.572023487146
-0.017000000000000001 0.0059999999999999984 3312.2768288868219
-0.016500000000000001 0.0059999999999999984 4215.724568594318
-0.016 0.0059999999999999984 5265.2606686387726
-0.0155 0.0059999999999999984 6453.7566830609021
-0.015000000000000001 0.0059999999999999984 7764.312144006376
-0.014500000000000001 0.0059999999999999984 9169.6983524832631
-0.014 0.0059999999999999984 10632.760716226014
-0.0135 0.0059999999999999984 12107.894823127093
-0.012999999999999999 0.0059999999999999984 13543.572255955345
-0.012500000000000001 0.0059999999999999984 14885.735635920044
-0.012 0.0059999999999999984 16081.736086960162
-0.0115 0.0059999999999999984 17084.379521202645
-0.010999999999999999 0.0059999999999999984 17855.605160838983
-0.010499999999999999 0.0059999999999999984 18369.353530495304
-0.010000000000000002 0.0059999999999999984 18613.28934287341
-0.0095000000000000015 0.0059999999999999984 18589.208859344588
-0.0090000000000000011 0.0059999999999999984 18312.150610752342
-0.0085000000000000006 0.0059999999999999984 17808.406483264829
-0.0080000000000000002 0.0059999999999999984 17112.763837621496
-0.0074999999999999997 0.0059999999999999984 16265.376191825306
-0.0069999999999999993 0.0059999999999999984 15308.653611000986
-0.0064999999999999988 0.0059999999999999984 14284.494454489075
-0.0059999999999999984 0.0059999999999999984 13232.070541224342
-0.0054999999999999979 0.0059999999999999984 12186.257072895743
-0.005000000000000001 0.0059999999999999984 11176.693717225586
-0.0044999999999999971 0.0059999999999999984 10227.392268405825
-0.0040000000000000001 0.0059999999999999984 9356.7751342581523
-0.0035000000000000031 0.0059999999999999984 8578.0314980257572
-0.0029999999999999992 0.0059999999999999984 7899.700236235898
-0.0025000000000000022 0.0059999999999999984 7326.4141154831259
-0.0019999999999999983 0.0059999999999999984 6859.7554450239058
-0.0015000000000000013 0.0059999999999999984 6499.1735337204982
-0.00099999999999999742 0.0059999999999999984 6242.9015455587405
-0.00050000000000000044 0.0059999999999999984 6088.7934843951871
0 0.0059999999999999984 6034.9921430206796
0.00050000000000000044 0.0059999999999999984 6080.344774106743
0.0010000000000000009 0.0059999999999999984 6224.508202023545
0.0015000000000000013 0.0059999999999999984 6467.7254830745696
0.0020000000000000018 0.0059999999999999984 6810.3029012905499
0.0024999999999999988 0.0059999999999999984 7251.8576655330471
0.0030000000000000027 0.0059999999999999984 7790.4335255486758
0.0034999999999999996 0.0059999999999999984 8421.5891218449015
0.0040000000000000036 0.0059999999999999984 9137.5542409111767
0.0045000000000000005 0.0059999999999999984 9926.5298348171455
0.0049999999999999975 0.0059999999999999984 10772.188708263593
0.0055000000000000014 0.0059999999999999984 11653.423516708643
0.0059999999999999984 0.0059999999999999984 12544.390141201129
0.0064999999999999988 0.0059999999999999984 13414.903464355488
0.0069999999999999993 0.0059999999999999984 14231.248741762149
0.0074999999999999997 0.0059999999999999984 14957.462203418314
0.0080000000000000002 0.0059999999999999984 15557.098786202803
0.0085000000000000006 0.0059999999999999984 15995.439968814757
0.0090000000000000011 0.0059999999999999984 16242.007874287467
0.0095000000000000015 0.0059999999999999984 16273.160427349625
0.010000000000000002 0.0059999999999999984 16074.4698376873
0.010500000000000002 0.0059999999999999984 15642.556191535385
0.011000000000000003 0.0059999999999999984 14986.07533238613
0.011500000000000003 0.0059999999999999984 14125.648584849107
0.012000000000000004 0.0059999999999999984 13092.659456636335
0.012499999999999997 0.0059999999999999984 11927.004699149466
0.013000000000000005 0.0059999999999999984 10674.042426273336
0.013499999999999998 0.0059999999999999984 9381.0974810021562
0.014000000000000005 0.0059999999999999984 8093.9412031724423
0.014499999999999999 0.0059999999999999984 6853.6499013665243
0.014999999999999999 0.0059999999999999984 5694.1693620182787
0.0155 0.0059999999999999984 4640.7900624274007
0.016000000000000007 0.0059999999999999984 3709.5953745507682
0.016500000000000001 0.0059999999999999984 2907.8100368001024
0.017000000000000001 0.0059999999999999984 2234.8707674707994
0.017500000000000002 0.0059999999999999984 1683.9784705870939
0.017999999999999995 0.0059999999999999984 1243.8751805331301
0.018500000000000003 0.0059999999999999984 900.6127632508227
0.019000000000000003 0.0059999999999999984 639.13236412853553
0.019500000000000003 0.0059999999999999984 444.53914286016419
0.019999999999999997 0.0059999999999999984 303.02239290009618
0.020499999999999997 0.0059999999999999984 202.42648730547555
0.021000000000000005 0.0059999999999999984 132.51744800052469
0.021500000000000005 0.0059999999999999984 85.011854337694544
0.021999999999999999 0.0059999999999999984 53.441201294611339
0.022499999999999999 0.0059999999999999984 32.919597190295327
0.023000000000000007 0.0059999999999999984 19.870421833483544
0.023500000000000007 0.0059999999999999984 11.752433949890314
0.024 0.0059999999999999984 6.8110111077919377
0.024500000000000001 0.0059999999999999984 3.8677118395272876
0.025000000000000001 0.0059999999999999984 2.1520472236104999
-0.025000000000000001 0.0064999999999999988 4.4672034790902764
-0.024500000000000001 0.0064999999999999988 7.7609078716880182
-0.024 0.0064999999999999988 13.225385927544549
-0.0235 0.0064999999999999988 22.106830495281141
-0.023 0.0064999999999999988 36.24681804833299
-0.022500000000000003 0.0064999999999999988 58.296357116635505
-0.022000000000000002 0.0064999999999999988 91.969531331786854
-0.021500000000000002 0.0064999999999999988 142.32485832457832
-0.021000000000000001 0.0064999999999999988 216.05064473763872
-0.020500000000000001 0.0064999999999999988 321.71633441037119
-0.02 0.0064999999999999988 469.93679633909159
-0.0195 0.0064999999999999988 673.38348725764877
-0.019 0.0064999999999999988 946.56927478491684
-0.018500000000000003 0.0064999999999999988 1305.3367979758634
-0.018000000000000002 0.0064999999999999988 1765.9976409074454
-0.017500000000000002 0.0064999999999999988 2344.1038684614623
-0.017000000000000001 0.0064999999999999988 3052.8843702460513
-0.016500000000000001 0.0064999999999999988 3901.4418102858112
-0.016 0.0064999999999999988 4892.8732441096008
-0.0155 0.0064999999999999988 6022.5362980425589
-0.015000000000000001 0.0064999999999999988 7276.7188791186327
-0.014500000000000001 0.0064999999999999988 8631.9703300348701
-0.014 0.0064999999999999988 10055.306926962709
-0.0135 0.0064999999999999988 11505.413674669901
-0.012999999999999999 0.0064999999999999988 12934.836458439162
-0.012500000000000001 0.0064999999999999988 14293.012566507059
-0.012 0.0064999999999999988 15529.84927553849
-0.0115 0.0064999999999999988 16599.457416996756
-0.010999999999999999 0.0064999999999999988 17463.602922956965
-0.010499999999999999 0.0064999999999999988 18094.466927740388
-0.010000000000000002 0.0064999999999999988 18476.40200253846
-0.0095000000000000015 0.0064999999999999988 18606.521188053983
-0.0090000000000000011 0.0064999999999999988 18494.128516175075
-0.0085000000000000006 0.0064999999999999988 18159.160478138787
-0.0080000000000000002 0.0064999999999999988 17629.92649523175
-0.0074999999999999997 0.0064999999999999988 16940.492844806966
-0.0069999999999999993 0.0064999999999999988 16128.044161943018
-0.0064999999999999988 0.0064999999999999988 15230.490876008464
-0.0059999999999999984 0.0064999999999999988 14284.492834863913
-0.0054999999999999979 0.0064999999999999988 13323.966658647401
-0.005000000000000001 0.0064999999999999988 12379.061466615443
-0.0044999999999999971 0.0064999999999999988 11475.539217544954
-0.0040000000000000001 0.0064999999999999988 10634.483967892475
-0.0035000000000000031 0.0064999999999999988 9872.2792912141394
-0.0029999999999999992 0.0064999999999999988 9200.818400694201
-0.0025000000000000022 0.0064999999999999988 8627.9301395638213
-0.0019999999999999983 0.0064999999999999988 8158.0043954576049
-0.0015000000000000013 0.0064999999999999988 7792.7802413746067
-0.00099999999999999742 0.0064999999999999988 7532.2262218683609
-0.00050000000000000044 0.0064999999999999988 7375.4081405182542
0 0.0064999999999999988 7321.2202618271676
0.00050000000000000044 0.0064999999999999988 7368.861763560978
0.0010000000000000009 0.0064999999999999988 7517.9743708549831
0.0015000000000000013 0.0064999999999999988 7768.4131146687259
0.0020000000000000018 0.0064999999999999988 8119.686713619516
0.0024999999999999988 0.0064999999999999988 8570.1610115778385
0.0030000000000000027 0.0064999999999999988 9116.1544635227874
0.0034999999999999996 0.0064999999999999988 9751.061882685779
0.0040000000000000036 0.0064999999999999988 10464.623414534013
0.0045000000000000005 0.0064999999999999988 11242.419743055545
0.0049999999999999975 0.0064999999999999988 12065.635845500934
0.0055000000000000014 0.0064999999999999988 12911.107275948672
0.0059999999999999984 0.0064999999999999988 13751.652321816526
0.0064999999999999988 0.0064999999999999988 14556.699229033316
0.0069999999999999993 0.0064999999999999988 15293.230543195705
0.0074999999999999997 0.0064999999999999988 15927.072132829257
0.0080000000000000002 0.0064999999999999988 16424.538986586966
0.0085000000000000006 0.0064999999999999988 16754.406165430872
0.0090000000000000011 0.0064999999999999988 16890.104440831299
0.0095000000000000015 0.0064999999999999988 16811.960175837929
0.010000000000000002 0.0064999999999999988 16509.229624741412
0.010500000000000002 0.0064999999999999988 15981.642288534998
0.011000000000000003 0.0064999999999999988 15240.183808574768
0.011500000000000003 0.0064999999999999988 14306.921945515252
0.012000000000000004 0.0064999999999999988 13213.80082456337
0.012499999999999997 0.0064999999999999988 12000.477094702424
0.013000000000000005 0.0064999999999999988 10711.417343104562
0.013499999999999998 0.0064999999999999988 9392.5890330121365
0.014000000000000005 0.0064999999999999988 8088.1345430696547
0.014499999999999999 0.0064999999999999988 6837.4093030025479
0.014999999999999999 0.0064999999999999988 5672.6947685017585
0.0155 0.0064999999999999988 4617.7819030597439
0.016000000000000007 0.0064999999999999988 3687.4855474355463
0.016500000000000001 0.0064999999999999988 2888.0206772713423
0.017000000000000001 0.0064999999999999988 2218.0698277552324
0.017500000000000002 0.0064999999999999988 1670.3102357589362
0.017999999999999995 0.0064999999999999988 1233.1529454684332
0.018500000000000003 0.0064999999999999988 892.46878416781726
0.019000000000000003 0.0064999999999999988 633.12620166316856
0.019500000000000003 0.0064999999999999988 440.22943786289363
0.019999999999999997 0.0064999999999999988 300.00912892829552
0.020499999999999997 0.0064999999999999988 200.37128118640533
0.021000000000000005 0.0064999999999999988 131.14884345050558
0.021500000000000005 0.0064999999999999988 84.121428234400156
0.021999999999999999 0.0064999999999999988 52.874901793934185
0.022499999999999999 0.0064999999999999988 32.567382890766496
0.023000000000000007 0.0064999999999999988 19.656118860668034
0.023500000000000007 0.0064999999999999988 11.624840195399212
0.024 0.0064999999999999988 6.7366564963409754
0.024500000000000001 0.0064999999999999988 3.8252945290833411
0.025000000000000001 0.0064999999999999988 2.1283553048033532
-0.025000000000000001 0.0069999999999999993 3.838970028945131
-0.024500000000000001 0.0069999999999999993 6.6965099665672927
-0.024 0.0069999999999999993 11.457780351368241
-0.0235 0.0069999999999999993 19.229638563400989
-0.023 0.0069999999999999993 31.656350263602373
-0.022500000000000003 0.0069999999999999993 51.117577682025768
-0.022000000000000002 0.0069999999999999993 80.965580524417703
-0.021500000000000002 0.0069999999999999993 125.79203212533776
-0.021000000000000001 0.0069999999999999993 191.70403373341082
-0.020500000000000001 0.0069999999999999993 286.57559648165505
-0.02 0.0069999999999999993 420.22649824050802
-0.0195 0.0069999999999999993 604.46753163810672
-0.019 0.0069999999999999993 852.94326649215441
-0.018500000000000003 0.0069999999999999993 1180.7046876998174
-0.018000000000000002 0.0069999999999999993 1603.458397182402
-0.017500000000000002 0.0069999999999999993 2136.4691579659825
-0.017000000000000001 0.0069999999999999993 2793.1385349781785
-0.016500000000000001 0.0069999999999999993 3583.3407404734808
-0.016 0.0069999999999999993 4511.6598658546018
-0.0155 0.0069999999999999993 5575.7291249006748
-0.015000000000000001 0.0069999999999999993 6764.9091357009693
-0.014500000000000001 0.0069999999999999993 8059.5459002796842
-0.014 0.0069999999999999993 9431.0113344943547
-0.0135 0.0069999999999999993 10842.648559613941
-0.012999999999999999 0.0069999999999999993 12251.628604067619
-0.012500000000000001 0.0069999999999999993 13611.591877978357
-0.012 0.0069999999999999993 14875.820711791344
-0.0115 0.0069999999999999993 16000.594232230809
-0.010999999999999999 0.0069999999999999993 16948.335494532475
-0.010499999999999999 0.0069999999999999993 17690.184645569061
-0.010000000000000002 0.0069999999999999993 18207.718643236269
-0.0095000000000000015 0.0069999999999999993 18493.671125187433
-0.0090000000000000011 0.0069999999999999993 18551.658015011246
-0.0085000000000000006 0.0069999999999999993 18395.05378385599
-0.0080000000000000002 0.0069999999999999993 18045.262178452311
-0.0074999999999999997 0.0069999999999999993 17529.666862687664
-0.0069999999999999993 0.0069999999999999993 16879.530021542101
-0.0064999999999999988 0.0069999999999999993 16128.04357815271
-0.0059999999999999984 0.0069999999999999993 15308.651627970499
-0.0054999999999999979 0.0069999999999999993 14453.680305469376
-0.005000000000000001 0.0069999999999999993 13593.253925886223
-0.0044999999999999971 0.0069999999999999993 12754.454317431935
-0.0040000000000000001 0.0069999999999999993 11960.691052027032
-0.0035000000000000031 0.0069999999999999993 11231.279999928467
-0.0029999999999999992 0.0069999999999999993 10581.256976909934
-0.0025000000000000022 0.0069999999999999993 10021.46451796791
-0.0019999999999999983 0.0069999999999999993 9558.9331435631575
-0.0015000000000000013 0.0069999999999999993 9197.5352621276288
-0.00099999999999999742 0.0069999999999999993 8938.832182103577
-0.00050000000000000044 0.0069999999999999993 8782.9812929678119
0 0.0069999999999999993 8729.5403053985337
0.00050000000000000044 0.0069999999999999993 8778.0113838378293
0.0010000000000000009 0.0069999999999999993 8928.0123950774432
0.0015000000000000013 0.0069999999999999993 9179.0361127084398
0.0020000000000000018 0.0069999999999999993 9529.8429463365537
0.0024999999999999988 0.0069999999999999993 9977.6070807194319
0.0030000000000000027 0.0069999999999999993 10516.981412414563
0.0034999999999999996 0.0069999999999999993 11139.253599785368
0.0040000000000000036 0.0069999999999999993 11831.73552128546
0.0045000000000000005 0.0069999999999999993 12577.473582560915
0.0049999999999999975 0.0069999999999999993 13355.305994364218
0.0055000000000000014 0.0069999999999999993 14140.24378495364
0.0059999999999999984 0.0069999999999999993 14904.127270772437
0.0064999999999999988 0.0069999999999999993 15616.511278704967
0.0069999999999999993 0.0069999999999999993 16245.75230713263
0.0074999999999999997 0.0069999999999999993 16760.293378416722
0.0080000000000000002 0.0069999999999999993 17130.150442070997
0.0085000000000000006 0.0069999999999999993 17328.58582307832
0.0090000000000000011 0.0069999999999999993 17333.907502202637
0.0095000000000000015 0.0069999999999999993 17131.267887926748
0.010000000000000002 0.0069999999999999993 16714.271500722611
0.010500000000000002 0.0069999999999999993 16086.160536818948
0.011000000000000003 0.0069999999999999993 15260.349753952429
0.011500000000000003 0.0069999999999999993 14260.136411839178
0.012000000000000004 0.0069999999999999993 13117.512197463046
0.012499999999999997 0.0069999999999999993 11871.134057341413
0.013000000000000005 0.0069999999999999993 10563.642862764522
0.013499999999999998 0.0069999999999999993 9238.6244490020235
0.014000000000000005 0.0069999999999999993 7937.5641873526902
0.014499999999999999 0.0069999999999999993 6697.1426517707159
0.014999999999999999 0.0069999999999999993 5547.1585961135643
0.0155 0.0069999999999999993 4509.2611016611572
0.016000000000000007 0.0069999999999999993 3596.5479867243403
0.016500000000000001 0.0069999999999999993 2813.9669365578761
0.017000000000000001 0.0069999999999999993 2159.3601192767796
0.017500000000000002 0.0069999999999999993 1624.9353509844229
0.017999999999999995 0.0069999999999999993 1198.9308647766709
0.018500000000000003 0.0069999999999999993 867.26161457807132
0.019000000000000003 0.0069999999999999993 614.98208567352447
0.019500000000000003 0.0069999999999999993 427.46054802845202
0.019999999999999997 0.0069999999999999993 291.22001553823418
0.020499999999999997 0.0069999999999999993 194.452290440502
0.021000000000000005 0.0069999999999999993 127.24788644421092
0.021500000000000005 0.0069999999999999993 81.604879370573627
0.021999999999999999 0.0069999999999999993 51.285536502896804
0.022499999999999999 0.0069999999999999993 31.584534481987468
0.023000000000000007 0.0069999999999999993 19.060945522372144
0.023500000000000007 0.0069999999999999993 11.271872056560717
0.024 0.0069999999999999993 6.5316363403246536
0.024500000000000001 0.0069999999999999993 3.7086525897095903
0.025000000000000001 0.0069999999999999993 2.0633523138500722
-0.025000000000000001 0.0074999999999999997 3.2813174890949894
-0.024500000000000001 0.0074999999999999997 5.7465617377619127
-0.024 0.0074999999999999997 9.871268000415979
-0.0235 0.0074999999999999997 16.631872007647619
-0.023 0.0074999999999999997 27.485982384640003
-0.022500000000000003 0.0074999999999999997 44.553574438862945
-0.022000000000000002 0.0074999999999999997 70.836182584484462
-0.021500000000000002 0.0074999999999999997 110.46647716428004
-0.021000000000000001 0.0074999999999999997 168.97085665167134
-0.020500000000000001 0.0074999999999999997 253.51547627129776
-0.02 0.0074999999999999997 373.09270477554753
-0.0195 0.0074999999999999997 538.592591019628
-0.019 0.0074999999999999997 762.69573379103736
-0.018500000000000003 0.0074999999999999997 1059.5238070580929
-0.018000000000000002 0.0074999999999999997 1443.9956451609669
-0.017500000000000002 0.0074999999999999997 1930.8628849275058
-0.017000000000000001 0.0074999999999999997 2533.4400610973348
-0.016500000000000001 0.0074999999999999997 3262.0968034299376
-0.016 0.0074999999999999997 4122.6375897577054
-0.0155 0.0074999999999999997 5114.747089802122
-0.015000000000000001 0.0074999999999999997 6230.7142017689375
-0.014500000000000001 0.0074999999999999997 7454.6536587103037
-0.014 0.0074999999999999997 8762.412434054093
-0.0135 0.0074999999999999997 10122.27762174821
-0.012999999999999999 0.0074999999999999997 11496.500083305162
-0.012500000000000001 0.0074999999999999997 12843.529562166381
-0.012 0.0074999999999999997 14120.743941694818
-0.0115 0.0074999999999999997 15287.371266234701
-0.010999999999999999 0.0074999999999999997 16307.267358057701
-0.010499999999999999 0.0074999999999999997 17151.234164697868
-0.010000000000000002 0.0074999999999999997 17798.641301041658
-0.0095000000000000015 0.0074999999999999997 18238.2295434302
-0.0090000000000000011 0.0074999999999999997 18468.104748048409
-0.0085000000000000006 0.0074999999999999997 18495.04523358844
-0.0080000000000000002 0.0074999999999999997 18333.321110209501
-0.0074999999999999997 0.0074999999999999997 18003.247494519099
-0.0069999999999999993 0.0074999999999999997 17529.666660677631
-0.0064999999999999988 0.0074999999999999997 16940.492144467495
-0.0059999999999999984 0.0074999999999999997 16265.374373340192
-0.0054999999999999979 0.0074999999999999997 15534.487197676341
-0.005000000000000001 0.0074999999999999997 14777.405564320463
-0.0044999999999999971 0.0074999999999999997 14022.052058338271
-0.0040000000000000001 0.0074999999999999997 13293.726099653742
-0.0035000000000000031 0.0074999999999999997 12614.275734010795
-0.0029999999999999992 0.0074999999999999997 12001.505862802976
-0.0025000000000000022 0.0074999999999999997 11468.920042616306
-0.0019999999999999983 0.0074999999999999997 11025.857740119987
-0.0015000000000000013 0.0074999999999999997 10678.020734006694
-0.00099999999999999742 0.0074999999999999997 10428.298896124001
-0.00050000000000000044 0.0074999999999999997 10277.731269602469
0 0.0074999999999999997 10226.396700957041
0.00050000000000000044 0.0074999999999999997 10274.034411901199
0.0010000000000000009 0.0074999999999999997 10420.250617584592
0.0015000000000000013 0.0074999999999999997 10664.260175974623
0.0020000000000000018 0.0074999999999999997 11004.21905079269
0.0024999999999999988 0.0074999999999999997 11436.296769150034
0.0030000000000000027 0.0074999999999999997 11953.694603201753
0.0034999999999999996 0.0074999999999999997 12545.822066712008
0.0040000000000000036 0.0074999999999999997 13197.802766957959
0.0045000000000000005 0.0074999999999999997 13890.405266501177
0.0049999999999999975 0.0074999999999999997 14600.408436175561
0.0055000000000000014 0.0074999999999999997 15301.338022425432
0.0059999999999999984 0.0074999999999999997 15964.469679482421
0.0064999999999999988 0.0074999999999999997 16559.989790963176
0.0069999999999999993 0.0074999999999999997 17058.23228167215
0.0074999999999999997 0.0074999999999999997 17430.950453247286
0.0080000000000000002 0.0074999999999999997 17652.616940036012
0.0085000000000000006 0.0074999999999999997 17701.755016233732
0.0090000000000000011 0.0074999999999999997 17562.283284565041
0.0095000000000000015 0.0074999999999999997 17224.80841878321
0.010000000000000002 0.0074999999999999997 16687.743410186577
0.010500000000000002 0.0074999999999999997 15958.083802314082
0.011000000000000003 0.0074999999999999997 15051.662291347633
0.011500000000000003 0.0074999999999999997 13992.734940143495
0.012000000000000004 0.0074999999999999997 12812.82940998117
0.012499999999999997 0.0074999999999999997 11548.8932358927
0.013000000000000005 0.0074999999999999997 10240.895016057251
0.013499999999999998 0.0074999999999999997 8929.1272579795259
0.014000000000000005 0.0074999999999999997 7651.5145397564766
0.014499999999999999 0.0074999999999999997 6441.2325256962977
0.014999999999999999 0.0074999999999999997 5324.8927183662136
0.0155 0.0074999999999999997 4321.4568259852804
0.016000000000000007 0.0074999999999999997 3441.9333134006692
0.016500000000000001 0.0074999999999999997 2689.7995243910318
0.017000000000000001 0.0074999999999999997 2062.0051604371533
0.017500000000000002 0.0074999999999999997 1550.3594100469495
0.017999999999999995 0.0074999999999999997 1143.088589430854
0.018500000000000003 0.0074999999999999997 826.36975766333956
0.019000000000000003 0.0074999999999999997 585.68875018138249
0.019500000000000003 0.0074999999999999997 406.92627410691733
0.019999999999999997 0.0074999999999999997 277.13147155816387
0.020499999999999997 0.0074999999999999997 184.98972569972838
0.021000000000000005 0.0074999999999999997 121.02527087372553
0.021500000000000005 0.0074999999999999997 77.597945429344563
0.021999999999999999 0.0074999999999999997 48.75873681127932
0.022499999999999999 0.0074999999999999997 30.02395643284418
0.023000000000000007 0.0074999999999999997 18.116913896586137
0.023500000000000007 0.0074999999999999997 10.712502130594718
0.024 0.0074999999999999997 6.2069649018102204
0.024500000000000001 0.0074999999999999997 3.5240495619775185
0.025000000000000001 0.0074999999999999997 1.9605275404504039
-0.025000000000000001 0.0080000000000000002 2.7882130826621467
-0.024500000000000001 0.0080000000000000002 4.9015566709994971
-0.024 0.0080000000000000002 8.4513075167753531
-0.0235 0.0080000000000000002 14.291987007897424
-0.023 0.0080000000000000002 23.704891815375532
-0.022500000000000003 0.0080000000000000002 38.56194710687933
-0.022000000000000002 0.0080000000000000002 61.525621160579149
-0.021500000000000002 0.0080000000000000002 96.278993430267548
-0.021000000000000001 0.0080000000000000002 147.77140668379167
-0.020500000000000001 0.0080000000000000002 222.45413249164267
-0.02 0.0080000000000000002 328.46818544720031
-0.0195 0.0080000000000000002 475.73479719249224
-0.019 0.0080000000000000002 675.8909661964052
-0.018500000000000003 0.0080000000000000002 942.01139846428771
-0.018000000000000002 0.0080000000000000002 1288.0674969721367
-0.017500000000000002 0.0080000000000000002 1728.0963535315666
-0.017000000000000001 0.0080000000000000002 2275.0884387365218
-0.016500000000000001 0.0080000000000000002 2939.6493843916933
-0.016 0.0080000000000000002 3728.5429364121678
-0.0155 0.0080000000000000002 4643.2696759175051
-0.015000000000000001 0.0080000000000000002 5678.868457978987
-0.014500000000000001 0.0080000000000000002 6823.1341254380914
-0.014 0.0080000000000000002 8056.4186273843679
-0.0135 0.0080000000000000002 9352.1219205968519
-0.012999999999999999 0.0080000000000000002 10677.890386638068
-0.012500000000000001 0.0080000000000000002 11997.438024786281
-0.012 0.0080000000000000002 13272.80882480324
-0.0115 0.0080000000000000002 14466.828088271281
-0.010999999999999999 0.0080000000000000002 15545.462575018939
-0.010499999999999999 0.0080000000000000002 16479.831806603393
-0.010000000000000002 0.0080000000000000002 17247.681478431416
-0.0095000000000000015 0.0080000000000000002 17834.22899248491
-0.0090000000000000011 0.0080000000000000002 18232.397018010473
-0.0085000000000000006 0.0080000000000000002 18442.538500174938
-0.0080000000000000002 0.0080000000000000002 18471.805974219329
-0.0074999999999999997 0.0080000000000000002 18333.321043103293
-0.0069999999999999993 0.0080000000000000002 18045.261941008139
-0.0064999999999999988 0.0080000000000000002 17629.925865978003
-0.0059999999999999984 0.0080000000000000002 17112.76235890765
-0.0054999999999999979 0.0080000000000000002 16521.337234742685
-0.005000000000000001 0.0080000000000000002 15884.187350186141
-0.0044999999999999971 0.0080000000000000002 15229.56507875587
-0.0040000000000000001 0.0080000000000000002 14584.134019412502
-0.0035000000000000031 0.0080000000000000002 13971.740760496043
-0.0029999999999999992 0.0080000000000000002 13412.425983996745
-0.0025000000000000022 0.0080000000000000002 12921.832860591578
-0.0019999999999999983 0.0080000000000000002 12511.115784632742
-0.0015000000000000013 0.0080000000000000002 12187.358090565718
-0.00099999999999999742 0.0080000000000000002 11954.397021471617
-0.00050000000000000044 0.0080000000000000002 11813.85824131106
0 0.0080000000000000002 11766.148776553815
0.00050000000000000044 0.0080000000000000002 11811.163892199143
0.0010000000000000009 0.0080000000000000002 11948.531263607128
0.0015000000000000013 0.0080000000000000002 12177.329100999674
0.0020000000000000018 0.0080000000000000002 12495.345044159823
0.0024999999999999988 0.0080000000000000002 12898.056319811698
0.0030000000000000027 0.0080000000000000002 13377.58011346137
0.0034999999999999996 0.0080000000000000002 13921.850260888621
0.0040000000000000036 0.0080000000000000002 14514.223039021737
0.0045000000000000005 0.0080000000000000002 15133.618075831995
0.0049999999999999975 0.0080000000000000002 15755.188050357769
0.0055000000000000014 0.0080000000000000002 16351.413119712373
0.0059999999999999984 0.0080000000000000002 16893.456569997081
0.0064999999999999988 0.0080000000000000002 17352.607597034563
0.0069999999999999993 0.0080000000000000002 17701.670463315106
0.0074999999999999997 0.0080000000000000002 17916.218695784562
0.0080000000000000002 0.0080000000000000002 17975.694188322184
0.0085000000000000006 0.0080000000000000002 17864.371590508035
0.0090000000000000011 0.0080000000000000002 17572.214924755244
0.0095000000000000015 0.0080000000000000002 17095.625960441826
0.010000000000000002 0.0080000000000000002 16438.035290365573
0.010500000000000002 0.0080000000000000002 15610.238254715525
0.011000000000000003 0.0080000000000000002 14630.350696288597
0.011500000000000003 0.0080000000000000002 13523.269391310847
0.012000000000000004 0.0080000000000000002 12319.572687049134
0.012499999999999997 0.0080000000000000002 11053.879327692863
0.013000000000000005 0.0080000000000000002 9762.7785075157335
0.013499999999999998 0.0080000000000000002 8482.5283676996405
0.014000000000000005 0.0080000000000000002 7246.7724368095278
0.014499999999999999 0.0080000000000000002 6084.531087296943
0.014999999999999999 0.0080000000000000002 5018.6863502060978
0.0155 0.0080000000000000002 4065.102732388003
0.016000000000000007 0.0080000000000000002 3232.4310731261735
0.016500000000000001 0.0080000000000000002 2522.5468637832078
0.017000000000000001 0.0080000000000000002 1931.49658085036
0.017500000000000002 0.0080000000000000002 1450.7772673050913
0.017999999999999995 0.0080000000000000002 1068.7599866783912
0.018500000000000003 0.0080000000000000002 772.08373105349131
0.019000000000000003 0.0080000000000000002 546.88448349412943
0.019500000000000003 0.0080000000000000002 379.77356397510681
0.019999999999999997 0.0080000000000000002 258.52958234412955
0.020499999999999997 0.0080000000000000002 172.51109705035969
0.021000000000000005 0.0080000000000000002 112.82763635237244
0.021500000000000005 0.0080000000000000002 72.323703168596353
0.021999999999999999 0.0080000000000000002 45.435105587858793
0.022499999999999999 0.0080000000000000002 27.9724501517892
0.023000000000000007 0.0080000000000000002 16.876513933370692
0.023500000000000007 0.0080000000000000002 9.9778233964977066
0.024 0.0080000000000000002 5.7806848968868447
0.024500000000000001 0.0080000000000000002 3.2817421715150417
0.025000000000000001 0.0080000000000000002 1.8255930651440169
-0.025000000000000001 0.0085000000000000006 2.3532908094751175
-0.024500000000000001 0.0085000000000000006 4.1516126077717468
-0.024 0.0085000000000000006 7.1830638939747402
-0.0235 0.0085000000000000006 12.188526870083352
-0.023 0.0085000000000000006 20.283342231943084
-0.022500000000000003 0.0085000000000000006 33.103549264180067
-0.022000000000000002 0.0085000000000000006 52.985667859712215
-0.021500000000000002 0.0085000000000000006 83.17556832474861
-0.021000000000000001 0.0085000000000000006 128.05441459317404
-0.020500000000000001 0.0085000000000000006 193.3599423421156
-0.02 0.0085000000000000006 286.37032339469465
-0.0195 0.0085000000000000006 416.00726568111662
-0.019 0.0085000000000000006 592.80730961742313
-0.018500000000000003 0.0085000000000000006 828.7085759667915
-0.018000000000000002 0.0085000000000000006 1136.6075842525277
-0.017500000000000002 0.0085000000000000006 1529.659481830409
-0.017000000000000001 0.0085000000000000006 2020.3256270119382
-0.016500000000000001 0.0085000000000000006 2619.2128533163195
-0.016 0.0085000000000000006 3333.7937255856718
-0.0155 0.0085000000000000006 4167.138695063476
-0.015000000000000001 0.0085000000000000006 5116.8196580399217
-0.014500000000000001 0.0085000000000000006 6174.1508274442122
-0.014 0.0085000000000000006 7323.9108041200889
-0.0135 0.0085000000000000006 8544.6384034363964
-0.012999999999999999 0.0085000000000000006 9809.5200798992537
-0.012500000000000001 0.0085000000000000006 11087.801243736041
-0.012 0.0085000000000000006 12346.574382962399
-0.0115 0.0085000000000000006 13552.741269700555
-0.010999999999999999 0.0085000000000000006 14674.928071840677
-0.010499999999999999 0.0085000000000000006 15685.15598924342
-0.010000000000000002 0.0085000000000000006 16560.130546687808
-0.0095000000000000015 0.0085000000000000006 17282.094429149147
-0.0090000000000000011 0.0085000000000000006 17839.270140511355
-0.0085000000000000006 0.0085000000000000006 18225.978153053275
-0.0080000000000000002 0.0085000000000000006 18442.538478774328
-0.0074999999999999997 0.0085000000000000006 18495.045156304703
-0.0069999999999999993 0.0085000000000000006 18395.053574822643
-0.0064999999999999988 0.0085000000000000006 18159.159976793373
-0.0059999999999999984 0.0085000000000000006 17808.405360211622
-0.0054999999999999979 0.0085000000000000006 17367.423108093059
-0.005000000000000001 0.0085000000000000006 16863.280805773829
-0.0044999999999999971 0.0085000000000000006 16324.036643320387
-0.0040000000000000001 0.0085000000000000006 15777.120006479683
-0.0035000000000000031 0.0085000000000000006 15247.725965928357
-0.0029999999999999992 0.0085000000000000006 14757.4558694113
-0.0025000000000000022 0.0085000000000000006 14323.42170673134
-0.0019999999999999983 0.0085000000000000006 13957.95687117568
-0.0015000000000000013 0.0085000000000000006 13668.955022824444
-0.00099999999999999742 0.0085000000000000006 13460.721414658998
-0.00050000000000000044 0.0085000000000000006 13335.103553573566
0 0.0085000000000000006 13292.603235804418
0.00050000000000000044 0.0085000000000000006 13333.179523535544
0.0010000000000000009 0.0085000000000000006 13456.532687119154
0.0015000000000000013 0.0085000000000000006 13661.793338731339
0.0020000000000000018 0.0085000000000000006 13946.695012696558
0.0024999999999999988 0.0085000000000000006 14306.442920107722
0.0030000000000000027 0.0085000000000000006 14732.572493565689
0.0034999999999999996 0.0085000000000000006 15212.099246498388
0.0040000000000000036 0.0085000000000000006 15727.196696369452
0.0045000000000000005 0.0085000000000000006 16255.521054576784
0.0049999999999999975 0.0085000000000000006 16771.162629010498
0.0055000000000000014 0.0085000000000000006 17246.080591617851
0.0059999999999999984 0.0085000000000000006 17651.799475877648
0.0064999999999999988 0.0085000000000000006 17961.127480863393
0.0069999999999999993 0.0085000000000000006 18149.695495215925
0.0074999999999999997 0.0085000000000000006 18197.193091915004
0.0080000000000000002 0.0085000000000000006 18088.265911028244
0.0085000000000000006 0.0085000000000000006 17813.110163426481
0.0090000000000000011 0.0085000000000000006 17367.835250218293
0.0095000000000000015 0.0085000000000000006 16754.659282181688
0.010000000000000002 0.0085000000000000006 15981.963604950643
0.010500000000000002 0.0085000000000000006 15064.180738744884
0.011000000000000003 0.0085000000000000006 14021.448262917213
0.011500000000000003 0.0085000000000000006 12878.947637108591
0.012000000000000004 0.0085000000000000006 11665.870106647293
0.012499999999999997 0.0085000000000000006 10414.007611049115
0.013000000000000005 0.0085000000000000006 9156.0402706958685
0.013499999999999998 0.0085000000000000006 7923.6631522170937
0.014000000000000005 0.0085000000000000006 6745.7438605912484
0.014499999999999999 0.0085000000000000006 5646.7156761221386
0.014999999999999999 0.0085000000000000006 4645.3847573798239
0.0155 0.0085000000000000006 3754.270681255457
0.016000000000000007 0.0085000000000000006 2979.5211025763397
0.016500000000000001 0.0085000000000000006 2321.3606651807031
0.017000000000000001 0.0085000000000000006 1774.967275909964
0.017500000000000002 0.0085000000000000006 1331.626402280026
0.017999999999999995 0.0085000000000000006 980.00047068180913
0.018500000000000003 0.0085000000000000006 707.36352274282558
0.019000000000000003 0.0085000000000000006 500.68400357626842
0.019500000000000003 0.0085000000000000006 347.48151510954574
0.019999999999999997 0.0085000000000000006 236.42728795341188
0.020499999999999997 0.0085000000000000006 157.69570716410806
0.021000000000000005 0.0085000000000000006 103.10112867263356
0.021500000000000005 0.0085000000000000006 66.069137005528574
0.021999999999999999 0.0085000000000000006 41.495458535219669
0.022499999999999999 0.0085000000000000006 25.541607814563083
0.023000000000000007 0.0085000000000000006 15.407209403484154
0.023500000000000007 0.0085000000000000006 9.1077901012048574
0.024 0.0085000000000000006 5.275976902848841
0.024500000000000001 0.0085000000000000006 2.9949058769147761
0.025000000000000001 0.0085000000000000006 1.6658855208601162
-0.025000000000000001 0.0090000000000000011 1.9706159466395163
-0.024500000000000001 0.0090000000000000011 3.4876778771196633
-0.024 0.0090000000000000011 6.0532559389086904
-0.0235 0.0090000000000000011 10.302863575327937
-0.023 0.0090000000000000011 17.196613485566115
-0.022500000000000003 0.0090000000000000011 28.147907154175883
-0.022000000000000002 0.0090000000000000011 45.182723904411318
-0.021500000000000002 0.0090000000000000011 71.12628097104502
-0.021000000000000001 0.0090000000000000011 109.80736090122213
-0.020500000000000001 0.0090000000000000011 166.26218273344395
-0.02 0.0090000000000000011 246.9100552429818
-0.0195 0.0090000000000000011 359.66363156975365
-0.019 0.0090000000000000011 513.92953565645314
-0.018500000000000003 0.0090000000000000011 720.45310543210928
-0.018000000000000002 0.0090000000000000011 990.96668032685352
-0.017500000000000002 0.0090000000000000011 1337.6162565004443
-0.017000000000000001 0.0090000000000000011 1772.166930108102
-0.016500000000000001 0.0090000000000000011 2305.021567721793
-0.016 0.0090000000000000011 2944.125153338724
-0.0155 0.0090000000000000011 3693.8624366694939
-0.015000000000000001 0.0090000000000000011 4554.0806787086221
-0.014500000000000001 0.0090000000000000011 5519.3747448352724
-0.014 0.0090000000000000011 6578.7534864467325
-0.0135 0.0090000000000000011 7715.763939184998
-0.012999999999999999 0.0090000000000000011 8909.0888764085921
-0.012500000000000001 0.0090000000000000011 10133.564758889119
-0.012 0.0090000000000000011 11361.505649870398
-0.0115 0.0090000000000000011 12564.178672271582
-0.010999999999999999 0.0090000000000000011 13713.268278549611
-0.010499999999999999 0.0090000000000000011 14782.192406606724
-0.010000000000000002 0.0090000000000000011 15747.186523410752
-0.0095000000000000015 0.0090000000000000011 16588.136368783929
-0.0090000000000000011 0.0090000000000000011 17289.197363024592
-0.0085000000000000006 0.0090000000000000011 17839.270133959515
-0.0080000000000000002 0.0090000000000000011 18232.396993862072
-0.0074999999999999997 0.0090000000000000011 18468.104681386303
-0.0069999999999999993 0.0090000000000000011 18551.657851832475
-0.0064999999999999988 0.0090000000000000011 18494.128143105281
-0.0059999999999999984 0.0090000000000000011 18312.149796212725
-0.0054999999999999979 0.0090000000000000011 18027.243369832428
-0.005000000000000001 0.0090000000000000011 17664.649690046168
-0.0044999999999999971 0.0090000000000000011 17251.716192872002
-0.0040000000000000001 0.0090000000000000011 16815.992117069727
-0.0035000000000000031 0.0090000000000000011 16383.284554438762
-0.0029999999999999992 0.0090000000000000011 15975.972894257317
-0.0025000000000000022 0.0090000000000000011 15611.855042459381
-0.0019999999999999983 0.0090000000000000011 15303.70382713923
-0.0015000000000000013 0.0090000000000000011 15059.565349565361
-0.00099999999999999742 0.0090000000000000011 14883.667827739464
-0.00050000000000000044 0.0090000000000000011 14777.671624656035
0 0.0090000000000000011 14741.915798778327
0.00050000000000000044 0.0090000000000000011 14776.325433677348
0.0010000000000000009 0.0090000000000000011 14880.737090113287
0.0015000000000000013 0.0090000000000000011 15054.554515884054
0.0020000000000000018 0.0090000000000000011 15295.824214041582
0.0024999999999999988 0.0090000000000000011 15599.975451740884
0.0030000000000000027 0.0090000000000000011 15958.562679540961
0.0034999999999999996 0.0090000000000000011 16358.357517256842
0.0040000000000000036 0.0090000000000000011 16781.062148010737
0.0045000000000000005 0.0090000000000000011 17203.777717046014
0.0049999999999999975 0.0090000000000000011 17600.1971315718
0.0055000000000000014 0.0090000000000000011 17942.343343438733
0.0059999999999999984 0.0090000000000000011 18202.576959752903
0.0064999999999999988 0.0090000000000000011 18355.570244195223
0.0069999999999999993 0.0090000000000000011 18379.987541708557
0.0074999999999999997 0.0090000000000000011 18259.705771732341
0.0080000000000000002 0.0090000000000000011 17984.522207464768
0.0085000000000000006 0.0090000000000000011 17550.397740056371
0.0090000000000000011 0.0090000000000000011 16959.347317126085
0.0095000000000000015 0.0090000000000000011 16219.104481204391
0.010000000000000002 0.0090000000000000011 15342.658992259096
0.010500000000000002 0.0090000000000000011 14347.713077443257
0.011000000000000003 0.0090000000000000011 13256.046402516717
0.011500000000000003 0.0090000000000000011 12092.743771688754
0.012000000000000004 0.0090000000000000011 10885.235561658908
0.012499999999999997 0.0090000000000000011 9662.129858239854
0.013000000000000005 0.0090000000000000011 8451.8670001798419
0.013499999999999998 0.0090000000000000011 7281.2846095172317
0.014000000000000005 0.0090000000000000011 6174.2259540414825
0.014499999999999999 0.0090000000000000011 5150.3428542089232
0.014999999999999999 0.0090000000000000011 4224.2306255565791
0.0155 0.0090000000000000011 3404.9900258474077
0.016000000000000007 0.0090000000000000011 2696.2503282752396
0.016500000000000001 0.0090000000000000011 2096.6225714862117
0.017000000000000001 0.0090000000000000011 1600.4964300264057
0.017500000000000002 0.0090000000000000011 1199.0579492472166
0.017999999999999995 0.0090000000000000011 881.39298380383445
0.018500000000000003 0.0090000000000000011 635.55130414497671
0.019000000000000003 0.0090000000000000011 449.47338836725265
0.019500000000000003 0.0090000000000000011 311.71804579180736
0.019999999999999997 0.0090000000000000011 211.9662849115636
0.020499999999999997 0.0090000000000000011 141.30889681290418
0.021000000000000005 0.0090000000000000011 92.348232025350413
0.021500000000000005 0.0090000000000000011 59.157380764492899
0.021999999999999999 0.0090000000000000011 37.143339991372272
0.022499999999999999 0.0090000000000000011 22.857024392640206
0.023000000000000007 0.0090000000000000011 13.784917256900062
0.023500000000000007 0.0090000000000000011 8.1473566632618457
0.024 0.0090000000000000011 4.7189195448325307
0.024500000000000001 0.0090000000000000011 2.6783619437420736
0.025000000000000001 0.0090000000000000011 1.4896573441491741
-0.025000000000000001 0.0095000000000000015 1.635059687277316
-0.024500000000000001 0.0095000000000000015 2.9020787123442111
-0.024 0.0095000000000000015 5.0509129769497481
-0.0235 0.0095000000000000015 8.6201691942028908
-0.023 0.0095000000000000015 14.426116123677849
-0.022500000000000003 0.0095000000000000015 23.674249904622183
-0.022000000000000002 0.0095000000000000015 38.098257197034926
-0.021500000000000002 0.0095000000000000015 60.124167698918136
-0.021000000000000001 0.0095000000000000015 93.052056202050835
-0.020500000000000001 0.0095000000000000015 141.24052312777309
-0.02 0.0095000000000000015 210.27094330179369
-0.0195 0.0095000000000000015 307.06032206883623
-0.019 0.0095000000000000015 439.88534099894633
-0.018500000000000003 0.0095000000000000015 618.2780480911714
-0.018000000000000002 0.0095000000000000015 852.75791476813504
-0.017500000000000002 0.0095000000000000015 1154.3773335585815
-0.017000000000000001 0.0095000000000000015 1534.0784702929677
-0.016500000000000001 0.0095000000000000015 2001.8872031952778
-0.016 0.0095000000000000015 2566.0009493652128
-0.0155 0.0095000000000000015 3231.8557975229937
-0.015000000000000001 0.0095000000000000015 4001.277799401365
-0.014500000000000001 0.0095000000000000015 4871.8273078374687
-0.014 0.0095000000000000015 5836.4300739198188
-0.0135 0.0095000000000000015 6883.354689824313
-0.012999999999999999 0.0095000000000000015 7996.5480808713746
-0.012500000000000001 0.0095000000000000015 9156.2887583150277
-0.012 0.0095000000000000015 10340.073554824554
-0.0115 0.0095000000000000015 11523.628946329864
-0.010999999999999999 0.0095000000000000015 12681.939837769811
-0.010499999999999999 0.0095000000000000015 13790.216670609108
-0.010000000000000002 0.0095000000000000015 14824.767525022018
-0.0095000000000000015 0.0095000000000000015 15763.790577511787
-0.0090000000000000011 0.0095000000000000015 16588.136366858296
-0.0085000000000000006 0.0095000000000000015 17282.094421905411
-0.0080000000000000002 0.0095000000000000015 17834.228972076173
-0.0074999999999999997 0.0095000000000000015 18238.229492442671
-0.0069999999999999993 0.0095000000000000015 18493.67100621303
-0.0064999999999999988 0.0095000000000000015 18606.520922936226
-0.0059999999999999984 0.0095000000000000015 18589.208288861231
-0.0054999999999999979 0.0095000000000000015 18460.104016162488
-0.005000000000000001 0.0095000000000000015 18242.348529425602
-0.0044999999999999971 0.0095000000000000015 17962.090624890563
-0.0040000000000000001 0.0095000000000000015 17646.337940376543
-0.0035000000000000031 0.0095000000000000015 17320.728121010641
-0.0029999999999999992 0.0095000000000000015 17007.576964615779
-0.0025000000000000022 0.0095000000000000015 16724.525884002076
-0.0019999999999999983 0.0095000000000000015 16483.997142558535
-0.0015000000000000013 0.0095000000000000015 16293.494833449247
-0.00099999999999999742 0.0095000000000000015 16156.602790331217
-0.00050000000000000044 0.0095000000000000015 16074.374521560336
0 0.0095000000000000015 16046.725838985831
0.00050000000000000044 0.0095000000000000015 16073.451656187301
0.0010000000000000009 0.0095000000000000015 16154.593657663216
0.0015000000000000013 0.0095000000000000015 16290.059715425343
0.0020000000000000018 0.0095000000000000015 16478.595366587779
0.0024999999999999988 0.0095000000000000015 16716.381970476079
0.0030000000000000027 0.0095000000000000015 16995.641596935278
0.0034999999999999996 0.0095000000000000015 17303.639684205082
0.0040000000000000036 0.0095000000000000015 17622.392111414661
0.0045000000000000005 0.0095000000000000015 17929.22696729947
0.0049999999999999975 0.0095000000000000015 18198.163836940585
0.0055000000000000014 0.0095000000000000015 18401.901802829609
0.0059999999999999984 0.0095000000000000015 18514.091921128307
0.0064999999999999988 0.0095000000000000015 18511.534186961337
0.0069999999999999993 0.0095000000000000015 18375.984446653889
0.0074999999999999997 0.0095000000000000015 18095.364073982444
0.0080000000000000002 0.0095000000000000015 17664.301331172523
0.0085000000000000006 0.0095000000000000015 17084.061353953628
0.0090000000000000011 0.0095000000000000015 16362.011552123593
0.0095000000000000015 0.0095000000000000015 15510.805112608145
0.010000000000000002 0.0095000000000000015 14547.448439655265
0.010500000000000002 0.0095000000000000015 13492.364482820181
0.011000000000000003 0.0095000000000000015 12368.496764785048
0.011500000000000003 0.0095000000000000015 11200.442301733887
0.012000000000000004 0.0095000000000000015 10013.572204287701
0.012499999999999997 0.0095000000000000015 8833.1021136735126
0.013000000000000005 0.0095000000000000015 7683.1050077523423
0.013499999999999998 0.0095000000000000015 6585.5025016896725
0.014000000000000005 0.0095000000000000015 5559.1109876936753
0.014499999999999999 0.0095000000000000015 4618.8418408451207
0.014999999999999999 0.0095000000000000015 3775.1529796940854
0.0155 0.0095000000000000015 3033.8227179726241
0.016000000000000007 0.0095000000000000015 2396.0732819544128
0.016500000000000001 0.0095000000000000015 1859.0217253800365
0.017000000000000001 0.0095000000000000015 1416.3917805105075
0.017500000000000002 0.0095000000000000015 1059.39031764884
0.017999999999999995 0.0095000000000000015 777.64095742901691
0.018500000000000003 0.0095000000000000015 560.07461800099361
0.019000000000000003 0.0095000000000000015 395.69818824418172
0.019500000000000003 0.0095000000000000015 274.19179033390037
0.019999999999999997 0.0095000000000000015 186.31565304012329
0.020499999999999997 0.0095000000000000015 124.13409180855363
0.021000000000000005 0.0095000000000000015 81.083155995498643
0.021500000000000005 0.0095000000000000015 51.919029105068866
0.021999999999999999 0.0095000000000000015 32.586952225209998
0.022499999999999999 0.0095000000000000015 20.04714753155347
0.023000000000000007 0.0095000000000000015 12.08726794939083
0.023500000000000007 0.0095000000000000015 7.1424868133421651
0.024 0.0095000000000000015 4.136174374799948
0.024500000000000001 0.0095000000000000015 2.3472617045176816
0.025000000000000001 0.0095000000000000015 1.3053441809873592
-0.025000000000000001 0.010000000000000002 1.3423584041611092
-0.024500000000000001 0.010000000000000002 2.3885427516245064
-0.024 0.010000000000000002 4.1672796655050997
-0.0235 0.010000000000000002 7.1290316307269297
-0.023 0.010000000000000002 11.958394729528548
-0.022500000000000003 0.010000000000000002 19.66932276552205
-0.022000000000000002 0.010000000000000002 31.724443517029243
-0.021500000000000002 0.010000000000000002 50.177093625606233
-0.021000000000000001 0.010000000000000002 77.830245911646287
-0.020500000000000001 0.010000000000000002 118.40060460439744
-0.02 0.010000000000000002 176.6692738002302
-0.0195 0.010000000000000002 258.59353700429699
-0.019 0.010000000000000002 371.34889927555611
-0.018500000000000003 0.010000000000000002 523.26847042914346
-0.018000000000000002 0.010000000000000002 723.64985823732741
-0.017500000000000002 0.010000000000000002 982.40935926890313
-0.017000000000000001 0.010000000000000002 1309.579676212431
-0.016500000000000001 0.010000000000000002 1714.6693714709033
-0.016 0.010000000000000002 2205.9267032791531
-0.0155 0.010000000000000002 2789.5727465222562
-0.015000000000000001 0.010000000000000002 3469.0834110844266
-0.014500000000000001 0.010000000000000002 4244.6023699557554
-0.014 0.010000000000000002 5112.5543836029456
-0.0135 0.010000000000000002 6065.5019147636931
-0.012999999999999999 0.010000000000000002 7092.2521591350978
-0.012500000000000001 0.010000000000000002 8178.1849759471988
-0.012 0.010000000000000002 9305.7444971869209
-0.0115 0.010000000000000002 10455.02687254324
-0.010999999999999999 0.010000000000000002 11604.407699214995
-0.010499999999999999 0.010000000000000002 12731.182600636206
-0.010000000000000002 0.010000000000000002 13812.233571987719
-0.0095000000000000015 0.010000000000000002 14824.767524478693
-0.0090000000000000011 0.010000000000000002 15747.186521324773
-0.0085000000000000006 0.010000000000000002 16560.130540689523
-0.0080000000000000002 0.010000000000000002 17247.681463136818
-0.0074999999999999997 0.010000000000000002 17798.641264617403
-0.0069999999999999993 0.010000000000000002 18207.718560396457
-0.0064999999999999988 0.010000000000000002 18476.401820607574
-0.0059999999999999984 0.010000000000000002 18613.288954711705
-0.0054999999999999979 0.010000000000000002 18633.695610938194
-0.005000000000000001 0.010000000000000002 18558.476291048228
-0.0044999999999999971 0.010000000000000002 18412.143044425189
-0.0040000000000000001 0.010000000000000002 18220.521478425624
-0.0035000000000000031 0.010000000000000002 18008.302581859523
-0.0029999999999999992 0.010000000000000002 17796.896131774407
-0.0025000000000000022 0.010000000000000002 17602.947880546606
-0.0019999999999999983 0.010000000000000002 17437.751745372821
-0.0015000000000000013 0.010000000000000002 17307.596892330999
-0.00099999999999999742 0.010000000000000002 17214.882671562045
-0.00050000000000000044 0.010000000000000002 17159.663042627788
0 0.010000000000000002 17141.190566490808
0.00050000000000000044 0.010000000000000002 17159.043163699414
0.0010000000000000009 0.010000000000000002 17213.533158359369
0.0015000000000000013 0.010000000000000002 17305.289559818892
0.0020000000000000018 0.010000000000000002 17434.12342947982
0.0024999999999999988 0.010000000000000002 17597.477699806499
0.0030000000000000027 0.010000000000000002 17788.879271305112
0.0034999999999999996 0.010000000000000002 17996.824459259886
0.0040000000000000036 0.010000000000000002 18204.437317908087
0.0045000000000000005 0.010000000000000002 18390.068872562944
0.0049999999999999975 0.010000000000000002 18528.797899563917
0.0055000000000000014 0.010000000000000002 18594.601798683372
0.0059999999999999984 0.010000000000000002 18562.834083509137
0.0064999999999999988 0.010000000000000002 18412.60023282839
0.0069999999999999993 0.010000000000000002 18128.66974075781
0.0074999999999999997 0.010000000000000002 17702.680071268158
0.0080000000000000002 0.010000000000000002 17133.542860668262
0.0085000000000000006 0.010000000000000002 16427.113819581777
0.0090000000000000011 0.010000000000000002 15595.300870467563
0.0095000000000000015 0.010000000000000002 14654.839858470941
0.010000000000000002 0.010000000000000002 13625.961270004975
0.010500000000000002 0.010000000000000002 12531.118430524486
0.011000000000000003 0.010000000000000002 11393.871296110234
0.011500000000000003 0.010000000000000002 10237.945815250132
0.012000000000000004 0.010000000000000002 9086.4369869066795
0.012499999999999997 0.010000000000000002 7961.1039186235057
0.013000000000000005 0.010000000000000002 6881.7157559401485
0.013499999999999998 0.010000000000000002 5865.4377444197589
0.014000000000000005 0.010000000000000002 4926.2820810429539
0.014499999999999999 0.010000000000000002 4074.6747025450427
0.014999999999999999 0.010000000000000002 3317.1977568871889
0.0155 0.010000000000000002 2656.5560176238619
0.016000000000000007 0.010000000000000002 2091.7880830060176
0.016500000000000001 0.010000000000000002 1618.7081382535205
0.017000000000000001 0.010000000000000002 1230.5307691041553
0.017500000000000002 0.010000000000000002 918.60758346043315
0.017999999999999995 0.010000000000000002 673.19459100250072
0.018500000000000003 0.010000000000000002 484.17384089129081
0.019000000000000003 0.010000000000000002 341.66885525403421
0.019500000000000003 0.010000000000000002 236.51609123109083
0.019999999999999997 0.010000000000000002 160.57875822751001
0.020499999999999997 0.010000000000000002 106.91039527990505
0.021000000000000005 0.010000000000000002 69.790861998606928
0.021500000000000005 0.010000000000000002 44.665788653780986
0.021999999999999999 0.010000000000000002 28.022558150311241
0.022499999999999999 0.010000000000000002 17.233036392858313
0.023000000000000007 0.010000000000000002 10.387415102084454
0.023500000000000007 0.010000000000000002 6.136487975398409
0.024 0.010000000000000002 3.5528594033382026
0.024500000000000001 0.010000000000000002 2.0158780246716095
0.025000000000000001 0.010000000000000002 1.1208919793933576
-0.025000000000000001 0.010500000000000002 1.0889634152822218
-0.024500000000000001 0.010500000000000002 1.9418844779081297
-0.024 0.010500000000000002 3.3951888525619953
-0.0235 0.010500000000000002 5.8202547661082633
-0.023 0.010500000000000002 9.7829140304725843
-0.022500000000000003 0.010500000000000002 16.12343424246766
-0.022000000000000002 0.010500000000000002 26.057320591807201
-0.021500000000000002 0.010500000000000002 41.296232114743738
-0.021000000000000001 0.010500000000000002 64.184747816379939
-0.020500000000000001 0.010500000000000002 97.843962710604586
-0.02 0.010500000000000002 146.30731389264361
-0.0195 0.010500000000000002 214.62840714248915
-0.019 0.010500000000000002 308.93611362008886
-0.018500000000000003 0.010500000000000002 436.41029027598893
-0.018000000000000002 0.010500000000000002 605.15360490739772
-0.017500000000000002 0.010500000000000002 823.9421681143051
-0.017000000000000001 0.010500000000000002 1101.8501657235929
-0.016500000000000001 0.010500000000000002 1447.7603565024986
-0.016 0.010500000000000002 1869.7906488005276
-0.0155 0.010500000000000002 2374.6833332298474
-0.015000000000000001 0.010500000000000002 2967.2138231108484
-0.014500000000000001 0.010500000000000002 3649.6765075804283
-0.014 0.010500000000000002 4421.4950422312377
-0.0135 0.010500000000000002 5278.9844873080592
-0.012999999999999999 0.010500000000000002 6215.267748995333
-0.012500000000000001 0.010500000000000002 7220.3258347757328
-0.012 0.010500000000000002 8281.1481889588922
-0.0115 0.010500000000000002 9381.9516221343256
-0.010999999999999999 0.010500000000000002 10504.455450785052
-0.010499999999999999 0.010500000000000002 11628.231753412401
-0.010000000000000002 0.010500000000000002 12731.18260048903
-0.0095000000000000015 0.010500000000000002 13790.216670032425
-0.0090000000000000011 0.010500000000000002 14782.192404914284
-0.0085000000000000006 0.010500000000000002 15685.155984839026
-0.0080000000000000002 0.010500000000000002 16479.831795898019
-0.0074999999999999997 0.010500000000000002 17151.234139848624
-0.0069999999999999993 0.010500000000000002 17690.184589870551
-0.0064999999999999988 0.010500000000000002 18094.466806453736
-0.0059999999999999984 0.010500000000000002 18369.353273032295
-0.0054999999999999979 0.010500000000000002 18527.308122173588
-0.005000000000000001 0.010500000000000002 18586.801504799038
-0.0044999999999999971 0.010500000000000002 18570.3398759999
-0.0040000000000000001 0.010500000000000002 18501.985128135999
-0.0035000000000000031 0.010500000000000002 18404.760753804214
-0.0029999999999999992 0.010500000000000002 18298.388903971798
-0.0025000000000000022 0.010500000000000002 18197.749559018652
-0.0019999999999999983 0.010500000000000002 18112.307540040802
-0.0015000000000000013 0.010500000000000002 18046.544869390287
-0.00099999999999999742 0.010500000000000002 18001.213273776077
-0.00050000000000000044 0.010500000000000002 17975.038837309618
0 0.010500000000000002 17966.414378337136
0.00050000000000000044 0.010500000000000002 17974.630882325517
0.0010000000000000009 0.010500000000000002 18000.325131572921
0.0015000000000000013 0.010500000000000002 18045.026366735667
0.0020000000000000018 0.010500000000000002 18109.919671241478
0.0024999999999999988 0.010500000000000002 18194.149521342461
0.0030000000000000027 0.010500000000000002 18293.112844348641
0.0034999999999999996 0.010500000000000002 18397.206766875104
0.0040000000000000036 0.010500000000000002 18491.399813572527
0.0045000000000000005 0.010500000000000002 18555.812412621552
0.0049999999999999975 0.010500000000000002 18567.269549167497
0.0055000000000000014 0.010500000000000002 18501.579685818375
0.0059999999999999984 0.010500000000000002 18336.14789172836
0.0064999999999999988 0.010500000000000002 18052.477678357489
0.0069999999999999993 0.010500000000000002 17638.160947055396
0.0074999999999999997 0.010500000000000002 17088.080118450984
0.0080000000000000002 0.010500000000000002 16404.714850276454
0.0085000000000000006 0.010500000000000002 15597.614963746168
0.0090000000000000011 0.010500000000000002 14682.233355746144
0.0095000000000000015 0.010500000000000002 13678.383802176695
0.010000000000000002 0.010500000000000002 12608.592993850938
0.010500000000000002 0.010500000000000002 11496.565436652949
0.011000000000000003 0.010500000000000002 10365.89714359238
0.011500000000000003 0.010500000000000002 9239.0861443425238
0.012000000000000004 0.010500000000000002 8136.8174369798644
0.012499999999999997 0.010500000000000002 7077.4603569638066
0.013000000000000005 0.010500000000000002 6076.7094417433036
0.013499999999999998 0.010500000000000002 5147.3181703957862
0.014000000000000005 0.010500000000000002 4298.9054352132443
0.014499999999999999 0.010500000000000002 3537.8436388013788
0.014999999999999999 0.010500000000000002 2867.2547717445677
0.0155 0.010500000000000002 2287.1423070098003
0.016000000000000007 0.010500000000000002 1794.6736914614021
0.016500000000000001 0.010500000000000002 1384.6063088668229
0.017000000000000001 0.010500000000000002 1049.8264653428871
0.017500000000000002 0.010500000000000002 781.95291627214635
0.017999999999999995 0.010500000000000002 571.94796296654647
0.018500000000000003 0.010500000000000002 410.6813160501199
0.019000000000000003 0.010500000000000002 289.40307042004974
0.019500000000000003 0.010500000000000002 200.09878913646975
0.019999999999999997 0.010500000000000002 135.71781693755366
0.020499999999999997 0.010500000000000002 90.282021260987833
0.021000000000000005 0.010500000000000002 58.893865054843971
0.021500000000000005 0.010500000000000002 37.669129741674816
0.021999999999999999 0.010500000000000002 23.621034219143475
0.022499999999999999 0.010500000000000002 14.52006441827201
0.023000000000000007 0.010500000000000002 8.7490202496212
0.023500000000000007 0.010500000000000002 5.1670415133449472
0.024 0.010500000000000002 2.9908263281943555
0.024500000000000001 0.010500000000000002 1.6966262092403592
0.025000000000000001 0.010500000000000002 0.94321183758207372
-0.025000000000000001 0.011000000000000003 0.87179093106192074
-0.024500000000000001 0.011000000000000003 1.5575421161829566
-0.024 0.011000000000000003 2.7282236442829815
-0.0235 0.011000000000000003 4.6853767673671252
-0.023 0.011000000000000003 7.8894977618684683
-0.022500000000000003 0.011000000000000003 13.026127728712298
-0.022000000000000002 0.011000000000000003 21.089634789954378
-0.021500000000000002 0.011000000000000003 33.484502555365552
-0.021000000000000001 0.011000000000000003 52.141172109591217
-0.020500000000000001 0.011000000000000003 79.639756204070693
-0.02 0.011000000000000003 119.33053809713309
-0.0195 0.011000000000000003 175.43568313584183
-0.019 0.011000000000000003 253.11293993424357
-0.018500000000000003 0.011000000000000003 358.4604084906922
-0.018000000000000002 0.011000000000000003 498.44280796976085
-0.017500000000000002 0.011000000000000003 680.72485057376844
-0.017000000000000001 0.011000000000000003 913.40638255608314
-0.016500000000000001 0.011000000000000003 1204.6659641406704
-0.016 0.011000000000000003 1562.3325385661669
-0.0155 0.011000000000000003 1993.415987371525
-0.015000000000000001 0.011000000000000003 2503.6336986761908
-0.014500000000000001 0.011000000000000003 3096.9695297148569
-0.014 0.011000000000000003 3775.2931696440037
-0.0135 0.011000000000000003 4538.0537463931514
-0.012999999999999999 0.011000000000000003 5382.0458624312396
-0.012500000000000001 0.011000000000000003 6301.2349891073527
-0.012 0.011000000000000003 7286.6280989207526
-0.0115 0.011000000000000003 8326.1880518131402
-0.010999999999999999 0.011000000000000003 9404.8156842129756
-0.010499999999999999 0.011000000000000003 10504.455450746784
-0.010000000000000002 0.011000000000000003 11604.40769906194
-0.0095000000000000015 0.011000000000000003 12681.939837311375
-0.0090000000000000011 0.011000000000000003 13713.268277331996
-0.0085000000000000006 0.011000000000000003 14674.928068820118
-0.0080000000000000002 0.011000000000000003 15545.462567863085
-0.0074999999999999997 0.011000000000000003 16307.267341687477
-0.0069999999999999993 0.011000000000000003 16948.335458150432
-0.0064999999999999988 0.011000000000000003 17463.602844134137
-0.0059999999999999984 0.011000000000000003 17855.604994027708
-0.0054999999999999979 0.011000000000000003 18134.239640928423
-0.005000000000000001 0.011000000000000003 18315.575784181048
-0.0044999999999999971 0.011000000000000003 18419.830936591279
-0.0040000000000000001 0.011000000000000003 18468.81530471137
-0.0035000000000000031 0.011000000000000003 18483.269541240279
-0.0029999999999999992 0.011000000000000003 18480.56522497004
-0.0025000000000000022 0.011000000000000003 18473.176461962765
-0.0019999999999999983 0.011000000000000003 18468.174224351042
-0.0015000000000000013 0.011000000000000003 18467.774652916709
-0.00099999999999999742 0.011000000000000003 18470.73914072492
-0.00050000000000000044 0.011000000000000003 18474.234026256381
0 0.011000000000000003 18475.658887257188
0.00050000000000000044 0.011000000000000003 18473.97096647157
0.0010000000000000009 0.011000000000000003 18470.166443966817
0.0015000000000000013 0.011000000000000003 18466.795483652619
0.0020000000000000018 0.011000000000000003 18466.63446561051
0.0024999999999999988 0.011000000000000003 18470.85506579572
0.0030000000000000027 0.011000000000000003 18477.163087079283
0.0034999999999999996 0.011000000000000003 18478.398537689642
0.0040000000000000036 0.011000000000000003 18461.989623742211
0.0045000000000000005 0.011000000000000003 18410.463257462132
0.0049999999999999975 0.011000000000000003 18302.981080731741
0.0055000000000000014 0.011000000000000003 18117.649288573481
0.0059999999999999984 0.011000000000000003 17834.19331675721
0.0064999999999999988 0.011000000000000003 17436.52718276958
0.0069999999999999993 0.011000000000000003 16914.78928561298
0.0074999999999999997 0.011000000000000003 16266.544016991305
0.0080000000000000002 0.011000000000000003 15497.025244331917
0.0085000000000000006 0.011000000000000003 14618.47938436101
0.0090000000000000011 0.011000000000000003 13648.812131460229
0.0095000000000000015 0.011000000000000003 12609.827150128431
0.010000000000000002 0.011000000000000003 11525.358792198731
0.010500000000000002 0.011000000000000003 10419.553649558475
0.011000000000000003 0.011000000000000003 9315.4697517088189
0.011500000000000003 0.011000000000000003 8234.0647457871019
0.012000000000000004 0.011000000000000003 7193.5599467048005
0.012499999999999997 0.011000000000000003 6209.1116830683422
0.013000000000000005 0.011000000000000003 5292.6999298888077
0.013499999999999998 0.011000000000000003 4453.1519451063014
0.014000000000000005 0.011000000000000003 3696.244262535819
0.014499999999999999 0.011000000000000003 3024.8568419365283
0.014999999999999999 0.011000000000000003 2439.1775513870057
0.0155 0.011000000000000003 1936.9672996062743
0.016000000000000007 0.011000000000000003 1513.8952074792132
0.016500000000000001 0.011000000000000003 1163.9426225255402
0.017000000000000001 0.011000000000000003 879.86017289889151
0.017500000000000002 0.011000000000000003 653.64910941468543
0.017999999999999995 0.011000000000000003 477.03096263392746
0.018500000000000003 0.011000000000000003 341.86970930302755
0.019000000000000003 0.011000000000000003 240.51753519301295
0.019500000000000003 0.011000000000000003 166.0666146477877
0.019999999999999997 0.011000000000000003 112.50216021512863
0.020499999999999997 0.011000000000000003 74.763623375612184
0.021000000000000005 0.011000000000000003 48.729475880925115
0.021500000000000005 0.011000000000000003 31.14565438107855
0.021999999999999999 0.011000000000000003 19.518655162510431
0.022499999999999999 0.011000000000000003 11.992233947861028
0.023000000000000007 0.011000000000000003 7.2228166668694858
0.023500000000000007 0.011000000000000003 4.2641681918967462
0.024 0.011000000000000003 2.4674803691856382
0.024500000000000001 0.011000000000000003 1.3993933255225321
0.025000000000000001 0.011000000000000003 0.77780659416133002
-0.025000000000000001 0.011500000000000003 0.68796464768457288
-0.024500000000000001 0.011500000000000003 1.2311233964322632
-0.024 0.011500000000000003 2.1599313853074142
-0.0235 0.011500000000000003 3.7153363873639722
-0.023 0.011500000000000003 6.2661097474225631
-0.022500000000000003 0.011500000000000003 10.362561845451346
-0.022000000000000002 0.011500000000000003 16.805051906262239
-0.021500000000000002 0.011500000000000003 26.727492589375828
-0.021000000000000001 0.011500000000000003 41.693966474909615
-0.020500000000000001 0.011500000000000003 63.803736888619483
-0.02 0.011500000000000003 95.796561041185498
-0.0195 0.011500000000000003 141.14674893912357
-0.019 0.011500000000000003 204.1315376738311
-0.018500000000000003 0.011500000000000003 289.85789327850398
-0.018000000000000002 0.011500000000000003 404.23260577349333
-0.017500000000000002 0.011500000000000003 553.86402048563366
-0.017000000000000001 0.011500000000000003 745.88991384531573
-0.016500000000000001 0.011500000000000003 987.7340925773434
-0.016 0.011500000000000003 1286.8027270634666
-0.0155 0.011500000000000003 1650.1381656188894
-0.015000000000000001 0.011500000000000003 2084.0509837930872
-0.014500000000000001 0.011500000000000003 2593.749031659032
-0.014 0.011500000000000003 3182.9754806273872
-0.0135 0.011500000000000003 3853.6585081769358
-0.012999999999999999 0.011500000000000003 4605.5672606962244
-0.012500000000000001 0.011500000000000003 5435.9669673026765
-0.012 0.011500000000000003 6339.2747149184625
-0.0115 0.011500000000000003 7306.7379984139798
-0.010999999999999999 0.011500000000000003 8326.188051803585
-0.010499999999999999 0.011500000000000003 9381.9516220953301
-0.010000000000000002 0.011500000000000003 10455.026872424023
-0.0095000000000000015 0.011500000000000003 11523.628946006704
-0.0090000000000000011 0.011500000000000003 12564.178671453401
-0.0085000000000000006 0.011500000000000003 13552.741267722291
-0.0080000000000000002 0.011500000000000003 14466.828083652366
-0.0074999999999999997 0.011500000000000003 15287.371255757746
-0.0069999999999999993 0.011500000000000003 16000.594209064171
-0.0064999999999999988 0.011500000000000003 16599.457366958814
-0.0059999999999999984 0.011500000000000003 17084.379415504587
-0.0054999999999999979 0.011500000000000003 17463.02764844233
-0.005000000000000001 0.011500000000000003 17749.125835649076
-0.0044999999999999971 0.011500000000000003 17960.416101500879
-0.0040000000000000001 0.011500000000000003 18116.091021123058
-0.0035000000000000031 0.011500000000000003 18234.138970462533
-0.0029999999999999992 0.011500000000000003 18329.083771962945
-0.0025000000000000022 0.011500000000000003 18410.532149393694
-0.0019999999999999983 0.011500000000000003 18482.778152140483
-0.0015000000000000013 0.011500000000000003 18545.486357351754
-0.00099999999999999742 0.011500000000000003 18595.237056640577
-0.00050000000000000044 0.011500000000000003 18627.523959768168
0 0.011500000000000003 18638.69620833623
0.00050000000000000044 0.011500000000000003 18627.357758809336
0.0010000000000000009 0.011500000000000003 18594.875227292981
0.0015000000000000013 0.011500000000000003 18544.867719004324
0.0020000000000000018 0.011500000000000003 18481.805333816199
0.0024999999999999988 0.011500000000000003 18409.065493176859
0.0030000000000000027 0.011500000000000003 18326.934304001024
0.0034999999999999996 0.011500000000000003 18231.061474367219
0.0040000000000000036 0.011500000000000003 18111.778561419007
0.0045000000000000005 0.011500000000000003 17954.497609419654
0.0049999999999999975 0.011500000000000003 17741.168512217904
0.0055000000000000014 0.011500000000000003 17452.545877271081
0.0059999999999999984 0.011500000000000003 17070.851535159411
0.0064999999999999988 0.011500000000000003 16582.350986053709
0.0069999999999999993 0.011500000000000003 15979.399764444432
0.0074999999999999997 0.011500000000000003 15261.642292221262
0.0080000000000000002 0.011500000000000003 14436.225421904188
0.0085000000000000006 0.011500000000000003 13517.077034633108
0.0090000000000000011 0.011500000000000003 12523.455330733806
0.0095000000000000015 0.011500000000000003 11478.06820869239
0.010000000000000002 0.011500000000000003 10405.083837137578
0.010500000000000002 0.011500000000000003 9328.3107329180966
0.011000000000000003 0.011500000000000003 8269.7393640629998
0.011500000000000003 0.011500000000000003 7248.5345683333517
0.012000000000000004 0.011500000000000003 6280.4743317808516
0.012499999999999997 0.011500000000000003 5377.7635372138548
0.013000000000000005 0.011500000000000003 4549.1185729314548
0.013499999999999998 0.011500000000000003 3800.0176189374447
0.014000000000000005 0.011500000000000003 3133.0324451861625
0.014499999999999999 0.011500000000000003 2548.1882939685543
0.014999999999999999 0.011500000000000003 2043.3276421779665
0.0155 0.011500000000000003 1614.4739304408845
0.016000000000000007 0.011500000000000003 1256.2000605415451
0.016500000000000001 0.011500000000000003 962.00511835147495
0.017000000000000001 0.011500000000000003 724.69544577335375
0.017500000000000002 0.011500000000000003 536.75758916641405
0.017999999999999995 0.011500000000000003 390.70461924477371
0.018500000000000003 0.011500000000000003 279.37590297862221
0.019000000000000003 0.011500000000000003 196.17377116699063
0.019500000000000003 0.011500000000000003 135.22737906207038
0.019999999999999997 0.011500000000000003 91.482397429786047
0.020499999999999997 0.011500000000000003 60.723000119741229
0.021000000000000005 0.011500000000000003 39.538459562843506
0.021500000000000005 0.011500000000000003 25.249810208515083
0.021999999999999999 0.011500000000000003 15.812508250933831
0.022499999999999999 0.011500000000000003 9.7093485926880838
0.023000000000000007 0.011500000000000003 5.8449011719521788
0.023500000000000007 0.011500000000000003 3.4492171507744569
0.024 0.011500000000000003 1.9951939954352709
0.024500000000000001 0.011500000000000003 1.131205118673775
0.025000000000000001 0.011500000000000003 0.62858541980578186
-0.025000000000000001 0.012000000000000004 0.53461424539160141
-0.024500000000000001 0.012000000000000004 0.95806547345872362
-0.024 0.012000000000000004 1.6832611093949017
-0.0235 0.012000000000000004 2.8995608687043353
-0.023 0.012000000000000004 4.8974042910454312
-0.022500000000000003 0.012000000000000004 8.1112519060872916
-0.022000000000000002 0.012000000000000004 13.174707198724366
-0.021500000000000002 0.012000000000000004 20.988290754708707
-0.021000000000000001 0.012000000000000004 32.798825810027537
-0.020500000000000001 0.012000000000000004 50.287313410397793
-0.02 0.012000000000000004 75.659677795352579
-0.0195 0.012000000000000004 111.73217380714635
-0.019 0.012000000000000004 162.00105629400886
-0.018500000000000003 0.012000000000000004 230.68489748768917
-0.018000000000000002 0.012000000000000004 322.72823889531833
-0.017500000000000002 0.012000000000000004 443.75738516817785
-0.017000000000000001 0.012000000000000004 599.98297324700161
-0.016500000000000001 0.012000000000000004 798.04882290670969
-0.016 0.012000000000000004 1044.8313243355294
-0.0155 0.012000000000000004 1347.1968043482843
-0.015000000000000001 0.012000000000000004 1711.7246822644613
-0.014500000000000001 0.012000000000000004 2144.4012991213194
-0.014 0.012000000000000004 2650.283904783139
-0.0135 0.012000000000000004 3233.1287839100883
-0.012999999999999999 0.012000000000000004 3894.9755155307066
-0.012500000000000001 0.012000000000000004 4635.6848440295398
-0.012 0.012000000000000004 5452.4434120572041
-0.0115 0.012000000000000004 6339.2747149161733
-0.010999999999999999 0.012000000000000004 7286.6280989112147
-0.010499999999999999 0.012000000000000004 8281.1481889291335
-0.010000000000000002 0.012000000000000004 9305.7444971045788
-0.0095000000000000015 0.012000000000000004 10340.073554611792
-0.0090000000000000011 0.012000000000000004 11361.505649345369
-0.0085000000000000006 0.012000000000000004 12346.574381711274
-0.0080000000000000002 0.012000000000000004 13272.808821906845
-0.0074999999999999997 0.012000000000000004 14120.743935158276
-0.0069999999999999993 0.012000000000000004 14875.820697381896
-0.0064999999999999988 0.012000000000000004 15529.84924447302
-0.0059999999999999984 0.012000000000000004 16081.736021412869
-0.0054999999999999979 0.012000000000000004 16537.275060997206
-0.005000000000000001 0.012000000000000004 16907.962220100038
-0.0044999999999999971 0.012000000000000004 17208.979970588076
-0.0040000000000000001 0.012000000000000004 17456.677745332821
-0.0035000000000000031 0.012000000000000004 17665.99510578164
-0.0029999999999999992 0.012000000000000004 17848.307488723807
-0.0025000000000000022 0.012000000000000004 18010.101669859207
-0.0019999999999999983 0.012000000000000004 18152.72013602878
-0.0015000000000000013 0.012000000000000004 18273.184641765336
-0.00099999999999999742 0.012000000000000004 18365.871016026824
-0.00050000000000000044 0.012000000000000004 18424.616419596037
0 0.012000000000000004 18444.743989602441
0.00050000000000000044 0.012000000000000004 18424.513535217953
0.0010000000000000009 0.012000000000000004 18365.64703063191
0.0015000000000000013 0.012000000000000004 18272.801682352347
0.0020000000000000018 0.012000000000000004 18152.117926456798
0.0024999999999999988 0.012000000000000004 18009.193756849618
0.0030000000000000027 0.012000000000000004 17846.976890657315
0.0034999999999999996 0.012000000000000004 17664.090024884143
0.0040000000000000036 0.012000000000000004 17454.008177492935
0.0045000000000000005 0.012000000000000004 17205.316210876692
0.0049999999999999975 0.012000000000000004 16903.036350368788
0.0055000000000000014 0.012000000000000004 16530.786467214515
0.0059999999999999984 0.012000000000000004 16073.361776367199
0.0064999999999999988 0.012000000000000004 15519.259778726082
0.0069999999999999993 0.012000000000000004 14862.700572992575
0.0074999999999999997 0.012000000000000004 14104.816780280504
0.0080000000000000002 0.012000000000000004 13253.864672343874
0.0085000000000000006 0.012000000000000004 12324.496937231126
0.0090000000000000011 0.012000000000000004 11336.296435073617
0.0095000000000000015 0.012000000000000004 10311.869817662899
0.010000000000000002 0.012000000000000004 9274.827959913122
0.010500000000000002 0.012000000000000004 8247.9425470269289
0.011000000000000003 0.012000000000000004 7251.6843285950663
0.011500000000000003 0.012000000000000004 6303.2446959067656
0.012000000000000004 0.012000000000000004 5416.0438576104343
0.012499999999999997 0.012000000000000004 4599.6548250150636
0.013000000000000005 0.012000000000000004 3860.0317451995875
0.013499999999999998 0.012000000000000004 3199.9231419693479
0.014000000000000005 0.012000000000000004 2619.3673674958663
0.014499999999999999 0.012000000000000004 2116.1975619395671
0.014999999999999999 0.012000000000000004 1686.5154674383461
0.0155 0.012000000000000004 1325.1193585750812
0.016000000000000007 0.012000000000000004 1025.8871718174382
0.016500000000000001 0.012000000000000004 782.12166141182149
0.017000000000000001 0.012000000000000004 586.86283433990945
0.017500000000000002 0.012000000000000004 433.16788821308791
0.017999999999999995 0.012000000000000004 314.35392811821197
0.018500000000000003 0.012000000000000004 224.1961680564857
0.019000000000000003 0.012000000000000004 157.07491228296502
0.019500000000000003 0.012000000000000004 108.06787070854034
0.019999999999999997 0.012000000000000004 72.989055175464301
0.020499999999999997 0.012000000000000004 48.380226419272084
0.021000000000000005 0.012000000000000004 31.464489415951277
0.021500000000000005 0.012000000000000004 20.073552152558861
0.021999999999999999 0.012000000000000004 12.560286936557507
0.022499999999999999 0.012000000000000004 7.7068893817196829
0.023000000000000007 0.012000000000000004 4.6366610159480555
0.023500000000000007 0.012000000000000004 2.7348234788321726
0.024 0.012000000000000004 1.5812827331990109
0.024500000000000001 0.012000000000000004 0.89621246166820667
0.025000000000000001 0.012000000000000004 0.49785636520699594
-0.025000000000000001 0.012499999999999997 0.4087608344688185
-0.024500000000000001 0.012499999999999997 0.73345774546609332
-0.024 0.012499999999999997 1.2902986807571695
-0.0235 0.012499999999999997 2.2255847753265714
-0.023 0.012499999999999997 3.7642010888628059
-0.022500000000000003 0.012499999999999997 6.2433837658560938
-0.022000000000000002 0.012499999999999997 10.156368084796776
-0.021500000000000002 0.012499999999999997 16.206561226337428
-0.021000000000000001 0.012499999999999997 25.371833608951068
-0.020500000000000001 0.012499999999999997 38.977056354112818
-0.02 0.012499999999999997 58.771235082280889
-0.0195 0.012499999999999997 87.003727042348871
-0.019 0.012499999999999997 126.49241241105017
-0.018500000000000003 0.012499999999999997 180.67570513828701
-0.018000000000000002 0.012499999999999997 253.64026460512093
-0.017500000000000002 0.012499999999999997 350.11734936551574
-0.017000000000000001 0.012499999999999997 475.44276599471715
-0.016500000000000001 0.012499999999999997 635.47775986034185
-0.016 0.012499999999999997 836.49010754173287
-0.0155 0.012499999999999997 1084.9951568035337
-0.015000000000000001 0.012499999999999997 1387.5549759602084
-0.014500000000000001 0.012499999999999997 1750.5302345216028
-0.014 0.012499999999999997 2179.7751806242891
-0.0135 0.012499999999999997 2680.263550634691
-0.012999999999999999 0.012499999999999997 3255.6357016786665
-0.012500000000000001 0.012499999999999997 3907.6678580168109
-0.012 0.012499999999999997 4635.6848440290241
-0.0115 0.012499999999999997 5435.9669673004482
-0.010999999999999999 0.012499999999999997 6301.2349891002332
-0.010499999999999999 0.012499999999999997 7220.3258347556075
-0.010000000000000002 0.012499999999999997 8178.1849758940953
-0.0095000000000000015 0.012499999999999997 9156.2887581812665
-0.0090000000000000011 0.012499999999999997 10133.564758563791
-0.0085000000000000006 0.012499999999999997 11087.80124296736
-0.0080000000000000002 0.012499999999999997 11997.438023015749
-0.0074999999999999997 0.012499999999999997 12843.529558182854
-0.0069999999999999993 0.012499999999999997 13611.591869213151
-0.0064999999999999988 0.012499999999999997 14293.012547631397
-0.0059999999999999984 0.012499999999999997 14885.735596120358
-0.0054999999999999979 0.012499999999999997 15394.034245582916
-0.005000000000000001 0.012499999999999997 15827.34235076511
-0.0044999999999999971 0.012499999999999997 16198.299091953113
-0.0040000000000000001 0.012499999999999997 16520.332152400726
-0.0035000000000000031 0.012499999999999997 16805.219300067736
-0.0029999999999999992 0.012499999999999997 17061.094679523736
-0.0025000000000000022 0.012499999999999997 17291.29031466087
-0.0019999999999999983 0.012499999999999997 17494.235808147405
-0.0015000000000000013 0.012499999999999997 17664.414011327779
-0.00099999999999999742 0.012499999999999997 17794.137961824967
-0.00050000000000000044 0.012499999999999997 17875.729537344178
0 0.012499999999999997 17903.588599932042
0.00050000000000000044 0.012499999999999997 17875.667134814463
0.0010000000000000009 0.012499999999999997 17794.002107815621
0.0015000000000000013 0.012499999999999997 17664.181734702372
0.0020000000000000018 0.012499999999999997 17493.870549578423
0.0024999999999999988 0.012499999999999997 17290.7396375842
0.0030000000000000027 0.012499999999999997 17060.28763100065
0.0034999999999999996 0.012499999999999997 16804.063810094169
0.0040000000000000036 0.012499999999999997 16518.712977657644
0.0045000000000000005 0.012499999999999997 16196.076909358337
0.0049999999999999975 0.012499999999999997 15824.354659747356
0.0055000000000000014 0.012499999999999997 15390.098714515289
0.0059999999999999984 0.012499999999999997 14880.656359748213
0.0064999999999999988 0.012499999999999997 14286.589711985902
0.0069999999999999993 0.012499999999999997 13603.634111511785
0.0074999999999999997 0.012499999999999997 12833.869250427493
0.0080000000000000002 0.012499999999999997 11985.947815483625
0.0085000000000000006 0.012499999999999997 11074.410596002048
0.0090000000000000011 0.012499999999999997 10118.274597200709
0.0095000000000000015 0.012499999999999997 9139.1823270032965
0.010000000000000002 0.012499999999999997 8159.4331481953323
0.010500000000000002 0.012499999999999997 7200.1855948664816
0.011000000000000003 0.012499999999999997 6280.0405210375329
0.011500000000000003 0.012499999999999997 5414.1136561012127
0.012000000000000004 0.012499999999999997 4613.6073982571779
0.012499999999999997 0.012499999999999997 3885.8145468145049
0.013000000000000005 0.012499999999999997 3234.4412336068858
0.013499999999999998 0.012499999999999997 2660.1233107221929
0.014000000000000005 0.012499999999999997 2161.023352867408
0.014499999999999999 0.012499999999999997 1733.4238032023939
0.014999999999999999 0.012499999999999997 1372.2648142608875
0.0155 0.012499999999999997 1071.6045090539433
0.016000000000000007 0.012499999999999997 824.99989821723796
0.016500000000000001 0.012499999999999997 625.81744809149768
0.017000000000000001 0.012499999999999997 467.48499948787719
0.017500000000000002 0.012499999999999997 343.69449479132004
0.017999999999999995 0.012499999999999997 248.56098836484426
0.018500000000000003 0.012499999999999997 176.74009179568236
0.019000000000000003 0.012499999999999997 123.50455503419214
0.019500000000000003 0.012499999999999997 84.78121486656417
0.019999999999999997 0.012499999999999997 57.151420582796554
0.020499999999999997 0.012499999999999997 37.820349623255943
0.021000000000000005 0.012499999999999997 24.562517675573414
0.021500000000000005 0.012499999999999997 15.651744218510858
0.021999999999999999 0.012499999999999997 9.7837033578439048
0.022499999999999999 0.012499999999999997 5.9981254971883446
0.023000000000000007 0.012499999999999997 3.6060522982023491
0.023500000000000007 0.012499999999999997 2.1256664975680679
0.024 0.012499999999999997 1.2284456689666523
0.024500000000000001 0.012499999999999997 0.69594199741957774
0.025000000000000001 0.012499999999999997 0.38646605315081162
-0.025000000000000001 0.013000000000000005 0.30729224365491042
-0.024500000000000001 0.013000000000000005 0.55202751978307041
-0.024 0.013000000000000005 0.97229089715796924
-0.0235 0.013000000000000005 1.6791707872919315
-0.023 0.013000000000000005 2.8438137899285545
-0.022500000000000003 0.013000000000000005 4.7235488916315092
-0.022000000000000002 0.013000000000000005 7.6959132266756498
-0.021500000000000002 0.013000000000000005 12.301314421042713
-0.021000000000000001 0.013000000000000005 19.29437570501679
-0.020500000000000001 0.013000000000000005 29.703027916366892
-0.02 0.013000000000000005 44.893206217028379
-0.0195 0.013000000000000005 66.635726163868824
-0.019 0.013000000000000005 97.170765819801375
-0.018500000000000003 0.013000000000000005 139.26459917772516
-0.018000000000000002 0.013000000000000005 196.252984758899
-0.017500000000000002 0.013000000000000005 272.06593388762815
-0.017000000000000001 0.013000000000000005 371.22925827756387
-0.016500000000000001 0.013000000000000005 498.83887079226162
-0.016 0.013000000000000005 660.50366941366985
-0.0155 0.013000000000000005 862.25140752647974
-0.015000000000000001 0.013000000000000005 1110.389051719362
-0.014500000000000001 0.013000000000000005 1411.3052804789247
-0.014 0.013000000000000005 1771.1994706558032
-0.0135 0.013000000000000005 2195.7211618113979
-0.012999999999999999 0.013000000000000005 2689.5094674644911
-0.012500000000000001 0.013000000000000005 3255.6357016785396
-0.012 0.013000000000000005 3894.9755155301978
-0.0115 0.013000000000000005 4605.56726069458
-0.010999999999999999 0.013000000000000005 5382.0458624265075
-0.010499999999999999 0.013000000000000005 6215.2677489825992
-0.010000000000000002 0.013000000000000005 7092.2521591023669
-0.0095000000000000015 0.013000000000000005 7996.5480807901458
-0.0090000000000000011 0.013000000000000005 8909.0888762127288
-0.0085000000000000006 0.013000000000000005 9809.5200794388347
-0.0080000000000000002 0.013000000000000005 10677.890385580837
-0.0074999999999999997 0.013000000000000005 11496.500080930926
-0.0069999999999999993 0.013000000000000005 12251.628598849364
-0.0064999999999999988 0.013000000000000005 12934.836447209545
-0.0059999999999999984 0.013000000000000005 13543.572232287499
-0.0054999999999999979 0.013000000000000005 14080.915757843622
-0.005000000000000001 0.013000000000000005 14554.4399668732
-0.0044999999999999971 0.013000000000000005 14974.349369863054
-0.0040000000000000001 0.013000000000000005 15351.212229511042
-0.0035000000000000031 0.013000000000000005 15693.708744022679
-0.0029999999999999992 0.013000000000000005 16006.837557268278
-0.0025000000000000022 0.013000000000000005 16290.945952998372
-0.0019999999999999983 0.013000000000000005 16541.785837658532
-0.0015000000000000013 0.013000000000000005 16751.580950441483
-0.00099999999999999742 0.013000000000000005 16910.868798516982
-0.00050000000000000044 0.013000000000000005 17010.705676171128
0 0.013000000000000005 17044.737785315418
0.00050000000000000044 0.013000000000000005 17010.66859172457
0.0010000000000000009 0.013000000000000005 16910.788063476703
0.0015000000000000013 0.013000000000000005 16751.442913567946
0.0020000000000000018 0.013000000000000005 16541.568772550032
0.0024999999999999988 0.013000000000000005 16290.618697761825
0.0030000000000000027 0.013000000000000005 16006.357946137694
0.0034999999999999996 0.013000000000000005 15693.022061826074
0.0040000000000000036 0.013000000000000005 15350.249989686636
0.0045000000000000005 0.013000000000000005 14973.028775777126
0.0049999999999999975 0.013000000000000005 14552.664448021651
0.0055000000000000014 0.013000000000000005 14078.576958563539
0.0059999999999999984 0.013000000000000005 13540.553754179607
0.0064999999999999988 0.013000000000000005 12931.019497698631
0.0069999999999999993 0.013000000000000005 12246.899479027106
0.0074999999999999997 0.013000000000000005 11490.759173176579
0.0080000000000000002 0.013000000000000005 10671.062008764
0.0085000000000000006 0.013000000000000005 9801.5623133980771
0.0090000000000000011 0.013000000000000005 8900.0022706761883
0.0095000000000000015 0.013000000000000005 7986.3821061767258
0.010000000000000002 0.013000000000000005 7081.1083616406077
0.010500000000000002 0.013000000000000005 6203.2988487899775
0.011000000000000003 0.013000000000000005 5369.4504576907811
0.011500000000000003 0.013000000000000005 4592.5803200195014
0.012000000000000004 0.013000000000000005 3881.8553766239147
0.012499999999999997 0.013000000000000005 3242.6487610016379
0.013000000000000005 0.013000000000000005 2676.9140627233683
0.013499999999999998 0.013000000000000005 2183.7522616048886
0.014000000000000005 0.013000000000000005 1760.0556731595036
0.014499999999999999 0.013000000000000005 1401.1393057815701
0.014999999999999999 0.013000000000000005 1101.3024459830021
0.0155 0.013000000000000005 854.29364101964075
0.016000000000000007 0.013000000000000005 653.67529153166322
0.016500000000000001 0.013000000000000005 493.09796065278897
0.017000000000000001 0.013000000000000005 366.50013322240642
0.017500000000000002 0.013000000000000005 268.24897312780263
0.017999999999999995 0.013000000000000005 193.2344829582606
0.018500000000000003 0.013000000000000005 136.92575100343831
0.019000000000000003 0.013000000000000005 95.395148104706067
0.019500000000000003 0.013000000000000005 65.314936215224137
0.019999999999999997 0.013000000000000005 43.93058619951038
0.020499999999999997 0.013000000000000005 29.015622627752002
0.021000000000000005 0.013000000000000005 18.81341710252639
0.021500000000000005 0.013000000000000005 11.971598914752718
0.021999999999999999 0.013000000000000005 7.4744468019079262
0.022499999999999999 0.013000000000000005 4.5777973139313737
0.023000000000000007 0.013000000000000005 2.7498294530279397
0.023500000000000007 0.013000000000000005 1.6197915594131291
0.024 0.013000000000000005 0.93553301697336366
0.024500000000000001 0.013000000000000005 0.52973273846506375
0.025000000000000001 0.013000000000000005 0.29404294702882566
-0.025000000000000001 0.013499999999999998 0.22701119634286562
-0.024500000000000001 0.013499999999999998 0.40825461992469969
-0.024 0.013499999999999998 0.71989322003811684
-0.0235 0.013499999999999998 1.2448107077681088
-0.023 0.013499999999999998 2.1110122363243065
-0.022500000000000003 0.013499999999999998 3.5115146305577918
-0.022000000000000002 0.013499999999999998 5.7304691165770274
-0.021500000000000002 0.013499999999999998 9.1762784744368631
-0.021000000000000001 0.013499999999999998 14.422053227053549
-0.020500000000000001 0.013499999999999998 22.253136721606843
-0.02 0.013499999999999998 33.720658791672527
-0.0195 0.013499999999999998 50.199241127266831
-0.019 0.013499999999999998 73.446196574238428
-0.018500000000000003 0.013499999999999998 105.65895826645408
-0.018000000000000002 0.013499999999999998 149.52710273965891
-0.017500000000000002 0.013499999999999998 208.27513318748214
-0.017000000000000001 0.013499999999999998 285.69194146128507
-0.016500000000000001 0.013499999999999998 386.14219676131927
-0.016 0.013499999999999998 514.55338903413735
-0.0155 0.013499999999999998 676.36960108270546
-0.015000000000000001 0.013499999999999998 877.45941631754192
-0.014500000000000001 0.013499999999999998 1123.9614761693097
-0.014 0.013499999999999998 1422.0486751712172
-0.0135 0.013499999999999998 1777.5931068889267
-0.012999999999999999 0.013499999999999998 2195.7211618113788
-0.012500000000000001 0.013499999999999998 2680.2635506345796
-0.012 0.013499999999999998 3233.1287839097308
-0.0115 0.013499999999999998 3853.6585081758753
-0.010999999999999999 0.013499999999999998 4538.0537463902292
-0.010499999999999999 0.013499999999999998 5278.984487300384
-0.010000000000000002 0.013499999999999998 6065.501914744229
-0.0095000000000000015 0.013499999999999998 6883.3546897764118
-0.0090000000000000011 0.013499999999999998 7715.763939070067
-0.0085000000000000006 0.013499999999999998 8544.6384031670386
-0.0080000000000000002 0.013499999999999998 9352.1219199794759
-0.0074999999999999997 0.013499999999999998 10122.277620363311
-0.0069999999999999993 0.013499999999999998 10842.648556572201
-0.0064999999999999988 0.013499999999999998 11505.413668126857
-0.0059999999999999984 0.013499999999999998 12107.894809340343
-0.0054999999999999979 0.013499999999999998 12652.266742814767
-0.005000000000000001 0.013499999999999998 13144.46449331339
-0.0044999999999999971 0.013499999999999998 13592.444436292026
-0.0040000000000000001 0.013499999999999998 14004.101391127235
-0.0035000000000000031 0.013499999999999998 14385.237633448411
-0.0029999999999999992 0.013499999999999998 14737.993753020237
-0.0025000000000000022 0.013499999999999998 15060.075148634472
-0.0019999999999999983 0.013499999999999998 15344.952388578247
-0.0015000000000000013 0.013499999999999998 15583.00971134455
-0.00099999999999999742 0.013499999999999998 15763.408561081416
-0.00050000000000000044 0.013499999999999998 15876.270626579089
0 0.013499999999999998 15914.707146894027
0.00050000000000000044 0.013499999999999998 15876.249033317014
0.0010000000000000009 0.013499999999999998 15763.361551268812
0.0015000000000000013 0.013499999999999998 15582.929336236852
0.0020000000000000018 0.013499999999999998 15344.82599748414
0.0024999999999999988 0.013499999999999998 15059.884596833295
0.0030000000000000027 0.013499999999999998 14737.71448853615
0.0034999999999999996 0.013499999999999998 14384.837797128659
0.0040000000000000036 0.013499999999999998 14003.541105114267
0.0045000000000000005 0.013499999999999998 13591.675490363594
0.0049999999999999975 0.013499999999999998 13143.430657098084
0.0055000000000000014 0.013499999999999998 12650.904923764536
0.0059999999999999984 0.013499999999999998 12106.137231841059
0.0064999999999999988 0.013499999999999998 11503.191162501005
0.0069999999999999993 0.013499999999999998 10839.894919045628
0.0074999999999999997 0.013499999999999998 10118.934846311666
0.0080000000000000002 0.013499999999999998 9348.1459423440738
0.0085000000000000006 0.013499999999999998 8540.0048129808947
0.0090000000000000011 0.013499999999999998 7710.4730564248857
0.0095000000000000015 0.013499999999999998 6877.4353199482366
0.010000000000000002 0.013499999999999998 6059.0131853331468
0.010500000000000002 0.013499999999999998 5272.0153230666747
0.011000000000000003 0.013499999999999998 4530.7197856435741
0.011500000000000003 0.013499999999999998 3846.0965667274986
0.012000000000000004 0.013499999999999998 3225.4892847631559
0.012499999999999997 0.013499999999999998 2672.7016091851433
0.013000000000000005 0.013499999999999998 2188.387201061581
0.013499999999999998 0.013499999999999998 1770.6239426471323
0.014000000000000005 0.013499999999999998 1415.5599457400201
0.014499999999999999 0.013499999999999998 1118.0421062922621
0.014999999999999999 0.013499999999999998 872.16853355600881
0.0155 0.013499999999999998 671.73601062517423
0.016000000000000007 0.013499999999999998 510.57741077851796
0.016500000000000001 0.013499999999999998 382.79942132088092
0.017000000000000001 0.013499999999999998 282.93830088773757
0.017500000000000002 0.013499999999999998 206.05262101169779
0.017999999999999995 0.013499999999999998 147.76951144473247
0.018500000000000003 0.013499999999999998 104.29711074646512
0.019000000000000003 0.013499999999999998 72.412302793386985
0.019500000000000003 0.013499999999999998 49.430181153317605
0.019999999999999997 0.013499999999999998 33.160151402624813
0.020499999999999997 0.013499999999999998 21.852879365092921
0.021000000000000005 0.013499999999999998 14.142004146818307
0.021500000000000005 0.013499999999999998 8.9842941252689901
0.021999999999999999 0.013499999999999998 5.6015152560201296
0.022499999999999999 0.013499999999999998 3.4266474609793662
0.023000000000000007 0.013499999999999998 2.0562877195587257
0.023500000000000007 0.013499999999999998 1.210235802430242
0.024 0.013499999999999998 0.69849010866056049
0.024500000000000001 0.013499999999999998 0.3952729766609675
0.025000000000000001 0.013499999999999998 0.21929649217771258
-0.025000000000000001 0.014000000000000005 0.16472918585684218
-0.024500000000000001 0.014000000000000005 0.29656420718910159
-0.024 0.014000000000000005 0.52354877134474831
-0.0235 0.014000000000000005 0.90644250090953271
-0.023 0.014000000000000005 1.5393333432211678
-0.022500000000000003 0.014000000000000005 2.5645462291786862
-0.022000000000000002 0.014000000000000005 4.1924029402567511
-0.021500000000000002 0.014000000000000005 6.7265738658527354
-0.021000000000000001 0.014000000000000005 10.595540361483183
-0.020500000000000001 0.014000000000000005 16.390338778774421
-0.02 0.014000000000000005 24.908306715289015
-0.0195 0.014000000000000005 37.202045821639942
-0.019 0.014000000000000005 54.632311651636613
-0.018500000000000003 0.014000000000000005 78.923080074084524
-0.018000000000000002 0.014000000000000005 112.21660521977043
-0.017500000000000002 0.014000000000000005 157.1257640650521
-0.017000000000000001 0.014000000000000005 216.78015438851713
-0.016500000000000001 0.014000000000000005 294.86097305868878
-0.016 0.014000000000000005 395.6173681335668
-0.0155 0.014000000000000005 523.85364144135281
-0.015000000000000001 0.014000000000000005 684.87269626796058
-0.014500000000000001 0.014000000000000005 884.35739455850592
-0.014 0.014000000000000005 1128.1695944070948
-0.0135 0.014000000000000005 1422.0486751712081
-0.012999999999999999 0.014000000000000005 1771.1994706557798
-0.012500000000000001 0.014000000000000005 2179.7751806242036
-0.012 0.014000000000000005 2650.2839047829066
-0.0115 0.014000000000000005 3182.9754806267383
-0.010999999999999999 0.014000000000000005 3775.293169642267
-0.010499999999999999 0.014000000000000005 4421.4950422267557
-0.010000000000000002 0.014000000000000005 5112.5543835916887
-0.0095000000000000015 0.014000000000000005 5836.430073892262
-0.0090000000000000011 0.014000000000000005 6578.7534863808351
-0.0085000000000000006 0.014000000000000005 7323.910803965955
-0.0080000000000000002 0.014000000000000005 8056.4186270315049
-0.0074999999999999997 0.014000000000000005 8762.4124332631163
-0.0069999999999999993 0.014000000000000005 9431.0113327578365
-0.0064999999999999988 0.014000000000000005 10055.306923228298
-0.0059999999999999984 0.014000000000000005 10632.760708358552
-0.0054999999999999979 0.014000000000000005 11164.884324931389
-0.005000000000000001 0.014000000000000005 11656.207291888128
-0.0044999999999999971 0.014000000000000005 12112.683487353766
-0.0040000000000000001 0.014000000000000005 12539.817810387287
-0.0035000000000000031 0.014000000000000005 12940.87600009054
-0.0029999999999999992 0.014000000000000005 13315.549069276871
-0.0025000000000000022 0.014000000000000005 13659.370369387587
-0.0019999999999999983 0.014000000000000005 13964.038284623472
-0.0015000000000000013 0.014000000000000005 14218.609615938078
-0.00099999999999999742 0.014000000000000005 14411.338979502007
-0.00050000000000000044 0.014000000000000005 14531.792038580586
0 0.014000000000000005 14572.791151646175
0.00050000000000000044 0.014000000000000005 14531.77971940751
0.0010000000000000009 0.014000000000000005 14411.31215993136
0.0015000000000000013 0.014000000000000005 14218.563761131185
0.0020000000000000018 0.014000000000000005 13963.966177233771
0.0024999999999999988 0.014000000000000005 13659.261657669544
0.0030000000000000027 0.014000000000000005 13315.389746081466
0.0034999999999999996 0.014000000000000005 12940.647889450875
0.0040000000000000036 0.014000000000000005 12539.498161584759
0.0045000000000000005 0.014000000000000005 12112.244795971968
0.0049999999999999975 0.014000000000000005 11655.617477934937
0.0055000000000000014 0.014000000000000005 11164.107393473907
0.0059999999999999984 0.014000000000000005 10631.757992727629
0.0064999999999999988 0.014000000000000005 10054.038961427605
0.0069999999999999993 0.014000000000000005 9429.4403548687224
0.0074999999999999997 0.014000000000000005 8760.5053470643124
0.0080000000000000002 0.014000000000000005 8054.1502918230581
0.0085000000000000006 0.014000000000000005 7321.2672941868359
0.0090000000000000011 0.014000000000000005 6575.7349846465768
0.0095000000000000015 0.014000000000000005 5833.0530139024086
0.010000000000000002 0.014000000000000005 5108.8524982364497
0.010500000000000002 0.014000000000000005 4417.5190639757648
0.011000000000000003 0.014000000000000005 3771.1090713136218
0.011500000000000003 0.014000000000000005 3178.6613170160449
0.012000000000000004 0.014000000000000005 2645.9254937257633
0.012499999999999997 0.014000000000000005 2175.461017012909
0.013000000000000005 0.014000000000000005 1767.0153723253422
0.013499999999999998 0.014000000000000005 1418.072696915606
0.014000000000000005 0.014000000000000005 1124.46770904038
0.014499999999999999 0.014000000000000005 880.98033454076915
0.014999999999999999 0.014000000000000005 681.85419446732317
0.0155 0.014000000000000005 521.21013150740328
0.016000000000000007 0.014000000000000005 393.34903257127814
0.016500000000000001 0.014000000000000005 292.95388606756313
0.017000000000000001 0.014000000000000005 215.20917476107329
0.017500000000000002 0.014000000000000005 155.8577985275582
0.017999999999999995 0.014000000000000005 111.21388171829885
0.018500000000000003 0.014000000000000005 78.146132374323045
0.019000000000000003 0.014000000000000005 54.042464856720208
0.019500000000000003 0.014000000000000005 36.763289375732249
0.019999999999999997 0.014000000000000005 24.588531615486733
0.020499999999999997 0.014000000000000005 16.161987933403271
0.021000000000000005 0.014000000000000005 10.435769546090528
0.021500000000000005 0.014000000000000005 6.6170448647811542
0.021999999999999999 0.014000000000000005 4.118833466534868
0.022499999999999999 0.014000000000000005 2.5161286558296827
0.023000000000000007 0.014000000000000005 1.508112456302837
0.023500000000000007 0.014000000000000005 0.88671716985929383
0.024 0.014000000000000005 0.51133808115480217
0.024500000000000001 0.014000000000000005 0.28915804921264698
0.025000000000000001 0.014000000000000005 0.16032786958062298
-0.025000000000000001 0.014499999999999999 0.11737723105486944
-0.024500000000000001 0.014499999999999999 0.21154535332527349
-0.024 0.014499999999999999 0.37390514271494485
-0.0235 0.014499999999999999 0.64822045930121164
-0.023 0.014499999999999999 1.1024627463159193
-0.022500000000000003 0.014499999999999999 1.8398167639105902
-0.022000000000000002 0.014499999999999999 3.0134140399020786
-0.021500000000000002 0.014499999999999999 4.8454800789743588
-0.021000000000000001 0.014499999999999999 7.6514926632668772
-0.020500000000000001 0.014499999999999999 11.869785834815154
-0.02 0.014499999999999999 18.096807078687142
-0.0195 0.014499999999999999 27.127962583302729
-0.019 0.014499999999999999 40.003682449001722
-0.018500000000000003 0.014499999999999999 58.059993983435973
-0.018000000000000002 0.014499999999999999 82.9824436701021
-0.017500000000000002 0.014499999999999999 116.86151961429769
-0.017000000000000001 0.014499999999999999 162.24658525070114
-0.016500000000000001 0.014499999999999999 222.19349923784614
-0.016 0.014499999999999999 300.29838834964738
-0.0155 0.014499999999999999 400.70649657128246
-0.015000000000000001 0.014499999999999999 528.08107814981861
-0.014500000000000001 0.014499999999999999 687.51388315159681
-0.014 0.014499999999999999 884.35739455850808
-0.0135 0.014499999999999999 1123.9614761693056
-0.012999999999999999 0.014499999999999999 1411.3052804789131
-0.012500000000000001 0.014499999999999999 1750.5302345215532
-0.012 0.014499999999999999 2144.4012991211857
-0.0115 0.014499999999999999 2593.7490316586632
-0.010999999999999999 0.014499999999999999 3096.9695297138737
-0.010499999999999999 0.014499999999999999 3649.676507577899
-0.010000000000000002 0.014499999999999999 4244.6023699494199
-0.0095000000000000015 0.014499999999999999 4871.827307822
-0.0090000000000000011 0.014499999999999999 5519.3747447983396
-0.0085000000000000006 0.014499999999999999 6174.1508273579102
-0.0080000000000000002 0.014499999999999999 6823.1341252406437
-0.0074999999999999997 0.014499999999999999 7454.6536582678773
-0.0069999999999999993 0.014499999999999999 8059.5458993086131
-0.0064999999999999988 0.014499999999999999 8631.9703279468795
-0.0059999999999999984 0.014499999999999999 9169.6983480848066
-0.0054999999999999979 0.014499999999999999 9673.7720862666338
-0.005000000000000001 0.014499999999999999 10147.546247152115
-0.0044999999999999971 0.014499999999999999 10595.255679171552
-0.0040000000000000001 0.014499999999999999 11020.364966865944
-0.0035000000000000031 0.014499999999999999 11424.02563331184
-0.0029999999999999992 0.014499999999999999 11803.970280468753
-0.0025000000000000022 0.014499999999999999 12154.103855054598
-0.0019999999999999983 0.014499999999999999 12464.919918451351
-0.0015000000000000013 0.014499999999999999 12724.700215709998
-0.00099999999999999742 0.014499999999999999 12921.285809339446
-0.00050000000000000044 0.014499999999999999 13044.076827915334
0 0.014499999999999999 13085.85748960509
0.00050000000000000044 0.014499999999999999 13044.069941682465
0.0010000000000000009 0.014499999999999999 12921.270817601948
0.0015000000000000013 0.014499999999999999 12724.674583561107
0.0020000000000000018 0.014499999999999999 12464.879611502649
0.0024999999999999988 0.014499999999999999 12154.043086835694
0.0030000000000000027 0.014499999999999999 11803.881221193547
0.0034999999999999996 0.014499999999999999 11423.898122887615
0.0040000000000000036 0.014499999999999999 11020.186287982426
0.0045000000000000005 0.014499999999999999 10595.010457272745
0.0049999999999999975 0.014499999999999999 10147.216550003857
0.0055000000000000014 0.014499999999999999 9673.3377932416224
0.0059999999999999984 0.014499999999999999 9169.1378450952798
0.0064999999999999988 0.014499999999999999 8631.2615563291074
0.0069999999999999993 0.014499999999999999 8058.6677462448961
0.0074999999999999997 0.014499999999999999 7453.5876257031559
0.0080000000000000002 0.014499999999999999 6821.8661599009411
0.0085000000000000006 0.014499999999999999 6172.673145063598
0.0090000000000000011 0.014499999999999999 5517.6874476287612
0.0095000000000000015 0.014499999999999999 4869.9395819685724
0.010000000000000002 0.014499999999999999 4242.533071591527
0.010500000000000002 0.014499999999999999 3647.4539954046995
0.011000000000000003 0.014499999999999999 3094.6306815406069
0.011500000000000003 0.014499999999999999 2591.3374789446743
0.012000000000000004 0.014499999999999999 2141.9650127486716
0.012499999999999997 0.014499999999999999 1748.1186818072306
0.013000000000000005 0.014499999999999999 1408.9664323046447
0.013499999999999998 0.014499999999999999 1121.7389639935304
0.014000000000000005 0.014499999999999999 882.28809619419769
0.014499999999999999 0.014499999999999999 685.62615728258118
0.014999999999999999 0.014499999999999999 526.39378094313406
0.0155 0.014499999999999999 399.22881419042221
0.016000000000000007 0.014499999999999999 299.03042281215238
0.016500000000000001 0.014499999999999999 221.12746623022898
0.017000000000000001 0.014499999999999999 161.36843121528358
0.017500000000000002 0.014499999999999999 116.15274590770774
0.017999999999999995 0.014499999999999999 82.421936281054755
0.018500000000000003 0.014499999999999999 57.625691879236129
0.019000000000000003 0.014499999999999999 39.673966942711701
0.019500000000000003 0.014499999999999999 26.882704314634889
0.019999999999999997 0.014499999999999999 17.918057596891309
0.020499999999999997 0.014499999999999999 11.742141139205708
0.021000000000000005 0.014499999999999999 7.5621831752073057
0.021500000000000005 0.014499999999999999 4.7842550111211368
0.021999999999999999 0.014499999999999999 2.9722898081782447
0.022499999999999999 0.014499999999999999 1.8127520670305108
0.023000000000000007 0.014499999999999999 1.0850107390729853
0.023500000000000007 0.014499999999999999 0.63719429527010862
0.024 0.014499999999999999 0.36707955014950688
0.024500000000000001 0.014499999999999999 0.20740542216362878
0.025000000000000001 0.014499999999999999 0.11491696130878759
-0.025000000000000001 0.014999999999999999 0.082109246782230805
-0.024500000000000001 0.014999999999999999 0.14815187685748885
-0.024 0.014999999999999999 0.26219266844413397
-0.0235 0.014999999999999999 0.4552071974432671
-0.023 0.014999999999999999 0.77546602881401472
-0.022500000000000003 0.014999999999999999 1.2965400430362728
-0.022000000000000002 0.014999999999999999 2.1281342973540323
-0.021500000000000002 0.014999999999999999 3.4303612681708877
-0.021000000000000001 0.014999999999999999 5.4320604686904348
-0.020500000000000001 0.014999999999999999 8.4537290061761858
-0.02 0.014999999999999999 12.935548014250951
-0.0195 0.014999999999999999 19.4708737828323
-0.019 0.014999999999999999 28.845398589850159
-0.018500000000000003 0.014999999999999999 42.081934663071038
-0.018000000000000002 0.014999999999999999 60.49034833518558
-0.017500000000000002 0.014999999999999999 85.721426004906505
-0.017000000000000001 0.014999999999999999 119.8221981794867
-0.016500000000000001 0.014999999999999999 165.28829098896543
-0.016 0.014999999999999999 225.10611233947407
-0.0155 0.014999999999999999 302.77422254304605
-0.015000000000000001 0.014999999999999999 402.28954780775632
-0.014500000000000001 0.014999999999999999 528.08107814981838
-0.014 0.014999999999999999 684.87269626796206
-0.0135 0.014999999999999999 877.45941631753908
-0.012999999999999999 0.014999999999999999 1110.3890517193552
-0.012500000000000001 0.014999999999999999 1387.554975960179
-0.012 0.014999999999999999 1711.7246822643867
-0.0115 0.014999999999999999 2084.0509837928817
-0.010999999999999999 0.014999999999999999 2503.633698675646
-0.010499999999999999 0.014999999999999999 2967.2138231094532
-0.010000000000000002 0.014999999999999999 3469.0834110809406
-0.0095000000000000015 0.014999999999999999 4001.2777993928685
-0.0090000000000000011 0.014999999999999999 4554.0806786883586
-0.0085000000000000006 0.014999999999999999 5116.8196579926034
-0.0080000000000000002 0.014999999999999999 5678.8684578707735
-0.0074999999999999997 0.014999999999999999 6230.7142015265235
-0.0069999999999999993 0.014999999999999999 6764.9091351689876
-0.0064999999999999988 0.014999999999999999 7276.7188779748813
-0.0059999999999999984 0.014999999999999999 7764.31214159715
-0.0054999999999999979 0.014999999999999999 8228.4094410723574
-0.005000000000000001 0.014999999999999999 8671.4102813787522
-0.0044999999999999971 0.014999999999999999 9096.1302201490853
-0.0040000000000000001 0.014999999999999999 9504.3762150586699
-0.0035000000000000031 0.014999999999999999 9895.6461357194949
-0.0029999999999999992 0.014999999999999999 10266.238252499135
-0.0025000000000000022 0.014999999999999999 10608.992946888029
-0.0019999999999999983 0.014999999999999999 10913.770710411258
-0.0015000000000000013 0.014999999999999999 11168.620614313222
-0.00099999999999999742 0.014999999999999999 11361.444153674936
-0.00050000000000000044 0.014999999999999999 11481.845003779163
0 0.014999999999999999 11522.803646148166
0.00050000000000000044 0.014999999999999999 11481.841232239314
0.0010000000000000009 0.014999999999999999 11361.43594280893
0.0015000000000000013 0.014999999999999999 11168.606575770991
0.0020000000000000018 0.014999999999999999 10913.748634587499
0.0024999999999999988 0.014999999999999999 10608.959664574835
0.0030000000000000027 0.014999999999999999 10266.189475379388
0.0034999999999999996 0.014999999999999999 9895.5762991840311
0.0040000000000000036 0.014999999999999999 9504.2783539287939
0.0045000000000000005 0.014999999999999999 9095.9959138918712
0.0049999999999999975 0.014999999999999999 8671.2297086394865
0.0055000000000000014 0.014999999999999999 8228.1715819292476
0.0059999999999999984 0.014999999999999999 7764.0051581709367
0.0064999999999999988 0.014999999999999999 7276.3306888952657
0.0069999999999999993 0.014999999999999999 6764.4281770986927
0.0074999999999999997 0.014999999999999999 6230.130343214817
0.0080000000000000002 0.014999999999999999 5678.1740024413239
0.0085000000000000006 0.014999999999999999 5116.0103421066287
0.0090000000000000011 0.014999999999999999 4553.1565582539743
0.0095000000000000015 0.014999999999999999 4000.2439056205562
0.010000000000000002 0.014999999999999999 3467.9500713635252
0.010500000000000002 0.014999999999999999 2965.996569295512
0.011000000000000003 0.014999999999999999 2502.3527284773863
0.011500000000000003 0.014999999999999999 2082.7301938444521
0.012000000000000004 0.014999999999999999 1710.3903458703926
0.012499999999999997 0.014999999999999999 1386.2341860115682
0.013000000000000005 0.014999999999999999 1109.1080815205471
0.013499999999999998 0.014999999999999999 876.24216250218797
0.014000000000000005 0.014999999999999999 683.73935654703155
0.014499999999999999 0.014999999999999999 527.04718436896906
0.014999999999999999 0.014999999999999999 401.3654273530496
0.0155 0.014999999999999999 301.96490660966884
0.016000000000000007 0.014999999999999999 224.41165680169422
0.016500000000000001 0.014999999999999999 164.70443243468776
0.017000000000000001 0.014999999999999999 119.34123957699649
0.017500000000000002 0.014999999999999999 85.33323578126172
0.017999999999999995 0.014999999999999999 60.183362499388075
0.018500000000000003 0.014999999999999999 41.844070547357894
0.019000000000000003 0.014999999999999999 28.664815796024904
0.019500000000000003 0.014999999999999999 19.336547606113673
0.019999999999999997 0.014999999999999999 12.837648218209482
0.020499999999999997 0.014999999999999999 8.3838189312467808
0.021000000000000005 0.014999999999999999 5.3831463091764569
0.021500000000000005 0.014999999999999999 3.3968287421168948
0.021999999999999999 0.014999999999999999 2.1056108536065206
0.022499999999999999 0.014999999999999999 1.2817169046536347
0.023000000000000007 0.014999999999999999 0.76590769089642985
0.023500000000000007 0.014999999999999999 0.44916824729404015
0.024 0.014999999999999999 0.25845434085120766
0.024500000000000001 0.014999999999999999 0.14588446655632931
0.025000000000000001 0.014999999999999999 0.080761774868306296
-0.025000000000000001 0.0155 0.056381614026593661
-0.024500000000000001 0.0155 0.10185650737206749
-0.024 0.0155 0.1805141578637082
-0.0235 0.0155 0.31390276198053013
-0.023 0.0155 0.53572887088797716
-0.022500000000000003 0.0155 0.89759757724225286
-0.022000000000000002 0.0155 1.4768723941029565
-0.021500000000000002 0.0155 2.3871805355968965
-0.021000000000000001 0.0155 3.7921343042377633
-0.020500000000000001 0.0155 5.9228687292418849
-0.02 0.0155 9.1000060402017908
-0.0195 0.0155 13.760639376518151
-0.019 0.0155 20.490855773811884
-0.018500000000000003 0.0155 30.06413765447444
-0.018000000000000002 0.0155 43.485598027336103
-0.017500000000000002 0.0155 62.041279053392081
-0.017000000000000001 0.0155 87.350510474214119
-0.016500000000000001 0.0155 121.4174344089042
-0.016 0.0155 166.67520192305793
-0.0155 0.0155 226.01317963092526
-0.015000000000000001 0.0155 302.7742225430456
-0.014500000000000001 0.0155 400.70649657128155
-0.014 0.0155 523.85364144135337
-0.0135 0.0155 676.36960108270262
-0.012999999999999999 0.0155 862.2514075264753
-0.012500000000000001 0.0155 1084.9951568035156
-0.012 0.0155 1347.1968043482423
-0.0115 0.0155 1650.1381656187771
-0.010999999999999999 0.0155 1993.4159873712299
-0.010499999999999999 0.0155 2374.6833332290944
-0.010000000000000002 0.0155 2789.5727465203781
-0.0095000000000000015 0.0155 3231.8557975184235
-0.0090000000000000011 0.0155 3693.8624366586068
-0.0085000000000000006 0.0155 4167.1386950380656
-0.0080000000000000002 0.0155 4643.2696758594093
-0.0074999999999999997 0.0155 5114.7470896720006
-0.0069999999999999993 0.0155 5575.7291246151517
-0.0064999999999999988 0.0155 6022.5362974287273
-0.0059999999999999984 0.0155 6453.7566817679644
-0.0054999999999999979 0.0155 6869.8969185532169
-0.005000000000000001 0.0155 7272.6025836225335
-0.0044999999999999971 0.0155 7663.5661477213052
-0.0040000000000000001 0.0155 8043.321773373731
-0.0035000000000000031 0.0155 8410.1727618782097
-0.0029999999999999992 0.0155 8759.4945562689027
-0.0025000000000000022 0.0155 9083.5991024084105
-0.0019999999999999983 0.0155 9372.2430083567488
-0.0015000000000000013 0.0155 9613.7321577953117
-0.00099999999999999742 0.0155 9796.4470071244523
-0.00050000000000000044 0.0155 9910.5151107593229
0 0.0155 9949.3142667031188
0.00050000000000000044 0.0155 9910.5130868430442
0.0010000000000000009 0.0155 9796.4426009386389
0.0015000000000000013 0.0155 9613.724624311566
0.0020000000000000018 0.0155 9372.2311618375879
0.0024999999999999988 0.0155 9083.5812421661267
0.0030000000000000027 0.0155 8759.4683810697352
0.0034999999999999996 0.0155 8410.1352855935438
0.0040000000000000036 0.0155 8043.2692582892323
0.0045000000000000005 0.0155 7663.4940751378908
0.0049999999999999975 0.0155 7272.5056831200345
0.0055000000000000014 0.0155 6869.7692765260472
0.0059999999999999984 0.0155 6453.5919456711445
0.0064999999999999988 0.0155 6022.3279840530095
0.0069999999999999993 0.0155 5575.4710287426406
0.0074999999999999997 0.0155 5114.4337745834537
0.0080000000000000002 0.0155 4642.8970111905883
0.0085000000000000006 0.0155 4166.7043929593019
0.0090000000000000011 0.0155 3693.3665271717978
0.0095000000000000015 0.0155 3231.3009805151796
0.010000000000000002 0.0155 2788.9645639754085
0.010500000000000002 0.0155 2374.0301199770897
0.011000000000000003 0.0155 1992.7285820829143
0.011500000000000003 0.0155 1649.4293919123024
0.012000000000000004 0.0155 1346.4807612311822
0.012499999999999997 0.0155 1084.2863830969447
0.013000000000000005 0.0155 861.56400223786545
0.013499999999999998 0.0155 675.71638782994273
0.014000000000000005 0.0155 523.2454588944961
0.014499999999999999 0.0155 400.15167956345647
0.014999999999999999 0.0155 302.2783130453318
0.0155 0.0155 225.57887752672573
0.016000000000000007 0.0155 166.30253719610454
0.016500000000000001 0.0155 121.10411919018658
0.017000000000000001 0.0155 87.092414316113349
0.017500000000000002 0.0155 61.83296506375499
0.017999999999999995 0.0155 43.320860637464222
0.018500000000000003 0.0155 29.936492958864992
0.019000000000000003 0.0155 20.39394987574893
0.019500000000000003 0.0155 13.688556103729281
0.019999999999999997 0.0155 9.0474702063351593
0.020499999999999997 0.0155 5.8853529811953926
0.021000000000000005 0.0155 3.7658855656105206
0.021500000000000005 0.0155 2.3691860219295213
0.021999999999999999 0.0155 1.4647856692407057
0.022499999999999999 0.0155 0.88964305673311406
0.023000000000000007 0.0155 0.53059959306326232
0.023500000000000007 0.0155 0.3106620884081937
0.024 0.0155 0.17850806423223772
0.024500000000000001 0.0155 0.10063975007832641
0.025000000000000001 0.0155 0.055658522013409963
-0.025000000000000001 0.016000000000000007 0.038001078681528022
-0.024500000000000001 0.016000000000000007 0.068744975133861408
-0.024 0.016000000000000007 0.12202371641555128
-0.0235 0.016000000000000007 0.21257425790538878
-0.023 0.016000000000000007 0.36354742662618533
-0.022500000000000003 0.016000000000000007 0.61056736507678688
-0.022000000000000002 0.016000000000000007 1.0073598466040041
-0.021500000000000002 0.016000000000000007 1.633388335463547
-0.021000000000000001 0.016000000000000007 2.6040051148709029
-0.020500000000000001 0.016000000000000007 4.0836915885531813
-0.02 0.016000000000000007 6.3030211669637612
-0.0195 0.016000000000000007 9.5800154262323822
-0.019 0.016000000000000007 14.346548014199012
-0.018500000000000003 0.016000000000000007 21.180323123355752
-0.018000000000000002 0.016000000000000007 30.842624491891872
-0.017500000000000002 0.016000000000000007 44.321372366650316
-0.017000000000000001 0.016000000000000007 62.877899885068409
-0.016500000000000001 0.016000000000000007 88.094152522587677
-0.016 0.016000000000000007 121.91470190712225
-0.0155 0.016000000000000007 166.67520192305722
-0.015000000000000001 0.016000000000000007 225.10611233947284
-0.014500000000000001 0.016000000000000007 300.29838834964539
-0.014 0.016000000000000007 395.61736813356566
-0.0135 0.016000000000000007 514.5533890341336
-0.012999999999999999 0.016000000000000007 660.50366941366542
-0.012500000000000001 0.016000000000000007 836.49010754171991
-0.012 0.016000000000000007 1044.8313243355033
-0.0115 0.016000000000000007 1286.8027270634032
-0.010999999999999999 0.016000000000000007 1562.3325385660057
-0.010499999999999999 0.016000000000000007 1869.7906488001247
-0.010000000000000002 0.016000000000000007 2205.9267032781554
-0.0095000000000000015 0.016000000000000007 2566.0009493627981
-0.0090000000000000011 0.016000000000000007 2944.1251533329846
-0.0085000000000000006 0.016000000000000007 3333.7937255722945
-0.0080000000000000002 0.016000000000000007 3728.5429363816015
-0.0074999999999999997 0.016000000000000007 4122.6375896892632
-0.0069999999999999993 0.016000000000000007 4511.6598657044478
-0.0064999999999999988 0.016000000000000007 4892.873243786823
-0.0059999999999999984 0.016000000000000007 5265.2606679589198
-0.0054999999999999979 0.016000000000000007 5629.1896084663977
-0.005000000000000001 0.016000000000000007 5985.7296102302307
-0.0044999999999999971 0.016000000000000007 6335.7262985510288
-0.0040000000000000001 0.016000000000000007 6678.8020288226107
-0.0035000000000000031 0.016000000000000007 7012.4902217212375
-0.0029999999999999992 0.016000000000000007 7331.7056091511713
-0.0025000000000000022 0.016000000000000007 7628.7024768792544
-0.0019999999999999983 0.016000000000000007 7893.584449058314
-0.0015000000000000013 0.016000000000000007 8115.3192454211467
-0.00099999999999999742 0.016000000000000007 8283.1035599893148
-0.00050000000000000044 0.016000000000000007 8387.8414295372477
0 0.016000000000000007 8423.4640912168488
0.00050000000000000044 0.016000000000000007 8387.8403653863061
0.0010000000000000009 0.016000000000000007 8283.1012432695788
0.0015000000000000013 0.016000000000000007 8115.3152844056076
0.0020000000000000018 0.016000000000000007 7893.5782203004073
0.0024999999999999988 0.016000000000000007 7628.6930861777491
0.0030000000000000027 0.016000000000000007 7331.6918465449116
0.0034999999999999996 0.016000000000000007 7012.4705171395626
0.0040000000000000036 0.016000000000000007 6678.7744170200776
0.0045000000000000005 0.016000000000000007 6335.6884036497795
0.0049999999999999975 0.016000000000000007 5985.6786611064572
0.0055000000000000014 0.016000000000000007 5629.1224958170978
0.0059999999999999984 0.016000000000000007 5265.1740516920217
0.0064999999999999988 0.016000000000000007 4892.7637151085428
0.0069999999999999993 0.016000000000000007 4511.5241619855287
0.0074999999999999997 0.016000000000000007 4122.4728523678341
0.0080000000000000002 0.016000000000000007 3728.3469937616092
0.0085000000000000006 0.016000000000000007 3333.565374740298
0.0090000000000000011 0.016000000000000007 2943.864410063622
0.0095000000000000015 0.016000000000000007 2565.7092332267448
0.010000000000000002 0.016000000000000007 2205.6069281793461
0.010500000000000002 0.016000000000000007 1869.4471970948243
0.011000000000000003 0.016000000000000007 1561.971109097482
0.011500000000000003 0.016000000000000007 1286.4300623365104
0.012000000000000004 0.016000000000000007 1044.4548374395804
0.012499999999999997 0.016000000000000007 836.11744281477786
0.013000000000000005 0.016000000000000007 660.14223994498695
0.013499999999999998 0.016000000000000007 514.20993732843669
0.014000000000000005 0.016000000000000007 395.29759303376329
0.014499999999999999 0.016000000000000007 300.00667221118351
0.014999999999999999 0.016000000000000007 224.84536906437611
0.0155 0.016000000000000007 166.44685107768618
0.016000000000000007 0.016000000000000007 121.71875925656398
0.016500000000000001 0.016000000000000007 87.929415132715647
0.017000000000000001 0.016000000000000007 62.742196015988732
0.017500000000000002 0.016000000000000007 44.211843365578822
0.017999999999999995 0.016000000000000007 30.756007545122124
0.018500000000000003 0.016000000000000007 21.113209071022844
0.019000000000000003 0.016000000000000007 14.295596053501278
0.019500000000000003 0.016000000000000007 9.54211490463857
0.019999999999999997 0.016000000000000007 6.2753984546634713
0.020499999999999997 0.016000000000000007 4.0639662575029654
0.021000000000000005 0.016000000000000007 2.5902038424444185
0.021500000000000005 0.016000000000000007 1.6239270356718742
0.021999999999999999 0.016000000000000007 1.0010047914169042
0.022499999999999999 0.016000000000000007 0.60638497345303211
0.023000000000000007 0.016000000000000007 0.36085051377199751
0.023500000000000007 0.016000000000000007 0.21087035054998127
0.024 0.016000000000000007 0.12096893640824731
0.024500000000000001 0.016000000000000007 0.068105218720179633
0.025000000000000001 0.016000000000000007 0.037620885560438119
-0.025000000000000001 0.016500000000000001 0.025140470859822399
-0.024500000000000001 0.016500000000000001 0.045549858764493655
-0.024 0.016500000000000001 0.080995584618931721
-0.0235 0.016500000000000001 0.14138955863925998
-0.023 0.016500000000000001 0.24237804534855903
-0.022500000000000003 0.016500000000000001 0.40817433079056797
-0.022000000000000002 0.016500000000000001 0.67553811549462894
-0.021500000000000002 0.016500000000000001 1.099257895811772
-0.021000000000000001 0.016500000000000001 1.7595677200829212
-0.020500000000000001 0.016500000000000001 2.7720106650160026
-0.02 0.016500000000000001 4.3003416162389891
-0.0195 0.016500000000000001 6.5731255381210287
-0.019 0.016500000000000001 9.9047024549031573
-0.018500000000000003 0.016500000000000001 14.721101829666669
-0.018000000000000002 0.016500000000000001 21.591214458473043
-0.017500000000000002 0.016500000000000001 31.262962728634115
-0.017000000000000001 0.016500000000000001 44.703236036490843
-0.016500000000000001 0.016500000000000001 63.138891060141297
-0.016 0.016500000000000001 88.094152522588033
-0.0155 0.016500000000000001 121.4174344089042
-0.015000000000000001 0.016500000000000001 165.28829098896514
-0.014500000000000001 0.016500000000000001 222.19349923784549
-0.014 0.016500000000000001 294.86097305868913
-0.0135 0.016500000000000001 386.1421967613183
-0.012999999999999999 0.016500000000000001 498.83887079226099
-0.012500000000000001 0.016500000000000001 635.47775986033594
-0.012 0.016500000000000001 798.04882290669855
-0.0115 0.016500000000000001 987.73409257731271
-0.010999999999999999 0.016500000000000001 1204.6659641405904
-0.010499999999999999 0.016500000000000001 1447.7603565022941
-0.010000000000000002 0.016500000000000001 1714.6693714703927
-0.0095000000000000015 0.016500000000000001 2001.8872031940371
-0.0090000000000000011 0.016500000000000001 2305.0215677188398
-0.0085000000000000006 0.016500000000000001 2619.2128533094319
-0.0080000000000000002 0.016500000000000001 2939.6493843759499
-0.0074999999999999997 0.016500000000000001 3262.0968033946824
-0.0069999999999999993 0.016500000000000001 3583.3407403961282
-0.0064999999999999988 0.016500000000000001 3901.4418101195274
-0.0059999999999999984 0.016500000000000001 4215.7245682440807
-0.0054999999999999979 0.016500000000000001 4526.4664938760588
-0.005000000000000001 0.016500000000000001 4834.3128201070795
-0.0044999999999999971 0.016500000000000001 5139.5065911506836
-0.0040000000000000001 0.016500000000000001 5441.0763186489175
-0.0035000000000000031 0.016500000000000001 5736.1520970893735
-0.0029999999999999992 0.016500000000000001 6019.5751398406683
-0.0025000000000000022 0.016500000000000001 6283.9226529384323
-0.0019999999999999983 0.016500000000000001 6519.9956721723602
-0.0015000000000000013 0.016500000000000001 6717.7259360001044
-0.00099999999999999742 0.016500000000000001 6867.3683811073297
-0.00050000000000000044 0.016500000000000001 6960.778732961875
0 0.016500000000000001 6992.5472577599039
0.00050000000000000044 0.016500000000000001 6960.778184747056
0.0010000000000000009 0.016500000000000001 6867.3671876111439
0.0015000000000000013 0.016500000000000001 6717.7238954179547
0.0020000000000000018 0.016500000000000001 6519.992463325515
0.0024999999999999988 0.016500000000000001 6283.9178151644601
0.0030000000000000027 0.016500000000000001 6019.5680498082202
0.0034999999999999996 0.016500000000000001 5736.1419459507888
0.0040000000000000036 0.016500000000000001 5441.0620939757582
0.0045000000000000005 0.016500000000000001 5139.487068970484
0.0049999999999999975 0.016500000000000001 4834.2865728299394
0.0055000000000000014 0.016500000000000001 4526.4319196935148
0.0059999999999999984 0.016500000000000001 4215.6799464528958
0.0064999999999999988 0.016500000000000001 3901.385384623648
0.0069999999999999993 0.016500000000000001 3583.2708303985564
0.0074999999999999997 0.016500000000000001 3262.0119362603627
0.0080000000000000002 0.016500000000000001 2939.5484413200261
0.0085000000000000006 0.016500000000000001 2619.0952146313057
0.0090000000000000011 0.016500000000000001 2304.8872415450755
0.0095000000000000015 0.016500000000000001 2001.736920839762
0.010000000000000002 0.016500000000000001 1714.5046340810327
0.010500000000000002 0.016500000000000001 1447.5834217205884
0.011000000000000003 0.016500000000000001 1204.4797678191617
0.011500000000000003 0.016500000000000001 987.54210822817583
0.012000000000000004 0.016500000000000001 797.8548695044675
0.012499999999999997 0.016500000000000001 635.28577551117428
0.013000000000000005 0.016500000000000001 498.65267447075308
0.013499999999999998 0.016500000000000001 385.96526197940898
0.014000000000000005 0.016500000000000001 294.69623566881683
0.014499999999999999 0.016500000000000001 222.04321688232932
0.014999999999999999 0.016500000000000001 165.15396481224704
0.0155 0.016500000000000001 121.29979572388851
0.016000000000000007 0.016500000000000001 87.99320945091813
0.016500000000000001 0.016500000000000001 63.054023890562917
0.017000000000000001 0.016500000000000001 44.633325961561439
0.017500000000000002 0.016500000000000001 31.206537066464136
0.017999999999999995 0.016500000000000001 21.546592317041924
0.018500000000000003 0.016500000000000001 14.686526924328827
0.019000000000000003 0.016500000000000001 9.8784537162759136
0.019500000000000003 0.016500000000000001 6.5536004625100217
0.019999999999999997 0.016500000000000001 4.2861113227347376
0.020499999999999997 0.016500000000000001 2.7618488370513314
0.021000000000000005 0.016500000000000001 1.7524577681264986
0.021500000000000005 0.016500000000000001 1.0943837519730495
0.021999999999999999 0.016500000000000001 0.67226420453451097
0.022499999999999999 0.016500000000000001 0.40601970311647428
0.023000000000000007 0.016500000000000001 0.2409886864379171
0.023500000000000007 0.016500000000000001 0.14051176280560296
0.024 0.016500000000000001 0.080452197390220109
0.024500000000000001 0.016500000000000001 0.045220277750183772
0.025000000000000001 0.016500000000000001 0.024944608134880992
-0.025000000000000001 0.017000000000000001 0.016326913402672998
-0.024500000000000001 0.017000000000000001 0.029633233099653142
-0.024 0.017000000000000001 0.052799977825740189
-0.0235 0.017000000000000001 0.092386086343734811
-0.023 0.017000000000000001 0.15880132985500281
-0.022500000000000003 0.017000000000000001 0.26825743765189747
-0.022000000000000002 0.017000000000000001 0.44554676562416196
-0.021500000000000002 0.017000000000000001 0.72793021105373135
-0.021000000000000001 0.017000000000000001 1.1704877122151862
-0.020500000000000001 0.017000000000000001 1.8533654303888625
-0.02 0.017000000000000001 2.8914372728106144
-0.0195 0.017000000000000001 4.4469696424281793
-0.019 0.017000000000000001 6.7459079788365202
-0.018500000000000003 0.017000000000000001 10.098343340155109
-0.018000000000000002 0.017000000000000001 14.923496827630194
-0.017500000000000002 0.017000000000000001 21.779091280024474
-0.017000000000000001 0.017000000000000001 31.394172866718154
-0.016500000000000001 0.017000000000000001 44.703236036490843
-0.016 0.017000000000000001 62.877899885068636
-0.0155 0.017000000000000001 87.350510474214119
-0.015000000000000001 0.017000000000000001 119.82219817948648
-0.014500000000000001 0.017000000000000001 162.24658525070075
-0.014 0.017000000000000001 216.78015438851756
-0.0135 0.017000000000000001 285.69194146128427
-0.012999999999999999 0.017000000000000001 371.22925827756359
-0.012500000000000001 0.017000000000000001 475.44276599471397
-0.012 0.017000000000000001 599.98297324699593
-0.0115 0.017000000000000001 745.88991384530084
-0.010999999999999999 0.017000000000000001 913.40638255604256
-0.010499999999999999 0.017000000000000001 1101.8501657234899
-0.010000000000000002 0.017000000000000001 1309.5796762121729
-0.0095000000000000015 0.017000000000000001 1534.0784702923409
-0.0090000000000000011 0.017000000000000001 1772.1669301066102
-0.0085000000000000006 0.017000000000000001 2020.3256270084603
-0.0080000000000000002 0.017000000000000001 2275.0884387285741
-0.0074999999999999997 0.017000000000000001 2533.4400610795378
-0.0069999999999999993 0.017000000000000001 2793.1385349391321
-0.0064999999999999988 0.017000000000000001 3052.8843701621163
-0.0059999999999999984 0.017000000000000001 3312.2768287100334
-0.0054999999999999979 0.017000000000000001 3571.5340659440835
-0.005000000000000001 0.017000000000000001 3831.0017783435533
-0.0044999999999999971 0.017000000000000001 4090.5254916350746
-0.0040000000000000001 0.017000000000000001 4348.8031598617235
-0.0035000000000000031 0.017000000000000001 4602.8562510980692
-0.0029999999999999992 0.017000000000000001 4847.7511961239043
-0.0025000000000000022 0.017000000000000001 5076.6669363239826
-0.0019999999999999983 0.017000000000000001 5281.3432417853401
-0.0015000000000000013 0.017000000000000001 5452.8698695161565
-0.00099999999999999742 0.017000000000000001 5582.7041409031353
-0.00050000000000000044 0.017000000000000001 5663.7505207879512
0 0.017000000000000001 5691.3134223112011
0.00050000000000000044 0.017000000000000001 5663.7502440713861
0.0010000000000000009 0.017000000000000001 5582.7035384747578
0.0015000000000000013 0.017000000000000001 5452.8688395132058
0.0020000000000000018 0.017000000000000001 5281.3416220898462
0.0024999999999999988 0.017000000000000001 5076.6644944122672
0.0030000000000000027 0.017000000000000001 4847.7476173636314
0.0034999999999999996 0.017000000000000001 4602.8511272158084
0.0040000000000000036 0.017000000000000001 4348.7959798247384
0.0045000000000000005 0.017000000000000001 4090.5156376318032
0.0049999999999999975 0.017000000000000001 3830.9885297846258
0.0055000000000000014 0.017000000000000001 3571.5166143016763
0.0059999999999999984 0.017000000000000001 3312.2543054430757
0.0064999999999999988 0.017000000000000001 3052.8558888646785
0.0069999999999999993 0.017000000000000001 2793.1032472131906
0.0074999999999999997 0.017000000000000001 2533.3972235987585
0.0080000000000000002 0.017000000000000001 2275.0374867758233
0.0085000000000000006 0.017000000000000001 2020.2662477840593
0.0090000000000000011 0.017000000000000001 1772.099127712517
0.0095000000000000015 0.017000000000000001 1534.0026138667142
0.010000000000000002 0.017000000000000001 1309.4965234722245
0.010500000000000002 0.017000000000000001 1101.7608562355333
0.011000000000000003 0.017000000000000001 913.31239821918268
0.011500000000000003 0.017000000000000001 745.79300794725282
0.012000000000000004 0.017000000000000001 599.88507345096014
0.012499999999999997 0.017000000000000001 475.34586009665458
0.013000000000000005 0.017000000000000001 371.13527394066324
0.013499999999999998 0.017000000000000001 285.60263197322575
0.014000000000000005 0.017000000000000001 216.69700164831065
0.014499999999999999 0.017000000000000001 162.17072882444825
0.014999999999999999 0.017000000000000001 119.75439578390255
0.0155 0.017000000000000001 87.291131246335382
0.016000000000000007 0.017000000000000001 62.826947924370728
0.016500000000000001 0.017000000000000001 44.660398537915071
0.017000000000000001 0.017000000000000001 31.358885101730841
0.017500000000000002 0.017000000000000001 21.75060989865106
0.017999999999999995 0.017000000000000001 14.900973383882768
0.018500000000000003 0.017000000000000001 10.080891332912197
0.019000000000000003 0.017000000000000001 6.7326586822104275
0.019500000000000003 0.017000000000000001 4.4371141776726812
0.019999999999999997 0.017000000000000001 2.884254398906021
0.020499999999999997 0.017000000000000001 1.8482361525641577
0.021000000000000005 0.017000000000000001 1.1668988973846655
0.021500000000000005 0.017000000000000001 0.72546994130764719
0.021999999999999999 0.017000000000000001 0.44389422840879306
0.022499999999999999 0.017000000000000001 0.26716986915657875
0.023000000000000007 0.017000000000000001 0.15810003793432748
0.023500000000000007 0.017000000000000001 0.091943010676654779
0.024 0.017000000000000001 0.05252569803354639
0.024500000000000001 0.017000000000000001 0.029466873996347995
0.025000000000000001 0.017000000000000001 0.01622804985811967
-0.025000000000000001 0.017500000000000002 0.010409949060026369
-0.024500000000000001 0.017500000000000002 0.018931988765726781
-0.024 0.017500000000000002 0.033811191178040448
-0.0235 0.017500000000000002 0.059319568483587375
-0.023 0.017500000000000002 0.10227845324662989
-0.022500000000000003 0.017500000000000002 0.17338550847761949
-0.022000000000000002 0.017500000000000002 0.2891311709562624
-0.021500000000000002 0.017500000000000002 0.47452177555826419
-0.021000000000000001 0.017500000000000002 0.76688939689104241
-0.020500000000000001 0.017500000000000002 1.2211410593749081
-0.02 0.017500000000000002 1.9168768389720781
-0.0195 0.017500000000000002 2.9678742782440501
-0.019 0.017500000000000002 4.5344705029251555
-0.018500000000000003 0.017500000000000002 6.8393330819170632
-0.018000000000000002 0.017500000000000002 10.18693892217919
-0.017500000000000002 0.017500000000000002 14.98670756575968
-0.017000000000000001 0.017500000000000002 21.779091280024474
-0.016500000000000001 0.017500000000000002 31.262962728634115
-0.016 0.017500000000000002 44.321372366650571
-0.0155 0.017500000000000002 62.041279053392081
-0.015000000000000001 0.017500000000000002 85.721426004906348
-0.014500000000000001 0.017500000000000002 116.86151961429742
-0.014 0.017500000000000002 157.12576406505241
-0.0135 0.017500000000000002 208.27513318748166
-0.012999999999999999 0.017500000000000002 272.0659338876282
-0.012500000000000001 0.017500000000000002 350.11734936551363
-0.012 0.017500000000000002 443.75738516817535
-0.0115 0.017500000000000002 553.86402048562604
-0.010999999999999999 0.017500000000000002 680.72485057374899
-0.010499999999999999 0.017500000000000002 823.94216811425474
-0.010000000000000002 0.017500000000000002 982.40935926877523
-0.0095000000000000015 0.017500000000000002 1154.3773335582714
-0.0090000000000000011 0.017500000000000002 1337.6162564997064
-0.0085000000000000006 0.017500000000000002 1529.6594818286885
-0.0080000000000000002 0.017500000000000002 1728.0963535276358
-0.0074999999999999997 0.017500000000000002 1930.862884918703
-0.0069999999999999993 0.017500000000000002 2136.4691579466703
-0.0064999999999999988 0.017500000000000002 2344.1038684199498
-0.0059999999999999984 0.017500000000000002 2553.5720233997117
-0.0054999999999999979 0.017500000000000002 2765.0505759371586
-0.005000000000000001 0.017500000000000002 2978.6844788837225
-0.0044999999999999971 0.017500000000000002 3194.0849336538658
-0.0040000000000000001 0.017500000000000002 3409.8235006205582
-0.0035000000000000031 0.017500000000000002 3623.0315906000278
-0.0029999999999999992 0.017500000000000002 3829.2086748975821
-0.0025000000000000022 0.017500000000000002 4022.3128697167358
-0.0019999999999999983 0.017500000000000002 4195.1583761154961
-0.0015000000000000013 0.017500000000000002 4340.0846784244959
-0.00099999999999999742 0.017500000000000002 4449.8048374425025
-0.00050000000000000044 0.017500000000000002 4518.2976219381499
0 0.017500000000000002 4541.5909730840967
0.00050000000000000044 0.017500000000000002 4518.2974850844994
0.0010000000000000009 0.017500000000000002 4449.8045395039844
0.0015000000000000013 0.017500000000000002 4340.0841690236039
0.0020000000000000018 0.017500000000000002 4195.1575750747534
0.0024999999999999988 0.017500000000000002 4022.3116620386377
0.0030000000000000027 0.017500000000000002 3829.2069049767547
0.0034999999999999996 0.017500000000000002 3623.0290565197224
0.0040000000000000036 0.017500000000000002 3409.8199496431143
0.0045000000000000005 0.017500000000000002 3194.0800602328213
0.0049999999999999975 0.017500000000000002 2978.6779266425578
0.0055000000000000014 0.017500000000000002 2765.041945008285
0.0059999999999999984 0.017500000000000002 2553.560884235239
0.0064999999999999988 0.017500000000000002 2344.0897826366945
0.0069999999999999993 0.017500000000000002 2136.4517059587379
0.0074999999999999997 0.017500000000000002 1930.8416991047227
0.0080000000000000002 0.017500000000000002 1728.0711545996569
0.0085000000000000006 0.017500000000000002 1529.6301150877034
0.0090000000000000011 0.017500000000000002 1337.5827239743903
0.0095000000000000015 0.017500000000000002 1154.3398178105351
0.010000000000000002 0.017500000000000002 982.36823503717926
0.010500000000000002 0.017500000000000002 823.89799898562728
0.011000000000000003 0.017500000000000002 680.6783694398996
0.011500000000000003 0.017500000000000002 553.8160944570094
0.012000000000000004 0.017500000000000002 443.70896759482923
0.012499999999999997 0.017500000000000002 350.0694233368913
0.013000000000000005 0.017500000000000002 272.01945275375942
0.013499999999999998 0.017500000000000002 208.23096405880466
0.014000000000000005 0.017500000000000002 157.08463983332837
0.014499999999999999 0.017500000000000002 116.82400386625133
0.014999999999999999 0.017500000000000002 85.687893478852644
0.0155 0.017500000000000002 62.011912310687123
0.016000000000000007 0.017500000000000002 44.296173434741377
0.016500000000000001 0.017500000000000002 31.241776905851619
0.017000000000000001 0.017500000000000002 21.761639272781579
0.017500000000000002 0.017500000000000002 14.972621740993063
0.017999999999999995 0.017500000000000002 10.175799670272585
0.018500000000000003 0.017500000000000002 6.8307019726100222
0.019000000000000003 0.017500000000000002 4.5279178969223244
0.019500000000000003 0.017500000000000002 2.9630001344053229
0.019999999999999997 0.017500000000000002 1.9133244584953633
0.020499999999999997 0.017500000000000002 1.21860431062418
0.021000000000000005 0.017500000000000002 0.76511450345593246
0.021500000000000005 0.017500000000000002 0.47330501826452248
0.021999999999999999 0.017500000000000002 0.28831388792736629
0.022499999999999999 0.017500000000000002 0.17284763782289594
0.023000000000000007 0.017500000000000002 0.10193162052193257
0.023500000000000007 0.017500000000000002 0.059100439849234326
0.024 0.017500000000000002 0.033675542662990804
0.024500000000000001 0.017500000000000002 0.018849713782404673
0.025000000000000001 0.017500000000000002 0.010361054852750143
-0.025000000000000001 0.017999999999999995 0.0065176802780871042
-0.024500000000000001 0.017999999999999995 0.01188075631502524
-0.024 0.017999999999999995 0.021274882990893449
-0.0235 0.017999999999999995 0.037440163965976055
-0.023 0.017999999999999995 0.064781290903236755
-0.022500000000000003 0.017999999999999995 0.11025891413353354
-0.022000000000000002 0.017999999999999995 0.18469521166983688
-0.021500000000000002 0.017999999999999995 0.30465721477241386
-0.021000000000000001 0.017999999999999995 0.4951333003843737
-0.020500000000000001 0.017999999999999995 0.79327921045098937
-0.02 0.017999999999999995 1.2535753980441928
-0.0195 0.017999999999999995 1.9547965335218762
-0.019 0.017999999999999995 3.0092263828402377
-0.018500000000000003 0.017999999999999995 4.5745247844131853
-0.018000000000000002 0.017999999999999995 6.8685233349149515
-0.017500000000000002 0.017999999999999995 10.186938922179246
-0.017000000000000001 0.017999999999999995 14.923496827630272
-0.016500000000000001 0.017999999999999995 21.591214458473154
-0.016 0.017999999999999995 30.842624491892167
-0.0155 0.017999999999999995 43.485598027336323
-0.015000000000000001 0.017999999999999995 60.4903483351858
-0.014500000000000001 0.017999999999999995 82.982443670102271
-0.014 0.017999999999999995 112.21660521977115
-0.0135 0.017999999999999995 149.52710273965934
-0.012999999999999999 0.017999999999999995 196.25298475890025
-0.012500000000000001 0.017999999999999995 253.64026460512073
-0.012 0.017999999999999995 322.72823889531873
-0.0115 0.017999999999999995 404.23260577349157
-0.010999999999999999 0.017999999999999995 498.44280796975369
-0.010499999999999999 0.017999999999999995 605.15360490737601
-0.010000000000000002 0.017999999999999995 723.64985823726852
-0.0095000000000000015 0.017999999999999995 852.75791476798793
-0.0090000000000000011 0.017999999999999995 990.9666803265003
-0.0085000000000000006 0.017999999999999995 1136.6075842516987
-0.0080000000000000002 0.017999999999999995 1288.0674969702368
-0.0074999999999999997 0.017999999999999995 1443.9956451567068
-0.0069999999999999993 0.017999999999999995 1603.4583971730499
-0.0064999999999999988 0.017999999999999995 1765.9976408873363
-0.0059999999999999984 0.017999999999999995 1931.5609782806187
-0.0054999999999999979 0.017999999999999995 2100.2944120325769
-0.005000000000000001 0.017999999999999995 2272.2172409754721
-0.0044999999999999971 0.017999999999999995 2446.828853876882
-0.0040000000000000001 0.017999999999999995 2622.7210998529395
-0.0035000000000000031 0.017999999999999995 2797.2813226255344
-0.0029999999999999992 0.017999999999999995 2966.5654386823408
-0.0025000000000000022 0.017999999999999995 3125.396589117418
-0.0019999999999999983 0.017999999999999995 3267.70609738336
-0.0015000000000000013 0.017999999999999995 3387.0868292476839
-0.00099999999999999742 0.017999999999999995 3477.4842349890719
-0.00050000000000000044 0.017999999999999995 3533.917412212104
0 0.017999999999999995 3553.1094831020455
0.00050000000000000044 0.017999999999999995 3533.917345896692
0.0010000000000000009 0.017999999999999995 3477.4840906164868
0.0015000000000000013 0.017999999999999995 3387.0865824064094
0.0020000000000000018 0.017999999999999995 3267.7057092216546
0.0024999999999999988 0.017999999999999995 3125.3960039107455
0.0030000000000000027 0.017999999999999995 2966.5645810287306
0.0034999999999999996 0.017999999999999995 2797.2800946818406
0.0040000000000000036 0.017999999999999995 2622.7193791496334
0.0045000000000000005 0.017999999999999995 2446.8264923547827
0.0049999999999999975 0.017999999999999995 2272.2140659445931
0.0055000000000000014 0.017999999999999995 2100.2902297283849
0.0059999999999999984 0.017999999999999995 1931.5555805563479
0.0064999999999999988 0.017999999999999995 1765.9908153148854
0.0069999999999999993 0.017999999999999995 1603.4499404329545
0.0074999999999999997 0.017999999999999995 1443.9853791100397
0.0080000000000000002 0.017999999999999995 1288.0552862819516
0.0085000000000000006 0.017999999999999995 1136.5933539590278
0.0090000000000000011 0.017999999999999995 990.95043141248232
0.0095000000000000015 0.017999999999999995 852.73973569696579
0.010000000000000002 0.017999999999999995 723.62993059695702
0.010500000000000002 0.017999999999999995 605.13220179602285
0.011000000000000003 0.017999999999999995 498.42028452601556
0.011500000000000003 0.017999999999999995 404.20938217458706
0.012000000000000004 0.017999999999999995 322.70477710773105
0.012499999999999997 0.017999999999999995 253.61704100621401
0.013000000000000005 0.017999999999999995 196.23046131515258
0.013499999999999998 0.017999999999999995 149.50569962828217
0.014000000000000005 0.017999999999999995 112.19667757939757
0.014499999999999999 0.017999999999999995 82.964264598930228
0.014999999999999999 0.017999999999999995 60.474099420810909
0.0155 0.017999999999999995 43.471367733832089
0.016000000000000007 0.017999999999999995 30.830413801702111
0.016500000000000001 0.017999999999999995 21.580948407540923
0.017000000000000001 0.017999999999999995 14.915040078177357
0.017500000000000002 0.017999999999999995 10.180113329613823
0.017999999999999995 0.017999999999999995 6.8631255682766632
0.018500000000000003 0.017999999999999995 4.5703423927894331
0.019000000000000003 0.017999999999999995 3.0060511751716663
0.019500000000000003 0.017999999999999995 1.9524346611786021
0.019999999999999997 0.017999999999999995 1.251854014868329
0.020499999999999997 0.017999999999999995 0.79204997370410157
0.021000000000000005 0.017999999999999995 0.49427323719064042
0.021500000000000005 0.017999999999999995 0.30406760857783777
0.021999999999999999 0.017999999999999995 0.18429917941341512
0.022499999999999999 0.017999999999999995 0.1099982772164292
0.023000000000000007 0.017999999999999995 0.064613225567598617
0.023500000000000007 0.017999999999999995 0.037333980423137986
0.024 0.017999999999999995 0.021209151554419176
0.024500000000000001 0.017999999999999995 0.011840888183496637
0.025000000000000001 0.017999999999999995 0.0064939875271685932
-0.025000000000000001 0.018500000000000003 0.0040081898833275965
-0.024500000000000001 0.018500000000000003 0.0073257703578388988
-0.024 0.018500000000000003 0.013158451640153482
-0.0235 0.018500000000000003 0.023237884038243537
-0.023 0.018500000000000003 0.04036822087864033
-0.022500000000000003 0.018500000000000003 0.069017521825836009
-0.022000000000000002 0.018500000000000003 0.11619616806776123
-0.021500000000000002 0.018500000000000003 0.1927425874121157
-0.021000000000000001 0.018500000000000003 0.31517746100729382
-0.020500000000000001 0.018500000000000003 0.50833616749136967
-0.02 0.018500000000000003 0.80904188320031956
-0.0195 0.018500000000000003 1.2711299330469259
-0.019 0.018500000000000003 1.9721619258698873
-0.018500000000000003 0.018500000000000003 3.0221511595173336
-0.018000000000000002 0.018500000000000003 4.574524784413156
-0.017500000000000002 0.018500000000000003 6.8393330819170632
-0.017000000000000001 0.018500000000000003 10.098343340155109
-0.016500000000000001 0.018500000000000003 14.721101829666669
-0.016 0.018500000000000003 21.180323123355887
-0.0155 0.018500000000000003 30.06413765447444
-0.015000000000000001 0.018500000000000003 42.081934663070946
-0.014500000000000001 0.018500000000000003 58.059993983435795
-0.014 0.018500000000000003 78.923080074084638
-0.0135 0.018500000000000003 105.65895826645385
-0.012999999999999999 0.018500000000000003 139.2645991777253
-0.012500000000000001 0.018500000000000003 180.6757051382863
-0.012 0.018500000000000003 230.68489748768872
-0.0115 0.018500000000000003 289.85789327850244
-0.010999999999999999 0.018500000000000003 358.46040849068766
-0.010499999999999999 0.018500000000000003 436.41029027597727
-0.010000000000000002 0.018500000000000003 523.26847042911379
-0.0095000000000000015 0.018500000000000003 618.27804809109966
-0.0090000000000000011 0.018500000000000003 720.45310543193955
-0.0085000000000000006 0.018500000000000003 828.7085759663953
-0.0080000000000000002 0.018500000000000003 942.01139846338287
-0.0074999999999999997 0.018500000000000003 1059.5238070560677
-0.0069999999999999993 0.018500000000000003 1180.7046876953741
-0.0064999999999999988 0.018500000000000003 1305.3367979663124
-0.0059999999999999984 0.018500000000000003 1433.4574586697238
-0.0054999999999999979 0.018500000000000003 1565.1874850159559
-0.005000000000000001 0.018500000000000003 1700.4750542693166
-0.0044999999999999971 0.018500000000000003 1838.7936158617897
-0.0040000000000000001 0.018500000000000003 1978.8506318176028
-0.0035000000000000031 0.018500000000000003 2118.3719489214291
-0.0029999999999999992 0.018500000000000003 2254.0215847993322
-0.0025000000000000022 0.018500000000000003 2381.4979570807509
-0.0019999999999999983 0.018500000000000003 2495.8175929796789
-0.0015000000000000013 0.018500000000000003 2591.761575307396
-0.00099999999999999742 0.018500000000000003 2664.4257758390231
-0.00050000000000000044 0.018500000000000003 2709.7909457923738
0 0.018500000000000003 2725.2190619378439
0.00050000000000000044 0.018500000000000003 2709.7909143069605
0.0010000000000000009 0.018500000000000003 2664.4257072934106
0.0015000000000000013 0.018500000000000003 2591.7614581114181
0.0020000000000000018 0.018500000000000003 2495.8174086871991
0.0024999999999999988 0.018500000000000003 2381.4976792347202
0.0030000000000000027 0.018500000000000003 2254.0211776001979
0.0034999999999999996 0.018500000000000003 2118.3713659149512
0.0040000000000000036 0.018500000000000003 1978.8498148573633
0.0045000000000000005 0.018500000000000003 1838.7924946518458
0.0049999999999999975 0.018500000000000003 1700.4735468194428
0.0055000000000000014 0.018500000000000003 1565.1854993300922
0.0059999999999999984 0.018500000000000003 1433.4548959233787
0.0064999999999999988 0.018500000000000003 1305.3335573022903
0.0069999999999999993 0.018500000000000003 1180.7006725811002
0.0074999999999999997 0.018500000000000003 1059.5189329142538
0.0080000000000000002 0.018500000000000003 942.00560103928433
0.0085000000000000006 0.018500000000000003 828.70181966898338
0.0090000000000000011 0.018500000000000003 720.44539072794407
0.0095000000000000015 0.018500000000000003 618.26941698186386
0.010000000000000002 0.018500000000000003 523.25900912935185
0.010500000000000002 0.018500000000000003 436.40012844802419
0.011000000000000003 0.018500000000000003 358.4497147482499
0.011500000000000003 0.018500000000000003 289.84686711447284
0.012000000000000004 0.018500000000000003 230.67375823578249
0.012499999999999997 0.018500000000000003 180.66467897425605
0.013000000000000005 0.018500000000000003 139.25390543528292
0.013499999999999998 0.018500000000000003 105.64879643848938
0.014000000000000005 0.018500000000000003 78.913618774292971
0.014499999999999999 0.018500000000000003 58.051362874128969
0.014999999999999999 0.018500000000000003 42.074219958905886
0.0155 0.018500000000000003 30.057381356666838
0.016000000000000007 0.018500000000000003 21.174525698352888
0.016500000000000001 0.018500000000000003 14.716227685827967
0.017000000000000001 0.018500000000000003 10.094328221438733
0.017500000000000002 0.018500000000000003 6.8360924083447365
0.017999999999999995 0.018500000000000003 4.5719620179534628
0.018500000000000003 0.018500000000000003 3.0201654321428535
0.019000000000000003 0.018500000000000003 1.970654392058049
0.019500000000000003 0.018500000000000003 1.2700085568131858
0.019999999999999997 0.018500000000000003 0.8082246001714265
0.020499999999999997 0.018500000000000003 0.50775254709481299
0.021000000000000005 0.018500000000000003 0.31476911784356953
0.021500000000000005 0.018500000000000003 0.19246265256477071
0.021999999999999999 0.018500000000000003 0.11600813878607297
0.022499999999999999 0.018500000000000003 0.06889377591496651
0.023000000000000007 0.018500000000000003 0.04028842635729913
0.023500000000000007 0.018500000000000003 0.023187469924334275
0.024 0.018500000000000003 0.013127243488332004
0.024500000000000001 0.018500000000000003 0.0073068416569262067
0.025000000000000001 0.018500000000000003 0.00399694097401732
-0.025000000000000001 0.019000000000000003 0.00242186140371147
-0.024500000000000001 0.019000000000000003 0.0044399573319336217
-0.024 0.019000000000000003 0.0080029071930630379
-0.0235 0.019000000000000003 0.014189501844182197
-0.023 0.019000000000000003 0.024760666305444781
-0.022500000000000003 0.019000000000000003 0.042547023540057412
-0.022000000000000002 0.019000000000000003 0.072032468696384896
-0.021500000000000002 0.019000000000000003 0.12022024239945978
-0.021000000000000001 0.019000000000000003 0.197898984401187
-0.020500000000000001 0.019000000000000003 0.32146338607879371
-0.02 0.019000000000000003 0.51548459172066419
-0.0195 0.019000000000000003 0.81626294857778092
-0.019 0.019000000000000003 1.2766182572759381
-0.018500000000000003 0.019000000000000003 1.9721619258698806
-0.018000000000000002 0.019000000000000003 3.0092263828402128
-0.017500000000000002 0.019000000000000003 4.5344705029251395
-0.017000000000000001 0.019000000000000003 6.7459079788365086
-0.016500000000000001 0.019000000000000003 9.9047024549031359
-0.016 0.019000000000000003 14.34654801419906
-0.0155 0.019000000000000003 20.490855773811838
-0.015000000000000001 0.019000000000000003 28.845398589850017
-0.014500000000000001 0.019000000000000003 40.003682449001509
-0.014 0.019000000000000003 54.632311651636599
-0.0135 0.019000000000000003 73.446196574238087
-0.012999999999999999 0.019000000000000003 97.170765819801161
-0.012500000000000001 0.019000000000000003 126.49241241104947
-0.012 0.019000000000000003 162.00105629400827
-0.0115 0.019000000000000003 204.13153767383008
-0.010999999999999999 0.019000000000000003 253.11293993424096
-0.010499999999999999 0.019000000000000003 308.93611362008278
-0.010000000000000002 0.019000000000000003 371.34889927554127
-0.0095000000000000015 0.019000000000000003 439.88534099891206
-0.0090000000000000011 0.019000000000000003 513.92953565637299
-0.0085000000000000006 0.019000000000000003 592.80730961723737
-0.0080000000000000002 0.019000000000000003 675.89096619598251
-0.0074999999999999997 0.019000000000000003 762.69573379009319
-0.0069999999999999993 0.019000000000000003 852.94326649008531
-0.0064999999999999988 0.019000000000000003 946.56927478047157
-0.0059999999999999984 0.019000000000000003 1043.6598965249138
-0.0054999999999999979 0.019000000000000003 1144.3142700702899
-0.005000000000000001 0.019000000000000003 1248.447002466809
-0.0044999999999999971 0.019000000000000003 1355.5606502400233
-0.0040000000000000001 0.019000000000000003 1464.5311026076697
-0.0035000000000000031 0.019000000000000003 1573.4542483714947
-0.0029999999999999992 0.019000000000000003 1679.5980706372429
-0.0025000000000000022 0.019000000000000003 1779.4898831522009
-0.0019999999999999983 0.019000000000000003 1869.1457050535989
-0.0015000000000000013 0.019000000000000003 1944.4218614730628
-0.00099999999999999742 0.019000000000000003 2001.4433031080341
-0.00050000000000000044 0.019000000000000003 2037.0445619952338
0 0.019000000000000003 2049.1522307236633
0.00050000000000000044 0.019000000000000003 2037.0445473484867
0.0010000000000000009 0.019000000000000003 2001.4432712211974
0.0015000000000000013 0.019000000000000003 1944.4218069544902
0.0020000000000000018 0.019000000000000003 1869.1456193223025
0.0024999999999999988 0.019000000000000003 1779.4897539005881
0.0030000000000000027 0.019000000000000003 1679.5978812116646
0.0034999999999999996 0.019000000000000003 1573.4539771618349
0.0040000000000000036 0.019000000000000003 1464.5307225647075
0.0045000000000000005 0.019000000000000003 1355.5601286626829
0.0049999999999999975 0.019000000000000003 1248.4463012139356
0.0055000000000000014 0.019000000000000003 1144.3133463460972
0.0059999999999999984 0.019000000000000003 1043.6587043570885
0.0064999999999999988 0.019000000000000003 946.56776725110251
0.0069999999999999993 0.019000000000000003 852.94139869303899
0.0074999999999999997 0.019000000000000003 762.69346638073421
0.0080000000000000002 0.019000000000000003 675.88826928354911
0.0085000000000000006 0.019000000000000003 592.8041666450855
0.0090000000000000011 0.019000000000000003 513.92594684162145
0.0095000000000000015 0.019000000000000003 439.88132588022881
0.010000000000000002 0.019000000000000003 371.34449795927895
0.010500000000000002 0.019000000000000003 308.93138642405773
0.011000000000000003 0.019000000000000003 253.10796529611693
0.011500000000000003 0.019000000000000003 204.12640839600604
0.012000000000000004 0.019000000000000003 161.99587440866497
0.012499999999999997 0.019000000000000003 126.48728313322519
0.013000000000000005 0.019000000000000003 97.165791181675132
0.013499999999999998 0.019000000000000003 73.441469378207941
0.014000000000000005 0.019000000000000003 54.627910335360369
0.014499999999999999 0.019000000000000003 39.999667330285284
0.014999999999999999 0.019000000000000003 28.841809775019584
0.0155 0.019000000000000003 20.487712801475865
0.016000000000000007 0.019000000000000003 14.343851101344809
0.016500000000000001 0.019000000000000003 9.9024350446019831
0.017000000000000001 0.019000000000000003 6.7440401797236529
0.017500000000000002 0.019000000000000003 4.5329629691133171
0.017999999999999995 0.019000000000000003 3.0080342056574239
0.018500000000000003 0.019000000000000003 1.9712381823667813
0.019000000000000003 0.019000000000000003 1.2759169653552607
0.019500000000000003 0.019000000000000003 0.81574129388149186
0.019999999999999997 0.019000000000000003 0.51510439859957591
0.020499999999999997 0.019000000000000003 0.32119189082898136
0.021000000000000005 0.019000000000000003 0.19770902663086398
0.021500000000000005 0.019000000000000003 0.1200900190869095
0.021999999999999999 0.019000000000000003 0.071944999072113255
0.022499999999999999 0.019000000000000003 0.042489457993714064
0.023000000000000007 0.019000000000000003 0.024723546572081988
0.023500000000000007 0.019000000000000003 0.014166049626729425
0.024 0.019000000000000003 0.0079883894259922244
0.024500000000000001 0.019000000000000003 0.0044311518610946083
0.025000000000000001 0.019000000000000003 0.0024166285066754166
-0.025000000000000001 0.019500000000000003 0.0014383160520903574
-0.024500000000000001 0.019500000000000003 0.0026460509825319703
-0.024 0.019500000000000003 0.0047884147240679492
-0.0235 0.019500000000000003 0.0085282584687340103
-0.023 0.019500000000000003 0.014956837629492552
-0.022500000000000003 0.019500000000000003 0.025844639608491881
-0.022000000000000002 0.019500000000000003 0.044024070120075663
-0.021500000000000002 0.019500000000000003 0.073964806751296797
-0.021000000000000001 0.019500000000000003 0.12262534563544415
-0.020500000000000001 0.019500000000000003 0.20069165296071903
-0.02 0.019500000000000003 0.32434387615137539
-0.0195 0.019500000000000003 0.51772003834062774
-0.019 0.019500000000000003 0.81626294857778103
-0.018500000000000003 0.019500000000000003 1.2711299330469206
-0.018000000000000002 0.019500000000000003 1.9547965335218591
-0.017500000000000002 0.019500000000000003 2.9678742782440382
-0.017000000000000001 0.019500000000000003 4.4469696424281695
-0.016500000000000001 0.019500000000000003 6.5731255381210101
-0.016 0.019500000000000003 9.5800154262324089
-0.0155 0.019500000000000003 13.760639376518098
-0.015000000000000001 0.019500000000000003 19.470873782832204
-0.014500000000000001 0.019500000000000003 27.127962583302558
-0.014 0.019500000000000003 37.202045821639899
-0.0135 0.019500000000000003 50.199241127266589
-0.012999999999999999 0.019500000000000003 66.635726163868739
-0.012500000000000001 0.019500000000000003 87.003727042348359
-0.012 0.019500000000000003 111.732173807146
-0.0115 0.019500000000000003 141.14674893912292
-0.010999999999999999 0.019500000000000003 175.43568313584038
-0.010499999999999999 0.019500000000000003 214.62840714248605
-0.010000000000000002 0.019500000000000003 258.59353700428983
-0.0095000000000000015 0.019500000000000003 307.06032206882014
-0.0090000000000000011 0.019500000000000003 359.66363156971676
-0.0085000000000000006 0.019500000000000003 416.00726568103119
-0.0080000000000000002 0.019500000000000003 475.73479719229886
-0.0074999999999999997 0.019500000000000003 538.59259101919724
-0.0069999999999999993 0.019500000000000003 604.46753163716289
-0.0064999999999999988 0.019500000000000003 673.38348725562173
-0.0059999999999999984 0.019500000000000003 745.44619858601675
-0.0054999999999999979 0.019500000000000003 820.73571303458039
-0.005000000000000001 0.019500000000000003 899.15726284799507
-0.0044999999999999971 0.019500000000000003 980.27328797001189
-0.0040000000000000001 0.019500000000000003 1063.1483470963192
-0.0035000000000000031 0.019500000000000003 1146.2423295888736
-0.0029999999999999992 0.019500000000000003 1227.3839308947579
-0.0025000000000000022 0.019500000000000003 1303.8454857923894
-0.0019999999999999983 0.019500000000000003 1372.5233937682167
-0.0015000000000000013 0.019500000000000003 1430.2085343125789
-0.00099999999999999742 0.019500000000000003 1473.9122941121291
-0.00050000000000000044 0.019500000000000003 1501.2002836335676
0 0.019500000000000003 1510.4808101194985
0.00050000000000000044 0.019500000000000003 1501.2002769576679
0.0010000000000000009 0.019500000000000003 1473.9122795782996
0.0015000000000000013 0.019500000000000003 1430.2085094633396
0.0020000000000000018 0.019500000000000003 1372.5233546924039
0.0024999999999999988 0.019500000000000003 1303.8454268802777
0.0030000000000000027 0.019500000000000003 1227.3838445557121
0.0034999999999999996 0.019500000000000003 1146.2422059731337
0.0040000000000000036 0.019500000000000003 1063.1481738750094
0.0045000000000000005 0.019500000000000003 980.27305023818019
0.0049999999999999975 0.019500000000000003 899.15694322113029
0.0055000000000000014 0.019500000000000003 820.73529200661824
0.0059999999999999984 0.019500000000000003 745.44565520305309
0.0064999999999999988 0.019500000000000003 673.38280013275266
0.0069999999999999993 0.019500000000000003 604.46668030644162
0.0074999999999999997 0.019500000000000003 538.59155754757421
0.0080000000000000002 0.019500000000000003 475.73356795574369
0.0085000000000000006 0.019500000000000003 416.00583313312461
0.0090000000000000011 0.019500000000000003 359.66199580942009
0.0095000000000000015 0.019500000000000003 307.05849200174146
0.010000000000000002 0.019500000000000003 258.59153091066457
0.010500000000000002 0.019500000000000003 214.62625251481444
0.011000000000000003 0.019500000000000003 175.43341572554019
0.011500000000000003 0.019500000000000003 141.14441104497232
0.012000000000000004 0.019500000000000003 111.72981193480277
0.012499999999999997 0.019500000000000003 87.001389148197774
0.013000000000000005 0.019500000000000003 66.633458753567524
0.013499999999999998 0.019500000000000003 50.197086499592594
0.014000000000000005 0.019500000000000003 37.20003972800842
0.014499999999999999 0.019500000000000003 27.126132516208855
0.014999999999999999 0.019500000000000003 19.469238022499606
0.0155 0.019500000000000003 13.759206828527608
0.016000000000000007 0.019500000000000003 9.5787861894854736
0.016500000000000001 0.019500000000000003 6.572092066068655
0.017000000000000001 0.019500000000000003 4.446118310765093
0.017500000000000002 0.019500000000000003 2.9671871533501806
0.017999999999999995 0.019500000000000003 1.9542531462931609
0.018500000000000003 0.019500000000000003 1.2707088962837403
0.019000000000000003 0.019500000000000003 0.81594330391523451
0.019500000000000003 0.019500000000000003 0.51748227125042645
0.019999999999999997 0.019500000000000003 0.32417058640097446
0.020499999999999997 0.019500000000000003 0.20056790704985047
0.021000000000000005 0.019500000000000003 0.12253876401999596
0.021500000000000005 0.019500000000000003 0.073905451744389394
0.021999999999999999 0.019500000000000003 0.043984201988547293
0.022499999999999999 0.019500000000000003 0.025818401576806808
0.023000000000000007 0.019500000000000003 0.014939918677063827
0.023500000000000007 0.019500000000000003 0.0085175690883024895
0.024 0.019500000000000003 0.0047817976126775944
0.024500000000000001 0.019500000000000003 0.0026420375015949855
0.025000000000000001 0.019500000000000003 0.001435930928922798
-0.025000000000000001 0.019999999999999997 0.00083993114177076552
-0.024500000000000001 0.019999999999999997 0.0015513493568943767
-0.024 0.019999999999999997 0.0028200054266437945
-0.0235 0.019999999999999997 0.0050477797317943071
-0.023 0.019999999999999997 0.0089022810610098341
-0.022500000000000003 0.019999999999999997 0.015477123016907287
-0.022000000000000002 0.019999999999999997 0.026539527471401633
-0.021500000000000002 0.019999999999999997 0.044907079697164613
-0.021000000000000001 0.019999999999999997 0.075011609890610231
-0.020500000000000001 0.019999999999999997 0.12372773583242944
-0.02 0.019999999999999997 0.20156514570204187
-0.0195 0.019999999999999997 0.32434387615137766
-0.019 0.019999999999999997 0.51548459172066652
-0.018500000000000003 0.019999999999999997 0.80904188320032233
-0.018000000000000002 0.019999999999999997 1.2535753980441877
-0.017500000000000002 0.019999999999999997 1.9168768389720816
-0.017000000000000001 0.019999999999999997 2.891437272810621
-0.016500000000000001 0.019999999999999997 4.3003416162389989
-0.016 0.019999999999999997 6.303021166963811
-0.0155 0.019999999999999997 9.1000060402018157
-0.015000000000000001 0.019999999999999997 12.935548014250946
-0.014500000000000001 0.019999999999999997 18.096807078687146
-0.014 0.019999999999999997 24.908306715289122
-0.0135 0.019999999999999997 33.720658791672527
-0.012999999999999999 0.019999999999999997 44.893206217028563
-0.012500000000000001 0.019999999999999997 58.771235082280832
-0.012 0.019999999999999997 75.659677795352792
-0.0115 0.019999999999999997 95.796561041185512
-0.010999999999999999 0.019999999999999997 119.33053809713307
-0.010499999999999999 0.019999999999999997 146.30731389264304
-0.010000000000000002 0.019999999999999997 176.66927380022776
-0.0095000000000000015 0.019999999999999997 210.27094330178727
-0.0090000000000000011 0.019999999999999997 246.91005524296639
-0.0085000000000000006 0.019999999999999997 286.37032339465765
-0.0080000000000000002 0.019999999999999997 328.46818544711516
-0.0074999999999999997 0.019999999999999997 373.09270477535637
-0.0069999999999999993 0.019999999999999997 420.22649824008801
-0.0064999999999999988 0.019999999999999997 469.93679633818806
-0.0059999999999999984 0.019999999999999997 522.32990319194255
-0.0054999999999999979 0.019999999999999997 577.46910983847829
-0.005000000000000001 0.019999999999999997 635.26449316217816
-0.0044999999999999971 0.019999999999999997 695.35134823461203
-0.0040000000000000001 0.019999999999999997 756.9802772630635
-0.0035000000000000031 0.019999999999999997 818.94434727771068
-0.0029999999999999992 0.019999999999999997 879.56601000200214
-0.0025000000000000022 0.019999999999999997 936.75846482220629
-0.0019999999999999983 0.019999999999999997 988.16388461131942
-0.0015000000000000013 0.019999999999999997 1031.3565909198787
-0.00099999999999999742 0.019999999999999997 1064.0857612449674
-0.00050000000000000044 0.019999999999999997 1084.5225670740147
0 0.019999999999999997 1091.4731396975328
0.00050000000000000044 0.019999999999999997 1084.5225640926487
0.0010000000000000009 0.019999999999999997 1064.0857547543571
0.0015000000000000013 0.019999999999999997 1031.3565798225466
0.0020000000000000018 0.019999999999999997 988.16386716059424
0.0024999999999999988 0.019999999999999997 936.75843851286015
0.0030000000000000027 0.019999999999999997 879.56597144416048
0.0034999999999999996 0.019999999999999997 818.94429207260544
0.0040000000000000036 0.019999999999999997 756.98019990478679
0.0045000000000000005 0.019999999999999997 695.35124206681462
0.0049999999999999975 0.019999999999999997 635.26435042117544
0.0055000000000000014 0.019999999999999997 577.46892181312683
0.0059999999999999984 0.019999999999999997 522.32966052451479
0.0064999999999999988 0.019999999999999997 469.93648947847714
0.0069999999999999993 0.019999999999999997 420.22611804738744
0.0074999999999999997 0.019999999999999997 373.09224324101064
0.0080000000000000002 0.019999999999999997 328.46763648681838
0.0085000000000000006 0.019999999999999997 286.36968363828146
0.0090000000000000011 0.019999999999999997 246.90932473470542
0.0095000000000000015 0.019999999999999997 210.27012601876513
0.010000000000000002 0.019999999999999997 176.66837790614835
0.010500000000000002 0.019999999999999997 146.30635166528205
0.011000000000000003 0.019999999999999997 119.32952550258693
0.011500000000000003 0.019999999999999997 95.795516969512391
0.012000000000000004 0.019999999999999997 75.65862301534554
0.012499999999999997 0.019999999999999997 58.770191010607732
0.013000000000000005 0.019999999999999997 44.892193622482125
0.013499999999999998 0.019999999999999997 33.719696564310823
0.014000000000000005 0.019999999999999997 24.907410821206891
0.014499999999999999 0.019999999999999997 18.095989795658319
0.014999999999999999 0.019999999999999997 12.934817505974152
0.0155 0.019999999999999997 9.0993662837881484
0.016000000000000007 0.019999999999999997 6.3024722065813377
0.016500000000000001 0.019999999999999997 4.2998800817017768
0.017000000000000001 0.019999999999999997 2.8910570796895345
0.017500000000000002 0.019999999999999997 1.9165699783567627
0.017999999999999995 0.019999999999999997 1.2533327287116636
0.018500000000000003 0.019999999999999997 0.80885385391863451
0.019000000000000003 0.019999999999999997 0.5153418427696248
0.019500000000000003 0.019999999999999997 0.32423769260853913
0.019999999999999997 0.019999999999999997 0.20148775686063636
0.020499999999999997 0.019999999999999997 0.12367247259470954
0.021000000000000005 0.019999999999999997 0.07497294372085074
0.021500000000000005 0.019999999999999997 0.044880572559809033
0.021999999999999999 0.019999999999999997 0.026521722907075954
0.022499999999999999 0.019999999999999997 0.015465405469457636
0.023000000000000007 0.019999999999999997 0.0088947252873808023
0.023500000000000007 0.019999999999999997 0.0050430060001395065
0.024 0.019999999999999997 0.0028170503148569354
0.024500000000000001 0.019999999999999997 0.0015495569909927693
0.025000000000000001 0.019999999999999997 0.0008388659782621327
-0.025000000000000001 0.020499999999999997 0.00048252242862336129
-0.024500000000000001 0.020499999999999997 0.00089521669012532549
-0.024 0.020499999999999997 0.0016354917533021255
-0.0235 0.020499999999999997 0.0029438678722114127
-0.023 0.020499999999999997 0.0052236668862538135
-0.022500000000000003 0.020499999999999997 0.0091420932098182136
-0.022000000000000002 0.020499999999999997 0.015788222293234549
-0.021500000000000002 0.020499999999999997 0.026916046730551271
-0.021000000000000001 0.020499999999999997 0.045311892141469703
-0.020500000000000001 0.020499999999999997 0.075339083491675715
-0.02 0.020499999999999997 0.12372773583242942
-0.0195 0.020499999999999997 0.20069165296072067
-0.019 0.020499999999999997 0.32146338607879599
-0.018500000000000003 0.020499999999999997 0.50833616749137089
-0.018000000000000002 0.020499999999999997 0.79327921045098637
-0.017500000000000002 0.020499999999999997 1.221141059374913
-0.017000000000000001 0.020499999999999997 1.8533654303888674
-0.016500000000000001 0.020499999999999997 2.7720106650160083
-0.016 0.020499999999999997 4.0836915885532115
-0.0155 0.020499999999999997 5.9228687292419062
-0.015000000000000001 0.020499999999999997 8.4537290061761912
-0.014500000000000001 0.020499999999999997 11.869785834815156
-0.014 0.020499999999999997 16.39033877877452
-0.0135 0.020499999999999997 22.253136721606882
-0.012999999999999999 0.020499999999999997 29.703027916367045
-0.012500000000000001 0.020499999999999997 38.977056354112811
-0.012 0.020499999999999997 50.287313410397992
-0.0115 0.020499999999999997 63.803736888619696
-0.010999999999999999 0.020499999999999997 79.639756204070792
-0.010499999999999999 0.020499999999999997 97.843962710604444
-0.010000000000000002 0.020499999999999997 118.40060460439655
-0.0095000000000000015 0.020499999999999997 141.24052312777039
-0.0090000000000000011 0.020499999999999997 166.26218273343738
-0.0085000000000000006 0.020499999999999997 193.35994234209952
-0.0080000000000000002 0.020499999999999997 222.45413249160569
-0.0074999999999999997 0.020499999999999997 253.51547627121431
-0.0069999999999999993 0.020499999999999997 286.57559648147151
-0.0064999999999999988 0.020499999999999997 321.71633440997601
-0.0059999999999999984 0.020499999999999997 359.03360087536561
-0.0054999999999999979 0.020499999999999997 398.57626513114349
-0.005000000000000001 0.020499999999999997 440.26643179845263
-0.0044999999999999971 0.020499999999999997 483.81320088621459
-0.0040000000000000001 0.020499999999999997 528.63627513363997
-0.0035000000000000031 0.020499999999999997 573.81729317982717
-0.0029999999999999992 0.020499999999999997 618.09468870440742
-0.0025000000000000022 0.020499999999999997 659.91209290657264
-0.0019999999999999983 0.020499999999999997 697.52156040937484
-0.0015000000000000013 0.020499999999999997 729.13274695542577
-0.00099999999999999742 0.020499999999999997 753.08964557108777
-0.00050000000000000044 0.020499999999999997 768.04969851754902
0 0.020499999999999997 773.13770252510403
0.00050000000000000044 0.020499999999999997 768.04969721300836
0.0010000000000000009 0.020499999999999997 753.08964273102561
0.0015000000000000013 0.020499999999999997 729.13274209962447
0.0020000000000000018 0.020499999999999997 697.5215527735528
0.0024999999999999988 0.020499999999999997 659.91208139453079
0.0030000000000000027 0.020499999999999997 618.09467183285551
0.0034999999999999996 0.020499999999999997 573.81726902401988
0.0040000000000000036 0.020499999999999997 528.63624128438585
0.0045000000000000005 0.020499999999999997 483.81315443093024
0.0049999999999999975 0.020499999999999997 440.26636934002329
0.0055000000000000014 0.020499999999999997 398.57618285787981
0.0059999999999999984 0.020499999999999997 359.03349469265623
0.0064999999999999988 0.020499999999999997 321.71620013898718
0.0069999999999999993 0.020499999999999997 286.57543012255218
0.0074999999999999997 0.020499999999999997 253.51527432005946
0.0080000000000000002 0.020499999999999997 222.45389228593743
0.0085000000000000006 0.020499999999999997 193.35966240726856
0.0090000000000000011 0.020499999999999997 166.26186308878187
0.0095000000000000015 0.020499999999999997 141.24016551353915
0.010000000000000002 0.020499999999999997 118.40021259273867
0.010500000000000002 0.020499999999999997 97.843541673841656
0.011000000000000003 0.020499999999999997 79.639313128403884
0.011500000000000003 0.020499999999999997 63.803280039671797
0.012000000000000004 0.020499999999999997 50.286851875860748
0.012499999999999997 0.020499999999999997 38.976599505165062
0.013000000000000005 0.020499999999999997 29.70258484069992
0.013499999999999998 0.020499999999999997 22.252715684843743
0.014000000000000005 0.020499999999999997 16.38994676711539
0.014499999999999999 0.020499999999999997 11.86942822058103
0.014999999999999999 0.020499999999999997 8.4534093615136783
0.0155 0.020499999999999997 5.9225887943945663
0.016000000000000007 0.020499999999999997 4.083451382847441
0.016500000000000001 0.020499999999999997 2.7718087137772947
0.017000000000000001 0.020499999999999997 1.8531990712855646
0.017500000000000002 0.020499999999999997 1.2210067879902613
0.017999999999999995 0.020499999999999997 0.79317302690815439
0.018500000000000003 0.020499999999999997 0.50825389250804998
0.019000000000000003 0.020499999999999997 0.32140092417147659
0.019500000000000003 0.020499999999999997 0.20064519078665044
0.019999999999999997 0.020499999999999997 0.12369387320433903
0.020499999999999997 0.020499999999999997 0.075314902247558616
0.021000000000000005 0.020499999999999997 0.045294973189041007
0.021500000000000005 0.020499999999999997 0.026904448141947049
0.021999999999999999 0.020499999999999997 0.015780431643715575
0.022499999999999999 0.020499999999999997 0.0091369660242419121
0.023000000000000007 0.020499999999999997 0.0052203607461477038
0.023500000000000007 0.020499999999999997 0.0029417790555720229
0.024 0.020499999999999997 0.001634198700588234
0.024500000000000001 0.020499999999999997 0.00089443241400972615
0.025000000000000001 0.020499999999999997 0.00048205635063209852
-0.025000000000000001 0.021000000000000005 0.00027283029044780258
-0.024500000000000001 0.021000000000000005 0.00050872306824431546
-0.024 0.021000000000000005 0.00093458642698485118
-0.0235 0.021000000000000005 0.0016925598135960175
-0.023 0.021000000000000005 0.0030232965503682644
-0.022500000000000003 0.021000000000000005 0.0053288541738716671
-0.022000000000000002 0.021000000000000005 0.009272056005567542
-0.021500000000000002 0.021000000000000005 0.015930868321185981
-0.021000000000000001 0.021000000000000005 0.027033850131282063
-0.020500000000000001 0.021000000000000005 0.045311892141469391
-0.02 0.021000000000000005 0.075011609890609829
-0.0195 0.021000000000000005 0.12262534563544435
-0.019 0.021000000000000005 0.19789898440118714
-0.018500000000000003 0.021000000000000005 0.31517746100729294
-0.018000000000000002 0.021000000000000005 0.4951333003843692
-0.017500000000000002 0.021000000000000005 0.76688939689104052
-0.017000000000000001 0.021000000000000005 1.170487712215182
-0.016500000000000001 0.021000000000000005 1.7595677200829145
-0.016 0.021000000000000005 2.6040051148709109
-0.0155 0.021000000000000005 3.7921343042377496
-0.015000000000000001 0.021000000000000005 5.4320604686904002
-0.014500000000000001 0.021000000000000005 7.6514926632668363
-0.014 0.021000000000000005 10.595540361483181
-0.0135 0.021000000000000005 14.422053227053473
-0.012999999999999999 0.021000000000000005 19.294375705016758
-0.012500000000000001 0.021000000000000005 25.371833608950926
-0.012 0.021000000000000005 32.798825810027466
-0.0115 0.021000000000000005 41.693966474909502
-0.010999999999999999 0.021000000000000005 52.141172109591032
-0.010499999999999999 0.021000000000000005 64.184747816379598
-0.010000000000000002 0.021000000000000005 77.830245911645562
-0.0095000000000000015 0.021000000000000005 93.052056202049215
-0.0090000000000000011 0.021000000000000005 109.80736090121881
-0.0085000000000000006 0.021000000000000005 128.05441459316654
-0.0080000000000000002 0.021000000000000005 147.77140668377507
-0.0074999999999999997 0.021000000000000005 168.97085665163485
-0.0069999999999999993 0.021000000000000005 191.70403373333127
-0.0064999999999999988 0.021000000000000005 216.05064473746822
-0.0059999999999999984 0.021000000000000005 242.09114452319011
-0.0054999999999999979 0.021000000000000005 269.86233088922336
-0.005000000000000001 0.021000000000000005 299.30088305186456
-0.0044999999999999971 0.021000000000000005 330.18339496024208
-0.0040000000000000001 0.021000000000000005 362.07430198961833
-0.0035000000000000031 0.021000000000000005 394.29403296806464
-0.0029999999999999992 0.021000000000000005 425.91817538246454
-0.0025000000000000022 0.021000000000000005 455.81435562805393
-0.0019999999999999983 0.021000000000000005 482.71743524649588
-0.0015000000000000013 0.021000000000000005 505.33657638007321
-0.00099999999999999742 0.021000000000000005 522.48114750394507
-0.00050000000000000044 0.021000000000000005 533.18777304174694
0 0.021000000000000005 536.82921760623367
0.00050000000000000044 0.021000000000000005 533.18777248245738
0.0010000000000000009 0.021000000000000005 522.48114628633834
0.0015000000000000013 0.021000000000000005 505.33657429826803
0.0020000000000000018 0.021000000000000005 482.71743197282535
0.0024999999999999988 0.021000000000000005 455.81435069254979
0.0030000000000000027 0.021000000000000005 425.91816814920236
0.0034999999999999996 0.021000000000000005 394.29402261185783
0.0040000000000000036 0.021000000000000005 362.07428747758479
0.0045000000000000005 0.021000000000000005 330.18337504368378
0.0049999999999999975 0.021000000000000005 299.30085627435261
0.0055000000000000014 0.021000000000000005 269.86229561658951
0.0059999999999999984 0.021000000000000005 242.09109899997085
0.0064999999999999988 0.021000000000000005 216.05058717209158
0.0069999999999999993 0.021000000000000005 191.7039624110453
0.0074999999999999997 0.021000000000000005 168.97077007005538
0.0080000000000000002 0.021000000000000005 147.77130370151582
0.0085000000000000006 0.021000000000000005 128.05429457800824
0.0090000000000000011 0.021000000000000005 109.807223861452
0.0095000000000000015 0.021000000000000005 93.051902883762878
0.010000000000000002 0.021000000000000005 77.830077846310445
0.010500000000000002 0.021000000000000005 64.184567307246112
0.011000000000000003 0.021000000000000005 52.140982151820701
0.011500000000000003 0.021000000000000005 41.693770612184558
0.012000000000000004 0.021000000000000005 32.79862793847154
0.012499999999999997 0.021000000000000005 25.371637746226035
0.013000000000000005 0.021000000000000005 19.294185747246399
0.013499999999999998 0.021000000000000005 14.421872717919967
0.014000000000000005 0.021000000000000005 10.595372296147517
0.014499999999999999 0.021000000000000005 7.6513393449792542
0.014999999999999999 0.021000000000000005 5.431923428920685
0.0155 0.021000000000000005 3.7920142890724273
0.016000000000000007 0.021000000000000005 2.6039021325956915
0.016500000000000001 0.021000000000000005 1.7594811384674689
0.017000000000000001 0.021000000000000005 1.1704163898504378
0.017500000000000002 0.021000000000000005 0.76683183134469801
0.017999999999999995 0.021000000000000005 0.49508777680783456
0.018500000000000003 0.021000000000000005 0.31514218763629503
0.019000000000000003 0.021000000000000005 0.19787220539812683
0.019500000000000003 0.021000000000000005 0.12260542612361695
0.019999999999999997 0.021000000000000005 0.074997092123539291
0.020499999999999997 0.021000000000000005 0.04530152502912857
0.021000000000000005 0.021000000000000005 0.027026596547485092
0.021500000000000005 0.021000000000000005 0.015925895712230319
0.021999999999999999 0.021000000000000005 0.0092687159566279542
0.022499999999999999 0.021000000000000005 0.0053266560194423756
0.023000000000000007 0.021000000000000005 0.0030218791242950329
0.023500000000000007 0.021000000000000005 0.0016916642849517831
0.024 0.021000000000000005 0.00093403206250787703
0.024500000000000001 0.021000000000000005 0.00050838682919237535
0.025000000000000001 0.021000000000000005 0.00027263047099799993
-0.025000000000000001 0.021500000000000005 0.00015191398025006305
-0.024500000000000001 0.021500000000000005 0.00028484136313242146
-0.024 0.021500000000000005 0.00052649507273562881
-0.0235 0.021500000000000005 0.00095983598859160184
-0.023 0.021500000000000005 0.001726693410487962
-0.022500000000000003 0.021500000000000005 0.0030663480230206778
-0.022000000000000002 0.021500000000000005 0.0053770915964355091
-0.021500000000000002 0.021500000000000005 0.00931272271909531
-0.021000000000000001 0.021500000000000005 0.015930868321185968
-0.020500000000000001 0.021500000000000005 0.026916046730551074
-0.02 0.021500000000000005 0.04490707969716437
-0.0195 0.021500000000000005 0.073964806751296797
-0.019 0.021500000000000005 0.12022024239945972
-0.018500000000000003 0.021500000000000005 0.1927425874121152
-0.018000000000000002 0.021500000000000005 0.30465721477241114
-0.017500000000000002 0.021500000000000005 0.47452177555826303
-0.017000000000000001 0.021500000000000005 0.72793021105372879
-0.016500000000000001 0.021500000000000005 1.099257895811768
-0.016 0.021500000000000005 1.6333883354635497
-0.0155 0.021500000000000005 2.3871805355968876
-0.015000000000000001 0.021500000000000005 3.4303612681708637
-0.014500000000000001 0.021500000000000005 4.8454800789743242
-0.014 0.021500000000000005 6.7265738658527301
-0.0135 0.021500000000000005 9.1762784744368151
-0.012999999999999999 0.021500000000000005 12.301314421042692
-0.012500000000000001 0.021500000000000005 16.206561226337328
-0.012 0.021500000000000005 20.988290754708668
-0.0115 0.021500000000000005 26.727492589375743
-0.010999999999999999 0.021500000000000005 33.484502555365459
-0.010499999999999999 0.021500000000000005 41.296232114743567
-0.010000000000000002 0.021500000000000005 50.177093625605792
-0.0095000000000000015 0.021500000000000005 60.124167698917397
-0.0090000000000000011 0.021500000000000005 71.126280971043428
-0.0085000000000000006 0.021500000000000005 83.175568324745342
-0.0080000000000000002 0.021500000000000005 96.278993430260414
-0.0074999999999999997 0.021500000000000005 110.46647716426449
-0.0069999999999999993 0.021500000000000005 125.7920321253041
-0.0064999999999999988 0.021500000000000005 142.32485832450661
-0.0059999999999999984 0.021500000000000005 160.12881167666595
-0.0054999999999999979 0.021500000000000005 179.23089760664331
-0.005000000000000001 0.021500000000000005 199.58212300553771
-0.0044999999999999971 0.021500000000000005 221.01662560371776
-0.0040000000000000001 0.021500000000000005 243.21686164110176
-0.0035000000000000031 0.021500000000000005 265.69319139825058
-0.0029999999999999992 0.021500000000000005 287.78508575796053
-0.0025000000000000022 0.021500000000000005 308.68835026978007
-0.0019999999999999983 0.021500000000000005 327.5085888250577
-0.0015000000000000013 0.021500000000000005 343.33633318344306
-0.00099999999999999742 0.021500000000000005 355.33480376678983
-0.00050000000000000044 0.021500000000000005 362.82812079400219
0 0.021500000000000005 365.37672178535553
0.00050000000000000044 0.021500000000000005 362.82812055906442
0.0010000000000000009 0.021500000000000005 355.33480325531644
0.0015000000000000013 0.021500000000000005 343.33633230895049
0.0020000000000000018 0.021500000000000005 327.50858744990472
0.0024999999999999988 0.021500000000000005 308.68834819654984
0.0030000000000000027 0.021500000000000005 287.78508271952347
0.0034999999999999996 0.021500000000000005 265.69318704797541
0.0040000000000000036 0.021500000000000005 243.21685554511106
0.0045000000000000005 0.021500000000000005 221.0166172374779
0.0049999999999999975 0.021500000000000005 199.58211175725481
0.0055000000000000014 0.021500000000000005 179.23088278986086
0.0059999999999999984 0.021500000000000005 160.1287925539763
0.0064999999999999988 0.021500000000000005 142.32483414333359
0.0069999999999999993 0.021500000000000005 125.7920021653416
0.0074999999999999997 0.021500000000000005 110.46644079441387
0.0080000000000000002 0.021500000000000005 96.278950171066171
0.0085000000000000006 0.021500000000000005 83.175517910634326
0.0090000000000000011 0.021500000000000005 71.126223405498294
0.0095000000000000015 0.021500000000000005 60.124103295343588
0.010000000000000002 0.021500000000000005 50.177023027319862
0.010500000000000002 0.021500000000000005 41.296156289259358
0.011000000000000003 0.021500000000000005 33.484422760844062
0.011500000000000003 0.021500000000000005 26.727410314392387
0.012000000000000004 0.021500000000000005 20.988207635886667
0.012499999999999997 0.021500000000000005 16.206478951354036
0.013000000000000005 0.021500000000000005 12.30123462652133
0.013499999999999998 0.021500000000000005 9.1762026489526409
0.014000000000000005 0.021500000000000005 6.7265032675666365
0.014499999999999999 0.021500000000000005 4.8454156754000488
0.014999999999999999 0.021500000000000005 3.4303037026245318
0.0155 0.021500000000000005 2.3871301214829783
0.016000000000000007 0.021500000000000005 1.6333450762626003
0.016500000000000001 0.021500000000000005 1.0992215259462472
0.017000000000000001 0.021500000000000005 0.72790025105816769
0.017500000000000002 0.021500000000000005 0.47449759431414618
0.017999999999999995 0.021500000000000005 0.30463809193267155
0.018500000000000003 0.021500000000000005 0.19272777032013702
0.019000000000000003 0.021500000000000005 0.120208993490149
0.019500000000000003 0.021500000000000005 0.073956439270940866
0.019999999999999997 0.021500000000000005 0.044900981298176268
0.020499999999999997 0.021500000000000005 0.026911691874387401
0.021000000000000005 0.021500000000000005 0.015927821347923938
0.021500000000000005 0.021500000000000005 0.0093106339024559247
0.021999999999999999 0.021500000000000005 0.0053756885603505004
0.022499999999999999 0.021500000000000005 0.0030654246563154388
0.023000000000000007 0.021500000000000005 0.0017260980000719549
0.023500000000000007 0.021500000000000005 0.00095945980877335695
0.024 0.021500000000000005 0.00052626220388265533
0.024500000000000001 0.021500000000000005 0.00028470012103340106
0.025000000000000001 0.021500000000000005 0.00015183004318697533
-0.025000000000000001 0.021999999999999999 8.3342714142675106e-05
-0.024500000000000001 0.021999999999999999 0.00015722623456904447
-0.024 0.021999999999999999 0.00029254539148367681
-0.0235 0.021999999999999999 0.00053712609999044037
-0.023 0.021999999999999999 0.00097352325991243132
-0.022500000000000003 0.021999999999999999 0.0017423484084992192
-0.022000000000000002 0.021999999999999999 0.0030798205538567656
-0.021500000000000002 0.021999999999999999 0.0053770915964355378
-0.021000000000000001 0.021999999999999999 0.0092720560055676096
-0.020500000000000001 0.021999999999999999 0.01578822229323457
-0.02 0.021999999999999999 0.02653952747140163
-0.0195 0.021999999999999999 0.04402407012007601
-0.019 0.021999999999999999 0.072032468696385507
-0.018500000000000003 0.021999999999999999 0.11619616806776163
-0.018000000000000002 0.021999999999999999 0.1846952116698366
-0.017500000000000002 0.021999999999999999 0.28913117095626312
-0.017000000000000001 0.021999999999999999 0.44554676562416373
-0.016500000000000001 0.021999999999999999 0.67553811549463239
-0.016 0.021999999999999999 1.007359846604013
-0.0155 0.021999999999999999 1.476872394102962
-0.015000000000000001 0.021999999999999999 2.1281342973540327
-0.014500000000000001 0.021999999999999999 3.0134140399020795
-0.014 0.021999999999999999 4.1924029402567742
-0.0135 0.021999999999999999 5.7304691165770327
-0.012999999999999999 0.021999999999999999 7.6959132266756907
-0.012500000000000001 0.021999999999999999 10.156368084796776
-0.012 0.021999999999999999 13.174707198724423
-0.0115 0.021999999999999999 16.805051906262307
-0.010999999999999999 0.021999999999999999 21.089634789954438
-0.010499999999999999 0.021999999999999999 26.057320591807283
-0.010000000000000002 0.021999999999999999 31.724443517029208
-0.0095000000000000015 0.021999999999999999 38.09825719703484
-0.0090000000000000011 0.021999999999999999 45.182723904410921
-0.0085000000000000006 0.021999999999999999 52.985667859711171
-0.0080000000000000002 0.021999999999999999 61.525621160576563
-0.0074999999999999997 0.021999999999999999 70.836182584478465
-0.0069999999999999993 0.021999999999999999 80.965580524404331
-0.0064999999999999988 0.021999999999999999 91.969531331757779
-0.0059999999999999984 0.021999999999999999 103.89646852937959
-0.0054999999999999979 0.021999999999999999 116.76570650080451
-0.005000000000000001 0.021999999999999999 130.54086533370216
-0.0044999999999999971 0.021999999999999999 145.10256832438444
-0.0040000000000000001 0.021999999999999999 160.22561731248553
-0.0035000000000000031 0.021999999999999999 175.56617505428582
-0.0029999999999999992 0.021999999999999999 190.66369752827703
-0.0025000000000000022 0.021999999999999999 204.9604443190066
-0.0019999999999999983 0.021999999999999999 217.83859648567724
-0.0015000000000000013 0.021999999999999999 228.67181249495036
-0.00099999999999999742 0.021999999999999999 236.88508901257225
-0.00050000000000000044 0.021999999999999999 242.01471365118755
0 0.021999999999999999 243.75940961584246
0.00050000000000000044 0.021999999999999999 242.01471355449218
0.0010000000000000009 0.021999999999999999 236.88508880206072
0.0015000000000000013 0.021999999999999999 228.67181213502786
0.0020000000000000018 0.021999999999999999 217.8385959196936
0.0024999999999999988 0.021999999999999999 204.96044346570929
0.0030000000000000027 0.021999999999999999 190.66369627772124
0.0034999999999999996 0.021999999999999999 175.56617326380544
0.0040000000000000036 0.021999999999999999 160.22561480350578
0.0045000000000000005 0.021999999999999999 145.10256488101854
0.0049999999999999975 0.021999999999999999 130.54086070414894
0.0055000000000000014 0.021999999999999999 116.76570040253291
0.0059999999999999984 0.021999999999999999 103.8964606588884
0.0064999999999999988 0.021999999999999999 91.969521379302847
0.0069999999999999993 0.021999999999999999 80.965568193522856
0.0074999999999999997 0.021999999999999999 70.83616761542379
0.0080000000000000002 0.021999999999999999 61.525603356015012
0.0085000000000000006 0.021999999999999999 52.985647110338512
0.0090000000000000011 0.021999999999999999 45.182700211660524
0.0095000000000000015 0.021999999999999999 38.098230689897704
0.010000000000000002 0.021999999999999999 31.724414460280713
0.010500000000000002 0.021999999999999999 26.057289383655469
0.011000000000000003 0.021999999999999999 21.089601948231579
0.011500000000000003 0.021999999999999999 16.805018043634217
0.012000000000000004 0.021999999999999999 13.174672988790356
0.012499999999999997 0.021999999999999999 10.156334222168713
0.013000000000000005 0.021999999999999999 7.695880384952825
0.013499999999999998 0.021999999999999999 5.7304379084252304
0.014000000000000005 0.021999999999999999 4.1923738835081892
0.014499999999999999 0.021999999999999999 3.0133875327647393
0.014999999999999999 0.021999999999999999 2.1281106046031208
0.0155 0.021999999999999999 1.4768516447290854
0.016000000000000007 0.021999999999999999 1.0073420420396835
0.016500000000000001 0.021999999999999999 0.67552314643380518
0.017000000000000001 0.021999999999999999 0.44553443472908083
0.017500000000000002 0.021999999999999999 0.28912121847200573
0.017999999999999995 0.021999999999999999 0.18468734111691829
0.018500000000000003 0.021999999999999999 0.11619006966877352
0.019000000000000003 0.021999999999999999 0.072027838885268786
0.019500000000000003 0.021999999999999999 0.044020626243652071
0.019999999999999997 0.021999999999999999 0.026537017500465859
0.020499999999999997 0.021999999999999999 0.015786429927333027
0.021000000000000005 0.021999999999999999 0.0092708019363693193
0.021500000000000005 0.021999999999999999 0.0053762318840642476
0.021999999999999999 0.021999999999999999 0.0030792430941329759
0.022499999999999999 0.021999999999999999 0.0017419683704600942
0.023000000000000007 0.021999999999999999 0.00097327820168616793
0.023500000000000007 0.021999999999999999 0.00053697127240171047
0.024 0.021999999999999999 0.00029244954763122321
0.024500000000000001 0.021999999999999999 0.00015716810233398629
0.025000000000000001 0.021999999999999999 8.3308167438007411e-05
-0.025000000000000001 0.022499999999999999 4.5074926802825412e-05
-0.024500000000000001 0.022499999999999999 8.5598945936125141e-05
-0.024 0.022499999999999999 0.00016040427398610429
-0.0235 0.022499999999999999 0.00029672200769174115
-0.023 0.022499999999999999 0.00054200237262593746
-0.022500000000000003 0.022499999999999999 0.00097780689373032532
-0.022000000000000002 0.022499999999999999 0.0017423484084992192
-0.021500000000000002 0.022499999999999999 0.003066348023020703
-0.021000000000000001 0.022499999999999999 0.0053288541738717079
-0.020500000000000001 0.022499999999999999 0.0091420932098182136
-0.02 0.022499999999999999 0.015477123016907303
-0.0195 0.022499999999999999 0.025844639608492051
-0.019 0.022499999999999999 0.042547023540057655
-0.018500000000000003 0.022499999999999999 0.069017521825836287
-0.018000000000000002 0.022499999999999999 0.11025891413353321
-0.017500000000000002 0.022499999999999999 0.17338550847762013
-0.017000000000000001 0.022499999999999999 0.26825743765189841
-0.016500000000000001 0.022499999999999999 0.40817433079056942
-0.016 0.022499999999999999 0.61056736507679221
-0.0155 0.022499999999999999 0.89759757724225619
-0.015000000000000001 0.022499999999999999 1.296540043036273
-0.014500000000000001 0.022499999999999999 1.8398167639105938
-0.014 0.022499999999999999 2.5645462291787009
-0.0135 0.022499999999999999 3.5115146305577922
-0.012999999999999999 0.022499999999999999 4.723548891631534
-0.012500000000000001 0.022499999999999999 6.2433837658560938
-0.012 0.022499999999999999 8.1112519060873289
-0.0115 0.022499999999999999 10.362561845451381
-0.010999999999999999 0.022499999999999999 13.026127728712353
-0.010499999999999999 0.022499999999999999 16.123434242467717
-0.010000000000000002 0.022499999999999999 19.669322765522075
-0.0095000000000000015 0.022499999999999999 23.674249904622172
-0.0090000000000000011 0.022499999999999999 28.147907154175734
-0.0085000000000000006 0.022499999999999999 33.103549264179684
-0.0080000000000000002 0.022499999999999999 38.5619471068783
-0.0074999999999999997 0.022499999999999999 44.553574438860551
-0.0069999999999999993 0.022499999999999999 51.117577682020396
-0.0064999999999999988 0.022499999999999999 58.296357116623859
-0.0059999999999999984 0.022499999999999999 66.12523913112453
-0.0054999999999999979 0.022499999999999999 74.617688020501078
-0.005000000000000001 0.022499999999999999 83.74764278391612
-0.0044999999999999971 0.022499999999999999 93.431640981102447
-0.0040000000000000001 0.022499999999999999 103.51414210284594
-0.0035000000000000031 0.022499999999999999 113.75964452641394
-0.0029999999999999992 0.022499999999999999 123.85465014579913
-0.0025000000000000022 0.022499999999999999 133.42126072833744
-0.0019999999999999983 0.022499999999999999 142.04235134612824
-0.0015000000000000013 0.022499999999999999 149.29617494198243
-0.00099999999999999742 0.022499999999999999 154.79632165122575
-0.00050000000000000044 0.022499999999999999 158.23160860682304
0 0.022499999999999999 159.40004032272589
0.00050000000000000044 0.022499999999999999 158.23160856782926
0.0010000000000000009 0.022499999999999999 154.79632156633397
0.0015000000000000013 0.022499999999999999 149.29617479683856
0.0020000000000000018 0.022499999999999999 142.04235111788728
0.0024999999999999988 0.022499999999999999 133.42126038423328
0.0030000000000000027 0.022499999999999999 123.8546496414947
0.0034999999999999996 0.022499999999999999 113.75964380437729
0.0040000000000000036 0.022499999999999999 103.51414109106408
0.0045000000000000005 0.022499999999999999 93.431639592516177
0.0049999999999999975 0.022499999999999999 83.747640916982917
0.0055000000000000014 0.022499999999999999 74.617685561286237
0.0059999999999999984 0.022499999999999999 66.125235957236953
0.0064999999999999988 0.022499999999999999 58.296353103154722
0.0069999999999999993 0.022499999999999999 51.117572709416905
0.0074999999999999997 0.022499999999999999 44.553568402376186
0.0080000000000000002 0.022499999999999999 38.561939926935437
0.0085000000000000006 0.022499999999999999 33.103540896699819
0.0090000000000000011 0.022499999999999999 28.147897599736904
0.0095000000000000015 0.022499999999999999 23.67423921524183
0.010000000000000002 0.022499999999999999 19.669311047974663
0.010500000000000002 0.022499999999999999 16.123421657336287
0.011000000000000003 0.022499999999999999 13.026114484820146
0.011500000000000003 0.022499999999999999 10.362548189864599
0.012000000000000004 0.022499999999999999 8.1112381104444751
0.012499999999999997 0.022499999999999999 6.2433701102693497
0.013000000000000005 0.022499999999999999 4.7235356477393324
0.013499999999999998 0.022499999999999999 3.5115020454263761
0.014000000000000005 0.022499999999999999 2.5645345116312503
0.014499999999999999 0.022499999999999999 1.8398060745301683
0.014999999999999999 0.022499999999999999 1.2965304885972355
0.0155 0.022499999999999999 0.89758920976190193
0.016000000000000007 0.022499999999999999 0.61056018513280097
0.016500000000000001 0.022499999999999999 0.40816829430372742
0.017000000000000001 0.022499999999999999 0.26825246504294364
0.017500000000000002 0.022499999999999999 0.17338149499668315
0.017999999999999995 0.022499999999999999 0.11025574022104261
0.018500000000000003 0.022499999999999999 0.069015062559641877
0.019000000000000003 0.022499999999999999 0.042545156502825844
0.019500000000000003 0.022499999999999999 0.025843250816305216
0.019999999999999997 0.022499999999999999 0.015476110835401471
0.020499999999999997 0.022499999999999999 0.0091413704127565696
0.021000000000000005 0.022499999999999999 0.0053283484526175286
0.021500000000000005 0.022499999999999999 0.0030660013317701457
0.021999999999999999 0.022499999999999999 0.0017421155396462546
0.022499999999999999 0.022499999999999999 0.00097765363798172581
0.023000000000000007 0.022499999999999999 0.00054190354940812744
0.023500000000000007 0.022499999999999999 0.00029665957126282649
0.024 0.022499999999999999 0.00016036562358839581
0.024500000000000001 0.022499999999999999 8.5575503284904955e-05
0.025000000000000001 0.022499999999999999 4.506099535244301e-05
-0.025000000000000001 0.023000000000000007 2.4044826032222707e-05
-0.024500000000000001 0.023000000000000007 4.5986828296732712e-05
-0.024 0.023000000000000007 8.6822228648121653e-05
-0.0235 0.023000000000000007 0.00016186210396944474
-0.023 0.023000000000000007 0.00029802922750111056
-0.022500000000000003 0.023000000000000007 0.00054200237262593074
-0.022000000000000002 0.023000000000000007 0.00097352325991241766
-0.021500000000000002 0.023000000000000007 0.0017266934104879512
-0.021000000000000001 0.023000000000000007 0.0030232965503682505
-0.020500000000000001 0.023000000000000007 0.0052236668862537545
-0.02 0.023000000000000007 0.0089022810610097196
-0.0195 0.023000000000000007 0.0149568376294925
-0.019 0.023000000000000007 0.024760666305444632
-0.018500000000000003 0.023000000000000007 0.040368220878639956
-0.018000000000000002 0.023000000000000007 0.064781290903235811
-0.017500000000000002 0.023000000000000007 0.10227845324662892
-0.017000000000000001 0.023000000000000007 0.15880132985500137
-0.016500000000000001 0.023000000000000007 0.24237804534855684
-0.016 0.023000000000000007 0.36354742662618511
-0.0155 0.023000000000000007 0.53572887088797227
-0.015000000000000001 0.023000000000000007 0.7754660288140065
-0.014500000000000001 0.023000000000000007 1.1024627463159076
-0.014 0.023000000000000007 1.5393333432211569
-0.0135 0.023000000000000007 2.1110122363242878
-0.012999999999999999 0.023000000000000007 2.8438137899285389
-0.012500000000000001 0.023000000000000007 3.7642010888627593
-0.012 0.023000000000000007 4.8974042910454019
-0.0115 0.023000000000000007 6.266109747422524
-0.010999999999999999 0.023000000000000007 7.8894977618684177
-0.010499999999999999 0.023000000000000007 9.7829140304725204
-0.010000000000000002 0.023000000000000007 11.958394729528431
-0.0095000000000000015 0.023000000000000007 14.426116123677701
-0.0090000000000000011 0.023000000000000007 17.196613485565887
-0.0085000000000000006 0.023000000000000007 20.283342231942729
-0.0080000000000000002 0.023000000000000007 23.704891815374907
-0.0074999999999999997 0.023000000000000007 27.485982384638781
-0.0069999999999999993 0.023000000000000007 31.656350263599958
-0.0064999999999999988 0.023000000000000007 36.246818048328024
-0.0059999999999999984 0.023000000000000007 41.282267169309328
-0.0054999999999999979 0.023000000000000007 46.77184908764692
-0.005000000000000001 0.023000000000000007 52.697490262772611
-0.0044999999999999971 0.023000000000000007 59.002420734682303
-0.0040000000000000001 0.023000000000000007 65.581918739969623
-0.0035000000000000031 0.023000000000000007 72.278561747492105
-0.0029999999999999992 0.023000000000000007 78.883912509459549
-0.0025000000000000022 0.023000000000000007 85.147743794833104
-0.0019999999999999983 0.023000000000000007 90.794721783708837
-0.0015000000000000013 0.023000000000000007 95.547128020897517
-0.00099999999999999742 0.023000000000000007 99.150967190301671
-0.00050000000000000044 0.023000000000000007 101.40195139810596
0 0.023000000000000007 102.16758078538896
0.00050000000000000044 0.023000000000000007 101.40195138269884
0.0010000000000000009 0.023000000000000007 99.150967156759421
0.0015000000000000013 0.023000000000000007 95.54712796354859
0.0020000000000000018 0.023000000000000007 90.794721693526768
0.0024999999999999988 0.023000000000000007 85.147743658871335
0.0030000000000000027 0.023000000000000007 78.883912310199804
0.0034999999999999996 0.023000000000000007 72.27856146220266
0.0040000000000000036 0.023000000000000007 65.581918340196637
0.0045000000000000005 0.023000000000000007 59.002420186027194
0.0049999999999999975 0.023000000000000007 52.697489525114165
0.0055000000000000014 0.023000000000000007 46.771848115967408
0.0059999999999999984 0.023000000000000007 41.282265915249994
0.0064999999999999988 0.023000000000000007 36.246816462535101
0.0069999999999999993 0.023000000000000007 31.656348298836008
0.0074999999999999997 0.023000000000000007 27.485979999516616
0.0080000000000000002 0.023000000000000007 23.704888978451955
0.0085000000000000006 0.023000000000000007 20.283338925802816
0.0090000000000000011 0.023000000000000007 17.196609710437404
0.0095000000000000015 0.023000000000000007 14.426111900113671
0.010000000000000002 0.023000000000000007 11.958390099717329
0.010500000000000002 0.023000000000000007 9.782909057863554
0.011000000000000003 0.023000000000000007 7.8894925289713704
0.011500000000000003 0.023000000000000007 6.2661043518576509
0.012000000000000004 0.023000000000000007 4.897398840141884
0.012499999999999997 0.023000000000000007 3.7641956932979004
0.013000000000000005 0.023000000000000007 2.843808557031493
0.013499999999999998 0.023000000000000007 2.1110072637153356
0.014000000000000005 0.023000000000000007 1.5393287134100402
0.014499999999999999 0.023000000000000007 1.1024585227518471
0.014999999999999999 0.023000000000000007 0.77546225368544419
0.0155 0.023000000000000007 0.53572556474786803
0.016000000000000007 0.023000000000000007 0.36354458970278825
0.016500000000000001 0.023000000000000007 0.2423756602253897
0.017000000000000001 0.023000000000000007 0.15879936508888362
0.017500000000000002 0.023000000000000007 0.10227686744902614
0.017999999999999995 0.023000000000000007 0.06478003683403806
0.018500000000000003 0.023000000000000007 0.040367249178886781
0.019000000000000003 0.023000000000000007 0.024759928605873283
0.019500000000000003 0.023000000000000007 0.014956288893032643
0.019999999999999997 0.023000000000000007 0.0089018811301191086
0.020499999999999997 0.023000000000000007 0.0052233812962968629
0.021000000000000005 0.023000000000000007 0.0030230967309184402
0.021500000000000005 0.023000000000000007 0.0017265564266171602
0.021999999999999999 0.023000000000000007 0.0009734312492925538
0.022499999999999999 0.023000000000000007 0.00054194181855763443
0.023000000000000007 0.023000000000000007 0.00029799018069252229
0.023500000000000007 0.023000000000000007 0.00016183743422742595
0.024 0.023000000000000007 8.6806957189504696e-05
0.024500000000000001 0.023000000000000007 4.5977565688863045e-05
0.025000000000000001 0.023000000000000007 2.4039321468735557e-05
-0.025000000000000001 0.023500000000000007 1.2656923064075231e-05
-0.024500000000000001 0.023500000000000007 2.4388729686611485e-05
-0.024 0.023500000000000007 4.6405163683864836e-05
-0.0235 0.023500000000000007 8.7205119275747918e-05
-0.023 0.023500000000000007 0.00016186210396944479
-0.022500000000000003 0.023500000000000007 0.00029672200769173795
-0.022000000000000002 0.023500000000000007 0.00053712609999043322
-0.021500000000000002 0.023500000000000007 0.0009598359885915962
-0.021000000000000001 0.023500000000000007 0.0016925598135960097
-0.020500000000000001 0.023500000000000007 0.0029438678722113749
-0.02 0.023500000000000007 0.0050477797317942559
-0.0195 0.023500000000000007 0.0085282584687339721
-0.019 0.023500000000000007 0.014189501844182153
-0.018500000000000003 0.023500000000000007 0.02323788403824336
-0.018000000000000002 0.023500000000000007 0.037440163965975576
-0.017500000000000002 0.023500000000000007 0.059319568483587
-0.017000000000000001 0.023500000000000007 0.092386086343734269
-0.016500000000000001 0.023500000000000007 0.14138955863925942
-0.016 0.023500000000000007 0.21257425790538834
-0.0155 0.023500000000000007 0.3139027619805278
-0.015000000000000001 0.023500000000000007 0.45520719744326221
-0.014500000000000001 0.023500000000000007 0.64822045930120575
-0.014 0.023500000000000007 0.90644250090952772
-0.0135 0.023500000000000007 1.2448107077680977
-0.012999999999999999 0.023500000000000007 1.6791707872919224
-0.012500000000000001 0.023500000000000007 2.2255847753265479
-0.012 0.023500000000000007 2.8995608687043188
-0.0115 0.023500000000000007 3.7153363873639464
-0.010999999999999999 0.023500000000000007 4.6853767673671003
-0.010499999999999999 0.023500000000000007 5.8202547661082287
-0.010000000000000002 0.023500000000000007 7.1290316307268764
-0.0095000000000000015 0.023500000000000007 8.6201691942028233
-0.0090000000000000011 0.023500000000000007 10.302863575327823
-0.0085000000000000006 0.023500000000000007 12.188526870083205
-0.0080000000000000002 0.023500000000000007 14.291987007897148
-0.0074999999999999997 0.023500000000000007 16.631872007647118
-0.0069999999999999993 0.023500000000000007 19.229638563400002
-0.0064999999999999988 0.023500000000000007 22.106830495279183
-0.0059999999999999984 0.023500000000000007 25.280420478607962
-0.0054999999999999979 0.023500000000000007 28.756475296185528
-0.005000000000000001 0.023500000000000007 32.522830683599686
-0.0044999999999999971 0.023500000000000007 36.541876533512472
-0.0040000000000000001 0.023500000000000007 40.744832851157128
-0.0035000000000000031 0.023500000000000007 45.028947403670585
-0.0029999999999999992 0.023500000000000007 49.258809375221702
-0.0025000000000000022 0.023500000000000007 53.27244861717795
-0.0019999999999999983 0.023500000000000007 56.892143395283163
-0.0015000000000000013 0.023500000000000007 59.939017878759742
-0.00099999999999999742 0.023500000000000007 62.249739045720133
-0.00050000000000000044 0.023500000000000007 63.693088953441311
0 0.023500000000000007 64.184023136341722
0.00050000000000000044 0.023500000000000007 63.693088947476653
0.0010000000000000009 0.023500000000000007 62.249739032734723
0.0015000000000000013 0.023500000000000007 59.939017856557911
0.0020000000000000018 0.023500000000000007 56.892143360370362
0.0024999999999999988 0.023500000000000007 53.272448564542302
0.0030000000000000027 0.023500000000000007 49.258809298081133
0.0034999999999999996 0.023500000000000007 45.028947293224761
0.0040000000000000036 0.023500000000000007 40.744832696390674
0.0045000000000000005 0.023500000000000007 36.541876321108376
0.0049999999999999975 0.023500000000000007 32.522830398025668
0.0055000000000000014 0.023500000000000007 28.756474920013524
0.0059999999999999984 0.023500000000000007 25.28041999311662
0.0064999999999999988 0.023500000000000007 22.106829881361854
0.0069999999999999993 0.023500000000000007 19.229637802769414
0.0074999999999999997 0.023500000000000007 16.631871084280782
0.0080000000000000002 0.023500000000000007 14.291985909622538
0.0085000000000000006 0.023500000000000007 12.188525590157875
0.0090000000000000011 0.023500000000000007 10.302862113840211
0.0095000000000000015 0.023500000000000007 8.6201675591097242
0.010000000000000002 0.023500000000000007 7.1290298383609763
0.010500000000000002 0.023500000000000007 5.8202528410329837
0.011000000000000003 0.023500000000000007 4.6853747415250044
0.011500000000000003 0.023500000000000007 3.7153342985473006
0.012000000000000004 0.023500000000000007 2.8995587584641012
0.012499999999999997 0.023500000000000007 2.2255826865099126
0.013000000000000005 0.023500000000000007 1.6791687614498325
0.013499999999999998 0.023500000000000007 1.2448087826928624
0.014000000000000005 0.023500000000000007 0.90644070854362457
0.014499999999999999 0.023500000000000007 0.64821882420810595
0.014999999999999999 0.023500000000000007 0.45520573595562486
0.0155 0.023500000000000007 0.31390148205513929
0.016000000000000007 0.023500000000000007 0.21257315963061338
0.016500000000000001 0.023500000000000007 0.14138863527255416
0.017000000000000001 0.023500000000000007 0.092385325712316113
0.017500000000000002 0.023500000000000007 0.059318954564470568
0.017999999999999995 0.023500000000000007 0.037439678470819998
0.018500000000000003 0.023500000000000007 0.023237507858425193
0.019000000000000003 0.023500000000000007 0.014189216254225192
0.019500000000000003 0.023500000000000007 0.0085280460331734649
0.019999999999999997 0.023500000000000007 0.0050476249042055443
0.020499999999999997 0.023500000000000007 0.0029437573100982188
0.021000000000000005 0.023500000000000007 0.0016924824563217466
0.021500000000000005 0.023500000000000007 0.00095978295722316559
0.021999999999999999 0.023500000000000007 0.00053709047938011476
0.022499999999999999 0.023500000000000007 0.0002966985650405189
0.023000000000000007 0.023500000000000007 0.00016184698754967693
0.023500000000000007 0.023500000000000007 8.7195568733990696e-05
0.024 0.023500000000000007 4.6399251554621786e-05
0.024500000000000001 0.023500000000000007 2.4385143798961367e-05
0.025000000000000001 0.023500000000000007 1.2654792050163643e-05
-0.025000000000000001 0.024 6.5769411420819666e-06
-0.024500000000000001 0.024 1.2772149877740627e-05
-0.024 0.024 2.4496377344850645e-05
-0.0235 0.024 4.6405163683865331e-05
-0.023 0.024 8.6822228648122493e-05
-0.022500000000000003 0.024 0.00016040427398610372
-0.022000000000000002 0.024 0.00029254539148367616
-0.021500000000000002 0.024 0.00052649507273563076
-0.021000000000000001 0.024 0.00093458642698485454
-0.020500000000000001 0.024 0.0016354917533021197
-0.02 0.024 0.0028200054266437863
-0.0195 0.024 0.0047884147240679666
-0.019 0.024 0.0080029071930630656
-0.018500000000000003 0.024 0.013158451640153482
-0.018000000000000002 0.024 0.021274882990893303
-0.017500000000000002 0.024 0.033811191178040448
-0.017000000000000001 0.024 0.052799977825740189
-0.016500000000000001 0.024 0.080995584618931721
-0.016 0.024 0.12202371641555189
-0.0155 0.024 0.18051415786370817
-0.015000000000000001 0.024 0.26219266844413303
-0.014500000000000001 0.024 0.37390514271494418
-0.014 0.024 0.52354877134475097
-0.0135 0.024 0.71989322003811418
-0.012999999999999999 0.024 0.97229089715797257
-0.012500000000000001 0.024 1.2902986807571648
-0.012 0.024 1.6832611093949019
-0.0115 0.024 2.1599313853074138
-0.010999999999999999 0.024 2.7282236442829815
-0.010499999999999999 0.024 3.3951888525619949
-0.010000000000000002 0.024 4.1672796655050979
-0.0095000000000000015 0.024 5.0509129769497418
-0.0090000000000000011 0.024 6.0532559389086744
-0.0085000000000000006 0.024 7.1830638939747091
-0.0080000000000000002 0.024 8.4513075167752785
-0.0074999999999999997 0.024 9.871268000415828
-0.0069999999999999993 0.024 11.457780351367918
-0.0064999999999999988 0.024 13.225385927543858
-0.0059999999999999984 0.024 15.185321884898393
-0.0054999999999999979 0.024 17.341512430500245
-0.005000000000000001 0.024 19.68599786486638
-0.0044999999999999971 0.024 22.194487377442787
-0.0040000000000000001 0.024 24.822887323284899
-0.0035000000000000031 0.024 27.5056814159739
-0.0029999999999999992 0.024 30.156888117453001
-0.0025000000000000022 0.024 32.673993636044599
-0.0019999999999999983 0.024 34.944797398187369
-0.0015000000000000013 0.024 36.856588751222951
-0.00099999999999999742 0.024 38.306600210163175
-0.00050000000000000044 0.024 39.212356494347276
0 0.024 39.520439796073283
0.00050000000000000044 0.024 39.212356492084794
0.0010000000000000009 0.024 38.306600205237608
0.0015000000000000013 0.024 36.856588742801456
0.0020000000000000018 0.024 34.94479738494438
0.0024999999999999988 0.024 32.673993616079102
0.0030000000000000027 0.024 30.15688808819241
0.0034999999999999996 0.024 27.505681374080126
0.0040000000000000036 0.024 24.822887264579609
0.0045000000000000005 0.024 22.194487296874669
0.0049999999999999975 0.024 19.685997756543816
0.0055000000000000014 0.024 17.341512287812485
0.0059999999999999984 0.024 15.185321700744135
0.0064999999999999988 0.024 13.225385694675683
0.0069999999999999993 0.024 11.457780062849164
0.0074999999999999997 0.024 9.8712676501689369
0.0080000000000000002 0.024 8.4513071001830173
0.0085000000000000006 0.024 7.183063408479577
0.0090000000000000011 0.024 6.0532553845442045
0.0095000000000000015 0.024 5.050912356734079
0.010000000000000002 0.024 4.1672789856334607
0.010500000000000002 0.024 3.3951881223516898
0.011000000000000003 0.024 2.7282228758502791
0.011500000000000003 0.024 2.1599305929875108
0.012000000000000004 0.024 1.6832603089487117
0.012499999999999997 0.024 1.290297888437264
0.013000000000000005 0.024 0.9722901287252711
0.013499999999999998 0.024 0.71989248982781662
0.014000000000000005 0.024 0.52354809147311632
0.014499999999999999 0.024 0.37390452249927691
0.014999999999999999 0.024 0.26219211407965698
0.0155 0.024 0.1805136723685527
0.016000000000000007 0.024 0.12202329982323473
0.016500000000000001 0.024 0.080995234371904493
0.017000000000000001 0.024 0.052799689306681143
0.017500000000000002 0.024 0.033810958309187532
0.017999999999999995 0.024 0.021274698835200938
0.018500000000000003 0.024 0.013158308949430203
0.019000000000000003 0.024 0.0080027988644511775
0.019500000000000003 0.024 0.0047883341440306598
0.019999999999999997 0.024 0.0028199466981858917
0.020499999999999997 0.024 0.001635449815411966
0.021000000000000005 0.024 0.00093455708419483126
0.021500000000000005 0.024 0.00052647495713146531
0.021999999999999999 0.024 0.00029253188004472048
0.022499999999999999 0.024 0.00016039538183214923
0.023000000000000007 0.024 8.6816494760322599e-05
0.023500000000000007 0.024 4.6401541018200717e-05
0.024 0.024 2.4494134784359471e-05
0.024500000000000001 0.024 1.277078969604649e-05
0.025000000000000001 0.024 6.5761328161121354e-06
-0.025000000000000001 0.024500000000000001 3.3747204371930676e-06
-0.024500000000000001 0.024500000000000001 6.6059913838584261e-06
-0.024 0.024500000000000001 1.2772149877740627e-05
-0.0235 0.024500000000000001 2.4388729686611797e-05
-0.023 0.024500000000000001 4.5986828296733085e-05
-0.022500000000000003 0.024500000000000001 8.5598945936124829e-05
-0.022000000000000002 0.024500000000000001 0.00015722623456904372
-0.021500000000000002 0.024500000000000001 0.00028484136313242271
-0.021000000000000001 0.024500000000000001 0.00050872306824431719
-0.020500000000000001 0.024500000000000001 0.00089521669012532223
-0.02 0.024500000000000001 0.0015513493568943722
-0.0195 0.024500000000000001 0.0026460509825319833
-0.019 0.024500000000000001 0.0044399573319336364
-0.018500000000000003 0.024500000000000001 0.0073257703578388988
-0.018000000000000002 0.024500000000000001 0.011880756315025156
-0.017500000000000002 0.024500000000000001 0.018931988765726781
-0.017000000000000001 0.024500000000000001 0.029633233099653142
-0.016500000000000001 0.024500000000000001 0.045549858764493655
-0.016 0.024500000000000001 0.068744975133861894
-0.0155 0.024500000000000001 0.10185650737206749
-0.015000000000000001 0.024500000000000001 0.14815187685748835
-0.014500000000000001 0.024500000000000001 0.21154535332527244
-0.014 0.024500000000000001 0.29656420718910165
-0.0135 0.024500000000000001 0.40825461992469825
-0.012999999999999999 0.024500000000000001 0.55202751978307052
-0.012500000000000001 0.024500000000000001 0.73345774546609077
-0.012 0.024500000000000001 0.9580654734587235
-0.0115 0.024500000000000001 1.2311233964322634
-0.010999999999999999 0.024500000000000001 1.5575421161829566
-0.010499999999999999 0.024500000000000001 1.9418844779081292
-0.010000000000000002 0.024500000000000001 2.388542751624505
-0.0095000000000000015 0.024500000000000001 2.9020787123442084
-0.0090000000000000011 0.024500000000000001 3.4876778771196522
-0.0085000000000000006 0.024500000000000001 4.151612607771737
-0.0080000000000000002 0.024500000000000001 4.9015566709994731
-0.0074999999999999997 0.024500000000000001 5.7465617377618541
-0.0069999999999999993 0.024500000000000001 6.6965099665671746
-0.0064999999999999988 0.024500000000000001 7.7609078716877633
-0.0059999999999999984 0.024500000000000001 8.9469880798046084
-0.0054999999999999979 0.024500000000000001 10.25722819427391
-0.005000000000000001 0.024500000000000001 11.686557618212627
-0.0044999999999999971 0.024500000000000001 13.219670978034642
-0.0040000000000000001 0.024500000000000001 14.828963157700697
-0.0035000000000000031 0.024500000000000001 16.47361219471669
-0.0029999999999999992 0.024500000000000001 18.100241954058561
-0.0025000000000000022 0.024500000000000001 19.645397077619052
-0.0019999999999999983 0.024500000000000001 21.039783153920382
-0.0015000000000000013 0.024500000000000001 22.213912459074344
-0.00099999999999999742 0.024500000000000001 23.10451084205738
-0.00050000000000000044 0.024500000000000001 23.660846019052499
0 0.024500000000000001 23.850079576696725
0.00050000000000000044 0.024500000000000001 23.66084601821164
0.0010000000000000009 0.024500000000000001 23.10451084022678
0.0015000000000000013 0.024500000000000001 22.213912455944474
0.0020000000000000018 0.024500000000000001 21.039783148998602
0.0024999999999999988 0.024500000000000001 19.645397070198833
0.0030000000000000027 0.024500000000000001 18.100241943183786
0.0034999999999999996 0.024500000000000001 16.473612179146766
0.0040000000000000036 0.024500000000000001 14.828963135882738
0.0045000000000000005 0.024500000000000001 13.219670948091299
0.0049999999999999975 0.024500000000000001 11.686557577954279
0.0055000000000000014 0.024500000000000001 10.257228141243639
0.0059999999999999984 0.024500000000000001 8.9469880113632243
0.0064999999999999988 0.024500000000000001 7.760907785141713
0.0069999999999999993 0.024500000000000001 6.6965098593384473
0.0074999999999999997 0.024500000000000001 5.7465616075917181
0.0080000000000000002 0.024500000000000001 4.9015565161719081
0.0085000000000000006 0.024500000000000001 4.1516124273362438
0.0090000000000000011 0.024500000000000001 3.4876776710886959
0.0095000000000000015 0.024500000000000001 2.9020784818394878
0.010000000000000002 0.024500000000000001 2.3885424989484934
0.010500000000000002 0.024500000000000001 1.9418842065236228
0.011000000000000003 0.024500000000000001 1.5575418305929996
0.011500000000000003 0.024500000000000001 1.2311231019645659
0.012000000000000004 0.024500000000000001 0.95806517597087104
0.012499999999999997 0.024500000000000001 0.73345745099839621
0.013000000000000005 0.024500000000000001 0.5520272341931135
0.013499999999999998 0.024500000000000001 0.4082543485401936
0.014000000000000005 0.024500000000000001 0.29656395451308898
0.014499999999999999 0.024500000000000001 0.21154512282055091
0.014999999999999999 0.024500000000000001 0.14815167082652828
0.0155 0.024500000000000001 0.10185632693656418
0.016000000000000007 0.024500000000000001 0.068744820306272783
0.016500000000000001 0.024500000000000001 0.04554972859429967
0.017000000000000001 0.024500000000000001 0.029633125870814698
0.017500000000000002 0.024500000000000001 0.018931902219428243
0.017999999999999995 0.024500000000000001 0.011880687873096086
0.018500000000000003 0.024500000000000001 0.007325717326470472
0.019000000000000003 0.024500000000000001 0.0044399170713308855
0.019500000000000003 0.024500000000000001 0.002646021034757196
0.019999999999999997 0.024500000000000001 0.0015513275303143726
0.020499999999999997 0.024500000000000001 0.00089520110380231655
0.021000000000000005 0.024500000000000001 0.00050871216292214694
0.021500000000000005 0.024500000000000001 0.00028483388711722626
0.021999999999999999 0.024500000000000001 0.00015722121300856256
0.022499999999999999 0.024500000000000001 8.5595641144603889e-05
0.023000000000000007 0.024500000000000001 4.5984697282821298e-05
0.023500000000000007 0.024500000000000001 2.4387383313749481e-05
0.024 0.024500000000000001 1.2771316424458774e-05
0.024500000000000001 0.024500000000000001 6.6054858688895528e-06
0.025000000000000001 0.024500000000000001 3.3744200208007147e-06
-0.025000000000000001 0.025000000000000001 1.7102121157768638e-06
-0.024500000000000001 0.025000000000000001 3.3747204371930676e-06
-0.024 0.025000000000000001 6.5769411420819666e-06
-0.0235 0.025000000000000001 1.2656923064075366e-05
-0.023 0.025000000000000001 2.4044826032222938e-05
-0.022500000000000003 0.025000000000000001 4.5074926802825297e-05
-0.022000000000000002 0.025000000000000001 8.3342714142674876e-05
-0.021500000000000002 0.025000000000000001 0.0001519139802500636
-0.021000000000000001 0.025000000000000001 0.00027283029044780437
-0.020500000000000001 0.025000000000000001 0.0004825224286233595
-0.02 0.025000000000000001 0.00083993114177076302
-0.0195 0.025000000000000001 0.001438316052090367
-0.019 0.025000000000000001 0.0024218614037114753
-0.018500000000000003 0.025000000000000001 0.0040081898833275965
-0.018000000000000002 0.025000000000000001 0.00651768027808706
-0.017500000000000002 0.025000000000000001 0.010409949060026369
-0.017000000000000001 0.025000000000000001 0.016326913402672998
-0.016500000000000001 0.025000000000000001 0.025140470859822399
-0.016 0.025000000000000001 0.038001078681528161
-0.0155 0.025000000000000001 0.056381614026593661
-0.015000000000000001 0.025000000000000001 0.082109246782230666
-0.014500000000000001 0.025000000000000001 0.11737723105486925
-0.014 0.025000000000000001 0.16472918585684271
-0.0135 0.025000000000000001 0.22701119634286529
-0.012999999999999999 0.025000000000000001 0.30729224365491092
-0.012500000000000001 0.025000000000000001 0.40876083446881767
-0.012 0.025000000000000001 0.53461424539160252
-0.0115 0.025000000000000001 0.68796464768457422
-0.010999999999999999 0.025000000000000001 0.87179093106192107
-0.010499999999999999 0.025000000000000001 1.0889634152822218
-0.010000000000000002 0.025000000000000001 1.3423584041611083
-0.0095000000000000015 0.025000000000000001 1.6350596872773153
-0.0090000000000000011 0.025000000000000001 1.9706159466395137
-0.0085000000000000006 0.025000000000000001 2.3532908094751135
-0.0080000000000000002 0.025000000000000001 2.7882130826621379
-0.0074999999999999997 0.025000000000000001 3.2813174890949677
-0.0069999999999999993 0.025000000000000001 3.8389700289450874
-0.0064999999999999988 0.025000000000000001 4.4672034790901796
-0.0059999999999999984 0.025000000000000001 5.1705490242497376
-0.0054999999999999979 0.025000000000000001 5.9505340551830557
-0.005000000000000001 0.025000000000000001 6.8040106676971979
-0.0044999999999999971 0.025000000000000001 7.7215650892876422
-0.0040000000000000001 0.025000000000000001 8.6863132049562193
-0.0035000000000000031 0.025000000000000001 9.6733919478762562
-0.0029999999999999992 0.025000000000000001 10.650398781010706
-0.0025000000000000022 0.025000000000000001 11.57891233914731
-0.0019999999999999983 0.025000000000000001 12.417061386116746
-0.0015000000000000013 0.025000000000000001 13.122924396744484
-0.00099999999999999742 0.025000000000000001 13.658374162249915
-0.00050000000000000044 0.025000000000000001 13.992867121456701
0 0.025000000000000001 14.106643766035534
0.00050000000000000044 0.025000000000000001 13.992867121150507
0.0010000000000000009 0.025000000000000001 13.658374161583312
0.0015000000000000013 0.025000000000000001 13.122924395604757
0.0020000000000000018 0.025000000000000001 12.417061384324498
0.0024999999999999988 0.025000000000000001 11.578912336445278
0.0030000000000000027 0.025000000000000001 10.650398777050714
0.0034999999999999996 0.025000000000000001 9.6733919422065533
0.0040000000000000036 0.025000000000000001 8.6863131970113194
0.0045000000000000005 0.025000000000000001 7.7215650783839189
0.0049999999999999975 0.025000000000000001 6.8040106530373397
0.0055000000000000014 0.025000000000000001 5.9505340358723595
0.0059999999999999984 0.025000000000000001 5.1705489993271767
0.0064999999999999988 0.025000000000000001 4.4672034475749003
0.0069999999999999993 0.025000000000000001 3.8389699898983185
0.0074999999999999997 0.025000000000000001 3.2813174416942017
0.0080000000000000002 0.025000000000000001 2.788213026282504
0.0085000000000000006 0.025000000000000001 2.3532907437704926
0.0090000000000000011 0.025000000000000001 1.9706158716144393
0.0095000000000000015 0.025000000000000001 1.6350596033402507
0.010000000000000002 0.025000000000000001 1.3423583121504865
0.010500000000000002 0.025000000000000001 1.088963316459002
0.011000000000000003 0.025000000000000001 0.87179082706586242
0.011500000000000003 0.025000000000000001 0.68796454045573441
0.012000000000000004 0.025000000000000001 0.53461413706298955
0.012499999999999997 0.025000000000000001 0.40876072723997992
0.013000000000000005 0.025000000000000001 0.30729213965885305
0.013499999999999998 0.025000000000000001 0.22701109751964782
0.014000000000000005 0.025000000000000001 0.16472909384622231
0.014499999999999999 0.025000000000000001 0.11737714711780635
0.014999999999999999 0.025000000000000001 0.082109171757157304
0.0155 0.025000000000000001 0.056381548321969344
0.016000000000000007 0.025000000000000001 0.03800102230188887
0.016500000000000001 0.025000000000000001 0.025140423459041765
0.017000000000000001 0.025000000000000001 0.01632687435586444
0.017500000000000002 0.025000000000000001 0.010409917544654231
0.017999999999999995 0.025000000000000001 0.0065176553553242984
0.018500000000000003 0.025000000000000001 0.0040081705722381502
0.019000000000000003 0.025000000000000001 0.0024218467430281018
0.019500000000000003 0.025000000000000001 0.0014383051467681874
0.019999999999999997 0.025000000000000001 0.00083992319373828281
0.020499999999999997 0.025000000000000001 0.00048251675294711823
0.021000000000000005 0.025000000000000001 0.00027282631933300431
0.021500000000000005 0.025000000000000001 0.00015191125789907635
0.021999999999999999 0.025000000000000001 8.3340885568257124e-05
0.022499999999999999 0.025000000000000001 4.507372338065138e-05
0.023000000000000007 0.025000000000000001 2.4044050034893386e-05
0.023500000000000007 0.025000000000000001 1.2656432789591537e-05
0.024 0.025000000000000001 6.576637644522718e-06
0.024500000000000001 0.025000000000000001 3.3745363566182415e-06
0.025000000000000001 0.025000000000000001 1.7101027207527909e-06
