x_m,y_m,incident_W_m2,absorbed_W_m2
-0.025000000000000001,-0.025000000000000001,3.1847215084724145e-10,1.9108329050834485e-10
-0.024500000000000001,-0.025000000000000001,8.0482012670195777e-10,4.8289207602117464e-10
-0.024,-0.025000000000000001,2.0073236454848772e-09,1.2043941872909263e-09
-0.0235,-0.025000000000000001,4.9380444340642276e-09,2.9628266604385366e-09
-0.023,-0.025000000000000001,1.196992182336695e-08,7.1819530940201692e-09
-0.022500000000000003,-0.025000000000000001,2.8556185617738585e-08,1.7133711370643149e-08
-0.022000000000000002,-0.025000000000000001,6.6956997912803439e-08,4.0174198747682061e-08
-0.021500000000000002,-0.025000000000000001,1.540907319248221e-07,9.2454439154893255e-08
-0.021000000000000001,-0.025000000000000001,3.475825746699802e-07,2.0854954480198812e-07
-0.020500000000000001,-0.025000000000000001,7.6753694315917732e-07,4.6052216589550638e-07
-0.02,-0.025000000000000001,1.6573583027787428e-06,9.9441498166724553e-07
-0.0195,-0.025000000000000001,3.4961386963706477e-06,2.0976832178223884e-06
-0.019,-0.025000000000000001,7.1987776487909905e-06,4.3192665892745938e-06
-0.018500000000000003,-0.025000000000000001,1.4458700070456954e-05,8.6752200422741719e-06
-0.018000000000000002,-0.025000000000000001,2.8311101258184004e-05,1.6986660754910401e-05
-0.017500000000000002,-0.025000000000000001,5.401889712414946e-05,3.2411338274489676e-05
-0.017000000000000001,-0.025000000000000001,0.00010040194959425502,6.0241169756553014e-05
-0.016500000000000001,-0.025000000000000001,0.00018173074558944417,0.0001090384473536665
-0.016,-0.025000000000000001,0.00032027200299925175,0.00019216320179955105
-0.0155,-0.025000000000000001,0.00054948734768170166,0.000329692408609021
-0.015000000000000001,-0.025000000000000001,0.00091773367775348463,0.00055064020665209076
-0.014500000000000001,-0.025000000000000001,0.0014920967760219442,0.0008952580656131665
-0.014,-0.025000000000000001,0.0023617380052557116,0.0014170428031534269
-0.0135,-0.025000000000000001,0.0036399166786812566,0.002183950007208754
-0.012999999999999999,-0.025000000000000001,0.0054637786349572429,0.0032782671809743458
-0.012500000000000001,-0.025000000000000001,0.0079912118812157998,0.0047947271287294797
-0.012,-0.025000000000000001,0.01139468791056992,0.0068368127463419521
-0.0115,-0.025000000000000001,0.015853083048470495,0.0095118498290822969
-0.010999999999999999,-0.025000000000000001,0.021543910014199526,0.012926346008519716
-0.010499999999999999,-0.025000000000000001,0.028639878331454323,0.017183926998872594
-0.010000000000000002,-0.025000000000000001,0.037314713421987923,0.022388828053192752
-0.0095000000000000015,-0.025000000000000001,0.047763016403916982,0.028657809842350189
-0.0090000000000000011,-0.025000000000000001,0.060236979353290532,0.036142187611974318
-0.0085000000000000006,-0.025000000000000001,0.075098607372650505,0.0450591644235903
-0.0080000000000000002,-0.025000000000000001,0.092879940020651669,0.055727964012391003
-0.0074999999999999997,-0.025000000000000001,0.1143366139255909,0.068601968355354537
-0.0069999999999999993,-0.025000000000000001,0.1404738076792644,0.084284284607558643
-0.0064999999999999988,-0.025000000000000001,0.1725205843615189,0.10351235061691134
-0.0059999999999999984,-0.025000000000000001,0.21183132378633765,0.1270987942718026
-0.0054999999999999979,-0.025000000000000001,0.25970291834943116,0.1558217510096587
-0.005000000000000001,-0.025000000000000001,0.31711360240579478,0.19026816144347686
-0.0044999999999999971,-0.025000000000000001,0.38441130643948068,0.23064678386368839
-0.0040000000000000001,-0.025000000000000001,0.46100156568952744,0.27660093941371644
-0.0035000000000000031,-0.025000000000000001,0.54510101658203058,0.32706060994921832
-0.0029999999999999992,-0.025000000000000001,0.63362614048906007,0.38017568429343601
-0.0025000000000000022,-0.025000000000000001,0.72227393300299803,0.43336435980179883
-0.0019999999999999983,-0.025000000000000001,0.80582122774874998,0.48349273664924997
-0.0015000000000000013,-0.025000000000000001,0.87862699689012513,0.52717619813407501
-0.00099999999999999742,-0.025000000000000001,0.93527605020061166,0.56116563012036702
-0.00050000000000000044,-0.025000000000000001,0.97126459817517852,0.58275875890510709
0,-0.025000000000000001,0.98360891400248263,0.5901653484014896
0.00050000000000000044,-0.025000000000000001,0.97126459817517408,0.58275875890510442
0.0010000000000000009,-0.025000000000000001,0.93527605020060101,0.56116563012036058
0.0015000000000000013,-0.025000000000000001,0.87862699689010471,0.5271761981340628
0.0020000000000000018,-0.025000000000000001,0.80582122774871201,0.48349273664922721
0.0024999999999999988,-0.025000000000000001,0.72227393300293352,0.43336435980176008
0.0030000000000000027,-0.025000000000000001,0.63362614048895216,0.38017568429337129
0.0034999999999999996,-0.025000000000000001,0.54510101658185806,0.32706060994911484
0.0040000000000000036,-0.025000000000000001,0.46100156568925227,0.27660093941355135
0.0045000000000000005,-0.025000000000000001,0.38441130643905902,0.2306467838634354
0.0049999999999999975,-0.025000000000000001,0.31711360240516573,0.19026816144309944
0.0055000000000000014,-0.025000000000000001,0.25970291834851517,0.15582175100910908
0.0059999999999999984,-0.025000000000000001,0.2118313237850426,0.12709879427102555
0.0064999999999999988,-0.025000000000000001,0.17252058435973666,0.10351235061584199
0.0069999999999999993,-0.025000000000000001,0.14047380767687864,0.084284284606127177
0.0074999999999999997,-0.025000000000000001,0.11433661392248461,0.068601968353490764
0.0080000000000000002,-0.025000000000000001,0.092879940016718329,0.055727964010030995
0.0085000000000000006,-0.025000000000000001,0.075098607367806047,0.045059164420683626
0.0090000000000000011,-0.025000000000000001,0.060236979347487271,0.03614218760849236
0.0095000000000000015,-0.025000000000000001,0.047763016397155827,0.028657809838293496
0.010000000000000002,-0.025000000000000001,0.037314713414326496,0.022388828048595898
0.010500000000000002,-0.025000000000000001,0.028639878323010567,0.017183926993806338
0.011000000000000003,-0.025000000000000001,0.021543910005148537,0.012926346003089123
0.011500000000000003,-0.025000000000000001,0.01585308303903445,0.0095118498234206695
0.012000000000000004,-0.025000000000000001,0.011394687901001911,0.0068368127406011467
0.012499999999999997,-0.025000000000000001,0.0079912118717798061,0.0047947271230678835
0.013000000000000005,-0.025000000000000001,0.005463778625906265,0.0032782671755437589
0.013499999999999998,-0.025000000000000001,0.0036399166702375334,0.0021839500021425201
0.014000000000000005,-0.025000000000000001,0.0023617379975942382,0.0014170427985565428
0.014499999999999999,-0.025000000000000001,0.0014920967692607342,0.0008952580615564404
0.014999999999999999,-0.025000000000000001,0.00091773367195019525,0.00055064020317011715
0.0155,-0.025000000000000001,0.00054948734283707913,0.00032969240570224749
0.016000000000000007,-0.025000000000000001,0.00032027199906572334,0.00019216319943943399
0.016500000000000001,-0.025000000000000001,0.00018173074248316722,0.00010903844548990032
0.017000000000000001,-0.025000000000000001,0.00010040194720845147,6.0241168325070883e-05
0.017500000000000002,-0.025000000000000001,5.4018895341912254e-05,3.2411337205147348e-05
0.017999999999999995,-0.025000000000000001,2.8311099963295326e-05,1.6986659977977196e-05
0.018500000000000003,-0.025000000000000001,1.4458699155425907e-05,8.6752194932555438e-06
0.019000000000000003,-0.025000000000000001,7.1987770198999439e-06,4.3192662119399658e-06
0.019500000000000003,-0.025000000000000001,3.496138275981753e-06,2.0976829655890519e-06
0.019999999999999997,-0.025000000000000001,1.6573580294638479e-06,9.9441481767830867e-07
0.020499999999999997,-0.025000000000000001,7.6753677033214844e-07,4.6052206219928902e-07
0.021000000000000005,-0.025000000000000001,3.4758246837902458e-07,2.0854948102741475e-07
0.021500000000000005,-0.025000000000000001,1.5409066834530914e-07,9.2454401007185487e-08
0.021999999999999999,-0.025000000000000001,6.695696092365418e-08,4.0174176554192504e-08
0.022499999999999999,-0.025000000000000001,2.8556164687809177e-08,1.7133698812685506e-08
0.023000000000000007,-0.025000000000000001,1.1969910304826402e-08,7.181946182895841e-09
0.023500000000000007,-0.025000000000000001,4.938038268633752e-09,2.9628229611802509e-09
0.024,-0.025000000000000001,2.0073204357762205e-09,1.2043922614657324e-09
0.024500000000000001,-0.025000000000000001,8.0481850151214846e-10,4.8289110090728904e-10
0.025000000000000001,-0.025000000000000001,3.1847135049930039e-10,1.9108281029958022e-10
-0.025000000000000001,-0.024500000000000001,8.0482012303401281e-10,4.8289207382040768e-10
-0.024500000000000001,-0.024500000000000001,2.0039045607563249e-09,1.2023427364537948e-09
-0.024,-0.024500000000000001,4.9253917579165191e-09,2.9552350547499113e-09
-0.0235,-0.024500000000000001,1.1948016789562472e-08,7.1688100737374831e-09
-0.023,-0.024500000000000001,2.8587094848451089e-08,1.7152256909070652e-08
-0.022500000000000003,-0.024500000000000001,6.7397398383457578e-08,4.0438439030074546e-08
-0.022000000000000002,-0.024500000000000001,1.5638282739249782e-07,9.3829696435498691e-08
-0.021500000000000002,-0.024500000000000001,3.5663358677044933e-07,2.1398015206226958e-07
-0.021000000000000001,-0.024500000000000001,7.9825323587758873e-07,4.789519415265532e-07
-0.020500000000000001,-0.024500000000000001,1.7513008644099343e-06,1.0507805186459605e-06
-0.02,-0.024500000000000001,3.7613315812346298e-06,2.2567989487407779e-06
-0.0195,-0.024500000000000001,7.8995010315079847e-06,4.7397006189047905e-06
-0.019,-0.024500000000000001,1.6207450874622616e-05,9.7244705247735698e-06
-0.018500000000000003,-0.024500000000000001,3.2458636028855248e-05,1.9475181617313147e-05
-0.018000000000000002,-0.024500000000000001,6.3408850761826263e-05,3.8045310457095754e-05
-0.017500000000000002,-0.024500000000000001,0.00012076237884407573,7.2457427306445437e-05
-0.017000000000000001,-0.024500000000000001,0.0002241207354377938,0.00013447244126267628
-0.016500000000000001,-0.024500000000000001,0.00040518176844927829,0.00024310906106956697
-0.016,-0.024500000000000001,0.00071338096146576616,0.00042802857687945968
-0.0155,-0.024500000000000001,0.0012229729483452386,0.00073378376900714313
-0.015000000000000001,-0.024500000000000001,0.0020412084766981095,0.0012247250860188657
-0.014500000000000001,-0.024500000000000001,0.0033167726572331082,0.0019900635943398649
-0.014,-0.024500000000000001,0.0052470786346933383,0.0031482471808160031
-0.0135,-0.024500000000000001,0.0080825079386118194,0.0048495047631670913
-0.012999999999999999,-0.024500000000000001,0.012125498108990402,0.007275298865394241
-0.012500000000000001,-0.024500000000000001,0.017722803159667233,0.010633681895800339
-0.012,-0.024500000000000001,0.025250572431400883,0.015150343458840528
-0.0115,-0.024500000000000001,0.035094228460817792,0.021056537076490675
-0.010999999999999999,-0.024500000000000001,0.047628274146616023,0.028576964487969612
-0.010499999999999999,-0.024500000000000001,0.063204469810269615,0.037922681886161769
-0.010000000000000002,-0.024500000000000001,0.082159155872407033,0.049295493523444221
-0.0095000000000000015,-0.024500000000000001,0.10485039021481196,0.062910234128887174
-0.0090000000000000011,-0.024500000000000001,0.13173159496987757,0.079038956981926548
-0.0085000000000000006,-0.024500000000000001,0.16345974090101548,0.098075844540609289
-0.0080000000000000002,-0.024500000000000001,0.2010231396791361,0.12061388380748166
-0.0074999999999999997,-0.024500000000000001,0.24585876583072638,0.14751525949843583
-0.0069999999999999993,-0.024500000000000001,0.29991556045935436,0.1799493362756126
-0.0064999999999999988,-0.024500000000000001,0.36561347018287627,0.21936808210972575
-0.0059999999999999984,-0.024500000000000001,0.44565313690763625,0.26739188214458176
-0.0054999999999999979,-0.024500000000000001,0.54265153309889635,0.3255909198593378
-0.005000000000000001,-0.024500000000000001,0.65861425359341474,0.39516855215604885
-0.0044999999999999971,-0.024500000000000001,0.79430067525650472,0.47658040515390282
-0.0040000000000000001,-0.024500000000000001,0.94858403359172838,0.56915042015503703
-0.0035000000000000031,-0.024500000000000001,1.1179417285019719,0.67076503710118318
-0.0029999999999999992,-0.024500000000000001,1.2962189971840643,0.77773139831043858
-0.0025000000000000022,-0.024500000000000001,1.4747827899341479,0.88486967396048877
-0.0019999999999999983,-0.024500000000000001,1.6431215325247153,0.98587291951482914
-0.0015000000000000013,-0.024500000000000001,1.7898597281086244,1.0739158368651747
-0.00099999999999999742,-0.024500000000000001,1.904062424394553,1.1424374546367317
-0.00050000000000000044,-0.024500000000000001,1.9766268654196182,1.1859761192517708
0,-0.024500000000000001,2.0015192099251484,1.2009115259550891
0.00050000000000000044,-0.024500000000000001,1.9766268654196004,1.1859761192517602
0.0010000000000000009,-0.024500000000000001,1.9040624243945108,1.1424374546367064
0.0015000000000000013,-0.024500000000000001,1.7898597281085433,1.073915836865126
0.0020000000000000018,-0.024500000000000001,1.6431215325245672,0.98587291951474021
0.0024999999999999988,-0.024500000000000001,1.4747827899338948,0.88486967396033689
0.0030000000000000027,-0.024500000000000001,1.2962189971836402,0.77773139831018412
0.0034999999999999996,-0.024500000000000001,1.1179417285012889,0.67076503710077329
0.0040000000000000036,-0.024500000000000001,0.94858403359064369,0.56915042015438622
0.0045000000000000005,-0.024500000000000001,0.79430067525483961,0.47658040515290373
0.0049999999999999975,-0.024500000000000001,0.65861425359092729,0.39516855215455637
0.0055000000000000014,-0.024500000000000001,0.54265153309527536,0.32559091985716521
0.0059999999999999984,-0.024500000000000001,0.44565313690251462,0.26739188214150877
0.0064999999999999988,-0.024500000000000001,0.3656134701758274,0.21936808210549644
0.0069999999999999993,-0.024500000000000001,0.29991556044991846,0.17994933626995108
0.0074999999999999997,-0.024500000000000001,0.24585876581844077,0.14751525949106445
0.0080000000000000002,-0.024500000000000001,0.20102313966357901,0.1206138837981474
0.0085000000000000006,-0.024500000000000001,0.163459740881855,0.098075844529112999
0.0090000000000000011,-0.024500000000000001,0.13173159494692527,0.079038956968155161
0.0095000000000000015,-0.024500000000000001,0.10485039018807096,0.062910234112842578
0.010000000000000002,-0.024500000000000001,0.082159155842105494,0.049295493505263292
0.010500000000000002,-0.024500000000000001,0.063204469776873953,0.037922681866124373
0.011000000000000003,-0.024500000000000001,0.047628274110818818,0.02857696446649129
0.011500000000000003,-0.024500000000000001,0.035094228423497534,0.021056537054098521
0.012000000000000004,-0.024500000000000001,0.025250572393558633,0.015150343436135178
0.012499999999999997,-0.024500000000000001,0.017722803122347048,0.010633681873408228
0.013000000000000005,-0.024500000000000001,0.012125498073193169,0.0072752988439159011
0.013499999999999998,-0.024500000000000001,0.0080825079052161963,0.0048495047431297176
0.014000000000000005,-0.024500000000000001,0.0052470786043916457,0.0031482471626349874
0.014499999999999999,-0.024500000000000001,0.0033167726304919819,0.0019900635782951889
0.014999999999999999,-0.024500000000000001,0.0020412084537456622,0.0012247250722473974
0.0155,-0.024500000000000001,0.0012229729291843849,0.00073378375751063094
0.016000000000000007,-0.024500000000000001,0.00071338094590836509,0.00042802856754501907
0.016500000000000001,-0.024500000000000001,0.00040518175616371466,0.00024310905369822879
0.017000000000000001,-0.024500000000000001,0.00022412072600175683,0.0001344724356010541
0.017500000000000002,-0.024500000000000001,0.00012076237179519117,7.2457423077114698e-05
0.017999999999999995,-0.024500000000000001,6.340884564044161e-05,3.8045307384264966e-05
0.018500000000000003,-0.024500000000000001,3.2458632409837219e-05,1.947517944590233e-05
0.019000000000000003,-0.024500000000000001,1.6207448387310418e-05,9.7244690323862505e-06
0.019500000000000003,-0.024500000000000001,7.8994993688376882e-06,4.7396996213026126e-06
0.019999999999999997,-0.024500000000000001,3.7613305002532412e-06,2.2567983001519445e-06
0.020499999999999997,-0.024500000000000001,1.7513001808657745e-06,1.0507801085194646e-06
0.021000000000000005,-0.024500000000000001,7.9825281548871438e-07,4.7895168929322859e-07
0.021500000000000005,-0.024500000000000001,3.5663333530859826e-07,2.1398000118515896e-07
0.021999999999999999,-0.024500000000000001,1.5638268109757474e-07,9.3829608658544844e-08
0.022499999999999999,-0.024500000000000001,6.7397315603980624e-08,4.0438389362388372e-08
0.023000000000000007,-0.024500000000000001,2.8587049291739742e-08,1.7152229575043846e-08
0.023500000000000007,-0.024500000000000001,1.1947992404812108e-08,7.1687954428872647e-09
0.024,-0.024500000000000001,4.9253790632725244e-09,2.9552274379635145e-09
0.024500000000000001,-0.024500000000000001,2.0038981330059469e-09,1.2023388798035682e-09
0.025000000000000001,-0.024500000000000001,8.0481695759649688e-10,4.8289017455789815e-10
-0.025000000000000001,-0.024,2.0073236229809224e-09,1.2043941737885534e-09
-0.024500000000000001,-0.024,4.9253917225538117e-09,2.9552350335322868e-09
-0.024,-0.024,1.192766151954472e-08,7.1565969117268317e-09
-0.0235,-0.024,2.85138238332196e-08,1.710829429993176e-08
-0.023,-0.024,6.7273967111621946e-08,4.0364380266973163e-08
-0.022500000000000003,-0.024,1.5655175393318961e-07,9.3931052359913761e-08
-0.022000000000000002,-0.024,3.5897812398720125e-07,2.1538687439232074e-07
-0.021500000000000002,-0.024,8.1012339788967147e-07,4.860740387338029e-07
-0.021000000000000001,-0.024,1.7968924183832069e-06,1.078135451029924e-06
-0.020500000000000001,-0.024,3.911820145311222e-06,2.3470920871867332e-06
-0.02,-0.024,8.3471495954262902e-06,5.0082897572557743e-06
-0.0195,-0.024,1.7436508946746865e-05,1.0461905368048119e-05
-0.019,-0.024,3.5617200910915225e-05,2.1370320546549133e-05
-0.018500000000000003,-0.024,7.1075424281447344e-05,4.2645254568868402e-05
-0.018000000000000002,-0.024,0.00013844682480843278,8.3068094885059674e-05
-0.017500000000000002,-0.024,0.00026306029341128465,0.00015783617604677079
-0.017000000000000001,-0.024,0.00048729989288589403,0.00029237993573153642
-0.016500000000000001,-0.024,0.00087966046873600931,0.00052779628124160561
-0.016,-0.024,0.001546906479171031,0.00092814388750261858
-0.0155,-0.024,0.0026493208999137856,0.0015895925399482713
-0.015000000000000001,-0.024,0.0044182829177617615,0.0026509697506570569
-0.014500000000000001,-0.024,0.007174341723439853,0.0043046050340639118
-0.014,-0.024,0.011342694025143665,0.0068056164150861994
-0.0135,-0.024,0.01746184644107527,0.010477107864645162
-0.012999999999999999,-0.024,0.026180771527959071,0.015708462916775443
-0.012500000000000001,-0.024,0.038240700601022866,0.02294442036061372
-0.012,-0.024,0.054440444681099681,0.03266426680865981
-0.0115,-0.024,0.075589071474179953,0.045353442884507968
-0.010999999999999999,-0.024,0.10245649177768293,0.061473895066609753
-0.010499999999999999,-0.024,0.13573966789150085,0.081443800734900512
-0.010000000000000002,-0.024,0.17606737692235541,0.10564042615341325
-0.0095000000000000015,-0.024,0.22406666938107406,0.13444000162864442
-0.0090000000000000011,-0.024,0.28050635886227399,0.16830381531736438
-0.0085000000000000006,-0.024,0.34651530444266704,0.20790918266560021
-0.0080000000000000002,-0.024,0.42384668096587363,0.25430800857952418
-0.0074999999999999997,-0.024,0.51512815822589408,0.30907689493553642
-0.0069999999999999993,-0.024,0.62400984948230243,0.37440590968938142
-0.0064999999999999988,-0.024,0.75510746237112669,0.45306447742267597
-0.0059999999999999984,-0.024,0.91364769007339364,0.54818861404403618
-0.0054999999999999979,-0.024,1.1047633656636671,0.66285801939820022
-0.005000000000000001,-0.024,1.3324569239400756,0.79947415436404534
-0.0044999999999999971,-0.024,1.5983422686807374,0.95900536120844238
-0.0040000000000000001,-0.024,1.9003675793053807,1.1402205475832283
-0.0035000000000000031,-0.024,2.2317889385916638,1.3390733631549983
-0.0029999999999999992,-0.024,2.5806811175825008,1.5484086705495004
-0.0025000000000000022,-0.024,2.9302200325651246,1.7581320195390748
-0.0019999999999999983,-0.024,3.2598498872586106,1.9559099323551663
-0.0015000000000000013,-0.024,3.5472753857457784,2.128365231447467
-0.00099999999999999742,-0.024,3.7710323392410947,2.2626194035446567
-0.00050000000000000044,-0.024,3.9132351570145834,2.3479410942087497
0,-0.024,3.9620209874603898,2.377212592476234
0.00050000000000000044,-0.024,3.9132351570145145,2.3479410942087084
0.0010000000000000009,-0.024,3.7710323392409322,2.262619403544559
0.0015000000000000013,-0.024,3.5472753857454662,2.1283652314472796
0.0020000000000000018,-0.024,3.2598498872580453,1.955909932354827
0.0024999999999999988,-0.024,2.9302200325641543,1.7581320195384926
0.0030000000000000027,-0.024,2.5806811175808764,1.5484086705485258
0.0034999999999999996,-0.024,2.2317889385890317,1.3390733631534191
0.0040000000000000036,-0.024,1.900367579301218,1.1402205475807308
0.0045000000000000005,-0.024,1.598342268674336,0.95900536120460156
0.0049999999999999975,-0.024,1.3324569239305066,0.79947415435830393
0.0055000000000000014,-0.024,1.1047633656497422,0.66285801938984534
0.0059999999999999984,-0.024,0.91364769005369273,0.54818861403221564
0.0064999999999999988,-0.024,0.75510746234401083,0.45306447740640649
0.0069999999999999993,-0.024,0.62400984944600446,0.37440590966760268
0.0074999999999999997,-0.024,0.51512815817863433,0.3090768949071806
0.0080000000000000002,-0.024,0.42384668090602895,0.25430800854361735
0.0085000000000000006,-0.024,0.34651530436896077,0.20790918262137645
0.0090000000000000011,-0.024,0.28050635877398256,0.16830381526438953
0.0095000000000000015,-0.024,0.22406666927820851,0.13444000156692509
0.010000000000000002,-0.024,0.17606737680579349,0.10564042608347608
0.010500000000000002,-0.024,0.135739667763037,0.081443800657822196
0.011000000000000003,-0.024,0.10245649163998077,0.061473894983988461
0.011500000000000003,-0.024,0.075589071330619192,0.045353442798371515
0.012000000000000004,-0.024,0.054440444535531124,0.032664266721318676
0.012499999999999997,-0.024,0.038240700457462265,0.022944420274477358
0.013000000000000005,-0.024,0.026180771390256975,0.015708462834154183
0.013499999999999998,-0.024,0.01746184631261154,0.010477107787566924
0.014000000000000005,-0.024,0.011342693908581402,0.0068056163451488414
0.014499999999999999,-0.024,0.0071743416205741137,0.004304604972344468
0.014999999999999999,-0.024,0.0044182828294699735,0.0026509696976819842
0.0155,-0.024,0.0026493208262072443,0.0015895924957243465
0.016000000000000007,-0.024,0.0015469064193259976,0.00092814385159559849
0.016500000000000001,-0.024,0.0008796604214768172,0.0005277962528860903
0.017000000000000001,-0.024,0.00048729985658805457,0.00029237991395283274
0.017500000000000002,-0.024,0.00026306026629616239,0.00015783615977769743
0.017999999999999995,-0.024,0.00013844680510787229,8.3068083064723378e-05
0.018500000000000003,-0.024,7.1075410360079609e-05,4.2645246216047763e-05
0.019000000000000003,-0.024,3.5617191342908479e-05,2.1370314805745088e-05
0.019500000000000003,-0.024,1.7436502550910958e-05,1.0461901530546574e-05
0.019999999999999997,-0.024,8.3471454371878038e-06,5.0082872623126819e-06
0.020499999999999997,-0.024,3.9118175159045563e-06,2.3470905095427335e-06
0.021000000000000005,-0.024,1.7968908012626714e-06,1.0781344807576028e-06
0.021500000000000005,-0.024,8.1012243058500545e-07,4.8607345835100321e-07
0.021999999999999999,-0.024,3.5897756123081129e-07,2.1538653673848677e-07
0.022499999999999999,-0.024,1.5655143550327873e-07,9.393086130196724e-08
0.023000000000000007,-0.024,6.7273791867466552e-08,4.036427512047993e-08
0.023500000000000007,-0.024,2.8513730031782684e-08,1.710823801906961e-08
0.024,-0.024,1.1927612686736184e-08,7.1565676120417102e-09
0.024500000000000001,-0.024,4.9253669967635928e-09,2.9552201980581556e-09
0.025000000000000001,-0.024,2.0073114464122528e-09,1.2043868678473517e-09
-0.025000000000000001,-0.0235,4.9380443332348036e-09,2.9628265999408822e-09
-0.024500000000000001,-0.0235,1.1948016578559074e-08,7.1688099471354439e-09
-0.024,-0.0235,2.8513823510747463e-08,1.7108294106448478e-08
-0.0235,-0.0235,6.7159325755114626e-08,4.0295595453068777e-08
-0.023,-0.0235,1.5615034020649959e-07,9.3690204123899744e-08
-0.022500000000000003,-0.0235,3.5832005667564667e-07,2.1499203400538799e-07
-0.022000000000000002,-0.0235,8.1099623901668217e-07,4.8659774341000926e-07
-0.021500000000000002,-0.0235,1.8086977984389958e-06,1.0852186790633973e-06
-0.021000000000000001,-0.0235,3.9699656071356205e-06,2.3819793642813724e-06
-0.020500000000000001,-0.0235,8.5643768828522188e-06,5.1386261297113311e-06
-0.02,-0.0235,1.8133912308995707e-05,1.0880347385397425e-05
-0.0195,-0.0235,3.7634911611245386e-05,2.2580946966747233e-05
-0.019,-0.0235,7.6463450540542743e-05,4.5878070324325644e-05
-0.018500000000000003,-0.0235,0.00015191406999148766,9.1148441994892592e-05
-0.018000000000000002,-0.0235,0.000294852361365524,0.00017691141681931439
-0.017500000000000002,-0.0235,0.00055862373155916628,0.00033517423893549974
-0.017000000000000001,-0.0235,0.0010324021693202355,0.00061944130159214132
-0.016500000000000001,-0.0235,0.0018601823216925263,0.0011161093930155156
-0.016,-0.0235,0.0032662657820267081,0.0019597594692160247
-0.0155,-0.0235,0.0055871972552137229,0.0033523183531282337
-0.015000000000000001,-0.0235,0.0093085202189770472,0.005585112131386228
-0.014500000000000001,-0.0235,0.015102443994863862,0.0090614663969183166
-0.014,-0.0235,0.023859820564534187,0.014315892338720512
-0.0135,-0.0235,0.036707385836653131,0.022024431501991879
-0.012999999999999999,-0.0235,0.055000111035698455,0.03300006662141907
-0.012500000000000001,-0.0235,0.080280101595340339,0.048168060957204203
-0.012,-0.0235,0.11419905533655705,0.068519433201934224
-0.0115,-0.0235,0.15841145522896341,0.095046873137378043
-0.010999999999999999,-0.0235,0.2144596503380225,0.1286757902028135
-0.010499999999999999,-0.0235,0.28368703486614949,0.17021222091968968
-0.010000000000000002,-0.0235,0.36722684079280754,0.22033610447568452
-0.0095000000000000015,-0.0235,0.46611533723751558,0.27966920234250936
-0.0090000000000000011,-0.0235,0.58156333308976726,0.34893799985386037
-0.0085000000000000006,-0.0235,0.71538516183508927,0.42923109710105356
-0.0080000000000000002,-0.0235,0.87053125058627379,0.52231875035176423
-0.0074999999999999997,-0.0235,1.0516074545328495,0.63096447271970968
-0.0069999999999999993,-0.0235,1.265207374890752,0.7591244249344512
-0.0064999999999999988,-0.0235,1.5198536495345263,0.91191218972071575
-0.0059999999999999984,-0.0235,1.8253614141182308,1.0952168484709384
-0.0054999999999999979,-0.0235,2.1915153943393433,1.3149092366036059
-0.005000000000000001,-0.0235,2.6260907689488358,1.5756544613693013
-0.0044999999999999971,-0.0235,3.132427357685728,1.8794564146114368
-0.0040000000000000001,-0.0235,3.7069482513854015,2.224168950831241
-0.0035000000000000031,-0.0235,4.3371468409712728,2.6022881045827635
-0.0029999999999999992,-0.0235,5.0005999068750162,3.0003599441250097
-0.0025000000000000022,-0.0235,5.6654651516274308,3.3992790909764583
-0.0019999999999999983,-0.0235,6.2926866416089737,3.775611984965384
-0.0015000000000000013,-0.0235,6.8397972225632868,4.1038783335379723
-0.00099999999999999742,-0.0235,7.2658443784308142,4.3595066270584883
-0.00050000000000000044,-0.0235,7.5366657242301338,4.5219994345380803
0,-0.0235,7.6295873476892222,4.5777524086135335
0.00050000000000000044,-0.0235,7.5366657242298762,4.5219994345379257
0.0010000000000000009,-0.0235,7.2658443784302049,4.3595066270581224
0.0015000000000000013,-0.0235,6.839797222562118,4.1038783335372706
0.0020000000000000018,-0.0235,6.2926866416068679,3.7756119849641205
0.0024999999999999988,-0.0235,5.6654651516238088,3.3992790909742854
0.0030000000000000027,-0.0235,5.0005999068689544,3.0003599441213726
0.0034999999999999996,-0.0235,4.337146840961438,2.6022881045768629
0.0040000000000000036,-0.0235,3.7069482513698317,2.2241689508218991
0.0045000000000000005,-0.0235,3.1324273576617903,1.879456414597074
0.0049999999999999975,-0.0235,2.6260907689130382,1.5756544613478229
0.0055000000000000014,-0.0235,2.1915153942872512,1.3149092365723507
0.0059999999999999984,-0.0235,1.8253614140445256,1.0952168484267153
0.0064999999999999988,-0.0235,1.5198536494330794,0.91191218965984766
0.0069999999999999993,-0.0235,1.2652073747549504,0.75912442485297016
0.0074999999999999997,-0.0235,1.0516074543560368,0.63096447261362198
0.0080000000000000002,-0.0235,0.870531250362375,0.52231875021742502
0.0085000000000000006,-0.0235,0.71538516155932985,0.42923109693559791
0.0090000000000000011,-0.0235,0.58156333275943828,0.34893799965566297
0.0095000000000000015,-0.0235,0.46611533685266021,0.27966920211159613
0.010000000000000002,-0.0235,0.36722684035670899,0.22033610421402539
0.010500000000000002,-0.0235,0.28368703438552234,0.17021222063131339
0.011000000000000003,-0.0235,0.21445964982283189,0.12867578989369913
0.011500000000000003,-0.0235,0.15841145469185353,0.095046872815112107
0.012000000000000004,-0.0235,0.11419905479193526,0.068519432875161157
0.012499999999999997,-0.0235,0.080280101058230621,0.048168060634938371
0.013000000000000005,-0.0235,0.055000110520508037,0.033000066312304822
0.013499999999999998,-0.0235,0.036707385356026162,0.022024431213615695
0.014000000000000005,-0.0235,0.023859820128435037,0.014315892077061021
0.014499999999999999,-0.0235,0.015102443610007852,0.0090614661660047106
0.014999999999999999,-0.0235,0.0093085198886472455,0.0055851119331883472
0.0155,-0.0235,0.0055871969794523231,0.0033523181876713936
0.016000000000000007,-0.0235,0.003266265558125976,0.0019597593348755853
0.016500000000000001,-0.0235,0.001860182144879718,0.0011161092869278308
0.017000000000000001,-0.0235,0.0010324020335175941,0.00061944122011055639
0.017500000000000002,-0.0235,0.00055862363011221453,0.00033517417806732872
0.017999999999999995,-0.0235,0.00029485228765898432,0.00017691137259539058
0.018500000000000003,-0.0235,0.00015191401790688638,9.1148410744131824e-05
0.019000000000000003,-0.0235,7.6463414743354761e-05,4.5878048846012857e-05
0.019500000000000003,-0.0235,3.7634887682234372e-05,2.2580932609340622e-05
0.019999999999999997,-0.0235,1.8133896751602172e-05,1.0880338050961302e-05
0.020499999999999997,-0.0235,8.5643670453418416e-06,5.1386202272051048e-06
0.021000000000000005,-0.0235,3.9699595569342159e-06,2.3819757341605293e-06
0.021500000000000005,-0.0235,1.8086941794211646e-06,1.0852165076526987e-06
0.021999999999999999,-0.0235,8.1099413355240868e-07,4.8659648013144519e-07
0.022499999999999999,-0.0235,3.5831886532035904e-07,2.149913191922154e-07
0.023000000000000007,-0.0235,1.5614968455813346e-07,9.3689810734880067e-08
0.023500000000000007,-0.0235,6.7158974811833935e-08,4.029538488710036e-08
0.024,-0.0235,2.8513640810496384e-08,1.710818448629783e-08
0.024500000000000001,-0.0235,1.1947924070914792e-08,7.1687544425488752e-09
0.025000000000000001,-0.0235,4.9379987765236842e-09,2.9627992659142104e-09
-0.025000000000000001,-0.023,1.1969921432359581e-08,7.1819528594157482e-09
-0.024500000000000001,-0.023,2.858709392901757e-08,1.7152256357410541e-08
-0.024,-0.023,6.7273965240334034e-08,4.0364379144200419e-08
-0.0235,-0.023,1.5615033742514363e-07,9.3690202455086178e-08
-0.023,-0.023,3.5770924097225289e-07,2.1462554458335172e-07
-0.022500000000000003,-0.023,8.089157143736269e-07,4.8534942862417612e-07
-0.022000000000000002,-0.023,1.8053780563191801e-06,1.0832268337915081e-06
-0.021500000000000002,-0.023,3.9742287586383659e-06,2.3845372551830196e-06
-0.021000000000000001,-0.023,8.6205980559595921e-06,5.1723588335757553e-06
-0.020500000000000001,-0.023,1.8403313748957732e-05,1.1041988249374639e-05
-0.02,-0.023,3.8613902982238412e-05,2.3168341789343046e-05
-0.0195,-0.023,7.952050408352851e-05,4.7712302450117102e-05
-0.019,-0.023,0.00016051648586535186,9.6309891519211118e-05
-0.018500000000000003,-0.023,0.00031719459884900741,0.00019031675930940444
-0.018000000000000002,-0.023,0.00061293702359203797,0.00036776221415522279
-0.017500000000000002,-0.023,0.0011571039082640673,0.00069426234495844035
-0.017000000000000001,-0.023,0.0021322715351141976,0.0012793629210685186
-0.016500000000000001,-0.023,0.0038329668463355326,0.0022997801078013195
-0.016,-0.023,0.0067176188820063324,0.0040305713292037989
-0.0155,-0.023,0.011473606012092311,0.0068841636072553862
-0.015000000000000001,-0.023,0.019092011783558748,0.011455207070135249
-0.014500000000000001,-0.023,0.030943999541395761,0.018566399724837455
-0.014,-0.023,0.048845125305330264,0.029307075183198156
-0.0135,-0.023,0.075088771727380585,0.04505326303642835
-0.012999999999999999,-0.023,0.11242740136208465,0.067456440817250787
-0.012500000000000001,-0.023,0.16398327660633821,0.098389965963802922
-0.012,-0.023,0.2330813086955888,0.13984878521735328
-0.0115,-0.023,0.32301707388608797,0.19381024433165278
-0.010999999999999999,-0.023,0.43680131124766775,0.26208078674860064
-0.010499999999999999,-0.023,0.57695300830768748,0.34617180498461247
-0.010000000000000002,-0.023,0.74543691326994754,0.4472621479619685
-0.0095000000000000015,-0.023,0.94384549710924215,0.56630729826554527
-0.0090000000000000011,-0.023,1.1738977562189588,0.70433865373137527
-0.0085000000000000006,-0.023,1.4382604287725642,0.86295625726353853
-0.0080000000000000002,-0.023,1.7415938616033111,1.0449563169619867
-0.0074999999999999997,-0.023,2.0916013997826317,1.2549608398695791
-0.0069999999999999993,-0.023,2.4997484953921094,1.4998490972352656
-0.0064999999999999988,-0.023,2.9812561169855947,1.7887536701913567
-0.0059999999999999984,-0.023,3.5540026537152456,2.1324015922291473
-0.0054999999999999979,-0.023,4.2361157326377379,2.5416694395826425
-0.005000000000000001,-0.023,5.042299059035309,3.0253794354211854
-0.0044999999999999971,-0.023,5.9792818326643413,3.5875690995986047
-0.0040000000000000001,-0.023,7.0411256774093873,4.2246754064456322
-0.0035000000000000031,-0.023,8.2053792930445297,4.9232275758267177
-0.0029999999999999992,-0.023,9.4311382928099903,5.658682975685994
-0.0025000000000000022,-0.023,10.659882752357159,6.3959296514142956
-0.0019999999999999983,-0.023,11.819522994918248,7.0917137969509492
-0.0015000000000000013,-0.023,12.831453663602217,7.6988721981613297
-0.00099999999999999742,-0.023,13.619732032460885,8.1718392194765297
-0.00050000000000000044,-0.023,14.120929661894499,8.4725577971366981
0,-0.023,14.292917119007143,8.575750271404285
0.00050000000000000044,-0.023,14.120929661893546,8.4725577971361279
0.0010000000000000009,-0.023,13.619732032458659,8.1718392194751956
0.0015000000000000013,-0.023,12.831453663597962,7.6988721981587771
0.0020000000000000018,-0.023,11.819522994910608,7.0917137969463644
0.0024999999999999988,-0.023,10.659882752343991,6.3959296514063944
0.0030000000000000027,-0.023,9.4311382927879563,5.6586829756727735
0.0034999999999999996,-0.023,8.205379293008729,4.9232275758052371
0.0040000000000000036,-0.023,7.0411256773527651,4.2246754064116585
0.0045000000000000005,-0.023,5.9792818325772563,3.5875690995463536
0.0049999999999999975,-0.023,5.0422990589050487,3.0253794353430292
0.0055000000000000014,-0.023,4.2361157324482033,2.5416694394689219
0.0059999999999999984,-0.023,3.5540026534470375,2.1324015920682222
0.0064999999999999988,-0.023,2.981256116616446,1.7887536699698676
0.0069999999999999993,-0.023,2.4997484948979465,1.4998490969387679
0.0074999999999999997,-0.023,2.0916013991392379,1.2549608394835428
0.0080000000000000002,-0.023,1.7415938607885753,1.044956316473145
0.0085000000000000006,-0.023,1.4382604277691147,0.8629562566614688
0.0090000000000000011,-0.023,1.1738977550169409,0.70433865301016452
0.0095000000000000015,-0.023,0.94384549570881127,0.56630729742528674
0.010000000000000002,-0.023,0.74543691168305148,0.44726214700983086
0.010500000000000002,-0.023,0.57695300655875936,0.3461718039352556
0.011000000000000003,-0.023,0.43680130937296913,0.26208078562378145
0.011500000000000003,-0.023,0.32301707193162771,0.19381024315897663
0.012000000000000004,-0.023,0.23308130671379387,0.13984878402827633
0.012499999999999997,-0.023,0.16398327465187854,0.098389964791127119
0.013000000000000005,-0.023,0.1124273994873866,0.067456439692431952
0.013499999999999998,-0.023,0.075088769978452999,0.045053261987071797
0.014000000000000005,-0.023,0.048845123718432804,0.029307074231059681
0.014499999999999999,-0.023,0.030943998140963928,0.018566398884578356
0.014999999999999999,-0.023,0.019092010581539386,0.01145520634892363
0.0155,-0.023,0.011473605008638973,0.0068841630051833837
0.016000000000000007,-0.023,0.0067176180672660381,0.0040305708403596228
0.016500000000000001,-0.023,0.003832966202940919,0.0022997797217645514
0.017000000000000001,-0.023,0.0021322710409492573,0.0012793626245695543
0.017500000000000002,-0.023,0.0011571035391142136,0.00069426212346852811
0.017999999999999995,-0.023,0.00061293675538527128,0.00036776205323116274
0.018500000000000003,-0.023,0.00031719440932115214,0.00019031664559269128
0.019000000000000003,-0.023,0.00016051635560488802,9.6309813362932808e-05
0.019500000000000003,-0.023,7.9520417009537603e-05,4.7712250205722562e-05
0.019999999999999997,-0.023,3.8613846371274909e-05,2.3168307822764944e-05
0.020499999999999997,-0.023,1.8403277951770059e-05,1.1041966771062036e-05
0.021000000000000005,-0.023,8.6205760402069374e-06,5.1723456241241622e-06
0.021500000000000005,-0.023,3.974215589588907e-06,2.3845293537533442e-06
0.021999999999999999,-0.023,1.8053703948583985e-06,1.0832222369150392e-06
0.022499999999999999,-0.023,8.0891137921490368e-07,4.8534682752894218e-07
0.023000000000000007,-0.023,3.5770685516865767e-07,2.1462411310119459e-07
0.023500000000000007,-0.023,1.5614906039650415e-07,9.3689436237902484e-08
0.024,-0.023,6.7273300422211089e-08,4.0363980253326654e-08
0.024500000000000001,-0.023,2.8586757307923385e-08,1.715205438475403e-08
0.025000000000000001,-0.023,1.1969755658492139e-08,7.1818533950952828e-09
-0.025000000000000001,-0.022500000000000003,2.8556184233646839e-08,1.7133710540188102e-08
-0.024500000000000001,-0.022500000000000003,6.7397394915976431e-08,4.0438436949585855e-08
-0.024,-0.022500000000000003,1.5655174600325916e-07,9.3931047601955499e-08
-0.0235,-0.022500000000000003,3.5832004097906689e-07,2.1499202458744012e-07
-0.023,-0.022500000000000003,8.089156916837926e-07,4.853494150102755e-07
-0.022500000000000003,-0.022500000000000003,1.8022991783825941e-06,1.0813795070295564e-06
-0.022000000000000002,-0.022500000000000003,3.9640267077544379e-06,2.3784160246526627e-06
-0.021500000000000002,-0.022500000000000003,8.6047506129009205e-06,5.1628503677405518e-06
-0.021000000000000001,-0.022500000000000003,1.8422992383714766e-05,1.105379543022886e-05
-0.020500000000000001,-0.022500000000000003,3.8867121779732883e-05,2.332027306783973e-05
-0.02,-0.022500000000000003,8.070108490832241e-05,4.8420650944993445e-05
-0.0195,-0.022500000000000003,0.00016468966800944326,9.8813800805665951e-05
-0.019,-0.022500000000000003,0.00032986969093959362,0.00019792181456375617
-0.018500000000000003,-0.022500000000000003,0.00064762770182550408,0.00038857662109530243
-0.018000000000000002,-0.022500000000000003,0.001244734193299162,0.00074684051597949722
-0.017500000000000002,-0.022500000000000003,0.0023394585234666064,0.0014036751140799639
-0.017000000000000001,-0.022500000000000003,0.004295616782907124,0.0025773700697442744
-0.016500000000000001,-0.022500000000000003,0.0076993906002265806,0.004619634360135948
-0.016,-0.022500000000000003,0.013462302309769815,0.0080773813858618891
-0.0155,-0.022500000000000003,0.022950052096553618,0.013770031257932171
-0.015000000000000001,-0.022500000000000003,0.038130389679749424,0.022878233807849653
-0.014500000000000001,-0.022500000000000003,0.061723762828525035,0.037034257697115019
-0.014,-0.022500000000000003,0.097329219628954675,0.058397531777372801
-0.0135,-0.022500000000000003,0.14948757337483523,0.089692544024901136
-0.012999999999999999,-0.022500000000000003,0.22363850242442623,0.13418310145465573
-0.012500000000000001,-0.022500000000000003,0.32593356221810221,0.19556013733086133
-0.012,-0.022500000000000003,0.46288828759772654,0.27773297255863594
-0.0115,-0.022500000000000003,0.64089633633270027,0.38453780179962016
-0.010999999999999999,-0.022500000000000003,0.86568429130413949,0.51941057478248365
-0.010499999999999999,-0.022500000000000003,1.1418469757697862,0.68510818546187169
-0.010000000000000002,-0.022500000000000003,1.4726514469556122,0.88359086817336729
-0.0095000000000000015,-0.022500000000000003,1.8603090136567362,1.1161854081940417
-0.0090000000000000011,-0.022500000000000003,2.306864815702796,1.3841188894216776
-0.0085000000000000006,-0.022500000000000003,2.8157292157675471,1.6894375294605282
-0.0080000000000000002,-0.022500000000000003,3.3936792000717029,2.0362075200430216
-0.0074999999999999997,-0.022500000000000003,4.0529222816057437,2.4317533689634461
-0.0069999999999999993,-0.022500000000000003,4.8125982373086433,2.8875589423851857
-0.0064999999999999988,-0.022500000000000003,5.6989718382146242,3.4193831029287742
-0.0059999999999999984,-0.022500000000000003,6.7436184915328949,4.0461710949197371
-0.0054999999999999979,-0.022500000000000003,7.9791742281153404,4.7875045368692044
-0.005000000000000001,-0.022500000000000003,9.4327097519630936,5.6596258511778563
-0.0044999999999999971,-0.022500000000000003,11.117424910118933,6.6704549460713594
-0.0040000000000000001,-0.022500000000000003,13.024007407645003,7.8144044445870016
-0.0035000000000000031,-0.022500000000000003,15.113477529476947,9.0680865176861687
-0.0029999999999999992,-0.022500000000000003,17.313471354491998,10.388082812695199
-0.0025000000000000022,-0.022500000000000003,19.51957997802144,11.711747986812863
-0.0019999999999999983,-0.022500000000000003,21.602552926138937,12.961531755683362
-0.0015000000000000013,-0.022500000000000003,23.421016956388996,14.052610173833397
-0.00099999999999999742,-0.022500000000000003,24.838105117078069,14.902863070246841
-0.00050000000000000044,-0.022500000000000003,25.739349320791206,15.443609592474722
0,-0.022500000000000003,26.048656729918761,15.629194037951256
0.00050000000000000044,-0.022500000000000003,25.739349320787856,15.443609592472713
0.0010000000000000009,-0.022500000000000003,24.838105117070192,14.902863070242114
0.0015000000000000013,-0.022500000000000003,23.421016956373919,14.05261017382435
0.0020000000000000018,-0.022500000000000003,21.602552926111922,12.961531755667153
0.0024999999999999988,-0.022500000000000003,19.5195799779749,11.711747986784939
0.0030000000000000027,-0.022500000000000003,17.313471354414066,10.38808281264844
0.0034999999999999996,-0.022500000000000003,15.113477529350273,9.0680865176101637
0.0040000000000000036,-0.022500000000000003,13.024007407444611,7.8144044444667662
0.0045000000000000005,-0.022500000000000003,11.117424909810746,6.6704549458864468
0.0049999999999999975,-0.022500000000000003,9.4327097515020881,5.6596258509012527
0.0055000000000000014,-0.022500000000000003,7.9791742274445561,4.7875045364667335
0.0059999999999999984,-0.022500000000000003,6.7436184905836685,4.0461710943502007
0.0064999999999999988,-0.022500000000000003,5.6989718369081439,3.4193831021448862
0.0069999999999999993,-0.022500000000000003,4.8125982355597179,2.8875589413358305
0.0074999999999999997,-0.022500000000000003,4.0529222793286683,2.4317533675972007
0.0080000000000000002,-0.022500000000000003,3.3936791971882152,2.0362075183129291
0.0085000000000000006,-0.022500000000000003,2.8157292122161737,1.6894375273297042
0.0090000000000000011,-0.022500000000000003,2.3068648114486621,1.3841188868691972
0.0095000000000000015,-0.022500000000000003,1.8603090087003886,1.1161854052202331
0.010000000000000002,-0.022500000000000003,1.4726514413393335,0.88359086480360005
0.010500000000000002,-0.022500000000000003,1.1418469695800535,0.68510818174803212
0.011000000000000003,-0.022500000000000003,0.86568428466928637,0.51941057080157182
0.011500000000000003,-0.022500000000000003,0.64089632941555641,0.38453779764933382
0.012000000000000004,-0.022500000000000003,0.46288828058384096,0.27773296835030459
0.012499999999999997,-0.022500000000000003,0.32593355530095891,0.19556013318057533
0.013000000000000005,-0.022500000000000003,0.22363849578957398,0.13418309747374438
0.013499999999999998,-0.022500000000000003,0.1494875671851035,0.089692540311062094
0.014000000000000005,-0.022500000000000003,0.097329214012673845,0.058397528407604302
0.014499999999999999,-0.022500000000000003,0.061723757872175114,0.037034254723305064
0.014999999999999999,-0.022500000000000003,0.038130385425612805,0.022878231255367681
0.0155,-0.022500000000000003,0.02295004854517356,0.013770029127104136
0.016000000000000007,-0.022500000000000003,0.013462299426275149,0.0080773796557650889
0.016500000000000001,-0.022500000000000003,0.0076993883231513092,0.004619632993890785
0.017000000000000001,-0.022500000000000003,0.0042956150339792734,0.002577369020387564
0.017500000000000002,-0.022500000000000003,0.0023394572169868869,0.001403674330192132
0.017999999999999995,-0.022500000000000003,0.0012447332440729839,0.00074683994644379032
0.018500000000000003,-0.022500000000000003,0.00064762703105645148,0.0003885762186338709
0.019000000000000003,-0.022500000000000003,0.00032986922992721469,0.00019792153795632881
0.019500000000000003,-0.022500000000000003,0.00016468935984081804,9.8813615904490824e-05
0.019999999999999997,-0.022500000000000003,8.0700884553169762e-05,4.8420530731901854e-05
0.020499999999999997,-0.022500000000000003,3.8866995087824149e-05,2.3320197052694488e-05
0.021000000000000005,-0.022500000000000003,1.8422914466484291e-05,1.1053748679890574e-05
0.021500000000000005,-0.022500000000000003,8.604704005552257e-06,5.1628224033313542e-06
0.021999999999999999,-0.022500000000000003,3.9639995926330435e-06,2.3783997555798258e-06
0.022499999999999999,-0.022500000000000003,1.8022838355702527e-06,1.0813703013421516e-06
0.023000000000000007,-0.022500000000000003,8.0890724794755726e-07,4.8534434876853435e-07
0.023500000000000007,-0.022500000000000003,3.5831552137274881e-07,2.1498931282364927e-07
0.024,-0.022500000000000003,1.5654939310678005e-07,9.3929635864068031e-08
0.024500000000000001,-0.022500000000000003,6.7396203560686629e-08,4.0437722136411975e-08
0.025000000000000001,-0.022500000000000003,2.855559753371251e-08,1.7133358520227506e-08
-0.025000000000000001,-0.022000000000000002,6.695699333335193e-08,4.017419600001116e-08
-0.024500000000000001,-0.022000000000000002,1.5638281545585359e-07,9.382968927351215e-08
-0.024,-0.022000000000000002,3.5897809490323562e-07,2.1538685694194135e-07
-0.0235,-0.022000000000000002,8.1099617432824257e-07,4.8659770459694548e-07
-0.023,-0.022000000000000002,1.8053779317888661e-06,1.0832267590733196e-06
-0.022500000000000003,-0.022000000000000002,3.9640265326858322e-06,2.3784159196114991e-06
-0.022000000000000002,-0.022000000000000002,8.5900681238287292e-06,5.1540408742972374e-06
-0.021500000000000002,-0.022000000000000002,1.8375660571288688e-05,1.1025396342773212e-05
-0.021000000000000001,-0.022000000000000002,3.8795527977826156e-05,2.3277316786695692e-05
-0.020500000000000001,-0.022000000000000002,8.0786909475665726e-05,4.8472145685399433e-05
-0.02,-0.022000000000000002,0.00016576822035549701,9.94609322132982e-05
-0.0195,-0.022000000000000002,0.00033476281708012828,0.00020085769024807696
-0.019,-0.022000000000000002,0.00066445314041665515,0.00039867188424999307
-0.018500000000000003,-0.022000000000000002,0.0012944410474763812,0.00077666462848582874
-0.018000000000000002,-0.022000000000000002,0.0024717782117355449,0.0014830669270413268
-0.017500000000000002,-0.022000000000000002,0.0046207047050164235,0.0027724228230098539
-0.017000000000000001,-0.022000000000000002,0.0084469329974598707,0.0050681597984759226
-0.016500000000000001,-0.022000000000000002,0.015085778904477709,0.0090514673426866244
-0.016,-0.022000000000000002,0.026300620830464111,0.015780372498278464
-0.0155,-0.022000000000000002,0.044731027831971547,0.026838616699182926
-0.015000000000000001,-0.022000000000000002,0.074177203447576265,0.04450632206854576
-0.014500000000000001,-0.022000000000000002,0.11988902448555117,0.071933414691330702
-0.014,-0.022000000000000002,0.18880591282937595,0.11328354769762557
-0.0135,-0.022000000000000002,0.28967308807401687,0.17380385284441011
-0.012999999999999999,-0.022000000000000002,0.43294872450408706,0.25976923470245222
-0.012500000000000001,-0.022000000000000002,0.63042579448541414,0.37825547669124848
-0.012,-0.022000000000000002,0.89453212155411632,0.53671927293246979
-0.0115,-0.022000000000000002,1.2373477467600753,0.74240864805604512
-0.010999999999999999,-0.022000000000000002,1.6694853553064974,1.0016912131838984
-0.010499999999999999,-0.022000000000000002,2.1990979376507744,1.3194587625904646
-0.010000000000000002,-0.022000000000000002,2.8313732624471442,1.6988239574682864
-0.0095000000000000015,-0.022000000000000002,3.5689014221640707,2.1413408532984421
-0.0090000000000000011,-0.022000000000000002,4.4132144882811684,2.6479286929687009
-0.0085000000000000006,-0.022000000000000002,5.3675684336940348,3.2205410602164206
-0.0080000000000000002,-0.022000000000000002,6.4406750141579288,3.864405008494757
-0.0074999999999999997,-0.022000000000000002,7.650652463971392,4.590391478382835
-0.0069999999999999993,-0.022000000000000002,9.0280560757645869,5.4168336454587518
-0.0064999999999999988,-0.022000000000000002,10.61661407900549,6.369968447403294
-0.0059999999999999984,-0.022000000000000002,12.470370634569308,7.4822223807415842
-0.0054999999999999979,-0.022000000000000002,14.646417909624622,8.7878507457747723
-0.005000000000000001,-0.022000000000000002,17.193279767819615,10.315967860691769
-0.0044999999999999971,-0.022000000000000002,20.136162542321244,12.081697525392746
-0.0040000000000000001,-0.022000000000000002,23.46146399536779,14.076878397220673
-0.0035000000000000031,-0.022000000000000002,27.1038034453696,16.262282067221758
-0.0029999999999999992,-0.022000000000000002,30.939083529104963,18.563450117462978
-0.0025000000000000022,-0.022000000000000002,34.786504169793844,20.871902501876306
-0.0019999999999999983,-0.022000000000000002,38.4210070566238,23.052604233974279
-0.0015000000000000013,-0.022000000000000002,41.595562246825281,24.957337348095169
-0.00099999999999999742,-0.022000000000000002,44.070462595779347,26.442277557467609
-0.00050000000000000044,-0.022000000000000002,45.644928444633102,27.386957066779861
0,-0.022000000000000002,46.185369340330467,27.711221604198279
0.00050000000000000044,-0.022000000000000002,45.644928444621613,27.386957066772968
0.0010000000000000009,-0.022000000000000002,44.070462595752275,26.442277557451366
0.0015000000000000013,-0.022000000000000002,41.595562246773412,24.957337348064048
0.0020000000000000018,-0.022000000000000002,38.421007056530861,23.052604233918515
0.0024999999999999988,-0.022000000000000002,34.786504169633631,20.871902501780177
0.0030000000000000027,-0.022000000000000002,30.939083528836772,18.563450117302061
0.0034999999999999996,-0.022000000000000002,27.103803444933533,16.262282066960118
0.0040000000000000036,-0.022000000000000002,23.461463994678088,14.076878396806853
0.0045000000000000005,-0.022000000000000002,20.136162541260433,12.08169752475626
0.0049999999999999975,-0.022000000000000002,17.193279766232713,10.315967859739628
0.0055000000000000014,-0.022000000000000002,14.646417907315666,8.7878507443893987
0.0059999999999999984,-0.022000000000000002,12.470370631301883,7.4822223787811293
0.0064999999999999988,-0.022000000000000002,10.616614074508323,6.3699684447049938
0.0069999999999999993,-0.022000000000000002,9.0280560697444265,5.4168336418466554
0.0074999999999999997,-0.022000000000000002,7.6506524561332414,4.5903914736799445
0.0080000000000000002,-0.022000000000000002,6.4406750042323697,3.8644050025394217
0.0085000000000000006,-0.022000000000000002,5.3675684214694801,3.2205410528816878
0.0090000000000000011,-0.022000000000000002,4.4132144736375798,2.6479286841825478
0.0095000000000000015,-0.022000000000000002,3.5689014051033219,2.1413408430619931
0.010000000000000002,-0.022000000000000002,2.8313732431147813,1.6988239458688688
0.010500000000000002,-0.022000000000000002,2.1990979163444706,1.3194587498066823
0.011000000000000003,-0.022000000000000002,1.6694853324680012,1.0016911994808007
0.011500000000000003,-0.022000000000000002,1.2373477229498753,0.74240863376992516
0.012000000000000004,-0.022000000000000002,0.89453209741091055,0.53671925844654633
0.012499999999999997,-0.022000000000000002,0.63042577067521655,0.37825546240512992
0.013000000000000005,-0.022000000000000002,0.43294870166559279,0.25976922099935568
0.013499999999999998,-0.022000000000000002,0.28967306676771387,0.17380384006062832
0.014000000000000005,-0.022000000000000002,0.18880589349700824,0.11328353609820493
0.014499999999999999,-0.022000000000000002,0.11988900742479745,0.071933404454878475
0.014999999999999999,-0.022000000000000002,0.074177188803982802,0.04450631328238968
0.0155,-0.022000000000000002,0.044731015607407332,0.026838609364444398
0.016000000000000007,-0.022000000000000002,0.026300610904895872,0.015780366542937522
0.016500000000000001,-0.022000000000000002,0.015085771066326872,0.0090514626397961238
0.017000000000000001,-0.022000000000000002,0.0084469269772985429,0.0050681561863791256
0.017500000000000002,-0.022000000000000002,0.0046207002078505598,0.0027724201247103356
0.017999999999999995,-0.022000000000000002,0.0024717749443081724,0.0014830649665849033
0.018500000000000003,-0.022000000000000002,0.0012944387385544339,0.0007766632431326603
0.019000000000000003,-0.022000000000000002,0.00066445155351935615,0.0003986709321116137
0.019500000000000003,-0.022000000000000002,0.00033476175630176215,0.00020085705378105728
0.019999999999999997,-0.022000000000000002,0.00016576753069277609,9.9460518415665647e-05
0.020499999999999997,-0.022000000000000002,8.0786473376642798e-05,4.8471884025985679e-05
0.021000000000000005,-0.022000000000000002,3.8795259771052912e-05,2.3277155862631745e-05
0.021500000000000005,-0.022000000000000002,1.8375500139423572e-05,1.1025300083654142e-05
0.021999999999999999,-0.022000000000000002,8.5899747881289798e-06,5.1539848728773875e-06
0.022499999999999999,-0.022000000000000002,3.963973719640842e-06,2.378384231784505e-06
0.023000000000000007,-0.022000000000000002,1.8053488667510221e-06,1.0832093200506132e-06
0.023500000000000007,-0.022000000000000002,8.1098061693456939e-07,4.8658837016074164e-07
0.024,-0.022000000000000002,3.5896999576046848e-07,2.1538199745628109e-07
0.024500000000000001,-0.022000000000000002,1.5637871457140675e-07,9.3827228742844047e-08
0.025000000000000001,-0.022000000000000002,6.6954973794213853e-08,4.0172984276528312e-08
-0.025000000000000001,-0.021500000000000002,1.5409071758284377e-07,9.2454430549706264e-08
-0.024500000000000001,-0.021500000000000002,3.5663354836346559e-07,2.1398012901807934e-07
-0.024,-0.021500000000000002,8.1012330052447551e-07,4.8607398031468528e-07
-0.0235,-0.021500000000000002,1.8086975677135765e-06,1.0852185406281458e-06
-0.023,-0.021500000000000002,3.9742282595426916e-06,2.3845369557256147e-06
-0.022500000000000003,-0.021500000000000002,8.604749678481678e-06,5.1628498070890069e-06
-0.022000000000000002,-0.021500000000000002,1.8375659293738407e-05,1.1025395576243044e-05
-0.021500000000000002,-0.021500000000000002,3.8729283955075824e-05,2.3237570373045494e-05
-0.021000000000000001,-0.021500000000000002,8.057913527980357e-05,4.8347481167882139e-05
-0.020500000000000001,-0.021500000000000002,0.00016546209133070004,9.9277254798420025e-05
-0.02,-0.021500000000000002,0.00033511634970183313,0.00020106980982109986
-0.0195,-0.021500000000000002,0.00066879725566633809,0.00040127835339980283
-0.019,-0.021500000000000002,0.0013136211283944392,0.00078817267703666356
-0.018500000000000003,-0.021500000000000002,0.0025359374054814868,0.0015215624432888921
-0.018000000000000002,-0.021500000000000002,0.0048050717148588008,0.0028830430289152804
-0.017500000000000002,-0.021500000000000002,0.0089242872636411136,0.0053545723581846678
-0.017000000000000001,-0.021500000000000002,0.016226427238857682,0.0097358563433146087
-0.016500000000000001,-0.021500000000000002,0.028851623422695153,0.01731097405361709
-0.016,-0.021500000000000002,0.050119142761530122,0.030071485656918071
-0.0155,-0.021500000000000002,0.084991987186524384,0.050995192311914628
-0.015000000000000001,-0.021500000000000002,0.14060890666727824,0.084365344000366937
-0.014500000000000001,-0.021500000000000002,0.22682373644703147,0.13609424186821886
-0.014,-0.021500000000000002,0.35665009261894631,0.21399005557136777
-0.0135,-0.021500000000000002,0.54646978449859296,0.32788187069915575
-0.012999999999999999,-0.021500000000000002,0.81584134677848974,0.48950480806709384
-0.012500000000000001,-0.021500000000000002,1.1867607595621363,0.71205645573728182
-0.012,-0.021500000000000002,1.6822989619048181,1.0093793771428907
-0.0115,-0.021500000000000002,2.3246805694711208,1.3948083416826724
-0.010999999999999999,-0.021500000000000002,3.1330670014467152,1.8798402008680291
-0.010499999999999999,-0.021500000000000002,4.1215299335270794,2.4729179601162476
-0.010000000000000002,-0.021500000000000002,5.297883819903479,3.1787302919420872
-0.0095000000000000015,-0.021500000000000002,6.6641051370781774,3.9984630822469063
-0.0090000000000000011,-0.021500000000000002,8.2189176360494418,4.9313505816296646
-0.0085000000000000006,-0.021500000000000002,9.9627155221792378,5.9776293133075429
-0.0080000000000000002,-0.021500000000000002,11.904343478288984,7.1426060869733901
-0.0074999999999999997,-0.021500000000000002,14.068456313863704,8.4410737883182225
-0.0069999999999999993,-0.021500000000000002,16.501435011818138,9.9008610070908833
-0.0064999999999999988,-0.021500000000000002,19.27339376988418,11.564036261930507
-0.0059999999999999984,-0.021500000000000002,22.473925560250198,13.484355336150118
-0.0054999999999999979,-0.021500000000000002,26.200066198839941,15.720039719303964
-0.005000000000000001,-0.021500000000000002,30.536503585196861,18.321902151118117
-0.0044999999999999971,-0.021500000000000002,35.530092718745721,21.318055631247432
-0.0040000000000000001,-0.021500000000000002,41.162816798407647,24.697690079044587
-0.0035000000000000031,-0.021500000000000002,47.328884510013268,28.39733070600796
-0.0029999999999999992,-0.021500000000000002,53.822109946642414,32.293265967985448
-0.0025000000000000022,-0.021500000000000002,60.338711604536641,36.203226962721985
-0.0019999999999999983,-0.021500000000000002,66.498165425498883,39.898899255299327
-0.0015000000000000013,-0.021500000000000002,71.881153241756621,43.128691945053973
-0.00099999999999999742,-0.021500000000000002,76.079739442066156,45.647843665239691
-0.00050000000000000044,-0.021500000000000002,78.751663801263078,47.250998280757848
0,-0.021500000000000002,79.668969911455548,47.801381946873327
0.00050000000000000044,-0.021500000000000002,78.751663801224652,47.250998280734791
0.0010000000000000009,-0.021500000000000002,76.079739441975562,45.647843665185334
0.0015000000000000013,-0.021500000000000002,71.881153241582993,43.128691944949793
0.0020000000000000018,-0.021500000000000002,66.498165425187821,39.898899255112688
0.0024999999999999988,-0.021500000000000002,60.338711604000224,36.20322696240013
0.0030000000000000027,-0.021500000000000002,53.822109945744657,32.293265967446793
0.0034999999999999996,-0.021500000000000002,47.328884508553365,28.397330705132017
0.0040000000000000036,-0.021500000000000002,41.162816796098674,24.697690077659203
0.0045000000000000005,-0.021500000000000002,35.530092715194293,21.318055629116575
0.0049999999999999975,-0.021500000000000002,30.536503579884119,18.321902147930469
0.0055000000000000014,-0.021500000000000002,26.200066191109851,15.72003971466591
0.0059999999999999984,-0.021500000000000002,22.473925549311168,13.4843553295867
0.0064999999999999988,-0.021500000000000002,19.273393754828106,11.564036252896864
0.0069999999999999993,-0.021500000000000002,16.501434991663235,9.9008609949979398
0.0074999999999999997,-0.021500000000000002,14.068456287622341,8.4410737725734037
0.0080000000000000002,-0.021500000000000002,11.904343445059183,7.1426060670355094
0.0085000000000000006,-0.021500000000000002,9.96271548125263,5.9776292887515776
0.0090000000000000011,-0.021500000000000002,8.2189175870241495,4.9313505522144894
0.0095000000000000015,-0.021500000000000002,6.6641050799604749,3.9984630479762848
0.010000000000000002,-0.021500000000000002,5.2978837551806439,3.1787302531083861
0.010500000000000002,-0.021500000000000002,4.1215298621956995,2.4729179173174196
0.011000000000000003,-0.021500000000000002,3.1330669249857102,1.8798401549914261
0.011500000000000003,-0.021500000000000002,2.3246804897569437,1.3948082938541662
0.012000000000000004,-0.021500000000000002,1.6822988810757744,1.0093793286454646
0.012499999999999997,-0.021500000000000002,1.1867606798479662,0.71205640790877966
0.013000000000000005,-0.021500000000000002,0.81584127031749043,0.48950476219049421
0.013499999999999998,-0.021500000000000002,0.5464697131672176,0.32788182790033055
0.014000000000000005,-0.021500000000000002,0.35665002789610956,0.21399001673766574
0.014499999999999999,-0.021500000000000002,0.22682367932933123,0.13609420759759874
0.014999999999999999,-0.021500000000000002,0.14060885764198869,0.08436531458519321
0.0155,-0.021500000000000002,0.08499194625990375,0.050995167755942247
0.016000000000000007,-0.021500000000000002,0.050119109531718858,0.030071465719031312
0.016500000000000001,-0.021500000000000002,0.028851597181348571,0.017310958308809143
0.017000000000000001,-0.021500000000000002,0.016226407083958595,0.0097358442503751568
0.017500000000000002,-0.021500000000000002,0.0089242722075787498,0.0053545633245472499
0.017999999999999995,-0.021500000000000002,0.0048050607758381185,0.0028830364655028709
0.018500000000000003,-0.021500000000000002,0.0025359296754413293,0.0015215578052647975
0.019000000000000003,-0.021500000000000002,0.0013136158156207074,0.00078816948937242444
0.019500000000000003,-0.021500000000000002,0.00066879370428626613,0.00040127622257175969
0.019999999999999997,-0.021500000000000002,0.00033511404077989321,0.00020106842446793592
0.020499999999999997,-0.021500000000000002,0.00016546063131470692,9.9276378788824149e-05
0.021000000000000005,-0.021500000000000002,8.0578237350302092e-05,4.8346942410181252e-05
0.021500000000000005,-0.021500000000000002,3.8728746845207611e-05,2.3237248107124565e-05
0.021999999999999999,-0.021500000000000002,1.837534681513352e-05,1.1025208089080111e-05
0.022499999999999999,-0.021500000000000002,8.6045728656795143e-06,5.1627437194077087e-06
0.023000000000000007,-0.021500000000000002,3.9741309526976564e-06,2.3844785716185938e-06
0.023500000000000007,-0.021500000000000002,1.8086454831126974e-06,1.0851872898676183e-06
0.024,-0.021500000000000002,8.1009618540305259e-07,4.8605771124183151e-07
0.024500000000000001,-0.021500000000000002,3.5661981901174015e-07,2.1397189140704407e-07
0.025000000000000001,-0.021500000000000002,1.5408395636742539e-07,9.2450373820455224e-08
-0.025000000000000001,-0.021000000000000001,3.4758253183361607e-07,2.0854951910016964e-07
-0.024500000000000001,-0.021000000000000001,7.982531189075232e-07,4.7895187134451392e-07
-0.024,-0.021000000000000001,1.7968921137315453e-06,1.0781352682389272e-06
-0.0235,-0.021000000000000001,3.9699648559965785e-06,2.3819789135979471e-06
-0.023,-0.021000000000000001,8.6205963248273613e-06,5.1723577948964165e-06
-0.022500000000000003,-0.021000000000000001,1.8422988741788684e-05,1.105379324507321e-05
-0.022000000000000002,-0.021000000000000001,3.8795521346580338e-05,2.3277312807948202e-05
-0.021500000000000002,-0.021000000000000001,8.0579126462617968e-05,4.8347475877570778e-05
-0.021000000000000001,-0.021000000000000001,0.0001651793087334183,9.9107585240050986e-05
-0.020500000000000001,-0.021000000000000001,0.00033425330998973317,0.00020055198599383989
-0.02,-0.021000000000000001,0.00066755814042517025,0.00040053488425510216
-0.0195,-0.021000000000000001,0.0013149959634032717,0.00078899757804196298
-0.019,-0.021000000000000001,0.0025524810852073938,0.0015314886511244362
-0.018500000000000003,-0.021000000000000001,0.0048761701846240686,0.0029257021107744409
-0.018000000000000002,-0.021000000000000001,0.0091556657550848335,0.0054933994530509001
-0.017500000000000002,-0.021000000000000001,0.016873171238876362,0.010123902743325816
-0.017000000000000001,-0.021000000000000001,0.030480331002840543,0.018288198601704324
-0.016500000000000001,-0.021000000000000001,0.053904337851522294,0.032342602710913375
-0.016,-0.021000000000000001,0.093225178744056211,0.055935107246433725
-0.0155,-0.021000000000000001,0.15752126924151247,0.094512761544907481
-0.015000000000000001,-0.021000000000000001,0.25983682126460872,0.15590209275876524
-0.014500000000000001,-0.021000000000000001,0.41816043748269732,0.25089626248961838
-0.014,-0.021000000000000001,0.65622715895671058,0.39373629537402632
-0.0135,-0.021000000000000001,1.0038823578801306,0.60232941472807833
-0.012999999999999999,-0.021000000000000001,1.4967036396089481,0.89802218376536891
-0.012500000000000001,-0.021000000000000001,2.1746025814370964,1.3047615488622577
-0.012,-0.021000000000000001,3.0792570260650383,1.8475542156390228
-0.0115,-0.021000000000000001,4.2504763351014558,2.5502858010608733
-0.010999999999999999,-0.021000000000000001,5.7219625554500455,3.4331775332700274
-0.010499999999999999,-0.021000000000000001,7.5173377206675402,4.510402632400524
-0.010000000000000002,-0.021000000000000001,9.6476475948060525,5.7885885568836315
-0.0095000000000000015,-0.021000000000000001,12.11167456653442,7.2670047399206519
-0.0090000000000000011,-0.021000000000000001,14.900147346977414,8.9400884081864476
-0.0085000000000000006,-0.021000000000000001,18.004228749838216,10.80253724990293
-0.0080000000000000002,-0.021000000000000001,21.427516520258127,12.856509912154875
-0.0074999999999999997,-0.021000000000000001,25.199384871567105,15.119630922940262
-0.0069999999999999993,-0.021000000000000001,29.386164864372354,17.63169891862341
-0.0064999999999999988,-0.021000000000000001,34.09585467834485,20.457512807006911
-0.0059999999999999984,-0.021000000000000001,39.472205893903542,23.683323536342126
-0.0054999999999999979,-0.021000000000000001,45.675436558567519,27.405261935140512
-0.005000000000000001,-0.021000000000000001,52.849467836086198,31.709680701651717
-0.0044999999999999971,-0.021000000000000001,61.079076643883425,36.647445986330055
-0.0040000000000000001,-0.021000000000000001,70.34394112985099,42.206364677910592
-0.0035000000000000031,-0.021000000000000001,80.479240228156669,48.287544136893999
-0.0029999999999999992,-0.021000000000000001,91.153288013538159,54.691972808122891
-0.0025000000000000022,-0.021000000000000001,101.87100236018391,61.122601416110342
-0.0019999999999999983,-0.021000000000000001,112.00778463964568,67.204670783787407
-0.0015000000000000013,-0.021000000000000001,120.87230418974661,72.523382513847963
-0.00099999999999999742,-0.021000000000000001,127.79005921649824,76.674035529898944
-0.00050000000000000044,-0.021000000000000001,132.19408410180054,79.316450461080322
0,-0.021000000000000001,133.70633648350639,80.223801890103829
0.00050000000000000044,-0.021000000000000001,132.19408410167551,79.316450461005303
0.0010000000000000009,-0.021000000000000001,127.79005921620329,76.674035529721976
0.0015000000000000013,-0.021000000000000001,120.87230418918135,72.523382513508807
0.0020000000000000018,-0.021000000000000001,112.00778463863296,67.204670783179765
0.0024999999999999988,-0.021000000000000001,101.87100235843724,61.122601415062341
0.0030000000000000027,-0.021000000000000001,91.153288010615114,54.691972806369066
0.0034999999999999996,-0.021000000000000001,80.479240223402982,48.287544134041788
0.0040000000000000036,-0.021000000000000001,70.343941122332723,42.206364673399634
0.0045000000000000005,-0.021000000000000001,61.079076632319442,36.647445979391662
0.0049999999999999975,-0.021000000000000001,52.849467818786863,31.709680691272116
0.0055000000000000014,-0.021000000000000001,45.675436533397026,27.405261920038214
0.0059999999999999984,-0.021000000000000001,39.472205858284113,23.683323514970468
0.0064999999999999988,-0.021000000000000001,34.095854629319575,20.457512777591745
0.0069999999999999993,-0.021000000000000001,29.386164798744321,17.631698879246592
0.0074999999999999997,-0.021000000000000001,25.199384786120511,15.119630871672307
0.0080000000000000002,-0.021000000000000001,21.427516412055812,12.856509847233488
0.0085000000000000006,-0.021000000000000001,18.00422861657368,10.802537169944207
0.0090000000000000011,-0.021000000000000001,14.900147187342133,8.9400883124052797
0.0095000000000000015,-0.021000000000000001,12.111674380548772,7.2670046283292624
0.010000000000000002,-0.021000000000000001,9.6476473840566968,5.7885884304340181
0.010500000000000002,-0.021000000000000001,7.5173374883995479,4.5104024930397282
0.011000000000000003,-0.021000000000000001,5.7219623064790648,3.4331773838874389
0.011500000000000003,-0.021000000000000001,4.250476075537545,2.5502856453225271
0.012000000000000004,-0.021000000000000001,3.0792567628709144,1.8475540577225487
0.012499999999999997,-0.021000000000000001,2.1746023218731927,1.3047613931239155
0.013000000000000005,-0.021000000000000001,1.4967033906379792,0.89802203438278749
0.013499999999999998,-0.021000000000000001,1.0038821256121406,0.60232927536728431
0.014000000000000005,-0.021000000000000001,0.6562269482073364,0.39373616892440183
0.014499999999999999,-0.021000000000000001,0.41816025149703029,0.25089615089821815
0.014999999999999999,-0.021000000000000001,0.25983666162930946,0.15590199697758567
0.0155,-0.021000000000000001,0.15752113597695871,0.094512681586175221
0.016000000000000007,-0.021000000000000001,0.093225070541720551,0.055935042325032332
0.016500000000000001,-0.021000000000000001,0.053904252404903832,0.032342551442942298
0.017000000000000001,-0.021000000000000001,0.030480265374806928,0.018288159224884155
0.017500000000000002,-0.021000000000000001,0.016873122213586722,0.010123873328152034
0.017999999999999995,-0.021000000000000001,0.009155630135634996,0.0054933780813809976
0.018500000000000003,-0.021000000000000001,0.0048761450142011135,0.0029256870085206678
0.019000000000000003,-0.021000000000000001,0.0025524637858455441,0.0015314782715073263
0.019500000000000003,-0.021000000000000001,0.0013149843994609575,0.00078899063967657445
0.019999999999999997,-0.021000000000000001,0.00066755062215350974,0.00040053037329210585
0.020499999999999997,-0.021000000000000001,0.00033424855591092535,0.0002005491335465552
0.021000000000000005,-0.021000000000000001,0.00016517638491091963,9.9105830946551781e-05
0.021500000000000005,-0.021000000000000001,8.0577377534762416e-05,4.8346426520857445e-05
0.021999999999999999,-0.021000000000000001,3.8794503859155694e-05,2.3276702315493416e-05
0.022499999999999999,-0.021000000000000001,1.8422413007002673e-05,1.1053447804201603e-05
0.023000000000000007,-0.021000000000000001,8.6202794759628652e-06,5.1721676855777186e-06
0.023500000000000007,-0.021000000000000001,3.9697952590207518e-06,2.3818771554124511e-06
0.024,-0.021000000000000001,1.7968038219424983e-06,1.0780822931654989e-06
0.024500000000000001,-0.021000000000000001,7.9820841363007103e-07,4.7892504817804262e-07
0.025000000000000001,-0.021000000000000001,3.4756051608100111e-07,2.0853630964860067e-07
-0.025000000000000001,-0.020500000000000001,7.6753682055158543e-07,4.6052209233095125e-07
-0.024500000000000001,-0.020500000000000001,1.751300524679189e-06,1.0507803148075133e-06
-0.024,-0.020500000000000001,3.9118192430587511e-06,2.3470915458352504e-06
-0.0235,-0.020500000000000001,8.5643745973405917e-06,5.1386247584043545e-06
-0.023,-0.020500000000000001,1.8403308268438533e-05,1.104198496106312e-05
-0.022500000000000003,-0.020500000000000001,3.8867109495517585e-05,2.3320265697310552e-05
-0.022000000000000002,-0.020500000000000001,8.0786884341895241e-05,4.8472130605137144e-05
-0.021500000000000002,-0.020500000000000001,0.00016546204682417738,9.9277228094506422e-05
-0.021000000000000001,-0.020500000000000001,0.0003342532524388403,0.00020055195146330418
-0.020500000000000001,-0.020500000000000001,0.00066641593972281764,0.00039984956383369059
-0.02,-0.020500000000000001,0.0013116035694593557,0.0007869621416756134
-0.0195,-0.020500000000000001,0.0025477323327224698,0.0015286393996334819
-0.019,-0.020500000000000001,0.0048812146349133442,0.0029287287809480066
-0.018500000000000003,-0.020500000000000001,0.009215228789989701,0.0055291372739938206
-0.018000000000000002,-0.020500000000000001,0.017122389939134487,0.010273433963480691
-0.017500000000000002,-0.020500000000000001,0.031269428618015994,0.018761657170809597
-0.017000000000000001,-0.020500000000000001,0.056049889500901506,0.033629933700540904
-0.016500000000000001,-0.020500000000000001,0.098480600482482708,0.059088360289489619
-0.016,-0.020500000000000001,0.16940044805768914,0.10164026883461348
-0.0155,-0.020500000000000001,0.28496627155918114,0.17097976293550868
-0.015000000000000001,-0.020500000000000001,0.46836254840144287,0.28101752904086569
-0.014500000000000001,-0.020500000000000001,0.75152759570194105,0.4509165574211646
-0.014,-0.020500000000000001,1.1765605606786047,0.7059363364071628
-0.0135,-0.020500000000000001,1.7963400980849731,1.0778040588509838
-0.012999999999999999,-0.020500000000000001,2.6738070892367722,1.6042842535420634
-0.012500000000000001,-0.020500000000000001,3.8794043923285306,2.3276426353971185
-0.012,-0.020500000000000001,5.4863895046634896,3.2918337027980935
-0.0115,-0.020500000000000001,7.5641769249466737,4.5385061549680037
-0.010999999999999999,-0.020500000000000001,10.170503156223818,6.1023018937342908
-0.010499999999999999,-0.020500000000000001,13.34393148570452,8.0063588914227122
-0.010000000000000002,-0.020500000000000001,17.098827882618959,10.259296729571375
-0.0095000000000000015,-0.020500000000000001,21.425181056350603,12.855108633810362
-0.0090000000000000011,-0.020500000000000001,26.295246858142743,15.777148114885645
-0.0085000000000000006,-0.020500000000000001,31.677803959407186,19.00668237564431
-0.0080000000000000002,-0.020500000000000001,37.558847079665064,22.535308247799037
-0.0074999999999999997,-0.020500000000000001,43.965120305986424,26.379072183591855
-0.0069999999999999993,-0.020500000000000001,50.984584957086753,30.59075097425205
-0.0064999999999999988,-0.020500000000000001,58.776483433341781,35.26589006000507
-0.0059999999999999984,-0.020500000000000001,67.563852478045689,40.538311486827411
-0.0054999999999999979,-0.020500000000000001,77.603645956721238,46.562187574032741
-0.005000000000000001,-0.020500000000000001,89.134036578667306,53.480421947200384
-0.0044999999999999971,-0.020500000000000001,102.30431890985612,61.382591345913667
-0.0040000000000000001,-0.020500000000000001,117.09885543061428,70.259313258368564
-0.0035000000000000031,-0.020500000000000001,133.27103823735078,79.962622942410462
-0.0029999999999999992,-0.020500000000000001,150.30467206785943,90.182803240715657
-0.0025000000000000022,-0.020500000000000001,167.41746381143292,100.45047828685975
-0.0019999999999999983,-0.020500000000000001,183.61436509739801,110.16861905843881
-0.0015000000000000013,-0.020500000000000001,197.7884901509874,118.67309409059243
-0.00099999999999999742,-0.020500000000000001,208.85640779412353,125.3138446764741
-0.00050000000000000044,-0.020500000000000001,215.90552416559063,129.54331449935438
0,-0.020500000000000001,218.3265765714969,130.99594594289815
0.00050000000000000044,-0.020500000000000001,215.90552416519492,129.54331449911695
0.0010000000000000009,-0.020500000000000001,208.85640779318942,125.31384467591364
0.0015000000000000013,-0.020500000000000001,197.78849014919737,118.67309408951841
0.0020000000000000018,-0.020500000000000001,183.61436509419099,110.16861905651459
0.0024999999999999988,-0.020500000000000001,167.41746380590118,100.4504782835407
0.0030000000000000027,-0.020500000000000001,150.30467205860262,90.182803235161572
0.0034999999999999996,-0.020500000000000001,133.27103822229608,79.962622933377645
0.0040000000000000036,-0.020500000000000001,117.09885540680433,70.259313244082591
0.0045000000000000005,-0.020500000000000001,102.30431887323338,61.382591323940026
0.0049999999999999975,-0.020500000000000001,89.134036523880724,53.480421914328431
0.0055000000000000014,-0.020500000000000001,77.603645877006969,46.562187526204177
0.0059999999999999984,-0.020500000000000001,67.563852365239597,40.53831141914376
0.0064999999999999988,-0.020500000000000001,58.776483278079752,35.265889966847851
0.0069999999999999993,-0.020500000000000001,50.984584749244185,30.590750849546509
0.0074999999999999997,-0.020500000000000001,43.965120035378881,26.379072021227326
0.0080000000000000002,-0.020500000000000001,37.558846736990674,22.535308042194405
0.0085000000000000006,-0.020500000000000001,31.677803537361303,19.00668212241678
0.0090000000000000011,-0.020500000000000001,26.295246352581295,15.777147811548776
0.0095000000000000015,-0.020500000000000001,21.425180467338109,12.855108280402865
0.010000000000000002,-0.020500000000000001,17.098827215180364,10.259296329108219
0.010500000000000002,-0.020500000000000001,13.343930750116911,8.006358450070147
0.011000000000000003,-0.020500000000000001,10.17050236773825,6.1023014206429496
0.011500000000000003,-0.020500000000000001,7.5641761029134971,4.5385056617480979
0.012000000000000004,-0.020500000000000001,5.4863886711335397,3.2918332026801238
0.012499999999999997,-0.020500000000000001,3.8794035702953935,2.3276421421772362
0.013000000000000005,-0.020500000000000001,2.6738063007512314,1.6042837804507388
0.013499999999999998,-0.020500000000000001,1.7963393624973907,1.0778036174984345
0.014000000000000005,-0.020500000000000001,1.1765598932400059,0.7059359359440035
0.014499999999999999,-0.020500000000000001,0.75152700668945061,0.45091620401367033
0.014999999999999999,-0.020500000000000001,0.46836204283998284,0.28101722570398968
0.0155,-0.020500000000000001,0.28496584951328879,0.17097950970797327
0.016000000000000007,-0.020500000000000001,0.16940010538328809,0.10164006322997285
0.016500000000000001,-0.020500000000000001,0.098480329874933492,0.05908819792496009
0.017000000000000001,-0.020500000000000001,0.056049681658371847,0.03362980899502311
0.017500000000000002,-0.020500000000000001,0.031269273356009007,0.018761564013605403
0.017999999999999995,-0.020500000000000001,0.017122277133125207,0.010273366279875124
0.018500000000000003,-0.020500000000000001,0.0092151490758173825,0.0055290894454904293
0.019000000000000003,-0.020500000000000001,0.0048811598482173301,0.0029286959089303978
0.019500000000000003,-0.020500000000000001,0.0025476957099731606,0.0015286174259838963
0.019999999999999997,-0.020500000000000001,0.0013115797592594377,0.00078694785555566253
0.020499999999999997,-0.020500000000000001,0.00066640088366047242,0.00039984053019628346
0.021000000000000005,-0.020500000000000001,0.00033424399275771004,0.00020054639565462602
0.021500000000000005,-0.020500000000000001,0.00016545650800837397,9.9273904805024385e-05
0.021999999999999999,-0.020500000000000001,8.0783661981744583e-05,4.847019718904675e-05
0.022499999999999999,-0.020500000000000001,3.8865286156194736e-05,2.3319171693716842e-05
0.023000000000000007,-0.020500000000000001,1.8402304815098642e-05,1.1041382889059185e-05
0.023500000000000007,-0.020500000000000001,8.5638374874724693e-06,5.138302492483481e-06
0.024,-0.020500000000000001,3.9115396249173218e-06,2.346923774950393e-06
0.024500000000000001,-0.020500000000000001,1.751158944055123e-06,1.0506953664330738e-06
0.025000000000000001,-0.020500000000000001,7.6746709715040524e-07,4.6048025829024313e-07
-0.025000000000000001,-0.02,1.6573579653811781e-06,9.9441477922870683e-07
-0.024500000000000001,-0.02,3.7613306356908716e-06,2.2567983814145228e-06
-0.024,-0.02,8.3471470472226597e-06,5.0082882283335955e-06
-0.0235,-0.02,1.8133905726997838e-05,1.0880343436198702e-05
-0.023,-0.02,3.8613886766439634e-05,2.316833205986378e-05
-0.022500000000000003,-0.02,8.0701047090532739e-05,4.8420628254319642e-05
-0.022000000000000002,-0.02,0.00016576813791607768,9.94608827496466e-05
-0.021500000000000002,-0.02,0.00033511618566139934,0.00020106971139683958
-0.021000000000000001,-0.02,0.00066755785792785164,0.00040053471475671098
-0.020500000000000001,-0.02,0.0013116032142122451,0.000786961928527347
-0.02,-0.02,0.0025433666912601537,0.0015260200147560923
-0.0195,-0.02,0.0048685945092464492,0.0029211567055478695
-0.019,-0.02,0.0091979937564077748,0.0055187962538446643
-0.018500000000000003,-0.02,0.017139838996247971,0.010283903397748782
-0.018000000000000002,-0.02,0.031472132668042385,0.01888327960082543
-0.017500000000000002,-0.02,0.056875863599384777,0.034125518159630865
-0.017000000000000001,-0.02,0.10102535833576248,0.060615215001457487
-0.016500000000000001,-0.02,0.17613131732616796,0.10567879039570077
-0.016,-0.02,0.30100255834512024,0.18060153500707213
-0.0155,-0.02,0.50361714717660433,0.3021702883059626
-0.015000000000000001,-0.02,0.8240585893620832,0.49443515361724988
-0.014500000000000001,-0.02,1.3174752953831119,0.79048517722986711
-0.014,-0.02,2.0564805986282666,1.2338883591769598
-0.0135,-0.02,3.1321767030078544,1.8793060218047126
-0.012999999999999999,-0.02,4.6528444972450602,2.7917066983470362
-0.012500000000000001,-0.02,6.7394031942676413,4.0436419165605848
-0.012,-0.02,9.5171187474799055,5.7102712484879428
-0.0115,-0.02,13.103791427719411,7.8622748566316467
-0.010999999999999999,-0.02,17.595744751809864,10.557446851085919
-0.010499999999999999,-0.02,23.054190086715373,13.832514052029223
-0.010000000000000002,-0.02,29.495618463736953,17.69737107824217
-0.0095000000000000015,-0.02,36.890327529574456,22.134196517744673
-0.0090000000000000011,-0.02,45.172580604076835,27.103548362446102
-0.0085000000000000006,-0.02,54.263931281546178,32.558358768927704
-0.0080000000000000002,-0.02,64.107979790157444,38.464787874094462
-0.0074999999999999997,-0.02,74.710760668526206,44.82645640111572
-0.0069999999999999993,-0.02,86.177058491342549,51.706235094805528
-0.0064999999999999988,-0.02,98.730473322043323,59.238283993225991
-0.0059999999999999984,-0.02,112.7052567296475,67.623154037788495
-0.0054999999999999979,-0.02,128.50162573143945,77.100975438863671
-0.005000000000000001,-0.02,146.50341925160038,87.902051550960223
-0.0044999999999999971,-0.02,166.96650951214872,100.17990570728922
-0.0040000000000000001,-0.02,189.89623015733463,113.93773809440077
-0.0035000000000000031,-0.02,214.9395351245287,128.96372107471723
-0.0029999999999999992,-0.02,241.32004265943178,144.79202559565906
-0.0025000000000000022,-0.02,267.83983952529206,160.70390371517524
-0.0019999999999999983,-0.02,292.96082282923942,175.77649369754366
-0.0015000000000000013,-0.02,314.96227357325677,188.97736414395405
-0.00099999999999999742,-0.02,332.15381240336814,199.29228744202086
-0.00050000000000000044,-0.02,343.10828904769642,205.86497342861784
0,-0.02,346.87158536581796,208.12295121949077
0.00050000000000000044,-0.02,343.10828904647781,205.86497342788667
0.0010000000000000009,-0.02,332.15381240049157,199.29228744029493
0.0015000000000000013,-0.02,314.96227356774313,188.97736414064588
0.0020000000000000018,-0.02,292.96082281936145,175.77649369161688
0.0024999999999999988,-0.02,267.83983950825314,160.70390370495187
0.0030000000000000027,-0.02,241.3200426309192,144.79202557855152
0.0034999999999999996,-0.02,214.93953507815695,128.96372104689416
0.0040000000000000036,-0.02,189.89623008399536,113.93773805039721
0.0045000000000000005,-0.02,166.96650939934312,100.17990563960588
0.0049999999999999975,-0.02,146.5034190828458,87.902051449707471
0.0055000000000000014,-0.02,128.50162548590239,77.100975291541431
0.0059999999999999984,-0.02,112.70525638218051,67.623153829308308
0.0064999999999999988,-0.02,98.730472843802715,59.238283706281628
0.0069999999999999993,-0.02,86.177057851142479,51.706234710685486
0.0074999999999999997,-0.02,74.710759834996324,44.826455900997793
0.0080000000000000002,-0.02,64.107978734645997,38.464787240787594
0.0085000000000000006,-0.02,54.263929981553332,32.558357988931995
0.0090000000000000011,-0.02,45.172579046837932,27.103547428102758
0.0095000000000000015,-0.02,36.890325715288249,22.134195429172948
0.010000000000000002,-0.02,29.49561640788135,17.697369844728808
0.010500000000000002,-0.02,23.054187820946062,13.832512692567636
0.011000000000000003,-0.02,17.595742323103416,10.557445393862048
0.011500000000000003,-0.02,13.103788895679015,7.8622733374074087
0.012000000000000004,-0.02,9.5171161800269424,5.7102697080161651
0.012499999999999997,-0.02,6.7394006622272808,4.0436403973363682
0.013000000000000005,-0.02,4.6528420685386171,2.7917052411231702
0.013499999999999998,-0.02,3.1321744372385885,1.8793046623431531
0.014000000000000005,-0.02,2.0564785427726502,1.2338871256635902
0.014499999999999999,-0.02,1.3174734810969138,0.79048408865814823
0.014999999999999999,-0.02,0.82405703212315784,0.49443421927389469
0.0155,-0.02,0.50361584718373686,0.30216950831024209
0.016000000000000007,-0.02,0.30100150283365845,0.18060090170019508
0.016500000000000001,-0.02,0.17613048379623589,0.10567829027774153
0.017000000000000001,-0.02,0.10102471813570083,0.060614830881420494
0.017500000000000002,-0.02,0.056875385358734973,0.034125231215240984
0.017999999999999995,-0.02,0.031471785201071717,0.018883071120643028
0.018500000000000003,-0.02,0.017139593459311344,0.010283756075586806
0.019000000000000003,-0.02,0.0091978250015036477,0.0055186950009021886
0.019500000000000003,-0.02,0.0048684817032369843,0.0029210890219421907
0.019999999999999997,-0.02,0.0025432933506811663,0.0015259760104086998
0.020499999999999997,-0.02,0.0013115568382753298,0.00078693410296519788
0.021000000000000005,-0.02,0.00066752933610201909,0.00040051760166121144
0.021500000000000005,-0.02,0.00033509912490763875,0.00020105947494458324
0.021999999999999999,-0.02,0.00016575821234804839,9.9454927408829027e-05
0.022499999999999999,-0.02,8.0695430810029156e-05,4.841725848601749e-05
0.023000000000000007,-0.02,3.8610795912555336e-05,2.31664775475332e-05
0.023500000000000007,-0.02,1.8132251312132402e-05,1.0879350787279441e-05
0.024,-0.02,8.3462857627121292e-06,5.0077714576272777e-06
0.024500000000000001,-0.02,3.7608945366671345e-06,2.2565367220002807e-06
0.025000000000000001,-0.02,1.6571432021860961e-06,9.9428592131165753e-07
-0.025000000000000001,-0.0195,3.4961378016520029e-06,2.0976826809912015e-06
-0.024500000000000001,-0.0195,7.8994985014468631e-06,4.7396991008681175e-06
-0.024,-0.0195,1.7436502050539421e-05,1.0461901230323652e-05
-0.0235,-0.0195,3.7634893535439872e-05,2.2580936121263921e-05
-0.023,-0.0195,7.9520458673596443e-05,4.7712275204157863e-05
-0.022500000000000003,-0.0195,0.00016468955920284276,9.8813735521705652e-05
-0.022000000000000002,-0.0195,0.00033476257028856117,0.00020085754217313669
-0.021500000000000002,-0.0195,0.00066879673245269825,0.00040127803947161893
-0.021000000000000001,-0.0195,0.0013149949508993854,0.00078899697053963123
-0.020500000000000001,-0.0195,0.0025477306370096679,0.0015286383822058008
-0.02,-0.0195,0.0048685924355277767,0.0029211554613166658
-0.0195,-0.0195,0.0091822026929893365,0.0055093216157936021
-0.019,-0.0195,0.017095400305090248,0.010257240183054149
-0.018500000000000003,-0.0195,0.031412875566626204,0.01884772533997572
-0.018000000000000002,-0.0195,0.056932704025617377,0.034159622415370426
-0.017500000000000002,-0.0195,0.10167727896236201,0.061006367377417201
-0.017000000000000001,-0.0195,0.17871929078653725,0.10723157447192234
-0.016500000000000001,-0.0195,0.30876189509437019,0.18525713705662211
-0.016,-0.0195,0.52358302701796811,0.31414981621078086
-0.0155,-0.0195,0.87032791401880893,0.52219674841128538
-0.015000000000000001,-0.0195,1.4164074735501428,0.84984448413008573
-0.014500000000000001,-0.0195,2.2544280646515422,1.3526568387909252
-0.014,-0.0195,3.5061709196905388,2.1037025518143233
-0.0135,-0.0195,5.3242412809213775,3.1945447685528263
-0.012999999999999999,-0.0195,7.8897604421562288,4.7338562652937375
-0.012500000000000001,-0.0195,11.404564769951248,6.8427388619707488
-0.012,-0.0195,16.076989287317115,9.6461935723902688
-0.0115,-0.0195,22.101559003599469,13.260935402159681
-0.010999999999999999,-0.0195,29.634733610707006,17.780840166424202
-0.010499999999999999,-0.0195,38.770956128385258,23.262573677031153
-0.010000000000000002,-0.0195,49.525091032780189,29.715054619668113
-0.0095000000000000015,-0.0195,61.828164866131416,37.09689891967885
-0.0090000000000000011,-0.0195,75.542401366608701,45.325440819965216
-0.0085000000000000006,-0.0195,90.498396131821067,54.299037679092642
-0.0080000000000000002,-0.0195,106.55197203885872,63.93118322331523
-0.0074999999999999997,-0.0195,123.65160993214072,74.190965959284426
-0.0069999999999999993,-0.0195,141.90092162447954,85.140552974687722
-0.0064999999999999988,-0.0195,161.59647389284717,96.9578843357083
-0.0059999999999999984,-0.0195,183.2214018707279,109.93284112243674
-0.0054999999999999979,-0.0195,207.38098411425702,124.42859046855421
-0.005000000000000001,-0.0195,234.67766838962183,140.80660103377309
-0.0044999999999999971,-0.0195,265.53821215320801,159.3229272919248
-0.0040000000000000001,-0.0195,300.02130523507276,180.01278314104366
-0.0035000000000000031,-0.0195,337.64598671382441,202.58759202829464
-0.0029999999999999992,-0.0195,377.2852144265218,226.37112865591308
-0.0025000000000000022,-0.0195,417.16240278450817,250.2974416707049
-0.0019999999999999983,-0.0195,454.97146652313455,272.98287991388071
-0.0015000000000000013,-0.0195,488.11578395578482,292.8694703734709
-0.00099999999999999742,-0.0195,514.03405786682765,308.42043472009658
-0.00050000000000000044,-0.0195,530.55820149056967,318.33492089434179
0,-0.0195,536.23648785359296,321.74189271215579
0.00050000000000000044,-0.0195,530.55820148691987,318.3349208921519
0.0010000000000000009,-0.0195,514.0340578582111,308.42043471492667
0.0015000000000000013,-0.0195,488.11578393926749,292.86947036356048
0.0020000000000000018,-0.0195,454.97146649354215,272.98287989612527
0.0024999999999999988,-0.0195,417.16240273346216,250.2974416400773
0.0030000000000000027,-0.0195,377.28521434110343,226.37112860466206
0.0034999999999999996,-0.0195,337.64598657490234,202.58759194494141
0.0040000000000000036,-0.0195,300.02130501536135,180.0127830092168
0.0045000000000000005,-0.0195,265.53821181526177,159.32292708915705
0.0049999999999999975,-0.0195,234.67766788406132,140.8066007304368
0.0055000000000000014,-0.0195,207.38098337866947,124.42859002720168
0.0059999999999999984,-0.0195,183.22140082977498,109.93284049786499
0.0064999999999999988,-0.0195,161.59647246011832,96.95788347607099
0.0069999999999999993,-0.0195,141.90091970654734,85.140551823928405
0.0074999999999999997,-0.0195,123.6516074350246,74.190964461014758
0.0080000000000000002,-0.0195,106.55196887672312,63.931181326033872
0.0085000000000000006,-0.0195,90.498392237260049,54.299035342356028
0.0090000000000000011,-0.0195,75.542396701381477,45.325438020828884
0.0095000000000000015,-0.0195,61.82815943083353,37.096895658500117
0.010000000000000002,-0.0195,49.525084873780798,29.715050924268478
0.010500000000000002,-0.0195,38.770949340519536,23.262569604311722
0.011000000000000003,-0.0195,29.634726334708841,17.780835800825304
0.011500000000000003,-0.0195,22.10155141803012,13.260930850818072
0.012000000000000004,-0.0195,16.076981595657621,9.6461889573945729
0.012499999999999997,-0.0195,11.404557184381982,6.8427343106291891
0.013000000000000005,-0.0195,7.889753166158104,4.7338518996948622
0.013499999999999998,-0.0195,5.3242344930557239,3.1945406958334344
0.014000000000000005,-0.0195,3.5061647606910951,2.103698856414657
0.014499999999999999,-0.0195,2.2544226293536256,1.3526535776121753
0.014999999999999999,-0.0195,1.4164028083228517,0.84984168499371104
0.0155,-0.0195,0.8703240194576678,0.52219441167460068
0.016000000000000007,-0.0195,0.5235798648822213,0.31414791892933275
0.016500000000000001,-0.0195,0.30875939797814533,0.18525563878688719
0.017000000000000001,-0.0195,0.17871737285425907,0.10723042371255544
0.017500000000000002,-0.0195,0.10167584623338602,0.061005507740031606
0.017999999999999995,-0.0195,0.056931663072704898,0.034158997843622939
0.018500000000000003,-0.0195,0.031412139979042936,0.018847283987425762
0.019000000000000003,-0.0195,0.017094894743630646,0.010256936846178387
0.019500000000000003,-0.0195,0.00918186474505772,0.005509118847034632
0.019999999999999997,-0.0195,0.0048683727194231904,0.0029210236316539141
0.020499999999999997,-0.0195,0.0025475917024614528,0.0015285550214768717
0.021000000000000005,-0.0195,0.0013149095042809572,0.00078894570256857427
0.021500000000000005,-0.0195,0.00066874562128873671,0.00040124737277324199
0.021999999999999999,-0.0195,0.0003347328349473127,0.0002008397009683876
0.022499999999999999,-0.0195,0.00016467273376606921,9.8803640259641524e-05
0.023000000000000007,-0.0195,7.9511198992465834e-05,4.7706719395479501e-05
0.023500000000000007,-0.0195,3.7629937185290461e-05,2.2577962311174276e-05
0.024,-0.0195,1.7433921786240742e-05,1.0460353071744445e-05
0.024500000000000001,-0.0195,7.8981920217320768e-06,4.7389152130392461e-06
0.025000000000000001,-0.0195,3.4954944070498843e-06,2.0972966442299304e-06
-0.025000000000000001,-0.019,7.1987753585742563e-06,4.3192652151445538e-06
-0.024500000000000001,-0.019,1.6207444351133575e-05,9.724466610680145e-06
-0.024,-0.019,3.5617182968970902e-05,2.137030978138254e-05
-0.0235,-0.019,7.6463402975392262e-05,4.5878041785235357e-05
-0.023,-0.019,0.00016051636460721926,9.630981876433155e-05
-0.022500000000000003,-0.019,0.00032986939466611592,0.00019792163679966955
-0.022000000000000002,-0.019,0.00066445244998727482,0.00039867146999236487
-0.021500000000000002,-0.019,0.0013136196053622944,0.00078817176321737661
-0.021000000000000001,-0.019,0.0025524779449574084,0.001531486766974445
-0.020500000000000001,-0.019,0.0048812087250307452,0.0029287252350184471
-0.02,-0.019,0.0091979841309656769,0.0055187904785794061
-0.0195,-0.019,0.017095388858079385,0.01025723331484763
-0.019,-0.019,0.031358814224767287,0.018815288534860371
-0.018500000000000003,-0.019,0.056784563616908132,0.034070738170144881
-0.018000000000000002,-0.019,0.10148420300287253,0.060890521801723517
-0.017500000000000002,-0.019,0.17889340356552491,0.10733604213931494
-0.017000000000000001,-0.019,0.31074274598694535,0.1864456475921672
-0.016500000000000001,-0.019,0.53124757526543898,0.31874854515926337
-0.016,-0.019,0.89269486920152641,0.53561692152091578
-0.0155,-0.019,1.4724011788388593,0.88344070730331559
-0.015000000000000001,-0.019,2.3806475323769738,1.4283885194261843
-0.014500000000000001,-0.019,3.7686546977970692,2.2611928186782415
-0.014,-0.019,5.8349941611782183,3.5009964967069309
-0.0135,-0.019,8.828171536924609,5.2969029221547652
-0.012999999999999999,-0.019,13.042701371738804,7.8256208230432822
-0.012500000000000001,-0.019,18.806119278232956,11.283671566939773
-0.012,-0.019,26.455352855132674,15.873211713079604
-0.0115,-0.019,36.302880471882894,21.781728283129734
-0.010999999999999999,-0.019,48.596065031548044,29.157639018928826
-0.010499999999999999,-0.019,63.476490230597783,38.085894138358668
-0.010000000000000002,-0.019,80.949163173453243,48.569497904071945
-0.0095000000000000015,-0.019,100.87289190938058,60.523735145628351
-0.0090000000000000011,-0.019,122.98180234075863,73.789081404455175
-0.0085000000000000006,-0.019,146.94304716263241,88.165828297579438
-0.0080000000000000002,-0.019,172.44737325697844,103.46842395418706
-0.0074999999999999997,-0.019,199.31863253082281,119.59117951849368
-0.0069999999999999993,-0.019,227.61801272645388,136.57080763587231
-0.0064999999999999988,-0.019,257.71196857309826,154.62718114385896
-0.0059999999999999984,-0.019,290.27273685652528,174.16364211391516
-0.0054999999999999979,-0.019,326.18899773825819,195.7133986429549
-0.005000000000000001,-0.019,366.38167494437255,219.82900496662353
-0.0044999999999999971,-0.019,411.54336602427577,246.92601961456546
-0.0040000000000000001,-0.019,461.84429006065591,277.10657403639351
-0.0035000000000000031,-0.019,516.66629644852753,309.99977786911649
-0.0029999999999999992,-0.019,574.43301108095056,344.65980664857034
-0.0025000000000000022,-0.019,632.59447429246279,379.55668457547768
-0.0019999999999999983,-0.019,687.79843847646862,412.67906308588118
-0.0015000000000000013,-0.019,736.24227955433196,441.74536773259916
-0.00099999999999999742,-0.019,774.15769811629343,464.49461886977605
-0.00050000000000000044,-0.019,798.34555655056477,479.00733393033886
0,-0.019,806.66001560172265,483.99600936103354
0.00050000000000000044,-0.019,798.34555653993004,479.00733392395802
0.0010000000000000009,-0.019,774.15769809118717,464.49461885471226
0.0015000000000000013,-0.019,736.24227950620468,441.74536770372282
0.0020000000000000018,-0.019,687.79843839024466,412.67906303414679
0.0024999999999999988,-0.019,632.59447414372676,379.55668448623607
0.0030000000000000027,-0.019,574.43301083206256,344.6598064992375
0.0034999999999999996,-0.019,516.66629604374157,309.99977762624491
0.0040000000000000036,-0.019,461.84428942047009,277.10657365228207
0.0045000000000000005,-0.019,411.54336503958211,246.92601902374926
0.0049999999999999975,-0.019,366.38167347129024,219.82900408277413
0.0055000000000000014,-0.019,326.18899559493292,195.71339735695975
0.0059999999999999984,-0.019,290.27273382343833,174.16364029406299
0.0064999999999999988,-0.019,257.71196439846949,154.62717863908168
0.0069999999999999993,-0.019,227.61800713805894,136.57080428283535
0.0074999999999999997,-0.019,199.31862525482478,119.59117515289486
0.0080000000000000002,-0.019,172.44736404327281,103.46841842596369
0.0085000000000000006,-0.019,146.94303581481478,88.165821488888866
0.0090000000000000011,-0.019,122.98178874740466,73.78907324844279
0.0095000000000000015,-0.019,100.87287607222531,60.523725643335183
0.010000000000000002,-0.019,80.949145227605257,48.569487136563154
0.010500000000000002,-0.019,63.476470452384184,38.085882271430506
0.011000000000000003,-0.019,48.596043831033533,29.157626298620119
0.011500000000000003,-0.019,36.302858369352116,21.781715021611269
0.012000000000000004,-0.019,26.455330443480634,15.87319826608838
0.012499999999999997,-0.019,18.80609717570232,11.283658305421392
0.013000000000000005,-0.019,13.042680171224365,7.8256081027346189
0.013499999999999998,-0.019,8.8281517587111775,5.2968910552267063
0.014000000000000005,-0.019,5.8349762153302001,3.5009857291981201
0.014499999999999999,-0.019,3.7686388606418095,2.2611833163850856
0.014999999999999999,-0.019,2.3806339390229225,1.4283803634137535
0.0155,-0.019,1.4723898310212422,0.88343389861274535
0.016000000000000007,-0.019,0.89268565549594681,0.53561139329756802
0.016500000000000001,-0.019,0.5312402992673313,0.31874417956039874
0.017000000000000001,-0.019,0.31073715759202619,0.18644229455521572
0.017500000000000002,-0.019,0.17888922893672146,0.10733353736203287
0.017999999999999995,-0.019,0.10148116991560725,0.060888701949364347
0.018500000000000003,-0.019,0.056782420291014921,0.034069452174608952
0.019000000000000003,-0.019,0.031357341139859808,0.018814404683915886
0.019500000000000003,-0.019,0.017094404158814632,0.010256642495288779
0.019999999999999997,-0.019,0.0091973439309040086,0.005518406358542405
0.020499999999999997,-0.019,0.0048808039030606085,0.0029284823418363648
0.021000000000000005,-0.019,0.0025522289739933349,0.0015313373843960009
0.021500000000000005,-0.019,0.0013134706796821371,0.00078808240780928228
0.021999999999999999,-0.019,0.00066436580833059797,0.00039861948499835876
0.022499999999999999,-0.019,0.00032982036937650701,0.0001978922216259042
0.023000000000000007,-0.019,0.00016048938411600218,9.6293630469601298e-05
0.023500000000000007,-0.019,7.6448961359121078e-05,4.5869376815472648e-05
0.024,-0.019,3.5609664697307867e-05,2.136579881838472e-05
0.024500000000000001,-0.019,1.6203637582414938e-05,9.7221825494489622e-06
0.025000000000000001,-0.019,7.1969006609289105e-06,4.3181403965573458e-06
-0.025000000000000001,-0.018500000000000003,1.4458694404816979e-05,8.6752166428901871e-06
-0.024500000000000001,-0.018500000000000003,3.2458619793934139e-05,1.9475171876360484e-05
-0.024,-0.018500000000000003,7.1075379302942956e-05,4.2645227581765772e-05
-0.0235,-0.018500000000000003,0.00015191394967065911,9.1148369802395468e-05
-0.023,-0.018500000000000003,0.00031719428860687497,0.00019031657316412497
-0.022500000000000003,-0.018500000000000003,0.00064762693259372132,0.00038857615955623277
-0.022000000000000002,-0.018500000000000003,0.0012944392195158728,0.00077666353170952366
-0.021500000000000002,-0.018500000000000003,0.0025359332624952319,0.0015215599574971391
-0.021000000000000001,-0.018500000000000003,0.0048761612963975319,0.0029256967778385191
-0.020500000000000001,-0.018500000000000003,0.0092152109673244789,0.0055291265803946868
-0.02,-0.018500000000000003,0.01713980637662383,0.010283883825974298
-0.0195,-0.018500000000000003,0.031412823901175169,0.018847694340705101
-0.019,-0.018500000000000003,0.056784503867029532,0.034070702320217715
-0.018500000000000003,-0.018500000000000003,0.10130899834751947,0.060785399008511681
-0.018000000000000002,-0.018500000000000003,0.1784257806655157,0.10705546839930942
-0.017500000000000002,-0.018500000000000003,0.31014628851866305,0.18608777311119781
-0.017000000000000001,-0.018500000000000003,0.53174807083549136,0.31904884250129478
-0.016500000000000001,-0.018500000000000003,0.89837914610957714,0.53902748766574626
-0.016,-0.018500000000000003,1.4938523610091587,0.89631141660549518
-0.0155,-0.018500000000000003,2.4415898149876831,1.4649538889926099
-0.015000000000000001,-0.018500000000000003,3.9170969455604694,2.3502581673362815
-0.014500000000000001,-0.018500000000000003,6.1604863974516428,3.6962918384709855
-0.014,-0.018500000000000003,9.4865077115008258,5.6919046269004951
-0.0135,-0.018500000000000003,14.288481139797042,8.5730886838782254
-0.012999999999999999,-0.018500000000000003,21.03184761243568,12.619108567461408
-0.012500000000000001,-0.018500000000000003,30.233214153707067,18.139928492224239
-0.012,-0.018500000000000003,42.42228048854161,25.453368293124964
-0.0115,-0.018500000000000003,58.087177670911267,34.852306602546761
-0.010999999999999999,-0.018500000000000003,77.608417284067741,46.565050370440645
-0.010499999999999999,-0.018500000000000003,101.19211625784843,60.715269754709055
-0.010000000000000002,-0.018500000000000003,128.81804363261833,77.290826179570999
-0.0095000000000000015,-0.018500000000000003,160.22046994682574,96.132281968095441
-0.0090000000000000011,-0.018500000000000003,194.91790366691535,116.95074220014921
-0.0085000000000000006,-0.018500000000000003,232.30033546868603,139.38020128121161
-0.0080000000000000002,-0.018500000000000003,271.76969758053946,163.06181854832366
-0.0074999999999999997,-0.018500000000000003,312.91283974481308,187.74770384688784
-0.0069999999999999993,-0.018500000000000003,355.67022439042273,213.40213463425363
-0.0064999999999999988,-0.018500000000000003,400.45273899496061,240.27164339697634
-0.0059999999999999984,-0.018500000000000003,448.15841606434037,268.89504963860423
-0.0054999999999999979,-0.018500000000000003,500.05363328264457,300.03217996958671
-0.005000000000000001,-0.018500000000000003,557.50951694460036,334.5057101667602
-0.0044999999999999971,-0.018500000000000003,621.61972406144662,372.97183443686794
-0.0040000000000000001,-0.018500000000000003,692.76270842194492,415.65762505316695
-0.0035000000000000031,-0.018500000000000003,770.19997134413609,462.11998280648163
-0.0029999999999999992,-0.018500000000000003,851.81206598236736,511.08723958942039
-0.0025000000000000022,-0.018500000000000003,934.06008642820859,560.43605185692513
-0.0019999999999999983,-0.018500000000000003,1012.2217375433572,607.33304252601431
-0.0015000000000000013,-0.018500000000000003,1080.8944862965623,648.53669177793734
-0.00099999999999999742,-0.018500000000000003,1134.6963434673949,680.81780608043687
-0.00050000000000000044,-0.018500000000000003,1169.0431252826043,701.42587516956257
0,-0.018500000000000003,1180.8539589922511,708.51237539535066
0.00050000000000000044,-0.018500000000000003,1169.0431252524659,701.42587515147954
0.0010000000000000009,-0.018500000000000003,1134.6963433962467,680.81780603774803
0.0015000000000000013,-0.018500000000000003,1080.8944861601726,648.5366916961035
0.0020000000000000018,-0.018500000000000003,1012.2217372990048,607.33304237940285
0.0024999999999999988,-0.018500000000000003,934.06008600670009,560.43605160402001
0.0030000000000000027,-0.018500000000000003,851.81206527703523,511.08723916622114
0.0034999999999999996,-0.018500000000000003,770.19997019699804,462.11998211819878
0.0040000000000000036,-0.018500000000000003,692.76270660770012,415.65762396462009
0.0045000000000000005,-0.018500000000000003,621.61972127088791,372.97183276253276
0.0049999999999999975,-0.018500000000000003,557.50951276997841,334.50570766198706
0.0055000000000000014,-0.018500000000000003,500.05362720859722,300.03217632515833
0.0059999999999999984,-0.018500000000000003,448.15840746876501,268.89504448125899
0.0064999999999999988,-0.018500000000000003,400.45272716432873,240.27163629859723
0.0069999999999999993,-0.018500000000000003,355.67020855326757,213.40212513196053
0.0074999999999999997,-0.018500000000000003,312.91281912509817,187.7476914750589
0.0080000000000000002,-0.018500000000000003,271.76967146948488,163.06180288169091
0.0085000000000000006,-0.018500000000000003,232.30030330969376,139.38018198581625
0.0090000000000000011,-0.018500000000000003,194.91786514421594,116.95071908652956
0.0095000000000000015,-0.018500000000000003,160.22042506533643,96.132255039201851
0.010000000000000002,-0.018500000000000003,128.81799277522816,77.290795665136898
0.010500000000000002,-0.018500000000000003,101.19206020765101,60.715236124590604
0.011000000000000003,-0.018500000000000003,77.608357203160097,46.565014321896058
0.011500000000000003,-0.018500000000000003,58.08711503374694,34.852269020248166
0.012000000000000004,-0.018500000000000003,42.422216975347268,25.453330185208362
0.012499999999999997,-0.018500000000000003,30.233151516542968,18.139890909925779
0.013000000000000005,-0.018500000000000003,21.031787531528117,12.61907251891687
0.013499999999999998,-0.018500000000000003,14.28842508959989,8.5730550537599335
0.014000000000000005,-0.018500000000000003,9.4864568541105925,5.6918741124663557
0.014499999999999999,-0.018500000000000003,6.1604415159623391,3.6962649095774034
0.014999999999999999,-0.018500000000000003,3.9170584228608818,2.3502350537165291
0.0155,-0.018500000000000003,2.4415576559953269,1.464934593597196
0.016000000000000007,-0.018500000000000003,1.4938262499543977,0.89629574997263861
0.016500000000000001,-0.018500000000000003,0.89835852639436564,0.53901511583661932
0.017000000000000001,-0.018500000000000003,0.53173223368022904,0.3190393402081374
0.017500000000000002,-0.018500000000000003,0.31013445788652616,0.1860806747319157
0.017999999999999995,-0.018500000000000003,0.17841718508938945,0.10705031105363366
0.018500000000000003,-0.018500000000000003,0.10130292429845142,0.060781754579070847
0.019000000000000003,-0.018500000000000003,0.056780329238226047,0.034068197542935628
0.019500000000000003,-0.018500000000000003,0.031410033326176735,0.018846019995706041
0.019999999999999997,-0.018500000000000003,0.017137992090424822,0.010282795254254892
0.020499999999999997,-0.018500000000000003,0.0092140637276451314,0.005528438236587079
0.021000000000000005,-0.018500000000000003,0.0048754557285428718,0.0029252734371257231
0.021500000000000005,-0.018500000000000003,0.0025355112166030778,0.0015213067299618467
0.021999999999999999,-0.018500000000000003,0.0012941936825792528,0.00077651620954755161
0.022499999999999999,-0.018500000000000003,0.00064748799804549833,0.00038849279882729901
0.023000000000000007,-0.018500000000000003,0.00031711782761321516,0.0001902706965679291
0.023500000000000007,-0.018500000000000003,0.00015187302304996747,9.1123813829980472e-05
0.024,-0.018500000000000003,7.1054072999906143e-05,4.2632443799943682e-05
0.024500000000000001,-0.018500000000000003,3.2447831653847252e-05,1.9468698992308351e-05
0.025000000000000001,-0.018500000000000003,1.4453381631093752e-05,8.6720289786562507e-06
-0.025000000000000001,-0.018000000000000002,2.8311087699894896e-05,1.6986652619936936e-05
-0.024500000000000001,-0.018000000000000002,6.3408811716066839e-05,3.8045287029640099e-05
-0.024,-0.018000000000000002,0.00013844671598204912,8.3068029589229462e-05
-0.0235,-0.018000000000000002,0.00029485206811244799,0.00017691124086746879
-0.023,-0.018000000000000002,0.00061293626058949217,0.00036776175635369531
-0.022500000000000003,-0.018000000000000002,0.0012447322798049925,0.00074683936788299545
-0.022000000000000002,-0.018000000000000002,0.0024717735973083582,0.0014830641583850148
-0.021500000000000002,-0.018000000000000002,0.0048050610500292379,0.0028830366300175428
-0.021000000000000001,-0.018000000000000002,0.0091556422469255012,0.0054933853481553005
-0.020500000000000001,-0.018000000000000002,0.017122340890293235,0.010273404534175941
-0.02,-0.018000000000000002,0.031472037018243179,0.018883222210945908
-0.0195,-0.018000000000000002,0.056932533779989233,0.034159520267993536
-0.019,-0.018000000000000002,0.10148394078098964,0.060890364468593784
-0.018500000000000003,-0.018000000000000002,0.17842548577457321,0.10705529146474392
-0.018000000000000002,-0.018000000000000002,0.30960866114855395,0.18576519668913236
-0.017500000000000002,-0.018000000000000002,0.53034993415912735,0.3182099604954764
-0.017000000000000001,-0.018000000000000002,0.8966311266116348,0.5379786759669809
-0.016500000000000001,-0.018000000000000002,1.4951984971562333,0.89711909829373992
-0.016,-0.018000000000000002,2.4569875999142212,1.4741925599485326
-0.0155,-0.018000000000000002,3.9738162482895807,2.3842897489737482
-0.015000000000000001,-0.018000000000000002,6.3174014840682142,3.7904408904409284
-0.014500000000000001,-0.018000000000000002,9.8584361054959579,5.9150616632975748
-0.014,-0.018000000000000002,15.081815353466174,9.0490892120797035
-0.0135,-0.018000000000000002,22.592454659580365,13.555472795748219
-0.012999999999999999,-0.018000000000000002,33.105044271096084,19.863026562657648
-0.012500000000000001,-0.018000000000000002,47.411289913762502,28.446773948257501
-0.012,-0.018000000000000002,66.320445755746405,39.792267453447842
-0.0115,-0.018000000000000002,90.573732515522565,54.344239509313539
-0.010999999999999999,-0.018000000000000002,120.74039232773563,72.444235396641375
-0.010499999999999999,-0.018000000000000002,157.11157492939935,94.266944957639609
-0.010000000000000002,-0.018000000000000002,199.61587447266646,119.76952468359987
-0.0095000000000000015,-0.018000000000000002,247.78430176754509,148.67058106052704
-0.0090000000000000011,-0.018000000000000002,300.78989702181985,180.47393821309191
-0.0085000000000000006,-0.018000000000000002,357.576150363029,214.54569021781739
-0.0080000000000000002,-0.018000000000000002,417.06903613970229,250.24142168382136
-0.0074999999999999997,-0.018000000000000002,478.44269926132938,287.06561955679763
-0.0069999999999999993,-0.018000000000000002,541.38435224584828,324.83061134750898
-0.0064999999999999988,-0.018000000000000002,606.28723216714684,363.77233930028808
-0.0059999999999999984,-0.018000000000000002,674.29887686729205,404.57932612037524
-0.0054999999999999979,-0.018000000000000002,747.17029525855912,448.30217715513544
-0.005000000000000001,-0.018000000000000002,826.88982102068428,496.13389261241053
-0.0044999999999999971,-0.018000000000000002,915.13754862914539,549.08252917748723
-0.0040000000000000001,-0.018000000000000002,1012.650720170172,607.59043210210314
-0.0035000000000000031,-0.018000000000000002,1118.6325455021474,671.17952730128843
-0.0029999999999999992,-0.018000000000000002,1230.3526507461293,738.21159044767751
-0.0025000000000000022,-0.018000000000000002,1343.067657876323,805.84059472579372
-0.0019999999999999983,-0.018000000000000002,1450.3349074736104,870.20094448416626
-0.0015000000000000013,-0.018000000000000002,1544.7107201981023,926.82643211886136
-0.00099999999999999742,-0.018000000000000002,1618.7351316303511,971.24107897821068
-0.00050000000000000044,-0.018000000000000002,1666.0303000619563,999.61818003717372
0,-0.018000000000000002,1682.3004869371939,1009.3802921623163
0.00050000000000000044,-0.018000000000000002,1666.0302999788858,999.61817998733136
0.0010000000000000009,-0.018000000000000002,1618.7351314342454,971.24107886054719
0.0015000000000000013,-0.018000000000000002,1544.7107198221711,926.82643189330258
0.0020000000000000018,-0.018000000000000002,1450.3349068001032,870.20094408006196
0.0024999999999999988,-0.018000000000000002,1343.0676567145188,805.84059402871128
0.0030000000000000027,-0.018000000000000002,1230.3526488020239,738.21158928121429
0.0034999999999999996,-0.018000000000000002,1118.6325423402914,671.1795254041748
0.0040000000000000036,-0.018000000000000002,1012.6507151695716,607.59042910174298
0.0045000000000000005,-0.018000000000000002,915.13754093753209,549.08252456251921
0.0049999999999999975,-0.018000000000000002,826.88980951417739,496.1338857085064
0.0055000000000000014,-0.018000000000000002,747.17027851666933,448.30216711000156
0.0059999999999999984,-0.018000000000000002,674.29885317531534,404.57931190518917
0.0064999999999999988,-0.018000000000000002,606.28719955838642,363.77231973503183
0.0069999999999999993,-0.018000000000000002,541.3843085939111,324.83058515634667
0.0074999999999999997,-0.018000000000000002,478.44264242722619,287.06558545633573
0.0080000000000000002,-0.018000000000000002,417.06896416982488,250.24137850189493
0.0085000000000000006,-0.018000000000000002,357.5760617232263,214.54563703393578
0.0090000000000000011,-0.018000000000000002,300.78979084173608,180.47387450504164
0.0095000000000000015,-0.018000000000000002,247.78417806073466,148.67050683644078
0.010000000000000002,-0.018000000000000002,199.61573429448563,119.76944057669138
0.010500000000000002,-0.018000000000000002,157.11142043828883,94.266852262973302
0.011000000000000003,-0.018000000000000002,120.74022672678174,72.44413603606904
0.011500000000000003,-0.018000000000000002,90.573559868760668,54.344135921256402
0.012000000000000004,-0.018000000000000002,66.320270694383581,39.792162416630148
0.012499999999999997,-0.018000000000000002,47.411117267000918,28.44667036020055
0.013000000000000005,-0.018000000000000002,33.10487867014232,19.862927202085391
0.013499999999999998,-0.018000000000000002,22.592300168470103,13.555380101082061
0.014000000000000005,-0.018000000000000002,15.081675175285227,9.0490051051711351
0.014499999999999999,-0.018000000000000002,9.8583123986855412,5.9149874392113242
0.014999999999999999,-0.018000000000000002,6.3172953039844462,3.7903771823906673
0.0155,-0.018000000000000002,3.9737276084865818,2.3842365650919488
0.016000000000000007,-0.018000000000000002,2.4569156300364301,1.474149378021858
0.016500000000000001,-0.018000000000000002,1.4951416630529171,0.89708499783175022
0.017000000000000001,-0.018000000000000002,0.89658747467419242,0.53795248480451541
0.017500000000000002,-0.018000000000000002,0.5303173253979343,0.31819039523876058
0.017999999999999995,-0.018000000000000002,0.30958496916946127,0.18575098150167677
0.018500000000000003,-0.018000000000000002,0.17840874387834643,0.10704524632700786
0.019000000000000003,-0.018000000000000002,0.10147243425520593,0.060883460553123554
0.019500000000000003,-0.018000000000000002,0.056924842120518987,0.034154905272311388
0.019999999999999997,-0.018000000000000002,0.03146703630275173,0.018880221781651038
0.020499999999999997,-0.018000000000000002,0.017119178754550792,0.010271507252730475
0.021000000000000005,-0.018000000000000002,0.0091536974908539952,0.0054922184945123973
0.021500000000000005,-0.018000000000000002,0.0048038977652993496,0.0028823386591796097
0.021999999999999999,-0.018000000000000002,0.0024710968240609235,0.001482658094436554
0.022499999999999999,-0.018000000000000002,0.0012443493346290999,0.00074660960077745986
0.023000000000000007,-0.018000000000000002,0.00061272551121837118,0.00036763530673102269
0.023500000000000007,-0.018000000000000002,0.00029473926210300252,0.0001768435572618015
0.024,-0.018000000000000002,0.00013838798943729632,8.3032793662377789e-05
0.024500000000000001,-0.018000000000000002,6.3379076374815561e-05,3.8027445824889335e-05
0.025000000000000001,-0.018000000000000002,2.8296444106246801e-05,1.6977866463748081e-05
-0.025000000000000001,-0.017500000000000002,5.4018865715860107e-05,3.241131942951606e-05
-0.024500000000000001,-0.017500000000000002,0.00012076228801044956,7.2457372806269729e-05
-0.024,-0.017500000000000002,0.00026306003897215739,0.00015783602338329442
-0.0235,-0.017500000000000002,0.00055862304178568175,0.00033517382507140906
-0.023,-0.017500000000000002,0.0011571021003790195,0.00069426126022741161
-0.022500000000000003,-0.017500000000000002,0.0023394539483370205,0.0014036723690022122
-0.022000000000000002,-0.017500000000000002,0.0046206935454726388,0.0027724161272835832
-0.021500000000000002,-0.017500000000000002,0.0089242610895844017,0.0053545566537506412
-0.021000000000000001,-0.017500000000000002,0.016873112404333739,0.010123867442600243
-0.020500000000000001,-0.017500000000000002,0.031269302489690294,0.018761581493814176
-0.02,-0.017500000000000002,0.056875607665683961,0.034125364599410374
-0.0195,-0.017500000000000002,0.10167679358970431,0.061006076153822586
-0.019,-0.017500000000000002,0.17889256343670923,0.10733553806202553
-0.018500000000000003,-0.017500000000000002,0.31014503016801853,0.1860870181008111
-0.018000000000000002,-0.017500000000000002,0.53034855809461456,0.31820913485676872
-0.017500000000000002,-0.017500000000000002,0.89506863668429992,0.53704118201057993
-0.017000000000000001,-0.017500000000000002,1.4912376294106111,0.89474257764636667
-0.016500000000000001,-0.017500000000000002,2.4521242317400285,1.4712745390440169
-0.016,-0.017500000000000002,3.977189135526408,2.3863134813158449
-0.0155,-0.017500000000000002,6.3567500688978162,3.8140500413386897
-0.015000000000000001,-0.017500000000000002,10.000069836635108,6.0000419019810645
-0.014500000000000001,-0.017500000000000002,15.463515632904725,9.2781093797428351
-0.014,-0.017500000000000002,23.472970941185132,14.083782564711079
-0.0135,-0.017500000000000002,34.932182530394883,20.959309518236928
-0.012999999999999999,-0.017500000000000002,50.907026491835595,30.544215895101356
-0.012500000000000001,-0.017500000000000002,72.575894755042057,43.545536853025233
-0.012,-0.017500000000000002,101.13968051585984,60.683808309515896
-0.0115,-0.017500000000000002,137.69191381711713,82.61514829027027
-0.010999999999999999,-0.017500000000000002,183.06026588259439,109.83615952955664
-0.010499999999999999,-0.017500000000000002,237.64331444620021,142.58598866772013
-0.010000000000000002,-0.017500000000000002,301.27803587101181,180.76682152260707
-0.0095000000000000015,-0.017500000000000002,373.17974352292055,223.90784611375233
-0.0090000000000000011,-0.017500000000000002,451.9928199583444,271.19569197500664
-0.0085000000000000006,-0.017500000000000002,535.97471079872832,321.58482647923699
-0.0080000000000000002,-0.017500000000000002,623.30739213559036,373.98443528135419
-0.0074999999999999997,-0.017500000000000002,712.49411989340001,427.49647193604
-0.0069999999999999993,-0.017500000000000002,802.76303198812275,481.6578191928736
-0.0064999999999999988,-0.017500000000000002,894.37403622924114,536.62442173754471
-0.0059999999999999984,-0.017500000000000002,988.72211484768457,593.23326890861074
-0.0054999999999999979,-0.017500000000000002,1088.1557034676869,652.89342208061214
-0.005000000000000001,-0.017500000000000002,1195.4831904168457,717.28991425010736
-0.0044999999999999971,-0.017500000000000002,1313.2151985891915,787.92911915351488
-0.0040000000000000001,-0.017500000000000002,1442.6685874834964,865.60115249009777
-0.0035000000000000031,-0.017500000000000002,1583.118973933251,949.87138435995053
-0.0029999999999999992,-0.017500000000000002,1731.2119760549324,1038.7271856329594
-0.0025000000000000022,-0.017500000000000002,1880.8165533510044,1128.4899320106026
-0.0019999999999999983,-0.017500000000000002,2023.4262311546597,1214.0557386927958
-0.0015000000000000013,-0.017500000000000002,2149.099389312762,1289.4596335876572
-0.00099999999999999742,-0.017500000000000002,2247.8039919791913,1348.6823951875147
-0.00050000000000000044,-0.017500000000000002,2310.9269215737122,1386.5561529442273
0,-0.017500000000000002,2332.6525368772982,1399.5915221263788
0.00050000000000000044,-0.017500000000000002,2310.9269213510165,1386.5561528106098
0.0010000000000000009,-0.017500000000000002,2247.803991453472,1348.6823948720833
0.0015000000000000013,-0.017500000000000002,2149.0993883049691,1289.4596329829815
0.0020000000000000018,-0.017500000000000002,2023.4262293491308,1214.0557376094785
0.0024999999999999988,-0.017500000000000002,1880.8165502364527,1128.4899301418716
0.0030000000000000027,-0.017500000000000002,1731.2119708431985,1038.727182505919
0.0034999999999999996,-0.017500000000000002,1583.1189654569828,949.87137927418962
0.0040000000000000036,-0.017500000000000002,1442.6685740779444,865.60114444676663
0.0045000000000000005,-0.017500000000000002,1313.2151779696017,787.92910678176099
0.0049999999999999975,-0.017500000000000002,1195.4831595703301,717.28989574219804
0.0055000000000000014,-0.017500000000000002,1088.1556585862158,652.89339515172946
0.0059999999999999984,-0.017500000000000002,988.72205133449745,593.23323080069849
0.0064999999999999988,-0.017500000000000002,894.37394881203943,536.62436928722366
0.0069999999999999993,-0.017500000000000002,802.76291496649492,481.65774897989695
0.0074999999999999997,-0.017500000000000002,712.49396753316796,427.49638051990075
0.0080000000000000002,-0.017500000000000002,623.30719919954231,373.98431951972537
0.0085000000000000006,-0.017500000000000002,535.97447317412991,321.58468390447791
0.0090000000000000011,-0.017500000000000002,451.99253531195626,271.19552118717377
0.0095000000000000015,-0.017500000000000002,373.17941189107847,223.90764713464708
0.010000000000000002,-0.017500000000000002,301.27766008290274,180.76659604974165
0.010500000000000002,-0.017500000000000002,237.64290028814852,142.5857401728891
0.011000000000000003,-0.017500000000000002,183.05982194139813,109.83589316483888
0.011500000000000003,-0.017500000000000002,137.69145098759711,82.614870592558262
0.012000000000000004,-0.017500000000000002,101.13921121330456,60.683526727982738
0.012499999999999997,-0.017500000000000002,72.575431925522537,43.545259155313524
0.013000000000000005,-0.017500000000000002,50.906582550639683,30.543949530383809
0.013499999999999998,-0.017500000000000002,34.931768372343711,20.959061023406225
0.014000000000000005,-0.017500000000000002,23.472595153075872,14.083557091845522
0.014499999999999999,-0.017500000000000002,15.463184001062427,9.277910400637456
0.014999999999999999,-0.017500000000000002,9.9997851902467918,5.9998711141480747
0.0155,-0.017500000000000002,6.3565124442992111,3.8139074665795265
0.016000000000000007,-0.017500000000000002,3.9769961994780276,2.3861977196868165
0.016500000000000001,-0.017500000000000002,2.4519718715075918,1.4711831229045551
0.017000000000000001,-0.017500000000000002,1.4911206077819235,0.89467236466915401
0.017500000000000002,-0.017500000000000002,0.89498121947975517,0.5369887316878531
0.017999999999999995,-0.017500000000000002,0.53028504490040673,0.31817102694024402
0.018500000000000003,-0.017500000000000002,0.31010014867870789,0.18606008920722472
0.019000000000000003,-0.017500000000000002,0.17886171687028898,0.10731703012217339
0.019500000000000003,-0.017500000000000002,0.10165617387449302,0.060993704324695808
0.019999999999999997,-0.017500000000000002,0.05686220180317951,0.034117321081907702
0.020499999999999997,-0.017500000000000002,0.0312608254713405,0.018756495282804299
0.021000000000000005,-0.017500000000000002,0.016867898923874143,0.010120739354324485
0.021500000000000005,-0.017500000000000002,0.008921142568810967,0.00535268554128658
0.021999999999999999,-0.017500000000000002,0.0046188792592735612,0.0027713275555641364
0.022499999999999999,-0.017500000000000002,0.0023384273531660955,0.0014030564118996571
0.023000000000000007,-0.017500000000000002,0.0011565371258075014,0.0006939222754845008
0.023500000000000007,-0.017500000000000002,0.00055832063268945438,0.00033499237961367263
0.024,-0.017500000000000002,0.00026290260550375485,0.00015774156330225291
0.024500000000000001,-0.017500000000000002,0.00012068257383814494,7.240954430288696e-05
0.025000000000000001,-0.017500000000000002,5.3979609332778264e-05,3.2387765599666956e-05
-0.025000000000000001,-0.017000000000000001,0.00010040187912684421,6.0241127476106529e-05
-0.024500000000000001,-0.017000000000000001,0.00022412053090558126,0.00013447231854334874
-0.024,-0.017000000000000001,0.00048729931752105368,0.00029237959051263217
-0.0235,-0.017000000000000001,0.0010324006016551876,0.00061944036099311254
-0.023,-0.017000000000000001,0.0021322674013874968,0.0012793604408324981
-0.022500000000000003,-0.017000000000000001,0.0042956062447479394,0.0025773637468487634
-0.022000000000000002,-0.017000000000000001,0.0084469070587530736,0.0050681442352518442
-0.021500000000000002,-0.017000000000000001,0.016226365702180199,0.0097358194213081183
-0.021000000000000001,-0.017000000000000001,0.030480190627024686,0.01828811437621481
-0.020500000000000001,-0.017000000000000001,0.056049582614702005,0.033629749568821199
-0.02,-0.017000000000000001,0.1010247184973323,0.06061483109839938
-0.0195,-0.017000000000000001,0.17871802812903081,0.10723081687741849
-0.019,-0.017000000000000001,0.31074041725282375,0.18644425035169424
-0.018500000000000003,-0.017000000000000001,0.53174415105980655,0.31904649063588392
-0.018000000000000002,-0.017000000000000001,0.89662541748467195,0.53797525049080319
-0.017500000000000002,-0.017000000000000001,1.4912315587110034,0.89473893522660208
-0.017000000000000001,-0.017000000000000001,2.4478217793605692,1.4686930676163414
-0.016500000000000001,-0.017000000000000001,3.9665522234382244,2.3799313340629347
-0.016,-0.017000000000000001,6.3438934889251648,3.8063360933550987
-0.0155,-0.017000000000000001,10.007889487693046,6.0047336926158268
-0.015000000000000001,-0.017000000000000001,15.558298050697367,9.3349788304184198
-0.014500000000000001,-0.017000000000000001,23.806821998518291,14.284093199110975
-0.014,-0.017000000000000001,35.809052110030976,21.485431266018583
-0.0135,-0.017000000000000001,52.876067742814122,31.725640645688472
-0.012999999999999999,-0.017000000000000001,76.551077953353257,45.930646772011954
-0.012500000000000001,-0.017000000000000001,108.53666303853925,65.12199782312355
-0.012,-0.017000000000000001,150.56277866593638,90.337667199561821
-0.0115,-0.017000000000000001,204.19582356599881,122.51749413959928
-0.010999999999999999,-0.017000000000000001,270.60450904471378,162.36270542682826
-0.010499999999999999,-0.017000000000000001,350.3167547787906,210.19005286727435
-0.010000000000000002,-0.017000000000000001,443.01890780258771,265.81134468155261
-0.0095000000000000015,-0.017000000000000001,547.45814072849237,328.4748844370954
-0.0090000000000000011,-0.017000000000000001,661.50467547828873,396.90280528697321
-0.0085000000000000006,-0.017000000000000001,782.40826793979625,469.4449607638777
-0.0080000000000000002,-0.017000000000000001,907.24326257984592,544.34595754790757
-0.0074999999999999997,-0.017000000000000001,1033.484446951232,620.09066817073915
-0.0069999999999999993,-0.017000000000000001,1159.603720100273,695.7622320601638
-0.0064999999999999988,-0.017000000000000001,1285.5408002328979,771.32448013973874
-0.0059999999999999984,-0.017000000000000001,1412.8951178768984,847.737070726139
-0.0054999999999999979,-0.017000000000000001,1544.7206340729113,926.83238044374673
-0.005000000000000001,-0.017000000000000001,1684.8807008068518,1010.928420484111
-0.0044999999999999971,-0.017000000000000001,1837.0241556708645,1102.2144934025187
-0.0040000000000000001,-0.017000000000000001,2003.3534292810605,1202.0120575686362
-0.0035000000000000031,-0.017000000000000001,2183.4411377967667,1310.0646826780601
-0.0029999999999999992,-0.017000000000000001,2373.3855737655808,1424.0313442593485
-0.0025000000000000022,-0.017000000000000001,2565.5600109437041,1539.3360065662225
-0.0019999999999999983,-0.017000000000000001,2749.1051468740211,1649.4630881244127
-0.0015000000000000013,-0.017000000000000001,2911.1573022564389,1746.6943813538633
-0.00099999999999999742,-0.017000000000000001,3038.632721517612,1823.1796329105671
-0.00050000000000000044,-0.017000000000000001,3120.2440656690733,1872.1464394014438
0,-0.017000000000000001,3148.3487254354495,1889.0092352612696
0.00050000000000000044,-0.017000000000000001,3120.2440650884296,1872.1464390530577
0.0010000000000000009,-0.017000000000000001,3038.6327201468803,1823.1796320881281
0.0015000000000000013,-0.017000000000000001,2911.1572996287723,1746.6943797772633
0.0020000000000000018,-0.017000000000000001,2749.1051421663833,1649.46308529983
0.0024999999999999988,-0.017000000000000001,2565.560002822986,1539.3360016937916
0.0030000000000000027,-0.017000000000000001,2373.3855601767841,1424.0313361060705
0.0034999999999999996,-0.017000000000000001,2183.4411156961905,1310.0646694177142
0.0040000000000000036,-0.017000000000000001,2003.3533943281338,1202.0120365968803
0.0045000000000000005,-0.017000000000000001,1837.0241019084349,1102.2144611450608
0.0049999999999999975,-0.017000000000000001,1684.8806203792724,1010.9283722275634
0.0055000000000000014,-0.017000000000000001,1544.7205170513312,926.83231023079861
0.0059999999999999984,-0.017000000000000001,1412.8949522759629,847.73697136557769
0.0064999999999999988,-0.017000000000000001,1285.5405723058943,771.32434338353653
0.0069999999999999993,-0.017000000000000001,1159.6034149842508,695.7620489905504
0.0074999999999999997,-0.017000000000000001,1033.4840496951963,620.09042981711775
0.0080000000000000002,-0.017000000000000001,907.24275952856726,544.34565571714029
0.0085000000000000006,-0.017000000000000001,782.40764836994765,469.44458902196857
0.0090000000000000011,-0.017000000000000001,661.50393330630482,396.9023599837829
0.0095000000000000015,-0.017000000000000001,547.45727604911303,328.4743656294678
0.010000000000000002,-0.017000000000000001,443.01792799248693,265.81075679549213
0.010500000000000002,-0.017000000000000001,350.31567492492519,210.18940495495511
0.011000000000000003,-0.017000000000000001,270.60335153584771,162.36201092150861
0.011500000000000003,-0.017000000000000001,204.19461680871296,122.51677008522778
0.012000000000000004,-0.017000000000000001,150.56155503119965,90.33693301871979
0.012499999999999997,-0.017000000000000001,108.53545628125406,65.121273768752431
0.013000000000000005,-0.017000000000000001,76.549920444487555,45.929952266692531
0.013499999999999998,-0.017000000000000001,52.87498788894947,31.724992733369682
0.014000000000000005,-0.017000000000000001,35.808072299929918,21.484843379957951
0.014499999999999999,-0.017000000000000001,23.805957319139161,14.283574391483496
0.014999999999999999,-0.017000000000000001,15.557555878713506,9.3345335272281034
0.0155,-0.017000000000000001,10.007269917844273,6.0043619507065635
0.016000000000000007,-0.017000000000000001,6.3433904376459189,3.8060342625875512
0.016500000000000001,-0.017000000000000001,3.9661549674019225,2.3796929804411535
0.017000000000000001,-0.017000000000000001,2.4475166633363217,1.468509998001793
0.017500000000000002,-0.017000000000000001,1.4910036317012674,0.89460217902076045
0.017999999999999995,-0.017000000000000001,0.89645981653105644,0.53787588991863389
0.018500000000000003,-0.017000000000000001,0.53162712943111845,0.31897627765867104
0.019000000000000003,-0.017000000000000001,0.31065998954203844,0.18639599372522306
0.019500000000000003,-0.017000000000000001,0.17866426537083935,0.10719855922250361
0.019999999999999997,-0.017000000000000001,0.10098976475831137,0.060593858854986818
0.020499999999999997,-0.017000000000000001,0.056027480084038489,0.033616488050423089
0.021000000000000005,-0.017000000000000001,0.030466597272974291,0.018279958363784574
0.021500000000000005,-0.017000000000000001,0.016218234635551075,0.0097309407813306447
0.021999999999999999,-0.017000000000000001,0.0084421765845824424,0.0050653059507494652
0.022499999999999999,-0.017000000000000001,0.0042929295546302836,0.0025757577327781699
0.023000000000000007,-0.017000000000000001,0.0021307943164800844,0.0012784765898880507
0.023500000000000007,-0.017000000000000001,0.0010316121161233192,0.00061896726967399147
0.024,-0.017000000000000001,0.00048688883379680291,0.00029213330027808173
0.024500000000000001,-0.017000000000000001,0.00022391268837593706,0.00013434761302556222
0.025000000000000001,-0.017000000000000001,0.00010029952410353466,6.0179714462120794e-05
-0.025000000000000001,-0.016500000000000001,0.00018173059241227821,0.00010903835544736692
-0.024500000000000001,-0.016500000000000001,0.00040518132245226157,0.00024310879347135694
-0.024,-0.016500000000000001,0.00087965920952701052,0.00052779552571620631
-0.0235,-0.016500000000000001,0.0018601788760938497,0.0011161073256563097
-0.023,-0.016500000000000001,0.0038329577146178663,0.0022997746287707196
-0.022500000000000003,-0.016500000000000001,0.0076993671789262769,0.0046196203073557663
-0.022000000000000002,-0.016500000000000001,0.015085720828594901,0.0090514324971569405
-0.021500000000000002,-0.016500000000000001,0.028851484385037807,0.017310890631022684
-0.021000000000000001,-0.016500000000000001,0.053904017031272934,0.032342410218763759
-0.020500000000000001,-0.016500000000000001,0.098479888690088821,0.059087933214053291
-0.02,-0.016500000000000001,0.17612980390283259,0.10567788234169954
-0.0195,-0.016500000000000001,0.3087588263347637,0.18525529580085823
-0.019,-0.016500000000000001,0.53124168583135267,0.31874501149881157
-0.018500000000000003,-0.016500000000000001,0.89836858310329859,0.53902114986197913
-0.018000000000000002,-0.016500000000000001,1.4951812073353405,0.89710872440120426
-0.017500000000000002,-0.016500000000000001,2.4520997444881005,1.4712598466928604
-0.017000000000000001,-0.016500000000000001,3.966526905609757,2.379916143365854
-0.016500000000000001,-0.016500000000000001,6.3326631275491909,3.7995978765295142
-0.016,-0.016500000000000001,9.9807952931134256,5.9884771758680548
-0.0155,-0.016500000000000001,15.525971740332114,9.3155830441992684
-0.015000000000000001,-0.016500000000000001,23.823407379110066,14.294044427466039
-0.014500000000000001,-0.016500000000000001,36.024019221378957,21.614411532827372
-0.014,-0.016500000000000001,53.618438496288718,32.171063097773228
-0.0135,-0.016500000000000001,78.452595359508422,47.071557215705049
-0.012999999999999999,-0.016500000000000001,112.69420726221161,67.616524357326966
-0.012500000000000001,-0.016500000000000001,158.72952877881843,95.23771726729106
-0.012,-0.016500000000000001,218.97595772451336,131.38557463470801
-0.0115,-0.016500000000000001,295.61017726939457,177.36610636163672
-0.010999999999999999,-0.016500000000000001,390.23319756790067,234.13991854074038
-0.010499999999999999,-0.016500000000000001,503.51985579001229,302.11191347400734
-0.010000000000000002,-0.016500000000000001,634.92480968701796,380.95488581221076
-0.0095000000000000015,-0.016500000000000001,782.53123803896676,469.51874282338002
-0.0090000000000000011,-0.016500000000000001,943.12349041542245,565.8740942492534
-0.0085000000000000006,-0.016500000000000001,1112.5347502053812,667.52085012322868
-0.0080000000000000002,-0.016500000000000001,1286.2653503062845,771.75921018377073
-0.0074999999999999997,-0.016500000000000001,1460.2948820503048,876.17692923018285
-0.0069999999999999993,-0.016500000000000001,1631.9380118736933,979.16280712421599
-0.0064999999999999988,-0.016500000000000001,1800.5415449203656,1080.3249269522194
-0.0059999999999999984,-0.016500000000000001,1967.8099467758793,1180.6859680655275
-0.0054999999999999979,-0.016500000000000001,2137.5920933578682,1282.555256014721
-0.005000000000000001,-0.016500000000000001,2315.0637254256844,1389.0382352554107
-0.0044999999999999971,-0.016500000000000001,2505.3814632269145,1503.2288779361486
-0.0040000000000000001,-0.016500000000000001,2712.0336870047881,1627.2202122028727
-0.0035000000000000031,-0.016500000000000001,2935.2311377360293,1761.1386826416176
-0.0029999999999999992,-0.016500000000000001,3170.7280007433847,1902.4368004460307
-0.0025000000000000022,-0.016500000000000001,3409.4186580610376,2045.6511948366224
-0.0019999999999999983,-0.016500000000000001,3637.9154203814751,2182.7492522288849
-0.0015000000000000013,-0.016500000000000001,3840.103932983714,2304.0623597902281
-0.00099999999999999742,-0.016500000000000001,3999.4432281873624,2399.6659369124172
-0.00050000000000000044,-0.016500000000000001,4101.5847926438491,2460.9508755863094
0,-0.016500000000000001,4136.78248986976,2482.0694939218561
0.00050000000000000044,-0.016500000000000001,4101.5847911713863,2460.9508747028317
0.0010000000000000009,-0.016500000000000001,3999.4432247113018,2399.6659348267808
0.0015000000000000013,-0.016500000000000001,3840.1039263201706,2304.0623557921022
0.0020000000000000018,-0.016500000000000001,3637.9154084432962,2182.7492450659774
0.0024999999999999988,-0.016500000000000001,3409.4186374675637,2045.6511824805382
0.0030000000000000027,-0.016500000000000001,3170.7279662833198,1902.4367797699917
0.0034999999999999996,-0.016500000000000001,2935.2310816907884,1761.138649014473
0.0040000000000000036,-0.016500000000000001,2712.0335983670475,1627.2201590202285
0.0045000000000000005,-0.016500000000000001,2505.3813268898243,1503.2287961338945
0.0049999999999999975,-0.016500000000000001,2315.063521467966,1389.0381128807796
0.0055000000000000014,-0.016500000000000001,2137.5917966007819,1282.5550779604691
0.0059999999999999984,-0.016500000000000001,1967.8095268255488,1180.6857160953293
0.0064999999999999988,-0.016500000000000001,1800.5409669162605,1080.3245801497562
0.0069999999999999993,-0.016500000000000001,1631.9372381245951,979.16234287475697
0.0074999999999999997,-0.016500000000000001,1460.293874641721,876.17632478503253
0.0080000000000000002,-0.016500000000000001,1286.2640746096779,771.75844476580676
0.0085000000000000006,-0.016500000000000001,1112.5331790272792,667.51990741636746
0.0090000000000000011,-0.016500000000000001,943.12160832840459,565.87296499704269
0.0095000000000000015,-0.016500000000000001,782.5290452832852,469.51742716997109
0.010000000000000002,-0.016500000000000001,634.92232496930978,380.95339498158586
0.010500000000000002,-0.016500000000000001,503.51711736955855,302.11027042173509
0.011000000000000003,-0.016500000000000001,390.23026222076203,234.13815733245721
0.011500000000000003,-0.016500000000000001,295.60711703231976,177.36427021939184
0.012000000000000004,-0.016500000000000001,218.97285468761302,131.38371281256781
0.012499999999999997,-0.016500000000000001,158.72646854174448,95.235881125046689
0.013000000000000005,-0.016500000000000001,112.69127191507323,67.614763149043938
0.013499999999999998,-0.016500000000000001,78.449856939055721,47.069914163433431
0.014000000000000005,-0.016500000000000001,53.615953778580099,32.169572267148055
0.014499999999999999,-0.016500000000000001,36.021826465697536,21.61309587941852
0.014999999999999999,-0.016500000000000001,23.821525292092058,14.292915175255235
0.0155,-0.016500000000000001,15.524400562229903,9.3146403373379414
0.016000000000000007,-0.016500000000000001,9.9795195965058969,5.9877117579035382
0.016500000000000001,-0.016500000000000001,6.331655718963324,3.7989934313779941
0.017000000000000001,-0.016500000000000001,3.9657531565048423,2.3794518939029055
0.017500000000000002,-0.016500000000000001,2.451521740365874,1.4709130442195244
0.017999999999999995,-0.016500000000000001,1.4947612569576028,0.89685675417456168
0.018500000000000003,-0.016500000000000001,0.89807182589207746,0.53884309553524645
0.019000000000000003,-0.016500000000000001,0.53103772778167391,0.31862263666900431
0.019500000000000003,-0.016500000000000001,0.30862248840845802,0.1851734930450748
0.019999999999999997,-0.016500000000000001,0.17604116409983261,0.10562469845989957
0.020499999999999997,-0.016500000000000001,0.098423838492923105,0.059054303095753859
0.021000000000000005,-0.016500000000000001,0.053869545405092908,0.032321727243055744
0.021500000000000005,-0.016500000000000001,0.028830864669826619,0.017298518801895972
0.021999999999999999,-0.016500000000000001,0.01507372473574985,0.0090442348414499097
0.022499999999999999,-0.016500000000000001,0.0076925793132682323,0.0046155475879609388
0.023000000000000007,-0.016500000000000001,0.0038292220926314765,0.0022975332555788858
0.023500000000000007,-0.016500000000000001,0.0018581793417330062,0.0011149076050398037
0.024,-0.016500000000000001,0.000878618256614066,0.0005271709539684396
0.024500000000000001,-0.016500000000000001,0.00040465425091718265,0.00024279255055030958
0.025000000000000001,-0.016500000000000001,0.00018147102850420222,0.00010888261710252134
-0.025000000000000001,-0.016,0.00032027168032539922,0.00019216300819523951
-0.024500000000000001,-0.016,0.00071338001934995914,0.00042802801160997546
-0.024,-0.016,0.0015469038107725497,0.00092814228646352973
-0.0235,-0.016,0.0032662584534945676,0.0019597550720967406
-0.023,-0.016,0.0067175993756526161,0.0040305596253915697
-0.022500000000000003,-0.016,0.013462252023711277,0.0080773512142267665
-0.022000000000000002,-0.016,0.026300495377491771,0.015780297226495061
-0.021500000000000002,-0.016,0.050118840187794778,0.030071304112676864
-0.021000000000000001,-0.016,0.093224474175427299,0.055934684505256377
-0.020500000000000001,-0.016,0.16939886681943228,0.10163932009165937
-0.02,-0.016,0.30099914624441382,0.18059948774664827
-0.0195,-0.016,0.52357597117352794,0.31414558270411674
-0.019,-0.016,0.89268095503416833,0.53560857302050102
-0.018500000000000003,-0.016,1.4938263918607162,0.89629583511642974
-0.018000000000000002,-0.016,2.4569423056274879,1.4741653833764927
-0.017500000000000002,-0.016,3.9771170417781749,2.3862702250669048
-0.017000000000000001,-0.016,6.3437942059269403,3.8062765235561642
-0.016500000000000001,-0.016,9.9806954859032349,5.9884172915419409
-0.016,-0.016,15.498165861372373,9.2988995168234236
-0.0155,-0.016,23.757900109648229,14.254740065788937
-0.015000000000000001,-0.016,35.946617726677893,21.567970636006734
-0.014500000000000001,-0.016,53.649955602802507,32.189973361681503
-0.014,-0.016,78.910955505083265,47.346573303049958
-0.0135,-0.016,114.25024287291488,68.550145723748926
-0.012999999999999999,-0.016,162.61960388459644,97.571762330757863
-0.012500000000000001,-0.016,227.26034611330871,136.35620766798522
-0.012,-0.016,311.44595602681483,186.86757361608889
-0.0115,-0.016,418.10750199405368,250.8645011964322
-0.010999999999999999,-0.016,549.36977280818019,329.62186368490808
-0.010499999999999999,-0.016,706.06219042182113,423.63731425309265
-0.010000000000000002,-0.016,887.30264242887984,532.3815854573279
-0.0095000000000000015,-0.016,1090.272806278261,654.16368376695652
-0.0090000000000000011,-0.016,1310.2980856711167,786.17885140267003
-0.0085000000000000006,-0.016,1541.305491230926,924.78329473855558
-0.0080000000000000002,-0.016,1776.6583782765094,1065.9950269659057
-0.0074999999999999997,-0.016,2010.2687804486261,1206.1612682691757
-0.0069999999999999993,-0.016,2237.78815492074,1342.672892952444
-0.0064999999999999988,-0.016,2457.6048147662109,1474.5628888597264
-0.0059999999999999984,-0.016,2671.3598130932423,1602.8158878559454
-0.0054999999999999979,-0.016,2883.7513093763405,1730.2507856258042
-0.005000000000000001,-0.016,3101.5310102286335,1860.9186061371799
-0.0044999999999999971,-0.016,3331.7832833139187,1999.0699699883512
-0.0040000000000000001,-0.016,3579.776047205778,2147.8656283234668
-0.0035000000000000031,-0.016,3846.8296069066237,2308.097764143974
-0.0029999999999999992,-0.016,4128.715426706488,2477.2292560238925
-0.0025000000000000022,-0.016,4415.0400789546547,2649.0240473727927
-0.0019999999999999983,-0.016,4689.8892911060739,2813.9335746636443
-0.0015000000000000013,-0.016,4933.7366399663106,2960.2419839797863
-0.00099999999999999742,-0.016,5126.3231844486663,3075.7939106691997
-0.00050000000000000044,-0.016,5249.9639157546944,3149.9783494528165
0,-0.016,5292.6030077636087,3175.5618046581653
0.00050000000000000044,-0.016,5249.9639121229447,3149.9783472737668
0.0010000000000000009,-0.016,5126.3231758751581,3075.7939055250949
0.0015000000000000013,-0.016,4933.736623531051,2960.2419741186304
0.0020000000000000018,-0.016,4689.8892616612175,2813.9335569967302
0.0024999999999999988,-0.016,4415.0400281619868,2649.0240168971918
0.0030000000000000027,-0.016,4128.7153417126401,2477.2292050275842
0.0034999999999999996,-0.016,3846.8294686741297,2308.0976812044778
0.0040000000000000036,-0.016,3579.7758285856867,2147.865497151412
0.0045000000000000005,-0.016,3331.7829470460069,1999.0697682276041
0.0049999999999999975,-0.016,3101.53050717817,1860.918304306902
0.0055000000000000014,-0.016,2883.7505774413589,1730.2503464648153
0.0059999999999999984,-0.016,2671.3587773089171,1602.8152663853502
0.0064999999999999988,-0.016,2457.6033891509687,1474.5620334905811
0.0069999999999999993,-0.016,2237.7862465112676,1342.6717479067604
0.0074999999999999997,-0.016,2010.2662957309228,1206.1597774385536
0.0080000000000000002,-0.016,1776.6552318411964,1065.9931391047178
0.0085000000000000006,-0.016,1541.3016160068037,924.7809696040822
0.0090000000000000011,-0.016,1310.2934436073031,786.17606616438184
0.0095000000000000015,-0.016,1090.2673979673248,654.16043878039488
0.010000000000000002,-0.016,887.29651400970852,532.37790840582511
0.010500000000000002,-0.016,706.05543625882433,423.6332617552946
0.011000000000000003,-0.016,549.36253293637731,329.61751976182637
0.011500000000000003,-0.016,418.09995408811147,250.85997245286688
0.012000000000000004,-0.016,311.43830255746366,186.86298153447819
0.012499999999999997,-0.016,227.25279820736833,136.35167892442098
0.013000000000000005,-0.016,162.61236401279388,97.567418407676328
0.013499999999999998,-0.016,114.24348870991928,68.546093225951566
0.014000000000000005,-0.016,78.904827085912075,47.342896251547245
0.014499999999999999,-0.016,53.644547291866537,32.18672837511992
0.014999999999999999,-0.016,35.941975662863811,21.565185397718285
0.0155,-0.016,23.754024885525258,14.252414931315155
0.016000000000000007,-0.016,15.495019426057347,9.2970116556344085
0.016500000000000001,-0.016,9.9782107681948187,5.9869264609168908
0.017000000000000001,-0.016,6.3418857964396285,3.8051314778637768
0.017500000000000002,-0.016,3.9756914264933947,2.3854148558960366
0.017999999999999995,-0.016,2.4559065211852356,1.4735439127111414
0.018500000000000003,-0.016,1.493094456568357,0.8958566739410142
0.019000000000000003,-0.016,0.89217790375495798,0.53530674225297481
0.019500000000000003,-0.016,0.52323970119869123,0.31394382071921473
0.019999999999999997,-0.016,0.30078052105968323,0.18046831263580992
0.020499999999999997,-0.016,0.16926062209984977,0.10155637325990986
0.021000000000000005,-0.016,0.093139451810908408,0.055883671086545045
0.021500000000000005,-0.016,0.05006798279760933,0.030040789678565598
0.021999999999999999,-0.016,0.026270907676193517,0.015762544605716109
0.022499999999999999,-0.016,0.013445510127484198,0.0080673060764905186
0.023000000000000007,-0.016,0.0067083856700800243,0.0040250314020480148
0.023500000000000007,-0.016,0.0032613267122878248,0.0019567960273726946
0.024,-0.016,0.0015443363578317032,0.00092660181469902188
0.024500000000000001,-0.016,0.00071208002648194308,0.00042724801588916582
0.025000000000000001,-0.016,0.00031963148026366734,0.00019177888815820039
-0.025000000000000001,-0.0155,0.00054948668888626039,0.00032969201333175625
-0.024500000000000001,-0.0155,0.0012229710200721271,0.00073378261204327629
-0.024,-0.0155,0.0026493154229860478,0.0015895892537916287
-0.0235,-0.0155,0.0055871821647603967,0.0033523092988562379
-0.023,-0.0155,0.011473565696014492,0.0068841394176086951
-0.022500000000000003,-0.0155,0.022949947711665055,0.013769968626999033
-0.022000000000000002,-0.0155,0.044730766074155361,0.026838459644493214
-0.021500000000000002,-0.0155,0.084991351982291768,0.050994811189375058
-0.021000000000000001,-0.0155,0.15751977908012688,0.094511867448076117
-0.020500000000000001,-0.0155,0.28496289648274858,0.17097773788964915
-0.02,-0.0155,0.50360977995797618,0.30216586797478567
-0.0195,-0.0155,0.87031245219778541,0.52218747131867127
-0.019,-0.0155,1.4723700827581965,0.88342204965491788
-0.018500000000000003,-0.0155,2.4415301780372722,1.4649181068223633
-0.018000000000000002,-0.0155,3.9737080054423397,2.3842248032654036
-0.017500000000000002,-0.0155,6.3565664794936607,3.8139398876961961
-0.017000000000000001,-0.0155,10.007605342026276,6.0045632052157654
-0.016500000000000001,-0.0155,15.525591261333238,9.3153547567999428
-0.016,-0.0155,23.757528232845708,14.254516939707424
-0.0155,-0.0155,35.881255820919058,21.528753492551434
-0.015000000000000001,-0.0155,53.499484369181985,32.09969062150919
-0.014500000000000001,-0.0155,78.734230337842206,47.240538202705324
-0.014,-0.0155,114.30153029340813,68.580918176044875
-0.0135,-0.0155,163.53651260505436,98.121907563032607
-0.012999999999999999,-0.0155,230.33138011504764,138.19882806902856
-0.012500000000000001,-0.0155,318.94785601168149,191.36871360700889
-0.012,-0.0155,433.6757770903339,260.2054662542003
-0.0115,-0.0155,578.33410549288578,347.00046329573144
-0.010999999999999999,-0.0155,755.64962677479446,453.38977606487668
-0.010499999999999999,-0.0155,966.59675871401919,579.95805522841147
-0.010000000000000002,-0.0155,1209.828091764555,725.89685505873297
-0.0095000000000000015,-0.0155,1481.3538959846028,888.81233759076167
-0.0090000000000000011,-0.0155,1774.6234864541893,1064.7740918725135
-0.0085000000000000006,-0.0155,2081.1105138119842,1248.6663082871905
-0.0080000000000000002,-0.0155,2391.4071813505479,1434.8443088103288
-0.0074999999999999997,-0.0155,2696.7031266527547,1618.0218759916527
-0.0069999999999999993,-0.0155,2990.3920567060336,1794.23523402362
-0.0064999999999999988,-0.0155,3269.4514829213181,1961.6708897527908
-0.0059999999999999984,-0.0155,3535.2157876974816,2121.1294726184888
-0.0054999999999999979,-0.0155,3793.235138154876,2275.9410828929254
-0.005000000000000001,-0.0155,4052.0833905321042,2431.2500343192623
-0.0044999999999999971,-0.0155,4321.218912422386,2592.7313474534317
-0.0040000000000000001,-0.0155,4608.2589791848404,2764.9553875109041
-0.0035000000000000031,-0.0155,4916.2327976070665,2949.73967856424
-0.0029999999999999992,-0.0155,5241.4662307660219,3144.8797384596132
-0.0025000000000000022,-0.0155,5572.6828246286877,3343.6096947772126
-0.0019999999999999983,-0.0155,5891.679583778493,3535.0077502670956
-0.0015000000000000013,-0.0155,6175.5948722926505,3705.3569233755902
-0.00099999999999999742,-0.0155,6400.4088365366824,3840.2453019220093
-0.00050000000000000044,-0.0155,6544.9997664464527,3926.9998598678712
0,-0.0155,6594.9095279959101,3956.9457167975461
0.00050000000000000044,-0.0155,6544.9997577343411,3926.9998546406046
0.0010000000000000009,-0.0155,6400.4088159699095,3840.2452895819456
0.0015000000000000013,-0.0155,6175.5948328665145,3705.3568997199086
0.0020000000000000018,-0.0155,5891.6795131439594,3535.0077078863756
0.0024999999999999988,-0.0155,5572.6827027834152,3343.6096216700489
0.0030000000000000027,-0.0155,5241.4660268763882,3144.8796161258329
0.0034999999999999996,-0.0155,4916.2324660045497,2949.7394796027297
0.0040000000000000036,-0.0155,4608.2584547425067,2764.9550728455038
0.0045000000000000005,-0.0155,4321.2181057576045,2592.7308634545625
0.0049999999999999975,-0.0155,4052.0821837767749,2431.2493102660646
0.0055000000000000014,-0.0155,3793.2333823341341,2275.9400294004804
0.0059999999999999984,-0.0155,3535.2133029800525,2121.1279817880313
0.0064999999999999988,-0.0155,3269.4480630481344,1961.6688378288804
0.0069999999999999993,-0.0155,2990.3874786697002,1794.23248720182
0.0074999999999999997,-0.0155,2696.6971661248444,1618.0182996749065
0.0080000000000000002,-0.0155,2391.3996334446106,1434.8397800667663
0.0085000000000000006,-0.0155,2081.1012176325785,1248.6607305795471
0.0090000000000000011,-0.0155,1774.612350721992,1064.7674104331952
0.0095000000000000015,-0.0155,1481.3409221211159,888.80455327266952
0.010000000000000002,-0.0155,1209.8133904512149,725.88803427072889
0.010500000000000002,-0.0155,966.58055631927584,579.94833379156546
0.011000000000000003,-0.0155,755.63225922519564,453.37935553511738
0.011500000000000003,-0.0155,578.31599900780111,346.98959940468063
0.012000000000000004,-0.0155,433.65741737179519,260.19445042307711
0.012499999999999997,-0.0155,318.92974952659887,191.3578497159593
0.013000000000000005,-0.0155,230.31401256544979,138.18840753926986
0.013499999999999998,-0.0155,163.52031021031269,98.112186126187609
0.014000000000000005,-0.0155,114.28682898006758,68.572097388040547
0.014499999999999999,-0.0155,78.721256474355741,47.232753884613444
0.014999999999999999,-0.0155,53.488348636985272,32.09300918219116
0.0155,-0.0155,35.871959641511829,21.523175784907096
0.016000000000000007,-0.0155,23.749980326904506,14.249988196142704
0.016500000000000001,-0.0155,15.519630733410002,9.3117784400460017
0.017000000000000001,-0.0155,10.003027305656392,6.0018163833938347
0.017500000000000002,-0.0155,6.353146606208294,3.8118879637249763
0.017999999999999995,-0.0155,3.9712232877339235,2.382733972640354
0.018500000000000003,-0.0155,2.4397743565476424,1.4638646139285854
0.019000000000000003,-0.0155,1.4711633254728973,0.88269799528373838
0.019500000000000003,-0.0155,0.86950578246304755,0.52170346947782853
0.019999999999999997,-0.0155,0.50308532540368578,0.30185119524221143
0.020499999999999997,-0.0155,0.28463126464041993,0.17077875878425194
0.021000000000000005,-0.0155,0.15731582103044772,0.094389492618268636
0.021500000000000005,-0.0155,0.08486935144546022,0.050921610867276132
0.021999999999999999,-0.0155,0.044659788868505496,0.026795873321103298
0.022499999999999999,-0.0155,0.022909785990431617,0.01374587159425897
0.023000000000000007,-0.0155,0.011451463165350501,0.0068708778992103
0.023500000000000007,-0.0155,0.0055753515326233179,0.0033452109195739907
0.024,-0.0155,0.0026431564235578279,0.0015858938541346967
0.024500000000000001,-0.0155,0.0012198524992987042,0.00073191149957922252
0.025000000000000001,-0.0155,0.00054795092877497572,0.00032877055726498544
-0.025000000000000001,-0.015000000000000001,0.00091773237410523788,0.00055063942446314271
-0.024500000000000001,-0.015000000000000001,0.0020412046523079486,0.0012247227913847691
-0.024,-0.015000000000000001,0.004418272027660269,0.0026509632165961612
-0.0235,-0.015000000000000001,0.0093084901276196848,0.005585094076571811
-0.023,-0.015000000000000001,0.01909193112731301,0.011455158676387805
-0.022500000000000003,-0.015000000000000001,0.038130180058951128,0.022878108035370676
-0.022000000000000002,-0.015000000000000001,0.074176675484807067,0.044506005290884242
-0.021500000000000002,-0.015000000000000001,0.1406076188218548,0.084364571293112881
-0.021000000000000001,-0.015000000000000001,0.25983378132999202,0.15590026879799521
-0.020500000000000001,-0.015000000000000001,0.46835561160926026,0.28101336696555612
-0.02,-0.015000000000000001,0.82404330770492284,0.49442598462295367
-0.0195,-0.015000000000000001,1.4163750292952504,0.84982501757715023
-0.019,-0.015000000000000001,2.3805813066081005,1.4283487839648603
-0.018500000000000003,-0.015000000000000001,3.9169674104955754,2.3501804462973452
-0.018000000000000002,-0.015000000000000001,6.3171598858017761,3.7902959314810656
-0.017500000000000002,-0.015000000000000001,9.9996434010614976,5.9997860406368986
-0.017000000000000001,-0.015000000000000001,15.557594728853841,9.334556837312304
-0.016500000000000001,-0.015000000000000001,23.822348922683275,14.293409353609965
-0.016,-0.015000000000000001,35.945239700956954,21.56714382057417
-0.0155,-0.015000000000000001,53.498174931408542,32.098904958845125
-0.015000000000000001,-0.015000000000000001,78.58819421911673,47.152916531470034
-0.014500000000000001,-0.015000000000000001,113.97278210213688,68.383669261282122
-0.014,-0.015000000000000001,163.1511592238665,97.890695534319903
-0.0135,-0.015000000000000001,230.39397599384037,138.23638559630422
-0.012999999999999999,-0.015000000000000001,320.66357092356628,192.39814255413975
-0.012500000000000001,-0.015000000000000001,439.37475312789456,263.62485187673673
-0.012,-0.015000000000000001,591.95804927500524,355.17482956500311
-0.0115,-0.015000000000000001,783.2181049404187,469.93086296425122
-0.010999999999999999,-0.015000000000000001,1016.5297446474066,609.91784678844397
-0.010499999999999999,-0.015000000000000001,1292.9766079293813,775.78596475762879
-0.010000000000000002,-0.015000000000000001,1610.5981015347425,966.35886092084547
-0.0095000000000000015,-0.015000000000000001,1963.9494230121525,1178.3696538072913
-0.0090000000000000011,-0.015000000000000001,2344.1752025502606,1406.5051215301562
-0.0085000000000000006,-0.015000000000000001,2739.7345407219964,1643.8407244331977
-0.0080000000000000002,-0.015000000000000001,3137.7923569001191,1882.6754141400713
-0.0074999999999999997,-0.015000000000000001,3526.1265646675852,2115.6759388005512
-0.0069999999999999993,-0.015000000000000001,3895.2293285066071,2337.1375971039643
-0.0064999999999999988,-0.015000000000000001,4240.1525236614689,2544.0915141968812
-0.0059999999999999984,-0.015000000000000001,4561.6109135003717,2736.966548100223
-0.0054999999999999979,-0.015000000000000001,4865.9434081164354,2919.5660448698613
-0.005000000000000001,-0.015000000000000001,5163.744692199889,3098.2468153199334
-0.0044999999999999971,-0.015000000000000001,5467.2811678385096,3280.3687007031058
-0.0040000000000000001,-0.015000000000000001,5787.1283620754275,3472.2770172452565
-0.0035000000000000031,-0.015000000000000001,6128.7259400839494,3677.2355640503697
-0.0029999999999999992,-0.015000000000000001,6489.661025678346,3893.7966154070073
-0.0025000000000000022,-0.015000000000000001,6858.4105958015489,4115.0463574809291
-0.0019999999999999983,-0.015000000000000001,7214.9978641735743,4328.9987185041446
-0.0015000000000000013,-0.015000000000000001,7533.5989073287701,4520.1593443972615
-0.00099999999999999742,-0.015000000000000001,7786.6720530085904,4672.0032318051544
-0.00050000000000000044,-0.015000000000000001,7949.7919852829327,4769.8751911697591
0,-0.015000000000000001,8006.1596725554,4803.69580353324
0.00050000000000000044,-0.015000000000000001,7949.7919649562082,4769.8751789737244
0.0010000000000000009,-0.015000000000000001,7786.672005023087,4672.0032030138518
0.0015000000000000013,-0.015000000000000001,7533.5988153414137,4520.1592892048484
0.0020000000000000018,-0.015000000000000001,7214.9976993721302,4328.9986196232776
0.0024999999999999988,-0.015000000000000001,6858.4103115174103,4115.0461869104456
0.0030000000000000027,-0.015000000000000001,6489.6605499718562,3893.7963299831135
0.0034999999999999996,-0.015000000000000001,6128.7251664032665,3677.2350998419597
0.0040000000000000036,-0.015000000000000001,5787.1271384692091,3472.2762830815254
0.0045000000000000005,-0.015000000000000001,5467.279285763052,3280.3675714578312
0.0049999999999999975,-0.015000000000000001,5163.7418766504243,3098.2451259902546
0.0055000000000000014,-0.015000000000000001,4865.9393115112443,2919.5635869067464
0.0059999999999999984,-0.015000000000000001,4561.605116264881,2736.9630697589287
0.0064999999999999988,-0.015000000000000001,4240.1445445609197,2544.0867267365516
0.0069999999999999993,-0.015000000000000001,3895.2186472297717,2337.131188337863
0.0074999999999999997,-0.015000000000000001,3526.1126578210565,2115.6675946926339
0.0080000000000000002,-0.015000000000000001,3137.7747464516724,1882.6648478710033
0.0085000000000000006,-0.015000000000000001,2739.7128512773284,1643.8277107663969
0.0090000000000000011,-0.015000000000000001,2344.1492211403965,1406.4895326842379
0.0095000000000000015,-0.015000000000000001,1963.9191529536756,1178.3514917722052
0.010000000000000002,-0.015000000000000001,1610.5638010648056,966.33828063888336
0.010500000000000002,-0.015000000000000001,1292.9388052010859,775.76328312065152
0.011000000000000003,-0.015000000000000001,1016.4892234300775,609.8935340580465
0.011500000000000003,-0.015000000000000001,783.17585967069817,469.9055158024189
0.012000000000000004,-0.015000000000000001,591.91521317191632,355.1491279031498
0.012499999999999997,-0.015000000000000001,439.33250785817683,263.59950471490606
0.013000000000000005,-0.015000000000000001,320.62304970623813,192.37382982374288
0.013499999999999998,-0.015000000000000001,230.35617326554694,138.21370395932817
0.014000000000000005,-0.015000000000000001,163.11685875392828,97.870115252356968
0.014499999999999999,-0.015000000000000001,113.94251204365999,68.365507226195987
0.014999999999999999,-0.015000000000000001,78.56221280925152,47.137327685550908
0.0155,-0.015000000000000001,53.476485486736841,32.085891292042106
0.016000000000000007,-0.015000000000000001,35.927629252499941,21.556577551499963
0.016500000000000001,-0.015000000000000001,23.8084420761238,14.28506524567428
0.017000000000000001,-0.015000000000000001,15.546913451933507,9.3281480711601041
0.017500000000000002,-0.015000000000000001,9.9916643002763461,5.9949985801658077
0.017999999999999995,-0.015000000000000001,6.3113626496576751,3.7868175897946048
0.018500000000000003,-0.015000000000000001,3.91287080355798,2.3477224821347877
0.019000000000000003,-0.015000000000000001,2.3777657525804612,1.4266594515482767
0.019500000000000003,-0.015000000000000001,1.4144929422771886,0.84869576536631308
0.019999999999999997,-0.015000000000000001,0.82281967296856218,0.49369180378113731
0.020499999999999997,-0.015000000000000001,0.46758186250433464,0.28054911750260075
0.021000000000000005,-0.015000000000000001,0.2593579152090757,0.1556147491254454
0.021500000000000005,-0.015000000000000001,0.14032297243352618,0.084193783460115704
0.021999999999999999,-0.015000000000000001,0.074011074531183357,0.04440664471871001
0.022499999999999999,-0.015000000000000001,0.038036476463909015,0.022821885878345407
0.023000000000000007,-0.015000000000000001,0.019040362456470922,0.011424217473882553
0.023500000000000007,-0.015000000000000001,0.0092808874071979488,0.0055685324443187694
0.024,-0.015000000000000001,0.0044039021159492835,0.0026423412695695701
0.024500000000000001,-0.015000000000000001,0.0020339286542005878,0.0012203571925203526
0.025000000000000001,-0.015000000000000001,0.00091414920488016888,0.00054848952292810131
-0.025000000000000001,-0.014500000000000001,0.0014920942759559497,0.00089525656557356984
-0.024500000000000001,-0.014500000000000001,0.0033167653074990333,0.0019900591844994198
-0.024,-0.014500000000000001,0.0071743207459028582,0.0043045924475417149
-0.0235,-0.014500000000000001,0.015102385879190917,0.0090614315275145494
-0.023,-0.014500000000000001,0.030943843312932925,0.018566305987759754
-0.022500000000000003,-0.014500000000000001,0.06172335544694596,0.037034013268167576
-0.022000000000000002,-0.014500000000000001,0.11988799450130259,0.071932796700781551
-0.021500000000000002,-0.014500000000000001,0.22682121285056236,0.13609272771033742
-0.021000000000000001,-0.014500000000000001,0.41815444939794177,0.25089266963876505
-0.020500000000000001,-0.014500000000000001,0.75151384633565121,0.45090830780139068
-0.02,-0.014500000000000001,1.3174447772958846,0.79046686637753072
-0.0195,-0.014500000000000001,2.2543626711924132,1.352617602715448
-0.019,-0.014500000000000001,3.7685196614103766,2.261111796846226
-0.018500000000000003,-0.014500000000000001,6.1602183129750987,3.6961309877850592
-0.018000000000000002,-0.014500000000000001,9.8579261357124572,5.914755681427474
-0.017500000000000002,-0.014500000000000001,15.462590632264869,9.2775543793589215
-0.017000000000000001,-0.014500000000000001,23.805234296872538,14.283140578123522
-0.016500000000000001,-0.014500000000000001,36.021472919742152,21.612883751845292
-0.016,-0.014500000000000001,53.646229642079675,32.187737785247805
-0.0155,-0.014500000000000001,78.729514087250237,47.237708452350141
-0.015000000000000001,-0.014500000000000001,113.96842540005144,68.381055240030861
-0.014500000000000001,-0.014500000000000001,162.84055850860926,97.704335105165555
-0.014,-0.014500000000000001,229.70986463851429,137.82591878310856
-0.0135,-0.014500000000000001,319.85980794544395,191.91588476726636
-0.012999999999999999,-0.014500000000000001,439.39497724997085,263.63698634998252
-0.012500000000000001,-0.014500000000000001,594.94812292852248,356.9688737571135
-0.012,-0.014500000000000001,793.1428353331446,475.88570119988674
-0.0115,-0.014500000000000001,1039.7989725434513,623.8793835260708
-0.010999999999999999,-0.014500000000000001,1338.9294082557781,803.35764495346677
-0.010499999999999999,-0.014500000000000001,1691.6550893780152,1014.9930536268091
-0.010000000000000002,-0.014500000000000001,2095.2432374748896,1257.1459424849338
-0.0095000000000000015,-0.014500000000000001,2542.5253656468649,1525.5152193881188
-0.0090000000000000011,-0.014500000000000001,3021.9503162652327,1813.1701897591395
-0.0085000000000000006,-0.014500000000000001,3518.4528064780648,2111.0716838868389
-0.0080000000000000002,-0.014500000000000001,4015.1672384814965,2409.1003430888977
-0.0074999999999999997,-0.014500000000000001,4495.811009491912,2697.4866056951473
-0.0069999999999999993,-0.014500000000000001,4947.3465820983984,2968.407949259039
-0.0064999999999999988,-0.014500000000000001,5362.3681479178367,3217.420888750702
-0.0059999999999999984,-0.014500000000000001,5740.6073295269143,3444.3643977161487
-0.0054999999999999979,-0.014500000000000001,6089.0531909046704,3653.4319145428021
-0.005000000000000001,-0.014500000000000001,6420.4375076831002,3852.2625046098601
-0.0044999999999999971,-0.014500000000000001,6750.2037592225615,4050.1222555335366
-0.0040000000000000001,-0.014500000000000001,7092.4742092631977,4255.4845255579185
-0.0035000000000000031,-0.014500000000000001,7455.8488784772408,4473.5093270863445
-0.0029999999999999992,-0.014500000000000001,7840.015324029393,4704.0091944176356
-0.0025000000000000022,-0.014500000000000001,8234.0580378927407,4940.434822735644
-0.0019999999999999983,-0.014500000000000001,8617.0292343601359,5170.2175406160814
-0.0015000000000000013,-0.014500000000000001,8960.8429622729454,5376.5057773637673
-0.00099999999999999742,-0.014500000000000001,9234.9994994656936,5540.9996996794162
-0.00050000000000000044,-0.014500000000000001,9412.1787246587282,5647.3072347952366
0,-0.014500000000000001,9473.4870507171199,5684.0922304302721
0.00050000000000000044,-0.014500000000000001,9412.1786785325403,5647.3072071195238
0.0010000000000000009,-0.014500000000000001,9234.9993905751271,5540.9996343450757
0.0015000000000000013,-0.014500000000000001,8960.8427535316696,5376.5056521190018
0.0020000000000000018,-0.014500000000000001,8617.0288603863064,5170.217316231784
0.0024999999999999988,-0.014500000000000001,8234.0573927841451,4940.4344356704869
0.0030000000000000027,-0.014500000000000001,7840.0142445377733,4704.0085467226636
0.0034999999999999996,-0.014500000000000001,7455.8471228110147,4473.5082736866088
0.0040000000000000036,-0.014500000000000001,7092.4714326084959,4255.482859565097
0.0045000000000000005,-0.014500000000000001,6750.1994883439156,4050.1196930063493
0.0049999999999999975,-0.014500000000000001,6420.4311185290098,3852.2586711174058
0.0055000000000000014,-0.014500000000000001,6089.0438947292287,3653.4263368375373
0.0059999999999999984,-0.014500000000000001,5740.5941742152099,3444.3565045291257
0.0064999999999999988,-0.014500000000000001,5362.3500414332912,3217.4100248599748
0.0069999999999999993,-0.014500000000000001,4947.3223437305778,2968.3934062383464
0.0074999999999999997,-0.014500000000000001,4495.7794515361938,2697.467670921716
0.0080000000000000002,-0.014500000000000001,4015.1272761686118,2409.0763657011671
0.0085000000000000006,-0.014500000000000001,3518.4035879486933,2111.042152769216
0.0090000000000000011,-0.014500000000000001,3021.891358241915,1813.1348149451489
0.0095000000000000015,-0.014500000000000001,2542.4566756557201,1525.474005393432
0.010000000000000002,-0.014500000000000001,2095.1654015176819,1257.0992409106091
0.010500000000000002,-0.014500000000000001,1691.5693059602575,1014.9415835761545
0.011000000000000003,-0.014500000000000001,1338.8374559372321,803.30247356233929
0.011500000000000003,-0.014500000000000001,1039.7031079383266,623.82186476299592
0.012000000000000004,-0.014500000000000001,793.04562998601614,475.82737799160964
0.012499999999999997,-0.014500000000000001,594.85225832340154,356.91135499404089
0.013000000000000005,-0.014500000000000001,439.30302493142614,263.58181495885566
0.013499999999999998,-0.014500000000000001,319.77402452768996,191.86441471661396
0.014000000000000005,-0.014500000000000001,229.63202868130534,137.77921720878319
0.014499999999999999,-0.014500000000000001,162.77186851746359,97.663121110478144
0.014999999999999999,-0.014500000000000001,113.90946737673097,68.345680426038584
0.0155,-0.014500000000000001,78.680295557871162,47.208177334722699
0.016000000000000007,-0.014500000000000001,53.606267329172397,32.163760397503438
0.016500000000000001,-0.014500000000000001,35.989914963956892,21.593948978374133
0.017000000000000001,-0.014500000000000001,23.780995928861405,14.268597557316843
0.017500000000000002,-0.014500000000000001,15.444484147181582,9.2666904883089494
0.017999999999999995,-0.014500000000000001,9.8447708225269359,5.9068624935161615
0.018500000000000003,-0.014500000000000001,6.1509221335678301,3.6905532801406977
0.019000000000000003,-0.014500000000000001,3.7621304969700251,2.257278298182015
0.019500000000000003,-0.014500000000000001,2.2500917663078277,1.3500550597846965
0.019999999999999997,-0.014500000000000001,1.3146680578762588,0.78880083472575524
0.020499999999999997,-0.014500000000000001,0.74975802484601828,0.44985481490761098
0.021000000000000005,-0.014500000000000001,0.41707459553320386,0.2502447573199223
0.021500000000000005,-0.014500000000000001,0.22617528222215699,0.13570516933329418
0.021999999999999999,-0.014500000000000001,0.11951220639217909,0.071707323835307452
0.022499999999999999,-0.014500000000000001,0.061510719613465041,0.03690643176807902
0.023000000000000007,-0.014500000000000001,0.030826821684242434,0.018496093010545459
0.023500000000000007,-0.014500000000000001,0.015039748715050471,0.0090238492290302813
0.024,-0.014500000000000001,0.0071417119847092996,0.0042850271908255796
0.024500000000000001,-0.014500000000000001,0.0033002543302919672,0.0019801525981751802
0.025000000000000001,-0.014500000000000001,0.0014839632093268419,0.00089037792559610511
-0.025000000000000001,-0.014,0.0023617333597769977,0.0014170400158661986
-0.024500000000000001,-0.014,0.0052470649501534274,0.0031482389700920564
-0.024,-0.014,0.011342654880907415,0.0068055929285444489
-0.0235,-0.014,0.023859711858423699,0.014315827115054219
-0.023,-0.014,0.048844832295637818,0.029306899377382688
-0.022500000000000003,-0.014,0.09732845328414097,0.058397071970484576
-0.022000000000000002,-0.014,0.18880396869232541,0.11328238121539524
-0.021500000000000002,-0.014,0.3566453106864233,0.21398718641185396
-0.021000000000000001,-0.014,0.65621576103115553,0.3937294566186933
-0.020500000000000001,-0.014,1.176534251206186,0.70592055072371163
-0.02,-0.014,2.0564218348333929,1.2338531009000357
-0.0195,-0.014,3.5060440460864504,2.1036264276518701
-0.019,-0.014,5.8347297267882361,3.5008378360729417
-0.018500000000000003,-0.014,9.4859766000757872,5.6915859600454723
-0.018000000000000002,-0.014,15.080789848738082,9.0484739092428494
-0.017500000000000002,-0.014,23.47107371289319,14.082644227735914
-0.017000000000000001,-0.014,35.805705524710255,21.483423314826151
-0.016500000000000001,-0.014,53.612852686790724,32.167711612074434
-0.016,-0.014,78.902244796238151,47.341346877742886
-0.0155,-0.014,114.28913738968957,68.573482433813737
-0.015000000000000001,-0.014,163.13590878667674,97.881545272006036
-0.014500000000000001,-0.014,229.69617011409011,137.81770206845405
-0.014,-0.014,319.22971526550782,191.53782915930469
-0.0135,-0.014,438.03674027624123,262.82204416574473
-0.012999999999999999,-0.014,593.34189902965659,356.00513941779394
-0.012500000000000001,-0.014,792.95145954438328,475.77087572662992
-0.012,-0.014,1044.6201397167608,626.77208383005643
-0.0115,-0.014,1355.1063960151914,813.06383760911478
-0.010999999999999999,-0.014,1728.9679996355824,1037.3807997813494
-0.010499999999999999,-0.014,2167.2451561687258,1300.3470937012355
-0.010000000000000002,-0.014,2666.2752762999794,1599.7651657799877
-0.0095000000000000015,-0.014,3216.9506990600694,1930.1704194360416
-0.0090000000000000011,-0.014,3804.734289044759,2282.8405734268554
-0.0085000000000000006,-0.014,4410.662488731039,2646.3974932386232
-0.0080000000000000002,-0.014,5013.3864955551726,3008.0318973331036
-0.0074999999999999997,-0.014,5592.0544592951137,3355.2326755770682
-0.0069999999999999993,-0.014,6129.5753606858843,3677.7452164115307
-0.0064999999999999988,-0.014,6615.6024128178015,3969.3614476906805
-0.0059999999999999984,-0.014,7048.5040925994235,4229.1024555596541
-0.0054999999999999979,-0.014,7435.703606485753,4461.4221638914514
-0.005000000000000001,-0.014,7792.0668754174167,4675.2401252504496
-0.0044999999999999971,-0.014,8136.4541899129827,4881.8725139477892
-0.0040000000000000001,-0.014,8487.0222803680117,5092.2133682208068
-0.0035000000000000031,-0.014,8856.2469010403693,5313.7481406242214
-0.0029999999999999992,-0.014,9246.814906338368,5548.0889438030208
-0.0025000000000000022,-0.014,9649.4370366872045,5789.6622220123227
-0.0019999999999999983,-0.014,10043.256085674126,6025.9536514044748
-0.0015000000000000013,-0.014,10398.945087206208,6239.3670523237242
-0.00099999999999999742,-0.014,10683.944369124123,6410.3666214744735
-0.00050000000000000044,-0.014,10868.740318797551,6521.2441912785298
0,-0.014,10932.790757974779,6559.6744547848675
0.00050000000000000044,-0.014,10868.740216993741,6521.2441301962444
0.0010000000000000009,-0.014,10683.944128794828,6410.3664772768971
0.0015000000000000013,-0.014,10398.944626499228,6239.3667758995362
0.0020000000000000018,-0.014,10043.255260287036,6025.9531561722215
0.0024999999999999988,-0.014,9649.4356128862055,5789.6613677317227
0.0030000000000000027,-0.014,9246.8125238228477,5548.0875142937084
0.0034999999999999996,-0.014,8856.2430261589234,5313.7458156953535
0.0040000000000000036,-0.014,8487.0161520916809,5092.2096912550087
0.0045000000000000005,-0.014,8136.4447637770973,4881.8668582662585
0.0049999999999999975,-0.014,7792.0527740954958,4675.2316644572975
0.0055000000000000014,-0.014,7435.6830891589461,4461.4098534953673
0.0059999999999999984,-0.014,7048.4750578817329,4229.0850347290398
0.0064999999999999988,-0.014,6615.5624505060796,3969.3374703036475
0.0069999999999999993,-0.014,6129.521864867409,3677.7131189204451
0.0074999999999999997,-0.014,5591.9848086204865,3355.1908851722919
0.0080000000000000002,-0.014,5013.2982958607181,3007.9789775164309
0.0085000000000000006,-0.014,4410.5538599020565,2646.3323159412339
0.0090000000000000011,-0.014,3804.6041644531892,2282.7624986719134
0.0095000000000000015,-0.014,3216.7990953165986,1930.0794571899592
0.010000000000000002,-0.014,2666.103486752585,1599.6620920515509
0.010500000000000002,-0.014,2167.0558260051494,1300.2334956030895
0.011000000000000003,-0.014,1728.7650542649433,1037.2590325589658
0.011500000000000003,-0.014,1354.8948159471092,812.93688956826554
0.012000000000000004,-0.014,1044.4056005347886,626.64336032087317
0.012499999999999997,-0.014,792.73987947630553,475.6439276857833
0.013000000000000005,-0.014,593.13895365901851,355.88337219541108
0.013499999999999998,-0.014,437.84741011266971,262.70844606760181
0.014000000000000005,-0.014,319.05792571811185,191.43475543086711
0.014499999999999999,-0.014,229.54456637061799,137.72673982237077
0.014999999999999999,-0.014,163.00578419510211,97.803470517061257
0.0155,-0.014,114.18050856069128,68.508305136414762
0.016000000000000007,-0.014,78.814045101734195,47.288427061040515
0.016500000000000001,-0.014,53.543202012018853,32.125921207211313
0.017000000000000001,-0.014,35.752209705816547,21.451325823489928
0.017500000000000002,-0.014,23.431111399986143,14.058666839991686
0.017999999999999995,-0.014,15.051755127780783,9.0310530766684689
0.018500000000000003,-0.014,9.4654592645131679,5.6792755587079009
0.019000000000000003,-0.014,5.8206283820266638,3.4923770292159984
0.019500000000000003,-0.014,3.4966178522885478,2.0979707113731285
0.019999999999999997,-0.014,2.0502934156624848,1.2301760493974909
0.020499999999999997,-0.014,1.1726590270831776,0.70359541624990651
0.021000000000000005,-0.014,0.65383244600131873,0.39229946760079121
0.021500000000000005,-0.014,0.35521969540163317,0.2131318172409799
0.021999999999999999,-0.014,0.1879745773480381,0.11278474640882286
0.022499999999999999,-0.014,0.096859150729077012,0.058115490437446203
0.023000000000000007,-0.014,0.048586557157138874,0.029151934294283324
0.023500000000000007,-0.014,0.023721467138839877,0.014232880283303925
0.024,-0.014,0.011270685003135264,0.0067624110018811578
0.024500000000000001,-0.014,0.0052106240377115861,0.0031263744226269516
0.025000000000000001,-0.014,0.0023437875117890755,0.0014062725070734452
-0.025000000000000001,-0.0135,0.0036399083179240919,0.0021839449907544552
-0.024500000000000001,-0.0135,0.0080824832604539584,0.0048494899562723749
-0.024,-0.0135,0.017461775699385076,0.010477065419631046
-0.0235,-0.0135,0.036707188930618466,0.02202431335837108
-0.023,-0.0135,0.075088239650332692,0.045052943790199612
-0.022500000000000003,-0.0135,0.14948617792061067,0.089691706752366401
-0.022000000000000002,-0.0135,0.28966953704111076,0.17380172222466644
-0.021500000000000002,-0.0135,0.54646101977826289,0.32787661186695771
-0.021000000000000001,-0.0135,1.0038613839863693,0.60231683039182149
-0.020500000000000001,-0.0135,1.7962914630412861,1.0777748778247715
-0.02,-0.0135,3.1320674919818314,1.8792404951890989
-0.0195,-0.0135,5.3240039920585822,3.1944023952351492
-0.019,-0.0135,8.8276731881437893,5.2966039128862734
-0.018500000000000003,-0.0135,14.287470829139398,8.5724824974836391
-0.018000000000000002,-0.0135,22.590480981446692,13.554288588868015
-0.017500000000000002,-0.0135,34.92847607291516,20.957085643749096
-0.017000000000000001,-0.0135,52.869398963525178,31.721639378115107
-0.016500000000000001,-0.0135,78.441155886706127,47.064693532023675
-0.016,-0.0135,114.23167611113161,68.53900566667896
-0.0155,-0.0135,163.50836030116102,98.105016180696609
-0.015000000000000001,-0.0135,230.35503532860923,138.21302119716555
-0.014500000000000001,-0.0135,319.81322405362175,191.88793443217304
-0.014,-0.0135,437.99608007800333,262.79764804680201
-0.0135,-0.0135,592.11968575125491,355.27181145075292
-0.012999999999999999,-0.0135,790.37354598885247,474.22412759331144
-0.012500000000000001,-0.0135,1041.5401407689496,624.92408446136972
-0.012,-0.0135,1354.2847770504056,812.57086623024338
-0.0115,-0.0135,1736.082522618552,1041.6495135711311
-0.010999999999999999,-0.0135,2191.8323598100815,1315.0994158860487
-0.010499999999999999,-0.0135,2722.3209897683441,1633.3925938610064
-0.010000000000000002,-0.0135,3322.8158585896763,1993.6895151538056
-0.0095000000000000015,-0.0135,3982.1520627433811,2389.2912376460285
-0.0090000000000000011,-0.0135,4682.6897237707581,2809.6138342624549
-0.0085000000000000006,-0.0135,5401.4255581258094,3240.8553348754854
-0.0080000000000000002,-0.0135,6112.3374074864123,3667.4024444918473
-0.0074999999999999997,-0.0135,6789.7510349211016,4073.8506209526608
-0.0069999999999999993,-0.0135,7412.2078023896793,4447.3246814338072
-0.0064999999999999988,-0.0135,7966.0669161110764,4779.6401496666458
-0.0059999999999999984,-0.0135,8447.9841636803176,5068.79049820819
-0.0054999999999999979,-0.0135,8865.5296798291056,5319.3178078974634
-0.005000000000000001,-0.0135,9235.546576093453,5541.3279456560713
-0.0044999999999999971,-0.0135,9580.3521938532376,5748.211316311942
-0.0040000000000000001,-0.0135,9922.4295915261682,5953.4577549157011
-0.0035000000000000031,-0.0135,10278.704278504576,6167.2225671027454
-0.0029999999999999992,-0.0135,10655.715787315185,6393.4294723891107
-0.0025000000000000022,-0.0135,11046.892084349831,6628.1352506098983
-0.0019999999999999983,-0.0135,11432.714303738861,6859.6285822433165
-0.0015000000000000013,-0.0135,11783.905659497654,7070.3433956985918
-0.00099999999999999742,-0.0135,12067.048328798628,7240.2289972791768
-0.00050000000000000044,-0.0135,12251.413398700521,7350.8480392203119
0,-0.0135,12315.449312407398,7389.269587444438
0.00050000000000000044,-0.0135,12251.413180167661,7350.8479081005962
0.0010000000000000009,-0.0135,12067.047812905865,7240.228687743519
0.0015000000000000013,-0.0135,11783.904670540398,7070.3428023242386
0.0020000000000000018,-0.0135,11432.712531956397,6859.6275191738378
0.0024999999999999988,-0.0135,11046.889028007319,6628.1334168043913
0.0030000000000000027,-0.0135,10655.710672988478,6393.426403793087
0.0034999999999999996,-0.0135,10278.695960653335,6167.2175763920004
0.0040000000000000036,-0.0135,9922.4164365196157,5953.4498619117694
0.0045000000000000005,-0.0135,9580.3319596352103,5748.1991757811256
0.0049999999999999975,-0.0135,9235.5163060840059,5541.309783650403
0.0055000000000000014,-0.0135,8865.4856371727037,5319.2913823036224
0.0059999999999999984,-0.0135,8447.9218375251039,5068.753102515062
0.0064999999999999988,-0.0135,7965.9811326958697,4779.5886796175218
0.0069999999999999993,-0.0135,7412.0929678415632,4447.2557807049379
0.0074999999999999997,-0.0135,6789.6015222306733,4073.760913338404
0.0080000000000000002,-0.0135,6112.1480773229441,3667.2888463937666
0.0085000000000000006,-0.0135,5401.1923746201792,3240.7154247721073
0.0090000000000000011,-0.0135,4682.4103972907142,2809.4462383744285
0.0095000000000000015,-0.0135,3981.8266289455523,2389.0959773673312
0.010000000000000002,-0.0135,3322.4470937850892,1993.4682562710534
0.010500000000000002,-0.0135,2721.9145721379841,1633.1487432827905
0.011000000000000003,-0.0135,2191.3967156682793,1314.8380294009676
0.011500000000000003,-0.0135,1735.6283431667523,1041.3770059000512
0.012000000000000004,-0.0135,1353.8242455412658,812.29454732475949
0.012499999999999997,-0.0135,1041.0859613171554,624.65157679029323
0.013000000000000005,-0.0135,789.93790184705119,473.96274110823072
0.013499999999999998,-0.0135,591.7132681208991,355.02796087253944
0.014000000000000005,-0.0135,437.62731527341356,262.57638916404812
0.014499999999999999,-0.0135,319.48779025579069,191.6926741534744
0.014999999999999999,-0.0135,230.07570884855363,138.04542530913218
0.0155,-0.0135,163.27517679549575,97.965106077297449
0.016000000000000007,-0.0135,114.04234594755859,68.425407568535149
0.016500000000000001,-0.0135,78.291643195968192,46.974985917580916
0.017000000000000001,-0.0135,52.754564414510035,31.65273864870602
0.017500000000000002,-0.0135,34.842692655160576,20.905615593096346
0.017999999999999995,-0.0135,22.528154819218219,13.516892891530931
0.018500000000000003,-0.0135,14.24342815393506,8.5460568923610349
0.019000000000000003,-0.0135,8.7974031296665345,5.2784418777999207
0.019500000000000003,-0.0135,5.3037696497100546,3.1822617898260326
0.019999999999999997,-0.0135,3.1189121787962373,1.8713473072777422
0.020499999999999997,-0.0135,1.7879728762114919,1.0727837257268951
0.021000000000000005,-0.0135,0.99874534104559454,0.5992472046273567
0.021500000000000005,-0.0135,0.54340078270397674,0.32604046962238603
0.021999999999999999,-0.0135,0.28788915900507195,0.17273349540304317
0.022499999999999999,-0.0135,0.14847876933472709,0.089087261600836257
0.023000000000000007,-0.0135,0.074533824190122042,0.044720294514073222
0.023500000000000007,-0.0135,0.036410431719393128,0.021846259031635878
0.024,-0.0135,0.01730728458909752,0.010384370753458511
0.024500000000000001,-0.0135,0.0080042589088598591,0.0048025553453159156
0.025000000000000001,-0.0135,0.0036013856183374259,0.0021608313710024555
-0.025000000000000001,-0.012999999999999999,0.0054637640677949236,0.0032782584406769542
-0.024500000000000001,-0.012999999999999999,0.012125455024022468,0.0072752730144134805
-0.024,-0.012999999999999999,0.026180647758530944,0.015708388655118567
-0.0235,-0.012999999999999999,0.054999765752152423,0.032999859451291455
-0.023,-0.012999999999999999,0.11242646608721253,0.067455879652327522
-0.022500000000000003,-0.012999999999999999,0.2236360431043197,0.1341816258625918
-0.022000000000000002,-0.012999999999999999,0.4329424482963557,0.25976546897781339
-0.021500000000000002,-0.012999999999999999,0.8158258065033458,0.48949548390200748
-0.021000000000000001,-0.012999999999999999,1.496666319272886,0.89799979156373155
-0.020500000000000001,-0.012999999999999999,2.6737201989749537,1.6042321193849722
-0.02,-0.012999999999999999,4.6526484743913255,2.7915890846347953
-0.0195,-0.012999999999999999,7.8893322195990789,4.7335993317594474
-0.019,-0.012999999999999999,13.041796252833587,7.8250777517001513
-0.018500000000000003,-0.012999999999999999,21.02999849078407,12.617999094470441
-0.018000000000000002,-0.012999999999999999,33.101397839339704,19.860838703603822
-0.017500000000000002,-0.012999999999999999,50.900097881104593,30.540058728662753
-0.017000000000000001,-0.012999999999999999,76.538423043679316,45.923053826207585
-0.016500000000000001,-0.012999999999999999,112.67206369940605,67.603238219643629
-0.016,-0.012999999999999999,162.58266565801441,97.549599394808638
-0.0155,-0.012999999999999999,230.27308409232748,138.16385045539647
-0.015000000000000001,-0.012999999999999999,320.57762831672244,192.34657699003347
-0.014500000000000001,-0.012999999999999999,439.27940780084481,263.56764468050687
-0.014,-0.012999999999999999,593.2075091053415,355.92450546320487
-0.0135,-0.012999999999999999,790.25953960813661,474.15572376488194
-0.012999999999999999,-0.012999999999999999,1039.2663284880298,623.5597970928178
-0.012500000000000001,-0.012999999999999999,1349.5968864554325,809.75813187325946
-0.012,-0.012999999999999999,1730.4081797228469,1038.2449078337081
-0.0115,-0.012999999999999999,2189.4898171907134,1313.693890314428
-0.010999999999999999,-0.012999999999999999,2731.744503908777,1639.0467023452661
-0.010499999999999999,-0.012999999999999999,3357.4726693706261,2014.4836016223755
-0.010000000000000002,-0.012999999999999999,4060.7674127884438,2436.460447673066
-0.0095000000000000015,-0.012999999999999999,4828.4313062754336,2897.0587837652602
-0.0090000000000000011,-0.012999999999999999,5639.8510680850977,3383.9106408510584
-0.0085000000000000006,-0.012999999999999999,6468.1709787002328,3880.9025872201396
-0.0080000000000000002,-0.012999999999999999,7282.880096780138,4369.7280580680826
-0.0074999999999999997,-0.012999999999999999,8053.6011973334553,4832.1607184000732
-0.0069999999999999993,-0.012999999999999999,8754.5120992737357,5252.7072595642412
-0.0064999999999999988,-0.012999999999999999,9368.5422073976661,5621.1253244385998
-0.0059999999999999984,-0.012999999999999999,9890.3696919431022,5934.2218151658608
-0.0054999999999999979,-0.012999999999999999,10327.367208805814,6196.4203252834877
-0.005000000000000001,-0.012999999999999999,10698.015724255845,6418.8094345535073
-0.0044999999999999971,-0.012999999999999999,11027.862771609405,6616.7176629656433
-0.0040000000000000001,-0.012999999999999999,11343.714736100168,6806.2288416601004
-0.0035000000000000031,-0.012999999999999999,11667.260188207021,7000.3561129242125
-0.0029999999999999992,-0.012999999999999999,12009.571747935668,7205.743048761401
-0.0025000000000000022,-0.012999999999999999,12367.833683124602,7420.7002098747607
-0.0019999999999999983,-0.012999999999999999,12725.187766258789,7635.1126597552729
-0.0015000000000000013,-0.012999999999999999,13053.875637488507,7832.3253824931035
-0.00099999999999999742,-0.012999999999999999,13321.055063762997,7992.633038257798
-0.00050000000000000044,-0.012999999999999999,13495.986905140649,8097.5921430843891
0,-0.012999999999999999,13556.913486612579,8134.1480919675469
0.00050000000000000044,-0.012999999999999999,13495.986448887639,8097.591869332583
0.0010000000000000009,-0.012999999999999999,13321.053986681838,7992.6323920091027
0.0015000000000000013,-0.012999999999999999,13053.873572743072,7832.3241436458429
0.0020000000000000018,-0.012999999999999999,12725.184067130509,7635.1104402783048
0.0024999999999999988,-0.012999999999999999,12367.827302091226,7420.6963812547347
0.0030000000000000027,-0.012999999999999999,12009.561070241914,7205.7366421451488
0.0034999999999999996,-0.012999999999999999,11667.242822193188,7000.3456933159123
0.0040000000000000036,-0.012999999999999999,11343.687271071147,6806.2123626426883
0.0045000000000000005,-0.012999999999999999,11027.820526599244,6616.6923159595462
0.0049999999999999975,-0.012999999999999999,10697.952526515506,6418.7715159093032
0.0055000000000000014,-0.012999999999999999,10327.275256526524,6196.3651539159137
0.0059999999999999984,-0.012999999999999999,9890.2395673661704,5934.1437404197022
0.0064999999999999988,-0.012999999999999999,9368.3631087419981,5621.0178652451987
0.0069999999999999993,-0.012999999999999999,8754.2723476487681,5252.5634085892607
0.0074999999999999997,-0.012999999999999999,8053.2890446662313,4831.9734267997383
0.0080000000000000002,-0.012999999999999999,7282.4848131734916,4369.490887904095
0.0085000000000000006,-0.012999999999999999,6467.6841380646574,3880.6104828387943
0.0090000000000000011,-0.012999999999999999,5639.2678901252766,3383.5607340751658
0.0095000000000000015,-0.012999999999999999,4827.7518654352962,2896.6511192611774
0.010000000000000002,-0.012999999999999999,4059.9975054514866,2435.9985032708919
0.010500000000000002,-0.012999999999999999,3356.6241504458549,2013.9744902675129
0.011000000000000003,-0.012999999999999999,2730.8349658593147,1638.5009795155888
0.011500000000000003,-0.012999999999999999,2188.5415811120952,1313.1249486672571
0.012000000000000004,-0.012999999999999999,1729.4466818158462,1037.6680090895077
0.012499999999999997,-0.012999999999999999,1348.648650376819,809.18919022609134
0.013000000000000005,-0.012999999999999999,1038.3567904385677,623.01407426314063
0.013499999999999998,-0.012999999999999999,789.41102068336977,473.64661241002182
0.014000000000000005,-0.012999999999999999,592.43760176837964,355.46256106102777
0.014499999999999999,-0.012999999999999999,438.59996696070067,263.15998017642039
0.014999999999999999,-0.012999999999999999,319.99445035687842,191.99667021412705
0.0155,-0.012999999999999999,229.7862434566814,137.87174607400883
0.016000000000000007,-0.012999999999999999,162.18738205114929,97.312429230689574
0.016500000000000001,-0.012999999999999999,112.35991103153886,67.415946618923314
0.017000000000000001,-0.012999999999999999,76.298671416834281,45.779202850100567
0.017500000000000002,-0.012999999999999999,50.720999220123367,30.432599532074018
0.017999999999999995,-0.012999999999999999,32.971273247764721,19.782763948658832
0.018500000000000003,-0.012999999999999999,20.938046172240512,12.562827703344306
0.019000000000000003,-0.012999999999999999,12.978598410138565,7.7871590460831381
0.019500000000000003,-0.012999999999999999,7.8470869498801541,4.7082521699280919
0.019999999999999997,-0.012999999999999999,4.6251828051745818,2.7751096831047488
0.020499999999999997,-0.012999999999999999,2.6563526493777374,1.5938115896266425
0.021000000000000005,-0.012999999999999999,1.4859850423524892,0.89159102541149349
0.021500000000000005,-0.012999999999999999,0.8094366420629947,0.4856619852377968
0.021999999999999999,-0.012999999999999999,0.42922537417362616,0.25753522450417571
0.022499999999999999,-0.012999999999999999,0.22153277497260632,0.13291966498356378
0.023000000000000007,-0.012999999999999999,0.11126895722186285,0.066761374333117712
0.023500000000000007,-0.012999999999999999,0.054380195903362016,0.032628117542017207
0.024,-0.012999999999999999,0.025858101143925921,0.015514860686355552
0.024500000000000001,-0.012999999999999999,0.011962138185018678,0.0071772829110112067
0.025000000000000001,-0.012999999999999999,0.0053833363570095034,0.0032300018142057021
-0.025000000000000001,-0.012500000000000001,0.0079911873279754492,0.0047947123967852692
-0.024500000000000001,-0.012500000000000001,0.017722730383011406,0.010633638229806843
-0.024,-0.012500000000000001,0.038240491075459238,0.022944294645275542
-0.0235,-0.012500000000000001,0.080279515736332283,0.048167709441799371
-0.023,-0.012500000000000001,0.16398168586518885,0.098389011519113306
-0.022500000000000003,-0.012500000000000001,0.32592936865585598,0.19555762119351358
-0.022000000000000002,-0.012500000000000001,0.63041506309321005,0.37824903785592601
-0.021500000000000002,-0.012500000000000001,1.1867341085934626,0.71204046515607755
-0.021000000000000001,-0.012500000000000001,2.1745383678524228,1.3047230207114537
-0.020500000000000001,-0.012500000000000001,3.8792543394733223,2.3275526036839933
-0.02,-0.012500000000000001,6.7390632730623672,4.0434379638374205
-0.0195,-0.012500000000000001,11.403818664965574,6.8422911989793436
-0.019,-0.012500000000000001,18.804533560140502,11.282720136084301
-0.018500000000000003,-0.012500000000000001,30.229953523053965,18.13797211383238
-0.018000000000000002,-0.012500000000000001,47.404809896003741,28.442885937602245
-0.017500000000000002,-0.012500000000000001,72.563464865148092,43.538078919088854
-0.017000000000000001,-0.012500000000000001,108.51369067510757,65.108214405064544
-0.016500000000000001,-0.012500000000000001,158.68872049312552,95.213232295875301
-0.016,-0.012500000000000001,227.19090237745189,136.31454142647112
-0.0155,-0.012500000000000001,318.8352087283007,191.30112523698043
-0.015000000000000001,-0.012500000000000001,439.20189053060182,263.52113431836108
-0.014500000000000001,-0.012500000000000001,594.70035741291429,356.82021444774858
-0.014,-0.012500000000000001,792.62757393625395,475.57654436175233
-0.0135,-0.012500000000000001,1041.1740663910841,624.70443983465043
-0.012999999999999999,-0.012500000000000001,1349.2950905466018,809.57705432796104
-0.012500000000000001,-0.012500000000000001,1726.3365043788926,1035.8019026273355
-0.012,-0.012500000000000001,2181.3023327131459,1308.7813996278876
-0.0115,-0.012500000000000001,2721.6916318140989,1633.0149790884593
-0.010999999999999999,-0.012500000000000001,3351.9256845057694,2011.1554107034615
-0.010499999999999999,-0.012500000000000001,4071.5260337903073,2442.9156202741842
-0.010000000000000002,-0.012500000000000001,4873.3613015502988,2924.0167809301793
-0.0095000000000000015,-0.012500000000000001,5742.4086506689337,3445.4451904013599
-0.0090000000000000011,-0.012500000000000001,6655.5180402201431,3993.3108241320856
-0.0085000000000000006,-0.012500000000000001,7582.5776545056688,4549.5465927034011
-0.0080000000000000002,-0.012500000000000001,8489.240891703419,5093.5445350220516
-0.0074999999999999997,-0.012500000000000001,9341.0184752359091,5604.6110851415451
-0.0069999999999999993,-0.012500000000000001,10108.140940355914,6064.8845642135484
-0.0064999999999999988,-0.012500000000000001,10770.267520339608,6462.1605122037645
-0.0059999999999999984,-0.012500000000000001,11319.971067112896,6791.9826402677372
-0.0054999999999999979,-0.012500000000000001,11764.044753579261,7058.426852147556
-0.005000000000000001,-0.012500000000000001,12122.068237891564,7273.2409427349385
-0.0044999999999999971,-0.012500000000000001,12422.270682693828,7453.3624096162966
-0.0040000000000000001,-0.012500000000000001,12695.395852370124,7617.237511422074
-0.0035000000000000031,-0.012500000000000001,12967.83324213547,7780.6999452812815
-0.0029999999999999992,-0.012500000000000001,13255.563627189458,7953.3381763136749
-0.0025000000000000022,-0.012500000000000001,13560.374783172261,8136.2248699033562
-0.0019999999999999983,-0.012500000000000001,13869.328449822231,8321.5970698933379
-0.0015000000000000013,-0.012500000000000001,14157.70420063707,8494.6225203822414
-0.00099999999999999742,-0.012500000000000001,14394.794901875954,8636.8769411255726
-0.00050000000000000044,-0.012500000000000001,14551.202836348775,8730.7217018092651
0,-0.012500000000000001,14605.881550970749,8763.5289305824499
0.00050000000000000044,-0.012500000000000001,14551.201909879544,8730.721145927726
0.0010000000000000009,-0.012500000000000001,14394.792714750549,8636.8756288503282
0.0015000000000000013,-0.012500000000000001,14157.700007956537,8494.6200047739221
0.0020000000000000018,-0.012500000000000001,13869.320938357198,8321.5925630143174
0.0024999999999999988,-0.012500000000000001,13560.361825819749,8136.2170954918492
0.0030000000000000027,-0.012500000000000001,13255.541945020781,7953.3251670124682
0.0034999999999999996,-0.012500000000000001,12967.797978636629,7780.678787181977
0.0040000000000000036,-0.012500000000000001,12695.340081769687,7617.2040490618119
0.0045000000000000005,-0.012500000000000001,12422.184899803142,7453.3109398818851
0.0049999999999999975,-0.012500000000000001,12121.939908301136,7273.1639449806817
0.0055000000000000014,-0.012500000000000001,11763.858034904244,7058.3148209425462
0.0059999999999999984,-0.012500000000000001,11319.706835613908,6791.8241013683446
0.0064999999999999988,-0.012500000000000001,10769.903841875706,6461.9423051254234
0.0069999999999999993,-0.012500000000000001,10107.654099724074,6064.5924598344436
0.0074999999999999997,-0.012500000000000001,9340.3846167510692,5604.2307700506417
0.0080000000000000002,-0.012500000000000001,8488.438227192426,5093.0629363154558
0.0085000000000000006,-0.012500000000000001,7581.5890739166598,4548.9534443499961
0.0090000000000000011,-0.012500000000000001,6654.3338366658618,3992.6003019995169
0.0095000000000000015,-0.012500000000000001,5741.0289753155294,3444.6173851893177
0.010000000000000002,-0.012500000000000001,4871.7979245578426,2923.0787547347054
0.010500000000000002,-0.012500000000000001,4069.8030277855987,2441.881816671359
0.011000000000000003,-0.012500000000000001,3350.0787728164869,2010.0472636898921
0.011500000000000003,-0.012500000000000001,2719.7661397482798,1631.8596838489677
0.012000000000000004,-0.012500000000000001,2179.3499111242859,1307.6099466745716
0.012499999999999997,-0.012500000000000001,1724.4110123130797,1034.6466073878478
0.013000000000000005,-0.012500000000000001,1347.4481788573203,808.46890731439214
0.013499999999999998,-0.012500000000000001,1039.4510603863782,623.67063623182696
0.014000000000000005,-0.012500000000000001,791.06419694379042,474.63851816627425
0.014499999999999999,-0.012500000000000001,593.32068205949588,355.99240923569749
0.014999999999999999,-0.012500000000000001,438.01768697627466,262.8106121857648
0.0155,-0.012500000000000001,317.84662813914878,190.70797688348927
0.016000000000000007,-0.012500000000000001,226.38823786601921,135.83294271961151
0.016500000000000001,-0.012500000000000001,158.05486200697865,94.832917204187183
0.017000000000000001,-0.012500000000000001,108.02685003946102,64.816110023676615
0.017500000000000002,-0.012500000000000001,72.199786390457803,43.319871834274679
0.017999999999999995,-0.012500000000000001,47.140578367278401,28.28434702036704
0.018500000000000003,-0.012500000000000001,30.0432347683243,18.025940860994581
0.019000000000000003,-0.012500000000000001,18.676203761865533,11.205722257119319
0.019500000000000003,-0.012500000000000001,11.318035247210878,6.7908211483265264
0.019999999999999997,-0.012500000000000001,6.6832913726340344,4.0099748235804205
0.020499999999999997,-0.012500000000000001,3.8439877221126837,2.3063926332676101
0.021000000000000005,-0.012500000000000001,2.1528489231805779,1.2917093539083466
0.021500000000000005,-0.012500000000000001,1.1737602451068148,0.70425614706408879
0.021999999999999999,-0.012500000000000001,0.62286715715209751,0.37372029429125847
0.022499999999999999,-0.012500000000000001,0.3216584637712771,0.19299507826276627
0.023000000000000007,-0.012500000000000001,0.16163124362131948,0.096978746172791688
0.023500000000000007,-0.012500000000000001,0.079021414663227457,0.047412848797936474
0.024,-0.012500000000000001,0.037585526598486546,0.022551315959091926
0.024500000000000001,-0.012500000000000001,0.017391098540680872,0.010434659124408522
0.025000000000000001,-0.012500000000000001,0.0078278704889716607,0.0046967222933829962
-0.025000000000000001,-0.012,0.011394647913986745,0.006836788748392047
-0.024500000000000001,-0.012,0.025250453601140945,0.015150272160684566
-0.024,-0.012,0.054440101755317417,0.032664061053190446
-0.0235,-0.012,0.11419809416160696,0.068518856496964181
-0.023,-0.012,0.23307869241026022,0.13984721544615614
-0.022500000000000003,-0.012,0.46288137265416007,0.27772882359249601
-0.022000000000000002,-0.012,0.89451437798162492,0.53670862678897491
-0.021500000000000002,-0.012,1.6822547686961116,1.009352861217667
-0.021000000000000001,-0.012,3.07915021227481,1.8474901273648858
-0.020500000000000001,-0.012,5.4861390495201494,3.2916834297120894
-0.02,-0.012,9.5165492259739093,5.7099295355843456
-0.0195,-0.012,16.075733890358514,9.6454403342151078
-0.019,-0.012,26.452671751638299,15.871603050982978
-0.018500000000000003,-0.012,42.416736481536702,25.450041888922019
-0.018000000000000002,-0.012,66.309355131017071,39.78561307861024
-0.017500000000000002,-0.012,101.11823885415538,60.670943312493222
-0.017000000000000001,-0.012,150.52277065762243,90.313662394573456
-0.016500000000000001,-0.012,218.90403764633885,131.3424225878033
-0.016,-0.012,311.32169860639692,186.79301916383815
-0.0155,-0.012,433.47014170705279,260.08208502423167
-0.015000000000000001,-0.012,591.63368477018207,354.98021086210923
-0.014500000000000001,-0.012,792.65887106660762,475.59532263996454
-0.014,-0.012,1043.9457697842254,626.36746187053518
-0.0135,-0.012,1353.4278741967807,812.05672451806845
-0.012999999999999999,-0.012,1729.4668978701511,1037.6801387220905
-0.012500000000000001,-0.012,2180.5483004309399,1308.3289802585639
-0.012,-0.012,2714.6465984905713,1628.7879590943428
-0.0115,-0.012,3338.1586664589227,2002.8951998753535
-0.010999999999999999,-0.012,4054.3926832520037,2432.6356099512022
-0.010499999999999999,-0.012,4861.7466093791727,2917.0479656275033
-0.010000000000000002,-0.012,5751.885039902113,3451.1310239412678
-0.0095000000000000015,-0.012,6708.3755986864398,4025.0253592118638
-0.0090000000000000011,-0.012,7706.3124500561207,4623.7874700336724
-0.0085000000000000006,-0.012,8713.3801796630851,5228.0281077978507
-0.0080000000000000002,-0.012,9692.5733895403118,5815.5440337241871
-0.0074999999999999997,-0.012,10606.412980275583,6363.8477881653498
-0.0069999999999999993,-0.012,11422.070071729937,6853.2420430379616
-0.0064999999999999988,-0.012,12116.441971121067,7269.86518267264
-0.0059999999999999984,-0.012,12680.046308535344,7608.0277851212059
-0.0054999999999999979,-0.012,13118.698896169562,7871.2193377017375
-0.005000000000000001,-0.012,13452.336588601085,8071.4019531606509
-0.0044999999999999971,-0.012,13710.969301216883,8226.5815807301296
-0.0040000000000000001,-0.012,13928.448792936391,8357.0692757618344
-0.0035000000000000031,-0.012,14135.338337519253,8481.2030025115509
-0.0029999999999999992,-0.012,14352.481636666804,8611.4889820000826
-0.0025000000000000022,-0.012,14586.791608213176,8752.074964927906
-0.0019999999999999983,-0.012,14830.303189022789,8898.1819134136731
-0.0015000000000000013,-0.012,15062.763435181494,9037.6580611088957
-0.00099999999999999742,-0.012,15257.158570739412,9154.2951424436469
-0.00050000000000000044,-0.012,15386.829560435521,9232.0977362613121
0,-0.012,15432.407589064576,9259.4445534387451
0.00050000000000000044,-0.012,15386.827730682287,9232.0966384093717
0.0010000000000000009,-0.012,15257.154251222209,9154.2925507333257
0.0015000000000000013,-0.012,15062.755154743783,9037.6530928462689
0.0020000000000000018,-0.012,14830.288354069877,8898.1730124419264
0.0024999999999999988,-0.012,14586.766017770628,8752.0596106623761
0.0030000000000000027,-0.012,14352.438814933628,8611.4632889601762
0.0034999999999999996,-0.012,14135.268693003482,8481.1612158020889
0.0040000000000000036,-0.012,13928.338647415114,8357.0031884490672
0.0045000000000000005,-0.012,13710.799882183608,8226.4799293101642
0.0049999999999999975,-0.012,13452.083140914981,8071.2498845489881
0.0055000000000000014,-0.012,13118.330131522405,7870.9980789134424
0.0059999999999999984,-0.012,12679.524458026903,7607.7146748161413
0.0064999999999999988,-0.012,12115.723715379334,7269.4342292276006
0.0069999999999999993,-0.012,11421.108573830455,6852.6651442982729
0.0074999999999999997,-0.012,10605.161125845441,6363.096675507265
0.0080000000000000002,-0.012,9690.9881474901722,5814.5928884941031
0.0085000000000000006,-0.012,8711.4277580745093,5226.8566548447052
0.0090000000000000011,-0.012,7703.9736780729818,4622.3842068437889
0.0095000000000000015,-0.012,6705.6507748580498,4023.3904649148299
0.010000000000000002,-0.012,5748.797409996072,3449.2784459976433
0.010500000000000002,-0.012,4858.3437162228229,2915.0062297336935
0.011000000000000003,-0.012,4050.7450795114109,2430.4470477068467
0.011500000000000003,-0.012,3334.3558684678087,2000.6135210806851
0.012000000000000004,-0.012,2710.7906153745002,1626.4743692247
0.012499999999999997,-0.012,2176.7455024398337,1306.0473014639001
0.013000000000000005,-0.012,1725.8192941295581,1035.4915764777347
0.013499999999999998,-0.012,1350.0249810404334,810.01498862426001
0.014000000000000005,-0.012,1040.8581398781712,624.51488392690271
0.014499999999999999,-0.012,789.93404723818992,473.96042834291393
0.014999999999999999,-0.012,589.29491278695275,353.57694767217163
0.0155,-0.012,431.51772011819327,258.91063207091594
0.016000000000000007,-0.012,309.73645655539127,185.84187393323475
0.016500000000000001,-0.012,217.65218321361471,130.59130992816881
0.017000000000000001,-0.012,149.56127275062263,89.736763650373575
0.017500000000000002,-0.012,100.39998309111456,60.239989854668735
0.017999999999999995,-0.012,65.787504563848501,39.472502738309096
0.018500000000000003,-0.012,42.047971676947739,25.228783006168644
0.019000000000000003,-0.012,26.199223655048758,15.719534193029254
0.019500000000000003,-0.012,15.906313816134677,9.5437882896808066
0.019999999999999997,-0.012,9.4064011372466219,5.6438406823479728
0.020499999999999997,-0.012,5.4164883747481349,3.2498930248488809
0.021000000000000005,-0.012,3.0363141091868524,1.8217884655121113
0.021500000000000005,-0.012,1.6566317173837548,0.99397903043025282
0.021999999999999999,-0.012,0.87960745519574612,0.52776447311744767
0.022499999999999999,-0.012,0.45444644383589389,0.27266786630153633
0.023000000000000007,-0.012,0.22843662859608735,0.13706197715765239
0.023500000000000007,-0.012,0.11171337645315657,0.067028025871893937
0.024,-0.012,0.053146563526052647,0.031887938115631585
0.024500000000000001,-0.012,0.024595489124168323,0.014757293474500994
0.025000000000000001,-0.012,0.011072101299381689,0.006643260779629013
-0.025000000000000001,-0.0115,0.01585302016488193,0.009511812098929158
-0.024500000000000001,-0.0115,0.035094041133023758,0.021056424679814254
-0.024,-0.0115,0.075588529444663016,0.04535311766679781
-0.0235,-0.0115,0.15840993198121908,0.095045959188731446
-0.023,-0.0115,0.32301291662021503,0.19380774997212902
-0.022500000000000003,-0.0115,0.64088531870732923,0.38453119122439755
-0.022000000000000002,-0.0115,1.2373193967311849,0.74239163803871089
-0.021500000000000002,-0.0115,2.3246097530650021,1.3947658518390011
-0.021000000000000001,-0.0115,4.2503046456732188,2.5501827874039313
-0.020500000000000001,-0.0115,7.5637730203593501,4.53826381221561
-0.02,-0.0115,13.102869676321136,7.8617218057926816
-0.0195,-0.0115,22.099519165285951,13.259711499171571
-0.019,-0.0115,36.298504868432047,21.779102921059227
-0.018500000000000003,-0.0115,58.078084590358259,34.846850754214955
-0.018000000000000002,-0.0115,90.555437593107456,54.333262555864472
-0.017500000000000002,-0.0115,137.65630643934415,82.59378386360649
-0.017000000000000001,-0.0115,204.12885267528191,122.47731160516913
-0.016500000000000001,-0.0115,295.4886194694476,177.29317168166855
-0.016,-0.0115,417.89495425848952,250.7369725550937
-0.0155,-0.0115,577.9769493334644,346.78616960007861
-0.015000000000000001,-0.0115,782.64330296046342,469.585981776278
-0.014500000000000001,-0.0115,1038.9173380711018,623.35040284266108
-0.014,-0.0115,1353.827463767228,812.29647826033681
-0.0135,-0.0115,1734.3501227799416,1040.6100736679648
-0.012999999999999999,-0.0115,2187.3502561564051,1312.4101536938431
-0.012500000000000001,-0.0115,2719.4077586689668,1631.6446552013801
-0.012,-0.0115,3336.3811921920915,2001.8287153152548
-0.0115,-0.0115,4042.5696776545628,2425.5418065927374
-0.010999999999999999,-0.0115,4839.4109712278359,2903.6465827367015
-0.010499999999999999,-0.0115,5723.7998272871,3434.2798963722598
-0.010000000000000002,-0.0115,6686.2997999409581,4011.7798799645748
-0.0095000000000000015,-0.0115,7709.6998950125235,4625.8199370075135
-0.0090000000000000011,-0.0115,8768.4651652553803,5261.0790991532276
-0.0085000000000000006,-0.0115,9829.583708609438,5897.7502251656624
-0.0080000000000000002,-0.0115,10855.090266904021,6513.054160142412
-0.0074999999999999997,-0.0115,11806.170703766118,7083.702422259671
-0.0069999999999999993,-0.0115,12648.30288398049,7588.9817303882937
-0.0064999999999999988,-0.0115,13356.492182242298,8013.8953093453783
-0.0059999999999999984,-0.0115,13919.447330316541,8351.6683981899241
-0.0054999999999999979,-0.0115,14341.613041383498,8604.9678248300988
-0.005000000000000001,-0.0115,14642.355010050125,8785.413006030074
-0.0044999999999999971,-0.0115,14852.213880241614,8911.3283281449676
-0.0040000000000000001,-0.0115,15006.859396822503,9004.1156380935008
-0.0035000000000000031,-0.0115,15139.992332728385,9083.9953996370314
-0.0029999999999999992,-0.0115,15276.779424849557,9166.0676549097334
-0.0025000000000000022,-0.0115,15429.351610500107,9257.6109663000643
-0.0019999999999999983,-0.0115,15595.43898933472,9357.2633936008315
-0.0015000000000000013,-0.0115,15760.460422087082,9456.2762532522484
-0.00099999999999999742,-0.0115,15902.522527252391,9541.5135163514351
-0.00050000000000000044,-0.0115,15999.039638931592,9599.4237833589541
0,-0.0115,16033.264358066677,9619.9586148400067
0.00050000000000000044,-0.0115,15999.036124215014,9599.4216745290087
0.0010000000000000009,-0.0115,15902.514230024961,9541.5085380149758
0.0015000000000000013,-0.0115,15760.44451644955,9456.2667098697293
0.0020000000000000018,-0.0115,15595.410493330997,9357.2462959985987
0.0024999999999999988,-0.0115,15429.302454607892,9257.5814727647357
0.0030000000000000027,-0.0115,15276.697169902372,9166.0183019414235
0.0034999999999999996,-0.0115,15139.858554724982,9083.915132834989
0.0040000000000000036,-0.0115,15006.647821686163,9003.9886930116973
0.0045000000000000005,-0.0115,14851.888448443318,8911.1330690659906
0.0049999999999999975,-0.0115,14641.868170202968,8785.1209021217801
0.0055000000000000014,-0.0115,14340.904692740753,8604.5428156444505
0.0059999999999999984,-0.0115,13918.444923762057,8351.0669542572341
0.0064999999999999988,-0.0115,13355.112506929807,8013.0675041578834
0.0069999999999999993,-0.0115,12646.455972305652,7587.8735833833907
0.0074999999999999997,-0.0115,11803.766055182412,7082.2596331094473
0.0080000000000000002,-0.0115,10852.045224318459,6511.2271345910749
0.0085000000000000006,-0.0115,9825.8333621676047,5895.5000173005628
0.0090000000000000011,-0.0115,8763.9726902507282,5258.3836141504371
0.0095000000000000015,-0.0115,7704.4658649192252,4622.6795189515351
0.010000000000000002,-0.0115,6680.3688668373879,4008.2213201024324
0.010500000000000002,-0.0115,5717.2633147246943,3430.3579888348163
0.011000000000000003,-0.0115,4832.4044016479002,2899.4426409887401
0.011500000000000003,-0.0115,4035.2650002230007,2421.1590001338004
0.012000000000000004,-0.0115,3328.9743530935475,1997.3846118561285
0.012499999999999997,-0.0115,2712.1030812374133,1627.2618487424479
0.013000000000000005,-0.0115,2180.3436865764661,1308.2062119458797
0.013499999999999998,-0.0115,1727.8136102175381,1036.6881661305229
0.014000000000000005,-0.0115,1347.8965306636348,808.73791839818091
0.014499999999999999,-0.0115,1033.6833079777484,620.20998478664899
0.014999999999999999,-0.0115,778.15082795563967,466.8904967733838
0.0155,-0.0115,574.22660289109024,344.53596173465411
0.016000000000000007,-0.0115,414.84991167126714,248.90994700276028
0.016500000000000001,-0.0115,293.08397088077919,175.85038252846752
0.017000000000000001,-0.0115,202.28194098600196,121.36916459160116
0.017500000000000002,-0.0115,136.27663108592398,81.765978651554391
0.017999999999999995,-0.0115,89.553030925818405,53.731818555491039
0.018500000000000003,-0.0115,57.369735645205004,34.421841387123003
0.019000000000000003,-0.0115,35.811664232785184,21.486998539671109
0.019500000000000003,-0.0115,21.774085367453839,13.064451220472304
0.019999999999999997,-0.0115,12.891289608240651,7.7347737649443902
0.020499999999999997,-0.0115,7.4299831863241907,4.4579899117945141
0.021000000000000005,-0.0115,4.1680220957681451,2.5008132574608868
0.021500000000000005,-0.0115,2.2753912236857077,1.3652347342114246
0.021999999999999999,-0.0115,1.2086851482902894,0.72521108897417363
0.022499999999999999,-0.0115,0.62468292396545333,0.374809754379272
0.023000000000000007,-0.0115,0.31409611934134335,0.188457671604806
0.023500000000000007,-0.0115,0.15363711433191612,0.092182268599149672
0.024,-0.0115,0.073103811736213761,0.043862287041728253
0.024500000000000001,-0.0115,0.033835940059919724,0.020301564035951833
0.025000000000000001,-0.0115,0.015233450316092034,0.0091400701896552205
-0.025000000000000001,-0.010999999999999999,0.021543814766993925,0.012926288860196354
-0.024500000000000001,-0.010999999999999999,0.047627989511338238,0.028576793706802942
-0.024,-0.010999999999999999,0.10245566565984759,0.061473399395908554
-0.0235,-0.010999999999999999,0.21445732173759502,0.12867439304255701
-0.023,-0.010999999999999999,0.4367949370929331,0.26207696225575983
-0.022500000000000003,-0.010999999999999999,0.86566734827619374,0.51940040896571626
-0.022000000000000002,-0.010999999999999999,1.6694416276235078,1.0016649765741046
-0.021500000000000002,-0.010999999999999999,3.1329574384804322,1.8797744630882591
-0.021000000000000001,-0.010999999999999999,5.7216960876986098,3.4330176526191658
-0.020500000000000001,-0.010999999999999999,10.169874207474782,6.1019245244848692
-0.02,-0.010999999999999999,17.594304384575668,10.556582630745401
-0.0195,-0.010999999999999999,29.631534024298382,17.77892041457903
-0.019,-0.010999999999999999,48.589173354899337,29.153504012939599
-0.018500000000000003,-0.010999999999999999,77.594029959657206,46.556417975794325
-0.018000000000000002,-0.010999999999999999,120.71129656228578,72.426777937371469
-0.017500000000000002,-0.010999999999999999,183.00330335948078,109.80198201568847
-0.017000000000000001,-0.010999999999999999,270.49663901648614,162.29798340989169
-0.016500000000000001,-0.010999999999999999,390.03581454481093,234.02148872688656
-0.016,-0.010999999999999999,549.02125244605372,329.41275146763223
-0.0155,-0.010999999999999999,755.0568661779746,453.03411970678474
-0.015000000000000001,-0.010999999999999999,1015.560996577743,609.33659794664584
-0.014500000000000001,-0.010999999999999999,1337.4132356641903,802.44794139851422
-0.014,-0.010999999999999999,1726.7068006564311,1036.0240803938586
-0.0135,-0.010999999999999999,2188.6433732596734,1313.1860239558039
-0.012999999999999999,-0.010999999999999999,2727.5456132187715,1636.5273679312629
-0.012500000000000001,-0.010999999999999999,3346.8859471194232,2008.1315682716538
-0.012,-0.010999999999999999,4049.1656647877562,2429.4993988726537
-0.0115,-0.010999999999999999,4835.4594033134654,2901.2756419880793
-0.010999999999999999,-0.010999999999999999,5704.4950929554252,3422.6970557732552
-0.010499999999999999,-0.010999999999999999,6651.2771784014903,3990.7663070408939
-0.010000000000000002,-0.010999999999999999,7665.4595902255878,4599.2757541353521
-0.0095000000000000015,-0.010999999999999999,8729.8802759851969,5237.9281655911182
-0.0090000000000000011,-0.010999999999999999,9819.8057327385559,5891.883439643133
-0.0085000000000000006,-0.010999999999999999,10903.428870237463,6542.0573221424775
-0.0080000000000000002,-0.010999999999999999,11943.974987240192,7166.3849923441148
-0.0074999999999999997,-0.010999999999999999,12903.412232122402,7742.0473392734411
-0.0069999999999999993,-0.010999999999999999,13747.311363846682,8248.3868183080085
-0.0064999999999999988,-0.010999999999999999,14449.98028841308,8669.9881730478482
-0.0059999999999999984,-0.010999999999999999,14998.750454328056,8999.2502725968334
-0.0054999999999999979,-0.010999999999999999,15396.321075529779,9237.7926453178661
-0.005000000000000001,-0.010999999999999999,15660.406586351572,9396.2439518109422
-0.0044999999999999971,-0.010999999999999999,15820.522821241419,9492.3136927448504
-0.0040000000000000001,-0.010999999999999999,15912.444541417652,9547.4667248505903
-0.0035000000000000031,-0.010999999999999999,15971.481759735001,9582.8890558410003
-0.0029999999999999992,-0.010999999999999999,16026.075101330978,9615.6450607985862
-0.0025000000000000022,-0.010999999999999999,16093.186272944868,9655.9117637669206
-0.0019999999999999983,-0.010999999999999999,16176.545978798247,9705.9275872789476
-0.0015000000000000013,-0.010999999999999999,16268.115643637637,9760.8693861825814
-0.00099999999999999742,-0.010999999999999999,16352.303592194552,9811.3821553167309
-0.00050000000000000044,-0.010999999999999999,16411.768626671805,9847.0611760030824
0,-0.010999999999999999,16433.236627621875,9859.9419765731236
0.00050000000000000044,-0.010999999999999999,16411.762060316771,9847.0572361900613
0.0010000000000000009,-0.010999999999999999,16352.288090932947,9811.3728545597678
0.0015000000000000013,-0.010999999999999999,16268.085927994618,9760.8515567967697
0.0020000000000000018,-0.010999999999999999,16176.492741254489,9705.8956447526925
0.0024999999999999988,-0.010999999999999999,16093.094437647953,9655.8566625887706
0.0030000000000000027,-0.010999999999999999,16025.921428858423,9615.5528573150532
0.0034999999999999996,-0.010999999999999999,15971.231829520955,9582.7390977125724
0.0040000000000000036,-0.010999999999999999,15912.049267024489,9547.2295602146933
0.0045000000000000005,-0.010999999999999999,15819.914834599829,9491.9489007598968
0.0049999999999999975,-0.010999999999999999,15659.497049775204,9395.6982298651219
0.0055000000000000014,-0.010999999999999999,15394.997706041522,9236.9986236249133
0.0059999999999999984,-0.010999999999999999,14996.877712334941,8998.1266274009649
0.0064999999999999988,-0.010999999999999999,14447.402715587952,8668.4416293527702
0.0069999999999999993,-0.010999999999999999,13743.860878576434,8246.3165271458602
0.0074999999999999997,-0.010999999999999999,12898.919757126841,7739.3518542761049
0.0080000000000000002,-0.010999999999999999,11938.286098739503,7162.9716592437017
0.0085000000000000006,-0.010999999999999999,10896.422300658536,6537.8533803951213
0.0090000000000000011,-0.010999999999999999,9811.4126844722523,5886.8476106833514
0.0095000000000000015,-0.010999999999999999,8720.1018204223128,5232.0610922533879
0.010000000000000002,-0.010999999999999999,7654.3791484310386,4592.6274890586228
0.010500000000000002,-0.010999999999999999,6639.0653652310757,3983.4392191386451
0.011000000000000003,-0.010999999999999999,5691.405097662242,3414.8430585973451
0.011500000000000003,-0.010999999999999999,4821.8124692316042,2893.0874815389625
0.012000000000000004,-0.010999999999999999,4035.327867584549,2421.1967205507294
0.012499999999999997,-0.010999999999999999,3333.2390130375711,1999.9434078225427
0.013000000000000005,-0.010999999999999999,2714.4556179255837,1628.6733707553501
0.013499999999999998,-0.010999999999999999,2176.4315600892546,1305.8589360535527
0.014000000000000005,-0.010999999999999999,1715.6263588618431,1029.3758153171059
0.014499999999999999,-0.010999999999999999,1327.6347801012032,796.58086806072185
0.014999999999999999,-0.010999999999999999,1007.1679483111144,604.30076898666857
0.0155,-0.010999999999999999,748.0502965980379,448.83017795882273
0.016000000000000007,-0.010999999999999999,543.33236394226697,325.99941836536016
0.016500000000000001,-0.010999999999999999,385.54333953998548,231.32600372399128
0.017000000000000001,-0.010999999999999999,267.04615371925405,160.22769223155242
0.017500000000000002,-0.010999999999999999,180.42573045788464,108.25543827473078
0.017999999999999995,-0.010999999999999999,118.83855435841946,71.303132615051666
0.018500000000000003,-0.010999999999999999,76.270659906423163,45.762395943853896
0.019000000000000003,-0.010999999999999999,47.679635305438381,28.607781183263029
0.019500000000000003,-0.010999999999999999,29.023543647086736,17.414126188252041
0.019999999999999997,-0.010999999999999999,17.199020777711031,10.319412466626618
0.020499999999999997,-0.010999999999999999,9.9199218908930629,5.9519531345358372
0.021000000000000005,-0.010999999999999999,5.567972046471251,3.3407832278827505
0.021500000000000005,-0.010999999999999999,3.0410051199368193,1.8246030719620916
0.021999999999999999,-0.010999999999999999,1.6159458087296954,0.96956748523781722
0.022499999999999999,-0.010999999999999999,0.83539728979896377,0.5012383738793782
0.023000000000000007,-0.010999999999999999,0.42013616662344044,0.25208169997406427
0.023500000000000007,-0.010999999999999999,0.20554052445872506,0.12332431467523502
0.024,-0.010999999999999999,0.097813601845677306,0.058688161107406378
0.024500000000000001,-0.010999999999999999,0.045277547267470512,0.027166528360482306
0.025000000000000001,-0.010999999999999999,0.02038630590164538,0.012231783540987229
-0.025000000000000001,-0.010499999999999999,0.028639739706036969,0.017183843823622182
-0.024500000000000001,-0.010499999999999999,0.063204053932565299,0.037922432359539175
-0.024,-0.010499999999999999,0.13573845637250792,0.081443073823504755
-0.0235,-0.010499999999999999,0.28368360770869566,0.1702101646252174
-0.023,-0.010499999999999999,0.57694359447911625,0.34616615668746975
-0.022500000000000003,-0.010499999999999999,1.141821868049417,0.68509312082965013
-0.022000000000000002,-0.010499999999999999,2.199032920507082,1.3194197523042492
-0.021500000000000002,-0.010499999999999999,4.1213664822342073,2.4728198893405242
-0.021000000000000001,-0.010499999999999999,7.5169388454695518,4.5101633072817311
-0.020500000000000001,-0.010499999999999999,13.342986753942018,8.0057920523652104
-0.02,-0.010499999999999999,23.052018778829066,13.831211267297439
-0.0195,-0.010499999999999999,38.766114679842403,23.259668807905442
-0.019,-0.010499999999999999,63.466020222760719,38.079612133656433
-0.018500000000000003,-0.010499999999999999,101.17016369055064,60.702098214330377
-0.018000000000000002,-0.010499999999999999,157.06696777842166,94.240180667052996
-0.017500000000000002,-0.010499999999999999,237.55551836693539,142.53331102016122
-0.017000000000000001,-0.010499999999999999,350.1494871583044,210.08969229498263
-0.016500000000000001,-0.010499999999999999,503.21163903772566,301.92698342263537
-0.016,-0.010499999999999999,705.51346903752039,423.3080814225122
-0.0155,-0.010499999999999999,965.6541999656215,579.39251997937288
-0.015000000000000001,-0.010499999999999999,1291.4172486377868,774.85034918267206
-0.014500000000000001,-0.010499999999999999,1689.1764768842465,1013.5058861305479
-0.014,-0.010499999999999999,2163.4727673382813,1298.0836604029687
-0.0135,-0.010499999999999999,2716.8507150101077,1630.1104290060646
-0.012999999999999999,-0.010499999999999999,3349.972865743101,2009.9837194458605
-0.012500000000000001,-0.010499999999999999,4061.9282127445631,2437.1569276467376
-0.012,-0.010499999999999999,4850.5525372552829,2910.3315223531695
-0.0115,-0.010499999999999999,5712.5210605864477,3427.5126363518684
-0.010999999999999999,-0.010499999999999999,6642.9964286699524,3985.7978572019711
-0.010499999999999999,-0.010499999999999999,7634.7354847136357,4580.8412908281816
-0.010000000000000002,-0.010499999999999999,8676.7614137673772,5206.0568482604258
-0.0095000000000000015,-0.010499999999999999,9752.940970329726,5851.7645821978358
-0.0090000000000000011,-0.010499999999999999,10840.989809583756,6504.5938857502533
-0.0085000000000000006,-0.010499999999999999,11912.479830433018,7147.4878982598102
-0.0080000000000000002,-0.010499999999999999,12934.286947160163,7760.5721682960975
-0.0074999999999999997,-0.010499999999999999,13871.597577348279,8322.9585464089669
-0.0069999999999999993,-0.010499999999999999,14692.155551286909,8815.2933307721451
-0.0064999999999999988,-0.010499999999999999,15370.999975669547,9222.5999854017282
-0.0059999999999999984,-0.010499999999999999,15894.659443312528,9536.7956659875163
-0.0054999999999999979,-0.010499999999999999,16263.741637988252,9758.2449827929504
-0.005000000000000001,-0.010499999999999999,16493.132668087575,9895.8796008525442
-0.0044999999999999971,-0.010499999999999999,16609.548604818832,9965.729162891299
-0.0040000000000000001,-0.010499999999999999,16646.830366103852,9988.0982196623099
-0.0035000000000000031,-0.010499999999999999,16639.962928217581,9983.9777569305479
-0.0029999999999999992,-0.010499999999999999,16619.158187958215,9971.4949127749296
-0.0025000000000000022,-0.010499999999999999,16605.355027530364,9963.2130165182189
-0.0019999999999999983,-0.010499999999999999,16608.143555037823,9964.8861330226937
-0.0015000000000000013,-0.010499999999999999,16626.499392761645,9975.899635656986
-0.00099999999999999742,-0.010499999999999999,16651.983958203709,9991.1903749222256
-0.00050000000000000044,-0.010499999999999999,16673.426323939257,10004.055794363554
0,-0.010499999999999999,16681.726727165114,10009.036036299069
0.00050000000000000044,-0.010499999999999999,16673.414392449402,10004.04863546964
0.0010000000000000009,-0.010499999999999999,16651.955791413362,9991.1734748480176
0.0015000000000000013,-0.010499999999999999,16626.445397525113,9975.8672385150676
0.0020000000000000018,-0.010499999999999999,16608.046818993247,9964.8280913959479
0.0024999999999999988,-0.010499999999999999,16605.188156883276,9963.1128941299648
0.0030000000000000027,-0.010499999999999999,16618.878955181761,9971.3273731090558
0.0034999999999999996,-0.010499999999999999,16639.508788927509,9983.7052733565051
0.0040000000000000036,-0.010499999999999999,16646.11212708271,9987.6672762496255
0.0045000000000000005,-0.010499999999999999,16608.443853947334,9965.0663123684008
0.0049999999999999975,-0.010499999999999999,16491.479981570017,9894.8879889420095
0.0055000000000000014,-0.010499999999999999,16261.336990426182,9756.8021942557079
0.0059999999999999984,-0.010499999999999999,15891.256550539129,9534.7539303234771
0.0064999999999999988,-0.010499999999999999,15366.316359895562,9219.7898159373362
0.0069999999999999993,-0.010499999999999999,14685.885797399817,8811.5314784398888
0.0074999999999999997,-0.010499999999999999,13863.434461044331,8318.0606766265992
0.0080000000000000002,-0.010499999999999999,12923.949870489243,7754.3699222935456
0.0085000000000000006,-0.010499999999999999,11899.748442407263,7139.8490654443576
0.0090000000000000011,-0.010499999999999999,10825.739100517996,6495.4434603107975
0.0095000000000000015,-0.010499999999999999,9735.1728870100233,5841.1037322060138
0.010000000000000002,-0.010499999999999999,8656.6275376395442,5193.9765225837264
0.010500000000000002,-0.010499999999999999,7612.5458339552824,4567.5275003731695
0.011000000000000003,-0.010499999999999999,6619.2110644549211,3971.5266386729527
0.011500000000000003,-0.010499999999999999,5687.7237027352494,3412.6342216411495
0.012000000000000004,-0.010499999999999999,4825.4083688243427,2895.2450212946055
0.012499999999999997,-0.010499999999999999,4037.1308548933721,2422.2785129360232
0.013000000000000005,-0.010499999999999999,3326.187501528063,1995.7125009168376
0.013499999999999998,-0.010499999999999999,2694.6610642517421,1616.7966385510451
0.014000000000000005,-0.010499999999999999,2143.3388912103833,1286.0033347262299
0.014499999999999999,-0.010499999999999999,1671.4083935643616,1002.8450361386169
0.014999999999999999,-0.010499999999999999,1276.1665395714442,765.69992374286653
0.0155,-0.010499999999999999,952.92281193803808,571.75368716282287
0.016000000000000007,-0.010499999999999999,695.17639236097489,417.10583541658491
0.016500000000000001,-0.010499999999999999,495.04852271694688,297.02911363016813
0.017000000000000001,-0.010499999999999999,343.87973322218062,206.32783993330835
0.017500000000000002,-0.010499999999999999,232.87190245401075,139.72314147240644
0.017999999999999995,-0.010499999999999999,153.66407462207189,92.198444773243139
0.018500000000000003,-0.010499999999999999,98.765515101881689,59.259309061129009
0.019000000000000003,-0.010499999999999999,61.813331028508429,37.087998617105058
0.019500000000000003,-0.010499999999999999,37.661357020476146,22.596814212285686
0.019999999999999997,-0.010499999999999999,22.333763015788193,13.400257809472915
0.020499999999999997,-0.010499999999999999,12.888807302144713,7.7332843812868273
0.021000000000000005,-0.010499999999999999,7.2376123654131952,4.3425674192479171
0.021500000000000005,-0.010499999999999999,3.9542831993154257,2.3725699195892553
0.021999999999999999,-0.010499999999999999,2.1018275733796159,1.2610965440277695
0.022499999999999999,-0.010499999999999999,1.0868192229326394,0.65209153375958362
0.023000000000000007,-0.010499999999999999,0.54667353600187563,0.32800412160112535
0.023500000000000007,-0.010499999999999999,0.26748121296681521,0.16048872778008913
0.024,-0.010499999999999999,0.1273035275542404,0.076382116532544245
0.024500000000000001,-0.010499999999999999,0.058933149047984988,0.035359889428790994
0.025000000000000001,-0.010499999999999999,0.026536471574322668,0.0159218829445936
-0.025000000000000001,-0.010000000000000002,0.037314520278752435,0.022388712167251461
-0.024500000000000001,-0.010000000000000002,0.08215857354770012,0.049295144128620072
-0.024,-0.010000000000000002,0.17606567255498271,0.10563940353298962
-0.0235,-0.010000000000000002,0.36722199805337757,0.22033319883202654
-0.023,-0.010000000000000002,0.74542355479747058,0.44725413287848231
-0.022500000000000003,-0.010000000000000002,1.4726156736984968,0.88356940421909802
-0.022000000000000002,-0.010000000000000002,2.8312802621591144,1.6987681572954687
-0.021500000000000002,-0.010000000000000002,5.2976491206291234,3.1785894723774741
-0.021000000000000001,-0.010000000000000002,9.647072675565699,5.7882436053394191
-0.020500000000000001,-0.010000000000000002,17.097461026488968,10.258476615893381
-0.02,-0.010000000000000002,29.4924649234448,17.695478954066878
-0.0195,-0.010000000000000002,49.518031830469049,29.710819098281426
-0.019,-0.010000000000000002,80.933834768893007,48.560300861335804
-0.018500000000000003,-0.010000000000000002,128.78576602667945,77.271459616007675
-0.018000000000000002,-0.010000000000000002,199.54998452526075,119.72999071515645
-0.017500000000000002,-0.010000000000000002,301.14769946768189,180.68861968060912
-0.017000000000000001,-0.010000000000000002,442.76921154335042,265.66152692601025
-0.016500000000000001,-0.010000000000000002,634.46181875536399,380.67709125321841
-0.016,-0.010000000000000002,886.47243305740528,531.8834598344431
-0.0155,-0.010000000000000002,1208.3899573914528,725.03397443487165
-0.015000000000000001,-0.010000000000000002,1608.1947623942342,964.91685743654045
-0.014500000000000001,-0.010000000000000002,2091.3755514775289,1254.8253308865173
-0.014,-0.010000000000000002,2660.296026442245,1596.177615865347
-0.0135,-0.010000000000000002,3313.9664099892475,1988.3798459935483
-0.012999999999999999,-0.010000000000000002,4048.2909469456304,2428.974568167378
-0.012500000000000001,-0.010000000000000002,4856.7338242984761,2914.0402945790856
-0.012,-0.010000000000000002,5731.2054269049831,3438.7232561429896
-0.0115,-0.010000000000000002,6662.8664024330146,3997.7198414598088
-0.010999999999999999,-0.010000000000000002,7642.5270978814497,4585.5162587288696
-0.010499999999999999,-0.010000000000000002,8660.4142331730072,5196.2485399038042
-0.010000000000000002,-0.010000000000000002,9705.2789679551188,5823.1673807730713
-0.0095000000000000015,-0.010000000000000002,10763.081728394844,6457.8490370369063
-0.0090000000000000011,-0.010000000000000002,11815.726283227668,7089.435769936601
-0.0085000000000000006,-0.010000000000000002,12840.436347806677,7704.2618086840057
-0.0080000000000000002,-0.010000000000000002,13810.304519947476,8286.1827119684858
-0.0074999999999999997,-0.010000000000000002,14696.282236126179,8817.7693416757065
-0.0069999999999999993,-0.010000000000000002,15470.47593338522,9282.2855600311323
-0.0064999999999999988,-0.010000000000000002,16110.182463209989,9666.1094779259929
-0.0059999999999999984,-0.010000000000000002,16601.774858360739,9961.0649150164427
-0.0054999999999999979,-0.010000000000000002,16943.455425469565,10166.073255281739
-0.005000000000000001,-0.010000000000000002,17146.08051989595,10287.64831193757
-0.0044999999999999971,-0.010000000000000002,17231.696946407174,10339.018167844304
-0.0040000000000000001,-0.010000000000000002,17229.999290415821,10337.999574249492
-0.0035000000000000031,-0.010000000000000002,17173.458691519532,10304.07521491172
-0.0029999999999999992,-0.010000000000000002,17092.227312283794,10255.336387370276
-0.0025000000000000022,-0.010000000000000002,17009.982060029306,10205.989236017584
-0.0019999999999999983,-0.010000000000000002,16941.614444279738,10164.968666567842
-0.0015000000000000013,-0.010000000000000002,16893.171077474304,10135.902646484583
-0.00099999999999999742,-0.010000000000000002,16863.842058039776,10118.305234823865
-0.00050000000000000044,-0.010000000000000002,16849.252196784637,10109.551318070782
0,-0.010000000000000002,16844.983067616664,10106.989840569999
0.00050000000000000044,-0.010000000000000002,16849.231110442139,10109.538666265284
0.0010000000000000009,-0.010000000000000002,16863.792279295005,10118.275367577002
0.0015000000000000013,-0.010000000000000002,16893.075652505213,10135.845391503128
0.0020000000000000018,-0.010000000000000002,16941.443484123687,10164.866090474212
0.0024999999999999988,-0.010000000000000002,17009.687152045502,10205.812291227301
0.0030000000000000027,-0.010000000000000002,17091.733828399378,10255.040297039626
0.0034999999999999996,-0.010000000000000002,17172.656097985306,10303.593658791184
0.0040000000000000036,-0.010000000000000002,17228.72995740061,10337.237974440366
0.0045000000000000005,-0.010000000000000002,17229.744536814404,10337.846722088641
0.0049999999999999975,-0.010000000000000002,17143.159751880321,10285.895851128193
0.0055000000000000014,-0.010000000000000002,16939.205728014211,10163.523436808526
0.0059999999999999984,-0.010000000000000002,16595.760977163318,9957.4565862979907
0.0064999999999999988,-0.010000000000000002,16101.905179523807,9661.1431077142843
0.0069999999999999993,-0.010000000000000002,15459.395491677282,9275.6372950063687
0.0074999999999999997,-0.010000000000000002,14681.855683507072,8809.1134101042426
0.0080000000000000002,-0.010000000000000002,13792.035959881923,8275.2215759291539
0.0085000000000000006,-0.010000000000000002,12817.936357309298,7690.761814385578
0.0090000000000000011,-0.010000000000000002,11788.773934562798,7073.2643607376785
0.0095000000000000015,-0.010000000000000002,10731.680462088196,6439.0082772529177
0.010000000000000002,-0.010000000000000002,9669.6966716151419,5801.8180029690848
0.010500000000000002,-0.010000000000000002,8621.1987972603602,5172.7192783562159
0.011000000000000003,-0.010000000000000002,7600.491581586436,4560.2949489518614
0.011500000000000003,-0.010000000000000002,6619.0424050115771,3971.4254430069459
0.012000000000000004,-0.010000000000000002,5686.7685163641918,3412.061109818515
0.012499999999999997,-0.010000000000000002,4812.909826877044,2887.7458961262264
0.013000000000000005,-0.010000000000000002,4006.2554306506022,2403.7532583903612
0.013499999999999998,-0.010000000000000002,3274.7509740765754,1964.8505844459451
0.014000000000000005,-0.010000000000000002,2624.7137301021603,1574.8282380612961
0.014499999999999999,-0.010000000000000002,2059.9742851705637,1235.9845711023381
0.014999999999999999,-0.010000000000000002,1581.2424137283376,948.74544823700251
0.0155,-0.010000000000000002,1185.8899668908437,711.53398013450612
0.016000000000000007,-0.010000000000000002,868.20387298191304,520.92232378914775
0.016500000000000001,-0.010000000000000002,620.03526610651352,372.02115966390812
0.017000000000000001,-0.010000000000000002,431.68876974876457,259.01326184925875
0.017500000000000002,-0.010000000000000002,292.87041553595486,175.72224932157292
0.017999999999999995,-0.010000000000000002,193.53610265106349,116.12166159063808
0.018500000000000003,-0.010000000000000002,124.53606675703747,74.721640054222476
0.019000000000000003,-0.010000000000000002,78.013062022781909,46.807837213669146
0.019500000000000003,-0.010000000000000002,47.565610241608645,28.539366144965186
0.019999999999999997,-0.010000000000000002,28.223102320528792,16.933861392317276
0.020499999999999997,-0.010000000000000002,16.294796515057026,9.7768779090342157
0.021000000000000005,-0.010000000000000002,9.1534231901977812,5.4920539141186682
0.021500000000000005,-0.010000000000000002,5.0023653487153439,3.0014192092292062
0.021999999999999999,-0.010000000000000002,2.6594907147635092,1.5956944288581054
0.022499999999999999,-0.010000000000000002,1.375410326571026,0.82524619594261561
0.023000000000000007,-0.010000000000000002,0.69192773590363832,0.41515664154218296
0.023500000000000007,-0.010000000000000002,0.33858774961247284,0.20315264976748371
0.024,-0.010000000000000002,0.16115874976909866,0.096695249861459193
0.024500000000000001,-0.010000000000000002,0.074610667606583816,0.044766400563950287
0.025000000000000001,-0.010000000000000002,0.033597446156019561,0.020158467693611737
-0.025000000000000001,-0.0095000000000000015,0.047762760251559962,0.028657656150935976
-0.024500000000000001,-0.0095000000000000015,0.10484961272440343,0.062909767634642053
-0.024,-0.0095000000000000015,0.22406437965568177,0.13443862779340907
-0.0235,-0.0095000000000000015,0.46610879369013064,0.27966527621407838
-0.023,-0.0095000000000000015,0.94382734943558044,0.5662964096613482
-0.022500000000000003,-0.0095000000000000015,1.8602601675095474,1.1161561005057283
-0.022000000000000002,-0.0095000000000000015,3.5687738214889069,2.1412642928933439
-0.021500000000000002,-0.0095000000000000015,6.663781626443221,3.9982689758659324
-0.021000000000000001,-0.0095000000000000015,12.110878545774989,7.2665271274649932
-0.020500000000000001,-0.0095000000000000015,21.423280263408323,12.853968158044994
-0.02,-0.0095000000000000015,36.885923196833062,22.131553918099836
-0.0195,-0.0095000000000000015,61.818263273378641,37.090957964027183
-0.019,-0.0095000000000000015,100.85129773202283,60.510778639213697
-0.018500000000000003,-0.0095000000000000015,160.17479464345405,96.104876786072424
-0.018000000000000002,-0.0095000000000000015,247.69062722166052,148.6143763329963
-0.017500000000000002,-0.0095000000000000015,372.99353050684516,223.7961183041071
-0.017000000000000001,-0.0095000000000000015,547.09949664626208,328.25969798775725
-0.016500000000000001,-0.0095000000000000015,781.86234851010863,469.11740910606517
-0.016,-0.0095000000000000015,1089.0655576725148,653.43933460350888
-0.0155,-0.0095000000000000015,1479.247061633574,887.54823698014445
-0.015000000000000001,-0.0095000000000000015,1960.398054732512,1176.2388328395073
-0.014500000000000001,-0.0095000000000000015,2536.7510969398299,1522.0506581638979
-0.014,-0.0095000000000000015,3207.9111433910775,1924.7466860346465
-0.0135,-0.0095000000000000015,3968.5601850228209,2381.1361110136922
-0.012999999999999999,-0.0095000000000000015,4808.8698209116774,2885.3218925470064
-0.012500000000000001,-0.0095000000000000015,5715.5961624551519,3429.3576974730909
-0.012,-0.0095000000000000015,6673.6437776313214,4004.1862665787926
-0.0115,-0.0095000000000000015,7667.7258619442609,4600.6355171665564
-0.010999999999999999,-0.0095000000000000015,8683.6768613665772,5210.2061168199461
-0.010499999999999999,-0.0095000000000000015,9709.0342277325271,5825.4205366395163
-0.010000000000000002,-0.0095000000000000015,10732.702577755144,6439.6215466530866
-0.0095000000000000015,-0.0095000000000000015,11743.802675861589,7046.2816055169533
-0.0090000000000000011,-0.0095000000000000015,12730.104409277123,7638.0626455662732
-0.0085000000000000006,-0.0095000000000000015,13676.645516486265,8205.9873098917597
-0.0080000000000000002,-0.0095000000000000015,14565.163047070295,8739.0978282421765
-0.0074999999999999997,-0.0095000000000000015,15374.781080357785,9224.8686482146713
-0.0069999999999999993,-0.0095000000000000015,16084.044514746522,9650.4267088479119
-0.0064999999999999988,-0.0095000000000000015,16673.966147481951,10004.379688489171
-0.0059999999999999984,-0.0095000000000000015,17131.396326475933,10278.83779588556
-0.0054999999999999979,-0.0095000000000000015,17451.851999681079,10471.111199808647
-0.005000000000000001,-0.0095000000000000015,17641.02057647422,10584.612345884532
-0.0044999999999999971,-0.0095000000000000015,17714.469617174975,10628.681770304984
-0.0040000000000000001,-0.0095000000000000015,17695.555434301099,10617.333260580659
-0.0035000000000000031,-0.0095000000000000015,17611.994471141876,10567.196682685126
-0.0029999999999999992,-0.0095000000000000015,17491.90062533856,10495.140375203135
-0.0025000000000000022,-0.0095000000000000015,17360.201253187155,10416.120751912293
-0.0019999999999999983,-0.0095000000000000015,17236.197391520116,10341.718434912069
-0.0015000000000000013,-0.0095000000000000015,17132.679631210674,10279.607778726404
-0.00099999999999999742,-0.0095000000000000015,17056.558824863023,10233.935294917814
-0.00050000000000000044,-0.0095000000000000015,17010.553690388111,10206.332214232867
0,-0.0095000000000000015,16995.213827972326,10197.128296783396
0.00050000000000000044,-0.0095000000000000015,17010.517445722217,10206.31046743333
0.0010000000000000009,-0.0095000000000000015,17056.473261708918,10233.883957025349
0.0015000000000000013,-0.0095000000000000015,17132.515608164831,10279.509364898899
0.0020000000000000018,-0.0095000000000000015,17235.903533363489,10341.542120018094
0.0024999999999999988,-0.0095000000000000015,17359.694344919772,10415.816606951863
0.0030000000000000027,-0.0095000000000000015,17491.052391060184,10494.63143463611
0.0034999999999999996,-0.0095000000000000015,17610.614917788993,10566.368950673395
0.0040000000000000036,-0.0095000000000000015,17693.373616802714,10616.024170081628
0.0045000000000000005,-0.0095000000000000015,17711.113680346385,10626.668208207831
0.0049999999999999975,-0.0095000000000000015,17636.000158121551,10581.600094872931
0.0055000000000000014,-0.0095000000000000015,17444.547325368043,10466.728395220825
0.0059999999999999984,-0.0095000000000000015,17121.05925096268,10272.635550577608
0.0064999999999999988,-0.0095000000000000015,16659.73857901162,9995.8431474069712
0.0069999999999999993,-0.0095000000000000015,16064.998684126478,9638.9992104758858
0.0074999999999999997,-0.0095000000000000015,15349.983722557701,9209.9902335346196
0.0080000000000000002,-0.0095000000000000015,14533.761780780394,8720.257068468236
0.0085000000000000006,-0.0095000000000000015,13637.970974508515,8182.7825847051081
0.0090000000000000011,-0.0095000000000000015,12683.776845718377,7610.2661074310263
0.0095000000000000015,-0.0095000000000000015,11689.828004535735,7013.8968027214405
0.010000000000000002,-0.0095000000000000015,10671.541262437007,6402.9247574622041
0.010500000000000002,-0.0095000000000000015,9641.6280204918585,5784.9768122951145
0.011000000000000003,-0.0095000000000000015,8611.4233046507525,5166.8539827904515
0.011500000000000003,-0.0095000000000000015,7592.398140001198,4555.4388840007186
0.012000000000000004,-0.0095000000000000015,6597.2625381694015,3958.3575229016406
0.012499999999999997,-0.0095000000000000015,5640.2684405120954,3384.1610643072572
0.013000000000000005,-0.0095000000000000015,4736.6162641958317,2841.969758517499
0.013499999999999998,-0.0095000000000000015,3901.1539777821067,2340.6923866692641
0.014000000000000005,-0.0095000000000000015,3146.7498280727655,1888.0498968436591
0.014499999999999999,-0.0095000000000000015,2482.7764256134274,1489.6658553680563
0.014999999999999999,-0.0095000000000000015,1914.0704911720054,1148.4422947032033
0.0155,-0.0095000000000000015,1440.5725196502747,864.34351179016483
0.016000000000000007,-0.0095000000000000015,1057.6642913655407,634.59857481932443
0.016500000000000001,-0.0095000000000000015,757.06499065890625,454.23899439534375
0.017000000000000001,-0.0095000000000000015,528.05366587728361,316.83219952637018
0.017500000000000002,-0.0095000000000000015,358.76596161446702,215.25957696868019
0.017999999999999995,-0.0095000000000000015,237.35355054511865,142.4121303270712
0.018500000000000003,-0.0095000000000000015,152.87011721189168,91.722070327135
0.019000000000000003,-0.0095000000000000015,95.830871248283216,57.498522748969926
0.019500000000000003,-0.0095000000000000015,58.462305825066181,35.077383495039705
0.019999999999999997,-0.0095000000000000015,34.7040548410586,20.822432904635161
0.020499999999999997,-0.0095000000000000015,20.043604909988094,12.026162945992857
0.021000000000000005,-0.0095000000000000015,11.262359621005759,6.7574157726034549
0.021500000000000005,-0.0095000000000000015,6.1562274284289265,3.6937364570573559
0.021999999999999999,-0.0095000000000000015,3.2734900495751638,1.9640940297450982
0.022499999999999999,-0.0095000000000000015,1.6931768845907937,1.0159061307544761
0.023000000000000007,-0.0095000000000000015,0.85187503089196426,0.51112501853517855
0.023500000000000007,-0.0095000000000000015,0.41689026431084264,0.25013415858650556
0.024,-0.0095000000000000015,0.19844132834333328,0.11906479700599996
0.024500000000000001,-0.0095000000000000015,0.091875749237759402,0.055125449542655643
0.025000000000000001,-0.0095000000000000015,0.041373595811211743,0.024824157486727044
-0.025000000000000001,-0.0090000000000000011,0.060236658914570952,0.036141995348742573
-0.024500000000000001,-0.0090000000000000011,0.13173061300086494,0.079038367800518969
-0.024,-0.0090000000000000011,0.28050344175622766,0.1683020650537366
-0.0235,-0.0090000000000000011,0.58155493041414541,0.34893295824848725
-0.023,-0.0090000000000000011,1.173874282583858,0.70432456955031475
-0.022500000000000003,-0.0090000000000000011,2.3068012083885279,1.3840807250331166
-0.022000000000000002,-0.0090000000000000011,4.4130472842920794,2.6478283705752474
-0.021500000000000002,-0.0090000000000000011,8.2184912217640864,4.931094733058452
-0.021000000000000001,-0.0090000000000000011,14.899092280899467,8.9394553685396794
-0.020500000000000001,-0.0090000000000000011,26.29271410681595,15.77562846408957
-0.02,-0.0090000000000000011,45.166681890605147,27.100009134363088
-0.0195,-0.0090000000000000011,75.529073986482814,45.317444391889687
-0.019,-0.0090000000000000011,122.95259388405388,73.771556330432333
-0.018500000000000003,-0.0090000000000000011,194.85581916330554,116.91349149798332
-0.018000000000000002,-0.0090000000000000011,300.66193497407971,180.39716098444782
-0.017500000000000002,-0.0090000000000000011,451.73714416532709,271.04228649919622
-0.017000000000000001,-0.0090000000000000011,661.00960709833305,396.60576425899984
-0.016500000000000001,-0.0090000000000000011,942.19489282365771,565.31693569419463
-0.016,-0.0090000000000000011,1308.6117256788402,785.16703540730407
-0.0155,-0.0090000000000000011,1771.6603712495685,1062.996222749741
-0.015000000000000001,-0.0090000000000000011,2339.1418005004716,1403.485080300283
-0.014500000000000001,-0.0090000000000000011,3013.6932036539374,1808.2159221923623
-0.014,-0.0090000000000000011,3791.6710851115281,2275.0026510669168
-0.0135,-0.0090000000000000011,4662.7951510191888,2797.677090611513
-0.012999999999999999,-0.0090000000000000011,5610.7566039847443,3366.4539623908463
-0.012500000000000001,-0.0090000000000000011,6614.8009599035213,3968.8805759421125
-0.012,-0.0090000000000000011,7652.0566808796239,4591.2340085277738
-0.0115,-0.0090000000000000011,8700.1610072943968,5220.0966043766375
-0.010999999999999999,-0.0090000000000000011,9739.6063778636326,5843.7638267181792
-0.010499999999999999,-0.0090000000000000011,10755.251862071978,6453.1511172431865
-0.010000000000000002,-0.0090000000000000011,11736.631134035857,7041.9786804215137
-0.0095000000000000015,-0.0090000000000000011,12677.005026218656,7606.2030157311929
-0.0090000000000000011,-0.0090000000000000011,13571.466815495547,8142.8800892973277
-0.0085000000000000006,-0.0090000000000000011,14414.701227864705,8648.8207367188224
-0.0080000000000000002,-0.0090000000000000011,15199.124484187347,9119.4746905124084
-0.0074999999999999997,-0.0090000000000000011,15914.041395057257,9548.4248370343539
-0.0069999999999999993,-0.0090000000000000011,16546.165110412228,9927.6990662473363
-0.0064999999999999988,-0.0090000000000000011,17081.441211731744,10248.864727039047
-0.0059999999999999984,-0.0090000000000000011,17507.725610529851,10504.635366317911
-0.0054999999999999979,-0.0090000000000000011,17817.607601265263,10690.564560759158
-0.005000000000000001,-0.0090000000000000011,18010.623366048982,10806.374019629389
-0.0044999999999999971,-0.0090000000000000011,18094.279360189779,10856.567616113867
-0.0040000000000000001,-0.0090000000000000011,18083.637385215388,10850.182431129233
-0.0035000000000000031,-0.0090000000000000011,17999.595655981437,10799.757393588861
-0.0029999999999999992,-0.0090000000000000011,17866.316410179192,10719.789846107515
-0.0025000000000000022,-0.0090000000000000011,17708.413614614008,10625.048168768404
-0.0019999999999999983,-0.0090000000000000011,17548.491150889495,10529.094690533697
-0.0015000000000000013,-0.0090000000000000011,17405.438538444065,10443.263123066439
-0.00099999999999999742,-0.0090000000000000011,17293.618893885734,10376.171336331439
-0.00050000000000000044,-0.0090000000000000011,17222.812818210325,10333.687690926194
0,-0.0090000000000000011,17198.593508784725,10319.156105270835
0.00050000000000000044,-0.0090000000000000011,17222.752225105087,10333.651335063052
0.0010000000000000009,-0.0090000000000000011,17293.475851121428,10376.085510672856
0.0015000000000000013,-0.0090000000000000011,17405.164328006947,10443.098596804168
0.0020000000000000018,-0.0090000000000000011,17547.999884719156,10528.799930831494
0.0024999999999999988,-0.0090000000000000011,17707.566175543103,10624.539705325862
0.0030000000000000027,-0.0090000000000000011,17864.898349131414,10718.939009478849
0.0034999999999999996,-0.0090000000000000011,17997.289346365185,10798.37360781911
0.0040000000000000036,-0.0090000000000000011,18079.989866497162,10847.993919898297
0.0045000000000000005,-0.0090000000000000011,18088.668972332613,10853.201383399568
0.0049999999999999975,-0.0090000000000000011,18002.230331375704,10801.338198825422
0.0055000000000000014,-0.0090000000000000011,17805.395793308318,10683.23747598499
0.0059999999999999984,-0.0090000000000000011,17490.444295087913,10494.266577052747
0.0064999999999999988,-0.0090000000000000011,17057.655848222283,10234.593508933369
0.0069999999999999993,-0.0090000000000000011,16514.324672913561,9908.5948037481357
0.0074999999999999997,-0.0090000000000000011,15872.58566981655,9523.5514018899303
0.0080000000000000002,-0.0090000000000000011,15146.628477232935,9087.9770863397607
0.0085000000000000006,-0.0090000000000000011,14350.045904544964,8610.0275427269789
0.0090000000000000011,-0.0090000000000000011,13494.017324245466,8096.4103945472789
0.0095000000000000015,-0.0090000000000000011,12586.77125363364,7552.0627521801835
0.010000000000000002,-0.0090000000000000011,11634.382874216011,6980.6297245296064
0.010500000000000002,-0.0090000000000000011,10642.563517232373,6385.5381103394238
0.011000000000000003,-0.0090000000000000011,9618.8143314277604,5771.2885988566559
0.011500000000000003,-0.0090000000000000011,8574.229633111092,5144.537779866655
0.012000000000000004,-0.0090000000000000011,7524.3640572458726,4514.6184343475234
0.012499999999999997,-0.0090000000000000011,6488.8695857202219,3893.3217514321332
0.013000000000000005,-0.0090000000000000011,5489.9645575488394,3293.9787345293034
0.013499999999999998,-0.0090000000000000011,4550.1068061795031,2730.0640837077017
0.014000000000000005,-0.0090000000000000011,3689.4228252913927,2213.6536951748353
0.014499999999999999,-0.0090000000000000011,2923.4594310680131,1754.0756586408079
0.014999999999999999,-0.0090000000000000011,2261.6923092474535,1357.0153855484721
0.0155,-0.0090000000000000011,1707.0050479205556,1024.2030287523332
0.016000000000000007,-0.0090000000000000011,1256.1157186958883,753.66943121753297
0.016500000000000001,-0.0090000000000000011,900.73916749749662,540.443500498498
0.017000000000000001,-0.0090000000000000011,629.16916935068764,377.50150161041256
0.017500000000000002,-0.0090000000000000011,427.9517799502907,256.77106797017439
0.017999999999999995,-0.0090000000000000011,283.38061758738041,170.02837055242824
0.018500000000000003,-0.0090000000000000011,182.64400599288081,109.58640359572848
0.019000000000000003,-0.0090000000000000011,114.55954561742215,68.73572737045329
0.019500000000000003,-0.0090000000000000011,69.918651657687263,41.951190994612354
0.019999999999999997,-0.0090000000000000011,41.519078150013783,24.911446890008268
0.020499999999999997,-0.0090000000000000011,23.986200532512349,14.391720319507408
0.021000000000000005,-0.0090000000000000011,13.480555366992892,8.0883332201957341
0.021500000000000005,-0.0090000000000000011,7.3699722969948711,4.4219833781969227
0.021999999999999999,-0.0090000000000000011,3.9193977989242272,2.3516386793545361
0.022499999999999999,-0.0090000000000000011,2.0274747283322201,1.216484836999332
0.023000000000000007,-0.0090000000000000011,1.0201502413565076,0.61209014481390456
0.023500000000000007,-0.0090000000000000011,0.49927238050908346,0.29956342830545007
0.024,-0.0090000000000000011,0.23766733866828046,0.14260040320096828
0.024500000000000001,-0.0090000000000000011,0.11004116832902748,0.066024700997416488
0.025000000000000001,-0.0090000000000000011,0.049555381994179248,0.029733229196507546
-0.025000000000000001,-0.0085000000000000006,0.075098235236939578,0.045058941142163744
-0.024500000000000001,-0.0085000000000000006,0.16345858350610359,0.098075150103662148
-0.024,-0.0085000000000000006,0.3465118209800101,0.20790709258800605
-0.0235,-0.0085000000000000006,0.71537501033781314,0.42922500620268789
-0.023,-0.0085000000000000006,1.438231771892343,0.8629390631354058
-0.022500000000000003,-0.0085000000000000006,2.8156508261555784,1.689390495693347
-0.022000000000000002,-0.0085000000000000006,5.3673605897565713,3.2204163538539428
-0.021500000000000002,-0.0085000000000000006,9.9621812575170363,5.9773087545102213
-0.021000000000000001,-0.0085000000000000006,18.002897121862411,10.801738273117445
-0.020500000000000001,-0.0085000000000000006,31.674585393367405,19.004751236020443
-0.02,-0.0085000000000000006,54.256386950820087,32.553832170492051
-0.0195,-0.0085000000000000006,90.481246126029191,54.288747675617515
-0.019,-0.0085000000000000006,146.90523945959629,88.14314367575777
-0.018500000000000003,-0.0085000000000000006,232.21951227716499,139.33170736629899
-0.018000000000000002,-0.0085000000000000006,357.40862633906545,214.44517580343927
-0.017500000000000002,-0.0085000000000000006,535.63810200478611,321.38286120287165
-0.017000000000000001,-0.0085000000000000006,781.7527634397228,469.05165806383366
-0.016500000000000001,-0.0085000000000000006,1111.2979762244056,666.77878573464329
-0.016,-0.0085000000000000006,1539.0455689651044,923.42734137906257
-0.0155,-0.0085000000000000006,2077.1132598184131,1246.2679558910479
-0.015000000000000001,-0.0085000000000000006,2732.8952382347697,1639.7371429408618
-0.014500000000000001,-0.0085000000000000006,3507.1422697391026,2104.2853618434615
-0.014,-0.0085000000000000006,4392.602673248778,2635.5616039492666
-0.0135,-0.0085000000000000006,5373.621987056772,3224.1731922340632
-0.012999999999999999,-0.0085000000000000006,6426.9755722843192,3856.1853433705915
-0.012500000000000001,-0.0085000000000000006,7523.9802255968161,4514.3881353580891
-0.012,-0.0085000000000000006,8633.6394275103466,5180.1836565062076
-0.0115,-0.0085000000000000006,9726.2946236815915,5835.7767742089545
-0.010999999999999999,-0.0085000000000000006,10777.067594543154,6466.240556725892
-0.010499999999999999,-0.0085000000000000006,11768.358120460791,7061.0148722764743
-0.010000000000000002,-0.0085000000000000006,12690.836663294651,7614.5019979767903
-0.0095000000000000015,-0.0085000000000000006,13542.714675783638,8125.6288054701827
-0.0090000000000000011,-0.0085000000000000006,14327.49964091666,8596.4997845499947
-0.0085000000000000006,-0.0085000000000000006,15050.828678638278,9030.497207182967
-0.0080000000000000002,-0.0085000000000000006,15717.208412503573,9430.3250475021432
-0.0074999999999999997,-0.0085000000000000006,16327.497989975342,9796.4987939852053
-0.0069999999999999993,-0.0085000000000000006,16877.753765267254,10126.652259160352
-0.0064999999999999988,-0.0085000000000000006,17359.675687531231,10415.805412518739
-0.0059999999999999984,-0.0085000000000000006,17762.471529708771,10657.482917825262
-0.0054999999999999979,-0.0085000000000000006,18075.608253958264,10845.364952374957
-0.005000000000000001,-0.0085000000000000006,18291.740286656674,10975.044171994005
-0.0044999999999999971,-0.0085000000000000006,18409.124087278498,11045.474452367098
-0.0040000000000000001,-0.0085000000000000006,18433.016752989948,11059.810051793969
-0.0035000000000000031,-0.0085000000000000006,18375.838579784311,11025.503147870586
-0.0029999999999999992,-0.0085000000000000006,18256.166113935615,10953.699668361369
-0.0025000000000000022,-0.0085000000000000006,18096.839399307202,10858.10363958432
-0.0019999999999999983,-0.0085000000000000006,17922.575897054452,10753.545538232671
-0.0015000000000000013,-0.0085000000000000006,17757.484064942524,10654.490438965515
-0.00099999999999999742,-0.0085000000000000006,17622.79189746991,10573.675138481945
-0.00050000000000000044,-0.0085000000000000006,17534.993498114563,10520.996098868738
0,-0.0085000000000000006,17504.510838162874,10502.706502897725
0.00050000000000000044,-0.0085000000000000006,17534.894974897892,10520.936984938735
0.0010000000000000009,-0.0085000000000000006,17622.559312702928,10573.535587621756
0.0015000000000000013,-0.0085000000000000006,17757.038204077558,10654.222922446535
0.0020000000000000018,-0.0085000000000000006,17921.777107767142,10753.066264660285
0.0024999999999999988,-0.0085000000000000006,18095.461479775269,10857.27688786516
0.0030000000000000027,-0.0085000000000000006,18253.860374110423,10952.316224466254
0.0034999999999999996,-0.0085000000000000006,18372.088564973776,11023.253138984264
0.0040000000000000036,-0.0085000000000000006,18427.085958131076,11056.251574878645
0.0045000000000000005,-0.0085000000000000006,18400.001705179875,11040.001023107925
0.0049999999999999975,-0.0085000000000000006,18278.093374677348,10966.856024806408
0.0055000000000000014,-0.0085000000000000006,18055.752090510312,10833.451254306186
0.0059999999999999984,-0.0085000000000000006,17734.372445181682,10640.623467109008
0.0064999999999999988,-0.0085000000000000006,17321.00114669518,10392.600688017108
0.0069999999999999993,-0.0085000000000000006,16825.981829984867,10095.58909799092
0.0074999999999999997,-0.0085000000000000006,16260.091782873566,9756.0550697241397
0.0080000000000000002,-0.0085000000000000006,15631.85092095712,9379.1105525742714
0.0085000000000000006,-0.0085000000000000006,14945.700373956166,8967.4202243737
0.0090000000000000011,-0.0085000000000000006,14201.568266738115,8520.940960042868
0.0095000000000000015,-0.0085000000000000006,13395.996307521495,8037.5977845128964
0.010000000000000002,-0.0085000000000000006,12524.582971260692,7514.7497827564148
0.010500000000000002,-0.0085000000000000006,11585.12905219313,6951.0774313158772
0.011000000000000003,-0.0085000000000000006,10580.662064280985,6348.3972385685911
0.011500000000000003,-0.0085000000000000006,9521.5326459445405,5712.9195875667237
0.012000000000000004,-0.0085000000000000006,8426.0136922458223,5055.6082153474936
0.012499999999999997,-0.0085000000000000006,7319.218247859767,4391.5309487158602
0.013000000000000005,-0.0085000000000000006,6230.5700420221046,3738.3420252132628
0.013499999999999998,-0.0085000000000000006,5190.3929187889862,3114.2357512733915
0.014000000000000005,-0.0085000000000000006,4226.3489812143607,2535.8093887286163
0.014499999999999999,-0.0085000000000000006,3360.4239014754867,2016.2543408852919
0.014999999999999999,-0.0085000000000000006,2606.9638640514577,1564.1783184308745
0.0155,-0.0085000000000000006,1971.9849551212326,1183.1909730727396
0.016000000000000007,-0.0085000000000000006,1453.6880773722587,872.21284642335524
0.016500000000000001,-0.0085000000000000006,1043.8917689836851,626.33506139021108
0.017000000000000001,-0.0085000000000000006,729.98082775250225,437.98849665150135
0.017500000000000002,-0.0085000000000000006,496.96356002148605,298.17813601289163
0.017999999999999995,-0.0085000000000000006,329.30953864983218,197.58572318989931
0.018500000000000003,-0.0085000000000000006,212.36334035219403,127.41800421131641
0.019000000000000003,-0.0085000000000000006,133.25830537773302,79.954983226639811
0.019500000000000003,-0.0085000000000000006,81.358807977200016,48.815284786320007
0.019999999999999997,-0.0085000000000000006,48.325453847228445,28.995272308337064
0.020499999999999997,-0.0085000000000000006,27.924238950992333,16.7545433705954
0.021000000000000005,-0.0085000000000000006,15.696383547558668,9.4178301285352006
0.021500000000000005,-0.0085000000000000006,8.5825059040967098,5.1495035424580253
0.021999999999999999,-0.0085000000000000006,4.5646960783245962,2.7388176469947578
0.022499999999999999,-0.0085000000000000006,2.3614713743582403,1.4168828246149441
0.023000000000000007,-0.0085000000000000006,1.1882794553105682,0.71296767318634091
0.023500000000000007,-0.0085000000000000006,0.58158517630262363,0.34895110578157418
0.024,-0.0085000000000000006,0.27686114620797969,0.1661166877247878
0.024500000000000001,-0.0085000000000000006,0.12819196614545125,0.076915179687270754
0.025000000000000001,-0.0085000000000000006,0.057730685639704613,0.034638411383822766
-0.025000000000000001,-0.0080000000000000002,0.092879551368061017,0.05572773082083661
-0.024500000000000001,-0.0080000000000000002,0.20102189926702968,0.1206131395602178
-0.024,-0.0080000000000000002,0.42384286485991446,0.25430571891594866
-0.0235,-0.0080000000000000002,0.87051991800969086,0.5223119508058145
-0.023,-0.0080000000000000002,1.7415613416479505,1.0449368049887702
-0.022500000000000003,-0.0080000000000000002,3.3935889518735922,2.0361533711241551
-0.022000000000000002,-0.0080000000000000002,6.4404326490197326,3.8642595894118394
-0.021500000000000002,-0.0080000000000000002,11.903713305187424,7.1422279831124538
-0.021000000000000001,-0.0080000000000000002,21.42592952864042,12.855557717184253
-0.020500000000000001,-0.0080000000000000002,37.554975020021381,22.532985012012826
-0.02,-0.0080000000000000002,64.09882483206637,38.459294899239822
-0.0195,-0.0080000000000000002,106.53099313733762,63.91859588240257
-0.019,-0.0080000000000000002,172.40077605341344,103.44046563204806
-0.018500000000000003,-0.0080000000000000002,271.66937439667703,163.00162463800621
-0.018000000000000002,-0.0080000000000000002,416.85967502346915,250.11580501408147
-0.017500000000000002,-0.0080000000000000002,622.88393683803417,373.73036210282049
-0.017000000000000001,-0.0080000000000000002,906.4132734583269,543.84796407499607
-0.016500000000000001,-0.0080000000000000002,1284.6892025539439,770.81352153236628
-0.016,-0.0080000000000000002,1773.7593455544891,1064.2556073326934
-0.0155,-0.0080000000000000002,2386.244536809174,1431.7467220855044
-0.015000000000000001,-0.0080000000000000002,3128.8955122204056,1877.3373073322432
-0.014500000000000001,-0.0080000000000000002,4000.3398570620861,2400.2039142372514
-0.014,-0.0080000000000000002,4989.5084690903595,2993.7050814542158
-0.0135,-0.0080000000000000002,6075.2202544482861,3645.1321526689717
-0.012999999999999999,-0.0080000000000000002,7227.2654816926724,4336.3592890156033
-0.012500000000000001,-0.0080000000000000002,8409.0656924913455,5045.4394154948068
-0.012,-0.0080000000000000002,9581.6454267327044,5748.9872560396225
-0.0115,-0.0080000000000000002,10708.308623384311,6424.9851740305867
-0.010999999999999999,-0.0080000000000000002,11759.168042019926,7055.500825211956
-0.010499999999999999,-0.0080000000000000002,12714.61473051459,7628.7688383087534
-0.010000000000000002,-0.0080000000000000002,13566.978580914585,8140.1871485487509
-0.0095000000000000015,-0.0080000000000000002,14319.998995069729,8591.9993970418363
-0.0090000000000000011,-0.0080000000000000002,14986.211385976416,8991.7268315858491
-0.0085000000000000006,-0.0080000000000000002,15582.833791651332,9349.7002749907988
-0.0080000000000000002,-0.0080000000000000002,16127.078270991709,9676.2469625950253
-0.0074999999999999997,-0.0080000000000000002,16631.922265388483,9979.1533592330888
-0.0069999999999999993,-0.0080000000000000002,17103.231323378426,10261.938794027055
-0.0064999999999999988,-0.0080000000000000002,17538.7751993315,10523.2651195989
-0.0059999999999999984,-0.0080000000000000002,17929.227186221447,10757.536311732869
-0.0054999999999999979,-0.0080000000000000002,18260.802950557794,10956.481770334676
-0.005000000000000001,-0.0080000000000000002,18518.881811207411,11111.329086724447
-0.0044999999999999971,-0.0080000000000000002,18691.815796391256,11215.089477834754
-0.0040000000000000001,-0.0080000000000000002,18774.171813051427,11264.503087830855
-0.0035000000000000031,-0.0080000000000000002,18768.829385834484,11261.297631500691
-0.0029999999999999992,-0.0080000000000000002,18687.609574168324,11212.565744500995
-0.0025000000000000022,-0.0080000000000000002,18550.379996486568,11130.227997891941
-0.0019999999999999983,-0.0080000000000000002,18382.821672779464,11029.693003667679
-0.0015000000000000013,-0.0080000000000000002,18213.229521095967,10927.93771265758
-0.00099999999999999742,-0.0080000000000000002,18068.838021649812,10841.302812989887
-0.00050000000000000044,-0.0080000000000000002,17972.212817695858,10783.327690617514
0,-0.0080000000000000002,17938.22760137009,10762.936560822054
0.00050000000000000044,-0.0080000000000000002,17972.057009528209,10783.234205716924
0.0010000000000000009,-0.0080000000000000002,18068.470203712161,10841.082122227295
0.0015000000000000013,-0.0080000000000000002,18212.524420646114,10927.514652387668
0.0020000000000000018,-0.0080000000000000002,18381.558438595723,11028.935063157433
0.0024999999999999988,-0.0080000000000000002,18548.200904850215,11128.920542910129
0.0030000000000000027,-0.0080000000000000002,18683.963194062468,11210.377916437481
0.0034999999999999996,-0.0080000000000000002,18762.898977185447,11257.739386311268
0.0040000000000000036,-0.0080000000000000002,18764.792640193788,11258.875584116273
0.0045000000000000005,-0.0080000000000000002,18677.389332382209,11206.433599429325
0.0049999999999999975,-0.0080000000000000002,18497.300092487916,11098.380055492749
0.0055000000000000014,-0.0080000000000000002,18229.401697656693,10937.641018594015
0.0059999999999999984,-0.0080000000000000002,17884.790280681376,10730.874168408825
0.0064999999999999988,-0.0080000000000000002,17477.613885827486,10486.568331496492
0.0069999999999999993,-0.0080000000000000002,17021.357317997503,10212.814390798501
0.0074999999999999997,-0.0080000000000000002,16525.323658771678,9915.1941952630059
0.0080000000000000002,-0.0080000000000000002,15992.090855820594,9595.2545134923566
0.0085000000000000006,-0.0080000000000000002,15416.580099640747,9249.9480597844486
0.0090000000000000011,-0.0080000000000000002,14787.058969693682,8872.2353818162082
0.0095000000000000015,-0.0080000000000000002,14087.973276752393,8452.7839660514346
0.010000000000000002,-0.0080000000000000002,13304.058997129647,7982.4353982777875
0.010500000000000002,-0.0080000000000000002,12424.849674611985,7454.9098047671905
0.011000000000000003,-0.0080000000000000002,11448.565253968518,6869.1391523811108
0.011500000000000003,-0.0080000000000000002,10384.490647957888,6230.694388774732
0.012000000000000004,-0.0080000000000000002,9253.2986018836182,5551.9791611301707
0.012499999999999997,-0.0080000000000000002,8085.2477170649199,4851.1486302389521
0.013000000000000005,-0.0080000000000000002,6916.6626936411958,4149.9976161847171
0.013499999999999998,-0.0080000000000000002,5785.4551985454818,3471.2731191272892
0.014000000000000005,-0.0080000000000000002,4726.5888853047081,2835.953331182825
0.014499999999999999,-0.0080000000000000002,3768.3141387424303,2260.9884832454582
0.014999999999999999,-0.0080000000000000002,2929.7430959301396,1757.8458575580837
0.0155,-0.0080000000000000002,2219.9908447747625,1331.9945068648574
0.016000000000000007,-0.0080000000000000002,1638.7719303100089,983.26315818600528
0.016500000000000001,-0.0080000000000000002,1178.0905957174057,706.85435743044343
0.017000000000000001,-0.0080000000000000002,824.5392674371933,494.72356046231596
0.017500000000000002,-0.0080000000000000002,561.72262151972552,337.03357291183528
0.017999999999999995,-0.0080000000000000002,372.42276448267683,223.4536586896061
0.018500000000000003,-0.0080000000000000002,240.26810808970725,144.16086485382434
0.019000000000000003,-0.0080000000000000002,150.81902238017241,90.491413428103442
0.019500000000000003,-0.0080000000000000002,92.10444048848602,55.262664293091611
0.019999999999999997,-0.0080000000000000002,54.719433349235132,32.831660009541075
0.020499999999999997,-0.0080000000000000002,31.624041916429736,18.97442514985784
0.021000000000000005,-0.0080000000000000002,17.778325788048914,10.666995472829347
0.021500000000000005,-0.0080000000000000002,9.7218449494128354,5.8331069696477007
0.021999999999999999,-0.0080000000000000002,5.171070046103698,3.1026420276622186
0.022499999999999999,-0.0080000000000000002,2.6753331888326644,1.6051999132995987
0.023000000000000007,-0.0080000000000000002,1.346277734783246,0.80776664086994754
0.023500000000000007,-0.0080000000000000002,0.65893984992915289,0.39536390995749171
0.024,-0.0080000000000000002,0.31369477613259189,0.18821686567955512
0.024500000000000001,-0.0080000000000000002,0.1452499988386711,0.087149999303202649
0.025000000000000001,-0.0080000000000000002,0.065413882151305489,0.039248329290783292
-0.025000000000000001,-0.0074999999999999997,0.11433627680928664,0.068601766085571975
-0.024500000000000001,-0.0074999999999999997,0.24585762774717898,0.14751457664830739
-0.024,-0.0074999999999999997,0.51512449868019083,0.30907469920811448
-0.0235,-0.0074999999999999997,1.0515961915588103,0.63095771493528618
-0.023,-0.0074999999999999997,2.0915681119121619,1.254940867147297
-0.022500000000000003,-0.0074999999999999997,4.0528275838773666,2.4316965503264201
-0.022000000000000002,-0.0074999999999999997,7.6503927157989979,4.5902356294793982
-0.021500000000000002,-0.0074999999999999997,14.067768492527769,8.4406610955166617
-0.021000000000000001,-0.0074999999999999997,25.19762481709488,15.118574890256927
-0.020500000000000001,-0.0074999999999999997,43.960764961679494,26.376458977007697
-0.02,-0.0074999999999999997,74.700332493796182,44.820199496277709
-0.0195,-0.0074999999999999997,123.6274404225627,74.176464253537617
-0.019,-0.0074999999999999997,199.26439035593233,119.5586342135594
-0.018500000000000003,-0.0074999999999999997,312.79494048451568,187.67696429070941
-0.018000000000000002,-0.0074999999999999997,478.19447249221577,286.91668349532944
-0.017500000000000002,-0.0074999999999999997,711.98785815632436,427.19271489379463
-0.017000000000000001,-0.0074999999999999997,1032.4842543127254,619.49055258763519
-0.016500000000000001,-0.0074999999999999997,1458.3809142184327,875.02854853105964
-0.016,-0.0074999999999999997,2006.7218414210631,1204.0331048526377
-0.0155,-0.0074999999999999997,2690.3391552319849,1614.2034931391909
-0.015000000000000001,-0.0074999999999999997,3515.0755715042769,2109.0453429025661
-0.014500000000000001,-0.0074999999999999997,4477.2473476569121,2686.3484085941473
-0.014,-0.0074999999999999997,5561.9076521912393,3337.1445913147436
-0.0135,-0.0074999999999999997,6742.4600225797112,4045.4760135478264
-0.012999999999999999,-0.0074999999999999997,7982.0176812916843,4789.2106087750108
-0.012500000000000001,-0.0074999999999999997,9236.6093674522654,5541.9656204713592
-0.012,-0.0074999999999999997,10459.943028380862,6275.9658170285165
-0.0115,-0.0074999999999999997,11609.042710194164,6965.4256261164983
-0.010999999999999999,-0.0074999999999999997,12649.779401855694,7589.8676411134165
-0.010499999999999999,-0.0074999999999999997,13561.220556040455,8136.7323336242725
-0.010000000000000002,-0.0074999999999999997,14337.878201367919,8602.7269208207508
-0.0095000000000000015,-0.0074999999999999997,14989.327193891653,8993.5963163349916
-0.0090000000000000011,-0.0074999999999999997,15537.208609495407,9322.3251656972443
-0.0085000000000000006,-0.0074999999999999997,16010.195363024752,9606.1172178148499
-0.0080000000000000002,-0.0074999999999999997,16437.934984800024,9862.7609908800132
-0.0074999999999999997,-0.0074999999999999997,16845.188667782586,10107.113200669552
-0.0069999999999999993,-0.0074999999999999997,17247.312152749437,10348.387291649662
-0.0064999999999999988,-0.0074999999999999997,17647.903626608153,10588.742175964891
-0.0059999999999999984,-0.0074999999999999997,18038.967542517577,10823.380525510545
-0.0054999999999999979,-0.0074999999999999997,18403.430278824853,11042.058167294912
-0.005000000000000001,-0.0074999999999999997,18719.405396848317,11231.643238108989
-0.0044999999999999971,-0.0074999999999999997,18965.320185267112,11379.192111160266
-0.0040000000000000001,-0.0074999999999999997,19124.913626008238,11474.948175604943
-0.0035000000000000031,-0.0074999999999999997,19191.191475890144,11514.714885534086
-0.0029999999999999992,-0.0074999999999999997,19168.643216639022,11501.185929983412
-0.0025000000000000022,-0.0074999999999999997,19073.342224484186,11444.005334690512
-0.0019999999999999983,-0.0074999999999999997,18930.914867518808,11358.548920511284
-0.0015000000000000013,-0.0074999999999999997,18772.725440779075,11263.635264467444
-0.00099999999999999742,-0.0074999999999999997,18630.930344309316,11178.558206585589
-0.00050000000000000044,-0.0074999999999999997,18533.257432682203,11119.954459609322
0,-0.0074999999999999997,18498.425696610608,11099.055417966365
0.00050000000000000044,-0.0074999999999999997,18533.017782302126,11119.810669381275
0.0010000000000000009,-0.0074999999999999997,18630.364599201828,11178.218759521096
0.0015000000000000013,-0.0074999999999999997,18771.640917462064,11262.984550477238
0.0020000000000000018,-0.0074999999999999997,18928.971872123748,11357.383123274249
0.0024999999999999988,-0.0074999999999999997,19069.990537940765,11441.994322764458
0.0030000000000000027,-0.0074999999999999997,19163.034676397256,11497.820805838353
0.0034999999999999996,-0.0074999999999999997,19182.069844411053,11509.241906646632
0.0040000000000000036,-0.0074999999999999997,19110.487409629364,11466.292445777619
0.0045000000000000005,-0.0074999999999999997,18943.130670846665,11365.878402507999
0.0049999999999999975,-0.0074999999999999997,18686.210300777377,11211.726180466425
0.0055000000000000014,-0.0074999999999999997,18355.131641429565,11013.078984857739
0.0059999999999999984,-0.0074999999999999997,17970.6186140717,10782.37116844302
0.0064999999999999988,-0.0074999999999999997,17553.830689045659,10532.298413427396
0.0069999999999999993,-0.0074999999999999997,17121.380779550833,10272.8284677305
0.0074999999999999997,-0.0074999999999999997,16681.228093851256,10008.736856310754
0.0080000000000000002,-0.0074999999999999997,16230.309249648313,9738.1855497889883
0.0085000000000000006,-0.0074999999999999997,15754.478598749907,9452.6871592499447
0.0090000000000000011,-0.0074999999999999997,15230.889929450126,9138.5339576700753
0.0095000000000000015,-0.0074999999999999997,14632.445700319304,8779.4674201915823
0.010000000000000002,-0.0074999999999999997,13933.478488995268,8360.0870933971601
0.010500000000000002,-0.0074999999999999997,13115.529506420857,7869.3177038525137
0.011000000000000003,-0.0074999999999999997,12172.037590683211,7303.2225544099265
0.011500000000000003,-0.0074999999999999997,11110.974463476361,6666.5846780858164
0.012000000000000004,-0.0074999999999999997,9954.9089049583326,5972.9453429749992
0.012499999999999997,-0.0074999999999999997,8738.5411207344532,5243.1246724406719
0.013000000000000005,-0.0074999999999999997,7504.2758701191024,4502.5655220714616
0.013499999999999998,-0.0074999999999999997,6296.7689729598023,3778.061383775881
0.014000000000000005,-0.0074999999999999997,5157.5079398175021,3094.5047638905012
0.014499999999999999,-0.0074999999999999997,4120.3658540810002,2472.2195124486002
0.014999999999999999,-0.0074999999999999997,3208.7568914474168,1925.2541348684499
0.0155,-0.0074999999999999997,2434.6223909205019,1460.7734345523011
0.016000000000000007,-0.0074999999999999997,1799.096106156527,1079.4576636939162
0.016500000000000001,-0.0074999999999999997,1294.4203399491446,776.65220396948678
0.017000000000000001,-0.0074999999999999997,906.55288012941048,543.93172807764631
0.017500000000000002,-0.0074999999999999997,617.91491780324657,370.74895068194792
0.017999999999999995,-0.0074999999999999997,409.84553635467478,245.90732181280487
0.018500000000000003,-0.0074999999999999997,264.49628246951363,158.69776948170818
0.019000000000000003,-0.0074999999999999997,166.06924052222917,99.641544313337491
0.019500000000000003,-0.0074999999999999997,101.43778966419048,60.86267379851428
0.019999999999999997,-0.0074999999999999997,60.273779844945231,36.16426790696714
0.020499999999999997,-0.0074999999999999997,34.838326812850859,20.902996087710516
0.021000000000000005,-0.0074999999999999997,19.587202488299599,11.752321492979759
0.021500000000000005,-0.0074999999999999997,10.71181104421556,6.427086626529336
0.021999999999999999,-0.0074999999999999997,5.6979711269388531,3.4187826761633118
0.022499999999999999,-0.0074999999999999997,2.9480699245113087,1.7688419547067851
0.023000000000000007,-0.0074999999999999997,1.4835777347006258,0.89014664082037542
0.023500000000000007,-0.0074999999999999997,0.7261623937267645,0.43569743623605867
0.024,-0.0074999999999999997,0.3457044244564258,0.20742265467385548
0.024500000000000001,-0.0074999999999999997,0.16007420999252217,0.096044525995513302
0.025000000000000001,-0.0074999999999999997,0.07209100709037726,0.043254604254226357
-0.025000000000000001,-0.0069999999999999993,0.14047363369891189,0.084284180219347124
-0.024500000000000001,-0.0069999999999999993,0.29991483383675949,0.17994890030205568
-0.024,-0.0069999999999999993,0.62400717795193805,0.37440430677116282
-0.0235,-0.0069999999999999993,1.2651983525686887,0.7591190115412132
-0.023,-0.0069999999999999993,2.4997199419721245,1.4998319651832748
-0.022500000000000003,-0.0069999999999999993,4.8125126224796615,2.8875075734877966
-0.022000000000000002,-0.0069999999999999993,9.0278112316445807,5.4166867389867486
-0.021500000000000002,-0.0069999999999999993,16.500764250214257,9.9004585501285529
-0.021000000000000001,-0.0069999999999999993,29.384399326461974,17.630639595877184
-0.020500000000000001,-0.0069999999999999993,50.980110566633542,30.588066339980124
-0.02,-0.0069999999999999993,86.166123778084767,51.699674266850856
-0.0195,-0.0069999999999999993,141.87512319215509,85.125073915293044
-0.019,-0.0069999999999999993,227.55920124623904,136.53552074774342
-0.018500000000000003,-0.0069999999999999993,355.54059901997039,213.32435941198221
-0.018000000000000002,-0.0069999999999999993,541.10798950930268,324.66479370558159
-0.017500000000000002,-0.0069999999999999993,802.19290337843461,481.31574202706076
-0.017000000000000001,-0.0069999999999999993,1158.4654088023688,695.07924528142121
-0.016500000000000001,-0.0069999999999999993,1629.7381817477328,977.84290904863963
-0.016,-0.0069999999999999993,2233.6732594241307,1340.2039556544785
-0.0155,-0.0069999999999999993,2982.9425315404742,1789.7655189242844
-0.015000000000000001,-0.0069999999999999993,3882.1792891430609,2329.3075734858367
-0.014500000000000001,-0.0069999999999999993,4925.2323418934675,2955.1394051360803
-0.014,-0.0069999999999999993,6093.3414406640932,3656.004864398456
-0.0135,-0.0069999999999999993,7354.8385788498899,4412.903147309934
-0.012999999999999999,-0.0069999999999999993,8666.8090940551047,5200.085456433063
-0.012500000000000001,-0.0069999999999999993,9978.8218055479156,5987.2930833287492
-0.012,-0.0069999999999999993,11238.408873797835,6743.0453242787007
-0.0115,-0.0069999999999999993,12397.537299728374,7438.5223798370243
-0.010999999999999999,-0.0069999999999999993,13418.981343396194,8051.3888060377158
-0.010499999999999999,-0.0069999999999999993,14281.384600459749,8568.8307602758487
-0.010000000000000002,-0.0069999999999999993,14981.952290727739,8989.1713744366425
-0.0095000000000000015,-0.0069999999999999993,15536.128283234357,9321.6769699406141
-0.0090000000000000011,-0.0069999999999999993,15974.203076481823,9584.521845889094
-0.0085000000000000006,-0.0069999999999999993,16335.430271291963,9801.258162775177
-0.0080000000000000002,-0.0069999999999999993,16660.747232767375,9996.4483396604246
-0.0074999999999999997,-0.0069999999999999993,16985.477303439558,10191.286382063734
-0.0069999999999999993,-0.0069999999999999993,17333.376106899323,10400.025664139594
-0.0064999999999999988,-0.0069999999999999993,17713.089000463304,10627.853400277982
-0.0059999999999999984,-0.0069999999999999993,18117.590906114288,10870.554543668573
-0.0054999999999999979,-0.0069999999999999993,18526.599923347698,11115.959954008618
-0.005000000000000001,-0.0069999999999999993,18911.411387891232,11346.846832734738
-0.0044999999999999971,-0.0069999999999999993,19241.184822049188,11544.710893229512
-0.0040000000000000001,-0.0069999999999999993,19489.491277675057,11693.694766605035
-0.0035000000000000031,-0.0069999999999999993,19639.914535026099,11783.948721015659
-0.0029999999999999992,-0.0069999999999999993,19689.687366496779,11813.812419898068
-0.0025000000000000022,-0.0069999999999999993,19650.700346628062,11790.420207976837
-0.0019999999999999983,-0.0069999999999999993,19547.691693889632,11728.615016333779
-0.0015000000000000013,-0.0069999999999999993,19413.939979389812,11648.363987633888
-0.00099999999999999742,-0.0069999999999999993,19285.250935832355,11571.150561499413
-0.00050000000000000044,-0.0069999999999999993,19193.366112980322,11516.019667788192
0,-0.0069999999999999993,19160.05120668772,11496.030724012631
0.00050000000000000044,-0.0069999999999999993,19193.007602142949,11515.80456128577
0.0010000000000000009,-0.0069999999999999993,19284.404595625594,11570.642757375355
0.0015000000000000013,-0.0069999999999999993,19412.317560254036,11647.390536152421
0.0020000000000000018,-0.0069999999999999993,19544.785022488286,11726.871013492972
0.0024999999999999988,-0.0069999999999999993,19645.686309308767,11787.41178558526
0.0030000000000000027,-0.0069999999999999993,19681.297133784177,11808.778280270506
0.0034999999999999996,-0.0069999999999999993,19626.268807701519,11775.76128462091
0.0040000000000000036,-0.0069999999999999993,19467.910027053098,11680.746016231858
0.0045000000000000005,-0.0069999999999999993,19207.989876173531,11524.793925704118
0.0049999999999999975,-0.0069999999999999993,18861.752373433632,11317.051424060179
0.0055000000000000014,-0.0069999999999999993,18454.346397478421,11072.607838487053
0.0059999999999999984,-0.0069999999999999993,18015.342657800691,10809.205594680414
0.0064999999999999988,-0.0069999999999999993,17572.358292635221,10543.414975581132
0.0069999999999999993,-0.0069999999999999993,17144.985994426981,10286.991596656188
0.0074999999999999997,-0.0069999999999999993,16740.196479611499,10044.117887766899
0.0080000000000000002,-0.0069999999999999993,16350.144444884672,9810.0866669308034
0.0085000000000000006,-0.0069999999999999993,15952.884534203662,9571.7307205221969
0.0090000000000000011,-0.0069999999999999993,15515.95816800218,9309.5749008013081
0.0095000000000000015,-0.0069999999999999993,15002.242699319057,9001.3456195914332
0.010000000000000002,-0.0069999999999999993,14376.980667195001,8626.1884003169998
0.010500000000000002,-0.0069999999999999993,13614.642192804637,8168.7853156827814
0.011000000000000003,-0.0069999999999999993,12704.291816445802,7622.5750898674814
0.011500000000000003,-0.0069999999999999993,11652.439945234441,6991.463967140664
0.012000000000000004,-0.0069999999999999993,10482.890745968873,6289.7344475813234
0.012499999999999997,-0.0069999999999999993,9233.7244510539604,5540.234670632376
0.013000000000000005,-0.0069999999999999993,7952.1195671045689,4771.2717402627413
0.013499999999999998,-0.0069999999999999993,6688.0961711943191,4012.8577027165911
0.014000000000000005,-0.0069999999999999993,5488.3698171297428,3293.0218902778456
0.014499999999999999,-0.0069999999999999993,4391.3467579728431,2634.8080547837058
0.014999999999999999,-0.0069999999999999993,3423.9343806461043,2054.3606283876625
0.0155,-0.0069999999999999993,2600.3967943973739,1560.2380766384242
0.016000000000000007,-0.0069999999999999993,1923.0704713726511,1153.8422828235907
0.016500000000000001,-0.0069999999999999993,1384.4573574140964,830.67441444845781
0.017000000000000001,-0.0069999999999999993,970.0752948569268,582.04517691415606
0.017500000000000002,-0.0069999999999999993,661.46219137571325,396.87731482542796
0.017999999999999995,-0.0069999999999999993,438.85972968917628,263.31583781350577
0.018500000000000003,-0.0069999999999999993,283.28704230412808,169.97222538247684
0.019000000000000003,-0.0069999999999999993,177.90010636092453,106.74006381655471
0.019500000000000003,-0.0069999999999999993,108.67997335845209,65.207984015071247
0.019999999999999997,-0.0069999999999999993,64.584370104844552,38.750622062906729
0.020499999999999997,-0.0069999999999999993,37.333176484770959,22.399905890862573
0.021000000000000005,-0.0069999999999999993,20.99135105983056,12.594810635898336
0.021500000000000005,-0.0069999999999999993,11.48033776647504,6.8882026598850237
0.021999999999999999,-0.0069999999999999993,6.1070384855338071,3.664223091320284
0.022499999999999999,-0.0069999999999999993,3.1598234282276465,1.8958940569365879
0.023000000000000007,-0.0069999999999999993,1.5901818925113098,0.95410913550678589
0.023500000000000007,-0.0069999999999999993,0.7783577169219188,0.46701463015315126
0.024,-0.0069999999999999993,0.37055908136244647,0.22233544881746789
0.024500000000000001,-0.0069999999999999993,0.17158503556183199,0.1029510213370992
0.025000000000000001,-0.0069999999999999993,0.077275791003920624,0.046365474602352373
-0.025000000000000001,-0.0064999999999999988,0.17252073785182892,0.10351244271109734
-0.024500000000000001,-0.0064999999999999988,0.36561361469008535,0.21936816881405122
-0.024,-0.0064999999999999988,0.75510702833935484,0.45306421700361288
-0.0235,-0.0064999999999999988,1.5198501681571892,0.91191010089431346
-0.023,-0.0064999999999999988,2.9812407678298238,1.7887444606978942
-0.022500000000000003,-0.0064999999999999988,5.6989164242551027,3.4193498545530616
-0.022000000000000002,-0.0064999999999999988,10.616435288134944,6.3698611728809666
-0.021500000000000002,-0.0064999999999999988,19.272860399116912,11.563716239470146
-0.021000000000000001,-0.0064999999999999988,34.094358575950665,20.4566151455704
-0.020500000000000001,-0.0064999999999999988,58.772499875800541,35.263499925480325
-0.02,-0.0064999999999999988,98.720345498919386,59.232207299351629
-0.0195,-0.0064999999999999988,161.57179182840574,96.943075097043433
-0.019,-0.0064999999999999988,257.65415534236018,154.5924932054161
-0.018500000000000003,-0.0064999999999999988,400.32233930241341,240.19340358144802
-0.018000000000000002,-0.0064999999999999988,606.00362006742273,363.60217204045364
-0.017500000000000002,-0.0064999999999999988,893.77864093961887,536.26718456377125
-0.017000000000000001,-0.0064999999999999988,1284.3334534638152,770.60007207828914
-0.016500000000000001,-0.0064999999999999988,1798.1754899005498,1078.9052939403298
-0.016,-0.0064999999999999988,2453.1222374205695,1471.8733424523416
-0.0155,-0.0064999999999999988,3261.2400468019082,1956.7440280811447
-0.015000000000000001,-0.0064999999999999988,4225.6074134245118,2535.3644480547068
-0.014500000000000001,-0.0064999999999999988,5337.4577093514154,3202.4746256108492
-0.014,-0.0064999999999999988,6574.3630570726646,3944.6178342435987
-0.0135,-0.0064999999999999988,7900.0975488066724,4740.0585292840033
-0.012999999999999999,-0.0064999999999999988,9266.6289921067983,5559.977395264079
-0.012500000000000001,-0.0064999999999999988,10618.337982443249,6371.0027894659488
-0.012,-0.0064999999999999988,11898.10513407195,7138.8630804431696
-0.0115,-0.0064999999999999988,13054.440303306515,7832.6641819839087
-0.010999999999999999,-0.0064999999999999988,14048.473344826632,8429.0840068959787
-0.010499999999999999,-0.0064999999999999988,14859.495210693485,8915.6971264160911
-0.010000000000000002,-0.0064999999999999988,15487.89485733756,9292.7369144025361
-0.0095000000000000015,-0.0064999999999999988,15954.772870231651,9572.8637221389909
-0.0090000000000000011,-0.0064999999999999988,16298.141742781445,9778.885045668867
-0.0085000000000000006,-0.0064999999999999988,16566.303825120809,9939.7822950724858
-0.0080000000000000002,-0.0064999999999999988,16809.572110775549,10085.74326646533
-0.0074999999999999997,-0.0064999999999999988,17071.834171735882,10243.100503041529
-0.0069999999999999993,-0.0064999999999999988,17383.485194657133,10430.09111679428
-0.0064999999999999988,-0.0064999999999999988,17756.977449497434,10654.186469698459
-0.0059999999999999984,-0.0064999999999999988,18185.722730439018,10911.43363826341
-0.0054999999999999979,-0.0064999999999999988,18646.454714669504,11187.872828801703
-0.005000000000000001,-0.0064999999999999988,19104.533468388967,11462.72008103338
-0.0044999999999999971,-0.0064999999999999988,19521.162902142842,11712.697741285705
-0.0040000000000000001,-0.0064999999999999988,19861.172363888545,11916.703418333127
-0.0035000000000000031,-0.0064999999999999988,20099.92988184432,12059.957929106591
-0.0029999999999999992,-0.0064999999999999988,20228.117126745092,12136.870276047055
-0.0025000000000000022,-0.0064999999999999988,20253.482143987374,12152.089286392424
-0.0019999999999999983,-0.0064999999999999988,20199.238883934064,12119.543330360439
-0.0015000000000000013,-0.0064999999999999988,20099.413703251954,12059.648221951173
-0.00099999999999999742,-0.0064999999999999988,19992.035014755122,11995.221008853072
-0.00050000000000000044,-0.0064999999999999988,19911.503207841335,11946.9019247048
0,-0.0064999999999999988,19881.663515281729,11928.998109169037
0.00050000000000000044,-0.0064999999999999988,19910.981577650913,11946.588946590547
0.0010000000000000009,-0.0064999999999999988,19990.803597020429,11994.482158212257
0.0015000000000000013,-0.0064999999999999988,20097.053097338492,12058.231858403095
0.0020000000000000018,-0.0064999999999999988,20195.009701999981,12117.005821199988
0.0024999999999999988,-0.0064999999999999988,20246.186762735222,12147.712057641133
0.0030000000000000027,-0.0064999999999999988,20215.909410181604,12129.545646108962
0.0034999999999999996,-0.0064999999999999988,20080.075465740843,12048.045279444506
0.0040000000000000036,-0.0064999999999999988,19829.771829516867,11897.86309771012
0.0045000000000000005,-0.0064999999999999988,19472.86454088505,11683.718724531029
0.0049999999999999975,-0.0064999999999999988,19032.280028694757,11419.368017216853
0.0055000000000000014,-0.0064999999999999988,18541.326454853817,11124.795872912289
0.0059999999999999984,-0.0064999999999999988,18036.952406982979,10822.171444189788
0.0064999999999999988,-0.0064999999999999988,17552.215477834419,10531.329286700651
0.0069999999999999993,-0.0064999999999999988,17109.379198410905,10265.627519046542
0.0074999999999999997,-0.0064999999999999988,16714.952678895563,10028.971607337337
0.0080000000000000002,-0.0064999999999999988,16357.647721049734,9814.5886326298405
0.0085000000000000006,-0.0064999999999999988,16009.703061958537,9605.8218371751209
0.0090000000000000011,-0.0064999999999999988,15631.399335151051,9378.8396010906308
0.0095000000000000015,-0.0064999999999999988,15177.973929246455,9106.7843575478728
0.010000000000000002,-0.0064999999999999988,14607.666339009789,8764.5998034058739
0.010500000000000002,-0.0064999999999999988,13889.390731793428,8333.6344390760569
0.011000000000000003,-0.0064999999999999988,13008.606218996267,7805.1637313977599
0.011500000000000003,-0.0064999999999999988,11970.330049463104,7182.198029677862
0.012000000000000004,-0.0064999999999999988,10798.832744492394,6479.2996466954364
0.012499999999999997,-0.0064999999999999988,9534.2277285998043,5720.536637159882
0.013000000000000005,-0.0064999999999999988,8226.7618662762306,4936.0571197657382
0.013499999999999998,-0.0064999999999999988,6929.9930699059423,4157.9958419435652
0.014000000000000005,-0.0064999999999999988,5694.1345387425572,3416.4807232455341
0.014499999999999999,-0.0064999999999999988,4560.6587683584839,2736.3952610150905
0.014999999999999999,-0.0064999999999999988,3558.8650057689365,2135.3190034613617
0.0155,-0.0064999999999999988,2704.6392835599072,1622.7835701359443
0.016000000000000007,-0.0064999999999999988,2001.1978474491946,1200.7187084695167
0.016500000000000001,-0.0064999999999999988,1441.2939963246338,864.77639779478022
0.017000000000000001,-0.0064999999999999988,1010.227455074253,606.13647304455185
0.017500000000000002,-0.0064999999999999988,689.01666320255333,413.40999792153201
0.017999999999999995,-0.0064999999999999988,457.23327986948681,274.33996792169205
0.018500000000000003,-0.0064999999999999988,295.19403460523375,177.11642076314024
0.019000000000000003,-0.0064999999999999988,185.40059862651717,111.2403591759103
0.019500000000000003,-0.0064999999999999988,113.27313381340348,67.963880288042077
0.019999999999999997,-0.0064999999999999988,67.319079191949967,40.391447515169979
0.020499999999999997,-0.0064999999999999988,38.916327950829938,23.349796770497964
0.021000000000000005,-0.0064999999999999988,21.882545405525864,13.129527243315518
0.021500000000000005,-0.0064999999999999988,11.968182967554549,7.1809097805327289
0.021999999999999999,-0.0064999999999999988,6.366736018492948,3.8200416110957685
0.022499999999999999,-0.0064999999999999988,3.294267835586155,1.9765607013516928
0.023000000000000007,-0.0064999999999999988,1.6578707145957603,0.99472242875745609
0.023500000000000007,-0.0064999999999999988,0.81150122300387706,0.48690073380232624
0.024,-0.0064999999999999988,0.38634222375032057,0.23180533425019234
0.024500000000000001,-0.0064999999999999988,0.17889485996038076,0.10733691597622845
0.025000000000000001,-0.0064999999999999988,0.080568419308225517,0.048341051584935311
-0.025000000000000001,-0.0059999999999999984,0.21183202704940285,0.12709921622964171
-0.024500000000000001,-0.0059999999999999984,0.44565477830762962,0.26739286698457776
-0.024,-0.0059999999999999984,0.91365120603944494,0.54819072362366694
-0.0235,-0.0059999999999999984,1.8253680297396961,1.0952208178438176
-0.023,-0.0059999999999999984,3.5540122921230801,2.1324073752738482
-0.022500000000000003,-0.0059999999999999984,6.7436229024324588,4.0461737414594747
-0.022000000000000002,-0.0059999999999999984,12.470330289649805,7.4821981737898824
-0.021500000000000002,-0.0059999999999999984,22.473701526706783,13.48422091602407
-0.021000000000000001,-0.0059999999999999984,39.47137615026611,23.682825690159664
-0.020500000000000001,-0.0059999999999999984,67.561250180322176,40.536750108193303
-0.02,-0.0059999999999999984,112.69787679536302,67.618726077217801
-0.0195,-0.0059999999999999984,183.20194707510529,109.92116824506317
-0.019,-0.0059999999999999984,290.22438000197644,174.13462800118586
-0.018500000000000003,-0.0059999999999999984,448.04414515401669,268.82648709240999
-0.018000000000000002,-0.0059999999999999984,674.04081965861974,404.42449179517183
-0.017500000000000002,-0.0059999999999999984,988.16326377362054,592.8979582641723
-0.017000000000000001,-0.0059999999999999984,1411.7317803427688,847.03906820566124
-0.016500000000000001,-0.0059999999999999984,1965.4782706086669,1179.2869623652
-0.016,-0.0059999999999999984,2666.8548184113629,1600.1128910468176
-0.0155,-0.0059999999999999984,3526.8185000714329,2116.0911000428596
-0.015000000000000001,-0.0059999999999999984,4546.5018589255351,2727.9011153553211
-0.014500000000000001,-0.0059999999999999984,5714.3575844264287,3428.6145506558573
-0.014,-0.0059999999999999984,7004.4636316325541,4202.6781789795323
-0.0135,-0.0059999999999999984,8376.6355436117356,5025.9813261670415
-0.012999999999999999,-0.0059999999999999984,9778.7831105208279,5867.2698663124966
-0.012500000000000001,-0.0059999999999999984,11151.576658564907,6690.9459951389445
-0.012,-0.0059999999999999984,12435.012231547851,7461.0073389287099
-0.0115,-0.0059999999999999984,13575.986902045388,8145.5921412272328
-0.010999999999999999,-0.0059999999999999984,14535.63927502468,8721.3835650148067
-0.010499999999999999,-0.0059999999999999984,15295.087026930296,9177.0522161581775
-0.010000000000000002,-0.0059999999999999984,15858.365543305415,9515.0193259832486
-0.0095000000000000015,-0.0059999999999999984,16251.828587809381,9751.0971526856283
-0.0090000000000000011,-0.0059999999999999984,16519.92595869206,9911.9555752152355
-0.0085000000000000006,-0.0059999999999999984,16717.98071310583,10030.788427863497
-0.0080000000000000002,-0.0059999999999999984,16903.188814219455,10141.913288531672
-0.0074999999999999997,-0.0059999999999999984,17125.422351533514,10275.253410920108
-0.0069999999999999993,-0.0059999999999999984,17419.459642759317,10451.675785655591
-0.0064999999999999988,-0.0059999999999999984,17799.992094907095,10679.995256944256
-0.0059999999999999984,-0.0059999999999999984,18260.236142499358,10956.141685499615
-0.0054999999999999979,-0.0059999999999999984,18774.319570488598,11264.591742293158
-0.005000000000000001,-0.0059999999999999984,19302.940041893198,11581.764025135919
-0.0044999999999999971,-0.0059999999999999984,19801.224599386711,11880.734759632027
-0.0040000000000000001,-0.0059999999999999984,20227.342133838316,12136.40528030299
-0.0035000000000000031,-0.0059999999999999984,20550.294244836041,12330.176546901625
-0.0029999999999999992,-0.0059999999999999984,20755.456409389983,12453.273845633988
-0.0025000000000000022,-0.0059999999999999984,20846.84535389892,12508.107212339351
-0.0019999999999999983,-0.0059999999999999984,20845.692528402924,12507.415517041754
-0.0015000000000000013,-0.0059999999999999984,20785.608760616116,12471.365256369669
-0.00099999999999999742,-0.0059999999999999984,20705.301204768395,12423.180722861036
-0.00050000000000000044,-0.0059999999999999984,20640.310939289819,12384.18656357389
0,-0.0059999999999999984,20615.46053221398,12369.276319328388
0.00050000000000000044,-0.0059999999999999984,20639.572764151253,12383.743658490752
0.0010000000000000009,-0.0059999999999999984,20703.558587156105,12422.135152293662
0.0015000000000000013,-0.0059999999999999984,20782.268193621996,12469.360916173197
0.0020000000000000018,-0.0059999999999999984,20839.707681249682,12503.824608749808
0.0024999999999999988,-0.0059999999999999984,20836.521432535563,12501.912859521337
0.0030000000000000027,-0.0059999999999999984,20738.180889239429,12442.908533543658
0.0034999999999999996,-0.0059999999999999984,20522.197641864517,12313.31858511871
0.0040000000000000036,-0.0059999999999999984,20182.906259081959,12109.743755449175
0.0045000000000000005,-0.0059999999999999984,19732.876083199542,11839.725649919725
0.0049999999999999975,-0.0059999999999999984,19200.69194767403,11520.415168604417
0.0055000000000000014,-0.0059999999999999984,18625.549293803855,11175.329576282313
0.0059999999999999984,-0.0059999999999999984,18049.706621494857,10829.823972896915
0.0064999999999999988,-0.0059999999999999984,17510.22704759987,10506.136228559923
0.0069999999999999993,-0.0059999999999999984,17031.563705225562,10218.938223135337
0.0074999999999999997,-0.0059999999999999984,16620.38822915194,9972.2329374911642
0.0080000000000000002,-0.0059999999999999984,16263.656526536139,9758.1939159216836
0.0085000000000000006,-0.0059999999999999984,15930.317627235621,9558.1905763413724
0.0090000000000000011,-0.0059999999999999984,15576.397999278213,9345.8387995669273
0.0095000000000000015,-0.0059999999999999984,15152.556198240767,9091.5337189444599
0.010000000000000002,-0.0059999999999999984,14612.726735557533,8767.6360413345192
0.010500000000000002,-0.0059999999999999984,13922.261946480032,8353.357167888018
0.011000000000000003,-0.0059999999999999984,13064.090898818571,7838.4545392911423
0.011500000000000003,-0.0059999999999999984,12041.828696594139,7225.0972179564833
0.012000000000000004,-0.0059999999999999984,10879.397615303227,6527.638569181936
0.012499999999999997,-0.0059999999999999984,9617.4184531136016,5770.4510718681604
0.013000000000000005,-0.0059999999999999984,8307.2347343144393,4984.340840588663
0.013499999999999998,-0.0059999999999999984,7003.810463160522,4202.2862778963126
0.014000000000000005,-0.0059999999999999984,5758.8248238813821,3455.2948943288293
0.014499999999999999,-0.0059999999999999984,4615.0851948468671,2769.0511169081201
0.014999999999999999,-0.0059999999999999984,3602.973899476061,2161.7843396856365
0.0155,-0.0059999999999999984,2739.1554140884055,1643.4932484530432
0.016000000000000007,-0.0059999999999999984,2027.3225303805611,1216.3935182283367
0.016500000000000001,-0.0059999999999999984,1460.4441471861326,876.2664883116795
0.017000000000000001,-0.0059999999999999984,1023.8358397759218,614.30150386555306
0.017500000000000002,-0.0059999999999999984,698.39820787081089,419.03892472248651
0.017999999999999995,-0.0059999999999999984,463.51127496214019,278.10676497728412
0.018500000000000003,-0.0059999999999999984,299.27380495607832,179.56428297364698
0.019000000000000003,-0.0059999999999999984,187.97612018184699,112.78567210910819
0.019500000000000003,-0.0059999999999999984,114.85301093756181,68.91180656253708
0.019999999999999997,-0.0059999999999999984,68.260966254569084,40.956579752741447
0.020499999999999997,-0.0059999999999999984,39.462162491087547,23.677297494652528
0.021000000000000005,-0.0059999999999999984,22.190058763565251,13.31403525813915
0.021500000000000005,-0.0059999999999999984,12.136624850163711,7.2819749100982261
0.021999999999999999,-0.0059999999999999984,6.4564484154514581,3.8738690492708745
0.022499999999999999,-0.0059999999999999984,3.3407297460818741,2.0044378476491245
0.023000000000000007,-0.0059999999999999984,1.6812700882561198,1.0087620529536718
0.023500000000000007,-0.0059999999999999984,0.82296136245006757,0.49377681747004054
0.024,-0.0059999999999999984,0.39180063887046335,0.23508038332227799
0.024500000000000001,-0.0059999999999999984,0.18142324958196279,0.10885394974917767
0.025000000000000001,-0.0059999999999999984,0.081707435474132714,0.049024461284479626
-0.025000000000000001,-0.0054999999999999979,0.25970445019380589,0.15582267011628353
-0.024500000000000001,-0.0054999999999999979,0.54265545974141072,0.32559327584484643
-0.024,-0.0054999999999999979,1.1047729993064692,0.66286379958388153
-0.0235,-0.0054999999999999979,2.1915379029236766,1.314922741754206
-0.023,-0.0054999999999999979,4.2361654281932148,2.5416992569159289
-0.022500000000000003,-0.0054999999999999979,7.9792765625825757,4.7875659375495454
-0.022000000000000002,-0.0054999999999999979,14.646609667458851,8.7879658004753107
-0.021500000000000002,-0.0054999999999999979,26.200375360673608,15.720225216404163
-0.021000000000000001,-0.0054999999999999979,45.675793400577739,27.405476040346642
-0.020500000000000001,-0.0054999999999999979,77.603600296877943,46.562160178126767
-0.02,-0.0054999999999999979,128.49957536415931,77.099745218495585
-0.0195,-0.0054999999999999979,207.37226893615579,124.42336136169347
-0.019,-0.0054999999999999979,326.16153779233059,195.69692267539835
-0.018500000000000003,-0.0054999999999999979,499.97856867666246,299.98714120599749
-0.018000000000000002,-0.0054999999999999979,746.98303226158532,448.1898193569512
-0.017500000000000002,-0.0054999999999999979,1087.7195689762227,652.63174138573356
-0.017000000000000001,-0.0054999999999999979,1543.7607741551799,926.25646449310784
-0.016500000000000001,-0.0054999999999999979,2135.5814455920422,1281.3488673552254
-0.016,-0.0054999999999999979,2879.7242731315605,1727.8345638789363
-0.0155,-0.0054999999999999979,3785.4999807571976,2271.2999884543183
-0.015000000000000001,-0.0054999999999999979,4851.6650816637521,2910.9990489982511
-0.014500000000000001,-0.0054999999999999979,6063.6893458751083,3638.2136075250651
-0.014,-0.0054999999999999979,7392.304392425347,4435.3826354552084
-0.0135,-0.0054999999999999979,8793.9617742374958,5276.3770645424975
-0.012999999999999999,-0.0054999999999999979,10213.59574432163,6128.157446592978
-0.012500000000000001,-0.0054999999999999979,11589.696612516769,6953.817967510061
-0.012,-0.0054999999999999979,12861.218385317052,7716.7310311902311
-0.0115,-0.0054999999999999979,13975.373845918803,8385.2243075512815
-0.010999999999999999,-0.0054999999999999979,14895.033929592588,8937.0203577555531
-0.010499999999999999,-0.0054999999999999979,15604.352502957003,9362.6115017742013
-0.010000000000000002,-0.0054999999999999979,16111.438156709952,9666.8628940259714
-0.0095000000000000015,-0.0054999999999999979,16447.373981266759,9868.4243887600551
-0.0090000000000000011,-0.0054999999999999979,16661.552713924437,9996.9316283546614
-0.0085000000000000006,-0.0054999999999999979,16814.003732658657,10088.402239595194
-0.0080000000000000002,-0.0054999999999999979,16965.981593678644,10179.588956207186
-0.0074999999999999997,-0.0054999999999999979,17170.432783699362,10302.259670219617
-0.0069999999999999993,-0.0054999999999999979,17463.988010912377,10478.392806547427
-0.0064999999999999988,-0.0054999999999999979,17861.84451813142,10717.106710878852
-0.0059999999999999984,-0.0054999999999999979,18356.373897759247,11013.824338655548
-0.0054999999999999979,-0.0054999999999999979,18919.624510353311,11351.774706211987
-0.005000000000000001,-0.0054999999999999979,19509.206698231363,11705.524018938817
-0.0044999999999999971,-0.0054999999999999979,20076.467697423097,12045.880618453857
-0.0040000000000000001,-0.0054999999999999979,20575.472854957712,12345.283712974628
-0.0035000000000000031,-0.0054999999999999979,20971.171977981219,12582.703186788731
-0.0029999999999999992,-0.0054999999999999979,21245.27156986573,12747.162941919438
-0.0025000000000000022,-0.0054999999999999979,21398.743047020133,12839.245828212079
-0.0019999999999999983,-0.0054999999999999979,21450.516952344384,12870.310171406631
-0.0015000000000000013,-0.0054999999999999979,21432.6421818456,12859.58530910736
-0.00099999999999999742,-0.0054999999999999979,21382.891583963072,12829.734950377842
-0.00050000000000000044,-0.0054999999999999979,21336.324652413656,12801.794791448194
0,-0.0054999999999999979,21317.551002378568,12790.530601427141
0.00050000000000000044,-0.0054999999999999979,21335.308655534925,12801.185193320955
0.0010000000000000009,-0.0054999999999999979,21380.493109722462,12828.295865833477
0.0015000000000000013,-0.0054999999999999979,21428.044349350435,12856.826609610262
0.0020000000000000018,-0.0054999999999999979,21442.27963072557,12865.367778435342
0.0024999999999999988,-0.0054999999999999979,21384.533584612833,12830.7201507677
0.0030000000000000027,-0.0054999999999999979,21221.494184751486,12732.896510850891
0.0034999999999999996,-0.0054999999999999979,20932.500855871207,12559.500513522724
0.0040000000000000036,-0.0054999999999999979,20514.312965254685,12308.587779152811
0.0045000000000000005,-0.0054999999999999979,19982.395335074143,11989.437201044486
0.0049999999999999975,-0.0054999999999999979,19368.476214155657,11621.085728493394
0.0055000000000000014,-0.0054999999999999979,18714.862620033447,11228.917572020067
0.0059999999999999984,-0.0054999999999999979,18066.608874465201,10839.96532467912
0.0064999999999999988,-0.0054999999999999979,17463.022655609893,10477.813593365936
0.0069999999999999993,-0.0054999999999999979,16930.102431166386,10158.061458699831
0.0074999999999999997,-0.0054999999999999979,16475.322551471854,9885.1935308831125
0.0080000000000000002,-0.0054999999999999979,16085.753075826797,9651.451845496078
0.0085000000000000006,-0.0054999999999999979,15729.893478970469,9437.9360873822807
0.0090000000000000011,-0.0054999999999999979,15362.915829967948,9217.7494979807689
0.0095000000000000015,-0.0054999999999999979,14934.376240854659,8960.6257445127958
0.010000000000000002,-0.0054999999999999979,14396.987107655812,8638.1922645934865
0.010500000000000002,-0.0054999999999999979,13714.846986023747,8228.9081916142477
0.011000000000000003,-0.0054999999999999979,12869.649330439095,7721.7895982634564
0.011500000000000003,-0.0054999999999999979,11863.815400251575,7118.2892401509444
0.012000000000000004,-0.0054999999999999979,10720.12813174144,6432.0768790448637
0.012499999999999997,-0.0054999999999999979,9478.1381668494578,5686.8829001096747
0.013000000000000005,-0.0054999999999999979,8188.2111451677592,4912.9266871006557
0.013499999999999998,-0.0054999999999999979,6904.456257302937,4142.6737543817617
0.014000000000000005,-0.0054999999999999979,5677.8533433666917,3406.712006020015
0.014499999999999999,-0.0054999999999999979,4550.6916054479489,2730.414963268769
0.014999999999999999,-0.0054999999999999979,3553.028197658236,2131.8169185949414
0.0155,-0.0054999999999999979,2701.3897269137397,1620.8338361482438
0.016000000000000007,-0.0054999999999999979,1999.4957548014579,1199.6974528808746
0.016500000000000001,-0.0054999999999999979,1440.4712119317978,864.28272715907872
0.017000000000000001,-0.0054999999999999979,1009.8751902345543,605.9251141407326
0.017500000000000002,-0.0054999999999999979,688.89769462406173,413.33861677443701
0.017999999999999995,-0.0054999999999999979,457.21797635877897,274.33078581526735
0.018500000000000003,-0.0054999999999999979,295.21659093959784,177.1299545637587
0.019000000000000003,-0.0054999999999999979,185.43082578960934,111.25849547376561
0.019500000000000003,-0.0054999999999999979,113.29932858307816,67.979597149846896
0.019999999999999997,-0.0054999999999999979,67.338260045851584,40.402956027510946
0.020499999999999997,-0.0054999999999999979,38.92905831357853,23.357434988147116
0.021000000000000005,-0.0054999999999999979,21.890429185541645,13.134257511324988
0.021500000000000005,-0.0054999999999999979,11.972806468295872,7.1836838809775232
0.021999999999999999,-0.0054999999999999979,6.3693257357319411,3.8215954414391646
0.022499999999999999,-0.0054999999999999979,3.2956606496579774,1.9773963897947864
0.023000000000000007,-0.0054999999999999979,1.6585925265969212,0.99515551595815266
0.023500000000000007,-0.0054999999999999979,0.81186254950340997,0.48711752970204597
0.024,-0.0054999999999999979,0.38651723626553447,0.23191034175932068
0.024500000000000001,-0.0054999999999999979,0.17897698505102741,0.10738619103061645
0.025000000000000001,-0.0054999999999999979,0.080605789212526882,0.048363473527516125
-0.025000000000000001,-0.005000000000000001,0.31711628753294707,0.19026977251976823
-0.024500000000000001,-0.005000000000000001,0.65862138674860604,0.39517283204916359
-0.024,-0.005000000000000001,1.3324752175462713,0.79948513052776271
-0.0235,-0.005000000000000001,2.626135993763075,1.575681596257845
-0.023,-0.005000000000000001,5.0424066226098399,3.025443973565904
-0.022500000000000003,-0.005000000000000001,9.4329552264383416,5.6597731358630048
-0.022000000000000002,-0.005000000000000001,17.193815267952345,10.316289160771406
-0.021500000000000002,-0.005000000000000001,30.53761400776397,18.32256840465838
-0.021000000000000001,-0.005000000000000001,52.851637232715966,31.710982339629577
-0.020500000000000001,-0.005000000000000001,89.137969036368943,53.482781421821365
-0.02,-0.005000000000000001,146.50983742562397,87.905902455374374
-0.0195,-0.005000000000000001,234.68643305483437,140.81185983290061
-0.019,-0.005000000000000001,366.38918459932052,219.83351075959231
-0.018500000000000003,-0.005000000000000001,557.50222585919732,334.50133551551841
-0.018000000000000002,-0.005000000000000001,826.82973068624949,496.09783841174965
-0.017500000000000002,-0.005000000000000001,1195.277934046735,717.16676042804102
-0.017000000000000001,-0.005000000000000001,1684.3260154628174,1010.5956092776904
-0.016500000000000001,-0.005000000000000001,2313.7396466267478,1388.2437879760487
-0.016,-0.005000000000000001,3098.6256766414149,1859.1754059848488
-0.0155,-0.005000000000000001,4046.1117781833782,2427.6670669100267
-0.015000000000000001,-0.005000000000000001,5152.1275114724276,3091.2765068834565
-0.014500000000000001,-0.005000000000000001,6398.9134439458685,3839.3480663675209
-0.014,-0.005000000000000001,7753.9363052631334,4652.3617831578795
-0.0135,-0.005000000000000001,9170.793480762979,5502.4760884577872
-0.012999999999999999,-0.005000000000000001,10592.429799638323,6355.4578797829936
-0.012500000000000001,-0.005000000000000001,11956.586159343824,7173.9516956062944
-0.012,-0.005000000000000001,13202.922438910457,7921.7534633462737
-0.0115,-0.005000000000000001,14280.812432391669,8568.4874594350003
-0.010999999999999999,-0.005000000000000001,15156.5141708353,9093.9085025011791
-0.010499999999999999,-0.005000000000000001,15818.371525563545,9491.022915338126
-0.010000000000000002,-0.005000000000000001,16278.945685044242,9767.3674110265456
-0.0095000000000000015,-0.005000000000000001,16573.479269080883,9944.0875614485285
-0.0090000000000000011,-0.005000000000000001,16754.762978353923,10052.857787012354
-0.0085000000000000006,-0.005000000000000001,16885.160366532764,10131.096219919658
-0.0080000000000000002,-0.005000000000000001,17027.09864753269,10216.259188519614
-0.0074999999999999997,-0.005000000000000001,17233.633127913476,10340.179876748085
-0.0069999999999999993,-0.005000000000000001,17540.681993339385,10524.409196003631
-0.0064999999999999988,-0.005000000000000001,17962.219404409421,10777.331642645653
-0.0059999999999999984,-0.005000000000000001,18489.180486754602,11093.50829205276
-0.0054999999999999979,-0.005000000000000001,19092.180006696402,11455.308004017841
-0.005000000000000001,-0.005000000000000001,19727.494758840927,11836.496855304556
-0.0044999999999999971,-0.005000000000000001,20345.213862437537,12207.128317462522
-0.0040000000000000001,-0.005000000000000001,20898.103807798307,12538.862284678984
-0.0035000000000000031,-0.005000000000000001,21349.620326374752,12809.772195824851
-0.0029999999999999992,-0.005000000000000001,21679.649552451217,13007.78973147073
-0.0025000000000000022,-0.005000000000000001,21886.963018927741,13132.177811356645
-0.0019999999999999983,-0.005000000000000001,21987.970199273845,13192.782119564306
-0.0015000000000000013,-0.005000000000000001,22012.052161313684,13207.23129678821
-0.00099999999999999742,-0.005000000000000001,21994.431599384279,13196.658959630568
-0.00050000000000000044,-0.005000000000000001,21968.039012444471,13180.823407466682
0,-0.005000000000000001,21956.05472891008,13173.632837346047
0.00050000000000000044,-0.005000000000000001,21966.678941390837,13180.007364834502
0.0010000000000000009,-0.005000000000000001,21991.220865713898,13194.732519428338
0.0015000000000000013,-0.005000000000000001,22005.897241926577,13203.538345155946
0.0020000000000000018,-0.005000000000000001,21976.943253298155,13186.165951978894
0.0024999999999999988,-0.005000000000000001,21867.941426526773,13120.764855916064
0.0030000000000000027,-0.005000000000000001,21647.819795980493,12988.691877588295
0.0034999999999999996,-0.005000000000000001,21297.852968723902,12778.71178123434
0.0040000000000000036,-0.005000000000000001,20816.231710186661,12489.739026111996
0.0045000000000000005,-0.005000000000000001,20219.283262003322,12131.569957201993
0.0049999999999999975,-0.005000000000000001,19539.104950011515,11723.462970006909
0.0055000000000000014,-0.005000000000000001,18818.074125328469,11290.84447519708
0.0059999999999999984,-0.005000000000000001,18101.284589839695,10860.770753903817
0.0064999999999999988,-0.005000000000000001,17428.333836325954,10457.000301795571
0.0069999999999999993,-0.005000000000000001,16825.992471977268,10095.59548318636
0.0074999999999999997,-0.005000000000000001,16303.119141375477,9781.8714848252857
0.0080000000000000002,-0.005000000000000001,15848.774823142958,9509.2648938857747
0.0085000000000000006,-0.005000000000000001,15433.908885492929,9260.3453312957572
0.0090000000000000011,-0.005000000000000001,15016.333981152628,9009.8003886915758
0.0095000000000000015,-0.005000000000000001,14548.094669947186,8728.8568019683116
0.010000000000000002,-0.005000000000000001,13983.884259653702,8390.3305557922213
0.010500000000000002,-0.005000000000000001,13288.972259618575,7973.3833557711441
0.011000000000000003,-0.005000000000000001,12445.219457777288,7467.1316746663724
0.011500000000000003,-0.005000000000000001,11454.160520234675,6872.4963121408045
0.012000000000000004,-0.005000000000000001,10336.737573514598,6202.0425441087582
0.012499999999999997,-0.005000000000000001,9129.934247186713,5477.9605483120276
0.013000000000000005,-0.005000000000000001,7881.1350865798086,4728.681051947885
0.013499999999999998,-0.005000000000000001,6641.3942148162678,3984.8365288897603
0.014000000000000005,-0.005000000000000001,5458.8748798665583,3275.3249279199349
0.014499999999999999,-0.005000000000000001,4373.5288447920184,2624.1173068752109
0.014999999999999999,-0.005000000000000001,3413.6985142054982,2048.2191085232989
0.0155,-0.005000000000000001,2594.860296935698,1556.9161781614187
0.016000000000000007,-0.005000000000000001,1920.3018516114689,1152.1811109668813
0.016500000000000001,-0.005000000000000001,1383.2256581708143,829.93539490248861
0.017000000000000001,-0.005000000000000001,969.63648851229618,581.78189310737764
0.017500000000000002,-0.005000000000000001,661.39235012611118,396.83541007566669
0.017999999999999995,-0.005000000000000001,438.933790119408,263.36027407164477
0.018500000000000003,-0.005000000000000001,283.39622746963829,170.03773648178296
0.019000000000000003,-0.005000000000000001,177.99907065388015,106.79944239232809
0.019500000000000003,-0.005000000000000001,108.75505887152019,65.253035322912112
0.019999999999999997,-0.005000000000000001,64.635831404491711,38.781498842695022
0.020499999999999997,-0.005000000000000001,37.366033349149319,22.419620009489591
0.021000000000000005,-0.005000000000000001,21.011199485070581,12.606719691042349
0.021500000000000005,-0.005000000000000001,11.491783238785693,6.895069943271416
0.021999999999999999,-0.005000000000000001,6.1133734733663285,3.6680240840197968
0.022499999999999999,-0.005000000000000001,3.1632012903146909,1.8979207741888144
0.023000000000000007,-0.005000000000000001,1.5919213253776687,0.95515279522660124
0.023500000000000007,-0.005000000000000001,0.7792243044828131,0.46753458268968784
0.024,-0.005000000000000001,0.37097731054616495,0.22258638632769898
0.024500000000000001,-0.005000000000000001,0.1717807511018499,0.10306845066110994
0.025000000000000001,-0.005000000000000001,0.07736466068772363,0.046418796412634175
-0.025000000000000001,-0.0044999999999999971,0.38441549418177112,0.23064929650906266
-0.024500000000000001,-0.0044999999999999971,0.79431200894506859,0.47658720536704113
-0.024,-0.0044999999999999971,1.598371973556848,0.95902318413410881
-0.0235,-0.0044999999999999971,3.1325027061574358,1.8795016236944613
-0.023,-0.0044999999999999971,5.9794666631933833,3.5876799979160299
-0.022500000000000003,-0.0044999999999999971,11.11786294049883,6.6707177642992974
-0.022000000000000002,-0.0044999999999999971,20.137164226329979,12.082298535797987
-0.021500000000000002,-0.0044999999999999971,35.532299494752664,21.319379696851598
-0.021000000000000001,-0.0044999999999999971,61.0837503427991,36.650250205679455
-0.020500000000000001,-0.0044999999999999971,102.31380668646834,61.388284011880998
-0.02,-0.0044999999999999971,166.98489378789853,100.19093627273911
-0.0195,-0.0044999999999999971,265.57200007448102,159.34320004468861
-0.019,-0.0044999999999999971,411.60166788764474,246.96100073258683
-0.018500000000000003,-0.0044999999999999971,621.7124821676631,373.02748930059784
-0.018000000000000002,-0.0044999999999999971,915.26865379852768,549.16119227911656
-0.017500000000000002,-0.0044999999999999971,1313.3643091510164,788.01858549060978
-0.017000000000000001,-0.0044999999999999971,1837.1062340006897,1102.2637404004138
-0.016500000000000001,-0.0044999999999999971,2505.1661984232423,1503.0997190539454
-0.016,-0.0044999999999999971,3330.7480233895203,1998.4488140337121
-0.0155,-0.0044999999999999971,4318.3000319654348,2590.9800191792606
-0.015000000000000001,-0.0044999999999999971,5460.4833266508995,3276.2899959905394
-0.014500000000000001,-0.0044999999999999971,6736.0298740235012,4041.6179244141003
-0.014,-0.0044999999999999971,8109.1386814791731,4865.4832088875037
-0.0135,-0.0044999999999999971,9530.9240925842132,5718.5544555505276
-0.012999999999999999,-0.0044999999999999971,10943.138641261725,6565.8831847570345
-0.012500000000000001,-0.0044999999999999971,12283.97759667396,7370.3865580043757
-0.012,-0.0044999999999999971,13495.310148975328,8097.1860893851963
-0.0115,-0.0044999999999999971,14530.279898709983,8718.1679392259903
-0.010999999999999999,-0.0044999999999999971,15359.98549842278,9215.9912990536686
-0.010499999999999999,-0.0044999999999999971,15977.973091558271,9586.7838549349617
-0.010000000000000002,-0.0044999999999999971,16401.571160566527,9840.9426963399164
-0.0095000000000000015,-0.0044999999999999971,16669.630853681156,10001.778512208693
-0.0090000000000000011,-0.0044999999999999971,16836.892967407432,10102.135780444458
-0.0085000000000000006,-0.0044999999999999971,16965.842479694405,10179.505487816643
-0.0080000000000000002,-0.0044999999999999971,17117.39120312587,10270.434721875521
-0.0074999999999999997,-0.0044999999999999971,17341.946936785691,10405.168162071413
-0.0069999999999999993,-0.0044999999999999971,17672.345524315053,10603.407314589031
-0.0064999999999999988,-0.0044999999999999971,18119.770376670411,10871.862226002246
-0.0059999999999999984,-0.0044999999999999971,18673.244917060558,11203.946950236334
-0.0054999999999999979,-0.0044999999999999971,19302.666264639534,11581.599758783721
-0.005000000000000001,-0.0044999999999999971,19964.762531758188,11978.857519054913
-0.0044999999999999971,-0.0044999999999999971,20610.891914219454,12366.535148531671
-0.0040000000000000001,-0.0044999999999999971,21195.322896161568,12717.19373769694
-0.0035000000000000031,-0.0044999999999999971,21682.577165815223,13009.546299489133
-0.0029999999999999992,-0.0044999999999999971,22052.58919333119,13231.553515998714
-0.0025000000000000022,-0.0044999999999999971,22302.819592841006,13381.691755704604
-0.0019999999999999983,-0.0044999999999999971,22447.002433772512,13468.201460263506
-0.0015000000000000013,-0.0044999999999999971,22510.82578022989,13506.495468137933
-0.00099999999999999742,-0.0044999999999999971,22525.430068262747,13515.258040957648
-0.00050000000000000044,-0.0044999999999999971,22520.04244037858,13512.025464227148
0,-0.0044999999999999971,22515.247339738762,13509.148403843257
0.00050000000000000044,-0.0044999999999999971,22518.271650276052,13510.962990165632
0.0010000000000000009,-0.0044999999999999971,22521.24974592579,13512.749847555473
0.0015000000000000013,-0.0044999999999999971,22502.812176599844,13501.687305959906
0.0020000000000000018,-0.0044999999999999971,22432.645531798433,13459.587319079059
0.0024999999999999988,-0.0044999999999999971,22278.053792945593,13366.832275767356
0.0030000000000000027,-0.0044999999999999971,22011.147374851582,13206.688424910948
0.0034999999999999996,-0.0044999999999999971,21615.176919102429,12969.106151461458
0.0040000000000000036,-0.0044999999999999971,21088.726774042734,12653.236064425641
0.0045000000000000005,-0.0044999999999999971,20446.93234735875,12268.159408415249
0.0049999999999999975,-0.0044999999999999971,19719.482104680596,11831.689262808357
0.0055000000000000014,-0.0044999999999999971,18945.784923423846,11367.470954054306
0.0059999999999999984,-0.0044999999999999971,18168.210850472133,10900.92651028328
0.0064999999999999988,-0.0044999999999999971,17424.660163629884,10454.796098177931
0.0069999999999999993,-0.0044999999999999971,16741.831543135122,10045.098925881073
0.0074999999999999997,-0.0044999999999999971,16130.433057994163,9678.2598347964977
0.0080000000000000002,-0.0044999999999999971,15583.232998508091,9349.9397991048536
0.0085000000000000006,-0.0044999999999999971,15076.336963030451,9045.8021778182701
0.0090000000000000011,-0.0044999999999999971,14573.487056402351,8744.0922338414111
0.0095000000000000015,-0.0044999999999999971,14032.613477004808,8419.5680862028839
0.010000000000000002,-0.0044999999999999971,13413.438999453489,8048.0633996720926
0.010500000000000002,-0.0044999999999999971,12684.736923127737,7610.8421538766415
0.011000000000000003,-0.0044999999999999971,11829.924454864547,7097.9546729187286
0.011500000000000003,-0.0044999999999999971,10850.025682616102,6510.0154095696607
0.012000000000000004,-0.0044999999999999971,9763.5846791320091,5858.1508074792055
0.012499999999999997,-0.0044999999999999971,8603.7233805799278,5162.2340283479562
0.013000000000000005,-0.0044999999999999971,7413.0775977028406,4447.8465586217044
0.013499999999999998,-0.0044999999999999971,6237.6879241514125,3742.6127544908472
0.014000000000000005,-0.0044999999999999971,5121.0065203582853,3072.6039122149709
0.014499999999999999,-0.0044999999999999971,4099.0124973209167,2459.4074983925498
0.014999999999999999,-0.0044999999999999971,3197.0774155603744,1918.2464493362245
0.0155,-0.0044999999999999971,2428.7945150308756,1457.2767090185253
0.016000000000000007,-0.0044999999999999971,1796.5898179381984,1077.9538907629189
0.016500000000000001,-0.0044999999999999971,1293.6523171345993,776.19139028075961
0.017000000000000001,-0.0044999999999999971,906.59224554475611,543.9553473268536
0.017500000000000002,-0.0044999999999999971,618.2540754907742,370.9524452944645
0.017999999999999995,-0.0044999999999999971,410.23453037599859,246.14071822559913
0.018500000000000003,-0.0044999999999999971,264.83098859175044,158.89859315505026
0.019000000000000003,-0.0044999999999999971,166.32084355400954,99.79250613240572
0.019500000000000003,-0.0044999999999999971,101.61142580519436,60.966855483116611
0.019999999999999997,-0.0044999999999999971,60.386286951361832,36.231772170817095
0.020499999999999997,-0.0044999999999999971,34.907599445748431,20.94455966744906
0.021000000000000005,-0.0044999999999999971,19.628025016638627,11.776815009983176
0.021500000000000005,-0.0044999999999999971,10.734941643550126,6.4409649861300755
0.021999999999999999,-0.0044999999999999971,5.7106115774790123,3.4263669464874074
0.022499999999999999,-0.0044999999999999971,2.9547466197196832,1.77284797183181
0.023000000000000007,-0.0044999999999999971,1.4869916583674796,0.89219499502048771
0.023500000000000007,-0.0044999999999999971,0.72785411748846307,0.43671247049307782
0.024,-0.0044999999999999971,0.34651754083246433,0.20791052449947858
0.024500000000000001,-0.0044999999999999971,0.16045352279790945,0.096272113678745663
0.025000000000000001,-0.0044999999999999971,0.072262826314296938,0.043357695788578163
-0.025000000000000001,-0.0040000000000000001,0.4610075982517261,0.27660455895103564
-0.024500000000000001,-0.0040000000000000001,0.94860054428369633,0.56916032657021776
-0.024,-0.0040000000000000001,1.9004114060297683,1.140246843617861
-0.0235,-0.0040000000000000001,3.7070610432361533,2.2242366259416917
-0.023,-0.0040000000000000001,7.0414070038354675,4.2248442023012807
-0.022500000000000003,-0.0040000000000000001,13.024687134749051,7.8148122808494307
-0.022000000000000002,-0.0040000000000000001,23.463054029864118,14.07783241791847
-0.021500000000000002,-0.0040000000000000001,41.166415376295184,24.699849225777111
-0.021000000000000001,-0.0040000000000000001,70.351814194649194,42.211088516789516
-0.020500000000000001,-0.0040000000000000001,117.11548917451874,70.269293504711243
-0.02,-0.0040000000000000001,189.93012150304202,113.9580729018252
-0.0195,-0.0040000000000000001,300.08778397674627,180.05267038604777
-0.019,-0.0040000000000000001,461.96953394050399,277.18172036430241
-0.018500000000000003,-0.0040000000000000001,692.98860109359748,415.79316065615848
-0.018000000000000002,-0.0040000000000000001,1013.0389449783429,607.82336698700567
-0.017500000000000002,-0.0040000000000000001,1443.2998175732671,865.97989054396021
-0.017000000000000001,-0.0040000000000000001,2004.3130314857447,1202.5878188914467
-0.016500000000000001,-0.0040000000000000001,2713.3684579655883,1628.0210747793528
-0.016,-0.0040000000000000001,3581.3970880098173,2148.8382528058901
-0.0155,-0.0040000000000000001,4609.7549410871479,2765.8529646522888
-0.015000000000000001,-0.0040000000000000001,5787.4438744720592,3472.4663246832356
-0.014500000000000001,-0.0040000000000000001,7089.4057237145844,4253.6434342287503
-0.014,-0.0040000000000000001,8476.4956978653081,5085.8974187191843
-0.0135,-0.0040000000000000001,9897.5599874346699,5938.5359924608019
-0.012999999999999999,-0.0040000000000000001,11293.715600903801,6776.2293605422801
-0.012500000000000001,-0.0040000000000000001,12604.504319075402,7562.7025914452406
-0.012,-0.0040000000000000001,13775.15288567374,8265.0917314042435
-0.0115,-0.0040000000000000001,14763.825276638998,8858.295165983398
-0.010999999999999999,-0.0040000000000000001,15547.601061715863,9328.5606370295172
-0.010499999999999999,-0.0040000000000000001,16126.020431663925,9675.6122589983552
-0.010000000000000002,-0.0040000000000000001,16521.404656871986,9912.8427941231912
-0.0095000000000000015,-0.0040000000000000001,16775.725711729461,10065.435427037677
-0.0090000000000000011,-0.0040000000000000001,16944.440778119439,10166.664466871664
-0.0085000000000000006,-0.0040000000000000001,17088.282599375882,10252.969559625528
-0.0080000000000000002,-0.0040000000000000001,17264.376628923521,10358.625977354111
-0.0074999999999999997,-0.0040000000000000001,17518.161596124279,10510.896957674568
-0.0069999999999999993,-0.0040000000000000001,17877.410388758544,10726.446233255127
-0.0064999999999999988,-0.0040000000000000001,18349.236999886492,11009.542199931895
-0.0059999999999999984,-0.0040000000000000001,18920.430708021886,11352.258424813132
-0.0054999999999999979,-0.0040000000000000001,19560.89277770324,11736.535666621943
-0.005000000000000001,-0.0040000000000000001,20229.462639197431,12137.677583518458
-0.0044999999999999971,-0.0040000000000000001,20881.078771268389,12528.647262761033
-0.0040000000000000001,-0.0040000000000000001,21474.059989045145,12884.435993427087
-0.0035000000000000031,-0.0040000000000000001,21976.323106421733,13185.79386385304
-0.0029999999999999992,-0.0040000000000000001,22369.560027774809,13421.736016664885
-0.0025000000000000022,-0.0040000000000000001,22650.751826554399,13590.451095932638
-0.0019999999999999983,-0.0040000000000000001,22830.853069519559,13698.511841711736
-0.0015000000000000013,-0.0040000000000000001,22930.972017296237,13758.583210377741
-0.00099999999999999742,-0.0040000000000000001,22976.821354266765,13786.092812560059
-0.00050000000000000044,-0.0040000000000000001,22992.535131273009,13795.521078763804
0,-0.0040000000000000001,22995.069694108111,13797.041816464867
0.00050000000000000044,-0.0040000000000000001,22990.29275319722,13794.175651918331
0.0010000000000000009,-0.0040000000000000001,22971.527749369845,13782.916649621906
0.0015000000000000013,-0.0040000000000000001,22920.824270783265,13752.494562469959
0.0020000000000000018,-0.0040000000000000001,22812.672709138576,13687.603625483145
0.0024999999999999988,-0.0040000000000000001,22619.390522560338,13571.634313536202
0.0030000000000000027,-0.0040000000000000001,22317.081631240319,13390.24897874419
0.0034999999999999996,-0.0040000000000000001,21890.973162734841,13134.583897640905
0.0040000000000000036,-0.0040000000000000001,21339.075720235982,12803.445432141589
0.0045000000000000005,-0.0040000000000000001,20673.454311700465,12404.072587020279
0.0049999999999999975,-0.0040000000000000001,19918.860354197244,11951.316212518346
0.0055000000000000014,-0.0040000000000000001,19108.968580667923,11465.381148400753
0.0059999999999999984,-0.0040000000000000001,18280.898491960979,10968.539095176588
0.0064999999999999988,-0.0040000000000000001,17469.008507667459,10481.405104600475
0.0069999999999999993,-0.0040000000000000001,16699.086572942317,10019.451943765389
0.0074999999999999997,-0.0040000000000000001,15984.003393835108,9590.4020363010641
0.0080000000000000002,-0.0040000000000000001,15321.649075879443,9192.9894455276644
0.0085000000000000006,-0.0040000000000000001,14695.573413450446,8817.3440480702666
0.0090000000000000011,-0.0040000000000000001,14078.255912831759,8446.953547699055
0.0095000000000000015,-0.0040000000000000001,13436.431041789285,8061.8586250735707
0.010000000000000002,-0.0040000000000000001,12737.488067267244,7642.4928403603462
0.010500000000000002,-0.0040000000000000001,11955.746059807174,7173.447635884304
0.011000000000000003,-0.0040000000000000001,11077.431797160325,6646.459078296195
0.011500000000000003,-0.0040000000000000001,10103.464144200578,6062.0784865203468
0.012000000000000004,-0.0040000000000000001,9049.612932336815,5429.7677594020888
0.012499999999999997,-0.0040000000000000001,7944.1431866367866,4766.4859119820721
0.013000000000000005,-0.0040000000000000001,6823.5463363474464,4094.1278018084677
0.013499999999999998,-0.0040000000000000001,5727.2856155750424,3436.3713693450254
0.014000000000000005,-0.0040000000000000001,4692.579108250633,2815.5474649503799
0.014499999999999999,-0.0040000000000000001,3750.1110537411819,2250.0666322447091
0.014999999999999999,-0.0040000000000000001,2921.2590090761801,1752.755405445708
0.0155,-0.0040000000000000001,2217.0457548190366,1330.227452891422
0.016000000000000007,-0.0040000000000000001,1638.6695339102209,983.20172034613256
0.016500000000000001,-0.0040000000000000001,1179.2102525142807,707.52615150856843
0.017000000000000001,-0.0040000000000000001,825.98920645581063,495.59352387348633
0.017500000000000002,-0.0040000000000000001,563.07129924317849,337.84277954590709
0.017999999999999995,-0.0040000000000000001,373.50665694755781,224.10399416853468
0.018500000000000003,-0.0040000000000000001,241.06421112223694,144.63852667334217
0.019000000000000003,-0.0040000000000000001,151.36674588903645,90.820047533421871
0.019500000000000003,-0.0040000000000000001,92.462048712219953,55.477229227331968
0.019999999999999997,-0.0040000000000000001,54.942706258570993,32.965623755142595
0.020499999999999997,-0.0040000000000000001,31.75799758168073,19.054798549008439
0.021000000000000005,-0.0040000000000000001,17.855807211703127,10.713484327021876
0.021500000000000005,-0.0040000000000000001,9.7651490693257745,5.8590894415954642
0.021999999999999999,-0.0040000000000000001,5.1944939543754263,3.1166963726252557
0.022499999999999999,-0.0040000000000000001,2.687610458206116,1.6125662749236696
0.023000000000000007,-0.0040000000000000001,1.3525185000507445,0.81151110003044669
0.023500000000000007,-0.0040000000000000001,0.66201845601508336,0.39721107360905
0.024,-0.0040000000000000001,0.31516935502503779,0.18910161301502268
0.024500000000000001,-0.0040000000000000001,0.14593603285171747,0.087561619711030478
0.025000000000000001,-0.0040000000000000001,0.065723991387046168,0.039434394832227701
-0.025000000000000001,-0.0035000000000000031,0.5451091890746208,0.32706551344477247
-0.024500000000000001,-0.0035000000000000031,1.117964261179369,0.67077855670762132
-0.024,-0.0035000000000000031,2.2318492410373834,1.3391095446224299
-0.0235,-0.0035000000000000031,4.3373034557704102,2.602382073462246
-0.023,-0.0035000000000000031,8.2057739371437961,4.9234643622862775
-0.022500000000000003,-0.0035000000000000031,15.114442107516746,9.068665264510047
-0.022000000000000002,-0.0035000000000000031,27.106089537180132,16.263653722308078
-0.021500000000000002,-0.0035000000000000031,47.334136424214385,28.400481854528632
-0.021000000000000001,-0.0035000000000000031,80.490930498671545,48.294558299202926
-0.020500000000000001,-0.0035000000000000031,133.29623791742222,79.977742750453331
-0.02,-0.0035000000000000031,214.99210844465981,128.99526506679587
-0.0195,-0.0035000000000000031,337.75206221498269,202.65123732898959
-0.019,-0.0035000000000000031,516.87309551487874,310.12385730892726
-0.018500000000000003,-0.0035000000000000031,770.58907892917171,462.353447357503
-0.018000000000000002,-0.0035000000000000031,1119.3381212868012,671.60287277208067
-0.017500000000000002,-0.0035000000000000031,1584.3496362181877,950.60978173091257
-0.017000000000000001,-0.0035000000000000031,2185.5005068857931,1311.3003041314757
-0.016500000000000001,-0.0035000000000000031,2938.5254371635174,1763.1152622981103
-0.016,-0.0035000000000000031,3851.8407329073229,2311.1044397443939
-0.0155,-0.0035000000000000031,4923.4222741085541,2954.0533644651323
-0.015000000000000001,-0.0035000000000000031,6138.3213934026808,3682.9928360416084
-0.014500000000000001,-0.0035000000000000031,7467.4549857259281,4480.4729914355567
-0.014,-0.0035000000000000031,8868.2251231792652,5320.9350739075589
-0.0135,-0.0035000000000000031,10287.290250225349,6172.3741501352097
-0.012999999999999999,-0.0035000000000000031,11665.444159812099,6999.2664958872592
-0.012500000000000001,-0.0035000000000000031,12944.122077017937,7766.4732462107622
-0.012,-0.0035000000000000031,14072.640619549607,8443.5843717297648
-0.0115,-0.0035000000000000031,15014.997635333129,9008.9985811998777
-0.010999999999999999,-0.0035000000000000031,15754.998833804204,9452.9993002825213
-0.010499999999999999,-0.0035000000000000031,16298.683778406095,9779.2102670436561
-0.010000000000000002,-0.0035000000000000031,16673.471691217634,10004.083014730581
-0.0095000000000000015,-0.0035000000000000031,16924.049281916989,10154.429569150192
-0.0090000000000000011,-0.0035000000000000031,17105.644494634776,10263.386696780866
-0.0085000000000000006,-0.0035000000000000031,17275.827817272508,10365.496690363505
-0.0080000000000000002,-0.0035000000000000031,17486.242950484288,10491.745770290572
-0.0074999999999999997,-0.0035000000000000031,17775.638881620671,10665.383328972403
-0.0069999999999999993,-0.0035000000000000031,18165.276718325877,10899.166030995526
-0.0064999999999999988,-0.0035000000000000031,18657.300523465983,11194.38031407959
-0.0059999999999999984,-0.0035000000000000031,19236.109539992598,11541.665723995558
-0.0054999999999999979,-0.0035000000000000031,19872.266508081851,11923.359904849111
-0.005000000000000001,-0.0035000000000000031,20528.11036149762,12316.866216898572
-0.0044999999999999971,-0.0035000000000000031,21164.054310159991,12698.432586095994
-0.0040000000000000001,-0.0035000000000000031,21744.542676919125,13046.725606151474
-0.0035000000000000031,-0.0035000000000000031,22242.783209173002,13345.6699255038
-0.0029999999999999992,-0.0035000000000000031,22643.624212070386,13586.174527242232
-0.0025000000000000022,-0.0035000000000000031,22944.264511865935,13766.55870711956
-0.0019999999999999983,-0.0035000000000000031,23152.828157341399,13891.696894404839
-0.0015000000000000013,-0.0035000000000000031,23285.164893070625,13971.098935842374
-0.00099999999999999742,-0.0035000000000000031,23360.510283579952,14016.306170147971
-0.00050000000000000044,-0.0035000000000000031,23396.814655606504,14038.088793363902
0,-0.0035000000000000031,23406.593998327942,14043.956398996765
0.00050000000000000044,-0.0035000000000000031,23394.052889753275,14036.431733851965
0.0010000000000000009,-0.0035000000000000031,23353.99055463566,14012.394332781396
0.0015000000000000013,-0.0035000000000000031,23272.66668854871,13963.600013129226
0.0020000000000000018,-0.0035000000000000031,23130.436795669786,13878.262077401871
0.0024999999999999988,-0.0035000000000000031,22905.63918841202,13743.383513047213
0.0030000000000000027,-0.0035000000000000031,22578.990578186043,13547.394346911626
0.0034999999999999996,-0.0035000000000000031,22137.664200655228,13282.598520393136
0.0040000000000000036,-0.0035000000000000031,21578.292860108835,12946.975716065301
0.0045000000000000005,-0.0035000000000000031,20908.339117026608,12545.003470215965
0.0049999999999999975,-0.0035000000000000031,20145.565243924371,12087.339146354623
0.0055000000000000014,-0.0035000000000000031,19315.665982464448,11589.399589478669
0.0059999999999999984,-0.0035000000000000031,18448.446542649381,11069.067925589628
0.0064999999999999988,-0.0035000000000000031,17573.190301781528,10543.914181068916
0.0069999999999999993,-0.0035000000000000031,16714.025248426024,10028.415149055614
0.0074999999999999997,-0.0035000000000000031,15886.133368580682,9531.6800211484097
0.0080000000000000002,-0.0035000000000000031,15093.533765516167,9056.1202593097005
0.0085000000000000006,-0.0035000000000000031,14328.91061462578,8597.3463687754684
0.0090000000000000011,-0.0035000000000000031,13575.583451209179,8145.3500707255071
0.0095000000000000015,-0.0035000000000000031,12811.295017655186,7686.7770105931113
0.010000000000000002,-0.0035000000000000031,12013.110558791228,7207.8663352747362
0.010500000000000002,-0.0035000000000000031,11162.475266953332,6697.4851601719993
0.011000000000000003,-0.0035000000000000031,10249.432682284491,6149.6596093706939
0.011500000000000003,-0.0035000000000000031,9275.1866827467093,5565.1120096480254
0.012000000000000004,-0.0035000000000000031,8252.5538901642885,4951.5323340985733
0.012499999999999997,-0.0035000000000000031,7204.3111244312768,4322.5866746587662
0.013000000000000005,-0.0035000000000000031,6159.8780082913836,3695.9268049748298
0.013499999999999998,-0.0035000000000000031,5151.0817387690449,3090.6490432614269
0.014000000000000005,-0.0035000000000000031,4207.8639907406259,2524.7183944443755
0.014499999999999999,-0.0035000000000000031,3354.7007214232035,2012.8204328539221
0.014999999999999999,-0.0035000000000000031,2608.2603498438266,1564.956209906296
0.0155,-0.0035000000000000031,1976.5050710397793,1185.9030426238676
0.016000000000000007,-0.0035000000000000031,1459.1315466392082,875.47892798352484
0.016500000000000001,-0.0035000000000000031,1049.0199202289671,629.41195213738024
0.017000000000000001,-0.0035000000000000031,734.24902563812032,440.54941538287216
0.017500000000000002,-0.0035000000000000031,500.23938237473891,300.14362942484331
0.017999999999999995,-0.0035000000000000031,331.6750353037832,199.00502118226993
0.018500000000000003,-0.0035000000000000031,213.98831568717688,128.39298941230612
0.019000000000000003,-0.0035000000000000031,134.32735837178222,80.596415023069326
0.019500000000000003,-0.0035000000000000031,82.035297903502808,49.221178742101685
0.019999999999999997,-0.0035000000000000031,48.738416410250814,29.243049846150488
0.020499999999999997,-0.0035000000000000031,28.167933220243402,16.900759932146041
0.021000000000000005,-0.0035000000000000031,15.835607169659456,9.5013643017956735
0.021500000000000005,-0.0035000000000000031,8.6595944409151056,5.1957566645490632
0.021999999999999999,-0.0035000000000000031,4.6060990365708854,2.7636594219425312
0.022499999999999999,-0.0035000000000000031,2.3830540799322213,1.4298324479593327
0.023000000000000007,-0.0035000000000000031,1.1992043572062112,0.71952261432372666
0.023500000000000007,-0.0035000000000000031,0.58695701339531925,0.35217420803719152
0.024,-0.0035000000000000031,0.27942765217723214,0.16765659130633928
0.024500000000000001,-0.0035000000000000031,0.12938367202680187,0.07763020321608112
0.025000000000000001,-0.0035000000000000031,0.058268553427865279,0.034961132056719163
-0.025000000000000001,-0.0029999999999999992,0.63363665727338692,0.38018199436403216
-0.024500000000000001,-0.0029999999999999992,1.2962481406652375,0.77774888439914247
-0.024,-0.0029999999999999992,2.5807595465142774,1.5484557279085664
-0.0235,-0.0029999999999999992,5.0008048476992117,3.000482908619527
-0.023,-0.0029999999999999992,9.4316582069031529,5.6589949241418918
-0.022500000000000003,-0.0029999999999999992,17.314751651687587,10.388850991012552
-0.022000000000000002,-0.0029999999999999992,30.942143246538507,18.565285947923105
-0.021500000000000002,-0.0029999999999999992,53.829204853119521,32.29752291187171
-0.021000000000000001,-0.0029999999999999992,91.169246673255273,54.701548003953164
-0.020500000000000001,-0.0029999999999999992,150.33948201560185,90.203689209361102
-0.02,-0.0029999999999999992,241.39364983200076,144.83618989920046
-0.0195,-0.0029999999999999992,377.43603984901472,226.46162390940881
-0.019,-0.0029999999999999992,574.73235046219474,344.83941027731686
-0.018500000000000003,-0.0029999999999999992,852.38717074455417,511.43230244673248
-0.018000000000000002,-0.0029999999999999992,1231.4215433285892,738.85292599715353
-0.017500000000000002,-0.0029999999999999992,1733.132290644354,1039.8793743866124
-0.017000000000000001,-0.0029999999999999992,2376.716969185477,1426.0301815112862
-0.016500000000000001,-0.0029999999999999992,3176.301756744801,1905.7810540468804
-0.016,-0.0029999999999999992,4137.6945826749115,2482.616749604947
-0.0155,-0.0029999999999999992,5255.3646659214701,3153.218799552882
-0.015000000000000001,-0.0029999999999999992,6510.2715343950204,3906.1629206370121
-0.014500000000000001,-0.0029999999999999992,7869.1791555280324,4721.5074933168189
-0.014,-0.0029999999999999992,9285.9561619882497,5571.57369719295
-0.0135,-0.0029999999999999992,10705.074559846194,6423.0447359077161
-0.012999999999999999,-0.0029999999999999992,12067.11215280465,7240.2672916827896
-0.012500000000000001,-0.0029999999999999992,13315.615755885477,7989.3694535312861
-0.012,-0.0029999999999999992,14404.29894214828,8642.5793652889679
-0.0115,-0.0029999999999999992,15303.337559108497,9182.002535465097
-0.010999999999999999,-0.0029999999999999992,16003.566833424753,9602.1401000548522
-0.010499999999999999,-0.0029999999999999992,16517.696349918617,9910.617809951169
-0.010000000000000002,-0.0029999999999999992,16878.193371841786,10126.916023105072
-0.0095000000000000015,-0.0029999999999999992,17132.126957917619,10279.27617475057
-0.0090000000000000011,-0.0029999999999999992,17333.865356828097,10400.319214096859
-0.0085000000000000006,-0.0029999999999999992,17536.932606979211,10522.159564187526
-0.0080000000000000002,-0.0029999999999999992,17786.459067030977,10671.875440218586
-0.0074999999999999997,-0.0029999999999999992,18113.481253613376,10868.088752168025
-0.0069999999999999993,-0.0029999999999999992,18531.915092102874,11119.149055261723
-0.0064999999999999988,-0.0029999999999999992,19038.460136719339,11423.076082031603
-0.0059999999999999984,-0.0029999999999999992,19615.130911181965,11769.078546709179
-0.0054999999999999979,-0.0029999999999999992,20233.678560672961,12140.207136403777
-0.005000000000000001,-0.0029999999999999992,20860.936334199781,12516.561800519868
-0.0044999999999999971,-0.0029999999999999992,21464.109934039603,12878.465960423762
-0.0040000000000000001,-0.0029999999999999992,22015.199268808432,13209.119561285059
-0.0035000000000000031,-0.0029999999999999992,22494.011404234807,13496.406842540884
-0.0029999999999999992,-0.0029999999999999992,22889.530362792757,13733.718217675654
-0.0025000000000000022,-0.0029999999999999992,23199.688138575315,13919.812883145189
-0.0019999999999999983,-0.0029999999999999992,23429.797765934323,14057.878659560594
-0.0015000000000000013,-0.0029999999999999992,23590.051378571268,14154.03082714276
-0.00099999999999999742,-0.0029999999999999992,23692.556647070262,14215.533988242156
-0.00050000000000000044,-0.0029999999999999992,23748.392512121347,14249.035507272807
0,-0.0029999999999999992,23765.118949273641,14259.071369564184
0.00050000000000000044,-0.0029999999999999992,23745.084240670854,14247.050544402513
0.0010000000000000009,-0.0029999999999999992,23684.746776763473,14210.848066058084
0.0015000000000000013,-0.0029999999999999992,23575.079995984976,14145.047997590986
0.0020000000000000018,-0.0029999999999999992,23402.975541859993,14041.785325115996
0.0024999999999999988,-0.0029999999999999992,23153.419533038123,13892.051719822874
0.0030000000000000027,-0.0029999999999999992,22812.106852949597,13687.264111769759
0.0034999999999999996,-0.0029999999999999992,22368.091165783688,13420.854699470212
0.0040000000000000036,-0.0029999999999999992,21816.051494581967,13089.63089674918
0.0045000000000000005,-0.0029999999999999992,21157.793136069751,12694.67588164185
0.0049999999999999975,-0.0029999999999999992,20402.692167874815,12241.615300724889
0.0055000000000000014,-0.0029999999999999992,19566.936437663775,11740.161862598265
0.0059999999999999984,-0.0029999999999999992,18671.603057912576,11202.961834747546
0.0064999999999999988,-0.0029999999999999992,17739.823291236524,10643.893974741914
0.0069999999999999993,-0.0029999999999999992,16793.486108429301,10076.09166505758
0.0074999999999999997,-0.0029999999999999992,15850.075347188082,9510.0452083128494
0.0080000000000000002,-0.0029999999999999992,14920.274203192334,8952.1645219153997
0.0085000000000000006,-0.0029999999999999992,14006.87156392591,8404.1229383555456
0.0090000000000000011,-0.0029999999999999992,13105.266413564666,7863.1598481387991
0.0095000000000000015,-0.0029999999999999992,12205.529904263527,7323.3179425581156
0.010000000000000002,-0.0029999999999999992,11295.62754156916,6777.3765249414955
0.010500000000000002,-0.0029999999999999992,10365.12119137871,6219.0727148272263
0.011000000000000003,-0.0029999999999999992,9408.5445593081313,5645.1267355848786
0.011500000000000003,-0.0029999999999999992,8427.7174975682319,5056.6304985409388
0.012000000000000004,-0.0029999999999999992,7432.5179188666698,4459.5107513200019
0.012499999999999997,-0.0029999999999999992,6439.9956943449206,3863.9974166069524
0.013000000000000005,-0.0029999999999999992,5472.0898786868293,3283.2539272120976
0.013499999999999998,-0.0029999999999999992,4552.4994013020441,2731.4996407812264
0.014000000000000005,-0.0029999999999999992,3703.3903317009726,2222.0341990205834
0.014499999999999999,-0.0029999999999999992,2942.582101824923,1765.5492610949539
0.014999999999999999,-0.0029999999999999992,2281.6725909719621,1369.0035545831772
0.0155,-0.0029999999999999992,1725.3036223626102,1035.182173417566
0.016000000000000007,-0.0029999999999999992,1271.5097172790286,762.90583036741714
0.016500000000000001,-0.0029999999999999992,912.89584565428117,547.73750739256866
0.017000000000000001,-0.0029999999999999992,638.28797191855119,382.97278315113073
0.017500000000000002,-0.0029999999999999992,434.49540663884409,260.69724398330646
0.017999999999999995,-0.0029999999999999992,287.89358387912375,172.73615032747423
0.018500000000000003,-0.0029999999999999992,185.64476308898358,111.38685785339014
0.019000000000000003,-0.0029999999999999992,116.48744196523977,69.892465179143855
0.019500000000000003,-0.0029999999999999992,71.117359792155639,42.670415875293379
0.019999999999999997,-0.0029999999999999992,42.241233541734509,25.344740125040705
0.020499999999999997,-0.0029999999999999992,24.408107832288479,14.644864699373088
0.021000000000000005,-0.0029999999999999992,13.719755420235687,8.2318532521414127
0.021500000000000005,-0.0029999999999999992,7.5016412926103735,4.5009847755662236
0.021999999999999999,-0.0029999999999999992,3.9897945806396122,2.3938767483837671
0.022499999999999999,-0.0029999999999999992,2.0640425853429738,1.2384255512057842
0.023000000000000007,-0.0029999999999999992,1.038609940271886,0.62316596416313164
0.023500000000000007,-0.0029999999999999992,0.50832984287332739,0.30499790572399643
0.024,-0.0029999999999999992,0.24198756328334253,0.1451925379700055
0.024500000000000001,-0.0029999999999999992,0.11204458633670304,0.067226751802021825
0.025000000000000001,-0.0029999999999999992,0.05045869742829711,0.030275218456978264
-0.025000000000000001,-0.0025000000000000022,0.72228686666795094,0.43337212000077058
-0.024500000000000001,-0.0025000000000000022,1.4748187595261415,0.88489125571568483
-0.024,-0.0025000000000000022,2.9303172090577121,1.7581903254346272
-0.0235,-0.0025000000000000022,5.6657201607895313,3.3994320964737188
-0.023,-0.0025000000000000022,10.660532689837966,6.3963196139027794
-0.022500000000000003,-0.0025000000000000022,19.521188606119683,11.712713163671809
-0.022000000000000002,-0.0025000000000000022,34.790370054422681,20.874222032653609
-0.021500000000000002,-0.0025000000000000022,60.347731159882514,36.208638695929508
-0.021000000000000001,-0.0025000000000000022,101.8914286738793,61.134857204327581
-0.020500000000000001,-0.0025000000000000022,167.46235690904189,100.47741414542513
-0.02,-0.0025000000000000022,267.93557187634838,160.76134312580902
-0.0195,-0.0025000000000000022,417.36042736367023,250.41625641820212
-0.019,-0.0025000000000000022,632.99169933039207,379.79501959823523
-0.018500000000000003,-0.0025000000000000022,934.83253280781742,560.8995196846904
-0.018000000000000002,-0.0025000000000000022,1344.5232796578391,806.71396779470342
-0.017500000000000002,-0.0025000000000000022,1883.4735048590655,1130.0841029154392
-0.017000000000000001,-0.0025000000000000022,2570.2551185657658,1542.1530711394594
-0.016500000000000001,-0.0025000000000000022,3417.4458408682412,2050.4675045209447
-0.016,-0.0025000000000000022,4428.3082317877424,2656.9849390726454
-0.0155,-0.0025000000000000022,5593.8659808663715,3356.3195885198229
-0.015000000000000001,-0.0025000000000000022,6891.0403290066542,4134.6241974039922
-0.014500000000000001,-0.0025000000000000022,8282.482264799788,4969.4893588798723
-0.014,-0.0025000000000000022,9718.5479991699431,5831.1287995019657
-0.0135,-0.0025000000000000022,11141.521073908407,6684.9126443450441
-0.012999999999999999,-0.0025000000000000022,12491.735597925572,7495.041358755343
-0.012500000000000001,-0.0025000000000000022,13714.795051710722,8228.8770310264335
-0.012,-0.0025000000000000022,14768.726431722407,8861.2358590334443
-0.0115,-0.0025000000000000022,15629.769027196442,9377.8614163178645
-0.010999999999999999,-0.0025000000000000022,16295.637727577036,9777.382636546221
-0.010499999999999999,-0.0025000000000000022,16785.521093107502,10071.3126558645
-0.010000000000000002,-0.0025000000000000022,17136.696470005911,10282.017882003545
-0.0095000000000000015,-0.0025000000000000022,17398.328267575442,10438.996960545264
-0.0090000000000000011,-0.0025000000000000022,17623.594875265691,10574.156925159414
-0.0085000000000000006,-0.0025000000000000022,17861.618532583721,10716.971119550233
-0.0080000000000000002,-0.0025000000000000022,18150.66790919664,10890.400745517984
-0.0074999999999999997,-0.0025000000000000022,18513.770651884912,11108.262391130947
-0.0069999999999999993,-0.0025000000000000022,18957.304946903372,11374.382968142023
-0.0064999999999999988,-0.0025000000000000022,19472.486249030611,11683.491749418366
-0.0059999999999999984,-0.0025000000000000022,20039.092312894332,12023.4553877366
-0.0054999999999999979,-0.0025000000000000022,20630.407314092154,12378.244388455292
-0.005000000000000001,-0.0025000000000000022,21218.27709102512,12730.966254615072
-0.0044999999999999971,-0.0025000000000000022,21777.336650715351,13066.401990429211
-0.0040000000000000001,-0.0025000000000000022,22287.817555141981,13372.690533085188
-0.0035000000000000031,-0.0025000000000000022,22736.752714682156,13642.051628809293
-0.0029999999999999992,-0.0025000000000000022,23117.758818815568,13870.65529128934
-0.0025000000000000022,-0.0025000000000000022,23429.814565380901,14057.88873922854
-0.0019999999999999983,-0.0025000000000000022,23675.536469810002,14205.321881886
-0.0015000000000000013,-0.0025000000000000022,23859.400266319364,14315.640159791617
-0.00099999999999999742,-0.0025000000000000022,23986.213919873302,14391.728351923981
-0.00050000000000000044,-0.0025000000000000022,24059.979419860294,14435.987651916175
0,-0.0025000000000000022,24083.13934731211,14449.883608387265
0.00050000000000000044,-0.0025000000000000022,24056.125065120359,14433.675039072215
0.0010000000000000009,-0.0025000000000000022,23977.114905150454,14386.268943090272
0.0015000000000000013,-0.0025000000000000022,23841.957616797306,14305.174570078383
0.0020000000000000018,-0.0025000000000000022,23644.286807246503,14186.572084347901
0.0024999999999999988,-0.0025000000000000022,23375.908584045639,14025.545150427382
0.0030000000000000027,-0.0025000000000000022,23027.555316288111,13816.533189772867
0.0034999999999999996,-0.0025000000000000022,22590.047320282021,13554.028392169212
0.0040000000000000036,-0.0025000000000000022,22055.79724513325,13233.47834707995
0.0045000000000000005,-0.0025000000000000022,21420.457349895118,12852.27440993707
0.0049999999999999975,-0.0025000000000000022,20684.392371783877,12410.635423070325
0.0055000000000000014,-0.0025000000000000022,19853.608704731061,11912.165222838636
0.0059999999999999984,-0.0025000000000000022,18939.820047021582,11363.892028212949
0.0064999999999999988,-0.0025000000000000022,17959.488553484953,10775.693132090972
0.0069999999999999993,-0.0025000000000000022,16931.92036358668,10159.152218152007
0.0074999999999999997,-0.0025000000000000022,15876.753280617639,9526.0519683705825
0.0080000000000000002,-0.0025000000000000022,14811.373241037527,8886.8239446225161
0.0085000000000000006,-0.0025000000000000022,13748.864268870006,8249.318561322003
0.0090000000000000011,-0.0025000000000000022,12696.997821748566,7618.1986930491394
0.0095000000000000015,-0.0025000000000000022,11658.517315045872,6995.1103890275235
0.010000000000000002,-0.0025000000000000022,10632.63856820334,6379.5831409220036
0.010500000000000002,-0.0025000000000000022,9617.3646766911079,5770.4188060146644
0.011000000000000003,-0.0025000000000000022,8612.0011993827229,5167.2007196296336
0.011500000000000003,-0.0025000000000000022,7619.2175441216177,4571.5305264729705
0.012000000000000004,-0.0025000000000000022,6646.1410771136061,3987.6846462681633
0.012499999999999997,-0.0025000000000000022,5704.2435686355557,3422.5461411813335
0.013000000000000005,-0.0025000000000000022,4808.0990697298685,2884.8594418379212
0.013499999999999998,-0.0025000000000000022,3973.3646574870645,2384.0187944922386
0.014000000000000005,-0.0025000000000000022,3214.4900973503109,1928.6940584101865
0.014499999999999999,-0.0025000000000000022,2542.67131221311,1525.6027873278661
0.014999999999999999,-0.0025000000000000022,1964.4432753035508,1178.6659651821303
0.0155,-0.0025000000000000022,1481.111716563647,888.66702993818819
0.016000000000000007,-0.0025000000000000022,1089.013561814342,653.40813708860514
0.016500000000000001,-0.0025000000000000022,780.42846416566965,468.25707849940176
0.017000000000000001,-0.0025000000000000022,544.87051941192283,326.92231164715366
0.017500000000000002,-0.0025000000000000022,370.4757644319144,222.28545865914865
0.017999999999999995,-0.0025000000000000022,245.25089007828544,147.15053404697125
0.018500000000000003,-0.0025000000000000022,158.03359181488878,94.820155088933262
0.019000000000000003,-0.0025000000000000022,99.106115409769615,59.463669245861766
0.019500000000000003,-0.0025000000000000022,60.478933787757981,36.287360272654787
0.019999999999999997,-0.0025000000000000022,35.90985355669094,21.545912134014564
0.020499999999999997,-0.0025000000000000022,20.743988645422863,12.446393187253717
0.021000000000000005,-0.0025000000000000022,11.657656087951574,6.994593652770944
0.021500000000000005,-0.0025000000000000022,6.3730598334764661,3.8238359000858795
0.021999999999999999,-0.0025000000000000022,3.3891037474534347,2.0334622484720608
0.022499999999999999,-0.0025000000000000022,1.7531052862304337,1.0518631717382603
0.023000000000000007,-0.0025000000000000022,0.88207712684686213,0.52924627610811725
0.023500000000000007,-0.0025000000000000022,0.43169006743344662,0.25901404046006798
0.024,-0.0025000000000000022,0.20549338063816128,0.12329602838289676
0.024500000000000001,-0.0025000000000000022,0.095143406105892211,0.057086043663535327
0.025000000000000001,-0.0025000000000000022,0.042846026522529071,0.025707615913517442
-0.025000000000000001,-0.0019999999999999983,0.80583648786568296,0.48350189271940974
-0.024500000000000001,-0.0019999999999999983,1.6431640804546979,0.98589844827281869
-0.024,-0.0019999999999999983,3.2599651528750466,1.9559790917250279
-0.0235,-0.0019999999999999983,6.2929900226912689,3.7757940136147612
-0.023,-0.0019999999999999983,11.820298720088912,7.092179232053347
-0.022500000000000003,-0.0019999999999999983,21.604479641167494,12.962687784700496
-0.022000000000000002,-0.0019999999999999983,38.425655126088287,23.055393075652972
-0.021500000000000002,-0.0019999999999999983,66.509055322180842,39.905433193308504
-0.021000000000000001,-0.0019999999999999983,112.03255977045353,67.21953586227211
-0.020500000000000001,-0.0019999999999999983,183.66909037299473,110.20145422379683
-0.02,-0.0019999999999999983,293.07816964910717,175.84690178946428
-0.0195,-0.0019999999999999983,455.2156910731963,273.12941464391776
-0.019,-0.0019999999999999983,688.29167539361151,412.97500523616691
-0.018500000000000003,-0.0019999999999999983,1013.1881722412182,607.91290334473092
-0.018000000000000002,-0.0019999999999999983,1452.1715701769187,871.30294210615125
-0.017500000000000002,-0.0019999999999999983,2026.8107739493412,1216.0864643696048
-0.017000000000000001,-0.0019999999999999983,2755.1507501354586,1653.0904500812751
-0.016500000000000001,-0.0019999999999999983,3648.3790305227953,2189.0274183136771
-0.016,-0.0019999999999999983,4707.4294003346486,2824.4576402007892
-0.0155,-0.0019999999999999983,5920.1416143889255,3552.0849686333554
-0.015000000000000001,-0.0019999999999999983,7259.678170419279,4355.8069022515674
-0.014500000000000001,-0.0019999999999999983,8684.8350071029017,5210.901004261741
-0.014,-0.0019999999999999983,10142.644859472162,6085.5869156832969
-0.0135,-0.0019999999999999983,11573.27559379637,6943.9653562778221
-0.012999999999999999,-0.0019999999999999983,12916.737320935888,7750.0423925615323
-0.012500000000000001,-0.0019999999999999983,14120.440027921883,8472.2640167531299
-0.012,-0.0019999999999999983,15146.314731639535,9087.7888389837208
-0.0115,-0.0019999999999999983,15976.135621163352,9585.6813726980108
-0.010999999999999999,-0.0019999999999999983,16613.914860448789,9968.3489162692731
-0.010499999999999999,-0.0019999999999999983,17084.763731008228,10250.858238604937
-0.010000000000000002,-0.0019999999999999983,17430.319442616274,10458.191665569764
-0.0095000000000000015,-0.0019999999999999983,17701.561584327566,10620.936950596539
-0.0090000000000000011,-0.0019999999999999983,17950.403566809473,10770.242140085684
-0.0085000000000000006,-0.0019999999999999983,18221.694528433756,10933.016717060253
-0.0080000000000000002,-0.0019999999999999983,18547.137003101256,11128.282201860753
-0.0074999999999999997,-0.0019999999999999983,18942.147693666226,11365.288616199736
-0.0069999999999999993,-0.0019999999999999983,19405.989365108609,11643.593619065165
-0.0064999999999999988,-0.0019999999999999983,19924.765220782647,11954.859132469588
-0.0059999999999999984,-0.0019999999999999983,20476.281347166423,12285.768808299854
-0.0054999999999999979,-0.0019999999999999983,21035.486544315772,12621.291926589463
-0.005000000000000001,-0.0019999999999999983,21579.24420955497,12947.546525732982
-0.0044999999999999971,-0.0019999999999999983,22089.534116320479,13253.720469792288
-0.0040000000000000001,-0.0019999999999999983,22554.702762914254,13532.821657748553
-0.0035000000000000031,-0.0019999999999999983,22968.923235734917,13781.35394144095
-0.0029999999999999992,-0.0019999999999999983,23330.444005620167,13998.266403372099
-0.0025000000000000022,-0.0019999999999999983,23639.405585140285,14183.643351084171
-0.0019999999999999983,-0.0019999999999999983,23895.960039054557,14337.576023432734
-0.0015000000000000013,-0.0019999999999999983,24099.185784162939,14459.511470497762
-0.00099999999999999742,-0.0019999999999999983,24246.942964916514,14548.165778949908
-0.00050000000000000044,-0.0019999999999999983,24336.475284046363,14601.885170427817
0,-0.0019999999999999983,24365.33094987573,14619.198569925438
0.00050000000000000044,-0.0019999999999999983,24332.107727935236,14599.264636761141
0.0010000000000000009,-0.0019999999999999983,24236.632430458892,14541.979458275335
0.0015000000000000013,-0.0019999999999999983,24079.420672839631,14447.652403703778
0.0020000000000000018,-0.0019999999999999983,23860.549532261866,14316.32971935712
0.0024999999999999988,-0.0019999999999999983,23578.322105779192,14146.993263467515
0.0030000000000000027,-0.0019999999999999983,23228.230046269975,13936.938027761984
0.0034999999999999996,-0.0019999999999999983,22802.684245013847,13681.610547008308
0.0040000000000000036,-0.0019999999999999983,22291.789307547784,13375.073584528671
0.0045000000000000005,-0.0019999999999999983,21685.136888664456,13011.082133198674
0.0049999999999999975,-0.0019999999999999983,20974.273565830743,12584.564139498445
0.0055000000000000014,-0.0019999999999999983,20155.258401773783,12093.155041064269
0.0059999999999999984,-0.0019999999999999983,19230.642679593453,11538.385607756072
0.0064999999999999988,-0.0019999999999999983,18210.314222581404,10926.188533548842
0.0069999999999999993,-0.0019999999999999983,17110.927957657899,10266.556774594739
0.0074999999999999997,-0.0019999999999999983,15954.015538704363,9572.4093232226169
0.0080000000000000002,-0.0019999999999999983,14763.220415542453,8857.9322493254713
0.0085000000000000006,-0.0019999999999999983,13561.333396662558,8136.8000379975347
0.0090000000000000011,-0.0019999999999999983,12367.837736732952,7420.7026420397706
0.0095000000000000015,-0.0019999999999999983,11197.503682572653,6718.5022095435916
0.010000000000000002,-0.0019999999999999983,10060.25629253162,6036.153775518972
0.010500000000000002,-0.0019999999999999983,8962.1783764049324,5377.3070258429589
0.011000000000000003,-0.0019999999999999983,7907.2140145976427,4744.3284087585853
0.011500000000000003,-0.0019999999999999983,6898.9915999049417,4139.3949599429652
0.012000000000000004,-0.0019999999999999983,5942.2197021613101,3565.3318212967861
0.012499999999999997,-0.0019999999999999983,5043.2960066630785,3025.9776039978469
0.013000000000000005,-0.0019999999999999983,4210.0364750831623,2526.0218850498973
0.013499999999999998,-0.0019999999999999983,3450.6902391874755,2070.4141435124852
0.014000000000000005,-0.0019999999999999983,2772.5817093681744,1663.5490256209046
0.014499999999999999,-0.0019999999999999983,2180.7771052832759,1308.4662631699655
0.014999999999999999,-0.0019999999999999983,1677.1123401320197,1006.2674040792117
0.0155,-0.0019999999999999983,1259.780481950296,755.8682891701776
0.016000000000000007,-0.0019999999999999983,923.5128107199896,554.10768643199378
0.016500000000000001,-0.0019999999999999983,660.24686940193419,396.14812164116051
0.017000000000000001,-0.0019999999999999983,460.08932473890547,276.05359484334326
0.017500000000000002,-0.0019999999999999983,312.35972489071082,187.4158349344265
0.017999999999999995,-0.0019999999999999983,206.53276242577297,123.91965745546378
0.018500000000000003,-0.0019999999999999983,132.95965391113197,79.775792346679182
0.019000000000000003,-0.0019999999999999983,83.320051859278834,49.992031115567301
0.019500000000000003,-0.0019999999999999983,50.815978699472772,30.489587219683663
0.019999999999999997,-0.0019999999999999983,30.158585863468016,18.095151518080808
0.020499999999999997,-0.0019999999999999983,17.415398338585714,10.449239003151428
0.021000000000000005,-0.0019999999999999983,9.7842999503257104,5.8705799701954264
0.021500000000000005,-0.0019999999999999983,5.3477400038734189,3.2086440023240512
0.021999999999999999,-0.0019999999999999983,2.8433587860065903,1.7060152716039541
0.022499999999999999,-0.0019999999999999983,1.4706035132724862,0.88236210796349168
0.023000000000000007,-0.0019999999999999983,0.73985692550282767,0.44391415530169659
0.023500000000000007,-0.0019999999999999983,0.36205691909959759,0.21723415145975855
0.024,-0.0019999999999999983,0.17233524682180013,0.10340114809308007
0.024500000000000001,-0.0019999999999999983,0.07978708799211269,0.047872252795267613
0.025000000000000001,-0.0019999999999999983,0.035929150904472171,0.021557490542683303
-0.025000000000000001,-0.0015000000000000013,0.87864431515028729,0.52718658909017235
-0.024500000000000001,-0.0015000000000000013,1.7899081006480482,1.0739448603888289
-0.024,-0.0015000000000000013,3.547406682176903,2.1284440093061416
-0.0235,-0.0015000000000000013,6.8401435116335154,4.1040861069801089
-0.023,-0.0015000000000000013,12.832341077704744,7.6994046466228454
-0.022500000000000003,-0.0015000000000000013,23.423226397958874,14.053935838775324
-0.022000000000000002,-0.0015000000000000013,41.60090630429417,24.960543782576501
-0.021500000000000002,-0.0015000000000000013,71.893709269106907,43.136225561464144
-0.021000000000000001,-0.0015000000000000013,120.90095797293688,72.540574783762125
-0.020500000000000001,-0.0015000000000000013,197.85199570533715,118.71119742320228
-0.02,-0.0015000000000000013,315.09894813468514,189.05936888081109
-0.0195,-0.0015000000000000013,488.40137867501733,293.04082720501037
-0.019,-0.0015000000000000013,736.82161840072592,442.09297104043554
-0.018500000000000003,-0.0015000000000000013,1082.0351584476512,649.22109506859067
-0.018000000000000002,-0.0015000000000000013,1546.8901933345076,928.13411600070447
-0.017500000000000002,-0.0015000000000000013,2153.1396664617923,1291.8837998770753
-0.017000000000000001,-0.0015000000000000013,2918.4222790987233,1751.0533674592339
-0.016500000000000001,-0.0015000000000000013,3852.7717350249673,2311.6630410149801
-0.016,-0.0015000000000000013,4955.1495845169638,2973.0897507101781
-0.0155,-0.0015000000000000013,6210.6704158383736,3726.402249503024
-0.015000000000000001,-0.0015000000000000013,7589.2542880712863,4553.552572842772
-0.014500000000000001,-0.0015000000000000013,9046.3454969868562,5427.8072981921132
-0.014,-0.0015000000000000013,10526.055486070471,6315.6332916422825
-0.0135,-0.0015000000000000013,11966.645899171917,7179.9875395031504
-0.012999999999999999,-0.0015000000000000013,13307.744411981474,7984.6466471888834
-0.012500000000000001,-0.0015000000000000013,14498.202745796389,8698.9216474778332
-0.012,-0.0015000000000000013,15503.199092643168,9301.9194555859012
-0.0115,-0.0015000000000000013,16309.167121001465,9785.5002726008788
-0.010999999999999999,-0.0015000000000000013,16925.448632794411,10155.269179676647
-0.010499999999999999,-0.0015000000000000013,17382.177225526641,10429.306335315983
-0.010000000000000002,-0.0015000000000000013,17724.679187984526,10634.807512790716
-0.0095000000000000015,-0.0015000000000000013,18005.439078967014,10803.263447380208
-0.0090000000000000011,-0.0015000000000000013,18275.224514904425,10965.134708942654
-0.0085000000000000006,-0.0015000000000000013,18575.147504633496,11145.088502780098
-0.0080000000000000002,-0.0015000000000000013,18931.20078969156,11358.720473814936
-0.0074999999999999997,-0.0015000000000000013,19352.202905063223,11611.321743037934
-0.0069999999999999993,-0.0015000000000000013,19831.27124383059,11898.762746298353
-0.0064999999999999988,-0.0015000000000000013,20350.131425427928,12210.078855256756
-0.0059999999999999984,-0.0015000000000000013,20884.973005757423,12530.983803454454
-0.0054999999999999979,-0.0015000000000000013,21412.322028681927,12847.393217209155
-0.005000000000000001,-0.0015000000000000013,21913.563144289117,13148.13788657347
-0.0044999999999999971,-0.0015000000000000013,22377.239807559388,13426.343884535632
-0.0040000000000000001,-0.0015000000000000013,22798.935419682814,13679.361251809687
-0.0035000000000000031,-0.0015000000000000013,23179.197582268389,13907.518549361033
-0.0029999999999999992,-0.0015000000000000013,23520.435941292391,14112.261564775434
-0.0025000000000000022,-0.0015000000000000013,23823.890443102409,14294.334265861446
-0.0019999999999999983,-0.0015000000000000013,24087.610975226522,14452.566585135914
-0.0015000000000000013,-0.0015000000000000013,24305.980642262828,14583.588385357696
-0.00099999999999999742,-0.0015000000000000013,24470.786920054932,14682.472152032959
-0.00050000000000000044,-0.0015000000000000013,24573.354999908792,14744.012999945275
0,-0.0015000000000000013,24606.943063515173,14764.165838109104
0.00050000000000000044,-0.0015000000000000013,24568.541493351091,14741.124896010655
0.0010000000000000009,-0.0015000000000000013,24459.423625809275,14675.654175485564
0.0015000000000000013,-0.0015000000000000013,24284.197409134813,14570.518445480888
0.0020000000000000018,-0.0015000000000000013,24048.584869477418,14429.150921686451
0.0024999999999999988,-0.0015000000000000013,23756.570019279443,14253.942011567666
0.0030000000000000027,-0.0015000000000000013,23407.785399180986,14044.671239508591
0.0034999999999999996,-0.0015000000000000013,22995.984716395338,13797.590829837203
0.0040000000000000036,-0.0015000000000000013,22509.177117942996,13505.506270765798
0.0045000000000000005,-0.0015000000000000013,21931.551496359923,13158.930897815953
0.0049999999999999975,-0.0015000000000000013,21246.821816487416,12748.093089892449
0.0055000000000000014,-0.0015000000000000013,20442.217963939249,12265.330778363548
0.0059999999999999984,-0.0015000000000000013,19512.148079797324,11707.288847878393
0.0064999999999999988,-0.0015000000000000013,18460.625964543575,11076.375578726145
0.0069999999999999993,-0.0015000000000000013,17301.8719976621,10381.123198597259
0.0074999999999999997,-0.0015000000000000013,16058.966743418296,9635.3800460509774
0.0080000000000000002,-0.0015000000000000013,14760.926420097705,8856.5558520586219
0.0085000000000000006,-0.0015000000000000013,13438.938993912781,8063.3633963476686
0.0090000000000000011,-0.0015000000000000013,12122.649356592547,7273.589613955528
0.0095000000000000015,-0.0015000000000000013,10837.282662616999,6502.3695975701994
0.010000000000000002,-0.0015000000000000013,9602.0938333969389,5761.2563000381633
0.010500000000000002,-0.0015000000000000013,8430.2331920578727,5058.139915234723
0.011000000000000003,-0.0015000000000000013,7329.7478447389421,4397.8487068433651
0.011500000000000003,-0.0015000000000000013,6305.1989612837351,3783.1193767702407
0.012000000000000004,-0.0015000000000000013,5359.3175591703475,3215.5905355022082
0.012499999999999997,-0.0015000000000000013,4494.2345860782234,2696.540751646934
0.013000000000000005,-0.0015000000000000013,3712.0436239242626,2227.2261743545573
0.013499999999999998,-0.0015000000000000013,3014.7018656969767,1808.8211194181861
0.014000000000000005,-0.0015000000000000013,2403.4701314615745,1442.0820788769447
0.014499999999999999,-0.0015000000000000013,1878.1890805655175,1126.9134483393104
0.014999999999999999,-0.0015000000000000013,1436.6791295271469,862.00747771628812
0.0155,-0.0015000000000000013,1074.4619043820728,644.67714262924369
0.016000000000000007,-0.0015000000000000013,784.87521265734006,470.92512759440399
0.016500000000000001,-0.0015000000000000013,559.53556659217895,335.72133995530737
0.017000000000000001,-0.0015000000000000013,389.02301315202197,233.41380789121317
0.017500000000000002,-0.0015000000000000013,263.63414952724537,158.18048971634721
0.017999999999999995,-0.0015000000000000013,174.06511288330503,104.43906772998302
0.018500000000000003,-0.0015000000000000013,111.93067954692783,67.158407728156703
0.019000000000000003,-0.0015000000000000013,70.079210745154299,42.047526447092579
0.019500000000000003,-0.0015000000000000013,42.710329055108652,25.62619743306519
0.019999999999999997,-0.0015000000000000013,25.333892231878224,15.200335339126934
0.020499999999999997,-0.0015000000000000013,14.622927437544211,8.7737564625265261
0.021000000000000005,-0.0015000000000000013,8.2126131332461512,4.9275678799476905
0.021500000000000005,-0.0015000000000000013,4.4875020283872349,2.692501217032341
0.021999999999999999,-0.0015000000000000013,2.3854703916149984,1.4312822349689991
0.022499999999999999,-0.0015000000000000013,1.233575639587529,0.74014538375251737
0.023000000000000007,-0.0015000000000000013,0.62052790728009288,0.37231674436805573
0.023500000000000007,-0.0015000000000000013,0.30363094922499922,0.18217856953499953
0.024,-0.0015000000000000013,0.14451352582631022,0.086708115495786123
0.024500000000000001,-0.0015000000000000013,0.066902095939672487,0.04014125756380349
0.025000000000000001,-0.0015000000000000013,0.030125390381123933,0.01807523422867436
-0.025000000000000001,-0.00099999999999999742,0.93529498651803933,0.5611769919108236
-0.024500000000000001,-0.00099999999999999742,1.9041153788161393,1.1424692272896835
-0.024,-0.00099999999999999742,3.7711762540638625,2.2627057524383174
-0.0235,-0.00099999999999999742,7.2662244639457043,4.3597346783674222
-0.023,-0.00099999999999999742,13.620707478716577,8.1724244872299465
-0.022500000000000003,-0.00099999999999999742,24.840537561652702,14.904322536991621
-0.022000000000000002,-0.00099999999999999742,44.076356035068876,26.445813621041324
-0.021500000000000002,-0.00099999999999999742,76.093611682850423,45.656167009710252
-0.021000000000000001,-0.00099999999999999742,127.82177962099796,76.693067772598766
-0.020500000000000001,-0.00099999999999999742,208.92686147910828,125.35611688746496
-0.02,-0.00099999999999999742,332.30579574771031,199.38347744862617
-0.0195,-0.00099999999999999742,514.35245210760183,308.61147126456109
-0.019,-0.00099999999999999742,774.80537081966133,464.8832224917968
-0.018500000000000003,-0.00099999999999999742,1135.9754459193534,681.58526755161199
-0.018000000000000002,-0.00099999999999999742,1621.1872737893564,972.71236427361373
-0.017500000000000002,-0.00099999999999999742,2252.3664601004893,1351.4198760602935
-0.017000000000000001,-0.00099999999999999742,3046.8699701168848,1828.1219820701308
-0.016500000000000001,-0.00099999999999999742,4013.8709067706804,2408.3225440624083
-0.016,-0.00099999999999999742,5150.8326871104791,3090.4996122662874
-0.0155,-0.00099999999999999742,6440.7802690204007,3864.4681614122401
-0.015000000000000001,-0.00099999999999999742,7851.1300921046814,4710.6780552628088
-0.014500000000000001,-0.00099999999999999742,9334.7203489051153,5600.8322093430688
-0.014,-0.00099999999999999742,10833.368650917002,6500.021190550201
-0.0135,-0.00099999999999999742,12283.807118133171,7370.2842708799026
-0.012999999999999999,-0.00099999999999999742,13625.294285790946,8175.176571474567
-0.012500000000000001,-0.00099999999999999742,14807.710818155756,8884.6264908934536
-0.012,-0.00099999999999999742,15798.654906549018,9479.1929439294108
-0.0115,-0.00099999999999999742,16588.075538429421,9952.8453230576524
-0.010999999999999999,-0.00099999999999999742,17189.358850607354,10313.615310364412
-0.010499999999999999,-0.00099999999999999742,17636.461426735743,10581.876856041445
-0.010000000000000002,-0.00099999999999999742,17977.520399023921,10786.512239414353
-0.0095000000000000015,-0.00099999999999999742,18266.160508828689,10959.696305297213
-0.0090000000000000011,-0.00099999999999999742,18552.255152262413,11131.353091357447
-0.0085000000000000006,-0.00099999999999999742,18874.029847134902,11324.417908280941
-0.0080000000000000002,-0.00099999999999999742,19253.073823725528,11551.844294235316
-0.0074999999999999997,-0.00099999999999999742,19693.122317503934,11815.87339050236
-0.0069999999999999993,-0.00099999999999999742,20182.567902636209,12109.540741581724
-0.0064999999999999988,-0.00099999999999999742,20699.789723626418,12419.873834175851
-0.0059999999999999984,-0.00099999999999999742,21219.780679523232,12731.868407713939
-0.0054999999999999979,-0.00099999999999999742,21720.356510927981,13032.213906556788
-0.005000000000000001,-0.00099999999999999742,22186.483554867998,13311.890132920798
-0.0044999999999999971,-0.00099999999999999742,22611.876569156007,13567.125941493605
-0.0040000000000000001,-0.00099999999999999742,22997.812310191715,13798.687386115029
-0.0035000000000000031,-0.00099999999999999742,23349.855590500742,14009.913354300445
-0.0029999999999999992,-0.00099999999999999742,23673.702219904131,14204.221331942479
-0.0025000000000000022,-0.00099999999999999742,23971.484083249332,14382.890449949598
-0.0019999999999999983,-0.00099999999999999742,24239.638590558217,14543.783154334929
-0.0015000000000000013,-0.00099999999999999742,24468.906268728104,14681.343761236862
-0.00099999999999999742,-0.00099999999999999742,24646.350873358439,14787.810524015062
-0.00050000000000000044,-0.00099999999999999742,24758.688697175279,14855.213218305167
0,-0.00099999999999999742,24795.835453164545,14877.501271898727
0.00050000000000000044,-0.00099999999999999742,24753.529039284622,14852.117423570773
0.0010000000000000009,-0.00099999999999999742,24634.170416114714,14780.502249668827
0.0015000000000000013,-0.00099999999999999742,24445.556548654869,14667.333929192921
0.0020000000000000018,-0.00099999999999999742,24197.806019633827,14518.683611780296
0.0024999999999999988,-0.00099999999999999742,23899.322478852035,14339.59348731122
0.0030000000000000027,-0.00099999999999999742,23552.950694685558,14131.770416811334
0.0034999999999999996,-0.00099999999999999742,23153.467427788131,13892.080456672878
0.0040000000000000036,-0.00099999999999999742,22687.216762012045,13612.330057207228
0.0045000000000000005,-0.00099999999999999742,22134.137693330573,13280.482615998344
0.0049999999999999975,-0.00099999999999999742,21471.795185426348,12883.077111255809
0.0055000000000000014,-0.00099999999999999742,20680.489829038626,12408.293897423175
0.0059999999999999984,-0.00099999999999999742,19748.232468917824,11848.939481350693
0.0064999999999999988,-0.00099999999999999742,18674.405184553478,11204.643110732086
0.0069999999999999993,-0.00099999999999999742,17471.273210778232,10482.76392646694
0.0074999999999999997,-0.00099999999999999742,16163.061281221075,9697.8367687326445
0.0080000000000000002,-0.00099999999999999742,14782.904561597898,8869.7427369587385
0.0085000000000000006,-0.00099999999999999742,13368.463696402676,8021.0782178416048
0.0090000000000000011,-0.00099999999999999742,11957.23287839357,7174.339727036142
0.0095000000000000015,-0.00099999999999999742,10582.523980709446,6349.5143884256677
0.010000000000000002,-0.00099999999999999742,9270.8195531940401,5562.4917319164242
0.010500000000000002,-0.00099999999999999742,8040.7606386851558,4824.4563832110935
0.011000000000000003,-0.00099999999999999742,6903.6071446549849,4142.1642867929904
0.011500000000000003,-0.00099999999999999742,5864.6969298346648,3518.8181579007987
0.012000000000000004,-0.00099999999999999742,4925.3014024699914,2955.1808414819948
0.012499999999999997,-0.00099999999999999742,4084.3322095605363,2450.5993257363216
0.013000000000000005,-0.00099999999999999742,3339.5425798367096,2003.7255479020257
0.013499999999999998,-0.00099999999999999742,2688.1063300759624,1612.8637980455774
0.014000000000000005,-0.00099999999999999742,2126.6678050642822,1276.0006830385694
0.014499999999999999,-0.00099999999999999742,1651.0838207094193,990.65029242565151
0.014999999999999999,-0.00099999999999999742,1256.1078179868805,753.66469079212823
0.0155,-0.00099999999999999742,935.21411749969639,561.12847049981781
0.016000000000000007,-0.00099999999999999742,680.66342255414293,408.39805353248573
0.016500000000000001,-0.00099999999999999742,483.80986321182655,290.28591792709591
0.017000000000000001,-0.00099999999999999742,335.5752570583968,201.34515423503808
0.017500000000000002,-0.00099999999999999742,226.98186094664703,136.18911656798821
0.017999999999999995,-0.00099999999999999742,149.6388975829922,89.783338549795317
0.018500000000000003,-0.00099999999999999742,96.108320088807687,57.664992053284607
0.019000000000000003,-0.00099999999999999742,60.115843869142559,36.069506321485534
0.019500000000000003,-0.00099999999999999742,36.610640935031689,21.966384561019012
0.019999999999999997,-0.00099999999999999742,21.703007696243812,13.021804617746287
0.020499999999999997,-0.00099999999999999742,12.521331216900887,7.5127987301405312
0.021000000000000005,-0.00099999999999999742,7.029733185097923,4.2178399110587534
0.021500000000000005,-0.00099999999999999742,3.8400549670088071,2.3040329802052844
0.021999999999999999,-0.00099999999999999742,2.040839740042196,1.2245038440253175
0.022499999999999999,-0.00099999999999999742,1.0551733466168811,0.63310400797012867
0.023000000000000007,-0.00099999999999999742,0.5307121855306165,0.31842731131836988
0.023500000000000007,-0.00099999999999999742,0.25965488400813025,0.15579293040487815
0.024,-0.00099999999999999742,0.12357251347248613,0.074143508083491669
0.024500000000000001,-0.00099999999999999742,0.057203689535889626,0.034322213721533774
0.025000000000000001,-0.00099999999999999742,0.025756937057253976,0.015454162234352385
-0.025000000000000001,-0.00050000000000000044,0.97128456909605621,0.58277074145763375
-0.024500000000000001,-0.00050000000000000044,1.9766827506567528,1.1860096503940516
-0.024,-0.00050000000000000044,3.9133871464352348,2.3480322878611406
-0.0235,-0.00050000000000000044,7.5370674453200142,4.5222404671920087
-0.023,-0.00050000000000000044,14.121961488517496,8.4731768931104963
-0.022500000000000003,-0.00050000000000000044,25.741924653290486,15.445154791974291
-0.022000000000000002,-0.00050000000000000044,45.651174065729755,27.390704439437851
-0.021500000000000002,-0.00050000000000000044,78.766380225607847,47.259828135364707
-0.021000000000000001,-0.00050000000000000044,132.22777238968192,79.33666343380915
-0.020500000000000001,-0.00050000000000000044,215.98043900395649,129.58826340237388
-0.02,-0.00050000000000000044,343.27010733494694,205.96206440096816
-0.0195,-0.00050000000000000044,530.89768023971828,318.53860814383097
-0.019,-0.00050000000000000044,799.03718446189373,479.42231067713624
-0.018500000000000003,-0.00050000000000000044,1170.4113320201243,702.24679921207451
-0.018000000000000002,-0.00050000000000000044,1668.6580775636005,1001.1948465381603
-0.017500000000000002,-0.00050000000000000044,2315.8260027968045,1389.4956016780827
-0.017000000000000001,-0.00050000000000000044,3129.1085533558235,1877.465132013494
-0.016500000000000001,-0.00050000000000000044,4117.1487666599551,2470.2892599959728
-0.016,-0.00050000000000000044,5276.4745404402347,3165.8847242641409
-0.0155,-0.00050000000000000044,6588.7968434514041,3953.2781060708421
-0.015000000000000001,-0.00050000000000000044,8019.9497335539736,4811.969840132384
-0.014500000000000001,-0.00050000000000000044,9521.1157707287675,5712.6694624372603
-0.014,-0.00050000000000000044,11032.64486314736,6619.5869178884159
-0.0135,-0.00050000000000000044,12490.275227386994,7494.1651364321961
-0.012999999999999999,-0.00050000000000000044,13832.9971060359,8299.7982636215402
-0.012500000000000001,-0.00050000000000000044,15011.301439354796,9006.7808636128775
-0.012,-0.00050000000000000044,15994.27444719495,9596.5646683169689
-0.0115,-0.00050000000000000044,16774.047927593427,10064.428756556055
-0.010999999999999999,-0.00050000000000000044,17366.531249216772,10419.918749530063
-0.010499999999999999,-0.00050000000000000044,17808.072921138126,10684.843752682875
-0.010000000000000002,-0.00050000000000000044,18148.571958453842,10889.143175072304
-0.0095000000000000015,-0.00050000000000000044,18442.368292258128,11065.420975354877
-0.0090000000000000011,-0.00050000000000000044,18738.772285134117,11243.263371080469
-0.0085000000000000006,-0.00050000000000000044,19074.192637863904,11444.515582718343
-0.0080000000000000002,-0.00050000000000000044,19467.446352324037,11680.467811394423
-0.0074999999999999997,-0.00050000000000000044,19919.068985498561,11951.441391299137
-0.0069999999999999993,-0.00050000000000000044,20414.482096681448,12248.689258008868
-0.0064999999999999988,-0.00050000000000000044,20929.967900831729,12557.980740499037
-0.0059999999999999984,-0.00050000000000000044,21439.78528229404,12863.871169376423
-0.0054999999999999979,-0.00050000000000000044,21922.592457714443,13153.555474628665
-0.005000000000000001,-0.00050000000000000044,22365.651696732515,13419.391018039509
-0.0044999999999999971,-0.00050000000000000044,22765.981570969874,13659.588942581924
-0.0040000000000000001,-0.00050000000000000044,23128.492763442711,13877.095658065626
-0.0035000000000000031,-0.00050000000000000044,23461.952985356242,14077.171791213745
-0.0029999999999999992,-0.00050000000000000044,23774.159455597754,14264.495673358651
-0.0025000000000000022,-0.00050000000000000044,24067.822213163432,14440.69332789806
-0.0019999999999999983,-0.00050000000000000044,24338.363198424959,14603.017919054975
-0.0015000000000000013,-0.00050000000000000044,24574.215096415115,14744.529057849069
-0.00099999999999999742,-0.00050000000000000044,24759.444597188187,14855.666758312911
-0.00050000000000000044,-0.00050000000000000044,24877.842058138798,14926.705234883279
0,-0.00050000000000000044,24917.200655634108,14950.320393380463
0.00050000000000000044,-0.00050000000000000044,24872.46287277306,14923.477723663835
0.0010000000000000009,-0.00050000000000000044,24746.745899184949,14848.047539510968
0.0015000000000000013,-0.00050000000000000044,24549.871918015713,14729.923150809427
0.0020000000000000018,-0.00050000000000000044,24294.750781071594,14576.850468642957
0.0024999999999999988,-0.00050000000000000044,23992.590355825483,14395.55421349529
0.0030000000000000027,-0.00050000000000000044,23648.27032668416,14188.962196010496
0.0034999999999999996,-0.00050000000000000044,23257.209114104258,13954.325468462555
0.0040000000000000036,-0.00050000000000000044,22804.682335922207,13682.809401553324
0.0045000000000000005,-0.00050000000000000044,22267.916384489123,13360.749830693474
0.0049999999999999975,-0.00050000000000000044,21620.555548995846,12972.333329397507
0.0055000000000000014,-0.00050000000000000044,20838.482666700507,12503.089600020305
0.0059999999999999984,-0.00050000000000000044,19905.627249489498,11943.376349693699
0.0064999999999999988,-0.00050000000000000044,18818.409517801581,11291.045710680948
0.0069999999999999993,-0.00050000000000000044,17587.830206626866,10552.698123976119
0.0074999999999999997,-0.00050000000000000044,16238.814776990097,9743.2888661940578
0.0080000000000000002,-0.00050000000000000044,14807.085222417452,8884.2511334504707
0.0085000000000000006,-0.00050000000000000044,13334.381686099257,8000.6290116595537
0.0090000000000000011,-0.00050000000000000044,11863.152223853103,7117.891334311862
0.0095000000000000015,-0.00050000000000000044,10431.816809262646,6259.0900855575874
0.010000000000000002,-0.00050000000000000044,9071.4279372188212,5442.8567623312929
0.010500000000000002,-0.00050000000000000044,7804.1047614268336,4682.4628568561002
0.011000000000000003,-0.00050000000000000044,6643.1526406234607,3985.891584374076
0.011500000000000003,-0.00050000000000000044,5594.4227460224138,3356.6536476134484
0.012000000000000004,-0.00050000000000000044,4658.2934024806218,2794.9760414883731
0.012499999999999997,-0.00050000000000000044,3831.6762577832988,2299.0057546699791
0.013000000000000005,-0.00050000000000000044,3109.6184974406469,1865.7710984643882
0.013499999999999998,-0.00050000000000000044,2486.3070676687948,1491.7842406012769
0.014000000000000005,-0.00050000000000000044,1955.5008418885318,1173.300505133119
0.014499999999999999,-0.00050000000000000044,1510.5642876535787,906.33857259214722
0.014999999999999999,-0.00050000000000000044,1144.3296720134063,686.59780320804373
0.0155,-0.00050000000000000044,848.98589086472509,509.39153451883504
0.016000000000000007,-0.00050000000000000044,616.11340800160929,369.66804480096556
0.016500000000000001,-0.00050000000000000044,436.8945505659226,262.13673033955354
0.017000000000000001,-0.00050000000000000044,302.45664119871265,181.47398471922759
0.017500000000000002,-0.00050000000000000044,204.26755712949569,122.5605342776974
0.017999999999999995,-0.00050000000000000044,134.4998721122989,80.699923267379333
0.018500000000000003,-0.00050000000000000044,86.301078176677549,51.780646906006531
0.019000000000000003,-0.00050000000000000044,53.939829967931615,32.363897980758971
0.019500000000000003,-0.00050000000000000044,32.829433521894181,19.697660113136507
0.019999999999999997,-0.00050000000000000044,19.452131908508001,11.671279145104799
0.020499999999999997,-0.00050000000000000044,11.218461266893135,6.7310767601358803
0.021000000000000005,-0.00050000000000000044,6.2963982063687141,3.7778389238212284
0.021500000000000005,-0.00050000000000000044,3.4386582825376855,2.0631949695226113
0.021999999999999999,-0.00050000000000000044,1.8271766442862687,1.0963059865717613
0.022499999999999999,-0.00050000000000000044,0.94456680208814026,0.56674008125288411
0.023000000000000007,-0.00050000000000000044,0.47502740665492638,0.28501644399295584
0.023500000000000007,-0.00050000000000000044,0.2323900137577625,0.13943400825465749
0.024,-0.00050000000000000044,0.11058915532226173,0.066353493193357038
0.024500000000000001,-0.00050000000000000044,0.051190684838410751,0.030714410903046448
0.025000000000000001,-0.00050000000000000044,0.023048490478173728,0.013829094286904237
-0.025000000000000001,0,0.98362924090505266,0.59017754454303162
-0.024500000000000001,0,2.0015761037698057,1.2009456622618833
-0.024,0,3.9621757561996862,2.3773054537198117
-0.0235,0,7.6299965173599835,4.5779979104159896
-0.023,0,14.293968360066973,8.5763810160401839
-0.022500000000000003,0,26.051281276408755,15.630768765845252
-0.022000000000000002,0,46.191736289338991,27.715041773603392
-0.021500000000000002,0,79.683977230824922,47.810386338494951
-0.021000000000000001,0,133.74070305211765,80.244421831270586
-0.020500000000000001,0,218.40302947034482,131.0418176822069
-0.02,0,347.03679537303788,208.22207722382271
-0.0195,0,536.5832400387394,321.94994402324363
-0.019,0,807.3668112571263,484.42008675427576
-0.018500000000000003,0,1182.2529232075412,709.3517539245247
-0.018000000000000002,0,1684.9889119497707,1010.9933471698623
-0.017500000000000002,0,2337.6678938296086,1402.600736297765
-0.017000000000000001,0,3157.4299620006923,1894.4579772004154
-0.016500000000000001,0,4152.7392807768274,2491.6435684660964
-0.016,0,5319.8057150855784,3191.8834290513469
-0.0155,0,6639.8918920458282,3983.9351352274966
-0.015000000000000001,0,8078.2904949179738,4846.9742969507843
-0.014500000000000001,0,9585.61611916937,5751.3696715016222
-0.014,0,11101.713293804238,6661.0279762825421
-0.0135,0,12561.975267625856,7537.1851605755128
-0.012999999999999999,0,13905.294139918049,8343.1764839508287
-0.012500000000000001,0,15082.362357061507,9049.4174142369047
-0.012,0,16062.76768275874,9637.6606096552441
-0.0115,0,16839.381635214024,10103.628981128413
-0.010999999999999999,0,17428.970922904562,10457.382553742736
-0.010499999999999999,0,17868.698122341422,10721.218873404852
-0.010000000000000002,0,18209.062645209196,10925.437587125518
-0.0095000000000000015,0,18504.648544537529,11102.789126722517
-0.0090000000000000011,0,18804.574519817041,11282.744711890224
-0.0085000000000000006,0,19144.62975172724,11486.777851036344
-0.0080000000000000002,0,19542.685509025949,11725.611305415568
-0.0074999999999999997,0,19998.185709838624,11998.911425903174
-0.0069999999999999993,0,20495.538702758844,12297.323221655306
-0.0064999999999999988,0,21010.312774452377,12606.187664671426
-0.0059999999999999984,0,21516.519549231514,12909.911729538908
-0.0054999999999999979,0,21993.109857657862,13195.865914594717
-0.005000000000000001,0,22428.136375619168,13456.8818253715
-0.0044999999999999971,0,22819.753243755582,13691.85194625335
-0.0040000000000000001,0,23174.119606428874,13904.471763857324
-0.0035000000000000031,0,23501.103605540316,14100.66216332419
-0.0029999999999999992,0,23809.224961387772,14285.534976832663
-0.0025000000000000022,0,24101.393619064685,14460.83617143881
-0.0019999999999999983,0,24372.684649899133,14623.610789939479
-0.0015000000000000013,0,24610.740369736279,14766.444221841766
-0.00099999999999999742,0,24798.600437818655,14879.160262691192
-0.00050000000000000044,0,24919.05230176893,14951.431381061357
0,0,24959.161517814009,14975.496910688405
0.00050000000000000044,0,24913.597884259245,14948.158730555546
0.0010000000000000009,0,24785.724138522441,14871.434483113464
0.0015000000000000013,0,24586.056732814475,14751.634039688684
0.0020000000000000018,0,24328.462278540304,14597.077367124182
0.0024999999999999988,0,24025.109584949892,14415.065750969936
0.0030000000000000027,0,23681.575173857094,14208.945104314256
0.0034999999999999996,0,23293.496229994333,13976.097737996599
0.0040000000000000036,0,22845.780435049131,13707.468261029479
0.0045000000000000005,0,22314.72222336995,13388.833334021971
0.0049999999999999975,0,21672.619471424947,13003.571682854968
0.0055000000000000014,0,20893.83793738086,12536.302762428515
0.0059999999999999984,0,19960.905108048257,11976.543064828953
0.0064999999999999988,0,18869.222584389958,11321.533550633974
0.0069999999999999993,0,17629.353859774619,10577.612315864772
0.0074999999999999997,0,16266.460247686939,9759.8761486121621
0.0080000000000000002,0,14817.145558256441,8890.287334953864
0.0085000000000000006,0,13324.543023175393,7994.7258139052356
0.0090000000000000011,0,11832.793496798553,7099.6760980791314
0.0095000000000000015,0,10382.063190009469,6229.237914005681
0.010000000000000002,0,9004.967615755013,5402.9805694530078
0.010500000000000002,0,7724.8165888754938,4634.8899533252961
0.011000000000000003,0,6555.6174188273862,3933.3704512964314
0.011500000000000003,0,5503.4005905000995,3302.0403543000598
0.012000000000000004,0,4568.244015010876,2740.9464090065253
0.012499999999999997,0,3746.3813123470891,2247.8287874082534
0.013000000000000005,0,3031.9406358389028,1819.1643815033417
0.013499999999999998,0,2418.0937341529216,1450.8562404917529
0.014000000000000005,0,1897.6182643259119,1138.5709585955472
0.014499999999999999,0,1463.0307645604846,877.81845873629072
0.014999999999999999,0,1106.5094716363024,663.90568298178141
0.0155,0,819.80516266045561,491.88309759627333
0.016000000000000007,0,594.26576174861759,356.55945704917053
0.016500000000000001,0,421.01381093349084,252.60828656009448
0.017000000000000001,0,291.24509660482113,174.74705796289268
0.017500000000000002,0,196.57764025399246,117.94658415239547
0.017999999999999995,0,129.37429570514976,77.62457742308986
0.018500000000000003,0,82.980533627987626,49.788320176792574
0.019000000000000003,0,51.848683428164648,31.109210056898789
0.019500000000000003,0,31.54911661620973,18.929469969725837
0.019999999999999997,0,18.689970523949544,11.213982314369726
0.020499999999999997,0,10.777294205819251,6.46637652349155
0.021000000000000005,0,6.0480794183609632,3.6288476510165779
0.021500000000000005,0,3.3027377689014767,1.981642661340886
0.021999999999999999,0,1.7548257485452883,1.0528954491271729
0.022499999999999999,0,0.90711284546711535,0.54426770728026919
0.023000000000000007,0,0.4561711568591949,0.27370269411551695
0.023500000000000007,0,0.22315741881489801,0.13389445128893879
0.024,0,0.10619264012932349,0.06371558407759409
0.024500000000000001,0,0.049154514909657089,0.029492708945794251
0.025000000000000001,0,0.022131333904948633,0.013278800342969179
-0.025000000000000001,0.00050000000000000044,0.97128456909605621,0.58277074145763375
-0.024500000000000001,0.00050000000000000044,1.9766827506567528,1.1860096503940516
-0.024,0.00050000000000000044,3.9133871464352348,2.3480322878611406
-0.0235,0.00050000000000000044,7.5370674453200142,4.5222404671920087
-0.023,0.00050000000000000044,14.121961488517506,8.4731768931105034
-0.022500000000000003,0.00050000000000000044,25.741924653290507,15.445154791974304
-0.022000000000000002,0.00050000000000000044,45.651174065729798,27.390704439437879
-0.021500000000000002,0.00050000000000000044,78.76638022560789,47.259828135364735
-0.021000000000000001,0.00050000000000000044,132.22777238968203,79.336663433809221
-0.020500000000000001,0.00050000000000000044,215.98043900395663,129.58826340237397
-0.02,0.00050000000000000044,343.27010733494728,205.96206440096836
-0.0195,0.00050000000000000044,530.89768023971828,318.53860814383097
-0.019,0.00050000000000000044,799.03718446189373,479.42231067713624
-0.018500000000000003,0.00050000000000000044,1170.4113320201243,702.24679921207451
-0.018000000000000002,0.00050000000000000044,1668.6580775636005,1001.1948465381603
-0.017500000000000002,0.00050000000000000044,2315.8260027968049,1389.4956016780829
-0.017000000000000001,0.00050000000000000044,3129.1085533558244,1877.4651320134944
-0.016500000000000001,0.00050000000000000044,4117.148766659956,2470.2892599959737
-0.016,0.00050000000000000044,5276.4745404402365,3165.8847242641418
-0.0155,0.00050000000000000044,6588.7968434514041,3953.2781060708421
-0.015000000000000001,0.00050000000000000044,8019.9497335539754,4811.9698401323849
-0.014500000000000001,0.00050000000000000044,9521.1157707287693,5712.6694624372612
-0.014,0.00050000000000000044,11032.64486314736,6619.5869178884159
-0.0135,0.00050000000000000044,12490.275227386994,7494.1651364321961
-0.012999999999999999,0.00050000000000000044,13832.9971060359,8299.7982636215402
-0.012500000000000001,0.00050000000000000044,15011.301439354796,9006.7808636128775
-0.012,0.00050000000000000044,15994.274447194952,9596.5646683169707
-0.0115,0.00050000000000000044,16774.047927593427,10064.428756556055
-0.010999999999999999,0.00050000000000000044,17366.531249216772,10419.918749530063
-0.010499999999999999,0.00050000000000000044,17808.072921138126,10684.843752682875
-0.010000000000000002,0.00050000000000000044,18148.571958453842,10889.143175072304
-0.0095000000000000015,0.00050000000000000044,18442.368292258128,11065.420975354877
-0.0090000000000000011,0.00050000000000000044,18738.772285134117,11243.263371080469
-0.0085000000000000006,0.00050000000000000044,19074.192637863904,11444.515582718343
-0.0080000000000000002,0.00050000000000000044,19467.446352324037,11680.467811394423
-0.0074999999999999997,0.00050000000000000044,19919.068985498561,11951.441391299137
-0.0069999999999999993,0.00050000000000000044,20414.482096681448,12248.689258008868
-0.0064999999999999988,0.00050000000000000044,20929.967900831729,12557.980740499037
-0.0059999999999999984,0.00050000000000000044,21439.78528229404,12863.871169376423
-0.0054999999999999979,0.00050000000000000044,21922.59245771444,13153.555474628663
-0.005000000000000001,0.00050000000000000044,22365.651696732515,13419.391018039509
-0.0044999999999999971,0.00050000000000000044,22765.981570969874,13659.588942581924
-0.0040000000000000001,0.00050000000000000044,23128.492763442704,13877.095658065622
-0.0035000000000000031,0.00050000000000000044,23461.952985356242,14077.171791213745
-0.0029999999999999992,0.00050000000000000044,23774.159455597754,14264.495673358651
-0.0025000000000000022,0.00050000000000000044,24067.822213163432,14440.69332789806
-0.0019999999999999983,0.00050000000000000044,24338.363198424959,14603.017919054975
-0.0015000000000000013,0.00050000000000000044,24574.215096415119,14744.529057849071
-0.00099999999999999742,0.00050000000000000044,24759.444597188191,14855.666758312913
-0.00050000000000000044,0.00050000000000000044,24877.842058138802,14926.70523488328
0,0.00050000000000000044,24917.200655634108,14950.320393380463
0.00050000000000000044,0.00050000000000000044,24872.46287277306,14923.477723663835
0.0010000000000000009,0.00050000000000000044,24746.745899184949,14848.047539510968
0.0015000000000000013,0.00050000000000000044,24549.871918015713,14729.923150809427
0.0020000000000000018,0.00050000000000000044,24294.750781071594,14576.850468642957
0.0024999999999999988,0.00050000000000000044,23992.590355825483,14395.55421349529
0.0030000000000000027,0.00050000000000000044,23648.27032668416,14188.962196010496
0.0034999999999999996,0.00050000000000000044,23257.209114104266,13954.325468462559
0.0040000000000000036,0.00050000000000000044,22804.682335922207,13682.809401553324
0.0045000000000000005,0.00050000000000000044,22267.916384489123,13360.749830693474
0.0049999999999999975,0.00050000000000000044,21620.555548995846,12972.333329397507
0.0055000000000000014,0.00050000000000000044,20838.482666700507,12503.089600020305
0.0059999999999999984,0.00050000000000000044,19905.627249489498,11943.376349693699
0.0064999999999999988,0.00050000000000000044,18818.409517801581,11291.045710680948
0.0069999999999999993,0.00050000000000000044,17587.830206626866,10552.698123976119
0.0074999999999999997,0.00050000000000000044,16238.814776990097,9743.2888661940578
0.0080000000000000002,0.00050000000000000044,14807.085222417452,8884.2511334504707
0.0085000000000000006,0.00050000000000000044,13334.381686099259,8000.6290116595555
0.0090000000000000011,0.00050000000000000044,11863.152223853105,7117.8913343118629
0.0095000000000000015,0.00050000000000000044,10431.816809262647,6259.0900855575883
0.010000000000000002,0.00050000000000000044,9071.4279372188248,5442.8567623312947
0.010500000000000002,0.00050000000000000044,7804.1047614268373,4682.462856856102
0.011000000000000003,0.00050000000000000044,6643.1526406234643,3985.8915843740783
0.011500000000000003,0.00050000000000000044,5594.4227460224183,3356.6536476134511
0.012000000000000004,0.00050000000000000044,4658.2934024806245,2794.9760414883744
0.012499999999999997,0.00050000000000000044,3831.6762577833024,2299.0057546699813
0.013000000000000005,0.00050000000000000044,3109.6184974406497,1865.7710984643898
0.013499999999999998,0.00050000000000000044,2486.307067668798,1491.7842406012787
0.014000000000000005,0.00050000000000000044,1955.5008418885341,1173.3005051331204
0.014499999999999999,0.00050000000000000044,1510.564287653581,906.33857259214858
0.014999999999999999,0.00050000000000000044,1144.3296720134085,686.59780320804509
0.0155,0.00050000000000000044,848.98589086472657,509.3915345188359
0.016000000000000007,0.00050000000000000044,616.11340800161031,369.66804480096619
0.016500000000000001,0.00050000000000000044,436.89455056592362,262.13673033955416
0.017000000000000001,0.00050000000000000044,302.45664119871333,181.47398471922799
0.017500000000000002,0.00050000000000000044,204.26755712949614,122.56053427769768
0.017999999999999995,0.00050000000000000044,134.49987211229919,80.699923267379503
0.018500000000000003,0.00050000000000000044,86.301078176677777,51.780646906006666
0.019000000000000003,0.00050000000000000044,53.93982996793175,32.363897980759049
0.019500000000000003,0.00050000000000000044,32.829433521894273,19.697660113136564
0.019999999999999997,0.00050000000000000044,19.452131908508054,11.671279145104831
0.020499999999999997,0.00050000000000000044,11.218461266893154,6.7310767601358927
0.021000000000000005,0.00050000000000000044,6.2963982063687363,3.7778389238212418
0.021500000000000005,0.00050000000000000044,3.438658282537697,2.0631949695226179
0.021999999999999999,0.00050000000000000044,1.8271766442862749,1.0963059865717648
0.022499999999999999,0.00050000000000000044,0.94456680208814336,0.566740081252886
0.023000000000000007,0.00050000000000000044,0.47502740665492826,0.28501644399295695
0.023500000000000007,0.00050000000000000044,0.23239001375776328,0.13943400825465796
0.024,0.00050000000000000044,0.11058915532226216,0.066353493193357288
0.024500000000000001,0.00050000000000000044,0.051190684838410959,0.030714410903046573
0.025000000000000001,0.00050000000000000044,0.023048490478173807,0.013829094286904283
-0.025000000000000001,0.0010000000000000009,0.93529498651803933,0.5611769919108236
-0.024500000000000001,0.0010000000000000009,1.9041153788161393,1.1424692272896835
-0.024,0.0010000000000000009,3.7711762540638625,2.2627057524383174
-0.0235,0.0010000000000000009,7.2662244639457043,4.3597346783674222
-0.023,0.0010000000000000009,13.620707478716577,8.1724244872299465
-0.022500000000000003,0.0010000000000000009,24.840537561652695,14.904322536991616
-0.022000000000000002,0.0010000000000000009,44.076356035068869,26.445813621041321
-0.021500000000000002,0.0010000000000000009,76.093611682850423,45.656167009710252
-0.021000000000000001,0.0010000000000000009,127.82177962099796,76.693067772598766
-0.020500000000000001,0.0010000000000000009,208.92686147910825,125.35611688746495
-0.02,0.0010000000000000009,332.30579574771025,199.38347744862614
-0.0195,0.0010000000000000009,514.35245210760183,308.61147126456109
-0.019,0.0010000000000000009,774.80537081966145,464.88322249179686
-0.018500000000000003,0.0010000000000000009,1135.9754459193537,681.58526755161222
-0.018000000000000002,0.0010000000000000009,1621.1872737893561,972.71236427361362
-0.017500000000000002,0.0010000000000000009,2252.3664601004893,1351.4198760602935
-0.017000000000000001,0.0010000000000000009,3046.8699701168848,1828.1219820701308
-0.016500000000000001,0.0010000000000000009,4013.8709067706795,2408.3225440624078
-0.016,0.0010000000000000009,5150.8326871104791,3090.4996122662874
-0.0155,0.0010000000000000009,6440.7802690203998,3864.4681614122396
-0.015000000000000001,0.0010000000000000009,7851.1300921046804,4710.6780552628079
-0.014500000000000001,0.0010000000000000009,9334.7203489051153,5600.8322093430688
-0.014,0.0010000000000000009,10833.368650917002,6500.021190550201
-0.0135,0.0010000000000000009,12283.807118133171,7370.2842708799026
-0.012999999999999999,0.0010000000000000009,13625.294285790942,8175.1765714745652
-0.012500000000000001,0.0010000000000000009,14807.710818155756,8884.6264908934536
-0.012,0.0010000000000000009,15798.65490654902,9479.1929439294108
-0.0115,0.0010000000000000009,16588.075538429421,9952.8453230576524
-0.010999999999999999,0.0010000000000000009,17189.35885060735,10313.61531036441
-0.010499999999999999,0.0010000000000000009,17636.461426735739,10581.876856041443
-0.010000000000000002,0.0010000000000000009,17977.520399023921,10786.512239414353
-0.0095000000000000015,0.0010000000000000009,18266.160508828689,10959.696305297213
-0.0090000000000000011,0.0010000000000000009,18552.255152262405,11131.353091357443
-0.0085000000000000006,0.0010000000000000009,18874.029847134894,11324.417908280937
-0.0080000000000000002,0.0010000000000000009,19253.073823725525,11551.844294235314
-0.0074999999999999997,0.0010000000000000009,19693.122317503934,11815.87339050236
-0.0069999999999999993,0.0010000000000000009,20182.567902636201,12109.540741581721
-0.0064999999999999988,0.0010000000000000009,20699.789723626411,12419.873834175845
-0.0059999999999999984,0.0010000000000000009,21219.780679523228,12731.868407713937
-0.0054999999999999979,0.0010000000000000009,21720.356510927981,13032.213906556788
-0.005000000000000001,0.0010000000000000009,22186.483554867991,13311.890132920795
-0.0044999999999999971,0.0010000000000000009,22611.876569156004,13567.125941493601
-0.0040000000000000001,0.0010000000000000009,22997.812310191708,13798.687386115025
-0.0035000000000000031,0.0010000000000000009,23349.855590500738,14009.913354300443
-0.0029999999999999992,0.0010000000000000009,23673.702219904131,14204.221331942479
-0.0025000000000000022,0.0010000000000000009,23971.484083249332,14382.890449949598
-0.0019999999999999983,0.0010000000000000009,24239.638590558217,14543.783154334929
-0.0015000000000000013,0.0010000000000000009,24468.906268728104,14681.343761236862
-0.00099999999999999742,0.0010000000000000009,24646.350873358439,14787.810524015062
-0.00050000000000000044,0.0010000000000000009,24758.688697175279,14855.213218305167
0,0.0010000000000000009,24795.835453164545,14877.501271898727
0.00050000000000000044,0.0010000000000000009,24753.529039284622,14852.117423570773
0.0010000000000000009,0.0010000000000000009,24634.170416114714,14780.502249668827
0.0015000000000000013,0.0010000000000000009,24445.556548654869,14667.333929192921
0.0020000000000000018,0.0010000000000000009,24197.806019633827,14518.683611780296
0.0024999999999999988,0.0010000000000000009,23899.322478852035,14339.59348731122
0.0030000000000000027,0.0010000000000000009,23552.950694685558,14131.770416811334
0.0034999999999999996,0.0010000000000000009,23153.467427788128,13892.080456672877
0.0040000000000000036,0.0010000000000000009,22687.216762012045,13612.330057207228
0.0045000000000000005,0.0010000000000000009,22134.137693330573,13280.482615998344
0.0049999999999999975,0.0010000000000000009,21471.795185426348,12883.077111255809
0.0055000000000000014,0.0010000000000000009,20680.489829038623,12408.293897423173
0.0059999999999999984,0.0010000000000000009,19748.23246891782,11848.939481350691
0.0064999999999999988,0.0010000000000000009,18674.405184553474,11204.643110732084
0.0069999999999999993,0.0010000000000000009,17471.273210778232,10482.76392646694
0.0074999999999999997,0.0010000000000000009,16163.061281221078,9697.8367687326463
0.0080000000000000002,0.0010000000000000009,14782.904561597899,8869.7427369587385
0.0085000000000000006,0.0010000000000000009,13368.463696402679,8021.0782178416075
0.0090000000000000011,0.0010000000000000009,11957.232878393579,7174.3397270361475
0.0095000000000000015,0.0010000000000000009,10582.523980709453,6349.5143884256713
0.010000000000000002,0.0010000000000000009,9270.8195531940473,5562.4917319164279
0.010500000000000002,0.0010000000000000009,8040.7606386851658,4824.4563832110989
0.011000000000000003,0.0010000000000000009,6903.6071446549931,4142.1642867929959
0.011500000000000003,0.0010000000000000009,5864.6969298346739,3518.8181579008042
0.012000000000000004,0.0010000000000000009,4925.3014024700005,2955.1808414820002
0.012499999999999997,0.0010000000000000009,4084.3322095605454,2450.599325736327
0.013000000000000005,0.0010000000000000009,3339.5425798367182,2003.7255479020309
0.013499999999999998,0.0010000000000000009,2688.1063300759706,1612.8637980455824
0.014000000000000005,0.0010000000000000009,2126.6678050642886,1276.000683038573
0.014499999999999999,0.0010000000000000009,1651.083820709425,990.65029242565492
0.014999999999999999,0.0010000000000000009,1256.107817986885,753.66469079213095
0.0155,0.0010000000000000009,935.21411749969991,561.12847049981997
0.016000000000000007,0.0010000000000000009,680.66342255414577,408.39805353248744
0.016500000000000001,0.0010000000000000009,483.80986321182866,290.28591792709716
0.017000000000000001,0.0010000000000000009,335.57525705839851,201.3451542350391
0.017500000000000002,0.0010000000000000009,226.98186094664814,136.18911656798889
0.017999999999999995,0.0010000000000000009,149.63889758299294,89.783338549795758
0.018500000000000003,0.0010000000000000009,96.108320088808185,57.664992053284905
0.019000000000000003,0.0010000000000000009,60.115843869142907,36.06950632148574
0.019500000000000003,0.0010000000000000009,36.610640935031903,21.96638456101914
0.019999999999999997,0.0010000000000000009,21.703007696243933,13.02180461774636
0.020499999999999997,0.0010000000000000009,12.521331216900972,7.5127987301405827
0.021000000000000005,0.0010000000000000009,7.029733185097971,4.2178399110587828
0.021500000000000005,0.0010000000000000009,3.8400549670088333,2.3040329802052999
0.021999999999999999,0.0010000000000000009,2.0408397400422111,1.2245038440253266
0.022499999999999999,0.0010000000000000009,1.0551733466168869,0.63310400797013211
0.023000000000000007,0.0010000000000000009,0.53071218553061927,0.31842731131837154
0.023500000000000007,0.0010000000000000009,0.25965488400813197,0.15579293040487918
0.024,0.0010000000000000009,0.12357251347248717,0.074143508083492293
0.024500000000000001,0.0010000000000000009,0.057203689535890001,0.034322213721533996
0.025000000000000001,0.0010000000000000009,0.025756937057254136,0.015454162234352481
-0.025000000000000001,0.0015000000000000013,0.87864431515028729,0.52718658909017235
-0.024500000000000001,0.0015000000000000013,1.789908100648048,1.0739448603888286
-0.024,0.0015000000000000013,3.547406682176903,2.1284440093061416
-0.0235,0.0015000000000000013,6.8401435116335154,4.1040861069801089
-0.023,0.0015000000000000013,12.832341077704744,7.6994046466228454
-0.022500000000000003,0.0015000000000000013,23.423226397958889,14.053935838775333
-0.022000000000000002,0.0015000000000000013,41.600906304294199,24.960543782576519
-0.021500000000000002,0.0015000000000000013,71.893709269106964,43.13622556146418
-0.021000000000000001,0.0015000000000000013,120.90095797293695,72.540574783762167
-0.020500000000000001,0.0015000000000000013,197.85199570533726,118.71119742320235
-0.02,0.0015000000000000013,315.09894813468543,189.05936888081126
-0.0195,0.0015000000000000013,488.4013786750175,293.04082720501049
-0.019,0.0015000000000000013,736.82161840072592,442.09297104043554
-0.018500000000000003,0.0015000000000000013,1082.0351584476512,649.22109506859067
-0.018000000000000002,0.0015000000000000013,1546.8901933345073,928.13411600070435
-0.017500000000000002,0.0015000000000000013,2153.1396664617928,1291.8837998770757
-0.017000000000000001,0.0015000000000000013,2918.4222790987246,1751.0533674592348
-0.016500000000000001,0.0015000000000000013,3852.7717350249682,2311.663041014981
-0.016,0.0015000000000000013,4955.1495845169657,2973.0897507101795
-0.0155,0.0015000000000000013,6210.6704158383745,3726.4022495030244
-0.015000000000000001,0.0015000000000000013,7589.2542880712872,4553.552572842772
-0.014500000000000001,0.0015000000000000013,9046.3454969868581,5427.807298192115
-0.014,0.0015000000000000013,10526.055486070471,6315.6332916422825
-0.0135,0.0015000000000000013,11966.645899171919,7179.9875395031513
-0.012999999999999999,0.0015000000000000013,13307.744411981474,7984.6466471888834
-0.012500000000000001,0.0015000000000000013,14498.20274579639,8698.9216474778332
-0.012,0.0015000000000000013,15503.19909264317,9301.9194555859012
-0.0115,0.0015000000000000013,16309.167121001467,9785.5002726008788
-0.010999999999999999,0.0015000000000000013,16925.448632794411,10155.269179676647
-0.010499999999999999,0.0015000000000000013,17382.177225526641,10429.306335315983
-0.010000000000000002,0.0015000000000000013,17724.67918798453,10634.807512790718
-0.0095000000000000015,0.0015000000000000013,18005.439078967014,10803.263447380208
-0.0090000000000000011,0.0015000000000000013,18275.224514904425,10965.134708942654
-0.0085000000000000006,0.0015000000000000013,18575.147504633496,11145.088502780098
-0.0080000000000000002,0.0015000000000000013,18931.200789691557,11358.720473814934
-0.0074999999999999997,0.0015000000000000013,19352.202905063219,11611.321743037932
-0.0069999999999999993,0.0015000000000000013,19831.271243830583,11898.762746298349
-0.0064999999999999988,0.0015000000000000013,20350.131425427924,12210.078855256754
-0.0059999999999999984,0.0015000000000000013,20884.973005757412,12530.983803454446
-0.0054999999999999979,0.0015000000000000013,21412.322028681923,12847.393217209154
-0.005000000000000001,0.0015000000000000013,21913.56314428911,13148.137886573466
-0.0044999999999999971,0.0015000000000000013,22377.239807559381,13426.343884535629
-0.0040000000000000001,0.0015000000000000013,22798.935419682814,13679.361251809687
-0.0035000000000000031,0.0015000000000000013,23179.197582268385,13907.518549361032
-0.0029999999999999992,0.0015000000000000013,23520.435941292391,14112.261564775434
-0.0025000000000000022,0.0015000000000000013,23823.890443102409,14294.334265861446
-0.0019999999999999983,0.0015000000000000013,24087.610975226522,14452.566585135914
-0.0015000000000000013,0.0015000000000000013,24305.980642262832,14583.588385357698
-0.00099999999999999742,0.0015000000000000013,24470.786920054932,14682.472152032959
-0.00050000000000000044,0.0015000000000000013,24573.354999908795,14744.012999945277
0,0.0015000000000000013,24606.943063515177,14764.165838109106
0.00050000000000000044,0.0015000000000000013,24568.541493351095,14741.124896010657
0.0010000000000000009,0.0015000000000000013,24459.423625809275,14675.654175485564
0.0015000000000000013,0.0015000000000000013,24284.197409134817,14570.51844548089
0.0020000000000000018,0.0015000000000000013,24048.584869477418,14429.150921686451
0.0024999999999999988,0.0015000000000000013,23756.570019279447,14253.942011567668
0.0030000000000000027,0.0015000000000000013,23407.785399180986,14044.671239508591
0.0034999999999999996,0.0015000000000000013,22995.984716395338,13797.590829837203
0.0040000000000000036,0.0015000000000000013,22509.177117942992,13505.506270765794
0.0045000000000000005,0.0015000000000000013,21931.551496359923,13158.930897815953
0.0049999999999999975,0.0015000000000000013,21246.821816487416,12748.093089892449
0.0055000000000000014,0.0015000000000000013,20442.217963939249,12265.330778363548
0.0059999999999999984,0.0015000000000000013,19512.148079797327,11707.288847878395
0.0064999999999999988,0.0015000000000000013,18460.625964543575,11076.375578726145
0.0069999999999999993,0.0015000000000000013,17301.8719976621,10381.123198597259
0.0074999999999999997,0.0015000000000000013,16058.966743418297,9635.3800460509774
0.0080000000000000002,0.0015000000000000013,14760.926420097707,8856.5558520586237
0.0085000000000000006,0.0015000000000000013,13438.938993912783,8063.3633963476695
0.0090000000000000011,0.0015000000000000013,12122.649356592552,7273.5896139555307
0.0095000000000000015,0.0015000000000000013,10837.282662617006,6502.369597570204
0.010000000000000002,0.0015000000000000013,9602.0938333969443,5761.256300038166
0.010500000000000002,0.0015000000000000013,8430.2331920578836,5058.1399152347303
0.011000000000000003,0.0015000000000000013,7329.7478447389512,4397.8487068433706
0.011500000000000003,0.0015000000000000013,6305.1989612837442,3783.1193767702462
0.012000000000000004,0.0015000000000000013,5359.3175591703584,3215.5905355022151
0.012499999999999997,0.0015000000000000013,4494.2345860782334,2696.54075164694
0.013000000000000005,0.0015000000000000013,3712.0436239242727,2227.2261743545637
0.013499999999999998,0.0015000000000000013,3014.7018656969858,1808.8211194181915
0.014000000000000005,0.0015000000000000013,2403.4701314615813,1442.0820788769488
0.014499999999999999,0.0015000000000000013,1878.1890805655239,1126.9134483393143
0.014999999999999999,0.0015000000000000013,1436.6791295271526,862.00747771629153
0.0155,0.0015000000000000013,1074.4619043820771,644.6771426292463
0.016000000000000007,0.0015000000000000013,784.87521265734313,470.92512759440586
0.016500000000000001,0.0015000000000000013,559.53556659218145,335.72133995530885
0.017000000000000001,0.0015000000000000013,389.02301315202402,233.41380789121439
0.017500000000000002,0.0015000000000000013,263.63414952724685,158.18048971634809
0.017999999999999995,0.0015000000000000013,174.06511288330603,104.43906772998362
0.018500000000000003,0.0015000000000000013,111.93067954692849,67.158407728157087
0.019000000000000003,0.0015000000000000013,70.079210745154711,42.047526447092828
0.019500000000000003,0.0015000000000000013,42.7103290551089,25.626197433065339
0.019999999999999997,0.0015000000000000013,25.333892231878366,15.200335339127019
0.020499999999999997,0.0015000000000000013,14.622927437544304,8.7737564625265811
0.021000000000000005,0.0015000000000000013,8.2126131332462045,4.9275678799477225
0.021500000000000005,0.0015000000000000013,4.4875020283872677,2.6925012170323606
0.021999999999999999,0.0015000000000000013,2.385470391615014,1.4312822349690084
0.022499999999999999,0.0015000000000000013,1.233575639587537,0.74014538375252215
0.023000000000000007,0.0015000000000000013,0.62052790728009777,0.37231674436805867
0.023500000000000007,0.0015000000000000013,0.30363094922500167,0.182178569535001
0.024,0.0015000000000000013,0.14451352582631136,0.086708115495786817
0.024500000000000001,0.0015000000000000013,0.066902095939673015,0.040141257563803809
0.025000000000000001,0.0015000000000000013,0.030125390381124158,0.018075234228674495
-0.025000000000000001,0.0020000000000000018,0.80583648786568296,0.48350189271940974
-0.024500000000000001,0.0020000000000000018,1.6431640804546979,0.98589844827281869
-0.024,0.0020000000000000018,3.2599651528750466,1.9559790917250279
-0.0235,0.0020000000000000018,6.2929900226912689,3.7757940136147612
-0.023,0.0020000000000000018,11.820298720088912,7.092179232053347
-0.022500000000000003,0.0020000000000000018,21.604479641167494,12.962687784700496
-0.022000000000000002,0.0020000000000000018,38.425655126088287,23.055393075652972
-0.021500000000000002,0.0020000000000000018,66.509055322180842,39.905433193308504
-0.021000000000000001,0.0020000000000000018,112.03255977045353,67.21953586227211
-0.020500000000000001,0.0020000000000000018,183.66909037299473,110.20145422379683
-0.02,0.0020000000000000018,293.07816964910717,175.84690178946428
-0.0195,0.0020000000000000018,455.21569107319613,273.12941464391764
-0.019,0.0020000000000000018,688.2916753936114,412.97500523616685
-0.018500000000000003,0.0020000000000000018,1013.1881722412179,607.91290334473069
-0.018000000000000002,0.0020000000000000018,1452.1715701769181,871.30294210615079
-0.017500000000000002,0.0020000000000000018,2026.8107739493407,1216.0864643696043
-0.017000000000000001,0.0020000000000000018,2755.1507501354577,1653.0904500812746
-0.016500000000000001,0.0020000000000000018,3648.3790305227953,2189.0274183136771
-0.016,0.0020000000000000018,4707.4294003346477,2824.4576402007883
-0.0155,0.0020000000000000018,5920.1416143889246,3552.0849686333545
-0.015000000000000001,0.0020000000000000018,7259.6781704192781,4355.8069022515665
-0.014500000000000001,0.0020000000000000018,8684.8350071028999,5210.9010042617401
-0.014,0.0020000000000000018,10142.644859472162,6085.5869156832969
-0.0135,0.0020000000000000018,11573.275593796368,6943.9653562778212
-0.012999999999999999,0.0020000000000000018,12916.737320935887,7750.0423925615314
-0.012500000000000001,0.0020000000000000018,14120.440027921879,8472.2640167531263
-0.012,0.0020000000000000018,15146.314731639535,9087.7888389837208
-0.0115,0.0020000000000000018,15976.13562116335,9585.681372698009
-0.010999999999999999,0.0020000000000000018,16613.914860448785,9968.3489162692713
-0.010499999999999999,0.0020000000000000018,17084.763731008225,10250.858238604935
-0.010000000000000002,0.0020000000000000018,17430.319442616274,10458.191665569764
-0.0095000000000000015,0.0020000000000000018,17701.561584327559,10620.936950596535
-0.0090000000000000011,0.0020000000000000018,17950.403566809466,10770.242140085678
-0.0085000000000000006,0.0020000000000000018,18221.694528433749,10933.016717060249
-0.0080000000000000002,0.0020000000000000018,18547.137003101248,11128.282201860749
-0.0074999999999999997,0.0020000000000000018,18942.147693666218,11365.28861619973
-0.0069999999999999993,0.0020000000000000018,19405.989365108595,11643.593619065157
-0.0064999999999999988,0.0020000000000000018,19924.76522078264,11954.859132469583
-0.0059999999999999984,0.0020000000000000018,20476.281347166412,12285.768808299847
-0.0054999999999999979,0.0020000000000000018,21035.486544315761,12621.291926589456
-0.005000000000000001,0.0020000000000000018,21579.24420955496,12947.546525732976
-0.0044999999999999971,0.0020000000000000018,22089.534116320472,13253.720469792283
-0.0040000000000000001,0.0020000000000000018,22554.702762914247,13532.821657748547
-0.0035000000000000031,0.0020000000000000018,22968.923235734914,13781.353941440948
-0.0029999999999999992,0.0020000000000000018,23330.444005620164,13998.266403372098
-0.0025000000000000022,0.0020000000000000018,23639.405585140285,14183.643351084171
-0.0019999999999999983,0.0020000000000000018,23895.960039054557,14337.576023432734
-0.0015000000000000013,0.0020000000000000018,24099.185784162939,14459.511470497762
-0.00099999999999999742,0.0020000000000000018,24246.942964916518,14548.16577894991
-0.00050000000000000044,0.0020000000000000018,24336.475284046366,14601.885170427819
0,0.0020000000000000018,24365.330949875733,14619.19856992544
0.00050000000000000044,0.0020000000000000018,24332.107727935239,14599.264636761143
0.0010000000000000009,0.0020000000000000018,24236.632430458892,14541.979458275335
0.0015000000000000013,0.0020000000000000018,24079.420672839631,14447.652403703778
0.0020000000000000018,0.0020000000000000018,23860.54953226187,14316.329719357122
0.0024999999999999988,0.0020000000000000018,23578.322105779185,14146.993263467511
0.0030000000000000027,0.0020000000000000018,23228.230046269971,13936.938027761982
0.0034999999999999996,0.0020000000000000018,22802.68424501385,13681.610547008309
0.0040000000000000036,0.0020000000000000018,22291.78930754778,13375.073584528667
0.0045000000000000005,0.0020000000000000018,21685.136888664456,13011.082133198674
0.0049999999999999975,0.0020000000000000018,20974.273565830739,12584.564139498443
0.0055000000000000014,0.0020000000000000018,20155.258401773779,12093.155041064267
0.0059999999999999984,0.0020000000000000018,19230.642679593457,11538.385607756074
0.0064999999999999988,0.0020000000000000018,18210.314222581404,10926.188533548842
0.0069999999999999993,0.0020000000000000018,17110.927957657899,10266.556774594739
0.0074999999999999997,0.0020000000000000018,15954.015538704361,9572.4093232226169
0.0080000000000000002,0.0020000000000000018,14763.220415542457,8857.9322493254731
0.0085000000000000006,0.0020000000000000018,13561.333396662565,8136.8000379975383
0.0090000000000000011,0.0020000000000000018,12367.837736732961,7420.702642039776
0.0095000000000000015,0.0020000000000000018,11197.503682572666,6718.5022095435988
0.010000000000000002,0.0020000000000000018,10060.256292531631,6036.1537755189784
0.010500000000000002,0.0020000000000000018,8962.1783764049487,5377.3070258429689
0.011000000000000003,0.0020000000000000018,7907.2140145976591,4744.3284087585953
0.011500000000000003,0.0020000000000000018,6898.9915999049599,4139.3949599429761
0.012000000000000004,0.0020000000000000018,5942.2197021613274,3565.3318212967965
0.012499999999999997,0.0020000000000000018,5043.2960066630958,3025.9776039978574
0.013000000000000005,0.0020000000000000018,4210.0364750831777,2526.0218850499064
0.013499999999999998,0.0020000000000000018,3450.6902391874896,2070.4141435124939
0.014000000000000005,0.0020000000000000018,2772.5817093681871,1663.5490256209123
0.014499999999999999,0.0020000000000000018,2180.7771052832859,1308.4662631699714
0.014999999999999999,0.0020000000000000018,1677.1123401320287,1006.2674040792172
0.0155,0.0020000000000000018,1259.7804819503028,755.8682891701817
0.016000000000000007,0.0020000000000000018,923.51281071999483,554.10768643199685
0.016500000000000001,0.0020000000000000018,660.2468694019384,396.14812164116302
0.017000000000000001,0.0020000000000000018,460.08932473890837,276.05359484334502
0.017500000000000002,0.0020000000000000018,312.35972489071281,187.41583493442769
0.017999999999999995,0.0020000000000000018,206.53276242577445,123.91965745546466
0.018500000000000003,0.0020000000000000018,132.95965391113285,79.775792346679708
0.019000000000000003,0.0020000000000000018,83.320051859279516,49.992031115567706
0.019500000000000003,0.0020000000000000018,50.81597869947317,30.489587219683902
0.019999999999999997,0.0020000000000000018,30.158585863468236,18.095151518080939
0.020499999999999997,0.0020000000000000018,17.41539833858586,10.449239003151515
0.021000000000000005,0.0020000000000000018,9.7842999503257975,5.8705799701954779
0.021500000000000005,0.0020000000000000018,5.3477400038734659,3.2086440023240796
0.021999999999999999,0.0020000000000000018,2.8433587860066156,1.7060152716039694
0.022499999999999999,0.0020000000000000018,1.4706035132724991,0.88236210796349945
0.023000000000000007,0.0020000000000000018,0.73985692550283455,0.4439141553017007
0.023500000000000007,0.0020000000000000018,0.36205691909960142,0.21723415145976085
0.024,0.0020000000000000018,0.17233524682180193,0.10340114809308115
0.024500000000000001,0.0020000000000000018,0.079787087992113509,0.047872252795268105
0.025000000000000001,0.0020000000000000018,0.035929150904472545,0.021557490542683525
-0.025000000000000001,0.0024999999999999988,0.72228686666795217,0.4333721200007713
-0.024500000000000001,0.0024999999999999988,1.4748187595261439,0.88489125571568639
-0.024,0.0024999999999999988,2.930317209057717,1.7581903254346301
-0.0235,0.0024999999999999988,5.6657201607895393,3.3994320964737237
-0.023,0.0024999999999999988,10.660532689837982,6.3963196139027891
-0.022500000000000003,0.0024999999999999988,19.521188606119715,11.712713163671829
-0.022000000000000002,0.0024999999999999988,34.790370054422738,20.874222032653641
-0.021500000000000002,0.0024999999999999988,60.347731159882606,36.208638695929565
-0.021000000000000001,0.0024999999999999988,101.89142867387942,61.134857204327645
-0.020500000000000001,0.0024999999999999988,167.46235690904214,100.47741414542529
-0.02,0.0024999999999999988,267.93557187634872,160.76134312580922
-0.0195,0.0024999999999999988,417.36042736367057,250.41625641820232
-0.019,0.0024999999999999988,632.99169933039252,379.79501959823551
-0.018500000000000003,0.0024999999999999988,934.8325328078181,560.89951968469086
-0.018000000000000002,0.0024999999999999988,1344.52327965784,806.71396779470399
-0.017500000000000002,0.0024999999999999988,1883.4735048590667,1130.0841029154399
-0.017000000000000001,0.0024999999999999988,2570.2551185657676,1542.1530711394605
-0.016500000000000001,0.0024999999999999988,3417.4458408682435,2050.467504520946
-0.016,0.0024999999999999988,4428.308231787747,2656.9849390726481
-0.0155,0.0024999999999999988,5593.8659808663751,3356.3195885198252
-0.015000000000000001,0.0024999999999999988,6891.0403290066579,4134.6241974039949
-0.014500000000000001,0.0024999999999999988,8282.4822647997935,4969.4893588798759
-0.014,0.0024999999999999988,9718.5479991699485,5831.1287995019693
-0.0135,0.0024999999999999988,11141.521073908412,6684.9126443450468
-0.012999999999999999,0.0024999999999999988,12491.735597925579,7495.0413587553467
-0.012500000000000001,0.0024999999999999988,13714.795051710726,8228.8770310264354
-0.012,0.0024999999999999988,14768.726431722411,8861.2358590334461
-0.0115,0.0024999999999999988,15629.769027196444,9377.8614163178663
-0.010999999999999999,0.0024999999999999988,16295.637727577034,9777.3826365462191
-0.010499999999999999,0.0024999999999999988,16785.521093107505,10071.312655864504
-0.010000000000000002,0.0024999999999999988,17136.696470005911,10282.017882003545
-0.0095000000000000015,0.0024999999999999988,17398.328267575442,10438.996960545264
-0.0090000000000000011,0.0024999999999999988,17623.594875265691,10574.156925159414
-0.0085000000000000006,0.0024999999999999988,17861.618532583721,10716.971119550233
-0.0080000000000000002,0.0024999999999999988,18150.667909196636,10890.400745517982
-0.0074999999999999997,0.0024999999999999988,18513.770651884908,11108.262391130944
-0.0069999999999999993,0.0024999999999999988,18957.304946903369,11374.382968142021
-0.0064999999999999988,0.0024999999999999988,19472.486249030611,11683.491749418366
-0.0059999999999999984,0.0024999999999999988,20039.092312894321,12023.455387736592
-0.0054999999999999979,0.0024999999999999988,20630.407314092146,12378.244388455287
-0.005000000000000001,0.0024999999999999988,21218.277091025113,12730.966254615067
-0.0044999999999999971,0.0024999999999999988,21777.336650715348,13066.401990429209
-0.0040000000000000001,0.0024999999999999988,22287.817555141974,13372.690533085184
-0.0035000000000000031,0.0024999999999999988,22736.752714682152,13642.051628809291
-0.0029999999999999992,0.0024999999999999988,23117.758818815564,13870.655291289338
-0.0025000000000000022,0.0024999999999999988,23429.814565380904,14057.888739228541
-0.0019999999999999983,0.0024999999999999988,23675.536469810006,14205.321881886002
-0.0015000000000000013,0.0024999999999999988,23859.400266319368,14315.640159791621
-0.00099999999999999742,0.0024999999999999988,23986.213919873309,14391.728351923985
-0.00050000000000000044,0.0024999999999999988,24059.979419860301,14435.987651916181
0,0.0024999999999999988,24083.139347312117,14449.88360838727
0.00050000000000000044,0.0024999999999999988,24056.125065120366,14433.675039072219
0.0010000000000000009,0.0024999999999999988,23977.114905150462,14386.268943090277
0.0015000000000000013,0.0024999999999999988,23841.95761679731,14305.174570078385
0.0020000000000000018,0.0024999999999999988,23644.286807246503,14186.572084347901
0.0024999999999999988,0.0024999999999999988,23375.908584045646,14025.545150427388
0.0030000000000000027,0.0024999999999999988,23027.555316288115,13816.533189772868
0.0034999999999999996,0.0024999999999999988,22590.047320282025,13554.028392169215
0.0040000000000000036,0.0024999999999999988,22055.797245133257,13233.478347079954
0.0045000000000000005,0.0024999999999999988,21420.457349895118,12852.27440993707
0.0049999999999999975,0.0024999999999999988,20684.392371783881,12410.635423070327
0.0055000000000000014,0.0024999999999999988,19853.608704731058,11912.165222838634
0.0059999999999999984,0.0024999999999999988,18939.820047021582,11363.892028212949
0.0064999999999999988,0.0024999999999999988,17959.488553484953,10775.693132090972
0.0069999999999999993,0.0024999999999999988,16931.920363586683,10159.15221815201
0.0074999999999999997,0.0024999999999999988,15876.753280617637,9526.0519683705825
0.0080000000000000002,0.0024999999999999988,14811.373241037531,8886.823944622518
0.0085000000000000006,0.0024999999999999988,13748.864268870009,8249.3185613220048
0.0090000000000000011,0.0024999999999999988,12696.997821748573,7618.1986930491439
0.0095000000000000015,0.0024999999999999988,11658.517315045876,6995.1103890275253
0.010000000000000002,0.0024999999999999988,10632.638568203347,6379.5831409220082
0.010500000000000002,0.0024999999999999988,9617.3646766911133,5770.418806014668
0.011000000000000003,0.0024999999999999988,8612.0011993827338,5167.2007196296399
0.011500000000000003,0.0024999999999999988,7619.2175441216286,4571.5305264729768
0.012000000000000004,0.0024999999999999988,6646.141077113617,3987.6846462681701
0.012499999999999997,0.0024999999999999988,5704.2435686355657,3422.5461411813394
0.013000000000000005,0.0024999999999999988,4808.0990697298785,2884.8594418379271
0.013499999999999998,0.0024999999999999988,3973.3646574870741,2384.0187944922445
0.014000000000000005,0.0024999999999999988,3214.4900973503186,1928.694058410191
0.014499999999999999,0.0024999999999999988,2542.6713122131173,1525.6027873278704
0.014999999999999999,0.0024999999999999988,1964.4432753035574,1178.6659651821344
0.0155,0.0024999999999999988,1481.111716563652,888.66702993819115
0.016000000000000007,0.0024999999999999988,1089.0135618143458,653.40813708860753
0.016500000000000001,0.0024999999999999988,780.42846416567238,468.25707849940341
0.017000000000000001,0.0024999999999999988,544.87051941192533,326.9223116471552
0.017500000000000002,0.0024999999999999988,370.47576443191628,222.28545865914975
0.017999999999999995,0.0024999999999999988,245.25089007828677,147.15053404697207
0.018500000000000003,0.0024999999999999988,158.03359181488969,94.820155088933817
0.019000000000000003,0.0024999999999999988,99.106115409770254,59.46366924586215
0.019500000000000003,0.0024999999999999988,60.478933787758336,36.287360272655
0.019999999999999997,0.0024999999999999988,35.909853556691175,21.545912134014703
0.020499999999999997,0.0024999999999999988,20.743988645423002,12.446393187253801
0.021000000000000005,0.0024999999999999988,11.657656087951651,6.9945936527709902
0.021500000000000005,0.0024999999999999988,6.3730598334765149,3.8238359000859088
0.021999999999999999,0.0024999999999999988,3.3891037474534573,2.0334622484720741
0.022499999999999999,0.0024999999999999988,1.7531052862304453,1.0518631717382672
0.023000000000000007,0.0024999999999999988,0.88207712684686945,0.52924627610812169
0.023500000000000007,0.0024999999999999988,0.43169006743345018,0.25901404046007009
0.024,0.0024999999999999988,0.20549338063816294,0.12329602838289776
0.024500000000000001,0.0024999999999999988,0.095143406105892975,0.057086043663535785
0.025000000000000001,0.0024999999999999988,0.042846026522529494,0.025707615913517695
-0.025000000000000001,0.0030000000000000027,0.63363665727338692,0.38018199436403216
-0.024500000000000001,0.0030000000000000027,1.2962481406652375,0.77774888439914247
-0.024,0.0030000000000000027,2.5807595465142774,1.5484557279085664
-0.0235,0.0030000000000000027,5.0008048476992117,3.000482908619527
-0.023,0.0030000000000000027,9.4316582069031529,5.6589949241418918
-0.022500000000000003,0.0030000000000000027,17.314751651687587,10.388850991012552
-0.022000000000000002,0.0030000000000000027,30.942143246538507,18.565285947923105
-0.021500000000000002,0.0030000000000000027,53.829204853119521,32.29752291187171
-0.021000000000000001,0.0030000000000000027,91.169246673255287,54.701548003953171
-0.020500000000000001,0.0030000000000000027,150.33948201560176,90.203689209361059
-0.02,0.0030000000000000027,241.39364983200059,144.83618989920035
-0.0195,0.0030000000000000027,377.43603984901443,226.46162390940864
-0.019,0.0030000000000000027,574.73235046219463,344.83941027731674
-0.018500000000000003,0.0030000000000000027,852.38717074455417,511.43230244673248
-0.018000000000000002,0.0030000000000000027,1231.4215433285892,738.85292599715353
-0.017500000000000002,0.0030000000000000027,1733.1322906443536,1039.8793743866122
-0.017000000000000001,0.0030000000000000027,2376.716969185476,1426.0301815112855
-0.016500000000000001,0.0030000000000000027,3176.3017567447996,1905.7810540468797
-0.016,0.0030000000000000027,4137.6945826749115,2482.616749604947
-0.0155,0.0030000000000000027,5255.3646659214701,3153.218799552882
-0.015000000000000001,0.0030000000000000027,6510.2715343950213,3906.1629206370126
-0.014500000000000001,0.0030000000000000027,7869.1791555280324,4721.5074933168189
-0.014,0.0030000000000000027,9285.9561619882479,5571.5736971929482
-0.0135,0.0030000000000000027,10705.074559846194,6423.0447359077161
-0.012999999999999999,0.0030000000000000027,12067.112152804648,7240.2672916827887
-0.012500000000000001,0.0030000000000000027,13315.615755885476,7989.3694535312852
-0.012,0.0030000000000000027,14404.29894214828,8642.5793652889679
-0.0115,0.0030000000000000027,15303.337559108497,9182.002535465097
-0.010999999999999999,0.0030000000000000027,16003.566833424751,9602.1401000548503
-0.010499999999999999,0.0030000000000000027,16517.696349918617,9910.617809951169
-0.010000000000000002,0.0030000000000000027,16878.193371841786,10126.916023105072
-0.0095000000000000015,0.0030000000000000027,17132.126957917615,10279.276174750568
-0.0090000000000000011,0.0030000000000000027,17333.86535682809,10400.319214096853
-0.0085000000000000006,0.0030000000000000027,17536.932606979201,10522.159564187519
-0.0080000000000000002,0.0030000000000000027,17786.459067030963,10671.875440218577
-0.0074999999999999997,0.0030000000000000027,18113.481253613369,10868.088752168022
-0.0069999999999999993,0.0030000000000000027,18531.915092102863,11119.149055261718
-0.0064999999999999988,0.0030000000000000027,19038.460136719325,11423.076082031594
-0.0059999999999999984,0.0030000000000000027,19615.13091118195,11769.07854670917
-0.0054999999999999979,0.0030000000000000027,20233.678560672954,12140.207136403771
-0.005000000000000001,0.0030000000000000027,20860.93633419977,12516.561800519861
-0.0044999999999999971,0.0030000000000000027,21464.109934039589,12878.465960423753
-0.0040000000000000001,0.0030000000000000027,22015.199268808421,13209.119561285052
-0.0035000000000000031,0.0030000000000000027,22494.0114042348,13496.406842540879
-0.0029999999999999992,0.0030000000000000027,22889.530362792753,13733.718217675652
-0.0025000000000000022,0.0030000000000000027,23199.688138575311,13919.812883145187
-0.0019999999999999983,0.0030000000000000027,23429.797765934323,14057.878659560594
-0.0015000000000000013,0.0030000000000000027,23590.051378571268,14154.03082714276
-0.00099999999999999742,0.0030000000000000027,23692.556647070265,14215.533988242159
-0.00050000000000000044,0.0030000000000000027,23748.392512121351,14249.035507272811
0,0.0030000000000000027,23765.118949273648,14259.071369564188
0.00050000000000000044,0.0030000000000000027,23745.084240670851,14247.050544402509
0.0010000000000000009,0.0030000000000000027,23684.746776763477,14210.848066058086
0.0015000000000000013,0.0030000000000000027,23575.079995984979,14145.047997590988
0.0020000000000000018,0.0030000000000000027,23402.97554186,14041.785325116
0.0024999999999999988,0.0030000000000000027,23153.419533038126,13892.051719822875
0.0030000000000000027,0.0030000000000000027,22812.106852949601,13687.26411176976
0.0034999999999999996,0.0030000000000000027,22368.091165783688,13420.854699470212
0.0040000000000000036,0.0030000000000000027,21816.05149458197,13089.630896749182
0.0045000000000000005,0.0030000000000000027,21157.793136069751,12694.67588164185
0.0049999999999999975,0.0030000000000000027,20402.692167874815,12241.615300724889
0.0055000000000000014,0.0030000000000000027,19566.936437663771,11740.161862598263
0.0059999999999999984,0.0030000000000000027,18671.603057912573,11202.961834747543
0.0064999999999999988,0.0030000000000000027,17739.82329123652,10643.893974741912
0.0069999999999999993,0.0030000000000000027,16793.486108429301,10076.09166505758
0.0074999999999999997,0.0030000000000000027,15850.075347188082,9510.0452083128494
0.0080000000000000002,0.0030000000000000027,14920.274203192334,8952.1645219153997
0.0085000000000000006,0.0030000000000000027,14006.871563925914,8404.1229383555474
0.0090000000000000011,0.0030000000000000027,13105.266413564677,7863.1598481388064
0.0095000000000000015,0.0030000000000000027,12205.529904263542,7323.3179425581247
0.010000000000000002,0.0030000000000000027,11295.627541569176,6777.3765249415055
0.010500000000000002,0.0030000000000000027,10365.12119137873,6219.0727148272381
0.011000000000000003,0.0030000000000000027,9408.5445593081549,5645.1267355848931
0.011500000000000003,0.0030000000000000027,8427.7174975682574,5056.6304985409542
0.012000000000000004,0.0030000000000000027,7432.5179188666916,4459.5107513200146
0.012499999999999997,0.0030000000000000027,6439.9956943449442,3863.9974166069665
0.013000000000000005,0.0030000000000000027,5472.0898786868502,3283.2539272121098
0.013499999999999998,0.0030000000000000027,4552.4994013020641,2731.4996407812382
0.014000000000000005,0.0030000000000000027,3703.3903317009895,2222.0341990205934
0.014499999999999999,0.0030000000000000027,2942.5821018249371,1765.5492610949623
0.014999999999999999,0.0030000000000000027,2281.6725909719744,1369.0035545831845
0.0155,0.0030000000000000027,1725.3036223626202,1035.1821734175721
0.016000000000000007,0.0030000000000000027,1271.5097172790358,762.90583036742146
0.016500000000000001,0.0030000000000000027,912.89584565428652,547.73750739257184
0.017000000000000001,0.0030000000000000027,638.28797191855529,382.97278315113317
0.017500000000000002,0.0030000000000000027,434.49540663884704,260.69724398330823
0.017999999999999995,0.0030000000000000027,287.89358387912603,172.7361503274756
0.018500000000000003,0.0030000000000000027,185.64476308898503,111.38685785339102
0.019000000000000003,0.0030000000000000027,116.48744196524073,69.892465179144438
0.019500000000000003,0.0030000000000000027,71.117359792156236,42.670415875293742
0.019999999999999997,0.0030000000000000027,42.241233541734857,25.344740125040914
0.020499999999999997,0.0030000000000000027,24.40810783228871,14.644864699373226
0.021000000000000005,0.0030000000000000027,13.719755420235819,8.2318532521414909
0.021500000000000005,0.0030000000000000027,7.5016412926104437,4.5009847755662662
0.021999999999999999,0.0030000000000000027,3.9897945806396486,2.3938767483837893
0.022499999999999999,0.0030000000000000027,2.0640425853429911,1.2384255512057947
0.023000000000000007,0.0030000000000000027,1.0386099402718965,0.62316596416313785
0.023500000000000007,0.0030000000000000027,0.50832984287333272,0.3049979057239996
0.024,0.0030000000000000027,0.24198756328334498,0.14519253797000697
0.024500000000000001,0.0030000000000000027,0.11204458633670418,0.067226751802022505
0.025000000000000001,0.0030000000000000027,0.050458697428297623,0.030275218456978573
-0.025000000000000001,0.0034999999999999996,0.5451091890746218,0.32706551344477308
-0.024500000000000001,0.0034999999999999996,1.1179642611793708,0.67077855670762243
-0.024,0.0034999999999999996,2.231849241037386,1.3391095446224315
-0.0235,0.0034999999999999996,4.3373034557704155,2.6023820734622491
-0.023,0.0034999999999999996,8.205773937143805,4.9234643622862828
-0.022500000000000003,0.0034999999999999996,15.114442107516769,9.0686652645100612
-0.022000000000000002,0.0034999999999999996,27.106089537180189,16.263653722308113
-0.021500000000000002,0.0034999999999999996,47.334136424214478,28.400481854528685
-0.021000000000000001,0.0034999999999999996,80.490930498671702,48.294558299203018
-0.020500000000000001,0.0034999999999999996,133.29623791742242,79.977742750453444
-0.02,0.0034999999999999996,214.99210844466015,128.99526506679609
-0.0195,0.0034999999999999996,337.7520622149832,202.65123732898991
-0.019,0.0034999999999999996,516.87309551487931,310.1238573089276
-0.018500000000000003,0.0034999999999999996,770.5890789291725,462.35344735750346
-0.018000000000000002,0.0034999999999999996,1119.3381212868023,671.60287277208135
-0.017500000000000002,0.0034999999999999996,1584.3496362181895,950.60978173091371
-0.017000000000000001,0.0034999999999999996,2185.5005068857959,1311.3003041314776
-0.016500000000000001,0.0034999999999999996,2938.5254371635201,1763.1152622981119
-0.016,0.0034999999999999996,3851.8407329073266,2311.1044397443957
-0.0155,0.0034999999999999996,4923.4222741085568,2954.0533644651341
-0.015000000000000001,0.0034999999999999996,6138.3213934026862,3682.9928360416116
-0.014500000000000001,0.0034999999999999996,7467.4549857259326,4480.4729914355594
-0.014,0.0034999999999999996,8868.2251231792707,5320.9350739075626
-0.0135,0.0034999999999999996,10287.290250225355,6172.3741501352124
-0.012999999999999999,0.0034999999999999996,11665.444159812105,6999.2664958872629
-0.012500000000000001,0.0034999999999999996,12944.122077017944,7766.4732462107659
-0.012,0.0034999999999999996,14072.640619549609,8443.5843717297648
-0.0115,0.0034999999999999996,15014.997635333131,9008.9985811998777
-0.010999999999999999,0.0034999999999999996,15754.998833804208,9452.9993002825249
-0.010499999999999999,0.0034999999999999996,16298.683778406094,9779.2102670436561
-0.010000000000000002,0.0034999999999999996,16673.471691217634,10004.083014730581
-0.0095000000000000015,0.0034999999999999996,16924.049281916985,10154.42956915019
-0.0090000000000000011,0.0034999999999999996,17105.644494634776,10263.386696780866
-0.0085000000000000006,0.0034999999999999996,17275.827817272504,10365.496690363501
-0.0080000000000000002,0.0034999999999999996,17486.24295048428,10491.745770290569
-0.0074999999999999997,0.0034999999999999996,17775.638881620664,10665.383328972397
-0.0069999999999999993,0.0034999999999999996,18165.276718325877,10899.166030995526
-0.0064999999999999988,0.0034999999999999996,18657.300523465976,11194.380314079584
-0.0059999999999999984,0.0034999999999999996,19236.109539992591,11541.665723995555
-0.0054999999999999979,0.0034999999999999996,19872.266508081848,11923.359904849109
-0.005000000000000001,0.0034999999999999996,20528.110361497616,12316.86621689857
-0.0044999999999999971,0.0034999999999999996,21164.054310159991,12698.432586095994
-0.0040000000000000001,0.0034999999999999996,21744.542676919125,13046.725606151474
-0.0035000000000000031,0.0034999999999999996,22242.783209172998,13345.669925503798
-0.0029999999999999992,0.0034999999999999996,22643.62421207039,13586.174527242234
-0.0025000000000000022,0.0034999999999999996,22944.264511865938,13766.558707119562
-0.0019999999999999983,0.0034999999999999996,23152.828157341402,13891.69689440484
-0.0015000000000000013,0.0034999999999999996,23285.164893070632,13971.098935842379
-0.00099999999999999742,0.0034999999999999996,23360.510283579959,14016.306170147975
-0.00050000000000000044,0.0034999999999999996,23396.814655606508,14038.088793363904
0,0.0034999999999999996,23406.593998327953,14043.956398996772
0.00050000000000000044,0.0034999999999999996,23394.052889753286,14036.43173385197
0.0010000000000000009,0.0034999999999999996,23353.990554635675,14012.394332781405
0.0015000000000000013,0.0034999999999999996,23272.666688548714,13963.600013129228
0.0020000000000000018,0.0034999999999999996,23130.43679566979,13878.262077401874
0.0024999999999999988,0.0034999999999999996,22905.639188412024,13743.383513047214
0.0030000000000000027,0.0034999999999999996,22578.990578186043,13547.394346911626
0.0034999999999999996,0.0034999999999999996,22137.664200655228,13282.598520393136
0.0040000000000000036,0.0034999999999999996,21578.292860108835,12946.975716065301
0.0045000000000000005,0.0034999999999999996,20908.339117026608,12545.003470215965
0.0049999999999999975,0.0034999999999999996,20145.565243924379,12087.339146354627
0.0055000000000000014,0.0034999999999999996,19315.665982464448,11589.399589478669
0.0059999999999999984,0.0034999999999999996,18448.446542649381,11069.067925589628
0.0064999999999999988,0.0034999999999999996,17573.190301781524,10543.914181068914
0.0069999999999999993,0.0034999999999999996,16714.02524842602,10028.415149055612
0.0074999999999999997,0.0034999999999999996,15886.133368580679,9531.680021148406
0.0080000000000000002,0.0034999999999999996,15093.533765516171,9056.1202593097023
0.0085000000000000006,0.0034999999999999996,14328.91061462578,8597.3463687754684
0.0090000000000000011,0.0034999999999999996,13575.583451209182,8145.3500707255089
0.0095000000000000015,0.0034999999999999996,12811.295017655189,7686.7770105931131
0.010000000000000002,0.0034999999999999996,12013.110558791233,7207.8663352747399
0.010500000000000002,0.0034999999999999996,11162.475266953341,6697.4851601720047
0.011000000000000003,0.0034999999999999996,10249.432682284501,6149.6596093707003
0.011500000000000003,0.0034999999999999996,9275.186682746722,5565.1120096480327
0.012000000000000004,0.0034999999999999996,8252.5538901643013,4951.5323340985806
0.012499999999999997,0.0034999999999999996,7204.3111244312904,4322.5866746587744
0.013000000000000005,0.0034999999999999996,6159.8780082913981,3695.9268049748389
0.013499999999999998,0.0034999999999999996,5151.0817387690568,3090.6490432614341
0.014000000000000005,0.0034999999999999996,4207.8639907406368,2524.7183944443818
0.014499999999999999,0.0034999999999999996,3354.7007214232126,2012.8204328539275
0.014999999999999999,0.0034999999999999996,2608.2603498438352,1564.9562099063012
0.0155,0.0034999999999999996,1976.5050710397863,1185.9030426238717
0.016000000000000007,0.0034999999999999996,1459.1315466392141,875.47892798352848
0.016500000000000001,0.0034999999999999996,1049.0199202289709,629.41195213738251
0.017000000000000001,0.0034999999999999996,734.24902563812361,440.54941538287414
0.017500000000000002,0.0034999999999999996,500.2393823747413,300.14362942484479
0.017999999999999995,0.0034999999999999996,331.67503530378491,199.00502118227095
0.018500000000000003,0.0034999999999999996,213.98831568717785,128.39298941230669
0.019000000000000003,0.0034999999999999996,134.32735837178305,80.596415023069824
0.019500000000000003,0.0034999999999999996,82.035297903503306,49.221178742101984
0.019999999999999997,0.0034999999999999996,48.738416410251119,29.243049846150669
0.020499999999999997,0.0034999999999999996,28.167933220243565,16.900759932146137
0.021000000000000005,0.0034999999999999996,15.835607169659554,9.5013643017957321
0.021500000000000005,0.0034999999999999996,8.6595944409151713,5.1957566645491022
0.021999999999999999,0.0034999999999999996,4.6060990365709209,2.7636594219425525
0.022499999999999999,0.0034999999999999996,2.3830540799322373,1.4298324479593423
0.023000000000000007,0.0034999999999999996,1.1992043572062214,0.71952261432373288
0.023500000000000007,0.0034999999999999996,0.58695701339532425,0.35217420803719451
0.024,0.0034999999999999996,0.27942765217723459,0.16765659130634075
0.024500000000000001,0.0034999999999999996,0.12938367202680298,0.077630203216081786
0.025000000000000001,0.0034999999999999996,0.058268553427865896,0.034961132056719538
-0.025000000000000001,0.0040000000000000036,0.4610075982517261,0.27660455895103564
-0.024500000000000001,0.0040000000000000036,0.94860054428369633,0.56916032657021776
-0.024,0.0040000000000000036,1.9004114060297683,1.140246843617861
-0.0235,0.0040000000000000036,3.7070610432361533,2.2242366259416917
-0.023,0.0040000000000000036,7.0414070038354675,4.2248442023012807
-0.022500000000000003,0.0040000000000000036,13.024687134749051,7.8148122808494307
-0.022000000000000002,0.0040000000000000036,23.463054029864118,14.07783241791847
-0.021500000000000002,0.0040000000000000036,41.166415376295184,24.699849225777111
-0.021000000000000001,0.0040000000000000036,70.351814194649194,42.211088516789516
-0.020500000000000001,0.0040000000000000036,117.11548917451874,70.269293504711243
-0.02,0.0040000000000000036,189.93012150304202,113.9580729018252
-0.0195,0.0040000000000000036,300.08778397674627,180.05267038604777
-0.019,0.0040000000000000036,461.96953394050399,277.18172036430241
-0.018500000000000003,0.0040000000000000036,692.98860109359748,415.79316065615848
-0.018000000000000002,0.0040000000000000036,1013.0389449783429,607.82336698700567
-0.017500000000000002,0.0040000000000000036,1443.2998175732673,865.97989054396032
-0.017000000000000001,0.0040000000000000036,2004.3130314857449,1202.5878188914469
-0.016500000000000001,0.0040000000000000036,2713.3684579655892,1628.0210747793535
-0.016,0.0040000000000000036,3581.3970880098182,2148.838252805891
-0.0155,0.0040000000000000036,4609.7549410871479,2765.8529646522888
-0.015000000000000001,0.0040000000000000036,5787.4438744720592,3472.4663246832356
-0.014500000000000001,0.0040000000000000036,7089.4057237145844,4253.6434342287503
-0.014,0.0040000000000000036,8476.4956978653081,5085.8974187191843
-0.0135,0.0040000000000000036,9897.5599874346699,5938.5359924608019
-0.012999999999999999,0.0040000000000000036,11293.715600903799,6776.2293605422792
-0.012500000000000001,0.0040000000000000036,12604.504319075404,7562.7025914452424
-0.012,0.0040000000000000036,13775.15288567374,8265.0917314042435
-0.0115,0.0040000000000000036,14763.825276638996,8858.295165983398
-0.010999999999999999,0.0040000000000000036,15547.601061715861,9328.5606370295154
-0.010499999999999999,0.0040000000000000036,16126.020431663923,9675.6122589983534
-0.010000000000000002,0.0040000000000000036,16521.404656871979,9912.8427941231876
-0.0095000000000000015,0.0040000000000000036,16775.725711729454,10065.435427037672
-0.0090000000000000011,0.0040000000000000036,16944.440778119431,10166.664466871658
-0.0085000000000000006,0.0040000000000000036,17088.282599375874,10252.969559625524
-0.0080000000000000002,0.0040000000000000036,17264.37662892351,10358.625977354106
-0.0074999999999999997,0.0040000000000000036,17518.161596124268,10510.89695767456
-0.0069999999999999993,0.0040000000000000036,17877.41038875853,10726.446233255117
-0.0064999999999999988,0.0040000000000000036,18349.236999886478,11009.542199931886
-0.0059999999999999984,0.0040000000000000036,18920.430708021871,11352.258424813122
-0.0054999999999999979,0.0040000000000000036,19560.892777703226,11736.535666621936
-0.005000000000000001,0.0040000000000000036,20229.46263919742,12137.677583518451
-0.0044999999999999971,0.0040000000000000036,20881.078771268374,12528.647262761024
-0.0040000000000000001,0.0040000000000000036,21474.059989045138,12884.435993427081
-0.0035000000000000031,0.0040000000000000036,21976.323106421729,13185.793863853038
-0.0029999999999999992,0.0040000000000000036,22369.560027774802,13421.736016664881
-0.0025000000000000022,0.0040000000000000036,22650.751826554399,13590.451095932638
-0.0019999999999999983,0.0040000000000000036,22830.853069519566,13698.511841711739
-0.0015000000000000013,0.0040000000000000036,22930.972017296237,13758.583210377741
-0.00099999999999999742,0.0040000000000000036,22976.821354266769,13786.09281256006
-0.00050000000000000044,0.0040000000000000036,22992.53513127302,13795.521078763812
0,0.0040000000000000036,22995.069694108115,13797.041816464869
0.00050000000000000044,0.0040000000000000036,22990.292753197224,13794.175651918335
0.0010000000000000009,0.0040000000000000036,22971.527749369849,13782.91664962191
0.0015000000000000013,0.0040000000000000036,22920.824270783269,13752.494562469961
0.0020000000000000018,0.0040000000000000036,22812.672709138576,13687.603625483145
0.0024999999999999988,0.0040000000000000036,22619.390522560341,13571.634313536204
0.0030000000000000027,0.0040000000000000036,22317.081631240311,13390.248978744186
0.0034999999999999996,0.0040000000000000036,21890.973162734837,13134.583897640901
0.0040000000000000036,0.0040000000000000036,21339.075720235982,12803.445432141589
0.0045000000000000005,0.0040000000000000036,20673.454311700458,12404.072587020275
0.0049999999999999975,0.0040000000000000036,19918.860354197244,11951.316212518346
0.0055000000000000014,0.0040000000000000036,19108.968580667915,11465.381148400749
0.0059999999999999984,0.0040000000000000036,18280.898491960972,10968.539095176582
0.0064999999999999988,0.0040000000000000036,17469.008507667451,10481.40510460047
0.0069999999999999993,0.0040000000000000036,16699.086572942309,10019.451943765385
0.0074999999999999997,0.0040000000000000036,15984.003393835108,9590.4020363010641
0.0080000000000000002,0.0040000000000000036,15321.649075879444,9192.9894455276662
0.0085000000000000006,0.0040000000000000036,14695.573413450446,8817.3440480702666
0.0090000000000000011,0.0040000000000000036,14078.255912831766,8446.9535476990586
0.0095000000000000015,0.0040000000000000036,13436.431041789296,8061.8586250735771
0.010000000000000002,0.0040000000000000036,12737.488067267259,7642.4928403603553
0.010500000000000002,0.0040000000000000036,11955.746059807188,7173.4476358843131
0.011000000000000003,0.0040000000000000036,11077.431797160347,6646.4590782962077
0.011500000000000003,0.0040000000000000036,10103.4641442006,6062.0784865203595
0.012000000000000004,0.0040000000000000036,9049.6129323368386,5429.7677594021034
0.012499999999999997,0.0040000000000000036,7944.1431866368093,4766.4859119820858
0.013000000000000005,0.0040000000000000036,6823.5463363474673,4094.1278018084804
0.013499999999999998,0.0040000000000000036,5727.2856155750615,3436.3713693450368
0.014000000000000005,0.0040000000000000036,4692.5791082506521,2815.5474649503913
0.014499999999999999,0.0040000000000000036,3750.1110537411969,2250.0666322447182
0.014999999999999999,0.0040000000000000036,2921.2590090761919,1752.755405445715
0.0155,0.0040000000000000036,2217.0457548190461,1330.2274528914277
0.016000000000000007,0.0040000000000000036,1638.6695339102287,983.20172034613711
0.016500000000000001,0.0040000000000000036,1179.2102525142873,707.5261515085723
0.017000000000000001,0.0040000000000000036,825.98920645581541,495.59352387348923
0.017500000000000002,0.0040000000000000036,563.07129924318212,337.84277954590925
0.017999999999999995,0.0040000000000000036,373.50665694755997,224.10399416853599
0.018500000000000003,0.0040000000000000036,241.06421112223833,144.63852667334299
0.019000000000000003,0.0040000000000000036,151.36674588903753,90.82004753342251
0.019500000000000003,0.0040000000000000036,92.462048712220508,55.477229227332302
0.019999999999999997,0.0040000000000000036,54.94270625857137,32.965623755142822
0.020499999999999997,0.0040000000000000036,31.757997581680954,19.05479854900857
0.021000000000000005,0.0040000000000000036,17.855807211703247,10.713484327021948
0.021500000000000005,0.0040000000000000036,9.7651490693258527,5.8590894415955113
0.021999999999999999,0.0040000000000000036,5.1944939543754671,3.1166963726252801
0.022499999999999999,0.0040000000000000036,2.6876104582061346,1.6125662749236807
0.023000000000000007,0.0040000000000000036,1.3525185000507562,0.81151110003045368
0.023500000000000007,0.0040000000000000036,0.66201845601508935,0.39721107360905361
0.024,0.0040000000000000036,0.31516935502504051,0.18910161301502429
0.024500000000000001,0.0040000000000000036,0.14593603285171872,0.087561619711031227
0.025000000000000001,0.0040000000000000036,0.065723991387046835,0.039434394832228097
-0.025000000000000001,0.0045000000000000005,0.38441549418177112,0.23064929650906266
-0.024500000000000001,0.0045000000000000005,0.79431200894506859,0.47658720536704113
-0.024,0.0045000000000000005,1.598371973556848,0.95902318413410881
-0.0235,0.0045000000000000005,3.1325027061574358,1.8795016236944613
-0.023,0.0045000000000000005,5.9794666631933833,3.5876799979160299
-0.022500000000000003,0.0045000000000000005,11.11786294049883,6.6707177642992974
-0.022000000000000002,0.0045000000000000005,20.137164226329979,12.082298535797987
-0.021500000000000002,0.0045000000000000005,35.532299494752664,21.319379696851598
-0.021000000000000001,0.0045000000000000005,61.0837503427991,36.650250205679455
-0.020500000000000001,0.0045000000000000005,102.31380668646834,61.388284011880998
-0.02,0.0045000000000000005,166.98489378789853,100.19093627273911
-0.0195,0.0045000000000000005,265.57200007448102,159.34320004468861
-0.019,0.0045000000000000005,411.60166788764474,246.96100073258683
-0.018500000000000003,0.0045000000000000005,621.7124821676631,373.02748930059784
-0.018000000000000002,0.0045000000000000005,915.26865379852791,549.16119227911668
-0.017500000000000002,0.0045000000000000005,1313.3643091510166,788.01858549061001
-0.017000000000000001,0.0045000000000000005,1837.1062340006904,1102.2637404004142
-0.016500000000000001,0.0045000000000000005,2505.1661984232423,1503.0997190539454
-0.016,0.0045000000000000005,3330.7480233895199,1998.4488140337119
-0.0155,0.0045000000000000005,4318.3000319654348,2590.9800191792606
-0.015000000000000001,0.0045000000000000005,5460.4833266508995,3276.2899959905394
-0.014500000000000001,0.0045000000000000005,6736.0298740234994,4041.6179244140994
-0.014,0.0045000000000000005,8109.1386814791749,4865.4832088875046
-0.0135,0.0045000000000000005,9530.924092584215,5718.5544555505285
-0.012999999999999999,0.0045000000000000005,10943.138641261725,6565.8831847570345
-0.012500000000000001,0.0045000000000000005,12283.97759667396,7370.3865580043757
-0.012,0.0045000000000000005,13495.310148975326,8097.1860893851954
-0.0115,0.0045000000000000005,14530.279898709983,8718.1679392259903
-0.010999999999999999,0.0045000000000000005,15359.985498422779,9215.9912990536668
-0.010499999999999999,0.0045000000000000005,15977.973091558266,9586.7838549349599
-0.010000000000000002,0.0045000000000000005,16401.571160566516,9840.9426963399092
-0.0095000000000000015,0.0045000000000000005,16669.630853681148,10001.778512208688
-0.0090000000000000011,0.0045000000000000005,16836.892967407424,10102.135780444454
-0.0085000000000000006,0.0045000000000000005,16965.842479694395,10179.505487816636
-0.0080000000000000002,0.0045000000000000005,17117.391203125859,10270.434721875516
-0.0074999999999999997,0.0045000000000000005,17341.94693678568,10405.168162071408
-0.0069999999999999993,0.0045000000000000005,17672.345524315046,10603.407314589027
-0.0064999999999999988,0.0045000000000000005,18119.770376670393,10871.862226002235
-0.0059999999999999984,0.0045000000000000005,18673.244917060547,11203.946950236328
-0.0054999999999999979,0.0045000000000000005,19302.666264639523,11581.599758783714
-0.005000000000000001,0.0045000000000000005,19964.762531758177,11978.857519054905
-0.0044999999999999971,0.0045000000000000005,20610.891914219446,12366.535148531668
-0.0040000000000000001,0.0045000000000000005,21195.32289616156,12717.193737696936
-0.0035000000000000031,0.0045000000000000005,21682.577165815215,13009.54629948913
-0.0029999999999999992,0.0045000000000000005,22052.589193331187,13231.553515998712
-0.0025000000000000022,0.0045000000000000005,22302.819592841006,13381.691755704604
-0.0019999999999999983,0.0045000000000000005,22447.002433772515,13468.201460263508
-0.0015000000000000013,0.0045000000000000005,22510.82578022989,13506.495468137933
-0.00099999999999999742,0.0045000000000000005,22525.430068262755,13515.258040957653
-0.00050000000000000044,0.0045000000000000005,22520.042440378587,13512.025464227152
0,0.0045000000000000005,22515.247339738773,13509.148403843263
0.00050000000000000044,0.0045000000000000005,22518.271650276063,13510.962990165637
0.0010000000000000009,0.0045000000000000005,22521.249745925797,13512.749847555478
0.0015000000000000013,0.0045000000000000005,22502.812176599851,13501.687305959911
0.0020000000000000018,0.0045000000000000005,22432.645531798436,13459.587319079061
0.0024999999999999988,0.0045000000000000005,22278.053792945593,13366.832275767356
0.0030000000000000027,0.0045000000000000005,22011.147374851585,13206.688424910952
0.0034999999999999996,0.0045000000000000005,21615.176919102425,12969.106151461454
0.0040000000000000036,0.0045000000000000005,21088.726774042731,12653.236064425639
0.0045000000000000005,0.0045000000000000005,20446.93234735875,12268.159408415249
0.0049999999999999975,0.0045000000000000005,19719.482104680588,11831.689262808353
0.0055000000000000014,0.0045000000000000005,18945.784923423846,11367.470954054306
0.0059999999999999984,0.0045000000000000005,18168.210850472129,10900.926510283278
0.0064999999999999988,0.0045000000000000005,17424.66016362988,10454.796098177927
0.0069999999999999993,0.0045000000000000005,16741.831543135118,10045.098925881071
0.0074999999999999997,0.0045000000000000005,16130.43305799416,9678.2598347964959
0.0080000000000000002,0.0045000000000000005,15583.232998508089,9349.9397991048536
0.0085000000000000006,0.0045000000000000005,15076.336963030457,9045.8021778182738
0.0090000000000000011,0.0045000000000000005,14573.487056402359,8744.0922338414148
0.0095000000000000015,0.0045000000000000005,14032.613477004817,8419.5680862028894
0.010000000000000002,0.0045000000000000005,13413.438999453498,8048.0633996720981
0.010500000000000002,0.0045000000000000005,12684.736923127753,7610.8421538766515
0.011000000000000003,0.0045000000000000005,11829.924454864564,7097.9546729187377
0.011500000000000003,0.0045000000000000005,10850.02568261612,6510.0154095696716
0.012000000000000004,0.0045000000000000005,9763.5846791320309,5858.1508074792182
0.012499999999999997,0.0045000000000000005,8603.7233805799478,5162.2340283479689
0.013000000000000005,0.0045000000000000005,7413.0775977028607,4447.8465586217162
0.013499999999999998,0.0045000000000000005,6237.6879241514325,3742.6127544908595
0.014000000000000005,0.0045000000000000005,5121.0065203583035,3072.6039122149818
0.014499999999999999,0.0045000000000000005,4099.0124973209322,2459.4074983925593
0.014999999999999999,0.0045000000000000005,3197.0774155603876,1918.2464493362324
0.0155,0.0045000000000000005,2428.794515030886,1457.2767090185316
0.016000000000000007,0.0045000000000000005,1796.5898179382066,1077.9538907629239
0.016500000000000001,0.0045000000000000005,1293.6523171346057,776.19139028076336
0.017000000000000001,0.0045000000000000005,906.59224554476123,543.95534732685667
0.017500000000000002,0.0045000000000000005,618.25407549077806,370.95244529446683
0.017999999999999995,0.0045000000000000005,410.23453037600132,246.14071822560078
0.018500000000000003,0.0045000000000000005,264.83098859175209,158.89859315505126
0.019000000000000003,0.0045000000000000005,166.32084355401071,99.792506132406416
0.019500000000000003,0.0045000000000000005,101.61142580519508,60.966855483117044
0.019999999999999997,0.0045000000000000005,60.386286951362266,36.231772170817358
0.020499999999999997,0.0045000000000000005,34.907599445748673,20.944559667449202
0.021000000000000005,0.0045000000000000005,19.628025016638766,11.77681500998326
0.021500000000000005,0.0045000000000000005,10.734941643550203,6.4409649861301217
0.021999999999999999,0.0045000000000000005,5.7106115774790576,3.4263669464874345
0.022499999999999999,0.0045000000000000005,2.9547466197197045,1.7728479718318226
0.023000000000000007,0.0045000000000000005,1.4869916583674951,0.89219499502049704
0.023500000000000007,0.0045000000000000005,0.7278541174884694,0.43671247049308165
0.024,0.0045000000000000005,0.34651754083246727,0.20791052449948036
0.024500000000000001,0.0045000000000000005,0.16045352279791086,0.09627211367874651
0.025000000000000001,0.0045000000000000005,0.072262826314297701,0.043357695788578621
-0.025000000000000001,0.0049999999999999975,0.31711628753294835,0.19026977251976901
-0.024500000000000001,0.0049999999999999975,0.65862138674860859,0.39517283204916515
-0.024,0.0049999999999999975,1.3324752175462766,0.79948513052776593
-0.0235,0.0049999999999999975,2.6261359937630848,1.5756815962578508
-0.023,0.0049999999999999975,5.0424066226098576,3.0254439735659147
-0.022500000000000003,0.0049999999999999975,9.43295522643837,5.6597731358630217
-0.022000000000000002,0.0049999999999999975,17.193815267952392,10.316289160771435
-0.021500000000000002,0.0049999999999999975,30.537614007764038,18.322568404658423
-0.021000000000000001,0.0049999999999999975,52.851637232716079,31.710982339629645
-0.020500000000000001,0.0049999999999999975,89.137969036369128,53.482781421821478
-0.02,0.0049999999999999975,146.50983742562426,87.905902455374545
-0.0195,0.0049999999999999975,234.68643305483482,140.81185983290089
-0.019,0.0049999999999999975,366.3891845993212,219.83351075959271
-0.018500000000000003,0.0049999999999999975,557.50222585919857,334.50133551551914
-0.018000000000000002,0.0049999999999999975,826.82973068625063,496.09783841175033
-0.017500000000000002,0.0049999999999999975,1195.2779340467364,717.16676042804181
-0.017000000000000001,0.0049999999999999975,1684.326015462819,1010.5956092776913
-0.016500000000000001,0.0049999999999999975,2313.739646626751,1388.2437879760505
-0.016,0.0049999999999999975,3098.6256766414185,1859.1754059848511
-0.0155,0.0049999999999999975,4046.1117781833823,2427.6670669100295
-0.015000000000000001,0.0049999999999999975,5152.1275114724322,3091.2765068834592
-0.014500000000000001,0.0049999999999999975,6398.9134439458721,3839.3480663675232
-0.014,0.0049999999999999975,7753.936305263137,4652.3617831578822
-0.0135,0.0049999999999999975,9170.7934807629827,5502.476088457789
-0.012999999999999999,0.0049999999999999975,10592.429799638327,6355.4578797829954
-0.012500000000000001,0.0049999999999999975,11956.586159343826,7173.9516956062953
-0.012,0.0049999999999999975,13202.922438910458,7921.7534633462747
-0.0115,0.0049999999999999975,14280.812432391669,8568.4874594350003
-0.010999999999999999,0.0049999999999999975,15156.5141708353,9093.9085025011791
-0.010499999999999999,0.0049999999999999975,15818.371525563542,9491.0229153381242
-0.010000000000000002,0.0049999999999999975,16278.945685044237,9767.367411026542
-0.0095000000000000015,0.0049999999999999975,16573.479269080875,9944.0875614485249
-0.0090000000000000011,0.0049999999999999975,16754.76297835392,10052.857787012352
-0.0085000000000000006,0.0049999999999999975,16885.160366532749,10131.096219919649
-0.0080000000000000002,0.0049999999999999975,17027.098647532679,10216.259188519607
-0.0074999999999999997,0.0049999999999999975,17233.633127913465,10340.179876748078
-0.0069999999999999993,0.0049999999999999975,17540.681993339374,10524.409196003624
-0.0064999999999999988,0.0049999999999999975,17962.219404409407,10777.331642645644
-0.0059999999999999984,0.0049999999999999975,18489.180486754587,11093.508292052751
-0.0054999999999999979,0.0049999999999999975,19092.180006696392,11455.308004017834
-0.005000000000000001,0.0049999999999999975,19727.49475884092,11836.496855304551
-0.0044999999999999971,0.0049999999999999975,20345.213862437533,12207.128317462519
-0.0040000000000000001,0.0049999999999999975,20898.103807798307,12538.862284678984
-0.0035000000000000031,0.0049999999999999975,21349.620326374752,12809.772195824851
-0.0029999999999999992,0.0049999999999999975,21679.649552451225,13007.789731470735
-0.0025000000000000022,0.0049999999999999975,21886.963018927745,13132.177811356647
-0.0019999999999999983,0.0049999999999999975,21987.970199273856,13192.782119564314
-0.0015000000000000013,0.0049999999999999975,22012.052161313699,13207.231296788219
-0.00099999999999999742,0.0049999999999999975,21994.431599384294,13196.658959630577
-0.00050000000000000044,0.0049999999999999975,21968.039012444482,13180.823407466689
0,0.0049999999999999975,21956.054728910094,13173.632837346056
0.00050000000000000044,0.0049999999999999975,21966.678941390848,13180.007364834508
0.0010000000000000009,0.0049999999999999975,21991.220865713905,13194.732519428342
0.0015000000000000013,0.0049999999999999975,22005.897241926592,13203.538345155956
0.0020000000000000018,0.0049999999999999975,21976.943253298163,13186.165951978897
0.0024999999999999988,0.0049999999999999975,21867.941426526784,13120.76485591607
0.0030000000000000027,0.0049999999999999975,21647.8197959805,12988.6918775883
0.0034999999999999996,0.0049999999999999975,21297.85296872391,12778.711781234346
0.0040000000000000036,0.0049999999999999975,20816.231710186665,12489.739026111998
0.0045000000000000005,0.0049999999999999975,20219.283262003322,12131.569957201993
0.0049999999999999975,0.0049999999999999975,19539.104950011511,11723.462970006907
0.0055000000000000014,0.0049999999999999975,18818.074125328465,11290.844475197078
0.0059999999999999984,0.0049999999999999975,18101.284589839692,10860.770753903815
0.0064999999999999988,0.0049999999999999975,17428.333836325946,10457.000301795568
0.0069999999999999993,0.0049999999999999975,16825.992471977257,10095.595483186355
0.0074999999999999997,0.0049999999999999975,16303.11914137547,9781.8714848252821
0.0080000000000000002,0.0049999999999999975,15848.77482314295,9509.2648938857692
0.0085000000000000006,0.0049999999999999975,15433.908885492921,9260.3453312957517
0.0090000000000000011,0.0049999999999999975,15016.333981152622,9009.8003886915722
0.0095000000000000015,0.0049999999999999975,14548.094669947186,8728.8568019683116
0.010000000000000002,0.0049999999999999975,13983.884259653703,8390.3305557922213
0.010500000000000002,0.0049999999999999975,13288.972259618582,7973.3833557711487
0.011000000000000003,0.0049999999999999975,12445.219457777295,7467.131674666377
0.011500000000000003,0.0049999999999999975,11454.160520234682,6872.4963121408091
0.012000000000000004,0.0049999999999999975,10336.737573514611,6202.0425441087664
0.012499999999999997,0.0049999999999999975,9129.9342471867258,5477.9605483120349
0.013000000000000005,0.0049999999999999975,7881.1350865798222,4728.6810519478931
0.013499999999999998,0.0049999999999999975,6641.3942148162823,3984.8365288897694
0.014000000000000005,0.0049999999999999975,5458.8748798665692,3275.3249279199413
0.014499999999999999,0.0049999999999999975,4373.5288447920293,2624.1173068752173
0.014999999999999999,0.0049999999999999975,3413.6985142055078,2048.2191085233044
0.0155,0.0049999999999999975,2594.8602969357066,1556.9161781614239
0.016000000000000007,0.0049999999999999975,1920.3018516114751,1152.1811109668849
0.016500000000000001,0.0049999999999999975,1383.2256581708193,829.93539490249157
0.017000000000000001,0.0049999999999999975,969.63648851230005,581.78189310738003
0.017500000000000002,0.0049999999999999975,661.39235012611402,396.83541007566839
0.017999999999999995,0.0049999999999999975,438.93379011941016,263.36027407164607
0.018500000000000003,0.0049999999999999975,283.39622746963965,170.03773648178378
0.019000000000000003,0.0049999999999999975,177.99907065388126,106.79944239232876
0.019500000000000003,0.0049999999999999975,108.75505887152086,65.25303532291251
0.019999999999999997,0.0049999999999999975,64.635831404492137,38.781498842695278
0.020499999999999997,0.0049999999999999975,37.366033349149554,22.41962000948973
0.021000000000000005,0.0049999999999999975,21.011199485070712,12.606719691042427
0.021500000000000005,0.0049999999999999975,11.491783238785763,6.8950699432714577
0.021999999999999999,0.0049999999999999975,6.1133734733663667,3.6680240840198199
0.022499999999999999,0.0049999999999999975,3.1632012903147078,1.8979207741888247
0.023000000000000007,0.0049999999999999975,1.5919213253776827,0.95515279522660956
0.023500000000000007,0.0049999999999999975,0.77922430448281876,0.46753458268969122
0.024,0.0049999999999999975,0.37097731054616756,0.22258638632770053
0.024500000000000001,0.0049999999999999975,0.17178075110185112,0.10306845066111067
0.025000000000000001,0.0049999999999999975,0.077364660687724324,0.046418796412634591
-0.025000000000000001,0.0055000000000000014,0.25970445019380589,0.15582267011628353
-0.024500000000000001,0.0055000000000000014,0.54265545974141072,0.32559327584484643
-0.024,0.0055000000000000014,1.1047729993064692,0.66286379958388153
-0.0235,0.0055000000000000014,2.1915379029236766,1.314922741754206
-0.023,0.0055000000000000014,4.2361654281932148,2.5416992569159289
-0.022500000000000003,0.0055000000000000014,7.9792765625825757,4.7875659375495454
-0.022000000000000002,0.0055000000000000014,14.646609667458851,8.7879658004753107
-0.021500000000000002,0.0055000000000000014,26.200375360673608,15.720225216404163
-0.021000000000000001,0.0055000000000000014,45.675793400577739,27.405476040346642
-0.020500000000000001,0.0055000000000000014,77.603600296877943,46.562160178126767
-0.02,0.0055000000000000014,128.49957536415931,77.099745218495585
-0.0195,0.0055000000000000014,207.37226893615579,124.42336136169347
-0.019,0.0055000000000000014,326.16153779233059,195.69692267539835
-0.018500000000000003,0.0055000000000000014,499.97856867666246,299.98714120599749
-0.018000000000000002,0.0055000000000000014,746.98303226158532,448.1898193569512
-0.017500000000000002,0.0055000000000000014,1087.7195689762225,652.63174138573345
-0.017000000000000001,0.0055000000000000014,1543.7607741551799,926.25646449310784
-0.016500000000000001,0.0055000000000000014,2135.5814455920422,1281.3488673552254
-0.016,0.0055000000000000014,2879.7242731315605,1727.8345638789363
-0.0155,0.0055000000000000014,3785.4999807571971,2271.2999884543183
-0.015000000000000001,0.0055000000000000014,4851.6650816637521,2910.9990489982511
-0.014500000000000001,0.0055000000000000014,6063.6893458751083,3638.2136075250651
-0.014,0.0055000000000000014,7392.304392425347,4435.3826354552084
-0.0135,0.0055000000000000014,8793.9617742374976,5276.3770645424984
-0.012999999999999999,0.0055000000000000014,10213.595744321628,6128.1574465929771
-0.012500000000000001,0.0055000000000000014,11589.696612516766,6953.8179675100591
-0.012,0.0055000000000000014,12861.218385317052,7716.7310311902311
-0.0115,0.0055000000000000014,13975.373845918799,8385.2243075512797
-0.010999999999999999,0.0055000000000000014,14895.033929592581,8937.0203577555476
-0.010499999999999999,0.0055000000000000014,15604.352502956997,9362.6115017741977
-0.010000000000000002,0.0055000000000000014,16111.438156709944,9666.8628940259659
-0.0095000000000000015,0.0055000000000000014,16447.373981266752,9868.4243887600514
-0.0090000000000000011,0.0055000000000000014,16661.552713924426,9996.9316283546559
-0.0085000000000000006,0.0055000000000000014,16814.003732658646,10088.402239595187
-0.0080000000000000002,0.0055000000000000014,16965.981593678633,10179.588956207179
-0.0074999999999999997,0.0055000000000000014,17170.432783699347,10302.259670219608
-0.0069999999999999993,0.0055000000000000014,17463.988010912362,10478.392806547417
-0.0064999999999999988,0.0055000000000000014,17861.844518131402,10717.106710878841
-0.0059999999999999984,0.0055000000000000014,18356.373897759229,11013.824338655537
-0.0054999999999999979,0.0055000000000000014,18919.6245103533,11351.77470621198
-0.005000000000000001,0.0055000000000000014,19509.206698231348,11705.524018938808
-0.0044999999999999971,0.0055000000000000014,20076.46769742309,12045.880618453853
-0.0040000000000000001,0.0055000000000000014,20575.472854957701,12345.28371297462
-0.0035000000000000031,0.0055000000000000014,20971.171977981216,12582.703186788729
-0.0029999999999999992,0.0055000000000000014,21245.27156986573,12747.162941919438
-0.0025000000000000022,0.0055000000000000014,21398.743047020133,12839.245828212079
-0.0019999999999999983,0.0055000000000000014,21450.516952344391,12870.310171406634
-0.0015000000000000013,0.0055000000000000014,21432.642181845611,12859.585309107366
-0.00099999999999999742,0.0055000000000000014,21382.891583963075,12829.734950377844
-0.00050000000000000044,0.0055000000000000014,21336.324652413656,12801.794791448194
0,0.0055000000000000014,21317.551002378576,12790.530601427145
0.00050000000000000044,0.0055000000000000014,21335.308655534925,12801.185193320955
0.0010000000000000009,0.0055000000000000014,21380.493109722469,12828.295865833481
0.0015000000000000013,0.0055000000000000014,21428.044349350439,12856.826609610263
0.0020000000000000018,0.0055000000000000014,21442.279630725574,12865.367778435344
0.0024999999999999988,0.0055000000000000014,21384.53358461284,12830.720150767704
0.0030000000000000027,0.0055000000000000014,21221.494184751482,12732.896510850889
0.0034999999999999996,0.0055000000000000014,20932.500855871207,12559.500513522724
0.0040000000000000036,0.0055000000000000014,20514.312965254678,12308.587779152806
0.0045000000000000005,0.0055000000000000014,19982.395335074136,11989.43720104448
0.0049999999999999975,0.0055000000000000014,19368.476214155649,11621.08572849339
0.0055000000000000014,0.0055000000000000014,18714.862620033444,11228.917572020066
0.0059999999999999984,0.0055000000000000014,18066.608874465193,10839.965324679115
0.0064999999999999988,0.0055000000000000014,17463.022655609882,10477.813593365929
0.0069999999999999993,0.0055000000000000014,16930.102431166371,10158.061458699822
0.0074999999999999997,0.0055000000000000014,16475.322551471843,9885.1935308831053
0.0080000000000000002,0.0055000000000000014,16085.753075826789,9651.4518454960726
0.0085000000000000006,0.0055000000000000014,15729.893478970462,9437.936087382277
0.0090000000000000011,0.0055000000000000014,15362.915829967946,9217.749497980767
0.0095000000000000015,0.0055000000000000014,14934.376240854659,8960.6257445127958
0.010000000000000002,0.0055000000000000014,14396.987107655816,8638.1922645934883
0.010500000000000002,0.0055000000000000014,13714.846986023755,8228.9081916142532
0.011000000000000003,0.0055000000000000014,12869.649330439104,7721.7895982634618
0.011500000000000003,0.0055000000000000014,11863.815400251586,7118.2892401509516
0.012000000000000004,0.0055000000000000014,10720.128131741452,6432.076879044871
0.012499999999999997,0.0055000000000000014,9478.1381668494741,5686.8829001096847
0.013000000000000005,0.0055000000000000014,8188.2111451677747,4912.9266871006648
0.013499999999999998,0.0055000000000000014,6904.4562573029507,4142.6737543817699
0.014000000000000005,0.0055000000000000014,5677.8533433667035,3406.7120060200218
0.014499999999999999,0.0055000000000000014,4550.6916054479607,2730.4149632687763
0.014999999999999999,0.0055000000000000014,3553.0281976582469,2131.8169185949482
0.0155,0.0055000000000000014,2701.3897269137483,1620.833836148249
0.016000000000000007,0.0055000000000000014,1999.4957548014643,1199.6974528808785
0.016500000000000001,0.0055000000000000014,1440.4712119318035,864.28272715908213
0.017000000000000001,0.0055000000000000014,1009.8751902345588,605.92511414073522
0.017500000000000002,0.0055000000000000014,688.89769462406446,413.33861677443866
0.017999999999999995,0.0055000000000000014,457.21797635878119,274.33078581526871
0.018500000000000003,0.0055000000000000014,295.21659093959931,177.12995456375958
0.019000000000000003,0.0055000000000000014,185.43082578961045,111.25849547376627
0.019500000000000003,0.0055000000000000014,113.29932858307887,67.979597149847322
0.019999999999999997,0.0055000000000000014,67.338260045851996,40.402956027511195
0.020499999999999997,0.0055000000000000014,38.929058313578771,23.357434988147261
0.021000000000000005,0.0055000000000000014,21.890429185541777,13.134257511325066
0.021500000000000005,0.0055000000000000014,11.972806468295943,7.1836838809775658
0.021999999999999999,0.0055000000000000014,6.3693257357319784,3.8215954414391868
0.022499999999999999,0.0055000000000000014,3.2956606496579948,1.9773963897947968
0.023000000000000007,0.0055000000000000014,1.6585925265969359,0.99515551595816154
0.023500000000000007,0.0055000000000000014,0.81186254950341574,0.48711752970204941
0.024,0.0055000000000000014,0.38651723626553713,0.23191034175932226
0.024500000000000001,0.0055000000000000014,0.17897698505102894,0.10738619103061736
0.025000000000000001,0.0055000000000000014,0.08060578921252759,0.048363473527516555
-0.025000000000000001,0.0059999999999999984,0.21183202704940327,0.12709921622964196
-0.024500000000000001,0.0059999999999999984,0.44565477830763056,0.26739286698457831
-0.024,0.0059999999999999984,0.91365120603944583,0.5481907236236675
-0.0235,0.0059999999999999984,1.8253680297396979,1.0952208178438188
-0.023,0.0059999999999999984,3.5540122921230872,2.1324073752738522
-0.022500000000000003,0.0059999999999999984,6.7436229024324703,4.0461737414594818
-0.022000000000000002,0.0059999999999999984,12.470330289649821,7.4821981737898922
-0.021500000000000002,0.0059999999999999984,22.473701526706812,13.484220916024087
-0.021000000000000001,0.0059999999999999984,39.471376150266153,23.682825690159692
-0.020500000000000001,0.0059999999999999984,67.561250180322219,40.536750108193331
-0.02,0.0059999999999999984,112.69787679536311,67.618726077217872
-0.0195,0.0059999999999999984,183.20194707510535,109.92116824506321
-0.019,0.0059999999999999984,290.22438000197661,174.13462800118597
-0.018500000000000003,0.0059999999999999984,448.04414515401703,268.82648709241022
-0.018000000000000002,0.0059999999999999984,674.04081965862019,404.42449179517212
-0.017500000000000002,0.0059999999999999984,988.16326377362111,592.89795826417264
-0.017000000000000001,0.0059999999999999984,1411.7317803427698,847.03906820566181
-0.016500000000000001,0.0059999999999999984,1965.478270608668,1179.2869623652007
-0.016,0.0059999999999999984,2666.8548184113642,1600.1128910468185
-0.0155,0.0059999999999999984,3526.8185000714348,2116.0911000428609
-0.015000000000000001,0.0059999999999999984,4546.501858925536,2727.9011153553215
-0.014500000000000001,0.0059999999999999984,5714.3575844264315,3428.6145506558587
-0.014,0.0059999999999999984,7004.463631632555,4202.6781789795332
-0.0135,0.0059999999999999984,8376.6355436117374,5025.9813261670424
-0.012999999999999999,0.0059999999999999984,9778.7831105208297,5867.2698663124975
-0.012500000000000001,0.0059999999999999984,11151.576658564907,6690.9459951389445
-0.012,0.0059999999999999984,12435.012231547851,7461.0073389287099
-0.0115,0.0059999999999999984,13575.986902045384,8145.5921412272301
-0.010999999999999999,0.0059999999999999984,14535.639275024678,8721.3835650148067
-0.010499999999999999,0.0059999999999999984,15295.08702693029,9177.0522161581739
-0.010000000000000002,0.0059999999999999984,15858.365543305408,9515.0193259832449
-0.0095000000000000015,0.0059999999999999984,16251.828587809376,9751.0971526856247
-0.0090000000000000011,0.0059999999999999984,16519.925958692049,9911.9555752152282
-0.0085000000000000006,0.0059999999999999984,16717.980713105815,10030.788427863488
-0.0080000000000000002,0.0059999999999999984,16903.18881421944,10141.913288531663
-0.0074999999999999997,0.0059999999999999984,17125.422351533496,10275.253410920097
-0.0069999999999999993,0.0059999999999999984,17419.459642759299,10451.67578565558
-0.0064999999999999988,0.0059999999999999984,17799.99209490708,10679.995256944248
-0.0059999999999999984,0.0059999999999999984,18260.236142499343,10956.141685499606
-0.0054999999999999979,0.0059999999999999984,18774.319570488587,11264.591742293152
-0.005000000000000001,0.0059999999999999984,19302.940041893187,11581.764025135912
-0.0044999999999999971,0.0059999999999999984,19801.224599386704,11880.734759632021
-0.0040000000000000001,0.0059999999999999984,20227.342133838309,12136.405280302984
-0.0035000000000000031,0.0059999999999999984,20550.294244836045,12330.176546901626
-0.0029999999999999992,0.0059999999999999984,20755.456409389986,12453.273845633992
-0.0025000000000000022,0.0059999999999999984,20846.845353898931,12508.107212339359
-0.0019999999999999983,0.0059999999999999984,20845.692528402931,12507.415517041758
-0.0015000000000000013,0.0059999999999999984,20785.608760616131,12471.365256369678
-0.00099999999999999742,0.0059999999999999984,20705.301204768406,12423.180722861043
-0.00050000000000000044,0.0059999999999999984,20640.310939289833,12384.1865635739
0,0.0059999999999999984,20615.460532213994,12369.276319328395
0.00050000000000000044,0.0059999999999999984,20639.572764151268,12383.743658490761
0.0010000000000000009,0.0059999999999999984,20703.558587156112,12422.135152293667
0.0015000000000000013,0.0059999999999999984,20782.268193622003,12469.360916173202
0.0020000000000000018,0.0059999999999999984,20839.707681249689,12503.824608749814
0.0024999999999999988,0.0059999999999999984,20836.52143253557,12501.912859521342
0.0030000000000000027,0.0059999999999999984,20738.180889239433,12442.908533543659
0.0034999999999999996,0.0059999999999999984,20522.197641864521,12313.318585118712
0.0040000000000000036,0.0059999999999999984,20182.906259081956,12109.743755449173
0.0045000000000000005,0.0059999999999999984,19732.876083199539,11839.725649919723
0.0049999999999999975,0.0059999999999999984,19200.691947674022,11520.415168604413
0.0055000000000000014,0.0059999999999999984,18625.549293803848,11175.329576282309
0.0059999999999999984,0.0059999999999999984,18049.70662149485,10829.823972896909
0.0064999999999999988,0.0059999999999999984,17510.227047599859,10506.136228559915
0.0069999999999999993,0.0059999999999999984,17031.563705225552,10218.93822313533
0.0074999999999999997,0.0059999999999999984,16620.388229151926,9972.2329374911551
0.0080000000000000002,0.0059999999999999984,16263.656526536128,9758.1939159216763
0.0085000000000000006,0.0059999999999999984,15930.31762723561,9558.1905763413652
0.0090000000000000011,0.0059999999999999984,15576.397999278206,9345.8387995669236
0.0095000000000000015,0.0059999999999999984,15152.556198240763,9091.5337189444581
0.010000000000000002,0.0059999999999999984,14612.726735557531,8767.6360413345192
0.010500000000000002,0.0059999999999999984,13922.261946480034,8353.3571678880198
0.011000000000000003,0.0059999999999999984,13064.090898818573,7838.4545392911432
0.011500000000000003,0.0059999999999999984,12041.828696594146,7225.0972179564878
0.012000000000000004,0.0059999999999999984,10879.397615303238,6527.6385691819423
0.012499999999999997,0.0059999999999999984,9617.4184531136143,5770.4510718681686
0.013000000000000005,0.0059999999999999984,8307.234734314452,4984.3408405886712
0.013499999999999998,0.0059999999999999984,7003.8104631605338,4202.2862778963199
0.014000000000000005,0.0059999999999999984,5758.8248238813958,3455.2948943288375
0.014499999999999999,0.0059999999999999984,4615.085194846878,2769.0511169081269
0.014999999999999999,0.0059999999999999984,3602.9738994760705,2161.7843396856424
0.0155,0.0059999999999999984,2739.1554140884132,1643.493248453048
0.016000000000000007,0.0059999999999999984,2027.3225303805668,1216.3935182283401
0.016500000000000001,0.0059999999999999984,1460.4441471861376,876.26648831168256
0.017000000000000001,0.0059999999999999984,1023.835839775926,614.30150386555556
0.017500000000000002,0.0059999999999999984,698.39820787081374,419.03892472248822
0.017999999999999995,0.0059999999999999984,463.51127496214218,278.10676497728531
0.018500000000000003,0.0059999999999999984,299.2738049560798,179.56428297364786
0.019000000000000003,0.0059999999999999984,187.97612018184799,112.78567210910879
0.019500000000000003,0.0059999999999999984,114.85301093756242,68.91180656253745
0.019999999999999997,0.0059999999999999984,68.260966254569439,40.956579752741661
0.020499999999999997,0.0059999999999999984,39.462162491087788,23.677297494652674
0.021000000000000005,0.0059999999999999984,22.190058763565364,13.314035258139219
0.021500000000000005,0.0059999999999999984,12.136624850163788,7.2819749100982722
0.021999999999999999,0.0059999999999999984,6.4564484154514981,3.8738690492708985
0.022499999999999999,0.0059999999999999984,3.3407297460818928,2.0044378476491356
0.023000000000000007,0.0059999999999999984,1.6812700882561347,1.0087620529536807
0.023500000000000007,0.0059999999999999984,0.82296136245007345,0.49377681747004404
0.024,0.0059999999999999984,0.39180063887046612,0.23508038332227965
0.024500000000000001,0.0059999999999999984,0.1814232495819641,0.10885394974917846
0.025000000000000001,0.0059999999999999984,0.081707435474133436,0.049024461284480063
-0.025000000000000001,0.0064999999999999988,0.17252073785182925,0.10351244271109755
-0.024500000000000001,0.0064999999999999988,0.36561361469008596,0.21936816881405158
-0.024,0.0064999999999999988,0.7551070283393555,0.45306421700361327
-0.0235,0.0064999999999999988,1.5198501681571916,0.9119101008943149
-0.023,0.0064999999999999988,2.9812407678298265,1.7887444606978959
-0.022500000000000003,0.0064999999999999988,5.6989164242551125,3.4193498545530674
-0.022000000000000002,0.0064999999999999988,10.616435288134953,6.369861172880972
-0.021500000000000002,0.0064999999999999988,19.272860399116922,11.563716239470153
-0.021000000000000001,0.0064999999999999988,34.0943585759507,20.456615145570421
-0.020500000000000001,0.0064999999999999988,58.772499875800598,35.26349992548036
-0.02,0.0064999999999999988,98.720345498919457,59.232207299351671
-0.0195,0.0064999999999999988,161.57179182840588,96.943075097043518
-0.019,0.0064999999999999988,257.6541553423603,154.59249320541616
-0.018500000000000003,0.0064999999999999988,400.32233930241381,240.19340358144828
-0.018000000000000002,0.0064999999999999988,606.00362006742318,363.60217204045392
-0.017500000000000002,0.0064999999999999988,893.77864093961966,536.26718456377182
-0.017000000000000001,0.0064999999999999988,1284.3334534638157,770.60007207828937
-0.016500000000000001,0.0064999999999999988,1798.1754899005505,1078.9052939403302
-0.016,0.0064999999999999988,2453.1222374205704,1471.8733424523423
-0.0155,0.0064999999999999988,3261.2400468019105,1956.7440280811461
-0.015000000000000001,0.0064999999999999988,4225.6074134245127,2535.3644480547077
-0.014500000000000001,0.0064999999999999988,5337.4577093514172,3202.4746256108501
-0.014,0.0064999999999999988,6574.3630570726673,3944.6178342436001
-0.0135,0.0064999999999999988,7900.0975488066742,4740.0585292840042
-0.012999999999999999,0.0064999999999999988,9266.6289921068019,5559.9773952640808
-0.012500000000000001,0.0064999999999999988,10618.337982443249,6371.0027894659488
-0.012,0.0064999999999999988,11898.10513407195,7138.8630804431696
-0.0115,0.0064999999999999988,13054.440303306512,7832.6641819839069
-0.010999999999999999,0.0064999999999999988,14048.473344826631,8429.0840068959787
-0.010499999999999999,0.0064999999999999988,14859.495210693483,8915.6971264160893
-0.010000000000000002,0.0064999999999999988,15487.894857337556,9292.7369144025342
-0.0095000000000000015,0.0064999999999999988,15954.77287023164,9572.8637221389836
-0.0090000000000000011,0.0064999999999999988,16298.141742781434,9778.8850456688597
-0.0085000000000000006,0.0064999999999999988,16566.303825120794,9939.7822950724767
-0.0080000000000000002,0.0064999999999999988,16809.572110775538,10085.743266465322
-0.0074999999999999997,0.0064999999999999988,17071.834171735867,10243.10050304152
-0.0069999999999999993,0.0064999999999999988,17383.485194657118,10430.09111679427
-0.0064999999999999988,0.0064999999999999988,17756.977449497415,10654.186469698448
-0.0059999999999999984,0.0064999999999999988,18185.722730439003,10911.433638263401
-0.0054999999999999979,0.0064999999999999988,18646.454714669497,11187.872828801697
-0.005000000000000001,0.0064999999999999988,19104.533468388956,11462.720081033372
-0.0044999999999999971,0.0064999999999999988,19521.162902142834,11712.6977412857
-0.0040000000000000001,0.0064999999999999988,19861.172363888545,11916.703418333127
-0.0035000000000000031,0.0064999999999999988,20099.929881844328,12059.957929106597
-0.0029999999999999992,0.0064999999999999988,20228.117126745095,12136.870276047057
-0.0025000000000000022,0.0064999999999999988,20253.482143987385,12152.089286392431
-0.0019999999999999983,0.0064999999999999988,20199.238883934075,12119.543330360444
-0.0015000000000000013,0.0064999999999999988,20099.413703251968,12059.64822195118
-0.00099999999999999742,0.0064999999999999988,19992.035014755129,11995.221008853077
-0.00050000000000000044,0.0064999999999999988,19911.50320784135,11946.901924704809
0,0.0064999999999999988,19881.663515281743,11928.998109169046
0.00050000000000000044,0.0064999999999999988,19910.981577650928,11946.588946590557
0.0010000000000000009,0.0064999999999999988,19990.803597020444,11994.482158212266
0.0015000000000000013,0.0064999999999999988,20097.053097338503,12058.231858403102
0.0020000000000000018,0.0064999999999999988,20195.009701999992,12117.005821199995
0.0024999999999999988,0.0064999999999999988,20246.186762735226,12147.712057641134
0.0030000000000000027,0.0064999999999999988,20215.909410181608,12129.545646108965
0.0034999999999999996,0.0064999999999999988,20080.075465740847,12048.045279444508
0.0040000000000000036,0.0064999999999999988,19829.771829516867,11897.86309771012
0.0045000000000000005,0.0064999999999999988,19472.864540885043,11683.718724531025
0.0049999999999999975,0.0064999999999999988,19032.280028694753,11419.368017216852
0.0055000000000000014,0.0064999999999999988,18541.326454853806,11124.795872912284
0.0059999999999999984,0.0064999999999999988,18036.952406982971,10822.171444189782
0.0064999999999999988,0.0064999999999999988,17552.215477834408,10531.329286700644
0.0069999999999999993,0.0064999999999999988,17109.37919841089,10265.627519046533
0.0074999999999999997,0.0064999999999999988,16714.952678895552,10028.971607337331
0.0080000000000000002,0.0064999999999999988,16357.647721049721,9814.5886326298332
0.0085000000000000006,0.0064999999999999988,16009.703061958522,9605.8218371751136
0.0090000000000000011,0.0064999999999999988,15631.399335151036,9378.8396010906217
0.0095000000000000015,0.0064999999999999988,15177.973929246446,9106.7843575478673
0.010000000000000002,0.0064999999999999988,14607.666339009782,8764.5998034058684
0.010500000000000002,0.0064999999999999988,13889.390731793428,8333.6344390760569
0.011000000000000003,0.0064999999999999988,13008.606218996267,7805.1637313977599
0.011500000000000003,0.0064999999999999988,11970.330049463109,7182.1980296778656
0.012000000000000004,0.0064999999999999988,10798.8327444924,6479.2996466954401
0.012499999999999997,0.0064999999999999988,9534.2277285998134,5720.5366371598875
0.013000000000000005,0.0064999999999999988,8226.7618662762397,4936.0571197657437
0.013499999999999998,0.0064999999999999988,6929.9930699059532,4157.9958419435716
0.014000000000000005,0.0064999999999999988,5694.1345387425672,3416.48072324554
0.014499999999999999,0.0064999999999999988,4560.6587683584912,2736.3952610150945
0.014999999999999999,0.0064999999999999988,3558.8650057689442,2135.3190034613663
0.0155,0.0064999999999999988,2704.639283559914,1622.7835701359484
0.016000000000000007,0.0064999999999999988,2001.1978474492,1200.7187084695199
0.016500000000000001,0.0064999999999999988,1441.2939963246381,864.77639779478284
0.017000000000000001,0.0064999999999999988,1010.2274550742567,606.13647304455401
0.017500000000000002,0.0064999999999999988,689.01666320255583,413.40999792153349
0.017999999999999995,0.0064999999999999988,457.23327986948857,274.33996792169313
0.018500000000000003,0.0064999999999999988,295.19403460523489,177.11642076314092
0.019000000000000003,0.0064999999999999988,185.40059862651796,111.24035917591077
0.019500000000000003,0.0064999999999999988,113.27313381340397,67.963880288042375
0.019999999999999997,0.0064999999999999988,67.31907919195028,40.391447515170164
0.020499999999999997,0.0064999999999999988,38.916327950830144,23.349796770498084
0.021000000000000005,0.0064999999999999988,21.882545405525981,13.129527243315588
0.021500000000000005,0.0064999999999999988,11.968182967554622,7.1809097805327733
0.021999999999999999,0.0064999999999999988,6.3667360184929853,3.8200416110957911
0.022499999999999999,0.0064999999999999988,3.2942678355861723,1.9765607013517033
0.023000000000000007,0.0064999999999999988,1.657870714595775,0.99472242875746497
0.023500000000000007,0.0064999999999999988,0.81150122300388283,0.48690073380232968
0.024,0.0064999999999999988,0.38634222375032323,0.23180533425019392
0.024500000000000001,0.0064999999999999988,0.17889485996038232,0.10733691597622939
0.025000000000000001,0.0064999999999999988,0.080568419308226225,0.048341051584935735
-0.025000000000000001,0.0069999999999999993,0.140473633698912,0.084284180219347193
-0.024500000000000001,0.0069999999999999993,0.29991483383675971,0.17994890030205582
-0.024,0.0069999999999999993,0.6240071779519385,0.3744043067711631
-0.0235,0.0069999999999999993,1.2651983525686887,0.7591190115412132
-0.023,0.0069999999999999993,2.4997199419721277,1.4998319651832765
-0.022500000000000003,0.0069999999999999993,4.812512622479665,2.8875075734877989
-0.022000000000000002,0.0069999999999999993,9.027811231644586,5.4166867389867512
-0.021500000000000002,0.0069999999999999993,16.500764250214271,9.9004585501285618
-0.021000000000000001,0.0069999999999999993,29.384399326462006,17.630639595877202
-0.020500000000000001,0.0069999999999999993,50.980110566633606,30.588066339980163
-0.02,0.0069999999999999993,86.166123778084895,51.699674266850934
-0.0195,0.0069999999999999993,141.87512319215526,85.125073915293157
-0.019,0.0069999999999999993,227.5592012462393,136.53552074774356
-0.018500000000000003,0.0069999999999999993,355.54059901997073,213.32435941198244
-0.018000000000000002,0.0069999999999999993,541.10798950930325,324.66479370558193
-0.017500000000000002,0.0069999999999999993,802.19290337843529,481.31574202706116
-0.017000000000000001,0.0069999999999999993,1158.4654088023697,695.07924528142178
-0.016500000000000001,0.0069999999999999993,1629.738181747734,977.84290904864031
-0.016,0.0069999999999999993,2233.6732594241321,1340.2039556544792
-0.0155,0.0069999999999999993,2982.9425315404756,1789.7655189242853
-0.015000000000000001,0.0069999999999999993,3882.1792891430619,2329.3075734858371
-0.014500000000000001,0.0069999999999999993,4925.2323418934675,2955.1394051360803
-0.014,0.0069999999999999993,6093.3414406640941,3656.0048643984564
-0.0135,0.0069999999999999993,7354.8385788498927,4412.9031473099358
-0.012999999999999999,0.0069999999999999993,8666.8090940551047,5200.085456433063
-0.012500000000000001,0.0069999999999999993,9978.8218055479156,5987.2930833287492
-0.012,0.0069999999999999993,11238.408873797835,6743.0453242787007
-0.0115,0.0069999999999999993,12397.537299728372,7438.5223798370225
-0.010999999999999999,0.0069999999999999993,13418.98134339619,8051.3888060377139
-0.010499999999999999,0.0069999999999999993,14281.384600459742,8568.830760275845
-0.010000000000000002,0.0069999999999999993,14981.952290727731,8989.1713744366389
-0.0095000000000000015,0.0069999999999999993,15536.128283234344,9321.6769699406068
-0.0090000000000000011,0.0069999999999999993,15974.203076481814,9584.5218458890886
-0.0085000000000000006,0.0069999999999999993,16335.430271291947,9801.2581627751679
-0.0080000000000000002,0.0069999999999999993,16660.747232767357,9996.4483396604137
-0.0074999999999999997,0.0069999999999999993,16985.477303439544,10191.286382063727
-0.0069999999999999993,0.0069999999999999993,17333.376106899312,10400.025664139586
-0.0064999999999999988,0.0069999999999999993,17713.089000463289,10627.853400277972
-0.0059999999999999984,0.0069999999999999993,18117.590906114277,10870.554543668566
-0.0054999999999999979,0.0069999999999999993,18526.599923347683,11115.959954008609
-0.005000000000000001,0.0069999999999999993,18911.411387891221,11346.846832734733
-0.0044999999999999971,0.0069999999999999993,19241.184822049181,11544.710893229509
-0.0040000000000000001,0.0069999999999999993,19489.491277675057,11693.694766605035
-0.0035000000000000031,0.0069999999999999993,19639.914535026102,11783.94872101566
-0.0029999999999999992,0.0069999999999999993,19689.687366496786,11813.812419898071
-0.0025000000000000022,0.0069999999999999993,19650.700346628073,11790.420207976844
-0.0019999999999999983,0.0069999999999999993,19547.691693889647,11728.615016333788
-0.0015000000000000013,0.0069999999999999993,19413.939979389823,11648.363987633893
-0.00099999999999999742,0.0069999999999999993,19285.25093583237,11571.150561499422
-0.00050000000000000044,0.0069999999999999993,19193.366112980337,11516.019667788201
0,0.0069999999999999993,19160.051206687735,11496.03072401264
0.00050000000000000044,0.0069999999999999993,19193.00760214296,11515.804561285775
0.0010000000000000009,0.0069999999999999993,19284.404595625601,11570.642757375361
0.0015000000000000013,0.0069999999999999993,19412.317560254047,11647.390536152428
0.0020000000000000018,0.0069999999999999993,19544.785022488293,11726.871013492975
0.0024999999999999988,0.0069999999999999993,19645.686309308774,11787.411785585264
0.0030000000000000027,0.0069999999999999993,19681.297133784181,11808.778280270508
0.0034999999999999996,0.0069999999999999993,19626.268807701526,11775.761284620916
0.0040000000000000036,0.0069999999999999993,19467.910027053098,11680.746016231858
0.0045000000000000005,0.0069999999999999993,19207.989876173531,11524.793925704118
0.0049999999999999975,0.0069999999999999993,18861.752373433625,11317.051424060175
0.0055000000000000014,0.0069999999999999993,18454.34639747841,11072.607838487045
0.0059999999999999984,0.0069999999999999993,18015.34265780068,10809.205594680408
0.0064999999999999988,0.0069999999999999993,17572.358292635206,10543.414975581123
0.0069999999999999993,0.0069999999999999993,17144.985994426966,10286.99159665618
0.0074999999999999997,0.0069999999999999993,16740.196479611481,10044.117887766888
0.0080000000000000002,0.0069999999999999993,16350.144444884656,9810.0866669307925
0.0085000000000000006,0.0069999999999999993,15952.884534203649,9571.7307205221896
0.0090000000000000011,0.0069999999999999993,15515.958168002166,9309.574900801299
0.0095000000000000015,0.0069999999999999993,15002.242699319042,9001.3456195914241
0.010000000000000002,0.0069999999999999993,14376.980667194992,8626.1884003169944
0.010500000000000002,0.0069999999999999993,13614.642192804629,8168.7853156827769
0.011000000000000003,0.0069999999999999993,12704.291816445799,7622.5750898674787
0.011500000000000003,0.0069999999999999993,11652.439945234441,6991.463967140664
0.012000000000000004,0.0069999999999999993,10482.890745968874,6289.7344475813243
0.012499999999999997,0.0069999999999999993,9233.7244510539658,5540.2346706323797
0.013000000000000005,0.0069999999999999993,7952.1195671045753,4771.271740262745
0.013499999999999998,0.0069999999999999993,6688.0961711943255,4012.8577027165952
0.014000000000000005,0.0069999999999999993,5488.3698171297501,3293.0218902778502
0.014499999999999999,0.0069999999999999993,4391.3467579728494,2634.8080547837094
0.014999999999999999,0.0069999999999999993,3423.9343806461106,2054.3606283876661
0.0155,0.0069999999999999993,2600.3967943973794,1560.2380766384276
0.016000000000000007,0.0069999999999999993,1923.0704713726561,1153.8422828235937
0.016500000000000001,0.0069999999999999993,1384.4573574141004,830.6744144484602
0.017000000000000001,0.0069999999999999993,970.07529485693033,582.04517691415822
0.017500000000000002,0.0069999999999999993,661.46219137571552,396.87731482542932
0.017999999999999995,0.0069999999999999993,438.85972968917798,263.31583781350679
0.018500000000000003,0.0069999999999999993,283.2870423041291,169.97222538247746
0.019000000000000003,0.0069999999999999993,177.90010636092529,106.74006381655518
0.019500000000000003,0.0069999999999999993,108.67997335845267,65.207984015071602
0.019999999999999997,0.0069999999999999993,64.584370104844851,38.750622062906906
0.020499999999999997,0.0069999999999999993,37.333176484771165,22.399905890862698
0.021000000000000005,0.0069999999999999993,20.99135105983067,12.594810635898401
0.021500000000000005,0.0069999999999999993,11.48033776647511,6.8882026598850654
0.021999999999999999,0.0069999999999999993,6.1070384855338453,3.6642230913203071
0.022499999999999999,0.0069999999999999993,3.1598234282276634,1.8958940569365978
0.023000000000000007,0.0069999999999999993,1.5901818925113238,0.95410913550679421
0.023500000000000007,0.0069999999999999993,0.77835771692192435,0.46701463015315459
0.024,0.0069999999999999993,0.37055908136244908,0.22233544881746944
0.024500000000000001,0.0069999999999999993,0.17158503556183322,0.10295102133709992
0.025000000000000001,0.0069999999999999993,0.077275791003921318,0.046365474602352789
-0.025000000000000001,0.0074999999999999997,0.11433627680928671,0.068601766085572016
-0.024500000000000001,0.0074999999999999997,0.24585762774717912,0.14751457664830747
-0.024,0.0074999999999999997,0.51512449868019117,0.3090746992081147
-0.0235,0.0074999999999999997,1.0515961915588108,0.63095771493528641
-0.023,0.0074999999999999997,2.0915681119121632,1.2549408671472979
-0.022500000000000003,0.0074999999999999997,4.0528275838773684,2.431696550326421
-0.022000000000000002,0.0074999999999999997,7.6503927157990015,4.5902356294794009
-0.021500000000000002,0.0074999999999999997,14.06776849252778,8.440661095516667
-0.021000000000000001,0.0074999999999999997,25.197624817094908,15.118574890256944
-0.020500000000000001,0.0074999999999999997,43.960764961679551,26.376458977007729
-0.02,0.0074999999999999997,74.700332493796267,44.820199496277759
-0.0195,0.0074999999999999997,123.62744042256283,74.176464253537688
-0.019,0.0074999999999999997,199.26439035593253,119.55863421355951
-0.018500000000000003,0.0074999999999999997,312.79494048451602,187.67696429070961
-0.018000000000000002,0.0074999999999999997,478.19447249221616,286.91668349532966
-0.017500000000000002,0.0074999999999999997,711.98785815632493,427.19271489379497
-0.017000000000000001,0.0074999999999999997,1032.4842543127261,619.49055258763565
-0.016500000000000001,0.0074999999999999997,1458.3809142184339,875.02854853106032
-0.016,0.0074999999999999997,2006.7218414210645,1204.0331048526386
-0.0155,0.0074999999999999997,2690.3391552319863,1614.2034931391918
-0.015000000000000001,0.0074999999999999997,3515.0755715042783,2109.045342902567
-0.014500000000000001,0.0074999999999999997,4477.2473476569148,2686.3484085941486
-0.014,0.0074999999999999997,5561.9076521912393,3337.1445913147436
-0.0135,0.0074999999999999997,6742.4600225797112,4045.4760135478264
-0.012999999999999999,0.0074999999999999997,7982.0176812916852,4789.2106087750108
-0.012500000000000001,0.0074999999999999997,9236.6093674522635,5541.9656204713583
-0.012,0.0074999999999999997,10459.94302838086,6275.9658170285156
-0.0115,0.0074999999999999997,11609.042710194159,6965.4256261164946
-0.010999999999999999,0.0074999999999999997,12649.779401855691,7589.8676411134138
-0.010499999999999999,0.0074999999999999997,13561.220556040447,8136.732333624268
-0.010000000000000002,0.0074999999999999997,14337.87820136791,8602.7269208207454
-0.0095000000000000015,0.0074999999999999997,14989.32719389164,8993.5963163349843
-0.0090000000000000011,0.0074999999999999997,15537.208609495396,9322.325165697237
-0.0085000000000000006,0.0074999999999999997,16010.195363024735,9606.1172178148408
-0.0080000000000000002,0.0074999999999999997,16437.934984800006,9862.7609908800023
-0.0074999999999999997,0.0074999999999999997,16845.188667782568,10107.113200669541
-0.0069999999999999993,0.0074999999999999997,17247.312152749422,10348.387291649653
-0.0064999999999999988,0.0074999999999999997,17647.903626608138,10588.742175964882
-0.0059999999999999984,0.0074999999999999997,18038.967542517566,10823.38052551054
-0.0054999999999999979,0.0074999999999999997,18403.430278824846,11042.058167294907
-0.005000000000000001,0.0074999999999999997,18719.405396848309,11231.643238108985
-0.0044999999999999971,0.0074999999999999997,18965.320185267108,11379.192111160264
-0.0040000000000000001,0.0074999999999999997,19124.913626008241,11474.948175604944
-0.0035000000000000031,0.0074999999999999997,19191.191475890151,11514.714885534091
-0.0029999999999999992,0.0074999999999999997,19168.643216639037,11501.185929983421
-0.0025000000000000022,0.0074999999999999997,19073.3422244842,11444.005334690521
-0.0019999999999999983,0.0074999999999999997,18930.914867518823,11358.548920511294
-0.0015000000000000013,0.0074999999999999997,18772.72544077909,11263.635264467453
-0.00099999999999999742,0.0074999999999999997,18630.93034430933,11178.558206585598
-0.00050000000000000044,0.0074999999999999997,18533.257432682221,11119.954459609333
0,0.0074999999999999997,18498.425696610622,11099.055417966372
0.00050000000000000044,0.0074999999999999997,18533.01778230214,11119.810669381284
0.0010000000000000009,0.0074999999999999997,18630.364599201839,11178.218759521103
0.0015000000000000013,0.0074999999999999997,18771.640917462071,11262.984550477242
0.0020000000000000018,0.0074999999999999997,18928.971872123755,11357.383123274252
0.0024999999999999988,0.0074999999999999997,19069.990537940772,11441.994322764464
0.0030000000000000027,0.0074999999999999997,19163.034676397256,11497.820805838353
0.0034999999999999996,0.0074999999999999997,19182.069844411053,11509.241906646632
0.0040000000000000036,0.0074999999999999997,19110.487409629364,11466.292445777619
0.0045000000000000005,0.0074999999999999997,18943.130670846662,11365.878402507997
0.0049999999999999975,0.0074999999999999997,18686.210300777369,11211.726180466421
0.0055000000000000014,0.0074999999999999997,18355.131641429558,11013.078984857735
0.0059999999999999984,0.0074999999999999997,17970.618614071689,10782.371168443013
0.0064999999999999988,0.0074999999999999997,17553.830689045644,10532.298413427387
0.0069999999999999993,0.0074999999999999997,17121.380779550818,10272.828467730491
0.0074999999999999997,0.0074999999999999997,16681.228093851241,10008.736856310745
0.0080000000000000002,0.0074999999999999997,16230.309249648295,9738.1855497889774
0.0085000000000000006,0.0074999999999999997,15754.478598749887,9452.6871592499319
0.0090000000000000011,0.0074999999999999997,15230.88992945011,9138.5339576700662
0.0095000000000000015,0.0074999999999999997,14632.445700319287,8779.4674201915714
0.010000000000000002,0.0074999999999999997,13933.478488995255,8360.0870933971528
0.010500000000000002,0.0074999999999999997,13115.529506420846,7869.3177038525073
0.011000000000000003,0.0074999999999999997,12172.037590683205,7303.2225544099229
0.011500000000000003,0.0074999999999999997,11110.974463476357,6666.5846780858146
0.012000000000000004,0.0074999999999999997,9954.9089049583326,5972.9453429749992
0.012499999999999997,0.0074999999999999997,8738.541120734455,5243.1246724406728
0.013000000000000005,0.0074999999999999997,7504.275870119106,4502.5655220714634
0.013499999999999998,0.0074999999999999997,6296.7689729598069,3778.0613837758838
0.014000000000000005,0.0074999999999999997,5157.5079398175067,3094.5047638905039
0.014499999999999999,0.0074999999999999997,4120.3658540810056,2472.2195124486034
0.014999999999999999,0.0074999999999999997,3208.7568914474227,1925.2541348684535
0.0155,0.0074999999999999997,2434.6223909205064,1460.7734345523038
0.016000000000000007,0.0074999999999999997,1799.0961061565304,1079.4576636939182
0.016500000000000001,0.0074999999999999997,1294.4203399491482,776.65220396948894
0.017000000000000001,0.0074999999999999997,906.55288012941276,543.93172807764768
0.017500000000000002,0.0074999999999999997,617.9149178032485,370.74895068194911
0.017999999999999995,0.0074999999999999997,409.84553635467626,245.90732181280575
0.018500000000000003,0.0074999999999999997,264.49628246951471,158.69776948170883
0.019000000000000003,0.0074999999999999997,166.0692405222299,99.641544313337945
0.019500000000000003,0.0074999999999999997,101.43778966419102,60.862673798514606
0.019999999999999997,0.0074999999999999997,60.273779844945501,36.164267906967297
0.020499999999999997,0.0074999999999999997,34.838326812851044,20.902996087710626
0.021000000000000005,0.0074999999999999997,19.587202488299706,11.752321492979823
0.021500000000000005,0.0074999999999999997,10.711811044215606,6.4270866265293636
0.021999999999999999,0.0074999999999999997,5.697971126938878,3.4187826761633269
0.022499999999999999,0.0074999999999999997,2.9480699245113189,1.7688419547067913
0.023000000000000007,0.0074999999999999997,1.483577734700636,0.89014664082038164
0.023500000000000007,0.0074999999999999997,0.72616239372676972,0.43569743623606183
0.024,0.0074999999999999997,0.34570442445642763,0.20742265467385657
0.024500000000000001,0.0074999999999999997,0.160074209992523,0.096044525995513802
0.025000000000000001,0.0074999999999999997,0.072091007090377898,0.043254604254226739
-0.025000000000000001,0.0080000000000000002,0.092879551368061058,0.055727730820836631
-0.024500000000000001,0.0080000000000000002,0.2010218992670299,0.12061313956021794
-0.024,0.0080000000000000002,0.42384286485991468,0.25430571891594878
-0.0235,0.0080000000000000002,0.8705199180096912,0.52231195080581472
-0.023,0.0080000000000000002,1.7415613416479514,1.0449368049887708
-0.022500000000000003,0.0080000000000000002,3.3935889518735949,2.0361533711241568
-0.022000000000000002,0.0080000000000000002,6.440432649019737,3.8642595894118421
-0.021500000000000002,0.0080000000000000002,11.903713305187431,7.1422279831124582
-0.021000000000000001,0.0080000000000000002,21.425929528640445,12.855557717184267
-0.020500000000000001,0.0080000000000000002,37.554975020021423,22.532985012012855
-0.02,0.0080000000000000002,64.098824832066455,38.459294899239872
-0.0195,0.0080000000000000002,106.53099313733776,63.918595882402656
-0.019,0.0080000000000000002,172.40077605341361,103.44046563204816
-0.018500000000000003,0.0080000000000000002,271.66937439667731,163.00162463800638
-0.018000000000000002,0.0080000000000000002,416.85967502346938,250.11580501408162
-0.017500000000000002,0.0080000000000000002,622.88393683803486,373.73036210282089
-0.017000000000000001,0.0080000000000000002,906.41327345832758,543.84796407499653
-0.016500000000000001,0.0080000000000000002,1284.6892025539453,770.81352153236719
-0.016,0.0080000000000000002,1773.7593455544904,1064.2556073326941
-0.0155,0.0080000000000000002,2386.2445368091749,1431.7467220855049
-0.015000000000000001,0.0080000000000000002,3128.8955122204065,1877.3373073322439
-0.014500000000000001,0.0080000000000000002,4000.339857062087,2400.2039142372523
-0.014,0.0080000000000000002,4989.5084690903595,2993.7050814542158
-0.0135,0.0080000000000000002,6075.2202544482871,3645.1321526689721
-0.012999999999999999,0.0080000000000000002,7227.2654816926724,4336.3592890156033
-0.012500000000000001,0.0080000000000000002,8409.0656924913474,5045.4394154948086
-0.012,0.0080000000000000002,9581.6454267327026,5748.9872560396216
-0.0115,0.0080000000000000002,10708.30862338431,6424.9851740305858
-0.010999999999999999,0.0080000000000000002,11759.168042019923,7055.5008252119533
-0.010499999999999999,0.0080000000000000002,12714.614730514581,7628.7688383087479
-0.010000000000000002,0.0080000000000000002,13566.978580914572,8140.1871485487427
-0.0095000000000000015,0.0080000000000000002,14319.998995069715,8591.9993970418291
-0.0090000000000000011,0.0080000000000000002,14986.211385976401,8991.72683158584
-0.0085000000000000006,0.0080000000000000002,15582.833791651317,9349.7002749907897
-0.0080000000000000002,0.0080000000000000002,16127.078270991693,9676.2469625950162
-0.0074999999999999997,0.0080000000000000002,16631.922265388468,9979.1533592330798
-0.0069999999999999993,0.0080000000000000002,17103.231323378408,10261.938794027044
-0.0064999999999999988,0.0080000000000000002,17538.775199331485,10523.265119598891
-0.0059999999999999984,0.0080000000000000002,17929.227186221433,10757.53631173286
-0.0054999999999999979,0.0080000000000000002,18260.802950557787,10956.481770334673
-0.005000000000000001,0.0080000000000000002,18518.881811207408,11111.329086724445
-0.0044999999999999971,0.0080000000000000002,18691.815796391253,11215.089477834752
-0.0040000000000000001,0.0080000000000000002,18774.171813051431,11264.503087830859
-0.0035000000000000031,0.0080000000000000002,18768.829385834491,11261.297631500694
-0.0029999999999999992,0.0080000000000000002,18687.609574168331,11212.565744500998
-0.0025000000000000022,0.0080000000000000002,18550.379996486583,11130.227997891949
-0.0019999999999999983,0.0080000000000000002,18382.821672779482,11029.693003667689
-0.0015000000000000013,0.0080000000000000002,18213.229521095982,10927.937712657589
-0.00099999999999999742,0.0080000000000000002,18068.838021649823,10841.302812989894
-0.00050000000000000044,0.0080000000000000002,17972.212817695872,10783.327690617523
0,0.0080000000000000002,17938.227601370105,10762.936560822063
0.00050000000000000044,0.0080000000000000002,17972.05700952822,10783.234205716932
0.0010000000000000009,0.0080000000000000002,18068.470203712171,10841.082122227303
0.0015000000000000013,0.0080000000000000002,18212.524420646121,10927.514652387672
0.0020000000000000018,0.0080000000000000002,18381.55843859573,11028.935063157438
0.0024999999999999988,0.0080000000000000002,18548.200904850222,11128.920542910133
0.0030000000000000027,0.0080000000000000002,18683.963194062471,11210.377916437483
0.0034999999999999996,0.0080000000000000002,18762.89897718545,11257.73938631127
0.0040000000000000036,0.0080000000000000002,18764.792640193784,11258.875584116269
0.0045000000000000005,0.0080000000000000002,18677.389332382205,11206.433599429323
0.0049999999999999975,0.0080000000000000002,18497.300092487912,11098.380055492747
0.0055000000000000014,0.0080000000000000002,18229.401697656682,10937.641018594009
0.0059999999999999984,0.0080000000000000002,17884.790280681365,10730.874168408818
0.0064999999999999988,0.0080000000000000002,17477.613885827475,10486.568331496484
0.0069999999999999993,0.0080000000000000002,17021.357317997485,10212.81439079849
0.0074999999999999997,0.0080000000000000002,16525.323658771656,9915.1941952629932
0.0080000000000000002,0.0080000000000000002,15992.090855820574,9595.2545134923439
0.0085000000000000006,0.0080000000000000002,15416.580099640729,9249.9480597844376
0.0090000000000000011,0.0080000000000000002,14787.058969693664,8872.2353818161973
0.0095000000000000015,0.0080000000000000002,14087.973276752375,8452.7839660514237
0.010000000000000002,0.0080000000000000002,13304.058997129634,7982.4353982777802
0.010500000000000002,0.0080000000000000002,12424.849674611974,7454.9098047671841
0.011000000000000003,0.0080000000000000002,11448.565253968509,6869.1391523811053
0.011500000000000003,0.0080000000000000002,10384.49064795788,6230.6943887747284
0.012000000000000004,0.0080000000000000002,9253.2986018836145,5551.9791611301689
0.012499999999999997,0.0080000000000000002,8085.2477170649181,4851.1486302389503
0.013000000000000005,0.0080000000000000002,6916.6626936411976,4149.997616184718
0.013499999999999998,0.0080000000000000002,5785.4551985454846,3471.2731191272906
0.014000000000000005,0.0080000000000000002,4726.5888853047109,2835.9533311828263
0.014499999999999999,0.0080000000000000002,3768.314138742433,2260.9884832454595
0.014999999999999999,0.0080000000000000002,2929.7430959301428,1757.8458575580855
0.0155,0.0080000000000000002,2219.9908447747657,1331.9945068648594
0.016000000000000007,0.0080000000000000002,1638.7719303100118,983.2631581860071
0.016500000000000001,0.0080000000000000002,1178.0905957174089,706.85435743044525
0.017000000000000001,0.0080000000000000002,824.53926743719535,494.72356046231721
0.017500000000000002,0.0080000000000000002,561.72262151972734,337.03357291183642
0.017999999999999995,0.0080000000000000002,372.42276448267796,223.45365868960678
0.018500000000000003,0.0080000000000000002,240.26810808970802,144.16086485382482
0.019000000000000003,0.0080000000000000002,150.81902238017295,90.491413428103769
0.019500000000000003,0.0080000000000000002,92.104440488486404,55.262664293091838
0.019999999999999997,0.0080000000000000002,54.719433349235373,32.831660009541224
0.020499999999999997,0.0080000000000000002,31.624041916429874,18.974425149857925
0.021000000000000005,0.0080000000000000002,17.778325788048996,10.666995472829397
0.021500000000000005,0.0080000000000000002,9.7218449494128798,5.8331069696477273
0.021999999999999999,0.0080000000000000002,5.1710700461037211,3.1026420276622324
0.022499999999999999,0.0080000000000000002,2.6753331888326741,1.6051999132996044
0.023000000000000007,0.0080000000000000002,1.3462777347832553,0.8077666408699532
0.023500000000000007,0.0080000000000000002,0.65893984992915744,0.39536390995749443
0.024,0.0080000000000000002,0.31369477613259356,0.18821686567955612
0.024500000000000001,0.0080000000000000002,0.14524999883867212,0.087149999303203274
0.025000000000000001,0.0080000000000000002,0.065413882151306058,0.039248329290783632
-0.025000000000000001,0.0085000000000000006,0.07509823523693962,0.045058941142163772
-0.024500000000000001,0.0085000000000000006,0.16345858350610373,0.098075150103662231
-0.024,0.0085000000000000006,0.34651182098001027,0.20790709258800616
-0.0235,0.0085000000000000006,0.71537501033781337,0.429225006202688
-0.023,0.0085000000000000006,1.4382317718923436,0.86293906313540614
-0.022500000000000003,0.0085000000000000006,2.8156508261555802,1.6893904956933481
-0.022000000000000002,0.0085000000000000006,5.367360589756573,3.2204163538539436
-0.021500000000000002,0.0085000000000000006,9.9621812575170399,5.9773087545102239
-0.021000000000000001,0.0085000000000000006,18.002897121862436,10.801738273117461
-0.020500000000000001,0.0085000000000000006,31.674585393367444,19.004751236020464
-0.02,0.0085000000000000006,54.256386950820158,32.553832170492093
-0.0195,0.0085000000000000006,90.481246126029291,54.288747675617572
-0.019,0.0085000000000000006,146.90523945959646,88.143143675757869
-0.018500000000000003,0.0085000000000000006,232.21951227716517,139.3317073662991
-0.018000000000000002,0.0085000000000000006,357.40862633906562,214.44517580343935
-0.017500000000000002,0.0085000000000000006,535.63810200478645,321.38286120287188
-0.017000000000000001,0.0085000000000000006,781.75276343972314,469.05165806383388
-0.016500000000000001,0.0085000000000000006,1111.2979762244067,666.77878573464398
-0.016,0.0085000000000000006,1539.0455689651044,923.42734137906257
-0.0155,0.0085000000000000006,2077.113259818414,1246.2679558910484
-0.015000000000000001,0.0085000000000000006,2732.8952382347707,1639.7371429408624
-0.014500000000000001,0.0085000000000000006,3507.1422697391044,2104.2853618434624
-0.014,0.0085000000000000006,4392.602673248779,2635.5616039492675
-0.0135,0.0085000000000000006,5373.6219870567729,3224.1731922340637
-0.012999999999999999,0.0085000000000000006,6426.9755722843192,3856.1853433705915
-0.012500000000000001,0.0085000000000000006,7523.980225596817,4514.38813535809
-0.012,0.0085000000000000006,8633.6394275103466,5180.1836565062076
-0.0115,0.0085000000000000006,9726.2946236815878,5835.7767742089527
-0.010999999999999999,0.0085000000000000006,10777.067594543149,6466.2405567258893
-0.010499999999999999,0.0085000000000000006,11768.358120460784,7061.0148722764698
-0.010000000000000002,0.0085000000000000006,12690.836663294644,7614.5019979767858
-0.0095000000000000015,0.0085000000000000006,13542.714675783622,8125.6288054701727
-0.0090000000000000011,0.0085000000000000006,14327.499640916645,8596.4997845499875
-0.0085000000000000006,0.0085000000000000006,15050.82867863826,9030.4972071829561
-0.0080000000000000002,0.0085000000000000006,15717.208412503556,9430.3250475021341
-0.0074999999999999997,0.0085000000000000006,16327.497989975325,9796.4987939851944
-0.0069999999999999993,0.0085000000000000006,16877.75376526724,10126.652259160344
-0.0064999999999999988,0.0085000000000000006,17359.67568753122,10415.805412518732
-0.0059999999999999984,0.0085000000000000006,17762.47152970876,10657.482917825257
-0.0054999999999999979,0.0085000000000000006,18075.60825395826,10845.364952374955
-0.005000000000000001,0.0085000000000000006,18291.740286656674,10975.044171994005
-0.0044999999999999971,0.0085000000000000006,18409.124087278506,11045.474452367103
-0.0040000000000000001,0.0085000000000000006,18433.016752989952,11059.810051793971
-0.0035000000000000031,0.0085000000000000006,18375.838579784318,11025.503147870591
-0.0029999999999999992,0.0085000000000000006,18256.166113935629,10953.699668361378
-0.0025000000000000022,0.0085000000000000006,18096.839399307217,10858.103639584329
-0.0019999999999999983,0.0085000000000000006,17922.575897054467,10753.54553823268
-0.0015000000000000013,0.0085000000000000006,17757.484064942539,10654.490438965522
-0.00099999999999999742,0.0085000000000000006,17622.791897469924,10573.675138481954
-0.00050000000000000044,0.0085000000000000006,17534.993498114578,10520.996098868747
0,0.0085000000000000006,17504.510838162889,10502.706502897732
0.00050000000000000044,0.0085000000000000006,17534.894974897907,10520.936984938744
0.0010000000000000009,0.0085000000000000006,17622.559312702939,10573.535587621764
0.0015000000000000013,0.0085000000000000006,17757.038204077566,10654.222922446539
0.0020000000000000018,0.0085000000000000006,17921.77710776715,10753.066264660289
0.0024999999999999988,0.0085000000000000006,18095.461479775277,10857.276887865166
0.0030000000000000027,0.0085000000000000006,18253.860374110423,10952.316224466254
0.0034999999999999996,0.0085000000000000006,18372.088564973779,11023.253138984268
0.0040000000000000036,0.0085000000000000006,18427.08595813108,11056.251574878648
0.0045000000000000005,0.0085000000000000006,18400.001705179875,11040.001023107925
0.0049999999999999975,0.0085000000000000006,18278.093374677344,10966.856024806406
0.0055000000000000014,0.0085000000000000006,18055.752090510308,10833.451254306185
0.0059999999999999984,0.0085000000000000006,17734.372445181671,10640.623467109002
0.0064999999999999988,0.0085000000000000006,17321.001146695169,10392.600688017101
0.0069999999999999993,0.0085000000000000006,16825.981829984852,10095.589097990911
0.0074999999999999997,0.0085000000000000006,16260.091782873549,9756.0550697241288
0.0080000000000000002,0.0085000000000000006,15631.850920957102,9379.1105525742605
0.0085000000000000006,0.0085000000000000006,14945.700373956148,8967.4202243736891
0.0090000000000000011,0.0085000000000000006,14201.568266738099,8520.9409600428589
0.0095000000000000015,0.0085000000000000006,13395.996307521475,8037.5977845128846
0.010000000000000002,0.0085000000000000006,12524.582971260677,7514.7497827564057
0.010500000000000002,0.0085000000000000006,11585.129052193119,6951.0774313158709
0.011000000000000003,0.0085000000000000006,10580.662064280976,6348.3972385685856
0.011500000000000003,0.0085000000000000006,9521.5326459445314,5712.9195875667183
0.012000000000000004,0.0085000000000000006,8426.0136922458169,5055.6082153474899
0.012499999999999997,0.0085000000000000006,7319.2182478597642,4391.5309487158584
0.013000000000000005,0.0085000000000000006,6230.5700420221046,3738.3420252132628
0.013499999999999998,0.0085000000000000006,5190.3929187889862,3114.2357512733915
0.014000000000000005,0.0085000000000000006,4226.3489812143607,2535.8093887286163
0.014499999999999999,0.0085000000000000006,3360.423901475488,2016.2543408852928
0.014999999999999999,0.0085000000000000006,2606.96386405146,1564.1783184308758
0.0155,0.0085000000000000006,1971.9849551212355,1183.1909730727414
0.016000000000000007,0.0085000000000000006,1453.6880773722598,872.21284642335593
0.016500000000000001,0.0085000000000000006,1043.8917689836871,626.33506139021222
0.017000000000000001,0.0085000000000000006,729.98082775250361,437.98849665150215
0.017500000000000002,0.0085000000000000006,496.96356002148718,298.17813601289231
0.017999999999999995,0.0085000000000000006,329.3095386498332,197.58572318989991
0.018500000000000003,0.0085000000000000006,212.36334035219463,127.41800421131677
0.019000000000000003,0.0085000000000000006,133.25830537773351,79.954983226640095
0.019500000000000003,0.0085000000000000006,81.358807977200385,48.815284786320227
0.019999999999999997,0.0085000000000000006,48.325453847228665,28.995272308337199
0.020499999999999997,0.0085000000000000006,27.924238950992454,16.754543370595471
0.021000000000000005,0.0085000000000000006,15.696383547558737,9.4178301285352415
0.021500000000000005,0.0085000000000000006,8.5825059040967471,5.1495035424580484
0.021999999999999999,0.0085000000000000006,4.5646960783246167,2.7388176469947698
0.022499999999999999,0.0085000000000000006,2.3614713743582487,1.4168828246149492
0.023000000000000007,0.0085000000000000006,1.1882794553105767,0.71296767318634602
0.023500000000000007,0.0085000000000000006,0.58158517630262774,0.34895110578157662
0.024,0.0085000000000000006,0.27686114620798113,0.16611668772478869
0.024500000000000001,0.0085000000000000006,0.12819196614545214,0.076915179687271282
0.025000000000000001,0.0085000000000000006,0.057730685639705126,0.034638411383823071
-0.025000000000000001,0.0090000000000000011,0.060236658914571098,0.036141995348742656
-0.024500000000000001,0.0090000000000000011,0.131730613000865,0.079038367800518997
-0.024,0.0090000000000000011,0.28050344175622816,0.16830206505373688
-0.0235,0.0090000000000000011,0.58155493041414641,0.34893295824848786
-0.023,0.0090000000000000011,1.1738742825838582,0.70432456955031486
-0.022500000000000003,0.0090000000000000011,2.3068012083885323,1.3840807250331193
-0.022000000000000002,0.0090000000000000011,4.4130472842920874,2.6478283705752523
-0.021500000000000002,0.0090000000000000011,8.2184912217641024,4.9310947330584609
-0.021000000000000001,0.0090000000000000011,14.899092280899483,8.93945536853969
-0.020500000000000001,0.0090000000000000011,26.292714106815978,15.775628464089586
-0.02,0.0090000000000000011,45.166681890605155,27.100009134363091
-0.0195,0.0090000000000000011,75.529073986482885,45.31744439188973
-0.019,0.0090000000000000011,122.95259388405397,73.771556330432375
-0.018500000000000003,0.0090000000000000011,194.85581916330574,116.91349149798344
-0.018000000000000002,0.0090000000000000011,300.66193497407983,180.39716098444788
-0.017500000000000002,0.0090000000000000011,451.73714416532749,271.04228649919651
-0.017000000000000001,0.0090000000000000011,661.00960709833396,396.60576425900035
-0.016500000000000001,0.0090000000000000011,942.19489282365839,565.31693569419497
-0.016,0.0090000000000000011,1308.6117256788409,785.16703540730452
-0.0155,0.0090000000000000011,1771.6603712495692,1062.9962227497415
-0.015000000000000001,0.0090000000000000011,2339.1418005004721,1403.4850803002832
-0.014500000000000001,0.0090000000000000011,3013.6932036539374,1808.2159221923623
-0.014,0.0090000000000000011,3791.671085111529,2275.0026510669172
-0.0135,0.0090000000000000011,4662.7951510191888,2797.677090611513
-0.012999999999999999,0.0090000000000000011,5610.7566039847443,3366.4539623908463
-0.012500000000000001,0.0090000000000000011,6614.8009599035222,3968.880575942113
-0.012,0.0090000000000000011,7652.0566808796239,4591.2340085277738
-0.0115,0.0090000000000000011,8700.1610072943931,5220.0966043766357
-0.010999999999999999,0.0090000000000000011,9739.6063778636235,5843.7638267181737
-0.010499999999999999,0.0090000000000000011,10755.251862071969,6453.151117243181
-0.010000000000000002,0.0090000000000000011,11736.631134035844,7041.9786804215064
-0.0095000000000000015,0.0090000000000000011,12677.005026218641,7606.2030157311847
-0.0090000000000000011,0.0090000000000000011,13571.466815495531,8142.8800892973177
-0.0085000000000000006,0.0090000000000000011,14414.701227864689,8648.8207367188134
-0.0080000000000000002,0.0090000000000000011,15199.12448418733,9119.4746905123975
-0.0074999999999999997,0.0090000000000000011,15914.04139505724,9548.424837034343
-0.0069999999999999993,0.0090000000000000011,16546.165110412214,9927.6990662473272
-0.0064999999999999988,0.0090000000000000011,17081.441211731733,10248.864727039039
-0.0059999999999999984,0.0090000000000000011,17507.725610529844,10504.635366317905
-0.0054999999999999979,0.0090000000000000011,17817.607601265259,10690.564560759156
-0.005000000000000001,0.0090000000000000011,18010.623366048978,10806.374019629386
-0.0044999999999999971,0.0090000000000000011,18094.279360189783,10856.567616113869
-0.0040000000000000001,0.0090000000000000011,18083.637385215396,10850.182431129237
-0.0035000000000000031,0.0090000000000000011,17999.595655981444,10799.757393588867
-0.0029999999999999992,0.0090000000000000011,17866.316410179206,10719.789846107524
-0.0025000000000000022,0.0090000000000000011,17708.413614614023,10625.048168768413
-0.0019999999999999983,0.0090000000000000011,17548.491150889509,10529.094690533706
-0.0015000000000000013,0.0090000000000000011,17405.438538444076,10443.263123066445
-0.00099999999999999742,0.0090000000000000011,17293.618893885745,10376.171336331447
-0.00050000000000000044,0.0090000000000000011,17222.812818210339,10333.687690926203
0,0.0090000000000000011,17198.593508784739,10319.156105270844
0.00050000000000000044,0.0090000000000000011,17222.752225105101,10333.651335063061
0.0010000000000000009,0.0090000000000000011,17293.475851121439,10376.085510672863
0.0015000000000000013,0.0090000000000000011,17405.164328006955,10443.098596804173
0.0020000000000000018,0.0090000000000000011,17547.999884719164,10528.799930831497
0.0024999999999999988,0.0090000000000000011,17707.56617554311,10624.539705325866
0.0030000000000000027,0.0090000000000000011,17864.898349131417,10718.93900947885
0.0034999999999999996,0.0090000000000000011,17997.289346365185,10798.37360781911
0.0040000000000000036,0.0090000000000000011,18079.989866497166,10847.993919898299
0.0045000000000000005,0.0090000000000000011,18088.668972332613,10853.201383399568
0.0049999999999999975,0.0090000000000000011,18002.230331375704,10801.338198825422
0.0055000000000000014,0.0090000000000000011,17805.395793308315,10683.237475984988
0.0059999999999999984,0.0090000000000000011,17490.444295087906,10494.266577052744
0.0064999999999999988,0.0090000000000000011,17057.655848222272,10234.593508933363
0.0069999999999999993,0.0090000000000000011,16514.324672913546,9908.5948037481267
0.0074999999999999997,0.0090000000000000011,15872.585669816537,9523.5514018899212
0.0080000000000000002,0.0090000000000000011,15146.628477232916,9087.9770863397498
0.0085000000000000006,0.0090000000000000011,14350.045904544946,8610.027542726968
0.0090000000000000011,0.0090000000000000011,13494.017324245448,8096.410394547268
0.0095000000000000015,0.0090000000000000011,12586.771253633624,7552.0627521801744
0.010000000000000002,0.0090000000000000011,11634.382874215995,6980.6297245295964
0.010500000000000002,0.0090000000000000011,10642.563517232358,6385.5381103394147
0.011000000000000003,0.0090000000000000011,9618.8143314277477,5771.2885988566486
0.011500000000000003,0.0090000000000000011,8574.2296331110829,5144.5377798666495
0.012000000000000004,0.0090000000000000011,7524.3640572458662,4514.6184343475197
0.012499999999999997,0.0090000000000000011,6488.8695857202192,3893.3217514321314
0.013000000000000005,0.0090000000000000011,5489.9645575488375,3293.9787345293025
0.013499999999999998,0.0090000000000000011,4550.1068061795031,2730.0640837077017
0.014000000000000005,0.0090000000000000011,3689.4228252913936,2213.6536951748362
0.014499999999999999,0.0090000000000000011,2923.4594310680131,1754.0756586408079
0.014999999999999999,0.0090000000000000011,2261.6923092474549,1357.015385548473
0.0155,0.0090000000000000011,1707.0050479205572,1024.2030287523344
0.016000000000000007,0.0090000000000000011,1256.1157186958892,753.66943121753354
0.016500000000000001,0.0090000000000000011,900.7391674974981,540.44350049849879
0.017000000000000001,0.0090000000000000011,629.16916935068866,377.50150161041319
0.017500000000000002,0.0090000000000000011,427.95177995029167,256.77106797017501
0.017999999999999995,0.0090000000000000011,283.38061758738098,170.02837055242858
0.018500000000000003,0.0090000000000000011,182.64400599288112,109.58640359572867
0.019000000000000003,0.0090000000000000011,114.55954561742244,68.735727370453461
0.019500000000000003,0.0090000000000000011,69.918651657687519,41.95119099461251
0.019999999999999997,0.0090000000000000011,41.519078150013932,24.91144689000836
0.020499999999999997,0.0090000000000000011,23.986200532512438,14.391720319507462
0.021000000000000005,0.0090000000000000011,13.480555366992943,8.0883332201957661
0.021500000000000005,0.0090000000000000011,7.369972296994904,4.4219833781969422
0.021999999999999999,0.0090000000000000011,3.919397798924245,2.3516386793545467
0.022499999999999999,0.0090000000000000011,2.0274747283322272,1.2164848369993362
0.023000000000000007,0.0090000000000000011,1.0201502413565131,0.61209014481390789
0.023500000000000007,0.0090000000000000011,0.49927238050908695,0.29956342830545218
0.024,0.0090000000000000011,0.23766733866828171,0.14260040320096903
0.024500000000000001,0.0090000000000000011,0.11004116832902806,0.066024700997416835
0.025000000000000001,0.0090000000000000011,0.049555381994179699,0.029733229196507817
-0.025000000000000001,0.0095000000000000015,0.047762760251559976,0.028657656150935983
-0.024500000000000001,0.0095000000000000015,0.10484961272440345,0.062909767634642066
-0.024,0.0095000000000000015,0.22406437965568188,0.13443862779340912
-0.0235,0.0095000000000000015,0.4661087936901307,0.27966527621407838
-0.023,0.0095000000000000015,0.94382734943558078,0.56629640966134842
-0.022500000000000003,0.0095000000000000015,1.8602601675095478,1.1161561005057286
-0.022000000000000002,0.0095000000000000015,3.5687738214889082,2.1412642928933447
-0.021500000000000002,0.0095000000000000015,6.6637816264432237,3.9982689758659342
-0.021000000000000001,0.0095000000000000015,12.110878545775012,7.2665271274650074
-0.020500000000000001,0.0095000000000000015,21.423280263408344,12.853968158045006
-0.02,0.0095000000000000015,36.885923196833104,22.131553918099861
-0.0195,0.0095000000000000015,61.818263273378705,37.090957964027218
-0.019,0.0095000000000000015,100.85129773202291,60.510778639213747
-0.018500000000000003,0.0095000000000000015,160.17479464345419,96.104876786072509
-0.018000000000000002,0.0095000000000000015,247.69062722166063,148.61437633299639
-0.017500000000000002,0.0095000000000000015,372.99353050684545,223.79611830410727
-0.017000000000000001,0.0095000000000000015,547.09949664626276,328.25969798775765
-0.016500000000000001,0.0095000000000000015,781.86234851010954,469.11740910606568
-0.016,0.0095000000000000015,1089.0655576725155,653.43933460350934
-0.0155,0.0095000000000000015,1479.247061633575,887.54823698014491
-0.015000000000000001,0.0095000000000000015,1960.3980547325123,1176.2388328395073
-0.014500000000000001,0.0095000000000000015,2536.7510969398304,1522.0506581638981
-0.014,0.0095000000000000015,3207.9111433910789,1924.7466860346472
-0.0135,0.0095000000000000015,3968.5601850228209,2381.1361110136922
-0.012999999999999999,0.0095000000000000015,4808.8698209116774,2885.3218925470064
-0.012500000000000001,0.0095000000000000015,5715.5961624551501,3429.35769747309
-0.012,0.0095000000000000015,6673.6437776313196,4004.1862665787917
-0.0115,0.0095000000000000015,7667.7258619442573,4600.6355171665546
-0.010999999999999999,0.0095000000000000015,8683.6768613665718,5210.2061168199425
-0.010499999999999999,0.0095000000000000015,9709.034227732518,5825.4205366395108
-0.010000000000000002,0.0095000000000000015,10732.70257775513,6439.6215466530775
-0.0095000000000000015,0.0095000000000000015,11743.802675861576,7046.2816055169451
-0.0090000000000000011,0.0095000000000000015,12730.104409277106,7638.0626455662632
-0.0085000000000000006,0.0095000000000000015,13676.645516486247,8205.9873098917487
-0.0080000000000000002,0.0095000000000000015,14565.163047070282,8739.0978282421693
-0.0074999999999999997,0.0095000000000000015,15374.78108035777,9224.8686482146622
-0.0069999999999999993,0.0095000000000000015,16084.044514746511,9650.4267088479064
-0.0064999999999999988,0.0095000000000000015,16673.966147481937,10004.379688489162
-0.0059999999999999984,0.0095000000000000015,17131.39632647593,10278.837795885558
-0.0054999999999999979,0.0095000000000000015,17451.851999681076,10471.111199808645
-0.005000000000000001,0.0095000000000000015,17641.02057647422,10584.612345884532
-0.0044999999999999971,0.0095000000000000015,17714.469617174982,10628.681770304989
-0.0040000000000000001,0.0095000000000000015,17695.555434301106,10617.333260580663
-0.0035000000000000031,0.0095000000000000015,17611.99447114189,10567.196682685133
-0.0029999999999999992,0.0095000000000000015,17491.900625338578,10495.140375203146
-0.0025000000000000022,0.0095000000000000015,17360.201253187173,10416.120751912304
-0.0019999999999999983,0.0095000000000000015,17236.197391520131,10341.718434912078
-0.0015000000000000013,0.0095000000000000015,17132.679631210689,10279.607778726413
-0.00099999999999999742,0.0095000000000000015,17056.558824863037,10233.935294917823
-0.00050000000000000044,0.0095000000000000015,17010.553690388122,10206.332214232873
0,0.0095000000000000015,16995.21382797234,10197.128296783403
0.00050000000000000044,0.0095000000000000015,17010.517445722231,10206.310467433339
0.0010000000000000009,0.0095000000000000015,17056.473261708932,10233.883957025359
0.0015000000000000013,0.0095000000000000015,17132.515608164846,10279.509364898908
0.0020000000000000018,0.0095000000000000015,17235.903533363497,10341.542120018097
0.0024999999999999988,0.0095000000000000015,17359.694344919782,10415.816606951868
0.0030000000000000027,0.0095000000000000015,17491.052391060191,10494.631434636114
0.0034999999999999996,0.0095000000000000015,17610.614917789,10566.368950673399
0.0040000000000000036,0.0095000000000000015,17693.373616802717,10616.02417008163
0.0045000000000000005,0.0095000000000000015,17711.113680346385,10626.668208207831
0.0049999999999999975,0.0095000000000000015,17636.000158121547,10581.600094872929
0.0055000000000000014,0.0095000000000000015,17444.547325368039,10466.728395220824
0.0059999999999999984,0.0095000000000000015,17121.059250962677,10272.635550577606
0.0064999999999999988,0.0095000000000000015,16659.738579011613,9995.8431474069675
0.0069999999999999993,0.0095000000000000015,16064.998684126469,9638.9992104758803
0.0074999999999999997,0.0095000000000000015,15349.983722557688,9209.9902335346123
0.0080000000000000002,0.0095000000000000015,14533.76178078038,8720.2570684682269
0.0085000000000000006,0.0095000000000000015,13637.970974508498,8182.782584705099
0.0090000000000000011,0.0095000000000000015,12683.776845718361,7610.2661074310163
0.0095000000000000015,0.0095000000000000015,11689.828004535717,7013.8968027214296
0.010000000000000002,0.0095000000000000015,10671.541262436995,6402.9247574621968
0.010500000000000002,0.0095000000000000015,9641.6280204918457,5784.9768122951073
0.011000000000000003,0.0095000000000000015,8611.4233046507397,5166.8539827904433
0.011500000000000003,0.0095000000000000015,7592.3981400011889,4555.4388840007132
0.012000000000000004,0.0095000000000000015,6597.2625381693952,3958.3575229016369
0.012499999999999997,0.0095000000000000015,5640.2684405120908,3384.1610643072545
0.013000000000000005,0.0095000000000000015,4736.616264195829,2841.9697585174972
0.013499999999999998,0.0095000000000000015,3901.1539777821058,2340.6923866692632
0.014000000000000005,0.0095000000000000015,3146.7498280727655,1888.0498968436591
0.014499999999999999,0.0095000000000000015,2482.7764256134274,1489.6658553680563
0.014999999999999999,0.0095000000000000015,1914.0704911720054,1148.4422947032033
0.0155,0.0095000000000000015,1440.5725196502763,864.34351179016573
0.016000000000000007,0.0095000000000000015,1057.6642913655414,634.59857481932488
0.016500000000000001,0.0095000000000000015,757.06499065890728,454.23899439534438
0.017000000000000001,0.0095000000000000015,528.05366587728463,316.83219952637074
0.017500000000000002,0.0095000000000000015,358.76596161446787,215.2595769686807
0.017999999999999995,0.0095000000000000015,237.35355054511919,142.41213032707151
0.018500000000000003,0.0095000000000000015,152.87011721189199,91.722070327135199
0.019000000000000003,0.0095000000000000015,95.830871248283572,57.498522748970139
0.019500000000000003,0.0095000000000000015,58.46230582506638,35.077383495039825
0.019999999999999997,0.0095000000000000015,34.704054841058728,20.822432904635235
0.020499999999999997,0.0095000000000000015,20.043604909988165,12.026162945992899
0.021000000000000005,0.0095000000000000015,11.262359621005798,6.7574157726034789
0.021500000000000005,0.0095000000000000015,6.1562274284289433,3.6937364570573656
0.021999999999999999,0.0095000000000000015,3.2734900495751744,1.9640940297451046
0.022499999999999999,0.0095000000000000015,1.6931768845907962,1.0159061307544777
0.023000000000000007,0.0095000000000000015,0.8518750308919687,0.51112501853518122
0.023500000000000007,0.0095000000000000015,0.41689026431084486,0.25013415858650689
0.024,0.0095000000000000015,0.19844132834333394,0.11906479700600037
0.024500000000000001,0.0095000000000000015,0.091875749237759888,0.055125449542655934
0.025000000000000001,0.0095000000000000015,0.041373595811212041,0.024824157486727224
-0.025000000000000001,0.010000000000000002,0.037314520278752518,0.022388712167251509
-0.024500000000000001,0.010000000000000002,0.082158573547700134,0.049295144128620079
-0.024,0.010000000000000002,0.17606567255498304,0.10563940353298983
-0.0235,0.010000000000000002,0.36722199805337774,0.22033319883202665
-0.023,0.010000000000000002,0.74542355479747069,0.44725413287848242
-0.022500000000000003,0.010000000000000002,1.4726156736984972,0.88356940421909835
-0.022000000000000002,0.010000000000000002,2.8312802621591149,1.6987681572954689
-0.021500000000000002,0.010000000000000002,5.2976491206291332,3.1785894723774799
-0.021000000000000001,0.010000000000000002,9.6470726755657168,5.7882436053394297
-0.020500000000000001,0.010000000000000002,17.097461026488986,10.258476615893391
-0.02,0.010000000000000002,29.492464923444803,17.695478954066882
-0.0195,0.010000000000000002,49.518031830469091,29.710819098281455
-0.019,0.010000000000000002,80.933834768893078,48.560300861335847
-0.018500000000000003,0.010000000000000002,128.78576602667954,77.271459616007718
-0.018000000000000002,0.010000000000000002,199.54998452526092,119.72999071515655
-0.017500000000000002,0.010000000000000002,301.14769946768212,180.68861968060926
-0.017000000000000001,0.010000000000000002,442.76921154335082,265.66152692601048
-0.016500000000000001,0.010000000000000002,634.46181875536467,380.6770912532188
-0.016,0.010000000000000002,886.47243305740562,531.88345983444333
-0.0155,0.010000000000000002,1208.3899573914528,725.03397443487165
-0.015000000000000001,0.010000000000000002,1608.1947623942337,964.91685743654023
-0.014500000000000001,0.010000000000000002,2091.3755514775289,1254.8253308865173
-0.014,0.010000000000000002,2660.2960264422445,1596.1776158653468
-0.0135,0.010000000000000002,3313.9664099892479,1988.3798459935488
-0.012999999999999999,0.010000000000000002,4048.2909469456299,2428.974568167378
-0.012500000000000001,0.010000000000000002,4856.7338242984724,2914.0402945790834
-0.012,0.010000000000000002,5731.2054269049795,3438.7232561429878
-0.0115,0.010000000000000002,6662.8664024330092,3997.7198414598051
-0.010999999999999999,0.010000000000000002,7642.5270978814424,4585.5162587288651
-0.010499999999999999,0.010000000000000002,8660.4142331729981,5196.2485399037987
-0.010000000000000002,0.010000000000000002,9705.2789679551042,5823.1673807730622
-0.0095000000000000015,0.010000000000000002,10763.081728394827,6457.8490370368963
-0.0090000000000000011,0.010000000000000002,11815.726283227657,7089.4357699365946
-0.0085000000000000006,0.010000000000000002,12840.436347806661,7704.2618086839957
-0.0080000000000000002,0.010000000000000002,13810.30451994746,8286.1827119684749
-0.0074999999999999997,0.010000000000000002,14696.282236126164,8817.7693416756974
-0.0069999999999999993,0.010000000000000002,15470.475933385207,9282.2855600311232
-0.0064999999999999988,0.010000000000000002,16110.182463209983,9666.1094779259893
-0.0059999999999999984,0.010000000000000002,16601.774858360732,9961.064915016439
-0.0054999999999999979,0.010000000000000002,16943.455425469565,10166.073255281739
-0.005000000000000001,0.010000000000000002,17146.080519895953,10287.648311937572
-0.0044999999999999971,0.010000000000000002,17231.696946407181,10339.018167844308
-0.0040000000000000001,0.010000000000000002,17229.999290415832,10337.999574249499
-0.0035000000000000031,0.010000000000000002,17173.458691519547,10304.075214911727
-0.0029999999999999992,0.010000000000000002,17092.227312283809,10255.336387370286
-0.0025000000000000022,0.010000000000000002,17009.982060029321,10205.989236017593
-0.0019999999999999983,0.010000000000000002,16941.614444279752,10164.968666567851
-0.0015000000000000013,0.010000000000000002,16893.171077474319,10135.90264648459
-0.00099999999999999742,0.010000000000000002,16863.842058039794,10118.305234823876
-0.00050000000000000044,0.010000000000000002,16849.252196784651,10109.551318070791
0,0.010000000000000002,16844.983067616675,10106.989840570004
0.00050000000000000044,0.010000000000000002,16849.23111044215,10109.538666265289
0.0010000000000000009,0.010000000000000002,16863.792279295019,10118.275367577011
0.0015000000000000013,0.010000000000000002,16893.075652505224,10135.845391503133
0.0020000000000000018,0.010000000000000002,16941.443484123694,10164.866090474216
0.0024999999999999988,0.010000000000000002,17009.68715204551,10205.812291227305
0.0030000000000000027,0.010000000000000002,17091.733828399385,10255.04029703963
0.0034999999999999996,0.010000000000000002,17172.656097985313,10303.593658791187
0.0040000000000000036,0.010000000000000002,17228.72995740061,10337.237974440366
0.0045000000000000005,0.010000000000000002,17229.744536814411,10337.846722088647
0.0049999999999999975,0.010000000000000002,17143.159751880321,10285.895851128193
0.0055000000000000014,0.010000000000000002,16939.205728014207,10163.523436808524
0.0059999999999999984,0.010000000000000002,16595.760977163311,9957.4565862979853
0.0064999999999999988,0.010000000000000002,16101.905179523799,9661.1431077142788
0.0069999999999999993,0.010000000000000002,15459.395491677273,9275.6372950063633
0.0074999999999999997,0.010000000000000002,14681.855683507059,8809.1134101042353
0.0080000000000000002,0.010000000000000002,13792.035959881909,8275.2215759291448
0.0085000000000000006,0.010000000000000002,12817.936357309283,7690.7618143855698
0.0090000000000000011,0.010000000000000002,11788.773934562783,7073.2643607376694
0.0095000000000000015,0.010000000000000002,10731.680462088179,6439.0082772529076
0.010000000000000002,0.010000000000000002,9669.6966716151255,5801.8180029690748
0.010500000000000002,0.010000000000000002,8621.1987972603492,5172.7192783562095
0.011000000000000003,0.010000000000000002,7600.4915815864251,4560.2949489518551
0.011500000000000003,0.010000000000000002,6619.042405011568,3971.4254430069404
0.012000000000000004,0.010000000000000002,5686.7685163641845,3412.0611098185104
0.012499999999999997,0.010000000000000002,4812.9098268770385,2887.7458961262232
0.013000000000000005,0.010000000000000002,4006.2554306505972,2403.753258390358
0.013499999999999998,0.010000000000000002,3274.7509740765722,1964.8505844459432
0.014000000000000005,0.010000000000000002,2624.7137301021585,1574.828238061295
0.014499999999999999,0.010000000000000002,2059.9742851705623,1235.9845711023374
0.014999999999999999,0.010000000000000002,1581.2424137283372,948.74544823700228
0.0155,0.010000000000000002,1185.8899668908437,711.53398013450612
0.016000000000000007,0.010000000000000002,868.20387298191304,520.92232378914775
0.016500000000000001,0.010000000000000002,620.03526610651375,372.02115966390824
0.017000000000000001,0.010000000000000002,431.68876974876486,259.01326184925892
0.017500000000000002,0.010000000000000002,292.87041553595526,175.72224932157314
0.017999999999999995,0.010000000000000002,193.53610265106363,116.12166159063817
0.018500000000000003,0.010000000000000002,124.53606675703757,74.721640054222547
0.019000000000000003,0.010000000000000002,78.013062022782108,46.807837213669266
0.019500000000000003,0.010000000000000002,47.565610241608773,28.539366144965264
0.019999999999999997,0.010000000000000002,28.223102320528866,16.933861392317318
0.020499999999999997,0.010000000000000002,16.294796515057065,9.7768779090342388
0.021000000000000005,0.010000000000000002,9.1534231901978131,5.4920539141186877
0.021500000000000005,0.010000000000000002,5.0023653487153572,3.0014192092292142
0.021999999999999999,0.010000000000000002,2.6594907147635185,1.595694428858111
0.022499999999999999,0.010000000000000002,1.3754103265710307,0.82524619594261839
0.023000000000000007,0.010000000000000002,0.69192773590364187,0.41515664154218512
0.023500000000000007,0.010000000000000002,0.33858774961247468,0.20315264976748479
0.024,0.010000000000000002,0.16115874976909952,0.096695249861459706
0.024500000000000001,0.010000000000000002,0.074610667606584205,0.044766400563950523
0.025000000000000001,0.010000000000000002,0.03359744615601986,0.020158467693611914
-0.025000000000000001,0.010500000000000002,0.028639739706036969,0.017183843823622182
-0.024500000000000001,0.010500000000000002,0.063204053932565299,0.037922432359539175
-0.024,0.010500000000000002,0.13573845637250792,0.081443073823504755
-0.0235,0.010500000000000002,0.28368360770869566,0.1702101646252174
-0.023,0.010500000000000002,0.57694359447911625,0.34616615668746975
-0.022500000000000003,0.010500000000000002,1.141821868049417,0.68509312082965013
-0.022000000000000002,0.010500000000000002,2.199032920507082,1.3194197523042492
-0.021500000000000002,0.010500000000000002,4.1213664822342073,2.4728198893405242
-0.021000000000000001,0.010500000000000002,7.5169388454695518,4.5101633072817311
-0.020500000000000001,0.010500000000000002,13.342986753942018,8.0057920523652104
-0.02,0.010500000000000002,23.052018778829037,13.831211267297421
-0.0195,0.010500000000000002,38.766114679842367,23.25966880790542
-0.019,0.010500000000000002,63.466020222760669,38.079612133656397
-0.018500000000000003,0.010500000000000002,101.17016369055052,60.702098214330313
-0.018000000000000002,0.010500000000000002,157.06696777842151,94.240180667052911
-0.017500000000000002,0.010500000000000002,237.55551836693508,142.53331102016105
-0.017000000000000001,0.010500000000000002,350.14948715830388,210.08969229498231
-0.016500000000000001,0.010500000000000002,503.21163903772543,301.92698342263526
-0.016,0.010500000000000002,705.51346903751937,423.30808142251163
-0.0155,0.010500000000000002,965.65419996562071,579.39251997937242
-0.015000000000000001,0.010500000000000002,1291.4172486377847,774.85034918267081
-0.014500000000000001,0.010500000000000002,1689.176476884244,1013.5058861305464
-0.014,0.010500000000000002,2163.4727673382781,1298.0836604029669
-0.0135,0.010500000000000002,2716.8507150101032,1630.1104290060618
-0.012999999999999999,0.010500000000000002,3349.9728657430956,2009.9837194458573
-0.012500000000000001,0.010500000000000002,4061.9282127445567,2437.1569276467339
-0.012,0.010500000000000002,4850.552537255272,2910.3315223531631
-0.0115,0.010500000000000002,5712.5210605864368,3427.5126363518621
-0.010999999999999999,0.010500000000000002,6642.9964286699378,3985.7978572019624
-0.010499999999999999,0.010500000000000002,7634.7354847136203,4580.8412908281716
-0.010000000000000002,0.010500000000000002,8676.761413767359,5206.0568482604149
-0.0095000000000000015,0.010500000000000002,9752.940970329706,5851.7645821978231
-0.0090000000000000011,0.010500000000000002,10840.989809583734,6504.5938857502406
-0.0085000000000000006,0.010500000000000002,11912.479830432996,7147.4878982597975
-0.0080000000000000002,0.010500000000000002,12934.286947160143,7760.5721682960848
-0.0074999999999999997,0.010500000000000002,13871.597577348261,8322.958546408956
-0.0069999999999999993,0.010500000000000002,14692.155551286894,8815.293330772136
-0.0064999999999999988,0.010500000000000002,15370.999975669536,9222.5999854017209
-0.0059999999999999984,0.010500000000000002,15894.659443312523,9536.7956659875126
-0.0054999999999999979,0.010500000000000002,16263.741637988249,9758.2449827929486
-0.005000000000000001,0.010500000000000002,16493.132668087575,9895.8796008525442
-0.0044999999999999971,0.010500000000000002,16609.548604818836,9965.7291628913008
-0.0040000000000000001,0.010500000000000002,16646.830366103859,9988.0982196623154
-0.0035000000000000031,0.010500000000000002,16639.962928217592,9983.9777569305552
-0.0029999999999999992,0.010500000000000002,16619.15818795823,9971.4949127749369
-0.0025000000000000022,0.010500000000000002,16605.355027530375,9963.2130165182243
-0.0019999999999999983,0.010500000000000002,16608.143555037834,9964.8861330226991
-0.0015000000000000013,0.010500000000000002,16626.499392761656,9975.8996356569933
-0.00099999999999999742,0.010500000000000002,16651.98395820372,9991.1903749222311
-0.00050000000000000044,0.010500000000000002,16673.426323939271,10004.055794363563
0,0.010500000000000002,16681.726727165122,10009.036036299072
0.00050000000000000044,0.010500000000000002,16673.414392449413,10004.048635469648
0.0010000000000000009,0.010500000000000002,16651.955791413369,9991.1734748480212
0.0015000000000000013,0.010500000000000002,16626.44539752512,9975.8672385150712
0.0020000000000000018,0.010500000000000002,16608.046818993251,9964.8280913959497
0.0024999999999999988,0.010500000000000002,16605.188156883287,9963.1128941299721
0.0030000000000000027,0.010500000000000002,16618.878955181764,9971.3273731090576
0.0034999999999999996,0.010500000000000002,16639.508788927506,9983.7052733565033
0.0040000000000000036,0.010500000000000002,16646.11212708271,9987.6672762496255
0.0045000000000000005,0.010500000000000002,16608.443853947334,9965.0663123684008
0.0049999999999999975,0.010500000000000002,16491.479981570013,9894.8879889420077
0.0055000000000000014,0.010500000000000002,16261.336990426173,9756.8021942557025
0.0059999999999999984,0.010500000000000002,15891.256550539119,9534.7539303234716
0.0064999999999999988,0.010500000000000002,15366.316359895549,9219.789815937329
0.0069999999999999993,0.010500000000000002,14685.8857973998,8811.5314784398797
0.0074999999999999997,0.010500000000000002,13863.434461044315,8318.0606766265882
0.0080000000000000002,0.010500000000000002,12923.949870489227,7754.3699222935356
0.0085000000000000006,0.010500000000000002,11899.748442407245,7139.8490654443467
0.0090000000000000011,0.010500000000000002,10825.739100517976,6495.4434603107857
0.0095000000000000015,0.010500000000000002,9735.1728870100051,5841.1037322060029
0.010000000000000002,0.010500000000000002,8656.6275376395242,5193.9765225837145
0.010500000000000002,0.010500000000000002,7612.5458339552652,4567.5275003731585
0.011000000000000003,0.010500000000000002,6619.2110644549057,3971.5266386729431
0.011500000000000003,0.010500000000000002,5687.7237027352348,3412.6342216411408
0.012000000000000004,0.010500000000000002,4825.40836882433,2895.2450212945978
0.012499999999999997,0.010500000000000002,4037.1308548933621,2422.2785129360173
0.013000000000000005,0.010500000000000002,3326.1875015280552,1995.7125009168331
0.013499999999999998,0.010500000000000002,2694.6610642517362,1616.7966385510417
0.014000000000000005,0.010500000000000002,2143.3388912103787,1286.0033347262272
0.014499999999999999,0.010500000000000002,1671.4083935643575,1002.8450361386144
0.014999999999999999,0.010500000000000002,1276.1665395714422,765.69992374286528
0.0155,0.010500000000000002,952.9228119380366,571.75368716282196
0.016000000000000007,0.010500000000000002,695.17639236097341,417.10583541658406
0.016500000000000001,0.010500000000000002,495.04852271694642,297.02911363016784
0.017000000000000001,0.010500000000000002,343.87973322218028,206.32783993330816
0.017500000000000002,0.010500000000000002,232.87190245401052,139.7231414724063
0.017999999999999995,0.010500000000000002,153.66407462207189,92.198444773243139
0.018500000000000003,0.010500000000000002,98.76551510188159,59.259309061128953
0.019000000000000003,0.010500000000000002,61.813331028508493,37.087998617105093
0.019500000000000003,0.010500000000000002,37.661357020476174,22.596814212285704
0.019999999999999997,0.010500000000000002,22.333763015788193,13.400257809472915
0.020499999999999997,0.010500000000000002,12.888807302144736,7.7332843812868415
0.021000000000000005,0.010500000000000002,7.2376123654132067,4.3425674192479242
0.021500000000000005,0.010500000000000002,3.9542831993154324,2.3725699195892593
0.021999999999999999,0.010500000000000002,2.1018275733796199,1.2610965440277719
0.022499999999999999,0.010500000000000002,1.0868192229326414,0.65209153375958484
0.023000000000000007,0.010500000000000002,0.54667353600187751,0.32800412160112652
0.023500000000000007,0.010500000000000002,0.26748121296681615,0.16048872778008968
0.024,0.010500000000000002,0.12730352755424085,0.076382116532544508
0.024500000000000001,0.010500000000000002,0.058933149047985203,0.035359889428791119
0.025000000000000001,0.010500000000000002,0.026536471574322811,0.015921882944593686
-0.025000000000000001,0.011000000000000003,0.021543814766993925,0.012926288860196354
-0.024500000000000001,0.011000000000000003,0.047627989511338238,0.028576793706802942
-0.024,0.011000000000000003,0.10245566565984758,0.061473399395908547
-0.0235,0.011000000000000003,0.21445732173759502,0.12867439304255701
-0.023,0.011000000000000003,0.4367949370929331,0.26207696225575983
-0.022500000000000003,0.011000000000000003,0.86566734827619374,0.51940040896571626
-0.022000000000000002,0.011000000000000003,1.6694416276235078,1.0016649765741046
-0.021500000000000002,0.011000000000000003,3.1329574384804322,1.8797744630882591
-0.021000000000000001,0.011000000000000003,5.7216960876986089,3.4330176526191654
-0.020500000000000001,0.011000000000000003,10.169874207474781,6.1019245244848683
-0.02,0.011000000000000003,17.594304384575651,10.556582630745391
-0.0195,0.011000000000000003,29.631534024298347,17.778920414579009
-0.019,0.011000000000000003,48.589173354899295,29.153504012939575
-0.018500000000000003,0.011000000000000003,77.594029959657121,46.556417975794268
-0.018000000000000002,0.011000000000000003,120.71129656228563,72.426777937371369
-0.017500000000000002,0.011000000000000003,183.00330335948055,109.80198201568832
-0.017000000000000001,0.011000000000000003,270.49663901648586,162.29798340989151
-0.016500000000000001,0.011000000000000003,390.03581454481082,234.02148872688647
-0.016,0.011000000000000003,549.02125244605304,329.41275146763184
-0.0155,0.011000000000000003,755.05686617797369,453.03411970678422
-0.015000000000000001,0.011000000000000003,1015.5609965777414,609.33659794664482
-0.014500000000000001,0.011000000000000003,1337.4132356641883,802.44794139851297
-0.014,0.011000000000000003,1726.706800656428,1036.0240803938568
-0.0135,0.011000000000000003,2188.6433732596697,1313.1860239558018
-0.012999999999999999,0.011000000000000003,2727.5456132187664,1636.5273679312597
-0.012500000000000001,0.011000000000000003,3346.885947119416,2008.1315682716495
-0.012,0.011000000000000003,4049.1656647877467,2429.4993988726478
-0.0115,0.011000000000000003,4835.4594033134535,2901.275641988072
-0.010999999999999999,0.011000000000000003,5704.4950929554107,3422.6970557732461
-0.010499999999999999,0.011000000000000003,6651.2771784014767,3990.7663070408857
-0.010000000000000002,0.011000000000000003,7665.4595902255678,4599.2757541353403
-0.0095000000000000015,0.011000000000000003,8729.8802759851751,5237.9281655911045
-0.0090000000000000011,0.011000000000000003,9819.8057327385395,5891.8834396431239
-0.0085000000000000006,0.011000000000000003,10903.428870237442,6542.0573221424647
-0.0080000000000000002,0.011000000000000003,11943.974987240174,7166.3849923441039
-0.0074999999999999997,0.011000000000000003,12903.412232122386,7742.0473392734311
-0.0069999999999999993,0.011000000000000003,13747.311363846669,8248.3868183080012
-0.0064999999999999988,0.011000000000000003,14449.980288413071,8669.9881730478428
-0.0059999999999999984,0.011000000000000003,14998.750454328047,8999.2502725968279
-0.0054999999999999979,0.011000000000000003,15396.321075529781,9237.7926453178679
-0.005000000000000001,0.011000000000000003,15660.406586351575,9396.2439518109441
-0.0044999999999999971,0.011000000000000003,15820.522821241422,9492.3136927448522
-0.0040000000000000001,0.011000000000000003,15912.444541417657,9547.4667248505939
-0.0035000000000000031,0.011000000000000003,15971.481759735012,9582.8890558410076
-0.0029999999999999992,0.011000000000000003,16026.075101330989,9615.6450607985935
-0.0025000000000000022,0.011000000000000003,16093.186272944879,9655.911763766926
-0.0019999999999999983,0.011000000000000003,16176.545978798258,9705.9275872789549
-0.0015000000000000013,0.011000000000000003,16268.115643637648,9760.8693861825886
-0.00099999999999999742,0.011000000000000003,16352.303592194565,9811.3821553167381
-0.00050000000000000044,0.011000000000000003,16411.768626671812,9847.0611760030861
0,0.011000000000000003,16433.236627621882,9859.9419765731291
0.00050000000000000044,0.011000000000000003,16411.762060316778,9847.0572361900668
0.0010000000000000009,0.011000000000000003,16352.288090932954,9811.3728545597714
0.0015000000000000013,0.011000000000000003,16268.085927994623,9760.8515567967734
0.0020000000000000018,0.011000000000000003,16176.492741254495,9705.8956447526962
0.0024999999999999988,0.011000000000000003,16093.094437647958,9655.8566625887743
0.0030000000000000027,0.011000000000000003,16025.921428858423,9615.5528573150532
0.0034999999999999996,0.011000000000000003,15971.231829520955,9582.7390977125724
0.0040000000000000036,0.011000000000000003,15912.049267024489,9547.2295602146933
0.0045000000000000005,0.011000000000000003,15819.914834599826,9491.948900759895
0.0049999999999999975,0.011000000000000003,15659.497049775198,9395.6982298651183
0.0055000000000000014,0.011000000000000003,15394.997706041519,9236.9986236249115
0.0059999999999999984,0.011000000000000003,14996.877712334932,8998.1266274009595
0.0064999999999999988,0.011000000000000003,14447.402715587941,8668.4416293527647
0.0069999999999999993,0.011000000000000003,13743.860878576423,8246.3165271458529
0.0074999999999999997,0.011000000000000003,12898.919757126827,7739.3518542760958
0.0080000000000000002,0.011000000000000003,11938.286098739487,7162.9716592436916
0.0085000000000000006,0.011000000000000003,10896.422300658516,6537.8533803951095
0.0090000000000000011,0.011000000000000003,9811.4126844722323,5886.8476106833396
0.0095000000000000015,0.011000000000000003,8720.101820422291,5232.0610922533742
0.010000000000000002,0.011000000000000003,7654.3791484310213,4592.6274890586128
0.010500000000000002,0.011000000000000003,6639.0653652310602,3983.439219138636
0.011000000000000003,0.011000000000000003,5691.4050976622275,3414.8430585973365
0.011500000000000003,0.011000000000000003,4821.8124692315914,2893.0874815389548
0.012000000000000004,0.011000000000000003,4035.327867584539,2421.1967205507235
0.012499999999999997,0.011000000000000003,3333.2390130375616,1999.9434078225368
0.013000000000000005,0.011000000000000003,2714.4556179255769,1628.673370755346
0.013499999999999998,0.011000000000000003,2176.4315600892487,1305.8589360535491
0.014000000000000005,0.011000000000000003,1715.6263588618388,1029.3758153171032
0.014499999999999999,0.011000000000000003,1327.6347801011996,796.58086806071969
0.014999999999999999,0.011000000000000003,1007.1679483111117,604.30076898666698
0.0155,0.011000000000000003,748.05029659803643,448.83017795882182
0.016000000000000007,0.011000000000000003,543.33236394226572,325.99941836535942
0.016500000000000001,0.011000000000000003,385.54333953998497,231.32600372399096
0.017000000000000001,0.011000000000000003,267.04615371925377,160.22769223155225
0.017500000000000002,0.011000000000000003,180.42573045788436,108.25543827473061
0.017999999999999995,0.011000000000000003,118.83855435841946,71.303132615051666
0.018500000000000003,0.011000000000000003,76.270659906423106,45.762395943853861
0.019000000000000003,0.011000000000000003,47.679635305438381,28.607781183263029
0.019500000000000003,0.011000000000000003,29.023543647086736,17.414126188252041
0.019999999999999997,0.011000000000000003,17.199020777711031,10.319412466626618
0.020499999999999997,0.011000000000000003,9.9199218908930717,5.9519531345358425
0.021000000000000005,0.011000000000000003,5.567972046471251,3.3407832278827505
0.021500000000000005,0.011000000000000003,3.0410051199368193,1.8246030719620916
0.021999999999999999,0.011000000000000003,1.6159458087296954,0.96956748523781722
0.022499999999999999,0.011000000000000003,0.83539728979896377,0.5012383738793782
0.023000000000000007,0.011000000000000003,0.42013616662344117,0.25208169997406471
0.023500000000000007,0.011000000000000003,0.20554052445872545,0.12332431467523526
0.024,0.011000000000000003,0.097813601845677486,0.058688161107406489
0.024500000000000001,0.011000000000000003,0.045277547267470596,0.027166528360482358
0.025000000000000001,0.011000000000000003,0.020386305901645453,0.012231783540987272
-0.025000000000000001,0.011500000000000003,0.015853020164881902,0.0095118120989291406
-0.024500000000000001,0.011500000000000003,0.035094041133023758,0.021056424679814254
-0.024,0.011500000000000003,0.075588529444662891,0.045353117666797733
-0.0235,0.011500000000000003,0.15840993198121908,0.095045959188731446
-0.023,0.011500000000000003,0.32301291662021503,0.19380774997212902
-0.022500000000000003,0.011500000000000003,0.64088531870732923,0.38453119122439755
-0.022000000000000002,0.011500000000000003,1.2373193967311846,0.74239163803871078
-0.021500000000000002,0.011500000000000003,2.3246097530649976,1.3947658518389985
-0.021000000000000001,0.011500000000000003,4.2503046456732188,2.5501827874039313
-0.020500000000000001,0.011500000000000003,7.5637730203593376,4.538263812215602
-0.02,0.011500000000000003,13.102869676321133,7.861721805792679
-0.0195,0.011500000000000003,22.09951916528593,13.259711499171557
-0.019,0.011500000000000003,36.298504868432005,21.779102921059202
-0.018500000000000003,0.011500000000000003,58.078084590358202,34.84685075421492
-0.018000000000000002,0.011500000000000003,90.555437593107357,54.333262555864415
-0.017500000000000002,0.011500000000000003,137.65630643934395,82.593783863606362
-0.017000000000000001,0.011500000000000003,204.12885267528165,122.47731160516898
-0.016500000000000001,0.011500000000000003,295.48861946944743,177.29317168166844
-0.016,0.011500000000000003,417.89495425848889,250.73697255509333
-0.0155,0.011500000000000003,577.97694933346349,346.7861696000781
-0.015000000000000001,0.011500000000000003,782.64330296046182,469.58598177627709
-0.014500000000000001,0.011500000000000003,1038.9173380710993,623.35040284265949
-0.014,0.011500000000000003,1353.8274637672243,812.29647826033454
-0.0135,0.011500000000000003,1734.3501227799386,1040.6100736679632
-0.012999999999999999,0.011500000000000003,2187.3502561564001,1312.4101536938399
-0.012500000000000001,0.011500000000000003,2719.4077586689609,1631.6446552013765
-0.012,0.011500000000000003,3336.3811921920833,2001.8287153152498
-0.0115,0.011500000000000003,4042.5696776545524,2425.5418065927315
-0.010999999999999999,0.011500000000000003,4839.4109712278232,2903.6465827366937
-0.010499999999999999,0.011500000000000003,5723.7998272870836,3434.2798963722503
-0.010000000000000002,0.011500000000000003,6686.2997999409408,4011.7798799645643
-0.0095000000000000015,0.011500000000000003,7709.6998950125053,4625.8199370075026
-0.0090000000000000011,0.011500000000000003,8768.4651652553603,5261.0790991532158
-0.0085000000000000006,0.011500000000000003,9829.5837086094198,5897.7502251656515
-0.0080000000000000002,0.011500000000000003,10855.090266904001,6513.0541601424002
-0.0074999999999999997,0.011500000000000003,11806.170703766107,7083.7024222596638
-0.0069999999999999993,0.011500000000000003,12648.302883980476,7588.9817303882846
-0.0064999999999999988,0.011500000000000003,13356.492182242288,8013.895309345372
-0.0059999999999999984,0.011500000000000003,13919.447330316536,8351.6683981899205
-0.0054999999999999979,0.011500000000000003,14341.613041383496,8604.967824830097
-0.005000000000000001,0.011500000000000003,14642.355010050129,8785.4130060300777
-0.0044999999999999971,0.011500000000000003,14852.213880241616,8911.3283281449694
-0.0040000000000000001,0.011500000000000003,15006.85939682251,9004.1156380935063
-0.0035000000000000031,0.011500000000000003,15139.99233272839,9083.9953996370332
-0.0029999999999999992,0.011500000000000003,15276.779424849567,9166.0676549097388
-0.0025000000000000022,0.011500000000000003,15429.351610500114,9257.610966300068
-0.0019999999999999983,0.011500000000000003,15595.438989334729,9357.2633936008369
-0.0015000000000000013,0.011500000000000003,15760.460422087086,9456.276253252252
-0.00099999999999999742,0.011500000000000003,15902.5225272524,9541.5135163514406
-0.00050000000000000044,0.011500000000000003,15999.039638931599,9599.4237833589596
0,0.011500000000000003,16033.264358066686,9619.9586148400122
0.00050000000000000044,0.011500000000000003,15999.036124215019,9599.4216745290105
0.0010000000000000009,0.011500000000000003,15902.514230024964,9541.5085380149776
0.0015000000000000013,0.011500000000000003,15760.444516449552,9456.2667098697311
0.0020000000000000018,0.011500000000000003,15595.410493331001,9357.2462959986005
0.0024999999999999988,0.011500000000000003,15429.302454607896,9257.5814727647376
0.0030000000000000027,0.011500000000000003,15276.697169902374,9166.0183019414235
0.0034999999999999996,0.011500000000000003,15139.858554724984,9083.9151328349908
0.0040000000000000036,0.011500000000000003,15006.647821686161,9003.9886930116973
0.0045000000000000005,0.011500000000000003,14851.888448443313,8911.133069065987
0.0049999999999999975,0.011500000000000003,14641.868170202964,8785.1209021217783
0.0055000000000000014,0.011500000000000003,14340.904692740745,8604.5428156444468
0.0059999999999999984,0.011500000000000003,13918.444923762052,8351.0669542572305
0.0064999999999999988,0.011500000000000003,13355.112506929796,8013.067504157877
0.0069999999999999993,0.011500000000000003,12646.455972305641,7587.8735833833844
0.0074999999999999997,0.011500000000000003,11803.766055182399,7082.2596331094392
0.0080000000000000002,0.011500000000000003,10852.045224318443,6511.2271345910658
0.0085000000000000006,0.011500000000000003,9825.8333621675902,5895.5000173005537
0.0090000000000000011,0.011500000000000003,8763.9726902507136,5258.383614150428
0.0095000000000000015,0.011500000000000003,7704.4658649192097,4622.679518951526
0.010000000000000002,0.011500000000000003,6680.3688668373725,4008.2213201024233
0.010500000000000002,0.011500000000000003,5717.2633147246797,3430.3579888348077
0.011000000000000003,0.011500000000000003,4832.4044016478865,2899.4426409887319
0.011500000000000003,0.011500000000000003,4035.2650002229907,2421.1590001337945
0.012000000000000004,0.011500000000000003,3328.9743530935375,1997.3846118561223
0.012499999999999997,0.011500000000000003,2712.1030812374056,1627.2618487424434
0.013000000000000005,0.011500000000000003,2180.3436865764602,1308.206211945876
0.013499999999999998,0.011500000000000003,1727.8136102175322,1036.6881661305192
0.014000000000000005,0.011500000000000003,1347.896530663631,808.73791839817852
0.014499999999999999,0.011500000000000003,1033.6833079777452,620.20998478664717
0.014999999999999999,0.011500000000000003,778.15082795563728,466.89049677338232
0.0155,0.011500000000000003,574.22660289108865,344.5359617346532
0.016000000000000007,0.011500000000000003,414.84991167126594,248.90994700275957
0.016500000000000001,0.011500000000000003,293.08397088077857,175.85038252846712
0.017000000000000001,0.011500000000000003,202.28194098600144,121.36916459160086
0.017500000000000002,0.011500000000000003,136.27663108592373,81.765978651554235
0.017999999999999995,0.011500000000000003,89.553030925818334,53.731818555490996
0.018500000000000003,0.011500000000000003,57.369735645204912,34.421841387122946
0.019000000000000003,0.011500000000000003,35.811664232785155,21.486998539671092
0.019500000000000003,0.011500000000000003,21.774085367453822,13.064451220472293
0.019999999999999997,0.011500000000000003,12.891289608240651,7.7347737649443902
0.020499999999999997,0.011500000000000003,7.4299831863241907,4.4579899117945141
0.021000000000000005,0.011500000000000003,4.1680220957681486,2.500813257460889
0.021500000000000005,0.011500000000000003,2.2753912236857077,1.3652347342114246
0.021999999999999999,0.011500000000000003,1.2086851482902914,0.72521108897417486
0.022499999999999999,0.011500000000000003,0.62468292396545333,0.374809754379272
0.023000000000000007,0.011500000000000003,0.31409611934134446,0.18845767160480667
0.023500000000000007,0.011500000000000003,0.15363711433191668,0.092182268599150005
0.024,0.011500000000000003,0.073103811736213886,0.043862287041728329
0.024500000000000001,0.011500000000000003,0.033835940059919786,0.020301564035951871
0.025000000000000001,0.011500000000000003,0.015233450316092087,0.0091400701896552517
-0.025000000000000001,0.012000000000000004,0.011394647913986745,0.006836788748392047
-0.024500000000000001,0.012000000000000004,0.025250453601140945,0.015150272160684566
-0.024,0.012000000000000004,0.05444010175531732,0.032664061053190391
-0.0235,0.012000000000000004,0.11419809416160677,0.068518856496964056
-0.023,0.012000000000000004,0.23307869241026022,0.13984721544615614
-0.022500000000000003,0.012000000000000004,0.46288137265415918,0.27772882359249551
-0.022000000000000002,0.012000000000000004,0.89451437798162481,0.53670862678897491
-0.021500000000000002,0.012000000000000004,1.6822547686961085,1.009352861217665
-0.021000000000000001,0.012000000000000004,3.0791502122748096,1.8474901273648856
-0.020500000000000001,0.012000000000000004,5.4861390495201396,3.2916834297120836
-0.02,0.012000000000000004,9.5165492259738986,5.7099295355843394
-0.0195,0.012000000000000004,16.075733890358482,9.6454403342150883
-0.019,0.012000000000000004,26.452671751638292,15.871603050982975
-0.018500000000000003,0.012000000000000004,42.416736481536681,25.450041888922009
-0.018000000000000002,0.012000000000000004,66.309355131016929,39.785613078610155
-0.017500000000000002,0.012000000000000004,101.11823885415515,60.670943312493087
-0.017000000000000001,0.012000000000000004,150.52277065762232,90.313662394573385
-0.016500000000000001,0.012000000000000004,218.90403764633848,131.34242258780307
-0.016,0.012000000000000004,311.32169860639658,186.79301916383795
-0.0155,0.012000000000000004,433.47014170705205,260.08208502423122
-0.015000000000000001,0.012000000000000004,591.63368477018059,354.98021086210832
-0.014500000000000001,0.012000000000000004,792.65887106660557,475.59532263996334
-0.014,0.012000000000000004,1043.9457697842224,626.36746187053348
-0.0135,0.012000000000000004,1353.4278741967776,812.05672451806652
-0.012999999999999999,0.012000000000000004,1729.4668978701463,1037.6801387220878
-0.012500000000000001,0.012000000000000004,2180.5483004309335,1308.32898025856
-0.012,0.012000000000000004,2714.6465984905626,1628.7879590943376
-0.0115,0.012000000000000004,3338.1586664589131,2002.8951998753478
-0.010999999999999999,0.012000000000000004,4054.3926832519924,2432.6356099511954
-0.010499999999999999,0.012000000000000004,4861.7466093791591,2917.0479656274952
-0.010000000000000002,0.012000000000000004,5751.8850399020967,3451.1310239412578
-0.0095000000000000015,0.012000000000000004,6708.3755986864217,4025.0253592118529
-0.0090000000000000011,0.012000000000000004,7706.3124500561034,4623.7874700336615
-0.0085000000000000006,0.012000000000000004,8713.3801796630687,5228.0281077978407
-0.0080000000000000002,0.012000000000000004,9692.5733895402973,5815.544033724178
-0.0074999999999999997,0.012000000000000004,10606.412980275571,6363.8477881653425
-0.0069999999999999993,0.012000000000000004,11422.070071729926,6853.2420430379552
-0.0064999999999999988,0.012000000000000004,12116.441971121058,7269.8651826726345
-0.0059999999999999984,0.012000000000000004,12680.04630853534,7608.027785121204
-0.0054999999999999979,0.012000000000000004,13118.698896169561,7871.2193377017356
-0.005000000000000001,0.012000000000000004,13452.336588601085,8071.4019531606509
-0.0044999999999999971,0.012000000000000004,13710.969301216885,8226.5815807301296
-0.0040000000000000001,0.012000000000000004,13928.448792936397,8357.0692757618381
-0.0035000000000000031,0.012000000000000004,14135.338337519261,8481.2030025115564
-0.0029999999999999992,0.012000000000000004,14352.481636666813,8611.4889820000881
-0.0025000000000000022,0.012000000000000004,14586.791608213185,8752.0749649279114
-0.0019999999999999983,0.012000000000000004,14830.303189022796,8898.1819134136767
-0.0015000000000000013,0.012000000000000004,15062.7634351815,9037.6580611088993
-0.00099999999999999742,0.012000000000000004,15257.158570739417,9154.2951424436505
-0.00050000000000000044,0.012000000000000004,15386.829560435526,9232.0977362613157
0,0.012000000000000004,15432.407589064582,9259.4445534387487
0.00050000000000000044,0.012000000000000004,15386.827730682293,9232.0966384093754
0.0010000000000000009,0.012000000000000004,15257.154251222213,9154.2925507333275
0.0015000000000000013,0.012000000000000004,15062.755154743787,9037.6530928462726
0.0020000000000000018,0.012000000000000004,14830.288354069882,8898.1730124419282
0.0024999999999999988,0.012000000000000004,14586.766017770628,8752.0596106623761
0.0030000000000000027,0.012000000000000004,14352.438814933626,8611.4632889601762
0.0034999999999999996,0.012000000000000004,14135.268693003483,8481.1612158020889
0.0040000000000000036,0.012000000000000004,13928.338647415112,8357.0031884490672
0.0045000000000000005,0.012000000000000004,13710.799882183606,8226.4799293101642
0.0049999999999999975,0.012000000000000004,13452.083140914978,8071.2498845489863
0.0055000000000000014,0.012000000000000004,13118.330131522398,7870.9980789134388
0.0059999999999999984,0.012000000000000004,12679.524458026895,7607.7146748161367
0.0064999999999999988,0.012000000000000004,12115.723715379323,7269.4342292275933
0.0069999999999999993,0.012000000000000004,11421.108573830446,6852.6651442982675
0.0074999999999999997,0.012000000000000004,10605.161125845429,6363.0966755072568
0.0080000000000000002,0.012000000000000004,9690.9881474901595,5814.5928884940959
0.0085000000000000006,0.012000000000000004,8711.4277580744965,5226.8566548446979
0.0090000000000000011,0.012000000000000004,7703.9736780729681,4622.3842068437807
0.0095000000000000015,0.012000000000000004,6705.6507748580361,4023.3904649148217
0.010000000000000002,0.012000000000000004,5748.7974099960593,3449.2784459976356
0.010500000000000002,0.012000000000000004,4858.3437162228111,2915.0062297336867
0.011000000000000003,0.012000000000000004,4050.7450795114014,2430.4470477068407
0.011500000000000003,0.012000000000000004,3334.3558684677996,2000.6135210806797
0.012000000000000004,0.012000000000000004,2710.7906153744925,1626.4743692246955
0.012499999999999997,0.012000000000000004,2176.7455024398269,1306.047301463896
0.013000000000000005,0.012000000000000004,1725.8192941295529,1035.4915764777318
0.013499999999999998,0.012000000000000004,1350.0249810404291,810.0149886242574
0.014000000000000005,0.012000000000000004,1040.8581398781678,624.51488392690067
0.014499999999999999,0.012000000000000004,789.93404723818776,473.96042834291262
0.014999999999999999,0.012000000000000004,589.2949127869507,353.57694767217043
0.0155,0.012000000000000004,431.51772011819207,258.91063207091526
0.016000000000000007,0.012000000000000004,309.73645655539042,185.84187393323424
0.016500000000000001,0.012000000000000004,217.65218321361414,130.59130992816847
0.017000000000000001,0.012000000000000004,149.56127275062227,89.736763650373362
0.017500000000000002,0.012000000000000004,100.39998309111424,60.239989854668536
0.017999999999999995,0.012000000000000004,65.787504563848387,39.472502738309032
0.018500000000000003,0.012000000000000004,42.047971676947668,25.228783006168602
0.019000000000000003,0.012000000000000004,26.199223655048733,15.71953419302924
0.019500000000000003,0.012000000000000004,15.906313816134677,9.5437882896808066
0.019999999999999997,0.012000000000000004,9.4064011372466041,5.6438406823479621
0.020499999999999997,0.012000000000000004,5.4164883747481349,3.2498930248488809
0.021000000000000005,0.012000000000000004,3.0363141091868475,1.8217884655121084
0.021500000000000005,0.012000000000000004,1.6566317173837548,0.99397903043025282
0.021999999999999999,0.012000000000000004,0.87960745519574457,0.52776447311744668
0.022499999999999999,0.012000000000000004,0.45444644383589389,0.27266786630153633
0.023000000000000007,0.012000000000000004,0.22843662859608771,0.13706197715765261
0.023500000000000007,0.012000000000000004,0.11171337645315678,0.067028025871894062
0.024,0.012000000000000004,0.053146563526052647,0.031887938115631585
0.024500000000000001,0.012000000000000004,0.024595489124168323,0.014757293474500994
0.025000000000000001,0.012000000000000004,0.011072101299381727,0.0066432607796290356
-0.025000000000000001,0.012499999999999997,0.0079911873279754908,0.0047947123967852943
-0.024500000000000001,0.012499999999999997,0.0177227303830115,0.0106336382298069
-0.024,0.012499999999999997,0.038240491075459439,0.022944294645275663
-0.0235,0.012499999999999997,0.080279515736332574,0.048167709441799544
-0.023,0.012499999999999997,0.16398168586518977,0.098389011519113861
-0.022500000000000003,0.012499999999999997,0.32592936865585714,0.19555762119351427
-0.022000000000000002,0.012499999999999997,0.63041506309321338,0.37824903785592801
-0.021500000000000002,0.012499999999999997,1.1867341085934686,0.7120404651560811
-0.021000000000000001,0.012499999999999997,2.1745383678524299,1.304723020711458
-0.020500000000000001,0.012499999999999997,3.8792543394733348,2.3275526036840009
-0.02,0.012499999999999997,6.7390632730623965,4.0434379638374374
-0.0195,0.012499999999999997,11.40381866496562,6.842291198979372
-0.019,0.012499999999999997,18.804533560140559,11.282720136084334
-0.018500000000000003,0.012499999999999997,30.229953523054075,18.137972113832443
-0.018000000000000002,0.012499999999999997,47.404809896003904,28.442885937602341
-0.017500000000000002,0.012499999999999997,72.563464865148347,43.53807891908901
-0.017000000000000001,0.012499999999999997,108.51369067510791,65.108214405064743
-0.016500000000000001,0.012499999999999997,158.688720493126,95.213232295875599
-0.016,0.012499999999999997,227.19090237745232,136.31454142647138
-0.0155,0.012499999999999997,318.83520872830155,191.30112523698094
-0.015000000000000001,0.012499999999999997,439.20189053060261,263.52113431836153
-0.014500000000000001,0.012499999999999997,594.7003574129152,356.82021444774909
-0.014,0.012499999999999997,792.62757393625452,475.57654436175267
-0.0135,0.012499999999999997,1041.174066391085,624.704439834651
-0.012999999999999999,0.012499999999999997,1349.2950905466025,809.57705432796149
-0.012500000000000001,0.012499999999999997,1726.3365043788931,1035.8019026273357
-0.012,0.012499999999999997,2181.3023327131464,1308.7813996278878
-0.0115,0.012499999999999997,2721.6916318140984,1633.0149790884591
-0.010999999999999999,0.012499999999999997,3351.925684505768,2011.1554107034608
-0.010499999999999999,0.012499999999999997,4071.5260337903064,2442.9156202741838
-0.010000000000000002,0.012499999999999997,4873.361301550296,2924.0167809301774
-0.0095000000000000015,0.012499999999999997,5742.4086506689318,3445.445190401359
-0.0090000000000000011,0.012499999999999997,6655.5180402201431,3993.3108241320856
-0.0085000000000000006,0.012499999999999997,7582.5776545056697,4549.546592703402
-0.0080000000000000002,0.012499999999999997,8489.240891703419,5093.5445350220516
-0.0074999999999999997,0.012499999999999997,9341.0184752359128,5604.6110851415478
-0.0069999999999999993,0.012499999999999997,10108.140940355919,6064.8845642135511
-0.0064999999999999988,0.012499999999999997,10770.267520339616,6462.160512203769
-0.0059999999999999984,0.012499999999999997,11319.971067112911,6791.9826402677463
-0.0054999999999999979,0.012499999999999997,11764.044753579279,7058.4268521475669
-0.005000000000000001,0.012499999999999997,12122.068237891586,7273.2409427349512
-0.0044999999999999971,0.012499999999999997,12422.270682693848,7453.3624096163085
-0.0040000000000000001,0.012499999999999997,12695.395852370146,7617.2375114220868
-0.0035000000000000031,0.012499999999999997,12967.83324213549,7780.6999452812934
-0.0029999999999999992,0.012499999999999997,13255.563627189478,7953.3381763136867
-0.0025000000000000022,0.012499999999999997,13560.374783172281,8136.224869903368
-0.0019999999999999983,0.012499999999999997,13869.328449822246,8321.597069893347
-0.0015000000000000013,0.012499999999999997,14157.704200637085,8494.6225203822505
-0.00099999999999999742,0.012499999999999997,14394.794901875972,8636.8769411255835
-0.00050000000000000044,0.012499999999999997,14551.202836348792,8730.7217018092742
0,0.012499999999999997,14605.881550970767,8763.5289305824608
0.00050000000000000044,0.012499999999999997,14551.201909879559,8730.7211459277351
0.0010000000000000009,0.012499999999999997,14394.792714750563,8636.8756288503373
0.0015000000000000013,0.012499999999999997,14157.70000795655,8494.6200047739294
0.0020000000000000018,0.012499999999999997,13869.320938357212,8321.5925630143265
0.0024999999999999988,0.012499999999999997,13560.361825819768,8136.2170954918602
0.0030000000000000027,0.012499999999999997,13255.541945020796,7953.3251670124773
0.0034999999999999996,0.012499999999999997,12967.797978636649,7780.6787871819888
0.0040000000000000036,0.012499999999999997,12695.340081769702,7617.204049061821
0.0045000000000000005,0.012499999999999997,12422.184899803156,7453.3109398818933
0.0049999999999999975,0.012499999999999997,12121.93990830115,7273.1639449806898
0.0055000000000000014,0.012499999999999997,11763.858034904257,7058.3148209425535
0.0059999999999999984,0.012499999999999997,11319.706835613917,6791.8241013683501
0.0064999999999999988,0.012499999999999997,10769.903841875715,6461.9423051254289
0.0069999999999999993,0.012499999999999997,10107.654099724081,6064.5924598344482
0.0074999999999999997,0.012499999999999997,9340.3846167510746,5604.2307700506444
0.0080000000000000002,0.012499999999999997,8488.4382271924278,5093.0629363154567
0.0085000000000000006,0.012499999999999997,7581.5890739166634,4548.9534443499979
0.0090000000000000011,0.012499999999999997,6654.3338366658636,3992.6003019995178
0.0095000000000000015,0.012499999999999997,5741.0289753155321,3444.6173851893191
0.010000000000000002,0.012499999999999997,4871.7979245578426,2923.0787547347054
0.010500000000000002,0.012499999999999997,4069.8030277855987,2441.881816671359
0.011000000000000003,0.012499999999999997,3350.0787728164869,2010.0472636898921
0.011500000000000003,0.012499999999999997,2719.7661397482798,1631.8596838489677
0.012000000000000004,0.012499999999999997,2179.3499111242854,1307.6099466745711
0.012499999999999997,0.012499999999999997,1724.4110123130799,1034.646607387848
0.013000000000000005,0.012499999999999997,1347.4481788573205,808.46890731439225
0.013499999999999998,0.012499999999999997,1039.4510603863787,623.67063623182719
0.014000000000000005,0.012499999999999997,791.06419694379099,474.63851816627459
0.014499999999999999,0.012499999999999997,593.32068205949633,355.99240923569778
0.014999999999999999,0.012499999999999997,438.01768697627494,262.81061218576497
0.0155,0.012499999999999997,317.84662813914917,190.70797688348949
0.016000000000000007,0.012499999999999997,226.38823786601941,135.83294271961165
0.016500000000000001,0.012499999999999997,158.05486200697891,94.832917204187339
0.017000000000000001,0.012499999999999997,108.02685003946118,64.8161100236767
0.017500000000000002,0.012499999999999997,72.199786390457987,43.319871834274792
0.017999999999999995,0.012499999999999997,47.140578367278557,28.284347020367132
0.018500000000000003,0.012499999999999997,30.043234768324375,18.025940860994623
0.019000000000000003,0.012499999999999997,18.67620376186558,11.205722257119348
0.019500000000000003,0.012499999999999997,11.318035247210915,6.7908211483265486
0.019999999999999997,0.012499999999999997,6.6832913726340619,4.0099748235804373
0.020499999999999997,0.012499999999999997,3.8439877221126979,2.3063926332676186
0.021000000000000005,0.012499999999999997,2.152848923180589,1.2917093539083533
0.021500000000000005,0.012499999999999997,1.173760245106819,0.70425614706409134
0.021999999999999999,0.012499999999999997,0.62286715715210073,0.37372029429126041
0.022499999999999999,0.012499999999999997,0.32165846377127882,0.19299507826276729
0.023000000000000007,0.012499999999999997,0.16163124362132034,0.096978746172792202
0.023500000000000007,0.012499999999999997,0.079021414663227887,0.047412848797936731
0.024,0.012499999999999997,0.037585526598486817,0.022551315959092089
0.024500000000000001,0.012499999999999997,0.017391098540680966,0.01043465912440858
0.025000000000000001,0.012499999999999997,0.0078278704889717006,0.0046967222933830205
-0.025000000000000001,0.013000000000000005,0.0054637640677949236,0.0032782584406769542
-0.024500000000000001,0.013000000000000005,0.012125455024022467,0.0072752730144134796
-0.024,0.013000000000000005,0.026180647758530896,0.015708388655118536
-0.0235,0.013000000000000005,0.054999765752152215,0.03299985945129133
-0.023,0.013000000000000005,0.1124264660872125,0.067455879652327494
-0.022500000000000003,0.013000000000000005,0.22363604310431892,0.13418162586259136
-0.022000000000000002,0.013000000000000005,0.43294244829635559,0.25976546897781333
-0.021500000000000002,0.013000000000000005,0.81582580650334413,0.48949548390200648
-0.021000000000000001,0.013000000000000005,1.4966663192728831,0.89799979156372978
-0.020500000000000001,0.013000000000000005,2.6737201989749528,1.6042321193849716
-0.02,0.013000000000000005,4.6526484743913112,2.7915890846347868
-0.0195,0.013000000000000005,7.8893322195990621,4.7335993317594367
-0.019,0.013000000000000005,13.041796252833556,7.8250777517001335
-0.018500000000000003,0.013000000000000005,21.029998490784021,12.617999094470411
-0.018000000000000002,0.013000000000000005,33.101397839339633,19.860838703603779
-0.017500000000000002,0.013000000000000005,50.900097881104415,30.540058728662647
-0.017000000000000001,0.013000000000000005,76.538423043679089,45.92305382620745
-0.016500000000000001,0.013000000000000005,112.67206369940573,67.60323821964343
-0.016,0.013000000000000005,162.58266565801389,97.54959939480834
-0.0155,0.013000000000000005,230.27308409232688,138.16385045539613
-0.015000000000000001,0.013000000000000005,320.57762831672113,192.34657699003267
-0.014500000000000001,0.013000000000000005,439.27940780084299,263.56764468050579
-0.014,0.013000000000000005,593.20750910533889,355.92450546320333
-0.0135,0.013000000000000005,790.25953960813342,474.15572376488001
-0.012999999999999999,0.013000000000000005,1039.2663284880255,623.5597970928153
-0.012500000000000001,0.013000000000000005,1349.5968864554266,809.75813187325593
-0.012,0.013000000000000005,1730.4081797228398,1038.2449078337038
-0.0115,0.013000000000000005,2189.4898171907053,1313.693890314423
-0.010999999999999999,0.013000000000000005,2731.7445039087661,1639.0467023452595
-0.010499999999999999,0.013000000000000005,3357.4726693706139,2014.4836016223683
-0.010000000000000002,0.013000000000000005,4060.7674127884297,2436.4604476730578
-0.0095000000000000015,0.013000000000000005,4828.4313062754163,2897.0587837652497
-0.0090000000000000011,0.013000000000000005,5639.8510680850814,3383.9106408510488
-0.0085000000000000006,0.013000000000000005,6468.1709787002155,3880.9025872201291
-0.0080000000000000002,0.013000000000000005,7282.8800967801235,4369.7280580680736
-0.0074999999999999997,0.013000000000000005,8053.6011973334398,4832.1607184000641
-0.0069999999999999993,0.013000000000000005,8754.5120992737211,5252.7072595642321
-0.0064999999999999988,0.013000000000000005,9368.5422073976515,5621.1253244385907
-0.0059999999999999984,0.013000000000000005,9890.3696919430913,5934.2218151658544
-0.0054999999999999979,0.013000000000000005,10327.367208805807,6196.4203252834841
-0.005000000000000001,0.013000000000000005,10698.015724255838,6418.8094345535028
-0.0044999999999999971,0.013000000000000005,11027.8627716094,6616.7176629656396
-0.0040000000000000001,0.013000000000000005,11343.714736100164,6806.2288416600986
-0.0035000000000000031,0.013000000000000005,11667.260188207021,7000.3561129242125
-0.0029999999999999992,0.013000000000000005,12009.571747935672,7205.7430487614029
-0.0025000000000000022,0.013000000000000005,12367.833683124598,7420.700209874758
-0.0019999999999999983,0.013000000000000005,12725.187766258787,7635.112659755272
-0.0015000000000000013,0.013000000000000005,13053.875637488503,7832.3253824931016
-0.00099999999999999742,0.013000000000000005,13321.055063762991,7992.6330382577944
-0.00050000000000000044,0.013000000000000005,13495.986905140644,8097.5921430843864
0,0.013000000000000005,13556.913486612571,8134.1480919675423
0.00050000000000000044,0.013000000000000005,13495.986448887636,8097.5918693325812
0.0010000000000000009,0.013000000000000005,13321.053986681833,7992.632392009099
0.0015000000000000013,0.013000000000000005,13053.873572743069,7832.3241436458411
0.0020000000000000018,0.013000000000000005,12725.184067130504,7635.1104402783021
0.0024999999999999988,0.013000000000000005,12367.827302091222,7420.6963812547328
0.0030000000000000027,0.013000000000000005,12009.561070241909,7205.7366421451452
0.0034999999999999996,0.013000000000000005,11667.24282219318,7000.3456933159077
0.0040000000000000036,0.013000000000000005,11343.68727107114,6806.2123626426837
0.0045000000000000005,0.013000000000000005,11027.820526599236,6616.6923159595417
0.0049999999999999975,0.013000000000000005,10697.952526515493,6418.7715159092959
0.0055000000000000014,0.013000000000000005,10327.275256526511,6196.3651539159064
0.0059999999999999984,0.013000000000000005,9890.2395673661558,5934.1437404196931
0.0064999999999999988,0.013000000000000005,9368.3631087419817,5621.0178652451887
0.0069999999999999993,0.013000000000000005,8754.2723476487517,5252.5634085892507
0.0074999999999999997,0.013000000000000005,8053.2890446662177,4831.9734267997301
0.0080000000000000002,0.013000000000000005,7282.4848131734761,4369.4908879040859
0.0085000000000000006,0.013000000000000005,6467.6841380646429,3880.6104828387856
0.0090000000000000011,0.013000000000000005,5639.2678901252621,3383.5607340751571
0.0095000000000000015,0.013000000000000005,4827.7518654352834,2896.6511192611702
0.010000000000000002,0.013000000000000005,4059.9975054514744,2435.9985032708846
0.010500000000000002,0.013000000000000005,3356.6241504458449,2013.9744902675068
0.011000000000000003,0.013000000000000005,2730.8349658593052,1638.5009795155831
0.011500000000000003,0.013000000000000005,2188.541581112087,1313.1249486672521
0.012000000000000004,0.013000000000000005,1729.4466818158401,1037.668009089504
0.012499999999999997,0.013000000000000005,1348.6486503768133,809.18919022608793
0.013000000000000005,0.013000000000000005,1038.3567904385632,623.0140742631379
0.013499999999999998,0.013000000000000005,789.41102068336602,473.6466124100196
0.014000000000000005,0.013000000000000005,592.43760176837702,355.46256106102618
0.014499999999999999,0.013000000000000005,438.59996696069879,263.15998017641925
0.014999999999999999,0.013000000000000005,319.99445035687677,191.99667021412606
0.0155,0.013000000000000005,229.78624345668032,137.8717460740082
0.016000000000000007,0.013000000000000005,162.18738205114855,97.312429230689119
0.016500000000000001,0.013000000000000005,112.35991103153832,67.415946618922987
0.017000000000000001,0.013000000000000005,76.298671416833912,45.779202850100347
0.017500000000000002,0.013000000000000005,50.720999220123169,30.432599532073901
0.017999999999999995,0.013000000000000005,32.971273247764586,19.782763948658751
0.018500000000000003,0.013000000000000005,20.938046172240423,12.562827703344253
0.019000000000000003,0.013000000000000005,12.978598410138533,7.7871590460831195
0.019500000000000003,0.013000000000000005,7.8470869498801337,4.7082521699280804
0.019999999999999997,0.013000000000000005,4.6251828051745703,2.7751096831047422
0.020499999999999997,0.013000000000000005,2.6563526493777281,1.5938115896266367
0.021000000000000005,0.013000000000000005,1.4859850423524841,0.89159102541149038
0.021500000000000005,0.013000000000000005,0.80943664206299315,0.48566198523779586
0.021999999999999999,0.013000000000000005,0.4292253741736245,0.25753522450417471
0.022499999999999999,0.013000000000000005,0.22153277497260554,0.13291966498356331
0.023000000000000007,0.013000000000000005,0.11126895722186285,0.066761374333117712
0.023500000000000007,0.013000000000000005,0.054380195903361912,0.032628117542017145
0.024,0.013000000000000005,0.025858101143925876,0.015514860686355525
0.024500000000000001,0.013000000000000005,0.011962138185018678,0.0071772829110112067
0.025000000000000001,0.013000000000000005,0.0053833363570095225,0.0032300018142057134
-0.025000000000000001,0.013499999999999998,0.0036399083179241049,0.002183944990754463
-0.024500000000000001,0.013499999999999998,0.0080824832604539862,0.0048494899562723914
-0.024,0.013499999999999998,0.017461775699385142,0.010477065419631086
-0.0235,0.013499999999999998,0.036707188930618528,0.022024313358371118
-0.023,0.013499999999999998,0.075088239650332955,0.045052943790199772
-0.022500000000000003,0.013499999999999998,0.14948617792061092,0.089691706752366554
-0.022000000000000002,0.013499999999999998,0.28966953704111176,0.17380172222466705
-0.021500000000000002,0.013499999999999998,0.54646101977826456,0.32787661186695871
-0.021000000000000001,0.013499999999999998,1.0038613839863726,0.60231683039182349
-0.020500000000000001,0.013499999999999998,1.7962914630412916,1.0777748778247749
-0.02,0.013499999999999998,3.1320674919818403,1.8792404951891042
-0.0195,0.013499999999999998,5.3240039920585973,3.1944023952351581
-0.019,0.013499999999999998,8.8276731881438213,5.296603912886293
-0.018500000000000003,0.013499999999999998,14.287470829139432,8.5724824974836586
-0.018000000000000002,0.013499999999999998,22.590480981446749,13.554288588868049
-0.017500000000000002,0.013499999999999998,34.928476072915224,20.957085643749135
-0.017000000000000001,0.013499999999999998,52.869398963525271,31.72163937811516
-0.016500000000000001,0.013499999999999998,78.441155886706213,47.064693532023725
-0.016,0.013499999999999998,114.23167611113178,68.53900566667906
-0.0155,0.013499999999999998,163.50836030116125,98.105016180696751
-0.015000000000000001,0.013499999999999998,230.35503532860912,138.21302119716546
-0.014500000000000001,0.013499999999999998,319.8132240536217,191.88793443217301
-0.014,0.013499999999999998,437.99608007800293,262.79764804680173
-0.0135,0.013499999999999998,592.11968575125468,355.27181145075281
-0.012999999999999999,0.013499999999999998,790.37354598885179,474.22412759331104
-0.012500000000000001,0.013499999999999998,1041.5401407689483,624.92408446136892
-0.012,0.013499999999999998,1354.2847770504038,812.57086623024225
-0.0115,0.013499999999999998,1736.0825226185495,1041.6495135711298
-0.010999999999999999,0.013499999999999998,2191.8323598100783,1315.0994158860469
-0.010499999999999999,0.013499999999999998,2722.3209897683414,1633.3925938610048
-0.010000000000000002,0.013499999999999998,3322.8158585896722,1993.6895151538033
-0.0095000000000000015,0.013499999999999998,3982.1520627433774,2389.2912376460263
-0.0090000000000000011,0.013499999999999998,4682.6897237707572,2809.613834262454
-0.0085000000000000006,0.013499999999999998,5401.4255581258094,3240.8553348754854
-0.0080000000000000002,0.013499999999999998,6112.3374074864132,3667.4024444918477
-0.0074999999999999997,0.013499999999999998,6789.7510349211052,4073.8506209526631
-0.0069999999999999993,0.013499999999999998,7412.2078023896856,4447.3246814338108
-0.0064999999999999988,0.013499999999999998,7966.0669161110845,4779.6401496666504
-0.0059999999999999984,0.013499999999999998,8447.9841636803267,5068.7904982081955
-0.0054999999999999979,0.013499999999999998,8865.5296798291183,5319.3178078974706
-0.005000000000000001,0.013499999999999998,9235.5465760934676,5541.3279456560804
-0.0044999999999999971,0.013499999999999998,9580.3521938532504,5748.2113163119502
-0.0040000000000000001,0.013499999999999998,9922.4295915261828,5953.4577549157093
-0.0035000000000000031,0.013499999999999998,10278.704278504592,6167.2225671027554
-0.0029999999999999992,0.013499999999999998,10655.715787315199,6393.4294723891189
-0.0025000000000000022,0.013499999999999998,11046.892084349844,6628.1352506099056
-0.0019999999999999983,0.013499999999999998,11432.714303738874,6859.6285822433247
-0.0015000000000000013,0.013499999999999998,11783.905659497665,7070.3433956985982
-0.00099999999999999742,0.013499999999999998,12067.048328798643,7240.228997279185
-0.00050000000000000044,0.013499999999999998,12251.413398700535,7350.848039220321
0,0.013499999999999998,12315.449312407409,7389.2695874444453
0.00050000000000000044,0.013499999999999998,12251.413180167672,7350.8479081006035
0.0010000000000000009,0.013499999999999998,12067.047812905876,7240.2286877435254
0.0015000000000000013,0.013499999999999998,11783.904670540409,7070.342802324245
0.0020000000000000018,0.013499999999999998,11432.712531956409,6859.627519173845
0.0024999999999999988,0.013499999999999998,11046.88902800733,6628.1334168043977
0.0030000000000000027,0.013499999999999998,10655.710672988494,6393.4264037930961
0.0034999999999999996,0.013499999999999998,10278.695960653347,6167.2175763920086
0.0040000000000000036,0.013499999999999998,9922.4164365196284,5953.4498619117767
0.0045000000000000005,0.013499999999999998,9580.3319596352194,5748.1991757811311
0.0049999999999999975,0.013499999999999998,9235.5163060840132,5541.3097836504076
0.0055000000000000014,0.013499999999999998,8865.485637172711,5319.2913823036261
0.0059999999999999984,0.013499999999999998,8447.9218375251112,5068.7531025150665
0.0064999999999999988,0.013499999999999998,7965.9811326958743,4779.5886796175246
0.0069999999999999993,0.013499999999999998,7412.0929678415669,4447.2557807049398
0.0074999999999999997,0.013499999999999998,6789.601522230676,4073.7609133384053
0.0080000000000000002,0.013499999999999998,6112.1480773229459,3667.2888463937675
0.0085000000000000006,0.013499999999999998,5401.1923746201801,3240.7154247721078
0.0090000000000000011,0.013499999999999998,4682.410397290716,2809.4462383744294
0.0095000000000000015,0.013499999999999998,3981.8266289455528,2389.0959773673317
0.010000000000000002,0.013499999999999998,3322.4470937850879,1993.4682562710527
0.010500000000000002,0.013499999999999998,2721.9145721379841,1633.1487432827905
0.011000000000000003,0.013499999999999998,2191.3967156682788,1314.8380294009673
0.011500000000000003,0.013499999999999998,1735.6283431667521,1041.3770059000512
0.012000000000000004,0.013499999999999998,1353.8242455412651,812.29454732475904
0.012499999999999997,0.013499999999999998,1041.0859613171547,624.65157679029278
0.013000000000000005,0.013499999999999998,789.93790184705097,473.96274110823055
0.013499999999999998,0.013499999999999998,591.71326812089876,355.02796087253927
0.014000000000000005,0.013499999999999998,437.62731527341316,262.5763891640479
0.014499999999999999,0.013499999999999998,319.4877902557904,191.69267415347423
0.014999999999999999,0.013499999999999998,230.0757088485534,138.04542530913204
0.0155,0.013499999999999998,163.27517679549581,97.965106077297477
0.016000000000000007,0.013499999999999998,114.04234594755856,68.425407568535135
0.016500000000000001,0.013499999999999998,78.291643195968135,46.974985917580881
0.017000000000000001,0.013499999999999998,52.754564414510035,31.65273864870602
0.017500000000000002,0.013499999999999998,34.842692655160576,20.905615593096346
0.017999999999999995,0.013499999999999998,22.528154819218219,13.516892891530931
0.018500000000000003,0.013499999999999998,14.243428153935071,8.546056892361042
0.019000000000000003,0.013499999999999998,8.7974031296665647,5.2784418777999385
0.019500000000000003,0.013499999999999998,5.3037696497100688,3.182261789826041
0.019999999999999997,0.013499999999999998,3.1189121787962373,1.8713473072777422
0.020499999999999997,0.013499999999999998,1.787972876211495,1.0727837257268971
0.021000000000000005,0.013499999999999998,0.9987453410455962,0.5992472046273577
0.021500000000000005,0.013499999999999998,0.54340078270397763,0.32604046962238659
0.021999999999999999,0.013499999999999998,0.28788915900507245,0.17273349540304347
0.022499999999999999,0.013499999999999998,0.14847876933472759,0.089087261600836548
0.023000000000000007,0.013499999999999998,0.074533824190122305,0.044720294514073382
0.023500000000000007,0.013499999999999998,0.036410431719393253,0.021846259031635951
0.024,0.013499999999999998,0.017307284589097582,0.010384370753458549
0.024500000000000001,0.013499999999999998,0.0080042589088598869,0.0048025553453159321
0.025000000000000001,0.013499999999999998,0.0036013856183374454,0.0021608313710024672
-0.025000000000000001,0.014000000000000005,0.0023617333597769851,0.001417040015866191
-0.024500000000000001,0.014000000000000005,0.0052470649501534274,0.0031482389700920564
-0.024,0.014000000000000005,0.011342654880907334,0.0068055929285444003
-0.0235,0.014000000000000005,0.023859711858423609,0.014315827115054164
-0.023,0.014000000000000005,0.048844832295637741,0.029306899377382643
-0.022500000000000003,0.014000000000000005,0.097328453284140623,0.058397071970484368
-0.022000000000000002,0.014000000000000005,0.18880396869232505,0.11328238121539502
-0.021500000000000002,0.014000000000000005,0.35664531068642197,0.21398718641185319
-0.021000000000000001,0.014000000000000005,0.65621576103115309,0.39372945661869185
-0.020500000000000001,0.014000000000000005,1.1765342512061834,0.70592055072370996
-0.02,0.014000000000000005,2.0564218348333849,1.2338531009000309
-0.0195,0.014000000000000005,3.5060440460864353,2.1036264276518613
-0.019,0.014000000000000005,5.8347297267882166,3.5008378360729298
-0.018500000000000003,0.014000000000000005,9.4859766000757553,5.6915859600454528
-0.018000000000000002,0.014000000000000005,15.080789848738018,9.0484739092428104
-0.017500000000000002,0.014000000000000005,23.471073712893087,14.082644227735852
-0.017000000000000001,0.014000000000000005,35.80570552471012,21.483423314826073
-0.016500000000000001,0.014000000000000005,53.612852686790461,32.167711612074278
-0.016,0.014000000000000005,78.902244796237795,47.341346877742673
-0.0155,0.014000000000000005,114.28913738968909,68.573482433813453
-0.015000000000000001,0.014000000000000005,163.13590878667586,97.881545272005511
-0.014500000000000001,0.014000000000000005,229.69617011408889,137.81770206845331
-0.014,0.014000000000000005,319.22971526550583,191.5378291593035
-0.0135,0.014000000000000005,438.03674027623907,262.82204416574342
-0.012999999999999999,0.014000000000000005,593.34189902965352,356.00513941779212
-0.012500000000000001,0.014000000000000005,792.95145954437919,475.77087572662748
-0.012,0.014000000000000005,1044.6201397167556,626.77208383005336
-0.0115,0.014000000000000005,1355.1063960151851,813.06383760911103
-0.010999999999999999,0.014000000000000005,1728.9679996355746,1037.3807997813446
-0.010499999999999999,0.014000000000000005,2167.2451561687162,1300.3470937012296
-0.010000000000000002,0.014000000000000005,2666.2752762999685,1599.7651657799811
-0.0095000000000000015,0.014000000000000005,3216.9506990600589,1930.1704194360352
-0.0090000000000000011,0.014000000000000005,3804.7342890447476,2282.8405734268486
-0.0085000000000000006,0.014000000000000005,4410.6624887310272,2646.3974932386163
-0.0080000000000000002,0.014000000000000005,5013.3864955551608,3008.0318973330964
-0.0074999999999999997,0.014000000000000005,5592.0544592951019,3355.2326755770609
-0.0069999999999999993,0.014000000000000005,6129.5753606858734,3677.7452164115239
-0.0064999999999999988,0.014000000000000005,6615.6024128177914,3969.3614476906746
-0.0059999999999999984,0.014000000000000005,7048.5040925994144,4229.1024555596487
-0.0054999999999999979,0.014000000000000005,7435.7036064857448,4461.4221638914469
-0.005000000000000001,0.014000000000000005,7792.0668754174094,4675.2401252504451
-0.0044999999999999971,0.014000000000000005,8136.4541899129772,4881.8725139477865
-0.0040000000000000001,0.014000000000000005,8487.0222803680044,5092.2133682208023
-0.0035000000000000031,0.014000000000000005,8856.2469010403638,5313.7481406242177
-0.0029999999999999992,0.014000000000000005,9246.8149063383607,5548.0889438030163
-0.0025000000000000022,0.014000000000000005,9649.437036687199,5789.662222012319
-0.0019999999999999983,0.014000000000000005,10043.256085674118,6025.9536514044712
-0.0015000000000000013,0.014000000000000005,10398.945087206201,6239.3670523237206
-0.00099999999999999742,0.014000000000000005,10683.944369124116,6410.366621474469
-0.00050000000000000044,0.014000000000000005,10868.740318797538,6521.2441912785225
0,0.014000000000000005,10932.79075797477,6559.6744547848621
0.00050000000000000044,0.014000000000000005,10868.74021699373,6521.2441301962381
0.0010000000000000009,0.014000000000000005,10683.944128794821,6410.3664772768925
0.0015000000000000013,0.014000000000000005,10398.944626499218,6239.3667758995307
0.0020000000000000018,0.014000000000000005,10043.255260287031,6025.9531561722188
0.0024999999999999988,0.014000000000000005,9649.4356128862,5789.66136773172
0.0030000000000000027,0.014000000000000005,9246.8125238228386,5548.087514293703
0.0034999999999999996,0.014000000000000005,8856.2430261589143,5313.745815695348
0.0040000000000000036,0.014000000000000005,8487.0161520916736,5092.2096912550041
0.0045000000000000005,0.014000000000000005,8136.4447637770872,4881.8668582662522
0.0049999999999999975,0.014000000000000005,7792.0527740954867,4675.231664457292
0.0055000000000000014,0.014000000000000005,7435.6830891589361,4461.4098534953619
0.0059999999999999984,0.014000000000000005,7048.475057881722,4229.0850347290334
0.0064999999999999988,0.014000000000000005,6615.5624505060678,3969.3374703036407
0.0069999999999999993,0.014000000000000005,6129.5218648673972,3677.7131189204383
0.0074999999999999997,0.014000000000000005,5591.9848086204747,3355.1908851722847
0.0080000000000000002,0.014000000000000005,5013.2982958607063,3007.9789775164236
0.0085000000000000006,0.014000000000000005,4410.5538599020456,2646.3323159412271
0.0090000000000000011,0.014000000000000005,3804.6041644531788,2282.762498671907
0.0095000000000000015,0.014000000000000005,3216.7990953165886,1930.079457189953
0.010000000000000002,0.014000000000000005,2666.1034867525764,1599.6620920515459
0.010500000000000002,0.014000000000000005,2167.0558260051425,1300.2334956030854
0.011000000000000003,0.014000000000000005,1728.7650542649367,1037.259032558962
0.011500000000000003,0.014000000000000005,1354.894815947104,812.93688956826236
0.012000000000000004,0.014000000000000005,1044.4056005347841,626.64336032087044
0.012499999999999997,0.014000000000000005,792.73987947630155,475.64392768578091
0.013000000000000005,0.014000000000000005,593.13895365901567,355.88337219540938
0.013499999999999998,0.014000000000000005,437.8474101126676,262.70844606760056
0.014000000000000005,0.014000000000000005,319.05792571810986,191.43475543086592
0.014499999999999999,0.014000000000000005,229.54456637061668,137.72673982237001
0.014999999999999999,0.014000000000000005,163.00578419510097,97.803470517060575
0.0155,0.014000000000000005,114.18050856069063,68.508305136414378
0.016000000000000007,0.014000000000000005,78.814045101733697,47.288427061040217
0.016500000000000001,0.014000000000000005,53.543202012018483,32.125921207211086
0.017000000000000001,0.014000000000000005,35.752209705816327,21.451325823489796
0.017500000000000002,0.014000000000000005,23.431111399985973,14.058666839991583
0.017999999999999995,0.014000000000000005,15.051755127780682,9.0310530766684085
0.018500000000000003,0.014000000000000005,9.4654592645131039,5.6792755587078618
0.019000000000000003,0.014000000000000005,5.8206283820266291,3.4923770292159775
0.019500000000000003,0.014000000000000005,3.4966178522885301,2.0979707113731179
0.019999999999999997,0.014000000000000005,2.0502934156624741,1.2301760493974845
0.020499999999999997,0.014000000000000005,1.1726590270831714,0.70359541624990285
0.021000000000000005,0.014000000000000005,0.65383244600131407,0.39229946760078843
0.021500000000000005,0.014000000000000005,0.35521969540163123,0.21313181724097874
0.021999999999999999,0.014000000000000005,0.18797457734803685,0.11278474640882211
0.022499999999999999,0.014000000000000005,0.096859150729076499,0.058115490437445898
0.023000000000000007,0.014000000000000005,0.048586557157138784,0.029151934294283269
0.023500000000000007,0.014000000000000005,0.023721467138839793,0.014232880283303875
0.024,0.014000000000000005,0.011270685003135182,0.0067624110018811093
0.024500000000000001,0.014000000000000005,0.0052106240377115766,0.0031263744226269459
0.025000000000000001,0.014000000000000005,0.0023437875117890672,0.0014062725070734404
-0.025000000000000001,0.014499999999999999,0.0014920942759559552,0.00089525656557357309
-0.024500000000000001,0.014499999999999999,0.0033167653074990511,0.0019900591844994307
-0.024,0.014499999999999999,0.0071743207459028843,0.0043045924475417306
-0.0235,0.014499999999999999,0.015102385879190969,0.0090614315275145806
-0.023,0.014499999999999999,0.030943843312933081,0.018566305987759848
-0.022500000000000003,0.014499999999999999,0.061723355446946064,0.037034013268167638
-0.022000000000000002,0.014499999999999999,0.11988799450130318,0.071932796700781898
-0.021500000000000002,0.014499999999999999,0.22682121285056339,0.13609272771033804
-0.021000000000000001,0.014499999999999999,0.41815444939794305,0.25089266963876583
-0.020500000000000001,0.014499999999999999,0.75151384633565466,0.45090830780139279
-0.02,0.014499999999999999,1.3174447772958884,0.79046686637753305
-0.0195,0.014499999999999999,2.2543626711924194,1.3526176027154515
-0.019,0.014499999999999999,3.7685196614103851,2.2611117968462309
-0.018500000000000003,0.014499999999999999,6.1602183129751182,3.6961309877850708
-0.018000000000000002,0.014499999999999999,9.8579261357124874,5.9147556814274926
-0.017500000000000002,0.014499999999999999,15.462590632264885,9.2775543793589303
-0.017000000000000001,0.014499999999999999,23.805234296872573,14.283140578123543
-0.016500000000000001,0.014499999999999999,36.021472919742209,21.612883751845324
-0.016,0.014499999999999999,53.646229642079682,32.187737785247805
-0.0155,0.014499999999999999,78.729514087250308,47.237708452350184
-0.015000000000000001,0.014499999999999999,113.96842540005129,68.381055240030776
-0.014500000000000001,0.014499999999999999,162.84055850860912,97.70433510516547
-0.014,0.014499999999999999,229.70986463851384,137.82591878310831
-0.0135,0.014499999999999999,319.85980794544366,191.91588476726619
-0.012999999999999999,0.014499999999999999,439.39497724997028,263.63698634998218
-0.012500000000000001,0.014499999999999999,594.94812292852168,356.96887375711299
-0.012,0.014499999999999999,793.14283533314381,475.88570119988628
-0.0115,0.014499999999999999,1039.79897254345,623.87938352607
-0.010999999999999999,0.014499999999999999,1338.9294082557763,803.35764495346575
-0.010499999999999999,0.014499999999999999,1691.6550893780131,1014.9930536268079
-0.010000000000000002,0.014499999999999999,2095.2432374748878,1257.1459424849327
-0.0095000000000000015,0.014499999999999999,2542.525365646864,1525.5152193881183
-0.0090000000000000011,0.014499999999999999,3021.9503162652331,1813.1701897591399
-0.0085000000000000006,0.014499999999999999,3518.4528064780652,2111.0716838868389
-0.0080000000000000002,0.014499999999999999,4015.1672384814983,2409.1003430888991
-0.0074999999999999997,0.014499999999999999,4495.8110094919166,2697.48660569515
-0.0069999999999999993,0.014499999999999999,4947.3465820984038,2968.4079492590422
-0.0064999999999999988,0.014499999999999999,5362.3681479178431,3217.4208887507057
-0.0059999999999999984,0.014499999999999999,5740.6073295269243,3444.3643977161546
-0.0054999999999999979,0.014499999999999999,6089.0531909046786,3653.4319145428071
-0.005000000000000001,0.014499999999999999,6420.4375076831084,3852.2625046098647
-0.0044999999999999971,0.014499999999999999,6750.2037592225734,4050.1222555335439
-0.0040000000000000001,0.014499999999999999,7092.4742092632105,4255.4845255579257
-0.0035000000000000031,0.014499999999999999,7455.8488784772526,4473.5093270863517
-0.0029999999999999992,0.014499999999999999,7840.015324029403,4704.009194417642
-0.0025000000000000022,0.014499999999999999,8234.0580378927516,4940.4348227356504
-0.0019999999999999983,0.014499999999999999,8617.029234360145,5170.2175406160868
-0.0015000000000000013,0.014499999999999999,8960.8429622729545,5376.5057773637727
-0.00099999999999999742,0.014499999999999999,9234.9994994657045,5540.9996996794225
-0.00050000000000000044,0.014499999999999999,9412.1787246587392,5647.3072347952429
0,0.014499999999999999,9473.487050717129,5684.0922304302776
0.00050000000000000044,0.014499999999999999,9412.1786785325512,5647.3072071195302
0.0010000000000000009,0.014499999999999999,9234.9993905751398,5540.9996343450839
0.0015000000000000013,0.014499999999999999,8960.8427535316805,5376.5056521190081
0.0020000000000000018,0.014499999999999999,8617.0288603863173,5170.2173162317904
0.0024999999999999988,0.014499999999999999,8234.057392784156,4940.4344356704933
0.0030000000000000027,0.014499999999999999,7840.0142445377833,4704.00854672267
0.0034999999999999996,0.014499999999999999,7455.8471228110238,4473.5082736866143
0.0040000000000000036,0.014499999999999999,7092.4714326085059,4255.4828595651034
0.0045000000000000005,0.014499999999999999,6750.1994883439238,4050.1196930063543
0.0049999999999999975,0.014499999999999999,6420.4311185290171,3852.2586711174099
0.0055000000000000014,0.014499999999999999,6089.043894729235,3653.4263368375409
0.0059999999999999984,0.014499999999999999,5740.5941742152163,3444.3565045291298
0.0064999999999999988,0.014499999999999999,5362.3500414332957,3217.4100248599775
0.0069999999999999993,0.014499999999999999,4947.3223437305815,2968.3934062383487
0.0074999999999999997,0.014499999999999999,4495.7794515361966,2697.4676709217179
0.0080000000000000002,0.014499999999999999,4015.1272761686132,2409.076365701168
0.0085000000000000006,0.014499999999999999,3518.4035879486937,2111.042152769216
0.0090000000000000011,0.014499999999999999,3021.8913582419159,1813.1348149451494
0.0095000000000000015,0.014499999999999999,2542.4566756557206,1525.4740053934322
0.010000000000000002,0.014499999999999999,2095.1654015176823,1257.0992409106093
0.010500000000000002,0.014499999999999999,1691.5693059602579,1014.9415835761547
0.011000000000000003,0.014499999999999999,1338.8374559372321,803.30247356233929
0.011500000000000003,0.014499999999999999,1039.7031079383269,623.82186476299614
0.012000000000000004,0.014499999999999999,793.04562998601614,475.82737799160964
0.012499999999999997,0.014499999999999999,594.85225832340132,356.91135499404078
0.013000000000000005,0.014499999999999999,439.30302493142608,263.58181495885566
0.013499999999999998,0.014499999999999999,319.77402452768985,191.86441471661391
0.014000000000000005,0.014499999999999999,229.632028681305,137.779217208783
0.014499999999999999,0.014499999999999999,162.77186851746342,97.663121110478045
0.014999999999999999,0.014499999999999999,113.90946737673086,68.345680426038513
0.0155,0.014499999999999999,78.680295557871133,47.208177334722677
0.016000000000000007,0.014499999999999999,53.606267329172333,32.163760397503395
0.016500000000000001,0.014499999999999999,35.989914963956885,21.593948978374129
0.017000000000000001,0.014499999999999999,23.78099592886139,14.268597557316834
0.017500000000000002,0.014499999999999999,15.44448414718156,9.2666904883089352
0.017999999999999995,0.014499999999999999,9.8447708225269359,5.9068624935161615
0.018500000000000003,0.014499999999999999,6.1509221335678301,3.6905532801406977
0.019000000000000003,0.014499999999999999,3.7621304969700251,2.257278298182015
0.019500000000000003,0.014499999999999999,2.2500917663078313,1.3500550597846988
0.019999999999999997,0.014499999999999999,1.3146680578762588,0.78880083472575524
0.020499999999999997,0.014499999999999999,0.74975802484601961,0.44985481490761176
0.021000000000000005,0.014499999999999999,0.41707459553320386,0.2502447573199223
0.021500000000000005,0.014499999999999999,0.22617528222215699,0.13570516933329418
0.021999999999999999,0.014499999999999999,0.1195122063921791,0.071707323835307465
0.022499999999999999,0.014499999999999999,0.061510719613465263,0.036906431768079159
0.023000000000000007,0.014499999999999999,0.030826821684242545,0.018496093010545528
0.023500000000000007,0.014499999999999999,0.015039748715050498,0.0090238492290302987
0.024,0.014499999999999999,0.0071417119847093256,0.0042850271908255952
0.024500000000000001,0.014499999999999999,0.0033002543302919798,0.001980152598175188
0.025000000000000001,0.014499999999999999,0.0014839632093268499,0.00089037792559610988
-0.025000000000000001,0.014999999999999999,0.00091773237410524113,0.00055063942446314466
-0.024500000000000001,0.014999999999999999,0.0020412046523079551,0.001224722791384773
-0.024,0.014999999999999999,0.0044182720276602838,0.0026509632165961704
-0.0235,0.014999999999999999,0.0093084901276197334,0.0055850940765718397
-0.023,0.014999999999999999,0.019091931127313073,0.011455158676387843
-0.022500000000000003,0.014999999999999999,0.038130180058951253,0.022878108035370753
-0.022000000000000002,0.014999999999999999,0.074176675484807303,0.04450600529088438
-0.021500000000000002,0.014999999999999999,0.14060761882185521,0.08436457129311313
-0.021000000000000001,0.014999999999999999,0.2598337813299928,0.15590026879799568
-0.020500000000000001,0.014999999999999999,0.46835561160926154,0.2810133669655569
-0.02,0.014999999999999999,0.82404330770492618,0.49442598462295567
-0.0195,0.014999999999999999,1.4163750292952513,0.84982501757715079
-0.019,0.014999999999999999,2.3805813066081059,1.4283487839648634
-0.018500000000000003,0.014999999999999999,3.9169674104955829,2.3501804462973497
-0.018000000000000002,0.014999999999999999,6.3171598858017886,3.7902959314810731
-0.017500000000000002,0.014999999999999999,9.9996434010615207,5.9997860406369119
-0.017000000000000001,0.014999999999999999,15.557594728853857,9.3345568373123147
-0.016500000000000001,0.014999999999999999,23.822348922683272,14.293409353609963
-0.016,0.014999999999999999,35.945239700956947,21.567143820574167
-0.0155,0.014999999999999999,53.49817493140857,32.098904958845139
-0.015000000000000001,0.014999999999999999,78.58819421911663,47.152916531469977
-0.014500000000000001,0.014999999999999999,113.97278210213672,68.383669261282023
-0.014,0.014999999999999999,163.15115922386607,97.890695534319647
-0.0135,0.014999999999999999,230.39397599384012,138.23638559630407
-0.012999999999999999,0.014999999999999999,320.6635709235656,192.39814255413935
-0.012500000000000001,0.014999999999999999,439.37475312789405,263.62485187673644
-0.012,0.014999999999999999,591.95804927500421,355.17482956500254
-0.0115,0.014999999999999999,783.21810494041779,469.93086296425065
-0.010999999999999999,0.014999999999999999,1016.5297446474058,609.9178467884434
-0.010499999999999999,0.014999999999999999,1292.9766079293811,775.78596475762868
-0.010000000000000002,0.014999999999999999,1610.5981015347411,966.35886092084456
-0.0095000000000000015,0.014999999999999999,1963.9494230121516,1178.3696538072909
-0.0090000000000000011,0.014999999999999999,2344.1752025502615,1406.5051215301569
-0.0085000000000000006,0.014999999999999999,2739.7345407219973,1643.8407244331984
-0.0080000000000000002,0.014999999999999999,3137.7923569001209,1882.6754141400725
-0.0074999999999999997,0.014999999999999999,3526.1265646675897,2115.6759388005539
-0.0069999999999999993,0.014999999999999999,3895.229328506613,2337.1375971039679
-0.0064999999999999988,0.014999999999999999,4240.1525236614752,2544.0915141968849
-0.0059999999999999984,0.014999999999999999,4561.6109135003799,2736.966548100228
-0.0054999999999999979,0.014999999999999999,4865.9434081164436,2919.5660448698659
-0.005000000000000001,0.014999999999999999,5163.7446921998981,3098.2468153199388
-0.0044999999999999971,0.014999999999999999,5467.2811678385206,3280.3687007031122
-0.0040000000000000001,0.014999999999999999,5787.1283620754384,3472.2770172452629
-0.0035000000000000031,0.014999999999999999,6128.7259400839603,3677.2355640503761
-0.0029999999999999992,0.014999999999999999,6489.6610256783542,3893.7966154070123
-0.0025000000000000022,0.014999999999999999,6858.4105958015571,4115.0463574809337
-0.0019999999999999983,0.014999999999999999,7214.9978641735834,4328.99871850415
-0.0015000000000000013,0.014999999999999999,7533.5989073287783,4520.159344397267
-0.00099999999999999742,0.014999999999999999,7786.6720530085986,4672.003231805159
-0.00050000000000000044,0.014999999999999999,7949.7919852829409,4769.8751911697645
0,0.014999999999999999,8006.1596725554091,4803.6958035332455
0.00050000000000000044,0.014999999999999999,7949.7919649562182,4769.8751789737307
0.0010000000000000009,0.014999999999999999,7786.6720050230942,4672.0032030138564
0.0015000000000000013,0.014999999999999999,7533.5988153414228,4520.1592892048538
0.0020000000000000018,0.014999999999999999,7214.9976993721393,4328.998619623283
0.0024999999999999988,0.014999999999999999,6858.4103115174212,4115.0461869104529
0.0030000000000000027,0.014999999999999999,6489.6605499718644,3893.7963299831185
0.0034999999999999996,0.014999999999999999,6128.7251664032747,3677.2350998419647
0.0040000000000000036,0.014999999999999999,5787.1271384692182,3472.2762830815309
0.0045000000000000005,0.014999999999999999,5467.2792857630611,3280.3675714578367
0.0049999999999999975,0.014999999999999999,5163.7418766504315,3098.2451259902587
0.0055000000000000014,0.014999999999999999,4865.9393115112507,2919.5635869067505
0.0059999999999999984,0.014999999999999999,4561.6051162648873,2736.9630697589323
0.0064999999999999988,0.014999999999999999,4240.1445445609252,2544.0867267365552
0.0069999999999999993,0.014999999999999999,3895.2186472297763,2337.1311883378658
0.0074999999999999997,0.014999999999999999,3526.1126578210592,2115.6675946926352
0.0080000000000000002,0.014999999999999999,3137.7747464516747,1882.6648478710047
0.0085000000000000006,0.014999999999999999,2739.7128512773302,1643.827710766398
0.0090000000000000011,0.014999999999999999,2344.1492211403988,1406.4895326842393
0.0095000000000000015,0.014999999999999999,1963.919152953677,1178.3514917722061
0.010000000000000002,0.014999999999999999,1610.5638010648061,966.33828063888359
0.010500000000000002,0.014999999999999999,1292.9388052010861,775.76328312065164
0.011000000000000003,0.014999999999999999,1016.4892234300779,609.89353405804673
0.011500000000000003,0.014999999999999999,783.17585967069829,469.90551580241896
0.012000000000000004,0.014999999999999999,591.91521317191632,355.1491279031498
0.012499999999999997,0.014999999999999999,439.33250785817671,263.599504714906
0.013000000000000005,0.014999999999999999,320.62304970623808,192.37382982374285
0.013499999999999998,0.014999999999999999,230.35617326554683,138.21370395932809
0.014000000000000005,0.014999999999999999,163.11685875392811,97.870115252356868
0.014499999999999999,0.014999999999999999,113.94251204365987,68.365507226195916
0.014999999999999999,0.014999999999999999,78.562212809251449,47.137327685550865
0.0155,0.014999999999999999,53.476485486736799,32.085891292042078
0.016000000000000007,0.014999999999999999,35.927629252499905,21.556577551499942
0.016500000000000001,0.014999999999999999,23.808442076123772,14.285065245674263
0.017000000000000001,0.014999999999999999,15.546913451933484,9.3281480711600899
0.017500000000000002,0.014999999999999999,9.9916643002763372,5.9949985801658023
0.017999999999999995,0.014999999999999999,6.3113626496576769,3.7868175897946061
0.018500000000000003,0.014999999999999999,3.9128708035579813,2.3477224821347886
0.019000000000000003,0.014999999999999999,2.3777657525804616,1.4266594515482769
0.019500000000000003,0.014999999999999999,1.4144929422771886,0.84869576536631308
0.019999999999999997,0.014999999999999999,0.82281967296856229,0.49369180378113736
0.020499999999999997,0.014999999999999999,0.46758186250433476,0.28054911750260086
0.021000000000000005,0.014999999999999999,0.25935791520907614,0.15561474912544568
0.021500000000000005,0.014999999999999999,0.14032297243352643,0.084193783460115856
0.021999999999999999,0.014999999999999999,0.074011074531183496,0.044406644718710094
0.022499999999999999,0.014999999999999999,0.038036476463909022,0.022821885878345414
0.023000000000000007,0.014999999999999999,0.019040362456470953,0.011424217473882571
0.023500000000000007,0.014999999999999999,0.0092808874071979488,0.0055685324443187694
0.024,0.014999999999999999,0.0044039021159492991,0.0026423412695695792
0.024500000000000001,0.014999999999999999,0.0020339286542005947,0.0012203571925203567
0.025000000000000001,0.014999999999999999,0.00091414920488017213,0.00054848952292810326
-0.025000000000000001,0.0155,0.00054948668888626028,0.00032969201333175614
-0.024500000000000001,0.0155,0.0012229710200721269,0.00073378261204327608
-0.024,0.0155,0.0026493154229860474,0.0015895892537916283
-0.0235,0.0155,0.0055871821647604045,0.0033523092988562426
-0.023,0.0155,0.011473565696014531,0.0068841394176087185
-0.022500000000000003,0.0155,0.022949947711665086,0.013769968626999052
-0.022000000000000002,0.0155,0.044730766074155416,0.026838459644493249
-0.021500000000000002,0.0155,0.084991351982291879,0.050994811189375128
-0.021000000000000001,0.0155,0.15751977908012679,0.094511867448076076
-0.020500000000000001,0.0155,0.28496289648274886,0.17097773788964932
-0.02,0.0155,0.5036097799579774,0.30216586797478645
-0.0195,0.0155,0.87031245219778441,0.5221874713186706
-0.019,0.0155,1.4723700827581965,0.88342204965491788
-0.018500000000000003,0.0155,2.4415301780372713,1.4649181068223627
-0.018000000000000002,0.0155,3.9737080054423379,2.3842248032654028
-0.017500000000000002,0.0155,6.3565664794936581,3.8139398876961947
-0.017000000000000001,0.0155,10.007605342026263,6.0045632052157574
-0.016500000000000001,0.0155,15.525591261333224,9.315354756799934
-0.016,0.0155,23.757528232845679,14.254516939707408
-0.0155,0.0155,35.881255820919009,21.528753492551406
-0.015000000000000001,0.0155,53.499484369181793,32.099690621509076
-0.014500000000000001,0.0155,78.734230337841936,47.24053820270516
-0.014,0.0155,114.30153029340769,68.580918176044619
-0.0135,0.0155,163.5365126050539,98.121907563032337
-0.012999999999999999,0.0155,230.33138011504701,138.1988280690282
-0.012500000000000001,0.0155,318.94785601168064,191.36871360700837
-0.012,0.0155,433.67577709033253,260.20546625419951
-0.0115,0.0155,578.33410549288465,347.00046329573075
-0.010999999999999999,0.0155,755.64962677479309,453.38977606487583
-0.010499999999999999,0.0155,966.59675871401805,579.95805522841079
-0.010000000000000002,0.0155,1209.8280917645532,725.89685505873183
-0.0095000000000000015,0.0155,1481.3538959846005,888.81233759076031
-0.0090000000000000011,0.0155,1774.6234864541877,1064.7740918725126
-0.0085000000000000006,0.0155,2081.1105138119842,1248.6663082871905
-0.0080000000000000002,0.0155,2391.4071813505475,1434.8443088103284
-0.0074999999999999997,0.0155,2696.7031266527556,1618.0218759916534
-0.0069999999999999993,0.0155,2990.3920567060345,1794.2352340236207
-0.0064999999999999988,0.0155,3269.4514829213199,1961.6708897527919
-0.0059999999999999984,0.0155,3535.2157876974838,2121.1294726184901
-0.0054999999999999979,0.0155,3793.2351381548801,2275.9410828929281
-0.005000000000000001,0.0155,4052.0833905321078,2431.2500343192646
-0.0044999999999999971,0.0155,4321.2189124223914,2592.7313474534349
-0.0040000000000000001,0.0155,4608.2589791848459,2764.9553875109073
-0.0035000000000000031,0.0155,4916.2327976070719,2949.7396785642431
-0.0029999999999999992,0.0155,5241.4662307660265,3144.879738459616
-0.0025000000000000022,0.0155,5572.6828246286932,3343.6096947772157
-0.0019999999999999983,0.0155,5891.6795837784975,3535.0077502670983
-0.0015000000000000013,0.0155,6175.5948722926532,3705.3569233755916
-0.00099999999999999742,0.0155,6400.4088365366861,3840.2453019220115
-0.00050000000000000044,0.0155,6544.9997664464554,3926.9998598678731
0,0.0155,6594.909527995912,3956.945716797547
0.00050000000000000044,0.0155,6544.9997577343438,3926.9998546406059
0.0010000000000000009,0.0155,6400.4088159699122,3840.245289581947
0.0015000000000000013,0.0155,6175.594832866519,3705.3568997199113
0.0020000000000000018,0.0155,5891.679513143963,3535.0077078863778
0.0024999999999999988,0.0155,5572.6827027834179,3343.6096216700507
0.0030000000000000027,0.0155,5241.4660268763928,3144.8796161258356
0.0034999999999999996,0.0155,4916.2324660045533,2949.739479602732
0.0040000000000000036,0.0155,4608.2584547425104,2764.955072845506
0.0045000000000000005,0.0155,4321.2181057576081,2592.7308634545648
0.0049999999999999975,0.0155,4052.0821837767771,2431.249310266066
0.0055000000000000014,0.0155,3793.2333823341364,2275.9400294004818
0.0059999999999999984,0.0155,3535.2133029800543,2121.1279817880327
0.0064999999999999988,0.0155,3269.4480630481353,1961.6688378288811
0.0069999999999999993,0.0155,2990.3874786697006,1794.2324872018203
0.0074999999999999997,0.0155,2696.6971661248449,1618.018299674907
0.0080000000000000002,0.0155,2391.3996334446106,1434.8397800667663
0.0085000000000000006,0.0155,2081.101217632578,1248.6607305795467
0.0090000000000000011,0.0155,1774.6123507219916,1064.767410433195
0.0095000000000000015,0.0155,1481.3409221211152,888.80455327266907
0.010000000000000002,0.0155,1209.8133904512144,725.88803427072867
0.010500000000000002,0.0155,966.58055631927539,579.94833379156523
0.011000000000000003,0.0155,755.63225922519518,453.3793555351171
0.011500000000000003,0.0155,578.31599900780077,346.98959940468046
0.012000000000000004,0.0155,433.65741737179485,260.19445042307689
0.012499999999999997,0.0155,318.92974952659853,191.35784971595911
0.013000000000000005,0.0155,230.31401256544947,138.18840753926969
0.013499999999999998,0.0155,163.52031021031246,98.112186126187467
0.014000000000000005,0.0155,114.2868289800674,68.572097388040433
0.014499999999999999,0.0155,78.721256474355599,47.232753884613359
0.014999999999999999,0.0155,53.488348636985158,32.093009182191096
0.0155,0.0155,35.871959641511765,21.523175784907057
0.016000000000000007,0.0155,23.74998032690446,14.249988196142676
0.016500000000000001,0.0155,15.519630733409958,9.3117784400459751
0.017000000000000001,0.0155,10.003027305656367,6.0018163833938205
0.017500000000000002,0.0155,6.3531466062082815,3.8118879637249687
0.017999999999999995,0.0155,3.9712232877339182,2.3827339726403509
0.018500000000000003,0.0155,2.4397743565476353,1.4638646139285811
0.019000000000000003,0.0155,1.4711633254728949,0.88269799528373694
0.019500000000000003,0.0155,0.86950578246304489,0.52170346947782686
0.019999999999999997,0.0155,0.50308532540368489,0.30185119524221093
0.020499999999999997,0.0155,0.28463126464041993,0.17077875878425194
0.021000000000000005,0.0155,0.15731582103044772,0.094389492618268636
0.021500000000000005,0.0155,0.08486935144546022,0.050921610867276132
0.021999999999999999,0.0155,0.044659788868505496,0.026795873321103298
0.022499999999999999,0.0155,0.022909785990431572,0.013745871594258942
0.023000000000000007,0.0155,0.011451463165350501,0.0068708778992103
0.023500000000000007,0.0155,0.0055753515326233179,0.0033452109195739907
0.024,0.0155,0.0026431564235578279,0.0015858938541346967
0.024500000000000001,0.0155,0.0012198524992987042,0.00073191149957922252
0.025000000000000001,0.0155,0.00054795092877497572,0.00032877055726498544
-0.025000000000000001,0.016000000000000007,0.00032027168032539689,0.00019216300819523813
-0.024500000000000001,0.016000000000000007,0.00071338001934995393,0.00042802801160997237
-0.024,0.016000000000000007,0.0015469038107725382,0.0009281422864635229
-0.0235,0.016000000000000007,0.0032662584534945433,0.0019597550720967258
-0.023,0.016000000000000007,0.0067175993756525797,0.004030559625391548
-0.022500000000000003,0.016000000000000007,0.013462252023711202,0.0080773512142267214
-0.022000000000000002,0.016000000000000007,0.026300495377491618,0.015780297226494971
-0.021500000000000002,0.016000000000000007,0.050118840187794389,0.030071304112676632
-0.021000000000000001,0.016000000000000007,0.093224474175426578,0.055934684505255947
-0.020500000000000001,0.016000000000000007,0.16939886681943123,0.10163932009165873
-0.02,0.016000000000000007,0.30099914624441149,0.18059948774664689
-0.0195,0.016000000000000007,0.52357597117352384,0.3141455827041143
-0.019,0.016000000000000007,0.89268095503416278,0.53560857302049769
-0.018500000000000003,0.016000000000000007,1.4938263918607051,0.89629583511642308
-0.018000000000000002,0.016000000000000007,2.4569423056274715,1.474165383376483
-0.017500000000000002,0.016000000000000007,3.9771170417781394,2.3862702250668835
-0.017000000000000001,0.016000000000000007,6.3437942059268897,3.8062765235561336
-0.016500000000000001,0.016000000000000007,9.980695485903162,5.9884172915418974
-0.016,0.016000000000000007,15.498165861372263,9.2988995168233579
-0.0155,0.016000000000000007,23.757900109648045,14.254740065788827
-0.015000000000000001,0.016000000000000007,35.946617726677545,21.567970636006525
-0.014500000000000001,0.016000000000000007,53.649955602802009,32.189973361681204
-0.014,0.016000000000000007,78.910955505082541,47.346573303049524
-0.0135,0.016000000000000007,114.25024287291401,68.5501457237484
-0.012999999999999999,0.016000000000000007,162.61960388459522,97.571762330757124
-0.012500000000000001,0.016000000000000007,227.26034611330715,136.35620766798428
-0.012,0.016000000000000007,311.4459560268125,186.8675736160875
-0.0115,0.016000000000000007,418.10750199405095,250.86450119643055
-0.010999999999999999,0.016000000000000007,549.36977280817678,329.62186368490603
-0.010499999999999999,0.016000000000000007,706.06219042181692,423.63731425309015
-0.010000000000000002,0.016000000000000007,887.30264242887483,532.38158545732483
-0.0095000000000000015,0.016000000000000007,1090.2728062782548,654.16368376695289
-0.0090000000000000011,0.016000000000000007,1310.2980856711104,786.17885140266617
-0.0085000000000000006,0.016000000000000007,1541.3054912309187,924.78329473855115
-0.0080000000000000002,0.016000000000000007,1776.6583782765026,1065.9950269659016
-0.0074999999999999997,0.016000000000000007,2010.2687804486181,1206.1612682691709
-0.0069999999999999993,0.016000000000000007,2237.7881549207323,1342.6728929524393
-0.0064999999999999988,0.016000000000000007,2457.6048147662032,1474.5628888597219
-0.0059999999999999984,0.016000000000000007,2671.3598130932337,1602.8158878559402
-0.0054999999999999979,0.016000000000000007,2883.7513093763314,1730.2507856257987
-0.005000000000000001,0.016000000000000007,3101.5310102286248,1860.9186061371747
-0.0044999999999999971,0.016000000000000007,3331.7832833139091,1999.0699699883453
-0.0040000000000000001,0.016000000000000007,3579.7760472057694,2147.8656283234614
-0.0035000000000000031,0.016000000000000007,3846.8296069066123,2308.0977641439672
-0.0029999999999999992,0.016000000000000007,4128.7154267064752,2477.2292560238852
-0.0025000000000000022,0.016000000000000007,4415.0400789546411,2649.0240473727845
-0.0019999999999999983,0.016000000000000007,4689.8892911060611,2813.9335746636366
-0.0015000000000000013,0.016000000000000007,4933.736639966296,2960.2419839797776
-0.00099999999999999742,0.016000000000000007,5126.3231844486509,3075.7939106691906
-0.00050000000000000044,0.016000000000000007,5249.963915754679,3149.9783494528074
0,0.016000000000000007,5292.6030077635933,3175.5618046581558
0.00050000000000000044,0.016000000000000007,5249.9639121229302,3149.9783472737581
0.0010000000000000009,0.016000000000000007,5126.3231758751435,3075.7939055250858
0.0015000000000000013,0.016000000000000007,4933.7366235310383,2960.2419741186227
0.0020000000000000018,0.016000000000000007,4689.8892616612056,2813.9335569967234
0.0024999999999999988,0.016000000000000007,4415.0400281619759,2649.0240168971854
0.0030000000000000027,0.016000000000000007,4128.7153417126301,2477.2292050275778
0.0034999999999999996,0.016000000000000007,3846.8294686741192,2308.0976812044714
0.0040000000000000036,0.016000000000000007,3579.7758285856767,2147.8654971514061
0.0045000000000000005,0.016000000000000007,3331.7829470459969,1999.0697682275982
0.0049999999999999975,0.016000000000000007,3101.5305071781604,1860.9183043068961
0.0055000000000000014,0.016000000000000007,2883.7505774413485,1730.2503464648091
0.0059999999999999984,0.016000000000000007,2671.358777308908,1602.8152663853448
0.0064999999999999988,0.016000000000000007,2457.6033891509596,1474.5620334905757
0.0069999999999999993,0.016000000000000007,2237.7862465112598,1342.6717479067559
0.0074999999999999997,0.016000000000000007,2010.2662957309151,1206.1597774385491
0.0080000000000000002,0.016000000000000007,1776.6552318411893,1065.9931391047135
0.0085000000000000006,0.016000000000000007,1541.3016160067966,924.78096960407788
0.0090000000000000011,0.016000000000000007,1310.2934436072976,786.17606616437854
0.0095000000000000015,0.016000000000000007,1090.2673979673195,654.1604387803917
0.010000000000000002,0.016000000000000007,887.29651400970488,532.37790840582295
0.010500000000000002,0.016000000000000007,706.05543625882092,423.63326175529255
0.011000000000000003,0.016000000000000007,549.36253293637469,329.61751976182478
0.011500000000000003,0.016000000000000007,418.09995408810943,250.85997245286563
0.012000000000000004,0.016000000000000007,311.43830255746212,186.86298153447726
0.012499999999999997,0.016000000000000007,227.25279820736691,136.35167892442013
0.013000000000000005,0.016000000000000007,162.61236401279297,97.567418407675774
0.013499999999999998,0.016000000000000007,114.24348870991862,68.546093225951168
0.014000000000000005,0.016000000000000007,78.904827085911521,47.342896251546911
0.014499999999999999,0.016000000000000007,53.644547291866175,32.186728375119706
0.014999999999999999,0.016000000000000007,35.941975662863527,21.565185397718114
0.0155,0.016000000000000007,23.754024885525059,14.252414931315036
0.016000000000000007,0.016000000000000007,15.495019426057208,9.297011655634325
0.016500000000000001,0.016000000000000007,9.9782107681947245,5.9869264609168349
0.017000000000000001,0.016000000000000007,6.3418857964395761,3.8051314778637453
0.017500000000000002,0.016000000000000007,3.9756914264933569,2.385414855896014
0.017999999999999995,0.016000000000000007,2.4559065211852142,1.4735439127111285
0.018500000000000003,0.016000000000000007,1.4930944565683413,0.89585667394100477
0.019000000000000003,0.016000000000000007,0.89217790375494854,0.53530674225296915
0.019500000000000003,0.016000000000000007,0.52323970119868635,0.31394382071921179
0.019999999999999997,0.016000000000000007,0.30078052105968023,0.18046831263580812
0.020499999999999997,0.016000000000000007,0.16926062209984832,0.10155637325990899
0.021000000000000005,0.016000000000000007,0.093139451810907617,0.055883671086544566
0.021500000000000005,0.016000000000000007,0.050067982797608906,0.030040789678565341
0.021999999999999999,0.016000000000000007,0.026270907676193288,0.015762544605715974
0.022499999999999999,0.016000000000000007,0.013445510127484035,0.0080673060764904197
0.023000000000000007,0.016000000000000007,0.0067083856700799662,0.0040250314020479792
0.023500000000000007,0.016000000000000007,0.0032613267122877962,0.0019567960273726777
0.024,0.016000000000000007,0.0015443363578316919,0.00092660181469901505
0.024500000000000001,0.016000000000000007,0.00071208002648193559,0.00042724801588916132
0.025000000000000001,0.016000000000000007,0.00031963148026366512,0.00019177888815819906
-0.025000000000000001,0.016500000000000001,0.00018173059241227877,0.00010903835544736727
-0.024500000000000001,0.016500000000000001,0.00040518132245226152,0.00024310879347135689
-0.024,0.016500000000000001,0.00087965920952701334,0.00052779552571620794
-0.0235,0.016500000000000001,0.0018601788760938495,0.0011161073256563097
-0.023,0.016500000000000001,0.0038329577146178776,0.0022997746287707265
-0.022500000000000003,0.016500000000000001,0.0076993671789262726,0.0046196203073557637
-0.022000000000000002,0.016500000000000001,0.015085720828594943,0.0090514324971569648
-0.021500000000000002,0.016500000000000001,0.02885148438503788,0.017310890631022726
-0.021000000000000001,0.016500000000000001,0.053904017031272969,0.03234241021876378
-0.020500000000000001,0.016500000000000001,0.098479888690089029,0.059087933214053416
-0.02,0.016500000000000001,0.17612980390283262,0.10567788234169957
-0.0195,0.016500000000000001,0.30875882633476365,0.18525529580085817
-0.019,0.016500000000000001,0.53124168583135267,0.31874501149881157
-0.018500000000000003,0.016500000000000001,0.8983685831032987,0.53902114986197924
-0.018000000000000002,0.016500000000000001,1.4951812073353408,0.89710872440120448
-0.017500000000000002,0.016500000000000001,2.4520997444880965,1.4712598466928579
-0.017000000000000001,0.016500000000000001,3.966526905609749,2.3799161433658491
-0.016500000000000001,0.016500000000000001,6.3326631275491785,3.7995978765295071
-0.016,0.016500000000000001,9.9807952931133954,5.9884771758680371
-0.0155,0.016500000000000001,15.525971740332084,9.3155830441992507
-0.015000000000000001,0.016500000000000001,23.823407379110005,14.294044427466003
-0.014500000000000001,0.016500000000000001,36.024019221378836,21.614411532827301
-0.014,0.016500000000000001,53.618438496288526,32.171063097773114
-0.0135,0.016500000000000001,78.452595359508166,47.0715572157049
-0.012999999999999999,0.016500000000000001,112.69420726221117,67.616524357326696
-0.012500000000000001,0.016500000000000001,158.72952877881798,95.23771726729079
-0.012,0.016500000000000001,218.97595772451288,131.38557463470772
-0.0115,0.016500000000000001,295.610177269394,177.36610636163638
-0.010999999999999999,0.016500000000000001,390.23319756789994,234.13991854073996
-0.010499999999999999,0.016500000000000001,503.51985579001149,302.11191347400688
-0.010000000000000002,0.016500000000000001,634.92480968701727,380.95488581221036
-0.0095000000000000015,0.016500000000000001,782.53123803896619,469.51874282337968
-0.0090000000000000011,0.016500000000000001,943.123490415422,565.87409424925318
-0.0085000000000000006,0.016500000000000001,1112.5347502053808,667.52085012322846
-0.0080000000000000002,0.016500000000000001,1286.2653503062854,771.75921018377119
-0.0074999999999999997,0.016500000000000001,1460.2948820503057,876.17692923018342
-0.0069999999999999993,0.016500000000000001,1631.9380118736951,979.16280712421701
-0.0064999999999999988,0.016500000000000001,1800.5415449203676,1080.3249269522205
-0.0059999999999999984,0.016500000000000001,1967.8099467758814,1180.6859680655289
-0.0054999999999999979,0.016500000000000001,2137.59209335787,1282.5552560147219
-0.005000000000000001,0.016500000000000001,2315.0637254256867,1389.038235255412
-0.0044999999999999971,0.016500000000000001,2505.3814632269177,1503.2288779361506
-0.0040000000000000001,0.016500000000000001,2712.033687004789,1627.2202122028734
-0.0035000000000000031,0.016500000000000001,2935.2311377360315,1761.138682641619
-0.0029999999999999992,0.016500000000000001,3170.7280007433865,1902.4368004460318
-0.0025000000000000022,0.016500000000000001,3409.4186580610385,2045.6511948366231
-0.0019999999999999983,0.016500000000000001,3637.9154203814774,2182.7492522288862
-0.0015000000000000013,0.016500000000000001,3840.1039329837145,2304.0623597902286
-0.00099999999999999742,0.016500000000000001,3999.4432281873628,2399.6659369124177
-0.00050000000000000044,0.016500000000000001,4101.5847926438501,2460.9508755863098
0,0.016500000000000001,4136.7824898697609,2482.0694939218565
0.00050000000000000044,0.016500000000000001,4101.5847911713881,2460.9508747028326
0.0010000000000000009,0.016500000000000001,3999.4432247113036,2399.6659348267822
0.0015000000000000013,0.016500000000000001,3840.1039263201737,2304.062355792104
0.0020000000000000018,0.016500000000000001,3637.9154084432985,2182.7492450659788
0.0024999999999999988,0.016500000000000001,3409.4186374675655,2045.6511824805393
0.0030000000000000027,0.016500000000000001,3170.7279662833221,1902.4367797699931
0.0034999999999999996,0.016500000000000001,2935.2310816907907,1761.1386490144744
0.0040000000000000036,0.016500000000000001,2712.0335983670502,1627.2201590202301
0.0045000000000000005,0.016500000000000001,2505.3813268898261,1503.2287961338957
0.0049999999999999975,0.016500000000000001,2315.0635214679669,1389.0381128807801
0.0055000000000000014,0.016500000000000001,2137.5917966007833,1282.5550779604698
0.0059999999999999984,0.016500000000000001,1967.8095268255499,1180.68571609533
0.0064999999999999988,0.016500000000000001,1800.5409669162614,1080.3245801497567
0.0069999999999999993,0.016500000000000001,1631.9372381245953,979.16234287475709
0.0074999999999999997,0.016500000000000001,1460.2938746417215,876.17632478503288
0.0080000000000000002,0.016500000000000001,1286.2640746096779,771.75844476580676
0.0085000000000000006,0.016500000000000001,1112.5331790272792,667.51990741636746
0.0090000000000000011,0.016500000000000001,943.12160832840459,565.87296499704269
0.0095000000000000015,0.016500000000000001,782.52904528328509,469.51742716997103
0.010000000000000002,0.016500000000000001,634.92232496930956,380.95339498158575
0.010500000000000002,0.016500000000000001,503.51711736955832,302.11027042173498
0.011000000000000003,0.016500000000000001,390.23026222076186,234.1381573324571
0.011500000000000003,0.016500000000000001,295.60711703231959,177.36427021939176
0.012000000000000004,0.016500000000000001,218.97285468761285,131.38371281256769
0.012499999999999997,0.016500000000000001,158.72646854174434,95.235881125046603
0.013000000000000005,0.016500000000000001,112.6912719150731,67.614763149043853
0.013499999999999998,0.016500000000000001,78.449856939055621,47.069914163433374
0.014000000000000005,0.016500000000000001,53.615953778580014,32.169572267148006
0.014499999999999999,0.016500000000000001,36.02182646569748,21.613095879418488
0.014999999999999999,0.016500000000000001,23.821525292092012,14.292915175255207
0.0155,0.016500000000000001,15.524400562229873,9.3146403373379236
0.016000000000000007,0.016500000000000001,9.9795195965058774,5.9877117579035266
0.016500000000000001,0.016500000000000001,6.3316557189633063,3.7989934313779834
0.017000000000000001,0.016500000000000001,3.9657531565048263,2.3794518939028957
0.017500000000000002,0.016500000000000001,2.4515217403658682,1.4709130442195208
0.017999999999999995,0.016500000000000001,1.4947612569575992,0.89685675417455946
0.018500000000000003,0.016500000000000001,0.89807182589207502,0.53884309553524501
0.019000000000000003,0.016500000000000001,0.53103772778167246,0.31862263666900348
0.019500000000000003,0.016500000000000001,0.30862248840845757,0.18517349304507455
0.019999999999999997,0.016500000000000001,0.17604116409983211,0.10562469845989926
0.020499999999999997,0.016500000000000001,0.098423838492922952,0.059054303095753768
0.021000000000000005,0.016500000000000001,0.053869545405092818,0.032321727243055688
0.021500000000000005,0.016500000000000001,0.028830864669826567,0.017298518801895941
0.021999999999999999,0.016500000000000001,0.01507372473574985,0.0090442348414499097
0.022499999999999999,0.016500000000000001,0.0076925793132682201,0.0046155475879609319
0.023000000000000007,0.016500000000000001,0.0038292220926314639,0.0022975332555788784
0.023500000000000007,0.016500000000000001,0.0018581793417330062,0.0011149076050398037
0.024,0.016500000000000001,0.000878618256614066,0.0005271709539684396
0.024500000000000001,0.016500000000000001,0.00040465425091718265,0.00024279255055030958
0.025000000000000001,0.016500000000000001,0.00018147102850420222,0.00010888261710252134
-0.025000000000000001,0.017000000000000001,0.00010040187912684453,6.0241127476106712e-05
-0.024500000000000001,0.017000000000000001,0.0002241205309055812,0.00013447231854334872
-0.024,0.017000000000000001,0.00048729931752105525,0.00029237959051263315
-0.0235,0.017000000000000001,0.0010324006016551874,0.00061944036099311243
-0.023,0.017000000000000001,0.0021322674013874959,0.0012793604408324975
-0.022500000000000003,0.017000000000000001,0.0042956062447479368,0.0025773637468487621
-0.022000000000000002,0.017000000000000001,0.0084469070587530701,0.0050681442352518416
-0.021500000000000002,0.017000000000000001,0.016226365702180234,0.0097358194213081391
-0.021000000000000001,0.017000000000000001,0.030480190627024707,0.018288114376214824
-0.020500000000000001,0.017000000000000001,0.056049582614702054,0.033629749568821234
-0.02,0.017000000000000001,0.1010247184973323,0.06061483109839938
-0.0195,0.017000000000000001,0.17871802812903051,0.1072308168774183
-0.019,0.017000000000000001,0.31074041725282386,0.18644425035169432
-0.018500000000000003,0.017000000000000001,0.53174415105980666,0.31904649063588397
-0.018000000000000002,0.017000000000000001,0.89662541748467051,0.5379752504908023
-0.017500000000000002,0.017000000000000001,1.4912315587110014,0.89473893522660086
-0.017000000000000001,0.017000000000000001,2.4478217793605586,1.468693067616335
-0.016500000000000001,0.017000000000000001,3.9665522234382116,2.3799313340629267
-0.016,0.017000000000000001,6.3438934889251444,3.8063360933550863
-0.0155,0.017000000000000001,10.007889487693026,6.0047336926158152
-0.015000000000000001,0.017000000000000001,15.558298050697305,9.3349788304183825
-0.014500000000000001,0.017000000000000001,23.806821998518199,14.284093199110918
-0.014,0.017000000000000001,35.809052110030834,21.485431266018498
-0.0135,0.017000000000000001,52.876067742814016,31.725640645688408
-0.012999999999999999,0.017000000000000001,76.551077953353044,45.930646772011826
-0.012500000000000001,0.017000000000000001,108.5366630385389,65.121997823123337
-0.012,0.017000000000000001,150.56277866593604,90.337667199561622
-0.0115,0.017000000000000001,204.19582356599852,122.51749413959911
-0.010999999999999999,0.017000000000000001,270.60450904471315,162.36270542682789
-0.010499999999999999,0.017000000000000001,350.3167547787902,210.19005286727412
-0.010000000000000002,0.017000000000000001,443.01890780258742,265.81134468155244
-0.0095000000000000015,0.017000000000000001,547.45814072849214,328.47488443709528
-0.0090000000000000011,0.017000000000000001,661.50467547828862,396.90280528697315
-0.0085000000000000006,0.017000000000000001,782.40826793979659,469.44496076387793
-0.0080000000000000002,0.017000000000000001,907.24326257984683,544.34595754790803
-0.0074999999999999997,0.017000000000000001,1033.4844469512325,620.09066817073949
-0.0069999999999999993,0.017000000000000001,1159.6037201002741,695.76223206016448
-0.0064999999999999988,0.017000000000000001,1285.5408002328993,771.32448013973953
-0.0059999999999999984,0.017000000000000001,1412.8951178768998,847.7370707261399
-0.0054999999999999979,0.017000000000000001,1544.7206340729131,926.83238044374775
-0.005000000000000001,0.017000000000000001,1684.8807008068545,1010.9284204841126
-0.0044999999999999971,0.017000000000000001,1837.0241556708668,1102.21449340252
-0.0040000000000000001,0.017000000000000001,2003.3534292810623,1202.0120575686374
-0.0035000000000000031,0.017000000000000001,2183.441137796769,1310.0646826780614
-0.0029999999999999992,0.017000000000000001,2373.3855737655822,1424.0313442593492
-0.0025000000000000022,0.017000000000000001,2565.5600109437055,1539.3360065662232
-0.0019999999999999983,0.017000000000000001,2749.105146874022,1649.4630881244132
-0.0015000000000000013,0.017000000000000001,2911.1573022564394,1746.6943813538635
-0.00099999999999999742,0.017000000000000001,3038.6327215176125,1823.1796329105675
-0.00050000000000000044,0.017000000000000001,3120.2440656690737,1872.1464394014442
0,0.017000000000000001,3148.3487254354509,1889.0092352612705
0.00050000000000000044,0.017000000000000001,3120.2440650884309,1872.1464390530584
0.0010000000000000009,0.017000000000000001,3038.6327201468821,1823.1796320881292
0.0015000000000000013,0.017000000000000001,2911.1572996287746,1746.6943797772647
0.0020000000000000018,0.017000000000000001,2749.1051421663851,1649.4630852998309
0.0024999999999999988,0.017000000000000001,2565.5600028229878,1539.3360016937927
0.0030000000000000027,0.017000000000000001,2373.3855601767864,1424.0313361060719
0.0034999999999999996,0.017000000000000001,2183.4411156961928,1310.0646694177155
0.0040000000000000036,0.017000000000000001,2003.3533943281361,1202.0120365968817
0.0045000000000000005,0.017000000000000001,1837.0241019084367,1102.2144611450619
0.0049999999999999975,0.017000000000000001,1684.8806203792733,1010.928372227564
0.0055000000000000014,0.017000000000000001,1544.7205170513323,926.83231023079929
0.0059999999999999984,0.017000000000000001,1412.8949522759638,847.73697136557826
0.0064999999999999988,0.017000000000000001,1285.540572305895,771.32434338353698
0.0069999999999999993,0.017000000000000001,1159.6034149842512,695.76204899055074
0.0074999999999999997,0.017000000000000001,1033.4840496951967,620.09042981711798
0.0080000000000000002,0.017000000000000001,907.24275952856726,544.34565571714029
0.0085000000000000006,0.017000000000000001,782.40764836994765,469.44458902196857
0.0090000000000000011,0.017000000000000001,661.50393330630482,396.9023599837829
0.0095000000000000015,0.017000000000000001,547.45727604911303,328.4743656294678
0.010000000000000002,0.017000000000000001,443.01792799248676,265.81075679549207
0.010500000000000002,0.017000000000000001,350.31567492492513,210.18940495495508
0.011000000000000003,0.017000000000000001,270.60335153584759,162.36201092150856
0.011500000000000003,0.017000000000000001,204.19461680871285,122.51677008522771
0.012000000000000004,0.017000000000000001,150.56155503119953,90.336933018719719
0.012499999999999997,0.017000000000000001,108.53545628125397,65.121273768752374
0.013000000000000005,0.017000000000000001,76.549920444487483,45.929952266692489
0.013499999999999998,0.017000000000000001,52.874987888949406,31.724992733369643
0.014000000000000005,0.017000000000000001,35.808072299929876,21.484843379957926
0.014499999999999999,0.017000000000000001,23.805957319139122,14.283574391483473
0.014999999999999999,0.017000000000000001,15.55755587871348,9.3345335272280874
0.0155,0.017000000000000001,10.007269917844249,6.0043619507065493
0.016000000000000007,0.017000000000000001,6.3433904376459065,3.8060342625875436
0.016500000000000001,0.017000000000000001,3.9661549674019132,2.3796929804411477
0.017000000000000001,0.017000000000000001,2.4475166633363132,1.4685099980017879
0.017500000000000002,0.017000000000000001,1.4910036317012645,0.89460217902075867
0.017999999999999995,0.017000000000000001,0.89645981653105355,0.53787588991863211
0.018500000000000003,0.017000000000000001,0.53162712943111712,0.31897627765867026
0.019000000000000003,0.017000000000000001,0.31065998954203761,0.18639599372522256
0.019500000000000003,0.017000000000000001,0.1786642653708391,0.10719855922250346
0.019999999999999997,0.017000000000000001,0.10098976475831094,0.060593858854986561
0.020499999999999997,0.017000000000000001,0.056027480084038399,0.033616488050423041
0.021000000000000005,0.017000000000000001,0.030466597272974245,0.018279958363784547
0.021500000000000005,0.017000000000000001,0.016218234635551075,0.0097309407813306447
0.021999999999999999,0.017000000000000001,0.0084421765845824424,0.0050653059507494652
0.022499999999999999,0.017000000000000001,0.0042929295546302688,0.0025757577327781612
0.023000000000000007,0.017000000000000001,0.002130794316480077,0.0012784765898880461
0.023500000000000007,0.017000000000000001,0.0010316121161233192,0.00061896726967399147
0.024,0.017000000000000001,0.00048688883379680129,0.00029213330027808075
0.024500000000000001,0.017000000000000001,0.00022391268837593706,0.00013434761302556222
0.025000000000000001,0.017000000000000001,0.00010029952410353466,6.0179714462120794e-05
-0.025000000000000001,0.017500000000000002,5.4018865715860086e-05,3.2411319429516053e-05
-0.024500000000000001,0.017500000000000002,0.00012076228801044993,7.245737280626996e-05
-0.024,0.017500000000000002,0.00026306003897215728,0.00015783602338329436
-0.0235,0.017500000000000002,0.00055862304178568316,0.00033517382507140987
-0.023,0.017500000000000002,0.0011571021003790266,0.00069426126022741595
-0.022500000000000003,0.017500000000000002,0.0023394539483370222,0.0014036723690022132
-0.022000000000000002,0.017500000000000002,0.0046206935454726665,0.0027724161272835997
-0.021500000000000002,0.017500000000000002,0.0089242610895843913,0.0053545566537506343
-0.021000000000000001,0.017500000000000002,0.016873112404333743,0.010123867442600245
-0.020500000000000001,0.017500000000000002,0.031269302489690336,0.018761581493814201
-0.02,0.017500000000000002,0.056875607665684051,0.034125364599410429
-0.0195,0.017500000000000002,0.10167679358970423,0.061006076153822537
-0.019,0.017500000000000002,0.17889256343670926,0.10733553806202555
-0.018500000000000003,0.017500000000000002,0.31014503016801842,0.18608701810081105
-0.018000000000000002,0.017500000000000002,0.53034855809461401,0.31820913485676838
-0.017500000000000002,0.017500000000000002,0.89506863668429781,0.53704118201057871
-0.017000000000000001,0.017500000000000002,1.4912376294106087,0.89474257764636522
-0.016500000000000001,0.017500000000000002,2.4521242317400236,1.4712745390440141
-0.016,0.017500000000000002,3.9771891355263955,2.3863134813158373
-0.0155,0.017500000000000002,6.3567500688977985,3.8140500413386791
-0.015000000000000001,0.017500000000000002,10.00006983663506,6.000041901981036
-0.014500000000000001,0.017500000000000002,15.463515632904661,9.278109379742796
-0.014,0.017500000000000002,23.472970941185011,14.083782564711006
-0.0135,0.017500000000000002,34.932182530394755,20.959309518236854
-0.012999999999999999,0.017500000000000002,50.907026491835495,30.544215895101296
-0.012500000000000001,0.017500000000000002,72.575894755041901,43.545536853025141
-0.012,0.017500000000000002,101.1396805158596,60.683808309515754
-0.0115,0.017500000000000002,137.69191381711681,82.615148290270085
-0.010999999999999999,0.017500000000000002,183.06026588259408,109.83615952955644
-0.010499999999999999,0.017500000000000002,237.64331444620009,142.58598866772004
-0.010000000000000002,0.017500000000000002,301.27803587101158,180.76682152260693
-0.0095000000000000015,0.017500000000000002,373.17974352292055,223.90784611375233
-0.0090000000000000011,0.017500000000000002,451.9928199583444,271.19569197500664
-0.0085000000000000006,0.017500000000000002,535.97471079872844,321.58482647923705
-0.0080000000000000002,0.017500000000000002,623.30739213559082,373.98443528135448
-0.0074999999999999997,0.017500000000000002,712.49411989340024,427.49647193604011
-0.0069999999999999993,0.017500000000000002,802.76303198812343,481.65781919287406
-0.0064999999999999988,0.017500000000000002,894.37403622924217,536.62442173754528
-0.0059999999999999984,0.017500000000000002,988.72211484768548,593.23326890861131
-0.0054999999999999979,0.017500000000000002,1088.1557034676878,652.89342208061259
-0.005000000000000001,0.017500000000000002,1195.4831904168475,717.2899142501085
-0.0044999999999999971,0.017500000000000002,1313.2151985891928,787.92911915351567
-0.0040000000000000001,0.017500000000000002,1442.6685874834973,865.60115249009834
-0.0035000000000000031,0.017500000000000002,1583.1189739332522,949.87138435995121
-0.0029999999999999992,0.017500000000000002,1731.2119760549326,1038.7271856329596
-0.0025000000000000022,0.017500000000000002,1880.8165533510055,1128.4899320106033
-0.0019999999999999983,0.017500000000000002,2023.4262311546599,1214.055738692796
-0.0015000000000000013,0.017500000000000002,2149.0993893127629,1289.4596335876577
-0.00099999999999999742,0.017500000000000002,2247.8039919791918,1348.6823951875151
-0.00050000000000000044,0.017500000000000002,2310.9269215737122,1386.5561529442273
0,0.017500000000000002,2332.6525368772991,1399.5915221263795
0.00050000000000000044,0.017500000000000002,2310.9269213510179,1386.5561528106107
0.0010000000000000009,0.017500000000000002,2247.8039914534734,1348.6823948720839
0.0015000000000000013,0.017500000000000002,2149.0993883049709,1289.4596329829826
0.0020000000000000018,0.017500000000000002,2023.426229349132,1214.0557376094791
0.0024999999999999988,0.017500000000000002,1880.8165502364541,1128.4899301418725
0.0030000000000000027,0.017500000000000002,1731.2119708431999,1038.7271825059199
0.0034999999999999996,0.017500000000000002,1583.1189654569841,949.87137927419042
0.0040000000000000036,0.017500000000000002,1442.668574077946,865.60114444676753
0.0045000000000000005,0.017500000000000002,1313.215177969603,787.92910678176179
0.0049999999999999975,0.017500000000000002,1195.4831595703308,717.2898957421985
0.0055000000000000014,0.017500000000000002,1088.1556585862168,652.89339515173003
0.0059999999999999984,0.017500000000000002,988.72205133449836,593.23323080069895
0.0064999999999999988,0.017500000000000002,894.37394881203988,536.62436928722389
0.0069999999999999993,0.017500000000000002,802.76291496649526,481.65774897989712
0.0074999999999999997,0.017500000000000002,712.49396753316807,427.49638051990081
0.0080000000000000002,0.017500000000000002,623.30719919954242,373.98431951972543
0.0085000000000000006,0.017500000000000002,535.97447317412991,321.58468390447791
0.0090000000000000011,0.017500000000000002,451.9925353119562,271.19552118717371
0.0095000000000000015,0.017500000000000002,373.17941189107847,223.90764713464708
0.010000000000000002,0.017500000000000002,301.27766008290274,180.76659604974165
0.010500000000000002,0.017500000000000002,237.64290028814847,142.58574017288907
0.011000000000000003,0.017500000000000002,183.05982194139804,109.83589316483882
0.011500000000000003,0.017500000000000002,137.69145098759708,82.614870592558248
0.012000000000000004,0.017500000000000002,101.13921121330451,60.683526727982702
0.012499999999999997,0.017500000000000002,72.575431925522494,43.545259155313495
0.013000000000000005,0.017500000000000002,50.906582550639648,30.543949530383788
0.013499999999999998,0.017500000000000002,34.931768372343683,20.95906102340621
0.014000000000000005,0.017500000000000002,23.472595153075854,14.083557091845512
0.014499999999999999,0.017500000000000002,15.463184001062411,9.2779104006374453
0.014999999999999999,0.017500000000000002,9.9997851902467794,5.9998711141480676
0.0155,0.017500000000000002,6.3565124442991987,3.813907466579519
0.016000000000000007,0.017500000000000002,3.9769961994780205,2.386197719686812
0.016500000000000001,0.017500000000000002,2.4519718715075869,1.471183122904552
0.017000000000000001,0.017500000000000002,1.4911206077819199,0.8946723646691519
0.017500000000000002,0.017500000000000002,0.89498121947975284,0.53698873168785166
0.017999999999999995,0.017500000000000002,0.53028504490040518,0.31817102694024307
0.018500000000000003,0.017500000000000002,0.3101001486787065,0.18606008920722389
0.019000000000000003,0.017500000000000002,0.17886171687028837,0.10731703012217302
0.019500000000000003,0.017500000000000002,0.10165617387449276,0.060993704324695655
0.019999999999999997,0.017500000000000002,0.056862201803179357,0.034117321081907612
0.020499999999999997,0.017500000000000002,0.031260825471340452,0.018756495282804271
0.021000000000000005,0.017500000000000002,0.016867898923874115,0.010120739354324469
0.021500000000000005,0.017500000000000002,0.008921142568810941,0.0053526855412865644
0.021999999999999999,0.017500000000000002,0.0046188792592735464,0.0027713275555641278
0.022499999999999999,0.017500000000000002,0.0023384273531660955,0.0014030564118996571
0.023000000000000007,0.017500000000000002,0.0011565371258075014,0.0006939222754845008
0.023500000000000007,0.017500000000000002,0.00055832063268945438,0.00033499237961367263
0.024,0.017500000000000002,0.00026290260550375399,0.0001577415633022524
0.024500000000000001,0.017500000000000002,0.00012068257383814494,7.240954430288696e-05
0.025000000000000001,0.017500000000000002,5.3979609332778264e-05,3.2387765599666956e-05
-0.025000000000000001,0.017999999999999995,2.8311087699895279e-05,1.6986652619937166e-05
-0.024500000000000001,0.017999999999999995,6.3408811716067679e-05,3.8045287029640608e-05
-0.024,0.017999999999999995,0.0001384467159820505,8.3068029589230302e-05
-0.0235,0.017999999999999995,0.00029485206811245086,0.0001769112408674705
-0.023,0.017999999999999995,0.00061293626058949802,0.00036776175635369878
-0.022500000000000003,0.017999999999999995,0.0012447322798050042,0.0007468393678830025
-0.022000000000000002,0.017999999999999995,0.0024717735973083838,0.0014830641583850302
-0.021500000000000002,0.017999999999999995,0.004805061050029283,0.0028830366300175696
-0.021000000000000001,0.017999999999999995,0.0091556422469255792,0.0054933853481553474
-0.020500000000000001,0.017999999999999995,0.017122340890293398,0.010273404534176038
-0.02,0.017999999999999995,0.031472037018243457,0.018883222210946075
-0.0195,0.017999999999999995,0.056932533779989601,0.034159520267993758
-0.019,0.017999999999999995,0.10148394078099036,0.060890364468594214
-0.018500000000000003,0.017999999999999995,0.17842548577457432,0.10705529146474459
-0.018000000000000002,0.017999999999999995,0.3096086611485559,0.18576519668913352
-0.017500000000000002,0.017999999999999995,0.53034993415913023,0.31820996049547812
-0.017000000000000001,0.017999999999999995,0.89663112661163857,0.53797867596698312
-0.016500000000000001,0.017999999999999995,1.4951984971562395,0.8971190982937437
-0.016,0.017999999999999995,2.4569875999142292,1.4741925599485375
-0.0155,0.017999999999999995,3.9738162482895958,2.3842897489737576
-0.015000000000000001,0.017999999999999995,6.3174014840682293,3.7904408904409372
-0.014500000000000001,0.017999999999999995,9.8584361054959757,5.9150616632975854
-0.014,0.017999999999999995,15.081815353466197,9.0490892120797177
-0.0135,0.017999999999999995,22.592454659580429,13.555472795748257
-0.012999999999999999,0.017999999999999995,33.105044271096197,19.863026562657719
-0.012500000000000001,0.017999999999999995,47.411289913762658,28.446773948257594
-0.012,0.017999999999999995,66.320445755746618,39.79226745344797
-0.0115,0.017999999999999995,90.57373251552292,54.344239509313752
-0.010999999999999999,0.017999999999999995,120.74039232773619,72.444235396641716
-0.010499999999999999,0.017999999999999995,157.11157492940021,94.266944957640121
-0.010000000000000002,0.017999999999999995,199.61587447266751,119.76952468360051
-0.0095000000000000015,0.017999999999999995,247.78430176754654,148.67058106052792
-0.0090000000000000011,0.017999999999999995,300.78989702182179,180.47393821309308
-0.0085000000000000006,0.017999999999999995,357.57615036303139,214.54569021781882
-0.0080000000000000002,0.017999999999999995,417.06903613970496,250.24142168382298
-0.0074999999999999997,0.017999999999999995,478.44269926133234,287.06561955679939
-0.0069999999999999993,0.017999999999999995,541.38435224585191,324.83061134751114
-0.0064999999999999988,0.017999999999999995,606.28723216715082,363.77233930029047
-0.0059999999999999984,0.017999999999999995,674.29887686729649,404.57932612037786
-0.0054999999999999979,0.017999999999999995,747.17029525856401,448.30217715513839
-0.005000000000000001,0.017999999999999995,826.88982102068962,496.13389261241377
-0.0044999999999999971,0.017999999999999995,915.13754862915118,549.08252917749064
-0.0040000000000000001,0.017999999999999995,1012.6507201701778,607.59043210210666
-0.0035000000000000031,0.017999999999999995,1118.632545502154,671.17952730129241
-0.0029999999999999992,0.017999999999999995,1230.3526507461352,738.21159044768103
-0.0025000000000000022,0.017999999999999995,1343.06765787633,805.84059472579804
-0.0019999999999999983,0.017999999999999995,1450.334907473617,870.20094448417024
-0.0015000000000000013,0.017999999999999995,1544.7107201981107,926.82643211886636
-0.00099999999999999742,0.017999999999999995,1618.7351316303598,971.2410789782158
-0.00050000000000000044,0.017999999999999995,1666.0303000619651,999.61818003717906
0,0.017999999999999995,1682.3004869372021,1009.3802921623212
0.00050000000000000044,0.017999999999999995,1666.0302999788944,999.61817998733659
0.0010000000000000009,0.017999999999999995,1618.7351314342538,971.24107886055231
0.0015000000000000013,0.017999999999999995,1544.7107198221793,926.82643189330747
0.0020000000000000018,0.017999999999999995,1450.334906800111,870.20094408006651
0.0024999999999999988,0.017999999999999995,1343.0676567145263,805.84059402871571
0.0030000000000000027,0.017999999999999995,1230.3526488020307,738.21158928121838
0.0034999999999999996,0.017999999999999995,1118.6325423402982,671.17952540417889
0.0040000000000000036,0.017999999999999995,1012.6507151695778,607.59042910174662
0.0045000000000000005,0.017999999999999995,915.13754093753755,549.08252456252251
0.0049999999999999975,0.017999999999999995,826.88980951418228,496.13388570850935
0.0055000000000000014,0.017999999999999995,747.17027851667399,448.3021671100044
0.0059999999999999984,0.017999999999999995,674.29885317531989,404.5793119051919
0.0064999999999999988,0.017999999999999995,606.28719955839017,363.7723197350341
0.0069999999999999993,0.017999999999999995,541.38430859391428,324.83058515634855
0.0074999999999999997,0.017999999999999995,478.44264242722892,287.06558545633732
0.0080000000000000002,0.017999999999999995,417.06896416982721,250.24137850189632
0.0085000000000000006,0.017999999999999995,357.57606172322841,214.54563703393703
0.0090000000000000011,0.017999999999999995,300.78979084173778,180.47387450504266
0.0095000000000000015,0.017999999999999995,247.78417806073611,148.67050683644166
0.010000000000000002,0.017999999999999995,199.61573429448666,119.76944057669199
0.010500000000000002,0.017999999999999995,157.11142043828977,94.266852262973856
0.011000000000000003,0.017999999999999995,120.74022672678247,72.44413603606948
0.011500000000000003,0.017999999999999995,90.573559868761222,54.344135921256729
0.012000000000000004,0.017999999999999995,66.320270694383922,39.792162416630354
0.012499999999999997,0.017999999999999995,47.411117267001195,28.446670360200716
0.013000000000000005,0.017999999999999995,33.104878670142512,19.862927202085505
0.013499999999999998,0.017999999999999995,22.592300168470221,13.555380101082132
0.014000000000000005,0.017999999999999995,15.081675175285318,9.0490051051711902
0.014499999999999999,0.017999999999999995,9.8583123986855892,5.9149874392113535
0.014999999999999999,0.017999999999999995,6.3172953039844835,3.79037718239069
0.0155,0.017999999999999995,3.9737276084865996,2.3842365650919595
0.016000000000000007,0.017999999999999995,2.4569156300364452,1.4741493780218671
0.016500000000000001,0.017999999999999995,1.4951416630529244,0.89708499783175466
0.017000000000000001,0.017999999999999995,0.89658747467419586,0.53795248480451752
0.017500000000000002,0.017999999999999995,0.53031732539793774,0.31819039523876264
0.017999999999999995,0.017999999999999995,0.30958496916946265,0.1857509815016776
0.018500000000000003,0.017999999999999995,0.17840874387834735,0.1070452463270084
0.019000000000000003,0.017999999999999995,0.10147243425520647,0.06088346055312388
0.019500000000000003,0.017999999999999995,0.056924842120519396,0.034154905272311638
0.019999999999999997,0.017999999999999995,0.031467036302751883,0.018880221781651128
0.020499999999999997,0.017999999999999995,0.017119178754550914,0.010271507252730547
0.021000000000000005,0.017999999999999995,0.0091536974908540472,0.0054922184945124285
0.021500000000000005,0.017999999999999995,0.0048038977652993722,0.0028823386591796231
0.021999999999999999,0.017999999999999995,0.00247109682406094,0.001482658094436564
0.022499999999999999,0.017999999999999995,0.0012443493346291088,0.00074660960077746529
0.023000000000000007,0.017999999999999995,0.00061272551121837541,0.00036763530673102524
0.023500000000000007,0.017999999999999995,0.00029473926210300453,0.00017684355726180272
0.024,0.017999999999999995,0.00013838798943729687,8.3032793662378115e-05
0.024500000000000001,0.017999999999999995,6.3379076374816211e-05,3.8027445824889728e-05
0.025000000000000001,0.017999999999999995,2.8296444106247093e-05,1.6977866463748254e-05
-0.025000000000000001,0.018500000000000003,1.4458694404816972e-05,8.6752166428901838e-06
-0.024500000000000001,0.018500000000000003,3.2458619793934112e-05,1.9475171876360467e-05
-0.024,0.018500000000000003,7.1075379302942929e-05,4.2645227581765759e-05
-0.0235,0.018500000000000003,0.000151913949670659,9.11483698023954e-05
-0.023,0.018500000000000003,0.00031719428860687567,0.0001903165731641254
-0.022500000000000003,0.018500000000000003,0.00064762693259372078,0.00038857615955623244
-0.022000000000000002,0.018500000000000003,0.0012944392195158743,0.00077666353170952453
-0.021500000000000002,0.018500000000000003,0.0025359332624952284,0.0015215599574971369
-0.021000000000000001,0.018500000000000003,0.0048761612963975206,0.0029256967778385121
-0.020500000000000001,0.018500000000000003,0.0092152109673244807,0.0055291265803946886
-0.02,0.018500000000000003,0.017139806376623792,0.010283883825974274
-0.0195,0.018500000000000003,0.031412823901175065,0.018847694340705039
-0.019,0.018500000000000003,0.056784503867029407,0.034070702320217645
-0.018500000000000003,0.018500000000000003,0.10130899834751902,0.060785399008511411
-0.018000000000000002,0.018500000000000003,0.17842578066551534,0.1070554683993092
-0.017500000000000002,0.018500000000000003,0.31014628851866194,0.18608777311119715
-0.017000000000000001,0.018500000000000003,0.53174807083549014,0.31904884250129406
-0.016500000000000001,0.018500000000000003,0.89837914610957392,0.53902748766574438
-0.016,0.018500000000000003,1.4938523610091539,0.89631141660549229
-0.0155,0.018500000000000003,2.4415898149876729,1.4649538889926037
-0.015000000000000001,0.018500000000000003,3.9170969455604525,2.3502581673362712
-0.014500000000000001,0.018500000000000003,6.1604863974516109,3.6962918384709664
-0.014,0.018500000000000003,9.4865077115007708,5.6919046269004623
-0.0135,0.018500000000000003,14.28848113979701,8.5730886838782059
-0.012999999999999999,0.018500000000000003,21.031847612435627,12.619108567461376
-0.012500000000000001,0.018500000000000003,30.233214153706992,18.139928492224193
-0.012,0.018500000000000003,42.42228048854151,25.453368293124907
-0.0115,0.018500000000000003,58.087177670911167,34.852306602546697
-0.010999999999999999,0.018500000000000003,77.608417284067613,46.565050370440566
-0.010499999999999999,0.018500000000000003,101.19211625784826,60.715269754708949
-0.010000000000000002,0.018500000000000003,128.81804363261824,77.290826179570942
-0.0095000000000000015,0.018500000000000003,160.22046994682574,96.132281968095441
-0.0090000000000000011,0.018500000000000003,194.91790366691555,116.95074220014932
-0.0085000000000000006,0.018500000000000003,232.30033546868617,139.3802012812117
-0.0080000000000000002,0.018500000000000003,271.76969758053968,163.0618185483238
-0.0074999999999999997,0.018500000000000003,312.91283974481365,187.74770384688819
-0.0069999999999999993,0.018500000000000003,355.67022439042313,213.40213463425388
-0.0064999999999999988,0.018500000000000003,400.45273899496101,240.2716433969766
-0.0059999999999999984,0.018500000000000003,448.15841606434077,268.89504963860446
-0.0054999999999999979,0.018500000000000003,500.05363328264491,300.03217996958693
-0.005000000000000001,0.018500000000000003,557.50951694460082,334.50571016676048
-0.0044999999999999971,0.018500000000000003,621.61972406144719,372.97183443686828
-0.0040000000000000001,0.018500000000000003,692.76270842194549,415.65762505316729
-0.0035000000000000031,0.018500000000000003,770.19997134413688,462.11998280648208
-0.0029999999999999992,0.018500000000000003,851.81206598236759,511.08723958942051
-0.0025000000000000022,0.018500000000000003,934.06008642820905,560.43605185692536
-0.0019999999999999983,0.018500000000000003,1012.2217375433572,607.33304252601431
-0.0015000000000000013,0.018500000000000003,1080.8944862965629,648.53669177793779
-0.00099999999999999742,0.018500000000000003,1134.6963434673951,680.81780608043698
-0.00050000000000000044,0.018500000000000003,1169.0431252826047,701.4258751695628
0,0.018500000000000003,1180.8539589922514,708.51237539535077
0.00050000000000000044,0.018500000000000003,1169.0431252524663,701.42587515147977
0.0010000000000000009,0.018500000000000003,1134.6963433962467,680.81780603774803
0.0015000000000000013,0.018500000000000003,1080.8944861601726,648.5366916961035
0.0020000000000000018,0.018500000000000003,1012.2217372990053,607.3330423794032
0.0024999999999999988,0.018500000000000003,934.06008600670066,560.43605160402035
0.0030000000000000027,0.018500000000000003,851.8120652770358,511.08723916622148
0.0034999999999999996,0.018500000000000003,770.19997019699872,462.11998211819923
0.0040000000000000036,0.018500000000000003,692.76270660770092,415.65762396462054
0.0045000000000000005,0.018500000000000003,621.61972127088848,372.9718327625331
0.0049999999999999975,0.018500000000000003,557.50951276997898,334.5057076619874
0.0055000000000000014,0.018500000000000003,500.0536272085975,300.0321763251585
0.0059999999999999984,0.018500000000000003,448.15840746876535,268.89504448125922
0.0064999999999999988,0.018500000000000003,400.45272716432902,240.2716362985974
0.0069999999999999993,0.018500000000000003,355.67020855326774,213.40212513196064
0.0074999999999999997,0.018500000000000003,312.91281912509834,187.74769147505899
0.0080000000000000002,0.018500000000000003,271.76967146948493,163.06180288169097
0.0085000000000000006,0.018500000000000003,232.30030330969382,139.38018198581628
0.0090000000000000011,0.018500000000000003,194.91786514421594,116.95071908652956
0.0095000000000000015,0.018500000000000003,160.22042506533646,96.132255039201866
0.010000000000000002,0.018500000000000003,128.81799277522813,77.290795665136883
0.010500000000000002,0.018500000000000003,101.192060207651,60.715236124590596
0.011000000000000003,0.018500000000000003,77.608357203160082,46.565014321896051
0.011500000000000003,0.018500000000000003,58.087115033746933,34.852269020248158
0.012000000000000004,0.018500000000000003,42.422216975347254,25.453330185208351
0.012499999999999997,0.018500000000000003,30.23315151654295,18.139890909925768
0.013000000000000005,0.018500000000000003,21.031787531528103,12.619072518916861
0.013499999999999998,0.018500000000000003,14.288425089599881,8.5730550537599282
0.014000000000000005,0.018500000000000003,9.4864568541105854,5.6918741124663512
0.014499999999999999,0.018500000000000003,6.1604415159623338,3.6962649095774003
0.014999999999999999,0.018500000000000003,3.9170584228608769,2.350235053716526
0.0155,0.018500000000000003,2.4415576559953229,1.4649345935971938
0.016000000000000007,0.018500000000000003,1.4938262499543946,0.89629574997263672
0.016500000000000001,0.018500000000000003,0.89835852639436387,0.53901511583661832
0.017000000000000001,0.018500000000000003,0.53173223368022782,0.31903934020813668
0.017500000000000002,0.018500000000000003,0.31013445788652555,0.18608067473191534
0.017999999999999995,0.018500000000000003,0.17841718508938886,0.10705031105363332
0.018500000000000003,0.018500000000000003,0.10130292429845106,0.060781754579070632
0.019000000000000003,0.018500000000000003,0.056780329238225874,0.034068197542935524
0.019500000000000003,0.018500000000000003,0.031410033326176631,0.018846019995705978
0.019999999999999997,0.018500000000000003,0.017137992090424742,0.010282795254254845
0.020499999999999997,0.018500000000000003,0.0092140637276451175,0.0055284382365870703
0.021000000000000005,0.018500000000000003,0.0048754557285428648,0.0029252734371257188
0.021500000000000005,0.018500000000000003,0.0025355112166030704,0.0015213067299618421
0.021999999999999999,0.018500000000000003,0.0012941936825792489,0.00077651620954754933
0.022499999999999999,0.018500000000000003,0.00064748799804549638,0.00038849279882729781
0.023000000000000007,0.018500000000000003,0.00031711782761321516,0.0001902706965679291
0.023500000000000007,0.018500000000000003,0.00015187302304996698,9.1123813829980187e-05
0.024,0.018500000000000003,7.1054072999905668e-05,4.2632443799943397e-05
0.024500000000000001,0.018500000000000003,3.2447831653847252e-05,1.9468698992308351e-05
0.025000000000000001,0.018500000000000003,1.4453381631093752e-05,8.6720289786562507e-06
-0.025000000000000001,0.019000000000000003,7.1987753585742513e-06,4.3192652151445504e-06
-0.024500000000000001,0.019000000000000003,1.6207444351133453e-05,9.7244666106800722e-06
-0.024,0.019000000000000003,3.5617182968970874e-05,2.1370309781382523e-05
-0.0235,0.019000000000000003,7.6463402975391909e-05,4.5878041785235147e-05
-0.023,0.019000000000000003,0.00016051636460721856,9.630981876433113e-05
-0.022500000000000003,0.019000000000000003,0.00032986939466611532,0.00019792163679966919
-0.022000000000000002,0.019000000000000003,0.00066445244998727102,0.00039867146999236259
-0.021500000000000002,0.019000000000000003,0.0013136196053622914,0.00078817176321737477
-0.021000000000000001,0.019000000000000003,0.0025524779449573919,0.001531486766974435
-0.020500000000000001,0.019000000000000003,0.0048812087250307027,0.0029287252350184215
-0.02,0.019000000000000003,0.0091979841309656352,0.005518790478579381
-0.0195,0.019000000000000003,0.017095388858079243,0.010257233314847545
-0.019,0.019000000000000003,0.031358814224767093,0.018815288534860256
-0.018500000000000003,0.019000000000000003,0.056784563616907709,0.034070738170144624
-0.018000000000000002,0.019000000000000003,0.10148420300287182,0.060890521801723094
-0.017500000000000002,0.019000000000000003,0.1788934035655235,0.10733604213931409
-0.017000000000000001,0.019000000000000003,0.31074274598694301,0.18644564759216581
-0.016500000000000001,0.019000000000000003,0.53124757526543498,0.31874854515926099
-0.016,0.019000000000000003,0.89269486920151964,0.53561692152091178
-0.0155,0.019000000000000003,1.4724011788388496,0.8834407073033097
-0.015000000000000001,0.019000000000000003,2.3806475323769543,1.4283885194261725
-0.014500000000000001,0.019000000000000003,3.7686546977970385,2.2611928186782229
-0.014,0.019000000000000003,5.8349941611781686,3.5009964967069012
-0.0135,0.019000000000000003,8.8281715369245557,5.2969029221547332
-0.012999999999999999,0.019000000000000003,13.042701371738737,7.8256208230432414
-0.012500000000000001,0.019000000000000003,18.80611927823286,11.283671566939715
-0.012,0.019000000000000003,26.455352855132542,15.873211713079524
-0.0115,0.019000000000000003,36.302880471882737,21.781728283129642
-0.010999999999999999,0.019000000000000003,48.59606503154783,29.157639018928698
-0.010499999999999999,0.019000000000000003,63.476490230597506,38.085894138358505
-0.010000000000000002,0.019000000000000003,80.949163173452959,48.569497904071774
-0.0095000000000000015,0.019000000000000003,100.8728919093803,60.52373514562818
-0.0090000000000000011,0.019000000000000003,122.98180234075839,73.789081404455032
-0.0085000000000000006,0.019000000000000003,146.94304716263201,88.16582829757921
-0.0080000000000000002,0.019000000000000003,172.44737325697793,103.46842395418675
-0.0074999999999999997,0.019000000000000003,199.3186325308225,119.59117951849349
-0.0069999999999999993,0.019000000000000003,227.61801272645346,136.57080763587206
-0.0064999999999999988,0.019000000000000003,257.71196857309769,154.62718114385862
-0.0059999999999999984,0.019000000000000003,290.27273685652472,174.16364211391482
-0.0054999999999999979,0.019000000000000003,326.18899773825757,195.71339864295453
-0.005000000000000001,0.019000000000000003,366.38167494437187,219.8290049666231
-0.0044999999999999971,0.019000000000000003,411.54336602427509,246.92601961456504
-0.0040000000000000001,0.019000000000000003,461.84429006065477,277.10657403639283
-0.0035000000000000031,0.019000000000000003,516.6662964485264,309.9997778691158
-0.0029999999999999992,0.019000000000000003,574.43301108094909,344.65980664856943
-0.0025000000000000022,0.019000000000000003,632.59447429246143,379.55668457547682
-0.0019999999999999983,0.019000000000000003,687.79843847646669,412.67906308587999
-0.0015000000000000013,0.019000000000000003,736.24227955433037,441.7453677325982
-0.00099999999999999742,0.019000000000000003,774.15769811629127,464.49461886977474
-0.00050000000000000044,0.019000000000000003,798.34555655056283,479.00733393033767
0,0.019000000000000003,806.66001560172072,483.99600936103241
0.00050000000000000044,0.019000000000000003,798.345556539928,479.00733392395676
0.0010000000000000009,0.019000000000000003,774.15769809118547,464.49461885471123
0.0015000000000000013,0.019000000000000003,736.24227950620275,441.74536770372163
0.0020000000000000018,0.019000000000000003,687.79843839024295,412.67906303414577
0.0024999999999999988,0.019000000000000003,632.59447414372551,379.55668448623527
0.0030000000000000027,0.019000000000000003,574.43301083206143,344.65980649923682
0.0034999999999999996,0.019000000000000003,516.66629604374043,309.99977762624422
0.0040000000000000036,0.019000000000000003,461.84428942046918,277.1065736522815
0.0045000000000000005,0.019000000000000003,411.54336503958149,246.92601902374889
0.0049999999999999975,0.019000000000000003,366.38167347128945,219.82900408277365
0.0055000000000000014,0.019000000000000003,326.18899559493212,195.71339735695926
0.0059999999999999984,0.019000000000000003,290.27273382343765,174.16364029406259
0.0064999999999999988,0.019000000000000003,257.71196439846892,154.62717863908134
0.0069999999999999993,0.019000000000000003,227.61800713805832,136.57080428283498
0.0074999999999999997,0.019000000000000003,199.31862525482435,119.59117515289461
0.0080000000000000002,0.019000000000000003,172.44736404327239,103.46841842596343
0.0085000000000000006,0.019000000000000003,146.94303581481441,88.165821488888639
0.0090000000000000011,0.019000000000000003,122.98178874740434,73.789073248442605
0.0095000000000000015,0.019000000000000003,100.87287607222504,60.52372564333502
0.010000000000000002,0.019000000000000003,80.94914522760503,48.569487136563019
0.010500000000000002,0.019000000000000003,63.476470452384007,38.0858822714304
0.011000000000000003,0.019000000000000003,48.596043831033391,29.157626298620034
0.011500000000000003,0.019000000000000003,36.302858369352009,21.781715021611205
0.012000000000000004,0.019000000000000003,26.455330443480548,15.873198266088329
0.012499999999999997,0.019000000000000003,18.806097175702259,11.283658305421355
0.013000000000000005,0.019000000000000003,13.042680171224324,7.8256081027345941
0.013499999999999998,0.019000000000000003,8.8281517587111473,5.2968910552266886
0.014000000000000005,0.019000000000000003,5.8349762153301805,3.5009857291981081
0.014499999999999999,0.019000000000000003,3.7686388606417935,2.2611833163850759
0.014999999999999999,0.019000000000000003,2.3806339390229114,1.4283803634137469
0.0155,0.019000000000000003,1.4723898310212347,0.8834338986127408
0.016000000000000007,0.019000000000000003,0.89268565549594192,0.53561139329756513
0.016500000000000001,0.019000000000000003,0.53124029926732841,0.31874417956039702
0.017000000000000001,0.019000000000000003,0.31073715759202453,0.18644229455521472
0.017500000000000002,0.019000000000000003,0.17888922893672057,0.10733353736203234
0.017999999999999995,0.019000000000000003,0.10148116991560661,0.060888701949363966
0.018500000000000003,0.019000000000000003,0.056782420291014504,0.034069452174608703
0.019000000000000003,0.019000000000000003,0.031357341139859614,0.018814404683915768
0.019500000000000003,0.019000000000000003,0.017094404158814521,0.010256642495288713
0.019999999999999997,0.019000000000000003,0.0091973439309039444,0.0055184063585423668
0.020499999999999997,0.019000000000000003,0.0048808039030605738,0.002928482341836344
0.021000000000000005,0.019000000000000003,0.0025522289739933154,0.0015313373843959892
0.021500000000000005,0.019000000000000003,0.0013134706796821287,0.00078808240780927719
0.021999999999999999,0.019000000000000003,0.00066436580833059168,0.00039861948499835502
0.022499999999999999,0.019000000000000003,0.00032982036937650284,0.00019789222162590171
0.023000000000000007,0.019000000000000003,0.00016048938411600058,9.6293630469600349e-05
0.023500000000000007,0.019000000000000003,7.6448961359120563e-05,4.5869376815472336e-05
0.024,0.019000000000000003,3.5609664697307745e-05,2.1365798818384646e-05
0.024500000000000001,0.019000000000000003,1.6203637582414772e-05,9.7221825494488622e-06
0.025000000000000001,0.019000000000000003,7.1969006609288613e-06,4.318140396557317e-06
-0.025000000000000001,0.019500000000000003,3.4961378016519995e-06,2.0976826809911998e-06
-0.024500000000000001,0.019500000000000003,7.8994985014468292e-06,4.7396991008680972e-06
-0.024,0.019500000000000003,1.7436502050539397e-05,1.0461901230323637e-05
-0.0235,0.019500000000000003,3.7634893535439703e-05,2.258093612126382e-05
-0.023,0.019500000000000003,7.9520458673595793e-05,4.7712275204157477e-05
-0.022500000000000003,0.019500000000000003,0.00016468955920284195,9.8813735521705164e-05
-0.022000000000000002,0.019500000000000003,0.0003347625702885583,0.00020085754217313498
-0.021500000000000002,0.019500000000000003,0.0006687967324526963,0.00040127803947161779
-0.021000000000000001,0.019500000000000003,0.0013149949508993778,0.00078899697053962667
-0.020500000000000001,0.019500000000000003,0.0025477306370096427,0.0015286383822057856
-0.02,0.019500000000000003,0.0048685924355277533,0.0029211554613166519
-0.0195,0.019500000000000003,0.0091822026929892567,0.0055093216157935535
-0.019,0.019500000000000003,0.017095400305090134,0.01025724018305408
-0.018500000000000003,0.019500000000000003,0.03141287556662592,0.01884772533997555
-0.018000000000000002,0.019500000000000003,0.056932704025616968,0.034159622415370176
-0.017500000000000002,0.019500000000000003,0.1016772789623613,0.061006367377416777
-0.017000000000000001,0.019500000000000003,0.17871929078653589,0.10723157447192154
-0.016500000000000001,0.019500000000000003,0.30876189509436824,0.18525713705662095
-0.016,0.019500000000000003,0.52358302701796466,0.31414981621077881
-0.0155,0.019500000000000003,0.87032791401880305,0.52219674841128183
-0.015000000000000001,0.019500000000000003,1.4164074735501311,0.84984448413007863
-0.014500000000000001,0.019500000000000003,2.2544280646515227,1.3526568387909135
-0.014,0.019500000000000003,3.5061709196905086,2.1037025518143051
-0.0135,0.019500000000000003,5.3242412809213455,3.1945447685528072
-0.012999999999999999,0.019500000000000003,7.8897604421561809,4.7338562652937082
-0.012500000000000001,0.019500000000000003,11.404564769951198,6.8427388619707186
-0.012,0.019500000000000003,16.07698928731703,9.6461935723902172
-0.0115,0.019500000000000003,22.10155900359937,13.260935402159621
-0.010999999999999999,0.019500000000000003,29.634733610706871,17.78084016642412
-0.010499999999999999,0.019500000000000003,38.770956128385095,23.262573677031057
-0.010000000000000002,0.019500000000000003,49.525091032780018,29.71505461966801
-0.0095000000000000015,0.019500000000000003,61.828164866131239,37.096898919678743
-0.0090000000000000011,0.019500000000000003,75.542401366608559,45.325440819965131
-0.0085000000000000006,0.019500000000000003,90.498396131820869,54.299037679092521
-0.0080000000000000002,0.019500000000000003,106.55197203885852,63.931183223315109
-0.0074999999999999997,0.019500000000000003,123.65160993214059,74.190965959284355
-0.0069999999999999993,0.019500000000000003,141.90092162447937,85.140552974687623
-0.0064999999999999988,0.019500000000000003,161.59647389284686,96.957884335708115
-0.0059999999999999984,0.019500000000000003,183.22140187072745,109.93284112243647
-0.0054999999999999979,0.019500000000000003,207.38098411425662,124.42859046855396
-0.005000000000000001,0.019500000000000003,234.67766838962137,140.80660103377281
-0.0044999999999999971,0.019500000000000003,265.53821215320744,159.32292729192446
-0.0040000000000000001,0.019500000000000003,300.02130523507208,180.01278314104323
-0.0035000000000000031,0.019500000000000003,337.64598671382367,202.58759202829421
-0.0029999999999999992,0.019500000000000003,377.28521442652101,226.3711286559126
-0.0025000000000000022,0.019500000000000003,417.16240278450726,250.29744167070436
-0.0019999999999999983,0.019500000000000003,454.97146652313313,272.98287991387986
-0.0015000000000000013,0.019500000000000003,488.11578395578368,292.86947037347022
-0.00099999999999999742,0.019500000000000003,514.03405786682629,308.42043472009578
-0.00050000000000000044,0.019500000000000003,530.55820149056842,318.33492089434105
0,0.019500000000000003,536.23648785359148,321.74189271215488
0.00050000000000000044,0.019500000000000003,530.55820148691851,318.3349208921511
0.0010000000000000009,0.019500000000000003,514.03405785820996,308.42043471492599
0.0015000000000000013,0.019500000000000003,488.11578393926629,292.86947036355974
0.0020000000000000018,0.019500000000000003,454.97146649354113,272.98287989612464
0.0024999999999999988,0.019500000000000003,417.16240273346148,250.29744164007687
0.0030000000000000027,0.019500000000000003,377.28521434110269,226.37112860466161
0.0034999999999999996,0.019500000000000003,337.64598657490166,202.58759194494098
0.0040000000000000036,0.019500000000000003,300.02130501536061,180.01278300921635
0.0045000000000000005,0.019500000000000003,265.53821181526126,159.32292708915676
0.0049999999999999975,0.019500000000000003,234.67766788406078,140.80660073043646
0.0055000000000000014,0.019500000000000003,207.38098337866893,124.42859002720135
0.0059999999999999984,0.019500000000000003,183.22140082977458,109.93284049786475
0.0064999999999999988,0.019500000000000003,161.59647246011787,96.95788347607072
0.0069999999999999993,0.019500000000000003,141.90091970654697,85.140551823928178
0.0074999999999999997,0.019500000000000003,123.65160743502435,74.190964461014602
0.0080000000000000002,0.019500000000000003,106.55196887672278,63.931181326033666
0.0085000000000000006,0.019500000000000003,90.498392237259736,54.299035342355843
0.0090000000000000011,0.019500000000000003,75.542396701381264,45.325438020828756
0.0095000000000000015,0.019500000000000003,61.828159430833317,37.096895658499989
0.010000000000000002,0.019500000000000003,49.525084873780628,29.715050924268375
0.010500000000000002,0.019500000000000003,38.770949340519394,23.262569604311636
0.011000000000000003,0.019500000000000003,29.634726334708734,17.780835800825241
0.011500000000000003,0.019500000000000003,22.101551418030041,13.260930850818024
0.012000000000000004,0.019500000000000003,16.076981595657561,9.6461889573945356
0.012499999999999997,0.019500000000000003,11.404557184381938,6.8427343106291625
0.013000000000000005,0.019500000000000003,7.8897531661580658,4.7338518996948391
0.013499999999999998,0.019500000000000003,5.3242344930557008,3.1945406958334206
0.014000000000000005,0.019500000000000003,3.5061647606910809,2.1036988564146486
0.014499999999999999,0.019500000000000003,2.2544226293536198,1.3526535776121718
0.014999999999999999,0.019500000000000003,1.416402808322845,0.84984168499370705
0.0155,0.019500000000000003,0.8703240194576648,0.5221944116745989
0.016000000000000007,0.019500000000000003,0.52357986488221842,0.31414791892933103
0.016500000000000001,0.019500000000000003,0.30875939797814367,0.1852556387868862
0.017000000000000001,0.019500000000000003,0.17871737285425809,0.10723042371255485
0.017500000000000002,0.019500000000000003,0.10167584623338546,0.061005507740031273
0.017999999999999995,0.019500000000000003,0.05693166307270453,0.034158997843622717
0.018500000000000003,0.019500000000000003,0.031412139979042721,0.01884728398742563
0.019000000000000003,0.019500000000000003,0.017094894743630518,0.010256936846178311
0.019500000000000003,0.019500000000000003,0.0091818647450576472,0.0055091188470345878
0.019999999999999997,0.019500000000000003,0.0048683727194231488,0.0029210236316538894
0.020499999999999997,0.019500000000000003,0.0025475917024614355,0.0015285550214768613
0.021000000000000005,0.019500000000000003,0.0013149095042809477,0.00078894570256856863
0.021500000000000005,0.019500000000000003,0.00066874562128873096,0.00040124737277323858
0.021999999999999999,0.019500000000000003,0.00033473283494730939,0.00020083970096838562
0.022499999999999999,0.019500000000000003,0.0001646727337660678,9.8803640259640684e-05
0.023000000000000007,0.019500000000000003,7.9511198992465319e-05,4.7706719395479189e-05
0.023500000000000007,0.019500000000000003,3.7629937185290197e-05,2.2577962311174117e-05
0.024,0.019500000000000003,1.7433921786240624e-05,1.0460353071744374e-05
0.024500000000000001,0.019500000000000003,7.8981920217319955e-06,4.738915213039197e-06
0.025000000000000001,0.019500000000000003,3.4954944070498716e-06,2.0972966442299228e-06
-0.025000000000000001,0.019999999999999997,1.6573579653811876e-06,9.9441477922871255e-07
-0.024500000000000001,0.019999999999999997,3.7613306356908936e-06,2.2567983814145359e-06
-0.024,0.019999999999999997,8.3471470472226784e-06,5.0082882283336065e-06
-0.0235,0.019999999999999997,1.8133905726997936e-05,1.0880343436198762e-05
-0.023,0.019999999999999997,3.8613886766439953e-05,2.3168332059863969e-05
-0.022500000000000003,0.019999999999999997,8.0701047090533037e-05,4.8420628254319818e-05
-0.022000000000000002,0.019999999999999997,0.00016576813791607879,9.9460882749647265e-05
-0.021500000000000002,0.019999999999999997,0.00033511618566140015,0.00020106971139684007
-0.021000000000000001,0.019999999999999997,0.00066755785792785359,0.00040053471475671212
-0.020500000000000001,0.019999999999999997,0.0013116032142122481,0.00078696192852734884
-0.02,0.019999999999999997,0.0025433666912601537,0.0015260200147560923
-0.0195,0.019999999999999997,0.0048685945092464588,0.0029211567055478752
-0.019,0.019999999999999997,0.0091979937564077834,0.0055187962538446695
-0.018500000000000003,0.019999999999999997,0.017139838996247957,0.010283903397748774
-0.018000000000000002,0.019999999999999997,0.031472132668042385,0.01888327960082543
-0.017500000000000002,0.019999999999999997,0.056875863599384742,0.034125518159630844
-0.017000000000000001,0.019999999999999997,0.10102535833576251,0.060615215001457501
-0.016500000000000001,0.019999999999999997,0.17613131732616788,0.10567879039570073
-0.016,0.019999999999999997,0.30100255834512007,0.18060153500707204
-0.0155,0.019999999999999997,0.50361714717660477,0.30217028830596288
-0.015000000000000001,0.019999999999999997,0.82405858936208098,0.49443515361724855
-0.014500000000000001,0.019999999999999997,1.3174752953831104,0.79048517722986622
-0.014,0.019999999999999997,2.0564805986282639,1.2338883591769583
-0.0135,0.019999999999999997,3.1321767030078549,1.8793060218047128
-0.012999999999999999,0.019999999999999997,4.6528444972450611,2.7917066983470367
-0.012500000000000001,0.019999999999999997,6.7394031942676422,4.0436419165605848
-0.012,0.019999999999999997,9.5171187474799268,5.7102712484879561
-0.0115,0.019999999999999997,13.103791427719436,7.8622748566316609
-0.010999999999999999,0.019999999999999997,17.595744751809928,10.557446851085956
-0.010499999999999999,0.019999999999999997,23.054190086715451,13.83251405202927
-0.010000000000000002,0.019999999999999997,29.495618463737031,17.697371078242217
-0.0095000000000000015,0.019999999999999997,36.890327529574584,22.134196517744751
-0.0090000000000000011,0.019999999999999997,45.172580604077041,27.103548362446222
-0.0085000000000000006,0.019999999999999997,54.263931281546391,32.558358768927832
-0.0080000000000000002,0.019999999999999997,64.1079797901577,38.464787874094618
-0.0074999999999999997,0.019999999999999997,74.710760668526575,44.826456401115941
-0.0069999999999999993,0.019999999999999997,86.177058491342962,51.706235094805777
-0.0064999999999999988,0.019999999999999997,98.730473322043764,59.238283993226254
-0.0059999999999999984,0.019999999999999997,112.70525672964799,67.623154037788794
-0.0054999999999999979,0.019999999999999997,128.50162573143999,77.100975438863983
-0.005000000000000001,0.019999999999999997,146.50341925160092,87.90205155096055
-0.0044999999999999971,0.019999999999999997,166.9665095121494,100.17990570728963
-0.0040000000000000001,0.019999999999999997,189.89623015733525,113.93773809440115
-0.0035000000000000031,0.019999999999999997,214.93953512452958,128.96372107471774
-0.0029999999999999992,0.019999999999999997,241.32004265943254,144.79202559565951
-0.0025000000000000022,0.019999999999999997,267.83983952529292,160.70390371517576
-0.0019999999999999983,0.019999999999999997,292.96082282924027,175.77649369754417
-0.0015000000000000013,0.019999999999999997,314.96227357325785,188.9773641439547
-0.00099999999999999742,0.019999999999999997,332.15381240336899,199.29228744202138
-0.00050000000000000044,0.019999999999999997,343.10828904769733,205.86497342861838
0,0.019999999999999997,346.87158536581916,208.12295121949148
0.00050000000000000044,0.019999999999999997,343.108289046479,205.86497342788741
0.0010000000000000009,0.019999999999999997,332.15381240049288,199.29228744029572
0.0015000000000000013,0.019999999999999997,314.96227356774443,188.97736414064664
0.0020000000000000018,0.019999999999999997,292.96082281936259,175.77649369161756
0.0024999999999999988,0.019999999999999997,267.83983950825404,160.70390370495241
0.0030000000000000027,0.019999999999999997,241.32004263092006,144.79202557855203
0.0034999999999999996,0.019999999999999997,214.93953507815786,128.9637210468947
0.0040000000000000036,0.019999999999999997,189.89623008399613,113.93773805039767
0.0045000000000000005,0.019999999999999997,166.96650939934389,100.17990563960633
0.0049999999999999975,0.019999999999999997,146.50341908284639,87.902051449707827
0.0055000000000000014,0.019999999999999997,128.50162548590299,77.100975291541786
0.0059999999999999984,0.019999999999999997,112.70525638218101,67.623153829308606
0.0064999999999999988,0.019999999999999997,98.730472843803099,59.238283706281855
0.0069999999999999993,0.019999999999999997,86.177057851142834,51.706234710685699
0.0074999999999999997,0.019999999999999997,74.710759834996551,44.826455900997928
0.0080000000000000002,0.019999999999999997,64.107978734646238,38.464787240787743
0.0085000000000000006,0.019999999999999997,54.263929981553524,32.558357988932116
0.0090000000000000011,0.019999999999999997,45.172579046838067,27.103547428102839
0.0095000000000000015,0.019999999999999997,36.890325715288384,22.13419542917303
0.010000000000000002,0.019999999999999997,29.495616407881457,17.697369844728872
0.010500000000000002,0.019999999999999997,23.054187820946144,13.832512692567686
0.011000000000000003,0.019999999999999997,17.595742323103476,10.557445393862086
0.011500000000000003,0.019999999999999997,13.103788895679074,7.8622733374074443
0.012000000000000004,0.019999999999999997,9.517116180026985,5.7102697080161908
0.012499999999999997,0.019999999999999997,6.7394006622273084,4.043640397336385
0.013000000000000005,0.019999999999999997,4.6528420685386287,2.7917052411231773
0.013499999999999998,0.019999999999999997,3.1321744372385982,1.8793046623431588
0.014000000000000005,0.019999999999999997,2.0564785427726608,1.2338871256635964
0.014499999999999999,0.019999999999999997,1.3174734810969182,0.7904840886581509
0.014999999999999999,0.019999999999999997,0.82405703212315917,0.49443421927389547
0.0155,0.019999999999999997,0.50361584718373831,0.30216950831024297
0.016000000000000007,0.019999999999999997,0.30100150283365967,0.1806009017001958
0.016500000000000001,0.019999999999999997,0.17613048379623608,0.10567829027774164
0.017000000000000001,0.019999999999999997,0.10102471813570107,0.060614830881420639
0.017500000000000002,0.019999999999999997,0.056875385358735084,0.034125231215241046
0.017999999999999995,0.019999999999999997,0.031471785201071772,0.018883071120643063
0.018500000000000003,0.019999999999999997,0.017139593459311368,0.010283756075586821
0.019000000000000003,0.019999999999999997,0.0091978250015036563,0.0055186950009021938
0.019500000000000003,0.019999999999999997,0.0048684817032370042,0.0029210890219422024
0.019999999999999997,0.019999999999999997,0.0025432933506811706,0.0015259760104087024
0.020499999999999997,0.019999999999999997,0.0013115568382753298,0.00078693410296519788
0.021000000000000005,0.019999999999999997,0.00066752933610202017,0.00040051760166121209
0.021500000000000005,0.019999999999999997,0.00033509912490763908,0.00020105947494458343
0.021999999999999999,0.019999999999999997,0.00016575821234804855,9.9454927408829122e-05
0.022499999999999999,0.019999999999999997,8.0695430810029224e-05,4.841725848601753e-05
0.023000000000000007,0.019999999999999997,3.8610795912555336e-05,2.31664775475332e-05
0.023500000000000007,0.019999999999999997,1.8132251312132466e-05,1.087935078727948e-05
0.024,0.019999999999999997,8.3462857627121343e-06,5.0077714576272803e-06
0.024500000000000001,0.019999999999999997,3.7608945366671362e-06,2.2565367220002816e-06
0.025000000000000001,0.019999999999999997,1.6571432021860965e-06,9.9428592131165796e-07
-0.025000000000000001,0.020499999999999997,7.6753682055159453e-07,4.605220923309567e-07
-0.024500000000000001,0.020499999999999997,1.7513005246791983e-06,1.050780314807519e-06
-0.024,0.020499999999999997,3.9118192430587942e-06,2.3470915458352766e-06
-0.0235,0.020499999999999997,8.5643745973406595e-06,5.1386247584043952e-06
-0.023,0.020499999999999997,1.8403308268438553e-05,1.1041984961063131e-05
-0.022500000000000003,0.020499999999999997,3.8867109495517809e-05,2.3320265697310684e-05
-0.022000000000000002,0.020499999999999997,8.0786884341895241e-05,4.8472130605137144e-05
-0.021500000000000002,0.020499999999999997,0.00016546204682417828,9.9277228094506965e-05
-0.021000000000000001,0.020499999999999997,0.00033425325243884111,0.00020055195146330467
-0.020500000000000001,0.020499999999999997,0.00066641593972281872,0.00039984956383369124
-0.02,0.020499999999999997,0.0013116035694593616,0.00078696214167561687
-0.0195,0.020499999999999997,0.0025477323327224711,0.0015286393996334826
-0.019,0.020499999999999997,0.0048812146349133468,0.0029287287809480079
-0.018500000000000003,0.020499999999999997,0.0092152287899897097,0.0055291372739938258
-0.018000000000000002,0.020499999999999997,0.017122389939134505,0.010273433963480702
-0.017500000000000002,0.020499999999999997,0.031269428618016043,0.018761657170809624
-0.017000000000000001,0.020499999999999997,0.056049889500901492,0.033629933700540897
-0.016500000000000001,0.020499999999999997,0.098480600482482694,0.059088360289489612
-0.016,0.020499999999999997,0.16940044805768906,0.10164026883461343
-0.0155,0.020499999999999997,0.28496627155918181,0.17097976293550907
-0.015000000000000001,0.020499999999999997,0.46836254840144237,0.28101752904086541
-0.014500000000000001,0.020499999999999997,0.7515275957019415,0.45091655742116488
-0.014,0.020499999999999997,1.1765605606786051,0.70593633640716302
-0.0135,0.020499999999999997,1.7963400980849764,1.0778040588509858
-0.012999999999999999,0.020499999999999997,2.673807089236782,1.6042842535420692
-0.012500000000000001,0.020499999999999997,3.8794043923285439,2.3276426353971265
-0.012,0.020499999999999997,5.4863895046635065,3.2918337027981037
-0.0115,0.020499999999999997,7.5641769249466941,4.5385061549680161
-0.010999999999999999,0.020499999999999997,10.170503156223845,6.1023018937343068
-0.010499999999999999,0.020499999999999997,13.343931485704555,8.0063588914227335
-0.010000000000000002,0.020499999999999997,17.09882788261902,10.259296729571412
-0.0095000000000000015,0.020499999999999997,21.425181056350691,12.855108633810415
-0.0090000000000000011,0.020499999999999997,26.295246858142875,15.777148114885724
-0.0085000000000000006,0.020499999999999997,31.677803959407331,19.006682375644399
-0.0080000000000000002,0.020499999999999997,37.558847079665249,22.535308247799147
-0.0074999999999999997,0.020499999999999997,43.965120305986638,26.379072183591983
-0.0069999999999999993,0.020499999999999997,50.984584957086994,30.590750974252195
-0.0064999999999999988,0.020499999999999997,58.77648343334203,35.265890060005219
-0.0059999999999999984,0.020499999999999997,67.563852478045973,40.538311486827581
-0.0054999999999999979,0.020499999999999997,77.60364595672155,46.562187574032926
-0.005000000000000001,0.020499999999999997,89.134036578667605,53.480421947200561
-0.0044999999999999971,0.020499999999999997,102.30431890985655,61.382591345913923
-0.0040000000000000001,0.020499999999999997,117.09885543061462,70.259313258368763
-0.0035000000000000031,0.020499999999999997,133.27103823735132,79.962622942410789
-0.0029999999999999992,0.020499999999999997,150.30467206785991,90.182803240715941
-0.0025000000000000022,0.020499999999999997,167.41746381143352,100.4504782868601
-0.0019999999999999983,0.020499999999999997,183.61436509739849,110.16861905843909
-0.0015000000000000013,0.020499999999999997,197.78849015098805,118.67309409059283
-0.00099999999999999742,0.020499999999999997,208.85640779412401,125.3138446764744
-0.00050000000000000044,0.020499999999999997,215.90552416559123,129.54331449935472
0,0.020499999999999997,218.32657657149753,130.99594594289852
0.00050000000000000044,0.020499999999999997,215.90552416519571,129.54331449911743
0.0010000000000000009,0.020499999999999997,208.85640779319027,125.31384467591415
0.0015000000000000013,0.020499999999999997,197.78849014919805,118.67309408951883
0.0020000000000000018,0.020499999999999997,183.6143650941917,110.16861905651501
0.0024999999999999988,0.020499999999999997,167.4174638059018,100.45047828354107
0.0030000000000000027,0.020499999999999997,150.3046720586033,90.182803235161984
0.0034999999999999996,0.020499999999999997,133.27103822229671,79.962622933378029
0.0040000000000000036,0.020499999999999997,117.09885540680487,70.259313244082918
0.0045000000000000005,0.020499999999999997,102.30431887323394,61.38259132394036
0.0049999999999999975,0.020499999999999997,89.134036523881122,53.480421914328673
0.0055000000000000014,0.020499999999999997,77.603645877007352,46.562187526204411
0.0059999999999999984,0.020499999999999997,67.563852365239981,40.538311419143987
0.0064999999999999988,0.020499999999999997,58.776483278080008,35.265889966848
0.0069999999999999993,0.020499999999999997,50.984584749244448,30.590750849546666
0.0074999999999999997,0.020499999999999997,43.965120035379087,26.379072021227451
0.0080000000000000002,0.020499999999999997,37.558846736990844,22.535308042194504
0.0085000000000000006,0.020499999999999997,31.677803537361441,19.006682122416866
0.0090000000000000011,0.020499999999999997,26.295246352581412,15.777147811548847
0.0095000000000000015,0.020499999999999997,21.425180467338201,12.85510828040292
0.010000000000000002,0.020499999999999997,17.098827215180442,10.259296329108265
0.010500000000000002,0.020499999999999997,13.343930750116947,8.0063584500701683
0.011000000000000003,0.020499999999999997,10.170502367738312,6.1023014206429869
0.011500000000000003,0.020499999999999997,7.5641761029135308,4.5385056617481183
0.012000000000000004,0.020499999999999997,5.4863886711335637,3.291833202680138
0.012499999999999997,0.020499999999999997,3.8794035702954073,2.3276421421772442
0.013000000000000005,0.020499999999999997,2.6738063007512407,1.6042837804507444
0.013499999999999998,0.020499999999999997,1.7963393624973996,1.0778036174984398
0.014000000000000005,0.020499999999999997,1.1765598932400079,0.70593593594400472
0.014499999999999999,0.020499999999999997,0.75152700668945427,0.45091620401367255
0.014999999999999999,0.020499999999999997,0.46836204283998517,0.28101722570399107
0.0155,0.020499999999999997,0.28496584951328968,0.17097950970797379
0.016000000000000007,0.020499999999999997,0.16940010538328854,0.10164006322997311
0.016500000000000001,0.020499999999999997,0.09848032987493377,0.059088197924960256
0.017000000000000001,0.020499999999999997,0.056049681658371937,0.033629808995023158
0.017500000000000002,0.020499999999999997,0.031269273356009139,0.018761564013605483
0.017999999999999995,0.020499999999999997,0.017122277133125231,0.010273366279875138
0.018500000000000003,0.020499999999999997,0.0092151490758174172,0.0055290894454904501
0.019000000000000003,0.020499999999999997,0.0048811598482173483,0.0029286959089304091
0.019500000000000003,0.020499999999999997,0.0025476957099731632,0.0015286174259838978
0.019999999999999997,0.020499999999999997,0.0013115797592594405,0.00078694785555566426
0.020499999999999997,0.020499999999999997,0.000666400883660476,0.00039984053019628558
0.021000000000000005,0.020499999999999997,0.00033424399275771053,0.00020054639565462632
0.021500000000000005,0.020499999999999997,0.00016545650800837421,9.927390480502452e-05
0.021999999999999999,0.020499999999999997,8.0783661981744759e-05,4.8470197189046851e-05
0.022499999999999999,0.020499999999999997,3.886528615619477e-05,2.3319171693716863e-05
0.023000000000000007,0.020499999999999997,1.8402304815098707e-05,1.1041382889059224e-05
0.023500000000000007,0.020499999999999997,8.5638374874725065e-06,5.1383024924835039e-06
0.024,0.020499999999999997,3.9115396249173497e-06,2.3469237749504099e-06
0.024500000000000001,0.020499999999999997,1.7511589440551236e-06,1.0506953664330741e-06
0.025000000000000001,0.020499999999999997,7.6746709715041074e-07,4.6048025829024641e-07
-0.025000000000000001,0.021000000000000005,3.4758253183361533e-07,2.0854951910016919e-07
-0.024500000000000001,0.021000000000000005,7.9825311890751621e-07,4.7895187134450968e-07
-0.024,0.021000000000000005,1.7968921137315417e-06,1.0781352682389251e-06
-0.0235,0.021000000000000005,3.9699648559965582e-06,2.3819789135979348e-06
-0.023,0.021000000000000005,8.6205963248273139e-06,5.1723577948963885e-06
-0.022500000000000003,0.021000000000000005,1.8422988741788619e-05,1.1053793245073171e-05
-0.022000000000000002,0.021000000000000005,3.8795521346580094e-05,2.3277312807948056e-05
-0.021500000000000002,0.021000000000000005,8.0579126462617575e-05,4.8347475877570541e-05
-0.021000000000000001,0.021000000000000005,0.00016517930873341714,9.9107585240050281e-05
-0.020500000000000001,0.021000000000000005,0.00033425330998973013,0.00020055198599383807
-0.02,0.021000000000000005,0.00066755814042516494,0.00040053488425509896
-0.0195,0.021000000000000005,0.0013149959634032608,0.00078899757804195647
-0.019,0.021000000000000005,0.0025524810852073777,0.0015314886511244266
-0.018500000000000003,0.021000000000000005,0.0048761701846240348,0.002925702110774421
-0.018000000000000002,0.021000000000000005,0.0091556657550847919,0.005493399453050875
-0.017500000000000002,0.021000000000000005,0.016873171238876224,0.010123902743325733
-0.017000000000000001,0.021000000000000005,0.030480331002840297,0.018288198601704178
-0.016500000000000001,0.021000000000000005,0.053904337851521947,0.032342602710913167
-0.016,0.021000000000000005,0.093225178744055573,0.055935107246433344
-0.0155,0.021000000000000005,0.15752126924151166,0.094512761544906995
-0.015000000000000001,0.021000000000000005,0.2598368212646065,0.1559020927587639
-0.014500000000000001,0.021000000000000005,0.41816043748269383,0.25089626248961627
-0.014,0.021000000000000005,0.65622715895670503,0.39373629537402299
-0.0135,0.021000000000000005,1.0038823578801235,0.60232941472807411
-0.012999999999999999,0.021000000000000005,1.4967036396089404,0.89802218376536425
-0.012500000000000001,0.021000000000000005,2.1746025814370813,1.3047615488622488
-0.012,0.021000000000000005,3.0792570260650169,1.8475542156390101
-0.0115,0.021000000000000005,4.2504763351014381,2.5502858010608627
-0.010999999999999999,0.021000000000000005,5.7219625554500189,3.4331775332700114
-0.010499999999999999,0.021000000000000005,7.5173377206675136,4.510402632400508
-0.010000000000000002,0.021000000000000005,9.6476475948060241,5.7885885568836146
-0.0095000000000000015,0.021000000000000005,12.111674566534385,7.2670047399206306
-0.0090000000000000011,0.021000000000000005,14.90014734697737,8.9400884081864209
-0.0085000000000000006,0.021000000000000005,18.004228749838177,10.802537249902906
-0.0080000000000000002,0.021000000000000005,21.427516520258077,12.856509912154847
-0.0074999999999999997,0.021000000000000005,25.199384871567041,15.119630922940225
-0.0069999999999999993,0.021000000000000005,29.386164864372265,17.631698918623357
-0.0064999999999999988,0.021000000000000005,34.095854678344757,20.457512807006854
-0.0059999999999999984,0.021000000000000005,39.472205893903435,23.683323536342062
-0.0054999999999999979,0.021000000000000005,45.675436558567363,27.405261935140416
-0.005000000000000001,0.021000000000000005,52.849467836085992,31.709680701651592
-0.0044999999999999971,0.021000000000000005,61.079076643883219,36.647445986329927
-0.0040000000000000001,0.021000000000000005,70.34394112985072,42.206364677910429
-0.0035000000000000031,0.021000000000000005,80.479240228156343,48.287544136893807
-0.0029999999999999992,0.021000000000000005,91.153288013537789,54.691972808122671
-0.0025000000000000022,0.021000000000000005,101.87100236018352,61.122601416110115
-0.0019999999999999983,0.021000000000000005,112.00778463964525,67.204670783787151
-0.0015000000000000013,0.021000000000000005,120.87230418974625,72.52338251384775
-0.00099999999999999742,0.021000000000000005,127.79005921649781,76.674035529898688
-0.00050000000000000044,0.021000000000000005,132.1940841018,79.316450461079995
0,0.021000000000000005,133.70633648350594,80.223801890103559
0.00050000000000000044,0.021000000000000005,132.19408410167509,79.316450461005047
0.0010000000000000009,0.021000000000000005,127.79005921620298,76.674035529721777
0.0015000000000000013,0.021000000000000005,120.87230418918102,72.523382513508608
0.0020000000000000018,0.021000000000000005,112.00778463863264,67.20467078317958
0.0024999999999999988,0.021000000000000005,101.87100235843694,61.122601415062164
0.0030000000000000027,0.021000000000000005,91.153288010614844,54.691972806368902
0.0034999999999999996,0.021000000000000005,80.479240223402741,48.287544134041646
0.0040000000000000036,0.021000000000000005,70.343941122332566,42.206364673399541
0.0045000000000000005,0.021000000000000005,61.079076632319278,36.647445979391563
0.0049999999999999975,0.021000000000000005,52.849467818786685,31.709680691272009
0.0055000000000000014,0.021000000000000005,45.675436533396876,27.405261920038125
0.0059999999999999984,0.021000000000000005,39.472205858283985,23.68332351497039
0.0064999999999999988,0.021000000000000005,34.095854629319454,20.457512777591671
0.0069999999999999993,0.021000000000000005,29.386164798744215,17.631698879246528
0.0074999999999999997,0.021000000000000005,25.199384786120429,15.119630871672257
0.0080000000000000002,0.021000000000000005,21.427516412055731,12.856509847233438
0.0085000000000000006,0.021000000000000005,18.004228616573606,10.802537169944163
0.0090000000000000011,0.021000000000000005,14.900147187342071,8.9400883124052424
0.0095000000000000015,0.021000000000000005,12.111674380548719,7.2670046283292304
0.010000000000000002,0.021000000000000005,9.6476473840566523,5.7885884304339914
0.010500000000000002,0.021000000000000005,7.5173374883995034,4.5104024930397015
0.011000000000000003,0.021000000000000005,5.7219623064790497,3.4331773838874295
0.011500000000000003,0.021000000000000005,4.2504760755375264,2.5502856453225156
0.012000000000000004,0.021000000000000005,3.079256762870898,1.8475540577225387
0.012499999999999997,0.021000000000000005,2.1746023218731811,1.3047613931239086
0.013000000000000005,0.021000000000000005,1.496703390637971,0.89802203438278261
0.013499999999999998,0.021000000000000005,1.0038821256121366,0.60232927536728198
0.014000000000000005,0.021000000000000005,0.65622694820733163,0.39373616892439894
0.014499999999999999,0.021000000000000005,0.41816025149702868,0.25089615089821721
0.014999999999999999,0.021000000000000005,0.25983666162930885,0.15590199697758531
0.0155,0.021000000000000005,0.15752113597695805,0.094512681586174832
0.016000000000000007,0.021000000000000005,0.093225070541719982,0.055935042325031985
0.016500000000000001,0.021000000000000005,0.05390425240490361,0.032342551442942166
0.017000000000000001,0.021000000000000005,0.030480265374806737,0.01828815922488404
0.017500000000000002,0.021000000000000005,0.016873122213586639,0.010123873328151983
0.017999999999999995,0.021000000000000005,0.0091556301356349335,0.0054933780813809603
0.018500000000000003,0.021000000000000005,0.0048761450142010884,0.0029256870085206531
0.019000000000000003,0.021000000000000005,0.0025524637858455302,0.0015314782715073181
0.019500000000000003,0.021000000000000005,0.0013149843994609495,0.00078899063967656968
0.019999999999999997,0.021000000000000005,0.00066755062215350562,0.00040053037329210335
0.020499999999999997,0.021000000000000005,0.00033424855591092367,0.00020054913354655419
0.021000000000000005,0.021000000000000005,0.0001651763849109179,9.9105830946550738e-05
0.021500000000000005,0.021000000000000005,8.057737753476163e-05,4.8346426520856978e-05
0.021999999999999999,0.021000000000000005,3.8794503859155308e-05,2.3276702315493185e-05
0.022499999999999999,0.021000000000000005,1.8422413007002473e-05,1.1053447804201483e-05
0.023000000000000007,0.021000000000000005,8.6202794759627906e-06,5.1721676855776746e-06
0.023500000000000007,0.021000000000000005,3.9697952590207188e-06,2.3818771554124312e-06
0.024,0.021000000000000005,1.796803821942492e-06,1.0780822931654951e-06
0.024500000000000001,0.021000000000000005,7.9820841363006351e-07,4.7892504817803806e-07
0.025000000000000001,0.021000000000000005,3.4756051608099873e-07,2.0853630964859924e-07
-0.025000000000000001,0.021500000000000005,1.5409071758284287e-07,9.2454430549705722e-08
-0.024500000000000001,0.021500000000000005,3.5663354836346421e-07,2.1398012901807852e-07
-0.024,0.021500000000000005,8.1012330052446915e-07,4.8607398031468147e-07
-0.0235,0.021500000000000005,1.808697567713565e-06,1.085218540628139e-06
-0.023,0.021500000000000005,3.974228259542678e-06,2.3845369557256067e-06
-0.022500000000000003,0.021500000000000005,8.6047496784816237e-06,5.1628498070889739e-06
-0.022000000000000002,0.021500000000000005,1.8375659293738323e-05,1.1025395576242993e-05
-0.021500000000000002,0.021500000000000005,3.8729283955075471e-05,2.3237570373045281e-05
-0.021000000000000001,0.021500000000000005,8.0579135279802797e-05,4.8347481167881678e-05
-0.020500000000000001,0.021500000000000005,0.00016546209133069895,9.9277254798419375e-05
-0.02,0.021500000000000005,0.00033511634970183042,0.00020106980982109824
-0.0195,0.021500000000000005,0.00066879725566633289,0.00040127835339979974
-0.019,0.021500000000000005,0.0013136211283944273,0.00078817267703665641
-0.018500000000000003,0.021500000000000005,0.0025359374054814664,0.0015215624432888797
-0.018000000000000002,0.021500000000000005,0.0048050717148587748,0.0028830430289152648
-0.017500000000000002,0.021500000000000005,0.0089242872636410408,0.0053545723581846245
-0.017000000000000001,0.021500000000000005,0.016226427238857595,0.0097358563433145567
-0.016500000000000001,0.021500000000000005,0.028851623422694959,0.017310974053616975
-0.016,0.021500000000000005,0.050119142761529768,0.030071485656917859
-0.0155,0.021500000000000005,0.084991987186523926,0.050995192311914357
-0.015000000000000001,0.021500000000000005,0.14060890666727702,0.084365344000366202
-0.014500000000000001,0.021500000000000005,0.22682373644702913,0.13609424186821747
-0.014,0.021500000000000005,0.35665009261894265,0.21399005557136558
-0.0135,0.021500000000000005,0.54646978449858818,0.32788187069915292
-0.012999999999999999,0.021500000000000005,0.81584134677848408,0.4895048080670904
-0.012500000000000001,0.021500000000000005,1.1867607595621301,0.71205645573727805
-0.012,0.021500000000000005,1.6822989619048065,1.0093793771428838
-0.0115,0.021500000000000005,2.3246805694711083,1.3948083416826649
-0.010999999999999999,0.021500000000000005,3.1330670014466984,1.8798402008680188
-0.010499999999999999,0.021500000000000005,4.121529933527067,2.4729179601162401
-0.010000000000000002,0.021500000000000005,5.2978838199034595,3.1787302919420757
-0.0095000000000000015,0.021500000000000005,6.6641051370781543,3.9984630822468925
-0.0090000000000000011,0.021500000000000005,8.2189176360494098,4.9313505816296459
-0.0085000000000000006,0.021500000000000005,9.962715522179213,5.9776293133075278
-0.0080000000000000002,0.021500000000000005,11.904343478288952,7.1426060869733714
-0.0074999999999999997,0.021500000000000005,14.068456313863662,8.4410737883181959
-0.0069999999999999993,0.021500000000000005,16.501435011818096,9.9008610070908567
-0.0064999999999999988,0.021500000000000005,19.273393769884134,11.564036261930481
-0.0059999999999999984,0.021500000000000005,22.47392556025013,13.484355336150077
-0.0054999999999999979,0.021500000000000005,26.200066198839849,15.720039719303909
-0.005000000000000001,0.021500000000000005,30.536503585196765,18.32190215111806
-0.0044999999999999971,0.021500000000000005,35.530092718745607,21.318055631247365
-0.0040000000000000001,0.021500000000000005,41.162816798407491,24.697690079044495
-0.0035000000000000031,0.021500000000000005,47.328884510013097,28.397330706007857
-0.0029999999999999992,0.021500000000000005,53.822109946642179,32.293265967985306
-0.0025000000000000022,0.021500000000000005,60.338711604536421,36.20322696272185
-0.0019999999999999983,0.021500000000000005,66.498165425498613,39.898899255299163
-0.0015000000000000013,0.021500000000000005,71.881153241756394,43.128691945053838
-0.00099999999999999742,0.021500000000000005,76.0797394420659,45.647843665239542
-0.00050000000000000044,0.021500000000000005,78.751663801262737,47.250998280757642
0,0.021500000000000005,79.668969911455278,47.801381946873164
0.00050000000000000044,0.021500000000000005,78.751663801224367,47.25099828073462
0.0010000000000000009,0.021500000000000005,76.079739441975363,45.647843665185214
0.0015000000000000013,0.021500000000000005,71.881153241582808,43.128691944949686
0.0020000000000000018,0.021500000000000005,66.498165425187622,39.898899255112575
0.0024999999999999988,0.021500000000000005,60.338711604000054,36.203226962400031
0.0030000000000000027,0.021500000000000005,53.822109945744494,32.293265967446693
0.0034999999999999996,0.021500000000000005,47.328884508553223,28.397330705131932
0.0040000000000000036,0.021500000000000005,41.162816796098568,24.697690077659139
0.0045000000000000005,0.021500000000000005,35.530092715194201,21.318055629116518
0.0049999999999999975,0.021500000000000005,30.536503579884016,18.321902147930409
0.0055000000000000014,0.021500000000000005,26.200066191109773,15.720039714665862
0.0059999999999999984,0.021500000000000005,22.473925549311097,13.484355329586657
0.0064999999999999988,0.021500000000000005,19.273393754828042,11.564036252896825
0.0069999999999999993,0.021500000000000005,16.501434991663174,9.9008609949979043
0.0074999999999999997,0.021500000000000005,14.068456287622288,8.4410737725733718
0.0080000000000000002,0.021500000000000005,11.904343445059125,7.1426060670354747
0.0085000000000000006,0.021500000000000005,9.9627154812525784,5.9776292887515465
0.0090000000000000011,0.021500000000000005,8.218917587024114,4.9313505522144681
0.0095000000000000015,0.021500000000000005,6.664105079960442,3.9984630479762648
0.010000000000000002,0.021500000000000005,5.2978837551806208,3.1787302531083723
0.010500000000000002,0.021500000000000005,4.1215298621956782,2.4729179173174067
0.011000000000000003,0.021500000000000005,3.1330669249856986,1.879840154991419
0.011500000000000003,0.021500000000000005,2.3246804897569318,1.3948082938541591
0.012000000000000004,0.021500000000000005,1.6822988810757655,1.0093793286454593
0.012499999999999997,0.021500000000000005,1.1867606798479597,0.71205640790877578
0.013000000000000005,0.021500000000000005,0.81584127031748876,0.48950476219049321
0.013499999999999998,0.021500000000000005,0.54646971316721371,0.32788182790032822
0.014000000000000005,0.021500000000000005,0.35665002789610817,0.21399001673766491
0.014499999999999999,0.021500000000000005,0.22682367932932956,0.13609420759759774
0.014999999999999999,0.021500000000000005,0.14060885764198794,0.084365314585192766
0.0155,0.021500000000000005,0.084991946259903237,0.050995167755941942
0.016000000000000007,0.021500000000000005,0.050119109531718553,0.030071465719031132
0.016500000000000001,0.021500000000000005,0.028851597181348457,0.017310958308809073
0.017000000000000001,0.021500000000000005,0.016226407083958491,0.0097358442503750944
0.017500000000000002,0.021500000000000005,0.0089242722075787186,0.0053545633245472308
0.017999999999999995,0.021500000000000005,0.0048050607758380933,0.0028830364655028557
0.018500000000000003,0.021500000000000005,0.0025359296754413189,0.0015215578052647913
0.019000000000000003,0.021500000000000005,0.0013136158156206994,0.00078816948937241967
0.019500000000000003,0.021500000000000005,0.00066879370428626179,0.00040127622257175708
0.019999999999999997,0.021500000000000005,0.00033511404077989001,0.00020106842446793399
0.020499999999999997,0.021500000000000005,0.0001654606313147053,9.9276378788823173e-05
0.021000000000000005,0.021500000000000005,8.0578237350301563e-05,4.8346942410180934e-05
0.021500000000000005,0.021500000000000005,3.8728746845207266e-05,2.3237248107124358e-05
0.021999999999999999,0.021500000000000005,1.8375346815133381e-05,1.1025208089080028e-05
0.022499999999999999,0.021500000000000005,8.6045728656794448e-06,5.1627437194076664e-06
0.023000000000000007,0.021500000000000005,3.9741309526976098e-06,2.3844785716185658e-06
0.023500000000000007,0.021500000000000005,1.8086454831126842e-06,1.0851872898676105e-06
0.024,0.021500000000000005,8.100961854030437e-07,4.8605771124182622e-07
0.024500000000000001,0.021500000000000005,3.5661981901173655e-07,2.1397189140704193e-07
0.025000000000000001,0.021500000000000005,1.5408395636742398e-07,9.2450373820454391e-08
-0.025000000000000001,0.021999999999999999,6.6956993333352658e-08,4.0174196000011596e-08
-0.024500000000000001,0.021999999999999999,1.5638281545585508e-07,9.3829689273513037e-08
-0.024,0.021999999999999999,3.5897809490323901e-07,2.1538685694194339e-07
-0.0235,0.021999999999999999,8.1099617432824828e-07,4.8659770459694897e-07
-0.023,0.021999999999999999,1.8053779317888818e-06,1.083226759073329e-06
-0.022500000000000003,0.021999999999999999,3.96402653268585e-06,2.3784159196115097e-06
-0.022000000000000002,0.021999999999999999,8.5900681238287902e-06,5.1540408742972738e-06
-0.021500000000000002,0.021999999999999999,1.8375660571288793e-05,1.1025396342773275e-05
-0.021000000000000001,0.021999999999999999,3.8795527977826366e-05,2.3277316786695818e-05
-0.020500000000000001,0.021999999999999999,8.0786909475666092e-05,4.8472145685399656e-05
-0.02,0.021999999999999999,0.00016576822035549747,9.9460932213298484e-05
-0.0195,0.021999999999999999,0.00033476281708012936,0.00020085769024807761
-0.019,0.021999999999999999,0.00066445314041665689,0.0003986718842499941
-0.018500000000000003,0.021999999999999999,0.0012944410474763802,0.00077666462848582809
-0.018000000000000002,0.021999999999999999,0.0024717782117355505,0.0014830669270413303
-0.017500000000000002,0.021999999999999999,0.0046207047050164313,0.0027724228230098587
-0.017000000000000001,0.021999999999999999,0.0084469329974598793,0.0050681597984759278
-0.016500000000000001,0.021999999999999999,0.015085778904477749,0.0090514673426866487
-0.016,0.021999999999999999,0.026300620830464173,0.015780372498278503
-0.0155,0.021999999999999999,0.044731027831971651,0.026838616699182988
-0.015000000000000001,0.021999999999999999,0.074177203447576306,0.044506322068545781
-0.014500000000000001,0.021999999999999999,0.11988902448555121,0.071933414691330716
-0.014,0.021999999999999999,0.18880591282937603,0.11328354769762561
-0.0135,0.021999999999999999,0.28967308807401743,0.17380385284441044
-0.012999999999999999,0.021999999999999999,0.43294872450408872,0.25976923470245322
-0.012500000000000001,0.021999999999999999,0.63042579448541636,0.37825547669124981
-0.012,0.021999999999999999,0.89453212155411965,0.53671927293247179
-0.0115,0.021999999999999999,1.237347746760082,0.74240864805604911
-0.010999999999999999,0.021999999999999999,1.6694853553065061,1.0016912131839035
-0.010499999999999999,0.021999999999999999,2.19909793765079,1.3194587625904739
-0.010000000000000002,0.021999999999999999,2.8313732624471588,1.6988239574682953
-0.0095000000000000015,0.021999999999999999,3.5689014221640889,2.1413408532984533
-0.0090000000000000011,0.021999999999999999,4.413214488281195,2.6479286929687169
-0.0085000000000000006,0.021999999999999999,5.3675684336940694,3.2205410602164415
-0.0080000000000000002,0.021999999999999999,6.4406750141579705,3.8644050084947823
-0.0074999999999999997,0.021999999999999999,7.6506524639714417,4.5903914783828652
-0.0069999999999999993,0.021999999999999999,9.0280560757646473,5.4168336454587882
-0.0064999999999999988,0.021999999999999999,10.616614079005553,6.3699684474033313
-0.0059999999999999984,0.021999999999999999,12.470370634569383,7.4822223807416295
-0.0054999999999999979,0.021999999999999999,14.646417909624699,8.7878507457748185
-0.005000000000000001,0.021999999999999999,17.193279767819696,10.315967860691817
-0.0044999999999999971,0.021999999999999999,20.136162542321355,12.081697525392812
-0.0040000000000000001,0.021999999999999999,23.461463995367897,14.076878397220737
-0.0035000000000000031,0.021999999999999999,27.103803445369717,16.262282067221829
-0.0029999999999999992,0.021999999999999999,30.93908352910508,18.563450117463049
-0.0025000000000000022,0.021999999999999999,34.786504169794,20.871902501876399
-0.0019999999999999983,0.021999999999999999,38.421007056623957,23.052604233974375
-0.0015000000000000013,0.021999999999999999,41.59556224682548,24.957337348095287
-0.00099999999999999742,0.021999999999999999,44.07046259577956,26.442277557467737
-0.00050000000000000044,0.021999999999999999,45.644928444633287,27.386957066779971
0,0.021999999999999999,46.185369340330688,27.711221604198411
0.00050000000000000044,0.021999999999999999,45.644928444621819,27.386957066773089
0.0010000000000000009,0.021999999999999999,44.070462595752517,26.442277557451508
0.0015000000000000013,0.021999999999999999,41.595562246773632,24.957337348064179
0.0020000000000000018,0.021999999999999999,38.421007056531067,23.05260423391864
0.0024999999999999988,0.021999999999999999,34.786504169633801,20.87190250178028
0.0030000000000000027,0.021999999999999999,30.939083528836932,18.563450117302157
0.0034999999999999996,0.021999999999999999,27.103803444933696,16.262282066960218
0.0040000000000000036,0.021999999999999999,23.461463994678223,14.076878396806933
0.0045000000000000005,0.021999999999999999,20.13616254126055,12.081697524756329
0.0049999999999999975,0.021999999999999999,17.19327976623282,10.315967859739692
0.0055000000000000014,0.021999999999999999,14.64641790731576,8.7878507443894556
0.0059999999999999984,0.021999999999999999,12.470370631301943,7.4822223787811657
0.0064999999999999988,0.021999999999999999,10.61661407450838,6.3699684447050275
0.0069999999999999993,0.021999999999999999,9.0280560697444816,5.4168336418466891
0.0074999999999999997,0.021999999999999999,7.650652456133284,4.5903914736799702
0.0080000000000000002,0.021999999999999999,6.4406750042324017,3.8644050025394407
0.0085000000000000006,0.021999999999999999,5.3675684214695059,3.2205410528817033
0.0090000000000000011,0.021999999999999999,4.4132144736376011,2.6479286841825607
0.0095000000000000015,0.021999999999999999,3.5689014051033352,2.1413408430620011
0.010000000000000002,0.021999999999999999,2.8313732431147915,1.698823945868875
0.010500000000000002,0.021999999999999999,2.199097916344483,1.3194587498066899
0.011000000000000003,0.021999999999999999,1.6694853324680103,1.0016911994808062
0.011500000000000003,0.021999999999999999,1.2373477229498819,0.74240863376992916
0.012000000000000004,0.021999999999999999,0.89453209741091533,0.53671925844654922
0.012499999999999997,0.021999999999999999,0.63042577067521977,0.37825546240513186
0.013000000000000005,0.021999999999999999,0.43294870166559429,0.25976922099935656
0.013499999999999998,0.021999999999999999,0.28967306676771543,0.17380384006062924
0.014000000000000005,0.021999999999999999,0.18880589349700894,0.11328353609820535
0.014499999999999999,0.021999999999999999,0.11988900742479809,0.071933404454878849
0.014999999999999999,0.021999999999999999,0.074177188803983038,0.044506313282389819
0.0155,0.021999999999999999,0.044731015607407554,0.026838609364444533
0.016000000000000007,0.021999999999999999,0.026300610904896004,0.015780366542937602
0.016500000000000001,0.021999999999999999,0.015085771066326895,0.0090514626397961359
0.017000000000000001,0.021999999999999999,0.008446926977298555,0.0050681561863791325
0.017500000000000002,0.021999999999999999,0.0046207002078505807,0.0027724201247103482
0.017999999999999995,0.021999999999999999,0.0024717749443081828,0.0014830649665849096
0.018500000000000003,0.021999999999999999,0.0012944387385544417,0.00077666324313266507
0.019000000000000003,0.021999999999999999,0.00066445155351935799,0.00039867093211161478
0.019500000000000003,0.021999999999999999,0.00033476175630176307,0.00020085705378105785
0.019999999999999997,0.021999999999999999,0.00016576753069277652,9.9460518415665905e-05
0.020499999999999997,0.021999999999999999,8.0786473376642988e-05,4.8471884025985794e-05
0.021000000000000005,0.021999999999999999,3.8795259771053074e-05,2.3277155862631843e-05
0.021500000000000005,0.021999999999999999,1.8375500139423612e-05,1.1025300083654167e-05
0.021999999999999999,0.021999999999999999,8.589974788128995e-06,5.1539848728773968e-06
0.022499999999999999,0.021999999999999999,3.9639737196408547e-06,2.3783842317845126e-06
0.023000000000000007,0.021999999999999999,1.8053488667510246e-06,1.0832093200506147e-06
0.023500000000000007,0.021999999999999999,8.1098061693456939e-07,4.8658837016074164e-07
0.024,0.021999999999999999,3.589699957604697e-07,2.153819974562818e-07
0.024500000000000001,0.021999999999999999,1.5637871457140691e-07,9.382722874284414e-08
0.025000000000000001,0.021999999999999999,6.6954973794213893e-08,4.0172984276528332e-08
-0.025000000000000001,0.022499999999999999,2.8556184233647004e-08,1.7133710540188201e-08
-0.024500000000000001,0.022499999999999999,6.7397394915977132e-08,4.0438436949586278e-08
-0.024,0.022499999999999999,1.5655174600326048e-07,9.3931047601956293e-08
-0.0235,0.022499999999999999,3.5832004097906874e-07,2.1499202458744123e-07
-0.023,0.022499999999999999,8.089156916837962e-07,4.8534941501027772e-07
-0.022500000000000003,0.022499999999999999,1.8022991783826038e-06,1.0813795070295623e-06
-0.022000000000000002,0.022499999999999999,3.9640267077544481e-06,2.3784160246526686e-06
-0.021500000000000002,0.022499999999999999,8.6047506129009561e-06,5.1628503677405738e-06
-0.021000000000000001,0.022499999999999999,1.8422992383714783e-05,1.105379543022887e-05
-0.020500000000000001,0.022499999999999999,3.886712177973293e-05,2.3320273067839757e-05
-0.02,0.022499999999999999,8.0701084908322667e-05,4.84206509449936e-05
-0.0195,0.022499999999999999,0.00016468966800944323,9.8813800805665938e-05
-0.019,0.022499999999999999,0.00032986969093959411,0.00019792181456375647
-0.018500000000000003,0.022499999999999999,0.00064762770182550484,0.00038857662109530292
-0.018000000000000002,0.022499999999999999,0.0012447341932991635,0.00074684051597949809
-0.017500000000000002,0.022499999999999999,0.0023394585234666086,0.0014036751140799652
-0.017000000000000001,0.022499999999999999,0.0042956167829071275,0.0025773700697442766
-0.016500000000000001,0.022499999999999999,0.0076993906002265867,0.0046196343601359515
-0.016,0.022499999999999999,0.013462302309769822,0.0080773813858618926
-0.0155,0.022499999999999999,0.022950052096553663,0.013770031257932197
-0.015000000000000001,0.022499999999999999,0.038130389679749431,0.022878233807849657
-0.014500000000000001,0.022499999999999999,0.061723762828525153,0.037034257697115089
-0.014,0.022499999999999999,0.097329219628954869,0.058397531777372919
-0.0135,0.022499999999999999,0.14948757337483579,0.089692544024901469
-0.012999999999999999,0.022499999999999999,0.22363850242442701,0.1341831014546562
-0.012500000000000001,0.022499999999999999,0.32593356221810277,0.19556013733086167
-0.012,0.022499999999999999,0.46288828759772821,0.27773297255863694
-0.0115,0.022499999999999999,0.6408963363327026,0.38453780179962155
-0.010999999999999999,0.022499999999999999,0.86568429130414259,0.51941057478248553
-0.010499999999999999,0.022499999999999999,1.1418469757697922,0.68510818546187535
-0.010000000000000002,0.022499999999999999,1.4726514469556196,0.88359086817337174
-0.0095000000000000015,0.022499999999999999,1.8603090136567457,1.1161854081940474
-0.0090000000000000011,0.022499999999999999,2.3068648157028075,1.3841188894216845
-0.0085000000000000006,0.022499999999999999,2.8157292157675653,1.689437529460539
-0.0080000000000000002,0.022499999999999999,3.3936792000717246,2.0362075200430345
-0.0074999999999999997,0.022499999999999999,4.0529222816057677,2.4317533689634607
-0.0069999999999999993,0.022499999999999999,4.8125982373086709,2.8875589423852026
-0.0064999999999999988,0.022499999999999999,5.6989718382146579,3.4193831029287947
-0.0059999999999999984,0.022499999999999999,6.7436184915329305,4.0461710949197585
-0.0054999999999999979,0.022499999999999999,7.9791742281153786,4.7875045368692266
-0.005000000000000001,0.022499999999999999,9.4327097519631327,5.6596258511778794
-0.0044999999999999971,0.022499999999999999,11.117424910118979,6.6704549460713869
-0.0040000000000000001,0.022499999999999999,13.024007407645058,7.8144044445870344
-0.0035000000000000031,0.022499999999999999,15.113477529477001,9.0680865176862007
-0.0029999999999999992,0.022499999999999999,17.313471354492048,10.388082812695229
-0.0025000000000000022,0.022499999999999999,19.519579978021508,11.711747986812904
-0.0019999999999999983,0.022499999999999999,21.602552926139012,12.961531755683406
-0.0015000000000000013,0.022499999999999999,23.421016956389089,14.052610173833452
-0.00099999999999999742,0.022499999999999999,24.838105117078161,14.902863070246896
-0.00050000000000000044,0.022499999999999999,25.73934932079128,15.443609592474768
0,0.022499999999999999,26.048656729918864,15.629194037951319
0.00050000000000000044,0.022499999999999999,25.739349320787948,15.443609592472768
0.0010000000000000009,0.022499999999999999,24.838105117070306,14.902863070242184
0.0015000000000000013,0.022499999999999999,23.421016956374025,14.052610173824414
0.0020000000000000018,0.022499999999999999,21.602552926112022,12.961531755667213
0.0024999999999999988,0.022499999999999999,19.519579977974981,11.711747986784989
0.0030000000000000027,0.022499999999999999,17.313471354414137,10.388082812648483
0.0034999999999999996,0.022499999999999999,15.113477529350341,9.0680865176102046
0.0040000000000000036,0.022499999999999999,13.024007407444687,7.8144044444668115
0.0045000000000000005,0.022499999999999999,11.117424909810808,6.6704549458864841
0.0049999999999999975,0.022499999999999999,9.4327097515021396,5.6596258509012838
0.0055000000000000014,0.022499999999999999,7.9791742274445969,4.7875045364667583
0.0059999999999999984,0.022499999999999999,6.743618490583704,4.046171094350222
0.0064999999999999988,0.022499999999999999,5.6989718369081732,3.4193831021449039
0.0069999999999999993,0.022499999999999999,4.812598235559741,2.8875589413358447
0.0074999999999999997,0.022499999999999999,4.052922279328687,2.4317533675972123
0.0080000000000000002,0.022499999999999999,3.3936791971882299,2.036207518312938
0.0085000000000000006,0.022499999999999999,2.8157292122161852,1.6894375273297111
0.0090000000000000011,0.022499999999999999,2.3068648114486709,1.3841188868692025
0.0095000000000000015,0.022499999999999999,1.8603090087003955,1.1161854052202373
0.010000000000000002,0.022499999999999999,1.472651441339339,0.88359086480360338
0.010500000000000002,0.022499999999999999,1.1418469695800577,0.68510818174803456
0.011000000000000003,0.022499999999999999,0.86568428466928937,0.5194105708015736
0.011500000000000003,0.022499999999999999,0.64089632941555752,0.38453779764933449
0.012000000000000004,0.022499999999999999,0.46288828058384185,0.27773296835030509
0.012499999999999997,0.022499999999999999,0.32593355530096069,0.19556013318057641
0.013000000000000005,0.022499999999999999,0.22363849578957518,0.1341830974737451
0.013499999999999998,0.022499999999999999,0.14948756718510403,0.089692540311062413
0.014000000000000005,0.022499999999999999,0.097329214012674165,0.058397528407604496
0.014499999999999999,0.022499999999999999,0.061723757872175329,0.037034254723305196
0.014999999999999999,0.022499999999999999,0.038130385425612999,0.022878231255367799
0.0155,0.022499999999999999,0.022950048545173636,0.013770029127104181
0.016000000000000007,0.022499999999999999,0.013462299426275172,0.0080773796557651028
0.016500000000000001,0.022499999999999999,0.0076993883231513474,0.0046196329938908084
0.017000000000000001,0.022499999999999999,0.0042956150339792864,0.0025773690203875718
0.017500000000000002,0.022499999999999999,0.0023394572169868938,0.0014036743301921362
0.017999999999999995,0.022499999999999999,0.0012447332440729919,0.00074683994644379509
0.018500000000000003,0.022499999999999999,0.00064762703105645364,0.0003885762186338722
0.019000000000000003,0.022499999999999999,0.00032986922992721669,0.00019792153795633
0.019500000000000003,0.022499999999999999,0.00016468935984081899,9.8813615904491393e-05
0.019999999999999997,0.022499999999999999,8.0700884553169992e-05,4.8420530731901997e-05
0.020499999999999997,0.022499999999999999,3.8866995087824346e-05,2.3320197052694607e-05
0.021000000000000005,0.022499999999999999,1.8422914466484379e-05,1.1053748679890628e-05
0.021500000000000005,0.022499999999999999,8.6047040055522756e-06,5.1628224033313652e-06
0.021999999999999999,0.022499999999999999,3.963999592633052e-06,2.3783997555798309e-06
0.022499999999999999,0.022499999999999999,1.8022838355702556e-06,1.0813703013421533e-06
0.023000000000000007,0.022499999999999999,8.0890724794756139e-07,4.8534434876853679e-07
0.023500000000000007,0.022499999999999999,3.5831552137274929e-07,2.1498931282364956e-07
0.024,0.022499999999999999,1.5654939310678026e-07,9.392963586406815e-08
0.024500000000000001,0.022499999999999999,6.7396203560686933e-08,4.043772213641216e-08
0.025000000000000001,0.022499999999999999,2.855559753371261e-08,1.7133358520227566e-08
-0.025000000000000001,0.023000000000000007,1.196992143235937e-08,7.1819528594156216e-09
-0.024500000000000001,0.023000000000000007,2.8587093929017127e-08,1.7152256357410276e-08
-0.024,0.023000000000000007,6.7273965240333081e-08,4.036437914419985e-08
-0.0235,0.023000000000000007,1.5615033742514149e-07,9.3690202455084894e-08
-0.023,0.023000000000000007,3.5770924097224659e-07,2.1462554458334793e-07
-0.022500000000000003,0.023000000000000007,8.0891571437361653e-07,4.8534942862416987e-07
-0.022000000000000002,0.023000000000000007,1.8053780563191503e-06,1.0832268337914901e-06
-0.021500000000000002,0.023000000000000007,3.9742287586382956e-06,2.3845372551829773e-06
-0.021000000000000001,0.023000000000000007,8.6205980559594685e-06,5.1723588335756807e-06
-0.020500000000000001,0.023000000000000007,1.8403313748957472e-05,1.1041988249374483e-05
-0.02,0.023000000000000007,3.8613902982237775e-05,2.3168341789342663e-05
-0.0195,0.023000000000000007,7.9520504083527386e-05,4.7712302450116431e-05
-0.019,0.023000000000000007,0.00016051648586534907,9.6309891519209438e-05
-0.018500000000000003,0.023000000000000007,0.00031719459884900291,0.00019031675930940173
-0.018000000000000002,0.023000000000000007,0.00061293702359202897,0.00036776221415521737
-0.017500000000000002,0.023000000000000007,0.0011571039082640541,0.00069426234495843244
-0.017000000000000001,0.023000000000000007,0.0021322715351141637,0.0012793629210684982
-0.016500000000000001,0.023000000000000007,0.0038329668463354719,0.0022997801078012831
-0.016,0.023000000000000007,0.0067176188820062491,0.0040305713292037495
-0.0155,0.023000000000000007,0.011473606012092167,0.0068841636072552994
-0.015000000000000001,0.023000000000000007,0.019092011783558478,0.011455207070135085
-0.014500000000000001,0.023000000000000007,0.030943999541395376,0.018566399724837226
-0.014,0.023000000000000007,0.048845125305329667,0.029307075183197799
-0.0135,0.023000000000000007,0.075088771727379794,0.045053263036427878
-0.012999999999999999,0.023000000000000007,0.11242740136208344,0.067456440817250066
-0.012500000000000001,0.023000000000000007,0.16398327660633674,0.098389965963802048
-0.012,0.023000000000000007,0.23308130869558633,0.13984878521735178
-0.0115,0.023000000000000007,0.32301707388608503,0.193810244331651
-0.010999999999999999,0.023000000000000007,0.43680131124766297,0.26208078674859775
-0.010499999999999999,0.023000000000000007,0.57695300830768226,0.34617180498460937
-0.010000000000000002,0.023000000000000007,0.7454369132699421,0.44726214796196523
-0.0095000000000000015,0.023000000000000007,0.94384549710923504,0.56630729826554105
-0.0090000000000000011,0.023000000000000007,1.1738977562189503,0.70433865373137017
-0.0085000000000000006,0.023000000000000007,1.4382604287725551,0.86295625726353309
-0.0080000000000000002,0.023000000000000007,1.7415938616032995,1.0449563169619798
-0.0074999999999999997,0.023000000000000007,2.0916013997826175,1.2549608398695704
-0.0069999999999999993,0.023000000000000007,2.4997484953920939,1.4998490972352563
-0.0064999999999999988,0.023000000000000007,2.9812561169855747,1.7887536701913447
-0.0059999999999999984,0.023000000000000007,3.5540026537152194,2.1324015922291317
-0.0054999999999999979,0.023000000000000007,4.236115732637705,2.5416694395826229
-0.005000000000000001,0.023000000000000007,5.0422990590352663,3.0253794354211596
-0.0044999999999999971,0.023000000000000007,5.9792818326642907,3.5875690995985745
-0.0040000000000000001,0.023000000000000007,7.0411256774093314,4.2246754064455985
-0.0035000000000000031,0.023000000000000007,8.2053792930444533,4.9232275758266715
-0.0029999999999999992,0.023000000000000007,9.4311382928099103,5.658682975685946
-0.0025000000000000022,0.023000000000000007,10.659882752357069,6.3959296514142414
-0.0019999999999999983,0.023000000000000007,11.819522994918151,7.0917137969508905
-0.0015000000000000013,0.023000000000000007,12.831453663602105,7.6988721981612622
-0.00099999999999999742,0.023000000000000007,13.619732032460778,8.1718392194764657
-0.00050000000000000044,0.023000000000000007,14.120929661894378,8.472557797136627
0,0.023000000000000007,14.292917119007031,8.5757502714042175
0.00050000000000000044,0.023000000000000007,14.120929661893436,8.4725577971360622
0.0010000000000000009,0.023000000000000007,13.619732032458559,8.1718392194751353
0.0015000000000000013,0.023000000000000007,12.831453663597848,7.6988721981587087
0.0020000000000000018,0.023000000000000007,11.819522994910523,7.0917137969463138
0.0024999999999999988,0.023000000000000007,10.659882752343917,6.3959296514063499
0.0030000000000000027,0.023000000000000007,9.4311382927878871,5.6586829756727317
0.0034999999999999996,0.023000000000000007,8.205379293008674,4.9232275758052042
0.0040000000000000036,0.023000000000000007,7.0411256773527118,4.2246754064116265
0.0045000000000000005,0.023000000000000007,5.9792818325772146,3.5875690995463287
0.0049999999999999975,0.023000000000000007,5.0422990589050158,3.0253794353430092
0.0055000000000000014,0.023000000000000007,4.2361157324481704,2.5416694394689023
0.0059999999999999984,0.023000000000000007,3.5540026534470099,2.1324015920682058
0.0064999999999999988,0.023000000000000007,2.9812561166164246,1.7887536699698547
0.0069999999999999993,0.023000000000000007,2.4997484948979261,1.4998490969387557
0.0074999999999999997,0.023000000000000007,2.0916013991392215,1.2549608394835328
0.0080000000000000002,0.023000000000000007,1.7415938607885593,1.0449563164731355
0.0085000000000000006,0.023000000000000007,1.438260427769102,0.86295625666146114
0.0090000000000000011,0.023000000000000007,1.1738977550169309,0.70433865301015852
0.0095000000000000015,0.023000000000000007,0.94384549570880305,0.56630729742528185
0.010000000000000002,0.023000000000000007,0.74543691168304482,0.44726214700982686
0.010500000000000002,0.023000000000000007,0.57695300655875426,0.34617180393525254
0.011000000000000003,0.023000000000000007,0.43680130937296524,0.26208078562377912
0.011500000000000003,0.023000000000000007,0.32301707193162477,0.19381024315897485
0.012000000000000004,0.023000000000000007,0.23308130671379138,0.13984878402827483
0.012499999999999997,0.023000000000000007,0.16398327465187709,0.098389964791126258
0.013000000000000005,0.023000000000000007,0.11242739948738557,0.067456439692431341
0.013499999999999998,0.023000000000000007,0.075088769978452333,0.045053261987071401
0.014000000000000005,0.023000000000000007,0.048845123718432359,0.029307074231059414
0.014499999999999999,0.023000000000000007,0.030943998140963647,0.018566398884578186
0.014999999999999999,0.023000000000000007,0.019092010581539212,0.011455206348923526
0.0155,0.023000000000000007,0.011473605008638867,0.0068841630051833204
0.016000000000000007,0.023000000000000007,0.0067176180672659748,0.0040305708403595847
0.016500000000000001,0.023000000000000007,0.0038329662029408826,0.0022997797217645293
0.017000000000000001,0.023000000000000007,0.0021322710409492442,0.0012793626245695465
0.017500000000000002,0.023000000000000007,0.0011571035391142004,0.0006942621234685202
0.017999999999999995,0.023000000000000007,0.00061293675538526206,0.00036776205323115721
0.018500000000000003,0.023000000000000007,0.00031719440932114845,0.00019031664559268906
0.019000000000000003,0.023000000000000007,0.00016051635560488661,9.6309813362931967e-05
0.019500000000000003,0.023000000000000007,7.9520417009536397e-05,4.7712250205721837e-05
0.019999999999999997,0.023000000000000007,3.8613846371274509e-05,2.3168307822764703e-05
0.020499999999999997,0.023000000000000007,1.840327795176987e-05,1.1041966771061921e-05
0.021000000000000005,0.023000000000000007,8.6205760402068222e-06,5.1723456241240928e-06
0.021500000000000005,0.023000000000000007,3.9742155895888595e-06,2.3845293537533158e-06
0.021999999999999999,0.023000000000000007,1.8053703948583693e-06,1.0832222369150216e-06
0.022499999999999999,0.023000000000000007,8.0891137921489277e-07,4.8534682752893562e-07
0.023000000000000007,0.023000000000000007,3.5770685516865317e-07,2.1462411310119189e-07
0.023500000000000007,0.023000000000000007,1.5614906039650159e-07,9.3689436237900949e-08
0.024,0.023000000000000007,6.7273300422210083e-08,4.0363980253326051e-08
0.024500000000000001,0.023000000000000007,2.8586757307922842e-08,1.7152054384753706e-08
0.025000000000000001,0.023000000000000007,1.1969755658491938e-08,7.1818533950951629e-09
-0.025000000000000001,0.023500000000000007,4.9380443332347333e-09,2.96282659994084e-09
-0.024500000000000001,0.023500000000000007,1.1948016578558831e-08,7.1688099471352983e-09
-0.024,0.023500000000000007,2.8513823510747013e-08,1.7108294106448207e-08
-0.0235,0.023500000000000007,6.7159325755113687e-08,4.0295595453068208e-08
-0.023,0.023500000000000007,1.5615034020649705e-07,9.3690204123898222e-08
-0.022500000000000003,0.023500000000000007,3.5832005667564122e-07,2.1499203400538471e-07
-0.022000000000000002,0.023500000000000007,8.1099623901667052e-07,4.8659774341000227e-07
-0.021500000000000002,0.023500000000000007,1.8086977984389653e-06,1.0852186790633791e-06
-0.021000000000000001,0.023500000000000007,3.9699656071355646e-06,2.3819793642813385e-06
-0.020500000000000001,0.023500000000000007,8.5643768828520714e-06,5.138626129711243e-06
-0.02,0.023500000000000007,1.81339123089955e-05,1.0880347385397299e-05
-0.0195,0.023500000000000007,3.7634911611244736e-05,2.258094696674684e-05
-0.019,0.023500000000000007,7.6463450540541889e-05,4.5878070324325129e-05
-0.018500000000000003,0.023500000000000007,0.00015191406999148549,9.1148441994891291e-05
-0.018000000000000002,0.023500000000000007,0.00029485236136552075,0.00017691141681931244
-0.017500000000000002,0.023500000000000007,0.00055862373155915826,0.00033517423893549497
-0.017000000000000001,0.023500000000000007,0.0010324021693202247,0.00061944130159213482
-0.016500000000000001,0.023500000000000007,0.0018601823216925031,0.0011161093930155018
-0.016,0.023500000000000007,0.0032662657820266613,0.0019597594692159965
-0.0155,0.023500000000000007,0.0055871972552136518,0.0033523183531281911
-0.015000000000000001,0.023500000000000007,0.0093085202189769137,0.0055851121313861482
-0.014500000000000001,0.023500000000000007,0.015102443994863671,0.0090614663969182021
-0.014,0.023500000000000007,0.023859820564533889,0.014315892338720333
-0.0135,0.023500000000000007,0.036707385836652735,0.02202443150199164
-0.012999999999999999,0.023500000000000007,0.05500011103569788,0.033000066621418724
-0.012500000000000001,0.023500000000000007,0.080280101595339479,0.048168060957203683
-0.012,0.023500000000000007,0.11419905533655605,0.068519433201933627
-0.0115,0.023500000000000007,0.15841145522896199,0.095046873137377197
-0.010999999999999999,0.023500000000000007,0.21445965033802059,0.12867579020281233
-0.010499999999999999,0.023500000000000007,0.28368703486614738,0.17021222091968843
-0.010000000000000002,0.023500000000000007,0.36722684079280482,0.22033610447568289
-0.0095000000000000015,0.023500000000000007,0.46611533723751214,0.27966920234250725
-0.0090000000000000011,0.023500000000000007,0.58156333308976282,0.34893799985385771
-0.0085000000000000006,0.023500000000000007,0.71538516183508494,0.42923109710105095
-0.0080000000000000002,0.023500000000000007,0.87053125058626823,0.5223187503517609
-0.0074999999999999997,0.023500000000000007,1.0516074545328422,0.63096447271970535
-0.0069999999999999993,0.023500000000000007,1.2652073748907442,0.75912442493444654
-0.0064999999999999988,0.023500000000000007,1.5198536495345156,0.91191218972070931
-0.0059999999999999984,0.023500000000000007,1.8253614141182173,1.0952168484709304
-0.0054999999999999979,0.023500000000000007,2.1915153943393251,1.314909236603595
-0.005000000000000001,0.023500000000000007,2.6260907689488131,1.5756544613692878
-0.0044999999999999971,0.023500000000000007,3.1324273576857014,1.8794564146114208
-0.0040000000000000001,0.023500000000000007,3.7069482513853682,2.224168950831221
-0.0035000000000000031,0.023500000000000007,4.3371468409712328,2.6022881045827395
-0.0029999999999999992,0.023500000000000007,5.0005999068749674,3.0003599441249804
-0.0025000000000000022,0.023500000000000007,5.6654651516273731,3.3992790909764237
-0.0019999999999999983,0.023500000000000007,6.2926866416089187,3.7756119849653511
-0.0015000000000000013,0.023500000000000007,6.8397972225632282,4.1038783335379367
-0.00099999999999999742,0.023500000000000007,7.2658443784307511,4.3595066270584502
-0.00050000000000000044,0.023500000000000007,7.5366657242300681,4.5219994345380403
0,0.023500000000000007,7.6295873476891547,4.5777524086134926
0.00050000000000000044,0.023500000000000007,7.5366657242298096,4.5219994345378858
0.0010000000000000009,0.023500000000000007,7.265844378430141,4.3595066270580842
0.0015000000000000013,0.023500000000000007,6.8397972225620567,4.1038783335372342
0.0020000000000000018,0.023500000000000007,6.2926866416068119,3.7756119849640868
0.0024999999999999988,0.023500000000000007,5.6654651516237671,3.3992790909742601
0.0030000000000000027,0.023500000000000007,5.000599906868918,3.0003599441213509
0.0034999999999999996,0.023500000000000007,4.3371468409613989,2.6022881045768393
0.0040000000000000036,0.023500000000000007,3.7069482513698087,2.2241689508218849
0.0045000000000000005,0.023500000000000007,3.1324273576617658,1.8794564145970594
0.0049999999999999975,0.023500000000000007,2.6260907689130168,1.5756544613478101
0.0055000000000000014,0.023500000000000007,2.1915153942872356,1.3149092365723414
0.0059999999999999984,0.023500000000000007,1.8253614140445096,1.0952168484267057
0.0064999999999999988,0.023500000000000007,1.5198536494330659,0.91191218965983944
0.0069999999999999993,0.023500000000000007,1.2652073747549388,0.75912442485296328
0.0074999999999999997,0.023500000000000007,1.0516074543560268,0.63096447261361599
0.0080000000000000002,0.023500000000000007,0.87053125036236634,0.5223187502174198
0.0085000000000000006,0.023500000000000007,0.71538516155932241,0.42923109693559341
0.0090000000000000011,0.023500000000000007,0.58156333275943217,0.3489379996556593
0.0095000000000000015,0.023500000000000007,0.46611533685265533,0.27966920211159318
0.010000000000000002,0.023500000000000007,0.36722684035670511,0.22033610421402305
0.010500000000000002,0.023500000000000007,0.28368703438551934,0.17021222063131161
0.011000000000000003,0.023500000000000007,0.21445964982282967,0.1286757898936978
0.011500000000000003,0.023500000000000007,0.15841145469185158,0.095046872815110942
0.012000000000000004,0.023500000000000007,0.11419905479193386,0.06851943287516031
0.012499999999999997,0.023500000000000007,0.080280101058229775,0.048168060634937865
0.013000000000000005,0.023500000000000007,0.055000110520507552,0.033000066312304531
0.013499999999999998,0.023500000000000007,0.036707385356025711,0.022024431213615425
0.014000000000000005,0.023500000000000007,0.023859820128434774,0.014315892077060863
0.014499999999999999,0.023500000000000007,0.015102443610007659,0.0090614661660045944
0.014999999999999999,0.023500000000000007,0.0093085198886471293,0.0055851119331882778
0.0155,0.023500000000000007,0.0055871969794522519,0.0033523181876713511
0.016000000000000007,0.023500000000000007,0.0032662655581259348,0.0019597593348755606
0.016500000000000001,0.023500000000000007,0.0018601821448797006,0.0011161092869278204
0.017000000000000001,0.023500000000000007,0.0010324020335175828,0.00061944122011054967
0.017500000000000002,0.023500000000000007,0.00055862363011220813,0.00033517417806732487
0.017999999999999995,0.023500000000000007,0.00029485228765898199,0.00017691137259538919
0.018500000000000003,0.023500000000000007,0.0001519140179068851,9.1148410744131065e-05
0.019000000000000003,0.023500000000000007,7.6463414743353623e-05,4.5878048846012172e-05
0.019500000000000003,0.023500000000000007,3.7634887682234046e-05,2.2580932609340429e-05
0.019999999999999997,0.023500000000000007,1.8133896751601884e-05,1.088033805096113e-05
0.020499999999999997,0.023500000000000007,8.5643670453417349e-06,5.1386202272050404e-06
0.021000000000000005,0.023500000000000007,3.9699595569341608e-06,2.3819757341604963e-06
0.021500000000000005,0.023500000000000007,1.8086941794211334e-06,1.08521650765268e-06
0.021999999999999999,0.023500000000000007,8.1099413355239438e-07,4.8659648013143661e-07
0.022499999999999999,0.023500000000000007,3.5831886532035459e-07,2.1499131919221275e-07
0.023000000000000007,0.023500000000000007,1.5614968455813105e-07,9.3689810734878624e-08
0.023500000000000007,0.023500000000000007,6.7158974811832744e-08,4.0295384887099645e-08
0.024,0.023500000000000007,2.851364081049601e-08,1.7108184486297605e-08
0.024500000000000001,0.023500000000000007,1.1947924070914587e-08,7.1687544425487519e-09
0.025000000000000001,0.023500000000000007,4.9379987765236015e-09,2.9627992659141608e-09
-0.025000000000000001,0.024,2.007323622980917e-09,1.2043941737885503e-09
-0.024500000000000001,0.024,4.9253917225537885e-09,2.9552350335322732e-09
-0.024,0.024,1.1927661519544677e-08,7.1565969117268061e-09
-0.0235,0.024,2.8513823833219428e-08,1.7108294299931655e-08
-0.023,0.024,6.7273967111621641e-08,4.0364380266972985e-08
-0.022500000000000003,0.024,1.5655175393318887e-07,9.3931052359913311e-08
-0.022000000000000002,0.024,3.589781239871994e-07,2.1538687439231963e-07
-0.021500000000000002,0.024,8.1012339788966691e-07,4.8607403873380015e-07
-0.021000000000000001,0.024,1.7968924183832017e-06,1.0781354510299209e-06
-0.020500000000000001,0.024,3.9118201453112102e-06,2.347092087186726e-06
-0.02,0.024,8.3471495954262648e-06,5.008289757255759e-06
-0.0195,0.024,1.7436508946746811e-05,1.0461905368048087e-05
-0.019,0.024,3.5617200910915225e-05,2.1370320546549133e-05
-0.018500000000000003,0.024,7.1075424281446869e-05,4.2645254568868117e-05
-0.018000000000000002,0.024,0.00013844682480843232,8.3068094885059389e-05
-0.017500000000000002,0.024,0.00026306029341128292,0.00015783617604676976
-0.017000000000000001,0.024,0.0004872998928858924,0.00029237993573153544
-0.016500000000000001,0.024,0.00087966046873600627,0.00052779628124160376
-0.016,0.024,0.0015469064791710288,0.00092814388750261728
-0.0155,0.024,0.0026493208999137808,0.0015895925399482685
-0.015000000000000001,0.024,0.0044182829177617459,0.0026509697506570474
-0.014500000000000001,0.024,0.0071743417234398522,0.004304605034063911
-0.014,0.024,0.011342694025143665,0.0068056164150861994
-0.0135,0.024,0.01746184644107527,0.010477107864645162
-0.012999999999999999,0.024,0.026180771527959067,0.01570846291677544
-0.012500000000000001,0.024,0.038240700601022859,0.022944420360613716
-0.012,0.024,0.054440444681099785,0.032664266808659873
-0.0115,0.024,0.075589071474180078,0.045353442884508044
-0.010999999999999999,0.024,0.1024564917776831,0.061473895066609857
-0.010499999999999999,0.024,0.13573966789150133,0.08144380073490079
-0.010000000000000002,0.024,0.17606737692235594,0.10564042615341356
-0.0095000000000000015,0.024,0.22406666938107475,0.13444000162864483
-0.0090000000000000011,0.024,0.28050635886227487,0.16830381531736491
-0.0085000000000000006,0.024,0.34651530444266787,0.20790918266560071
-0.0080000000000000002,0.024,0.42384668096587447,0.25430800857952468
-0.0074999999999999997,0.024,0.51512815822589497,0.30907689493553697
-0.0069999999999999993,0.024,0.62400984948230398,0.37440590968938237
-0.0064999999999999988,0.024,0.75510746237112802,0.4530644774226768
-0.0059999999999999984,0.024,0.91364769007339564,0.5481886140440374
-0.0054999999999999979,0.024,1.1047633656636677,0.66285801939820066
-0.005000000000000001,0.024,1.3324569239400759,0.79947415436404545
-0.0044999999999999971,0.024,1.5983422686807374,0.95900536120844238
-0.0040000000000000001,0.024,1.90036757930538,1.1402205475832279
-0.0035000000000000031,0.024,2.2317889385916629,1.3390733631549978
-0.0029999999999999992,0.024,2.5806811175824982,1.5484086705494988
-0.0025000000000000022,0.024,2.930220032565122,1.7581320195390731
-0.0019999999999999983,0.024,3.2598498872586124,1.9559099323551674
-0.0015000000000000013,0.024,3.5472753857457797,2.1283652314474679
-0.00099999999999999742,0.024,3.7710323392410956,2.2626194035446572
-0.00050000000000000044,0.024,3.9132351570145838,2.3479410942087502
0,0.024,3.9620209874603902,2.377212592476234
0.00050000000000000044,0.024,3.9132351570145154,2.3479410942087093
0.0010000000000000009,0.024,3.7710323392409322,2.262619403544559
0.0015000000000000013,0.024,3.5472753857454662,2.1283652314472796
0.0020000000000000018,0.024,3.2598498872580457,1.9559099323548272
0.0024999999999999988,0.024,2.9302200325641587,1.7581320195384953
0.0030000000000000027,0.024,2.5806811175808804,1.5484086705485283
0.0034999999999999996,0.024,2.2317889385890353,1.3390733631534211
0.0040000000000000036,0.024,1.900367579301218,1.1402205475807308
0.0045000000000000005,0.024,1.5983422686743385,0.959005361204603
0.0049999999999999975,0.024,1.33245692393051,0.79947415435830593
0.0055000000000000014,0.024,1.1047633656497435,0.66285801938984612
0.0059999999999999984,0.024,0.91364769005369373,0.54818861403221619
0.0064999999999999988,0.024,0.75510746234401216,0.45306447740640726
0.0069999999999999993,0.024,0.62400984944600479,0.37440590966760284
0.0074999999999999997,0.024,0.515128158178635,0.30907689490718099
0.0080000000000000002,0.024,0.42384668090602895,0.25430800854361735
0.0085000000000000006,0.024,0.34651530436896077,0.20790918262137645
0.0090000000000000011,0.024,0.28050635877398261,0.16830381526438956
0.0095000000000000015,0.024,0.22406666927820859,0.13444000156692515
0.010000000000000002,0.024,0.17606737680579351,0.10564042608347611
0.010500000000000002,0.024,0.135739667763037,0.081443800657822196
0.011000000000000003,0.024,0.10245649163998077,0.061473894983988461
0.011500000000000003,0.024,0.075589071330619192,0.045353442798371515
0.012000000000000004,0.024,0.054440444535531124,0.032664266721318676
0.012499999999999997,0.024,0.038240700457462265,0.022944420274477358
0.013000000000000005,0.024,0.026180771390256975,0.015708462834154183
0.013499999999999998,0.024,0.01746184631261154,0.010477107787566924
0.014000000000000005,0.024,0.011342693908581402,0.0068056163451488414
0.014499999999999999,0.024,0.0071743416205741128,0.0043046049723444672
0.014999999999999999,0.024,0.0044182828294699727,0.0026509696976819833
0.0155,0.024,0.0026493208262072438,0.0015895924957243463
0.016000000000000007,0.024,0.0015469064193259973,0.00092814385159559838
0.016500000000000001,0.024,0.00087966042147681709,0.00052779625288609019
0.017000000000000001,0.024,0.00048729985658805435,0.00029237991395283258
0.017500000000000002,0.024,0.00026306026629616233,0.0001578361597776974
0.017999999999999995,0.024,0.00013844680510787224,8.3068083064723338e-05
0.018500000000000003,0.024,7.1075410360079582e-05,4.2645246216047749e-05
0.019000000000000003,0.024,3.5617191342908452e-05,2.1370314805745071e-05
0.019500000000000003,0.024,1.7436502550910947e-05,1.0461901530546567e-05
0.019999999999999997,0.024,8.3471454371877936e-06,5.008287262312676e-06
0.020499999999999997,0.024,3.9118175159045521e-06,2.347090509542731e-06
0.021000000000000005,0.024,1.7968908012626699e-06,1.078134480757602e-06
0.021500000000000005,0.024,8.1012243058500418e-07,4.8607345835100247e-07
0.021999999999999999,0.024,3.5897756123081097e-07,2.1538653673848658e-07
0.022499999999999999,0.024,1.5655143550327857e-07,9.3930861301967148e-08
0.023000000000000007,0.024,6.7273791867466459e-08,4.0364275120479877e-08
0.023500000000000007,0.024,2.8513730031782638e-08,1.7108238019069583e-08
0.024,0.024,1.1927612686736142e-08,7.1565676120416854e-09
0.024500000000000001,0.024,4.9253669967635738e-09,2.955220198058144e-09
0.025000000000000001,0.024,2.0073114464122528e-09,1.2043868678473517e-09
-0.025000000000000001,0.024500000000000001,8.0482012303401043e-10,4.8289207382040624e-10
-0.024500000000000001,0.024500000000000001,2.0039045607563141e-09,1.2023427364537884e-09
-0.024,0.024500000000000001,4.9253917579164793e-09,2.9552350547498877e-09
-0.0235,0.024500000000000001,1.1948016789562444e-08,7.1688100737374658e-09
-0.023,0.024500000000000001,2.8587094848450957e-08,1.7152256909070573e-08
-0.022500000000000003,0.024500000000000001,6.7397398383457049e-08,4.0438439030074228e-08
-0.022000000000000002,0.024500000000000001,1.5638282739249737e-07,9.3829696435498426e-08
-0.021500000000000002,0.024500000000000001,3.5663358677044727e-07,2.1398015206226837e-07
-0.021000000000000001,0.024500000000000001,7.9825323587758641e-07,4.7895194152655182e-07
-0.020500000000000001,0.024500000000000001,1.7513008644099233e-06,1.0507805186459539e-06
-0.02,0.024500000000000001,3.7613315812346171e-06,2.2567989487407703e-06
-0.0195,0.024500000000000001,7.8995010315079322e-06,4.7397006189047591e-06
-0.019,0.024500000000000001,1.6207450874622559e-05,9.7244705247735342e-06
-0.018500000000000003,0.024500000000000001,3.2458636028855024e-05,1.9475181617313015e-05
-0.018000000000000002,0.024500000000000001,6.3408850761825829e-05,3.8045310457095496e-05
-0.017500000000000002,0.024500000000000001,0.00012076237884407533,7.2457427306445193e-05
-0.017000000000000001,0.024500000000000001,0.00022412073543779225,0.00013447244126267533
-0.016500000000000001,0.024500000000000001,0.00040518176844927682,0.00024310906106956608
-0.016,0.024500000000000001,0.00071338096146576345,0.00042802857687945805
-0.0155,0.024500000000000001,0.0012229729483452386,0.00073378376900714313
-0.015000000000000001,0.024500000000000001,0.0020412084766981025,0.0012247250860188614
-0.014500000000000001,0.024500000000000001,0.0033167726572330899,0.0019900635943398541
-0.014,0.024500000000000001,0.0052470786346933106,0.0031482471808159862
-0.0135,0.024500000000000001,0.0080825079386117934,0.0048495047631670757
-0.012999999999999999,0.024500000000000001,0.012125498108990357,0.0072752988653942141
-0.012500000000000001,0.024500000000000001,0.017722803159667202,0.01063368189580032
-0.012,0.024500000000000001,0.025250572431400838,0.015150343458840502
-0.0115,0.024500000000000001,0.035094228460817792,0.021056537076490675
-0.010999999999999999,0.024500000000000001,0.047628274146616016,0.028576964487969609
-0.010499999999999999,0.024500000000000001,0.063204469810269601,0.037922681886161762
-0.010000000000000002,0.024500000000000001,0.082159155872407144,0.049295493523444284
-0.0095000000000000015,0.024500000000000001,0.10485039021481209,0.062910234128887244
-0.0090000000000000011,0.024500000000000001,0.13173159496987777,0.079038956981926659
-0.0085000000000000006,0.024500000000000001,0.16345974090101595,0.098075844540609566
-0.0080000000000000002,0.024500000000000001,0.2010231396791366,0.12061388380748195
-0.0074999999999999997,0.024500000000000001,0.24585876583072649,0.14751525949843589
-0.0069999999999999993,0.024500000000000001,0.29991556045935475,0.17994933627561285
-0.0064999999999999988,0.024500000000000001,0.36561347018287688,0.21936808210972611
-0.0059999999999999984,0.024500000000000001,0.44565313690763597,0.26739188214458159
-0.0054999999999999979,0.024500000000000001,0.54265153309889658,0.32559091985933791
-0.005000000000000001,0.024500000000000001,0.65861425359341452,0.39516855215604868
-0.0044999999999999971,0.024500000000000001,0.7943006752565045,0.47658040515390265
-0.0040000000000000001,0.024500000000000001,0.9485840335917276,0.56915042015503658
-0.0035000000000000031,0.024500000000000001,1.117941728501971,0.67076503710118263
-0.0029999999999999992,0.024500000000000001,1.2962189971840625,0.77773139831043747
-0.0025000000000000022,0.024500000000000001,1.4747827899341461,0.88486967396048766
-0.0019999999999999983,0.024500000000000001,1.6431215325247157,0.98587291951482936
-0.0015000000000000013,0.024500000000000001,1.7898597281086246,1.0739158368651747
-0.00099999999999999742,0.024500000000000001,1.9040624243945532,1.142437454636732
-0.00050000000000000044,0.024500000000000001,1.9766268654196186,1.185976119251771
0,0.024500000000000001,2.0015192099251489,1.2009115259550893
0.00050000000000000044,0.024500000000000001,1.9766268654196004,1.1859761192517602
0.0010000000000000009,0.024500000000000001,1.9040624243945108,1.1424374546367064
0.0015000000000000013,0.024500000000000001,1.7898597281085433,1.073915836865126
0.0020000000000000018,0.024500000000000001,1.6431215325245672,0.98587291951474021
0.0024999999999999988,0.024500000000000001,1.474782789933897,0.88486967396033822
0.0030000000000000027,0.024500000000000001,1.2962189971836422,0.77773139831018534
0.0034999999999999996,0.024500000000000001,1.1179417285012889,0.67076503710077329
0.0040000000000000036,0.024500000000000001,0.9485840335906468,0.5691504201543881
0.0045000000000000005,0.024500000000000001,0.7943006752548406,0.47658040515290434
0.0049999999999999975,0.024500000000000001,0.65861425359092896,0.39516855215455737
0.0055000000000000014,0.024500000000000001,0.54265153309527658,0.32559091985716593
0.0059999999999999984,0.024500000000000001,0.44565313690251557,0.26739188214150933
0.0064999999999999988,0.024500000000000001,0.36561347017582807,0.21936808210549683
0.0069999999999999993,0.024500000000000001,0.29991556044991891,0.17994933626995133
0.0074999999999999997,0.024500000000000001,0.24585876581844104,0.14751525949106462
0.0080000000000000002,0.024500000000000001,0.20102313966357918,0.1206138837981475
0.0085000000000000006,0.024500000000000001,0.16345974088185508,0.09807584452911304
0.0090000000000000011,0.024500000000000001,0.1317315949469253,0.079038956968155175
0.0095000000000000015,0.024500000000000001,0.10485039018807096,0.062910234112842578
0.010000000000000002,0.024500000000000001,0.082159155842105494,0.049295493505263292
0.010500000000000002,0.024500000000000001,0.063204469776873967,0.03792268186612438
0.011000000000000003,0.024500000000000001,0.047628274110818825,0.028576964466491293
0.011500000000000003,0.024500000000000001,0.035094228423497534,0.021056537054098521
0.012000000000000004,0.024500000000000001,0.025250572393558633,0.015150343436135178
0.012499999999999997,0.024500000000000001,0.017722803122347048,0.010633681873408228
0.013000000000000005,0.024500000000000001,0.012125498073193169,0.0072752988439159011
0.013499999999999998,0.024500000000000001,0.0080825079052161963,0.0048495047431297176
0.014000000000000005,0.024500000000000001,0.0052470786043916449,0.0031482471626349869
0.014499999999999999,0.024500000000000001,0.0033167726304919819,0.0019900635782951889
0.014999999999999999,0.024500000000000001,0.0020412084537456622,0.0012247250722473974
0.0155,0.024500000000000001,0.0012229729291843847,0.00073378375751063083
0.016000000000000007,0.024500000000000001,0.00071338094590836499,0.00042802856754501896
0.016500000000000001,0.024500000000000001,0.00040518175616371461,0.00024310905369822876
0.017000000000000001,0.024500000000000001,0.0002241207260017568,0.00013447243560105407
0.017500000000000002,0.024500000000000001,0.00012076237179519112,7.245742307711467e-05
0.017999999999999995,0.024500000000000001,6.3408845640441583e-05,3.8045307384264945e-05
0.018500000000000003,0.024500000000000001,3.2458632409837205e-05,1.9475179445902323e-05
0.019000000000000003,0.024500000000000001,1.6207448387310411e-05,9.7244690323862455e-06
0.019500000000000003,0.024500000000000001,7.8994993688376848e-06,4.7396996213026109e-06
0.019999999999999997,0.024500000000000001,3.7613305002532374e-06,2.2567983001519424e-06
0.020499999999999997,0.024500000000000001,1.7513001808657728e-06,1.0507801085194637e-06
0.021000000000000005,0.024500000000000001,7.9825281548871269e-07,4.7895168929322764e-07
0.021500000000000005,0.024500000000000001,3.566333353085973e-07,2.1398000118515838e-07
0.021999999999999999,0.024500000000000001,1.5638268109757424e-07,9.382960865854454e-08
0.022499999999999999,0.024500000000000001,6.7397315603980492e-08,4.0438389362388292e-08
0.023000000000000007,0.024500000000000001,2.8587049291739706e-08,1.7152229575043823e-08
0.023500000000000007,0.024500000000000001,1.194799240481206e-08,7.1687954428872357e-09
0.024,0.024500000000000001,4.9253790632725161e-09,2.9552274379635096e-09
0.024500000000000001,0.024500000000000001,2.0038981330059361e-09,1.2023388798035615e-09
0.025000000000000001,0.024500000000000001,8.0481695759649378e-10,4.8289017455789629e-10
-0.025000000000000001,0.025000000000000001,3.1847215084724031e-10,1.9108329050834418e-10
-0.024500000000000001,0.025000000000000001,8.0482012670195312e-10,4.8289207602117185e-10
-0.024,0.025000000000000001,2.0073236454848685e-09,1.2043941872909211e-09
-0.0235,0.025000000000000001,4.938044434064192e-09,2.9628266604385151e-09
-0.023,0.025000000000000001,1.196992182336695e-08,7.1819530940201692e-09
-0.022500000000000003,0.025000000000000001,2.8556185617738429e-08,1.7133711370643056e-08
-0.022000000000000002,0.025000000000000001,6.695699791280324e-08,4.0174198747681941e-08
-0.021500000000000002,0.025000000000000001,1.5409073192482117e-07,9.2454439154892699e-08
-0.021000000000000001,0.025000000000000001,3.4758257466997915e-07,2.0854954480198748e-07
-0.020500000000000001,0.025000000000000001,7.6753694315917478e-07,4.6052216589550485e-07
-0.02,0.025000000000000001,1.6573583027787373e-06,9.9441498166724235e-07
-0.0195,0.025000000000000001,3.4961386963706367e-06,2.097683217822382e-06
-0.019,0.025000000000000001,7.1987776487909651e-06,4.3192665892745786e-06
-0.018500000000000003,0.025000000000000001,1.4458700070456905e-05,8.6752200422741431e-06
-0.018000000000000002,0.025000000000000001,2.8311101258183909e-05,1.6986660754910344e-05
-0.017500000000000002,0.025000000000000001,5.4018897124149264e-05,3.2411338274489554e-05
-0.017000000000000001,0.025000000000000001,0.00010040194959425469,6.024116975655281e-05
-0.016500000000000001,0.025000000000000001,0.00018173074558944414,0.00010903844735366649
-0.016,0.025000000000000001,0.00032027200299925061,0.00019216320179955037
-0.0155,0.025000000000000001,0.00054948734768170166,0.000329692408609021
-0.015000000000000001,0.025000000000000001,0.00091773367775348138,0.00055064020665208881
-0.014500000000000001,0.025000000000000001,0.0014920967760219442,0.0008952580656131665
-0.014,0.025000000000000001,0.0023617380052557116,0.0014170428031534269
-0.0135,0.025000000000000001,0.0036399166786812566,0.002183950007208754
-0.012999999999999999,0.025000000000000001,0.0054637786349572412,0.0032782671809743445
-0.012500000000000001,0.025000000000000001,0.0079912118812158137,0.0047947271287294884
-0.012,0.025000000000000001,0.011394687910569938,0.0068368127463419625
-0.0115,0.025000000000000001,0.01585308304847052,0.0095118498290823108
-0.010999999999999999,0.025000000000000001,0.021543910014199561,0.012926346008519737
-0.010499999999999999,0.025000000000000001,0.028639878331454403,0.01718392699887264
-0.010000000000000002,0.025000000000000001,0.037314713421988027,0.022388828053192814
-0.0095000000000000015,0.025000000000000001,0.047763016403917127,0.028657809842350276
-0.0090000000000000011,0.025000000000000001,0.060236979353290684,0.036142187611974408
-0.0085000000000000006,0.025000000000000001,0.075098607372650811,0.045059164423590488
-0.0080000000000000002,0.025000000000000001,0.092879940020652016,0.055727964012391211
-0.0074999999999999997,0.025000000000000001,0.11433661392559123,0.068601968355354731
-0.0069999999999999993,0.025000000000000001,0.14047380767926484,0.084284284607558907
-0.0064999999999999988,0.025000000000000001,0.17252058436151929,0.10351235061691157
-0.0059999999999999984,0.025000000000000001,0.21183132378633782,0.12709879427180268
-0.0054999999999999979,0.025000000000000001,0.25970291834943143,0.15582175100965887
-0.005000000000000001,0.025000000000000001,0.31711360240579489,0.19026816144347694
-0.0044999999999999971,0.025000000000000001,0.38441130643948079,0.23064678386368848
-0.0040000000000000001,0.025000000000000001,0.46100156568952727,0.27660093941371633
-0.0035000000000000031,0.025000000000000001,0.54510101658203025,0.32706060994921815
-0.0029999999999999992,0.025000000000000001,0.63362614048905952,0.38017568429343568
-0.0025000000000000022,0.025000000000000001,0.72227393300299725,0.43336435980179833
-0.0019999999999999983,0.025000000000000001,0.80582122774875042,0.48349273664925024
-0.0015000000000000013,0.025000000000000001,0.87862699689012536,0.52717619813407524
-0.00099999999999999742,0.025000000000000001,0.93527605020061177,0.56116563012036702
-0.00050000000000000044,0.025000000000000001,0.97126459817517863,0.5827587589051072
0,0.025000000000000001,0.98360891400248274,0.5901653484014896
0.00050000000000000044,0.025000000000000001,0.97126459817517419,0.58275875890510453
0.0010000000000000009,0.025000000000000001,0.93527605020060101,0.56116563012036058
0.0015000000000000013,0.025000000000000001,0.87862699689010471,0.5271761981340628
0.0020000000000000018,0.025000000000000001,0.80582122774871201,0.48349273664922721
0.0024999999999999988,0.025000000000000001,0.72227393300293463,0.43336435980176075
0.0030000000000000027,0.025000000000000001,0.63362614048895316,0.3801756842933719
0.0034999999999999996,0.025000000000000001,0.54510101658185806,0.32706060994911484
0.0040000000000000036,0.025000000000000001,0.46100156568925371,0.27660093941355224
0.0045000000000000005,0.025000000000000001,0.38441130643905963,0.23064678386343576
0.0049999999999999975,0.025000000000000001,0.31711360240516656,0.19026816144309994
0.0055000000000000014,0.025000000000000001,0.25970291834851578,0.15582175100910947
0.0059999999999999984,0.025000000000000001,0.21183132378504302,0.1270987942710258
0.0064999999999999988,0.025000000000000001,0.17252058435973699,0.1035123506158422
0.0069999999999999993,0.025000000000000001,0.14047380767687889,0.08428428460612733
0.0074999999999999997,0.025000000000000001,0.11433661392248476,0.068601968353490847
0.0080000000000000002,0.025000000000000001,0.092879940016718385,0.055727964010031029
0.0085000000000000006,0.025000000000000001,0.075098607367806075,0.045059164420683646
0.0090000000000000011,0.025000000000000001,0.06023697934748732,0.036142187608492388
0.0095000000000000015,0.025000000000000001,0.047763016397155834,0.0286578098382935
0.010000000000000002,0.025000000000000001,0.03731471341432651,0.022388828048595905
0.010500000000000002,0.025000000000000001,0.028639878323010574,0.017183926993806345
0.011000000000000003,0.025000000000000001,0.021543910005148534,0.012926346003089119
0.011500000000000003,0.025000000000000001,0.015853083039034457,0.009511849823420673
0.012000000000000004,0.025000000000000001,0.011394687901001911,0.0068368127406011467
0.012499999999999997,0.025000000000000001,0.0079912118717798061,0.0047947271230678835
0.013000000000000005,0.025000000000000001,0.005463778625906265,0.0032782671755437589
0.013499999999999998,0.025000000000000001,0.003639916670237533,0.0021839500021425197
0.014000000000000005,0.025000000000000001,0.0023617379975942382,0.0014170427985565428
0.014499999999999999,0.025000000000000001,0.0014920967692607342,0.0008952580615564404
0.014999999999999999,0.025000000000000001,0.00091773367195019525,0.00055064020317011715
0.0155,0.025000000000000001,0.00054948734283707913,0.00032969240570224749
0.016000000000000007,0.025000000000000001,0.00032027199906572328,0.00019216319943943396
0.016500000000000001,0.025000000000000001,0.00018173074248316719,0.00010903844548990031
0.017000000000000001,0.025000000000000001,0.00010040194720845143,6.0241168325070856e-05
0.017500000000000002,0.025000000000000001,5.4018895341912234e-05,3.2411337205147342e-05
0.017999999999999995,0.025000000000000001,2.8311099963295312e-05,1.6986659977977186e-05
0.018500000000000003,0.025000000000000001,1.4458699155425902e-05,8.6752194932555404e-06
0.019000000000000003,0.025000000000000001,7.1987770198999422e-06,4.319266211939965e-06
0.019500000000000003,0.025000000000000001,3.4961382759817509e-06,2.0976829655890506e-06
0.019999999999999997,0.025000000000000001,1.6573580294638466e-06,9.9441481767830782e-07
0.020499999999999997,0.025000000000000001,7.675367703321476e-07,4.6052206219928855e-07
0.021000000000000005,0.025000000000000001,3.4758246837902416e-07,2.0854948102741448e-07
0.021500000000000005,0.025000000000000001,1.5409066834530888e-07,9.2454401007185328e-08
0.021999999999999999,0.025000000000000001,6.6956960923654048e-08,4.0174176554192425e-08
0.022499999999999999,0.025000000000000001,2.8556164687809107e-08,1.7133698812685463e-08
0.023000000000000007,0.025000000000000001,1.1969910304826377e-08,7.1819461828958261e-09
0.023500000000000007,0.025000000000000001,4.9380382686337396e-09,2.9628229611802435e-09
0.024,0.025000000000000001,2.0073204357762151e-09,1.204392261465729e-09
0.024500000000000001,0.025000000000000001,8.0481850151214608e-10,4.8289110090728759e-10
0.025000000000000001,0.025000000000000001,3.1847135049929925e-10,1.9108281029957954e-10
