x_m,y_m,incident_W_m2,absorbed_W_m2
-0.025000000000000001,-0.025000000000000001,1.1738299176460107e-06,7.042979505876064e-07
-0.024500000000000001,-0.025000000000000001,2.3162914838032001e-06,1.3897748902819201e-06
-0.024,-0.025000000000000001,4.5141877263782642e-06,2.7085126358269585e-06
-0.0235,-0.025000000000000001,8.6872854984052463e-06,5.2123712990431475e-06
-0.023,-0.025000000000000001,1.6503571314258615e-05,9.9021427885551693e-06
-0.022500000000000003,-0.025000000000000001,3.0937963137930642e-05,1.8562777882758383e-05
-0.022000000000000002,-0.025000000000000001,5.7203786471131588e-05,3.4322271882678949e-05
-0.021500000000000002,-0.025000000000000001,0.00010426904424136894,6.2561426544821354e-05
-0.021000000000000001,-0.025000000000000001,0.00018726250030992641,0.00011235750018595584
-0.020500000000000001,-0.025000000000000001,0.00033118937603907462,0.00019871362562344478
-0.02,-0.025000000000000001,0.00057650532193663452,0.00034590319316198071
-0.0195,-0.025000000000000001,0.00098722195448931543,0.00059233317269358926
-0.019,-0.025000000000000001,0.0016623049972684652,0.00099738299836107914
-0.018500000000000003,-0.025000000000000001,0.0027511278766943091,0.0016506767260165854
-0.018000000000000002,-0.025000000000000001,0.0044735957886059474,0.0026841574731635682
-0.017500000000000002,-0.025000000000000001,0.0071451876590675921,0.0042871125954405554
-0.017000000000000001,-0.025000000000000001,0.011206516550331865,0.0067239099301991184
-0.016500000000000001,-0.025000000000000001,0.017256060396811178,0.010353636238086706
-0.016,-0.025000000000000001,0.026083512321192215,0.015650107392715329
-0.0155,-0.025000000000000001,0.038699894498273345,0.023219936698964005
-0.015000000000000001,-0.025000000000000001,0.056359447220283014,0.033815668332169806
-0.014500000000000001,-0.025000000000000001,0.080567737837951806,0.048340642702771081
-0.014,-0.025000000000000001,0.11307088981777191,0.067842533890663151
-0.0135,-0.025000000000000001,0.15582272635693556,0.093493635814161327
-0.012999999999999999,-0.025000000000000001,0.21093017514912107,0.12655810508947263
-0.012500000000000001,-0.025000000000000001,0.28058233353028422,0.16834940011817054
-0.012,-0.025000000000000001,0.3669744565173258,0.22018467391039548
-0.0115,-0.025000000000000001,0.47224351768263262,0.28334611060957954
-0.010999999999999999,-0.025000000000000001,0.59843511788361892,0.35906107073017135
-0.010499999999999999,-0.025000000000000001,0.74752039890395039,0.44851223934237022
-0.010000000000000002,-0.025000000000000001,0.92147459680820654,0.55288475808492388
-0.0095000000000000015,-0.025000000000000001,1.1224152492854973,0.67344914957129831
-0.0090000000000000011,-0.025000000000000001,1.3527787559329509,0.81166725355977054
-0.0085000000000000006,-0.025000000000000001,1.61549188344455,0.96929513006672996
-0.0080000000000000002,-0.025000000000000001,1.9140747665986901,1.1484448599592141
-0.0074999999999999997,-0.025000000000000001,2.2526001431560241,1.3515600858936143
-0.0069999999999999993,-0.025000000000000001,2.6354361712833638,1.5812617027700182
-0.0064999999999999988,-0.025000000000000001,3.0667217202706563,1.8400330321623937
-0.0059999999999999984,-0.025000000000000001,3.5495645299515206,2.1297387179709122
-0.0054999999999999979,-0.025000000000000001,4.0850103074158994,2.4510061844495397
-0.005000000000000001,-0.025000000000000001,4.6708956779667243,2.8025374067800346
-0.0044999999999999971,-0.025000000000000001,5.3007567123384343,3.1804540274030604
-0.0040000000000000001,-0.025000000000000001,5.9630024556044328,3.5778014733626597
-0.0035000000000000031,-0.025000000000000001,6.6405660330235339,3.9843396198141203
-0.0029999999999999992,-0.025000000000000001,7.3112064183482692,4.386723851008961
-0.0025000000000000022,-0.025000000000000001,7.9485521756121162,4.7691313053672699
-0.0019999999999999983,-0.025000000000000001,8.523864623444922,5.1143187740669527
-0.0015000000000000013,-0.025000000000000001,9.0083710185326726,5.4050226111196036
-0.00099999999999999742,-0.025000000000000001,9.3759031245753786,5.6255418747452266
-0.00050000000000000044,-0.025000000000000001,9.6054978225258605,5.7632986935155159
0,-0.025000000000000001,9.6835935298361946,5.8101561179017169
0.00050000000000000044,-0.025000000000000001,9.6054978223157015,5.7632986933894204
0.0010000000000000009,-0.025000000000000001,9.3759031241178494,5.6255418744707093
0.0015000000000000013,-0.025000000000000001,9.0083710177504095,5.4050226106502457
0.0020000000000000018,-0.025000000000000001,8.5238646222147931,5.1143187733288755
0.0024999999999999988,-0.025000000000000001,7.9485521737575304,4.7691313042545183
0.0030000000000000027,-0.025000000000000001,7.3112064156302692,4.3867238493781615
0.0034999999999999996,-0.025000000000000001,6.6405660291320556,3.9843396174792334
0.0040000000000000036,-0.025000000000000001,5.9630024501513326,3.5778014700907996
0.0045000000000000005,-0.025000000000000001,5.3007567048545186,3.180454022912711
0.0049999999999999975,-0.025000000000000001,4.6708956679047215,2.8025374007428328
0.0055000000000000014,-0.025000000000000001,4.0850102941617381,2.4510061764970428
0.0059999999999999984,-0.025000000000000001,3.5495645128455728,2.1297387077073435
0.0064999999999999988,-0.025000000000000001,3.0667216986397139,1.8400330191838283
0.0069999999999999993,-0.025000000000000001,2.6354361444830823,1.5812616866898492
0.0074999999999999997,-0.025000000000000001,2.2526001106218625,1.3515600663731175
0.0080000000000000002,-0.025000000000000001,1.914074727901762,1.1484448367410571
0.0085000000000000006,-0.025000000000000001,1.6154918383472912,0.96929510300837463
0.0090000000000000011,-0.025000000000000001,1.3527787044384703,0.81166722266308211
0.0095000000000000015,-0.025000000000000001,1.1224151916741509,0.67344911500449056
0.010000000000000002,-0.025000000000000001,0.92147453365546239,0.55288472019327739
0.010500000000000002,-0.025000000000000001,0.7475203310752867,0.448512198645172
0.011000000000000003,-0.025000000000000001,0.59843504650450596,0.35906102790270356
0.011500000000000003,-0.025000000000000001,0.47224344408465674,0.28334606645079402
0.012000000000000004,-0.025000000000000001,0.36697438216450567,0.22018462929870339
0.012499999999999997,-0.025000000000000001,0.28058225993230967,0.1683493559593858
0.013000000000000005,-0.025000000000000001,0.21093010377000859,0.12655806226200514
0.013499999999999998,-0.025000000000000001,0.15582265852827268,0.093493595116963604
0.014000000000000005,-0.025000000000000001,0.11307082666502789,0.067842495999016733
0.014499999999999999,-0.025000000000000001,0.080567680226604099,0.048340608135962457
0.014999999999999999,-0.025000000000000001,0.056359395725800752,0.033815637435480453
0.0155,-0.025000000000000001,0.038699849401008415,0.023219909640605049
0.016000000000000007,-0.025000000000000001,0.02608347362425794,0.015650084174554765
0.016500000000000001,-0.025000000000000001,0.017256027862638964,0.010353616717583378
0.017000000000000001,-0.025000000000000001,0.011206489750022339,0.0067238938500134033
0.017500000000000002,-0.025000000000000001,0.0071451660280621374,0.0042870996168372826
0.017999999999999995,-0.025000000000000001,0.0044735786825278578,0.0026841472095167148
0.018500000000000003,-0.025000000000000001,0.0027511146222647231,0.0016506687733588339
0.019000000000000003,-0.025000000000000001,0.0016622949347085121,0.00099737696082510732
0.019500000000000003,-0.025000000000000001,0.00098721446947272929,0.00059232868168363753
0.019999999999999997,-0.025000000000000001,0.00057649986669615827,0.00034589992001769494
0.020499999999999997,-0.025000000000000001,0.00033118548046129023,0.00019871128827677413
0.021000000000000005,-0.025000000000000001,0.00018725977468113218,0.0001123558648086793
0.021500000000000005,-0.025000000000000001,0.00010426717571864575,6.2560305431187446e-05
0.021999999999999999,-0.025000000000000001,5.7202531404144862e-05,3.4321518842486917e-05
0.022499999999999999,-0.025000000000000001,3.0937137152711286e-05,1.856228229162677e-05
0.023000000000000007,-0.025000000000000001,1.6503038697909715e-05,9.9018232187458286e-06
0.023500000000000007,-0.025000000000000001,8.6869489918276928e-06,5.2121693950966158e-06
0.024,-0.025000000000000001,4.5139794166898679e-06,2.7083876500139206e-06
0.024500000000000001,-0.025000000000000001,2.3161651375904735e-06,1.389699082554284e-06
0.025000000000000001,-0.025000000000000001,1.1737548328794878e-06,7.0425289972769268e-07
-0.025000000000000001,-0.024500000000000001,2.3162909833340014e-06,1.3897745900004008e-06
-0.024500000000000001,-0.024500000000000001,4.5341258339987056e-06,2.7204755003992233e-06
-0.024,-0.024500000000000001,8.7663714838448625e-06,5.2598228903069171e-06
-0.0235,-0.024500000000000001,1.6739612322290328e-05,1.0043767393374196e-05
-0.023,-0.024500000000000001,3.1563858201680438e-05,1.8938314921008261e-05
-0.022500000000000003,-0.024500000000000001,5.8752387467145956e-05,3.525143248028757e-05
-0.022000000000000002,-0.024500000000000001,0.00010791521111656753,6.4749126669940514e-05
-0.021500000000000002,-0.024500000000000001,0.00019550656032226983,0.0001173039361933619
-0.021000000000000001,-0.024500000000000001,0.00034917281743773271,0.00020950369046263961
-0.020500000000000001,-0.024500000000000001,0.00061445202508063617,0.00036867121504838171
-0.02,-0.024500000000000001,0.0010648056346818115,0.00063888338080908688
-0.0195,-0.024500000000000001,0.0018161845588033447,0.0010897107352820067
-0.019,-0.024500000000000001,0.0030474861563748079,0.0018284916938248847
-0.018500000000000003,-0.024500000000000001,0.0050282581620342227,0.0030169548972205336
-0.018000000000000002,-0.024500000000000001,0.0081547347980913277,0.0048928408788547961
-0.017500000000000002,-0.024500000000000001,0.012994622372576092,0.007796773423545655
-0.017000000000000001,-0.024500000000000001,0.020339877831848856,0.012203926699109314
-0.016500000000000001,-0.024500000000000001,0.03126500084257379,0.018759000505544274
-0.016,-0.024500000000000001,0.047186170402914791,0.028311702241748872
-0.0155,-0.024500000000000001,0.069914168702981463,0.041948501221788878
-0.015000000000000001,-0.024500000000000001,0.10169194003698591,0.061015164022191544
-0.014500000000000001,-0.024500000000000001,0.14520653553706511,0.087123921322239062
-0.014,-0.024500000000000001,0.20356592183503167,0.122139553101019
-0.0135,-0.024500000000000001,0.28023444487326232,0.16814066692395738
-0.012999999999999999,-0.024500000000000001,0.37892705896251871,0.22735623537751121
-0.012500000000000001,-0.024500000000000001,0.5034715130512456,0.30208290783074737
-0.012,-0.024500000000000001,0.65765834517755495,0.39459500710653295
-0.0115,-0.024500000000000001,0.84510852218471333,0.50706511331082793
-0.010999999999999999,-0.024500000000000001,1.0691947223355676,0.64151683340134047
-0.010499999999999999,-0.024500000000000001,1.3330510683287193,0.79983064099723156
-0.010000000000000002,-0.024500000000000001,1.6396945774559568,0.98381674647357409
-0.0095000000000000015,-0.024500000000000001,1.9922583667973548,1.1953550200784129
-0.0090000000000000011,-0.024500000000000001,2.3943031711309692,1.4365819026785815
-0.0085000000000000006,-0.024500000000000001,2.8501349289116971,1.7100809573470181
-0.0080000000000000002,-0.024500000000000001,3.3650204306360743,2.0190122583816446
-0.0074999999999999997,-0.024500000000000001,3.9451709918500861,2.3671025951100515
-0.0069999999999999993,-0.024500000000000001,4.5973666281185883,2.7584199768711528
-0.0064999999999999988,-0.024500000000000001,5.3281282458165355,3.1968769474899212
-0.0059999999999999984,-0.024500000000000001,6.1424149464517468,3.6854489678710478
-0.0054999999999999979,-0.024500000000000001,7.0419214060839321,4.2251528436503589
-0.005000000000000001,-0.024500000000000001,8.0231612033092201,4.8138967219855315
-0.0044999999999999971,-0.024500000000000001,9.0756233816163796,5.4453740289698276
-0.0040000000000000001,-0.024500000000000001,10.180355656630352,6.1082133939782111
-0.0035000000000000031,-0.024500000000000001,11.309335386425811,6.7856012318554866
-0.0029999999999999992,-0.024500000000000001,12.425924682489766,7.4555548094938597
-0.0025000000000000022,-0.024500000000000001,13.486569188085864,8.091941512851518
-0.0019999999999999983,-0.024500000000000001,14.443708211062591,8.6662249266375539
-0.0015000000000000013,-0.024500000000000001,15.249649386475181,9.149789631885108
-0.00099999999999999742,-0.024500000000000001,15.860965622348408,9.5165793734090443
-0.00050000000000000044,-0.024500000000000001,16.242838057886932,9.7457028347321586
0,-0.024500000000000001,16.372728989570078,9.8236373937420467
0.00050000000000000044,-0.024500000000000001,16.2428380573098,9.7457028343858791
0.0010000000000000009,-0.024500000000000001,15.860965621091955,9.5165793726551726
0.0015000000000000013,-0.024500000000000001,15.249649384326958,9.1497896305961746
0.0020000000000000018,-0.024500000000000001,14.443708207684468,8.6662249246106811
0.0024999999999999988,-0.024500000000000001,13.486569182992875,8.0919415097957241
0.0030000000000000027,-0.024500000000000001,12.4259246750257,7.455554805015419
0.0034999999999999996,-0.024500000000000001,11.309335375739183,6.7856012254435099
0.0040000000000000036,-0.024500000000000001,10.180355641655284,6.1082133849931699
0.0045000000000000005,-0.024500000000000001,9.0756233610643484,5.4453740166386089
0.0049999999999999975,-0.024500000000000001,8.0231611756773447,4.8138967054064068
0.0055000000000000014,-0.024500000000000001,7.0419213696858742,4.2251528218115242
0.0059999999999999984,-0.024500000000000001,6.1424148994760595,3.6854489396856356
0.0064999999999999988,-0.024500000000000001,5.3281281864144736,3.1968769118486842
0.0069999999999999993,-0.024500000000000001,4.5973665545206917,2.7584199327124148
0.0074999999999999997,-0.024500000000000001,3.945170902506034,2.3671025415036202
0.0080000000000000002,-0.024500000000000001,3.3650203243680679,2.0190121946208408
0.0085000000000000006,-0.024500000000000001,2.8501348050673383,1.7100808830404028
0.0090000000000000011,-0.024500000000000001,2.3943030297188113,1.4365818178312868
0.0095000000000000015,-0.024500000000000001,1.992258208587296,1.1953549251523776
0.010000000000000002,-0.024500000000000001,1.6396944040283321,0.98381664241699918
0.010500000000000002,-0.024500000000000001,1.333050882060262,0.79983052923615716
0.011000000000000003,-0.024500000000000001,1.069194526317006,0.64151671579020353
0.011500000000000003,-0.024500000000000001,0.84510832007279357,0.50706499204367617
0.012000000000000004,-0.024500000000000001,0.65765814099270958,0.39459488459562575
0.012499999999999997,-0.024500000000000001,0.50347131093932718,0.30208278656359627
0.013000000000000005,-0.024500000000000001,0.37892686294395667,0.22735611776637399
0.013499999999999998,-0.024500000000000001,0.28023425860480589,0.16814055516288354
0.014000000000000005,-0.024500000000000001,0.2035657484074041,0.12213944904444246
0.014499999999999999,-0.024500000000000001,0.14520637732700556,0.087123826396203335
0.014999999999999999,-0.024500000000000001,0.10169179862482662,0.061015079174895973
0.0155,-0.024500000000000001,0.0699140448586133,0.04194842691516798
0.016000000000000007,-0.024500000000000001,0.047186064134887663,0.028311638480932596
0.016500000000000001,-0.024500000000000001,0.031264911498486064,0.018758946899091637
0.017000000000000001,-0.024500000000000001,0.020339804233873323,0.012203882540323993
0.017500000000000002,-0.024500000000000001,0.012994562970343879,0.0077967377822063273
0.017999999999999995,-0.024500000000000001,0.008154687822039975,0.004892812693223985
0.018500000000000003,-0.024500000000000001,0.0050282217632313282,0.0030169330579387968
0.019000000000000003,-0.024500000000000001,0.0030474585229610901,0.0018284751137766539
0.019500000000000003,-0.024500000000000001,0.0018161640037397371,0.0010896984022438422
0.019999999999999997,-0.024500000000000001,0.0010647906537109926,0.00063887439222659549
0.020499999999999997,-0.024500000000000001,0.00061444132719529958,0.00036866479631717972
0.021000000000000005,-0.024500000000000001,0.0003491653324211508,0.00020949919945269048
0.021500000000000005,-0.024500000000000001,0.00019550142905729409,0.00011730085743437645
0.021999999999999999,-0.024500000000000001,0.00010791176450005528,6.4747058700033165e-05
0.022499999999999999,-0.024500000000000001,5.8750119178420149e-05,3.5250071507052087e-05
0.023000000000000007,-0.024500000000000001,3.1562395551222778e-05,1.8937437330733668e-05
0.023500000000000007,-0.024500000000000001,1.6738688220916686e-05,1.004321293255001e-05
0.024,-0.024500000000000001,8.7657994318195706e-06,5.2594796590917424e-06
0.024500000000000001,-0.024500000000000001,4.5337788669064327e-06,2.7202673201438597e-06
0.025000000000000001,-0.024500000000000001,2.3160847884465236e-06,1.389650873067914e-06
-0.025000000000000001,-0.024,4.5141854497187625e-06,2.7085112698312575e-06
-0.024500000000000001,-0.024,8.7663688455950534e-06,5.2598213073570315e-06
-0.024,-0.024,1.6813493002214129e-05,1.0088095801328476e-05
-0.0235,-0.024,3.1850980777778289e-05,1.9110588466666971e-05
-0.023,-0.024,5.9591994602894015e-05,3.5755196761736406e-05
-0.022500000000000003,-0.024,0.00011009649730554353,6.6057898383326113e-05
-0.022000000000000002,-0.024,0.00020079435205659385,0.0001204766112339563
-0.021500000000000002,-0.024,0.00036137101001733769,0.00021682260601040262
-0.021000000000000001,-0.024,0.00064147442460996953,0.00038488465476598172
-0.020500000000000001,-0.024,0.0011225591543125586,0.00067353549258753517
-0.02,-0.024,0.0019355837071609611,0.0011613502242965766
-0.0195,-0.024,0.003286662108447747,0.0019719972650686481
-0.019,-0.024,0.005493037123385976,0.0032958222740315855
-0.018500000000000003,-0.024,0.0090317348785253476,0.0054190409271152084
-0.018000000000000002,-0.024,0.014602775778358354,0.0087616654670150118
-0.017500000000000002,-0.024,0.023207629499742682,0.013924577699845609
-0.017000000000000001,-0.024,0.036241518179241233,0.02174491090754474
-0.016500000000000001,-0.024,0.055595111185267401,0.033357066711160441
-0.016,-0.024,0.08375725598919638,0.050254353593517827
-0.0155,-0.024,0.12390611745160034,0.074343670470960202
-0.015000000000000001,-0.024,0.17997231274131265,0.10798338764478758
-0.014500000000000001,-0.024,0.25665556990741983,0.15399334194445188
-0.014,-0.024,0.35937756741109111,0.21562654044665466
-0.0135,-0.024,0.49415929251948504,0.29649557551169103
-0.012999999999999999,-0.024,0.66742227054685954,0.40045336232811574
-0.012500000000000001,-0.024,0.88572900390046683,0.53143740234028003
-0.012,-0.024,1.1554969215773347,0.69329815294640085
-0.0115,-0.024,1.4827382178378123,0.88964293070268741
-0.010999999999999999,-0.024,1.872889698959497,1.1237338193756981
-0.010499999999999999,-0.024,2.3307960100981089,1.3984776060588653
-0.010000000000000002,-0.024,2.8608910748277538,1.7165346448966523
-0.0095000000000000015,-0.024,3.4675837439501809,2.0805502463701084
-0.0090000000000000011,-0.024,4.1557967382779992,2.4934780429667995
-0.0085000000000000006,-0.024,4.9315411853888147,2.9589247112332888
-0.0080000000000000002,-0.024,5.802346513352771,3.4814079080116627
-0.0074999999999999997,-0.024,6.7773253544535725,4.066395212672143
-0.0069999999999999993,-0.024,7.8666539568110494,4.7199923740866296
-0.0064999999999999988,-0.024,9.0803042316061457,5.4481825389636871
-0.0059999999999999984,-0.024,10.425977831228924,6.2555866987373543
-0.0054999999999999979,-0.024,11.90635543282024,7.143813259692144
-0.005000000000000001,-0.024,13.515960406948137,8.1095762441688812
-0.0044999999999999971,-0.024,15.238107573280766,9.142864543968459
-0.0040000000000000001,-0.024,17.042521477796498,10.225512886677899
-0.0035000000000000031,-0.024,18.88422556752867,11.330535340517201
-0.0029999999999999992,-0.024,20.704199908123606,12.422519944874162
-0.0025000000000000022,-0.024,22.432080787906962,13.459248472744177
-0.0019999999999999983,-0.024,23.990858840567224,14.394515304340334
-0.0015000000000000013,-0.024,25.303176797857184,15.181906078714309
-0.00099999999999999742,-0.024,26.298503113928437,15.779101868357062
-0.00050000000000000044,-0.024,26.920233964405512,16.152140378643306
0,-0.024,27.131708332196617,16.279024999317969
0.00050000000000000044,-0.024,26.920233962852627,16.152140377711575
0.0010000000000000009,-0.024,26.298503110547713,15.779101866328627
0.0015000000000000013,-0.024,25.303176792076986,15.181906075246191
0.0020000000000000018,-0.024,23.990858831477734,14.39451529888664
0.0024999999999999988,-0.024,22.432080774203353,13.459248464522011
0.0030000000000000027,-0.024,20.70419988804019,12.422519932824114
0.0034999999999999996,-0.024,18.884225538774299,11.330535323264579
0.0040000000000000036,-0.024,17.042521437503318,10.22551286250199
0.0045000000000000005,-0.024,15.238107517981739,9.1428645107890425
0.0049999999999999975,-0.024,13.51596033259945,8.1095761995596689
0.0055000000000000014,-0.024,11.906355334884553,7.1438132009307322
0.0059999999999999984,-0.024,10.425977704832146,6.2555866228992878
0.0064999999999999988,-0.024,9.0803040717739059,5.4481824430643435
0.0069999999999999993,-0.024,7.8666537587822729,4.7199922552693634
0.0074999999999999997,-0.024,6.777325114056846,4.0663950684341073
0.0080000000000000002,-0.024,5.8023462274189983,3.4814077364513989
0.0085000000000000006,-0.024,4.9315408521626214,2.9589245112975728
0.0090000000000000011,-0.024,4.1557963577823926,2.4934778146694354
0.0095000000000000015,-0.024,3.4675833182567057,2.0805499909540233
0.010000000000000002,-0.024,2.8608906081885928,1.7165343649131557
0.010500000000000002,-0.024,2.3307955089083108,1.3984773053449864
0.011000000000000003,-0.024,1.8728891715352323,1.1237335029211393
0.011500000000000003,-0.024,1.4827376740182419,0.88964260441094511
0.012000000000000004,-0.024,1.1554963721801765,0.69329782330810585
0.012499999999999997,-0.024,0.88572846008089856,0.53143707604853907
0.013000000000000005,-0.024,0.66742174312259617,0.40045304587355768
0.013499999999999998,-0.024,0.49415879132968982,0.2964952747978139
0.014000000000000005,-0.024,0.3593771007719237,0.21562626046315422
0.014499999999999999,-0.024,0.25665514421393915,0.15399308652836349
0.014999999999999999,-0.024,0.17997193224569438,0.10798315934741663
0.0155,-0.024,0.1239057842253798,0.074343470535227885
0.016000000000000007,-0.024,0.083756970055378563,0.050254182033227138
0.016500000000000001,-0.024,0.055594870788444099,0.033356922473066458
0.017000000000000001,-0.024,0.03624132015025066,0.021744792090150396
0.017500000000000002,-0.024,0.023207469667029898,0.013924481800217938
0.017999999999999995,-0.024,0.014602649380587668,0.008761589628352601
0.018500000000000003,-0.024,0.009031636940801618,0.0054189821644809706
0.019000000000000003,-0.024,0.0054929627705659961,0.0032957776623395974
0.019500000000000003,-0.024,0.0032866068012403198,0.0019719640807441918
0.019999999999999997,-0.024,0.0019355433980830382,0.0011613260388498229
0.020499999999999997,-0.024,0.001122530369669769,0.00067351822180186139
0.021000000000000005,-0.024,0.00064145428478590695,0.00038487257087154418
0.021500000000000005,-0.024,0.00036135720339811452,0.0002168143220388687
0.021999999999999999,-0.024,0.00020078507829621972,0.00012047104697773182
0.022499999999999999,-0.024,0.00011009039405442011,6.6054236432652063e-05
0.023000000000000007,-0.024,5.9588059070813053e-05,3.5752835442487833e-05
0.023500000000000007,-0.024,3.1848494311799369e-05,1.9109096587079622e-05
0.024,-0.024,1.6811953790240641e-05,1.0087172274144384e-05
0.024500000000000001,-0.024,8.7654352663413397e-06,5.2592611598048033e-06
0.025000000000000001,-0.024,4.5136306441667351e-06,2.7081783865000412e-06
-0.025000000000000001,-0.0235,8.687277884690024e-06,5.2123667308140144e-06
-0.024500000000000001,-0.0235,1.6739600565213754e-05,1.0043760339128252e-05
-0.024,-0.0235,3.1850967430401503e-05,1.9110580458240903e-05
-0.0235,-0.0235,5.9854773240474552e-05,3.5912863944284729e-05
-0.023,-0.0235,0.0001110970618698736,6.6658237121924158e-05
-0.022500000000000003,-0.0235,0.00020366098399860657,0.00012219659039916395
-0.022000000000000002,-0.0235,0.00036866774042409838,0.00022120064425445901
-0.021500000000000002,-0.0235,0.0006588049303681531,0.00039528295822089185
-0.021000000000000001,-0.0235,0.0011617292055209542,0.00069703752331257249
-0.020500000000000001,-0.0235,0.002020600345703164,0.0012123602074218985
-0.02,-0.0235,0.0034646861714905846,0.0020788117028943506
-0.0195,-0.0235,0.0058536324399082965,0.0035121794639449777
-0.019,-0.0235,0.0097394412068863342,0.0058436647241318007
-0.018500000000000003,-0.0235,0.015950176773500187,0.0095701060641001125
-0.018000000000000002,-0.0235,0.025698569515442665,0.015419141709265598
-0.017500000000000002,-0.0235,0.040716624276656947,0.024429974565994168
-0.017000000000000001,-0.0235,0.063413722042147028,0.038048233225288212
-0.016500000000000001,-0.0235,0.097050385004842893,0.058230231002905732
-0.016,-0.0235,0.14591308506360873,0.087547851038165231
-0.0155,-0.0235,0.21546800384170745,0.12928080230502445
-0.015000000000000001,-0.0235,0.31246497184125965,0.18747898310475578
-0.014500000000000001,-0.0235,0.4449590582700762,0.26697543496204573
-0.014,-0.0235,0.62221898516203766,0.37333139109722258
-0.0135,-0.0235,0.85450108582488693,0.51270065149493216
-0.012999999999999999,-0.0235,1.1526863368783948,0.69161180212703688
-0.012500000000000001,-0.0235,1.5278055522985219,0.91668333137911306
-0.012,-0.0235,1.9905108370496032,1.1943065022297619
-0.0115,-0.0235,2.550583370758265,1.5303500224549589
-0.010999999999999999,-0.0235,3.2165892781754932,1.9299535669052958
-0.010499999999999999,-0.0235,3.9957962302771657,2.3974777381662995
-0.010000000000000002,-0.0235,4.8944343184009655,2.9366605910405794
-0.0095000000000000015,-0.0235,5.9183210930542067,3.5509926558325238
-0.0090000000000000011,-0.0235,7.0737757887713508,4.2442654732628107
-0.0085000000000000006,-0.0235,8.3686350459559531,5.0211810275735713
-0.0080000000000000002,-0.0235,9.8130752685897331,5.88784516115384
-0.0074999999999999997,-0.0235,11.419875449235303,6.851925269541181
-0.0069999999999999993,-0.0235,13.203749970366067,7.9222499822196397
-0.0064999999999999988,-0.0235,15.179467070919923,9.1076802425519539
-0.0059999999999999984,-0.0235,17.358652458309759,10.415191474985855
-0.0054999999999999979,-0.0235,19.745442949531178,11.847265769718707
-0.005000000000000001,-0.0235,22.33146090046607,13.398876540279641
-0.0044999999999999971,-0.0235,25.090864695748255,15.054518817448953
-0.0040000000000000001,-0.0235,27.976422407707549,16.785853444624529
-0.0035000000000000031,-0.0235,30.917590393633926,18.550554236180353
-0.0029999999999999992,-0.0235,33.821416220321673,20.292849732193002
-0.0025000000000000022,-0.0235,36.576725260249439,21.946035156149662
-0.0019999999999999983,-0.0235,39.061537968136278,23.436922780881766
-0.0015000000000000013,-0.0235,41.15308735557624,24.691852413345742
-0.00099999999999999742,-0.0235,42.739276785254972,25.643566071152982
-0.00050000000000000044,-0.0235,43.730052008540717,26.238031205124429
0,-0.0235,44.067048044471036,26.44022882668262
0.00050000000000000044,-0.0235,43.730052004446797,26.238031202668079
0.0010000000000000009,-0.0235,42.739276776342265,25.643566065805359
0.0015000000000000013,-0.0235,41.153087340337727,24.691852404202635
0.0020000000000000018,-0.0235,39.061537944173459,23.436922766504075
0.0024999999999999988,-0.0235,36.576725224122228,21.946035134473338
0.0030000000000000027,-0.0235,33.821416167375176,20.292849700425105
0.0034999999999999996,-0.0235,30.917590317827951,18.550554190696769
0.0040000000000000036,-0.0235,27.976422301481438,16.785853380888863
0.0045000000000000005,-0.0235,25.09086454996179,15.054518729977072
0.0049999999999999975,-0.0235,22.331460704458429,13.398876422675057
0.0055000000000000014,-0.0235,19.745442691340386,11.847265614804231
0.0059999999999999984,-0.0235,17.358652125086159,10.415191275051695
0.0064999999999999988,-0.0235,15.179466649549395,9.1076799897296361
0.0069999999999999993,-0.0235,13.203749448296897,7.9222496689781376
0.0074999999999999997,-0.0235,11.419874815470228,6.8519248892821372
0.0080000000000000002,-0.0235,9.8130745147739979,5.8878447088643986
0.0085000000000000006,-0.0235,8.3686341674617708,5.0211805004770627
0.0090000000000000011,-0.0235,7.0737747856594062,4.2442648713956439
0.0095000000000000015,-0.0235,5.9183199707857712,3.5509919824714626
0.010000000000000002,-0.0235,4.8944330881861928,2.9366598529117156
0.010500000000000002,-0.0235,3.9957949089755247,2.3974769453853146
0.011000000000000003,-0.0235,3.2165878877111456,1.9299527326266872
0.011500000000000003,-0.0235,2.5505819370704805,1.5303491622422882
0.012000000000000004,-0.0235,1.9905093886574565,1.1943056331944739
0.012499999999999997,-0.0235,1.5278041186107425,0.91668247116644541
0.013000000000000005,-0.0235,1.1526849464140492,0.69161096784842946
0.013499999999999998,-0.0235,0.85449976452324827,0.51269985871394896
0.014000000000000005,-0.0235,0.62221775494725762,0.37333065296835455
0.014499999999999999,-0.0235,0.44495793600163047,0.26697476160097827
0.014999999999999999,-0.0235,0.31246396872928989,0.18747838123757393
0.0155,-0.0235,0.2154671253474636,0.12928027520847815
0.016000000000000007,-0.0235,0.14591233124774003,0.08754739874864402
0.016500000000000001,-0.0235,0.097049751239513093,0.058229850743707852
0.017000000000000001,-0.0235,0.063413199972400955,0.038047919983440572
0.017500000000000002,-0.0235,0.040716202904899641,0.024429721742939784
0.017999999999999995,-0.0235,0.025698236289222222,0.015418941773533333
0.018500000000000003,-0.0235,0.015949918577352173,0.0095699511464113034
0.019000000000000003,-0.0235,0.0097392451883249569,0.0058435471129949738
0.019500000000000003,-0.0235,0.0058534866318644806,0.0035120919791186882
0.019999999999999997,-0.0235,0.0034645799034637931,0.0020787479420782758
0.020499999999999997,-0.0235,0.002020524459889133,0.0012123146759334797
0.021000000000000005,-0.0235,0.0011616761103008912,0.00069700566618053467
0.021500000000000005,-0.0235,0.00065876853156527726,0.00039526111893916635
0.021999999999999999,-0.0235,0.00036864329173247166,0.00022118597503948298
0.022499999999999999,-0.0235,0.00020364489381527031,0.00012218693628916218
0.023000000000000007,-0.0235,0.00011108668650903313,6.6652011905419872e-05
0.023500000000000007,-0.0235,5.9848218095904936e-05,3.5908930857542959e-05
0.024,-0.0235,3.1846909559875496e-05,1.9108145735925298e-05
0.024500000000000001,-0.0235,1.673713934232659e-05,1.0042283605395954e-05
0.025000000000000001,-0.0235,8.6858152342325249e-06,5.2114891405395151e-06
-0.025000000000000001,-0.023,1.65035491299837e-05,9.9021294779902202e-06
-0.024500000000000001,-0.023,3.1563819684923963e-05,1.8938291810954378e-05
-0.024,-0.023,5.9591936334289643e-05,3.5755161800573786e-05
-0.0235,-0.023,0.00011109699706553401,6.665819823932041e-05
-0.023,-0.023,0.00020455810014173914,0.00012273486008504349
-0.022500000000000003,-0.023,0.00037201446500834974,0.00022320867900500985
-0.022000000000000002,-0.023,0.00066819916920272645,0.00040091950152163587
-0.021500000000000002,-0.023,0.0011851571794800253,0.00071109430768801515
-0.021000000000000001,-0.023,0.0020751178605369824,0.0012450707163221893
-0.020500000000000001,-0.023,0.0035854113652761021,0.002151246819165661
-0.02,-0.023,0.0061103562593981782,0.0036662137556389067
-0.0195,-0.023,0.010266134805164126,0.0061596808830984753
-0.019,-0.023,0.016995413214171102,0.010197247928502661
-0.018500000000000003,-0.023,0.027708404524762607,0.016625042714857565
-0.018000000000000002,-0.023,0.044465618799178729,0.026679371279507237
-0.017500000000000002,-0.023,0.070204036867679842,0.042122422120607905
-0.017000000000000001,-0.023,0.10900229942289631,0.065401379653737782
-0.016500000000000001,-0.023,0.16637146364698258,0.099822878188189537
-0.016,-0.023,0.24954631440480565,0.14972778864288339
-0.0155,-0.023,0.36773943954361071,0.22064366372616642
-0.015000000000000001,-0.023,0.53230875921890963,0.31938525553134578
-0.014500000000000001,-0.023,0.75678253300433063,0.45406951980259835
-0.014,-0.023,1.056688352761376,0.63401301165682555
-0.0135,-0.023,1.4491483511668879,0.86948901070013274
-0.012999999999999999,-0.023,1.9522343227365877,1.1713405936419525
-0.012500000000000001,-0.023,2.5841229744493233,1.550473784669594
-0.012,-0.023,3.3621477563618396,2.0172886538171038
-0.0115,-0.023,4.3018989798776248,2.5811393879265747
-0.010999999999999999,-0.023,5.4165628349875012,3.2499377009925006
-0.010499999999999999,-0.023,6.7166948547931824,4.0300169128759089
-0.010000000000000002,-0.023,8.2105787580677454,4.9263472548406471
-0.0095000000000000015,-0.023,9.905219337413893,5.9431316024483358
-0.0090000000000000011,-0.023,11.807862983105467,7.08471778986328
-0.0085000000000000006,-0.023,13.927752926966866,8.3566517561801188
-0.0080000000000000002,-0.023,16.277646311762982,9.7665877870577891
-0.0074999999999999997,-0.023,18.87449635234633,11.324697811407798
-0.0069999999999999993,-0.023,21.738686417826194,13.043211850695716
-0.0064999999999999988,-0.023,24.891333036475082,14.934799821885049
-0.0059999999999999984,-0.023,28.349464356168927,17.009678613701354
-0.0054999999999999979,-0.023,32.119304770018829,19.271582862011297
-0.005000000000000001,-0.023,36.188389634538375,21.713033780723023
-0.0044999999999999971,-0.023,40.517696852354931,24.310618111412957
-0.0040000000000000001,-0.023,45.035299400686455,27.021179640411873
-0.0035000000000000031,-0.023,49.63311005390478,29.779866032342866
-0.0029999999999999992,-0.023,54.16804130085368,32.500824780512204
-0.0025000000000000022,-0.023,58.468337477841899,35.081002486705138
-0.0019999999999999983,-0.023,62.345024039023102,37.407014423413862
-0.0015000000000000013,-0.023,65.607499504037222,39.364499702422329
-0.00099999999999999742,-0.023,68.081449965585165,40.8488699793511
-0.00050000000000000044,-0.023,69.626678395044564,41.776007037026737
0,-0.023,70.152255178709396,42.091353107225636
0.00050000000000000044,-0.023,69.626678384469628,41.776007030681775
0.0010000000000000009,-0.023,68.081449942562941,40.848869965537766
0.0015000000000000013,-0.023,65.607499464675016,39.364499678805011
0.0020000000000000018,-0.023,62.345023977125358,37.407014386275215
0.0024999999999999988,-0.023,58.468337384522677,35.081002430713603
0.0030000000000000027,-0.023,54.168041164089054,32.500824698453428
0.0034999999999999996,-0.023,49.633109858092396,29.779865914855435
0.0040000000000000036,-0.023,45.035299126296792,27.021179475778073
0.0045000000000000005,-0.023,40.517696475777974,24.310617885466783
0.0049999999999999975,-0.023,36.188389128236409,21.713033476941845
0.0055000000000000014,-0.023,32.119304103093377,19.271582461856024
0.0059999999999999984,-0.023,28.349463495428196,17.009678097256916
0.0064999999999999988,-0.023,24.891331948044488,14.934799168826693
0.0069999999999999993,-0.023,21.738685069283662,13.043211041570197
0.0074999999999999997,-0.023,18.874494715285195,11.324696829171117
0.0080000000000000002,-0.023,16.277644364602242,9.7665866187613446
0.0085000000000000006,-0.023,13.927750657752675,8.356650394651604
0.0090000000000000011,-0.023,11.807860391994556,7.0847162351967334
0.0095000000000000015,-0.023,9.9052164385131345,5.9431298631078802
0.010000000000000002,-0.023,8.2105755803337672,4.9263453482002602
0.010500000000000002,-0.023,6.7166914417752182,4.0300148650651311
0.011000000000000003,-0.023,5.4165592433172582,3.2499355459903549
0.011500000000000003,-0.023,4.3018952765580982,2.5811371659348588
0.012000000000000004,-0.023,3.3621440150598798,2.0172864090359277
0.012499999999999997,-0.023,2.5841192711298016,1.5504715626778809
0.013000000000000005,-0.023,1.9522307310663425,1.1713384386398054
0.013499999999999998,-0.023,1.4491449381489256,0.86948696288935534
0.014000000000000005,-0.023,1.0566851750273805,0.63401110501642821
0.014499999999999999,-0.023,0.75677963410354132,0.45406778046212476
0.014999999999999999,-0.023,0.53230616810794018,0.31938370086476409
0.0155,-0.023,0.36773717032926528,0.22064230219755918
0.016000000000000007,-0.023,0.2495443672437466,0.14972662034624795
0.016500000000000001,-0.023,0.16636982658517194,0.099821895951103162
0.017000000000000001,-0.023,0.10900095087887852,0.065400570527327118
0.017500000000000002,-0.023,0.070202948433870579,0.042121769060322348
0.017999999999999995,-0.023,0.044464758051683879,0.026678854831010328
0.018500000000000003,-0.023,0.027707737585386499,0.016624642551231899
0.019000000000000003,-0.023,0.016994906884010681,0.010196944130406409
0.019500000000000003,-0.023,0.01026575817241213,0.0061594549034472779
0.019999999999999997,-0.023,0.0061100817613777766,0.003666049056826666
0.020499999999999997,-0.023,0.0035852153467147781,0.0021511292080288666
0.021000000000000005,-0.023,0.0020749807117327944,0.0012449884270396767
0.021500000000000005,-0.023,0.0011850631587323422,0.00071103789523940537
0.021999999999999999,-0.023,0.00066813601645909185,0.00040088160987545511
0.022499999999999999,-0.023,0.00037197290289783835,0.00022318374173870299
0.023000000000000007,-0.023,0.00020453129983220736,0.00012271877989932442
0.023500000000000007,-0.023,0.00011108006465169409,6.664803879101645e-05
0.024,-0.023,5.958145456042064e-05,3.5748872736252384e-05
0.024500000000000001,-0.023,3.1557462167704358e-05,1.8934477300622615e-05
0.025000000000000001,-0.023,1.6499770997772047e-05,9.8998625986632284e-06
-0.025000000000000001,-0.022500000000000003,3.0937903742689617e-05,1.856274224561377e-05
-0.024500000000000001,-0.022500000000000003,5.8752277531664238e-05,3.525136651899854e-05
-0.024,-0.022500000000000003,0.00011009631031130042,6.605778618678025e-05
-0.0235,-0.022500000000000003,0.00020366070686459684,0.00012219642411875811
-0.023,-0.022500000000000003,0.00037201416306481479,0.00022320849783888887
-0.022500000000000003,-0.022500000000000003,0.00067113878893179961,0.00040268327335907976
-0.022000000000000002,-0.022500000000000003,0.0011959014354522967,0.00071754086127137802
-0.021500000000000002,-0.022500000000000003,0.0021046659282828676,0.0012627995569697206
-0.021000000000000001,-0.022500000000000003,0.0036576077467037715,0.002194564648022263
-0.020500000000000001,-0.022500000000000003,0.0062749569991876883,0.003764974199512613
-0.02,-0.022500000000000003,0.010623250810623264,0.0063739504863739582
-0.0195,-0.022500000000000003,0.017739446931611634,0.01064366815896698
-0.019,-0.022500000000000003,0.029203943991981458,0.017522366395188876
-0.018500000000000003,-0.022500000000000003,0.047373424620401408,0.028424054772240845
-0.018000000000000002,-0.022500000000000003,0.075682005860836662,0.045409203516501996
-0.017500000000000002,-0.022500000000000003,0.11901334806783347,0.071408008840700074
-0.017000000000000001,-0.022500000000000003,0.18413616814530431,0.11048170088718258
-0.016500000000000001,-0.022500000000000003,0.28018057721099066,0.16810834632659438
-0.016,-0.022500000000000003,0.41911339914549428,0.25146803948729657
-0.0155,-0.022500000000000003,0.61614926253402191,0.36968955752041316
-0.015000000000000001,-0.022500000000000003,0.89001484854495239,0.53400890912697141
-0.014500000000000001,-0.022500000000000003,1.2629721551027928,0.75778329306167569
-0.014,-0.022500000000000003,1.7605101362267392,1.0563060817360435
-0.0135,-0.022500000000000003,2.4106394445330763,1.4463836667198458
-0.012999999999999999,-0.022500000000000003,3.2427765676903961,1.9456659406142376
-0.012500000000000001,-0.022500000000000003,4.2862805371065313,2.5717683222639187
-0.012,-0.022500000000000003,5.5687991321977481,3.3412794793186489
-0.0115,-0.022500000000000003,7.1146748413655727,4.2688049048193433
-0.010999999999999999,-0.022500000000000003,8.9437287161818233,5.3662372297090934
-0.010499999999999999,-0.022500000000000003,11.070753751037119,6.642452250622271
-0.010000000000000002,-0.022500000000000003,13.505982640656654,8.1035895843939922
-0.0095000000000000015,-0.022500000000000003,16.256633718871203,9.7539802313227213
-0.0090000000000000011,-0.022500000000000003,19.329390321486162,11.597634192891697
-0.0085000000000000006,-0.022500000000000003,22.733366243249371,13.640019745949623
-0.0080000000000000002,-0.022500000000000003,26.482813794970028,15.889688276982016
-0.0074999999999999997,-0.022500000000000003,30.598620807079435,18.359172484247662
-0.0069999999999999993,-0.022500000000000003,35.10760157807497,21.064560946844981
-0.0064999999999999988,-0.022500000000000003,40.038778313845334,24.023266988307199
-0.0059999999999999984,-0.022500000000000003,45.416296298813712,27.249777779288227
-0.0054999999999999979,-0.022500000000000003,51.249280577270795,30.749568346362476
-0.005000000000000001,-0.022500000000000003,57.519721766051404,34.511833059630838
-0.0044999999999999971,-0.022500000000000003,64.170217055709287,38.502130233425568
-0.0040000000000000001,-0.022500000000000003,71.093907120451505,42.6563442722709
-0.0035000000000000031,-0.022500000000000003,78.129074160732827,46.877444496439693
-0.0029999999999999992,-0.022500000000000003,85.060495826252563,51.036297495751533
-0.0025000000000000022,-0.022500000000000003,91.628778512325397,54.977267107395235
-0.0019999999999999983,-0.022500000000000003,97.547632202396372,58.528579321437817
-0.0015000000000000013,-0.022500000000000003,102.52761446514333,61.516568679085992
-0.00099999999999999742,-0.022500000000000003,106.30354700927013,63.782128205562074
-0.00050000000000000044,-0.022500000000000003,108.66188361956958,65.197130171741748
0,-0.022500000000000003,109.4640095165978,65.678405709958682
0.00050000000000000044,-0.022500000000000003,108.66188359280558,65.19713015568334
0.0010000000000000009,-0.022500000000000003,106.30354695100344,63.782128170602064
0.0015000000000000013,-0.022500000000000003,102.52761436552183,61.516568619313091
0.0020000000000000018,-0.022500000000000003,97.547632045740059,58.528579227444034
0.0024999999999999988,-0.022500000000000003,91.628778276144743,54.977266965686844
0.0030000000000000027,-0.022500000000000003,85.060495480116273,51.036297288069761
0.0034999999999999996,-0.022500000000000003,78.129073665153115,46.877444199091869
0.0040000000000000036,-0.022500000000000003,71.093906426001183,42.65634385560071
0.0045000000000000005,-0.022500000000000003,64.170216102634086,38.502129661580447
0.0049999999999999975,-0.022500000000000003,57.519720484656325,34.511832290793791
0.0055000000000000014,-0.022500000000000003,51.249278889355125,30.749567333613072
0.0059999999999999984,-0.022500000000000003,45.416294120372719,27.24977647222363
0.0064999999999999988,-0.022500000000000003,40.038775559146082,24.023265335487647
0.0069999999999999993,-0.022500000000000003,35.107598165060793,21.064558899036474
0.0074999999999999997,-0.022500000000000003,30.598616663856081,18.359169998313646
0.0080000000000000002,-0.022500000000000003,26.482808866918365,15.889685320151019
0.0085000000000000006,-0.022500000000000003,22.733360500115484,13.64001630006929
0.0090000000000000011,-0.022500000000000003,19.329383763666787,11.597630258200072
0.0095000000000000015,-0.022500000000000003,16.256626382069253,9.7539758292415524
0.010000000000000002,-0.022500000000000003,13.505974598158209,8.1035847588949252
0.010500000000000002,-0.022500000000000003,11.070745113060552,6.642447067836331
0.011000000000000003,-0.022500000000000003,8.9437196260558078,5.3662317756334845
0.011500000000000003,-0.022500000000000003,7.1146654686673845,4.2687992812004305
0.012000000000000004,-0.022500000000000003,5.5687896633701603,3.3412737980220961
0.012499999999999997,-0.022500000000000003,4.2862711644083511,2.5717626986450104
0.013000000000000005,-0.022500000000000003,3.2427674775643811,1.9456604865386287
0.013499999999999998,-0.022500000000000003,2.4106308065565116,1.4463784839339069
0.014000000000000005,-0.022500000000000003,1.7605020937282567,1.056301256236954
0.014499999999999999,-0.022500000000000003,1.2629648183007744,0.75777889098046469
0.014999999999999999,-0.022500000000000003,0.89000829072542875,0.53400497443525718
0.0155,-0.022500000000000003,0.61614351939977829,0.36968611163986698
0.016000000000000007,-0.022500000000000003,0.4191084710930274,0.25146508265581641
0.016500000000000001,-0.022500000000000003,0.28017643398593034,0.1681058603915582
0.017000000000000001,-0.022500000000000003,0.18413275512733956,0.11047965307640374
0.017500000000000002,-0.022500000000000003,0.11901059336046306,0.07140635601627783
0.017999999999999995,-0.022500000000000003,0.075679827402717878,0.045407896441630728
0.018500000000000003,-0.022500000000000003,0.047371736669513442,0.028423042001708063
0.019000000000000003,-0.022500000000000003,0.029202662525517783,0.017521597515310669
0.019500000000000003,-0.022500000000000003,0.017738493715156071,0.010643096229093643
0.019999999999999997,-0.022500000000000003,0.010622556086044281,0.0063735336516265685
0.020499999999999997,-0.022500000000000003,0.0062744608975680936,0.0037646765385408558
0.021000000000000005,-0.022500000000000003,0.0036572606380247613,0.0021943563828148568
0.021500000000000005,-0.022500000000000003,0.0021044279720154415,0.0012626567832092648
0.021999999999999999,-0.022500000000000003,0.0011957416027395793,0.00071744496164374762
0.022499999999999999,-0.022500000000000003,0.00067103359975889839,0.000402620159855339
0.023000000000000007,-0.022500000000000003,0.0003719463344016824,0.00022316780064100944
0.023500000000000007,-0.022500000000000003,0.00020361785277020565,0.00012217071166212339
0.024,-0.022500000000000003,0.00011006978208378279,6.6041869250269678e-05
0.024500000000000001,-0.022500000000000003,5.8736187348326964e-05,3.5241712408996179e-05
0.025000000000000001,-0.022500000000000003,3.0928341701745362e-05,1.8557005021047216e-05
-0.025000000000000001,-0.022000000000000002,5.7203636848474361e-05,3.4322182109084615e-05
-0.024500000000000001,-0.022000000000000002,0.0001079149227997133,6.4748953679827977e-05
-0.024,-0.022000000000000002,0.00020079382924387544,0.00012047629754632526
-0.0235,-0.022000000000000002,0.00036866686922537654,0.0002212001215352259
-0.023,-0.022000000000000002,0.00066819790432250624,0.00040091874259350372
-0.022500000000000003,-0.022000000000000002,0.0011959000854186532,0.00071754005125119189
-0.022000000000000002,-0.022000000000000002,0.0021139107486191915,0.0012683464491715149
-0.021500000000000002,-0.022000000000000002,0.0036907128851431685,0.0022144277310859012
-0.021000000000000001,-0.022000000000000002,0.0063641549954839708,0.0038184929972903824
-0.020500000000000001,-0.022000000000000002,0.010836776700259848,0.0065020660201559081
-0.02,-0.022000000000000002,0.018216402616878232,0.01092984157012694
-0.0195,-0.022000000000000002,0.030217779246076253,0.018130667547645751
-0.019,-0.022000000000000002,0.049442906963162135,0.029665744177897281
-0.018500000000000003,-0.022000000000000002,0.079757459940502123,0.047854475964301271
-0.018000000000000002,-0.022000000000000002,0.12677670744724451,0.076066024468346705
-0.017500000000000002,-0.022000000000000002,0.19846486707513553,0.11907892024508131
-0.017000000000000001,-0.022000000000000002,0.30583524644280008,0.18350114786568003
-0.016500000000000001,-0.022000000000000002,0.46371410731857737,0.2782284643911464
-0.016,-0.022000000000000002,0.69149981105914404,0.41489988663548644
-0.0155,-0.022000000000000002,1.0138138808494908,0.60828832850969439
-0.015000000000000001,-0.022000000000000002,1.4609086569664946,0.87654519417989674
-0.014500000000000001,-0.022000000000000002,2.0686768112353131,1.2412060867411878
-0.014,-0.022000000000000002,2.8781127154793413,1.7268676292876048
-0.0135,-0.022000000000000002,3.9341157580951664,2.3604694548570997
-0.012999999999999999,-0.022000000000000002,5.2836084480805683,3.1701650688483407
-0.012500000000000001,-0.022000000000000002,6.9730665564572423,4.1838399338743448
-0.012,-0.022000000000000002,9.0457114719804608,5.4274268831882759
-0.0115,-0.022000000000000002,11.538769063544382,6.9232614381266293
-0.010999999999999999,-0.022000000000000002,14.48131463959594,8.6887887837575644
-0.010499999999999999,-0.022000000000000002,17.893253554810173,10.735952132886103
-0.010000000000000002,-0.022000000000000002,21.785889503761489,13.071533702256893
-0.0095000000000000015,-0.022000000000000002,26.164283949272974,15.698570369563784
-0.0090000000000000011,-0.022000000000000002,31.031219520020478,18.618731712012288
-0.0085000000000000006,-0.022000000000000002,36.392098994572223,21.835259396743332
-0.0080000000000000002,-0.022000000000000002,42.259633975851358,25.355780385510815
-0.0074999999999999997,-0.022000000000000002,48.656828772026152,29.194097263215689
-0.0069999999999999993,-0.022000000000000002,55.616676507604907,33.370005904562944
-0.0064999999999999988,-0.022000000000000002,63.177258777258665,37.906355266355199
-0.0059999999999999984,-0.022000000000000002,71.3716150637689,42.822969038261341
-0.0054999999999999979,-0.022000000000000002,80.212768658326809,48.127661194996087
-0.005000000000000001,-0.022000000000000002,89.675504877709187,53.805302926625508
-0.0044999999999999971,-0.022000000000000002,99.677652757281209,59.806591654368724
-0.0040000000000000001,-0.022000000000000002,110.06443992017181,66.038663952103079
-0.0035000000000000031,-0.022000000000000002,120.59971242972408,72.359827457834442
-0.0029999999999999992,-0.022000000000000002,130.9672720295568,78.580363217734075
-0.0025000000000000022,-0.022000000000000002,140.78426987177218,84.4705619230633
-0.0019999999999999983,-0.022000000000000002,149.62667628232407,89.776005769394445
-0.0015000000000000013,-0.022000000000000002,157.06465219909302,94.238791319455814
-0.00099999999999999742,-0.022000000000000002,162.70361524328447,97.622169145970688
-0.00050000000000000044,-0.022000000000000002,166.22536709104412,99.735220254626469
0,-0.022000000000000002,167.4231776168692,100.45390657012152
0.00050000000000000044,-0.022000000000000002,166.22536702467596,99.73522021480558
0.0010000000000000009,-0.022000000000000002,162.70361509879709,97.622169059278249
0.0015000000000000013,-0.022000000000000002,157.06465195205521,94.238791171233132
0.0020000000000000018,-0.022000000000000002,149.6266758938535,89.776005536312098
0.0024999999999999988,-0.022000000000000002,140.78426928609994,84.470561571659957
0.0030000000000000027,-0.022000000000000002,130.9672711712206,78.580362702732359
0.0034999999999999996,-0.022000000000000002,120.59971120080333,72.35982672048199
0.0040000000000000036,-0.022000000000000002,110.06443819809935,66.038662918859615
0.0045000000000000005,-0.022000000000000002,99.677650393880128,59.806590236328077
0.0049999999999999975,-0.022000000000000002,89.675501700152182,53.805301020091306
0.0055000000000000014,-0.022000000000000002,80.212764472694857,48.127658683616914
0.0059999999999999984,-0.022000000000000002,71.371609661749943,42.822965797049967
0.0064999999999999988,-0.022000000000000002,63.177251946255467,37.906351167753279
0.0069999999999999993,-0.022000000000000002,55.616668044136325,33.370000826481792
0.0074999999999999997,-0.022000000000000002,48.656818497811415,29.194091098686847
0.0080000000000000002,-0.022000000000000002,42.25962175544781,25.355773053268685
0.0085000000000000006,-0.022000000000000002,36.392084752957395,21.835250851774436
0.0090000000000000011,-0.022000000000000002,31.03120325817817,18.618721954906903
0.0095000000000000015,-0.022000000000000002,26.164265755737954,15.698559453442773
0.010000000000000002,-0.022000000000000002,21.785869560265962,13.071521736159577
0.010500000000000002,-0.022000000000000002,17.893232134669624,10.735939280801775
0.011000000000000003,-0.022000000000000002,14.481292098231618,8.6887752589389713
0.011500000000000003,-0.022000000000000002,11.538745821467822,6.9232474928806935
0.012000000000000004,-0.022000000000000002,9.0456879915257016,5.4274127949154209
0.012499999999999997,-0.022000000000000002,6.9730433143807105,4.1838259886284259
0.013000000000000005,-0.022000000000000002,5.2835859067162358,3.1701515440297414
0.013499999999999998,-0.022000000000000002,3.9340943379546003,2.3604566027727603
0.014000000000000005,-0.022000000000000002,2.8780927719837144,1.7268556631902285
0.014499999999999999,-0.022000000000000002,2.0686586177001298,1.2411951706200779
0.014999999999999999,-0.022000000000000002,1.4608923951238202,0.87653543707429205
0.0155,-0.022000000000000002,1.0137996392337842,0.60827978354027057
0.016000000000000007,-0.022000000000000002,0.69148759065362597,0.41489255439217559
0.016500000000000001,-0.022000000000000002,0.46370383309955571,0.2782222998597334
0.017000000000000001,-0.022000000000000002,0.30582678296481153,0.18349606977888691
0.017500000000000002,-0.022000000000000002,0.19845803605184961,0.11907482163110976
0.017999999999999995,-0.022000000000000002,0.12677130538592304,0.076062783231553827
0.018500000000000003,-0.022000000000000002,0.07975327422119638,0.047851964532717825
0.019000000000000003,-0.022000000000000002,0.049439729229168464,0.029663837537501077
0.019500000000000003,-0.022000000000000002,0.030215415494530749,0.018129249296718448
0.019999999999999997,-0.022000000000000002,0.018214679864099595,0.010928807918459757
0.020499999999999997,-0.022000000000000002,0.010835546485482007,0.0065013278912892042
0.021000000000000005,-0.022000000000000002,0.0063632942479887955,0.0038179765487932772
0.021500000000000005,-0.022000000000000002,0.00369012280983379,0.0022140736859002741
0.021999999999999999,-0.022000000000000002,0.0021135144012633289,0.0012681086407579972
0.022499999999999999,-0.022000000000000002,0.0011956392411281661,0.00071738354467689965
0.023000000000000007,-0.022000000000000002,0.00066802970526721051,0.00040081782316032629
0.023500000000000007,-0.022000000000000002,0.00036856060119856845,0.00022113636071914106
0.024,-0.022000000000000002,0.00020072804550878273,0.00012043682730526963
0.024500000000000001,-0.022000000000000002,0.0001078750229474694,6.4725013768481636e-05
0.025000000000000001,-0.022000000000000002,5.7179925246634499e-05,3.4307955147980696e-05
-0.025000000000000001,-0.021500000000000002,0.00010426868510818542,6.2561211064911249e-05
-0.024500000000000001,-0.021500000000000002,0.00019550584890263656,0.00011730350934158193
-0.024,-0.021500000000000002,0.00036136966696557674,0.00021682180017934603
-0.0235,-0.021500000000000002,0.00065880254445858455,0.00039528152667515074
-0.023,-0.021500000000000002,0.0011851532845461512,0.00071109197072769068
-0.022500000000000003,-0.021500000000000002,0.0021046603884574081,0.0012627962330744448
-0.022000000000000002,-0.021500000000000002,0.0036907070929556533,0.002214424255773392
-0.021500000000000002,-0.021500000000000002,0.0063920577659527722,0.0038352346595716632
-0.021000000000000001,-0.021500000000000002,0.010934670310299693,0.0065608021861798156
-0.020500000000000001,-0.021500000000000002,0.018474816800023559,0.011084890080014136
-0.02,-0.021500000000000002,0.030823840010356141,0.018494304006213685
-0.0195,-0.021500000000000002,0.050769232969728496,0.030461539781837098
-0.019,-0.021500000000000002,0.082519608241320014,0.049511764944792008
-0.018500000000000003,-0.021500000000000002,0.13230063107683615,0.079380378646101687
-0.018000000000000002,-0.021500000000000002,0.2091226243302387,0.12547357459814321
-0.017500000000000002,-0.021500000000000002,0.32572548291023068,0.19543528974613841
-0.017000000000000001,-0.021500000000000002,0.49968022168977483,0.29980813301386489
-0.016500000000000001,-0.021500000000000002,0.75458767245194502,0.45275260347116697
-0.016,-0.021500000000000002,1.1212648860854852,0.67275893165129108
-0.0155,-0.021500000000000002,1.6387539872666126,0.98325239235996753
-0.015000000000000001,-0.021500000000000002,2.3549368056513571,1.4129620833908143
-0.014500000000000001,-0.021500000000000002,3.3265067223355285,1.9959040334013169
-0.014,-0.021500000000000002,4.6180552519966351,2.7708331511979809
-0.0135,-0.021500000000000002,6.3000929501772562,3.7800557701063537
-0.012999999999999999,-0.021500000000000002,8.4459542478066858,5.0675725486840113
-0.012500000000000001,-0.021500000000000002,11.127732869878654,6.6766397219271925
-0.012,-0.021500000000000002,14.411638598249199,8.646983158949519
-0.0115,-0.021500000000000002,18.353414908189581,11.012048944913749
-0.010999999999999999,-0.021500000000000002,22.994647852052825,13.796788711231695
-0.010499999999999999,-0.021500000000000002,28.360856155764399,17.016513693458638
-0.010000000000000002,-0.021500000000000002,34.462113702080885,20.677268221248529
-0.0095000000000000015,-0.021500000000000002,41.296579509687007,24.777947705812203
-0.0090000000000000011,-0.021500000000000002,48.8567085194165,29.314025111649897
-0.0085000000000000006,-0.021500000000000002,57.137166286492317,34.282299771895389
-0.0080000000000000002,-0.021500000000000002,66.142716369263638,39.68562982155818
-0.0074999999999999997,-0.021500000000000002,75.893783968944973,45.536270381366982
-0.0069999999999999993,-0.021500000000000002,86.42722694953649,51.856336169721892
-0.0064999999999999988,-0.021500000000000002,97.7902270510031,58.67413623060186
-0.0059999999999999984,-0.021500000000000002,110.0262126453085,66.015727587185097
-0.0054999999999999979,-0.021500000000000002,123.15326056281492,73.891956337688953
-0.005000000000000001,-0.021500000000000002,137.137262534705,82.282357520822998
-0.0044999999999999971,-0.021500000000000002,151.86391461238244,91.118348767429467
-0.0040000000000000001,-0.021500000000000002,167.11486430256664,100.26891858153998
-0.0035000000000000031,-0.021500000000000002,182.553733023029,109.5322398138174
-0.0029999999999999992,-0.021500000000000002,197.72696581188515,118.63617948713109
-0.0025000000000000022,-0.021500000000000002,212.08252186810805,127.24951312086482
-0.0019999999999999983,-0.021500000000000002,225.00655712301815,135.0039342738109
-0.0015000000000000013,-0.021500000000000002,235.87496156688627,141.52497694013175
-0.00099999999999999742,-0.021500000000000002,244.11355537082667,146.46813322249599
-0.00050000000000000044,-0.021500000000000002,249.2585905393054,149.55515432358322
0,-0.021500000000000002,251.00847606463643,150.60508563878184
0.00050000000000000044,-0.021500000000000002,249.25859037805262,149.55515422683158
0.0010000000000000009,-0.021500000000000002,244.1135550197699,146.46813301186194
0.0015000000000000013,-0.021500000000000002,235.87496096666644,141.52497657999984
0.0020000000000000018,-0.021500000000000002,225.00655617916311,135.00393370749785
0.0024999999999999988,-0.021500000000000002,212.08252044511818,127.2495122670709
0.0030000000000000027,-0.021500000000000002,197.72696372641249,118.6361782358475
0.0034999999999999996,-0.021500000000000002,182.55373003715835,109.532238022295
0.0040000000000000036,-0.021500000000000002,167.11486011850027,100.26891607110016
0.0045000000000000005,-0.021500000000000002,151.86390887009961,91.118345322059767
0.0049999999999999975,-0.021500000000000002,137.13725481429256,82.282352888575531
0.0055000000000000014,-0.021500000000000002,123.15325039311422,73.891950235868535
0.0059999999999999984,-0.021500000000000002,110.02619952018971,66.015719712113821
0.0064999999999999988,-0.021500000000000002,97.79021045392534,58.674126272355203
0.0069999999999999993,-0.021500000000000002,86.427206386107684,51.856323831664611
0.0074999999999999997,-0.021500000000000002,75.893759006002128,45.536255403601274
0.0080000000000000002,-0.021500000000000002,66.142686677725806,39.68561200663548
0.0085000000000000006,-0.021500000000000002,57.137131684079826,34.282279010447894
0.0090000000000000011,-0.021500000000000002,48.856669008519631,29.314001405111778
0.0095000000000000015,-0.021500000000000002,41.296535305415915,24.77792118324955
0.010000000000000002,-0.021500000000000002,34.462065245984682,20.677239147590807
0.010500000000000002,-0.021500000000000002,28.360804111909378,17.016482467145625
0.011000000000000003,-0.021500000000000002,22.994593083994978,13.796755850396986
0.011500000000000003,-0.021500000000000002,18.353358437632842,11.012015062579705
0.012000000000000004,-0.021500000000000002,14.411581548512284,8.6469489291073707
0.012499999999999997,-0.021500000000000002,11.127676399321937,6.6766058395931616
0.013000000000000005,-0.021500000000000002,8.4458994797488227,5.0675396878492931
0.013499999999999998,-0.021500000000000002,6.3000409063222076,3.7800245437933242
0.014000000000000005,-0.021500000000000002,4.6180067959002642,2.7708040775401583
0.014499999999999999,-0.021500000000000002,3.3264625180640879,1.9958775108384526
0.014999999999999999,-0.021500000000000002,2.3548972947536422,1.4129383768521853
0.0155,-0.021500000000000002,1.6387193848520674,0.98323163091124033
0.016000000000000007,-0.021500000000000002,1.1212351945430148,0.67274111672580883
0.016500000000000001,-0.021500000000000002,0.75456270949879045,0.45273762569927423
0.017000000000000001,-0.021500000000000002,0.49965965823827679,0.29979579494296604
0.017500000000000002,-0.021500000000000002,0.32570888578358592,0.19542533147015154
0.017999999999999995,-0.021500000000000002,0.20910949910841733,0.1254656994650504
0.018500000000000003,-0.021500000000000002,0.13229046116370563,0.079374276698223376
0.019000000000000003,-0.021500000000000002,0.082511887399020434,0.049507132439412259
0.019500000000000003,-0.021500000000000002,0.050763489835484156,0.030458093901290492
0.019999999999999997,-0.021500000000000002,0.030819654291050675,0.018491792574630406
0.020499999999999997,-0.021500000000000002,0.018471827785111253,0.011083096671066751
0.021000000000000005,-0.021500000000000002,0.010932578978651675,0.0065595473871910047
0.021500000000000005,-0.021500000000000002,0.0063906240781684666,0.0038343744469010797
0.021999999999999999,-0.021500000000000002,0.003689744100006409,0.0022138464600038451
0.022499999999999999,-0.021500000000000002,0.0021040266231279088,0.0012624159738767453
0.023000000000000007,-0.021500000000000002,0.0011847446164879,0.00071084676989273995
0.023500000000000007,-0.021500000000000002,0.00065854434831061055,0.00039512660898636631
0.024,-0.021500000000000002,0.00036120983425285411,0.00021672590055171246
0.024500000000000001,-0.021500000000000002,0.00019540890546194576,0.00011724534327716745
0.025000000000000001,-0.021500000000000002,0.00010421107376033888,6.2526644256203322e-05
-0.025000000000000001,-0.021000000000000001,0.00018726167278412673,0.00011235700367047603
-0.024500000000000001,-0.021000000000000001,0.00034917114489818759,0.00020950268693891255
-0.024,-0.021000000000000001,0.00064147117863074692,0.00038488270717844814
-0.0235,-0.021000000000000001,0.001161723202048271,0.00069703392122896259
-0.023,-0.021000000000000001,0.0020751074122859091,0.0012450644473715453
-0.022500000000000003,-0.021000000000000001,0.0036575910373980816,0.0021945546224388488
-0.022000000000000002,-0.021000000000000001,0.0063641317139968359,0.0038184790283981012
-0.021500000000000002,-0.021000000000000001,0.010934646465165074,0.0065607878790990446
-0.021000000000000001,-0.021000000000000001,0.018555634977359403,0.011133380986415642
-0.020500000000000001,-0.021000000000000001,0.031101635666832102,0.018660981400099259
-0.02,-0.021000000000000001,0.051487663356568729,0.030892598013941237
-0.0195,-0.021000000000000001,0.084170366737078187,0.050502220042246908
-0.019,-0.021000000000000001,0.13583994507910863,0.081503967047465167
-0.018500000000000003,-0.021000000000000001,0.21634396709557696,0.12980638025734617
-0.018000000000000002,-0.021000000000000001,0.33987427918239066,0.20392456750943438
-0.017500000000000002,-0.021000000000000001,0.52642478504441015,0.31585487102664606
-0.017000000000000001,-0.021000000000000001,0.80348704975810004,0.48209222985486
-0.016500000000000001,-0.021000000000000001,1.2078904092596197,0.72473424555577182
-0.016,-0.021000000000000001,1.7876155100358064,1.0725693060214838
-0.0155,-0.021000000000000001,2.6033230328751773,1.5619938197251064
-0.015000000000000001,-0.021000000000000001,3.7292585025014051,2.2375551015008428
-0.014500000000000001,-0.021000000000000001,5.2531429870798654,3.1518857922479193
-0.014,-0.021000000000000001,7.2746668241819403,4.3648000945091638
-0.0135,-0.021000000000000001,9.9022975612371162,5.9413785367422696
-0.012999999999999999,-0.021000000000000001,13.248313265737597,7.9489879594425581
-0.012500000000000001,-0.021000000000000001,17.422277831531272,10.453366698918762
-0.012,-0.021000000000000001,22.523556127536857,13.514133676522114
-0.0115,-0.021000000000000001,28.633859419473715,17.180315651684229
-0.010999999999999999,-0.021000000000000001,35.811119500432461,21.486671700259475
-0.010499999999999999,-0.021000000000000001,44.086100166313003,26.451660099787802
-0.010000000000000002,-0.021000000000000001,53.462962312706424,32.077777387623854
-0.0095000000000000015,-0.021000000000000001,63.924441453949093,38.354664872369455
-0.0090000000000000011,-0.021000000000000001,75.44138761659184,45.264832569955104
-0.0085000000000000006,-0.021000000000000001,87.985271229974998,52.791162737984997
-0.0080000000000000002,-0.021000000000000001,101.54109132780673,60.924654796684031
-0.0074999999999999997,-0.021000000000000001,116.11722625355812,69.670335752134861
-0.0069999999999999993,-0.021000000000000001,131.74845240686946,79.04907144412168
-0.0064999999999999988,-0.021000000000000001,148.48887174380249,89.093323046281498
-0.0059999999999999984,-0.021000000000000001,166.39293526900789,99.835761161404733
-0.0054999999999999979,-0.021000000000000001,185.48501633697921,111.29100980218753
-0.005000000000000001,-0.021000000000000001,205.72072729096874,123.43243637458124
-0.0044999999999999971,-0.021000000000000001,226.94584048071621,136.16750428842971
-0.0040000000000000001,-0.021000000000000001,248.86062608398026,149.31637565038815
-0.0035000000000000031,-0.021000000000000001,270.99805867593551,162.5988352055613
-0.0029999999999999992,-0.021000000000000001,292.72328578710432,175.63397147226257
-0.0025000000000000022,-0.021000000000000001,313.25895066199519,187.9553703971971
-0.0019999999999999983,-0.021000000000000001,331.73677928482203,199.04206757089321
-0.0015000000000000013,-0.021000000000000001,347.27101066643735,208.36260639986241
-0.00099999999999999742,-0.021000000000000001,359.04473752716461,215.42684251629876
-0.00050000000000000044,-0.021000000000000001,366.39702523166437,219.83821513899861
0,-0.021000000000000001,368.89757149900237,221.3385428994014
0.00050000000000000044,-0.021000000000000001,366.39702484778809,219.83821490867285
0.0010000000000000009,-0.021000000000000001,359.04473669144369,215.4268420148662
0.0015000000000000013,-0.021000000000000001,347.27100923756211,208.36260554253727
0.0020000000000000018,-0.021000000000000001,331.73677703789349,199.04206622273608
0.0024999999999999988,-0.021000000000000001,313.25894727444455,187.95536836466673
0.0030000000000000027,-0.021000000000000001,292.7232808224561,175.63396849347365
0.0034999999999999996,-0.021000000000000001,270.99805156781161,162.59883094068695
0.0040000000000000036,-0.021000000000000001,248.86061612344812,149.31636967406888
0.0045000000000000005,-0.021000000000000001,226.94582681071481,136.16749608642888
0.0049999999999999975,-0.021000000000000001,205.72070891185825,123.43242534711494
0.0055000000000000014,-0.021000000000000001,185.48499212712591,111.29099527627554
0.0059999999999999984,-0.021000000000000001,166.39290402352563,99.835742414115373
0.0064999999999999988,-0.021000000000000001,148.48883223302118,89.093299339812702
0.0069999999999999993,-0.021000000000000001,131.74840345384592,79.049042072307557
0.0074999999999999997,-0.021000000000000001,116.11716682711044,69.67030009626626
0.0080000000000000002,-0.021000000000000001,101.54102064452886,60.924612386717314
0.0085000000000000006,-0.021000000000000001,87.985188855934538,52.791113313560722
0.0090000000000000011,-0.021000000000000001,75.441293557479327,45.264776134487597
0.0095000000000000015,-0.021000000000000001,63.924336221852592,38.354601733111551
0.010000000000000002,-0.021000000000000001,53.462846958771898,32.07770817526314
0.010500000000000002,-0.021000000000000001,44.085976271407844,26.451585762844704
0.011000000000000003,-0.021000000000000001,35.810989120326461,21.486593472195874
0.011500000000000003,-0.021000000000000001,28.633724986421569,17.180234991852942
0.012000000000000004,-0.021000000000000001,22.523420315696185,13.514052189417711
0.012499999999999997,-0.021000000000000001,17.422143398479189,10.453286039087514
0.013000000000000005,-0.021000000000000001,13.248182885631572,7.9489097313789427
0.013499999999999998,-0.021000000000000001,9.9021736663318265,5.9413041997990961
0.014000000000000005,-0.021000000000000001,7.2745514702469984,4.3647308821481987
0.014499999999999999,-0.021000000000000001,5.2530377549824641,3.1518226529894782
0.014999999999999999,-0.021000000000000001,3.7291644433867255,2.2374986660320353
0.0155,-0.021000000000000001,2.6032406588298871,1.5619443952979322
0.016000000000000007,-0.021000000000000001,1.7875448267469052,1.0725268960481431
0.016500000000000001,-0.021000000000000001,1.2078309827871998,0.72469858967231982
0.017000000000000001,-0.021000000000000001,0.80343809668048116,0.48206285800828869
0.017500000000000002,-0.021000000000000001,0.52638527414669189,0.31583116448801513
0.017999999999999995,-0.021000000000000001,0.33984303345486078,0.20390582007291647
0.018500000000000003,-0.021000000000000001,0.21631975673639192,0.12979185404183516
0.019000000000000003,-0.021000000000000001,0.13582156494518979,0.081492938967113876
0.019500000000000003,-0.021000000000000001,0.084156694708505661,0.050494016825103398
0.019999999999999997,-0.021000000000000001,0.051477698889170365,0.030886619333502216
0.020499999999999997,-0.021000000000000001,0.031094520057907204,0.018656712034744321
0.021000000000000005,-0.021000000000000001,0.01855065638120788,0.011130393828724728
0.021500000000000005,-0.021000000000000001,0.010931233447200085,0.0065587400683200505
0.021999999999999999,-0.021000000000000001,0.0063618392258610263,0.0038171035355166155
0.022499999999999999,-0.021000000000000001,0.0036560823041307108,0.0021936493824784263
0.023000000000000007,-0.021000000000000001,0.0020741345425720065,0.0012444807255432039
0.023500000000000007,-0.021000000000000001,0.0011611085437515502,0.00069666512625093013
0.024,-0.021000000000000001,0.00064109068301246123,0.00038465440980747675
0.024500000000000001,-0.021000000000000001,0.00034894036263981136,0.0002093642175838868
0.025000000000000001,-0.021000000000000001,0.00018712452397994469,0.00011227471438796681
-0.025000000000000001,-0.020500000000000001,0.00033118753669475508,0.00019871252201685303
-0.024500000000000001,-0.020500000000000001,0.00061444825044851151,0.00036866895026910689
-0.024,-0.020500000000000001,0.0011225516799556953,0.00067353100797341717
-0.0235,-0.020500000000000001,0.0020205861342549392,0.0012123516805529636
-0.023,-0.020500000000000001,0.0035853856150985059,0.0021512313690591036
-0.022500000000000003,-0.020500000000000001,0.0062749130960799539,0.003764947857647972
-0.022000000000000002,-0.020500000000000001,0.010836707918745405,0.0065020247512472427
-0.021500000000000002,-0.020500000000000001,0.018474722920249129,0.011084833752149477
-0.021000000000000001,-0.020500000000000001,0.031101541479210758,0.018660924887526454
-0.020500000000000001,-0.020500000000000001,0.051712283292075618,0.03102736997524537
-0.02,-0.020500000000000001,0.084926807653636624,0.050956084592181976
-0.0195,-0.020500000000000001,0.13775652128162658,0.082653912768975948
-0.019,-0.020500000000000001,0.22065834270714516,0.13239500562428708
-0.018500000000000003,-0.020500000000000001,0.34893680013308226,0.20936208007984936
-0.018000000000000002,-0.020500000000000001,0.54454002422257064,0.32672401453354238
-0.017500000000000002,-0.020500000000000001,0.83825988588341771,0.50295593153005058
-0.017000000000000001,-0.020500000000000001,1.2722846407984094,0.76337078447904561
-0.016500000000000001,-0.020500000000000001,1.902960987271018,1.1417765923626109
-0.016,-0.020500000000000001,2.8035041929704176,1.6821025157822505
-0.0155,-0.020500000000000001,4.0662618954232945,2.4397571372539768
-0.015000000000000001,-0.020500000000000001,5.8040129751308367,3.482407785078502
-0.014500000000000001,-0.020500000000000001,8.1497029922105071,4.8898217953263039
-0.014,-0.020500000000000001,11.254025724213127,6.752415434527876
-0.0135,-0.020500000000000001,15.28039979263116,9.1682398755786956
-0.012999999999999999,-0.020500000000000001,20.397190343245541,12.238314205947324
-0.012500000000000001,-0.020500000000000001,26.767489101122329,16.060493460673396
-0.012,-0.020500000000000001,34.537348540115318,20.722409124069191
-0.0115,-0.020500000000000001,43.82397160418563,26.294382962511378
-0.010999999999999999,-0.020500000000000001,54.705843341143677,32.823506004686202
-0.010499999999999999,-0.020500000000000001,67.216983694909047,40.330190216945425
-0.010000000000000002,-0.020500000000000001,81.347241477107517,48.808344886264507
-0.0095000000000000015,-0.020500000000000001,97.049739883719297,58.229843930231574
-0.0090000000000000011,-0.020500000000000001,114.25523866535578,68.553143199213466
-0.0085000000000000006,-0.020500000000000001,132.89146149871931,79.73487689923158
-0.0080000000000000002,-0.020500000000000001,152.90366759933713,91.742200559602267
-0.0074999999999999997,-0.020500000000000001,174.27135739383735,104.5628144363024
-0.0069999999999999993,-0.020500000000000001,197.0154564071436,118.20927384428616
-0.0064999999999999988,-0.020500000000000001,221.19099427439986,132.71459656463992
-0.0059999999999999984,-0.020500000000000001,246.86234732573345,148.11740839544007
-0.0054999999999999979,-0.020500000000000001,274.06139104321528,164.43683462592915
-0.005000000000000001,-0.020500000000000001,302.73291268512685,181.6397476110761
-0.0044999999999999971,-0.020500000000000001,332.6755701690991,199.60534210145946
-0.0040000000000000001,-0.020500000000000001,363.48960805380841,218.09376483228505
-0.0035000000000000031,-0.020500000000000001,394.54357864316739,236.72614718590043
-0.0029999999999999992,-0.020500000000000001,424.97089183348965,254.98253510009377
-0.0025000000000000022,-0.020500000000000001,453.7030547277916,272.22183283667493
-0.0019999999999999983,-0.020500000000000001,479.54047509458223,287.72428505674935
-0.0015000000000000013,-0.020500000000000001,501.25474671941851,300.75284803165107
-0.00099999999999999742,-0.020500000000000001,517.70981048605302,310.62588629163179
-0.00050000000000000044,-0.020500000000000001,527.98473315553395,316.79083989332037
0,-0.020500000000000001,531.47920182631708,318.88752109579025
0.00050000000000000044,-0.020500000000000001,527.98473226014437,316.79083935608662
0.0010000000000000009,-0.020500000000000001,517.70980853673711,310.62588512204223
0.0015000000000000013,-0.020500000000000001,501.25474338657313,300.75284603194388
0.0020000000000000018,-0.020500000000000001,479.54046985363129,287.72428191217875
0.0024999999999999988,-0.020500000000000001,453.70304682634435,272.22182809580659
0.0030000000000000027,-0.020500000000000001,424.97088025346989,254.98252815208193
0.0034999999999999996,-0.020500000000000001,394.54356206349956,236.72613723809974
0.0040000000000000036,-0.020500000000000001,363.48958482091086,218.09375089254652
0.0045000000000000005,-0.020500000000000001,332.67553828388094,199.60532297032856
0.0049999999999999975,-0.020500000000000001,302.73286981593208,181.63972188955924
0.0055000000000000014,-0.020500000000000001,274.06133457383868,164.43680074430321
0.0059999999999999984,-0.020500000000000001,246.86227444578265,148.11736466746959
0.0064999999999999988,-0.020500000000000001,221.19090211567556,132.71454126940532
0.0069999999999999993,-0.020500000000000001,197.01534222443078,118.20920533465846
0.0074999999999999997,-0.020500000000000001,174.27121878190837,104.56273126914502
0.0080000000000000002,-0.020500000000000001,152.90350273090121,91.742101638540717
0.0085000000000000006,-0.020500000000000001,132.89126936163092,79.734761616978545
0.0090000000000000011,-0.020500000000000001,114.25501927288771,68.553011563732625
0.0095000000000000015,-0.020500000000000001,97.049494430315136,58.229696658189077
0.010000000000000002,-0.020500000000000001,81.346972414560511,48.808183448736308
0.010500000000000002,-0.020500000000000001,67.216694710585429,40.330016826351255
0.011000000000000003,-0.020500000000000001,54.705539230117623,32.823323538070575
0.011500000000000003,-0.020500000000000001,43.823658039680495,26.294194823808297
0.012000000000000004,-0.020500000000000001,34.537031759591983,20.72221905575519
0.012499999999999997,-0.020500000000000001,26.767175536617273,16.060305321970365
0.013000000000000005,-0.020500000000000001,20.396886232219444,12.238131739331665
0.013499999999999998,-0.020500000000000001,15.280110808307352,9.1680664849844113
0.014000000000000005,-0.020500000000000001,11.25375666166526,6.7522539969991557
0.014499999999999999,-0.020500000000000001,8.149457538804338,4.8896745232826024
0.014999999999999999,-0.020500000000000001,5.8037935826579057,3.4822761495947434
0.0155,-0.020500000000000001,4.0660697583235264,2.4396418549941159
0.016000000000000007,-0.020500000000000001,2.8033393245087219,1.6820035947052332
0.016500000000000001,-0.020500000000000001,1.9028223752844402,1.1416934251706641
0.017000000000000001,-0.020500000000000001,1.2721704579593229,0.76330227477559376
0.017500000000000002,-0.020500000000000001,0.83816772688758789,0.50290063613255276
0.017999999999999995,-0.020500000000000001,0.54446714369998994,0.32668028621999395
0.018500000000000003,-0.020500000000000001,0.3488803295763469,0.20932819774580813
0.019000000000000003,-0.020500000000000001,0.2206154711253028,0.13236928267518167
0.019500000000000003,-0.020500000000000001,0.13772463133487817,0.0826347788009269
0.019999999999999997,-0.020500000000000001,0.08490356557708377,0.050942139346250262
0.020499999999999997,-0.020500000000000001,0.051695686165431472,0.031017411699258882
0.021000000000000005,-0.020500000000000001,0.031089928925498347,0.018653957355299008
0.021500000000000005,-0.020500000000000001,0.018466762070798115,0.011080057242478869
0.021999999999999999,-0.020500000000000001,0.010831360700211928,0.0064988164201271572
0.022499999999999999,-0.020500000000000001,0.0062713939823435044,0.0037628363894061023
0.023000000000000007,-0.020500000000000001,0.0035831164007529472,0.0021498698404517681
0.023500000000000007,-0.020500000000000001,0.0020191524464706358,0.0012114914678823814
0.024,-0.020500000000000001,0.0011216641755929803,0.0006729985053557882
0.024500000000000001,-0.020500000000000001,0.00061390995184189571,0.0003683459711051374
0.025000000000000001,-0.020500000000000001,0.00033086763770984331,0.00019852058262590598
-0.025000000000000001,-0.02,0.0005765013654237377,0.00034590081925424263
-0.024500000000000001,-0.02,0.0010647974178310082,0.00063887845069860491
-0.024,-0.02,0.0019355671865051577,0.0011613403119030946
-0.0235,-0.02,0.0034646541215301234,0.0020787924729180739
-0.023,-0.02,0.0061102965582218987,0.0036661779349331392
-0.022500000000000003,-0.02,0.010623144835354313,0.0063738869012125877
-0.022000000000000002,-0.02,0.01821622561127028,0.010929735366762167
-0.021500000000000002,-0.02,0.030823568355575256,0.018494141013345154
-0.021000000000000001,-0.02,0.051487300147755551,0.030892380088653328
-0.020500000000000001,-0.02,0.084926450709708751,0.05095587042582525
-0.02,-0.02,0.13835551362590923,0.08301330817554553
-0.0195,-0.02,0.22263468373871206,0.13358081024322724
-0.019,-0.02,0.35384248067613733,0.21230548840568239
-0.018500000000000003,-0.02,0.55535878442030862,0.33321527065218515
-0.018000000000000002,-0.02,0.86052358916818228,0.51631415350090937
-0.017500000000000002,-0.02,1.3158841716035719,0.78953050296214311
-0.017000000000000001,-0.02,1.9849517717613505,1.1909710630568102
-0.016500000000000001,-0.02,2.9522533663204098,1.7713520197922459
-0.016,-0.02,4.3272884634051625,2.5963730780430976
-0.0155,-0.02,6.2478024659026685,3.748681479541601
-0.015000000000000001,-0.02,8.8816017563346303,5.3289610538007777
-0.014500000000000001,-0.02,12.426013691672946,7.4556082150037675
-0.014,-0.02,17.104102173357337,10.262461304014401
-0.0135,-0.02,23.15695166451599,13.894170998709594
-0.012999999999999999,-0.02,30.831775680377088,18.499065408226251
-0.012500000000000001,-0.02,40.366293330996257,24.219775998597754
-0.012,-0.02,51.97068781407053,31.182412688442316
-0.0115,-0.02,65.809374340264,39.485624604158396
-0.010999999999999999,-0.02,81.985550014814152,49.191330008888492
-0.010499999999999999,-0.02,100.5318209802461,60.319092588147655
-0.010000000000000002,-0.02,121.40986312225124,72.845917873350743
-0.0095000000000000015,-0.02,144.52092082171708,86.712552493030245
-0.0090000000000000011,-0.02,169.72699698600564,101.83619819160339
-0.0085000000000000006,-0.02,196.88006895824452,118.1280413749467
-0.0080000000000000002,-0.02,225.85403767517224,135.51242260510332
-0.0074999999999999997,-0.02,256.5720113522155,153.9432068113293
-0.0069999999999999993,-0.02,289.02061811741407,173.41237087044843
-0.0064999999999999988,-0.02,323.24388892983671,193.94633335790203
-0.0059999999999999984,-0.02,359.31210024791244,215.58726014874745
-0.0054999999999999979,-0.02,397.26561180760933,238.35936708456558
-0.005000000000000001,-0.02,437.03947194974444,262.22368316984665
-0.0044999999999999971,-0.02,478.38025687125679,287.02815412275407
-0.0040000000000000001,-0.02,520.77090731669,312.46254439001399
-0.0035000000000000031,-0.02,563.38096191702095,338.02857715021258
-0.0029999999999999992,-0.02,605.05772427274394,363.03463456364636
-0.0025000000000000022,-0.02,644.36841336841735,386.6210480210504
-0.0019999999999999983,-0.02,679.69494978334137,407.81696987000481
-0.0015000000000000013,-0.02,709.37321405127864,425.62392843076719
-0.00099999999999999742,-0.02,731.85936557508182,439.11561934504908
-0.00050000000000000044,-0.02,745.8991787186111,447.53950723116662
0,-0.02,750.67395510726067,450.40437306435638
0.00050000000000000044,-0.02,745.89917667230975,447.53950600338584
0.0010000000000000009,-0.02,731.8593611201627,439.11561667209759
0.0015000000000000013,-0.02,709.37320643447322,425.62392386068393
0.0020000000000000018,-0.02,679.69493780579796,407.81696268347878
0.0024999999999999988,-0.02,644.36839531063879,386.62103718638326
0.0030000000000000027,-0.02,605.05769780804371,363.03461868482623
0.0034999999999999996,-0.02,563.3809240262442,338.0285544157465
0.0040000000000000036,-0.02,520.77085422078164,312.46251253246896
0.0045000000000000005,-0.02,478.38018400154124,287.02811040092473
0.0049999999999999975,-0.02,437.03937397751042,262.22362438650623
0.0055000000000000014,-0.02,397.26548275384528,238.35928965230715
0.0059999999999999984,-0.02,359.31193368981405,215.58716021388844
0.0064999999999999988,-0.02,323.24367831248958,193.94620698749375
0.0069999999999999993,-0.02,289.02035716696963,173.41221430018177
0.0074999999999999997,-0.02,256.57169457182385,153.94301674309432
0.0080000000000000002,-0.02,225.85366088878664,135.51219653327198
0.0085000000000000006,-0.02,196.87962985273174,118.12777791163904
0.0090000000000000011,-0.02,169.72649559169949,101.8358973550197
0.0095000000000000015,-0.02,144.52035986837001,86.712215921022008
0.010000000000000002,-0.02,121.40924821313308,72.845548927879847
0.010500000000000002,-0.02,100.53116054237564,60.318696325425385
0.011000000000000003,-0.02,81.984855006739323,49.190913004043594
0.011500000000000003,-0.02,65.808657727433669,39.4851946364602
0.012000000000000004,-0.02,51.969963851429078,31.181978310857446
0.012499999999999997,-0.02,40.365576718165997,24.219346030899597
0.013000000000000005,-0.02,30.831080672301979,18.498648403381186
0.013499999999999998,-0.02,23.156291226644942,13.893774735986964
0.014000000000000005,-0.02,17.103487264237209,10.262092358542326
0.014499999999999999,-0.02,12.425452738321306,7.4552716429927832
0.014999999999999999,-0.02,8.881100362017353,5.3286602172104116
0.0155,-0.02,6.2473633603641847,3.7484180162185106
0.016000000000000007,-0.02,4.3269116769608198,2.596147006176492
0.016500000000000001,-0.02,2.9519365857971311,1.7711619514782786
0.017000000000000001,-0.02,1.9846908210282406,1.1908144926169444
0.017500000000000002,-0.02,1.3156735536357851,0.78940413218147099
0.017999999999999995,-0.02,0.86035702976267592,0.51621421785760557
0.018500000000000003,-0.02,0.55522972795878678,0.33313783677527203
0.019000000000000003,-0.02,0.35374450298701293,0.21224670179220775
0.019500000000000003,-0.02,0.22256180321612729,0.13353708192967637
0.019999999999999997,-0.02,0.13830239673930805,0.082981438043584835
0.020499999999999997,-0.02,0.084888520032910281,0.050933112019746166
0.021000000000000005,-0.02,0.051460761094875178,0.030876456656925105
0.021500000000000005,-0.02,0.030805374820390318,0.018483224892234189
0.021999999999999999,-0.02,0.018204005205755904,0.010922403123453541
0.022499999999999999,-0.02,0.010615102336877513,0.006369061402126508
0.023000000000000007,-0.02,0.0061051105499583536,0.0036630663299750121
0.023500000000000007,-0.02,0.0034613776057125178,0.0020768265634275107
0.024,-0.02,0.001933538905233274,0.0011601233431399645
0.024500000000000001,-0.02,0.0010635672030530887,0.0006381403218318532
0.025000000000000001,-0.02,0.00057577027592463175,0.00034546216555477903
-0.025000000000000001,-0.0195,0.000987213699359286,0.00059232821961557154
-0.024500000000000001,-0.0195,0.001816167249563082,0.0010897003497378492
-0.024,-0.0195,0.0032866268885740455,0.0019719761331444272
-0.0235,-0.0195,0.0058535630626325467,0.0035121378375795281
-0.023,-0.0195,0.010266002944644368,0.0061596017667866201
-0.022500000000000003,-0.0195,0.017739206297995778,0.010643523778797466
-0.022000000000000002,-0.0195,0.030217360788197322,0.018130416472918392
-0.021500000000000002,-0.0195,0.0507685482789592,0.030461128967375517
-0.021000000000000001,-0.0195,0.084169337370737021,0.050501602422442213
-0.020500000000000001,-0.0195,0.13775517313418573,0.082653103880511433
-0.02,-0.0195,0.22263338598974988,0.13358003159384993
-0.0195,-0.0195,0.3553748853759417,0.21322493122556502
-0.019,-0.0195,0.56031255313472439,0.33618753188083461
-0.018500000000000003,-0.0195,0.87256989979257793,0.52354193987554676
-0.018000000000000002,-0.0195,1.3419104144114173,0.80514624864685036
-0.017500000000000002,-0.0195,2.0374219812593912,1.2224531887556347
-0.017000000000000001,-0.0195,3.0529184506874576,1.8317510704124744
-0.016500000000000001,-0.0195,4.5127444675060815,2.707646680503649
-0.016,-0.0195,6.5774149528399359,3.9464489717039615
-0.0155,-0.0195,9.4482318050345597,5.668939083020736
-0.015000000000000001,-0.0195,13.369747211368422,8.0218483268210523
-0.014500000000000001,-0.0195,18.62876125485792,11.177256752914753
-0.014,-0.0195,25.548545933945459,15.329127560367274
-0.0135,-0.0195,34.47727426184349,20.686364557106092
-0.012999999999999999,-0.0195,45.770271120505946,27.462162672303567
-0.012500000000000001,-0.0195,59.766700252924977,35.860020151754988
-0.012,-0.0195,76.762573541277163,46.057544124766295
-0.0115,-0.0195,96.983315733757451,58.189989440254465
-0.010999999999999999,-0.0195,120.56023514089621,72.336141084537729
-0.010499999999999999,-0.0195,147.51577045667702,88.509462274006211
-0.010000000000000002,-0.0195,177.76195482761244,106.65717289656746
-0.0095000000000000015,-0.0195,211.11493376205485,126.6689602572329
-0.0090000000000000011,-0.0195,247.32560068398095,148.39536041038858
-0.0085000000000000006,-0.0195,286.12279362573003,171.673676175438
-0.0080000000000000002,-0.0195,327.26167657203047,196.35700594321827
-0.0074999999999999997,-0.0195,370.56680647641235,222.34008388584741
-0.0069999999999999993,-0.0195,415.95793487602481,249.57476092561487
-0.0064999999999999988,-0.0195,463.44761532010517,278.06856919206308
-0.0059999999999999984,-0.0195,513.10355758647427,307.86213455188454
-0.0054999999999999979,-0.0195,564.97512283464107,338.98507370078465
-0.005000000000000001,-0.0195,618.99141249200761,371.39484749520454
-0.0044999999999999971,-0.0195,674.84647990378107,404.90788794226864
-0.0040000000000000001,-0.0195,731.89338210723201,439.13602926433919
-0.0035000000000000031,-0.0195,789.07130026735581,473.44278016041346
-0.0029999999999999992,-0.0195,844.88759640349701,506.93255784209816
-0.0025000000000000022,-0.0195,897.46923614500065,538.48154168700034
-0.0019999999999999983,-0.0195,944.68646863831316,566.81188118298792
-0.0015000000000000013,-0.0195,984.33807897149768,590.60284738289863
-0.00099999999999999742,-0.0195,1014.3746787002577,608.62480722015459
-0.00050000000000000044,-0.0195,1033.1272307317761,619.87633843906565
0,-0.0195,1039.5045764090416,623.70274584542494
0.00050000000000000044,-0.0195,1033.1272261496815,619.87633568980891
0.0010000000000000009,-0.0195,1014.3746687247659,608.62480123485955
0.0015000000000000013,-0.0195,984.33806191588315,590.60283714952982
0.0020000000000000018,-0.0195,944.68644181809668,566.81186509085796
0.0024999999999999988,-0.0195,897.4691957098695,538.48151742592165
0.0030000000000000027,-0.0195,844.88753714351583,506.93252228610947
0.0034999999999999996,-0.0195,789.07121542200696,473.44272925320416
0.0040000000000000036,-0.0195,731.89326321442388,439.13595792865431
0.0045000000000000005,-0.0195,674.84631673329625,404.90779003997773
0.0049999999999999975,-0.0195,618.99119311175048,371.39471586705025
0.0055000000000000014,-0.0195,564.97483385635792,338.98490031381476
0.0059999999999999984,-0.0195,513.10318462816736,307.8619107769004
0.0064999999999999988,-0.0195,463.44714370395445,278.06828622237265
0.0069999999999999993,-0.0195,415.95735055357534,249.57441033214519
0.0074999999999999997,-0.0195,370.56609713907125,222.33965828344273
0.0080000000000000002,-0.0195,327.2608328687586,196.35649972125515
0.0085000000000000006,-0.0195,286.12181037693966,171.6730862261638
0.0090000000000000011,-0.0195,247.32447795759563,148.39468677455739
0.0095000000000000015,-0.0195,211.11367767055995,126.66820660233597
0.010000000000000002,-0.0195,177.76057791789708,106.65634675073825
0.010500000000000002,-0.0195,147.51429159859319,88.508574959155908
0.011000000000000003,-0.0195,120.55867887291738,72.335207323750424
0.011500000000000003,-0.0195,96.98171108822676,58.18902665293605
0.012000000000000004,-0.0195,76.760952437987058,46.056571462792235
0.012499999999999997,-0.0195,59.765095607394393,35.859057364436637
0.013000000000000005,-0.0195,45.768714852526479,27.461228911515885
0.013499999999999998,-0.0195,34.475795403758127,20.685477242254876
0.014000000000000005,-0.0195,25.547169024225592,15.328301414535355
0.014499999999999999,-0.0195,18.627505163352648,11.176503098011588
0.014999999999999999,-0.0195,13.368624484958309,8.0211746909749841
0.0155,-0.0195,9.447248556186528,5.6683491337119163
0.016000000000000007,-0.0195,6.5765712494363555,3.9459427496618131
0.016500000000000001,-0.0195,4.5120351298701422,2.7072210779220853
0.017000000000000001,-0.0195,3.0523341275914362,1.8314004765548617
0.017500000000000002,-0.0195,2.0369503637186086,1.2221702182311651
0.017999999999999995,-0.0195,1.3415374531771749,0.80492247190630495
0.018500000000000003,-0.0195,0.87228091546875774,0.52336854928125465
0.019000000000000003,-0.0195,0.5600931606617956,0.33605589639707734
0.019500000000000003,-0.0195,0.35521169069130315,0.21312701441478188
0.019999999999999997,-0.0195,0.22251444620652047,0.13350866772391229
0.020499999999999997,-0.0195,0.1376702384408168,0.082602143064490083
0.021000000000000005,-0.0195,0.084109910898315876,0.050465946538989524
0.021500000000000005,-0.0195,0.050727809160582026,0.030436685496349213
0.021999999999999999,-0.0195,0.03018999675246653,0.018113998051479917
0.022499999999999999,-0.0195,0.017721197467157456,0.010632718480294474
0.023000000000000007,-0.0195,0.010254390390931942,0.0061526342345591652
0.023500000000000007,-0.0195,0.0058462262606091111,0.0035077357563654665
0.024,-0.0195,0.003282085143937942,0.001969251086362765
0.024500000000000001,-0.0195,0.0018134125421927012,0.0010880475253156206
0.025000000000000001,-0.0195,0.00098557663754882986,0.0005913459825292979
-0.025000000000000001,-0.019,0.0016622882626513287,0.00099737295759079708
-0.024500000000000001,-0.019,0.0030474507906671478,0.0018284704744002886
-0.024,-0.019,0.005492964469141005,0.0032957786814846028
-0.0235,-0.019,0.0097392963678140515,0.0058435778206884304
-0.023,-0.019,0.016995133689764446,0.010197080213858668
-0.022500000000000003,-0.019,0.02920342350424452,0.017522054102546713
-0.022000000000000002,-0.019,0.049441976427869606,0.029665185856721763
-0.021500000000000002,-0.019,0.082518022999533203,0.049510813799719923
-0.021000000000000001,-0.019,0.13583740416257128,0.081502442497542765
-0.020500000000000001,-0.019,0.2206546007279494,0.13239276043676965
-0.02,-0.019,0.35383768018477046,0.21230260811086227
-0.0195,-0.019,0.56030802692045023,0.33618481615227014
-0.019,-0.019,0.87633032325760929,0.52579819395456551
-0.018500000000000003,-0.019,1.3538210434137179,0.81229262604823071
-0.018000000000000002,-0.019,2.0657965575930715,1.2394779345558429
-0.017500000000000002,-0.019,3.1129747365320175,1.8677848419192105
-0.017000000000000001,-0.019,4.6313576874621578,2.7788146124772948
-0.016500000000000001,-0.019,6.8003468567014593,4.0802081140208752
-0.016,-0.019,9.850581421358747,5.9103488528152477
-0.0155,-0.019,14.070280503018481,8.4421683018110887
-0.015000000000000001,-0.019,19.808478897479375,11.885087338487624
-0.014500000000000001,-0.019,27.473281771334065,16.483969062800437
-0.014,-0.019,37.523260905722978,22.513956543433785
-0.0135,-0.019,50.450511569897095,30.270306941938255
-0.012999999999999999,-0.019,66.754786757288556,40.052872054373132
-0.012500000000000001,-0.019,86.909540756063905,52.145724453638344
-0.012,-0.019,111.32253077346463,66.793518464078772
-0.0115,-0.019,140.29556649701124,84.177339898206739
-0.010999999999999999,-0.019,173.98963346548987,104.39378007929392
-0.010499999999999999,-0.019,212.4024241741385,127.44145450448309
-0.010000000000000002,-0.019,255.36478750915452,153.2188725054927
-0.0095000000000000015,-0.019,302.56041923418604,181.53625154051161
-0.0090000000000000011,-0.019,353.56925706212354,212.14155423727411
-0.0085000000000000006,-0.019,407.92994697497937,244.75796818498762
-0.0080000000000000002,-0.019,465.21130906294781,279.12678543776866
-0.0074999999999999997,-0.019,525.07820379486373,315.04692227691822
-0.0069999999999999993,-0.019,587.33495139890374,352.40097083934222
-0.0064999999999999988,-0.019,651.93063025577101,391.15837815346259
-0.0059999999999999984,-0.019,718.91572474532938,431.34943484719764
-0.0054999999999999979,-0.019,788.34837613265142,473.00902567959082
-0.005000000000000001,-0.019,860.15958596428129,516.09575157856875
-0.0044999999999999971,-0.019,933.99795131662881,560.39877078997722
-0.0040000000000000001,-0.019,1009.0832453759496,605.44994722556976
-0.0035000000000000031,-0.019,1084.1019130932698,650.46114785596183
-0.0029999999999999992,-0.019,1157.1746560087097,694.30479360522577
-0.0025000000000000022,-0.019,1225.9164144192073,735.54984865152437
-0.0019999999999999983,-0.019,1287.5935223626782,772.55611341760687
-0.0015000000000000013,-0.019,1339.3644110320795,803.61864661924767
-0.00099999999999999742,-0.019,1378.5727353066577,827.14364118399465
-0.00050000000000000044,-0.019,1403.0490963851651,841.82945783109903
0,-0.019,1411.3727271651592,846.82363629909548
0.00050000000000000044,-0.019,1403.0490863321709,841.82945179930255
0.0010000000000000009,-0.019,1378.5727134206925,827.14362805241547
0.0015000000000000013,-0.019,1339.3643736125139,803.6186241675083
0.0020000000000000018,-0.019,1287.5934635198337,772.55607811190021
0.0024999999999999988,-0.019,1225.9163257056002,735.54979542336014
0.0030000000000000027,-0.019,1157.1745259938812,694.30471559632872
0.0034999999999999996,-0.019,1084.1017269448218,650.46103616689311
0.0040000000000000036,-0.019,1009.0829845282798,605.44979071696787
0.0045000000000000005,-0.019,933.9975933249093,560.39855599494558
0.0049999999999999975,-0.019,860.1591046498088,516.09546278988523
0.0055000000000000014,-0.019,788.34774212195555,473.00864527317333
0.0059999999999999984,-0.019,718.9149064846855,431.34894389081131
0.0064999999999999988,-0.019,651.92959554243146,391.15775732545887
0.0069999999999999993,-0.019,587.33366941093107,352.40020164655863
0.0074999999999999997,-0.019,525.07664752753112,315.04598851651866
0.0080000000000000002,-0.019,465.20945800032297,279.12567480019379
0.0085000000000000006,-0.019,407.9277897531843,244.75667385191056
0.0090000000000000011,-0.019,353.56679383018042,212.14007629810826
0.0095000000000000015,-0.019,302.55766340272618,181.53459804163569
0.010000000000000002,-0.019,255.36176660571979,153.21705996343186
0.010500000000000002,-0.019,212.39917959868475,127.43950775921084
0.011000000000000003,-0.019,173.98621905477748,104.39173143286648
0.011500000000000003,-0.019,140.2920459472318,84.175227568339082
0.012000000000000004,-0.019,111.318974115797,66.791384469478203
0.012499999999999997,-0.019,86.906020206284524,52.143612123770716
0.013000000000000005,-0.019,66.75137234657474,40.05082340794484
0.013499999999999998,-0.019,50.447266994439964,30.268360196663977
0.014000000000000005,-0.019,37.52024000227874,22.512144001367243
0.014499999999999999,-0.019,27.470525939851481,16.482315563910888
0.014999999999999999,-0.019,19.806015665482057,11.883609399289234
0.0155,-0.019,14.068123281096963,8.4408739686581775
0.016000000000000007,-0.019,9.8487303584451453,5.909238215067087
0.016500000000000001,-0.019,6.7987905887220279,4.0792743532332167
0.017000000000000001,-0.019,4.6300756980710593,2.7780454188426353
0.017500000000000002,-0.019,3.111940020142991,1.8671640120857944
0.017999999999999995,-0.019,2.0649782905267027,1.2389869743160216
0.018500000000000003,-0.019,1.3531870194638635,0.81191221167831806
0.019000000000000003,-0.019,0.87584898198478145,0.52550938919086887
0.019500000000000003,-0.019,0.55994998210617797,0.33596998926370675
0.019999999999999997,-0.019,0.35357672945166069,0.21214603767099641
0.020499999999999997,-0.019,0.2204682562610322,0.1322809537566193
0.021000000000000005,-0.019,0.135707024056577,0.081424214433946193
0.021500000000000005,-0.019,0.082428642453192119,0.049457185471915271
0.021999999999999999,-0.019,0.049381940458483063,0.029629164275089836
0.022499999999999999,-0.019,0.029163912606527152,0.01749834756391629
0.023000000000000007,-0.019,0.016969656054592733,0.010181793632755639
0.023500000000000007,-0.019,0.0097231996185623854,0.0058339197711374307
0.024,-0.019,0.0054830000017424196,0.0032898000010454518
0.024500000000000001,-0.019,0.0030414070356821936,0.0018248442214093162
0.025000000000000001,-0.019,0.0016586965924129495,0.00099521795544776958
-0.025000000000000001,-0.018500000000000003,0.0027510948764180999,0.0016506569258508599
-0.024500000000000001,-0.018500000000000003,0.0050281879627460365,0.0030169127776476217
-0.024,-0.018500000000000003,0.0090315895226855038,0.0054189537136113018
-0.0235,-0.018500000000000003,0.015949884200348482,0.0095699305202090884
-0.023,-0.018500000000000003,0.027707833083062273,0.016624699849837363
-0.022500000000000003,-0.018500000000000003,0.047372344164275298,0.028423406498565177
-0.022000000000000002,-0.018500000000000003,0.079755488940732269,0.047853293364439359
-0.021500000000000002,-0.018500000000000003,0.13229717897285892,0.079378307383715346
-0.021000000000000001,-0.018500000000000003,0.21633820598269488,0.12980292358961693
-0.020500000000000001,-0.018500000000000003,0.34892775438578161,0.20935665263146896
-0.02,-0.018500000000000003,0.55534573533435205,0.33320744120061124
-0.0195,-0.018500000000000003,0.87255350263908904,0.52353210158345342
-0.019,-0.018500000000000003,1.353805900869814,0.81228354052188834
-0.018500000000000003,-0.018500000000000003,2.0746461934177454,1.2447877160506471
-0.018000000000000002,-0.018500000000000003,3.1404399245438706,1.8842639547263222
-0.017500000000000002,-0.018500000000000003,4.6954565944259201,2.8172739566555518
-0.017000000000000001,-0.018500000000000003,6.9332526351785626,4.159951581107137
-0.016500000000000001,-0.018500000000000003,10.107729445508754,6.0646376673052522
-0.016,-0.018500000000000003,14.54374345296919,8.7262460717815138
-0.0155,-0.018500000000000003,20.645576523814874,12.387345914288924
-0.015000000000000001,-0.018500000000000003,28.901029429754438,17.340617657852661
-0.014500000000000001,-0.018500000000000003,39.878526037070934,23.92711562224256
-0.014,-0.018500000000000003,54.214598886518587,32.528759331911154
-0.0135,-0.018500000000000003,72.589661939205484,43.553797163523292
-0.012999999999999999,-0.018500000000000003,95.691209628578761,57.414725777147254
-0.012500000000000001,-0.018500000000000003,124.16554273801621,74.499325642809723
-0.012,-0.018500000000000003,158.56165781142661,95.136994686855971
-0.0115,-0.018500000000000003,199.27367033048577,119.56420219829145
-0.010999999999999999,-0.018500000000000003,246.49048061500378,147.89428836900225
-0.010499999999999999,-0.018500000000000003,300.16260857366547,180.09756514419928
-0.010000000000000002,-0.018500000000000003,359.99551201125757,215.99730720675453
-0.0095000000000000015,-0.018500000000000003,425.47578452403911,255.28547071442347
-0.0090000000000000011,-0.018500000000000003,495.93137003366911,297.55882202020143
-0.0085000000000000006,-0.018500000000000003,570.61990480047973,342.3719428802878
-0.0080000000000000002,-0.018500000000000003,648.83171830327967,389.2990309819678
-0.0074999999999999997,-0.018500000000000003,729.9876049922766,437.99256299536597
-0.0069999999999999993,-0.018500000000000003,813.70810483464459,488.22486290078672
-0.0064999999999999988,-0.018500000000000003,899.83229222153398,539.89937533292039
-0.0059999999999999984,-0.018500000000000003,988.37076256902003,593.022457541412
-0.0054999999999999979,-0.018500000000000003,1079.3892179337802,647.63353076026806
-0.005000000000000001,-0.018500000000000003,1172.834026710538,703.70041602632273
-0.0044999999999999971,-0.018500000000000003,1268.3264381202907,760.99586287217437
-0.0040000000000000001,-0.018500000000000003,1364.9642120240728,818.97852721444372
-0.0035000000000000031,-0.018500000000000003,1461.1749026100854,876.70494156605116
-0.0029999999999999992,-0.018500000000000003,1554.6616112449444,932.79696674696663
-0.0025000000000000022,-0.018500000000000003,1642.4692194309528,985.48153165857161
-0.0019999999999999983,-0.018500000000000003,1721.1786308013773,1032.7071784808263
-0.0015000000000000013,-0.018500000000000003,1787.2121133122866,1072.3272679873719
-0.00099999999999999742,-0.018500000000000003,1837.2094705498887,1102.3256823299332
-0.00050000000000000044,-0.018500000000000003,1868.417708525219,1121.0506251151314
0,-0.018500000000000003,1879.0302590073613,1127.4181554044167
0.00050000000000000044,-0.018500000000000003,1868.4176869147766,1121.0506121488659
0.0010000000000000009,-0.018500000000000003,1837.2094235026732,1102.325654101604
0.0015000000000000013,-0.018500000000000003,1787.2120328732294,1072.3272197239376
0.0020000000000000018,-0.018500000000000003,1721.1785043097202,1032.707102585832
0.0024999999999999988,-0.018500000000000003,1642.4690287275412,985.48141723652463
0.0030000000000000027,-0.018500000000000003,1554.6613317582655,932.79679905495925
0.0034999999999999996,-0.018500000000000003,1461.1745024556396,876.70470147338381
0.0040000000000000036,-0.018500000000000003,1364.9636512922721,818.97819077536326
0.0045000000000000005,-0.018500000000000003,1268.3256685625563,760.9954011375338
0.0049999999999999975,-0.018500000000000003,1172.8329920517604,703.69979523105621
0.0055000000000000014,-0.018500000000000003,1079.3878550312097,647.63271301872578
0.0059999999999999984,-0.018500000000000003,988.36900359311949,593.02140215587167
0.0064999999999999988,-0.018500000000000003,899.83006794759171,539.89804076855501
0.0069999999999999993,-0.018500000000000003,813.70534900621101,488.22320940372657
0.0074999999999999997,-0.018500000000000003,729.98425955857749,437.99055573514647
0.0080000000000000002,-0.018500000000000003,648.82773916219401,389.29664349731638
0.0085000000000000006,-0.018500000000000003,570.61526752361988,342.36916051417194
0.0090000000000000011,-0.018500000000000003,495.92607494138173,297.55564496482901
0.0095000000000000015,-0.018500000000000003,425.46986044451819,255.28191626671091
0.010000000000000002,-0.018500000000000003,359.98901811914811,215.99341087148886
0.010500000000000002,-0.018500000000000003,300.15563386447911,180.09338031868745
0.011000000000000003,-0.018500000000000003,246.48314081905767,147.8898844914346
0.011500000000000003,-0.018500000000000003,199.26610237244719,119.55966142346831
0.012000000000000004,-0.018500000000000003,158.55401223398175,95.132407340389051
0.012499999999999997,-0.018500000000000003,124.15797477997718,74.494784867986311
0.013000000000000005,-0.018500000000000003,95.683869832629611,57.410321899577767
0.013499999999999998,-0.018500000000000003,72.582687230011658,43.549612338006995
0.014000000000000005,-0.018500000000000003,54.208104994388698,32.524862996633217
0.014499999999999999,-0.018500000000000003,39.872601957501153,23.923561174500691
0.014999999999999999,-0.018500000000000003,28.895734337350174,17.337440602410105
0.0155,-0.018500000000000003,20.640939246683274,12.384563548009965
0.016000000000000007,-0.018500000000000003,14.539764311262596,8.723858586757558
0.016500000000000001,-0.018500000000000003,10.104384010419462,6.0626304062516772
0.017000000000000001,-0.018500000000000003,6.9304968036959576,4.1582980822175744
0.017500000000000002,-0.018500000000000003,4.6932323139285499,2.8159393883571298
0.017999999999999995,-0.018500000000000003,3.1386809348374403,1.883208560902464
0.018500000000000003,-0.018500000000000003,2.0732832623561666,1.2439699574137
0.019000000000000003,-0.018500000000000003,1.3527711844807813,0.81166271068846874
0.019500000000000003,-0.018500000000000003,0.87178383076956767,0.52307029846174058
0.019999999999999997,-0.018500000000000003,0.55478478198270287,0.33287086918962172
0.020499999999999997,-0.018500000000000003,0.34852717856814541,0.20911630714088725
0.021000000000000005,-0.018500000000000003,0.21605793408395677,0.12963476045037406
0.021500000000000005,-0.018500000000000003,0.13210504187309033,0.079263025123854192
0.021999999999999999,-0.018500000000000003,0.07962643247920996,0.047775859487525975
0.022499999999999999,-0.018500000000000003,0.047287409470905782,0.028372445682543469
0.023000000000000007,-0.018500000000000003,0.02765306502523272,0.01659183901513963
0.023500000000000007,-0.018500000000000003,0.015915281785801705,0.0095491690714810222
0.024,-0.018500000000000003,0.0090101693821171489,0.0054061016292702895
0.024500000000000001,-0.018500000000000003,0.0050151959907559643,0.0030091175944535783
0.025000000000000001,-0.018500000000000003,0.0027433740341187762,0.0016460244204712657
-0.025000000000000001,-0.018000000000000002,0.0044735324275171091,0.0026841194565102654
-0.024500000000000001,-0.018000000000000002,0.0081545992625497842,0.0048927595575298704
-0.024,-0.018000000000000002,0.014602493282899679,0.0087614959697398069
-0.0235,-0.018000000000000002,0.025697996397254182,0.015418797838352509
-0.023,-0.018000000000000002,0.044464488565624759,0.026678693139374855
-0.022500000000000003,-0.018000000000000002,0.075679843063114288,0.045407905837868572
-0.022000000000000002,-0.018000000000000002,0.12677270109985672,0.076063620659914025
-0.021500000000000002,-0.018000000000000002,0.2091154643530086,0.12546927861180515
-0.021000000000000001,-0.018000000000000002,0.33986199412120943,0.20391719647272566
-0.020500000000000001,-0.018000000000000002,0.54451994016349092,0.32671196409809455
-0.02,-0.018000000000000002,0.86049269882718282,0.51629561929630963
-0.0195,-0.018000000000000002,1.341866765749032,0.80512005944941911
-0.019,-0.018000000000000002,2.0657428359875918,1.2394457015925551
-0.018500000000000003,-0.018000000000000002,3.1403913349400696,1.8842348009640417
-0.018000000000000002,-0.018000000000000002,4.7154244286917413,2.8292546572150448
-0.017500000000000002,-0.018000000000000002,6.9939800758006463,4.1963880454803872
-0.017000000000000001,-0.018000000000000002,10.246573185913231,6.1479439115479382
-0.016500000000000001,-0.018000000000000002,14.825761439428829,8.8954568636572979
-0.016,-0.018000000000000002,21.180106520919022,12.708063912551413
-0.0155,-0.018000000000000002,29.865143864542794,17.919086318725675
-0.015000000000000001,-0.018000000000000002,41.548331341364637,24.928998804818782
-0.014500000000000001,-0.018000000000000002,57.004427903652953,34.20265674219177
-0.014,-0.018000000000000002,77.097711726008328,46.258627035604995
-0.0135,-0.018000000000000002,102.74815066227275,61.648890397363644
-0.012999999999999999,-0.018000000000000002,134.88029127824996,80.928174766949965
-0.012500000000000001,-0.018000000000000002,174.35628681090762,104.61377208654457
-0.012,-0.018000000000000002,221.89794268942848,133.13876561365709
-0.0115,-0.018000000000000002,278.00641857861109,166.80385114716665
-0.010999999999999999,-0.018000000000000002,342.89149014778457,205.73489408867073
-0.010499999999999999,-0.018000000000000002,416.4240533028489,249.85443198170933
-0.010000000000000002,-0.018000000000000002,498.12487644800706,298.87492586880421
-0.0095000000000000015,-0.018000000000000002,587.19879962121081,352.31927977272647
-0.0090000000000000011,-0.018000000000000002,682.61656565301837,409.56993939181103
-0.0085000000000000006,-0.018000000000000002,783.23698747621563,469.94219248572938
-0.0080000000000000002,-0.018000000000000002,887.95181721237941,532.7710903274276
-0.0074999999999999997,-0.018000000000000002,995.82678221072649,597.49606932643587
-0.0069999999999999993,-0.018000000000000002,1106.2073360746583,663.72440164479497
-0.0064999999999999988,-0.018000000000000002,1218.7589084958179,731.2553450974907
-0.0059999999999999984,-0.018000000000000002,1333.4199431959898,800.05196591759386
-0.0054999999999999979,-0.018000000000000002,1450.2613109025372,870.15678654152225
-0.005000000000000001,-0.018000000000000002,1569.2654854387329,941.55929126323963
-0.0044999999999999971,-0.018000000000000002,1690.0593150286732,1014.0355890172038
-0.0040000000000000001,-0.018000000000000002,1811.6505900605453,1086.9903540363271
-0.0035000000000000031,-0.018000000000000002,1932.2264013830145,1159.3358408298086
-0.0029999999999999992,-0.018000000000000002,2049.0674031406475,1229.4404418843885
-0.0025000000000000022,-0.018000000000000002,2158.6158383557809,1295.1695030134686
-0.0019999999999999983,-0.018000000000000002,2256.708732158264,1354.0252392949583
-0.0015000000000000013,-0.018000000000000002,2338.9558548121081,1403.3735128872647
-0.00099999999999999742,-0.018000000000000002,2401.2114921016982,1440.7268952610189
-0.00050000000000000044,-0.018000000000000002,2440.0665930815358,1464.0399558489214
0,-0.018000000000000002,2453.2789675104245,1471.9673805062546
0.00050000000000000044,-0.018000000000000002,2440.0665475650489,1464.0399285390292
0.0010000000000000009,-0.018000000000000002,2401.2113930096057,1440.7268358057634
0.0015000000000000013,-0.018000000000000002,2338.9556853892336,1403.3734112335401
0.0020000000000000018,-0.018000000000000002,2256.7084657381838,1354.0250794429103
0.0024999999999999988,-0.018000000000000002,2158.6154366912006,1295.1692620147203
0.0030000000000000027,-0.018000000000000002,2049.0668144783967,1229.440088687038
0.0034999999999999996,-0.018000000000000002,1932.2255585671155,1159.3353351402693
0.0040000000000000036,-0.018000000000000002,1811.6494090323667,1086.98964541942
0.0045000000000000005,-0.018000000000000002,1690.057694165778,1014.0346164994668
0.0049999999999999975,-0.018000000000000002,1569.2633062129939,941.55798372779634
0.0055000000000000014,-0.018000000000000002,1450.2584403210235,870.15506419261408
0.0059999999999999984,-0.018000000000000002,1333.416238394331,800.04974303659856
0.0064999999999999988,-0.018000000000000002,1218.7542236710906,731.25253420265437
0.0069999999999999993,-0.018000000000000002,1106.201531675775,663.72091900546491
0.0074999999999999997,-0.018000000000000002,995.81973596960484,597.49184158176286
0.0080000000000000002,-0.018000000000000002,887.9434362399661,532.76606174397966
0.0085000000000000006,-0.018000000000000002,783.22722032079218,469.93633219247528
0.0090000000000000011,-0.018000000000000002,682.60541298930627,409.56324779358374
0.0095000000000000015,-0.018000000000000002,587.18632216791843,352.31179330075105
0.010000000000000002,-0.018000000000000002,498.11119884033872,298.86671930420323
0.010500000000000002,-0.018000000000000002,416.40936298551082,249.84561779130649
0.011000000000000003,-0.018000000000000002,342.87603087503675,205.72561852502204
0.011500000000000003,-0.018000000000000002,277.99047874481727,166.79428724689035
0.012000000000000004,-0.018000000000000002,221.88183937158394,133.12910362295037
0.012499999999999997,-0.018000000000000002,174.34034697711229,104.60420818626737
0.013000000000000005,-0.018000000000000002,134.8648320054958,80.918899203297471
0.013499999999999998,-0.018000000000000002,102.73346034491834,61.640076206951001
0.014000000000000005,-0.018000000000000002,77.084034118297183,46.250420470978305
0.014499999999999999,-0.018000000000000002,56.991950450257484,34.195170270154492
0.014999999999999999,-0.018000000000000002,41.537178677407255,24.922307206444351
0.0155,-0.018000000000000002,29.855376708546682,17.913226025128008
0.016000000000000007,-0.018000000000000002,21.171725547197642,12.703035328318585
0.016500000000000001,-0.018000000000000002,14.818715195379887,8.8912291172279314
0.017000000000000001,-0.018000000000000002,10.240768780606915,6.1444612683641493
0.017500000000000002,-0.018000000000000002,6.9892952372671049,4.1935771423602626
0.017999999999999995,-0.018000000000000002,4.711719597953647,2.827031758772188
0.018500000000000003,-0.018000000000000002,3.1375206934164925,1.8825124160498954
0.019000000000000003,-0.018000000000000002,2.0635634889059835,1.2381380933435902
0.019500000000000003,-0.018000000000000002,1.3402456624588786,0.80414739747532715
0.019999999999999997,-0.018000000000000002,0.85931120401102279,0.51558672240661363
0.020499999999999997,-0.018000000000000002,0.5436762367599467,0.32620574205596803
0.021000000000000005,-0.018000000000000002,0.33927167802005725,0.20356300681203435
0.021500000000000005,-0.018000000000000002,0.20871078010127725,0.12522646806076634
0.021999999999999999,-0.018000000000000002,0.12650087896022219,0.075900527376133314
0.022499999999999999,-0.018000000000000002,0.075500951360919985,0.045300570816551991
0.023000000000000007,-0.018000000000000002,0.044349134630709518,0.026609480778425711
0.023500000000000007,-0.018000000000000002,0.025625115874669983,0.015375069524801988
0.024,-0.018000000000000002,0.014557377615137833,0.0087344265690826994
0.024500000000000001,-0.018000000000000002,0.0081272352268187964,0.0048763411360912773
0.025000000000000001,-0.018000000000000002,0.0044572705848412277,0.0026743623509047367
-0.025000000000000001,-0.017500000000000002,0.0071450691306624309,0.004287041478397458
-0.024500000000000001,-0.017500000000000002,0.012994367612781254,0.007796620567668752
-0.024,-0.017500000000000002,0.023207095530695377,0.013924257318417226
-0.0235,-0.017500000000000002,0.040715533795008578,0.024429320277005145
-0.023,-0.017500000000000002,0.070201869244574167,0.042121121546744501
-0.022500000000000003,-0.017500000000000002,0.11900915985881012,0.071405495915286069
-0.022000000000000002,-0.017500000000000002,0.19845701501584168,0.11907420900950499
-0.021500000000000002,-0.017500000000000002,0.32571123308170485,0.1954267398490229
-0.021000000000000001,-0.017500000000000002,0.52639983618883179,0.31583990171329906
-0.020500000000000001,-0.017500000000000002,0.83821795081242678,0.50293077048745605
-0.02,-0.017500000000000002,1.3158170141785603,0.78949020850713614
-0.0195,-0.017500000000000002,2.0373208030062102,1.2223924818037262
-0.019,-0.017500000000000002,3.1128347022092275,1.8677008213255364
-0.018500000000000003,-0.017500000000000002,4.6952877891124754,2.8171726734674851
-0.018000000000000002,-0.017500000000000002,6.9938305467917052,4.1962983280750228
-0.017500000000000002,-0.017500000000000002,10.289756431972624,6.1738538591835743
-0.017000000000000001,-0.017500000000000002,14.954475039462094,8.972685023677256
-0.016500000000000001,-0.017500000000000002,21.468406013768011,12.881043608260805
-0.016,-0.017500000000000002,30.438792994026496,18.263275796415897
-0.0155,-0.017500000000000002,42.613428556455126,25.568057133873076
-0.015000000000000001,-0.017500000000000002,58.886296349812632,35.331777809887576
-0.014500000000000001,-0.017500000000000002,80.290434914572302,48.174260948743381
-0.014,-0.017500000000000002,107.97324668004254,64.783948008025519
-0.0135,-0.017500000000000002,143.1503739307413,85.890224358444769
-0.012999999999999999,-0.017500000000000002,187.03642371123695,112.22185422674217
-0.012500000000000001,-0.017500000000000002,240.75432735104587,144.45259641062751
-0.012,-0.017500000000000002,305.2297235675772,183.13783414054632
-0.0115,-0.017500000000000002,381.08180529692805,228.64908317815681
-0.010999999999999999,-0.017500000000000002,468.52651822512553,281.11591093507531
-0.010499999999999999,-0.017500000000000002,567.31052794478933,340.38631676687356
-0.010000000000000002,-0.017500000000000002,676.69367492856247,406.01620495713746
-0.0095000000000000015,-0.017500000000000002,795.49278653154852,477.29567191892909
-0.0090000000000000011,-0.017500000000000002,922.19056573106161,553.31433943863692
-0.0085000000000000006,-0.017500000000000002,1055.1007584461995,633.06045506771966
-0.0080000000000000002,-0.017500000000000002,1192.5670037932953,715.54020227597709
-0.0074999999999999997,-0.017500000000000002,1333.160706098304,799.89642365898237
-0.0069999999999999993,-0.017500000000000002,1475.8363000406941,885.50178002441646
-0.0064999999999999988,-0.017500000000000002,1620.0033105065079,972.00198630390469
-0.0059999999999999984,-0.017500000000000002,1765.48517631805,1059.29110579083
-0.0054999999999999979,-0.017500000000000002,1912.3543733698602,1147.4126240219161
-0.005000000000000001,-0.017500000000000002,2060.6590259755335,1236.3954155853201
-0.0044999999999999971,-0.017500000000000002,2210.0829516586582,1326.0497709951949
-0.0040000000000000001,-0.017500000000000002,2359.6028132922202,1415.7616879753321
-0.0035000000000000031,-0.017500000000000002,2507.2168701768692,1504.3301221061215
-0.0029999999999999992,-0.017500000000000002,2649.8156385194352,1589.8893831116611
-0.0025000000000000022,-0.017500000000000002,2783.244589869129,1669.9467539214772
-0.0019999999999999983,-0.017500000000000002,2902.5755579365245,1741.5453347619148
-0.0015000000000000013,-0.017500000000000002,3002.5629763462334,1801.53778580774
-0.00099999999999999742,-0.017500000000000002,3078.2218847133458,1846.9331308280075
-0.00050000000000000044,-0.017500000000000002,3125.4356438725117,1875.2613863235069
0,-0.017500000000000002,3141.4895548687487,1884.893732921249
0.00050000000000000044,-0.017500000000000002,3125.4355499411417,1875.261329964685
0.0010000000000000009,-0.017500000000000002,3078.2216802191811,1846.9330081315086
0.0015000000000000013,-0.017500000000000002,3002.5626267119856,1801.5375760271913
0.0020000000000000018,-0.017500000000000002,2902.5750081312863,1741.5450048787718
0.0024999999999999988,-0.017500000000000002,2783.2437609627978,1669.9462565776787
0.0030000000000000027,-0.017500000000000002,2649.8144237101392,1589.8886542260834
0.0034999999999999996,-0.017500000000000002,2507.2151308762964,1504.3290785257777
0.0040000000000000036,-0.017500000000000002,2359.6003760304297,1415.7602256182579
0.0045000000000000005,-0.017500000000000002,2210.0796067196698,1326.0477640318018
0.0049999999999999975,-0.017500000000000002,2060.6545287554623,1236.3927172532774
0.0055000000000000014,-0.017500000000000002,1912.3484494141337,1147.4090696484802
0.0059999999999999984,-0.017500000000000002,1765.4775308006158,1059.2865184803695
0.0064999999999999988,-0.017500000000000002,1619.9936425370925,971.99618552225547
0.0069999999999999993,-0.017500000000000002,1475.8243216307962,885.49459297847773
0.0074999999999999997,-0.017500000000000002,1333.1461649259809,799.88769895558846
0.0080000000000000002,-0.017500000000000002,1192.549708165456,715.52982489927354
0.0085000000000000006,-0.017500000000000002,1055.0806021830695,633.04836130984165
0.0090000000000000011,-0.017500000000000002,922.16755022504924,553.30053013502948
0.0095000000000000015,-0.017500000000000002,795.46703708651148,477.28022225190688
0.010000000000000002,-0.017500000000000002,676.66544875142154,405.99926925085293
0.010500000000000002,-0.017500000000000002,567.28021186104957,340.36812711662975
0.011000000000000003,-0.017500000000000002,468.49461526507423,281.09676915904453
0.011500000000000003,-0.017500000000000002,381.04891061364998,228.62934636818997
0.012000000000000004,-0.017500000000000002,305.19649150587111,183.11789490352265
0.012499999999999997,-0.017500000000000002,240.72143266776399,144.43285960065839
0.013000000000000005,-0.017500000000000002,187.00452075117229,112.20271245070337
0.013499999999999998,-0.017500000000000002,143.12005784696731,85.872034708180379
0.014000000000000005,-0.017500000000000002,107.94502050281355,64.767012301688126
0.014499999999999999,-0.017500000000000002,80.264685469322359,48.158811281593415
0.014999999999999999,-0.017500000000000002,58.863280843293836,35.317968505976303
0.0155,-0.017500000000000002,42.593272292144,25.555963375286399
0.016000000000000007,-0.017500000000000002,30.421497363488815,18.252898418093288
0.016500000000000001,-0.017500000000000002,21.453864835403664,12.872318901242197
0.017000000000000001,-0.017500000000000002,14.942496616309016,8.9654979697854102
0.017500000000000002,-0.017500000000000002,10.280088434064631,6.168053060438778
0.017999999999999995,-0.017500000000000002,6.9861849693467244,4.1917109816080345
0.018500000000000003,-0.017500000000000002,4.6893637095426515,2.8136182257255906
0.019000000000000003,-0.017500000000000002,3.108337231725474,1.8650023390352843
0.019500000000000003,-0.017500000000000002,2.0339753679169079,1.2203852207501447
0.019999999999999997,-0.017500000000000002,1.3133787893968187,0.78802727363809122
0.020499999999999997,-0.017500000000000002,0.83647681871533686,0.50188609122920214
0.021000000000000005,-0.017500000000000002,0.52518161387655227,0.31510896832593133
0.021500000000000005,-0.017500000000000002,0.3248760951210003,0.19492565707260018
0.021999999999999999,-0.017500000000000002,0.19789606166419121,0.11873763699851472
0.022499999999999999,-0.017500000000000002,0.11863998500034081,0.071183991000204491
0.023000000000000007,-0.017500000000000002,0.069963815874441282,0.041978289524664765
0.023500000000000007,-0.017500000000000002,0.040565131868702725,0.024339079121221633
0.024,-0.017500000000000002,0.023113991322638593,0.013868394793583155
0.024500000000000001,-0.017500000000000002,0.012937897056046569,0.0077627382336279407
0.025000000000000001,-0.017500000000000002,0.0071115099247591974,0.0042669059548555181
-0.025000000000000001,-0.017000000000000001,0.011206300413360978,0.0067237802480165868
-0.024500000000000001,-0.017000000000000001,0.020339411333801575,0.012203646800280944
-0.024,-0.017000000000000001,0.036240535693461959,0.021744321416077173
-0.0235,-0.017000000000000001,0.063411704287792567,0.038047022572675539
-0.023,-0.017000000000000001,0.10899826189449263,0.065398957136695579
-0.022500000000000003,-0.017000000000000001,0.18412830468946489,0.11047698281367893
-0.022000000000000002,-0.017000000000000001,0.30582036047686173,0.18349221628611703
-0.021500000000000002,-0.017000000000000001,0.49965287928326046,0.29979172756995626
-0.021000000000000001,-0.017000000000000001,0.80343843685199201,0.48206306211119521
-0.020500000000000001,-0.017000000000000001,1.2722012603486628,0.76332075620919759
-0.02,-0.017000000000000001,1.9848144801868,1.1908886881120799
-0.0195,-0.017000000000000001,3.0527030769338062,1.8316218461602836
-0.019,-0.017000000000000001,4.6310398571696973,2.7786239143018183
-0.018500000000000003,-0.017000000000000001,6.9328217847413773,4.1596930708448259
-0.018000000000000002,-0.017000000000000001,10.246064518799427,6.1476387112796562
-0.017500000000000002,-0.017000000000000001,14.954033777397107,8.9724202664382648
-0.017000000000000001,-0.017000000000000001,21.55788086565169,12.934728519391014
-0.016500000000000001,-0.017000000000000001,30.700222086363432,18.420133251818058
-0.016,-0.017000000000000001,43.187101305214824,25.912260783128893
-0.0155,-0.017000000000000001,60.004488524907167,36.0026931149443
-0.015000000000000001,-0.017000000000000001,82.324196849535284,49.394518109721169
-0.014500000000000001,-0.017000000000000001,111.49317596687287,66.895905580123724
-0.014,-0.017000000000000001,148.99999867459664,89.399999204757975
-0.0135,-0.017000000000000001,196.41346891176806,117.84808134706083
-0.012999999999999999,-0.017000000000000001,255.29102586992983,153.17461552195789
-0.012500000000000001,-0.017000000000000001,327.05912615313179,196.23547569187906
-0.012,-0.017000000000000001,412.87376258949837,247.724257553699
-0.0115,-0.017000000000000001,513.47590042317677,308.08554025390606
-0.010999999999999999,-0.017000000000000001,629.06252703812038,377.4375162228722
-0.010499999999999999,-0.017000000000000001,759.19750861995828,455.51850517197494
-0.010000000000000002,-0.017000000000000001,902.78580435944798,541.67148261566876
-0.0095000000000000015,-0.017000000000000001,1058.1285597731667,634.87713586389998
-0.0090000000000000011,-0.017000000000000001,1223.0649337794091,733.83896026764546
-0.0085000000000000006,-0.017000000000000001,1395.1903509032934,837.11421054197604
-0.0080000000000000002,-0.017000000000000001,1572.1228603256041,943.27371619536234
-0.0074999999999999997,-0.017000000000000001,1751.7732946438102,1051.063976786286
-0.0069999999999999993,-0.017000000000000001,1932.5653127863029,1159.5391876717817
-0.0064999999999999988,-0.017000000000000001,2113.551979334215,1268.1311876005291
-0.0059999999999999984,-0.017000000000000001,2294.3883537157535,1376.6330122294521
-0.0054999999999999979,-0.017000000000000001,2475.1440607488562,1485.0864364493136
-0.005000000000000001,-0.017000000000000001,2655.972364675958,1593.5834188055749
-0.0044999999999999971,-0.017000000000000001,2836.6865712150302,1702.0119427290181
-0.0040000000000000001,-0.017000000000000001,3016.3228298333956,1809.7936979000374
-0.0035000000000000031,-0.017000000000000001,3192.7830657828345,1915.6698394697005
-0.0029999999999999992,-0.017000000000000001,3362.647549111794,2017.5885294670763
-0.0025000000000000022,-0.017000000000000001,3521.2221141290079,2112.7332684774046
-0.0019999999999999983,-0.017000000000000001,3662.8436096462465,2197.706165787748
-0.0015000000000000013,-0.017000000000000001,3781.4165199877739,2268.8499119926641
-0.00099999999999999742,-0.017000000000000001,3871.1044753259139,2322.6626851955484
-0.00050000000000000044,-0.017000000000000001,3927.0636968336462,2356.2382181001876
0,-0.017000000000000001,3946.0902279321558,2367.6541367592936
0.00050000000000000044,-0.017000000000000001,3927.0635069054592,2356.2381041432755
0.0010000000000000009,-0.017000000000000001,3871.1040618409816,2322.6624371045887
0.0015000000000000013,-0.017000000000000001,3781.4158130312044,2268.8494878187225
0.0020000000000000018,-0.017000000000000001,3662.8424979461574,2197.7054987676943
0.0024999999999999988,-0.017000000000000001,3521.2204380896042,2112.7322628537622
0.0030000000000000027,-0.017000000000000001,3362.6450927808787,2017.5870556685272
0.0034999999999999996,-0.017000000000000001,3192.7795489363739,1915.6677293618243
0.0040000000000000036,-0.017000000000000001,3016.3179017171019,1809.7907410302612
0.0045000000000000005,-0.017000000000000001,2836.6798077855128,1702.0078846713077
0.0049999999999999975,-0.017000000000000001,2655.9632713468773,1593.5779628081264
0.0055000000000000014,-0.017000000000000001,2475.1320825761131,1485.0792495456678
0.0059999999999999984,-0.017000000000000001,2294.3728945643415,1376.623736738605
0.0064999999999999988,-0.017000000000000001,2113.5324308073373,1268.1194584844022
0.0069999999999999993,-0.017000000000000001,1932.541092574407,1159.5246555446442
0.0074999999999999997,-0.017000000000000001,1751.7438925547299,1051.0463355328379
0.0080000000000000002,-0.017000000000000001,1572.0878887580352,943.25273325482112
0.0085000000000000006,-0.017000000000000001,1395.1495951629092,837.08975709774552
0.0090000000000000011,-0.017000000000000001,1223.0183966816451,733.811038008987
0.0095000000000000015,-0.017000000000000001,1058.0764946810318,634.84589680861905
0.010000000000000002,-0.017000000000000001,902.72873134248334,541.63723880549003
0.010500000000000002,-0.017000000000000001,759.13620983504234,455.48172590102541
0.011000000000000003,-0.017000000000000001,628.99801960691138,377.39881176414684
0.011500000000000003,-0.017000000000000001,513.40938773860751,308.04563264316448
0.012000000000000004,-0.017000000000000001,412.80656772949175,247.68394063769503
0.012499999999999997,-0.017000000000000001,326.9926134685544,196.19556808113262
0.013000000000000005,-0.017000000000000001,255.22651843869343,153.13591106321604
0.013499999999999998,-0.017000000000000001,196.35217012678228,117.81130207606937
0.014000000000000005,-0.017000000000000001,148.94292565745442,89.365755394472657
0.014499999999999999,-0.017000000000000001,111.44111087430852,66.864666524585104
0.014999999999999999,-0.017000000000000001,82.277659750748029,49.366595850448817
0.0155,-0.017000000000000001,59.963732782135871,35.978239669281521
0.016000000000000007,-0.017000000000000001,43.152129732190318,25.891277839314188
0.016500000000000001,-0.017000000000000001,30.670819985068256,18.402491991040954
0.017000000000000001,-0.017000000000000001,21.533660626955843,12.920196376173505
0.017500000000000002,-0.017000000000000001,14.934485192908998,8.9606911157453979
0.017999999999999995,-0.017000000000000001,10.230605246045515,6.1383631476273086
0.018500000000000003,-0.017000000000000001,6.9208433615882932,4.1525060169529757
0.019000000000000003,-0.017000000000000001,4.6219460217581521,2.7731676130548912
0.019500000000000003,-0.017000000000000001,3.0459386443061685,1.827563186583701
0.019999999999999997,-0.017000000000000001,1.9798844167341068,1.1879306500404641
0.020499999999999997,-0.017000000000000001,1.2686807105689808,0.76120842634138841
0.021000000000000005,-0.017000000000000001,0.80097520485468265,0.48058512291280958
0.021500000000000005,-0.017000000000000001,0.49796423959390351,0.29877854375634211
0.021999999999999999,-0.017000000000000001,0.30468611902449461,0.18281167141469676
0.022499999999999999,-0.017000000000000001,0.18338183722222381,0.11002910233333428
0.023000000000000007,-0.017000000000000001,0.10851692062166557,0.065110152372999344
0.023500000000000007,-0.017000000000000001,0.063107593261751221,0.037864555957050731
0.024,-0.017000000000000001,0.036052280017910929,0.021631368010746558
0.024500000000000001,-0.017000000000000001,0.020225228494714847,0.012135137096828908
0.025000000000000001,-0.017000000000000001,0.011138444071417572,0.0066830664428505432
-0.025000000000000001,-0.016500000000000001,0.017255676079615333,0.010353405647769199
-0.024500000000000001,-0.016500000000000001,0.031264168287189566,0.018758500972313737
-0.024,-0.016500000000000001,0.05559335035478892,0.033356010212873349
-0.0235,-0.016500000000000001,0.097046751164916262,0.058228050698949756
-0.023,-0.016500000000000001,0.16636415112505815,0.099818490675034885
-0.022500000000000003,-0.016500000000000001,0.28016624013112912,0.16809974407867748
-0.022000000000000002,-0.016500000000000001,0.46368674891132189,0.27821204934679311
-0.021500000000000002,-0.016500000000000001,0.75453692997600552,0.45272215798560328
-0.021000000000000001,-0.016500000000000001,1.2077990962786649,0.72467945776719889
-0.020500000000000001,-0.016500000000000001,1.9028019382328336,1.1416811629397001
-0.02,-0.016500000000000001,2.9519861220951422,1.7711916732570854
-0.0195,-0.016500000000000001,4.5123134134441809,2.7073880480665085
-0.019,-0.016500000000000001,6.7996844855758063,4.0798106913454832
-0.018500000000000003,-0.016500000000000001,10.106772032807356,6.0640632196844138
-0.018000000000000002,-0.016500000000000001,14.824490287807192,8.8946941726843143
-0.017500000000000002,-0.016500000000000001,21.466936276620071,12.880161765972042
-0.017000000000000001,-0.016500000000000001,30.698973547313152,18.41938412838789
-0.016500000000000001,-0.016500000000000001,43.364625828469471,26.01877549708168
-0.016,-0.016500000000000001,60.513102295360589,36.307861377216355
-0.0155,-0.016500000000000001,83.41768590885367,50.050611545312201
-0.015000000000000001,-0.016500000000000001,113.58112422540363,68.148674535242179
-0.014500000000000001,-0.016500000000000001,152.71997594365763,91.631985566194572
-0.014,-0.016500000000000001,202.72013560976211,121.63208136585726
-0.0135,-0.016500000000000001,265.55708725540671,159.33425235324401
-0.012999999999999999,-0.016500000000000001,343.17782740624995,205.90669644374995
-0.012500000000000001,-0.016500000000000001,437.34704048920736,262.40822429352443
-0.012,-0.016500000000000001,549.46767067013741,329.68060240208246
-0.0115,-0.016500000000000001,680.3945011941953,408.23670071651719
-0.010999999999999999,-0.016500000000000001,830.26702871534872,498.1602172292092
-0.010499999999999999,-0.016500000000000001,998.39263009056901,599.03557805434139
-0.010000000000000002,-0.016500000000000001,1183.2105447932522,709.9263268759513
-0.0095000000000000015,-0.016500000000000001,1382.3598949458308,829.4159369674984
-0.0090000000000000011,-0.016500000000000001,1592.8604356942055,955.71626141652325
-0.0085000000000000006,-0.016500000000000001,1811.3943310378081,1086.8365986226847
-0.0080000000000000002,-0.016500000000000001,2034.6542688591223,1220.7925613154734
-0.0074999999999999997,-0.016500000000000001,2259.7025220401079,1355.8215132240646
-0.0069999999999999993,-0.016500000000000001,2484.2726578562792,1490.5635947137675
-0.0064999999999999988,-0.016500000000000001,2706.9453619467363,1624.1672171680418
-0.0059999999999999984,-0.016500000000000001,2927.145018378435,1756.287011027061
-0.0054999999999999979,-0.016500000000000001,3144.9336981735705,1886.9602189041423
-0.005000000000000001,-0.016500000000000001,3360.6196456287685,2016.3717873772609
-0.0044999999999999971,-0.016500000000000001,3574.2404156874632,2144.5442494124777
-0.0040000000000000001,-0.016500000000000001,3785.0167702371923,2271.0100621423153
-0.0035000000000000031,-0.016500000000000001,3990.8928290325398,2394.5356974195238
-0.0029999999999999992,-0.016500000000000001,4188.2740849160955,2512.964450949657
-0.0025000000000000022,-0.016500000000000001,4372.0458478022802,2623.2275086813679
-0.0019999999999999983,-0.016500000000000001,4535.9044593312738,2721.5426755987642
-0.0015000000000000013,-0.016500000000000001,4672.9716831921978,2803.7830099153184
-0.00099999999999999742,-0.016500000000000001,4776.6021108930354,2865.9612665358213
-0.00050000000000000044,-0.016500000000000001,4841.2479796357193,2904.7487877814315
0,-0.016500000000000001,4863.226544960572,2917.9359269763431
0.00050000000000000044,-0.016500000000000001,4841.2476033610019,2904.7485620166012
0.0010000000000000009,-0.016500000000000001,4776.6012917206517,2865.9607750323908
0.0015000000000000013,-0.016500000000000001,4672.9702826108123,2803.7821695664875
0.0020000000000000018,-0.016500000000000001,4535.9022568954852,2721.5413541372909
0.0024999999999999988,-0.016500000000000001,4372.0425273301453,2623.2255163980872
0.0030000000000000027,-0.016500000000000001,4188.2692185756423,2512.9615311453854
0.0034999999999999996,-0.016500000000000001,3990.8858616601492,2394.5315169960895
0.0040000000000000036,-0.016500000000000001,3785.0070069387971,2271.0042041632782
0.0045000000000000005,-0.016500000000000001,3574.2270163728722,2144.5362098237233
0.0049999999999999975,-0.016500000000000001,3360.6016304521863,2016.3609782713118
0.0055000000000000014,-0.016500000000000001,3144.9099677119157,1886.9459806271493
0.0059999999999999984,-0.016500000000000001,2927.1143916035758,1756.2686349621454
0.0064999999999999988,-0.016500000000000001,2706.9066335382008,1624.1439801229205
0.0069999999999999993,-0.016500000000000001,2484.2246741761278,1490.5348045056767
0.0074999999999999997,-0.016500000000000001,2259.644272325188,1355.7865633951128
0.0080000000000000002,-0.016500000000000001,2034.5849852161934,1220.7509911297161
0.0085000000000000006,-0.016500000000000001,1811.3135881269129,1086.7881528761477
0.0090000000000000011,-0.016500000000000001,1592.7682390931222,955.66094345587328
0.0095000000000000015,-0.016500000000000001,1382.256746602669,829.3540479616014
0.010000000000000002,-0.016500000000000001,1183.0974750396456,709.85848502378735
0.010500000000000002,-0.016500000000000001,998.27118849039789,598.96271309423867
0.011000000000000003,-0.016500000000000001,830.13923033109518,498.0835381986571
0.011500000000000003,-0.016500000000000001,680.26273011819649,408.15763807091787
0.012000000000000004,-0.016500000000000001,549.33454810769661,329.60072886461796
0.012499999999999997,-0.016500000000000001,437.21526941319144,262.32916164791487
0.013000000000000005,-0.016500000000000001,343.05002902194201,205.83001741316519
0.013499999999999998,-0.016500000000000001,265.4356456550961,159.26138739305765
0.014000000000000005,-0.016500000000000001,202.60706585580405,121.56423951348242
0.014499999999999999,-0.016500000000000001,152.61682759964407,91.570096559786435
0.014999999999999999,-0.016500000000000001,113.48892762229251,68.093356573375502
0.0155,-0.016500000000000001,83.336942993229314,50.002165795937586
0.016000000000000007,-0.016500000000000001,60.443818641623501,36.266291184974101
0.016500000000000001,-0.016500000000000001,43.306376089349804,25.98382565360988
0.017000000000000001,-0.016500000000000001,30.650989814066183,18.39059388843971
0.017500000000000002,-0.016500000000000001,21.428207753948868,12.856924652369321
0.017999999999999995,-0.016500000000000001,14.793863272552207,8.8763179635313243
0.018500000000000003,-0.016500000000000001,10.083041075052755,6.0498246450316531
0.019000000000000003,-0.016500000000000001,6.7816683058816558,4.0690009835289933
0.019500000000000003,-0.016500000000000001,4.4989121115475452,2.6993472669285272
0.019999999999999997,-0.016500000000000001,2.9422189660990496,1.7653313796594297
0.020499999999999997,-0.016500000000000001,1.8958272290389073,1.1374963374233444
0.021000000000000005,-0.016500000000000001,1.202919083799487,0.72175145027969212
0.021500000000000005,-0.016500000000000001,0.75119149488670212,0.45071489693202127
0.021999999999999999,-0.016500000000000001,0.46143965547960503,0.276863793287763
0.022499999999999999,-0.016500000000000001,0.27868738204572868,0.1672124292274372
0.023000000000000007,-0.016500000000000001,0.16541054569093644,0.099246327414561866
0.023500000000000007,-0.016500000000000001,0.096444264024542523,0.057866558414725509
0.024,-0.016500000000000001,0.055220389120536922,0.033132233472322151
0.024500000000000001,-0.016500000000000001,0.031037955863731457,0.018622773518238874
0.025000000000000001,-0.016500000000000001,0.017121243027496482,0.010272745816497888
-0.025000000000000001,-0.016,0.02608284582653635,0.015649707495921809
-0.024500000000000001,-0.016,0.047184721773418557,0.028310833064051133
-0.024,-0.016,0.083754180722836011,0.050252508433701604
-0.0235,-0.016,0.1459067115845587,0.087544026950735224
-0.023,-0.016,0.2495334259456421,0.14972005556738524
-0.022500000000000003,-0.016,0.4190879856321284,0.25145279137927701
-0.022000000000000002,-0.016,0.69145099014556199,0.41487059408733717
-0.021500000000000002,-0.016,1.1211736076687924,0.67270416460127536
-0.021000000000000001,-0.016,1.7874496413667231,1.0724697848200337
-0.020500000000000001,-0.016,2.8032117624574124,1.6819270574744474
-0.02,-0.016,4.3267894649370886,2.5960736789622532
-0.0195,-0.016,6.576593593348032,3.945956156008819
-0.019,-0.016,9.849283673805866,5.9095702042835194
-0.018500000000000003,-0.016,14.54179015836322,8.7250740950179324
-0.018000000000000002,-0.016,21.177341203433496,12.706404722060098
-0.017500000000000002,-0.016,30.435197231892246,18.261118339135347
-0.017000000000000001,-0.016,43.183029888250985,25.909817932950592
-0.016500000000000001,-0.016,60.509715566531995,36.305829339919192
-0.016,-0.016,83.754730116214546,50.252838069728725
-0.0155,-0.016,114.52843330893313,68.717059985359882
-0.015000000000000001,-0.016,154.71559828421834,92.829358970531004
-0.014500000000000001,-0.016,206.45305940183408,123.87183564110045
-0.014,-0.016,272.07199401841604,163.24319641104961
-0.0135,-0.016,353.99687562334077,212.39812537400445
-0.012999999999999999,-0.016,454.59718633605758,272.75831180163453
-0.012500000000000001,-0.016,575.99483693744719,345.59690216246833
-0.012,-0.016,719.83955020315636,431.90373012189383
-0.0115,-0.016,887.07501188988033,532.2450071339282
-0.010999999999999999,-0.016,1077.7283092250661,646.63698553503968
-0.010499999999999999,-0.016,1290.761358083251,774.45681484995055
-0.010000000000000002,-0.016,1524.0228732354221,914.41372394125324
-0.0095000000000000015,-0.016,1774.3308413567877,1064.5985048140726
-0.0090000000000000011,-0.016,2037.6978057231279,1222.6186834338766
-0.0085000000000000006,-0.016,2309.6861332400895,1385.8116799440536
-0.0080000000000000002,-0.016,2585.8517819443673,1551.5110691666202
-0.0074999999999999997,-0.016,2862.2088876880534,1717.325332612832
-0.0069999999999999993,-0.016,3135.6306010635144,1881.3783606381085
-0.0064999999999999988,-0.016,3404.1001393928987,2042.460083635739
-0.0059999999999999984,-0.016,3666.7435175751657,2200.0461105450995
-0.0054999999999999979,-0.016,3923.6113698588861,2354.1668219153316
-0.005000000000000001,-0.016,4175.2264319941823,2505.1358591965095
-0.0044999999999999971,-0.016,4421.9661732271315,2653.1797039362787
-0.0040000000000000001,-0.016,4663.3948597191384,2798.0369158314829
-0.0035000000000000031,-0.016,4897.6843683934139,2938.6106210360481
-0.0029999999999999992,-0.016,5121.2600196559633,3072.7560117935777
-0.0025000000000000022,-0.016,5328.7740664479679,3197.2644398687808
-0.0019999999999999983,-0.016,5513.4499116240349,3308.0699469744209
-0.0015000000000000013,-0.016,5667.7659617872578,3400.6595770723548
-0.00099999999999999742,-0.016,5784.3750454082528,3470.6250272449515
-0.00050000000000000044,-0.016,5857.1001672091425,3514.2601003254854
0,-0.016,5881.8234757253931,3529.0940854352357
0.00050000000000000044,-0.016,5857.0994368146312,3514.2596620887784
0.0010000000000000009,-0.016,5784.3734552960714,3470.6240731776429
0.0015000000000000013,-0.016,5667.7632430902313,3400.6579458541387
0.0020000000000000018,-0.016,5513.4456364311081,3308.0673818586647
0.0024999999999999988,-0.016,5328.7676210119344,3197.2605726071606
0.0030000000000000027,-0.016,5121.2505735034856,3072.7503441020913
0.0034999999999999996,-0.016,4897.6708438850819,2938.602506331049
0.0040000000000000036,-0.016,4663.3759079819456,2798.0255447891673
0.0045000000000000005,-0.016,4421.9401635449103,2653.1640981269461
0.0049999999999999975,-0.016,4175.1914623683197,2505.1148774209919
0.0055000000000000014,-0.016,3923.5653061768662,2354.1391837061196
0.0059999999999999984,-0.016,3666.6840673192487,2200.0104403915493
0.0064999999999999988,-0.016,3404.0249628909883,2042.4149777345929
0.0069999999999999993,-0.016,3135.5374589655289,1881.3224753793172
0.0074999999999999997,-0.016,2862.0958179810718,1717.2574907886431
0.0080000000000000002,-0.016,2585.7172940551918,1551.430376433115
0.0085000000000000006,-0.016,2309.529401532674,1385.7176409196043
0.0090000000000000011,-0.016,2037.5188410246112,1222.5113046147667
0.0095000000000000015,-0.016,1774.1306180088593,1064.4783708053155
0.010000000000000002,-0.016,1523.8033912357837,914.28203474147017
0.010500000000000002,-0.016,1290.5256253218852,774.3153751931311
0.011000000000000003,-0.016,1077.4802371807607,646.48814230845642
0.011500000000000003,-0.016,886.81922837278501,532.09153702367098
0.012000000000000004,-0.016,719.58114328822683,431.74868597293607
0.012499999999999997,-0.016,575.73905342031878,345.44343205219127
0.013000000000000005,-0.016,454.349114291646,272.6094685749876
0.013499999999999998,-0.016,353.76114286170315,212.2566857170219
0.014000000000000005,-0.016,271.85251201809683,163.11150721085809
0.014499999999999999,-0.016,206.25283605225312,123.75170163135186
0.014999999999999999,-0.016,154.53663358176544,92.721980149059263
0.0155,-0.016,114.37170159233766,68.623020955402595
0.016000000000000007,-0.016,83.62024220605872,50.172145323635227
0.016500000000000001,-0.016,60.396645812574398,36.237987487544636
0.017000000000000001,-0.016,43.089887687200857,25.853932612320513
0.017500000000000002,-0.016,30.360020508429557,18.216012305057735
0.017999999999999995,-0.016,21.117890480877914,12.670734288526749
0.018500000000000003,-0.016,14.495725513352919,8.6974353080117517
0.019000000000000003,-0.016,9.8143121007815317,5.8885872604689187
0.019500000000000003,-0.016,6.5505800535268408,3.9303480321161044
0.019999999999999997,-0.016,4.3078302396764387,2.5846981438058632
0.020499999999999997,-0.016,2.7896730125093114,1.6738038075055868
0.021000000000000005,-0.016,1.7779769498376363,1.0667861699025818
0.021500000000000005,-0.016,1.1146797155390553,0.66880782932343319
0.021999999999999999,-0.016,0.68708911135805317,0.41225346681483188
0.022499999999999999,-0.016,0.41621734410855304,0.24973040646513181
0.023000000000000007,-0.016,0.24768236303208654,0.14860941781925191
0.023500000000000007,-0.016,0.14473721153607438,0.086842326921644633
0.024,-0.016,0.083030218081459162,0.049818130848875493
0.024500000000000001,-0.016,0.046745616234937122,0.028047369740962273
0.025000000000000001,-0.016,0.02582189509342463,0.015493137056054778
-0.025000000000000001,-0.0155,0.038698767062923627,0.023219260237754176
-0.024500000000000001,-0.0155,0.069911710820036679,0.041947026492022005
-0.024,-0.0155,0.12390088209988744,0.074340529259932453
-0.0235,-0.0155,0.21545711249584576,0.12927426749750745
-0.023,-0.0155,0.36771732024051867,0.22063039214431121
-0.022500000000000003,-0.0155,0.61610543196064949,0.3696632591763897
-0.022000000000000002,-0.0155,1.0137291958218846,0.60823751749313071
-0.021500000000000002,-0.0155,1.6385945839935163,0.98315675039610972
-0.021000000000000001,-0.0155,2.6030310270932642,1.5618186162559584
-0.020500000000000001,-0.0155,4.0657420177938208,2.4394452106762925
-0.02,-0.0155,6.2469045144813666,3.7481427086888197
-0.0195,-0.0155,9.4467307346825855,5.6680384408095508
-0.019,-0.0155,14.067860125413748,8.4407160752482486
-0.018500000000000003,-0.0155,20.6418305726183,12.385098343570979
-0.018000000000000002,-0.0155,29.859621398416738,17.915772839050042
-0.017500000000000002,-0.0155,42.605771321806756,25.563462793084053
-0.017000000000000001,-0.0155,59.994737637864453,35.996842582718671
-0.016500000000000001,-0.0155,83.406874426645018,50.044124655987012
-0.016,-0.0155,114.51962765159249,68.711776590955495
-0.0155,-0.0155,155.32736903496465,93.19642142097878
-0.015000000000000001,-0.0155,208.14102289813641,124.88461373888184
-0.014500000000000001,-0.0155,275.55684036572535,165.3341042194352
-0.014,-0.0155,360.38314163776488,216.22988498265892
-0.0135,-0.0155,465.5155023013445,279.30930138080669
-0.012999999999999999,-0.0155,593.75552536785187,356.2533152207111
-0.012500000000000001,-0.0155,747.57641876344655,448.5458512580679
-0.012,-0.0155,928.84972608423584,557.30983565054146
-0.0115,-0.0155,1138.5603477818991,683.13620866913936
-0.010999999999999999,-0.0155,1376.5489747003298,825.92938482019792
-0.010499999999999999,-0.0155,1641.3289646302221,984.79737877813318
-0.010000000000000002,-0.0155,1930.025084218327,1158.0150505309962
-0.0095000000000000015,-0.0155,2238.4717340355687,1343.0830404213411
-0.0090000000000000011,-0.0155,2561.487388492003,1536.8924330952018
-0.0085000000000000006,-0.0155,2893.3117581430051,1735.987054885803
-0.0080000000000000002,-0.0155,3228.1573040304397,1936.8943824182638
-0.0074999999999999997,-0.0155,3560.794362533175,2136.4766175199047
-0.0069999999999999993,-0.0155,3887.067598949875,2332.240559369925
-0.0064999999999999988,-0.0155,4204.2383073254978,2522.5429843952984
-0.0059999999999999984,-0.0155,4511.0666961671941,2706.6400177003165
-0.0054999999999999979,-0.0155,4807.5903690112355,2884.5542214067414
-0.005000000000000001,-0.0155,5094.6136501063684,3056.7681900638208
-0.0044999999999999971,-0.0155,5372.9860294143537,3223.7916176486119
-0.0040000000000000001,-0.0155,5642.8025949111543,3385.6815569466926
-0.0035000000000000031,-0.0155,5902.6908868416958,3541.6145321050176
-0.0029999999999999992,-0.0155,6149.3470055833041,3689.6082033499824
-0.0025000000000000022,-0.0155,6377.4458142832746,3826.4674885699646
-0.0019999999999999983,-0.0155,6579.9809865355282,3947.9885919213166
-0.0015000000000000013,-0.0155,6749.0037441228123,4049.4022464736872
-0.00099999999999999742,-0.0155,6876.643042693494,4125.985825616096
-0.00050000000000000044,-0.0155,6956.2244144931583,4173.734648695895
0,-0.0155,6983.2756440117573,4189.9653864070542
0.00050000000000000044,-0.0155,6956.2230253506214,4173.733815210373
0.0010000000000000009,-0.0155,6876.6400184477761,4125.9840110686655
0.0015000000000000013,-0.0155,6748.9985734135125,4049.3991440481072
0.0020000000000000018,-0.0155,6579.9728555155607,3947.9837133093361
0.0024999999999999988,-0.0155,6377.4335556624355,3826.460133397461
0.0030000000000000027,-0.0155,6149.329039878422,3689.5974239270531
0.0034999999999999996,-0.0155,5902.6651644826761,3541.5990986896054
0.0040000000000000036,-0.0155,5642.7665504667948,3385.6599302800769
0.0045000000000000005,-0.0155,5372.9365614139206,3223.7619368483524
0.0049999999999999975,-0.0155,5094.5471411251092,3056.7282846750654
0.0055000000000000014,-0.0155,4807.5027601653155,2884.5016560991894
0.0059999999999999984,-0.0155,4510.9536273007407,2706.5721763804445
0.0064999999999999988,-0.0155,4204.0953285994365,2522.457197159662
0.0069999999999999993,-0.0155,3886.8904513282873,2332.1342707969725
0.0074999999999999997,-0.0155,3560.5793144496724,2136.3475886698034
0.0080000000000000002,-0.0155,3227.9015205532037,1936.7409123319221
0.0085000000000000006,-0.0155,2893.0136689889459,1735.8082013933674
0.0090000000000000011,-0.0155,2561.1470142533299,1536.6882085519978
0.0095000000000000015,-0.0155,2238.0909278197046,1342.8545566918226
0.010000000000000002,-0.0155,1929.6076498351879,1157.7645899011127
0.010500000000000002,-0.0155,1640.8806228072549,984.52837368435291
0.011000000000000003,-0.0155,1376.0771647069853,825.64629882419115
0.011500000000000003,-0.0155,1138.0738712833638,682.84432277001827
0.012000000000000004,-0.0155,928.35826012661653,557.01495607596985
0.012499999999999997,-0.0155,747.08994226484526,448.25396535890712
0.013000000000000005,-0.0155,593.28371537430542,355.97022922458325
0.013499999999999998,-0.0155,465.06716047785903,279.04029628671543
0.014000000000000005,-0.0155,359.96570725333072,215.97942435199843
0.014499999999999999,-0.0155,275.17603414671794,165.10562048803075
0.014999999999999999,-0.0155,207.80064865197812,124.68038919118686
0.0155,-0.0155,155.02927986344588,93.017567918067527
0.016000000000000007,-0.0155,114.26384413445628,68.558306480673764
0.016500000000000001,-0.0155,83.191826253797984,49.915095752278788
0.017000000000000001,-0.0155,59.817589820258952,35.890553892155367
0.017500000000000002,-0.0155,42.462792174374073,25.477675304624444
0.017999999999999995,-0.0155,29.746551644459206,17.847930986675522
0.018500000000000003,-0.0155,20.55421989517729,12.332531937106374
0.019000000000000003,-0.0155,14.001347440834186,8.4008084645005106
0.019500000000000003,-0.0155,9.3972553974502393,5.6383532384701436
0.019999999999999997,-0.0155,6.2108458285092771,3.7265074971055663
0.020499999999999997,-0.0155,4.0399925725437278,2.4239955435262366
0.021000000000000005,-0.0155,2.5850148473991128,1.5510089084394676
0.021500000000000005,-0.0155,1.6262438041581804,0.97574628249490813
0.021999999999999999,-0.0155,1.0054333073937027,0.60325998443622164
0.022499999999999999,-0.0155,0.61064573833846947,0.36638744300308168
0.023000000000000007,-0.0155,0.36419677046082854,0.21851806227649712
0.023500000000000007,-0.0155,0.21323283199847007,0.12793969919908205
0.024,-0.0155,0.12252397238010541,0.07351438342806324
0.024500000000000001,-0.0155,0.069076572859332552,0.04144594371559953
0.025000000000000001,-0.0155,0.038202462999329355,0.022921477799597613
-0.025000000000000001,-0.015000000000000001,0.056357586979922596,0.033814552187953553
-0.024500000000000001,-0.015000000000000001,0.10168787325797519,0.061012723954785117
-0.024,-0.015000000000000001,0.17996362372973063,0.10797817423783837
-0.0235,-0.015000000000000001,0.31244683380667909,0.18746810028400746
-0.023,-0.015000000000000001,0.53227178102947326,0.31936306861768393
-0.022500000000000003,-0.015000000000000001,0.88994125506950827,0.53396475304170499
-0.022000000000000002,-0.015000000000000001,1.4607657569689669,0.87645945418138016
-0.021500000000000002,-0.015000000000000001,2.3546662656210384,1.4127997593726229
-0.021000000000000001,-0.015000000000000001,3.7287595333964529,2.2372557200378718
-0.020500000000000001,-0.015000000000000001,5.8031174042861213,3.4818704425716729
-0.02,-0.015000000000000001,8.8800396129023813,5.3280237677414286
-0.0195,-0.015000000000000001,13.367103819702319,8.0202622918213908
-0.019,-0.015000000000000001,19.804150029285005,11.882490017571003
-0.018500000000000003,-0.015000000000000001,28.894191972390704,17.336515183434422
-0.018000000000000002,-0.015000000000000001,41.53796601962447,24.922779611774683
-0.017500000000000002,-0.015000000000000001,58.871329484027626,35.322797690416571
-0.017000000000000001,-0.015000000000000001,82.303872749465938,49.382323649679563
-0.016500000000000001,-0.015000000000000001,113.55577963075153,68.133467778450921
-0.016,-0.015000000000000001,154.6880823835059,92.81284943010354
-0.0155,-0.015000000000000001,208.11908135270701,124.87144881162421
-0.015000000000000001,-0.015000000000000001,276.6171427497232,165.97028564983393
-0.014500000000000001,-0.015000000000000001,363.25796616788199,217.95477970072918
-0.014,-0.015000000000000001,471.33364264146985,282.80018558488189
-0.0135,-0.015000000000000001,604.20250200268151,362.52150120160888
-0.012999999999999999,-0.015000000000000001,765.07389443722764,459.04433666233655
-0.012500000000000001,-0.015000000000000001,956.73122757146689,574.03873654288009
-0.012,-0.015000000000000001,1181.2094688786467,708.725681327188
-0.0115,-0.015000000000000001,1439.4583882099405,863.67503292596427
-0.010999999999999999,-0.015000000000000001,1731.0372123420896,1038.6223274052536
-0.010499999999999999,-0.015000000000000001,2053.8962315595527,1232.3377389357315
-0.010000000000000002,-0.015000000000000001,2404.3020959136638,1442.5812575481982
-0.0095000000000000015,-0.015000000000000001,2776.9527491903164,1666.1716495141898
-0.0090000000000000011,-0.015000000000000001,3165.303925128118,1899.1823550768706
-0.0085000000000000006,-0.015000000000000001,3562.0937264249796,2137.2562358549876
-0.0080000000000000002,-0.015000000000000001,3960.0103943097956,2376.0062365858771
-0.0074999999999999997,-0.015000000000000001,4352.4093405867761,2611.4456043520654
-0.0069999999999999993,-0.015000000000000001,4733.9587310571442,2840.3752386342862
-0.0064999999999999988,-0.015000000000000001,5101.0874100748306,3060.6524460448982
-0.0059999999999999984,-0.015000000000000001,5452.130294469559,3271.2781766817352
-0.0054999999999999979,-0.015000000000000001,5787.1144104085997,3472.2686462451597
-0.005000000000000001,-0.015000000000000001,6107.1966389280087,3664.3179833568051
-0.0044999999999999971,-0.015000000000000001,6413.8390240664257,3848.3034144398553
-0.0040000000000000001,-0.015000000000000001,6707.8725636522204,4024.723538191332
-0.0035000000000000031,-0.015000000000000001,6988.639253385767,4193.1835520314598
-0.0029999999999999992,-0.015000000000000001,7253.4027004306599,4352.0416202583956
-0.0025000000000000022,-0.015000000000000001,7497.1758042975644,4498.3054825785384
-0.0019999999999999983,-0.015000000000000001,7713.0356797552058,4627.8214078531237
-0.0015000000000000013,-0.015000000000000001,7892.8963937175859,4735.7378362305517
-0.00099999999999999742,-0.015000000000000001,8028.6107292742681,4817.1664375645605
-0.00050000000000000044,-0.015000000000000001,8113.1959492255473,4867.9175695353279
0,-0.015000000000000001,8141.9440088176325,4885.166405290579
0.00050000000000000044,-0.015000000000000001,8113.1933605777422,4867.9160163466449
0.0010000000000000009,-0.015000000000000001,8028.6050936344182,4817.1630561806505
0.0015000000000000013,-0.015000000000000001,7892.8867581726918,4735.7320549036149
0.0020000000000000018,-0.015000000000000001,7713.020527712536,4627.8123166275218
0.0024999999999999988,-0.015000000000000001,7497.1529605280539,4498.2917763168325
0.0030000000000000027,-0.015000000000000001,7253.3692215893789,4352.0215329536268
0.0034999999999999996,-0.015000000000000001,6988.591320127337,4193.1547920764024
0.0040000000000000036,-0.015000000000000001,6707.8053953312583,4024.6832371987548
0.0045000000000000005,-0.015000000000000001,6413.7468411353393,3848.2481046812036
0.0049999999999999975,-0.015000000000000001,6107.0727003660595,3664.2436202196354
0.0055000000000000014,-0.015000000000000001,5786.951152542194,3472.1706915253162
0.0059999999999999984,-0.015000000000000001,5451.9195922088393,3271.1517553253034
0.0064999999999999988,-0.015000000000000001,5100.82097120655,3060.4925827239299
0.0069999999999999993,-0.015000000000000001,4733.6286189270777,2840.1771713562466
0.0074999999999999997,-0.015000000000000001,4352.0086014728313,2611.2051608836987
0.0080000000000000002,-0.015000000000000001,3959.5337453559464,2375.7202472135677
0.0085000000000000006,-0.015000000000000001,3561.538241430515,2136.9229448583087
0.0090000000000000011,-0.015000000000000001,3164.6696424663364,1898.8017854798018
0.0095000000000000015,-0.015000000000000001,2776.2431221011366,1665.7458732606819
0.010000000000000002,-0.015000000000000001,2403.5242127439828,1442.1145276463897
0.010500000000000002,-0.015000000000000001,2053.0607528054379,1231.8364516832628
0.011000000000000003,-0.015000000000000001,1730.1580009787381,1038.0948005872428
0.011500000000000003,-0.015000000000000001,1438.5518460180638,863.13110761083828
0.012000000000000004,-0.015000000000000001,1180.2936288991318,708.17617733947907
0.012499999999999997,-0.015000000000000001,955.82468537946568,573.49481122767941
0.013000000000000005,-0.015000000000000001,764.19468307349962,458.51680984409978
0.013499999999999998,-0.015000000000000001,603.3670232475996,362.02021394855973
0.014000000000000005,-0.015000000000000001,470.55575946937637,282.33345568162582
0.014499999999999999,-0.015000000000000001,362.54833907284433,217.52900344370659
0.014999999999999999,-0.015000000000000001,275.98286007399264,165.58971604439557
0.0155,-0.015000000000000001,207.56359632570738,124.53815779542442
0.016000000000000007,-0.015000000000000001,154.21143335530249,92.526860013181491
0.016500000000000001,-0.015000000000000001,113.1550403503156,67.893024210189353
0.017000000000000001,-0.015000000000000001,81.973760254120506,49.184256152472301
0.017500000000000002,-0.015000000000000001,58.604889830526076,35.162933898315643
0.017999999999999995,-0.015000000000000001,41.327262105054359,24.796357263032615
0.018500000000000003,-0.015000000000000001,28.730930692969427,17.238558415781654
0.019000000000000003,-0.015000000000000001,19.680204566250413,11.808122739750248
0.019500000000000003,-0.015000000000000001,13.274907216590918,7.9649443299545508
0.019999999999999997,-0.015000000000000001,8.8128447528921203,5.2877068517352717
0.020499999999999997,-0.015000000000000001,5.7551336710391237,3.4530802026234739
0.021000000000000005,-0.015000000000000001,3.6951866330027703,2.2171119798016621
0.021500000000000005,-0.015000000000000001,2.3316507591021636,1.3989904554612982
0.021999999999999999,-0.015000000000000001,1.4453064842149921,0.86718389052899525
0.022499999999999999,-0.015000000000000001,0.87976719190688202,0.52786031514412923
0.023000000000000007,-0.015000000000000001,0.52571128545876722,0.31542677127526031
0.023500000000000007,-0.015000000000000001,0.3083019180224385,0.18498115081346309
0.024,-0.015000000000000001,0.17739777160913114,0.10643866296547869
0.024500000000000001,-0.015000000000000001,0.10013160527854295,0.060078963167125771
0.025000000000000001,-0.015000000000000001,0.055432731257183496,0.033259638754310095
-0.025000000000000001,-0.014500000000000001,0.080564744368205932,0.04833884662092356
-0.024500000000000001,-0.014500000000000001,0.14519997409010632,0.087119984454063784
-0.024,-0.014500000000000001,0.25664151062755447,0.15398490637653267
-0.0235,-0.014500000000000001,0.44492961757464056,0.26695777054478431
-0.023,-0.014500000000000001,0.75672230255932216,0.45403338153559325
-0.022500000000000003,-0.014500000000000001,1.2628518172595196,0.75771109035571171
-0.022000000000000002,-0.014500000000000001,2.0684421136232536,1.241065268173952
-0.021500000000000002,-0.014500000000000001,3.3260601459907946,1.9956360875944767
-0.021000000000000001,-0.014500000000000001,5.2523145306591115,3.151388718395467
-0.020500000000000001,-0.014500000000000001,8.1482058402152262,4.8889235041291359
-0.02,-0.014500000000000001,12.423380851497743,7.4540285108986453
-0.0195,-0.014500000000000001,18.624261856136172,11.174557113681702
-0.019,-0.014500000000000001,27.465822798056372,16.479493678833823
-0.018500000000000003,-0.014500000000000001,39.866560045185125,23.919936027111074
-0.018000000000000002,-0.014500000000000001,56.985914078296396,34.191548446977833
-0.017500000000000002,-0.014500000000000001,80.262944644904181,48.15776678694251
-0.017000000000000001,-0.014500000000000001,111.45429958370082,66.872579750220481
-0.016500000000000001,-0.014500000000000001,152.66827658026227,91.600965948157366
-0.016,-0.014500000000000001,206.38992973346572,123.83395784007942
-0.0155,-0.014500000000000001,275.4897351862636,165.29384111175816
-0.015000000000000001,-0.014500000000000001,363.20558116494254,217.92334869896553
-0.014500000000000001,-0.014500000000000001,473.08542504916761,283.85125502950058
-0.014,-0.014500000000000001,608.87687659328992,365.32612595597396
-0.0135,-0.014500000000000001,774.35149249597544,464.61089549758526
-0.012999999999999999,-0.014500000000000001,973.05694361341148,583.83416616804686
-0.012500000000000001,-0.014500000000000001,1208.0002122778021,724.80012736668129
-0.012,-0.014500000000000001,1481.2793836390326,888.76763018341956
-0.0115,-0.014500000000000001,1793.6987959888334,1076.2192775932999
-0.010999999999999999,-0.014500000000000001,2144.4191376346057,1286.6514825807633
-0.010499999999999999,-0.014500000000000001,2530.7060882868964,1518.4236529721377
-0.010000000000000002,-0.014500000000000001,2947.8434327329142,1768.7060596397484
-0.0095000000000000015,-0.014500000000000001,3389.2652008676246,2033.5591205205747
-0.0090000000000000011,-0.014500000000000001,3846.9346054600351,2308.160763276021
-0.0085000000000000006,-0.014500000000000001,4311.9572168195582,2587.1743300917346
-0.0080000000000000002,-0.014500000000000001,4775.3679079753092,2865.2207447851856
-0.0074999999999999997,-0.014500000000000001,5228.9851966713049,3137.3911180027831
-0.0069999999999999993,-0.014500000000000001,5666.1941467059323,3399.7164880235591
-0.0064999999999999988,-0.014500000000000001,6082.5105973396303,3649.506358403778
-0.0059999999999999984,-0.014500000000000001,6475.8019034277522,3885.4811420566512
-0.0054999999999999979,-0.014500000000000001,6846.0928339538577,4107.6557003723146
-0.005000000000000001,-0.014500000000000001,7194.9622649752655,4316.9773589851593
-0.0044999999999999971,-0.014500000000000001,7524.622183656611,4514.7733101939666
-0.0040000000000000001,-0.014500000000000001,7836.846300167048,4702.1077801002284
-0.0035000000000000031,-0.014500000000000001,8131.9622302366588,4879.1773381419953
-0.0029999999999999992,-0.014500000000000001,8408.1246555811085,5044.8747933486648
-0.0025000000000000022,-0.014500000000000001,8661.0420872916766,5196.6252523750054
-0.0019999999999999983,-0.014500000000000001,8884.2431591547229,5330.5458954928336
-0.0015000000000000013,-0.014500000000000001,9069.8568074030409,5441.9140844418243
-0.00099999999999999742,-0.014500000000000001,9209.7685626934381,5525.8611376160625
-0.00050000000000000044,-0.014500000000000001,9296.928443788287,5578.1570662729719
0,-0.014500000000000001,9326.5457901009468,5595.9274740605679
0.00050000000000000044,-0.014500000000000001,9296.9237173284546,5578.1542303970728
0.0010000000000000009,-0.014500000000000001,9209.7582729099722,5525.8549637459828
0.0015000000000000013,-0.014500000000000001,9069.8392144281206,5441.9035286568724
0.0020000000000000018,-0.014500000000000001,8884.2154939308421,5330.5292963585052
0.0024999999999999988,-0.014500000000000001,8661.0003781959731,5196.6002269175833
0.0030000000000000027,-0.014500000000000001,8408.0635285331264,5044.8381171198753
0.0034999999999999996,-0.014500000000000001,8131.8747117182138,4879.1248270309279
0.0040000000000000036,-0.014500000000000001,7836.7236614788171,4702.0341968872899
0.0045000000000000005,-0.014500000000000001,7524.4538722624302,4514.6723233574576
0.0049999999999999975,-0.014500000000000001,7194.7359728416886,4316.8415837050134
0.0055000000000000014,-0.014500000000000001,6845.7947510139666,4107.4768506083801
0.0059999999999999984,-0.014500000000000001,6475.4171945576682,3885.2503167346008
0.0064999999999999988,-0.014500000000000001,6082.0241222747036,3649.214473364822
0.0069999999999999993,-0.014500000000000001,5665.5914143758355,3399.3548486255013
0.0074999999999999997,-0.014500000000000001,5228.2535106837004,3136.95210641022
0.0080000000000000002,-0.014500000000000001,4774.4976226739691,2864.6985736043812
0.0085000000000000006,-0.014500000000000001,4310.9429894266432,2586.565793655986
0.0090000000000000011,-0.014500000000000001,3845.7765060390966,2307.465903623458
0.0095000000000000015,-0.014500000000000001,3387.9695344864067,2032.7817206918439
0.010000000000000002,-0.014500000000000001,2946.4231415872682,1767.8538849523609
0.010500000000000002,-0.014500000000000001,2529.1806367498357,1517.5083820499015
0.011000000000000003,-0.014500000000000001,2142.813837297499,1285.6883023784994
0.011500000000000003,-0.014500000000000001,1792.0435938987771,1075.2261563392663
0.012000000000000004,-0.014500000000000001,1479.6072052651705,887.76432315910222
0.012499999999999997,-0.014500000000000001,1206.3450101875169,723.80700611251007
0.013000000000000005,-0.014500000000000001,971.45164327561793,582.87098596537078
0.013499999999999998,-0.014500000000000001,772.82604095714794,463.69562457428873
0.014000000000000005,-0.014500000000000001,607.45658544324033,364.47395126594421
0.014499999999999999,-0.014500000000000001,471.78975865725226,283.07385519435132
0.014999999999999999,-0.014500000000000001,362.04748171853623,217.22848903112174
0.0155,-0.014500000000000001,274.47550773394596,164.68530464036758
0.016000000000000007,-0.014500000000000001,205.51964429636715,123.31178657782029
0.016500000000000001,-0.014500000000000001,151.93659028867066,91.161954173202389
0.017000000000000001,-0.014500000000000001,110.85156658666438,66.510939951998623
0.017500000000000002,-0.014500000000000001,79.776468146290284,47.865880887774168
0.017999999999999995,-0.014500000000000001,56.601202188541272,33.960721313124765
0.018500000000000003,-0.014500000000000001,39.568470873666215,23.741082524199729
0.019000000000000003,-0.014500000000000001,27.239518064193689,16.343710838516213
0.019500000000000003,-0.014500000000000001,18.455925499005065,11.073555299403038
0.019999999999999997,-0.014500000000000001,12.300693707174252,7.3804162243045512
0.020499999999999997,-0.014500000000000001,8.060595162774213,4.8363570976645276
0.021000000000000005,-0.014500000000000001,5.1910157456727788,3.1146094474036672
0.021500000000000005,-0.014500000000000001,3.2840374857824552,1.970422491469473
0.021999999999999999,-0.014500000000000001,2.0402159363946275,1.2241295618367765
0.022499999999999999,-0.014500000000000001,1.2442755934918284,0.746565356095097
0.023000000000000007,-0.014500000000000001,0.74474387940621833,0.446846327643731
0.023500000000000007,-0.014500000000000001,0.43736165953511069,0.26241699572106642
0.024,-0.014500000000000001,0.25195667209400385,0.15117400325640232
0.024500000000000001,-0.014500000000000001,0.14235847588370518,0.085415085530223103
0.025000000000000001,-0.014500000000000001,0.078876104678849618,0.047325662807309772
-0.025000000000000001,-0.014,0.11306619300708187,0.067839715804249121
-0.024500000000000001,-0.014,0.20355560066525374,0.12213336039915224
-0.024,-0.014,0.35935539186828019,0.21561323512096811
-0.0235,-0.014,0.62217241160741144,0.37330344696444684
-0.023,-0.014,1.0565927639625663,0.63395565837753975
-0.022500000000000003,-0.014,1.760318473202374,1.0561910839214244
-0.022000000000000002,-0.014,2.8777374245204119,1.7266424547122472
-0.021500000000000002,-0.014,4.6173379568600081,2.7704027741160049
-0.021000000000000001,-0.014,7.273329344316199,4.3639976065897192
-0.020500000000000001,-0.014,11.251594407221905,6.7509566443331428
-0.02,-0.014,17.099796955828996,10.259878173497397
-0.0195,-0.014,25.541127939308144,15.324676763584886
-0.019,-0.014,37.510840860678272,22.506504516406963
-0.018500000000000003,-0.014,54.194427939284658,32.516656763570793
-0.018000000000000002,-0.014,77.066012837473309,46.239607702483987
-0.017500000000000002,-0.014,107.92520630890313,64.75512378534188
-0.017000000000000001,-0.014,148.93013240331129,89.358079441986774
-0.016500000000000001,-0.014,202.62337190873487,121.57402314524091
-0.016,-0.014,271.94598401671436,163.16759041002862
-0.0155,-0.014,360.23248219793226,216.13948931875936
-0.015000000000000001,-0.014,471.17685732325634,282.70611439395378
-0.014500000000000001,-0.014,608.75707052670657,365.25424231602392
-0.014,-0.014,777.10395072879521,466.26237043727713
-0.0135,-0.014,980.30155512777969,588.18093307666777
-0.012999999999999999,-0.014,1222.1112659428079,733.26675956568477
-0.012500000000000001,-0.014,1505.6222379572139,903.37334277432831
-0.012,-0.014,1832.8462657131993,1099.7077594279194
-0.0115,-0.014,2204.2941140325834,1322.5764684195499
-0.010999999999999999,-0.014,2618.5894450307474,1571.1536670184485
-0.010499999999999999,-0.014,3072.1907353295051,1843.314441197703
-0.010000000000000002,-0.014,3559.2954233309788,2135.5772539985874
-0.0095000000000000015,-0.014,4071.9891762832017,2443.1935057699211
-0.0090000000000000011,-0.014,4600.6743458935762,2760.4046075361457
-0.0085000000000000006,-0.014,5134.7671071256063,3080.8602642753635
-0.0080000000000000002,-0.014,5663.5988730796244,3398.1593238477744
-0.0074999999999999997,-0.014,6177.4049790471418,3706.4429874282851
-0.0069999999999999993,-0.014,6668.2452747735833,4000.9471648641497
-0.0064999999999999988,-0.014,7130.6893829504961,4278.4136297702971
-0.0059999999999999984,-0.014,7562.121980986647,4537.2731885919884
-0.0054999999999999979,-0.014,7962.58131226568,4777.5487873594075
-0.005000000000000001,-0.014,8334.1292308995198,5000.4775385397115
-0.0044999999999999971,-0.014,8679.8473198560841,5207.9083919136501
-0.0040000000000000001,-0.014,9002.6397984015421,5401.5838790409252
-0.0035000000000000031,-0.014,9304.0786224498152,5582.4471734698891
-0.0029999999999999992,-0.014,9583.5332706699592,5750.1199624019755
-0.0025000000000000022,-0.014,9837.7811649134546,5902.6686989480722
-0.0019999999999999983,-0.014,10061.20108011109,6036.7206480666537
-0.0015000000000000013,-0.014,10246.52987391273,6147.9179243476383
-0.00099999999999999742,-0.014,10386.039239048652,6231.6235434291912
-0.00050000000000000044,-0.014,10472.892739762772,6283.7356438576635
0,-0.014,10502.397744399821,6301.4386466398928
0.00050000000000000044,-0.014,10472.884284330345,6283.7305705982062
0.0010000000000000009,-0.014,10386.020831070617,6231.6124986423702
0.0015000000000000013,-0.014,10246.49840084073,6147.8990405044378
0.0020000000000000018,-0.014,10061.151588220888,6036.6909529325321
0.0024999999999999988,-0.014,9837.7065491433441,5902.6239294860061
0.0030000000000000027,-0.014,9583.4239170222063,5750.0543502133232
0.0034999999999999996,-0.014,9303.9220556016844,5582.3532333610101
0.0040000000000000036,-0.014,9002.4204030870824,5401.4522418522492
0.0045000000000000005,-0.014,8679.5462180440354,5207.7277308264211
0.0049999999999999975,-0.014,8333.7244040498299,5000.2346424298976
0.0055000000000000014,-0.014,7962.0480547653187,4777.2288328591912
0.0059999999999999984,-0.014,7561.4337534399729,4536.8602520639834
0.0064999999999999988,-0.014,7129.8191000782053,4277.8914600469234
0.0069999999999999993,-0.014,6667.1670126769641,4000.3002076061784
0.0074999999999999997,-0.014,6176.0960244288726,3705.6576146573234
0.0080000000000000002,-0.014,5662.0419702774643,3397.2251821664786
0.0085000000000000006,-0.014,5132.952698140848,3079.7716188845088
0.0090000000000000011,-0.014,4598.6025560668813,2759.1615336401287
0.0095000000000000015,-0.014,4069.671285108348,2441.8027710650085
0.010000000000000002,-0.014,3556.7545838371561,2134.0527503022936
0.010500000000000002,-0.014,3069.4617684390519,1841.677061063431
0.011000000000000003,-0.014,2615.7176320869939,1569.4305792521964
0.011500000000000003,-0.014,2201.3330290088802,1320.799817405328
0.012000000000000004,-0.014,1829.8548108512512,1097.9128865107507
0.012499999999999997,-0.014,1502.661152933098,901.5966917598588
0.013000000000000005,-0.014,1219.2394529978251,731.54367179869507
0.013499999999999998,-0.014,977.57258823416203,586.54355294049719
0.014000000000000005,-0.014,774.56311122709565,464.73786673625739
0.014499999999999999,-0.014,606.4391793327145,363.86350759962869
0.014999999999999999,-0.014,469.10506745100071,281.46304047060039
0.0155,-0.014,358.41807310690353,215.05084386414211
0.016000000000000007,-0.014,270.38908097168917,162.23344858301348
0.016500000000000001,-0.014,201.31441674664424,120.78865004798654
0.017000000000000001,-0.014,147.85186911356584,88.711121468139496
0.017500000000000002,-0.014,107.05492087180518,64.2329525230831
0.017999999999999995,-0.014,76.377779888736129,45.826667933241673
0.018500000000000003,-0.014,53.661159290812115,32.196695574487265
0.019000000000000003,-0.014,37.105991469622069,22.263594881773241
0.019500000000000003,-0.014,25.239981469617,15.143988881770198
0.019999999999999997,-0.014,16.880314955510187,10.128188973306111
0.020499999999999997,-0.014,11.094862690626258,6.6569176143757547
0.021000000000000005,-0.014,7.1636684664785255,4.2982010798871153
0.021500000000000005,-0.014,4.5421612333972456,2.7252967400383472
0.021999999999999999,-0.014,2.827242013011309,1.6963452078067853
0.022499999999999999,-0.014,1.7270864114946509,1.0362518468967905
0.023000000000000007,-0.014,1.0351638824868026,0.62109832949208155
0.023500000000000007,-0.014,0.60863366165929278,0.36518019699557563
0.024,-0.014,0.35097441814699881,0.21058465088819928
0.024500000000000001,-0.014,0.19847228314505108,0.11908336988703064
0.025000000000000001,-0.014,0.1100452895629494,0.066027173737769632
-0.025000000000000001,-0.0135,0.15581554364322045,0.093489326185932267
-0.024500000000000001,-0.0135,0.28021862146493542,0.16813117287896126
-0.024,-0.0135,0.49412520509867314,0.29647512305920387
-0.0235,-0.0135,0.85442929217942032,0.51265757530765221
-0.023,-0.0135,1.4490005506304198,0.86940033037825182
-0.022500000000000003,-0.0135,2.4103421090264905,1.4462052654158943
-0.022000000000000002,-0.0135,3.9335314266228174,2.3601188559736905
-0.021500000000000002,-0.0135,6.2989715830189743,3.7793829498113842
-0.021000000000000001,-0.0135,9.9001971059884308,5.9401182635930585
-0.020500000000000001,-0.0135,15.276561705295524,9.1659370231773138
-0.02,-0.0135,23.15011480801185,13.890068884807109
-0.0195,-0.0135,34.465411898317164,20.679247138990299
-0.019,-0.0135,50.430485472242175,30.258291283345304
-0.018500000000000003,-0.0135,72.556811796748391,43.534087078049033
-0.018000000000000002,-0.0135,102.6958854128694,61.617531247721637
-0.017500000000000002,-0.0135,143.06991594334988,85.84194956600993
-0.017000000000000001,-0.0135,196.29403366324075,117.77642019794445
-0.016500000000000001,-0.0135,265.38696790217597,159.23218074130557
-0.016,-0.0135,353.76614075181561,212.25968445108936
-0.0155,-0.0135,465.2212838773961,279.13277032643765
-0.015000000000000001,-0.0135,603.85809762304325,362.31485857382592
-0.014500000000000001,-0.0135,774.0006426163668,464.40038556982006
-0.014,-0.0135,980.03915387976019,588.02349232785605
-0.0135,-0.0135,1226.2103515069664,735.72621090417977
-0.012999999999999999,-0.0135,1516.3018249265058,909.78109495590343
-0.012500000000000001,-0.0135,1853.2820547201516,1111.9692328320909
-0.012,-0.0135,2238.8734039647425,1343.3240423788454
-0.0115,-0.0135,2673.105535737534,1603.8633214425204
-0.010999999999999999,-0.0135,3153.9077040268999,1892.3446224161398
-0.010499999999999999,-0.0135,3676.8148852239933,2206.0889311343958
-0.010000000000000002,-0.0135,4234.8685178275755,2540.9211106965454
-0.0095000000000000015,-0.0135,4818.7821267517502,2891.2692760510499
-0.0090000000000000011,-0.0135,5417.412360949028,3250.4474165694169
-0.0085000000000000006,-0.0135,6018.5283493146517,3611.117009588791
-0.0080000000000000002,-0.0135,6609.8134187700043,3965.8880512620026
-0.0074999999999999997,-0.0135,7179.9745771550433,4307.9847462930256
-0.0069999999999999993,-0.0135,7719.7910094704612,4631.8746056822765
-0.0064999999999999988,-0.0135,8222.9169200912074,4933.7501520547239
-0.0059999999999999984,-0.0135,8686.275698658912,5211.765419195347
-0.0054999999999999979,-0.0135,9109.943063352106,5465.9658380112633
-0.005000000000000001,-0.0135,9496.5083435090401,5697.905006105424
-0.0044999999999999971,-0.0135,9850.0081476763553,5910.004888605813
-0.0040000000000000001,-0.0135,10174.62224810012,6104.7733488600725
-0.0035000000000000031,-0.0135,10473.384008369092,6284.0304050214554
-0.0029999999999999992,-0.0135,10747.169093771425,6448.301456262855
-0.0025000000000000022,-0.0135,10994.179414125527,6596.5076484753163
-0.0019999999999999983,-0.0135,11210.040881668117,6726.0245290008706
-0.0015000000000000013,-0.0135,11388.503435153649,6833.1020610921887
-0.00099999999999999742,-0.0135,11522.598776585923,6913.5592659515532
-0.00050000000000000044,-0.0135,11606.006571357835,6963.6039428147005
0,-0.0135,11634.329173184224,6980.5975039105342
0.00050000000000000044,-0.0135,11605.991750527957,6963.5950503167742
0.0010000000000000009,-0.0135,11522.56651076,6913.5399064559997
0.0015000000000000013,-0.0135,11388.448268602457,6833.0689611614735
0.0020000000000000018,-0.0135,11209.954131417167,6725.9724788502999
0.0024999999999999988,-0.0135,10994.048626298358,6596.4291757790143
0.0030000000000000027,-0.0135,10746.977416784621,6448.1864500707725
0.0034999999999999996,-0.0135,10473.109575258721,6283.8657451552326
0.0040000000000000036,-0.0135,10174.237688154857,6104.5426128929139
0.0045000000000000005,-0.0135,9849.4803711527529,5909.6882226916514
0.0049999999999999975,-0.0135,9495.7987559249032,5697.4792535549414
0.0055000000000000014,-0.0135,9109.0083602767227,5465.4050161660334
0.0059999999999999984,-0.0135,8685.0693613753137,5211.0416168251877
0.0064999999999999988,-0.0135,8221.3914730480101,4932.8348838288057
0.0069999999999999993,-0.0135,7717.9010128044947,4630.7406076826965
0.0074999999999999997,-0.0135,7177.6802186014138,4306.6081311608477
0.0080000000000000002,-0.0135,6607.0844523020723,3964.2506713812431
0.0085000000000000006,-0.0135,6015.3480215050704,3609.2088129030421
0.0090000000000000011,-0.0135,5413.7808914971083,3248.268534898265
0.0095000000000000015,-0.0135,4814.7192865515035,2888.8315719309021
0.010000000000000002,-0.0135,4230.4148899136035,2538.2489339481622
0.010500000000000002,-0.0135,3672.031504318129,2203.2189025908774
0.011000000000000003,-0.0135,3148.8739400598756,1889.3243640359253
0.011500000000000003,-0.0135,2667.9152941070561,1600.7491764642336
0.012000000000000004,-0.0135,2233.6299295505014,1340.1779577303007
0.012499999999999997,-0.0135,1848.0918130889477,1108.8550878533686
0.013000000000000005,-0.0135,1511.2680609573256,906.76083657439528
0.013499999999999998,-0.0135,1221.4269705955528,732.8561823573317
0.014000000000000005,-0.0135,975.58552595198387,585.3513155711903
0.014499999999999999,-0.0135,769.93780238257489,461.96268142954489
0.014999999999999999,-0.0135,600.22662809126382,360.13597685475827
0.0155,-0.0135,462.04095588154559,277.22457352892735
0.016000000000000007,-0.0135,351.03717385818635,210.62230431491182
0.016500000000000001,-0.0135,263.09260839532999,157.85556503719798
0.017000000000000001,-0.0135,194.40403490594244,116.64242094356545
0.017500000000000002,-0.0135,141.54446440451613,84.926678642709675
0.017999999999999995,-0.0135,101.48953866044259,60.893723196265555
0.018500000000000003,-0.0135,71.622089180756006,42.973253508453602
0.019000000000000003,-0.0135,49.720858377203186,29.832515026321911
0.019500000000000003,-0.0135,33.937557098015652,20.36253425880939
0.019999999999999997,-0.0135,22.765402918256356,13.659241750953813
0.020499999999999997,-0.0135,15.001839610597335,9.0011037663584013
0.021000000000000005,-0.0135,9.7079816009178828,5.8247889605507295
0.021500000000000005,-0.0135,6.1672005069992029,3.7003203041995216
0.021999999999999999,-0.0135,3.8450221859678622,2.3070133115807172
0.022499999999999999,-0.0135,2.3520923699067535,1.4112554219440521
0.023000000000000007,-0.0135,1.4114396323049503,0.84686377938297019
0.023500000000000007,-0.0135,0.83069833442479379,0.49841900065487627
0.024,-0.0135,0.47943488774407766,0.2876609326464466
0.024500000000000001,-0.0135,0.27130849358846471,0.16278509615307882
0.025000000000000001,-0.0135,0.1505204512389558,0.090312270743373474
-0.025000000000000001,-0.012999999999999999,0.2109194748520741,0.12655168491124447
-0.024500000000000001,-0.012999999999999999,0.37890342667123522,0.22734205600274113
-0.024,-0.012999999999999999,0.66737122650457081,0.40042273590274247
-0.0235,-0.012999999999999999,1.1525785312300845,0.69154711873805064
-0.023,-0.012999999999999999,1.9520117301688991,1.1712070381013393
-0.022500000000000003,-0.012999999999999999,3.2423273539469393,1.9453964123681635
-0.022000000000000002,-0.012999999999999999,5.2827226163232996,3.1696335697939797
-0.021500000000000002,-0.012999999999999999,8.4442479058348159,5.0665487435008894
-0.021000000000000001,-0.012999999999999999,13.245103809702369,7.9470622858214215
-0.020500000000000001,-0.012999999999999999,20.391298547184405,12.234779128310644
-0.02,-0.012999999999999999,30.821225185447716,18.49273511126863
-0.0195,-0.012999999999999999,45.751854493464677,27.451112696078805
-0.019,-0.012999999999999999,66.723476180314393,40.034085708188634
-0.018500000000000003,-0.012999999999999999,95.639418991290711,57.383651394774425
-0.018000000000000002,-0.012999999999999999,134.79705855948393,80.87823513569036
-0.017500000000000002,-0.012999999999999999,186.90669500331458,112.14401700198874
-0.017000000000000001,-0.012999999999999999,255.09540289191318,153.0572417351479
-0.016500000000000001,-0.012999999999999999,342.89340176770247,205.73604106062149
-0.016,-0.012999999999999999,454.20042513462948,272.5202550807777
-0.0155,-0.012999999999999999,593.22856645793729,355.93713987476235
-0.015000000000000001,-0.012999999999999999,764.41598765611616,458.64959259366969
-0.014500000000000001,-0.012999999999999999,972.30301518150895,583.38180910890537
-0.014,-0.012999999999999999,1221.359509052055,732.81570543123303
-0.0135,-0.012999999999999999,1515.751607509256,909.45096450555354
-0.012999999999999999,-0.012999999999999999,1859.0390205880176,1115.4234123528106
-0.012500000000000001,-0.012999999999999999,2253.8027394967266,1352.2816436980359
-0.012,-0.012999999999999999,2701.2180927256195,1620.7308556353717
-0.0115,-0.012999999999999999,3200.6084462467147,1920.3650677480287
-0.010999999999999999,-0.012999999999999999,3749.0371418419986,2249.4222851051991
-0.010499999999999999,-0.012999999999999999,4341.0139402207869,2604.6083641324722
-0.010000000000000002,-0.012999999999999999,4968.400474529104,2981.0402847174623
-0.0095000000000000015,-0.012999999999999999,5620.5906571893756,3372.3543943136251
-0.0090000000000000011,-0.012999999999999999,6285.0128345389439,3771.0077007233663
-0.0085000000000000006,-0.012999999999999999,6947.9515490695167,4168.77092944171
-0.0080000000000000002,-0.012999999999999999,7595.6245792111067,4557.3747475266637
-0.0074999999999999997,-0.012999999999999999,8215.3874263401867,4929.2324558041119
-0.0069999999999999993,-0.012999999999999999,8796.8879102355259,5278.1327461413157
-0.0064999999999999988,-0.012999999999999999,9332.9731224990574,5599.7838734994339
-0.0059999999999999984,-0.012999999999999999,9820.1703106779823,5892.1021864067889
-0.0054999999999999979,-0.012999999999999999,10258.624682288482,6155.1748093730894
-0.005000000000000001,-0.012999999999999999,10651.472590951789,6390.8835545710735
-0.0044999999999999971,-0.012999999999999999,11003.740165642619,6602.2440993855716
-0.0040000000000000001,-0.012999999999999999,11320.96071125554,6792.5764267533241
-0.0035000000000000031,-0.012999999999999999,11607.773805675639,6964.6642834053828
-0.0029999999999999992,-0.012999999999999999,11866.785300722959,7120.0711804337752
-0.0025000000000000022,-0.012999999999999999,12097.922180917747,7258.7533085506484
-0.0019999999999999983,-0.012999999999999999,12298.415826787037,7379.0494960722217
-0.0015000000000000013,-0.012999999999999999,12463.412165510223,7478.047299306133
-0.00099999999999999742,-0.012999999999999999,12587.067782528728,7552.2406695172358
-0.00050000000000000044,-0.012999999999999999,12663.88025425669,7598.3281525540133
0,-0.012999999999999999,12689.946045720293,7613.9676274321755
0.00050000000000000044,-0.012999999999999999,12663.854800841096,7598.3128805046572
0.0010000000000000009,-0.012999999999999999,12587.012368932905,7552.2074213597425
0.0015000000000000013,-0.012999999999999999,12463.317422019749,7477.9904532118489
0.0020000000000000018,-0.012999999999999999,12298.266841189845,7378.9601047139067
0.0024999999999999988,-0.012999999999999999,12097.697564823575,7258.6185388941449
0.0030000000000000027,-0.012999999999999999,11866.456113083335,7119.8736678500009
0.0034999999999999996,-0.012999999999999999,11607.302491986155,6964.3814951916929
0.0040000000000000036,-0.012999999999999999,11320.300264830614,6792.1801588983681
0.0045000000000000005,-0.012999999999999999,11002.833757883645,6601.7002547301872
0.0049999999999999975,-0.012999999999999999,10650.253939376409,6390.1523636258453
0.0055000000000000014,-0.012999999999999999,10257.019415509882,6154.2116493059284
0.0059999999999999984,-0.012999999999999999,9818.098537067568,5890.8591222405403
0.0064999999999999988,-0.012999999999999999,9330.3533071529291,5598.2119842917573
0.0069999999999999993,-0.012999999999999999,8793.6420143575215,5276.1852086145127
0.0074999999999999997,-0.012999999999999999,8211.4470760178829,4926.8682456107299
0.0080000000000000002,-0.012999999999999999,7590.9378296686418,4554.5626978011851
0.0085000000000000006,-0.012999999999999999,6942.4896278324522,4165.4937766994708
0.0090000000000000011,-0.012999999999999999,6278.7761189206831,3767.2656713524098
0.0095000000000000015,-0.012999999999999999,5613.6131018865271,3368.1678611319162
0.010000000000000002,-0.012999999999999999,4960.7517771803496,2976.4510663082096
0.010500000000000002,-0.012999999999999999,4332.7989223613058,2599.6793534167832
0.011000000000000003,-0.012999999999999999,3740.3921140461139,2244.2352684276684
0.011500000000000003,-0.012999999999999999,3191.6946824197298,1915.0168094518378
0.012000000000000004,-0.012999999999999999,2692.2129064763058,1615.3277438857833
0.012499999999999997,-0.012999999999999999,2244.8889756684903,1346.933385401094
0.013000000000000005,-0.012999999999999999,1850.3939927884287,1110.2363956730571
0.013499999999999998,-0.012999999999999999,1507.5365896402429,904.52195378414569
0.014000000000000005,-0.012999999999999999,1213.7108116795946,728.22648700775676
0.014499999999999999,-0.012999999999999999,965.32545982105205,579.19527589263123
0.014999999999999999,-0.012999999999999999,758.17927190070554,454.90756314042329
0.0155,-0.012999999999999999,587.76664490097096,352.65998694058254
0.016000000000000007,-0.012999999999999999,449.51367486107085,269.7082049166425
0.016500000000000001,-0.012999999999999999,338.95304980833737,203.37182988500243
0.017000000000000001,-0.012999999999999999,251.84950342223704,151.1097020533422
0.017500000000000002,-0.012999999999999999,184.28687193634343,110.57212316180606
0.017999999999999995,-0.012999999999999999,132.72526868722764,79.635161212336584
0.018500000000000003,-0.012999999999999999,94.034118653484796,56.420471192090879
0.019000000000000003,-0.012999999999999999,65.504756748589955,39.302854049153972
0.019500000000000003,-0.012999999999999999,44.84531230144033,26.907187380864197
0.019999999999999997,-0.012999999999999999,30.160517809787596,18.096310685872556
0.020499999999999997,-0.012999999999999999,19.919488553635098,11.951693132181058
0.021000000000000005,-0.012999999999999999,12.914991314356689,7.7489947886140129
0.021500000000000005,-0.012999999999999999,8.2179431719721396,4.9307659031832838
0.021999999999999999,-0.012999999999999999,5.1307161156872736,3.0784296694123641
0.022499999999999999,-0.012999999999999999,3.1422887710709388,1.8853732626425632
0.023000000000000007,-0.012999999999999999,1.8875042989325705,1.1325025793595422
0.023500000000000007,-0.012999999999999999,1.1118227884587242,0.66709367307523448
0.024,-0.012999999999999999,0.64214195419604592,0.38528517251762756
0.024500000000000001,-0.012999999999999999,0.36360109949387598,0.21816065969632559
0.025000000000000001,-0.012999999999999999,0.20182563944053372,0.12109538366432022
-0.025000000000000001,-0.012500000000000001,0.28056681676231798,0.16834009005739078
-0.024500000000000001,-0.012500000000000001,0.50343715289639823,0.30206229173783894
-0.024,-0.012500000000000001,0.88565458756508797,0.53139275253905272
-0.0235,-0.012500000000000001,1.5276479435487826,0.91658876612926954
-0.023,-0.012500000000000001,2.5837965971420491,1.5502779582852295
-0.022500000000000003,-0.012500000000000001,4.2856198388793665,2.5713719033276199
-0.022000000000000002,-0.012500000000000001,6.9717593905026316,4.1830556343015788
-0.021500000000000002,-0.012500000000000001,11.125205985288025,6.6751235911728148
-0.021000000000000001,-0.012500000000000001,17.417506629258174,10.450503977554904
-0.020500000000000001,-0.012500000000000001,26.75869297306528,16.055215783839166
-0.02,-0.012500000000000001,40.350467142696651,24.210280285617991
-0.0195,-0.012500000000000001,59.738926201135996,35.843355720681593
-0.019,-0.012500000000000001,86.86203104520537,52.117218627123222
-0.018500000000000003,-0.012500000000000001,124.08639548402448,74.451837290414687
-0.018000000000000002,-0.012500000000000001,174.22801440065544,104.53680864039326
-0.017500000000000002,-0.012500000000000001,240.55236252167512,144.33141751300508
-0.017000000000000001,-0.012500000000000001,326.7507526121463,196.05045156728778
-0.016500000000000001,-0.012500000000000001,436.8915528482022,262.13493170892133
-0.016,-0.012500000000000001,575.34621206666054,345.2077272399963
-0.0155,-0.012500000000000001,746.69034502245768,448.01420701347462
-0.015000000000000001,-0.012500000000000001,955.57890170406336,573.34734102243794
-0.014500000000000001,-0.012500000000000001,1206.5917144016832,723.9550286410099
-0.014,-0.012500000000000001,1504.042290558323,902.42537433499376
-0.0135,-0.012500000000000001,1851.7402533524771,1111.0441520114862
-0.012999999999999999,-0.012500000000000001,2252.6985842077161,1351.6191505246295
-0.012500000000000001,-0.012500000000000001,2708.7830480051575,1625.2698288030945
-0.012,-0.012500000000000001,3220.3142449019269,1932.1885469411561
-0.0115,-0.012500000000000001,3785.652150367473,2271.3912902204838
-0.010999999999999999,-0.012500000000000001,4400.815781074265,2640.4894686445591
-0.010499999999999999,-0.012500000000000001,5059.2112198803179,3035.5267319281907
-0.010000000000000002,-0.012500000000000001,5751.5524302656931,3450.9314581594158
-0.0095000000000000015,-0.012500000000000001,6466.0539486535463,3879.6323691921275
-0.0090000000000000011,-0.012500000000000001,7188.9479245661705,4313.3687547397021
-0.0085000000000000006,-0.012500000000000001,7905.3300150819832,4743.1980090491897
-0.0080000000000000002,-0.012500000000000001,8600.2753524136024,5160.1652114481612
-0.0074999999999999997,-0.012500000000000001,9260.099176368316,5556.0595058209892
-0.0069999999999999993,-0.012500000000000001,9873.5826910780634,5924.149614646838
-0.0064999999999999988,-0.012500000000000001,10432.95946119421,6259.7756767165256
-0.0059999999999999984,-0.012500000000000001,10934.47310739286,6560.6838644357158
-0.0054999999999999979,-0.012500000000000001,11378.376638666625,6827.0259831999747
-0.005000000000000001,-0.012500000000000001,11768.340029045863,7061.0040174275173
-0.0044999999999999971,-0.012500000000000001,12110.347607060203,7266.2085642361217
-0.0040000000000000001,-0.012500000000000001,12411.275294712834,7446.7651768277001
-0.0035000000000000031,-0.012500000000000001,12677.413192516206,7606.4479155097233
-0.0029999999999999992,-0.012500000000000001,12913.220511084339,7747.9323066506031
-0.0025000000000000022,-0.012500000000000001,13120.55810368843,7872.3348622130579
-0.0019999999999999983,-0.012500000000000001,13298.544670153282,7979.1268020919688
-0.0015000000000000013,-0.012500000000000001,13444.046628925746,8066.4279773554472
-0.00099999999999999742,-0.012500000000000001,13552.669607845635,8131.6017647073804
-0.00050000000000000044,-0.012500000000000001,13620.005363280838,8172.0032179685022
0,-0.012500000000000001,13642.829969412498,8185.6979816474986
0.00050000000000000044,-0.012500000000000001,13619.962532453623,8171.9775194721733
0.0010000000000000009,-0.012500000000000001,13552.576362593769,8131.5458175562608
0.0015000000000000013,-0.012500000000000001,13443.887202696491,8066.3323216178942
0.0020000000000000018,-0.012500000000000001,13298.293969953666,7978.9763819721993
0.0024999999999999988,-0.012500000000000001,13120.180138967633,7872.108083380579
0.0030000000000000027,-0.012500000000000001,12912.666582325317,7747.5999493951895
0.0034999999999999996,-0.012500000000000001,12676.620106216171,7605.9720637297023
0.0040000000000000036,-0.012500000000000001,12410.163952048271,7446.0983712289626
0.0045000000000000005,-0.012500000000000001,12108.822381733793,7265.2934290402754
0.0049999999999999975,-0.012500000000000001,11766.289386574588,7059.7736319447531
0.0055000000000000014,-0.012500000000000001,11375.675433252027,6825.4052599512161
0.0059999999999999984,-0.012500000000000001,10930.986904246522,6558.5921425479128
0.0064999999999999988,-0.012500000000000001,10428.551060364804,6257.1306362188816
0.0069999999999999993,-0.012500000000000001,9868.1207755648538,5920.8724653389118
0.0074999999999999997,-0.012500000000000001,9253.4686924089547,5552.0812154453724
0.0080000000000000002,-0.012500000000000001,8592.3888917892818,5155.4333350735687
0.0085000000000000006,-0.012500000000000001,7896.1391619376109,4737.6834971625667
0.0090000000000000011,-0.012500000000000001,7178.4533138124189,4307.0719882874509
0.0095000000000000015,-0.012500000000000001,6454.3127163450299,3872.5876298070179
0.010000000000000002,-0.012500000000000001,5738.6818576179057,3443.2091145707432
0.010500000000000002,-0.012500000000000001,5045.3876915927813,3027.2326149556689
0.011000000000000003,-0.012500000000000001,4386.2686689039565,2631.7612013423736
0.011500000000000003,-0.012500000000000001,3770.6528322261784,2262.391699335707
0.012000000000000004,-0.012500000000000001,3205.1610889403423,1923.0966533642054
0.012499999999999997,-0.012500000000000001,2693.7837298617574,1616.2702379170544
0.013000000000000005,-0.012500000000000001,2238.1514720311757,1342.8908832187053
0.013499999999999998,-0.012500000000000001,1837.9167250488997,1102.7500350293399
0.014000000000000005,-0.012500000000000001,1491.1717178706458,894.70303072238744
0.014499999999999999,-0.012500000000000001,1194.8504819962263,716.91028919773578
0.014999999999999999,-0.012500000000000001,945.08429071953014,567.05057443171802
0.0155,-0.012500000000000001,737.49949133978453,442.49969480387068
0.016000000000000007,-0.012500000000000001,567.45975021212109,340.47585012727262
0.016500000000000001,-0.012500000000000001,430.26106613413219,258.15663968047932
0.017000000000000001,-0.012500000000000001,321.28883105517917,192.77329863310749
0.017500000000000002,-0.012500000000000001,236.14394870029534,141.6863692201772
0.017999999999999995,-0.012500000000000001,170.74178389028378,102.44507033417027
0.018500000000000003,-0.012500000000000001,121.38513359887314,72.831080159323875
0.019000000000000003,-0.012500000000000001,84.811274391089214,50.886764634653524
0.019500000000000003,-0.012500000000000001,58.21347466230204,34.928084797381224
0.019999999999999997,-0.012500000000000001,39.238685372596066,23.543211223557638
0.020499999999999997,-0.012500000000000001,25.96477153506806,15.578862921040836
0.021000000000000005,-0.012500000000000001,16.862021602258068,10.11721296135484
0.021500000000000005,-0.012500000000000001,10.744399766279775,6.4466398597678651
0.021999999999999999,-0.012500000000000001,6.7159758733668031,4.0295855240200815
0.022499999999999999,-0.012500000000000001,4.1172834817483182,2.4703700890489908
0.023000000000000007,-0.012500000000000001,2.4752490180978266,1.485149410858696
0.023500000000000007,-0.012500000000000001,1.4590676710872617,0.87544060265235701
0.024,-0.012500000000000001,0.84320092947250591,0.50592055768350352
0.024500000000000001,-0.012500000000000001,0.47768770764628987,0.28661262458777392
0.025000000000000001,-0.012500000000000001,0.26526448958495885,0.1591586937509753
-0.025000000000000001,-0.012,0.36695257555233235,0.2201715453313994
-0.024500000000000001,-0.012,0.65760975493956142,0.39456585296373686
-0.024,-0.012,1.1553913849301434,0.69323483095808602
-0.0235,-0.012,1.9902866659013119,1.1941719995407871
-0.023,-0.012,3.3616821497552487,2.0170092898531493
-0.022500000000000003,-0.012,5.5678536545390775,3.3407121927234464
-0.022000000000000002,-0.012,9.0438347806182406,5.4263008683709444
-0.021500000000000002,-0.012,14.407998230704512,8.6447989384227064
-0.021000000000000001,-0.012,22.516657044937823,13.509994226962693
-0.020500000000000001,-0.012,34.524578513040765,20.714747107824458
-0.02,-0.012,51.947610784376856,31.168566470626111
-0.0195,-0.012,76.721877252511078,46.033126351506645
-0.019,-0.012,111.25253486365132,66.751520918190792
-0.018500000000000003,-0.012,158.44432098490077,95.066592590940459
-0.018000000000000002,-0.012,221.70639880635355,133.02383928381212
-0.017500000000000002,-0.012,304.92556078204728,182.95533646922837
-0.017000000000000001,-0.012,412.4045752153628,247.44274512921766
-0.016500000000000001,-0.012,548.7658927563989,329.25953565383935
-0.016,-0.012,718.82423300468054,431.29453980280829
-0.0155,-0.012,927.43371270053274,556.46022762031964
-0.015000000000000001,-0.012,1179.3152378716929,707.5891427230157
-0.014500000000000001,-0.012,1478.8674686877787,887.32048121266723
-0.014,-0.012,1829.9602871528641,1097.9761722917185
-0.0135,-0.012,2235.7049515873978,1341.4229709524386
-0.012999999999999999,-0.012,2698.1925242098018,1618.915514525881
-0.012500000000000001,-0.012,3218.1945385522436,1930.9167231313461
-0.012,-0.012,3794.8293934352519,2276.8976360611509
-0.0115,-0.012,4425.2149882846161,2655.1289929707696
-0.010999999999999999,-0.012,5104.1503342929345,3062.4902005757608
-0.010499999999999999,-0.012,5823.8910485802608,3494.3346291481562
-0.010000000000000002,-0.012,6574.0983357215064,3944.4590014329037
-0.0095000000000000015,-0.012,7342.0404208280415,4405.2242524968251
-0.0090000000000000011,-0.012,8113.103596107404,4867.8621576644418
-0.0085000000000000006,-0.012,8871.6258196086128,5322.9754917651671
-0.0080000000000000002,-0.012,9602.0041993175419,5761.2025195905253
-0.0074999999999999997,-0.012,10289.960189651996,6173.9761137911973
-0.0069999999999999993,-0.012,10923.788980002477,6554.2733880014857
-0.0064999999999999988,-0.012,11495.389293063996,6897.233575838397
-0.0059999999999999984,-0.012,12000.879691326598,7200.5278147959589
-0.0054999999999999979,-0.012,12440.662241018483,7464.3973446110895
-0.005000000000000001,-0.012,12818.887654438917,7691.3325926633497
-0.0044999999999999971,-0.012,13142.390465874501,7885.4342795247003
-0.0040000000000000001,-0.012,13419.273284591531,8051.563970754918
-0.0035000000000000031,-0.012,13657.398728750997,8194.4392372505972
-0.0029999999999999992,-0.012,13863.074482697295,8317.8446896183759
-0.0025000000000000022,-0.012,14040.180743310149,8424.1084459860886
-0.0019999999999999983,-0.012,14189.895017191162,8513.9370103146975
-0.0015000000000000013,-0.012,14311.036668960347,8586.6220013762086
-0.00099999999999999742,-0.012,14400.91336409203,8640.548018455218
-0.00050000000000000044,-0.012,14456.437434698882,8673.8624608193295
0,-0.012,14475.220688232155,8685.1324129392924
0.00050000000000000044,-0.012,14456.366818603019,8673.8200911618114
0.0010000000000000009,-0.012,14400.759628661883,8640.4557771971286
0.0015000000000000013,-0.012,14310.773819545067,8586.4642917270394
0.0020000000000000018,-0.012,14189.481682439486,8513.689009463691
0.0024999999999999988,-0.012,14039.557584835391,8423.7345509012339
0.0030000000000000027,-0.012,13862.161208569843,8317.296725141905
0.0034999999999999996,-0.012,13656.091150498625,8193.654690299174
0.0040000000000000036,-0.012,13417.440990301429,8050.4645941808576
0.0045000000000000005,-0.012,13139.875794436239,7883.9254766617432
0.0049999999999999975,-0.012,12815.506716577926,7689.3040299467548
0.0055000000000000014,-0.012,12436.208706194908,7461.7252237169441
0.0059999999999999984,-0.012,11995.131914045251,7197.0791484271504
0.0064999999999999988,-0.012,11488.12106884678,6892.8726413080676
0.0069999999999999993,-0.012,10914.783803717079,6548.8702822302466
0.0074999999999999997,-0.012,10279.028369713162,6167.4170218278969
0.0080000000000000002,-0.012,9589.0016239356846,5753.4009743614106
0.0085000000000000006,-0.012,8856.4726645336032,5313.8835987201619
0.0090000000000000011,-0.012,8095.8009081299733,4857.4805448779834
0.0095000000000000015,-0.012,7322.6824013767555,4393.6094408260533
0.010000000000000002,-0.012,6552.8783488310064,3931.7270092986037
0.010500000000000002,-0.012,5801.0999034564747,3480.6599420738848
0.011000000000000003,-0.012,5080.1662010304881,3048.0997206182928
0.011500000000000003,-0.012,4400.4852934190676,2640.2911760514403
0.012000000000000004,-0.012,3769.8460628831504,2261.9076377298902
0.012499999999999997,-0.012,3193.4648436832167,1916.07890620993
0.013000000000000005,-0.012,2674.208390937079,1604.5250345622474
0.013499999999999998,-0.012,2212.9138064371614,1327.7482838622968
0.014000000000000005,-0.012,1808.7403001965997,1085.2441801179598
0.014499999999999999,-0.012,1459.5094490766669,875.70566944600012
0.014999999999999999,-0.012,1162.0125495137681,697.20752970826084
0.0155,-0.012,912.28055673801634,547.36833404280981
0.016000000000000007,-0.012,705.82165559453676,423.49299335672202
0.016500000000000001,-0.012,537.83406827581666,322.70044096548997
0.017000000000000001,-0.012,403.3993889654954,242.03963337929724
0.017500000000000002,-0.012,297.65731514469007,178.59438908681403
0.017999999999999995,-0.012,215.95857640933968,129.5751458456038
0.018500000000000003,-0.012,153.99069305712032,92.394415834272195
0.019000000000000003,-0.012,107.87140874698028,64.722845248188165
0.019500000000000003,-0.012,74.206832853013282,44.52409971180797
0.019999999999999997,-0.012,50.114592531635346,30.068755518981206
0.020499999999999997,-0.012,33.215623350949869,19.929374010569919
0.021000000000000005,-0.012,21.600817065367323,12.960490239220393
0.021500000000000005,-0.012,13.780154917410737,8.2680929504464427
0.021999999999999999,-0.012,8.6221190552219014,5.1732714331331406
0.022499999999999999,-0.012,5.2903139219049358,3.1741883531429615
0.023000000000000007,-0.012,3.1827174473020401,1.909630468381224
0.023500000000000007,-0.012,1.8772169119435969,1.126330147166158
0.024,-0.012,1.0853971358138728,0.65123828148832363
0.024500000000000001,-0.012,0.61515609684697925,0.36909365810818756
0.025000000000000001,-0.012,0.34172330324380706,0.20503398194628422
-0.025000000000000001,-0.0115,0.47221355384589492,0.28332813230753695
-0.024500000000000001,-0.0115,0.84504177316905182,0.50702506390143109
-0.024,-0.0115,1.4825927872217963,0.88955567233307775
-0.0235,-0.0115,2.5502734920439964,1.5301640952263977
-0.023,-0.0115,4.3012533179681007,2.5807519907808603
-0.022500000000000003,-0.0115,7.113359499230052,4.2680156995380312
-0.022000000000000002,-0.0115,11.53614953209434,6.9216897192566043
-0.021500000000000002,-0.0115,18.348315994441162,11.008989596664696
-0.021000000000000001,-0.0115,28.62416095400436,17.174496572402614
-0.020500000000000001,-0.0115,43.805950429058839,26.283570257435304
-0.02,-0.0115,65.776672009959555,39.466003205975731
-0.0195,-0.0115,96.925383152346896,58.155229891408133
-0.019,-0.0115,140.19542494751468,84.117254968508803
-0.018500000000000003,-0.0115,199.10485642000947,119.46291385200567
-0.018000000000000002,-0.0115,277.72908388503339,166.63745033102003
-0.017500000000000002,-0.0115,380.63816710883702,228.3829002653022
-0.017000000000000001,-0.0115,512.78564201113329,307.67138520667999
-0.016500000000000001,-0.0115,679.35134737548231,407.61080842528935
-0.016,-0.0115,885.54658001857092,531.32794801114255
-0.0155,-0.0115,1136.394458610798,681.83667516647881
-0.015000000000000001,-0.0115,1436.5001808615555,861.9001085169333
-0.014500000000000001,-0.0115,1789.8239582316282,1073.8943749389769
-0.014,-0.0115,2199.4638916491713,1319.6783349895027
-0.0135,-0.0115,2667.4483661195441,1600.4690196717263
-0.012999999999999999,-0.0115,3194.5304555677717,1916.718273340663
-0.012500000000000001,-0.0115,3779.9738349843442,2267.9843009906062
-0.012,-0.0115,4421.3239529270541,2652.7943717562325
-0.0115,-0.0115,5114.1712304410394,3068.5027382646235
-0.010999999999999999,-0.0115,5851.9335225421391,3511.1601135252836
-0.010499999999999999,-0.0115,6625.7083890782123,3975.425033446927
-0.010000000000000002,-0.0115,7424.2644682288965,4454.5586809373381
-0.0095000000000000015,-0.0115,8234.2469209682549,4940.5481525809528
-0.0090000000000000011,-0.0115,9040.6574777867991,5424.3944866720794
-0.0085000000000000006,-0.0115,9827.632277083203,5896.5793662499218
-0.0080000000000000002,-0.0115,10579.483973502232,6347.6903841013391
-0.0074999999999999997,-0.0115,11281.908878878996,6769.1453273273974
-0.0069999999999999993,-0.0115,11923.200774927378,7153.9204649564263
-0.0064999999999999988,-0.0115,12495.277735938782,7497.166641563269
-0.0059999999999999984,-0.0115,12994.330879737998,7796.5985278427979
-0.0054999999999999979,-0.0115,13420.950626085567,8052.5703756513394
-0.005000000000000001,-0.0115,13779.672056868829,8267.8032341212966
-0.0044999999999999971,-0.0115,14077.990422380864,8446.7942534285175
-0.0040000000000000001,-0.0115,14325.006594226381,8595.0039565358275
-0.0035000000000000031,-0.0115,14529.943702789933,8717.9662216739598
-0.0029999999999999992,-0.0115,14700.808219232307,8820.484931539384
-0.0025000000000000022,-0.0115,14843.440174267602,8906.0641045605607
-0.0019999999999999983,-0.0115,14961.111648732542,8976.6669892395239
-0.0015000000000000013,-0.0115,15054.708522477282,9032.8251134863694
-0.00099999999999999742,-0.0115,15123.396877094059,9074.0381262564351
-0.00050000000000000044,-0.0115,15165.565121350646,9099.3390728103877
0,-0.0115,15179.773644146644,9107.8641864879864
0.00050000000000000044,-0.0115,15165.451047056178,9099.2706282337058
0.0010000000000000009,-0.0115,15123.148530587303,9073.889118352381
0.0015000000000000013,-0.0115,15054.283911611548,9032.5703469669279
0.0020000000000000018,-0.0115,14960.44394160997,8976.2663649659826
0.0024999999999999988,-0.0115,14842.433514773324,8905.4601088639938
0.0030000000000000027,-0.0115,14699.332902585718,8819.5997415514303
0.0034999999999999996,-0.0115,14527.831421379069,8716.6988528274414
0.0040000000000000036,-0.0115,14322.046678702241,8593.2280072213453
0.0045000000000000005,-0.0115,14073.928184634211,8444.356910780527
0.0049999999999999975,-0.0115,13774.210439422894,8264.5262636537354
0.0055000000000000014,-0.0115,13413.756319508939,8048.2537917053633
0.0059999999999999984,-0.0115,12985.045834591992,7791.0275007551954
0.0064999999999999988,-0.0115,12483.536538135735,7490.1219228814407
0.0069999999999999993,-0.0115,11908.653678847466,7145.1922073084797
0.0074999999999999997,-0.0115,11264.249453906232,6758.5496723437391
0.0080000000000000002,-0.0115,10558.479419302346,6335.087651581408
0.0085000000000000006,-0.0115,9803.1536443719906,5881.892186623194
0.0090000000000000011,-0.0115,9012.7064575656223,5407.623874539373
0.0095000000000000015,-0.0115,8202.9756876297943,4921.7854125778767
0.010000000000000002,-0.0115,7389.985384918652,4433.991230951191
0.010500000000000002,-0.0115,6588.8912333247463,3953.3347399948475
0.011000000000000003,-0.0115,5813.1891959565555,3487.9135175739334
0.011500000000000003,-0.0115,5074.222512522063,3044.5335075132375
0.012000000000000004,-0.0115,4380.9655081371484,2628.5793048822889
0.012499999999999997,-0.0115,3740.0251170597448,2244.0150702358469
0.013000000000000005,-0.0115,3155.7861289655903,1893.4716773793541
0.013499999999999998,-0.0115,2630.6312103233486,1578.378726194009
0.014000000000000005,-0.0115,2165.1848082326928,1299.1108849396157
0.014499999999999999,-0.0115,1758.5527246349825,1055.1316347809895
0.014999999999999999,-0.0115,1408.549160025723,845.1294960154338
0.0155,-0.0115,1111.9158244658952,667.14949467953704
0.016000000000000007,-0.0115,864.54202254216113,518.72521352529668
0.016500000000000001,-0.0115,661.69191506590937,397.01514903954563
0.017000000000000001,-0.0115,498.23852983446869,298.94311790068122
0.017500000000000002,-0.0115,368.89693470337272,221.33816082202364
0.017999999999999995,-0.0115,268.44396585850313,161.06637951510189
0.018500000000000003,-0.0115,191.91039944145433,115.1462396648726
0.019000000000000003,-0.0115,134.73350339054684,80.840102034328098
0.019500000000000003,-0.0115,92.862542918551298,55.717525751130779
0.019999999999999997,-0.0115,62.815586985771731,37.689352191463037
0.020499999999999997,-0.0115,41.691444737692358,25.014866842615415
0.021000000000000005,-0.0115,27.144699391631693,16.286819634979015
0.021500000000000005,-0.0115,17.334088542123069,10.400453125273842
0.021999999999999999,-0.0115,10.854903659573459,6.512942195744075
0.022499999999999999,-0.0115,6.665017675742539,3.9990106054455232
0.023000000000000007,-0.0115,4.0121510684406863,2.4072906410644115
0.023500000000000007,-0.0115,2.3676189251120974,1.4205713550672583
0.024,-0.0115,1.3695230332640955,0.82171381995845727
0.024500000000000001,-0.0115,0.7764615007075425,0.46587690042452545
0.025000000000000001,-0.0115,0.4314578110745414,0.25887468664472485
-0.025000000000000001,-0.010999999999999999,0.59839534563182695,0.35903720737909617
-0.024500000000000001,-0.010999999999999999,1.0691058023315838,0.64146348139895026
-0.024,-0.010999999999999999,1.8726952757750275,1.1236171654650164
-0.0235,-0.010999999999999999,3.2161735597179981,1.9297041358307987
-0.023,-0.010999999999999999,5.4156936380756582,3.2494161828453949
-0.022500000000000003,-0.010999999999999999,8.9419518273236758,5.3651710963942056
-0.022000000000000002,-0.010999999999999999,14.47776347561482,8.6866580853688919
-0.021500000000000002,-0.010999999999999999,22.987710674550737,13.792626404730441
-0.021000000000000001,-0.010999999999999999,35.797875597420706,21.478725358452422
-0.020500000000000001,-0.010999999999999999,54.681138978388475,32.808683387033085
-0.02,-0.010999999999999999,81.940536798982833,49.164322079389699
-0.0195,-0.010999999999999999,120.48014549827458,72.28808729896474
-0.019,-0.010999999999999999,173.8505371294286,104.31032227765716
-0.018500000000000003,-0.010999999999999999,246.25478239918598,147.75286943951158
-0.018000000000000002,-0.010999999999999999,342.50203938244789,205.50122362946874
-0.017500000000000002,-0.010999999999999999,467.89946746112759,280.73968047667654
-0.017000000000000001,-0.010999999999999999,628.07957676459137,376.84774605875481
-0.016500000000000001,-0.010999999999999999,828.76849692033602,497.26109815220161
-0.016,-0.010999999999999999,1075.5096090114994,645.30576540689958
-0.0155,-0.010999999999999999,1373.3645359586033,824.01872157516198
-0.015000000000000001,-0.010999999999999999,1726.617486144811,1035.9704916868866
-0.014500000000000001,-0.010999999999999999,2138.5077411661346,1283.1046446996806
-0.014,-0.010999999999999999,2611.0082025693137,1566.6049215415881
-0.0135,-0.010999999999999999,3144.656590680303,1886.7939544081817
-0.012999999999999999,-0.010999999999999999,3738.4331218622515,2243.0598731173509
-0.012500000000000001,-0.010999999999999999,4389.668525778824,2633.8011154672945
-0.012,-0.010999999999999999,5093.9634557545751,3056.378073452745
-0.0115,-0.010999999999999999,5845.1076330562992,3507.0645798337796
-0.010999999999999999,-0.010999999999999999,6635.004515435975,3981.0027092615846
-0.010499999999999999,-0.010999999999999999,7453.6312370189944,4472.1787422113966
-0.010000000000000002,-0.010999999999999999,8289.0869032859027,4973.4521419715411
-0.0095000000000000015,-0.010999999999999999,9127.7959835225101,5476.6775901135061
-0.0090000000000000011,-0.010999999999999999,9954.9291487982955,5972.9574892789769
-0.0085000000000000006,-0.010999999999999999,10755.076783620721,6453.0460701724323
-0.0080000000000000002,-0.010999999999999999,11513.162046531243,6907.8972279187456
-0.0074999999999999997,-0.010999999999999999,12215.519367345734,7329.3116204074404
-0.0069999999999999993,-0.010999999999999999,12851.005145682098,7710.6030874092585
-0.0064999999999999988,-0.010999999999999999,13411.967212795798,8047.180327677479
-0.0059999999999999984,-0.010999999999999999,13894.89320130134,8336.9359207808029
-0.0054999999999999979,-0.010999999999999999,14300.593176843629,8580.3559061061769
-0.005000000000000001,-0.010999999999999999,14633.846157681863,8780.3076946091169
-0.0044999999999999971,-0.010999999999999999,14902.539831133552,8941.5238986801305
-0.0040000000000000001,-0.010999999999999999,15116.435682579493,9069.8614095476951
-0.0035000000000000031,-0.010999999999999999,15285.772501096251,9171.46350065775
-0.0029999999999999992,-0.010999999999999999,15419.958018111902,9251.9748108671411
-0.0025000000000000022,-0.010999999999999999,15526.579373727347,9315.9476242364071
-0.0019999999999999983,-0.010999999999999999,15610.890148767419,9366.5340892604509
-0.0015000000000000013,-0.010999999999999999,15675.820966671083,9405.4925800026485
-0.00099999999999999742,-0.010999999999999999,15722.438795157621,9433.4632770945718
-0.00050000000000000044,-0.010999999999999999,15750.677501161026,9450.4065006966157
0,-0.010999999999999999,15760.105155662539,9456.0630933975226
0.00050000000000000044,-0.010999999999999999,15750.496946490543,9450.2981678943252
0.0010000000000000009,-0.010999999999999999,15722.0457169282,9433.2274301569196
0.0015000000000000013,-0.010999999999999999,15675.148900494369,9405.0893402966212
0.0020000000000000018,-0.010999999999999999,15609.833314359148,9365.8999886154888
0.0024999999999999988,-0.010999999999999999,15524.986051812695,9314.991631087616
0.0030000000000000027,-0.010999999999999999,15417.622914377802,9250.5737486266808
0.0034999999999999996,-0.010999999999999999,15282.429221386501,9169.4575328319006
0.0040000000000000036,-0.010999999999999999,15111.750783368851,9067.0504700213096
0.0045000000000000005,-0.010999999999999999,14896.110196822185,8937.6661180933097
0.0049999999999999975,-0.010999999999999999,14625.201611223476,8775.1209667340845
0.0055000000000000014,-0.010999999999999999,14289.206162272741,8573.5236973636438
0.0059999999999999984,-0.010999999999999999,13880.197004629317,8328.1182027775903
0.0064999999999999988,-0.010999999999999999,13393.383463404673,8036.0300780428033
0.0069999999999999993,-0.010999999999999999,12827.980272713208,7696.7881636279244
0.0074999999999999997,-0.010999999999999999,12187.568358122451,7312.5410148734709
0.0080000000000000002,-0.010999999999999999,11479.91642901667,6887.9498574100016
0.0085000000000000006,-0.010999999999999999,10716.332459287427,6429.7994755724558
0.0090000000000000011,-0.010999999999999999,9910.6887941317691,5946.4132764790611
0.0095000000000000015,-0.010999999999999999,9078.3004573196704,5446.9802743918017
0.010000000000000002,-0.010999999999999999,8234.8306081207011,4940.8983648724206
0.010500000000000002,-0.010999999999999999,7395.357728021565,4437.2146368129388
0.011000000000000003,-0.010999999999999999,6573.6807163081221,3944.2084297848733
0.011500000000000003,-0.010999999999999999,5781.8775457384272,3469.1265274430561
0.012000000000000004,-0.010999999999999999,5030.0848603699897,3018.0509162219937
0.012499999999999997,-0.010999999999999999,4326.438438452049,2595.8630630712291
0.013000000000000005,-0.010999999999999999,3677.1093227081278,2206.2655936248766
0.013499999999999998,-0.010999999999999999,3086.3830816152399,1851.8298489691438
0.014000000000000005,-0.010999999999999999,2556.7519072359692,1534.0511443415814
0.014499999999999999,-0.010999999999999999,2089.0122145546461,1253.4073287327876
0.014999999999999999,-0.010999999999999999,1682.3771305054156,1009.4262783032493
0.0155,-0.010999999999999999,1334.620209356091,800.77212561365457
0.016000000000000007,-0.010999999999999999,1042.2639863109086,625.35839178654521
0.016500000000000001,-0.010999999999999999,800.81747608449689,480.49048565069813
0.017000000000000001,-0.010999999999999999,605.05467831806425,363.03280699083854
0.017500000000000002,-0.010999999999999999,449.31566330193857,269.58939798116313
0.017999999999999995,-0.010999999999999999,327.8057273564894,196.68343641389365
0.018500000000000003,-0.010999999999999999,234.86752977492515,140.92051786495509
0.019000000000000003,-0.010999999999999999,165.20550932976568,99.1233055978594
0.019500000000000003,-0.010999999999999999,114.04955758147374,68.429734548884241
0.019999999999999997,-0.010999999999999999,77.253786525425156,46.352271915255095
0.020499999999999997,-0.010999999999999999,51.334338718855527,30.800603231313314
0.021000000000000005,-0.010999999999999999,33.456211367745333,20.073726820647199
0.021500000000000005,-0.010999999999999999,21.382410336744655,12.829446202046793
0.021999999999999999,-0.010999999999999999,13.399500185869201,8.0397001115215208
0.022499999999999999,-0.010999999999999999,8.2323247322848481,4.9393948393709088
0.023000000000000007,-0.010999999999999999,4.9581079774172601,2.9748647864503561
0.023500000000000007,-0.010999999999999999,2.9270713101906018,1.756242786114361
0.024,-0.010999999999999999,1.6937305733218475,1.0162383439931084
0.024500000000000001,-0.010999999999999999,0.9605582232873815,0.57633493397242885
0.025000000000000001,-0.010999999999999999,0.53388791439551142,0.32033274863730682
-0.025000000000000001,-0.010499999999999999,0.74746936297120081,0.4484816177827205
-0.024500000000000001,-0.010499999999999999,1.3329364701266384,0.79976188207598298
-0.024,-0.010499999999999999,2.3305443939712172,1.3983266363827302
-0.0235,-0.010499999999999999,3.9952560407823703,2.3971536244694223
-0.023,-0.010499999999999999,6.715560940878575,4.0293365645271448
-0.022500000000000003,-0.010499999999999999,11.068426676397674,6.6410560058386041
-0.022000000000000002,-0.010499999999999999,17.88858484669267,10.733150908015601
-0.021500000000000002,-0.010499999999999999,28.351700529046838,17.011020317428102
-0.021000000000000001,-0.010499999999999999,44.068552449759089,26.441131469855453
-0.020500000000000001,-0.010499999999999999,67.184120012649231,40.310472007589539
-0.02,-0.010499999999999999,100.47169250937984,60.283015505627901
-0.0195,-0.010499999999999999,147.40832253756949,88.444993522541694
-0.019,-0.010499999999999999,212.21495415779862,127.32897249467916
-0.018500000000000003,-0.010499999999999999,299.84337026742026,179.90602216045215
-0.018000000000000002,-0.010499999999999999,415.89372402632625,249.53623441579575
-0.017500000000000002,-0.010499999999999999,566.451559362181,339.87093561730859
-0.017000000000000001,-0.010499999999999999,757.84198554591308,454.70519132754782
-0.016500000000000001,-0.010499999999999999,996.31026253862387,597.78615752317432
-0.016,-0.010499999999999999,1287.6506954617478,772.59041727704869
-0.0155,-0.010499999999999999,1636.8168228761324,982.09009372567937
-0.015000000000000001,-0.010499999999999999,2047.5524838329932,1228.5314902997959
-0.014500000000000001,-0.010499999999999999,2522.082983706583,1513.2497902239497
-0.014,-0.010499999999999999,3060.89710691354,1836.538264148124
-0.0135,-0.010499999999999999,3662.6350635864101,2197.5810381518459
-0.012999999999999999,-0.010499999999999999,4324.0778360305785,2594.4467016183471
-0.012500000000000001,-0.010499999999999999,5040.2148964946728,3024.1289378968036
-0.012,-0.010499999999999999,5804.355641342052,3482.6133848052309
-0.0115,-0.010499999999999999,6608.2497829189706,3964.9498697513823
-0.010999999999999999,-0.010499999999999999,7442.1951263268838,4465.3170757961298
-0.010499999999999999,-0.010499999999999999,8295.1352722843931,4977.0811633706353
-0.010000000000000002,-0.010499999999999999,9154.7782326523102,5492.8669395913857
-0.0095000000000000015,-0.010499999999999999,10007.790216103047,6004.6741296618284
-0.0090000000000000011,-0.010499999999999999,10840.127126813915,6504.076276088349
-0.0085000000000000006,-0.010499999999999999,11637.55274023028,6982.5316441381674
-0.0080000000000000002,-0.010499999999999999,12386.356004136685,7431.8136024820105
-0.0074999999999999997,-0.010499999999999999,13074.226652426767,7844.5359914560595
-0.0069999999999999993,-0.010499999999999999,13691.191077960675,8214.7146467764051
-0.0064999999999999988,-0.010499999999999999,14230.465577828174,8538.2793466969033
-0.0059999999999999984,-0.010499999999999999,14689.06711098638,8813.4402665918278
-0.0054999999999999979,-0.010499999999999999,15068.042217708098,9040.8253306248589
-0.005000000000000001,-0.010499999999999999,15372.232851778885,9223.3397110673304
-0.0044999999999999971,-0.010499999999999999,15609.582995841547,9365.7497975049282
-0.0040000000000000001,-0.010499999999999999,15790.082774395371,9474.0496646372212
-0.0035000000000000031,-0.010499999999999999,15924.524099828363,9554.7144598970172
-0.0029999999999999992,-0.010499999999999999,16023.282805233199,9613.9696831399197
-0.0025000000000000022,-0.010499999999999999,16095.334296932022,9657.2005781592125
-0.0019999999999999983,-0.010499999999999999,16147.652998875747,9688.5917993254479
-0.0015000000000000013,-0.010499999999999999,16185.053322802141,9711.0319936812848
-0.00099999999999999742,-0.010499999999999999,16210.424641843347,9726.2547851060081
-0.00050000000000000044,-0.010499999999999999,16225.221825725919,9735.1330954355508
0,-0.010499999999999999,16230.020061042162,9738.0120366252959
0.00050000000000000044,-0.010499999999999999,16224.941820259561,9734.9650921557368
0.0010000000000000009,-0.010499999999999999,16209.81505333118,9725.8890319987077
0.0015000000000000013,-0.010499999999999999,16184.01107779829,9710.4066466789736
0.0020000000000000018,-0.010499999999999999,16146.014052563489,9687.6084315380922
0.0024999999999999988,-0.010499999999999999,16092.863361981548,9655.7180171889286
0.0030000000000000027,-0.010499999999999999,16019.661509764579,9611.7969058587478
0.0034999999999999996,-0.010499999999999999,15919.339317890657,9551.6035907343939
0.0040000000000000036,-0.010499999999999999,15782.817399399535,9469.6904396397204
0.0045000000000000005,-0.010499999999999999,15599.611873250047,9359.7671239500287
0.0049999999999999975,-0.010499999999999999,15358.826827686329,9215.2960966117971
0.0055000000000000014,-0.010499999999999999,15050.383154573385,9030.2298927440297
0.0059999999999999984,-0.010499999999999999,14666.276144727773,8799.765686836663
0.0064999999999999988,-0.010499999999999999,14201.645767180298,8520.9874603081789
0.0069999999999999993,-0.010499999999999999,13655.483941301185,8193.2903647807107
0.0074999999999999997,-0.010499999999999999,13030.880028649299,7818.5280171895793
0.0080000000000000002,-0.010499999999999999,12334.798464187339,7400.8790785124029
0.0085000000000000006,-0.010499999999999999,11577.467766662001,6946.4806599972007
0.0090000000000000011,-0.010499999999999999,10771.518870339421,6462.9113222036531
0.0095000000000000015,-0.010499999999999999,9931.0322022566161,5958.6193213539691
0.010000000000000002,-0.010499999999999999,9070.637184459807,5442.3823106758837
0.010500000000000002,-0.010499999999999999,8204.7643003267676,4922.8585801960608
0.011000000000000003,-0.010499999999999999,7347.0937427537319,4408.2562456522392
0.011500000000000003,-0.010499999999999999,6510.192114070961,3906.1152684425765
0.012000000000000004,-0.010499999999999999,5705.2922615746293,3423.1753569447774
0.012499999999999997,-0.010499999999999999,4942.1572276328507,2965.2943365797105
0.013000000000000005,-0.010499999999999999,4228.9764524166858,2537.3858714500116
0.013499999999999998,-0.010499999999999999,3572.2640915238949,2143.358454914337
0.014000000000000005,-0.010499999999999999,2976.7560584602797,1786.0536350761679
0.014499999999999999,-0.010499999999999999,2445.324969226418,1467.1949815358507
0.014999999999999999,-0.010499999999999999,1978.9442258497729,1187.3665355098638
0.0155,-0.010499999999999999,1576.7318457887368,946.03910747324198
0.016000000000000007,-0.010499999999999999,1236.093147469893,741.65588848193579
0.016500000000000001,-0.010499999999999999,952.96362075231946,571.7781724513917
0.017000000000000001,-0.010499999999999999,722.13480937551924,433.28088562531156
0.017500000000000002,-0.010499999999999999,537.63166377960806,322.5789982677648
0.017999999999999995,-0.010499999999999999,393.10257887601443,235.86154732560865
0.018500000000000003,-0.010499999999999999,282.18393795784641,169.31036277470784
0.019000000000000003,-0.010499999999999999,198.80818359777157,119.28491015866294
0.019500000000000003,-0.010499999999999999,137.4357210879833,82.461432652789981
0.019999999999999997,-0.010499999999999999,93.203446872022525,55.922068123213514
0.020499999999999997,-0.010499999999999999,61.993878381321295,37.196327028792773
0.021000000000000005,-0.010499999999999999,40.437082917977555,24.262249750786534
0.021500000000000005,-0.010499999999999999,25.862189354804048,15.517313612882429
0.021999999999999999,-0.010499999999999999,16.216406472728007,9.7298438836368035
0.022499999999999999,-0.010499999999999999,9.967931933427014,5.9807591600562082
0.023000000000000007,-0.010499999999999999,6.0059338458396576,3.6035603075037943
0.023500000000000007,-0.010499999999999999,3.5469142172948116,2.1281485303768868
0.024,-0.010499999999999999,2.0530046613370572,1.2318027968022343
0.024500000000000001,-0.010499999999999999,1.1646001129955739,0.69876006779734434
0.025000000000000001,-0.010499999999999999,0.64743078009518773,0.38845846805711265
-0.025000000000000001,-0.010000000000000002,0.92141152405162174,0.552846914430973
-0.024500000000000001,-0.010000000000000002,1.6395521812920166,0.98373130877520998
-0.024,-0.010000000000000002,2.8605768152045576,1.7163460891227345
-0.0235,-0.010000000000000002,4.8937563317660926,2.9362537990596556
-0.023,-0.010000000000000002,8.2091488959781724,4.9254893375869031
-0.022500000000000003,-0.010000000000000002,13.503034857101669,8.1018209142610011
-0.022000000000000002,-0.010000000000000002,21.779949279992415,13.06796956799545
-0.021500000000000002,-0.010000000000000002,34.450413807748014,20.670248284648807
-0.021000000000000001,-0.010000000000000002,53.440441346745473,32.064264808047284
-0.020500000000000001,-0.010000000000000002,81.304881215133818,48.78292872908029
-0.02,-0.010000000000000002,121.33201963487853,72.799211780927124
-0.0195,-0.010000000000000002,177.62222599398208,106.57333559638924
-0.019,-0.010000000000000002,255.1198599719153,153.07191598314918
-0.018500000000000003,-0.010000000000000002,359.57638992589796,215.74583395553876
-0.018000000000000002,-0.010000000000000002,497.42498762758203,298.45499257654922
-0.017500000000000002,-0.010000000000000002,675.55368410322183,405.33221046193307
-0.017000000000000001,-0.010000000000000002,900.9756709829677,540.58540258978064
-0.016500000000000001,-0.010000000000000002,1180.4105812486005,708.24634874916023
-0.016,-0.010000000000000002,1519.8073872482598,911.8844323489559
-0.0155,-0.010000000000000002,1923.8546207442048,1154.3127724465228
-0.015000000000000001,-0.010000000000000002,2395.533131954739,1437.3198791728435
-0.014500000000000001,-0.010000000000000002,2935.7671469311772,1761.4602881587064
-0.014,-0.010000000000000002,3543.2190424480195,2125.9314254688115
-0.0135,-0.010000000000000002,4214.2525820240535,2528.5515492144318
-0.012999999999999999,-0.010000000000000002,4943.0618015888476,2965.8370809533085
-0.012500000000000001,-0.010000000000000002,5721.9343051880778,3433.1605831128468
-0.012,-0.010000000000000002,6541.5957249646362,3924.9574349787817
-0.0115,-0.010000000000000002,7391.5731308547665,4434.9438785128596
-0.010999999999999999,-0.010000000000000002,8260.5230062709488,4956.3138037625695
-0.010499999999999999,-0.010000000000000002,9136.4932598621435,5481.8959559172863
-0.010000000000000002,-0.010000000000000002,10007.122781974851,6004.2736691849104
-0.0095000000000000015,-0.010000000000000002,10859.816422919128,6515.8898537514769
-0.0090000000000000011,-0.010000000000000002,11681.956640842156,7009.1739845052934
-0.0085000000000000006,-0.010000000000000002,12461.216073145028,7476.7296438870162
-0.0080000000000000002,-0.010000000000000002,13186.013825282567,7911.6082951695398
-0.0074999999999999997,-0.010000000000000002,13846.115551234514,8307.6693307407077
-0.0069999999999999993,-0.010000000000000002,14433.32386397976,8659.9943183878549
-0.0064999999999999988,-0.010000000000000002,14942.156514385186,8965.2939086311108
-0.0059999999999999984,-0.010000000000000002,15370.380926180844,9222.2285557085052
-0.0054999999999999979,-0.010000000000000002,15719.276578229415,9431.5659469376496
-0.005000000000000001,-0.010000000000000002,15993.534611512856,9596.1207669077139
-0.0044999999999999971,-0.010000000000000002,16200.770138491169,9720.4620830947006
-0.0040000000000000001,-0.010000000000000002,16350.701520416953,9810.4209122501707
-0.0035000000000000031,-0.010000000000000002,16454.122070035988,9872.4732420215933
-0.0029999999999999992,-0.010000000000000002,16521.833863178341,9913.1003179070049
-0.0025000000000000022,-0.010000000000000002,16563.717826535198,9938.2306959211182
-0.0019999999999999983,-0.010000000000000002,16588.076787462622,9952.8460724775723
-0.0015000000000000013,-0.010000000000000002,16601.318049470334,9960.7908296822006
-0.00099999999999999742,-0.010000000000000002,16607.957819284307,9964.7746915705848
-0.00050000000000000044,-0.010000000000000002,16610.8541194184,9966.51247165104
0,-0.010000000000000002,16611.528128777398,9966.916877266438
0.00050000000000000044,-0.010000000000000002,16610.428657063021,9966.2571942378127
0.0010000000000000009,-0.010000000000000002,16607.031562495202,9964.2189374971204
0.0015000000000000013,-0.010000000000000002,16599.734380337028,9959.840628202217
0.0020000000000000018,-0.010000000000000002,16585.586443372427,9951.3518660234568
0.0024999999999999988,-0.010000000000000002,16559.963293390851,9935.97797603451
0.0030000000000000027,-0.010000000000000002,16516.331381674419,9909.7988290046505
0.0034999999999999996,-0.010000000000000002,16446.243904069881,9867.7463424419275
0.0040000000000000036,-0.010000000000000002,16339.661937516277,9803.7971625097653
0.0045000000000000005,-0.010000000000000002,16185.619229622083,9711.3715377732497
0.0049999999999999975,-0.010000000000000002,15973.164442812271,9583.8986656873622
0.0055000000000000014,-0.010000000000000002,15692.444007090879,9415.4664042545264
0.0059999999999999984,-0.010000000000000002,15335.750537309994,9201.4503223859956
0.0064999999999999988,-0.010000000000000002,14898.365424591293,8939.0192547547758
0.0069999999999999993,-0.010000000000000002,14379.067628682327,8627.440577209396
0.0074999999999999997,-0.010000000000000002,13780.251277617537,8268.1507665705212
0.0080000000000000002,-0.010000000000000002,13107.673239042784,7864.60394342567
0.0085000000000000006,-0.010000000000000002,12369.91823274835,7421.9509396490103
0.0090000000000000011,-0.010000000000000002,11577.707853208347,6946.6247119250083
0.0095000000000000015,-0.010000000000000002,10743.184252159263,6445.9105512955575
0.010000000000000002,-0.010000000000000002,9879.2722474321508,5927.56334845929
0.010500000000000002,-0.010000000000000002,8999.1764885581888,5399.5058931349131
0.011000000000000003,-0.010000000000000002,8116.0184750490434,4869.6110850294262
0.011500000000000003,-0.010000000000000002,7242.5765869854076,4345.5459521912444
0.012000000000000004,-0.010000000000000002,6391.0710247268362,3834.6426148361015
0.012499999999999997,-0.010000000000000002,5572.937761297725,3343.7626567786351
0.013000000000000005,-0.010000000000000002,4798.557270305042,2879.1343621830251
0.013499999999999998,-0.010000000000000002,4076.935810560718,2446.1614863364307
0.014000000000000005,-0.010000000000000002,3415.3685075091162,2049.2211045054696
0.014499999999999999,-0.010000000000000002,2819.1349752083693,1691.4809851250216
0.014999999999999999,-0.010000000000000002,2291.2843420284535,1374.770605217072
0.0155,-0.010000000000000002,1832.5567750003067,1099.534065000184
0.016000000000000007,-0.010000000000000002,1441.4667887880628,864.88007327283765
0.016500000000000001,-0.010000000000000002,1114.546280267579,668.72776816054738
0.017000000000000001,-0.010000000000000002,846.71937564956033,508.03162538973618
0.017500000000000002,-0.010000000000000002,631.76246525286228,379.05747915171736
0.017999999999999995,-0.010000000000000002,462.79432693458705,277.67659616075224
0.018500000000000003,-0.010000000000000002,332.74325783400809,199.64595470040484
0.019000000000000003,-0.010000000000000002,234.7485570298706,140.84913421792234
0.019500000000000003,-0.010000000000000002,162.4690700314633,97.481442018877985
0.019999999999999997,-0.010000000000000002,110.28807485542046,66.172844913252277
0.020499999999999997,-0.010000000000000002,73.418419360595792,44.051051616357476
0.021000000000000005,-0.010000000000000002,47.922500570068379,28.753500342041026
0.021500000000000005,-0.010000000000000002,30.667654486177021,18.400592691706212
0.021999999999999999,-0.010000000000000002,19.239109778290501,11.5434658669743
0.022499999999999999,-0.010000000000000002,11.830856483136989,7.0985138898821933
0.023000000000000007,-0.010000000000000002,7.1308856062324395,4.2785313637394635
0.023500000000000007,-0.010000000000000002,4.2125104592451414,2.527506275547085
0.024,-0.010000000000000002,2.4388610898081797,1.4633166538849078
0.024500000000000001,-0.010000000000000002,1.3837686641561604,0.83026119849369617
0.025000000000000001,-0.010000000000000002,0.76940502341557049,0.46164301404934227
-0.025000000000000001,-0.0095000000000000015,1.1223406043118791,0.67340436258712744
-0.024500000000000001,-0.0095000000000000015,1.9920886381700005,1.1952531829020003
-0.024,-0.0095000000000000015,3.4672066695060635,2.0803240017036382
-0.0235,-0.0095000000000000015,5.9175025201242875,3.5505015120745722
-0.023,-0.0095000000000000015,9.9034828454444259,5.9420897072666552
-0.022500000000000003,-0.0095000000000000015,16.253033847188483,9.7518203083130892
-0.022000000000000002,-0.0095000000000000015,26.156991034630391,15.694194620778234
-0.021500000000000002,-0.0095000000000000015,41.282141627126371,24.769284976275824
-0.021000000000000001,-0.0095000000000000015,63.89651153967997,38.337906923807978
-0.020500000000000001,-0.0095000000000000015,96.996948716607633,58.198169229964577
-0.02,-0.0095000000000000015,144.42343855653317,86.654063133919905
-0.0195,-0.0095000000000000015,210.93910355596529,126.56346213357916
-0.019,-0.0095000000000000015,302.25069350776982,181.35041610466189
-0.018500000000000003,-0.0095000000000000015,424.94310244458404,254.96586146675043
-0.018000000000000002,-0.0095000000000000015,586.30460535338591,351.78276321203151
-0.017500000000000002,-0.0095000000000000015,794.02823555244709,476.41694133146825
-0.017000000000000001,-0.0095000000000000015,1055.7892653733054,633.47355922398322
-0.016500000000000001,-0.0095000000000000015,1378.7180112809599,827.23080676857592
-0.016,-0.0095000000000000015,1768.8085066400347,1061.2851039840207
-0.0155,-0.0095000000000000015,2230.3229309942194,1338.1937585965316
-0.015000000000000001,-0.0095000000000000015,2765.2642754642793,1659.1585652785675
-0.014500000000000001,-0.0095000000000000015,3372.9911331172248,2023.7946798703347
-0.014,-0.0095000000000000015,4050.0359843826504,2430.0215906295903
-0.0135,-0.0095000000000000015,4790.1620436255989,2874.0972261753591
-0.012999999999999999,-0.0095000000000000015,5584.6573382064817,3350.7944029238888
-0.012500000000000001,-0.0095000000000000015,6422.8252007884803,3853.6951204730881
-0.012,-0.0095000000000000015,7292.5967495713012,4375.5580497427809
-0.0115,-0.0095000000000000015,8181.1719721470708,4908.7031832882421
-0.010999999999999999,-0.0095000000000000015,9075.5976956712766,5445.358617402766
-0.010499999999999999,-0.0095000000000000015,9963.2140488481091,5977.9284293088649
-0.010000000000000002,-0.0095000000000000015,10831.941095969525,6499.1646575817149
-0.0095000000000000015,-0.0095000000000000015,11670.424027657515,7002.2544165945083
-0.0090000000000000011,-0.0095000000000000015,12468.095727445201,7480.8574364671204
-0.0085000000000000006,-0.0095000000000000015,13215.237629435909,7929.1425776615451
-0.0080000000000000002,-0.0095000000000000015,13903.116046851865,8341.8696281111188
-0.0074999999999999997,-0.0095000000000000015,14524.241341575453,8714.5448049452716
-0.0069999999999999993,-0.0095000000000000015,15072.749058096118,9043.6494348576707
-0.0064999999999999988,-0.0095000000000000015,15544.849179176254,9326.9095075057521
-0.0059999999999999984,-0.0095000000000000015,15939.247938796598,9563.5487632779586
-0.0054999999999999979,-0.0095000000000000015,16257.429591412205,9754.4577548473226
-0.005000000000000001,-0.0095000000000000015,16503.699874472026,9902.2199246832151
-0.0044999999999999971,-0.0095000000000000015,16684.936235762478,10010.961741457486
-0.0040000000000000001,-0.0095000000000000015,16810.051188831851,10086.030713299109
-0.0035000000000000031,-0.0095000000000000015,16889.237788009861,10133.542672805916
-0.0029999999999999992,-0.0095000000000000015,16933.112833122836,10159.867699873701
-0.0025000000000000022,-0.0095000000000000015,16951.891102818834,10171.1346616913
-0.0019999999999999983,-0.0095000000000000015,16954.708045018571,10172.824827011142
-0.0015000000000000013,-0.0095000000000000015,16949.163973559109,10169.498384135464
-0.00099999999999999742,-0.0095000000000000015,16941.10315129668,10164.661890778008
-0.00050000000000000044,-0.0095000000000000015,16934.583625737319,10160.750175442392
0,-0.0095000000000000015,16931.954807794205,10159.172884676524
0.00050000000000000044,-0.0095000000000000015,16933.950204504006,10160.370122702403
0.0010000000000000009,-0.0095000000000000015,16939.72415569274,10163.834493415643
0.0015000000000000013,-0.0095000000000000015,16946.806233460888,10168.083740076532
0.0020000000000000018,-0.0095000000000000015,16951.000462420467,10170.60027745228
0.0024999999999999988,-0.0095000000000000015,16946.301416716902,10167.780850030142
0.0030000000000000027,-0.0095000000000000015,16924.920830760311,10154.952498456187
0.0034999999999999996,-0.0095000000000000015,16877.508906384232,10126.505343830539
0.0040000000000000036,-0.0095000000000000015,16793.615642589837,10076.169385553902
0.0045000000000000005,-0.0095000000000000015,16662.379816234046,9997.4278897404274
0.0049999999999999975,-0.0095000000000000015,16473.373108266405,9884.0238649598432
0.0055000000000000014,-0.0095000000000000015,16217.481708624637,9730.489025174782
0.0059999999999999984,-0.0095000000000000015,15887.690795489001,9532.6144772934003
0.0064999999999999988,-0.0095000000000000015,15479.653737666216,9287.7922425997294
0.0069999999999999993,-0.0095000000000000015,14991.973283125984,8995.1839698755903
0.0074999999999999997,-0.0095000000000000015,14426.183713450482,8655.7102280702893
0.0080000000000000002,-0.0095000000000000015,13786.483893322547,8271.8903359935284
0.0085000000000000006,-0.0095000000000000015,13079.314932796276,7847.5889596777652
0.0090000000000000011,-0.0095000000000000015,12312.891877331836,7387.7351263991013
0.0095000000000000015,-0.0095000000000000015,11496.784004019108,6898.0704024114648
0.010000000000000002,-0.0095000000000000015,10641.599360104163,6384.9596160624978
0.010500000000000002,-0.0095000000000000015,9758.7791381384377,5855.2674828830623
0.011000000000000003,-0.0095000000000000015,8860.4617683044635,5316.2770609826775
0.011500000000000003,-0.0095000000000000015,7959.3484115380161,4775.6090469228093
0.012000000000000004,-0.0095000000000000015,7068.4980953391887,4241.098857203513
0.012499999999999997,-0.0095000000000000015,6201.0016401481689,3720.600984088901
0.013000000000000005,-0.0095000000000000015,5369.5214107475094,3221.7128464485054
0.013499999999999998,-0.0095000000000000015,4585.7271326786413,2751.4362796071846
0.014000000000000005,-0.0095000000000000015,3859.6942479274335,2315.8165487564602
0.014499999999999999,-0.0095000000000000015,3199.3511080452049,1919.6106648271229
0.014999999999999999,-0.0095000000000000015,2610.0604219379184,1566.0362531627509
0.0155,-0.0095000000000000015,2094.4002263937382,1256.640135836243
0.016000000000000007,-0.0095000000000000015,1652.1763349171674,991.30580095030041
0.016500000000000001,-0.0095000000000000015,1280.660342416862,768.39620545011724
0.017000000000000001,-0.0095000000000000015,975.01340102261645,585.00804061356985
0.017500000000000002,-0.0095000000000000015,728.83260190530518,437.2995611431831
0.017999999999999995,-0.0095000000000000015,534.74705736153635,320.8482344169218
0.018500000000000003,-0.0095000000000000015,384.9943845190528,230.99663071143166
0.019000000000000003,-0.0095000000000000015,271.92223866245388,163.15334319747231
0.019500000000000003,-0.0095000000000000015,188.37933859244083,113.02760315546449
0.019999999999999997,-0.0095000000000000015,127.98139842238636,76.788839053431815
0.020499999999999997,-0.0095000000000000015,85.255716311143246,51.153429786685948
0.021000000000000005,-0.0095000000000000015,55.681493670637309,33.408896202382387
0.021500000000000005,-0.0095000000000000015,35.650432864984325,21.390259718990595
0.021999999999999999,-0.0095000000000000015,22.37423171305959,13.424539027835754
0.022499999999999999,-0.0095000000000000015,13.763522672945834,8.2581136037674998
0.023000000000000007,-0.0095000000000000015,8.2981825076383107,4.9789095045829859
0.023500000000000007,-0.0095000000000000015,4.903275067806228,2.9419650406837365
0.024,-0.0095000000000000015,2.8393633562123339,1.7036180137274004
0.024500000000000001,-0.0095000000000000015,1.6112824191617894,0.96676945149707361
0.025000000000000001,-0.0095000000000000015,0.8960358704492225,0.53762152226953352
-0.025000000000000001,-0.0090000000000000011,1.3526949286492884,0.81161695718957305
-0.024500000000000001,-0.0090000000000000011,2.3941106501603753,1.4364663900962251
-0.024,-0.0090000000000000011,4.1553651176417006,2.4932190705850203
-0.0235,-0.0090000000000000011,7.0728309486118555,4.2436985691671127
-0.023,-0.0090000000000000011,11.80584311252372,7.0835058675142317
-0.022500000000000003,-0.0090000000000000011,19.325172827350425,11.595103696410254
-0.022000000000000002,-0.0090000000000000011,31.022617714751501,18.613570628850901
-0.021500000000000002,-0.0090000000000000011,48.839570900173435,29.303742540104061
-0.021000000000000001,-0.0090000000000000011,75.408034018603075,45.244820411161847
-0.020500000000000001,-0.0090000000000000011,114.19182892113044,68.515097352678254
-0.02,-0.0090000000000000011,169.60924608820292,101.76554765292175
-0.0195,-0.0090000000000000011,247.11203846005441,148.26722307603265
-0.019,-0.0090000000000000011,353.19100991939428,211.91460595163656
-0.018500000000000003,-0.0090000000000000011,495.27728087852637,297.16636852711582
-0.018000000000000002,-0.0090000000000000011,681.51247512430768,408.9074850745846
-0.017500000000000002,-0.0090000000000000011,920.37191682510536,552.22315009506315
-0.017000000000000001,-0.0090000000000000011,1220.1427456816766,732.0856474090059
-0.016500000000000001,-0.0090000000000000011,1588.2823568721067,952.96941412326396
-0.016,-0.0090000000000000011,2030.7086005583549,1218.4251603350128
-0.0155,-0.0090000000000000011,2551.0969019071554,1530.6581411442933
-0.015000000000000001,-0.0090000000000000011,3150.2751069611481,1890.1650641766887
-0.014500000000000001,-0.0090000000000000011,3825.8089530800598,2295.4853718480358
-0.014,-0.0090000000000000011,4571.8560092493026,2743.1136055495813
-0.0135,-0.0090000000000000011,5379.3334753402851,3227.6000852041711
-0.012999999999999999,-0.0090000000000000011,6236.3993334944116,3741.8396000966468
-0.012500000000000001,-0.0090000000000000011,7129.195049585529,4277.5170297513168
-0.012,-0.0090000000000000011,8042.752077117173,4825.651246270304
-0.0115,-0.0090000000000000011,8961.934836117307,5377.1609016703842
-0.010999999999999999,-0.0090000000000000011,9872.2879421496909,5923.3727652898142
-0.010499999999999999,-0.0090000000000000011,10760.678202672325,6456.4069216033949
-0.010000000000000002,-0.0090000000000000011,11615.668408967365,6969.4010453804194
-0.0095000000000000015,-0.0090000000000000011,12427.619891454106,7456.5719348724633
-0.0090000000000000011,-0.0090000000000000011,13188.57967558784,7913.1478053527035
-0.0085000000000000006,-0.0090000000000000011,13892.050980833468,8335.2305885000806
-0.0080000000000000002,-0.0090000000000000011,14532.761638979135,8719.6569833874801
-0.0074999999999999997,-0.0090000000000000011,15106.529778190481,9063.9178669142875
-0.0069999999999999993,-0.0090000000000000011,15610.284328616823,9366.170597170094
-0.0064999999999999988,-0.0090000000000000011,16042.241448040681,9625.344868824408
-0.0059999999999999984,-0.0090000000000000011,16402.182782333755,9841.3096694002525
-0.0054999999999999979,-0.0090000000000000011,16691.742943528316,10015.045766116989
-0.005000000000000001,-0.0090000000000000011,16914.602062269056,10148.761237361434
-0.0044999999999999971,-0.0090000000000000011,17076.497150415733,10245.898290249439
-0.0040000000000000001,-0.0090000000000000011,17185.007238671478,10311.004343202887
-0.0035000000000000031,-0.0090000000000000011,17249.119379054362,10349.471627432617
-0.0029999999999999992,-0.0090000000000000011,17278.630689467405,10367.178413680444
-0.0025000000000000022,-0.0090000000000000011,17283.472780214663,10370.083668128796
-0.0019999999999999983,-0.0090000000000000011,17273.052015522378,10363.831209313426
-0.0015000000000000013,-0.0090000000000000011,17255.682562029007,10353.409537217403
-0.00099999999999999742,-0.0090000000000000011,17238.156459935843,10342.893875961505
-0.00050000000000000044,-0.0090000000000000011,17225.457682858956,10335.274609715374
0,-0.0090000000000000011,17220.597369088377,10332.358421453026
0.00050000000000000044,-0.0090000000000000011,17224.533706323586,10334.720223794151
0.0010000000000000009,-0.0090000000000000011,17236.144908201513,10341.686944920908
0.0015000000000000013,-0.0090000000000000011,17252.243308002297,10351.345984801377
0.0020000000000000018,-0.0090000000000000011,17267.643735623544,10360.586241374125
0.0024999999999999988,-0.0090000000000000011,17275.319061130605,10365.191436678362
0.0030000000000000027,-0.0090000000000000011,17266.680951184815,10360.008570710888
0.0034999999999999996,-0.0090000000000000011,17232.010367170413,10339.206220302247
0.0040000000000000036,-0.0090000000000000011,17161.032578090078,10296.619546854046
0.0045000000000000005,-0.0090000000000000011,17043.59392382608,10226.156354295648
0.0049999999999999975,-0.0090000000000000011,16870.364169861656,10122.218501916994
0.0055000000000000014,-0.0090000000000000011,16633.470652685377,9980.0823916112258
0.0059999999999999984,-0.0090000000000000011,16326.975971854514,9796.1855831127086
0.0064999999999999988,-0.0090000000000000011,15947.140344697869,9568.2842068187219
0.0069999999999999993,-0.0090000000000000011,15492.456070304499,9295.4736421826983
0.0074999999999999997,-0.0090000000000000011,14963.492344746173,8978.095406847704
0.0080000000000000002,-0.0090000000000000011,14362.629399224623,8617.577639534773
0.0085000000000000006,-0.0090000000000000011,13693.779474109038,8216.2676844654234
0.0090000000000000011,-0.0090000000000000011,12962.182598630232,7777.3095591781384
0.0095000000000000015,-0.0090000000000000011,12174.329823160877,7304.5978938965263
0.010000000000000002,-0.0090000000000000011,11338.01542167691,6802.8092530061458
0.010500000000000002,-0.0090000000000000011,10462.467390382853,6277.480434229712
0.011000000000000003,-0.0090000000000000011,9558.4674726907506,5735.0804836144498
0.011500000000000003,-0.0090000000000000011,8638.3590634445463,5183.0154380667273
0.012000000000000004,-0.0090000000000000011,7715.8576074811053,4629.5145644886634
0.012499999999999997,-0.0090000000000000011,6805.6192768671708,4083.3715661203023
0.013000000000000005,-0.0090000000000000011,5922.5788639010416,3553.5473183406248
0.013499999999999998,-0.0090000000000000011,5081.1226627046808,3048.6735976228083
0.014000000000000005,-0.0090000000000000011,4294.2030210984249,2576.5218126590548
0.014499999999999999,-0.0090000000000000011,3572.5188826956091,2143.5113296173654
0.014999999999999999,-0.0090000000000000011,2923.8780250249724,1754.3268150149834
0.0155,-0.0090000000000000011,2352.8253835701767,1411.6952301421059
0.016000000000000007,-0.0090000000000000011,1860.5763342647808,1116.3458005588684
0.016500000000000001,-0.0090000000000000011,1445.2448640013206,867.14691840079229
0.017000000000000001,-0.0090000000000000011,1102.3143569892384,661.38861419354305
0.017500000000000002,-0.0090000000000000011,825.27053321038932,495.16231992623358
0.017999999999999995,-0.0090000000000000011,606.30507432896229,363.78304459737734
0.018500000000000003,-0.0090000000000000011,437.00377181326689,262.20226308796015
0.019000000000000003,-0.0090000000000000011,308.95065427998804,185.37039256799281
0.019500000000000003,-0.0090000000000000011,214.20393185791815,128.52235911475088
0.019999999999999997,-0.0090000000000000011,145.6251128152746,87.375067689164766
0.020499999999999997,-0.0090000000000000011,97.064800857487057,58.23888051449223
0.021000000000000005,-0.0090000000000000011,63.424722835618304,38.054833701370981
0.021500000000000005,-0.0090000000000000011,40.624553031130787,24.374731818678473
0.021999999999999999,-0.0090000000000000011,25.504676938074642,15.302806162844785
0.022499999999999999,-0.0090000000000000011,15.693703295569094,9.4162219773414559
0.023000000000000007,-0.0090000000000000011,9.4641788828483584,5.6785073297090145
0.023500000000000007,-0.0090000000000000011,5.5933693862392033,3.3560216317435221
0.024,-0.0090000000000000011,3.2395251380712344,1.9437150828427405
0.024500000000000001,-0.0090000000000000011,1.8386256231602982,1.1031753738961789
0.025000000000000001,-0.0090000000000000011,1.0225824333036404,0.61354945998218424
-0.025000000000000001,-0.0085000000000000006,1.6154039677413998,0.96924238064483981
-0.024500000000000001,-0.0085000000000000006,2.8499299245786718,1.709957954747203
-0.024,-0.0085000000000000006,4.9310753389685145,2.9586452033811086
-0.0235,-0.0085000000000000006,8.3676029099119305,5.0205617459471581
-0.023,-0.0085000000000000006,13.92552230017265,8.3553133801035901
-0.022500000000000003,-0.0085000000000000006,22.728662388786788,13.637197433272073
-0.022000000000000002,-0.0085000000000000006,36.382417866736098,21.82945072004166
-0.021500000000000002,-0.0085000000000000006,57.117716124357656,34.27062967461459
-0.021000000000000001,-0.0085000000000000006,87.947120640764467,52.768272384458676
-0.020500000000000001,-0.0085000000000000006,132.81839917854458,79.691039507126746
-0.02,-0.0085000000000000006,196.743449479867,118.04606968792019
-0.0195,-0.0085000000000000006,285.87336200431082,171.52401720258649
-0.019,-0.0085000000000000006,407.48533327795781,244.49119996677467
-0.018500000000000003,-0.0085000000000000006,569.84622991710728,341.90773795026433
-0.018000000000000002,-0.0085000000000000006,781.92294917549202,469.1537695052952
-0.017500000000000002,-0.0085000000000000006,1052.9228672115546,631.75372032693269
-0.017000000000000001,-0.0085000000000000006,1391.668916968131,835.0013501808786
-0.016500000000000001,-0.0085000000000000006,1805.8416637392261,1083.5049982435355
-0.016,-0.0085000000000000006,2301.1514678058611,1380.6908806835165
-0.0155,-0.0085000000000000006,2880.5317968802351,1728.319078128141
-0.015000000000000001,-0.0085000000000000006,3543.4631947724833,2126.0779168634899
-0.014500000000000001,-0.0085000000000000006,4285.5398369447294,2571.3239021668373
-0.014,-0.0085000000000000006,5098.3726052433167,3059.02356314599
-0.0135,-0.0085000000000000006,5969.8835919028206,3581.9301551416925
-0.012999999999999999,-0.0085000000000000006,6884.9911828203003,4130.9947096921796
-0.012500000000000001,-0.0085000000000000006,7826.6215017178465,4695.9729010307074
-0.012,-0.0085000000000000006,8776.9235645821554,5266.1541387492935
-0.0115,-0.0085000000000000006,9718.5252770330353,5831.1151662198208
-0.010999999999999999,-0.0085000000000000006,10635.656058327655,6381.3936349965925
-0.010499999999999999,-0.0085000000000000006,11514.984274557562,6908.9905647345377
-0.010000000000000002,-0.0085000000000000006,12346.070972470079,7407.6425834820475
-0.0095000000000000015,-0.0085000000000000006,13121.415070301111,7872.8490421806664
-0.0090000000000000011,-0.0085000000000000006,13836.143085832162,8301.6858514992964
-0.0085000000000000006,-0.0085000000000000006,14487.460927440381,8692.4765564642275
-0.0080000000000000002,-0.0085000000000000006,15074.021467616029,9044.4128805696164
-0.0074999999999999997,-0.0085000000000000006,15595.361724655984,9357.2170347935898
-0.0069999999999999993,-0.0085000000000000006,16051.528735780634,9630.9172414683799
-0.0064999999999999988,-0.0085000000000000006,16442.95354238923,9865.7721254335374
-0.0059999999999999984,-0.0085000000000000006,16770.563925309267,10062.33835518556
-0.0054999999999999979,-0.0085000000000000006,17036.065887262208,10221.639532357325
-0.005000000000000001,-0.0085000000000000006,17242.28544080535,10345.37126448321
-0.0044999999999999971,-0.0085000000000000006,17393.453339316955,10436.072003590172
-0.0040000000000000001,-0.0085000000000000006,17495.33513527186,10497.201081163115
-0.0035000000000000031,-0.0085000000000000006,17555.149327957482,10533.089596774489
-0.0029999999999999992,-0.0085000000000000006,17581.265075773055,10548.759045463832
-0.0025000000000000022,-0.0085000000000000006,17582.715281904537,10549.629169142721
-0.0019999999999999983,-0.0085000000000000006,17568.591216299534,10541.154729779721
-0.0015000000000000013,-0.0085000000000000006,17547.396925265228,10528.438155159136
-0.00099999999999999742,-0.0085000000000000006,17526.436878220818,10515.86212693249
-0.00050000000000000044,-0.0085000000000000006,17511.294243934568,10506.776546360741
0,-0.0085000000000000006,17505.43725032658,10503.262350195948
0.00050000000000000044,-0.0085000000000000006,17509.973659681196,10505.984195808718
0.0010000000000000009,-0.0085000000000000006,17523.561887954835,10514.137132772901
0.0015000000000000013,-0.0085000000000000006,17542.481405728598,10525.488843437159
0.0020000000000000018,-0.0085000000000000006,17560.861486161593,10536.516891696956
0.0024999999999999988,-0.0085000000000000006,17571.061660176514,10542.636996105908
0.0030000000000000027,-0.0085000000000000006,17564.186031442663,10538.511618865597
0.0034999999999999996,-0.0085000000000000006,17530.696443257832,10518.417865954698
0.0040000000000000036,-0.0085000000000000006,17461.069590605293,10476.641754363176
0.0045000000000000005,-0.0085000000000000006,17346.426730679304,10407.856038407583
0.0049999999999999975,-0.0085000000000000006,17179.058874026887,10307.435324416132
0.0055000000000000014,-0.0085000000000000006,16952.78079640877,10171.668477845262
0.0059999999999999984,-0.0085000000000000006,16663.075341061856,9997.8452046371131
0.0064999999999999988,-0.0085000000000000006,16307.031238364561,9784.2187430187369
0.0069999999999999993,-0.0085000000000000006,15883.12387205057,9529.8743232303423
0.0074999999999999997,-0.0085000000000000006,15390.926898643058,9234.5561391858337
0.0080000000000000002,-0.0085000000000000006,14830.861659753948,8898.5169958523675
0.0085000000000000006,-0.0085000000000000006,14204.083352741996,8522.4500116451982
0.0090000000000000011,-0.0085000000000000006,13512.567320221926,8107.5403921331554
0.0095000000000000015,-0.0085000000000000006,12759.402764882541,7655.6416589295241
0.010000000000000002,-0.0085000000000000006,11949.238207914119,7169.5429247484708
0.010500000000000002,-0.0085000000000000006,11088.769443533567,6653.26166612014
0.011000000000000003,-0.0085000000000000006,10187.131280384732,6112.278768230839
0.011500000000000003,-0.0085000000000000006,9256.0578292085502,5553.6346975251299
0.012000000000000004,-0.0085000000000000006,8309.7129022022436,4985.8277413213464
0.012499999999999997,-0.0085000000000000006,7364.1540538281834,4418.49243229691
0.013000000000000005,-0.0085000000000000006,6436.4664046852495,3861.8798428111495
0.013499999999999998,-0.0085000000000000006,5543.6687603841165,3326.2012562304699
0.014000000000000005,-0.0085000000000000006,4701.5398394576077,2820.9239036745644
0.014499999999999999,-0.0085000000000000006,3923.5275285373054,2354.1165171223834
0.014999999999999999,-0.0085000000000000006,3219.8874220466887,1931.9324532280132
0.0155,-0.0085000000000000006,2597.154205584729,1558.2925233508374
0.016000000000000007,-0.0085000000000000006,2057.9916220130904,1234.7949732078541
0.016500000000000001,-0.0085000000000000006,1601.4067527915972,960.84405167495834
0.017000000000000001,-0.0085000000000000006,1223.2638668935933,733.95832013615598
0.017500000000000002,-0.0085000000000000006,917.00016261106373,550.20009756663819
0.017999999999999995,-0.0085000000000000006,674.43352122467957,404.66011273480774
0.018500000000000003,-0.0085000000000000006,486.55939793156637,291.93563875893983
0.019000000000000003,-0.0085000000000000006,344.25524594971006,206.55314756982602
0.019500000000000003,-0.0085000000000000006,238.83977865745959,143.30386719447574
0.019999999999999997,-0.0085000000000000006,162.46436606334979,97.478619638009874
0.020499999999999997,-0.0085000000000000006,108.33976503363918,65.003859020183512
0.021000000000000005,-0.0085000000000000006,70.820092577120633,42.492055546272375
0.021500000000000005,-0.0085000000000000006,45.376483718892899,27.22589023133574
0.021999999999999999,-0.0085000000000000006,28.495956012197944,17.097573607318765
0.022499999999999999,-0.0085000000000000006,17.538420757458717,10.523052454475229
0.023000000000000007,-0.0085000000000000006,10.578722040639439,6.3472332243836638
0.023500000000000007,-0.0085000000000000006,6.2530972185453022,3.7518583311271811
0.024,-0.0085000000000000006,3.6221201768775426,2.1732721061265257
0.024500000000000001,-0.0085000000000000006,2.0560084865813781,1.2336050919488268
0.025000000000000001,-0.0085000000000000006,1.1435939741920074,0.68615638451520444
-0.025000000000000001,-0.0080000000000000002,1.9139913549119487,1.1483948129471693
-0.024500000000000001,-0.0080000000000000002,3.3648207581360663,2.0188924548816396
-0.024,-0.0080000000000000002,5.8018825356762802,3.481129521405768
-0.0235,-0.0080000000000000002,9.8120272747882264,5.8872163648729359
-0.023,-0.0080000000000000002,16.275342996643126,9.7652057979858746
-0.022500000000000003,-0.0080000000000000002,26.477884035476279,15.886730421285767
-0.022000000000000002,-0.0080000000000000002,42.249352833443858,25.349611700066315
-0.021500000000000002,-0.0080000000000000002,66.121813562604672,39.6730881375628
-0.021000000000000001,-0.0080000000000000002,101.49964644090835,60.899787864545004
-0.020500000000000001,-0.0080000000000000002,152.8235079320155,91.694104759209296
-0.02,-0.0080000000000000002,225.70277182413494,135.42166309448095
-0.0195,-0.0080000000000000002,326.98314304753728,196.18988582852236
-0.019,-0.0080000000000000002,464.71082539555545,278.82649523733323
-0.018500000000000003,-0.0080000000000000002,647.95415880703445,388.77249528422067
-0.018000000000000002,-0.0080000000000000002,886.45036938435226,531.87022163061135
-0.017500000000000002,-0.0080000000000000002,1190.0606785458031,714.03640712748177
-0.017000000000000001,-0.0080000000000000002,1568.0417669691462,940.82506018148774
-0.016500000000000001,-0.0080000000000000002,2028.1736737699839,1216.9042042619903
-0.016,-0.0080000000000000002,2575.8193938276981,1545.4916362966189
-0.0155,-0.0080000000000000002,3213.0232655323825,1927.8139593194294
-0.015000000000000001,-0.0080000000000000002,3937.7759768868236,2362.6655861320942
-0.014500000000000001,-0.0080000000000000002,4743.5762301798004,2846.1457381078803
-0.014,-0.0080000000000000002,5619.3976893232748,3371.6386135939647
-0.0135,-0.0080000000000000002,6550.1239508590133,3930.0743705154077
-0.012999999999999999,-0.0080000000000000002,7517.4486206943175,4510.4691724165905
-0.012500000000000001,-0.0080000000000000002,8501.162394173798,5100.6974365042788
-0.012,-0.0080000000000000002,9480.678633247071,5688.4071799482426
-0.0115,-0.0080000000000000002,10436.598756916705,6261.9592541500224
-0.010999999999999999,-0.0080000000000000002,11352.101658798785,6811.2609952792709
-0.010499999999999999,-0.0080000000000000002,12213.963994622647,7328.3783967735881
-0.010000000000000002,-0.0080000000000000002,13013.078622928528,7807.8471737571163
-0.0095000000000000015,-0.0080000000000000002,13744.425915076095,8246.6555490456576
-0.0090000000000000011,-0.0080000000000000002,14406.549407042494,8643.9296442254963
-0.0085000000000000006,-0.0080000000000000002,15000.672861802163,9000.4037170812971
-0.0080000000000000002,-0.0080000000000000002,15529.651945830767,9317.7911674984589
-0.0074999999999999997,-0.0080000000000000002,15996.968856370888,9598.1813138225316
-0.0069999999999999993,-0.0080000000000000002,16405.950441621575,9843.5702649729446
-0.0064999999999999988,-0.0080000000000000002,16759.327629080297,10055.596577448177
-0.0059999999999999984,-0.0080000000000000002,17059.17193334215,10235.50316000529
-0.0054999999999999979,-0.0080000000000000002,17307.16249477254,10384.297496863523
-0.005000000000000001,-0.0080000000000000002,17505.072130813569,10503.043278488141
-0.0044999999999999971,-0.0080000000000000002,17655.325361598188,10593.195216958913
-0.0040000000000000001,-0.0080000000000000002,17761.479556660404,10656.887733996242
-0.0035000000000000031,-0.0080000000000000002,17828.508583917195,10697.105150350317
-0.0029999999999999992,-0.0080000000000000002,17862.816996307854,10717.690197784712
-0.0025000000000000022,-0.0080000000000000002,17871.969414197549,10723.181648518528
-0.0019999999999999983,-0.0080000000000000002,17864.17241038222,10718.503446229332
-0.0015000000000000013,-0.0080000000000000002,17847.586024155662,10708.551614493397
-0.00099999999999999742,-0.0080000000000000002,17829.564518986714,10697.738711392029
-0.00050000000000000044,-0.0080000000000000002,17815.930877682404,10689.558526609442
0,-0.0080000000000000002,17810.379574132145,10686.227744479287
0.00050000000000000044,-0.0080000000000000002,17814.081574428317,10688.44894465699
0.0010000000000000009,-0.0080000000000000002,17825.538476088819,10695.323085653292
0.0015000000000000013,-0.0080000000000000002,17840.702490408064,10704.421494244838
0.0020000000000000018,-0.0080000000000000002,17853.347947603084,10712.008768561851
0.0024999999999999988,-0.0080000000000000002,17855.650061207725,10713.390036724635
0.0030000000000000027,-0.0080000000000000002,17838.900057894942,10703.340034736964
0.0034999999999999996,-0.0080000000000000002,17794.26555918665,10676.559335511989
0.0040000000000000036,-0.0080000000000000002,17713.495201937651,10628.097121162589
0.0045000000000000005,-0.0080000000000000002,17589.470827773166,10553.6824966639
0.0049999999999999975,-0.0080000000000000002,17416.531702295011,10449.919021377007
0.0055000000000000014,-0.0080000000000000002,17190.532761274459,10314.319656764676
0.0059999999999999984,-0.0080000000000000002,16908.648414589894,10145.189048753937
0.0064999999999999988,-0.0080000000000000002,16568.986453578207,9941.3918721469236
0.0069999999999999993,-0.0080000000000000002,16170.121745568631,9702.0730473411786
0.0074999999999999997,-0.0080000000000000002,15710.684972529398,9426.4109835176387
0.0080000000000000002,-0.0080000000000000002,15189.138856419548,9113.4833138517279
0.0085000000000000006,-0.0080000000000000002,14603.840119258062,8762.3040715548377
0.0090000000000000011,-0.0080000000000000002,13953.42442485368,8372.0546549122082
0.0095000000000000015,-0.0080000000000000002,13237.475652173795,7942.4853913042762
0.010000000000000002,-0.0080000000000000002,12457.366921119699,7474.4201526718189
0.010500000000000002,-0.0080000000000000002,11617.106602190515,6970.2639613143092
0.011000000000000003,-0.0080000000000000002,10724.002142033867,6434.4012852203205
0.011500000000000003,-0.0080000000000000002,9788.9743785484061,5873.3846271290431
0.012000000000000004,-0.0080000000000000002,8826.4120114249326,5295.847206854959
0.012499999999999997,-0.0080000000000000002,7853.5380157142226,4712.1228094285334
0.013000000000000005,-0.0080000000000000002,6889.3491036603482,4133.6094621962084
0.013499999999999998,-0.0080000000000000002,5953.2665577341095,3571.9599346404657
0.014000000000000005,-0.0080000000000000002,5063.6859857923591,3038.2115914754154
0.014499999999999999,-0.0080000000000000002,4236.6259630920104,2541.9755778552062
0.014999999999999999,-0.0080000000000000002,3484.6509847336115,2090.7905908401667
0.0155,-0.0080000000000000002,2816.1904997462225,1689.7142998477334
0.016000000000000007,-0.0080000000000000002,2235.3062512995821,1341.1837507797493
0.016500000000000001,-0.0080000000000000002,1741.8896709887031,1045.1338025932218
0.017000000000000001,-0.0080000000000000002,1332.2128099654608,799.32768597927645
0.017500000000000002,-0.0080000000000000002,999.71894209035713,599.83136525421423
0.017999999999999995,-0.0080000000000000002,735.92566913728035,441.55540148236821
0.018500000000000003,-0.0080000000000000002,531.321987084169,318.79319225050136
0.019000000000000003,-0.0080000000000000002,376.16546681353839,225.69928008812303
0.019500000000000003,-0.0080000000000000002,261.11884206651331,156.67130523990798
0.019999999999999997,-0.0080000000000000002,177.69945787611789,106.61967472567073
0.020499999999999997,-0.0080000000000000002,118.54442451549831,71.126654709298975
0.021000000000000005,-0.0080000000000000002,77.515513167979634,46.509307900787782
0.021500000000000005,-0.0080000000000000002,49.679773428457501,29.8078640570745
0.021999999999999999,-0.0080000000000000002,31.20540805398571,18.723244832391426
0.022499999999999999,-0.0080000000000000002,19.209638398118933,11.52578303887136
0.023000000000000007,-0.0080000000000000002,11.588592723085219,6.9531556338511313
0.023500000000000007,-0.0080000000000000002,6.8509422506002133,4.1105653503601278
0.024,-0.0080000000000000002,3.9688642829346117,2.3813185697607668
0.024500000000000001,-0.0080000000000000002,2.2530389880353638,1.3518233928212182
0.025000000000000001,-0.0080000000000000002,1.2532839792517734,0.75197038755106405
-0.025000000000000001,-0.0074999999999999997,2.2525340265170786,1.3515204159102472
-0.024500000000000001,-0.0074999999999999997,3.9450035144605793,2.3670021086763473
-0.024,-0.0074999999999999997,6.7769184417512616,4.0661510650507564
-0.0235,-0.0074999999999999997,11.418922539266463,6.8513535235598777
-0.023,-0.0074999999999999997,18.872338442242537,11.323403065345522
-0.022500000000000003,-0.0074999999999999997,30.593884390693983,18.356330634416388
-0.022000000000000002,-0.0074999999999999997,48.646735540598115,29.188041324358867
-0.021500000000000002,-0.0074999999999999997,75.872875866551638,45.523725519930984
-0.021000000000000001,-0.0074999999999999997,116.07508486071841,69.645050916431046
-0.020500000000000001,-0.0074999999999999997,174.18865469844883,104.51319281906929
-0.02,-0.0074999999999999997,256.41389464670692,153.84833678802414
-0.0195,-0.0074999999999999997,370.27219205663272,222.16331523397963
-0.019,-0.0074999999999999997,524.54306050893922,314.72583630536354
-0.018500000000000003,-0.0074999999999999997,729.03982867160164,437.42389720296097
-0.018000000000000002,-0.0074999999999999997,994.1899503581094,596.51397021486559
-0.017500000000000002,-0.0074999999999999997,1330.4041102280892,798.24246613685352
-0.017000000000000001,-0.0074999999999999997,1747.2465289011418,1048.3479173406849
-0.016500000000000001,-0.0074999999999999997,2252.454990636561,1351.4729943819366
-0.016,-0.0074999999999999997,2850.8983088200243,1710.5389852920146
-0.0155,-0.0074999999999999997,3543.5939785195824,2126.1563871117492
-0.015000000000000001,-0.0074999999999999997,4326.9310283137538,2596.1586169882521
-0.014500000000000001,-0.0074999999999999997,5192.2443456272495,3115.3466073763498
-0.014,-0.0074999999999999997,6125.8613748180451,3675.5168248908271
-0.0135,-0.0074999999999999997,7109.6891636559039,4265.8134981935418
-0.012999999999999999,-0.0074999999999999997,8122.3344710015244,4873.4006826009145
-0.012500000000000001,-0.0074999999999999997,9140.6634388880229,5484.3980633328138
-0.012,-0.0074999999999999997,10141.626150011565,6084.9756900069387
-0.0115,-0.0074999999999999997,11104.112644553592,6662.4675867321548
-0.010999999999999999,-0.0074999999999999997,12010.58542412022,7206.3512544721316
-0.010499999999999999,-0.0074999999999999997,12848.257263140216,7708.9543578841294
-0.010000000000000002,-0.0074999999999999997,13609.651040448836,8165.7906242693016
-0.0095000000000000015,-0.0074999999999999997,14292.479097936495,8575.4874587618961
-0.0090000000000000011,-0.0074999999999999997,14898.894136563275,8939.336481937964
-0.0085000000000000006,-0.0074999999999999997,15434.268853602513,9260.5613121615079
-0.0080000000000000002,-0.0074999999999999997,15905.735912194486,9543.4415473166919
-0.0074999999999999997,-0.0074999999999999997,16320.74855223285,9792.4491313397102
-0.0069999999999999993,-0.0074999999999999997,16685.900451217516,10011.540270730509
-0.0064999999999999988,-0.0074999999999999997,17006.177605681354,10203.706563408812
-0.0059999999999999984,-0.0074999999999999997,17284.72050006521,10370.832300039126
-0.0054999999999999979,-0.0074999999999999997,17523.072326501144,10513.843395900685
-0.005000000000000001,-0.0074999999999999997,17721.799389274376,10633.079633564625
-0.0044999999999999971,-0.0074999999999999997,17881.309534360196,10728.785720616117
-0.0040000000000000001,-0.0074999999999999997,18002.672420040897,10801.603452024538
-0.0035000000000000031,-0.0074999999999999997,18088.262068714888,10852.957241228933
-0.0029999999999999992,-0.0074999999999999997,18142.090269259599,10885.254161555758
-0.0025000000000000022,-0.0074999999999999997,18169.766876148409,10901.860125689045
-0.0019999999999999983,-0.0074999999999999997,18178.095836406996,10906.857501844197
-0.0015000000000000013,-0.0074999999999999997,18174.380861412756,10904.628516847653
-0.00099999999999999742,-0.0074999999999999997,18165.562173398066,10899.33730403884
-0.00050000000000000044,-0.0074999999999999997,18157.329996653978,10894.397997992386
0,-0.0074999999999999997,18153.35997127627,10892.015982765761
0.00050000000000000044,-0.0074999999999999997,18154.792607959018,10892.87556477541
0.0010000000000000009,-0.0074999999999999997,18160.038127673288,10896.022876603973
0.0015000000000000013,-0.0074999999999999997,18164.936114763474,10898.961668858085
0.0020000000000000018,-0.0074999999999999997,18163.243826914171,10897.946296148502
0.0024999999999999988,-0.0074999999999999997,18147.375447542017,10888.42526852521
0.0030000000000000027,-0.0074999999999999997,18109.274359260577,10865.564615556346
0.0034999999999999996,-0.0074999999999999997,18041.277960705273,10824.766776423163
0.0040000000000000036,-0.0074999999999999997,17936.834132599699,10762.100479559818
0.0045000000000000005,-0.0074999999999999997,17790.951963599284,10674.571178159569
0.0049999999999999975,-0.0074999999999999997,17600.314996774927,10560.188998064956
0.0055000000000000014,-0.0074999999999999997,17363.047210760746,10417.828326456447
0.0059999999999999984,-0.0074999999999999997,17078.190460190108,10246.914276114065
0.0064999999999999988,-0.0074999999999999997,16745.014626685206,10047.008776011124
0.0069999999999999993,-0.0074999999999999997,16362.325036536484,9817.3950219218896
0.0074999999999999997,-0.0074999999999999997,15927.944673905378,9556.7668043432259
0.0080000000000000002,-0.0074999999999999997,15438.525322666323,9263.1151935997932
0.0085000000000000006,-0.0074999999999999997,14889.783295327235,8933.8699771963402
0.0090000000000000011,-0.0074999999999999997,14277.171222990601,8566.3027337943604
0.0095000000000000015,-0.0074999999999999997,13596.903689656059,8158.1422137936352
0.010000000000000002,-0.0074999999999999997,12847.171124452849,7708.3026746717087
0.010500000000000002,-0.0074999999999999997,12029.322241685884,7217.5933450115308
0.011000000000000003,-0.0074999999999999997,11148.783764696489,6689.2702588178936
0.011500000000000003,-0.0074999999999999997,10215.52134800917,6129.3128088055018
0.012000000000000004,-0.0074999999999999997,9243.92117597174,5546.3527055830436
0.012499999999999997,-0.0074999999999999997,8252.072142218356,4951.2432853310138
0.013000000000000005,-0.0074999999999999997,7260.5328112086363,4356.3196867251818
0.013499999999999998,-0.0074999999999999997,6290.7541412510318,3774.4524847506191
0.014000000000000005,-0.0074999999999999997,5363.381456459224,3218.0288738755344
0.014499999999999999,-0.0074999999999999997,4496.6689316039983,2698.0013589623991
0.014999999999999999,-0.0074999999999999997,3705.2081010691536,2223.124860641492
0.0155,-0.0074999999999999997,2999.1083883543843,1799.4650330126306
0.016000000000000007,-0.0074999999999999997,2383.6876464113284,1430.2125878467971
0.016500000000000001,-0.0074999999999999997,1859.6509491144002,1115.7905694686401
0.017000000000000001,-0.0074999999999999997,1423.6707561752878,854.20245370517262
0.017500000000000002,-0.0074999999999999997,1069.2403615600697,641.54421693604183
0.017999999999999995,-0.0074999999999999997,787.65828937971241,472.59497362782741
0.018500000000000003,-0.0074999999999999997,569.01136749611078,341.40682049766644
0.019000000000000003,-0.0074999999999999997,403.05190357685694,241.83114214611416
0.019500000000000003,-0.0074999999999999997,279.90121999381705,167.94073199629022
0.019999999999999997,-0.0074999999999999997,190.54959366568417,114.3297561994105
0.020499999999999997,-0.0074999999999999997,127.15507135159866,76.293042810959193
0.021000000000000005,-0.0074999999999999997,83.166978258582603,49.900186955149557
0.021500000000000005,-0.0074999999999999997,53.313110903027621,31.987866541816572
0.021999999999999999,-0.0074999999999999997,33.493579578079945,20.096147746847965
0.022499999999999999,-0.0074999999999999997,20.62128294110833,12.372769764664998
0.023000000000000007,-0.0074999999999999997,12.441750525441883,7.4650503152651293
0.023500000000000007,-0.0074999999999999997,7.3560823054710323,4.4136493832826194
0.024,-0.0074999999999999997,4.2618740422536581,2.5571244253521948
0.024500000000000001,-0.0074999999999999997,2.4195519756267401,1.451731185376044
0.025000000000000001,-0.0074999999999999997,1.3459918344928323,0.8075951006956994
-0.025000000000000001,-0.0069999999999999993,2.6354048057122328,1.5812428834273395
-0.024500000000000001,-0.0069999999999999993,4.5972683017405167,2.7583609810443099
-0.024,-0.0069999999999999993,7.8663806982629856,4.7198284189577908
-0.0235,-0.0069999999999999993,13.203047511907322,7.9218285071443928
-0.023,-0.0069999999999999993,21.736982390226213,13.042189434135727
-0.022500000000000003,-0.0069999999999999993,35.103657895933594,21.062194737560155
-0.022000000000000002,-0.0069999999999999993,55.607910831401171,33.364746498840702
-0.021500000000000002,-0.0069999999999999993,86.40843357646925,51.845060145881547
-0.021000000000000001,-0.0069999999999999993,131.7094724616133,79.025683476967984
-0.020500000000000001,-0.0069999999999999993,196.93707722703888,118.16224633622332
-0.02,-0.0069999999999999993,288.86760123363865,173.3205607401832
-0.0195,-0.0069999999999999993,415.66757306482037,249.40054383889222
-0.019,-0.0069999999999999993,586.79896046684848,352.0793762801091
-0.018500000000000003,-0.0069999999999999993,812.7450425924518,487.64702555547103
-0.018000000000000002,-0.0069999999999999993,1104.5222708643576,662.71336251861453
-0.017500000000000002,-0.0069999999999999993,1472.9643965655162,883.77863793930965
-0.017000000000000001,-0.0069999999999999993,1927.7967586977554,1156.6780552186533
-0.016500000000000001,-0.0069999999999999993,2476.5584157343369,1485.9350494406021
-0.016,-0.0069999999999999993,3123.4723547156987,1874.0834128294191
-0.0155,-0.0069999999999999993,3868.4013587153154,2321.0408152291893
-0.015000000000000001,-0.0069999999999999993,4706.049899545279,2823.6299397271673
-0.014500000000000001,-0.0069999999999999993,5625.5718111587548,3375.3430866952526
-0.014,-0.0069999999999999993,6610.7135551367519,3966.4281330820509
-0.0135,-0.0069999999999999993,7640.562846556496,4584.337707933897
-0.012999999999999999,-0.0069999999999999993,8690.8881380108724,5214.532882806523
-0.012500000000000001,-0.0069999999999999993,9735.9585105742335,5841.5751063445396
-0.012,-0.0069999999999999993,10750.643388272125,6450.3860329632744
-0.0115,-0.0069999999999999993,11712.526243397368,7027.5157460384207
-0.010999999999999999,-0.0069999999999999993,12603.742364737498,7562.2454188424981
-0.010499999999999999,-0.0069999999999999993,13412.277003359564,8047.3662020157381
-0.010000000000000002,-0.0069999999999999993,14132.535877847866,8479.5215267087187
-0.0095000000000000015,-0.0069999999999999993,14765.113357546154,8859.068014527691
-0.0090000000000000011,-0.0069999999999999993,15315.813995340322,9189.4883972041935
-0.0085000000000000006,-0.0069999999999999993,15794.105210785754,9476.4631264714517
-0.0080000000000000002,-0.0069999999999999993,16211.268654302501,9726.7611925814999
-0.0074999999999999997,-0.0069999999999999993,16578.557541413898,9947.1345248483394
-0.0069999999999999993,-0.0069999999999999993,16905.65003682024,10143.390022092144
-0.0064999999999999988,-0.0069999999999999993,17199.619562136122,10319.771737281673
-0.0059999999999999984,-0.0069999999999999993,17464.537155867125,10478.722293520275
-0.0054999999999999979,-0.0069999999999999993,17701.700828703899,10621.020497222338
-0.005000000000000001,-0.0069999999999999993,17910.375863975871,10746.225518385521
-0.0044999999999999971,-0.0069999999999999993,18088.848347005089,10853.309008203052
-0.0040000000000000001,-0.0069999999999999993,18235.554727873488,10941.332836724092
-0.0035000000000000031,-0.0069999999999999993,18350.056700439793,11010.034020263874
-0.0029999999999999992,-0.0069999999999999993,18433.678070143145,11060.206842085887
-0.0025000000000000022,-0.0069999999999999993,18489.696687037911,11093.818012222746
-0.0019999999999999983,-0.0069999999999999993,18523.074149275839,11113.844489565503
-0.0015000000000000013,-0.0069999999999999993,18539.792344688769,11123.87540681326
-0.00099999999999999742,-0.0069999999999999993,18545.934600136658,11127.560760081995
-0.00050000000000000044,-0.0069999999999999993,18546.689978058352,11128.013986835011
0,-0.0069999999999999993,18545.467059185201,11127.28023551112
0.00050000000000000044,-0.0069999999999999993,18543.278813155503,11125.967287893302
0.0010000000000000009,-0.0069999999999999993,18538.508291768718,11123.104975061231
0.0015000000000000013,-0.0069999999999999993,18527.095201223783,11116.25712073427
0.0020000000000000018,-0.0069999999999999993,18503.107695724848,11101.864617434909
0.0024999999999999988,-0.0069999999999999993,18459.594536926463,11075.756722155877
0.0030000000000000027,-0.0069999999999999993,18389.561659966777,11033.736995980065
0.0034999999999999996,-0.0069999999999999993,18286.893125796123,10972.135875477674
0.0040000000000000036,-0.0069999999999999993,18147.044340864497,10888.226604518697
0.0045000000000000005,-0.0069999999999999993,17967.375206252706,10780.425123751624
0.0049999999999999975,-0.0069999999999999993,17747.057056431229,10648.234233858737
0.0055000000000000014,-0.0069999999999999993,17486.569398713546,10491.941639228127
0.0059999999999999984,-0.0069999999999999993,17186.886347062999,10312.131808237798
0.0064999999999999988,-0.0069999999999999993,16848.522392969717,10109.11343578183
0.0069999999999999993,-0.0069999999999999993,16470.648060111922,9882.3888360671535
0.0074999999999999997,-0.0069999999999999993,16050.487559027935,9630.2925354167601
0.0080000000000000002,-0.0069999999999999993,15583.169235240783,9349.9015411444689
0.0085000000000000006,-0.0069999999999999993,15062.12038316108,9037.2722298966473
0.0090000000000000011,-0.0069999999999999993,14479.994325185322,8687.9965951111935
0.0095000000000000015,-0.0069999999999999993,13830.009317426318,8298.0055904557903
0.010000000000000002,-0.0069999999999999993,13107.488066395304,7864.4928398371821
0.010500000000000002,-0.0069999999999999993,12311.33318326289,7386.7999099577337
0.011000000000000003,-0.0069999999999999993,11445.170333703009,6867.1022002218051
0.011500000000000003,-0.0069999999999999993,10517.939284855835,6310.7635709135002
0.012000000000000004,-0.0069999999999999993,9543.8043625286027,5726.2826175171613
0.012499999999999997,-0.0069999999999999993,8541.3715518643276,5124.822931118596
0.013000000000000005,-0.0069999999999999993,7532.3161064801043,4519.3896638880624
0.013499999999999998,-0.0069999999999999993,6539.619025181948,3923.7714151091686
0.014000000000000005,-0.0069999999999999993,5585.6657405076967,3351.3994443046181
0.014499999999999999,-0.0069999999999999993,4690.4677633185038,2814.2806579911021
0.014999999999999999,-0.0069999999999999993,3870.2302110102842,2322.1381266061703
0.0155,-0.0069999999999999993,3136.4164882190971,1881.8498929314583
0.016000000000000007,-0.0069999999999999993,2495.3728376762883,1497.223702605773
0.016500000000000001,-0.0069999999999999993,1948.4882139558965,1169.0929283735379
0.017000000000000001,-0.0069999999999999993,1492.7943006481562,895.67658038889374
0.017500000000000002,-0.0069999999999999993,1121.8661926827162,673.11971560962968
0.017999999999999995,-0.0069999999999999993,826.86928271314946,496.12156962788964
0.018500000000000003,-0.0069999999999999993,597.60911513161602,358.56546907896961
0.019000000000000003,-0.0069999999999999993,423.47105908678788,254.08263545207271
0.019500000000000003,-0.0069999999999999993,294.1764161327385,176.50584967964309
0.019999999999999997,-0.0069999999999999993,200.32224265162304,120.19334559097382
0.020499999999999997,-0.0069999999999999993,133.70698989879267,80.224193939275594
0.021000000000000005,-0.0069999999999999993,87.469116822207639,52.481470093324582
0.021500000000000005,-0.0069999999999999993,56.079978731153723,33.647987238692231
0.021999999999999999,-0.0069999999999999993,35.236607889357145,21.141964733614287
0.022499999999999999,-0.0069999999999999993,21.696887335907217,13.01813240154433
0.023000000000000007,-0.0069999999999999993,13.091954590563596,7.8551727543381569
0.023500000000000007,-0.0069999999999999993,7.7411259549396432,4.6446755729637861
0.024,-0.0069999999999999993,4.4852545815921427,2.6911527489552856
0.024500000000000001,-0.0069999999999999993,2.5465116476245351,1.527906988574721
0.025000000000000001,-0.0069999999999999993,1.4166853739878869,0.85001122439273213
-0.025000000000000001,-0.0064999999999999988,3.0667473063711332,1.8400483838226798
-0.024500000000000001,-0.0064999999999999988,5.3281463329771457,3.1968877997862872
-0.024,-0.0064999999999999988,9.0802631537626635,5.4481578922575977
-0.0235,-0.0064999999999999988,15.179216181737678,9.1075297090426055
-0.023,-0.0064999999999999988,24.890484850668308,14.934290910400984
-0.022500000000000003,-0.0064999999999999988,40.036413901511374,24.021848340906825
-0.022000000000000002,-0.0064999999999999988,63.171327351798716,37.90279641107923
-0.021500000000000002,-0.0064999999999999988,97.776373709899218,58.665824225939531
-0.021000000000000001,-0.0064999999999999988,148.45823877255305,89.074943263531821
-0.020500000000000001,-0.0064999999999999988,221.12625309324159,132.67575185594495
-0.02,-0.0064999999999999988,323.11234398716527,193.86740639229916
-0.0195,-0.0064999999999999988,463.18966169341314,277.91379701604785
-0.019,-0.0064999999999999988,651.44115693804656,390.8646941628279
-0.018500000000000003,-0.0064999999999999988,898.93187346154423,539.35912407692649
-0.018000000000000002,-0.0064999999999999988,1217.1509769439128,730.29058616634768
-0.017500000000000002,-0.0064999999999999988,1617.2132426044152,970.32794556264912
-0.017000000000000001,-0.0064999999999999988,2108.8445722735273,1265.3067433641163
-0.016500000000000001,-0.0064999999999999988,2699.2190966541398,1619.5314579924839
-0.016,-0.0064999999999999988,3391.7605116895911,2035.0563070137546
-0.0155,-0.0064999999999999988,4185.0588714609412,2511.0353228765648
-0.015000000000000001,-0.0064999999999999988,5072.0761657523508,3043.2456994514105
-0.014500000000000001,-0.0064999999999999988,6039.8104465953511,3623.8862679572107
-0.014,-0.0064999999999999988,7069.553082970202,4241.7318497821207
-0.0135,-0.0064999999999999988,8137.8065596702563,4882.6839358021534
-0.012999999999999999,-0.0064999999999999988,9217.8378005924951,5530.7026803554973
-0.012500000000000001,-0.0064999999999999988,10281.738005118748,6169.0428030712492
-0.012,-0.0064999999999999988,11302.763265468649,6781.6579592811895
-0.0115,-0.0064999999999999988,12257.661122608301,7354.5966735649799
-0.010999999999999999,-0.0064999999999999988,13128.663971450698,7877.1983828704188
-0.010499999999999999,-0.0064999999999999988,13904.860516328827,8342.916309797296
-0.010000000000000002,-0.0064999999999999988,14582.740257881684,8749.6441547290106
-0.0095000000000000015,-0.0064999999999999988,15165.830712269348,9099.4984273616083
-0.0090000000000000011,-0.0064999999999999988,15663.49067964096,9398.0944077845761
-0.0085000000000000006,-0.0064999999999999988,16089.058329087755,9653.4349974526522
-0.0080000000000000002,-0.0064999999999999988,16457.653967700266,9874.592380620159
-0.0074999999999999997,-0.0064999999999999988,16783.984643929009,10070.390786357404
-0.0069999999999999993,-0.0064999999999999988,17080.482740859352,10248.289644515611
-0.0064999999999999988,-0.0064999999999999988,17356.037675057269,10413.622605034361
-0.0059999999999999984,-0.0064999999999999988,17615.464387692809,10569.278632615686
-0.0054999999999999979,-0.0064999999999999988,17859.717810359449,10715.83068621567
-0.005000000000000001,-0.0064999999999999988,18086.734669965619,10852.04080197937
-0.0044999999999999971,-0.0064999999999999988,18292.685746347528,10975.611447808516
-0.0040000000000000001,-0.0064999999999999988,18473.36876796556,11084.021260779335
-0.0035000000000000031,-0.0064999999999999988,18625.470776165064,11175.282465699038
-0.0029999999999999992,-0.0064999999999999988,18747.475480403573,11248.485288242144
-0.0025000000000000022,-0.0064999999999999988,18840.074132801696,11304.044479681017
-0.0019999999999999983,-0.0064999999999999988,18906.040662493309,11343.624397495985
-0.0015000000000000013,-0.0064999999999999988,18949.634137429734,11369.78048245784
-0.00099999999999999742,-0.0064999999999999988,18975.676303111064,11385.405781866639
-0.00050000000000000044,-0.0064999999999999988,18988.505308001426,11393.103184800855
0,-0.0064999999999999988,18991.021060451483,11394.612636270889
0.00050000000000000044,-0.0064999999999999988,18984.012112908022,11390.407267744813
0.0010000000000000009,-0.0064999999999999988,18965.894350824612,11379.536610494766
0.0015000000000000013,-0.0064999999999999988,18932.909427736155,11359.745656641693
0.0020000000000000018,-0.0064999999999999988,18879.74079904989,11327.844479429934
0.0024999999999999988,-0.0064999999999999988,18800.423504047685,11280.254102428611
0.0030000000000000027,-0.0064999999999999988,18689.365232617733,11213.619139570639
0.0034999999999999996,-0.0064999999999999988,18542.271554856961,11125.362932914177
0.0040000000000000036,-0.0064999999999999988,18356.7826608877,11014.069596532619
0.0045000000000000005,-0.0064999999999999988,18132.681016129791,10879.608609677874
0.0049999999999999975,-0.0064999999999999988,17871.610720927943,10722.966432556766
0.0055000000000000014,-0.0064999999999999988,17576.346143143499,10545.807685886099
0.0059999999999999984,-0.0064999999999999988,17249.742035555733,10349.84522133344
0.0064999999999999988,-0.0064999999999999988,16893.571590087959,10136.142954052775
0.0069999999999999993,-0.0064999999999999988,16507.497029810063,9904.4982178860373
0.0074999999999999997,-0.0064999999999999988,16088.409518889766,9653.0457113338598
0.0080000000000000002,-0.0064999999999999988,15630.319814039529,9378.1918884237166
0.0085000000000000006,-0.0064999999999999988,15124.886050820049,9074.9316304920285
0.0090000000000000011,-0.0064999999999999988,14562.546882473187,8737.5281294839115
0.0095000000000000015,-0.0064999999999999988,13934.109290248323,8360.4655741489933
0.010000000000000002,-0.0064999999999999988,13232.544671302801,7939.5268027816801
0.010500000000000002,-0.0064999999999999988,12454.694513965125,7472.816708379075
0.011000000000000003,-0.0064999999999999988,11602.58994294291,6961.5539657657455
0.011500000000000003,-0.0064999999999999988,10684.148139909626,6410.4888839457753
0.012000000000000004,-0.0064999999999999988,9713.1118286629935,5827.8670971977963
0.012499999999999997,-0.0064999999999999988,8708.2250221982886,5224.9350133189728
0.013000000000000005,-0.0064999999999999988,7691.7637714310122,4615.0582628586071
0.013499999999999998,-0.0064999999999999988,6687.6405556233321,4012.584333373999
0.014000000000000005,-0.0064999999999999988,5719.3574922072366,3431.614495324342
0.014499999999999999,-0.0064999999999999988,4808.089014404979,2884.8534086429872
0.014999999999999999,-0.0064999999999999988,3971.1323443744004,2382.6794066246403
0.0155,-0.0064999999999999988,3220.8865367227327,1932.5319220336396
0.016000000000000007,-0.0064999999999999988,2564.4262289723952,1538.6557373834371
0.016500000000000001,-0.0064999999999999988,2003.6436826305696,1202.1862095783417
0.017000000000000001,-0.0064999999999999988,1535.8582272002807,921.51493632016843
0.017500000000000002,-0.0064999999999999988,1154.745794704043,692.84747682242573
0.017999999999999995,-0.0064999999999999988,851.42575416531633,510.85545249918977
0.018500000000000003,-0.0064999999999999988,615.55428216602047,369.33256929961226
0.019000000000000003,-0.0064999999999999988,436.30522947720925,261.78313768632552
0.019500000000000003,-0.0064999999999999988,303.16120051792143,181.89672031075284
0.019999999999999997,-0.0064999999999999988,206.48017226430019,123.88810335858011
0.020499999999999997,-0.0064999999999999988,137.83942110770113,82.703652664620677
0.021000000000000005,-0.0064999999999999988,90.184729707293243,54.110837824375942
0.021500000000000005,-0.0064999999999999988,57.827655784367678,34.696593470620606
0.021999999999999999,-0.0064999999999999988,36.338195259908851,21.802917155945309
0.022499999999999999,-0.0064999999999999988,22.376981591937575,13.426188955162544
0.023000000000000007,-0.0064999999999999988,13.503232226407308,8.101939335844385
0.023500000000000007,-0.0064999999999999988,7.9847592031823247,4.7908555219093945
0.024,-0.0064999999999999988,4.6266352259820094,2.7759811355892055
0.024500000000000001,-0.0064999999999999988,2.62688444782574,1.5761306686954439
0.025000000000000001,-0.0064999999999999988,1.4614469685651044,0.87686818113906262
-0.025000000000000001,-0.0059999999999999984,3.5496735614828081,2.129804136889685
-0.024500000000000001,-0.0059999999999999984,6.1426060848580581,3.6855636509148346
-0.024,-0.0059999999999999984,10.426287521735913,6.2557725130415482
-0.0235,-0.0059999999999999984,17.35909631844121,10.415457791064727
-0.023,-0.0059999999999999984,28.349960385379344,17.009976231227604
-0.022500000000000003,-0.0059999999999999984,45.416471638759354,27.249882983255613
-0.022000000000000002,-0.0059999999999999984,71.370367651751849,42.822220591051106
-0.021500000000000002,-0.0059999999999999984,110.0207875532063,66.012472531923777
-0.021000000000000001,-0.0059999999999999984,166.37708977692941,99.826253866157643
-0.020500000000000001,-0.0059999999999999984,246.82288617744138,148.09373170646481
-0.02,-0.0059999999999999984,359.22262826022808,215.53357695613684
-0.0195,-0.0059999999999999984,512.91369432259603,307.74821659355763
-0.019,-0.0059999999999999984,718.53325607127215,431.11995364276328
-0.018500000000000003,-0.0059999999999999984,987.63332357945512,592.57999414767301
-0.018000000000000002,-0.0059999999999999984,1332.0519869837767,799.23119219026603
-0.017500000000000002,-0.0059999999999999984,1763.035467540378,1057.8212805242267
-0.017000000000000001,-0.0059999999999999984,2290.1434803461357,1374.0860882076813
-0.016500000000000001,-0.0059999999999999984,2920.0160404079506,1752.0096242447703
-0.016,-0.0059999999999999984,3655.1265569369689,2193.0759341621811
-0.0155,-0.0059999999999999984,4492.6846396076471,2695.6107837645882
-0.015000000000000001,-0.0059999999999999984,5423.8721275668449,3254.3232765401067
-0.014500000000000001,-0.0059999999999999984,6433.5881494337837,3860.1528896602699
-0.014,-0.0059999999999999984,7500.8378809097931,4500.5027285458755
-0.0135,-0.0059999999999999984,8599.82543635199,5159.8952618111934
-0.012999999999999999,-0.0059999999999999984,9701.7117439611629,5821.0270463766974
-0.012500000000000001,-0.0059999999999999984,10776.888206632322,6466.1329239793931
-0.012,-0.0059999999999999984,11797.5163828594,7078.5098297156392
-0.0115,-0.0059999999999999984,12740.014005578169,7644.0084033469011
-0.010999999999999999,-0.0059999999999999984,13587.146024008465,8152.2876144050788
-0.010499999999999999,-0.0059999999999999984,14329.415522507028,8597.6493135042165
-0.010000000000000002,-0.0059999999999999984,14965.54162116145,8979.3249726968697
-0.0095000000000000015,-0.0059999999999999984,15501.94616356764,9301.1676981405835
-0.0090000000000000011,-0.0059999999999999984,15951.324784258584,9570.7948705551498
-0.0085000000000000006,-0.0059999999999999984,16330.522394283857,9798.3134365703136
-0.0080000000000000002,-0.0059999999999999984,16658.040818403213,9994.8244910419271
-0.0074999999999999997,-0.0059999999999999984,16951.556861577239,10170.934116946342
-0.0069999999999999993,-0.0059999999999999984,17225.813494907532,10335.488096944518
-0.0064999999999999988,-0.0059999999999999984,17491.169328291795,10494.701596975077
-0.0059999999999999984,-0.0059999999999999984,17752.968219116847,10651.780931470108
-0.0054999999999999979,-0.0059999999999999984,18011.746050708196,10807.047630424917
-0.005000000000000001,-0.0059999999999999984,18264.152558954371,10958.491535372623
-0.0044999999999999971,-0.0059999999999999984,18504.357114075508,11102.614268445304
-0.0040000000000000001,-0.0059999999999999984,18725.645978203709,11235.387586922225
-0.0035000000000000031,-0.0059999999999999984,18921.912369099984,11353.147421459989
-0.0029999999999999992,-0.0059999999999999984,19088.786929408692,11453.272157645215
-0.0025000000000000022,-0.0059999999999999984,19224.243209793025,11534.545925875815
-0.0019999999999999983,-0.0059999999999999984,19328.622587075366,11597.17355224522
-0.0015000000000000013,-0.0059999999999999984,19404.13501213921,11642.481007283526
-0.00099999999999999742,-0.0059999999999999984,19453.98637614325,11672.391825685949
-0.00050000000000000044,-0.0059999999999999984,19481.344431462931,11688.806658877758
0,-0.0059999999999999984,19488.37385039435,11693.024310236609
0.00050000000000000044,-0.0059999999999999984,19475.54554394677,11685.327326368062
0.0010000000000000009,-0.0059999999999999984,19441.361853989547,11664.817112393728
0.0015000000000000013,-0.0059999999999999984,19382.550213741324,11629.530128244794
0.0020000000000000018,-0.0059999999999999984,19294.680159331103,11576.808095598661
0.0024999999999999988,-0.0059999999999999984,19173.070373690927,11503.842224214555
0.0030000000000000027,-0.0059999999999999984,19013.790232527914,11408.274139516749
0.0034999999999999996,-0.0059999999999999984,18814.536010903132,11288.721606541878
0.0040000000000000036,-0.0059999999999999984,18575.180728679188,11145.108437207513
0.0045000000000000005,-0.0059999999999999984,18297.856080112364,10978.713648067418
0.0049999999999999975,-0.0059999999999999984,17986.51503007592,10791.909018045551
0.0055000000000000014,-0.0059999999999999984,17646.028473507038,10587.617084104222
0.0059999999999999984,-0.0059999999999999984,17280.969399100912,10368.581639460546
0.0064999999999999988,-0.0059999999999999984,16894.313694154651,10136.58821649279
0.0069999999999999993,-0.0059999999999999984,16486.321971020876,9891.7931826125259
0.0074999999999999997,-0.0059999999999999984,16053.852260443349,9632.3113562660092
0.0080000000000000002,-0.0059999999999999984,15590.288896747657,9354.1733380485948
0.0085000000000000006,-0.0059999999999999984,15086.168104820397,9051.7008628922376
0.0090000000000000011,-0.0059999999999999984,14530.454087866779,8718.272452720068
0.0095000000000000015,-0.0059999999999999984,13912.294739789275,8347.3768438735642
0.010000000000000002,-0.0059999999999999984,13222.988233510981,7933.7929401065885
0.010500000000000002,-0.0059999999999999984,12457.840985311803,7474.704591187081
0.011000000000000003,-0.0059999999999999984,11617.605096297639,6970.5630577785832
0.011500000000000003,-0.0059999999999999984,10709.248681080959,6425.5492086485747
0.012000000000000004,-0.0059999999999999984,9745.9228775007668,5847.5537265004596
0.012499999999999997,-0.0059999999999999984,8746.1228818488744,5247.6737291093241
0.013000000000000005,-0.0059999999999999984,7732.1708154066828,4639.3024892440098
0.013499999999999998,-0.0059999999999999984,6728.2508969844121,4036.950538190647
0.014000000000000005,-0.0059999999999999984,5758.2844878593805,3454.970692715628
0.014499999999999999,-0.0059999999999999984,4843.9367125309263,2906.3620275185558
0.014999999999999999,-0.0059999999999999984,4003.0013999295538,2401.800839957732
0.0155,-0.0059999999999999984,3248.330277263738,1948.9981663582428
0.016000000000000007,-0.0059999999999999984,2587.3744687220155,1552.4246812332092
0.016500000000000001,-0.0059999999999999984,2022.3110663128266,1213.3866397876959
0.017000000000000001,-0.0059999999999999984,1550.6511381924076,930.39068291544459
0.017500000000000002,-0.0059999999999999984,1166.1780744135217,699.70684464811302
0.017999999999999995,-0.0059999999999999984,860.04946213710491,516.02967728226292
0.018500000000000003,-0.0059999999999999984,621.90810080085521,373.1448604805131
0.019000000000000003,-0.0059999999999999984,440.88026792005923,264.52816075203555
0.019500000000000003,-0.0059999999999999984,306.38203334419467,183.82922000651681
0.019999999999999997,-0.0059999999999999984,208.6979280131533,125.21875680789198
0.020499999999999997,-0.0059999999999999984,139.33345822662662,83.600074935975968
0.021000000000000005,-0.0059999999999999984,91.169688981581174,54.7018133889487
0.021500000000000005,-0.0059999999999999984,58.463239561354129,35.077943736812479
0.021999999999999999,-0.0059999999999999984,36.739706958755015,22.043824175253008
0.022499999999999999,-0.0059999999999999984,22.625326488445904,13.575195893067542
0.023000000000000007,-0.0059999999999999984,13.65364835941916,8.1921890156514952
0.023500000000000007,-0.0059999999999999984,8.0739782919095102,4.8443869751457056
0.024,-0.0059999999999999984,4.6784651247209261,2.8070790748325556
0.024500000000000001,-0.0059999999999999984,2.656375574485514,1.5938253446913084
0.025000000000000001,-0.0059999999999999984,1.4778836892257345,0.88673021353544068
-0.025000000000000001,-0.0054999999999999979,4.0852324823115627,2.4511394893869376
-0.024500000000000001,-0.0054999999999999979,7.0423492976721587,4.225409578603295
-0.024,-0.0054999999999999979,11.907149739443991,7.1442898436663942
-0.0235,-0.0054999999999999979,19.746857037933509,11.848114222760104
-0.023,-0.0054999999999999979,32.121700367696064,19.273020220617639
-0.022500000000000003,-0.0054999999999999979,51.253092241519134,30.75185534491148
-0.022000000000000002,-0.0054999999999999979,80.218325924797412,48.130995554878446
-0.021500000000000002,-0.0054999999999999979,123.16028026027294,73.896168156163768
-0.021000000000000001,-0.0054999999999999979,185.49140825586662,111.29484495351997
-0.020500000000000001,-0.0054999999999999979,274.06074136464645,164.43644481878786
-0.02,-0.0054999999999999979,397.2422782494528,238.34536694967167
-0.0195,-0.0054999999999999979,564.89525501142032,338.93715300685216
-0.019,-0.0054999999999999979,788.14434825803551,472.88660895482127
-0.018500000000000003,-0.0054999999999999979,1078.9339652435744,647.36037914614462
-0.018000000000000002,-0.0054999999999999979,1449.3280259040728,869.59681554244366
-0.017500000000000002,-0.0054999999999999979,1910.5562125935173,1146.3337275561103
-0.017000000000000001,-0.0054999999999999979,2471.8483838455772,1483.1090303073463
-0.016500000000000001,-0.0054999999999999979,3139.1465399742901,1883.4879239845741
-0.016,-0.0054999999999999979,3913.8310931066367,2348.2986558639818
-0.0155,-0.0054999999999999979,4791.6355040902872,2874.9813024541722
-0.015000000000000001,-0.0054999999999999979,5761.9400247601916,3457.164014856115
-0.014500000000000001,-0.0054999999999999979,6807.6222157701141,4084.5733294620682
-0.014,-0.0054999999999999979,7905.5940847573693,4743.3564508544214
-0.0135,-0.0054999999999999979,9028.074477547596,5416.8446865285578
-0.012999999999999999,-0.0054999999999999979,10144.539719037055,6086.7238314222332
-0.012500000000000001,-0.0054999999999999979,11224.181527430537,6734.5089164583223
-0.012,-0.0054999999999999979,12238.599741981259,7343.1598451887558
-0.0115,-0.0054999999999999979,13164.389945052499,7898.6339670314992
-0.010999999999999999,-0.0054999999999999979,13985.269994673681,8391.1619968042087
-0.010499999999999999,-0.0054999999999999979,14693.43348454063,8816.060090724377
-0.010000000000000002,-0.0054999999999999979,15289.919238444669,9173.9515430668016
-0.0095000000000000015,-0.0054999999999999979,15783.929094738985,9470.3574568433905
-0.0090000000000000011,-0.0054999999999999979,16191.186823340964,9714.7120940045788
-0.0085000000000000006,-0.0054999999999999979,16531.579732454389,9918.9478394726339
-0.0080000000000000002,-0.0054999999999999979,16826.433570192417,10095.860142115451
-0.0074999999999999997,-0.0054999999999999979,17095.820424207945,10257.492254524766
-0.0069999999999999993,-0.0054999999999999979,17356.280004072898,10413.768002443738
-0.0064999999999999988,-0.0054999999999999979,17619.25190464608,10571.551142787648
-0.0059999999999999984,-0.0054999999999999979,17890.387154569951,10734.23229274197
-0.0054999999999999979,-0.0054999999999999979,18169.756604570095,10901.853962742056
-0.005000000000000001,-0.0054999999999999979,18452.829273117328,11071.697563870397
-0.0044999999999999971,-0.0054999999999999979,18731.980601486361,11239.188360891816
-0.0040000000000000001,-0.0054999999999999979,18998.226342276994,11398.935805366196
-0.0035000000000000031,-0.0054999999999999979,19242.870233123409,11545.722139874046
-0.0029999999999999992,-0.0054999999999999979,19458.799914389965,11675.279948633979
-0.0025000000000000022,-0.0054999999999999979,19641.253836381085,11784.75230182865
-0.0019999999999999983,-0.0054999999999999979,19787.993922935955,11872.796353761572
-0.0015000000000000013,-0.0054999999999999979,19898.933462891033,11939.36007773462
-0.00099999999999999742,-0.0054999999999999979,19975.366894688217,11985.22013681293
-0.00050000000000000044,-0.0054999999999999979,20019.01174326651,12011.407045959906
0,-0.0054999999999999979,20031.09339583162,12018.656037498971
0.00050000000000000044,-0.0054999999999999979,20011.678924682426,12007.007354809455
0.0010000000000000009,-0.0054999999999999979,19959.402913596001,11975.641748157601
0.0015000000000000013,-0.0054999999999999979,19871.639018847294,11922.983411308376
0.0020000000000000018,-0.0054999999999999979,19745.07298952269,11847.043793713614
0.0024999999999999988,-0.0054999999999999979,19576.54467923256,11745.926807539536
0.0030000000000000027,-0.0054999999999999979,19363.964970428748,11618.378982257249
0.0034999999999999996,-0.0054999999999999979,19107.090507670357,11464.254304602213
0.0040000000000000036,-0.0054999999999999979,18807.959782545011,11284.775869527006
0.0045000000000000005,-0.0054999999999999979,18470.855581341017,11082.51334880461
0.0049999999999999975,-0.0054999999999999979,18101.750617819023,10861.050370691413
0.0055000000000000014,-0.0054999999999999979,17707.298824667632,10624.379294800579
0.0059999999999999984,-0.0054999999999999979,17293.534446281628,10376.120667768977
0.0064999999999999988,-0.0054999999999999979,16864.515056617791,10118.709033970674
0.0069999999999999993,-0.0054999999999999979,16421.17699094861,9852.7061945691657
0.0074999999999999997,-0.0054999999999999979,15960.653555757804,9576.3921334546831
0.0080000000000000002,-0.0054999999999999979,15476.23819004578,9285.7429140274671
0.0085000000000000006,-0.0054999999999999979,14958.066841656524,8974.8401049939148
0.0090000000000000011,-0.0054999999999999979,14394.46512128177,8636.6790727690623
0.0095000000000000015,-0.0054999999999999979,13773.780515375016,8264.2683092250099
0.010000000000000002,-0.0054999999999999979,13086.422821396298,7851.853692837778
0.010500000000000002,-0.0054999999999999979,12326.787035613666,7396.0722213681993
0.011000000000000003,-0.0054999999999999979,11494.742927785648,6896.8457566713887
0.011500000000000003,-0.0054999999999999979,10596.443305306137,6357.8659831836821
0.012000000000000004,-0.0054999999999999979,9644.3154174172942,5786.5892504503763
0.012499999999999997,-0.0054999999999999979,8656.2348873222181,5193.7409323933307
0.013000000000000005,-0.0054999999999999979,7654.0126510822111,4592.4075906493263
0.013499999999999998,-0.0054999999999999979,6661.4280258736444,3996.8568155241865
0.014000000000000005,-0.0054999999999999979,5702.0976608806577,3421.2585965283947
0.014499999999999999,-0.0054999999999999979,4797.473619809939,2878.4841718859634
0.014999999999999999,-0.0054999999999999979,3965.218283190407,2379.1309699142439
0.0155,-0.0054999999999999979,3218.1225211335218,1930.873512680113
0.016000000000000007,-0.0054999999999999979,2563.635502342051,1538.1813014052307
0.016500000000000001,-0.0054999999999999979,2003.9791999066124,1202.3875199439674
0.017000000000000001,-0.0054999999999999979,1536.7443360048974,922.04660160293838
0.017500000000000002,-0.0054999999999999979,1155.8171402847263,693.49028417083571
0.017999999999999995,-0.0054999999999999979,852.47063277721975,511.48237966633184
0.018500000000000003,-0.0054999999999999979,616.46651734320255,369.87991040592152
0.019000000000000003,-0.0054999999999999979,437.04614437523463,262.22768662514079
0.019500000000000003,-0.0054999999999999979,303.7315063433997,182.23890380603981
0.019999999999999997,-0.0054999999999999979,206.90054179400761,124.14032507640457
0.020499999999999997,-0.0054999999999999979,138.1380367641556,82.88282205849336
0.021000000000000005,-0.0054999999999999979,90.390024641150575,54.234014784690345
0.021500000000000005,-0.0054999999999999979,57.964646613131507,34.778787967878905
0.021999999999999999,-0.0054999999999999979,36.427107074438339,21.856264244663002
0.022499999999999999,-0.0054999999999999979,22.433196658946368,13.459917995367821
0.023000000000000007,-0.0054999999999999979,13.537896208506874,8.1227377251041233
0.023500000000000007,-0.0054999999999999979,8.0056246324689262,4.8033747794813557
0.024,-0.0054999999999999979,4.6389041020865953,2.7833424612519573
0.024500000000000001,-0.0054999999999999979,2.6339354762923071,1.5803612857753842
0.025000000000000001,-0.0054999999999999979,1.465409415340333,0.87924564920419979
-0.025000000000000001,-0.005000000000000001,4.6712621331897486,2.8027572799138492
-0.024500000000000001,-0.005000000000000001,8.0238928364127364,4.814335701847642
-0.024,-0.005000000000000001,13.51738051825059,8.1104283109503541
-0.0235,-0.005000000000000001,22.33413673580586,13.400482041483516
-0.023,-0.005000000000000001,36.19327444120551,21.715964664723305
-0.022500000000000003,-0.005000000000000001,57.528338038143403,34.517002822886042
-0.022000000000000002,-0.005000000000000001,89.690134248659731,53.814080549195836
-0.021500000000000002,-0.005000000000000001,137.16103748210199,82.296622489261196
-0.021000000000000001,-0.005000000000000001,205.75738262011728,123.45442957207037
-0.020500000000000001,-0.005000000000000001,302.78571093144944,181.67142655886965
-0.02,-0.005000000000000001,437.10841691812681,262.26505015087605
-0.0195,-0.005000000000000001,619.06725760769916,371.4403545646195
-0.019,-0.005000000000000001,860.21229261252336,516.12737556751404
-0.018500000000000003,-0.005000000000000001,1172.7922410815615,703.67534464893686
-0.018000000000000002,-0.005000000000000001,1568.9823778487544,941.38942670925258
-0.017500000000000002,-0.005000000000000001,2059.858712376792,1235.9152274260753
-0.017000000000000001,-0.005000000000000001,2654.1705340199037,1592.5023204119423
-0.016500000000000001,-0.005000000000000001,3357.0125889565661,2014.2075533739396
-0.016,-0.005000000000000001,4168.5452253481744,2501.1271352089047
-0.0155,-0.005000000000000001,5082.9456440401136,3049.7673864240683
-0.015000000000000001,-0.005000000000000001,6087.7853057195452,3652.6711834317271
-0.014500000000000001,-0.005000000000000001,7164.0089253134056,4298.4053551880434
-0.014,-0.005000000000000001,8286.6352814278634,4971.9811688567179
-0.0135,-0.005000000000000001,9426.2119803032729,5655.7271881819634
-0.012999999999999999,-0.005000000000000001,10550.945733790495,6330.567440274297
-0.012500000000000001,-0.005000000000000001,11629.313931782375,6977.5883590694248
-0.012,-0.005000000000000001,12632.863799342882,7579.7182796057286
-0.0115,-0.005000000000000001,13538.843664797969,8123.3061988787813
-0.010999999999999999,-0.005000000000000001,14332.303300309988,8599.3819801859918
-0.010499999999999999,-0.005000000000000001,15007.354065282056,9004.412439169233
-0.010000000000000002,-0.005000000000000001,15567.389867130634,9340.4339202783794
-0.0095000000000000015,-0.005000000000000001,16024.219999065965,9614.5319994395777
-0.0090000000000000011,-0.005000000000000001,16396.228897425201,9837.7373384551192
-0.0085000000000000006,-0.005000000000000001,16705.826062657034,10023.49563759422
-0.0080000000000000002,-0.005000000000000001,16976.554469775445,10185.932681865266
-0.0074999999999999997,-0.005000000000000001,17230.268645760749,10338.16118745645
-0.0069999999999999993,-0.005000000000000001,17484.767316569556,10490.860389941734
-0.0064999999999999988,-0.005000000000000001,17752.176636871834,10651.3059821231
-0.0059999999999999984,-0.005000000000000001,18038.246652408681,10822.947991445208
-0.0054999999999999979,-0.005000000000000001,18342.571401474477,11005.542840884686
-0.005000000000000001,-0.005000000000000001,18659.599529614999,11195.759717768999
-0.0044999999999999971,-0.005000000000000001,18980.191640965313,11388.114984579188
-0.0040000000000000001,-0.005000000000000001,19293.419357430535,11576.051614458322
-0.0035000000000000031,-0.005000000000000001,19588.295735748452,11752.977441449071
-0.0029999999999999992,-0.005000000000000001,19855.173619251571,11913.104171550942
-0.0025000000000000022,-0.005000000000000001,20086.63537786077,12051.981226716462
-0.0019999999999999983,-0.005000000000000001,20277.806276831125,12166.683766098675
-0.0015000000000000013,-0.005000000000000001,20426.134112572407,12255.680467543443
-0.00099999999999999742,-0.005000000000000001,20530.770675620584,12318.462405372351
-0.00050000000000000044,-0.005000000000000001,20591.751142786514,12355.050685671908
0,-0.005000000000000001,20609.187063308505,12365.512237985104
0.00050000000000000044,-0.005000000000000001,20582.665952166819,12349.59957130009
0.0010000000000000009,-0.005000000000000001,20510.991676643731,12306.595005986239
0.0015000000000000013,-0.005000000000000001,20392.316935159313,12235.390161095587
0.0020000000000000018,-0.005000000000000001,20224.628244787462,12134.776946872476
0.0024999999999999988,-0.005000000000000001,20006.462246507115,12003.877347904268
0.0030000000000000027,-0.005000000000000001,19737.675343054481,11842.605205832688
0.0034999999999999996,-0.005000000000000001,19420.067833491521,11652.040700094913
0.0040000000000000036,-0.005000000000000001,19057.683542627896,11434.610125576737
0.0045000000000000005,-0.005000000000000001,18656.663851972706,11193.998311183623
0.0049999999999999975,-0.005000000000000001,18224.621291804098,10934.772775082458
0.0055000000000000014,-0.005000000000000001,17769.597034824383,10661.75822089463
0.0059999999999999984,-0.005000000000000001,17298.760114660261,10379.256068796156
0.0064999999999999988,-0.005000000000000001,16817.075344862638,10090.245206917583
0.0069999999999999993,-0.005000000000000001,16326.196567018133,9795.7179402108795
0.0074999999999999997,-0.005000000000000001,15823.823461446689,9494.2940768680128
0.0080000000000000002,-0.005000000000000001,15303.693991665277,9182.2163949991664
0.0085000000000000006,-0.005000000000000001,14756.280415028794,8853.7682490172756
0.0090000000000000011,-0.005000000000000001,14170.132756279145,8502.0796537674869
0.0095000000000000015,-0.005000000000000001,13533.692951652956,8120.2157709917738
0.010000000000000002,-0.005000000000000001,12837.309373641427,7702.3856241848553
0.010500000000000002,-0.005000000000000001,12075.134500407143,7245.0807002442853
0.011000000000000003,-0.005000000000000001,11246.598548892349,6747.9591293354088
0.011500000000000003,-0.005000000000000001,10357.217874417211,6214.3307246503264
0.012000000000000004,-0.005000000000000001,9418.6062338396951,5651.1637403038167
0.012499999999999997,-0.005000000000000001,8447.6881409531561,5068.6128845718931
0.013000000000000005,-0.005000000000000001,7465.2409810511053,4479.1445886306628
0.013499999999999998,-0.005000000000000001,6493.9924120249107,3896.3954472149462
0.014000000000000005,-0.005000000000000001,5556.5547794785089,3333.932867687105
0.014499999999999999,-0.005000000000000001,4673.4818573380935,2804.089114402856
0.014999999999999999,-0.005000000000000001,3861.6891156207976,2317.0134693724785
0.0155,-0.005000000000000001,3133.3998822291578,1880.0399293374946
0.016000000000000007,-0.005000000000000001,2495.6844862873018,1497.4106917723809
0.016500000000000001,-0.005000000000000001,1950.5668203194209,1170.3400921916525
0.017000000000000001,-0.005000000000000001,1495.5985024790893,897.35910148745359
0.017500000000000002,-0.005000000000000001,1124.754664536111,674.85279872166655
0.017999999999999995,-0.005000000000000001,829.49003569502963,497.69402141701778
0.018500000000000003,-0.005000000000000001,599.80589600831559,359.88353760498933
0.019000000000000003,-0.005000000000000001,425.20983456292333,255.12590073775399
0.019500000000000003,-0.005000000000000001,295.49148488184431,177.29489092910657
0.019999999999999997,-0.005000000000000001,201.27945991444216,120.76767594866529
0.020499999999999997,-0.005000000000000001,134.38066085691182,80.628396514147084
0.021000000000000005,-0.005000000000000001,87.928993927679286,52.757396356607572
0.021500000000000005,-0.005000000000000001,56.385173131412593,33.831103878847557
0.021999999999999999,-0.005000000000000001,35.433838915252039,21.260303349151222
0.022499999999999999,-0.005000000000000001,21.821161867749687,13.092697120649811
0.023000000000000007,-0.005000000000000001,13.168375994678057,7.9010255968068339
0.023500000000000007,-0.005000000000000001,7.7870245591408196,4.6722147354844914
0.024,-0.005000000000000001,4.5121942683825758,2.7073165610295455
0.024500000000000001,-0.005000000000000001,2.561971279445161,1.5371827676670966
0.025000000000000001,-0.005000000000000001,1.4253626635133219,0.85521759810799314
-0.025000000000000001,-0.0044999999999999971,5.3012976374360541,3.1807785824616324
-0.024500000000000001,-0.0044999999999999971,9.0767239013588412,5.4460343408153049
-0.024,-0.0044999999999999971,15.240291217093988,9.1441747302563918
-0.0235,-0.0044999999999999971,25.095087554945373,15.057052532967223
-0.023,-0.0044999999999999971,40.525649771299179,24.315389862779508
-0.022500000000000003,-0.0044999999999999971,64.184788809420695,38.510873285652416
-0.022000000000000002,-0.0044999999999999971,99.703595624876542,59.822157374925922
-0.021500000000000002,-0.0044999999999999971,151.90872103697455,91.145232622184736
-0.021000000000000001,-0.0044999999999999971,227.02075091052427,136.21245054631456
-0.020500000000000001,-0.0044999999999999971,332.79644589970195,199.67786753982116
-0.02,-0.0044999999999999971,478.56771141357439,287.14062684814462
-0.0195,-0.0044999999999999971,675.12410240021063,405.07446144012636
-0.019,-0.0044999999999999971,934.38661567741485,560.63196940644889
-0.018500000000000003,-0.0044999999999999971,1268.8315459512719,761.29892757076311
-0.018000000000000002,-0.0044999999999999971,1690.6464221244207,1014.3878532746523
-0.017500000000000002,-0.0044999999999999971,2210.6357669534641,1326.3814601720785
-0.017000000000000001,-0.0044999999999999971,2836.9401812286796,1702.1641087372077
-0.016500000000000001,-0.0044999999999999971,3573.6824022559417,2144.2094413535651
-0.016,-0.0044999999999999971,4419.6999080308924,2651.8199448185355
-0.0155,-0.0044999999999999971,5367.5548137984579,3220.5328882790745
-0.015000000000000001,-0.0044999999999999971,6403.0177486513785,3841.810649190827
-0.014500000000000001,-0.0044999999999999971,7505.1951740096929,4503.1171044058156
-0.014,-0.0044999999999999971,8647.4064233129466,5188.4438539877674
-0.0135,-0.0044999999999999971,9798.8219046719259,5879.2931428031552
-0.012999999999999999,-0.0044999999999999971,10926.759421410728,6556.0556528464367
-0.012500000000000001,-0.0044999999999999971,11999.419938935844,7199.6519633615062
-0.012,-0.0044999999999999971,12988.749305153546,7793.2495830921271
-0.0115,-0.0044999999999999971,13873.059333934554,8323.8356003607314
-0.010999999999999999,-0.0044999999999999971,14639.045279867003,8783.4271679202011
-0.010499999999999999,-0.0044999999999999971,15282.902031447538,9169.741218868523
-0.010000000000000002,-0.0044999999999999971,15810.3611264022,9486.2166758413205
-0.0095000000000000015,-0.0044999999999999971,16235.626164296791,9741.3756985780747
-0.0090000000000000011,-0.0044999999999999971,16579.348376321002,9947.6090257926007
-0.0085000000000000006,-0.0044999999999999971,16865.927317233014,10119.556390339809
-0.0080000000000000002,-0.0044999999999999971,17120.51776618919,10272.310659713514
-0.0074999999999999997,-0.0044999999999999971,17366.156011123679,10419.693606674207
-0.0069999999999999993,-0.0044999999999999971,17621.382411239985,10572.82944674399
-0.0064999999999999988,-0.0044999999999999971,17898.641330905026,10739.184798543016
-0.0059999999999999984,-0.0044999999999999971,18203.603889379236,10922.162333627541
-0.0054999999999999979,-0.0044999999999999971,18535.409421865716,11121.245653119429
-0.005000000000000001,-0.0044999999999999971,18887.684781859189,11332.610869115513
-0.0044999999999999971,-0.0044999999999999971,19250.098863308467,11550.05931798508
-0.0040000000000000001,-0.0044999999999999971,19610.15701101792,11766.094206610751
-0.0035000000000000031,-0.0044999999999999971,19954.940432579704,11972.964259547822
-0.0029999999999999992,-0.0044999999999999971,20272.543899060154,12163.526339436092
-0.0025000000000000022,-0.0044999999999999971,20553.048006582376,12331.828803949425
-0.0019999999999999983,-0.0044999999999999971,20788.962708077343,12473.377624846406
-0.0015000000000000013,-0.0044999999999999971,20975.178259952983,12585.106955971789
-0.00099999999999999742,-0.0044999999999999971,21108.541662645664,12665.124997587398
-0.00050000000000000044,-0.0044999999999999971,21187.228919285684,12712.33735157141
0,-0.0044999999999999971,21210.099581174774,12726.059748704864
0.00050000000000000044,-0.0044999999999999971,21176.199973690182,12705.719984214109
0.0010000000000000009,-0.0044999999999999971,21084.530993769189,12650.718596261513
0.0015000000000000013,-0.0044999999999999971,20934.125977673521,12560.475586604112
0.0020000000000000018,-0.0044999999999999971,20724.407362258415,12434.644417355048
0.0024999999999999988,-0.0044999999999999971,20455.722024009876,12273.433214405924
0.0030000000000000027,-0.0044999999999999971,20129.907145469806,12077.944287281884
0.0034999999999999996,-0.0044999999999999971,19750.720569804926,11850.432341882955
0.0040000000000000036,-0.0044999999999999971,19323.986077990598,11594.391646794358
0.0045000000000000005,-0.0044999999999999971,18857.353071525424,11314.411842915253
0.0049999999999999975,-0.0044999999999999971,18359.643982182046,11015.786389309227
0.0055000000000000014,-0.0044999999999999971,17839.848549020506,10703.909129412303
0.0059999999999999984,-0.0044999999999999971,17305.905961528159,10383.543576916894
0.0064999999999999988,-0.0044999999999999971,16763.477336272437,10058.086401763461
0.0069999999999999993,-0.0044999999999999971,16214.938198870808,9728.9629193224846
0.0074999999999999997,-0.0044999999999999971,15658.805216829172,9395.2831300975031
0.0080000000000000002,-0.0044999999999999971,15089.75275813929,9053.8516548835742
0.0085000000000000006,-0.0044999999999999971,14499.281004163335,8699.5686024980005
0.0090000000000000011,-0.0044999999999999971,13876.984247842491,8326.1905487054937
0.0095000000000000015,-0.0044999999999999971,13212.256764595368,7927.3540587572206
0.010000000000000002,-0.0044999999999999971,12496.186389247356,7497.7118335484129
0.010500000000000002,-0.0044999999999999971,11723.34104821823,7034.0046289309375
0.011000000000000003,-0.0044999999999999971,10893.161318622753,6535.8967911736518
0.011500000000000003,-0.0044999999999999971,10010.732255041816,6006.4393530250891
0.012000000000000004,-0.0044999999999999971,9086.8089602793843,5452.0853761676308
0.012499999999999997,-0.0044999999999999971,8137.0928594986954,4882.255715699217
0.013000000000000005,-0.0044999999999999971,7180.8754585619454,4308.5252751371672
0.013499999999999998,-0.0044999999999999971,6239.2609173110068,3743.5565503866037
0.014000000000000005,-0.0044999999999999971,5333.2316758879288,3199.9390055327572
0.014499999999999999,-0.0044999999999999971,4481.8257493467072,2689.0954496080244
0.014999999999999999,-0.0044999999999999971,3700.653560746865,2220.3921364481189
0.0155,-0.0044999999999999971,3000.9083621169402,1800.5450172701642
0.016000000000000007,-0.0044999999999999971,2388.9345832005042,1433.3607499203024
0.016500000000000001,-0.0044999999999999971,1866.3308986238105,1119.7985391742864
0.017000000000000001,-0.0044999999999999971,1430.4944125915258,858.29664755491547
0.017500000000000002,-0.0044999999999999971,1075.4684268857793,645.28105613146761
0.017999999999999995,-0.0044999999999999971,792.94144802929418,475.76486881757648
0.018500000000000003,-0.0044999999999999971,573.25613192769777,343.95367915661865
0.019000000000000003,-0.0044999999999999971,406.3164138989693,243.78984833938156
0.019500000000000003,-0.0044999999999999971,282.32006087804672,169.39203652682804
0.019999999999999997,-0.0044999999999999971,192.28370863229244,115.37022517937547
0.020499999999999997,-0.0044999999999999971,128.36153495207171,77.016920971243024
0.021000000000000005,-0.0044999999999999971,83.983258039736683,50.389954823842011
0.021500000000000005,-0.0044999999999999971,53.851052172875413,32.310631303725245
0.021999999999999999,-0.0044999999999999971,33.839294643853847,20.303576786312309
0.022499999999999999,-0.0044999999999999971,20.838147023115287,12.502888213869172
0.023000000000000007,-0.0044999999999999971,12.574628935459232,7.5447773612755391
0.023500000000000007,-0.0044999999999999971,7.4356552453714233,4.4613931472228536
0.024,-0.0044999999999999971,4.3084667365112441,2.5850800419067466
0.024500000000000001,-0.0044999999999999971,2.4462371872882755,1.4677423123729654
0.025000000000000001,-0.0044999999999999971,1.3609456780704781,0.81656740684228679
-0.025000000000000001,-0.0040000000000000001,5.963744247482615,3.5782465484895689
-0.024500000000000001,-0.0040000000000000001,10.181882232315205,6.1091293393891233
-0.024,-0.0040000000000000001,17.045589970643658,10.227353982386195
-0.0235,-0.0040000000000000001,27.982444531764216,16.789466719058527
-0.023,-0.0040000000000000001,45.046834286694754,27.02810057201685
-0.022500000000000003,-0.0040000000000000001,71.115459967885542,42.669275980731321
-0.022000000000000002,-0.0040000000000000001,110.10370182485379,66.062221094912275
-0.021500000000000002,-0.0040000000000000001,167.18454432659715,100.31072659595829
-0.021000000000000001,-0.0040000000000000001,248.98100246478486,149.38860147887092
-0.020500000000000001,-0.0040000000000000001,363.69181869935232,218.21509121961139
-0.02,-0.0040000000000000001,521.1007478721715,312.66044872330286
-0.0195,-0.0040000000000000001,732.41490255286328,439.44894153171794
-0.019,-0.0040000000000000001,1009.8806467067658,605.92838802405947
-0.018500000000000003,-0.0040000000000000001,1366.1393764571505,819.68362587429033
-0.018000000000000002,-0.0040000000000000001,1813.3120296949999,1087.9872178169999
-0.017500000000000002,-0.0040000000000000001,2361.8400194160749,1417.1040116496449
-0.017000000000000001,-0.0040000000000000001,3019.1582745373507,1811.4949647224105
-0.016500000000000001,-0.0040000000000000001,3788.3267408453407,2272.9960445072043
-0.016,-0.0040000000000000001,4666.7907572451222,2800.0744543470732
-0.0155,-0.0040000000000000001,5645.4673625891746,3387.2804175535048
-0.015000000000000001,-0.0040000000000000001,6708.3535854395086,4025.0121512637052
-0.014500000000000001,-0.0040000000000000001,7832.8171102204496,4699.6902661322692
-0.014,-0.0040000000000000001,8990.6581079982971,5394.3948647989782
-0.0135,-0.0040000000000000001,10149.929597774852,6089.9577586649111
-0.012999999999999999,-0.0040000000000000001,11277.38622589821,6766.4317355389258
-0.012500000000000001,-0.0040000000000000001,12341.317546788099,7404.7905280728592
-0.012,-0.0040000000000000001,13314.4339846812,7988.66039080872
-0.0115,-0.0040000000000000001,14176.431699069482,8505.8590194416884
-0.010999999999999999,-0.0040000000000000001,14915.879592643601,8949.5277555861612
-0.010499999999999999,-0.0040000000000000001,15531.149954197565,9318.6899725185376
-0.010000000000000002,-0.0040000000000000001,16030.243680962309,9618.1462085773856
-0.0095000000000000015,-0.0040000000000000001,16429.520610460968,9857.7123662765807
-0.0090000000000000011,-0.0040000000000000001,16751.507109565136,10050.904265739082
-0.0085000000000000006,-0.0040000000000000001,17022.087419681746,10213.252451809047
-0.0080000000000000002,-0.0040000000000000001,17267.468133813702,10360.48088028822
-0.0074999999999999997,-0.0040000000000000001,17511.322633703683,10506.793580222209
-0.0069999999999999993,-0.0040000000000000001,17772.473421372633,10663.48405282358
-0.0064999999999999988,-0.0040000000000000001,18063.366886868243,10838.020132120946
-0.0059999999999999984,-0.0040000000000000001,18389.458678344821,11033.675207006892
-0.0054999999999999979,-0.0040000000000000001,18749.484629458871,11249.690777675323
-0.005000000000000001,-0.0040000000000000001,19136.467303773446,11481.880382264068
-0.0044999999999999971,-0.0040000000000000001,19539.220933843648,11723.532560306188
-0.0040000000000000001,-0.0040000000000000001,19944.078239488899,11966.44694369334
-0.0035000000000000031,-0.0040000000000000001,20336.571923765052,12201.94315425903
-0.0029999999999999992,-0.0040000000000000001,20702.853662318557,12421.712197391134
-0.0025000000000000022,-0.0040000000000000001,21030.710380699922,12618.426228419952
-0.0019999999999999983,-0.0040000000000000001,21310.125281544661,12786.075168926796
-0.0015000000000000013,-0.0040000000000000001,21533.413777253561,12920.048266352136
-0.00099999999999999742,-0.0040000000000000001,21695.029578675814,13017.017747205487
-0.00050000000000000044,-0.0040000000000000001,21791.175550014064,13074.705330008439
0,-0.0040000000000000001,21819.364407876124,13091.618644725675
0.00050000000000000044,-0.0040000000000000001,21778.057454392194,13066.834472635315
0.0010000000000000009,-0.0040000000000000001,21666.470706248776,12999.882423749264
0.0015000000000000013,-0.0040000000000000001,21484.585196155338,12890.751117693202
0.0020000000000000018,-0.0040000000000000001,21233.341586129485,12740.004951677691
0.0024999999999999988,-0.0040000000000000001,20914.948494414162,12548.969096648498
0.0030000000000000027,-0.0040000000000000001,20533.198045053192,12319.918827031915
0.0034999999999999996,-0.0040000000000000001,20093.667861489426,12056.200716893656
0.0040000000000000036,-0.0040000000000000001,19603.699584870938,11762.219750922563
0.0045000000000000005,-0.0040000000000000001,19072.079555088687,11443.247733053211
0.0049999999999999975,-0.0040000000000000001,18508.40275830706,11105.041654984236
0.0055000000000000014,-0.0040000000000000001,17922.167642372202,10753.300585423322
0.0059999999999999984,-0.0040000000000000001,17321.714971103578,10393.028982662147
0.0064999999999999988,-0.0040000000000000001,16713.175275245347,10027.905165147207
0.0069999999999999993,-0.0040000000000000001,16099.614533374646,9659.7687200247874
0.0074999999999999997,-0.0040000000000000001,15480.558152576661,9288.3348915459956
0.0080000000000000002,-0.0040000000000000001,14852.026935880243,8911.2161615281457
0.0085000000000000006,-0.0040000000000000001,14207.140843950045,8524.2845063700261
0.0090000000000000011,-0.0040000000000000001,13537.249614547211,8122.3497687283261
0.0095000000000000015,-0.0040000000000000001,12833.451653362454,7700.0709920174722
0.010000000000000002,-0.0040000000000000001,12088.283796120038,7252.9702776720233
0.010500000000000002,-0.0040000000000000001,11297.321711458157,6778.3930268748936
0.011000000000000003,-0.0040000000000000001,10460.434276813541,6276.2605660881245
0.011500000000000003,-0.0040000000000000001,9582.48611242076,5749.4916674524557
0.012000000000000004,-0.0040000000000000001,8673.371417851642,5204.022850710985
0.012499999999999997,-0.0040000000000000001,7747.371959491843,4648.4231756951058
0.013000000000000005,-0.0040000000000000001,6821.9409081596805,4093.1645448958079
0.013499999999999998,-0.0040000000000000001,5916.1013501212028,3549.6608100727217
0.014000000000000005,-0.0040000000000000001,5048.6982109404407,3029.2189265642642
0.014499999999999999,-0.0040000000000000001,4236.7481234320494,2542.0488740592295
0.014999999999999999,-0.0040000000000000001,3494.0960197388526,2096.4576118433115
0.0155,-0.0040000000000000001,2830.520621989192,1698.3123731935152
0.016000000000000007,-0.0040000000000000001,2251.349182525269,1350.8095095151614
0.016500000000000001,-0.0040000000000000001,1757.5614160149337,1054.5368496089602
0.017000000000000001,-0.0040000000000000001,1346.297535476454,807.77852128587233
0.017500000000000002,-0.0040000000000000001,1011.6444286514705,606.98665719088228
0.017999999999999995,-0.0040000000000000001,745.55994148003811,447.33596488802283
0.018500000000000003,-0.0040000000000000001,538.80509373994676,323.28305624396802
0.019000000000000003,-0.0040000000000000001,381.78112966734943,229.06867780040966
0.019500000000000003,-0.0040000000000000001,265.20424014416614,159.12254408649969
0.019999999999999997,-0.0040000000000000001,180.58760534405681,108.35256320643408
0.020499999999999997,-0.0040000000000000001,120.53197290658434,72.319183743950603
0.021000000000000005,-0.0040000000000000001,78.848736171213062,47.309241702727839
0.021500000000000005,-0.0040000000000000001,50.552372603731968,30.331423562239181
0.021999999999999999,-0.0040000000000000001,31.763103364659163,19.057862018795497
0.022499999999999999,-0.0040000000000000001,19.557911976033829,11.734747185620297
0.023000000000000007,-0.0040000000000000001,11.801211586106465,7.0807269516638787
0.023500000000000007,-0.0040000000000000001,6.9778870553563506,4.1867322332138102
0.024,-0.0040000000000000001,4.0430125605013698,2.4258075363008218
0.024500000000000001,-0.0040000000000000001,2.2954203777770315,1.3772522266662188
0.025000000000000001,-0.0040000000000000001,1.2769939739248506,0.76619638435491033
-0.025000000000000001,-0.0035000000000000031,6.6415282591350282,3.9849169554810167
-0.024500000000000001,-0.0035000000000000031,11.311330652287459,6.7867983913724759
-0.024,-0.0035000000000000031,18.888269933113783,11.332961959868269
-0.0235,-0.0035000000000000031,30.925602203052826,18.555361321831693
-0.023,-0.0035000000000000031,49.648617231961254,29.789170339176749
-0.022500000000000003,-0.0035000000000000031,78.158392039615592,46.895035223769355
-0.022000000000000002,-0.0035000000000000031,120.65383602083094,72.392301612498557
-0.021500000000000002,-0.0035000000000000031,182.65126084381743,109.59075650629045
-0.021000000000000001,-0.0035000000000000031,271.16951890986371,162.70171134591823
-0.020500000000000001,-0.0035000000000000031,394.83752013960748,236.90251208376446
-0.02,-0.0035000000000000031,563.87203449303638,338.32322069582182
-0.0195,-0.0035000000000000031,789.87018595882319,473.92211157529391
-0.019,-0.0035000000000000031,1085.366267646709,651.21976058802545
-0.018500000000000003,-0.0035000000000000031,1463.1193128454806,877.87158770728831
-0.018000000000000002,-0.0035000000000000031,1935.1276942569225,1161.0766165541534
-0.017500000000000002,-0.0035000000000000031,2511.4089725696613,1506.8453835417968
-0.017000000000000001,-0.0035000000000000031,3198.6332572972569,1919.1799543783541
-0.016500000000000001,-0.0035000000000000031,3998.7491803512371,2399.2495082107421
-0.016,-0.0035000000000000031,4907.7832673025641,2944.6699603815382
-0.0155,-0.0035000000000000031,5915.0149623793941,3549.0089774276362
-0.015000000000000001,-0.0035000000000000031,7002.7209706360918,4201.6325823816551
-0.014500000000000001,-0.0035000000000000031,8146.6379762538918,4887.9827857523351
-0.014,-0.0035000000000000031,9317.2125534300958,5590.3275320580569
-0.0135,-0.0035000000000000031,10481.599310156762,6288.9595860940572
-0.012999999999999999,-0.0035000000000000031,11606.248599135088,6963.7491594810526
-0.012500000000000001,-0.0035000000000000031,12659.814430810226,7595.8886584861348
-0.012,-0.0035000000000000031,13616.033901376773,8169.6203408260635
-0.0115,-0.0035000000000000031,14456.200413732689,8673.7202482396133
-0.010999999999999999,-0.0035000000000000031,15170.884929289692,9102.5309575738156
-0.010499999999999999,-0.0035000000000000031,15760.65162964214,9456.3909777852841
-0.010000000000000002,-0.0035000000000000031,16235.653494094771,9741.3920964568624
-0.0095000000000000015,-0.0035000000000000031,16614.155891811526,9968.4935350869146
-0.0090000000000000011,-0.0035000000000000031,16920.193164593777,10152.115898756265
-0.0085000000000000006,-0.0035000000000000031,17180.685715723201,10308.41142943392
-0.0080000000000000002,-0.0035000000000000031,17422.411505620978,10453.446903372585
-0.0074999999999999997,-0.0035000000000000031,17669.225765967538,10601.535459580522
-0.0069999999999999993,-0.0035000000000000031,17939.859307185368,10763.91558431122
-0.0064999999999999988,-0.0035000000000000031,18246.514358303066,10947.908614981839
-0.0059999999999999984,-0.0035000000000000031,18594.341033230612,11156.604619938367
-0.0054999999999999979,-0.0035000000000000031,18981.743494586841,11389.046096752105
-0.005000000000000001,-0.0035000000000000031,19401.355829007534,11640.813497404521
-0.0044999999999999971,-0.0035000000000000031,19841.459161697443,11904.875497018465
-0.0040000000000000001,-0.0035000000000000031,20287.589454408786,12172.553672645272
-0.0035000000000000031,-0.0035000000000000031,20724.106042862928,12434.463625717757
-0.0029999999999999992,-0.0035000000000000031,21135.54332338379,12681.325994030274
-0.0025000000000000022,-0.0035000000000000031,21507.637366368042,12904.582419820825
-0.0019999999999999983,-0.0035000000000000031,21827.990734799823,13096.794440879894
-0.0015000000000000013,-0.0035000000000000031,22086.400276015891,13251.840165609534
-0.00099999999999999742,-0.0035000000000000031,22274.916376924695,13364.949826154816
-0.00050000000000000044,-0.0035000000000000031,22387.72507566079,13432.635045396473
0,-0.0035000000000000031,22420.947432912326,13452.568459747396
0.00050000000000000044,-0.0035000000000000031,22372.437295198561,13423.462377119136
0.0010000000000000009,-0.0035000000000000031,22241.63397187915,13344.980383127489
0.0015000000000000013,-0.0035000000000000031,22029.495626924341,13217.697376154605
0.0020000000000000018,-0.0035000000000000031,21738.507298146942,13043.104378888165
0.0024999999999999988,-0.0035000000000000031,21372.72888921987,12823.637333531922
0.0030000000000000027,-0.0035000000000000031,20937.827290073794,12562.696374044275
0.0034999999999999996,-0.0035000000000000031,20441.026540738927,12264.615924443357
0.0040000000000000036,-0.0035000000000000031,19890.913420339195,11934.548052203516
0.0045000000000000005,-0.0035000000000000031,19297.054314447832,11578.232588668699
0.0049999999999999975,-0.0035000000000000031,18669.411714254045,11201.647028552426
0.0055000000000000014,-0.0035000000000000031,18017.591316112877,10810.554789667725
0.0059999999999999984,-0.0035000000000000031,17349.996438042625,10409.997862825574
0.0064999999999999988,-0.0035000000000000031,16673.00601262334,10003.803607574004
0.0069999999999999993,-0.0035000000000000031,15990.315702596214,9594.1894215577286
0.0074999999999999997,-0.0035000000000000031,15302.580297534725,9181.548178520834
0.0080000000000000002,-0.0035000000000000031,14607.465204126358,8764.4791224758137
0.0085000000000000006,-0.0035000000000000031,13900.157314104381,8340.0943884626286
0.0090000000000000011,-0.0035000000000000031,13174.309284086527,7904.5855704519154
0.0095000000000000015,-0.0035000000000000031,12423.310335577478,7453.9862013464863
0.010000000000000002,-0.0035000000000000031,11641.707920933859,6985.0247525603154
0.010500000000000002,-0.0035000000000000031,10826.563744058647,6495.9382464351884
0.011000000000000003,-0.0035000000000000031,9978.5253206030538,5987.1151923618318
0.011500000000000003,-0.0035000000000000031,9102.4330980687319,5461.4598588412391
0.012000000000000004,-0.0035000000000000031,8207.3566300446255,4924.4139780267751
0.012499999999999997,-0.0035000000000000031,7306.0471143916302,4383.6282686349778
0.013000000000000005,-0.0035000000000000031,6413.8889882243311,3848.3333929345986
0.013499999999999998,-0.0035000000000000031,5547.5114188462321,3328.506851307739
0.014000000000000005,-0.0035000000000000031,4723.266966033184,2833.9601796199104
0.014499999999999999,-0.0035000000000000031,3955.79238541936,2373.4754312516161
0.014999999999999999,-0.0035000000000000031,3256.8370077554455,1954.1022046532671
0.0155,-0.0035000000000000031,2634.486368623684,1580.6918211742104
0.016000000000000007,-0.0035000000000000031,2092.8365267024642,1255.7019160214784
0.016500000000000001,-0.0035000000000000031,1632.1027286695946,979.26163720175668
0.017000000000000001,-0.0035000000000000031,1249.087495486187,749.45249729171212
0.017500000000000002,-0.0035000000000000031,937.8959896128024,562.73759376768146
0.017999999999999995,-0.0035000000000000031,690.77333191294315,414.46399914776589
0.018500000000000003,-0.0035000000000000031,498.94697810721431,299.36818686432855
0.019000000000000003,-0.0035000000000000031,353.38139715044616,212.02883829026769
0.019500000000000003,-0.0035000000000000031,245.38459579359133,147.23075747615479
0.019999999999999997,-0.0035000000000000031,167.03926870685237,100.22356122411142
0.020499999999999997,-0.0035000000000000031,111.45992884408483,66.8759573064509
0.021000000000000005,-0.0035000000000000031,72.89800057287249,43.73880034372349
0.021500000000000005,-0.0035000000000000031,46.728556243326814,28.037133745996087
0.021999999999999999,-0.0035000000000000031,29.355990276926747,17.613594166156048
0.022499999999999999,-0.0035000000000000031,18.073414952215398,10.844048971329238
0.023000000000000007,-0.0035000000000000031,10.904290629445178,6.5425743776671066
0.023500000000000007,-0.0035000000000000031,6.4469680581473012,3.8681808348883804
0.024,-0.0035000000000000031,3.7351139705955596,2.2410683823573359
0.024500000000000001,-0.0035000000000000031,2.120476969612866,1.2722861817677196
0.025000000000000001,-0.0035000000000000031,1.1796067021674603,0.70776402130047622
-0.025000000000000001,-0.0029999999999999992,7.3123989368090765,4.3874393620854457
-0.024500000000000001,-0.0029999999999999992,12.428410505428754,7.4570463032572523
-0.024,-0.0029999999999999992,20.709267661686507,12.425560597011904
-0.0235,-0.0029999999999999992,33.831518855272471,20.298911313163483
-0.023,-0.0029999999999999992,54.187731658727088,32.512638995236252
-0.022500000000000003,-0.0029999999999999992,85.098009468582148,51.058805681149288
-0.022000000000000002,-0.0029999999999999992,131.03711905661086,78.622271433966517
-0.021500000000000002,-0.0029999999999999992,197.85403016735785,118.71241810041471
-0.021000000000000001,-0.0029999999999999992,292.94907131976595,175.76944279185957
-0.020500000000000001,-0.0029999999999999992,425.36265810753997,255.21759486452396
-0.02,-0.0029999999999999992,605.72124964964655,363.43274978978792
-0.0195,-0.0029999999999999992,845.98408219290434,507.5904493157426
-0.019,-0.0029999999999999992,1158.9417001371987,695.36502008231923
-0.018500000000000003,-0.0029999999999999992,1557.4370737309046,934.46224423854267
-0.018000000000000002,-0.0029999999999999992,2053.3132256492149,1231.987935389529
-0.017500000000000002,-0.0029999999999999992,2656.1362296109291,1593.6817377665575
-0.017000000000000001,-0.0029999999999999992,3371.7943600223939,2023.0766160134363
-0.016500000000000001,-0.0029999999999999992,4201.1249272406931,2520.6749563444159
-0.016,-0.0029999999999999992,5138.7593387660036,3083.2556032596021
-0.0155,-0.0029999999999999992,6172.3929206983212,3703.4357524189927
-0.015000000000000001,-0.0029999999999999992,7282.6695984391372,4369.6017590634819
-0.014500000000000001,-0.0029999999999999992,8443.8178618502334,5066.2907171101397
-0.014,-0.0029999999999999992,9625.0856388414795,5775.0513833048872
-0.0135,-0.0029999999999999992,10792.907905785189,6475.744743471113
-0.012999999999999999,-0.0029999999999999992,11913.619534626148,7148.1717207756892
-0.012500000000000001,-0.0029999999999999992,12956.419119395458,7773.8514716372738
-0.012,-0.0029999999999999992,13896.219751798111,8337.7318510788664
-0.0115,-0.0029999999999999992,14716.007544390819,8829.6045266344918
-0.010999999999999999,-0.0029999999999999992,15408.376326436801,9245.0257958620805
-0.010499999999999999,-0.0029999999999999992,15976.013276455495,9585.6079658732961
-0.010000000000000002,-0.0029999999999999992,16431.058803530505,9858.6352821183027
-0.0095000000000000015,-0.0029999999999999992,16793.428704471487,10076.057222682892
-0.0090000000000000011,-0.0029999999999999992,17088.337296768448,10253.002378061068
-0.0085000000000000006,-0.0029999999999999992,17343.369094101869,10406.021456461121
-0.0080000000000000002,-0.0029999999999999992,17585.494525097449,10551.296715058468
-0.0074999999999999997,-0.0029999999999999992,17838.405873545955,10703.043524127572
-0.0069999999999999993,-0.0029999999999999992,18120.470581877144,10872.282349126286
-0.0064999999999999988,-0.0029999999999999992,18443.479443114458,11066.087665868674
-0.0059999999999999984,-0.0029999999999999992,18812.23280135624,11287.339680813744
-0.0054999999999999979,-0.0029999999999999992,19224.884921153851,11534.93095269231
-0.005000000000000001,-0.0029999999999999992,19673.876012697878,11804.325607618726
-0.0044999999999999971,-0.0029999999999999992,20147.234458981256,12088.340675388754
-0.0040000000000000001,-0.0029999999999999992,20630.029321259808,12378.017592755885
-0.0035000000000000031,-0.0029999999999999992,21105.786654371153,12663.471992622692
-0.0029999999999999992,-0.0029999999999999992,21557.738185382575,12934.642911229545
-0.0025000000000000022,-0.0029999999999999992,21969.831679683699,13181.89900781022
-0.0019999999999999983,-0.0029999999999999992,22327.485536537406,13396.491321922444
-0.0015000000000000013,-0.0029999999999999992,22618.107647864497,13570.864588718698
-0.00099999999999999742,-0.0029999999999999992,22831.418049675911,13698.850829805546
-0.00050000000000000044,-0.0029999999999999992,22959.619075827908,13775.771445496744
0,-0.0029999999999999992,22997.451119056241,13798.470671433744
0.00050000000000000044,-0.0029999999999999992,22942.162665976608,13765.297599585965
0.0010000000000000009,-0.0029999999999999992,22793.414409791912,13676.048645875147
0.0015000000000000013,-0.0029999999999999992,22553.130859413042,13531.878515647824
0.0020000000000000018,-0.0029999999999999992,22225.308536483353,13335.185121890012
0.0024999999999999988,-0.0029999999999999992,21815.785925603719,13089.471555362232
0.0030000000000000027,-0.0029999999999999992,21331.975386122085,12799.185231673251
0.0034999999999999996,-0.0029999999999999992,20782.55125589146,12469.530753534875
0.0040000000000000036,-0.0029999999999999992,20177.083293808962,12106.249976285377
0.0045000000000000005,-0.0029999999999999992,19525.603728339651,11715.36223700379
0.0049999999999999975,-0.0029999999999999992,18838.10286126153,11302.861716756917
0.0055000000000000014,-0.0029999999999999992,18123.964115282226,10874.378469169334
0.0059999999999999984,-0.0029999999999999992,17391.373226382664,10434.823935829598
0.0064999999999999988,-0.0029999999999999992,16646.762996636775,9988.0577979820646
0.0069999999999999993,-0.0029999999999999992,15894.37685501001,9536.6261130060066
0.0074999999999999997,-0.0029999999999999992,15136.042808367391,9081.6256850204336
0.0080000000000000002,-0.0029999999999999992,14371.237460790553,8622.7424764743319
0.0085000000000000006,-0.0029999999999999992,13597.485350613044,8158.4912103678262
0.0090000000000000011,-0.0029999999999999992,12811.085642411532,7686.6513854469185
0.0095000000000000015,-0.0029999999999999992,12008.095880398721,7204.857528239233
0.010000000000000002,-0.0029999999999999992,11185.444702922749,6711.2668217536493
0.010500000000000002,-0.0029999999999999992,10342.006391945088,6205.2038351670526
0.011000000000000003,-0.0029999999999999992,9479.4608996020834,5687.6765397612498
0.011500000000000003,-0.0029999999999999992,8602.7881178279458,5161.6728706967669
0.012000000000000004,-0.0029999999999999992,7720.3011850017137,4632.1807110010277
0.012499999999999997,-0.0029999999999999992,6843.1996919708981,4105.9198151825385
0.013000000000000005,-0.0029999999999999992,5984.704105251808,3590.8224631510848
0.013499999999999998,-0.0029999999999999992,5158.9010147353401,3095.3406088412039
0.014000000000000005,-0.0029999999999999992,4379.4715219782966,2627.6829131869777
0.014499999999999999,-0.0029999999999999992,3658.484998268777,2195.090998961266
0.014999999999999999,-0.0029999999999999992,3005.417850023849,1803.2507100143093
0.0155,-0.0029999999999999992,2426.5089578172647,1455.9053746903587
0.016000000000000007,-0.0029999999999999992,1924.5017730648649,1154.7010638389188
0.016500000000000001,-0.0029999999999999992,1498.7607393357407,899.2564436014444
0.017000000000000001,-0.0029999999999999992,1145.6981699232711,687.41890195396263
0.017500000000000002,-0.0029999999999999992,859.41448804084121,515.64869282450468
0.017999999999999995,-0.0029999999999999992,632.44249801168507,379.46549880701104
0.018500000000000003,-0.0029999999999999992,456.49325235276757,273.89595141166052
0.019000000000000003,-0.0029999999999999992,323.12201160205865,193.87320696123518
0.019500000000000003,-0.0029999999999999992,224.26115494819538,134.55669296891722
0.019999999999999997,-0.0029999999999999992,152.5962574963562,91.557754497813718
0.020499999999999997,-0.0029999999999999992,101.78688538168659,61.072131229011951
0.021000000000000005,-0.0029999999999999992,66.551989383549412,39.931193630129648
0.021500000000000005,-0.0029999999999999992,42.650176640967402,25.59010598458044
0.021999999999999999,-0.0029999999999999992,26.788329130304799,16.072997478182877
0.022499999999999999,-0.0029999999999999992,16.489751485347977,9.8938508912087855
0.023000000000000007,-0.0029999999999999992,9.9473760193217799,5.9684256115930676
0.023500000000000007,-0.0029999999999999992,5.8804980194326371,3.5282988116595821
0.024,-0.0029999999999999992,3.4065793037567889,2.0439475822540731
0.024500000000000001,-0.0029999999999999992,1.9337995208915471,1.1602797125349282
0.025000000000000001,-0.0029999999999999992,1.075683181396055,0.64540990883763294
-0.025000000000000001,-0.0025000000000000022,7.9499727990916487,4.769983679454989
-0.024500000000000001,-0.0025000000000000022,13.489541600204385,8.0937249601226302
-0.024,-0.0025000000000000022,22.438165164514338,13.462899098708602
-0.0235,-0.0025000000000000022,36.588908143211007,21.953344885926604
-0.023,-0.0025000000000000022,58.492196667903869,35.095318000742317
-0.022500000000000003,-0.0025000000000000022,91.674473841351258,55.004684304810752
-0.022000000000000002,-0.0025000000000000022,140.86984164856597,84.521904989139571
-0.021500000000000002,-0.0025000000000000022,212.23918123695336,127.34350874217201
-0.021000000000000001,-0.0025000000000000022,313.53927762345887,188.12356657407531
-0.020500000000000001,-0.0025000000000000022,454.19324124939493,272.51594474963696
-0.02,-0.0025000000000000022,645.2058254343732,387.12349526062388
-0.0195,-0.0025000000000000022,898.86649773520151,539.31989864112086
-0.019,-0.0025000000000000022,1228.1927672624142,736.91566035744847
-0.018500000000000003,-0.0025000000000000022,1646.0888786713647,987.65332720281879
-0.018000000000000002,-0.0025000000000000022,2164.2312437732603,1298.5387462639562
-0.017500000000000002,-0.0025000000000000022,2791.7397190705733,1675.0438314423438
-0.017000000000000001,-0.0025000000000000022,3533.7474337558388,2120.2484602535033
-0.016500000000000001,-0.0025000000000000022,4390.0323928139642,2634.0194356883785
-0.016,-0.0025000000000000022,5353.9103344710293,3212.3462006826176
-0.0155,-0.0025000000000000022,6411.5988824064134,3846.9593294438478
-0.015000000000000001,-0.0025000000000000022,7542.2389361641526,4525.3433616984912
-0.014500000000000001,-0.0025000000000000022,8718.6968158638192,5231.218089518291
-0.014,-0.0025000000000000022,9909.1737392102023,5945.5042435261212
-0.0135,-0.0025000000000000022,11079.529869187343,6647.7179215124061
-0.012999999999999999,-0.0025000000000000022,12196.107679548015,7317.6646077288087
-0.012500000000000001,-0.0025000000000000022,13228.736940435998,7937.2421642615982
-0.012,-0.0025000000000000022,14153.543618305004,8492.1261709830014
-0.0115,-0.0025000000000000022,14955.183693387804,8973.1102160326827
-0.010999999999999999,-0.0025000000000000022,15628.185991454391,9376.9115948726339
-0.010499999999999999,-0.0025000000000000022,16177.208260022304,9706.3249560133827
-0.010000000000000002,-0.0025000000000000022,16616.168120569637,9969.7008723417821
-0.0095000000000000015,-0.0025000000000000022,16966.37669329247,10179.826015975481
-0.0090000000000000011,-0.0025000000000000022,17253.94645561761,10352.367873370566
-0.0085000000000000006,-0.0025000000000000022,17506.839434601166,10504.1036607607
-0.0080000000000000002,-0.0025000000000000022,17751.950789752475,10651.170473851484
-0.0074999999999999997,-0.0025000000000000022,18012.583965065864,10807.550379039518
-0.0069999999999999993,-0.0025000000000000022,18306.578896111292,10983.947337666776
-0.0064999999999999988,-0.0025000000000000022,18645.22720500522,11187.136323003131
-0.0059999999999999984,-0.0025000000000000022,19032.975894747033,11419.78553684822
-0.0054999999999999979,-0.0025000000000000022,19467.809953747626,11680.685972248575
-0.005000000000000001,-0.0025000000000000022,19942.132941503216,11965.279764901929
-0.0044999999999999971,-0.0025000000000000022,20443.940195792726,12266.364117475636
-0.0040000000000000001,-0.0025000000000000022,20958.097265695757,12574.858359417454
-0.0035000000000000031,-0.0025000000000000022,21467.582999562204,12880.549799737322
-0.0029999999999999992,-0.0025000000000000022,21954.614535349236,13172.768721209541
-0.0025000000000000022,-0.0025000000000000022,22401.62331422267,13440.973988533602
-0.0019999999999999983,-0.0025000000000000022,22792.085503346483,13675.25130200789
-0.0015000000000000013,-0.0025000000000000022,23111.222806486625,13866.733683891975
-0.00099999999999999742,-0.0025000000000000022,23346.583972366428,14007.950383419857
-0.00050000000000000044,-0.0025000000000000022,23488.501997216172,14093.101198329703
0,-0.0025000000000000022,23530.407359232719,14118.244415539632
0.00050000000000000044,-0.0025000000000000022,23468.971996024971,14081.383197614983
0.0010000000000000009,-0.0025000000000000022,23304.066001115378,13982.439600669226
0.0015000000000000013,-0.0025000000000000022,23038.527632240217,13823.116579344131
0.0020000000000000018,-0.0025000000000000022,22677.77122281761,13606.662733690566
0.0024999999999999988,-0.0025000000000000022,22229.27895554249,13337.567373325493
0.0030000000000000027,-0.0025000000000000022,21702.034092059701,13021.22045523582
0.0034999999999999996,-0.0025000000000000022,21105.951497373619,12663.57089842417
0.0040000000000000036,-0.0025000000000000022,20451.347221957309,12270.808333174386
0.0045000000000000005,-0.0025000000000000022,19748.467930113165,11849.080758067899
0.0049999999999999975,-0.0025000000000000022,19007.080958755105,11404.248575253063
0.0055000000000000014,-0.0025000000000000022,18236.114271001934,10941.66856260116
0.0059999999999999984,-0.0025000000000000022,17443.33693529684,10466.002161178103
0.0064999999999999988,-0.0025000000000000022,16635.084533123692,9981.0507198742143
0.0069999999999999993,-0.0025000000000000022,15816.054583966317,9489.6327503797893
0.0074999999999999997,-0.0025000000000000022,14989.215796493001,8993.5294778957996
0.0080000000000000002,-0.0025000000000000022,14155.882363915774,8493.5294183494643
0.0085000000000000006,-0.0025000000000000022,13315.994089218111,7989.5964535308667
0.0090000000000000011,-0.0025000000000000022,12468.61369726605,7481.1682183596295
0.0095000000000000015,-0.0025000000000000022,11612.609420954292,6967.5656525725744
0.010000000000000002,-0.0025000000000000022,10747.444224527744,6448.4665347166465
0.010500000000000002,-0.0025000000000000022,9873.9556380347422,5924.3733828208451
0.011000000000000003,-0.0025000000000000022,8994.9935804752931,5396.9961482851759
0.011500000000000003,-0.0025000000000000022,8115.7943974309474,4869.4766384585682
0.012000000000000004,-0.0025000000000000022,7244.0073508987725,4346.4044105392632
0.012499999999999997,-0.0025000000000000022,6389.3476435150951,3833.6085861090569
0.013000000000000005,-0.0025000000000000022,5562.9152657276254,3337.7491594365752
0.013499999999999998,-0.0025000000000000022,4776.2772398835423,2865.7663439301255
0.014000000000000005,-0.0025000000000000022,4040.449824981953,2424.2698949891719
0.014499999999999999,-0.0025000000000000022,3364.9294993238386,2018.957699594303
0.014999999999999999,-0.0025000000000000022,2756.9060725813251,1654.1436435487951
0.0155,-0.0025000000000000022,2220.7532915702245,1332.4519749421347
0.016000000000000007,-0.0025000000000000022,1757.8413476810595,1054.7048086086356
0.016500000000000001,-0.0025000000000000022,1366.6629681496233,819.99778088977394
0.017000000000000001,-0.0025000000000000022,1043.2203657793925,625.93221946763549
0.017500000000000002,-0.0025000000000000022,781.59112310948251,468.95467386568947
0.017999999999999995,-0.0025000000000000022,574.57980686967926,344.74788412180754
0.018500000000000003,-0.0025000000000000022,414.36744648042924,248.62046788825754
0.019000000000000003,-0.0025000000000000022,293.08871942173329,175.85323165303996
0.019500000000000003,-0.0025000000000000022,203.29108371162741,121.97465022697644
0.019999999999999997,-0.0025000000000000022,138.25555834634832,82.953335007808988
0.020499999999999997,-0.0025000000000000022,92.180932841801535,55.308559705080917
0.021000000000000005,-0.0025000000000000022,60.249207238889575,36.149524343333745
0.021500000000000005,-0.0025000000000000022,38.599156164849425,23.159493698909653
0.021999999999999999,-0.0025000000000000022,24.237669925701354,14.542601955420812
0.022499999999999999,-0.0025000000000000022,14.916459361147069,8.9498756166882405
0.023000000000000007,-0.0025000000000000022,8.9966700563888633,5.3980020338333174
0.023500000000000007,-0.0025000000000000022,5.317674546547317,3.19060472792839
0.024,-0.0025000000000000022,3.0801455533913922,1.8480873320348352
0.024500000000000001,-0.0025000000000000022,1.7483091947399014,1.0489855168439408
0.025000000000000001,-0.0025000000000000022,0.97241743862914343,0.58345046317748606
-0.025000000000000001,-0.0019999999999999983,8.5254976946388492,5.115298616783309
-0.024500000000000001,-0.0019999999999999983,14.447134304624052,8.6682805827744307
-0.024,-0.0019999999999999983,23.997892162383742,14.398735297430244
-0.0235,-0.0019999999999999983,39.075664918974013,23.445398951384409
-0.023,-0.0019999999999999983,62.372783993108122,37.423670395864875
-0.022500000000000003,-0.0019999999999999983,97.60099306436031,58.56059583861618
-0.022000000000000002,-0.0019999999999999983,149.72700085630535,89.836200513783211
-0.021500000000000002,-0.0019999999999999983,225.19102187675207,135.11461312605124
-0.021000000000000001,-0.0019999999999999983,332.06842630753727,199.24105578452236
-0.020500000000000001,-0.0019999999999999983,480.12341463825265,288.07404878295159
-0.02,-0.0019999999999999983,680.69650696494261,408.41790417896556
-0.0195,-0.0019999999999999983,946.36815029755155,567.82089017853093
-0.019,-0.0019999999999999983,1290.3523724946572,774.21142349679428
-0.018500000000000003,-0.0019999999999999983,1725.5995952590658,1035.3597571554394
-0.018000000000000002,-0.0019999999999999983,2263.6267976733166,1358.1760786039899
-0.017500000000000002,-0.0019999999999999983,2913.1434551845182,1747.8860731107109
-0.017000000000000001,-0.0019999999999999983,3678.5967333472718,2207.1580400083631
-0.016500000000000001,-0.0019999999999999983,4558.8096320051318,2735.2857792030791
-0.016,-0.0019999999999999983,5545.9194285041831,3327.5516571025096
-0.0155,-0.0019999999999999983,6624.8292946254987,3974.8975767752991
-0.015000000000000001,-0.0019999999999999983,7773.3548294765424,4664.0128976859251
-0.014500000000000001,-0.0019999999999999983,8963.1768451788193,5377.9061071072911
-0.014,-0.0019999999999999983,10161.607459786479,6096.9644758718869
-0.0135,-0.0019999999999999983,11334.052314309956,6800.4313885859738
-0.012999999999999999,-0.0019999999999999983,12446.928416783436,7468.1570500700609
-0.012500000000000001,-0.0019999999999999983,13470.69890330737,8082.4193419844214
-0.012,-0.0019999999999999983,14382.635227134397,8629.581136280638
-0.0115,-0.0019999999999999983,15168.928951293172,9101.3573707759024
-0.010999999999999999,-0.0019999999999999983,15825.852727002126,9495.5116362012759
-0.010499999999999999,-0.0019999999999999983,16359.802810889119,9815.881686533472
-0.010000000000000002,-0.0019999999999999983,16786.220807732745,10071.732484639646
-0.0095000000000000015,-0.0019999999999999983,17127.559451783996,10276.535671070398
-0.0090000000000000011,-0.0019999999999999983,17410.594143049348,10446.356485829609
-0.0085000000000000006,-0.0019999999999999983,17663.462729710343,10598.077637826205
-0.0080000000000000002,-0.0019999999999999983,17912.826949480659,10747.696169688395
-0.0074999999999999997,-0.0019999999999999983,18181.491606210191,10908.894963726114
-0.0069999999999999993,-0.0019999999999999983,18486.708201484165,11092.024920890499
-0.0064999999999999988,-0.0019999999999999983,18839.254913818837,11303.552948291303
-0.0059999999999999984,-0.0019999999999999983,19243.254571449113,11545.952742869467
-0.0054999999999999979,-0.0019999999999999983,19696.592720966029,11817.955632579617
-0.005000000000000001,-0.0019999999999999983,20191.745194488205,12115.047116692922
-0.0044999999999999971,-0.0019999999999999983,20716.821771965959,12430.093063179575
-0.0040000000000000001,-0.0019999999999999983,21256.670101057916,12754.00206063475
-0.0035000000000000031,-0.0019999999999999983,21793.943686374456,13076.366211824674
-0.0029999999999999992,-0.0019999999999999983,22310.098278558082,13386.058967134848
-0.0025000000000000022,-0.0019999999999999983,22786.324374287549,13671.794624572529
-0.0019999999999999983,-0.0019999999999999983,23204.439680903452,13922.663808542071
-0.0015000000000000013,-0.0019999999999999983,23547.754165730905,14128.652499438542
-0.00099999999999999742,-0.0019999999999999983,23801.890540516728,14281.134324310036
-0.00050000000000000044,-0.0019999999999999983,23955.509017544591,14373.305410526755
0,-0.0019999999999999983,24000.861777239275,14400.517066343566
0.00050000000000000044,-0.0019999999999999983,23934.100506815765,14360.460304089458
0.0010000000000000009,-0.0019999999999999983,23755.28294255579,14253.169765533474
0.0015000000000000013,-0.0019999999999999983,23468.066745205328,14080.840047123196
0.0020000000000000018,-0.0019999999999999983,23079.129985466083,13847.477991279649
0.0024999999999999988,-0.0019999999999999983,22597.402928982163,13558.441757389297
0.0030000000000000027,-0.0019999999999999983,22033.223173578961,13219.933904147376
0.0034999999999999996,-0.0019999999999999983,21397.528354972706,12838.517012983624
0.0040000000000000036,-0.0019999999999999983,20701.177879526644,12420.706727715986
0.0045000000000000005,-0.0019999999999999983,19954.454923360165,11972.672954016098
0.0049999999999999975,-0.0019999999999999983,19166.754452875055,11500.052671725032
0.0055000000000000014,-0.0019999999999999983,18346.425356378648,11007.855213827188
0.0059999999999999984,-0.0019999999999999983,17500.714856004295,10500.428913602576
0.0064999999999999988,-0.0019999999999999983,16635.764983831574,9981.4589902989446
0.0069999999999999993,-0.0019999999999999983,15756.630720434925,9453.9784322609539
0.0074999999999999997,-0.0019999999999999983,14867.318235690853,8920.390941414511
0.0080000000000000002,-0.0019999999999999983,13970.867667327107,8382.5206003962649
0.0085000000000000006,-0.0019999999999999983,13069.517411370362,7841.7104468222169
0.0090000000000000011,-0.0019999999999999983,12164.980141533682,7298.9880849202091
0.0095000000000000015,-0.0019999999999999983,11258.835586004659,6755.3013516027959
0.010000000000000002,-0.0019999999999999983,10353.00878368289,6211.8052702097339
0.010500000000000002,-0.0019999999999999983,9450.2665510996922,5670.1599306598155
0.011000000000000003,-0.0019999999999999983,8554.6411430107219,5132.7846858064331
0.011500000000000003,-0.0019999999999999983,7671.6872620764771,4603.0123572458861
0.012000000000000004,-0.0019999999999999983,6808.4994212114834,4085.0996527268899
0.012499999999999997,-0.0019999999999999983,5973.4572130338984,3584.074327820339
0.013000000000000005,-0.0019999999999999983,5175.7168296774489,3105.4300978064693
0.013499999999999998,-0.0019999999999999983,4424.5160465005692,2654.7096279003413
0.014000000000000005,-0.0019999999999999983,3728.395415801001,2237.0372494806006
0.014499999999999999,-0.0019999999999999983,3094.45293094609,1856.6717585676538
0.014999999999999999,-0.0019999999999999983,2527.7407126078533,1516.644427564712
0.0155,-0.0019999999999999983,2030.8837072232682,1218.5302243339609
0.016000000000000007,-0.0019999999999999983,1603.9595314416024,962.37571886496141
0.016500000000000001,-0.0019999999999999983,1244.6348845761054,746.78093074566323
0.017000000000000001,-0.0019999999999999983,948.51623139459775,569.10973883675865
0.017500000000000002,-0.0019999999999999983,709.64703130512953,425.7882187830777
0.017999999999999995,-0.0019999999999999983,521.07340462078935,312.6440427724736
0.018500000000000003,-0.0019999999999999983,375.40400449446258,225.24240269667754
0.019000000000000003,-0.0019999999999999983,265.30455786435772,159.18273471861463
0.019500000000000003,-0.0019999999999999983,183.88823193780561,110.33293916268336
0.019999999999999997,-0.0019999999999999983,124.9848034333566,74.990882060013959
0.020499999999999997,-0.0019999999999999983,83.290648852068813,49.974389311241289
0.021000000000000005,-0.0019999999999999983,54.415438156326942,32.649262893796163
0.021500000000000005,-0.0019999999999999983,34.849285421307208,20.909571252784325
0.021999999999999999,-0.0019999999999999983,21.876465917248726,13.125879550349236
0.022499999999999999,-0.0019999999999999983,13.459944611002056,8.0759667666012334
0.023000000000000007,-0.0019999999999999983,8.1164886597000905,4.8698931958200538
0.023500000000000007,-0.0019999999999999983,4.7965815024566849,2.8779489014740109
0.024,-0.0019999999999999983,2.7779052060949865,1.6667431236569918
0.024500000000000001,-0.0019999999999999983,1.5765616169327832,0.94593697015966982
0.025000000000000001,-0.0019999999999999983,0.8768003221699735,0.52608019330198408
-0.025000000000000001,-0.0015000000000000013,9.0101871835742191,5.4061123101445316
-0.024500000000000001,-0.0015000000000000013,15.253466793245568,9.1520800759473406
-0.024,-0.0015000000000000013,25.311029304259481,15.186617582555687
-0.0235,-0.0015000000000000013,41.16889402059693,24.701336412358156
-0.023,-0.0015000000000000013,65.638632906639359,39.383179743983611
-0.022500000000000003,-0.0015000000000000013,102.58761100537797,61.552566603226779
-0.022000000000000002,-0.0015000000000000013,157.17776043008638,94.306656258051831
-0.021500000000000002,-0.0015000000000000013,236.08354579469238,141.65012747681541
-0.021000000000000001,-0.0015000000000000013,347.64722393087823,208.58833435852694
-0.020500000000000001,-0.0015000000000000013,501.91832617423449,301.15099570454066
-0.02,-0.0015000000000000013,710.51765335656592,426.31059201393953
-0.0195,-0.0015000000000000013,986.26765393014978,591.76059235808987
-0.019,-0.0015000000000000013,1342.544358752727,805.52661525163614
-0.018500000000000003,-0.0015000000000000013,1792.3334036955398,1075.4000422173237
-0.018000000000000002,-0.0015000000000000013,2347.0141212051503,1408.2084727230902
-0.017500000000000002,-0.0015000000000000013,3014.9480023039578,1808.9688013823745
-0.017000000000000001,-0.0015000000000000013,3800.0040823296645,2280.0024493977985
-0.016500000000000001,-0.0015000000000000013,4700.2037172806922,2820.1222303684153
-0.016,-0.0015000000000000013,5706.6986187228158,3424.0191712336896
-0.0155,-0.0015000000000000013,6803.2972338071941,4081.9783402843163
-0.015000000000000001,-0.0015000000000000013,7966.7174384106429,4780.0304630463852
-0.014500000000000001,-0.0015000000000000013,9167.6663485889749,5500.5998091533847
-0.014,-0.0015000000000000013,10372.737589903641,6223.6425539421843
-0.0135,-0.0015000000000000013,11546.988059608377,6928.1928357650258
-0.012999999999999999,-0.0015000000000000013,12656.932332061648,7594.1593992369881
-0.012500000000000001,-0.0015000000000000013,13673.598391315503,8204.1590347893016
-0.012,-0.0015000000000000013,14575.245593129193,8745.147355877516
-0.0115,-0.0015000000000000013,15349.368565619225,9209.6211393715348
-0.010999999999999999,-0.0015000000000000013,15993.700411638572,9596.2202469831427
-0.010499999999999999,-0.0015000000000000013,16516.072092433205,9909.6432554599232
-0.010000000000000002,-0.0015000000000000013,16933.156854446654,10159.894112667991
-0.0095000000000000015,-0.0015000000000000013,17268.29630474962,10360.977782849772
-0.0090000000000000011,-0.0015000000000000013,17548.735515912791,10529.241309547675
-0.0085000000000000006,-0.0015000000000000013,17802.663256355081,10681.597953813049
-0.0080000000000000002,-0.0015000000000000013,18056.448662369901,10833.86919742194
-0.0074999999999999997,-0.0015000000000000013,18332.392324758282,10999.435394854969
-0.0069999999999999993,-0.0015000000000000013,18647.187750153924,11188.312650092354
-0.0064999999999999988,-0.0015000000000000013,19011.148136518266,11406.688881910959
-0.0059999999999999984,-0.0015000000000000013,19428.125204177559,11656.875122506535
-0.0054999999999999979,-0.0015000000000000013,19895.957502160411,11937.574501296245
-0.005000000000000001,-0.0015000000000000013,20407.249295576235,12244.349577345742
-0.0044999999999999971,-0.0015000000000000013,20950.297304108939,12570.178382465363
-0.0040000000000000001,-0.0015000000000000013,21510.037311905107,12906.022387143064
-0.0035000000000000031,-0.0015000000000000013,22068.953563953255,13241.372138371953
-0.0029999999999999992,-0.0015000000000000013,22607.95676420983,13564.774058525898
-0.0025000000000000022,-0.0015000000000000013,23107.272452618905,13864.363471571343
-0.0019999999999999983,-0.0015000000000000013,23547.381827087316,14128.42909625239
-0.0015000000000000013,-0.0015000000000000013,23910.024986043958,14346.014991626374
-0.00099999999999999742,-0.0015000000000000013,24179.225686667574,14507.535412000545
-0.00050000000000000044,-0.0015000000000000013,24342.246301347714,14605.347780808628
0,-0.0015000000000000013,24390.350565178724,14634.210339107234
0.00050000000000000044,-0.0015000000000000013,24319.25267385503,14591.551604313017
0.0010000000000000009,-0.0015000000000000013,24129.167195471353,14477.500317282811
0.0015000000000000013,-0.0015000000000000013,23824.437394892575,14294.662436935545
0.0020000000000000018,-0.0015000000000000013,23412.794022517155,14047.676413510293
0.0024999999999999988,-0.0015000000000000013,22904.362993210114,13742.617795926068
0.0030000000000000027,-0.0015000000000000013,22310.58143032833,13386.348858196998
0.0034999999999999996,-0.0015000000000000013,21643.18707425665,12985.912244553989
0.0040000000000000036,-0.0015000000000000013,20913.41565153989,12548.049390923934
0.0045000000000000005,-0.0015000000000000013,20131.483723301702,12078.890233981021
0.0049999999999999975,-0.0015000000000000013,19306.366772983089,11583.820063789854
0.0055000000000000014,-0.0015000000000000013,18445.821814192532,11067.493088515519
0.0059999999999999984,-0.0015000000000000013,17556.565355121238,10533.939213072743
0.0064999999999999988,-0.0015000000000000013,16644.508659545798,9986.705195727478
0.0069999999999999993,-0.0015000000000000013,15714.97142644146,9428.9828558648751
0.0074999999999999997,-0.0015000000000000013,14772.832816243847,8863.6996897463068
0.0080000000000000002,-0.0015000000000000013,13822.621075140323,8293.5726450841939
0.0085000000000000006,-0.0015000000000000013,12868.57565401278,7721.1453924076677
0.0090000000000000011,-0.0015000000000000013,11914.728748739479,7148.8372492436874
0.0095000000000000015,-0.0015000000000000013,10965.043727469118,6579.0262364814707
0.010000000000000002,-0.0015000000000000013,10023.620608034875,6014.1723648209245
0.010500000000000002,-0.0015000000000000013,9094.9438823828459,5456.966329429707
0.011000000000000003,-0.0015000000000000013,8184.1179189275463,4910.4707513565272
0.011500000000000003,-0.0015000000000000013,7297.0203753070755,4378.2122251842447
0.012000000000000004,-0.0015000000000000013,6440.3099356962339,3864.1859614177401
0.012499999999999997,-0.0015000000000000013,5621.2501998683301,3372.7501199209978
0.013000000000000005,-0.0015000000000000013,4847.3498360054318,2908.4099016032592
0.013499999999999998,-0.0015000000000000013,4125.8598409442529,2475.5159045665519
0.014000000000000005,-0.0015000000000000013,3463.2013220801787,2077.9207932481072
0.014499999999999999,-0.0015000000000000013,2864.4137192675189,1718.6482315605112
0.014999999999999999,-0.0015000000000000013,2332.7105473434021,1399.6263284060412
0.0155,-0.0015000000000000013,1869.209342480892,1121.5256054885351
0.016000000000000007,-0.0015000000000000013,1472.8703710554641,883.72222263327842
0.016500000000000001,-0.0015000000000000013,1140.6427299082047,684.38563794492279
0.017000000000000001,-0.0015000000000000013,867.78451404175371,520.67070842505223
0.017500000000000002,-0.0015000000000000013,648.30155062229903,388.98093037337941
0.017999999999999995,-0.0015000000000000013,475.4395818314797,285.26374909888779
0.018500000000000003,-0.0015000000000000013,342.16739964389177,205.30043978633506
0.019000000000000003,-0.0015000000000000013,241.60053737458861,144.96032242475317
0.019500000000000003,-0.0015000000000000013,167.33263152260452,100.39957891356271
0.019999999999999997,-0.0015000000000000013,113.66026022971191,68.196156137827145
0.020499999999999997,-0.0015000000000000013,75.703494654137003,45.422096792482201
0.021000000000000005,-0.0015000000000000013,49.436411294297805,29.661846776578681
0.021500000000000005,-0.0015000000000000013,31.648634847062514,18.989180908237508
0.021999999999999999,-0.0015000000000000013,19.860988966298454,11.916593379779071
0.022499999999999999,-0.0015000000000000013,12.216638942563943,7.3299833655383653
0.023000000000000007,-0.0015000000000000013,7.3651238413799929,4.4190743048279959
0.023500000000000007,-0.0015000000000000013,4.3517382242774332,2.6110429345664596
0.024,-0.0015000000000000013,2.519884153946002,1.5119304923676011
0.024500000000000001,-0.0015000000000000013,1.429938489619561,0.85796309377173663
0.025000000000000001,-0.0015000000000000013,0.79516931453178663,0.47710158871907193
-0.025000000000000001,-0.00099999999999999742,9.3778604536060506,5.6267162721636304
-0.024500000000000001,-0.00099999999999999742,15.865084902655402,9.5190509415932407
-0.024,-0.00099999999999999742,26.306987949640622,15.784192769784372
-0.0235,-0.00099999999999999742,42.756380836117302,25.653828501670379
-0.023,-0.00099999999999999742,68.115190673658986,40.869114404195393
-0.022500000000000003,-0.00099999999999999742,106.36867570413237,63.821205422479423
-0.022000000000000002,-0.00099999999999999742,162.82661764411321,97.695970586467922
-0.021500000000000002,-0.00099999999999999742,244.34082128132434,146.60449276879459
-0.021000000000000001,-0.00099999999999999742,359.45549641512429,215.67329784907457
-0.020500000000000001,-0.00099999999999999742,518.43594924065474,311.06156954439285
-0.02,-0.00099999999999999742,733.11474575773684,439.86884745464209
-0.0195,-0.00099999999999999742,1016.4969034862844,609.89814209177064
-0.019,-0.00099999999999999742,1382.0802471932759,829.24814831596552
-0.018500000000000003,-0.00099999999999999742,1842.8760726793166,1105.72564360759
-0.018000000000000002,-0.00099999999999999742,2410.1585093665612,1446.0951056199367
-0.017500000000000002,-0.00099999999999999742,3092.024868843534,1855.2149213061202
-0.017000000000000001,-0.00099999999999999742,3891.906413036631,2335.1438478219784
-0.016500000000000001,-0.00099999999999999742,4807.2186388799219,2884.3311833279531
-0.016,-0.00099999999999999742,5828.3698427019008,3497.0219056211404
-0.0155,-0.00099999999999999742,6938.3446493245538,4163.0067895947323
-0.015000000000000001,-0.00099999999999999742,8113.0375049195127,4867.8225029517071
-0.014500000000000001,-0.00099999999999999742,9322.4288273762413,5593.457296425745
-0.014,-0.00099999999999999742,10532.581353559683,6319.5488121358094
-0.0135,-0.00099999999999999742,11708.302860162876,7024.9817160977254
-0.012999999999999999,-0.00099999999999999742,12816.197173773371,7689.7183042640227
-0.012500000000000001,-0.00099999999999999742,13827.733845997607,8296.6403075985636
-0.012,-0.00099999999999999742,14721.930258652936,8833.1581551917607
-0.0115,-0.00099999999999999742,15487.271292045514,9292.3627752273078
-0.010999999999999999,-0.00099999999999999742,16122.590724657613,9673.554434794567
-0.010499999999999999,-0.00099999999999999742,16636.790249624028,9982.0741497744166
-0.010000000000000002,-0.00099999999999999742,17047.449004628776,10228.469402777266
-0.0095000000000000015,-0.00099999999999999742,17378.544632012097,10427.126779207258
-0.0090000000000000011,-0.00099999999999999742,17657.632844401669,10594.579706641001
-0.0085000000000000006,-0.00099999999999999742,17912.891811258221,10747.735086754932
-0.0080000000000000002,-0.00099999999999999742,18170.42074027285,10902.252444163709
-0.0074999999999999997,-0.00099999999999999742,18452.096314537735,11071.257788722642
-0.0069999999999999993,-0.00099999999999999742,18774.158879908224,11264.495327944935
-0.0064999999999999988,-0.00099999999999999742,19146.554522817831,11487.932713690698
-0.0059999999999999984,-0.00099999999999999742,19572.932640422099,11743.759584253259
-0.0054999999999999979,-0.00099999999999999742,20051.117279734444,12030.670367840667
-0.005000000000000001,-0.00099999999999999742,20573.846980605867,12344.30818836352
-0.0044999999999999971,-0.00099999999999999742,21129.608792434989,12677.765275460994
-0.0040000000000000001,-0.00099999999999999742,21703.460260740914,13022.076156444547
-0.0035000000000000031,-0.00099999999999999742,22277.812830510004,13366.687698306001
-0.0029999999999999992,-0.00099999999999999742,22833.214875852496,13699.928925511498
-0.0025000000000000022,-0.00099999999999999742,23349.202767156959,14009.521660294175
-0.0019999999999999983,-0.00099999999999999742,23805.276352170975,14283.165811302584
-0.0015000000000000013,-0.00099999999999999742,24182.006916336479,14509.204149801886
-0.00099999999999999742,-0.00099999999999999742,24462.218381284274,14677.331028770564
-0.00050000000000000044,-0.00099999999999999742,24632.119318821362,14779.271591292816
0,-0.00099999999999999742,24682.226262261705,14809.335757357023
0.00050000000000000044,-0.00099999999999999742,24607.922104395511,14764.753262637307
0.0010000000000000009,-0.00099999999999999742,24409.539609929281,14645.723765957568
0.0015000000000000013,-0.00099999999999999742,24091.939296690984,14455.16357801459
0.0020000000000000018,-0.00099999999999999742,23663.643633830921,14198.186180298553
0.0024999999999999988,-0.00099999999999999742,23135.672140033937,13881.403284020362
0.0030000000000000027,-0.00099999999999999742,22520.273617620132,13512.164170572079
0.0034999999999999996,-0.00099999999999999742,21829.759862364612,13097.855917418767
0.0040000000000000036,-0.00099999999999999742,21075.608815745905,12645.365289447544
0.0045000000000000005,-0.00099999999999999742,20267.934931018932,12160.760958611359
0.0049999999999999975,-0.00099999999999999742,19415.339456496291,11649.203673897775
0.0055000000000000014,-0.00099999999999999742,18525.075153519785,11115.04509211187
0.0059999999999999984,-0.00099999999999999742,17603.407171123286,10562.044302673972
0.0064999999999999988,-0.00099999999999999742,16656.034794637326,9993.6208767823955
0.0069999999999999993,-0.00099999999999999742,15688.457541552765,9413.0745249316587
0.0074999999999999997,-0.00099999999999999742,14706.213907924417,8823.7283447546506
0.0080000000000000002,-0.00099999999999999742,13714.976117503713,8228.9856705022266
0.0085000000000000006,-0.00099999999999999742,12720.532504413402,7632.3195026480407
0.0090000000000000011,-0.00099999999999999742,11728.717545355954,7037.2305272135718
0.0095000000000000015,-0.00099999999999999742,10745.352272902157,6447.211363741294
0.010000000000000002,-0.00099999999999999742,9776.2374400010085,5865.7424640006047
0.010500000000000002,-0.00099999999999999742,8827.2077625901074,5296.3246575540643
0.011000000000000003,-0.00099999999999999742,7904.2205604654409,4742.5323362792642
0.011500000000000003,-0.00099999999999999742,7013.4280128799692,4208.0568077279813
0.012000000000000004,-0.00099999999999999742,6161.176523473212,3696.7059140839269
0.012499999999999997,-0.00099999999999999742,5353.8905656376282,3212.3343393825767
0.013000000000000005,-0.00099999999999999742,4597.8270060609066,2758.6962036365439
0.013499999999999998,-0.00099999999999999742,3898.7203640643033,2339.2322184385821
0.014000000000000005,-0.00099999999999999742,3261.3697663994521,1956.8218598396711
0.014499999999999999,-0.00099999999999999742,2689.2364135012999,1613.5418481007798
0.014999999999999999,-0.00099999999999999742,2184.1220754947208,1310.4732452968324
0.0155,-0.00099999999999999742,1745.9850383690455,1047.5910230214272
0.016000000000000007,-0.00099999999999999742,1372.9245249247947,823.75471495487682
0.016500000000000001,-0.00099999999999999742,1061.3346759986619,636.80080559919713
0.017000000000000001,-0.00099999999999999742,806.2016602704698,483.72099616228184
0.017500000000000002,-0.00099999999999999742,601.49780086708256,360.89868052024951
0.017999999999999995,-0.00099999999999999742,440.61758079499953,264.37054847699972
0.018500000000000003,-0.00099999999999999742,316.80204350459877,190.08122610275925
0.019000000000000003,-0.00099999999999999742,223.50821565245917,134.10492939147551
0.019500000000000003,-0.00099999999999999742,154.69524368592144,92.817146211552867
0.019999999999999997,-0.00099999999999999742,105.01522871832262,63.009137230993566
0.020499999999999997,-0.00099999999999999742,69.911171101714572,41.946702661028745
0.021000000000000005,-0.00099999999999999742,45.635026819034493,27.381016091420694
0.021500000000000005,-0.00099999999999999742,29.204893820489364,17.522936292293618
0.021999999999999999,-0.00099999999999999742,18.322086359056605,10.993251815433963
0.022499999999999999,-0.00099999999999999742,11.267292089417102,6.7603752536502615
0.023000000000000007,-0.00099999999999999742,6.7913915190054075,4.0748349114032445
0.023500000000000007,-0.00099999999999999742,4.0120542336013099,2.4072325401607859
0.024,-0.00099999999999999742,2.3228546767122356,1.3937128060273414
0.024500000000000001,-0.00099999999999999742,1.3179727259904501,0.79078363559427001
0.025000000000000001,-0.00099999999999999742,0.73283265394360819,0.4396995923661649
-0.025000000000000001,-0.00050000000000000044,9.6075442523597836,5.7645265514158703
-0.024500000000000001,-0.00050000000000000044,16.247147947304263,9.7482887683825581
-0.024,-0.00050000000000000044,26.929118219898722,16.157470931939233
-0.0235,-0.00050000000000000044,43.747975901368328,26.248785540820997
-0.023,-0.00050000000000000044,69.662067398795486,41.797240439277289
-0.022500000000000003,-0.00050000000000000044,108.73025819885764,65.238154919314582
-0.022000000000000002,-0.00050000000000000044,166.35463002275458,99.812778013652746
-0.021500000000000002,-0.00050000000000000044,249.49768292023214,149.69860975213928
-0.021000000000000001,-0.00050000000000000044,366.82966420387544,220.09779852232526
-0.020500000000000001,-0.00050000000000000044,528.75051565662773,317.25030939397664
-0.02,-0.00050000000000000044,747.22490046557414,448.33494027934449
-0.0195,-0.00050000000000000044,1035.3716743710938,621.22300462265628
-0.019,-0.00050000000000000044,1406.764543245906,844.05872594754362
-0.018500000000000003,-0.00050000000000000044,1874.4306892212255,1124.6584135327353
-0.018000000000000002,-0.00050000000000000044,2449.5785158041795,1469.7471094825075
-0.017500000000000002,-0.00050000000000000044,3140.1405409379795,1884.0843245627875
-0.017000000000000001,-0.00050000000000000044,3949.2751677912734,2369.5651006747639
-0.016500000000000001,-0.00050000000000000044,4874.0205629979982,2924.4123377987989
-0.016,-0.00050000000000000044,5904.3224459593466,3542.593467575608
-0.0155,-0.00050000000000000044,7022.6534454563989,4213.5920672738393
-0.015000000000000001,-0.00050000000000000044,8204.3971319393859,4922.6382791636315
-0.014500000000000001,-0.00050000000000000044,9419.0843107970086,5651.450586478205
-0.014,-0.00050000000000000044,10632.451079368037,6379.4706476208221
-0.0135,-0.00050000000000000044,11809.154886970071,7085.4929321820428
-0.012999999999999999,-0.00050000000000000044,12915.860360719409,7749.5162164316453
-0.012500000000000001,-0.00050000000000000044,13924.316978053976,8354.5901868323854
-0.012,-0.00050000000000000044,14814.017947743865,8888.4107686463194
-0.0115,-0.00050000000000000044,15574.066415740414,9344.4398494442485
-0.010999999999999999,-0.00050000000000000044,16203.980040602135,9722.3880243612803
-0.010499999999999999,-0.00050000000000000044,16713.321840958743,10027.993104575246
-0.010000000000000002,-0.00050000000000000044,17120.22536521747,10272.135219130481
-0.0095000000000000015,-0.00050000000000000044,17449.050556024384,10469.430333614629
-0.0090000000000000011,-0.00050000000000000044,17727.529570196693,10636.517742118016
-0.0085000000000000006,-0.00050000000000000044,17983.815215036375,10790.289129021825
-0.0080000000000000002,-0.00050000000000000044,18243.820030522591,10946.292018313554
-0.0074999999999999997,-0.00050000000000000044,18529.140521985111,11117.484313191066
-0.0069999999999999993,-0.00050000000000000044,18855.723130905477,11313.433878543286
-0.0064999999999999988,-0.00050000000000000044,19233.27980648875,11539.96788389325
-0.0059999999999999984,-0.00050000000000000044,19665.335578055263,11799.201346833157
-0.0054999999999999979,-0.00050000000000000044,20149.714288816893,12089.828573290135
-0.005000000000000001,-0.00050000000000000044,20679.253217180903,12407.551930308542
-0.0044999999999999971,-0.00050000000000000044,21242.577617377567,12745.546570426539
-0.0040000000000000001,-0.00050000000000000044,21824.842822336257,13094.905693401754
-0.0035000000000000031,-0.00050000000000000044,22408.436758139174,13445.062054883505
-0.0029999999999999992,-0.00050000000000000044,22973.701667248955,13784.221000349373
-0.0025000000000000022,-0.00050000000000000044,23499.760391178257,14099.856234706955
-0.0019999999999999983,-0.00050000000000000044,23965.512717358113,14379.307630414867
-0.0015000000000000013,-0.00050000000000000044,24350.808699306734,14610.485219584039
-0.00099999999999999742,-0.00050000000000000044,24637.728134982841,14782.636880989703
-0.00050000000000000044,-0.00050000000000000044,24811.824104326188,14887.094462595713
0,-0.00050000000000000044,24863.147554797048,14917.888532878227
0.00050000000000000044,-0.00050000000000000044,24786.874704544411,14872.124822726646
0.0010000000000000009,-0.00050000000000000044,24583.411811483042,14750.047086889825
0.0015000000000000013,-0.00050000000000000044,24257.941272073964,14554.764763244379
0.0020000000000000018,-0.00050000000000000044,23819.477258488492,14291.686355093096
0.0024999999999999988,-0.00050000000000000044,23279.592032623135,13967.755219573881
0.0030000000000000027,-0.00050000000000000044,22651.032436715122,13590.619462029073
0.0034999999999999996,-0.00050000000000000044,21946.455786737421,13167.873472042453
0.0040000000000000036,-0.00050000000000000044,21177.474227378818,12706.48453642729
0.0045000000000000005,-0.00050000000000000044,20354.118091763357,12212.470855058014
0.0049999999999999975,-0.00050000000000000044,19484.732771127943,11690.839662676766
0.0055000000000000014,-0.00050000000000000044,18576.234200543309,11145.740520325986
0.0059999999999999984,-0.00050000000000000044,17634.58619305864,10580.751715835184
0.0064999999999999988,-0.00050000000000000044,16665.340734279071,9999.2044405674424
0.0069999999999999993,-0.00050000000000000044,15674.10086055244,9404.4605163314645
0.0074999999999999997,-0.00050000000000000044,14666.815047104154,8800.0890282624914
0.0080000000000000002,-0.00050000000000000044,13649.875159732896,8189.925095839737
0.0085000000000000006,-0.00050000000000000044,12630.048212058438,7578.0289272350628
0.0090000000000000011,-0.00050000000000000044,11614.310277063774,6968.586166238264
0.0095000000000000015,-0.00050000000000000044,10609.661315415822,6365.7967892494935
0.010000000000000002,-0.00050000000000000044,9622.9836980126493,5773.7902188075896
0.010500000000000002,-0.00050000000000000044,8660.9736586979852,5196.5841952187911
0.011000000000000003,-0.00050000000000000044,7730.1367637494504,4638.0820582496699
0.011500000000000003,-0.00050000000000000044,6836.8084843414981,4102.0850906048991
0.012000000000000004,-0.00050000000000000044,5987.1478951250056,3592.2887370750032
0.012499999999999997,-0.00050000000000000044,5187.0590454234971,3112.2354272540983
0.013000000000000005,-0.00050000000000000044,4442.0170802369994,2665.2102481421994
0.013499999999999998,-0.00050000000000000044,3756.8066953628859,2254.0840172177313
0.014000000000000005,-0.00050000000000000044,3135.2093889303133,1881.1256333581878
0.014499999999999999,-0.00050000000000000044,2579.6950137210406,1547.8170082326244
0.014999999999999999,-0.00050000000000000044,2091.1777043744733,1254.7066226246839
0.0155,-0.00050000000000000044,1668.8861289143028,1001.3316773485817
0.016000000000000007,-0.00050000000000000044,1310.3768585569303,786.22611513415814
0.016500000000000001,-0.00050000000000000044,1011.6934834715489,607.01609008292928
0.017000000000000001,-0.00050000000000000044,767.64937688846987,460.58962613308194
0.017500000000000002,-0.00050000000000000044,572.19390077026401,343.31634046215839
0.017999999999999995,-0.00050000000000000044,418.8131909737611,251.28791458425664
0.018500000000000003,-0.00050000000000000044,300.91770626436647,180.55062375861988
0.019000000000000003,-0.00050000000000000044,212.17758450836064,127.30655070501638
0.019500000000000003,-0.00050000000000000044,146.78037768086722,88.068226608520334
0.019999999999999997,-0.00050000000000000044,99.600521991009842,59.760313194605899
0.020499999999999997,-0.00050000000000000044,66.283067756257594,39.769840653754557
0.021000000000000005,-0.00050000000000000044,43.253891478022396,25.952334886813436
0.021500000000000005,-0.00050000000000000044,27.67412227477918,16.604473364867506
0.021999999999999999,-0.00050000000000000044,17.358086128945921,10.414851677367553
0.022499999999999999,-0.00050000000000000044,10.672589334759117,6.4035536008554699
0.023000000000000007,-0.00050000000000000044,6.431980070549125,3.8591880423294747
0.023500000000000007,-0.00050000000000000044,3.7992579758371074,2.2795547855022642
0.024,-0.00050000000000000044,2.1994233502931162,1.3196540101758696
0.024500000000000001,-0.00050000000000000044,1.2478298035502635,0.74869788213015809
0.025000000000000001,-0.00050000000000000044,0.69378042391157702,0.4162682543469462
-0.025000000000000001,0,9.6856704197902097,5.8114022518741253
-0.024500000000000001,0,16.377104052722103,9.8262624316332623
-0.024,0,27.140729184580213,16.284437510748127
-0.0235,0,44.085252369058111,26.451151421434865
-0.023,0,70.188208107931331,42.112924864758796
-0.022500000000000003,0,109.5334948377712,65.720096902662718
-0.022000000000000002,0,167.55458338488222,100.53275003092934
-0.021500000000000002,0,251.25161732875961,150.75097039725577
-0.021000000000000001,0,369.33770313458456,221.60262188075072
-0.020500000000000001,0,532.25856353140716,319.35513811884431
-0.02,0,752.02377755913028,451.21426653547815
-0.0195,0,1041.7909071456081,625.0745442873648
-0.019,0,1415.1594594600817,849.09567567604904
-0.018500000000000003,0,1885.1620251024597,1131.0972150614757
-0.018000000000000002,0,2462.9846819009072,1477.7908091405443
-0.017500000000000002,0,3156.5039662804425,1893.9023797682653
-0.017000000000000001,0,3968.7856028768028,2381.2713617260815
-0.016500000000000001,0,4896.7396264753097,2938.0437758851858
-0.016,0,5930.1547313847577,3558.0928388308544
-0.0155,0,7051.3298307974783,4230.7978984784868
-0.015000000000000001,0,8235.4752860826484,4941.2851716495888
-0.014500000000000001,0,9451.9696476371319,5671.1817885822793
-0.014,0,10666.438670537143,6399.8632023222863
-0.0135,0,11843.489459649059,7106.0936757894351
-0.012999999999999999,0,12949.80805207262,7769.8848312435712
-0.012500000000000001,0,13957.239699380574,8374.3438196283441
-0.012,0,14845.439722333864,8907.2638334003186
-0.0115,0,15603.721403419264,9362.2328420515587
-0.010999999999999999,0,16231.83432045603,9739.1005922736167
-0.010499999999999999,0,16739.565133578501,10043.739080147099
-0.010000000000000002,0,17145.234051750678,10287.140431050406
-0.0095000000000000015,0,17473.328590919824,10483.997154551895
-0.0090000000000000011,0,17751.638070216708,10650.982842130024
-0.0085000000000000006,0,18008.303659334902,10804.982195600942
-0.0080000000000000002,0,18269.17152851943,10961.502917111657
-0.0074999999999999997,0,18555.740457147178,11133.444274288306
-0.0069999999999999993,0,18883.855238741544,11330.313143244926
-0.0064999999999999988,0,19263.147482477256,11557.888489486353
-0.0059999999999999984,0,19697.100320687325,11818.260192412394
-0.0054999999999999979,0,20183.539036627979,12110.123421976787
-0.005000000000000001,0,20715.336970518601,12429.202182311161
-0.0044999999999999971,0,21281.1695778133,12768.701746687979
-0.0040000000000000001,0,21866.229031536197,13119.737418921717
-0.0035000000000000031,0,22452.898870430425,13471.739322258254
-0.0029999999999999992,0,23021.454549240814,13812.872729544488
-0.0025000000000000022,0,23550.881052079232,14130.528631247538
-0.0019999999999999983,0,24019.876208945763,14411.925725367457
-0.0015000000000000013,0,24408.046237254199,14644.82774235252
-0.00099999999999999742,0,24697.218737260802,14818.33124235648
-0.00050000000000000044,0,24872.724310254394,14923.634586152635
0,0,24924.455747470758,14954.673448482454
0.00050000000000000044,0,24847.519021424523,14908.511412854714
0.0010000000000000009,0,24642.345328122159,14785.407196873295
0.0015000000000000013,0,24314.226331895235,14588.53579913714
0.0020000000000000018,0,23872.342963560815,14323.405778136488
0.0024999999999999988,0,23328.454576207281,13997.072745724368
0.0030000000000000027,0,22695.475919564171,13617.285551738501
0.0034999999999999996,0,21986.179673979383,13191.70780438763
0.0040000000000000036,0,21212.220816588691,12727.332489953214
0.0045000000000000005,0,20383.597726280615,12230.158635768368
0.0049999999999999975,0,19508.565139560753,11705.139083736451
0.0055000000000000014,0,18593.920831786101,11156.35249907166
0.0059999999999999984,0,17645.522918520153,10587.313751112091
0.0064999999999999988,0,16668.870803330916,10001.32248199855
0.0069999999999999993,0,15669.601229698004,9401.7607378188022
0.0074999999999999997,0,14653.80173313593,8792.2810398815582
0.0080000000000000002,0,13628.109685366591,8176.8658112199546
0.0085000000000000006,0,12599.62670445006,7559.7760226700357
0.0090000000000000011,0,11575.719638851668,6945.4317833110008
0.0095000000000000015,0,10563.792380137646,6338.2754280825875
0.010000000000000002,0,9571.098268841597,5742.6589613049582
0.010500000000000002,0,8604.6294851131788,5162.7776910679067
0.011000000000000003,0,7671.0805884901874,4602.6483530941123
0.011500000000000003,0,6776.8513517049814,4066.1108110229889
0.012000000000000004,0,5928.038458736235,3556.8230752417408
0.012499999999999997,0,5130.3696464220939,3078.221787853256
0.013000000000000005,0,4389.0543164398268,2633.4325898638958
0.013499999999999998,0,3708.5538017414492,2225.1322810448696
0.014000000000000005,0,3092.3028641568762,1855.3817184941256
0.014499999999999999,0,2542.4333798083958,1525.4600278850373
0.014999999999999999,0,2059.5567189068402,1235.7340313441041
0.0155,0,1642.6525591324648,985.59153547947881
0.016000000000000007,0,1289.0921642693881,773.45529856163284
0.016500000000000001,0,994.79928136080662,596.87956881648392
0.017000000000000001,0,754.52803717560812,452.71682230536487
0.017500000000000002,0,562.2196415566633,337.33178493399799
0.017999999999999995,0,411.39117641589309,246.83470584953585
0.018500000000000003,0,295.51058819887754,177.30635291932651
0.019000000000000003,0,208.32043364221593,124.99226018532956
0.019500000000000003,0,144.08593305047933,86.451559830287593
0.019999999999999997,0,97.757155696686993,58.654293418012195
0.020499999999999997,0,65.047901122711821,39.028740673627091
0.021000000000000005,0,42.443233478377174,25.465940087026304
0.021500000000000005,0,27.152963082840891,16.291777849704534
0.021999999999999999,0,17.029883137808117,10.217929882684869
0.022499999999999999,0,10.470115064244631,6.2820690385467781
0.023000000000000007,0,6.3096127194103824,3.7857676316462294
0.023500000000000007,0,3.7268075766660109,2.2360845459996064
0.024,0,2.1573986309399564,1.2944391785639737
0.024500000000000001,0,1.2239480902039015,0.73436885412234088
0.025000000000000001,0,0.68048416992221716,0.40829050195333028
-0.025000000000000001,0.00050000000000000044,9.6075442523597836,5.7645265514158703
-0.024500000000000001,0.00050000000000000044,16.247147947304263,9.7482887683825581
-0.024,0.00050000000000000044,26.929118219898722,16.157470931939233
-0.0235,0.00050000000000000044,43.747975901368328,26.248785540820997
-0.023,0.00050000000000000044,69.662067398795543,41.797240439277324
-0.022500000000000003,0.00050000000000000044,108.73025819885773,65.238154919314638
-0.022000000000000002,0.00050000000000000044,166.35463002275461,99.81277801365276
-0.021500000000000002,0.00050000000000000044,249.49768292023222,149.69860975213933
-0.021000000000000001,0.00050000000000000044,366.82966420387561,220.09779852232535
-0.020500000000000001,0.00050000000000000044,528.75051565662818,317.25030939397692
-0.02,0.00050000000000000044,747.22490046557448,448.33494027934466
-0.0195,0.00050000000000000044,1035.3716743710936,621.22300462265616
-0.019,0.00050000000000000044,1406.764543245906,844.05872594754362
-0.018500000000000003,0.00050000000000000044,1874.4306892212255,1124.6584135327353
-0.018000000000000002,0.00050000000000000044,2449.578515804179,1469.7471094825073
-0.017500000000000002,0.00050000000000000044,3140.1405409379795,1884.0843245627875
-0.017000000000000001,0.00050000000000000044,3949.2751677912734,2369.5651006747639
-0.016500000000000001,0.00050000000000000044,4874.0205629979991,2924.4123377987994
-0.016,0.00050000000000000044,5904.3224459593475,3542.5934675756084
-0.0155,0.00050000000000000044,7022.6534454563998,4213.5920672738393
-0.015000000000000001,0.00050000000000000044,8204.3971319393859,4922.6382791636315
-0.014500000000000001,0.00050000000000000044,9419.0843107970086,5651.450586478205
-0.014,0.00050000000000000044,10632.451079368037,6379.4706476208221
-0.0135,0.00050000000000000044,11809.154886970071,7085.4929321820428
-0.012999999999999999,0.00050000000000000044,12915.860360719409,7749.5162164316453
-0.012500000000000001,0.00050000000000000044,13924.316978053979,8354.5901868323872
-0.012,0.00050000000000000044,14814.017947743865,8888.4107686463194
-0.0115,0.00050000000000000044,15574.066415740414,9344.4398494442485
-0.010999999999999999,0.00050000000000000044,16203.980040602137,9722.3880243612821
-0.010499999999999999,0.00050000000000000044,16713.321840958743,10027.993104575246
-0.010000000000000002,0.00050000000000000044,17120.22536521747,10272.135219130481
-0.0095000000000000015,0.00050000000000000044,17449.05055602438,10469.430333614628
-0.0090000000000000011,0.00050000000000000044,17727.529570196693,10636.517742118016
-0.0085000000000000006,0.00050000000000000044,17983.815215036379,10790.289129021827
-0.0080000000000000002,0.00050000000000000044,18243.820030522591,10946.292018313554
-0.0074999999999999997,0.00050000000000000044,18529.140521985108,11117.484313191064
-0.0069999999999999993,0.00050000000000000044,18855.723130905477,11313.433878543286
-0.0064999999999999988,0.00050000000000000044,19233.27980648875,11539.96788389325
-0.0059999999999999984,0.00050000000000000044,19665.335578055263,11799.201346833157
-0.0054999999999999979,0.00050000000000000044,20149.714288816889,12089.828573290133
-0.005000000000000001,0.00050000000000000044,20679.253217180903,12407.551930308542
-0.0044999999999999971,0.00050000000000000044,21242.577617377567,12745.546570426539
-0.0040000000000000001,0.00050000000000000044,21824.842822336253,13094.905693401752
-0.0035000000000000031,0.00050000000000000044,22408.436758139174,13445.062054883505
-0.0029999999999999992,0.00050000000000000044,22973.701667248952,13784.221000349371
-0.0025000000000000022,0.00050000000000000044,23499.760391178257,14099.856234706955
-0.0019999999999999983,0.00050000000000000044,23965.512717358113,14379.307630414867
-0.0015000000000000013,0.00050000000000000044,24350.808699306734,14610.485219584039
-0.00099999999999999742,0.00050000000000000044,24637.728134982841,14782.636880989703
-0.00050000000000000044,0.00050000000000000044,24811.824104326188,14887.094462595713
0,0.00050000000000000044,24863.147554797048,14917.888532878227
0.00050000000000000044,0.00050000000000000044,24786.874704544411,14872.124822726646
0.0010000000000000009,0.00050000000000000044,24583.411811483042,14750.047086889825
0.0015000000000000013,0.00050000000000000044,24257.941272073964,14554.764763244379
0.0020000000000000018,0.00050000000000000044,23819.477258488492,14291.686355093096
0.0024999999999999988,0.00050000000000000044,23279.592032623135,13967.755219573881
0.0030000000000000027,0.00050000000000000044,22651.032436715122,13590.619462029073
0.0034999999999999996,0.00050000000000000044,21946.455786737421,13167.873472042453
0.0040000000000000036,0.00050000000000000044,21177.474227378818,12706.48453642729
0.0045000000000000005,0.00050000000000000044,20354.118091763357,12212.470855058014
0.0049999999999999975,0.00050000000000000044,19484.732771127943,11690.839662676766
0.0055000000000000014,0.00050000000000000044,18576.234200543309,11145.740520325986
0.0059999999999999984,0.00050000000000000044,17634.58619305864,10580.751715835184
0.0064999999999999988,0.00050000000000000044,16665.340734279071,9999.2044405674424
0.0069999999999999993,0.00050000000000000044,15674.10086055244,9404.4605163314645
0.0074999999999999997,0.00050000000000000044,14666.815047104155,8800.0890282624932
0.0080000000000000002,0.00050000000000000044,13649.875159732897,8189.9250958397379
0.0085000000000000006,0.00050000000000000044,12630.048212058438,7578.0289272350628
0.0090000000000000011,0.00050000000000000044,11614.310277063774,6968.586166238264
0.0095000000000000015,0.00050000000000000044,10609.661315415822,6365.7967892494935
0.010000000000000002,0.00050000000000000044,9622.9836980126493,5773.7902188075896
0.010500000000000002,0.00050000000000000044,8660.9736586979889,5196.584195218793
0.011000000000000003,0.00050000000000000044,7730.1367637494523,4638.0820582496708
0.011500000000000003,0.00050000000000000044,6836.8084843415018,4102.0850906049009
0.012000000000000004,0.00050000000000000044,5987.1478951250074,3592.2887370750045
0.012499999999999997,0.00050000000000000044,5187.0590454234989,3112.2354272540992
0.013000000000000005,0.00050000000000000044,4442.0170802370012,2665.2102481422007
0.013499999999999998,0.00050000000000000044,3756.8066953628886,2254.0840172177332
0.014000000000000005,0.00050000000000000044,3135.2093889303151,1881.1256333581889
0.014499999999999999,0.00050000000000000044,2579.6950137210424,1547.8170082326253
0.014999999999999999,0.00050000000000000044,2091.1777043744751,1254.706622624685
0.0155,0.00050000000000000044,1668.8861289143044,1001.3316773485826
0.016000000000000007,0.00050000000000000044,1310.3768585569312,786.2261151341587
0.016500000000000001,0.00050000000000000044,1011.6934834715499,607.01609008292996
0.017000000000000001,0.00050000000000000044,767.64937688847056,460.58962613308233
0.017500000000000002,0.00050000000000000044,572.19390077026446,343.31634046215868
0.017999999999999995,0.00050000000000000044,418.81319097376155,251.28791458425692
0.018500000000000003,0.00050000000000000044,300.91770626436681,180.55062375862008
0.019000000000000003,0.00050000000000000044,212.17758450836087,127.30655070501652
0.019500000000000003,0.00050000000000000044,146.78037768086736,88.068226608520419
0.019999999999999997,0.00050000000000000044,99.600521991010041,59.76031319460602
0.020499999999999997,0.00050000000000000044,66.28306775625768,39.769840653754606
0.021000000000000005,0.00050000000000000044,43.253891478022453,25.952334886813471
0.021500000000000005,0.00050000000000000044,27.67412227477924,16.604473364867545
0.021999999999999999,0.00050000000000000044,17.358086128945942,10.414851677367565
0.022499999999999999,0.00050000000000000044,10.672589334759136,6.4035536008554814
0.023000000000000007,0.00050000000000000044,6.4319800705491357,3.8591880423294813
0.023500000000000007,0.00050000000000000044,3.7992579758371163,2.2795547855022695
0.024,0.00050000000000000044,2.1994233502931224,1.3196540101758734
0.024500000000000001,0.00050000000000000044,1.2478298035502662,0.74869788213015964
0.025000000000000001,0.00050000000000000044,0.69378042391157868,0.4162682543469472
-0.025000000000000001,0.0010000000000000009,9.3778604536060506,5.6267162721636304
-0.024500000000000001,0.0010000000000000009,15.865084902655402,9.5190509415932407
-0.024,0.0010000000000000009,26.306987949640622,15.784192769784372
-0.0235,0.0010000000000000009,42.756380836117302,25.653828501670379
-0.023,0.0010000000000000009,68.115190673658986,40.869114404195393
-0.022500000000000003,0.0010000000000000009,106.36867570413236,63.821205422479409
-0.022000000000000002,0.0010000000000000009,162.82661764411321,97.695970586467922
-0.021500000000000002,0.0010000000000000009,244.34082128132434,146.60449276879459
-0.021000000000000001,0.0010000000000000009,359.45549641512429,215.67329784907457
-0.020500000000000001,0.0010000000000000009,518.43594924065462,311.06156954439274
-0.02,0.0010000000000000009,733.11474575773684,439.86884745464209
-0.0195,0.0010000000000000009,1016.4969034862844,609.89814209177064
-0.019,0.0010000000000000009,1382.0802471932761,829.24814831596564
-0.018500000000000003,0.0010000000000000009,1842.8760726793168,1105.72564360759
-0.018000000000000002,0.0010000000000000009,2410.1585093665612,1446.0951056199367
-0.017500000000000002,0.0010000000000000009,3092.024868843534,1855.2149213061202
-0.017000000000000001,0.0010000000000000009,3891.9064130366314,2335.1438478219789
-0.016500000000000001,0.0010000000000000009,4807.2186388799219,2884.3311833279531
-0.016,0.0010000000000000009,5828.3698427019008,3497.0219056211404
-0.0155,0.0010000000000000009,6938.3446493245538,4163.0067895947323
-0.015000000000000001,0.0010000000000000009,8113.0375049195109,4867.8225029517062
-0.014500000000000001,0.0010000000000000009,9322.4288273762377,5593.4572964257422
-0.014,0.0010000000000000009,10532.581353559683,6319.5488121358094
-0.0135,0.0010000000000000009,11708.302860162872,7024.9817160977227
-0.012999999999999999,0.0010000000000000009,12816.197173773371,7689.7183042640227
-0.012500000000000001,0.0010000000000000009,13827.733845997605,8296.6403075985636
-0.012,0.0010000000000000009,14721.930258652936,8833.1581551917607
-0.0115,0.0010000000000000009,15487.271292045514,9292.3627752273078
-0.010999999999999999,0.0010000000000000009,16122.590724657613,9673.554434794567
-0.010499999999999999,0.0010000000000000009,16636.790249624024,9982.0741497744148
-0.010000000000000002,0.0010000000000000009,17047.449004628772,10228.469402777262
-0.0095000000000000015,0.0010000000000000009,17378.544632012097,10427.126779207258
-0.0090000000000000011,0.0010000000000000009,17657.632844401665,10594.579706641
-0.0085000000000000006,0.0010000000000000009,17912.891811258218,10747.73508675493
-0.0080000000000000002,0.0010000000000000009,18170.420740272846,10902.252444163707
-0.0074999999999999997,0.0010000000000000009,18452.096314537732,11071.257788722638
-0.0069999999999999993,0.0010000000000000009,18774.15887990822,11264.495327944931
-0.0064999999999999988,0.0010000000000000009,19146.554522817831,11487.932713690698
-0.0059999999999999984,0.0010000000000000009,19572.932640422096,11743.759584253257
-0.0054999999999999979,0.0010000000000000009,20051.117279734441,12030.670367840665
-0.005000000000000001,0.0010000000000000009,20573.84698060586,12344.308188363515
-0.0044999999999999971,0.0010000000000000009,21129.608792434989,12677.765275460994
-0.0040000000000000001,0.0010000000000000009,21703.460260740907,13022.076156444544
-0.0035000000000000031,0.0010000000000000009,22277.81283051,13366.687698305999
-0.0029999999999999992,0.0010000000000000009,22833.214875852489,13699.928925511493
-0.0025000000000000022,0.0010000000000000009,23349.202767156956,14009.521660294173
-0.0019999999999999983,0.0010000000000000009,23805.276352170971,14283.165811302582
-0.0015000000000000013,0.0010000000000000009,24182.006916336475,14509.204149801884
-0.00099999999999999742,0.0010000000000000009,24462.218381284274,14677.331028770564
-0.00050000000000000044,0.0010000000000000009,24632.119318821366,14779.271591292818
0,0.0010000000000000009,24682.226262261709,14809.335757357025
0.00050000000000000044,0.0010000000000000009,24607.922104395511,14764.753262637307
0.0010000000000000009,0.0010000000000000009,24409.539609929285,14645.723765957571
0.0015000000000000013,0.0010000000000000009,24091.939296690984,14455.16357801459
0.0020000000000000018,0.0010000000000000009,23663.643633830921,14198.186180298553
0.0024999999999999988,0.0010000000000000009,23135.67214003393,13881.403284020358
0.0030000000000000027,0.0010000000000000009,22520.273617620129,13512.164170572078
0.0034999999999999996,0.0010000000000000009,21829.759862364615,13097.855917418769
0.0040000000000000036,0.0010000000000000009,21075.608815745902,12645.36528944754
0.0045000000000000005,0.0010000000000000009,20267.934931018932,12160.760958611359
0.0049999999999999975,0.0010000000000000009,19415.339456496287,11649.203673897771
0.0055000000000000014,0.0010000000000000009,18525.075153519781,11115.045092111868
0.0059999999999999984,0.0010000000000000009,17603.407171123286,10562.044302673972
0.0064999999999999988,0.0010000000000000009,16656.034794637326,9993.6208767823955
0.0069999999999999993,0.0010000000000000009,15688.457541552762,9413.0745249316569
0.0074999999999999997,0.0010000000000000009,14706.213907924419,8823.7283447546506
0.0080000000000000002,0.0010000000000000009,13714.976117503715,8228.9856705022285
0.0085000000000000006,0.0010000000000000009,12720.532504413406,7632.3195026480435
0.0090000000000000011,0.0010000000000000009,11728.717545355959,7037.2305272135754
0.0095000000000000015,0.0010000000000000009,10745.352272902162,6447.2113637412976
0.010000000000000002,0.0010000000000000009,9776.2374400010121,5865.7424640006075
0.010500000000000002,0.0010000000000000009,8827.2077625901129,5296.3246575540679
0.011000000000000003,0.0010000000000000009,7904.2205604654482,4742.5323362792687
0.011500000000000003,0.0010000000000000009,7013.4280128799764,4208.0568077279859
0.012000000000000004,0.0010000000000000009,6161.1765234732193,3696.7059140839315
0.012499999999999997,0.0010000000000000009,5353.8905656376337,3212.3343393825803
0.013000000000000005,0.0010000000000000009,4597.827006060912,2758.6962036365471
0.013499999999999998,0.0010000000000000009,3898.7203640643093,2339.2322184385853
0.014000000000000005,0.0010000000000000009,3261.3697663994576,1956.8218598396745
0.014499999999999999,0.0010000000000000009,2689.236413501304,1613.5418481007823
0.014999999999999999,0.0010000000000000009,2184.1220754947244,1310.4732452968346
0.0155,0.0010000000000000009,1745.9850383690491,1047.5910230214295
0.016000000000000007,0.0010000000000000009,1372.9245249247977,823.75471495487852
0.016500000000000001,0.0010000000000000009,1061.3346759986644,636.80080559919861
0.017000000000000001,0.0010000000000000009,806.20166027047185,483.72099616228309
0.017500000000000002,0.0010000000000000009,601.49780086708392,360.89868052025037
0.017999999999999995,0.0010000000000000009,440.61758079500072,264.3705484770004
0.018500000000000003,0.0010000000000000009,316.80204350459957,190.08122610275973
0.019000000000000003,0.0010000000000000009,223.50821565245988,134.10492939147593
0.019500000000000003,0.0010000000000000009,154.69524368592184,92.817146211553094
0.019999999999999997,0.0010000000000000009,105.01522871832293,63.009137230993758
0.020499999999999997,0.0010000000000000009,69.9111711017148,41.94670266102888
0.021000000000000005,0.0010000000000000009,45.635026819034664,27.381016091420797
0.021500000000000005,0.0010000000000000009,29.204893820489474,17.522936292293682
0.021999999999999999,0.0010000000000000009,18.322086359056676,10.993251815434006
0.022499999999999999,0.0010000000000000009,11.267292089417127,6.7603752536502766
0.023000000000000007,0.0010000000000000009,6.791391519005427,4.074834911403256
0.023500000000000007,0.0010000000000000009,4.0120542336013232,2.4072325401607939
0.024,0.0010000000000000009,2.3228546767122467,1.393712806027348
0.024500000000000001,0.0010000000000000009,1.3179727259904563,0.79078363559427378
0.025000000000000001,0.0010000000000000009,0.73283265394361119,0.43969959236616668
-0.025000000000000001,0.0015000000000000013,9.0101871835742173,5.4061123101445299
-0.024500000000000001,0.0015000000000000013,15.253466793245568,9.1520800759473406
-0.024,0.0015000000000000013,25.311029304259481,15.186617582555687
-0.0235,0.0015000000000000013,41.16889402059693,24.701336412358156
-0.023,0.0015000000000000013,65.638632906639344,39.383179743983604
-0.022500000000000003,0.0015000000000000013,102.58761100537802,61.552566603226808
-0.022000000000000002,0.0015000000000000013,157.17776043008652,94.306656258051916
-0.021500000000000002,0.0015000000000000013,236.08354579469244,141.65012747681547
-0.021000000000000001,0.0015000000000000013,347.64722393087828,208.58833435852696
-0.020500000000000001,0.0015000000000000013,501.91832617423466,301.15099570454078
-0.02,0.0015000000000000013,710.51765335656626,426.31059201393975
-0.0195,0.0015000000000000013,986.26765393014955,591.76059235808975
-0.019,0.0015000000000000013,1342.544358752727,805.52661525163614
-0.018500000000000003,0.0015000000000000013,1792.33340369554,1075.400042217324
-0.018000000000000002,0.0015000000000000013,2347.0141212051508,1408.2084727230904
-0.017500000000000002,0.0015000000000000013,3014.9480023039578,1808.9688013823745
-0.017000000000000001,0.0015000000000000013,3800.0040823296645,2280.0024493977985
-0.016500000000000001,0.0015000000000000013,4700.2037172806931,2820.1222303684158
-0.016,0.0015000000000000013,5706.6986187228158,3424.0191712336896
-0.0155,0.0015000000000000013,6803.2972338071959,4081.9783402843173
-0.015000000000000001,0.0015000000000000013,7966.7174384106438,4780.0304630463861
-0.014500000000000001,0.0015000000000000013,9167.6663485889767,5500.5998091533856
-0.014,0.0015000000000000013,10372.737589903641,6223.6425539421843
-0.0135,0.0015000000000000013,11546.988059608375,6928.1928357650249
-0.012999999999999999,0.0015000000000000013,12656.932332061648,7594.1593992369881
-0.012500000000000001,0.0015000000000000013,13673.598391315503,8204.1590347893016
-0.012,0.0015000000000000013,14575.245593129195,8745.147355877516
-0.0115,0.0015000000000000013,15349.368565619225,9209.6211393715348
-0.010999999999999999,0.0015000000000000013,15993.700411638572,9596.2202469831427
-0.010499999999999999,0.0015000000000000013,16516.072092433202,9909.6432554599214
-0.010000000000000002,0.0015000000000000013,16933.156854446654,10159.894112667991
-0.0095000000000000015,0.0015000000000000013,17268.29630474962,10360.977782849772
-0.0090000000000000011,0.0015000000000000013,17548.735515912791,10529.241309547675
-0.0085000000000000006,0.0015000000000000013,17802.663256355081,10681.597953813049
-0.0080000000000000002,0.0015000000000000013,18056.448662369901,10833.86919742194
-0.0074999999999999997,0.0015000000000000013,18332.392324758279,10999.435394854967
-0.0069999999999999993,0.0015000000000000013,18647.187750153924,11188.312650092354
-0.0064999999999999988,0.0015000000000000013,19011.148136518263,11406.688881910957
-0.0059999999999999984,0.0015000000000000013,19428.125204177555,11656.875122506533
-0.0054999999999999979,0.0015000000000000013,19895.957502160411,11937.574501296245
-0.005000000000000001,0.0015000000000000013,20407.249295576232,12244.349577345738
-0.0044999999999999971,0.0015000000000000013,20950.297304108939,12570.178382465363
-0.0040000000000000001,0.0015000000000000013,21510.037311905107,12906.022387143064
-0.0035000000000000031,0.0015000000000000013,22068.953563953255,13241.372138371953
-0.0029999999999999992,0.0015000000000000013,22607.956764209826,13564.774058525896
-0.0025000000000000022,0.0015000000000000013,23107.272452618905,13864.363471571343
-0.0019999999999999983,0.0015000000000000013,23547.38182708732,14128.429096252392
-0.0015000000000000013,0.0015000000000000013,23910.024986043958,14346.014991626374
-0.00099999999999999742,0.0015000000000000013,24179.225686667574,14507.535412000545
-0.00050000000000000044,0.0015000000000000013,24342.246301347721,14605.347780808632
0,0.0015000000000000013,24390.350565178731,14634.210339107238
0.00050000000000000044,0.0015000000000000013,24319.25267385503,14591.551604313017
0.0010000000000000009,0.0015000000000000013,24129.16719547136,14477.500317282816
0.0015000000000000013,0.0015000000000000013,23824.437394892575,14294.662436935545
0.0020000000000000018,0.0015000000000000013,23412.794022517155,14047.676413510293
0.0024999999999999988,0.0015000000000000013,22904.362993210114,13742.617795926068
0.0030000000000000027,0.0015000000000000013,22310.581430328326,13386.348858196996
0.0034999999999999996,0.0015000000000000013,21643.18707425665,12985.912244553989
0.0040000000000000036,0.0015000000000000013,20913.415651539886,12548.049390923932
0.0045000000000000005,0.0015000000000000013,20131.483723301702,12078.890233981021
0.0049999999999999975,0.0015000000000000013,19306.366772983089,11583.820063789854
0.0055000000000000014,0.0015000000000000013,18445.821814192532,11067.493088515519
0.0059999999999999984,0.0015000000000000013,17556.565355121238,10533.939213072743
0.0064999999999999988,0.0015000000000000013,16644.508659545801,9986.7051957274798
0.0069999999999999993,0.0015000000000000013,15714.971426441462,9428.9828558648769
0.0074999999999999997,0.0015000000000000013,14772.832816243847,8863.6996897463068
0.0080000000000000002,0.0015000000000000013,13822.621075140325,8293.5726450841939
0.0085000000000000006,0.0015000000000000013,12868.57565401278,7721.1453924076677
0.0090000000000000011,0.0015000000000000013,11914.728748739482,7148.8372492436893
0.0095000000000000015,0.0015000000000000013,10965.043727469121,6579.0262364814726
0.010000000000000002,0.0015000000000000013,10023.62060803488,6014.1723648209281
0.010500000000000002,0.0015000000000000013,9094.9438823828532,5456.9663294297115
0.011000000000000003,0.0015000000000000013,8184.1179189275517,4910.4707513565309
0.011500000000000003,0.0015000000000000013,7297.0203753070809,4378.2122251842484
0.012000000000000004,0.0015000000000000013,6440.3099356962393,3864.1859614177433
0.012499999999999997,0.0015000000000000013,5621.2501998683374,3372.7501199210024
0.013000000000000005,0.0015000000000000013,4847.3498360054382,2908.4099016032628
0.013499999999999998,0.0015000000000000013,4125.8598409442593,2475.5159045665555
0.014000000000000005,0.0015000000000000013,3463.2013220801846,2077.9207932481108
0.014499999999999999,0.0015000000000000013,2864.4137192675239,1718.6482315605142
0.014999999999999999,0.0015000000000000013,2332.7105473434067,1399.626328406044
0.0155,0.0015000000000000013,1869.2093424808963,1121.5256054885378
0.016000000000000007,0.0015000000000000013,1472.8703710554676,883.72222263328047
0.016500000000000001,0.0015000000000000013,1140.6427299082072,684.38563794492427
0.017000000000000001,0.0015000000000000013,867.78451404175598,520.67070842505359
0.017500000000000002,0.0015000000000000013,648.30155062230097,388.98093037338055
0.017999999999999995,0.0015000000000000013,475.43958183148129,285.26374909888875
0.018500000000000003,0.0015000000000000013,342.16739964389274,205.30043978633563
0.019000000000000003,0.0015000000000000013,241.60053737458955,144.96032242475371
0.019500000000000003,0.0015000000000000013,167.33263152260511,100.39957891356306
0.019999999999999997,0.0015000000000000013,113.66026022971232,68.196156137827387
0.020499999999999997,0.0015000000000000013,75.703494654137245,45.422096792482343
0.021000000000000005,0.0015000000000000013,49.436411294298026,29.661846776578813
0.021500000000000005,0.0015000000000000013,31.648634847062652,18.989180908237589
0.021999999999999999,0.0015000000000000013,19.860988966298539,11.916593379779123
0.022499999999999999,0.0015000000000000013,12.216638942563989,7.3299833655383928
0.023000000000000007,0.0015000000000000013,7.3651238413800284,4.4190743048280172
0.023500000000000007,0.0015000000000000013,4.3517382242774501,2.6110429345664699
0.024,0.0015000000000000013,2.5198841539460157,1.5119304923676093
0.024500000000000001,0.0015000000000000013,1.429938489619569,0.8579630937717414
0.025000000000000001,0.0015000000000000013,0.79516931453179074,0.47710158871907443
-0.025000000000000001,0.0020000000000000018,8.5254976946388492,5.115298616783309
-0.024500000000000001,0.0020000000000000018,14.447134304624052,8.6682805827744307
-0.024,0.0020000000000000018,23.997892162383742,14.398735297430244
-0.0235,0.0020000000000000018,39.075664918974013,23.445398951384409
-0.023,0.0020000000000000018,62.372783993108122,37.423670395864875
-0.022500000000000003,0.0020000000000000018,97.60099306436031,58.56059583861618
-0.022000000000000002,0.0020000000000000018,149.72700085630535,89.836200513783211
-0.021500000000000002,0.0020000000000000018,225.19102187675202,135.11461312605121
-0.021000000000000001,0.0020000000000000018,332.06842630753732,199.24105578452239
-0.020500000000000001,0.0020000000000000018,480.12341463825265,288.07404878295159
-0.02,0.0020000000000000018,680.69650696494261,408.41790417896556
-0.0195,0.0020000000000000018,946.36815029755087,567.82089017853048
-0.019,0.0020000000000000018,1290.3523724946565,774.21142349679383
-0.018500000000000003,0.0020000000000000018,1725.5995952590656,1035.3597571554394
-0.018000000000000002,0.0020000000000000018,2263.6267976733161,1358.1760786039897
-0.017500000000000002,0.0020000000000000018,2913.1434551845177,1747.8860731107106
-0.017000000000000001,0.0020000000000000018,3678.5967333472709,2207.1580400083626
-0.016500000000000001,0.0020000000000000018,4558.8096320051318,2735.2857792030791
-0.016,0.0020000000000000018,5545.9194285041804,3327.5516571025082
-0.0155,0.0020000000000000018,6624.8292946254987,3974.8975767752991
-0.015000000000000001,0.0020000000000000018,7773.3548294765405,4664.0128976859241
-0.014500000000000001,0.0020000000000000018,8963.1768451788175,5377.9061071072902
-0.014,0.0020000000000000018,10161.607459786479,6096.9644758718869
-0.0135,0.0020000000000000018,11334.052314309954,6800.4313885859729
-0.012999999999999999,0.0020000000000000018,12446.928416783436,7468.1570500700609
-0.012500000000000001,0.0020000000000000018,13470.698903307368,8082.4193419844205
-0.012,0.0020000000000000018,14382.635227134393,8629.5811362806362
-0.0115,0.0020000000000000018,15168.92895129317,9101.3573707759024
-0.010999999999999999,0.0020000000000000018,15825.85272700212,9495.5116362012723
-0.010499999999999999,0.0020000000000000018,16359.802810889118,9815.8816865334702
-0.010000000000000002,0.0020000000000000018,16786.220807732745,10071.732484639646
-0.0095000000000000015,0.0020000000000000018,17127.559451783993,10276.535671070395
-0.0090000000000000011,0.0020000000000000018,17410.594143049344,10446.356485829607
-0.0085000000000000006,0.0020000000000000018,17663.462729710336,10598.077637826202
-0.0080000000000000002,0.0020000000000000018,17912.826949480652,10747.69616968839
-0.0074999999999999997,0.0020000000000000018,18181.491606210187,10908.894963726112
-0.0069999999999999993,0.0020000000000000018,18486.708201484162,11092.024920890497
-0.0064999999999999988,0.0020000000000000018,18839.25491381883,11303.552948291297
-0.0059999999999999984,0.0020000000000000018,19243.254571449106,11545.952742869464
-0.0054999999999999979,0.0020000000000000018,19696.592720966022,11817.955632579613
-0.005000000000000001,0.0020000000000000018,20191.745194488198,12115.047116692918
-0.0044999999999999971,0.0020000000000000018,20716.821771965951,12430.093063179571
-0.0040000000000000001,0.0020000000000000018,21256.670101057913,12754.002060634748
-0.0035000000000000031,0.0020000000000000018,21793.943686374452,13076.36621182467
-0.0029999999999999992,0.0020000000000000018,22310.098278558078,13386.058967134846
-0.0025000000000000022,0.0020000000000000018,22786.324374287546,13671.794624572527
-0.0019999999999999983,0.0020000000000000018,23204.439680903444,13922.663808542065
-0.0015000000000000013,0.0020000000000000018,23547.754165730905,14128.652499438542
-0.00099999999999999742,0.0020000000000000018,23801.890540516724,14281.134324310035
-0.00050000000000000044,0.0020000000000000018,23955.509017544591,14373.305410526755
0,0.0020000000000000018,24000.861777239279,14400.517066343567
0.00050000000000000044,0.0020000000000000018,23934.100506815765,14360.460304089458
0.0010000000000000009,0.0020000000000000018,23755.282942555783,14253.16976553347
0.0015000000000000013,0.0020000000000000018,23468.066745205328,14080.840047123196
0.0020000000000000018,0.0020000000000000018,23079.129985466083,13847.477991279649
0.0024999999999999988,0.0020000000000000018,22597.402928982156,13558.441757389293
0.0030000000000000027,0.0020000000000000018,22033.223173578957,13219.933904147374
0.0034999999999999996,0.0020000000000000018,21397.528354972706,12838.517012983624
0.0040000000000000036,0.0020000000000000018,20701.17787952664,12420.706727715984
0.0045000000000000005,0.0020000000000000018,19954.454923360165,11972.672954016098
0.0049999999999999975,0.0020000000000000018,19166.754452875051,11500.05267172503
0.0055000000000000014,0.0020000000000000018,18346.425356378648,11007.855213827188
0.0059999999999999984,0.0020000000000000018,17500.714856004295,10500.428913602576
0.0064999999999999988,0.0020000000000000018,16635.764983831577,9981.4589902989464
0.0069999999999999993,0.0020000000000000018,15756.630720434925,9453.9784322609539
0.0074999999999999997,0.0020000000000000018,14867.318235690858,8920.3909414145146
0.0080000000000000002,0.0020000000000000018,13970.867667327107,8382.5206003962649
0.0085000000000000006,0.0020000000000000018,13069.517411370363,7841.7104468222178
0.0090000000000000011,0.0020000000000000018,12164.980141533688,7298.9880849202127
0.0095000000000000015,0.0020000000000000018,11258.835586004665,6755.3013516027986
0.010000000000000002,0.0020000000000000018,10353.008783682897,6211.8052702097384
0.010500000000000002,0.0020000000000000018,9450.2665510997012,5670.1599306598209
0.011000000000000003,0.0020000000000000018,8554.641143010731,5132.7846858064386
0.011500000000000003,0.0020000000000000018,7671.6872620764871,4603.0123572458924
0.012000000000000004,0.0020000000000000018,6808.4994212114952,4085.0996527268971
0.012499999999999997,0.0020000000000000018,5973.4572130339102,3584.0743278203458
0.013000000000000005,0.0020000000000000018,5175.7168296774598,3105.4300978064757
0.013499999999999998,0.0020000000000000018,4424.5160465005793,2654.7096279003476
0.014000000000000005,0.0020000000000000018,3728.395415801011,2237.0372494806065
0.014499999999999999,0.0020000000000000018,3094.4529309460991,1856.6717585676593
0.014999999999999999,0.0020000000000000018,2527.7407126078615,1516.6444275647168
0.0155,0.0020000000000000018,2030.8837072232741,1218.5302243339645
0.016000000000000007,0.0020000000000000018,1603.9595314416079,962.37571886496471
0.016500000000000001,0.0020000000000000018,1244.6348845761104,746.78093074566618
0.017000000000000001,0.0020000000000000018,948.51623139460128,569.1097388367607
0.017500000000000002,0.0020000000000000018,709.64703130513226,425.78821878307934
0.017999999999999995,0.0020000000000000018,521.07340462079151,312.6440427724749
0.018500000000000003,0.0020000000000000018,375.40400449446395,225.24240269667837
0.019000000000000003,0.0020000000000000018,265.30455786435897,159.18273471861536
0.019500000000000003,0.0020000000000000018,183.88823193780649,110.3329391626839
0.019999999999999997,0.0020000000000000018,124.98480343335707,74.990882060014243
0.020499999999999997,0.0020000000000000018,83.290648852069211,49.974389311241524
0.021000000000000005,0.0020000000000000018,54.415438156327241,32.64926289379634
0.021500000000000005,0.0020000000000000018,34.849285421307407,20.909571252784442
0.021999999999999999,0.0020000000000000018,21.876465917248851,13.12587955034931
0.022499999999999999,0.0020000000000000018,13.459944611002129,8.0759667666012778
0.023000000000000007,0.0020000000000000018,8.1164886597001402,4.869893195820084
0.023500000000000007,0.0020000000000000018,4.7965815024567151,2.8779489014740292
0.024,0.0020000000000000018,2.7779052060950034,1.6667431236570021
0.024500000000000001,0.0020000000000000018,1.5765616169327925,0.94593697015967548
0.025000000000000001,0.0020000000000000018,0.87680032216997861,0.52608019330198719
-0.025000000000000001,0.0024999999999999988,7.9499727990916549,4.7699836794549926
-0.024500000000000001,0.0024999999999999988,13.489541600204394,8.0937249601226355
-0.024,0.0024999999999999988,22.438165164514352,13.462899098708611
-0.0235,0.0024999999999999988,36.588908143211022,21.953344885926612
-0.023,0.0024999999999999988,58.492196667903904,35.095318000742338
-0.022500000000000003,0.0024999999999999988,91.674473841351301,55.00468430481078
-0.022000000000000002,0.0024999999999999988,140.86984164856617,84.521904989139699
-0.021500000000000002,0.0024999999999999988,212.23918123695356,127.34350874217213
-0.021000000000000001,0.0024999999999999988,313.53927762345916,188.12356657407548
-0.020500000000000001,0.0024999999999999988,454.19324124939527,272.51594474963713
-0.02,0.0024999999999999988,645.20582543437365,387.12349526062417
-0.0195,0.0024999999999999988,898.86649773520219,539.31989864112131
-0.019,0.0024999999999999988,1228.1927672624151,736.91566035744904
-0.018500000000000003,0.0024999999999999988,1646.0888786713654,987.65332720281913
-0.018000000000000002,0.0024999999999999988,2164.2312437732612,1298.5387462639567
-0.017500000000000002,0.0024999999999999988,2791.7397190705747,1675.0438314423448
-0.017000000000000001,0.0024999999999999988,3533.7474337558406,2120.2484602535042
-0.016500000000000001,0.0024999999999999988,4390.032392813966,2634.0194356883794
-0.016,0.0024999999999999988,5353.9103344710329,3212.3462006826198
-0.0155,0.0024999999999999988,6411.598882406417,3846.95932944385
-0.015000000000000001,0.0024999999999999988,7542.2389361641553,4525.343361698493
-0.014500000000000001,0.0024999999999999988,8718.696815863821,5231.2180895182928
-0.014,0.0024999999999999988,9909.1737392102059,5945.504243526123
-0.0135,0.0024999999999999988,11079.529869187347,6647.7179215124079
-0.012999999999999999,0.0024999999999999988,12196.10767954802,7317.6646077288124
-0.012500000000000001,0.0024999999999999988,13228.736940436,7937.2421642615991
-0.012,0.0024999999999999988,14153.543618305006,8492.1261709830032
-0.0115,0.0024999999999999988,14955.183693387804,8973.1102160326827
-0.010999999999999999,0.0024999999999999988,15628.185991454391,9376.9115948726339
-0.010499999999999999,0.0024999999999999988,16177.208260022302,9706.3249560133809
-0.010000000000000002,0.0024999999999999988,16616.168120569637,9969.7008723417821
-0.0095000000000000015,0.0024999999999999988,16966.376693292463,10179.826015975477
-0.0090000000000000011,0.0024999999999999988,17253.946455617606,10352.367873370564
-0.0085000000000000006,0.0024999999999999988,17506.839434601159,10504.103660760695
-0.0080000000000000002,0.0024999999999999988,17751.950789752471,10651.170473851482
-0.0074999999999999997,0.0024999999999999988,18012.583965065864,10807.550379039518
-0.0069999999999999993,0.0024999999999999988,18306.578896111288,10983.947337666772
-0.0064999999999999988,0.0024999999999999988,18645.227205005212,11187.136323003127
-0.0059999999999999984,0.0024999999999999988,19032.975894747025,11419.785536848214
-0.0054999999999999979,0.0024999999999999988,19467.809953747623,11680.685972248573
-0.005000000000000001,0.0024999999999999988,19942.132941503212,11965.279764901927
-0.0044999999999999971,0.0024999999999999988,20443.940195792722,12266.364117475632
-0.0040000000000000001,0.0024999999999999988,20958.097265695757,12574.858359417454
-0.0035000000000000031,0.0024999999999999988,21467.582999562204,12880.549799737322
-0.0029999999999999992,0.0024999999999999988,21954.614535349239,13172.768721209542
-0.0025000000000000022,0.0024999999999999988,22401.623314222677,13440.973988533606
-0.0019999999999999983,0.0024999999999999988,22792.08550334649,13675.251302007893
-0.0015000000000000013,0.0024999999999999988,23111.222806486632,13866.733683891978
-0.00099999999999999742,0.0024999999999999988,23346.583972366439,14007.950383419864
-0.00050000000000000044,0.0024999999999999988,23488.501997216183,14093.101198329708
0,0.0024999999999999988,23530.407359232726,14118.244415539635
0.00050000000000000044,0.0024999999999999988,23468.971996024979,14081.383197614987
0.0010000000000000009,0.0024999999999999988,23304.066001115381,13982.439600669228
0.0015000000000000013,0.0024999999999999988,23038.527632240221,13823.116579344132
0.0020000000000000018,0.0024999999999999988,22677.771222817617,13606.662733690569
0.0024999999999999988,0.0024999999999999988,22229.27895554249,13337.567373325493
0.0030000000000000027,0.0024999999999999988,21702.034092059705,13021.220455235822
0.0034999999999999996,0.0024999999999999988,21105.951497373622,12663.570898424174
0.0040000000000000036,0.0024999999999999988,20451.347221957309,12270.808333174386
0.0045000000000000005,0.0024999999999999988,19748.467930113165,11849.080758067899
0.0049999999999999975,0.0024999999999999988,19007.080958755105,11404.248575253063
0.0055000000000000014,0.0024999999999999988,18236.114271001938,10941.668562601162
0.0059999999999999984,0.0024999999999999988,17443.336935296844,10466.002161178107
0.0064999999999999988,0.0024999999999999988,16635.084533123692,9981.0507198742143
0.0069999999999999993,0.0024999999999999988,15816.054583966321,9489.6327503797929
0.0074999999999999997,0.0024999999999999988,14989.215796493001,8993.5294778957996
0.0080000000000000002,0.0024999999999999988,14155.882363915774,8493.5294183494643
0.0085000000000000006,0.0024999999999999988,13315.994089218113,7989.5964535308676
0.0090000000000000011,0.0024999999999999988,12468.613697266052,7481.1682183596304
0.0095000000000000015,0.0024999999999999988,11612.609420954293,6967.5656525725763
0.010000000000000002,0.0024999999999999988,10747.444224527746,6448.4665347166474
0.010500000000000002,0.0024999999999999988,9873.9556380347458,5924.3733828208469
0.011000000000000003,0.0024999999999999988,8994.9935804752949,5396.9961482851768
0.011500000000000003,0.0024999999999999988,8115.7943974309528,4869.4766384585719
0.012000000000000004,0.0024999999999999988,7244.0073508987789,4346.4044105392668
0.012499999999999997,0.0024999999999999988,6389.3476435151024,3833.6085861090614
0.013000000000000005,0.0024999999999999988,5562.9152657276318,3337.7491594365788
0.013499999999999998,0.0024999999999999988,4776.2772398835496,2865.7663439301296
0.014000000000000005,0.0024999999999999988,4040.4498249819599,2424.269894989176
0.014499999999999999,0.0024999999999999988,3364.9294993238445,2018.9576995943066
0.014999999999999999,0.0024999999999999988,2756.906072581331,1654.1436435487985
0.0155,0.0024999999999999988,2220.75329157023,1332.4519749421379
0.016000000000000007,0.0024999999999999988,1757.8413476810636,1054.7048086086381
0.016500000000000001,0.0024999999999999988,1366.6629681496265,819.99778088977587
0.017000000000000001,0.0024999999999999988,1043.2203657793955,625.93221946763731
0.017500000000000002,0.0024999999999999988,781.59112310948456,468.95467386569072
0.017999999999999995,0.0024999999999999988,574.57980686968119,344.74788412180868
0.018500000000000003,0.0024999999999999988,414.36744648043077,248.62046788825845
0.019000000000000003,0.0024999999999999988,293.08871942173437,175.85323165304061
0.019500000000000003,0.0024999999999999988,203.2910837116282,121.97465022697692
0.019999999999999997,0.0024999999999999988,138.25555834634881,82.953335007809287
0.020499999999999997,0.0024999999999999988,92.180932841801919,55.308559705081151
0.021000000000000005,0.0024999999999999988,60.249207238889824,36.149524343333894
0.021500000000000005,0.0024999999999999988,38.599156164849589,23.159493698909753
0.021999999999999999,0.0024999999999999988,24.237669925701468,14.54260195542088
0.022499999999999999,0.0024999999999999988,14.91645936114713,8.9498756166882778
0.023000000000000007,0.0024999999999999988,8.9966700563889095,5.3980020338333459
0.023500000000000007,0.0024999999999999988,5.3176745465473489,3.1906047279284091
0.024,0.0024999999999999988,3.0801455533914095,1.8480873320348457
0.024500000000000001,0.0024999999999999988,1.7483091947399116,1.048985516843947
0.025000000000000001,0.0024999999999999988,0.97241743862914876,0.58345046317748928
-0.025000000000000001,0.0030000000000000027,7.3123989368090765,4.3874393620854457
-0.024500000000000001,0.0030000000000000027,12.428410505428754,7.4570463032572523
-0.024,0.0030000000000000027,20.709267661686503,12.425560597011902
-0.0235,0.0030000000000000027,33.831518855272471,20.298911313163483
-0.023,0.0030000000000000027,54.187731658727088,32.512638995236252
-0.022500000000000003,0.0030000000000000027,85.098009468582148,51.058805681149288
-0.022000000000000002,0.0030000000000000027,131.03711905661086,78.622271433966517
-0.021500000000000002,0.0030000000000000027,197.85403016735779,118.71241810041467
-0.021000000000000001,0.0030000000000000027,292.94907131976595,175.76944279185957
-0.020500000000000001,0.0030000000000000027,425.36265810753974,255.21759486452385
-0.02,0.0030000000000000027,605.72124964964655,363.43274978978792
-0.0195,0.0030000000000000027,845.98408219290422,507.59044931574249
-0.019,0.0030000000000000027,1158.9417001371985,695.36502008231912
-0.018500000000000003,0.0030000000000000027,1557.4370737309046,934.46224423854267
-0.018000000000000002,0.0030000000000000027,2053.3132256492149,1231.987935389529
-0.017500000000000002,0.0030000000000000027,2656.1362296109291,1593.6817377665575
-0.017000000000000001,0.0030000000000000027,3371.7943600223939,2023.0766160134363
-0.016500000000000001,0.0030000000000000027,4201.1249272406922,2520.674956344415
-0.016,0.0030000000000000027,5138.7593387660036,3083.2556032596021
-0.0155,0.0030000000000000027,6172.3929206983212,3703.4357524189927
-0.015000000000000001,0.0030000000000000027,7282.6695984391372,4369.6017590634819
-0.014500000000000001,0.0030000000000000027,8443.8178618502334,5066.2907171101397
-0.014,0.0030000000000000027,9625.0856388414777,5775.0513833048863
-0.0135,0.0030000000000000027,10792.907905785185,6475.7447434711112
-0.012999999999999999,0.0030000000000000027,11913.619534626145,7148.1717207756865
-0.012500000000000001,0.0030000000000000027,12956.419119395458,7773.8514716372738
-0.012,0.0030000000000000027,13896.219751798111,8337.7318510788664
-0.0115,0.0030000000000000027,14716.007544390817,8829.60452663449
-0.010999999999999999,0.0030000000000000027,15408.376326436795,9245.0257958620768
-0.010499999999999999,0.0030000000000000027,15976.013276455493,9585.6079658732961
-0.010000000000000002,0.0030000000000000027,16431.058803530505,9858.6352821183027
-0.0095000000000000015,0.0030000000000000027,16793.42870447148,10076.057222682888
-0.0090000000000000011,0.0030000000000000027,17088.337296768441,10253.002378061065
-0.0085000000000000006,0.0030000000000000027,17343.369094101865,10406.021456461118
-0.0080000000000000002,0.0030000000000000027,17585.494525097442,10551.296715058465
-0.0074999999999999997,0.0030000000000000027,17838.405873545951,10703.04352412757
-0.0069999999999999993,0.0030000000000000027,18120.470581877136,10872.282349126281
-0.0064999999999999988,0.0030000000000000027,18443.479443114451,11066.08766586867
-0.0059999999999999984,0.0030000000000000027,18812.232801356233,11287.339680813739
-0.0054999999999999979,0.0030000000000000027,19224.884921153844,11534.930952692306
-0.005000000000000001,0.0030000000000000027,19673.876012697874,11804.325607618724
-0.0044999999999999971,0.0030000000000000027,20147.234458981249,12088.340675388748
-0.0040000000000000001,0.0030000000000000027,20630.029321259801,12378.017592755879
-0.0035000000000000031,0.0030000000000000027,21105.786654371146,12663.471992622688
-0.0029999999999999992,0.0030000000000000027,21557.738185382572,12934.642911229543
-0.0025000000000000022,0.0030000000000000027,21969.831679683695,13181.899007810216
-0.0019999999999999983,0.0030000000000000027,22327.485536537406,13396.491321922444
-0.0015000000000000013,0.0030000000000000027,22618.107647864494,13570.864588718696
-0.00099999999999999742,0.0030000000000000027,22831.418049675907,13698.850829805544
-0.00050000000000000044,0.0030000000000000027,22959.619075827912,13775.771445496746
0,0.0030000000000000027,22997.451119056241,13798.470671433744
0.00050000000000000044,0.0030000000000000027,22942.162665976608,13765.297599585965
0.0010000000000000009,0.0030000000000000027,22793.414409791912,13676.048645875147
0.0015000000000000013,0.0030000000000000027,22553.130859413042,13531.878515647824
0.0020000000000000018,0.0030000000000000027,22225.308536483353,13335.185121890012
0.0024999999999999988,0.0030000000000000027,21815.785925603715,13089.471555362228
0.0030000000000000027,0.0030000000000000027,21331.975386122085,12799.185231673251
0.0034999999999999996,0.0030000000000000027,20782.551255891456,12469.530753534873
0.0040000000000000036,0.0030000000000000027,20177.083293808962,12106.249976285377
0.0045000000000000005,0.0030000000000000027,19525.603728339651,11715.36223700379
0.0049999999999999975,0.0030000000000000027,18838.10286126153,11302.861716756917
0.0055000000000000014,0.0030000000000000027,18123.964115282226,10874.378469169334
0.0059999999999999984,0.0030000000000000027,17391.373226382664,10434.823935829598
0.0064999999999999988,0.0030000000000000027,16646.762996636771,9988.0577979820628
0.0069999999999999993,0.0030000000000000027,15894.37685501001,9536.6261130060066
0.0074999999999999997,0.0030000000000000027,15136.042808367391,9081.6256850204336
0.0080000000000000002,0.0030000000000000027,14371.237460790555,8622.7424764743319
0.0085000000000000006,0.0030000000000000027,13597.485350613048,8158.491210367828
0.0090000000000000011,0.0030000000000000027,12811.085642411537,7686.6513854469222
0.0095000000000000015,0.0030000000000000027,12008.095880398729,7204.8575282392367
0.010000000000000002,0.0030000000000000027,11185.444702922759,6711.2668217536557
0.010500000000000002,0.0030000000000000027,10342.006391945097,6205.2038351670581
0.011000000000000003,0.0030000000000000027,9479.4608996020943,5687.6765397612562
0.011500000000000003,0.0030000000000000027,8602.7881178279586,5161.6728706967751
0.012000000000000004,0.0030000000000000027,7720.3011850017274,4632.1807110010359
0.012499999999999997,0.0030000000000000027,6843.1996919709145,4105.9198151825485
0.013000000000000005,0.0030000000000000027,5984.7041052518234,3590.8224631510939
0.013499999999999998,0.0030000000000000027,5158.9010147353529,3095.3406088412116
0.014000000000000005,0.0030000000000000027,4379.4715219783084,2627.6829131869849
0.014499999999999999,0.0030000000000000027,3658.4849982687874,2195.0909989612724
0.014999999999999999,0.0030000000000000027,3005.4178500238604,1803.2507100143162
0.0155,0.0030000000000000027,2426.5089578172738,1455.9053746903642
0.016000000000000007,0.0030000000000000027,1924.5017730648715,1154.7010638389229
0.016500000000000001,0.0030000000000000027,1498.7607393357462,899.2564436014477
0.017000000000000001,0.0030000000000000027,1145.6981699232756,687.41890195396536
0.017500000000000002,0.0030000000000000027,859.41448804084473,515.64869282450684
0.017999999999999995,0.0030000000000000027,632.44249801168826,379.46549880701292
0.018500000000000003,0.0030000000000000027,456.49325235276973,273.89595141166183
0.019000000000000003,0.0030000000000000027,323.12201160206047,193.87320696123626
0.019500000000000003,0.0030000000000000027,224.26115494819663,134.55669296891799
0.019999999999999997,0.0030000000000000027,152.59625749635714,91.557754497814287
0.020499999999999997,0.0030000000000000027,101.78688538168731,61.072131229012385
0.021000000000000005,0.0030000000000000027,66.55198938354981,39.931193630129883
0.021500000000000005,0.0030000000000000027,42.650176640967658,25.590105984580592
0.021999999999999999,0.0030000000000000027,26.788329130304934,16.072997478182959
0.022499999999999999,0.0030000000000000027,16.489751485348066,9.8938508912088388
0.023000000000000007,0.0030000000000000027,9.9473760193218421,5.9684256115931049
0.023500000000000007,0.0030000000000000027,5.880498019432677,3.5282988116596061
0.024,0.0030000000000000027,3.4065793037568093,2.0439475822540856
0.024500000000000001,0.0030000000000000027,1.9337995208915619,1.1602797125349371
0.025000000000000001,0.0030000000000000027,1.0756831813960634,0.64540990883763805
-0.025000000000000001,0.0034999999999999996,6.6415282591350344,3.9849169554810207
-0.024500000000000001,0.0034999999999999996,11.311330652287467,6.7867983913724794
-0.024,0.0034999999999999996,18.88826993311379,11.332961959868273
-0.0235,0.0034999999999999996,30.92560220305284,18.555361321831704
-0.023,0.0034999999999999996,49.648617231961275,29.789170339176763
-0.022500000000000003,0.0034999999999999996,78.15839203961562,46.895035223769369
-0.022000000000000002,0.0034999999999999996,120.65383602083109,72.392301612498656
-0.021500000000000002,0.0034999999999999996,182.65126084381762,109.59075650629057
-0.021000000000000001,0.0034999999999999996,271.16951890986394,162.70171134591837
-0.020500000000000001,0.0034999999999999996,394.83752013960788,236.90251208376472
-0.02,0.0034999999999999996,563.87203449303684,338.3232206958221
-0.0195,0.0034999999999999996,789.87018595882398,473.92211157529437
-0.019,0.0034999999999999996,1085.3662676467097,651.21976058802579
-0.018500000000000003,0.0034999999999999996,1463.1193128454815,877.87158770728888
-0.018000000000000002,0.0034999999999999996,1935.1276942569236,1161.076616554154
-0.017500000000000002,0.0034999999999999996,2511.4089725696635,1506.8453835417981
-0.017000000000000001,0.0034999999999999996,3198.6332572972588,1919.1799543783552
-0.016500000000000001,0.0034999999999999996,3998.7491803512394,2399.2495082107434
-0.016,0.0034999999999999996,4907.7832673025669,2944.66996038154
-0.0155,0.0034999999999999996,5915.0149623793968,3549.008977427638
-0.015000000000000001,0.0034999999999999996,7002.7209706360964,4201.6325823816578
-0.014500000000000001,0.0034999999999999996,8146.6379762538954,4887.9827857523369
-0.014,0.0034999999999999996,9317.2125534300994,5590.3275320580597
-0.0135,0.0034999999999999996,10481.599310156769,6288.9595860940617
-0.012999999999999999,0.0034999999999999996,11606.248599135093,6963.7491594810554
-0.012500000000000001,0.0034999999999999996,12659.814430810231,7595.8886584861384
-0.012,0.0034999999999999996,13616.033901376773,8169.6203408260635
-0.0115,0.0034999999999999996,14456.200413732691,8673.7202482396151
-0.010999999999999999,0.0034999999999999996,15170.884929289692,9102.5309575738156
-0.010499999999999999,0.0034999999999999996,15760.651629642141,9456.3909777852841
-0.010000000000000002,0.0034999999999999996,16235.653494094771,9741.3920964568624
-0.0095000000000000015,0.0034999999999999996,16614.155891811526,9968.4935350869146
-0.0090000000000000011,0.0034999999999999996,16920.193164593773,10152.115898756263
-0.0085000000000000006,0.0034999999999999996,17180.685715723197,10308.411429433918
-0.0080000000000000002,0.0034999999999999996,17422.411505620978,10453.446903372585
-0.0074999999999999997,0.0034999999999999996,17669.225765967534,10601.53545958052
-0.0069999999999999993,0.0034999999999999996,17939.859307185365,10763.915584311218
-0.0064999999999999988,0.0034999999999999996,18246.514358303062,10947.908614981838
-0.0059999999999999984,0.0034999999999999996,18594.341033230608,11156.604619938365
-0.0054999999999999979,0.0034999999999999996,18981.743494586841,11389.046096752105
-0.005000000000000001,0.0034999999999999996,19401.355829007527,11640.813497404515
-0.0044999999999999971,0.0034999999999999996,19841.459161697443,11904.875497018465
-0.0040000000000000001,0.0034999999999999996,20287.589454408786,12172.553672645272
-0.0035000000000000031,0.0034999999999999996,20724.106042862928,12434.463625717757
-0.0029999999999999992,0.0034999999999999996,21135.543323383794,12681.325994030276
-0.0025000000000000022,0.0034999999999999996,21507.63736636805,12904.58241982083
-0.0019999999999999983,0.0034999999999999996,21827.990734799831,13096.794440879898
-0.0015000000000000013,0.0034999999999999996,22086.400276015898,13251.840165609539
-0.00099999999999999742,0.0034999999999999996,22274.916376924702,13364.949826154821
-0.00050000000000000044,0.0034999999999999996,22387.725075660797,13432.635045396479
0,0.0034999999999999996,22420.947432912333,13452.568459747399
0.00050000000000000044,0.0034999999999999996,22372.437295198568,13423.46237711914
0.0010000000000000009,0.0034999999999999996,22241.633971879153,13344.980383127491
0.0015000000000000013,0.0034999999999999996,22029.495626924348,13217.697376154609
0.0020000000000000018,0.0034999999999999996,21738.507298146953,13043.104378888171
0.0024999999999999988,0.0034999999999999996,21372.728889219878,12823.637333531926
0.0030000000000000027,0.0034999999999999996,20937.827290073801,12562.696374044281
0.0034999999999999996,0.0034999999999999996,20441.026540738931,12264.615924443358
0.0040000000000000036,0.0034999999999999996,19890.913420339191,11934.548052203514
0.0045000000000000005,0.0034999999999999996,19297.054314447836,11578.232588668701
0.0049999999999999975,0.0034999999999999996,18669.411714254049,11201.647028552428
0.0055000000000000014,0.0034999999999999996,18017.591316112881,10810.554789667729
0.0059999999999999984,0.0034999999999999996,17349.996438042625,10409.997862825574
0.0064999999999999988,0.0034999999999999996,16673.00601262334,10003.803607574004
0.0069999999999999993,0.0034999999999999996,15990.31570259621,9594.1894215577249
0.0074999999999999997,0.0034999999999999996,15302.580297534725,9181.548178520834
0.0080000000000000002,0.0034999999999999996,14607.465204126358,8764.4791224758137
0.0085000000000000006,0.0034999999999999996,13900.157314104379,8340.0943884626267
0.0090000000000000011,0.0034999999999999996,13174.309284086528,7904.5855704519163
0.0095000000000000015,0.0034999999999999996,12423.31033557748,7453.9862013464881
0.010000000000000002,0.0034999999999999996,11641.707920933863,6985.0247525603172
0.010500000000000002,0.0034999999999999996,10826.563744058652,6495.9382464351911
0.011000000000000003,0.0034999999999999996,9978.5253206030611,5987.1151923618363
0.011500000000000003,0.0034999999999999996,9102.4330980687373,5461.4598588412418
0.012000000000000004,0.0034999999999999996,8207.3566300446328,4924.4139780267797
0.012499999999999997,0.0034999999999999996,7306.0471143916393,4383.6282686349832
0.013000000000000005,0.0034999999999999996,6413.8889882243402,3848.333392934604
0.013499999999999998,0.0034999999999999996,5547.5114188462403,3328.506851307744
0.014000000000000005,0.0034999999999999996,4723.2669660331921,2833.9601796199154
0.014499999999999999,0.0034999999999999996,3955.7923854193682,2373.4754312516206
0.014999999999999999,0.0034999999999999996,3256.8370077554519,1954.102204653271
0.0155,0.0034999999999999996,2634.4863686236904,1580.6918211742143
0.016000000000000007,0.0034999999999999996,2092.8365267024692,1255.7019160214816
0.016500000000000001,0.0034999999999999996,1632.1027286695989,979.2616372017593
0.017000000000000001,0.0034999999999999996,1249.0874954861904,749.45249729171417
0.017500000000000002,0.0034999999999999996,937.89598961280524,562.73759376768317
0.017999999999999995,0.0034999999999999996,690.77333191294554,414.46399914776731
0.018500000000000003,0.0034999999999999996,498.94697810721607,299.36818686432963
0.019000000000000003,0.0034999999999999996,353.38139715044758,212.02883829026854
0.019500000000000003,0.0034999999999999996,245.38459579359235,147.23075747615542
0.019999999999999997,0.0034999999999999996,167.03926870685305,100.22356122411183
0.020499999999999997,0.0034999999999999996,111.45992884408535,66.875957306451213
0.021000000000000005,0.0034999999999999996,72.89800057287286,43.738800343723717
0.021500000000000005,0.0034999999999999996,46.728556243327098,28.037133745996258
0.021999999999999999,0.0034999999999999996,29.355990276926889,17.613594166156133
0.022499999999999999,0.0034999999999999996,18.073414952215487,10.844048971329292
0.023000000000000007,0.0034999999999999996,10.904290629445251,6.5425743776671501
0.023500000000000007,0.0034999999999999996,6.4469680581473439,3.8681808348884061
0.024,0.0034999999999999996,3.7351139705955818,2.2410683823573492
0.024500000000000001,0.0034999999999999996,2.1204769696128798,1.2722861817677278
0.025000000000000001,0.0034999999999999996,1.1796067021674681,0.70776402130048088
-0.025000000000000001,0.0040000000000000036,5.963744247482615,3.5782465484895689
-0.024500000000000001,0.0040000000000000036,10.181882232315205,6.1091293393891233
-0.024,0.0040000000000000036,17.045589970643658,10.227353982386195
-0.0235,0.0040000000000000036,27.982444531764216,16.789466719058527
-0.023,0.0040000000000000036,45.046834286694754,27.02810057201685
-0.022500000000000003,0.0040000000000000036,71.115459967885542,42.669275980731321
-0.022000000000000002,0.0040000000000000036,110.10370182485379,66.062221094912275
-0.021500000000000002,0.0040000000000000036,167.18454432659715,100.31072659595829
-0.021000000000000001,0.0040000000000000036,248.98100246478486,149.38860147887092
-0.020500000000000001,0.0040000000000000036,363.69181869935227,218.21509121961137
-0.02,0.0040000000000000036,521.1007478721715,312.66044872330286
-0.0195,0.0040000000000000036,732.41490255286328,439.44894153171794
-0.019,0.0040000000000000036,1009.8806467067658,605.92838802405947
-0.018500000000000003,0.0040000000000000036,1366.1393764571503,819.68362587429021
-0.018000000000000002,0.0040000000000000036,1813.3120296949996,1087.9872178169996
-0.017500000000000002,0.0040000000000000036,2361.8400194160749,1417.1040116496449
-0.017000000000000001,0.0040000000000000036,3019.1582745373512,1811.4949647224107
-0.016500000000000001,0.0040000000000000036,3788.3267408453416,2272.9960445072047
-0.016,0.0040000000000000036,4666.7907572451222,2800.0744543470732
-0.0155,0.0040000000000000036,5645.4673625891737,3387.2804175535043
-0.015000000000000001,0.0040000000000000036,6708.3535854395077,4025.0121512637043
-0.014500000000000001,0.0040000000000000036,7832.8171102204487,4699.6902661322692
-0.014,0.0040000000000000036,8990.6581079982971,5394.3948647989782
-0.0135,0.0040000000000000036,10149.929597774848,6089.9577586649084
-0.012999999999999999,0.0040000000000000036,11277.38622589821,6766.4317355389258
-0.012500000000000001,0.0040000000000000036,12341.317546788099,7404.7905280728592
-0.012,0.0040000000000000036,13314.433984681196,7988.6603908087172
-0.0115,0.0040000000000000036,14176.431699069479,8505.8590194416865
-0.010999999999999999,0.0040000000000000036,14915.879592643596,8949.5277555861576
-0.010499999999999999,0.0040000000000000036,15531.149954197561,9318.6899725185358
-0.010000000000000002,0.0040000000000000036,16030.243680962303,9618.1462085773819
-0.0095000000000000015,0.0040000000000000036,16429.520610460964,9857.7123662765789
-0.0090000000000000011,0.0040000000000000036,16751.507109565126,10050.904265739075
-0.0085000000000000006,0.0040000000000000036,17022.087419681735,10213.252451809041
-0.0080000000000000002,0.0040000000000000036,17267.468133813694,10360.480880288216
-0.0074999999999999997,0.0040000000000000036,17511.322633703676,10506.793580222205
-0.0069999999999999993,0.0040000000000000036,17772.473421372626,10663.484052823575
-0.0064999999999999988,0.0040000000000000036,18063.366886868236,10838.020132120941
-0.0059999999999999984,0.0040000000000000036,18389.458678344814,11033.675207006889
-0.0054999999999999979,0.0040000000000000036,18749.484629458861,11249.690777675316
-0.005000000000000001,0.0040000000000000036,19136.467303773439,11481.880382264064
-0.0044999999999999971,0.0040000000000000036,19539.220933843644,11723.532560306186
-0.0040000000000000001,0.0040000000000000036,19944.078239488899,11966.44694369334
-0.0035000000000000031,0.0040000000000000036,20336.571923765048,12201.943154259028
-0.0029999999999999992,0.0040000000000000036,20702.853662318554,12421.712197391133
-0.0025000000000000022,0.0040000000000000036,21030.710380699926,12618.426228419956
-0.0019999999999999983,0.0040000000000000036,21310.125281544657,12786.075168926795
-0.0015000000000000013,0.0040000000000000036,21533.413777253565,12920.048266352138
-0.00099999999999999742,0.0040000000000000036,21695.029578675814,13017.017747205487
-0.00050000000000000044,0.0040000000000000036,21791.175550014061,13074.705330008435
0,0.0040000000000000036,21819.364407876128,13091.618644725677
0.00050000000000000044,0.0040000000000000036,21778.05745439219,13066.834472635313
0.0010000000000000009,0.0040000000000000036,21666.47070624878,12999.882423749268
0.0015000000000000013,0.0040000000000000036,21484.585196155342,12890.751117693204
0.0020000000000000018,0.0040000000000000036,21233.341586129482,12740.004951677689
0.0024999999999999988,0.0040000000000000036,20914.948494414162,12548.969096648498
0.0030000000000000027,0.0040000000000000036,20533.198045053185,12319.91882703191
0.0034999999999999996,0.0040000000000000036,20093.667861489423,12056.200716893652
0.0040000000000000036,0.0040000000000000036,19603.699584870938,11762.219750922563
0.0045000000000000005,0.0040000000000000036,19072.079555088683,11443.247733053209
0.0049999999999999975,0.0040000000000000036,18508.402758307057,11105.041654984234
0.0055000000000000014,0.0040000000000000036,17922.167642372198,10753.300585423318
0.0059999999999999984,0.0040000000000000036,17321.714971103574,10393.028982662145
0.0064999999999999988,0.0040000000000000036,16713.175275245343,10027.905165147205
0.0069999999999999993,0.0040000000000000036,16099.614533374644,9659.7687200247856
0.0074999999999999997,0.0040000000000000036,15480.558152576661,9288.3348915459956
0.0080000000000000002,0.0040000000000000036,14852.026935880243,8911.2161615281457
0.0085000000000000006,0.0040000000000000036,14207.140843950045,8524.2845063700261
0.0090000000000000011,0.0040000000000000036,13537.249614547214,8122.3497687283279
0.0095000000000000015,0.0040000000000000036,12833.451653362459,7700.070992017475
0.010000000000000002,0.0040000000000000036,12088.283796120048,7252.9702776720287
0.010500000000000002,0.0040000000000000036,11297.321711458168,6778.3930268749
0.011000000000000003,0.0040000000000000036,10460.434276813554,6276.2605660881318
0.011500000000000003,0.0040000000000000036,9582.486112420771,5749.491667452462
0.012000000000000004,0.0040000000000000036,8673.3714178516548,5204.0228507109923
0.012499999999999997,0.0040000000000000036,7747.3719594918566,4648.423175695114
0.013000000000000005,0.0040000000000000036,6821.940908159695,4093.164544895817
0.013499999999999998,0.0040000000000000036,5916.1013501212165,3549.6608100727299
0.014000000000000005,0.0040000000000000036,5048.6982109404535,3029.2189265642719
0.014499999999999999,0.0040000000000000036,4236.7481234320603,2542.0488740592359
0.014999999999999999,0.0040000000000000036,3494.0960197388631,2096.4576118433179
0.0155,0.0040000000000000036,2830.5206219892011,1698.3123731935207
0.016000000000000007,0.0040000000000000036,2251.3491825252763,1350.8095095151657
0.016500000000000001,0.0040000000000000036,1757.5614160149403,1054.5368496089641
0.017000000000000001,0.0040000000000000036,1346.2975354764592,807.77852128587551
0.017500000000000002,0.0040000000000000036,1011.6444286514746,606.98665719088478
0.017999999999999995,0.0040000000000000036,745.55994148004106,447.33596488802465
0.018500000000000003,0.0040000000000000036,538.80509373994903,323.28305624396938
0.019000000000000003,0.0040000000000000036,381.78112966735125,229.06867780041074
0.019500000000000003,0.0040000000000000036,265.20424014416744,159.12254408650045
0.019999999999999997,0.0040000000000000036,180.58760534405764,108.35256320643458
0.020499999999999997,0.0040000000000000036,120.53197290658491,72.319183743950944
0.021000000000000005,0.0040000000000000036,78.84873617121346,47.309241702728073
0.021500000000000005,0.0040000000000000036,50.552372603732209,30.331423562239323
0.021999999999999999,0.0040000000000000036,31.763103364659312,19.057862018795586
0.022499999999999999,0.0040000000000000036,19.557911976033942,11.734747185620366
0.023000000000000007,0.0040000000000000036,11.801211586106533,7.0807269516639195
0.023500000000000007,0.0040000000000000036,6.9778870553563914,4.186732233213835
0.024,0.0040000000000000036,4.0430125605013956,2.4258075363008373
0.024500000000000001,0.0040000000000000036,2.2954203777770426,1.3772522266662255
0.025000000000000001,0.0040000000000000036,1.2769939739248612,0.76619638435491677
-0.025000000000000001,0.0045000000000000005,5.3012976374360541,3.1807785824616324
-0.024500000000000001,0.0045000000000000005,9.0767239013588412,5.4460343408153049
-0.024,0.0045000000000000005,15.240291217093988,9.1441747302563918
-0.0235,0.0045000000000000005,25.095087554945373,15.057052532967223
-0.023,0.0045000000000000005,40.525649771299179,24.315389862779508
-0.022500000000000003,0.0045000000000000005,64.184788809420695,38.510873285652416
-0.022000000000000002,0.0045000000000000005,99.703595624876542,59.822157374925922
-0.021500000000000002,0.0045000000000000005,151.90872103697455,91.145232622184736
-0.021000000000000001,0.0045000000000000005,227.02075091052427,136.21245054631456
-0.020500000000000001,0.0045000000000000005,332.79644589970195,199.67786753982116
-0.02,0.0045000000000000005,478.56771141357439,287.14062684814462
-0.0195,0.0045000000000000005,675.12410240021063,405.07446144012636
-0.019,0.0045000000000000005,934.38661567741485,560.63196940644889
-0.018500000000000003,0.0045000000000000005,1268.8315459512719,761.29892757076311
-0.018000000000000002,0.0045000000000000005,1690.6464221244207,1014.3878532746523
-0.017500000000000002,0.0045000000000000005,2210.6357669534641,1326.3814601720785
-0.017000000000000001,0.0045000000000000005,2836.9401812286801,1702.1641087372079
-0.016500000000000001,0.0045000000000000005,3573.6824022559426,2144.2094413535656
-0.016,0.0045000000000000005,4419.6999080308924,2651.8199448185355
-0.0155,0.0045000000000000005,5367.554813798457,3220.5328882790741
-0.015000000000000001,0.0045000000000000005,6403.0177486513767,3841.8106491908256
-0.014500000000000001,0.0045000000000000005,7505.195174009692,4503.1171044058146
-0.014,0.0045000000000000005,8647.4064233129466,5188.4438539877674
-0.0135,0.0045000000000000005,9798.8219046719259,5879.2931428031552
-0.012999999999999999,0.0045000000000000005,10926.759421410727,6556.0556528464358
-0.012500000000000001,0.0045000000000000005,11999.41993893584,7199.6519633615035
-0.012,0.0045000000000000005,12988.749305153544,7793.2495830921262
-0.0115,0.0045000000000000005,13873.059333934552,8323.8356003607314
-0.010999999999999999,0.0045000000000000005,14639.045279866998,8783.4271679201975
-0.010499999999999999,0.0045000000000000005,15282.902031447535,9169.7412188685212
-0.010000000000000002,0.0045000000000000005,15810.361126402195,9486.2166758413168
-0.0095000000000000015,0.0045000000000000005,16235.626164296784,9741.3756985780692
-0.0090000000000000011,0.0045000000000000005,16579.348376320992,9947.6090257925953
-0.0085000000000000006,0.0045000000000000005,16865.927317233007,10119.556390339803
-0.0080000000000000002,0.0045000000000000005,17120.517766189187,10272.310659713512
-0.0074999999999999997,0.0045000000000000005,17366.156011123672,10419.693606674204
-0.0069999999999999993,0.0045000000000000005,17621.382411239974,10572.829446743985
-0.0064999999999999988,0.0045000000000000005,17898.641330905019,10739.18479854301
-0.0059999999999999984,0.0045000000000000005,18203.603889379228,10922.162333627537
-0.0054999999999999979,0.0045000000000000005,18535.409421865705,11121.245653119422
-0.005000000000000001,0.0045000000000000005,18887.684781859185,11332.610869115511
-0.0044999999999999971,0.0045000000000000005,19250.098863308463,11550.059317985078
-0.0040000000000000001,0.0045000000000000005,19610.157011017916,11766.094206610749
-0.0035000000000000031,0.0045000000000000005,19954.940432579704,11972.964259547822
-0.0029999999999999992,0.0045000000000000005,20272.543899060151,12163.52633943609
-0.0025000000000000022,0.0045000000000000005,20553.048006582376,12331.828803949425
-0.0019999999999999983,0.0045000000000000005,20788.96270807735,12473.377624846409
-0.0015000000000000013,0.0045000000000000005,20975.17825995298,12585.106955971787
-0.00099999999999999742,0.0045000000000000005,21108.541662645664,12665.124997587398
-0.00050000000000000044,0.0045000000000000005,21187.228919285688,12712.337351571412
0,0.0045000000000000005,21210.099581174778,12726.059748704867
0.00050000000000000044,0.0045000000000000005,21176.199973690185,12705.719984214111
0.0010000000000000009,0.0045000000000000005,21084.530993769189,12650.718596261513
0.0015000000000000013,0.0045000000000000005,20934.125977673521,12560.475586604112
0.0020000000000000018,0.0045000000000000005,20724.407362258415,12434.644417355048
0.0024999999999999988,0.0045000000000000005,20455.722024009869,12273.433214405921
0.0030000000000000027,0.0045000000000000005,20129.907145469802,12077.944287281882
0.0034999999999999996,0.0045000000000000005,19750.720569804926,11850.432341882955
0.0040000000000000036,0.0045000000000000005,19323.98607799059,11594.391646794355
0.0045000000000000005,0.0045000000000000005,18857.35307152542,11314.411842915251
0.0049999999999999975,0.0045000000000000005,18359.643982182042,11015.786389309225
0.0055000000000000014,0.0045000000000000005,17839.848549020498,10703.909129412299
0.0059999999999999984,0.0045000000000000005,17305.905961528155,10383.543576916893
0.0064999999999999988,0.0045000000000000005,16763.47733627243,10058.086401763458
0.0069999999999999993,0.0045000000000000005,16214.938198870803,9728.962919322481
0.0074999999999999997,0.0045000000000000005,15658.805216829169,9395.2831300975013
0.0080000000000000002,0.0045000000000000005,15089.75275813929,9053.8516548835742
0.0085000000000000006,0.0045000000000000005,14499.281004163338,8699.5686024980023
0.0090000000000000011,0.0045000000000000005,13876.984247842494,8326.1905487054955
0.0095000000000000015,0.0045000000000000005,13212.25676459537,7927.3540587572215
0.010000000000000002,0.0045000000000000005,12496.186389247363,7497.7118335484174
0.010500000000000002,0.0045000000000000005,11723.341048218237,7034.0046289309421
0.011000000000000003,0.0045000000000000005,10893.161318622764,6535.8967911736581
0.011500000000000003,0.0045000000000000005,10010.732255041828,6006.4393530250973
0.012000000000000004,0.0045000000000000005,9086.8089602793971,5452.0853761676381
0.012499999999999997,0.0045000000000000005,8137.0928594987081,4882.2557156992243
0.013000000000000005,0.0045000000000000005,7180.875458561959,4308.5252751371754
0.013499999999999998,0.0045000000000000005,6239.2609173110186,3743.556550386611
0.014000000000000005,0.0045000000000000005,5333.2316758879415,3199.9390055327649
0.014499999999999999,0.0045000000000000005,4481.8257493467181,2689.0954496080308
0.014999999999999999,0.0045000000000000005,3700.6535607468745,2220.3921364481248
0.0155,0.0045000000000000005,3000.9083621169489,1800.5450172701692
0.016000000000000007,0.0045000000000000005,2388.934583200512,1433.3607499203072
0.016500000000000001,0.0045000000000000005,1866.3308986238169,1119.79853917429
0.017000000000000001,0.0045000000000000005,1430.4944125915315,858.29664755491888
0.017500000000000002,0.0045000000000000005,1075.4684268857836,645.28105613147011
0.017999999999999995,0.0045000000000000005,792.94144802929748,475.76486881757847
0.018500000000000003,0.0045000000000000005,573.25613192770004,343.95367915662001
0.019000000000000003,0.0045000000000000005,406.31641389897112,243.78984833938267
0.019500000000000003,0.0045000000000000005,282.32006087804797,169.39203652682878
0.019999999999999997,0.0045000000000000005,192.28370863229338,115.37022517937602
0.020499999999999997,0.0045000000000000005,128.36153495207236,77.016920971243408
0.021000000000000005,0.0045000000000000005,83.983258039737095,50.389954823842253
0.021500000000000005,0.0045000000000000005,53.851052172875683,32.310631303725408
0.021999999999999999,0.0045000000000000005,33.839294643854053,20.30357678631243
0.022499999999999999,0.0045000000000000005,20.838147023115393,12.502888213869236
0.023000000000000007,0.0045000000000000005,12.574628935459321,7.5447773612755924
0.023500000000000007,0.0045000000000000005,7.4356552453714677,4.4613931472228803
0.024,0.0045000000000000005,4.3084667365112734,2.5850800419067639
0.024500000000000001,0.0045000000000000005,2.4462371872882924,1.4677423123729754
0.025000000000000001,0.0045000000000000005,1.3609456780704898,0.8165674068422939
-0.025000000000000001,0.0049999999999999975,4.6712621331897601,2.8027572799138558
-0.024500000000000001,0.0049999999999999975,8.0238928364127542,4.8143357018476527
-0.024,0.0049999999999999975,13.517380518250619,8.1104283109503701
-0.0235,0.0049999999999999975,22.33413673580591,13.400482041483546
-0.023,0.0049999999999999975,36.193274441205595,21.715964664723355
-0.022500000000000003,0.0049999999999999975,57.528338038143531,34.51700282288612
-0.022000000000000002,0.0049999999999999975,89.690134248659888,53.814080549195928
-0.021500000000000002,0.0049999999999999975,137.16103748210219,82.29662248926131
-0.021000000000000001,0.0049999999999999975,205.75738262011762,123.45442957207057
-0.020500000000000001,0.0049999999999999975,302.78571093144984,181.67142655886991
-0.02,0.0049999999999999975,437.10841691812743,262.26505015087645
-0.0195,0.0049999999999999975,619.06725760769996,371.44035456461995
-0.019,0.0049999999999999975,860.21229261252461,516.12737556751472
-0.018500000000000003,0.0049999999999999975,1172.7922410815636,703.67534464893811
-0.018000000000000002,0.0049999999999999975,1568.9823778487555,941.38942670925326
-0.017500000000000002,0.0049999999999999975,2059.8587123767938,1235.9152274260762
-0.017000000000000001,0.0049999999999999975,2654.1705340199055,1592.5023204119432
-0.016500000000000001,0.0049999999999999975,3357.0125889565684,2014.207553373941
-0.016,0.0049999999999999975,4168.5452253481772,2501.1271352089061
-0.0155,0.0049999999999999975,5082.9456440401173,3049.7673864240701
-0.015000000000000001,0.0049999999999999975,6087.7853057195489,3652.6711834317293
-0.014500000000000001,0.0049999999999999975,7164.0089253134101,4298.4053551880461
-0.014,0.0049999999999999975,8286.6352814278689,4971.9811688567215
-0.0135,0.0049999999999999975,9426.2119803032747,5655.7271881819643
-0.012999999999999999,0.0049999999999999975,10550.945733790497,6330.567440274298
-0.012500000000000001,0.0049999999999999975,11629.313931782379,6977.5883590694275
-0.012,0.0049999999999999975,12632.863799342887,7579.7182796057323
-0.0115,0.0049999999999999975,13538.843664797971,8123.3061988787822
-0.010999999999999999,0.0049999999999999975,14332.303300309988,8599.3819801859918
-0.010499999999999999,0.0049999999999999975,15007.354065282056,9004.412439169233
-0.010000000000000002,0.0049999999999999975,15567.389867130634,9340.4339202783794
-0.0095000000000000015,0.0049999999999999975,16024.219999065957,9614.5319994395741
-0.0090000000000000011,0.0049999999999999975,16396.228897425193,9837.7373384551156
-0.0085000000000000006,0.0049999999999999975,16705.826062657026,10023.495637594215
-0.0080000000000000002,0.0049999999999999975,16976.554469775438,10185.932681865263
-0.0074999999999999997,0.0049999999999999975,17230.268645760741,10338.161187456444
-0.0069999999999999993,0.0049999999999999975,17484.767316569545,10490.860389941727
-0.0064999999999999988,0.0049999999999999975,17752.176636871827,10651.305982123096
-0.0059999999999999984,0.0049999999999999975,18038.246652408678,10822.947991445206
-0.0054999999999999979,0.0049999999999999975,18342.57140147447,11005.542840884682
-0.005000000000000001,0.0049999999999999975,18659.599529614992,11195.759717768995
-0.0044999999999999971,0.0049999999999999975,18980.191640965309,11388.114984579186
-0.0040000000000000001,0.0049999999999999975,19293.419357430535,11576.051614458322
-0.0035000000000000031,0.0049999999999999975,19588.295735748456,11752.977441449073
-0.0029999999999999992,0.0049999999999999975,19855.173619251582,11913.104171550949
-0.0025000000000000022,0.0049999999999999975,20086.635377860774,12051.981226716463
-0.0019999999999999983,0.0049999999999999975,20277.806276831136,12166.68376609868
-0.0015000000000000013,0.0049999999999999975,20426.134112572414,12255.680467543449
-0.00099999999999999742,0.0049999999999999975,20530.770675620595,12318.462405372356
-0.00050000000000000044,0.0049999999999999975,20591.751142786525,12355.050685671915
0,0.0049999999999999975,20609.187063308516,12365.512237985109
0.00050000000000000044,0.0049999999999999975,20582.66595216683,12349.599571300098
0.0010000000000000009,0.0049999999999999975,20510.991676643742,12306.595005986244
0.0015000000000000013,0.0049999999999999975,20392.316935159324,12235.390161095595
0.0020000000000000018,0.0049999999999999975,20224.628244787466,12134.776946872478
0.0024999999999999988,0.0049999999999999975,20006.462246507126,12003.877347904276
0.0030000000000000027,0.0049999999999999975,19737.675343054489,11842.605205832693
0.0034999999999999996,0.0049999999999999975,19420.067833491528,11652.040700094916
0.0040000000000000036,0.0049999999999999975,19057.683542627899,11434.610125576739
0.0045000000000000005,0.0049999999999999975,18656.663851972706,11193.998311183623
0.0049999999999999975,0.0049999999999999975,18224.621291804098,10934.772775082458
0.0055000000000000014,0.0049999999999999975,17769.597034824379,10661.758220894628
0.0059999999999999984,0.0049999999999999975,17298.760114660257,10379.256068796154
0.0064999999999999988,0.0049999999999999975,16817.075344862635,10090.24520691758
0.0069999999999999993,0.0049999999999999975,16326.196567018127,9795.7179402108759
0.0074999999999999997,0.0049999999999999975,15823.823461446686,9494.294076868011
0.0080000000000000002,0.0049999999999999975,15303.693991665272,9182.2163949991627
0.0085000000000000006,0.0049999999999999975,14756.280415028792,8853.7682490172756
0.0090000000000000011,0.0049999999999999975,14170.132756279143,8502.0796537674851
0.0095000000000000015,0.0049999999999999975,13533.692951652956,8120.2157709917738
0.010000000000000002,0.0049999999999999975,12837.309373641427,7702.3856241848553
0.010500000000000002,0.0049999999999999975,12075.134500407145,7245.0807002442862
0.011000000000000003,0.0049999999999999975,11246.598548892351,6747.9591293354106
0.011500000000000003,0.0049999999999999975,10357.217874417216,6214.3307246503291
0.012000000000000004,0.0049999999999999975,9418.6062338397023,5651.1637403038212
0.012499999999999997,0.0049999999999999975,8447.6881409531652,5068.6128845718986
0.013000000000000005,0.0049999999999999975,7465.2409810511126,4479.1445886306674
0.013499999999999998,0.0049999999999999975,6493.9924120249188,3896.3954472149512
0.014000000000000005,0.0049999999999999975,5556.554779478518,3333.9328676871105
0.014499999999999999,0.0049999999999999975,4673.4818573381017,2804.089114402861
0.014999999999999999,0.0049999999999999975,3861.6891156208048,2317.0134693724826
0.0155,0.0049999999999999975,3133.3998822291655,1880.0399293374992
0.016000000000000007,0.0049999999999999975,2495.6844862873077,1497.4106917723846
0.016500000000000001,0.0049999999999999975,1950.5668203194255,1170.3400921916552
0.017000000000000001,0.0049999999999999975,1495.5985024790934,897.35910148745609
0.017500000000000002,0.0049999999999999975,1124.7546645361149,674.85279872166893
0.017999999999999995,0.0049999999999999975,829.49003569503259,497.69402141701954
0.018500000000000003,0.0049999999999999975,599.80589600831763,359.88353760499058
0.019000000000000003,0.0049999999999999975,425.2098345629251,255.12590073775505
0.019500000000000003,0.0049999999999999975,295.49148488184562,177.29489092910737
0.019999999999999997,0.0049999999999999975,201.27945991444304,120.76767594866581
0.020499999999999997,0.0049999999999999975,134.3806608569125,80.628396514147497
0.021000000000000005,0.0049999999999999975,87.928993927679741,52.757396356607842
0.021500000000000005,0.0049999999999999975,56.385173131412827,33.831103878847692
0.021999999999999999,0.0049999999999999975,35.433838915252196,21.260303349151318
0.022499999999999999,0.0049999999999999975,21.821161867749783,13.09269712064987
0.023000000000000007,0.0049999999999999975,13.168375994678128,7.9010255968068765
0.023500000000000007,0.0049999999999999975,7.7870245591408613,4.6722147354845163
0.024,0.0049999999999999975,4.512194268382598,2.7073165610295589
0.024500000000000001,0.0049999999999999975,2.5619712794451743,1.5371827676671046
0.025000000000000001,0.0049999999999999975,1.4253626635133321,0.85521759810799924
-0.025000000000000001,0.0055000000000000014,4.0852324823115627,2.4511394893869376
-0.024500000000000001,0.0055000000000000014,7.0423492976721587,4.225409578603295
-0.024,0.0055000000000000014,11.907149739443991,7.1442898436663942
-0.0235,0.0055000000000000014,19.746857037933509,11.848114222760104
-0.023,0.0055000000000000014,32.121700367696064,19.273020220617639
-0.022500000000000003,0.0055000000000000014,51.253092241519134,30.75185534491148
-0.022000000000000002,0.0055000000000000014,80.218325924797412,48.130995554878446
-0.021500000000000002,0.0055000000000000014,123.16028026027294,73.896168156163768
-0.021000000000000001,0.0055000000000000014,185.49140825586662,111.29484495351997
-0.020500000000000001,0.0055000000000000014,274.06074136464645,164.43644481878786
-0.02,0.0055000000000000014,397.2422782494528,238.34536694967167
-0.0195,0.0055000000000000014,564.89525501142032,338.93715300685216
-0.019,0.0055000000000000014,788.14434825803551,472.88660895482127
-0.018500000000000003,0.0055000000000000014,1078.9339652435744,647.36037914614462
-0.018000000000000002,0.0055000000000000014,1449.3280259040725,869.59681554244355
-0.017500000000000002,0.0055000000000000014,1910.5562125935169,1146.33372755611
-0.017000000000000001,0.0055000000000000014,2471.8483838455772,1483.1090303073463
-0.016500000000000001,0.0055000000000000014,3139.1465399742901,1883.4879239845741
-0.016,0.0055000000000000014,3913.8310931066362,2348.2986558639818
-0.0155,0.0055000000000000014,4791.6355040902872,2874.9813024541722
-0.015000000000000001,0.0055000000000000014,5761.9400247601898,3457.1640148561137
-0.014500000000000001,0.0055000000000000014,6807.6222157701122,4084.5733294620672
-0.014,0.0055000000000000014,7905.5940847573675,4743.3564508544205
-0.0135,0.0055000000000000014,9028.074477547596,5416.8446865285578
-0.012999999999999999,0.0055000000000000014,10144.539719037053,6086.7238314222313
-0.012500000000000001,0.0055000000000000014,11224.181527430534,6734.5089164583196
-0.012,0.0055000000000000014,12238.599741981256,7343.159845188753
-0.0115,0.0055000000000000014,13164.389945052495,7898.6339670314965
-0.010999999999999999,0.0055000000000000014,13985.269994673676,8391.161996804205
-0.010499999999999999,0.0055000000000000014,14693.433484540625,8816.0600907243752
-0.010000000000000002,0.0055000000000000014,15289.919238444661,9173.9515430667961
-0.0095000000000000015,0.0055000000000000014,15783.929094738975,9470.3574568433851
-0.0090000000000000011,0.0055000000000000014,16191.186823340955,9714.7120940045734
-0.0085000000000000006,0.0055000000000000014,16531.579732454382,9918.9478394726284
-0.0080000000000000002,0.0055000000000000014,16826.433570192406,10095.860142115444
-0.0074999999999999997,0.0055000000000000014,17095.820424207937,10257.492254524763
-0.0069999999999999993,0.0055000000000000014,17356.280004072891,10413.768002443734
-0.0064999999999999988,0.0055000000000000014,17619.251904646069,10571.551142787641
-0.0059999999999999984,0.0055000000000000014,17890.38715456994,10734.232292741965
-0.0054999999999999979,0.0055000000000000014,18169.756604570088,10901.853962742052
-0.005000000000000001,0.0055000000000000014,18452.829273117321,11071.697563870392
-0.0044999999999999971,0.0055000000000000014,18731.980601486357,11239.188360891814
-0.0040000000000000001,0.0055000000000000014,18998.22634227699,11398.935805366194
-0.0035000000000000031,0.0055000000000000014,19242.870233123409,11545.722139874046
-0.0029999999999999992,0.0055000000000000014,19458.799914389961,11675.279948633977
-0.0025000000000000022,0.0055000000000000014,19641.253836381085,11784.75230182865
-0.0019999999999999983,0.0055000000000000014,19787.993922935955,11872.796353761572
-0.0015000000000000013,0.0055000000000000014,19898.933462891036,11939.360077734622
-0.00099999999999999742,0.0055000000000000014,19975.366894688221,11985.220136812932
-0.00050000000000000044,0.0055000000000000014,20019.011743266514,12011.407045959908
0,0.0055000000000000014,20031.09339583162,12018.656037498971
0.00050000000000000044,0.0055000000000000014,20011.67892468243,12007.007354809457
0.0010000000000000009,0.0055000000000000014,19959.402913596005,11975.641748157603
0.0015000000000000013,0.0055000000000000014,19871.639018847294,11922.983411308376
0.0020000000000000018,0.0055000000000000014,19745.072989522694,11847.043793713616
0.0024999999999999988,0.0055000000000000014,19576.54467923256,11745.926807539536
0.0030000000000000027,0.0055000000000000014,19363.964970428751,11618.378982257251
0.0034999999999999996,0.0055000000000000014,19107.090507670353,11464.254304602211
0.0040000000000000036,0.0055000000000000014,18807.959782545007,11284.775869527004
0.0045000000000000005,0.0055000000000000014,18470.855581341009,11082.513348804605
0.0049999999999999975,0.0055000000000000014,18101.750617819016,10861.05037069141
0.0055000000000000014,0.0055000000000000014,17707.298824667625,10624.379294800574
0.0059999999999999984,0.0055000000000000014,17293.534446281625,10376.120667768975
0.0064999999999999988,0.0055000000000000014,16864.515056617784,10118.70903397067
0.0069999999999999993,0.0055000000000000014,16421.176990948607,9852.7061945691639
0.0074999999999999997,0.0055000000000000014,15960.653555757799,9576.3921334546794
0.0080000000000000002,0.0055000000000000014,15476.238190045777,9285.7429140274653
0.0085000000000000006,0.0055000000000000014,14958.06684165652,8974.8401049939112
0.0090000000000000011,0.0055000000000000014,14394.46512128177,8636.6790727690623
0.0095000000000000015,0.0055000000000000014,13773.780515375014,8264.2683092250081
0.010000000000000002,0.0055000000000000014,13086.422821396298,7851.853692837778
0.010500000000000002,0.0055000000000000014,12326.78703561367,7396.072221368202
0.011000000000000003,0.0055000000000000014,11494.742927785652,6896.8457566713905
0.011500000000000003,0.0055000000000000014,10596.44330530614,6357.865983183684
0.012000000000000004,0.0055000000000000014,9644.3154174173014,5786.5892504503809
0.012499999999999997,0.0055000000000000014,8656.2348873222254,5193.7409323933352
0.013000000000000005,0.0055000000000000014,7654.0126510822201,4592.4075906493317
0.013499999999999998,0.0055000000000000014,6661.4280258736562,3996.8568155241937
0.014000000000000005,0.0055000000000000014,5702.0976608806677,3421.2585965284006
0.014499999999999999,0.0055000000000000014,4797.4736198099472,2878.4841718859684
0.014999999999999999,0.0055000000000000014,3965.2182831904151,2379.1309699142489
0.0155,0.0055000000000000014,3218.1225211335291,1930.8735126801173
0.016000000000000007,0.0055000000000000014,2563.635502342057,1538.1813014052341
0.016500000000000001,0.0055000000000000014,2003.9791999066179,1202.3875199439706
0.017000000000000001,0.0055000000000000014,1536.7443360049012,922.04660160294065
0.017500000000000002,0.0055000000000000014,1155.8171402847297,693.49028417083775
0.017999999999999995,0.0055000000000000014,852.47063277722282,511.48237966633366
0.018500000000000003,0.0055000000000000014,616.4665173432046,369.87991040592277
0.019000000000000003,0.0055000000000000014,437.04614437523651,262.22768662514187
0.019500000000000003,0.0055000000000000014,303.73150634340095,182.23890380604055
0.019999999999999997,0.0055000000000000014,206.90054179400852,124.14032507640511
0.020499999999999997,0.0055000000000000014,138.13803676415631,82.882822058493787
0.021000000000000005,0.0055000000000000014,90.390024641151058,54.234014784690636
0.021500000000000005,0.0055000000000000014,57.964646613131691,34.778787967879012
0.021999999999999999,0.0055000000000000014,36.427107074438503,21.856264244663102
0.022499999999999999,0.0055000000000000014,22.433196658946464,13.459917995367878
0.023000000000000007,0.0055000000000000014,13.537896208506941,8.1227377251041641
0.023500000000000007,0.0055000000000000014,8.0056246324689688,4.8033747794813815
0.024,0.0055000000000000014,4.6389041020866202,2.7833424612519719
0.024500000000000001,0.0055000000000000014,2.6339354762923253,1.580361285775395
0.025000000000000001,0.0055000000000000014,1.4654094153403434,0.879245649204206
-0.025000000000000001,0.0059999999999999984,3.5496735614828148,2.1298041368896889
-0.024500000000000001,0.0059999999999999984,6.142606084858067,3.68556365091484
-0.024,0.0059999999999999984,10.426287521735924,6.2557725130415545
-0.0235,0.0059999999999999984,17.359096318441228,10.415457791064737
-0.023,0.0059999999999999984,28.349960385379369,17.009976231227622
-0.022500000000000003,0.0059999999999999984,45.41647163875939,27.249882983255635
-0.022000000000000002,0.0059999999999999984,71.370367651751948,42.82222059105117
-0.021500000000000002,0.0059999999999999984,110.0207875532064,66.012472531923834
-0.021000000000000001,0.0059999999999999984,166.37708977692955,99.826253866157728
-0.020500000000000001,0.0059999999999999984,246.82288617744155,148.09373170646492
-0.02,0.0059999999999999984,359.22262826022819,215.5335769561369
-0.0195,0.0059999999999999984,512.91369432259614,307.74821659355769
-0.019,0.0059999999999999984,718.5332560712726,431.11995364276356
-0.018500000000000003,0.0059999999999999984,987.63332357945569,592.57999414767335
-0.018000000000000002,0.0059999999999999984,1332.0519869837772,799.23119219026626
-0.017500000000000002,0.0059999999999999984,1763.0354675403789,1057.8212805242274
-0.017000000000000001,0.0059999999999999984,2290.1434803461361,1374.0860882076815
-0.016500000000000001,0.0059999999999999984,2920.016040407952,1752.0096242447712
-0.016,0.0059999999999999984,3655.1265569369698,2193.075934162182
-0.0155,0.0059999999999999984,4492.684639607648,2695.6107837645886
-0.015000000000000001,0.0059999999999999984,5423.8721275668449,3254.3232765401067
-0.014500000000000001,0.0059999999999999984,6433.5881494337846,3860.1528896602704
-0.014,0.0059999999999999984,7500.837880909794,4500.5027285458764
-0.0135,0.0059999999999999984,8599.82543635199,5159.8952618111934
-0.012999999999999999,0.0059999999999999984,9701.7117439611629,5821.0270463766974
-0.012500000000000001,0.0059999999999999984,10776.888206632322,6466.1329239793931
-0.012,0.0059999999999999984,11797.516382859398,7078.5098297156383
-0.0115,0.0059999999999999984,12740.014005578165,7644.0084033468984
-0.010999999999999999,0.0059999999999999984,13587.146024008463,8152.2876144050779
-0.010499999999999999,0.0059999999999999984,14329.415522507023,8597.6493135042128
-0.010000000000000002,0.0059999999999999984,14965.541621161443,8979.3249726968661
-0.0095000000000000015,0.0059999999999999984,15501.946163567631,9301.1676981405781
-0.0090000000000000011,0.0059999999999999984,15951.324784258575,9570.7948705551444
-0.0085000000000000006,0.0059999999999999984,16330.522394283849,9798.3134365703099
-0.0080000000000000002,0.0059999999999999984,16658.040818403202,9994.8244910419216
-0.0074999999999999997,0.0059999999999999984,16951.556861577228,10170.934116946337
-0.0069999999999999993,0.0059999999999999984,17225.813494907521,10335.488096944513
-0.0064999999999999988,0.0059999999999999984,17491.169328291784,10494.70159697507
-0.0059999999999999984,0.0059999999999999984,17752.968219116839,10651.780931470103
-0.0054999999999999979,0.0059999999999999984,18011.746050708192,10807.047630424915
-0.005000000000000001,0.0059999999999999984,18264.152558954367,10958.491535372619
-0.0044999999999999971,0.0059999999999999984,18504.357114075505,11102.614268445303
-0.0040000000000000001,0.0059999999999999984,18725.645978203705,11235.387586922223
-0.0035000000000000031,0.0059999999999999984,18921.912369099988,11353.147421459993
-0.0029999999999999992,0.0059999999999999984,19088.786929408696,11453.272157645217
-0.0025000000000000022,0.0059999999999999984,19224.243209793029,11534.545925875816
-0.0019999999999999983,0.0059999999999999984,19328.62258707537,11597.173552245222
-0.0015000000000000013,0.0059999999999999984,19404.135012139217,11642.48100728353
-0.00099999999999999742,0.0059999999999999984,19453.986376143257,11672.391825685954
-0.00050000000000000044,0.0059999999999999984,19481.344431462938,11688.806658877762
0,0.0059999999999999984,19488.373850394357,11693.024310236613
0.00050000000000000044,0.0059999999999999984,19475.545543946777,11685.327326368066
0.0010000000000000009,0.0059999999999999984,19441.361853989551,11664.81711239373
0.0015000000000000013,0.0059999999999999984,19382.550213741328,11629.530128244796
0.0020000000000000018,0.0059999999999999984,19294.680159331107,11576.808095598664
0.0024999999999999988,0.0059999999999999984,19173.070373690931,11503.842224214559
0.0030000000000000027,0.0059999999999999984,19013.790232527917,11408.27413951675
0.0034999999999999996,0.0059999999999999984,18814.536010903132,11288.721606541878
0.0040000000000000036,0.0059999999999999984,18575.180728679188,11145.108437207513
0.0045000000000000005,0.0059999999999999984,18297.856080112364,10978.713648067418
0.0049999999999999975,0.0059999999999999984,17986.515030075916,10791.90901804555
0.0055000000000000014,0.0059999999999999984,17646.028473507038,10587.617084104222
0.0059999999999999984,0.0059999999999999984,17280.969399100904,10368.581639460543
0.0064999999999999988,0.0059999999999999984,16894.313694154644,10136.588216492786
0.0069999999999999993,0.0059999999999999984,16486.321971020869,9891.7931826125205
0.0074999999999999997,0.0059999999999999984,16053.852260443342,9632.3113562660055
0.0080000000000000002,0.0059999999999999984,15590.288896747647,9354.1733380485875
0.0085000000000000006,0.0059999999999999984,15086.168104820394,9051.7008628922358
0.0090000000000000011,0.0059999999999999984,14530.454087866776,8718.2724527200644
0.0095000000000000015,0.0059999999999999984,13912.294739789271,8347.3768438735624
0.010000000000000002,0.0059999999999999984,13222.98823351098,7933.7929401065876
0.010500000000000002,0.0059999999999999984,12457.840985311803,7474.704591187081
0.011000000000000003,0.0059999999999999984,11617.605096297641,6970.5630577785842
0.011500000000000003,0.0059999999999999984,10709.248681080962,6425.5492086485774
0.012000000000000004,0.0059999999999999984,9745.9228775007705,5847.5537265004623
0.012499999999999997,0.0059999999999999984,8746.1228818488817,5247.6737291093286
0.013000000000000005,0.0059999999999999984,7732.1708154066919,4639.3024892440153
0.013499999999999998,0.0059999999999999984,6728.2508969844203,4036.950538190652
0.014000000000000005,0.0059999999999999984,5758.2844878593878,3454.9706927156326
0.014499999999999999,0.0059999999999999984,4843.9367125309336,2906.3620275185599
0.014999999999999999,0.0059999999999999984,4003.0013999295606,2401.8008399577361
0.0155,0.0059999999999999984,3248.3302772637448,1948.9981663582469
0.016000000000000007,0.0059999999999999984,2587.374468722021,1552.4246812332126
0.016500000000000001,0.0059999999999999984,2022.3110663128311,1213.3866397876986
0.017000000000000001,0.0059999999999999984,1550.6511381924117,930.39068291544697
0.017500000000000002,0.0059999999999999984,1166.1780744135251,699.70684464811507
0.017999999999999995,0.0059999999999999984,860.04946213710787,516.02967728226474
0.018500000000000003,0.0059999999999999984,621.90810080085748,373.14486048051447
0.019000000000000003,0.0059999999999999984,440.88026792006093,264.52816075203657
0.019500000000000003,0.0059999999999999984,306.38203334419569,183.8292200065174
0.019999999999999997,0.0059999999999999984,208.69792801315413,125.21875680789248
0.020499999999999997,0.0059999999999999984,139.33345822662724,83.600074935976338
0.021000000000000005,0.0059999999999999984,91.169688981581587,54.701813388948949
0.021500000000000005,0.0059999999999999984,58.463239561354392,35.077943736812635
0.021999999999999999,0.0059999999999999984,36.739706958755178,22.043824175253107
0.022499999999999999,0.0059999999999999984,22.625326488446003,13.575195893067601
0.023000000000000007,0.0059999999999999984,13.653648359419233,8.1921890156515396
0.023500000000000007,0.0059999999999999984,8.0739782919095511,4.8443869751457305
0.024,0.0059999999999999984,4.6784651247209501,2.8070790748325698
0.024500000000000001,0.0059999999999999984,2.6563755744855277,1.5938253446913166
0.025000000000000001,0.0059999999999999984,1.4778836892257423,0.88673021353544534
-0.025000000000000001,0.0064999999999999988,3.066747306371139,1.8400483838226833
-0.024500000000000001,0.0064999999999999988,5.3281463329771501,3.1968877997862899
-0.024,0.0064999999999999988,9.080263153762667,5.4481578922576004
-0.0235,0.0064999999999999988,15.17921618173769,9.1075297090426144
-0.023,0.0064999999999999988,24.890484850668322,14.934290910400993
-0.022500000000000003,0.0064999999999999988,40.036413901511402,24.021848340906839
-0.022000000000000002,0.0064999999999999988,63.171327351798794,37.902796411079272
-0.021500000000000002,0.0064999999999999988,97.776373709899246,58.665824225939545
-0.021000000000000001,0.0064999999999999988,148.45823877255313,89.074943263531878
-0.020500000000000001,0.0064999999999999988,221.12625309324179,132.67575185594507
-0.02,0.0064999999999999988,323.11234398716545,193.86740639229927
-0.0195,0.0064999999999999988,463.18966169341337,277.91379701604802
-0.019,0.0064999999999999988,651.4411569380469,390.86469416282813
-0.018500000000000003,0.0064999999999999988,898.93187346154468,539.35912407692683
-0.018000000000000002,0.0064999999999999988,1217.1509769439135,730.29058616634813
-0.017500000000000002,0.0064999999999999988,1617.2132426044161,970.32794556264957
-0.017000000000000001,0.0064999999999999988,2108.8445722735282,1265.306743364117
-0.016500000000000001,0.0064999999999999988,2699.2190966541411,1619.5314579924845
-0.016,0.0064999999999999988,3391.7605116895911,2035.0563070137546
-0.0155,0.0064999999999999988,4185.0588714609439,2511.0353228765662
-0.015000000000000001,0.0064999999999999988,5072.0761657523517,3043.2456994514109
-0.014500000000000001,0.0064999999999999988,6039.810446595352,3623.8862679572112
-0.014,0.0064999999999999988,7069.5530829702038,4241.7318497821225
-0.0135,0.0064999999999999988,8137.8065596702572,4882.6839358021543
-0.012999999999999999,0.0064999999999999988,9217.8378005924933,5530.7026803554954
-0.012500000000000001,0.0064999999999999988,10281.738005118747,6169.0428030712474
-0.012,0.0064999999999999988,11302.763265468648,6781.6579592811886
-0.0115,0.0064999999999999988,12257.661122608299,7354.596673564979
-0.010999999999999999,0.0064999999999999988,13128.663971450693,7877.1983828704151
-0.010499999999999999,0.0064999999999999988,13904.860516328825,8342.9163097972942
-0.010000000000000002,0.0064999999999999988,14582.740257881676,8749.6441547290051
-0.0095000000000000015,0.0064999999999999988,15165.830712269339,9099.4984273616028
-0.0090000000000000011,0.0064999999999999988,15663.49067964095,9398.0944077845706
-0.0085000000000000006,0.0064999999999999988,16089.058329087746,9653.4349974526467
-0.0080000000000000002,0.0064999999999999988,16457.653967700255,9874.5923806201517
-0.0074999999999999997,0.0064999999999999988,16783.984643929001,10070.3907863574
-0.0069999999999999993,0.0064999999999999988,17080.482740859341,10248.289644515604
-0.0064999999999999988,0.0064999999999999988,17356.037675057254,10413.622605034352
-0.0059999999999999984,0.0064999999999999988,17615.464387692798,10569.278632615678
-0.0054999999999999979,0.0064999999999999988,17859.717810359445,10715.830686215666
-0.005000000000000001,0.0064999999999999988,18086.734669965619,10852.04080197937
-0.0044999999999999971,0.0064999999999999988,18292.685746347524,10975.611447808515
-0.0040000000000000001,0.0064999999999999988,18473.36876796556,11084.021260779335
-0.0035000000000000031,0.0064999999999999988,18625.470776165064,11175.282465699038
-0.0029999999999999992,0.0064999999999999988,18747.475480403573,11248.485288242144
-0.0025000000000000022,0.0064999999999999988,18840.074132801699,11304.044479681019
-0.0019999999999999983,0.0064999999999999988,18906.040662493317,11343.624397495989
-0.0015000000000000013,0.0064999999999999988,18949.634137429744,11369.780482457847
-0.00099999999999999742,0.0064999999999999988,18975.676303111075,11385.405781866644
-0.00050000000000000044,0.0064999999999999988,18988.505308001433,11393.103184800859
0,0.0064999999999999988,18991.02106045149,11394.612636270895
0.00050000000000000044,0.0064999999999999988,18984.012112908033,11390.407267744818
0.0010000000000000009,0.0064999999999999988,18965.894350824623,11379.536610494773
0.0015000000000000013,0.0064999999999999988,18932.909427736162,11359.745656641697
0.0020000000000000018,0.0064999999999999988,18879.740799049898,11327.844479429938
0.0024999999999999988,0.0064999999999999988,18800.423504047685,11280.254102428611
0.0030000000000000027,0.0064999999999999988,18689.36523261774,11213.619139570643
0.0034999999999999996,0.0064999999999999988,18542.271554856965,11125.362932914179
0.0040000000000000036,0.0064999999999999988,18356.7826608877,11014.069596532619
0.0045000000000000005,0.0064999999999999988,18132.681016129791,10879.608609677874
0.0049999999999999975,0.0064999999999999988,17871.610720927943,10722.966432556766
0.0055000000000000014,0.0064999999999999988,17576.346143143492,10545.807685886095
0.0059999999999999984,0.0064999999999999988,17249.74203555573,10349.845221333437
0.0064999999999999988,0.0064999999999999988,16893.571590087951,10136.14295405277
0.0069999999999999993,0.0064999999999999988,16507.497029810052,9904.4982178860319
0.0074999999999999997,0.0064999999999999988,16088.409518889757,9653.0457113338543
0.0080000000000000002,0.0064999999999999988,15630.319814039518,9378.1918884237111
0.0085000000000000006,0.0064999999999999988,15124.886050820041,9074.9316304920249
0.0090000000000000011,0.0064999999999999988,14562.54688247318,8737.5281294839078
0.0095000000000000015,0.0064999999999999988,13934.10929024832,8360.4655741489914
0.010000000000000002,0.0064999999999999988,13232.544671302796,7939.5268027816774
0.010500000000000002,0.0064999999999999988,12454.694513965123,7472.816708379074
0.011000000000000003,0.0064999999999999988,11602.58994294291,6961.5539657657455
0.011500000000000003,0.0064999999999999988,10684.148139909628,6410.4888839457772
0.012000000000000004,0.0064999999999999988,9713.1118286629953,5827.8670971977972
0.012499999999999997,0.0064999999999999988,8708.225022198294,5224.9350133189764
0.013000000000000005,0.0064999999999999988,7691.7637714310167,4615.0582628586099
0.013499999999999998,0.0064999999999999988,6687.6405556233376,4012.5843333740022
0.014000000000000005,0.0064999999999999988,5719.357492207243,3431.6144953243456
0.014499999999999999,0.0064999999999999988,4808.0890144049854,2884.8534086429913
0.014999999999999999,0.0064999999999999988,3971.1323443744059,2382.6794066246434
0.0155,0.0064999999999999988,3220.886536722739,1932.5319220336432
0.016000000000000007,0.0064999999999999988,2564.4262289723993,1538.6557373834396
0.016500000000000001,0.0064999999999999988,2003.6436826305737,1202.1862095783442
0.017000000000000001,0.0064999999999999988,1535.8582272002845,921.5149363201707
0.017500000000000002,0.0064999999999999988,1154.7457947040459,692.84747682242755
0.017999999999999995,0.0064999999999999988,851.42575416531884,510.8554524991913
0.018500000000000003,0.0064999999999999988,615.55428216602218,369.33256929961328
0.019000000000000003,0.0064999999999999988,436.3052294772105,261.78313768632631
0.019500000000000003,0.0064999999999999988,303.1612005179224,181.89672031075344
0.019999999999999997,0.0064999999999999988,206.48017226430093,123.88810335858055
0.020499999999999997,0.0064999999999999988,137.83942110770161,82.703652664620961
0.021000000000000005,0.0064999999999999988,90.184729707293556,54.110837824376134
0.021500000000000005,0.0064999999999999988,57.827655784367877,34.696593470620726
0.021999999999999999,0.0064999999999999988,36.338195259909007,21.802917155945405
0.022499999999999999,0.0064999999999999988,22.376981591937671,13.426188955162603
0.023000000000000007,0.0064999999999999988,13.503232226407379,8.1019393358444276
0.023500000000000007,0.0064999999999999988,7.9847592031823664,4.7908555219094193
0.024,0.0064999999999999988,4.6266352259820351,2.775981135589221
0.024500000000000001,0.0064999999999999988,2.6268844478257583,1.5761306686954548
0.025000000000000001,0.0064999999999999988,1.4614469685651148,0.87686818113906884
-0.025000000000000001,0.0069999999999999993,2.6354048057122328,1.5812428834273395
-0.024500000000000001,0.0069999999999999993,4.5972683017405167,2.7583609810443099
-0.024,0.0069999999999999993,7.8663806982629918,4.7198284189577953
-0.0235,0.0069999999999999993,13.203047511907325,7.9218285071443946
-0.023,0.0069999999999999993,21.736982390226231,13.042189434135738
-0.022500000000000003,0.0069999999999999993,35.103657895933601,21.062194737560159
-0.022000000000000002,0.0069999999999999993,55.607910831401192,33.364746498840717
-0.021500000000000002,0.0069999999999999993,86.408433576469335,51.845060145881597
-0.021000000000000001,0.0069999999999999993,131.70947246161333,79.025683476967998
-0.020500000000000001,0.0069999999999999993,196.93707722703908,118.16224633622345
-0.02,0.0069999999999999993,288.86760123363894,173.32056074018337
-0.0195,0.0069999999999999993,415.66757306482071,249.40054383889242
-0.019,0.0069999999999999993,586.79896046684883,352.07937628010927
-0.018500000000000003,0.0069999999999999993,812.74504259245248,487.64702555547149
-0.018000000000000002,0.0069999999999999993,1104.5222708643585,662.7133625186151
-0.017500000000000002,0.0069999999999999993,1472.9643965655173,883.77863793931033
-0.017000000000000001,0.0069999999999999993,1927.7967586977563,1156.6780552186538
-0.016500000000000001,0.0069999999999999993,2476.5584157343378,1485.9350494406026
-0.016,0.0069999999999999993,3123.4723547156991,1874.0834128294193
-0.0155,0.0069999999999999993,3868.4013587153163,2321.0408152291898
-0.015000000000000001,0.0069999999999999993,4706.049899545279,2823.6299397271673
-0.014500000000000001,0.0069999999999999993,5625.5718111587548,3375.3430866952526
-0.014,0.0069999999999999993,6610.7135551367528,3966.4281330820513
-0.0135,0.0069999999999999993,7640.562846556496,4584.337707933897
-0.012999999999999999,0.0069999999999999993,8690.8881380108724,5214.532882806523
-0.012500000000000001,0.0069999999999999993,9735.9585105742335,5841.5751063445396
-0.012,0.0069999999999999993,10750.643388272121,6450.3860329632726
-0.0115,0.0069999999999999993,11712.526243397362,7027.5157460384171
-0.010999999999999999,0.0069999999999999993,12603.742364737496,7562.2454188424972
-0.010499999999999999,0.0069999999999999993,13412.277003359555,8047.3662020157326
-0.010000000000000002,0.0069999999999999993,14132.535877847857,8479.5215267087133
-0.0095000000000000015,0.0069999999999999993,14765.113357546144,8859.0680145276856
-0.0090000000000000011,0.0069999999999999993,15315.813995340315,9189.488397204188
-0.0085000000000000006,0.0069999999999999993,15794.105210785747,9476.463126471448
-0.0080000000000000002,0.0069999999999999993,16211.26865430249,9726.7611925814945
-0.0074999999999999997,0.0069999999999999993,16578.557541413888,9947.1345248483321
-0.0069999999999999993,0.0069999999999999993,16905.650036820232,10143.390022092139
-0.0064999999999999988,0.0069999999999999993,17199.619562136115,10319.771737281668
-0.0059999999999999984,0.0069999999999999993,17464.537155867114,10478.722293520268
-0.0054999999999999979,0.0069999999999999993,17701.700828703892,10621.020497222335
-0.005000000000000001,0.0069999999999999993,17910.375863975867,10746.22551838552
-0.0044999999999999971,0.0069999999999999993,18088.848347005089,10853.309008203052
-0.0040000000000000001,0.0069999999999999993,18235.554727873488,10941.332836724092
-0.0035000000000000031,0.0069999999999999993,18350.056700439796,11010.034020263878
-0.0029999999999999992,0.0069999999999999993,18433.678070143149,11060.206842085889
-0.0025000000000000022,0.0069999999999999993,18489.696687037918,11093.818012222751
-0.0019999999999999983,0.0069999999999999993,18523.074149275846,11113.844489565507
-0.0015000000000000013,0.0069999999999999993,18539.792344688776,11123.875406813266
-0.00099999999999999742,0.0069999999999999993,18545.934600136665,11127.560760081999
-0.00050000000000000044,0.0069999999999999993,18546.689978058363,11128.013986835018
0,0.0069999999999999993,18545.467059185212,11127.280235511127
0.00050000000000000044,0.0069999999999999993,18543.278813155513,11125.967287893307
0.0010000000000000009,0.0069999999999999993,18538.508291768725,11123.104975061235
0.0015000000000000013,0.0069999999999999993,18527.09520122379,11116.257120734273
0.0020000000000000018,0.0069999999999999993,18503.107695724855,11101.864617434912
0.0024999999999999988,0.0069999999999999993,18459.594536926466,11075.75672215588
0.0030000000000000027,0.0069999999999999993,18389.561659966781,11033.736995980069
0.0034999999999999996,0.0069999999999999993,18286.893125796127,10972.135875477676
0.0040000000000000036,0.0069999999999999993,18147.044340864497,10888.226604518697
0.0045000000000000005,0.0069999999999999993,17967.375206252698,10780.425123751618
0.0049999999999999975,0.0069999999999999993,17747.057056431226,10648.234233858735
0.0055000000000000014,0.0069999999999999993,17486.569398713542,10491.941639228125
0.0059999999999999984,0.0069999999999999993,17186.886347062991,10312.131808237795
0.0064999999999999988,0.0069999999999999993,16848.522392969709,10109.113435781825
0.0069999999999999993,0.0069999999999999993,16470.648060111915,9882.3888360671481
0.0074999999999999997,0.0069999999999999993,16050.487559027926,9630.2925354167546
0.0080000000000000002,0.0069999999999999993,15583.169235240774,9349.9015411444634
0.0085000000000000006,0.0069999999999999993,15062.120383161075,9037.2722298966437
0.0090000000000000011,0.0069999999999999993,14479.994325185315,8687.9965951111881
0.0095000000000000015,0.0069999999999999993,13830.009317426309,8298.0055904557848
0.010000000000000002,0.0069999999999999993,13107.488066395301,7864.4928398371803
0.010500000000000002,0.0069999999999999993,12311.333183262885,7386.7999099577301
0.011000000000000003,0.0069999999999999993,11445.170333703009,6867.1022002218051
0.011500000000000003,0.0069999999999999993,10517.939284855833,6310.7635709134993
0.012000000000000004,0.0069999999999999993,9543.8043625286064,5726.282617517164
0.012499999999999997,0.0069999999999999993,8541.3715518643312,5124.8229311185987
0.013000000000000005,0.0069999999999999993,7532.3161064801079,4519.3896638880642
0.013499999999999998,0.0069999999999999993,6539.6190251819526,3923.7714151091714
0.014000000000000005,0.0069999999999999993,5585.6657405077012,3351.3994443046208
0.014499999999999999,0.0069999999999999993,4690.4677633185083,2814.2806579911048
0.014999999999999999,0.0069999999999999993,3870.2302110102878,2322.1381266061726
0.0155,0.0069999999999999993,3136.4164882191021,1881.8498929314612
0.016000000000000007,0.0069999999999999993,2495.3728376762924,1497.2237026057753
0.016500000000000001,0.0069999999999999993,1948.4882139559006,1169.0929283735404
0.017000000000000001,0.0069999999999999993,1492.7943006481598,895.6765803888959
0.017500000000000002,0.0069999999999999993,1121.8661926827197,673.11971560963173
0.017999999999999995,0.0069999999999999993,826.86928271315196,496.12156962789118
0.018500000000000003,0.0069999999999999993,597.60911513161761,358.56546907897058
0.019000000000000003,0.0069999999999999993,423.47105908678913,254.08263545207348
0.019500000000000003,0.0069999999999999993,294.17641613273958,176.50584967964375
0.019999999999999997,0.0069999999999999993,200.32224265162367,120.19334559097419
0.020499999999999997,0.0069999999999999993,133.70698989879313,80.224193939275878
0.021000000000000005,0.0069999999999999993,87.469116822207951,52.481470093324766
0.021500000000000005,0.0069999999999999993,56.079978731153957,33.647987238692373
0.021999999999999999,0.0069999999999999993,35.236607889357302,21.14196473361438
0.022499999999999999,0.0069999999999999993,21.696887335907316,13.01813240154439
0.023000000000000007,0.0069999999999999993,13.091954590563667,7.8551727543381995
0.023500000000000007,0.0069999999999999993,7.7411259549396849,4.644675572963811
0.024,0.0069999999999999993,4.4852545815921658,2.6911527489552993
0.024500000000000001,0.0069999999999999993,2.5465116476245484,1.527906988574729
0.025000000000000001,0.0069999999999999993,1.4166853739878968,0.85001122439273813
-0.025000000000000001,0.0074999999999999997,2.2525340265170799,1.3515204159102479
-0.024500000000000001,0.0074999999999999997,3.9450035144605824,2.3670021086763495
-0.024,0.0074999999999999997,6.7769184417512651,4.0661510650507591
-0.0235,0.0074999999999999997,11.418922539266465,6.8513535235598786
-0.023,0.0074999999999999997,18.872338442242548,11.323403065345529
-0.022500000000000003,0.0074999999999999997,30.593884390693994,18.356330634416395
-0.022000000000000002,0.0074999999999999997,48.646735540598144,29.188041324358885
-0.021500000000000002,0.0074999999999999997,75.872875866551695,45.523725519931013
-0.021000000000000001,0.0074999999999999997,116.0750848607185,69.645050916431103
-0.020500000000000001,0.0074999999999999997,174.18865469844908,104.51319281906945
-0.02,0.0074999999999999997,256.41389464670726,153.84833678802434
-0.0195,0.0074999999999999997,370.27219205663295,222.16331523397977
-0.019,0.0074999999999999997,524.54306050893967,314.72583630536377
-0.018500000000000003,0.0074999999999999997,729.03982867160209,437.42389720296126
-0.018000000000000002,0.0074999999999999997,994.18995035811008,596.51397021486605
-0.017500000000000002,0.0074999999999999997,1330.4041102280903,798.2424661368542
-0.017000000000000001,0.0074999999999999997,1747.2465289011423,1048.3479173406854
-0.016500000000000001,0.0074999999999999997,2252.4549906365619,1351.472994381937
-0.016,0.0074999999999999997,2850.8983088200252,1710.538985292015
-0.0155,0.0074999999999999997,3543.5939785195837,2126.1563871117501
-0.015000000000000001,0.0074999999999999997,4326.9310283137547,2596.1586169882526
-0.014500000000000001,0.0074999999999999997,5192.2443456272513,3115.3466073763507
-0.014,0.0074999999999999997,6125.8613748180451,3675.5168248908271
-0.0135,0.0074999999999999997,7109.6891636559039,4265.8134981935418
-0.012999999999999999,0.0074999999999999997,8122.3344710015235,4873.4006826009136
-0.012500000000000001,0.0074999999999999997,9140.6634388880211,5484.3980633328129
-0.012,0.0074999999999999997,10141.626150011562,6084.9756900069369
-0.0115,0.0074999999999999997,11104.112644553588,6662.467586732153
-0.010999999999999999,0.0074999999999999997,12010.585424120214,7206.3512544721279
-0.010499999999999999,0.0074999999999999997,12848.257263140205,7708.9543578841231
-0.010000000000000002,0.0074999999999999997,13609.651040448829,8165.790624269297
-0.0095000000000000015,0.0074999999999999997,14292.479097936484,8575.4874587618906
-0.0090000000000000011,0.0074999999999999997,14898.894136563265,8939.3364819379585
-0.0085000000000000006,0.0074999999999999997,15434.2688536025,9260.5613121614988
-0.0080000000000000002,0.0074999999999999997,15905.735912194476,9543.4415473166846
-0.0074999999999999997,0.0074999999999999997,16320.748552232839,9792.4491313397029
-0.0069999999999999993,0.0074999999999999997,16685.900451217509,10011.540270730506
-0.0064999999999999988,0.0074999999999999997,17006.177605681347,10203.706563408809
-0.0059999999999999984,0.0074999999999999997,17284.720500065203,10370.832300039121
-0.0054999999999999979,0.0074999999999999997,17523.07232650114,10513.843395900683
-0.005000000000000001,0.0074999999999999997,17721.799389274369,10633.079633564621
-0.0044999999999999971,0.0074999999999999997,17881.3095343602,10728.785720616119
-0.0040000000000000001,0.0074999999999999997,18002.672420040897,10801.603452024538
-0.0035000000000000031,0.0074999999999999997,18088.262068714888,10852.957241228933
-0.0029999999999999992,0.0074999999999999997,18142.090269259603,10885.254161555762
-0.0025000000000000022,0.0074999999999999997,18169.766876148413,10901.860125689047
-0.0019999999999999983,0.0074999999999999997,18178.095836407007,10906.857501844204
-0.0015000000000000013,0.0074999999999999997,18174.380861412767,10904.628516847659
-0.00099999999999999742,0.0074999999999999997,18165.562173398073,10899.337304038843
-0.00050000000000000044,0.0074999999999999997,18157.329996653989,10894.397997992393
0,0.0074999999999999997,18153.359971276281,10892.015982765768
0.00050000000000000044,0.0074999999999999997,18154.792607959025,10892.875564775415
0.0010000000000000009,0.0074999999999999997,18160.038127673299,10896.022876603978
0.0015000000000000013,0.0074999999999999997,18164.936114763481,10898.961668858088
0.0020000000000000018,0.0074999999999999997,18163.243826914178,10897.946296148506
0.0024999999999999988,0.0074999999999999997,18147.375447542021,10888.425268525212
0.0030000000000000027,0.0074999999999999997,18109.274359260577,10865.564615556346
0.0034999999999999996,0.0074999999999999997,18041.277960705273,10824.766776423163
0.0040000000000000036,0.0074999999999999997,17936.834132599699,10762.100479559818
0.0045000000000000005,0.0074999999999999997,17790.95196359928,10674.571178159567
0.0049999999999999975,0.0074999999999999997,17600.314996774923,10560.188998064954
0.0055000000000000014,0.0074999999999999997,17363.047210760742,10417.828326456445
0.0059999999999999984,0.0074999999999999997,17078.190460190101,10246.914276114059
0.0064999999999999988,0.0074999999999999997,16745.014626685203,10047.008776011122
0.0069999999999999993,0.0074999999999999997,16362.325036536477,9817.3950219218859
0.0074999999999999997,0.0074999999999999997,15927.944673905367,9556.7668043432204
0.0080000000000000002,0.0074999999999999997,15438.525322666312,9263.1151935997859
0.0085000000000000006,0.0074999999999999997,14889.783295327225,8933.8699771963347
0.0090000000000000011,0.0074999999999999997,14277.171222990592,8566.3027337943549
0.0095000000000000015,0.0074999999999999997,13596.903689656054,8158.1422137936315
0.010000000000000002,0.0074999999999999997,12847.171124452841,7708.3026746717042
0.010500000000000002,0.0074999999999999997,12029.322241685879,7217.5933450115272
0.011000000000000003,0.0074999999999999997,11148.783764696485,6689.2702588178909
0.011500000000000003,0.0074999999999999997,10215.52134800917,6129.3128088055018
0.012000000000000004,0.0074999999999999997,9243.92117597174,5546.3527055830436
0.012499999999999997,0.0074999999999999997,8252.0721422183578,4951.2432853310147
0.013000000000000005,0.0074999999999999997,7260.5328112086381,4356.3196867251827
0.013499999999999998,0.0074999999999999997,6290.7541412510345,3774.4524847506204
0.014000000000000005,0.0074999999999999997,5363.3814564592267,3218.0288738755357
0.014499999999999999,0.0074999999999999997,4496.668931604002,2698.0013589624009
0.014999999999999999,0.0074999999999999997,3705.2081010691581,2223.1248606414947
0.0155,0.0074999999999999997,2999.1083883543879,1799.4650330126326
0.016000000000000007,0.0074999999999999997,2383.687646411332,1430.2125878467991
0.016500000000000001,0.0074999999999999997,1859.6509491144036,1115.7905694686422
0.017000000000000001,0.0074999999999999997,1423.6707561752905,854.20245370517432
0.017500000000000002,0.0074999999999999997,1069.240361560072,641.5442169360432
0.017999999999999995,0.0074999999999999997,787.65828937971446,472.59497362782867
0.018500000000000003,0.0074999999999999997,569.01136749611226,341.40682049766735
0.019000000000000003,0.0074999999999999997,403.05190357685831,241.83114214611498
0.019500000000000003,0.0074999999999999997,279.9012199938179,167.94073199629074
0.019999999999999997,0.0074999999999999997,190.54959366568485,114.32975619941091
0.020499999999999997,0.0074999999999999997,127.1550713515992,76.29304281095952
0.021000000000000005,0.0074999999999999997,83.166978258582972,49.900186955149785
0.021500000000000005,0.0074999999999999997,53.313110903027805,31.987866541816683
0.021999999999999999,0.0074999999999999997,33.493579578080073,20.096147746848043
0.022499999999999999,0.0074999999999999997,20.621282941108387,12.372769764665032
0.023000000000000007,0.0074999999999999997,12.44175052544194,7.4650503152651631
0.023500000000000007,0.0074999999999999997,7.3560823054710651,4.4136493832826389
0.024,0.0074999999999999997,4.2618740422536767,2.5571244253522059
0.024500000000000001,0.0074999999999999997,2.4195519756267485,1.4517311853760491
0.025000000000000001,0.0074999999999999997,1.3459918344928421,0.80759510069570528
-0.025000000000000001,0.0080000000000000002,1.9139913549119512,1.1483948129471706
-0.024500000000000001,0.0080000000000000002,3.3648207581360698,2.0188924548816418
-0.024,0.0080000000000000002,5.8018825356762882,3.4811295214057729
-0.0235,0.0080000000000000002,9.8120272747882318,5.8872163648729385
-0.023,0.0080000000000000002,16.275342996643136,9.7652057979858817
-0.022500000000000003,0.0080000000000000002,26.477884035476297,15.886730421285778
-0.022000000000000002,0.0080000000000000002,42.249352833443886,25.34961170006633
-0.021500000000000002,0.0080000000000000002,66.121813562604714,39.673088137562829
-0.021000000000000001,0.0080000000000000002,101.49964644090849,60.89978786454509
-0.020500000000000001,0.0080000000000000002,152.82350793201556,91.694104759209338
-0.02,0.0080000000000000002,225.70277182413508,135.42166309448103
-0.0195,0.0080000000000000002,326.98314304753762,196.18988582852256
-0.019,0.0080000000000000002,464.71082539555584,278.82649523733352
-0.018500000000000003,0.0080000000000000002,647.9541588070349,388.77249528422095
-0.018000000000000002,0.0080000000000000002,886.45036938435283,531.8702216306117
-0.017500000000000002,0.0080000000000000002,1190.0606785458037,714.03640712748222
-0.017000000000000001,0.0080000000000000002,1568.0417669691469,940.82506018148808
-0.016500000000000001,0.0080000000000000002,2028.1736737699846,1216.9042042619908
-0.016,0.0080000000000000002,2575.8193938276991,1545.4916362966194
-0.0155,0.0080000000000000002,3213.023265532383,1927.8139593194296
-0.015000000000000001,0.0080000000000000002,3937.7759768868236,2362.6655861320942
-0.014500000000000001,0.0080000000000000002,4743.5762301798004,2846.1457381078803
-0.014,0.0080000000000000002,5619.3976893232748,3371.6386135939647
-0.0135,0.0080000000000000002,6550.1239508590133,3930.0743705154077
-0.012999999999999999,0.0080000000000000002,7517.4486206943147,4510.4691724165887
-0.012500000000000001,0.0080000000000000002,8501.1623941737962,5100.6974365042779
-0.012,0.0080000000000000002,9480.6786332470656,5688.407179948239
-0.0115,0.0080000000000000002,10436.598756916699,6261.9592541500197
-0.010999999999999999,0.0080000000000000002,11352.10165879878,6811.2609952792673
-0.010499999999999999,0.0080000000000000002,12213.963994622638,7328.3783967735826
-0.010000000000000002,0.0080000000000000002,13013.078622928519,7807.8471737571108
-0.0095000000000000015,0.0080000000000000002,13744.425915076083,8246.6555490456485
-0.0090000000000000011,0.0080000000000000002,14406.549407042483,8643.929644225489
-0.0085000000000000006,0.0080000000000000002,15000.672861802153,9000.4037170812917
-0.0080000000000000002,0.0080000000000000002,15529.651945830756,9317.7911674984534
-0.0074999999999999997,0.0080000000000000002,15996.968856370879,9598.1813138225261
-0.0069999999999999993,0.0080000000000000002,16405.950441621564,9843.5702649729374
-0.0064999999999999988,0.0080000000000000002,16759.327629080286,10055.596577448172
-0.0059999999999999984,0.0080000000000000002,17059.171933342139,10235.503160005283
-0.0054999999999999979,0.0080000000000000002,17307.162494772536,10384.297496863521
-0.005000000000000001,0.0080000000000000002,17505.072130813565,10503.04327848814
-0.0044999999999999971,0.0080000000000000002,17655.325361598188,10593.195216958913
-0.0040000000000000001,0.0080000000000000002,17761.479556660404,10656.887733996242
-0.0035000000000000031,0.0080000000000000002,17828.508583917202,10697.10515035032
-0.0029999999999999992,0.0080000000000000002,17862.816996307865,10717.690197784719
-0.0025000000000000022,0.0080000000000000002,17871.969414197556,10723.181648518534
-0.0019999999999999983,0.0080000000000000002,17864.172410382234,10718.503446229341
-0.0015000000000000013,0.0080000000000000002,17847.586024155673,10708.551614493403
-0.00099999999999999742,0.0080000000000000002,17829.564518986728,10697.738711392036
-0.00050000000000000044,0.0080000000000000002,17815.930877682418,10689.558526609451
0,0.0080000000000000002,17810.379574132156,10686.227744479293
0.00050000000000000044,0.0080000000000000002,17814.081574428328,10688.448944656997
0.0010000000000000009,0.0080000000000000002,17825.538476088826,10695.323085653295
0.0015000000000000013,0.0080000000000000002,17840.702490408072,10704.421494244843
0.0020000000000000018,0.0080000000000000002,17853.347947603088,10712.008768561853
0.0024999999999999988,0.0080000000000000002,17855.650061207729,10713.390036724637
0.0030000000000000027,0.0080000000000000002,17838.900057894949,10703.34003473697
0.0034999999999999996,0.0080000000000000002,17794.265559186657,10676.559335511995
0.0040000000000000036,0.0080000000000000002,17713.495201937651,10628.097121162589
0.0045000000000000005,0.0080000000000000002,17589.470827773162,10553.682496663898
0.0049999999999999975,0.0080000000000000002,17416.531702295008,10449.919021377003
0.0055000000000000014,0.0080000000000000002,17190.532761274455,10314.319656764672
0.0059999999999999984,0.0080000000000000002,16908.648414589887,10145.189048753931
0.0064999999999999988,0.0080000000000000002,16568.986453578196,9941.3918721469181
0.0069999999999999993,0.0080000000000000002,16170.12174556862,9702.0730473411713
0.0074999999999999997,0.0080000000000000002,15710.684972529389,9426.4109835176332
0.0080000000000000002,0.0080000000000000002,15189.138856419537,9113.4833138517224
0.0085000000000000006,0.0080000000000000002,14603.840119258051,8762.3040715548304
0.0090000000000000011,0.0080000000000000002,13953.424424853667,8372.0546549121991
0.0095000000000000015,0.0080000000000000002,13237.475652173785,7942.4853913042707
0.010000000000000002,0.0080000000000000002,12457.36692111969,7474.4201526718134
0.010500000000000002,0.0080000000000000002,11617.10660219051,6970.2639613143056
0.011000000000000003,0.0080000000000000002,10724.002142033863,6434.4012852203177
0.011500000000000003,0.0080000000000000002,9788.9743785484025,5873.3846271290413
0.012000000000000004,0.0080000000000000002,8826.412011424929,5295.8472068549572
0.012499999999999997,0.0080000000000000002,7853.5380157142226,4712.1228094285334
0.013000000000000005,0.0080000000000000002,6889.3491036603491,4133.6094621962093
0.013499999999999998,0.0080000000000000002,5953.2665577341095,3571.9599346404657
0.014000000000000005,0.0080000000000000002,5063.6859857923619,3038.2115914754172
0.014499999999999999,0.0080000000000000002,4236.6259630920131,2541.9755778552076
0.014999999999999999,0.0080000000000000002,3484.6509847336133,2090.7905908401681
0.0155,0.0080000000000000002,2816.1904997462248,1689.7142998477348
0.016000000000000007,0.0080000000000000002,2235.3062512995848,1341.1837507797509
0.016500000000000001,0.0080000000000000002,1741.8896709887063,1045.1338025932237
0.017000000000000001,0.0080000000000000002,1332.2128099654633,799.32768597927793
0.017500000000000002,0.0080000000000000002,999.71894209035929,599.8313652542156
0.017999999999999995,0.0080000000000000002,735.92566913728206,441.55540148236923
0.018500000000000003,0.0080000000000000002,531.32198708417013,318.79319225050205
0.019000000000000003,0.0080000000000000002,376.1654668135393,225.69928008812357
0.019500000000000003,0.0080000000000000002,261.11884206651399,156.67130523990838
0.019999999999999997,0.0080000000000000002,177.69945787611834,106.619674725671
0.020499999999999997,0.0080000000000000002,118.54442451549862,71.126654709299174
0.021000000000000005,0.0080000000000000002,77.515513167979847,46.50930790078791
0.021500000000000005,0.0080000000000000002,49.679773428457672,29.807864057074603
0.021999999999999999,0.0080000000000000002,31.205408053985824,18.723244832391494
0.022499999999999999,0.0080000000000000002,19.209638398118983,11.52578303887139
0.023000000000000007,0.0080000000000000002,11.588592723085268,6.9531556338511606
0.023500000000000007,0.0080000000000000002,6.8509422506002444,4.1105653503601465
0.024,0.0080000000000000002,3.9688642829346295,2.3813185697607775
0.024500000000000001,0.0080000000000000002,2.2530389880353754,1.3518233928212251
0.025000000000000001,0.0080000000000000002,1.2532839792517803,0.75197038755106815
-0.025000000000000001,0.0085000000000000006,1.6154039677414007,0.96924238064484036
-0.024500000000000001,0.0085000000000000006,2.8499299245786731,1.7099579547472039
-0.024,0.0085000000000000006,4.9310753389685162,2.9586452033811095
-0.0235,0.0085000000000000006,8.3676029099119322,5.020561745947159
-0.023,0.0085000000000000006,13.925522300172659,8.3553133801035955
-0.022500000000000003,0.0085000000000000006,22.728662388786798,13.637197433272078
-0.022000000000000002,0.0085000000000000006,36.382417866736112,21.829450720041667
-0.021500000000000002,0.0085000000000000006,57.117716124357678,34.270629674614604
-0.021000000000000001,0.0085000000000000006,87.947120640764581,52.768272384458747
-0.020500000000000001,0.0085000000000000006,132.81839917854472,79.691039507126831
-0.02,0.0085000000000000006,196.74344947986702,118.04606968792021
-0.0195,0.0085000000000000006,285.87336200431116,171.52401720258669
-0.019,0.0085000000000000006,407.48533327795798,244.49119996677479
-0.018500000000000003,0.0085000000000000006,569.84622991710762,341.90773795026456
-0.018000000000000002,0.0085000000000000006,781.92294917549236,469.15376950529537
-0.017500000000000002,0.0085000000000000006,1052.9228672115551,631.75372032693303
-0.017000000000000001,0.0085000000000000006,1391.6689169681315,835.00135018087883
-0.016500000000000001,0.0085000000000000006,1805.8416637392263,1083.5049982435357
-0.016,0.0085000000000000006,2301.1514678058611,1380.6908806835165
-0.0155,0.0085000000000000006,2880.531796880236,1728.3190781281417
-0.015000000000000001,0.0085000000000000006,3543.4631947724847,2126.0779168634908
-0.014500000000000001,0.0085000000000000006,4285.5398369447294,2571.3239021668373
-0.014,0.0085000000000000006,5098.372605243314,3059.0235631459882
-0.0135,0.0085000000000000006,5969.8835919028197,3581.9301551416916
-0.012999999999999999,0.0085000000000000006,6884.9911828202985,4130.9947096921787
-0.012500000000000001,0.0085000000000000006,7826.6215017178429,4695.9729010307055
-0.012,0.0085000000000000006,8776.9235645821536,5266.1541387492916
-0.0115,0.0085000000000000006,9718.5252770330299,5831.1151662198181
-0.010999999999999999,0.0085000000000000006,10635.656058327648,6381.3936349965888
-0.010499999999999999,0.0085000000000000006,11514.984274557552,6908.9905647345304
-0.010000000000000002,0.0085000000000000006,12346.07097247007,7407.642583482042
-0.0095000000000000015,0.0085000000000000006,13121.415070301102,7872.8490421806609
-0.0090000000000000011,0.0085000000000000006,13836.143085832151,8301.6858514992909
-0.0085000000000000006,0.0085000000000000006,14487.46092744037,8692.4765564642221
-0.0080000000000000002,0.0085000000000000006,15074.021467616019,9044.4128805696109
-0.0074999999999999997,0.0085000000000000006,15595.361724655977,9357.2170347935862
-0.0069999999999999993,0.0085000000000000006,16051.528735780625,9630.9172414683744
-0.0064999999999999988,0.0085000000000000006,16442.953542389219,9865.772125433532
-0.0059999999999999984,0.0085000000000000006,16770.56392530926,10062.338355185555
-0.0054999999999999979,0.0085000000000000006,17036.065887262204,10221.639532357322
-0.005000000000000001,0.0085000000000000006,17242.285440805346,10345.371264483207
-0.0044999999999999971,0.0085000000000000006,17393.453339316959,10436.072003590174
-0.0040000000000000001,0.0085000000000000006,17495.33513527186,10497.201081163115
-0.0035000000000000031,0.0085000000000000006,17555.14932795749,10533.089596774493
-0.0029999999999999992,0.0085000000000000006,17581.265075773066,10548.759045463839
-0.0025000000000000022,0.0085000000000000006,17582.715281904544,10549.629169142727
-0.0019999999999999983,0.0085000000000000006,17568.591216299545,10541.154729779726
-0.0015000000000000013,0.0085000000000000006,17547.396925265239,10528.438155159143
-0.00099999999999999742,0.0085000000000000006,17526.436878220826,10515.862126932496
-0.00050000000000000044,0.0085000000000000006,17511.294243934579,10506.776546360747
0,0.0085000000000000006,17505.437250326591,10503.262350195955
0.00050000000000000044,0.0085000000000000006,17509.973659681207,10505.984195808724
0.0010000000000000009,0.0085000000000000006,17523.561887954842,10514.137132772905
0.0015000000000000013,0.0085000000000000006,17542.481405728606,10525.488843437162
0.0020000000000000018,0.0085000000000000006,17560.861486161601,10536.51689169696
0.0024999999999999988,0.0085000000000000006,17571.061660176514,10542.636996105908
0.0030000000000000027,0.0085000000000000006,17564.186031442667,10538.511618865599
0.0034999999999999996,0.0085000000000000006,17530.696443257832,10518.417865954698
0.0040000000000000036,0.0085000000000000006,17461.06959060529,10476.641754363174
0.0045000000000000005,0.0085000000000000006,17346.426730679301,10407.856038407581
0.0049999999999999975,0.0085000000000000006,17179.058874026887,10307.435324416132
0.0055000000000000014,0.0085000000000000006,16952.780796408762,10171.668477845256
0.0059999999999999984,0.0085000000000000006,16663.075341061849,9997.8452046371094
0.0064999999999999988,0.0085000000000000006,16307.031238364554,9784.2187430187314
0.0069999999999999993,0.0085000000000000006,15883.123872050559,9529.874323230335
0.0074999999999999997,0.0085000000000000006,15390.926898643047,9234.5561391858282
0.0080000000000000002,0.0085000000000000006,14830.861659753937,8898.516995852362
0.0085000000000000006,0.0085000000000000006,14204.083352741982,8522.4500116451891
0.0090000000000000011,0.0085000000000000006,13512.567320221913,8107.5403921331472
0.0095000000000000015,0.0085000000000000006,12759.402764882529,7655.6416589295168
0.010000000000000002,0.0085000000000000006,11949.238207914108,7169.5429247484644
0.010500000000000002,0.0085000000000000006,11088.769443533558,6653.2616661201346
0.011000000000000003,0.0085000000000000006,10187.131280384725,6112.2787682308344
0.011500000000000003,0.0085000000000000006,9256.0578292085465,5553.6346975251281
0.012000000000000004,0.0085000000000000006,8309.71290220224,4985.8277413213436
0.012499999999999997,0.0085000000000000006,7364.1540538281806,4418.4924322969082
0.013000000000000005,0.0085000000000000006,6436.4664046852477,3861.8798428111486
0.013499999999999998,0.0085000000000000006,5543.6687603841165,3326.2012562304699
0.014000000000000005,0.0085000000000000006,4701.5398394576096,2820.9239036745657
0.014499999999999999,0.0085000000000000006,3923.5275285373064,2354.1165171223838
0.014999999999999999,0.0085000000000000006,3219.8874220466905,1931.9324532280143
0.0155,0.0085000000000000006,2597.1542055847322,1558.2925233508392
0.016000000000000007,0.0085000000000000006,2057.9916220130922,1234.7949732078553
0.016500000000000001,0.0085000000000000006,1601.4067527915988,960.84405167495925
0.017000000000000001,0.0085000000000000006,1223.2638668935947,733.95832013615677
0.017500000000000002,0.0085000000000000006,917.00016261106509,550.20009756663899
0.017999999999999995,0.0085000000000000006,674.43352122468104,404.66011273480859
0.018500000000000003,0.0085000000000000006,486.55939793156739,291.9356387589404
0.019000000000000003,0.0085000000000000006,344.25524594971091,206.55314756982654
0.019500000000000003,0.0085000000000000006,238.83977865746024,143.30386719447614
0.019999999999999997,0.0085000000000000006,162.46436606335021,97.47861963801013
0.020499999999999997,0.0085000000000000006,108.33976503363955,65.003859020183725
0.021000000000000005,0.0085000000000000006,70.820092577120889,42.492055546272532
0.021500000000000005,0.0085000000000000006,45.376483718893013,27.225890231335807
0.021999999999999999,0.0085000000000000006,28.495956012198043,17.097573607318825
0.022499999999999999,0.0085000000000000006,17.538420757458777,10.523052454475266
0.023000000000000007,0.0085000000000000006,10.578722040639486,6.3472332243836913
0.023500000000000007,0.0085000000000000006,6.2530972185453297,3.7518583311271976
0.024,0.0085000000000000006,3.6221201768775582,2.173272106126535
0.024500000000000001,0.0085000000000000006,2.0560084865813884,1.2336050919488331
0.025000000000000001,0.0085000000000000006,1.1435939741920136,0.68615638451520811
-0.025000000000000001,0.0090000000000000011,1.3526949286492898,0.81161695718957383
-0.024500000000000001,0.0090000000000000011,2.3941106501603806,1.4364663900962282
-0.024,0.0090000000000000011,4.155365117641705,2.493219070585023
-0.0235,0.0090000000000000011,7.0728309486118635,4.2436985691671181
-0.023,0.0090000000000000011,11.805843112523734,7.0835058675142397
-0.022500000000000003,0.0090000000000000011,19.325172827350453,11.595103696410272
-0.022000000000000002,0.0090000000000000011,31.022617714751533,18.613570628850919
-0.021500000000000002,0.0090000000000000011,48.839570900173491,29.303742540104093
-0.021000000000000001,0.0090000000000000011,75.408034018603146,45.244820411161889
-0.020500000000000001,0.0090000000000000011,114.19182892113054,68.515097352678325
-0.02,0.0090000000000000011,169.60924608820295,101.76554765292177
-0.0195,0.0090000000000000011,247.11203846005446,148.26722307603268
-0.019,0.0090000000000000011,353.19100991939445,211.91460595163667
-0.018500000000000003,0.0090000000000000011,495.27728087852677,297.16636852711605
-0.018000000000000002,0.0090000000000000011,681.51247512430803,408.90748507458483
-0.017500000000000002,0.0090000000000000011,920.37191682510581,552.22315009506349
-0.017000000000000001,0.0090000000000000011,1220.1427456816773,732.08564740900636
-0.016500000000000001,0.0090000000000000011,1588.2823568721074,952.96941412326441
-0.016,0.0090000000000000011,2030.708600558356,1218.4251603350135
-0.0155,0.0090000000000000011,2551.0969019071554,1530.6581411442933
-0.015000000000000001,0.0090000000000000011,3150.2751069611481,1890.1650641766887
-0.014500000000000001,0.0090000000000000011,3825.8089530800585,2295.4853718480349
-0.014,0.0090000000000000011,4571.8560092493017,2743.1136055495808
-0.0135,0.0090000000000000011,5379.3334753402842,3227.6000852041702
-0.012999999999999999,0.0090000000000000011,6236.3993334944107,3741.8396000966463
-0.012500000000000001,0.0090000000000000011,7129.1950495855281,4277.5170297513168
-0.012,0.0090000000000000011,8042.7520771171685,4825.6512462703013
-0.0115,0.0090000000000000011,8961.9348361173015,5377.1609016703806
-0.010999999999999999,0.0090000000000000011,9872.2879421496837,5923.3727652898096
-0.010499999999999999,0.0090000000000000011,10760.678202672316,6456.4069216033895
-0.010000000000000002,0.0090000000000000011,11615.668408967354,6969.4010453804121
-0.0095000000000000015,0.0090000000000000011,12427.619891454095,7456.571934872456
-0.0090000000000000011,0.0090000000000000011,13188.579675587831,7913.147805352698
-0.0085000000000000006,0.0090000000000000011,13892.050980833455,8335.2305885000733
-0.0080000000000000002,0.0090000000000000011,14532.761638979122,8719.6569833874728
-0.0074999999999999997,0.0090000000000000011,15106.529778190472,9063.9178669142821
-0.0069999999999999993,0.0090000000000000011,15610.284328616814,9366.1705971700885
-0.0064999999999999988,0.0090000000000000011,16042.241448040675,9625.3448688244043
-0.0059999999999999984,0.0090000000000000011,16402.182782333748,9841.3096694002488
-0.0054999999999999979,0.0090000000000000011,16691.742943528316,10015.045766116989
-0.005000000000000001,0.0090000000000000011,16914.602062269056,10148.761237361434
-0.0044999999999999971,0.0090000000000000011,17076.497150415737,10245.898290249441
-0.0040000000000000001,0.0090000000000000011,17185.007238671482,10311.004343202889
-0.0035000000000000031,0.0090000000000000011,17249.119379054369,10349.471627432622
-0.0029999999999999992,0.0090000000000000011,17278.630689467413,10367.178413680447
-0.0025000000000000022,0.0090000000000000011,17283.472780214674,10370.083668128804
-0.0019999999999999983,0.0090000000000000011,17273.052015522389,10363.831209313434
-0.0015000000000000013,0.0090000000000000011,17255.682562029018,10353.409537217411
-0.00099999999999999742,0.0090000000000000011,17238.156459935853,10342.893875961512
-0.00050000000000000044,0.0090000000000000011,17225.457682858967,10335.274609715379
0,0.0090000000000000011,17220.597369088391,10332.358421453035
0.00050000000000000044,0.0090000000000000011,17224.533706323597,10334.720223794158
0.0010000000000000009,0.0090000000000000011,17236.144908201524,10341.686944920913
0.0015000000000000013,0.0090000000000000011,17252.243308002304,10351.345984801383
0.0020000000000000018,0.0090000000000000011,17267.643735623547,10360.586241374129
0.0024999999999999988,0.0090000000000000011,17275.319061130613,10365.191436678368
0.0030000000000000027,0.0090000000000000011,17266.680951184819,10360.00857071089
0.0034999999999999996,0.0090000000000000011,17232.01036717042,10339.206220302252
0.0040000000000000036,0.0090000000000000011,17161.032578090078,10296.619546854046
0.0045000000000000005,0.0090000000000000011,17043.593923826076,10226.156354295645
0.0049999999999999975,0.0090000000000000011,16870.364169861652,10122.21850191699
0.0055000000000000014,0.0090000000000000011,16633.47065268537,9980.0823916112222
0.0059999999999999984,0.0090000000000000011,16326.975971854508,9796.185583112705
0.0064999999999999988,0.0090000000000000011,15947.140344697862,9568.2842068187165
0.0069999999999999993,0.0090000000000000011,15492.456070304488,9295.4736421826929
0.0074999999999999997,0.0090000000000000011,14963.492344746161,8978.0954068476967
0.0080000000000000002,0.0090000000000000011,14362.629399224612,8617.5776395347675
0.0085000000000000006,0.0090000000000000011,13693.779474109026,8216.2676844654143
0.0090000000000000011,0.0090000000000000011,12962.182598630219,7777.3095591781312
0.0095000000000000015,0.0090000000000000011,12174.329823160866,7304.5978938965191
0.010000000000000002,0.0090000000000000011,11338.015421676899,6802.8092530061394
0.010500000000000002,0.0090000000000000011,10462.467390382844,6277.4804342297066
0.011000000000000003,0.0090000000000000011,9558.4674726907433,5735.0804836144462
0.011500000000000003,0.0090000000000000011,8638.3590634445427,5183.0154380667254
0.012000000000000004,0.0090000000000000011,7715.8576074810999,4629.5145644886597
0.012499999999999997,0.0090000000000000011,6805.619276867169,4083.3715661203014
0.013000000000000005,0.0090000000000000011,5922.5788639010398,3553.5473183406239
0.013499999999999998,0.0090000000000000011,5081.1226627046808,3048.6735976228083
0.014000000000000005,0.0090000000000000011,4294.2030210984258,2576.5218126590553
0.014499999999999999,0.0090000000000000011,3572.5188826956105,2143.5113296173663
0.014999999999999999,0.0090000000000000011,2923.8780250249729,1754.3268150149836
0.0155,0.0090000000000000011,2352.825383570178,1411.6952301421068
0.016000000000000007,0.0090000000000000011,1860.5763342647826,1116.3458005588695
0.016500000000000001,0.0090000000000000011,1445.244864001322,867.1469184007932
0.017000000000000001,0.0090000000000000011,1102.3143569892402,661.38861419354407
0.017500000000000002,0.0090000000000000011,825.27053321039045,495.16231992623426
0.017999999999999995,0.0090000000000000011,606.30507432896309,363.78304459737785
0.018500000000000003,0.0090000000000000011,437.00377181326758,262.20226308796055
0.019000000000000003,0.0090000000000000011,308.95065427998867,185.37039256799321
0.019500000000000003,0.0090000000000000011,214.2039318579186,128.52235911475117
0.019999999999999997,0.0090000000000000011,145.625112815275,87.375067689164993
0.020499999999999997,0.0090000000000000011,97.064800857487342,58.238880514492401
0.021000000000000005,0.0090000000000000011,63.424722835618468,38.054833701371081
0.021500000000000005,0.0090000000000000011,40.624553031130901,24.374731818678541
0.021999999999999999,0.0090000000000000011,25.504676938074734,15.30280616284484
0.022499999999999999,0.0090000000000000011,15.693703295569149,9.4162219773414897
0.023000000000000007,0.0090000000000000011,9.4641788828483975,5.6785073297090385
0.023500000000000007,0.0090000000000000011,5.5933693862392282,3.3560216317435367
0.024,0.0090000000000000011,3.2395251380712491,1.9437150828427494
0.024500000000000001,0.0090000000000000011,1.838625623160308,1.1031753738961847
0.025000000000000001,0.0090000000000000011,1.0225824333036457,0.61354945998218746
-0.025000000000000001,0.0095000000000000015,1.1223406043118793,0.67340436258712755
-0.024500000000000001,0.0095000000000000015,1.9920886381700011,1.1952531829020006
-0.024,0.0095000000000000015,3.4672066695060653,2.0803240017036391
-0.0235,0.0095000000000000015,5.9175025201242892,3.5505015120745735
-0.023,0.0095000000000000015,9.9034828454444312,5.9420897072666587
-0.022500000000000003,0.0095000000000000015,16.253033847188487,9.751820308313091
-0.022000000000000002,0.0095000000000000015,26.156991034630394,15.694194620778235
-0.021500000000000002,0.0095000000000000015,41.282141627126386,24.769284976275831
-0.021000000000000001,0.0095000000000000015,63.896511539680041,38.337906923808021
-0.020500000000000001,0.0095000000000000015,96.996948716607733,58.198169229964634
-0.02,0.0095000000000000015,144.42343855653323,86.654063133919934
-0.0195,0.0095000000000000015,210.9391035559654,126.56346213357924
-0.019,0.0095000000000000015,302.25069350777017,181.35041610466209
-0.018500000000000003,0.0095000000000000015,424.94310244458461,254.96586146675077
-0.018000000000000002,0.0095000000000000015,586.30460535338636,351.7827632120318
-0.017500000000000002,0.0095000000000000015,794.0282355524472,476.41694133146831
-0.017000000000000001,0.0095000000000000015,1055.7892653733061,633.47355922398367
-0.016500000000000001,0.0095000000000000015,1378.7180112809604,827.23080676857614
-0.016,0.0095000000000000015,1768.8085066400356,1061.2851039840214
-0.0155,0.0095000000000000015,2230.3229309942199,1338.1937585965318
-0.015000000000000001,0.0095000000000000015,2765.2642754642784,1659.158565278567
-0.014500000000000001,0.0095000000000000015,3372.9911331172243,2023.7946798703344
-0.014,0.0095000000000000015,4050.03598438265,2430.0215906295898
-0.0135,0.0095000000000000015,4790.1620436255971,2874.0972261753582
-0.012999999999999999,0.0095000000000000015,5584.6573382064789,3350.7944029238874
-0.012500000000000001,0.0095000000000000015,6422.8252007884776,3853.6951204730863
-0.012,0.0095000000000000015,7292.5967495712976,4375.5580497427782
-0.0115,0.0095000000000000015,8181.1719721470663,4908.7031832882394
-0.010999999999999999,0.0095000000000000015,9075.5976956712711,5445.3586174027623
-0.010499999999999999,0.0095000000000000015,9963.2140488481018,5977.9284293088613
-0.010000000000000002,0.0095000000000000015,10831.941095969516,6499.1646575817094
-0.0095000000000000015,0.0095000000000000015,11670.424027657506,7002.2544165945028
-0.0090000000000000011,0.0095000000000000015,12468.09572744519,7480.857436467114
-0.0085000000000000006,0.0095000000000000015,13215.2376294359,7929.1425776615397
-0.0080000000000000002,0.0095000000000000015,13903.116046851856,8341.8696281111133
-0.0074999999999999997,0.0095000000000000015,14524.241341575445,8714.5448049452662
-0.0069999999999999993,0.0095000000000000015,15072.749058096113,9043.6494348576671
-0.0064999999999999988,0.0095000000000000015,15544.849179176244,9326.9095075057467
-0.0059999999999999984,0.0095000000000000015,15939.247938796592,9563.548763277955
-0.0054999999999999979,0.0095000000000000015,16257.429591412203,9754.4577548473208
-0.005000000000000001,0.0095000000000000015,16503.699874472026,9902.2199246832151
-0.0044999999999999971,0.0095000000000000015,16684.936235762481,10010.961741457488
-0.0040000000000000001,0.0095000000000000015,16810.051188831858,10086.030713299115
-0.0035000000000000031,0.0095000000000000015,16889.237788009872,10133.542672805923
-0.0029999999999999992,0.0095000000000000015,16933.112833122843,10159.867699873705
-0.0025000000000000022,0.0095000000000000015,16951.891102818845,10171.134661691307
-0.0019999999999999983,0.0095000000000000015,16954.708045018582,10172.824827011149
-0.0015000000000000013,0.0095000000000000015,16949.16397355912,10169.498384135471
-0.00099999999999999742,0.0095000000000000015,16941.103151296695,10164.661890778016
-0.00050000000000000044,0.0095000000000000015,16934.58362573733,10160.750175442397
0,0.0095000000000000015,16931.954807794216,10159.172884676529
0.00050000000000000044,0.0095000000000000015,16933.950204504021,10160.370122702412
0.0010000000000000009,0.0095000000000000015,16939.724155692747,10163.834493415648
0.0015000000000000013,0.0095000000000000015,16946.806233460895,10168.083740076536
0.0020000000000000018,0.0095000000000000015,16951.00046242047,10170.600277452282
0.0024999999999999988,0.0095000000000000015,16946.301416716909,10167.780850030145
0.0030000000000000027,0.0095000000000000015,16924.920830760315,10154.952498456189
0.0034999999999999996,0.0095000000000000015,16877.508906384239,10126.505343830542
0.0040000000000000036,0.0095000000000000015,16793.615642589837,10076.169385553902
0.0045000000000000005,0.0095000000000000015,16662.379816234046,9997.4278897404274
0.0049999999999999975,0.0095000000000000015,16473.373108266405,9884.0238649598432
0.0055000000000000014,0.0095000000000000015,16217.481708624633,9730.4890251747802
0.0059999999999999984,0.0095000000000000015,15887.690795488996,9532.6144772933967
0.0064999999999999988,0.0095000000000000015,15479.653737666209,9287.7922425997258
0.0069999999999999993,0.0095000000000000015,14991.973283125977,8995.1839698755866
0.0074999999999999997,0.0095000000000000015,14426.183713450471,8655.710228070282
0.0080000000000000002,0.0095000000000000015,13786.483893322533,8271.8903359935193
0.0085000000000000006,0.0095000000000000015,13079.314932796267,7847.5889596777597
0.0090000000000000011,0.0095000000000000015,12312.891877331826,7387.735126399095
0.0095000000000000015,0.0095000000000000015,11496.784004019097,6898.0704024114575
0.010000000000000002,0.0095000000000000015,10641.599360104154,6384.9596160624924
0.010500000000000002,0.0095000000000000015,9758.7791381384268,5855.2674828830559
0.011000000000000003,0.0095000000000000015,8860.4617683044544,5316.2770609826721
0.011500000000000003,0.0095000000000000015,7959.3484115380097,4775.6090469228056
0.012000000000000004,0.0095000000000000015,7068.4980953391841,4241.0988572035103
0.012499999999999997,0.0095000000000000015,6201.0016401481653,3720.6009840888992
0.013000000000000005,0.0095000000000000015,5369.5214107475067,3221.712846448504
0.013499999999999998,0.0095000000000000015,4585.7271326786395,2751.4362796071837
0.014000000000000005,0.0095000000000000015,3859.694247927433,2315.8165487564597
0.014499999999999999,0.0095000000000000015,3199.3511080452035,1919.610664827122
0.014999999999999999,0.0095000000000000015,2610.0604219379184,1566.0362531627509
0.0155,0.0095000000000000015,2094.4002263937391,1256.6401358362434
0.016000000000000007,0.0095000000000000015,1652.1763349171683,991.30580095030098
0.016500000000000001,0.0095000000000000015,1280.6603424168629,768.39620545011769
0.017000000000000001,0.0095000000000000015,975.01340102261736,585.00804061357042
0.017500000000000002,0.0095000000000000015,728.83260190530643,437.29956114318384
0.017999999999999995,0.0095000000000000015,534.74705736153714,320.84823441692225
0.018500000000000003,0.0095000000000000015,384.99438451905348,230.99663071143209
0.019000000000000003,0.0095000000000000015,271.92223866245445,163.15334319747265
0.019500000000000003,0.0095000000000000015,188.37933859244126,113.02760315546475
0.019999999999999997,0.0095000000000000015,127.9813984223867,76.788839053432014
0.020499999999999997,0.0095000000000000015,85.255716311143459,51.153429786686075
0.021000000000000005,0.0095000000000000015,55.681493670637401,33.408896202382437
0.021500000000000005,0.0095000000000000015,35.650432864984388,21.390259718990631
0.021999999999999999,0.0095000000000000015,22.37423171305965,13.42453902783579
0.022499999999999999,0.0095000000000000015,13.763522672945872,8.2581136037675229
0.023000000000000007,0.0095000000000000015,8.2981825076383409,4.9789095045830045
0.023500000000000007,0.0095000000000000015,4.9032750678062458,2.9419650406837472
0.024,0.0095000000000000015,2.8393633562123388,1.7036180137274033
0.024500000000000001,0.0095000000000000015,1.6112824191617923,0.96676945149707527
0.025000000000000001,0.0095000000000000015,0.89603587044922717,0.5376215222695363
-0.025000000000000001,0.010000000000000002,0.9214115240516223,0.55284691443097334
-0.024500000000000001,0.010000000000000002,1.6395521812920171,0.9837313087752102
-0.024,0.010000000000000002,2.8605768152045581,1.7163460891227349
-0.0235,0.010000000000000002,4.8937563317660953,2.9362537990596569
-0.023,0.010000000000000002,8.2091488959781849,4.9254893375869111
-0.022500000000000003,0.010000000000000002,13.503034857101675,8.1018209142610047
-0.022000000000000002,0.010000000000000002,21.77994927999244,13.067969567995464
-0.021500000000000002,0.010000000000000002,34.450413807748063,20.670248284648839
-0.021000000000000001,0.010000000000000002,53.440441346745523,32.064264808047312
-0.020500000000000001,0.010000000000000002,81.304881215133889,48.782928729080332
-0.02,0.010000000000000002,121.33201963487862,72.799211780927166
-0.0195,0.010000000000000002,177.62222599398223,106.57333559638933
-0.019,0.010000000000000002,255.11985997191556,153.07191598314932
-0.018500000000000003,0.010000000000000002,359.57638992589818,215.7458339555389
-0.018000000000000002,0.010000000000000002,497.42498762758214,298.45499257654927
-0.017500000000000002,0.010000000000000002,675.55368410322205,405.33221046193324
-0.017000000000000001,0.010000000000000002,900.97567098296804,540.58540258978076
-0.016500000000000001,0.010000000000000002,1180.4105812486009,708.24634874916057
-0.016,0.010000000000000002,1519.8073872482605,911.88443234895624
-0.0155,0.010000000000000002,1923.8546207442048,1154.3127724465228
-0.015000000000000001,0.010000000000000002,2395.5331319547386,1437.319879172843
-0.014500000000000001,0.010000000000000002,2935.7671469311749,1761.460288158705
-0.014,0.010000000000000002,3543.2190424480177,2125.9314254688106
-0.0135,0.010000000000000002,4214.2525820240517,2528.5515492144309
-0.012999999999999999,0.010000000000000002,4943.0618015888449,2965.8370809533067
-0.012500000000000001,0.010000000000000002,5721.9343051880733,3433.1605831128441
-0.012,0.010000000000000002,6541.5957249646326,3924.9574349787795
-0.0115,0.010000000000000002,7391.573130854762,4434.9438785128568
-0.010999999999999999,0.010000000000000002,8260.5230062709397,4956.313803762564
-0.010499999999999999,0.010000000000000002,9136.4932598621344,5481.8959559172808
-0.010000000000000002,0.010000000000000002,10007.122781974842,6004.273669184905
-0.0095000000000000015,0.010000000000000002,10859.816422919119,6515.8898537514715
-0.0090000000000000011,0.010000000000000002,11681.956640842147,7009.173984505288
-0.0085000000000000006,0.010000000000000002,12461.216073145019,7476.7296438870108
-0.0080000000000000002,0.010000000000000002,13186.013825282556,7911.6082951695334
-0.0074999999999999997,0.010000000000000002,13846.115551234509,8307.669330740704
-0.0069999999999999993,0.010000000000000002,14433.323863979756,8659.9943183878531
-0.0064999999999999988,0.010000000000000002,14942.15651438518,8965.2939086311071
-0.0059999999999999984,0.010000000000000002,15370.380926180842,9222.2285557085052
-0.0054999999999999979,0.010000000000000002,15719.276578229415,9431.5659469376496
-0.005000000000000001,0.010000000000000002,15993.53461151286,9596.1207669077157
-0.0044999999999999971,0.010000000000000002,16200.770138491174,9720.4620830947042
-0.0040000000000000001,0.010000000000000002,16350.701520416958,9810.4209122501743
-0.0035000000000000031,0.010000000000000002,16454.122070035995,9872.4732420215969
-0.0029999999999999992,0.010000000000000002,16521.833863178352,9913.1003179070103
-0.0025000000000000022,0.010000000000000002,16563.717826535205,9938.2306959211219
-0.0019999999999999983,0.010000000000000002,16588.076787462636,9952.8460724775814
-0.0015000000000000013,0.010000000000000002,16601.318049470345,9960.7908296822061
-0.00099999999999999742,0.010000000000000002,16607.957819284318,9964.7746915705902
-0.00050000000000000044,0.010000000000000002,16610.854119418414,9966.5124716510491
0,0.010000000000000002,16611.528128777409,9966.9168772664452
0.00050000000000000044,0.010000000000000002,16610.428657063028,9966.2571942378163
0.0010000000000000009,0.010000000000000002,16607.031562495213,9964.2189374971276
0.0015000000000000013,0.010000000000000002,16599.734380337031,9959.8406282022188
0.0020000000000000018,0.010000000000000002,16585.586443372435,9951.3518660234604
0.0024999999999999988,0.010000000000000002,16559.963293390858,9935.9779760345136
0.0030000000000000027,0.010000000000000002,16516.331381674427,9909.798829004656
0.0034999999999999996,0.010000000000000002,16446.243904069881,9867.7463424419275
0.0040000000000000036,0.010000000000000002,16339.661937516283,9803.7971625097689
0.0045000000000000005,0.010000000000000002,16185.619229622083,9711.3715377732497
0.0049999999999999975,0.010000000000000002,15973.164442812267,9583.8986656873603
0.0055000000000000014,0.010000000000000002,15692.444007090877,9415.4664042545264
0.0059999999999999984,0.010000000000000002,15335.750537309988,9201.450322385992
0.0064999999999999988,0.010000000000000002,14898.365424591286,8939.0192547547704
0.0069999999999999993,0.010000000000000002,14379.067628682322,8627.4405772093924
0.0074999999999999997,0.010000000000000002,13780.251277617526,8268.1507665705158
0.0080000000000000002,0.010000000000000002,13107.673239042773,7864.6039434256636
0.0085000000000000006,0.010000000000000002,12369.918232748338,7421.9509396490021
0.0090000000000000011,0.010000000000000002,11577.707853208336,6946.6247119250011
0.0095000000000000015,0.010000000000000002,10743.184252159252,6445.9105512955512
0.010000000000000002,0.010000000000000002,9879.2722474321399,5927.5633484592836
0.010500000000000002,0.010000000000000002,8999.1764885581815,5399.5058931349085
0.011000000000000003,0.010000000000000002,8116.0184750490353,4869.6110850294208
0.011500000000000003,0.010000000000000002,7242.5765869854004,4345.5459521912398
0.012000000000000004,0.010000000000000002,6391.0710247268307,3834.6426148360983
0.012499999999999997,0.010000000000000002,5572.9377612977205,3343.7626567786324
0.013000000000000005,0.010000000000000002,4798.5572703050384,2879.1343621830229
0.013499999999999998,0.010000000000000002,4076.9358105607153,2446.1614863364289
0.014000000000000005,0.010000000000000002,3415.3685075091144,2049.2211045054687
0.014499999999999999,0.010000000000000002,2819.1349752083684,1691.4809851250209
0.014999999999999999,0.010000000000000002,2291.2843420284526,1374.7706052170715
0.0155,0.010000000000000002,1832.5567750003067,1099.534065000184
0.016000000000000007,0.010000000000000002,1441.4667887880628,864.88007327283765
0.016500000000000001,0.010000000000000002,1114.546280267579,668.72776816054738
0.017000000000000001,0.010000000000000002,846.71937564956067,508.0316253897364
0.017500000000000002,0.010000000000000002,631.76246525286308,379.05747915171781
0.017999999999999995,0.010000000000000002,462.79432693458745,277.67659616075247
0.018500000000000003,0.010000000000000002,332.74325783400843,199.64595470040504
0.019000000000000003,0.010000000000000002,234.74855702987099,140.8491342179226
0.019500000000000003,0.010000000000000002,162.46907003146345,97.48144201887807
0.019999999999999997,0.010000000000000002,110.28807485542067,66.172844913252405
0.020499999999999997,0.010000000000000002,73.418419360595934,44.051051616357562
0.021000000000000005,0.010000000000000002,47.922500570068507,28.753500342041104
0.021500000000000005,0.010000000000000002,30.667654486177099,18.400592691706258
0.021999999999999999,0.010000000000000002,19.239109778290537,11.543465866974321
0.022499999999999999,0.010000000000000002,11.830856483137019,7.0985138898822111
0.023000000000000007,0.010000000000000002,7.1308856062324653,4.2785313637394786
0.023500000000000007,0.010000000000000002,4.2125104592451565,2.5275062755470938
0.024,0.010000000000000002,2.4388610898081877,1.4633166538849125
0.024500000000000001,0.010000000000000002,1.3837686641561651,0.83026119849369906
0.025000000000000001,0.010000000000000002,0.7694050234155746,0.46164301404934471
-0.025000000000000001,0.010500000000000002,0.74746936297120081,0.4484816177827205
-0.024500000000000001,0.010500000000000002,1.3329364701266384,0.79976188207598298
-0.024,0.010500000000000002,2.3305443939712172,1.3983266363827302
-0.0235,0.010500000000000002,3.9952560407823694,2.3971536244694214
-0.023,0.010500000000000002,6.7155609408785732,4.0293365645271439
-0.022500000000000003,0.010500000000000002,11.068426676397674,6.6410560058386041
-0.022000000000000002,0.010500000000000002,17.88858484669267,10.733150908015601
-0.021500000000000002,0.010500000000000002,28.35170052904683,17.011020317428098
-0.021000000000000001,0.010500000000000002,44.068552449759089,26.441131469855453
-0.020500000000000001,0.010500000000000002,67.184120012649217,40.310472007589532
-0.02,0.010500000000000002,100.47169250937972,60.28301550562783
-0.0195,0.010500000000000002,147.40832253756946,88.444993522541679
-0.019,0.010500000000000002,212.2149541577985,127.32897249467909
-0.018500000000000003,0.010500000000000002,299.84337026742003,179.90602216045201
-0.018000000000000002,0.010500000000000002,415.89372402632597,249.53623441579558
-0.017500000000000002,0.010500000000000002,566.45155936218021,339.87093561730813
-0.017000000000000001,0.010500000000000002,757.84198554591205,454.7051913275472
-0.016500000000000001,0.010500000000000002,996.31026253862331,597.78615752317398
-0.016,0.010500000000000002,1287.6506954617457,772.59041727704744
-0.0155,0.010500000000000002,1636.8168228761308,982.09009372567846
-0.015000000000000001,0.010500000000000002,2047.5524838329904,1228.5314902997943
-0.014500000000000001,0.010500000000000002,2522.0829837065799,1513.2497902239479
-0.014,0.010500000000000002,3060.8971069135341,1836.5382641481203
-0.0135,0.010500000000000002,3662.6350635864042,2197.5810381518422
-0.012999999999999999,0.010500000000000002,4324.0778360305721,2594.446701618343
-0.012500000000000001,0.010500000000000002,5040.2148964946655,3024.128937896799
-0.012,0.010500000000000002,5804.3556413420438,3482.6133848052264
-0.0115,0.010500000000000002,6608.2497829189597,3964.9498697513754
-0.010999999999999999,0.010500000000000002,7442.1951263268711,4465.3170757961225
-0.010499999999999999,0.010500000000000002,8295.1352722843785,4977.0811633706271
-0.010000000000000002,0.010500000000000002,9154.7782326522974,5492.8669395913785
-0.0095000000000000015,0.010500000000000002,10007.790216103032,6004.6741296618193
-0.0090000000000000011,0.010500000000000002,10840.127126813903,6504.0762760883417
-0.0085000000000000006,0.010500000000000002,11637.552740230265,6982.5316441381592
-0.0080000000000000002,0.010500000000000002,12386.356004136669,7431.8136024820014
-0.0074999999999999997,0.010500000000000002,13074.226652426754,7844.5359914560522
-0.0069999999999999993,0.010500000000000002,13691.191077960666,8214.7146467763996
-0.0064999999999999988,0.010500000000000002,14230.465577828165,8538.2793466968978
-0.0059999999999999984,0.010500000000000002,14689.067110986374,8813.4402665918242
-0.0054999999999999979,0.010500000000000002,15068.042217708095,9040.8253306248571
-0.005000000000000001,0.010500000000000002,15372.232851778881,9223.3397110673286
-0.0044999999999999971,0.010500000000000002,15609.582995841549,9365.7497975049282
-0.0040000000000000001,0.010500000000000002,15790.082774395374,9474.0496646372249
-0.0035000000000000031,0.010500000000000002,15924.524099828366,9554.714459897019
-0.0029999999999999992,0.010500000000000002,16023.282805233204,9613.9696831399215
-0.0025000000000000022,0.010500000000000002,16095.334296932027,9657.2005781592161
-0.0019999999999999983,0.010500000000000002,16147.652998875757,9688.5917993254534
-0.0015000000000000013,0.010500000000000002,16185.053322802147,9711.0319936812884
-0.00099999999999999742,0.010500000000000002,16210.424641843352,9726.2547851060117
-0.00050000000000000044,0.010500000000000002,16225.221825725926,9735.1330954355562
0,0.010500000000000002,16230.020061042171,9738.0120366253013
0.00050000000000000044,0.010500000000000002,16224.941820259568,9734.9650921557404
0.0010000000000000009,0.010500000000000002,16209.815053331185,9725.8890319987113
0.0015000000000000013,0.010500000000000002,16184.011077798294,9710.4066466789754
0.0020000000000000018,0.010500000000000002,16146.014052563492,9687.6084315380958
0.0024999999999999988,0.010500000000000002,16092.863361981552,9655.7180171889304
0.0030000000000000027,0.010500000000000002,16019.661509764581,9611.7969058587478
0.0034999999999999996,0.010500000000000002,15919.339317890659,9551.6035907343958
0.0040000000000000036,0.010500000000000002,15782.817399399535,9469.6904396397204
0.0045000000000000005,0.010500000000000002,15599.611873250044,9359.7671239500251
0.0049999999999999975,0.010500000000000002,15358.826827686325,9215.2960966117953
0.0055000000000000014,0.010500000000000002,15050.383154573379,9030.2298927440279
0.0059999999999999984,0.010500000000000002,14666.276144727764,8799.7656868366576
0.0064999999999999988,0.010500000000000002,14201.645767180287,8520.9874603081716
0.0069999999999999993,0.010500000000000002,13655.483941301174,8193.2903647807034
0.0074999999999999997,0.010500000000000002,13030.880028649284,7818.5280171895702
0.0080000000000000002,0.010500000000000002,12334.798464187324,7400.8790785123947
0.0085000000000000006,0.010500000000000002,11577.467766661985,6946.4806599971907
0.0090000000000000011,0.010500000000000002,10771.518870339407,6462.911322203644
0.0095000000000000015,0.010500000000000002,9931.0322022565997,5958.61932135396
0.010000000000000002,0.010500000000000002,9070.6371844597888,5442.3823106758728
0.010500000000000002,0.010500000000000002,8204.7643003267549,4922.8585801960526
0.011000000000000003,0.010500000000000002,7347.0937427537183,4408.256245652231
0.011500000000000003,0.010500000000000002,6510.1921140709501,3906.1152684425697
0.012000000000000004,0.010500000000000002,5705.2922615746202,3423.1753569447719
0.012499999999999997,0.010500000000000002,4942.1572276328434,2965.2943365797059
0.013000000000000005,0.010500000000000002,4228.9764524166794,2537.3858714500075
0.013499999999999998,0.010500000000000002,3572.2640915238899,2143.3584549143338
0.014000000000000005,0.010500000000000002,2976.7560584602747,1786.0536350761647
0.014499999999999999,0.010500000000000002,2445.3249692264139,1467.1949815358482
0.014999999999999999,0.010500000000000002,1978.9442258497704,1187.3665355098622
0.0155,0.010500000000000002,1576.731845788735,946.03910747324096
0.016000000000000007,0.010500000000000002,1236.0931474698914,741.65588848193477
0.016500000000000001,0.010500000000000002,952.96362075231866,571.77817245139113
0.017000000000000001,0.010500000000000002,722.13480937551856,433.2808856253111
0.017500000000000002,0.010500000000000002,537.63166377960761,322.57899826776458
0.017999999999999995,0.010500000000000002,393.10257887601443,235.86154732560865
0.018500000000000003,0.010500000000000002,282.1839379578463,169.31036277470778
0.019000000000000003,0.010500000000000002,198.80818359777166,119.284910158663
0.019500000000000003,0.010500000000000002,137.43572108798341,82.461432652790037
0.019999999999999997,0.010500000000000002,93.203446872022525,55.922068123213514
0.020499999999999997,0.010500000000000002,61.993878381321352,37.196327028792808
0.021000000000000005,0.010500000000000002,40.437082917977584,24.262249750786548
0.021500000000000005,0.010500000000000002,25.862189354804073,15.517313612882443
0.021999999999999999,0.010500000000000002,16.216406472728018,9.7298438836368106
0.022499999999999999,0.010500000000000002,9.9679319334270247,5.9807591600562144
0.023000000000000007,0.010500000000000002,6.0059338458396692,3.6035603075038014
0.023500000000000007,0.010500000000000002,3.5469142172948209,2.1281485303768926
0.024,0.010500000000000002,2.0530046613370643,1.2318027968022385
0.024500000000000001,0.010500000000000002,1.1646001129955779,0.69876006779734667
0.025000000000000001,0.010500000000000002,0.64743078009519006,0.38845846805711404
-0.025000000000000001,0.011000000000000003,0.59839534563182684,0.35903720737909611
-0.024500000000000001,0.011000000000000003,1.0691058023315836,0.64146348139895015
-0.024,0.011000000000000003,1.8726952757750273,1.1236171654650162
-0.0235,0.011000000000000003,3.2161735597179981,1.9297041358307987
-0.023,0.011000000000000003,5.4156936380756573,3.2494161828453945
-0.022500000000000003,0.011000000000000003,8.941951827323674,5.3651710963942039
-0.022000000000000002,0.011000000000000003,14.477763475614818,8.6866580853688902
-0.021500000000000002,0.011000000000000003,22.987710674550733,13.79262640473044
-0.021000000000000001,0.011000000000000003,35.797875597420699,21.478725358452419
-0.020500000000000001,0.011000000000000003,54.681138978388454,32.808683387033071
-0.02,0.011000000000000003,81.940536798982762,49.164322079389656
-0.0195,0.011000000000000003,120.48014549827452,72.288087298964712
-0.019,0.011000000000000003,173.85053712942852,104.31032227765711
-0.018500000000000003,0.011000000000000003,246.25478239918579,147.75286943951147
-0.018000000000000002,0.011000000000000003,342.50203938244766,205.5012236294686
-0.017500000000000002,0.011000000000000003,467.89946746112685,280.73968047667609
-0.017000000000000001,0.011000000000000003,628.0795767645908,376.84774605875447
-0.016500000000000001,0.011000000000000003,828.76849692033545,497.26109815220127
-0.016,0.011000000000000003,1075.509609011498,645.30576540689879
-0.0155,0.011000000000000003,1373.3645359586017,824.01872157516095
-0.015000000000000001,0.011000000000000003,1726.6174861448085,1035.970491686885
-0.014500000000000001,0.011000000000000003,2138.5077411661314,1283.1046446996788
-0.014,0.011000000000000003,2611.00820256931,1566.604921541586
-0.0135,0.011000000000000003,3144.6565906802989,1886.7939544081792
-0.012999999999999999,0.011000000000000003,3738.4331218622447,2243.0598731173468
-0.012500000000000001,0.011000000000000003,4389.6685257788167,2633.8011154672899
-0.012,0.011000000000000003,5093.963455754566,3056.3780734527395
-0.0115,0.011000000000000003,5845.1076330562892,3507.0645798337732
-0.010999999999999999,0.011000000000000003,6635.0045154359641,3981.0027092615783
-0.010499999999999999,0.011000000000000003,7453.6312370189817,4472.1787422113885
-0.010000000000000002,0.011000000000000003,8289.08690328589,4973.4521419715338
-0.0095000000000000015,0.011000000000000003,9127.7959835224956,5476.677590113497
-0.0090000000000000011,0.011000000000000003,9954.9291487982809,5972.9574892789688
-0.0085000000000000006,0.011000000000000003,10755.076783620709,6453.0460701724251
-0.0080000000000000002,0.011000000000000003,11513.16204653123,6907.8972279187374
-0.0074999999999999997,0.011000000000000003,12215.519367345722,7329.3116204074331
-0.0069999999999999993,0.011000000000000003,12851.005145682086,7710.6030874092512
-0.0064999999999999988,0.011000000000000003,13411.967212795789,8047.1803276774735
-0.0059999999999999984,0.011000000000000003,13894.893201301335,8336.9359207808011
-0.0054999999999999979,0.011000000000000003,14300.593176843629,8580.3559061061769
-0.005000000000000001,0.011000000000000003,14633.846157681861,8780.3076946091169
-0.0044999999999999971,0.011000000000000003,14902.539831133552,8941.5238986801305
-0.0040000000000000001,0.011000000000000003,15116.435682579497,9069.8614095476969
-0.0035000000000000031,0.011000000000000003,15285.772501096255,9171.4635006577519
-0.0029999999999999992,0.011000000000000003,15419.958018111913,9251.9748108671465
-0.0025000000000000022,0.011000000000000003,15526.579373727353,9315.9476242364108
-0.0019999999999999983,0.011000000000000003,15610.890148767425,9366.5340892604545
-0.0015000000000000013,0.011000000000000003,15675.82096667109,9405.492580002654
-0.00099999999999999742,0.011000000000000003,15722.438795157632,9433.4632770945791
-0.00050000000000000044,0.011000000000000003,15750.677501161033,9450.4065006966193
0,0.011000000000000003,15760.105155662546,9456.0630933975281
0.00050000000000000044,0.011000000000000003,15750.496946490552,9450.2981678943306
0.0010000000000000009,0.011000000000000003,15722.045716928207,9433.2274301569232
0.0015000000000000013,0.011000000000000003,15675.148900494371,9405.0893402966212
0.0020000000000000018,0.011000000000000003,15609.833314359152,9365.8999886154907
0.0024999999999999988,0.011000000000000003,15524.986051812699,9314.9916310876197
0.0030000000000000027,0.011000000000000003,15417.6229143778,9250.5737486266789
0.0034999999999999996,0.011000000000000003,15282.429221386501,9169.4575328319006
0.0040000000000000036,0.011000000000000003,15111.750783368847,9067.0504700213078
0.0045000000000000005,0.011000000000000003,14896.110196822183,8937.6661180933097
0.0049999999999999975,0.011000000000000003,14625.201611223472,8775.1209667340827
0.0055000000000000014,0.011000000000000003,14289.206162272736,8573.523697363642
0.0059999999999999984,0.011000000000000003,13880.19700462931,8328.1182027775849
0.0064999999999999988,0.011000000000000003,13393.383463404662,8036.030078042797
0.0069999999999999993,0.011000000000000003,12827.980272713199,7696.7881636279189
0.0074999999999999997,0.011000000000000003,12187.56835812244,7312.5410148734636
0.0080000000000000002,0.011000000000000003,11479.916429016654,6887.9498574099916
0.0085000000000000006,0.011000000000000003,10716.332459287412,6429.7994755724476
0.0090000000000000011,0.011000000000000003,9910.6887941317509,5946.4132764790502
0.0095000000000000015,0.011000000000000003,9078.3004573196577,5446.9802743917944
0.010000000000000002,0.011000000000000003,8234.8306081206883,4940.8983648724125
0.010500000000000002,0.011000000000000003,7395.3577280215504,4437.2146368129297
0.011000000000000003,0.011000000000000003,6573.6807163081112,3944.2084297848664
0.011500000000000003,0.011000000000000003,5781.8775457384172,3469.1265274430502
0.012000000000000004,0.011000000000000003,5030.0848603699797,3018.0509162219878
0.012499999999999997,0.011000000000000003,4326.4384384520417,2595.863063071225
0.013000000000000005,0.011000000000000003,3677.109322708121,2206.2655936248725
0.013499999999999998,0.011000000000000003,3086.3830816152336,1851.8298489691401
0.014000000000000005,0.011000000000000003,2556.7519072359646,1534.0511443415787
0.014499999999999999,0.011000000000000003,2089.0122145546425,1253.4073287327853
0.014999999999999999,0.011000000000000003,1682.3771305054131,1009.4262783032478
0.0155,0.011000000000000003,1334.6202093560887,800.7721256136532
0.016000000000000007,0.011000000000000003,1042.2639863109068,625.35839178654408
0.016500000000000001,0.011000000000000003,800.81747608449598,480.49048565069756
0.017000000000000001,0.011000000000000003,605.05467831806379,363.03280699083825
0.017500000000000002,0.011000000000000003,449.31566330193806,269.58939798116285
0.017999999999999995,0.011000000000000003,327.80572735648929,196.68343641389356
0.018500000000000003,0.011000000000000003,234.86752977492506,140.92051786495503
0.019000000000000003,0.011000000000000003,165.20550932976568,99.1233055978594
0.019500000000000003,0.011000000000000003,114.04955758147374,68.429734548884241
0.019999999999999997,0.011000000000000003,77.253786525425156,46.352271915255095
0.020499999999999997,0.011000000000000003,51.33433871885557,30.800603231313339
0.021000000000000005,0.011000000000000003,33.456211367745333,20.073726820647199
0.021500000000000005,0.011000000000000003,21.382410336744655,12.829446202046793
0.021999999999999999,0.011000000000000003,13.399500185869201,8.0397001115215208
0.022499999999999999,0.011000000000000003,8.2323247322848481,4.9393948393709088
0.023000000000000007,0.011000000000000003,4.9581079774172654,2.9748647864503592
0.023500000000000007,0.011000000000000003,2.9270713101906018,1.756242786114361
0.024,0.011000000000000003,1.6937305733218506,1.0162383439931104
0.024500000000000001,0.011000000000000003,0.96055822328738316,0.57633493397242985
0.025000000000000001,0.011000000000000003,0.53388791439551231,0.32033274863730737
-0.025000000000000001,0.011500000000000003,0.47221355384589409,0.28332813230753645
-0.024500000000000001,0.011500000000000003,0.8450417731690516,0.50702506390143098
-0.024,0.011500000000000003,1.4825927872217963,0.88955567233307775
-0.0235,0.011500000000000003,2.5502734920439964,1.5301640952263977
-0.023,0.011500000000000003,4.3012533179680936,2.5807519907808563
-0.022500000000000003,0.011500000000000003,7.1133594992300511,4.2680156995380303
-0.022000000000000002,0.011500000000000003,11.536149532094329,6.9216897192565972
-0.021500000000000002,0.011500000000000003,18.348315994441144,11.008989596664685
-0.021000000000000001,0.011500000000000003,28.624160954004356,17.174496572402614
-0.020500000000000001,0.011500000000000003,43.80595042905879,26.283570257435272
-0.02,0.011500000000000003,65.77667200995954,39.466003205975724
-0.0195,0.011500000000000003,96.925383152346882,58.155229891408126
-0.019,0.011500000000000003,140.19542494751451,84.117254968508703
-0.018500000000000003,0.011500000000000003,199.10485642000936,119.46291385200561
-0.018000000000000002,0.011500000000000003,277.72908388503311,166.63745033101986
-0.017500000000000002,0.011500000000000003,380.63816710883663,228.38290026530197
-0.017000000000000001,0.011500000000000003,512.7856420111325,307.67138520667947
-0.016500000000000001,0.011500000000000003,679.35134737548162,407.61080842528895
-0.016,0.011500000000000003,885.54658001856933,531.32794801114153
-0.0155,0.011500000000000003,1136.3944586107966,681.8366751664779
-0.015000000000000001,0.011500000000000003,1436.500180861553,861.90010851693171
-0.014500000000000001,0.011500000000000003,1789.8239582316241,1073.8943749389744
-0.014,0.011500000000000003,2199.4638916491654,1319.6783349894993
-0.0135,0.011500000000000003,2667.4483661195386,1600.4690196717231
-0.012999999999999999,0.011500000000000003,3194.5304555677662,1916.7182733406596
-0.012500000000000001,0.011500000000000003,3779.9738349843374,2267.9843009906022
-0.012,0.011500000000000003,4421.323952927045,2652.7943717562271
-0.0115,0.011500000000000003,5114.1712304410303,3068.5027382646181
-0.010999999999999999,0.011500000000000003,5851.9335225421282,3511.1601135252768
-0.010499999999999999,0.011500000000000003,6625.7083890781987,3975.4250334469189
-0.010000000000000002,0.011500000000000003,7424.2644682288819,4454.558680937329
-0.0095000000000000015,0.011500000000000003,8234.2469209682422,4940.5481525809455
-0.0090000000000000011,0.011500000000000003,9040.6574777867845,5424.3944866720703
-0.0085000000000000006,0.011500000000000003,9827.6322770831903,5896.5793662499136
-0.0080000000000000002,0.011500000000000003,10579.483973502218,6347.6903841013309
-0.0074999999999999997,0.011500000000000003,11281.908878878985,6769.145327327391
-0.0069999999999999993,0.011500000000000003,11923.200774927367,7153.9204649564199
-0.0064999999999999988,0.011500000000000003,12495.277735938775,7497.1666415632644
-0.0059999999999999984,0.011500000000000003,12994.330879737992,7796.5985278427952
-0.0054999999999999979,0.011500000000000003,13420.950626085561,8052.5703756513367
-0.005000000000000001,0.011500000000000003,13779.672056868827,8267.8032341212966
-0.0044999999999999971,0.011500000000000003,14077.990422380866,8446.7942534285194
-0.0040000000000000001,0.011500000000000003,14325.006594226385,8595.0039565358311
-0.0035000000000000031,0.011500000000000003,14529.943702789938,8717.9662216739634
-0.0029999999999999992,0.011500000000000003,14700.808219232313,8820.4849315393876
-0.0025000000000000022,0.011500000000000003,14843.440174267605,8906.0641045605626
-0.0019999999999999983,0.011500000000000003,14961.111648732545,8976.6669892395275
-0.0015000000000000013,0.011500000000000003,15054.708522477291,9032.8251134863749
-0.00099999999999999742,0.011500000000000003,15123.396877094066,9074.0381262564388
-0.00050000000000000044,0.011500000000000003,15165.565121350655,9099.3390728103932
0,0.011500000000000003,15179.77364414665,9107.8641864879901
0.00050000000000000044,0.011500000000000003,15165.451047056184,9099.2706282337094
0.0010000000000000009,0.011500000000000003,15123.148530587308,9073.8891183523847
0.0015000000000000013,0.011500000000000003,15054.283911611554,9032.5703469669315
0.0020000000000000018,0.011500000000000003,14960.443941609969,8976.2663649659808
0.0024999999999999988,0.011500000000000003,14842.433514773325,8905.4601088639956
0.0030000000000000027,0.011500000000000003,14699.33290258572,8819.5997415514321
0.0034999999999999996,0.011500000000000003,14527.831421379067,8716.6988528274396
0.0040000000000000036,0.011500000000000003,14322.04667870224,8593.2280072213434
0.0045000000000000005,0.011500000000000003,14073.928184634204,8444.3569107805215
0.0049999999999999975,0.011500000000000003,13774.210439422888,8264.5262636537318
0.0055000000000000014,0.011500000000000003,13413.756319508931,8048.2537917053587
0.0059999999999999984,0.011500000000000003,12985.045834591985,7791.0275007551909
0.0064999999999999988,0.011500000000000003,12483.536538135724,7490.1219228814343
0.0069999999999999993,0.011500000000000003,11908.653678847455,7145.1922073084725
0.0074999999999999997,0.011500000000000003,11264.249453906217,6758.54967234373
0.0080000000000000002,0.011500000000000003,10558.479419302334,6335.0876515813998
0.0085000000000000006,0.011500000000000003,9803.1536443719779,5881.8921866231867
0.0090000000000000011,0.011500000000000003,9012.7064575656095,5407.6238745393657
0.0095000000000000015,0.011500000000000003,8202.9756876297815,4921.7854125778686
0.010000000000000002,0.011500000000000003,7389.9853849186402,4433.9912309511838
0.010500000000000002,0.011500000000000003,6588.8912333247345,3953.3347399948407
0.011000000000000003,0.011500000000000003,5813.1891959565437,3487.9135175739261
0.011500000000000003,0.011500000000000003,5074.222512522053,3044.5335075132316
0.012000000000000004,0.011500000000000003,4380.9655081371393,2628.5793048822834
0.012499999999999997,0.011500000000000003,3740.0251170597376,2244.0150702358424
0.013000000000000005,0.011500000000000003,3155.7861289655834,1893.47167737935
0.013499999999999998,0.011500000000000003,2630.6312103233427,1578.3787261940056
0.014000000000000005,0.011500000000000003,2165.1848082326887,1299.1108849396132
0.014499999999999999,0.011500000000000003,1758.5527246349784,1055.131634780987
0.014999999999999999,0.011500000000000003,1408.5491600257201,845.12949601543198
0.0155,0.011500000000000003,1111.9158244658931,667.14949467953591
0.016000000000000007,0.011500000000000003,864.54202254215966,518.72521352529577
0.016500000000000001,0.011500000000000003,661.69191506590835,397.01514903954501
0.017000000000000001,0.011500000000000003,498.23852983446773,298.94311790068065
0.017500000000000002,0.011500000000000003,368.89693470337227,221.33816082202335
0.017999999999999995,0.011500000000000003,268.44396585850285,161.06637951510172
0.018500000000000003,0.011500000000000003,191.91039944145413,115.14623966487248
0.019000000000000003,0.011500000000000003,134.73350339054673,80.840102034328041
0.019500000000000003,0.011500000000000003,92.862542918551284,55.717525751130772
0.019999999999999997,0.011500000000000003,62.815586985771731,37.689352191463037
0.020499999999999997,0.011500000000000003,41.691444737692358,25.014866842615415
0.021000000000000005,0.011500000000000003,27.144699391631708,16.286819634979025
0.021500000000000005,0.011500000000000003,17.334088542123087,10.400453125273852
0.021999999999999999,0.011500000000000003,10.854903659573468,6.5129421957440803
0.022499999999999999,0.011500000000000003,6.665017675742539,3.9990106054455232
0.023000000000000007,0.011500000000000003,4.0121510684406934,2.4072906410644159
0.023500000000000007,0.011500000000000003,2.3676189251121018,1.420571355067261
0.024,0.011500000000000003,1.369523033264098,0.82171381995845871
0.024500000000000001,0.011500000000000003,0.77646150070754383,0.46587690042452629
0.025000000000000001,0.011500000000000003,0.43145781107454206,0.25887468664472524
-0.025000000000000001,0.012000000000000004,0.36695257555233229,0.22017154533139938
-0.024500000000000001,0.012000000000000004,0.65760975493956131,0.39456585296373675
-0.024,0.012000000000000004,1.1553913849301434,0.69323483095808602
-0.0235,0.012000000000000004,1.9902866659013083,1.1941719995407849
-0.023,0.012000000000000004,3.3616821497552452,2.0170092898531471
-0.022500000000000003,0.012000000000000004,5.5678536545390669,3.3407121927234402
-0.022000000000000002,0.012000000000000004,9.04383478061823,5.4263008683709382
-0.021500000000000002,0.012000000000000004,14.407998230704484,8.6447989384226904
-0.021000000000000001,0.012000000000000004,22.516657044937812,13.509994226962688
-0.020500000000000001,0.012000000000000004,34.524578513040694,20.714747107824415
-0.02,0.012000000000000004,51.947610784376792,31.168566470626075
-0.0195,0.012000000000000004,76.721877252510978,46.033126351506588
-0.019,0.012000000000000004,111.25253486365126,66.751520918190749
-0.018500000000000003,0.012000000000000004,158.44432098490066,95.066592590940388
-0.018000000000000002,0.012000000000000004,221.70639880635318,133.0238392838119
-0.017500000000000002,0.012000000000000004,304.92556078204677,182.95533646922806
-0.017000000000000001,0.012000000000000004,412.40457521536246,247.44274512921746
-0.016500000000000001,0.012000000000000004,548.76589275639799,329.25953565383878
-0.016,0.012000000000000004,718.82423300467985,431.29453980280789
-0.0155,0.012000000000000004,927.43371270053126,556.46022762031873
-0.015000000000000001,0.012000000000000004,1179.3152378716902,707.58914272301411
-0.014500000000000001,0.012000000000000004,1478.8674686877757,887.32048121266541
-0.014,0.012000000000000004,1829.9602871528602,1097.976172291716
-0.0135,0.012000000000000004,2235.7049515873928,1341.4229709524357
-0.012999999999999999,0.012000000000000004,2698.1925242097959,1618.9155145258776
-0.012500000000000001,0.012000000000000004,3218.1945385522367,1930.916723131342
-0.012,0.012000000000000004,3794.8293934352437,2276.8976360611459
-0.0115,0.012000000000000004,4425.214988284607,2655.1289929707641
-0.010999999999999999,0.012000000000000004,5104.1503342929254,3062.4902005757554
-0.010499999999999999,0.012000000000000004,5823.8910485802498,3494.3346291481498
-0.010000000000000002,0.012000000000000004,6574.0983357214945,3944.4590014328965
-0.0095000000000000015,0.012000000000000004,7342.0404208280297,4405.2242524968178
-0.0090000000000000011,0.012000000000000004,8113.1035961073912,4867.8621576644346
-0.0085000000000000006,0.012000000000000004,8871.6258196086001,5322.9754917651599
-0.0080000000000000002,0.012000000000000004,9602.0041993175291,5761.2025195905171
-0.0074999999999999997,0.012000000000000004,10289.960189651985,6173.976113791191
-0.0069999999999999993,0.012000000000000004,10923.788980002466,6554.2733880014794
-0.0064999999999999988,0.012000000000000004,11495.389293063989,6897.2335758383933
-0.0059999999999999984,0.012000000000000004,12000.879691326591,7200.5278147959543
-0.0054999999999999979,0.012000000000000004,12440.662241018477,7464.3973446110858
-0.005000000000000001,0.012000000000000004,12818.887654438917,7691.3325926633497
-0.0044999999999999971,0.012000000000000004,13142.390465874501,7885.4342795247003
-0.0040000000000000001,0.012000000000000004,13419.273284591531,8051.563970754918
-0.0035000000000000031,0.012000000000000004,13657.398728750997,8194.4392372505972
-0.0029999999999999992,0.012000000000000004,13863.074482697302,8317.8446896183814
-0.0025000000000000022,0.012000000000000004,14040.180743310155,8424.1084459860922
-0.0019999999999999983,0.012000000000000004,14189.895017191167,8513.9370103146994
-0.0015000000000000013,0.012000000000000004,14311.036668960352,8586.6220013762104
-0.00099999999999999742,0.012000000000000004,14400.913364092034,8640.5480184552198
-0.00050000000000000044,0.012000000000000004,14456.43743469889,8673.8624608193331
0,0.012000000000000004,14475.220688232157,8685.1324129392942
0.00050000000000000044,0.012000000000000004,14456.366818603023,8673.8200911618133
0.0010000000000000009,0.012000000000000004,14400.759628661886,8640.4557771971322
0.0015000000000000013,0.012000000000000004,14310.773819545071,8586.464291727043
0.0020000000000000018,0.012000000000000004,14189.481682439487,8513.6890094636929
0.0024999999999999988,0.012000000000000004,14039.557584835393,8423.7345509012357
0.0030000000000000027,0.012000000000000004,13862.161208569843,8317.296725141905
0.0034999999999999996,0.012000000000000004,13656.091150498623,8193.654690299174
0.0040000000000000036,0.012000000000000004,13417.440990301428,8050.4645941808558
0.0045000000000000005,0.012000000000000004,13139.875794436231,7883.9254766617387
0.0049999999999999975,0.012000000000000004,12815.506716577922,7689.304029946753
0.0055000000000000014,0.012000000000000004,12436.208706194901,7461.7252237169396
0.0059999999999999984,0.012000000000000004,11995.131914045243,7197.0791484271458
0.0064999999999999988,0.012000000000000004,11488.121068846771,6892.8726413080622
0.0069999999999999993,0.012000000000000004,10914.78380371707,6548.8702822302412
0.0074999999999999997,0.012000000000000004,10279.028369713151,6167.4170218278905
0.0080000000000000002,0.012000000000000004,9589.0016239356719,5753.4009743614033
0.0085000000000000006,0.012000000000000004,8856.4726645335886,5313.8835987201528
0.0090000000000000011,0.012000000000000004,8095.8009081299615,4857.4805448779771
0.0095000000000000015,0.012000000000000004,7322.6824013767437,4393.609440826046
0.010000000000000002,0.012000000000000004,6552.8783488309946,3931.7270092985964
0.010500000000000002,0.012000000000000004,5801.0999034564638,3480.659942073878
0.011000000000000003,0.012000000000000004,5080.1662010304772,3048.099720618286
0.011500000000000003,0.012000000000000004,4400.4852934190585,2640.2911760514348
0.012000000000000004,0.012000000000000004,3769.8460628831422,2261.9076377298852
0.012499999999999997,0.012000000000000004,3193.4648436832099,1916.0789062099259
0.013000000000000005,0.012000000000000004,2674.2083909370731,1604.5250345622437
0.013499999999999998,0.012000000000000004,2212.9138064371573,1327.7482838622943
0.014000000000000005,0.012000000000000004,1808.7403001965959,1085.2441801179575
0.014499999999999999,0.012000000000000004,1459.5094490766637,875.70566944599818
0.014999999999999999,0.012000000000000004,1162.0125495137656,697.20752970825936
0.0155,0.012000000000000004,912.28055673801452,547.36833404280867
0.016000000000000007,0.012000000000000004,705.82165559453551,423.49299335672129
0.016500000000000001,0.012000000000000004,537.83406827581564,322.70044096548935
0.017000000000000001,0.012000000000000004,403.39938896549467,242.03963337929679
0.017500000000000002,0.012000000000000004,297.65731514468962,178.59438908681378
0.017999999999999995,0.012000000000000004,215.95857640933929,129.57514584560357
0.018500000000000003,0.012000000000000004,153.9906930571201,92.394415834272053
0.019000000000000003,0.012000000000000004,107.87140874698026,64.72284524818815
0.019500000000000003,0.012000000000000004,74.206832853013225,44.524099711807935
0.019999999999999997,0.012000000000000004,50.114592531635296,30.068755518981177
0.020499999999999997,0.012000000000000004,33.215623350949869,19.929374010569919
0.021000000000000005,0.012000000000000004,21.600817065367288,12.960490239220372
0.021500000000000005,0.012000000000000004,13.780154917410725,8.2680929504464338
0.021999999999999999,0.012000000000000004,8.6221190552218854,5.1732714331331309
0.022499999999999999,0.012000000000000004,5.2903139219049358,3.1741883531429615
0.023000000000000007,0.012000000000000004,3.1827174473020463,1.9096304683812277
0.023500000000000007,0.012000000000000004,1.8772169119435969,1.126330147166158
0.024,0.012000000000000004,1.0853971358138728,0.65123828148832363
0.024500000000000001,0.012000000000000004,0.61515609684697925,0.36909365810818756
0.025000000000000001,0.012000000000000004,0.34172330324380762,0.20503398194628455
-0.025000000000000001,0.012499999999999997,0.28056681676231904,0.16834009005739142
-0.024500000000000001,0.012499999999999997,0.50343715289640001,0.30206229173783999
-0.024,0.012499999999999997,0.88565458756509108,0.5313927525390546
-0.0235,0.012499999999999997,1.5276479435487875,0.91658876612927243
-0.023,0.012499999999999997,2.5837965971420584,1.5502779582852351
-0.022500000000000003,0.012499999999999997,4.285619838879378,2.5713719033276266
-0.022000000000000002,0.012499999999999997,6.9717593905026547,4.183055634301593
-0.021500000000000002,0.012499999999999997,11.125205985288048,6.6751235911728282
-0.021000000000000001,0.012499999999999997,17.417506629258227,10.450503977554936
-0.020500000000000001,0.012499999999999997,26.75869297306534,16.055215783839202
-0.02,0.012499999999999997,40.350467142696779,24.210280285618065
-0.0195,0.012499999999999997,59.738926201136174,35.8433557206817
-0.019,0.012499999999999997,86.862031045205541,52.117218627123322
-0.018500000000000003,0.012499999999999997,124.08639548402471,74.451837290414815
-0.018000000000000002,0.012499999999999997,174.22801440065587,104.53680864039352
-0.017500000000000002,0.012499999999999997,240.55236252167558,144.33141751300533
-0.017000000000000001,0.012499999999999997,326.75075261214681,196.05045156728809
-0.016500000000000001,0.012499999999999997,436.89155284820293,262.13493170892173
-0.016,0.012499999999999997,575.34621206666111,345.20772723999664
-0.0155,0.012499999999999997,746.69034502245893,448.01420701347536
-0.015000000000000001,0.012499999999999997,955.57890170406426,573.34734102243851
-0.014500000000000001,0.012499999999999997,1206.5917144016839,723.95502864101036
-0.014,0.012499999999999997,1504.0422905583234,902.42537433499399
-0.0135,0.012499999999999997,1851.7402533524782,1111.0441520114869
-0.012999999999999999,0.012499999999999997,2252.698584207717,1351.6191505246302
-0.012500000000000001,0.012499999999999997,2708.7830480051575,1625.2698288030945
-0.012,0.012499999999999997,3220.3142449019274,1932.1885469411563
-0.0115,0.012499999999999997,3785.652150367473,2271.3912902204838
-0.010999999999999999,0.012499999999999997,4400.815781074265,2640.4894686445591
-0.010499999999999999,0.012499999999999997,5059.2112198803179,3035.5267319281907
-0.010000000000000002,0.012499999999999997,5751.5524302656922,3450.9314581594153
-0.0095000000000000015,0.012499999999999997,6466.0539486535463,3879.6323691921275
-0.0090000000000000011,0.012499999999999997,7188.9479245661705,4313.3687547397021
-0.0085000000000000006,0.012499999999999997,7905.3300150819859,4743.1980090491916
-0.0080000000000000002,0.012499999999999997,8600.2753524136042,5160.1652114481622
-0.0074999999999999997,0.012499999999999997,9260.0991763683196,5556.0595058209919
-0.0069999999999999993,0.012499999999999997,9873.582691078067,5924.1496146468398
-0.0064999999999999988,0.012499999999999997,10432.959461194218,6259.7756767165301
-0.0059999999999999984,0.012499999999999997,10934.473107392867,6560.6838644357204
-0.0054999999999999979,0.012499999999999997,11378.376638666636,6827.0259831999811
-0.005000000000000001,0.012499999999999997,11768.340029045876,7061.0040174275255
-0.0044999999999999971,0.012499999999999997,12110.347607060217,7266.2085642361299
-0.0040000000000000001,0.012499999999999997,12411.275294712852,7446.765176827711
-0.0035000000000000031,0.012499999999999997,12677.413192516222,7606.4479155097324
-0.0029999999999999992,0.012499999999999997,12913.220511084355,7747.9323066506131
-0.0025000000000000022,0.012499999999999997,13120.558103688449,7872.3348622130688
-0.0019999999999999983,0.012499999999999997,13298.544670153298,7979.1268020919788
-0.0015000000000000013,0.012499999999999997,13444.046628925762,8066.4279773554572
-0.00099999999999999742,0.012499999999999997,13552.669607845652,8131.6017647073904
-0.00050000000000000044,0.012499999999999997,13620.00536328085,8172.0032179685095
0,0.012499999999999997,13642.829969412514,8185.6979816475086
0.00050000000000000044,0.012499999999999997,13619.962532453637,8171.9775194721824
0.0010000000000000009,0.012499999999999997,13552.576362593783,8131.5458175562699
0.0015000000000000013,0.012499999999999997,13443.887202696504,8066.3323216179015
0.0020000000000000018,0.012499999999999997,13298.293969953678,7978.9763819722066
0.0024999999999999988,0.012499999999999997,13120.180138967644,7872.1080833805863
0.0030000000000000027,0.012499999999999997,12912.666582325328,7747.5999493951967
0.0034999999999999996,0.012499999999999997,12676.620106216184,7605.9720637297096
0.0040000000000000036,0.012499999999999997,12410.163952048282,7446.098371228969
0.0045000000000000005,0.012499999999999997,12108.822381733804,7265.2934290402818
0.0049999999999999975,0.012499999999999997,11766.289386574601,7059.7736319447604
0.0055000000000000014,0.012499999999999997,11375.675433252038,6825.4052599512224
0.0059999999999999984,0.012499999999999997,10930.986904246531,6558.5921425479182
0.0064999999999999988,0.012499999999999997,10428.551060364811,6257.1306362188861
0.0069999999999999993,0.012499999999999997,9868.1207755648556,5920.8724653389136
0.0074999999999999997,0.012499999999999997,9253.4686924089583,5552.0812154453752
0.0080000000000000002,0.012499999999999997,8592.3888917892818,5155.4333350735687
0.0085000000000000006,0.012499999999999997,7896.1391619376118,4737.6834971625667
0.0090000000000000011,0.012499999999999997,7178.4533138124189,4307.0719882874509
0.0095000000000000015,0.012499999999999997,6454.3127163450308,3872.5876298070184
0.010000000000000002,0.012499999999999997,5738.6818576179048,3443.2091145707427
0.010500000000000002,0.012499999999999997,5045.3876915927813,3027.2326149556689
0.011000000000000003,0.012499999999999997,4386.2686689039574,2631.7612013423745
0.011500000000000003,0.012499999999999997,3770.6528322261793,2262.3916993357075
0.012000000000000004,0.012499999999999997,3205.1610889403423,1923.0966533642054
0.012499999999999997,0.012499999999999997,2693.7837298617574,1616.2702379170544
0.013000000000000005,0.012499999999999997,2238.1514720311766,1342.890883218706
0.013499999999999998,0.012499999999999997,1837.9167250489002,1102.7500350293401
0.014000000000000005,0.012499999999999997,1491.1717178706458,894.70303072238744
0.014499999999999999,0.012499999999999997,1194.8504819962268,716.91028919773601
0.014999999999999999,0.012499999999999997,945.08429071953037,567.05057443171825
0.0155,0.012499999999999997,737.49949133978544,442.49969480387125
0.016000000000000007,0.012499999999999997,567.45975021212143,340.47585012727285
0.016500000000000001,0.012499999999999997,430.26106613413259,258.15663968047954
0.017000000000000001,0.012499999999999997,321.2888310551794,192.77329863310763
0.017500000000000002,0.012499999999999997,236.14394870029579,141.68636922017748
0.017999999999999995,0.012499999999999997,170.74178389028418,102.44507033417051
0.018500000000000003,0.012499999999999997,121.38513359887334,72.831080159324003
0.019000000000000003,0.012499999999999997,84.811274391089341,50.886764634653602
0.019500000000000003,0.012499999999999997,58.213474662302126,34.928084797381274
0.019999999999999997,0.012499999999999997,39.238685372596166,23.543211223557698
0.020499999999999997,0.012499999999999997,25.964771535068124,15.578862921040873
0.021000000000000005,0.012499999999999997,16.86202160225811,10.117212961354866
0.021500000000000005,0.012499999999999997,10.744399766279813,6.4466398597678873
0.021999999999999999,0.012499999999999997,6.7159758733668209,4.0295855240200922
0.022499999999999999,0.012499999999999997,4.1172834817483324,2.4703700890489992
0.023000000000000007,0.012499999999999997,2.4752490180978359,1.4851494108587016
0.023500000000000007,0.012499999999999997,1.4590676710872692,0.87544060265236145
0.024,0.012499999999999997,0.8432009294725088,0.5059205576835053
0.024500000000000001,0.012499999999999997,0.47768770764629154,0.28661262458777492
0.025000000000000001,0.012499999999999997,0.2652644895849598,0.15915869375097588
-0.025000000000000001,0.013000000000000005,0.21091947485207405,0.12655168491124441
-0.024500000000000001,0.013000000000000005,0.37890342667123511,0.22734205600274104
-0.024,0.013000000000000005,0.66737122650456937,0.40042273590274163
-0.0235,0.013000000000000005,1.152578531230082,0.69154711873804919
-0.023,0.013000000000000005,1.9520117301688984,1.1712070381013391
-0.022500000000000003,0.013000000000000005,3.2423273539469326,1.9453964123681595
-0.022000000000000002,0.013000000000000005,5.2827226163232925,3.1696335697939753
-0.021500000000000002,0.013000000000000005,8.4442479058348052,5.0665487435008831
-0.021000000000000001,0.013000000000000005,13.24510380970235,7.9470622858214099
-0.020500000000000001,0.013000000000000005,20.391298547184377,12.234779128310626
-0.02,0.013000000000000005,30.821225185447624,18.492735111268573
-0.0195,0.013000000000000005,45.75185449346457,27.451112696078741
-0.019,0.013000000000000005,66.723476180314279,40.034085708188563
-0.018500000000000003,0.013000000000000005,95.63941899129054,57.383651394774326
-0.018000000000000002,0.013000000000000005,134.79705855948359,80.878235135690147
-0.017500000000000002,0.013000000000000005,186.90669500331407,112.14401700198844
-0.017000000000000001,0.013000000000000005,255.09540289191264,153.05724173514758
-0.016500000000000001,0.013000000000000005,342.89340176770145,205.73604106062086
-0.016,0.013000000000000005,454.20042513462846,272.52025508077708
-0.0155,0.013000000000000005,593.22856645793604,355.93713987476161
-0.015000000000000001,0.013000000000000005,764.41598765611366,458.64959259366816
-0.014500000000000001,0.013000000000000005,972.30301518150588,583.38180910890355
-0.014,0.013000000000000005,1221.3595090520507,732.81570543123041
-0.0135,0.013000000000000005,1515.7516075092515,909.45096450555081
-0.012999999999999999,0.013000000000000005,1859.0390205880115,1115.4234123528067
-0.012500000000000001,0.013000000000000005,2253.8027394967198,1352.2816436980318
-0.012,0.013000000000000005,2701.2180927256109,1620.7308556353664
-0.0115,0.013000000000000005,3200.6084462467061,1920.3650677480236
-0.010999999999999999,0.013000000000000005,3749.0371418419886,2249.4222851051932
-0.010499999999999999,0.013000000000000005,4341.0139402207751,2604.6083641324649
-0.010000000000000002,0.013000000000000005,4968.4004745290904,2981.0402847174541
-0.0095000000000000015,0.013000000000000005,5620.5906571893629,3372.3543943136178
-0.0090000000000000011,0.013000000000000005,6285.0128345389312,3771.0077007233585
-0.0085000000000000006,0.013000000000000005,6947.951549069503,4168.7709294417018
-0.0080000000000000002,0.013000000000000005,7595.6245792110931,4557.3747475266555
-0.0074999999999999997,0.013000000000000005,8215.387426340174,4929.2324558041046
-0.0069999999999999993,0.013000000000000005,8796.8879102355131,5278.1327461413075
-0.0064999999999999988,0.013000000000000005,9332.9731224990446,5599.7838734994266
-0.0059999999999999984,0.013000000000000005,9820.1703106779732,5892.1021864067834
-0.0054999999999999979,0.013000000000000005,10258.624682288475,6155.1748093730848
-0.005000000000000001,0.013000000000000005,10651.472590951782,6390.883554571069
-0.0044999999999999971,0.013000000000000005,11003.740165642617,6602.2440993855698
-0.0040000000000000001,0.013000000000000005,11320.960711255539,6792.5764267533232
-0.0035000000000000031,0.013000000000000005,11607.773805675637,6964.6642834053819
-0.0029999999999999992,0.013000000000000005,11866.785300722957,7120.0711804337743
-0.0025000000000000022,0.013000000000000005,12097.922180917743,7258.7533085506457
-0.0019999999999999983,0.013000000000000005,12298.415826787039,7379.0494960722226
-0.0015000000000000013,0.013000000000000005,12463.412165510221,7478.0472993061321
-0.00099999999999999742,0.013000000000000005,12587.067782528729,7552.2406695172376
-0.00050000000000000044,0.013000000000000005,12663.880254256688,7598.3281525540124
0,0.013000000000000005,12689.946045720291,7613.9676274321746
0.00050000000000000044,0.013000000000000005,12663.854800841096,7598.3128805046572
0.0010000000000000009,0.013000000000000005,12587.012368932901,7552.2074213597407
0.0015000000000000013,0.013000000000000005,12463.317422019747,7477.990453211848
0.0020000000000000018,0.013000000000000005,12298.266841189841,7378.960104713904
0.0024999999999999988,0.013000000000000005,12097.697564823569,7258.6185388941412
0.0030000000000000027,0.013000000000000005,11866.456113083326,7119.8736678499954
0.0034999999999999996,0.013000000000000005,11607.302491986149,6964.3814951916893
0.0040000000000000036,0.013000000000000005,11320.300264830603,6792.1801588983617
0.0045000000000000005,0.013000000000000005,11002.833757883638,6601.7002547301827
0.0049999999999999975,0.013000000000000005,10650.2539393764,6390.1523636258398
0.0055000000000000014,0.013000000000000005,10257.019415509872,6154.2116493059229
0.0059999999999999984,0.013000000000000005,9818.0985370675571,5890.8591222405339
0.0064999999999999988,0.013000000000000005,9330.3533071529182,5598.2119842917509
0.0069999999999999993,0.013000000000000005,8793.6420143575087,5276.1852086145054
0.0074999999999999997,0.013000000000000005,8211.447076017872,4926.8682456107226
0.0080000000000000002,0.013000000000000005,7590.9378296686282,4554.5626978011769
0.0085000000000000006,0.013000000000000005,6942.4896278324377,4165.4937766994626
0.0090000000000000011,0.013000000000000005,6278.7761189206694,3767.2656713524016
0.0095000000000000015,0.013000000000000005,5613.6131018865153,3368.1678611319089
0.010000000000000002,0.013000000000000005,4960.7517771803377,2976.4510663082024
0.010500000000000002,0.013000000000000005,4332.798922361294,2599.6793534167764
0.011000000000000003,0.013000000000000005,3740.3921140461034,2244.235268427662
0.011500000000000003,0.013000000000000005,3191.6946824197198,1915.0168094518317
0.012000000000000004,0.013000000000000005,2692.212906476298,1615.3277438857788
0.012499999999999997,0.013000000000000005,2244.888975668483,1346.9333854010897
0.013000000000000005,0.013000000000000005,1850.3939927884226,1110.2363956730535
0.013499999999999998,0.013000000000000005,1507.5365896402382,904.52195378414285
0.014000000000000005,0.013000000000000005,1213.7108116795905,728.22648700775426
0.014499999999999999,0.013000000000000005,965.32545982104898,579.19527589262941
0.014999999999999999,0.013000000000000005,758.17927190070304,454.90756314042181
0.0155,0.013000000000000005,587.76664490096925,352.65998694058152
0.016000000000000007,0.013000000000000005,449.51367486106938,269.70820491664159
0.016500000000000001,0.013000000000000005,338.95304980833617,203.37182988500169
0.017000000000000001,0.013000000000000005,251.84950342223638,151.10970205334183
0.017500000000000002,0.013000000000000005,184.28687193634292,110.57212316180575
0.017999999999999995,0.013000000000000005,132.72526868722721,79.635161212336328
0.018500000000000003,0.013000000000000005,94.034118653484555,56.42047119209073
0.019000000000000003,0.013000000000000005,65.50475674858977,39.302854049153858
0.019500000000000003,0.013000000000000005,44.845312301440259,26.907187380864155
0.019999999999999997,0.013000000000000005,30.160517809787542,18.096310685872524
0.020499999999999997,0.013000000000000005,19.919488553635066,11.95169313218104
0.021000000000000005,0.013000000000000005,12.914991314356667,7.7489947886140005
0.021500000000000005,0.013000000000000005,8.2179431719721254,4.9307659031832749
0.021999999999999999,0.013000000000000005,5.1307161156872638,3.0784296694123583
0.022499999999999999,0.013000000000000005,3.1422887710709304,1.8853732626425581
0.023000000000000007,0.013000000000000005,1.8875042989325674,1.1325025793595405
0.023500000000000007,0.013000000000000005,1.1118227884587224,0.66709367307523337
0.024,0.013000000000000005,0.6421419541960447,0.38528517251762678
0.024500000000000001,0.013000000000000005,0.36360109949387598,0.21816065969632559
0.025000000000000001,0.013000000000000005,0.20182563944053405,0.12109538366432043
-0.025000000000000001,0.013499999999999998,0.1558155436432207,0.09348932618593242
-0.024500000000000001,0.013499999999999998,0.28021862146493642,0.16813117287896184
-0.024,0.013499999999999998,0.49412520509867491,0.29647512305920493
-0.0235,0.013499999999999998,0.85442929217942187,0.5126575753076531
-0.023,0.013499999999999998,1.449000550630422,0.86940033037825315
-0.022500000000000003,0.013499999999999998,2.4103421090264989,1.4462052654158992
-0.022000000000000002,0.013499999999999998,3.9335314266228267,2.3601188559736959
-0.021500000000000002,0.013499999999999998,6.2989715830189814,3.7793829498113887
-0.021000000000000001,0.013499999999999998,9.9001971059884504,5.94011826359307
-0.020500000000000001,0.013499999999999998,15.27656170529554,9.1659370231773245
-0.02,0.013499999999999998,23.150114808011871,13.890068884807123
-0.0195,0.013499999999999998,34.465411898317221,20.679247138990331
-0.019,0.013499999999999998,50.430485472242253,30.258291283345351
-0.018500000000000003,0.013499999999999998,72.556811796748477,43.534087078049083
-0.018000000000000002,0.013499999999999998,102.69588541286946,61.617531247721672
-0.017500000000000002,0.013499999999999998,143.06991594334994,85.841949566009959
-0.017000000000000001,0.013499999999999998,196.29403366324092,117.77642019794455
-0.016500000000000001,0.013499999999999998,265.38696790217608,159.23218074130565
-0.016,0.013499999999999998,353.7661407518159,212.25968445108953
-0.0155,0.013499999999999998,465.22128387739639,279.13277032643782
-0.015000000000000001,0.013499999999999998,603.85809762304314,362.31485857382586
-0.014500000000000001,0.013499999999999998,774.00064261636635,464.40038556981978
-0.014,0.013499999999999998,980.0391538797594,588.02349232785559
-0.0135,0.013499999999999998,1226.2103515069659,735.72621090417954
-0.012999999999999999,0.013499999999999998,1516.3018249265051,909.78109495590309
-0.012500000000000001,0.013499999999999998,1853.2820547201507,1111.9692328320903
-0.012,0.013499999999999998,2238.8734039647406,1343.3240423788443
-0.0115,0.013499999999999998,2673.1055357375321,1603.8633214425192
-0.010999999999999999,0.013499999999999998,3153.9077040268971,1892.3446224161382
-0.010499999999999999,0.013499999999999998,3676.814885223992,2206.0889311343949
-0.010000000000000002,0.013499999999999998,4234.8685178275718,2540.9211106965431
-0.0095000000000000015,0.013499999999999998,4818.7821267517493,2891.2692760510495
-0.0090000000000000011,0.013499999999999998,5417.412360949028,3250.4474165694169
-0.0085000000000000006,0.013499999999999998,6018.5283493146517,3611.117009588791
-0.0080000000000000002,0.013499999999999998,6609.813418770007,3965.888051262004
-0.0074999999999999997,0.013499999999999998,7179.9745771550452,4307.9847462930265
-0.0069999999999999993,0.013499999999999998,7719.7910094704657,4631.8746056822793
-0.0064999999999999988,0.013499999999999998,8222.9169200912129,4933.7501520547276
-0.0059999999999999984,0.013499999999999998,8686.2756986589193,5211.7654191953516
-0.0054999999999999979,0.013499999999999998,9109.943063352117,5465.9658380112696
-0.005000000000000001,0.013499999999999998,9496.508343509051,5697.9050061054304
-0.0044999999999999971,0.013499999999999998,9850.0081476763662,5910.0048886058194
-0.0040000000000000001,0.013499999999999998,10174.622248100131,6104.7733488600788
-0.0035000000000000031,0.013499999999999998,10473.384008369105,6284.0304050214627
-0.0029999999999999992,0.013499999999999998,10747.169093771436,6448.3014562628614
-0.0025000000000000022,0.013499999999999998,10994.17941412554,6596.5076484753235
-0.0019999999999999983,0.013499999999999998,11210.04088166813,6726.0245290008779
-0.0015000000000000013,0.013499999999999998,11388.50343515366,6833.102061092196
-0.00099999999999999742,0.013499999999999998,11522.598776585935,6913.5592659515614
-0.00050000000000000044,0.013499999999999998,11606.006571357848,6963.6039428147087
0,0.013499999999999998,11634.329173184238,6980.5975039105424
0.00050000000000000044,0.013499999999999998,11605.991750527968,6963.5950503167805
0.0010000000000000009,0.013499999999999998,11522.566510760011,6913.5399064560061
0.0015000000000000013,0.013499999999999998,11388.448268602468,6833.0689611614807
0.0020000000000000018,0.013499999999999998,11209.954131417175,6725.9724788503045
0.0024999999999999988,0.013499999999999998,10994.048626298369,6596.4291757790206
0.0030000000000000027,0.013499999999999998,10746.977416784632,6448.1864500707788
0.0034999999999999996,0.013499999999999998,10473.10957525873,6283.8657451552381
0.0040000000000000036,0.013499999999999998,10174.237688154866,6104.5426128929194
0.0045000000000000005,0.013499999999999998,9849.4803711527602,5909.6882226916559
0.0049999999999999975,0.013499999999999998,9495.7987559249104,5697.4792535549459
0.0055000000000000014,0.013499999999999998,9109.0083602767318,5465.4050161660389
0.0059999999999999984,0.013499999999999998,8685.0693613753192,5211.0416168251913
0.0064999999999999988,0.013499999999999998,8221.3914730480137,4932.8348838288084
0.0069999999999999993,0.013499999999999998,7717.9010128044993,4630.7406076826992
0.0074999999999999997,0.013499999999999998,7177.6802186014165,4306.6081311608496
0.0080000000000000002,0.013499999999999998,6607.0844523020733,3964.2506713812436
0.0085000000000000006,0.013499999999999998,6015.3480215050713,3609.2088129030426
0.0090000000000000011,0.013499999999999998,5413.7808914971092,3248.2685348982654
0.0095000000000000015,0.013499999999999998,4814.7192865515017,2888.8315719309007
0.010000000000000002,0.013499999999999998,4230.4148899136017,2538.2489339481608
0.010500000000000002,0.013499999999999998,3672.0315043181276,2203.2189025908765
0.011000000000000003,0.013499999999999998,3148.8739400598747,1889.3243640359246
0.011500000000000003,0.013499999999999998,2667.9152941070556,1600.7491764642334
0.012000000000000004,0.013499999999999998,2233.6299295505009,1340.1779577303005
0.012499999999999997,0.013499999999999998,1848.0918130889468,1108.8550878533681
0.013000000000000005,0.013499999999999998,1511.2680609573256,906.76083657439528
0.013499999999999998,0.013499999999999998,1221.4269705955523,732.85618235733136
0.014000000000000005,0.013499999999999998,975.5855259519833,585.35131557118996
0.014499999999999999,0.013499999999999998,769.93780238257477,461.96268142954483
0.014999999999999999,0.013499999999999998,600.22662809126359,360.13597685475816
0.0155,0.013499999999999998,462.04095588154541,277.22457352892724
0.016000000000000007,0.013499999999999998,351.03717385818618,210.6223043149117
0.016500000000000001,0.013499999999999998,263.09260839532976,157.85556503719786
0.017000000000000001,0.013499999999999998,194.40403490594244,116.64242094356545
0.017500000000000002,0.013499999999999998,141.54446440451613,84.926678642709675
0.017999999999999995,0.013499999999999998,101.48953866044268,60.893723196265604
0.018500000000000003,0.013499999999999998,71.622089180756063,42.973253508453638
0.019000000000000003,0.013499999999999998,49.720858377203307,29.832515026321982
0.019500000000000003,0.013499999999999998,33.937557098015709,20.362534258809426
0.019999999999999997,0.013499999999999998,22.765402918256395,13.659241750953838
0.020499999999999997,0.013499999999999998,15.001839610597347,9.0011037663584084
0.021000000000000005,0.013499999999999998,9.7079816009178987,5.8247889605507392
0.021500000000000005,0.013499999999999998,6.1672005069992144,3.7003203041995283
0.021999999999999999,0.013499999999999998,3.8450221859678648,2.307013311580719
0.022499999999999999,0.013499999999999998,2.3520923699067615,1.411255421944057
0.023000000000000007,0.013499999999999998,1.4114396323049552,0.84686377938297308
0.023500000000000007,0.013499999999999998,0.83069833442479513,0.49841900065487704
0.024,0.013499999999999998,0.47943488774407944,0.28766093264644765
0.024500000000000001,0.013499999999999998,0.27130849358846565,0.16278509615307937
0.025000000000000001,0.013499999999999998,0.15052045123895658,0.090312270743373946
-0.025000000000000001,0.014000000000000005,0.11306619300708148,0.067839715804248885
-0.024500000000000001,0.014000000000000005,0.20355560066525366,0.12213336039915219
-0.024,0.014000000000000005,0.35935539186827825,0.21561323512096695
-0.0235,0.014000000000000005,0.62217241160741021,0.37330344696444612
-0.023,0.014000000000000005,1.0565927639625641,0.63395565837753842
-0.022500000000000003,0.014000000000000005,1.76031847320237,1.0561910839214219
-0.022000000000000002,0.014000000000000005,2.8777374245204048,1.7266424547122428
-0.021500000000000002,0.014000000000000005,4.617337956859993,2.7704027741159956
-0.021000000000000001,0.014000000000000005,7.2733293443161822,4.3639976065897095
-0.020500000000000001,0.014000000000000005,11.251594407221871,6.7509566443331224
-0.02,0.014000000000000005,17.099796955828957,10.259878173497373
-0.0195,0.014000000000000005,25.541127939308087,15.324676763584851
-0.019,0.014000000000000005,37.510840860678172,22.506504516406903
-0.018500000000000003,0.014000000000000005,54.194427939284516,32.516656763570708
-0.018000000000000002,0.014000000000000005,77.066012837473082,46.239607702483845
-0.017500000000000002,0.014000000000000005,107.92520630890276,64.755123785341652
-0.017000000000000001,0.014000000000000005,148.93013240331072,89.358079441986433
-0.016500000000000001,0.014000000000000005,202.62337190873421,121.57402314524052
-0.016,0.014000000000000005,271.94598401671334,163.167590410028
-0.0155,0.014000000000000005,360.23248219793101,216.13948931875859
-0.015000000000000001,0.014000000000000005,471.17685732325424,282.70611439395253
-0.014500000000000001,0.014000000000000005,608.75707052670396,365.25424231602238
-0.014,0.014000000000000005,777.1039507287918,466.26237043727508
-0.0135,0.014000000000000005,980.30155512777594,588.1809330766655
-0.012999999999999999,0.014000000000000005,1222.1112659428027,733.26675956568158
-0.012500000000000001,0.014000000000000005,1505.6222379572084,903.37334277432501
-0.012,0.014000000000000005,1832.8462657131927,1099.7077594279156
-0.0115,0.014000000000000005,2204.2941140325761,1322.5764684195456
-0.010999999999999999,0.014000000000000005,2618.5894450307383,1571.153667018443
-0.010499999999999999,0.014000000000000005,3072.190735329496,1843.3144411976975
-0.010000000000000002,0.014000000000000005,3559.2954233309692,2135.5772539985815
-0.0095000000000000015,0.014000000000000005,4071.9891762831908,2443.1935057699143
-0.0090000000000000011,0.014000000000000005,4600.6743458935653,2760.4046075361389
-0.0085000000000000006,0.014000000000000005,5134.7671071255954,3080.8602642753572
-0.0080000000000000002,0.014000000000000005,5663.5988730796134,3398.1593238477681
-0.0074999999999999997,0.014000000000000005,6177.4049790471308,3706.4429874282782
-0.0069999999999999993,0.014000000000000005,6668.2452747735724,4000.9471648641434
-0.0064999999999999988,0.014000000000000005,7130.689382950487,4278.4136297702917
-0.0059999999999999984,0.014000000000000005,7562.1219809866407,4537.2731885919839
-0.0054999999999999979,0.014000000000000005,7962.5813122656718,4777.5487873594029
-0.005000000000000001,0.014000000000000005,8334.1292308995125,5000.477538539707
-0.0044999999999999971,0.014000000000000005,8679.8473198560787,5207.9083919136474
-0.0040000000000000001,0.014000000000000005,9002.6397984015366,5401.5838790409216
-0.0035000000000000031,0.014000000000000005,9304.0786224498115,5582.4471734698864
-0.0029999999999999992,0.014000000000000005,9583.5332706699537,5750.1199624019719
-0.0025000000000000022,0.014000000000000005,9837.781164913451,5902.6686989480704
-0.0019999999999999983,0.014000000000000005,10061.201080111086,6036.7206480666518
-0.0015000000000000013,0.014000000000000005,10246.529873912725,6147.9179243476347
-0.00099999999999999742,0.014000000000000005,10386.039239048647,6231.6235434291875
-0.00050000000000000044,0.014000000000000005,10472.892739762769,6283.7356438576608
0,0.014000000000000005,10502.397744399816,6301.4386466398892
0.00050000000000000044,0.014000000000000005,10472.884284330337,6283.7305705982026
0.0010000000000000009,0.014000000000000005,10386.020831070611,6231.6124986423665
0.0015000000000000013,0.014000000000000005,10246.498400840723,6147.8990405044333
0.0020000000000000018,0.014000000000000005,10061.151588220881,6036.6909529325285
0.0024999999999999988,0.014000000000000005,9837.7065491433386,5902.6239294860034
0.0030000000000000027,0.014000000000000005,9583.4239170221972,5750.0543502133178
0.0034999999999999996,0.014000000000000005,9303.9220556016771,5582.3532333610065
0.0040000000000000036,0.014000000000000005,9002.4204030870733,5401.4522418522438
0.0045000000000000005,0.014000000000000005,8679.5462180440263,5207.7277308264156
0.0049999999999999975,0.014000000000000005,8333.7244040498226,5000.234642429893
0.0055000000000000014,0.014000000000000005,7962.0480547653087,4777.2288328591849
0.0059999999999999984,0.014000000000000005,7561.4337534399629,4536.8602520639779
0.0064999999999999988,0.014000000000000005,7129.8191000781935,4277.8914600469161
0.0069999999999999993,0.014000000000000005,6667.1670126769532,4000.3002076061716
0.0074999999999999997,0.014000000000000005,6176.0960244288608,3705.6576146573161
0.0080000000000000002,0.014000000000000005,5662.0419702774525,3397.2251821664713
0.0085000000000000006,0.014000000000000005,5132.9526981408371,3079.771618884502
0.0090000000000000011,0.014000000000000005,4598.6025560668695,2759.1615336401214
0.0095000000000000015,0.014000000000000005,4069.6712851083371,2441.8027710650022
0.010000000000000002,0.014000000000000005,3556.7545838371461,2134.0527503022877
0.010500000000000002,0.014000000000000005,3069.4617684390428,1841.6770610634255
0.011000000000000003,0.014000000000000005,2615.7176320869867,1569.430579252192
0.011500000000000003,0.014000000000000005,2201.3330290088729,1320.7998174053237
0.012000000000000004,0.014000000000000005,1829.8548108512443,1097.9128865107466
0.012499999999999997,0.014000000000000005,1502.6611529330926,901.5966917598555
0.013000000000000005,0.014000000000000005,1219.2394529978205,731.54367179869234
0.013499999999999998,0.014000000000000005,977.57258823415816,586.54355294049492
0.014000000000000005,0.014000000000000005,774.56311122709212,464.73786673625523
0.014499999999999999,0.014000000000000005,606.43917933271189,363.8635075996271
0.014999999999999999,0.014000000000000005,469.10506745099855,281.46304047059914
0.0155,0.014000000000000005,358.418073106902,215.0508438641412
0.016000000000000007,0.014000000000000005,270.38908097168792,162.23344858301274
0.016500000000000001,0.014000000000000005,201.31441674664342,120.78865004798604
0.017000000000000001,0.014000000000000005,147.85186911356519,88.711121468139112
0.017500000000000002,0.014000000000000005,107.05492087180468,64.232952523082801
0.017999999999999995,0.014000000000000005,76.377779888735773,45.82666793324146
0.018500000000000003,0.014000000000000005,53.66115929081186,32.196695574487116
0.019000000000000003,0.014000000000000005,37.105991469621912,22.263594881773148
0.019500000000000003,0.014000000000000005,25.239981469616897,15.143988881770138
0.019999999999999997,0.014000000000000005,16.880314955510119,10.128188973306072
0.020499999999999997,0.014000000000000005,11.094862690626218,6.6569176143757307
0.021000000000000005,0.014000000000000005,7.1636684664784962,4.2982010798870975
0.021500000000000005,0.014000000000000005,4.5421612333972261,2.7252967400383357
0.021999999999999999,0.014000000000000005,2.8272420130112943,1.6963452078067764
0.022499999999999999,0.014000000000000005,1.7270864114946447,1.0362518468967867
0.023000000000000007,0.014000000000000005,1.0351638824868008,0.62109832949208044
0.023500000000000007,0.014000000000000005,0.60863366165929178,0.36518019699557508
0.024,0.014000000000000005,0.35097441814699704,0.21058465088819822
0.024500000000000001,0.014000000000000005,0.19847228314505072,0.11908336988703043
0.025000000000000001,0.014000000000000005,0.11004528956294922,0.066027173737769534
-0.025000000000000001,0.014499999999999999,0.080564744368206057,0.04833884662092363
-0.024500000000000001,0.014499999999999999,0.14519997409010701,0.0871199844540642
-0.024,0.014499999999999999,0.25664151062755491,0.15398490637653295
-0.0235,0.014499999999999999,0.44492961757464128,0.26695777054478476
-0.023,0.014499999999999999,0.75672230255932449,0.45403338153559469
-0.022500000000000003,0.014499999999999999,1.2628518172595213,0.75771109035571282
-0.022000000000000002,0.014499999999999999,2.0684421136232594,1.2410652681739556
-0.021500000000000002,0.014499999999999999,3.3260601459908035,1.9956360875944821
-0.021000000000000001,0.014499999999999999,5.2523145306591212,3.1513887183954727
-0.020500000000000001,0.014499999999999999,8.1482058402152475,4.8889235041291483
-0.02,0.014499999999999999,12.423380851497756,7.4540285108986533
-0.0195,0.014499999999999999,18.624261856136201,11.17455711368172
-0.019,0.014499999999999999,27.465822798056411,16.479493678833848
-0.018500000000000003,0.014499999999999999,39.866560045185196,23.919936027111117
-0.018000000000000002,0.014499999999999999,56.985914078296489,34.19154844697789
-0.017500000000000002,0.014499999999999999,80.262944644904238,48.157766786942538
-0.017000000000000001,0.014499999999999999,111.4542995837009,66.872579750220538
-0.016500000000000001,0.014499999999999999,152.66827658026241,91.600965948157452
-0.016,0.014499999999999999,206.38992973346575,123.83395784007945
-0.0155,0.014499999999999999,275.4897351862636,165.29384111175816
-0.015000000000000001,0.014499999999999999,363.20558116494215,217.92334869896527
-0.014500000000000001,0.014499999999999999,473.08542504916721,283.85125502950029
-0.014,0.014499999999999999,608.87687659328924,365.32612595597351
-0.0135,0.014499999999999999,774.35149249597509,464.61089549758503
-0.012999999999999999,0.014499999999999999,973.05694361341057,583.83416616804629
-0.012500000000000001,0.014499999999999999,1208.0002122778014,724.80012736668084
-0.012,0.014499999999999999,1481.2793836390317,888.76763018341899
-0.0115,0.014499999999999999,1793.6987959888324,1076.2192775932995
-0.010999999999999999,0.014499999999999999,2144.4191376346048,1286.6514825807628
-0.010499999999999999,0.014499999999999999,2530.706088286895,1518.423652972137
-0.010000000000000002,0.014499999999999999,2947.8434327329123,1768.7060596397473
-0.0095000000000000015,0.014499999999999999,3389.2652008676232,2033.5591205205737
-0.0090000000000000011,0.014499999999999999,3846.9346054600355,2308.160763276021
-0.0085000000000000006,0.014499999999999999,4311.9572168195582,2587.1743300917346
-0.0080000000000000002,0.014499999999999999,4775.3679079753119,2865.220744785187
-0.0074999999999999997,0.014499999999999999,5228.9851966713068,3137.391118002784
-0.0069999999999999993,0.014499999999999999,5666.194146705936,3399.7164880235614
-0.0064999999999999988,0.014499999999999999,6082.5105973396339,3649.5063584037803
-0.0059999999999999984,0.014499999999999999,6475.8019034277577,3885.4811420566543
-0.0054999999999999979,0.014499999999999999,6846.0928339538659,4107.6557003723192
-0.005000000000000001,0.014499999999999999,7194.9622649752728,4316.9773589851638
-0.0044999999999999971,0.014499999999999999,7524.6221836566201,4514.7733101939721
-0.0040000000000000001,0.014499999999999999,7836.8463001670571,4702.1077801002339
-0.0035000000000000031,0.014499999999999999,8131.9622302366697,4879.1773381420016
-0.0029999999999999992,0.014499999999999999,8408.1246555811176,5044.8747933486702
-0.0025000000000000022,0.014499999999999999,8661.0420872916857,5196.6252523750109
-0.0019999999999999983,0.014499999999999999,8884.2431591547338,5330.5458954928399
-0.0015000000000000013,0.014499999999999999,9069.8568074030518,5441.9140844418307
-0.00099999999999999742,0.014499999999999999,9209.7685626934472,5525.8611376160679
-0.00050000000000000044,0.014499999999999999,9296.928443788298,5578.1570662729782
0,0.014499999999999999,9326.5457901009577,5595.9274740605742
0.00050000000000000044,0.014499999999999999,9296.9237173284637,5578.1542303970782
0.0010000000000000009,0.014499999999999999,9209.7582729099813,5525.8549637459882
0.0015000000000000013,0.014499999999999999,9069.8392144281315,5441.9035286568787
0.0020000000000000018,0.014499999999999999,8884.215493930853,5330.5292963585116
0.0024999999999999988,0.014499999999999999,8661.000378195984,5196.6002269175906
0.0030000000000000027,0.014499999999999999,8408.0635285331355,5044.8381171198807
0.0034999999999999996,0.014499999999999999,8131.8747117182238,4879.1248270309343
0.0040000000000000036,0.014499999999999999,7836.7236614788235,4702.0341968872935
0.0045000000000000005,0.014499999999999999,7524.4538722624384,4514.672323357463
0.0049999999999999975,0.014499999999999999,7194.7359728416959,4316.841583705017
0.0055000000000000014,0.014499999999999999,6845.7947510139711,4107.4768506083828
0.0059999999999999984,0.014499999999999999,6475.4171945576736,3885.250316734604
0.0064999999999999988,0.014499999999999999,6082.0241222747081,3649.2144733648247
0.0069999999999999993,0.014499999999999999,5665.5914143758391,3399.3548486255036
0.0074999999999999997,0.014499999999999999,5228.2535106837031,3136.9521064102219
0.0080000000000000002,0.014499999999999999,4774.49762267397,2864.6985736043821
0.0085000000000000006,0.014499999999999999,4310.9429894266441,2586.5657936559865
0.0090000000000000011,0.014499999999999999,3845.776506039098,2307.4659036234589
0.0095000000000000015,0.014499999999999999,3387.9695344864072,2032.7817206918442
0.010000000000000002,0.014499999999999999,2946.4231415872678,1767.8538849523607
0.010500000000000002,0.014499999999999999,2529.1806367498357,1517.5083820499015
0.011000000000000003,0.014499999999999999,2142.813837297499,1285.6883023784994
0.011500000000000003,0.014499999999999999,1792.0435938987764,1075.2261563392658
0.012000000000000004,0.014499999999999999,1479.6072052651698,887.76432315910188
0.012499999999999997,0.014499999999999999,1206.3450101875167,723.80700611250995
0.013000000000000005,0.014499999999999999,971.45164327561724,582.87098596537032
0.013499999999999998,0.014499999999999999,772.82604095714771,463.69562457428862
0.014000000000000005,0.014499999999999999,607.45658544323987,364.47395126594392
0.014499999999999999,0.014499999999999999,471.78975865725192,283.07385519435115
0.014999999999999999,0.014499999999999999,362.04748171853589,217.22848903112154
0.0155,0.014499999999999999,274.47550773394585,164.68530464036749
0.016000000000000007,0.014499999999999999,205.51964429636692,123.31178657782014
0.016500000000000001,0.014499999999999999,151.93659028867063,91.161954173202375
0.017000000000000001,0.014499999999999999,110.85156658666429,66.510939951998566
0.017500000000000002,0.014499999999999999,79.776468146290227,47.865880887774132
0.017999999999999995,0.014499999999999999,56.601202188541272,33.960721313124765
0.018500000000000003,0.014499999999999999,39.568470873666215,23.741082524199729
0.019000000000000003,0.014499999999999999,27.239518064193714,16.343710838516227
0.019500000000000003,0.014499999999999999,18.455925499005094,11.073555299403056
0.019999999999999997,0.014499999999999999,12.300693707174252,7.3804162243045512
0.020499999999999997,0.014499999999999999,8.0605951627742201,4.836357097664532
0.021000000000000005,0.014499999999999999,5.1910157456727788,3.1146094474036672
0.021500000000000005,0.014499999999999999,3.2840374857824552,1.970422491469473
0.021999999999999999,0.014499999999999999,2.0402159363946279,1.2241295618367767
0.022499999999999999,0.014499999999999999,1.2442755934918304,0.74656535609509822
0.023000000000000007,0.014499999999999999,0.74474387940621967,0.44684632764373178
0.023500000000000007,0.014499999999999999,0.43736165953511147,0.26241699572106686
0.024,0.014499999999999999,0.2519566720940043,0.15117400325640257
0.024500000000000001,0.014499999999999999,0.14235847588370543,0.085415085530223256
0.025000000000000001,0.014499999999999999,0.078876104678849882,0.047325662807309925
-0.025000000000000001,0.014999999999999999,0.056357586979922686,0.033814552187953609
-0.024500000000000001,0.014999999999999999,0.10168787325797553,0.061012723954785311
-0.024,0.014999999999999999,0.17996362372973121,0.10797817423783872
-0.0235,0.014999999999999999,0.31244683380668059,0.18746810028400834
-0.023,0.014999999999999999,0.53227178102947403,0.31936306861768443
-0.022500000000000003,0.014999999999999999,0.88994125506951083,0.53396475304170643
-0.022000000000000002,0.014999999999999999,1.4607657569689685,0.87645945418138105
-0.021500000000000002,0.014999999999999999,2.3546662656210442,1.4127997593726265
-0.021000000000000001,0.014999999999999999,3.7287595333964609,2.2372557200378766
-0.020500000000000001,0.014999999999999999,5.8031174042861249,3.4818704425716747
-0.02,0.014999999999999999,8.8800396129024044,5.3280237677414428
-0.0195,0.014999999999999999,13.367103819702338,8.0202622918214033
-0.019,0.014999999999999999,19.804150029285026,11.882490017571016
-0.018500000000000003,0.014999999999999999,28.894191972390733,17.33651518343444
-0.018000000000000002,0.014999999999999999,41.537966019624477,24.922779611774686
-0.017500000000000002,0.014999999999999999,58.871329484027655,35.322797690416593
-0.017000000000000001,0.014999999999999999,82.303872749465967,49.382323649679577
-0.016500000000000001,0.014999999999999999,113.55577963075153,68.133467778450921
-0.016,0.014999999999999999,154.68808238350587,92.812849430103526
-0.0155,0.014999999999999999,208.11908135270701,124.87144881162421
-0.015000000000000001,0.014999999999999999,276.61714274972297,165.97028564983378
-0.014500000000000001,0.014999999999999999,363.25796616788153,217.95477970072892
-0.014,0.014999999999999999,471.33364264146911,282.80018558488143
-0.0135,0.014999999999999999,604.20250200268106,362.5215012016086
-0.012999999999999999,0.014999999999999999,765.07389443722684,459.04433666233609
-0.012500000000000001,0.014999999999999999,956.73122757146609,574.03873654287963
-0.012,0.014999999999999999,1181.2094688786456,708.72568132718732
-0.0115,0.014999999999999999,1439.4583882099398,863.67503292596382
-0.010999999999999999,0.014999999999999999,1731.0372123420889,1038.6223274052534
-0.010499999999999999,0.014999999999999999,2053.8962315595518,1232.3377389357311
-0.010000000000000002,0.014999999999999999,2404.3020959136634,1442.581257548198
-0.0095000000000000015,0.014999999999999999,2776.9527491903154,1666.1716495141893
-0.0090000000000000011,0.014999999999999999,3165.3039251281189,1899.1823550768713
-0.0085000000000000006,0.014999999999999999,3562.0937264249806,2137.2562358549881
-0.0080000000000000002,0.014999999999999999,3960.0103943097974,2376.0062365858785
-0.0074999999999999997,0.014999999999999999,4352.409340586777,2611.4456043520663
-0.0069999999999999993,0.014999999999999999,4733.9587310571478,2840.3752386342885
-0.0064999999999999988,0.014999999999999999,5101.087410074836,3060.6524460449014
-0.0059999999999999984,0.014999999999999999,5452.1302944695635,3271.2781766817379
-0.0054999999999999979,0.014999999999999999,5787.1144104086061,3472.2686462451634
-0.005000000000000001,0.014999999999999999,6107.196638928016,3664.3179833568097
-0.0044999999999999971,0.014999999999999999,6413.8390240664339,3848.3034144398603
-0.0040000000000000001,0.014999999999999999,6707.8725636522277,4024.7235381913365
-0.0035000000000000031,0.014999999999999999,6988.639253385777,4193.1835520314662
-0.0029999999999999992,0.014999999999999999,7253.4027004306672,4352.0416202584001
-0.0025000000000000022,0.014999999999999999,7497.1758042975734,4498.3054825785439
-0.0019999999999999983,0.014999999999999999,7713.0356797552158,4627.8214078531291
-0.0015000000000000013,0.014999999999999999,7892.8963937175949,4735.7378362305571
-0.00099999999999999742,0.014999999999999999,8028.6107292742772,4817.166437564566
-0.00050000000000000044,0.014999999999999999,8113.1959492255555,4867.9175695353333
0,0.014999999999999999,8141.9440088176416,4885.1664052905844
0.00050000000000000044,0.014999999999999999,8113.1933605777504,4867.9160163466504
0.0010000000000000009,0.014999999999999999,8028.6050936344272,4817.163056180656
0.0015000000000000013,0.014999999999999999,7892.8867581727,4735.7320549036194
0.0020000000000000018,0.014999999999999999,7713.0205277125442,4627.8123166275263
0.0024999999999999988,0.014999999999999999,7497.152960528063,4498.291776316838
0.0030000000000000027,0.014999999999999999,7253.3692215893861,4352.0215329536313
0.0034999999999999996,0.014999999999999999,6988.5913201273452,4193.1547920764069
0.0040000000000000036,0.014999999999999999,6707.8053953312665,4024.6832371987598
0.0045000000000000005,0.014999999999999999,6413.7468411353457,3848.2481046812072
0.0049999999999999975,0.014999999999999999,6107.0727003660659,3664.2436202196395
0.0055000000000000014,0.014999999999999999,5786.9511525421985,3472.1706915253189
0.0059999999999999984,0.014999999999999999,5451.9195922088447,3271.1517553253066
0.0064999999999999988,0.014999999999999999,5100.8209712065545,3060.4925827239326
0.0069999999999999993,0.014999999999999999,4733.6286189270822,2840.1771713562493
0.0074999999999999997,0.014999999999999999,4352.0086014728331,2611.2051608836996
0.0080000000000000002,0.014999999999999999,3959.5337453559482,2375.7202472135687
0.0085000000000000006,0.014999999999999999,3561.5382414305163,2136.9229448583096
0.0090000000000000011,0.014999999999999999,3164.6696424663369,1898.801785479802
0.0095000000000000015,0.014999999999999999,2776.2431221011375,1665.7458732606824
0.010000000000000002,0.014999999999999999,2403.5242127439828,1442.1145276463897
0.010500000000000002,0.014999999999999999,2053.0607528054379,1231.8364516832628
0.011000000000000003,0.014999999999999999,1730.1580009787381,1038.0948005872428
0.011500000000000003,0.014999999999999999,1438.5518460180631,863.13110761083783
0.012000000000000004,0.014999999999999999,1180.2936288991314,708.17617733947884
0.012499999999999997,0.014999999999999999,955.824685379465,573.49481122767895
0.013000000000000005,0.014999999999999999,764.1946830734995,458.51680984409967
0.013499999999999998,0.014999999999999999,603.36702324759915,362.0202139485595
0.014000000000000005,0.014999999999999999,470.55575946937586,282.33345568162548
0.014499999999999999,0.014999999999999999,362.54833907284404,217.52900344370642
0.014999999999999999,0.014999999999999999,275.98286007399241,165.58971604439543
0.0155,0.014999999999999999,207.56359632570721,124.53815779542433
0.016000000000000007,0.014999999999999999,154.2114333553024,92.526860013181434
0.016500000000000001,0.014999999999999999,113.15504035031549,67.893024210189296
0.017000000000000001,0.014999999999999999,81.973760254120407,49.184256152472244
0.017500000000000002,0.014999999999999999,58.604889830526005,35.1629338983156
0.017999999999999995,0.014999999999999999,41.327262105054366,24.796357263032618
0.018500000000000003,0.014999999999999999,28.730930692969437,17.238558415781661
0.019000000000000003,0.014999999999999999,19.680204566250421,11.808122739750251
0.019500000000000003,0.014999999999999999,13.274907216590918,7.9649443299545508
0.019999999999999997,0.014999999999999999,8.8128447528921221,5.2877068517352734
0.020499999999999997,0.014999999999999999,5.7551336710391245,3.4530802026234748
0.021000000000000005,0.014999999999999999,3.6951866330027761,2.2171119798016656
0.021500000000000005,0.014999999999999999,2.3316507591021671,1.3989904554613002
0.021999999999999999,0.014999999999999999,1.4453064842149945,0.86718389052899669
0.022499999999999999,0.014999999999999999,0.87976719190688202,0.52786031514412923
0.023000000000000007,0.014999999999999999,0.52571128545876811,0.31542677127526086
0.023500000000000007,0.014999999999999999,0.3083019180224385,0.18498115081346309
0.024,0.014999999999999999,0.17739777160913178,0.10643866296547906
0.024500000000000001,0.014999999999999999,0.1001316052785433,0.060078963167125979
0.025000000000000001,0.014999999999999999,0.055432731257183593,0.033259638754310157
-0.025000000000000001,0.0155,0.03869876706292362,0.023219260237754172
-0.024500000000000001,0.0155,0.069911710820036901,0.041947026492022137
-0.024,0.0155,0.12390088209988742,0.074340529259932453
-0.0235,0.0155,0.21545711249584645,0.12927426749750787
-0.023,0.0155,0.36771732024051917,0.22063039214431149
-0.022500000000000003,0.0155,0.61610543196065015,0.36966325917639009
-0.022000000000000002,0.0155,1.0137291958218839,0.60823751749313038
-0.021500000000000002,0.0155,1.638594583993515,0.98315675039610895
-0.021000000000000001,0.0155,2.6030310270932659,1.5618186162559595
-0.020500000000000001,0.0155,4.0657420177938208,2.4394452106762925
-0.02,0.0155,6.2469045144813693,3.7481427086888215
-0.0195,0.0155,9.4467307346825784,5.6680384408095472
-0.019,0.0155,14.067860125413739,8.4407160752482433
-0.018500000000000003,0.0155,20.641830572618279,12.385098343570967
-0.018000000000000002,0.0155,29.859621398416703,17.915772839050021
-0.017500000000000002,0.0155,42.605771321806735,25.563462793084039
-0.017000000000000001,0.0155,59.994737637864382,35.996842582718628
-0.016500000000000001,0.0155,83.406874426644947,50.04412465598697
-0.016,0.0155,114.51962765159232,68.711776590955381
-0.0155,0.0155,155.32736903496439,93.196421420978638
-0.015000000000000001,0.0155,208.1410228981359,124.88461373888154
-0.014500000000000001,0.0155,275.55684036572472,165.33410421943483
-0.014,0.0155,360.38314163776403,216.2298849826584
-0.0135,0.0155,465.51550230134382,279.30930138080629
-0.012999999999999999,0.0155,593.75552536785062,356.25331522071036
-0.012500000000000001,0.0155,747.57641876344519,448.5458512580671
-0.012,0.0155,928.84972608423425,557.30983565054055
-0.0115,0.0155,1138.5603477818977,683.13620866913857
-0.010999999999999999,0.0155,1376.5489747003282,825.9293848201969
-0.010499999999999999,0.0155,1641.3289646302205,984.79737877813227
-0.010000000000000002,0.0155,1930.0250842183252,1158.015050530995
-0.0095000000000000015,0.0155,2238.4717340355664,1343.0830404213398
-0.0090000000000000011,0.0155,2561.4873884920025,1536.8924330952016
-0.0085000000000000006,0.0155,2893.3117581430051,1735.987054885803
-0.0080000000000000002,0.0155,3228.1573040304397,1936.8943824182638
-0.0074999999999999997,0.0155,3560.794362533175,2136.4766175199047
-0.0069999999999999993,0.0155,3887.067598949875,2332.240559369925
-0.0064999999999999988,0.0155,4204.2383073254987,2522.5429843952993
-0.0059999999999999984,0.0155,4511.0666961671959,2706.6400177003175
-0.0054999999999999979,0.0155,4807.5903690112391,2884.5542214067432
-0.005000000000000001,0.0155,5094.613650106372,3056.7681900638231
-0.0044999999999999971,0.0155,5372.9860294143582,3223.7916176486146
-0.0040000000000000001,0.0155,5642.8025949111588,3385.6815569466953
-0.0035000000000000031,0.0155,5902.6908868417004,3541.6145321050203
-0.0029999999999999992,0.0155,6149.3470055833077,3689.6082033499843
-0.0025000000000000022,0.0155,6377.4458142832782,3826.4674885699669
-0.0019999999999999983,0.0155,6579.9809865355337,3947.9885919213202
-0.0015000000000000013,0.0155,6749.0037441228142,4049.4022464736881
-0.00099999999999999742,0.0155,6876.6430426934976,4125.9858256160987
-0.00050000000000000044,0.0155,6956.2244144931628,4173.7346486958977
0,0.0155,6983.2756440117591,4189.9653864070551
0.00050000000000000044,0.0155,6956.2230253506259,4173.7338152103757
0.0010000000000000009,0.0155,6876.6400184477798,4125.9840110686673
0.0015000000000000013,0.0155,6748.9985734135162,4049.3991440481095
0.0020000000000000018,0.0155,6579.9728555155634,3947.9837133093379
0.0024999999999999988,0.0155,6377.4335556624374,3826.4601333974624
0.0030000000000000027,0.0155,6149.3290398784247,3689.5974239270545
0.0034999999999999996,0.0155,5902.6651644826798,3541.5990986896077
0.0040000000000000036,0.0155,5642.7665504667984,3385.6599302800792
0.0045000000000000005,0.0155,5372.9365614139233,3223.7619368483538
0.0049999999999999975,0.0155,5094.5471411251119,3056.7282846750672
0.0055000000000000014,0.0155,4807.5027601653183,2884.5016560991908
0.0059999999999999984,0.0155,4510.9536273007425,2706.5721763804454
0.0064999999999999988,0.0155,4204.0953285994374,2522.4571971596624
0.0069999999999999993,0.0155,3886.8904513282878,2332.1342707969725
0.0074999999999999997,0.0155,3560.5793144496724,2136.3475886698034
0.0080000000000000002,0.0155,3227.9015205532032,1936.7409123319219
0.0085000000000000006,0.0155,2893.0136689889446,1735.8082013933667
0.0090000000000000011,0.0155,2561.147014253329,1536.6882085519974
0.0095000000000000015,0.0155,2238.0909278197037,1342.8545566918222
0.010000000000000002,0.0155,1929.607649835187,1157.7645899011122
0.010500000000000002,0.0155,1640.8806228072538,984.52837368435223
0.011000000000000003,0.0155,1376.0771647069844,825.64629882419058
0.011500000000000003,0.0155,1138.0738712833629,682.8443227700177
0.012000000000000004,0.0155,928.35826012661585,557.01495607596951
0.012499999999999997,0.0155,747.08994226484424,448.25396535890656
0.013000000000000005,0.0155,593.28371537430473,355.97022922458285
0.013499999999999998,0.0155,465.06716047785864,279.04029628671515
0.014000000000000005,0.0155,359.96570725333015,215.97942435199809
0.014499999999999999,0.0155,275.17603414671748,165.1056204880305
0.014999999999999999,0.0155,207.80064865197781,124.68038919118668
0.0155,0.0155,155.02927986344562,93.017567918067371
0.016000000000000007,0.0155,114.26384413445612,68.558306480673664
0.016500000000000001,0.0155,83.191826253797856,49.91509575227871
0.017000000000000001,0.0155,59.817589820258853,35.89055389215531
0.017500000000000002,0.0155,42.462792174374002,25.477675304624402
0.017999999999999995,0.0155,29.746551644459185,17.847930986675511
0.018500000000000003,0.0155,20.554219895177251,12.332531937106351
0.019000000000000003,0.0155,14.001347440834166,8.4008084645004999
0.019500000000000003,0.0155,9.397255397450218,5.6383532384701303
0.019999999999999997,0.0155,6.2108458285092718,3.7265074971055627
0.020499999999999997,0.0155,4.0399925725437278,2.4239955435262366
0.021000000000000005,0.0155,2.5850148473991128,1.5510089084394676
0.021500000000000005,0.0155,1.6262438041581804,0.97574628249490813
0.021999999999999999,0.0155,1.0054333073937027,0.60325998443622164
0.022499999999999999,0.0155,0.61064573833846847,0.36638744300308107
0.023000000000000007,0.0155,0.36419677046082854,0.21851806227649712
0.023500000000000007,0.0155,0.21323283199847007,0.12793969919908205
0.024,0.0155,0.12252397238010541,0.07351438342806324
0.024500000000000001,0.0155,0.069076572859332802,0.041445943715599683
0.025000000000000001,0.0155,0.038202462999329355,0.022921477799597613
-0.025000000000000001,0.016000000000000007,0.026082845826536246,0.015649707495921747
-0.024500000000000001,0.016000000000000007,0.04718472177341837,0.028310833064051022
-0.024,0.016000000000000007,0.083754180722835553,0.050252508433701333
-0.0235,0.016000000000000007,0.14590671158455787,0.087544026950734724
-0.023,0.016000000000000007,0.24953342594564101,0.1497200555673846
-0.022500000000000003,0.016000000000000007,0.41908798563212685,0.25145279137927612
-0.022000000000000002,0.016000000000000007,0.691450990145559,0.4148705940873354
-0.021500000000000002,0.016000000000000007,1.1211736076687873,0.67270416460127236
-0.021000000000000001,0.016000000000000007,1.787449641366712,1.0724697848200271
-0.020500000000000001,0.016000000000000007,2.8032117624573996,1.6819270574744396
-0.02,0.016000000000000007,4.3267894649370646,2.5960736789622385
-0.0195,0.016000000000000007,6.5765935933479964,3.9459561560087977
-0.019,0.016000000000000007,9.8492836738058109,5.9095702042834866
-0.018500000000000003,0.016000000000000007,14.541790158363131,8.7250740950178791
-0.018000000000000002,0.016000000000000007,21.177341203433379,12.706404722060027
-0.017500000000000002,0.016000000000000007,30.435197231892055,18.261118339135233
-0.017000000000000001,0.016000000000000007,43.183029888250729,25.909817932950435
-0.016500000000000001,0.016000000000000007,60.509715566531654,36.305829339918994
-0.016,0.016000000000000007,83.754730116214105,50.252838069728462
-0.0155,0.016000000000000007,114.52843330893251,68.717059985359498
-0.015000000000000001,0.016000000000000007,154.71559828421732,92.829358970530393
-0.014500000000000001,0.016000000000000007,206.45305940183266,123.87183564109959
-0.014,0.016000000000000007,272.07199401841422,163.24319641104853
-0.0135,0.016000000000000007,353.99687562333889,212.39812537400334
-0.012999999999999999,0.016000000000000007,454.59718633605507,272.75831180163306
-0.012500000000000001,0.016000000000000007,575.99483693744435,345.59690216246662
-0.012,0.016000000000000007,719.8395502031525,431.9037301218915
-0.0115,0.016000000000000007,887.0750118898759,532.24500713392547
-0.010999999999999999,0.016000000000000007,1077.7283092250609,646.6369855350365
-0.010499999999999999,0.016000000000000007,1290.7613580832451,774.45681484994702
-0.010000000000000002,0.016000000000000007,1524.0228732354153,914.41372394124915
-0.0095000000000000015,0.016000000000000007,1774.3308413567809,1064.5985048140685
-0.0090000000000000011,0.016000000000000007,2037.6978057231208,1222.6186834338725
-0.0085000000000000006,0.016000000000000007,2309.6861332400817,1385.811679944049
-0.0080000000000000002,0.016000000000000007,2585.85178194436,1551.5110691666159
-0.0074999999999999997,0.016000000000000007,2862.2088876880434,1717.3253326128261
-0.0069999999999999993,0.016000000000000007,3135.6306010635049,1881.3783606381028
-0.0064999999999999988,0.016000000000000007,3404.10013939289,2042.460083635734
-0.0059999999999999984,0.016000000000000007,3666.7435175751571,2200.0461105450941
-0.0054999999999999979,0.016000000000000007,3923.6113698588756,2354.1668219153253
-0.005000000000000001,0.016000000000000007,4175.2264319941742,2505.1358591965045
-0.0044999999999999971,0.016000000000000007,4421.9661732271215,2653.1797039362727
-0.0040000000000000001,0.016000000000000007,4663.3948597191284,2798.036915831477
-0.0035000000000000031,0.016000000000000007,4897.684368393403,2938.6106210360417
-0.0029999999999999992,0.016000000000000007,5121.2600196559533,3072.7560117935718
-0.0025000000000000022,0.016000000000000007,5328.774066447957,3197.2644398687739
-0.0019999999999999983,0.016000000000000007,5513.4499116240249,3308.069946974415
-0.0015000000000000013,0.016000000000000007,5667.7659617872469,3400.6595770723479
-0.00099999999999999742,0.016000000000000007,5784.3750454082428,3470.6250272449456
-0.00050000000000000044,0.016000000000000007,5857.1001672091288,3514.2601003254772
0,0.016000000000000007,5881.8234757253804,3529.094085435228
0.00050000000000000044,0.016000000000000007,5857.0994368146185,3514.2596620887712
0.0010000000000000009,0.016000000000000007,5784.3734552960605,3470.6240731776361
0.0015000000000000013,0.016000000000000007,5667.7632430902177,3400.6579458541305
0.0020000000000000018,0.016000000000000007,5513.4456364310972,3308.0673818586583
0.0024999999999999988,0.016000000000000007,5328.7676210119234,3197.2605726071538
0.0030000000000000027,0.016000000000000007,5121.2505735034756,3072.7503441020854
0.0034999999999999996,0.016000000000000007,4897.6708438850719,2938.6025063310431
0.0040000000000000036,0.016000000000000007,4663.3759079819347,2798.0255447891609
0.0045000000000000005,0.016000000000000007,4421.9401635449003,2653.1640981269402
0.0049999999999999975,0.016000000000000007,4175.1914623683106,2505.1148774209864
0.0055000000000000014,0.016000000000000007,3923.5653061768562,2354.1391837061137
0.0059999999999999984,0.016000000000000007,3666.6840673192405,2200.0104403915443
0.0064999999999999988,0.016000000000000007,3404.0249628909792,2042.4149777345874
0.0069999999999999993,0.016000000000000007,3135.5374589655198,1881.3224753793118
0.0074999999999999997,0.016000000000000007,2862.0958179810632,1717.2574907886378
0.0080000000000000002,0.016000000000000007,2585.7172940551836,1551.43037643311
0.0085000000000000006,0.016000000000000007,2309.5294015326658,1385.7176409195995
0.0090000000000000011,0.016000000000000007,2037.5188410246037,1222.5113046147621
0.0095000000000000015,0.016000000000000007,1774.1306180088534,1064.4783708053119
0.010000000000000002,0.016000000000000007,1523.803391235778,914.28203474146676
0.010500000000000002,0.016000000000000007,1290.5256253218799,774.31537519312792
0.011000000000000003,0.016000000000000007,1077.4802371807561,646.48814230845369
0.011500000000000003,0.016000000000000007,886.81922837278137,532.09153702366882
0.012000000000000004,0.016000000000000007,719.58114328822364,431.7486859729342
0.012499999999999997,0.016000000000000007,575.73905342031594,345.44343205218956
0.013000000000000005,0.016000000000000007,454.3491142916439,272.60946857498635
0.013499999999999998,0.016000000000000007,353.7611428617015,212.2566857170209
0.014000000000000005,0.016000000000000007,271.8525120180953,163.11150721085718
0.014499999999999999,0.016000000000000007,206.25283605225201,123.7517016313512
0.014999999999999999,0.016000000000000007,154.53663358176456,92.721980149058737
0.0155,0.016000000000000007,114.37170159233693,68.623020955402154
0.016000000000000007,0.016000000000000007,83.620242206058208,50.172145323634922
0.016500000000000001,0.016000000000000007,60.396645812574036,36.237987487544423
0.017000000000000001,0.016000000000000007,43.089887687200587,25.853932612320353
0.017500000000000002,0.016000000000000007,30.360020508429347,18.216012305057607
0.017999999999999995,0.016000000000000007,21.117890480877779,12.670734288526667
0.018500000000000003,0.016000000000000007,14.495725513352818,8.6974353080116913
0.019000000000000003,0.016000000000000007,9.8143121007814571,5.8885872604688743
0.019500000000000003,0.016000000000000007,6.5505800535267893,3.9303480321160733
0.019999999999999997,0.016000000000000007,4.3078302396764112,2.5846981438058467
0.020499999999999997,0.016000000000000007,2.7896730125092968,1.6738038075055781
0.021000000000000005,0.016000000000000007,1.777976949837625,1.0667861699025749
0.021500000000000005,0.016000000000000007,1.1146797155390482,0.66880782932342886
0.021999999999999999,0.016000000000000007,0.68708911135804951,0.41225346681482972
0.022499999999999999,0.016000000000000007,0.41621734410854966,0.24973040646512978
0.023000000000000007,0.016000000000000007,0.24768236303208482,0.14860941781925088
0.023500000000000007,0.016000000000000007,0.14473721153607363,0.086842326921644175
0.024,0.016000000000000007,0.083030218081458745,0.049818130848875243
0.024500000000000001,0.016000000000000007,0.046745616234936789,0.028047369740962072
0.025000000000000001,0.016000000000000007,0.02582189509342454,0.015493137056054724
-0.025000000000000001,0.016500000000000001,0.017255676079615357,0.010353405647769215
-0.024500000000000001,0.016500000000000001,0.031264168287189607,0.018758500972313765
-0.024,0.016500000000000001,0.055593350354788983,0.033356010212873391
-0.0235,0.016500000000000001,0.097046751164916206,0.058228050698949721
-0.023,0.016500000000000001,0.16636415112505859,0.099818490675035149
-0.022500000000000003,0.016500000000000001,0.2801662401311289,0.16809974407867734
-0.022000000000000002,0.016500000000000001,0.46368674891132233,0.27821204934679339
-0.021500000000000002,0.016500000000000001,0.75453692997600597,0.45272215798560356
-0.021000000000000001,0.016500000000000001,1.2077990962786662,0.72467945776719966
-0.020500000000000001,0.016500000000000001,1.9028019382328352,1.141681162939701
-0.02,0.016500000000000001,2.9519861220951413,1.7711916732570847
-0.0195,0.016500000000000001,4.5123134134441818,2.7073880480665089
-0.019,0.016500000000000001,6.7996844855758001,4.0798106913454797
-0.018500000000000003,0.016500000000000001,10.106772032807346,6.0640632196844075
-0.018000000000000002,0.016500000000000001,14.82449028780718,8.8946941726843072
-0.017500000000000002,0.016500000000000001,21.466936276620036,12.880161765972021
-0.017000000000000001,0.016500000000000001,30.698973547313106,18.419384128387861
-0.016500000000000001,0.016500000000000001,43.364625828469414,26.018775497081648
-0.016,0.016500000000000001,60.513102295360476,36.307861377216284
-0.0155,0.016500000000000001,83.417685908853571,50.050611545312144
-0.015000000000000001,0.016500000000000001,113.58112422540337,68.148674535242023
-0.014500000000000001,0.016500000000000001,152.7199759436572,91.631985566194317
-0.014,0.016500000000000001,202.72013560976157,121.63208136585693
-0.0135,0.016500000000000001,265.55708725540632,159.33425235324378
-0.012999999999999999,0.016500000000000001,343.17782740624926,205.90669644374955
-0.012500000000000001,0.016500000000000001,437.34704048920656,262.40822429352392
-0.012,0.016500000000000001,549.4676706701365,329.68060240208189
-0.0115,0.016500000000000001,680.39450119419439,408.23670071651662
-0.010999999999999999,0.016500000000000001,830.26702871534803,498.1602172292088
-0.010499999999999999,0.016500000000000001,998.3926300905681,599.03557805434082
-0.010000000000000002,0.016500000000000001,1183.2105447932513,709.92632687595074
-0.0095000000000000015,0.016500000000000001,1382.3598949458299,829.41593696749794
-0.0090000000000000011,0.016500000000000001,1592.8604356942053,955.71626141652314
-0.0085000000000000006,0.016500000000000001,1811.3943310378081,1086.8365986226847
-0.0080000000000000002,0.016500000000000001,2034.654268859123,1220.7925613154737
-0.0074999999999999997,0.016500000000000001,2259.7025220401083,1355.821513224065
-0.0069999999999999993,0.016500000000000001,2484.2726578562801,1490.563594713768
-0.0064999999999999988,0.016500000000000001,2706.9453619467372,1624.1672171680423
-0.0059999999999999984,0.016500000000000001,2927.1450183784355,1756.2870110270612
-0.0054999999999999979,0.016500000000000001,3144.9336981735723,1886.9602189041434
-0.005000000000000001,0.016500000000000001,3360.6196456287703,2016.3717873772621
-0.0044999999999999971,0.016500000000000001,3574.2404156874668,2144.54424941248
-0.0040000000000000001,0.016500000000000001,3785.0167702371955,2271.0100621423171
-0.0035000000000000031,0.016500000000000001,3990.8928290325439,2394.5356974195261
-0.0029999999999999992,0.016500000000000001,4188.2740849160982,2512.9644509496588
-0.0025000000000000022,0.016500000000000001,4372.045847802282,2623.2275086813693
-0.0019999999999999983,0.016500000000000001,4535.9044593312765,2721.542675598766
-0.0015000000000000013,0.016500000000000001,4672.9716831921996,2803.7830099153198
-0.00099999999999999742,0.016500000000000001,4776.6021108930372,2865.9612665358222
-0.00050000000000000044,0.016500000000000001,4841.2479796357211,2904.7487877814324
0,0.016500000000000001,4863.2265449605748,2917.9359269763449
0.00050000000000000044,0.016500000000000001,4841.2476033610046,2904.7485620166026
0.0010000000000000009,0.016500000000000001,4776.6012917206554,2865.960775032393
0.0015000000000000013,0.016500000000000001,4672.970282610815,2803.7821695664888
0.0020000000000000018,0.016500000000000001,4535.9022568954879,2721.5413541372927
0.0024999999999999988,0.016500000000000001,4372.0425273301471,2623.2255163980881
0.0030000000000000027,0.016500000000000001,4188.269218575645,2512.9615311453867
0.0034999999999999996,0.016500000000000001,3990.8858616601515,2394.5315169960909
0.0040000000000000036,0.016500000000000001,3785.0070069387998,2271.0042041632796
0.0045000000000000005,0.016500000000000001,3574.2270163728754,2144.5362098237251
0.0049999999999999975,0.016500000000000001,3360.6016304521877,2016.3609782713124
0.0055000000000000014,0.016500000000000001,3144.909967711917,1886.9459806271502
0.0059999999999999984,0.016500000000000001,2927.1143916035771,1756.2686349621463
0.0064999999999999988,0.016500000000000001,2706.9066335382017,1624.143980122921
0.0069999999999999993,0.016500000000000001,2484.2246741761287,1490.5348045056771
0.0074999999999999997,0.016500000000000001,2259.6442723251889,1355.7865633951133
0.0080000000000000002,0.016500000000000001,2034.5849852161934,1220.7509911297161
0.0085000000000000006,0.016500000000000001,1811.3135881269125,1086.7881528761475
0.0090000000000000011,0.016500000000000001,1592.7682390931216,955.66094345587294
0.0095000000000000015,0.016500000000000001,1382.2567466026683,829.35404796160094
0.010000000000000002,0.016500000000000001,1183.0974750396451,709.85848502378701
0.010500000000000002,0.016500000000000001,998.27118849039732,598.96271309423832
0.011000000000000003,0.016500000000000001,830.13923033109472,498.08353819865681
0.011500000000000003,0.016500000000000001,680.26273011819592,408.15763807091753
0.012000000000000004,0.016500000000000001,549.33454810769615,329.60072886461768
0.012499999999999997,0.016500000000000001,437.21526941319109,262.32916164791465
0.013000000000000005,0.016500000000000001,343.05002902194155,205.83001741316494
0.013499999999999998,0.016500000000000001,265.43564565509581,159.26138739305748
0.014000000000000005,0.016500000000000001,202.60706585580377,121.56423951348225
0.014499999999999999,0.016500000000000001,152.61682759964384,91.570096559786307
0.014999999999999999,0.016500000000000001,113.48892762229231,68.093356573375388
0.0155,0.016500000000000001,83.336942993229158,50.002165795937493
0.016000000000000007,0.016500000000000001,60.443818641623402,36.266291184974037
0.016500000000000001,0.016500000000000001,43.306376089349705,25.983825653609824
0.017000000000000001,0.016500000000000001,30.650989814066104,18.39059388843966
0.017500000000000002,0.016500000000000001,21.428207753948822,12.856924652369292
0.017999999999999995,0.016500000000000001,14.793863272552183,8.8763179635313101
0.018500000000000003,0.016500000000000001,10.083041075052737,6.0498246450316424
0.019000000000000003,0.016500000000000001,6.7816683058816469,4.069000983528988
0.019500000000000003,0.016500000000000001,4.4989121115475363,2.6993472669285219
0.019999999999999997,0.016500000000000001,2.9422189660990417,1.765331379659425
0.020499999999999997,0.016500000000000001,1.8958272290389018,1.1374963374233411
0.021000000000000005,0.016500000000000001,1.2029190837994852,0.72175145027969112
0.021500000000000005,0.016500000000000001,0.75119149488670089,0.45071489693202049
0.021999999999999999,0.016500000000000001,0.46143965547960503,0.276863793287763
0.022499999999999999,0.016500000000000001,0.27868738204572824,0.16721242922743693
0.023000000000000007,0.016500000000000001,0.16541054569093616,0.0992463274145617
0.023500000000000007,0.016500000000000001,0.096444264024542523,0.057866558414725509
0.024,0.016500000000000001,0.055220389120536922,0.033132233472322151
0.024500000000000001,0.016500000000000001,0.031037955863731457,0.018622773518238874
0.025000000000000001,0.016500000000000001,0.017121243027496482,0.010272745816497888
-0.025000000000000001,0.017000000000000001,0.011206300413360992,0.0067237802480165946
-0.024500000000000001,0.017000000000000001,0.020339411333801561,0.012203646800280936
-0.024,0.017000000000000001,0.036240535693462063,0.021744321416077236
-0.0235,0.017000000000000001,0.063411704287792511,0.038047022572675504
-0.023,0.017000000000000001,0.10899826189449256,0.065398957136695537
-0.022500000000000003,0.017000000000000001,0.18412830468946473,0.11047698281367883
-0.022000000000000002,0.017000000000000001,0.30582036047686145,0.18349221628611687
-0.021500000000000002,0.017000000000000001,0.4996528792832613,0.29979172756995676
-0.021000000000000001,0.017000000000000001,0.80343843685199356,0.48206306211119609
-0.020500000000000001,0.017000000000000001,1.2722012603486628,0.76332075620919759
-0.02,0.017000000000000001,1.9848144801867997,1.1908886881120797
-0.0195,0.017000000000000001,3.0527030769338013,1.8316218461602807
-0.019,0.017000000000000001,4.631039857169692,2.7786239143018152
-0.018500000000000003,0.017000000000000001,6.932821784741372,4.1596930708448232
-0.018000000000000002,0.017000000000000001,10.246064518799409,6.1476387112796456
-0.017500000000000002,0.017000000000000001,14.954033777397084,8.9724202664382506
-0.017000000000000001,0.017000000000000001,21.557880865651633,12.93472851939098
-0.016500000000000001,0.017000000000000001,30.700222086363386,18.420133251818029
-0.016,0.017000000000000001,43.187101305214711,25.912260783128826
-0.0155,0.017000000000000001,60.004488524907089,36.00269311494425
-0.015000000000000001,0.017000000000000001,82.324196849535056,49.394518109721034
-0.014500000000000001,0.017000000000000001,111.4931759668726,66.895905580123554
-0.014,0.017000000000000001,148.9999986745963,89.399999204757776
-0.0135,0.017000000000000001,196.41346891176767,117.8480813470606
-0.012999999999999999,0.017000000000000001,255.29102586992929,153.17461552195758
-0.012500000000000001,0.017000000000000001,327.05912615313127,196.23547569187875
-0.012,0.017000000000000001,412.87376258949786,247.72425755369869
-0.0115,0.017000000000000001,513.47590042317643,308.08554025390583
-0.010999999999999999,0.017000000000000001,629.06252703811947,377.43751622287169
-0.010499999999999999,0.017000000000000001,759.19750861995772,455.5185051719746
-0.010000000000000002,0.017000000000000001,902.78580435944764,541.67148261566854
-0.0095000000000000015,0.017000000000000001,1058.1285597731662,634.87713586389975
-0.0090000000000000011,0.017000000000000001,1223.0649337794089,733.83896026764535
-0.0085000000000000006,0.017000000000000001,1395.1903509032934,837.11421054197604
-0.0080000000000000002,0.017000000000000001,1572.122860325605,943.27371619536291
-0.0074999999999999997,0.017000000000000001,1751.7732946438105,1051.0639767862863
-0.0069999999999999993,0.017000000000000001,1932.5653127863038,1159.5391876717822
-0.0064999999999999988,0.017000000000000001,2113.5519793342164,1268.1311876005298
-0.0059999999999999984,0.017000000000000001,2294.3883537157544,1376.6330122294526
-0.0054999999999999979,0.017000000000000001,2475.144060748858,1485.0864364493148
-0.005000000000000001,0.017000000000000001,2655.9723646759603,1593.5834188055762
-0.0044999999999999971,0.017000000000000001,2836.6865712150329,1702.0119427290197
-0.0040000000000000001,0.017000000000000001,3016.3228298333979,1809.7936979000388
-0.0035000000000000031,0.017000000000000001,3192.7830657828367,1915.6698394697019
-0.0029999999999999992,0.017000000000000001,3362.6475491117958,2017.5885294670775
-0.0025000000000000022,0.017000000000000001,3521.2221141290097,2112.7332684774055
-0.0019999999999999983,0.017000000000000001,3662.8436096462488,2197.7061657877493
-0.0015000000000000013,0.017000000000000001,3781.4165199877762,2268.8499119926655
-0.00099999999999999742,0.017000000000000001,3871.1044753259157,2322.6626851955493
-0.00050000000000000044,0.017000000000000001,3927.0636968336485,2356.238218100189
0,0.017000000000000001,3946.0902279321576,2367.6541367592945
0.00050000000000000044,0.017000000000000001,3927.0635069054606,2356.2381041432764
0.0010000000000000009,0.017000000000000001,3871.1040618409838,2322.66243710459
0.0015000000000000013,0.017000000000000001,3781.4158130312057,2268.8494878187234
0.0020000000000000018,0.017000000000000001,3662.8424979461597,2197.7054987676956
0.0024999999999999988,0.017000000000000001,3521.2204380896051,2112.7322628537631
0.0030000000000000027,0.017000000000000001,3362.645092780881,2017.5870556685286
0.0034999999999999996,0.017000000000000001,3192.7795489363757,1915.6677293618254
0.0040000000000000036,0.017000000000000001,3016.3179017171037,1809.7907410302621
0.0045000000000000005,0.017000000000000001,2836.6798077855146,1702.0078846713088
0.0049999999999999975,0.017000000000000001,2655.9632713468786,1593.577962808127
0.0055000000000000014,0.017000000000000001,2475.132082576115,1485.079249545669
0.0059999999999999984,0.017000000000000001,2294.3728945643425,1376.6237367386054
0.0064999999999999988,0.017000000000000001,2113.5324308073386,1268.1194584844031
0.0069999999999999993,0.017000000000000001,1932.5410925744077,1159.5246555446445
0.0074999999999999997,0.017000000000000001,1751.7438925547301,1051.0463355328379
0.0080000000000000002,0.017000000000000001,1572.0878887580352,943.25273325482112
0.0085000000000000006,0.017000000000000001,1395.149595162909,837.08975709774541
0.0090000000000000011,0.017000000000000001,1223.0183966816451,733.811038008987
0.0095000000000000015,0.017000000000000001,1058.0764946810316,634.84589680861893
0.010000000000000002,0.017000000000000001,902.728731342483,541.6372388054898
0.010500000000000002,0.017000000000000001,759.136209835042,455.48172590102519
0.011000000000000003,0.017000000000000001,628.99801960691104,377.39881176414661
0.011500000000000003,0.017000000000000001,513.40938773860717,308.04563264316431
0.012000000000000004,0.017000000000000001,412.80656772949146,247.68394063769486
0.012499999999999997,0.017000000000000001,326.99261346855411,196.19556808113245
0.013000000000000005,0.017000000000000001,255.22651843869312,153.13591106321587
0.013499999999999998,0.017000000000000001,196.35217012678206,117.81130207606923
0.014000000000000005,0.017000000000000001,148.94292565745425,89.365755394472544
0.014499999999999999,0.017000000000000001,111.44111087430838,66.864666524585019
0.014999999999999999,0.017000000000000001,82.277659750747915,49.366595850448746
0.0155,0.017000000000000001,59.963732782135772,35.978239669281464
0.016000000000000007,0.017000000000000001,43.15212973219024,25.891277839314142
0.016500000000000001,0.017000000000000001,30.670819985068196,18.402491991040918
0.017000000000000001,0.017000000000000001,21.533660626955793,12.920196376173475
0.017500000000000002,0.017000000000000001,14.934485192908969,8.9606911157453819
0.017999999999999995,0.017000000000000001,10.230605246045494,6.1383631476272962
0.018500000000000003,0.017000000000000001,6.9208433615882825,4.1525060169529695
0.019000000000000003,0.017000000000000001,4.6219460217581467,2.7731676130548881
0.019500000000000003,0.017000000000000001,3.045938644306164,1.8275631865836983
0.019999999999999997,0.017000000000000001,1.9798844167341014,1.1879306500404607
0.020499999999999997,0.017000000000000001,1.268680710568979,0.76120842634138741
0.021000000000000005,0.017000000000000001,0.80097520485468154,0.48058512291280892
0.021500000000000005,0.017000000000000001,0.49796423959390351,0.29877854375634211
0.021999999999999999,0.017000000000000001,0.30468611902449461,0.18281167141469676
0.022499999999999999,0.017000000000000001,0.18338183722222326,0.11002910233333395
0.023000000000000007,0.017000000000000001,0.1085169206216654,0.065110152372999233
0.023500000000000007,0.017000000000000001,0.063107593261751221,0.037864555957050731
0.024,0.017000000000000001,0.036052280017910866,0.02163136801074652
0.024500000000000001,0.017000000000000001,0.020225228494714847,0.012135137096828908
0.025000000000000001,0.017000000000000001,0.011138444071417572,0.0066830664428505432
-0.025000000000000001,0.017500000000000002,0.0071450691306624257,0.0042870414783974554
-0.024500000000000001,0.017500000000000002,0.012994367612781289,0.0077966205676687729
-0.024,0.017500000000000002,0.023207095530695356,0.013924257318417213
-0.0235,0.017500000000000002,0.040715533795008613,0.024429320277005166
-0.023,0.017500000000000002,0.070201869244574444,0.042121121546744668
-0.022500000000000003,0.017500000000000002,0.11900915985881017,0.071405495915286096
-0.022000000000000002,0.017500000000000002,0.19845701501584231,0.11907420900950538
-0.021500000000000002,0.017500000000000002,0.32571123308170435,0.19542673984902262
-0.021000000000000001,0.017500000000000002,0.52639983618883168,0.31583990171329901
-0.020500000000000001,0.017500000000000002,0.83821795081242634,0.50293077048745582
-0.02,0.017500000000000002,1.3158170141785623,0.78949020850713736
-0.0195,0.017500000000000002,2.0373208030062115,1.2223924818037268
-0.019,0.017500000000000002,3.1128347022092284,1.8677008213255371
-0.018500000000000003,0.017500000000000002,4.69528778911247,2.817172673467482
-0.018000000000000002,0.017500000000000002,6.9938305467916981,4.1962983280750183
-0.017500000000000002,0.017500000000000002,10.289756431972615,6.173853859183569
-0.017000000000000001,0.017500000000000002,14.95447503946207,8.9726850236772417
-0.016500000000000001,0.017500000000000002,21.468406013767975,12.881043608260784
-0.016,0.017500000000000002,30.438792994026436,18.263275796415861
-0.0155,0.017500000000000002,42.613428556455069,25.56805713387304
-0.015000000000000001,0.017500000000000002,58.886296349812447,35.33177780988747
-0.014500000000000001,0.017500000000000002,80.290434914572089,48.174260948743253
-0.014,0.017500000000000002,107.97324668004221,64.78394800802532
-0.0135,0.017500000000000002,143.15037393074095,85.89022435844457
-0.012999999999999999,0.017500000000000002,187.03642371123664,112.22185422674198
-0.012500000000000001,0.017500000000000002,240.7543273510455,144.45259641062731
-0.012,0.017500000000000002,305.22972356757663,183.13783414054598
-0.0115,0.017500000000000002,381.08180529692754,228.64908317815653
-0.010999999999999999,0.017500000000000002,468.52651822512519,281.11591093507508
-0.010499999999999999,0.017500000000000002,567.3105279447891,340.38631676687345
-0.010000000000000002,0.017500000000000002,676.69367492856225,406.01620495713735
-0.0095000000000000015,0.017500000000000002,795.49278653154852,477.29567191892909
-0.0090000000000000011,0.017500000000000002,922.19056573106161,553.31433943863692
-0.0085000000000000006,0.017500000000000002,1055.1007584462,633.06045506772
-0.0080000000000000002,0.017500000000000002,1192.567003793296,715.54020227597755
-0.0074999999999999997,0.017500000000000002,1333.160706098304,799.89642365898237
-0.0069999999999999993,0.017500000000000002,1475.8363000406951,885.50178002441703
-0.0064999999999999988,0.017500000000000002,1620.0033105065088,972.00198630390526
-0.0059999999999999984,0.017500000000000002,1765.4851763180507,1059.2911057908304
-0.0054999999999999979,0.017500000000000002,1912.3543733698614,1147.4126240219168
-0.005000000000000001,0.017500000000000002,2060.6590259755353,1236.3954155853212
-0.0044999999999999971,0.017500000000000002,2210.0829516586609,1326.0497709951965
-0.0040000000000000001,0.017500000000000002,2359.6028132922224,1415.7616879753334
-0.0035000000000000031,0.017500000000000002,2507.216870176871,1504.3301221061226
-0.0029999999999999992,0.017500000000000002,2649.8156385194361,1589.8893831116616
-0.0025000000000000022,0.017500000000000002,2783.2445898691299,1669.9467539214779
-0.0019999999999999983,0.017500000000000002,2902.5755579365255,1741.5453347619152
-0.0015000000000000013,0.017500000000000002,3002.5629763462357,1801.5377858077413
-0.00099999999999999742,0.017500000000000002,3078.2218847133477,1846.9331308280084
-0.00050000000000000044,0.017500000000000002,3125.4356438725126,1875.2613863235074
0,0.017500000000000002,3141.48955486875,1884.8937329212499
0.00050000000000000044,0.017500000000000002,3125.4355499411436,1875.261329964686
0.0010000000000000009,0.017500000000000002,3078.2216802191833,1846.93300813151
0.0015000000000000013,0.017500000000000002,3002.5626267119874,1801.5375760271925
0.0020000000000000018,0.017500000000000002,2902.5750081312885,1741.5450048787732
0.0024999999999999988,0.017500000000000002,2783.2437609627987,1669.9462565776792
0.0030000000000000027,0.017500000000000002,2649.814423710141,1589.8886542260846
0.0034999999999999996,0.017500000000000002,2507.2151308762977,1504.3290785257786
0.0040000000000000036,0.017500000000000002,2359.6003760304311,1415.7602256182586
0.0045000000000000005,0.017500000000000002,2210.0796067196711,1326.0477640318027
0.0049999999999999975,0.017500000000000002,2060.6545287554632,1236.3927172532779
0.0055000000000000014,0.017500000000000002,1912.3484494141346,1147.4090696484807
0.0059999999999999984,0.017500000000000002,1765.4775308006169,1059.2865184803702
0.0064999999999999988,0.017500000000000002,1619.9936425370929,971.9961855222557
0.0069999999999999993,0.017500000000000002,1475.8243216307962,885.49459297847773
0.0074999999999999997,0.017500000000000002,1333.1461649259811,799.88769895558869
0.0080000000000000002,0.017500000000000002,1192.549708165456,715.52982489927354
0.0085000000000000006,0.017500000000000002,1055.0806021830692,633.04836130984154
0.0090000000000000011,0.017500000000000002,922.16755022504924,553.30053013502948
0.0095000000000000015,0.017500000000000002,795.46703708651137,477.28022225190682
0.010000000000000002,0.017500000000000002,676.66544875142131,405.99926925085276
0.010500000000000002,0.017500000000000002,567.28021186104934,340.36812711662958
0.011000000000000003,0.017500000000000002,468.494615265074,281.09676915904441
0.011500000000000003,0.017500000000000002,381.04891061364975,228.62934636818986
0.012000000000000004,0.017500000000000002,305.19649150587088,183.11789490352251
0.012499999999999997,0.017500000000000002,240.72143266776382,144.43285960065828
0.013000000000000005,0.017500000000000002,187.00452075117215,112.20271245070329
0.013499999999999998,0.017500000000000002,143.12005784696717,85.872034708180294
0.014000000000000005,0.017500000000000002,107.94502050281343,64.767012301688055
0.014499999999999999,0.017500000000000002,80.264685469322274,48.158811281593366
0.014999999999999999,0.017500000000000002,58.863280843293765,35.31796850597626
0.0155,0.017500000000000002,42.593272292143936,25.55596337528636
0.016000000000000007,0.017500000000000002,30.421497363488758,18.252898418093253
0.016500000000000001,0.017500000000000002,21.453864835403625,12.872318901242174
0.017000000000000001,0.017500000000000002,14.942496616308992,8.9654979697853943
0.017500000000000002,0.017500000000000002,10.280088434064618,6.1680530604387709
0.017999999999999995,0.017500000000000002,6.9861849693467111,4.1917109816080265
0.018500000000000003,0.017500000000000002,4.6893637095426373,2.8136182257255822
0.019000000000000003,0.017500000000000002,3.1083372317254669,1.8650023390352801
0.019500000000000003,0.017500000000000002,2.033975367916903,1.2203852207501418
0.019999999999999997,0.017500000000000002,1.3133787893968172,0.78802727363809033
0.020499999999999997,0.017500000000000002,0.83647681871533563,0.50188609122920136
0.021000000000000005,0.017500000000000002,0.5251816138765516,0.31510896832593094
0.021500000000000005,0.017500000000000002,0.32487609512099985,0.1949256570725999
0.021999999999999999,0.017500000000000002,0.19789606166419091,0.11873763699851454
0.022499999999999999,0.017500000000000002,0.11863998500034081,0.071183991000204491
0.023000000000000007,0.017500000000000002,0.069963815874441282,0.041978289524664765
0.023500000000000007,0.017500000000000002,0.040565131868702656,0.024339079121221591
0.024,0.017500000000000002,0.023113991322638555,0.013868394793583132
0.024500000000000001,0.017500000000000002,0.012937897056046569,0.0077627382336279407
0.025000000000000001,0.017500000000000002,0.0071115099247591974,0.0042669059548555181
-0.025000000000000001,0.017999999999999995,0.0044735324275171446,0.0026841194565102866
-0.024500000000000001,0.017999999999999995,0.0081545992625498484,0.0048927595575299085
-0.024,0.017999999999999995,0.014602493282899793,0.0087614959697398763
-0.0235,0.017999999999999995,0.025697996397254379,0.015418797838352627
-0.023,0.017999999999999995,0.044464488565625092,0.026678693139375053
-0.022500000000000003,0.017999999999999995,0.075679843063114718,0.045407905837868828
-0.022000000000000002,0.017999999999999995,0.12677270109985758,0.076063620659914552
-0.021500000000000002,0.017999999999999995,0.20911546435300979,0.12546927861180587
-0.021000000000000001,0.017999999999999995,0.33986199412121176,0.20391719647272705
-0.020500000000000001,0.017999999999999995,0.54451994016349436,0.32671196409809661
-0.02,0.017999999999999995,0.86049269882718737,0.5162956192963124
-0.0195,0.017999999999999995,1.3418667657490395,0.80512005944942366
-0.019,0.017999999999999995,2.0657428359876011,1.2394457015925606
-0.018500000000000003,0.017999999999999995,3.1403913349400816,1.8842348009640488
-0.018000000000000002,0.017999999999999995,4.7154244286917617,2.8292546572150568
-0.017500000000000002,0.017999999999999995,6.9939800758006738,4.1963880454804041
-0.017000000000000001,0.017999999999999995,10.246573185913268,6.1479439115479613
-0.016500000000000001,0.017999999999999995,14.825761439428875,8.8954568636573246
-0.016,0.017999999999999995,21.180106520919082,12.708063912551449
-0.0155,0.017999999999999995,29.865143864542887,17.919086318725732
-0.015000000000000001,0.017999999999999995,41.548331341364729,24.928998804818836
-0.014500000000000001,0.017999999999999995,57.004427903653074,34.202656742191841
-0.014,0.017999999999999995,77.097711726008455,46.258627035605073
-0.0135,0.017999999999999995,102.74815066227306,61.648890397363836
-0.012999999999999999,0.017999999999999995,134.88029127825044,80.928174766950264
-0.012500000000000001,0.017999999999999995,174.35628681090805,104.61377208654483
-0.012,0.017999999999999995,221.89794268942913,133.13876561365748
-0.0115,0.017999999999999995,278.006418578612,166.80385114716719
-0.010999999999999999,0.017999999999999995,342.89149014778576,205.73489408867144
-0.010499999999999999,0.017999999999999995,416.42405330285038,249.85443198171021
-0.010000000000000002,0.017999999999999995,498.1248764480091,298.87492586880546
-0.0095000000000000015,0.017999999999999995,587.19879962121331,352.31927977272795
-0.0090000000000000011,0.017999999999999995,682.61656565302155,409.56993939181291
-0.0085000000000000006,0.017999999999999995,783.2369874762195,469.94219248573165
-0.0080000000000000002,0.017999999999999995,887.95181721238373,532.77109032743022
-0.0074999999999999997,0.017999999999999995,995.82678221073081,597.49606932643849
-0.0069999999999999993,0.017999999999999995,1106.2073360746635,663.72440164479815
-0.0064999999999999988,0.017999999999999995,1218.7589084958238,731.25534509749423
-0.0059999999999999984,0.017999999999999995,1333.419943195996,800.05196591759761
-0.0054999999999999979,0.017999999999999995,1450.2613109025438,870.15678654152623
-0.005000000000000001,0.017999999999999995,1569.2654854387406,941.55929126324429
-0.0044999999999999971,0.017999999999999995,1690.0593150286811,1014.0355890172086
-0.0040000000000000001,0.017999999999999995,1811.6505900605532,1086.9903540363318
-0.0035000000000000031,0.017999999999999995,1932.2264013830224,1159.3358408298134
-0.0029999999999999992,0.017999999999999995,2049.0674031406561,1229.4404418843935
-0.0025000000000000022,0.017999999999999995,2158.6158383557895,1295.1695030134736
-0.0019999999999999983,0.017999999999999995,2256.7087321582731,1354.0252392949637
-0.0015000000000000013,0.017999999999999995,2338.9558548121181,1403.3735128872709
-0.00099999999999999742,0.017999999999999995,2401.2114921017078,1440.7268952610245
-0.00050000000000000044,0.017999999999999995,2440.0665930815458,1464.0399558489273
0,0.017999999999999995,2453.2789675104345,1471.9673805062607
0.00050000000000000044,0.017999999999999995,2440.0665475650585,1464.0399285390351
0.0010000000000000009,0.017999999999999995,2401.2113930096152,1440.726835805769
0.0015000000000000013,0.017999999999999995,2338.9556853892432,1403.3734112335458
0.0020000000000000018,0.017999999999999995,2256.7084657381934,1354.025079442916
0.0024999999999999988,0.017999999999999995,2158.6154366912097,1295.1692620147257
0.0030000000000000027,0.017999999999999995,2049.0668144784054,1229.4400886870433
0.0034999999999999996,0.017999999999999995,1932.2255585671235,1159.3353351402741
0.0040000000000000036,0.017999999999999995,1811.6494090323749,1086.989645419425
0.0045000000000000005,0.017999999999999995,1690.0576941657857,1014.0346164994714
0.0049999999999999975,0.017999999999999995,1569.263306213001,941.55798372780055
0.0055000000000000014,0.017999999999999995,1450.2584403210301,870.15506419261806
0.0059999999999999984,0.017999999999999995,1333.4162383943374,800.04974303660242
0.0064999999999999988,0.017999999999999995,1218.754223671096,731.25253420265756
0.0069999999999999993,0.017999999999999995,1106.20153167578,663.72091900546798
0.0074999999999999997,0.017999999999999995,995.81973596960938,597.49184158176558
0.0080000000000000002,0.017999999999999995,887.94343623996974,532.76606174398182
0.0085000000000000006,0.017999999999999995,783.22722032079537,469.93633219247721
0.0090000000000000011,0.017999999999999995,682.60541298930923,409.5632477935855
0.0095000000000000015,0.017999999999999995,587.18632216792093,352.31179330075253
0.010000000000000002,0.017999999999999995,498.11119884034076,298.86671930420442
0.010500000000000002,0.017999999999999995,416.40936298551253,249.84561779130752
0.011000000000000003,0.017999999999999995,342.87603087503823,205.72561852502292
0.011500000000000003,0.017999999999999995,277.99047874481846,166.79428724689106
0.012000000000000004,0.017999999999999995,221.88183937158487,133.12910362295091
0.012499999999999997,0.017999999999999995,174.340346977113,104.6042081862678
0.013000000000000005,0.017999999999999995,134.86483200549634,80.918899203297798
0.013499999999999998,0.017999999999999995,102.73346034491873,61.640076206951235
0.014000000000000005,0.017999999999999995,77.084034118297495,46.250420470978497
0.014499999999999999,0.017999999999999995,56.991950450257718,34.195170270154627
0.014999999999999999,0.017999999999999995,41.537178677407418,24.922307206444451
0.0155,0.017999999999999995,29.8553767085468,17.913226025128079
0.016000000000000007,0.017999999999999995,21.171725547197724,12.703035328318634
0.016500000000000001,0.017999999999999995,14.818715195379935,8.8912291172279616
0.017000000000000001,0.017999999999999995,10.240768780606949,6.1444612683641688
0.017500000000000002,0.017999999999999995,6.9892952372671333,4.1935771423602795
0.017999999999999995,0.017999999999999995,4.7117195979536639,2.8270317587721983
0.018500000000000003,0.017999999999999995,3.1375206934165063,1.8825124160499036
0.019000000000000003,0.017999999999999995,2.0635634889059906,1.2381380933435944
0.019500000000000003,0.017999999999999995,1.3402456624588832,0.80414739747532993
0.019999999999999997,0.017999999999999995,0.85931120401102634,0.51558672240661574
0.020499999999999997,0.017999999999999995,0.54367623675994858,0.32620574205596914
0.021000000000000005,0.017999999999999995,0.33927167802005848,0.20356300681203507
0.021500000000000005,0.017999999999999995,0.20871078010127803,0.12522646806076682
0.021999999999999999,0.017999999999999995,0.12650087896022263,0.075900527376133578
0.022499999999999999,0.017999999999999995,0.075500951360920374,0.04530057081655222
0.023000000000000007,0.017999999999999995,0.044349134630709823,0.026609480778425895
0.023500000000000007,0.017999999999999995,0.025625115874670066,0.015375069524802039
0.024,0.017999999999999995,0.014557377615137906,0.0087344265690827427
0.024500000000000001,0.017999999999999995,0.0081272352268188519,0.0048763411360913111
0.025000000000000001,0.017999999999999995,0.004457270584841258,0.0026743623509047549
-0.025000000000000001,0.018500000000000003,0.0027510948764180978,0.0016506569258508586
-0.024500000000000001,0.018500000000000003,0.0050281879627460399,0.0030169127776476239
-0.024,0.018500000000000003,0.0090315895226854986,0.0054189537136112992
-0.0235,0.018500000000000003,0.015949884200348464,0.009569930520209078
-0.023,0.018500000000000003,0.027707833083062322,0.016624699849837391
-0.022500000000000003,0.018500000000000003,0.047372344164275236,0.028423406498565139
-0.022000000000000002,0.018500000000000003,0.079755488940732241,0.047853293364439345
-0.021500000000000002,0.018500000000000003,0.13229717897285875,0.079378307383715249
-0.021000000000000001,0.018500000000000003,0.21633820598269451,0.1298029235896167
-0.020500000000000001,0.018500000000000003,0.34892775438578122,0.20935665263146871
-0.02,0.018500000000000003,0.55534573533435094,0.33320744120061058
-0.0195,0.018500000000000003,0.87255350263908649,0.52353210158345187
-0.019,0.018500000000000003,1.3538059008698118,0.812283540521887
-0.018500000000000003,0.018500000000000003,2.0746461934177378,1.2447877160506426
-0.018000000000000002,0.018500000000000003,3.1404399245438612,1.8842639547263167
-0.017500000000000002,0.018500000000000003,4.6954565944259095,2.8172739566555456
-0.017000000000000001,0.018500000000000003,6.9332526351785475,4.1599515811071281
-0.016500000000000001,0.018500000000000003,10.107729445508733,6.0646376673052398
-0.016,0.018500000000000003,14.543743452969172,8.7262460717815031
-0.0155,0.018500000000000003,20.645576523814825,12.387345914288895
-0.015000000000000001,0.018500000000000003,28.901029429754342,17.340617657852604
-0.014500000000000001,0.018500000000000003,39.878526037070799,23.927115622242479
-0.014,0.018500000000000003,54.214598886518395,32.528759331911033
-0.0135,0.018500000000000003,72.589661939205371,43.553797163523221
-0.012999999999999999,0.018500000000000003,95.691209628578633,57.414725777147176
-0.012500000000000001,0.018500000000000003,124.16554273801606,74.499325642809637
-0.012,0.018500000000000003,158.56165781142639,95.136994686855829
-0.0115,0.018500000000000003,199.27367033048563,119.56420219829137
-0.010999999999999999,0.018500000000000003,246.49048061500346,147.89428836900208
-0.010499999999999999,0.018500000000000003,300.16260857366501,180.097565144199
-0.010000000000000002,0.018500000000000003,359.99551201125735,215.99730720675441
-0.0095000000000000015,0.018500000000000003,425.47578452403906,255.28547071442341
-0.0090000000000000011,0.018500000000000003,495.93137003366945,297.55882202020166
-0.0085000000000000006,0.018500000000000003,570.61990480047984,342.37194288028792
-0.0080000000000000002,0.018500000000000003,648.8317183032799,389.29903098196792
-0.0074999999999999997,0.018500000000000003,729.98760499227728,437.99256299536637
-0.0069999999999999993,0.018500000000000003,813.70810483464481,488.22486290078689
-0.0064999999999999988,0.018500000000000003,899.83229222153443,539.89937533292061
-0.0059999999999999984,0.018500000000000003,988.37076256902071,593.02245754141245
-0.0054999999999999979,0.018500000000000003,1079.3892179337806,647.6335307602684
-0.005000000000000001,0.018500000000000003,1172.8340267105384,703.70041602632307
-0.0044999999999999971,0.018500000000000003,1268.3264381202914,760.99586287217483
-0.0040000000000000001,0.018500000000000003,1364.9642120240735,818.97852721444406
-0.0035000000000000031,0.018500000000000003,1461.1749026100865,876.70494156605184
-0.0029999999999999992,0.018500000000000003,1554.6616112449453,932.7969667469672
-0.0025000000000000022,0.018500000000000003,1642.4692194309537,985.48153165857218
-0.0019999999999999983,0.018500000000000003,1721.1786308013779,1032.7071784808268
-0.0015000000000000013,0.018500000000000003,1787.2121133122878,1072.3272679873726
-0.00099999999999999742,0.018500000000000003,1837.2094705498896,1102.3256823299337
-0.00050000000000000044,0.018500000000000003,1868.41770852522,1121.0506251151319
0,0.018500000000000003,1879.0302590073622,1127.4181554044173
0.00050000000000000044,0.018500000000000003,1868.4176869147773,1121.0506121488663
0.0010000000000000009,0.018500000000000003,1837.2094235026739,1102.3256541016042
0.0015000000000000013,0.018500000000000003,1787.2120328732303,1072.3272197239382
0.0020000000000000018,0.018500000000000003,1721.1785043097213,1032.7071025858327
0.0024999999999999988,0.018500000000000003,1642.4690287275419,985.48141723652509
0.0030000000000000027,0.018500000000000003,1554.6613317582669,932.79679905496005
0.0034999999999999996,0.018500000000000003,1461.1745024556403,876.70470147338415
0.0040000000000000036,0.018500000000000003,1364.9636512922727,818.9781907753636
0.0045000000000000005,0.018500000000000003,1268.3256685625572,760.99540113753426
0.0049999999999999975,0.018500000000000003,1172.8329920517613,703.69979523105678
0.0055000000000000014,0.018500000000000003,1079.3878550312104,647.63271301872624
0.0059999999999999984,0.018500000000000003,988.36900359312017,593.02140215587212
0.0064999999999999988,0.018500000000000003,899.83006794759206,539.89804076855523
0.0069999999999999993,0.018500000000000003,813.70534900621135,488.2232094037268
0.0074999999999999997,0.018500000000000003,729.98425955857772,437.99055573514664
0.0080000000000000002,0.018500000000000003,648.82773916219401,389.29664349731638
0.0085000000000000006,0.018500000000000003,570.61526752361976,342.36916051417182
0.0090000000000000011,0.018500000000000003,495.92607494138161,297.55564496482896
0.0095000000000000015,0.018500000000000003,425.46986044451808,255.28191626671082
0.010000000000000002,0.018500000000000003,359.98901811914806,215.99341087148883
0.010500000000000002,0.018500000000000003,300.15563386447906,180.09338031868742
0.011000000000000003,0.018500000000000003,246.48314081905752,147.88988449143451
0.011500000000000003,0.018500000000000003,199.26610237244711,119.55966142346826
0.012000000000000004,0.018500000000000003,158.55401223398167,95.132407340388994
0.012499999999999997,0.018500000000000003,124.15797477997711,74.494784867986269
0.013000000000000005,0.018500000000000003,95.68386983262954,57.410321899577724
0.013499999999999998,0.018500000000000003,72.582687230011587,43.549612338006952
0.014000000000000005,0.018500000000000003,54.208104994388655,32.524862996633189
0.014499999999999999,0.018500000000000003,39.872601957501111,23.923561174500666
0.014999999999999999,0.018500000000000003,28.895734337350142,17.337440602410084
0.0155,0.018500000000000003,20.640939246683246,12.384563548009947
0.016000000000000007,0.018500000000000003,14.539764311262569,8.723858586757542
0.016500000000000001,0.018500000000000003,10.104384010419443,6.0626304062516656
0.017000000000000001,0.018500000000000003,6.9304968036959442,4.1582980822175664
0.017500000000000002,0.018500000000000003,4.6932323139285392,2.8159393883571235
0.017999999999999995,0.018500000000000003,3.1386809348374354,1.8832085609024611
0.018500000000000003,0.018500000000000003,2.073283262356163,1.2439699574136978
0.019000000000000003,0.018500000000000003,1.3527711844807775,0.81166271068846652
0.019500000000000003,0.018500000000000003,0.87178383076956489,0.52307029846173891
0.019999999999999997,0.018500000000000003,0.55478478198270165,0.332870869189621
0.020499999999999997,0.018500000000000003,0.34852717856814458,0.20911630714088675
0.021000000000000005,0.018500000000000003,0.21605793408395649,0.12963476045037389
0.021500000000000005,0.018500000000000003,0.13210504187309016,0.079263025123854094
0.021999999999999999,0.018500000000000003,0.079626432479209849,0.047775859487525905
0.022499999999999999,0.018500000000000003,0.047287409470905713,0.028372445682543428
0.023000000000000007,0.018500000000000003,0.027653065025232678,0.016591839015139605
0.023500000000000007,0.018500000000000003,0.015915281785801653,0.009549169071480991
0.024,0.018500000000000003,0.0090101693821171194,0.0054061016292702713
0.024500000000000001,0.018500000000000003,0.0050151959907559643,0.0030091175944535783
0.025000000000000001,0.018500000000000003,0.0027433740341187714,0.0016460244204712629
-0.025000000000000001,0.019000000000000003,0.0016622882626513261,0.00099737295759079556
-0.024500000000000001,0.019000000000000003,0.0030474507906671344,0.0018284704744002806
-0.024,0.019000000000000003,0.0054929644691409964,0.0032957786814845976
-0.0235,0.019000000000000003,0.0097392963678140237,0.0058435778206884139
-0.023,0.019000000000000003,0.01699513368976437,0.010197080213858621
-0.022500000000000003,0.019000000000000003,0.02920342350424442,0.01752205410254665
-0.022000000000000002,0.019000000000000003,0.049441976427869301,0.029665185856721579
-0.021500000000000002,0.019000000000000003,0.082518022999532994,0.049510813799719798
-0.021000000000000001,0.019000000000000003,0.1358374041625707,0.081502442497542418
-0.020500000000000001,0.019000000000000003,0.22065460072794796,0.13239276043676876
-0.02,0.019000000000000003,0.3538376801847693,0.21230260811086157
-0.0195,0.019000000000000003,0.5603080269204469,0.33618481615226814
-0.019,0.019000000000000003,0.8763303232576054,0.52579819395456318
-0.018500000000000003,0.019000000000000003,1.3538210434137101,0.81229262604822605
-0.018000000000000002,0.019000000000000003,2.0657965575930612,1.2394779345558367
-0.017500000000000002,0.019000000000000003,3.1129747365320011,1.8677848419192005
-0.017000000000000001,0.019000000000000003,4.6313576874621365,2.7788146124772819
-0.016500000000000001,0.019000000000000003,6.8003468567014265,4.0802081140208557
-0.016,0.019000000000000003,9.8505814213587044,5.9103488528152228
-0.0155,0.019000000000000003,14.070280503018415,8.4421683018110478
-0.015000000000000001,0.019000000000000003,19.808478897479251,11.88508733848755
-0.014500000000000001,0.019000000000000003,27.473281771333887,16.48396906280033
-0.014,0.019000000000000003,37.523260905722772,22.513956543433661
-0.0135,0.019000000000000003,50.450511569896882,30.270306941938127
-0.012999999999999999,0.019000000000000003,66.754786757288286,40.052872054372969
-0.012500000000000001,0.019000000000000003,86.909540756063606,52.145724453638159
-0.012,0.019000000000000003,111.32253077346418,66.793518464078502
-0.0115,0.019000000000000003,140.29556649701075,84.177339898206455
-0.010999999999999999,0.019000000000000003,173.98963346548939,104.39378007929363
-0.010499999999999999,0.019000000000000003,212.40242417413774,127.44145450448264
-0.010000000000000002,0.019000000000000003,255.36478750915373,153.21887250549224
-0.0095000000000000015,0.019000000000000003,302.56041923418536,181.53625154051122
-0.0090000000000000011,0.019000000000000003,353.56925706212274,212.14155423727365
-0.0085000000000000006,0.019000000000000003,407.92994697497852,244.75796818498711
-0.0080000000000000002,0.019000000000000003,465.21130906294678,279.12678543776804
-0.0074999999999999997,0.019000000000000003,525.07820379486293,315.04692227691777
-0.0069999999999999993,0.019000000000000003,587.33495139890272,352.4009708393416
-0.0064999999999999988,0.019000000000000003,651.93063025576998,391.15837815346197
-0.0059999999999999984,0.019000000000000003,718.91572474532836,431.34943484719702
-0.0054999999999999979,0.019000000000000003,788.34837613265029,473.00902567959014
-0.005000000000000001,0.019000000000000003,860.15958596427981,516.09575157856784
-0.0044999999999999971,0.019000000000000003,933.99795131662802,560.39877078997677
-0.0040000000000000001,0.019000000000000003,1009.0832453759479,605.44994722556874
-0.0035000000000000031,0.019000000000000003,1084.1019130932684,650.46114785596103
-0.0029999999999999992,0.019000000000000003,1157.1746560087081,694.30479360522486
-0.0025000000000000022,0.019000000000000003,1225.9164144192057,735.54984865152335
-0.0019999999999999983,0.019000000000000003,1287.5935223626761,772.55611341760562
-0.0015000000000000013,0.019000000000000003,1339.3644110320774,803.61864661924642
-0.00099999999999999742,0.019000000000000003,1378.5727353066557,827.1436411839934
-0.00050000000000000044,0.019000000000000003,1403.0490963851637,841.82945783109824
0,0.019000000000000003,1411.3727271651574,846.82363629909435
0.00050000000000000044,0.019000000000000003,1403.0490863321691,841.82945179930141
0.0010000000000000009,0.019000000000000003,1378.5727134206904,827.14362805241421
0.0015000000000000013,0.019000000000000003,1339.3643736125118,803.61862416750705
0.0020000000000000018,0.019000000000000003,1287.5934635198319,772.55607811189907
0.0024999999999999988,0.019000000000000003,1225.9163257055986,735.54979542335911
0.0030000000000000027,0.019000000000000003,1157.1745259938793,694.30471559632758
0.0034999999999999996,0.019000000000000003,1084.10172694482,650.46103616689197
0.0040000000000000036,0.019000000000000003,1009.0829845282783,605.44979071696696
0.0045000000000000005,0.019000000000000003,933.99759332490805,560.39855599494479
0.0049999999999999975,0.019000000000000003,860.15910464980766,516.09546278988455
0.0055000000000000014,0.019000000000000003,788.34774212195441,473.00864527317265
0.0059999999999999984,0.019000000000000003,718.91490648468459,431.34894389081074
0.0064999999999999988,0.019000000000000003,651.92959554243032,391.15775732545819
0.0069999999999999993,0.019000000000000003,587.33366941093004,352.400201646558
0.0074999999999999997,0.019000000000000003,525.0766475275301,315.04598851651804
0.0080000000000000002,0.019000000000000003,465.20945800032206,279.12567480019322
0.0085000000000000006,0.019000000000000003,407.92778975318339,244.75667385191002
0.0090000000000000011,0.019000000000000003,353.56679383017968,212.1400762981078
0.0095000000000000015,0.019000000000000003,302.5576634027255,181.53459804163529
0.010000000000000002,0.019000000000000003,255.36176660571914,153.21705996343147
0.010500000000000002,0.019000000000000003,212.39917959868419,127.4395077592105
0.011000000000000003,0.019000000000000003,173.986219054777,104.39173143286619
0.011500000000000003,0.019000000000000003,140.29204594723154,84.175227568338926
0.012000000000000004,0.019000000000000003,111.31897411579675,66.791384469478047
0.012499999999999997,0.019000000000000003,86.906020206284211,52.143612123770524
0.013000000000000005,0.019000000000000003,66.751372346574513,40.050823407944705
0.013499999999999998,0.019000000000000003,50.447266994439822,30.268360196663892
0.014000000000000005,0.019000000000000003,37.520240002278634,22.512144001367179
0.014499999999999999,0.019000000000000003,27.470525939851388,16.482315563910831
0.014999999999999999,0.019000000000000003,19.806015665481997,11.883609399289197
0.0155,0.019000000000000003,14.068123281096906,8.4408739686581438
0.016000000000000007,0.019000000000000003,9.8487303584451045,5.9092382150670621
0.016500000000000001,0.019000000000000003,6.7987905887219986,4.079274353233199
0.017000000000000001,0.019000000000000003,4.6300756980710398,2.7780454188426238
0.017500000000000002,0.019000000000000003,3.1119400201429777,1.8671640120857864
0.017999999999999995,0.019000000000000003,2.0649782905266925,1.2389869743160153
0.018500000000000003,0.019000000000000003,1.3531870194638558,0.8119122116783134
0.019000000000000003,0.019000000000000003,0.87584898198477679,0.52550938919086609
0.019500000000000003,0.019000000000000003,0.55994998210617575,0.33596998926370542
0.019999999999999997,0.019000000000000003,0.35357672945165874,0.21214603767099524
0.020499999999999997,0.019000000000000003,0.22046825626103128,0.13228095375661877
0.021000000000000005,0.019000000000000003,0.13570702405657628,0.081424214433945763
0.021500000000000005,0.019000000000000003,0.082428642453191675,0.049457185471915001
0.021999999999999999,0.019000000000000003,0.049381940458482855,0.029629164275089711
0.022499999999999999,0.019000000000000003,0.02916391260652694,0.017498347563916165
0.023000000000000007,0.019000000000000003,0.016969656054592636,0.01018179363275558
0.023500000000000007,0.019000000000000003,0.009723199618562349,0.005833919771137409
0.024,0.019000000000000003,0.0054830000017423927,0.0032898000010454357
0.024500000000000001,0.019000000000000003,0.0030414070356821754,0.0018248442214093051
0.025000000000000001,0.019000000000000003,0.0016586965924129439,0.00099521795544776632
-0.025000000000000001,0.019500000000000003,0.00098721369935928492,0.00059232821961557088
-0.024500000000000001,0.019500000000000003,0.0018161672495630714,0.0010897003497378427
-0.024,0.019500000000000003,0.0032866268885740394,0.0019719761331444237
-0.0235,0.019500000000000003,0.0058535630626325276,0.0035121378375795164
-0.023,0.019500000000000003,0.010266002944644319,0.0061596017667865915
-0.022500000000000003,0.019500000000000003,0.017739206297995715,0.01064352377879743
-0.022000000000000002,0.019500000000000003,0.030217360788197128,0.018130416472918277
-0.021500000000000002,0.019500000000000003,0.050768548278959047,0.030461128967375427
-0.021000000000000001,0.019500000000000003,0.084169337370736549,0.050501602422441928
-0.020500000000000001,0.019500000000000003,0.13775517313418481,0.082653103880510878
-0.02,0.019500000000000003,0.22263338598974897,0.13358003159384937
-0.0195,0.019500000000000003,0.3553748853759392,0.21322493122556352
-0.019,0.019500000000000003,0.56031255313472184,0.33618753188083311
-0.018500000000000003,0.019500000000000003,0.87256989979257193,0.52354193987554309
-0.018000000000000002,0.019500000000000003,1.341910414411412,0.80514624864684714
-0.017500000000000002,0.019500000000000003,2.0374219812593815,1.2224531887556289
-0.017000000000000001,0.019500000000000003,3.0529184506874412,1.8317510704124647
-0.016500000000000001,0.019500000000000003,4.5127444675060584,2.7076466805036348
-0.016,0.019500000000000003,6.5774149528399057,3.9464489717039433
-0.0155,0.019500000000000003,9.4482318050345118,5.6689390830207067
-0.015000000000000001,0.019500000000000003,13.369747211368351,8.0218483268210097
-0.014500000000000001,0.019500000000000003,18.628761254857814,11.177256752914689
-0.014,0.019500000000000003,25.548545933945316,15.329127560367189
-0.0135,0.019500000000000003,34.477274261843348,20.686364557106007
-0.012999999999999999,0.019500000000000003,45.770271120505754,27.462162672303453
-0.012500000000000001,0.019500000000000003,59.766700252924828,35.860020151754895
-0.012,0.019500000000000003,76.762573541276879,46.057544124766125
-0.0115,0.019500000000000003,96.983315733757095,58.189989440254251
-0.010999999999999999,0.019500000000000003,120.5602351408958,72.336141084537473
-0.010499999999999999,0.019500000000000003,147.51577045667648,88.509462274005884
-0.010000000000000002,0.019500000000000003,177.76195482761196,106.65717289656718
-0.0095000000000000015,0.019500000000000003,211.11493376205433,126.6689602572326
-0.0090000000000000011,0.019500000000000003,247.32560068398053,148.39536041038832
-0.0085000000000000006,0.019500000000000003,286.12279362572934,171.67367617543761
-0.0080000000000000002,0.019500000000000003,327.26167657202978,196.35700594321787
-0.0074999999999999997,0.019500000000000003,370.5668064764119,222.34008388584712
-0.0069999999999999993,0.019500000000000003,415.95793487602418,249.5747609256145
-0.0064999999999999988,0.019500000000000003,463.44761532010449,278.06856919206268
-0.0059999999999999984,0.019500000000000003,513.10355758647336,307.86213455188403
-0.0054999999999999979,0.019500000000000003,564.97512283464027,338.98507370078414
-0.005000000000000001,0.019500000000000003,618.99141249200682,371.39484749520409
-0.0044999999999999971,0.019500000000000003,674.84647990377982,404.90788794226791
-0.0040000000000000001,0.019500000000000003,731.89338210723088,439.1360292643385
-0.0035000000000000031,0.019500000000000003,789.07130026735467,473.44278016041278
-0.0029999999999999992,0.019500000000000003,844.88759640349599,506.93255784209759
-0.0025000000000000022,0.019500000000000003,897.46923614499963,538.48154168699978
-0.0019999999999999983,0.019500000000000003,944.68646863831202,566.81188118298724
-0.0015000000000000013,0.019500000000000003,984.33807897149609,590.60284738289761
-0.00099999999999999742,0.019500000000000003,1014.3746787002561,608.62480722015368
-0.00050000000000000044,0.019500000000000003,1033.1272307317747,619.87633843906485
0,0.019500000000000003,1039.5045764090401,623.70274584542403
0.00050000000000000044,0.019500000000000003,1033.1272261496799,619.87633568980789
0.0010000000000000009,0.019500000000000003,1014.3746687247641,608.62480123485841
0.0015000000000000013,0.019500000000000003,984.33806191588189,590.60283714952914
0.0020000000000000018,0.019500000000000003,944.68644181809509,566.81186509085705
0.0024999999999999988,0.019500000000000003,897.46919570986836,538.48151742592097
0.0030000000000000027,0.019500000000000003,844.88753714351458,506.93252228610874
0.0034999999999999996,0.019500000000000003,789.07121542200593,473.44272925320354
0.0040000000000000036,0.019500000000000003,731.89326321442286,439.13595792865368
0.0045000000000000005,0.019500000000000003,674.84631673329534,404.90779003997721
0.0049999999999999975,0.019500000000000003,618.99119311174957,371.39471586704974
0.0055000000000000014,0.019500000000000003,564.97483385635712,338.98490031381425
0.0059999999999999984,0.019500000000000003,513.10318462816645,307.86191077689983
0.0064999999999999988,0.019500000000000003,463.44714370395343,278.06828622237202
0.0069999999999999993,0.019500000000000003,415.9573505535746,249.57441033214474
0.0074999999999999997,0.019500000000000003,370.56609713907062,222.33965828344236
0.0080000000000000002,0.019500000000000003,327.26083286875786,196.35649972125472
0.0085000000000000006,0.019500000000000003,286.12181037693892,171.67308622616335
0.0090000000000000011,0.019500000000000003,247.32447795759506,148.39468677455704
0.0095000000000000015,0.019500000000000003,211.11367767055941,126.66820660233564
0.010000000000000002,0.019500000000000003,177.76057791789646,106.65634675073787
0.010500000000000002,0.019500000000000003,147.51429159859279,88.508574959155666
0.011000000000000003,0.019500000000000003,120.55867887291703,72.335207323750211
0.011500000000000003,0.019500000000000003,96.981711088226461,58.189026652935873
0.012000000000000004,0.019500000000000003,76.760952437986759,46.056571462792057
0.012499999999999997,0.019500000000000003,59.765095607394201,35.859057364436516
0.013000000000000005,0.019500000000000003,45.76871485252628,27.461228911515768
0.013499999999999998,0.019500000000000003,34.475795403758013,20.685477242254809
0.014000000000000005,0.019500000000000003,25.547169024225528,15.328301414535316
0.014499999999999999,0.019500000000000003,18.627505163352591,11.176503098011555
0.014999999999999999,0.019500000000000003,13.36862448495825,8.0211746909749504
0.0155,0.019500000000000003,9.4472485561864943,5.6683491337118967
0.016000000000000007,0.019500000000000003,6.5765712494363271,3.9459427496617963
0.016500000000000001,0.019500000000000003,4.5120351298701245,2.7072210779220747
0.017000000000000001,0.019500000000000003,3.0523341275914206,1.8314004765548524
0.017500000000000002,0.019500000000000003,2.0369503637185975,1.2221702182311585
0.017999999999999995,0.019500000000000003,1.3415374531771691,0.8049224719063014
0.018500000000000003,0.019500000000000003,0.87228091546875275,0.52336854928125165
0.019000000000000003,0.019500000000000003,0.56009316066179216,0.33605589639707528
0.019500000000000003,0.019500000000000003,0.35521169069130104,0.21312701441478063
0.019999999999999997,0.019500000000000003,0.22251444620651925,0.13350866772391154
0.020499999999999997,0.019500000000000003,0.13767023844081591,0.082602143064489542
0.021000000000000005,0.019500000000000003,0.084109910898315293,0.050465946538989177
0.021500000000000005,0.019500000000000003,0.050727809160581692,0.030436685496349015
0.021999999999999999,0.019500000000000003,0.030189996752466291,0.018113998051479775
0.022499999999999999,0.019500000000000003,0.017721197467157324,0.010632718480294394
0.023000000000000007,0.019500000000000003,0.010254390390931876,0.0061526342345591253
0.023500000000000007,0.019500000000000003,0.0058462262606090746,0.0035077357563654448
0.024,0.019500000000000003,0.0032820851439379324,0.0019692510863627594
0.024500000000000001,0.019500000000000003,0.0018134125421926863,0.0010880475253156117
0.025000000000000001,0.019500000000000003,0.00098557663754882357,0.0005913459825292941
-0.025000000000000001,0.019999999999999997,0.00057650136542373911,0.00034590081925424344
-0.024500000000000001,0.019999999999999997,0.0010647974178310132,0.00063887845069860794
-0.024,0.019999999999999997,0.0019355671865051648,0.0011613403119030989
-0.0235,0.019999999999999997,0.0034646541215301377,0.0020787924729180826
-0.023,0.019999999999999997,0.0061102965582219195,0.0036661779349331514
-0.022500000000000003,0.019999999999999997,0.01062314483535433,0.0063738869012125981
-0.022000000000000002,0.019999999999999997,0.01821622561127036,0.010929735366762216
-0.021500000000000002,0.019999999999999997,0.030823568355575301,0.018494141013345181
-0.021000000000000001,0.019999999999999997,0.051487300147755634,0.03089238008865338
-0.020500000000000001,0.019999999999999997,0.084926450709709,0.050955870425825396
-0.02,0.019999999999999997,0.13835551362590934,0.0830133081755456
-0.0195,0.019999999999999997,0.22263468373871256,0.13358081024322754
-0.019,0.019999999999999997,0.35384248067613711,0.21230548840568225
-0.018500000000000003,0.019999999999999997,0.55535878442030906,0.33321527065218542
-0.018000000000000002,0.019999999999999997,0.86052358916818272,0.51631415350090959
-0.017500000000000002,0.019999999999999997,1.315884171603573,0.78953050296214378
-0.017000000000000001,0.019999999999999997,1.9849517717613541,1.1909710630568124
-0.016500000000000001,0.019999999999999997,2.9522533663204094,1.7713520197922457
-0.016,0.019999999999999997,4.3272884634051643,2.5963730780430985
-0.0155,0.019999999999999997,6.247802465902673,3.7486814795416037
-0.015000000000000001,0.019999999999999997,8.881601756334625,5.328961053800775
-0.014500000000000001,0.019999999999999997,12.426013691672933,7.4556082150037595
-0.014,0.019999999999999997,17.104102173357333,10.262461304014399
-0.0135,0.019999999999999997,23.156951664516001,13.894170998709599
-0.012999999999999999,0.019999999999999997,30.831775680377106,18.499065408226262
-0.012500000000000001,0.019999999999999997,40.366293330996264,24.219775998597758
-0.012,0.019999999999999997,51.970687814070587,31.182412688442351
-0.0115,0.019999999999999997,65.809374340264071,39.485624604158438
-0.010999999999999999,0.019999999999999997,81.985550014814379,49.191330008888627
-0.010499999999999999,0.019999999999999997,100.53182098024637,60.319092588147818
-0.010000000000000002,0.019999999999999997,121.40986312225155,72.845917873350928
-0.0095000000000000015,0.019999999999999997,144.5209208217174,86.712552493030429
-0.0090000000000000011,0.019999999999999997,169.72699698600624,101.83619819160374
-0.0085000000000000006,0.019999999999999997,196.88006895824498,118.12804137494697
-0.0080000000000000002,0.019999999999999997,225.85403767517286,135.51242260510372
-0.0074999999999999997,0.019999999999999997,256.57201135221635,153.94320681132982
-0.0069999999999999993,0.019999999999999997,289.02061811741498,173.412370870449
-0.0064999999999999988,0.019999999999999997,323.24388892983774,193.94633335790263
-0.0059999999999999984,0.019999999999999997,359.31210024791341,215.58726014874804
-0.0054999999999999979,0.019999999999999997,397.26561180761053,238.35936708456632
-0.005000000000000001,0.019999999999999997,437.03947194974552,262.22368316984728
-0.0044999999999999971,0.019999999999999997,478.38025687125833,287.02815412275498
-0.0040000000000000001,0.019999999999999997,520.77090731669136,312.46254439001478
-0.0035000000000000031,0.019999999999999997,563.38096191702277,338.02857715021366
-0.0029999999999999992,0.019999999999999997,605.05772427274576,363.03463456364744
-0.0025000000000000022,0.019999999999999997,644.36841336841906,386.62104802105142
-0.0019999999999999983,0.019999999999999997,679.69494978334319,407.81696987000589
-0.0015000000000000013,0.019999999999999997,709.37321405128068,425.62392843076839
-0.00099999999999999742,0.019999999999999997,731.85936557508364,439.11561934505016
-0.00050000000000000044,0.019999999999999997,745.89917871861292,447.53950723116776
0,0.019999999999999997,750.67395510726271,450.40437306435763
0.00050000000000000044,0.019999999999999997,745.8991766723118,447.53950600338709
0.0010000000000000009,0.019999999999999997,731.85936112016475,439.11561667209884
0.0015000000000000013,0.019999999999999997,709.37320643447549,425.6239238606853
0.0020000000000000018,0.019999999999999997,679.69493780580001,407.81696268347997
0.0024999999999999988,0.019999999999999997,644.36839531064061,386.62103718638434
0.0030000000000000027,0.019999999999999997,605.05769780804542,363.03461868482725
0.0034999999999999996,0.019999999999999997,563.38092402624591,338.02855441574752
0.0040000000000000036,0.019999999999999997,520.77085422078324,312.46251253246993
0.0045000000000000005,0.019999999999999997,478.38018400154283,287.0281104009257
0.0049999999999999975,0.019999999999999997,437.03937397751184,262.22362438650708
0.0055000000000000014,0.019999999999999997,397.26548275384653,238.35928965230789
0.0059999999999999984,0.019999999999999997,359.31193368981531,215.58716021388918
0.0064999999999999988,0.019999999999999997,323.24367831249066,193.94620698749438
0.0069999999999999993,0.019999999999999997,289.02035716697054,173.41221430018231
0.0074999999999999997,0.019999999999999997,256.57169457182448,153.94301674309469
0.0080000000000000002,0.019999999999999997,225.85366088878735,135.5121965332724
0.0085000000000000006,0.019999999999999997,196.87962985273225,118.12777791163934
0.0090000000000000011,0.019999999999999997,169.72649559169986,101.83589735501991
0.0095000000000000015,0.019999999999999997,144.52035986837041,86.712215921022235
0.010000000000000002,0.019999999999999997,121.40924821313342,72.845548927880046
0.010500000000000002,0.019999999999999997,100.53116054237587,60.31869632542552
0.011000000000000003,0.019999999999999997,81.984855006739537,49.190913004043722
0.011500000000000003,0.019999999999999997,65.808657727433882,39.485194636460328
0.012000000000000004,0.019999999999999997,51.969963851429249,31.181978310857549
0.012499999999999997,0.019999999999999997,40.365576718166089,24.219346030899654
0.013000000000000005,0.019999999999999997,30.831080672302051,18.498648403381228
0.013499999999999998,0.019999999999999997,23.156291226645013,13.893774735987007
0.014000000000000005,0.019999999999999997,17.103487264237256,10.262092358542352
0.014499999999999999,0.019999999999999997,12.425452738321329,7.4552716429927974
0.014999999999999999,0.019999999999999997,8.8811003620173707,5.3286602172104223
0.0155,0.019999999999999997,6.2473633603642016,3.7484180162185208
0.016000000000000007,0.019999999999999997,4.3269116769608305,2.5961470061764982
0.016500000000000001,0.019999999999999997,2.9519365857971338,1.7711619514782801
0.017000000000000001,0.019999999999999997,1.9846908210282448,1.1908144926169468
0.017500000000000002,0.019999999999999997,1.315673553635786,0.78940413218147154
0.017999999999999995,0.019999999999999997,0.86035702976267747,0.51621421785760646
0.018500000000000003,0.019999999999999997,0.555229727958787,0.3331378367752722
0.019000000000000003,0.019999999999999997,0.35374450298701304,0.21224670179220781
0.019500000000000003,0.019999999999999997,0.22256180321612792,0.13353708192967675
0.019999999999999997,0.019999999999999997,0.13830239673930828,0.08298143804358496
0.020499999999999997,0.019999999999999997,0.08488852003291035,0.050933112019746207
0.021000000000000005,0.019999999999999997,0.051460761094875254,0.03087645665692515
0.021500000000000005,0.019999999999999997,0.030805374820390335,0.018483224892234199
0.021999999999999999,0.019999999999999997,0.018204005205755915,0.010922403123453548
0.022499999999999999,0.019999999999999997,0.010615102336877524,0.006369061402126514
0.023000000000000007,0.019999999999999997,0.006105110549958357,0.0036630663299750139
0.023500000000000007,0.019999999999999997,0.0034613776057125247,0.0020768265634275146
0.024,0.019999999999999997,0.0019335389052332751,0.0011601233431399651
0.024500000000000001,0.019999999999999997,0.0010635672030530918,0.00063814032183185504
0.025000000000000001,0.019999999999999997,0.00057577027592463196,0.00034546216555477919
-0.025000000000000001,0.020499999999999997,0.00033118753669475671,0.00019871252201685401
-0.024500000000000001,0.020499999999999997,0.00061444825044851248,0.00036866895026910749
-0.024,0.020499999999999997,0.0011225516799557007,0.00067353100797342043
-0.0235,0.020499999999999997,0.0020205861342549483,0.001212351680552969
-0.023,0.020499999999999997,0.0035853856150985142,0.0021512313690591083
-0.022500000000000003,0.020499999999999997,0.006274913096079973,0.0037649478576479837
-0.022000000000000002,0.020499999999999997,0.010836707918745421,0.0065020247512472523
-0.021500000000000002,0.020499999999999997,0.018474722920249209,0.011084833752149525
-0.021000000000000001,0.020499999999999997,0.031101541479210799,0.018660924887526478
-0.020500000000000001,0.020499999999999997,0.051712283292075618,0.03102736997524537
-0.02,0.020499999999999997,0.084926807653636818,0.050956084592182087
-0.0195,0.020499999999999997,0.13775652128162649,0.082653912768975893
-0.019,0.020499999999999997,0.22065834270714549,0.1323950056242873
-0.018500000000000003,0.020499999999999997,0.34893680013308209,0.20936208007984924
-0.018000000000000002,0.020499999999999997,0.54454002422257075,0.32672401453354244
-0.017500000000000002,0.020499999999999997,0.83825988588341926,0.50295593153005158
-0.017000000000000001,0.020499999999999997,1.2722846407984096,0.76337078447904572
-0.016500000000000001,0.020499999999999997,1.9029609872710174,1.1417765923626104
-0.016,0.020499999999999997,2.8035041929704163,1.6821025157822498
-0.0155,0.020499999999999997,4.0662618954233007,2.4397571372539804
-0.015000000000000001,0.020499999999999997,5.8040129751308331,3.4824077850784998
-0.014500000000000001,0.020499999999999997,8.1497029922105124,4.8898217953263075
-0.014,0.020499999999999997,11.254025724213136,6.7524154345278813
-0.0135,0.020499999999999997,15.280399792631192,9.1682398755787151
-0.012999999999999999,0.020499999999999997,20.39719034324558,12.238314205947347
-0.012500000000000001,0.020499999999999997,26.767489101122383,16.060493460673428
-0.012,0.020499999999999997,34.537348540115389,20.722409124069234
-0.0115,0.020499999999999997,43.823971604185758,26.294382962511452
-0.010999999999999999,0.020499999999999997,54.705843341143769,32.823506004686259
-0.010499999999999999,0.020499999999999997,67.21698369490916,40.330190216945496
-0.010000000000000002,0.020499999999999997,81.347241477107801,48.808344886264678
-0.0095000000000000015,0.020499999999999997,97.049739883719624,58.229843930231773
-0.0090000000000000011,0.020499999999999997,114.25523866535625,68.55314319921375
-0.0085000000000000006,0.020499999999999997,132.89146149871976,79.73487689923185
-0.0080000000000000002,0.020499999999999997,152.90366759933767,91.742200559602594
-0.0074999999999999997,0.020499999999999997,174.27135739383803,104.56281443630282
-0.0069999999999999993,0.020499999999999997,197.01545640714431,118.20927384428659
-0.0064999999999999988,0.020499999999999997,221.19099427440048,132.71459656464029
-0.0059999999999999984,0.020499999999999997,246.86234732573419,148.11740839544052
-0.0054999999999999979,0.020499999999999997,274.06139104321608,164.43683462592963
-0.005000000000000001,0.020499999999999997,302.73291268512781,181.63974761107667
-0.0044999999999999971,0.020499999999999997,332.67557016910013,199.60534210146008
-0.0040000000000000001,0.020499999999999997,363.48960805380926,218.09376483228556
-0.0035000000000000031,0.020499999999999997,394.54357864316864,236.72614718590117
-0.0029999999999999992,0.020499999999999997,424.97089183349101,254.98253510009459
-0.0025000000000000022,0.020499999999999997,453.70305472779285,272.22183283667567
-0.0019999999999999983,0.020499999999999997,479.54047509458343,287.72428505675003
-0.0015000000000000013,0.020499999999999997,501.2547467194201,300.75284803165204
-0.00099999999999999742,0.020499999999999997,517.70981048605415,310.62588629163247
-0.00050000000000000044,0.020499999999999997,527.98473315553508,316.79083989332105
0,0.020499999999999997,531.47920182631856,318.8875210957911
0.00050000000000000044,0.020499999999999997,527.98473226014585,316.79083935608747
0.0010000000000000009,0.020499999999999997,517.70980853673871,310.6258851220432
0.0015000000000000013,0.020499999999999997,501.25474338657466,300.75284603194478
0.0020000000000000018,0.020499999999999997,479.54046985363283,287.72428191217966
0.0024999999999999988,0.020499999999999997,453.70304682634594,272.22182809580755
0.0030000000000000027,0.020499999999999997,424.97088025347125,254.98252815208275
0.0034999999999999996,0.020499999999999997,394.54356206350093,236.72613723810053
0.0040000000000000036,0.020499999999999997,363.48958482091211,218.09375089254726
0.0045000000000000005,0.020499999999999997,332.67553828388225,199.60532297032935
0.0049999999999999975,0.020499999999999997,302.73286981593316,181.63972188955989
0.0055000000000000014,0.020499999999999997,274.06133457383964,164.43680074430378
0.0059999999999999984,0.020499999999999997,246.86227444578367,148.11736466747018
0.0064999999999999988,0.020499999999999997,221.19090211567632,132.7145412694058
0.0069999999999999993,0.020499999999999997,197.01534222443152,118.2092053346589
0.0074999999999999997,0.020499999999999997,174.27121878190903,104.56273126914542
0.0080000000000000002,0.020499999999999997,152.90350273090172,91.74210163854103
0.0085000000000000006,0.020499999999999997,132.89126936163126,79.734761616978759
0.0090000000000000011,0.020499999999999997,114.25501927288813,68.553011563732881
0.0095000000000000015,0.020499999999999997,97.049494430315463,58.229696658189276
0.010000000000000002,0.020499999999999997,81.34697241456081,48.808183448736486
0.010500000000000002,0.020499999999999997,67.216694710585614,40.330016826351368
0.011000000000000003,0.020499999999999997,54.70553923011785,32.82332353807071
0.011500000000000003,0.020499999999999997,43.823658039680609,26.294194823808365
0.012000000000000004,0.020499999999999997,34.537031759592097,20.722219055755257
0.012499999999999997,0.020499999999999997,26.767175536617337,16.0603053219704
0.013000000000000005,0.020499999999999997,20.396886232219508,12.238131739331704
0.013499999999999998,0.020499999999999997,15.2801108083074,9.1680664849844398
0.014000000000000005,0.020499999999999997,11.253756661665278,6.7522539969991664
0.014499999999999999,0.020499999999999997,8.1494575388043629,4.8896745232826175
0.014999999999999999,0.020499999999999997,5.8037935826579261,3.4822761495947554
0.0155,0.020499999999999997,4.0660697583235361,2.4396418549941217
0.016000000000000007,0.020499999999999997,2.8033393245087286,1.6820035947052372
0.016500000000000001,0.020499999999999997,1.9028223752844458,1.1416934251706674
0.017000000000000001,0.020499999999999997,1.2721704579593247,0.76330227477559476
0.017500000000000002,0.020499999999999997,0.83816772688759011,0.50290063613255409
0.017999999999999995,0.020499999999999997,0.54446714369999061,0.32668028621999434
0.018500000000000003,0.020499999999999997,0.34888032957634818,0.20932819774580891
0.019000000000000003,0.020499999999999997,0.22061547112530352,0.13236928267518211
0.019500000000000003,0.020499999999999997,0.13772463133487828,0.08263477880092697
0.019999999999999997,0.020499999999999997,0.084903565577083853,0.050942139346250311
0.020499999999999997,0.020499999999999997,0.051695686165431604,0.031017411699258961
0.021000000000000005,0.020499999999999997,0.031089928925498375,0.018653957355299025
0.021500000000000005,0.020499999999999997,0.018466762070798129,0.011080057242478876
0.021999999999999999,0.020499999999999997,0.010831360700211942,0.006498816420127165
0.022499999999999999,0.020499999999999997,0.0062713939823435113,0.0037628363894061066
0.023000000000000007,0.020499999999999997,0.0035831164007529572,0.0021498698404517741
0.023500000000000007,0.020499999999999997,0.0020191524464706397,0.0012114914678823837
0.024,0.020499999999999997,0.0011216641755929842,0.00067299850535579048
0.024500000000000001,0.020499999999999997,0.00061390995184189658,0.00036834597110513794
0.025000000000000001,0.020499999999999997,0.0003308676377098445,0.00019852058262590668
-0.025000000000000001,0.021000000000000005,0.00018726167278412619,0.0001123570036704757
-0.024500000000000001,0.021000000000000005,0.00034917114489818553,0.0002095026869389113
-0.024,0.021000000000000005,0.00064147117863074573,0.00038488270717844744
-0.0235,0.021000000000000005,0.0011617232020482674,0.00069703392122896042
-0.023,0.021000000000000005,0.0020751074122858965,0.0012450644473715378
-0.022500000000000003,0.021000000000000005,0.0036575910373980655,0.0021945546224388392
-0.022000000000000002,0.021000000000000005,0.0063641317139967925,0.0038184790283980752
-0.021500000000000002,0.021000000000000005,0.010934646465165029,0.0065607878790990169
-0.021000000000000001,0.021000000000000005,0.018555634977359303,0.011133380986415581
-0.020500000000000001,0.021000000000000005,0.031101635666831877,0.018660981400099124
-0.02,0.021000000000000005,0.051487663356568472,0.030892598013941081
-0.0195,0.021000000000000005,0.084170366737077548,0.050502220042246526
-0.019,0.021000000000000005,0.13583994507910788,0.081503967047464723
-0.018500000000000003,0.021000000000000005,0.21634396709557599,0.12980638025734559
-0.018000000000000002,0.021000000000000005,0.33987427918238972,0.20392456750943383
-0.017500000000000002,0.021000000000000005,0.52642478504440693,0.31585487102664417
-0.017000000000000001,0.021000000000000005,0.80348704975809637,0.48209222985485778
-0.016500000000000001,0.021000000000000005,1.2078904092596139,0.72473424555576826
-0.016,0.021000000000000005,1.7876155100357976,1.0725693060214785
-0.0155,0.021000000000000005,2.603323032875164,1.5619938197250984
-0.015000000000000001,0.021000000000000005,3.7292585025013838,2.2375551015008304
-0.014500000000000001,0.021000000000000005,5.253142987079829,3.1518857922478971
-0.014,0.021000000000000005,7.2746668241818977,4.3648000945091381
-0.0135,0.021000000000000005,9.9022975612370665,5.9413785367422394
-0.012999999999999999,0.021000000000000005,13.24831326573754,7.9489879594425235
-0.012500000000000001,0.021000000000000005,17.422277831531193,10.453366698918716
-0.012,0.021000000000000005,22.523556127536761,13.514133676522055
-0.0115,0.021000000000000005,28.633859419473612,17.180315651684168
-0.010999999999999999,0.021000000000000005,35.811119500432355,21.486671700259411
-0.010499999999999999,0.021000000000000005,44.086100166312917,26.451660099787748
-0.010000000000000002,0.021000000000000005,53.462962312706331,32.077777387623797
-0.0095000000000000015,0.021000000000000005,63.924441453948909,38.354664872369341
-0.0090000000000000011,0.021000000000000005,75.441387616591754,45.264832569955054
-0.0085000000000000006,0.021000000000000005,87.985271229974799,52.791162737984877
-0.0080000000000000002,0.021000000000000005,101.54109132780648,60.924654796683889
-0.0074999999999999997,0.021000000000000005,116.11722625355792,69.670335752134747
-0.0069999999999999993,0.021000000000000005,131.74845240686912,79.049071444121466
-0.0064999999999999988,0.021000000000000005,148.48887174380204,89.093323046281213
-0.0059999999999999984,0.021000000000000005,166.39293526900755,99.835761161404534
-0.0054999999999999979,0.021000000000000005,185.48501633697879,111.29100980218728
-0.005000000000000001,0.021000000000000005,205.72072729096828,123.43243637458096
-0.0044999999999999971,0.021000000000000005,226.94584048071579,136.16750428842946
-0.0040000000000000001,0.021000000000000005,248.86062608397967,149.31637565038778
-0.0035000000000000031,0.021000000000000005,270.99805867593483,162.5988352055609
-0.0029999999999999992,0.021000000000000005,292.72328578710352,175.63397147226212
-0.0025000000000000022,0.021000000000000005,313.25895066199439,187.95537039719662
-0.0019999999999999983,0.021000000000000005,331.73677928482118,199.0420675708927
-0.0015000000000000013,0.021000000000000005,347.27101066643672,208.36260639986202
-0.00099999999999999742,0.021000000000000005,359.04473752716387,215.42684251629831
-0.00050000000000000044,0.021000000000000005,366.39702523166318,219.8382151389979
0,0.021000000000000005,368.89757149900146,221.33854289940086
0.00050000000000000044,0.021000000000000005,366.39702484778718,219.83821490867231
0.0010000000000000009,0.021000000000000005,359.04473669144289,215.42684201486574
0.0015000000000000013,0.021000000000000005,347.27100923756132,208.36260554253678
0.0020000000000000018,0.021000000000000005,331.73677703789275,199.04206622273566
0.0024999999999999988,0.021000000000000005,313.25894727444381,187.95536836466627
0.0030000000000000027,0.021000000000000005,292.72328082245537,175.63396849347322
0.0034999999999999996,0.021000000000000005,270.9980515678111,162.59883094068667
0.0040000000000000036,0.021000000000000005,248.86061612344756,149.31636967406854
0.0045000000000000005,0.021000000000000005,226.94582681071441,136.16749608642863
0.0049999999999999975,0.021000000000000005,205.7207089118578,123.43242534711467
0.0055000000000000014,0.021000000000000005,185.48499212712557,111.29099527627534
0.0059999999999999984,0.021000000000000005,166.39290402352526,99.83574241411516
0.0064999999999999988,0.021000000000000005,148.48883223302079,89.093299339812475
0.0069999999999999993,0.021000000000000005,131.74840345384558,79.049042072307344
0.0074999999999999997,0.021000000000000005,116.1171668271102,69.670300096266118
0.0080000000000000002,0.021000000000000005,101.54102064452854,60.924612386717122
0.0085000000000000006,0.021000000000000005,87.985188855934325,52.791113313560594
0.0090000000000000011,0.021000000000000005,75.441293557479085,45.264776134487448
0.0095000000000000015,0.021000000000000005,63.924336221852379,38.354601733111423
0.010000000000000002,0.021000000000000005,53.46284695877177,32.077708175263062
0.010500000000000002,0.021000000000000005,44.08597627140766,26.451585762844594
0.011000000000000003,0.021000000000000005,35.810989120326354,21.486593472195811
0.011500000000000003,0.021000000000000005,28.633724986421491,17.180234991852895
0.012000000000000004,0.021000000000000005,22.523420315696104,13.514052189417662
0.012499999999999997,0.021000000000000005,17.422143398479111,10.453286039087466
0.013000000000000005,0.021000000000000005,13.24818288563152,7.9489097313789117
0.013499999999999998,0.021000000000000005,9.9021736663317963,5.9413041997990774
0.014000000000000005,0.021000000000000005,7.2745514702469647,4.3647308821481783
0.014499999999999999,0.021000000000000005,5.2530377549824427,3.1518226529894657
0.014999999999999999,0.021000000000000005,3.7291644433867157,2.2374986660320295
0.0155,0.021000000000000005,2.6032406588298747,1.5619443952979248
0.016000000000000007,0.021000000000000005,1.787544826746897,1.0725268960481382
0.016500000000000001,0.021000000000000005,1.2078309827871945,0.72469858967231671
0.017000000000000001,0.021000000000000005,0.8034380966804765,0.48206285800828585
0.017500000000000002,0.021000000000000005,0.52638527414669001,0.31583116448801402
0.017999999999999995,0.021000000000000005,0.33984303345485911,0.20390582007291547
0.018500000000000003,0.021000000000000005,0.21631975673639106,0.12979185404183463
0.019000000000000003,0.021000000000000005,0.13582156494518924,0.081492938967113543
0.019500000000000003,0.021000000000000005,0.084156694708505106,0.050494016825103065
0.019999999999999997,0.021000000000000005,0.051477698889170059,0.030886619333502036
0.020499999999999997,0.021000000000000005,0.031094520057907041,0.018656712034744224
0.021000000000000005,0.021000000000000005,0.018550656381207745,0.011130393828724647
0.021500000000000005,0.021000000000000005,0.010931233447200006,0.0065587400683200037
0.021999999999999999,0.021000000000000005,0.0063618392258609846,0.0038171035355165908
0.022499999999999999,0.021000000000000005,0.0036560823041306882,0.0021936493824784129
0.023000000000000007,0.021000000000000005,0.0020741345425719969,0.0012444807255431981
0.023500000000000007,0.021000000000000005,0.0011611085437515428,0.00069666512625092569
0.024,0.021000000000000005,0.00064109068301245896,0.00038465440980747534
0.024500000000000001,0.021000000000000005,0.00034894036263980843,0.00020936421758388504
0.025000000000000001,0.021000000000000005,0.00018712452397994347,0.00011227471438796608
-0.025000000000000001,0.021500000000000005,0.00010426868510818489,6.2561211064910937e-05
-0.024500000000000001,0.021500000000000005,0.00019550584890263585,0.00011730350934158151
-0.024,0.021500000000000005,0.000361369666965575,0.000216821800179345
-0.0235,0.021500000000000005,0.00065880254445858303,0.00039528152667514982
-0.023,0.021500000000000005,0.0011851532845461484,0.00071109197072768894
-0.022500000000000003,0.021500000000000005,0.0021046603884573999,0.0012627962330744398
-0.022000000000000002,0.021500000000000005,0.0036907070929556381,0.0022144242557733829
-0.021500000000000002,0.021500000000000005,0.0063920577659527271,0.0038352346595716359
-0.021000000000000001,0.021500000000000005,0.010934670310299641,0.0065608021861797844
-0.020500000000000001,0.021500000000000005,0.018474816800023462,0.011084890080014077
-0.02,0.021500000000000005,0.030823840010355978,0.018494304006213585
-0.0195,0.021500000000000005,0.050769232969728191,0.030461539781836914
-0.019,0.021500000000000005,0.082519608241319556,0.049511764944791731
-0.018500000000000003,0.021500000000000005,0.13230063107683557,0.079380378646101341
-0.018000000000000002,0.021500000000000005,0.20912262433023784,0.12547357459814271
-0.017500000000000002,0.021500000000000005,0.32572548291022857,0.19543528974613714
-0.017000000000000001,0.021500000000000005,0.49968022168977244,0.29980813301386344
-0.016500000000000001,0.021500000000000005,0.75458767245194136,0.45275260347116481
-0.016,0.021500000000000005,1.1212648860854797,0.67275893165128775
-0.0155,0.021500000000000005,1.6387539872666044,0.98325239235996253
-0.015000000000000001,0.021500000000000005,2.354936805651342,1.4129620833908052
-0.014500000000000001,0.021500000000000005,3.3265067223355054,1.9959040334013032
-0.014,0.021500000000000005,4.6180552519966085,2.7708331511979649
-0.0135,0.021500000000000005,6.3000929501772243,3.7800557701063342
-0.012999999999999999,0.021500000000000005,8.4459542478066485,5.0675725486839891
-0.012500000000000001,0.021500000000000005,11.127732869878606,6.676639721927164
-0.012,0.021500000000000005,14.411638598249139,8.6469831589494834
-0.0115,0.021500000000000005,18.353414908189517,11.01204894491371
-0.010999999999999999,0.021500000000000005,22.994647852052761,13.796788711231656
-0.010499999999999999,0.021500000000000005,28.360856155764335,17.016513693458599
-0.010000000000000002,0.021500000000000005,34.462113702080813,20.677268221248486
-0.0095000000000000015,0.021500000000000005,41.296579509686893,24.777947705812135
-0.0090000000000000011,0.021500000000000005,48.856708519416351,29.314025111649809
-0.0085000000000000006,0.021500000000000005,57.137166286492189,34.28229977189531
-0.0080000000000000002,0.021500000000000005,66.142716369263511,39.685629821558102
-0.0074999999999999997,0.021500000000000005,75.893783968944831,45.536270381366897
-0.0069999999999999993,0.021500000000000005,86.427226949536319,51.856336169721793
-0.0064999999999999988,0.021500000000000005,97.79022705100293,58.674136230601754
-0.0059999999999999984,0.021500000000000005,110.02621264530826,66.015727587184955
-0.0054999999999999979,0.021500000000000005,123.15326056281464,73.891956337688782
-0.005000000000000001,0.021500000000000005,137.13726253470463,82.282357520822771
-0.0044999999999999971,0.021500000000000005,151.86391461238213,91.118348767429282
-0.0040000000000000001,0.021500000000000005,167.11486430256628,100.26891858153977
-0.0035000000000000031,0.021500000000000005,182.55373302302866,109.53223981381718
-0.0029999999999999992,0.021500000000000005,197.72696581188464,118.63617948713078
-0.0025000000000000022,0.021500000000000005,212.08252186810751,127.24951312086449
-0.0019999999999999983,0.021500000000000005,225.00655712301764,135.00393427381059
-0.0015000000000000013,0.021500000000000005,235.87496156688584,141.52497694013149
-0.00099999999999999742,0.021500000000000005,244.11355537082616,146.46813322249568
-0.00050000000000000044,0.021500000000000005,249.25859053930472,149.55515432358283
0,0.021500000000000005,251.00847606463577,150.60508563878145
0.00050000000000000044,0.021500000000000005,249.25859037805196,149.55515422683118
0.0010000000000000009,0.021500000000000005,244.11355501976942,146.46813301186165
0.0015000000000000013,0.021500000000000005,235.87496096666595,141.52497657999956
0.0020000000000000018,0.021500000000000005,225.00655617916266,135.00393370749759
0.0024999999999999988,0.021500000000000005,212.08252044511767,127.2495122670706
0.0030000000000000027,0.021500000000000005,197.72696372641192,118.63617823584715
0.0034999999999999996,0.021500000000000005,182.55373003715798,109.53223802229478
0.0040000000000000036,0.021500000000000005,167.11486011849993,100.26891607109995
0.0045000000000000005,0.021500000000000005,151.86390887009932,91.118345322059596
0.0049999999999999975,0.021500000000000005,137.13725481429228,82.28235288857536
0.0055000000000000014,0.021500000000000005,123.15325039311395,73.891950235868364
0.0059999999999999984,0.021500000000000005,110.02619952018946,66.015719712113679
0.0064999999999999988,0.021500000000000005,97.790210453925084,58.674126272355046
0.0069999999999999993,0.021500000000000005,86.427206386107514,51.856323831664504
0.0074999999999999997,0.021500000000000005,75.893759006001915,45.536255403601146
0.0080000000000000002,0.021500000000000005,66.142686677725649,39.685612006635388
0.0085000000000000006,0.021500000000000005,57.137131684079627,34.282279010447773
0.0090000000000000011,0.021500000000000005,48.856669008519468,29.314001405111679
0.0095000000000000015,0.021500000000000005,41.29653530541578,24.777921183249468
0.010000000000000002,0.021500000000000005,34.462065245984562,20.677239147590736
0.010500000000000002,0.021500000000000005,28.360804111909264,17.016482467145558
0.011000000000000003,0.021500000000000005,22.994593083994893,13.796755850396936
0.011500000000000003,0.021500000000000005,18.35335843763276,11.012015062579655
0.012000000000000004,0.021500000000000005,14.411581548512219,8.6469489291073316
0.012499999999999997,0.021500000000000005,11.127676399321892,6.6766058395931349
0.013000000000000005,0.021500000000000005,8.4458994797488049,5.0675396878492824
0.013499999999999998,0.021500000000000005,6.3000409063221774,3.7800245437933064
0.014000000000000005,0.021500000000000005,4.6180067959002447,2.7708040775401468
0.014499999999999999,0.021500000000000005,3.326462518064071,1.9958775108384426
0.014999999999999999,0.021500000000000005,2.3548972947536324,1.4129383768521795
0.0155,0.021500000000000005,1.6387193848520576,0.98323163091123456
0.016000000000000007,0.021500000000000005,1.1212351945430099,0.67274111672580594
0.016500000000000001,0.021500000000000005,0.75456270949878845,0.45273762569927306
0.017000000000000001,0.021500000000000005,0.49965965823827369,0.29979579494296421
0.017500000000000002,0.021500000000000005,0.32570888578358476,0.19542533147015084
0.017999999999999995,0.021500000000000005,0.20910949910841656,0.12546569946504993
0.018500000000000003,0.021500000000000005,0.13229046116370508,0.079374276698223042
0.019000000000000003,0.021500000000000005,0.082511887399019934,0.049507132439411961
0.019500000000000003,0.021500000000000005,0.050763489835483892,0.030458093901290333
0.019999999999999997,0.021500000000000005,0.030819654291050508,0.018491792574630305
0.020499999999999997,0.021500000000000005,0.018471827785111125,0.011083096671066675
0.021000000000000005,0.021500000000000005,0.010932578978651611,0.0065595473871909666
0.021500000000000005,0.021500000000000005,0.0063906240781684215,0.0038343744469010528
0.021999999999999999,0.021500000000000005,0.0036897441000063821,0.0022138464600038291
0.022499999999999999,0.021500000000000005,0.0021040266231278949,0.0012624159738767369
0.023000000000000007,0.021500000000000005,0.0011847446164878889,0.00071084676989273334
0.023500000000000007,0.021500000000000005,0.00065854434831060578,0.00039512660898636344
0.024,0.021500000000000005,0.00036120983425285232,0.00021672590055171138
0.024500000000000001,0.021500000000000005,0.00019540890546194457,0.00011724534327716674
0.025000000000000001,0.021500000000000005,0.00010421107376033831,6.2526644256202983e-05
-0.025000000000000001,0.021999999999999999,5.7203636848474713e-05,3.4322182109084825e-05
-0.024500000000000001,0.021999999999999999,0.00010791492279971388,6.4748953679828329e-05
-0.024,0.021999999999999999,0.00020079382924387639,0.00012047629754632582
-0.0235,0.021999999999999999,0.00036866686922537904,0.00022120012153522742
-0.023,0.021999999999999999,0.00066819790432251047,0.00040091874259350627
-0.022500000000000003,0.021999999999999999,0.0011959000854186584,0.00071754005125119504
-0.022000000000000002,0.021999999999999999,0.0021139107486192045,0.0012683464491715227
-0.021500000000000002,0.021999999999999999,0.0036907128851431793,0.0022144277310859077
-0.021000000000000001,0.021999999999999999,0.0063641549954839985,0.0038184929972903989
-0.020500000000000001,0.021999999999999999,0.010836776700259896,0.0065020660201559376
-0.02,0.021999999999999999,0.018216402616878284,0.010929841570126971
-0.0195,0.021999999999999999,0.030217779246076343,0.018130667547645807
-0.019,0.021999999999999999,0.049442906963162267,0.029665744177897357
-0.018500000000000003,0.021999999999999999,0.079757459940502193,0.047854475964301313
-0.018000000000000002,0.021999999999999999,0.12677670744724479,0.076066024468346871
-0.017500000000000002,0.021999999999999999,0.19846486707513597,0.11907892024508157
-0.017000000000000001,0.021999999999999999,0.30583524644280063,0.18350114786568036
-0.016500000000000001,0.021999999999999999,0.46371410731857865,0.27822846439114718
-0.016,0.021999999999999999,0.69149981105914593,0.41489988663548755
-0.0155,0.021999999999999999,1.0138138808494932,0.60828832850969594
-0.015000000000000001,0.021999999999999999,1.4609086569664955,0.87654519417989729
-0.014500000000000001,0.021999999999999999,2.0686768112353144,1.2412060867411887
-0.014,0.021999999999999999,2.8781127154793431,1.7268676292876057
-0.0135,0.021999999999999999,3.9341157580951713,2.3604694548571028
-0.012999999999999999,0.021999999999999999,5.2836084480805798,3.1701650688483478
-0.012500000000000001,0.021999999999999999,6.9730665564572627,4.1838399338743573
-0.012,0.021999999999999999,9.0457114719804856,5.427426883188291
-0.0115,0.021999999999999999,11.538769063544423,6.9232614381266542
-0.010999999999999999,0.021999999999999999,14.481314639595981,8.6887887837575875
-0.010499999999999999,0.021999999999999999,17.893253554810251,10.735952132886149
-0.010000000000000002,0.021999999999999999,21.785889503761577,13.071533702256946
-0.0095000000000000015,0.021999999999999999,26.164283949273088,15.698570369563852
-0.0090000000000000011,0.021999999999999999,31.031219520020606,18.618731712012362
-0.0085000000000000006,0.021999999999999999,36.3920989945724,21.835259396743439
-0.0080000000000000002,0.021999999999999999,42.259633975851578,25.355780385510947
-0.0074999999999999997,0.021999999999999999,48.65682877202638,29.194097263215827
-0.0069999999999999993,0.021999999999999999,55.616676507605199,33.370005904563115
-0.0064999999999999988,0.021999999999999999,63.177258777258906,37.906355266355341
-0.0059999999999999984,0.021999999999999999,71.371615063769198,42.822969038261519
-0.0054999999999999979,0.021999999999999999,80.212768658327107,48.127661194996264
-0.005000000000000001,0.021999999999999999,89.675504877709571,53.805302926625743
-0.0044999999999999971,0.021999999999999999,99.677652757281663,59.806591654368994
-0.0040000000000000001,0.021999999999999999,110.06443992017226,66.038663952103349
-0.0035000000000000031,0.021999999999999999,120.59971242972446,72.359827457834669
-0.0029999999999999992,0.021999999999999999,130.96727202955717,78.580363217734302
-0.0025000000000000022,0.021999999999999999,140.78426987177269,84.470561923063613
-0.0019999999999999983,0.021999999999999999,149.62667628232461,89.776005769394757
-0.0015000000000000013,0.021999999999999999,157.06465219909364,94.238791319456183
-0.00099999999999999742,0.021999999999999999,162.70361524328513,97.622169145971071
-0.00050000000000000044,0.021999999999999999,166.22536709104466,99.735220254626796
0,0.021999999999999999,167.42317761686976,100.45390657012186
0.00050000000000000044,0.021999999999999999,166.22536702467647,99.735220214805878
0.0010000000000000009,0.021999999999999999,162.70361509879768,97.622169059278605
0.0015000000000000013,0.021999999999999999,157.06465195205593,94.238791171233558
0.0020000000000000018,0.021999999999999999,149.62667589385401,89.776005536312411
0.0024999999999999988,0.021999999999999999,140.78426928610045,84.470561571660269
0.0030000000000000027,0.021999999999999999,130.96727117122117,78.5803627027327
0.0034999999999999996,0.021999999999999999,120.59971120080384,72.359826720482303
0.0040000000000000036,0.021999999999999999,110.06443819809979,66.03866291885987
0.0045000000000000005,0.021999999999999999,99.677650393880526,59.806590236328312
0.0049999999999999975,0.021999999999999999,89.675501700152594,53.805301020091555
0.0055000000000000014,0.021999999999999999,80.212764472695241,48.127658683617142
0.0059999999999999984,0.021999999999999999,71.371609661750242,42.822965797050145
0.0064999999999999988,0.021999999999999999,63.177251946255751,37.906351167753449
0.0069999999999999993,0.021999999999999999,55.616668044136546,33.370000826481927
0.0074999999999999997,0.021999999999999999,48.656818497811578,29.194091098686947
0.0080000000000000002,0.021999999999999999,42.259621755447967,25.355773053268781
0.0085000000000000006,0.021999999999999999,36.39208475295753,21.835250851774518
0.0090000000000000011,0.021999999999999999,31.031203258178291,18.618721954906974
0.0095000000000000015,0.021999999999999999,26.164265755738054,15.698559453442831
0.010000000000000002,0.021999999999999999,21.785869560266018,13.07152173615961
0.010500000000000002,0.021999999999999999,17.893232134669688,10.735939280801812
0.011000000000000003,0.021999999999999999,14.481292098231656,8.6887752589389926
0.011500000000000003,0.021999999999999999,11.53874582146787,6.9232474928807219
0.012000000000000004,0.021999999999999999,9.0456879915257389,5.4274127949154432
0.012499999999999997,0.021999999999999999,6.9730433143807291,4.1838259886284375
0.013000000000000005,0.021999999999999999,5.2835859067162492,3.1701515440297494
0.013499999999999998,0.021999999999999999,3.9340943379546163,2.3604566027727696
0.014000000000000005,0.021999999999999999,2.8780927719837233,1.7268556631902339
0.014499999999999999,0.021999999999999999,2.06865861770014,1.2411951706200839
0.014999999999999999,0.021999999999999999,1.4608923951238242,0.87653543707429449
0.0155,0.021999999999999999,1.0137996392337871,0.60827978354027223
0.016000000000000007,0.021999999999999999,0.69148759065362886,0.41489255439217732
0.016500000000000001,0.021999999999999999,0.46370383309955632,0.27822229985973379
0.017000000000000001,0.021999999999999999,0.30582678296481192,0.18349606977888713
0.017500000000000002,0.021999999999999999,0.19845803605185022,0.11907482163111013
0.017999999999999995,0.021999999999999999,0.12677130538592357,0.076062783231554146
0.018500000000000003,0.021999999999999999,0.079753274221196713,0.047851964532718026
0.019000000000000003,0.021999999999999999,0.049439729229168519,0.029663837537501112
0.019500000000000003,0.021999999999999999,0.030215415494530825,0.018129249296718494
0.019999999999999997,0.021999999999999999,0.01821467986409964,0.010928807918459784
0.020499999999999997,0.021999999999999999,0.010835546485482019,0.0065013278912892112
0.021000000000000005,0.021999999999999999,0.0063632942479888085,0.003817976548793285
0.021500000000000005,0.021999999999999999,0.0036901228098337934,0.0022140736859002758
0.021999999999999999,0.021999999999999999,0.0021135144012633307,0.0012681086407579983
0.022499999999999999,0.021999999999999999,0.0011956392411281681,0.00071738354467690084
0.023000000000000007,0.021999999999999999,0.00066802970526721149,0.00040081782316032688
0.023500000000000007,0.021999999999999999,0.00036856060119856894,0.00022113636071914136
0.024,0.021999999999999999,0.00020072804550878322,0.00012043682730526993
0.024500000000000001,0.021999999999999999,0.0001078750229474694,6.4725013768481636e-05
0.025000000000000001,0.021999999999999999,5.7179925246634615e-05,3.430795514798077e-05
-0.025000000000000001,0.022499999999999999,3.0937903742689685e-05,1.8562742245613811e-05
-0.024500000000000001,0.022499999999999999,5.8752277531664672e-05,3.5251366518998804e-05
-0.024,0.022499999999999999,0.00011009631031130089,6.6057786186780534e-05
-0.0235,0.022499999999999999,0.00020366070686459738,0.00012219642411875843
-0.023,0.022499999999999999,0.00037201416306481625,0.00022320849783888974
-0.022500000000000003,0.022499999999999999,0.00067113878893180199,0.00040268327335908117
-0.022000000000000002,0.022499999999999999,0.0011959014354522984,0.000717540861271379
-0.021500000000000002,0.022499999999999999,0.0021046659282828737,0.0012627995569697242
-0.021000000000000001,0.022499999999999999,0.0036576077467037789,0.0021945646480222673
-0.020500000000000001,0.022499999999999999,0.0062749569991876995,0.0037649741995126195
-0.02,0.022499999999999999,0.010623250810623291,0.0063739504863739747
-0.0195,0.022499999999999999,0.017739446931611648,0.010643668158966989
-0.019,0.022499999999999999,0.029203943991981514,0.017522366395188907
-0.018500000000000003,0.022499999999999999,0.047373424620401491,0.028424054772240893
-0.018000000000000002,0.022499999999999999,0.07568200586083676,0.045409203516502052
-0.017500000000000002,0.022499999999999999,0.11901334806783359,0.071408008840700157
-0.017000000000000001,0.022499999999999999,0.18413616814530448,0.11048170088718269
-0.016500000000000001,0.022499999999999999,0.28018057721099088,0.16810834632659452
-0.016,0.022499999999999999,0.41911339914549461,0.25146803948729674
-0.0155,0.022499999999999999,0.61614926253402325,0.36968955752041394
-0.015000000000000001,0.022499999999999999,0.89001484854495294,0.53400890912697174
-0.014500000000000001,0.022499999999999999,1.2629721551027957,0.75778329306167735
-0.014,0.022499999999999999,1.7605101362267399,1.0563060817360439
-0.0135,0.022499999999999999,2.4106394445330821,1.4463836667198493
-0.012999999999999999,0.022499999999999999,3.2427765676904055,1.9456659406142431
-0.012500000000000001,0.022499999999999999,4.2862805371065393,2.5717683222639236
-0.012,0.022499999999999999,5.5687991321977641,3.3412794793186582
-0.0115,0.022499999999999999,7.1146748413655967,4.2688049048193575
-0.010999999999999999,0.022499999999999999,8.9437287161818553,5.366237229709113
-0.010499999999999999,0.022499999999999999,11.070753751037165,6.6424522506222985
-0.010000000000000002,0.022499999999999999,13.505982640656709,8.103589584394026
-0.0095000000000000015,0.022499999999999999,16.256633718871271,9.7539802313227622
-0.0090000000000000011,0.022499999999999999,19.329390321486233,11.597634192891739
-0.0085000000000000006,0.022499999999999999,22.733366243249474,13.640019745949685
-0.0080000000000000002,0.022499999999999999,26.482813794970138,15.889688276982081
-0.0074999999999999997,0.022499999999999999,30.598620807079552,18.359172484247729
-0.0069999999999999993,0.022499999999999999,35.107601578075126,21.064560946845074
-0.0064999999999999988,0.022499999999999999,40.038778313845505,24.023266988307302
-0.0059999999999999984,0.022499999999999999,45.416296298813918,27.249777779288351
-0.0054999999999999979,0.022499999999999999,51.24928057727098,30.749568346362587
-0.005000000000000001,0.022499999999999999,57.519721766051596,34.511833059630959
-0.0044999999999999971,0.022499999999999999,64.170217055709486,38.502130233425689
-0.0040000000000000001,0.022499999999999999,71.09390712045176,42.656344272271056
-0.0035000000000000031,0.022499999999999999,78.129074160733097,46.877444496439857
-0.0029999999999999992,0.022499999999999999,85.060495826252804,51.036297495751683
-0.0025000000000000022,0.022499999999999999,91.628778512325681,54.977267107395406
-0.0019999999999999983,0.022499999999999999,97.547632202396656,58.528579321437988
-0.0015000000000000013,0.022499999999999999,102.52761446514369,61.516568679086205
-0.00099999999999999742,0.022499999999999999,106.30354700927047,63.78212820556228
-0.00050000000000000044,0.022499999999999999,108.66188361956983,65.197130171741904
0,0.022499999999999999,109.46400951659813,65.678405709958867
0.00050000000000000044,0.022499999999999999,108.66188359280592,65.197130155683553
0.0010000000000000009,0.022499999999999999,106.30354695100385,63.782128170602306
0.0015000000000000013,0.022499999999999999,102.52761436552221,61.516568619313325
0.0020000000000000018,0.022499999999999999,97.547632045740357,58.528579227444212
0.0024999999999999988,0.022499999999999999,91.628778276145084,54.977266965687051
0.0030000000000000027,0.022499999999999999,85.060495480116586,51.036297288069953
0.0034999999999999996,0.022499999999999999,78.129073665153399,46.877444199092039
0.0040000000000000036,0.022499999999999999,71.093906426001482,42.656343855600888
0.0045000000000000005,0.022499999999999999,64.170216102634356,38.502129661580611
0.0049999999999999975,0.022499999999999999,57.519720484656538,34.511832290793919
0.0055000000000000014,0.022499999999999999,51.249278889355338,30.7495673336132
0.0059999999999999984,0.022499999999999999,45.416294120372903,27.24977647222374
0.0064999999999999988,0.022499999999999999,40.038775559146238,24.023265335487743
0.0069999999999999993,0.022499999999999999,35.107598165060914,21.064558899036548
0.0074999999999999997,0.022499999999999999,30.598616663856191,18.359169998313714
0.0080000000000000002,0.022499999999999999,26.482808866918447,15.889685320151067
0.0085000000000000006,0.022499999999999999,22.733360500115566,13.640016300069339
0.0090000000000000011,0.022499999999999999,19.329383763666854,11.597630258200113
0.0095000000000000015,0.022499999999999999,16.25662638206931,9.7539758292415861
0.010000000000000002,0.022499999999999999,13.505974598158257,8.1035847588949537
0.010500000000000002,0.022499999999999999,11.070745113060593,6.642447067836355
0.011000000000000003,0.022499999999999999,8.9437196260558398,5.3662317756335041
0.011500000000000003,0.022499999999999999,7.114665468667396,4.2687992812004376
0.012000000000000004,0.022499999999999999,5.5687896633701692,3.3412737980221014
0.012499999999999997,0.022499999999999999,4.2862711644083653,2.5717626986450193
0.013000000000000005,0.022499999999999999,3.2427674775643944,1.9456604865386367
0.013499999999999998,0.022499999999999999,2.4106308065565192,1.4463784839339116
0.014000000000000005,0.022499999999999999,1.7605020937282625,1.0563012562369574
0.014499999999999999,0.022499999999999999,1.2629648183007764,0.7577788909804658
0.014999999999999999,0.022499999999999999,0.89000829072543175,0.53400497443525907
0.0155,0.022499999999999999,0.61614351939978007,0.36968611163986803
0.016000000000000007,0.022499999999999999,0.4191084710930279,0.25146508265581674
0.016500000000000001,0.022499999999999999,0.28017643398593117,0.1681058603915587
0.017000000000000001,0.022499999999999999,0.18413275512734009,0.11047965307640405
0.017500000000000002,0.022499999999999999,0.11901059336046321,0.071406356016277928
0.017999999999999995,0.022499999999999999,0.075679827402718211,0.045407896441630922
0.018500000000000003,0.022499999999999999,0.047371736669513512,0.028423042001708105
0.019000000000000003,0.022499999999999999,0.029202662525517863,0.017521597515310718
0.019500000000000003,0.022499999999999999,0.01773849371515614,0.010643096229093684
0.019999999999999997,0.022499999999999999,0.010622556086044288,0.0063735336516265728
0.020499999999999997,0.022499999999999999,0.0062744608975681161,0.0037646765385408697
0.021000000000000005,0.022499999999999999,0.0036572606380247739,0.0021943563828148642
0.021500000000000005,0.022499999999999999,0.0021044279720154459,0.0012626567832092674
0.021999999999999999,0.022499999999999999,0.0011957416027395817,0.00071744496164374903
0.022499999999999999,0.022499999999999999,0.00067103359975889958,0.00040262015985533976
0.023000000000000007,0.022499999999999999,0.000371946334401683,0.00022316780064100979
0.023500000000000007,0.022499999999999999,0.00020361785277020597,0.00012217071166212358
0.024,0.022499999999999999,0.00011006978208378279,6.6041869250269678e-05
0.024500000000000001,0.022499999999999999,5.8736187348327175e-05,3.5241712408996301e-05
0.025000000000000001,0.022499999999999999,3.0928341701745396e-05,1.8557005021047236e-05
-0.025000000000000001,0.023000000000000007,1.6503549129983524e-05,9.9021294779901135e-06
-0.024500000000000001,0.023000000000000007,3.1563819684923624e-05,1.8938291810954175e-05
-0.024,0.023000000000000007,5.9591936334288891e-05,3.5755161800573332e-05
-0.0235,0.023000000000000007,0.00011109699706553305,6.6658198239319828e-05
-0.023,0.023000000000000007,0.00020455810014173657,0.00012273486008504195
-0.022500000000000003,0.023000000000000007,0.00037201446500834633,0.00022320867900500779
-0.022000000000000002,0.023000000000000007,0.00066819916920271799,0.00040091950152163077
-0.021500000000000002,0.023000000000000007,0.001185157179480011,0.00071109430768800659
-0.021000000000000001,0.023000000000000007,0.0020751178605369577,0.0012450707163221746
-0.020500000000000001,0.023000000000000007,0.0035854113652760639,0.0021512468191656384
-0.02,0.023000000000000007,0.006110356259398108,0.0036662137556388646
-0.0195,0.023000000000000007,0.010266134805164015,0.0061596808830984085
-0.019,0.023000000000000007,0.016995413214170866,0.010197247928502519
-0.018500000000000003,0.023000000000000007,0.027708404524762306,0.016625042714857381
-0.018000000000000002,0.023000000000000007,0.04446561879917825,0.026679371279506949
-0.017500000000000002,0.023000000000000007,0.070204036867679176,0.042122422120607503
-0.017000000000000001,0.023000000000000007,0.10900229942289515,0.065401379653737088
-0.016500000000000001,0.023000000000000007,0.1663714636469808,0.099822878188188482
-0.016,0.023000000000000007,0.24954631440480338,0.14972778864288203
-0.0155,0.023000000000000007,0.36773943954360733,0.2206436637261644
-0.015000000000000001,0.023000000000000007,0.53230875921890408,0.31938525553134245
-0.014500000000000001,0.023000000000000007,0.75678253300432374,0.45406951980259425
-0.014,0.023000000000000007,1.0566883527613666,0.63401301165682
-0.0135,0.023000000000000007,1.4491483511668775,0.86948901070012641
-0.012999999999999999,0.023000000000000007,1.9522343227365733,1.1713405936419439
-0.012500000000000001,0.023000000000000007,2.5841229744493002,1.55047378466958
-0.012,0.023000000000000007,3.3621477563618192,2.0172886538170913
-0.0115,0.023000000000000007,4.3018989798775973,2.5811393879265583
-0.010999999999999999,0.023000000000000007,5.4165628349874666,3.2499377009924797
-0.010499999999999999,0.023000000000000007,6.7166948547931433,4.0300169128758858
-0.010000000000000002,0.023000000000000007,8.2105787580676992,4.9263472548406195
-0.0095000000000000015,0.023000000000000007,9.905219337413838,5.943131602448303
-0.0090000000000000011,0.023000000000000007,11.807862983105402,7.084717789863241
-0.0085000000000000006,0.023000000000000007,13.927752926966793,8.3566517561800762
-0.0080000000000000002,0.023000000000000007,16.277646311762897,9.7665877870577376
-0.0074999999999999997,0.023000000000000007,18.87449635234622,11.324697811407733
-0.0069999999999999993,0.023000000000000007,21.738686417826074,13.043211850695643
-0.0064999999999999988,0.023000000000000007,24.891333036474933,14.934799821884958
-0.0059999999999999984,0.023000000000000007,28.34946435616876,17.009678613701254
-0.0054999999999999979,0.023000000000000007,32.119304770018651,19.27158286201119
-0.005000000000000001,0.023000000000000007,36.188389634538169,21.713033780722899
-0.0044999999999999971,0.023000000000000007,40.517696852354689,24.310618111412811
-0.0040000000000000001,0.023000000000000007,45.035299400686192,27.021179640411713
-0.0035000000000000031,0.023000000000000007,49.633110053904453,29.779866032342671
-0.0029999999999999992,0.023000000000000007,54.168041300853375,32.500824780512026
-0.0025000000000000022,0.023000000000000007,58.46833747784158,35.081002486704946
-0.0019999999999999983,0.023000000000000007,62.345024039022718,37.407014423413628
-0.0015000000000000013,0.023000000000000007,65.607499504036838,39.364499702422101
-0.00099999999999999742,0.023000000000000007,68.081449965584767,40.848869979350859
-0.00050000000000000044,0.023000000000000007,69.626678395044095,41.776007037026453
0,0.023000000000000007,70.152255178708984,42.091353107225387
0.00050000000000000044,0.023000000000000007,69.626678384469201,41.776007030681519
0.0010000000000000009,0.023000000000000007,68.081449942562585,40.848869965537553
0.0015000000000000013,0.023000000000000007,65.607499464674618,39.364499678804769
0.0020000000000000018,0.023000000000000007,62.345023977125024,37.407014386275016
0.0024999999999999988,0.023000000000000007,58.468337384522364,35.081002430713419
0.0030000000000000027,0.023000000000000007,54.168041164088734,32.500824698453236
0.0034999999999999996,0.023000000000000007,49.633109858092155,29.779865914855293
0.0040000000000000036,0.023000000000000007,45.03529912629655,27.021179475777931
0.0045000000000000005,0.023000000000000007,40.517696475777768,24.310617885466659
0.0049999999999999975,0.023000000000000007,36.188389128236231,21.713033476941739
0.0055000000000000014,0.023000000000000007,32.119304103093164,19.271582461855896
0.0059999999999999984,0.023000000000000007,28.349463495428033,17.00967809725682
0.0064999999999999988,0.023000000000000007,24.891331948044339,14.934799168826602
0.0069999999999999993,0.023000000000000007,21.738685069283544,13.043211041570126
0.0074999999999999997,0.023000000000000007,18.874494715285095,11.324696829171057
0.0080000000000000002,0.023000000000000007,16.277644364602143,9.766586618761286
0.0085000000000000006,0.023000000000000007,13.927750657752581,8.3566503946515489
0.0090000000000000011,0.023000000000000007,11.807860391994488,7.0847162351966926
0.0095000000000000015,0.023000000000000007,9.9052164385130723,5.9431298631078429
0.010000000000000002,0.023000000000000007,8.2105755803337157,4.9263453482002291
0.010500000000000002,0.023000000000000007,6.7166914417751711,4.0300148650651026
0.011000000000000003,0.023000000000000007,5.4165592433172209,3.2499355459903323
0.011500000000000003,0.023000000000000007,4.3018952765580716,2.5811371659348428
0.012000000000000004,0.023000000000000007,3.3621440150598589,2.0172864090359153
0.012499999999999997,0.023000000000000007,2.5841192711297833,1.55047156267787
0.013000000000000005,0.023000000000000007,1.9522307310663283,1.1713384386397969
0.013499999999999998,0.023000000000000007,1.449144938148915,0.86948696288934901
0.014000000000000005,0.023000000000000007,1.0566851750273727,0.63401110501642355
0.014499999999999999,0.023000000000000007,0.75677963410353677,0.45406778046212204
0.014999999999999999,0.023000000000000007,0.5323061681079363,0.31938370086476175
0.0155,0.023000000000000007,0.36773717032926306,0.22064230219755784
0.016000000000000007,0.023000000000000007,0.2495443672437446,0.14972662034624676
0.016500000000000001,0.023000000000000007,0.16636982658517063,0.099821895951102371
0.017000000000000001,0.023000000000000007,0.10900095087887797,0.065400570527326785
0.017500000000000002,0.023000000000000007,0.070202948433869997,0.042121769060321994
0.017999999999999995,0.023000000000000007,0.044464758051683435,0.026678854831010061
0.018500000000000003,0.023000000000000007,0.027707737585386263,0.016624642551231757
0.019000000000000003,0.023000000000000007,0.016994906884010532,0.010196944130406319
0.019500000000000003,0.023000000000000007,0.01026575817241202,0.006159454903447212
0.019999999999999997,0.023000000000000007,0.0061100817613777341,0.0036660490568266404
0.020499999999999997,0.023000000000000007,0.003585215346714743,0.0021511292080288458
0.021000000000000005,0.023000000000000007,0.0020749807117327696,0.0012449884270396617
0.021500000000000005,0.023000000000000007,0.0011850631587323318,0.00071103789523939908
0.021999999999999999,0.023000000000000007,0.00066813601645908415,0.0004008816098754505
0.022499999999999999,0.023000000000000007,0.00037197290289783385,0.00022318374173870031
0.023000000000000007,0.023000000000000007,0.00020453129983220552,0.0001227187798993233
0.023500000000000007,0.023000000000000007,0.00011108006465169288,6.6648038791015731e-05
0.024,0.023000000000000007,5.9581454560419983e-05,3.5748872736251991e-05
0.024500000000000001,0.023000000000000007,3.1557462167703992e-05,1.8934477300622395e-05
0.025000000000000001,0.023000000000000007,1.6499770997771888e-05,9.8998625986631319e-06
-0.025000000000000001,0.023500000000000007,8.6872778846899207e-06,5.2123667308139526e-06
-0.024500000000000001,0.023500000000000007,1.6739600565213493e-05,1.0043760339128095e-05
-0.024,0.023500000000000007,3.185096743040111e-05,1.9110580458240665e-05
-0.0235,0.023500000000000007,5.9854773240473922e-05,3.5912863944284349e-05
-0.023,0.023500000000000007,0.00011109706186987244,6.6658237121923453e-05
-0.022500000000000003,0.023500000000000007,0.00020366098399860467,0.00012219659039916281
-0.022000000000000002,0.023500000000000007,0.00036866774042409442,0.00022120064425445665
-0.021500000000000002,0.023500000000000007,0.00065880493036814605,0.00039528295822088762
-0.021000000000000001,0.023500000000000007,0.0011617292055209416,0.00069703752331256501
-0.020500000000000001,0.023500000000000007,0.0020206003457031397,0.0012123602074218837
-0.02,0.023500000000000007,0.0034646861714905525,0.0020788117028943316
-0.0195,0.023500000000000007,0.0058536324399082323,0.0035121794639449391
-0.019,0.023500000000000007,0.0097394412068862457,0.0058436647241317469
-0.018500000000000003,0.023500000000000007,0.01595017677349999,0.0095701060640999928
-0.018000000000000002,0.023500000000000007,0.025698569515442426,0.015419141709265454
-0.017500000000000002,0.023500000000000007,0.040716624276656496,0.024429974565993898
-0.017000000000000001,0.023500000000000007,0.063413722042146445,0.038048233225287865
-0.016500000000000001,0.023500000000000007,0.097050385004842005,0.058230231002905197
-0.016,0.023500000000000007,0.14591308506360717,0.087547851038164301
-0.0155,0.023500000000000007,0.21546800384170547,0.12928080230502328
-0.015000000000000001,0.023500000000000007,0.31246497184125632,0.18747898310475378
-0.014500000000000001,0.023500000000000007,0.44495905827007215,0.26697543496204329
-0.014,0.023500000000000007,0.62221898516203211,0.37333139109721925
-0.0135,0.023500000000000007,0.85450108582487927,0.5127006514949275
-0.012999999999999999,0.023500000000000007,1.1526863368783844,0.69161180212703066
-0.012500000000000001,0.023500000000000007,1.5278055522985106,0.91668333137910629
-0.012,0.023500000000000007,1.990510837049589,1.1943065022297534
-0.0115,0.023500000000000007,2.5505833707582473,1.5303500224549482
-0.010999999999999999,0.023500000000000007,3.2165892781754706,1.9299535669052823
-0.010499999999999999,0.023500000000000007,3.9957962302771426,2.3974777381662853
-0.010000000000000002,0.023500000000000007,4.8944343184009362,2.9366605910405617
-0.0095000000000000015,0.023500000000000007,5.918321093054173,3.5509926558325038
-0.0090000000000000011,0.023500000000000007,7.0737757887713046,4.2442654732627823
-0.0085000000000000006,0.023500000000000007,8.3686350459559158,5.0211810275735491
-0.0080000000000000002,0.023500000000000007,9.8130752685896816,5.887845161153809
-0.0074999999999999997,0.023500000000000007,11.419875449235235,6.851925269541141
-0.0069999999999999993,0.023500000000000007,13.203749970365989,7.9222499822195926
-0.0064999999999999988,0.023500000000000007,15.179467070919831,9.1076802425518988
-0.0059999999999999984,0.023500000000000007,17.358652458309653,10.415191474985791
-0.0054999999999999979,0.023500000000000007,19.745442949531057,11.847265769718634
-0.005000000000000001,0.023500000000000007,22.331460900465931,13.398876540279558
-0.0044999999999999971,0.023500000000000007,25.090864695748095,15.054518817448857
-0.0040000000000000001,0.023500000000000007,27.976422407707357,16.785853444624415
-0.0035000000000000031,0.023500000000000007,30.917590393633745,18.550554236180247
-0.0029999999999999992,0.023500000000000007,33.82141622032146,20.292849732192874
-0.0025000000000000022,0.023500000000000007,36.576725260249212,21.946035156149527
-0.0019999999999999983,0.023500000000000007,39.061537968136058,23.436922780881634
-0.0015000000000000013,0.023500000000000007,41.153087355575977,24.691852413345586
-0.00099999999999999742,0.023500000000000007,42.739276785254681,25.643566071152808
-0.00050000000000000044,0.023500000000000007,43.730052008540454,26.238031205124273
0,0.023500000000000007,44.067048044470774,26.440228826682464
0.00050000000000000044,0.023500000000000007,43.730052004446527,26.238031202667916
0.0010000000000000009,0.023500000000000007,42.739276776341967,25.643566065805178
0.0015000000000000013,0.023500000000000007,41.15308734033745,24.691852404202468
0.0020000000000000018,0.023500000000000007,39.061537944173182,23.436922766503908
0.0024999999999999988,0.023500000000000007,36.576725224122022,21.946035134473213
0.0030000000000000027,0.023500000000000007,33.821416167374977,20.292849700424984
0.0034999999999999996,0.023500000000000007,30.917590317827745,18.550554190696648
0.0040000000000000036,0.023500000000000007,27.976422301481293,16.785853380888774
0.0045000000000000005,0.023500000000000007,25.090864549961648,15.054518729976987
0.0049999999999999975,0.023500000000000007,22.331460704458308,13.398876422674984
0.0055000000000000014,0.023500000000000007,19.745442691340273,11.847265614804163
0.0059999999999999984,0.023500000000000007,17.358652125086049,10.41519127505163
0.0064999999999999988,0.023500000000000007,15.179466649549299,9.1076799897295793
0.0069999999999999993,0.023500000000000007,13.203749448296811,7.9222496689780861
0.0074999999999999997,0.023500000000000007,11.419874815470157,6.8519248892820945
0.0080000000000000002,0.023500000000000007,9.8130745147739251,5.8878447088643551
0.0085000000000000006,0.023500000000000007,8.3686341674617122,5.0211805004770271
0.0090000000000000011,0.023500000000000007,7.0737747856593529,4.2442648713956119
0.0095000000000000015,0.023500000000000007,5.9183199707857277,3.5509919824714364
0.010000000000000002,0.023500000000000007,4.8944330881861591,2.9366598529116952
0.010500000000000002,0.023500000000000007,3.9957949089754972,2.3974769453852982
0.011000000000000003,0.023500000000000007,3.2165878877111234,1.9299527326266739
0.011500000000000003,0.023500000000000007,2.5505819370704583,1.5303491622422749
0.012000000000000004,0.023500000000000007,1.9905093886574394,1.1943056331944637
0.012499999999999997,0.023500000000000007,1.5278041186107292,0.91668247116643742
0.013000000000000005,0.023500000000000007,1.152684946414041,0.69161096784842457
0.013499999999999998,0.023500000000000007,0.85449976452324061,0.5126998587139443
0.014000000000000005,0.023500000000000007,0.62221775494725307,0.37333065296835183
0.014499999999999999,0.023500000000000007,0.44495793600162636,0.26697476160097583
0.014999999999999999,0.023500000000000007,0.31246396872928706,0.18747838123757224
0.0155,0.023500000000000007,0.21546712534746154,0.12928027520847693
0.016000000000000007,0.023500000000000007,0.14591233124773889,0.087547398748643326
0.016500000000000001,0.023500000000000007,0.097049751239512483,0.058229850743707484
0.017000000000000001,0.023500000000000007,0.063413199972400344,0.038047919983440204
0.017500000000000002,0.023500000000000007,0.040716202904899308,0.024429721742939583
0.017999999999999995,0.023500000000000007,0.025698236289222007,0.015418941773533203
0.018500000000000003,0.023500000000000007,0.015949918577352066,0.0095699511464112392
0.019000000000000003,0.023500000000000007,0.0097392451883248771,0.0058435471129949261
0.019500000000000003,0.023500000000000007,0.0058534866318644295,0.0035120919791186574
0.019999999999999997,0.023500000000000007,0.0034645799034637549,0.0020787479420782528
0.020499999999999997,0.023500000000000007,0.00202052445988911,0.001212314675933466
0.021000000000000005,0.023500000000000007,0.0011616761103008793,0.00069700566618052752
0.021500000000000005,0.023500000000000007,0.0006587685315652687,0.0003952611189391612
0.021999999999999999,0.023500000000000007,0.00036864329173246673,0.00022118597503948003
0.022499999999999999,0.023500000000000007,0.00020364489381526798,0.00012218693628916077
0.023000000000000007,0.023500000000000007,0.00011108668650903176,6.6652011905419059e-05
0.023500000000000007,0.023500000000000007,5.9848218095904191e-05,3.5908930857542512e-05
0.024,0.023500000000000007,3.1846909559875198e-05,1.9108145735925119e-05
0.024500000000000001,0.023500000000000007,1.6737139342326366e-05,1.0042283605395819e-05
0.025000000000000001,0.023500000000000007,8.6858152342324232e-06,5.2114891405394541e-06
-0.025000000000000001,0.024,4.5141854497187557e-06,2.7085112698312532e-06
-0.024500000000000001,0.024,8.7663688455950262e-06,5.2598213073570154e-06
-0.024,0.024,1.6813493002214098e-05,1.0088095801328459e-05
-0.0235,0.024,3.185098077777816e-05,1.9110588466666897e-05
-0.023,0.024,5.9591994602893886e-05,3.5755196761736332e-05
-0.022500000000000003,0.024,0.00011009649730554329,6.6057898383325964e-05
-0.022000000000000002,0.024,0.00020079435205659339,0.00012047661123395603
-0.021500000000000002,0.024,0.00036137101001733677,0.00021682260601040205
-0.021000000000000001,0.024,0.0006414744246099678,0.00038488465476598069
-0.020500000000000001,0.024,0.0011225591543125553,0.00067353549258753322
-0.02,0.024,0.0019355837071609555,0.0011613502242965733
-0.0195,0.024,0.0032866621084477422,0.0019719972650686451
-0.019,0.024,0.0054930371233859682,0.0032958222740315807
-0.018500000000000003,0.024,0.0090317348785253198,0.0054190409271151919
-0.018000000000000002,0.024,0.014602775778358331,0.0087616654670149979
-0.017500000000000002,0.024,0.023207629499742567,0.01392457769984554
-0.017000000000000001,0.024,0.036241518179241171,0.021744910907544702
-0.016500000000000001,0.024,0.055595111185267311,0.033357066711160385
-0.016,0.024,0.083757255989196228,0.050254353593517737
-0.0155,0.024,0.1239061174516001,0.074343670470960063
-0.015000000000000001,0.024,0.17997231274131198,0.10798338764478718
-0.014500000000000001,0.024,0.25665556990741983,0.15399334194445188
-0.014,0.024,0.35937756741109111,0.21562654044665466
-0.0135,0.024,0.49415929251948498,0.29649557551169098
-0.012999999999999999,0.024,0.66742227054685943,0.40045336232811563
-0.012500000000000001,0.024,0.88572900390046672,0.53143740234028003
-0.012,0.024,1.1554969215773345,0.69329815294640074
-0.0115,0.024,1.4827382178378121,0.8896429307026873
-0.010999999999999999,0.024,1.8728896989594965,1.1237338193756978
-0.010499999999999999,0.024,2.330796010098112,1.3984776060588671
-0.010000000000000002,0.024,2.8608910748277623,1.7165346448966574
-0.0095000000000000015,0.024,3.4675837439501844,2.0805502463701107
-0.0090000000000000011,0.024,4.1557967382780072,2.4934780429668044
-0.0085000000000000006,0.024,4.9315411853888254,2.958924711233295
-0.0080000000000000002,0.024,5.8023465133527781,3.4814079080116667
-0.0074999999999999997,0.024,6.7773253544535841,4.0663952126721501
-0.0069999999999999993,0.024,7.8666539568110601,4.7199923740866359
-0.0064999999999999988,0.024,9.08030423160616,5.448182538963696
-0.0059999999999999984,0.024,10.425977831228938,6.2555866987373623
-0.0054999999999999979,0.024,11.90635543282025,7.1438132596921502
-0.005000000000000001,0.024,13.515960406948142,8.1095762441688848
-0.0044999999999999971,0.024,15.238107573280773,9.1428645439684644
-0.0040000000000000001,0.024,17.042521477796495,10.225512886677896
-0.0035000000000000031,0.024,18.884225567528681,11.330535340517208
-0.0029999999999999992,0.024,20.704199908123613,12.422519944874168
-0.0025000000000000022,0.024,22.432080787906962,13.459248472744177
-0.0019999999999999983,0.024,23.990858840567245,14.394515304340347
-0.0015000000000000013,0.024,25.303176797857198,15.181906078714318
-0.00099999999999999742,0.024,26.298503113928447,15.779101868357067
-0.00050000000000000044,0.024,26.920233964405522,16.152140378643313
0,0.024,27.131708332196627,16.279024999317976
0.00050000000000000044,0.024,26.920233962852638,16.152140377711582
0.0010000000000000009,0.024,26.298503110547717,15.779101866328629
0.0015000000000000013,0.024,25.303176792076989,15.181906075246193
0.0020000000000000018,0.024,23.990858831477738,14.394515298886642
0.0024999999999999988,0.024,22.432080774203371,13.459248464522021
0.0030000000000000027,0.024,20.704199888040208,12.422519932824125
0.0034999999999999996,0.024,18.884225538774317,11.33053532326459
0.0040000000000000036,0.024,17.042521437503318,10.22551286250199
0.0045000000000000005,0.024,15.238107517981748,9.1428645107890478
0.0049999999999999975,0.024,13.515960332599473,8.1095761995596831
0.0055000000000000014,0.024,11.906355334884561,7.1438132009307358
0.0059999999999999984,0.024,10.425977704832151,6.2555866228992905
0.0064999999999999988,0.024,9.080304071773913,5.448182443064348
0.0069999999999999993,0.024,7.8666537587822791,4.7199922552693669
0.0074999999999999997,0.024,6.777325114056854,4.0663950684341126
0.0080000000000000002,0.024,5.8023462274189983,3.4814077364513989
0.0085000000000000006,0.024,4.9315408521626214,2.9589245112975728
0.0090000000000000011,0.024,4.1557963577823944,2.4934778146694367
0.0095000000000000015,0.024,3.4675833182567071,2.0805499909540242
0.010000000000000002,0.024,2.8608906081885932,1.7165343649131559
0.010500000000000002,0.024,2.3307955089083117,1.398477305344987
0.011000000000000003,0.024,1.8728891715352325,1.1237335029211395
0.011500000000000003,0.024,1.4827376740182423,0.88964260441094534
0.012000000000000004,0.024,1.1554963721801768,0.69329782330810608
0.012499999999999997,0.024,0.88572846008089845,0.53143707604853907
0.013000000000000005,0.024,0.66742174312259617,0.40045304587355768
0.013499999999999998,0.024,0.49415879132968982,0.2964952747978139
0.014000000000000005,0.024,0.3593771007719237,0.21562626046315422
0.014499999999999999,0.024,0.25665514421393909,0.15399308652836344
0.014999999999999999,0.024,0.17997193224569435,0.1079831593474166
0.0155,0.024,0.12390578422537976,0.074343470535227857
0.016000000000000007,0.024,0.083756970055378535,0.050254182033227117
0.016500000000000001,0.024,0.055594870788444078,0.033356922473066444
0.017000000000000001,0.024,0.036241320150250646,0.021744792090150386
0.017500000000000002,0.024,0.023207469667029884,0.013924481800217931
0.017999999999999995,0.024,0.014602649380587661,0.0087615896283525958
0.018500000000000003,0.024,0.0090316369408016146,0.0054189821644809689
0.019000000000000003,0.024,0.00549296277056599,0.0032957776623395939
0.019500000000000003,0.024,0.0032866068012403181,0.0019719640807441909
0.019999999999999997,0.024,0.0019355433980830369,0.0011613260388498221
0.020499999999999997,0.024,0.0011225303696697682,0.00067351822180186085
0.021000000000000005,0.024,0.00064145428478590641,0.00038487257087154385
0.021500000000000005,0.024,0.00036135720339811414,0.00021681432203886849
0.021999999999999999,0.024,0.00020078507829621926,0.00012047104697773155
0.022499999999999999,0.024,0.00011009039405441998,6.6054236432651982e-05
0.023000000000000007,0.024,5.9588059070813053e-05,3.5752835442487833e-05
0.023500000000000007,0.024,3.1848494311799267e-05,1.9109096587079561e-05
0.024,0.024,1.681195379024061e-05,1.0087172274144366e-05
0.024500000000000001,0.024,8.7654352663413227e-06,5.2592611598047931e-06
0.025000000000000001,0.024,4.5136306441667351e-06,2.7081783865000412e-06
-0.025000000000000001,0.024500000000000001,2.316290983333998e-06,1.3897745900003987e-06
-0.024500000000000001,0.024500000000000001,4.5341258339986886e-06,2.7204755003992131e-06
-0.024,0.024500000000000001,8.7663714838448303e-06,5.2598228903068977e-06
-0.0235,0.024500000000000001,1.6739612322290295e-05,1.0043767393374176e-05
-0.023,0.024500000000000001,3.1563858201680371e-05,1.893831492100822e-05
-0.022500000000000003,0.024500000000000001,5.8752387467145807e-05,3.5251432480287482e-05
-0.022000000000000002,0.024500000000000001,0.000107915211116567,6.4749126669940202e-05
-0.021500000000000002,0.024500000000000001,0.00019550656032226932,0.00011730393619336159
-0.021000000000000001,0.024500000000000001,0.0003491728174377307,0.00020950369046263842
-0.020500000000000001,0.024500000000000001,0.00061445202508063443,0.00036867121504838063
-0.02,0.024500000000000001,0.0010648056346818085,0.00063888338080908503
-0.0195,0.024500000000000001,0.0018161845588033391,0.0010897107352820035
-0.019,0.024500000000000001,0.0030474861563747936,0.001828491693824876
-0.018500000000000003,0.024500000000000001,0.0050282581620341993,0.0030169548972205193
-0.018000000000000002,0.024500000000000001,0.0081547347980912878,0.0048928408788547727
-0.017500000000000002,0.024500000000000001,0.012994622372576052,0.0077967734235456308
-0.017000000000000001,0.024500000000000001,0.020339877831848787,0.012203926699109273
-0.016500000000000001,0.024500000000000001,0.031265000842573741,0.018759000505544243
-0.016,0.024500000000000001,0.047186170402914715,0.028311702241748827
-0.0155,0.024500000000000001,0.069914168702981463,0.041948501221788878
-0.015000000000000001,0.024500000000000001,0.10169194003698556,0.061015164022191336
-0.014500000000000001,0.024500000000000001,0.14520653553706439,0.087123921322238632
-0.014,0.024500000000000001,0.20356592183503092,0.12213955310101854
-0.0135,0.024500000000000001,0.28023444487326132,0.16814066692395679
-0.012999999999999999,0.024500000000000001,0.3789270589625181,0.22735623537751085
-0.012500000000000001,0.024500000000000001,0.50347151305124482,0.30208290783074687
-0.012,0.024500000000000001,0.65765834517755384,0.39459500710653228
-0.0115,0.024500000000000001,0.84510852218471333,0.50706511331082793
-0.010999999999999999,0.024500000000000001,1.0691947223355673,0.64151683340134036
-0.010499999999999999,0.024500000000000001,1.3330510683287189,0.79983064099723133
-0.010000000000000002,0.024500000000000001,1.6396945774559581,0.98381674647357487
-0.0095000000000000015,0.024500000000000001,1.9922583667973541,1.1953550200784124
-0.0090000000000000011,0.024500000000000001,2.3943031711309684,1.4365819026785809
-0.0085000000000000006,0.024500000000000001,2.8501349289117006,1.7100809573470204
-0.0080000000000000002,0.024500000000000001,3.3650204306360822,2.0190122583816494
-0.0074999999999999997,0.024500000000000001,3.9451709918500844,2.3671025951100506
-0.0069999999999999993,0.024500000000000001,4.5973666281185945,2.7584199768711568
-0.0064999999999999988,0.024500000000000001,5.32812824581654,3.1968769474899239
-0.0059999999999999984,0.024500000000000001,6.1424149464517468,3.6854489678710478
-0.0054999999999999979,0.024500000000000001,7.0419214060839366,4.2251528436503616
-0.005000000000000001,0.024500000000000001,8.0231612033092254,4.8138967219855351
-0.0044999999999999971,0.024500000000000001,9.0756233816163761,5.4453740289698258
-0.0040000000000000001,0.024500000000000001,10.180355656630352,6.1082133939782111
-0.0035000000000000031,0.024500000000000001,11.309335386425815,6.7856012318554884
-0.0029999999999999992,0.024500000000000001,12.425924682489766,7.4555548094938597
-0.0025000000000000022,0.024500000000000001,13.486569188085859,8.0919415128515144
-0.0019999999999999983,0.024500000000000001,14.443708211062601,8.6662249266375611
-0.0015000000000000013,0.024500000000000001,15.249649386475188,9.1497896318851115
-0.00099999999999999742,0.024500000000000001,15.860965622348415,9.5165793734090478
-0.00050000000000000044,0.024500000000000001,16.242838057886939,9.7457028347321621
0,0.024500000000000001,16.372728989570078,9.8236373937420467
0.00050000000000000044,0.024500000000000001,16.242838057309804,9.7457028343858827
0.0010000000000000009,0.024500000000000001,15.860965621091957,9.5165793726551744
0.0015000000000000013,0.024500000000000001,15.249649384326959,9.1497896305961746
0.0020000000000000018,0.024500000000000001,14.44370820768447,8.6662249246106811
0.0024999999999999988,0.024500000000000001,13.486569182992891,8.0919415097957348
0.0030000000000000027,0.024500000000000001,12.425924675025716,7.4555548050154288
0.0034999999999999996,0.024500000000000001,11.309335375739185,6.7856012254435107
0.0040000000000000036,0.024500000000000001,10.180355641655298,6.1082133849931788
0.0045000000000000005,0.024500000000000001,9.0756233610643537,5.4453740166386124
0.0049999999999999975,0.024500000000000001,8.0231611756773589,4.8138967054064148
0.0055000000000000014,0.024500000000000001,7.0419213696858867,4.2251528218115322
0.0059999999999999984,0.024500000000000001,6.1424148994760692,3.6854489396856414
0.0064999999999999988,0.024500000000000001,5.3281281864144781,3.1968769118486868
0.0069999999999999993,0.024500000000000001,4.5973665545206952,2.758419932712417
0.0074999999999999997,0.024500000000000001,3.9451709025060366,2.367102541503622
0.0080000000000000002,0.024500000000000001,3.3650203243680719,2.019012194620843
0.0085000000000000006,0.024500000000000001,2.8501348050673396,1.7100808830404037
0.0090000000000000011,0.024500000000000001,2.3943030297188121,1.4365818178312872
0.0095000000000000015,0.024500000000000001,1.992258208587296,1.1953549251523776
0.010000000000000002,0.024500000000000001,1.6396944040283321,0.98381664241699918
0.010500000000000002,0.024500000000000001,1.3330508820602622,0.79983052923615727
0.011000000000000003,0.024500000000000001,1.069194526317006,0.64151671579020353
0.011500000000000003,0.024500000000000001,0.84510832007279357,0.50706499204367617
0.012000000000000004,0.024500000000000001,0.65765814099270958,0.39459488459562575
0.012499999999999997,0.024500000000000001,0.50347131093932718,0.30208278656359627
0.013000000000000005,0.024500000000000001,0.37892686294395667,0.22735611776637399
0.013499999999999998,0.024500000000000001,0.28023425860480583,0.16814055516288348
0.014000000000000005,0.024500000000000001,0.20356574840740405,0.12213944904444242
0.014499999999999999,0.024500000000000001,0.14520637732700556,0.087123826396203335
0.014999999999999999,0.024500000000000001,0.10169179862482661,0.061015079174895959
0.0155,0.024500000000000001,0.069914044858613286,0.041948426915167973
0.016000000000000007,0.024500000000000001,0.047186064134887643,0.028311638480932586
0.016500000000000001,0.024500000000000001,0.03126491149848605,0.01875894689909163
0.017000000000000001,0.024500000000000001,0.020339804233873313,0.012203882540323988
0.017500000000000002,0.024500000000000001,0.012994562970343874,0.0077967377822063238
0.017999999999999995,0.024500000000000001,0.0081546878220399716,0.0048928126932239824
0.018500000000000003,0.024500000000000001,0.0050282217632313239,0.0030169330579387942
0.019000000000000003,0.024500000000000001,0.003047458522961087,0.0018284751137766521
0.019500000000000003,0.024500000000000001,0.001816164003739735,0.0010896984022438409
0.019999999999999997,0.024500000000000001,0.0010647906537109906,0.00063887439222659441
0.020499999999999997,0.024500000000000001,0.00061444132719529871,0.00036866479631717924
0.021000000000000005,0.024500000000000001,0.0003491653324211502,0.0002094991994526901
0.021500000000000005,0.024500000000000001,0.00019550142905729357,0.00011730085743437614
0.021999999999999999,0.024500000000000001,0.00010791176450005494,6.4747058700032962e-05
0.022499999999999999,0.024500000000000001,5.8750119178420074e-05,3.5250071507052046e-05
0.023000000000000007,0.024500000000000001,3.1562395551222738e-05,1.893743733073364e-05
0.023500000000000007,0.024500000000000001,1.6738688220916615e-05,1.0043212932549968e-05
0.024,0.024500000000000001,8.765799431819557e-06,5.2594796590917339e-06
0.024500000000000001,0.024500000000000001,4.5337788669064166e-06,2.72026732014385e-06
0.025000000000000001,0.024500000000000001,2.3160847884465194e-06,1.3896508730679115e-06
-0.025000000000000001,0.025000000000000001,1.1738299176460086e-06,7.0429795058760513e-07
-0.024500000000000001,0.025000000000000001,2.3162914838031912e-06,1.3897748902819148e-06
-0.024,0.025000000000000001,4.5141877263782549e-06,2.7085126358269529e-06
-0.0235,0.025000000000000001,8.6872854984052074e-06,5.2123712990431246e-06
-0.023,0.025000000000000001,1.6503571314258615e-05,9.9021427885551693e-06
-0.022500000000000003,0.025000000000000001,3.093796313793056e-05,1.8562777882758335e-05
-0.022000000000000002,0.025000000000000001,5.7203786471131432e-05,3.4322271882678861e-05
-0.021500000000000002,0.025000000000000001,0.00010426904424136865,6.2561426544821192e-05
-0.021000000000000001,0.025000000000000001,0.00018726250030992641,0.00011235750018595584
-0.020500000000000001,0.025000000000000001,0.00033118937603907365,0.00019871362562344418
-0.02,0.025000000000000001,0.00057650532193663279,0.00034590319316197968
-0.0195,0.025000000000000001,0.00098722195448931521,0.00059233317269358915
-0.019,0.025000000000000001,0.0016623049972684628,0.00099738299836107762
-0.018500000000000003,0.025000000000000001,0.0027511278766942961,0.0016506767260165776
-0.018000000000000002,0.025000000000000001,0.0044735957886059326,0.0026841574731635595
-0.017500000000000002,0.025000000000000001,0.0071451876590675574,0.0042871125954405346
-0.017000000000000001,0.025000000000000001,0.011206516550331846,0.0067239099301991071
-0.016500000000000001,0.025000000000000001,0.017256060396811122,0.010353636238086673
-0.016,0.025000000000000001,0.026083512321192173,0.015650107392715305
-0.0155,0.025000000000000001,0.038699894498273275,0.023219936698963963
-0.015000000000000001,0.025000000000000001,0.056359447220282917,0.03381566833216975
-0.014500000000000001,0.025000000000000001,0.080567737837951806,0.048340642702771081
-0.014,0.025000000000000001,0.11307088981777189,0.067842533890663123
-0.0135,0.025000000000000001,0.15582272635693556,0.093493635814161327
-0.012999999999999999,0.025000000000000001,0.21093017514912105,0.12655810508947263
-0.012500000000000001,0.025000000000000001,0.28058233353028467,0.16834940011817079
-0.012,0.025000000000000001,0.36697445651732641,0.22018467391039584
-0.0115,0.025000000000000001,0.47224351768263334,0.28334611060957998
-0.010999999999999999,0.025000000000000001,0.59843511788361892,0.35906107073017135
-0.010499999999999999,0.025000000000000001,0.7475203989039515,0.44851223934237089
-0.010000000000000002,0.025000000000000001,0.92147459680820754,0.55288475808492454
-0.0095000000000000015,0.025000000000000001,1.1224152492855002,0.67344914957130009
-0.0090000000000000011,0.025000000000000001,1.3527787559329538,0.81166725355977232
-0.0085000000000000006,0.025000000000000001,1.6154918834445544,0.96929513006673262
-0.0080000000000000002,0.025000000000000001,1.914074766598695,1.148444859959217
-0.0074999999999999997,0.025000000000000001,2.2526001431560259,1.3515600858936154
-0.0069999999999999993,0.025000000000000001,2.6354361712833665,1.5812617027700198
-0.0064999999999999988,0.025000000000000001,3.0667217202706611,1.8400330321623966
-0.0059999999999999984,0.025000000000000001,3.5495645299515188,2.1297387179709113
-0.0054999999999999979,0.025000000000000001,4.0850103074159021,2.451006184449541
-0.005000000000000001,0.025000000000000001,4.6708956779667234,2.8025374067800342
-0.0044999999999999971,0.025000000000000001,5.3007567123384414,3.1804540274030648
-0.0040000000000000001,0.025000000000000001,5.9630024556044319,3.5778014733626589
-0.0035000000000000031,0.025000000000000001,6.6405660330235348,3.9843396198141208
-0.0029999999999999992,0.025000000000000001,7.3112064183482692,4.386723851008961
-0.0025000000000000022,0.025000000000000001,7.9485521756121145,4.7691313053672681
-0.0019999999999999983,0.025000000000000001,8.5238646234449273,5.1143187740669562
-0.0015000000000000013,0.025000000000000001,9.008371018532678,5.4050226111196062
-0.00099999999999999742,0.025000000000000001,9.3759031245753821,5.6255418747452293
-0.00050000000000000044,0.025000000000000001,9.605497822525864,5.7632986935155186
0,0.025000000000000001,9.6835935298361981,5.8101561179017187
0.00050000000000000044,0.025000000000000001,9.6054978223157033,5.7632986933894221
0.0010000000000000009,0.025000000000000001,9.3759031241178494,5.6255418744707093
0.0015000000000000013,0.025000000000000001,9.0083710177504113,5.4050226106502466
0.0020000000000000018,0.025000000000000001,8.5238646222147931,5.1143187733288755
0.0024999999999999988,0.025000000000000001,7.9485521737575384,4.7691313042545227
0.0030000000000000027,0.025000000000000001,7.3112064156302754,4.3867238493781651
0.0034999999999999996,0.025000000000000001,6.6405660291320574,3.9843396174792343
0.0040000000000000036,0.025000000000000001,5.9630024501513414,3.577801470090805
0.0045000000000000005,0.025000000000000001,5.3007567048545221,3.1804540229127132
0.0049999999999999975,0.025000000000000001,4.6708956679047304,2.8025374007428381
0.0055000000000000014,0.025000000000000001,4.0850102941617426,2.4510061764970454
0.0059999999999999984,0.025000000000000001,3.5495645128455795,2.1297387077073475
0.0064999999999999988,0.025000000000000001,3.0667216986397197,1.8400330191838317
0.0069999999999999993,0.025000000000000001,2.6354361444830845,1.5812616866898506
0.0074999999999999997,0.025000000000000001,2.2526001106218638,1.3515600663731182
0.0080000000000000002,0.025000000000000001,1.9140747279017645,1.1484448367410587
0.0085000000000000006,0.025000000000000001,1.6154918383472918,0.96929510300837507
0.0090000000000000011,0.025000000000000001,1.3527787044384709,0.81166722266308255
0.0095000000000000015,0.025000000000000001,1.1224151916741514,0.67344911500449078
0.010000000000000002,0.025000000000000001,0.9214745336554625,0.5528847201932775
0.010500000000000002,0.025000000000000001,0.74752033107528704,0.44851219864517222
0.011000000000000003,0.025000000000000001,0.59843504650450596,0.35906102790270356
0.011500000000000003,0.025000000000000001,0.47224344408465696,0.28334606645079419
0.012000000000000004,0.025000000000000001,0.36697438216450567,0.22018462929870339
0.012499999999999997,0.025000000000000001,0.28058225993230967,0.1683493559593858
0.013000000000000005,0.025000000000000001,0.21093010377000859,0.12655806226200514
0.013499999999999998,0.025000000000000001,0.15582265852827265,0.09349359511696359
0.014000000000000005,0.025000000000000001,0.11307082666502789,0.067842495999016733
0.014499999999999999,0.025000000000000001,0.080567680226604085,0.04834060813596245
0.014999999999999999,0.025000000000000001,0.056359395725800746,0.033815637435480446
0.0155,0.025000000000000001,0.038699849401008402,0.023219909640605042
0.016000000000000007,0.025000000000000001,0.026083473624257933,0.015650084174554758
0.016500000000000001,0.025000000000000001,0.01725602786263896,0.010353616717583376
0.017000000000000001,0.025000000000000001,0.011206489750022336,0.0067238938500134016
0.017500000000000002,0.025000000000000001,0.0071451660280621356,0.0042870996168372809
0.017999999999999995,0.025000000000000001,0.0044735786825278552,0.002684147209516713
0.018500000000000003,0.025000000000000001,0.0027511146222647213,0.0016506687733588328
0.019000000000000003,0.025000000000000001,0.0016622949347085108,0.00099737696082510645
0.019500000000000003,0.025000000000000001,0.00098721446947272842,0.00059232868168363699
0.019999999999999997,0.025000000000000001,0.00057649986669615772,0.00034589992001769461
0.020499999999999997,0.025000000000000001,0.00033118548046128985,0.00019871128827677391
0.021000000000000005,0.025000000000000001,0.0001872597746811318,0.00011235586480867907
0.021500000000000005,0.025000000000000001,0.00010426717571864559,6.2560305431187351e-05
0.021999999999999999,0.025000000000000001,5.7202531404144699e-05,3.4321518842486816e-05
0.022499999999999999,0.025000000000000001,3.0937137152711191e-05,1.8562282291626712e-05
0.023000000000000007,0.025000000000000001,1.6503038697909695e-05,9.9018232187458167e-06
0.023500000000000007,0.025000000000000001,8.6869489918276708e-06,5.2121693950966023e-06
0.024,0.025000000000000001,4.5139794166898619e-06,2.7083876500139172e-06
0.024500000000000001,0.025000000000000001,2.3161651375904696e-06,1.3896990825542817e-06
0.025000000000000001,0.025000000000000001,1.1737548328794859e-06,7.0425289972769151e-07
