x_m,y_m,incident_W_m2,absorbed_W_m2
-0.025000000000000001,-0.025000000000000001,2.9174721720237366e-10,1.750483303214242e-10
-0.024500000000000001,-0.025000000000000001,7.3728278040888286e-10,4.4236966824532971e-10
-0.024,-0.025000000000000001,1.838876928779212e-09,1.1033261572675271e-09
-0.0235,-0.025000000000000001,4.5236631550659542e-09,2.7141978930395723e-09
-0.023,-0.025000000000000001,1.0965453081242665e-08,6.5792718487455991e-09
-0.022500000000000003,-0.025000000000000001,2.615986301429737e-08,1.5695917808578423e-08
-0.022000000000000002,-0.025000000000000001,6.1338230795069849e-08,3.680293847704191e-08
-0.021500000000000002,-0.025000000000000001,1.4116004662508036e-07,8.4696027975048211e-08
-0.021000000000000001,-0.025000000000000001,3.1841482129984693e-07,1.9104889277990816e-07
-0.020500000000000001,-0.025000000000000001,7.0312828919476952e-07,4.2187697351686172e-07
-0.02,-0.025000000000000001,1.5182793901264497e-06,9.1096763407586975e-07
-0.0195,-0.025000000000000001,3.2027566963319964e-06,1.9216540177991977e-06
-0.019,-0.025000000000000001,6.5946850809575621e-06,3.9568110485745367e-06
-0.018500000000000003,-0.025000000000000001,1.3245384168656965e-05,7.9472305011941784e-06
-0.018000000000000002,-0.025000000000000001,2.5935348210962588e-05,1.5561208926577552e-05
-0.017500000000000002,-0.025000000000000001,4.9485851219845232e-05,2.9691510731907139e-05
-0.017000000000000001,-0.025000000000000001,9.1976629705310765e-05,5.5185977823186456e-05
-0.016500000000000001,-0.025000000000000001,0.00016648065288665391,9.9888391731992347e-05
-0.016,-0.025000000000000001,0.00029339611380086589,0.00017603766828051953
-0.0155,-0.025000000000000001,0.00050337669000665353,0.00030202601400399208
-0.015000000000000001,-0.025000000000000001,0.00084072139462375935,0.00050443283677425554
-0.014500000000000001,-0.025000000000000001,0.0013668864977632866,0.00082013189865797192
-0.014,-0.025000000000000001,0.0021635513963304881,0.0012981308377982928
-0.0135,-0.025000000000000001,0.0033344712979673716,0.0020006827787804227
-0.012999999999999999,-0.025000000000000001,0.0050052835685401665,0.0030031701411240997
-0.012500000000000001,-0.025000000000000001,0.0073206272752886865,0.0043923763651732119
-0.012,-0.025000000000000001,0.010438501359891666,0.0062631008159349999
-0.0115,-0.025000000000000001,0.014522772348030698,0.0087136634088184183
-0.010999999999999999,-0.025000000000000001,0.019736057840721487,0.011841634704432892
-0.010499999999999999,-0.025000000000000001,0.026236575571799887,0.015741945343079933
-0.010000000000000002,-0.025000000000000001,0.034183474157352393,0.020510084494411437
-0.0095000000000000015,-0.025000000000000001,0.043755026254480876,0.026253015752688524
-0.0090000000000000011,-0.025000000000000001,0.055182262673309765,0.03310935760398586
-0.0085000000000000006,-0.025000000000000001,0.068796811958747234,0.041278087175248342
-0.0080000000000000002,-0.025000000000000001,0.085086068005610499,0.051051640803366299
-0.0074999999999999997,-0.025000000000000001,0.10474225761931175,0.062845354571587048
-0.0069999999999999993,-0.025000000000000001,0.12868620795772243,0.07721172477463345
-0.0064999999999999988,-0.025000000000000001,0.158043841963694,0.0948263051782164
-0.0059999999999999984,-0.025000000000000001,0.19405588201569998,0.11643352920941999
-0.0054999999999999979,-0.025000000000000001,0.23791038616367671,0.14274623169820602
-0.005000000000000001,-0.025000000000000001,0.29050349430759492,0.17430209658455695
-0.0044999999999999971,-0.025000000000000001,0.35215393502159381,0.21129236101295629
-0.0040000000000000001,-0.025000000000000001,0.42231712431392754,0.2533902745883565
-0.0035000000000000031,-0.025000000000000001,0.49935934829648659,0.29961560897789197
-0.0029999999999999992,-0.025000000000000001,0.58045584360082603,0.34827350616049563
-0.0025000000000000022,-0.025000000000000001,0.66166469740458611,0.39699881844275164
-0.0019999999999999983,-0.025000000000000001,0.73820105302962025,0.44292063181777214
-0.0015000000000000013,-0.025000000000000001,0.80489725889391794,0.48293835533635077
-0.00099999999999999742,-0.025000000000000001,0.85679255016079814,0.51407553009647888
-0.00050000000000000044,-0.025000000000000001,0.88976108124983344,0.53385664874990002
0,-0.025000000000000001,0.90106951051116335,0.54064170630669794
0.00050000000000000044,-0.025000000000000001,0.88976108124982933,0.53385664874989758
0.0010000000000000009,-0.025000000000000001,0.85679255016078837,0.514075530096473
0.0015000000000000013,-0.025000000000000001,0.80489725889389918,0.4829383553363395
0.0020000000000000018,-0.025000000000000001,0.73820105302958539,0.44292063181775121
0.0024999999999999988,-0.025000000000000001,0.66166469740452705,0.39699881844271623
0.0030000000000000027,-0.025000000000000001,0.58045584360072711,0.34827350616043623
0.0034999999999999996,-0.025000000000000001,0.4993593482963285,0.2996156089777971
0.0040000000000000036,-0.025000000000000001,0.42231712431367546,0.25339027458820529
0.0045000000000000005,-0.025000000000000001,0.35215393502120751,0.2112923610127245
0.0049999999999999975,-0.025000000000000001,0.29050349430701866,0.1743020965842112
0.0055000000000000014,-0.025000000000000001,0.23791038616283758,0.14274623169770254
0.0059999999999999984,-0.025000000000000001,0.1940558820145136,0.11643352920870816
0.0064999999999999988,-0.025000000000000001,0.15804384196206134,0.094826305177236794
0.0069999999999999993,-0.025000000000000001,0.12868620795553687,0.077211724773322124
0.0074999999999999997,-0.025000000000000001,0.10474225761646612,0.062845354569879663
0.0080000000000000002,-0.025000000000000001,0.085086068002007229,0.051051640801204334
0.0085000000000000006,-0.025000000000000001,0.068796811954309298,0.041278087172585576
0.0090000000000000011,-0.025000000000000001,0.05518226266799349,0.033109357600796092
0.0095000000000000015,-0.025000000000000001,0.043755026248287088,0.026253015748972253
0.010000000000000002,-0.025000000000000001,0.03418347415033389,0.020510084490200333
0.010500000000000002,-0.025000000000000001,0.026236575564064699,0.015741945338438819
0.011000000000000003,-0.025000000000000001,0.019736057832430022,0.011841634699458013
0.011500000000000003,-0.025000000000000001,0.014522772339386491,0.0087136634036318935
0.012000000000000004,-0.025000000000000001,0.010438501351126568,0.0062631008106759411
0.012499999999999997,-0.025000000000000001,0.007320627266644523,0.004392376359986714
0.013000000000000005,-0.025000000000000001,0.0050052835602487121,0.0030031701361492272
0.013499999999999998,-0.025000000000000001,0.0033344712902322127,0.0020006827741393274
0.014000000000000005,-0.025000000000000001,0.0021635513893119352,0.0012981308335871611
0.014499999999999999,-0.025000000000000001,0.0013668864915694508,0.00082013189494167045
0.014999999999999999,-0.025000000000000001,0.00084072138930745932,0.00050443283358447561
0.0155,-0.025000000000000001,0.00050337668556857266,0.00030202601134114357
0.016000000000000007,-0.025000000000000001,0.00029339611019742374,0.00017603766611845424
0.016500000000000001,-0.025000000000000001,0.00016648065004104355,9.9888390024626124e-05
0.017000000000000001,-0.025000000000000001,9.1976627519714497e-05,5.5185976511828695e-05
0.017500000000000002,-0.025000000000000001,4.948584958716639e-05,2.9691509752299834e-05
0.017999999999999995,-0.025000000000000001,2.5935347024735897e-05,1.5561208214841536e-05
0.018500000000000003,-0.025000000000000001,1.3245383330411741e-05,7.9472299982470445e-06
0.019000000000000003,-0.025000000000000001,6.5946845048405898e-06,3.9568107029043534e-06
0.019500000000000003,-0.025000000000000001,3.2027563112204912e-06,1.9216537867322947e-06
0.019999999999999997,-0.025000000000000001,1.5182791397470705e-06,9.1096748384824223e-07
0.020499999999999997,-0.025000000000000001,7.0312813087070812e-07,4.2187687852242485e-07
0.021000000000000005,-0.025000000000000001,3.1841472392841205e-07,1.9104883435704722e-07
0.021500000000000005,-0.025000000000000001,1.4115998838091115e-07,8.4695993028546685e-08
0.021999999999999999,-0.025000000000000001,6.1338196909905145e-08,3.6802918145943084e-08
0.022499999999999999,-0.025000000000000001,2.6159843840725675e-08,1.5695906304435404e-08
0.023000000000000007,-0.025000000000000001,1.0965442529292933e-08,6.5792655175757599e-09
0.023500000000000007,-0.025000000000000001,4.5236575070142597e-09,2.7141945042085559e-09
0.024,-0.025000000000000001,1.8388739884167363e-09,1.1033243930500418e-09
0.024500000000000001,-0.025000000000000001,7.3728129159863791e-10,4.4236877495918274e-10
0.025000000000000001,-0.025000000000000001,2.9174648401649756e-10,1.7504789040989854e-10
-0.025000000000000001,-0.024500000000000001,7.3728277625187904e-10,4.423696657511274e-10
-0.024500000000000001,-0.024500000000000001,1.8357447582226838e-09,1.1014468549336102e-09
-0.024,-0.024500000000000001,4.5120722373681604e-09,2.7072433424208961e-09
-0.0235,-0.024500000000000001,1.0945386223809966e-08,6.5672317342859792e-09
-0.023,-0.024500000000000001,2.618817845657157e-08,1.5712907073942942e-08
-0.022500000000000003,-0.024500000000000001,6.1741674616798321e-08,3.7045004770078991e-08
-0.022000000000000002,-0.024500000000000001,1.4325979867023929e-07,8.5955879202143569e-08
-0.021500000000000002,-0.024500000000000001,3.2670630905180496e-07,1.9602378543108296e-07
-0.021000000000000001,-0.024500000000000001,7.3126699520474058e-07,4.3876019712284431e-07
-0.020500000000000001,-0.024500000000000001,1.6043386743429905e-06,9.6260320460579424e-07
-0.02,-0.024500000000000001,3.4456956780852429e-06,2.0674174068511459e-06
-0.0195,-0.024500000000000001,7.2366066348872971e-06,4.3419639809323778e-06
-0.019,-0.024500000000000001,1.484738702723534e-05,8.9084322163412036e-06
-0.018500000000000003,-0.024500000000000001,2.97348391062212e-05,1.7840903463732719e-05
-0.018000000000000002,-0.024500000000000001,5.8087839290604871e-05,3.4852703574362919e-05
-0.017500000000000002,-0.024500000000000001,0.00011062849782034181,6.6377098692205075e-05
-0.017000000000000001,-0.024500000000000001,0.00020531345593477045,0.00012318807356086228
-0.016500000000000001,-0.024500000000000001,0.00037118061909677274,0.00022270837145806365
-0.016,-0.024500000000000001,0.00065351707104845374,0.00039211024262907225
-0.0155,-0.024500000000000001,0.001120346347731358,0.00067220780863881473
-0.015000000000000001,-0.024500000000000001,0.0018699192422526581,0.0011219515453515948
-0.014500000000000001,-0.024500000000000001,0.0030384439812200588,0.0018230663887320352
-0.014,-0.024500000000000001,0.0048067678870659866,0.0028840607322395918
-0.0135,-0.024500000000000001,0.0074042619629109139,0.0044425571777465481
-0.012999999999999999,-0.024500000000000001,0.011107985171661684,0.00666479110299701
-0.012500000000000001,-0.024500000000000001,0.016235594483549678,0.0097413566901298071
-0.012,-0.024500000000000001,0.023131675980977644,0.013879005588586586
-0.0115,-0.024500000000000001,0.032149311424207475,0.019289586854524483
-0.010999999999999999,-0.024500000000000001,0.043631580018594573,0.026178948011156743
-0.010499999999999999,-0.024500000000000001,0.057900727639773497,0.034740436583864095
-0.010000000000000002,-0.024500000000000001,0.075264874934781179,0.045158924960868707
-0.0095000000000000015,-0.024500000000000001,0.096052038015988273,0.057631222809592958
-0.0090000000000000011,-0.024500000000000001,0.12067759466006085,0.072406556796036511
-0.0085000000000000006,-0.024500000000000001,0.14974338964077805,0.089846033784466831
-0.0080000000000000002,-0.024500000000000001,0.18415480238407372,0.11049288143044424
-0.0074999999999999997,-0.024500000000000001,0.22522822286401517,0.1351369337184091
-0.0069999999999999993,-0.024500000000000001,0.27474904235904973,0.16484942541542982
-0.0064999999999999988,-0.024500000000000001,0.33493412918663201,0.20096047751197921
-0.0059999999999999984,-0.024500000000000001,0.40825748852080607,0.24495449311248363
-0.0054999999999999979,-0.024500000000000001,0.49711647425624694,0.29826988455374814
-0.005000000000000001,-0.024500000000000001,0.6033483651667001,0.36200901910002004
-0.0044999999999999971,-0.024500000000000001,0.72764879952729777,0.43658927971637868
-0.0040000000000000001,-0.024500000000000001,0.86898555350967133,0.5213913321058028
-0.0035000000000000031,-0.024500000000000001,1.0241316203347881,0.61447897220087289
-0.0029999999999999992,-0.024500000000000001,1.1874487162027354,0.71246922972164117
-0.0025000000000000022,-0.024500000000000001,1.3510282440407373,0.81061694642444238
-0.0019999999999999983,-0.024500000000000001,1.5052407257792433,0.90314443546754597
-0.0015000000000000013,-0.024500000000000001,1.6396652614653526,0.98379915687921149
-0.00099999999999999742,-0.024500000000000001,1.7442845285385209,1.0465707171231124
-0.00050000000000000044,-0.024500000000000001,1.8107596491788598,1.0864557895073159
0,-0.024500000000000001,1.8335631258417955,1.1001378755050772
0.00050000000000000044,-0.024500000000000001,1.8107596491788434,1.0864557895073059
0.0010000000000000009,-0.024500000000000001,1.7442845285384823,1.0465707171230894
0.0015000000000000013,-0.024500000000000001,1.6396652614652785,0.98379915687916708
0.0020000000000000018,-0.024500000000000001,1.5052407257791076,0.90314443546746448
0.0024999999999999988,-0.024500000000000001,1.3510282440405053,0.81061694642430315
0.0030000000000000027,-0.024500000000000001,1.187448716202347,0.71246922972140825
0.0034999999999999996,-0.024500000000000001,1.0241316203341624,0.61447897220049741
0.0040000000000000036,-0.024500000000000001,0.86898555350867779,0.52139133210520661
0.0045000000000000005,-0.024500000000000001,0.72764879952577233,0.43658927971546341
0.0049999999999999975,-0.024500000000000001,0.60334836516442136,0.3620090190986528
0.0055000000000000014,-0.024500000000000001,0.49711647425292982,0.2982698845517579
0.0059999999999999984,-0.024500000000000001,0.40825748851611421,0.24495449310966852
0.0064999999999999988,-0.024500000000000001,0.33493412918017468,0.20096047750810481
0.0069999999999999993,-0.024500000000000001,0.2747490423504057,0.16484942541024342
0.0074999999999999997,-0.024500000000000001,0.22522822285276051,0.1351369337116563
0.0080000000000000002,-0.024500000000000001,0.18415480236982215,0.11049288142189329
0.0085000000000000006,-0.024500000000000001,0.14974338962322542,0.089846033773935255
0.0090000000000000011,-0.024500000000000001,0.12067759463903462,0.07240655678342077
0.0095000000000000015,-0.024500000000000001,0.096052037991491285,0.057631222794894771
0.010000000000000002,-0.024500000000000001,0.075264874907022425,0.045158924944213454
0.010500000000000002,-0.024500000000000001,0.057900727609180268,0.034740436565508161
0.011000000000000003,-0.024500000000000001,0.043631579985801326,0.026178947991480794
0.011500000000000003,-0.024500000000000001,0.032149311390018989,0.019289586834011392
0.012000000000000004,-0.024500000000000001,0.023131675946310968,0.01387900556778658
0.012499999999999997,-0.024500000000000001,0.016235594449361259,0.0097413566696167558
0.013000000000000005,-0.024500000000000001,0.011107985138868416,0.0066647910833210495
0.013499999999999998,-0.024500000000000001,0.0074042619323177201,0.0044425571593906315
0.014000000000000005,-0.024500000000000001,0.0048067678593070933,0.0028840607155842558
0.014499999999999999,-0.024500000000000001,0.0030384439567229435,0.0018230663740337661
0.014999999999999999,-0.024500000000000001,0.0018699192212262902,0.0011219515327357741
0.0155,-0.024500000000000001,0.0011203463301784082,0.00067220779810704494
0.016000000000000007,-0.024500000000000001,0.0006535170567965688,0.00039211023407794126
0.016500000000000001,-0.024500000000000001,0.00037118060784216552,0.00022270836470529931
0.017000000000000001,-0.024500000000000001,0.00020531344729056875,0.00012318806837434125
0.017500000000000002,-0.024500000000000001,0.00011062849136297204,6.6377094817783214e-05
0.017999999999999995,-0.024500000000000001,5.8087834598986771e-05,3.485270075939206e-05
0.018500000000000003,-0.024500000000000001,2.9734835790896995e-05,1.7840901474538198e-05
0.019000000000000003,-0.024500000000000001,1.4847384748648643e-05,8.9084308491891862e-06
0.019500000000000003,-0.024500000000000001,7.2366051117417814e-06,4.341963067045069e-06
0.019999999999999997,-0.024500000000000001,3.4456946878155794e-06,2.0674168126893475e-06
0.020499999999999997,-0.024500000000000001,1.6043380481591797e-06,9.6260282889550779e-07
0.021000000000000005,-0.024500000000000001,7.3126661009325419e-07,4.3875996605595248e-07
0.021500000000000005,-0.024500000000000001,3.2670607869164767e-07,1.9602364721498861e-07
0.021999999999999999,-0.024500000000000001,1.4325966465181327e-07,8.5955798791087957e-08
0.022499999999999999,-0.024500000000000001,6.1741598783850902e-08,3.7044959270310543e-08
0.023000000000000007,-0.024500000000000001,2.6188136722801037e-08,1.5712882033680623e-08
0.023500000000000007,-0.024500000000000001,1.0945363885332361e-08,6.5672183311994158e-09
0.024,-0.024500000000000001,4.5120606080089765e-09,2.707236364805386e-09
0.024500000000000001,-0.024500000000000001,1.8357388698639458e-09,1.1014433219183675e-09
0.025000000000000001,-0.024500000000000001,7.3727987644548336e-10,4.4236792586728998e-10
-0.025000000000000001,-0.024,1.8388769032747303e-09,1.1033261419648382e-09
-0.024500000000000001,-0.024,4.5120721972904301e-09,2.7072433183742581e-09
-0.024,-0.024,1.0926739069316779e-08,6.5560434415900678e-09
-0.0235,-0.024,2.6121056016221082e-08,1.567263360973265e-08
-0.023,-0.024,6.162860114054431e-08,3.6977160684326586e-08
-0.022500000000000003,-0.024,1.4341454949851189e-07,8.6048729699107128e-08
-0.022000000000000002,-0.024,3.2885410217269476e-07,1.9731246130361686e-07
-0.021500000000000002,-0.024,7.4214106177518797e-07,4.4528463706511276e-07
-0.021000000000000001,-0.024,1.6461043727292687e-06,9.876626236375612e-07
-0.020500000000000001,-0.024,3.5835558643437783e-06,2.150133518606267e-06
-0.02,-0.024,7.6466903931288466e-06,4.5880142358773076e-06
-0.0195,-0.024,1.5973307689991183e-05,9.5839846139947098e-06
-0.019,-0.024,3.262835054104566e-05,1.9577010324627396e-05
-0.018500000000000003,-0.024,6.5111066567116044e-05,3.9066639940269628e-05
-0.018000000000000002,-0.024,0.00012682894106143372,7.609736463686023e-05
-0.017500000000000002,-0.024,0.00024098537550713085,0.0001445912253042785
-0.017000000000000001,-0.024,0.00044640775253819702,0.00026784465152291818
-0.016500000000000001,-0.024,0.00080584314693930576,0.00048350588816358344
-0.016,-0.024,0.0014170968549092413,0.00085025811294554474
-0.0155,-0.024,0.00242700170595296,0.0014562010235717759
-0.015000000000000001,-0.024,0.0040475207635654485,0.002428512458139269
-0.014500000000000001,-0.024,0.0065723045279047548,0.0039433827167428531
-0.014,-0.024,0.010390869774462757,0.0062345218646776539
-0.0135,-0.024,0.015996535227774132,0.0095979211366644789
-0.012999999999999999,-0.024,0.023983816505832273,0.014390289903499363
-0.012500000000000001,-0.024,0.035031747139749068,0.021019048283849439
-0.012,-0.024,0.049872110018778996,0.029923266011267397
-0.0115,-0.024,0.069246085896450482,0.041547651537870288
-0.010999999999999999,-0.024,0.093858986673111627,0.056315392003866975
-0.010499999999999999,-0.024,0.12434929955043074,0.074609579730258446
-0.010000000000000002,-0.024,0.16129305037311911,0.09677583022387147
-0.0095000000000000015,-0.024,0.20526468457172323,0.12315881074303393
-0.0090000000000000011,-0.024,0.25696851448120023,0.15418110868872012
-0.0085000000000000006,-0.024,0.31743868249620566,0.19046320949772338
-0.0080000000000000002,-0.024,0.38828125253994272,0.23296875152396562
-0.0074999999999999997,-0.024,0.47190339272988419,0.2831420356379305
-0.0069999999999999993,-0.024,0.57164890642851651,0.34298934385710989
-0.0064999999999999988,-0.024,0.69174615228173952,0.41504769136904368
-0.0059999999999999984,-0.024,0.83698319264074794,0.5021899155844487
-0.0054999999999999979,-0.024,1.0120620973318486,0.60723725839910914
-0.005000000000000001,-0.024,1.2206493910000416,0.73238963460002493
-0.0044999999999999971,-0.024,1.4642235026932471,0.87853410161594825
-0.0040000000000000001,-0.024,1.7409047551225116,1.044542853073507
-0.0035000000000000031,-0.024,2.0445151268450674,1.2267090761070405
-0.0029999999999999992,-0.024,2.3641300941925398,1.4184780565155239
-0.0025000000000000022,-0.024,2.6843373872889558,1.6106024323733734
-0.0019999999999999983,-0.024,2.9863061891096239,1.7917837134657744
-0.0015000000000000013,-0.024,3.2496121657508961,1.9497672994505375
-0.00099999999999999742,-0.024,3.4545923518265749,2.0727554110959447
-0.00050000000000000044,-0.024,3.5848620756302561,2.1509172453781535
0,-0.024,3.6295539908909644,2.1777323945345786
0.00050000000000000044,-0.024,3.5848620756301934,2.1509172453781158
0.0010000000000000009,-0.024,3.4545923518264257,2.0727554110958555
0.0015000000000000013,-0.024,3.2496121657506101,1.9497672994503659
0.0020000000000000018,-0.024,2.9863061891091065,1.7917837134654639
0.0024999999999999988,-0.024,2.6843373872880667,1.6106024323728401
0.0030000000000000027,-0.024,2.3641300941910517,1.4184780565146309
0.0034999999999999996,-0.024,2.0445151268426565,1.2267090761055939
0.0040000000000000036,-0.024,1.740904755118698,1.0445428530712189
0.0045000000000000005,-0.024,1.4642235026873829,0.87853410161242973
0.0049999999999999975,-0.024,1.2206493909912755,0.73238963459476525
0.0055000000000000014,-0.024,1.0120620973190924,0.60723725839145537
0.0059999999999999984,-0.024,0.83698319262270027,0.50218991557362014
0.0064999999999999988,-0.024,0.69174615225689917,0.41504769135413949
0.0069999999999999993,-0.024,0.57164890639526444,0.34298934383715868
0.0074999999999999997,-0.024,0.47190339268659026,0.28314203561195417
0.0080000000000000002,-0.024,0.38828125248512002,0.23296875149107199
0.0085000000000000006,-0.024,0.31743868242868456,0.19046320945721074
0.0090000000000000011,-0.024,0.25696851440031787,0.15418110864019072
0.0095000000000000015,-0.024,0.20526468447748974,0.12315881068649384
0.010000000000000002,-0.024,0.16129305026633861,0.096775830159803164
0.010500000000000002,-0.024,0.12434929943274706,0.074609579659648234
0.011000000000000003,-0.024,0.093858986546964882,0.056315391928178929
0.011500000000000003,-0.024,0.069246085764936779,0.041547651458962068
0.012000000000000004,-0.024,0.049872109885425973,0.029923265931255584
0.012499999999999997,-0.024,0.035031747008235511,0.021019048204941305
0.013000000000000005,-0.024,0.023983816379685597,0.014390289827811358
0.013499999999999998,-0.024,0.015996535110090575,0.0095979210660543449
0.014000000000000005,-0.024,0.010390869667681941,0.0062345218006091647
0.014499999999999999,-0.024,0.0065723044336711053,0.003943382660202663
0.014999999999999999,-0.024,0.0040475206826827616,0.0024285124096096568
0.0155,-0.024,0.002427001638431583,0.0014562009830589497
0.016000000000000007,-0.024,0.0014170968000861686,0.00085025808005170117
0.016500000000000001,-0.024,0.00080584310364591996,0.00048350586218755194
0.017000000000000001,-0.024,0.00044640771928633011,0.00026784463157179805
0.017500000000000002,-0.024,0.00024098535066740344,0.00014459121040044206
0.017999999999999995,-0.024,0.00012682892301406711,7.6097353808440268e-05
0.018500000000000003,-0.024,6.5111053813974971e-05,3.9066632288384981e-05
0.019000000000000003,-0.024,3.2628341775948566e-05,1.9577005065569138e-05
0.019500000000000003,-0.024,1.5973301830868778e-05,9.5839810985212665e-06
0.019999999999999997,-0.024,7.6466865838334501e-06,4.5880119503000702e-06
0.020499999999999997,-0.024,3.583553455586623e-06,2.1501320733519737e-06
0.021000000000000005,-0.024,1.6461028913111557e-06,9.8766173478669327e-07
0.021500000000000005,-0.024,7.4214017564294152e-07,4.4528410538576489e-07
0.021999999999999999,-0.024,3.2885358664061729e-07,1.9731215198437037e-07
0.022499999999999999,-0.024,1.4341425778999216e-07,8.6048554673995288e-08
0.023000000000000007,-0.024,6.1628440602192167e-08,3.6977064361315299e-08
0.023500000000000007,-0.024,2.6120970086233417e-08,1.5672582051740048e-08
0.024,-0.024,1.0926694334366301e-08,6.5560166006197804e-09
0.024500000000000001,-0.024,4.5120495463916978e-09,2.7072297278350187e-09
0.025000000000000001,-0.024,1.8388657485160191e-09,1.1033194491096115e-09
-0.025000000000000001,-0.0235,4.5236630407926119e-09,2.7141978244755672e-09
-0.024500000000000001,-0.0235,1.0945385984672775e-08,6.5672315908036652e-09
-0.024,-0.0235,2.612105565075268e-08,1.5672633390451606e-08
-0.0235,-0.0235,6.1523579869048164e-08,3.6914147921428896e-08
-0.023,-0.0235,1.4304682047956743e-07,8.5828092287740449e-08
-0.022500000000000003,-0.0235,3.2825125667804664e-07,1.9695075400682797e-07
-0.022000000000000002,-0.0235,7.4294065701759542e-07,4.4576439421055724e-07
-0.021500000000000002,-0.0235,1.6569190938027881e-06,9.9415145628167279e-07
-0.021000000000000001,-0.0235,3.6368220027302174e-06,2.1820932016381305e-06
-0.020500000000000001,-0.0235,7.8456888855790744e-06,4.7074133313474447e-06
-0.02,-0.0235,1.6612187935611947e-05,9.9673127613671687e-06
-0.0195,-0.0235,3.4476743634479149e-05,2.068604618068749e-05
-0.019,-0.0235,7.0046953051291572e-05,4.2028171830774942e-05
-0.018500000000000003,-0.0235,0.00013916607414684513,8.3499644488107082e-05
-0.018000000000000002,-0.0235,0.00027010959451998753,0.00016206575671199252
-0.017500000000000002,-0.0235,0.00051174641678500981,0.0003070478500710059
-0.017000000000000001,-0.0235,0.00094576746619261611,0.00056746047971556967
-0.016500000000000001,-0.0235,0.001704084058819247,0.0010224504352915481
-0.016,-0.0235,0.0029921755380215073,0.0017953053228129043
-0.0155,-0.0235,0.0051183455811507636,0.0030710073486904582
-0.015000000000000001,-0.0235,0.0085273936332029739,0.0051164361799217843
-0.014500000000000001,-0.0235,0.013835121361883081,0.0083010728171298478
-0.014,-0.0235,0.021857626490006783,0.01311457589400407
-0.0135,-0.0235,0.033627097790072703,0.020176258674043622
-0.012999999999999999,-0.0235,0.050384809046069255,0.030230885427641553
-0.012500000000000001,-0.0235,0.073543467900219359,0.044126080740131614
-0.012,-0.0235,0.10461618206761304,0.062769709240567823
-0.0115,-0.0235,0.14511861596317166,0.087071169577902993
-0.010999999999999999,-0.0235,0.19646371599342252,0.11787822959605351
-0.010499999999999999,-0.0235,0.25988217551253795,0.15592930530752278
-0.010000000000000002,-0.0235,0.33641216725398776,0.20184730035239265
-0.0095000000000000015,-0.0235,0.42700304145808682,0.2562018248748521
-0.0090000000000000011,-0.0235,0.53276404150684953,0.31965842490410973
-0.0085000000000000006,-0.0235,0.65535728486836864,0.39321437092102118
-0.0080000000000000002,-0.0235,0.79748563460518129,0.47849138076310876
-0.0074999999999999997,-0.0235,0.96336844641348462,0.57802106784809071
-0.0069999999999999993,-0.0235,1.1590459935723629,0.69542759614341776
-0.0064999999999999988,-0.0235,1.3923256802404971,0.83539540814429825
-0.0059999999999999984,-0.0235,1.6721989180595209,1.0033193508357126
-0.0054999999999999979,-0.0235,2.0076292359559198,1.2045775415735518
-0.005000000000000001,-0.0235,2.4057392337980255,1.4434435402788153
-0.0044999999999999971,-0.0235,2.8695883483085036,1.7217530089851021
-0.0040000000000000001,-0.0235,3.3958997255331487,2.037539835319889
-0.0035000000000000031,-0.0235,3.9732161854011068,2.3839297112406639
-0.0029999999999999992,-0.0235,4.5809961400461203,2.748597684027672
-0.0025000000000000022,-0.0235,5.1900693802392759,3.1140416281435654
-0.0019999999999999983,-0.0235,5.7646574419456034,3.4587944651673621
-0.0015000000000000013,-0.0235,6.2658569269327264,3.7595141561596357
-0.00099999999999999742,-0.0235,6.6561519856704727,3.9936911914022835
-0.00050000000000000044,-0.0235,6.904247091654665,4.142548254992799
0,-0.0235,6.9893710982020893,4.1936226589212531
0.00050000000000000044,-0.0235,6.9042470916544296,4.1425482549926578
0.0010000000000000009,-0.0235,6.6561519856699141,3.9936911914019482
0.0015000000000000013,-0.0235,6.2658569269316562,3.7595141561589935
0.0020000000000000018,-0.0235,5.7646574419436734,3.4587944651662039
0.0024999999999999988,-0.0235,5.1900693802359585,3.114041628141575
0.0030000000000000027,-0.0235,4.5809961400405665,2.74859768402434
0.0034999999999999996,-0.0235,3.9732161853920975,2.3839297112352584
0.0040000000000000036,-0.0235,3.3958997255188854,2.037539835311331
0.0045000000000000005,-0.0235,2.8695883482865749,1.7217530089719448
0.0049999999999999975,-0.0235,2.4057392337652321,1.4434435402591392
0.0055000000000000014,-0.0235,2.0076292359081993,1.2045775415449196
0.0059999999999999984,-0.0235,1.6721989179920005,1.0033193507952003
0.0064999999999999988,-0.0235,1.3923256801475632,0.83539540808853785
0.0069999999999999993,-0.0235,1.1590459934479573,0.69542759606877436
0.0074999999999999997,-0.0235,0.96336844625150919,0.57802106775090545
0.0080000000000000002,-0.0235,0.79748563440007136,0.47849138064004282
0.0085000000000000006,-0.0235,0.65535728461574982,0.39321437076944987
0.0090000000000000011,-0.0235,0.53276404120424048,0.3196584247225443
0.0095000000000000015,-0.0235,0.427003041105527,0.2562018246633162
0.010000000000000002,-0.0235,0.33641216685448483,0.20184730011269089
0.010500000000000002,-0.0235,0.25988217507224315,0.15592930504334587
0.011000000000000003,-0.0235,0.19646371552146469,0.11787822931287881
0.011500000000000003,-0.0235,0.14511861547113394,0.087071169282680369
0.012000000000000004,-0.0235,0.10461618156869378,0.062769708941216265
0.012499999999999997,-0.0235,0.073543467408181781,0.044126080444909066
0.013000000000000005,-0.0235,0.050384808574111602,0.030230885144466958
0.013499999999999998,-0.0235,0.033627097349778069,0.020176258409866841
0.014000000000000005,-0.0235,0.021857626090503363,0.013114575654302017
0.014499999999999999,-0.0235,0.01383512100932268,0.0083010726055936079
0.014999999999999999,-0.0235,0.0085273933305931564,0.0051164359983558935
0.0155,-0.0235,0.0051183453285301795,0.0030710071971181076
0.016000000000000007,-0.0235,0.0029921753329096479,0.0017953051997457886
0.016500000000000001,-0.0235,0.0017040838968438771,0.0010224503381063262
0.017000000000000001,-0.0235,0.00094576734178600025,0.00056746040507160017
0.017500000000000002,-0.0235,0.00051174632385108895,0.00030704779431065335
0.017999999999999995,-0.0235,0.000270109526998612,0.00016206571619916719
0.018500000000000003,-0.0235,0.00013916602643297961,8.3499615859787763e-05
0.019000000000000003,-0.0235,7.0046920258063424e-05,4.202815215483805e-05
0.019500000000000003,-0.0235,3.447672171349703e-05,2.0686033028098216e-05
0.019999999999999997,-0.0235,1.6612173683733956e-05,9.9673042102403736e-06
0.020499999999999997,-0.0235,7.8456798735940448e-06,4.7074079241564271e-06
0.021000000000000005,-0.0235,3.6368164602380214e-06,2.1820898761428127e-06
0.021500000000000005,-0.0235,1.6569157784787608e-06,9.9414946708725637e-07
0.021999999999999999,-0.0235,7.4293872823563864e-07,4.4576323694138318e-07
0.022499999999999999,-0.0235,3.282501652966293e-07,1.9695009917797757e-07
0.023000000000000007,-0.0235,1.4304621985064461e-07,8.582773191038676e-08
0.023500000000000007,-0.0235,6.1523258375553257e-08,3.6913955025331954e-08
0.024,-0.0235,2.6120888281991201e-08,1.5672532969194719e-08
0.024500000000000001,-0.0235,1.0945301239907734e-08,6.5671807439446399e-09
0.025000000000000001,-0.0235,4.5236213070222867e-09,2.7141727842133718e-09
-0.025000000000000001,-0.023,1.0965452638100979e-08,6.5792715828605872e-09
-0.024500000000000001,-0.023,2.6188177414546917e-08,1.5712906448728151e-08
-0.024,-0.023,6.1628599019751396e-08,3.6977159411850833e-08
-0.0235,-0.023,1.4304681732736412e-07,8.5828090396418475e-08
-0.023,-0.023,3.2769169682173022e-07,1.9661501809303813e-07
-0.022500000000000003,-0.023,7.410347189177219e-07,4.4462083135063312e-07
-0.022000000000000002,-0.023,1.6538779265698968e-06,9.9232675594193809e-07
-0.021500000000000002,-0.023,3.6407274036136387e-06,2.1844364421681831e-06
-0.021000000000000001,-0.023,7.8971922152285708e-06,4.7383153291371423e-06
-0.020500000000000001,-0.023,1.6858982378979881e-05,1.0115389427387929e-05
-0.02,-0.023,3.5373582369427566e-05,2.1224149421656538e-05
-0.0195,-0.023,7.2847472309839909e-05,4.3708483385903945e-05
-0.019,-0.023,0.00014704661417225994,8.8227968503355958e-05
-0.018500000000000003,-0.023,0.00029057697390177852,0.0001743461843410671
-0.018000000000000002,-0.023,0.00056150199063445289,0.00033690119438067173
-0.017500000000000002,-0.023,0.0010600048281290356,0.00063600289687742138
-0.017000000000000001,-0.023,0.0019533408685834938,0.0011720045211500963
-0.016500000000000001,-0.023,0.0035113218771847541,0.0021067931263108524
-0.016,-0.023,0.0061539080367614069,0.0036923448220568438
-0.0155,-0.023,0.010510796941826137,0.0063064781650956818
-0.015000000000000001,-0.023,0.017489906673565172,0.010493944004139102
-0.014500000000000001,-0.023,0.028347342062898746,0.017008405237739246
-0.014,-0.023,0.044746311732961924,0.026847787039777155
-0.0135,-0.023,0.068787757901988933,0.041272654741193356
-0.012999999999999999,-0.023,0.10299318480006851,0.061795910880041105
-0.012500000000000001,-0.023,0.15022287312154742,0.090133723872928451
-0.012,-0.023,0.21352275848840724,0.12811365509304434
-0.0115,-0.023,0.29591191758814028,0.17754715055288417
-0.010999999999999999,-0.023,0.40014850885871894,0.24008910531523137
-0.010499999999999999,-0.023,0.52854022222948471,0.31712413333769079
-0.010000000000000002,-0.023,0.68288703319904176,0.40973221991942504
-0.0095000000000000015,-0.023,0.86464788996266928,0.5187887339776015
-0.0090000000000000011,-0.023,1.0753976487955812,0.64523858927734867
-0.0085000000000000006,-0.023,1.3175793630985548,0.79054761785913286
-0.0080000000000000002,-0.023,1.5954623677338646,0.95727742064031873
-0.0074999999999999997,-0.023,1.9161035891356297,1.1496621534813778
-0.0069999999999999993,-0.023,2.290006292441888,1.3740037754651329
-0.0064999999999999988,-0.023,2.7311140331148738,1.6386684198689243
-0.0059999999999999984,-0.023,3.2558047079705599,1.9534828247823359
-0.0054999999999999979,-0.023,3.88068446947337,2.328410681684022
-0.005000000000000001,-0.023,4.6192228283739825,2.7715336970243896
-0.0044999999999999971,-0.023,5.4775839734665892,3.2865503840799533
-0.0040000000000000001,-0.023,6.4503275676322192,3.8701965405793315
-0.0035000000000000031,-0.023,7.5168861268560194,4.5101316761136117
-0.0029999999999999992,-0.023,8.6397876992542333,5.18387261955254
-0.0025000000000000022,-0.023,9.7654231433562568,5.8592538860137537
-0.0019999999999999983,-0.023,10.827752398213823,6.4966514389282937
-0.0015000000000000013,-0.023,11.754766575350271,7.0528599452101624
-0.00099999999999999742,-0.023,12.47689601514471,7.4861376090868257
-0.00050000000000000044,-0.023,12.93603517576488,7.7616211054589277
0,-0.023,13.093590124010278,7.8561540744061666
0.00050000000000000044,-0.023,12.936035175764008,7.7616211054584046
0.0010000000000000009,-0.023,12.476896015142671,7.4861376090856027
0.0015000000000000013,-0.023,11.754766575346373,7.0528599452078238
0.0020000000000000018,-0.023,10.827752398206826,6.4966514389240952
0.0024999999999999988,-0.023,9.7654231433441936,5.859253886006516
0.0030000000000000027,-0.023,8.6397876992340485,5.1838726195404288
0.0034999999999999996,-0.023,7.5168861268232217,4.5101316760939332
0.0040000000000000036,-0.023,6.4503275675803486,3.8701965405482088
0.0045000000000000005,-0.023,5.4775839733868112,3.2865503840320867
0.0049999999999999975,-0.023,4.6192228282546539,2.7715336969527922
0.0055000000000000014,-0.023,3.88068446929974,2.328410681579844
0.0059999999999999984,-0.023,3.2558047077248591,1.9534828246349154
0.0064999999999999988,-0.023,2.7311140327767029,1.6386684196660217
0.0069999999999999993,-0.023,2.2900062919891937,1.3740037751935161
0.0074999999999999997,-0.023,1.916103588546227,1.1496621531277362
0.0080000000000000002,-0.023,1.5954623669874981,0.95727742019249884
0.0085000000000000006,-0.023,1.3175793621793108,0.79054761730758649
0.0090000000000000011,-0.023,1.0753976476944322,0.64523858861665928
0.0095000000000000015,-0.023,0.86464788867975706,0.51878873320785424
0.010000000000000002,-0.023,0.68288703174531173,0.40973221904718704
0.010500000000000002,-0.023,0.52854022062731976,0.31712413237639187
0.011000000000000003,-0.023,0.40014850714133771,0.24008910428480262
0.011500000000000003,-0.023,0.29591191579769066,0.17754714947861439
0.012000000000000004,-0.023,0.21352275667291679,0.12811365400375008
0.012499999999999997,-0.023,0.15022287133109835,0.090133722798659013
0.013000000000000005,-0.023,0.10299318308268779,0.061795909849612668
0.013499999999999998,-0.023,0.068787756299824504,0.041272653779894704
0.014000000000000005,-0.023,0.044746310279230685,0.026847786167538409
0.014499999999999999,-0.023,0.028347340779985668,0.0170084044679914
0.014999999999999999,-0.023,0.017489905572414567,0.01049394334344874
0.0155,-0.023,0.010510796022578674,0.0063064776135472048
0.016000000000000007,-0.023,0.0061539072903909267,0.0036923443742345559
0.016500000000000001,-0.023,0.003511321287781297,0.002106792772668778
0.017000000000000001,-0.023,0.0019533404158869404,0.0011720042495321642
0.017500000000000002,-0.023,0.001060004489956792,0.00063600269397407513
0.017999999999999995,-0.023,0.00056150174493454781,0.00033690104696072867
0.018500000000000003,-0.023,0.00029057680027835863,0.00017434608016701517
0.019000000000000003,-0.023,0.00014704649484274411,8.8227896905646467e-05
0.019500000000000003,-0.023,7.2847392542757321e-05,4.3708435525654389e-05
0.019999999999999997,-0.023,3.5373530509034436e-05,2.1224118305420662e-05
0.020499999999999997,-0.023,1.6858949585752014e-05,1.0115369751451208e-05
0.021000000000000005,-0.023,7.8971720469516627e-06,4.7383032281709976e-06
0.021500000000000005,-0.023,3.640715339659239e-06,2.1844292037955435e-06
0.021999999999999999,-0.023,1.6538709080289011e-06,9.9232254481734068e-07
0.022499999999999999,-0.023,7.4103074754854195e-07,4.4461844852912513e-07
0.023000000000000007,-0.023,3.2768951122542968e-07,1.966137067352578e-07
0.023500000000000007,-0.023,1.4304564746196712e-07,8.5827388477180269e-08
0.024,-0.023,6.162798999056186e-08,3.6976793994337116e-08
0.024500000000000001,-0.023,2.618786904137672e-08,1.571272142482603e-08
0.025000000000000001,-0.023,1.0965300775327309e-08,6.579180465196385e-09
-0.025000000000000001,-0.022500000000000003,2.6159861445660095e-08,1.5695916867396056e-08
-0.024500000000000001,-0.022500000000000003,6.1741670686986514e-08,3.7045002412191907e-08
-0.024,-0.022500000000000003,1.4341454051125767e-07,8.6048724306754593e-08
-0.0235,-0.022500000000000003,3.2825123888858974e-07,1.9695074333315383e-07
-0.023,-0.022500000000000003,7.4103469320257676e-07,4.4462081592154602e-07
-0.022500000000000003,-0.022500000000000003,1.6510574047901683e-06,9.9063444287410083e-07
-0.022000000000000002,-0.022500000000000003,3.6313814462355856e-06,2.1788288677413512e-06
-0.021500000000000002,-0.022500000000000003,7.8826745910336295e-06,4.7296047546201777e-06
-0.021000000000000001,-0.022500000000000003,1.6877009633435886e-05,1.0126205780061532e-05
-0.020500000000000001,-0.022500000000000003,3.5605552160134281e-05,2.1363331296080567e-05
-0.02,-0.022500000000000003,7.3928984227208646e-05,4.4357390536325185e-05
-0.0195,-0.022500000000000003,0.00015086960248478345,9.0521761490870072e-05
-0.019,-0.022500000000000003,0.00030218843287758149,0.00018131305972654888
-0.018500000000000003,-0.022500000000000003,0.00059328159612021415,0.00035596895767212847
-0.018000000000000002,-0.022500000000000003,0.0011402816154841438,0.00068416896929048628
-0.017500000000000002,-0.022500000000000003,0.0021431417805341901,0.001285885068320514
-0.017000000000000001,-0.022500000000000003,0.0039351486550469562,0.0023610891930281735
-0.016500000000000001,-0.022500000000000003,0.0070532947836759634,0.0042319768702055779
-0.016,-0.022500000000000003,0.012332613005670498,0.0073995678034022988
-0.0155,-0.022500000000000003,0.02102420280983093,0.012614521685898559
-0.015000000000000001,-0.022500000000000003,0.034930694387598084,0.02095841663255885
-0.014500000000000001,-0.022500000000000003,0.056544257174659232,0.033926554304795541
-0.014,-0.022500000000000003,0.08916193967839782,0.053497163807038693
-0.0135,-0.022500000000000003,0.13694353777513432,0.082166122665080596
-0.012999999999999999,-0.022500000000000003,0.20487229986743549,0.12292337992046129
-0.012500000000000001,-0.022500000000000003,0.29858363677604033,0.17915018206562419
-0.012,-0.022500000000000003,0.42404642572022927,0.25442785543213753
-0.0115,-0.022500000000000003,0.58711793239381938,0.3522707594362916
-0.010999999999999999,-0.022500000000000003,0.79304436970956305,0.47582662182573782
-0.010499999999999999,-0.022500000000000003,1.0460352093226455,0.62762112559358729
-0.010000000000000002,-0.022500000000000003,1.3490836183512489,0.80945017101074934
-0.0095000000000000015,-0.022500000000000003,1.7042156359511866,1.0225293815707119
-0.0090000000000000011,-0.022500000000000003,2.113305077035684,1.2679830462214103
-0.0085000000000000006,-0.022500000000000003,2.5794763784119721,1.5476858270471832
-0.0080000000000000002,-0.022500000000000003,3.1089380033936695,1.8653628020362016
-0.0074999999999999997,-0.022500000000000003,3.7128731004842597,2.2277238602905558
-0.0069999999999999993,-0.022500000000000003,4.4088151759770051,2.6452891055862029
-0.0064999999999999988,-0.022500000000000003,5.2208246220549244,3.1324947732329544
-0.0059999999999999984,-0.022500000000000003,6.1778266100252299,3.706695966015138
-0.0054999999999999979,-0.022500000000000003,7.3097177532936382,4.3858306519761827
-0.005000000000000001,-0.022500000000000003,8.6412962473555854,5.1847777484133513
-0.0044999999999999971,-0.022500000000000003,10.184653403615922,6.1107920421695532
-0.0040000000000000001,-0.022500000000000003,11.931257619345285,7.1587545716071705
-0.0035000000000000031,-0.022500000000000003,13.845399650355475,8.3072397902132842
-0.0029999999999999992,-0.022500000000000003,15.860787804377264,9.5164726826263575
-0.0025000000000000022,-0.022500000000000003,17.881774816172769,10.729064889703661
-0.0019999999999999983,-0.022500000000000003,19.789956756667284,11.873974054000369
-0.0015000000000000013,-0.022500000000000003,21.455824441582603,12.873494664949561
-0.00099999999999999742,-0.022500000000000003,22.753996921197352,13.65239815271841
-0.00050000000000000044,-0.022500000000000003,23.579612435622092,14.147767461373254
0,-0.022500000000000003,23.862963991548973,14.317778394929384
0.00050000000000000044,-0.022500000000000003,23.579612435619026,14.147767461371416
0.0010000000000000009,-0.022500000000000003,22.753996921190137,13.652398152714081
0.0015000000000000013,-0.022500000000000003,21.45582444156879,12.873494664941274
0.0020000000000000018,-0.022500000000000003,19.789956756642535,11.873974053985521
0.0024999999999999988,-0.022500000000000003,17.881774816130132,10.72906488967808
0.0030000000000000027,-0.022500000000000003,15.86078780430587,9.5164726825835224
0.0034999999999999996,-0.022500000000000003,13.845399650239433,8.3072397901436599
0.0040000000000000036,-0.022500000000000003,11.931257619161707,7.158754571497024
0.0045000000000000005,-0.022500000000000003,10.184653403333597,6.110792042000158
0.0049999999999999975,-0.022500000000000003,8.6412962469332655,5.1847777481599593
0.0055000000000000014,-0.022500000000000003,7.309717752679143,4.3858306516074856
0.0059999999999999984,-0.022500000000000003,6.1778266091556588,3.7066959654933953
0.0064999999999999988,-0.022500000000000003,5.22082462085808,3.132494772514848
0.0069999999999999993,-0.022500000000000003,4.4088151743748423,2.6452891046249052
0.0074999999999999997,-0.022500000000000003,3.712873098398267,2.2277238590389601
0.0080000000000000002,-0.022500000000000003,3.1089380007521528,1.8653628004512917
0.0085000000000000006,-0.022500000000000003,2.5794763751586163,1.5476858250951697
0.0090000000000000011,-0.022500000000000003,2.1133050731385405,1.2679830438831243
0.0095000000000000015,-0.022500000000000003,1.7042156314107564,1.0225293788464538
0.010000000000000002,-0.022500000000000003,1.3490836132062662,0.80945016792375968
0.010500000000000002,-0.022500000000000003,1.046035203652331,0.62762112219139865
0.011000000000000003,-0.022500000000000003,0.79304436363148068,0.47582661817888838
0.011500000000000003,-0.022500000000000003,0.58711792605713509,0.35227075563428106
0.012000000000000004,-0.022500000000000003,0.42404641929492154,0.25442785157695291
0.012499999999999997,-0.022500000000000003,0.2985836304393566,0.17915017826361396
0.013000000000000005,-0.022500000000000003,0.20487229378935407,0.12292337627361244
0.013499999999999998,-0.022500000000000003,0.13694353210482066,0.082166119262892398
0.014000000000000005,-0.022500000000000003,0.089161934533413298,0.053497160720047975
0.014499999999999999,-0.022500000000000003,0.056544252634226778,0.033926551580536063
0.014999999999999999,-0.022500000000000003,0.03493069049045195,0.020958414294271168
0.0155,-0.022500000000000003,0.021024199556468778,0.012614519733881266
0.016000000000000007,-0.022500000000000003,0.012332610364147413,0.0073995662184884476
0.016500000000000001,-0.022500000000000003,0.0070532926976839315,0.0042319756186103589
0.017000000000000001,-0.022500000000000003,0.003935147052882281,0.0023610882317293687
0.017500000000000002,-0.022500000000000003,0.0021431405836891322,0.0012858843502134793
0.017999999999999995,-0.022500000000000003,0.0011402807459133092,0.00068416844754798551
0.018500000000000003,-0.022500000000000003,0.00059328098163947366,0.00035596858898368416
0.019000000000000003,-0.022500000000000003,0.00030218801055155605,0.00018131280633093362
0.019500000000000003,-0.022500000000000003,0.00015086932017646245,9.0521592105877467e-05
0.019999999999999997,-0.022500000000000003,7.3928800685075805e-05,4.435728041104548e-05
0.020499999999999997,-0.022500000000000003,3.5605436099714394e-05,2.1363261659828636e-05
0.021000000000000005,-0.022500000000000003,1.6876938254714261e-05,1.0126162952828556e-05
0.021500000000000005,-0.022500000000000003,7.8826318947911478e-06,4.7295791368746887e-06
0.021999999999999999,-0.022500000000000003,3.6313566065089935e-06,2.1788139639053962e-06
0.022499999999999999,-0.022500000000000003,1.6510433494865547e-06,9.9062600969193285e-07
0.023000000000000007,-0.022500000000000003,7.4102695803161989e-07,4.4461617481897192e-07
0.023500000000000007,-0.022500000000000003,3.2824709854993476e-07,1.9694825912996086e-07
0.024,-0.022500000000000003,1.4341238506063693e-07,8.6047431036382148e-08
0.024500000000000001,-0.022500000000000003,6.1740579305567194e-08,3.7044347583340313e-08
0.025000000000000001,-0.022500000000000003,2.6159323979286686e-08,1.5695594387572012e-08
-0.025000000000000001,-0.022000000000000002,6.1338225605024979e-08,3.6802935363014986e-08
-0.024500000000000001,-0.022000000000000002,1.4325978514204278e-07,8.5955871085225663e-08
-0.024,-0.022000000000000002,3.2885406921086766e-07,1.973124415265206e-07
-0.0235,-0.022000000000000002,7.4294058370403182e-07,4.4576435022241909e-07
-0.023,-0.022000000000000002,1.6538777854355441e-06,9.9232667126132649e-07
-0.022500000000000003,-0.022000000000000002,3.6313812478245014e-06,2.1788287486947007e-06
-0.022000000000000002,-0.022000000000000002,7.869224114751873e-06,4.7215344688511238e-06
-0.021500000000000002,-0.022000000000000002,1.6833649556146365e-05,1.0100189733687818e-05
-0.021000000000000001,-0.022000000000000002,3.5539965971144653e-05,2.1323979582686792e-05
-0.020500000000000001,-0.022000000000000002,7.4007606552980814e-05,4.4404563931788484e-05
-0.02,-0.022000000000000002,0.00015185764777413997,9.1114588664483975e-05
-0.0195,-0.022000000000000002,0.00030667095235689906,0.00018400257141413943
-0.019,-0.022000000000000002,0.00060869513062856181,0.00036521707837713707
-0.018500000000000003,-0.022000000000000002,0.0011858173330772026,0.00071149039984632148
-0.018000000000000002,-0.022000000000000002,0.0022643579181260919,0.001358614750875655
-0.017500000000000002,-0.022000000000000002,0.0042329570143801627,0.0025397742086280977
-0.017000000000000001,-0.022000000000000002,0.0077381077413707176,0.0046428646448224307
-0.016500000000000001,-0.022000000000000002,0.01381985719222195,0.0082919143153331702
-0.016,-0.022000000000000002,0.024093612835037335,0.014456167701022401
-0.0155,-0.022000000000000002,0.040977450494322096,0.024586470296593256
-0.015000000000000001,-0.022000000000000002,0.067952691817633235,0.040771615090579937
-0.014500000000000001,-0.022000000000000002,0.10982869285535529,0.065897215713213178
-0.014,-0.022000000000000002,0.17296259394835647,0.10377755636901388
-0.0135,-0.022000000000000002,0.26536582710298684,0.1592194962617921
-0.012999999999999999,-0.022000000000000002,0.39661907763163629,0.23797144657898175
-0.012500000000000001,-0.022000000000000002,0.57752587792350607,0.34651552675410363
-0.012,-0.022000000000000002,0.81947141655146194,0.49168284993087713
-0.0115,-0.022000000000000002,1.1335223824102734,0.68011342944616404
-0.010999999999999999,-0.022000000000000002,1.5294013562545867,0.91764081375275197
-0.010499999999999999,-0.022000000000000002,2.0145777494693071,1.2087466496815842
-0.010000000000000002,-0.022000000000000002,2.5938046860672901,1.556282811640374
-0.0095000000000000015,-0.022000000000000002,3.2694556682445706,1.9616734009467423
-0.0090000000000000011,-0.022000000000000002,4.0429349634070011,2.4257609780442007
-0.0085000000000000006,-0.022000000000000002,4.9172259824202804,2.9503355894521683
-0.0080000000000000002,-0.022000000000000002,5.9003098765567659,3.5401859259340593
-0.0074999999999999997,-0.022000000000000002,7.0087845776675914,4.2052707466005543
-0.0069999999999999993,-0.022000000000000002,8.2706409483616188,4.9623845690169714
-0.0064999999999999988,-0.022000000000000002,9.7259368339664753,5.8355621003798852
-0.0059999999999999984,-0.022000000000000002,11.424179798954228,6.8545078793725365
-0.0054999999999999979,-0.022000000000000002,13.417669177847081,8.050601506708249
-0.005000000000000001,-0.022000000000000002,15.750854732572943,9.4505128395437659
-0.0044999999999999971,-0.022000000000000002,18.446825371407499,11.0680952228445
-0.0040000000000000001,-0.022000000000000002,21.493118345297148,12.895871007178288
-0.0035000000000000031,-0.022000000000000002,24.829838034184743,14.897902820510845
-0.0029999999999999992,-0.022000000000000002,28.343300148345218,17.005980089007132
-0.0025000000000000022,-0.022000000000000002,31.867876782177078,19.120726069306247
-0.0019999999999999983,-0.022000000000000002,35.197396542836792,21.118437925702075
-0.0015000000000000013,-0.022000000000000002,38.105560741240595,22.863336444744355
-0.00099999999999999742,-0.022000000000000002,40.372779228520933,24.223667537112558
-0.00050000000000000044,-0.022000000000000002,41.815122571819707,25.089073543091825
0,-0.022000000000000002,42.310211818254302,25.386127090952581
0.00050000000000000044,-0.022000000000000002,41.815122571809177,25.089073543085505
0.0010000000000000009,-0.022000000000000002,40.372779228496128,24.223667537097676
0.0015000000000000013,-0.022000000000000002,38.105560741193074,22.863336444715845
0.0020000000000000018,-0.022000000000000002,35.197396542751655,21.118437925650991
0.0024999999999999988,-0.022000000000000002,31.867876782030304,19.120726069218183
0.0030000000000000027,-0.022000000000000002,28.34330014809953,17.005980088859719
0.0034999999999999996,-0.022000000000000002,24.829838033785268,14.89790282027116
0.0040000000000000036,-0.022000000000000002,21.493118344665323,12.895871006799194
0.0045000000000000005,-0.022000000000000002,18.446825370435707,11.068095222261425
0.0049999999999999975,-0.022000000000000002,15.750854731119212,9.4505128386715267
0.0055000000000000014,-0.022000000000000002,13.417669175731884,8.0506015054391309
0.0059999999999999984,-0.022000000000000002,11.424179795960992,6.8545078775765953
0.0064999999999999988,-0.022000000000000002,9.7259368298466935,5.8355620979080163
0.0069999999999999993,-0.022000000000000002,8.2706409428466454,4.9623845657079872
0.0074999999999999997,-0.022000000000000002,7.0087845704871876,4.2052707422923126
0.0080000000000000002,-0.022000000000000002,5.900309867464121,3.5401859204784727
0.0085000000000000006,-0.022000000000000002,4.9172259712215629,2.9503355827329378
0.0090000000000000011,-0.022000000000000002,4.0429349499922447,2.4257609699953466
0.0095000000000000015,-0.022000000000000002,3.269455652615493,1.9616733915692957
0.010000000000000002,-0.022000000000000002,2.5938046683572233,1.5562828010143339
0.010500000000000002,-0.022000000000000002,2.0145777299509451,1.2087466379705669
0.011000000000000003,-0.022000000000000002,1.5294013353326079,0.9176408011995647
0.011500000000000003,-0.022000000000000002,1.1335223605981322,0.68011341635887923
0.012000000000000004,-0.022000000000000002,0.81947139443425943,0.49168283666055562
0.012499999999999997,-0.022000000000000002,0.57752585611136709,0.34651551366682026
0.013000000000000005,-0.022000000000000002,0.39661905670965902,0.2379714340257954
0.013499999999999998,-0.022000000000000002,0.26536580758462541,0.15921948455077525
0.014000000000000005,-0.022000000000000002,0.17296257623828537,0.10377754574297123
0.014499999999999999,-0.022000000000000002,0.10982867722627322,0.06589720633576393
0.014999999999999999,-0.022000000000000002,0.067952678402872779,0.040771607041723668
0.0155,-0.022000000000000002,0.040977439295595441,0.024586463577357266
0.016000000000000007,-0.022000000000000002,0.024093603742383916,0.014456162245430349
0.016500000000000001,-0.022000000000000002,0.013819850011818036,0.0082919100070908205
0.017000000000000001,-0.022000000000000002,0.007738102226397754,0.0046428613358386519
0.017500000000000002,-0.022000000000000002,0.0042329528945988463,0.0025397717367593078
0.017999999999999995,-0.022000000000000002,0.0022643549248884285,0.001358612954933057
0.018500000000000003,-0.022000000000000002,0.001185815217910943,0.00071148913074656575
0.019000000000000003,-0.022000000000000002,0.00060869367689746971,0.00036521620613848179
0.019500000000000003,-0.022000000000000002,0.00030666998059489931,0.00018400198835693957
0.019999999999999997,-0.022000000000000002,0.00015185701598521381,9.1114209591128289e-05
0.020499999999999997,-0.022000000000000002,7.4007207049680106e-05,4.4404324229808065e-05
0.021000000000000005,-0.022000000000000002,3.5539720271233491e-05,2.1323832162740093e-05
0.021500000000000005,-0.022000000000000002,1.6833502587095107e-05,1.0100101552257063e-05
0.021999999999999999,-0.022000000000000002,7.8691386114185369e-06,4.7214831668511222e-06
0.022499999999999999,-0.022000000000000002,3.631332866643426e-06,2.1787997199860553e-06
0.023000000000000007,-0.022000000000000002,1.6538511594218547e-06,9.9231069565311275e-07
0.023500000000000007,-0.022000000000000002,7.4292633182591168e-07,4.4575579909554701e-07
0.024,-0.022000000000000002,3.2884664971644461e-07,1.9730798982986676e-07
0.024500000000000001,-0.022000000000000002,1.4325602838775934e-07,8.5953617032655599e-08
0.025000000000000001,-0.022000000000000002,6.133637553770268e-08,3.6801825322621609e-08
-0.025000000000000001,-0.021500000000000002,1.4116003037083839e-07,8.4696018222503027e-08
-0.024500000000000001,-0.021500000000000002,3.2670626552389083e-07,1.9602375931433449e-07
-0.024,-0.021500000000000002,7.4214095142796685e-07,4.4528457085678011e-07
-0.0235,-0.021500000000000002,1.6569188323139817e-06,9.9415129938838895e-07
-0.023,-0.021500000000000002,3.640726837971878e-06,2.1844361027831265e-06
-0.022500000000000003,-0.021500000000000002,7.8826735320251527e-06,4.7296041192150911e-06
-0.022000000000000002,-0.021500000000000002,1.6833648108256034e-05,1.0100188864953621e-05
-0.021500000000000002,-0.021500000000000002,3.547928028997476e-05,2.1287568173984855e-05
-0.021000000000000001,-0.021500000000000002,7.3817266814527573e-05,4.4290360088716539e-05
-0.020500000000000001,-0.021500000000000002,0.00015157720616619164,9.0946323699714975e-05
-0.02,-0.021500000000000002,0.0003069948167439111,0.00018419689004634665
-0.0195,-0.021500000000000002,0.0006126747100690022,0.0003676048260414013
-0.019,-0.021500000000000002,0.0012033879297222775,0.00072203275783336643
-0.018500000000000003,-0.021500000000000002,0.0023231332491136041,0.0013938799494681625
-0.018000000000000002,-0.021500000000000002,0.0044018530648373645,0.0026411118389024187
-0.017500000000000002,-0.021500000000000002,0.0081754054425110748,0.0049052432655066446
-0.017000000000000001,-0.021500000000000002,0.01486478979038023,0.0089188738742281368
-0.016500000000000001,-0.021500000000000002,0.026430552772039238,0.015858331663223542
-0.016,-0.021500000000000002,0.045913433677399244,0.027548060206439545
-0.0155,-0.021500000000000002,0.077859981495621094,0.046715988897372655
-0.015000000000000001,-0.021500000000000002,0.12880993116534825,0.077285958699208943
-0.014500000000000001,-0.021500000000000002,0.20779029377003494,0.12467417626202096
-0.014,-0.021500000000000002,0.3267227530254519,0.19603365181527113
-0.0135,-0.021500000000000002,0.50061461409988572,0.30036876845993143
-0.012999999999999999,-0.021500000000000002,0.74738343721429623,0.44843006232857774
-0.012500000000000001,-0.021500000000000002,1.0871798376923689,0.65230790261542138
-0.012,-0.021500000000000002,1.5411393822257693,0.92468362933546155
-0.0115,-0.021500000000000002,2.1296225807472178,1.2777735484483306
-0.010999999999999999,-0.021500000000000002,2.8701840814886648,1.7221104488931989
-0.010499999999999999,-0.021500000000000002,3.7757161950832505,2.2654297170499502
-0.010000000000000002,-0.021500000000000002,4.8533793546351136,2.9120276127810683
-0.0095000000000000015,-0.021500000000000002,6.1049860852386235,3.6629916511431739
-0.0090000000000000011,-0.021500000000000002,7.52936914552554,4.5176214873153242
-0.0085000000000000006,-0.021500000000000002,9.1268913324459326,5.4761347994675598
-0.0080000000000000002,-0.021500000000000002,10.905656251318819,6.5433937507912914
-0.0074999999999999997,-0.021500000000000002,12.888250049512012,7.7329500297072062
-0.0069999999999999993,-0.021500000000000002,15.117160722709214,9.0702964336255274
-0.0064999999999999988,-0.021500000000000002,17.656616546362525,10.593969927817515
-0.0059999999999999984,-0.021500000000000002,20.588688634123113,12.353213180473867
-0.0054999999999999979,-0.021500000000000002,24.002265216485249,14.401359129891148
-0.005000000000000001,-0.021500000000000002,27.974922075057965,16.784953245034778
-0.0044999999999999971,-0.021500000000000002,32.549576782294046,19.529746069376426
-0.0040000000000000001,-0.021500000000000002,37.709719525476686,22.625831715286012
-0.0035000000000000031,-0.021500000000000002,43.358432998133132,26.015059798879879
-0.0029999999999999992,-0.021500000000000002,49.306831873285404,29.584099123971242
-0.0025000000000000022,-0.021500000000000002,55.276627144422257,33.165976286653354
-0.0019999999999999983,-0.021500000000000002,60.91922911448593,36.551537468691556
-0.0015000000000000013,-0.021500000000000002,65.850510837349219,39.510306502409527
-0.00099999999999999742,-0.021500000000000002,69.69677335240975,41.818064011445848
-0.00050000000000000044,-0.021500000000000002,72.144481543869205,43.286688926321524
0,-0.021500000000000002,72.98481100353365,43.790886602120189
0.00050000000000000044,-0.021500000000000002,72.144481543834019,43.286688926300407
0.0010000000000000009,-0.021500000000000002,69.696773352326744,41.818064011396046
0.0015000000000000013,-0.021500000000000002,65.850510837190157,39.510306502314094
0.0020000000000000018,-0.021500000000000002,60.919229114200974,36.551537468520586
0.0024999999999999988,-0.021500000000000002,55.276627143930853,33.165976286358507
0.0030000000000000027,-0.021500000000000002,49.306831872462979,29.584099123477785
0.0034999999999999996,-0.021500000000000002,43.358432996795734,26.015059798077441
0.0040000000000000036,-0.021500000000000002,37.709719523361471,22.625831714016883
0.0045000000000000005,-0.021500000000000002,32.549576779040635,19.52974606742438
0.0049999999999999975,-0.021500000000000002,27.974922070191045,16.784953242114625
0.0055000000000000014,-0.021500000000000002,24.002265209403838,14.401359125642301
0.0059999999999999984,-0.021500000000000002,20.588688624102041,12.353213174461224
0.0064999999999999988,-0.021500000000000002,17.656616532569899,10.593969919541939
0.0069999999999999993,-0.021500000000000002,15.117160704245629,9.0702964225473774
0.0074999999999999997,-0.021500000000000002,12.88825002547272,7.7329500152836319
0.0080000000000000002,-0.021500000000000002,10.905656220877532,6.5433937325265186
0.0085000000000000006,-0.021500000000000002,9.1268912949537224,5.4761347769722333
0.0090000000000000011,-0.021500000000000002,7.5293691006142582,4.5176214603685549
0.0095000000000000015,-0.021500000000000002,6.1049860329140149,3.6629916197484089
0.010000000000000002,-0.021500000000000002,4.8533792953435659,2.9120275772061395
0.010500000000000002,-0.021500000000000002,3.7757161297377206,2.2654296778426324
0.011000000000000003,-0.021500000000000002,2.8701840114439681,1.7221104068663808
0.011500000000000003,-0.021500000000000002,2.1296225077223423,1.2777735046334053
0.012000000000000004,-0.021500000000000002,1.5411393081795826,0.92468358490774949
0.012499999999999997,-0.021500000000000002,1.0871797646674999,0.65230785880049991
0.013000000000000005,-0.021500000000000002,0.74738336716960452,0.44843002030176271
0.013499999999999998,-0.021500000000000002,0.50061454875436007,0.30036872925261604
0.014000000000000005,-0.021500000000000002,0.32672269373390211,0.19603361624034127
0.014499999999999999,-0.021500000000000002,0.2077902414454284,0.12467414486725703
0.014999999999999999,-0.021500000000000002,0.128809886254069,0.077285931752441403
0.0155,-0.021500000000000002,0.077859944003402196,0.046715966402041315
0.016000000000000007,-0.021500000000000002,0.045913403236103614,0.027548041941662167
0.016500000000000001,-0.021500000000000002,0.026430528732763699,0.015858317239658217
0.017000000000000001,-0.021500000000000002,0.014864771326801345,0.0089188627960808068
0.017500000000000002,-0.021500000000000002,0.0081753916498945034,0.0049052349899367017
0.017999999999999995,-0.021500000000000002,0.0044018430437764598,0.002641105826265876
0.018500000000000003,-0.021500000000000002,0.0023231261677481452,0.0013938757006488871
0.019000000000000003,-0.021500000000000002,0.0012033830627757119,0.00072202983766542705
0.019500000000000003,-0.021500000000000002,0.00061267145670683833,0.00036760287402410301
0.019999999999999997,-0.021500000000000002,0.0003069927015776584,0.00018419562094659504
0.020499999999999997,-0.021500000000000002,0.00015157586866902312,9.0945521201413873e-05
0.021000000000000005,-0.021500000000000002,7.3816444235753475e-05,4.4289866541452081e-05
0.021500000000000005,-0.021500000000000002,3.5478788252263322e-05,2.1287272951357993e-05
0.021999999999999999,-0.021500000000000002,1.6833361851631977e-05,1.0100017110979186e-05
0.022499999999999999,-0.021500000000000002,7.8825115566609351e-06,4.7295069339965612e-06
0.023000000000000007,-0.021500000000000002,3.6406376967362168e-06,2.18438261804173e-06
0.023500000000000007,-0.021500000000000002,1.6568711184488404e-06,9.9412267106930414e-07
0.024,-0.021500000000000002,7.4211611170134863e-07,4.4526966702080914e-07
0.024500000000000001,-0.021500000000000002,3.2669368828559686e-07,1.9601621297135812e-07
0.025000000000000001,-0.021500000000000002,1.4115383653014043e-07,8.4692301918084263e-08
-0.025000000000000001,-0.021000000000000001,3.1841477275196822e-07,1.9104886365118092e-07
-0.024500000000000001,-0.021000000000000001,7.312668626386664e-07,4.3876011758319981e-07
-0.024,-0.021000000000000001,1.6461040274573873e-06,9.8766241647443239e-07
-0.0235,-0.021000000000000001,3.6368211514393075e-06,2.1820926908635846e-06
-0.023,-0.021000000000000001,7.8971902532787133e-06,4.738314151967228e-06
-0.022500000000000003,-0.021000000000000001,1.6877005505919672e-05,1.0126203303551803e-05
-0.022000000000000002,-0.021000000000000001,3.5539958455732708e-05,2.1323975073439623e-05
-0.021500000000000002,-0.021000000000000001,7.3817256821717255e-05,4.4290354093030353e-05
-0.021000000000000001,-0.021000000000000001,0.00015131814956842069,9.0790889741052417e-05
-0.020500000000000001,-0.021000000000000001,0.00030620419251295742,0.00018372251550777445
-0.02,-0.021000000000000001,0.00061153956555642518,0.00036692373933385511
-0.0195,-0.021000000000000001,0.0012046473868835253,0.00072278843213011514
-0.019,-0.021000000000000001,0.0023382886803377271,0.0014029732082026362
-0.018500000000000003,-0.021000000000000001,0.0044669854231269924,0.0026801912538761954
-0.018000000000000002,-0.021000000000000001,0.0083873682726220023,0.0050324209635732014
-0.017500000000000002,-0.021000000000000001,0.015457263772597624,0.0092743582635585742
-0.017000000000000001,-0.021000000000000001,0.02792259170907916,0.016753555025447495
-0.016500000000000001,-0.021000000000000001,0.049381005764222753,0.029628603458533652
-0.016,-0.021000000000000001,0.085402314036498617,0.051241388421899167
-0.0155,-0.021000000000000001,0.14430316250177172,0.086581897501063029
-0.015000000000000001,-0.021000000000000001,0.23803324371826823,0.14281994623096092
-0.014500000000000001,-0.021000000000000001,0.38307180075426039,0.22984308045255622
-0.014,-0.021000000000000001,0.60116241410401772,0.36069744846241064
-0.0135,-0.021000000000000001,0.91964642042655687,0.55178785225593407
-0.012999999999999999,-0.021000000000000001,1.3711166265480104,0.8226699759288062
-0.012500000000000001,-0.021000000000000001,1.9921364886183985,1.1952818931710392
-0.012,-0.021000000000000001,2.8208879950398362,1.6925327970239017
-0.0115,-0.021000000000000001,3.8938420500926862,2.3363052300556117
-0.010999999999999999,-0.021000000000000001,5.2418754365097824,3.1451252619058692
-0.010499999999999999,-0.021000000000000001,6.886631517525811,4.1319789105154863
-0.010000000000000002,-0.021000000000000001,8.838233378443519,5.3029400270661116
-0.0095000000000000015,-0.021000000000000001,11.095570237017041,6.6573421422102248
-0.0090000000000000011,-0.021000000000000001,13.650153473968619,8.1900920843811704
-0.0085000000000000006,-0.021000000000000001,16.493891563600872,9.896334938160523
-0.0080000000000000002,-0.021000000000000001,19.630083108045451,11.77804986482727
-0.0074999999999999997,-0.021000000000000001,23.08563801749256,13.851382810495535
-0.0069999999999999993,-0.021000000000000001,26.921318970529882,16.152791382317929
-0.0064999999999999988,-0.021000000000000001,31.236055962440737,18.741633577464441
-0.0059999999999999984,-0.021000000000000001,36.161528801058722,21.696917280635233
-0.0054999999999999979,-0.021000000000000001,41.844499147920629,25.106699488752376
-0.005000000000000001,-0.021000000000000001,48.416797591748328,29.050078555048994
-0.0044999999999999971,-0.021000000000000001,55.956073389759048,33.57364403385543
-0.0040000000000000001,-0.021000000000000001,64.443698038668188,38.666218823200914
-0.0035000000000000031,-0.021000000000000001,73.728672864507018,44.237203718704208
-0.0029999999999999992,-0.021000000000000001,83.50714149575937,50.104284897455621
-0.0025000000000000022,-0.021000000000000001,93.325567996936556,55.995340798161934
-0.0019999999999999983,-0.021000000000000001,102.61177315442595,61.567063892655568
-0.0015000000000000013,-0.021000000000000001,110.73244905363829,66.439469432182975
-0.00099999999999999742,-0.021000000000000001,117.06970592016441,70.241823552098637
-0.00050000000000000044,-0.021000000000000001,121.10416535984227,72.662499215905356
0,-0.021000000000000001,122.48951565348558,73.493709392091347
0.00050000000000000044,-0.021000000000000001,121.10416535972774,72.662499215836647
0.0010000000000000009,-0.021000000000000001,117.06970591989422,70.241823551936534
0.0015000000000000013,-0.021000000000000001,110.73244905312048,66.439469431872283
0.0020000000000000018,-0.021000000000000001,102.61177315349821,61.567063892098922
0.0024999999999999988,-0.021000000000000001,93.325567995336456,55.99534079720187
0.0030000000000000027,-0.021000000000000001,83.507141493081619,50.10428489584897
0.0034999999999999996,-0.021000000000000001,73.728672860152244,44.237203716091344
0.0040000000000000036,-0.021000000000000001,64.443698031780826,38.666218819068497
0.0045000000000000005,-0.021000000000000001,55.956073379165467,33.573644027499277
0.0049999999999999975,-0.021000000000000001,48.416797575900688,29.050078545540412
0.0055000000000000014,-0.021000000000000001,41.844499124862345,25.106699474917406
0.0059999999999999984,-0.021000000000000001,36.16152876842834,21.696917261057003
0.0064999999999999988,-0.021000000000000001,31.23605591752947,18.74163355051768
0.0069999999999999993,-0.021000000000000001,26.921318910409095,16.152791346245458
0.0074999999999999997,-0.021000000000000001,23.085637939216312,13.851382763529786
0.0080000000000000002,-0.021000000000000001,19.630083008923052,11.778049805353831
0.0085000000000000006,-0.021000000000000001,16.493891441519374,9.8963348649116245
0.0090000000000000011,-0.021000000000000001,13.650153327729305,8.190091996637582
0.0095000000000000015,-0.021000000000000001,11.095570066638578,6.6573420399831464
0.010000000000000002,-0.021000000000000001,8.8382331853794227,5.3029399112276536
0.010500000000000002,-0.021000000000000001,6.8866313047488399,4.1319787828493038
0.011000000000000003,-0.021000000000000001,5.2418752084314715,3.145125125058883
0.011500000000000003,-0.021000000000000001,3.8938418123103617,2.3363050873862168
0.012000000000000004,-0.021000000000000001,2.8208877539319328,1.6925326523591597
0.012499999999999997,-0.021000000000000001,1.9921362508360811,1.1952817505016486
0.013000000000000005,-0.021000000000000001,1.3711163984697099,0.82266983908182589
0.013499999999999998,-0.021000000000000001,0.91964620764958704,0.55178772458975223
0.014000000000000005,-0.021000000000000001,0.60116222103990558,0.36069733262394332
0.014499999999999999,-0.021000000000000001,0.38307163037578218,0.22984297822546929
0.014999999999999999,-0.021000000000000001,0.23803309747893811,0.14281985848736287
0.0155,-0.021000000000000001,0.14430304042025743,0.086581824252154452
0.016000000000000007,-0.021000000000000001,0.085402214914079233,0.051241328948447538
0.016500000000000001,-0.021000000000000001,0.049380927487949894,0.029628556492769936
0.017000000000000001,-0.021000000000000001,0.02792253158829312,0.01675351895297587
0.017500000000000002,-0.021000000000000001,0.015457218861318301,0.0092743313167909808
0.017999999999999995,-0.021000000000000001,0.0083873356422169074,0.0050324013853301442
0.018500000000000003,-0.021000000000000001,0.0044669623649073627,0.0026801774189444175
0.019000000000000003,-0.021000000000000001,0.0023382728326705781,0.0014029636996023469
0.019500000000000003,-0.021000000000000001,0.0012046367933419646,0.00072278207600517876
0.019999999999999997,-0.021000000000000001,0.00061153267818868026,0.00036691960691320817
0.020499999999999997,-0.021000000000000001,0.00030619983737782577,0.00018371990242669546
0.021000000000000005,-0.021000000000000001,0.00015131547110165618,9.0789282660993706e-05
0.021500000000000005,-0.021000000000000001,7.3815654657038388e-05,4.4289392794223033e-05
0.021999999999999999,-0.021000000000000001,3.553902635186817e-05,2.1323415811120903e-05
0.022499999999999999,-0.021000000000000001,1.687647808454228e-05,1.0125886850725368e-05
0.023000000000000007,-0.021000000000000001,7.8968999931301195e-06,4.7381399958780715e-06
0.023500000000000007,-0.021000000000000001,3.6366657863775357e-06,2.1819994718265215e-06
0.024,-0.021000000000000001,1.6460231447695192e-06,9.8761388686171145e-07
0.024500000000000001,-0.021000000000000001,7.312259088530284e-07,4.3873554531181703e-07
0.025000000000000001,-0.021000000000000001,3.1839460447509713e-07,1.9103676268505828e-07
-0.025000000000000001,-0.020500000000000001,7.0312815023950008e-07,4.2187689014370005e-07
-0.024500000000000001,-0.020500000000000001,1.6043382893148141e-06,9.6260297358888842e-07
-0.024,-0.020500000000000001,3.5835548417909834e-06,2.1501329050745899e-06
-0.0235,-0.020500000000000001,7.8456862953325774e-06,4.7074117771995464e-06
-0.023,-0.020500000000000001,1.6858976167724789e-05,1.0115385700634873e-05
-0.022500000000000003,-0.020500000000000001,3.5605538238023631e-05,2.1363322942814179e-05
-0.022000000000000002,-0.020500000000000001,7.4007578068040889e-05,4.4404546840824532e-05
-0.021500000000000002,-0.020500000000000001,0.00015157715572546604,9.0946293435279621e-05
-0.021000000000000001,-0.020500000000000001,0.0003062041272886124,0.00018372247637316744
-0.020500000000000001,-0.020500000000000001,0.00061049318842577068,0.00036629591305546239
-0.02,-0.020500000000000001,0.0012015396235190252,0.0007209237741114151
-0.0195,-0.020500000000000001,0.0023339383588810918,0.001400363015328655
-0.019,-0.020500000000000001,0.0044716065221990335,0.0026829639133194201
-0.018500000000000003,-0.020500000000000001,0.0084419331963619965,0.0050651599178171977
-0.018000000000000002,-0.020500000000000001,0.015685570090911347,0.0094113420545468077
-0.017500000000000002,-0.020500000000000001,0.028645475201946463,0.017187285121167878
-0.017000000000000001,-0.020500000000000001,0.05134652268649062,0.030807913611894371
-0.016500000000000001,-0.020500000000000001,0.090216752553492402,0.054130051532095443
-0.016,-0.020500000000000001,0.15518556519863957,0.093111339119183748
-0.0155,-0.020500000000000001,0.26105411297772035,0.1566324677866322
-0.015000000000000001,-0.020500000000000001,0.42906155964325016,0.25743693578595006
-0.014500000000000001,-0.020500000000000001,0.68846649552589401,0.4130798973155364
-0.014,-0.020500000000000001,1.0778359631454955,0.64670157788729721
-0.0135,-0.020500000000000001,1.6456123658489614,0.98736741950937679
-0.012999999999999999,-0.020500000000000001,2.449456576312937,1.4696739457877621
-0.012500000000000001,-0.020500000000000001,3.5539027792285767,2.1323416675371458
-0.012,-0.020500000000000001,5.0260647555625662,3.0156388533375398
-0.0115,-0.020500000000000001,6.9295372040023944,4.1577223224014368
-0.010999999999999999,-0.020500000000000001,9.3172184394024207,5.590331063641452
-0.010499999999999999,-0.020500000000000001,12.224444207082785,7.3346665242496707
-0.010000000000000002,-0.020500000000000001,15.664384997811352,9.3986309986868104
-0.0095000000000000015,-0.020500000000000001,19.627880667564586,11.776728400538751
-0.0090000000000000011,-0.020500000000000001,24.089526303755463,14.453715782253276
-0.0085000000000000006,-0.020500000000000001,29.020730227029784,17.412438136217869
-0.0080000000000000002,-0.020500000000000001,34.408668987511675,20.645201392507005
-0.0074999999999999997,-0.020500000000000001,40.277843992801863,24.166706395681118
-0.0069999999999999993,-0.020500000000000001,46.708830115946569,28.025298069567942
-0.0064999999999999988,-0.020500000000000001,53.847493944750319,32.308496366850193
-0.0059999999999999984,-0.020500000000000001,61.89813520140855,37.138881120845127
-0.0054999999999999979,-0.020500000000000001,71.0961178659403,42.65767071956418
-0.005000000000000001,-0.020500000000000001,81.659596627755619,48.995757976653373
-0.0044999999999999971,-0.020500000000000001,93.725305772322002,56.235183463393199
-0.0040000000000000001,-0.020500000000000001,107.27889158919874,64.367334953519233
-0.0035000000000000031,-0.020500000000000001,122.09441979018428,73.25665187411056
-0.0029999999999999992,-0.020500000000000001,137.69900216057152,82.619401296342915
-0.0025000000000000022,-0.020500000000000001,153.37599455057631,92.025596730345782
-0.0019999999999999983,-0.020500000000000001,168.2138623073173,100.92831738439038
-0.0015000000000000013,-0.020500000000000001,181.1986264977331,108.71917589863986
-0.00099999999999999742,-0.020500000000000001,191.33779809051924,114.80267885431154
-0.00050000000000000044,-0.020500000000000001,197.79538751964066,118.67723251178438
0,-0.020500000000000001,200.01327518599598,120.00796511159758
0.00050000000000000044,-0.020500000000000001,197.79538751927814,118.67723251156687
0.0010000000000000009,-0.020500000000000001,191.33779808966355,114.80267885379813
0.0015000000000000013,-0.020500000000000001,181.19862649609328,108.71917589765597
0.0020000000000000018,-0.020500000000000001,168.2138623043794,100.92831738262764
0.0024999999999999988,-0.020500000000000001,153.37599454550877,92.025596727305256
0.0030000000000000027,-0.020500000000000001,137.69900215209151,82.619401291254903
0.0034999999999999996,-0.020500000000000001,122.09441977639293,73.25665186583575
0.0040000000000000036,-0.020500000000000001,107.27889156738682,64.367334940432087
0.0045000000000000005,-0.020500000000000001,93.725305738772491,56.235183443263494
0.0049999999999999975,-0.020500000000000001,81.659596577566518,48.995757946539911
0.0055000000000000014,-0.020500000000000001,71.096117792915337,42.657670675749202
0.0059999999999999984,-0.020500000000000001,61.898135098068714,37.138881058841228
0.0064999999999999988,-0.020500000000000001,53.84749380251727,32.308496281510358
0.0069999999999999993,-0.020500000000000001,46.708829925545338,28.025297955327201
0.0074999999999999997,-0.020500000000000001,40.277843744902647,24.166706246941587
0.0080000000000000002,-0.020500000000000001,34.408668673593169,20.645201204155899
0.0085000000000000006,-0.020500000000000001,29.020729840400342,17.412437904240203
0.0090000000000000011,-0.020500000000000001,24.089525840618748,14.453715504371248
0.0095000000000000015,-0.020500000000000001,19.627880127979711,11.776728076787826
0.010000000000000002,-0.020500000000000001,15.664384386381588,9.3986306318289525
0.010500000000000002,-0.020500000000000001,12.224443533222807,7.3346661199336838
0.011000000000000003,-0.020500000000000001,9.3172177170834747,5.5903306302500848
0.011500000000000003,-0.020500000000000001,6.9295364509510229,4.1577218705706134
0.012000000000000004,-0.020500000000000001,5.0260639919791856,3.0156383951875112
0.012499999999999997,-0.020500000000000001,3.5539020261772407,2.1323412157063442
0.013000000000000005,-0.020500000000000001,2.449455853994015,1.4696735123964089
0.013499999999999998,-0.020500000000000001,1.6456116919890083,0.98736701519340486
0.014000000000000005,-0.020500000000000001,1.0778353517157302,0.64670121102943812
0.014499999999999999,-0.020500000000000001,0.68846595594102511,0.41307957356461505
0.014999999999999999,-0.020500000000000001,0.42906109650652802,0.25743665790391679
0.0155,-0.020500000000000001,0.26105372634826646,0.15663223580895988
0.016000000000000007,-0.020500000000000001,0.1551852512801323,0.093111150768079382
0.016500000000000001,-0.020500000000000001,0.090216504654268989,0.054129902792561392
0.017000000000000001,-0.020500000000000001,0.051346332285292118,0.030807799371175268
0.017500000000000002,-0.020500000000000001,0.028645332968919083,0.017187199781351449
0.017999999999999995,-0.020500000000000001,0.015685466751140607,0.009411280050684364
0.018500000000000003,-0.020500000000000001,0.0084418601714908517,0.0050651161028945112
0.019000000000000003,-0.020500000000000001,0.0044715563329879989,0.0026829337997927995
0.019500000000000003,-0.020500000000000001,0.0023339048093694867,0.001400342885621692
0.019999999999999997,-0.020500000000000001,0.0012015178113778415,0.00072091068682670484
0.020499999999999997,-0.020500000000000001,0.00061047939580921671,0.00036628763748552999
0.021000000000000005,-0.020500000000000001,0.00030619564464366087,0.00018371738678619651
0.021500000000000005,-0.020500000000000001,0.00015157208170539437,9.0943249023236615e-05
0.021999999999999999,-0.020500000000000001,7.4004626115735042e-05,4.4402775669441024e-05
0.022499999999999999,-0.020500000000000001,3.5603867906196406e-05,2.1362320743717843e-05
0.023000000000000007,-0.020500000000000001,1.6858056920259576e-05,1.0114834152155745e-05
0.023500000000000007,-0.020500000000000001,7.8451942576212213e-06,4.7071165545727323e-06
0.024,-0.020500000000000001,3.5832986881089746e-06,2.1499792128653845e-06
0.024500000000000001,-0.020500000000000001,1.6042085895822784e-06,9.6252515374936705e-07
0.025000000000000001,-0.020500000000000001,7.030642777531043e-07,4.2183856665186259e-07
-0.025000000000000001,-0.02,1.5182790077425452e-06,9.1096740464552706e-07
-0.024500000000000001,-0.02,3.4456946064689886e-06,2.0674167638813931e-06
-0.024,-0.02,7.6466875051647342e-06,4.5880125030988404e-06
-0.0235,-0.02,1.6612180476014382e-05,9.9673082856086293e-06
-0.023,-0.02,3.5373563991522343e-05,2.1224138394913404e-05
-0.022500000000000003,-0.02,7.3928941367047059e-05,4.4357364820228235e-05
-0.022000000000000002,-0.02,0.00015185755434279818,9.1114532605678902e-05
-0.021500000000000002,-0.02,0.00030699463083141959,0.00018419677849885175
-0.021000000000000001,-0.02,0.00061153924539279802,0.00036692354723567882
-0.020500000000000001,-0.02,0.0012015392209056329,0.00072092353254337978
-0.02,-0.02,0.0023299389122990654,0.0013979633473794391
-0.0195,-0.02,0.0044600451607545045,0.0026760270964527027
-0.019,-0.02,0.0084261440875204041,0.0050556864525122423
-0.018500000000000003,-0.02,0.01570155467063096,0.009420932802378575
-0.018000000000000002,-0.02,0.028831170129887146,0.017298702077932288
-0.017500000000000002,-0.02,0.052103189923943485,0.031261913954366088
-0.017000000000000001,-0.02,0.092547983987720225,0.055528790392632137
-0.016500000000000001,-0.02,0.16135166363972783,0.096810998183836691
-0.016,-0.02,0.27574484778636055,0.16544690867181633
-0.0155,-0.02,0.46135809652676757,0.27681485791606053
-0.015000000000000001,-0.02,0.75491181139399022,0.45294708683639412
-0.014500000000000001,-0.02,1.2069275145367304,0.72415650872203818
-0.014,-0.02,1.8839267073805157,1.1303560244283093
-0.0135,-0.02,2.8693692345738415,1.721621540744305
-0.012999999999999999,-0.02,4.2624535010382383,2.5574721006229431
-0.012500000000000001,-0.02,6.1739576889197272,3.704374613351836
-0.012,-0.02,8.7186446149709216,5.2311867689825524
-0.0115,-0.02,12.004441197344892,7.2026647184069352
-0.010999999999999999,-0.02,16.119603630471843,9.6717621782831049
-0.010499999999999999,-0.02,21.120226368083525,12.672135820850114
-0.010000000000000002,-0.02,27.021439789769236,16.21286387386154
-0.0095000000000000015,-0.02,33.796059521974506,20.277635713184704
-0.0090000000000000011,-0.02,41.383890764214023,24.830334458528412
-0.0085000000000000006,-0.02,49.713092359841276,29.827855415904764
-0.0080000000000000002,-0.02,58.732012529085431,35.239207517451256
-0.0074999999999999997,-0.02,68.446183060262626,41.067709836157576
-0.0069999999999999993,-0.02,78.951583700680445,47.370950220408268
-0.0064999999999999988,-0.02,90.453021298511985,54.271812779107186
-0.0059999999999999984,-0.02,103.25665067976612,61.953990407859671
-0.0054999999999999979,-0.02,117.7290411580861,70.63742469485166
-0.005000000000000001,-0.02,134.22174870335121,80.533049222010717
-0.0044999999999999971,-0.02,152.96909974102886,91.781459844617316
-0.0040000000000000001,-0.02,173.97591472444756,104.38554883466854
-0.0035000000000000031,-0.02,196.91872593700907,118.15123556220544
-0.0029999999999999992,-0.02,221.08627937661191,132.65176762596715
-0.0025000000000000022,-0.02,245.38119057976766,147.2287143478606
-0.0019999999999999983,-0.02,268.39445858615369,161.03667515169221
-0.0015000000000000013,-0.02,288.5498096067239,173.12988576403433
-0.00099999999999999742,-0.02,304.29877164275024,182.57926298565013
-0.00050000000000000044,-0.02,314.33400834731424,188.60040500838855
0,-0.02,317.78150472263007,190.66890283357804
0.00050000000000000044,-0.02,314.33400834619783,188.60040500771871
0.0010000000000000009,-0.02,304.29877164011509,182.57926298406906
0.0015000000000000013,-0.02,288.54980960167291,173.12988576100375
0.0020000000000000018,-0.02,268.39445857710461,161.03667514626275
0.0024999999999999988,-0.02,245.38119056415854,147.22871433849511
0.0030000000000000027,-0.02,221.08627935049199,132.6517676102952
0.0034999999999999996,-0.02,196.91872589452868,118.15123553671719
0.0040000000000000036,-0.02,173.97591465726268,104.3855487943576
0.0045000000000000005,-0.02,152.96909963768948,91.78145978261368
0.0049999999999999975,-0.02,134.22174854875783,80.533049129254692
0.0055000000000000014,-0.02,117.72904093315357,70.637424559892139
0.0059999999999999984,-0.02,103.2566503614572,61.953990216874317
0.0064999999999999988,-0.02,90.453020860403456,54.271812516242072
0.0069999999999999993,-0.02,78.951583114203459,47.370949868522075
0.0074999999999999997,-0.02,68.446182296679311,41.067709378007585
0.0080000000000000002,-0.02,58.732011562148379,35.239206937289026
0.0085000000000000006,-0.02,49.713091168938732,29.827854701363236
0.0090000000000000011,-0.02,41.383889337652512,24.830333602591505
0.0095000000000000015,-0.02,33.796057859936091,20.277634715961653
0.010000000000000002,-0.02,27.021437906432983,16.212862743859787
0.010500000000000002,-0.02,21.1202242924487,12.672134575469221
0.011000000000000003,-0.02,16.119601405572926,9.6717608433437547
0.011500000000000003,-0.02,12.004438877783411,7.2026633266700459
0.012000000000000004,-0.02,8.7186422629685563,5.2311853577811336
0.012499999999999997,-0.02,6.1739553693582785,3.7043732216149667
0.013000000000000005,-0.02,4.2624512761393287,2.5574707656835973
0.013499999999999998,-0.02,2.8693671589390592,1.7216202953634354
0.014000000000000005,-0.02,1.8839248240442517,1.1303548944265509
0.014499999999999999,-0.02,1.2069258524983253,0.72415551149899515
0.014999999999999999,-0.02,0.7549103848324572,0.45294623089947428
0.0155,-0.02,0.46135690562421061,0.27681414337452637
0.016000000000000007,-0.02,0.27574388084928714,0.16544632850957228
0.016500000000000001,-0.02,0.16135090005636349,0.096810540033818088
0.017000000000000001,-0.02,0.092547397510740648,0.055528438506444386
0.017500000000000002,-0.02,0.052102751815376179,0.031261651089225705
0.017999999999999995,-0.02,0.028830851820983949,0.017298511092590368
0.018500000000000003,-0.02,0.015701329738192514,0.0094207978429155081
0.019000000000000003,-0.02,0.0084259894938669734,0.0050555936963201835
0.019500000000000003,-0.02,0.0044599418209835965,0.002675965092590158
0.019999999999999997,-0.02,0.002329871726174259,0.0013979230357045553
0.020499999999999997,-0.02,0.0012014967366557317,0.00072089804199343898
0.021000000000000005,-0.02,0.00061151311700689554,0.00036690787020413729
0.021500000000000005,-0.02,0.00030697900174930326,0.00018418740104958196
0.021999999999999999,-0.02,0.00015184846168956855,9.1109077013741126e-05
0.022499999999999999,-0.02,7.3923796382809515e-05,4.4354277829685706e-05
0.023000000000000007,-0.02,3.5370732509991976e-05,2.1222439505995184e-05
0.023500000000000007,-0.02,1.6610664893165626e-05,9.9663989358993745e-06
0.024,-0.02,7.6458984962774664e-06,4.5875390977664797e-06
0.024500000000000001,-0.02,3.4452951031675232e-06,2.0671770619005138e-06
0.025000000000000001,-0.02,1.5180822666337636e-06,9.1084935998025814e-07
-0.025000000000000001,-0.0195,3.2027556823175362e-06,1.9216534093905216e-06
-0.024500000000000001,-0.0195,7.236603767484702e-06,4.3419622604908209e-06
-0.024,-0.0195,1.5973299874289443e-05,9.5839799245736663e-06
-0.0235,-0.0195,3.4476723148566304e-05,2.068603388913978e-05
-0.023,-0.0195,7.2847420845250252e-05,4.3708452507150147e-05
-0.022500000000000003,-0.0195,0.00015086947917063642,9.0521687502381843e-05
-0.022000000000000002,-0.0195,0.00030667067265978951,0.00018400240359587371
-0.021500000000000002,-0.0195,0.0006126741170935444,0.00036760447025612663
-0.021000000000000001,-0.0195,0.001204646239379122,0.0007227877436274732
-0.020500000000000001,-0.0195,0.00233393643707325,0.00140036186224395
-0.02,-0.0195,0.0044600428105400118,0.002676025686324007
-0.0195,-0.0195,0.0084116772820432666,0.0050470063692259594
-0.019,-0.0195,0.015660843626505789,0.009396506175903473
-0.018500000000000003,-0.0195,0.028776883663237888,0.017266130197942733
-0.018000000000000002,-0.0195,0.052155259394136885,0.031293155636482127
-0.017500000000000002,-0.0195,0.093145203176083158,0.055887121905649893
-0.017000000000000001,-0.0195,0.16372249260045735,0.0982334955602744
-0.016500000000000001,-0.0195,0.28285314647407911,0.16971188788444747
-0.016,-0.0195,0.47964878710411268,0.28778927226246759
-0.0155,-0.0195,0.79729908172655828,0.47837944903593493
-0.015000000000000001,-0.0195,1.2975593152569318,0.7785355891541591
-0.014500000000000001,-0.0195,2.0652668172336299,1.2391600903401778
-0.014,-0.0195,3.21198699576528,1.9271921974591679
-0.0135,-0.0195,4.8775248526926163,2.9265149116155698
-0.012999999999999999,-0.0195,7.2278117261080537,4.3366870356648324
-0.012500000000000001,-0.0195,10.447760214674794,6.2686561288048761
-0.012,-0.0195,14.728242192513989,8.8369453155083928
-0.0115,-0.0195,20.247485794124856,12.148491476474913
-0.010999999999999999,-0.0195,27.148856625121059,16.289313975072634
-0.010499999999999999,-0.0195,35.51891664760668,21.311349988564007
-0.010000000000000002,-0.0195,45.371335069204967,27.222801041522981
-0.0095000000000000015,-0.0195,56.642983594905175,33.985790156943104
-0.0090000000000000011,-0.0195,69.207704877381147,41.524622926428684
-0.0085000000000000006,-0.0195,82.910360397643885,49.746216238586328
-0.0080000000000000002,-0.0195,97.618905802712277,58.571343481627366
-0.0074999999999999997,-0.0195,113.28615340072504,67.971692040435016
-0.0069999999999999993,-0.0195,130.00699400559915,78.004196403359487
-0.0064999999999999988,-0.0195,148.05304128757138,88.831824772542817
-0.0059999999999999984,-0.0195,167.86678059009577,100.72006835405746
-0.0054999999999999979,-0.0195,190.00255631831402,114.0015337909884
-0.005000000000000001,-0.0195,215.01209800762754,129.00725880457651
-0.0044999999999999971,-0.0195,243.28618519407578,145.97171111644548
-0.0040000000000000001,-0.0195,274.87843541284417,164.92706124770649
-0.0035000000000000031,-0.0195,309.34814059048483,185.60888435429089
-0.0029999999999999992,-0.0195,345.66278353585608,207.39767012151364
-0.0025000000000000022,-0.0195,382.19487306086387,229.31692383651833
-0.0019999999999999983,-0.0195,416.83190969712382,250.09914581827428
-0.0015000000000000013,-0.0195,447.19528053960084,268.31716832376048
-0.00099999999999999742,-0.0195,470.93875111231529,282.56325066738918
-0.00050000000000000044,-0.0195,486.07629110841646,291.64577466504988
0,-0.0195,491.27808048803524,294.76684829282112
0.00050000000000000044,-0.0195,486.07629110507287,291.64577466304371
0.0010000000000000009,-0.0195,470.93875110442173,282.56325066265305
0.0015000000000000013,-0.0195,447.19528052446958,268.31716831468174
0.0020000000000000018,-0.0195,416.83190967001474,250.09914580200882
0.0024999999999999988,-0.0195,382.1948730141014,229.31692380846084
0.0030000000000000027,-0.0195,345.66278345760571,207.39767007456342
0.0034999999999999996,-0.0195,309.34814046322055,185.60888427793233
0.0040000000000000036,-0.0195,274.87843521157009,164.92706112694205
0.0045000000000000005,-0.0195,243.28618488448865,145.97171093069318
0.0049999999999999975,-0.0195,215.01209754449167,129.00725852669498
0.0055000000000000014,-0.0195,190.00255564445408,114.00153338667245
0.0059999999999999984,-0.0195,167.86677963649555,100.72006778189733
0.0064999999999999988,-0.0195,148.0530399750715,88.831823985042902
0.0069999999999999993,-0.0195,130.00699224861233,78.004195349167404
0.0074999999999999997,-0.0195,113.28615111315713,67.971690667894279
0.0080000000000000002,-0.0195,97.61890290593071,58.57134174355842
0.0085000000000000006,-0.0195,82.910356829899158,49.746214097939493
0.0090000000000000011,-0.0195,69.207700603641513,41.524620362184905
0.0095000000000000015,-0.0195,56.642978615716203,33.98578716942972
0.010000000000000002,-0.0195,45.371329427044685,27.22279765622681
0.010500000000000002,-0.0195,35.518910429352069,21.311346257611241
0.011000000000000003,-0.0195,27.148849959696168,16.289309975817702
0.011500000000000003,-0.0195,20.24747884510678,12.148487307064068
0.012000000000000004,-0.0195,14.728235146308439,8.8369410877850623
0.012499999999999997,-0.0195,10.447753265656795,6.2686519593940764
0.013000000000000005,-0.0195,7.2278050606831981,4.3366830364099185
0.013499999999999998,-0.0195,4.8775186344380659,2.9265111806628394
0.014000000000000005,-0.0195,3.2119813536049509,1.9271888121629703
0.014499999999999999,-0.0195,2.0652618380446293,1.2391571028267776
0.014999999999999999,-0.0195,1.2975550415172454,0.77853302491034726
0.0155,-0.0195,0.7972955139817367,0.47837730838904202
0.016000000000000007,-0.0195,0.47964589032241456,0.28778753419344871
0.016500000000000001,-0.0195,0.28285085890606892,0.16971051534364134
0.017000000000000001,-0.0195,0.16372073561354517,0.098232441368127102
0.017500000000000002,-0.0195,0.093143890676112145,0.055886334405667287
0.017999999999999995,-0.0195,0.052154305793916361,0.031292583476349813
0.018500000000000003,-0.0195,0.028776209803283992,0.017265725881970395
0.019000000000000003,-0.0195,0.015660380489784059,0.0093962282938704345
0.019500000000000003,-0.0195,0.0084113676933786387,0.0050468206160271829
0.019999999999999997,-0.0195,0.0044598415321504964,0.0026759049192902977
0.020499999999999997,-0.0195,0.0023338091613682417,0.0014002854968209451
0.021000000000000005,-0.0195,0.0012045679631062962,0.00072274077786377777
0.021500000000000005,-0.0195,0.000612627294978307,0.00036757637698698421
0.021999999999999999,-0.0195,0.00030664343259193249,0.00018398605955515949
0.022499999999999999,-0.0195,0.00015085406565862707,9.051243939517624e-05
0.023000000000000007,-0.0195,7.2838938200298425e-05,4.3703362920179055e-05
0.023500000000000007,-0.0195,3.4472182715911945e-05,2.0683309629547165e-05
0.024,-0.0195,1.5970936135666182e-05,9.5825616813997087e-06
0.024500000000000001,-0.0195,7.2354069224312962e-06,4.3412441534587772e-06
0.025000000000000001,-0.0195,3.2021662788708404e-06,1.9212997673225042e-06
-0.025000000000000001,-0.019,6.5946824853786072e-06,3.9568094912271638e-06
-0.024500000000000001,-0.019,1.4847379633947769e-05,8.9084277803686606e-06
-0.024,-0.019,3.2628330206842115e-05,1.9576998124105269e-05
-0.0235,-0.019,7.0046899144121056e-05,4.2028139486472629e-05
-0.023,-0.019,0.00014704647674637652,8.8227886047825911e-05
-0.022500000000000003,-0.019,0.00030218809710097369,0.0001813128582605842
-0.022000000000000002,-0.019,0.00060869434814193109,0.00036521660888515862
-0.021500000000000002,-0.019,0.0012033862036191817,0.00072203172217150905
-0.021000000000000001,-0.019,0.0023382851213877448,0.0014029710728326469
-0.020500000000000001,-0.019,0.0044715998243320875,0.0026829598945992523
-0.02,-0.019,0.0084261331786860318,0.0050556799072116188
-0.0195,-0.019,0.015660830653226807,0.0093964983919360839
-0.019,-0.019,0.028727354289324686,0.01723641257359481
-0.018500000000000003,-0.019,0.052019542664646513,0.031211725598787907
-0.018000000000000002,-0.019,0.092968319336672517,0.055780991602003512
-0.017500000000000002,-0.019,0.16388198906703114,0.098329193440218676
-0.017000000000000001,-0.019,0.28466779740421855,0.17080067844253113
-0.016500000000000001,-0.019,0.48667028870812135,0.29200217322487282
-0.016,-0.019,0.81778952406127614,0.49067371443676566
-0.0155,-0.019,1.3488554431966111,0.8093132659179666
-0.015000000000000001,-0.019,2.1808974033053805,1.3085384419832282
-0.014500000000000001,-0.019,3.4524509765903852,2.0714705859542311
-0.014,-0.019,5.3454321245006016,3.2072592747003608
-0.0135,-0.019,8.087505494274426,4.8525032965646551
-0.012999999999999999,-0.019,11.948490849913961,7.1690945099483763
-0.012500000000000001,-0.019,17.228467881257938,10.337080728754762
-0.012,-0.019,24.236133138889706,14.541679883333822
-0.0115,-0.019,33.25780176473144,19.954681058838862
-0.010999999999999999,-0.019,44.520156216991374,26.712093730194823
-0.010499999999999999,-0.019,58.15299560535324,34.891797363211943
-0.010000000000000002,-0.019,74.161020598712355,44.496612359227413
-0.0095000000000000015,-0.019,92.415012351975619,55.44900741118537
-0.0090000000000000011,-0.019,112.67153290501102,67.602919743006609
-0.0085000000000000006,-0.019,134.62577562855304,80.775465377131823
-0.0080000000000000002,-0.019,157.99451291356192,94.796707748137152
-0.0074999999999999997,-0.019,182.61639617078524,109.56983770247113
-0.0069999999999999993,-0.019,208.54742107955491,125.12845264773294
-0.0064999999999999988,-0.019,236.12314599064774,141.67388759438865
-0.0059999999999999984,-0.019,265.95916265071185,159.57549759042709
-0.0054999999999999979,-0.019,298.86926764771812,179.32156058863086
-0.005000000000000001,-0.019,335.69674816496172,201.41804889897702
-0.0044999999999999971,-0.019,377.07571904850465,226.24543142910278
-0.0040000000000000001,-0.019,423.16179374713545,253.89707624828125
-0.0035000000000000031,-0.019,473.38845973289057,284.03307583973435
-0.0029999999999999992,-0.019,526.31151253976122,315.78690752385671
-0.0025000000000000022,-0.019,579.59499761416441,347.75699856849866
-0.0019999999999999983,-0.019,630.1681236315319,378.10087417891913
-0.0015000000000000013,-0.019,674.54760898506379,404.72856539103827
-0.00099999999999999742,-0.019,709.28165618466733,425.56899371080038
-0.00050000000000000044,-0.019,731.43984675036245,438.86390805021745
0,-0.019,739.0565945642951,443.43395673857702
0.00050000000000000044,-0.019,731.43984674062017,438.86390804437207
0.0010000000000000009,-0.019,709.28165616166802,425.56899369700079
0.0015000000000000013,-0.019,674.54760894097524,404.72856536458511
0.0020000000000000018,-0.019,630.16812355254353,378.1008741315261
0.0024999999999999988,-0.019,579.59499747790971,347.75699848674583
0.0030000000000000027,-0.019,526.31151231175886,315.78690738705529
0.0034999999999999996,-0.019,473.38845936207264,284.03307561724358
0.0040000000000000036,-0.019,423.16179316067149,253.8970758964029
0.0045000000000000005,-0.019,377.07571814644268,226.24543088786561
0.0049999999999999975,-0.019,335.69674681549469,201.4180480892968
0.0055000000000000014,-0.019,298.8692656842523,179.32155941055137
0.0059999999999999984,-0.019,265.95915987214971,159.57549592328982
0.0064999999999999988,-0.019,236.12314216633752,141.67388529980249
0.0069999999999999993,-0.019,208.54741596011618,125.1284495760697
0.0074999999999999997,-0.019,182.61638950536047,109.56983370321628
0.0080000000000000002,-0.019,157.9945044730344,94.796702683820641
0.0085000000000000006,-0.019,134.62576523299981,80.775459139799878
0.0090000000000000011,-0.019,112.6715204523581,67.602912271414851
0.0095000000000000015,-0.019,92.414997843812415,55.448998706287448
0.010000000000000002,-0.019,74.161004158809646,44.496602495285785
0.010500000000000002,-0.019,58.152977486849878,34.891786492109922
0.011000000000000003,-0.019,44.520136795541021,26.712082077324613
0.011500000000000003,-0.019,33.257781516958488,19.954668910175091
0.012000000000000004,-0.019,24.236112607935738,14.541667564761442
0.012499999999999997,-0.019,17.228447633485114,10.337068580091069
0.013000000000000005,-0.019,11.948471428463669,7.1690828570782017
0.013499999999999998,-0.019,8.0874873757712109,4.8524924254627262
0.014000000000000005,-0.019,5.3454156845978709,3.2072494107587226
0.014499999999999999,-0.019,3.4524364684271758,2.0714618810563055
0.014999999999999999,-0.019,2.1808849506523686,1.3085309703914212
0.0155,-0.019,1.3488450476434095,0.80930702858604564
0.016000000000000007,-0.019,0.8177810835337872,0.49066865012027228
0.016500000000000001,-0.019,0.48666362328328139,0.2919981739699688
0.017000000000000001,-0.019,0.28466267796551642,0.17079760677930986
0.017500000000000002,-0.019,0.1638781647567287,0.098326898854037212
0.017999999999999995,-0.019,0.092965540774212721,0.05577932446452763
0.018500000000000003,-0.019,0.052017579198268812,0.031210547518961285
0.019000000000000003,-0.019,0.028726004819933919,0.017235602891960352
0.019500000000000003,-0.019,0.015659928586068184,0.0093959571516409098
0.019999999999999997,-0.019,0.0084255467017064628,0.0050553280210238775
0.020499999999999997,-0.019,0.0044712289734363669,0.0026827373840618202
0.021000000000000005,-0.019,0.002338057043091985,0.001402834225855191
0.021500000000000005,-0.019,0.0012032497751988977,0.00072194986511933863
0.021999999999999999,-0.019,0.00060861497711378653,0.00036516898626827188
0.022499999999999999,-0.019,0.00030214318582168166,0.000181285911493009
0.023000000000000007,-0.019,0.00014702176035232451,8.8213056211394701e-05
0.023500000000000007,-0.019,7.0033669411732777e-05,4.2020201647039663e-05
0.024,-0.019,3.262144283909486e-05,1.9572865703456917e-05
0.024500000000000001,-0.019,1.4843892314352375e-05,8.9063353886114254e-06
0.025000000000000001,-0.019,6.592965105018186e-06,3.9557790630109118e-06
-0.025000000000000001,-0.018500000000000003,1.3245377747598336e-05,7.9472266485590011e-06
-0.024500000000000001,-0.018500000000000003,2.9734820706643989e-05,1.7840892423986393e-05
-0.024,-0.018500000000000003,6.5111015591477823e-05,3.9066609354886694e-05
-0.0235,-0.018500000000000003,0.00013916593778323959,8.3499562669943754e-05
-0.023,-0.018500000000000003,0.00029057662229402882,0.00017434597337641729
-0.022500000000000003,-0.018500000000000003,0.00059328072432419444,0.00035596843459451664
-0.022000000000000002,-0.018500000000000003,0.001185815261388628,0.00071148915683317681
-0.021500000000000002,-0.018500000000000003,0.0023231285537291839,0.0013938771322375102
-0.021000000000000001,-0.018500000000000003,0.0044669753498035869,0.0026801852098821519
-0.020500000000000001,-0.018500000000000003,0.0084419129973414206,0.0050651477984048525
-0.02,-0.018500000000000003,0.015701517701723604,0.0094209106210341627
-0.0195,-0.018500000000000003,0.028776825109060062,0.017266095065436037
-0.019,-0.018500000000000003,0.052019474948117449,0.031211684968870466
-0.018500000000000003,-0.018500000000000003,0.092807793587865436,0.055684676152719263
-0.018000000000000002,-0.018500000000000003,0.16345356938069971,0.098072141628419832
-0.017500000000000002,-0.018500000000000003,0.28412134424619345,0.17047280654771607
-0.017000000000000001,-0.018500000000000003,0.48712875989588039,0.29227725593752824
-0.016500000000000001,-0.018500000000000003,0.82299691546516174,0.49379814927909704
-0.016,-0.018500000000000003,1.3685071151099744,0.82110426906598455
-0.0155,-0.018500000000000003,2.2367275262875244,1.3420365157725145
-0.015000000000000001,-0.018500000000000003,3.5884415525236766,2.1530649315142059
-0.014500000000000001,-0.018500000000000003,5.643622421307728,3.3861734527846368
-0.014,-0.018500000000000003,8.6906237266974014,5.2143742360184406
-0.0135,-0.018500000000000003,13.089786692820185,7.8538720156921107
-0.012999999999999999,-0.018500000000000003,19.267536158161686,11.560521694897011
-0.012500000000000001,-0.018500000000000003,27.697190330632765,16.618314198379657
-0.012,-0.018500000000000003,38.864089062340618,23.318453437404369
-0.0115,-0.018500000000000003,53.215526078067697,31.929315646840617
-0.010999999999999999,-0.018500000000000003,71.100246017554184,42.660147610532512
-0.010499999999999999,-0.018500000000000003,92.707274321041666,55.624364592625
-0.010000000000000002,-0.018500000000000003,118.01831923927377,70.810991543564256
-0.0095000000000000015,-0.018500000000000003,146.79021533456637,88.074129200739819
-0.0090000000000000011,-0.018500000000000003,178.58214141276073,107.14928484765643
-0.0085000000000000006,-0.018500000000000003,212.83551008888617,127.70130605333169
-0.0080000000000000002,-0.018500000000000003,249.00259862322824,149.40155917393693
-0.0074999999999999997,-0.018500000000000003,286.70496457911457,172.02297874746873
-0.0069999999999999993,-0.018500000000000003,325.88794458634197,195.53276675180518
-0.0064999999999999988,-0.018500000000000003,366.92763829604235,220.15658297762539
-0.0059999999999999984,-0.018500000000000003,410.64622290382567,246.38773374229538
-0.0054999999999999979,-0.018500000000000003,458.20315049213974,274.92189029528384
-0.005000000000000001,-0.018500000000000003,510.85373141440505,306.51223884864299
-0.0044999999999999971,-0.018500000000000003,569.59907729590884,341.75944637754532
-0.0040000000000000001,-0.018500000000000003,634.78520089784763,380.87112053870857
-0.0035000000000000031,-0.018500000000000003,705.73507712646506,423.44104627587905
-0.0029999999999999992,-0.018500000000000003,780.50687383540048,468.30412430124028
-0.0025000000000000022,-0.018500000000000003,855.85870399835528,513.51522239901317
-0.0019999999999999983,-0.018500000000000003,927.46486494006456,556.47891896403871
-0.0015000000000000013,-0.018500000000000003,990.37669509976365,594.22601705985812
-0.00099999999999999742,-0.018500000000000003,1039.6644373604288,623.79866241625723
-0.00050000000000000044,-0.018500000000000003,1071.1291468379059,642.6774881027435
0,-0.018500000000000003,1081.9488735166369,649.16932410998209
0.00050000000000000044,-0.018500000000000003,1071.1291468102966,642.67748808617796
0.0010000000000000009,-0.018500000000000003,1039.664437295251,623.79866237715055
0.0015000000000000013,-0.018500000000000003,990.37669497481932,594.22601698489154
0.0020000000000000018,-0.018500000000000003,927.46486471621722,556.47891882973033
0.0024999999999999988,-0.018500000000000003,855.85870361221805,513.51522216733076
0.0030000000000000027,-0.018500000000000003,780.50687318925702,468.30412391355418
0.0034999999999999996,-0.018500000000000003,705.73507607559031,423.44104564535417
0.0040000000000000036,-0.018500000000000003,634.78519923584713,380.87111954150828
0.0045000000000000005,-0.018500000000000003,569.59907473952285,341.75944484371371
0.0049999999999999975,-0.018500000000000003,510.85372759010102,306.51223655406062
0.0055000000000000014,-0.018500000000000003,458.20314492780267,274.92188695668159
0.0059999999999999984,-0.018500000000000003,410.64621502955731,246.38772901773439
0.0064999999999999988,-0.018500000000000003,366.92762745819073,220.15657647491443
0.0069999999999999993,-0.018500000000000003,325.8879300781789,195.53275804690733
0.0074999999999999997,-0.018500000000000003,286.70494568972538,172.02296741383523
0.0080000000000000002,-0.018500000000000003,249.00257470331113,149.40154482198668
0.0085000000000000006,-0.018500000000000003,212.83548062855061,127.70128837713037
0.0090000000000000011,-0.018500000000000003,178.58210612273541,107.14926367364124
0.0095000000000000015,-0.018500000000000003,146.79017421935589,88.074104531613528
0.010000000000000002,-0.018500000000000003,118.01827264963661,70.810963589781963
0.010500000000000002,-0.018500000000000003,92.707222974357322,55.624333784614393
0.011000000000000003,-0.018500000000000003,71.100190978401031,42.660114587040617
0.011500000000000003,-0.018500000000000003,53.215468697168902,31.929281218301341
0.012000000000000004,-0.018500000000000003,38.864030878924822,23.318418527354893
0.012499999999999997,-0.018500000000000003,27.697132949734186,16.618279769840512
0.013000000000000005,-0.018500000000000003,19.267481119008604,11.560488671405162
0.013499999999999998,-0.018500000000000003,13.089735346136083,7.8538412076816488
0.014000000000000005,-0.018500000000000003,8.6905771370601954,5.2143462822361171
0.014499999999999999,-0.018500000000000003,5.6435813060972473,3.3861487836583484
0.014999999999999999,-0.018500000000000003,3.5884062624981805,2.1530437574989083
0.0155,-0.018500000000000003,2.2366980659518694,1.3420188395711217
0.016000000000000007,-0.018500000000000003,1.3684831951926759,0.82108991711560553
0.016500000000000001,-0.018500000000000003,0.82297802607570225,0.49378681564542132
0.017000000000000001,-0.018500000000000003,0.48711425173266798,0.29226855103960075
0.017500000000000002,-0.018500000000000003,0.28411050639437574,0.17046630383662545
0.017999999999999995,-0.018500000000000003,0.16344569511166096,0.098067417066996579
0.018500000000000003,-0.018500000000000003,0.092802229249208695,0.055681337549525214
0.019000000000000003,-0.018500000000000003,0.05201565063781495,0.031209390382688967
0.019500000000000003,-0.018500000000000003,0.028774268708187369,0.01726456122491242
0.019999999999999997,-0.018500000000000003,0.015699855663317521,0.0094199133979905123
0.020499999999999997,-0.018500000000000003,0.0084408620295232765,0.0050645172177139659
0.021000000000000005,-0.018500000000000003,0.0044663289904402267,0.0026797973942641359
0.021500000000000005,-0.018500000000000003,0.0023227419242755321,0.0013936451545653193
0.021999999999999999,-0.018500000000000003,0.0011855903289501861,0.00071135419737011166
0.022499999999999999,-0.018500000000000003,0.00059315344861917882,0.00035589206917150729
0.023000000000000007,-0.018500000000000003,0.0002905065776075293,0.00017430394656451758
0.023500000000000007,-0.018500000000000003,0.00013912844556428433,8.3477067338570593e-05
0.024,-0.018500000000000003,6.5091497229954588e-05,3.9054898337972752e-05
0.024500000000000001,-0.018500000000000003,2.9724937865025931e-05,1.7834962719015559e-05
0.025000000000000001,-0.018500000000000003,1.3240510801040693e-05,7.944306480624415e-06
-0.025000000000000001,-0.018000000000000002,2.5935332844901643e-05,1.5561199706940986e-05
-0.024500000000000001,-0.018000000000000002,5.808779503874432e-05,3.4852677023246592e-05
-0.024,-0.018000000000000002,0.00012682881772486577,7.6097290634919451e-05
-0.0235,-0.018000000000000002,0.0002701092621665016,0.00016206555729990094
-0.023,-0.018000000000000002,0.00056150112589823471,0.00033690067553894082
-0.022500000000000003,-0.018000000000000002,0.001140279446857419,0.00068416766811445142
-0.022000000000000002,-0.018000000000000002,0.00226435268844195,0.00135861161306517
-0.021500000000000002,-0.018000000000000002,0.0044018409780305287,0.0026411045868183171
-0.021000000000000001,-0.018000000000000002,0.0083873416300414318,0.0050324049780248589
-0.020500000000000001,-0.018000000000000002,0.01568551450222461,0.0094113087013347665
-0.02,-0.018000000000000002,0.028831061726781397,0.017298637036068838
-0.0195,-0.018000000000000002,0.05215506644909168,0.03129303986945501
-0.019,-0.018000000000000002,0.092968022151871957,0.055780813291123173
-0.018500000000000003,-0.018000000000000002,0.16345323517096488,0.098071941102578927
-0.018000000000000002,-0.018000000000000002,0.28362871934407702,0.17017723160644621
-0.017500000000000002,-0.018000000000000002,0.48584777295003079,0.29150866377001844
-0.017000000000000001,-0.018000000000000002,0.82139536589858608,0.49283721953915161
-0.016500000000000001,-0.018000000000000002,1.3697401829772233,0.82184410978633393
-0.016,-0.018000000000000002,2.250833700074911,1.3505002200449465
-0.0155,-0.018000000000000002,3.6404036762720238,2.1842422057632143
-0.015000000000000001,-0.018000000000000002,5.7873774909311972,3.4724264945587184
-0.014500000000000001,-0.018000000000000002,9.0313612993390393,5.4188167796034232
-0.014,-0.018000000000000002,13.81659413052283,8.2899564783136981
-0.0135,-0.018000000000000002,20.697284782166793,12.418370869300075
-0.012999999999999999,-0.018000000000000002,30.328236018940775,18.196941611364466
-0.012500000000000001,-0.018000000000000002,43.434846479522271,26.060907887713363
-0.012,-0.018000000000000002,60.758647712636616,36.455188627581968
-0.0115,-0.018000000000000002,82.978917675607732,49.787350605364637
-0.010999999999999999,-0.018000000000000002,110.61746883444869,66.370481300669212
-0.010499999999999999,-0.018000000000000002,143.94144221666531,86.364865329999176
-0.010000000000000002,-0.018000000000000002,182.8859228176953,109.73155369061718
-0.0095000000000000015,-0.018000000000000002,227.02182452923813,136.21309471754287
-0.0090000000000000011,-0.018000000000000002,275.59213095864857,165.35527857518915
-0.0085000000000000006,-0.018000000000000002,327.62947018641182,196.57768211184708
-0.0080000000000000002,-0.018000000000000002,382.15026984665229,229.29016190799138
-0.0074999999999999997,-0.018000000000000002,438.39805551728551,263.03883331037127
-0.0069999999999999993,-0.018000000000000002,496.0860356921068,297.65162141526406
-0.0064999999999999988,-0.018000000000000002,555.57381290929925,333.34428774557955
-0.0059999999999999984,-0.018000000000000002,617.91160390150412,370.74696234090248
-0.0054999999999999979,-0.018000000000000002,684.70212471105799,410.82127482663481
-0.005000000000000001,-0.018000000000000002,757.76529377937959,454.65917626762774
-0.0044999999999999971,-0.018000000000000002,838.63862854497688,503.1831771269861
-0.0040000000000000001,-0.018000000000000002,927.9960948511042,556.79765691066245
-0.0035000000000000031,-0.018000000000000002,1025.1067369881146,615.06404219286867
-0.0029999999999999992,-0.018000000000000002,1127.4688057537858,676.48128345227144
-0.0025000000000000022,-0.018000000000000002,1230.7370675085706,738.44224050514231
-0.0019999999999999983,-0.018000000000000002,1329.0101581090164,797.40609486540984
-0.0015000000000000013,-0.018000000000000002,1415.4701001455228,849.28206008731365
-0.00099999999999999742,-0.018000000000000002,1483.2841723887518,889.97050343325111
-0.00050000000000000044,-0.018000000000000002,1526.6108769003613,915.96652614021673
0,-0.018000000000000002,1541.5157578852902,924.90945473117404
0.00050000000000000044,-0.018000000000000002,1526.6108768242618,915.96652609455703
0.0010000000000000009,-0.018000000000000002,1483.2841722091023,889.97050332546132
0.0015000000000000013,-0.018000000000000002,1415.4700998011381,849.28205988068282
0.0020000000000000018,-0.018000000000000002,1329.0101574920272,797.40609449521628
0.0024999999999999988,-0.018000000000000002,1230.7370664442603,738.44223986655618
0.0030000000000000027,-0.018000000000000002,1127.4688039728221,676.48128238369327
0.0034999999999999996,-0.018000000000000002,1025.106734091589,615.06404045495344
0.0040000000000000036,-0.018000000000000002,927.99609027013469,556.79765416208079
0.0045000000000000005,-0.018000000000000002,838.63862149881368,503.18317289928819
0.0049999999999999975,-0.018000000000000002,757.76528323845378,454.65916994307224
0.0055000000000000014,-0.018000000000000002,684.70210937408206,410.82126562444921
0.0059999999999999984,-0.018000000000000002,617.91158219766533,370.74694931859921
0.0064999999999999988,-0.018000000000000002,555.57378303693827,333.34426982216297
0.0069999999999999993,-0.018000000000000002,496.0859957032693,297.65159742196158
0.0074999999999999997,-0.018000000000000002,438.39800345247767,263.0388020714866
0.0080000000000000002,-0.018000000000000002,382.1502039162051,229.29012234972305
0.0085000000000000006,-0.018000000000000002,327.62938898491427,196.57763339094856
0.0090000000000000011,-0.018000000000000002,275.59203368878161,165.35522021326895
0.0095000000000000015,-0.018000000000000002,227.02171120341882,136.2130267220513
0.010000000000000002,-0.018000000000000002,182.88579440271843,109.73147664163106
0.010500000000000002,-0.018000000000000002,143.94130068984376,86.364780413906246
0.011000000000000003,-0.018000000000000002,110.61731713007835,66.370390278047012
0.011500000000000003,-0.018000000000000002,82.978759516685997,49.7872557100116
0.012000000000000004,-0.018000000000000002,60.758487341737805,36.455092405042684
0.012499999999999997,-0.018000000000000002,43.43468832060082,26.060812992360493
0.013000000000000005,-0.018000000000000002,30.328084314570543,18.196850588742326
0.013499999999999998,-0.018000000000000002,20.697143255345502,12.418285953207301
0.014000000000000005,-0.018000000000000002,13.816465715545879,8.2898794293275273
0.014499999999999999,-0.018000000000000002,9.0312479735197062,5.4187487841118234
0.014999999999999999,-0.018000000000000002,5.7872802210642487,3.4723681326385489
0.0155,-0.018000000000000002,3.6403224747741718,2.1841934848645028
0.016000000000000007,-0.018000000000000002,2.2507677696274242,1.3504606617764545
0.016500000000000001,-0.018000000000000002,1.3696881181692901,0.82181287090157407
0.017000000000000001,-0.018000000000000002,0.8213553770607892,0.4928132262364735
0.017500000000000002,-0.018000000000000002,0.48581790058837848,0.29149074035302708
0.017999999999999995,-0.018000000000000002,0.28360701550309003,0.17016420930185402
0.018500000000000003,-0.018000000000000002,0.16343789818910681,0.098062738913464079
0.019000000000000003,-0.018000000000000002,0.092957481208671491,0.055774488725202895
0.019500000000000003,-0.018000000000000002,0.052148020243562999,0.031288812146137795
0.019999999999999997,-0.018000000000000002,0.028826480651750769,0.017295888391050462
0.020499999999999997,-0.018000000000000002,0.015682617720530489,0.0094095706323182923
0.021000000000000005,-0.018000000000000002,0.0083855600702836177,0.0050313360421701701
0.021500000000000005,-0.018000000000000002,0.0044007753115996515,0.0026404651869597908
0.021999999999999999,-0.018000000000000002,0.0022637327073551394,0.0013582396244130835
0.022499999999999999,-0.018000000000000002,0.0011399286369410419,0.00068395718216462508
0.023000000000000007,-0.018000000000000002,0.00056130806178902588,0.00033678483707341554
0.023500000000000007,-0.018000000000000002,0.00027000592239561098,0.00016200355343736657
0.024,-0.018000000000000002,0.00012677501928177055,7.6065011569062329e-05
0.024500000000000001,-0.018000000000000002,5.8060554970884755e-05,3.4836332982530854e-05
0.025000000000000001,-0.018000000000000002,2.5921918084286953e-05,1.5553150850572171e-05
-0.025000000000000001,-0.017500000000000002,4.9485815623783998e-05,2.9691489374270397e-05
-0.024500000000000001,-0.017500000000000002,0.00011062839487556565,6.6377036925339392e-05
-0.024,-0.017500000000000002,0.00024098508714278698,0.00014459105228567217
-0.0235,-0.017500000000000002,0.00051174563504172827,0.00030704738102503695
-0.023,-0.017500000000000002,0.0010600027791926496,0.00063600166751558976
-0.022500000000000003,-0.017500000000000002,0.0021431365953873292,0.0012858819572323975
-0.022000000000000002,-0.017500000000000002,0.004232944366897212,0.0025397666201383271
-0.021500000000000002,-0.017500000000000002,0.0081753757785801434,0.0049052254671480859
-0.021000000000000001,-0.017500000000000002,0.015457197093449339,0.0092743182560696032
-0.020500000000000001,-0.017500000000000002,0.028645332256510704,0.017187199353906422
-0.02,-0.017500000000000002,0.052102899865749265,0.031261739919449555
-0.0195,-0.017500000000000002,0.093144653087071122,0.05588679185224267
-0.019,-0.017500000000000002,0.16388103692104025,0.098328622152624154
-0.018500000000000003,-0.017500000000000002,0.28411991811546322,0.17047195086927794
-0.018000000000000002,-0.017500000000000002,0.48584621341024992,0.29150772804614994
-0.017500000000000002,-0.017500000000000002,0.81996348106046912,0.49197808863628145
-0.017000000000000001,-0.017500000000000002,1.3661109188542238,0.81966655131253419
-0.016500000000000001,-0.017500000000000002,2.2463775210140846,1.3478265126084508
-0.016,-0.017500000000000002,3.6434930989174212,2.1860958593504525
-0.0155,-0.017500000000000002,5.8234262129017642,3.4940557277410584
-0.015000000000000001,-0.017500000000000002,9.161119589588175,5.4966717537529046
-0.014500000000000001,-0.017500000000000002,14.166293356512618,8.4997760139075709
-0.014,-0.017500000000000002,21.503986619640681,12.902391971784409
-0.0135,-0.017500000000000002,32.002218774698868,19.20133126481932
-0.012999999999999999,-0.017500000000000002,46.637595603471482,27.98255736208289
-0.012500000000000001,-0.017500000000000002,66.489883679158581,39.893930207495146
-0.012,-0.017500000000000002,92.659577241835862,55.595746345101517
-0.0115,-0.017500000000000002,126.14895899060296,75.689375394361775
-0.010999999999999999,-0.017500000000000002,167.71692596700632,100.63015558020379
-0.010499999999999999,-0.017500000000000002,217.72945933899723,130.63767560339832
-0.010000000000000002,-0.017500000000000002,276.03821752244721,165.62293051346833
-0.0095000000000000015,-0.017500000000000002,341.92546104287175,205.15527662572305
-0.0090000000000000011,-0.017500000000000002,414.15043151571166,248.49025890942698
-0.0085000000000000006,-0.017500000000000002,491.11776645063293,294.67065987037972
-0.0080000000000000002,-0.017500000000000002,571.16265653714925,342.69759392228951
-0.0074999999999999997,-0.017500000000000002,652.91411538993793,391.74846923396274
-0.0069999999999999993,-0.017500000000000002,735.66454639651522,441.39872783790912
-0.0064999999999999988,-0.017500000000000002,819.65077009230708,491.79046205538424
-0.0059999999999999984,-0.017500000000000002,906.14864992881007,543.68918995728598
-0.0054999999999999979,-0.017500000000000002,997.30682822901804,598.38409693741085
-0.005000000000000001,-0.017500000000000002,1095.6948868652726,657.41693211916356
-0.0044999999999999971,-0.017500000000000002,1203.6095733473362,722.1657440084017
-0.0040000000000000001,-0.017500000000000002,1322.2544099551196,793.35264597307173
-0.0035000000000000031,-0.017500000000000002,1450.9637340807856,870.57824044847132
-0.0029999999999999992,-0.017500000000000002,1586.6636510983669,951.99819065902011
-0.0025000000000000022,-0.017500000000000002,1723.7378117609503,1034.24268705657
-0.0019999999999999983,-0.017500000000000002,1854.394882215084,1112.6369293290504
-0.0015000000000000013,-0.017500000000000002,1969.5296283235698,1181.7177769941418
-0.00099999999999999742,-0.017500000000000002,2059.954338417785,1235.9726030506711
-0.00050000000000000044,-0.017500000000000002,2117.780964378459,1270.6685786270752
0,-0.017500000000000002,2137.6835001254367,1282.6101000752619
0.00050000000000000044,-0.017500000000000002,2117.7809641744511,1270.6685785046707
0.0010000000000000009,-0.017500000000000002,2059.9543379361817,1235.9726027617089
0.0015000000000000013,-0.017500000000000002,1969.529627400347,1181.7177764402081
0.0020000000000000018,-0.017500000000000002,1854.3948805610678,1112.6369283366407
0.0024999999999999988,-0.017500000000000002,1723.7378089077597,1034.2426853446557
0.0030000000000000027,-0.017500000000000002,1586.6636463239815,951.99818779438885
0.0034999999999999996,-0.017500000000000002,1450.9637263158127,870.57823578948762
0.0040000000000000036,-0.017500000000000002,1322.2543976745092,793.35263860470548
0.0045000000000000005,-0.017500000000000002,1203.6095544580617,722.16573267483693
0.0049999999999999975,-0.017500000000000002,1095.6948586072758,657.41691516436549
0.0055000000000000014,-0.017500000000000002,997.3067871138245,598.38407226829463
0.0059999999999999984,-0.017500000000000002,906.14859174540084,543.68915504724043
0.0064999999999999988,-0.017500000000000002,819.65069001081451,491.79041400648867
0.0069999999999999993,-0.017500000000000002,735.66443919488415,441.39866351693047
0.0074999999999999997,-0.017500000000000002,652.91397581517992,391.74838548910793
0.0080000000000000002,-0.017500000000000002,571.16247979153877,342.69748787492324
0.0085000000000000006,-0.017500000000000002,491.11754876656022,294.67052925993613
0.0090000000000000011,-0.017500000000000002,414.15017075573371,248.49010245344022
0.0095000000000000015,-0.017500000000000002,341.92515724027521,205.15509434416512
0.010000000000000002,-0.017500000000000002,276.03787326900465,165.62272396140278
0.010500000000000002,-0.017500000000000002,217.72907993546735,130.6374479612804
0.011000000000000003,-0.017500000000000002,167.71651927961673,100.62991156777004
0.011500000000000003,-0.017500000000000002,126.14853499992381,75.689120999954284
0.012000000000000004,-0.017500000000000002,92.659147321313199,55.595488392787921
0.012499999999999997,-0.017500000000000002,66.489459688479883,39.893675813087931
0.013000000000000005,-0.017500000000000002,46.637188916082223,27.982313349649335
0.013499999999999998,-0.017500000000000002,32.001839371169474,19.201103622701684
0.014000000000000005,-0.017500000000000002,21.503642366197933,12.90218541971876
0.014499999999999999,-0.017500000000000002,14.165989553915827,8.4995937323494957
0.014999999999999999,-0.017500000000000002,9.1608588296100688,5.4965152977660408
0.0155,-0.017500000000000002,5.8232085288289168,3.49392511729735
0.016000000000000007,-0.017500000000000002,3.643316353306667,2.1859898119840002
0.016500000000000001,-0.017500000000000002,2.2462379462556985,1.3477427677534191
0.017000000000000001,-0.017500000000000002,1.3660037172223491,0.81960223033340951
0.017500000000000002,-0.017500000000000002,0.81988339956539658,0.49193003973923793
0.017999999999999995,-0.017500000000000002,0.48578802999457699,0.29147281799674618
0.018500000000000003,-0.017500000000000002,0.28407880290497584,0.17044728174298548
0.019000000000000003,-0.017500000000000002,0.16385277887767624,0.098311667326605748
0.019500000000000003,-0.017500000000000002,0.093125763697611844,0.055875458218567105
0.019999999999999997,-0.017500000000000002,0.052090618970727705,0.03125437138243662
0.020499999999999997,-0.017500000000000002,0.028637566596344109,0.017182539957806466
0.021000000000000005,-0.017500000000000002,0.015452421107853486,0.0092714526647120904
0.021500000000000005,-0.017500000000000002,0.0081725189518576258,0.004903511371114575
0.021999999999999999,-0.017500000000000002,0.0042312823284910636,0.0025387693970946382
0.022499999999999999,-0.017500000000000002,0.0021421961480629155,0.0012853176888377492
0.023000000000000007,-0.017500000000000002,0.0010594852150746855,0.00063569112904481126
0.023500000000000007,-0.017500000000000002,0.00051146860293259692,0.00030688116175955812
0.024,-0.017500000000000002,0.00024084086487453013,0.00014450451892471808
0.024500000000000001,-0.017500000000000002,0.00011055537000443344,6.633322200266006e-05
0.025000000000000001,-0.017500000000000002,4.9449853482639096e-05,2.9669912089583456e-05
-0.025000000000000001,-0.017000000000000001,9.1976549842245317e-05,5.518592990534719e-05
-0.024500000000000001,-0.017000000000000001,0.00020531322413159657,0.00012318793447895794
-0.024,-0.017000000000000001,0.00044640710045804527,0.00026784426027482713
-0.0235,-0.017000000000000001,0.00094576568950556212,0.0005674594137033373
-0.023,-0.017000000000000001,0.0019533361836932346,0.0011720017102159407
-0.022500000000000003,-0.017000000000000001,0.0039351367117998861,0.0023610820270799316
-0.022000000000000002,-0.017000000000000001,0.0077380783441696882,0.0046428470065018124
-0.021500000000000002,-0.017000000000000001,0.014864720048812433,0.0089188320292874594
-0.021000000000000001,-0.017000000000000001,0.027922432616487889,0.016753459569892732
-0.020500000000000001,-0.017000000000000001,0.051346174882131237,0.030807704929278742
-0.02,-0.017000000000000001,0.092547258837499383,0.055528355302499631
-0.0195,-0.017000000000000001,0.16372106158861682,0.098232636953170097
-0.019,-0.017000000000000001,0.28466515817221444,0.17079909490332865
-0.018500000000000003,-0.017000000000000001,0.48712431748343787,0.29227459049006271
-0.018000000000000002,-0.017000000000000001,0.82138889555469496,0.49283333733281698
-0.017500000000000002,-0.017000000000000001,1.3661040387280021,0.81966242323680127
-0.017000000000000001,-0.017000000000000001,2.2424339147470209,1.3454603488482124
-0.016500000000000001,-0.017000000000000001,3.6337455616360756,2.1802473369816453
-0.016,-0.017000000000000001,5.8116447772625239,3.4869868663575141
-0.0155,-0.017000000000000001,9.1682814430041528,5.5009688658024913
-0.015000000000000001,-0.017000000000000001,14.253130315465365,8.5518781892792184
-0.014500000000000001,-0.017000000000000001,21.809859626426778,13.085915775856067
-0.014,-0.017000000000000001,32.805613835404138,19.683368301242481
-0.0135,-0.017000000000000001,48.441669611570404,29.065001766942242
-0.012999999999999999,-0.017000000000000001,70.132075675000664,42.0792454050004
-0.012500000000000001,-0.017000000000000001,99.43704783839064,59.66222870303438
-0.012,-0.017000000000000001,137.94210396630831,82.765262379784986
-0.0115,-0.017000000000000001,187.08320766099655,112.24992459659792
-0.010999999999999999,-0.017000000000000001,247.93232650987156,148.75939590592293
-0.010499999999999999,-0.017000000000000001,320.97474079207535,192.58484447524521
-0.010000000000000002,-0.017000000000000001,405.9250749812241,243.55504498873444
-0.0095000000000000015,-0.017000000000000001,501.63778150439794,300.98266890263875
-0.0090000000000000011,-0.017000000000000001,606.16395543221529,363.69837325932917
-0.0085000000000000006,-0.017000000000000001,716.98602436493979,430.19161461896385
-0.0080000000000000002,-0.017000000000000001,831.42511787680212,498.85507072608124
-0.0074999999999999997,-0.017000000000000001,947.16823531562386,568.30094118937427
-0.0069999999999999993,-0.017000000000000001,1062.8145187247283,637.68871123483689
-0.0064999999999999988,-0.017000000000000001,1178.306250225949,706.98375013556938
-0.0059999999999999984,-0.017000000000000001,1295.1046230637021,777.06277383822123
-0.0054999999999999979,-0.017000000000000001,1416.0020046042393,849.60120276254361
-0.005000000000000001,-0.017000000000000001,1544.5314202547788,926.71885215286727
-0.0044999999999999971,-0.017000000000000001,1684.0292725122267,1010.417563507336
-0.0040000000000000001,-0.017000000000000001,1836.5076414217524,1101.9045848530513
-0.0035000000000000031,-0.017000000000000001,2001.5709702197876,1200.9425821318725
-0.0029999999999999992,-0.017000000000000001,2175.6430156047941,1305.3858093628764
-0.0025000000000000022,-0.017000000000000001,2351.7374441664451,1411.042466499867
-0.0019999999999999983,-0.017000000000000001,2519.9087845480167,1511.9452707288099
-0.0015000000000000013,-0.017000000000000001,2668.3769769773426,1601.0261861864055
-0.00099999999999999742,-0.017000000000000001,2785.1610386411016,1671.096623184661
-0.00050000000000000044,-0.017000000000000001,2859.9252942763487,1715.9551765658091
0,-0.017000000000000001,2885.6716163539304,1731.4029698123582
0.00050000000000000044,-0.017000000000000001,2859.9252937444307,1715.9551762466583
0.0010000000000000009,-0.017000000000000001,2785.1610373853964,1671.0966224312378
0.0015000000000000013,-0.017000000000000001,2668.3769745701793,1601.0261847421075
0.0020000000000000018,-0.017000000000000001,2519.9087802354256,1511.9452681412554
0.0024999999999999988,-0.017000000000000001,2351.7374367271864,1411.0424620363117
0.0030000000000000027,-0.017000000000000001,2175.6430031563159,1305.3858018937894
0.0034999999999999996,-0.017000000000000001,2001.5709499738052,1200.9425699842832
0.0040000000000000036,-0.017000000000000001,1836.5076094019385,1101.9045656411631
0.0045000000000000005,-0.017000000000000001,1684.0292232613299,1010.4175339567979
0.0049999999999999975,-0.017000000000000001,1544.531346576367,926.71880794582012
0.0055000000000000014,-0.017000000000000001,1416.001897402652,849.60113844159116
0.0059999999999999984,-0.017000000000000001,1295.1044713593485,777.06268281560904
0.0064999999999999988,-0.017000000000000001,1178.306041425687,706.98362485541213
0.0069999999999999993,-0.017000000000000001,1062.8142392128477,637.68854352770859
0.0074999999999999997,-0.017000000000000001,947.16787139575899,568.3007228374554
0.0080000000000000002,-0.017000000000000001,831.42465703961682,498.85479422377006
0.0085000000000000006,-0.017000000000000001,716.98545678696655,430.19127407217991
0.0090000000000000011,-0.017000000000000001,606.16327554039776,363.69796532423862
0.0095000000000000015,-0.017000000000000001,501.63698938552602,300.98219363131562
0.010000000000000002,-0.017000000000000001,405.9241773929499,243.55450643576992
0.010500000000000002,-0.017000000000000001,320.97375155531756,192.58425093319053
0.011000000000000003,-0.017000000000000001,247.93126613461666,148.75875968077
0.011500000000000003,-0.017000000000000001,187.08210217005637,112.24926130203382
0.012000000000000004,-0.017000000000000001,137.94098301420681,82.764589808524079
0.012499999999999997,-0.017000000000000001,99.435942347451061,59.661565408470636
0.013000000000000005,-0.017000000000000001,70.131015299746068,42.078609179847639
0.013499999999999998,-0.017000000000000001,48.440680374813276,29.064408224887963
0.014000000000000005,-0.017000000000000001,32.804716247129747,19.682829748277847
0.014499999999999999,-0.017000000000000001,21.809067507554985,13.085440504532992
0.014999999999999999,-0.017000000000000001,14.252450423647982,8.5514702541887893
0.0155,-0.017000000000000001,9.1677138650308017,5.5006283190184808
0.016000000000000007,-0.017000000000000001,5.8111839400766412,3.4867103640459844
0.016500000000000001,-0.017000000000000001,3.6333816417706521,2.1800289850623913
0.017000000000000001,-0.017000000000000001,2.2421544028646681,1.3452926417188007
0.017500000000000002,-0.017000000000000001,1.3658952384603418,0.81953714307620507
0.017999999999999995,-0.017000000000000001,0.8212371911845997,0.4927423147107598
0.018500000000000003,-0.017000000000000001,0.48701711585156271,0.29221026951093759
0.019000000000000003,-0.017000000000000001,0.28459147963995651,0.17075488778397391
0.019500000000000003,-0.017000000000000001,0.16367181039055334,0.098203086234332007
0.019999999999999997,-0.017000000000000001,0.0925152382793753,0.055509142967625179
0.020499999999999997,-0.017000000000000001,0.051325927109285636,0.030795556265571379
0.021000000000000005,-0.017000000000000001,0.027909979963476689,0.016745987978086012
0.021500000000000005,-0.017000000000000001,0.014857271309452883,0.0089143627856717294
0.021999999999999999,-0.017000000000000001,0.0077337448328665221,0.0046402468997199129
0.022499999999999999,-0.017000000000000001,0.0039326846390347605,0.0023596107834208562
0.023000000000000007,-0.017000000000000001,0.0019519867143025279,0.0011711920285815166
0.023500000000000007,-0.017000000000000001,0.0009450433705917525,0.0005670260223550515
0.024,-0.017000000000000001,0.0004460310629204449,0.00026761863775226692
0.024500000000000001,-0.017000000000000001,0.00020512282293311132,0.00012307369375986679
0.025000000000000001,-0.017000000000000001,9.1882784051661024e-05,5.5129670430996614e-05
-0.025000000000000001,-0.016500000000000001,0.00016648047928586595,9.9888287571519565e-05
-0.024500000000000001,-0.016500000000000001,0.00037118011363348737,0.00022270806818009241
-0.024,-0.016500000000000001,0.00080584171983577504,0.00048350503190146499
-0.0235,-0.016500000000000001,0.0017040801538074155,0.0010224480922844492
-0.023,-0.016500000000000001,0.0035113115279047378,0.0021067869167428425
-0.022500000000000003,-0.016500000000000001,0.0070532682395356297,0.0042319609437213778
-0.022000000000000002,-0.016500000000000001,0.013819791372888119,0.0082918748237328713
-0.021500000000000002,-0.016500000000000001,0.026430395196027599,0.01585823711761656
-0.021000000000000001,-0.016500000000000001,0.049380642167940185,0.029628385300764108
-0.020500000000000001,-0.016500000000000001,0.090215945855446122,0.054129567513267675
-0.02,-0.016500000000000001,0.16134994842661449,0.096809969055968684
-0.0195,-0.016500000000000001,0.28284966854652532,0.1697098011279152
-0.019,-0.016500000000000001,0.48666361401615721,0.29199816840969434
-0.018500000000000003,-0.016500000000000001,0.82298494405804679,0.49379096643482806
-0.018000000000000002,-0.016500000000000001,1.369720587846879,0.82183235270812738
-0.017500000000000002,-0.016500000000000001,2.2463497687952332,1.3478098612771399
-0.017000000000000001,-0.016500000000000001,3.6337168680971468,2.1802301208582882
-0.016500000000000001,-0.016500000000000001,5.8013479144923901,3.4808087486954338
-0.016,-0.016500000000000001,9.1434481719021949,5.4860689031413168
-0.0155,-0.016500000000000001,14.223502513727331,8.5341015082363985
-0.015000000000000001,-0.016500000000000001,21.825047562890383,13.09502853773423
-0.014500000000000001,-0.016500000000000001,33.002572677060577,19.801543606236347
-0.014,-0.016500000000000001,49.121877341078502,29.4731264046471
-0.0135,-0.016500000000000001,71.874402868034281,43.12464172082057
-0.012999999999999999,-0.016500000000000001,103.2466061462449,61.947963687746935
-0.012500000000000001,-0.016500000000000001,145.42546480383302,87.255278882299805
-0.012,-0.016500000000000001,200.62691173953118,120.3761470437187
-0.0115,-0.016500000000000001,270.84689247902099,162.5081354874126
-0.010999999999999999,-0.016500000000000001,357.55459384703863,214.53275630822318
-0.010499999999999999,-0.016500000000000001,461.37138038596646,276.82282823157988
-0.010000000000000002,-0.016500000000000001,581.80139087718408,349.08083452631041
-0.0095000000000000015,-0.016500000000000001,717.09273605306112,430.25564163183668
-0.0090000000000000011,-0.016500000000000001,864.30369566499462,518.5822173989967
-0.0085000000000000006,-0.016500000000000001,1019.6206910032522,611.77241460195125
-0.0080000000000000002,-0.016500000000000001,1178.9240719458026,707.35444316748146
-0.0074999999999999997,-0.016500000000000001,1338.5313867949005,803.11883207694029
-0.0069999999999999993,-0.016500000000000001,1495.9807639999012,897.58845839994069
-0.0064999999999999988,-0.016500000000000001,1650.6690813914631,990.40144883487778
-0.0059999999999999984,-0.016500000000000001,1804.1501350454232,1082.4900810272538
-0.0054999999999999979,-0.016500000000000001,1959.9397151998703,1175.9638291199221
-0.005000000000000001,-0.016500000000000001,2122.7675892264674,1273.6605535358804
-0.0044999999999999971,-0.016500000000000001,2297.3458003783917,1378.407480227035
-0.0040000000000000001,-0.016500000000000001,2486.8594890224276,1492.1156934134565
-0.0035000000000000031,-0.016500000000000001,2691.4940415525748,1614.8964249315447
-0.0029999999999999992,-0.016500000000000001,2907.356227839784,1744.4137367038704
-0.0025000000000000022,-0.016500000000000001,3126.1052755356936,1875.663165321416
-0.0019999999999999983,-0.016500000000000001,3335.4818044661315,2001.2890826796788
-0.0015000000000000013,-0.016500000000000001,3520.731599032109,2112.4389594192653
-0.00099999999999999742,-0.016500000000000001,3666.7109322551464,2200.0265593530876
-0.00050000000000000044,-0.016500000000000001,3760.2838636398446,2256.1703181839066
0,-0.016500000000000001,3792.5280879410711,2275.5168527646424
0.00050000000000000044,-0.016500000000000001,3760.2838622909449,2256.1703173745668
0.0010000000000000009,-0.016500000000000001,3666.7109290707835,2200.0265574424702
0.0015000000000000013,-0.016500000000000001,3520.7315929277443,2112.4389557566465
0.0020000000000000018,-0.016500000000000001,3335.4817935297579,2001.2890761178546
0.0024999999999999988,-0.016500000000000001,3126.1052566703438,1875.6631540022063
0.0030000000000000027,-0.016500000000000001,2907.3561962714725,1744.4137177628834
0.0034999999999999996,-0.016500000000000001,2691.4939902104311,1614.8963941262587
0.0040000000000000036,-0.016500000000000001,2486.8594078228193,1492.1156446936916
0.0045000000000000005,-0.016500000000000001,2297.3456754821759,1378.4074052893054
0.0049999999999999975,-0.016500000000000001,2122.7674023840818,1273.6604414304491
0.0055000000000000014,-0.016500000000000001,1959.9394433454768,1175.9636660072861
0.0059999999999999984,-0.016500000000000001,1804.14975033568,1082.489850201408
0.0064999999999999988,-0.016500000000000001,1650.6685518911991,990.40113113471944
0.0069999999999999993,-0.016500000000000001,1495.9800551807971,897.58803310847827
0.0074999999999999997,-0.016500000000000001,1338.5304639240999,803.1182783544599
0.0080000000000000002,-0.016500000000000001,1178.9229033006595,707.35374198039574
0.0085000000000000006,-0.016500000000000001,1019.6192516722635,611.77155100335813
0.0090000000000000011,-0.016500000000000001,864.3019715153489,518.58118290920936
0.0095000000000000015,-0.016500000000000001,717.09072730484934,430.2544363829096
0.010000000000000002,-0.016500000000000001,581.79911466725559,349.07946880035337
0.010500000000000002,-0.016500000000000001,461.36887176303333,276.82132305782
0.011000000000000003,-0.016500000000000001,357.55190482273673,214.53114289364203
0.011500000000000003,-0.016500000000000001,270.84408904505733,162.50645342703439
0.012000000000000004,-0.016500000000000001,200.62406909733576,120.37444145840145
0.012499999999999997,-0.016500000000000001,145.42266136987016,87.253596821922088
0.013000000000000005,-0.016500000000000001,103.24391712194331,61.946350273165983
0.013499999999999998,-0.016500000000000001,71.871894245102084,43.12313654706125
0.014000000000000005,-0.016500000000000001,49.119601131149629,29.471760678689776
0.014499999999999999,-0.016500000000000001,33.000563928848933,19.800338357309361
0.014999999999999999,-0.016500000000000001,21.82332341324452,13.093994047946712
0.0155,-0.016500000000000001,14.222063182738593,8.5332379096431552
0.016000000000000007,-0.016500000000000001,9.1422795267582337,5.4853677160549399
0.016500000000000001,-0.016500000000000001,5.8004250436899518,3.4802550262139711
0.017000000000000001,-0.016500000000000001,3.6330080489870502,2.1798048293922299
0.017500000000000002,-0.016500000000000001,2.2458202685154314,1.3474921611092587
0.017999999999999995,-0.016500000000000001,1.36933587806028,0.82160152683616794
0.018500000000000003,-0.016500000000000001,0.82271308954986522,0.49362785372991913
0.019000000000000003,-0.016500000000000001,0.48647677132729067,0.29188606279637441
0.019500000000000003,-0.016500000000000001,0.28272477156508447,0.16963486293905067
0.019999999999999997,-0.016500000000000001,0.16126874692876136,0.096761248157256813
0.020499999999999997,-0.016500000000000001,0.090164599171329282,0.054098759502797571
0.021000000000000005,-0.016500000000000001,0.049349063265635401,0.02960943795938124
0.021500000000000005,-0.016500000000000001,0.026411505806568397,0.015846903483941039
0.021999999999999999,-0.016500000000000001,0.013808801945176918,0.0082852811671061503
0.022499999999999999,-0.016500000000000001,0.0070470499849817564,0.0042282299909890539
0.023000000000000007,-0.016500000000000001,0.0035078893846864365,0.0021047336308118616
0.023500000000000007,-0.016500000000000001,0.0017022484125397896,0.0010213490475238737
0.024,-0.016500000000000001,0.00080488811961482577,0.00048293287176889545
0.024500000000000001,-0.016500000000000001,0.00037069727187757592,0.00022241836312654554
0.025000000000000001,-0.016500000000000001,0.00016624269696448166,9.9745618178688998e-05
-0.025000000000000001,-0.016,0.00029339574810383323,0.00017603744886229993
-0.024500000000000001,-0.016,0.0006535160033172069,0.00039210960199032415
-0.024,-0.016,0.0014170938307242961,0.00085025629843457769
-0.0235,-0.016,0.002992167232351752,0.001795300339411051
-0.023,-0.016,0.0061538859295605383,0.0036923315577363229
-0.022500000000000003,-0.016,0.012332556014804175,0.007399533608882505
-0.022000000000000002,-0.016,0.024093470655002044,0.014456082393001226
-0.021500000000000002,-0.016,0.045913090760499216,0.02754785445629953
-0.021000000000000001,-0.016,0.085401515525385913,0.051240909315231543
-0.020500000000000001,-0.016,0.15518377312861537,0.093110263877169211
-0.02,-0.016,0.27574098073889353,0.16544458844333612
-0.0195,-0.016,0.47964079048041425,0.28778447428824855
-0.019,-0.016,0.81777375467160485,0.49066425280296289
-0.018500000000000003,-0.016,1.3684776834084074,0.82108661004504435
-0.018000000000000002,-0.016,2.2507823665499482,1.3504694199299689
-0.017500000000000002,-0.016,3.6434113926694254,2.1860468356016551
-0.017000000000000001,-0.016,5.8115322565312058,3.4869193539187235
-0.016500000000000001,-0.016,9.1433350570639842,5.4860010342383907
-0.016,-0.016,14.197995877685386,8.5187975266112321
-0.0155,-0.016,21.764990160820929,13.058994096492556
-0.015000000000000001,-0.016,32.931615453029679,19.758969271817808
-0.014500000000000001,-0.016,49.150730957373057,29.490438574423834
-0.014,-0.016,72.294408326630275,43.376644995978161
-0.0135,-0.016,104.67251840731367,62.803511044388202
-0.012999999999999999,-0.016,148.99033922017011,89.394203532102068
-0.012500000000000001,-0.016,208.21897053705965,124.93138232223578
-0.012,-0.016,285.35977692238669,171.21586615343202
-0.0115,-0.016,383.10141382793654,229.86084829676193
-0.010999999999999999,-0.016,503.39503676137684,302.03702205682612
-0.010499999999999999,-0.016,647.00630015056254,388.20378009033749
-0.010000000000000002,-0.016,813.13398548892803,487.88039129335681
-0.0095000000000000015,-0.016,999.20381124603966,599.52228674762375
-0.0090000000000000011,-0.016,1200.9410030219649,720.56460181317891
-0.0085000000000000006,-0.016,1412.7887971913867,847.67327831483203
-0.0080000000000000002,-0.016,1628.6719444984249,977.20316669905492
-0.0074999999999999997,-0.016,1843.0144259865642,1105.8086555919385
-0.0069999999999999993,-0.016,2051.8291334944661,1231.0974800966796
-0.0064999999999999988,-0.016,2253.6308634189313,1352.1785180513587
-0.0059999999999999984,-0.016,2449.9088429533144,1469.9453057719886
-0.0054999999999999979,-0.016,2644.9483097229445,1586.9689858337667
-0.005000000000000001,-0.016,2844.9128734983879,1706.9477240990327
-0.0044999999999999971,-0.016,3056.2705057532394,1833.7623034519436
-0.0040000000000000001,-0.016,3283.8276442588558,1970.2965865553133
-0.0035000000000000031,-0.016,3528.7796275953733,2117.2677765572239
-0.0029999999999999992,-0.016,3787.2459131490723,2272.3475478894434
-0.0025000000000000022,-0.016,4049.7066147479077,2429.8239688487447
-0.0019999999999999983,-0.016,4301.5919186373194,2580.9551511823915
-0.0015000000000000013,-0.016,4525.0285563312418,2715.0171337987449
-0.00099999999999999742,-0.016,4701.4746168814145,2820.8847701288487
-0.00050000000000000044,-0.016,4814.7448598324218,2888.8469158994531
0,-0.016,4853.8061761675854,2912.2837057005513
0.00050000000000000044,-0.016,4814.7448565054347,2888.8469139032609
0.0010000000000000009,-0.016,4701.4746090273611,2820.8847654164165
0.0015000000000000013,-0.016,4525.0285412751646,2715.0171247650987
0.0020000000000000018,-0.016,4301.59189166336,2580.9551349980161
0.0024999999999999988,-0.016,4049.7065682175617,2429.823940930537
0.0030000000000000027,-0.016,3787.2458352875756,2272.3475011725454
0.0034999999999999996,-0.016,3528.7795009628089,2117.2677005776854
0.0040000000000000036,-0.016,3283.8274439845063,1970.2964663907037
0.0045000000000000005,-0.016,3056.270197703614,1833.7621186221684
0.0049999999999999975,-0.016,2844.912412661949,1706.9474475971695
0.0055000000000000014,-0.016,2644.9476392090805,1586.9685835254484
0.0059999999999999984,-0.016,2449.9078940879535,1469.9447364527721
0.0064999999999999988,-0.016,2253.6295574357373,1352.1777344614422
0.0069999999999999993,-0.016,2051.8273852312432,1231.0964311387459
0.0074999999999999997,-0.016,1843.0121497766404,1105.8072898659841
0.0080000000000000002,-0.016,1628.6690620996417,977.20143725978494
0.0085000000000000006,-0.016,1412.7852471608969,847.67114829653815
0.0090000000000000011,-0.016,1200.9367505019677,720.56205030118065
0.0095000000000000015,-0.016,999.19885677937771,599.51931406762662
0.010000000000000002,-0.016,813.12837134269421,487.87702280561649
0.010500000000000002,-0.016,647.00011277047463,388.20006766228477
0.011000000000000003,-0.016,503.38840443126378,302.03304265875823
0.011500000000000003,-0.016,383.09449931270279,229.85669958762168
0.012000000000000004,-0.016,285.35276570221185,171.21165942132711
0.012499999999999997,-0.016,208.21205602182755,124.92723361309652
0.013000000000000005,-0.016,148.98370689005728,89.390224134034369
0.013499999999999998,-0.016,104.6663310272268,62.799798616336076
0.014000000000000005,-0.016,72.288794180396522,43.373276508237915
0.014499999999999999,-0.016,49.145776490711427,29.487465894426855
0.014999999999999999,-0.016,32.927362933032164,19.756417759819296
0.0155,-0.016,21.761440130330655,13.056864078198393
0.016000000000000007,-0.016,14.195113478900293,8.5170680873401761
0.016500000000000001,-0.016,9.1410588471352945,5.4846353082811765
0.017000000000000001,-0.016,5.8097839932945776,3.4858703959767463
0.017500000000000002,-0.016,3.6421054094365148,2.185263245661909
0.017999999999999995,-0.016,2.2498335010818709,1.3499001006491225
0.018500000000000003,-0.016,1.3678071692594629,0.82068430155567773
0.019000000000000003,-0.016,0.81731291748575485,0.49038775049145289
0.019500000000000003,-0.016,0.47933273896500439,0.28759964337900262
0.019999999999999997,-0.016,0.27554070172351097,0.16532442103410658
0.020499999999999997,-0.016,0.15505712936452229,0.093034277618713371
0.021000000000000005,-0.016,0.085323627904742738,0.05119417674284564
0.021500000000000005,-0.016,0.045866501123336331,0.027519900674001799
0.021999999999999999,-0.016,0.024066365837728816,0.014439819502637289
0.022499999999999999,-0.016,0.012317219032945801,0.0073903314197674803
0.023000000000000007,-0.016,0.0061454454020779545,0.0036872672412467727
0.023500000000000007,-0.016,0.0029876493435539667,0.00179258960613238
0.024,-0.016,0.0014147418283798844,0.00084884509702793059
0.024500000000000001,-0.016,0.00065232510075979356,0.00039139506045587615
0.025000000000000001,-0.016,0.00029280927112420479,0.00017568556267452286
-0.025000000000000001,-0.0155,0.00050337594337181992,0.00030202556602309193
-0.024500000000000001,-0.0155,0.001120344162355165,0.00067220649741309894
-0.024,-0.0155,0.0024269954987681912,0.0014561972992609147
-0.0235,-0.0155,0.0051183284786369982,0.0030709970871821987
-0.023,-0.0155,0.010510751250271283,0.0063064507501627695
-0.022500000000000003,-0.0155,0.021024084506957249,0.012614450704174348
-0.022000000000000002,-0.0155,0.040977153835463777,0.024586292301278265
-0.021500000000000002,-0.0155,0.077859261597490834,0.046715556958494497
-0.021000000000000001,-0.0155,0.14430147365220145,0.086580884191320859
-0.020500000000000001,-0.0155,0.26105028789109702,0.15663017273465821
-0.02,-0.0155,0.46134974701232262,0.27680984820739357
-0.0195,-0.0155,0.79728155832939862,0.47836893499763916
-0.019,-0.0155,1.3488202009718615,0.80929212058311684
-0.018500000000000003,-0.0155,2.2366599377437271,1.3419959626462361
-0.018000000000000002,-0.0155,3.6402810010451527,2.1841686006270917
-0.017500000000000002,-0.0155,5.8232181449103919,3.4939308869462349
-0.017000000000000001,-0.0155,9.1679594112484804,5.500775646749088
-0.016500000000000001,-0.0155,14.223071304195276,8.5338427825171657
-0.016,-0.0155,21.764568700444748,13.058741220266848
-0.0155,-0.0155,32.871615000057197,19.722969000034318
-0.015000000000000001,-0.0155,49.012720843318974,29.407632505991383
-0.014500000000000001,-0.0155,72.13234051737173,43.27940431042304
-0.014,-0.0155,104.71944452308811,62.831666713852869
-0.0135,-0.0155,149.83066939034384,89.898401634206309
-0.012999999999999999,-0.0155,211.03374771889656,126.62024863133793
-0.012500000000000001,-0.0155,292.23599490114424,175.34159694068654
-0.012,-0.0155,397.37189388225914,238.42313632935549
-0.0115,-0.0155,529.94631836344513,317.96779101806709
-0.010999999999999999,-0.0155,692.46562876231133,415.47937725738677
-0.010499999999999999,-0.0155,885.8329601295635,531.49977607773803
-0.010000000000000002,-0.0155,1108.8263199594733,665.29579197568398
-0.0095000000000000015,-0.0155,1357.8043276024348,814.68259656146085
-0.0090000000000000011,-0.0155,1626.7795685710983,976.06774114265886
-0.0085000000000000006,-0.0155,1907.9530562228822,1144.7718337337292
-0.0080000000000000002,-0.0155,2192.7144947313345,1315.6286968388006
-0.0074999999999999997,-0.0155,2472.9947677355326,1483.7968606413194
-0.0069999999999999993,-0.0155,2742.7356990352969,1645.6414194211782
-0.0064999999999999988,-0.0155,2999.1526800048532,1799.4916080029118
-0.0059999999999999984,-0.0155,3243.4427438173871,1946.0656462904321
-0.0054999999999999979,-0.0155,3480.6567505793264,2088.3940503475956
-0.005000000000000001,-0.0155,3718.6103944202118,2231.1662366521268
-0.0044999999999999971,-0.0155,3965.9289684917294,2379.5573810950377
-0.0040000000000000001,-0.0155,4229.5556409046985,2537.7333845428188
-0.0035000000000000031,-0.0155,4512.2399538781037,2707.3439723268621
-0.0029999999999999992,-0.0155,4810.6037855121112,2886.3622713072668
-0.0025000000000000022,-0.0155,5114.3194177587829,3068.5916506552699
-0.0019999999999999983,-0.0155,5406.7275515077527,3244.0365309046515
-0.0015000000000000013,-0.0155,5666.9112071133568,3400.1467242680142
-0.00099999999999999742,-0.0155,5872.8967025176207,3523.7380215105723
-0.00050000000000000044,-0.0155,6005.3630193677727,3603.2178116206637
0,-0.0155,6051.0851358138216,3630.6510814882927
0.00050000000000000044,-0.0155,6005.3630113867475,3603.2178068320486
0.0010000000000000009,-0.0155,5872.8966836767304,3523.7380102060383
0.0015000000000000013,-0.0155,5666.9111709957069,3400.1467025974239
0.0020000000000000018,-0.0155,5406.7274868005916,3244.0364920803549
0.0024999999999999988,-0.0155,5114.3193061382881,3068.5915836829727
0.0030000000000000027,-0.0155,4810.6035987320975,2886.3621592392583
0.0034999999999999996,-0.0155,4512.2396501023713,2707.3437900614226
0.0040000000000000036,-0.0155,4229.555160471511,2537.7330962829064
0.0045000000000000005,-0.0155,3965.9282295190974,2379.5569377114584
0.0049999999999999975,-0.0155,3718.6092889310639,2231.1655733586381
0.0055000000000000014,-0.0155,3480.6551421001855,2088.3930852601111
0.0059999999999999984,-0.0155,3243.4404676077143,1946.0642805646285
0.0064999999999999988,-0.0155,2999.1495471140352,1799.489728268421
0.0069999999999999993,-0.0155,2742.7315051698438,1645.6389031019062
0.0074999999999999997,-0.0155,2472.9893073917824,1483.7935844350693
0.0080000000000000002,-0.0155,2192.7075802161053,1315.624548129663
0.0085000000000000006,-0.0155,1907.9445401424475,1144.7667240854685
0.0090000000000000011,-0.0155,1626.7693673059384,976.06162038356297
0.0095000000000000015,-0.0155,1357.792442454765,814.67546547285895
0.010000000000000002,-0.0155,1108.8128523227772,665.28771139366631
0.010500000000000002,-0.0155,885.81811737633723,531.49087042580231
0.011000000000000003,-0.0155,692.44971862946204,415.46983117767724
0.011500000000000003,-0.0155,529.92973130368227,317.95783878220936
0.012000000000000004,-0.0155,397.35507483940199,238.41304490364118
0.012499999999999997,-0.0155,292.2194078413832,175.33164470482993
0.013000000000000005,-0.0155,211.01783758604819,126.6107025516289
0.013499999999999998,-0.0155,149.81582663711896,89.88949598227137
0.014000000000000005,-0.0155,104.70597688639154,62.823586131834922
0.014499999999999999,-0.0155,72.120455369702299,43.272273221821379
0.014999999999999999,-0.0155,49.002519578159742,29.401511746895842
0.0155,-0.0155,32.863098919621208,19.717859351772724
0.016000000000000007,-0.0155,21.757654185211894,13.054592511127137
0.016500000000000001,-0.0155,14.217610960433429,8.5305665762600569
0.017000000000000001,-0.0155,9.1637655457627822,5.498259327457669
0.017500000000000002,-0.0155,5.8200852539986219,3.4920511523991729
0.017999999999999995,-0.0155,3.6380047911164639,2.1828028746698784
0.018500000000000003,-0.0155,2.2350514579175624,1.3410308747505375
0.019000000000000003,-0.0155,1.3477147100321816,0.80862882601930897
0.019500000000000003,-0.0155,0.79654258115981358,0.4779255486958881
0.019999999999999997,-0.0155,0.4608693026304202,0.27652158157825213
0.020499999999999997,-0.0155,0.26074648529427846,0.15644789117656707
0.021000000000000005,-0.0155,0.14411463096333452,0.086468778578000713
0.021500000000000005,-0.0155,0.077747498867945852,0.046648499320767513
0.021999999999999999,-0.0155,0.040912132758959358,0.024547279655375613
0.022499999999999999,-0.0155,0.020987293000093051,0.01259237580005583
0.023000000000000007,-0.0155,0.010490503477425249,0.0062943020864551493
0.023500000000000007,-0.0155,0.005107490626819115,0.0030644943760914688
0.024,-0.0155,0.0024213533384528289,0.0014528120030716974
0.024500000000000001,-0.0155,0.0011174873356326585,0.00067049240137959511
0.025000000000000001,-0.0155,0.00050196905823490876,0.00030118143494094527
-0.025000000000000001,-0.015000000000000001,0.00084071991715574715,0.00050443195029344827
-0.024500000000000001,-0.015000000000000001,0.0018699149079438101,0.001121948944766286
-0.024,-0.015000000000000001,0.0040475084214504266,0.002428505052870256
-0.0235,-0.015000000000000001,0.0085273595296646403,0.005116415717798784
-0.023,-0.015000000000000001,0.017489815263153352,0.010493889157892011
-0.022500000000000003,-0.015000000000000001,0.034930456817360067,0.020958274090416038
-0.022000000000000002,-0.015000000000000001,0.067952093459828194,0.040771256075896913
-0.021500000000000002,-0.015000000000000001,0.1288084716072018,0.077285082964321072
-0.021000000000000001,-0.015000000000000001,0.23802979845903616,0.14281787907542168
-0.020500000000000001,-0.015000000000000001,0.42905369794544351,0.25743221876726607
-0.02,-0.015000000000000001,0.75489449218254279,0.45293669530952563
-0.0195,-0.015000000000000001,1.2975225451013876,0.77851352706083254
-0.019,-0.015000000000000001,2.1808223474339927,1.3084934084603956
-0.018500000000000003,-0.015000000000000001,3.5882947461167998,2.1529768476700797
-0.018000000000000002,-0.015000000000000001,5.7871036795625708,3.4722622077375425
-0.017500000000000002,-0.015000000000000001,9.1606362959380885,5.4963817775628527
-0.017000000000000001,-0.015000000000000001,14.252333217376043,8.5513999304256245
-0.016500000000000001,-0.015000000000000001,21.823847978940027,13.094308787364016
-0.016,-0.015000000000000001,32.930053690545961,19.758032214327574
-0.0155,-0.015000000000000001,49.011236813842416,29.40674208830545
-0.015000000000000001,-0.015000000000000001,71.998137043391779,43.198882226035067
-0.014500000000000001,-0.015000000000000001,104.41773382301277,62.650640293807655
-0.014,-0.015000000000000001,149.47710106324158,89.68626063794494
-0.0135,-0.015000000000000001,211.09092727675633,126.6545563660538
-0.012999999999999999,-0.015000000000000001,293.80889044468489,176.28533426681093
-0.012500000000000001,-0.015000000000000001,402.59704249075537,241.55822549445321
-0.012,-0.015000000000000001,542.43830425331896,325.46298255199139
-0.0115,-0.015000000000000001,717.74529811733078,430.64717887039848
-0.010999999999999999,-0.015000000000000001,931.62432647781657,558.97459588668994
-0.010499999999999999,-0.015000000000000001,1185.0864264113761,711.05185584682567
-0.010000000000000002,-0.015000000000000001,1476.357112831844,885.81426769910638
-0.0095000000000000015,-0.015000000000000001,1800.4721653296756,1080.2832991978053
-0.0090000000000000011,-0.015000000000000001,2149.3430217016908,1289.6058130210145
-0.0085000000000000006,-0.015000000000000001,2512.41797825306,1507.4507869518359
-0.0080000000000000002,-0.015000000000000001,2877.9530561889273,1726.7718337133563
-0.0074999999999999997,-0.015000000000000001,3234.7551308094644,1940.8530784856785
-0.0069999999999999993,-0.015000000000000001,3574.1032738039394,2144.4619642823636
-0.0064999999999999988,-0.015000000000000001,3891.4370337871228,2334.8622202722736
-0.0059999999999999984,-0.015000000000000001,4187.3668317615393,2512.4200990569234
-0.0054999999999999979,-0.015000000000000001,4467.6409749936183,2680.5845849961711
-0.005000000000000001,-0.015000000000000001,4741.8974744448396,2845.1384846669039
-0.0044999999999999971,-0.015000000000000001,5021.3045774005295,3012.7827464403176
-0.0040000000000000001,-0.015000000000000001,5315.4893652833016,3189.293619169981
-0.0035000000000000031,-0.015000000000000001,5629.3905255228783,3377.6343153137268
-0.0029999999999999992,-0.015000000000000001,5960.7761661066279,3576.4656996639765
-0.0025000000000000022,-0.015000000000000001,6299.094544152189,3779.456726491313
-0.0019999999999999983,-0.015000000000000001,6626.0735280436684,3975.6441168262008
-0.0015000000000000013,-0.015000000000000001,6918.1020399578138,4150.8612239746881
-0.00099999999999999742,-0.015000000000000001,7150.0029530431257,4290.001771825875
-0.00050000000000000044,-0.015000000000000001,7299.4499983054529,4379.6699989832714
0,-0.015000000000000001,7351.0885405703621,4410.6531243422169
0.00050000000000000044,-0.015000000000000001,7299.4499796844675,4379.6699878106801
0.0010000000000000009,-0.015000000000000001,7150.0029090843773,4290.001745450626
0.0015000000000000013,-0.015000000000000001,6918.1019556896763,4150.8611734138058
0.0020000000000000018,-0.015000000000000001,6626.0733770717161,3975.6440262430297
0.0024999999999999988,-0.015000000000000001,6299.0942837240618,3779.4565702344371
0.0030000000000000027,-0.015000000000000001,5960.775730319564,3576.4654381917385
0.0034999999999999996,-0.015000000000000001,5629.3898167664493,3377.6338900598694
0.0040000000000000036,-0.015000000000000001,5315.4882443573251,3189.2929466143951
0.0045000000000000005,-0.015000000000000001,5021.3028532614744,3012.7817119568845
0.0049999999999999975,-0.015000000000000001,4741.8948951652592,2845.1369370991556
0.0055000000000000014,-0.015000000000000001,4467.6372221594929,2680.5823332956957
0.0059999999999999984,-0.015000000000000001,4187.3615210073485,2512.4169126044089
0.0064999999999999988,-0.015000000000000001,3891.4297242614452,2334.8578345568671
0.0069999999999999993,-0.015000000000000001,3574.0934888580268,2144.4560933148159
0.0074999999999999997,-0.015000000000000001,3234.742390971036,1940.8454345826215
0.0080000000000000002,-0.015000000000000001,2877.9369235403501,1726.7621541242099
0.0085000000000000006,-0.015000000000000001,2512.3981089016511,1507.4388653409906
0.0090000000000000011,-0.015000000000000001,2149.3192205499972,1289.5915323299982
0.0095000000000000015,-0.015000000000000001,1800.4444354159659,1080.2666612495796
0.010000000000000002,-0.015000000000000001,1476.3256907230204,885.7954144338122
0.010500000000000002,-0.015000000000000001,1185.0517959400006,711.03107756400038
0.011000000000000003,-0.015000000000000001,931.58720564236125,558.95232338541678
0.011500000000000003,-0.015000000000000001,717.70659790520915,430.62395874312546
0.012000000000000004,-0.015000000000000001,542.39906278825151,325.43943767295087
0.012499999999999997,-0.015000000000000001,402.55834227863636,241.53500536718181
0.013000000000000005,-0.015000000000000001,293.77176960923043,176.26306176553825
0.013499999999999998,-0.015000000000000001,211.05629680538263,126.63377808322957
0.014000000000000005,-0.015000000000000001,149.44567895441708,89.667407372650246
0.014499999999999999,-0.015000000000000001,104.39000390930316,62.634002345581891
0.014999999999999999,-0.015000000000000001,71.974335891697095,43.184601535018253
0.0155,-0.015000000000000001,48.991367462429878,29.394820477457927
0.016000000000000007,-0.015000000000000001,32.913921041959469,19.748352625175681
0.016500000000000001,-0.015000000000000001,21.811108140483444,13.086664884290066
0.017000000000000001,-0.015000000000000001,14.242548271386088,8.5455289628316518
0.017500000000000002,-0.015000000000000001,9.153326770044,5.4919960620263994
0.017999999999999995,-0.015000000000000001,5.78179292477322,3.4690757548639319
0.018500000000000003,-0.015000000000000001,3.5845419103907505,2.1507251462344503
0.019000000000000003,-0.015000000000000001,2.1782430636744068,1.3069458382046439
0.019500000000000003,-0.015000000000000001,1.2957983954554708,0.77747903727328249
0.019999999999999997,-0.015000000000000001,0.75377354008140118,0.4522641240488407
0.020499999999999997,-0.015000000000000001,0.42834487883533684,0.25700692730120211
0.021000000000000005,-0.015000000000000001,0.23759386515945546,0.14255631909567326
0.021500000000000005,-0.015000000000000001,0.12854771162908255,0.07712862697744953
0.021999999999999999,-0.015000000000000001,0.067800389089725369,0.040680233453835223
0.022499999999999999,-0.015000000000000001,0.034844616461062745,0.020906769876637647
0.023000000000000007,-0.015000000000000001,0.017442574033221088,0.010465544419932653
0.023500000000000007,-0.015000000000000001,0.0085020731214461246,0.0051012438728676749
0.024,-0.015000000000000001,0.0040343443764564472,0.0024206066258738684
0.024500000000000001,-0.015000000000000001,0.0018632494831041999,0.0011179496898625198
0.025000000000000001,-0.015000000000000001,0.00083743743346005465,0.00050246246007603279
-0.025000000000000001,-0.014500000000000001,0.0013668836643551596,0.00082013019861309577
-0.024500000000000001,-0.014500000000000001,0.0030384356515214452,0.0018230613909128671
-0.024,-0.014500000000000001,0.0065722807533628276,0.0039433684520176968
-0.0235,-0.014500000000000001,0.013835055497453754,0.0083010332984722515
-0.023,-0.014500000000000001,0.028347165003974207,0.017008299002384524
-0.022500000000000003,-0.014500000000000001,0.056543795475536306,0.033926277285321785
-0.022000000000000002,-0.014500000000000001,0.10982752553987372,0.065896515323924237
-0.021500000000000002,-0.014500000000000001,0.20778743369403685,0.1246724602164221
-0.021000000000000001,-0.014500000000000001,0.38306501425820449,0.22983900855492267
-0.020500000000000001,-0.014500000000000001,0.6884509129107661,0.41307054774645963
-0.02,-0.014500000000000001,1.2068929273712077,0.72413575642272454
-0.0195,-0.014500000000000001,2.0651927046466181,1.2391156227879707
-0.019,-0.014500000000000001,3.4522979353521368,2.0713787612112822
-0.018500000000000003,-0.014500000000000001,5.6433185922343165,3.3859911553405899
-0.018000000000000002,-0.014500000000000001,9.030783333584413,5.4184700001506476
-0.017500000000000002,-0.014500000000000001,14.165245022454124,8.4991470134724736
-0.017000000000000001,-0.014500000000000001,21.808060231228264,13.084836138736959
-0.016500000000000001,-0.014500000000000001,32.999686868538888,19.799812121123331
-0.016,-0.014500000000000001,49.146508201887187,29.487904921132312
-0.0155,-0.014500000000000001,72.126995433367512,43.276197260020503
-0.015000000000000001,-0.014500000000000001,104.41279622731592,62.647677736389554
-0.014500000000000001,-0.014500000000000001,149.19120125723256,89.514720754339535
-0.014,-0.014500000000000001,210.4625029564418,126.27750177386507
-0.0135,-0.014500000000000001,293.07091093469688,175.84254656081814
-0.012999999999999999,-0.014500000000000001,402.61514235565124,241.56908541339072
-0.012500000000000001,-0.014500000000000001,545.18093996639595,327.10856397983758
-0.012,-0.014500000000000001,726.84985525241007,436.10991315144605
-0.0115,-0.014500000000000001,952.97235677383605,571.78341406430161
-0.010999999999999999,-0.014500000000000001,1227.2495388262985,736.34972329577909
-0.010499999999999999,-0.014500000000000001,1550.7394530766146,930.44367184596877
-0.010000000000000002,-0.014500000000000001,1920.9753354008919,1152.5852012405351
-0.0095000000000000015,-0.014500000000000001,2331.4304907326582,1398.8582944395948
-0.0090000000000000011,-0.014500000000000001,2771.5633627566363,1662.9380176539817
-0.0085000000000000006,-0.014500000000000001,3227.6081030195637,1936.5648618117382
-0.0080000000000000002,-0.014500000000000001,3684.1382329459798,2210.4829397675876
-0.0074999999999999997,-0.014500000000000001,4126.2431522226098,2475.7458913335659
-0.0069999999999999993,-0.014500000000000001,4541.9607271103559,2725.1764362662134
-0.0064999999999999988,-0.014500000000000001,4924.4597417976192,2954.6758450785715
-0.0059999999999999984,-0.014500000000000001,5273.4188982844425,3164.0513389706653
-0.0054999999999999979,-0.014500000000000001,5595.1410159666575,3357.0846095799943
-0.005000000000000001,-0.014500000000000001,5901.1745275945877,3540.7047165567524
-0.0044999999999999971,-0.014500000000000001,6205.5499899131682,3723.3299939479007
-0.0040000000000000001,-0.014500000000000001,6521.1009150309792,3912.6605490185875
-0.0035000000000000031,-0.014500000000000001,6855.6300118113095,4113.3780070867851
-0.0029999999999999992,-0.014500000000000001,7208.8145423548285,4325.2887254128973
-0.0025000000000000022,-0.014500000000000001,7570.6623473737563,4542.3974084242536
-0.0019999999999999983,-0.014500000000000001,7922.0316041062761,4753.2189624637658
-0.0015000000000000013,-0.014500000000000001,8237.2711160805338,4942.3626696483198
-0.00099999999999999742,-0.014500000000000001,8488.5313056841169,5093.1187834104703
-0.00050000000000000044,-0.014500000000000001,8650.8685946366786,5190.521156782007
0,-0.014500000000000001,8707.0338503501243,5224.2203102100748
0.00050000000000000044,-0.014500000000000001,8650.8685523812201,5190.5211314287317
0.0010000000000000009,-0.014500000000000001,8488.5312059312218,5093.1187235587331
0.0015000000000000013,-0.014500000000000001,8237.2709248560077,4942.3625549136041
0.0020000000000000018,-0.014500000000000001,7922.0312615148669,4753.2187569089201
0.0024999999999999988,-0.014500000000000001,7570.6617564001481,4542.397053840089
0.0030000000000000027,-0.014500000000000001,7208.8135534499179,4325.2881320699507
0.0034999999999999996,-0.014500000000000001,6855.6284034737182,4113.3770420842311
0.0040000000000000036,-0.014500000000000001,6521.0983713822661,3912.6590228293594
0.0045000000000000005,-0.014500000000000001,6205.5460774299327,3723.3276464579594
0.0049999999999999975,-0.014500000000000001,5901.1686745932884,3540.7012047559729
0.0055000000000000014,-0.014500000000000001,5595.1324998898544,3357.0794999339128
0.0059999999999999984,-0.014500000000000001,5273.4068469149779,3164.0441081489867
0.0064999999999999988,-0.014500000000000001,4924.4431547383501,2954.6658928430102
0.0069999999999999993,-0.014500000000000001,4541.9385227314424,2725.1631136388655
0.0074999999999999997,-0.014500000000000001,4126.2142424869517,2475.7285454921707
0.0080000000000000002,-0.014500000000000001,3684.1016241138964,2210.4609744683376
0.0085000000000000006,-0.014500000000000001,3227.5630147164325,1936.5378088298594
0.0090000000000000011,-0.014500000000000001,2771.5093522597508,1662.9056113558504
0.0095000000000000015,-0.014500000000000001,2331.3675649365746,1398.8205389619447
0.010000000000000002,-0.014500000000000001,1920.9040311324009,1152.5424186794405
0.010500000000000002,-0.014500000000000001,1550.6608682673402,930.39652096040413
0.011000000000000003,-0.014500000000000001,1227.1653027862321,736.29918167173923
0.011500000000000003,-0.014500000000000001,952.8845367509598,571.73072205057588
0.012000000000000004,-0.014500000000000001,726.76080699734837,436.05648419840901
0.012499999999999997,-0.014500000000000001,545.09311994352288,327.05587196611373
0.013000000000000005,-0.014500000000000001,402.53090631558581,241.51854378935147
0.013499999999999998,-0.014500000000000001,292.99232612542573,175.79539567525543
0.014000000000000005,-0.014500000000000001,210.3911986879497,126.23471921276982
0.014499999999999999,-0.014500000000000001,149.12827546114804,89.476965276688816
0.014999999999999999,-0.014500000000000001,104.35878573042795,62.615271438256769
0.0155,-0.014500000000000001,72.081907130230036,43.249144278138019
0.016000000000000007,-0.014500000000000001,49.109899369783321,29.465939621869992
0.016500000000000001,-0.014500000000000001,32.970777132819514,19.782466279691707
0.017000000000000001,-0.014500000000000001,21.785855852141147,13.071513511284687
0.017500000000000002,-0.014500000000000001,14.148657962692511,8.4891947776155057
0.017999999999999995,-0.014500000000000001,9.0187319627641109,5.4112391776584667
0.018500000000000003,-0.014500000000000001,5.634802511798287,3.3808815070789722
0.019000000000000003,-0.014500000000000001,3.4464449245711157,2.0678669547426693
0.019500000000000003,-0.014500000000000001,2.061280197374725,1.2367681184248349
0.019999999999999997,-0.014500000000000001,1.2043492193714107,0.72260953162284636
0.020499999999999997,-0.014500000000000001,0.68684243308459891,0.41210545985075936
0.021000000000000005,-0.014500000000000001,0.38207577750099703,0.22924546650059821
0.021500000000000005,-0.014500000000000001,0.20719570703444873,0.12431742422066923
0.021999999999999999,-0.014500000000000001,0.10948327209725009,0.065689963258350054
0.022499999999999999,-0.014500000000000001,0.056349003208501336,0.033809401925100797
0.023000000000000007,-0.014500000000000001,0.028239963372096905,0.016943978023258144
0.023500000000000007,-0.014500000000000001,0.013777674598835584,0.0082666047593013495
0.024,-0.014500000000000001,0.0065424083917099861,0.0039254450350259913
0.024500000000000001,-0.014500000000000001,0.0030233102108632236,0.001813986126517934
0.025000000000000001,-0.014500000000000001,0.0013594349249956275,0.00081566095499737649
-0.025000000000000001,-0.014,0.0021635461314546121,0.0012981276788727673
-0.024500000000000001,-0.014,0.004806752377920759,0.0028840514267524553
-0.024,-0.014,0.010390825410995006,0.0062344952465970037
-0.0235,-0.014,0.021857503289748247,0.013114501973848948
-0.023,-0.014,0.044745979655310499,0.026847587793186297
-0.022500000000000003,-0.014,0.089161071154275656,0.053496642692565391
-0.022000000000000002,-0.014,0.1729603905930327,0.10377623435581962
-0.021500000000000002,-0.014,0.32671733350192622,0.19603040010115572
-0.021000000000000001,-0.014,0.601149496455056,0.36068969787303357
-0.020500000000000001,-0.014,1.0778061457434225,0.64668368744605342
-0.02,-0.014,1.8838601084129942,1.1303160650477966
-0.0195,-0.014,3.211843205680649,1.9271059234083894
-0.019,-0.014,5.3451324321919618,3.2070794593151768
-0.018500000000000003,-0.014,8.6900218004157015,5.2140130802494209
-0.018000000000000002,-0.014,13.815431891831004,8.289259135098602
-0.017500000000000002,-0.014,21.501836427576496,12.901101856545898
-0.017000000000000001,-0.014,32.801821038707345,19.681092623224405
-0.016500000000000001,-0.014,49.115546756980798,29.469328054188477
-0.016,-0.014,72.284536189939175,43.370721713963505
-0.0155,-0.014,104.70539923220714,62.823239539324284
-0.015000000000000001,-0.014,149.45981723442659,89.675890340655954
-0.014500000000000001,-0.014,210.44698249542779,126.26818949725667
-0.014,-0.014,292.48953360911349,175.49372016546809
-0.0135,-0.014,401.36579830199702,240.81947898119819
-0.012999999999999999,-0.014,543.70477273619997,326.22286364171998
-0.012500000000000001,-0.014,726.67352977677092,436.00411786606253
-0.012,-0.014,957.398863482509,574.43931808950538
-0.0115,-0.014,1242.1035102050557,745.26210612303339
-0.010999999999999999,-0.014,1585.0040677779375,951.00244066676248
-0.010499999999999999,-0.014,1987.1049987453312,1192.2629992471986
-0.010000000000000002,-0.014,2445.111724398359,1467.0670346390154
-0.0095000000000000015,-0.014,2950.7473770760698,1770.4484262456419
-0.0090000000000000011,-0.014,3490.7612715210194,2094.4567629126113
-0.0085000000000000006,-0.014,4047.8393675360248,2428.703620521615
-0.0080000000000000002,-0.014,4602.463693462234,2761.4782160773402
-0.0074999999999999997,-0.014,5135.5414375910095,3081.3248625546057
-0.0069999999999999993,-0.014,5631.3848706377139,3378.8309223826282
-0.0064999999999999988,-0.014,6080.4378974204992,3648.2627384522993
-0.0059999999999999984,-0.014,6481.0811169319677,3888.6486701591803
-0.0054999999999999979,-0.014,6839.9498506314758,4103.9699103788853
-0.005000000000000001,-0.014,7170.4724760482031,4302.2834856289219
-0.0044999999999999971,-0.014,7489.7332257989465,4493.8399354793673
-0.0040000000000000001,-0.014,7814.1938233081182,4688.5162939848706
-0.0035000000000000031,-0.014,8155.1581097468315,4893.0948658480984
-0.0029999999999999992,-0.014,8515.0271591575274,5109.0162954945163
-0.0025000000000000022,-0.014,8885.3034676415973,5331.1820805849584
-0.0019999999999999983,-0.014,9246.9596855043419,5548.1758113026053
-0.0015000000000000013,-0.014,9573.2586911116778,5743.9552146670067
-0.00099999999999999742,-0.014,9834.523144764491,5900.7138868586944
-0.00050000000000000044,-0.014,10003.854927671107,6002.3129566026646
0,-0.014,10062.533215202924,6037.5199291217541
0.00050000000000000044,-0.014,10003.854834410275,6002.312900646165
0.0010000000000000009,-0.014,9834.5229246026902,5900.7137547616139
0.0015000000000000013,-0.014,9573.2582690654217,5743.9549614392527
0.0020000000000000018,-0.014,9246.9589293805075,5548.1753576283045
0.0024999999999999988,-0.014,8885.3021633204044,5331.1812979922424
0.0030000000000000027,-0.014,8515.0249765733788,5109.0149859440271
0.0034999999999999996,-0.014,8155.1545600302616,4893.0927360181568
0.0040000000000000036,-0.014,7814.1882092927408,4688.5129255756447
0.0045000000000000005,-0.014,7489.7245906674716,4493.8347544004828
0.0049999999999999975,-0.014,7170.4595580539963,4302.2757348323976
0.0055000000000000014,-0.014,6839.9310550383871,4103.9586330230322
0.0059999999999999984,-0.014,6481.0545186940844,3888.6327112164504
0.0064999999999999988,-0.014,6080.4012885894817,3648.2407731536891
0.0069999999999999993,-0.014,5631.3358639788312,3378.8015183872985
0.0074999999999999997,-0.014,5135.4776317282385,3081.2865790369428
0.0080000000000000002,-0.014,4602.3828951407404,2761.4297370844442
0.0085000000000000006,-0.014,4047.7398544129715,2428.6439126477826
0.0090000000000000011,-0.014,3490.6420664755956,2094.3852398853574
0.0095000000000000015,-0.014,2950.6084953250584,1770.3650971950349
0.010000000000000002,-0.014,2444.9543507570397,1466.9726104542237
0.010500000000000002,-0.014,1986.9315564276494,1192.1589338565896
0.011000000000000003,-0.014,1584.8181527880511,950.89089167283055
0.011500000000000003,-0.014,1241.9096851077218,745.14581106463299
0.012000000000000004,-0.014,957.20232758853444,574.32139655312062
0.012499999999999997,-0.014,726.47970467944094,435.88782280766458
0.013000000000000005,-0.014,543.51885774631467,326.11131464778879
0.013499999999999998,-0.014,401.19235598431959,240.71541359059174
0.014000000000000005,-0.014,292.33215996779268,175.39929598067559
0.014499999999999999,-0.014,210.30810074441487,126.18486044664891
0.014999999999999999,-0.014,149.34061218899811,89.604367313398868
0.0155,-0.014,104.60588610913877,62.763531665483256
0.016000000000000007,-0.014,72.20373786840058,43.322242721040347
0.016500000000000001,-0.014,49.051740894077895,29.431044536446734
0.017000000000000001,-0.014,32.752814379441084,19.651688627664651
0.017500000000000002,-0.014,21.46522759547284,12.879136557283703
0.017999999999999995,-0.014,13.788833650954038,8.2733001905724226
0.018500000000000003,-0.014,8.6712261993058899,5.2027357195835338
0.019000000000000003,-0.014,5.3322144170607313,3.1993286502364389
0.019500000000000003,-0.014,3.2032080211525007,1.9219248126915003
0.019999999999999997,-0.014,1.8782459621795051,1.1269475773077031
0.020499999999999997,-0.014,1.0742561152531138,0.64455366915186829
0.021000000000000005,-0.014,0.59896617988926137,0.35937970793355684
0.021500000000000005,-0.014,0.32541135026900658,0.19524681016140394
0.021999999999999999,-0.014,0.17220059852239189,0.10332035911343514
0.022499999999999999,-0.014,0.088731150631804478,0.053238690379082687
0.023000000000000007,-0.014,0.04450937795500727,0.026705626773004362
0.023500000000000007,-0.014,0.021730859525653977,0.013038515715392386
0.024,-0.014,0.010324894963525413,0.0061949369781152475
0.024500000000000001,-0.014,0.0047733694441453658,0.0028640216664872196
0.025000000000000001,-0.014,0.0021471062287523896,0.0012882637372514337
-0.025000000000000001,-0.0135,0.0033344618224425849,0.002000677093465551
-0.024500000000000001,-0.0135,0.0074042339943320096,0.0044425403965992058
-0.024,-0.0135,0.01599645505385858,0.0095978730323151486
-0.0235,-0.0135,0.033626874629900091,0.020176124777940053
-0.023,-0.0135,0.068787154881334675,0.041272292928800802
-0.022500000000000003,-0.0135,0.13694195626034647,0.082165173756207882
-0.022000000000000002,-0.0135,0.26536180259902686,0.15921708155941611
-0.021500000000000002,-0.0135,0.50060468075017861,0.30036280845010715
-0.021000000000000001,-0.0135,0.91962265001362808,0.55177359000817683
-0.020500000000000001,-0.0135,1.6455572461327841,0.98733434767967043
-0.02,-0.0135,2.8692454620776831,1.7215472772466098
-0.0195,-0.0135,4.8772559253147856,2.9263535551888711
-0.019,-0.0135,8.0869406989895012,4.8521644193937004
-0.018500000000000003,-0.0135,13.088641674074863,7.8531850044449172
-0.018000000000000002,-0.0135,20.695047946948645,12.417028768169187
-0.017500000000000002,-0.0135,31.998018122888539,19.198810873733123
-0.017000000000000001,-0.0135,48.434111661709622,29.06046699702577
-0.016500000000000001,-0.0135,71.861438132191694,43.116862879315015
-0.016,-0.0135,104.65147607729268,62.790885646375607
-0.0155,-0.0135,149.79876344593146,89.879258067558865
-0.015000000000000001,-0.0135,211.04679452282775,126.62807671369664
-0.014500000000000001,-0.0135,293.01811585729843,175.81086951437905
-0.014,-0.0135,401.31971674399404,240.7918300463964
-0.0135,-0.0135,542.5731406020758,325.54388436124549
-0.012999999999999999,-0.0135,724.29776595684393,434.57865957410633
-0.012500000000000001,-0.0135,954.56466550042046,572.73879930025225
-0.012,-0.0135,1241.3487421499879,744.80924528999265
-0.0115,-0.0135,1591.5483672740074,954.92902036440444
-0.010999999999999999,-0.0135,2009.717867761218,1205.8307206567308
-0.010499999999999999,-0.0135,2496.6608379563795,1497.9965027738276
-0.010000000000000002,-0.0135,3048.1393976553036,1828.883638593182
-0.0095000000000000015,-0.0135,3654.0324722357591,2192.4194833414554
-0.0090000000000000011,-0.0135,4298.287387299014,2578.9724323794085
-0.0085000000000000006,-0.0135,4959.9246261932385,2975.954775715943
-0.0080000000000000002,-0.0135,5615.1687941219116,3369.1012764731468
-0.0074999999999999997,-0.0135,6240.5148189021547,3744.3088913412926
-0.0069999999999999993,-0.0135,6816.2549007238686,4089.7529404343209
-0.0064999999999999988,-0.0135,7329.7680457260149,4397.8608274356084
-0.0059999999999999984,-0.0135,7777.7898967314941,4666.6739380388963
-0.0054999999999999979,-0.0135,8166.9900062255183,4900.1940037353106
-0.005000000000000001,-0.0135,8512.4924503565871,5107.4954702139521
-0.0044999999999999971,-0.0135,8834.430868137546,5300.6585208825272
-0.0040000000000000001,-0.0135,9153.1261486338572,5491.8756891803141
-0.0035000000000000031,-0.0135,9483.882595312165,5690.3295571872986
-0.0029999999999999992,-0.0135,9832.5941226425166,5899.5564735855096
-0.0025000000000000022,-0.0135,10193.2600137963,6115.9560082777798
-0.0019999999999999983,-0.0135,10548.127483439797,6328.876490063878
-0.0015000000000000013,-0.0135,10870.583833004674,6522.3502998028043
-0.00099999999999999742,-0.0135,11130.256913373678,6678.1541480242067
-0.00050000000000000044,-0.0135,11299.219766279224,6779.5318597675341
0,-0.0135,11357.886235449878,6814.7317412699267
0.00050000000000000044,-0.0135,11299.219566084785,6779.5317396508708
0.0010000000000000009,-0.0135,11130.256440772615,6678.1538644635684
0.0015000000000000013,-0.0135,10870.582927036838,6522.3497562221028
0.0020000000000000018,-0.0135,10548.125860338378,6328.8755162030266
0.0024999999999999988,-0.0135,10193.257213930083,6115.9543283580497
0.0030000000000000027,-0.0135,9832.5894374900818,5899.5536624940487
0.0034999999999999996,-0.0135,9483.8749754624278,5690.3249852774561
0.0040000000000000036,-0.0135,9153.1140975439375,5491.8684585263627
0.0045000000000000005,-0.0135,8834.4123318958536,5300.6473991375124
0.0049999999999999975,-0.0135,8512.4647204877929,5107.4788322926752
0.0055000000000000014,-0.0135,8166.949659456367,4900.1697956738199
0.0059999999999999984,-0.0135,7777.7328007431515,4666.6396804458909
0.0064999999999999988,-0.0135,7329.6894609190767,4397.8136765514455
0.0069999999999999993,-0.0135,6816.149702641329,4089.6898215847973
0.0074999999999999997,-0.0135,6240.3778527312033,3744.226711638722
0.0080000000000000002,-0.0135,5614.9953518043303,3368.9972110825979
0.0085000000000000006,-0.0135,4959.7110105342344,2975.8266063205406
0.0090000000000000011,-0.0135,4298.0315008033094,2578.8189004819856
0.0095000000000000015,-0.0135,3653.7343475678176,2192.2406085406906
0.010000000000000002,-0.0135,3047.8015781490035,1828.6809468894021
0.010500000000000002,-0.0135,2496.2885253019936,1497.7731151811961
0.011000000000000003,-0.0135,2009.3187811697769,1205.5912687018661
0.011500000000000003,-0.0135,1591.1323007831982,954.6793804699189
0.012000000000000004,-0.0135,1240.9268566416151,744.5561139849691
0.012499999999999997,-0.0135,954.14859900961596,572.48915940576956
0.013000000000000005,-0.0135,723.89867936540361,434.33920761924213
0.013499999999999998,-0.0135,542.20082794769382,325.32049676861629
0.014000000000000005,-0.0135,400.98189723769144,240.58913834261486
0.014499999999999999,-0.0135,292.71999118935531,175.63199471361318
0.014999999999999999,-0.0135,210.79090802711247,126.47454481626747
0.0155,-0.0135,149.58514778689545,89.751088672137271
0.016000000000000007,-0.0135,104.47803375961391,62.686820255768339
0.016500000000000001,-0.0135,71.724471960956251,43.034683176573751
0.017000000000000001,-0.0135,48.328913578346103,28.99734814700766
0.017500000000000002,-0.0135,31.919433313616857,19.151659988170113
0.017999999999999995,-0.0135,20.637951952179904,12.382771171307942
0.018500000000000003,-0.0135,13.04829488769886,7.8289769326193159
0.019000000000000003,-0.0135,8.0592107852795696,4.8355264711677419
0.019500000000000003,-0.0135,4.8587195697367633,2.9152317418420579
0.019999999999999997,-0.0135,2.8571940912573139,1.7143164547543883
0.020499999999999997,-0.0135,1.637936722533462,0.98276203352007718
0.021000000000000005,-0.0135,0.91493592536158974,0.54896155521695378
0.021500000000000005,-0.0135,0.49780124678702137,0.29868074807221279
0.021999999999999999,-0.0135,0.26373082691566263,0.15823849614939758
0.022499999999999999,-0.0135,0.13601908545789368,0.081611451274736208
0.023000000000000007,-0.0135,0.068279263795407427,0.040967558277244458
0.023500000000000007,-0.0135,0.033355020121714651,0.020013012073028792
0.024,-0.0135,0.015854928232546202,0.0095129569395277207
0.024500000000000001,-0.0135,0.0073325739239905614,0.0043995443543943368
0.025000000000000001,-0.0135,0.0032991717969471077,0.0019795030781682645
-0.025000000000000001,-0.012999999999999999,0.0050052670590895404,0.0030031602354537242
-0.024500000000000001,-0.012999999999999999,0.011107936342031367,0.0066647618052188204
-0.024,-0.012999999999999999,0.023983676233813742,0.014390205740288244
-0.0235,-0.012999999999999999,0.0503844177247171,0.030230650634830259
-0.023,-0.012999999999999999,0.10299212482188014,0.061795274893128083
-0.022500000000000003,-0.012999999999999999,0.20486951263798145,0.12292170758278886
-0.022000000000000002,-0.012999999999999999,0.39661196459620773,0.23796717875772463
-0.021500000000000002,-0.012999999999999999,0.74736582490246672,0.44841949494148003
-0.021000000000000001,-0.012999999999999999,1.3710743301671402,0.82264459810028412
-0.020500000000000001,-0.012999999999999999,2.4493581006828777,1.4696148604097266
-0.02,-0.012999999999999999,4.2622313418040072,2.5573388050824044
-0.0195,-0.012999999999999999,7.2273264072099535,4.3363958443259722
-0.019,-0.012999999999999999,11.947465048488054,7.1684790290928317
-0.018500000000000003,-0.012999999999999999,19.265440486956539,11.559264292173923
-0.018000000000000002,-0.012999999999999999,30.324103396283565,18.194462037770137
-0.017500000000000002,-0.012999999999999999,46.629743177976366,27.97784590678582
-0.017000000000000001,-0.012999999999999999,70.117733444036887,42.070640066422129
-0.016500000000000001,-0.012999999999999999,103.22151010839868,61.932906065039205
-0.016,-0.012999999999999999,148.94847589671056,89.36908553802634
-0.0155,-0.012999999999999999,210.96767889314717,126.58060733588829
-0.015000000000000001,-0.012999999999999999,293.71148882359518,176.22689329415709
-0.014500000000000001,-0.012999999999999999,402.48416364664189,241.49049818798511
-0.014,-0.012999999999999999,543.55246415530951,326.13147849318568
-0.0135,-0.012999999999999999,724.16855872536598,434.50113523521958
-0.012999999999999999,-0.012999999999999999,952.44907891714684,571.46944735028808
-0.012500000000000001,-0.012999999999999999,1237.0169486688751,742.21016920132502
-0.012,-0.012999999999999999,1586.3183149924828,951.79098899548967
-0.0115,-0.012999999999999999,2007.5683271332732,1204.5409962799638
-0.010999999999999999,-0.012999999999999999,2505.3622764437937,1503.2173658662762
-0.010499999999999999,-0.012999999999999999,3080.1050861618983,1848.0630516971389
-0.010000000000000002,-0.012999999999999999,3726.5380579245711,2235.9228347547428
-0.0095000000000000015,-0.012999999999999999,4432.7383506963488,2659.6430104178094
-0.0090000000000000011,-0.012999999999999999,5179.9895313532543,3107.9937188119525
-0.0085000000000000006,-0.012999999999999999,5943.8353609699279,3566.3012165819569
-0.0080000000000000002,-0.012999999999999999,6696.4236088479056,4017.8541653087432
-0.0074999999999999997,-0.012999999999999999,7409.9488092521051,4445.9692855512631
-0.0069999999999999993,-0.012999999999999999,8060.6773185787451,4836.4063911472467
-0.0064999999999999988,-0.012999999999999999,8632.7754327520233,5179.665259651214
-0.0059999999999999984,-0.012999999999999999,9121.0536811295733,5472.6322086777436
-0.0054999999999999979,-0.012999999999999999,9531.8509577648238,5719.1105746588937
-0.005000000000000001,-0.012999999999999999,9881.6193842902594,5928.9716305741558
-0.0044999999999999971,-0.012999999999999999,10193.276484516657,6115.9658907099938
-0.0040000000000000001,-0.012999999999999999,10490.948513002895,6294.5691078017371
-0.0035000000000000031,-0.012999999999999999,10794.190104562827,6476.5140627376959
-0.0029999999999999992,-0.012999999999999999,11112.993533995701,6667.7961203974201
-0.0025000000000000022,-0.012999999999999999,11444.810637314904,6866.8863823889424
-0.0019999999999999983,-0.012999999999999999,11774.398523524978,7064.639114114987
-0.0015000000000000013,-0.012999999999999999,12076.652627230256,7245.9915763381532
-0.00099999999999999742,-0.012999999999999999,12321.864388169863,7393.1186329019174
-0.00050000000000000044,-0.012999999999999999,12482.223533202836,7489.3341199217011
0,-0.012999999999999999,12538.043626863038,7522.8261761178228
0.00050000000000000044,-0.012999999999999999,12482.223115236791,7489.333869142074
0.0010000000000000009,-0.012999999999999999,12321.863401473136,7393.1180408838809
0.0015000000000000013,-0.012999999999999999,12076.650735750172,7245.9904414501034
0.0020000000000000018,-0.012999999999999999,11774.395134813058,7064.6370808878346
0.0024999999999999988,-0.012999999999999999,11444.804791752862,6866.8828750517168
0.0030000000000000027,-0.012999999999999999,11112.983752332189,6667.7902513993131
0.0034999999999999996,-0.012999999999999999,10794.174195836866,6476.5045175021196
0.0040000000000000036,-0.012999999999999999,10490.923352731554,6294.554011638932
0.0045000000000000005,-0.012999999999999999,10193.237784542314,6115.9426707253888
0.0049999999999999975,-0.012999999999999999,9881.5614898568019,5928.9368939140813
0.0055000000000000014,-0.012999999999999999,9531.7667217607195,5719.0600330564312
0.0059999999999999984,-0.012999999999999999,9120.9344760975582,5472.5606856585346
0.0064999999999999988,-0.012999999999999999,8632.6113633541754,5179.5668180125049
0.0069999999999999993,-0.012999999999999999,8060.457685971257,4836.274611582754
0.0074999999999999997,-0.012999999999999999,7409.6628512142988,4445.7977107285787
0.0080000000000000002,-0.012999999999999999,6696.0614958935648,4017.6368975361388
0.0085000000000000006,-0.012999999999999999,5943.3893740939811,3566.0336244563887
0.0090000000000000011,-0.012999999999999999,5179.4552914040487,3107.673174842429
0.0095000000000000015,-0.012999999999999999,4432.1159258707676,2659.2695555224605
0.010000000000000002,-0.012999999999999999,3725.8327581963094,2235.4996549177854
0.010500000000000002,-0.012999999999999999,3079.3277716224225,1847.5966629734535
0.011000000000000003,-0.012999999999999999,2504.5290632656147,1502.7174379593687
0.011500000000000003,-0.012999999999999999,2006.6996633130002,1204.0197979878001
0.012000000000000004,-0.012999999999999999,1585.437502224531,951.26250133471854
0.012499999999999997,-0.012999999999999999,1236.1482848486066,741.68897090916391
0.013000000000000005,-0.012999999999999999,951.61586573896818,570.96951944338093
0.013499999999999998,-0.012999999999999999,723.39124418589415,434.03474651153647
0.014000000000000005,-0.012999999999999999,542.84716442704382,325.7082986562263
0.014499999999999999,-0.012999999999999999,401.86173882105533,241.11704329263318
0.014999999999999999,-0.012999999999999999,293.17724887436748,175.90634932462049
0.0155,-0.012999999999999999,210.52169201713571,126.31301521028142
0.016000000000000007,-0.012999999999999999,148.58636294216979,89.151817765301871
0.016500000000000001,-0.012999999999999999,102.93555207000284,61.761331242001702
0.017000000000000001,-0.012999999999999999,69.898100834829208,41.938860500897526
0.017500000000000002,-0.012999999999999999,46.465673775259305,27.879404265155582
0.017999999999999995,-0.012999999999999999,30.204898350854734,18.122939010512841
0.018500000000000003,-0.012999999999999999,19.18120444689216,11.508722668135295
0.019000000000000003,-0.012999999999999999,11.889570521263943,7.1337423127583657
0.019500000000000003,-0.012999999999999999,7.18862619508982,4.313175717053892
0.019999999999999997,-0.012999999999999999,4.2370704839900668,2.5422422903940398
0.020499999999999997,-0.012999999999999999,2.4334479678350784,1.4600687807010471
0.021000000000000005,-0.012999999999999999,1.3612893841771265,0.81677363050627594
0.021500000000000005,-0.012999999999999999,0.74151281412144587,0.44490768847286749
0.021999999999999999,-0.012999999999999999,0.39320681277748348,0.23592408766649009
0.022499999999999999,-0.012999999999999999,0.20294274253130698,0.12176564551878419
0.023000000000000007,-0.012999999999999999,0.10193174956760875,0.061159049740565248
0.023500000000000007,-0.012999999999999999,0.049816839751349658,0.029890103850809792
0.024,-0.012999999999999999,0.023688196467986762,0.014212917880792056
0.024500000000000001,-0.012999999999999999,0.010958324412594329,0.0065749946475565967
0.025000000000000001,-0.012999999999999999,0.0049315885268315686,0.0029589531160989411
-0.025000000000000001,-0.012500000000000001,0.0073205994482829573,0.0043923596689697739
-0.024500000000000001,-0.012500000000000001,0.016235512003339753,0.0097413072020038505
-0.024,-0.012500000000000001,0.035031509677443624,0.021018905806466173
-0.0235,-0.012500000000000001,0.07354280392667692,0.044125682356006148
-0.023,-0.012500000000000001,0.15022107028157813,0.090132642168946883
-0.022500000000000003,-0.012500000000000001,0.29857888407216149,0.17914733044329689
-0.022000000000000002,-0.012500000000000001,0.57751371567900844,0.34650822940740506
-0.021500000000000002,-0.012500000000000001,1.0871496332612058,0.65228977995672344
-0.021000000000000001,-0.012500000000000001,1.9920637132224368,1.1952382279334621
-0.020500000000000001,-0.012500000000000001,3.5537327193260069,2.132239631595604
-0.02,-0.012500000000000001,6.1735724448870872,3.7041434669322522
-0.0195,-0.012500000000000001,10.446914629024365,6.268148777414619
-0.019,-0.012500000000000001,17.2266707340865,10.3360024404519
-0.018500000000000003,-0.012500000000000001,27.693494949225933,16.616096969535558
-0.018000000000000002,-0.012500000000000001,43.42750245939569,26.056501475637415
-0.017500000000000002,-0.012500000000000001,66.475796470612124,39.885477882367276
-0.017000000000000001,-0.012500000000000001,99.41101249316813,59.646607495900874
-0.016500000000000001,-0.012500000000000001,145.37921541338116,87.227529248028688
-0.016,-0.012500000000000001,208.14026763642201,124.88416058185319
-0.0155,-0.012500000000000001,292.10832797997944,175.26499678798766
-0.015000000000000001,-0.012500000000000001,402.40113154715709,241.44067892829423
-0.014500000000000001,-0.012500000000000001,544.90013904870682,326.9400834292241
-0.014,-0.012500000000000001,726.30645942089097,435.78387565253456
-0.0135,-0.012500000000000001,954.14978120550632,572.48986872330374
-0.012999999999999999,-0.012500000000000001,1236.6749133055334,742.00494798331999
-0.012500000000000001,-0.012500000000000001,1582.5047010378923,949.50282062273538
-0.012,-0.012500000000000001,1999.9754261376495,1199.9852556825897
-0.0115,-0.012500000000000001,2496.0775525265026,1497.6465315159014
-0.010999999999999999,-0.012500000000000001,3075.0196968194909,1845.0118180916945
-0.010499999999999999,-0.012500000000000001,3736.560907885987,2241.9365447315922
-0.010000000000000002,-0.012500000000000001,4474.4001766144002,2684.64010596864
-0.0095000000000000015,-0.012500000000000001,5275.0292987895891,3165.0175792737532
-0.0090000000000000011,-0.012500000000000001,6117.4946347981595,3670.4967808788956
-0.0085000000000000006,-0.012500000000000001,6974.4325638876635,4184.6595383325975
-0.0080000000000000002,-0.012500000000000001,7814.5276768533804,4688.7166061120279
-0.0074999999999999997,-0.012500000000000001,8606.218613633062,5163.7311681798374
-0.0069999999999999993,-0.012500000000000001,9322.114175459561,5593.2685052757361
-0.0064999999999999988,-0.012500000000000001,9943.2823940263843,5965.9694364158304
-0.0059999999999999984,-0.012500000000000001,10462.440990735926,6277.4645944415552
-0.0054999999999999979,-0.012500000000000001,10885.181507699997,6531.1089046199986
-0.005000000000000001,-0.012500000000000001,11228.713512377501,6737.2281074265002
-0.0044999999999999971,-0.012500000000000001,11518.158044172507,6910.8948265035042
-0.0040000000000000001,-0.012500000000000001,11781.024354877516,7068.6146129265098
-0.0035000000000000031,-0.012500000000000001,12041.010493005586,7224.6062958033517
-0.0029999999999999992,-0.012500000000000001,12312.526840032315,7387.5161040193889
-0.0025000000000000022,-0.012500000000000001,12597.259317485343,7558.3555904912055
-0.0019999999999999983,-0.012500000000000001,12883.661134492102,7730.1966806952605
-0.0015000000000000013,-0.012500000000000001,13149.580203287192,7889.7481219723149
-0.00099999999999999742,-0.012500000000000001,13367.461015197394,8020.4766091184356
-0.00050000000000000044,-0.012500000000000001,13510.904412234429,8106.5426473406569
0,-0.012500000000000001,13561.003504085656,8136.6021024513939
0.00050000000000000044,-0.012500000000000001,13510.903563510868,8106.5421381065207
0.0010000000000000009,-0.012500000000000001,13367.459011606987,8020.4754069641913
0.0015000000000000013,-0.012500000000000001,13149.57636243999,7889.7458174639933
0.0020000000000000018,-0.012500000000000001,12883.654253359799,7730.1925520158784
0.0024999999999999988,-0.012500000000000001,12597.247447463114,7558.3484684778687
0.0030000000000000027,-0.012500000000000001,12312.506977346324,7387.5041864077939
0.0034999999999999996,-0.012500000000000001,12040.978188681473,7224.5869132088837
0.0040000000000000036,-0.012500000000000001,11780.973264327464,7068.5839585964777
0.0045000000000000005,-0.012500000000000001,11518.079459846074,6910.8476759076448
0.0049999999999999975,-0.012500000000000001,11228.595951703752,6737.1575710222505
0.0055000000000000014,-0.012500000000000001,10885.010457724982,6531.0062746349895
0.0059999999999999984,-0.012500000000000001,10462.19893250958,6277.3193595057483
0.0064999999999999988,-0.012500000000000001,9942.9492340349771,5965.7695404209862
0.0069999999999999993,-0.012500000000000001,9321.6681885870366,5593.000913152222
0.0074999999999999997,-0.012500000000000001,8605.6379460700264,5163.382767642016
0.0080000000000000002,-0.012500000000000001,7813.7923688048468,4688.2754212829077
0.0085000000000000006,-0.012500000000000001,6973.52694111032,4184.1161646661922
0.0090000000000000011,-0.012500000000000001,6116.4098049687127,3669.8458829812275
0.0095000000000000015,-0.012500000000000001,5273.7654003889174,3164.2592402333503
0.010000000000000002,-0.012500000000000001,4472.9679920968356,2683.7807952581011
0.010500000000000002,-0.012500000000000001,3734.9824897977574,2240.9894938786542
0.011000000000000003,-0.012500000000000001,3073.3277707265115,1843.9966624359067
0.011500000000000003,-0.012500000000000001,2494.3136402144582,1496.5881841286748
0.012000000000000004,-0.012500000000000001,1998.1868441226798,1198.9121064736078
0.012499999999999997,-0.012500000000000001,1580.7407887258541,948.44447323551242
0.013000000000000005,-0.012500000000000001,1234.9829872125556,740.98979232753334
0.013499999999999998,-0.012500000000000001,952.57136311727947,571.54281787036768
0.014000000000000005,-0.012500000000000001,724.87427490331947,434.92456494199166
0.014499999999999999,-0.012500000000000001,543.63624064802298,326.1817443888138
0.014999999999999999,-0.012500000000000001,401.31630171766858,240.78978103060115
0.0155,-0.012500000000000001,291.2027052025046,174.72162312150274
0.016000000000000007,-0.012500000000000001,207.40495958748718,124.4429757524923
0.016500000000000001,-0.012500000000000001,144.79854784914872,86.879128709489223
0.017000000000000001,-0.012500000000000001,98.965025617156257,59.37901537029375
0.017500000000000002,-0.012500000000000001,66.142636469322426,39.685581881593457
0.017999999999999995,-0.012500000000000001,43.185444205808139,25.911266523484883
0.018500000000000003,-0.012500000000000001,27.522444901186869,16.513466940712121
0.019000000000000003,-0.012500000000000001,17.109109869932507,10.265465921959503
0.019500000000000003,-0.012500000000000001,10.368329819752581,6.2209978918515487
0.019999999999999997,-0.012500000000000001,6.122480703935258,3.6734884223611548
0.020499999999999997,-0.012500000000000001,3.5214255383872404,2.1128553230323441
0.021000000000000005,-0.012500000000000001,1.9721943618097677,1.1833166170858607
0.021500000000000005,-0.012500000000000001,1.0752644855916196,0.64515869135497173
0.021999999999999999,-0.012500000000000001,0.57059920044624102,0.34235952026774458
0.022499999999999999,-0.012500000000000001,0.29466637680027452,0.1767998260801647
0.023000000000000007,-0.012500000000000001,0.14806786794628521,0.088840720767771122
0.023500000000000007,-0.012500000000000001,0.072390277768797681,0.043434166661278605
0.024,-0.012500000000000001,0.034431507254482629,0.020658904352689578
0.024500000000000001,-0.012500000000000001,0.015931709406519473,0.0095590256439116832
0.025000000000000001,-0.012500000000000001,0.0071709875188459195,0.0043025925113075519
-0.025000000000000001,-0.012,0.010438456030430737,0.0062630736182584419
-0.024500000000000001,-0.012,0.023131541306683059,0.013878924784009835
-0.024,-0.012,0.049871721369559079,0.029923032821735446
-0.0235,-0.012,0.10461509273600295,0.062769055641601762
-0.023,-0.012,0.21351979336503485,0.12811187601902091
-0.022500000000000003,-0.012,0.42403858878418732,0.2544231532705124
-0.022000000000000002,-0.012,0.81945130716930514,0.49167078430158306
-0.021500000000000002,-0.012,1.5410892965892362,0.92465357795354164
-0.021000000000000001,-0.012,2.8207669394109129,1.6924601636465477
-0.020500000000000001,-0.012,5.025780906400116,3.0154685438400697
-0.02,-0.012,8.7179991572641278,5.2307994943584761
-0.0195,-0.012,14.726819409294245,8.8360916455765466
-0.019,-0.012,24.23309455492943,14.539856732957658
-0.018500000000000003,-0.012,38.857805854401747,23.314683512641047
-0.018000000000000002,-0.012,60.746078337943402,36.44764700276604
-0.017500000000000002,-0.012,92.635276691904181,55.581166015142507
-0.017000000000000001,-0.012,137.89676155688593,82.738056934131563
-0.016500000000000001,-0.012,200.54540231760015,120.32724139056009
-0.016,-0.012,285.21895184591324,171.13137110754795
-0.0155,-0.012,397.13884044787409,238.28330426872444
-0.015000000000000001,-0.012,542.07069114785304,325.24241468871179
-0.014500000000000001,-0.012,726.30136241700177,435.78081745020103
-0.014,-0.012,956.63457755896923,573.98074653538151
-0.0135,-0.012,1240.3775855825468,744.22655134952799
-0.012999999999999999,-0.012,1585.2515288927611,951.15091733565669
-0.012500000000000001,-0.012,1999.1208562178158,1199.4725137306893
-0.012,-0.012,2489.4212863282964,1493.6527717969777
-0.0115,-0.012,3062.1918540900706,1837.3151124540423
-0.010999999999999999,-0.012,3720.697681807922,2232.4186090847529
-0.010499999999999999,-0.012,4463.7632408958752,2678.257944537525
-0.010000000000000002,-0.012,5284.0955749051427,3170.4573449430854
-0.0095000000000000015,-0.012,6167.0165309866261,3700.2099185919756
-0.0090000000000000011,-0.012,7090.0848886048934,4254.0509331629355
-0.0085000000000000006,-0.012,8024.0233879708467,4814.414032782508
-0.0080000000000000002,-0.012,8935.1510689452462,5361.0906413671473
-0.0074999999999999997,-0.012,9789.1824223887033,5873.509453433222
-0.0069999999999999993,-0.012,10555.864770154405,6333.5188620926428
-0.0064999999999999988,-0.012,11213.591944058828,6728.1551664352965
-0.0059999999999999984,-0.012,11752.968789395936,7051.7812736375618
-0.0054999999999999979,-0.012,12178.388384000247,7307.0330304001482
-0.005000000000000001,-0.012,12507.039101545466,7504.2234609272791
-0.0044999999999999971,-0.012,12765.319474889662,7659.1916849337968
-0.0040000000000000001,-0.012,12983.273031828052,7789.9638190968308
-0.0035000000000000031,-0.012,13188.193838520951,7912.9163031125699
-0.0029999999999999992,-0.012,13398.838382229602,8039.3030293377606
-0.0025000000000000022,-0.012,13621.611887721925,8172.9671326331545
-0.0019999999999999983,-0.012,13849.670998873093,8309.8025993238552
-0.0015000000000000013,-0.012,14065.193779549865,8439.116267729918
-0.00099999999999999742,-0.012,14244.284275657916,8546.5705653947498
-0.00050000000000000044,-0.012,14363.307417565236,8617.9844505391411
0,-0.012,14405.072394171366,8643.0434365028195
0.00050000000000000044,-0.012,14363.305741357726,8617.9834448146357
0.0010000000000000009,-0.012,14244.280318617682,8546.5681911706088
0.0015000000000000013,-0.012,14065.186193974059,8439.1117163844356
0.0020000000000000018,-0.012,13849.657408811336,8309.7944452868014
0.0024999999999999988,-0.012,13621.588444729099,8172.9530668374591
0.0030000000000000027,-0.012,13398.799153928579,8039.2794923571473
0.0034999999999999996,-0.012,13188.130038300207,7912.8780229801241
0.0040000000000000036,-0.012,12983.172129287581,7789.9032775725482
0.0045000000000000005,-0.012,12765.164272838201,7659.0985637029207
0.0049999999999999975,-0.012,12506.806922196658,7504.0841533179946
0.0055000000000000014,-0.012,12178.050564638168,7306.830338782901
0.0059999999999999984,-0.012,11752.490730538551,7051.4944383231305
0.0064999999999999988,-0.012,11212.933961526191,6727.760376915714
0.0069999999999999993,-0.012,10554.983957393342,6332.9903744360054
0.0074999999999999997,-0.012,9788.0356186799727,5872.8213712079832
0.0080000000000000002,-0.012,8933.6988542000145,5360.2193125200083
0.0085000000000000006,-0.012,8022.2348059561373,4813.3408835736818
0.0090000000000000011,-0.012,7087.9423772077525,4252.7654263246513
0.0095000000000000015,-0.012,6164.5203637032755,3698.712218221965
0.010000000000000002,-0.012,5281.2670468093993,3168.7602280856395
0.010500000000000002,-0.012,4460.6459052071914,2676.3875431243146
0.011000000000000003,-0.012,3717.3561706889172,2230.4137024133502
0.011500000000000003,-0.012,3058.7081720142946,1835.2249032085767
0.012000000000000004,-0.012,2485.8888822149725,1491.5333293289834
0.012499999999999997,-0.012,1995.6371741420471,1197.3823044852281
0.013000000000000005,-0.012,1581.9100177737564,949.14601066425382
0.013499999999999998,-0.012,1237.2602498938647,742.35614993631884
0.014000000000000005,-0.012,953.80604946321307,572.28362967792782
0.014499999999999999,-0.012,723.80519513362606,434.2831170801756
0.014999999999999999,-0.012,539.92817975062894,323.95690785037738
0.0155,-0.012,395.35025843290487,237.2101550597429
0.016000000000000007,-0.012,283.76673709988711,170.26004225993225
0.016500000000000001,-0.012,199.39859860650319,119.63915916390191
0.017000000000000001,-0.012,137.01594878893508,82.209569273361041
0.017500000000000002,-0.012,91.977294139747912,55.186376483848747
0.017999999999999995,-0.012,60.268019426761008,36.160811656056602
0.018500000000000003,-0.012,38.519986348099977,23.111991808859987
0.019000000000000003,-0.012,24.000914830081669,14.400548898049001
0.019500000000000003,-0.012,14.571616404236046,8.742969842541628
0.019999999999999997,-0.012,8.6170942647936766,5.1702565588762059
0.020499999999999997,-0.012,4.9619750434970813,2.9771850260982489
0.021000000000000005,-0.012,2.7815254743443223,1.6689152846065933
0.021500000000000005,-0.012,1.5176164314009932,0.91056985884059594
0.021999999999999999,-0.012,0.80579531496685675,0.48347718898011405
0.022499999999999999,-0.012,0.41631148616046099,0.24978689169627658
0.023000000000000007,-0.012,0.20926727336743592,0.12556036402046156
0.023500000000000007,-0.012,0.10233888280728265,0.061403329684369588
0.024,-0.012,0.048686731802889946,0.029212039081733965
0.024500000000000001,-0.012,0.022531538883722127,0.013518923330233275
0.025000000000000001,-0.012,0.010142976264603728,0.006085785758762236
-0.025000000000000001,-0.0115,0.014522701079963656,0.0087136206479781937
-0.024500000000000001,-0.0115,0.03214909911937424,0.019289459471624543
-0.024,-0.0115,0.069245471596331265,0.041547282957798755
-0.0235,-0.0115,0.14511688961572808,0.087070133769436842
-0.023,-0.0115,0.29590720602015091,0.17754432361209055
-0.022500000000000003,-0.0115,0.58710544575173207,0.35226326745103925
-0.022000000000000002,-0.0115,1.133490252377531,0.68009415142651852
-0.021500000000000002,-0.0115,2.1295423221536161,1.2777253932921695
-0.021000000000000001,-0.0115,3.8936474687406846,2.3361884812444105
-0.020500000000000001,-0.0115,6.9290794454700988,4.1574476672820593
-0.02,-0.0115,12.003396545760182,7.202037927456109
-0.0195,-0.0115,20.245173977369536,12.147104386421722
-0.019,-0.0115,33.252842747487165,19.951705648492297
-0.018500000000000003,-0.0115,53.205220586774317,31.923132352064588
-0.018000000000000002,-0.0115,82.958183430203974,49.77491005812238
-0.017500000000000002,-0.0115,126.10860396246028,75.665162377476165
-0.017000000000000001,-0.0115,187.00730731818416,112.20438439091049
-0.016500000000000001,-0.0115,270.70912697241454,162.42547618344872
-0.016,-0.0115,382.86052639429738,229.71631583657842
-0.0155,-0.0115,529.54154138276795,317.72492482966078
-0.015000000000000001,-0.0115,717.09385587338181,430.25631352402905
-0.014500000000000001,-0.0115,951.97317103850708,571.18390262310425
-0.014,-0.0115,1240.6540536573639,744.39243219441835
-0.0135,-0.0115,1589.5849807902498,953.75098847414984
-0.012999999999999999,-0.0115,2005.1434912943905,1203.0860947766344
-0.012500000000000001,-0.0115,2493.4891629620206,1496.0934977772124
-0.012,-0.0115,3060.177383254329,1836.1064299525974
-0.0115,-0.0115,3709.4047550406167,2225.6428530243697
-0.010999999999999999,-0.0115,4442.8264026965217,2665.6958416179127
-0.010499999999999999,-0.0115,5258.0180871267476,3154.8108522760485
-0.010000000000000002,-0.0115,6146.8284070050777,3688.0970442030466
-0.0095000000000000015,-0.0115,7094.0297252815853,4256.4178351689507
-0.0090000000000000011,-0.0115,8076.7673890275482,4846.0604334165291
-0.0085000000000000006,-0.0115,9065.2672515974828,5439.1603509584893
-0.0080000000000000002,-0.0115,10025.062703439859,6015.0376220639146
-0.0074999999999999997,-0.0115,10920.663850334495,6552.3983102006969
-0.0069999999999999993,-0.0115,11720.185899389202,7032.1115396335208
-0.0064999999999999988,-0.0115,12400.093350240428,7440.0560101442561
-0.0059999999999999984,-0.0115,12949.021583607398,7769.4129501644384
-0.0054999999999999979,-0.0115,13369.696875692844,8021.8181254157062
-0.005000000000000001,-0.0115,13678.31275519587,8206.9876531175214
-0.0044999999999999971,-0.0115,13901.27544919182,8340.7652695150919
-0.0040000000000000001,-0.0115,14069.871166781337,8441.9227000688024
-0.0035000000000000031,-0.0115,14213.961280226073,8528.3767681356439
-0.0029999999999999992,-0.0115,14356.116519914962,8613.6699119489767
-0.0025000000000000022,-0.0115,14507.556236189583,8704.5337417137489
-0.0019999999999999983,-0.0115,14666.855126082162,8800.1130756492967
-0.0015000000000000013,-0.0115,14821.709547927845,8893.0257287567074
-0.00099999999999999742,-0.0115,14953.288700397286,8971.9732202383711
-0.00050000000000000044,-0.0115,15042.035000285205,9025.2210001711228
0,-0.0115,15073.401937271146,9044.0411623626878
0.00050000000000000044,-0.0115,15042.031780509877,9025.2190683059252
0.0010000000000000009,-0.0115,14953.28109944069,8971.9686596644133
0.0015000000000000013,-0.0115,14821.694977029127,8893.0169862174753
0.0020000000000000018,-0.0115,14666.829021351479,8800.0974128108865
0.0024999999999999988,-0.0115,14507.511205267345,8704.5067231604062
0.0030000000000000027,-0.0115,14356.041167480827,8613.6247004884954
0.0034999999999999996,-0.0115,14213.838728348832,8528.3032370092988
0.0040000000000000036,-0.0115,14069.677346201894,8441.8064077211366
0.0045000000000000005,-0.0115,13900.97732635562,8340.5863958133723
0.0049999999999999975,-0.0115,13677.866769042181,8206.7200614253088
0.0055000000000000014,-0.0115,13369.047968894247,8021.4287813365481
0.0059999999999999984,-0.0115,12948.103295085459,7768.8619770512751
0.0064999999999999988,-0.0115,12398.829451877236,7439.2976711263418
0.0069999999999999993,-0.0115,11718.493973309454,7031.0963839856722
0.0074999999999999997,-0.0115,10918.460990443127,6551.0765942658763
0.0080000000000000002,-0.0115,10022.273188903435,6013.3639133420611
0.0085000000000000006,-0.0115,9061.8316195423758,5437.0989717254251
0.0090000000000000011,-0.0115,8072.6519049323779,4843.5911429594262
0.0095000000000000015,-0.0115,7089.2349144968157,4253.5409486980889
0.010000000000000002,-0.0115,6141.3951745815266,3684.8371047489159
0.010500000000000002,-0.0115,5252.0300931010479,3151.2180558606287
0.011000000000000003,-0.0115,4436.4077969974187,2661.8446781984512
0.011500000000000003,-0.0115,3702.7130575333817,2221.627834520029
0.012000000000000004,-0.0115,3053.3920970871309,1832.0352582522785
0.012499999999999997,-0.0115,2486.7974654547929,1492.0784792728757
0.013000000000000005,-0.0115,1998.7248855952855,1199.2349313571713
0.013499999999999998,-0.0115,1583.5969867645515,950.15819205873083
0.014000000000000005,-0.0115,1235.2208212337925,741.13249274027555
0.014499999999999999,-0.0115,947.17836025368683,568.3070161522121
0.014999999999999999,-0.0115,712.97837177805377,427.78702306683226
0.0155,-0.0115,526.10590932716639,315.6635455962998
0.016000000000000007,-0.0115,380.07101185635241,228.04260711381144
0.016500000000000001,-0.0115,268.5062670765015,161.1037602459009
0.017000000000000001,-0.0115,185.31538122520743,111.18922873512446
0.017500000000000002,-0.0115,124.84470556177467,74.906823337064807
0.017999999999999995,-0.0115,82.039894804925183,49.223936882955108
0.018500000000000003,-0.0115,52.55631351114441,31.533788106686643
0.019000000000000003,-0.0115,32.806855871475001,19.684113522884999
0.019500000000000003,-0.0115,19.947049309425434,11.96822958565526
0.019999999999999997,-0.0115,11.809571448427711,7.0857428690566264
0.020499999999999997,-0.0115,6.8065167303749519,4.0839100382249711
0.021000000000000005,-0.0115,3.8182697481982744,2.2909618489189647
0.021500000000000005,-0.0115,2.0844540190159409,1.2506724114095644
0.021999999999999999,-0.0115,1.1072588779316757,0.66435532675900533
0.022499999999999999,-0.0115,0.57226269252665696,0.34335761551599414
0.023000000000000007,-0.0115,0.28773867144999576,0.17264320286999746
0.023500000000000007,-0.0115,0.14074458813280019,0.084446752879680106
0.024,-0.0115,0.066969261667612009,0.040181557000567206
0.024500000000000001,-0.0115,0.030996572961495723,0.018597943776897434
0.025000000000000001,-0.0115,0.013955123106596684,0.008373073863958011
-0.025000000000000001,-0.010999999999999999,0.019735949893888466,0.011841569936333078
-0.024500000000000001,-0.010999999999999999,0.043631257431946416,0.026178754459167848
-0.024,-0.010999999999999999,0.093858050406231561,0.056314830243738935
-0.0235,-0.010999999999999999,0.19646107691293815,0.11787664614776289
-0.023,-0.010999999999999999,0.40014128481668648,0.24008477089001187
-0.022500000000000003,-0.010999999999999999,0.79302516761122477,0.47581510056673482
-0.022000000000000002,-0.010999999999999999,1.5293517982138658,0.91761107892831939
-0.021500000000000002,-0.010999999999999999,2.8700599101268791,1.7220359460761274
-0.021000000000000001,-0.010999999999999999,5.2415734397248244,3.1449440638348944
-0.020500000000000001,-0.010999999999999999,9.3165056308201848,5.5899033784921111
-0.02,-0.010999999999999999,16.117971214273091,9.6707827285638537
-0.0195,-0.010999999999999999,27.14523042719129,16.287138256314773
-0.019,-0.010999999999999999,44.51234565012286,26.707407390073715
-0.018500000000000003,-0.010999999999999999,71.083940383222284,42.650364229933366
-0.018000000000000002,-0.010999999999999999,110.58449363360556,66.350696180163339
-0.017500000000000002,-0.010999999999999999,167.65236844081096,100.59142106448657
-0.017000000000000001,-0.010999999999999999,247.81007381121367,148.68604428672819
-0.016500000000000001,-0.010999999999999999,357.33089308753705,214.39853585252223
-0.016,-0.010999999999999999,503.00004701763373,301.80002821058025
-0.0155,-0.010999999999999999,691.79383341924927,415.07630005154954
-0.015000000000000001,-0.010999999999999999,930.526411998865,558.31584719931902
-0.014500000000000001,-0.010999999999999999,1225.5312098891666,735.31872593349988
-0.014,-0.010999999999999999,1582.4413756015665,949.46482536093981
-0.0135,-0.010999999999999999,2006.1036830040896,1203.6622098024536
-0.012999999999999999,-0.010999999999999999,2500.6035336617883,1500.362120197073
-0.012500000000000001,-0.010999999999999999,3069.3079944482988,1841.5847966689792
-0.012,-0.010999999999999999,3714.7737275484419,2228.8642365290652
-0.0115,-0.010999999999999999,4438.3479590602337,2663.0087754361402
-0.010999999999999999,-0.010999999999999999,5239.339355828286,3143.6036134969713
-0.010499999999999999,-0.010999999999999999,6113.7602059334458,3668.2561235600674
-0.010000000000000002,-0.010999999999999999,7052.8221617963736,4231.6932970778244
-0.0095000000000000015,-0.010999999999999999,8041.5560037478499,4824.9336022487096
-0.0090000000000000011,-0.010999999999999999,9058.0530717988659,5434.8318430793197
-0.0085000000000000006,-0.010999999999999999,10073.825740966919,6044.2954445801506
-0.0080000000000000002,-0.010999999999999999,11055.618294707769,6633.3709768246608
-0.0074999999999999997,-0.010999999999999999,11968.679305945077,7181.2075835670466
-0.0069999999999999993,-0.010999999999999999,12781.100660976697,7668.6603965860177
-0.0064999999999999988,-0.010999999999999999,13468.449067023588,8081.0694402141526
-0.0059999999999999984,-0.010999999999999999,14017.687874771409,8410.6127248628454
-0.0054999999999999979,-0.010999999999999999,14429.406017788075,8657.6436106728452
-0.005000000000000001,-0.010999999999999999,14717.667222903618,8830.6003337421698
-0.0044999999999999971,-0.010999999999999999,14907.313595428419,8944.3881572570517
-0.0040000000000000001,-0.010999999999999999,15029.175857708893,9017.5055146253362
-0.0035000000000000031,-0.010999999999999999,15114.189926583618,9068.5139559501713
-0.0029999999999999992,-0.010999999999999999,15187.736772621949,9112.6420635731683
-0.0025000000000000022,-0.010999999999999999,15265.507739020857,9159.3046434125135
-0.0019999999999999983,-0.010999999999999999,15351.839272465651,9211.1035634793898
-0.0015000000000000013,-0.010999999999999999,15440.844804106622,9264.5068824639729
-0.00099999999999999742,-0.010999999999999999,15519.957617941896,9311.9745707651382
-0.00050000000000000044,-0.010999999999999999,15574.878017045417,9344.9268102272508
0,-0.010999999999999999,15594.559587215717,9356.7357523294304
0.00050000000000000044,-0.010999999999999999,15574.872001713182,9344.9232010279084
0.0010000000000000009,-0.010999999999999999,15519.943417485458,9311.9660504912736
0.0015000000000000013,-0.010999999999999999,15440.817582083997,9264.4905492503985
0.0020000000000000018,-0.010999999999999999,15351.790502408083,9211.074301444849
0.0024999999999999988,-0.010999999999999999,15265.423610182426,9159.2541661094547
0.0030000000000000027,-0.010999999999999999,15187.595995741496,9112.5575974448966
0.0034999999999999996,-0.010999999999999999,15113.960969534388,9068.3765817206331
0.0040000000000000036,-0.010999999999999999,15028.813753194878,9017.288251916927
0.0045000000000000005,-0.010999999999999999,14906.756628644867,8944.0539771869207
0.0049999999999999975,-0.010999999999999999,14716.834011074916,8830.1004066449495
0.0055000000000000014,-0.010999999999999999,14428.193700284846,8656.9162201709078
0.0059999999999999984,-0.010999999999999999,14015.972285952541,8409.5833715715235
0.0064999999999999988,-0.010999999999999999,13466.087794015953,8079.6526764095715
0.0069999999999999993,-0.010999999999999999,12777.939726917937,7666.7638361507616
0.0074999999999999997,-0.010999999999999999,11964.563821858235,7178.7382931149414
0.0080000000000000002,-0.010999999999999999,11050.406795451892,6630.2440772711352
0.0085000000000000006,-0.010999999999999999,10067.407135268739,6040.4442811612435
0.0090000000000000011,-0.010999999999999999,9050.3643352751878,5430.2186011651129
0.0095000000000000015,-0.010999999999999999,8032.5981178825486,4819.5588707295292
0.010000000000000002,-0.010999999999999999,7042.6715472852829,4225.6029283711696
0.010500000000000002,-0.010999999999999999,6102.5731603018066,3661.5438961810837
0.011000000000000003,-0.010999999999999999,5227.347821678587,3136.4086930071521
0.011500000000000003,-0.010999999999999999,4425.8462222439839,2655.5077333463901
0.012000000000000004,-0.010999999999999999,3702.0971440965532,2221.2582864579317
0.012499999999999997,-0.010999999999999999,3056.8062576320563,1834.0837545792338
0.013000000000000005,-0.010999999999999999,2488.6119995120848,1493.1671997072508
0.013499999999999998,-0.010999999999999999,1994.9166373724472,1196.9499824234683
0.014000000000000005,-0.010999999999999999,1572.2907610904406,943.37445665426435
0.014499999999999999,-0.010999999999999999,1216.5733240237726,729.94399441426356
0.014999999999999999,-0.010999999999999999,922.83767547489049,553.70260528493429
0.0155,-0.010999999999999999,685.37522772014643,411.22513663208787
0.016000000000000007,-0.010999999999999999,497.78854775891995,298.67312865535195
0.016500000000000001,-0.010999999999999999,353.21540899220741,211.92924539532444
0.017000000000000001,-0.010999999999999999,244.64913972773536,146.78948383664121
0.017500000000000002,-0.010999999999999999,165.29109536312501,99.174657217875009
0.017999999999999995,-0.010999999999999999,108.86890462167209,65.321342773003252
0.018500000000000003,-0.010999999999999999,69.871622362427473,41.922973417456483
0.019000000000000003,-0.010999999999999999,43.679132471945344,26.207479483167205
0.019500000000000003,-0.010999999999999999,26.588260221493908,15.952956132896343
0.019999999999999997,-0.010999999999999999,15.755858259732758,9.4535149558396547
0.020499999999999997,-0.010999999999999999,9.0875283338117558,5.4525170002870533
0.021000000000000005,-0.010999999999999999,5.1007493180410197,3.0604495908246117
0.021500000000000005,-0.010999999999999999,2.7858238700624502,1.6714943220374701
0.021999999999999999,-0.010999999999999999,1.4803451389475062,0.88820708336850374
0.022499999999999999,-0.010999999999999999,0.7652952539013147,0.45917715234078882
0.023000000000000007,-0.010999999999999999,0.38488045312785052,0.23092827187671031
0.023500000000000007,-0.010999999999999999,0.18829254234278453,0.11297552540567071
0.024,-0.010999999999999999,0.089605530408635004,0.053763318245180998
0.024500000000000001,-0.010999999999999999,0.041478055096655003,0.024886833057993
0.025000000000000001,-0.010999999999999999,0.018675574639618123,0.011205344783770874
-0.025000000000000001,-0.010499999999999999,0.026236418462993547,0.015741851077796128
-0.024500000000000001,-0.010499999999999999,0.057900256311708601,0.034740153787025156
-0.024,-0.010499999999999999,0.124347926495572,0.074608755897343199
-0.0235,-0.010499999999999999,0.25987829140075691,0.15592697484045415
-0.023,-0.010499999999999999,0.52852955322377049,0.31711773193426229
-0.022500000000000003,-0.010499999999999999,1.0460067539062268,0.62760405234373606
-0.022000000000000002,-0.010499999999999999,2.0145040633731219,1.2087024380238731
-0.021500000000000002,-0.010499999999999999,3.7755309502846615,2.265318570170797
-0.021000000000000001,-0.010499999999999999,6.8861794589680905,4.1317076753808539
-0.020500000000000001,-0.010499999999999999,12.223373511085288,7.3340241066511727
-0.02,-0.010499999999999999,21.11776555247905,12.67065933148743
-0.0195,-0.010499999999999999,35.513429672591457,21.308057803554874
-0.019,-0.010499999999999999,58.141129596471266,34.884677757882756
-0.018500000000000003,-0.010499999999999999,92.682394744770875,55.609436846862522
-0.018000000000000002,-0.010499999999999999,143.89088744555724,86.334532467334341
-0.017500000000000002,-0.010499999999999999,217.62995711583045,130.57797426949827
-0.017000000000000001,-0.010499999999999999,320.78517082219099,192.47110249331459
-0.016500000000000001,-0.010499999999999999,461.02206806670841,276.61324084002501
-0.016,-0.010499999999999999,646.38441591502192,387.83064954901312
-0.0155,-0.010499999999999999,884.76472688137972,530.85883612882776
-0.015000000000000001,-0.010499999999999999,1183.3191525475697,709.99149152854181
-0.014500000000000001,-0.010499999999999999,1547.9303589170106,928.75821535020634
-0.014,-0.010499999999999999,1982.8296247374947,1189.6977748424968
-0.0135,-0.010499999999999999,2490.4611932303787,1494.2767159382272
-0.012999999999999999,-0.010499999999999999,3071.60530871737,1842.9631852304219
-0.012500000000000001,-0.010499999999999999,3725.6833773674771,2235.4100264204862
-0.012,-0.010499999999999999,4451.0766258221347,2670.6459754932807
-0.0115,-0.010499999999999999,5245.2354848660088,3147.1412909196051
-0.010999999999999999,-0.010499999999999999,6104.3753562377005,3662.6252137426204
-0.010499999999999999,-0.010499999999999999,7022.6625250784491,4213.5975150470695
-0.010000000000000002,-0.010499999999999999,7990.9785571369257,4794.5871342821556
-0.0095000000000000015,-0.010499999999999999,8995.5652325083647,5397.3391395050185
-0.0090000000000000011,-0.010499999999999999,10017.022749598831,6010.2136497592983
-0.0085000000000000006,-0.010499999999999999,11030.186531993535,6618.1119191961207
-0.0080000000000000002,-0.010499999999999999,12005.292927727185,7203.1757566363112
-0.0074999999999999997,-0.010499999999999999,12910.561772270719,7746.3370633624309
-0.0069999999999999993,-0.010499999999999999,13715.934236683799,8229.5605420102784
-0.0064999999999999988,-0.010499999999999999,14397.315948173025,8638.3895689038145
-0.0059999999999999984,-0.010499999999999999,14940.413503292712,8964.2481019756269
-0.0054999999999999979,-0.010499999999999999,15343.218181751185,9205.9309090507104
-0.005000000000000001,-0.010499999999999999,15616.423036491877,9369.8538218951253
-0.0044999999999999971,-0.010499999999999999,15781.516737977583,9468.9100427865487
-0.0040000000000000001,-0.010499999999999999,15866.864036895133,9520.1184221370786
-0.0035000000000000031,-0.010499999999999999,15902.601590513059,9541.5609543078353
-0.0029999999999999992,-0.010499999999999999,15915.498150130694,9549.2988900784167
-0.0025000000000000022,-0.010499999999999999,15924.951175650718,9554.9707053904312
-0.0019999999999999983,-0.010499999999999999,15941.002699149512,9564.6016194897074
-0.0015000000000000013,-0.010499999999999999,15964.729741022556,9578.8378446135339
-0.00099999999999999742,-0.010499999999999999,15990.741222340765,9594.444733404458
-0.00050000000000000044,-0.010499999999999999,16010.964444972398,9606.5786669834379
0,-0.010499999999999999,16018.580067634426,9611.148040580656
0.00050000000000000044,-0.010499999999999999,16010.953514726443,9606.5721088358659
0.0010000000000000009,-0.010499999999999999,15990.715419197162,9594.429251518297
0.0015000000000000013,-0.010499999999999999,15964.680276854828,9578.8081661128963
0.0020000000000000018,-0.010499999999999999,15940.914080814975,9564.5484484889839
0.0024999999999999988,-0.010499999999999999,15924.798308134858,9554.8789848809138
0.0030000000000000027,-0.010499999999999999,15915.242349475338,9549.145409685203
0.0034999999999999996,-0.010499999999999999,15902.185560813759,9541.3113364882556
0.0040000000000000036,-0.010499999999999999,15866.20606967996,9519.7236418079756
0.0045000000000000005,-0.010499999999999999,15780.504693472922,9468.302816083753
0.0049999999999999975,-0.010499999999999999,15614.909036954814,9368.9454221728884
0.0055000000000000014,-0.010499999999999999,15341.01532279572,9204.6091936774319
0.0059999999999999984,-0.010499999999999999,14937.296167954841,8962.3777007729041
0.0064999999999999988,-0.010499999999999999,14393.025363093362,8635.8152178560176
0.0069999999999999993,-0.010499999999999999,13710.19061599003,8226.1143695940173
0.0074999999999999997,-0.010499999999999999,12903.083672719551,7741.8502036317304
0.0080000000000000002,-0.010499999999999999,11995.82329804963,7197.4939788297779
0.0085000000000000006,-0.010499999999999999,11018.523512193717,6611.1141073162298
0.0090000000000000011,-0.010499999999999999,10003.051820314813,6001.8310921888879
0.0095000000000000015,-0.010499999999999999,8979.2881771595457,5387.5729062957271
0.010000000000000002,-0.010499999999999999,7972.5342370477929,4783.5205422286754
0.010500000000000002,-0.010499999999999999,7002.3349429152022,4201.4009657491215
0.011000000000000003,-0.010499999999999999,6082.5859666421129,3649.5515799852678
0.011500000000000003,-0.010499999999999999,5222.5190241771488,3133.5114145062894
0.012000000000000004,-0.010499999999999999,4428.0424575392453,2656.8254745235472
0.012499999999999997,-0.010499999999999999,3702.9669166786239,2221.7801500071741
0.013000000000000005,-0.010499999999999999,3049.8159191217765,1829.8895514730659
0.013499999999999998,-0.010499999999999999,2470.1336110671209,1482.0801666402724
0.014000000000000005,-0.010499999999999999,1964.3853046483016,1178.6311827889808
0.014499999999999999,-0.010499999999999999,1531.6533035680252,918.99198214081514
0.014999999999999999,-0.010499999999999999,1169.3482232630181,701.60893395781079
0.0155,-0.010499999999999999,873.10170707988721,523.86102424793228
0.016000000000000007,-0.010499999999999999,636.91478623231239,382.1488717393874
0.016500000000000001,-0.010499999999999999,453.54396850012085,272.12638110007248
0.017000000000000001,-0.010499999999999999,315.04155008350421,189.02493005010251
0.017500000000000002,-0.010499999999999999,213.33937190888551,128.00362314533129
0.017999999999999995,-0.010499999999999999,140.77355175687319,84.464131054123911
0.018500000000000003,-0.010499999999999999,90.479534848857355,54.287720909314409
0.019000000000000003,-0.010499999999999999,56.627127607331055,33.976276564398631
0.019500000000000003,-0.010499999999999999,34.501378949675512,20.700827369805307
0.019999999999999997,-0.010499999999999999,20.459783000322723,12.275869800193634
0.020499999999999997,-0.010499999999999999,11.807307020277968,7.0843842121667802
0.021000000000000005,-0.010499999999999999,6.6302929632521286,3.978175777951277
0.021500000000000005,-0.010499999999999999,3.6224686421562673,2.1734811852937601
0.021999999999999999,-0.010499999999999999,1.9254558083122968,1.155273484987378
0.022499999999999999,-0.010499999999999999,0.99561971537267546,0.59737182922360521
0.023000000000000007,-0.010499999999999999,0.50079963951385065,0.30047978370831036
0.023500000000000007,-0.010499999999999999,0.24503553817567766,0.14702132290540659
0.024,-0.010499999999999999,0.11662082387184441,0.069972494323106649
0.024500000000000001,-0.010499999999999999,0.053987749039820357,0.032392649423892216
0.025000000000000001,-0.010499999999999999,0.024309648356318207,0.014585789013790923
-0.025000000000000001,-0.010000000000000002,0.034183255261685495,0.020509953157011297
-0.024500000000000001,-0.010000000000000002,0.075264214966779985,0.045158528980067988
-0.024,-0.010000000000000002,0.1612911187567633,0.096774671254057976
-0.0235,-0.010000000000000002,0.33640667881596703,0.20184400728958021
-0.023,-0.010000000000000002,0.68287189359690059,0.40972313615814032
-0.022500000000000003,-0.010000000000000002,1.3490430753265177,0.80942584519591054
-0.022000000000000002,-0.010000000000000002,2.5936992857408563,1.5562195714445137
-0.021500000000000002,-0.010000000000000002,4.8531133621241773,2.9118680172745064
-0.021000000000000001,-0.010000000000000002,8.8375818033044542,5.3025490819826722
-0.020500000000000001,-0.010000000000000002,15.662835894197359,9.3977015365184151
-0.02,-0.010000000000000002,27.017865777438132,16.21071946646288
-0.0195,-0.010000000000000002,45.363334639919003,27.2180007839514
-0.019,-0.010000000000000002,74.143648406877432,44.486189044126455
-0.018500000000000003,-0.010000000000000002,117.98173795254309,70.789042771525843
-0.018000000000000002,-0.010000000000000002,182.81124754396885,109.68674852638131
-0.017500000000000002,-0.010000000000000002,275.89050293200665,165.534301759204
-0.017000000000000001,-0.010000000000000002,405.6420858874219,243.38525153245314
-0.016500000000000001,-0.010000000000000002,581.27666782130984,348.76600069278589
-0.016,-0.010000000000000002,812.19308153459042,487.31584892075421
-0.0155,-0.010000000000000002,1107.1964343366242,664.31786060197453
-0.015000000000000001,-0.010000000000000002,1473.6333284726013,884.17999708356081
-0.014500000000000001,-0.010000000000000002,1916.5919579372169,1149.95517476233
-0.014,-0.010000000000000002,2438.3352412262611,1463.0011447357567
-0.0135,-0.010000000000000002,3038.1100225748178,1822.8660135448906
-0.012999999999999999,-0.010000000000000002,3712.3980633027168,2227.4388379816301
-0.012500000000000001,-0.010000000000000002,4455.555702395668,2673.3334214374008
-0.012,-0.010000000000000002,5260.6586801750618,3156.395208105037
-0.0115,-0.010000000000000002,6120.2705564960715,3672.1623338976428
-0.010999999999999999,-0.010000000000000002,7026.8320038063475,4216.0992022838082
-0.010499999999999999,-0.010000000000000002,7972.4517524633029,4783.4710514779817
-0.010000000000000002,-0.010000000000000002,8948.0633371354779,5368.8380022812862
-0.0095000000000000015,-0.010000000000000002,9942.1513139831441,5965.2907883898861
-0.0090000000000000011,-0.010000000000000002,10939.471491569519,6563.6828949417113
-0.0085000000000000006,-0.010000000000000002,11920.308250331638,7152.1849501989827
-0.0080000000000000002,-0.010000000000000002,12860.765811929281,7716.4594871575682
-0.0074999999999999997,-0.010000000000000002,13734.365493870911,8240.6192963225458
-0.0069999999999999993,-0.010000000000000002,14514.864983190382,8708.9189899142293
-0.0064999999999999988,-0.010000000000000002,15179.828368240294,9107.8970209441759
-0.0059999999999999984,-0.010000000000000002,15714.17982875861,9428.5078972551655
-0.0054999999999999979,-0.010000000000000002,16112.874206125221,9667.7245236751332
-0.005000000000000001,-0.010000000000000002,16381.963202706356,9829.1779216238137
-0.0044999999999999971,-0.010000000000000002,16537.699907173708,9922.6199443042242
-0.0040000000000000001,-0.010000000000000002,16603.809365997407,9962.2856195984441
-0.0035000000000000031,-0.010000000000000002,16607.520444823775,9964.512266894264
-0.0029999999999999992,-0.010000000000000002,16575.26774779526,9945.1606486771561
-0.0025000000000000022,-0.010000000000000002,16529.039971097776,9917.4239826586654
-0.0019999999999999983,-0.010000000000000002,16484.153245878759,9890.4919475272545
-0.0015000000000000013,-0.010000000000000002,16448.82255157995,9869.293530947969
-0.00099999999999999742,-0.010000000000000002,16425.407794728249,9855.24467683695
-0.00050000000000000044,-0.010000000000000002,16412.764207901546,9847.6585247409275
0,-0.010000000000000002,16408.853389753982,9845.3120338523895
0.00050000000000000044,-0.010000000000000002,16412.744891042334,9847.6469346253998
0.0010000000000000009,-0.010000000000000002,16425.362193220801,9855.2173159324793
0.0015000000000000013,-0.010000000000000002,16448.735134300568,9869.2410805803411
0.0020000000000000018,-0.010000000000000002,16483.99663202951,9890.3979792177051
0.0024999999999999988,-0.010000000000000002,16528.769810637092,9917.2618863822554
0.0030000000000000027,-0.010000000000000002,16574.815675145903,9944.8894050875406
0.0034999999999999996,-0.010000000000000002,16606.785201795916,9964.0711210775498
0.0040000000000000036,-0.010000000000000002,16602.646550438018,9961.5879302628109
0.0045000000000000005,-0.010000000000000002,16535.911336148165,9921.546801688899
0.0049999999999999975,-0.010000000000000002,16379.287534104624,9827.5725204627743
0.0055000000000000014,-0.010000000000000002,16108.981126638148,9665.3886759828874
0.0059999999999999984,-0.010000000000000002,15708.670608920411,9425.2023653522465
0.0064999999999999988,-0.010000000000000002,15172.245681786519,9103.3474090719101
0.0069999999999999993,-0.010000000000000002,14504.714368758634,8702.8286212551793
0.0074999999999999997,-0.010000000000000002,13721.149561052009,8232.6897366312041
0.0080000000000000002,-0.010000000000000002,12844.030277883214,7706.4181667299281
0.0085000000000000006,-0.010000000000000002,11899.696370924948,7139.8178225549691
0.0090000000000000011,-0.010000000000000002,10914.780878456942,6548.8685270741653
0.0095000000000000015,-0.010000000000000002,9913.3851189749548,5948.0310713849731
0.010000000000000002,-0.010000000000000002,8915.4669677610946,5349.2801806566567
0.010500000000000002,-0.010000000000000002,7936.5271223615064,4761.916273416904
0.011000000000000003,-0.010000000000000002,6988.3239434242023,4192.9943660545214
0.011500000000000003,-0.010000000000000002,6080.1240973197901,3648.074458391874
0.012000000000000004,-0.010000000000000002,5219.9507411481827,3131.9704446889095
0.012499999999999997,-0.010000000000000002,4415.4092432193911,2649.2455459316348
0.013000000000000005,-0.010000000000000002,3673.8900029205579,2204.3340017523346
0.013499999999999998,-0.010000000000000002,3002.1853924729994,1801.3112354837997
0.014000000000000005,-0.010000000000000002,2405.7388718517777,1443.4433231110665
0.014499999999999999,-0.010000000000000002,1887.8257629287382,1132.6954577572428
0.014999999999999999,-0.010000000000000002,1448.9427153590877,869.3656292154526
0.0155,-0.010000000000000002,1086.5845549269754,651.95073295618522
0.016000000000000007,-0.010000000000000002,795.45754747941919,477.27452848765148
0.016500000000000001,-0.010000000000000002,568.06073497516002,340.83644098509598
0.017000000000000001,-0.010000000000000002,395.49147137629785,237.2948828257787
0.017500000000000002,-0.010000000000000002,268.30781625329166,160.984689751975
0.017999999999999995,-0.010000000000000002,177.30202708578813,106.38121625147288
0.018500000000000003,-0.010000000000000002,114.08865680343048,68.453194082058289
0.019000000000000003,-0.010000000000000002,71.467975471628804,42.880785282977278
0.019500000000000003,-0.010000000000000002,43.574752624948978,26.144851574969387
0.019999999999999997,-0.010000000000000002,25.855023113228363,15.513013867937017
0.020499999999999997,-0.010000000000000002,14.927527845263201,8.9565167071579204
0.021000000000000005,-0.010000000000000002,8.3853574495758014,5.031214469745481
0.021500000000000005,-0.010000000000000002,4.5826086479933723,2.7495651887960233
0.021999999999999999,-0.010000000000000002,2.4363256444204069,1.4617953866522442
0.022499999999999999,-0.010000000000000002,1.2599948202656879,0.75599689215941268
0.023000000000000007,-0.010000000000000002,0.63386523433052278,0.38031914059831368
0.023500000000000007,-0.010000000000000002,0.31017530437010327,0.18610518262206197
0.024,-0.010000000000000002,0.14763512655431008,0.088581075932586045
0.024500000000000001,-0.010000000000000002,0.068349699734009103,0.041009819840405463
0.025000000000000001,-0.010000000000000002,0.030778103442958175,0.018466862065774903
-0.025000000000000001,-0.0095000000000000015,0.043754735948476231,0.026252841569085739
-0.024500000000000001,-0.0095000000000000015,0.096051156860191916,0.057630694116115148
-0.024,-0.0095000000000000015,0.20526208954961181,0.12315725372976707
-0.0235,-0.0095000000000000015,0.42699562543771707,0.25619737526263026
-0.023,-0.0095000000000000015,0.8646273225991854,0.51877639355951122
-0.022500000000000003,-0.0095000000000000015,1.7041602769843722,1.0224961661906233
-0.022000000000000002,-0.0095000000000000015,3.2693110541460508,1.9615866324876303
-0.021500000000000002,-0.0095000000000000015,6.1046194398523399,3.6627716639114039
-0.021000000000000001,-0.0095000000000000015,11.094668080156351,6.6568008480938108
-0.020500000000000001,-0.0095000000000000015,19.625726435563333,11.775435861338
-0.02,-0.0095000000000000015,33.791067944867585,20.274640766920552
-0.0195,-0.0095000000000000015,56.631761789785351,33.979057073871211
-0.019,-0.0095000000000000015,92.390538950970168,55.434323370582099
-0.018500000000000003,-0.0095000000000000015,146.73844999074512,88.043069994447066
-0.018000000000000002,-0.0095000000000000015,226.91566004390228,136.14939602634135
-0.017500000000000002,-0.0095000000000000015,341.71441962465298,205.02865177479177
-0.017000000000000001,-0.0095000000000000015,501.23131821120359,300.73879092672212
-0.016500000000000001,-0.0095000000000000015,716.33466125368875,429.80079675221322
-0.016,-0.0095000000000000015,997.83559615952777,598.70135769571664
-0.0155,-0.0095000000000000015,1355.4165820046028,813.24994920276163
-0.015000000000000001,-0.0095000000000000015,1796.4472812794163,1077.8683687676498
-0.014500000000000001,-0.0095000000000000015,2324.886319531352,1394.9317917188112
-0.014,-0.0095000000000000015,2940.5025473178794,1764.3015283907275
-0.0135,-0.0095000000000000015,3638.6283441524574,2183.1770064914745
-0.012999999999999999,-0.0095000000000000015,4410.5686672840911,2646.3412003704548
-0.012500000000000001,-0.0095000000000000015,5244.6418121473007,3146.7850872883805
-0.012,-0.0095000000000000015,6127.6538004574877,3676.5922802744926
-0.0115,-0.0095000000000000015,7046.4591544708801,4227.8754926825277
-0.010999999999999999,-0.0095000000000000015,7989.1921338467291,4793.5152803080373
-0.010499999999999999,-0.0095000000000000015,8945.8042575648451,5367.4825545389067
-0.010000000000000002,-0.0095000000000000015,9907.7216099247817,5944.6329659548692
-0.0095000000000000015,-0.0095000000000000015,10866.700668033805,6520.0204008202827
-0.0090000000000000011,-0.0095000000000000015,11813.237935970257,7087.9427615821542
-0.0085000000000000006,-0.0095000000000000015,12735.084337014132,7641.0506022084792
-0.0080000000000000002,-0.0095000000000000015,13616.453638740975,8169.8721832445844
-0.0074999999999999997,-0.0095000000000000015,14438.36444347306,8663.0186660838353
-0.0069999999999999993,-0.0095000000000000015,15180.248596641781,9108.1491579850681
-0.0064999999999999988,-0.0095000000000000015,15822.582615091269,9493.5495690547614
-0.0059999999999999984,-0.0095000000000000015,16349.96958791766,9809.9817527505948
-0.0054999999999999979,-0.0095000000000000015,16753.923751242626,10052.354250745575
-0.005000000000000001,-0.0095000000000000015,17034.648461755554,10220.789077053332
-0.0044999999999999971,-0.0095000000000000015,17201.342504284563,10320.805502570738
-0.0040000000000000001,-0.0095000000000000015,17270.946187047597,10362.567712228558
-0.0035000000000000031,-0.0095000000000000015,17265.633810796942,10359.380286478165
-0.0029999999999999992,-0.0095000000000000015,17209.656508651224,10325.793905190734
-0.0025000000000000022,-0.0095000000000000015,17126.256920478729,10275.754152287236
-0.0019999999999999983,-0.0095000000000000015,17035.290213634842,10221.174128180905
-0.0015000000000000013,-0.0095000000000000015,16951.93180472072,10171.159082832432
-0.00099999999999999742,-0.0095000000000000015,16886.514571138468,10131.908742683081
-0.00050000000000000044,-0.0095000000000000015,16845.220134001647,10107.132080400988
0,-0.0095000000000000015,16831.140961747515,10098.684577048509
0.00050000000000000044,-0.0095000000000000015,16845.186930846183,10107.112158507709
0.0010000000000000009,-0.0095000000000000015,16886.436188109186,10131.861712865511
0.0015000000000000013,-0.0095000000000000015,16951.781545846559,10171.068927507935
0.0020000000000000018,-0.0095000000000000015,17035.021014903949,10221.012608942368
0.0024999999999999988,-0.0095000000000000015,17125.79254996805,10275.475529980829
0.0030000000000000027,-0.0095000000000000015,17208.879454871731,10325.327672923038
0.0034999999999999996,-0.0095000000000000015,17264.37002415899,10358.622014495393
0.0040000000000000036,-0.0095000000000000015,17268.947459129497,10361.368475477697
0.0045000000000000005,-0.0095000000000000015,17198.268184532495,10318.960910719497
0.0049999999999999975,-0.0095000000000000015,17030.049337250664,10218.029602350398
0.0055000000000000014,-0.0095000000000000015,16747.23205659222,10048.339233955332
0.0059999999999999984,-0.0095000000000000015,16340.499959300623,9804.2999755803739
0.0064999999999999988,-0.0095000000000000015,15809.548968450617,9485.7293810703704
0.0069999999999999993,-0.0095000000000000015,15162.801017542301,9097.68061052538
0.0074999999999999997,-0.0095000000000000015,14415.647982831026,8649.3887896986143
0.0080000000000000002,-0.0095000000000000015,13587.687443748131,8152.6124662488783
0.0085000000000000006,-0.0095000000000000015,12699.655211146404,7619.7931266878422
0.0090000000000000011,-0.0095000000000000015,11770.798000122735,7062.4788000736407
0.0095000000000000015,-0.0095000000000000015,10817.255339756271,6490.3532038537624
0.010000000000000002,-0.0095000000000000015,9851.6927126753035,5911.0156276051821
0.010500000000000002,-0.0095000000000000015,8884.0545152674495,5330.4327091604691
0.011000000000000003,-0.0095000000000000015,7923.001812659506,4753.8010875957034
0.011500000000000003,-0.0095000000000000015,6977.452639963597,4186.4715839781584
0.012000000000000004,-0.0095000000000000015,6057.6821754958692,3634.6093052975216
0.012499999999999997,-0.0095000000000000015,5175.6352976400249,3105.3811785840148
0.013000000000000005,-0.0095000000000000015,4344.378346096848,2606.6270076581086
0.013499999999999998,-0.0095000000000000015,3576.8786018550204,2146.1271611130123
0.014000000000000005,-0.0095000000000000015,2884.4736500682366,1730.684190040942
0.014499999999999999,-0.0095000000000000015,2275.4409912533188,1365.2645947519911
0.014999999999999999,-0.0095000000000000015,1754.0073454302808,1052.4044072581685
0.0155,-0.0095000000000000015,1319.9874561317902,791.99247367907412
0.016000000000000007,-0.0095000000000000015,969.06940115104089,581.44164069062447
0.016500000000000001,-0.0095000000000000015,693.61820056482497,416.17092033889497
0.017000000000000001,-0.0095000000000000015,483.78373897528633,290.2702433851718
0.017500000000000002,-0.0095000000000000015,328.68077259736953,197.2084635584217
0.017999999999999995,-0.0095000000000000015,217.44603036119611,130.46761821671765
0.018500000000000003,-0.0095000000000000015,140.04675248350969,84.02805149010581
0.019000000000000003,-0.0095000000000000015,87.79140699733459,52.674844198400756
0.019500000000000003,-0.0095000000000000015,53.557423148324283,32.134453888994571
0.019999999999999997,-0.0095000000000000015,31.792293437130144,19.075376062278085
0.020499999999999997,-0.0095000000000000015,18.361828034877668,11.0170968209266
0.021000000000000005,-0.0095000000000000015,10.317353540682442,6.1904121244094652
0.021500000000000005,-0.0095000000000000015,5.6396572025105733,3.3837943215063437
0.021999999999999999,-0.0095000000000000015,2.9988063400152791,1.7992838040091674
0.022499999999999999,-0.0095000000000000015,1.5510979688560036,0.93065878131360213
0.023000000000000007,-0.0095000000000000015,0.78039128253475376,0.46823476952085225
0.023500000000000007,-0.0095000000000000015,0.38190732230004765,0.22914439338002857
0.024,-0.0095000000000000015,0.18178922436137648,0.10907353461682588
0.024500000000000001,-0.0095000000000000015,0.084166009190608918,0.050499605514365352
0.025000000000000001,-0.0095000000000000015,0.037901725167457934,0.02274103510047476
-0.025000000000000001,-0.0090000000000000011,0.055181899509427548,0.033109139705656529
-0.024500000000000001,-0.0090000000000000011,0.12067648176184652,0.072405889057107903
-0.024,-0.0090000000000000011,0.25696520842768089,0.15417912505660852
-0.0235,-0.0090000000000000011,0.53275451847447808,0.31965271108468685
-0.023,-0.0090000000000000011,1.0753710453424663,0.64522262720547974
-0.022500000000000003,-0.0090000000000000011,2.1132329887461796,1.2679397932477077
-0.022000000000000002,-0.0090000000000000011,4.0427454655526995,2.4256472793316197
-0.021500000000000002,-0.0090000000000000011,7.5288858760021373,4.517331525601282
-0.021000000000000001,-0.0090000000000000011,13.64895773241361,8.1893746394481663
-0.020500000000000001,-0.0090000000000000011,24.086655852251766,14.451993511351059
-0.02,-0.0090000000000000011,41.377205555612775,24.826323333367665
-0.0195,-0.0090000000000000011,69.192600513238446,41.515560307943069
-0.019,-0.0090000000000000011,112.63842998741231,67.58305799244738
-0.018500000000000003,-0.0090000000000000011,178.51177897533628,107.10706738520177
-0.018000000000000002,-0.0090000000000000011,275.44710730454307,165.26826438272585
-0.017500000000000002,-0.0090000000000000011,413.86066561695873,248.31639937017522
-0.017000000000000001,-0.0090000000000000011,605.60287793493217,363.3617267609593
-0.016500000000000001,-0.0090000000000000011,863.25128506099463,517.95077103659673
-0.016,-0.0090000000000000011,1199.0297950307179,719.41787701843066
-0.0155,-0.0090000000000000011,1623.4213713391948,974.05282280351685
-0.015000000000000001,-0.0090000000000000011,2143.638499378596,1286.1830996271576
-0.014500000000000001,-0.0090000000000000011,2762.2053017971684,1657.3231810783011
-0.014,-0.0090000000000000011,3475.9563070633576,2085.5737842380145
-0.0135,-0.0090000000000000011,4275.7402048472331,2565.44412290834
-0.012999999999999999,-0.0090000000000000011,5147.015805372851,3088.2094832237103
-0.012500000000000001,-0.0090000000000000011,6071.3486104393132,3642.8091662635879
-0.012,-0.0090000000000000011,7028.5950168715126,4217.1570101229072
-0.0115,-0.0090000000000000011,7999.3560100050672,4799.6136060030403
-0.010999999999999999,-0.0090000000000000011,8967.1604696072227,5380.2962817643338
-0.010499999999999999,-0.0090000000000000011,9919.8530757520439,5951.9118454512263
-0.010000000000000002,-0.0090000000000000011,10849.830322485301,6509.8981934911799
-0.0095000000000000015,-0.0090000000000000011,11753.058635170479,7051.8351811022867
-0.0090000000000000011,-0.0090000000000000011,12627.144374235999,7576.2866245415989
-0.0085000000000000006,-0.0090000000000000011,13469.006266510683,8081.4037599064095
-0.0080000000000000002,-0.0090000000000000011,14272.835360234705,8563.701216140822
-0.0074999999999999997,-0.0090000000000000011,15028.96654929495,9017.3799295769695
-0.0069999999999999993,-0.0090000000000000011,15724.041056511582,9434.4246339069487
-0.0064999999999999988,-0.0090000000000000011,16342.482583165291,9805.4895498991737
-0.0059999999999999984,-0.0090000000000000011,16868.948831400619,10121.369298840371
-0.0054999999999999979,-0.0090000000000000011,17291.162111607104,10374.697266964262
-0.005000000000000001,-0.0090000000000000011,17602.438943528869,10561.463366117321
-0.0044999999999999971,-0.0090000000000000011,17803.342295842787,10682.005377505671
-0.0040000000000000001,-0.0090000000000000011,17902.126523047118,10741.275913828271
-0.0035000000000000031,-0.0090000000000000011,17913.950625302321,10748.370375181392
-0.0029999999999999992,-0.0090000000000000011,17859.108596115664,10715.465157669398
-0.0025000000000000022,-0.0090000000000000011,17760.696345536417,10656.41780732185
-0.0019999999999999983,-0.0090000000000000011,17642.173180362519,10585.303908217511
-0.0015000000000000013,-0.0090000000000000011,17525.195397977215,10515.117238786328
-0.00099999999999999742,-0.0090000000000000011,17427.945645835607,10456.767387501364
-0.00050000000000000044,-0.0090000000000000011,17364.013041240032,10418.407824744019
0,-0.0090000000000000011,17341.748283859168,10405.0489703155
0.00050000000000000044,-0.0090000000000000011,17363.9575328709,10418.37451972254
0.0010000000000000009,-0.0090000000000000011,17427.814606659915,10456.688763995948
0.0015000000000000013,-0.0090000000000000011,17524.944198206147,10514.966518923688
0.0020000000000000018,-0.0090000000000000011,17641.723139325361,10585.033883595215
0.0024999999999999988,-0.0090000000000000011,17759.920020233702,10655.95201214022
0.0030000000000000027,-0.0090000000000000011,17857.809533197767,10714.68571991866
0.0034999999999999996,-0.0090000000000000011,17911.837852157361,10747.102711294416
0.0040000000000000036,-0.0090000000000000011,17898.785089815738,10739.271053889443
0.0045000000000000005,-0.0090000000000000011,17798.202709763846,10678.921625858307
0.0049999999999999975,-0.0090000000000000011,17594.750219457546,10556.850131674528
0.0055000000000000014,-0.0090000000000000011,17279.975070751443,10367.985042450866
0.0059999999999999984,-0.0090000000000000011,16853.117696275487,10111.870617765291
0.0064999999999999988,-0.0090000000000000011,16320.693194216063,9792.4159165296369
0.0069999999999999993,-0.0090000000000000011,15694.872543837973,9416.923526302784
0.0074999999999999997,-0.0090000000000000011,14990.989626172344,8994.5937757034062
0.0080000000000000002,-0.0090000000000000011,14224.744612605138,8534.8467675630818
0.0085000000000000006,-0.0090000000000000011,13409.776564728267,8045.8659388369597
0.0090000000000000011,-0.0090000000000000011,12556.194140992917,7533.7164845957495
0.0095000000000000015,-0.0090000000000000011,11670.396927417771,7002.2381564506622
0.010000000000000002,-0.0090000000000000011,10756.16233621677,6453.6974017300618
0.010500000000000002,-0.0090000000000000011,9816.6210955143597,5889.9726573086155
0.011000000000000003,-0.0090000000000000011,8856.5048186764561,5313.9028912058739
0.011500000000000003,-0.0090000000000000011,7883.9923035853963,4730.3953821512378
0.012000000000000004,-0.0090000000000000011,6911.6178581580771,4146.9707148948464
0.012499999999999997,-0.0090000000000000011,5955.9849040196477,3573.5909424117885
0.013000000000000005,-0.0090000000000000011,5036.3601544420571,3021.816092665234
0.013499999999999998,-0.0090000000000000011,4172.5082246094789,2503.5049347656873
0.014000000000000005,-0.0090000000000000011,3382.2883207945624,2029.3729924767374
0.014499999999999999,-0.0090000000000000011,2679.5435940436296,1607.7261564261778
0.014999999999999999,-0.0090000000000000011,2072.6882661328245,1243.6129596796948
0.0155,-0.0090000000000000011,1564.191669548281,938.51500172896851
0.016000000000000007,-0.0090000000000000011,1150.9390473750068,690.56342842500408
0.016500000000000001,-0.0090000000000000011,825.27436186010584,495.16461711606348
0.017000000000000001,-0.0090000000000000011,576.43436503324301,345.86061901994577
0.017500000000000002,-0.0090000000000000011,392.07127602136597,235.24276561281957
0.017999999999999995,-0.0090000000000000011,259.61597039784647,155.76958223870787
0.018500000000000003,-0.0090000000000000011,167.32473334368845,100.39484000621307
0.019000000000000003,-0.0090000000000000011,104.949693463435,62.969816078060994
0.019500000000000003,-0.0090000000000000011,64.052982855390781,38.431789713234465
0.019999999999999997,-0.0090000000000000011,38.035694436609496,22.821416661965696
0.020499999999999997,-0.0090000000000000011,21.973695864603012,13.184217518761807
0.021000000000000005,-0.0090000000000000011,12.349458881212481,7.4096753287274879
0.021500000000000005,-0.0090000000000000011,6.7515713365282419,4.0509428019169453
0.021999999999999999,-0.0090000000000000011,3.5905211118241072,2.1543126670944641
0.022499999999999999,-0.0090000000000000011,1.8573464930302614,1.1144078958181569
0.023000000000000007,-0.0090000000000000011,0.93454692365866965,0.56072815419520172
0.023500000000000007,-0.0090000000000000011,0.45737679793207858,0.27442607875924713
0.024,-0.0090000000000000011,0.21772374336109987,0.13063424601665991
0.024500000000000001,-0.0090000000000000011,0.10080713034918422,0.060484278209510529
0.025000000000000001,-0.0090000000000000011,0.045396953519418366,0.02723817211165102
-0.025000000000000001,-0.0085000000000000006,0.068796390204941479,0.041277834122964888
-0.024500000000000001,-0.0085000000000000006,0.14974207792654448,0.089845246755926686
-0.024,-0.0085000000000000006,0.31743473457186094,0.19046084074311656
-0.0235,-0.0085000000000000006,0.65534577983812203,0.3932074679028732
-0.023,-0.0085000000000000006,1.3175468853009695,0.79052813118058174
-0.022500000000000003,-0.0085000000000000006,2.5793875368517392,1.5476325221110434
-0.022000000000000002,-0.0085000000000000006,4.9169904259578194,2.9501942555746914
-0.021500000000000002,-0.0085000000000000006,9.1262858324954319,5.4757714994972586
-0.021000000000000001,-0.0085000000000000006,16.492382385228289,9.8954294311369733
-0.020500000000000001,-0.0085000000000000006,29.017082518851364,17.410249511310816
-0.02,-0.0085000000000000006,49.704542118351704,29.82272527101102
-0.0195,-0.0085000000000000006,82.890923724413071,49.734554234647838
-0.019,-0.0085000000000000006,134.58292689844546,80.749756139067273
-0.018500000000000003,-0.0085000000000000006,212.743910471829,127.64634628309739
-0.018000000000000002,-0.0085000000000000006,327.43960962591973,196.46376577555182
-0.017500000000000002,-0.0085000000000000006,490.73627648416505,294.44176589049903
-0.017000000000000001,-0.0085000000000000006,716.24311926485632,429.74587155891379
-0.016500000000000001,-0.0085000000000000006,1018.2190138248135,610.93140829488812
-0.016,-0.0085000000000000006,1410.2275519567886,846.13653117407318
-0.0155,-0.0085000000000000006,1903.4228350301678,1142.0537010181006
-0.015000000000000001,-0.0085000000000000006,2504.6667687675363,1502.8000612605217
-0.014500000000000001,-0.0085000000000000006,3214.7894947154055,1928.8736968292433
-0.014,-0.0085000000000000006,4027.3715766561268,2416.422945993676
-0.0135,-0.0085000000000000006,4928.4139123149898,2957.048347388994
-0.012999999999999999,-0.0085000000000000006,5897.1472336985462,3538.2883402191278
-0.012500000000000001,-0.0085000000000000006,6908.0221444576009,4144.81328667456
-0.012,-0.0085000000000000006,7933.6505355310173,4760.1903213186106
-0.0115,-0.0085000000000000006,8948.2062886791446,5368.9237732074862
-0.010999999999999999,-0.0085000000000000006,9930.6162951798251,5958.3697771078951
-0.010499999999999999,-0.0085000000000000006,10866.848594024645,6520.1091564147864
-0.010000000000000002,-0.0085000000000000006,11750.761941217406,7050.4571647304438
-0.0095000000000000015,-0.0085000000000000006,12583.296050883604,7549.9776305301621
-0.0090000000000000011,-0.0085000000000000006,13370.177801301923,8022.106680781153
-0.0085000000000000006,-0.0085000000000000006,14118.688010643313,8471.2128063859873
-0.0080000000000000002,-0.0085000000000000006,14834.270144797792,8900.5620868786755
-0.0074999999999999997,-0.0085000000000000006,15517.797732338433,9310.6786394030587
-0.0069999999999999993,-0.0085000000000000006,16164.142662552427,9698.4855975314567
-0.0064999999999999988,-0.0085000000000000006,16762.355620354472,10057.413372212683
-0.0059999999999999984,-0.0085000000000000006,17297.379311127566,10378.42758667654
-0.0054999999999999979,-0.0085000000000000006,17752.871299379309,10651.722779627586
-0.005000000000000001,-0.0085000000000000006,18114.498626539687,10868.699175923812
-0.0044999999999999971,-0.0085000000000000006,18373.01713858041,11023.810283148245
-0.0040000000000000001,-0.0085000000000000006,18526.551098751417,11115.930659250849
-0.0035000000000000031,-0.0085000000000000006,18581.693249527962,11149.015949716777
-0.0029999999999999992,-0.0085000000000000006,18553.288264595067,11131.97295875704
-0.0025000000000000022,-0.0085000000000000006,18462.987519558039,11077.792511734822
-0.0019999999999999983,-0.0085000000000000006,18336.835069895074,11002.101041937045
-0.0015000000000000013,-0.0085000000000000006,18202.251072668667,10921.350643601199
-0.00099999999999999742,-0.0085000000000000006,18084.823346547553,10850.894007928531
-0.00050000000000000044,-0.0085000000000000006,18005.311213374862,10803.186728024917
0,-0.0085000000000000006,17977.219266559747,10786.331559935848
0.00050000000000000044,-0.0085000000000000006,18005.220957840709,10803.132574704425
0.0010000000000000009,-0.0085000000000000006,18084.610279383392,10850.766167630036
0.0015000000000000013,-0.0085000000000000006,18201.842626701458,10921.105576020875
0.0020000000000000018,-0.0085000000000000006,18336.103311876628,11001.661987125977
0.0024999999999999988,-0.0085000000000000006,18461.725229637177,11077.035137782306
0.0030000000000000027,-0.0085000000000000006,18551.176013426531,11130.705608055918
0.0034999999999999996,-0.0085000000000000006,18578.257921274955,11146.954752764972
0.0040000000000000036,-0.0085000000000000006,18521.117992971609,11112.670795782966
0.0045000000000000005,-0.0085000000000000006,18364.660271063487,11018.796162638091
0.0049999999999999975,-0.0085000000000000006,18101.996909971218,10861.198145982731
0.0055000000000000014,-0.0085000000000000006,17734.681387409506,10640.808832445704
0.0059999999999999984,-0.0085000000000000006,17271.638191735619,10362.982915041372
0.0064999999999999988,-0.0085000000000000006,16726.926495532633,10036.155897319579
0.0069999999999999993,-0.0085000000000000006,16116.715225335693,9670.0291352014156
0.0074999999999999997,-0.0085000000000000006,15456.047990168276,9273.628794100965
0.0080000000000000002,-0.0085000000000000006,14756.07551967482,8853.6453118048921
0.0085000000000000006,-0.0085000000000000006,14022.381661598864,8413.4289969593174
0.0090000000000000011,-0.0085000000000000006,13254.814094886613,7952.8884569319671
0.0095000000000000015,-0.0085000000000000006,12448.889713524575,7469.3338281147444
0.010000000000000002,-0.0085000000000000006,11598.459607955527,6959.0757647733162
0.010500000000000002,-0.0085000000000000006,10698.995391625598,6419.3972349753585
0.011000000000000003,-0.0085000000000000006,9750.6923478767185,5850.4154087260313
0.011500000000000003,-0.0085000000000000006,8760.627134248698,5256.3762805492188
0.012000000000000004,-0.0085000000000000006,7743.44793889009,4646.068763334054
0.012499999999999997,-0.0085000000000000006,6720.4429900271571,4032.265794016294
0.013000000000000005,-0.0085000000000000006,5717.2232863953968,3430.3339718372381
0.013499999999999998,-0.0085000000000000006,4760.5607099158287,2856.336425949497
0.014000000000000005,-0.0085000000000000006,3875.069243393827,2325.041546036296
0.014499999999999999,-0.0085000000000000006,3080.3831573550301,1848.229894413018
0.014999999999999999,-0.0085000000000000006,2389.3030623478589,1433.5818374087153
0.0155,-0.0085000000000000006,1807.1164859719115,1084.2698915831468
0.016000000000000007,-0.0085000000000000006,1332.0329267913146,799.21975607478873
0.016500000000000001,-0.0085000000000000006,956.46927152737032,573.88156291642213
0.017000000000000001,-0.0085000000000000006,668.81568167726266,401.28940900635757
0.017500000000000002,-0.0085000000000000006,455.30715061135174,273.18429036681101
0.017999999999999995,-0.0085000000000000006,301.69848733718158,181.01909240230893
0.018500000000000003,-0.0085000000000000006,194.5539907363661,116.73239444181965
0.019000000000000003,-0.0085000000000000006,122.08119008219309,73.248714049315851
0.019500000000000003,-0.0085000000000000006,74.534004860800323,44.72040291648019
0.019999999999999997,-0.0085000000000000006,44.271309694781742,26.562785816869045
0.020499999999999997,-0.0085000000000000006,25.581450463249027,15.348870277949416
0.021000000000000005,-0.0085000000000000006,14.379422397579406,8.6276534385476431
0.021500000000000005,-0.0085000000000000006,7.8623874318096778,4.7174324590858063
0.021999999999999999,-0.0085000000000000006,4.1816823770236322,2.5090094262141793
0.022499999999999999,-0.0085000000000000006,2.1633210460443872,1.2979926276266323
0.023000000000000007,-0.0085000000000000006,1.0885695882924904,0.65314175297549426
0.023500000000000007,-0.0085000000000000006,0.53278306474294834,0.31966983884576899
0.024,-0.0085000000000000006,0.25362887166881209,0.15217732300128725
0.024500000000000001,-0.0085000000000000006,0.11743489698776506,0.070460938192659028
0.025000000000000001,-0.0085000000000000006,0.052886257357124822,0.031731754414274893
-0.025000000000000001,-0.0080000000000000002,0.085085627532674346,0.051051376519604605
-0.024500000000000001,-0.0080000000000000002,0.18415339658368643,0.11049203795021185
-0.024,-0.0080000000000000002,0.38827692761985549,0.23296615657191327
-0.0235,-0.0080000000000000002,0.79747279101838686,0.47848367461103208
-0.023,-0.0080000000000000002,1.5954255117844547,0.95725530707067275
-0.022500000000000003,-0.0080000000000000002,3.1088357221024765,1.8653014332614859
-0.022000000000000002,-0.0080000000000000002,5.900035196066808,3.5400211176400846
-0.021500000000000002,-0.0080000000000000002,10.904942055137047,6.5429652330822279
-0.021000000000000001,-0.0080000000000000002,19.628284517545378,11.776970710527227
-0.020500000000000001,-0.0080000000000000002,34.404280653248819,20.64256839194929
-0.02,-0.0080000000000000002,58.721636909915553,35.232982145949329
-0.0195,-0.0080000000000000002,97.595129714321658,58.557077828592995
-0.019,-0.0080000000000000002,157.94170274952162,94.765021649712978
-0.018500000000000003,-0.0080000000000000002,248.88889901485084,149.33333940891049
-0.018000000000000002,-0.0080000000000000002,381.91299391492134,229.1477963489528
-0.017500000000000002,-0.0080000000000000002,570.68274053325206,342.40964431995121
-0.017000000000000001,-0.0080000000000000002,830.48446353908037,498.29067812344817
-0.016500000000000001,-0.0080000000000000002,1177.1377711598161,706.2826626958896
-0.016,-0.0080000000000000002,1625.3863740801348,975.23182444808083
-0.0155,-0.0080000000000000002,2186.8634975844434,1312.118098550666
-0.015000000000000001,-0.0080000000000000002,2867.8699655519167,1720.7219793311499
-0.014500000000000001,-0.0080000000000000002,3667.33386733731,2200.4003204023861
-0.014,-0.0080000000000000002,4575.4019301354356,2745.2411580812613
-0.0135,-0.0080000000000000002,5573.1026873453475,3343.8616124072082
-0.012999999999999999,-0.0080000000000000002,6633.3937117487321,3980.0362270492392
-0.012500000000000001,-0.0080000000000000002,7723.6624510796037,4634.1974706477622
-0.012,-0.0080000000000000002,8809.4327110964405,5285.6596266578645
-0.0115,-0.0080000000000000002,9858.7101741171682,5915.2261044703009
-0.010999999999999999,-0.0080000000000000002,10846.170423457475,6507.7022540744847
-0.010499999999999999,-0.0080000000000000002,11756.331082194363,7053.7986493166181
-0.010000000000000002,-0.0080000000000000002,12584.996414356665,7550.9978486139989
-0.0095000000000000015,-0.0080000000000000002,13338.601046470463,8003.1606278822774
-0.0090000000000000011,-0.0080000000000000002,14031.53384892442,8418.9203093546512
-0.0085000000000000006,-0.0080000000000000002,14681.978907827019,8809.1873446962109
-0.0080000000000000002,-0.0080000000000000002,15307.148402621187,9184.2890415727124
-0.0074999999999999997,-0.0080000000000000002,15918.914547832675,9551.3487286996042
-0.0069999999999999993,-0.0080000000000000002,16520.745281133924,9912.4471686803536
-0.0064999999999999988,-0.0080000000000000002,17106.546277427544,10263.927766456525
-0.0059999999999999984,-0.0080000000000000002,17661.594648688359,10596.956789213014
-0.0054999999999999979,-0.0080000000000000002,18165.32179192311,10899.193075153866
-0.005000000000000001,-0.0080000000000000002,18595.357122580921,11157.214273548552
-0.0044999999999999971,-0.0080000000000000002,18932.039944743588,11359.223966846153
-0.0040000000000000001,-0.0080000000000000002,19162.561848660487,11497.537109196292
-0.0035000000000000031,-0.0080000000000000002,19284.00153029646,11570.400918177877
-0.0029999999999999992,-0.0080000000000000002,19304.723017633383,11582.83381058003
-0.0025000000000000022,-0.0080000000000000002,19243.885824104727,11546.331494462836
-0.0019999999999999983,-0.0080000000000000002,19129.121118641546,11477.472671184927
-0.0015000000000000013,-0.0080000000000000002,18992.722798643827,11395.633679186296
-0.00099999999999999742,-0.0080000000000000002,18866.947662746552,11320.168597647931
-0.00050000000000000044,-0.0080000000000000002,18779.176918130994,11267.506150878597
0,-0.0080000000000000002,18747.730841930985,11248.638505158591
0.00050000000000000044,-0.0080000000000000002,18779.034184774613,11267.420510864767
0.0010000000000000009,-0.0080000000000000002,18866.610710649824,11319.966426389894
0.0015000000000000013,-0.0080000000000000002,18992.076867462492,11395.246120477495
0.0020000000000000018,-0.0080000000000000002,19127.96389012357,11476.778334074143
0.0024999999999999988,-0.0080000000000000002,19241.88959330499,11545.133755982994
0.0030000000000000027,-0.0080000000000000002,19301.382627466483,11580.82957647989
0.0034999999999999996,-0.0080000000000000002,19278.568778317276,11567.141266990366
0.0040000000000000036,-0.0080000000000000002,19153.969739259432,11492.381843555659
0.0045000000000000005,-0.0080000000000000002,18918.824093098934,11351.294455859361
0.0049999999999999975,-0.0080000000000000002,18575.586457180543,11145.351874308326
0.0055000000000000014,-0.0080000000000000002,18136.555609195526,10881.933365517316
0.0059999999999999984,-0.0080000000000000002,17620.886714242559,10572.532028545535
0.0064999999999999988,-0.0080000000000000002,17050.517381839953,10230.310429103971
0.0069999999999999993,-0.0080000000000000002,16445.741821659096,9867.4450929954564
0.0074999999999999997,-0.0080000000000000002,15821.261278834063,9492.7567673004378
0.0080000000000000002,-0.0080000000000000002,15183.488602709187,9110.0931616255111
0.0085000000000000006,-0.0080000000000000002,14529.676574586552,8717.8059447519317
0.0090000000000000011,-0.0080000000000000002,13849.093523518561,8309.4561141111353
0.0095000000000000015,-0.0080000000000000002,13126.046017802133,7875.6276106812793
0.010000000000000002,-0.0080000000000000002,12344.140012427806,7406.4840074566837
0.010500000000000002,-0.0080000000000000002,11490.881975038828,6894.529185023297
0.011000000000000003,-0.0080000000000000002,10561.632205032758,6336.9793230196547
0.011500000000000003,-0.0080000000000000002,9562.0657350901638,5737.2394410540983
0.012000000000000004,-0.0080000000000000002,8508.6394659549696,5105.1836795729814
0.012499999999999997,-0.0080000000000000002,7427.0180120525974,4456.2108072315586
0.013000000000000005,-0.0080000000000000002,6348.8554933239529,3809.3132959943714
0.013499999999999998,-0.0080000000000000002,5307.6535801896316,3184.5921481137789
0.014000000000000005,-0.0080000000000000002,4334.5455282059229,2600.7273169235536
0.014499999999999999,-0.0080000000000000002,3454.7788386668562,2072.8673032001138
0.014999999999999999,-0.0080000000000000002,2685.4296401391557,1611.2577840834933
0.0155,-0.0080000000000000002,2034.5611643221503,1220.7366985932902
0.016000000000000007,-0.0080000000000000002,1501.7265741009257,901.03594446055547
0.016500000000000001,-0.0080000000000000002,1079.4845019599104,647.69070117594617
0.017000000000000001,-0.0080000000000000002,755.4810034777621,453.28860208665725
0.017500000000000002,-0.0080000000000000002,514.65384328361279,308.79230597016766
0.017999999999999995,-0.0080000000000000002,341.20505488804167,204.72303293282499
0.018500000000000003,-0.0080000000000000002,220.122704006368,132.07362240382079
0.019000000000000003,-0.0080000000000000002,138.17100532858055,82.902603197148323
0.019500000000000003,-0.0080000000000000002,84.379196868170908,50.627518120902543
0.019999999999999997,-0.0080000000000000002,50.12932722983939,30.077596337903632
0.020499999999999997,-0.0080000000000000002,28.971048229678846,17.382628937807308
0.021000000000000005,-0.0080000000000000002,16.286773398541968,9.7720640391251798
0.021500000000000005,-0.0080000000000000002,8.9061675473994875,5.3437005284396921
0.021999999999999999,-0.0080000000000000002,4.7371925318570147,2.8423155191142087
0.022499999999999999,-0.0080000000000000002,2.4508531699461016,1.4705119019676609
0.023000000000000007,-0.0080000000000000002,1.2333125572440609,0.73998753434643649
0.023500000000000007,-0.0080000000000000002,0.60364769368586602,0.3621886162115196
0.024,-0.0080000000000000002,0.28737203514937121,0.17242322108962271
0.024500000000000001,-0.0080000000000000002,0.13306165563183348,0.07983699337910008
0.025000000000000001,-0.0080000000000000002,0.059924769718723479,0.035954861831234086
-0.025000000000000001,-0.0074999999999999997,0.10474187555416684,0.062845125332500099
-0.024500000000000001,-0.0074999999999999997,0.22522693303599473,0.13513615982159682
-0.024,-0.0074999999999999997,0.47189924524475357,0.28313954714685213
-0.0235,-0.0074999999999999997,0.96335568170957298,0.57801340902574372
-0.023,-0.0074999999999999997,1.9160658628824299,1.1496395177294578
-0.022500000000000003,-0.0074999999999999997,3.7127657763920969,2.227659465835258
-0.022000000000000002,-0.0074999999999999997,7.0084901964055417,4.2050941178433252
-0.021500000000000002,-0.0074999999999999997,12.887470518664614,7.7324823111987682
-0.021000000000000001,-0.0074999999999999997,23.083643289090706,13.850185973454423
-0.020500000000000001,-0.0074999999999999997,40.272907935920671,24.163744761552401
-0.02,-0.0074999999999999997,68.434364462235251,41.060618677341147
-0.0195,-0.0074999999999999997,113.25876128986989,67.955256773921931
-0.019,-0.0074999999999999997,182.55492170590935,109.5329530235456
-0.018500000000000003,-0.0074999999999999997,286.57134541744409,171.94280725046644
-0.018000000000000002,-0.0074999999999999997,438.11673184562341,262.87003910737405
-0.017500000000000002,-0.0074999999999999997,652.34035208791875,391.40421125275122
-0.017000000000000001,-0.0074999999999999997,946.03468365864956,567.62081019518973
-0.016500000000000001,-0.0074999999999999997,1336.3622232521111,801.81733395126662
-0.016,-0.0074999999999999997,1838.9945617553251,1103.396737053195
-0.0155,-0.0074999999999999997,2465.7822667919904,1479.4693600751941
-0.015000000000000001,-0.0074999999999999997,3222.2306718910413,1933.3384031346247
-0.014500000000000001,-0.0074999999999999997,4105.2043354762609,2463.1226012857564
-0.014,-0.0074999999999999997,5101.3750562065861,3060.8250337239515
-0.0135,-0.0074999999999999997,6186.9183382485126,3712.1510029491074
-0.012999999999999999,-0.0074999999999999997,7328.8208244046255,4397.2924946427747
-0.012500000000000001,-0.0074999999999999997,8487.8882914779842,5092.7329748867905
-0.012,-0.0074999999999999997,9623.183143574126,5773.9098861444754
-0.0115,-0.0074999999999999997,10697.252124285207,6418.3512745711241
-0.010999999999999999,-0.0074999999999999997,11681.228764974148,7008.737258984489
-0.010499999999999999,-0.0074999999999999997,12558.801148118264,7535.2806888709583
-0.010000000000000002,-0.0074999999999999997,13328.174254471991,7996.9045526831942
-0.0095000000000000015,-0.0074999999999999997,14001.516705467779,8400.9100232806668
-0.0090000000000000011,-0.0074999999999999997,14601.889392308804,8761.1336353852821
-0.0085000000000000006,-0.0074999999999999997,15158.18808843887,9094.9128530633225
-0.0080000000000000002,-0.0074999999999999997,15699.06229647586,9419.4373778855152
-0.0074999999999999997,-0.0074999999999999997,16246.994135304663,9748.1964811827984
-0.0069999999999999993,-0.0074999999999999997,16813.68598228597,10088.211589371582
-0.0064999999999999988,-0.0074999999999999997,17397.631647163318,10438.57898829799
-0.0059999999999999984,-0.0074999999999999997,17984.305580594908,10790.583348356944
-0.0054999999999999979,-0.0074999999999999997,18548.899659756935,11129.339795854161
-0.005000000000000001,-0.0074999999999999997,19061.069281138305,11436.641568682982
-0.0044999999999999971,-0.0074999999999999997,19490.799886395329,11694.479931837197
-0.0040000000000000001,-0.0074999999999999997,19814.320129064574,11888.592077438743
-0.0035000000000000031,-0.0074999999999999997,20018.986513342319,12011.391908005391
-0.0029999999999999992,-0.0074999999999999997,20106.239677173686,12063.743806304212
-0.0025000000000000022,-0.0074999999999999997,20092.057975144435,12055.234785086661
-0.0019999999999999983,-0.0074999999999999997,20004.764679348424,12002.858807609055
-0.0015000000000000013,-0.0074999999999999997,19880.517454698918,11928.31047281935
-0.00099999999999999742,-0.0074999999999999997,19757.24385786651,11854.346314719905
-0.00050000000000000044,-0.0074999999999999997,19668.100509388954,11800.860305633372
0,-0.0074999999999999997,19635.655061424626,11781.393036854775
0.00050000000000000044,-0.0074999999999999997,19667.880969530281,11800.728581718167
0.0010000000000000009,-0.0074999999999999997,19756.725587872937,11854.035352723762
0.0015000000000000013,-0.0074999999999999997,19879.523940331586,11927.714364198951
0.0020000000000000018,-0.0074999999999999997,20002.98473251798,12001.790839510788
0.0024999999999999988,-0.0074999999999999997,20088.987549010249,12053.39252940615
0.0030000000000000027,-0.0074999999999999997,20101.10178366549,12060.661070199294
0.0034999999999999996,-0.0074999999999999997,20010.63033345588,12006.378200073528
0.0040000000000000036,-0.0074999999999999997,19801.104504269941,11880.662702561964
0.0045000000000000005,-0.0074999999999999997,19470.472429129048,11682.283457477428
0.0049999999999999975,-0.0074999999999999997,19030.65978753486,11418.395872520916
0.0055000000000000014,-0.0074999999999999997,18504.654054870341,11102.792432922204
0.0059999999999999984,-0.0074999999999999997,17921.692226564068,10753.01533593844
0.0064999999999999988,-0.0074999999999999997,17311.452942123549,10386.871765274129
0.0069999999999999993,-0.0074999999999999997,16698.322276768366,10018.993366061019
0.0074999999999999997,-0.0074999999999999997,16096.792490654285,9658.0754943925713
0.0080000000000000002,-0.0074999999999999997,15508.859699938281,9305.3158199629688
0.0085000000000000006,-0.0074999999999999997,14923.930073613663,8954.358044168197
0.0090000000000000011,-0.0074999999999999997,14321.275776323266,8592.7654657939584
0.0095000000000000015,-0.0074999999999999997,13674.583309258143,8204.7499855548849
0.010000000000000002,-0.0074999999999999997,12957.710182298442,7774.6261093790654
0.010500000000000002,-0.0074999999999999997,12150.51074601919,7290.3064476115142
0.011000000000000003,-0.0074999999999999997,11243.577175718236,6746.1463054309415
0.011500000000000003,-0.0074999999999999997,10240.979814354912,6144.5878886129476
0.012000000000000004,-0.0074999999999999997,9160.5295060332082,5496.3177036199249
0.012499999999999997,-0.0074999999999999997,8031.6159815476813,4818.9695889286086
0.013000000000000005,-0.0074999999999999997,6891.1692351486236,4134.7015410891736
0.013499999999999998,-0.0074999999999999997,5778.6279361491543,3467.1767616894927
0.014000000000000005,-0.0074999999999999997,4730.9109840320434,2838.546590419226
0.014499999999999999,-0.0074999999999999997,3778.2709392633633,2266.9625635580178
0.014999999999999999,-0.0074999999999999997,2941.6170558948966,1764.9702335369379
0.0155,-0.0074999999999999997,2231.5242519332191,1338.9145511599315
0.016000000000000007,-0.0074999999999999997,1648.7919651143866,989.27517906863193
0.016500000000000001,-0.0074999999999999997,1186.160578292134,711.69634697528033
0.017000000000000001,-0.0074999999999999997,830.67097723896939,498.40258634338159
0.017500000000000002,-0.0074999999999999997,566.16164449174255,339.6969866950455
0.017999999999999995,-0.0074999999999999997,375.50337076857534,225.30202246114519
0.018500000000000003,-0.0074999999999999997,242.32572164146319,145.39543298487791
0.019000000000000003,-0.0074999999999999997,152.14537885125819,91.287227310754915
0.019500000000000003,-0.0074999999999999997,92.931179126605841,55.758707475963504
0.019999999999999997,-0.0074999999999999997,55.218431616085077,33.131058969651043
0.020499999999999997,-0.0074999999999999997,31.915989072308417,19.149593443385051
0.021000000000000005,-0.0074999999999999997,17.944025631243282,10.766415378745968
0.021500000000000005,-0.0074999999999999997,9.8131318772037801,5.8878791263222681
0.021999999999999999,-0.0074999999999999997,5.2199081814357582,3.1319449088614548
0.022499999999999999,-0.0074999999999999997,2.7007150534763378,1.6204290320858026
0.023000000000000007,-0.0074999999999999997,1.3590956571851482,0.81545739431108888
0.023500000000000007,-0.0074999999999999997,0.66523101376553118,0.39913860825931868
0.024,-0.0074999999999999997,0.31669624018661924,0.19001774411197153
0.024500000000000001,-0.0074999999999999997,0.14664212376424618,0.087985274258547699
0.025000000000000001,-0.0074999999999999997,0.066041663434047049,0.039624998060428226
-0.025000000000000001,-0.0069999999999999993,0.12868601077998945,0.077211606467993674
-0.024500000000000001,-0.0069999999999999993,0.27474821885344214,0.16484893131206527
-0.024,-0.0069999999999999993,0.57164587869410322,0.34298752721646192
-0.0235,-0.0069999999999999993,1.1590357682740242,0.69542146096441448
-0.023,-0.0069999999999999993,2.289973931899238,1.3739843591395429
-0.022500000000000003,-0.0069999999999999993,4.40871814583749,2.6452308875024939
-0.022000000000000002,-0.0069999999999999993,8.2703634583589398,4.9622180750153637
-0.021500000000000002,-0.0069999999999999993,15.116400526224806,9.0698403157348828
-0.021000000000000001,-0.0069999999999999993,26.919318027564778,16.151590816538867
-0.020500000000000001,-0.0069999999999999993,46.703759140099585,28.022255484059752
-0.02,-0.0069999999999999993,78.939191025654949,47.363514615392965
-0.0195,-0.0069999999999999993,129.97775578229806,77.986653469378837
-0.019,-0.0069999999999999993,208.48076806864472,125.08846084118683
-0.018500000000000003,-0.0069999999999999993,325.74103583316258,195.44462149989755
-0.018000000000000002,-0.0069999999999999993,495.77282459068834,297.46369475441298
-0.017500000000000002,-0.0069999999999999993,735.01840063886823,441.0110403833209
-0.017000000000000001,-0.0069999999999999993,1061.5244325871029,636.9146595522617
-0.016500000000000001,-0.0069999999999999993,1493.4876231904777,896.09257391428662
-0.016,-0.0069999999999999993,2047.1655852649717,1228.299351158983
-0.0155,-0.0069999999999999993,2734.292903847655,1640.5757423085929
-0.015000000000000001,-0.0069999999999999993,3559.3132291919014,2135.5879375151408
-0.014500000000000001,-0.0069999999999999993,4516.8979215447243,2710.1387529268345
-0.014,-0.0069999999999999993,5590.319761279593,3354.1918567677558
-0.0135,-0.0069999999999999993,6751.2364473785792,4050.7418684271474
-0.012999999999999999,-0.0069999999999999993,7961.2805793305561,4776.7683475983331
-0.012500000000000001,-0.0069999999999999993,9175.5524893430029,5505.3314936058014
-0.012,-0.0069999999999999993,10347.715412496391,6208.6292474978345
-0.0115,-0.0069999999999999993,11435.984903900342,6861.5909423402054
-0.010999999999999999,-0.0069999999999999993,12408.993304460309,7445.3959826761857
-0.010499999999999999,-0.0069999999999999993,13250.3938257358,7950.2362954414803
-0.010000000000000002,-0.0069999999999999993,13961.204854826759,8376.7229128960553
-0.0095000000000000015,-0.0069999999999999993,14559.27686756346,8735.5661205380748
-0.0090000000000000011,-0.0069999999999999993,15075.817418006789,9045.4904508040727
-0.0085000000000000006,-0.0069999999999999993,15549.509369304382,9329.7056215826287
-0.0080000000000000002,-0.0069999999999999993,16019.263311672315,9611.5579870033889
-0.0074999999999999997,-0.0069999999999999993,16516.939819630679,9910.1638917784076
-0.0069999999999999993,-0.0069999999999999993,17061.397686230732,10236.838611738438
-0.0064999999999999988,-0.0069999999999999993,17654.973822121079,10592.984293272648
-0.0059999999999999984,-0.0069999999999999993,18283.041079987186,10969.824647992311
-0.0054999999999999979,-0.0069999999999999993,18916.720371897594,11350.032223138556
-0.005000000000000001,-0.0069999999999999993,19518.251782436346,11710.951069461807
-0.0044999999999999971,-0.0069999999999999993,20048.053436144677,12028.832061686806
-0.0040000000000000001,-0.0069999999999999993,20472.190866197616,12283.314519718569
-0.0035000000000000031,-0.0069999999999999993,20768.890223417508,12461.334134050505
-0.0029999999999999992,-0.0069999999999999993,20932.873695452789,12559.724217271672
-0.0025000000000000022,-0.0069999999999999993,20976.661529652236,12585.996917791341
-0.0019999999999999983,-0.0069999999999999993,20928.523530185736,12557.114118111442
-0.0015000000000000013,-0.0069999999999999993,20827.389041377959,12496.433424826775
-0.00099999999999999742,-0.0069999999999999993,20715.624360370381,12429.374616222229
-0.00050000000000000044,-0.0069999999999999993,20631.036062154046,12378.621637292426
0,-0.0069999999999999993,20599.651692882086,12359.791015729252
0.00050000000000000044,-0.0069999999999999993,20630.707636142186,12378.424581685311
0.0010000000000000009,-0.0069999999999999993,20714.849041719433,12428.909425031659
0.0015000000000000013,-0.0069999999999999993,20825.902769302527,12495.541661581516
0.0020000000000000018,-0.0069999999999999993,20925.860775265621,12555.516465159371
0.0024999999999999988,-0.0069999999999999993,20972.068250709381,12583.240950425628
0.0030000000000000027,-0.0069999999999999993,20925.187538212573,12555.112522927544
0.0034999999999999996,-0.0069999999999999993,20756.3895920922,12453.83375525532
0.0040000000000000036,-0.0069999999999999993,20452.420629613858,12271.452377768315
0.0045000000000000005,-0.0069999999999999993,20017.644080132712,12010.586448079626
0.0049999999999999975,-0.0069999999999999993,19472.75995800316,11683.655974801895
0.0055000000000000014,-0.0069999999999999993,18850.530078968397,11310.318047381037
0.0059999999999999984,-0.0069999999999999993,18189.37310425935,10913.623862555609
0.0064999999999999988,-0.0069999999999999993,17526.052684180664,10515.631610508399
0.0069999999999999993,-0.0069999999999999993,16888.816534245576,10133.289920547346
0.0074999999999999997,-0.0069999999999999993,16292.24200199798,9775.3452011987883
0.0080000000000000002,-0.0069999999999999993,15734.725093402149,9440.8350560412891
0.0085000000000000006,-0.0069999999999999993,15199.065372391324,9119.4392234347943
0.0090000000000000011,-0.0069999999999999993,14656.026627721241,8793.6159766327437
0.0095000000000000015,-0.0069999999999999993,14070.192871109582,8442.1157226657488
0.010000000000000002,-0.0069999999999999993,13407.000080821244,8044.2000484927466
0.010500000000000002,-0.0069999999999999993,12639.601829911886,7583.761097947131
0.011000000000000003,-0.0069999999999999993,11754.277723827434,7052.5666342964605
0.011500000000000003,-0.0069999999999999993,10753.413201531772,6452.0479209190626
0.012000000000000004,-0.0069999999999999993,9655.5974072824465,5793.3584443694681
0.012499999999999997,-0.0069999999999999993,8492.9807869744145,5095.7884721846485
0.013000000000000005,-0.0069999999999999993,7306.5649986975477,4383.9389992185288
0.013499999999999998,-0.0069999999999999993,6140.4444515542446,3684.2666709325467
0.014000000000000005,-0.0069999999999999993,5036.114987272601,3021.6689923635604
0.014499999999999999,-0.0069999999999999993,4027.8139250859708,2416.6883550515822
0.014999999999999999,-0.0069999999999999993,3139.5224388904935,1883.713463334296
0.0155,-0.0069999999999999993,2383.8489068843955,1430.3093441306373
0.016000000000000007,-0.0069999999999999993,1762.6273668401896,1057.5764201041136
0.016500000000000001,-0.0069999999999999993,1268.7898050946287,761.27388305677721
0.017000000000000001,-0.0069999999999999993,888.94327925246728,533.36596755148037
0.017500000000000002,-0.0069999999999999993,606.09725887413754,363.6583553244825
0.017999999999999995,-0.0069999999999999993,402.10483832190124,241.26290299314073
0.018500000000000003,-0.0069999999999999993,259.55071464592248,155.73042878755348
0.019000000000000003,-0.0069999999999999993,162.98886995692305,97.793321974153827
0.019500000000000003,-0.0069999999999999993,99.568212927647068,59.740927756588235
0.019999999999999997,-0.0069999999999999993,59.168493604714612,35.501096162828766
0.020499999999999997,-0.0069999999999999993,34.202022323847856,20.521213394308713
0.021000000000000005,-0.0069999999999999993,19.23058150358775,11.53834890215265
0.021500000000000005,-0.0069999999999999993,10.517268572589581,6.3103611435537479
0.021999999999999999,-0.0069999999999999993,5.5946905231106072,3.3568143138663644
0.022499999999999999,-0.0069999999999999993,2.8947161566975321,1.7368296940185193
0.023000000000000007,-0.0069999999999999993,1.4567607537218479,0.87405645223310868
0.023500000000000007,-0.0069999999999999993,0.71304889226194801,0.42782933535716877
0.024,-0.0069999999999999993,0.33946615384638723,0.20367969230783234
0.024500000000000001,-0.0069999999999999993,0.15718735469948758,0.094312412819692548
0.025000000000000001,-0.0069999999999999993,0.070791483555906573,0.042474890133543941
-0.025000000000000001,-0.0064999999999999988,0.15804401591937867,0.094826409551627203
-0.024500000000000001,-0.0064999999999999988,0.33493429296146893,0.20096057577688134
-0.024,-0.0064999999999999988,0.69174566037906449,0.41504739622743869
-0.0235,-0.0064999999999999988,1.3923217346795145,0.83539304080770871
-0.023,-0.0064999999999999988,2.7310966374049985,1.638657982442999
-0.022500000000000003,-0.0064999999999999988,5.2207618195674659,3.1324570917404793
-0.022000000000000002,-0.0064999999999999988,9.7257342043131896,5.8354405225879136
-0.021500000000000002,-0.0064999999999999988,17.656012059492951,10.593607235695771
-0.021000000000000001,-0.0064999999999999988,31.234360379727327,18.740616227836394
-0.020500000000000001,-0.0064999999999999988,53.842979246203576,32.305787547722147
-0.02,-0.0064999999999999988,90.441543098971508,54.264925859382906
-0.0195,-0.0064999999999999988,148.02506828120437,88.815040968722613
-0.019,-0.0064999999999999988,236.05762432914455,141.63457459748673
-0.018500000000000003,-0.0064999999999999988,366.77985197782203,220.06791118669321
-0.018000000000000002,-0.0064999999999999988,555.25238586294495,333.15143151776698
-0.017500000000000002,-0.0064999999999999988,818.97598876406767,491.38559325844057
-0.017000000000000001,-0.0064999999999999988,1176.9379238876536,706.16275433259216
-0.016500000000000001,-0.0064999999999999988,1647.9875523690012,988.79253142140067
-0.016,-0.0064999999999999988,2248.5506090938611,1349.1303654563167
-0.0155,-0.0064999999999999988,2989.8463857361671,1793.9078314417002
-0.015000000000000001,-0.0064999999999999988,3874.9525755185191,2324.9715453111112
-0.014500000000000001,-0.0064999999999999988,4896.2279114222247,2937.7367468533348
-0.014,-0.0064999999999999988,6033.6999609090863,3620.2199765454516
-0.0135,-0.0064999999999999988,7255.0027627804693,4353.001657668281
-0.012999999999999999,-0.0064999999999999988,8517.2737887545536,5110.3642732527323
-0.012500000000000001,-0.0064999999999999988,9771.0955844081673,5862.6573506449004
-0.012,-0.0064999999999999988,10966.143528731869,6579.6861172391209
-0.0115,-0.0064999999999999988,12057.767887437662,7234.6607324625966
-0.010999999999999999,-0.0064999999999999988,13013.407864275709,7808.0447185654248
-0.010499999999999999,-0.0064999999999999988,13817.610547836786,8290.5663287020707
-0.010000000000000002,-0.0064999999999999988,14474.569081532034,8684.7414489192197
-0.0095000000000000015,-0.0064999999999999988,15007.496900784252,9004.4981404705504
-0.0090000000000000011,-0.0064999999999999988,15454.743184873803,9272.8459109242813
-0.0085000000000000006,-0.0064999999999999988,15863.200842724069,9517.9205056344417
-0.0080000000000000002,-0.0064999999999999988,16280.116110056657,9768.0696660339945
-0.0074999999999999997,-0.0064999999999999988,16744.752931194966,10046.851758716979
-0.0069999999999999993,-0.0064999999999999988,17281.422841766118,10368.85370505967
-0.0064999999999999988,-0.0064999999999999988,17895.155419391962,10737.093251635177
-0.0059999999999999984,-0.0064999999999999988,18570.809671642979,11142.485802985788
-0.0054999999999999979,-0.0064999999999999988,19275.80851563557,11565.485109381341
-0.005000000000000001,-0.0064999999999999988,19966.029660014607,11979.617796008764
-0.0044999999999999971,-0.0064999999999999988,20593.816504356037,12356.289902613622
-0.0040000000000000001,-0.0064999999999999988,21116.675354014602,12670.005212408762
-0.0035000000000000031,-0.0064999999999999988,21505.068892206913,12903.041335324147
-0.0029999999999999992,-0.0064999999999999988,21747.837465038843,13048.702479023306
-0.0025000000000000022,-0.0064999999999999988,21854.176422011278,13112.505853206767
-0.0019999999999999983,-0.0064999999999999988,21851.718662804757,13111.031197682854
-0.0015000000000000013,-0.0064999999999999988,21781.015767084267,13068.60946025056
-0.00099999999999999742,-0.0064999999999999988,21687.437897570326,13012.462738542195
-0.00050000000000000044,-0.0064999999999999988,21612.066805962495,12967.240083577497
0,-0.0064999999999999988,21583.404500040539,12950.042700024323
0.00050000000000000044,-0.0064999999999999988,21611.588948934907,12966.953369360943
0.0010000000000000009,-0.0064999999999999988,21686.309815589597,13011.785889353758
0.0015000000000000013,-0.0064999999999999988,21778.853253974732,13067.311952384838
0.0020000000000000018,-0.0064999999999999988,21847.844377256752,13108.706626354051
0.0024999999999999988,-0.0064999999999999988,21847.493240584477,13108.495944350687
0.0030000000000000027,-0.0064999999999999988,21736.654172242921,13041.992503345753
0.0034999999999999996,-0.0064999999999999988,21486.880580951278,12892.128348570766
0.0040000000000000036,-0.0064999999999999988,21087.909829520271,12652.745897712162
0.0045000000000000005,-0.0064999999999999988,20549.571152434557,12329.742691460733
0.0049999999999999975,-0.0064999999999999988,19899.839446029004,11939.903667617402
0.0055000000000000014,-0.0064999999999999988,19179.502207692523,11507.701324615513
0.0059999999999999984,-0.0064999999999999988,18434.523571134301,11060.714142680581
0.0064999999999999988,-0.0064999999999999988,17707.576270525846,10624.545762315507
0.0069999999999999993,-0.0064999999999999988,17030.318747302787,10218.191248381672
0.0074999999999999997,-0.0064999999999999988,16417.819535655934,9850.6917213935594
0.0080000000000000002,-0.0064999999999999988,15866.115445342799,9519.6692672056797
0.0085000000000000006,-0.0064999999999999988,15353.307835911079,9211.9847015466476
0.0090000000000000011,-0.0064999999999999988,14843.951189072532,8906.370713443519
0.0095000000000000015,-0.0064999999999999988,14295.883884916699,8577.5303309500196
0.010000000000000002,-0.0064999999999999988,13668.205893413584,8200.9235360481507
0.010500000000000002,-0.0064999999999999988,12928.913437795476,7757.3480626772853
0.011000000000000003,-0.0064999999999999988,12060.802315438103,7236.4813892628617
0.011500000000000003,-0.0064999999999999988,11064.631920630063,6638.7791523780379
0.012000000000000004,-0.0064999999999999988,9959.1177732429041,5975.4706639457427
0.012499999999999997,-0.0064999999999999988,8777.9596176005361,5266.7757705603217
0.013000000000000005,-0.0064999999999999988,7564.6682399167603,4538.8009439500556
0.013499999999999998,-0.0064999999999999988,6366.3056527385424,3819.7833916431255
0.014000000000000005,-0.0064999999999999988,5227.3367727884988,3136.4020636730993
0.014499999999999999,-0.0064999999999999988,4184.6148955475801,2510.768937328548
0.014999999999999999,-0.0064999999999999988,3264.1605796941813,1958.4963478165087
0.0155,-0.0064999999999999988,2479.9533788501381,1487.9720273100827
0.016000000000000007,-0.0064999999999999988,1834.5499441550494,1100.7299664930297
0.016500000000000001,-0.0064999999999999988,1321.054156156099,792.6324936936594
0.017000000000000001,-0.0064999999999999988,925.83382746085169,555.50029647651104
0.017500000000000002,-0.0064999999999999988,631.39683433360904,378.83810060016543
0.017999999999999995,-0.0064999999999999988,418.96627001728348,251.37976201037009
0.018500000000000003,-0.0064999999999999988,270.4735029195665,162.28410175173988
0.019000000000000003,-0.0064999999999999988,169.86730314190373,101.92038188514223
0.019500000000000003,-0.0064999999999999988,103.77944450522327,62.267666703133955
0.019999999999999997,-0.0064999999999999988,61.675348090489038,37.005208854293421
0.020499999999999997,-0.0064999999999999988,35.653059510740995,21.391835706444596
0.021000000000000005,-0.0064999999999999988,20.047314748079433,12.02838884884766
0.021500000000000005,-0.0064999999999999988,10.964314552257498,6.5785887313544986
0.021999999999999999,-0.0064999999999999988,5.8326530552005913,3.4995918331203546
0.022499999999999999,-0.0064999999999999988,3.0179019236539548,1.8107411541923728
0.023000000000000007,-0.0064999999999999988,1.5187786166101569,0.91126716996609414
0.023500000000000007,-0.0064999999999999988,0.7434146590495575,0.44604879542973447
0.024,-0.0064999999999999988,0.35392615407722189,0.21235569244633312
0.024500000000000001,-0.0064999999999999988,0.16388424492236894,0.098330546953421361
0.025000000000000001,-0.0064999999999999988,0.073807975854958754,0.044284785512975253
-0.025000000000000001,-0.0059999999999999984,0.1940566790471738,0.11643400742830427
-0.024500000000000001,-0.0059999999999999984,0.408259348774132,0.24495560926447918
-0.024,-0.0059999999999999984,0.83698717740227246,0.50219230644136348
-0.0235,-0.0059999999999999984,1.6722064157638474,1.0033238494583083
-0.023,-0.0059999999999999984,3.2558156314994391,1.9534893788996635
-0.022500000000000003,-0.0059999999999999984,6.1778316090447349,3.706698965426841
-0.022000000000000002,-0.0059999999999999984,11.424134074712121,6.8544804448272725
-0.021500000000000002,-0.0059999999999999984,20.588434729440571,12.353060837664342
-0.021000000000000001,-0.0059999999999999984,36.160588424936286,21.696353054961772
-0.020500000000000001,-0.0059999999999999984,61.895185930655224,37.13711155839313
-0.02,-0.0059999999999999984,103.24828675424368,61.948972052546203
-0.0195,-0.0059999999999999984,167.84473182172343,100.70683909303405
-0.019,-0.0059999999999999984,265.90435821555633,159.54261492933378
-0.018500000000000003,-0.0059999999999999984,410.51671587212513,246.31002952327506
-0.018000000000000002,-0.0059999999999999984,617.61913906500808,370.57148343900485
-0.017500000000000002,-0.0059999999999999984,905.51528537820241,543.30917122692142
-0.017000000000000001,-0.0059999999999999984,1293.7861738583508,776.27170431501042
-0.016500000000000001,-0.0059999999999999984,1801.5075687225717,1080.9045412335429
-0.016,-0.0059999999999999984,2444.8031823138249,1466.8819093882948
-0.0155,-0.0059999999999999984,3233.9258178411369,1940.3554907046821
-0.015000000000000001,-0.0059999999999999984,4170.2432365765808,2502.1459419459484
-0.014500000000000001,-0.0059999999999999984,5243.6691871702351,3146.2015123021411
-0.014,-0.0059999999999999984,6431.1685945021391,3858.7011567012833
-0.0135,-0.0059999999999999984,7696.9281273189099,4618.1568763913456
-0.012999999999999999,-0.0059999999999999984,8994.5888888478148,5396.7533333086885
-0.012500000000000001,-0.0059999999999999984,10271.593994375078,6162.9563966250471
-0.012,-0.0059999999999999984,11475.263502130689,6885.1581012784127
-0.0115,-0.0059999999999999984,12559.766431542264,7535.8598589253579
-0.010999999999999999,-0.0059999999999999984,13492.828538181855,8095.6971229091123
-0.010499999999999999,-0.0059999999999999984,14260.898097976526,8556.5388587859143
-0.010000000000000002,-0.0059999999999999984,14871.649271549592,8922.9895629297553
-0.0095000000000000015,-0.0059999999999999984,15353.126150511889,9211.8756903071335
-0.0090000000000000011,-0.0059999999999999984,15749.442558903029,9449.6655353418173
-0.0085000000000000006,-0.0059999999999999984,16113.623051648436,9668.1738309890607
-0.0080000000000000002,-0.0059999999999999984,16498.751159408519,9899.2506956451107
-0.0074999999999999997,-0.0059999999999999984,16948.954362701439,10169.372617620864
-0.0069999999999999993,-0.0059999999999999984,17491.825646344038,10495.095387806423
-0.0064999999999999988,-0.0059999999999999984,18133.648282937022,10880.188969762212
-0.0059999999999999984,-0.0059999999999999984,18858.303974276238,11314.982384565743
-0.0054999999999999979,-0.0059999999999999984,19630.097890552206,11778.058734331324
-0.005000000000000001,-0.0059999999999999984,20400.04156071939,12240.024936431633
-0.0044999999999999971,-0.0059999999999999984,21114.511629185537,12668.706977511321
-0.0040000000000000001,-0.0059999999999999984,21724.7527643781,13034.85165862686
-0.0035000000000000031,-0.0059999999999999984,22195.497843694553,13317.298706216732
-0.0029999999999999992,-0.0059999999999999984,22511.086740175426,13506.652044105254
-0.0025000000000000022,-0.0059999999999999984,22677.880634464738,13606.728380678842
-0.0019999999999999983,-0.0059999999999999984,22722.440066366751,13633.46403982005
-0.0015000000000000013,-0.0059999999999999984,22685.751530805144,13611.450918483086
-0.00099999999999999742,-0.0059999999999999984,22614.592223769105,13568.755334261463
-0.00050000000000000044,-0.0059999999999999984,22551.741104346183,13531.04466260771
0,-0.0059999999999999984,22527.026698450689,13516.216019070413
0.00050000000000000044,-0.0059999999999999984,22551.064873974494,13530.638924384695
0.0010000000000000009,-0.0059999999999999984,22612.995839802599,13567.797503881558
0.0015000000000000013,-0.0059999999999999984,22682.691291111234,13609.614774666739
0.0020000000000000018,-0.0059999999999999984,22716.957444149444,13630.174466489667
0.0024999999999999988,-0.0059999999999999984,22668.423056152853,13601.053833691711
0.0030000000000000027,-0.0059999999999999984,22495.260914023518,13497.15654841411
0.0034999999999999996,-0.0059999999999999984,22169.758997615747,13301.855398569447
0.0040000000000000036,-0.0059999999999999984,21684.04577421668,13010.427464530008
0.0045000000000000005,-0.0059999999999999984,21051.898652818272,12631.139191690963
0.0049999999999999975,-0.0059999999999999984,20306.37372615498,12183.824235692988
0.0055000000000000014,-0.0059999999999999984,19493.811832889955,11696.287099733972
0.0059999999999999984,-0.0059999999999999984,18665.441266223166,11199.2647597339
0.0064999999999999988,-0.0059999999999999984,17868.199183655575,10720.919510193346
0.0069999999999999993,-0.0059999999999999984,17136.480416855076,10281.888250113045
0.0074999999999999997,-0.0059999999999999984,16486.300726114121,9891.7804356684719
0.0080000000000000002,-0.0059999999999999984,15912.88591684548,9547.7315501072881
0.0085000000000000006,-0.0059999999999999984,15392.057567389711,9235.2345404338266
0.0090000000000000011,-0.0059999999999999984,14885.091770908526,8931.055062545116
0.0095000000000000015,-0.0059999999999999984,14346.100395032947,8607.660237019767
0.010000000000000002,-0.0059999999999999984,13730.53959452181,8238.3237567130855
0.010500000000000002,-0.0059999999999999984,13003.27512217943,7801.9650733076578
0.011000000000000003,-0.0059999999999999984,12144.766739000035,7286.8600434000209
0.011500000000000003,-0.0059999999999999984,11154.348774800212,6692.6092648801268
0.012000000000000004,-0.0059999999999999984,10050.189972563934,6030.1139835383601
0.012499999999999997,-0.0059999999999999984,8866.1763376329745,5319.7058025797842
0.013000000000000005,-0.0059999999999999984,7646.5270896657385,4587.9162537994425
0.013499999999999998,-0.0059999999999999984,6439.3051515209463,3863.5830909125675
0.014000000000000005,-0.0059999999999999984,5290.0589174713459,3174.0353504828076
0.014499999999999999,-0.0059999999999999984,4236.6434316812665,2541.9860590087596
0.014999999999999999,-0.0059999999999999984,3305.8924485494408,1983.5354691296643
0.0155,-0.0059999999999999984,2512.3603334790632,1507.4162000874378
0.016000000000000007,-0.0059999999999999984,1858.937939432461,1115.3627636594765
0.016500000000000001,-0.0059999999999999984,1338.8539311816487,803.31235870898922
0.017000000000000001,-0.0059999999999999984,938.44094159081965,563.06456495449174
0.017500000000000002,-0.0059999999999999984,640.06617822248177,384.03970693348907
0.017999999999999995,-0.0059999999999999984,424.75640930809328,254.85384558485595
0.018500000000000003,-0.0059999999999999984,274.23060002646133,164.5383600158768
0.019000000000000003,-0.0059999999999999984,172.23637194676644,103.34182316805986
0.019500000000000003,-0.0059999999999999984,105.2313707446731,63.138822446803857
0.019999999999999997,-0.0059999999999999984,62.540347727362523,37.524208636417512
0.020499999999999997,-0.0059999999999999984,36.154063641915805,21.692438185149481
0.021000000000000005,-0.0059999999999999984,20.329451518238301,12.19767091094298
0.021500000000000005,-0.0059999999999999984,11.11880504673328,6.6712830280399684
0.021999999999999999,-0.0059999999999999984,5.9149136165304199,3.5489481699182517
0.022499999999999999,-0.0059999999999999984,3.0604959203599336,1.8362975522159601
0.023000000000000007,-0.0059999999999999984,1.5402266195653704,0.92413597173922224
0.023500000000000007,-0.0059999999999999984,0.75391779048453744,0.45235067429072245
0.024,-0.0059999999999999984,0.35892826621949914,0.21535695973169947
0.024500000000000001,-0.0059999999999999984,0.16620109518628334,0.09972065711177
0.025000000000000001,-0.0059999999999999984,0.074851633618080213,0.044910980170848123
-0.025000000000000001,-0.0054999999999999979,0.2379121222539681,0.14274727335238085
-0.024500000000000001,-0.0054999999999999979,0.49712092445109657,0.29827255467065794
-0.024,-0.0054999999999999979,1.0120730154603581,0.6072438092762148
-0.0235,-0.0054999999999999979,2.0076547456848304,1.2045928474108982
-0.023,-0.0054999999999999979,3.8807407911029093,2.3284444746617456
-0.022500000000000003,-0.0054999999999999979,7.3098337323565019,4.3859002394139006
-0.022000000000000002,-0.0054999999999999979,13.417886503392538,8.0507319020355226
-0.021500000000000002,-0.0054999999999999979,24.002615599896735,14.401569359938041
-0.021000000000000001,-0.0054999999999999979,41.844903568865533,25.106942141319319
-0.020500000000000001,-0.0054999999999999979,71.096066118117861,42.657639670870715
-0.02,-0.0054999999999999979,117.72671740850187,70.636030445101113
-0.0195,-0.0054999999999999979,189.99267911646584,113.9956074698795
-0.019,-0.0054999999999999979,298.83814637566644,179.30288782539986
-0.018500000000000003,-0.0054999999999999979,458.11807727202603,274.87084636321561
-0.018000000000000002,-0.0054999999999999979,684.48989331448593,410.69393598869152
-0.017500000000000002,-0.0054999999999999979,996.81254247202105,598.08752548321263
-0.017000000000000001,-0.0054999999999999979,1414.9141633641325,848.94849801847943
-0.016500000000000001,-0.0054999999999999979,1957.6609810652403,1174.5965886391441
-0.016,-0.0054999999999999979,2640.3843353121256,1584.2306011872754
-0.0155,-0.0054999999999999979,3471.8902388617935,2083.134143317076
-0.015000000000000001,-0.0054999999999999979,4451.4588716801973,2670.8753230081184
-0.014500000000000001,-0.0054999999999999979,5566.3953249322913,3339.8371949593748
-0.014,-0.0054999999999999979,6790.7640746944444,4074.4584448166665
-0.0135,-0.0054999999999999979,8085.8797132176069,4851.5278279305639
-0.012999999999999999,-0.0054999999999999979,9402.9099646742179,5641.7459788045308
-0.012500000000000001,-0.0054999999999999979,10687.586947811857,6412.5521686871134
-0.012,-0.0054999999999999979,11886.577138333205,7131.9462829999229
-0.0115,-0.0054999999999999979,12954.625787433846,7772.7754724603074
-0.010999999999999999,-0.0054999999999999979,13861.280585603261,8316.7683513619559
-0.010499999999999999,-0.0054999999999999979,14595.910495159689,8757.5462970958124
-0.010000000000000002,-0.0054999999999999979,15169.921301137814,9101.9527806826882
-0.0095000000000000015,-0.0054999999999999979,15615.515329698837,9369.3091978193024
-0.0090000000000000011,-0.0054999999999999979,15980.966571498859,9588.5799428993141
-0.0085000000000000006,-0.0054999999999999979,16323.052840098524,9793.8317040591137
-0.0080000000000000002,-0.0054999999999999979,16697.857584651552,10018.714550790932
-0.0074999999999999997,-0.0054999999999999979,17151.502494446348,10290.901496667808
-0.0069999999999999993,-0.0054999999999999979,17712.426865343099,10627.456119205859
-0.0064999999999999988,-0.0054999999999999979,18386.583619045457,11031.950171427274
-0.0059999999999999984,-0.0054999999999999979,19156.426121411638,11493.855672846983
-0.0054999999999999979,-0.0054999999999999979,19983.906735176322,11990.344041105793
-0.005000000000000001,-0.0054999999999999979,20817.009504690177,12490.205702814106
-0.0044999999999999971,-0.0054999999999999979,21598.709792525606,12959.225875515363
-0.0040000000000000001,-0.0054999999999999979,22276.796889096564,13366.078133457939
-0.0035000000000000031,-0.0054999999999999979,22812.794973875338,13687.676984325202
-0.0029999999999999992,-0.0054999999999999979,23188.325070204479,13912.995042122688
-0.0025000000000000022,-0.0054999999999999979,23407.672334813713,14044.603400888227
-0.0019999999999999983,-0.0054999999999999979,23496.008127891706,14097.604876735024
-0.0015000000000000013,-0.0054999999999999979,23493.552565282775,14096.131539169664
-0.00099999999999999742,-0.0054999999999999979,23446.789413138315,14068.073647882988
-0.00050000000000000044,-0.0054999999999999979,23398.481469237864,14039.088881542719
0,-0.0054999999999999979,23378.526041099776,14027.115624659866
0.00050000000000000044,-0.0054999999999999979,23397.550730838469,14038.530438503081
0.0010000000000000009,-0.0054999999999999979,23444.59220946335,14066.75532567801
0.0015000000000000013,-0.0054999999999999979,23489.340564885104,14093.604338931062
0.0020000000000000018,-0.0054999999999999979,23488.462050045095,14093.077230027056
0.0024999999999999988,-0.0054999999999999979,23394.655274846187,14036.793164907713
0.0030000000000000027,-0.0054999999999999979,23166.542990134782,13899.925794080869
0.0034999999999999996,-0.0054999999999999979,22777.368980893436,13666.42138853606
0.0040000000000000036,-0.0054999999999999979,22220.769297830153,13332.461578698092
0.0045000000000000005,-0.0054999999999999979,21512.531614429707,12907.518968657823
0.0049999999999999975,-0.0054999999999999979,20688.088571725722,12412.853143035432
0.0055000000000000014,-0.0054999999999999979,19796.327660827355,11877.796596496413
0.0059999999999999984,-0.0054999999999999979,18890.977044128278,11334.586226476966
0.0064999999999999988,-0.0054999999999999979,18021.229325406857,10812.737595244114
0.0069999999999999993,-0.0054999999999999979,17223.342872708661,10334.005723625196
0.0074999999999999997,-0.0054999999999999979,16514.723190797373,9908.833914478424
0.0080000000000000002,-0.0054999999999999979,15891.494396969094,9534.8966381814553
0.0085000000000000006,-0.0054999999999999979,15329.916873433122,9197.9501240598729
0.0090000000000000011,-0.0054999999999999979,14791.306209272985,8874.7837255637914
0.0095000000000000015,-0.0054999999999999979,14229.482434636004,8537.6894607816012
0.010000000000000002,-0.0054999999999999979,13599.34027018612,8159.604162111671
0.010500000000000002,-0.0054999999999999979,12864.964881745309,7718.9789290471854
0.011000000000000003,-0.0054999999999999979,12005.858330434678,7203.5149982608064
0.011500000000000003,-0.0054999999999999979,11020.261057486945,6612.1566344921666
0.012000000000000004,-0.0054999999999999979,9925.1587941485523,5955.0952764891308
0.012499999999999997,-0.0054999999999999979,8753.2222178648772,5251.9333307189263
0.013000000000000005,-0.0054999999999999979,7547.4877095052889,4528.492625703173
0.013499999999999998,-0.0054999999999999979,6354.9340998020316,3812.9604598812189
0.014000000000000005,-0.0054999999999999979,5220.1830437386143,3132.1098262431683
0.014499999999999999,-0.0054999999999999979,4180.3624298556633,2508.217457913398
0.014999999999999999,-0.0054999999999999979,3261.7985094094101,1957.079105645646
0.0155,-0.0054999999999999979,2478.7542720541505,1487.2525632324903
0.016000000000000007,-0.0054999999999999979,1834.0211471915418,1100.4126883149249
0.016500000000000001,-0.0054999999999999979,1320.8816761037576,792.52900566225458
0.017000000000000001,-0.0054999999999999979,925.83016690537784,555.49810014322668
0.017500000000000002,-0.0054999999999999979,631.45823799556592,378.87494279733954
0.017999999999999995,-0.0054999999999999979,419.04078615876841,251.42447169526105
0.018500000000000003,-0.0054999999999999979,270.53892284156831,162.32335370494098
0.019000000000000003,-0.0054999999999999979,169.91700461093586,101.95020276656152
0.019500000000000003,-0.0054999999999999979,103.81397152028981,62.288382912173887
0.019999999999999997,-0.0054999999999999979,61.697820158863344,37.018692095318002
0.020499999999999997,-0.0054999999999999979,35.666940245305113,21.400164147183066
0.021000000000000005,-0.0054999999999999979,20.05551397327303,12.033308383963817
0.021500000000000005,-0.0054999999999999979,10.968968572613633,6.5813811435681799
0.021999999999999999,-0.0054999999999999979,5.8351998246776784,3.5011198948066071
0.022499999999999999,-0.0054999999999999979,3.0192485254115908,1.8115491152469545
0.023000000000000007,-0.0054999999999999979,1.5194677134167949,0.91168062805007688
0.023500000000000007,-0.0054999999999999979,0.74375634499913179,0.44625380699947909
0.024,-0.0054999999999999979,0.3540904633039772,0.21245427798238631
0.024500000000000001,-0.0054999999999999979,0.16396092316130492,0.098376553896782945
0.025000000000000001,-0.0054999999999999979,0.073842719536852369,0.044305631722111417
-0.025000000000000001,-0.005000000000000001,0.29050653745170096,0.17430392247102058
-0.024500000000000001,-0.005000000000000001,0.60335644940925059,0.36201386964555032
-0.024,-0.005000000000000001,1.2206701237537303,0.73240207425223813
-0.0235,-0.005000000000000001,2.4057904885874977,1.4434742931524986
-0.023,-0.005000000000000001,4.6193447337584512,2.7716068402550706
-0.022500000000000003,-0.005000000000000001,8.6415744517608672,5.1849446710565203
-0.022000000000000002,-0.005000000000000001,15.751461632723375,9.4508769796340246
-0.021500000000000002,-0.005000000000000001,27.97618055396735,16.785708332380409
-0.021000000000000001,-0.005000000000000001,48.419256241262055,29.051553744757232
-0.020500000000000001,-0.005000000000000001,81.664053413150782,48.998432047890468
-0.02,-0.005000000000000001,134.22902263391117,80.537413580346694
-0.0195,-0.005000000000000001,215.02203129486821,129.01321877692092
-0.019,-0.005000000000000001,335.70525910723552,201.42315546434131
-0.018500000000000003,-0.005000000000000001,510.84546818427992,306.50728091056794
-0.018000000000000002,-0.005000000000000001,757.6971914003492,454.61831484020951
-0.017500000000000002,-0.005000000000000001,1095.4622629791359,657.27735778748149
-0.017000000000000001,-0.005000000000000001,1543.9027768648443,926.34166611890657
-0.016500000000000001,-0.005000000000000001,2121.2669665876001,1272.7601799525601
-0.016,-0.005000000000000001,2841.6201620993625,1704.9720972596174
-0.0155,-0.005000000000000001,3711.8425670912306,2227.1055402547381
-0.015000000000000001,-0.005000000000000001,4728.7313362860586,2837.2388017716353
-0.014500000000000001,-0.005000000000000001,5876.7805886901433,3526.0683532140861
-0.014,-0.005000000000000001,7127.2578298683848,4276.3546979210305
-0.0135,-0.005000000000000001,8439.1056089713984,5063.4633653828387
-0.012999999999999999,-0.005000000000000001,9761.9553363681607,5857.1732018208959
-0.012500000000000001,-0.005000000000000001,11041.167156644906,6624.7002939869435
-0.012,-0.005000000000000001,12224.369731806915,7334.6218390841486
-0.0115,-0.005000000000000001,13268.564500345014,7961.1387002070078
-0.010999999999999999,-0.005000000000000001,14146.589151665254,8487.9534909991526
-0.010499999999999999,-0.005000000000000001,14851.693741050178,8911.0162446301056
-0.010000000000000002,-0.005000000000000001,15399.210388848031,9239.5262333088176
-0.0095000000000000015,-0.005000000000000001,15824.768311614349,9494.8609869686097
-0.0090000000000000011,-0.005000000000000001,16179.130501202246,9707.4783007213464
-0.0085000000000000006,-0.005000000000000001,16520.374712309313,9912.2248273855876
-0.0080000000000000002,-0.005000000000000001,16904.669529628303,10142.801717776982
-0.0074999999999999997,-0.005000000000000001,17377.194031748895,10426.316419049337
-0.0069999999999999993,-0.005000000000000001,17964.758452352129,10778.855071411277
-0.0064999999999999988,-0.005000000000000001,18671.407032188854,11202.844219313312
-0.0059999999999999984,-0.005000000000000001,19477.780705068963,11686.668423041378
-0.0054999999999999979,-0.005000000000000001,20344.379230189763,12206.627538113857
-0.005000000000000001,-0.005000000000000001,21218.197116591145,12730.918269954687
-0.0044999999999999971,-0.005000000000000001,22041.620626516935,13224.97237591016
-0.0040000000000000001,-0.005000000000000001,22762.057670117094,13657.234602070255
-0.0035000000000000031,-0.005000000000000001,23340.60231034732,14004.361386208391
-0.0029999999999999992,-0.005000000000000001,23758.155961759669,14254.8935770558
-0.0025000000000000022,-0.005000000000000001,24017.84225807001,14410.705354842006
-0.0019999999999999983,-0.005000000000000001,24143.213090960893,14485.927854576536
-0.0015000000000000013,-0.005000000000000001,24172.543425674943,14503.526055404966
-0.00099999999999999742,-0.005000000000000001,24150.299781754955,14490.179869052972
-0.00050000000000000044,-0.005000000000000001,24117.471452020105,14470.482871212063
0,-0.005000000000000001,24102.72758703251,14461.636552219506
0.00050000000000000044,-0.005000000000000001,24116.225512803147,14469.735307681887
0.0010000000000000009,-0.005000000000000001,24147.358480280684,14488.415088168409
0.0015000000000000013,-0.005000000000000001,24166.905003019623,14500.143001811774
0.0020000000000000018,-0.005000000000000001,24133.111483109038,14479.866889865423
0.0024999999999999988,-0.005000000000000001,24000.416883213176,14400.250129927905
0.0030000000000000027,-0.005000000000000001,23728.99723380397,14237.398340282381
0.0034999999999999996,-0.005000000000000001,23293.179066625209,13975.907439975124
0.0040000000000000036,-0.005000000000000001,22687.055958319004,13612.233574991402
0.0045000000000000005,-0.005000000000000001,21926.257628916363,13155.754577349817
0.0049999999999999975,-0.005000000000000001,21045.616242768399,12627.369745661039
0.0055000000000000014,-0.005000000000000001,20093.275240964591,12055.965144578755
0.0059999999999999984,-0.005000000000000001,19122.435512790275,11473.461307674164
0.0064999999999999988,-0.005000000000000001,18182.323050238265,10909.393830142959
0.0069999999999999993,-0.005000000000000001,17310.042876838575,10386.025726103146
0.0074999999999999997,-0.005000000000000001,16524.76513499031,9914.8590809941852
0.0080000000000000002,-0.005000000000000001,15825.226026166381,9495.1356156998281
0.0085000000000000006,-0.005000000000000001,15190.90657233576,9114.5439434014552
0.0090000000000000011,-0.005000000000000001,14586.583657612247,8751.9501945673474
0.0095000000000000015,-0.005000000000000001,13969.346056463901,8381.6076338783405
0.010000000000000002,-0.005000000000000001,13296.741530623131,7978.0449183738783
0.010500000000000002,-0.005000000000000001,12534.551756163528,7520.7310536981167
0.011000000000000003,-0.005000000000000001,11662.815673269452,6997.6894039616709
0.011500000000000003,-0.005000000000000001,10679.114147250142,6407.468488350085
0.012000000000000004,-0.005000000000000001,9598.7038760946252,5759.222325656775
0.012499999999999997,-0.005000000000000001,8451.7168035499326,5071.0300821299597
0.013000000000000005,-0.005000000000000001,7278.181857971902,4366.9091147831414
0.013499999999999998,-0.005000000000000001,6121.9636240831514,3673.1781744498908
0.014000000000000005,-0.005000000000000001,5024.7889716379568,3014.8733829827738
0.014499999999999999,-0.005000000000000001,4021.3583335212315,2412.8150001127387
0.014999999999999999,-0.005000000000000001,3136.1844926359345,1881.7106955815607
0.0155,-0.005000000000000001,2382.374426927272,1429.4246561563632
0.016000000000000007,-0.005000000000000001,1762.1766580509502,1057.3059948305702
0.016500000000000001,-0.005000000000000001,1268.838068072025,761.30284084321499
0.017000000000000001,-0.005000000000000001,889.1871962318495,533.51231773910968
0.017500000000000002,-0.005000000000000001,606.37826652038291,363.82695991222971
0.017999999999999995,-0.005000000000000001,402.35195913282314,241.41117547969387
0.018500000000000003,-0.005000000000000001,259.74137175748115,155.84482305448867
0.019000000000000003,-0.005000000000000001,163.12410577260138,97.874463463560829
0.019500000000000003,-0.005000000000000001,99.658324875188768,59.794994925113258
0.019999999999999997,-0.005000000000000001,59.225562572594221,35.53533754355653
0.020499999999999997,-0.005000000000000001,34.236615825557983,20.54196949533479
0.021000000000000005,-0.005000000000000001,19.250743339572924,11.550446003743755
0.021500000000000005,-0.005000000000000001,10.528601318050187,6.3171607908301119
0.021999999999999999,-0.005000000000000001,5.6008471215991227,3.3605082729594735
0.022499999999999999,-0.005000000000000001,2.8979537130741662,1.7387722278444997
0.023000000000000007,-0.005000000000000001,1.4584106502800294,0.87504639016801755
0.023500000000000007,-0.005000000000000001,0.71386439561047421,0.4283186373662845
0.024,-0.005000000000000001,0.33985735580258369,0.20391441348155021
0.024500000000000001,-0.005000000000000001,0.15736957339718721,0.094421744038312327
0.025000000000000001,-0.005000000000000001,0.070873928243838952,0.042524356946303368
-0.025000000000000001,-0.0044999999999999971,0.35215868112952287,0.2112952086777137
-0.024500000000000001,-0.0044999999999999971,0.72766164437433678,0.43659698662460206
-0.024,-0.0044999999999999971,1.4642571682195065,0.87855430093170384
-0.0235,-0.0044999999999999971,2.869673743243105,1.7218042459458629
-0.023,-0.0044999999999999971,5.4777934480661701,3.2866760688397019
-0.022500000000000003,-0.0044999999999999971,10.185149838046469,6.1110899028278807
-0.022000000000000002,-0.0044999999999999971,18.44796061328406,11.068776367970436
-0.021500000000000002,-0.0044999999999999971,32.552077795101901,19.531246677061141
-0.021000000000000001,-0.0044999999999999971,55.961370248530123,33.576822149118073
-0.020500000000000001,-0.0044999999999999971,93.736058585815769,56.241635151489461
-0.02,-0.0044999999999999971,152.98993525354518,91.79396115212711
-0.0195,-0.0044999999999999971,243.32447817151805,145.99468690291081
-0.019,-0.0044999999999999971,377.1417944936548,226.28507669619287
-0.018500000000000003,-0.0044999999999999971,569.70420314961734,341.82252188977037
-0.018000000000000002,-0.0044999999999999971,838.78721440359982,503.27232864215989
-0.017500000000000002,-0.0044999999999999971,1203.7785653173767,722.26713919042595
-0.017000000000000001,-0.0044999999999999971,1684.12229461929,1010.473376771574
-0.016500000000000001,-0.0044999999999999971,2297.1018336007132,1378.261100160428
-0.016,-0.0044999999999999971,3055.0972111718042,1833.0583267030825
-0.0155,-0.0044999999999999971,3962.6209039727742,2377.5725423836643
-0.015000000000000001,-0.0044999999999999971,5013.6003573853923,3008.1602144312351
-0.014500000000000001,-0.0044999999999999971,6189.4862533485293,3713.6917520091174
-0.014,-0.0044999999999999971,7458.7756495613785,4475.2653897368273
-0.0135,-0.0044999999999999971,8778.4123533389738,5267.0474120033841
-0.012999999999999999,-0.0044999999999999971,10097.255803399561,6058.3534820397363
-0.012500000000000001,-0.0044999999999999971,11361.425879902152,6816.8555279412913
-0.012,-0.0044999999999999971,12520.905768789762,7512.5434612738572
-0.0115,-0.0044999999999999971,13536.416936354946,8121.8501618129676
-0.010999999999999999,-0.0044999999999999971,14385.371295422541,8631.2227772535243
-0.010499999999999999,-0.0044999999999999971,15065.731154808112,9039.4386928848671
-0.010000000000000002,-0.0044999999999999971,15596.890680616532,9358.1344083699187
-0.0095000000000000015,-0.0044999999999999971,16017.191901184311,9610.315140710587
-0.0090000000000000011,-0.0044999999999999971,16378.304376552416,9826.9826259314486
-0.0085000000000000006,-0.0044999999999999971,16737.297971200347,10042.378782720209
-0.0080000000000000002,-0.0044999999999999971,17147.692053300289,10288.615231980173
-0.0074999999999999997,-0.0044999999999999971,17650.976842372882,10590.586105423728
-0.0069999999999999993,-0.0044999999999999971,18270.035522650265,10962.021313590159
-0.0064999999999999988,-0.0044999999999999971,19005.571582163237,11403.342949297941
-0.0059999999999999984,-0.0044999999999999971,19836.13457699577,11901.680746197462
-0.0054999999999999979,-0.0044999999999999971,20721.734742900011,12433.040845740006
-0.005000000000000001,-0.0044999999999999971,21610.442369954108,12966.265421972465
-0.0044999999999999971,-0.0044999999999999971,22446.871080028959,13468.122648017375
-0.0040000000000000001,-0.0044999999999999971,23181.117561778501,13908.670537067101
-0.0035000000000000031,-0.0044999999999999971,23776.626625012766,14265.975975007659
-0.0029999999999999992,-0.0044999999999999971,24215.598371206193,14529.359022723716
-0.0025000000000000022,-0.0044999999999999971,24500.950357477526,14700.570214486515
-0.0019999999999999983,-0.0044999999999999971,24654.446385547119,14792.66783132827
-0.0015000000000000013,-0.0044999999999999971,24711.312949388106,14826.787769632863
-0.00099999999999999742,-0.0044999999999999971,24712.353674792954,14827.412204875771
-0.00050000000000000044,-0.0044999999999999971,24695.095134091953,14817.057080455172
0,-0.0044999999999999971,24685.727745038908,14811.436647023344
0.00050000000000000044,-0.0044999999999999971,24693.472941760268,14816.083765056161
0.0010000000000000009,-0.0044999999999999971,24708.524148736022,14825.114489241612
0.0015000000000000013,-0.0044999999999999971,24703.971815992754,14822.383089595653
0.0020000000000000018,-0.0044999999999999971,24641.29425856387,14784.776555138322
0.0024999999999999988,-0.0044999999999999971,24478.262806524381,14686.957683914628
0.0030000000000000027,-0.0044999999999999971,24177.634187843752,14506.58051270625
0.0034999999999999996,-0.0044999999999999971,23714.882343059089,14228.929405835454
0.0040000000000000036,-0.0044999999999999971,23083.466568788517,13850.07994127311
0.0045000000000000005,-0.0044999999999999971,22296.670357939784,13378.00221476387
0.0049999999999999975,-0.0044999999999999971,21385.744915778134,12831.446949466879
0.0055000000000000014,-0.0044999999999999971,20394.801486261862,12236.880891757117
0.0059999999999999984,-0.0044999999999999971,19373.48099151966,11624.088594911796
0.0064999999999999988,-0.0044999999999999971,18368.792296091146,11021.275377654687
0.0069999999999999993,-0.0044999999999999971,17417.606630800114,10450.563978480068
0.0074999999999999997,-0.0044999999999999971,16541.128463899524,9924.6770783397133
0.0080000000000000002,-0.0044999999999999971,15742.274397321762,9445.3646383930572
0.0085000000000000006,-0.0044999999999999971,15006.352358032671,9003.8114148196019
0.0090000000000000011,-0.0044999999999999971,14304.834625911399,8582.9007755468392
0.0095000000000000015,-0.0044999999999999971,13601.462695977309,8160.877617586385
0.010000000000000002,-0.0044999999999999971,12859.510868687807,7715.7065212126836
0.010500000000000002,-0.0044999999999999971,12048.850469043076,7229.3102814258455
0.011000000000000003,-0.0044999999999999971,11151.539150624438,6690.9234903746628
0.011500000000000003,-0.0044999999999999971,10164.995241891322,6098.9971451347928
0.012000000000000004,-0.0044999999999999971,9102.3320866256036,5461.3992519753619
0.012499999999999997,-0.0044999999999999971,7990.004185438388,4794.0025112630328
0.013000000000000005,-0.0044999999999999971,6863.4236586008619,4118.0541951605173
0.013499999999999998,-0.0044999999999999971,5761.5316675718632,3456.9190005431178
0.014000000000000005,-0.0044999999999999971,4721.3958376254595,2832.8375025752757
0.014499999999999999,-0.0044999999999999971,3773.7570481174916,2264.2542288704949
0.014999999999999999,-0.0044999999999999971,2940.1306066661004,1764.0783639996603
0.0155,-0.0044999999999999971,2231.6752905571984,1339.005174334319
0.016000000000000007,-0.0044999999999999971,1649.6795544296847,989.80773265781079
0.016500000000000001,-0.0044999999999999971,1187.2534528397894,712.35207170387355
0.017000000000000001,-0.0044999999999999971,831.69339610371446,499.01603766222865
0.017500000000000002,-0.0044999999999999971,566.99926035589613,340.19955621353768
0.017999999999999995,-0.0044999999999999971,376.13357686268154,225.68014611760893
0.018500000000000003,-0.0044999999999999971,242.77080693671817,145.66248416203089
0.019000000000000003,-0.0044999999999999971,152.44397639780721,91.466385838684317
0.019500000000000003,-0.0044999999999999971,93.122833211542144,55.873699926925283
0.019999999999999997,-0.0044999999999999971,55.33666605364094,33.20199963218456
0.020499999999999997,-0.0044999999999999971,31.986316288373065,19.191789773023839
0.021000000000000005,-0.0044999999999999971,17.984447047641854,10.790668228585112
0.021500000000000005,-0.0044999999999999971,9.8356171062380415,5.9013702637428249
0.021999999999999999,-0.0044999999999999971,5.2320277671338751,3.1392166602803249
0.022499999999999999,-0.0044999999999999971,2.7070502714585802,1.6242301628751481
0.023000000000000007,-0.0044999999999999971,1.3623093527361465,0.81738561164168788
0.023500000000000007,-0.0044999999999999971,0.66681384732957094,0.40008830839774256
0.024,-0.0044999999999999971,0.31745345712234369,0.19047207427340621
0.024500000000000001,-0.0044999999999999971,0.14699408014162466,0.088196448084974788
0.025000000000000001,-0.0044999999999999971,0.066200642733445184,0.039720385640067107
-0.025000000000000001,-0.0040000000000000001,0.42232396121775279,0.25339437673065168
-0.024500000000000001,-0.0040000000000000001,0.86900426562723521,0.52140255937634106
-0.024,-0.0040000000000000001,1.7409544254101512,1.0445726552460908
-0.0235,-0.0040000000000000001,3.3960275562973341,2.0376165337784005
-0.023,-0.0040000000000000001,6.4506464042484435,3.8703878425490661
-0.022500000000000003,-0.0040000000000000001,11.93202797672987,7.1592167860379217
-0.022000000000000002,-0.0040000000000000001,21.49492038439298,12.896952230635788
-0.021500000000000002,-0.0040000000000000001,37.713797913749218,22.628278748249532
-0.021000000000000001,-0.0040000000000000001,64.452620845439455,38.671572507263669
-0.020500000000000001,-0.0040000000000000001,107.29774316562367,64.378645899374206
-0.02,-0.0040000000000000001,174.01432491624891,104.40859494974934
-0.0195,-0.0040000000000000001,274.95377798673974,164.97226679204383
-0.019,-0.0040000000000000001,423.30373681096006,253.98224208657604
-0.018500000000000003,-0.0040000000000000001,635.04121259237786,381.02472755542669
-0.018000000000000002,-0.0040000000000000001,928.43608296700586,557.06164978020354
-0.017500000000000002,-0.0040000000000000001,1322.9698040567916,793.78188243407499
-0.017000000000000001,-0.0040000000000000001,1837.5951905868835,1102.5571143521302
-0.016500000000000001,-0.0040000000000000001,2488.3722294442191,1493.0233376665315
-0.016,-0.0040000000000000001,3285.6648238356597,1971.3988943013958
-0.0155,-0.0040000000000000001,4231.2510643913238,2538.7506386347941
-0.015000000000000001,-0.0040000000000000001,5315.8469459932858,3189.5081675959714
-0.014500000000000001,-0.0040000000000000001,6517.6232980618215,3910.5739788370929
-0.014,-0.0040000000000000001,7802.2636964406856,4681.358217864411
-0.0135,-0.0040000000000000001,9124.9405972635395,5474.9643583581237
-0.012999999999999999,-0.0040000000000000001,10434.282826307928,6260.5696957847567
-0.012500000000000001,-0.0040000000000000001,11678.013950194407,7006.8083701166443
-0.012,-0.0040000000000000001,12809.537669705946,7685.7226018235669
-0.0115,-0.0040000000000000001,13794.43249616866,8276.6594977011955
-0.010999999999999999,-0.0040000000000000001,14615.686578712037,8769.4119472272214
-0.010499999999999999,-0.0040000000000000001,15276.612774226673,9165.9676645360032
-0.010000000000000002,-0.0040000000000000001,15800.7354415553,9480.4412649331789
-0.0095000000000000015,-0.0040000000000000001,16228.472490424887,9737.0834942549318
-0.0090000000000000011,-0.0040000000000000001,16611.03701655749,9966.6222099344941
-0.0085000000000000006,-0.0040000000000000001,17002.51902802967,10201.511416817802
-0.0080000000000000002,-0.0040000000000000001,17451.460592715302,10470.876355629181
-0.0074999999999999997,-0.0040000000000000001,17993.334422828601,10796.00065369716
-0.0069999999999999993,-0.0040000000000000001,18645.16575147297,11187.099450883781
-0.0064999999999999988,-0.0040000000000000001,19403.148454805705,11641.889072883423
-0.0059999999999999984,-0.0040000000000000001,20243.586272397995,12146.151763438796
-0.0054999999999999979,-0.0040000000000000001,21126.939200409324,12676.163520245595
-0.005000000000000001,-0.0040000000000000001,22004.264040389513,13202.558424233708
-0.0044999999999999971,-0.0040000000000000001,22824.973957573766,13694.984374544259
-0.0040000000000000001,-0.0040000000000000001,23544.646915868048,14126.788149520829
-0.0035000000000000031,-0.0040000000000000001,24131.608168726063,14478.964901235637
-0.0029999999999999992,-0.0040000000000000001,24571.201103841962,14742.720662305177
-0.0025000000000000022,-0.0040000000000000001,24867.027850431463,14920.216710258877
-0.0019999999999999983,-0.0040000000000000001,25038.945095855892,15023.367057513535
-0.0015000000000000013,-0.0040000000000000001,25118.170505549464,15070.902303329678
-0.00099999999999999742,-0.0040000000000000001,25140.393395471212,15084.236037282726
-0.00050000000000000044,-0.0040000000000000001,25138.181064845638,15082.908638907382
0,-0.0040000000000000001,25134.134987963324,15080.480992777993
0.00050000000000000044,-0.0040000000000000001,25136.126858356627,15081.676115013976
0.0010000000000000009,-0.0040000000000000001,25135.544009167035,15081.32640550022
0.0015000000000000013,-0.0040000000000000001,25108.874318184437,15065.324590910661
0.0020000000000000018,-0.0040000000000000001,25022.290360122264,15013.374216073358
0.0024999999999999988,-0.0040000000000000001,24838.298264255085,14902.978958553051
0.0030000000000000027,-0.0040000000000000001,24523.126488834838,14713.875893300903
0.0034999999999999996,-0.0040000000000000001,24053.420458075834,14432.052274845501
0.0040000000000000036,-0.0040000000000000001,23420.989998287627,14052.593998972576
0.0045000000000000005,-0.0040000000000000001,22634.772529577975,13580.863517746784
0.0049999999999999975,-0.0040000000000000001,21719.72628280193,13031.835769681158
0.0055000000000000014,-0.0040000000000000001,20712.938712216128,12427.763227329677
0.0059999999999999984,-0.0040000000000000001,19657.721095447094,11794.632657268256
0.0064999999999999988,-0.0040000000000000001,18596.785290605054,11158.071174363033
0.0069999999999999993,-0.0040000000000000001,17565.722255865097,10539.433353519058
0.0074999999999999997,-0.0040000000000000001,16587.916768983276,9952.7500613899647
0.0080000000000000002,-0.0040000000000000001,15671.759128038564,9403.0554768231377
0.0085000000000000006,-0.0040000000000000001,14810.596626937135,8886.3579761622805
0.0090000000000000011,-0.0040000000000000001,13985.371160944302,8391.2226965665814
0.0095000000000000015,-0.0040000000000000001,13169.398352227941,7901.6390113367643
0.010000000000000002,-0.0040000000000000001,12334.350314015292,7400.610188409175
0.010500000000000002,-0.0040000000000000001,11456.291496511745,6873.7748979070466
0.011000000000000003,-0.0040000000000000001,10520.636413280037,6312.3818479680222
0.011500000000000003,-0.0040000000000000001,9525.1506195991988,5715.0903717595193
0.012000000000000004,-0.0040000000000000001,8480.5465236420496,5088.3279141852299
0.012499999999999997,-0.0040000000000000001,7408.7320736247675,4445.2392441748607
0.013000000000000005,-0.0040000000000000001,6339.2326608751819,3803.5395965251091
0.013499999999999998,-0.0040000000000000001,5304.6193195459782,3182.7715917275868
0.014000000000000005,-0.0040000000000000001,4335.8785688915787,2601.5271413349469
0.014499999999999999,-0.0040000000000000001,3458.5491598344388,2075.1294959006632
0.014999999999999999,-0.0040000000000000001,2690.1810902809775,1614.1086541685866
0.0155,-0.0040000000000000001,2039.3286629848717,1223.597197790923
0.016000000000000007,-0.0040000000000000001,1505.9633581919732,903.57801491518387
0.016500000000000001,-0.0040000000000000001,1082.9545727021123,649.7727436212673
0.017000000000000001,-0.0040000000000000001,758.15168653848264,454.89101192308959
0.017500000000000002,-0.0040000000000000001,516.60661593622103,309.9639695617326
0.017999999999999995,-0.0040000000000000001,342.57084008565732,205.54250405139439
0.018500000000000003,-0.0040000000000000001,221.04054765357904,132.62432859214741
0.019000000000000003,-0.0040000000000000001,138.76551838618909,83.259311031713452
0.019500000000000003,-0.0040000000000000001,84.751181345810068,50.850708807486036
0.019999999999999997,-0.0040000000000000001,50.35452493704819,30.212714962228912
0.020499999999999997,-0.0040000000000000001,29.103118000156687,17.461870800094012
0.021000000000000005,-0.0040000000000000001,16.361873189733618,9.8171239138401702
0.021500000000000005,-0.0040000000000000001,8.9476029052667521,5.3685617431600514
0.021999999999999999,-0.0040000000000000001,4.7593863292250198,2.8556317975350116
0.022499999999999999,-0.0040000000000000001,2.4623982940227074,1.4774389764136244
0.023000000000000007,-0.0040000000000000001,1.2391471455365646,0.74348828732193872
0.023500000000000007,-0.0040000000000000001,0.60651301835355642,0.36390781101213382
0.024,-0.0040000000000000001,0.28873967938483858,0.17324380763090313
0.024500000000000001,-0.0040000000000000001,0.13369621669304488,0.080217730015826924
0.025000000000000001,-0.0040000000000000001,0.060211006677381655,0.036126604006428989
-0.025000000000000001,-0.0035000000000000031,0.49936861045475561,0.29962116627285335
-0.024500000000000001,-0.0035000000000000031,1.0241571573691717,0.61449429442150294
-0.024,-0.0035000000000000031,2.0445834696168825,1.2267500817701296
-0.0235,-0.0035000000000000031,3.9733936821734619,2.3840362093040772
-0.023,-0.0035000000000000031,7.5173333901685186,4.510400034101111
-0.022500000000000003,-0.0035000000000000031,13.846492838800579,8.3078957032803462
-0.022000000000000002,-0.0035000000000000031,24.832428938236674,14.899457362942004
-0.021500000000000002,-0.0035000000000000031,43.364385167561046,26.018631100536627
-0.021000000000000001,-0.0035000000000000031,73.741921837757133,44.245153102654278
-0.020500000000000001,-0.0035000000000000031,122.12297942759828,73.273787656558966
-0.02,-0.0035000000000000031,196.97830903315676,118.18698541989406
-0.0195,-0.0035000000000000031,309.46835949179484,185.68101569507689
-0.019,-0.0035000000000000031,473.62283200808082,284.1736992048485
-0.018500000000000003,-0.0035000000000000031,706.17606572281659,423.70563943368995
-0.018000000000000002,-0.0035000000000000031,1025.9063895439947,615.54383372639677
-0.017500000000000002,-0.0035000000000000031,1452.3584846702174,871.41509080213041
-0.017000000000000001,-0.0035000000000000031,2003.9049218535927,1202.3429531121556
-0.016500000000000001,-0.0035000000000000031,2695.227580902651,1617.1365485415906
-0.016,-0.0035000000000000031,3534.4589037268429,2120.6753422361057
-0.0155,-0.0035000000000000031,4520.3880272400838,2712.2328163440502
-0.015000000000000001,-0.0035000000000000031,5640.2653726025765,3384.1592235615458
-0.014500000000000001,-0.0035000000000000031,6868.7835999927556,4121.2701599956536
-0.014,-0.0035000000000000031,8168.7334280964651,4901.2400568578787
-0.0135,-0.0035000000000000031,9493.6133631025659,5696.1680178615397
-0.012999999999999999,-0.0035000000000000031,10792.131938714938,6475.2791632289627
-0.012500000000000001,-0.0035000000000000031,12014.137838528222,7208.4827031169334
-0.012,-0.0035000000000000031,13117.136423483989,7870.2818540903936
-0.0115,-0.0035000000000000031,14072.300620607977,8443.3803723647852
-0.010999999999999999,-0.0035000000000000031,14868.842605727166,8921.3055634362991
-0.010499999999999999,-0.0035000000000000031,15515.8185453357,9309.4911272014197
-0.010000000000000002,-0.0035000000000000031,16040.868495731185,9624.5210974387101
-0.0095000000000000015,-0.0035000000000000031,16485.962569846415,9891.5775419078491
-0.0090000000000000011,-0.0035000000000000031,16900.805931495284,10140.483558897171
-0.0085000000000000006,-0.0035000000000000031,17335.014313392781,10401.008588035669
-0.0080000000000000002,-0.0035000000000000031,17830.403456577878,10698.242073946727
-0.0074999999999999997,-0.0035000000000000031,18414.693398767809,11048.816039260686
-0.0069999999999999993,-0.0035000000000000031,19097.63377145525,11458.580262873149
-0.0064999999999999988,-0.0035000000000000031,19870.088578246789,11922.053146948072
-0.0059999999999999984,-0.0035000000000000031,20706.087990992124,12423.652794595275
-0.0054999999999999979,-0.0035000000000000031,21567.368083314384,12940.42084998863
-0.005000000000000001,-0.0035000000000000031,22409.556823512019,13445.734094107211
-0.0044999999999999971,-0.0035000000000000031,23188.966435019815,13913.379861011888
-0.0040000000000000001,-0.0035000000000000031,23868.922884068455,14321.353730441073
-0.0035000000000000031,-0.0035000000000000031,24424.683945318811,14654.810367191287
-0.0029999999999999992,-0.0035000000000000031,24846.239024792892,14907.743414875735
-0.0025000000000000022,-0.0035000000000000031,25138.61451374934,15083.168708249603
-0.0019999999999999983,-0.0035000000000000031,25319.691883112191,15191.815129867315
-0.0015000000000000013,-0.0035000000000000031,25415.937492307141,15249.562495384283
-0.00099999999999999742,-0.0035000000000000031,25456.787928639322,15274.072757183592
-0.00050000000000000044,-0.0035000000000000031,25468.671772337428,15281.203063402456
0,-0.0035000000000000031,25469.724761302103,15281.834856781261
0.00050000000000000044,-0.0035000000000000031,25466.141763059299,15279.685057835579
0.0010000000000000009,-0.0035000000000000031,25450.815309816229,15270.489185889737
0.0015000000000000013,-0.0035000000000000031,25404.488088164686,15242.69285289881
0.0020000000000000018,-0.0035000000000000031,25299.17951682561,15179.507710095366
0.0024999999999999988,-0.0035000000000000031,25103.230476179669,15061.938285707802
0.0030000000000000027,-0.0035000000000000031,24787.029192353391,14872.217515412034
0.0034999999999999996,-0.0035000000000000031,24328.386112340995,14597.031667404597
0.0040000000000000036,-0.0035000000000000031,23716.624100836649,14229.97446050199
0.0045000000000000005,-0.0035000000000000031,22954.709859492032,13772.825915695219
0.0049999999999999975,-0.0035000000000000031,22059.113394126744,13235.468036476046
0.0055000000000000014,-0.0035000000000000031,21057.475294112421,12634.485176467451
0.0059999999999999984,-0.0035000000000000031,19984.52258783155,11990.71355269893
0.0064999999999999988,-0.0035000000000000031,18876.95264089949,11326.171584539694
0.0069999999999999993,-0.0035000000000000031,17768.16564168685,10660.89938501211
0.0074999999999999997,-0.0035000000000000031,16683.747788919987,10010.248673351993
0.0080000000000000002,-0.0035000000000000031,15638.481056362332,9383.0886338173987
0.0085000000000000006,-0.0035000000000000031,14635.390862017106,8781.2345172102632
0.0090000000000000011,-0.0035000000000000031,13666.973786818693,8200.1842720912155
0.0095000000000000015,-0.0035000000000000031,12718.334537550636,7631.0007225303816
0.010000000000000002,-0.0035000000000000031,11771.586619172729,7062.9519715036377
0.010500000000000002,-0.0035000000000000031,10810.620538340509,6486.3723230043051
0.011000000000000003,-0.0035000000000000031,9825.2820053839314,5895.169203230359
0.011500000000000003,-0.0035000000000000031,8814.1521255812549,5288.4912753487524
0.012000000000000004,-0.0035000000000000031,7785.4485804806563,4671.2691482883938
0.012499999999999997,-0.0035000000000000031,6755.9893435012818,4053.5936061007687
0.013000000000000005,-0.0035000000000000031,5748.5713383707853,3449.1428030224711
0.013499999999999998,-0.0035000000000000031,4788.4153561041339,2873.0492136624803
0.014000000000000005,-0.0035000000000000031,3899.4515515268017,2339.670930916081
0.014499999999999999,-0.0035000000000000031,3101.1555676594917,1860.693340595695
0.014999999999999999,-0.0035000000000000031,2406.4332278039055,1443.8599366823432
0.0155,-0.0035000000000000031,1820.7645754777791,1092.4587452866674
0.016000000000000007,-0.0035000000000000031,1342.5365023203876,805.52190139223251
0.016500000000000001,-0.0035000000000000031,964.28196748708365,578.56918049225021
0.017000000000000001,-0.0035000000000000031,674.43678168964072,404.66206901378445
0.017500000000000002,-0.0035000000000000031,459.22251786258255,275.53351071754952
0.017999999999999995,-0.0035000000000000031,304.34090518192909,182.60454310915745
0.018500000000000003,-0.0035000000000000031,196.28305883679337,117.76983530207602
0.019000000000000003,-0.0035000000000000031,123.17883504482457,73.907301026894743
0.019500000000000003,-0.0035000000000000031,75.210344633026509,45.126206779815902
0.019999999999999997,-0.0035000000000000031,44.675975770865996,26.805585462519598
0.020499999999999997,-0.0035000000000000031,25.816630369343553,15.489978221606131
0.021000000000000005,-0.0035000000000000031,14.512220046843963,8.7073320281063769
0.021500000000000005,-0.0035000000000000031,7.9352592947484144,4.7611555768490481
0.021999999999999999,-0.0035000000000000031,4.2205495285876431,2.5323297171525856
0.022499999999999999,-0.0035000000000000031,2.1834730373070648,1.3100838223842388
0.023000000000000007,-0.0035000000000000031,1.0987276910648576,0.65923661463891448
0.023500000000000007,-0.0035000000000000031,0.53776162657110649,0.3226569759426639
0.024,-0.0035000000000000031,0.25600145464709395,0.15360087278825638
0.024500000000000001,-0.0035000000000000031,0.11853437989374316,0.071120627936245892
0.025000000000000001,-0.0035000000000000031,0.053381734442692848,0.03202904066561571
-0.025000000000000001,-0.0029999999999999992,0.58046776262306332,0.34828065757383797
-0.024500000000000001,-0.0029999999999999992,1.1874817454813991,0.71248904728883944
-0.024,-0.0029999999999999992,2.3642189803152207,1.4185313881891324
-0.0235,-0.0029999999999999992,4.5812284063135413,2.7487370437881249
-0.023,-0.0029999999999999992,8.6403769352264845,5.1842261611358902
-0.022500000000000003,-0.0029999999999999992,15.862238807865593,9.517343284719356
-0.022000000000000002,-0.0029999999999999992,28.346767828103218,17.008060696861929
-0.021500000000000002,-0.0029999999999999992,49.314872767292734,29.588923660375638
-0.021000000000000001,-0.0029999999999999992,83.525227976771902,50.11513678606314
-0.020500000000000001,-0.0029999999999999992,137.73845343467895,82.64307206080737
-0.02,-0.0029999999999999992,221.16970083885465,132.70182050331277
-0.0195,-0.0029999999999999992,345.83371901467513,207.50023140880506
-0.019,-0.0029999999999999992,526.65076383848634,315.99045830309177
-0.018500000000000003,-0.0029999999999999992,781.15865923249419,468.69519553949647
-0.018000000000000002,-0.0029999999999999992,1128.680217347099,677.20813040825931
-0.017500000000000002,-0.0029999999999999992,1588.840007632665,953.304004579599
-0.017000000000000001,-0.0029999999999999992,2179.4185970796852,1307.6511582478111
-0.016500000000000001,-0.0029999999999999992,2913.6731513055429,1748.2038907833257
-0.016,-0.0029999999999999992,3797.4222899070901,2278.4533739442541
-0.0155,-0.0029999999999999992,4826.3553453400873,2895.8132072040521
-0.015000000000000001,-0.0029999999999999992,5984.1347426175116,3590.480845570507
-0.014500000000000001,-0.0029999999999999992,7241.8668846412538,4345.1201307847523
-0.014,-0.0029999999999999992,8559.3872487203625,5135.6323492322172
-0.0135,-0.0029999999999999992,9888.5340644714761,5933.1204386828858
-0.012999999999999999,-0.0029999999999999992,11178.205992068768,6706.923595241261
-0.012500000000000001,-0.0029999999999999992,12380.585917640432,7428.3515505842588
-0.012,-0.0029999999999999992,13457.564658653437,8074.538795192062
-0.0115,-0.0029999999999999992,14386.215732745155,8631.7294396470934
-0.010999999999999999,-0.0029999999999999992,15162.227391125223,9097.3364346751332
-0.010499999999999999,-0.0029999999999999992,15800.508046663017,9480.3048279978102
-0.010000000000000002,-0.0029999999999999992,16332.695912654122,9799.6175475924738
-0.0095000000000000015,-0.0029999999999999992,16801.912957078875,10081.147774247325
-0.0090000000000000011,-0.0029999999999999992,17255.663965637461,10353.398379382475
-0.0085000000000000006,-0.0029999999999999992,17738.156788724431,10642.894073234658
-0.0080000000000000002,-0.0029999999999999992,18283.418844048763,10970.051306429257
-0.0074999999999999997,-0.0029999999999999992,18910.389044542491,11346.233426725494
-0.0069999999999999993,-0.0029999999999999992,19620.731175748704,11772.438705449222
-0.0064999999999999988,-0.0029999999999999992,20399.558661393221,12239.735196835933
-0.0059999999999999984,-0.0029999999999999992,21218.716605827722,12731.229963496633
-0.0054999999999999979,-0.0029999999999999992,22041.851321503604,13225.110792902162
-0.005000000000000001,-0.0029999999999999992,22830.278821809949,13698.16729308597
-0.0044999999999999971,-0.0029999999999999992,23548.652598303725,14129.191558982235
-0.0040000000000000001,-0.0029999999999999992,24169.589426306058,14501.753655783634
-0.0035000000000000031,-0.0029999999999999992,24676.675549791347,14806.005329874808
-0.0029999999999999992,-0.0029999999999999992,25065.57792148169,15039.346752889014
-0.0025000000000000022,-0.0029999999999999992,25343.274841848775,15205.964905109264
-0.0019999999999999983,-0.0029999999999999992,25525.666617496667,15315.399970498
-0.0015000000000000013,-0.0029999999999999992,25634.015258849598,15380.409155309759
-0.00099999999999999742,-0.0029999999999999992,25690.785899593127,15414.471539755876
-0.00050000000000000044,-0.0029999999999999992,25715.515700581574,15429.309420348944
0,-0.0029999999999999992,25721.312637661267,15432.78758259676
0.00050000000000000044,-0.0029999999999999992,25712.485046315735,15427.49102778944
0.0010000000000000009,-0.0029999999999999992,25683.631403018378,15410.178841811026
0.0015000000000000013,-0.0029999999999999992,25620.300216060758,15372.180129636454
0.0020000000000000018,-0.0029999999999999992,25501.095209428579,15300.657125657146
0.0024999999999999988,-0.0029999999999999992,25300.888916496522,15180.533349897913
0.0030000000000000027,-0.0029999999999999992,24994.651489387605,14996.790893632562
0.0034999999999999996,-0.0029999999999999992,24561.322044636829,14736.793226782096
0.0040000000000000036,-0.0029999999999999992,23987.153353413283,14392.29201204797
0.0045000000000000005,-0.0029999999999999992,23268.040706457214,13960.824423874328
0.0049999999999999975,-0.0029999999999999992,22410.488711400365,13446.293226840218
0.0055000000000000014,-0.0029999999999999992,21431.059586439242,12858.635751863545
0.0059999999999999984,-0.0029999999999999992,20354.365915070452,12212.619549042271
0.0064999999999999988,-0.0029999999999999992,19209.898334412461,11525.939000647477
0.0069999999999999993,-0.0029999999999999992,18028.184344551231,10816.910606730738
0.0074999999999999997,-0.0029999999999999992,16836.919298096938,10102.151578858162
0.0080000000000000002,-0.0029999999999999992,15657.752989763016,9394.651793857809
0.0085000000000000006,-0.0029999999999999992,14504.324644388886,8702.5947866333318
0.0090000000000000011,-0.0029999999999999992,13381.912486144391,8029.1474916866337
0.0095000000000000015,-0.0029999999999999992,12288.736635199952,7373.2419811199707
0.010000000000000002,-0.0029999999999999992,11218.597145061716,6731.1582870370294
0.010500000000000002,-0.0029999999999999992,10164.232901427158,6098.5397408562949
0.011000000000000003,-0.0029999999999999992,9120.6335595918135,5472.3801357550883
0.011500000000000003,-0.0029999999999999992,8087.5707812642113,4852.5424687585264
0.012000000000000004,-0.0029999999999999992,7070.828196766086,4242.4969180596518
0.012499999999999997,-0.0029999999999999992,6081.9409661592235,3649.164579695534
0.013000000000000005,-0.0029999999999999992,5136.6121605342614,3081.9672963205567
0.013499999999999998,-0.0029999999999999992,4252.2589192317291,2551.3553515390372
0.014000000000000005,-0.0029999999999999992,3445.2884811145368,2067.1730886687219
0.014499999999999999,-0.0029999999999999992,2728.6905627174265,1637.2143376304559
0.014999999999999999,-0.0029999999999999992,2110.3832629782073,1266.2299577869244
0.0155,-0.0029999999999999992,1592.5232005414116,955.51392032484694
0.016000000000000007,-0.0029999999999999992,1171.7564341947773,703.05386051686639
0.016500000000000001,-0.0029999999999999992,840.2034005862555,504.1220403517533
0.017000000000000001,-0.0029999999999999992,586.87175342956436,352.12305205773862
0.017500000000000002,-0.0029999999999999992,399.1796453618831,239.50778721712985
0.017999999999999995,-0.0029999999999999992,264.32942931996638,158.59765759197981
0.018500000000000003,-0.0029999999999999992,170.36666340816024,102.21999804489614
0.019000000000000003,-0.0029999999999999992,106.85997353708009,64.115984122248051
0.019500000000000003,-0.0029999999999999992,65.220103018531489,39.132061811118895
0.019999999999999997,-0.0029999999999999992,38.729375426093277,23.237625255655967
0.020499999999999997,-0.0029999999999999992,22.374747015000256,13.424848209000153
0.021000000000000005,-0.0029999999999999992,12.574994730998727,7.5449968385992356
0.021500000000000005,-0.0029999999999999992,6.8749369181549822,4.1249621508929888
0.021999999999999999,-0.0029999999999999992,3.6561547145874478,2.1936928287524684
0.022499999999999999,-0.0029999999999999992,1.8913095233121358,1.1347857139872815
0.023000000000000007,-0.0029999999999999992,0.95164041124958976,0.57098424674975379
0.023500000000000007,-0.0029999999999999992,0.46574431098353597,0.27944658659012156
0.024,-0.0029999999999999992,0.22170758308967886,0.13302454985380732
0.024500000000000001,-0.0029999999999999992,0.10265191599162268,0.06159114959497361
0.025000000000000001,-0.0029999999999999992,0.046227813394344702,0.027736688036606821
-0.025000000000000001,-0.0025000000000000022,0.66167935555819957,0.39700761333491974
-0.024500000000000001,-0.0025000000000000022,1.3510690095783304,0.81064140574699828
-0.024,-0.0025000000000000022,2.6844475206472223,1.6106685123883333
-0.0235,-0.0025000000000000022,5.1903583906229898,3.1142150343737938
-0.023,-0.0025000000000000022,9.7661597391678363,5.8596958435007016
-0.022500000000000003,-0.0025000000000000022,17.883597928017426,10.730158756810456
-0.022000000000000002,-0.0025000000000000022,31.872258118089718,19.123354870853831
-0.021500000000000002,-0.0025000000000000022,55.286849307147435,33.172109584288457
-0.021000000000000001,-0.0025000000000000022,93.34871781912419,56.009230691474514
-0.020500000000000001,-0.0025000000000000022,153.42687339453167,92.056124036718998
-0.02,-0.0025000000000000022,245.48968724429338,147.29381234657603
-0.0195,-0.0025000000000000022,382.41930091723322,229.45158055033991
-0.019,-0.0025000000000000022,580.04518599044286,348.0271115942657
-0.018500000000000003,-0.0025000000000000022,856.7341432284619,514.04048593707716
-0.018000000000000002,-0.0025000000000000022,1232.3867721939671,739.43206331638021
-0.017500000000000002,-0.0025000000000000022,1726.7490234692239,1036.0494140815342
-0.017000000000000001,-0.0025000000000000022,2357.0585661358673,1414.2351396815204
-0.016500000000000001,-0.0025000000000000022,3135.2027493781566,1881.1216496268939
-0.016,-0.0025000000000000022,4064.7438546113458,2438.8463127668074
-0.0155,-0.0025000000000000022,5138.3269947944254,3082.9961968766552
-0.015000000000000001,-0.0025000000000000022,6336.0749083726087,3801.644945023565
-0.014500000000000001,-0.0025000000000000022,7625.5431376898223,4575.3258826138936
-0.014,-0.0025000000000000022,8963.6292247278798,5378.1775348367273
-0.0135,-0.0025000000000000022,10300.506201116594,6180.3037206699564
-0.012999999999999999,-0.0025000000000000022,11585.232805656204,6951.1396833937224
-0.012500000000000001,-0.0025000000000000022,12772.268951575268,7663.3613709451602
-0.012,-0.0025000000000000022,13827.804680614838,8296.6828083689015
-0.0115,-0.0025000000000000022,14734.695961504289,8840.8175769025729
-0.010999999999999999,-0.0025000000000000022,15494.952695514734,9296.97161730884
-0.010499999999999999,-0.0025000000000000022,16129.139337110873,9677.483602266524
-0.010000000000000002,-0.0025000000000000022,16672.649554101888,10003.589732461132
-0.0095000000000000015,-0.0025000000000000022,17169.467396469809,10301.680437881885
-0.0090000000000000011,-0.0025000000000000022,17664.568206384436,10598.740923830661
-0.0085000000000000006,-0.0025000000000000022,18196.403489281525,10917.842093568916
-0.0080000000000000002,-0.0025000000000000022,18790.878188996281,11274.526913397769
-0.0074999999999999997,-0.0025000000000000022,19457.875932861138,11674.725559716682
-0.0069999999999999993,-0.0025000000000000022,20190.812025362608,12114.487215217565
-0.0064999999999999988,-0.0025000000000000022,20969.045731221198,12581.427438732719
-0.0059999999999999984,-0.0025000000000000022,21762.424356883985,13057.454614130391
-0.0054999999999999979,-0.0025000000000000022,22536.887975918824,13522.132785551294
-0.005000000000000001,-0.0025000000000000022,23259.993128526803,13955.995877116082
-0.0044999999999999971,-0.0025000000000000022,23905.396643495835,14343.2379860975
-0.0040000000000000001,-0.0025000000000000022,24455.694835993931,14673.416901596358
-0.0035000000000000031,-0.0025000000000000022,24903.426602808515,14942.055961685108
-0.0029999999999999992,-0.0025000000000000022,25250.415380344082,15150.249228206449
-0.0025000000000000022,-0.0025000000000000022,25505.872639713329,15303.523583827997
-0.0019999999999999983,-0.0025000000000000022,25683.788996644555,15410.273397986732
-0.0015000000000000013,-0.0025000000000000022,25800.114858087505,15480.068914852502
-0.00099999999999999742,-0.0025000000000000022,25870.124609302686,15522.07476558161
-0.00050000000000000044,-0.0025000000000000022,25906.218537339588,15543.731122403751
0,-0.0025000000000000022,25916.288921243471,15549.773352746082
0.00050000000000000044,-0.0025000000000000022,25902.687624955448,15541.612574973267
0.0010000000000000009,-0.0025000000000000022,25861.78914826288,15517.073488957727
0.0015000000000000013,-0.0025000000000000022,25784.135927406467,15470.48155644388
0.0020000000000000018,-0.0025000000000000022,25655.161683387083,15393.097010032248
0.0024999999999999988,-0.0025000000000000022,25456.490237231381,15273.894142338828
0.0030000000000000027,-0.0025000000000000022,25167.78140250425,15100.668841502549
0.0034999999999999996,-0.0025000000000000022,24769.032150595805,14861.419290357482
0.0040000000000000036,-0.0025000000000000022,24243.144761790129,14545.886857074076
0.0045000000000000005,-0.0025000000000000022,23578.465256031144,14147.079153618686
0.0049999999999999975,-0.0025000000000000022,22770.909924186923,13662.545954512154
0.0055000000000000014,-0.0025000000000000022,21825.275263846772,13095.165158308062
0.0059999999999999984,-0.0025000000000000022,20755.398714720835,12453.239228832501
0.0064999999999999988,-0.0025000000000000022,19583.012877259785,11749.807726355872
0.0069999999999999993,-0.0025000000000000022,18335.389784701863,11001.233870821117
0.0074999999999999997,-0.0025000000000000022,17042.146732609301,10225.288039565579
0.0080000000000000002,-0.0025000000000000022,15731.804052430938,9439.0824314585625
0.0085000000000000006,-0.0025000000000000022,14428.775457487842,8657.2652744927054
0.0090000000000000011,-0.0025000000000000022,13151.391884630988,7890.8351307785924
0.0095000000000000015,-0.0025000000000000022,11911.318901495168,7146.7913408971008
0.010000000000000002,-0.0025000000000000022,10714.386720982049,6428.6320325892293
0.010500000000000002,-0.0025000000000000022,9562.5065360580884,5737.5039216348532
0.011000000000000003,-0.0025000000000000022,8456.0968550010621,5073.6581130006371
0.011500000000000003,-0.0025000000000000022,7396.3585888972812,4437.8151533383689
0.012000000000000004,-0.0025000000000000022,6386.834880238941,3832.1009281433644
0.012499999999999997,-0.0025000000000000022,5433.9315789679495,3260.3589473807697
0.013000000000000005,-0.0025000000000000022,4546.3769651412567,2727.8261790847541
0.013499999999999998,-0.0025000000000000022,3733.8734000592794,2240.3240400355676
0.014000000000000005,-0.0025000000000000022,3005.3663915924135,1803.2198349554481
0.014499999999999999,-0.0025000000000000022,2367.3946426628654,1420.4367855977191
0.014999999999999999,-0.0025000000000000022,1822.898586448787,1093.7391518692721
0.0155,-0.0025000000000000022,1370.6989624611608,822.41937747669647
0.016000000000000007,-0.0025000000000000022,1005.6697163839647,603.4018298303788
0.016500000000000001,-0.0025000000000000022,719.4735441471297,431.6841264882778
0.017000000000000001,-0.0025000000000000022,501.6363109669619,300.98178658017713
0.017500000000000002,-0.0025000000000000022,340.71612839260308,204.42967703556184
0.017999999999999995,-0.0025000000000000022,225.36101670500523,135.21661002300314
0.018500000000000003,-0.0025000000000000022,145.12112735382098,87.07267641229258
0.019000000000000003,-0.0025000000000000022,90.961189531690792,54.576713719014471
0.019500000000000003,-0.0025000000000000022,55.485904704334637,33.291542822600782
0.019999999999999997,-0.0025000000000000022,32.934658573837964,19.760795144302779
0.020499999999999997,-0.0025000000000000022,19.020536034153373,11.412321620492024
0.021000000000000005,-0.0025000000000000022,10.687010065581999,6.4122060393491997
0.021500000000000005,-0.0025000000000000022,5.8415210291111217,3.5049126174666729
0.021999999999999999,-0.0025000000000000022,3.1060631096074038,1.8636378657644421
0.022499999999999999,-0.0025000000000000022,1.6065425790279786,0.96392554741678715
0.023000000000000007,-0.0025000000000000022,0.80827387377039184,0.48496432426223507
0.023500000000000007,-0.0025000000000000022,0.39554760580028353,0.23732856348017012
0.024,-0.0025000000000000022,0.18828023726987125,0.11296814236192275
0.024500000000000001,-0.0025000000000000022,0.087170608892647397,0.052302365335588435
0.025000000000000001,-0.0025000000000000022,0.039254529970435541,0.023552717982261325
-0.025000000000000001,-0.0019999999999999983,0.73821834782881091,0.44293100869728652
-0.024500000000000001,-0.0019999999999999983,1.5052889467665569,0.90317336805993409
-0.024,-0.0019999999999999983,2.9864368234749175,1.7918620940849503
-0.0235,-0.0019999999999999983,5.7650012738388687,3.4590007643033212
-0.023,-0.0019999999999999983,10.828631553407234,6.4971789320443403
-0.022500000000000003,-0.0019999999999999983,19.792140367032953,11.875284220219772
-0.022000000000000002,-0.0019999999999999983,35.202664354896449,21.12159861293787
-0.021500000000000002,-0.0019999999999999983,60.931570997391837,36.558942598435102
-0.021000000000000001,-0.0019999999999999983,102.63985163600712,61.583910981604269
-0.020500000000000001,-0.0019999999999999983,168.27588428632347,100.96553057179408
-0.02,-0.0019999999999999983,268.52745164866002,161.11647098919602
-0.0195,-0.0019999999999999983,417.10869752049604,250.26521851229762
-0.019,-0.0019999999999999983,630.72712547086974,378.43627528252182
-0.018500000000000003,-0.0019999999999999983,928.56015759738284,557.1360945584297
-0.018000000000000002,-0.0019999999999999983,1331.0917091720557,798.65502550323345
-0.017500000000000002,-0.0019999999999999983,1858.2306973804866,1114.9384184282919
-0.017000000000000001,-0.0019999999999999983,2526.7604682393503,1516.0562809436101
-0.016500000000000001,-0.0019999999999999983,3347.3405626137123,2008.4043375682272
-0.016,-0.0019999999999999983,4321.4707090653365,2592.8824254392016
-0.0155,-0.0019999999999999983,5438.9845194584623,3263.3907116750775
-0.015000000000000001,-0.0019999999999999983,6676.7112082817721,4006.0267249690633
-0.014500000000000001,-0.0019999999999999983,7998.8781461539229,4799.3268876923539
-0.014,-0.0019999999999999983,9359.6002949388567,5615.7601769633138
-0.0135,-0.0019999999999999983,10707.430276970923,6424.4581661825532
-0.012999999999999999,-0.0019999999999999983,11991.488014926965,7194.8928089561787
-0.012500000000000001,-0.0019999999999999983,13168.25424842161,7900.9525490529659
-0.012,-0.0019999999999999983,14207.817398203346,8524.6904389220072
-0.0115,-0.0019999999999999983,15098.311278787787,9058.9867672726723
-0.010999999999999999,-0.0019999999999999983,15847.523948893151,9508.5143693358896
-0.010499999999999999,-0.0019999999999999983,16481.172129961484,9888.7032779768906
-0.010000000000000002,-0.0019999999999999983,17038.018730479576,10222.811238287746
-0.0095000000000000015,-0.0019999999999999983,17562.702655783251,10537.62159346995
-0.0090000000000000011,-0.0019999999999999983,18097.673400677144,10858.604040406286
-0.0085000000000000006,-0.0019999999999999983,18675.835343713097,11205.501206227858
-0.0080000000000000002,-0.0019999999999999983,19315.343828724042,11589.206297234425
-0.0074999999999999997,-0.0019999999999999983,20017.493169151756,12010.495901491053
-0.0069999999999999993,-0.0019999999999999983,20767.924497957032,12460.754698774219
-0.0064999999999999988,-0.0019999999999999983,21540.644064902692,12924.386438941614
-0.0059999999999999984,-0.0019999999999999983,22303.767783642805,13382.260670185682
-0.0054999999999999979,-0.0019999999999999983,23025.631731976497,13815.379039185898
-0.005000000000000001,-0.0019999999999999983,23679.97889354053,14207.987336124317
-0.0044999999999999971,-0.0019999999999999983,24249.301034003114,14549.580620401868
-0.0040000000000000001,-0.0019999999999999983,24725.956918433141,14835.574151059884
-0.0035000000000000031,-0.0019999999999999983,25111.245899593468,15066.747539756081
-0.0029999999999999992,-0.0019999999999999983,25413.044871406037,15247.826922843622
-0.0025000000000000022,-0.0019999999999999983,25642.82463467697,15385.694780806181
-0.0019999999999999983,-0.0019999999999999983,25812.827987172433,15487.696792303459
-0.0015000000000000013,-0.0019999999999999983,25933.963045185854,15560.377827111512
-0.00099999999999999742,-0.0019999999999999983,26014.634078071398,15608.780446842839
-0.00050000000000000044,-0.0019999999999999983,26060.406132231372,15636.243679338822
0,-0.0019999999999999983,26074.171034404655,15644.502620642792
0.00050000000000000044,-0.0019999999999999983,26056.405084325372,15633.843050595222
0.0010000000000000009,-0.0019999999999999983,26005.188763288537,15603.113257973122
0.0015000000000000013,-0.0019999999999999983,25915.856544602964,15549.513926761778
0.0020000000000000018,-0.0019999999999999983,25780.388991439271,15468.233394863562
0.0024999999999999988,-0.0019999999999999983,25586.867041695819,15352.12022501749
0.0030000000000000027,-0.0019999999999999983,25319.408307246071,15191.644984347642
0.0034999999999999996,-0.0019999999999999983,24958.957033967879,14975.374220380727
0.0040000000000000036,-0.0019999999999999983,24485.10613064987,14691.063678389923
0.0045000000000000005,-0.0019999999999999983,23878.839238038505,14327.303542823103
0.0049999999999999975,-0.0019999999999999983,23125.775017121829,13875.465010273098
0.0055000000000000014,-0.0019999999999999983,22219.26888810936,13331.561332865616
0.0059999999999999984,-0.0019999999999999983,21162.658235027007,12697.594941016205
0.0064999999999999988,-0.0019999999999999983,19970.063080536518,11982.03784832191
0.0069999999999999993,-0.0019999999999999983,18665.455656166519,11199.273393699912
0.0074999999999999997,-0.0019999999999999983,17280.113362858021,10368.068017714812
0.0080000000000000002,-0.0019999999999999983,15848.958703058288,9509.3752218349728
0.0085000000000000006,-0.0019999999999999983,14406.553467754868,8643.9320806529195
0.0090000000000000011,-0.0019999999999999983,12983.574633264387,7790.1447799586313
0.0095000000000000015,-0.0019999999999999983,11604.439822707076,6962.6638936242452
0.010000000000000002,-0.0019999999999999983,10286.422418164264,6171.8534508985585
0.010500000000000002,-0.0019999999999999983,9040.2023295906329,5424.1213977543794
0.011000000000000003,-0.0019999999999999983,7871.4553418546875,4722.8732051128127
0.011500000000000003,-0.0019999999999999983,6782.8856369356763,4069.7313821614057
0.012000000000000004,-0.0019999999999999983,5776.0939795904269,3465.6563877542562
0.012499999999999997,-0.0019999999999999983,4852.8286065691409,2911.6971639414846
0.013000000000000005,-0.0019999999999999983,4015.4194078870555,2409.2516447322332
0.013499999999999998,-0.0019999999999999983,3266.4604765949421,1959.8762859569651
0.014000000000000005,-0.0019999999999999983,2608.0039826058351,1564.802389563501
0.014499999999999999,-0.0019999999999999983,2040.615313018463,1224.3691878110778
0.014999999999999999,-0.0019999999999999983,1562.6124406759618,937.56746440557708
0.0155,-0.0019999999999999983,1169.7026428888089,701.82158573328536
0.016000000000000007,-0.0019999999999999983,855.08558151624288,513.05134890974568
0.016500000000000001,-0.0019999999999999983,609.9607506778184,365.97645040669101
0.017000000000000001,-0.0019999999999999983,424.29161000894209,254.57496600536524
0.017500000000000002,-0.0019999999999999983,287.64966642467834,172.58979985480701
0.017999999999999995,-0.0019999999999999983,189.98203214128606,113.98921928477164
0.018500000000000003,-0.0019999999999999983,122.19696947681432,73.318181686088593
0.019000000000000003,-0.0019999999999999983,76.522351463893656,45.913410878336194
0.019500000000000003,-0.0019999999999999983,46.644625345966098,27.986775207579658
0.019999999999999997,-0.0019999999999999983,27.671049719158418,16.602629831495051
0.020499999999999997,-0.0019999999999999983,15.973551024032751,9.5841306144196512
0.021000000000000005,-0.0019999999999999983,8.9718653672187063,5.3831192203312233
0.021500000000000005,-0.0019999999999999983,4.9026737477535676,2.9416042486521405
0.021999999999999999,-0.0019999999999999983,2.6062949804160143,1.5637769882496084
0.022499999999999999,-0.0019999999999999983,1.347820277842422,0.80869216670545319
0.023000000000000007,-0.0019999999999999983,0.67801704228291859,0.40681022536975114
0.023500000000000007,-0.0019999999999999983,0.33176885026887559,0.19906131016132536
0.024,-0.0019999999999999983,0.15790872771984563,0.09474523663190737
0.024500000000000001,-0.0019999999999999983,0.073104429195936863,0.043862657517562118
0.025000000000000001,-0.0019999999999999983,0.032918619563645744,0.019751171738187447
-0.025000000000000001,-0.0015000000000000013,0.80491688625543489,0.4829501317532609
-0.024500000000000001,-0.0015000000000000013,1.6397200836766992,0.98383205020601949
-0.024,-0.0015000000000000013,3.2497609683728355,1.9498565810237012
-0.0235,-0.0015000000000000013,6.2662493878789798,3.7597496327273876
-0.023,-0.0015000000000000013,11.755772311333116,7.0534633867998693
-0.022500000000000003,-0.0015000000000000013,21.458328475361743,12.874997085217045
-0.022000000000000002,-0.0015000000000000013,38.111617339705134,22.866970403823078
-0.021500000000000002,-0.0015000000000000013,65.864741001678837,39.518844601007302
-0.021000000000000001,-0.0015000000000000013,110.76492334125165,66.458954004750979
-0.020500000000000001,-0.0015000000000000013,181.2705994593222,108.76235967559332
-0.02,-0.0015000000000000013,288.70470744298706,173.22282446579223
-0.0195,-0.0015000000000000013,447.51895455466411,268.51137273279846
-0.019,-0.0015000000000000013,675.20419301078175,405.12251580646904
-0.018500000000000003,-0.0015000000000000013,991.66945687044472,595.00167412226676
-0.018000000000000002,-0.0015000000000000013,1417.9401696985915,850.76410181915492
-0.017500000000000002,-0.0015000000000000013,1974.1086090883859,1184.4651654530314
-0.017000000000000001,-0.0015000000000000013,2676.6106173879475,1605.9663704327684
-0.016500000000000001,-0.0015000000000000013,3535.0884413185204,2121.0530647911123
-0.016,-0.0015000000000000013,4549.2965600886982,2729.5779360532188
-0.0155,-0.0015000000000000013,5706.6634896387031,3423.998093783222
-0.015000000000000001,-0.0015000000000000013,6981.1781377598109,4188.7068826558861
-0.014500000000000001,-0.0015000000000000013,8334.1739879102079,5000.5043927461247
-0.014,-0.0015000000000000013,9717.3171412904558,5830.3902847742729
-0.0135,-0.0015000000000000013,11077.689433960297,6646.6136603761779
-0.012999999999999999,-0.0015000000000000013,12364.370563286584,7418.6223379719504
-0.012500000000000001,-0.0015000000000000013,13535.478537473564,8121.2871224841383
-0.012,-0.0015000000000000013,14564.354157776685,8738.6124946660111
-0.0115,-0.0015000000000000013,15443.577075560584,9266.1462453363511
-0.010999999999999999,-0.0015000000000000013,16185.822071371575,9711.493242822944
-0.010499999999999999,-0.0015000000000000013,16821.164399298632,10092.698639579179
-0.010000000000000002,-0.0015000000000000013,17391.198023376732,10434.718814026039
-0.0095000000000000015,-0.0015000000000000013,17941.058514025346,10764.635108415207
-0.0090000000000000011,-0.0015000000000000013,18510.951726558735,11106.57103593524
-0.0085000000000000006,-0.0015000000000000013,19128.934497270096,11477.360698362058
-0.0080000000000000002,-0.0015000000000000013,19806.420712226944,11883.852427336165
-0.0074999999999999997,-0.0015000000000000013,20537.254186463193,12322.352511877916
-0.0069999999999999993,-0.0015000000000000013,21300.357902555079,12780.214741533047
-0.0064999999999999988,-0.0015000000000000013,22065.152962815057,13239.091777689033
-0.0059999999999999984,-0.0015000000000000013,22798.350835205973,13679.010501123583
-0.0054999999999999979,-0.0015000000000000013,23470.504511942028,14082.302707165216
-0.005000000000000001,-0.0015000000000000013,24060.897826572538,14436.538695943522
-0.0044999999999999971,-0.0015000000000000013,24559.883627070183,14735.930176242109
-0.0040000000000000001,-0.0015000000000000013,24968.489363724522,14981.093618234712
-0.0035000000000000031,-0.0015000000000000013,25295.794067711369,15177.47644062682
-0.0029999999999999992,-0.0015000000000000013,25555.06529237255,15333.03917542353
-0.0025000000000000022,-0.0015000000000000013,25759.818327869551,15455.89099672173
-0.0019999999999999983,-0.0015000000000000013,25920.805946320055,15552.483567792033
-0.0015000000000000013,-0.0015000000000000013,26044.538110464619,15626.722866278771
-0.00099999999999999742,-0.0015000000000000013,26133.403171077618,15680.04190264657
-0.00050000000000000044,-0.0015000000000000013,26186.971930059692,15712.183158035814
0,-0.0015000000000000013,26203.748184602246,15722.248910761347
0.00050000000000000044,-0.0015000000000000013,26182.562354122219,15709.537412473332
0.0010000000000000009,-0.0015000000000000013,26122.993439985446,15673.796063991267
0.0015000000000000013,-0.0015000000000000013,26024.58284095574,15614.749704573444
0.0020000000000000018,-0.0015000000000000013,25885.054758535909,15531.032855121544
0.0024999999999999988,-0.0015000000000000013,25698.147170381377,15418.888302228825
0.0030000000000000027,-0.0015000000000000013,25451.867942606157,15271.120765563694
0.0034999999999999996,-0.0015000000000000013,25127.955708065427,15076.773424839255
0.0040000000000000036,-0.0015000000000000013,24703.046443948886,14821.827866369331
0.0045000000000000005,-0.0015000000000000013,24151.595733593753,14490.957440156251
0.0049999999999999975,-0.0015000000000000013,23450.106819984965,14070.064091990978
0.0055000000000000014,-0.0015000000000000013,22581.807781303625,13549.084668782174
0.0059999999999999984,-0.0015000000000000013,21540.728000934832,12924.436800560899
0.0064999999999999988,-0.0015000000000000013,20334.207400746174,12200.524440447703
0.0069999999999999993,-0.0015000000000000013,18983.215935785345,11389.929561471206
0.0074999999999999997,-0.0015000000000000013,17520.373506914344,10512.224104148607
0.0080000000000000002,-0.0015000000000000013,15986.099436585024,9591.6596619510146
0.0085000000000000006,-0.0015000000000000013,14423.736490945525,8654.2418945673144
0.0090000000000000011,-0.0015000000000000013,12874.676581531769,7724.8059489190609
0.0095000000000000015,-0.0015000000000000013,11374.425713033375,6824.6554278200247
0.010000000000000002,-0.0015000000000000013,9950.2282230202691,5970.1369338121613
0.010500000000000002,-0.0015000000000000013,8620.432452554518,5172.2594715327104
0.011000000000000003,-0.0015000000000000013,7395.3549158801989,4437.2129495281188
0.011500000000000003,-0.0015000000000000013,6279.1027474275579,3767.4616484565345
0.012000000000000004,-0.0015000000000000013,5271.7074383015815,3163.024462980949
0.012499999999999997,-0.0015000000000000013,4371.0042093401407,2622.6025256040843
0.013000000000000005,-0.0015000000000000013,3573.9034077936149,2144.3420446761688
0.013499999999999998,-0.0015000000000000013,2876.9574872105268,1726.1744923263161
0.014000000000000005,-0.0015000000000000013,2276.3473409144731,1365.8084045486837
0.014499999999999999,-0.0015000000000000013,1767.5411868528979,1060.5247121117386
0.014999999999999999,-0.0015000000000000013,1344.9029925200757,806.94179551204536
0.0155,-0.0015000000000000013,1001.4654826402735,600.8792895841641
0.016000000000000007,-0.0015000000000000013,728.97528237114022,437.3851694226841
0.016500000000000001,-0.0015000000000000013,518.20775555142029,310.92465333085215
0.017000000000000001,-0.0015000000000000013,359.46863249971091,215.68117949982653
0.017500000000000002,-0.0015000000000000013,243.16299567282186,145.89779740369312
0.017999999999999995,-0.0015000000000000013,160.31719390063665,96.190316340381983
0.018500000000000003,-0.0015000000000000013,102.97234682852341,61.783408097114048
0.019000000000000003,-0.0015000000000000013,64.412197186446917,38.647318311868148
0.019500000000000003,-0.0015000000000000013,39.228552455307174,23.537131473184303
0.019999999999999997,-0.0015000000000000013,23.255600287268809,13.953360172361284
0.020499999999999997,-0.0015000000000000013,13.417397060155258,8.0504382360931537
0.021000000000000005,-0.0015000000000000013,7.5329431034930066,4.5197658620958041
0.021500000000000005,-0.0015000000000000013,4.1149987042363394,2.4689992225418034
0.021999999999999999,-0.0015000000000000013,2.1869872378801554,1.3121923427280933
0.022499999999999999,-0.0015000000000000013,1.1307463120984809,0.6784477872590885
0.023000000000000007,-0.0015000000000000013,0.56872667968536073,0.34123600781121644
0.023500000000000007,-0.0015000000000000013,0.27825536217607377,0.16695321730564425
0.024,-0.0015000000000000013,0.132425279688027,0.079455167812816196
0.024500000000000001,-0.0015000000000000013,0.061301995447347983,0.03678119726840879
0.025000000000000001,-0.0015000000000000013,0.027602346781586008,0.016561408068951605
-0.025000000000000001,-0.00099999999999999742,0.85681401132054935,0.51408840679232959
-0.024500000000000001,-0.00099999999999999742,1.7443445435496516,1.0466067261297909
-0.024,-0.00099999999999999742,3.4547554552923758,2.0728532731754252
-0.0235,-0.00099999999999999742,6.6565827492540048,3.9939496495524027
-0.023,-0.00099999999999999742,12.478001520901126,7.4868009125406747
-0.022500000000000003,-0.00099999999999999742,22.75675369171514,13.654052215029084
-0.022000000000000002,-0.00099999999999999742,40.379458459715288,24.227675075829172
-0.021500000000000002,-0.00099999999999999742,69.712495225297118,41.82749713517827
-0.021000000000000001,-0.00099999999999999742,117.10565571192598,70.263393427155577
-0.020500000000000001,-0.00099999999999999742,191.41764560015349,114.85058736009209
-0.02,-0.00099999999999999742,304.47101943295809,182.68261165977484
-0.0195,-0.00099999999999999742,471.29959791838627,282.77975875103175
-0.019,-0.00099999999999999742,710.01568524807715,426.00941114884625
-0.018500000000000003,-0.00099999999999999742,1041.1140868048276,624.66845208289658
-0.018000000000000002,-0.00099999999999999742,1486.0632668324429,891.63796009946566
-0.017500000000000002,-0.00099999999999999742,2065.1251356133948,1239.0750813680368
-0.017000000000000001,-0.00099999999999999742,2794.4965870313745,1676.6979522188246
-0.016500000000000001,-0.00099999999999999742,3683.0623012598498,2209.8373807559096
-0.016,-0.00099999999999999742,4729.2520530923857,2837.5512318554315
-0.0155,-0.00099999999999999742,5918.650992332191,3551.1905953993146
-0.015000000000000001,-0.00099999999999999742,7223.0553965735853,4333.8332379441508
-0.014500000000000001,-0.00099999999999999742,8601.5482666156549,5160.928959969393
-0.014,-0.00099999999999999742,10003.870660231029,6002.3223961386166
-0.0135,-0.00099999999999999742,11375.916866250456,6825.5501197502736
-0.012999999999999999,-0.00099999999999999742,12666.668822328662,7600.0012933971966
-0.012500000000000001,-0.00099999999999999742,13835.432351500687,8301.2594109004112
-0.012,-0.00099999999999999742,14857.980052835766,8914.7880317014587
-0.0115,-0.00099999999999999742,15730.248645130172,9438.1491870781028
-0.010999999999999999,-0.00099999999999999742,16468.619992675347,9881.1719956052075
-0.010499999999999999,-0.00099999999999999742,17106.481896411402,10263.889137846842
-0.010000000000000002,-0.00099999999999999742,17687.575773649714,10612.545464189829
-0.0095000000000000015,-0.00099999999999999742,18257.39509160725,10954.43705496435
-0.0090000000000000011,-0.00099999999999999742,18854.397751548742,11312.638650929244
-0.0085000000000000006,-0.00099999999999999742,19502.889249915806,11701.733549949484
-0.0080000000000000002,-0.00099999999999999742,20209.075605392703,12125.445363235622
-0.0074999999999999997,-0.00099999999999999742,20961.052251307556,12576.631350784533
-0.0069999999999999993,-0.00099999999999999742,21732.569864326051,13039.541918595631
-0.0064999999999999988,-0.00099999999999999742,22489.539937422716,13493.723962453629
-0.0059999999999999984,-0.00099999999999999742,23197.640728309609,13918.584436985764
-0.0054999999999999979,-0.00099999999999999742,23829.210851064785,14297.526510638871
-0.005000000000000001,-0.00099999999999999742,24367.90683020341,14620.744098122046
-0.0044999999999999971,-0.00099999999999999742,24810.259198522584,14886.15551911355
-0.0040000000000000001,-0.00099999999999999742,25164.098843244181,15098.459305946508
-0.0035000000000000031,-0.00099999999999999742,25444.610617061855,15266.766370237112
-0.0029999999999999992,-0.00099999999999999742,25669.299656943767,15401.57979416626
-0.0025000000000000022,-0.00099999999999999742,25853.303162923236,15511.98189775394
-0.0019999999999999983,-0.00099999999999999742,26006.232614975204,15603.739568985122
-0.0015000000000000013,-0.00099999999999999742,26131.182069434548,15678.709241660728
-0.00099999999999999742,-0.00099999999999999742,26225.856598155846,15735.513958893507
-0.00050000000000000044,-0.00099999999999999742,26285.156448936494,15771.093869361895
0,-0.00099999999999999742,26304.165033790177,15782.499020274106
0.00050000000000000044,-0.00099999999999999742,26280.429769330367,15768.25786159822
0.0010000000000000009,-0.00099999999999999742,26214.698277184321,15728.818966310591
0.0015000000000000013,-0.00099999999999999742,26109.791766430397,15665.875059858237
0.0020000000000000018,-0.00099999999999999742,25967.910469582937,15580.746281749762
0.0024999999999999988,-0.00099999999999999742,25787.197077776058,15472.318246665634
0.0030000000000000027,-0.00099999999999999742,25558.681126848431,15335.208676109058
0.0034999999999999996,-0.00099999999999999742,25264.702579891571,15158.821547934942
0.0040000000000000036,-0.00099999999999999742,24879.567257149516,14927.740354289708
0.0045000000000000005,-0.00099999999999999742,24372.610298290889,14623.566178974534
0.0049999999999999975,-0.00099999999999999742,23713.192309945676,14227.915385967406
0.0055000000000000014,-0.00099999999999999742,22876.605708914394,13725.963425348637
0.0059999999999999984,-0.00099999999999999742,21849.579080831925,13109.747448499154
0.0064999999999999988,-0.00099999999999999742,20634.117737292963,12380.470642375778
0.0069999999999999993,-0.00099999999999999742,19248.796405351262,11549.277843210757
0.0074999999999999997,-0.00099999999999999742,17727.220113174306,10636.332067904583
0.0080000000000000002,-0.00099999999999999742,16114.025442184875,9668.415265310925
0.0085000000000000006,-0.00099999999999999742,14459.328650293981,8675.5971901763878
0.0090000000000000011,-0.00099999999999999742,12812.803920242322,7687.6823521453935
0.0095000000000000015,-0.00099999999999999742,11218.539251162349,6731.123550697409
0.010000000000000002,-0.00099999999999999742,9711.507166630734,5826.9042999784406
0.010500000000000002,-0.00099999999999999742,8316.0147409244964,4989.6088445546975
0.011000000000000003,-0.00099999999999999742,7046.0082900196812,4227.6049740118087
0.011500000000000003,-0.00099999999999999742,5906.7339757181926,3544.0403854309156
0.012000000000000004,-0.00099999999999999742,4897.0757938542829,2938.2454763125697
0.012499999999999997,-0.00099999999999999742,4011.9176820882831,2407.1506092529698
0.013000000000000005,-0.00099999999999999742,3244.0571196712863,1946.4342718027717
0.013499999999999998,-0.00099999999999999742,2585.4497107574907,1551.2698264544945
0.014000000000000005,-0.00099999999999999742,2027.8020531911227,1216.6812319146736
0.014499999999999999,-0.00099999999999999742,1562.6924261007184,937.61545566043105
0.014999999999999999,-0.00099999999999999742,1181.461565039097,708.87693902345814
0.0155,-0.00099999999999999742,875.09039198804908,525.05423519282942
0.016000000000000007,-0.00099999999999999742,634.20188765965815,380.52113259579488
0.016500000000000001,-0.00099999999999999742,449.23015646118,269.53809387670799
0.017000000000000001,-0.00099999999999999742,310.7231086351369,186.43386518108213
0.017500000000000002,-0.00099999999999999742,209.70288044448989,125.82172826669392
0.017999999999999995,-0.00099999999999999742,138.001467650389,82.800880590233405
0.018500000000000003,-0.00099999999999999742,88.508537967054963,53.105122780232975
0.019000000000000003,-0.00099999999999999742,55.300104615084386,33.180062769050629
0.019500000000000003,-0.00099999999999999742,33.64800866239537,20.188805197437222
0.019999999999999997,-0.00099999999999999742,19.9328010081881,11.95968060491286
0.020499999999999997,-0.00099999999999999742,11.493698297012463,6.8962189782074779
0.021000000000000005,-0.00099999999999999742,6.4500047811364318,3.8700028686818588
0.021500000000000005,-0.00099999999999999742,3.522174038057595,2.113304422834557
0.021999999999999999,-0.00099999999999999742,1.8713980775579815,1.1228388465347889
0.022499999999999999,-0.00099999999999999742,0.9673640961228861,0.58041845767373168
0.023000000000000007,-0.00099999999999999742,0.48646737119930172,0.29188042271958103
0.023500000000000007,-0.00099999999999999742,0.23797705015035284,0.14278623009021169
0.024,-0.00099999999999999742,0.11324433628908659,0.067946601773451951
0.024500000000000001,-0.00099999999999999742,0.052418450572639635,0.031451070343583777
0.025000000000000001,-0.00099999999999999742,0.023600833143186572,0.014160499885911943
-0.025000000000000001,-0.00050000000000000044,0.88978371496016107,0.53387022897609659
-0.024500000000000001,-0.00050000000000000044,1.8108229857809444,1.0864937914685666
-0.024,-0.00050000000000000044,3.5850343303069883,2.1510205981841928
-0.0235,-0.00050000000000000044,6.9047023755565089,4.1428214253339055
-0.023,-0.00050000000000000044,12.937204579270871,7.7623227475625223
-0.022500000000000003,-0.00050000000000000044,23.582531145787687,14.149518687472613
-0.022000000000000002,-0.00050000000000000044,41.822200942395028,25.093320565437015
-0.021500000000000002,-0.00050000000000000044,72.161160158123636,43.296696094874179
-0.021000000000000001,-0.00050000000000000044,121.14234541943146,72.685407251658873
-0.020500000000000001,-0.00050000000000000044,197.8802910030912,118.72817460185472
-0.02,-0.00050000000000000044,314.51740240610337,188.71044144366201
-0.0195,-0.00050000000000000044,486.46103369050087,291.87662021430049
-0.019,-0.00050000000000000044,732.22369171570824,439.33421502942491
-0.018500000000000003,-0.00050000000000000044,1072.6797811380845,643.60786868285072
-0.018000000000000002,-0.00050000000000000044,1529.5890247290979,917.75341483745876
-0.017500000000000002,-0.00050000000000000044,2123.3332564139782,1273.9999538483869
-0.017000000000000001,-0.00050000000000000044,2869.9717136095119,1721.9830281657071
-0.016500000000000001,-0.00050000000000000044,3777.923034076925,2266.7538204461548
-0.016,-0.00050000000000000044,4844.7902341936115,2906.8741405161668
-0.0155,-0.00050000000000000044,6054.999705962553,3632.9998235775315
-0.015000000000000001,-0.00050000000000000044,7378.9621114319261,4427.3772668591555
-0.014500000000000001,-0.00050000000000000044,8774.3305765957211,5264.5983459574327
-0.014,-0.00050000000000000044,10189.61340335079,6113.7680420104734
-0.0135,-0.00050000000000000044,11569.929821796362,6941.9578930778171
-0.012999999999999999,-0.00050000000000000044,12864.1683920703,7718.5010352421796
-0.012500000000000001,-0.00050000000000000044,14032.349423594436,8419.4096541566614
-0.012,-0.00050000000000000044,15051.744813601965,9031.0468881611778
-0.0115,-0.00050000000000000044,15920.37745411367,9552.2264724682009
-0.010999999999999999,-0.00050000000000000044,16656.941811964592,9994.1650871787551
-0.010499999999999999,-0.00050000000000000044,17296.896327281022,10378.137796368612
-0.010000000000000002,-0.00050000000000000044,17885.324964686981,10731.194978812187
-0.0095000000000000015,-0.00050000000000000044,18467.94053090737,11080.764318544421
-0.0090000000000000011,-0.00050000000000000044,19082.095725124171,11449.257435074502
-0.0085000000000000006,-0.00050000000000000044,19749.729243617294,11849.837546170376
-0.0080000000000000002,-0.00050000000000000044,20473.762808180145,12284.257684908087
-0.0074999999999999997,-0.00050000000000000044,21238.668301164602,12743.200980698761
-0.0069999999999999993,-0.00050000000000000044,22014.939635576524,13208.963781345914
-0.0064999999999999988,-0.00050000000000000044,22766.286240418838,13659.771744251302
-0.0059999999999999984,-0.00050000000000000044,23457.754659779413,14074.652795867647
-0.0054999999999999979,-0.00050000000000000044,24062.839406858177,14437.703644114905
-0.005000000000000001,-0.00050000000000000044,24567.993657202827,14740.796194321696
-0.0044999999999999971,-0.00050000000000000044,24973.689108210077,14984.213464926046
-0.0040000000000000001,-0.00050000000000000044,25292.093642685435,15175.256185611261
-0.0035000000000000031,-0.00050000000000000044,25542.284377786906,15325.370626672142
-0.0029999999999999992,-0.00050000000000000044,25744.470146749649,15446.682088049789
-0.0025000000000000022,-0.00050000000000000044,25914.828129279547,15548.896877567728
-0.0019999999999999983,-0.00050000000000000044,26062.252091433042,15637.351254859825
-0.0015000000000000013,-0.00050000000000000044,26187.671054270984,15712.60263256259
-0.00099999999999999742,-0.00050000000000000044,26285.81789886508,15771.490739319048
-0.00050000000000000044,-0.00050000000000000044,26348.627270679342,15809.176362407605
0,-0.00050000000000000044,26369.010288594123,15821.406173156473
0.00050000000000000044,-0.00050000000000000044,26343.699485484151,15806.219691290489
0.0010000000000000009,-0.00050000000000000044,26274.184825869102,15764.51089552146
0.0015000000000000013,-0.00050000000000000044,26165.370660072931,15699.222396043759
0.0020000000000000018,-0.00050000000000000044,26022.299457354093,15613.379674412456
0.0024999999999999988,-0.00050000000000000044,25845.909434795136,15507.54566087708
0.0030000000000000027,-0.00050000000000000044,25629.145140542085,15377.48708432525
0.0034999999999999996,-0.00050000000000000044,25354.721810416206,15212.833086249722
0.0040000000000000036,-0.00050000000000000044,24995.456118173646,14997.273670904187
0.0045000000000000005,-0.00050000000000000044,24517.419601713726,14710.451761028235
0.0049999999999999975,-0.00050000000000000044,23885.423060325178,14331.253836195106
0.0055000000000000014,-0.00050000000000000044,23069.703864041217,13841.822318424731
0.0059999999999999984,-0.00050000000000000044,22052.337161196228,13231.402296717737
0.0064999999999999988,-0.00050000000000000044,20831.921567852762,12499.152940711656
0.0069999999999999993,-0.00050000000000000044,19425.489302729318,11655.29358163759
0.0074999999999999997,-0.00050000000000000044,17867.246613649855,10720.347968189913
0.0080000000000000002,-0.00050000000000000044,16204.480933930057,9722.688560358034
0.0085000000000000006,-0.00050000000000000044,14491.580749343388,8694.9484496060322
0.0090000000000000011,-0.00050000000000000044,12783.450773880722,7670.0704643284334
0.0095000000000000015,-0.00050000000000000044,11129.603158373047,6677.7618950238284
0.010000000000000002,-0.00050000000000000044,9569.8993228562995,5741.9395937137797
0.010500000000000002,-0.00050000000000000044,8132.4219991538885,4879.4531994923327
0.011000000000000003,-0.00050000000000000044,6833.4271425539373,4100.0562855323624
0.011500000000000003,-0.00050000000000000044,5678.9026374297382,3407.3415824578428
0.012000000000000004,-0.00050000000000000044,4667.0349055070219,2800.2209433042131
0.012499999999999997,-0.00050000000000000044,3790.8746069100571,2274.5247641460342
0.013000000000000005,-0.00050000000000000044,3040.6537226578644,1824.3922335947186
0.013499999999999998,-0.00050000000000000044,2405.4554936629088,1443.2732961977451
0.014000000000000005,-0.00050000000000000044,1874.1877614982964,1124.5126568989779
0.014499999999999999,-0.00050000000000000044,1435.9932039883806,861.59592239302833
0.014999999999999999,-0.00050000000000000044,1080.3171599507073,648.19029597042436
0.0155,-0.00050000000000000044,796.85121093559542,478.11072656135724
0.016000000000000007,-0.00050000000000000044,575.50835762396161,345.30501457437697
0.016500000000000001,-0.00050000000000000044,406.50133961316095,243.90080376789655
0.017000000000000001,-0.00050000000000000044,280.52136051453641,168.31281630872184
0.017500000000000002,-0.00050000000000000044,188.96852646700356,113.38111588020213
0.017999999999999995,-0.00050000000000000044,124.17136798699647,74.50282079219788
0.018500000000000003,-0.00050000000000000044,79.54381433045161,47.726288598270962
0.019000000000000003,-0.00050000000000000044,49.651989347113592,29.791193608268152
0.019500000000000003,-0.00050000000000000044,30.188723760186541,18.113234256111923
0.019999999999999997,-0.00050000000000000044,17.87296337908592,10.723778027451552
0.020499999999999997,-0.00050000000000000044,10.301136572634581,6.1806819435807485
0.021000000000000005,-0.00050000000000000044,5.778638999752939,3.4671833998517632
0.021500000000000005,-0.00050000000000000044,3.1546456508356,1.8927873905013599
0.021999999999999999,-0.00050000000000000044,1.6757417661076415,1.0054450596645848
0.022499999999999999,-0.00050000000000000044,0.86607045692400164,0.51964227415440101
0.023000000000000007,-0.00050000000000000044,0.43546776301914786,0.26128065781148868
0.023500000000000007,-0.00050000000000000044,0.21300486832116014,0.12780292099269608
0.024,-0.00050000000000000044,0.10135225453216724,0.060811352719300341
0.024500000000000001,-0.00050000000000000044,0.046910673737567986,0.028146404242540789
0.025000000000000001,-0.00050000000000000044,0.021119894687835278,0.012671936812701167
-0.025000000000000001,0,0.90109254766740854,0.54065552860044508
-0.024500000000000001,0,1.8336276055324037,1.1001765633194422
-0.024,0,3.6297293954621557,2.1778376372772934
-0.0235,0,6.9898348238289127,4.1939008942973475
-0.023,0,13.094781530544608,7.8568689183267644
-0.022500000000000003,0,23.865938477570445,14.319563086542267
-0.022000000000000002,0,42.31742769379553,25.390456616277316
-0.021500000000000002,0,73.001819298813032,43.801091579287821
-0.021000000000000001,0,122.52846443122584,73.5170786587355
-0.020500000000000001,0,200.09992180462953,120.05995308277771
-0.02,0,317.96874273062542,190.78124563837525
-0.0195,0,491.67106629730728,295.00263977838438
-0.019,0,739.85762963878597,443.91457778327157
-0.018500000000000003,0,1083.534366289337,650.12061977360213
-0.018000000000000002,0,1544.5626395534525,926.73758373207147
-0.017500000000000002,0,2143.3675713038529,1286.0205427823116
-0.017000000000000001,0,2895.9636843720282,1737.5782106232168
-0.016500000000000001,0,3810.6124507429345,2286.3674704457608
-0.016,0,4884.6359105747069,2930.7815463448242
-0.0155,0,6102.0651470656894,3661.2390882394134
-0.015000000000000001,0,7432.8368027927563,4459.702081675654
-0.014500000000000001,0,8834.1134541784395,5300.4680725070639
-0.014,0,10253.978740174229,6152.3872441045369
-0.0135,0,11637.282284467692,6982.3693706806152
-0.012999999999999999,0,12932.874963869508,7759.7249783217048
-0.012500000000000001,0,14101.014942031206,8460.6089652187238
-0.012,0,15119.480219337687,9071.688131602612
-0.0115,0,15987.000978234784,9592.2005869408695
-0.010999999999999999,0,16723.057446717536,10033.834468030522
-0.010499999999999999,0,17363.812483019065,10418.287489811439
-0.010000000000000002,0,17954.807005843802,10772.884203506281
-0.0095000000000000015,0,18541.828073946006,11125.096844367603
-0.0090000000000000011,0,19161.8507903012,11497.110474180719
-0.0085000000000000006,0,19836.005570545265,11901.603342327158
-0.0080000000000000002,0,20566.092541557315,12339.655524934389
-0.0074999999999999997,0,21335.346271674985,12801.207763004992
-0.0069999999999999993,0,22113.149131846989,13267.889479108193
-0.0064999999999999988,0,22862.460226959909,13717.476136175945
-0.0059999999999999984,0,23548.113584037597,14128.868150422559
-0.0054999999999999979,0,24144.003471726061,14486.402083035637
-0.005000000000000001,0,24637.544834276763,14782.526900566058
-0.0044999999999999971,0,25030.563145744934,15018.33788744696
-0.0040000000000000001,0,25336.715491726834,15202.0292950361
-0.0035000000000000031,0,25576.41547566187,15345.849285397122
-0.0029999999999999992,0,25770.80066065861,15462.480396395165
-0.0025000000000000022,0,25936.406247312574,15561.843748387544
-0.0019999999999999983,0,26081.881050478991,15649.128630287394
-0.0015000000000000013,0,26207.412571966302,15724.44754317978
-0.00099999999999999742,0,26306.715128137814,15784.029076882687
-0.00050000000000000044,0,26370.706827685175,15822.424096611105
0,0,26391.554102240367,15834.932461344219
0.00050000000000000044,0,26365.710123532946,15819.426074119767
0.0010000000000000009,0,26294.919357453869,15776.95161447232
0.0015000000000000013,0,26184.800289191782,15710.880173515068
0.0020000000000000018,0,26041.369647346088,15624.821788407651
0.0024999999999999988,0,25866.523670606013,15519.914202363607
0.0030000000000000027,0,25653.862743410231,15392.317646046138
0.0034999999999999996,0,25386.229698063798,15231.737818838279
0.0040000000000000036,0,25035.929257805528,15021.557554683317
0.0045000000000000005,0,24567.912350846211,14740.747410507725
0.0049999999999999975,0,23945.427950014924,14367.256770008955
0.0055000000000000014,0,23136.978146157617,13882.18688769457
0.0059999999999999984,0,22123.040214841745,13273.824128905047
0.0064999999999999988,0,20901.041940958672,12540.625164575204
0.0069999999999999993,0,19487.483296665636,11692.489977999381
0.0074999999999999997,0,17916.77259655701,10750.063557934205
0.0080000000000000002,0,16237.101397845385,9742.2608387072305
0.0085000000000000006,0,14504.317728305465,8702.5906369832792
0.0090000000000000011,0,12775.114328654894,7665.0685971929361
0.0095000000000000015,0,11100.858273644075,6660.5149641864446
0.010000000000000002,0,9523.0835872529115,5713.8501523517471
0.010500000000000002,0,8071.1657635502706,4842.6994581301624
0.011000000000000003,0,6762.153187737742,4057.291912642645
0.011500000000000003,0,5602.291070140207,3361.3746420841239
0.012000000000000004,0,4589.5319642679642,2753.7191785607783
0.012499999999999997,0,3716.3050339361812,2229.7830203617086
0.013000000000000005,0,2971.9707048879127,1783.1824229327476
0.013499999999999998,0,2344.6355649924872,1406.7813389954922
0.014000000000000005,0,1822.2553215612172,1093.3531929367302
0.014499999999999999,0,1393.1436538024675,835.88619228148048
0.014999999999999999,0,1046.1003409053515,627.66020454321085
0.0155,0,770.37730406230662,462.22638243738396
0.016000000000000007,0,555.64476451077758,333.38685870646651
0.016500000000000001,0,392.038768578759,235.22326114725539
0.017000000000000001,0,270.29782865972675,162.17869719583604
0.017500000000000002,0,181.94922711919759,109.16953627151855
0.017999999999999995,0,119.48910998670183,71.693465992021103
0.018500000000000003,0,76.508610800375209,45.905166480225127
0.019000000000000003,0,47.739624424842077,28.643774654905247
0.019500000000000003,0,29.017428756388554,17.410457253833133
0.019999999999999997,0,17.175497589152958,10.305298553491774
0.020499999999999997,0,9.8973251637005024,5.9383950982203011
0.021000000000000005,0,5.5513057177843939,3.3307834306706363
0.021500000000000005,0,3.0301943371908653,1.818116602314519
0.021999999999999999,0,1.6094886669145896,0.96569320014875371
0.022499999999999999,0,0.83177019467985647,0.49906211680791385
0.023000000000000007,0,0.41819807865496622,0.25091884719297974
0.023500000000000007,0,0.20454865663026778,0.12272919397816066
0.024,0,0.097325282138956845,0.058395169283374106
0.024500000000000001,0,0.045045590562617359,0.027027354337570416
0.025000000000000001,0,0.020279779716264351,0.01216786782975861
-0.025000000000000001,0.00050000000000000044,0.88978371496016107,0.53387022897609659
-0.024500000000000001,0.00050000000000000044,1.8108229857809444,1.0864937914685666
-0.024,0.00050000000000000044,3.5850343303069883,2.1510205981841928
-0.0235,0.00050000000000000044,6.9047023755565089,4.1428214253339055
-0.023,0.00050000000000000044,12.937204579270881,7.7623227475625285
-0.022500000000000003,0.00050000000000000044,23.582531145787701,14.14951868747262
-0.022000000000000002,0.00050000000000000044,41.822200942395064,25.093320565437036
-0.021500000000000002,0.00050000000000000044,72.161160158123693,43.296696094874214
-0.021000000000000001,0.00050000000000000044,121.14234541943156,72.68540725165893
-0.020500000000000001,0.00050000000000000044,197.88029100309134,118.7281746018548
-0.02,0.00050000000000000044,314.51740240610371,188.71044144366223
-0.0195,0.00050000000000000044,486.46103369050087,291.87662021430049
-0.019,0.00050000000000000044,732.22369171570824,439.33421502942491
-0.018500000000000003,0.00050000000000000044,1072.6797811380845,643.60786868285072
-0.018000000000000002,0.00050000000000000044,1529.5890247290979,917.75341483745876
-0.017500000000000002,0.00050000000000000044,2123.3332564139787,1273.9999538483871
-0.017000000000000001,0.00050000000000000044,2869.9717136095128,1721.9830281657075
-0.016500000000000001,0.00050000000000000044,3777.9230340769259,2266.7538204461553
-0.016,0.00050000000000000044,4844.7902341936124,2906.8741405161672
-0.0155,0.00050000000000000044,6054.999705962553,3632.9998235775315
-0.015000000000000001,0.00050000000000000044,7378.962111431927,4427.3772668591564
-0.014500000000000001,0.00050000000000000044,8774.3305765957211,5264.5983459574327
-0.014,0.00050000000000000044,10189.61340335079,6113.7680420104734
-0.0135,0.00050000000000000044,11569.929821796362,6941.9578930778171
-0.012999999999999999,0.00050000000000000044,12864.1683920703,7718.5010352421796
-0.012500000000000001,0.00050000000000000044,14032.349423594436,8419.4096541566614
-0.012,0.00050000000000000044,15051.744813601967,9031.0468881611796
-0.0115,0.00050000000000000044,15920.377454113675,9552.2264724682045
-0.010999999999999999,0.00050000000000000044,16656.941811964592,9994.1650871787551
-0.010499999999999999,0.00050000000000000044,17296.896327281022,10378.137796368612
-0.010000000000000002,0.00050000000000000044,17885.324964686981,10731.194978812187
-0.0095000000000000015,0.00050000000000000044,18467.94053090737,11080.764318544421
-0.0090000000000000011,0.00050000000000000044,19082.095725124167,11449.2574350745
-0.0085000000000000006,0.00050000000000000044,19749.729243617294,11849.837546170376
-0.0080000000000000002,0.00050000000000000044,20473.762808180145,12284.257684908087
-0.0074999999999999997,0.00050000000000000044,21238.668301164602,12743.200980698761
-0.0069999999999999993,0.00050000000000000044,22014.939635576524,13208.963781345914
-0.0064999999999999988,0.00050000000000000044,22766.286240418838,13659.771744251302
-0.0059999999999999984,0.00050000000000000044,23457.754659779413,14074.652795867647
-0.0054999999999999979,0.00050000000000000044,24062.839406858177,14437.703644114905
-0.005000000000000001,0.00050000000000000044,24567.993657202827,14740.796194321696
-0.0044999999999999971,0.00050000000000000044,24973.689108210077,14984.213464926046
-0.0040000000000000001,0.00050000000000000044,25292.093642685428,15175.256185611255
-0.0035000000000000031,0.00050000000000000044,25542.284377786902,15325.37062667214
-0.0029999999999999992,0.00050000000000000044,25744.470146749649,15446.682088049789
-0.0025000000000000022,0.00050000000000000044,25914.828129279547,15548.896877567728
-0.0019999999999999983,0.00050000000000000044,26062.252091433049,15637.351254859828
-0.0015000000000000013,0.00050000000000000044,26187.671054270988,15712.602632562592
-0.00099999999999999742,0.00050000000000000044,26285.81789886508,15771.490739319048
-0.00050000000000000044,0.00050000000000000044,26348.627270679342,15809.176362407605
0,0.00050000000000000044,26369.010288594123,15821.406173156473
0.00050000000000000044,0.00050000000000000044,26343.699485484151,15806.219691290489
0.0010000000000000009,0.00050000000000000044,26274.184825869106,15764.510895521464
0.0015000000000000013,0.00050000000000000044,26165.370660072931,15699.222396043759
0.0020000000000000018,0.00050000000000000044,26022.299457354096,15613.379674412457
0.0024999999999999988,0.00050000000000000044,25845.909434795136,15507.54566087708
0.0030000000000000027,0.00050000000000000044,25629.145140542088,15377.487084325252
0.0034999999999999996,0.00050000000000000044,25354.721810416213,15212.833086249728
0.0040000000000000036,0.00050000000000000044,24995.456118173646,14997.273670904187
0.0045000000000000005,0.00050000000000000044,24517.419601713722,14710.451761028233
0.0049999999999999975,0.00050000000000000044,23885.423060325178,14331.253836195106
0.0055000000000000014,0.00050000000000000044,23069.703864041217,13841.822318424731
0.0059999999999999984,0.00050000000000000044,22052.337161196232,13231.402296717739
0.0064999999999999988,0.00050000000000000044,20831.921567852762,12499.152940711656
0.0069999999999999993,0.00050000000000000044,19425.489302729322,11655.293581637592
0.0074999999999999997,0.00050000000000000044,17867.246613649855,10720.347968189913
0.0080000000000000002,0.00050000000000000044,16204.480933930057,9722.688560358034
0.0085000000000000006,0.00050000000000000044,14491.580749343389,8694.948449606034
0.0090000000000000011,0.00050000000000000044,12783.450773880724,7670.0704643284344
0.0095000000000000015,0.00050000000000000044,11129.603158373049,6677.7618950238293
0.010000000000000002,0.00050000000000000044,9569.8993228563013,5741.9395937137806
0.010500000000000002,0.00050000000000000044,8132.4219991538921,4879.4531994923354
0.011000000000000003,0.00050000000000000044,6833.42714255394,4100.0562855323642
0.011500000000000003,0.00050000000000000044,5678.9026374297418,3407.3415824578451
0.012000000000000004,0.00050000000000000044,4667.0349055070237,2800.220943304214
0.012499999999999997,0.00050000000000000044,3790.8746069100598,2274.524764146036
0.013000000000000005,0.00050000000000000044,3040.6537226578671,1824.3922335947202
0.013499999999999998,0.00050000000000000044,2405.4554936629115,1443.273296197747
0.014000000000000005,0.00050000000000000044,1874.1877614982986,1124.5126568989792
0.014499999999999999,0.00050000000000000044,1435.9932039883824,861.59592239302947
0.014999999999999999,0.00050000000000000044,1080.3171599507093,648.19029597042561
0.0155,0.00050000000000000044,796.85121093559678,478.11072656135804
0.016000000000000007,0.00050000000000000044,575.50835762396264,345.30501457437759
0.016500000000000001,0.00050000000000000044,406.50133961316192,243.90080376789714
0.017000000000000001,0.00050000000000000044,280.52136051453698,168.31281630872218
0.017500000000000002,0.00050000000000000044,188.96852646700395,113.38111588020237
0.017999999999999995,0.00050000000000000044,124.17136798699674,74.502820792198037
0.018500000000000003,0.00050000000000000044,79.543814330451809,47.726288598271083
0.019000000000000003,0.00050000000000000044,49.651989347113719,29.79119360826823
0.019500000000000003,0.00050000000000000044,30.188723760186626,18.113234256111976
0.019999999999999997,0.00050000000000000044,17.87296337908597,10.723778027451582
0.020499999999999997,0.00050000000000000044,10.301136572634599,6.1806819435807592
0.021000000000000005,0.00050000000000000044,5.7786389997529595,3.4671833998517756
0.021500000000000005,0.00050000000000000044,3.1546456508356107,1.8927873905013664
0.021999999999999999,0.00050000000000000044,1.6757417661076472,1.0054450596645883
0.022499999999999999,0.00050000000000000044,0.86607045692400453,0.51964227415440267
0.023000000000000007,0.00050000000000000044,0.43546776301914958,0.26128065781148974
0.023500000000000007,0.00050000000000000044,0.21300486832116086,0.12780292099269652
0.024,0.00050000000000000044,0.10135225453216765,0.060811352719300583
0.024500000000000001,0.00050000000000000044,0.04691067373756818,0.028146404242540907
0.025000000000000001,0.00050000000000000044,0.021119894687835351,0.01267193681270121
-0.025000000000000001,0.0010000000000000009,0.85681401132054935,0.51408840679232959
-0.024500000000000001,0.0010000000000000009,1.7443445435496516,1.0466067261297909
-0.024,0.0010000000000000009,3.4547554552923758,2.0728532731754252
-0.0235,0.0010000000000000009,6.6565827492540048,3.9939496495524027
-0.023,0.0010000000000000009,12.478001520901126,7.4868009125406747
-0.022500000000000003,0.0010000000000000009,22.756753691715137,13.654052215029081
-0.022000000000000002,0.0010000000000000009,40.379458459715281,24.227675075829168
-0.021500000000000002,0.0010000000000000009,69.712495225297118,41.82749713517827
-0.021000000000000001,0.0010000000000000009,117.10565571192598,70.263393427155577
-0.020500000000000001,0.0010000000000000009,191.41764560015346,114.85058736009208
-0.02,0.0010000000000000009,304.47101943295803,182.68261165977481
-0.0195,0.0010000000000000009,471.29959791838627,282.77975875103175
-0.019,0.0010000000000000009,710.01568524807726,426.00941114884637
-0.018500000000000003,0.0010000000000000009,1041.1140868048278,624.66845208289669
-0.018000000000000002,0.0010000000000000009,1486.0632668324427,891.63796009946554
-0.017500000000000002,0.0010000000000000009,2065.1251356133944,1239.0750813680365
-0.017000000000000001,0.0010000000000000009,2794.4965870313745,1676.6979522188246
-0.016500000000000001,0.0010000000000000009,3683.0623012598494,2209.8373807559096
-0.016,0.0010000000000000009,4729.2520530923866,2837.551231855432
-0.0155,0.0010000000000000009,5918.6509923321892,3551.1905953993132
-0.015000000000000001,0.0010000000000000009,7223.0553965735844,4333.8332379441508
-0.014500000000000001,0.0010000000000000009,8601.5482666156549,5160.928959969393
-0.014,0.0010000000000000009,10003.870660231029,6002.3223961386166
-0.0135,0.0010000000000000009,11375.916866250456,6825.5501197502736
-0.012999999999999999,0.0010000000000000009,12666.66882232866,7600.0012933971957
-0.012500000000000001,0.0010000000000000009,13835.432351500687,8301.2594109004112
-0.012,0.0010000000000000009,14857.98005283577,8914.7880317014624
-0.0115,0.0010000000000000009,15730.248645130172,9438.1491870781028
-0.010999999999999999,0.0010000000000000009,16468.619992675343,9881.1719956052057
-0.010499999999999999,0.0010000000000000009,17106.481896411395,10263.889137846836
-0.010000000000000002,0.0010000000000000009,17687.575773649718,10612.54546418983
-0.0095000000000000015,0.0010000000000000009,18257.39509160725,10954.43705496435
-0.0090000000000000011,0.0010000000000000009,18854.397751548735,11312.638650929241
-0.0085000000000000006,0.0010000000000000009,19502.889249915803,11701.733549949482
-0.0080000000000000002,0.0010000000000000009,20209.075605392696,12125.445363235618
-0.0074999999999999997,0.0010000000000000009,20961.052251307552,12576.631350784532
-0.0069999999999999993,0.0010000000000000009,21732.569864326044,13039.541918595625
-0.0064999999999999988,0.0010000000000000009,22489.539937422713,13493.723962453627
-0.0059999999999999984,0.0010000000000000009,23197.640728309605,13918.584436985762
-0.0054999999999999979,0.0010000000000000009,23829.210851064781,14297.526510638869
-0.005000000000000001,0.0010000000000000009,24367.906830203403,14620.744098122041
-0.0044999999999999971,0.0010000000000000009,24810.259198522581,14886.155519113549
-0.0040000000000000001,0.0010000000000000009,25164.098843244174,15098.459305946504
-0.0035000000000000031,0.0010000000000000009,25444.610617061855,15266.766370237112
-0.0029999999999999992,0.0010000000000000009,25669.299656943771,15401.579794166262
-0.0025000000000000022,0.0010000000000000009,25853.303162923236,15511.98189775394
-0.0019999999999999983,0.0010000000000000009,26006.232614975208,15603.739568985124
-0.0015000000000000013,0.0010000000000000009,26131.182069434552,15678.70924166073
-0.00099999999999999742,0.0010000000000000009,26225.856598155846,15735.513958893507
-0.00050000000000000044,0.0010000000000000009,26285.156448936497,15771.093869361897
0,0.0010000000000000009,26304.165033790177,15782.499020274106
0.00050000000000000044,0.0010000000000000009,26280.429769330371,15768.257861598222
0.0010000000000000009,0.0010000000000000009,26214.698277184321,15728.818966310591
0.0015000000000000013,0.0010000000000000009,26109.7917664304,15665.875059858239
0.0020000000000000018,0.0010000000000000009,25967.910469582934,15580.74628174976
0.0024999999999999988,0.0010000000000000009,25787.197077776058,15472.318246665634
0.0030000000000000027,0.0010000000000000009,25558.681126848434,15335.20867610906
0.0034999999999999996,0.0010000000000000009,25264.702579891567,15158.82154793494
0.0040000000000000036,0.0010000000000000009,24879.567257149516,14927.740354289708
0.0045000000000000005,0.0010000000000000009,24372.610298290892,14623.566178974535
0.0049999999999999975,0.0010000000000000009,23713.192309945673,14227.915385967402
0.0055000000000000014,0.0010000000000000009,22876.605708914391,13725.963425348635
0.0059999999999999984,0.0010000000000000009,21849.579080831925,13109.747448499154
0.0064999999999999988,0.0010000000000000009,20634.11773729296,12380.470642375776
0.0069999999999999993,0.0010000000000000009,19248.796405351262,11549.277843210757
0.0074999999999999997,0.0010000000000000009,17727.220113174306,10636.332067904583
0.0080000000000000002,0.0010000000000000009,16114.025442184873,9668.4152653109231
0.0085000000000000006,0.0010000000000000009,14459.328650293985,8675.5971901763896
0.0090000000000000011,0.0010000000000000009,12812.80392024233,7687.6823521453971
0.0095000000000000015,0.0010000000000000009,11218.539251162354,6731.1235506974126
0.010000000000000002,0.0010000000000000009,9711.5071666307413,5826.9042999784442
0.010500000000000002,0.0010000000000000009,8316.0147409245055,4989.608844554703
0.011000000000000003,0.0010000000000000009,7046.0082900196885,4227.6049740118133
0.011500000000000003,0.0010000000000000009,5906.7339757182017,3544.0403854309211
0.012000000000000004,0.0010000000000000009,4897.0757938542911,2938.2454763125747
0.012499999999999997,0.0010000000000000009,4011.9176820882913,2407.1506092529748
0.013000000000000005,0.0010000000000000009,3244.0571196712945,1946.4342718027765
0.013499999999999998,0.0010000000000000009,2585.449710757498,1551.2698264544988
0.014000000000000005,0.0010000000000000009,2027.8020531911288,1216.6812319146773
0.014499999999999999,0.0010000000000000009,1562.6924261007237,937.61545566043412
0.014999999999999999,0.0010000000000000009,1181.4615650391011,708.87693902346064
0.0155,0.0010000000000000009,875.09039198805237,525.05423519283136
0.016000000000000007,0.0010000000000000009,634.20188765966077,380.52113259579647
0.016500000000000001,0.0010000000000000009,449.23015646118188,269.53809387670913
0.017000000000000001,0.0010000000000000009,310.72310863513843,186.43386518108306
0.017500000000000002,0.0010000000000000009,209.70288044449092,125.82172826669455
0.017999999999999995,0.0010000000000000009,138.00146765038969,82.800880590233803
0.018500000000000003,0.0010000000000000009,88.508537967055418,53.105122780233252
0.019000000000000003,0.0010000000000000009,55.300104615084706,33.180062769050821
0.019500000000000003,0.0010000000000000009,33.648008662395569,20.18880519743734
0.019999999999999997,0.0010000000000000009,19.932801008188211,11.959680604912926
0.020499999999999997,0.0010000000000000009,11.493698297012541,6.8962189782075241
0.021000000000000005,0.0010000000000000009,6.4500047811364762,3.8700028686818855
0.021500000000000005,0.0010000000000000009,3.5221740380576194,2.1133044228345716
0.021999999999999999,0.0010000000000000009,1.871398077557995,1.1228388465347969
0.022499999999999999,0.0010000000000000009,0.96736409612289143,0.58041845767373479
0.023000000000000007,0.0010000000000000009,0.48646737119930422,0.29188042271958253
0.023500000000000007,0.0010000000000000009,0.23797705015035445,0.14278623009021266
0.024,0.0010000000000000009,0.11324433628908753,0.06794660177345252
0.024500000000000001,0.0010000000000000009,0.052418450572639982,0.031451070343583985
0.025000000000000001,0.0010000000000000009,0.023600833143186714,0.014160499885912028
-0.025000000000000001,0.0015000000000000013,0.80491688625543489,0.4829501317532609
-0.024500000000000001,0.0015000000000000013,1.6397200836766987,0.98383205020601916
-0.024,0.0015000000000000013,3.2497609683728355,1.9498565810237012
-0.0235,0.0015000000000000013,6.2662493878789798,3.7597496327273876
-0.023,0.0015000000000000013,11.755772311333116,7.0534633867998693
-0.022500000000000003,0.0015000000000000013,21.458328475361757,12.874997085217053
-0.022000000000000002,0.0015000000000000013,38.111617339705155,22.866970403823093
-0.021500000000000002,0.0015000000000000013,65.864741001678894,39.518844601007338
-0.021000000000000001,0.0015000000000000013,110.76492334125172,66.458954004751021
-0.020500000000000001,0.0015000000000000013,181.27059945932231,108.76235967559339
-0.02,0.0015000000000000013,288.70470744298729,173.22282446579237
-0.0195,0.0015000000000000013,447.51895455466422,268.51137273279852
-0.019,0.0015000000000000013,675.20419301078175,405.12251580646904
-0.018500000000000003,0.0015000000000000013,991.66945687044461,595.00167412226676
-0.018000000000000002,0.0015000000000000013,1417.9401696985913,850.76410181915469
-0.017500000000000002,0.0015000000000000013,1974.1086090883866,1184.4651654530319
-0.017000000000000001,0.0015000000000000013,2676.6106173879484,1605.9663704327691
-0.016500000000000001,0.0015000000000000013,3535.0884413185213,2121.0530647911128
-0.016,0.0015000000000000013,4549.2965600886992,2729.5779360532192
-0.0155,0.0015000000000000013,5706.663489638704,3423.9980937832224
-0.015000000000000001,0.0015000000000000013,6981.1781377598118,4188.7068826558871
-0.014500000000000001,0.0015000000000000013,8334.1739879102097,5000.5043927461256
-0.014,0.0015000000000000013,9717.3171412904558,5830.3902847742729
-0.0135,0.0015000000000000013,11077.689433960299,6646.6136603761788
-0.012999999999999999,0.0015000000000000013,12364.370563286584,7418.6223379719504
-0.012500000000000001,0.0015000000000000013,13535.478537473566,8121.2871224841392
-0.012,0.0015000000000000013,14564.354157776685,8738.6124946660111
-0.0115,0.0015000000000000013,15443.577075560586,9266.1462453363511
-0.010999999999999999,0.0015000000000000013,16185.822071371575,9711.493242822944
-0.010499999999999999,0.0015000000000000013,16821.164399298632,10092.698639579179
-0.010000000000000002,0.0015000000000000013,17391.198023376732,10434.718814026039
-0.0095000000000000015,0.0015000000000000013,17941.058514025346,10764.635108415207
-0.0090000000000000011,0.0015000000000000013,18510.951726558735,11106.57103593524
-0.0085000000000000006,0.0015000000000000013,19128.934497270093,11477.360698362056
-0.0080000000000000002,0.0015000000000000013,19806.420712226944,11883.852427336165
-0.0074999999999999997,0.0015000000000000013,20537.254186463189,12322.352511877913
-0.0069999999999999993,0.0015000000000000013,21300.357902555075,12780.214741533046
-0.0064999999999999988,0.0015000000000000013,22065.152962815053,13239.091777689031
-0.0059999999999999984,0.0015000000000000013,22798.350835205962,13679.010501123577
-0.0054999999999999979,0.0015000000000000013,23470.504511942017,14082.30270716521
-0.005000000000000001,0.0015000000000000013,24060.897826572531,14436.538695943518
-0.0044999999999999971,0.0015000000000000013,24559.883627070172,14735.930176242104
-0.0040000000000000001,0.0015000000000000013,24968.489363724522,14981.093618234712
-0.0035000000000000031,0.0015000000000000013,25295.794067711366,15177.476440626819
-0.0029999999999999992,0.0015000000000000013,25555.06529237255,15333.03917542353
-0.0025000000000000022,0.0015000000000000013,25759.818327869543,15455.890996721726
-0.0019999999999999983,0.0015000000000000013,25920.805946320059,15552.483567792035
-0.0015000000000000013,0.0015000000000000013,26044.538110464619,15626.722866278771
-0.00099999999999999742,0.0015000000000000013,26133.403171077622,15680.041902646572
-0.00050000000000000044,0.0015000000000000013,26186.971930059695,15712.183158035816
0,0.0015000000000000013,26203.748184602249,15722.248910761349
0.00050000000000000044,0.0015000000000000013,26182.562354122223,15709.537412473333
0.0010000000000000009,0.0015000000000000013,26122.993439985446,15673.796063991267
0.0015000000000000013,0.0015000000000000013,26024.58284095574,15614.749704573444
0.0020000000000000018,0.0015000000000000013,25885.054758535909,15531.032855121544
0.0024999999999999988,0.0015000000000000013,25698.14717038138,15418.888302228828
0.0030000000000000027,0.0015000000000000013,25451.867942606157,15271.120765563694
0.0034999999999999996,0.0015000000000000013,25127.955708065427,15076.773424839255
0.0040000000000000036,0.0015000000000000013,24703.046443948886,14821.827866369331
0.0045000000000000005,0.0015000000000000013,24151.595733593753,14490.957440156251
0.0049999999999999975,0.0015000000000000013,23450.106819984965,14070.064091990978
0.0055000000000000014,0.0015000000000000013,22581.807781303625,13549.084668782174
0.0059999999999999984,0.0015000000000000013,21540.728000934832,12924.436800560899
0.0064999999999999988,0.0015000000000000013,20334.207400746174,12200.524440447703
0.0069999999999999993,0.0015000000000000013,18983.215935785345,11389.929561471206
0.0074999999999999997,0.0015000000000000013,17520.373506914344,10512.224104148607
0.0080000000000000002,0.0015000000000000013,15986.099436585026,9591.6596619510146
0.0085000000000000006,0.0015000000000000013,14423.736490945526,8654.2418945673162
0.0090000000000000011,0.0015000000000000013,12874.676581531774,7724.8059489190637
0.0095000000000000015,0.0015000000000000013,11374.425713033381,6824.6554278200283
0.010000000000000002,0.0015000000000000013,9950.2282230202763,5970.1369338121658
0.010500000000000002,0.0015000000000000013,8620.4324525545271,5172.2594715327159
0.011000000000000003,0.0015000000000000013,7395.354915880208,4437.2129495281242
0.011500000000000003,0.0015000000000000013,6279.102747427567,3767.4616484565399
0.012000000000000004,0.0015000000000000013,5271.7074383015906,3163.0244629809545
0.012499999999999997,0.0015000000000000013,4371.0042093401498,2622.6025256040898
0.013000000000000005,0.0015000000000000013,3573.903407793624,2144.3420446761743
0.013499999999999998,0.0015000000000000013,2876.9574872105354,1726.1744923263211
0.014000000000000005,0.0015000000000000013,2276.3473409144794,1365.8084045486876
0.014499999999999999,0.0015000000000000013,1767.5411868529038,1060.5247121117422
0.014999999999999999,0.0015000000000000013,1344.9029925200809,806.94179551204854
0.0155,0.0015000000000000013,1001.4654826402774,600.87928958416637
0.016000000000000007,0.0015000000000000013,728.97528237114307,437.38516942268581
0.016500000000000001,0.0015000000000000013,518.20775555142268,310.92465333085357
0.017000000000000001,0.0015000000000000013,359.46863249971273,215.68117949982764
0.017500000000000002,0.0015000000000000013,243.1629956728232,145.89779740369391
0.017999999999999995,0.0015000000000000013,160.31719390063756,96.190316340382537
0.018500000000000003,0.0015000000000000013,102.972346828524,61.783408097114396
0.019000000000000003,0.0015000000000000013,64.412197186447301,38.647318311868382
0.019500000000000003,0.0015000000000000013,39.228552455307408,23.537131473184445
0.019999999999999997,0.0015000000000000013,23.25560028726894,13.953360172361364
0.020499999999999997,0.0015000000000000013,13.417397060155343,8.0504382360932052
0.021000000000000005,0.0015000000000000013,7.5329431034930563,4.5197658620958334
0.021500000000000005,0.0015000000000000013,4.1149987042363696,2.4689992225418216
0.021999999999999999,0.0015000000000000013,2.18698723788017,1.3121923427281019
0.022499999999999999,0.0015000000000000013,1.1307463120984884,0.67844778725909305
0.023000000000000007,0.0015000000000000013,0.56872667968536528,0.34123600781121916
0.023500000000000007,0.0015000000000000013,0.27825536217607599,0.16695321730564558
0.024,0.0015000000000000013,0.13242527968802803,0.079455167812816821
0.024500000000000001,0.0015000000000000013,0.061301995447348476,0.036781197268409081
0.025000000000000001,0.0015000000000000013,0.027602346781586216,0.016561408068951729
-0.025000000000000001,0.0020000000000000018,0.73821834782881091,0.44293100869728652
-0.024500000000000001,0.0020000000000000018,1.5052889467665569,0.90317336805993409
-0.024,0.0020000000000000018,2.9864368234749175,1.7918620940849503
-0.0235,0.0020000000000000018,5.7650012738388687,3.4590007643033212
-0.023,0.0020000000000000018,10.828631553407234,6.4971789320443403
-0.022500000000000003,0.0020000000000000018,19.792140367032953,11.875284220219772
-0.022000000000000002,0.0020000000000000018,35.202664354896449,21.12159861293787
-0.021500000000000002,0.0020000000000000018,60.931570997391837,36.558942598435102
-0.021000000000000001,0.0020000000000000018,102.63985163600712,61.583910981604269
-0.020500000000000001,0.0020000000000000018,168.27588428632347,100.96553057179408
-0.02,0.0020000000000000018,268.52745164866002,161.11647098919602
-0.0195,0.0020000000000000018,417.10869752049592,250.26521851229754
-0.019,0.0020000000000000018,630.72712547086951,378.43627528252171
-0.018500000000000003,0.0020000000000000018,928.5601575973825,557.13609455842948
-0.018000000000000002,0.0020000000000000018,1331.0917091720553,798.65502550323311
-0.017500000000000002,0.0020000000000000018,1858.2306973804862,1114.9384184282917
-0.017000000000000001,0.0020000000000000018,2526.7604682393498,1516.0562809436099
-0.016500000000000001,0.0020000000000000018,3347.3405626137123,2008.4043375682272
-0.016,0.0020000000000000018,4321.4707090653355,2592.8824254392011
-0.0155,0.0020000000000000018,5438.9845194584614,3263.3907116750765
-0.015000000000000001,0.0020000000000000018,6676.7112082817712,4006.0267249690623
-0.014500000000000001,0.0020000000000000018,7998.878146153922,4799.326887692353
-0.014,0.0020000000000000018,9359.6002949388567,5615.7601769633138
-0.0135,0.0020000000000000018,10707.430276970921,6424.4581661825523
-0.012999999999999999,0.0020000000000000018,11991.488014926963,7194.8928089561778
-0.012500000000000001,0.0020000000000000018,13168.254248421606,7900.9525490529631
-0.012,0.0020000000000000018,14207.817398203346,8524.6904389220072
-0.0115,0.0020000000000000018,15098.311278787784,9058.9867672726705
-0.010999999999999999,0.0020000000000000018,15847.523948893147,9508.5143693358877
-0.010499999999999999,0.0020000000000000018,16481.17212996148,9888.703277976887
-0.010000000000000002,0.0020000000000000018,17038.018730479576,10222.811238287746
-0.0095000000000000015,0.0020000000000000018,17562.702655783247,10537.621593469948
-0.0090000000000000011,0.0020000000000000018,18097.673400677137,10858.604040406282
-0.0085000000000000006,0.0020000000000000018,18675.83534371309,11205.501206227853
-0.0080000000000000002,0.0020000000000000018,19315.343828724035,11589.206297234421
-0.0074999999999999997,0.0020000000000000018,20017.493169151749,12010.495901491049
-0.0069999999999999993,0.0020000000000000018,20767.924497957018,12460.75469877421
-0.0064999999999999988,0.0020000000000000018,21540.644064902684,12924.38643894161
-0.0059999999999999984,0.0020000000000000018,22303.767783642794,13382.260670185677
-0.0054999999999999979,0.0020000000000000018,23025.631731976489,13815.379039185893
-0.005000000000000001,0.0020000000000000018,23679.978893540516,14207.98733612431
-0.0044999999999999971,0.0020000000000000018,24249.301034003111,14549.580620401866
-0.0040000000000000001,0.0020000000000000018,24725.956918433134,14835.57415105988
-0.0035000000000000031,0.0020000000000000018,25111.245899593468,15066.747539756081
-0.0029999999999999992,0.0020000000000000018,25413.044871406037,15247.826922843622
-0.0025000000000000022,0.0020000000000000018,25642.82463467697,15385.694780806181
-0.0019999999999999983,0.0020000000000000018,25812.827987172433,15487.696792303459
-0.0015000000000000013,0.0020000000000000018,25933.963045185854,15560.377827111512
-0.00099999999999999742,0.0020000000000000018,26014.634078071398,15608.780446842839
-0.00050000000000000044,0.0020000000000000018,26060.406132231372,15636.243679338822
0,0.0020000000000000018,26074.171034404655,15644.502620642792
0.00050000000000000044,0.0020000000000000018,26056.405084325372,15633.843050595222
0.0010000000000000009,0.0020000000000000018,26005.188763288541,15603.113257973124
0.0015000000000000013,0.0020000000000000018,25915.856544602964,15549.513926761778
0.0020000000000000018,0.0020000000000000018,25780.388991439275,15468.233394863564
0.0024999999999999988,0.0020000000000000018,25586.867041695823,15352.120225017494
0.0030000000000000027,0.0020000000000000018,25319.408307246067,15191.64498434764
0.0034999999999999996,0.0020000000000000018,24958.957033967879,14975.374220380727
0.0040000000000000036,0.0020000000000000018,24485.106130649867,14691.063678389919
0.0045000000000000005,0.0020000000000000018,23878.839238038505,14327.303542823103
0.0049999999999999975,0.0020000000000000018,23125.775017121825,13875.465010273094
0.0055000000000000014,0.0020000000000000018,22219.26888810936,13331.561332865616
0.0059999999999999984,0.0020000000000000018,21162.658235027011,12697.594941016207
0.0064999999999999988,0.0020000000000000018,19970.063080536518,11982.03784832191
0.0069999999999999993,0.0020000000000000018,18665.455656166519,11199.273393699912
0.0074999999999999997,0.0020000000000000018,17280.113362858017,10368.06801771481
0.0080000000000000002,0.0020000000000000018,15848.958703058292,9509.3752218349746
0.0085000000000000006,0.0020000000000000018,14406.553467754875,8643.9320806529249
0.0090000000000000011,0.0020000000000000018,12983.574633264394,7790.1447799586358
0.0095000000000000015,0.0020000000000000018,11604.439822707085,6962.6638936242507
0.010000000000000002,0.0020000000000000018,10286.422418164275,6171.8534508985649
0.010500000000000002,0.0020000000000000018,9040.2023295906474,5424.1213977543885
0.011000000000000003,0.0020000000000000018,7871.4553418547021,4722.8732051128209
0.011500000000000003,0.0020000000000000018,6782.8856369356918,4069.7313821614148
0.012000000000000004,0.0020000000000000018,5776.0939795904433,3465.6563877542658
0.012499999999999997,0.0020000000000000018,4852.8286065691564,2911.6971639414937
0.013000000000000005,0.0020000000000000018,4015.4194078870696,2409.2516447322419
0.013499999999999998,0.0020000000000000018,3266.4604765949553,1959.8762859569731
0.014000000000000005,0.0020000000000000018,2608.0039826058464,1564.8023895635079
0.014499999999999999,0.0020000000000000018,2040.6153130184721,1224.3691878110833
0.014999999999999999,0.0020000000000000018,1562.61244067597,937.56746440558197
0.0155,0.0020000000000000018,1169.7026428888153,701.82158573328911
0.016000000000000007,0.0020000000000000018,855.08558151624754,513.05134890974853
0.016500000000000001,0.0020000000000000018,609.96075067782226,365.97645040669335
0.017000000000000001,0.0020000000000000018,424.2916100089447,254.5749660053668
0.017500000000000002,0.0020000000000000018,287.64966642468016,172.58979985480809
0.017999999999999995,0.0020000000000000018,189.98203214128742,113.98921928477245
0.018500000000000003,0.0020000000000000018,122.1969694768151,73.318181686089062
0.019000000000000003,0.0020000000000000018,76.522351463894282,45.91341087833657
0.019500000000000003,0.0020000000000000018,46.64462534596646,27.986775207579875
0.019999999999999997,0.0020000000000000018,27.671049719158624,16.602629831495175
0.020499999999999997,0.0020000000000000018,15.973551024032881,9.5841306144197276
0.021000000000000005,0.0020000000000000018,8.9718653672187862,5.3831192203312712
0.021500000000000005,0.0020000000000000018,4.9026737477536111,2.9416042486521667
0.021999999999999999,0.0020000000000000018,2.6062949804160374,1.5637769882496224
0.022499999999999999,0.0020000000000000018,1.347820277842434,0.8086921667054604
0.023000000000000007,0.0020000000000000018,0.67801704228292481,0.40681022536975486
0.023500000000000007,0.0020000000000000018,0.33176885026887909,0.19906131016132744
0.024,0.0020000000000000018,0.15790872771984729,0.094745236631908369
0.024500000000000001,0.0020000000000000018,0.073104429195937626,0.043862657517562575
0.025000000000000001,0.0020000000000000018,0.032918619563646091,0.019751171738187655
-0.025000000000000001,0.0024999999999999988,0.66167935555820068,0.39700761333492041
-0.024500000000000001,0.0024999999999999988,1.3510690095783324,0.81064140574699939
-0.024,0.0024999999999999988,2.6844475206472262,1.6106685123883357
-0.0235,0.0024999999999999988,5.1903583906229978,3.1142150343737987
-0.023,0.0024999999999999988,9.7661597391678505,5.8596958435007105
-0.022500000000000003,0.0024999999999999988,17.883597928017458,10.730158756810475
-0.022000000000000002,0.0024999999999999988,31.872258118089764,19.123354870853859
-0.021500000000000002,0.0024999999999999988,55.28684930714752,33.172109584288513
-0.021000000000000001,0.0024999999999999988,93.348717819124289,56.009230691474571
-0.020500000000000001,0.0024999999999999988,153.4268733945319,92.05612403671914
-0.02,0.0024999999999999988,245.48968724429366,147.2938123465762
-0.0195,0.0024999999999999988,382.41930091723356,229.45158055034014
-0.019,0.0024999999999999988,580.04518599044331,348.02711159426599
-0.018500000000000003,0.0024999999999999988,856.73414322846259,514.04048593707751
-0.018000000000000002,0.0024999999999999988,1232.3867721939678,739.43206331638066
-0.017500000000000002,0.0024999999999999988,1726.749023469225,1036.0494140815349
-0.017000000000000001,0.0024999999999999988,2357.0585661358691,1414.2351396815213
-0.016500000000000001,0.0024999999999999988,3135.2027493781588,1881.1216496268953
-0.016,0.0024999999999999988,4064.743854611349,2438.8463127668092
-0.0155,0.0024999999999999988,5138.3269947944282,3082.996196876657
-0.015000000000000001,0.0024999999999999988,6336.0749083726123,3801.6449450235673
-0.014500000000000001,0.0024999999999999988,7625.5431376898277,4575.3258826138963
-0.014,0.0024999999999999988,8963.6292247278852,5378.177534836731
-0.0135,0.0024999999999999988,10300.506201116597,6180.3037206699582
-0.012999999999999999,0.0024999999999999988,11585.232805656207,6951.1396833937242
-0.012500000000000001,0.0024999999999999988,12772.268951575274,7663.3613709451638
-0.012,0.0024999999999999988,13827.80468061484,8296.6828083689034
-0.0115,0.0024999999999999988,14734.695961504289,8840.8175769025729
-0.010999999999999999,0.0024999999999999988,15494.952695514734,9296.97161730884
-0.010499999999999999,0.0024999999999999988,16129.139337110877,9677.4836022665258
-0.010000000000000002,0.0024999999999999988,16672.649554101888,10003.589732461132
-0.0095000000000000015,0.0024999999999999988,17169.467396469809,10301.680437881885
-0.0090000000000000011,0.0024999999999999988,17664.568206384436,10598.740923830661
-0.0085000000000000006,0.0024999999999999988,18196.403489281525,10917.842093568916
-0.0080000000000000002,0.0024999999999999988,18790.878188996277,11274.526913397765
-0.0074999999999999997,0.0024999999999999988,19457.875932861138,11674.725559716682
-0.0069999999999999993,0.0024999999999999988,20190.812025362608,12114.487215217565
-0.0064999999999999988,0.0024999999999999988,20969.045731221195,12581.427438732717
-0.0059999999999999984,0.0024999999999999988,21762.424356883974,13057.454614130384
-0.0054999999999999979,0.0024999999999999988,22536.88797591882,13522.132785551292
-0.005000000000000001,0.0024999999999999988,23259.993128526796,13955.995877116076
-0.0044999999999999971,0.0024999999999999988,23905.396643495827,14343.237986097496
-0.0040000000000000001,0.0024999999999999988,24455.694835993923,14673.416901596354
-0.0035000000000000031,0.0024999999999999988,24903.426602808515,14942.055961685108
-0.0029999999999999992,0.0024999999999999988,25250.415380344082,15150.249228206449
-0.0025000000000000022,0.0024999999999999988,25505.872639713332,15303.523583827999
-0.0019999999999999983,0.0024999999999999988,25683.788996644558,15410.273397986733
-0.0015000000000000013,0.0024999999999999988,25800.114858087516,15480.068914852509
-0.00099999999999999742,0.0024999999999999988,25870.124609302697,15522.074765581618
-0.00050000000000000044,0.0024999999999999988,25906.218537339591,15543.731122403755
0,0.0024999999999999988,25916.288921243475,15549.773352746084
0.00050000000000000044,0.0024999999999999988,25902.687624955455,15541.612574973273
0.0010000000000000009,0.0024999999999999988,25861.789148262887,15517.073488957732
0.0015000000000000013,0.0024999999999999988,25784.135927406471,15470.481556443881
0.0020000000000000018,0.0024999999999999988,25655.161683387083,15393.097010032248
0.0024999999999999988,0.0024999999999999988,25456.490237231388,15273.894142338831
0.0030000000000000027,0.0024999999999999988,25167.78140250425,15100.668841502549
0.0034999999999999996,0.0024999999999999988,24769.032150595813,14861.419290357488
0.0040000000000000036,0.0024999999999999988,24243.144761790129,14545.886857074076
0.0045000000000000005,0.0024999999999999988,23578.465256031144,14147.079153618686
0.0049999999999999975,0.0024999999999999988,22770.909924186926,13662.545954512156
0.0055000000000000014,0.0024999999999999988,21825.275263846772,13095.165158308062
0.0059999999999999984,0.0024999999999999988,20755.398714720835,12453.239228832501
0.0064999999999999988,0.0024999999999999988,19583.012877259789,11749.807726355873
0.0069999999999999993,0.0024999999999999988,18335.389784701867,11001.233870821119
0.0074999999999999997,0.0024999999999999988,17042.146732609301,10225.288039565579
0.0080000000000000002,0.0024999999999999988,15731.804052430944,9439.0824314585661
0.0085000000000000006,0.0024999999999999988,14428.775457487845,8657.2652744927072
0.0090000000000000011,0.0024999999999999988,13151.391884630993,7890.8351307785961
0.0095000000000000015,0.0024999999999999988,11911.318901495171,7146.7913408971026
0.010000000000000002,0.0024999999999999988,10714.386720982058,6428.6320325892348
0.010500000000000002,0.0024999999999999988,9562.5065360580957,5737.5039216348569
0.011000000000000003,0.0024999999999999988,8456.096855001073,5073.6581130006434
0.011500000000000003,0.0024999999999999988,7396.3585888972902,4437.8151533383743
0.012000000000000004,0.0024999999999999988,6386.8348802389519,3832.1009281433708
0.012499999999999997,0.0024999999999999988,5433.9315789679595,3260.3589473807756
0.013000000000000005,0.0024999999999999988,4546.3769651412658,2727.8261790847596
0.013499999999999998,0.0024999999999999988,3733.8734000592885,2240.324040035573
0.014000000000000005,0.0024999999999999988,3005.3663915924208,1803.2198349554524
0.014499999999999999,0.0024999999999999988,2367.3946426628727,1420.4367855977237
0.014999999999999999,0.0024999999999999988,1822.8985864487929,1093.7391518692757
0.0155,0.0024999999999999988,1370.6989624611656,822.41937747669931
0.016000000000000007,0.0024999999999999988,1005.669716383968,603.40182983038073
0.016500000000000001,0.0024999999999999988,719.47354414713209,431.68412648827922
0.017000000000000001,0.0024999999999999988,501.63631096696412,300.98178658017844
0.017500000000000002,0.0024999999999999988,340.71612839260473,204.42967703556283
0.017999999999999995,0.0024999999999999988,225.36101670500648,135.21661002300388
0.018500000000000003,0.0024999999999999988,145.12112735382181,87.072676412293077
0.019000000000000003,0.0024999999999999988,90.961189531691389,54.576713719014833
0.019500000000000003,0.0024999999999999988,55.485904704334956,33.291542822600974
0.019999999999999997,0.0024999999999999988,32.934658573838178,19.760795144302907
0.020499999999999997,0.0024999999999999988,19.020536034153501,11.412321620492101
0.021000000000000005,0.0024999999999999988,10.687010065582069,6.4122060393492406
0.021500000000000005,0.0024999999999999988,5.8415210291111661,3.5049126174666996
0.021999999999999999,0.0024999999999999988,3.1060631096074243,1.8636378657644546
0.022499999999999999,0.0024999999999999988,1.6065425790279892,0.96392554741679348
0.023000000000000007,0.0024999999999999988,0.8082738737703985,0.48496432426223907
0.023500000000000007,0.0024999999999999988,0.39554760580028675,0.23732856348017203
0.024,0.0024999999999999988,0.18828023726987275,0.11296814236192365
0.024500000000000001,0.0024999999999999988,0.087170608892648091,0.052302365335588852
0.025000000000000001,0.0024999999999999988,0.039254529970435929,0.023552717982261558
-0.025000000000000001,0.0030000000000000027,0.58046776262306332,0.34828065757383797
-0.024500000000000001,0.0030000000000000027,1.1874817454813991,0.71248904728883944
-0.024,0.0030000000000000027,2.3642189803152207,1.4185313881891324
-0.0235,0.0030000000000000027,4.5812284063135413,2.7487370437881249
-0.023,0.0030000000000000027,8.6403769352264845,5.1842261611358902
-0.022500000000000003,0.0030000000000000027,15.862238807865593,9.517343284719356
-0.022000000000000002,0.0030000000000000027,28.346767828103218,17.008060696861929
-0.021500000000000002,0.0030000000000000027,49.314872767292734,29.588923660375638
-0.021000000000000001,0.0030000000000000027,83.525227976771916,50.115136786063147
-0.020500000000000001,0.0030000000000000027,137.73845343467883,82.643072060807299
-0.02,0.0030000000000000027,221.16970083885451,132.70182050331269
-0.0195,0.0030000000000000027,345.83371901467484,207.50023140880489
-0.019,0.0030000000000000027,526.65076383848634,315.99045830309177
-0.018500000000000003,0.0030000000000000027,781.15865923249419,468.69519553949647
-0.018000000000000002,0.0030000000000000027,1128.680217347099,677.20813040825931
-0.017500000000000002,0.0030000000000000027,1588.8400076326645,953.30400457959865
-0.017000000000000001,0.0030000000000000027,2179.4185970796843,1307.6511582478106
-0.016500000000000001,0.0030000000000000027,2913.673151305542,1748.2038907833251
-0.016,0.0030000000000000027,3797.4222899070901,2278.4533739442541
-0.0155,0.0030000000000000027,4826.3553453400873,2895.8132072040521
-0.015000000000000001,0.0030000000000000027,5984.1347426175125,3590.4808455705074
-0.014500000000000001,0.0030000000000000027,7241.8668846412538,4345.1201307847523
-0.014,0.0030000000000000027,8559.3872487203607,5135.6323492322163
-0.0135,0.0030000000000000027,9888.5340644714761,5933.1204386828858
-0.012999999999999999,0.0030000000000000027,11178.205992068768,6706.923595241261
-0.012500000000000001,0.0030000000000000027,12380.585917640432,7428.3515505842588
-0.012,0.0030000000000000027,13457.564658653435,8074.5387951920602
-0.0115,0.0030000000000000027,14386.215732745153,8631.7294396470916
-0.010999999999999999,0.0030000000000000027,15162.22739112522,9097.3364346751314
-0.010499999999999999,0.0030000000000000027,15800.508046663015,9480.3048279978084
-0.010000000000000002,0.0030000000000000027,16332.695912654119,9799.6175475924701
-0.0095000000000000015,0.0030000000000000027,16801.912957078872,10081.147774247323
-0.0090000000000000011,0.0030000000000000027,17255.663965637454,10353.398379382472
-0.0085000000000000006,0.0030000000000000027,17738.15678872442,10642.894073234651
-0.0080000000000000002,0.0030000000000000027,18283.418844048756,10970.051306429254
-0.0074999999999999997,0.0030000000000000027,18910.389044542484,11346.23342672549
-0.0069999999999999993,0.0030000000000000027,19620.731175748693,11772.438705449216
-0.0064999999999999988,0.0030000000000000027,20399.55866139321,12239.735196835925
-0.0059999999999999984,0.0030000000000000027,21218.716605827711,12731.229963496626
-0.0054999999999999979,0.0030000000000000027,22041.851321503593,13225.110792902155
-0.005000000000000001,0.0030000000000000027,22830.278821809938,13698.167293085962
-0.0044999999999999971,0.0030000000000000027,23548.65259830371,14129.191558982226
-0.0040000000000000001,0.0030000000000000027,24169.589426306051,14501.75365578363
-0.0035000000000000031,0.0030000000000000027,24676.675549791336,14806.005329874801
-0.0029999999999999992,0.0030000000000000027,25065.577921481687,15039.346752889011
-0.0025000000000000022,0.0030000000000000027,25343.274841848772,15205.964905109262
-0.0019999999999999983,0.0030000000000000027,25525.666617496667,15315.399970498
-0.0015000000000000013,0.0030000000000000027,25634.015258849602,15380.409155309761
-0.00099999999999999742,0.0030000000000000027,25690.785899593135,15414.471539755879
-0.00050000000000000044,0.0030000000000000027,25715.515700581582,15429.309420348949
0,0.0030000000000000027,25721.312637661274,15432.787582596764
0.00050000000000000044,0.0030000000000000027,25712.485046315738,15427.491027789441
0.0010000000000000009,0.0030000000000000027,25683.631403018382,15410.178841811028
0.0015000000000000013,0.0030000000000000027,25620.300216060765,15372.180129636457
0.0020000000000000018,0.0030000000000000027,25501.095209428579,15300.657125657146
0.0024999999999999988,0.0030000000000000027,25300.888916496526,15180.533349897914
0.0030000000000000027,0.0030000000000000027,24994.651489387608,14996.790893632564
0.0034999999999999996,0.0030000000000000027,24561.322044636825,14736.793226782094
0.0040000000000000036,0.0030000000000000027,23987.153353413287,14392.292012047972
0.0045000000000000005,0.0030000000000000027,23268.040706457214,13960.824423874328
0.0049999999999999975,0.0030000000000000027,22410.488711400369,13446.29322684022
0.0055000000000000014,0.0030000000000000027,21431.059586439238,12858.635751863543
0.0059999999999999984,0.0030000000000000027,20354.365915070448,12212.619549042269
0.0064999999999999988,0.0030000000000000027,19209.898334412457,11525.939000647473
0.0069999999999999993,0.0030000000000000027,18028.184344551231,10816.910606730738
0.0074999999999999997,0.0030000000000000027,16836.919298096938,10102.151578858162
0.0080000000000000002,0.0030000000000000027,15657.752989763016,9394.651793857809
0.0085000000000000006,0.0030000000000000027,14504.324644388893,8702.5947866333354
0.0090000000000000011,0.0030000000000000027,13381.9124861444,8029.1474916866391
0.0095000000000000015,0.0030000000000000027,12288.736635199964,7373.2419811199779
0.010000000000000002,0.0030000000000000027,11218.597145061729,6731.1582870370376
0.010500000000000002,0.0030000000000000027,10164.232901427175,6098.5397408563049
0.011000000000000003,0.0030000000000000027,9120.6335595918335,5472.3801357551001
0.011500000000000003,0.0030000000000000027,8087.5707812642331,4852.5424687585401
0.012000000000000004,0.0030000000000000027,7070.828196766106,4242.4969180596636
0.012499999999999997,0.0030000000000000027,6081.9409661592454,3649.1645796955472
0.013000000000000005,0.0030000000000000027,5136.6121605342805,3081.967296320568
0.013499999999999998,0.0030000000000000027,4252.2589192317473,2551.3553515390481
0.014000000000000005,0.0030000000000000027,3445.2884811145523,2067.1730886687315
0.014499999999999999,0.0030000000000000027,2728.6905627174388,1637.2143376304632
0.014999999999999999,0.0030000000000000027,2110.3832629782182,1266.229957786931
0.0155,0.0030000000000000027,1592.5232005414205,955.51392032485228
0.016000000000000007,0.0030000000000000027,1171.7564341947841,703.05386051687049
0.016500000000000001,0.0030000000000000027,840.2034005862605,504.12204035175625
0.017000000000000001,0.0030000000000000027,586.871753429568,352.12305205774078
0.017500000000000002,0.0030000000000000027,399.17964536188578,239.50778721713147
0.017999999999999995,0.0030000000000000027,264.32942931996848,158.59765759198109
0.018500000000000003,0.0030000000000000027,170.36666340816157,102.21999804489694
0.019000000000000003,0.0030000000000000027,106.85997353708099,64.115984122248591
0.019500000000000003,0.0030000000000000027,65.220103018532043,39.132061811119222
0.019999999999999997,0.0030000000000000027,38.729375426093597,23.237625255656159
0.020499999999999997,0.0030000000000000027,22.374747015000466,13.424848209000279
0.021000000000000005,0.0030000000000000027,12.574994730998847,7.5449968385993085
0.021500000000000005,0.0030000000000000027,6.874936918155047,4.1249621508930279
0.021999999999999999,0.0030000000000000027,3.6561547145874811,2.1936928287524884
0.022499999999999999,0.0030000000000000027,1.891309523312152,1.1347857139872912
0.023000000000000007,0.0030000000000000027,0.95164041124959919,0.57098424674975945
0.023500000000000007,0.0030000000000000027,0.4657443109835408,0.27944658659012445
0.024,0.0030000000000000027,0.22170758308968111,0.13302454985380865
0.024500000000000001,0.0030000000000000027,0.10265191599162372,0.061591149594974234
0.025000000000000001,0.0030000000000000027,0.046227813394345174,0.027736688036607105
-0.025000000000000001,0.0034999999999999996,0.4993686104547565,0.2996211662728539
-0.024500000000000001,0.0034999999999999996,1.0241571573691732,0.61449429442150394
-0.024,0.0034999999999999996,2.0445834696168848,1.2267500817701309
-0.0235,0.0034999999999999996,3.9733936821734668,2.3840362093040799
-0.023,0.0034999999999999996,7.5173333901685275,4.5104000341011163
-0.022500000000000003,0.0034999999999999996,13.8464928388006,8.3078957032803604
-0.022000000000000002,0.0034999999999999996,24.832428938236724,14.899457362942034
-0.021500000000000002,0.0034999999999999996,43.364385167561132,26.018631100536677
-0.021000000000000001,0.0034999999999999996,73.741921837757275,44.245153102654363
-0.020500000000000001,0.0034999999999999996,122.12297942759847,73.27378765655908
-0.02,0.0034999999999999996,196.97830903315707,118.18698541989424
-0.0195,0.0034999999999999996,309.4683594917953,185.68101569507718
-0.019,0.0034999999999999996,473.62283200808128,284.17369920484873
-0.018500000000000003,0.0034999999999999996,706.17606572281738,423.70563943369041
-0.018000000000000002,0.0034999999999999996,1025.9063895439956,615.54383372639734
-0.017500000000000002,0.0034999999999999996,1452.358484670219,871.41509080213143
-0.017000000000000001,0.0034999999999999996,2003.9049218535949,1202.3429531121569
-0.016500000000000001,0.0034999999999999996,2695.2275809026532,1617.136548541592
-0.016,0.0034999999999999996,3534.4589037268461,2120.6753422361076
-0.0155,0.0034999999999999996,4520.3880272400866,2712.232816344052
-0.015000000000000001,0.0034999999999999996,5640.265372602581,3384.1592235615485
-0.014500000000000001,0.0034999999999999996,6868.7835999927602,4121.2701599956563
-0.014,0.0034999999999999996,8168.7334280964687,4901.2400568578814
-0.0135,0.0034999999999999996,9493.6133631025714,5696.1680178615425
-0.012999999999999999,0.0034999999999999996,10792.131938714943,6475.2791632289654
-0.012500000000000001,0.0034999999999999996,12014.137838528228,7208.4827031169361
-0.012,0.0034999999999999996,13117.136423483989,7870.2818540903936
-0.0115,0.0034999999999999996,14072.300620607979,8443.380372364787
-0.010999999999999999,0.0034999999999999996,14868.842605727168,8921.3055634363009
-0.010499999999999999,0.0034999999999999996,15515.818545335698,9309.4911272014178
-0.010000000000000002,0.0034999999999999996,16040.868495731183,9624.5210974387101
-0.0095000000000000015,0.0034999999999999996,16485.962569846411,9891.5775419078473
-0.0090000000000000011,0.0034999999999999996,16900.805931495284,10140.483558897171
-0.0085000000000000006,0.0034999999999999996,17335.014313392778,10401.008588035666
-0.0080000000000000002,0.0034999999999999996,17830.403456577871,10698.242073946722
-0.0074999999999999997,0.0034999999999999996,18414.693398767806,11048.816039260682
-0.0069999999999999993,0.0034999999999999996,19097.63377145525,11458.580262873149
-0.0064999999999999988,0.0034999999999999996,19870.088578246781,11922.053146948068
-0.0059999999999999984,0.0034999999999999996,20706.08799099212,12423.652794595271
-0.0054999999999999979,0.0034999999999999996,21567.368083314377,12940.420849988626
-0.005000000000000001,0.0034999999999999996,22409.556823512015,13445.734094107209
-0.0044999999999999971,0.0034999999999999996,23188.966435019815,13913.379861011888
-0.0040000000000000001,0.0034999999999999996,23868.922884068452,14321.353730441071
-0.0035000000000000031,0.0034999999999999996,24424.683945318815,14654.810367191289
-0.0029999999999999992,0.0034999999999999996,24846.239024792896,14907.743414875737
-0.0025000000000000022,0.0034999999999999996,25138.614513749348,15083.168708249608
-0.0019999999999999983,0.0034999999999999996,25319.691883112195,15191.815129867317
-0.0015000000000000013,0.0034999999999999996,25415.937492307145,15249.562495384285
-0.00099999999999999742,0.0034999999999999996,25456.787928639333,15274.0727571836
-0.00050000000000000044,0.0034999999999999996,25468.671772337435,15281.20306340246
0,0.0034999999999999996,25469.72476130211,15281.834856781265
0.00050000000000000044,0.0034999999999999996,25466.141763059306,15279.685057835582
0.0010000000000000009,0.0034999999999999996,25450.815309816244,15270.489185889746
0.0015000000000000013,0.0034999999999999996,25404.48808816469,15242.692852898814
0.0020000000000000018,0.0034999999999999996,25299.179516825614,15179.507710095368
0.0024999999999999988,0.0034999999999999996,25103.230476179673,15061.938285707804
0.0030000000000000027,0.0034999999999999996,24787.029192353391,14872.217515412034
0.0034999999999999996,0.0034999999999999996,24328.386112340995,14597.031667404597
0.0040000000000000036,0.0034999999999999996,23716.624100836649,14229.97446050199
0.0045000000000000005,0.0034999999999999996,22954.709859492032,13772.825915695219
0.0049999999999999975,0.0034999999999999996,22059.11339412674,13235.468036476044
0.0055000000000000014,0.0034999999999999996,21057.475294112424,12634.485176467455
0.0059999999999999984,0.0034999999999999996,19984.522587831554,11990.713552698931
0.0064999999999999988,0.0034999999999999996,18876.952640899486,11326.171584539692
0.0069999999999999993,0.0034999999999999996,17768.16564168685,10660.89938501211
0.0074999999999999997,0.0034999999999999996,16683.747788919987,10010.248673351993
0.0080000000000000002,0.0034999999999999996,15638.481056362332,9383.0886338173987
0.0085000000000000006,0.0034999999999999996,14635.390862017108,8781.234517210265
0.0090000000000000011,0.0034999999999999996,13666.973786818697,8200.1842720912173
0.0095000000000000015,0.0034999999999999996,12718.334537550641,7631.0007225303843
0.010000000000000002,0.0034999999999999996,11771.586619172735,7062.9519715036404
0.010500000000000002,0.0034999999999999996,10810.620538340518,6486.3723230043106
0.011000000000000003,0.0034999999999999996,9825.2820053839423,5895.1692032303654
0.011500000000000003,0.0034999999999999996,8814.1521255812677,5288.4912753487606
0.012000000000000004,0.0034999999999999996,7785.4485804806682,4671.2691482884011
0.012499999999999997,0.0034999999999999996,6755.9893435012946,4053.5936061007765
0.013000000000000005,0.0034999999999999996,5748.571338370798,3449.1428030224788
0.013499999999999998,0.0034999999999999996,4788.4153561041458,2873.0492136624875
0.014000000000000005,0.0034999999999999996,3899.4515515268122,2339.6709309160874
0.014499999999999999,0.0034999999999999996,3101.1555676594994,1860.6933405956995
0.014999999999999999,0.0034999999999999996,2406.4332278039137,1443.8599366823482
0.0155,0.0034999999999999996,1820.7645754777859,1092.4587452866715
0.016000000000000007,0.0034999999999999996,1342.5365023203931,805.5219013922358
0.016500000000000001,0.0034999999999999996,964.28196748708717,578.56918049225226
0.017000000000000001,0.0034999999999999996,674.43678168964368,404.66206901378621
0.017500000000000002,0.0034999999999999996,459.22251786258471,275.53351071755083
0.017999999999999995,0.0034999999999999996,304.34090518193062,182.60454310915836
0.018500000000000003,0.0034999999999999996,196.28305883679425,117.76983530207654
0.019000000000000003,0.0034999999999999996,123.17883504482531,73.907301026895183
0.019500000000000003,0.0034999999999999996,75.210344633026963,45.126206779816179
0.019999999999999997,0.0034999999999999996,44.675975770866273,26.805585462519762
0.020499999999999997,0.0034999999999999996,25.816630369343706,15.489978221606222
0.021000000000000005,0.0034999999999999996,14.512220046844051,8.7073320281064301
0.021500000000000005,0.0034999999999999996,7.9352592947484757,4.7611555768490854
0.021999999999999999,0.0034999999999999996,4.2205495285876768,2.532329717152606
0.022499999999999999,0.0034999999999999996,2.1834730373070794,1.3100838223842477
0.023000000000000007,0.0034999999999999996,1.0987276910648671,0.65923661463892025
0.023500000000000007,0.0034999999999999996,0.53776162657111115,0.32265697594266668
0.024,0.0034999999999999996,0.25600145464709617,0.15360087278825771
0.024500000000000001,0.0034999999999999996,0.11853437989374419,0.071120627936246503
0.025000000000000001,0.0034999999999999996,0.05338173444269341,0.032029040665616043
-0.025000000000000001,0.0040000000000000036,0.42232396121775279,0.25339437673065168
-0.024500000000000001,0.0040000000000000036,0.86900426562723521,0.52140255937634106
-0.024,0.0040000000000000036,1.7409544254101512,1.0445726552460908
-0.0235,0.0040000000000000036,3.3960275562973341,2.0376165337784005
-0.023,0.0040000000000000036,6.4506464042484435,3.8703878425490661
-0.022500000000000003,0.0040000000000000036,11.93202797672987,7.1592167860379217
-0.022000000000000002,0.0040000000000000036,21.49492038439298,12.896952230635788
-0.021500000000000002,0.0040000000000000036,37.713797913749218,22.628278748249532
-0.021000000000000001,0.0040000000000000036,64.452620845439455,38.671572507263669
-0.020500000000000001,0.0040000000000000036,107.29774316562367,64.378645899374206
-0.02,0.0040000000000000036,174.01432491624891,104.40859494974934
-0.0195,0.0040000000000000036,274.95377798673974,164.97226679204383
-0.019,0.0040000000000000036,423.30373681096006,253.98224208657604
-0.018500000000000003,0.0040000000000000036,635.04121259237786,381.02472755542669
-0.018000000000000002,0.0040000000000000036,928.43608296700586,557.06164978020354
-0.017500000000000002,0.0040000000000000036,1322.9698040567919,793.7818824340751
-0.017000000000000001,0.0040000000000000036,1837.5951905868837,1102.5571143521302
-0.016500000000000001,0.0040000000000000036,2488.3722294442196,1493.0233376665317
-0.016,0.0040000000000000036,3285.6648238356597,1971.3988943013958
-0.0155,0.0040000000000000036,4231.2510643913238,2538.7506386347941
-0.015000000000000001,0.0040000000000000036,5315.8469459932858,3189.5081675959714
-0.014500000000000001,0.0040000000000000036,6517.6232980618215,3910.5739788370929
-0.014,0.0040000000000000036,7802.2636964406847,4681.358217864411
-0.0135,0.0040000000000000036,9124.9405972635395,5474.9643583581237
-0.012999999999999999,0.0040000000000000036,10434.282826307925,6260.5696957847549
-0.012500000000000001,0.0040000000000000036,11678.013950194409,7006.8083701166452
-0.012,0.0040000000000000036,12809.537669705946,7685.7226018235669
-0.0115,0.0040000000000000036,13794.432496168658,8276.6594977011937
-0.010999999999999999,0.0040000000000000036,14615.686578712033,8769.4119472272196
-0.010499999999999999,0.0040000000000000036,15276.612774226673,9165.9676645360032
-0.010000000000000002,0.0040000000000000036,15800.735441555293,9480.4412649331753
-0.0095000000000000015,0.0040000000000000036,16228.47249042488,9737.0834942549282
-0.0090000000000000011,0.0040000000000000036,16611.037016557479,9966.6222099344868
-0.0085000000000000006,0.0040000000000000036,17002.519028029659,10201.511416817795
-0.0080000000000000002,0.0040000000000000036,17451.460592715295,10470.876355629176
-0.0074999999999999997,0.0040000000000000036,17993.334422828586,10796.00065369715
-0.0069999999999999993,0.0040000000000000036,18645.165751472956,11187.099450883774
-0.0064999999999999988,0.0040000000000000036,19403.148454805691,11641.889072883414
-0.0059999999999999984,0.0040000000000000036,20243.586272397981,12146.151763438787
-0.0054999999999999979,0.0040000000000000036,21126.939200409306,12676.163520245584
-0.005000000000000001,0.0040000000000000036,22004.264040389498,13202.558424233699
-0.0044999999999999971,0.0040000000000000036,22824.973957573755,13694.984374544252
-0.0040000000000000001,0.0040000000000000036,23544.646915868041,14126.788149520824
-0.0035000000000000031,0.0040000000000000036,24131.608168726056,14478.964901235633
-0.0029999999999999992,0.0040000000000000036,24571.201103841955,14742.720662305173
-0.0025000000000000022,0.0040000000000000036,24867.027850431467,14920.216710258879
-0.0019999999999999983,0.0040000000000000036,25038.945095855899,15023.367057513538
-0.0015000000000000013,0.0040000000000000036,25118.170505549471,15070.902303329682
-0.00099999999999999742,0.0040000000000000036,25140.393395471216,15084.236037282728
-0.00050000000000000044,0.0040000000000000036,25138.181064845638,15082.908638907382
0,0.0040000000000000036,25134.134987963334,15080.480992778001
0.00050000000000000044,0.0040000000000000036,25136.126858356627,15081.676115013976
0.0010000000000000009,0.0040000000000000036,25135.544009167046,15081.326405500227
0.0015000000000000013,0.0040000000000000036,25108.874318184437,15065.324590910661
0.0020000000000000018,0.0040000000000000036,25022.290360122264,15013.374216073358
0.0024999999999999988,0.0040000000000000036,24838.298264255085,14902.978958553051
0.0030000000000000027,0.0040000000000000036,24523.126488834834,14713.875893300899
0.0034999999999999996,0.0040000000000000036,24053.420458075831,14432.052274845499
0.0040000000000000036,0.0040000000000000036,23420.989998287623,14052.593998972574
0.0045000000000000005,0.0040000000000000036,22634.772529577971,13580.863517746782
0.0049999999999999975,0.0040000000000000036,21719.726282801927,13031.835769681156
0.0055000000000000014,0.0040000000000000036,20712.938712216117,12427.763227329669
0.0059999999999999984,0.0040000000000000036,19657.721095447087,11794.632657268252
0.0064999999999999988,0.0040000000000000036,18596.785290605047,11158.071174363027
0.0069999999999999993,0.0040000000000000036,17565.72225586509,10539.433353519054
0.0074999999999999997,0.0040000000000000036,16587.916768983272,9952.7500613899629
0.0080000000000000002,0.0040000000000000036,15671.759128038564,9403.0554768231377
0.0085000000000000006,0.0040000000000000036,14810.596626937135,8886.3579761622805
0.0090000000000000011,0.0040000000000000036,13985.371160944305,8391.2226965665832
0.0095000000000000015,0.0040000000000000036,13169.398352227949,7901.6390113367688
0.010000000000000002,0.0040000000000000036,12334.350314015308,7400.610188409184
0.010500000000000002,0.0040000000000000036,11456.29149651176,6873.7748979070557
0.011000000000000003,0.0040000000000000036,10520.636413280057,6312.381847968034
0.011500000000000003,0.0040000000000000036,9525.150619599217,5715.0903717595302
0.012000000000000004,0.0040000000000000036,8480.5465236420714,5088.3279141852427
0.012499999999999997,0.0040000000000000036,7408.7320736247884,4445.2392441748725
0.013000000000000005,0.0040000000000000036,6339.2326608752028,3803.5395965251214
0.013499999999999998,0.0040000000000000036,5304.6193195459964,3182.7715917275978
0.014000000000000005,0.0040000000000000036,4335.8785688915959,2601.5271413349574
0.014499999999999999,0.0040000000000000036,3458.5491598344529,2075.1294959006718
0.014999999999999999,0.0040000000000000036,2690.1810902809884,1614.1086541685929
0.0155,0.0040000000000000036,2039.328662984881,1223.5971977909285
0.016000000000000007,0.0040000000000000036,1505.9633581919802,903.57801491518808
0.016500000000000001,0.0040000000000000036,1082.9545727021184,649.77274362127105
0.017000000000000001,0.0040000000000000036,758.15168653848707,454.89101192309221
0.017500000000000002,0.0040000000000000036,516.60661593622444,309.96396956173464
0.017999999999999995,0.0040000000000000036,342.57084008565931,205.54250405139558
0.018500000000000003,0.0040000000000000036,221.04054765358032,132.62432859214817
0.019000000000000003,0.0040000000000000036,138.76551838619008,83.259311031714049
0.019500000000000003,0.0040000000000000036,84.751181345810579,50.850708807486349
0.019999999999999997,0.0040000000000000036,50.354524937048538,30.212714962229121
0.020499999999999997,0.0040000000000000036,29.10311800015689,17.461870800094133
0.021000000000000005,0.0040000000000000036,16.361873189733732,9.8171239138402395
0.021500000000000005,0.0040000000000000036,8.9476029052668231,5.368561743160094
0.021999999999999999,0.0040000000000000036,4.7593863292250571,2.8556317975350343
0.022499999999999999,0.0040000000000000036,2.4623982940227243,1.4774389764136344
0.023000000000000007,0.0040000000000000036,1.2391471455365755,0.74348828732194527
0.023500000000000007,0.0040000000000000036,0.60651301835356186,0.36390781101213709
0.024,0.0040000000000000036,0.28873967938484107,0.17324380763090463
0.024500000000000001,0.0040000000000000036,0.13369621669304602,0.080217730015827604
0.025000000000000001,0.0040000000000000036,0.060211006677382273,0.036126604006429364
-0.025000000000000001,0.0045000000000000005,0.35215868112952287,0.2112952086777137
-0.024500000000000001,0.0045000000000000005,0.72766164437433678,0.43659698662460206
-0.024,0.0045000000000000005,1.4642571682195065,0.87855430093170384
-0.0235,0.0045000000000000005,2.869673743243105,1.7218042459458629
-0.023,0.0045000000000000005,5.4777934480661701,3.2866760688397019
-0.022500000000000003,0.0045000000000000005,10.185149838046469,6.1110899028278807
-0.022000000000000002,0.0045000000000000005,18.44796061328406,11.068776367970436
-0.021500000000000002,0.0045000000000000005,32.552077795101901,19.531246677061141
-0.021000000000000001,0.0045000000000000005,55.961370248530123,33.576822149118073
-0.020500000000000001,0.0045000000000000005,93.736058585815769,56.241635151489461
-0.02,0.0045000000000000005,152.98993525354518,91.79396115212711
-0.0195,0.0045000000000000005,243.32447817151805,145.99468690291081
-0.019,0.0045000000000000005,377.1417944936548,226.28507669619287
-0.018500000000000003,0.0045000000000000005,569.70420314961734,341.82252188977037
-0.018000000000000002,0.0045000000000000005,838.78721440359993,503.27232864215995
-0.017500000000000002,0.0045000000000000005,1203.7785653173769,722.26713919042606
-0.017000000000000001,0.0045000000000000005,1684.1222946192904,1010.4733767715742
-0.016500000000000001,0.0045000000000000005,2297.1018336007132,1378.261100160428
-0.016,0.0045000000000000005,3055.0972111718042,1833.0583267030825
-0.0155,0.0045000000000000005,3962.6209039727742,2377.5725423836643
-0.015000000000000001,0.0045000000000000005,5013.6003573853923,3008.1602144312351
-0.014500000000000001,0.0045000000000000005,6189.4862533485284,3713.691752009117
-0.014,0.0045000000000000005,7458.7756495613794,4475.2653897368273
-0.0135,0.0045000000000000005,8778.4123533389757,5267.047412003385
-0.012999999999999999,0.0045000000000000005,10097.255803399561,6058.3534820397363
-0.012500000000000001,0.0045000000000000005,11361.425879902152,6816.8555279412913
-0.012,0.0045000000000000005,12520.90576878976,7512.5434612738554
-0.0115,0.0045000000000000005,13536.416936354944,8121.8501618129667
-0.010999999999999999,0.0045000000000000005,14385.371295422539,8631.2227772535225
-0.010499999999999999,0.0045000000000000005,15065.731154808105,9039.4386928848635
-0.010000000000000002,0.0045000000000000005,15596.890680616523,9358.1344083699132
-0.0095000000000000015,0.0045000000000000005,16017.191901184304,9610.3151407105815
-0.0090000000000000011,0.0045000000000000005,16378.304376552407,9826.9826259314432
-0.0085000000000000006,0.0045000000000000005,16737.297971200336,10042.378782720201
-0.0080000000000000002,0.0045000000000000005,17147.692053300278,10288.615231980166
-0.0074999999999999997,0.0045000000000000005,17650.976842372867,10590.586105423719
-0.0069999999999999993,0.0045000000000000005,18270.035522650251,10962.02131359015
-0.0064999999999999988,0.0045000000000000005,19005.571582163218,11403.34294929793
-0.0059999999999999984,0.0045000000000000005,19836.134576995759,11901.680746197455
-0.0054999999999999979,0.0045000000000000005,20721.7347429,12433.040845739999
-0.005000000000000001,0.0045000000000000005,21610.442369954097,12966.265421972457
-0.0044999999999999971,0.0045000000000000005,22446.871080028952,13468.12264801737
-0.0040000000000000001,0.0045000000000000005,23181.11756177849,13908.670537067093
-0.0035000000000000031,0.0045000000000000005,23776.626625012759,14265.975975007656
-0.0029999999999999992,0.0045000000000000005,24215.598371206186,14529.359022723711
-0.0025000000000000022,0.0045000000000000005,24500.950357477526,14700.570214486515
-0.0019999999999999983,0.0045000000000000005,24654.446385547119,14792.66783132827
-0.0015000000000000013,0.0045000000000000005,24711.31294938811,14826.787769632865
-0.00099999999999999742,0.0045000000000000005,24712.353674792961,14827.412204875776
-0.00050000000000000044,0.0045000000000000005,24695.095134091964,14817.057080455177
0,0.0045000000000000005,24685.727745038916,14811.436647023349
0.00050000000000000044,0.0045000000000000005,24693.472941760283,14816.08376505617
0.0010000000000000009,0.0045000000000000005,24708.524148736025,14825.114489241614
0.0015000000000000013,0.0045000000000000005,24703.971815992758,14822.383089595654
0.0020000000000000018,0.0045000000000000005,24641.29425856387,14784.776555138322
0.0024999999999999988,0.0045000000000000005,24478.262806524381,14686.957683914628
0.0030000000000000027,0.0045000000000000005,24177.63418784376,14506.580512706256
0.0034999999999999996,0.0045000000000000005,23714.882343059086,14228.929405835452
0.0040000000000000036,0.0045000000000000005,23083.466568788514,13850.079941273108
0.0045000000000000005,0.0045000000000000005,22296.67035793978,13378.002214763868
0.0049999999999999975,0.0045000000000000005,21385.744915778123,12831.446949466874
0.0055000000000000014,0.0045000000000000005,20394.801486261858,12236.880891757115
0.0059999999999999984,0.0045000000000000005,19373.480991519657,11624.088594911793
0.0064999999999999988,0.0045000000000000005,18368.792296091138,11021.275377654683
0.0069999999999999993,0.0045000000000000005,17417.60663080011,10450.563978480066
0.0074999999999999997,0.0045000000000000005,16541.12846389952,9924.6770783397114
0.0080000000000000002,0.0045000000000000005,15742.274397321762,9445.3646383930572
0.0085000000000000006,0.0045000000000000005,15006.352358032675,9003.8114148196037
0.0090000000000000011,0.0045000000000000005,14304.834625911404,8582.9007755468429
0.0095000000000000015,0.0045000000000000005,13601.462695977318,8160.8776175863904
0.010000000000000002,0.0045000000000000005,12859.510868687816,7715.706521212689
0.010500000000000002,0.0045000000000000005,12048.850469043089,7229.3102814258536
0.011000000000000003,0.0045000000000000005,11151.539150624454,6690.9234903746719
0.011500000000000003,0.0045000000000000005,10164.995241891338,6098.9971451348028
0.012000000000000004,0.0045000000000000005,9102.3320866256236,5461.3992519753738
0.012499999999999997,0.0045000000000000005,7990.0041854384071,4794.0025112630437
0.013000000000000005,0.0045000000000000005,6863.423658600881,4118.0541951605283
0.013499999999999998,0.0045000000000000005,5761.5316675718814,3456.9190005431287
0.014000000000000005,0.0045000000000000005,4721.3958376254768,2832.8375025752862
0.014499999999999999,0.0045000000000000005,3773.7570481175057,2264.2542288705035
0.014999999999999999,0.0045000000000000005,2940.1306066661123,1764.0783639996673
0.0155,0.0045000000000000005,2231.675290557208,1339.0051743343247
0.016000000000000007,0.0045000000000000005,1649.6795544296922,989.80773265781522
0.016500000000000001,0.0045000000000000005,1187.253452839795,712.35207170387696
0.017000000000000001,0.0045000000000000005,831.69339610371924,499.0160376622315
0.017500000000000002,0.0045000000000000005,566.99926035589965,340.19955621353978
0.017999999999999995,0.0045000000000000005,376.13357686268404,225.68014611761041
0.018500000000000003,0.0045000000000000005,242.77080693671968,145.6624841620318
0.019000000000000003,0.0045000000000000005,152.44397639780826,91.466385838684957
0.019500000000000003,0.0045000000000000005,93.122833211542797,55.873699926925674
0.019999999999999997,0.0045000000000000005,55.336666053641338,33.201999632184801
0.020499999999999997,0.0045000000000000005,31.986316288373285,19.19178977302397
0.021000000000000005,0.0045000000000000005,17.984447047641982,10.790668228585188
0.021500000000000005,0.0045000000000000005,9.8356171062381108,5.9013702637428667
0.021999999999999999,0.0045000000000000005,5.2320277671339159,3.1392166602803493
0.022499999999999999,0.0045000000000000005,2.7070502714585998,1.6242301628751599
0.023000000000000007,0.0045000000000000005,1.3623093527361609,0.81738561164169654
0.023500000000000007,0.0045000000000000005,0.66681384732957683,0.40008830839774606
0.024,0.0045000000000000005,0.31745345712234641,0.19047207427340784
0.024500000000000001,0.0045000000000000005,0.14699408014162596,0.088196448084975579
0.025000000000000001,0.0045000000000000005,0.066200642733445877,0.039720385640067524
-0.025000000000000001,0.0049999999999999975,0.29050653745170213,0.17430392247102128
-0.024500000000000001,0.0049999999999999975,0.60335644940925293,0.36201386964555177
-0.024,0.0049999999999999975,1.220670123753735,0.73240207425224091
-0.0235,0.0049999999999999975,2.4057904885875065,1.443474293152504
-0.023,0.0049999999999999975,4.6193447337584681,2.7716068402550809
-0.022500000000000003,0.0049999999999999975,8.6415744517608921,5.1849446710565354
-0.022000000000000002,0.0049999999999999975,15.751461632723419,9.4508769796340513
-0.021500000000000002,0.0049999999999999975,27.976180553967414,16.785708332380448
-0.021000000000000001,0.0049999999999999975,48.419256241262154,29.051553744757292
-0.020500000000000001,0.0049999999999999975,81.664053413150938,48.99843204789056
-0.02,0.0049999999999999975,134.22902263391146,80.537413580346865
-0.0195,0.0049999999999999975,215.02203129486861,129.01321877692115
-0.019,0.0049999999999999975,335.70525910723615,201.42315546434168
-0.018500000000000003,0.0049999999999999975,510.84546818428117,306.50728091056868
-0.018000000000000002,0.0049999999999999975,757.69719140035045,454.61831484021025
-0.017500000000000002,0.0049999999999999975,1095.4622629791372,657.27735778748229
-0.017000000000000001,0.0049999999999999975,1543.9027768648459,926.34166611890748
-0.016500000000000001,0.0049999999999999975,2121.2669665876028,1272.7601799525617
-0.016,0.0049999999999999975,2841.6201620993656,1704.9720972596194
-0.0155,0.0049999999999999975,3711.8425670912338,2227.1055402547404
-0.015000000000000001,0.0049999999999999975,4728.7313362860623,2837.2388017716371
-0.014500000000000001,0.0049999999999999975,5876.7805886901469,3526.0683532140879
-0.014,0.0049999999999999975,7127.2578298683875,4276.3546979210323
-0.0135,0.0049999999999999975,8439.105608971402,5063.4633653828414
-0.012999999999999999,0.0049999999999999975,9761.9553363681662,5857.1732018208995
-0.012500000000000001,0.0049999999999999975,11041.167156644909,6624.7002939869453
-0.012,0.0049999999999999975,12224.369731806917,7334.6218390841505
-0.0115,0.0049999999999999975,13268.564500345014,7961.1387002070078
-0.010999999999999999,0.0049999999999999975,14146.589151665254,8487.9534909991526
-0.010499999999999999,0.0049999999999999975,14851.693741050176,8911.0162446301056
-0.010000000000000002,0.0049999999999999975,15399.210388848029,9239.5262333088176
-0.0095000000000000015,0.0049999999999999975,15824.768311614343,9494.8609869686061
-0.0090000000000000011,0.0049999999999999975,16179.130501202242,9707.4783007213446
-0.0085000000000000006,0.0049999999999999975,16520.374712309302,9912.2248273855803
-0.0080000000000000002,0.0049999999999999975,16904.669529628292,10142.801717776974
-0.0074999999999999997,0.0049999999999999975,17377.194031748884,10426.31641904933
-0.0069999999999999993,0.0049999999999999975,17964.758452352115,10778.855071411268
-0.0064999999999999988,0.0049999999999999975,18671.407032188843,11202.844219313305
-0.0059999999999999984,0.0049999999999999975,19477.780705068952,11686.66842304137
-0.0054999999999999979,0.0049999999999999975,20344.379230189752,12206.627538113851
-0.005000000000000001,0.0049999999999999975,21218.197116591138,12730.918269954682
-0.0044999999999999971,0.0049999999999999975,22041.620626516931,13224.972375910158
-0.0040000000000000001,0.0049999999999999975,22762.057670117087,13657.234602070252
-0.0035000000000000031,0.0049999999999999975,23340.60231034732,14004.361386208391
-0.0029999999999999992,0.0049999999999999975,23758.155961759676,14254.893577055806
-0.0025000000000000022,0.0049999999999999975,24017.84225807001,14410.705354842006
-0.0019999999999999983,0.0049999999999999975,24143.213090960908,14485.927854576545
-0.0015000000000000013,0.0049999999999999975,24172.543425674958,14503.526055404975
-0.00099999999999999742,0.0049999999999999975,24150.299781754973,14490.179869052983
-0.00050000000000000044,0.0049999999999999975,24117.471452020127,14470.482871212076
0,0.0049999999999999975,24102.727587032525,14461.636552219514
0.00050000000000000044,0.0049999999999999975,24116.225512803161,14469.735307681896
0.0010000000000000009,0.0049999999999999975,24147.358480280698,14488.415088168418
0.0015000000000000013,0.0049999999999999975,24166.905003019638,14500.143001811783
0.0020000000000000018,0.0049999999999999975,24133.111483109045,14479.866889865427
0.0024999999999999988,0.0049999999999999975,24000.416883213187,14400.250129927912
0.0030000000000000027,0.0049999999999999975,23728.997233803977,14237.398340282385
0.0034999999999999996,0.0049999999999999975,23293.179066625224,13975.907439975133
0.0040000000000000036,0.0049999999999999975,22687.055958319008,13612.233574991404
0.0045000000000000005,0.0049999999999999975,21926.257628916363,13155.754577349817
0.0049999999999999975,0.0049999999999999975,21045.616242768396,12627.369745661037
0.0055000000000000014,0.0049999999999999975,20093.275240964584,12055.965144578749
0.0059999999999999984,0.0049999999999999975,19122.435512790267,11473.461307674161
0.0064999999999999988,0.0049999999999999975,18182.323050238258,10909.393830142953
0.0069999999999999993,0.0049999999999999975,17310.042876838568,10386.02572610314
0.0074999999999999997,0.0049999999999999975,16524.765134990303,9914.8590809941816
0.0080000000000000002,0.0049999999999999975,15825.226026166376,9495.1356156998245
0.0085000000000000006,0.0049999999999999975,15190.906572335754,9114.5439434014515
0.0090000000000000011,0.0049999999999999975,14586.583657612242,8751.9501945673455
0.0095000000000000015,0.0049999999999999975,13969.346056463901,8381.6076338783405
0.010000000000000002,0.0049999999999999975,13296.741530623134,7978.0449183738801
0.010500000000000002,0.0049999999999999975,12534.551756163532,7520.7310536981186
0.011000000000000003,0.0049999999999999975,11662.815673269459,6997.6894039616755
0.011500000000000003,0.0049999999999999975,10679.114147250149,6407.4684883500895
0.012000000000000004,0.0049999999999999975,9598.703876094638,5759.2223256567822
0.012499999999999997,0.0049999999999999975,8451.7168035499435,5071.0300821299661
0.013000000000000005,0.0049999999999999975,7278.1818579719147,4366.9091147831487
0.013499999999999998,0.0049999999999999975,6121.9636240831642,3673.1781744498985
0.014000000000000005,0.0049999999999999975,5024.7889716379668,3014.8733829827802
0.014499999999999999,0.0049999999999999975,4021.358333521242,2412.8150001127451
0.014999999999999999,0.0049999999999999975,3136.1844926359431,1881.7106955815657
0.0155,0.0049999999999999975,2382.3744269272793,1429.4246561563675
0.016000000000000007,0.0049999999999999975,1762.1766580509559,1057.3059948305736
0.016500000000000001,0.0049999999999999975,1268.8380680720297,761.30284084321784
0.017000000000000001,0.0049999999999999975,889.18719623185302,533.51231773911184
0.017500000000000002,0.0049999999999999975,606.37826652038552,363.8269599122313
0.017999999999999995,0.0049999999999999975,402.35195913282513,241.41117547969506
0.018500000000000003,0.0049999999999999975,259.74137175748251,155.8448230544895
0.019000000000000003,0.0049999999999999975,163.12410577260241,97.87446346356144
0.019500000000000003,0.0049999999999999975,99.658324875189379,59.794994925113627
0.019999999999999997,0.0049999999999999975,59.225562572594598,35.535337543556757
0.020499999999999997,0.0049999999999999975,34.236615825558196,20.541969495334918
0.021000000000000005,0.0049999999999999975,19.250743339573042,11.550446003743824
0.021500000000000005,0.0049999999999999975,10.528601318050251,6.3171607908301501
0.021999999999999999,0.0049999999999999975,5.6008471215991573,3.3605082729594944
0.022499999999999999,0.0049999999999999975,2.8979537130741813,1.7387722278445088
0.023000000000000007,0.0049999999999999975,1.4584106502800425,0.87504639016802543
0.023500000000000007,0.0049999999999999975,0.71386439561047932,0.42831863736628756
0.024,0.0049999999999999975,0.33985735580258608,0.20391441348155165
0.024500000000000001,0.0049999999999999975,0.15736957339718832,0.094421744038312994
0.025000000000000001,0.0049999999999999975,0.07087392824383959,0.04252435694630375
-0.025000000000000001,0.0055000000000000014,0.2379121222539681,0.14274727335238085
-0.024500000000000001,0.0055000000000000014,0.49712092445109657,0.29827255467065794
-0.024,0.0055000000000000014,1.0120730154603581,0.6072438092762148
-0.0235,0.0055000000000000014,2.0076547456848304,1.2045928474108982
-0.023,0.0055000000000000014,3.8807407911029093,2.3284444746617456
-0.022500000000000003,0.0055000000000000014,7.3098337323565019,4.3859002394139006
-0.022000000000000002,0.0055000000000000014,13.417886503392538,8.0507319020355226
-0.021500000000000002,0.0055000000000000014,24.002615599896735,14.401569359938041
-0.021000000000000001,0.0055000000000000014,41.844903568865533,25.106942141319319
-0.020500000000000001,0.0055000000000000014,71.096066118117861,42.657639670870715
-0.02,0.0055000000000000014,117.72671740850187,70.636030445101113
-0.0195,0.0055000000000000014,189.99267911646584,113.9956074698795
-0.019,0.0055000000000000014,298.83814637566644,179.30288782539986
-0.018500000000000003,0.0055000000000000014,458.11807727202603,274.87084636321561
-0.018000000000000002,0.0055000000000000014,684.48989331448593,410.69393598869152
-0.017500000000000002,0.0055000000000000014,996.81254247202094,598.08752548321252
-0.017000000000000001,0.0055000000000000014,1414.9141633641325,848.94849801847943
-0.016500000000000001,0.0055000000000000014,1957.6609810652403,1174.5965886391441
-0.016,0.0055000000000000014,2640.3843353121256,1584.2306011872754
-0.0155,0.0055000000000000014,3471.8902388617935,2083.134143317076
-0.015000000000000001,0.0055000000000000014,4451.4588716801964,2670.8753230081179
-0.014500000000000001,0.0055000000000000014,5566.3953249322904,3339.8371949593743
-0.014,0.0055000000000000014,6790.7640746944444,4074.4584448166665
-0.0135,0.0055000000000000014,8085.8797132176078,4851.5278279305649
-0.012999999999999999,0.0055000000000000014,9402.9099646742179,5641.7459788045308
-0.012500000000000001,0.0055000000000000014,10687.586947811851,6412.5521686871107
-0.012,0.0055000000000000014,11886.577138333203,7131.946282999922
-0.0115,0.0055000000000000014,12954.625787433843,7772.7754724603055
-0.010999999999999999,0.0055000000000000014,13861.280585603256,8316.7683513619522
-0.010499999999999999,0.0055000000000000014,14595.910495159684,8757.5462970958106
-0.010000000000000002,0.0055000000000000014,15169.921301137807,9101.9527806826845
-0.0095000000000000015,0.0055000000000000014,15615.515329698828,9369.309197819297
-0.0090000000000000011,0.0055000000000000014,15980.96657149885,9588.5799428993087
-0.0085000000000000006,0.0055000000000000014,16323.052840098509,9793.8317040591046
-0.0080000000000000002,0.0055000000000000014,16697.857584651541,10018.714550790924
-0.0074999999999999997,0.0055000000000000014,17151.502494446333,10290.901496667799
-0.0069999999999999993,0.0055000000000000014,17712.426865343085,10627.45611920585
-0.0064999999999999988,0.0055000000000000014,18386.583619045439,11031.950171427263
-0.0059999999999999984,0.0055000000000000014,19156.42612141162,11493.855672846972
-0.0054999999999999979,0.0055000000000000014,19983.906735176308,11990.344041105784
-0.005000000000000001,0.0055000000000000014,20817.009504690162,12490.205702814097
-0.0044999999999999971,0.0055000000000000014,21598.709792525598,12959.225875515358
-0.0040000000000000001,0.0055000000000000014,22276.796889096553,13366.078133457931
-0.0035000000000000031,0.0055000000000000014,22812.794973875334,13687.6769843252
-0.0029999999999999992,0.0055000000000000014,23188.325070204475,13912.995042122684
-0.0025000000000000022,0.0055000000000000014,23407.672334813709,14044.603400888225
-0.0019999999999999983,0.0055000000000000014,23496.00812789171,14097.604876735026
-0.0015000000000000013,0.0055000000000000014,23493.552565282778,14096.131539169666
-0.00099999999999999742,0.0055000000000000014,23446.789413138322,14068.073647882993
-0.00050000000000000044,0.0055000000000000014,23398.481469237871,14039.088881542722
0,0.0055000000000000014,23378.526041099787,14027.115624659871
0.00050000000000000044,0.0055000000000000014,23397.550730838473,14038.530438503083
0.0010000000000000009,0.0055000000000000014,23444.592209463361,14066.755325678016
0.0015000000000000013,0.0055000000000000014,23489.340564885104,14093.604338931062
0.0020000000000000018,0.0055000000000000014,23488.462050045102,14093.07723002706
0.0024999999999999988,0.0055000000000000014,23394.655274846191,14036.793164907715
0.0030000000000000027,0.0055000000000000014,23166.542990134782,13899.925794080869
0.0034999999999999996,0.0055000000000000014,22777.368980893436,13666.42138853606
0.0040000000000000036,0.0055000000000000014,22220.769297830153,13332.461578698092
0.0045000000000000005,0.0055000000000000014,21512.531614429699,12907.51896865782
0.0049999999999999975,0.0055000000000000014,20688.088571725715,12412.853143035429
0.0055000000000000014,0.0055000000000000014,19796.327660827348,11877.796596496408
0.0059999999999999984,0.0055000000000000014,18890.977044128267,11334.58622647696
0.0064999999999999988,0.0055000000000000014,18021.229325406843,10812.737595244105
0.0069999999999999993,0.0055000000000000014,17223.34287270865,10334.005723625191
0.0074999999999999997,0.0055000000000000014,16514.723190797362,9908.8339144784168
0.0080000000000000002,0.0055000000000000014,15891.494396969087,9534.8966381814516
0.0085000000000000006,0.0055000000000000014,15329.916873433112,9197.9501240598674
0.0090000000000000011,0.0055000000000000014,14791.306209272982,8874.7837255637878
0.0095000000000000015,0.0055000000000000014,14229.482434636004,8537.6894607816012
0.010000000000000002,0.0055000000000000014,13599.340270186121,8159.6041621116728
0.010500000000000002,0.0055000000000000014,12864.964881745316,7718.978929047189
0.011000000000000003,0.0055000000000000014,12005.858330434687,7203.5149982608118
0.011500000000000003,0.0055000000000000014,11020.261057486954,6612.1566344921721
0.012000000000000004,0.0055000000000000014,9925.158794148565,5955.095276489139
0.012499999999999997,0.0055000000000000014,8753.2222178648917,5251.9333307189345
0.013000000000000005,0.0055000000000000014,7547.4877095053016,4528.4926257031811
0.013499999999999998,0.0055000000000000014,6354.9340998020461,3812.9604598812275
0.014000000000000005,0.0055000000000000014,5220.1830437386261,3132.1098262431756
0.014499999999999999,0.0055000000000000014,4180.3624298556742,2508.2174579134044
0.014999999999999999,0.0055000000000000014,3261.7985094094192,1957.0791056456515
0.0155,0.0055000000000000014,2478.7542720541587,1487.2525632324953
0.016000000000000007,0.0055000000000000014,1834.0211471915477,1100.4126883149286
0.016500000000000001,0.0055000000000000014,1320.8816761037629,792.52900566225765
0.017000000000000001,0.0055000000000000014,925.83016690538193,555.49810014322918
0.017500000000000002,0.0055000000000000014,631.45823799556854,378.87494279734113
0.017999999999999995,0.0055000000000000014,419.04078615877046,251.42447169526227
0.018500000000000003,0.0055000000000000014,270.53892284156962,162.32335370494175
0.019000000000000003,0.0055000000000000014,169.91700461093689,101.95020276656213
0.019500000000000003,0.0055000000000000014,103.81397152029045,62.288382912174271
0.019999999999999997,0.0055000000000000014,61.697820158863721,37.018692095318229
0.020499999999999997,0.0055000000000000014,35.666940245305334,21.400164147183201
0.021000000000000005,0.0055000000000000014,20.055513973273154,12.033308383963892
0.021500000000000005,0.0055000000000000014,10.968968572613697,6.5813811435682181
0.021999999999999999,0.0055000000000000014,5.8351998246777121,3.5011198948066271
0.022499999999999999,0.0055000000000000014,3.0192485254116068,1.811549115246964
0.023000000000000007,0.0055000000000000014,1.5194677134168082,0.91168062805008487
0.023500000000000007,0.0055000000000000014,0.74375634499913712,0.44625380699948225
0.024,0.0055000000000000014,0.35409046330397964,0.21245427798238778
0.024500000000000001,0.0055000000000000014,0.16396092316130634,0.098376553896783805
0.025000000000000001,0.0055000000000000014,0.073842719536853021,0.044305631722111813
-0.025000000000000001,0.0059999999999999984,0.19405667904717422,0.11643400742830452
-0.024500000000000001,0.0059999999999999984,0.40825934877413284,0.24495560926447968
-0.024,0.0059999999999999984,0.83698717740227324,0.50219230644136392
-0.0235,0.0059999999999999984,1.672206415763849,1.0033238494583094
-0.023,0.0059999999999999984,3.2558156314994453,1.953489378899667
-0.022500000000000003,0.0059999999999999984,6.1778316090447447,3.7066989654268467
-0.022000000000000002,0.0059999999999999984,11.424134074712136,6.8544804448272814
-0.021500000000000002,0.0059999999999999984,20.588434729440596,12.353060837664357
-0.021000000000000001,0.0059999999999999984,36.160588424936329,21.696353054961797
-0.020500000000000001,0.0059999999999999984,61.895185930655273,37.137111558393165
-0.02,0.0059999999999999984,103.24828675424376,61.948972052546253
-0.0195,0.0059999999999999984,167.84473182172346,100.70683909303408
-0.019,0.0059999999999999984,265.9043582155565,159.54261492933389
-0.018500000000000003,0.0059999999999999984,410.51671587212547,246.31002952327526
-0.018000000000000002,0.0059999999999999984,617.61913906500843,370.57148343900502
-0.017500000000000002,0.0059999999999999984,905.51528537820298,543.30917122692176
-0.017000000000000001,0.0059999999999999984,1293.7861738583515,776.27170431501088
-0.016500000000000001,0.0059999999999999984,1801.5075687225728,1080.9045412335436
-0.016,0.0059999999999999984,2444.8031823138263,1466.8819093882958
-0.0155,0.0059999999999999984,3233.9258178411387,1940.3554907046832
-0.015000000000000001,0.0059999999999999984,4170.2432365765826,2502.1459419459493
-0.014500000000000001,0.0059999999999999984,5243.6691871702378,3146.2015123021424
-0.014,0.0059999999999999984,6431.16859450214,3858.7011567012837
-0.0135,0.0059999999999999984,7696.9281273189108,4618.1568763913465
-0.012999999999999999,0.0059999999999999984,8994.5888888478166,5396.7533333086894
-0.012500000000000001,0.0059999999999999984,10271.593994375078,6162.9563966250471
-0.012,0.0059999999999999984,11475.263502130689,6885.1581012784127
-0.0115,0.0059999999999999984,12559.766431542263,7535.859858925357
-0.010999999999999999,0.0059999999999999984,13492.828538181853,8095.6971229091114
-0.010499999999999999,0.0059999999999999984,14260.89809797652,8556.5388587859125
-0.010000000000000002,0.0059999999999999984,14871.649271549582,8922.9895629297498
-0.0095000000000000015,0.0059999999999999984,15353.12615051188,9211.875690307128
-0.0090000000000000011,0.0059999999999999984,15749.442558903022,9449.6655353418118
-0.0085000000000000006,0.0059999999999999984,16113.623051648423,9668.1738309890534
-0.0080000000000000002,0.0059999999999999984,16498.751159408501,9899.2506956450998
-0.0074999999999999997,0.0059999999999999984,16948.954362701425,10169.372617620855
-0.0069999999999999993,0.0059999999999999984,17491.825646344019,10495.095387806412
-0.0064999999999999988,0.0059999999999999984,18133.648282937003,10880.188969762201
-0.0059999999999999984,0.0059999999999999984,18858.303974276227,11314.982384565736
-0.0054999999999999979,0.0059999999999999984,19630.097890552195,11778.058734331316
-0.005000000000000001,0.0059999999999999984,20400.041560719379,12240.024936431628
-0.0044999999999999971,0.0059999999999999984,21114.511629185534,12668.70697751132
-0.0040000000000000001,0.0059999999999999984,21724.752764378092,13034.851658626854
-0.0035000000000000031,0.0059999999999999984,22195.497843694557,13317.298706216734
-0.0029999999999999992,0.0059999999999999984,22511.086740175429,13506.652044105258
-0.0025000000000000022,0.0059999999999999984,22677.880634464749,13606.728380678849
-0.0019999999999999983,0.0059999999999999984,22722.440066366762,13633.464039820057
-0.0015000000000000013,0.0059999999999999984,22685.751530805162,13611.450918483097
-0.00099999999999999742,0.0059999999999999984,22614.592223769116,13568.755334261468
-0.00050000000000000044,0.0059999999999999984,22551.741104346202,13531.044662607721
0,0.0059999999999999984,22527.026698450703,13516.216019070422
0.00050000000000000044,0.0059999999999999984,22551.064873974508,13530.638924384704
0.0010000000000000009,0.0059999999999999984,22612.99583980261,13567.797503881566
0.0015000000000000013,0.0059999999999999984,22682.691291111241,13609.614774666745
0.0020000000000000018,0.0059999999999999984,22716.957444149455,13630.174466489672
0.0024999999999999988,0.0059999999999999984,22668.42305615286,13601.053833691716
0.0030000000000000027,0.0059999999999999984,22495.260914023522,13497.156548414112
0.0034999999999999996,0.0059999999999999984,22169.758997615754,13301.855398569453
0.0040000000000000036,0.0059999999999999984,21684.04577421668,13010.427464530008
0.0045000000000000005,0.0059999999999999984,21051.898652818272,12631.139191690963
0.0049999999999999975,0.0059999999999999984,20306.373726154972,12183.824235692982
0.0055000000000000014,0.0059999999999999984,19493.811832889947,11696.287099733969
0.0059999999999999984,0.0059999999999999984,18665.441266223155,11199.264759733893
0.0064999999999999988,0.0059999999999999984,17868.199183655564,10720.919510193338
0.0069999999999999993,0.0059999999999999984,17136.480416855062,10281.888250113037
0.0074999999999999997,0.0059999999999999984,16486.30072611411,9891.7804356684665
0.0080000000000000002,0.0059999999999999984,15912.885916845469,9547.7315501072808
0.0085000000000000006,0.0059999999999999984,15392.057567389706,9235.234540433823
0.0090000000000000011,0.0059999999999999984,14885.091770908521,8931.0550625451124
0.0095000000000000015,0.0059999999999999984,14346.100395032941,8607.6602370197652
0.010000000000000002,0.0059999999999999984,13730.539594521808,8238.3237567130836
0.010500000000000002,0.0059999999999999984,13003.275122179431,7801.9650733076587
0.011000000000000003,0.0059999999999999984,12144.766739000037,7286.8600434000218
0.011500000000000003,0.0059999999999999984,11154.348774800219,6692.6092648801314
0.012000000000000004,0.0059999999999999984,10050.189972563941,6030.1139835383647
0.012499999999999997,0.0059999999999999984,8866.1763376329855,5319.7058025797915
0.013000000000000005,0.0059999999999999984,7646.5270896657485,4587.9162537994489
0.013499999999999998,0.0059999999999999984,6439.3051515209563,3863.5830909125734
0.014000000000000005,0.0059999999999999984,5290.0589174713577,3174.0353504828145
0.014499999999999999,0.0059999999999999984,4236.6434316812756,2541.9860590087651
0.014999999999999999,0.0059999999999999984,3305.8924485494495,1983.5354691296695
0.0155,0.0059999999999999984,2512.3603334790701,1507.4162000874419
0.016000000000000007,0.0059999999999999984,1858.9379394324662,1115.3627636594797
0.016500000000000001,0.0059999999999999984,1338.8539311816533,803.31235870899195
0.017000000000000001,0.0059999999999999984,938.4409415908234,563.06456495449402
0.017500000000000002,0.0059999999999999984,640.06617822248438,384.03970693349061
0.017999999999999995,0.0059999999999999984,424.7564093080951,254.85384558485705
0.018500000000000003,0.0059999999999999984,274.23060002646264,164.53836001587757
0.019000000000000003,0.0059999999999999984,172.23637194676735,103.3418231680604
0.019500000000000003,0.0059999999999999984,105.23137074467365,63.138822446804191
0.019999999999999997,0.0059999999999999984,62.54034772736285,37.524208636417711
0.020499999999999997,0.0059999999999999984,36.154063641916032,21.692438185149619
0.021000000000000005,0.0059999999999999984,20.329451518238407,12.197670910943044
0.021500000000000005,0.0059999999999999984,11.11880504673335,6.6712830280400093
0.021999999999999999,0.0059999999999999984,5.9149136165304563,3.5489481699182739
0.022499999999999999,0.0059999999999999984,3.0604959203599504,1.8362975522159701
0.023000000000000007,0.0059999999999999984,1.5402266195653838,0.92413597173923023
0.023500000000000007,0.0059999999999999984,0.75391779048454288,0.45235067429072573
0.024,0.0059999999999999984,0.35892826621950163,0.21535695973170096
0.024500000000000001,0.0059999999999999984,0.16620109518628454,0.099720657111770722
0.025000000000000001,0.0059999999999999984,0.074851633618080865,0.044910980170848519
-0.025000000000000001,0.0064999999999999988,0.15804401591937894,0.094826409551627369
-0.024500000000000001,0.0064999999999999988,0.33493429296146954,0.20096057577688173
-0.024,0.0064999999999999988,0.69174566037906515,0.41504739622743908
-0.0235,0.0064999999999999988,1.3923217346795169,0.83539304080771015
-0.023,0.0064999999999999988,2.7310966374050007,1.6386579824430003
-0.022500000000000003,0.0064999999999999988,5.2207618195674748,3.1324570917404846
-0.022000000000000002,0.0064999999999999988,9.7257342043131985,5.8354405225879189
-0.021500000000000002,0.0064999999999999988,17.656012059492962,10.593607235695776
-0.021000000000000001,0.0064999999999999988,31.234360379727356,18.740616227836412
-0.020500000000000001,0.0064999999999999988,53.842979246203626,32.305787547722176
-0.02,0.0064999999999999988,90.441543098971579,54.264925859382949
-0.0195,0.0064999999999999988,148.02506828120451,88.815040968722698
-0.019,0.0064999999999999988,236.05762432914469,141.63457459748682
-0.018500000000000003,0.0064999999999999988,366.77985197782237,220.06791118669341
-0.018000000000000002,0.0064999999999999988,555.2523858629454,333.15143151776721
-0.017500000000000002,0.0064999999999999988,818.97598876406835,491.38559325844096
-0.017000000000000001,0.0064999999999999988,1176.9379238876538,706.16275433259227
-0.016500000000000001,0.0064999999999999988,1647.9875523690016,988.79253142140089
-0.016,0.0064999999999999988,2248.5506090938625,1349.1303654563173
-0.0155,0.0064999999999999988,2989.8463857361689,1793.9078314417013
-0.015000000000000001,0.0064999999999999988,3874.9525755185196,2324.9715453111116
-0.014500000000000001,0.0064999999999999988,4896.2279114222265,2937.7367468533357
-0.014,0.0064999999999999988,6033.6999609090881,3620.2199765454529
-0.0135,0.0064999999999999988,7255.002762780472,4353.0016576682829
-0.012999999999999999,0.0064999999999999988,8517.2737887545554,5110.3642732527333
-0.012500000000000001,0.0064999999999999988,9771.0955844081673,5862.6573506449004
-0.012,0.0064999999999999988,10966.143528731869,6579.6861172391209
-0.0115,0.0064999999999999988,12057.767887437658,7234.6607324625948
-0.010999999999999999,0.0064999999999999988,13013.407864275707,7808.0447185654239
-0.010499999999999999,0.0064999999999999988,13817.610547836783,8290.5663287020689
-0.010000000000000002,0.0064999999999999988,14474.569081532029,8684.7414489192161
-0.0095000000000000015,0.0064999999999999988,15007.496900784245,9004.4981404705468
-0.0090000000000000011,0.0064999999999999988,15454.743184873791,9272.845910924274
-0.0085000000000000006,0.0064999999999999988,15863.200842724058,9517.9205056344344
-0.0080000000000000002,0.0064999999999999988,16280.116110056648,9768.0696660339891
-0.0074999999999999997,0.0064999999999999988,16744.752931194951,10046.85175871697
-0.0069999999999999993,0.0064999999999999988,17281.4228417661,10368.853705059659
-0.0064999999999999988,0.0064999999999999988,17895.155419391947,10737.093251635168
-0.0059999999999999984,0.0064999999999999988,18570.809671642965,11142.485802985779
-0.0054999999999999979,0.0064999999999999988,19275.808515635559,11565.485109381336
-0.005000000000000001,0.0064999999999999988,19966.029660014596,11979.617796008757
-0.0044999999999999971,0.0064999999999999988,20593.816504356026,12356.289902613615
-0.0040000000000000001,0.0064999999999999988,21116.675354014602,12670.005212408762
-0.0035000000000000031,0.0064999999999999988,21505.068892206917,12903.041335324149
-0.0029999999999999992,0.0064999999999999988,21747.83746503885,13048.70247902331
-0.0025000000000000022,0.0064999999999999988,21854.176422011282,13112.505853206769
-0.0019999999999999983,0.0064999999999999988,21851.718662804764,13111.031197682858
-0.0015000000000000013,0.0064999999999999988,21781.015767084282,13068.609460250569
-0.00099999999999999742,0.0064999999999999988,21687.437897570337,13012.462738542201
-0.00050000000000000044,0.0064999999999999988,21612.06680596251,12967.240083577506
0,0.0064999999999999988,21583.404500040549,12950.042700024329
0.00050000000000000044,0.0064999999999999988,21611.588948934921,12966.953369360952
0.0010000000000000009,0.0064999999999999988,21686.309815589611,13011.785889353767
0.0015000000000000013,0.0064999999999999988,21778.853253974747,13067.311952384847
0.0020000000000000018,0.0064999999999999988,21847.844377256759,13108.706626354055
0.0024999999999999988,0.0064999999999999988,21847.493240584485,13108.49594435069
0.0030000000000000027,0.0064999999999999988,21736.654172242928,13041.992503345757
0.0034999999999999996,0.0064999999999999988,21486.880580951285,12892.12834857077
0.0040000000000000036,0.0064999999999999988,21087.909829520271,12652.745897712162
0.0045000000000000005,0.0064999999999999988,20549.571152434553,12329.742691460731
0.0049999999999999975,0.0064999999999999988,19899.839446028996,11939.903667617398
0.0055000000000000014,0.0064999999999999988,19179.502207692516,11507.701324615509
0.0059999999999999984,0.0064999999999999988,18434.52357113429,11060.714142680574
0.0064999999999999988,0.0064999999999999988,17707.576270525838,10624.545762315503
0.0069999999999999993,0.0064999999999999988,17030.318747302776,10218.191248381665
0.0074999999999999997,0.0064999999999999988,16417.819535655919,9850.6917213935503
0.0080000000000000002,0.0064999999999999988,15866.115445342788,9519.6692672056724
0.0085000000000000006,0.0064999999999999988,15353.307835911066,9211.9847015466385
0.0090000000000000011,0.0064999999999999988,14843.951189072521,8906.3707134435117
0.0095000000000000015,0.0064999999999999988,14295.88388491669,8577.5303309500141
0.010000000000000002,0.0064999999999999988,13668.205893413578,8200.9235360481471
0.010500000000000002,0.0064999999999999988,12928.913437795472,7757.3480626772835
0.011000000000000003,0.0064999999999999988,12060.802315438103,7236.4813892628617
0.011500000000000003,0.0064999999999999988,11064.631920630067,6638.7791523780397
0.012000000000000004,0.0064999999999999988,9959.1177732429096,5975.4706639457454
0.012499999999999997,0.0064999999999999988,8777.9596176005452,5266.7757705603271
0.013000000000000005,0.0064999999999999988,7564.6682399167694,4538.8009439500611
0.013499999999999998,0.0064999999999999988,6366.3056527385515,3819.7833916431309
0.014000000000000005,0.0064999999999999988,5227.3367727885079,3136.4020636731047
0.014499999999999999,0.0064999999999999988,4184.6148955475874,2510.7689373285525
0.014999999999999999,0.0064999999999999988,3264.1605796941881,1958.4963478165128
0.0155,0.0064999999999999988,2479.9533788501444,1487.9720273100866
0.016000000000000007,0.0064999999999999988,1834.5499441550542,1100.7299664930324
0.016500000000000001,0.0064999999999999988,1321.0541561561031,792.63249369366179
0.017000000000000001,0.0064999999999999988,925.8338274608551,555.50029647651309
0.017500000000000002,0.0064999999999999988,631.39683433361131,378.8381006001668
0.017999999999999995,0.0064999999999999988,418.96627001728513,251.37976201037105
0.018500000000000003,0.0064999999999999988,270.47350291956758,162.28410175174054
0.019000000000000003,0.0064999999999999988,169.8673031419045,101.9203818851427
0.019500000000000003,0.0064999999999999988,103.77944450522374,62.267666703134239
0.019999999999999997,0.0064999999999999988,61.675348090489315,37.005208854293585
0.020499999999999997,0.0064999999999999988,35.653059510741187,21.391835706444713
0.021000000000000005,0.0064999999999999988,20.047314748079536,12.028388848847721
0.021500000000000005,0.0064999999999999988,10.964314552257564,6.5785887313545386
0.021999999999999999,0.0064999999999999988,5.8326530552006268,3.4995918331203759
0.022499999999999999,0.0064999999999999988,3.0179019236539704,1.8107411541923821
0.023000000000000007,0.0064999999999999988,1.5187786166101704,0.91126716996610224
0.023500000000000007,0.0064999999999999988,0.74341465904956272,0.44604879542973763
0.024,0.0064999999999999988,0.35392615407722433,0.21235569244633459
0.024500000000000001,0.0064999999999999988,0.16388424492237036,0.098330546953422207
0.025000000000000001,0.0064999999999999988,0.073807975854959393,0.044284785512975634
-0.025000000000000001,0.0069999999999999993,0.12868601077998956,0.077211606467993729
-0.024500000000000001,0.0069999999999999993,0.27474821885344231,0.16484893131206538
-0.024,0.0069999999999999993,0.57164587869410355,0.34298752721646214
-0.0235,0.0069999999999999993,1.1590357682740242,0.69542146096441448
-0.023,0.0069999999999999993,2.2899739318992407,1.3739843591395444
-0.022500000000000003,0.0069999999999999993,4.4087181458374927,2.6452308875024957
-0.022000000000000002,0.0069999999999999993,8.2703634583589452,4.9622180750153673
-0.021500000000000002,0.0069999999999999993,15.116400526224819,9.0698403157348917
-0.021000000000000001,0.0069999999999999993,26.919318027564806,16.151590816538882
-0.020500000000000001,0.0069999999999999993,46.703759140099649,28.022255484059787
-0.02,0.0069999999999999993,78.939191025655063,47.363514615393036
-0.0195,0.0069999999999999993,129.97775578229823,77.986653469378936
-0.019,0.0069999999999999993,208.48076806864498,125.08846084118699
-0.018500000000000003,0.0069999999999999993,325.74103583316293,195.44462149989775
-0.018000000000000002,0.0069999999999999993,495.77282459068891,297.46369475441332
-0.017500000000000002,0.0069999999999999993,735.01840063886891,441.01104038332136
-0.017000000000000001,0.0069999999999999993,1061.5244325871035,636.91465955226215
-0.016500000000000001,0.0069999999999999993,1493.4876231904786,896.09257391428719
-0.016,0.0069999999999999993,2047.1655852649731,1228.2993511589839
-0.0155,0.0069999999999999993,2734.2929038476564,1640.5757423085938
-0.015000000000000001,0.0069999999999999993,3559.3132291919019,2135.5879375151412
-0.014500000000000001,0.0069999999999999993,4516.8979215447252,2710.138752926835
-0.014,0.0069999999999999993,5590.3197612795948,3354.1918567677567
-0.0135,0.0069999999999999993,6751.2364473785819,4050.7418684271488
-0.012999999999999999,0.0069999999999999993,7961.2805793305561,4776.7683475983331
-0.012500000000000001,0.0069999999999999993,9175.5524893430029,5505.3314936058014
-0.012,0.0069999999999999993,10347.715412496389,6208.6292474978336
-0.0115,0.0069999999999999993,11435.984903900337,6861.5909423402018
-0.010999999999999999,0.0069999999999999993,12408.993304460308,7445.3959826761838
-0.010499999999999999,0.0069999999999999993,13250.393825735793,7950.2362954414757
-0.010000000000000002,0.0069999999999999993,13961.204854826752,8376.7229128960516
-0.0095000000000000015,0.0069999999999999993,14559.276867563449,8735.5661205380693
-0.0090000000000000011,0.0069999999999999993,15075.81741800678,9045.4904508040672
-0.0085000000000000006,0.0069999999999999993,15549.509369304369,9329.7056215826215
-0.0080000000000000002,0.0069999999999999993,16019.263311672301,9611.5579870033798
-0.0074999999999999997,0.0069999999999999993,16516.939819630668,9910.1638917784003
-0.0069999999999999993,0.0069999999999999993,17061.397686230721,10236.838611738433
-0.0064999999999999988,0.0069999999999999993,17654.973822121065,10592.984293272639
-0.0059999999999999984,0.0069999999999999993,18283.041079987175,10969.824647992305
-0.0054999999999999979,0.0069999999999999993,18916.720371897583,11350.032223138549
-0.005000000000000001,0.0069999999999999993,19518.251782436339,11710.951069461802
-0.0044999999999999971,0.0069999999999999993,20048.053436144673,12028.832061686804
-0.0040000000000000001,0.0069999999999999993,20472.190866197616,12283.314519718569
-0.0035000000000000031,0.0069999999999999993,20768.890223417515,12461.334134050509
-0.0029999999999999992,0.0069999999999999993,20932.873695452792,12559.724217271674
-0.0025000000000000022,0.0069999999999999993,20976.661529652243,12585.996917791346
-0.0019999999999999983,0.0069999999999999993,20928.523530185746,12557.114118111447
-0.0015000000000000013,0.0069999999999999993,20827.389041377966,12496.433424826779
-0.00099999999999999742,0.0069999999999999993,20715.624360370399,12429.37461622224
-0.00050000000000000044,0.0069999999999999993,20631.03606215406,12378.621637292435
0,0.0069999999999999993,20599.6516928821,12359.791015729259
0.00050000000000000044,0.0069999999999999993,20630.7076361422,12378.42458168532
0.0010000000000000009,0.0069999999999999993,20714.849041719444,12428.909425031667
0.0015000000000000013,0.0069999999999999993,20825.902769302538,12495.541661581523
0.0020000000000000018,0.0069999999999999993,20925.860775265628,12555.516465159377
0.0024999999999999988,0.0069999999999999993,20972.068250709388,12583.240950425632
0.0030000000000000027,0.0069999999999999993,20925.187538212573,12555.112522927544
0.0034999999999999996,0.0069999999999999993,20756.389592092204,12453.833755255322
0.0040000000000000036,0.0069999999999999993,20452.420629613862,12271.452377768317
0.0045000000000000005,0.0069999999999999993,20017.644080132712,12010.586448079626
0.0049999999999999975,0.0069999999999999993,19472.759958003156,11683.655974801894
0.0055000000000000014,0.0069999999999999993,18850.53007896839,11310.318047381033
0.0059999999999999984,0.0069999999999999993,18189.373104259335,10913.623862555602
0.0064999999999999988,0.0069999999999999993,17526.052684180653,10515.631610508392
0.0069999999999999993,0.0069999999999999993,16888.816534245565,10133.289920547339
0.0074999999999999997,0.0069999999999999993,16292.242001997965,9775.3452011987793
0.0080000000000000002,0.0069999999999999993,15734.725093402134,9440.83505604128
0.0085000000000000006,0.0069999999999999993,15199.065372391313,9119.439223434787
0.0090000000000000011,0.0069999999999999993,14656.026627721229,8793.6159766327364
0.0095000000000000015,0.0069999999999999993,14070.192871109568,8442.1157226657397
0.010000000000000002,0.0069999999999999993,13407.000080821235,8044.2000484927412
0.010500000000000002,0.0069999999999999993,12639.60182991188,7583.7610979471283
0.011000000000000003,0.0069999999999999993,11754.277723827428,7052.5666342964569
0.011500000000000003,0.0069999999999999993,10753.413201531772,6452.0479209190626
0.012000000000000004,0.0069999999999999993,9655.5974072824483,5793.358444369469
0.012499999999999997,0.0069999999999999993,8492.98078697442,5095.7884721846522
0.013000000000000005,0.0069999999999999993,7306.5649986975532,4383.9389992185315
0.013499999999999998,0.0069999999999999993,6140.44445155425,3684.2666709325499
0.014000000000000005,0.0069999999999999993,5036.1149872726073,3021.6689923635645
0.014499999999999999,0.0069999999999999993,4027.8139250859772,2416.6883550515863
0.014999999999999999,0.0069999999999999993,3139.5224388904994,1883.7134633342996
0.0155,0.0069999999999999993,2383.8489068844005,1430.3093441306403
0.016000000000000007,0.0069999999999999993,1762.6273668401941,1057.5764201041163
0.016500000000000001,0.0069999999999999993,1268.7898050946326,761.27388305677948
0.017000000000000001,0.0069999999999999993,888.94327925247046,533.3659675514823
0.017500000000000002,0.0069999999999999993,606.0972588741397,363.65835532448381
0.017999999999999995,0.0069999999999999993,402.10483832190278,241.26290299314167
0.018500000000000003,0.0069999999999999993,259.55071464592339,155.73042878755402
0.019000000000000003,0.0069999999999999993,162.98886995692376,97.793321974154253
0.019500000000000003,0.0069999999999999993,99.568212927647593,59.740927756588555
0.019999999999999997,0.0069999999999999993,59.168493604714889,35.501096162828929
0.020499999999999997,0.0069999999999999993,34.202022323848041,20.521213394308823
0.021000000000000005,0.0069999999999999993,19.23058150358785,11.538348902152709
0.021500000000000005,0.0069999999999999993,10.517268572589645,6.310361143553787
0.021999999999999999,0.0069999999999999993,5.5946905231106427,3.3568143138663857
0.022499999999999999,0.0069999999999999993,2.8947161566975472,1.7368296940185284
0.023000000000000007,0.0069999999999999993,1.456760753721861,0.87405645223311657
0.023500000000000007,0.0069999999999999993,0.71304889226195312,0.42782933535717188
0.024,0.0069999999999999993,0.33946615384638962,0.20367969230783375
0.024500000000000001,0.0069999999999999993,0.15718735469948869,0.094312412819693214
0.025000000000000001,0.0069999999999999993,0.070791483555907211,0.042474890133544323
-0.025000000000000001,0.0074999999999999997,0.1047418755541669,0.06284512533250014
-0.024500000000000001,0.0074999999999999997,0.22522693303599486,0.13513615982159691
-0.024,0.0074999999999999997,0.47189924524475385,0.2831395471468523
-0.0235,0.0074999999999999997,0.96335568170957353,0.57801340902574405
-0.023,0.0074999999999999997,1.916065862882431,1.1496395177294585
-0.022500000000000003,0.0074999999999999997,3.7127657763920987,2.2276594658352593
-0.022000000000000002,0.0074999999999999997,7.0084901964055444,4.2050941178433261
-0.021500000000000002,0.0074999999999999997,12.887470518664625,7.7324823111987744
-0.021000000000000001,0.0074999999999999997,23.08364328909073,13.850185973454439
-0.020500000000000001,0.0074999999999999997,40.27290793592072,24.163744761552433
-0.02,0.0074999999999999997,68.434364462235322,41.060618677341189
-0.0195,0.0074999999999999997,113.25876128987001,67.955256773922002
-0.019,0.0074999999999999997,182.55492170590952,109.53295302354572
-0.018500000000000003,0.0074999999999999997,286.57134541744443,171.94280725046664
-0.018000000000000002,0.0074999999999999997,438.11673184562375,262.87003910737423
-0.017500000000000002,0.0074999999999999997,652.3403520879192,391.40421125275151
-0.017000000000000001,0.0074999999999999997,946.03468365865024,567.62081019519007
-0.016500000000000001,0.0074999999999999997,1336.3622232521122,801.8173339512673
-0.016,0.0074999999999999997,1838.9945617553265,1103.3967370531959
-0.0155,0.0074999999999999997,2465.7822667919913,1479.4693600751948
-0.015000000000000001,0.0074999999999999997,3222.2306718910422,1933.3384031346252
-0.014500000000000001,0.0074999999999999997,4105.2043354762636,2463.1226012857583
-0.014,0.0074999999999999997,5101.3750562065861,3060.8250337239515
-0.0135,0.0074999999999999997,6186.9183382485126,3712.1510029491074
-0.012999999999999999,0.0074999999999999997,7328.8208244046264,4397.2924946427756
-0.012500000000000001,0.0074999999999999997,8487.8882914779842,5092.7329748867905
-0.012,0.0074999999999999997,9623.183143574126,5773.9098861444754
-0.0115,0.0074999999999999997,10697.252124285204,6418.3512745711223
-0.010999999999999999,0.0074999999999999997,11681.228764974145,7008.7372589844863
-0.010499999999999999,0.0074999999999999997,12558.801148118257,7535.2806888709538
-0.010000000000000002,0.0074999999999999997,13328.17425447198,7996.9045526831878
-0.0095000000000000015,0.0074999999999999997,14001.516705467766,8400.9100232806595
-0.0090000000000000011,0.0074999999999999997,14601.889392308793,8761.1336353852748
-0.0085000000000000006,0.0074999999999999997,15158.188088438856,9094.9128530633134
-0.0080000000000000002,0.0074999999999999997,15699.062296475844,9419.4373778855061
-0.0074999999999999997,0.0074999999999999997,16246.994135304645,9748.1964811827875
-0.0069999999999999993,0.0074999999999999997,16813.685982285951,10088.211589371571
-0.0064999999999999988,0.0074999999999999997,17397.631647163304,10438.578988297983
-0.0059999999999999984,0.0074999999999999997,17984.305580594897,10790.583348356939
-0.0054999999999999979,0.0074999999999999997,18548.899659756924,11129.339795854154
-0.005000000000000001,0.0074999999999999997,19061.069281138298,11436.641568682979
-0.0044999999999999971,0.0074999999999999997,19490.799886395325,11694.479931837195
-0.0040000000000000001,0.0074999999999999997,19814.320129064574,11888.592077438743
-0.0035000000000000031,0.0074999999999999997,20018.98651334233,12011.391908005398
-0.0029999999999999992,0.0074999999999999997,20106.239677173697,12063.743806304217
-0.0025000000000000022,0.0074999999999999997,20092.057975144449,12055.23478508667
-0.0019999999999999983,0.0074999999999999997,20004.764679348438,12002.858807609062
-0.0015000000000000013,0.0074999999999999997,19880.517454698936,11928.310472819361
-0.00099999999999999742,0.0074999999999999997,19757.243857866528,11854.346314719916
-0.00050000000000000044,0.0074999999999999997,19668.100509388969,11800.860305633381
0,0.0074999999999999997,19635.655061424644,11781.393036854786
0.00050000000000000044,0.0074999999999999997,19667.880969530295,11800.728581718176
0.0010000000000000009,0.0074999999999999997,19756.725587872948,11854.035352723769
0.0015000000000000013,0.0074999999999999997,19879.523940331597,11927.714364198959
0.0020000000000000018,0.0074999999999999997,20002.984732517991,12001.790839510793
0.0024999999999999988,0.0074999999999999997,20088.987549010257,12053.392529406154
0.0030000000000000027,0.0074999999999999997,20101.10178366549,12060.661070199294
0.0034999999999999996,0.0074999999999999997,20010.630333455883,12006.37820007353
0.0040000000000000036,0.0074999999999999997,19801.104504269941,11880.662702561964
0.0045000000000000005,0.0074999999999999997,19470.472429129044,11682.283457477426
0.0049999999999999975,0.0074999999999999997,19030.659787534853,11418.39587252091
0.0055000000000000014,0.0074999999999999997,18504.654054870334,11102.792432922201
0.0059999999999999984,0.0074999999999999997,17921.692226564057,10753.015335938433
0.0064999999999999988,0.0074999999999999997,17311.452942123535,10386.87176527412
0.0069999999999999993,0.0074999999999999997,16698.322276768355,10018.993366061013
0.0074999999999999997,0.0074999999999999997,16096.792490654272,9658.0754943925622
0.0080000000000000002,0.0074999999999999997,15508.859699938264,9305.3158199629579
0.0085000000000000006,0.0074999999999999997,14923.930073613645,8954.3580441681861
0.0090000000000000011,0.0074999999999999997,14321.275776323251,8592.7654657939511
0.0095000000000000015,0.0074999999999999997,13674.583309258127,8204.7499855548758
0.010000000000000002,0.0074999999999999997,12957.710182298431,7774.6261093790581
0.010500000000000002,0.0074999999999999997,12150.510746019179,7290.3064476115078
0.011000000000000003,0.0074999999999999997,11243.577175718232,6746.1463054309388
0.011500000000000003,0.0074999999999999997,10240.979814354907,6144.587888612944
0.012000000000000004,0.0074999999999999997,9160.5295060332082,5496.3177036199249
0.012499999999999997,0.0074999999999999997,8031.6159815476822,4818.9695889286095
0.013000000000000005,0.0074999999999999997,6891.1692351486272,4134.7015410891763
0.013499999999999998,0.0074999999999999997,5778.6279361491588,3467.1767616894954
0.014000000000000005,0.0074999999999999997,4730.910984032048,2838.5465904192288
0.014499999999999999,0.0074999999999999997,3778.2709392633687,2266.962563558021
0.014999999999999999,0.0074999999999999997,2941.617055894902,1764.9702335369411
0.0155,0.0074999999999999997,2231.5242519332237,1338.9145511599343
0.016000000000000007,0.0074999999999999997,1648.7919651143895,989.27517906863363
0.016500000000000001,0.0074999999999999997,1186.1605782921372,711.69634697528227
0.017000000000000001,0.0074999999999999997,830.67097723897155,498.40258634338289
0.017500000000000002,0.0074999999999999997,566.16164449174425,339.69698669504652
0.017999999999999995,0.0074999999999999997,375.5033707685767,225.30202246114601
0.018500000000000003,0.0074999999999999997,242.32572164146416,145.39543298487848
0.019000000000000003,0.0074999999999999997,152.14537885125887,91.287227310755313
0.019500000000000003,0.0074999999999999997,92.931179126606324,55.758707475963796
0.019999999999999997,0.0074999999999999997,55.218431616085326,33.131058969651193
0.020499999999999997,0.0074999999999999997,31.915989072308587,19.14959344338515
0.021000000000000005,0.0074999999999999997,17.944025631243377,10.766415378746027
0.021500000000000005,0.0074999999999999997,9.8131318772038227,5.8878791263222938
0.021999999999999999,0.0074999999999999997,5.2199081814357813,3.1319449088614686
0.022499999999999999,0.0074999999999999997,2.7007150534763471,1.6204290320858081
0.023000000000000007,0.0074999999999999997,1.3590956571851578,0.81545739431109465
0.023500000000000007,0.0074999999999999997,0.66523101376553595,0.39913860825932157
0.024,0.0074999999999999997,0.3166962401866209,0.19001774411197253
0.024500000000000001,0.0074999999999999997,0.14664212376424696,0.087985274258548171
0.025000000000000001,0.0074999999999999997,0.066041663434047645,0.039624998060428587
-0.025000000000000001,0.0080000000000000002,0.085085627532674388,0.051051376519604633
-0.024500000000000001,0.0080000000000000002,0.18415339658368662,0.11049203795021197
-0.024,0.0080000000000000002,0.38827692761985566,0.23296615657191339
-0.0235,0.0080000000000000002,0.79747279101838719,0.47848367461103231
-0.023,0.0080000000000000002,1.5954255117844556,0.9572553070706733
-0.022500000000000003,0.0080000000000000002,3.1088357221024787,1.8653014332614872
-0.022000000000000002,0.0080000000000000002,5.9000351960668125,3.5400211176400873
-0.021500000000000002,0.0080000000000000002,10.904942055137054,6.5429652330822323
-0.021000000000000001,0.0080000000000000002,19.628284517545399,11.776970710527239
-0.020500000000000001,0.0080000000000000002,34.404280653248854,20.642568391949311
-0.02,0.0080000000000000002,58.721636909915631,35.232982145949379
-0.0195,0.0080000000000000002,97.5951297143218,58.55707782859308
-0.019,0.0080000000000000002,157.9417027495218,94.765021649713077
-0.018500000000000003,0.0080000000000000002,248.88889901485112,149.33333940891066
-0.018000000000000002,0.0080000000000000002,381.91299391492157,229.14779634895294
-0.017500000000000002,0.0080000000000000002,570.68274053325274,342.40964431995161
-0.017000000000000001,0.0080000000000000002,830.48446353908093,498.29067812344852
-0.016500000000000001,0.0080000000000000002,1177.1377711598175,706.28266269589051
-0.016,0.0080000000000000002,1625.3863740801362,975.23182444808162
-0.0155,0.0080000000000000002,2186.8634975844438,1312.1180985506662
-0.015000000000000001,0.0080000000000000002,2867.8699655519176,1720.7219793311506
-0.014500000000000001,0.0080000000000000002,3667.3338673373105,2200.4003204023861
-0.014,0.0080000000000000002,4575.4019301354365,2745.2411580812618
-0.0135,0.0080000000000000002,5573.1026873453484,3343.8616124072091
-0.012999999999999999,0.0080000000000000002,6633.3937117487321,3980.0362270492392
-0.012500000000000001,0.0080000000000000002,7723.6624510796046,4634.1974706477622
-0.012,0.0080000000000000002,8809.4327110964405,5285.6596266578645
-0.0115,0.0080000000000000002,9858.7101741171646,5915.2261044702982
-0.010999999999999999,0.0080000000000000002,10846.170423457472,6507.7022540744829
-0.010499999999999999,0.0080000000000000002,11756.331082194352,7053.7986493166109
-0.010000000000000002,0.0080000000000000002,12584.996414356654,7550.9978486139917
-0.0095000000000000015,0.0080000000000000002,13338.60104647045,8003.1606278822701
-0.0090000000000000011,0.0080000000000000002,14031.533848924408,8418.9203093546439
-0.0085000000000000006,0.0080000000000000002,14681.978907827004,8809.1873446962018
-0.0080000000000000002,0.0080000000000000002,15307.148402621173,9184.2890415727034
-0.0074999999999999997,0.0080000000000000002,15918.914547832661,9551.3487286995969
-0.0069999999999999993,0.0080000000000000002,16520.74528113391,9912.4471686803463
-0.0064999999999999988,0.0080000000000000002,17106.546277427529,10263.927766456518
-0.0059999999999999984,0.0080000000000000002,17661.594648688344,10596.956789213005
-0.0054999999999999979,0.0080000000000000002,18165.321791923103,10899.193075153862
-0.005000000000000001,0.0080000000000000002,18595.357122580914,11157.214273548549
-0.0044999999999999971,0.0080000000000000002,18932.039944743585,11359.22396684615
-0.0040000000000000001,0.0080000000000000002,19162.561848660494,11497.537109196297
-0.0035000000000000031,0.0080000000000000002,19284.001530296468,11570.40091817788
-0.0029999999999999992,0.0080000000000000002,19304.723017633394,11582.833810580036
-0.0025000000000000022,0.0080000000000000002,19243.885824104742,11546.331494462846
-0.0019999999999999983,0.0080000000000000002,19129.12111864156,11477.472671184936
-0.0015000000000000013,0.0080000000000000002,18992.722798643845,11395.633679186307
-0.00099999999999999742,0.0080000000000000002,18866.947662746566,11320.16859764794
-0.00050000000000000044,0.0080000000000000002,18779.176918131008,11267.506150878604
0,0.0080000000000000002,18747.730841930999,11248.638505158598
0.00050000000000000044,0.0080000000000000002,18779.034184774628,11267.420510864777
0.0010000000000000009,0.0080000000000000002,18866.610710649838,11319.966426389903
0.0015000000000000013,0.0080000000000000002,18992.076867462503,11395.246120477501
0.0020000000000000018,0.0080000000000000002,19127.963890123578,11476.778334074146
0.0024999999999999988,0.0080000000000000002,19241.889593304993,11545.133755982995
0.0030000000000000027,0.0080000000000000002,19301.382627466486,11580.829576479891
0.0034999999999999996,0.0080000000000000002,19278.568778317276,11567.141266990366
0.0040000000000000036,0.0080000000000000002,19153.969739259428,11492.381843555657
0.0045000000000000005,0.0080000000000000002,18918.82409309893,11351.294455859357
0.0049999999999999975,0.0080000000000000002,18575.58645718054,11145.351874308324
0.0055000000000000014,0.0080000000000000002,18136.555609195519,10881.93336551731
0.0059999999999999984,0.0080000000000000002,17620.886714242548,10572.532028545529
0.0064999999999999988,0.0080000000000000002,17050.517381839942,10230.310429103965
0.0069999999999999993,0.0080000000000000002,16445.741821659081,9867.4450929954492
0.0074999999999999997,0.0080000000000000002,15821.261278834045,9492.7567673004269
0.0080000000000000002,0.0080000000000000002,15183.488602709169,9110.0931616255002
0.0085000000000000006,0.0080000000000000002,14529.676574586536,8717.8059447519208
0.0090000000000000011,0.0080000000000000002,13849.093523518544,8309.4561141111262
0.0095000000000000015,0.0080000000000000002,13126.046017802119,7875.6276106812711
0.010000000000000002,0.0080000000000000002,12344.140012427793,7406.4840074566755
0.010500000000000002,0.0080000000000000002,11490.881975038819,6894.5291850232916
0.011000000000000003,0.0080000000000000002,10561.632205032749,6336.9793230196492
0.011500000000000003,0.0080000000000000002,9562.0657350901583,5737.2394410540946
0.012000000000000004,0.0080000000000000002,8508.6394659549642,5105.1836795729787
0.012499999999999997,0.0080000000000000002,7427.0180120525965,4456.2108072315577
0.013000000000000005,0.0080000000000000002,6348.8554933239548,3809.3132959943728
0.013499999999999998,0.0080000000000000002,5307.6535801896334,3184.5921481137798
0.014000000000000005,0.0080000000000000002,4334.5455282059256,2600.7273169235555
0.014499999999999999,0.0080000000000000002,3454.7788386668585,2072.8673032001152
0.014999999999999999,0.0080000000000000002,2685.4296401391584,1611.2577840834949
0.0155,0.0080000000000000002,2034.561164322153,1220.7366985932917
0.016000000000000007,0.0080000000000000002,1501.7265741009282,901.03594446055695
0.016500000000000001,0.0080000000000000002,1079.4845019599134,647.69070117594799
0.017000000000000001,0.0080000000000000002,755.48100347776403,453.28860208665839
0.017500000000000002,0.0080000000000000002,514.65384328361438,308.79230597016863
0.017999999999999995,0.0080000000000000002,341.2050548880427,204.72303293282562
0.018500000000000003,0.0080000000000000002,220.12270400636871,132.07362240382122
0.019000000000000003,0.0080000000000000002,138.17100532858103,82.902603197148622
0.019500000000000003,0.0080000000000000002,84.379196868171263,50.627518120902756
0.019999999999999997,0.0080000000000000002,50.129327229839603,30.07759633790376
0.020499999999999997,0.0080000000000000002,28.971048229678974,17.382628937807382
0.021000000000000005,0.0080000000000000002,16.286773398542042,9.7720640391252243
0.021500000000000005,0.0080000000000000002,8.9061675473995283,5.343700528439717
0.021999999999999999,0.0080000000000000002,4.737192531857036,2.8423155191142215
0.022499999999999999,0.0080000000000000002,2.4508531699461109,1.4705119019676665
0.023000000000000007,0.0080000000000000002,1.2333125572440697,0.73998753434644182
0.023500000000000007,0.0080000000000000002,0.60364769368587035,0.36218861621152221
0.024,0.0080000000000000002,0.28737203514937271,0.17242322108962363
0.024500000000000001,0.0080000000000000002,0.13306165563183439,0.079836993379100635
0.025000000000000001,0.0080000000000000002,0.059924769718724,0.035954861831234398
-0.025000000000000001,0.0085000000000000006,0.068796390204941507,0.041277834122964902
-0.024500000000000001,0.0085000000000000006,0.14974207792654462,0.089845246755926769
-0.024,0.0085000000000000006,0.31743473457186111,0.19046084074311667
-0.0235,0.0085000000000000006,0.65534577983812226,0.39320746790287336
-0.023,0.0085000000000000006,1.31754688530097,0.79052813118058196
-0.022500000000000003,0.0085000000000000006,2.5793875368517409,1.5476325221110445
-0.022000000000000002,0.0085000000000000006,4.9169904259578212,2.9501942555746927
-0.021500000000000002,0.0085000000000000006,9.1262858324954355,5.4757714994972613
-0.021000000000000001,0.0085000000000000006,16.492382385228314,9.8954294311369875
-0.020500000000000001,0.0085000000000000006,29.017082518851399,17.410249511310838
-0.02,0.0085000000000000006,49.704542118351775,29.822725271011063
-0.0195,0.0085000000000000006,82.890923724413156,49.734554234647895
-0.019,0.0085000000000000006,134.58292689844561,80.749756139067358
-0.018500000000000003,0.0085000000000000006,212.74391047182917,127.6463462830975
-0.018000000000000002,0.0085000000000000006,327.43960962591984,196.46376577555191
-0.017500000000000002,0.0085000000000000006,490.73627648416533,294.4417658904992
-0.017000000000000001,0.0085000000000000006,716.24311926485666,429.74587155891396
-0.016500000000000001,0.0085000000000000006,1018.2190138248146,610.9314082948888
-0.016,0.0085000000000000006,1410.2275519567886,846.13653117407318
-0.0155,0.0085000000000000006,1903.4228350301689,1142.0537010181013
-0.015000000000000001,0.0085000000000000006,2504.6667687675372,1502.8000612605222
-0.014500000000000001,0.0085000000000000006,3214.7894947154073,1928.8736968292442
-0.014,0.0085000000000000006,4027.3715766561268,2416.422945993676
-0.0135,0.0085000000000000006,4928.4139123149907,2957.0483473889944
-0.012999999999999999,0.0085000000000000006,5897.1472336985462,3538.2883402191278
-0.012500000000000001,0.0085000000000000006,6908.0221444576018,4144.8132866745609
-0.012,0.0085000000000000006,7933.6505355310164,4760.1903213186097
-0.0115,0.0085000000000000006,8948.2062886791391,5368.9237732074835
-0.010999999999999999,0.0085000000000000006,9930.6162951798196,5958.3697771078914
-0.010499999999999999,0.0085000000000000006,10866.848594024637,6520.1091564147819
-0.010000000000000002,0.0085000000000000006,11750.761941217397,7050.4571647304383
-0.0095000000000000015,0.0085000000000000006,12583.296050883589,7549.977630530153
-0.0090000000000000011,0.0085000000000000006,13370.177801301908,8022.1066807811449
-0.0085000000000000006,0.0085000000000000006,14118.688010643296,8471.2128063859782
-0.0080000000000000002,0.0085000000000000006,14834.270144797778,8900.5620868786664
-0.0074999999999999997,0.0085000000000000006,15517.797732338418,9310.6786394030514
-0.0069999999999999993,0.0085000000000000006,16164.142662552411,9698.4855975314458
-0.0064999999999999988,0.0085000000000000006,16762.355620354458,10057.413372212673
-0.0059999999999999984,0.0085000000000000006,17297.379311127563,10378.427586676537
-0.0054999999999999979,0.0085000000000000006,17752.871299379301,10651.72277962758
-0.005000000000000001,0.0085000000000000006,18114.498626539687,10868.699175923812
-0.0044999999999999971,0.0085000000000000006,18373.017138580413,11023.810283148248
-0.0040000000000000001,0.0085000000000000006,18526.551098751421,11115.930659250853
-0.0035000000000000031,0.0085000000000000006,18581.693249527969,11149.015949716781
-0.0029999999999999992,0.0085000000000000006,18553.288264595081,11131.972958757049
-0.0025000000000000022,0.0085000000000000006,18462.987519558053,11077.792511734831
-0.0019999999999999983,0.0085000000000000006,18336.835069895089,11002.101041937052
-0.0015000000000000013,0.0085000000000000006,18202.251072668681,10921.350643601209
-0.00099999999999999742,0.0085000000000000006,18084.823346547568,10850.89400792854
-0.00050000000000000044,0.0085000000000000006,18005.311213374876,10803.186728024926
0,0.0085000000000000006,17977.219266559761,10786.331559935856
0.00050000000000000044,0.0085000000000000006,18005.22095784072,10803.132574704432
0.0010000000000000009,0.0085000000000000006,18084.610279383407,10850.766167630043
0.0015000000000000013,0.0085000000000000006,18201.842626701466,10921.105576020878
0.0020000000000000018,0.0085000000000000006,18336.103311876635,11001.661987125981
0.0024999999999999988,0.0085000000000000006,18461.725229637184,11077.03513778231
0.0030000000000000027,0.0085000000000000006,18551.176013426535,11130.705608055921
0.0034999999999999996,0.0085000000000000006,18578.257921274959,11146.954752764976
0.0040000000000000036,0.0085000000000000006,18521.117992971609,11112.670795782966
0.0045000000000000005,0.0085000000000000006,18364.660271063483,11018.796162638089
0.0049999999999999975,0.0085000000000000006,18101.996909971214,10861.198145982728
0.0055000000000000014,0.0085000000000000006,17734.681387409502,10640.8088324457
0.0059999999999999984,0.0085000000000000006,17271.638191735608,10362.982915041364
0.0064999999999999988,0.0085000000000000006,16726.926495532622,10036.155897319573
0.0069999999999999993,0.0085000000000000006,16116.715225335678,9670.0291352014065
0.0074999999999999997,0.0085000000000000006,15456.047990168259,9273.6287941009559
0.0080000000000000002,0.0085000000000000006,14756.075519674801,8853.6453118048812
0.0085000000000000006,0.0085000000000000006,14022.381661598843,8413.4289969593065
0.0090000000000000011,0.0085000000000000006,13254.814094886598,7952.8884569319589
0.0095000000000000015,0.0085000000000000006,12448.889713524559,7469.3338281147353
0.010000000000000002,0.0085000000000000006,11598.459607955514,6959.075764773308
0.010500000000000002,0.0085000000000000006,10698.995391625587,6419.3972349753521
0.011000000000000003,0.0085000000000000006,9750.6923478767094,5850.4154087260258
0.011500000000000003,0.0085000000000000006,8760.6271342486889,5256.3762805492133
0.012000000000000004,0.0085000000000000006,7743.4479388900845,4646.0687633340503
0.012499999999999997,0.0085000000000000006,6720.4429900271543,4032.2657940162926
0.013000000000000005,0.0085000000000000006,5717.2232863953968,3430.3339718372381
0.013499999999999998,0.0085000000000000006,4760.5607099158287,2856.336425949497
0.014000000000000005,0.0085000000000000006,3875.0692433938279,2325.0415460362965
0.014499999999999999,0.0085000000000000006,3080.383157355031,1848.2298944130184
0.014999999999999999,0.0085000000000000006,2389.3030623478608,1433.5818374087164
0.0155,0.0085000000000000006,1807.1164859719142,1084.2698915831486
0.016000000000000007,0.0085000000000000006,1332.0329267913155,799.2197560747893
0.016500000000000001,0.0085000000000000006,956.46927152737203,573.88156291642315
0.017000000000000001,0.0085000000000000006,668.81568167726391,401.28940900635831
0.017500000000000002,0.0085000000000000006,455.30715061135277,273.18429036681164
0.017999999999999995,0.0085000000000000006,301.69848733718248,181.0190924023095
0.018500000000000003,0.0085000000000000006,194.55399073636664,116.73239444181998
0.019000000000000003,0.0085000000000000006,122.08119008219353,73.248714049316121
0.019500000000000003,0.0085000000000000006,74.534004860800664,44.720402916480396
0.019999999999999997,0.0085000000000000006,44.271309694781941,26.562785816869162
0.020499999999999997,0.0085000000000000006,25.581450463249137,15.348870277949482
0.021000000000000005,0.0085000000000000006,14.37942239757947,8.6276534385476822
0.021500000000000005,0.0085000000000000006,7.8623874318097124,4.7174324590858276
0.021999999999999999,0.0085000000000000006,4.1816823770236509,2.5090094262141904
0.022499999999999999,0.0085000000000000006,2.1633210460443952,1.2979926276266371
0.023000000000000007,0.0085000000000000006,1.0885695882924982,0.65314175297549892
0.023500000000000007,0.0085000000000000006,0.53278306474295212,0.31966983884577127
0.024,0.0085000000000000006,0.25362887166881343,0.15217732300128806
0.024500000000000001,0.0085000000000000006,0.11743489698776588,0.070460938192659528
0.025000000000000001,0.0085000000000000006,0.052886257357125294,0.031731754414275178
-0.025000000000000001,0.0090000000000000011,0.05518189950942768,0.033109139705656605
-0.024500000000000001,0.0090000000000000011,0.12067648176184655,0.072405889057107931
-0.024,0.0090000000000000011,0.25696520842768128,0.15417912505660877
-0.0235,0.0090000000000000011,0.53275451847447897,0.31965271108468735
-0.023,0.0090000000000000011,1.0753710453424665,0.64522262720547985
-0.022500000000000003,0.0090000000000000011,2.1132329887461836,1.2679397932477101
-0.022000000000000002,0.0090000000000000011,4.0427454655527075,2.4256472793316246
-0.021500000000000002,0.0090000000000000011,7.5288858760021524,4.5173315256012909
-0.021000000000000001,0.0090000000000000011,13.648957732413624,8.1893746394481735
-0.020500000000000001,0.0090000000000000011,24.086655852251791,14.451993511351073
-0.02,0.0090000000000000011,41.377205555612782,24.826323333367668
-0.0195,0.0090000000000000011,69.192600513238517,41.515560307943112
-0.019,0.0090000000000000011,112.63842998741239,67.583057992447436
-0.018500000000000003,0.0090000000000000011,178.51177897533645,107.10706738520187
-0.018000000000000002,0.0090000000000000011,275.44710730454318,165.2682643827259
-0.017500000000000002,0.0090000000000000011,413.86066561695907,248.31639937017542
-0.017000000000000001,0.0090000000000000011,605.60287793493296,363.36172676095975
-0.016500000000000001,0.0090000000000000011,863.25128506099531,517.95077103659719
-0.016,0.0090000000000000011,1199.0297950307186,719.41787701843111
-0.0155,0.0090000000000000011,1623.4213713391955,974.0528228035173
-0.015000000000000001,0.0090000000000000011,2143.6384993785969,1286.1830996271581
-0.014500000000000001,0.0090000000000000011,2762.2053017971684,1657.3231810783011
-0.014,0.0090000000000000011,3475.9563070633581,2085.5737842380149
-0.0135,0.0090000000000000011,4275.7402048472331,2565.44412290834
-0.012999999999999999,0.0090000000000000011,5147.015805372851,3088.2094832237103
-0.012500000000000001,0.0090000000000000011,6071.3486104393141,3642.8091662635884
-0.012,0.0090000000000000011,7028.5950168715126,4217.1570101229072
-0.0115,0.0090000000000000011,7999.3560100050636,4799.6136060030376
-0.010999999999999999,0.0090000000000000011,8967.1604696072136,5380.2962817643283
-0.010499999999999999,0.0090000000000000011,9919.853075752033,5951.91184545122
-0.010000000000000002,0.0090000000000000011,10849.83032248529,6509.8981934911735
-0.0095000000000000015,0.0090000000000000011,11753.058635170466,7051.8351811022794
-0.0090000000000000011,0.0090000000000000011,12627.144374235984,7576.2866245415898
-0.0085000000000000006,0.0090000000000000011,13469.006266510669,8081.4037599064013
-0.0080000000000000002,0.0090000000000000011,14272.835360234691,8563.7012161408147
-0.0074999999999999997,0.0090000000000000011,15028.966549294935,9017.3799295769604
-0.0069999999999999993,0.0090000000000000011,15724.041056511564,9434.4246339069377
-0.0064999999999999988,0.0090000000000000011,16342.482583165282,9805.4895498991682
-0.0059999999999999984,0.0090000000000000011,16868.948831400612,10121.369298840367
-0.0054999999999999979,0.0090000000000000011,17291.1621116071,10374.69726696426
-0.005000000000000001,0.0090000000000000011,17602.438943528865,10561.463366117319
-0.0044999999999999971,0.0090000000000000011,17803.342295842795,10682.005377505677
-0.0040000000000000001,0.0090000000000000011,17902.126523047125,10741.275913828274
-0.0035000000000000031,0.0090000000000000011,17913.950625302328,10748.370375181397
-0.0029999999999999992,0.0090000000000000011,17859.108596115679,10715.465157669407
-0.0025000000000000022,0.0090000000000000011,17760.696345536431,10656.417807321859
-0.0019999999999999983,0.0090000000000000011,17642.173180362537,10585.303908217522
-0.0015000000000000013,0.0090000000000000011,17525.19539797723,10515.117238786337
-0.00099999999999999742,0.0090000000000000011,17427.945645835622,10456.767387501373
-0.00050000000000000044,0.0090000000000000011,17364.013041240047,10418.407824744028
0,0.0090000000000000011,17341.748283859182,10405.048970315509
0.00050000000000000044,0.0090000000000000011,17363.957532870911,10418.374519722545
0.0010000000000000009,0.0090000000000000011,17427.814606659922,10456.688763995953
0.0015000000000000013,0.0090000000000000011,17524.944198206162,10514.966518923697
0.0020000000000000018,0.0090000000000000011,17641.723139325368,10585.033883595221
0.0024999999999999988,0.0090000000000000011,17759.920020233709,10655.952012140226
0.0030000000000000027,0.0090000000000000011,17857.809533197775,10714.685719918665
0.0034999999999999996,0.0090000000000000011,17911.837852157365,10747.102711294419
0.0040000000000000036,0.0090000000000000011,17898.785089815741,10739.271053889444
0.0045000000000000005,0.0090000000000000011,17798.202709763846,10678.921625858307
0.0049999999999999975,0.0090000000000000011,17594.750219457543,10556.850131674526
0.0055000000000000014,0.0090000000000000011,17279.975070751439,10367.985042450864
0.0059999999999999984,0.0090000000000000011,16853.11769627548,10111.870617765288
0.0064999999999999988,0.0090000000000000011,16320.693194216055,9792.4159165296333
0.0069999999999999993,0.0090000000000000011,15694.872543837962,9416.9235263027767
0.0074999999999999997,0.0090000000000000011,14990.989626172332,8994.5937757033989
0.0080000000000000002,0.0090000000000000011,14224.744612605124,8534.8467675630745
0.0085000000000000006,0.0090000000000000011,13409.776564728249,8045.8659388369488
0.0090000000000000011,0.0090000000000000011,12556.194140992899,7533.7164845957386
0.0095000000000000015,0.0090000000000000011,11670.396927417756,7002.2381564506532
0.010000000000000002,0.0090000000000000011,10756.162336216756,6453.6974017300536
0.010500000000000002,0.0090000000000000011,9816.621095514347,5889.9726573086082
0.011000000000000003,0.0090000000000000011,8856.5048186764452,5313.9028912058666
0.011500000000000003,0.0090000000000000011,7883.9923035853872,4730.3953821512323
0.012000000000000004,0.0090000000000000011,6911.6178581580716,4146.9707148948428
0.012499999999999997,0.0090000000000000011,5955.984904019645,3573.5909424117867
0.013000000000000005,0.0090000000000000011,5036.3601544420553,3021.8160926652331
0.013499999999999998,0.0090000000000000011,4172.5082246094789,2503.5049347656873
0.014000000000000005,0.0090000000000000011,3382.2883207945629,2029.3729924767376
0.014499999999999999,0.0090000000000000011,2679.5435940436296,1607.7261564261778
0.014999999999999999,0.0090000000000000011,2072.6882661328259,1243.6129596796955
0.0155,0.0090000000000000011,1564.1916695482823,938.51500172896931
0.016000000000000007,0.0090000000000000011,1150.9390473750077,690.56342842500464
0.016500000000000001,0.0090000000000000011,825.27436186010721,495.16461711606428
0.017000000000000001,0.0090000000000000011,576.43436503324403,345.8606190199464
0.017500000000000002,0.0090000000000000011,392.07127602136683,235.24276561282008
0.017999999999999995,0.0090000000000000011,259.61597039784704,155.76958223870821
0.018500000000000003,0.0090000000000000011,167.32473334368876,100.39484000621326
0.019000000000000003,0.0090000000000000011,104.94969346343527,62.969816078061157
0.019500000000000003,0.0090000000000000011,64.052982855391008,38.4317897132346
0.019999999999999997,0.0090000000000000011,38.035694436609639,22.821416661965781
0.020499999999999997,0.0090000000000000011,21.973695864603094,13.184217518761857
0.021000000000000005,0.0090000000000000011,12.349458881212527,7.4096753287275163
0.021500000000000005,0.0090000000000000011,6.7515713365282721,4.0509428019169631
0.021999999999999999,0.0090000000000000011,3.5905211118241236,2.1543126670944739
0.022499999999999999,0.0090000000000000011,1.8573464930302681,1.1144078958181609
0.023000000000000007,0.0090000000000000011,0.93454692365867476,0.56072815419520483
0.023500000000000007,0.0090000000000000011,0.45737679793208186,0.27442607875924913
0.024,0.0090000000000000011,0.21772374336110101,0.1306342460166606
0.024500000000000001,0.0090000000000000011,0.10080713034918475,0.060484278209510842
0.025000000000000001,0.0090000000000000011,0.045396953519418776,0.027238172111651266
-0.025000000000000001,0.0095000000000000015,0.043754735948476238,0.026252841569085743
-0.024500000000000001,0.0095000000000000015,0.09605115686019193,0.057630694116115155
-0.024,0.0095000000000000015,0.20526208954961189,0.12315725372976713
-0.0235,0.0095000000000000015,0.42699562543771713,0.25619737526263026
-0.023,0.0095000000000000015,0.86462732259918573,0.51877639355951144
-0.022500000000000003,0.0095000000000000015,1.7041602769843727,1.0224961661906236
-0.022000000000000002,0.0095000000000000015,3.2693110541460522,1.9615866324876312
-0.021500000000000002,0.0095000000000000015,6.1046194398523417,3.6627716639114047
-0.021000000000000001,0.0095000000000000015,11.094668080156373,6.6568008480938232
-0.020500000000000001,0.0095000000000000015,19.625726435563354,11.775435861338012
-0.02,0.0095000000000000015,33.791067944867628,20.274640766920577
-0.0195,0.0095000000000000015,56.631761789785415,33.979057073871246
-0.019,0.0095000000000000015,92.390538950970253,55.434323370582149
-0.018500000000000003,0.0095000000000000015,146.73844999074527,88.043069994447151
-0.018000000000000002,0.0095000000000000015,226.91566004390239,136.14939602634144
-0.017500000000000002,0.0095000000000000015,341.71441962465326,205.02865177479194
-0.017000000000000001,0.0095000000000000015,501.23131821120421,300.73879092672252
-0.016500000000000001,0.0095000000000000015,716.33466125368955,429.80079675221373
-0.016,0.0095000000000000015,997.83559615952845,598.70135769571709
-0.0155,0.0095000000000000015,1355.4165820046037,813.2499492027622
-0.015000000000000001,0.0095000000000000015,1796.4472812794165,1077.8683687676498
-0.014500000000000001,0.0095000000000000015,2324.886319531352,1394.9317917188112
-0.014,0.0095000000000000015,2940.5025473178807,1764.3015283907284
-0.0135,0.0095000000000000015,3638.6283441524574,2183.1770064914745
-0.012999999999999999,0.0095000000000000015,4410.5686672840911,2646.3412003704548
-0.012500000000000001,0.0095000000000000015,5244.6418121472989,3146.7850872883791
-0.012,0.0095000000000000015,6127.6538004574859,3676.5922802744913
-0.0115,0.0095000000000000015,7046.4591544708765,4227.8754926825259
-0.010999999999999999,0.0095000000000000015,7989.1921338467237,4793.5152803080337
-0.010499999999999999,0.0095000000000000015,8945.804257564836,5367.4825545389012
-0.010000000000000002,0.0095000000000000015,9907.7216099247726,5944.6329659548637
-0.0095000000000000015,0.0095000000000000015,10866.700668033789,6520.0204008202736
-0.0090000000000000011,0.0095000000000000015,11813.237935970245,7087.9427615821469
-0.0085000000000000006,0.0095000000000000015,12735.084337014116,7641.0506022084692
-0.0080000000000000002,0.0095000000000000015,13616.453638740964,8169.8721832445781
-0.0074999999999999997,0.0095000000000000015,14438.364443473045,8663.0186660838262
-0.0069999999999999993,0.0095000000000000015,15180.248596641772,9108.1491579850626
-0.0064999999999999988,0.0095000000000000015,15822.582615091258,9493.5495690547541
-0.0059999999999999984,0.0095000000000000015,16349.969587917654,9809.9817527505929
-0.0054999999999999979,0.0095000000000000015,16753.923751242623,10052.354250745573
-0.005000000000000001,0.0095000000000000015,17034.648461755558,10220.789077053334
-0.0044999999999999971,0.0095000000000000015,17201.34250428457,10320.805502570742
-0.0040000000000000001,0.0095000000000000015,17270.946187047604,10362.567712228562
-0.0035000000000000031,0.0095000000000000015,17265.633810796957,10359.380286478174
-0.0029999999999999992,0.0095000000000000015,17209.656508651238,10325.793905190743
-0.0025000000000000022,0.0095000000000000015,17126.256920478747,10275.754152287247
-0.0019999999999999983,0.0095000000000000015,17035.290213634857,10221.174128180914
-0.0015000000000000013,0.0095000000000000015,16951.931804720734,10171.159082832441
-0.00099999999999999742,0.0095000000000000015,16886.514571138487,10131.908742683092
-0.00050000000000000044,0.0095000000000000015,16845.220134001662,10107.132080400997
0,0.0095000000000000015,16831.140961747529,10098.684577048518
0.00050000000000000044,0.0095000000000000015,16845.18693084619,10107.112158507714
0.0010000000000000009,0.0095000000000000015,16886.436188109197,10131.861712865519
0.0015000000000000013,0.0095000000000000015,16951.78154584657,10171.068927507942
0.0020000000000000018,0.0095000000000000015,17035.021014903956,10221.012608942374
0.0024999999999999988,0.0095000000000000015,17125.79254996806,10275.475529980837
0.0030000000000000027,0.0095000000000000015,17208.879454871738,10325.327672923042
0.0034999999999999996,0.0095000000000000015,17264.370024158994,10358.622014495397
0.0040000000000000036,0.0095000000000000015,17268.9474591295,10361.3684754777
0.0045000000000000005,0.0095000000000000015,17198.268184532495,10318.960910719497
0.0049999999999999975,0.0095000000000000015,17030.049337250664,10218.029602350398
0.0055000000000000014,0.0095000000000000015,16747.23205659222,10048.339233955332
0.0059999999999999984,0.0095000000000000015,16340.499959300618,9804.2999755803703
0.0064999999999999988,0.0095000000000000015,15809.548968450608,9485.729381070365
0.0069999999999999993,0.0095000000000000015,15162.80101754229,9097.6806105253727
0.0074999999999999997,0.0095000000000000015,14415.647982831013,8649.3887896986071
0.0080000000000000002,0.0095000000000000015,13587.687443748118,8152.612466248871
0.0085000000000000006,0.0095000000000000015,12699.65521114639,7619.7931266878331
0.0090000000000000011,0.0095000000000000015,11770.798000122721,7062.4788000736326
0.0095000000000000015,0.0095000000000000015,10817.255339756255,6490.3532038537533
0.010000000000000002,0.0095000000000000015,9851.6927126752907,5911.0156276051739
0.010500000000000002,0.0095000000000000015,8884.0545152674349,5330.4327091604609
0.011000000000000003,0.0095000000000000015,7923.001812659495,4753.801087595697
0.011500000000000003,0.0095000000000000015,6977.4526399635888,4186.4715839781529
0.012000000000000004,0.0095000000000000015,6057.6821754958619,3634.609305297517
0.012499999999999997,0.0095000000000000015,5175.6352976400203,3105.3811785840121
0.013000000000000005,0.0095000000000000015,4344.3783460968452,2606.6270076581072
0.013499999999999998,0.0095000000000000015,3576.878601855019,2146.1271611130114
0.014000000000000005,0.0095000000000000015,2884.4736500682366,1730.684190040942
0.014499999999999999,0.0095000000000000015,2275.4409912533188,1365.2645947519911
0.014999999999999999,0.0095000000000000015,1754.0073454302808,1052.4044072581685
0.0155,0.0095000000000000015,1319.9874561317915,791.99247367907492
0.016000000000000007,0.0095000000000000015,969.06940115104157,581.44164069062492
0.016500000000000001,0.0095000000000000015,693.61820056482588,416.17092033889554
0.017000000000000001,0.0095000000000000015,483.78373897528718,290.27024338517231
0.017500000000000002,0.0095000000000000015,328.68077259737026,197.20846355842215
0.017999999999999995,0.0095000000000000015,217.44603036119659,130.46761821671794
0.018500000000000003,0.0095000000000000015,140.04675248350995,84.028051490105966
0.019000000000000003,0.0095000000000000015,87.791406997334917,52.674844198400947
0.019500000000000003,0.0095000000000000015,53.557423148324474,32.134453888994685
0.019999999999999997,0.0095000000000000015,31.792293437130258,19.075376062278153
0.020499999999999997,0.0095000000000000015,18.361828034877735,11.017096820926641
0.021000000000000005,0.0095000000000000015,10.317353540682477,6.1904121244094865
0.021500000000000005,0.0095000000000000015,5.6396572025105893,3.3837943215063535
0.021999999999999999,0.0095000000000000015,2.9988063400152893,1.7992838040091736
0.022499999999999999,0.0095000000000000015,1.5510979688560056,0.93065878131360336
0.023000000000000007,0.0095000000000000015,0.78039128253475787,0.46823476952085469
0.023500000000000007,0.0095000000000000015,0.3819073223000497,0.22914439338002981
0.024,0.0095000000000000015,0.18178922436137709,0.10907353461682626
0.024500000000000001,0.0095000000000000015,0.084166009190609375,0.050499605514365623
0.025000000000000001,0.0095000000000000015,0.037901725167458204,0.022741035100474923
-0.025000000000000001,0.010000000000000002,0.034183255261685572,0.020509953157011342
-0.024500000000000001,0.010000000000000002,0.075264214966780013,0.045158528980068009
-0.024,0.010000000000000002,0.16129111875676361,0.096774671254058156
-0.0235,0.010000000000000002,0.33640667881596714,0.20184400728958027
-0.023,0.010000000000000002,0.6828718935969007,0.40972313615814043
-0.022500000000000003,0.010000000000000002,1.3490430753265181,0.80942584519591088
-0.022000000000000002,0.010000000000000002,2.5936992857408567,1.5562195714445139
-0.021500000000000002,0.010000000000000002,4.8531133621241862,2.9118680172745117
-0.021000000000000001,0.010000000000000002,8.8375818033044684,5.302549081982681
-0.020500000000000001,0.010000000000000002,15.662835894197377,9.3977015365184258
-0.02,0.010000000000000002,27.017865777438136,16.21071946646288
-0.0195,0.010000000000000002,45.363334639919032,27.218000783951418
-0.019,0.010000000000000002,74.143648406877503,44.486189044126498
-0.018500000000000003,0.010000000000000002,117.98173795254316,70.789042771525885
-0.018000000000000002,0.010000000000000002,182.81124754396902,109.68674852638141
-0.017500000000000002,0.010000000000000002,275.89050293200683,165.53430175920408
-0.017000000000000001,0.010000000000000002,405.64208588742235,243.3852515324534
-0.016500000000000001,0.010000000000000002,581.27666782131041,348.76600069278624
-0.016,0.010000000000000002,812.19308153459065,487.31584892075438
-0.0155,0.010000000000000002,1107.1964343366242,664.31786060197453
-0.015000000000000001,0.010000000000000002,1473.6333284726011,884.17999708356058
-0.014500000000000001,0.010000000000000002,1916.5919579372166,1149.95517476233
-0.014,0.010000000000000002,2438.3352412262611,1463.0011447357567
-0.0135,0.010000000000000002,3038.1100225748187,1822.8660135448911
-0.012999999999999999,0.010000000000000002,3712.3980633027163,2227.4388379816296
-0.012500000000000001,0.010000000000000002,4455.5557023956653,2673.333421437399
-0.012,0.010000000000000002,5260.6586801750582,3156.3952081050347
-0.0115,0.010000000000000002,6120.270556496067,3672.1623338976401
-0.010999999999999999,0.010000000000000002,7026.8320038063412,4216.0992022838045
-0.010499999999999999,0.010000000000000002,7972.4517524632929,4783.4710514779754
-0.010000000000000002,0.010000000000000002,8948.063337135467,5368.8380022812798
-0.0095000000000000015,0.010000000000000002,9942.1513139831277,5965.2907883898761
-0.0090000000000000011,0.010000000000000002,10939.471491569506,6563.6828949417031
-0.0085000000000000006,0.010000000000000002,11920.308250331624,7152.1849501989736
-0.0080000000000000002,0.010000000000000002,12860.765811929266,7716.4594871575591
-0.0074999999999999997,0.010000000000000002,13734.365493870901,8240.6192963225403
-0.0069999999999999993,0.010000000000000002,14514.864983190369,8708.918989914222
-0.0064999999999999988,0.010000000000000002,15179.828368240289,9107.8970209441723
-0.0059999999999999984,0.010000000000000002,15714.179828758606,9428.5078972551637
-0.0054999999999999979,0.010000000000000002,16112.874206125221,9667.7245236751332
-0.005000000000000001,0.010000000000000002,16381.963202706358,9829.1779216238137
-0.0044999999999999971,0.010000000000000002,16537.699907173715,9922.6199443042296
-0.0040000000000000001,0.010000000000000002,16603.809365997418,9962.2856195984514
-0.0035000000000000031,0.010000000000000002,16607.520444823786,9964.5122668942713
-0.0029999999999999992,0.010000000000000002,16575.267747795271,9945.1606486771616
-0.0025000000000000022,0.010000000000000002,16529.039971097791,9917.4239826586745
-0.0019999999999999983,0.010000000000000002,16484.153245878773,9890.4919475272636
-0.0015000000000000013,0.010000000000000002,16448.822551579957,9869.2935309479744
-0.00099999999999999742,0.010000000000000002,16425.407794728264,9855.2446768369573
-0.00050000000000000044,0.010000000000000002,16412.76420790156,9847.6585247409366
0,0.010000000000000002,16408.853389753993,9845.312033852395
0.00050000000000000044,0.010000000000000002,16412.744891042345,9847.6469346254071
0.0010000000000000009,0.010000000000000002,16425.362193220812,9855.2173159324866
0.0015000000000000013,0.010000000000000002,16448.735134300579,9869.2410805803465
0.0020000000000000018,0.010000000000000002,16483.996632029517,9890.3979792177106
0.0024999999999999988,0.010000000000000002,16528.769810637099,9917.261886382259
0.0030000000000000027,0.010000000000000002,16574.815675145906,9944.8894050875442
0.0034999999999999996,0.010000000000000002,16606.785201795923,9964.0711210775535
0.0040000000000000036,0.010000000000000002,16602.646550438018,9961.5879302628109
0.0045000000000000005,0.010000000000000002,16535.911336148169,9921.5468016889008
0.0049999999999999975,0.010000000000000002,16379.287534104624,9827.5725204627743
0.0055000000000000014,0.010000000000000002,16108.981126638146,9665.3886759828874
0.0059999999999999984,0.010000000000000002,15708.670608920407,9425.2023653522447
0.0064999999999999988,0.010000000000000002,15172.245681786511,9103.3474090719064
0.0069999999999999993,0.010000000000000002,14504.714368758625,8702.8286212551739
0.0074999999999999997,0.010000000000000002,13721.149561051998,8232.6897366311987
0.0080000000000000002,0.010000000000000002,12844.030277883201,7706.4181667299199
0.0085000000000000006,0.010000000000000002,11899.696370924936,7139.8178225549609
0.0090000000000000011,0.010000000000000002,10914.78087845693,6548.868527074158
0.0095000000000000015,0.010000000000000002,9913.3851189749403,5948.031071384964
0.010000000000000002,0.010000000000000002,8915.4669677610818,5349.2801806566486
0.010500000000000002,0.010000000000000002,7936.5271223614955,4761.9162734168967
0.011000000000000003,0.010000000000000002,6988.3239434241923,4192.994366054515
0.011500000000000003,0.010000000000000002,6080.124097319781,3648.0744583918686
0.012000000000000004,0.010000000000000002,5219.9507411481763,3131.9704446889059
0.012499999999999997,0.010000000000000002,4415.4092432193866,2649.245545931632
0.013000000000000005,0.010000000000000002,3673.8900029205533,2204.3340017523319
0.013499999999999998,0.010000000000000002,3002.1853924729967,1801.3112354837979
0.014000000000000005,0.010000000000000002,2405.7388718517759,1443.4433231110654
0.014499999999999999,0.010000000000000002,1887.8257629287368,1132.6954577572421
0.014999999999999999,0.010000000000000002,1448.9427153590873,869.36562921545237
0.0155,0.010000000000000002,1086.5845549269754,651.95073295618522
0.016000000000000007,0.010000000000000002,795.45754747941919,477.27452848765148
0.016500000000000001,0.010000000000000002,568.06073497516036,340.8364409850962
0.017000000000000001,0.010000000000000002,395.49147137629808,237.29488282577884
0.017500000000000002,0.010000000000000002,268.30781625329206,160.98468975197522
0.017999999999999995,0.010000000000000002,177.30202708578827,106.38121625147296
0.018500000000000003,0.010000000000000002,114.08865680343057,68.453194082058332
0.019000000000000003,0.010000000000000002,71.467975471628989,42.880785282977392
0.019500000000000003,0.010000000000000002,43.574752624949099,26.144851574969458
0.019999999999999997,0.010000000000000002,25.85502311322843,15.513013867937058
0.020499999999999997,0.010000000000000002,14.92752784526324,8.9565167071579435
0.021000000000000005,0.010000000000000002,8.3853574495758298,5.0312144697454979
0.021500000000000005,0.010000000000000002,4.5826086479933839,2.7495651887960304
0.021999999999999999,0.010000000000000002,2.4363256444204153,1.4617953866522491
0.022499999999999999,0.010000000000000002,1.2599948202656921,0.75599689215941523
0.023000000000000007,0.010000000000000002,0.63386523433052611,0.38031914059831567
0.023500000000000007,0.010000000000000002,0.31017530437010493,0.18610518262206296
0.024,0.010000000000000002,0.14763512655431088,0.088581075932586531
0.024500000000000001,0.010000000000000002,0.068349699734009464,0.041009819840405679
0.025000000000000001,0.010000000000000002,0.030778103442958445,0.018466862065775067
-0.025000000000000001,0.010500000000000002,0.026236418462993547,0.015741851077796128
-0.024500000000000001,0.010500000000000002,0.057900256311708601,0.034740153787025156
-0.024,0.010500000000000002,0.124347926495572,0.074608755897343199
-0.0235,0.010500000000000002,0.25987829140075691,0.15592697484045415
-0.023,0.010500000000000002,0.52852955322377049,0.31711773193426229
-0.022500000000000003,0.010500000000000002,1.0460067539062268,0.62760405234373606
-0.022000000000000002,0.010500000000000002,2.0145040633731219,1.2087024380238731
-0.021500000000000002,0.010500000000000002,3.7755309502846615,2.265318570170797
-0.021000000000000001,0.010500000000000002,6.8861794589680905,4.1317076753808539
-0.020500000000000001,0.010500000000000002,12.223373511085288,7.3340241066511727
-0.02,0.010500000000000002,21.117765552479021,12.670659331487412
-0.0195,0.010500000000000002,35.513429672591421,21.308057803554853
-0.019,0.010500000000000002,58.141129596471217,34.884677757882727
-0.018500000000000003,0.010500000000000002,92.682394744770775,55.609436846862465
-0.018000000000000002,0.010500000000000002,143.8908874455571,86.334532467334256
-0.017500000000000002,0.010500000000000002,217.62995711583017,130.5779742694981
-0.017000000000000001,0.010500000000000002,320.78517082219054,192.47110249331431
-0.016500000000000001,0.010500000000000002,461.02206806670824,276.61324084002496
-0.016,0.010500000000000002,646.38441591502101,387.83064954901261
-0.0155,0.010500000000000002,884.76472688137903,530.85883612882742
-0.015000000000000001,0.010500000000000002,1183.3191525475677,709.99149152854056
-0.014500000000000001,0.010500000000000002,1547.9303589170086,928.75821535020509
-0.014,0.010500000000000002,1982.8296247374919,1189.6977748424952
-0.0135,0.010500000000000002,2490.4611932303746,1494.2767159382247
-0.012999999999999999,0.010500000000000002,3071.6053087173659,1842.9631852304194
-0.012500000000000001,0.010500000000000002,3725.6833773674712,2235.4100264204826
-0.012,0.010500000000000002,4451.0766258221247,2670.6459754932748
-0.0115,0.010500000000000002,5245.2354848659988,3147.1412909195992
-0.010999999999999999,0.010500000000000002,6104.3753562376878,3662.6252137426127
-0.010499999999999999,0.010500000000000002,7022.6625250784336,4213.5975150470604
-0.010000000000000002,0.010500000000000002,7990.9785571369084,4794.5871342821447
-0.0095000000000000015,0.010500000000000002,8995.5652325083465,5397.3391395050076
-0.0090000000000000011,0.010500000000000002,10017.022749598813,6010.2136497592874
-0.0085000000000000006,0.010500000000000002,11030.186531993515,6618.1119191961088
-0.0080000000000000002,0.010500000000000002,12005.292927727167,7203.1757566363003
-0.0074999999999999997,0.010500000000000002,12910.561772270703,7746.3370633624218
-0.0069999999999999993,0.010500000000000002,13715.934236683785,8229.5605420102711
-0.0064999999999999988,0.010500000000000002,14397.315948173016,8638.389568903809
-0.0059999999999999984,0.010500000000000002,14940.413503292706,8964.2481019756233
-0.0054999999999999979,0.010500000000000002,15343.218181751181,9205.9309090507086
-0.005000000000000001,0.010500000000000002,15616.423036491877,9369.8538218951253
-0.0044999999999999971,0.010500000000000002,15781.516737977585,9468.9100427865505
-0.0040000000000000001,0.010500000000000002,15866.86403689514,9520.1184221370841
-0.0035000000000000031,0.010500000000000002,15902.60159051307,9541.5609543078408
-0.0029999999999999992,0.010500000000000002,15915.498150130707,9549.2988900784239
-0.0025000000000000022,0.010500000000000002,15924.951175650727,9554.9707053904367
-0.0019999999999999983,0.010500000000000002,15941.002699149523,9564.6016194897129
-0.0015000000000000013,0.010500000000000002,15964.729741022567,9578.8378446135393
-0.00099999999999999742,0.010500000000000002,15990.741222340775,9594.4447334044653
-0.00050000000000000044,0.010500000000000002,16010.964444972409,9606.5786669834451
0,0.010500000000000002,16018.580067634433,9611.1480405806597
0.00050000000000000044,0.010500000000000002,16010.953514726454,9606.5721088358714
0.0010000000000000009,0.010500000000000002,15990.715419197168,9594.4292515183006
0.0015000000000000013,0.010500000000000002,15964.680276854831,9578.8081661128981
0.0020000000000000018,0.010500000000000002,15940.914080814975,9564.5484484889839
0.0024999999999999988,0.010500000000000002,15924.798308134861,9554.8789848809156
0.0030000000000000027,0.010500000000000002,15915.242349475342,9549.1454096852049
0.0034999999999999996,0.010500000000000002,15902.185560813759,9541.3113364882556
0.0040000000000000036,0.010500000000000002,15866.206069679956,9519.7236418079738
0.0045000000000000005,0.010500000000000002,15780.50469347292,9468.3028160837512
0.0049999999999999975,0.010500000000000002,15614.909036954808,9368.9454221728847
0.0055000000000000014,0.010500000000000002,15341.015322795711,9204.6091936774264
0.0059999999999999984,0.010500000000000002,14937.296167954833,8962.3777007729004
0.0064999999999999988,0.010500000000000002,14393.025363093351,8635.8152178560103
0.0069999999999999993,0.010500000000000002,13710.190615990014,8226.1143695940082
0.0074999999999999997,0.010500000000000002,12903.083672719536,7741.8502036317213
0.0080000000000000002,0.010500000000000002,11995.823298049614,7197.4939788297679
0.0085000000000000006,0.010500000000000002,11018.523512193702,6611.1141073162207
0.0090000000000000011,0.010500000000000002,10003.051820314795,6001.8310921888769
0.0095000000000000015,0.010500000000000002,8979.2881771595275,5387.5729062957162
0.010000000000000002,0.010500000000000002,7972.5342370477738,4783.5205422286645
0.010500000000000002,0.010500000000000002,7002.3349429151858,4201.4009657491115
0.011000000000000003,0.010500000000000002,6082.5859666420984,3649.5515799852587
0.011500000000000003,0.010500000000000002,5222.5190241771352,3133.5114145062812
0.012000000000000004,0.010500000000000002,4428.0424575392335,2656.8254745235399
0.012499999999999997,0.010500000000000002,3702.9669166786143,2221.7801500071687
0.013000000000000005,0.010500000000000002,3049.8159191217692,1829.8895514730614
0.013499999999999998,0.010500000000000002,2470.1336110671155,1482.0801666402692
0.014000000000000005,0.010500000000000002,1964.3853046482973,1178.6311827889783
0.014499999999999999,0.010500000000000002,1531.6533035680213,918.99198214081275
0.014999999999999999,0.010500000000000002,1169.3482232630163,701.60893395780977
0.0155,0.010500000000000002,873.10170707988584,523.86102424793148
0.016000000000000007,0.010500000000000002,636.91478623231103,382.14887173938661
0.016500000000000001,0.010500000000000002,453.5439685001204,272.12638110007225
0.017000000000000001,0.010500000000000002,315.04155008350386,189.02493005010231
0.017500000000000002,0.010500000000000002,213.33937190888531,128.00362314533118
0.017999999999999995,0.010500000000000002,140.77355175687319,84.464131054123911
0.018500000000000003,0.010500000000000002,90.47953484885727,54.287720909314359
0.019000000000000003,0.010500000000000002,56.627127607331111,33.976276564398667
0.019500000000000003,0.010500000000000002,34.501378949675534,20.700827369805321
0.019999999999999997,0.010500000000000002,20.459783000322723,12.275869800193634
0.020499999999999997,0.010500000000000002,11.807307020277989,7.0843842121667935
0.021000000000000005,0.010500000000000002,6.6302929632521383,3.9781757779512827
0.021500000000000005,0.010500000000000002,3.622468642156274,2.1734811852937641
0.021999999999999999,0.010500000000000002,1.9254558083123003,1.1552734849873803
0.022499999999999999,0.010500000000000002,0.99561971537267713,0.59737182922360621
0.023000000000000007,0.010500000000000002,0.50079963951385242,0.30047978370831147
0.023500000000000007,0.010500000000000002,0.24503553817567852,0.14702132290540712
0.024,0.010500000000000002,0.11662082387184483,0.069972494323106899
0.024500000000000001,0.010500000000000002,0.053987749039820551,0.032392649423892327
0.025000000000000001,0.010500000000000002,0.024309648356318339,0.014585789013791003
-0.025000000000000001,0.011000000000000003,0.019735949893888466,0.011841569936333078
-0.024500000000000001,0.011000000000000003,0.043631257431946416,0.026178754459167848
-0.024,0.011000000000000003,0.093858050406231547,0.056314830243738928
-0.0235,0.011000000000000003,0.19646107691293815,0.11787664614776289
-0.023,0.011000000000000003,0.40014128481668648,0.24008477089001187
-0.022500000000000003,0.011000000000000003,0.79302516761122477,0.47581510056673482
-0.022000000000000002,0.011000000000000003,1.5293517982138658,0.91761107892831939
-0.021500000000000002,0.011000000000000003,2.8700599101268791,1.7220359460761274
-0.021000000000000001,0.011000000000000003,5.2415734397248235,3.144944063834894
-0.020500000000000001,0.011000000000000003,9.316505630820183,5.5899033784921093
-0.02,0.011000000000000003,16.117971214273073,9.670782728563843
-0.0195,0.011000000000000003,27.145230427191258,16.287138256314755
-0.019,0.011000000000000003,44.512345650122818,26.707407390073691
-0.018500000000000003,0.011000000000000003,71.083940383222213,42.650364229933324
-0.018000000000000002,0.011000000000000003,110.58449363360542,66.350696180163254
-0.017500000000000002,0.011000000000000003,167.65236844081076,100.59142106448645
-0.017000000000000001,0.011000000000000003,247.81007381121341,148.68604428672805
-0.016500000000000001,0.011000000000000003,357.33089308753688,214.39853585252212
-0.016,0.011000000000000003,503.00004701763311,301.80002821057985
-0.0155,0.011000000000000003,691.79383341924847,415.07630005154908
-0.015000000000000001,0.011000000000000003,930.52641199886352,558.31584719931811
-0.014500000000000001,0.011000000000000003,1225.5312098891645,735.31872593349874
-0.014,0.011000000000000003,1582.4413756015635,949.46482536093811
-0.0135,0.011000000000000003,2006.1036830040862,1203.6622098024516
-0.012999999999999999,0.011000000000000003,2500.6035336617838,1500.3621201970702
-0.012500000000000001,0.011000000000000003,3069.307994448292,1841.5847966689751
-0.012,0.011000000000000003,3714.7737275484333,2228.8642365290598
-0.0115,0.011000000000000003,4438.3479590602237,2663.0087754361343
-0.010999999999999999,0.011000000000000003,5239.3393558282733,3143.603613496964
-0.010499999999999999,0.011000000000000003,6113.7602059334313,3668.2561235600588
-0.010000000000000002,0.011000000000000003,7052.8221617963554,4231.6932970778134
-0.0095000000000000015,0.011000000000000003,8041.5560037478308,4824.9336022486987
-0.0090000000000000011,0.011000000000000003,9058.0530717988495,5434.8318430793097
-0.0085000000000000006,0.011000000000000003,10073.825740966897,6044.2954445801379
-0.0080000000000000002,0.011000000000000003,11055.61829470775,6633.3709768246499
-0.0074999999999999997,0.011000000000000003,11968.679305945063,7181.2075835670375
-0.0069999999999999993,0.011000000000000003,12781.100660976685,7668.6603965860104
-0.0064999999999999988,0.011000000000000003,13468.449067023581,8081.069440214148
-0.0059999999999999984,0.011000000000000003,14017.6878747714,8410.61272486284
-0.0054999999999999979,0.011000000000000003,14429.406017788075,8657.6436106728452
-0.005000000000000001,0.011000000000000003,14717.667222903618,8830.6003337421698
-0.0044999999999999971,0.011000000000000003,14907.313595428423,8944.3881572570535
-0.0040000000000000001,0.011000000000000003,15029.175857708899,9017.505514625338
-0.0035000000000000031,0.011000000000000003,15114.189926583627,9068.5139559501768
-0.0029999999999999992,0.011000000000000003,15187.736772621958,9112.6420635731738
-0.0025000000000000022,0.011000000000000003,15265.507739020866,9159.304643412519
-0.0019999999999999983,0.011000000000000003,15351.839272465661,9211.1035634793952
-0.0015000000000000013,0.011000000000000003,15440.844804106629,9264.5068824639766
-0.00099999999999999742,0.011000000000000003,15519.957617941905,9311.9745707651437
-0.00050000000000000044,0.011000000000000003,15574.878017045425,9344.9268102272545
0,0.011000000000000003,15594.559587215725,9356.735752329434
0.00050000000000000044,0.011000000000000003,15574.872001713189,9344.9232010279138
0.0010000000000000009,0.011000000000000003,15519.943417485465,9311.966050491279
0.0015000000000000013,0.011000000000000003,15440.817582084002,9264.4905492504004
0.0020000000000000018,0.011000000000000003,15351.790502408088,9211.0743014448526
0.0024999999999999988,0.011000000000000003,15265.423610182428,9159.2541661094565
0.0030000000000000027,0.011000000000000003,15187.595995741496,9112.5575974448966
0.0034999999999999996,0.011000000000000003,15113.960969534386,9068.3765817206313
0.0040000000000000036,0.011000000000000003,15028.813753194878,9017.288251916927
0.0045000000000000005,0.011000000000000003,14906.756628644864,8944.0539771869171
0.0049999999999999975,0.011000000000000003,14716.83401107491,8830.1004066449459
0.0055000000000000014,0.011000000000000003,14428.193700284843,8656.9162201709059
0.0059999999999999984,0.011000000000000003,14015.972285952534,8409.5833715715198
0.0064999999999999988,0.011000000000000003,13466.087794015943,8079.6526764095652
0.0069999999999999993,0.011000000000000003,12777.939726917926,7666.7638361507552
0.0074999999999999997,0.011000000000000003,11964.563821858221,7178.7382931149323
0.0080000000000000002,0.011000000000000003,11050.406795451876,6630.2440772711252
0.0085000000000000006,0.011000000000000003,10067.407135268724,6040.4442811612344
0.0090000000000000011,0.011000000000000003,9050.3643352751697,5430.218601165102
0.0095000000000000015,0.011000000000000003,8032.5981178825314,4819.5588707295183
0.010000000000000002,0.011000000000000003,7042.6715472852684,4225.6029283711605
0.010500000000000002,0.011000000000000003,6102.5731603017921,3661.5438961810751
0.011000000000000003,0.011000000000000003,5227.3478216785743,3136.4086930071444
0.011500000000000003,0.011000000000000003,4425.8462222439712,2655.5077333463828
0.012000000000000004,0.011000000000000003,3702.0971440965432,2221.2582864579258
0.012499999999999997,0.011000000000000003,3056.8062576320481,1834.0837545792288
0.013000000000000005,0.011000000000000003,2488.6119995120785,1493.1671997072469
0.013499999999999998,0.011000000000000003,1994.916637372442,1196.9499824234651
0.014000000000000005,0.011000000000000003,1572.2907610904363,943.37445665426173
0.014499999999999999,0.011000000000000003,1216.5733240237691,729.94399441426151
0.014999999999999999,0.011000000000000003,922.8376754748881,553.70260528493282
0.0155,0.011000000000000003,685.37522772014518,411.22513663208707
0.016000000000000007,0.011000000000000003,497.78854775891887,298.67312865535132
0.016500000000000001,0.011000000000000003,353.21540899220696,211.92924539532416
0.017000000000000001,0.011000000000000003,244.64913972773508,146.78948383664104
0.017500000000000002,0.011000000000000003,165.29109536312473,99.174657217874838
0.017999999999999995,0.011000000000000003,108.86890462167209,65.321342773003252
0.018500000000000003,0.011000000000000003,69.871622362427416,41.922973417456447
0.019000000000000003,0.011000000000000003,43.679132471945344,26.207479483167205
0.019500000000000003,0.011000000000000003,26.588260221493908,15.952956132896343
0.019999999999999997,0.011000000000000003,15.755858259732758,9.4535149558396547
0.020499999999999997,0.011000000000000003,9.0875283338117647,5.4525170002870587
0.021000000000000005,0.011000000000000003,5.1007493180410197,3.0604495908246117
0.021500000000000005,0.011000000000000003,2.7858238700624502,1.6714943220374701
0.021999999999999999,0.011000000000000003,1.4803451389475062,0.88820708336850374
0.022499999999999999,0.011000000000000003,0.7652952539013147,0.45917715234078882
0.023000000000000007,0.011000000000000003,0.38488045312785119,0.23092827187671069
0.023500000000000007,0.011000000000000003,0.18829254234278489,0.11297552540567093
0.024,0.011000000000000003,0.08960553040863517,0.053763318245181102
0.024500000000000001,0.011000000000000003,0.04147805509665508,0.024886833057993048
0.025000000000000001,0.011000000000000003,0.018675574639618189,0.011205344783770914
-0.025000000000000001,0.011500000000000003,0.014522701079963628,0.0087136206479781764
-0.024500000000000001,0.011500000000000003,0.03214909911937424,0.019289459471624543
-0.024,0.011500000000000003,0.069245471596331154,0.041547282957798692
-0.0235,0.011500000000000003,0.14511688961572808,0.087070133769436842
-0.023,0.011500000000000003,0.29590720602015091,0.17754432361209055
-0.022500000000000003,0.011500000000000003,0.58710544575173207,0.35226326745103925
-0.022000000000000002,0.011500000000000003,1.1334902523775308,0.68009415142651841
-0.021500000000000002,0.011500000000000003,2.1295423221536121,1.2777253932921673
-0.021000000000000001,0.011500000000000003,3.8936474687406846,2.3361884812444105
-0.020500000000000001,0.011500000000000003,6.9290794454700873,4.1574476672820522
-0.02,0.011500000000000003,12.003396545760181,7.2020379274561082
-0.0195,0.011500000000000003,20.245173977369515,12.147104386421708
-0.019,0.011500000000000003,33.252842747487122,19.951705648492272
-0.018500000000000003,0.011500000000000003,53.205220586774267,31.92313235206456
-0.018000000000000002,0.011500000000000003,82.958183430203874,49.774910058122323
-0.017500000000000002,0.011500000000000003,126.10860396246011,75.665162377476065
-0.017000000000000001,0.011500000000000003,187.00730731818393,112.20438439091036
-0.016500000000000001,0.011500000000000003,270.70912697241437,162.42547618344861
-0.016,0.011500000000000003,382.86052639429681,229.71631583657808
-0.0155,0.011500000000000003,529.54154138276715,317.72492482966027
-0.015000000000000001,0.011500000000000003,717.09385587338033,430.2563135240282
-0.014500000000000001,0.011500000000000003,951.9731710385048,571.18390262310288
-0.014,0.011500000000000003,1240.6540536573607,744.39243219441641
-0.0135,0.011500000000000003,1589.5849807902471,953.75098847414824
-0.012999999999999999,0.011500000000000003,2005.143491294386,1203.0860947766316
-0.012500000000000001,0.011500000000000003,2493.4891629620151,1496.093497777209
-0.012,0.011500000000000003,3060.1773832543213,1836.1064299525926
-0.0115,0.011500000000000003,3709.4047550406076,2225.6428530243643
-0.010999999999999999,0.011500000000000003,4442.8264026965098,2665.6958416179059
-0.010499999999999999,0.011500000000000003,5258.018087126733,3154.8108522760399
-0.010000000000000002,0.011500000000000003,6146.8284070050604,3688.0970442030361
-0.0095000000000000015,0.011500000000000003,7094.0297252815699,4256.4178351689416
-0.0090000000000000011,0.011500000000000003,8076.767389027531,4846.0604334165182
-0.0085000000000000006,0.011500000000000003,9065.2672515974682,5439.1603509584811
-0.0080000000000000002,0.011500000000000003,10025.062703439842,6015.0376220639055
-0.0074999999999999997,0.011500000000000003,10920.663850334482,6552.3983102006887
-0.0069999999999999993,0.011500000000000003,11720.185899389189,7032.1115396335135
-0.0064999999999999988,0.011500000000000003,12400.09335024042,7440.0560101442516
-0.0059999999999999984,0.011500000000000003,12949.021583607391,7769.4129501644347
-0.0054999999999999979,0.011500000000000003,13369.69687569284,8021.8181254157034
-0.005000000000000001,0.011500000000000003,13678.31275519587,8206.9876531175214
-0.0044999999999999971,0.011500000000000003,13901.275449191822,8340.7652695150937
-0.0040000000000000001,0.011500000000000003,14069.871166781344,8441.9227000688061
-0.0035000000000000031,0.011500000000000003,14213.961280226078,8528.3767681356458
-0.0029999999999999992,0.011500000000000003,14356.116519914971,8613.6699119489822
-0.0025000000000000022,0.011500000000000003,14507.55623618959,8704.5337417137544
-0.0019999999999999983,0.011500000000000003,14666.855126082171,8800.1130756493021
-0.0015000000000000013,0.011500000000000003,14821.709547927851,8893.0257287567092
-0.00099999999999999742,0.011500000000000003,14953.288700397294,8971.9732202383766
-0.00050000000000000044,0.011500000000000003,15042.035000285212,9025.2210001711264
0,0.011500000000000003,15073.401937271155,9044.0411623626933
0.00050000000000000044,0.011500000000000003,15042.031780509882,9025.2190683059289
0.0010000000000000009,0.011500000000000003,14953.281099440692,8971.9686596644151
0.0015000000000000013,0.011500000000000003,14821.69497702913,8893.0169862174771
0.0020000000000000018,0.011500000000000003,14666.829021351483,8800.0974128108901
0.0024999999999999988,0.011500000000000003,14507.511205267347,8704.506723160408
0.0030000000000000027,0.011500000000000003,14356.041167480827,8613.6247004884954
0.0034999999999999996,0.011500000000000003,14213.838728348832,8528.3032370092988
0.0040000000000000036,0.011500000000000003,14069.677346201894,8441.8064077211366
0.0045000000000000005,0.011500000000000003,13900.977326355614,8340.5863958133687
0.0049999999999999975,0.011500000000000003,13677.866769042175,8206.7200614253052
0.0055000000000000014,0.011500000000000003,13369.047968894238,8021.4287813365427
0.0059999999999999984,0.011500000000000003,12948.103295085451,7768.8619770512705
0.0064999999999999988,0.011500000000000003,12398.829451877227,7439.2976711263364
0.0069999999999999993,0.011500000000000003,11718.493973309445,7031.0963839856668
0.0074999999999999997,0.011500000000000003,10918.460990443114,6551.0765942658682
0.0080000000000000002,0.011500000000000003,10022.273188903422,6013.3639133420529
0.0085000000000000006,0.011500000000000003,9061.8316195423631,5437.0989717254179
0.0090000000000000011,0.011500000000000003,8072.6519049323642,4843.591142959418
0.0095000000000000015,0.011500000000000003,7089.234914496802,4253.5409486980807
0.010000000000000002,0.011500000000000003,6141.395174581512,3684.8371047489072
0.010500000000000002,0.011500000000000003,5252.0300931010343,3151.2180558606206
0.011000000000000003,0.011500000000000003,4436.407796997406,2661.8446781984435
0.011500000000000003,0.011500000000000003,3702.7130575333726,2221.6278345200235
0.012000000000000004,0.011500000000000003,3053.3920970871218,1832.035258252273
0.012499999999999997,0.011500000000000003,2486.7974654547861,1492.0784792728716
0.013000000000000005,0.011500000000000003,1998.7248855952801,1199.2349313571681
0.013499999999999998,0.011500000000000003,1583.596986764546,950.15819205872754
0.014000000000000005,0.011500000000000003,1235.2208212337889,741.13249274027328
0.014499999999999999,0.011500000000000003,947.17836025368399,568.30701615221039
0.014999999999999999,0.011500000000000003,712.97837177805161,427.78702306683095
0.0155,0.011500000000000003,526.10590932716502,315.663545596299
0.016000000000000007,0.011500000000000003,380.07101185635133,228.04260711381079
0.016500000000000001,0.011500000000000003,268.50626707650093,161.10376024590056
0.017000000000000001,0.011500000000000003,185.31538122520695,111.18922873512416
0.017500000000000002,0.011500000000000003,124.84470556177445,74.906823337064665
0.017999999999999995,0.011500000000000003,82.039894804925126,49.223936882955073
0.018500000000000003,0.011500000000000003,52.556313511144324,31.533788106686593
0.019000000000000003,0.011500000000000003,32.806855871474973,19.684113522884982
0.019500000000000003,0.011500000000000003,19.947049309425417,11.96822958565525
0.019999999999999997,0.011500000000000003,11.809571448427711,7.0857428690566264
0.020499999999999997,0.011500000000000003,6.8065167303749519,4.0839100382249711
0.021000000000000005,0.011500000000000003,3.8182697481982775,2.2909618489189665
0.021500000000000005,0.011500000000000003,2.0844540190159409,1.2506724114095644
0.021999999999999999,0.011500000000000003,1.1072588779316777,0.66435532675900655
0.022499999999999999,0.011500000000000003,0.57226269252665696,0.34335761551599414
0.023000000000000007,0.011500000000000003,0.28773867144999671,0.17264320286999801
0.023500000000000007,0.011500000000000003,0.14074458813280069,0.084446752879680412
0.024,0.011500000000000003,0.066969261667612134,0.040181557000567282
0.024500000000000001,0.011500000000000003,0.030996572961495775,0.018597943776897465
0.025000000000000001,0.011500000000000003,0.013955123106596733,0.0083730738639580388
-0.025000000000000001,0.012000000000000004,0.010438456030430737,0.0062630736182584419
-0.024500000000000001,0.012000000000000004,0.023131541306683059,0.013878924784009835
-0.024,0.012000000000000004,0.049871721369558988,0.02992303282173539
-0.0235,0.012000000000000004,0.10461509273600277,0.062769055641601651
-0.023,0.012000000000000004,0.21351979336503485,0.12811187601902091
-0.022500000000000003,0.012000000000000004,0.42403858878418654,0.2544231532705119
-0.022000000000000002,0.012000000000000004,0.81945130716930503,0.49167078430158301
-0.021500000000000002,0.012000000000000004,1.5410892965892331,0.92465357795353986
-0.021000000000000001,0.012000000000000004,2.8207669394109125,1.6924601636465475
-0.020500000000000001,0.012000000000000004,5.0257809064001062,3.0154685438400635
-0.02,0.012000000000000004,8.7179991572641171,5.2307994943584699
-0.0195,0.012000000000000004,14.726819409294215,8.8360916455765288
-0.019,0.012000000000000004,24.233094554929423,14.539856732957652
-0.018500000000000003,0.012000000000000004,38.857805854401732,23.314683512641039
-0.018000000000000002,0.012000000000000004,60.746078337943274,36.447647002765962
-0.017500000000000002,0.012000000000000004,92.635276691903968,55.581166015142379
-0.017000000000000001,0.012000000000000004,137.89676155688582,82.738056934131492
-0.016500000000000001,0.012000000000000004,200.54540231759981,120.32724139055988
-0.016,0.012000000000000004,285.2189518459129,171.13137110754772
-0.0155,0.012000000000000004,397.13884044787346,238.28330426872407
-0.015000000000000001,0.012000000000000004,542.07069114785168,325.24241468871099
-0.014500000000000001,0.012000000000000004,726.30136241699984,435.78081745019989
-0.014,0.012000000000000004,956.6345775589665,573.98074653537992
-0.0135,0.012000000000000004,1240.3775855825438,744.22655134952629
-0.012999999999999999,0.012000000000000004,1585.2515288927568,951.15091733565407
-0.012500000000000001,0.012000000000000004,1999.1208562178099,1199.4725137306859
-0.012,0.012000000000000004,2489.4212863282887,1493.6527717969732
-0.0115,0.012000000000000004,3062.191854090062,1837.315112454037
-0.010999999999999999,0.012000000000000004,3720.6976818079115,2232.418609084747
-0.010499999999999999,0.012000000000000004,4463.7632408958634,2678.2579445375181
-0.010000000000000002,0.012000000000000004,5284.0955749051273,3170.4573449430764
-0.0095000000000000015,0.012000000000000004,6167.0165309866097,3700.2099185919656
-0.0090000000000000011,0.012000000000000004,7090.084888604878,4254.0509331629264
-0.0085000000000000006,0.012000000000000004,8024.0233879708303,4814.414032782498
-0.0080000000000000002,0.012000000000000004,8935.1510689452334,5361.0906413671401
-0.0074999999999999997,0.012000000000000004,9789.1824223886906,5873.5094534332138
-0.0069999999999999993,0.012000000000000004,10555.864770154394,6333.5188620926365
-0.0064999999999999988,0.012000000000000004,11213.591944058819,6728.155166435291
-0.0059999999999999984,0.012000000000000004,11752.968789395931,7051.7812736375581
-0.0054999999999999979,0.012000000000000004,12178.388384000245,7307.0330304001473
-0.005000000000000001,0.012000000000000004,12507.039101545466,7504.2234609272791
-0.0044999999999999971,0.012000000000000004,12765.319474889664,7659.1916849337977
-0.0040000000000000001,0.012000000000000004,12983.273031828056,7789.9638190968326
-0.0035000000000000031,0.012000000000000004,13188.193838520954,7912.9163031125718
-0.0029999999999999992,0.012000000000000004,13398.838382229607,8039.3030293377642
-0.0025000000000000022,0.012000000000000004,13621.611887721932,8172.9671326331591
-0.0019999999999999983,0.012000000000000004,13849.6709988731,8309.8025993238589
-0.0015000000000000013,0.012000000000000004,14065.193779549871,8439.1162677299217
-0.00099999999999999742,0.012000000000000004,14244.284275657923,8546.5705653947534
-0.00050000000000000044,0.012000000000000004,14363.30741756524,8617.9844505391429
0,0.012000000000000004,14405.072394171368,8643.0434365028195
0.00050000000000000044,0.012000000000000004,14363.305741357733,8617.9834448146394
0.0010000000000000009,0.012000000000000004,14244.280318617684,8546.5681911706106
0.0015000000000000013,0.012000000000000004,14065.186193974063,8439.1117163844374
0.0020000000000000018,0.012000000000000004,13849.657408811339,8309.7944452868032
0.0024999999999999988,0.012000000000000004,13621.588444729097,8172.9530668374582
0.0030000000000000027,0.012000000000000004,13398.799153928578,8039.2794923571464
0.0034999999999999996,0.012000000000000004,13188.130038300207,7912.8780229801241
0.0040000000000000036,0.012000000000000004,12983.172129287579,7789.9032775725473
0.0045000000000000005,0.012000000000000004,12765.164272838199,7659.0985637029189
0.0049999999999999975,0.012000000000000004,12506.806922196654,7504.0841533179919
0.0055000000000000014,0.012000000000000004,12178.050564638159,7306.8303387828955
0.0059999999999999984,0.012000000000000004,11752.490730538542,7051.494438323125
0.0064999999999999988,0.012000000000000004,11212.933961526178,6727.7603769157067
0.0069999999999999993,0.012000000000000004,10554.983957393331,6332.990374435999
0.0074999999999999997,0.012000000000000004,9788.03561867996,5872.821371207976
0.0080000000000000002,0.012000000000000004,8933.6988542000017,5360.219312520001
0.0085000000000000006,0.012000000000000004,8022.2348059561245,4813.3408835736745
0.0090000000000000011,0.012000000000000004,7087.9423772077398,4252.7654263246441
0.0095000000000000015,0.012000000000000004,6164.5203637032637,3698.7122182219582
0.010000000000000002,0.012000000000000004,5281.2670468093875,3168.7602280856322
0.010500000000000002,0.012000000000000004,4460.6459052071814,2676.3875431243086
0.011000000000000003,0.012000000000000004,3717.3561706889086,2230.4137024133452
0.011500000000000003,0.012000000000000004,3058.7081720142864,1835.2249032085717
0.012000000000000004,0.012000000000000004,2485.8888822149656,1491.5333293289793
0.012499999999999997,0.012000000000000004,1995.6371741420407,1197.3823044852245
0.013000000000000005,0.012000000000000004,1581.9100177737516,949.14601066425098
0.013499999999999998,0.012000000000000004,1237.2602498938609,742.35614993631646
0.014000000000000005,0.012000000000000004,953.80604946321012,572.283629677926
0.014499999999999999,0.012000000000000004,723.80519513362401,434.28311708017441
0.014999999999999999,0.012000000000000004,539.92817975062712,323.95690785037624
0.0155,0.012000000000000004,395.35025843290379,237.21015505974225
0.016000000000000007,0.012000000000000004,283.76673709988631,170.26004225993179
0.016500000000000001,0.012000000000000004,199.39859860650267,119.6391591639016
0.017000000000000001,0.012000000000000004,137.01594878893474,82.209569273360842
0.017500000000000002,0.012000000000000004,91.977294139747613,55.186376483848569
0.017999999999999995,0.012000000000000004,60.268019426760908,36.160811656056545
0.018500000000000003,0.012000000000000004,38.519986348099906,23.111991808859944
0.019000000000000003,0.012000000000000004,24.000914830081648,14.400548898048989
0.019500000000000003,0.012000000000000004,14.571616404236046,8.742969842541628
0.019999999999999997,0.012000000000000004,8.6170942647936588,5.1702565588761953
0.020499999999999997,0.012000000000000004,4.9619750434970813,2.9771850260982489
0.021000000000000005,0.012000000000000004,2.7815254743443178,1.6689152846065907
0.021500000000000005,0.012000000000000004,1.5176164314009932,0.91056985884059594
0.021999999999999999,0.012000000000000004,0.8057953149668553,0.48347718898011316
0.022499999999999999,0.012000000000000004,0.41631148616046099,0.24978689169627658
0.023000000000000007,0.012000000000000004,0.20926727336743625,0.12556036402046175
0.023500000000000007,0.012000000000000004,0.10233888280728283,0.061403329684369692
0.024,0.012000000000000004,0.048686731802889946,0.029212039081733965
0.024500000000000001,0.012000000000000004,0.022531538883722127,0.013518923330233275
0.025000000000000001,0.012000000000000004,0.010142976264603762,0.0060857857587622568
-0.025000000000000001,0.012499999999999997,0.0073205994482829955,0.0043923596689697973
-0.024500000000000001,0.012499999999999997,0.016235512003339836,0.0097413072020039009
-0.024,0.012499999999999997,0.035031509677443812,0.021018905806466287
-0.0235,0.012499999999999997,0.073542803926677183,0.044125682356006307
-0.023,0.012499999999999997,0.15022107028157897,0.090132642168947383
-0.022500000000000003,0.012499999999999997,0.29857888407216254,0.17914733044329753
-0.022000000000000002,0.012499999999999997,0.57751371567901155,0.34650822940740694
-0.021500000000000002,0.012499999999999997,1.0871496332612114,0.65228977995672677
-0.021000000000000001,0.012499999999999997,1.9920637132224432,1.1952382279334659
-0.020500000000000001,0.012499999999999997,3.5537327193260184,2.1322396315956111
-0.02,0.012499999999999997,6.1735724448871139,3.7041434669322681
-0.0195,0.012499999999999997,10.446914629024407,6.2681487774146438
-0.019,0.012499999999999997,17.22667073408655,10.33600244045193
-0.018500000000000003,0.012499999999999997,27.693494949226032,16.616096969535619
-0.018000000000000002,0.012499999999999997,43.427502459395839,26.056501475637504
-0.017500000000000002,0.012499999999999997,66.475796470612366,39.885477882367418
-0.017000000000000001,0.012499999999999997,99.411012493168442,59.646607495901065
-0.016500000000000001,0.012499999999999997,145.37921541338159,87.227529248028944
-0.016,0.012499999999999997,208.14026763642244,124.88416058185345
-0.0155,0.012499999999999997,292.10832797998023,175.26499678798814
-0.015000000000000001,0.012499999999999997,402.40113154715783,241.44067892829469
-0.014500000000000001,0.012499999999999997,544.90013904870773,326.94008342922461
-0.014,0.012499999999999997,726.30645942089154,435.7838756525349
-0.0135,0.012499999999999997,954.14978120550734,572.48986872330443
-0.012999999999999999,0.012499999999999997,1236.6749133055343,742.00494798332056
-0.012500000000000001,0.012499999999999997,1582.504701037893,949.50282062273573
-0.012,0.012499999999999997,1999.9754261376495,1199.9852556825897
-0.0115,0.012499999999999997,2496.0775525265026,1497.6465315159014
-0.010999999999999999,0.012499999999999997,3075.0196968194896,1845.0118180916936
-0.010499999999999999,0.012499999999999997,3736.5609078859857,2241.9365447315913
-0.010000000000000002,0.012499999999999997,4474.4001766143983,2684.6401059686391
-0.0095000000000000015,0.012499999999999997,5275.0292987895873,3165.0175792737523
-0.0090000000000000011,0.012499999999999997,6117.4946347981595,3670.4967808788956
-0.0085000000000000006,0.012499999999999997,6974.4325638876635,4184.6595383325975
-0.0080000000000000002,0.012499999999999997,7814.5276768533804,4688.7166061120279
-0.0074999999999999997,0.012499999999999997,8606.2186136330674,5163.7311681798401
-0.0069999999999999993,0.012499999999999997,9322.1141754595665,5593.2685052757397
-0.0064999999999999988,0.012499999999999997,9943.2823940263934,5965.9694364158358
-0.0059999999999999984,0.012499999999999997,10462.44099073594,6277.4645944415643
-0.0054999999999999979,0.012499999999999997,10885.181507700014,6531.1089046200077
-0.005000000000000001,0.012499999999999997,11228.713512377521,6737.228107426512
-0.0044999999999999971,0.012499999999999997,11518.158044172525,6910.8948265035151
-0.0040000000000000001,0.012499999999999997,11781.024354877534,7068.6146129265207
-0.0035000000000000031,0.012499999999999997,12041.010493005606,7224.6062958033635
-0.0029999999999999992,0.012499999999999997,12312.526840032333,7387.5161040193998
-0.0025000000000000022,0.012499999999999997,12597.259317485361,7558.3555904912164
-0.0019999999999999983,0.012499999999999997,12883.661134492117,7730.1966806952696
-0.0015000000000000013,0.012499999999999997,13149.580203287207,7889.748121972324
-0.00099999999999999742,0.012499999999999997,13367.46101519741,8020.4766091184456
-0.00050000000000000044,0.012499999999999997,13510.904412234446,8106.5426473406669
0,0.012499999999999997,13561.003504085675,8136.6021024514048
0.00050000000000000044,0.012499999999999997,13510.903563510885,8106.5421381065307
0.0010000000000000009,0.012499999999999997,13367.459011606999,8020.4754069641995
0.0015000000000000013,0.012499999999999997,13149.576362440004,7889.7458174640024
0.0020000000000000018,0.012499999999999997,12883.654253359813,7730.1925520158875
0.0024999999999999988,0.012499999999999997,12597.247447463129,7558.3484684778768
0.0030000000000000027,0.012499999999999997,12312.506977346336,7387.5041864078012
0.0034999999999999996,0.012499999999999997,12040.978188681491,7224.5869132088947
0.0040000000000000036,0.012499999999999997,11780.973264327476,7068.5839585964859
0.0045000000000000005,0.012499999999999997,11518.079459846091,6910.8476759076539
0.0049999999999999975,0.012499999999999997,11228.595951703765,6737.1575710222587
0.0055000000000000014,0.012499999999999997,10885.010457724995,6531.0062746349968
0.0059999999999999984,0.012499999999999997,10462.198932509591,6277.3193595057546
0.0064999999999999988,0.012499999999999997,9942.9492340349843,5965.7695404209908
0.0069999999999999993,0.012499999999999997,9321.6681885870439,5593.0009131522265
0.0074999999999999997,0.012499999999999997,8605.6379460700336,5163.3827676420196
0.0080000000000000002,0.012499999999999997,7813.7923688048504,4688.2754212829104
0.0085000000000000006,0.012499999999999997,6973.5269411103218,4184.1161646661931
0.0090000000000000011,0.012499999999999997,6116.4098049687136,3669.845882981228
0.0095000000000000015,0.012499999999999997,5273.7654003889202,3164.2592402333521
0.010000000000000002,0.012499999999999997,4472.9679920968365,2683.780795258102
0.010500000000000002,0.012499999999999997,3734.9824897977574,2240.9894938786542
0.011000000000000003,0.012499999999999997,3073.327770726512,1843.9966624359072
0.011500000000000003,0.012499999999999997,2494.3136402144582,1496.5881841286748
0.012000000000000004,0.012499999999999997,1998.1868441226795,1198.9121064736078
0.012499999999999997,0.012499999999999997,1580.7407887258544,948.44447323551253
0.013000000000000005,0.012499999999999997,1234.9829872125556,740.98979232753334
0.013499999999999998,0.012499999999999997,952.57136311727982,571.54281787036791
0.014000000000000005,0.012499999999999997,724.87427490332004,434.924564941992
0.014499999999999999,0.012499999999999997,543.63624064802332,326.18174438881397
0.014999999999999999,0.012499999999999997,401.31630171766881,240.78978103060126
0.0155,0.012499999999999997,291.202705202505,174.721623121503
0.016000000000000007,0.012499999999999997,207.40495958748738,124.44297575249243
0.016500000000000001,0.012499999999999997,144.79854784914895,86.879128709489365
0.017000000000000001,0.012499999999999997,98.9650256171564,59.379015370293835
0.017500000000000002,0.012499999999999997,66.142636469322582,39.685581881593549
0.017999999999999995,0.012499999999999997,43.185444205808288,25.911266523484972
0.018500000000000003,0.012499999999999997,27.522444901186937,16.51346694071216
0.019000000000000003,0.012499999999999997,17.109109869932549,10.26546592195953
0.019500000000000003,0.012499999999999997,10.368329819752615,6.2209978918515692
0.019999999999999997,0.012499999999999997,6.1224807039352829,3.6734884223611695
0.020499999999999997,0.012499999999999997,3.5214255383872528,2.1128553230323517
0.021000000000000005,0.012499999999999997,1.9721943618097779,1.1833166170858667
0.021500000000000005,0.012499999999999997,1.0752644855916231,0.64515869135497383
0.021999999999999999,0.012499999999999997,0.57059920044624401,0.34235952026774641
0.022499999999999999,0.012499999999999997,0.29466637680027608,0.17679982608016565
0.023000000000000007,0.012499999999999997,0.14806786794628601,0.088840720767771608
0.023500000000000007,0.012499999999999997,0.07239027776879807,0.04343416666127884
0.024,0.012499999999999997,0.034431507254482879,0.020658904352689727
0.024500000000000001,0.012499999999999997,0.015931709406519556,0.0095590256439117335
0.025000000000000001,0.012499999999999997,0.0071709875188459568,0.0043025925113075736
-0.025000000000000001,0.013000000000000005,0.0050052670590895404,0.0030031602354537242
-0.024500000000000001,0.013000000000000005,0.011107936342031366,0.0066647618052188195
-0.024,0.013000000000000005,0.023983676233813696,0.014390205740288218
-0.0235,0.013000000000000005,0.050384417724716912,0.030230650634830145
-0.023,0.013000000000000005,0.10299212482188012,0.061795274893128069
-0.022500000000000003,0.013000000000000005,0.20486951263798076,0.12292170758278845
-0.022000000000000002,0.013000000000000005,0.39661196459620768,0.23796717875772461
-0.021500000000000002,0.013000000000000005,0.74736582490246528,0.44841949494147915
-0.021000000000000001,0.013000000000000005,1.3710743301671375,0.82264459810028245
-0.020500000000000001,0.013000000000000005,2.4493581006828773,1.4696148604097263
-0.02,0.013000000000000005,4.2622313418039939,2.5573388050823964
-0.0195,0.013000000000000005,7.2273264072099384,4.3363958443259625
-0.019,0.013000000000000005,11.947465048488025,7.1684790290928149
-0.018500000000000003,0.013000000000000005,19.265440486956493,11.559264292173895
-0.018000000000000002,0.013000000000000005,30.324103396283498,18.194462037770098
-0.017500000000000002,0.013000000000000005,46.629743177976202,27.977845906785721
-0.017000000000000001,0.013000000000000005,70.117733444036688,42.070640066422008
-0.016500000000000001,0.013000000000000005,103.22151010839836,61.932906065039013
-0.016,0.013000000000000005,148.94847589671008,89.369085538026042
-0.0155,0.013000000000000005,210.9676788931466,126.58060733588795
-0.015000000000000001,0.013000000000000005,293.71148882359404,176.22689329415641
-0.014500000000000001,0.013000000000000005,402.48416364664018,241.49049818798409
-0.014,0.013000000000000005,543.55246415530723,326.13147849318432
-0.0135,0.013000000000000005,724.16855872536314,434.50113523521787
-0.012999999999999999,0.013000000000000005,952.44907891714274,571.46944735028558
-0.012500000000000001,0.013000000000000005,1237.0169486688696,742.21016920132172
-0.012,0.013000000000000005,1586.3183149924764,951.7909889954858
-0.0115,0.013000000000000005,2007.5683271332657,1204.5409962799595
-0.010999999999999999,0.013000000000000005,2505.3622764437841,1503.2173658662705
-0.010499999999999999,0.013000000000000005,3080.1050861618874,1848.0630516971323
-0.010000000000000002,0.013000000000000005,3726.5380579245589,2235.922834754735
-0.0095000000000000015,0.013000000000000005,4432.7383506963324,2659.6430104177994
-0.0090000000000000011,0.013000000000000005,5179.9895313532406,3107.9937188119443
-0.0085000000000000006,0.013000000000000005,5943.8353609699116,3566.3012165819468
-0.0080000000000000002,0.013000000000000005,6696.423608847892,4017.854165308735
-0.0074999999999999997,0.013000000000000005,7409.9488092520915,4445.9692855512549
-0.0069999999999999993,0.013000000000000005,8060.6773185787324,4836.4063911472394
-0.0064999999999999988,0.013000000000000005,8632.7754327520124,5179.6652596512076
-0.0059999999999999984,0.013000000000000005,9121.0536811295642,5472.6322086777382
-0.0054999999999999979,0.013000000000000005,9531.8509577648165,5719.1105746588901
-0.005000000000000001,0.013000000000000005,9881.6193842902521,5928.9716305741513
-0.0044999999999999971,0.013000000000000005,10193.276484516649,6115.9658907099893
-0.0040000000000000001,0.013000000000000005,10490.948513002892,6294.5691078017344
-0.0035000000000000031,0.013000000000000005,10794.190104562826,6476.514062737695
-0.0029999999999999992,0.013000000000000005,11112.993533995701,6667.7961203974201
-0.0025000000000000022,0.013000000000000005,11444.810637314902,6866.8863823889415
-0.0019999999999999983,0.013000000000000005,11774.398523524975,7064.6391141149843
-0.0015000000000000013,0.013000000000000005,12076.652627230253,7245.9915763381514
-0.00099999999999999742,0.013000000000000005,12321.864388169855,7393.1186329019129
-0.00050000000000000044,0.013000000000000005,12482.22353320283,7489.3341199216975
0,0.013000000000000005,12538.043626863031,7522.8261761178182
0.00050000000000000044,0.013000000000000005,12482.223115236788,7489.3338691420722
0.0010000000000000009,0.013000000000000005,12321.863401473132,7393.1180408838791
0.0015000000000000013,0.013000000000000005,12076.650735750169,7245.9904414501007
0.0020000000000000018,0.013000000000000005,11774.395134813052,7064.637080887831
0.0024999999999999988,0.013000000000000005,11444.804791752857,6866.8828750517141
0.0030000000000000027,0.013000000000000005,11112.983752332184,6667.7902513993104
0.0034999999999999996,0.013000000000000005,10794.17419583686,6476.504517502116
0.0040000000000000036,0.013000000000000005,10490.923352731548,6294.5540116389284
0.0045000000000000005,0.013000000000000005,10193.237784542305,6115.9426707253833
0.0049999999999999975,0.013000000000000005,9881.561489856791,5928.9368939140741
0.0055000000000000014,0.013000000000000005,9531.7667217607068,5719.0600330564239
0.0059999999999999984,0.013000000000000005,9120.9344760975473,5472.5606856585282
0.0064999999999999988,0.013000000000000005,8632.6113633541609,5179.5668180124967
0.0069999999999999993,0.013000000000000005,8060.4576859712415,4836.2746115827449
0.0074999999999999997,0.013000000000000005,7409.6628512142861,4445.7977107285715
0.0080000000000000002,0.013000000000000005,6696.0614958935521,4017.6368975361311
0.0085000000000000006,0.013000000000000005,5943.3893740939675,3566.0336244563805
0.0090000000000000011,0.013000000000000005,5179.4552914040351,3107.6731748424208
0.0095000000000000015,0.013000000000000005,4432.1159258707557,2659.2695555224532
0.010000000000000002,0.013000000000000005,3725.8327581962985,2235.499654917779
0.010500000000000002,0.013000000000000005,3079.3277716224134,1847.596662973448
0.011000000000000003,0.013000000000000005,2504.5290632656061,1502.7174379593637
0.011500000000000003,0.013000000000000005,2006.6996633129927,1204.0197979877955
0.012000000000000004,0.013000000000000005,1585.4375022245254,951.26250133471513
0.012499999999999997,0.013000000000000005,1236.1482848486016,741.68897090916096
0.013000000000000005,0.013000000000000005,951.6158657389642,570.96951944337854
0.013499999999999998,0.013000000000000005,723.39124418589086,434.03474651153448
0.014000000000000005,0.013000000000000005,542.84716442704132,325.70829865622477
0.014499999999999999,0.013000000000000005,401.86173882105356,241.11704329263213
0.014999999999999999,0.013000000000000005,293.177248874366,175.90634932461958
0.0155,0.013000000000000005,210.52169201713474,126.31301521028084
0.016000000000000007,0.013000000000000005,148.5863629421691,89.151817765301459
0.016500000000000001,0.013000000000000005,102.93555207000236,61.761331242001411
0.017000000000000001,0.013000000000000005,69.898100834828867,41.93886050089732
0.017500000000000002,0.013000000000000005,46.465673775259113,27.879404265155468
0.017999999999999995,0.013000000000000005,30.204898350854609,18.122939010512766
0.018500000000000003,0.013000000000000005,19.181204446892078,11.508722668135247
0.019000000000000003,0.013000000000000005,11.889570521263913,7.1337423127583479
0.019500000000000003,0.013000000000000005,7.1886261950898005,4.3131757170538805
0.019999999999999997,0.013000000000000005,4.2370704839900561,2.5422422903940336
0.020499999999999997,0.013000000000000005,2.43344796783507,1.460068780701042
0.021000000000000005,0.013000000000000005,1.3612893841771216,0.81677363050627294
0.021500000000000005,0.013000000000000005,0.74151281412144443,0.44490768847286666
0.021999999999999999,0.013000000000000005,0.39320681277748193,0.23592408766648915
0.022499999999999999,0.013000000000000005,0.20294274253130623,0.12176564551878373
0.023000000000000007,0.013000000000000005,0.10193174956760875,0.061159049740565248
0.023500000000000007,0.013000000000000005,0.049816839751349568,0.02989010385080974
0.024,0.013000000000000005,0.02368819646798672,0.014212917880792032
0.024500000000000001,0.013000000000000005,0.010958324412594329,0.0065749946475565967
0.025000000000000001,0.013000000000000005,0.0049315885268315859,0.0029589531160989515
-0.025000000000000001,0.013499999999999998,0.003334461822442597,0.002000677093465558
-0.024500000000000001,0.013499999999999998,0.0074042339943320348,0.0044425403965992205
-0.024,0.013499999999999998,0.015996455053858636,0.0095978730323151816
-0.0235,0.013499999999999998,0.033626874629900154,0.020176124777940091
-0.023,0.013499999999999998,0.068787154881334897,0.041272292928800934
-0.022500000000000003,0.013499999999999998,0.13694195626034669,0.082165173756208007
-0.022000000000000002,0.013499999999999998,0.26536180259902775,0.15921708155941663
-0.021500000000000002,0.013499999999999998,0.50060468075018016,0.3003628084501081
-0.021000000000000001,0.013499999999999998,0.91962265001363119,0.55177359000817872
-0.020500000000000001,0.013499999999999998,1.6455572461327892,0.98733434767967343
-0.02,0.013499999999999998,2.8692454620776915,1.7215472772466149
-0.0195,0.013499999999999998,4.8772559253147998,2.92635355518888
-0.019,0.013499999999999998,8.0869406989895314,4.852164419393719
-0.018500000000000003,0.013499999999999998,13.088641674074893,7.8531850044449349
-0.018000000000000002,0.013499999999999998,20.695047946948698,12.417028768169219
-0.017500000000000002,0.013499999999999998,31.998018122888595,19.198810873733155
-0.017000000000000001,0.013499999999999998,48.434111661709707,29.060466997025824
-0.016500000000000001,0.013499999999999998,71.861438132191779,43.116862879315065
-0.016,0.013499999999999998,104.65147607729284,62.790885646375699
-0.0155,0.013499999999999998,149.79876344593166,89.879258067558993
-0.015000000000000001,0.013499999999999998,211.04679452282764,126.62807671369657
-0.014500000000000001,0.013499999999999998,293.01811585729843,175.81086951437905
-0.014,0.013499999999999998,401.31971674399364,240.79183004639617
-0.0135,0.013499999999999998,542.57314060207557,325.54388436124532
-0.012999999999999999,0.013499999999999998,724.29776595684325,434.57865957410593
-0.012500000000000001,0.013499999999999998,954.56466550041932,572.73879930025157
-0.012,0.013499999999999998,1241.3487421499863,744.80924528999174
-0.0115,0.013499999999999998,1591.5483672740054,954.92902036440319
-0.010999999999999999,0.013499999999999998,2009.7178677612151,1205.830720656729
-0.010499999999999999,0.013499999999999998,2496.6608379563768,1497.996502773826
-0.010000000000000002,0.013499999999999998,3048.1393976552995,1828.8836385931797
-0.0095000000000000015,0.013499999999999998,3654.0324722357559,2192.4194833414535
-0.0090000000000000011,0.013499999999999998,4298.2873872990131,2578.9724323794076
-0.0085000000000000006,0.013499999999999998,4959.9246261932385,2975.954775715943
-0.0080000000000000002,0.013499999999999998,5615.1687941219134,3369.1012764731481
-0.0074999999999999997,0.013499999999999998,6240.5148189021584,3744.3088913412948
-0.0069999999999999993,0.013499999999999998,6816.2549007238749,4089.752940434325
-0.0064999999999999988,0.013499999999999998,7329.768045726023,4397.8608274356138
-0.0059999999999999984,0.013499999999999998,7777.7898967315032,4666.6739380389017
-0.0054999999999999979,0.013499999999999998,8166.990006225531,4900.1940037353188
-0.005000000000000001,0.013499999999999998,8512.4924503565999,5107.4954702139594
-0.0044999999999999971,0.013499999999999998,8834.4308681375569,5300.6585208825336
-0.0040000000000000001,0.013499999999999998,9153.1261486338699,5491.8756891803214
-0.0035000000000000031,0.013499999999999998,9483.8825953121795,5690.3295571873077
-0.0029999999999999992,0.013499999999999998,9832.594122642533,5899.5564735855196
-0.0025000000000000022,0.013499999999999998,10193.260013796313,6115.9560082777871
-0.0019999999999999983,0.013499999999999998,10548.12748343981,6328.8764900638862
-0.0015000000000000013,0.013499999999999998,10870.583833004684,6522.3502998028107
-0.00099999999999999742,0.013499999999999998,11130.256913373691,6678.154148024214
-0.00050000000000000044,0.013499999999999998,11299.219766279237,6779.5318597675423
0,0.013499999999999998,11357.886235449889,6814.7317412699331
0.00050000000000000044,0.013499999999999998,11299.219566084796,6779.5317396508772
0.0010000000000000009,0.013499999999999998,11130.256440772626,6678.1538644635757
0.0015000000000000013,0.013499999999999998,10870.582927036849,6522.3497562221091
0.0020000000000000018,0.013499999999999998,10548.12586033839,6328.8755162030338
0.0024999999999999988,0.013499999999999998,10193.257213930094,6115.954328358056
0.0030000000000000027,0.013499999999999998,9832.5894374900963,5899.5536624940578
0.0034999999999999996,0.013499999999999998,9483.8749754624387,5690.3249852774634
0.0040000000000000036,0.013499999999999998,9153.1140975439484,5491.8684585263691
0.0045000000000000005,0.013499999999999998,8834.4123318958646,5300.6473991375187
0.0049999999999999975,0.013499999999999998,8512.4647204878002,5107.4788322926797
0.0055000000000000014,0.013499999999999998,8166.9496594563734,4900.1697956738235
0.0059999999999999984,0.013499999999999998,7777.7328007431579,4666.6396804458946
0.0064999999999999988,0.013499999999999998,7329.6894609190822,4397.8136765514491
0.0069999999999999993,0.013499999999999998,6816.1497026413335,4089.6898215848
0.0074999999999999997,0.013499999999999998,6240.3778527312061,3744.2267116387234
0.0080000000000000002,0.013499999999999998,5614.9953518043312,3368.9972110825988
0.0085000000000000006,0.013499999999999998,4959.7110105342354,2975.826606320541
0.0090000000000000011,0.013499999999999998,4298.0315008033103,2578.818900481986
0.0095000000000000015,0.013499999999999998,3653.7343475678185,2192.240608540691
0.010000000000000002,0.013499999999999998,3047.8015781490026,1828.6809468894014
0.010500000000000002,0.013499999999999998,2496.288525301994,1497.7731151811963
0.011000000000000003,0.013499999999999998,2009.3187811697762,1205.5912687018656
0.011500000000000003,0.013499999999999998,1591.1323007831977,954.67938046991856
0.012000000000000004,0.013499999999999998,1240.9268566416147,744.55611398496876
0.012499999999999997,0.013499999999999998,954.1485990096154,572.48915940576921
0.013000000000000005,0.013499999999999998,723.89867936540338,434.33920761924202
0.013499999999999998,0.013499999999999998,542.2008279476936,325.32049676861612
0.014000000000000005,0.013499999999999998,400.9818972376911,240.58913834261466
0.014499999999999999,0.013499999999999998,292.71999118935508,175.63199471361304
0.014999999999999999,0.013499999999999998,210.79090802711227,126.47454481626735
0.0155,0.013499999999999998,149.5851477868955,89.7510886721373
0.016000000000000007,0.013499999999999998,104.47803375961387,62.686820255768318
0.016500000000000001,0.013499999999999998,71.724471960956194,43.034683176573715
0.017000000000000001,0.013499999999999998,48.328913578346103,28.99734814700766
0.017500000000000002,0.013499999999999998,31.919433313616857,19.151659988170113
0.017999999999999995,0.013499999999999998,20.637951952179904,12.382771171307942
0.018500000000000003,0.013499999999999998,13.048294887698871,7.8289769326193221
0.019000000000000003,0.013499999999999998,8.0592107852795962,4.8355264711677579
0.019500000000000003,0.013499999999999998,4.8587195697367767,2.9152317418420659
0.019999999999999997,0.013499999999999998,2.8571940912573139,1.7143164547543883
0.020499999999999997,0.013499999999999998,1.6379367225334649,0.98276203352007885
0.021000000000000005,0.013499999999999998,0.91493592536159141,0.54896155521695478
0.021500000000000005,0.013499999999999998,0.4978012467870222,0.29868074807221329
0.021999999999999999,0.013499999999999998,0.26373082691566307,0.15823849614939783
0.022499999999999999,0.013499999999999998,0.13601908545789415,0.081611451274736485
0.023000000000000007,0.013499999999999998,0.068279263795407663,0.040967558277244596
0.023500000000000007,0.013499999999999998,0.033355020121714762,0.020013012073028857
0.024,0.013499999999999998,0.015854928232546261,0.0095129569395277554
0.024500000000000001,0.013499999999999998,0.0073325739239905856,0.0043995443543943516
0.025000000000000001,0.013499999999999998,0.003299171796947126,0.0019795030781682753
-0.025000000000000001,0.014000000000000005,0.0021635461314546004,0.0012981276788727601
-0.024500000000000001,0.014000000000000005,0.004806752377920759,0.0028840514267524553
-0.024,0.014000000000000005,0.010390825410994932,0.0062344952465969586
-0.0235,0.014000000000000005,0.021857503289748163,0.013114501973848898
-0.023,0.014000000000000005,0.044745979655310422,0.026847587793186252
-0.022500000000000003,0.014000000000000005,0.089161071154275351,0.053496642692565211
-0.022000000000000002,0.014000000000000005,0.17296039059303236,0.10377623435581941
-0.021500000000000002,0.014000000000000005,0.326717333501925,0.19603040010115499
-0.021000000000000001,0.014000000000000005,0.60114949645505378,0.36068969787303223
-0.020500000000000001,0.014000000000000005,1.07780614574342,0.64668368744605198
-0.02,0.014000000000000005,1.8838601084129869,1.1303160650477921
-0.0195,0.014000000000000005,3.2118432056806352,1.9271059234083809
-0.019,0.014000000000000005,5.345132432191944,3.2070794593151661
-0.018500000000000003,0.014000000000000005,8.6900218004156731,5.214013080249404
-0.018000000000000002,0.014000000000000005,13.815431891830945,8.2892591350985665
-0.017500000000000002,0.014000000000000005,21.501836427576404,12.901101856545841
-0.017000000000000001,0.014000000000000005,32.801821038707224,19.681092623224334
-0.016500000000000001,0.014000000000000005,49.115546756980564,29.469328054188338
-0.016,0.014000000000000005,72.284536189938848,43.370721713963306
-0.0155,0.014000000000000005,104.7053992322067,62.823239539324021
-0.015000000000000001,0.014000000000000005,149.4598172344258,89.675890340655471
-0.014500000000000001,0.014000000000000005,210.44698249542668,126.268189497256
-0.014,0.014000000000000005,292.48953360911167,175.49372016546701
-0.0135,0.014000000000000005,401.36579830199503,240.81947898119699
-0.012999999999999999,0.014000000000000005,543.70477273619701,326.22286364171822
-0.012500000000000001,0.014000000000000005,726.67352977676705,436.0041178660602
-0.012,0.014000000000000005,957.39886348250423,574.43931808950254
-0.0115,0.014000000000000005,1242.10351020505,745.26210612302998
-0.010999999999999999,0.014000000000000005,1585.0040677779302,951.00244066675805
-0.010499999999999999,0.014000000000000005,1987.1049987453225,1192.2629992471934
-0.010000000000000002,0.014000000000000005,2445.1117243983495,1467.0670346390095
-0.0095000000000000015,0.014000000000000005,2950.7473770760603,1770.448426245636
-0.0090000000000000011,0.014000000000000005,3490.7612715210089,2094.4567629126054
-0.0085000000000000006,0.014000000000000005,4047.8393675360135,2428.7036205216082
-0.0080000000000000002,0.014000000000000005,4602.4636934622231,2761.4782160773339
-0.0074999999999999997,0.014000000000000005,5135.5414375909986,3081.3248625545989
-0.0069999999999999993,0.014000000000000005,5631.3848706377039,3378.8309223826222
-0.0064999999999999988,0.014000000000000005,6080.437897420491,3648.2627384522943
-0.0059999999999999984,0.014000000000000005,6481.0811169319604,3888.6486701591762
-0.0054999999999999979,0.014000000000000005,6839.9498506314685,4103.9699103788807
-0.005000000000000001,0.014000000000000005,7170.4724760481968,4302.2834856289182
-0.0044999999999999971,0.014000000000000005,7489.733225798941,4493.8399354793646
-0.0040000000000000001,0.014000000000000005,7814.1938233081119,4688.5162939848669
-0.0035000000000000031,0.014000000000000005,8155.158109746827,4893.0948658480957
-0.0029999999999999992,0.014000000000000005,8515.0271591575201,5109.0162954945117
-0.0025000000000000022,0.014000000000000005,8885.3034676415919,5331.1820805849547
-0.0019999999999999983,0.014000000000000005,9246.9596855043346,5548.1758113026008
-0.0015000000000000013,0.014000000000000005,9573.2586911116687,5743.9552146670012
-0.00099999999999999742,0.014000000000000005,9834.5231447644837,5900.7138868586899
-0.00050000000000000044,0.014000000000000005,10003.854927671096,6002.3129566026573
0,0.014000000000000005,10062.533215202915,6037.5199291217486
0.00050000000000000044,0.014000000000000005,10003.854834410266,6002.3129006461595
0.0010000000000000009,0.014000000000000005,9834.5229246026829,5900.7137547616094
0.0015000000000000013,0.014000000000000005,9573.2582690654126,5743.9549614392472
0.0020000000000000018,0.014000000000000005,9246.9589293804984,5548.175357628299
0.0024999999999999988,0.014000000000000005,8885.3021633203989,5331.1812979922388
0.0030000000000000027,0.014000000000000005,8515.0249765733697,5109.0149859440216
0.0034999999999999996,0.014000000000000005,8155.1545600302534,4893.0927360181522
0.0040000000000000036,0.014000000000000005,7814.1882092927317,4688.5129255756392
0.0045000000000000005,0.014000000000000005,7489.7245906674616,4493.8347544004764
0.0049999999999999975,0.014000000000000005,7170.4595580539872,4302.2757348323921
0.0055000000000000014,0.014000000000000005,6839.931055038378,4103.9586330230268
0.0059999999999999984,0.014000000000000005,6481.0545186940753,3888.6327112164449
0.0064999999999999988,0.014000000000000005,6080.4012885894708,3648.2407731536823
0.0069999999999999993,0.014000000000000005,5631.3358639788203,3378.8015183872922
0.0074999999999999997,0.014000000000000005,5135.4776317282276,3081.2865790369365
0.0080000000000000002,0.014000000000000005,4602.3828951407295,2761.4297370844374
0.0085000000000000006,0.014000000000000005,4047.7398544129614,2428.6439126477767
0.0090000000000000011,0.014000000000000005,3490.6420664755856,2094.3852398853514
0.0095000000000000015,0.014000000000000005,2950.6084953250488,1770.3650971950292
0.010000000000000002,0.014000000000000005,2444.954350757032,1466.9726104542192
0.010500000000000002,0.014000000000000005,1986.9315564276433,1192.1589338565859
0.011000000000000003,0.014000000000000005,1584.8181527880452,950.89089167282702
0.011500000000000003,0.014000000000000005,1241.9096851077168,745.14581106463004
0.012000000000000004,0.014000000000000005,957.20232758853024,574.32139655311812
0.012499999999999997,0.014000000000000005,726.47970467943719,435.8878228076623
0.013000000000000005,0.014000000000000005,543.51885774631205,326.1113146477872
0.013499999999999998,0.014000000000000005,401.19235598431766,240.71541359059057
0.014000000000000005,0.014000000000000005,292.33215996779086,175.39929598067451
0.014499999999999999,0.014000000000000005,210.30810074441365,126.18486044664819
0.014999999999999999,0.014000000000000005,149.34061218899706,89.604367313398228
0.0155,0.014000000000000005,104.60588610913818,62.763531665482908
0.016000000000000007,0.014000000000000005,72.203737868400125,43.322242721040077
0.016500000000000001,0.014000000000000005,49.051740894077554,29.431044536446532
0.017000000000000001,0.014000000000000005,32.752814379440885,19.65168862766453
0.017500000000000002,0.014000000000000005,21.465227595472683,12.87913655728361
0.017999999999999995,0.014000000000000005,13.788833650953945,8.2733001905723675
0.018500000000000003,0.014000000000000005,8.6712261993058313,5.2027357195834982
0.019000000000000003,0.014000000000000005,5.3322144170606993,3.1993286502364193
0.019500000000000003,0.014000000000000005,3.2032080211524843,1.9219248126914905
0.019999999999999997,0.014000000000000005,1.8782459621794954,1.1269475773076971
0.020499999999999997,0.014000000000000005,1.0742561152531083,0.64455366915186496
0.021000000000000005,0.014000000000000005,0.59896617988925716,0.35937970793355428
0.021500000000000005,0.014000000000000005,0.32541135026900481,0.19524681016140288
0.021999999999999999,0.014000000000000005,0.17220059852239072,0.10332035911343443
0.022499999999999999,0.014000000000000005,0.088731150631804021,0.05323869037908241
0.023000000000000007,0.014000000000000005,0.044509377955007187,0.026705626773004313
0.023500000000000007,0.014000000000000005,0.021730859525653897,0.013038515715392338
0.024,0.014000000000000005,0.010324894963525339,0.0061949369781152033
0.024500000000000001,0.014000000000000005,0.004773369444145358,0.0028640216664872148
0.025000000000000001,0.014000000000000005,0.0021471062287523822,0.0012882637372514294
-0.025000000000000001,0.014499999999999999,0.0013668836643551646,0.0008201301986130987
-0.024500000000000001,0.014499999999999999,0.0030384356515214613,0.0018230613909128767
-0.024,0.014499999999999999,0.0065722807533628511,0.0039433684520177106
-0.0235,0.014499999999999999,0.013835055497453803,0.0083010332984722809
-0.023,0.014499999999999999,0.028347165003974349,0.017008299002384607
-0.022500000000000003,0.014499999999999999,0.056543795475536396,0.033926277285321833
-0.022000000000000002,0.014499999999999999,0.10982752553987425,0.065896515323924543
-0.021500000000000002,0.014499999999999999,0.20778743369403782,0.12467246021642268
-0.021000000000000001,0.014499999999999999,0.38306501425820566,0.2298390085549234
-0.020500000000000001,0.014499999999999999,0.68845091291076921,0.41307054774646151
-0.02,0.014499999999999999,1.206892927371211,0.72413575642272654
-0.0195,0.014499999999999999,2.0651927046466239,1.2391156227879743
-0.019,0.014499999999999999,3.4522979353521448,2.0713787612112866
-0.018500000000000003,0.014499999999999999,5.6433185922343343,3.3859911553406006
-0.018000000000000002,0.014499999999999999,9.0307833335844396,5.4184700001506636
-0.017500000000000002,0.014499999999999999,14.165245022454139,8.4991470134724825
-0.017000000000000001,0.014499999999999999,21.8080602312283,13.08483613873698
-0.016500000000000001,0.014499999999999999,32.999686868538937,19.799812121123363
-0.016,0.014499999999999999,49.146508201887194,29.487904921132316
-0.0155,0.014499999999999999,72.126995433367583,43.276197260020545
-0.015000000000000001,0.014499999999999999,104.41279622731579,62.647677736389475
-0.014500000000000001,0.014499999999999999,149.19120125723242,89.51472075433945
-0.014,0.014499999999999999,210.4625029564414,126.27750177386483
-0.0135,0.014499999999999999,293.07091093469666,175.84254656081799
-0.012999999999999999,0.014499999999999999,402.61514235565073,241.56908541339044
-0.012500000000000001,0.014499999999999999,545.18093996639516,327.10856397983707
-0.012,0.014499999999999999,726.84985525240938,436.1099131514456
-0.0115,0.014499999999999999,952.97235677383492,571.78341406430093
-0.010999999999999999,0.014499999999999999,1227.2495388262969,736.34972329577806
-0.010499999999999999,0.014499999999999999,1550.7394530766128,930.44367184596763
-0.010000000000000002,0.014499999999999999,1920.9753354008901,1152.5852012405339
-0.0095000000000000015,0.014499999999999999,2331.4304907326568,1398.8582944395941
-0.0090000000000000011,0.014499999999999999,2771.5633627566367,1662.9380176539819
-0.0085000000000000006,0.014499999999999999,3227.6081030195642,1936.5648618117384
-0.0080000000000000002,0.014499999999999999,3684.1382329459811,2210.4829397675885
-0.0074999999999999997,0.014499999999999999,4126.2431522226134,2475.7458913335681
-0.0069999999999999993,0.014499999999999999,4541.9607271103605,2725.1764362662161
-0.0064999999999999988,0.014499999999999999,4924.4597417976247,2954.6758450785746
-0.0059999999999999984,0.014499999999999999,5273.4188982844507,3164.0513389706703
-0.0054999999999999979,0.014499999999999999,5595.1410159666657,3357.0846095799993
-0.005000000000000001,0.014499999999999999,5901.1745275945959,3540.7047165567574
-0.0044999999999999971,0.014499999999999999,6205.5499899131792,3723.3299939479075
-0.0040000000000000001,0.014499999999999999,6521.100915030991,3912.6605490185943
-0.0035000000000000031,0.014499999999999999,6855.6300118113204,4113.3780070867924
-0.0029999999999999992,0.014499999999999999,7208.8145423548385,4325.2887254129027
-0.0025000000000000022,0.014499999999999999,7570.6623473737664,4542.39740842426
-0.0019999999999999983,0.014499999999999999,7922.0316041062852,4753.2189624637713
-0.0015000000000000013,0.014499999999999999,8237.2711160805411,4942.3626696483243
-0.00099999999999999742,0.014499999999999999,8488.531305684126,5093.1187834104758
-0.00050000000000000044,0.014499999999999999,8650.8685946366877,5190.5211567820124
0,0.014499999999999999,8707.0338503501353,5224.2203102100812
0.00050000000000000044,0.014499999999999999,8650.8685523812273,5190.5211314287362
0.0010000000000000009,0.014499999999999999,8488.5312059312291,5093.1187235587377
0.0015000000000000013,0.014499999999999999,8237.2709248560186,4942.3625549136113
0.0020000000000000018,0.014499999999999999,7922.0312615148778,4753.2187569089265
0.0024999999999999988,0.014499999999999999,7570.661756400159,4542.3970538400954
0.0030000000000000027,0.014499999999999999,7208.8135534499279,4325.2881320699562
0.0034999999999999996,0.014499999999999999,6855.6284034737255,4113.3770420842347
0.0040000000000000036,0.014499999999999999,6521.0983713822761,3912.6590228293653
0.0045000000000000005,0.014499999999999999,6205.5460774299399,3723.327646457964
0.0049999999999999975,0.014499999999999999,5901.1686745932957,3540.7012047559774
0.0055000000000000014,0.014499999999999999,5595.1324998898608,3357.0794999339164
0.0059999999999999984,0.014499999999999999,5273.4068469149834,3164.0441081489898
0.0064999999999999988,0.014499999999999999,4924.4431547383538,2954.665892843012
0.0069999999999999993,0.014499999999999999,4541.938522731446,2725.1631136388673
0.0074999999999999997,0.014499999999999999,4126.2142424869544,2475.7285454921725
0.0080000000000000002,0.014499999999999999,3684.1016241138977,2210.4609744683385
0.0085000000000000006,0.014499999999999999,3227.5630147164334,1936.5378088298598
0.0090000000000000011,0.014499999999999999,2771.5093522597517,1662.9056113558511
0.0095000000000000015,0.014499999999999999,2331.367564936575,1398.820538961945
0.010000000000000002,0.014499999999999999,1920.9040311324013,1152.5424186794407
0.010500000000000002,0.014499999999999999,1550.6608682673404,930.39652096040425
0.011000000000000003,0.014499999999999999,1227.1653027862321,736.29918167173923
0.011500000000000003,0.014499999999999999,952.88453675095991,571.73072205057588
0.012000000000000004,0.014499999999999999,726.76080699734837,436.05648419840901
0.012499999999999997,0.014499999999999999,545.09311994352277,327.05587196611367
0.013000000000000005,0.014499999999999999,402.53090631558575,241.51854378935144
0.013499999999999998,0.014499999999999999,292.99232612542568,175.79539567525541
0.014000000000000005,0.014499999999999999,210.39119868794938,126.23471921276962
0.014499999999999999,0.014499999999999999,149.12827546114792,89.476965276688745
0.014999999999999999,0.014499999999999999,104.35878573042785,62.615271438256713
0.0155,0.014499999999999999,72.081907130230022,43.249144278138012
0.016000000000000007,0.014499999999999999,49.109899369783264,29.465939621869957
0.016500000000000001,0.014499999999999999,32.970777132819514,19.782466279691707
0.017000000000000001,0.014499999999999999,21.785855852141133,13.07151351128468
0.017500000000000002,0.014499999999999999,14.148657962692493,8.489194777615495
0.017999999999999995,0.014499999999999999,9.0187319627641109,5.4112391776584667
0.018500000000000003,0.014499999999999999,5.634802511798287,3.3808815070789722
0.019000000000000003,0.014499999999999999,3.4464449245711157,2.0678669547426693
0.019500000000000003,0.014499999999999999,2.0612801973747286,1.2367681184248371
0.019999999999999997,0.014499999999999999,1.2043492193714107,0.72260953162284636
0.020499999999999997,0.014499999999999999,0.68684243308460002,0.41210545985076003
0.021000000000000005,0.014499999999999999,0.38207577750099703,0.22924546650059821
0.021500000000000005,0.014499999999999999,0.20719570703444873,0.12431742422066923
0.021999999999999999,0.014499999999999999,0.1094832720972501,0.065689963258350054
0.022499999999999999,0.014499999999999999,0.056349003208501537,0.033809401925100922
0.023000000000000007,0.014499999999999999,0.028239963372097006,0.016943978023258203
0.023500000000000007,0.014499999999999999,0.013777674598835608,0.0082666047593013652
0.024,0.014499999999999999,0.0065424083917100103,0.003925445035026006
0.024500000000000001,0.014499999999999999,0.0030233102108632353,0.0018139861265179412
0.025000000000000001,0.014499999999999999,0.0013594349249956346,0.00081566095499738072
-0.025000000000000001,0.014999999999999999,0.00084071991715575008,0.00050443195029345001
-0.024500000000000001,0.014999999999999999,0.0018699149079438163,0.0011219489447662897
-0.024,0.014999999999999999,0.0040475084214504405,0.0024285050528702642
-0.0235,0.014999999999999999,0.0085273595296646836,0.00511641571779881
-0.023,0.014999999999999999,0.017489815263153408,0.010493889157892044
-0.022500000000000003,0.014999999999999999,0.034930456817360185,0.020958274090416111
-0.022000000000000002,0.014999999999999999,0.067952093459828403,0.040771256075897037
-0.021500000000000002,0.014999999999999999,0.12880847160720216,0.077285082964321294
-0.021000000000000001,0.014999999999999999,0.23802979845903688,0.14281787907542212
-0.020500000000000001,0.014999999999999999,0.42905369794544473,0.25743221876726685
-0.02,0.014999999999999999,0.75489449218254578,0.45293669530952746
-0.0195,0.014999999999999999,1.2975225451013883,0.77851352706083299
-0.019,0.014999999999999999,2.1808223474339976,1.3084934084603985
-0.018500000000000003,0.014999999999999999,3.5882947461168069,2.1529768476700841
-0.018000000000000002,0.014999999999999999,5.7871036795625823,3.4722622077375491
-0.017500000000000002,0.014999999999999999,9.1606362959381098,5.4963817775628661
-0.017000000000000001,0.014999999999999999,14.252333217376059,8.5513999304256352
-0.016500000000000001,0.014999999999999999,21.823847978940023,13.094308787364014
-0.016,0.014999999999999999,32.930053690545954,19.758032214327571
-0.0155,0.014999999999999999,49.011236813842437,29.40674208830546
-0.015000000000000001,0.014999999999999999,71.998137043391694,43.198882226035018
-0.014500000000000001,0.014999999999999999,104.41773382301261,62.650640293807562
-0.014,0.014999999999999999,149.47710106324121,89.686260637944727
-0.0135,0.014999999999999999,211.0909272767561,126.65455636605365
-0.012999999999999999,0.014999999999999999,293.80889044468427,176.28533426681057
-0.012500000000000001,0.014999999999999999,402.59704249075492,241.55822549445293
-0.012,0.014999999999999999,542.43830425331805,325.46298255199082
-0.0115,0.014999999999999999,717.74529811732998,430.64717887039797
-0.010999999999999999,0.014999999999999999,931.62432647781588,558.97459588668949
-0.010499999999999999,0.014999999999999999,1185.0864264113759,711.05185584682556
-0.010000000000000002,0.014999999999999999,1476.3571128318426,885.81426769910559
-0.0095000000000000015,0.014999999999999999,1800.4721653296747,1080.2832991978048
-0.0090000000000000011,0.014999999999999999,2149.3430217016917,1289.6058130210149
-0.0085000000000000006,0.014999999999999999,2512.4179782530609,1507.4507869518366
-0.0080000000000000002,0.014999999999999999,2877.9530561889287,1726.7718337133572
-0.0074999999999999997,0.014999999999999999,3234.755130809468,1940.8530784856807
-0.0069999999999999993,0.014999999999999999,3574.1032738039439,2144.4619642823664
-0.0064999999999999988,0.014999999999999999,3891.4370337871283,2334.8622202722768
-0.0059999999999999984,0.014999999999999999,4187.3668317615466,2512.4200990569279
-0.0054999999999999979,0.014999999999999999,4467.6409749936265,2680.5845849961756
-0.005000000000000001,0.014999999999999999,4741.8974744448478,2845.1384846669084
-0.0044999999999999971,0.014999999999999999,5021.3045774005404,3012.782746440324
-0.0040000000000000001,0.014999999999999999,5315.4893652833107,3189.2936191699864
-0.0035000000000000031,0.014999999999999999,5629.3905255228883,3377.6343153137327
-0.0029999999999999992,0.014999999999999999,5960.7761661066361,3576.4656996639815
-0.0025000000000000022,0.014999999999999999,6299.0945441521972,3779.456726491318
-0.0019999999999999983,0.014999999999999999,6626.0735280436766,3975.6441168262058
-0.0015000000000000013,0.014999999999999999,6918.102039957821,4150.8612239746926
-0.00099999999999999742,0.014999999999999999,7150.002953043132,4290.0017718258787
-0.00050000000000000044,0.014999999999999999,7299.449998305462,4379.6699989832769
0,0.014999999999999999,7351.0885405703702,4410.6531243422223
0.00050000000000000044,0.014999999999999999,7299.4499796844775,4379.6699878106865
0.0010000000000000009,0.014999999999999999,7150.0029090843836,4290.0017454506296
0.0015000000000000013,0.014999999999999999,6918.1019556896836,4150.8611734138103
0.0020000000000000018,0.014999999999999999,6626.0733770717252,3975.6440262430351
0.0024999999999999988,0.014999999999999999,6299.0942837240727,3779.4565702344435
0.0030000000000000027,0.014999999999999999,5960.7757303195713,3576.4654381917426
0.0034999999999999996,0.014999999999999999,5629.3898167664565,3377.6338900598739
0.0040000000000000036,0.014999999999999999,5315.4882443573333,3189.2929466144001
0.0045000000000000005,0.014999999999999999,5021.3028532614835,3012.7817119568899
0.0049999999999999975,0.014999999999999999,4741.8948951652665,2845.1369370991597
0.0055000000000000014,0.014999999999999999,4467.6372221594984,2680.5823332956988
0.0059999999999999984,0.014999999999999999,4187.3615210073549,2512.416912604413
0.0064999999999999988,0.014999999999999999,3891.4297242614498,2334.8578345568699
0.0069999999999999993,0.014999999999999999,3574.0934888580305,2144.4560933148182
0.0074999999999999997,0.014999999999999999,3234.7423909710387,1940.8454345826231
0.0080000000000000002,0.014999999999999999,2877.9369235403524,1726.7621541242113
0.0085000000000000006,0.014999999999999999,2512.3981089016524,1507.4388653409915
0.0090000000000000011,0.014999999999999999,2149.319220549999,1289.5915323299994
0.0095000000000000015,0.014999999999999999,1800.4444354159673,1080.2666612495802
0.010000000000000002,0.014999999999999999,1476.3256907230211,885.79541443381265
0.010500000000000002,0.014999999999999999,1185.0517959400008,711.0310775640005
0.011000000000000003,0.014999999999999999,931.58720564236171,558.952323385417
0.011500000000000003,0.014999999999999999,717.70659790520926,430.62395874312557
0.012000000000000004,0.014999999999999999,542.39906278825151,325.43943767295087
0.012499999999999997,0.014999999999999999,402.55834227863625,241.53500536718172
0.013000000000000005,0.014999999999999999,293.77176960923038,176.26306176553823
0.013499999999999998,0.014999999999999999,211.05629680538254,126.63377808322952
0.014000000000000005,0.014999999999999999,149.44567895441691,89.667407372650146
0.014499999999999999,0.014999999999999999,104.39000390930306,62.634002345581834
0.014999999999999999,0.014999999999999999,71.974335891697024,43.18460153501821
0.0155,0.014999999999999999,48.991367462429835,29.394820477457898
0.016000000000000007,0.014999999999999999,32.913921041959426,19.748352625175656
0.016500000000000001,0.014999999999999999,21.811108140483416,13.08666488429005
0.017000000000000001,0.014999999999999999,14.242548271386067,8.5455289628316393
0.017500000000000002,0.014999999999999999,9.1533267700439911,5.4919960620263941
0.017999999999999995,0.014999999999999999,5.7817929247732218,3.4690757548639328
0.018500000000000003,0.014999999999999999,3.5845419103907519,2.1507251462344512
0.019000000000000003,0.014999999999999999,2.1782430636744072,1.3069458382046444
0.019500000000000003,0.014999999999999999,1.2957983954554708,0.77747903727328249
0.019999999999999997,0.014999999999999999,0.75377354008140129,0.45226412404884075
0.020499999999999997,0.014999999999999999,0.42834487883533695,0.25700692730120217
0.021000000000000005,0.014999999999999999,0.23759386515945585,0.14255631909567351
0.021500000000000005,0.014999999999999999,0.12854771162908279,0.077128626977449669
0.021999999999999999,0.014999999999999999,0.06780038908972548,0.040680233453835285
0.022499999999999999,0.014999999999999999,0.034844616461062745,0.020906769876637647
0.023000000000000007,0.014999999999999999,0.017442574033221119,0.01046554441993267
0.023500000000000007,0.014999999999999999,0.0085020731214461246,0.0051012438728676749
0.024,0.014999999999999999,0.0040343443764564611,0.0024206066258738767
0.024500000000000001,0.014999999999999999,0.0018632494831042064,0.0011179496898625237
0.025000000000000001,0.014999999999999999,0.00083743743346005757,0.00050246246007603452
-0.025000000000000001,0.0155,0.00050337594337181992,0.00030202556602309193
-0.024500000000000001,0.0155,0.0011203441623551646,0.00067220649741309873
-0.024,0.0155,0.0024269954987681907,0.0014561972992609144
-0.0235,0.0155,0.0051183284786370051,0.0030709970871822031
-0.023,0.0155,0.010510751250271318,0.0063064507501627903
-0.022500000000000003,0.0155,0.021024084506957277,0.012614450704174366
-0.022000000000000002,0.0155,0.040977153835463825,0.024586292301278293
-0.021500000000000002,0.0155,0.077859261597490931,0.04671555695849456
-0.021000000000000001,0.0155,0.14430147365220136,0.086580884191320817
-0.020500000000000001,0.0155,0.26105028789109724,0.15663017273465835
-0.02,0.0155,0.46134974701232373,0.27680984820739424
-0.0195,0.0155,0.79728155832939773,0.47836893499763861
-0.019,0.0155,1.3488202009718615,0.80929212058311684
-0.018500000000000003,0.0155,2.2366599377437262,1.3419959626462357
-0.018000000000000002,0.0155,3.6402810010451514,2.1841686006270908
-0.017500000000000002,0.0155,5.8232181449103892,3.4939308869462335
-0.017000000000000001,0.0155,9.1679594112484697,5.5007756467490818
-0.016500000000000001,0.0155,14.223071304195264,8.5338427825171586
-0.016,0.0155,21.764568700444723,13.058741220266834
-0.0155,0.0155,32.871615000057155,19.722969000034293
-0.015000000000000001,0.0155,49.012720843318796,29.407632505991277
-0.014500000000000001,0.0155,72.132340517371475,43.279404310422883
-0.014,0.0155,104.71944452308772,62.831666713852627
-0.0135,0.0155,149.83066939034342,89.898401634206053
-0.012999999999999999,0.0155,211.033747718896,126.62024863133759
-0.012500000000000001,0.0155,292.23599490114344,175.34159694068606
-0.012,0.0155,397.37189388225789,238.42313632935472
-0.0115,0.0155,529.94631836344411,317.96779101806646
-0.010999999999999999,0.0155,692.46562876231008,415.47937725738603
-0.010499999999999999,0.0155,885.83296012956259,531.49977607773758
-0.010000000000000002,0.0155,1108.8263199594717,665.29579197568296
-0.0095000000000000015,0.0155,1357.8043276024327,814.6825965614596
-0.0090000000000000011,0.0155,1626.7795685710969,976.06774114265806
-0.0085000000000000006,0.0155,1907.9530562228822,1144.7718337337292
-0.0080000000000000002,0.0155,2192.7144947313345,1315.6286968388006
-0.0074999999999999997,0.0155,2472.9947677355331,1483.7968606413199
-0.0069999999999999993,0.0155,2742.7356990352978,1645.6414194211786
-0.0064999999999999988,0.0155,2999.152680004855,1799.4916080029129
-0.0059999999999999984,0.0155,3243.4427438173889,1946.0656462904333
-0.0054999999999999979,0.0155,3480.65675057933,2088.3940503475978
-0.005000000000000001,0.0155,3718.610394420215,2231.1662366521291
-0.0044999999999999971,0.0155,3965.9289684917335,2379.55738109504
-0.0040000000000000001,0.0155,4229.5556409047022,2537.7333845428211
-0.0035000000000000031,0.0155,4512.2399538781074,2707.3439723268643
-0.0029999999999999992,0.0155,4810.6037855121158,2886.3622713072696
-0.0025000000000000022,0.0155,5114.3194177587875,3068.5916506552726
-0.0019999999999999983,0.0155,5406.7275515077563,3244.0365309046538
-0.0015000000000000013,0.0155,5666.9112071133577,3400.1467242680146
-0.00099999999999999742,0.0155,5872.8967025176235,3523.7380215105741
-0.00050000000000000044,0.0155,6005.3630193677755,3603.2178116206651
0,0.0155,6051.0851358138234,3630.651081488294
0.00050000000000000044,0.0155,6005.3630113867493,3603.2178068320495
0.0010000000000000009,0.0155,5872.8966836767322,3523.7380102060392
0.0015000000000000013,0.0155,5666.9111709957106,3400.1467025974262
0.0020000000000000018,0.0155,5406.7274868005952,3244.0364920803572
0.0024999999999999988,0.0155,5114.3193061382917,3068.5915836829749
0.0030000000000000027,0.0155,4810.6035987321011,2886.3621592392606
0.0034999999999999996,0.0155,4512.239650102375,2707.3437900614249
0.0040000000000000036,0.0155,4229.5551604715138,2537.7330962829083
0.0045000000000000005,0.0155,3965.9282295191006,2379.5569377114603
0.0049999999999999975,0.0155,3718.6092889310662,2231.1655733586394
0.0055000000000000014,0.0155,3480.6551421001877,2088.3930852601125
0.0059999999999999984,0.0155,3243.4404676077156,1946.0642805646294
0.0064999999999999988,0.0155,2999.1495471140356,1799.4897282684212
0.0069999999999999993,0.0155,2742.7315051698447,1645.6389031019069
0.0074999999999999997,0.0155,2472.9893073917829,1483.7935844350698
0.0080000000000000002,0.0155,2192.7075802161053,1315.624548129663
0.0085000000000000006,0.0155,1907.9445401424471,1144.7667240854682
0.0090000000000000011,0.0155,1626.7693673059382,976.06162038356285
0.0095000000000000015,0.0155,1357.7924424547643,814.6754654728586
0.010000000000000002,0.0155,1108.8128523227767,665.28771139366597
0.010500000000000002,0.0155,885.81811737633677,531.49087042580209
0.011000000000000003,0.0155,692.44971862946159,415.46983117767695
0.011500000000000003,0.0155,529.92973130368193,317.95783878220914
0.012000000000000004,0.0155,397.35507483940165,238.41304490364098
0.012499999999999997,0.0155,292.21940784138286,175.3316447048297
0.013000000000000005,0.0155,211.0178375860479,126.61070255162873
0.013499999999999998,0.0155,149.81582663711876,89.889495982271256
0.014000000000000005,0.0155,104.70597688639137,62.823586131834816
0.014499999999999999,0.0155,72.120455369702171,43.272273221821301
0.014999999999999999,0.0155,49.002519578159642,29.401511746895785
0.0155,0.0155,32.863098919621144,19.717859351772685
0.016000000000000007,0.0155,21.757654185211852,13.05459251112711
0.016500000000000001,0.0155,14.21761096043339,8.5305665762600338
0.017000000000000001,0.0155,9.1637655457627609,5.4982593274576566
0.017500000000000002,0.0155,5.8200852539986103,3.4920511523991662
0.017999999999999995,0.0155,3.6380047911164595,2.1828028746698758
0.018500000000000003,0.0155,2.2350514579175558,1.3410308747505335
0.019000000000000003,0.0155,1.3477147100321796,0.80862882601930774
0.019500000000000003,0.0155,0.79654258115981125,0.47792554869588671
0.019999999999999997,0.0155,0.46086930263041942,0.27652158157825163
0.020499999999999997,0.0155,0.26074648529427846,0.15644789117656707
0.021000000000000005,0.0155,0.14411463096333452,0.086468778578000713
0.021500000000000005,0.0155,0.077747498867945852,0.046648499320767513
0.021999999999999999,0.0155,0.040912132758959358,0.024547279655375613
0.022499999999999999,0.0155,0.02098729300009301,0.012592375800055806
0.023000000000000007,0.0155,0.010490503477425249,0.0062943020864551493
0.023500000000000007,0.0155,0.005107490626819115,0.0030644943760914688
0.024,0.0155,0.0024213533384528289,0.0014528120030716974
0.024500000000000001,0.0155,0.0011174873356326585,0.00067049240137959511
0.025000000000000001,0.0155,0.00050196905823490876,0.00030118143494094527
-0.025000000000000001,0.016000000000000007,0.00029339574810383111,0.00017603744886229866
-0.024500000000000001,0.016000000000000007,0.00065351600331720213,0.00039210960199032128
-0.024,0.016000000000000007,0.0014170938307242855,0.0008502562984345713
-0.0235,0.016000000000000007,0.0029921672323517299,0.0017953003394110378
-0.023,0.016000000000000007,0.0061538859295605045,0.0036923315577363025
-0.022500000000000003,0.016000000000000007,0.012332556014804106,0.0073995336088824634
-0.022000000000000002,0.016000000000000007,0.024093470655001902,0.014456082393001141
-0.021500000000000002,0.016000000000000007,0.045913090760498862,0.027547854456299318
-0.021000000000000001,0.016000000000000007,0.085401515525385246,0.051240909315231148
-0.020500000000000001,0.016000000000000007,0.15518377312861439,0.093110263877168628
-0.02,0.016000000000000007,0.27574098073889136,0.16544458844333482
-0.0195,0.016000000000000007,0.47964079048041047,0.28778447428824627
-0.019,0.016000000000000007,0.81777375467159974,0.49066425280295983
-0.018500000000000003,0.016000000000000007,1.3684776834083974,0.82108661004503836
-0.018000000000000002,0.016000000000000007,2.2507823665499331,1.3504694199299598
-0.017500000000000002,0.016000000000000007,3.6434113926693934,2.186046835601636
-0.017000000000000001,0.016000000000000007,5.8115322565311587,3.4869193539186951
-0.016500000000000001,0.016000000000000007,9.1433350570639149,5.486001034238349
-0.016,0.016000000000000007,14.197995877685283,8.51879752661117
-0.0155,0.016000000000000007,21.764990160820762,13.058994096492457
-0.015000000000000001,0.016000000000000007,32.931615453029366,19.75896927181762
-0.014500000000000001,0.016000000000000007,49.150730957372595,29.490438574423557
-0.014,0.016000000000000007,72.294408326629608,43.376644995977763
-0.0135,0.016000000000000007,104.67251840731288,62.803511044387726
-0.012999999999999999,0.016000000000000007,148.99033922016901,89.3942035321014
-0.012500000000000001,0.016000000000000007,208.21897053705823,124.93138232223492
-0.012,0.016000000000000007,285.35977692238464,171.21586615343077
-0.0115,0.016000000000000007,383.1014138279341,229.86084829676045
-0.010999999999999999,0.016000000000000007,503.39503676137377,302.03702205682424
-0.010499999999999999,0.016000000000000007,647.00630015055879,388.20378009033527
-0.010000000000000002,0.016000000000000007,813.13398548892349,487.88039129335408
-0.0095000000000000015,0.016000000000000007,999.20381124603421,599.52228674762046
-0.0090000000000000011,0.016000000000000007,1200.941003021959,720.56460181317539
-0.0085000000000000006,0.016000000000000007,1412.7887971913799,847.67327831482794
-0.0080000000000000002,0.016000000000000007,1628.6719444984187,977.20316669905117
-0.0074999999999999997,0.016000000000000007,1843.0144259865569,1105.8086555919342
-0.0069999999999999993,0.016000000000000007,2051.8291334944588,1231.0974800966753
-0.0064999999999999988,0.016000000000000007,2253.630863418924,1352.1785180513543
-0.0059999999999999984,0.016000000000000007,2449.9088429533067,1469.9453057719841
-0.0054999999999999979,0.016000000000000007,2644.9483097229363,1586.9689858337617
-0.005000000000000001,0.016000000000000007,2844.9128734983801,1706.9477240990279
-0.0044999999999999971,0.016000000000000007,3056.2705057532303,1833.7623034519381
-0.0040000000000000001,0.016000000000000007,3283.8276442588476,1970.2965865553085
-0.0035000000000000031,0.016000000000000007,3528.7796275953629,2117.2677765572175
-0.0029999999999999992,0.016000000000000007,3787.2459131490609,2272.3475478894366
-0.0025000000000000022,0.016000000000000007,4049.7066147478949,2429.823968848737
-0.0019999999999999983,0.016000000000000007,4301.5919186373067,2580.9551511823838
-0.0015000000000000013,0.016000000000000007,4525.0285563312273,2715.0171337987363
-0.00099999999999999742,0.016000000000000007,4701.4746168813999,2820.88477012884
-0.00050000000000000044,0.016000000000000007,4814.7448598324072,2888.8469158994444
0,0.016000000000000007,4853.8061761675717,2912.2837057005431
0.00050000000000000044,0.016000000000000007,4814.744856505421,2888.8469139032527
0.0010000000000000009,0.016000000000000007,4701.4746090273484,2820.8847654164088
0.0015000000000000013,0.016000000000000007,4525.0285412751527,2715.0171247650915
0.0020000000000000018,0.016000000000000007,4301.5918916633491,2580.9551349980093
0.0024999999999999988,0.016000000000000007,4049.7065682175516,2429.8239409305311
0.0030000000000000027,0.016000000000000007,3787.2458352875665,2272.34750117254
0.0034999999999999996,0.016000000000000007,3528.7795009627994,2117.2677005776795
0.0040000000000000036,0.016000000000000007,3283.8274439844968,1970.296466390698
0.0045000000000000005,0.016000000000000007,3056.2701977036045,1833.7621186221627
0.0049999999999999975,0.016000000000000007,2844.9124126619404,1706.9474475971642
0.0055000000000000014,0.016000000000000007,2644.947639209071,1586.9685835254425
0.0059999999999999984,0.016000000000000007,2449.9078940879454,1469.9447364527671
0.0064999999999999988,0.016000000000000007,2253.6295574357291,1352.1777344614375
0.0069999999999999993,0.016000000000000007,2051.8273852312359,1231.0964311387415
0.0074999999999999997,0.016000000000000007,1843.0121497766334,1105.80728986598
0.0080000000000000002,0.016000000000000007,1628.6690620996351,977.20143725978096
0.0085000000000000006,0.016000000000000007,1412.7852471608903,847.67114829653417
0.0090000000000000011,0.016000000000000007,1200.9367505019627,720.56205030117758
0.0095000000000000015,0.016000000000000007,999.19885677937316,599.5193140676239
0.010000000000000002,0.016000000000000007,813.1283713426908,487.87702280561444
0.010500000000000002,0.016000000000000007,647.00011277047145,388.20006766228283
0.011000000000000003,0.016000000000000007,503.38840443126134,302.03304265875681
0.011500000000000003,0.016000000000000007,383.09449931270098,229.85669958762057
0.012000000000000004,0.016000000000000007,285.35276570221049,171.21165942132629
0.012499999999999997,0.016000000000000007,208.21205602182627,124.92723361309575
0.013000000000000005,0.016000000000000007,148.98370689005645,89.390224134033872
0.013499999999999998,0.016000000000000007,104.66633102722619,62.799798616335714
0.014000000000000005,0.016000000000000007,72.288794180396025,43.373276508237616
0.014499999999999999,0.016000000000000007,49.1457764907111,29.487465894426659
0.014999999999999999,0.016000000000000007,32.927362933031908,19.756417759819143
0.0155,0.016000000000000007,21.761440130330474,13.056864078198284
0.016000000000000007,0.016000000000000007,14.195113478900165,8.5170680873400979
0.016500000000000001,0.016000000000000007,9.1410588471352074,5.4846353082811241
0.017000000000000001,0.016000000000000007,5.8097839932945288,3.485870395976717
0.017500000000000002,0.016000000000000007,3.6421054094364806,2.1852632456618881
0.017999999999999995,0.016000000000000007,2.2498335010818513,1.3499001006491107
0.018500000000000003,0.016000000000000007,1.3678071692594487,0.82068430155566918
0.019000000000000003,0.016000000000000007,0.81731291748574608,0.49038775049144762
0.019500000000000003,0.016000000000000007,0.47933273896499989,0.2875996433789999
0.019999999999999997,0.016000000000000007,0.2755407017235082,0.16532442103410491
0.020499999999999997,0.016000000000000007,0.15505712936452096,0.093034277618712566
0.021000000000000005,0.016000000000000007,0.085323627904742017,0.05119417674284521
0.021500000000000005,0.016000000000000007,0.045866501123335943,0.027519900674001566
0.021999999999999999,0.016000000000000007,0.024066365837728608,0.014439819502637164
0.022499999999999999,0.016000000000000007,0.012317219032945652,0.007390331419767391
0.023000000000000007,0.016000000000000007,0.0061454454020779007,0.0036872672412467402
0.023500000000000007,0.016000000000000007,0.0029876493435539403,0.0017925896061323642
0.024,0.016000000000000007,0.001414741828379874,0.00084884509702792441
0.024500000000000001,0.016000000000000007,0.00065232510075978673,0.00039139506045587203
0.025000000000000001,0.016000000000000007,0.00029280927112420267,0.00017568556267452161
-0.025000000000000001,0.016500000000000001,0.00016648047928586649,9.9888287571519891e-05
-0.024500000000000001,0.016500000000000001,0.00037118011363348731,0.00022270806818009239
-0.024,0.016500000000000001,0.00080584171983577753,0.00048350503190146651
-0.0235,0.016500000000000001,0.0017040801538074151,0.001022448092284449
-0.023,0.016500000000000001,0.0035113115279047482,0.002106786916742849
-0.022500000000000003,0.016500000000000001,0.0070532682395356254,0.0042319609437213752
-0.022000000000000002,0.016500000000000001,0.013819791372888156,0.0082918748237328938
-0.021500000000000002,0.016500000000000001,0.026430395196027665,0.015858237117616598
-0.021000000000000001,0.016500000000000001,0.049380642167940213,0.029628385300764126
-0.020500000000000001,0.016500000000000001,0.090215945855446317,0.054129567513267786
-0.02,0.016500000000000001,0.16134994842661451,0.096809969055968711
-0.0195,0.016500000000000001,0.28284966854652521,0.16970980112791512
-0.019,0.016500000000000001,0.48666361401615726,0.29199816840969434
-0.018500000000000003,0.016500000000000001,0.8229849440580469,0.49379096643482812
-0.018000000000000002,0.016500000000000001,1.3697205878468792,0.82183235270812749
-0.017500000000000002,0.016500000000000001,2.2463497687952292,1.3478098612771374
-0.017000000000000001,0.016500000000000001,3.6337168680971397,2.1802301208582837
-0.016500000000000001,0.016500000000000001,5.8013479144923785,3.4808087486954271
-0.016,0.016500000000000001,9.1434481719021665,5.4860689031412999
-0.0155,0.016500000000000001,14.223502513727304,8.5341015082363825
-0.015000000000000001,0.016500000000000001,21.82504756289033,13.095028537734198
-0.014500000000000001,0.016500000000000001,33.002572677060471,19.801543606236283
-0.014,0.016500000000000001,49.121877341078324,29.473126404646994
-0.0135,0.016500000000000001,71.874402868034039,43.124641720820421
-0.012999999999999999,0.016500000000000001,103.2466061462445,61.9479636877467
-0.012500000000000001,0.016500000000000001,145.4254648038326,87.25527888229955
-0.012,0.016500000000000001,200.62691173953075,120.37614704371845
-0.0115,0.016500000000000001,270.84689247902048,162.50813548741229
-0.010999999999999999,0.016500000000000001,357.55459384703795,214.53275630822276
-0.010499999999999999,0.016500000000000001,461.37138038596567,276.82282823157936
-0.010000000000000002,0.016500000000000001,581.80139087718339,349.08083452631001
-0.0095000000000000015,0.016500000000000001,717.09273605306055,430.25564163183634
-0.0090000000000000011,0.016500000000000001,864.30369566499428,518.58221739899659
-0.0085000000000000006,0.016500000000000001,1019.6206910032521,611.77241460195125
-0.0080000000000000002,0.016500000000000001,1178.9240719458035,707.35444316748203
-0.0074999999999999997,0.016500000000000001,1338.5313867949012,803.11883207694075
-0.0069999999999999993,0.016500000000000001,1495.9807639999028,897.58845839994171
-0.0064999999999999988,0.016500000000000001,1650.6690813914652,990.40144883487903
-0.0059999999999999984,0.016500000000000001,1804.150135045425,1082.490081027255
-0.0054999999999999979,0.016500000000000001,1959.9397151998724,1175.9638291199233
-0.005000000000000001,0.016500000000000001,2122.7675892264697,1273.6605535358817
-0.0044999999999999971,0.016500000000000001,2297.3458003783944,1378.4074802270366
-0.0040000000000000001,0.016500000000000001,2486.859489022429,1492.1156934134574
-0.0035000000000000031,0.016500000000000001,2691.4940415525766,1614.8964249315459
-0.0029999999999999992,0.016500000000000001,2907.3562278397853,1744.4137367038711
-0.0025000000000000022,0.016500000000000001,3126.1052755356945,1875.6631653214167
-0.0019999999999999983,0.016500000000000001,3335.4818044661338,2001.2890826796802
-0.0015000000000000013,0.016500000000000001,3520.7315990321094,2112.4389594192658
-0.00099999999999999742,0.016500000000000001,3666.7109322551469,2200.026559353088
-0.00050000000000000044,0.016500000000000001,3760.2838636398451,2256.1703181839071
0,0.016500000000000001,3792.528087941072,2275.5168527646433
0.00050000000000000044,0.016500000000000001,3760.2838622909462,2256.1703173745677
0.0010000000000000009,0.016500000000000001,3666.7109290707849,2200.0265574424707
0.0015000000000000013,0.016500000000000001,3520.7315929277465,2112.4389557566478
0.0020000000000000018,0.016500000000000001,3335.4817935297601,2001.289076117856
0.0024999999999999988,0.016500000000000001,3126.1052566703452,1875.663154002207
0.0030000000000000027,0.016500000000000001,2907.3561962714748,1744.4137177628847
0.0034999999999999996,0.016500000000000001,2691.4939902104329,1614.8963941262598
0.0040000000000000036,0.016500000000000001,2486.859407822822,1492.1156446936932
0.0045000000000000005,0.016500000000000001,2297.3456754821777,1378.4074052893066
0.0049999999999999975,0.016500000000000001,2122.7674023840832,1273.66044143045
0.0055000000000000014,0.016500000000000001,1959.9394433454781,1175.9636660072867
0.0059999999999999984,0.016500000000000001,1804.1497503356809,1082.4898502014084
0.0064999999999999988,0.016500000000000001,1650.6685518912,990.40113113471989
0.0069999999999999993,0.016500000000000001,1495.9800551807973,897.58803310847838
0.0074999999999999997,0.016500000000000001,1338.5304639241003,803.11827835446013
0.0080000000000000002,0.016500000000000001,1178.9229033006595,707.35374198039574
0.0085000000000000006,0.016500000000000001,1019.6192516722635,611.77155100335813
0.0090000000000000011,0.016500000000000001,864.3019715153489,518.58118290920936
0.0095000000000000015,0.016500000000000001,717.09072730484922,430.25443638290955
0.010000000000000002,0.016500000000000001,581.79911466725548,349.07946880035325
0.010500000000000002,0.016500000000000001,461.3688717630331,276.82132305781982
0.011000000000000003,0.016500000000000001,357.55190482273662,214.53114289364197
0.011500000000000003,0.016500000000000001,270.84408904505722,162.50645342703433
0.012000000000000004,0.016500000000000001,200.62406909733565,120.37444145840138
0.012499999999999997,0.016500000000000001,145.42266136987001,87.253596821922002
0.013000000000000005,0.016500000000000001,103.2439171219432,61.946350273165919
0.013499999999999998,0.016500000000000001,71.871894245101998,43.1231365470612
0.014000000000000005,0.016500000000000001,49.119601131149551,29.47176067868973
0.014499999999999999,0.016500000000000001,33.000563928848877,19.800338357309325
0.014999999999999999,0.016500000000000001,21.823323413244477,13.093994047946685
0.0155,0.016500000000000001,14.222063182738566,8.5332379096431392
0.016000000000000007,0.016500000000000001,9.142279526758216,5.4853677160549292
0.016500000000000001,0.016500000000000001,5.8004250436899358,3.4802550262139613
0.017000000000000001,0.016500000000000001,3.6330080489870356,2.1798048293922214
0.017500000000000002,0.016500000000000001,2.245820268515426,1.3474921611092556
0.017999999999999995,0.016500000000000001,1.3693358780602769,0.82160152683616616
0.018500000000000003,0.016500000000000001,0.822713089549863,0.4936278537299178
0.019000000000000003,0.016500000000000001,0.48647677132728934,0.29188606279637358
0.019500000000000003,0.016500000000000001,0.28272477156508402,0.16963486293905042
0.019999999999999997,0.016500000000000001,0.16126874692876089,0.096761248157256535
0.020499999999999997,0.016500000000000001,0.090164599171329143,0.054098759502797487
0.021000000000000005,0.016500000000000001,0.049349063265635318,0.029609437959381188
0.021500000000000005,0.016500000000000001,0.026411505806568352,0.015846903483941011
0.021999999999999999,0.016500000000000001,0.013808801945176918,0.0082852811671061503
0.022499999999999999,0.016500000000000001,0.0070470499849817451,0.0042282299909890469
0.023000000000000007,0.016500000000000001,0.0035078893846864248,0.0021047336308118547
0.023500000000000007,0.016500000000000001,0.0017022484125397896,0.0010213490475238737
0.024,0.016500000000000001,0.00080488811961482577,0.00048293287176889545
0.024500000000000001,0.016500000000000001,0.00037069727187757592,0.00022241836312654554
0.025000000000000001,0.016500000000000001,0.00016624269696448166,9.9745618178688998e-05
-0.025000000000000001,0.017000000000000001,9.1976549842245602e-05,5.518592990534736e-05
-0.024500000000000001,0.017000000000000001,0.00020531322413159649,0.00012318793447895789
-0.024,0.017000000000000001,0.00044640710045804668,0.000267844260274828
-0.0235,0.017000000000000001,0.00094576568950556191,0.00056745941370333708
-0.023,0.017000000000000001,0.0019533361836932333,0.0011720017102159399
-0.022500000000000003,0.017000000000000001,0.0039351367117998835,0.0023610820270799299
-0.022000000000000002,0.017000000000000001,0.0077380783441696847,0.0046428470065018107
-0.021500000000000002,0.017000000000000001,0.014864720048812462,0.0089188320292874768
-0.021000000000000001,0.017000000000000001,0.02792243261648791,0.016753459569892746
-0.020500000000000001,0.017000000000000001,0.051346174882131279,0.030807704929278767
-0.02,0.017000000000000001,0.092547258837499383,0.055528355302499631
-0.0195,0.017000000000000001,0.16372106158861657,0.098232636953169944
-0.019,0.017000000000000001,0.28466515817221449,0.1707990949033287
-0.018500000000000003,0.017000000000000001,0.48712431748343793,0.29227459049006277
-0.018000000000000002,0.017000000000000001,0.82138889555469363,0.49283333733281615
-0.017500000000000002,0.017000000000000001,1.3661040387280003,0.81966242323680016
-0.017000000000000001,0.017000000000000001,2.2424339147470111,1.3454603488482066
-0.016500000000000001,0.017000000000000001,3.6337455616360641,2.1802473369816382
-0.016,0.017000000000000001,5.8116447772625053,3.486986866357503
-0.0155,0.017000000000000001,9.1682814430041351,5.5009688658024807
-0.015000000000000001,0.017000000000000001,14.253130315465308,8.5518781892791846
-0.014500000000000001,0.017000000000000001,21.809859626426693,13.085915775856016
-0.014,0.017000000000000001,32.80561383540401,19.683368301242407
-0.0135,0.017000000000000001,48.441669611570298,29.065001766942178
-0.012999999999999999,0.017000000000000001,70.132075675000451,42.079245405000272
-0.012500000000000001,0.017000000000000001,99.437047838390328,59.662228703034195
-0.012,0.017000000000000001,137.94210396630797,82.765262379784772
-0.0115,0.017000000000000001,187.08320766099629,112.24992459659778
-0.010999999999999999,0.017000000000000001,247.93232650987102,148.75939590592262
-0.010499999999999999,0.017000000000000001,320.97474079207501,192.58484447524501
-0.010000000000000002,0.017000000000000001,405.92507498122382,243.55504498873427
-0.0095000000000000015,0.017000000000000001,501.63778150439776,300.98266890263864
-0.0090000000000000011,0.017000000000000001,606.16395543221518,363.69837325932912
-0.0085000000000000006,0.017000000000000001,716.98602436494002,430.19161461896402
-0.0080000000000000002,0.017000000000000001,831.42511787680303,498.85507072608181
-0.0074999999999999997,0.017000000000000001,947.16823531562443,568.30094118937461
-0.0069999999999999993,0.017000000000000001,1062.8145187247294,637.68871123483757
-0.0064999999999999988,0.017000000000000001,1178.3062502259502,706.98375013557006
-0.0059999999999999984,0.017000000000000001,1295.1046230637032,777.06277383822191
-0.0054999999999999979,0.017000000000000001,1416.0020046042409,849.60120276254452
-0.005000000000000001,0.017000000000000001,1544.5314202547813,926.71885215286875
-0.0044999999999999971,0.017000000000000001,1684.029272512229,1010.4175635073374
-0.0040000000000000001,0.017000000000000001,1836.507641421754,1101.9045848530523
-0.0035000000000000031,0.017000000000000001,2001.5709702197896,1200.9425821318737
-0.0029999999999999992,0.017000000000000001,2175.6430156047954,1305.3858093628771
-0.0025000000000000022,0.017000000000000001,2351.7374441664465,1411.0424664998679
-0.0019999999999999983,0.017000000000000001,2519.9087845480176,1511.9452707288106
-0.0015000000000000013,0.017000000000000001,2668.376976977343,1601.0261861864058
-0.00099999999999999742,0.017000000000000001,2785.1610386411021,1671.0966231846612
-0.00050000000000000044,0.017000000000000001,2859.9252942763492,1715.9551765658096
0,0.017000000000000001,2885.6716163539313,1731.4029698123588
0.00050000000000000044,0.017000000000000001,2859.9252937444317,1715.955176246659
0.0010000000000000009,0.017000000000000001,2785.1610373853978,1671.0966224312385
0.0015000000000000013,0.017000000000000001,2668.3769745701816,1601.0261847421089
0.0020000000000000018,0.017000000000000001,2519.908780235427,1511.9452681412561
0.0024999999999999988,0.017000000000000001,2351.7374367271877,1411.0424620363126
0.0030000000000000027,0.017000000000000001,2175.6430031563177,1305.3858018937906
0.0034999999999999996,0.017000000000000001,2001.5709499738073,1200.9425699842843
0.0040000000000000036,0.017000000000000001,1836.5076094019405,1101.9045656411643
0.0045000000000000005,0.017000000000000001,1684.0292232613315,1010.4175339567988
0.0049999999999999975,0.017000000000000001,1544.5313465763679,926.71880794582069
0.0055000000000000014,0.017000000000000001,1416.001897402653,849.60113844159173
0.0059999999999999984,0.017000000000000001,1295.1044713593494,777.06268281560961
0.0064999999999999988,0.017000000000000001,1178.3060414256877,706.98362485541259
0.0069999999999999993,0.017000000000000001,1062.8142392128482,637.68854352770893
0.0074999999999999997,0.017000000000000001,947.16787139575933,568.30072283745562
0.0080000000000000002,0.017000000000000001,831.42465703961682,498.85479422377006
0.0085000000000000006,0.017000000000000001,716.98545678696655,430.19127407217991
0.0090000000000000011,0.017000000000000001,606.16327554039776,363.69796532423862
0.0095000000000000015,0.017000000000000001,501.63698938552596,300.98219363131557
0.010000000000000002,0.017000000000000001,405.92417739294979,243.55450643576987
0.010500000000000002,0.017000000000000001,320.97375155531751,192.5842509331905
0.011000000000000003,0.017000000000000001,247.93126613461655,148.75875968076991
0.011500000000000003,0.017000000000000001,187.08210217005626,112.24926130203376
0.012000000000000004,0.017000000000000001,137.94098301420672,82.764589808524036
0.012499999999999997,0.017000000000000001,99.43594234745099,59.661565408470594
0.013000000000000005,0.017000000000000001,70.131015299745997,42.078609179847597
0.013499999999999998,0.017000000000000001,48.440680374813212,29.064408224887927
0.014000000000000005,0.017000000000000001,32.804716247129711,19.682829748277825
0.014499999999999999,0.017000000000000001,21.80906750755495,13.08544050453297
0.014999999999999999,0.017000000000000001,14.252450423647957,8.5514702541887733
0.0155,0.017000000000000001,9.1677138650307803,5.5006283190184684
0.016000000000000007,0.017000000000000001,5.8111839400766296,3.4867103640459778
0.016500000000000001,0.017000000000000001,3.6333816417706437,2.180028985062386
0.017000000000000001,0.017000000000000001,2.2421544028646605,1.3452926417187963
0.017500000000000002,0.017000000000000001,1.3658952384603391,0.8195371430762034
0.017999999999999995,0.017000000000000001,0.82123719118459704,0.49274231471075819
0.018500000000000003,0.017000000000000001,0.48701711585156154,0.29221026951093693
0.019000000000000003,0.017000000000000001,0.28459147963995574,0.17075488778397344
0.019500000000000003,0.017000000000000001,0.16367181039055309,0.098203086234331854
0.019999999999999997,0.017000000000000001,0.092515238279374912,0.055509142967624943
0.020499999999999997,0.017000000000000001,0.051325927109285553,0.030795556265571331
0.021000000000000005,0.017000000000000001,0.027909979963476647,0.016745987978085988
0.021500000000000005,0.017000000000000001,0.014857271309452883,0.0089143627856717294
0.021999999999999999,0.017000000000000001,0.0077337448328665221,0.0046402468997199129
0.022499999999999999,0.017000000000000001,0.0039326846390347475,0.0023596107834208484
0.023000000000000007,0.017000000000000001,0.0019519867143025214,0.0011711920285815127
0.023500000000000007,0.017000000000000001,0.0009450433705917525,0.0005670260223550515
0.024,0.017000000000000001,0.00044603106292044343,0.00026761863775226605
0.024500000000000001,0.017000000000000001,0.00020512282293311132,0.00012307369375986679
0.025000000000000001,0.017000000000000001,9.1882784051661024e-05,5.5129670430996614e-05
-0.025000000000000001,0.017500000000000002,4.9485815623783984e-05,2.969148937427039e-05
-0.024500000000000001,0.017500000000000002,0.00011062839487556599,6.6377036925339595e-05
-0.024,0.017500000000000002,0.00024098508714278687,0.00014459105228567211
-0.0235,0.017500000000000002,0.00051174563504172968,0.00030704738102503782
-0.023,0.017500000000000002,0.0010600027791926564,0.00063600166751559377
-0.022500000000000003,0.017500000000000002,0.0021431365953873309,0.0012858819572323986
-0.022000000000000002,0.017500000000000002,0.0042329443668972372,0.0025397666201383423
-0.021500000000000002,0.017500000000000002,0.008175375778580133,0.0049052254671480798
-0.021000000000000001,0.017500000000000002,0.015457197093449344,0.0092743182560696066
-0.020500000000000001,0.017500000000000002,0.028645332256510742,0.017187199353906446
-0.02,0.017500000000000002,0.052102899865749348,0.03126173991944961
-0.0195,0.017500000000000002,0.093144653087071066,0.055886791852242636
-0.019,0.017500000000000002,0.16388103692104028,0.098328622152624168
-0.018500000000000003,0.017500000000000002,0.28411991811546311,0.17047195086927786
-0.018000000000000002,0.017500000000000002,0.48584621341024936,0.29150772804614961
-0.017500000000000002,0.017500000000000002,0.81996348106046713,0.49197808863628023
-0.017000000000000001,0.017500000000000002,1.3661109188542218,0.81966655131253308
-0.016500000000000001,0.017500000000000002,2.2463775210140797,1.3478265126084479
-0.016,0.017500000000000002,3.6434930989174101,2.1860958593504458
-0.0155,0.017500000000000002,5.8234262129017482,3.4940557277410487
-0.015000000000000001,0.017500000000000002,9.1611195895881306,5.496671753752878
-0.014500000000000001,0.017500000000000002,14.166293356512558,8.4997760139075336
-0.014,0.017500000000000002,21.503986619640571,12.902391971784342
-0.0135,0.017500000000000002,32.002218774698754,19.201331264819252
-0.012999999999999999,0.017500000000000002,46.637595603471389,27.982557362082833
-0.012500000000000001,0.017500000000000002,66.489883679158439,39.89393020749506
-0.012,0.017500000000000002,92.659577241835635,55.595746345101382
-0.0115,0.017500000000000002,126.14895899060268,75.689375394361605
-0.010999999999999999,0.017500000000000002,167.71692596700603,100.63015558020362
-0.010499999999999999,0.017500000000000002,217.72945933899712,130.63767560339826
-0.010000000000000002,0.017500000000000002,276.03821752244698,165.62293051346819
-0.0095000000000000015,0.017500000000000002,341.92546104287175,205.15527662572305
-0.0090000000000000011,0.017500000000000002,414.15043151571166,248.49025890942698
-0.0085000000000000006,0.017500000000000002,491.11776645063304,294.67065987037984
-0.0080000000000000002,0.017500000000000002,571.1626565371497,342.6975939222898
-0.0074999999999999997,0.017500000000000002,652.91411538993816,391.74846923396291
-0.0069999999999999993,0.017500000000000002,735.66454639651579,441.39872783790946
-0.0064999999999999988,0.017500000000000002,819.65077009230799,491.79046205538475
-0.0059999999999999984,0.017500000000000002,906.14864992881087,543.68918995728654
-0.0054999999999999979,0.017500000000000002,997.30682822901906,598.38409693741141
-0.005000000000000001,0.017500000000000002,1095.6948868652742,657.41693211916447
-0.0044999999999999971,0.017500000000000002,1203.6095733473373,722.16574400840238
-0.0040000000000000001,0.017500000000000002,1322.2544099551205,793.3526459730723
-0.0035000000000000031,0.017500000000000002,1450.9637340807869,870.57824044847212
-0.0029999999999999992,0.017500000000000002,1586.6636510983674,951.99819065902034
-0.0025000000000000022,0.017500000000000002,1723.7378117609514,1034.2426870565707
-0.0019999999999999983,0.017500000000000002,1854.3948822150842,1112.6369293290504
-0.0015000000000000013,0.017500000000000002,1969.5296283235705,1181.7177769941422
-0.00099999999999999742,0.017500000000000002,2059.954338417785,1235.9726030506711
-0.00050000000000000044,0.017500000000000002,2117.780964378459,1270.6685786270752
0,0.017500000000000002,2137.6835001254376,1282.6101000752626
0.00050000000000000044,0.017500000000000002,2117.780964174452,1270.6685785046711
0.0010000000000000009,0.017500000000000002,2059.954337936183,1235.9726027617098
0.0015000000000000013,0.017500000000000002,1969.5296274003483,1181.717776440209
0.0020000000000000018,0.017500000000000002,1854.3948805610689,1112.6369283366414
0.0024999999999999988,0.017500000000000002,1723.7378089077611,1034.2426853446566
0.0030000000000000027,0.017500000000000002,1586.6636463239829,951.99818779438965
0.0034999999999999996,0.017500000000000002,1450.963726315814,870.57823578948842
0.0040000000000000036,0.017500000000000002,1322.2543976745105,793.35263860470627
0.0045000000000000005,0.017500000000000002,1203.6095544580628,722.16573267483761
0.0049999999999999975,0.017500000000000002,1095.6948586072765,657.41691516436583
0.0055000000000000014,0.017500000000000002,997.30678711382529,598.3840722682952
0.0059999999999999984,0.017500000000000002,906.14859174540175,543.689155047241
0.0064999999999999988,0.017500000000000002,819.65069001081497,491.79041400648896
0.0069999999999999993,0.017500000000000002,735.66443919488438,441.39866351693064
0.0074999999999999997,0.017500000000000002,652.91397581518004,391.74838548910799
0.0080000000000000002,0.017500000000000002,571.16247979153877,342.69748787492324
0.0085000000000000006,0.017500000000000002,491.11754876656022,294.67052925993613
0.0090000000000000011,0.017500000000000002,414.15017075573365,248.49010245344019
0.0095000000000000015,0.017500000000000002,341.92515724027521,205.15509434416512
0.010000000000000002,0.017500000000000002,276.03787326900459,165.62272396140276
0.010500000000000002,0.017500000000000002,217.7290799354673,130.63744796128037
0.011000000000000003,0.017500000000000002,167.71651927961665,100.62991156776998
0.011500000000000003,0.017500000000000002,126.14853499992377,75.689120999954255
0.012000000000000004,0.017500000000000002,92.659147321313156,55.595488392787892
0.012499999999999997,0.017500000000000002,66.48945968847984,39.893675813087903
0.013000000000000005,0.017500000000000002,46.637188916082188,27.982313349649313
0.013499999999999998,0.017500000000000002,32.001839371169446,19.201103622701666
0.014000000000000005,0.017500000000000002,21.503642366197916,12.90218541971875
0.014499999999999999,0.017500000000000002,14.165989553915811,8.4995937323494868
0.014999999999999999,0.017500000000000002,9.1608588296100564,5.4965152977660336
0.0155,0.017500000000000002,5.8232085288289053,3.4939251172973429
0.016000000000000007,0.017500000000000002,3.6433163533066608,2.1859898119839962
0.016500000000000001,0.017500000000000002,2.2462379462556941,1.3477427677534164
0.017000000000000001,0.017500000000000002,1.366003717222346,0.81960223033340762
0.017500000000000002,0.017500000000000002,0.81988339956539447,0.49193003973923666
0.017999999999999995,0.017500000000000002,0.48578802999457549,0.29147281799674529
0.018500000000000003,0.017500000000000002,0.28407880290497461,0.17044728174298476
0.019000000000000003,0.017500000000000002,0.16385277887767569,0.098311667326605415
0.019500000000000003,0.017500000000000002,0.093125763697611594,0.055875458218566952
0.019999999999999997,0.017500000000000002,0.052090618970727566,0.031254371382436537
0.020499999999999997,0.017500000000000002,0.028637566596344064,0.017182539957806438
0.021000000000000005,0.017500000000000002,0.015452421107853461,0.0092714526647120765
0.021500000000000005,0.017500000000000002,0.0081725189518576016,0.0049035113711145611
0.021999999999999999,0.017500000000000002,0.0042312823284910506,0.0025387693970946304
0.022499999999999999,0.017500000000000002,0.0021421961480629155,0.0012853176888377492
0.023000000000000007,0.017500000000000002,0.0010594852150746855,0.00063569112904481126
0.023500000000000007,0.017500000000000002,0.00051146860293259692,0.00030688116175955812
0.024,0.017500000000000002,0.00024084086487452934,0.00014450451892471759
0.024500000000000001,0.017500000000000002,0.00011055537000443344,6.633322200266006e-05
0.025000000000000001,0.017500000000000002,4.9449853482639096e-05,2.9669912089583456e-05
-0.025000000000000001,0.017999999999999995,2.5935332844901995e-05,1.5561199706941196e-05
-0.024500000000000001,0.017999999999999995,5.8087795038745092e-05,3.4852677023247053e-05
-0.024,0.017999999999999995,0.00012682881772486704,7.6097290634920224e-05
-0.0235,0.017999999999999995,0.00027010926216650426,0.00016206555729990254
-0.023,0.017999999999999995,0.00056150112589824002,0.00033690067553894401
-0.022500000000000003,0.017999999999999995,0.0011402794468574294,0.00068416766811445759
-0.022000000000000002,0.017999999999999995,0.0022643526884419734,0.0013586116130651839
-0.021500000000000002,0.017999999999999995,0.0044018409780305703,0.0026411045868183422
-0.021000000000000001,0.017999999999999995,0.0083873416300415029,0.0050324049780249014
-0.020500000000000001,0.017999999999999995,0.015685514502224763,0.0094113087013348567
-0.02,0.017999999999999995,0.028831061726781647,0.017298637036068987
-0.0195,0.017999999999999995,0.05215506644909202,0.031293039869455211
-0.019,0.017999999999999995,0.092968022151872623,0.055780813291123575
-0.018500000000000003,0.017999999999999995,0.16345323517096591,0.098071941102579538
-0.018000000000000002,0.017999999999999995,0.28362871934407879,0.17017723160644727
-0.017500000000000002,0.017999999999999995,0.48584777295003345,0.29150866377002005
-0.017000000000000001,0.017999999999999995,0.82139536589858952,0.49283721953915371
-0.016500000000000001,0.017999999999999995,1.3697401829772289,0.82184410978633726
-0.016,0.017999999999999995,2.2508337000749186,1.3505002200449512
-0.0155,0.017999999999999995,3.6404036762720375,2.1842422057632223
-0.015000000000000001,0.017999999999999995,5.7873774909312106,3.4724264945587264
-0.014500000000000001,0.017999999999999995,9.0313612993390553,5.418816779603433
-0.014,0.017999999999999995,13.816594130522851,8.2899564783137105
-0.0135,0.017999999999999995,20.697284782166854,12.418370869300112
-0.012999999999999999,0.017999999999999995,30.328236018940881,18.196941611364529
-0.012500000000000001,0.017999999999999995,43.434846479522413,26.060907887713448
-0.012,0.017999999999999995,60.758647712636815,36.455188627582089
-0.0115,0.017999999999999995,82.978917675608059,49.787350605364836
-0.010999999999999999,0.017999999999999995,110.6174688344492,66.37048130066951
-0.010499999999999999,0.017999999999999995,143.94144221666608,86.364865329999645
-0.010000000000000002,0.017999999999999995,182.88592281769627,109.73155369061776
-0.0095000000000000015,0.017999999999999995,227.02182452923947,136.21309471754367
-0.0090000000000000011,0.017999999999999995,275.59213095865033,165.3552785751902
-0.0085000000000000006,0.017999999999999995,327.62947018641398,196.57768211184839
-0.0080000000000000002,0.017999999999999995,382.15026984665474,229.29016190799283
-0.0074999999999999997,0.017999999999999995,438.39805551728824,263.03883331037292
-0.0069999999999999993,0.017999999999999995,496.08603569211016,297.65162141526611
-0.0064999999999999988,0.017999999999999995,555.573812909303,333.34428774558177
-0.0059999999999999984,0.017999999999999995,617.91160390150822,370.74696234090493
-0.0054999999999999979,0.017999999999999995,684.70212471106242,410.82127482663742
-0.005000000000000001,0.017999999999999995,757.76529377938448,454.6591762676307
-0.0044999999999999971,0.017999999999999995,838.63862854498223,503.18317712698934
-0.0040000000000000001,0.017999999999999995,927.99609485110955,556.79765691066575
-0.0035000000000000031,0.017999999999999995,1025.1067369881205,615.06404219287231
-0.0029999999999999992,0.017999999999999995,1127.4688057537915,676.48128345227485
-0.0025000000000000022,0.017999999999999995,1230.737067508577,738.44224050514617
-0.0019999999999999983,0.017999999999999995,1329.0101581090223,797.40609486541337
-0.0015000000000000013,0.017999999999999995,1415.4701001455303,849.2820600873182
-0.00099999999999999742,0.017999999999999995,1483.2841723887595,889.97050343325566
-0.00050000000000000044,0.017999999999999995,1526.6108769003695,915.96652614022162
0,0.017999999999999995,1541.5157578852979,924.9094547311787
0.00050000000000000044,0.017999999999999995,1526.6108768242696,915.96652609456169
0.0010000000000000009,0.017999999999999995,1483.2841722091102,889.9705033254661
0.0015000000000000013,0.017999999999999995,1415.4700998011458,849.28205988068748
0.0020000000000000018,0.017999999999999995,1329.0101574920343,797.4060944952206
0.0024999999999999988,0.017999999999999995,1230.7370664442674,738.44223986656039
0.0030000000000000027,0.017999999999999995,1127.4688039728287,676.48128238369725
0.0034999999999999996,0.017999999999999995,1025.1067340915952,615.06404045495708
0.0040000000000000036,0.017999999999999995,927.99609027014026,556.79765416208409
0.0045000000000000005,0.017999999999999995,838.63862149881868,503.18317289929121
0.0049999999999999975,0.017999999999999995,757.76528323845821,454.65916994307491
0.0055000000000000014,0.017999999999999995,684.70210937408638,410.82126562445183
0.0059999999999999984,0.017999999999999995,617.91158219766953,370.74694931860171
0.0064999999999999988,0.017999999999999995,555.57378303694179,333.34426982216507
0.0069999999999999993,0.017999999999999995,496.08599570327226,297.65159742196334
0.0074999999999999997,0.017999999999999995,438.39800345248017,263.03880207148808
0.0080000000000000002,0.017999999999999995,382.15020391620732,229.29012234972438
0.0085000000000000006,0.017999999999999995,327.62938898491615,196.57763339094967
0.0090000000000000011,0.017999999999999995,275.59203368878315,165.35522021326989
0.0095000000000000015,0.017999999999999995,227.02171120342013,136.21302672205206
0.010000000000000002,0.017999999999999995,182.88579440271943,109.73147664163166
0.010500000000000002,0.017999999999999995,143.94130068984464,86.364780413906786
0.011000000000000003,0.017999999999999995,110.617317130079,66.370390278047395
0.011500000000000003,0.017999999999999995,82.978759516686509,49.787255710011905
0.012000000000000004,0.017999999999999995,60.758487341738117,36.455092405042869
0.012499999999999997,0.017999999999999995,43.434688320601069,26.060812992360642
0.013000000000000005,0.017999999999999995,30.32808431457072,18.196850588742432
0.013499999999999998,0.017999999999999995,20.697143255345608,12.418285953207365
0.014000000000000005,0.017999999999999995,13.816465715545961,8.289879429327577
0.014499999999999999,0.017999999999999995,9.0312479735197506,5.41874878411185
0.014999999999999999,0.017999999999999995,5.7872802210642824,3.4723681326385694
0.0155,0.017999999999999995,3.6403224747741882,2.184193484864513
0.016000000000000007,0.017999999999999995,2.250767769627438,1.3504606617764627
0.016500000000000001,0.017999999999999995,1.3696881181692968,0.82181287090157806
0.017000000000000001,0.017999999999999995,0.82135537706079231,0.49281322623647539
0.017500000000000002,0.017999999999999995,0.48581790058838159,0.29149074035302897
0.017999999999999995,0.017999999999999995,0.28360701550309125,0.17016420930185475
0.018500000000000003,0.017999999999999995,0.16343789818910767,0.098062738913464606
0.019000000000000003,0.017999999999999995,0.092957481208671991,0.055774488725203193
0.019500000000000003,0.017999999999999995,0.052148020243563367,0.031288812146138018
0.019999999999999997,0.017999999999999995,0.028826480651750905,0.017295888391050541
0.020499999999999997,0.017999999999999995,0.015682617720530596,0.0094095706323183582
0.021000000000000005,0.017999999999999995,0.0083855600702836663,0.0050313360421701996
0.021500000000000005,0.017999999999999995,0.0044007753115996731,0.0026404651869598038
0.021999999999999999,0.017999999999999995,0.0022637327073551546,0.0013582396244130926
0.022499999999999999,0.017999999999999995,0.0011399286369410499,0.00068395718216462996
0.023000000000000007,0.017999999999999995,0.00056130806178902978,0.00033678483707341787
0.023500000000000007,0.017999999999999995,0.00027000592239561283,0.00016200355343736768
0.024,0.017999999999999995,0.00012677501928177104,7.6065011569062614e-05
0.024500000000000001,0.017999999999999995,5.8060554970885358e-05,3.4836332982531213e-05
0.025000000000000001,0.017999999999999995,2.5921918084287221e-05,1.5553150850572331e-05
-0.025000000000000001,0.018500000000000003,1.3245377747598331e-05,7.9472266485589977e-06
-0.024500000000000001,0.018500000000000003,2.9734820706643965e-05,1.7840892423986379e-05
-0.024,0.018500000000000003,6.511101559147781e-05,3.9066609354886687e-05
-0.0235,0.018500000000000003,0.00013916593778323948,8.3499562669943686e-05
-0.023,0.018500000000000003,0.00029057662229402948,0.00017434597337641767
-0.022500000000000003,0.018500000000000003,0.0005932807243241939,0.00035596843459451632
-0.022000000000000002,0.018500000000000003,0.0011858152613886295,0.00071148915683317767
-0.021500000000000002,0.018500000000000003,0.0023231285537291808,0.0013938771322375084
-0.021000000000000001,0.018500000000000003,0.0044669753498035765,0.0026801852098821458
-0.020500000000000001,0.018500000000000003,0.0084419129973414223,0.0050651477984048534
-0.02,0.018500000000000003,0.01570151770172357,0.0094209106210341419
-0.0195,0.018500000000000003,0.028776825109059961,0.017266095065435975
-0.019,0.018500000000000003,0.052019474948117331,0.031211684968870397
-0.018500000000000003,0.018500000000000003,0.092807793587865034,0.05568467615271902
-0.018000000000000002,0.018500000000000003,0.16345356938069938,0.098072141628419623
-0.017500000000000002,0.018500000000000003,0.2841213442461924,0.17047280654771543
-0.017000000000000001,0.018500000000000003,0.48712875989587923,0.29227725593752751
-0.016500000000000001,0.018500000000000003,0.82299691546515885,0.49379814927909527
-0.016,0.018500000000000003,1.3685071151099697,0.82110426906598177
-0.0155,0.018500000000000003,2.236727526287515,1.3420365157725089
-0.015000000000000001,0.018500000000000003,3.5884415525236615,2.153064931514197
-0.014500000000000001,0.018500000000000003,5.6436224213076986,3.386173452784619
-0.014,0.018500000000000003,8.6906237266973516,5.2143742360184104
-0.0135,0.018500000000000003,13.089786692820155,7.8538720156920929
-0.012999999999999999,0.018500000000000003,19.26753615816164,11.560521694896984
-0.012500000000000001,0.018500000000000003,27.697190330632697,16.618314198379618
-0.012,0.018500000000000003,38.864089062340526,23.318453437404315
-0.0115,0.018500000000000003,53.215526078067597,31.929315646840557
-0.010999999999999999,0.018500000000000003,71.10024601755407,42.660147610532441
-0.010499999999999999,0.018500000000000003,92.70727432104151,55.624364592624907
-0.010000000000000002,0.018500000000000003,118.01831923927368,70.810991543564199
-0.0095000000000000015,0.018500000000000003,146.79021533456637,88.074129200739819
-0.0090000000000000011,0.018500000000000003,178.5821414127609,107.14928484765655
-0.0085000000000000006,0.018500000000000003,212.83551008888631,127.70130605333178
-0.0080000000000000002,0.018500000000000003,249.00259862322847,149.40155917393707
-0.0074999999999999997,0.018500000000000003,286.70496457911509,172.02297874746904
-0.0069999999999999993,0.018500000000000003,325.88794458634231,195.53276675180538
-0.0064999999999999988,0.018500000000000003,366.92763829604269,220.15658297762562
-0.0059999999999999984,0.018500000000000003,410.64622290382601,246.38773374229561
-0.0054999999999999979,0.018500000000000003,458.20315049214008,274.92189029528402
-0.005000000000000001,0.018500000000000003,510.85373141440539,306.51223884864322
-0.0044999999999999971,0.018500000000000003,569.5990772959093,341.75944637754554
-0.0040000000000000001,0.018500000000000003,634.7852008978482,380.87112053870891
-0.0035000000000000031,0.018500000000000003,705.73507712646574,423.44104627587944
-0.0029999999999999992,0.018500000000000003,780.50687383540071,468.30412430124039
-0.0025000000000000022,0.018500000000000003,855.85870399835574,513.5152223990134
-0.0019999999999999983,0.018500000000000003,927.46486494006456,556.47891896403871
-0.0015000000000000013,0.018500000000000003,990.37669509976433,594.22601705985858
-0.00099999999999999742,0.018500000000000003,1039.664437360429,623.79866241625734
-0.00050000000000000044,0.018500000000000003,1071.1291468379063,642.67748810274372
0,0.018500000000000003,1081.9488735166371,649.16932410998231
0.00050000000000000044,0.018500000000000003,1071.129146810297,642.67748808617819
0.0010000000000000009,0.018500000000000003,1039.664437295251,623.79866237715055
0.0015000000000000013,0.018500000000000003,990.37669497481932,594.22601698489154
0.0020000000000000018,0.018500000000000003,927.46486471621779,556.47891882973067
0.0024999999999999988,0.018500000000000003,855.85870361221862,513.5152221673311
0.0030000000000000027,0.018500000000000003,780.50687318925759,468.30412391355452
0.0034999999999999996,0.018500000000000003,705.735076075591,423.44104564535456
0.0040000000000000036,0.018500000000000003,634.78519923584781,380.87111954150868
0.0045000000000000005,0.018500000000000003,569.59907473952342,341.75944484371405
0.0049999999999999975,0.018500000000000003,510.85372759010153,306.51223655406091
0.0055000000000000014,0.018500000000000003,458.2031449278029,274.9218869566817
0.0059999999999999984,0.018500000000000003,410.64621502955765,246.38772901773459
0.0064999999999999988,0.018500000000000003,366.92762745819101,220.1565764749146
0.0069999999999999993,0.018500000000000003,325.88793007817901,195.53275804690739
0.0074999999999999997,0.018500000000000003,286.70494568972555,172.02296741383532
0.0080000000000000002,0.018500000000000003,249.00257470331118,149.4015448219867
0.0085000000000000006,0.018500000000000003,212.83548062855064,127.70128837713038
0.0090000000000000011,0.018500000000000003,178.58210612273541,107.14926367364124
0.0095000000000000015,0.018500000000000003,146.79017421935589,88.074104531613528
0.010000000000000002,0.018500000000000003,118.01827264963659,70.810963589781949
0.010500000000000002,0.018500000000000003,92.707222974357308,55.624333784614386
0.011000000000000003,0.018500000000000003,71.100190978401017,42.66011458704061
0.011500000000000003,0.018500000000000003,53.215468697168895,31.929281218301334
0.012000000000000004,0.018500000000000003,38.864030878924808,23.318418527354883
0.012499999999999997,0.018500000000000003,27.697132949734169,16.618279769840502
0.013000000000000005,0.018500000000000003,19.267481119008593,11.560488671405155
0.013499999999999998,0.018500000000000003,13.089735346136074,7.8538412076816435
0.014000000000000005,0.018500000000000003,8.6905771370601883,5.2143462822361126
0.014499999999999999,0.018500000000000003,5.643581306097242,3.3861487836583453
0.014999999999999999,0.018500000000000003,3.5884062624981761,2.1530437574989056
0.0155,0.018500000000000003,2.2366980659518658,1.3420188395711194
0.016000000000000007,0.018500000000000003,1.3684831951926728,0.82108991711560364
0.016500000000000001,0.018500000000000003,0.8229780260757007,0.49378681564542037
0.017000000000000001,0.018500000000000003,0.48711425173266687,0.29226855103960009
0.017500000000000002,0.018500000000000003,0.28411050639437518,0.17046630383662512
0.017999999999999995,0.018500000000000003,0.16344569511166043,0.09806741706699626
0.018500000000000003,0.018500000000000003,0.092802229249208362,0.055681337549525013
0.019000000000000003,0.018500000000000003,0.052015650637814798,0.031209390382688877
0.019500000000000003,0.018500000000000003,0.028774268708187271,0.017264561224912361
0.019999999999999997,0.018500000000000003,0.015699855663317445,0.0094199133979904672
0.020499999999999997,0.018500000000000003,0.0084408620295232644,0.0050645172177139581
0.021000000000000005,0.018500000000000003,0.0044663289904402206,0.0026797973942641324
0.021500000000000005,0.018500000000000003,0.0023227419242755256,0.0013936451545653154
0.021999999999999999,0.018500000000000003,0.0011855903289501825,0.00071135419737010949
0.022499999999999999,0.018500000000000003,0.00059315344861917709,0.00035589206917150626
0.023000000000000007,0.018500000000000003,0.0002905065776075293,0.00017430394656451758
0.023500000000000007,0.018500000000000003,0.00013912844556428387,8.3477067338570321e-05
0.024,0.018500000000000003,6.5091497229954155e-05,3.9054898337972494e-05
0.024500000000000001,0.018500000000000003,2.9724937865025931e-05,1.7834962719015559e-05
0.025000000000000001,0.018500000000000003,1.3240510801040693e-05,7.944306480624415e-06
-0.025000000000000001,0.019000000000000003,6.594682485378603e-06,3.9568094912271613e-06
-0.024500000000000001,0.019000000000000003,1.4847379633947659e-05,8.9084277803685945e-06
-0.024,0.019000000000000003,3.2628330206842087e-05,1.9576998124105252e-05
-0.0235,0.019000000000000003,7.0046899144120731e-05,4.202813948647244e-05
-0.023,0.019000000000000003,0.0001470464767463759,8.8227886047825531e-05
-0.022500000000000003,0.019000000000000003,0.0003021880971009732,0.00018131285826058393
-0.022000000000000002,0.019000000000000003,0.00060869434814192751,0.00036521660888515651
-0.021500000000000002,0.019000000000000003,0.0012033862036191789,0.00072203172217150731
-0.021000000000000001,0.019000000000000003,0.00233828512138773,0.001402971072832638
-0.020500000000000001,0.019000000000000003,0.0044715998243320485,0.0026829598945992288
-0.02,0.019000000000000003,0.0084261331786859954,0.0050556799072115971
-0.0195,0.019000000000000003,0.015660830653226675,0.0093964983919360041
-0.019,0.019000000000000003,0.028727354289324505,0.017236412573594703
-0.018500000000000003,0.019000000000000003,0.052019542664646125,0.031211725598787675
-0.018000000000000002,0.019000000000000003,0.092968319336671865,0.055780991602003116
-0.017500000000000002,0.019000000000000003,0.16388198906702986,0.098329193440217913
-0.017000000000000001,0.019000000000000003,0.28466779740421644,0.17080067844252986
-0.016500000000000001,0.019000000000000003,0.48667028870811763,0.29200217322487054
-0.016,0.019000000000000003,0.81778952406126992,0.49067371443676194
-0.0155,0.019000000000000003,1.348855443196602,0.80931326591796116
-0.015000000000000001,0.019000000000000003,2.1808974033053627,1.3085384419832176
-0.014500000000000001,0.019000000000000003,3.4524509765903573,2.0714705859542142
-0.014,0.019000000000000003,5.3454321245005563,3.2072592747003337
-0.0135,0.019000000000000003,8.0875054942743763,4.8525032965646258
-0.012999999999999999,0.019000000000000003,11.948490849913899,7.169094509948339
-0.012500000000000001,0.019000000000000003,17.228467881257846,10.337080728754707
-0.012,0.019000000000000003,24.236133138889585,14.54167988333375
-0.0115,0.019000000000000003,33.257801764731298,19.954681058838776
-0.010999999999999999,0.019000000000000003,44.520156216991182,26.712093730194709
-0.010499999999999999,0.019000000000000003,58.152995605352984,34.891797363211786
-0.010000000000000002,0.019000000000000003,74.161020598712099,44.496612359227257
-0.0095000000000000015,0.019000000000000003,92.415012351975378,55.449007411185228
-0.0090000000000000011,0.019000000000000003,112.67153290501081,67.602919743006481
-0.0085000000000000006,0.019000000000000003,134.62577562855267,80.775465377131596
-0.0080000000000000002,0.019000000000000003,157.99451291356144,94.796707748136853
-0.0074999999999999997,0.019000000000000003,182.61639617078495,109.56983770247096
-0.0069999999999999993,0.019000000000000003,208.54742107955451,125.1284526477327
-0.0064999999999999988,0.019000000000000003,236.12314599064729,141.67388759438836
-0.0059999999999999984,0.019000000000000003,265.95916265071133,159.57549759042681
-0.0054999999999999979,0.019000000000000003,298.86926764771749,179.32156058863049
-0.005000000000000001,0.019000000000000003,335.69674816496109,201.41804889897665
-0.0044999999999999971,0.019000000000000003,377.07571904850403,226.24543142910241
-0.0040000000000000001,0.019000000000000003,423.16179374713442,253.89707624828065
-0.0035000000000000031,0.019000000000000003,473.38845973288954,284.03307583973373
-0.0029999999999999992,0.019000000000000003,526.31151253975986,315.78690752385592
-0.0025000000000000022,0.019000000000000003,579.59499761416305,347.75699856849781
-0.0019999999999999983,0.019000000000000003,630.16812363153019,378.1008741789181
-0.0015000000000000013,0.019000000000000003,674.54760898506231,404.72856539103736
-0.00099999999999999742,0.019000000000000003,709.28165618466539,425.56899371079925
-0.00050000000000000044,0.019000000000000003,731.43984675036074,438.86390805021642
0,0.019000000000000003,739.05659456429339,443.433956738576
0.00050000000000000044,0.019000000000000003,731.43984674061824,438.86390804437093
0.0010000000000000009,0.019000000000000003,709.28165616166632,425.56899369699977
0.0015000000000000013,0.019000000000000003,674.54760894097342,404.72856536458403
0.0020000000000000018,0.019000000000000003,630.16812355254206,378.10087413152525
0.0024999999999999988,0.019000000000000003,579.59499747790858,347.75699848674515
0.0030000000000000027,0.019000000000000003,526.31151231175784,315.78690738705467
0.0034999999999999996,0.019000000000000003,473.38845936207167,284.03307561724301
0.0040000000000000036,0.019000000000000003,423.1617931606707,253.89707589640241
0.0045000000000000005,0.019000000000000003,377.07571814644206,226.24543088786524
0.0049999999999999975,0.019000000000000003,335.69674681549395,201.41804808929638
0.0055000000000000014,0.019000000000000003,298.8692656842515,179.32155941055089
0.0059999999999999984,0.019000000000000003,265.95915987214909,159.57549592328945
0.0064999999999999988,0.019000000000000003,236.12314216633698,141.67388529980218
0.0069999999999999993,0.019000000000000003,208.54741596011561,125.12844957606936
0.0074999999999999997,0.019000000000000003,182.61638950536008,109.56983370321605
0.0080000000000000002,0.019000000000000003,157.99450447303397,94.796702683820385
0.0085000000000000006,0.019000000000000003,134.62576523299947,80.775459139799679
0.0090000000000000011,0.019000000000000003,112.67152045235778,67.602912271414667
0.0095000000000000015,0.019000000000000003,92.414997843812159,55.448998706287291
0.010000000000000002,0.019000000000000003,74.161004158809448,44.496602495285664
0.010500000000000002,0.019000000000000003,58.152977486849714,34.89178649210983
0.011000000000000003,0.019000000000000003,44.520136795540893,26.712082077324535
0.011500000000000003,0.019000000000000003,33.257781516958389,19.954668910175034
0.012000000000000004,0.019000000000000003,24.236112607935663,14.541667564761397
0.012499999999999997,0.019000000000000003,17.228447633485061,10.337068580091037
0.013000000000000005,0.019000000000000003,11.948471428463632,7.1690828570781795
0.013499999999999998,0.019000000000000003,8.0874873757711843,4.8524924254627102
0.014000000000000005,0.019000000000000003,5.3454156845978531,3.2072494107587119
0.014499999999999999,0.019000000000000003,3.4524364684271611,2.0714618810562966
0.014999999999999999,0.019000000000000003,2.1808849506523584,1.308530970391415
0.0155,0.019000000000000003,1.3488450476434026,0.80930702858604153
0.016000000000000007,0.019000000000000003,0.81778108353378265,0.49066865012026956
0.016500000000000001,0.019000000000000003,0.48666362328327872,0.29199817396996725
0.017000000000000001,0.019000000000000003,0.28466267796551487,0.17079760677930891
0.017500000000000002,0.019000000000000003,0.16387816475672787,0.098326898854036712
0.017999999999999995,0.019000000000000003,0.092965540774212124,0.055779324464527276
0.018500000000000003,0.019000000000000003,0.052017579198268438,0.03121054751896106
0.019000000000000003,0.019000000000000003,0.028726004819933738,0.017235602891960241
0.019500000000000003,0.019000000000000003,0.015659928586068083,0.0093959571516408491
0.019999999999999997,0.019000000000000003,0.0084255467017064038,0.0050553280210238419
0.020499999999999997,0.019000000000000003,0.0044712289734363357,0.0026827373840618012
0.021000000000000005,0.019000000000000003,0.0023380570430919677,0.0014028342258551806
0.021500000000000005,0.019000000000000003,0.0012032497751988901,0.00072194986511933408
0.021999999999999999,0.019000000000000003,0.00060861497711378078,0.00036516898626826847
0.022499999999999999,0.019000000000000003,0.00030214318582167787,0.00018128591149300672
0.023000000000000007,0.019000000000000003,0.00014702176035232304,8.821305621139382e-05
0.023500000000000007,0.019000000000000003,7.0033669411732302e-05,4.2020201647039379e-05
0.024,0.019000000000000003,3.2621442839094745e-05,1.9572865703456846e-05
0.024500000000000001,0.019000000000000003,1.4843892314352224e-05,8.906335388611334e-06
0.025000000000000001,0.019000000000000003,6.5929651050181402e-06,3.9557790630108838e-06
-0.025000000000000001,0.019500000000000003,3.2027556823175332e-06,1.9216534093905199e-06
-0.024500000000000001,0.019500000000000003,7.2366037674846707e-06,4.3419622604908022e-06
-0.024,0.019500000000000003,1.5973299874289423e-05,9.5839799245736527e-06
-0.0235,0.019500000000000003,3.4476723148566148e-05,2.0686033889139689e-05
-0.023,0.019500000000000003,7.2847420845249643e-05,4.3708452507149781e-05
-0.022500000000000003,0.019500000000000003,0.00015086947917063566,9.0521687502381396e-05
-0.022000000000000002,0.019500000000000003,0.00030667067265978686,0.00018400240359587211
-0.021500000000000002,0.019500000000000003,0.00061267411709354266,0.0003676044702561256
-0.021000000000000001,0.019500000000000003,0.001204646239379115,0.00072278774362746897
-0.020500000000000001,0.019500000000000003,0.0023339364370732266,0.0014003618622439359
-0.02,0.019500000000000003,0.004460042810539991,0.0026760256863239944
-0.0195,0.019500000000000003,0.0084116772820431937,0.005047006369225916
-0.019,0.019500000000000003,0.015660843626505685,0.0093965061759034105
-0.018500000000000003,0.019500000000000003,0.028776883663237628,0.017266130197942577
-0.018000000000000002,0.019500000000000003,0.052155259394136511,0.031293155636481905
-0.017500000000000002,0.019500000000000003,0.093145203176082506,0.055887121905649505
-0.017000000000000001,0.019500000000000003,0.1637224926004561,0.098233495560273651
-0.016500000000000001,0.019500000000000003,0.28285314647407733,0.16971188788444638
-0.016,0.019500000000000003,0.47964878710410958,0.28778927226246576
-0.0155,0.019500000000000003,0.79729908172655284,0.47837944903593166
-0.015000000000000001,0.019500000000000003,1.2975593152569209,0.77853558915415255
-0.014500000000000001,0.019500000000000003,2.0652668172336122,1.2391600903401672
-0.014,0.019500000000000003,3.2119869957652529,1.9271921974591517
-0.0135,0.019500000000000003,4.8775248526925861,2.9265149116155516
-0.012999999999999999,0.019500000000000003,7.2278117261080093,4.3366870356648057
-0.012500000000000001,0.019500000000000003,10.44776021467475,6.2686561288048495
-0.012,0.019500000000000003,14.72824219251391,8.8369453155083466
-0.0115,0.019500000000000003,20.247485794124763,12.148491476474858
-0.010999999999999999,0.019500000000000003,27.148856625120935,16.28931397507256
-0.010499999999999999,0.019500000000000003,35.518916647606531,21.311349988563919
-0.010000000000000002,0.019500000000000003,45.371335069204804,27.222801041522882
-0.0095000000000000015,0.019500000000000003,56.642983594905019,33.985790156943011
-0.0090000000000000011,0.019500000000000003,69.207704877381005,41.524622926428599
-0.0085000000000000006,0.019500000000000003,82.9103603976437,49.746216238586221
-0.0080000000000000002,0.019500000000000003,97.618905802712092,58.571343481627252
-0.0074999999999999997,0.019500000000000003,113.28615340072491,67.971692040434945
-0.0069999999999999993,0.019500000000000003,130.00699400559901,78.004196403359401
-0.0064999999999999988,0.019500000000000003,148.05304128757109,88.831824772542646
-0.0059999999999999984,0.019500000000000003,167.86678059009535,100.7200683540572
-0.0054999999999999979,0.019500000000000003,190.00255631831362,114.00153379098818
-0.005000000000000001,0.019500000000000003,215.01209800762709,129.00725880457625
-0.0044999999999999971,0.019500000000000003,243.28618519407527,145.97171111644516
-0.0040000000000000001,0.019500000000000003,274.8784354128436,164.92706124770615
-0.0035000000000000031,0.019500000000000003,309.34814059048415,185.6088843542905
-0.0029999999999999992,0.019500000000000003,345.66278353585534,207.39767012151319
-0.0025000000000000022,0.019500000000000003,382.19487306086296,229.31692383651776
-0.0019999999999999983,0.019500000000000003,416.83190969712257,250.09914581827354
-0.0015000000000000013,0.019500000000000003,447.19528053959988,268.31716832375992
-0.00099999999999999742,0.019500000000000003,470.93875111231404,282.56325066738839
-0.00050000000000000044,0.019500000000000003,486.07629110841526,291.64577466504915
0,0.019500000000000003,491.27808048803394,294.76684829282033
0.00050000000000000044,0.019500000000000003,486.07629110507168,291.64577466304297
0.0010000000000000009,0.019500000000000003,470.93875110442076,282.56325066265242
0.0015000000000000013,0.019500000000000003,447.1952805244685,268.31716831468111
0.0020000000000000018,0.019500000000000003,416.83190967001383,250.09914580200828
0.0024999999999999988,0.019500000000000003,382.19487301410078,229.31692380846047
0.0030000000000000027,0.019500000000000003,345.66278345760503,207.39767007456302
0.0034999999999999996,0.019500000000000003,309.34814046321998,185.60888427793199
0.0040000000000000036,0.019500000000000003,274.87843521156947,164.92706112694168
0.0045000000000000005,0.019500000000000003,243.28618488448819,145.97171093069292
0.0049999999999999975,0.019500000000000003,215.01209754449118,129.0072585266947
0.0055000000000000014,0.019500000000000003,190.00255564445359,114.00153338667215
0.0059999999999999984,0.019500000000000003,167.86677963649518,100.7200677818971
0.0064999999999999988,0.019500000000000003,148.0530399750711,88.831823985042661
0.0069999999999999993,0.019500000000000003,130.00699224861199,78.00419534916719
0.0074999999999999997,0.019500000000000003,113.28615111315689,67.971690667894137
0.0080000000000000002,0.019500000000000003,97.618902905930398,58.571341743558236
0.0085000000000000006,0.019500000000000003,82.910356829898873,49.746214097939323
0.0090000000000000011,0.019500000000000003,69.207700603641328,41.524620362184798
0.0095000000000000015,0.019500000000000003,56.642978615716011,33.985787169429607
0.010000000000000002,0.019500000000000003,45.371329427044522,27.222797656226714
0.010500000000000002,0.019500000000000003,35.518910429351941,21.311346257611163
0.011000000000000003,0.019500000000000003,27.148849959696072,16.289309975817641
0.011500000000000003,0.019500000000000003,20.247478845106706,12.148487307064023
0.012000000000000004,0.019500000000000003,14.728235146308382,8.8369410877850285
0.012499999999999997,0.019500000000000003,10.447753265656754,6.2686519593940524
0.013000000000000005,0.019500000000000003,7.2278050606831625,4.3366830364098972
0.013499999999999998,0.019500000000000003,4.8775186344380455,2.926511180662827
0.014000000000000005,0.019500000000000003,3.2119813536049375,1.9271888121629623
0.014499999999999999,0.019500000000000003,2.0652618380446239,1.2391571028267743
0.014999999999999999,0.019500000000000003,1.2975550415172392,0.77853302491034349
0.0155,0.019500000000000003,0.79729551398173393,0.47837730838904036
0.016000000000000007,0.019500000000000003,0.47964589032241195,0.28778753419344716
0.016500000000000001,0.019500000000000003,0.28285085890606737,0.16971051534364043
0.017000000000000001,0.019500000000000003,0.16372073561354428,0.098232441368126561
0.017500000000000002,0.019500000000000003,0.093143890676111632,0.055886334405666975
0.017999999999999995,0.019500000000000003,0.052154305793916021,0.031292583476349611
0.018500000000000003,0.019500000000000003,0.028776209803283791,0.017265725881970274
0.019000000000000003,0.019500000000000003,0.015660380489783937,0.0093962282938703616
0.019500000000000003,0.019500000000000003,0.0084113676933785728,0.0050468206160271438
0.019999999999999997,0.019500000000000003,0.0044598415321504582,0.0026759049192902748
0.020499999999999997,0.019500000000000003,0.0023338091613682257,0.0014002854968209353
0.021000000000000005,0.019500000000000003,0.0012045679631062874,0.00072274077786377235
0.021500000000000005,0.019500000000000003,0.00061262729497830169,0.00036757637698698101
0.021999999999999999,0.019500000000000003,0.00030664343259192945,0.00018398605955515768
0.022499999999999999,0.019500000000000003,0.00015085406565862577,9.0512439395175454e-05
0.023000000000000007,0.019500000000000003,7.2838938200297965e-05,4.3703362920178777e-05
0.023500000000000007,0.019500000000000003,3.4472182715911701e-05,2.068330962954702e-05
0.024,0.019500000000000003,1.597093613566607e-05,9.5825616813996426e-06
0.024500000000000001,0.019500000000000003,7.2354069224312216e-06,4.3412441534587332e-06
0.025000000000000001,0.019500000000000003,3.2021662788708285e-06,1.921299767322497e-06
-0.025000000000000001,0.019999999999999997,1.5182790077425537e-06,9.1096740464553214e-07
-0.024500000000000001,0.019999999999999997,3.4456946064690085e-06,2.0674167638814049e-06
-0.024,0.019999999999999997,7.6466875051647529e-06,4.5880125030988514e-06
-0.0235,0.019999999999999997,1.6612180476014473e-05,9.9673082856086835e-06
-0.023,0.019999999999999997,3.5373563991522628e-05,2.1224138394913577e-05
-0.022500000000000003,0.019999999999999997,7.3928941367047343e-05,4.4357364820228405e-05
-0.022000000000000002,0.019999999999999997,0.00015185755434279921,9.1114532605679526e-05
-0.021500000000000002,0.019999999999999997,0.00030699463083142035,0.00018419677849885221
-0.021000000000000001,0.019999999999999997,0.00061153924539279986,0.0003669235472356799
-0.020500000000000001,0.019999999999999997,0.0012015392209056357,0.0007209235325433814
-0.02,0.019999999999999997,0.0023299389122990654,0.0013979633473794391
-0.0195,0.019999999999999997,0.0044600451607545132,0.0026760270964527079
-0.019,0.019999999999999997,0.0084261440875204128,0.0050556864525122475
-0.018500000000000003,0.019999999999999997,0.01570155467063095,0.0094209328023785698
-0.018000000000000002,0.019999999999999997,0.028831170129887146,0.017298702077932288
-0.017500000000000002,0.019999999999999997,0.052103189923943451,0.031261913954366068
-0.017000000000000001,0.019999999999999997,0.092547983987720239,0.055528790392632144
-0.016500000000000001,0.019999999999999997,0.16135166363972775,0.09681099818383665
-0.016,0.019999999999999997,0.27574484778636044,0.16544690867181625
-0.0155,0.019999999999999997,0.4613580965267679,0.27681485791606075
-0.015000000000000001,0.019999999999999997,0.75491181139398822,0.4529470868363929
-0.014500000000000001,0.019999999999999997,1.2069275145367291,0.72415650872203741
-0.014,0.019999999999999997,1.8839267073805133,1.130356024428308
-0.0135,0.019999999999999997,2.869369234573842,1.7216215407443052
-0.012999999999999999,0.019999999999999997,4.2624535010382392,2.5574721006229435
-0.012500000000000001,0.019999999999999997,6.1739576889197281,3.7043746133518365
-0.012,0.019999999999999997,8.7186446149709393,5.2311867689825631
-0.0115,0.019999999999999997,12.004441197344915,7.2026647184069486
-0.010999999999999999,0.019999999999999997,16.1196036304719,9.6717621782831404
-0.010499999999999999,0.019999999999999997,21.1202263680836,12.67213582085016
-0.010000000000000002,0.019999999999999997,27.021439789769307,16.212863873861583
-0.0095000000000000015,0.019999999999999997,33.79605952197462,20.277635713184772
-0.0090000000000000011,0.019999999999999997,41.383890764214208,24.830334458528522
-0.0085000000000000006,0.019999999999999997,49.713092359841468,29.827855415904878
-0.0080000000000000002,0.019999999999999997,58.732012529085665,35.239207517451398
-0.0074999999999999997,0.019999999999999997,68.446183060262968,41.067709836157782
-0.0069999999999999993,0.019999999999999997,78.951583700680814,47.370950220408488
-0.0064999999999999988,0.019999999999999997,90.453021298512382,54.271812779107428
-0.0059999999999999984,0.019999999999999997,103.25665067976657,61.953990407859933
-0.0054999999999999979,0.019999999999999997,117.7290411580866,70.637424694851958
-0.005000000000000001,0.019999999999999997,134.22174870335169,80.533049222011016
-0.0044999999999999971,0.019999999999999997,152.96909974102951,91.7814598446177
-0.0040000000000000001,0.019999999999999997,173.97591472444816,104.3855488346689
-0.0035000000000000031,0.019999999999999997,196.9187259370099,118.15123556220593
-0.0029999999999999992,0.019999999999999997,221.08627937661262,132.65176762596758
-0.0025000000000000022,0.019999999999999997,245.38119057976843,147.22871434786106
-0.0019999999999999983,0.019999999999999997,268.39445858615443,161.03667515169266
-0.0015000000000000013,0.019999999999999997,288.54980960672492,173.12988576403495
-0.00099999999999999742,0.019999999999999997,304.29877164275109,182.57926298565064
-0.00050000000000000044,0.019999999999999997,314.33400834731503,188.600405008389
0,0.019999999999999997,317.78150472263115,190.6689028335787
0.00050000000000000044,0.019999999999999997,314.33400834619891,188.60040500771933
0.0010000000000000009,0.019999999999999997,304.29877164011629,182.57926298406977
0.0015000000000000013,0.019999999999999997,288.5498096016741,173.12988576100446
0.0020000000000000018,0.019999999999999997,268.39445857710564,161.03667514626338
0.0024999999999999988,0.019999999999999997,245.38119056415943,147.22871433849565
0.0030000000000000027,0.019999999999999997,221.08627935049276,132.65176761029565
0.0034999999999999996,0.019999999999999997,196.9187258945295,118.15123553671769
0.0040000000000000036,0.019999999999999997,173.97591465726339,104.38554879435803
0.0045000000000000005,0.019999999999999997,152.96909963769019,91.781459782614107
0.0049999999999999975,0.019999999999999997,134.22174854875837,80.533049129255019
0.0055000000000000014,0.019999999999999997,117.7290409331541,70.637424559892452
0.0059999999999999984,0.019999999999999997,103.25665036145766,61.953990216874594
0.0064999999999999988,0.019999999999999997,90.453020860403811,54.271812516242285
0.0069999999999999993,0.019999999999999997,78.951583114203785,47.370949868522267
0.0074999999999999997,0.019999999999999997,68.446182296679524,41.067709378007713
0.0080000000000000002,0.019999999999999997,58.7320115621486,35.239206937289161
0.0085000000000000006,0.019999999999999997,49.713091168938917,29.82785470136335
0.0090000000000000011,0.019999999999999997,41.38388933765264,24.830333602591583
0.0095000000000000015,0.019999999999999997,33.796057859936212,20.277634715961728
0.010000000000000002,0.019999999999999997,27.021437906433082,16.212862743859848
0.010500000000000002,0.019999999999999997,21.120224292448778,12.672134575469267
0.011000000000000003,0.019999999999999997,16.119601405572986,9.671760843343792
0.011500000000000003,0.019999999999999997,12.004438877783462,7.202663326670077
0.012000000000000004,0.019999999999999997,8.7186422629685936,5.2311853577811558
0.012499999999999997,0.019999999999999997,6.1739553693583034,3.7043732216149818
0.013000000000000005,0.019999999999999997,4.2624512761393385,2.5574707656836031
0.013499999999999998,0.019999999999999997,2.8693671589390681,1.7216202953634407
0.014000000000000005,0.019999999999999997,1.8839248240442612,1.1303548944265567
0.014499999999999999,0.019999999999999997,1.2069258524983293,0.72415551149899759
0.014999999999999999,0.019999999999999997,0.75491038483245843,0.45294623089947506
0.0155,0.019999999999999997,0.46135690562421194,0.27681414337452714
0.016000000000000007,0.019999999999999997,0.2757438808492883,0.16544632850957297
0.016500000000000001,0.019999999999999997,0.16135090005636366,0.096810540033818185
0.017000000000000001,0.019999999999999997,0.092547397510740884,0.055528438506444532
0.017500000000000002,0.019999999999999997,0.052102751815376283,0.031261651089225767
0.017999999999999995,0.019999999999999997,0.028830851820983997,0.017298511092590396
0.018500000000000003,0.019999999999999997,0.015701329738192538,0.009420797842915522
0.019000000000000003,0.019999999999999997,0.0084259894938669803,0.0050555936963201879
0.019500000000000003,0.019999999999999997,0.0044599418209836138,0.0026759650925901684
0.019999999999999997,0.019999999999999997,0.0023298717261742629,0.0013979230357045577
0.020499999999999997,0.019999999999999997,0.0012014967366557317,0.00072089804199343898
0.021000000000000005,0.019999999999999997,0.00061151311700689641,0.00036690787020413784
0.021500000000000005,0.019999999999999997,0.00030697900174930359,0.00018418740104958215
0.021999999999999999,0.019999999999999997,0.00015184846168956871,9.1109077013741221e-05
0.022499999999999999,0.019999999999999997,7.3923796382809582e-05,4.4354277829685747e-05
0.023000000000000007,0.019999999999999997,3.5370732509991976e-05,2.1222439505995184e-05
0.023500000000000007,0.019999999999999997,1.6610664893165684e-05,9.9663989358994101e-06
0.024,0.019999999999999997,7.6458984962774698e-06,4.5875390977664813e-06
0.024500000000000001,0.019999999999999997,3.4452951031675245e-06,2.0671770619005146e-06
0.025000000000000001,0.019999999999999997,1.5180822666337642e-06,9.1084935998025846e-07
-0.025000000000000001,0.020499999999999997,7.0312815023950834e-07,4.2187689014370497e-07
-0.024500000000000001,0.020499999999999997,1.6043382893148228e-06,9.6260297358889372e-07
-0.024,0.020499999999999997,3.5835548417910228e-06,2.1501329050746137e-06
-0.0235,0.020499999999999997,7.8456862953326401e-06,4.7074117771995837e-06
-0.023,0.020499999999999997,1.6858976167724809e-05,1.0115385700634885e-05
-0.022500000000000003,0.020499999999999997,3.5605538238023841e-05,2.1363322942814304e-05
-0.022000000000000002,0.020499999999999997,7.4007578068040889e-05,4.4404546840824532e-05
-0.021500000000000002,0.020499999999999997,0.00015157715572546685,9.0946293435280109e-05
-0.021000000000000001,0.020499999999999997,0.00030620412728861311,0.00018372247637316787
-0.020500000000000001,0.020499999999999997,0.00061049318842577166,0.00036629591305546299
-0.02,0.020499999999999997,0.0012015396235190306,0.00072092377411141835
-0.0195,0.020499999999999997,0.0023339383588810926,0.0014003630153286556
-0.019,0.020499999999999997,0.0044716065221990361,0.0026829639133194214
-0.018500000000000003,0.020499999999999997,0.0084419331963620052,0.0050651599178172029
-0.018000000000000002,0.020499999999999997,0.015685570090911361,0.0094113420545468163
-0.017500000000000002,0.020499999999999997,0.028645475201946512,0.017187285121167906
-0.017000000000000001,0.020499999999999997,0.051346522686490599,0.030807913611894357
-0.016500000000000001,0.020499999999999997,0.090216752553492388,0.054130051532095429
-0.016,0.020499999999999997,0.15518556519863949,0.093111339119183692
-0.0155,0.020499999999999997,0.26105411297772091,0.15663246778663253
-0.015000000000000001,0.020499999999999997,0.42906155964324966,0.25743693578594978
-0.014500000000000001,0.020499999999999997,0.68846649552589445,0.41307989731553668
-0.014,0.020499999999999997,1.0778359631454959,0.64670157788729754
-0.0135,0.020499999999999997,1.6456123658489645,0.98736741950937867
-0.012999999999999999,0.020499999999999997,2.4494565763129463,1.4696739457877677
-0.012500000000000001,0.020499999999999997,3.5539027792285887,2.1323416675371529
-0.012,0.020499999999999997,5.0260647555625813,3.0156388533375487
-0.0115,0.020499999999999997,6.929537204002413,4.1577223224014475
-0.010999999999999999,0.020499999999999997,9.3172184394024473,5.590331063641468
-0.010499999999999999,0.020499999999999997,12.224444207082819,7.3346665242496911
-0.010000000000000002,0.020499999999999997,15.664384997811407,9.3986309986868442
-0.0095000000000000015,0.020499999999999997,19.627880667564668,11.776728400538801
-0.0090000000000000011,0.020499999999999997,24.089526303755584,14.453715782253349
-0.0085000000000000006,0.020499999999999997,29.020730227029919,17.412438136217951
-0.0080000000000000002,0.020499999999999997,34.408668987511838,20.645201392507101
-0.0074999999999999997,0.020499999999999997,40.277843992802062,24.166706395681235
-0.0069999999999999993,0.020499999999999997,46.708830115946789,28.025298069568073
-0.0064999999999999988,0.020499999999999997,53.847493944750546,32.308496366850328
-0.0059999999999999984,0.020499999999999997,61.898135201408813,37.138881120845284
-0.0054999999999999979,0.020499999999999997,71.096117865940585,42.657670719564351
-0.005000000000000001,0.020499999999999997,81.659596627755889,48.995757976653529
-0.0044999999999999971,0.020499999999999997,93.725305772322386,56.235183463393433
-0.0040000000000000001,0.020499999999999997,107.27889158919903,64.367334953519418
-0.0035000000000000031,0.020499999999999997,122.09441979018476,73.256651874110858
-0.0029999999999999992,0.020499999999999997,137.69900216057198,82.619401296343185
-0.0025000000000000022,0.020499999999999997,153.37599455057685,92.025596730346109
-0.0019999999999999983,0.020499999999999997,168.21386230731775,100.92831738439065
-0.0015000000000000013,0.020499999999999997,181.19862649773367,108.7191758986402
-0.00099999999999999742,0.020499999999999997,191.3377980905197,114.80267885431182
-0.00050000000000000044,0.020499999999999997,197.7953875196412,118.67723251178471
0,0.020499999999999997,200.01327518599655,120.00796511159793
0.00050000000000000044,0.020499999999999997,197.79538751927885,118.6772325115673
0.0010000000000000009,0.020499999999999997,191.33779808966432,114.80267885379858
0.0015000000000000013,0.020499999999999997,181.19862649609388,108.71917589765633
0.0020000000000000018,0.020499999999999997,168.21386230438003,100.92831738262801
0.0024999999999999988,0.020499999999999997,153.37599454550934,92.025596727305597
0.0030000000000000027,0.020499999999999997,137.69900215209213,82.619401291255272
0.0034999999999999996,0.020499999999999997,122.09441977639348,73.256651865836091
0.0040000000000000036,0.020499999999999997,107.2788915673873,64.367334940432386
0.0045000000000000005,0.020499999999999997,93.725305738773002,56.2351834432638
0.0049999999999999975,0.020499999999999997,81.659596577566887,48.995757946540131
0.0055000000000000014,0.020499999999999997,71.096117792915678,42.657670675749408
0.0059999999999999984,0.020499999999999997,61.898135098069062,37.138881058841434
0.0064999999999999988,0.020499999999999997,53.847493802517512,32.308496281510507
0.0069999999999999993,0.020499999999999997,46.708829925545579,28.025297955327346
0.0074999999999999997,0.020499999999999997,40.277843744902832,24.166706246941697
0.0080000000000000002,0.020499999999999997,34.408668673593326,20.645201204155995
0.0085000000000000006,0.020499999999999997,29.020729840400467,17.412437904240278
0.0090000000000000011,0.020499999999999997,24.089525840618858,14.453715504371313
0.0095000000000000015,0.020499999999999997,19.627880127979797,11.776728076787878
0.010000000000000002,0.020499999999999997,15.664384386381657,9.3986306318289934
0.010500000000000002,0.020499999999999997,12.224443533222841,7.3346661199337042
0.011000000000000003,0.020499999999999997,9.3172177170835315,5.5903306302501186
0.011500000000000003,0.020499999999999997,6.929536450951054,4.157721870570632
0.012000000000000004,0.020499999999999997,5.0260639919792078,3.0156383951875245
0.012499999999999997,0.020499999999999997,3.5539020261772536,2.1323412157063522
0.013000000000000005,0.020499999999999997,2.4494558539940239,1.4696735123964142
0.013499999999999998,0.020499999999999997,1.6456116919890165,0.98736701519340986
0.014000000000000005,0.020499999999999997,1.0778353517157322,0.64670121102943934
0.014499999999999999,0.020499999999999997,0.68846595594102855,0.41307957356461711
0.014999999999999999,0.020499999999999997,0.42906109650653013,0.25743665790391806
0.0155,0.020499999999999997,0.26105372634826729,0.15663223580896038
0.016000000000000007,0.020499999999999997,0.15518525128013275,0.093111150768079645
0.016500000000000001,0.020499999999999997,0.090216504654269253,0.054129902792561552
0.017000000000000001,0.020499999999999997,0.051346332285292201,0.03080779937117532
0.017500000000000002,0.020499999999999997,0.028645332968919204,0.017187199781351522
0.017999999999999995,0.020499999999999997,0.015685466751140631,0.0094112800506843779
0.018500000000000003,0.020499999999999997,0.0084418601714908847,0.0050651161028945303
0.019000000000000003,0.020499999999999997,0.0044715563329880154,0.002682933799792809
0.019500000000000003,0.020499999999999997,0.0023339048093694893,0.0014003428856216936
0.019999999999999997,0.020499999999999997,0.0012015178113778441,0.00072091068682670646
0.020499999999999997,0.020499999999999997,0.00061047939580921996,0.00036628763748553194
0.021000000000000005,0.020499999999999997,0.00030619564464366131,0.00018371738678619678
0.021500000000000005,0.020499999999999997,0.00015157208170539458,9.0943249023236751e-05
0.021999999999999999,0.020499999999999997,7.4004626115735205e-05,4.4402775669441119e-05
0.022499999999999999,0.020499999999999997,3.560386790619644e-05,2.1362320743717864e-05
0.023000000000000007,0.020499999999999997,1.6858056920259633e-05,1.0114834152155779e-05
0.023500000000000007,0.020499999999999997,7.8451942576212551e-06,4.7071165545727526e-06
0.024,0.020499999999999997,3.5832986881090004e-06,2.1499792128654002e-06
0.024500000000000001,0.020499999999999997,1.6042085895822788e-06,9.6252515374936727e-07
0.025000000000000001,0.020499999999999997,7.0306427775310928e-07,4.2183856665186555e-07
-0.025000000000000001,0.021000000000000005,3.1841477275196753e-07,1.9104886365118052e-07
-0.024500000000000001,0.021000000000000005,7.3126686263866004e-07,4.38760117583196e-07
-0.024,0.021000000000000005,1.6461040274573841e-06,9.8766241647443048e-07
-0.0235,0.021000000000000005,3.6368211514392885e-06,2.1820926908635732e-06
-0.023,0.021000000000000005,7.8971902532786709e-06,4.7383141519672026e-06
-0.022500000000000003,0.021000000000000005,1.6877005505919618e-05,1.0126203303551771e-05
-0.022000000000000002,0.021000000000000005,3.5539958455732478e-05,2.1323975073439487e-05
-0.021500000000000002,0.021000000000000005,7.3817256821716903e-05,4.4290354093030143e-05
-0.021000000000000001,0.021000000000000005,0.00015131814956841964,9.079088974105178e-05
-0.020500000000000001,0.021000000000000005,0.00030620419251295466,0.0001837225155077728
-0.02,0.021000000000000005,0.0006115395655564203,0.00036692373933385218
-0.0195,0.021000000000000005,0.0012046473868835153,0.00072278843213010918
-0.019,0.021000000000000005,0.0023382886803377124,0.0014029732082026273
-0.018500000000000003,0.021000000000000005,0.004466985423126962,0.0026801912538761772
-0.018000000000000002,0.021000000000000005,0.0083873682726219659,0.0050324209635731797
-0.017500000000000002,0.021000000000000005,0.015457263772597497,0.0092743582635584979
-0.017000000000000001,0.021000000000000005,0.027922591709078931,0.016753555025447359
-0.016500000000000001,0.021000000000000005,0.049381005764222427,0.029628603458533454
-0.016,0.021000000000000005,0.085402314036498034,0.05124138842189882
-0.0155,0.021000000000000005,0.14430316250177097,0.086581897501062585
-0.015000000000000001,0.021000000000000005,0.23803324371826617,0.1428199462309597
-0.014500000000000001,0.021000000000000005,0.38307180075425712,0.22984308045255425
-0.014,0.021000000000000005,0.6011624141040125,0.36069744846240748
-0.0135,0.021000000000000005,0.91964642042655032,0.55178785225593019
-0.012999999999999999,0.021000000000000005,1.371116626548003,0.82266997592880176
-0.012500000000000001,0.021000000000000005,1.9921364886183848,1.1952818931710307
-0.012,0.021000000000000005,2.8208879950398167,1.6925327970238899
-0.0115,0.021000000000000005,3.8938420500926689,2.3363052300556011
-0.010999999999999999,0.021000000000000005,5.2418754365097584,3.145125261905855
-0.010499999999999999,0.021000000000000005,6.8866315175257871,4.1319789105154721
-0.010000000000000002,0.021000000000000005,8.8382333784434923,5.3029400270660956
-0.0095000000000000015,0.021000000000000005,11.095570237017007,6.6573421422102044
-0.0090000000000000011,0.021000000000000005,13.650153473968578,8.1900920843811456
-0.0085000000000000006,0.021000000000000005,16.493891563600833,9.8963349381604999
-0.0080000000000000002,0.021000000000000005,19.630083108045405,11.778049864827242
-0.0074999999999999997,0.021000000000000005,23.085638017492503,13.851382810495501
-0.0069999999999999993,0.021000000000000005,26.9213189705298,16.152791382317879
-0.0064999999999999988,0.021000000000000005,31.236055962440648,18.741633577464388
-0.0059999999999999984,0.021000000000000005,36.16152880105863,21.696917280635176
-0.0054999999999999979,0.021000000000000005,41.844499147920487,25.106699488752291
-0.005000000000000001,0.021000000000000005,48.416797591748143,29.050078555048884
-0.0044999999999999971,0.021000000000000005,55.956073389758863,33.573644033855317
-0.0040000000000000001,0.021000000000000005,64.443698038667947,38.666218823200765
-0.0035000000000000031,0.021000000000000005,73.72867286450672,44.237203718704031
-0.0029999999999999992,0.021000000000000005,83.507141495759043,50.104284897455422
-0.0025000000000000022,0.021000000000000005,93.325567996936201,55.99534079816172
-0.0019999999999999983,0.021000000000000005,102.61177315442555,61.567063892655327
-0.0015000000000000013,0.021000000000000005,110.73244905363795,66.439469432182761
-0.00099999999999999742,0.021000000000000005,117.06970592016401,70.24182355209841
-0.00050000000000000044,0.021000000000000005,121.10416535984177,72.662499215905058
0,0.021000000000000005,122.48951565348516,73.493709392091091
0.00050000000000000044,0.021000000000000005,121.10416535972736,72.662499215836419
0.0010000000000000009,0.021000000000000005,117.06970591989393,70.241823551936363
0.0015000000000000013,0.021000000000000005,110.73244905312016,66.439469431872098
0.0020000000000000018,0.021000000000000005,102.61177315349792,61.567063892098751
0.0024999999999999988,0.021000000000000005,93.325567995336186,55.995340797201713
0.0030000000000000027,0.021000000000000005,83.507141493081377,50.104284895848828
0.0034999999999999996,0.021000000000000005,73.728672860152031,44.237203716091216
0.0040000000000000036,0.021000000000000005,64.443698031780684,38.666218819068412
0.0045000000000000005,0.021000000000000005,55.956073379165318,33.573644027499192
0.0049999999999999975,0.021000000000000005,48.416797575900524,29.050078545540313
0.0055000000000000014,0.021000000000000005,41.84449912486221,25.106699474917324
0.0059999999999999984,0.021000000000000005,36.161528768428219,21.696917261056932
0.0064999999999999988,0.021000000000000005,31.23605591752936,18.741633550517616
0.0069999999999999993,0.021000000000000005,26.921318910408999,16.152791346245397
0.0074999999999999997,0.021000000000000005,23.085637939216237,13.851382763529742
0.0080000000000000002,0.021000000000000005,19.630083008922977,11.778049805353787
0.0085000000000000006,0.021000000000000005,16.493891441519306,9.8963348649115837
0.0090000000000000011,0.021000000000000005,13.650153327729248,8.1900919966375483
0.0095000000000000015,0.021000000000000005,11.09557006663853,6.657342039983118
0.010000000000000002,0.021000000000000005,8.8382331853793836,5.3029399112276296
0.010500000000000002,0.021000000000000005,6.886631304748799,4.1319787828492789
0.011000000000000003,0.021000000000000005,5.2418752084314573,3.1451251250588741
0.011500000000000003,0.021000000000000005,3.8938418123103444,2.3363050873862066
0.012000000000000004,0.021000000000000005,2.8208877539319173,1.6925326523591504
0.012499999999999997,0.021000000000000005,1.9921362508360705,1.1952817505016422
0.013000000000000005,0.021000000000000005,1.3711163984697026,0.82266983908182156
0.013499999999999998,0.021000000000000005,0.91964620764958338,0.55178772458975001
0.014000000000000005,0.021000000000000005,0.60116222103990125,0.36069733262394071
0.014499999999999999,0.021000000000000005,0.38307163037578068,0.2298429782254684
0.014999999999999999,0.021000000000000005,0.23803309747893756,0.14281985848736253
0.0155,0.021000000000000005,0.14430304042025682,0.086581824252154091
0.016000000000000007,0.021000000000000005,0.08540221491407872,0.051241328948447233
0.016500000000000001,0.021000000000000005,0.049380927487949686,0.029628556492769811
0.017000000000000001,0.021000000000000005,0.027922531588292946,0.016753518952975766
0.017500000000000002,0.021000000000000005,0.015457218861318225,0.009274331316790934
0.017999999999999995,0.021000000000000005,0.0083873356422168518,0.0050324013853301113
0.018500000000000003,0.021000000000000005,0.0044669623649073393,0.0026801774189444036
0.019000000000000003,0.021000000000000005,0.0023382728326705655,0.0014029636996023393
0.019500000000000003,0.021000000000000005,0.0012046367933419575,0.00072278207600517442
0.019999999999999997,0.021000000000000005,0.00061153267818867647,0.00036691960691320589
0.020499999999999997,0.021000000000000005,0.00030619983737782425,0.00018371990242669454
0.021000000000000005,0.021000000000000005,0.00015131547110165458,9.0789282660992744e-05
0.021500000000000005,0.021000000000000005,7.3815654657037683e-05,4.4289392794222606e-05
0.021999999999999999,0.021000000000000005,3.5539026351867818e-05,2.1323415811120689e-05
0.022499999999999999,0.021000000000000005,1.6876478084542098e-05,1.0125886850725258e-05
0.023000000000000007,0.021000000000000005,7.8968999931300518e-06,4.7381399958780309e-06
0.023500000000000007,0.021000000000000005,3.6366657863775057e-06,2.1819994718265033e-06
0.024,0.021000000000000005,1.6460231447695134e-06,9.8761388686170806e-07
0.024500000000000001,0.021000000000000005,7.3122590885302152e-07,4.387355453118129e-07
0.025000000000000001,0.021000000000000005,3.1839460447509496e-07,1.9103676268505698e-07
-0.025000000000000001,0.021500000000000005,1.4116003037083757e-07,8.4696018222502537e-08
-0.024500000000000001,0.021500000000000005,3.2670626552388956e-07,1.9602375931433372e-07
-0.024,0.021500000000000005,7.4214095142796102e-07,4.4528457085677661e-07
-0.0235,0.021500000000000005,1.6569188323139711e-06,9.941512993883826e-07
-0.023,0.021500000000000005,3.6407268379718657e-06,2.1844361027831193e-06
-0.022500000000000003,0.021500000000000005,7.8826735320251036e-06,4.7296041192150623e-06
-0.022000000000000002,0.021500000000000005,1.6833648108255959e-05,1.0100188864953575e-05
-0.021500000000000002,0.021500000000000005,3.5479280289974441e-05,2.1287568173984665e-05
-0.021000000000000001,0.021500000000000005,7.3817266814526854e-05,4.4290360088716113e-05
-0.020500000000000001,0.021500000000000005,0.00015157720616619063,9.0946323699714378e-05
-0.02,0.021500000000000005,0.00030699481674390861,0.00018419689004634516
-0.0195,0.021500000000000005,0.00061267471006899742,0.00036760482604139842
-0.019,0.021500000000000005,0.0012033879297222666,0.00072203275783335992
-0.018500000000000003,0.021500000000000005,0.0023231332491135859,0.0013938799494681514
-0.018000000000000002,0.021500000000000005,0.0044018530648373411,0.0026411118389024044
-0.017500000000000002,0.021500000000000005,0.0081754054425110072,0.0049052432655066038
-0.017000000000000001,0.021500000000000005,0.01486478979038015,0.00891887387422809
-0.016500000000000001,0.021500000000000005,0.026430552772039061,0.015858331663223434
-0.016,0.021500000000000005,0.045913433677398925,0.027548060206439354
-0.0155,0.021500000000000005,0.077859981495620678,0.046715988897372406
-0.015000000000000001,0.021500000000000005,0.12880993116534714,0.077285958699208276
-0.014500000000000001,0.021500000000000005,0.20779029377003277,0.12467417626201965
-0.014,0.021500000000000005,0.32672275302544851,0.19603365181526911
-0.0135,0.021500000000000005,0.50061461409988139,0.30036876845992883
-0.012999999999999999,0.021500000000000005,0.74738343721429101,0.44843006232857457
-0.012500000000000001,0.021500000000000005,1.0871798376923631,0.65230790261541782
-0.012,0.021500000000000005,1.5411393822257589,0.92468362933545523
-0.0115,0.021500000000000005,2.1296225807472062,1.2777735484483237
-0.010999999999999999,0.021500000000000005,2.8701840814886497,1.7221104488931898
-0.010499999999999999,0.021500000000000005,3.7757161950832394,2.2654297170499436
-0.010000000000000002,0.021500000000000005,4.8533793546350958,2.9120276127810576
-0.0095000000000000015,0.021500000000000005,6.1049860852386022,3.6629916511431611
-0.0090000000000000011,0.021500000000000005,7.5293691455255107,4.5176214873153064
-0.0085000000000000006,0.021500000000000005,9.1268913324459078,5.4761347994675447
-0.0080000000000000002,0.021500000000000005,10.905656251318788,6.5433937507912727
-0.0074999999999999997,0.021500000000000005,12.888250049511971,7.7329500297071823
-0.0069999999999999993,0.021500000000000005,15.117160722709174,9.0702964336255043
-0.0064999999999999988,0.021500000000000005,17.656616546362482,10.593969927817488
-0.0059999999999999984,0.021500000000000005,20.588688634123052,12.353213180473832
-0.0054999999999999979,0.021500000000000005,24.002265216485164,14.401359129891098
-0.005000000000000001,0.021500000000000005,27.974922075057876,16.784953245034725
-0.0044999999999999971,0.021500000000000005,32.54957678229394,19.529746069376362
-0.0040000000000000001,0.021500000000000005,37.709719525476544,22.625831715285926
-0.0035000000000000031,0.021500000000000005,43.358432998132976,26.015059798879786
-0.0029999999999999992,0.021500000000000005,49.306831873285191,29.584099123971114
-0.0025000000000000022,0.021500000000000005,55.276627144422051,33.165976286653226
-0.0019999999999999983,0.021500000000000005,60.919229114485695,36.551537468691414
-0.0015000000000000013,0.021500000000000005,65.850510837349006,39.510306502409399
-0.00099999999999999742,0.021500000000000005,69.696773352409522,41.818064011445713
-0.00050000000000000044,0.021500000000000005,72.144481543868892,43.286688926321332
0,0.021500000000000005,72.984811003533409,43.790886602120047
0.00050000000000000044,0.021500000000000005,72.144481543833749,43.286688926300251
0.0010000000000000009,0.021500000000000005,69.696773352326574,41.81806401139594
0.0015000000000000013,0.021500000000000005,65.850510837189987,39.510306502313988
0.0020000000000000018,0.021500000000000005,60.919229114200796,36.551537468520479
0.0024999999999999988,0.021500000000000005,55.276627143930696,33.165976286358415
0.0030000000000000027,0.021500000000000005,49.306831872462837,29.584099123477699
0.0034999999999999996,0.021500000000000005,43.358432996795614,26.015059798077367
0.0040000000000000036,0.021500000000000005,37.709719523361372,22.625831714016822
0.0045000000000000005,0.021500000000000005,32.549576779040557,19.529746067424334
0.0049999999999999975,0.021500000000000005,27.974922070190953,16.784953242114572
0.0055000000000000014,0.021500000000000005,24.002265209403767,14.401359125642259
0.0059999999999999984,0.021500000000000005,20.58868862410198,12.353213174461187
0.0064999999999999988,0.021500000000000005,17.656616532569839,10.593969919541903
0.0069999999999999993,0.021500000000000005,15.117160704245576,9.0702964225473455
0.0074999999999999997,0.021500000000000005,12.88825002547267,7.7329500152836017
0.0080000000000000002,0.021500000000000005,10.905656220877479,6.5433937325264866
0.0085000000000000006,0.021500000000000005,9.1268912949536762,5.4761347769722057
0.0090000000000000011,0.021500000000000005,7.5293691006142272,4.5176214603685363
0.0095000000000000015,0.021500000000000005,6.1049860329139847,3.6629916197483907
0.010000000000000002,0.021500000000000005,4.8533792953435446,2.9120275772061266
0.010500000000000002,0.021500000000000005,3.7757161297377007,2.2654296778426204
0.011000000000000003,0.021500000000000005,2.8701840114439574,1.7221104068663744
0.011500000000000003,0.021500000000000005,2.1296225077223312,1.2777735046333987
0.012000000000000004,0.021500000000000005,1.5411393081795746,0.92468358490774472
0.012499999999999997,0.021500000000000005,1.0871797646674939,0.65230785880049635
0.013000000000000005,0.021500000000000005,0.74738336716960296,0.44843002030176177
0.013499999999999998,0.021500000000000005,0.50061454875435651,0.30036872925261388
0.014000000000000005,0.021500000000000005,0.32672269373390084,0.19603361624034049
0.014499999999999999,0.021500000000000005,0.20779024144542688,0.12467414486725611
0.014999999999999999,0.021500000000000005,0.12880988625406831,0.077285931752440987
0.0155,0.021500000000000005,0.077859944003401724,0.04671596640204103
0.016000000000000007,0.021500000000000005,0.04591340323610333,0.027548041941661997
0.016500000000000001,0.021500000000000005,0.026430528732763591,0.015858317239658155
0.017000000000000001,0.021500000000000005,0.014864771326801252,0.0089188627960807513
0.017500000000000002,0.021500000000000005,0.0081753916498944756,0.0049052349899366852
0.017999999999999995,0.021500000000000005,0.0044018430437764364,0.0026411058262658616
0.018500000000000003,0.021500000000000005,0.0023231261677481357,0.0013938757006488813
0.019000000000000003,0.021500000000000005,0.0012033830627757047,0.00072202983766542282
0.019500000000000003,0.021500000000000005,0.00061267145670683431,0.00036760287402410057
0.019999999999999997,0.021500000000000005,0.00030699270157765553,0.00018419562094659331
0.020499999999999997,0.021500000000000005,0.00015157586866902163,9.0945521201412979e-05
0.021000000000000005,0.021500000000000005,7.3816444235753e-05,4.4289866541451796e-05
0.021500000000000005,0.021500000000000005,3.5478788252263011e-05,2.1287272951357806e-05
0.021999999999999999,0.021500000000000005,1.6833361851631849e-05,1.0100017110979109e-05
0.022499999999999999,0.021500000000000005,7.8825115566608707e-06,4.7295069339965222e-06
0.023000000000000007,0.021500000000000005,3.6406376967361736e-06,2.1843826180417041e-06
0.023500000000000007,0.021500000000000005,1.6568711184488286e-06,9.9412267106929715e-07
0.024,0.021500000000000005,7.4211611170134037e-07,4.4526966702080421e-07
0.024500000000000001,0.021500000000000005,3.2669368828559358e-07,1.9601621297135613e-07
0.025000000000000001,0.021500000000000005,1.4115383653013916e-07,8.4692301918083495e-08
-0.025000000000000001,0.021999999999999999,6.1338225605025641e-08,3.6802935363015383e-08
-0.024500000000000001,0.021999999999999999,1.4325978514204416e-07,8.5955871085226497e-08
-0.024,0.021999999999999999,3.2885406921087073e-07,1.9731244152652243e-07
-0.0235,0.021999999999999999,7.4294058370403711e-07,4.4576435022242227e-07
-0.023,0.021999999999999999,1.6538777854355583e-06,9.9232667126133496e-07
-0.022500000000000003,0.021999999999999999,3.6313812478245179e-06,2.1788287486947105e-06
-0.022000000000000002,0.021999999999999999,7.8692241147519289e-06,4.7215344688511568e-06
-0.021500000000000002,0.021999999999999999,1.6833649556146463e-05,1.0100189733687877e-05
-0.021000000000000001,0.021999999999999999,3.5539965971144842e-05,2.1323979582686904e-05
-0.020500000000000001,0.021999999999999999,7.4007606552981152e-05,4.4404563931788687e-05
-0.02,0.021999999999999999,0.00015185764777414038,9.1114588664484219e-05
-0.0195,0.021999999999999999,0.00030667095235689998,0.00018400257141413999
-0.019,0.021999999999999999,0.00060869513062856333,0.00036521707837713799
-0.018500000000000003,0.021999999999999999,0.0011858173330772015,0.00071149039984632083
-0.018000000000000002,0.021999999999999999,0.0022643579181260967,0.0013586147508756581
-0.017500000000000002,0.021999999999999999,0.0042329570143801697,0.0025397742086281016
-0.017000000000000001,0.021999999999999999,0.0077381077413707271,0.0046428646448224359
-0.016500000000000001,0.021999999999999999,0.013819857192221988,0.0082919143153331928
-0.016,0.021999999999999999,0.024093612835037394,0.014456167701022435
-0.0155,0.021999999999999999,0.0409774504943222,0.024586470296593319
-0.015000000000000001,0.021999999999999999,0.067952691817633276,0.040771615090579964
-0.014500000000000001,0.021999999999999999,0.10982869285535533,0.065897215713213192
-0.014,0.021999999999999999,0.17296259394835656,0.10377755636901394
-0.0135,0.021999999999999999,0.26536582710298739,0.15921949626179244
-0.012999999999999999,0.021999999999999999,0.39661907763163778,0.23797144657898267
-0.012500000000000001,0.021999999999999999,0.57752587792350829,0.34651552675410496
-0.012,0.021999999999999999,0.81947141655146494,0.49168284993087896
-0.0115,0.021999999999999999,1.1335223824102796,0.68011342944616771
-0.010999999999999999,0.021999999999999999,1.5294013562545947,0.91764081375275675
-0.010499999999999999,0.021999999999999999,2.0145777494693218,1.2087466496815931
-0.010000000000000002,0.021999999999999999,2.5938046860673034,1.556282811640382
-0.0095000000000000015,0.021999999999999999,3.2694556682445874,1.9616734009467525
-0.0090000000000000011,0.021999999999999999,4.0429349634070251,2.4257609780442149
-0.0085000000000000006,0.021999999999999999,4.9172259824203124,2.9503355894521874
-0.0080000000000000002,0.021999999999999999,5.9003098765568041,3.5401859259340824
-0.0074999999999999997,0.021999999999999999,7.0087845776676376,4.2052707466005828
-0.0069999999999999993,0.021999999999999999,8.2706409483616738,4.9623845690170043
-0.0064999999999999988,0.021999999999999999,9.725936833966534,5.8355621003799198
-0.0059999999999999984,0.021999999999999999,11.424179798954295,6.8545078793725773
-0.0054999999999999979,0.021999999999999999,13.417669177847152,8.0506015067082917
-0.005000000000000001,0.021999999999999999,15.750854732573019,9.450512839543812
-0.0044999999999999971,0.021999999999999999,18.446825371407602,11.06809522284456
-0.0040000000000000001,0.021999999999999999,21.493118345297244,12.895871007178346
-0.0035000000000000031,0.021999999999999999,24.829838034184849,14.897902820510909
-0.0029999999999999992,0.021999999999999999,28.343300148345321,17.005980089007192
-0.0025000000000000022,0.021999999999999999,31.867876782177216,19.120726069306329
-0.0019999999999999983,0.021999999999999999,35.197396542836941,21.118437925702164
-0.0015000000000000013,0.021999999999999999,38.10556074124078,22.863336444744466
-0.00099999999999999742,0.021999999999999999,40.372779228521125,24.223667537112675
-0.00050000000000000044,0.021999999999999999,41.815122571819877,25.089073543091924
0,0.021999999999999999,42.310211818254501,25.386127090952701
0.00050000000000000044,0.021999999999999999,41.815122571809376,25.089073543085625
0.0010000000000000009,0.021999999999999999,40.372779228496348,24.223667537097807
0.0015000000000000013,0.021999999999999999,38.10556074119328,22.863336444715966
0.0020000000000000018,0.021999999999999999,35.197396542751839,21.118437925651104
0.0024999999999999988,0.021999999999999999,31.867876782030468,19.120726069218279
0.0030000000000000027,0.021999999999999999,28.343300148099676,17.005980088859804
0.0034999999999999996,0.021999999999999999,24.829838033785418,14.89790282027125
0.0040000000000000036,0.021999999999999999,21.493118344665444,12.895871006799267
0.0045000000000000005,0.021999999999999999,18.446825370435814,11.068095222261489
0.0049999999999999975,0.021999999999999999,15.750854731119308,9.4505128386715835
0.0055000000000000014,0.021999999999999999,13.417669175731971,8.0506015054391824
0.0059999999999999984,0.021999999999999999,11.424179795961047,6.8545078775766282
0.0064999999999999988,0.021999999999999999,9.7259368298467468,5.8355620979080483
0.0069999999999999993,0.021999999999999999,8.2706409428466952,4.9623845657080166
0.0074999999999999997,0.021999999999999999,7.0087845704872267,4.2052707422923357
0.0080000000000000002,0.021999999999999999,5.9003098674641503,3.54018592047849
0.0085000000000000006,0.021999999999999999,4.917225971221586,2.9503355827329516
0.0090000000000000011,0.021999999999999999,4.0429349499922642,2.4257609699953586
0.0095000000000000015,0.021999999999999999,3.269455652615505,1.961673391569303
0.010000000000000002,0.021999999999999999,2.5938046683572331,1.5562828010143399
0.010500000000000002,0.021999999999999999,2.0145777299509562,1.2087466379705736
0.011000000000000003,0.021999999999999999,1.5294013353326161,0.91764080119956959
0.011500000000000003,0.021999999999999999,1.1335223605981384,0.68011341635888301
0.012000000000000004,0.021999999999999999,0.81947139443426376,0.49168283666055823
0.012499999999999997,0.021999999999999999,0.57752585611137008,0.34651551366682204
0.013000000000000005,0.021999999999999999,0.39661905670966041,0.23797143402579624
0.013499999999999998,0.021999999999999999,0.2653658075846268,0.15921948455077609
0.014000000000000005,0.021999999999999999,0.17296257623828598,0.10377754574297159
0.014499999999999999,0.021999999999999999,0.1098286772262738,0.065897206335764277
0.014999999999999999,0.021999999999999999,0.067952678402873001,0.040771607041723799
0.0155,0.021999999999999999,0.040977439295595643,0.024586463577357383
0.016000000000000007,0.021999999999999999,0.024093603742384034,0.014456162245430421
0.016500000000000001,0.021999999999999999,0.013819850011818057,0.0082919100070908344
0.017000000000000001,0.021999999999999999,0.0077381022263977636,0.004642861335838658
0.017500000000000002,0.021999999999999999,0.0042329528945988662,0.0025397717367593195
0.017999999999999995,0.021999999999999999,0.0022643549248884381,0.0013586129549330629
0.018500000000000003,0.021999999999999999,0.0011858152179109504,0.00071148913074657019
0.019000000000000003,0.021999999999999999,0.00060869367689747134,0.00036521620613848277
0.019500000000000003,0.021999999999999999,0.00030666998059490012,0.00018400198835694006
0.019999999999999997,0.021999999999999999,0.00015185701598521419,9.1114209591128506e-05
0.020499999999999997,0.021999999999999999,7.4007207049680282e-05,4.4404324229808167e-05
0.021000000000000005,0.021999999999999999,3.553972027123364e-05,2.1323832162740184e-05
0.021500000000000005,0.021999999999999999,1.683350258709514e-05,1.0100101552257084e-05
0.021999999999999999,0.021999999999999999,7.8691386114185505e-06,4.7214831668511298e-06
0.022499999999999999,0.021999999999999999,3.6313328666434379e-06,2.1787997199860625e-06
0.023000000000000007,0.021999999999999999,1.6538511594218571e-06,9.9231069565311423e-07
0.023500000000000007,0.021999999999999999,7.4292633182591168e-07,4.4575579909554701e-07
0.024,0.021999999999999999,3.2884664971644572e-07,1.9730798982986742e-07
0.024500000000000001,0.021999999999999999,1.4325602838775947e-07,8.5953617032655678e-08
0.025000000000000001,0.021999999999999999,6.133637553770272e-08,3.6801825322621629e-08
-0.025000000000000001,0.022499999999999999,2.6159861445660244e-08,1.5695916867396145e-08
-0.024500000000000001,0.022499999999999999,6.1741670686987149e-08,3.7045002412192291e-08
-0.024,0.022499999999999999,1.4341454051125886e-07,8.6048724306755308e-08
-0.0235,0.022499999999999999,3.2825123888859144e-07,1.9695074333315486e-07
-0.023,0.022499999999999999,7.4103469320258004e-07,4.4462081592154798e-07
-0.022500000000000003,0.022499999999999999,1.6510574047901769e-06,9.9063444287410612e-07
-0.022000000000000002,0.022499999999999999,3.6313814462355953e-06,2.1788288677413571e-06
-0.021500000000000002,0.022499999999999999,7.8826745910336617e-06,4.7296047546201972e-06
-0.021000000000000001,0.022499999999999999,1.6877009633435899e-05,1.0126205780061539e-05
-0.020500000000000001,0.022499999999999999,3.5605552160134329e-05,2.1363331296080598e-05
-0.02,0.022499999999999999,7.392898422720889e-05,4.4357390536325334e-05
-0.0195,0.022499999999999999,0.00015086960248478343,9.0521761490870058e-05
-0.019,0.022499999999999999,0.00030218843287758192,0.00018131305972654915
-0.018500000000000003,0.022499999999999999,0.0005932815961202149,0.00035596895767212895
-0.018000000000000002,0.022499999999999999,0.0011402816154841449,0.00068416896929048693
-0.017500000000000002,0.022499999999999999,0.0021431417805341919,0.0012858850683205151
-0.017000000000000001,0.022499999999999999,0.0039351486550469588,0.0023610891930281753
-0.016500000000000001,0.022499999999999999,0.0070532947836759686,0.0042319768702055813
-0.016,0.022499999999999999,0.012332613005670503,0.0073995678034023014
-0.0155,0.022499999999999999,0.021024202809830968,0.012614521685898581
-0.015000000000000001,0.022499999999999999,0.034930694387598098,0.020958416632558857
-0.014500000000000001,0.022499999999999999,0.056544257174659336,0.033926554304795603
-0.014,0.022499999999999999,0.089161939678398,0.053497163807038797
-0.0135,0.022499999999999999,0.13694353777513485,0.082166122665080901
-0.012999999999999999,0.022499999999999999,0.20487229986743621,0.12292337992046172
-0.012500000000000001,0.022499999999999999,0.29858363677604088,0.17915018206562452
-0.012,0.022499999999999999,0.42404642572023082,0.25442785543213847
-0.0115,0.022499999999999999,0.58711793239382148,0.35227075943629288
-0.010999999999999999,0.022499999999999999,0.79304436970956582,0.47582662182573948
-0.010499999999999999,0.022499999999999999,1.046035209322651,0.62762112559359062
-0.010000000000000002,0.022499999999999999,1.3490836183512553,0.80945017101075323
-0.0095000000000000015,0.022499999999999999,1.7042156359511953,1.022529381570717
-0.0090000000000000011,0.022499999999999999,2.1133050770356947,1.2679830462214168
-0.0085000000000000006,0.022499999999999999,2.579476378411989,1.5476858270471934
-0.0080000000000000002,0.022499999999999999,3.1089380033936895,1.8653628020362136
-0.0074999999999999997,0.022499999999999999,3.712873100484281,2.2277238602905687
-0.0069999999999999993,0.022499999999999999,4.40881517597703,2.645289105586218
-0.0064999999999999988,0.022499999999999999,5.2208246220549555,3.1324947732329731
-0.0059999999999999984,0.022499999999999999,6.1778266100252628,3.7066959660151575
-0.0054999999999999979,0.022499999999999999,7.3097177532936728,4.3858306519762031
-0.005000000000000001,0.022499999999999999,8.641296247355621,5.1847777484133726
-0.0044999999999999971,0.022499999999999999,10.184653403615965,6.1107920421695789
-0.0040000000000000001,0.022499999999999999,11.931257619345335,7.1587545716072007
-0.0035000000000000031,0.022499999999999999,13.845399650355523,8.3072397902133126
-0.0029999999999999992,0.022499999999999999,15.860787804377308,9.5164726826263841
-0.0025000000000000022,0.022499999999999999,17.881774816172829,10.729064889703697
-0.0019999999999999983,0.022499999999999999,19.789956756667351,11.87397405400041
-0.0015000000000000013,0.022499999999999999,21.455824441582688,12.873494664949613
-0.00099999999999999742,0.022499999999999999,22.753996921197434,13.65239815271846
-0.00050000000000000044,0.022499999999999999,23.57961243562216,14.147767461373295
0,0.022499999999999999,23.862963991549066,14.317778394929439
0.00050000000000000044,0.022499999999999999,23.579612435619108,14.147767461371464
0.0010000000000000009,0.022499999999999999,22.75399692119024,13.652398152714143
0.0015000000000000013,0.022499999999999999,21.455824441568886,12.873494664941331
0.0020000000000000018,0.022499999999999999,19.789956756642624,11.873974053985574
0.0024999999999999988,0.022499999999999999,17.881774816130207,10.729064889678124
0.0030000000000000027,0.022499999999999999,15.860787804305938,9.5164726825835615
0.0034999999999999996,0.022499999999999999,13.845399650239493,8.3072397901436954
0.0040000000000000036,0.022499999999999999,11.931257619161777,7.1587545714970657
0.0045000000000000005,0.022499999999999999,10.184653403333654,6.1107920420001918
0.0049999999999999975,0.022499999999999999,8.6412962469333134,5.1847777481599877
0.0055000000000000014,0.022499999999999999,7.3097177526791803,4.3858306516075078
0.0059999999999999984,0.022499999999999999,6.1778266091556917,3.7066959654934148
0.0064999999999999988,0.022499999999999999,5.2208246208581057,3.1324947725148635
0.0069999999999999993,0.022499999999999999,4.4088151743748636,2.6452891046249181
0.0074999999999999997,0.022499999999999999,3.7128730983982838,2.2277238590389703
0.0080000000000000002,0.022499999999999999,3.1089380007521665,1.8653628004512999
0.0085000000000000006,0.022499999999999999,2.5794763751586269,1.5476858250951762
0.0090000000000000011,0.022499999999999999,2.1133050731385485,1.267983043883129
0.0095000000000000015,0.022499999999999999,1.7042156314107626,1.0225293788464576
0.010000000000000002,0.022499999999999999,1.3490836132062711,0.80945016792376268
0.010500000000000002,0.022499999999999999,1.0460352036523348,0.62762112219140087
0.011000000000000003,0.022499999999999999,0.79304436363148345,0.47582661817889005
0.011500000000000003,0.022499999999999999,0.5871179260571362,0.35227075563428173
0.012000000000000004,0.022499999999999999,0.42404641929492232,0.25442785157695336
0.012499999999999997,0.022499999999999999,0.29858363043935826,0.17915017826361496
0.013000000000000005,0.022499999999999999,0.20487229378935518,0.12292337627361311
0.013499999999999998,0.022499999999999999,0.13694353210482113,0.082166119262892676
0.014000000000000005,0.022499999999999999,0.089161934533413589,0.053497160720048155
0.014499999999999999,0.022499999999999999,0.05654425263422698,0.033926551580536188
0.014999999999999999,0.022499999999999999,0.034930690490452131,0.020958414294271279
0.0155,0.022499999999999999,0.021024199556468847,0.012614519733881308
0.016000000000000007,0.022499999999999999,0.012332610364147433,0.0073995662184884597
0.016500000000000001,0.022499999999999999,0.0070532926976839671,0.0042319756186103797
0.017000000000000001,0.022499999999999999,0.0039351470528822931,0.0023610882317293756
0.017500000000000002,0.022499999999999999,0.0021431405836891387,0.0012858843502134832
0.017999999999999995,0.022499999999999999,0.0011402807459133166,0.00068416844754798996
0.018500000000000003,0.022499999999999999,0.00059328098163947561,0.00035596858898368535
0.019000000000000003,0.022499999999999999,0.00030218801055155784,0.00018131280633093471
0.019500000000000003,0.022499999999999999,0.00015086932017646331,9.0521592105877982e-05
0.019999999999999997,0.022499999999999999,7.3928800685076022e-05,4.4357280411045609e-05
0.020499999999999997,0.022499999999999999,3.5605436099714577e-05,2.1363261659828745e-05
0.021000000000000005,0.022499999999999999,1.6876938254714342e-05,1.0126162952828605e-05
0.021500000000000005,0.022499999999999999,7.8826318947911648e-06,4.7295791368746989e-06
0.021999999999999999,0.022499999999999999,3.6313566065090012e-06,2.1788139639054004e-06
0.022499999999999999,0.022499999999999999,1.6510433494865575e-06,9.9062600969193454e-07
0.023000000000000007,0.022499999999999999,7.4102695803162359e-07,4.4461617481897415e-07
0.023500000000000007,0.022499999999999999,3.2824709854993519e-07,1.969482591299611e-07
0.024,0.022499999999999999,1.4341238506063711e-07,8.6047431036382267e-08
0.024500000000000001,0.022499999999999999,6.1740579305567471e-08,3.7044347583340479e-08
0.025000000000000001,0.022499999999999999,2.6159323979286776e-08,1.5695594387572065e-08
-0.025000000000000001,0.023000000000000007,1.0965452638100786e-08,6.5792715828604714e-09
-0.024500000000000001,0.023000000000000007,2.6188177414546513e-08,1.5712906448727906e-08
-0.024,0.023000000000000007,6.1628599019750522e-08,3.6977159411850311e-08
-0.0235,0.023000000000000007,1.4304681732736214e-07,8.5828090396417284e-08
-0.023,0.023000000000000007,3.2769169682172445e-07,1.9661501809303466e-07
-0.022500000000000003,0.023000000000000007,7.4103471891771247e-07,4.4462083135062745e-07
-0.022000000000000002,0.023000000000000007,1.6538779265698695e-06,9.9232675594192158e-07
-0.021500000000000002,0.023000000000000007,3.6407274036135743e-06,2.1844364421681446e-06
-0.021000000000000001,0.023000000000000007,7.8971922152284573e-06,4.7383153291370745e-06
-0.020500000000000001,0.023000000000000007,1.685898237897964e-05,1.0115389427387783e-05
-0.02,0.023000000000000007,3.537358236942699e-05,2.1224149421656192e-05
-0.0195,0.023000000000000007,7.2847472309838865e-05,4.3708483385903315e-05
-0.019,0.023000000000000007,0.00014704661417225739,8.8227968503354427e-05
-0.018500000000000003,0.023000000000000007,0.00029057697390177435,0.0001743461843410646
-0.018000000000000002,0.023000000000000007,0.00056150199063444465,0.0003369011943806668
-0.017500000000000002,0.023000000000000007,0.0010600048281290235,0.00063600289687741412
-0.017000000000000001,0.023000000000000007,0.001953340868583463,0.0011720045211500777
-0.016500000000000001,0.023000000000000007,0.0035113218771846981,0.0021067931263108186
-0.016,0.023000000000000007,0.0061539080367613306,0.0036923448220567982
-0.0155,0.023000000000000007,0.010510796941826005,0.0063064781650956029
-0.015000000000000001,0.023000000000000007,0.017489906673564926,0.010493944004138955
-0.014500000000000001,0.023000000000000007,0.028347342062898392,0.017008405237739034
-0.014,0.023000000000000007,0.044746311732961376,0.026847787039776826
-0.0135,0.023000000000000007,0.068787757901988211,0.041272654741192925
-0.012999999999999999,0.023000000000000007,0.1029931848000674,0.061795910880040439
-0.012500000000000001,0.023000000000000007,0.15022287312154606,0.090133723872927632
-0.012,0.023000000000000007,0.21352275848840496,0.12811365509304298
-0.0115,0.023000000000000007,0.29591191758813762,0.17754715055288256
-0.010999999999999999,0.023000000000000007,0.40014850885871456,0.24008910531522873
-0.010499999999999999,0.023000000000000007,0.52854022222947994,0.31712413333768796
-0.010000000000000002,0.023000000000000007,0.68288703319903676,0.40973221991942205
-0.0095000000000000015,0.023000000000000007,0.86464788996266273,0.51878873397759762
-0.0090000000000000011,0.023000000000000007,1.0753976487955734,0.64523858927734401
-0.0085000000000000006,0.023000000000000007,1.3175793630985464,0.79054761785912786
-0.0080000000000000002,0.023000000000000007,1.595462367733854,0.95727742064031229
-0.0074999999999999997,0.023000000000000007,1.9161035891356166,1.14966215348137
-0.0069999999999999993,0.023000000000000007,2.2900062924418738,1.3740037754651242
-0.0064999999999999988,0.023000000000000007,2.731114033114856,1.6386684198689137
-0.0059999999999999984,0.023000000000000007,3.2558047079705363,1.9534828247823217
-0.0054999999999999979,0.023000000000000007,3.8806844694733393,2.3284106816840033
-0.005000000000000001,0.023000000000000007,4.6192228283739443,2.7715336970243665
-0.0044999999999999971,0.023000000000000007,5.477583973466543,3.2865503840799257
-0.0040000000000000001,0.023000000000000007,6.4503275676321685,3.8701965405793008
-0.0035000000000000031,0.023000000000000007,7.5168861268559493,4.510131676113569
-0.0029999999999999992,0.023000000000000007,8.6397876992541605,5.1838726195524965
-0.0025000000000000022,0.023000000000000007,9.7654231433561733,5.859253886013704
-0.0019999999999999983,0.023000000000000007,10.827752398213734,6.4966514389282404
-0.0015000000000000013,0.023000000000000007,11.754766575350169,7.0528599452101011
-0.00099999999999999742,0.023000000000000007,12.476896015144613,7.4861376090867671
-0.00050000000000000044,0.023000000000000007,12.93603517576477,7.761621105458862
0,0.023000000000000007,13.093590124010177,7.8561540744061062
0.00050000000000000044,0.023000000000000007,12.936035175763907,7.7616211054583442
0.0010000000000000009,0.023000000000000007,12.476896015142581,7.4861376090855476
0.0015000000000000013,0.023000000000000007,11.75476657534627,7.0528599452077616
0.0020000000000000018,0.023000000000000007,10.827752398206748,6.4966514389240482
0.0024999999999999988,0.023000000000000007,9.7654231433441243,5.8592538860064742
0.0030000000000000027,0.023000000000000007,8.6397876992339864,5.1838726195403915
0.0034999999999999996,0.023000000000000007,7.5168861268231728,4.5101316760939039
0.0040000000000000036,0.023000000000000007,6.4503275675802998,3.8701965405481795
0.0045000000000000005,0.023000000000000007,5.4775839733867731,3.2865503840320636
0.0049999999999999975,0.023000000000000007,4.6192228282546237,2.771533696952774
0.0055000000000000014,0.023000000000000007,3.8806844692997098,2.3284106815798258
0.0059999999999999984,0.023000000000000007,3.2558047077248338,1.9534828246349001
0.0064999999999999988,0.023000000000000007,2.731114032776683,1.6386684196660097
0.0069999999999999993,0.023000000000000007,2.2900062919891746,1.3740037751935048
0.0074999999999999997,0.023000000000000007,1.9161035885462119,1.1496621531277271
0.0080000000000000002,0.023000000000000007,1.5954623669874834,0.95727742019249007
0.0085000000000000006,0.023000000000000007,1.3175793621792991,0.79054761730757939
0.0090000000000000011,0.023000000000000007,1.0753976476944229,0.64523858861665373
0.0095000000000000015,0.023000000000000007,0.86464788867974951,0.51878873320784968
0.010000000000000002,0.023000000000000007,0.68288703174530574,0.40973221904718343
0.010500000000000002,0.023000000000000007,0.5285402206273152,0.31712413237638909
0.011000000000000003,0.023000000000000007,0.40014850714133415,0.24008910428480049
0.011500000000000003,0.023000000000000007,0.29591191579768794,0.17754714947861275
0.012000000000000004,0.023000000000000007,0.21352275667291451,0.12811365400374869
0.012499999999999997,0.023000000000000007,0.15022287133109702,0.090133722798658208
0.013000000000000005,0.023000000000000007,0.10299318308268685,0.061795909849612106
0.013499999999999998,0.023000000000000007,0.068787756299823893,0.041272653779894336
0.014000000000000005,0.023000000000000007,0.044746310279230275,0.026847786167538166
0.014499999999999999,0.023000000000000007,0.028347340779985412,0.017008404467991248
0.014999999999999999,0.023000000000000007,0.017489905572414408,0.010493943343448645
0.0155,0.023000000000000007,0.010510796022578577,0.0063064776135471458
0.016000000000000007,0.023000000000000007,0.0061539072903908695,0.0036923443742345216
0.016500000000000001,0.023000000000000007,0.0035113212877812632,0.0021067927726687577
0.017000000000000001,0.023000000000000007,0.0019533404158869282,0.0011720042495321568
0.017500000000000002,0.023000000000000007,0.0010600044899567798,0.00063600269397406787
0.017999999999999995,0.023000000000000007,0.00056150174493453935,0.00033690104696072358
0.018500000000000003,0.023000000000000007,0.00029057680027835527,0.00017434608016701317
0.019000000000000003,0.023000000000000007,0.00014704649484274283,8.8227896905645694e-05
0.019500000000000003,0.023000000000000007,7.284739254275621e-05,4.3708435525653725e-05
0.019999999999999997,0.023000000000000007,3.5373530509034063e-05,2.1224118305420438e-05
0.020499999999999997,0.023000000000000007,1.6858949585751841e-05,1.0115369751451105e-05
0.021000000000000005,0.023000000000000007,7.897172046951556e-06,4.7383032281709332e-06
0.021500000000000005,0.023000000000000007,3.6407153396591962e-06,2.1844292037955176e-06
0.021999999999999999,0.023000000000000007,1.6538709080288744e-06,9.9232254481732459e-07
0.022499999999999999,0.023000000000000007,7.4103074754853189e-07,4.4461844852911909e-07
0.023000000000000007,0.023000000000000007,3.2768951122542561e-07,1.9661370673525536e-07
0.023500000000000007,0.023000000000000007,1.4304564746196474e-07,8.5827388477178839e-08
0.024,0.023000000000000007,6.1627989990560921e-08,3.6976793994336554e-08
0.024500000000000001,0.023000000000000007,2.6187869041376223e-08,1.5712721424825732e-08
0.025000000000000001,0.023000000000000007,1.0965300775327126e-08,6.579180465196275e-09
-0.025000000000000001,0.023500000000000007,4.5236630407925482e-09,2.7141978244755287e-09
-0.024500000000000001,0.023500000000000007,1.0945385984672552e-08,6.5672315908035312e-09
-0.024,0.023500000000000007,2.6121055650752266e-08,1.5672633390451358e-08
-0.0235,0.023500000000000007,6.1523579869047291e-08,3.6914147921428373e-08
-0.023,0.023500000000000007,1.4304682047956507e-07,8.5828092287739047e-08
-0.022500000000000003,0.023500000000000007,3.2825125667804166e-07,1.96950754006825e-07
-0.022000000000000002,0.023500000000000007,7.4294065701758484e-07,4.4576439421055089e-07
-0.021500000000000002,0.023500000000000007,1.6569190938027601e-06,9.9415145628165606e-07
-0.021000000000000001,0.023500000000000007,3.6368220027301657e-06,2.1820932016380992e-06
-0.020500000000000001,0.023500000000000007,7.8456888855789406e-06,4.7074133313473642e-06
-0.02,0.023500000000000007,1.6612187935611761e-05,9.9673127613670569e-06
-0.0195,0.023500000000000007,3.4476743634478553e-05,2.0686046180687131e-05
-0.019,0.023500000000000007,7.00469530512908e-05,4.2028171830774481e-05
-0.018500000000000003,0.023500000000000007,0.00013916607414684313,8.3499644488105876e-05
-0.018000000000000002,0.023500000000000007,0.00027010959451998455,0.00016206575671199073
-0.017500000000000002,0.023500000000000007,0.00051174641678500244,0.00030704785007100145
-0.017000000000000001,0.023500000000000007,0.00094576746619260603,0.0005674604797155636
-0.016500000000000001,0.023500000000000007,0.0017040840588192256,0.0010224504352915353
-0.016,0.023500000000000007,0.0029921755380214643,0.0017953053228128785
-0.0155,0.023500000000000007,0.0051183455811506986,0.0030710073486904192
-0.015000000000000001,0.023500000000000007,0.0085273936332028524,0.0051164361799217115
-0.014500000000000001,0.023500000000000007,0.013835121361882908,0.0083010728171297437
-0.014,0.023500000000000007,0.021857626490006509,0.013114575894003905
-0.0135,0.023500000000000007,0.033627097790072343,0.020176258674043403
-0.012999999999999999,0.023500000000000007,0.050384809046068721,0.03023088542764123
-0.012500000000000001,0.023500000000000007,0.073543467900218568,0.044126080740131142
-0.012,0.023500000000000007,0.10461618206761211,0.062769709240567267
-0.0115,0.023500000000000007,0.14511861596317036,0.087071169577902216
-0.010999999999999999,0.023500000000000007,0.19646371599342077,0.11787822959605246
-0.010499999999999999,0.023500000000000007,0.25988217551253601,0.15592930530752161
-0.010000000000000002,0.023500000000000007,0.33641216725398521,0.20184730035239112
-0.0095000000000000015,0.023500000000000007,0.42700304145808365,0.25620182487485016
-0.0090000000000000011,0.023500000000000007,0.53276404150684553,0.31965842490410729
-0.0085000000000000006,0.023500000000000007,0.65535728486836464,0.3932143709210188
-0.0080000000000000002,0.023500000000000007,0.7974856346051763,0.47849138076310577
-0.0074999999999999997,0.023500000000000007,0.96336844641347785,0.57802106784808671
-0.0069999999999999993,0.023500000000000007,1.1590459935723556,0.69542759614341332
-0.0064999999999999988,0.023500000000000007,1.3923256802404873,0.83539540814429236
-0.0059999999999999984,0.023500000000000007,1.6721989180595085,1.003319350835705
-0.0054999999999999979,0.023500000000000007,2.0076292359559034,1.204577541573542
-0.005000000000000001,0.023500000000000007,2.405739233798005,1.4434435402788031
-0.0044999999999999971,0.023500000000000007,2.8695883483084796,1.7217530089850877
-0.0040000000000000001,0.023500000000000007,3.3958997255331176,2.0375398353198704
-0.0035000000000000031,0.023500000000000007,3.9732161854010704,2.3839297112406421
-0.0029999999999999992,0.023500000000000007,4.580996140046075,2.7485976840276449
-0.0025000000000000022,0.023500000000000007,5.1900693802392235,3.1140416281435339
-0.0019999999999999983,0.023500000000000007,5.7646574419455519,3.458794465167331
-0.0015000000000000013,0.023500000000000007,6.2658569269326732,3.7595141561596037
-0.00099999999999999742,0.023500000000000007,6.6561519856704141,3.9936911914022484
-0.00050000000000000044,0.023500000000000007,6.9042470916546055,4.1425482549927635
0,0.023500000000000007,6.9893710982020272,4.1936226589212158
0.00050000000000000044,0.023500000000000007,6.9042470916543683,4.1425482549926205
0.0010000000000000009,0.023500000000000007,6.6561519856698554,3.9936911914019131
0.0015000000000000013,0.023500000000000007,6.2658569269316002,3.7595141561589598
0.0020000000000000018,0.023500000000000007,5.7646574419436227,3.4587944651661737
0.0024999999999999988,0.023500000000000007,5.1900693802359203,3.1140416281415519
0.0030000000000000027,0.023500000000000007,4.5809961400405328,2.7485976840243196
0.0034999999999999996,0.023500000000000007,3.9732161853920616,2.3839297112352367
0.0040000000000000036,0.023500000000000007,3.3958997255188641,2.0375398353113185
0.0045000000000000005,0.023500000000000007,2.8695883482865527,1.7217530089719315
0.0049999999999999975,0.023500000000000007,2.4057392337652126,1.4434435402591275
0.0055000000000000014,0.023500000000000007,2.0076292359081847,1.2045775415449107
0.0059999999999999984,0.023500000000000007,1.6721989179919861,1.0033193507951916
0.0064999999999999988,0.023500000000000007,1.3923256801475508,0.83539540808853041
0.0069999999999999993,0.023500000000000007,1.1590459934479465,0.69542759606876781
0.0074999999999999997,0.023500000000000007,0.9633684462515002,0.57802106775090012
0.0080000000000000002,0.023500000000000007,0.79748563440006337,0.47849138064003799
0.0085000000000000006,0.023500000000000007,0.65535728461574316,0.39321437076944588
0.0090000000000000011,0.023500000000000007,0.53276404120423482,0.31965842472254086
0.0095000000000000015,0.023500000000000007,0.42700304110552251,0.25620182466331348
0.010000000000000002,0.023500000000000007,0.33641216685448128,0.20184730011268875
0.010500000000000002,0.023500000000000007,0.25988217507224037,0.15592930504334421
0.011000000000000003,0.023500000000000007,0.19646371552146263,0.11787822931287757
0.011500000000000003,0.023500000000000007,0.14511861547113214,0.087071169282679287
0.012000000000000004,0.023500000000000007,0.10461618156869248,0.062769708941215488
0.012499999999999997,0.023500000000000007,0.073543467408181004,0.044126080444908601
0.013000000000000005,0.023500000000000007,0.050384808574111151,0.030230885144466688
0.013499999999999998,0.023500000000000007,0.033627097349777653,0.020176258409866591
0.014000000000000005,0.023500000000000007,0.021857626090503124,0.013114575654301875
0.014499999999999999,0.023500000000000007,0.013835121009322505,0.008301072605593502
0.014999999999999999,0.023500000000000007,0.0085273933305930489,0.0051164359983558293
0.0155,0.023500000000000007,0.0051183453285301144,0.0030710071971180686
0.016000000000000007,0.023500000000000007,0.0029921753329096102,0.001795305199745766
0.016500000000000001,0.023500000000000007,0.0017040838968438612,0.0010224503381063167
0.017000000000000001,0.023500000000000007,0.00094576734178598995,0.00056746040507159399
0.017500000000000002,0.023500000000000007,0.00051174632385108309,0.00030704779431064982
0.017999999999999995,0.023500000000000007,0.00027010952699860988,0.00016206571619916592
0.018500000000000003,0.023500000000000007,0.00013916602643297845,8.3499615859787072e-05
0.019000000000000003,0.023500000000000007,7.004692025806238e-05,4.2028152154837427e-05
0.019500000000000003,0.023500000000000007,3.4476721713496732e-05,2.068603302809804e-05
0.019999999999999997,0.023500000000000007,1.6612173683733692e-05,9.9673042102402144e-06
0.020499999999999997,0.023500000000000007,7.8456798735939449e-06,4.7074079241563669e-06
0.021000000000000005,0.023500000000000007,3.636816460237971e-06,2.1820898761427826e-06
0.021500000000000005,0.023500000000000007,1.6569157784787322e-06,9.9414946708723922e-07
0.021999999999999999,0.023500000000000007,7.4293872823562551e-07,4.4576323694137529e-07
0.022499999999999999,0.023500000000000007,3.2825016529662523e-07,1.9695009917797514e-07
0.023000000000000007,0.023500000000000007,1.4304621985064239e-07,8.5827731910385436e-08
0.023500000000000007,0.023500000000000007,6.1523258375552171e-08,3.6913955025331299e-08
0.024,0.023500000000000007,2.6120888281990857e-08,1.5672532969194514e-08
0.024500000000000001,0.023500000000000007,1.0945301239907547e-08,6.5671807439445283e-09
0.025000000000000001,0.023500000000000007,4.5236213070222106e-09,2.7141727842133263e-09
-0.025000000000000001,0.024,1.8388769032747253e-09,1.1033261419648351e-09
-0.024500000000000001,0.024,4.5120721972904086e-09,2.7072433183742449e-09
-0.024,0.024,1.092673906931674e-08,6.5560434415900439e-09
-0.0235,0.024,2.6121056016220923e-08,1.5672633609732554e-08
-0.023,0.024,6.1628601140544032e-08,3.697716068432642e-08
-0.022500000000000003,0.024,1.4341454949851121e-07,8.6048729699106718e-08
-0.022000000000000002,0.024,3.2885410217269306e-07,1.9731246130361583e-07
-0.021500000000000002,0.024,7.4214106177518384e-07,4.4528463706511027e-07
-0.021000000000000001,0.024,1.6461043727292638e-06,9.8766262363755824e-07
-0.020500000000000001,0.024,3.5835558643437673e-06,2.1501335186062602e-06
-0.02,0.024,7.6466903931288212e-06,4.5880142358772924e-06
-0.0195,0.024,1.5973307689991132e-05,9.5839846139946793e-06
-0.019,0.024,3.262835054104566e-05,1.9577010324627396e-05
-0.018500000000000003,0.024,6.511106656711561e-05,3.9066639940269363e-05
-0.018000000000000002,0.024,0.00012682894106143329,7.6097364636859972e-05
-0.017500000000000002,0.024,0.00024098537550712923,0.00014459122530427753
-0.017000000000000001,0.024,0.00044640775253819551,0.00026784465152291731
-0.016500000000000001,0.024,0.00080584314693930284,0.0004835058881635817
-0.016,0.024,0.0014170968549092392,0.00085025811294554344
-0.0155,0.024,0.0024270017059529552,0.0014562010235717731
-0.015000000000000001,0.024,0.0040475207635654337,0.0024285124581392603
-0.014500000000000001,0.024,0.0065723045279047531,0.0039433827167428513
-0.014,0.024,0.010390869774462757,0.0062345218646776539
-0.0135,0.024,0.015996535227774132,0.0095979211366644789
-0.012999999999999999,0.024,0.02398381650583227,0.014390289903499361
-0.012500000000000001,0.024,0.035031747139749068,0.021019048283849439
-0.012,0.024,0.049872110018779087,0.029923266011267449
-0.0115,0.024,0.069246085896450593,0.041547651537870357
-0.010999999999999999,0.024,0.093858986673111766,0.056315392003867058
-0.010499999999999999,0.024,0.12434929955043114,0.074609579730258682
-0.010000000000000002,0.024,0.16129305037311961,0.096775830223871762
-0.0095000000000000015,0.024,0.20526468457172384,0.12315881074303429
-0.0090000000000000011,0.024,0.256968514481201,0.15418110868872059
-0.0085000000000000006,0.024,0.31743868249620644,0.19046320949772386
-0.0080000000000000002,0.024,0.38828125253994356,0.23296875152396612
-0.0074999999999999997,0.024,0.47190339272988496,0.28314203563793094
-0.0069999999999999993,0.024,0.57164890642851784,0.34298934385711072
-0.0064999999999999988,0.024,0.69174615228174074,0.41504769136904446
-0.0059999999999999984,0.024,0.83698319264074972,0.50218991558444981
-0.0054999999999999979,0.024,1.0120620973318493,0.60723725839910958
-0.005000000000000001,0.024,1.2206493910000418,0.73238963460002504
-0.0044999999999999971,0.024,1.4642235026932471,0.87853410161594825
-0.0040000000000000001,0.024,1.740904755122511,1.0445428530735066
-0.0035000000000000031,0.024,2.044515126845067,1.2267090761070401
-0.0029999999999999992,0.024,2.3641300941925372,1.4184780565155222
-0.0025000000000000022,0.024,2.6843373872889531,1.6106024323733719
-0.0019999999999999983,0.024,2.9863061891096256,1.7917837134657753
-0.0015000000000000013,0.024,3.249612165750897,1.9497672994505382
-0.00099999999999999742,0.024,3.4545923518265753,2.0727554110959452
-0.00050000000000000044,0.024,3.5848620756302569,2.150917245378154
0,0.024,3.6295539908909649,2.177732394534579
0.00050000000000000044,0.024,3.5848620756301939,2.1509172453781162
0.0010000000000000009,0.024,3.4545923518264257,2.0727554110958555
0.0015000000000000013,0.024,3.2496121657506101,1.9497672994503659
0.0020000000000000018,0.024,2.9863061891091069,1.7917837134654642
0.0024999999999999988,0.024,2.6843373872880711,1.6106024323728427
0.0030000000000000027,0.024,2.3641300941910552,1.4184780565146331
0.0034999999999999996,0.024,2.0445151268426596,1.2267090761055957
0.0040000000000000036,0.024,1.740904755118698,1.0445428530712189
0.0045000000000000005,0.024,1.4642235026873851,0.87853410161243106
0.0049999999999999975,0.024,1.2206493909912786,0.73238963459476714
0.0055000000000000014,0.024,1.0120620973190937,0.60723725839145615
0.0059999999999999984,0.024,0.83698319262270116,0.50218991557362069
0.0064999999999999988,0.024,0.69174615225690039,0.41504769135414021
0.0069999999999999993,0.024,0.57164890639526489,0.3429893438371589
0.0074999999999999997,0.024,0.47190339268659082,0.2831420356119545
0.0080000000000000002,0.024,0.38828125248512002,0.23296875149107199
0.0085000000000000006,0.024,0.31743868242868456,0.19046320945721074
0.0090000000000000011,0.024,0.25696851440031793,0.15418110864019074
0.0095000000000000015,0.024,0.2052646844774898,0.12315881068649387
0.010000000000000002,0.024,0.16129305026633864,0.096775830159803178
0.010500000000000002,0.024,0.12434929943274707,0.074609579659648234
0.011000000000000003,0.024,0.093858986546964882,0.056315391928178929
0.011500000000000003,0.024,0.069246085764936779,0.041547651458962068
0.012000000000000004,0.024,0.049872109885425973,0.029923265931255584
0.012499999999999997,0.024,0.035031747008235511,0.021019048204941305
0.013000000000000005,0.024,0.023983816379685597,0.014390289827811358
0.013499999999999998,0.024,0.015996535110090571,0.0095979210660543431
0.014000000000000005,0.024,0.010390869667681941,0.0062345218006091647
0.014499999999999999,0.024,0.0065723044336711044,0.0039433826602026621
0.014999999999999999,0.024,0.0040475206826827608,0.0024285124096096564
0.0155,0.024,0.0024270016384315822,0.0014562009830589493
0.016000000000000007,0.024,0.0014170968000861684,0.00085025808005170106
0.016500000000000001,0.024,0.00080584310364591985,0.00048350586218755189
0.017000000000000001,0.024,0.00044640771928632989,0.00026784463157179794
0.017500000000000002,0.024,0.00024098535066740338,0.00014459121040044204
0.017999999999999995,0.024,0.00012682892301406709,7.6097353808440255e-05
0.018500000000000003,0.024,6.5111053813974931e-05,3.9066632288384954e-05
0.019000000000000003,0.024,3.2628341775948546e-05,1.9577005065569128e-05
0.019500000000000003,0.024,1.5973301830868768e-05,9.5839810985212597e-06
0.019999999999999997,0.024,7.6466865838334399e-06,4.5880119503000634e-06
0.020499999999999997,0.024,3.5835534555866187e-06,2.1501320733519711e-06
0.021000000000000005,0.024,1.6461028913111544e-06,9.8766173478669263e-07
0.021500000000000005,0.024,7.4214017564294036e-07,4.452841053857642e-07
0.021999999999999999,0.024,3.2885358664061697e-07,1.9731215198437019e-07
0.022499999999999999,0.024,1.43414257789992e-07,8.6048554673995196e-08
0.023000000000000007,0.024,6.1628440602192087e-08,3.6977064361315252e-08
0.023500000000000007,0.024,2.6120970086233374e-08,1.5672582051740025e-08
0.024,0.024,1.0926694334366263e-08,6.5560166006197581e-09
0.024500000000000001,0.024,4.5120495463916804e-09,2.707229727835008e-09
0.025000000000000001,0.024,1.8388657485160191e-09,1.1033194491096115e-09
-0.025000000000000001,0.024500000000000001,7.3728277625187677e-10,4.4236966575112606e-10
-0.024500000000000001,0.024500000000000001,1.8357447582226741e-09,1.1014468549336044e-09
-0.024,0.024500000000000001,4.512072237368124e-09,2.7072433424208742e-09
-0.0235,0.024500000000000001,1.0945386223809941e-08,6.5672317342859643e-09
-0.023,0.024500000000000001,2.6188178456571451e-08,1.5712907073942869e-08
-0.022500000000000003,0.024500000000000001,6.1741674616797845e-08,3.7045004770078707e-08
-0.022000000000000002,0.024500000000000001,1.4325979867023889e-07,8.5955879202143331e-08
-0.021500000000000002,0.024500000000000001,3.2670630905180305e-07,1.9602378543108182e-07
-0.021000000000000001,0.024500000000000001,7.3126699520473836e-07,4.3876019712284298e-07
-0.020500000000000001,0.024500000000000001,1.6043386743429805e-06,9.6260320460578831e-07
-0.02,0.024500000000000001,3.4456956780852315e-06,2.0674174068511387e-06
-0.0195,0.024500000000000001,7.2366066348872497e-06,4.3419639809323498e-06
-0.019,0.024500000000000001,1.484738702723529e-05,8.9084322163411731e-06
-0.018500000000000003,0.024500000000000001,2.9734839106220996e-05,1.7840903463732597e-05
-0.018000000000000002,0.024500000000000001,5.8087839290604485e-05,3.4852703574362688e-05
-0.017500000000000002,0.024500000000000001,0.00011062849782034144,6.6377098692204858e-05
-0.017000000000000001,0.024500000000000001,0.00020531345593476902,0.00012318807356086141
-0.016500000000000001,0.024500000000000001,0.00037118061909677139,0.00022270837145806283
-0.016,0.024500000000000001,0.00065351707104845125,0.00039211024262907074
-0.0155,0.024500000000000001,0.001120346347731358,0.00067220780863881473
-0.015000000000000001,0.024500000000000001,0.0018699192422526516,0.0011219515453515909
-0.014500000000000001,0.024500000000000001,0.0030384439812200423,0.0018230663887320252
-0.014,0.024500000000000001,0.0048067678870659606,0.0028840607322395762
-0.0135,0.024500000000000001,0.0074042619629108896,0.0044425571777465334
-0.012999999999999999,0.024500000000000001,0.011107985171661642,0.0066647911029969848
-0.012500000000000001,0.024500000000000001,0.016235594483549647,0.009741356690129788
-0.012,0.024500000000000001,0.023131675980977602,0.013879005588586561
-0.0115,0.024500000000000001,0.032149311424207475,0.019289586854524483
-0.010999999999999999,0.024500000000000001,0.043631580018594567,0.026178948011156739
-0.010499999999999999,0.024500000000000001,0.057900727639773476,0.034740436583864082
-0.010000000000000002,0.024500000000000001,0.075264874934781276,0.045158924960868763
-0.0095000000000000015,0.024500000000000001,0.096052038015988384,0.057631222809593027
-0.0090000000000000011,0.024500000000000001,0.12067759466006102,0.072406556796036609
-0.0085000000000000006,0.024500000000000001,0.14974338964077846,0.08984603378446708
-0.0080000000000000002,0.024500000000000001,0.1841548023840742,0.11049288143044451
-0.0074999999999999997,0.024500000000000001,0.22522822286401525,0.13513693371840915
-0.0069999999999999993,0.024500000000000001,0.27474904235905012,0.16484942541543007
-0.0064999999999999988,0.024500000000000001,0.33493412918663257,0.20096047751197954
-0.0059999999999999984,0.024500000000000001,0.40825748852080584,0.24495449311248349
-0.0054999999999999979,0.024500000000000001,0.49711647425624717,0.29826988455374831
-0.005000000000000001,0.024500000000000001,0.60334836516669987,0.36200901910001992
-0.0044999999999999971,0.024500000000000001,0.72764879952729755,0.43658927971637851
-0.0040000000000000001,0.024500000000000001,0.86898555350967066,0.52139133210580235
-0.0035000000000000031,0.024500000000000001,1.0241316203347872,0.61447897220087233
-0.0029999999999999992,0.024500000000000001,1.1874487162027338,0.71246922972164028
-0.0025000000000000022,0.024500000000000001,1.3510282440407357,0.81061694642444138
-0.0019999999999999983,0.024500000000000001,1.5052407257792439,0.9031444354675463
-0.0015000000000000013,0.024500000000000001,1.6396652614653531,0.98379915687921182
-0.00099999999999999742,0.024500000000000001,1.7442845285385211,1.0465707171231127
-0.00050000000000000044,0.024500000000000001,1.81075964917886,1.0864557895073159
0,0.024500000000000001,1.8335631258417957,1.1001378755050775
0.00050000000000000044,0.024500000000000001,1.8107596491788434,1.0864557895073059
0.0010000000000000009,0.024500000000000001,1.7442845285384823,1.0465707171230894
0.0015000000000000013,0.024500000000000001,1.6396652614652785,0.98379915687916708
0.0020000000000000018,0.024500000000000001,1.5052407257791076,0.90314443546746448
0.0024999999999999988,0.024500000000000001,1.3510282440405075,0.81061694642430449
0.0030000000000000027,0.024500000000000001,1.1874487162023488,0.71246922972140925
0.0034999999999999996,0.024500000000000001,1.0241316203341624,0.61447897220049741
0.0040000000000000036,0.024500000000000001,0.86898555350868056,0.52139133210520827
0.0045000000000000005,0.024500000000000001,0.72764879952577333,0.43658927971546396
0.0049999999999999975,0.024500000000000001,0.60334836516442292,0.36200901909865374
0.0055000000000000014,0.024500000000000001,0.49711647425293098,0.29826988455175857
0.0059999999999999984,0.024500000000000001,0.4082574885161151,0.24495449310966905
0.0064999999999999988,0.024500000000000001,0.33493412918017529,0.20096047750810517
0.0069999999999999993,0.024500000000000001,0.27474904235040609,0.16484942541024364
0.0074999999999999997,0.024500000000000001,0.22522822285276078,0.13513693371165647
0.0080000000000000002,0.024500000000000001,0.18415480236982232,0.11049288142189338
0.0085000000000000006,0.024500000000000001,0.1497433896232255,0.089846033773935297
0.0090000000000000011,0.024500000000000001,0.12067759463903464,0.072406556783420783
0.0095000000000000015,0.024500000000000001,0.096052037991491285,0.057631222794894771
0.010000000000000002,0.024500000000000001,0.075264874907022425,0.045158924944213454
0.010500000000000002,0.024500000000000001,0.057900727609180282,0.034740436565508168
0.011000000000000003,0.024500000000000001,0.04363157998580134,0.026178947991480805
0.011500000000000003,0.024500000000000001,0.032149311390018989,0.019289586834011392
0.012000000000000004,0.024500000000000001,0.023131675946310968,0.01387900556778658
0.012499999999999997,0.024500000000000001,0.016235594449361259,0.0097413566696167558
0.013000000000000005,0.024500000000000001,0.011107985138868416,0.0066647910833210495
0.013499999999999998,0.024500000000000001,0.0074042619323177201,0.0044425571593906315
0.014000000000000005,0.024500000000000001,0.0048067678593070925,0.0028840607155842554
0.014499999999999999,0.024500000000000001,0.0030384439567229435,0.0018230663740337661
0.014999999999999999,0.024500000000000001,0.0018699192212262899,0.0011219515327357738
0.0155,0.024500000000000001,0.001120346330178408,0.00067220779810704472
0.016000000000000007,0.024500000000000001,0.00065351705679656869,0.00039211023407794121
0.016500000000000001,0.024500000000000001,0.00037118060784216547,0.00022270836470529928
0.017000000000000001,0.024500000000000001,0.00020531344729056872,0.00012318806837434122
0.017500000000000002,0.024500000000000001,0.00011062849136297198,6.6377094817783187e-05
0.017999999999999995,0.024500000000000001,5.8087834598986744e-05,3.4852700759392047e-05
0.018500000000000003,0.024500000000000001,2.9734835790896978e-05,1.7840901474538188e-05
0.019000000000000003,0.024500000000000001,1.4847384748648635e-05,8.9084308491891811e-06
0.019500000000000003,0.024500000000000001,7.2366051117417771e-06,4.3419630670450665e-06
0.019999999999999997,0.024500000000000001,3.445694687815576e-06,2.0674168126893454e-06
0.020499999999999997,0.024500000000000001,1.6043380481591782e-06,9.6260282889550694e-07
0.021000000000000005,0.024500000000000001,7.3126661009325271e-07,4.3875996605595158e-07
0.021500000000000005,0.024500000000000001,3.2670607869164682e-07,1.9602364721498808e-07
0.021999999999999999,0.024500000000000001,1.4325966465181279e-07,8.5955798791087666e-08
0.022499999999999999,0.024500000000000001,6.1741598783850783e-08,3.704495927031047e-08
0.023000000000000007,0.024500000000000001,2.6188136722801004e-08,1.5712882033680603e-08
0.023500000000000007,0.024500000000000001,1.0945363885332318e-08,6.5672183311993902e-09
0.024,0.024500000000000001,4.5120606080089691e-09,2.7072363648053815e-09
0.024500000000000001,0.024500000000000001,1.8357388698639359e-09,1.1014433219183615e-09
0.025000000000000001,0.024500000000000001,7.3727987644548046e-10,4.4236792586728828e-10
-0.025000000000000001,0.025000000000000001,2.9174721720237262e-10,1.7504833032142358e-10
-0.024500000000000001,0.025000000000000001,7.3728278040887852e-10,4.4236966824532707e-10
-0.024,0.025000000000000001,1.838876928779204e-09,1.1033261572675224e-09
-0.0235,0.025000000000000001,4.5236631550659219e-09,2.7141978930395532e-09
-0.023,0.025000000000000001,1.0965453081242665e-08,6.5792718487455991e-09
-0.022500000000000003,0.025000000000000001,2.6159863014297228e-08,1.5695917808578337e-08
-0.022000000000000002,0.025000000000000001,6.1338230795069677e-08,3.6802938477041805e-08
-0.021500000000000002,0.025000000000000001,1.4116004662507951e-07,8.4696027975047708e-08
-0.021000000000000001,0.025000000000000001,3.1841482129984598e-07,1.9104889277990758e-07
-0.020500000000000001,0.025000000000000001,7.031282891947673e-07,4.2187697351686035e-07
-0.02,0.025000000000000001,1.5182793901264446e-06,9.1096763407586668e-07
-0.0195,0.025000000000000001,3.2027566963319862e-06,1.9216540177991918e-06
-0.019,0.025000000000000001,6.5946850809575392e-06,3.9568110485745232e-06
-0.018500000000000003,0.025000000000000001,1.3245384168656921e-05,7.947230501194153e-06
-0.018000000000000002,0.025000000000000001,2.5935348210962504e-05,1.5561208926577501e-05
-0.017500000000000002,0.025000000000000001,4.9485851219845056e-05,2.9691510731907034e-05
-0.017000000000000001,0.025000000000000001,9.1976629705310453e-05,5.5185977823186266e-05
-0.016500000000000001,0.025000000000000001,0.00016648065288665388,9.9888391731992333e-05
-0.016,0.025000000000000001,0.00029339611380086486,0.0001760376682805189
-0.0155,0.025000000000000001,0.00050337669000665353,0.00030202601400399208
-0.015000000000000001,0.025000000000000001,0.00084072139462375642,0.00050443283677425381
-0.014500000000000001,0.025000000000000001,0.0013668864977632866,0.00082013189865797192
-0.014,0.025000000000000001,0.0021635513963304881,0.0012981308377982928
-0.0135,0.025000000000000001,0.0033344712979673716,0.0020006827787804227
-0.012999999999999999,0.025000000000000001,0.0050052835685401656,0.0030031701411240993
-0.012500000000000001,0.025000000000000001,0.0073206272752886978,0.0043923763651732188
-0.012,0.025000000000000001,0.010438501359891683,0.0062631008159350103
-0.0115,0.025000000000000001,0.014522772348030724,0.0087136634088184339
-0.010999999999999999,0.025000000000000001,0.019736057840721521,0.011841634704432913
-0.010499999999999999,0.025000000000000001,0.026236575571799963,0.015741945343079978
-0.010000000000000002,0.025000000000000001,0.034183474157352498,0.020510084494411499
-0.0095000000000000015,0.025000000000000001,0.043755026254481008,0.026253015752688603
-0.0090000000000000011,0.025000000000000001,0.055182262673309904,0.033109357603985944
-0.0085000000000000006,0.025000000000000001,0.068796811958747511,0.041278087175248508
-0.0080000000000000002,0.025000000000000001,0.085086068005610818,0.051051640803366487
-0.0074999999999999997,0.025000000000000001,0.10474225761931205,0.062845354571587228
-0.0069999999999999993,0.025000000000000001,0.12868620795772281,0.077211724774633686
-0.0064999999999999988,0.025000000000000001,0.15804384196369436,0.094826305178216622
-0.0059999999999999984,0.025000000000000001,0.19405588201570009,0.11643352920942004
-0.0054999999999999979,0.025000000000000001,0.23791038616367699,0.14274623169820619
-0.005000000000000001,0.025000000000000001,0.29050349430759503,0.174302096584557
-0.0044999999999999971,0.025000000000000001,0.35215393502159387,0.21129236101295631
-0.0040000000000000001,0.025000000000000001,0.42231712431392743,0.25339027458835645
-0.0035000000000000031,0.025000000000000001,0.49935934829648621,0.29961560897789169
-0.0029999999999999992,0.025000000000000001,0.58045584360082558,0.34827350616049535
-0.0025000000000000022,0.025000000000000001,0.66166469740458544,0.39699881844275126
-0.0019999999999999983,0.025000000000000001,0.73820105302962058,0.44292063181777236
-0.0015000000000000013,0.025000000000000001,0.80489725889391806,0.48293835533635082
-0.00099999999999999742,0.025000000000000001,0.85679255016079825,0.51407553009647888
-0.00050000000000000044,0.025000000000000001,0.88976108124983355,0.53385664874990013
0,0.025000000000000001,0.90106951051116346,0.54064170630669806
0.00050000000000000044,0.025000000000000001,0.88976108124982944,0.53385664874989769
0.0010000000000000009,0.025000000000000001,0.85679255016078837,0.514075530096473
0.0015000000000000013,0.025000000000000001,0.80489725889389918,0.4829383553363395
0.0020000000000000018,0.025000000000000001,0.73820105302958539,0.44292063181775121
0.0024999999999999988,0.025000000000000001,0.66166469740452805,0.39699881844271684
0.0030000000000000027,0.025000000000000001,0.58045584360072799,0.34827350616043679
0.0034999999999999996,0.025000000000000001,0.4993593482963285,0.2996156089777971
0.0040000000000000036,0.025000000000000001,0.42231712431367679,0.25339027458820607
0.0045000000000000005,0.025000000000000001,0.35215393502120806,0.21129236101272483
0.0049999999999999975,0.025000000000000001,0.29050349430701944,0.17430209658421167
0.0055000000000000014,0.025000000000000001,0.23791038616283816,0.1427462316977029
0.0059999999999999984,0.025000000000000001,0.19405588201451399,0.11643352920870839
0.0064999999999999988,0.025000000000000001,0.15804384196206162,0.094826305177236961
0.0069999999999999993,0.025000000000000001,0.12868620795553709,0.077211724773322249
0.0074999999999999997,0.025000000000000001,0.10474225761646627,0.062845354569879761
0.0080000000000000002,0.025000000000000001,0.08508606800200727,0.051051640801204362
0.0085000000000000006,0.025000000000000001,0.068796811954309325,0.041278087172585597
0.0090000000000000011,0.025000000000000001,0.055182262667993531,0.03310935760079612
0.0095000000000000015,0.025000000000000001,0.043755026248287095,0.026253015748972257
0.010000000000000002,0.025000000000000001,0.034183474150333903,0.02051008449020034
0.010500000000000002,0.025000000000000001,0.026236575564064706,0.015741945338438822
0.011000000000000003,0.025000000000000001,0.019736057832430019,0.011841634699458011
0.011500000000000003,0.025000000000000001,0.014522772339386496,0.008713663403631897
0.012000000000000004,0.025000000000000001,0.010438501351126568,0.0062631008106759411
0.012499999999999997,0.025000000000000001,0.007320627266644523,0.004392376359986714
0.013000000000000005,0.025000000000000001,0.0050052835602487121,0.0030031701361492272
0.013499999999999998,0.025000000000000001,0.0033344712902322123,0.0020006827741393274
0.014000000000000005,0.025000000000000001,0.0021635513893119352,0.0012981308335871611
0.014499999999999999,0.025000000000000001,0.0013668864915694508,0.00082013189494167045
0.014999999999999999,0.025000000000000001,0.00084072138930745932,0.00050443283358447561
0.0155,0.025000000000000001,0.00050337668556857266,0.00030202601134114357
0.016000000000000007,0.025000000000000001,0.00029339611019742369,0.00017603766611845421
0.016500000000000001,0.025000000000000001,0.0001664806500410435,9.9888390024626097e-05
0.017000000000000001,0.025000000000000001,9.197662751971447e-05,5.5185976511828682e-05
0.017500000000000002,0.025000000000000001,4.9485849587166377e-05,2.9691509752299823e-05
0.017999999999999995,0.025000000000000001,2.5935347024735887e-05,1.5561208214841533e-05
0.018500000000000003,0.025000000000000001,1.3245383330411737e-05,7.9472299982470428e-06
0.019000000000000003,0.025000000000000001,6.5946845048405881e-06,3.9568107029043525e-06
0.019500000000000003,0.025000000000000001,3.2027563112204891e-06,1.9216537867322935e-06
0.019999999999999997,0.025000000000000001,1.5182791397470693e-06,9.1096748384824149e-07
0.020499999999999997,0.025000000000000001,7.0312813087070738e-07,4.2187687852242443e-07
0.021000000000000005,0.025000000000000001,3.1841472392841167e-07,1.91048834357047e-07
0.021500000000000005,0.025000000000000001,1.4115998838091091e-07,8.469599302854654e-08
0.021999999999999999,0.025000000000000001,6.1338196909905026e-08,3.6802918145943012e-08
0.022499999999999999,0.025000000000000001,2.6159843840725613e-08,1.5695906304435368e-08
0.023000000000000007,0.025000000000000001,1.0965442529292912e-08,6.5792655175757467e-09
0.023500000000000007,0.025000000000000001,4.5236575070142489e-09,2.7141945042085493e-09
0.024,0.025000000000000001,1.8388739884167313e-09,1.1033243930500387e-09
0.024500000000000001,0.025000000000000001,7.3728129159863574e-10,4.4236877495918144e-10
0.025000000000000001,0.025000000000000001,2.9174648401649653e-10,1.7504789040989792e-10
