x_m,y_m,incident_W_m2,absorbed_W_m2
-0.025000000000000001,-0.025000000000000001,3.0956383920460195e-10,1.8573830352276117e-10
-0.024500000000000001,-0.025000000000000001,7.8230767650624931e-10,4.6938460590374954e-10
-0.024,-0.025000000000000001,1.9511747352569398e-09,1.1707048411541638e-09
-0.0235,-0.025000000000000001,4.7999173263122746e-09,2.8799503957873647e-09
-0.023,-0.025000000000000001,1.1635098863894004e-08,6.9810593183364026e-09
-0.022500000000000003,-0.025000000000000001,2.77574112805103e-08,1.6654446768306179e-08
-0.022000000000000002,-0.025000000000000001,6.5084075143776745e-08,3.9050445086266046e-08
-0.021500000000000002,-0.025000000000000001,1.4978050236820605e-07,8.9868301420923627e-08
-0.021000000000000001,-0.025000000000000001,3.3785998711725958e-07,2.0271599227035574e-07
-0.020500000000000001,-0.025000000000000001,7.4606738353870998e-07,4.4764043012322596e-07
-0.02,-0.025000000000000001,1.6109986435912595e-06,9.6659918615475567e-07
-0.0195,-0.025000000000000001,3.3983446414923576e-06,2.0390067848954145e-06
-0.019,-0.025000000000000001,6.9974133241980056e-06,4.1984479945188032e-06
-0.018500000000000003,-0.025000000000000001,1.4054261111934105e-05,8.4325566671604619e-06
-0.018000000000000002,-0.025000000000000001,2.7519182818487147e-05,1.6511509691092288e-05
-0.017500000000000002,-0.025000000000000001,5.2507880104296696e-05,3.1504728062578015e-05
-0.017000000000000001,-0.025000000000000001,9.7593505838695921e-05,5.8556103503217552e-05
-0.016500000000000001,-0.025000000000000001,0.00017664737321415971,0.00010598842392849583
-0.016,-0.025000000000000001,0.0003113133562698608,0.00018678801376191648
-0.0155,-0.025000000000000001,0.00053411709394360254,0.00032047025636616153
-0.015000000000000001,-0.025000000000000001,0.00089206284854789243,0.00053523770912873548
-0.014500000000000001,-0.025000000000000001,0.0014503598856706939,0.00087021593140241638
-0.014,-0.025000000000000001,0.002295675557664442,0.0013774053345986651
-0.0135,-0.025000000000000001,0.0035381011072816333,0.0021228606643689798
-0.012999999999999999,-0.025000000000000001,0.0053109461605697749,0.0031865676963418648
-0.012500000000000001,-0.025000000000000001,0.0077676823288443317,0.0046606093973065987
-0.012,-0.025000000000000001,0.011075956802576866,0.0066455740815461193
-0.0115,-0.025000000000000001,0.015409642476768334,0.0092457854860609999
-0.010999999999999999,-0.025000000000000001,0.020941286815657652,0.012564772089394591
-0.010499999999999999,-0.025000000000000001,0.027838768476888456,0.016703261086133073
-0.010000000000000002,-0.025000000000000001,0.03627095362960945,0.021762572177765668
-0.0095000000000000015,-0.025000000000000001,0.046427000223256548,0.027856200133953929
-0.0090000000000000011,-0.025000000000000001,0.058552046229666317,0.035131227737799788
-0.0085000000000000006,-0.025000000000000001,0.072997970926751532,0.043798782556050915
-0.0080000000000000002,-0.025000000000000001,0.090281931778107033,0.054169159066864217
-0.0074999999999999997,-0.025000000000000001,0.11113842875452426,0.066683057252714548
-0.0069999999999999993,-0.025000000000000001,0.13654452346331963,0.081926714077991777
-0.0064999999999999988,-0.025000000000000001,0.16769489934301798,0.10061693960581079
-0.0059999999999999984,-0.025000000000000001,0.2059060510474309,0.12354363062845854
-0.0054999999999999979,-0.025000000000000001,0.25243859371924315,0.15146315623154588
-0.005000000000000001,-0.025000000000000001,0.30824339788911498,0.18494603873346899
-0.0044999999999999971,-0.025000000000000001,0.37365866108301488,0.22419519664980891
-0.0040000000000000001,-0.025000000000000001,0.44810654636023672,0.26886392781614205
-0.0035000000000000031,-0.025000000000000001,0.52985357403042854,0.3179121444182571
-0.0029999999999999992,-0.025000000000000001,0.61590247753558947,0.36954148652135366
-0.0025000000000000022,-0.025000000000000001,0.70207061626717682,0.4212423697603061
-0.0019999999999999983,-0.025000000000000001,0.78328092666728255,0.46996855600036952
-0.0015000000000000013,-0.025000000000000001,0.8540501723115852,0.51243010338695105
-0.00099999999999999742,-0.025000000000000001,0.90911463731948117,0.54546878239168872
-0.00050000000000000044,-0.025000000000000001,0.94409651276857709,0.56645790766114623
0,-0.025000000000000001,0.95609553305820594,0.57365731983492352
0.00050000000000000044,-0.025000000000000001,0.94409651276857276,0.56645790766114368
0.0010000000000000009,-0.025000000000000001,0.90911463731947073,0.54546878239168239
0.0015000000000000013,-0.025000000000000001,0.85405017231156533,0.51243010338693917
0.0020000000000000018,-0.025000000000000001,0.78328092666724569,0.46996855600034737
0.0024999999999999988,-0.025000000000000001,0.7020706162671142,0.42124236976026852
0.0030000000000000027,-0.025000000000000001,0.61590247753548455,0.36954148652129071
0.0034999999999999996,-0.025000000000000001,0.52985357403026079,0.31791214441815646
0.0040000000000000036,-0.025000000000000001,0.44810654635996922,0.26886392781598151
0.0045000000000000005,-0.025000000000000001,0.37365866108260498,0.22419519664956297
0.0049999999999999975,-0.025000000000000001,0.30824339788850352,0.18494603873310211
0.0055000000000000014,-0.025000000000000001,0.25243859371835276,0.15146315623101164
0.0059999999999999984,-0.025000000000000001,0.20590605104617207,0.12354363062770324
0.0064999999999999988,-0.025000000000000001,0.16769489934128559,0.10061693960477135
0.0069999999999999993,-0.025000000000000001,0.1365445234610006,0.081926714076600363
0.0074999999999999997,-0.025000000000000001,0.11113842875150484,0.0666830572509029
0.0080000000000000002,-0.025000000000000001,0.090281931774283716,0.054169159064570226
0.0085000000000000006,-0.025000000000000001,0.07299797092204259,0.04379878255322555
0.0090000000000000011,-0.025000000000000001,0.058552046224025385,0.035131227734415231
0.0095000000000000015,-0.025000000000000001,0.046427000216684521,0.027856200130010712
0.010000000000000002,-0.025000000000000001,0.03627095362216233,0.021762572173297398
0.010500000000000002,-0.025000000000000001,0.027838768468680889,0.016703261081208533
0.011000000000000003,-0.025000000000000001,0.020941286806859839,0.012564772084115904
0.011500000000000003,-0.025000000000000001,0.015409642467596237,0.0092457854805577423
0.012000000000000004,-0.025000000000000001,0.011075956793276494,0.0066455740759658963
0.012499999999999997,-0.025000000000000001,0.0077676823196722805,0.004660609391803368
0.013000000000000005,-0.025000000000000001,0.0053109461517719721,0.0031865676910631832
0.013499999999999998,-0.025000000000000001,0.0035381010990740984,0.002122860659444459
0.014000000000000005,-0.025000000000000001,0.0022956755502172754,0.0013774053301303653
0.014499999999999999,-0.025000000000000001,0.0014503598790986086,0.00087021592745916516
0.014999999999999999,-0.025000000000000001,0.00089206284290693284,0.00053523770574415966
0.0155,-0.025000000000000001,0.000534117089234494,0.00032047025354069641
0.016000000000000007,-0.025000000000000001,0.00031131335244636112,0.00018678801146781667
0.016500000000000001,-0.025000000000000001,0.00017664737019477161,0.00010598842211686296
0.017000000000000001,-0.025000000000000001,9.7593503519628131e-05,5.8556102111776879e-05
0.017500000000000002,-0.025000000000000001,5.2507878371912271e-05,3.1504727023147361e-05
0.017999999999999995,-0.025000000000000001,2.7519181559819129e-05,1.6511508935891475e-05
0.018500000000000003,-0.025000000000000001,1.4054260222498333e-05,8.4325561334989985e-06
0.019000000000000003,-0.025000000000000001,6.9974127128983171e-06,4.1984476277389901e-06
0.019500000000000003,-0.025000000000000001,3.3983442328625926e-06,2.0390065397175555e-06
0.019999999999999997,-0.025000000000000001,1.6109983779215365e-06,9.6659902675292192e-07
0.020499999999999997,-0.025000000000000001,7.460672155460036e-07,4.4764032932760215e-07
0.021000000000000005,-0.025000000000000001,3.3785988379947753e-07,2.027159302796865e-07
0.021500000000000005,-0.025000000000000001,1.4978044056714101e-07,8.9868264340284607e-08
0.021999999999999999,-0.025000000000000001,6.5084039189288992e-08,3.9050423513573395e-08
0.022499999999999999,-0.025000000000000001,2.7757390936033465e-08,1.6654434561620078e-08
0.023000000000000007,-0.025000000000000001,1.1635087667550396e-08,6.9810526005302368e-09
0.023500000000000007,-0.025000000000000001,4.7999113333413921e-09,2.8799468000048353e-09
0.024,-0.025000000000000001,1.9511716153303431e-09,1.1707029691982059e-09
0.024500000000000001,-0.025000000000000001,7.8230609677629472e-10,4.6938365806577685e-10
0.025000000000000001,-0.025000000000000001,3.0956306124401589e-10,1.8573783674640954e-10
-0.025000000000000001,-0.024500000000000001,7.8230767283830434e-10,4.6938460370298258e-10
-0.024500000000000001,-0.024500000000000001,1.9478512890008124e-09,1.1687107734004873e-09
-0.024,-0.024500000000000001,4.7876185705855455e-09,2.8725711423513273e-09
-0.0235,-0.024500000000000001,1.1613806557241334e-08,6.9682839343447999e-09
-0.023,-0.024500000000000001,2.7787455916476029e-08,1.6672473549885617e-08
-0.022500000000000003,-0.024500000000000001,6.5512156724515066e-08,3.9307294034709038e-08
-0.022000000000000002,-0.024500000000000001,1.520084833099324e-07,9.1205089985959434e-08
-0.021500000000000002,-0.024500000000000001,3.4665782420117414e-07,2.0799469452070448e-07
-0.021000000000000001,-0.024500000000000001,7.7592447981022515e-07,4.6555468788613505e-07
-0.020500000000000001,-0.024500000000000001,1.7023134431238921e-06,1.0213880658743352e-06
-0.02,-0.024500000000000001,3.6561195493916275e-06,2.1936717296349762e-06
-0.0195,-0.024500000000000001,7.6785360700287975e-06,4.6071216420172785e-06
-0.019,-0.024500000000000001,1.5754095857798135e-05,9.4524575146788812e-06
-0.018500000000000003,-0.024500000000000001,3.1550702759351269e-05,1.893042165561076e-05
-0.018000000000000002,-0.024500000000000001,6.1635178027131409e-05,3.6981106816278842e-05
-0.017500000000000002,-0.024500000000000001,0.00011738441341022078,7.0430648046132464e-05
-0.017000000000000001,-0.024500000000000001,0.00021785163103074846,0.00013071097861844908
-0.016500000000000001,-0.024500000000000001,0.00039384802787257656,0.00023630881672354593
-0.016,-0.024500000000000001,0.00069342628095769528,0.00041605576857461717
-0.0155,-0.024500000000000001,0.0011887639791959136,0.00071325838751754814
-0.015000000000000001,-0.024500000000000001,0.0019841118632210916,0.0011904671179326549
-0.014500000000000001,-0.024500000000000001,0.0032239960438884756,0.0019343976263330852
-0.014,-0.024500000000000001,0.0051003076605837258,0.0030601845963502353
-0.0135,-0.024500000000000001,0.0078564246294901101,0.0047138547776940662
-0.012999999999999999,-0.024500000000000001,0.011786324801884905,0.0070717948811309427
-0.012500000000000001,-0.024500000000000001,0.01722706293253546,0.010336237759521276
-0.012,-0.024500000000000001,0.024544266923944541,0.014726560154366724
-0.0115,-0.024500000000000001,0.034112578568372673,0.020467547141023602
-0.010999999999999999,-0.024500000000000001,0.046296025561106936,0.02777761533666416
-0.010499999999999999,-0.024500000000000001,0.061436529276580255,0.03686191756594815
-0.010000000000000002,-0.024500000000000001,0.079861022603706616,0.047916613562223966
-0.0095000000000000015,-0.024500000000000001,0.10191754846886907,0.061150529081321438
-0.0090000000000000011,-0.024500000000000001,0.12804684651862522,0.076828107911175128
-0.0085000000000000006,-0.024500000000000001,0.15888751128144973,0.09533250676886984
-0.0080000000000000002,-0.024500000000000001,0.19540020973284597,0.11724012583970758
-0.0074999999999999997,-0.024500000000000001,0.23898172140069696,0.14338903284041818
-0.0069999999999999993,-0.024500000000000001,0.29152647125482223,0.17491588275289333
-0.0064999999999999988,-0.024500000000000001,0.35538671434450042,0.21323202860670024
-0.0059999999999999984,-0.024500000000000001,0.43318754892976896,0.25991252935786135
-0.0054999999999999979,-0.024500000000000001,0.52747274384080622,0.31648364630448372
-0.005000000000000001,-0.024500000000000001,0.64019179150563732,0.38411507490338237
-0.0044999999999999971,-0.024500000000000001,0.77208282559143626,0.46324969535486171
-0.0040000000000000001,-0.024500000000000001,0.92205059781646359,0.55323035868987813
-0.0035000000000000031,-0.024500000000000001,1.0866710411304896,0.65200262467829373
-0.0029999999999999992,-0.024500000000000001,1.2599615533367785,0.75597693200206706
-0.0025000000000000022,-0.024500000000000001,1.4335305687560786,0.86011834125364717
-0.0019999999999999983,-0.024500000000000001,1.5971605439833356,0.95829632639000129
-0.0015000000000000013,-0.024500000000000001,1.7397941791422122,1.0438765074853273
-0.00099999999999999742,-0.024500000000000001,1.8508023961949107,1.1104814377169463
-0.00050000000000000044,-0.024500000000000001,1.9213370630760909,1.1528022378456544
0,-0.024500000000000001,1.9455331182543252,1.1673198709525952
0.00050000000000000044,-0.024500000000000001,1.9213370630760733,1.152802237845644
0.0010000000000000009,-0.024500000000000001,1.8508023961948701,1.1104814377169221
0.0015000000000000013,-0.024500000000000001,1.7397941791421334,1.04387650748528
0.0020000000000000018,-0.024500000000000001,1.5971605439831917,0.95829632638991502
0.0024999999999999988,-0.024500000000000001,1.4335305687558326,0.86011834125349951
0.0030000000000000027,-0.024500000000000001,1.2599615533363662,0.7559769320018197
0.0034999999999999996,-0.024500000000000001,1.0866710411298255,0.65200262467789527
0.0040000000000000036,-0.024500000000000001,0.92205059781540921,0.55323035868924553
0.0045000000000000005,-0.024500000000000001,0.77208282558981767,0.4632496953538906
0.0049999999999999975,-0.024500000000000001,0.64019179150321937,0.38411507490193159
0.0055000000000000014,-0.024500000000000001,0.52747274383728648,0.31648364630237186
0.0059999999999999984,-0.024500000000000001,0.43318754892479061,0.25991252935487436
0.0064999999999999988,-0.024500000000000001,0.35538671433764873,0.21323202860258925
0.0069999999999999993,-0.024500000000000001,0.29152647124565029,0.17491588274739017
0.0074999999999999997,-0.024500000000000001,0.23898172138875501,0.14338903283325299
0.0080000000000000002,-0.024500000000000001,0.19540020971772404,0.11724012583063442
0.0085000000000000006,-0.024500000000000001,0.15888751126282519,0.095332506757695112
0.0090000000000000011,-0.024500000000000001,0.12804684649631493,0.076828107897788947
0.0095000000000000015,-0.024500000000000001,0.10191754844287608,0.061150529065725642
0.010000000000000002,-0.024500000000000001,0.079861022574252663,0.047916613544551595
0.010500000000000002,-0.024500000000000001,0.061436529244118736,0.036861917546471237
0.011000000000000003,-0.024500000000000001,0.046296025526311048,0.027777615315786628
0.011500000000000003,-0.024500000000000001,0.034112578532096337,0.020467547119257801
0.012000000000000004,-0.024500000000000001,0.024544266887160816,0.014726560132296489
0.012499999999999997,-0.024500000000000001,0.017227062896259197,0.010336237737755518
0.013000000000000005,-0.024500000000000001,0.011786324767088994,0.0070717948602533956
0.013499999999999998,-0.024500000000000001,0.0078564245970286304,0.0047138547582171782
0.014000000000000005,-0.024500000000000001,0.005100307631129633,0.0030601845786777798
0.014499999999999999,-0.024500000000000001,0.003223996017895353,0.0019343976107372117
0.014999999999999999,-0.024500000000000001,0.0019841118409106707,0.0011904671045464023
0.0155,-0.024500000000000001,0.0011887639605710279,0.00071325837634261672
0.016000000000000007,-0.024500000000000001,0.0006934262658354663,0.00041605575950127977
0.016500000000000001,-0.024500000000000001,0.00039384801593066507,0.00023630880955839904
0.017000000000000001,-0.024500000000000001,0.00021785162185865658,0.00013071097311519395
0.017500000000000002,-0.024500000000000001,0.00011738440655850782,7.0430643935104689e-05
0.017999999999999995,-0.024500000000000001,6.1635173049002281e-05,3.6981103829401366e-05
0.018500000000000003,-0.024500000000000001,3.1550699241564513e-05,1.8930419544938707e-05
0.019000000000000003,-0.024500000000000001,1.5754093440061107e-05,9.4524560640366642e-06
0.019500000000000003,-0.024500000000000001,7.6785344538667627e-06,4.6071206723200573e-06
0.019999999999999997,-0.024500000000000001,3.6561184986474809e-06,2.1936710991884883e-06
0.020499999999999997,-0.024500000000000001,1.7023127786998487e-06,1.0213876672199092e-06
0.021000000000000005,-0.024500000000000001,7.7592407118048009e-07,4.6555444270828805e-07
0.021500000000000005,-0.024500000000000001,3.4665757977322103e-07,2.0799454786393261e-07
0.021999999999999999,-0.024500000000000001,1.5200834110717501e-07,9.1205004664305007e-08
0.022499999999999999,-0.024500000000000001,6.5512076260547952e-08,3.9307245756328773e-08
0.023000000000000007,-0.024500000000000001,2.7787411634078284e-08,1.6672446980446971e-08
0.023500000000000007,-0.024500000000000001,1.1613782854581889e-08,6.9682697127491328e-09
0.024,-0.024500000000000001,4.787606231036488e-09,2.8725637386218927e-09
0.024500000000000001,-0.024500000000000001,1.9478450410476473e-09,1.1687070246285883e-09
0.025000000000000001,-0.024500000000000001,7.8230459594449517e-10,4.6938275756669704e-10
-0.025000000000000001,-0.024,1.9511747127529846e-09,1.1707048276517907e-09
-0.024500000000000001,-0.024,4.787618535222839e-09,2.8725711211337033e-09
-0.024,-0.024,1.1594020662956665e-08,6.9564123977739986e-09
-0.0235,-0.024,2.7716234434752505e-08,1.6629740660851503e-08
-0.023,-0.024,6.5392178066219293e-08,3.9235306839731575e-08
-0.022500000000000003,-0.024,1.5217268462515062e-07,9.1303610775090372e-08
-0.022000000000000002,-0.024,3.4893677999413702e-07,2.0936206799648219e-07
-0.021500000000000002,-0.024,7.8746260958497998e-07,4.7247756575098795e-07
-0.021000000000000001,-0.024,1.7466297100435042e-06,1.0479778260261024e-06
-0.020500000000000001,-0.024,3.802398647413079e-06,2.2814391884478472e-06
-0.02,-0.024,8.1136630098012863e-06,4.8681978058807718e-06
-0.0195,-0.024,1.6948774725761239e-05,1.0169264835456744e-05
-0.019,-0.024,3.4620916298298376e-05,2.0772549778979026e-05
-0.018500000000000003,-0.024,6.9087302270478813e-05,4.1452381362287285e-05
-0.018000000000000002,-0.024,0.00013457419042369658,8.0744514254217943e-05
-0.017500000000000002,-0.024,0.00025570197276420615,0.00015342118365852369
-0.017000000000000001,-0.024,0.00047366914704051504,0.000284201488224309
-0.016500000000000001,-0.024,0.00085505462526458376,0.00051303277515875019
-0.016,-0.024,0.0015036364592374242,0.00090218187554245446
-0.0155,-0.024,0.0025752142071306864,0.0015451285242784119
-0.015000000000000001,-0.024,0.0042946949508222984,0.0025768169704933788
-0.014500000000000001,-0.024,0.0069736615399217496,0.0041841969239530498
-0.014,-0.024,0.011025417185569444,0.0066152503113416665
-0.0135,-0.024,0.016973405573423389,0.010184043344054034
-0.012999999999999999,-0.024,0.025448446477423843,0.015269067886454305
-0.012500000000000001,-0.024,0.037171037913295776,0.022302622747977466
-0.012,-0.024,0.052917647176420383,0.031750588305852229
-0.0115,-0.024,0.073474711589109495,0.044084826953465696
-0.010999999999999999,-0.024,0.0995906071414836,0.059754364284890157
-0.010499999999999999,-0.024,0.13194280213281542,0.079165681279689246
-0.010000000000000002,-0.024,0.1711424872050876,0.10268549232305256
-0.0095000000000000015,-0.024,0.21779917486720837,0.13067950492032501
-0.0090000000000000011,-0.024,0.27266017531395892,0.16359610518837533
-0.0085000000000000006,-0.024,0.33682277278617323,0.20209366367170392
-0.0080000000000000002,-0.024,0.41199110338508893,0.24719466203105334
-0.0074999999999999997,-0.024,0.50071933591991191,0.30043160155194715
-0.0069999999999999993,-0.024,0.60655548171917051,0.36393328903150229
-0.0064999999999999988,-0.024,0.73398613554237324,0.44039168132542394
-0.0059999999999999984,-0.024,0.88809178585981607,0.53285507151588962
-0.0054999999999999979,-0.024,1.0738616853609555,0.64431701121657325
-0.005000000000000001,-0.024,1.2951863072826493,0.7771117843695895
-0.0044999999999999971,-0.024,1.5536344058020812,0.93218064348124874
-0.0040000000000000001,-0.024,1.8472115490988459,1.1083269294593074
-0.0035000000000000031,-0.024,2.1693624574709882,1.3016174744825928
-0.0029999999999999992,-0.024,2.5084954730963878,1.5050972838578327
-0.0025000000000000022,-0.024,2.8482571163390973,1.7089542698034583
-0.0019999999999999983,-0.024,3.1686665804578653,1.9011999482747191
-0.0015000000000000013,-0.024,3.4480522177930433,2.0688313306758257
-0.00099999999999999742,-0.024,3.6655502406623399,2.199330144397404
-0.00050000000000000044,-0.024,3.8037753584798661,2.2822652150879197
0,-0.024,3.8511965503969927,2.3107179302381957
0.00050000000000000044,-0.024,3.8037753584797991,2.2822652150878793
0.0010000000000000009,-0.024,3.6655502406621814,2.1993301443973086
0.0015000000000000013,-0.024,3.44805221779274,2.0688313306756441
0.0020000000000000018,-0.024,3.168666580457316,1.9011999482743895
0.0024999999999999988,-0.024,2.8482571163381536,1.7089542698028921
0.0030000000000000027,-0.024,2.508495473094809,1.5050972838568855
0.0034999999999999996,-0.024,2.1693624574684298,1.3016174744810578
0.0040000000000000036,-0.024,1.8472115490947996,1.1083269294568796
0.0045000000000000005,-0.024,1.5536344057958591,0.93218064347751539
0.0049999999999999975,-0.024,1.2951863072733478,0.77711178436400863
0.0055000000000000014,-0.024,1.0738616853474203,0.64431701120845219
0.0059999999999999984,-0.024,0.88809178584066617,0.5328550715043997
0.0064999999999999988,-0.024,0.73398613551601599,0.4403916813096096
0.0069999999999999993,-0.024,0.60655548168388784,0.36393328901033267
0.0074999999999999997,-0.024,0.5007193358739741,0.30043160152438447
0.0080000000000000002,-0.024,0.41199110332691824,0.24719466199615092
0.0085000000000000006,-0.024,0.33682277271452871,0.20209366362871722
0.0090000000000000011,-0.024,0.27266017522813718,0.1635961051368823
0.0095000000000000015,-0.024,0.21779917476722016,0.13067950486033209
0.010000000000000002,-0.024,0.17114248709178614,0.10268549225507169
0.010500000000000002,-0.024,0.13194280200794498,0.079165681204766983
0.011000000000000003,-0.024,0.099590607007633253,0.059754364204579948
0.011500000000000003,-0.024,0.073474711449564412,0.044084826869738643
0.012000000000000004,-0.024,0.052917647034923666,0.031750588220954196
0.012499999999999997,-0.024,0.037171037773750852,0.02230262266425051
0.013000000000000005,-0.024,0.025448446343573555,0.015269067806144131
0.013499999999999998,-0.024,0.016973405448553049,0.01018404326913183
0.014000000000000005,-0.024,0.011025417072267662,0.0066152502433605969
0.014499999999999999,-0.024,0.0069736614399333735,0.0041841968639600236
0.014999999999999999,-0.024,0.0042946948650002103,0.002576816919000126
0.0155,-0.024,0.0025752141354858666,0.0015451284812915199
0.016000000000000007,-0.024,0.0015036364010663776,0.00090218184063982658
0.016500000000000001,-0.024,0.00085505457932732716,0.00051303274759639632
0.017000000000000001,-0.024,0.00047366911175799979,0.00028420146705479988
0.017500000000000002,-0.024,0.00025570194640754884,0.00015342116784452931
0.017999999999999995,-0.024,0.00013457417127420073,8.074450276452043e-05
0.018500000000000003,-0.024,6.9087288738519962e-05,4.1452373243111977e-05
0.019000000000000003,-0.024,3.4620906997928176e-05,2.0772544198756906e-05
0.019500000000000003,-0.024,1.6948768508829834e-05,1.0169261105297901e-05
0.019999999999999997,-0.024,8.1136589678771643e-06,4.8681953807262986e-06
0.020499999999999997,-0.024,3.80239609155625e-06,2.2814376549337499e-06
0.021000000000000005,-0.024,1.7466281381571095e-06,1.0479768828942656e-06
0.021500000000000005,-0.024,7.8746166933778716e-07,4.7247700160267229e-07
0.021999999999999999,-0.024,3.4893623297918453e-07,2.0936173978751072e-07
0.022499999999999999,-0.024,1.5217237510237013e-07,9.1303425061422078e-08
0.023000000000000007,-0.024,6.5392007723998321e-08,3.923520463439899e-08
0.023500000000000007,-0.024,2.7716143257132006e-08,1.6629685954279203e-08
0.024,-0.024,1.1593973196100814e-08,6.9563839176604876e-09
0.024500000000000001,-0.024,4.7875945010631151e-09,2.8725567006378688e-09
0.025000000000000001,-0.024,1.9511628767876347e-09,1.1706977260725807e-09
-0.025000000000000001,-0.0235,4.7999172254828506e-09,2.8799503352897102e-09
-0.024500000000000001,-0.0235,1.1613806346237937e-08,6.9682838077427623e-09
-0.024,-0.0235,2.7716234112280371e-08,1.6629740467368223e-08
-0.0235,-0.0235,6.5280743439224284e-08,3.9168446063534572e-08
-0.023,-0.0235,1.5178249920807059e-07,9.1069499524842343e-08
-0.022500000000000003,-0.0235,3.482971200806657e-07,2.0897827204839942e-07
-0.022000000000000002,-0.0235,7.8831103551436779e-07,4.7298662130862066e-07
-0.021500000000000002,-0.0235,1.7581048699718629e-06,1.0548629219831176e-06
-0.021000000000000001,-0.0235,3.8589176648150034e-06,2.3153505988890018e-06
-0.020500000000000001,-0.0235,8.3248140182616596e-06,4.9948884109569959e-06
-0.02,-0.0235,1.7626670332869155e-05,1.0576002199721493e-05
-0.0195,-0.0235,3.6582187638078255e-05,2.1949312582846952e-05
-0.019,-0.0235,7.4324614803033639e-05,4.4594768881820185e-05
-0.018500000000000003,-0.0235,0.00014766473026914861,8.8598838161489156e-05
-0.018000000000000002,-0.0235,0.00028660475428042716,0.00017196285256825629
-0.017500000000000002,-0.0235,0.00054299791881470437,0.00032579875128882263
-0.017000000000000001,-0.0235,0.0010035238441223598,0.00060211430647341582
-0.016500000000000001,-0.0235,0.0018081493724523667,0.00108488962347142
-0.016,-0.0235,0.0031749019603604634,0.001904941176216278
-0.0155,-0.0235,0.0054309125374339936,0.0032585475224603962
-0.015000000000000001,-0.0235,0.0090481430582518337,0.0054288858349511001
-0.014500000000000001,-0.0235,0.014679999982123406,0.0088079999892740433
-0.014,-0.0235,0.023192416682589208,0.013915450009553524
-0.0135,-0.0235,0.035680612511578655,0.021408367506947194
-0.012999999999999999,-0.0235,0.053461658229568929,0.032076994937741354
-0.012500000000000001,-0.0235,0.078034524697366506,0.046820714818419901
-0.012,-0.0235,0.11100471018891521,0.066602826113349126
-0.0115,-0.0235,0.15398042089908051,0.09238825253944831
-0.010999999999999999,-0.0235,0.20846086651124199,0.12507651990674518
-0.010499999999999999,-0.0235,0.27575186782760158,0.16545112069656095
-0.010000000000000002,-0.0235,0.3569549628135178,0.21417297768811067
-0.0095000000000000015,-0.0235,0.45307743928877886,0.27184646357326731
-0.0090000000000000011,-0.0235,0.56529624262031208,0.33917774557218722
-0.0085000000000000006,-0.0235,0.69537496030895929,0.41722497618537557
-0.0080000000000000002,-0.0235,0.84618149315886637,0.50770889589531976
-0.0074999999999999997,-0.0235,1.02219286200118,0.61331571720070799
-0.0069999999999999993,-0.0235,1.2298182292410866,0.73789093754465196
-0.0064999999999999988,-0.0235,1.4773418311956057,0.88640509871736339
-0.0059999999999999984,-0.0235,1.7743042444504749,1.064582546670285
-0.0054999999999999979,-0.0235,2.1302164830900399,1.2781298898540239
-0.005000000000000001,-0.0235,2.552636223369801,1.5315817340218805
-0.0044999999999999971,-0.0235,3.0448098482500496,1.8268859089500298
-0.0040000000000000001,-0.0235,3.6032604884499726,2.1619562930699834
-0.0035000000000000031,-0.0235,4.215831360242249,2.5294988161453493
-0.0029999999999999992,-0.0235,4.8607264622095281,2.9164358773257169
-0.0025000000000000022,-0.0235,5.5069941914614713,3.3041965148768826
-0.0019999999999999983,-0.0235,6.1166710943002816,3.6700026565801687
-0.0015000000000000013,-0.0235,6.6484779190339021,3.989086751420341
-0.00099999999999999742,-0.0235,7.0626076863404199,4.2375646118042516
-0.00050000000000000044,-0.0235,7.3258536133587446,4.3955121680152462
0,-0.0235,7.4161760308066276,4.4497056184839767
0.00050000000000000044,-0.0235,7.3258536133584942,4.3955121680150961
0.0010000000000000009,-0.0235,7.0626076863398275,4.2375646118038963
0.0015000000000000013,-0.0235,6.648477919032767,3.9890867514196602
0.0020000000000000018,-0.0235,6.1166710942982352,3.6700026565789408
0.0024999999999999988,-0.0235,5.5069941914579505,3.3041965148747701
0.0030000000000000027,-0.0235,4.8607264622036359,2.9164358773221815
0.0034999999999999996,-0.0235,4.2158313602326896,2.5294988161396135
0.0040000000000000036,-0.0235,3.6032604884348385,2.1619562930609031
0.0045000000000000005,-0.0235,3.0448098482267816,1.8268859089360689
0.0049999999999999975,-0.0235,2.5526362233350048,1.5315817340010029
0.0055000000000000014,-0.0235,2.1302164830394053,1.2781298898236431
0.0059999999999999984,-0.0235,1.7743042443788311,1.0645825466272987
0.0064999999999999988,-0.0235,1.4773418310969966,0.88640509865819794
0.0069999999999999993,-0.0235,1.2298182291090836,0.73789093746545009
0.0074999999999999997,-0.0235,1.0221928618293128,0.6133157170975877
0.0080000000000000002,-0.0235,0.84618149294123057,0.50770889576473832
0.0085000000000000006,-0.0235,0.69537496004091337,0.417224976024548
0.0090000000000000011,-0.0235,0.56529624229922304,0.33917774537953382
0.0095000000000000015,-0.0235,0.45307743891468871,0.27184646334881324
0.010000000000000002,-0.0235,0.35695496238961777,0.21417297743377064
0.010500000000000002,-0.0235,0.27575186736041857,0.16545112041625112
0.011000000000000003,-0.0235,0.20846086601046232,0.12507651960627739
0.011500000000000003,-0.0235,0.15398042037699469,0.092388252226196815
0.012000000000000004,-0.0235,0.11100470965952759,0.066602825795716553
0.012499999999999997,-0.0235,0.078034524175280839,0.046820714505168504
0.013000000000000005,-0.0235,0.053461657728789434,0.032076994637273662
0.013499999999999998,-0.0235,0.0356806120443958,0.021408367226637481
0.014000000000000005,-0.0235,0.023192416258688633,0.01391544975521318
0.014499999999999999,-0.0235,0.014679999608032599,0.0088079997648195588
0.014999999999999999,-0.0235,0.0090481427371620262,0.0054288856422972159
0.0155,-0.0235,0.0054309122693861987,0.003258547361631719
0.016000000000000007,-0.0235,0.0031749017427226888,0.0019049410456336133
0.016500000000000001,-0.0235,0.001808149200585371,0.0010848895203512225
0.017000000000000001,-0.0235,0.0010035237121183934,0.00060211422727103603
0.017500000000000002,-0.0235,0.00054299782020542954,0.00032579869212325771
0.017999999999999995,-0.0235,0.00028660468263560894,0.00017196280958136536
0.018500000000000003,-0.0235,0.00014766467964145926,8.8598807784875551e-05
0.019000000000000003,-0.0235,7.4324580007165602e-05,4.4594748004299363e-05
0.019500000000000003,-0.0235,3.6582164378410206e-05,2.1949298627046122e-05
0.019999999999999997,-0.0235,1.7626655210647467e-05,1.0575993126388481e-05
0.020499999999999997,-0.0235,8.3248044559263983e-06,4.9948826735558386e-06
0.021000000000000005,-0.0235,3.8589117838500015e-06,2.3153470703100009e-06
0.021500000000000005,-0.0235,1.7581013521852997e-06,1.0548608113111797e-06
0.021999999999999999,-0.0235,7.8830898894419994e-07,4.7298539336651996e-07
0.022499999999999999,-0.0235,3.4829596205000155e-07,2.0897757723000093e-07
0.023000000000000007,-0.0235,1.5178186189951889e-07,9.1069117139711329e-08
0.023500000000000007,-0.0235,6.5280402312538854e-08,3.9168241387523309e-08
0.024,-0.0235,2.7716056522525823e-08,1.6629633913515494e-08
0.024500000000000001,-0.0235,1.1613716426220068e-08,6.9682298557320403e-09
0.025000000000000001,-0.0235,4.7998729430853293e-09,2.8799237658511976e-09
-0.025000000000000001,-0.023,1.1635098472886635e-08,6.9810590837319808e-09
-0.024500000000000001,-0.023,2.7787454997042507e-08,1.6672472998225503e-08
-0.024,-0.023,6.5392176194931409e-08,3.9235305716958844e-08
-0.0235,-0.023,1.5178249642671466e-07,9.1069497856028791e-08
-0.023,-0.023,3.4770338994905688e-07,2.0862203396943412e-07
-0.022500000000000003,-0.023,7.8628870698662451e-07,4.7177322419197466e-07
-0.022000000000000002,-0.023,1.7548779871442662e-06,1.0529267922865596e-06
-0.021500000000000002,-0.023,3.863061566855987e-06,2.317836940113592e-06
-0.021000000000000001,-0.023,8.3794625733597405e-06,5.0276775440158438e-06
-0.020500000000000001,-0.023,1.7888536083313288e-05,1.0733121649987972e-05
-0.02,-0.023,3.7533794697632205e-05,2.2520276818579321e-05
-0.0195,-0.023,7.7296156574753095e-05,4.6377693944851858e-05
-0.019,-0.023,0.00015602651979559277,9.3615911877355666e-05
-0.018500000000000003,-0.023,0.00030832203600002862,0.00018499322160001717
-0.018000000000000002,-0.023,0.00059579196314957705,0.00035747517788974623
-0.017500000000000002,-0.023,0.001124737436001831,0.00067484246160109853
-0.017000000000000001,-0.023,0.0020726277319538466,0.0012435766391723079
-0.016500000000000001,-0.023,0.0037257513250487321,0.002235450795029239
-0.016,-0.023,0.0065297141571768391,0.0039178284943061029
-0.0155,-0.023,0.011152667401980242,0.0066916004411881449
-0.015000000000000001,-0.023,0.018557972296719794,0.011134783378031875
-0.014500000000000001,-0.023,0.030078438500540788,0.018047063100324473
-0.014,-0.023,0.047478838144860154,0.028487302886916092
-0.0135,-0.023,0.072988404767444143,0.043793042860466487
-0.012999999999999999,-0.023,0.10928261122347468,0.065569566734084803
-0.012500000000000001,-0.023,0.15939638728898506,0.095637832373391032
-0.012,-0.023,0.22656164457135333,0.13593698674281199
-0.0115,-0.023,0.3139817821076118,0.18838906926456708
-0.010999999999999999,-0.023,0.42458333134862764,0.25474999880917659
-0.010499999999999999,-0.023,0.56081482970148711,0.33648889782089225
-0.010000000000000002,-0.023,0.72458608041750128,0.43475164825050078
-0.0095000000000000015,-0.023,0.91744502414003526,0.55046701448402113
-0.0090000000000000011,-0.023,1.1410625877816609,0.68463755266899651
-0.0085000000000000006,-0.023,1.3980309279890111,0.83881855679340667
-0.0080000000000000002,-0.023,1.6928800407528417,1.0157280244517051
-0.0074999999999999997,-0.023,2.0330977950106601,1.2198586770063959
-0.0069999999999999993,-0.023,2.4298289243187394,1.4578973545912437
-0.0064999999999999988,-0.023,2.8978686192622325,1.7387211715573394
-0.0059999999999999984,-0.023,3.4545951474205987,2.072757088452359
-0.0054999999999999979,-0.023,4.1176290339373107,2.4705774203623863
-0.005000000000000001,-0.023,4.9012626508030328,2.9407575904818195
-0.0044999999999999971,-0.023,5.8120369268390375,3.4872221561034222
-0.0040000000000000001,-0.023,6.8441795574929456,4.106507734495767
-0.0035000000000000031,-0.023,7.9758672240275628,4.7855203344165371
-0.0029999999999999992,-0.023,9.1673397053172039,5.5004038231903225
-0.0025000000000000022,-0.023,10.361714000545309,6.2170284003271847
-0.0019999999999999983,-0.023,11.488916944449471,6.8933501666696824
-0.0015000000000000013,-0.023,12.472541959018642,7.4835251754111844
-0.00099999999999999742,-0.023,13.238770622565184,7.9432623735391097
-0.00050000000000000044,-0.023,13.725948747380659,8.235569248428396
0,-0.023,13.893125367186977,8.335875220312186
0.00050000000000000044,-0.023,13.725948747379734,8.23556924842784
0.0010000000000000009,-0.023,13.23877062256302,7.9432623735378121
0.0015000000000000013,-0.023,12.472541959014508,7.4835251754087047
0.0020000000000000018,-0.023,11.488916944442046,6.8933501666652273
0.0024999999999999988,-0.023,10.36171400053251,6.2170284003195055
0.0030000000000000027,-0.023,9.1673397052957863,5.5004038231774715
0.0034999999999999996,-0.023,7.975867223992763,4.7855203343956578
0.0040000000000000036,-0.023,6.844179557437907,4.1065077344627436
0.0045000000000000005,-0.023,5.812036926754387,3.4872221560526322
0.0049999999999999975,-0.023,4.9012626506764159,2.9407575904058496
0.0055000000000000014,-0.023,4.1176290337530776,2.4705774202518467
0.0059999999999999984,-0.023,3.454595147159893,2.0727570882959356
0.0064999999999999988,-0.023,2.8978686189034102,1.7387211713420461
0.0069999999999999993,-0.023,2.4298289238383997,1.4578973543030398
0.0074999999999999997,-0.023,2.0330977943852635,1.2198586766311581
0.0080000000000000002,-0.023,1.6928800399608956,1.0157280239765374
0.0085000000000000006,-0.023,1.39803092701363,0.83881855620817791
0.0090000000000000011,-0.023,1.141062586613266,0.68463755196795961
0.0095000000000000015,-0.023,0.91744502277877737,0.55046701366726636
0.010000000000000002,-0.023,0.72458607887499382,0.43475164732499627
0.010500000000000002,-0.023,0.56081482800148008,0.33648889680088806
0.011000000000000003,-0.023,0.42458332952636813,0.25474999771582085
0.011500000000000003,-0.023,0.31398178020782175,0.18838906812469305
0.012000000000000004,-0.023,0.22656164264499321,0.13593698558699591
0.012499999999999997,-0.023,0.15939638538919559,0.095637831233517351
0.013000000000000005,-0.023,0.10928260940121576,0.065569565640729452
0.013499999999999998,-0.023,0.072988403067437618,0.043793041840462572
0.014000000000000005,-0.023,0.047478836602351429,0.028487301961410857
0.014499999999999999,-0.023,0.030078437139281874,0.018047062283569122
0.014999999999999999,-0.023,0.018557971128323351,0.011134782676994011
0.0155,-0.023,0.01115266642659553,0.0066915998559573175
0.016000000000000007,-0.023,0.0065297133652264822,0.003917828019135889
0.016500000000000001,-0.023,0.0037257506996511707,0.0022354504197907021
0.017000000000000001,-0.023,0.002072627251611702,0.0012435763509670212
0.017500000000000002,-0.023,0.0011247370771778474,0.00067484224630670847
0.017999999999999995,-0.023,0.00059579170244509756,0.00035747502146705855
0.018500000000000003,-0.023,0.00030832185177365185,0.0001849931110641911
0.019000000000000003,-0.023,0.00015602639317877827,9.3615835907266966e-05
0.019500000000000003,-0.023,7.7296071936398299e-05,4.6377643161838979e-05
0.019999999999999997,-0.023,3.7533739670192163e-05,2.2520243802115298e-05
0.020499999999999997,-0.023,1.788850128744555e-05,1.073310077246733e-05
0.021000000000000005,-0.023,8.379441173432334e-06,5.0276647040593999e-06
0.021500000000000005,-0.023,3.8630487661715481e-06,2.3178292597029289e-06
0.021999999999999999,-0.023,1.75487053999008e-06,1.0529223239940479e-06
0.022499999999999999,-0.023,7.8628449309108237e-07,4.7177069585464939e-07
0.023000000000000007,-0.023,3.4770107088122654e-07,2.0862064252873591e-07
0.023500000000000007,-0.023,1.5178125511915602e-07,9.1068753071493601e-08
0.024,-0.023,6.5391529973119591e-08,3.9234917983871752e-08
0.024500000000000001,-0.023,2.7787127791922982e-08,1.667227667515379e-08
0.025000000000000001,-0.023,1.163493733605045e-08,6.9809624016302698e-09
-0.025000000000000001,-0.022500000000000003,2.7757409896418558e-08,1.6654445937851133e-08
-0.024500000000000001,-0.022500000000000003,6.5512153257033932e-08,3.930729195422036e-08
-0.024,-0.022500000000000003,1.5217267669522022e-07,9.1303606017132136e-08
-0.0235,-0.022500000000000003,3.4829710438408597e-07,2.0897826263045158e-07
-0.023,-0.022500000000000003,7.8628868429679031e-07,4.7177321057807414e-07
-0.022500000000000003,-0.022500000000000003,1.7518852302224962e-06,1.0511311381334978e-06
-0.022000000000000002,-0.022500000000000003,3.8531448851081624e-06,2.3118869310648975e-06
-0.021500000000000002,-0.022500000000000003,8.3640584107222987e-06,5.0184350464333789e-06
-0.021000000000000001,-0.022500000000000003,1.790766426335763e-05,1.0744598558014577e-05
-0.020500000000000001,-0.022500000000000003,3.7779930467686317e-05,2.2667958280611789e-05
-0.02,-0.022500000000000003,7.844371426425982e-05,4.706622855855589e-05
-0.0195,-0.022500000000000003,0.00016008296999323209,9.604978199593925e-05
-0.019,-0.022500000000000003,0.00032064258147342323,0.00019238554888405393
-0.018500000000000003,-0.022500000000000003,0.00062951227702525618,0.00037770736621515371
-0.018000000000000002,-0.022500000000000003,0.0012099165361848315,0.00072594992171089883
-0.017500000000000002,-0.022500000000000003,0.0022740193115274778,0.0013644115869164866
-0.017000000000000001,-0.022500000000000003,0.0041754600834763246,0.0025052760500857947
-0.016500000000000001,-0.022500000000000003,0.0074840239182640059,0.0044904143509584037
-0.016,-0.022500000000000003,0.013085736265298993,0.0078514417591793954
-0.0155,-0.022500000000000003,0.022308096358411831,0.013384857815047098
-0.015000000000000001,-0.022500000000000003,0.037063812780687037,0.02223828766841222
-0.014500000000000001,-0.022500000000000003,0.059997238275196582,0.035998342965117947
-0.014,-0.022500000000000003,0.094606750628858136,0.056764050377314877
-0.0135,-0.022500000000000003,0.14530615122260848,0.087183690733565092
-0.012999999999999999,-0.022500000000000003,0.21738296557308512,0.13042977934385105
-0.012500000000000001,-0.022500000000000003,0.31681668662993484,0.19009001197796091
-0.012,-0.022500000000000003,0.44994060945808895,0.26996436567485338
-0.0115,-0.022500000000000003,0.62296956610458465,0.3737817396627508
-0.010999999999999999,-0.022500000000000003,0.84146997880453889,0.50488198728272327
-0.010499999999999999,-0.022500000000000003,1.1099081736439584,0.66594490418637509
-0.010000000000000002,-0.022500000000000003,1.4314598562093637,0.85887591372561822
-0.0095000000000000015,-0.022500000000000003,1.8082745184540641,1.0849647110724383
-0.0090000000000000011,-0.022500000000000003,2.2423401315102858,1.3454040789061714
-0.0085000000000000006,-0.022500000000000003,2.7369716965656976,1.6421830179394186
-0.0080000000000000002,-0.022500000000000003,3.2987566563580653,1.979253993814839
-0.0074999999999999997,-0.022500000000000003,3.939561060419233,2.3637366362515397
-0.0069999999999999993,-0.022500000000000003,4.6779892898671713,2.8067935739203027
-0.0064999999999999988,-0.022500000000000003,5.5395713927800392,3.3237428356680234
-0.0059999999999999984,-0.022500000000000003,6.5549994772039843,3.9329996863223906
-0.0054999999999999979,-0.022500000000000003,7.755996584093813,4.6535979504562874
-0.005000000000000001,-0.022500000000000003,9.1688760866751853,5.5013256520051108
-0.0044999999999999971,-0.022500000000000003,10.806468495264397,6.4838810971586378
-0.0040000000000000001,-0.022500000000000003,12.65972190095551,7.5958331405733057
-0.0035000000000000031,-0.022500000000000003,14.690746859007154,8.8144481154042928
-0.0029999999999999992,-0.022500000000000003,16.829203579404112,10.097522147642467
-0.0025000000000000022,-0.022500000000000003,18.973603693095203,11.384162215857122
-0.0019999999999999983,-0.022500000000000003,20.998312169235881,12.598987301541529
-0.0015000000000000013,-0.022500000000000003,22.765910334949002,13.6595462009694
-0.00099999999999999742,-0.022500000000000003,24.143359770140719,14.486015862084431
-0.00050000000000000044,-0.022500000000000003,25.019394370970268,15.011636622582159
0,-0.022500000000000003,25.32004982634195,15.19202989580517
0.00050000000000000044,-0.022500000000000003,25.019394370967014,15.011636622580207
0.0010000000000000009,-0.022500000000000003,24.143359770133067,14.486015862079839
0.0015000000000000013,-0.022500000000000003,22.765910334934343,13.659546200960605
0.0020000000000000018,-0.022500000000000003,20.998312169209623,12.598987301525773
0.0024999999999999988,-0.022500000000000003,18.973603693049963,11.384162215829978
0.0030000000000000027,-0.022500000000000003,16.829203579328357,10.097522147597013
0.0034999999999999996,-0.022500000000000003,14.690746858884026,8.8144481153304159
0.0040000000000000036,-0.022500000000000003,12.659721900760724,7.5958331404564339
0.0045000000000000005,-0.022500000000000003,10.806468494964829,6.4838810969788971
0.0049999999999999975,-0.022500000000000003,9.1688760862270744,5.5013256517362441
0.0055000000000000014,-0.022500000000000003,7.7559965834417914,4.653597950065075
0.0059999999999999984,-0.022500000000000003,6.55499947628131,3.9329996857687859
0.0064999999999999988,-0.022500000000000003,5.5395713915101039,3.3237428349060623
0.0069999999999999993,-0.022500000000000003,4.6779892881671667,2.8067935729003
0.0074999999999999997,-0.022500000000000003,3.939561058205852,2.3637366349235109
0.0080000000000000002,-0.022500000000000003,3.2987566535552344,1.9792539921331405
0.0085000000000000006,-0.022500000000000003,2.7369716931136638,1.6421830158681983
0.0090000000000000011,-0.022500000000000003,2.2423401273751487,1.3454040764250892
0.0095000000000000015,-0.022500000000000003,1.8082745136363556,1.0849647081818132
0.010000000000000002,-0.022500000000000003,1.4314598507501837,0.85887591045011014
0.010500000000000002,-0.022500000000000003,1.1099081676273652,0.66594490057641909
0.011000000000000003,-0.022500000000000003,0.84146997235527599,0.50488198341316559
0.011500000000000003,-0.022500000000000003,0.62296955938092724,0.37378173562855632
0.012000000000000004,-0.022500000000000003,0.44994060264039598,0.26996436158423759
0.012499999999999997,-0.022500000000000003,0.31681667990627804,0.19009000794376682
0.013000000000000005,-0.022500000000000003,0.21738295912382316,0.13042977547429388
0.013499999999999998,-0.022500000000000003,0.14530614520601609,0.087183687123609646
0.014000000000000005,-0.022500000000000003,0.094606745169676071,0.056764047101805638
0.014499999999999999,-0.022500000000000003,0.059997233457485817,0.035998340074491486
0.014999999999999999,-0.022500000000000003,0.037063808645547251,0.022238285187328351
0.0155,-0.022500000000000003,0.022308092906371077,0.013384855743822645
0.016000000000000007,-0.022500000000000003,0.013085733462461523,0.0078514400774769132
0.016500000000000001,-0.022500000000000003,0.0074840217048831479,0.0044904130229298884
0.017000000000000001,-0.022500000000000003,0.0041754583834695321,0.0025052750300817192
0.017500000000000002,-0.022500000000000003,0.0022740180415926452,0.0013644108249555871
0.017999999999999995,-0.022500000000000003,0.0012099156135104345,0.00072594936810626068
0.018500000000000003,-0.022500000000000003,0.00062951162501897432,0.00037770697501138457
0.019000000000000003,-0.022500000000000003,0.00032064213335649549,0.00019238528001389729
0.019500000000000003,-0.022500000000000003,0.00016008267044470827,9.6049602266824955e-05
0.019999999999999997,-0.022500000000000003,7.8443519513447107e-05,4.7066111708068264e-05
0.020499999999999997,-0.022500000000000003,3.7779807319607194e-05,2.2667884391764315e-05
0.021000000000000005,-0.022500000000000003,1.7907588525630105e-05,1.0744553115378063e-05
0.021500000000000005,-0.022500000000000003,8.3640131070756969e-06,5.0184078642454183e-06
0.021999999999999999,-0.022500000000000003,3.8531185284517014e-06,2.3118711170710207e-06
0.022499999999999999,-0.022500000000000003,1.7518703165797307e-06,1.0511221899478384e-06
0.023000000000000007,-0.022500000000000003,7.8628047674898105e-07,4.7176828604938861e-07
0.023500000000000007,-0.022500000000000003,3.4829271120032228e-07,2.0897562672019336e-07
0.024,-0.022500000000000003,1.5217038961402723e-07,9.1302233768416343e-08
0.024500000000000001,-0.022500000000000003,6.5510995226367615e-08,3.9306597135820565e-08
0.025000000000000001,-0.022500000000000003,2.7756839607671204e-08,1.6654103764602723e-08
-0.025000000000000001,-0.022000000000000002,6.5084070564325264e-08,3.9050442338595158e-08
-0.024500000000000001,-0.022000000000000002,1.5200847137328822e-07,9.1205082823972933e-08
-0.024,-0.022000000000000002,3.4893675091017138e-07,2.0936205054610283e-07
-0.0235,-0.022000000000000002,7.883109708259284e-07,4.7298658249555704e-07
-0.023,-0.022000000000000002,1.7548778626139529e-06,1.0529267175683718e-06
-0.022500000000000003,-0.022000000000000002,3.8531447100395566e-06,2.311886826023734e-06
-0.022000000000000002,-0.022000000000000002,8.3497866098046238e-06,5.0098719658827743e-06
-0.021500000000000002,-0.022000000000000002,1.786165639644143e-05,1.0716993837864858e-05
-0.021000000000000001,-0.022000000000000002,3.771033925631668e-05,2.2626203553790007e-05
-0.020500000000000001,-0.022000000000000002,7.8527138121231929e-05,4.7116282872739156e-05
-0.02,-0.022000000000000002,0.00016113135315007948,9.6678811890047689e-05
-0.0195,-0.022000000000000002,0.00032539883763799891,0.00019523930258279933
-0.019,-0.022000000000000002,0.00064586707665997779,0.00038752024599598669
-0.018500000000000003,-0.022000000000000002,0.001258232997597108,0.00075493979855826481
-0.018000000000000002,-0.022000000000000002,0.0024026377754471431,0.0014415826652682858
-0.017500000000000002,-0.022000000000000002,0.0044914547069946301,0.0026948728241967782
-0.017000000000000001,-0.022000000000000002,0.0082106562177503544,0.0049263937306502125
-0.016500000000000001,-0.022000000000000002,0.014663801363769192,0.0087982808182615144
-0.016,-0.022000000000000002,0.025564943906930083,0.015338966344158048
-0.0155,-0.022000000000000002,0.043479819971652164,0.026087891982991298
-0.015000000000000001,-0.022000000000000002,0.072102335796581832,0.043261401477949095
-0.014500000000000001,-0.022000000000000002,0.11653552213863083,0.069921313283178493
-0.014,-0.022000000000000002,0.18352469730270832,0.11011481838162498
-0.0135,-0.022000000000000002,0.28157046926992729,0.16894228156195637
-0.012999999999999999,-0.022000000000000002,0.42083849143955854,0.25250309486373512
-0.012500000000000001,-0.022000000000000002,0.61279188601123091,0.36767513160673854
-0.012,-0.022000000000000002,0.86951087848254738,0.52170652708952836
-0.0115,-0.022000000000000002,1.2027376526985198,0.72164259161911193
-0.010999999999999999,-0.022000000000000002,1.6227880961195598,0.97367285767173584
-0.010499999999999999,-0.022000000000000002,2.1375872192301699,1.282552331538102
-0.010000000000000002,-0.022000000000000002,2.7521777674512928,1.6513066604707756
-0.0095000000000000015,-0.022000000000000002,3.4690774809883207,2.0814464885929924
-0.0090000000000000011,-0.022000000000000002,4.2897756742090607,2.5738654045254363
-0.0085000000000000006,-0.022000000000000002,5.2174373296615162,3.1304623977969097
-0.0080000000000000002,-0.022000000000000002,6.2605305758239034,3.7563183454943418
-0.0074999999999999997,-0.022000000000000002,7.4366668572601142,4.4620001143560684
-0.0069999999999999993,-0.022000000000000002,8.775546728109795,5.2653280368658768
-0.0064999999999999988,-0.022000000000000002,10.319675136987064,6.1918050821922384
-0.0059999999999999984,-0.022000000000000002,12.121584336902378,7.2729506021414263
-0.0054999999999999979,-0.022000000000000002,14.236769269078389,8.5420615614470332
-0.005000000000000001,-0.022000000000000002,16.712396207015143,10.027437724209085
-0.0044999999999999971,-0.022000000000000002,19.572966127316203,11.743779676389721
-0.0040000000000000001,-0.022000000000000002,22.80525702230711,13.683154213384265
-0.0035000000000000031,-0.022000000000000002,26.34571685661237,15.80743011396742
-0.0029999999999999992,-0.022000000000000002,30.07371943289343,18.044231659736056
-0.0025000000000000022,-0.022000000000000002,33.813522036744217,20.28811322204653
-0.0019999999999999983,-0.022000000000000002,37.346361811306416,22.407817086783847
-0.0015000000000000013,-0.022000000000000002,40.432118931278282,24.25927135876697
-0.00099999999999999742,-0.022000000000000002,42.8377915672339,25.702674940340341
-0.00050000000000000044,-0.022000000000000002,44.368216478372553,26.620929887023532
0,-0.022000000000000002,44.893540150743064,26.936124090445837
0.00050000000000000044,-0.022000000000000002,44.368216478361383,26.620929887016828
0.0010000000000000009,-0.022000000000000002,42.837791567207582,25.702674940324549
0.0015000000000000013,-0.022000000000000002,40.432118931227862,24.259271358736715
0.0020000000000000018,-0.022000000000000002,37.346361811216084,22.407817086729651
0.0024999999999999988,-0.022000000000000002,33.813522036588488,20.288113221953093
0.0030000000000000027,-0.022000000000000002,30.073719432632739,18.044231659579644
0.0034999999999999996,-0.022000000000000002,26.345716856188499,15.807430113713099
0.0040000000000000036,-0.022000000000000002,22.805257021636699,13.68315421298202
0.0045000000000000005,-0.022000000000000002,19.572966126285067,11.743779675771039
0.0049999999999999975,-0.022000000000000002,16.712396205472633,10.02743772328358
0.0055000000000000014,-0.022000000000000002,14.236769266834019,8.5420615601004108
0.0059999999999999984,-0.022000000000000002,12.12158433372635,7.2729506002358093
0.0064999999999999988,-0.022000000000000002,10.319675132615691,6.1918050795694146
0.0069999999999999993,-0.022000000000000002,8.7755467222580297,5.2653280333548178
0.0074999999999999997,-0.022000000000000002,7.4366668496412123,4.4620001097847268
0.0080000000000000002,-0.022000000000000002,6.2605305661759827,3.7563183397055893
0.0085000000000000006,-0.022000000000000002,5.2174373177789066,3.1304623906673439
0.0090000000000000011,-0.022000000000000002,4.2897756599750831,2.5738653959850497
0.0095000000000000015,-0.022000000000000002,3.4690774644047955,2.081446478642877
0.010000000000000002,-0.022000000000000002,2.7521777486596957,1.6513066491958173
0.010500000000000002,-0.022000000000000002,2.1375871985198467,1.2825523191119079
0.011000000000000003,-0.022000000000000002,1.6227880739199028,0.97367284435194157
0.011500000000000003,-0.022000000000000002,1.2027376295543395,0.72164257773260365
0.012000000000000004,-0.022000000000000002,0.86951085501467607,0.52170651300880566
0.012499999999999997,-0.022000000000000002,0.61279186286705278,0.36767511772023165
0.013000000000000005,-0.022000000000000002,0.42083846923990326,0.25250308154394197
0.013499999999999998,-0.022000000000000002,0.28157044855960484,0.16894226913576291
0.014000000000000005,-0.022000000000000002,0.18352467851110613,0.11011480710666367
0.014499999999999999,-0.022000000000000002,0.116535505555101,0.069921303333060597
0.014999999999999999,-0.022000000000000002,0.072102321562599353,0.043261392937559609
0.0155,-0.022000000000000002,0.043479808089033803,0.026087884853420281
0.016000000000000007,-0.022000000000000002,0.025564934259000121,0.015338960555400072
0.016500000000000001,-0.022000000000000002,0.014663793744867331,0.008798276246920398
0.017000000000000001,-0.022000000000000002,0.0082106503659851483,0.0049263902195910885
0.017500000000000002,-0.022000000000000002,0.004491450335623615,0.0026948702013741689
0.017999999999999995,-0.022000000000000002,0.0024026345994163406,0.0014415807596498042
0.018500000000000003,-0.022000000000000002,0.00125823075326039,0.00075493845195623397
0.019000000000000003,-0.022000000000000002,0.00064586553415141442,0.00038751932049084866
0.019500000000000003,-0.022000000000000002,0.0003253978065317549,0.00019523868391905293
0.019999999999999997,-0.022000000000000002,0.00016113068277862349,9.6678409667174084e-05
0.020499999999999997,-0.022000000000000002,7.8526714220783075e-05,4.7116028532469845e-05
0.021000000000000005,-0.022000000000000002,3.7710078551830794e-05,2.2626047131098476e-05
0.021500000000000005,-0.022000000000000002,1.7861500452180934e-05,1.071690027130856e-05
0.021999999999999999,-0.022000000000000002,8.3496958848936788e-06,5.0098175309362075e-06
0.022499999999999999,-0.022000000000000002,3.8530933742825383e-06,2.3118560245695229e-06
0.023000000000000007,-0.022000000000000002,1.7548496105841604e-06,1.0529097663504963e-06
0.023500000000000007,-0.022000000000000002,7.8829584860410624e-07,4.7297750916246373e-07
0.024,-0.022000000000000002,3.4892887831685226e-07,2.0935732699011135e-07
0.024500000000000001,-0.022000000000000002,1.5200448519889586e-07,9.1202691119337509e-08
0.025000000000000001,-0.022000000000000002,6.5082107515792446e-08,3.9049264509475467e-08
-0.025000000000000001,-0.021500000000000002,1.4978048802622772e-07,8.9868292815736623e-08
-0.024500000000000001,-0.021500000000000002,3.4665778579419061e-07,2.0799467147651435e-07
-0.024,-0.021500000000000002,7.8746251221978413e-07,4.7247750733187044e-07
-0.0235,-0.021500000000000002,1.7581046392464442e-06,1.0548627835478665e-06
-0.023,-0.021500000000000002,3.8630610677603135e-06,2.3178366406561879e-06
-0.022500000000000003,-0.021500000000000002,8.3640574763030561e-06,5.0184344857818332e-06
-0.022000000000000002,-0.021500000000000002,1.7861655118891146e-05,1.0716993071334687e-05
-0.021500000000000002,-0.021500000000000002,3.7645948136306327e-05,2.2587568881783795e-05
-0.021000000000000001,-0.021500000000000002,7.8325175644278452e-05,4.6995105386567067e-05
-0.020500000000000001,-0.021500000000000002,0.00016083378695191204,9.650027217114722e-05
-0.02,-0.021500000000000002,0.00032574248108576618,0.00019544548865145969
-0.0195,-0.021500000000000002,0.00065008967888272734,0.00039005380732963637
-0.019,-0.021500000000000002,0.0012768765770050379,0.00076612594620302271
-0.018500000000000003,-0.021500000000000002,0.0024650023225933826,0.0014790013935560295
-0.018000000000000002,-0.021500000000000002,0.0046706646489361233,0.0028023987893616739
-0.017500000000000002,-0.021500000000000002,0.0086746580632625185,0.0052047948379575111
-0.017000000000000001,-0.021500000000000002,0.015772543837960278,0.0094635263027761669
-0.016500000000000001,-0.021500000000000002,0.028044590747979332,0.0168267544487876
-0.016,-0.021500000000000002,0.048717220686139893,0.029230332411683935
-0.0155,-0.021500000000000002,0.082614613283248386,0.049568767969949031
-0.015000000000000001,-0.021500000000000002,0.13667583846254031,0.082005503077524175
-0.014500000000000001,-0.021500000000000002,0.22047910886743638,0.13228746532046182
-0.014,-0.021500000000000002,0.34667403872124231,0.20800442323274537
-0.0135,-0.021500000000000002,0.53118422977881841,0.31871053786729103
-0.012999999999999999,-0.021500000000000002,0.79302116363032782,0.47581269817819666
-0.012500000000000001,-0.021500000000000002,1.1535656063720516,0.69213936382323094
-0.012,-0.021500000000000002,1.6352432398622716,0.98114594391736287
-0.0115,-0.021500000000000002,2.2596571276873822,1.3557942766124293
-0.010999999999999999,-0.021500000000000002,3.0454328572532678,1.8272597143519607
-0.010499999999999999,-0.021500000000000002,4.0062486808494979,2.4037492085096988
-0.010000000000000002,-0.021500000000000002,5.1497006902308424,3.0898204141385053
-0.0095000000000000015,-0.021500000000000002,6.4777103213599432,3.8866261928159656
-0.0090000000000000011,-0.021500000000000002,7.989037270422318,4.7934223622533905
-0.0085000000000000006,-0.021500000000000002,9.6840649313257767,5.8104389587954657
-0.0080000000000000002,-0.021500000000000002,11.571390729167257,6.9428344375003546
-0.0074999999999999997,-0.021500000000000002,13.674979863589391,8.204987918153634
-0.0069999999999999993,-0.021500000000000002,16.039915834506978,9.6239495007041871
-0.0064999999999999988,-0.021500000000000002,18.734351318412305,11.240610791047382
-0.0059999999999999984,-0.021500000000000002,21.845372731122662,13.107223638673597
-0.0054999999999999979,-0.021500000000000002,25.467300992348633,15.280380595409179
-0.005000000000000001,-0.021500000000000002,29.682454408798666,17.8094726452792
-0.0044999999999999971,-0.021500000000000002,34.536376637380734,20.721825982428438
-0.0040000000000000001,-0.021500000000000002,40.011554211130196,24.006932526678117
-0.0035000000000000031,-0.021500000000000002,46.005154551812204,27.603092731087322
-0.0029999999999999992,-0.021500000000000002,52.316758967109415,31.390055380265647
-0.0025000000000000022,-0.021500000000000002,58.651083382023835,35.190650029214297
-0.0019999999999999983,-0.021500000000000002,64.638248060376057,38.782948836225636
-0.0015000000000000013,-0.021500000000000002,69.870664487961918,41.922398692777151
-0.00099999999999999742,-0.021500000000000002,73.951808392281308,44.371085035368786
-0.00050000000000000044,-0.021500000000000002,76.548993771994674,45.9293962631968
0,-0.021500000000000002,77.440640981452404,46.46438458887144
0.00050000000000000044,-0.021500000000000002,76.548993771957328,45.929396263174397
0.0010000000000000009,-0.021500000000000002,73.951808392193243,44.371085035315943
0.0015000000000000013,-0.021500000000000002,69.87066448779315,41.922398692675891
0.0020000000000000018,-0.021500000000000002,64.638248060073693,38.782948836044213
0.0024999999999999988,-0.021500000000000002,58.651083381502424,35.190650028901452
0.0030000000000000027,-0.021500000000000002,52.316758966236762,31.390055379742055
0.0034999999999999996,-0.021500000000000002,46.005154550393137,27.603092730235883
0.0040000000000000036,-0.021500000000000002,40.011554208885812,24.006932525331486
0.0045000000000000005,-0.021500000000000002,34.53637663392864,20.721825980357185
0.0049999999999999975,-0.021500000000000002,29.68245440363453,17.809472642180719
0.0055000000000000014,-0.021500000000000002,25.467300984834768,15.28038059090086
0.0059999999999999984,-0.021500000000000002,21.845372720489621,13.107223632293772
0.0064999999999999988,-0.021500000000000002,18.734351303777384,11.24061078226643
0.0069999999999999993,-0.021500000000000002,16.039915814915847,9.6239494889495081
0.0074999999999999997,-0.021500000000000002,13.67497983808205,8.2049879028492292
0.0080000000000000002,-0.021500000000000002,11.571390696866962,6.9428344181201771
0.0085000000000000006,-0.021500000000000002,9.6840648915439687,5.8104389349263812
0.0090000000000000011,-0.021500000000000002,7.9890372227683617,4.7934223336610167
0.0095000000000000015,-0.021500000000000002,6.4777102658399386,3.8866261595039631
0.010000000000000002,-0.021500000000000002,5.1497006273184374,3.0898203763910623
0.010500000000000002,-0.021500000000000002,4.0062486115134011,2.4037491669080406
0.011000000000000003,-0.021500000000000002,3.0454327829310324,1.8272596697586194
0.011500000000000003,-0.021500000000000002,2.2596570502029727,1.3557942301217836
0.012000000000000004,-0.021500000000000002,1.6352431612941805,0.98114589677650821
0.012499999999999997,-0.021500000000000002,1.1535655288876485,0.69213931733258904
0.013000000000000005,-0.021500000000000002,0.79302108930809767,0.47581265358485858
0.013499999999999998,-0.021500000000000002,0.53118416044272621,0.31871049626563569
0.014000000000000005,-0.021500000000000002,0.34667397580883452,0.2080043854853007
0.014499999999999999,-0.021500000000000002,0.22047905334743403,0.13228743200846041
0.014999999999999999,-0.021500000000000002,0.13667579080858752,0.08200547448515251
0.0155,-0.021500000000000002,0.082614573501428326,0.049568744100856994
0.016000000000000007,-0.021500000000000002,0.048717188385833839,0.029230313031500303
0.016500000000000001,-0.021500000000000002,0.028044565240656433,0.016826739144393858
0.017000000000000001,-0.021500000000000002,0.015772524246834594,0.0094635145481007567
0.017500000000000002,-0.021500000000000002,0.0086746434283487498,0.0052047860570092501
0.017999999999999995,-0.021500000000000002,0.0046706540159020329,0.0028023924095412199
0.018500000000000003,-0.021500000000000002,0.0024649948087781251,0.001478996885266875
0.019000000000000003,-0.021500000000000002,0.0012768714128403615,0.00076612284770421687
0.019500000000000003,-0.021500000000000002,0.00065008622684195811,0.00039005173610517484
0.019999999999999997,-0.021500000000000002,0.00032574023674905529,0.00019544414204943316
0.020499999999999997,-0.021500000000000002,0.00016083236777552709,9.649942066531626e-05
0.021000000000000005,-0.021500000000000002,7.8324302831686096e-05,4.6994581699011656e-05
0.021500000000000005,-0.021500000000000002,3.7645426050490382e-05,2.2587255630294228e-05
0.021999999999999999,-0.021500000000000002,1.7861351380946533e-05,1.071681082856792e-05
0.022499999999999999,-0.021500000000000002,8.3638856093135422e-06,5.0183313655881255e-06
0.023000000000000007,-0.021500000000000002,3.8629664827850694e-06,2.3177798896710414e-06
0.023500000000000007,-0.021500000000000002,1.7580540115574776e-06,1.0548324069344864e-06
0.024,-0.021500000000000002,7.8743615556329612e-07,4.7246169333797767e-07
0.024500000000000001,-0.021500000000000002,3.4664444048027562e-07,2.0798666428816537e-07
0.025000000000000001,-0.021500000000000002,1.4977391593571617e-07,8.9864349561429702e-08
-0.025000000000000001,-0.021000000000000001,3.378599442808956e-07,2.0271596656853736e-07
-0.024500000000000001,-0.021000000000000001,7.7592436284015962e-07,4.6555461770409577e-07
-0.024,-0.021000000000000001,1.7466294053918429e-06,1.0479776432351057e-06
-0.0235,-0.021000000000000001,3.8589169136759631e-06,2.3153501482055778e-06
-0.023,-0.021000000000000001,8.3794608422275097e-06,5.0276765053365058e-06
-0.022500000000000003,-0.021000000000000001,1.7907660621431548e-05,1.0744596372858929e-05
-0.022000000000000002,-0.021000000000000001,3.7710332625070862e-05,2.2626199575042517e-05
-0.021500000000000002,-0.021000000000000001,7.832516682709285e-05,4.6995100096255706e-05
-0.021000000000000001,-0.021000000000000001,0.00016055891384121599,9.6335348304729587e-05
-0.020500000000000001,-0.021000000000000001,0.00032490358138775573,0.00019494214883265343
-0.02,-0.021000000000000001,0.00064888522279530529,0.00038933113367718318
-0.0195,-0.021000000000000001,0.0012782129541792718,0.00076692777250756306
-0.019,-0.021000000000000001,0.0024810832462079076,0.0014886499477247445
-0.018500000000000003,-0.021000000000000001,0.0047397743752536949,0.0028438646251522167
-0.018000000000000002,-0.021000000000000001,0.0088995645212053606,0.0053397387127232165
-0.017500000000000002,-0.021000000000000001,0.016401197380751711,0.0098407184284510264
-0.017000000000000001,-0.021000000000000001,0.029627740861973343,0.017776644517184005
-0.016500000000000001,-0.021000000000000001,0.052396538220536755,0.031437922932322053
-0.016,-0.021000000000000001,0.090617510691740649,0.054370506415044387
-0.0155,-0.021000000000000001,0.15311513928818174,0.091869083572909044
-0.015000000000000001,-0.021000000000000001,0.25256877572223313,0.15154126543333987
-0.014500000000000001,-0.021000000000000001,0.40646386730409917,0.24387832038245949
-0.014,-0.021000000000000001,0.63787157534713435,0.3827229452082806
-0.0135,-0.021000000000000001,0.97580249713197675,0.58548149827918605
-0.012999999999999999,-0.021000000000000001,1.4548391548511062,0.87290349291066371
-0.012500000000000001,-0.021000000000000001,2.1137768599483229,1.2682661159689936
-0.012,-0.021000000000000001,2.9931278456862755,1.7958767074117652
-0.0115,-0.021000000000000001,4.1315882068710899,2.478952924122654
-0.010999999999999999,-0.021000000000000001,5.5619176465842397,3.3371505879505436
-0.010499999999999999,-0.021000000000000001,7.3070779055052579,4.3842467433031542
-0.010000000000000002,-0.021000000000000001,9.3778063210200209,5.6266837926120123
-0.0095000000000000015,-0.021000000000000001,11.772919939849167,7.0637519639095006
-0.0090000000000000011,-0.021000000000000001,14.483407409835081,8.690044445901048
-0.0085000000000000006,-0.021000000000000001,17.500679263905866,10.50040755834352
-0.0080000000000000002,-0.021000000000000001,20.828232967161998,12.496939780297199
-0.0074999999999999997,-0.021000000000000001,24.494621162457538,14.696772697474522
-0.0069999999999999993,-0.021000000000000001,28.564319220821424,17.138591532492853
-0.0064999999999999988,-0.021000000000000001,33.142303698679356,19.885382219207614
-0.0059999999999999984,-0.021000000000000001,38.368304032822167,23.020982419693301
-0.0054999999999999979,-0.021000000000000001,44.398055164586467,26.638833098751878
-0.005000000000000001,-0.021000000000000001,51.371450781809955,30.82287046908597
-0.0044999999999999971,-0.021000000000000001,59.370894679708577,35.622536807825142
-0.0040000000000000001,-0.021000000000000001,68.376631906825551,41.025979144095331
-0.0035000000000000031,-0.021000000000000001,78.228450650422758,46.937070390253652
-0.0029999999999999992,-0.021000000000000001,88.603942368229156,53.162365420937491
-0.0025000000000000022,-0.021000000000000001,99.021873492850034,59.413124095710018
-0.0019999999999999983,-0.021000000000000001,108.87511739943737,65.325070439662426
-0.0015000000000000013,-0.021000000000000001,117.4916825028499,70.49500950170993
-0.00099999999999999742,-0.021000000000000001,124.21593553975575,74.529561323853443
-0.00050000000000000044,-0.021000000000000001,128.49677131733978,77.098062790403858
0,-0.021000000000000001,129.96672296131786,77.980033776790705
0.00050000000000000044,-0.021000000000000001,128.49677131721825,77.098062790330943
0.0010000000000000009,-0.021000000000000001,124.21593553946906,74.529561323681435
0.0015000000000000013,-0.021000000000000001,117.49168250230046,70.495009501380281
0.0020000000000000018,-0.021000000000000001,108.87511739845299,65.325070439071794
0.0024999999999999988,-0.021000000000000001,99.02187349115222,59.413124094691327
0.0030000000000000027,-0.021000000000000001,88.60394236538788,53.162365419232728
0.0034999999999999996,-0.021000000000000001,78.228450645802042,46.937070387481221
0.0040000000000000036,-0.021000000000000001,68.376631899517591,41.02597913971055
0.0045000000000000005,-0.021000000000000001,59.370894668468061,35.622536801080834
0.0049999999999999975,-0.021000000000000001,51.37145076499452,30.822870458996711
0.0055000000000000014,-0.021000000000000001,44.398055140120043,26.638833084072026
0.0059999999999999984,-0.021000000000000001,38.368303998199082,23.020982398919447
0.0064999999999999988,-0.021000000000000001,33.142303651025408,19.885382190615243
0.0069999999999999993,-0.021000000000000001,28.564319157029139,17.138591494217483
0.0074999999999999997,-0.021000000000000001,24.49462107940106,14.696772647640636
0.0080000000000000002,-0.021000000000000001,20.828232861986322,12.496939717191793
0.0085000000000000006,-0.021000000000000001,17.500679134369008,10.500407480621405
0.0090000000000000011,-0.021000000000000001,14.483407254665121,8.6900443527990721
0.0095000000000000015,-0.021000000000000001,11.772919759065914,7.0637518554395484
0.010000000000000002,-0.021000000000000001,9.3778061161657522,5.6266836696994513
0.010500000000000002,-0.021000000000000001,7.3070776797342729,4.3842466078405637
0.011000000000000003,-0.021000000000000001,5.5619174045774828,3.3371504427464895
0.011500000000000003,-0.021000000000000001,4.1315879545677081,2.4789527727406249
0.012000000000000004,-0.021000000000000001,2.9931275898542253,1.7958765539125352
0.012499999999999997,-0.021000000000000001,2.1137766076449478,1.2682659645869687
0.013000000000000005,-0.021000000000000001,1.45483891284436,0.87290334770661593
0.013499999999999998,-0.021000000000000001,0.97580227136099362,0.58548136281659613
0.014000000000000005,-0.021000000000000001,0.63787137049284748,0.38272282229570848
0.014499999999999999,-0.021000000000000001,0.40646368652082837,0.24387821191249701
0.014999999999999999,-0.021000000000000001,0.25256862055225693,0.15154117233135414
0.0155,-0.021000000000000001,0.15311500975130782,0.091869005850784682
0.016000000000000007,-0.021000000000000001,0.090617405516043747,0.054370443309626246
0.016500000000000001,-0.021000000000000001,0.052396455164033497,0.031437873098420097
0.017000000000000001,-0.021000000000000001,0.029627677069688919,0.017776606241813351
0.017500000000000002,-0.021000000000000001,0.01640114972679884,0.0098406898360793044
0.017999999999999995,-0.021000000000000001,0.0088995298981037717,0.005339717938862263
0.018500000000000003,-0.021000000000000001,0.0047397499088985143,0.0028438499453391085
0.019000000000000003,-0.021000000000000001,0.0024810664307442915,0.0014886398584465748
0.019500000000000003,-0.021000000000000001,0.0012782017137038754,0.00076692102822232525
0.019999999999999997,-0.021000000000000001,0.00064887791482495002,0.00038932674889497002
0.020499999999999997,-0.021000000000000001,0.00032489896029017329,0.00019493937617410398
0.021000000000000005,-0.021000000000000001,0.00016055607180396201,9.63336430823772e-05
0.021500000000000005,-0.021000000000000001,7.8323466820296193e-05,4.6994080092177713e-05
0.021999999999999999,-0.021000000000000001,3.770934359883292e-05,2.262560615929975e-05
0.022499999999999999,-0.021000000000000001,1.7907100991115078e-05,1.0744260594669046e-05
0.023000000000000007,-0.021000000000000001,8.3791528562683132e-06,5.0274917137609876e-06
0.023500000000000007,-0.021000000000000001,3.8587520606714874e-06,2.3152512364028923e-06
0.024,-0.021000000000000001,1.7465435833031888e-06,1.0479261499819133e-06
0.024500000000000001,-0.021000000000000001,7.7588090805997887e-07,4.6552854483598729e-07
0.025000000000000001,-0.021000000000000001,3.3783854435352855e-07,2.0270312661211711e-07
-0.025000000000000001,-0.020500000000000001,7.460672609311182e-07,4.4764035655867087e-07
-0.024500000000000001,-0.020500000000000001,1.7023131033931469e-06,1.021387862035888e-06
-0.024,-0.020500000000000001,3.802397745160608e-06,2.2814386470963648e-06
-0.0235,-0.020500000000000001,8.3248117327500359e-06,4.994887039650021e-06
-0.023,-0.020500000000000001,1.7888530602794089e-05,1.0733118361676453e-05
-0.022500000000000003,-0.020500000000000001,3.7779918183471026e-05,2.2667950910082614e-05
-0.022000000000000002,-0.020500000000000001,7.852711298746143e-05,4.7116267792476854e-05
-0.021500000000000002,-0.020500000000000001,0.00016083374244538941,9.6500245467233644e-05
-0.021000000000000001,-0.020500000000000001,0.00032490352383686291,0.00019494211430211774
-0.020500000000000001,-0.020500000000000001,0.00064777496848763291,0.00038866498109257973
-0.02,-0.020500000000000001,0.0012749154464720893,0.00076494926788325357
-0.0195,-0.020500000000000001,0.002476467317503206,0.0014858803905019235
-0.019,-0.020500000000000001,0.0047446777167976439,0.0028468066300785864
-0.018500000000000003,-0.020500000000000001,0.0089574614811122888,0.0053744768886673728
-0.018000000000000002,-0.020500000000000001,0.016643445067021787,0.009986067040213072
-0.017500000000000002,-0.020500000000000001,0.030394766313502929,0.018236859788101755
-0.017000000000000001,-0.020500000000000001,0.054482075928244278,0.032689245556946564
-0.016500000000000001,-0.020500000000000001,0.095725931642214906,0.057435558985328941
-0.016,-0.020500000000000001,0.16466204343125257,0.098797226058751533
-0.0155,-0.020500000000000001,0.27699532802450927,0.16619719681470554
-0.015000000000000001,-0.020500000000000001,0.45526177648679239,0.27315706589207545
-0.014500000000000001,-0.020500000000000001,0.73050637944636543,0.43830382766781922
-0.014,-0.020500000000000001,1.1436507745519275,0.68619046473115652
-0.0135,-0.020500000000000001,1.7460946373259103,1.047656782395546
-0.012999999999999999,-0.020500000000000001,2.5990184894972002,1.5594110936983201
-0.012500000000000001,-0.020500000000000001,3.7708950963994941,2.2625370578396962
-0.012,-0.020500000000000001,5.3329332794692474,3.1997599676815485
-0.0115,-0.020500000000000001,7.3526065417408182,4.4115639250444909
-0.010999999999999999,-0.020500000000000001,9.8860372590021139,5.9316223554012684
-0.010499999999999999,-0.020500000000000001,12.970711124495187,7.7824266746971116
-0.010000000000000002,-0.020500000000000001,16.620593557177664,9.9723561343065974
-0.0095000000000000015,-0.020500000000000001,20.825954723884404,12.495572834330643
-0.0090000000000000011,-0.020500000000000001,25.559827959624478,15.335896775774685
-0.0085000000000000006,-0.020500000000000001,30.791866505950424,18.475119903570253
-0.0080000000000000002,-0.020500000000000001,36.508457683703547,21.905074610222126
-0.0074999999999999997,-0.020500000000000001,42.735597697344289,25.641358618406574
-0.0069999999999999993,-0.020500000000000001,49.558786755949207,29.735272053569524
-0.0064999999999999988,-0.020500000000000001,57.132811277617407,34.279686766570443
-0.0059999999999999984,-0.020500000000000001,65.674466557150311,39.404679934290186
-0.0054999999999999979,-0.020500000000000001,75.433515421721864,45.260109253033114
-0.005000000000000001,-0.020500000000000001,86.641464351551065,51.984878610930636
-0.0044999999999999971,-0.020500000000000001,99.443427712290685,59.66605662737441
-0.0040000000000000001,-0.020500000000000001,113.82420173657654,68.294521041945927
-0.0035000000000000031,-0.020500000000000001,129.54407397113107,77.726444382678636
-0.0029999999999999992,-0.020500000000000001,146.10128688864788,87.660772133188729
-0.0025000000000000022,-0.020500000000000001,162.73542995759595,97.641257974557575
-0.0019999999999999983,-0.020500000000000001,178.47929002033385,107.08757401220031
-0.0015000000000000013,-0.020500000000000001,192.25694588556144,115.35416753133686
-0.00099999999999999742,-0.020500000000000001,203.01527533972651,121.8091652038359
-0.00050000000000000044,-0.020500000000000001,209.8672145816401,125.92032874898405
0,-0.020500000000000001,212.22054530973813,127.33232718584287
0.00050000000000000044,-0.020500000000000001,209.86721458125544,125.92032874875326
0.0010000000000000009,-0.020500000000000001,203.01527533881855,121.80916520329113
0.0015000000000000013,-0.020500000000000001,192.25694588382146,115.35416753029287
0.0020000000000000018,-0.020500000000000001,178.47929001721653,107.08757401032992
0.0024999999999999988,-0.020500000000000001,162.73542995221896,97.64125797133137
0.0030000000000000027,-0.020500000000000001,146.10128687965002,87.660772127790011
0.0034999999999999996,-0.020500000000000001,129.5440739564975,77.726444373898502
0.0040000000000000036,-0.020500000000000001,113.8242017134326,68.294521028059563
0.0045000000000000005,-0.020500000000000001,99.443427676692352,59.66605660601541
0.0049999999999999975,-0.020500000000000001,86.641464298296967,51.984878578978176
0.0055000000000000014,-0.020500000000000001,75.433515344237364,45.260109206542417
0.0059999999999999984,-0.020500000000000001,65.674466447499654,39.404679868499791
0.0064999999999999988,-0.020500000000000001,57.132811126698371,34.279686676019018
0.0069999999999999993,-0.020500000000000001,49.558786553920413,29.735271932352248
0.0074999999999999997,-0.020500000000000001,42.735597434306186,25.64135846058371
0.0080000000000000002,-0.020500000000000001,36.508457350614449,21.90507441036867
0.0085000000000000006,-0.020500000000000001,30.79186609571002,18.47511965742601
0.0090000000000000011,-0.020500000000000001,25.559827468204606,15.335896480922763
0.0095000000000000015,-0.020500000000000001,20.825954151347783,12.495572490808669
0.010000000000000002,-0.020500000000000001,16.620592908408678,9.9723557450452063
0.010500000000000002,-0.020500000000000001,12.970710409483456,7.7824262456900728
0.011000000000000003,-0.020500000000000001,9.8860364925720852,5.9316218955432509
0.011500000000000003,-0.020500000000000001,7.3526057427015772,4.4115634456209465
0.012000000000000004,-0.020500000000000001,5.3329324692548203,3.199759481552892
0.012499999999999997,-0.020500000000000001,3.7708942973602904,2.2625365784161739
0.013000000000000005,-0.020500000000000001,2.5990177230671989,1.5594106338403193
0.013499999999999998,-0.020500000000000001,1.7460939223142042,1.0476563533885226
0.014000000000000005,-0.020500000000000001,1.1436501257829399,0.68619007546976396
0.014499999999999999,-0.020500000000000001,0.73050580690974876,0.43830348414584924
0.014999999999999999,-0.020500000000000001,0.45526128506691166,0.27315677104014696
0.0155,-0.020500000000000001,0.27699491778409641,0.16619695067045784
0.016000000000000007,-0.020500000000000001,0.16466171034214941,0.098797026205289643
0.016500000000000001,-0.020500000000000001,0.095725668604107611,0.057435401162464567
0.017000000000000001,-0.020500000000000001,0.054481873899491676,0.032689124339695001
0.017500000000000002,-0.020500000000000001,0.030394615394489146,0.018236769236693488
0.017999999999999995,-0.020500000000000001,0.016643335416425351,0.0099860012498552107
0.018500000000000003,-0.020500000000000001,0.008957383996707027,0.0053744303980242164
0.019000000000000003,-0.020500000000000001,0.0047446244625966236,0.002846774677557974
0.019500000000000003,-0.020500000000000001,0.002476431719166465,0.0014858590314998788
0.019999999999999997,-0.020500000000000001,0.0012748923022917495,0.00076493538137504971
0.020499999999999997,-0.020500000000000001,0.00064776033357388481,0.00038865620014433088
0.021000000000000005,-0.020500000000000001,0.00032489452316779218,0.0001949367139006753
0.021500000000000005,-0.020500000000000001,0.00016082835856149659,9.6497015136897955e-05
0.021999999999999999,-0.020500000000000001,7.8523980763259052e-05,4.7114388457955428e-05
0.022499999999999999,-0.020500000000000001,3.7778145846646714e-05,2.2666887507988026e-05
0.023000000000000007,-0.020500000000000001,1.7887555218079093e-05,1.0732533130847455e-05
0.023500000000000007,-0.020500000000000001,8.3242896469341689e-06,4.9945737881605015e-06
0.024,-0.020500000000000001,3.8021259485056525e-06,2.2812755691033912e-06
0.024500000000000001,-0.020500000000000001,1.7021754830662578e-06,1.0213052898397547e-06
0.025000000000000001,-0.020500000000000001,7.4599948783486625e-07,4.4759969270091972e-07
-0.025000000000000001,-0.02,1.6109983061936952e-06,9.6659898371621697e-07
-0.024500000000000001,-0.02,3.6561186038478701e-06,2.193671162308722e-06
-0.024,-0.02,8.1136604615976558e-06,4.868196276958593e-06
-0.0235,-0.02,1.762666375087129e-05,1.0575998250522774e-05
-0.023,-0.02,3.7533778481833441e-05,2.2520267089100065e-05
-0.022500000000000003,-0.02,7.8443676446470162e-05,4.7066205867882094e-05
-0.022000000000000002,-0.02,0.00016113127071066015,9.667876242639609e-05
-0.021500000000000002,-0.02,0.00032574231704533238,0.00019544539022719941
-0.021000000000000001,-0.02,0.00064888494029798679,0.00038933096417879205
-0.020500000000000001,-0.02,0.0012749150912249787,0.00076494905473498717
-0.02,-0.02,0.002472223772230843,0.0014833342633385057
-0.0195,-0.02,0.0047324105672223614,0.0028394463403334166
-0.019,-0.02,0.0089407084985027585,0.0053644250991016548
-0.018500000000000003,-0.02,0.016660406010186105,0.0099962436061116627
-0.018000000000000002,-0.02,0.030591800449957272,0.018355080269974362
-0.017500000000000002,-0.02,0.05528494658370775,0.033170967950224652
-0.017000000000000001,-0.02,0.098199509993430398,0.058919705996058239
-0.016500000000000001,-0.02,0.17120464402211313,0.10272278641326787
-0.016,-0.02,0.29258306671416617,0.17554984002849969
-0.0155,-0.02,0.4895302797607789,0.29371816785646732
-0.015000000000000001,-0.02,0.80100864216998846,0.48060518530199303
-0.014500000000000001,-0.02,1.2806240739013075,0.7683744443407845
-0.014,-0.02,1.9989589714682916,1.199375382880975
-0.0135,-0.02,3.0445675576981088,1.8267405346188652
-0.012999999999999999,-0.02,4.5227024034307659,2.7136214420584595
-0.012500000000000001,-0.02,6.5509011431771,3.9305406859062599
-0.012,-0.02,9.2509269067108022,5.5505561440264808
-0.0115,-0.02,12.737286395550486,7.6423718373302911
-0.010999999999999999,-0.02,17.103610792966204,10.262166475779722
-0.010499999999999999,-0.02,22.409401797120854,13.445641078272512
-0.010000000000000002,-0.02,28.670692140502926,17.202415284301754
-0.0095000000000000015,-0.02,35.858613585200295,21.515168151120175
-0.0090000000000000011,-0.02,43.909271524991084,26.345562914994648
-0.0085000000000000006,-0.02,52.746416735519475,31.647850041311685
-0.0080000000000000002,-0.02,62.315229011729222,37.389137407037531
-0.0074999999999999997,-0.02,72.621574564323041,43.572944738593826
-0.0069999999999999993,-0.02,83.767305423720188,50.26038325423211
-0.0064999999999999988,-0.02,95.969763299802082,57.581857979881249
-0.0059999999999999984,-0.02,109.55384393224958,65.732306359349749
-0.0054999999999999979,-0.02,124.90856133879666,74.94513680327799
-0.005000000000000001,-0.02,142.40700833140855,85.444204998845123
-0.0044999999999999971,-0.02,162.29789033909731,97.378734203458379
-0.0040000000000000001,-0.02,184.58638336442678,110.75183001865607
-0.0035000000000000031,-0.02,208.92931059008984,125.35758635405389
-0.0029999999999999992,-0.02,234.57200424821346,140.74320254892808
-0.0025000000000000022,-0.02,260.35005975076564,156.21003585045938
-0.0019999999999999983,-0.02,284.76840196615206,170.86104117969123
-0.0015000000000000013,-0.02,306.15445022692103,183.6926701361526
-0.00099999999999999742,-0.02,322.86511589540362,193.71906953724218
-0.00050000000000000044,-0.02,333.51317581503974,200.10790548902384
0,-0.02,337.17120526258833,202.302723157553
0.00050000000000000044,-0.02,333.51317581385524,200.10790548831315
0.0010000000000000009,-0.02,322.86511589260749,193.7190695355645
0.0015000000000000013,-0.02,306.15445022156166,183.692670132937
0.0020000000000000018,-0.02,284.76840195655035,170.8610411739302
0.0024999999999999988,-0.02,260.35005973420328,156.21003584052195
0.0030000000000000027,-0.02,234.57200422049843,140.74320253229905
0.0034999999999999996,-0.02,208.9293105450152,125.35758632700912
0.0040000000000000036,-0.02,184.58638329313897,110.75182997588338
0.0045000000000000005,-0.02,162.29789022944712,97.378734137668275
0.0049999999999999975,-0.02,142.40700816737436,85.444204900424609
0.0055000000000000014,-0.02,124.90856110012778,74.94513666007667
0.0059999999999999984,-0.02,109.55384359450194,65.732306156701156
0.0064999999999999988,-0.02,95.969762834938834,57.581857700963297
0.0069999999999999993,-0.02,83.767304801427812,50.260382880856689
0.0074999999999999997,-0.02,72.621573754108695,43.572944252465213
0.0080000000000000002,-0.02,62.315227985742581,37.389136791445544
0.0085000000000000006,-0.02,52.74641547189006,31.647849283134036
0.0090000000000000011,-0.02,43.909270011311307,26.345562006786782
0.0095000000000000015,-0.02,35.858611821663352,21.515167092998009
0.010000000000000002,-0.02,28.670690142153774,17.202414085292265
0.010500000000000002,-0.02,22.409399594729702,13.445639756837821
0.011000000000000003,-0.02,17.1036084321956,10.262165059317359
0.011500000000000003,-0.02,12.737283934336395,7.6423703606018361
0.012000000000000004,-0.02,9.2509244110747044,5.5505546466448221
0.012499999999999997,-0.02,6.5508986819630435,3.9305392091778257
0.013000000000000005,-0.02,4.5227000426601665,2.7136200255960996
0.013499999999999998,-0.02,3.0445653553070042,1.8267392131842024
0.014000000000000005,-0.02,1.9989569731191261,1.1993741838714755
0.014499999999999999,-0.02,1.2806223103643737,0.76837338621862417
0.014999999999999999,-0.02,0.80100712849019384,0.48060427709411629
0.0155,-0.02,0.48952901613134825,0.29371740967880894
0.016000000000000007,-0.02,0.29258204072750049,0.17554922443650028
0.016500000000000001,-0.02,0.17120383380770365,0.10272230028462219
0.017000000000000001,-0.02,0.098198887701062762,0.058919332620637657
0.017500000000000002,-0.02,0.055284481720418784,0.033170689032251267
0.017999999999999995,-0.02,0.030591462702342431,0.018354877621405457
0.018500000000000003,-0.02,0.016660167341415538,0.0099961004048493233
0.019000000000000003,-0.02,0.0089405444640155308,0.0053643266784093183
0.019500000000000003,-0.02,0.0047323009166257484,0.0028393805499754492
0.019999999999999997,-0.02,0.0024721524831365829,0.0014832914898819498
0.020499999999999997,-0.02,0.0012748700125170681,0.00076492200751024082
0.021000000000000005,-0.02,0.00064885721628546434,0.00038931432977127857
0.021500000000000005,-0.02,0.0003257257335154532,0.0001954354401092719
0.021999999999999999,-0.02,0.0001611216227808974,9.667297366853844e-05
0.022499999999999999,-0.02,7.843821726472193e-05,4.7062930358833157e-05
0.023000000000000007,-0.02,3.7530774085400449e-05,2.2518464451240268e-05
0.023500000000000007,-0.02,1.7625055613344748e-05,1.0575033368006849e-05
0.024,-0.02,8.1128232689615456e-06,4.8676939613769276e-06
0.024500000000000001,-0.02,3.6556947033982236e-06,2.1934168220389342e-06
0.025000000000000001,-0.02,1.6107895503607133e-06,9.6647373021642791e-07
-0.025000000000000001,-0.0195,3.3983437467737132e-06,2.0390062480642276e-06
-0.024500000000000001,-0.0195,7.6785335399676759e-06,4.6071201239806055e-06
-0.024,-0.0195,1.6948767829553801e-05,1.0169260697732281e-05
-0.0235,-0.0195,3.6582169562272754e-05,2.1949301737363651e-05
-0.023,-0.0195,7.7296111164821041e-05,4.6377666698892626e-05
-0.022500000000000003,-0.0195,0.00016008286118663159,9.6049716711978951e-05
-0.022000000000000002,-0.0195,0.00032539859084643169,0.000195239154507859
-0.021500000000000002,-0.0195,0.00065008915566908761,0.00039005349340145258
-0.021000000000000001,-0.0195,0.0012782119416753857,0.00076692716500523141
-0.020500000000000001,-0.0195,0.0024764656217904036,0.0014858793730742421
-0.02,-0.0195,0.0047324084935036898,0.0028394450961022138
-0.0195,-0.0195,0.0089253590316161827,0.0053552154189697096
-0.019,-0.0195,0.016617210169567735,0.0099703261017406401
-0.018500000000000003,-0.0195,0.030534200633729643,0.018320520380237786
-0.018000000000000002,-0.0195,0.055340196922450388,0.033204118153470234
-0.017500000000000002,-0.0195,0.098833195745993974,0.059299917447596384
-0.017000000000000001,-0.0195,0.17372023023432345,0.10423213814059407
-0.016500000000000001,-0.0195,0.30012537132257999,0.18007522279354798
-0.016,-0.0195,0.50893770811198014,0.30536262486718807
-0.0155,-0.0195,0.84598380833682829,0.50759028500209691
-0.015000000000000001,-0.0195,1.3767891274522854,0.82607347647137119
-0.014500000000000001,-0.0195,2.1913699115349758,1.3148219469209854
-0.014,-0.0195,3.4081013858471008,2.0448608315082604
-0.0135,-0.0195,5.1753208605482532,3.1051925163289518
-0.012999999999999999,-0.0195,7.669084462753756,4.6014506776522532
-0.012500000000000001,-0.0195,11.08558453116154,6.6513507186969241
-0.012,-0.0195,15.627331047850699,9.3763986287104188
-0.0115,-0.0195,21.48341122712349,12.890046736274094
-0.010999999999999999,-0.0195,28.805912824007553,17.283547694404533
-0.010499999999999999,-0.0195,37.686642790841006,22.611985674504602
-0.010000000000000002,-0.0195,48.140056523079785,28.884033913847869
-0.0095000000000000015,-0.0195,60.099117253747679,36.059470352248603
-0.0090000000000000011,-0.0195,73.42990997778152,44.057945986668912
-0.0085000000000000006,-0.0195,87.967775333932337,52.780665200359401
-0.0080000000000000002,-0.0195,103.57257350492655,62.143544102955929
-0.0074999999999999997,-0.0195,120.19422748673719,72.116536492042314
-0.0069999999999999993,-0.0195,137.93344747713815,82.76006848628289
-0.0064999999999999988,-0.0195,157.07849613588434,94.247097681530605
-0.0059999999999999984,-0.0195,178.09898055678426,106.85938833407054
-0.0054999999999999979,-0.0195,201.58323020624741,120.94993812374844
-0.005000000000000001,-0.0195,228.11682015753948,136.87009209452367
-0.0044999999999999971,-0.0195,258.11454920870466,154.86872952522279
-0.0040000000000000001,-0.0195,291.63344655121477,174.98006793072886
-0.0035000000000000031,-0.0195,328.20599086759188,196.92359452055513
-0.0029999999999999992,-0.0195,366.73665894584417,220.0419953675065
-0.0025000000000000022,-0.0195,405.49856121189055,243.29913672713431
-0.0019999999999999983,-0.0195,442.25012704245319,265.35007622547192
-0.0015000000000000013,-0.0195,474.46738173151988,284.68042903891194
-0.00099999999999999742,-0.0195,499.66068929751742,299.79641357851045
-0.00050000000000000044,-0.0195,515.72262408174754,309.43357444904854
0,-0.0195,521.24207762577464,312.74524657546476
0.00050000000000000044,-0.0195,515.72262407819983,309.43357444691986
0.0010000000000000009,-0.0195,499.66068928914183,299.7964135734851
0.0015000000000000013,-0.0195,474.46738171546457,284.68042902927874
0.0020000000000000018,-0.0195,442.2501270136886,265.35007620821312
0.0024999999999999988,-0.0195,405.49856116227232,243.29913669736339
0.0030000000000000027,-0.0195,366.73665886281515,220.04199531768907
0.0034999999999999996,-0.0195,328.20599073255573,196.92359443953345
0.0040000000000000036,-0.0195,291.6334463376491,174.98006780258945
0.0045000000000000005,-0.0195,258.11454888021149,154.86872932812688
0.0049999999999999975,-0.0195,228.11681966612048,136.87009179967228
0.0055000000000000014,-0.0195,201.58322949123573,120.94993769474144
0.0059999999999999984,-0.0195,178.09897954494889,106.85938772696933
0.0064999999999999988,-0.0195,157.07849474323183,94.247096845939097
0.0069999999999999993,-0.0195,137.93344561285443,82.760067367712651
0.0074999999999999997,-0.0195,120.19422505947047,72.116535035682276
0.0080000000000000002,-0.0195,103.57257043124228,62.14354225874537
0.0085000000000000006,-0.0195,87.967771548310083,52.780662928986047
0.0090000000000000011,-0.0195,73.42990544305016,44.057943265830097
0.0095000000000000015,-0.0195,60.099111970486092,36.059467182291655
0.010000000000000002,-0.0195,48.1400505363601,28.884030321816059
0.010500000000000002,-0.0195,37.686636192845647,22.611981715707387
0.011000000000000003,-0.0195,28.805905751533814,17.283543450920288
0.011500000000000003,-0.0195,21.483403853737894,12.890042312242736
0.012000000000000004,-0.0195,15.62732357134252,9.3763941428055126
0.012499999999999997,-0.0195,11.085577157776029,6.6513462946656174
0.013000000000000005,-0.0195,7.6690773902800542,4.6014464341680323
0.013499999999999998,-0.0195,5.175314262552968,3.1051885575317808
0.014000000000000005,-0.0195,3.4080953991273621,2.0448572394764173
0.014499999999999999,-0.0195,2.1913646282733641,1.3148187769640185
0.014999999999999999,-0.0195,1.3767845927208626,0.82607075563251753
0.0155,-0.0195,0.84598002271446038,0.50758801362867623
0.016000000000000007,-0.0195,0.50893463442758302,0.30536078065654981
0.016500000000000001,-0.0195,0.30012294405576001,0.18007376643345599
0.017000000000000001,-0.0195,0.17371836595050061,0.10423101957030036
0.017500000000000002,-0.0195,0.098831803093352974,0.059299081856011779
0.017999999999999995,-0.0195,0.055339185087101894,0.033203511052261138
0.018500000000000003,-0.0195,0.030533485622022835,0.0183200913732137
0.019000000000000003,-0.0195,0.016616718749687422,0.0099700312498124527
0.019500000000000003,-0.0195,0.0089250305367735618,0.0053550183220641371
0.019999999999999997,-0.0195,0.0047321949233041271,0.0028393169539824761
0.020499999999999997,-0.0195,0.0024763305735232576,0.0014857983441139545
0.021000000000000005,-0.0195,0.0012781288851721583,0.00076687733110329497
0.021500000000000005,-0.0195,0.00065003947418803415,0.00039002368451282048
0.021999999999999999,-0.0195,0.00032536968726298041,0.00019522181235778825
0.022499999999999999,-0.0195,0.0001600665063914461,9.603990383486766e-05
0.023000000000000007,-0.0195,7.7287110495750022e-05,4.6372266297450009e-05
0.023500000000000007,-0.0195,3.6577351851288365e-05,2.1946411110773018e-05
0.024,-0.0195,1.694625974048026e-05,1.0167755844288155e-05
0.024500000000000001,-0.0195,7.6772636051400164e-06,4.60635816308401e-06
0.025000000000000001,-0.0195,3.397718349223402e-06,2.0386310095340411e-06
-0.025000000000000001,-0.019,6.9974110339812722e-06,4.1984466203887632e-06
-0.024500000000000001,-0.019,1.5754089334309097e-05,9.4524536005854581e-06
-0.024,-0.019,3.4620898356354053e-05,2.0772539013812432e-05
-0.0235,-0.019,7.4324567237883145e-05,4.4594740342729884e-05
-0.023,-0.019,0.00015602639853746017,9.3615839122476098e-05
-0.022500000000000003,-0.019,0.00032064228519994563,0.00019238537111996738
-0.022000000000000002,-0.019,0.00064586638623059746,0.00038751983173835849
-0.021500000000000002,-0.019,0.0012768750539728932,0.00076612503238373587
-0.021000000000000001,-0.019,0.0024810801059579222,0.0014886480635747533
-0.020500000000000001,-0.019,0.004744671806915045,0.0028468030841490269
-0.02,-0.019,0.0089406988730606624,0.0053644193238363974
-0.0195,-0.019,0.016617198722556872,0.0099703192335341227
-0.019,-0.019,0.030481650898763001,0.0182889905392578
-0.018500000000000003,-0.019,0.05519619931207554,0.033117719587245326
-0.018000000000000002,-0.019,0.098645519217587796,0.059187311530552678
-0.017500000000000002,-0.019,0.1738894720241223,0.10433368321447338
-0.017000000000000001,-0.019,0.30205081705455566,0.18123049023273338
-0.016500000000000001,-0.019,0.51638788042716544,0.30983272825629926
-0.016,-0.019,0.86772517036088126,0.52063510221652876
-0.0155,-0.019,1.4312167291312188,0.85873003747873122
-0.015000000000000001,-0.019,2.3140591461312368,1.3884354876787419
-0.014500000000000001,-0.019,3.6632438376560041,2.1979463025936026
-0.014,-0.019,5.6717888491052868,3.403073309463172
-0.0135,-0.019,8.5812502177898082,5.1487501306738848
-0.012999999999999999,-0.019,12.677906861017474,7.6067441166104839
-0.012500000000000001,-0.019,18.280136365226408,10.968081819135845
-0.012,-0.019,25.715447265725789,15.429268359435472
-0.0115,-0.019,35.287584841000388,21.172550904600232
-0.010999999999999999,-0.019,47.237002703240009,28.342201621944003
-0.010499999999999999,-0.019,61.701336600024234,37.020801960014538
-0.010000000000000002,-0.019,78.685468223676608,47.211280934205966
-0.0095000000000000015,-0.019,98.052171124188845,58.831302674513303
-0.0090000000000000011,-0.019,119.54302434350346,71.725814606102077
-0.0085000000000000006,-0.019,142.83450508684993,85.700703052109958
-0.0080000000000000002,-0.019,167.62602023431216,100.5756121405873
-0.0074999999999999997,-0.019,193.74635121974424,116.24781073184654
-0.0069999999999999993,-0.019,221.25496685756195,132.75298011453717
-0.0064999999999999988,-0.019,250.50805274668548,150.30483164801129
-0.0059999999999999984,-0.019,282.15901178691428,169.29540707214855
-0.0054999999999999979,-0.019,317.07162617676278,190.24297570605765
-0.005000000000000001,-0.019,356.14101367826612,213.68460820695967
-0.0044999999999999971,-0.019,400.04035179287303,240.0242110757238
-0.0040000000000000001,-0.019,448.9350568257347,269.3610340954408
-0.0035000000000000031,-0.019,502.22423886120646,301.33454331672385
-0.0029999999999999992,-0.019,558.3756035311676,335.02536211870057
-0.0025000000000000022,-0.019,614.91052157079309,368.94631294247586
-0.0019999999999999983,-0.019,668.57053365103548,401.14232019062126
-0.0015000000000000013,-0.019,715.65941380334505,429.39564828200702
-0.00099999999999999742,-0.019,752.51430572947618,451.50858343768567
-0.00050000000000000044,-0.019,776.02559162861428,465.61535497716852
0,-0.019,784.10747922209873,470.46448753325922
0.00050000000000000044,-0.019,776.02559161827708,465.61535497096622
0.0010000000000000009,-0.019,752.51430570507227,451.50858342304338
0.0015000000000000013,-0.019,715.65941375656394,429.39564825393836
0.0020000000000000018,-0.019,668.57053356722326,401.14232014033394
0.0024999999999999988,-0.019,614.91052142621743,368.94631285573047
0.0030000000000000027,-0.019,558.37560328924144,335.02536197354488
0.0034999999999999996,-0.019,502.22423846774319,301.33454308064591
0.0040000000000000036,-0.019,448.93505620345616,269.36103372207367
0.0045000000000000005,-0.019,400.04035083572325,240.02421050143394
0.0049999999999999975,-0.019,356.14101224638893,213.68460734783335
0.0055000000000000014,-0.019,317.07162409339065,190.24297445603437
0.0059999999999999984,-0.019,282.15900883866897,169.29540530320136
0.0064999999999999988,-0.019,250.50804868882958,150.30482921329775
0.0069999999999999993,-0.019,221.25496142548576,132.75297685529145
0.0074999999999999997,-0.019,193.74634414727063,116.24780648836237
0.0080000000000000002,-0.019,167.62601127833258,100.57560676699954
0.0085000000000000006,-0.019,142.83449405645376,85.700696433872253
0.0090000000000000011,-0.019,119.54301113038318,71.725806678229901
0.0095000000000000015,-0.019,98.052155730030933,58.831293438018555
0.010000000000000002,-0.019,78.685450779810367,47.211270467886216
0.010500000000000002,-0.019,61.701317375047381,37.02079042502843
0.011000000000000003,-0.019,47.236982095746889,28.342189257448133
0.011500000000000003,-0.019,35.287563356722217,21.172538014033329
0.012000000000000004,-0.019,25.715425480973103,15.42925528858386
0.012499999999999997,-0.019,18.280114880948375,10.968068928569025
0.013000000000000005,-0.019,12.677886253524417,7.6067317521146496
0.013499999999999998,-0.019,8.581230992813115,5.1487385956878686
0.014000000000000005,-0.019,5.6717714052390305,3.403062843143418
0.014499999999999999,-0.019,3.6632284434980948,2.1979370660988566
0.014999999999999999,-0.019,2.3140459330108651,1.388427559806519
0.0155,-0.019,1.4312056987350734,0.85872341924104401
0.016000000000000007,-0.019,0.86771621438133184,0.52062972862879908
0.016500000000000001,-0.019,0.51638080795348029,0.30982848477208819
0.017000000000000001,-0.019,0.30204538497837552,0.18122723098702531
0.017500000000000002,-0.019,0.17388541416815254,0.10433124850089152
0.017999999999999995,-0.019,0.098642570971924345,0.059185542583154602
0.018500000000000003,-0.019,0.055194115939354166,0.033116469563612499
0.019000000000000003,-0.019,0.030480219019027761,0.018288131411416657
0.019500000000000003,-0.019,0.016616241567327494,0.0099697449403964959
0.019999999999999997,-0.019,0.0089400765806930266,0.0053640459484158159
0.020499999999999997,-0.019,0.0047442783086363806,0.0028465669851818281
0.021000000000000005,-0.019,0.0024808380992166201,0.001488502859529972
0.021500000000000005,-0.019,0.0012767302940460271,0.00076603817642761625
0.021999999999999999,-0.019,0.00064578216811676467,0.00038746930087005878
0.022499999999999999,-0.019,0.000320594631247109,0.00019235677874826539
0.023000000000000007,-0.019,0.0001560001727452981,9.3600103647178851e-05
0.023500000000000007,-0.019,7.4310529582906267e-05,4.4586317749743756e-05
0.024,-0.019,3.4613590385996278e-05,2.0768154231597767e-05
0.024500000000000001,-0.019,1.575038904863154e-05,9.4502334291789245e-06
0.025000000000000001,-0.019,6.9955887754309018e-06,4.1973532652585407e-06
-0.025000000000000001,-0.018500000000000003,1.4054255446294132e-05,8.4325532677764789e-06
-0.024500000000000001,-0.018500000000000003,3.1550686524430167e-05,1.89304119146581e-05
-0.024,-0.018500000000000003,6.908725729197444e-05,4.1452354375184662e-05
-0.0235,-0.018500000000000003,0.00014766460994832008,8.8598765968992045e-05
-0.023,-0.018500000000000003,0.00030832172575789618,0.00018499303545473769
-0.022500000000000003,-0.018500000000000003,0.00062951150779347364,0.00037770690467608416
-0.022000000000000002,-0.018500000000000003,0.0012582311696365995,0.00075493870178195972
-0.021500000000000002,-0.018500000000000003,0.0024649981796071281,0.0014789989077642768
-0.021000000000000001,-0.018500000000000003,0.0047397654870271581,0.0028438592922162948
-0.020500000000000001,-0.018500000000000003,0.0089574436584470684,0.0053744661950682407
-0.02,-0.018500000000000003,0.01666037339056196,0.0099962240343371752
-0.0195,-0.018500000000000003,0.030534148968278618,0.01832048938096717
-0.019,-0.018500000000000003,0.05519613956219694,0.03311768373731816
-0.018500000000000003,-0.018500000000000003,0.098475212355447317,0.059085127413268386
-0.018000000000000002,-0.018500000000000003,0.17343492460915336,0.10406095476549201
-0.017500000000000002,-0.018500000000000003,0.30147103752274002,0.18088262251364401
-0.017000000000000001,-0.018500000000000003,0.51687437293415106,0.3101246237604906
-0.016500000000000001,-0.018500000000000003,0.87325046154967523,0.52395027692980511
-0.016,-0.018500000000000003,1.4520679540659307,0.87124077243955844
-0.0155,-0.018500000000000003,2.3732969913259532,1.4239781947955719
-0.015000000000000001,-0.018500000000000003,3.8075345011175017,2.2845207006705008
-0.014500000000000001,-0.018500000000000003,5.9881779646921016,3.5929067788152609
-0.014,-0.018500000000000003,9.2211748775983224,5.5327049265589929
-0.0135,-0.018500000000000003,13.888846986262568,8.3333081917575402
-0.012999999999999999,-0.018500000000000003,20.443621287667771,12.266172772600662
-0.012500000000000001,-0.018500000000000003,29.387662349069643,17.632597409441786
-0.012,-0.018500000000000003,41.235864767048881,24.741518860229327
-0.0115,-0.018500000000000003,56.462721639437689,33.877632983662615
-0.010999999999999999,-0.018500000000000003,75.438121999631733,45.262873199779037
-0.010499999999999999,-0.018500000000000003,98.362443672049821,59.017466203229887
-0.010000000000000002,-0.018500000000000003,125.2160526990608,75.129631619436481
-0.0095000000000000015,-0.018500000000000003,155.74068674588207,93.444412047529241
-0.0090000000000000011,-0.018500000000000003,189.46835676461944,113.68101405877167
-0.0085000000000000006,-0.018500000000000003,225.80614656150777,135.48368793690466
-0.0080000000000000002,-0.018500000000000003,264.17273783788164,158.50364270272897
-0.0074999999999999997,-0.018500000000000003,304.16654189009535,182.49992513405721
-0.0069999999999999993,-0.018500000000000003,345.72967086319818,207.4378025179189
-0.0064999999999999988,-0.018500000000000003,389.26147928860104,233.55688757316062
-0.0059999999999999984,-0.018500000000000003,435.63481606211104,261.38088963726659
-0.0054999999999999979,-0.018500000000000003,486.0805512636004,291.64833075816023
-0.005000000000000001,-0.018500000000000003,541.93136063423765,325.15881638054259
-0.0044999999999999971,-0.018500000000000003,604.25021024417401,362.5501261465044
-0.0040000000000000001,-0.018500000000000003,673.40487984296556,404.04292790577932
-0.0035000000000000031,-0.018500000000000003,748.67746384184807,449.20647830510882
-0.0029999999999999992,-0.018500000000000003,828.00776951495516,496.80466170897307
-0.0025000000000000022,-0.018500000000000003,907.95588737243236,544.77353242345941
-0.0019999999999999983,-0.018500000000000003,983.93165500338432,590.35899300203062
-0.0015000000000000013,-0.018500000000000003,1050.6837249798978,630.41023498793868
-0.00099999999999999742,-0.018500000000000003,1102.9807299310999,661.78843795865987
-0.00050000000000000044,-0.018500000000000003,1136.3667859886091,681.82007159316538
0,-0.018500000000000003,1147.8472485452571,688.70834912715429
0.00050000000000000044,-0.018500000000000003,1136.3667859593136,681.82007157558814
0.0010000000000000009,-0.018500000000000003,1102.9807298619417,661.78843791716497
0.0015000000000000013,-0.018500000000000003,1050.6837248473232,630.41023490839393
0.0020000000000000018,-0.018500000000000003,983.93165476586682,590.35899285952007
0.0024999999999999988,-0.018500000000000003,907.9558869627142,544.77353217762845
0.0030000000000000027,-0.018500000000000003,828.00776882935259,496.80466129761152
0.0034999999999999996,-0.018500000000000003,748.67746272679778,449.20647763607866
0.0040000000000000036,-0.018500000000000003,673.40487807946886,404.04292684768131
0.0045000000000000005,-0.018500000000000003,604.25020753167291,362.55012451900376
0.0049999999999999975,-0.018500000000000003,541.93135657638834,325.158813945833
0.0055000000000000014,-0.018500000000000003,486.08054535945644,291.64832721567387
0.0059999999999999984,-0.018500000000000003,435.63480770697134,261.38088462418278
0.0064999999999999988,-0.018500000000000003,389.26146778889591,233.55688067333753
0.0069999999999999993,-0.018500000000000003,345.72965546904038,207.43779328142423
0.0074999999999999997,-0.018500000000000003,304.16652184715565,182.49991310829338
0.0080000000000000002,-0.018500000000000003,264.17271245720622,158.50362747432374
0.0085000000000000006,-0.018500000000000003,225.80611530206775,135.48366918124066
0.0090000000000000011,-0.018500000000000003,189.46831931947807,113.68099159168683
0.0095000000000000015,-0.018500000000000003,155.74064311981903,93.444385871891413
0.010000000000000002,-0.018500000000000003,125.21600326425497,75.129601958552982
0.010500000000000002,-0.018500000000000003,98.362389189690106,59.017433513814062
0.011000000000000003,-0.018500000000000003,75.438063599308919,45.26283815958535
0.011500000000000003,-0.018500000000000003,56.462660754361877,33.877596452617126
0.012000000000000004,-0.018500000000000003,41.235803030447393,24.741481818268436
0.012499999999999997,-0.018500000000000003,29.387601463994052,17.632560878396429
0.013000000000000005,-0.018500000000000003,20.443562887345035,12.266137732407021
0.013499999999999998,-0.018500000000000003,13.888792503903099,8.3332755023418592
0.014000000000000005,-0.018500000000000003,9.221125442792431,5.5326752656754588
0.014499999999999999,-0.018500000000000003,5.9881343386290729,3.5928806031774436
0.014999999999999999,-0.018500000000000003,3.8074970559759445,2.2844982335855666
0.0155,-0.018500000000000003,2.373265731885831,1.4239594391314985
0.016000000000000007,-0.018500000000000003,1.4520425733903239,0.87122554403419439
0.016500000000000001,-0.018500000000000003,0.8732304186097144,0.52393825116582859
0.017000000000000001,-0.018500000000000003,0.51685897877623865,0.31011538726574317
0.017500000000000002,-0.018500000000000003,0.30145953781737617,0.18087572269042571
0.017999999999999995,-0.018500000000000003,0.17342656946872292,0.10405594168123375
0.018500000000000003,-0.018500000000000003,0.098469308209849699,0.059081584925909814
0.019000000000000003,-0.018500000000000003,0.055192081706227122,0.033115249023736269
0.019500000000000003,-0.018500000000000003,0.030531436451322096,0.018318861870793256
0.019999999999999997,-0.018500000000000003,0.01665860985362726,0.0099951659121763556
0.020499999999999997,-0.018500000000000003,0.0089563285093881215,0.0053737971056328727
0.021000000000000005,-0.018500000000000003,0.0047390796553362655,0.0028434477932017593
0.021500000000000005,-0.018500000000000003,0.0024645879391944751,0.0014787527635166851
0.021999999999999999,-0.018500000000000003,0.0012579925008660391,0.00075479550051962341
0.022499999999999999,-0.018500000000000003,0.00062937645952631973,0.00037762587571579185
0.023000000000000007,-0.018500000000000003,0.00030824740353328984,0.0001849484421199739
0.023500000000000007,-0.018500000000000003,0.00014762482812820724,8.8574896876924341e-05
0.024,-0.018500000000000003,6.9066546969442143e-05,4.1439928181665283e-05
0.024500000000000001,-0.018500000000000003,3.1540200150499554e-05,1.8924120090299732e-05
0.025000000000000001,-0.018500000000000003,1.40490912816261e-05,8.4294547689756597e-06
-0.025000000000000001,-0.018000000000000002,2.7519169260198046e-05,1.6511501556118826e-05
-0.024500000000000001,-0.018000000000000002,6.1635138981371986e-05,3.6981083388823187e-05
-0.024,-0.018000000000000002,0.00013457408159731293,8.0744448958387758e-05
-0.0235,-0.018000000000000002,0.00028660446102735126,0.00017196267661641075
-0.023,-0.018000000000000002,0.00059579120014703125,0.00035747472008821875
-0.022500000000000003,-0.018000000000000002,0.0012099146226906621,0.00072594877361439728
-0.022000000000000002,-0.018000000000000002,0.0024026331610199569,0.001441579896611974
-0.021500000000000002,-0.018000000000000002,0.0046706539841065604,0.0028023923904639363
-0.021000000000000001,-0.018000000000000002,0.0088995410130460282,0.0053397246078276169
-0.020500000000000001,-0.018000000000000002,0.016643396018180535,0.0099860376109083202
-0.02,-0.018000000000000002,0.030591704800158069,0.018355022880094839
-0.0195,-0.018000000000000002,0.055340026676822245,0.033204016006093344
-0.019,-0.018000000000000002,0.098645256995704936,0.059187154197422959
-0.018500000000000003,-0.018000000000000002,0.17343462971821086,0.10406077783092652
-0.018000000000000002,-0.018000000000000002,0.30094843411626099,0.1805690604697566
-0.017500000000000002,-0.018000000000000002,0.51551532226057883,0.30930919335634727
-0.017000000000000001,-0.018000000000000002,0.87155130976008877,0.52293078585605324
-0.016500000000000001,-0.018000000000000002,1.4533764224335961,0.8720258534601576
-0.016,-0.018000000000000002,2.3882641347386597,1.4329584808431959
-0.0155,-0.018000000000000002,3.8626675696103443,2.3176005417662067
-0.015000000000000001,-0.018000000000000002,6.1407048073282997,3.6844228843969797
-0.014500000000000001,-0.018000000000000002,9.5827022493016791,5.7496213495810071
-0.014,-0.018000000000000002,14.659996049381066,8.7959976296286388
-0.0135,-0.018000000000000002,21.960588074072394,13.176352844443436
-0.012999999999999999,-0.018000000000000002,32.179188376129908,19.307513025677945
-0.012500000000000001,-0.018000000000000002,46.085373774689231,27.651224264813539
-0.012,-0.018000000000000002,64.465786014042862,38.679471608425715
-0.0115,-0.018000000000000002,88.040945534334327,52.824567320600593
-0.010999999999999999,-0.018000000000000002,117.36421525493346,70.418529152960076
-0.010499999999999999,-0.018000000000000002,152.71865539394815,91.631193236368887
-0.010000000000000002,-0.018000000000000002,194.03492170147095,116.42095302088256
-0.0095000000000000015,-0.018000000000000002,240.85721406327951,144.51432843796769
-0.0090000000000000011,-0.018000000000000002,292.38177504334703,175.4290650260082
-0.0085000000000000006,-0.018000000000000002,347.58170931374838,208.54902558824901
-0.0080000000000000002,-0.018000000000000002,405.41307583833503,243.247845503001
-0.0074999999999999997,-0.018000000000000002,465.0731305056762,279.04387830340573
-0.0069999999999999993,-0.018000000000000002,526.25780278654031,315.75468167192417
-0.0064999999999999988,-0.018000000000000002,589.34924837436904,353.6095490246214
-0.0059999999999999984,-0.018000000000000002,655.46277437255947,393.27766462353566
-0.0054999999999999979,-0.018000000000000002,726.30023603484017,435.78014162090409
-0.005000000000000001,-0.018000000000000002,803.79414824423827,482.27648894654294
-0.0044999999999999971,-0.018000000000000002,889.57740509835151,533.74644305901086
-0.0040000000000000001,-0.018000000000000002,984.36644495020266,590.61986697012162
-0.0035000000000000031,-0.018000000000000002,1087.3866328572676,652.43197971436052
-0.0029999999999999992,-0.018000000000000002,1195.9839047473015,717.59034284838083
-0.0025000000000000022,-0.018000000000000002,1305.5475769119753,783.32854614718519
-0.0019999999999999983,-0.018000000000000002,1409.8152878554688,845.88917271328125
-0.0015000000000000013,-0.018000000000000002,1501.5517088419911,900.93102530519457
-0.00099999999999999742,-0.018000000000000002,1573.505704093061,944.10342245583661
-0.00050000000000000044,-0.018000000000000002,1619.4779795997347,971.68678775984074
0,-0.018000000000000002,1635.2930602980853,981.17583617885111
0.00050000000000000044,-0.018000000000000002,1619.4779795189879,971.68678771139275
0.0010000000000000009,-0.018000000000000002,1573.5057039024407,944.10342234146435
0.0015000000000000013,-0.018000000000000002,1501.5517084765752,900.93102508594507
0.0020000000000000018,-0.018000000000000002,1409.8152872008009,845.8891723204805
0.0024999999999999988,-0.018000000000000002,1305.5475757826689,783.32854546960129
0.0030000000000000027,-0.018000000000000002,1195.9839028575766,717.59034171454596
0.0034999999999999996,-0.018000000000000002,1087.3866297838551,652.43197787031306
0.0040000000000000036,-0.018000000000000002,984.36644008947928,590.61986405368759
0.0045000000000000005,-0.018000000000000002,889.57739762188828,533.74643857313299
0.0049999999999999975,-0.018000000000000002,803.79413705959178,482.27648223575505
0.0055000000000000014,-0.018000000000000002,726.30021976125499,435.78013185675297
0.0059999999999999984,-0.018000000000000002,655.46275134329528,393.27765080597715
0.0064999999999999988,-0.018000000000000002,589.34921667774188,353.60953000664512
0.0069999999999999993,-0.018000000000000002,526.25776035563638,315.75465621338179
0.0074999999999999997,-0.018000000000000002,465.07307526133809,279.04384515680283
0.0080000000000000002,-0.018000000000000002,405.41300588160101,243.24780352896059
0.0085000000000000006,-0.018000000000000002,347.58162315338075,208.54897389202844
0.0090000000000000011,-0.018000000000000002,292.38167183333553,175.42900310000132
0.0095000000000000015,-0.018000000000000002,240.85709381679945,144.51425629007966
0.010000000000000002,-0.018000000000000002,194.03478544435811,116.42087126661485
0.010500000000000002,-0.018000000000000002,152.71850522426729,91.631103134560377
0.011000000000000003,-0.018000000000000002,117.36405428617408,70.418432571704443
0.011500000000000003,-0.018000000000000002,88.040777716852489,52.824466630111495
0.012000000000000004,-0.018000000000000002,64.465615849501376,38.679369509700827
0.012499999999999997,-0.018000000000000002,46.085205957207691,27.651123574324615
0.013000000000000005,-0.018000000000000002,32.179027407370654,19.30741644442239
0.013499999999999998,-0.018000000000000002,21.960437904391789,13.176262742635073
0.014000000000000005,-0.018000000000000002,14.659859792268119,8.7959158753608708
0.014499999999999999,-0.018000000000000002,9.5825820028216242,5.7495492016929743
0.014999999999999999,-0.018000000000000002,6.1406015973168051,3.6843609583900827
0.0155,-0.018000000000000002,3.8625814092423947,2.3175488455454367
0.016000000000000007,-0.018000000000000002,2.3881941780043032,1.432916506802582
0.016500000000000001,-0.018000000000000002,1.4533211780954076,0.8719927068572445
0.017000000000000001,-0.018000000000000002,0.87150887885586159,0.52290532731351691
0.017500000000000002,-0.018000000000000002,0.51548362563256611,0.30929017537953968
0.017999999999999995,-0.018000000000000002,0.30092540484987024,0.18055524290992214
0.018500000000000003,-0.018000000000000002,0.17341835612677364,0.10405101367606419
0.019000000000000003,-0.018000000000000002,0.098634072330782308,0.059180443398469382
0.019500000000000003,-0.018000000000000002,0.055332550168665853,0.033199530101199512
0.019999999999999997,-0.018000000000000002,0.030586843964820226,0.018352106378892136
0.020499999999999997,-0.018000000000000002,0.016640322333787535,0.0099841934002725206
0.021000000000000005,-0.018000000000000002,0.0088976506557457546,0.0053385903934474524
0.021500000000000005,-0.018000000000000002,0.0046695232388096761,0.0028017139432858057
0.021999999999999999,-0.018000000000000002,0.0024019753184927302,0.001441185191095638
0.022499999999999999,-0.018000000000000002,0.0012095423892679413,0.00072572543356076475
0.023000000000000007,-0.018000000000000002,0.00059558634586321432,0.00035735180751792856
0.023500000000000007,-0.018000000000000002,0.00028649481043075737,0.00017189688625845442
0.024,-0.018000000000000002,0.00013451699775311269,8.0710198651867611e-05
0.024500000000000001,-0.018000000000000002,6.1606235397917948e-05,3.696374123875077e-05
0.025000000000000001,-0.018000000000000002,2.7504935277561086e-05,1.650296116653665e-05
-0.025000000000000001,-0.017500000000000002,5.2507848696007342e-05,3.1504709217604405e-05
-0.024500000000000001,-0.017500000000000002,0.00011738432257659463,7.043059354595677e-05
-0.024,-0.017500000000000002,0.00025570171832507889,0.00015342103099504732
-0.0235,-0.017500000000000002,0.00054299722904121983,0.0003257983374247319
-0.023,-0.017500000000000002,0.0011247356281167836,0.00067484137687007012
-0.022500000000000003,-0.017500000000000002,0.0022740147363978919,0.0013644088418387351
-0.022000000000000002,-0.017500000000000002,0.0044914435474508463,0.0026948661284705079
-0.021500000000000002,-0.017500000000000002,0.0086746318892058083,0.0052047791335234845
-0.021000000000000001,-0.017500000000000002,0.016401138546209088,0.0098406831277254529
-0.020500000000000001,-0.017500000000000002,0.030394640185177239,0.018236784111106342
-0.02,-0.017500000000000002,0.055284690650006942,0.033170814390004161
-0.0195,-0.017500000000000002,0.098832710373336283,0.05929962622400177
-0.019,-0.017500000000000002,0.17388863189530665,0.10433317913718398
-0.018500000000000003,-0.017500000000000002,0.3014697791720955,0.1808818675032573
-0.018000000000000002,-0.017500000000000002,0.51551394619606616,0.3093083677176397
-0.017500000000000002,-0.017500000000000002,0.87003245980024801,0.52201947588014874
-0.017000000000000001,-0.017500000000000002,1.4495262481638023,0.86971574889828129
-0.016500000000000001,-0.017500000000000002,2.3835366856497626,1.4301220113898576
-0.016,-0.017500000000000002,3.8659460556275467,2.3195676333765278
-0.0155,-0.017500000000000002,6.1789530049577204,3.7073718029746319
-0.015000000000000001,-0.017500000000000002,9.7203754734421732,5.8322252840653039
-0.014500000000000001,-0.017500000000000002,15.031023227242425,9.0186139363454547
-0.014,-0.017500000000000002,22.816484191228145,13.689890514736886
-0.0135,-0.017500000000000002,33.955239863648615,20.373143918189168
-0.012999999999999999,-0.017500000000000002,49.483374004236353,29.690024402541809
-0.012500000000000001,-0.017500000000000002,70.546350097577076,42.327810058546241
-0.012,-0.017500000000000002,98.311518248811197,58.986910949286717
-0.0115,-0.017500000000000002,133.84188687765487,80.305132126592923
-0.010999999999999999,-0.017500000000000002,177.94206323146875,106.76523793888124
-0.010499999999999999,-0.017500000000000002,230.9995855520032,138.5997513312019
-0.010000000000000002,-0.017500000000000002,292.85611932621032,175.7136715957262
-0.0095000000000000015,-0.017500000000000002,362.74906880375113,217.64944128225068
-0.0090000000000000011,-0.017500000000000002,439.36087775371118,263.6165266522267
-0.0085000000000000006,-0.017500000000000002,520.99785876367355,312.59871525820409
-0.0080000000000000002,-0.017500000000000002,605.89292600082524,363.53575560049512
-0.0074999999999999997,-0.017500000000000002,692.59122274794913,415.55473364876946
-0.0069999999999999993,-0.017500000000000002,780.34241253585162,468.20544752151096
-0.0064999999999999988,-0.017500000000000002,869.39896888841542,521.63938133304919
-0.0059999999999999984,-0.017500000000000002,961.11658892120749,576.66995335272452
-0.0054999999999999979,-0.017500000000000002,1057.777667529798,634.66660051787881
-0.005000000000000001,-0.017500000000000002,1162.1116328951396,697.26697973708372
-0.0044999999999999971,-0.017500000000000002,1276.5584694970257,765.93508169821541
-0.0040000000000000001,-0.017500000000000002,1402.3978368658325,841.43870211949945
-0.0035000000000000031,-0.017500000000000002,1538.9253478147662,923.35520868885965
-0.0029999999999999992,-0.017500000000000002,1682.880320069421,1009.7281920416526
-0.0025000000000000022,-0.017500000000000002,1828.3032355269506,1096.9819413161704
-0.0019999999999999983,-0.017500000000000002,1966.9257307183705,1180.1554384310223
-0.0015000000000000013,-0.017500000000000002,2089.0845452953868,1253.450727177232
-0.00099999999999999742,-0.017500000000000002,2185.0285775498628,1311.0171465299177
-0.00050000000000000044,-0.017500000000000002,2246.3859304050825,1347.8315582430494
0,-0.017500000000000002,2267.5038446272156,1360.5023067763293
0.00050000000000000044,-0.017500000000000002,2246.3859301886159,1347.8315581131694
0.0010000000000000009,-0.017500000000000002,2185.0285770388487,1311.0171462233091
0.0015000000000000013,-0.017500000000000002,2089.0845443157837,1253.4507265894702
0.0020000000000000018,-0.017500000000000002,1966.9257289633458,1180.1554373780075
0.0024999999999999988,-0.017500000000000002,1828.3032324995195,1096.9819394997116
0.0030000000000000027,-0.017500000000000002,1682.8803150034698,1009.7281890020819
0.0034999999999999996,-0.017500000000000002,1538.9253395755964,923.35520374535781
0.0040000000000000036,-0.017500000000000002,1402.3978238352609,841.43869430115649
0.0045000000000000005,-0.017500000000000002,1276.5584494542077,765.93506967252461
0.0049999999999999975,-0.017500000000000002,1162.1116029114637,697.26696174687822
0.0055000000000000014,-0.017500000000000002,1057.777623903753,634.66657434225181
0.0059999999999999984,-0.017500000000000002,961.11652718461301,576.6699163107678
0.0064999999999999988,-0.017500000000000002,869.39888391645002,521.63933034986997
0.0069999999999999993,-0.017500000000000002,780.34229878755605,468.20537927253361
0.0074999999999999997,-0.017500000000000002,692.59107464954184,415.5546447897251
0.0080000000000000002,-0.017500000000000002,605.89273846158972,363.53564307695382
0.0085000000000000006,-0.017500000000000002,520.99762778591708,312.59857667155023
0.0090000000000000011,-0.017500000000000002,439.36060106945979,263.61636064167584
0.0095000000000000015,-0.017500000000000002,362.74874644832425,217.64924786899454
0.010000000000000002,-0.017500000000000002,292.85575404965675,175.71345242979405
0.010500000000000002,-0.017500000000000002,230.99918297879211,138.59950978727525
0.011000000000000003,-0.017500000000000002,177.94163170820804,106.76497902492481
0.011500000000000003,-0.017500000000000002,133.84143699441515,80.304862196649083
0.012000000000000004,-0.017500000000000002,98.311062073600127,58.986637244160072
0.012499999999999997,-0.017500000000000002,70.54590021433782,42.327540128602692
0.013000000000000005,-0.017500000000000002,49.482942480975993,29.689765488585593
0.013499999999999998,-0.017500000000000002,33.954837290438036,20.372902374262821
0.014000000000000005,-0.017500000000000002,22.816118914674387,13.689671348804632
0.014499999999999999,-0.017500000000000002,15.030700871815295,9.0184205230891763
0.014999999999999999,-0.017500000000000002,9.7200987891905939,5.8320592735143562
0.0155,-0.017500000000000002,6.1787220272010348,3.7072332163206205
0.016000000000000007,-0.017500000000000002,3.8657585163917085,2.3194551098350251
0.016500000000000001,-0.017500000000000002,2.3833885872420097,1.4300331523452059
0.017000000000000001,-0.017500000000000002,1.4494124998673856,0.86964749992043133
0.017500000000000002,-0.017500000000000002,0.86994748783219389,0.52196849269931633
0.017999999999999995,-0.017500000000000002,0.51545220959470328,0.30927132575682198
0.018500000000000003,-0.017500000000000002,0.30142615310905929,0.18085569186543557
0.019000000000000003,-0.017500000000000002,0.17385864816990515,0.10431518890194309
0.019500000000000003,-0.017500000000000002,0.098812667433375662,0.059287600460025396
0.019999999999999997,-0.017500000000000002,0.05527165977666345,0.033162995865998066
0.020499999999999997,-0.017500000000000002,0.030386400286221842,0.018231840171733106
0.021000000000000005,-0.017500000000000002,0.016396070897370739,0.0098376425384224427
0.021500000000000005,-0.017500000000000002,0.0086716005997826799,0.0052029603598696076
0.021999999999999999,-0.017500000000000002,0.0044896800105160778,0.0026938080063096466
0.022499999999999999,-0.017500000000000002,0.0022730168571758044,0.0013638101143054826
0.023000000000000007,-0.017500000000000002,0.0011241864570297835,0.00067451187421787011
0.023500000000000007,-0.017500000000000002,0.00054270327894069114,0.00032562196736441465
0.024,-0.017500000000000002,0.00025554868859005826,0.00015332921315403496
0.024500000000000001,-0.017500000000000002,0.00011730683817134748,7.0384102902808489e-05
0.025000000000000001,-0.017500000000000002,5.2469690393571151e-05,3.1481814236142688e-05
-0.025000000000000001,-0.017000000000000001,9.7593435371285124e-05,5.8556061222771075e-05
-0.024500000000000001,-0.017000000000000001,0.00021785142649853598,0.00013071085589912157
-0.024,-0.017000000000000001,0.00047366857167567479,0.00028420114300540487
-0.0235,-0.017000000000000001,0.0010035222764573119,0.00060211336587438714
-0.023,-0.017000000000000001,0.0020726235982271462,0.0012435741589362876
-0.022500000000000003,-0.017000000000000001,0.0041754495453171399,0.0025052697271902838
-0.022000000000000002,-0.017000000000000001,0.0082106302790435591,0.0049263781674261349
-0.021500000000000002,-0.017000000000000001,0.015772482301282802,0.00946348938076968
-0.021000000000000001,-0.017000000000000001,0.029627600486157493,0.017776560291694495
-0.020500000000000001,-0.017000000000000001,0.054481769042044777,0.032689061425226866
-0.02,-0.017000000000000001,0.098198870155000215,0.058919322093000125
-0.0195,-0.017000000000000001,0.17371896757681701,0.1042313805460902
-0.019,-0.017000000000000001,0.30204848832043413,0.18122909299226048
-0.018500000000000003,-0.017000000000000001,0.51687045315846625,0.31012227189507974
-0.018000000000000002,-0.017000000000000001,0.87154560063312603,0.52292736037987564
-0.017500000000000002,-0.017000000000000001,1.449520177464195,0.86971210647851704
-0.017000000000000001,-0.017000000000000001,2.3793542984770122,1.4276125790862073
-0.016500000000000001,-0.017000000000000001,3.8556062632557824,2.3133637579534692
-0.016,-0.017000000000000001,6.1664555694266321,3.6998733416559793
-0.0155,-0.017000000000000001,9.7279761866557166,5.8367857119934294
-0.015000000000000001,-0.017000000000000001,15.12315545880733,9.0738932752843979
-0.014500000000000001,-0.017000000000000001,23.141001576355148,13.884600945813089
-0.014,-0.017000000000000001,34.807595651107583,20.884557390664551
-0.0135,-0.017000000000000001,51.397371557610356,30.838422934566211
-0.012999999999999999,-0.017000000000000001,74.410415411198656,44.646249246719194
-0.012500000000000001,-0.017000000000000001,105.50174847959212,63.301049087755274
-0.012,-0.017000000000000001,146.35303049339035,87.811818296034204
-0.0115,-0.017000000000000001,198.4869750209175,119.09218501255049
-0.010999999999999999,-0.017000000000000001,263.0397734251294,157.82386405507762
-0.010499999999999999,-0.017000000000000001,340.52479240264904,204.31487544158941
-0.010000000000000002,-0.017000000000000001,430.63740456900757,258.38244274140453
-0.0095000000000000015,-0.017000000000000001,532.16010331788289,319.2960619907297
-0.0090000000000000011,-0.017000000000000001,643.02296190818015,385.8137771449081
-0.0085000000000000006,-0.017000000000000001,760.5529087740839,456.33174526445032
-0.0080000000000000002,-0.017000000000000001,881.90628956089085,529.14377373653451
-0.0074999999999999997,-0.017000000000000001,1004.6285670464302,602.77714022785813
-0.0069999999999999993,-0.017000000000000001,1127.2342576124299,676.34055456745796
-0.0064999999999999988,-0.017000000000000001,1249.6644451449881,749.79866708699285
-0.0059999999999999984,-0.017000000000000001,1373.473304021436,824.08398241286159
-0.0054999999999999979,-0.017000000000000001,1501.6286857568757,900.97721145412538
-0.005000000000000001,-0.017000000000000001,1637.8850877458729,982.73105264752371
-0.0044999999999999971,-0.017000000000000001,1785.7884789261495,1071.4730873556896
-0.0040000000000000001,-0.017000000000000001,1947.4789708628794,1168.4873825177276
-0.0035000000000000031,-0.017000000000000001,2122.540613719882,1273.5243682319292
-0.0029999999999999992,-0.017000000000000001,2307.1805858767657,1384.3083515260594
-0.0025000000000000022,-0.017000000000000001,2493.9855439937069,1496.391326396224
-0.0019999999999999983,-0.017000000000000001,2672.4002696690918,1603.4401618014551
-0.0015000000000000013,-0.017000000000000001,2829.921438591291,1697.9528631547746
-0.00099999999999999742,-0.017000000000000001,2953.8318945245701,1772.299136714742
-0.00050000000000000044,-0.017000000000000001,3033.160602371715,1819.896361423029
0,-0.017000000000000001,3060.4791356288338,1836.2874813773003
0.00050000000000000044,-0.017000000000000001,3033.1606018073135,1819.896361084388
0.0010000000000000009,-0.017000000000000001,2953.8318931921804,1772.2991359153082
0.0015000000000000013,-0.017000000000000001,2829.9214360371257,1697.9528616222753
0.0020000000000000018,-0.017000000000000001,2672.4002650931361,1603.4401590558816
0.0024999999999999988,-0.017000000000000001,2493.9855361001419,1496.3913216600852
0.0030000000000000027,-0.017000000000000001,2307.1805726680755,1384.3083436008453
0.0034999999999999996,-0.017000000000000001,2122.5405922375035,1273.5243553425021
0.0040000000000000036,-0.017000000000000001,1947.4789368876568,1168.4873621325939
0.0045000000000000005,-0.017000000000000001,1785.7884266675644,1071.4730560005387
0.0049999999999999975,-0.017000000000000001,1637.8850095680161,982.73100574080968
0.0055000000000000014,-0.017000000000000001,1501.6285720086264,900.97714320517582
0.0059999999999999984,-0.017000000000000001,1373.4731430526947,824.08388583161684
0.0064999999999999988,-0.017000000000000001,1249.6642235935649,749.79853415613889
0.0069999999999999993,-0.017000000000000001,1127.2339610311217,676.34037661867296
0.0074999999999999997,-0.017000000000000001,1004.6281809024515,602.7769085414709
0.0080000000000000002,-0.017000000000000001,881.90580058097657,529.14348034858597
0.0085000000000000006,-0.017000000000000001,760.55230653486035,456.33138392091621
0.0090000000000000011,-0.017000000000000001,643.0222404962517,385.81334429775103
0.0095000000000000015,-0.017000000000000001,532.1592628253394,319.29555769520363
0.010000000000000002,-0.017000000000000001,430.63645216618232,258.38187129970936
0.010500000000000002,-0.017000000000000001,340.52374275448619,204.31424565269171
0.011000000000000003,-0.017000000000000001,263.03864829413379,157.82318897648028
0.011500000000000003,-0.017000000000000001,198.48580201908021,119.09148121144813
0.012000000000000004,-0.017000000000000001,146.3518410861987,87.811104651719219
0.012499999999999997,-0.017000000000000001,105.50057547775548,63.300345286653283
0.013000000000000005,-0.017000000000000001,74.409290280203322,44.645574168121989
0.013499999999999998,-0.017000000000000001,51.396321909448218,30.837793145668929
0.014000000000000005,-0.017000000000000001,34.806643248282086,20.883985948969251
0.014499999999999999,-0.017000000000000001,23.140161083811797,13.884096650287079
0.014999999999999999,-0.017000000000000001,15.122434046878963,9.0734604281273779
0.0155,-0.017000000000000001,9.7273739474320848,5.8364243684592507
0.016000000000000007,-0.017000000000000001,6.1659665895118403,3.6995799537071039
0.016500000000000001,-0.017000000000000001,3.8552201192764399,2.3131320715658639
0.017000000000000001,-0.017000000000000001,2.3790577171667295,1.4274346303000376
0.017500000000000002,-0.017000000000000001,1.4492986260351508,0.86957917562109044
0.017999999999999995,-0.017000000000000001,0.87138463187401727,0.52283077912441034
0.018500000000000003,-0.017000000000000001,0.51675670486204917,0.3100540229172295
0.019000000000000003,-0.017000000000000001,0.30197031033582455,0.18118218620149473
0.019500000000000003,-0.017000000000000001,0.17366670867200157,0.10420002520320094
0.019999999999999997,-0.017000000000000001,0.098164894142944895,0.058898936485766933
0.020499999999999997,-0.017000000000000001,0.054460284763987239,0.032676170858392341
0.021000000000000005,-0.017000000000000001,0.02961438736578683,0.017768632419472099
0.021500000000000005,-0.017000000000000001,0.015764578677076868,0.0094587472062461209
0.021999999999999999,-0.017000000000000001,0.0082060321258287505,0.0049236192754972498
0.022499999999999999,-0.017000000000000001,0.0041728477276503284,0.0025037086365901971
0.023000000000000007,-0.017000000000000001,0.002071191718491969,0.0012427150310951815
0.023500000000000007,-0.017000000000000001,0.0010027558464647962,0.00060165350787887769
0.024,-0.017000000000000001,0.00047326957001364079,0.00028396174200818444
0.024500000000000001,-0.017000000000000001,0.00021764939774594473,0.00013058963864756684
0.025000000000000001,-0.017000000000000001,9.7493943425550663e-05,5.8496366055330393e-05
-0.025000000000000001,-0.016500000000000001,0.00017664722003699374,0.00010598833202219624
-0.024500000000000001,-0.016500000000000001,0.0003938475818755599,0.00023630854912533593
-0.024,-0.016500000000000001,0.00085505336605558519,0.00051303201963335111
-0.0235,-0.016500000000000001,0.0018081459268536903,0.0010848875561122141
-0.023,-0.016500000000000001,0.0037257421933310671,0.00223544531599864
-0.022500000000000003,-0.016500000000000001,0.0074840004969637039,0.004490400298178222
-0.022000000000000002,-0.016500000000000001,0.014663743287886388,0.0087982459727318323
-0.021500000000000002,-0.016500000000000001,0.028044451710321987,0.016826671026193191
-0.021000000000000001,-0.016500000000000001,0.052396217400287395,0.031437730440172437
-0.020500000000000001,-0.016500000000000001,0.095725219849821019,0.057435131909892606
-0.02,-0.016500000000000001,0.17120313059877779,0.10272187835926667
-0.0195,-0.016500000000000001,0.30012230256297345,0.18007338153778407
-0.019,-0.016500000000000001,0.51638199099307902,0.3098291945958474
-0.018500000000000003,-0.016500000000000001,0.87323989854339679,0.52394393912603809
-0.018000000000000002,-0.016500000000000001,1.4533591326127036,0.87201547956762215
-0.017500000000000002,-0.016500000000000001,2.3835121983978347,1.4301073190387008
-0.017000000000000001,-0.016500000000000001,3.8555809454273153,2.3133485672563889
-0.016500000000000001,-0.016500000000000001,6.1555381969151961,3.6933229181491174
-0.016,-0.016500000000000001,9.7016382345276106,5.8209829407165659
-0.0155,-0.016500000000000001,15.091731554152975,9.0550389324917848
-0.015000000000000001,-0.016500000000000001,23.157122301354462,13.894273380812677
-0.014500000000000001,-0.016500000000000001,35.01655367972841,21.009932207837046
-0.014,-0.016500000000000001,52.11899392888887,31.27139635733332
-0.0135,-0.016500000000000001,76.258792154971431,45.755275292982859
-0.012999999999999999,-0.016500000000000001,109.54311351697015,65.725868110182091
-0.012500000000000001,-0.016500000000000001,154.29158889047915,92.574953334287486
-0.012,-0.016500000000000001,212.85417604771288,127.71250562862772
-0.0115,-0.016500000000000001,287.34691933122423,172.40815159873452
-0.010999999999999999,-0.016500000000000001,379.32637089111381,227.59582253466829
-0.010499999999999999,-0.016500000000000001,489.44889799934072,293.66933879960442
-0.010000000000000002,-0.016500000000000001,617.18489173011744,370.31093503807045
-0.0095000000000000015,-0.016500000000000001,760.67167395336321,456.4030043720179
-0.0090000000000000011,-0.016500000000000001,916.78406911448849,550.07044146869305
-0.0085000000000000006,-0.016500000000000001,1081.4722760312268,648.88336561873609
-0.0080000000000000002,-0.016500000000000001,1250.3628054098597,750.21768324591574
-0.0074999999999999997,-0.016500000000000001,1419.5477835941647,851.72867015649877
-0.0069999999999999993,-0.016500000000000001,1586.4167506832036,951.85005040992212
-0.0064999999999999988,-0.016500000000000001,1750.3341743221654,1050.2005045932992
-0.0059999999999999984,-0.016500000000000001,1912.9558610919416,1147.7735166551649
-0.0054999999999999979,-0.016500000000000001,2078.0217266876393,1246.8130360125836
-0.005000000000000001,-0.016500000000000001,2250.5612374145517,1350.336742448731
-0.0044999999999999971,-0.016500000000000001,2435.5852462510902,1461.351147750654
-0.0040000000000000001,-0.016500000000000001,2636.4832022429696,1581.8899213457817
-0.0035000000000000031,-0.016500000000000001,2853.4589615127106,1712.0753769076264
-0.0029999999999999992,-0.016500000000000001,3082.3849921886172,1849.4309953131701
-0.0025000000000000022,-0.016500000000000001,3314.4104687512322,1988.6462812507393
-0.0019999999999999983,-0.016500000000000001,3536.522803251074,2121.9136819506443
-0.0015000000000000013,-0.016500000000000001,3733.0594010294353,2239.8356406176613
-0.00099999999999999742,-0.016500000000000001,3887.9431556639029,2332.7658933983416
-0.00050000000000000044,-0.016500000000000001,3987.2280004573468,2392.3368002744078
0,-0.016500000000000001,4021.4411839599993,2412.8647103759995
0.00050000000000000044,-0.016500000000000001,3987.2279990260713,2392.3367994156429
0.0010000000000000009,-0.016500000000000001,3887.943152285075,2332.7658913710447
0.0015000000000000013,-0.016500000000000001,3733.0593945522851,2239.8356367313709
0.0020000000000000018,-0.016500000000000001,3536.5227916468307,2121.9136749880981
0.0024999999999999988,-0.016500000000000001,3314.4104487338,1988.6462692402799
0.0030000000000000027,-0.016500000000000001,3082.3849586924703,1849.430975215482
0.0034999999999999996,-0.016500000000000001,2853.458907035169,1712.0753442211014
0.0040000000000000036,-0.016500000000000001,2636.4831160846061,1581.8898696507636
0.0045000000000000005,-0.016500000000000001,2435.5851137276245,1461.3510682365747
0.0049999999999999975,-0.016500000000000001,2250.5610391619439,1350.3366234971663
0.0055000000000000014,-0.016500000000000001,2078.0214382314507,1246.8128629388705
0.0059999999999999984,-0.016500000000000001,1912.9554528884735,1147.7732717330841
0.0064999999999999988,-0.016500000000000001,1750.3336124860073,1050.2001674916044
0.0069999999999999993,-0.016500000000000001,1586.4159985774368,951.84959914646197
0.0074999999999999997,-0.016500000000000001,1419.5468043648418,851.72808261890509
0.0080000000000000002,-0.016500000000000001,1250.3615653970744,750.21693923824466
0.0085000000000000006,-0.016500000000000001,1081.4707488021625,648.88244928129745
0.0090000000000000011,-0.016500000000000001,916.78223967326119,550.06934380395671
0.0095000000000000015,-0.016500000000000001,760.66954253350491,456.40172552010296
0.010000000000000002,-0.016500000000000001,617.18247651500246,370.30948590900147
0.010500000000000002,-0.016500000000000001,489.44623617806047,293.6677417068363
0.011000000000000003,-0.016500000000000001,379.32351765158739,227.59411059095243
0.011500000000000003,-0.016500000000000001,287.34394469518645,172.40636681711186
0.012000000000000004,-0.016500000000000001,212.85115980904752,127.71069588542851
0.012499999999999997,-0.016500000000000001,154.28861425444225,92.573168552665351
0.013000000000000005,-0.016500000000000001,109.54026027744403,65.724156166466415
0.013499999999999998,-0.016500000000000001,76.256130333692226,45.753678200215333
0.014000000000000005,-0.016500000000000001,52.116578713773499,31.269947228264098
0.014499999999999999,-0.016500000000000001,35.014422259870251,21.008653355922149
0.014999999999999999,-0.016500000000000001,23.155292860127172,13.893175716076303
0.0155,-0.016500000000000001,15.090204325088589,9.054122595053153
0.016000000000000007,-0.016500000000000001,9.7003982217412705,5.8202389330447621
0.016500000000000001,-0.016500000000000001,6.1545589675904715,3.6927353805542826
0.017000000000000001,-0.016500000000000001,3.8548288396540067,2.3128973037924041
0.017500000000000002,-0.016500000000000001,2.3829503622230832,1.4297702173338498
0.017999999999999995,-0.016500000000000001,1.4529509290986786,0.87177055745920717
0.018500000000000003,-0.016500000000000001,0.87295144223318888,0.52377086533991335
0.019000000000000003,-0.016500000000000001,0.51618373806367102,0.30971024283820259
0.019500000000000003,-0.016500000000000001,0.2999897782849561,0.17999386697097366
0.019999999999999997,-0.016500000000000001,0.17111697023082675,0.10267018213849605
0.020499999999999997,-0.016500000000000001,0.095670737490338262,0.057402442494202954
0.021000000000000005,-0.016500000000000001,0.052362710015399119,0.031417626009239467
0.021500000000000005,-0.016500000000000001,0.028024408770361463,0.016814645262216876
0.021999999999999999,-0.016500000000000001,0.014652082750085954,0.0087912496500515726
0.022499999999999999,-0.016500000000000001,0.0074774025016737158,0.0044864415010042293
0.023000000000000007,-0.016500000000000001,0.0037221110642673733,0.002233266638560424
0.023500000000000007,-0.016500000000000001,0.0018062023235239193,0.0010837213941143516
0.024,-0.016500000000000001,0.00085404153070663916,0.0005124249184239835
0.024500000000000001,-0.016500000000000001,0.00039333525360020347,0.00023600115216012207
0.025000000000000001,-0.016500000000000001,0.00017639491665781499,0.00010583694999468899
-0.025000000000000001,-0.016,0.00031131303359600826,0.00018678782015760494
-0.024500000000000001,-0.016,0.00069342533884188848,0.00041605520330513306
-0.024,-0.016,0.0015036337908389428,0.00090218027450336561
-0.0235,-0.016,0.0031748946318283233,0.0019049367790969938
-0.023,-0.016,0.0065296946508231236,0.0039178167904938737
-0.022500000000000003,-0.016,0.013085685979240459,0.0078514115875442745
-0.022000000000000002,-0.016,0.025564818453957749,0.015338891072374648
-0.021500000000000002,-0.016,0.048716918112404549,0.029230150867442729
-0.021000000000000001,-0.016,0.090616806123111737,0.054370083673867038
-0.020500000000000001,-0.016,0.16466046219299571,0.098796277315797418
-0.02,-0.016,0.29257965461345975,0.17554779276807583
-0.0195,-0.016,0.50893065226754031,0.30535839136052417
-0.019,-0.016,0.86771125619352341,0.520626753716114
-0.018500000000000003,-0.016,1.4520419849174884,0.871225190950493
-0.018000000000000002,-0.016,2.3882188404519269,1.432931304271156
-0.017500000000000002,-0.016,3.8658739618793145,2.3195243771275886
-0.017000000000000001,-0.016,6.1663562864284085,3.6998137718570447
-0.016500000000000001,-0.016,9.7015384273174234,5.8209230563904537
-0.016,-0.016,15.064699069245032,9.0388194415470196
-0.0155,-0.016,23.093441320091053,13.856064792054632
-0.015000000000000001,-0.016,34.941310701223181,20.964786420733908
-0.014500000000000001,-0.016,52.149627032779641,31.289776219667782
-0.014,-0.016,76.70434509122245,46.02260705473347
-0.0135,-0.016,111.055682006106,66.633409203663589
-0.012999999999999999,-0.016,158.07301029480246,94.843806176881472
-0.012500000000000001,-0.016,220.90720211270249,132.54432126762148
-0.012,-0.016,302.74050967259285,181.64430580355571
-0.0115,-0.016,406.42247077039497,243.85348246223697
-0.010999999999999999,-0.016,534.01904119133371,320.41142471480021
-0.010499999999999999,-0.016,686.33719391049829,411.80231634629894
-0.010000000000000002,-0.016,862.52037628707319,517.51222577224394
-0.0095000000000000015,-0.016,1059.8300716017752,635.89804296106513
-0.0090000000000000011,-0.016,1273.7234148207397,764.23404889244375
-0.0085000000000000006,-0.016,1498.2981427569453,898.97888565416713
-0.0080000000000000002,-0.016,1727.1038298799604,1036.2622979279761
-0.0074999999999999997,-0.016,1954.2229435722188,1172.5337661433311
-0.0069999999999999993,-0.016,2175.428134658921,1305.2568807953526
-0.0064999999999999988,-0.016,2389.1516743285315,1433.4910045971189
-0.0059999999999999984,-0.016,2596.9868989320948,1558.1921393592568
-0.0054999999999999979,-0.016,2803.4981505649935,1682.0988903389959
-0.005000000000000001,-0.016,3015.2455083861655,1809.1473050316993
-0.0044999999999999971,-0.016,3239.1123558784116,1943.4674135270468
-0.0040000000000000001,-0.016,3480.2167544509325,2088.1300526705595
-0.0035000000000000031,-0.016,3739.8402467985666,2243.9041480791398
-0.0029999999999999992,-0.016,4013.871686534625,2408.3230119207751
-0.0025000000000000022,-0.016,4292.2085343958624,2575.3251206375176
-0.0019999999999999983,-0.016,4559.3828155382844,2735.6296893229705
-0.0015000000000000013,-0.016,4796.4161610129986,2877.8496966077992
-0.00099999999999999742,-0.016,4983.6184845377247,2990.1710907226347
-0.00050000000000000044,-0.016,5103.801473458685,3062.2808840752109
0,-0.016,5145.2479407874825,3087.1487644724893
0.00050000000000000044,-0.016,5103.8014699285222,3062.2808819571133
0.0010000000000000009,-0.016,4983.6184762040348,2990.1710857224207
0.0015000000000000013,-0.016,4796.4161450374668,2877.8496870224799
0.0020000000000000018,-0.016,4559.38278691706,2735.6296721502358
0.0024999999999999988,-0.016,4292.2084850239689,2575.3250910143811
0.0030000000000000027,-0.016,4013.8716039182282,2408.3229623509369
0.0034999999999999996,-0.016,3739.8401124327152,2243.904067459629
0.0040000000000000036,-0.016,3480.2165419460885,2088.1299251676528
0.0045000000000000005,-0.016,3239.1120290165954,1943.4672174099571
0.0049999999999999975,-0.016,3015.2450194070434,1809.147011644226
0.0055000000000000014,-0.016,2803.4974391037176,1682.0984634622305
0.0059999999999999984,-0.016,2596.9858921207579,1558.1915352724548
0.0064999999999999988,-0.016,2389.1502885906389,1433.4901731543832
0.0069999999999999993,-0.016,2175.4262796315315,1305.2557677789189
0.0074999999999999997,-0.016,1954.2205283571086,1172.5323170142651
0.0080000000000000002,-0.016,1727.1007714568238,1036.2604628740942
0.0085000000000000006,-0.016,1498.2943759307007,898.97662555842032
0.0090000000000000011,-0.016,1273.718902604865,764.23134156291894
0.0095000000000000015,-0.016,1059.8248145722637,635.89488874335814
0.010000000000000002,-0.016,862.51441929221437,517.5086515753286
0.010500000000000002,-0.016,686.33062867513775,411.79837720508266
0.011000000000000003,-0.016,534.01200383342746,320.40720230005644
0.011500000000000003,-0.016,406.41513399468892,243.84908039681335
0.012000000000000004,-0.016,302.73307028630046,181.63984217178026
0.012499999999999997,-0.016,220.89986533699818,132.53991920219889
0.013000000000000005,-0.016,158.06597293689646,94.839583762137877
0.013499999999999998,-0.016,111.04911677074665,66.629470062447993
0.014000000000000005,-0.016,76.698388096363729,46.019032857818239
0.014499999999999999,-0.016,52.144370003268456,31.286622001961071
0.014999999999999999,-0.016,34.936798485347957,20.962079091208775
0.0155,-0.016,23.089674493845646,13.853804696307387
0.016000000000000007,-0.016,15.06164064610665,9.0369843876639901
0.016500000000000001,-0.016,9.6991232122022488,5.8194739273213489
0.017000000000000001,-0.016,6.1645012590246573,3.6987007554147944
0.017500000000000002,-0.016,3.8644882239451572,2.3186929343670943
0.017999999999999995,-0.016,2.3872120290010663,1.4323272174006398
0.018500000000000003,-0.016,1.4513305233396008,0.8707983140037604
0.019000000000000003,-0.016,0.86722227627876647,0.52033336576725986
0.019500000000000003,-0.016,0.50860378844584575,0.30516227306750743
0.019999999999999997,-0.016,0.29236714481851184,0.17542028689110709
0.020499999999999997,-0.016,0.16452608445857636,0.098715650675145816
0.021000000000000005,-0.016,0.090534162006551427,0.054320497203930854
0.021500000000000005,-0.016,0.048667483306559949,0.029200489983935967
0.021999999999999999,-0.016,0.025536058380667838,0.015321635028400702
0.022499999999999999,-0.016,0.013069412387802948,0.0078416474326817691
0.023000000000000007,-0.016,0.0065207386712805345,0.0039124432027683202
0.023500000000000007,-0.016,0.0031701008414245662,0.0019020605048547397
0.024,-0.016,0.0015011381547635745,0.00090068289285814471
0.024500000000000001,-0.016,0.00069216170941073995,0.00041529702564644397
0.025000000000000001,-0.016,0.00031069074122831085,0.0001864144447369865
-0.025000000000000001,-0.0155,0.00053411643514816127,0.00032046986108889673
-0.024500000000000001,-0.0155,0.0011887620509228021,0.0007132572305536812
-0.024,-0.0155,0.0025752087302029487,0.0015451252381217691
-0.0235,-0.0155,0.0054308974469806665,0.0032585384681884
-0.023,-0.0155,0.011152627085902424,0.0066915762515414546
-0.022500000000000003,-0.0155,0.022307991973523272,0.013384795184113963
-0.022000000000000002,-0.0155,0.043479558213835985,0.02608773492830159
-0.021500000000000002,-0.0155,0.082613978079015798,0.049568386847409475
-0.021000000000000001,-0.0155,0.15311364912679612,0.091868189476077666
-0.020500000000000001,-0.0155,0.27699195294807671,0.16619517176884602
-0.02,-0.0155,0.4895229125421508,0.29371374752529045
-0.0195,-0.0155,0.84596834651580477,0.5075810079094828
-0.019,-0.0155,1.4311856330505561,0.85871137983033363
-0.018500000000000003,-0.0155,2.3732373543755423,1.4239424126253253
-0.018000000000000002,-0.0155,3.8625593267631042,2.3175355960578625
-0.017500000000000002,-0.0155,6.1787694155535666,3.70726164933214
-0.017000000000000001,-0.0155,9.7276920409889467,5.836615224593368
-0.016500000000000001,-0.0155,15.091351075154099,9.0548106450924593
-0.016,-0.0155,23.093069443288535,13.85584166597312
-0.0155,-0.0155,34.877761204340644,20.926656722604385
-0.015000000000000001,-0.0155,52.003343433514303,31.20200606010858
-0.014500000000000001,-0.0155,76.532541049988026,45.919524629992814
-0.014,-0.0155,111.10552742633044,66.663316455798267
-0.0135,-0.0155,158.96431822520796,95.378590935124777
-0.012999999999999999,-0.0155,223.89252013787222,134.33551208272334
-0.012500000000000001,-0.0155,310.03306194113998,186.01983716468399
-0.012,-0.0155,421.55638167089404,252.93382900253641
-0.0115,-0.0155,562.17543970127053,337.30526382076232
-0.010999999999999999,-0.0155,734.5418295469841,440.72509772819046
-0.010499999999999999,-0.0155,939.6040637982079,563.76243827892472
-0.010000000000000002,-0.0155,1176.0540141539766,705.63240849238593
-0.0095000000000000015,-0.0155,1440.0152981808028,864.00917890848166
-0.0090000000000000011,-0.0155,1725.122216686013,1035.0733300116078
-0.0085000000000000006,-0.0155,2023.0884521174785,1213.8530712704871
-0.0080000000000000002,-0.0155,2324.7704039141049,1394.8622423484628
-0.0074999999999999997,-0.0155,2621.6044078938894,1572.9626447363337
-0.0069999999999999993,-0.0155,2907.1681661447774,1744.3008996868664
-0.0064999999999999988,-0.0155,3178.5217168430327,1907.1130301058195
-0.0059999999999999984,-0.0155,3436.9588602314307,2062.1753161388583
-0.0054999999999999979,-0.0155,3687.8702018244949,2212.7221210946968
-0.005000000000000001,-0.0155,3939.5847952640011,2363.7508771584007
-0.0044999999999999971,-0.0155,4201.2913703645754,2520.7748222187452
-0.0040000000000000001,-0.0155,4480.3896324920206,2688.2337794952123
-0.0035000000000000031,-0.0155,4779.8207621051934,2867.8924572631158
-0.0029999999999999992,-0.0155,5096.0117882240647,3057.6070729344387
-0.0025000000000000022,-0.0155,5418.0019683751643,3250.8011810250987
-0.0019999999999999983,-0.0155,5728.0995281713685,3436.8597169028212
-0.0015000000000000013,-0.0155,6004.0856530143483,3602.4513918086091
-0.00099999999999999742,-0.0155,6222.6162668146808,3733.5697600888084
-0.00050000000000000044,-0.0155,6363.1640830008409,3817.8984498005043
0,-0.0155,6411.6779261051415,3847.0067556630847
0.00050000000000000044,-0.0155,6363.1640745324248,3817.8984447194548
0.0010000000000000009,-0.0155,6222.6162468232014,3733.5697480939207
0.0015000000000000013,-0.0155,6004.085614691041,3602.4513688146244
0.0020000000000000018,-0.0155,5728.0994595126249,3436.8596757075748
0.0024999999999999988,-0.0155,5418.0018499381504,3250.8011099628902
0.0030000000000000027,-0.0155,5096.0115900376368,3057.6069540225822
0.0034999999999999996,-0.0155,4779.820439778272,2867.8922638669633
0.0040000000000000036,-0.0155,4480.3891227194026,2688.2334736316416
0.0045000000000000005,-0.0155,4201.2905862638436,2520.7743517583062
0.0049999999999999975,-0.0155,3939.5836222640655,2363.750173358439
0.0055000000000000014,-0.0155,3687.8684951176197,2212.7210970705719
0.0059999999999999984,-0.0155,3436.9564450165872,2062.1738670099521
0.0064999999999999988,-0.0155,3178.5183926306377,1907.1110355783826
0.0069999999999999993,-0.0155,2907.1637161654039,1744.2982296992423
0.0074999999999999997,-0.0155,2621.5986140940322,1572.9591684564193
0.0080000000000000002,-0.0155,2324.763067138404,1394.8578402830424
0.0085000000000000006,-0.0155,2023.0794159710631,1213.8476495826378
0.0090000000000000011,-0.0155,1725.1113924428282,1035.0668354656968
0.0095000000000000015,-0.0155,1440.0026872225881,864.00161233355277
0.010000000000000002,-0.0155,1176.0397240661844,705.62383443971055
0.010500000000000002,-0.0155,939.58831461730358,563.7529887703821
0.011000000000000003,-0.0155,734.52494780296843,440.71496868178104
0.011500000000000003,-0.0155,562.15783969129313,337.29470381477586
0.012000000000000004,-0.0155,421.53853551091589,252.92312130654952
0.012499999999999997,-0.0155,310.01546193116457,186.00927715869872
0.013000000000000005,-0.0155,223.87563839385754,134.32538303631452
0.013499999999999998,-0.0155,158.9485690443052,95.369141426583113
0.014000000000000005,-0.0155,111.09123733853788,66.654742403122725
0.014499999999999999,-0.0155,76.519930091773915,45.911958055064346
0.014999999999999999,-0.0155,51.992519190330079,31.195511514198046
0.0155,-0.0155,34.868725057923825,20.921235034754293
0.016000000000000007,-0.0155,23.08573266758345,13.851439600550069
0.016500000000000001,-0.0155,15.085557275284661,9.0513343651707956
0.017000000000000001,-0.0155,9.7232420615804589,5.8339452369482752
0.017500000000000002,-0.0155,6.1754452030593985,3.705267121835639
0.017999999999999995,-0.0155,3.8601441116479305,2.3160864669887582
0.018500000000000003,-0.0155,2.371530646773734,1.4229183880642404
0.019000000000000003,-0.0155,1.4300126312137966,0.85800757872827793
0.019500000000000003,-0.0155,0.84518424096945122,0.50711054458167071
0.019999999999999997,-0.0155,0.48901312804532304,0.29340787682719383
0.020499999999999997,-0.0155,0.27666959752091808,0.16600175851255083
0.021000000000000005,-0.0155,0.15291539619738773,0.09174923771843263
0.021500000000000005,-0.0155,0.082495390144613101,0.049497234086767858
0.021999999999999999,-0.0155,0.043410566384567931,0.026046339830740759
0.022499999999999999,-0.0155,0.022268953657079579,0.013361372194247748
0.023000000000000007,-0.0155,0.011131142807844418,0.0066786856847066509
0.023500000000000007,-0.0155,0.0054193977416166538,0.0032516386449699922
0.024,-0.0155,0.0025692220104790147,0.0015415332062874087
0.024500000000000001,-0.0155,0.0011857307614996848,0.00071143845689981085
0.025000000000000001,-0.0155,0.00053262363336166777,0.00031957418001700064
-0.025000000000000001,-0.015000000000000001,0.00089206154489964579,0.00053523692693978743
-0.024500000000000001,-0.015000000000000001,0.0019841080388309307,0.0011904648232985585
-0.024,-0.015000000000000001,0.004294684060720806,0.0025768104364324836
-0.0235,-0.015000000000000001,0.009048112966894473,0.005428867780136684
-0.023,-0.015000000000000001,0.018557891640474056,0.011134734984284434
-0.022500000000000003,-0.015000000000000001,0.037063603159888756,0.022238161895933254
-0.022000000000000002,-0.015000000000000001,0.072101807833812634,0.043261084700287576
-0.021500000000000002,-0.015000000000000001,0.13667455061711689,0.082004730370270132
-0.021000000000000001,-0.015000000000000001,0.25256573578761649,0.1515394414725699
-0.020500000000000001,-0.015000000000000001,0.45525483969460978,0.27315290381676588
-0.02,-0.015000000000000001,0.80099336051282832,0.48059601630769699
-0.0195,-0.015000000000000001,1.3767566831973932,0.82605400991843592
-0.019,-0.015000000000000001,2.3139929203623635,1.388395752217418
-0.018500000000000003,-0.015000000000000001,3.8074049660526081,2.2844429796315646
-0.018000000000000002,-0.015000000000000001,6.1404632090618616,3.684277925437117
-0.017500000000000002,-0.015000000000000001,9.7199490378685631,5.8319694227211381
-0.017000000000000001,-0.015000000000000001,15.122452136963807,9.0734712821782839
-0.016500000000000001,-0.015000000000000001,23.156063844927676,13.893638306956605
-0.016,-0.015000000000000001,34.939932675502241,20.963959605301344
-0.0155,-0.015000000000000001,52.002033995740859,31.201220397444516
-0.015000000000000001,-0.015000000000000001,76.390535507023614,45.834321304214164
-0.014500000000000001,-0.015000000000000001,110.78590420931155,66.471542525586926
-0.014,-0.015000000000000001,158.58967286996432,95.153803721978591
-0.0135,-0.015000000000000001,223.95334408827213,134.37200645296326
-0.012999999999999999,-0.015000000000000001,311.70093391268728,187.02056034761236
-0.012500000000000001,-0.015000000000000001,427.09651375376427,256.25790825225857
-0.012,-0.015000000000000001,575.41975122009399,345.25185073205637
-0.0115,-0.015000000000000001,761.34233451268801,456.80540070761282
-0.010999999999999999,-0.015000000000000001,988.14657909923585,592.88794745954146
-0.010499999999999999,-0.015000000000000001,1256.8881757486056,754.13290544916333
-0.010000000000000002,-0.015000000000000001,1565.6641556993554,939.39849341961326
-0.0095000000000000015,-0.015000000000000001,1909.1850727364856,1145.5110436418913
-0.0090000000000000011,-0.015000000000000001,2278.8463193872035,1367.3077916323221
-0.0085000000000000006,-0.015000000000000001,2663.4324988513063,1598.0594993107836
-0.0080000000000000002,-0.015000000000000001,3050.4693753563838,1830.2816252138302
-0.0074999999999999997,-0.015000000000000001,3428.0771866521641,2056.8463119912985
-0.0069999999999999993,-0.015000000000000001,3787.0126622390035,2272.2075973434021
-0.0064999999999999988,-0.015000000000000001,4122.4625625981207,2473.4775375588724
-0.0059999999999999984,-0.015000000000000001,4435.1159695145798,2661.0695817087476
-0.0054999999999999979,-0.015000000000000001,4731.1269475830668,2838.67616854984
-0.005000000000000001,-0.015000000000000001,5020.7851344689379,3012.4710806813628
-0.0044999999999999971,-0.015000000000000001,5316.0049579411034,3189.6029747646621
-0.0040000000000000001,-0.015000000000000001,5627.0582585527518,3376.2349551316511
-0.0035000000000000031,-0.015000000000000001,5959.2267793456558,3575.5360676073933
-0.0029999999999999992,-0.015000000000000001,6310.1623161755333,3786.09738970532
-0.0025000000000000022,-0.015000000000000001,6668.6646525375381,4001.1987915225227
-0.0019999999999999983,-0.015000000000000001,7015.3193508821805,4209.1916105293085
-0.0015000000000000013,-0.015000000000000001,7325.030643895826,4395.018386337495
-0.00099999999999999742,-0.015000000000000001,7571.0340415822047,4542.620424949323
-0.00050000000000000044,-0.015000000000000001,7729.5937410216957,4637.7562446130169
0,-0.015000000000000001,7784.385034163729,4670.6310204982374
0.00050000000000000044,-0.015000000000000001,7729.5937212635508,4637.75623275813
0.0010000000000000009,-0.015000000000000001,7571.0339949389527,4542.6203969633716
0.0015000000000000013,-0.015000000000000001,7325.0305544815428,4395.0183326889255
0.0020000000000000018,-0.015000000000000001,7015.3191906905668,4209.1915144143395
0.0024999999999999988,-0.015000000000000001,6668.6643762054036,4001.198625723242
0.0030000000000000027,-0.015000000000000001,6310.1618537755194,3786.0971122653114
0.0034999999999999996,-0.015000000000000001,5959.2260273063912,3575.5356163838346
0.0040000000000000036,-0.015000000000000001,5627.0570691732801,3376.234241503968
0.0045000000000000005,-0.015000000000000001,5316.0031285111136,3189.6018771066679
0.0049999999999999975,-0.015000000000000001,5020.782397676101,3012.4694386056603
0.0055000000000000014,-0.015000000000000001,4731.1229655682309,2838.6737793409384
0.0059999999999999984,-0.015000000000000001,4435.1103344395215,2661.0662006637126
0.0064999999999999988,-0.015000000000000001,4122.4548066891957,2473.4728840135172
0.0069999999999999993,-0.015000000000000001,3787.0022797391425,2272.2013678434855
0.0074999999999999997,-0.015000000000000001,3428.0636688083355,2056.8382012850011
0.0080000000000000002,-0.015000000000000001,3050.4522575078936,1830.2713545047361
0.0085000000000000006,-0.015000000000000001,2663.4114161043913,1598.0468496626347
0.0090000000000000011,-0.015000000000000001,2278.8210647300634,1367.2926388380381
0.0095000000000000015,-0.015000000000000001,1909.1556493929311,1145.4933896357586
0.010000000000000002,-0.015000000000000001,1565.6308146831229,939.37848880987372
0.010500000000000002,-0.015000000000000001,1256.8514304392836,754.11085826357009
0.011000000000000003,-0.015000000000000001,988.10719134253145,592.8643148055188
0.011500000000000003,-0.015000000000000001,761.30127092883367,456.78076255730019
0.012000000000000004,-0.015000000000000001,575.37811332967885,345.22686799780729
0.012499999999999997,-0.015000000000000001,427.05545016991277,256.23327010194765
0.013000000000000005,-0.015000000000000001,311.66154615598367,186.99692769359021
0.013499999999999998,-0.015000000000000001,223.91659877895194,134.34995926737116
0.014000000000000005,-0.015000000000000001,158.55633185373068,95.133799112238407
0.014499999999999999,-0.015000000000000001,110.7564808657571,66.453888519454253
0.014999999999999999,-0.015000000000000001,76.365280849881913,45.819168509929149
0.0155,-0.015000000000000001,51.980951248822215,31.188570749293326
0.016000000000000007,-0.015000000000000001,34.922814827002071,20.953688896201243
0.016500000000000001,-0.015000000000000001,23.142546001069164,13.885527600641497
0.017000000000000001,-0.015000000000000001,15.112069637020264,9.0672417822121574
0.017500000000000002,-0.015000000000000001,9.7121931287137677,5.8273158772282603
0.017999999999999995,-0.015000000000000001,6.1348281333693446,3.6808968800216064
0.018500000000000003,-0.015000000000000001,3.8034229495188612,2.2820537697113168
0.019000000000000003,-0.015000000000000001,2.3112561230907418,1.386753673854445
0.019500000000000003,-0.015000000000000001,1.3749272419700465,0.82495634518202787
0.019999999999999997,-0.015000000000000001,0.79980395332154064,0.47988237199292438
0.020499999999999997,-0.015000000000000001,0.45450273392129048,0.27270164035277428
0.021000000000000005,-0.015000000000000001,0.25210318060714537,0.15126190836428721
0.021500000000000005,-0.015000000000000001,0.13639786636552473,0.081838719819314829
0.021999999999999999,-0.015000000000000001,0.071940839074695895,0.043164503444817537
0.022499999999999999,-0.015000000000000001,0.036972520644428242,0.022183512386656945
0.023000000000000007,-0.015000000000000001,0.018507765449935244,0.011104659269961147
0.023500000000000007,-0.015000000000000001,0.0090212823505404771,0.0054127694103242863
0.024,-0.015000000000000001,0.0042807161045821558,0.0025684296627492935
0.024500000000000001,-0.015000000000000001,0.0019770355651461532,0.0011862213390876918
0.025000000000000001,-0.015000000000000001,0.00088857860418436899,0.00053314716251062137
-0.025000000000000001,-0.014500000000000001,0.0014503573856046994,0.00087021443136281961
-0.024500000000000001,-0.014500000000000001,0.0032239886941544012,0.0019343932164926406
-0.024,-0.014500000000000001,0.0069736405623847557,0.0041841843374308529
-0.0235,-0.014500000000000001,0.014679941866450464,0.0088079651198702778
-0.023,-0.014500000000000001,0.030078282272077948,0.018046969363246769
-0.022500000000000003,-0.014500000000000001,0.059996830893617507,0.035998098536170503
-0.022000000000000002,-0.014500000000000001,0.11653449215438227,0.069920695292629356
-0.021500000000000002,-0.014500000000000001,0.22047658527096733,0.13228595116258041
-0.021000000000000001,-0.014500000000000001,0.40645787921934362,0.24387472753160616
-0.020500000000000001,-0.014500000000000001,0.73049263008007559,0.43829557804804536
-0.02,-0.014500000000000001,1.2805935558140804,0.76835613348844822
-0.0195,-0.014500000000000001,2.1913045180758468,1.3147827108455081
-0.019,-0.014500000000000001,3.663108801269312,2.197865280761587
-0.018500000000000003,-0.014500000000000001,5.9879098802155584,3.592745928129335
-0.018000000000000002,-0.014500000000000001,9.5821922795181784,5.7493153677109072
-0.017500000000000002,-0.014500000000000001,15.03009822660257,9.0180589359615411
-0.017000000000000001,-0.014500000000000001,23.139413874709394,13.883648324825636
-0.016500000000000001,-0.014500000000000001,35.014007378091613,21.008404426854966
-0.016,-0.014500000000000001,52.145901072056809,31.287540643234085
-0.0155,-0.014500000000000001,76.527824799396058,45.916694879637632
-0.015000000000000001,-0.014500000000000001,110.78154750722611,66.468928504335665
-0.014500000000000001,-0.014500000000000001,158.28758473781377,94.972550842688264
-0.014,-0.014500000000000001,223.28814717064307,133.97288830238583
-0.0135,-0.014500000000000001,310.91943951745731,186.55166371047437
-0.012999999999999999,-0.014500000000000001,427.11611745226838,256.269670471361
-0.012500000000000001,-0.014500000000000001,578.32663487880995,346.99598092728598
-0.012,-0.014500000000000001,770.9910832068706,462.59464992412234
-0.0115,-0.014500000000000001,1010.7689744134433,606.46138464806597
-0.010999999999999999,-0.014500000000000001,1301.5641518169352,780.93849109016116
-0.010499999999999999,-0.014500000000000001,1644.4702260502131,986.68213563012785
-0.010000000000000002,-0.014500000000000001,2036.8355927497012,1222.1013556498206
-0.0095000000000000015,-0.014500000000000001,2471.6974762829591,1483.0184857697755
-0.0090000000000000011,-0.014500000000000001,2937.8330324158783,1762.699819449527
-0.0085000000000000006,-0.014500000000000001,3420.6029446466118,2052.3617667879671
-0.0080000000000000002,-0.014500000000000001,3903.6164814833623,2342.1698888900173
-0.0074999999999999997,-0.014500000000000001,4371.047264689224,2622.6283588135343
-0.0069999999999999993,-0.014500000000000001,4810.2200908119439,2886.1320544871664
-0.0064999999999999988,-0.014500000000000001,5213.9303258366472,3128.3581955019881
-0.0059999999999999984,-0.014500000000000001,5581.9074395869902,3349.144463752194
-0.0054999999999999979,-0.014500000000000001,5920.9322004478445,3552.5593202687064
-0.005000000000000001,-0.014500000000000001,6243.3654802088504,3746.0192881253101
-0.0044999999999999971,-0.014500000000000001,6564.2037150540991,3938.5222290324591
-0.0040000000000000001,-0.014500000000000001,6897.1607588939032,4138.2964553363418
-0.0035000000000000031,-0.014500000000000001,7250.5862578020115,4350.3517546812063
-0.0029999999999999992,-0.014500000000000001,7624.171686026295,4574.5030116157768
-0.0025000000000000022,-0.014500000000000001,8007.3076509526145,4804.3845905715689
-0.0019999999999999983,-0.014500000000000001,8379.638322715251,5027.78299362915
-0.0015000000000000013,-0.014500000000000001,8713.873198730802,5228.3239192384808
-0.00099999999999999742,-0.014500000000000001,8980.3771868087879,5388.2263120852722
-0.00050000000000000044,-0.014500000000000001,9152.6050160934756,5491.5630096560853
0,-0.014500000000000001,9212.199081666382,5527.3194489998286
0.00050000000000000044,-0.014500000000000001,9152.6049712575295,5491.5629827545172
0.0010000000000000009,-0.014500000000000001,8980.3770809641137,5388.2262485784677
0.0015000000000000013,-0.014500000000000001,8713.8729958284421,5228.3237974970652
0.0020000000000000018,-0.014500000000000001,8379.6379592022295,5027.7827755213375
0.0024999999999999988,-0.014500000000000001,8007.3070238890141,4804.3842143334086
0.0030000000000000027,-0.014500000000000001,7624.1706367302459,4574.5023820381475
0.0034999999999999996,-0.014500000000000001,7250.5845512453307,4350.3507307471982
0.0040000000000000036,-0.014500000000000001,6897.1580599078643,4138.2948359447182
0.0045000000000000005,-0.014500000000000001,6564.1995636405891,3938.5197381843532
0.0049999999999999975,-0.014500000000000001,6243.359269772357,3746.015561863414
0.0055000000000000014,-0.014500000000000001,5920.9231643052826,3552.5538985831695
0.0059999999999999984,-0.014500000000000001,5581.8946522560327,3349.1367913536196
0.0064999999999999988,-0.014500000000000001,5213.9127258271938,3128.3476354963163
0.0069999999999999993,-0.014500000000000001,4810.1965304404257,2886.1179182642554
0.0074999999999999997,-0.014500000000000001,4371.0165894735255,2622.6099536841152
0.0080000000000000002,-0.014500000000000001,3903.5776369974114,2342.1465821984466
0.0085000000000000006,-0.014500000000000001,3420.55510285932,2052.3330617155921
0.0090000000000000011,-0.014500000000000001,2937.7757235680374,1762.6654341408223
0.0095000000000000015,-0.014500000000000001,2471.630707690168,1482.9784246141007
0.010000000000000002,-0.014500000000000001,2036.7599340220656,1222.0559604132393
0.010500000000000002,-0.014500000000000001,1644.3868421686166,986.63210530116987
0.011000000000000003,-0.014500000000000001,1301.4747715912158,780.88486295472944
0.011500000000000003,-0.014500000000000001,1010.6757913357347,606.40547480144085
0.012000000000000004,-0.014500000000000001,770.89659689043106,462.53795813425859
0.012499999999999997,-0.014500000000000001,578.23345180110493,346.94007108066296
0.013000000000000005,-0.014500000000000001,427.02673722655015,256.21604233593007
0.013499999999999998,-0.014500000000000001,310.83605563586428,186.50163338151856
0.014000000000000005,-0.014500000000000001,223.21248844300638,133.92749306580382
0.014499999999999999,-0.014500000000000001,158.22081614502181,94.932489687013089
0.014999999999999999,-0.014500000000000001,110.72423865938313,66.434543195629871
0.0155,-0.014500000000000001,76.47998301209752,45.887989807258514
0.016000000000000007,-0.014500000000000001,52.107056586084006,31.264233951650404
0.016500000000000001,-0.014500000000000001,34.983332162328317,20.989999297396988
0.017000000000000001,-0.014500000000000001,23.115853503006267,13.86951210180376
0.017500000000000002,-0.014500000000000001,15.012498216626508,9.0074989299759043
0.017999999999999995,-0.014500000000000001,9.5694049471210629,5.7416429682726378
0.018500000000000003,-0.014500000000000001,5.9788737337987019,3.5873242402792211
0.019000000000000003,-0.014500000000000001,3.6568983547154041,2.1941390128292424
0.019500000000000003,-0.014500000000000001,2.1871530790621589,1.3122918474372953
0.019999999999999997,-0.014500000000000001,1.277894506867731,0.76673670412063855
0.020499999999999997,-0.014500000000000001,0.72878592247826457,0.43727155348695873
0.021000000000000005,-0.014500000000000001,0.40540823105711588,0.24324493863426952
0.021500000000000005,-0.014500000000000001,0.2198487226321677,0.13190923357930062
0.021999999999999999,-0.014500000000000001,0.11616921560075873,0.069701529360455233
0.022499999999999999,-0.014500000000000001,0.059790142915618572,0.035874085749371142
0.023000000000000007,-0.014500000000000001,0.029964533975658521,0.017978720385395112
0.023500000000000007,-0.014500000000000001,0.014619056790817443,0.0087714340744904657
0.024,-0.014500000000000001,0.006941943934371436,0.0041651663606228611
0.024500000000000001,-0.014500000000000001,0.0032079395624636168,0.00192476373747817
0.025000000000000001,-0.014500000000000001,0.0014424537613987837,0.00086547225683927017
-0.025000000000000001,-0.014,0.0022956709121857281,0.0013774025473114368
-0.024500000000000001,-0.014,0.0051002939760438157,0.0030601763856262895
-0.024,-0.014,0.011025378041333193,0.0066152268247999151
-0.0235,-0.014,0.023192307976478723,0.013915384785887233
-0.023,-0.014,0.0474785451351677,0.02848712708110062
-0.022500000000000003,-0.014,0.094605984284044431,0.056763590570426653
-0.022000000000000002,-0.014,0.18352275316565775,0.11011365189939465
-0.021500000000000002,-0.014,0.34666925678871935,0.20800155407323159
-0.021000000000000001,-0.014,0.6378601774215793,0.38271610645294757
-0.020500000000000001,-0.014,1.1436244650795091,0.68617467904770546
-0.02,-0.014,1.9989002076734184,1.1993401246040509
-0.0195,-0.014,3.4079745122430132,2.0447847073458076
-0.019,-0.014,5.6715244147153054,3.4029146488291833
-0.018500000000000003,-0.014,9.2206437661732874,5.5323862597039719
-0.018000000000000002,-0.014,14.658970544652977,8.7953823267917866
-0.017500000000000002,-0.014,22.814586962936207,13.688752177761724
-0.017000000000000001,-0.014,34.80424906578687,20.882549439472122
-0.016500000000000001,-0.014,52.113408119390876,31.268044871634523
-0.016,-0.014,76.695634382377321,46.017380629426391
-0.0155,-0.014,111.09313452261188,66.655880713567129
-0.015000000000000001,-0.014,158.57442243277455,95.144653459664724
-0.014500000000000001,-0.014,223.27445264621886,133.96467158773132
-0.014,-0.014,310.30643627852953,186.18386176711772
-0.0135,-0.014,425.79521855186823,255.47713113112093
-0.012999999999999999,-0.014,576.76473160478849,346.0588389628731
-0.012500000000000001,-0.014,770.80493190802542,462.48295914481525
-0.012,-0.014,1015.4565631850238,609.27393791101429
-0.0115,-0.014,1317.2930845701594,790.37585074209562
-0.010999999999999999,-0.014,1680.750101925614,1008.4500611553683
-0.010499999999999999,-0.014,2106.8453733722404,1264.1072240233441
-0.010000000000000002,-0.014,2592.026589097783,1555.2159534586697
-0.0095000000000000015,-0.014,3127.4494405549322,1876.4696643329592
-0.0090000000000000011,-0.014,3698.9920354683918,2219.395221281035
-0.0085000000000000006,-0.014,4288.2288119542663,2572.9372871725595
-0.0080000000000000002,-0.014,4874.4132744658291,2924.6479646794974
-0.0074999999999999997,-0.014,5437.2781232571733,3262.3668739543041
-0.0069999999999999993,-0.014,5960.2065376634118,3576.1239225980471
-0.0064999999999999988,-0.014,6433.13128333439,3859.8787700006337
-0.0059999999999999984,-0.014,6854.4505255002468,4112.6703153001481
-0.0054999999999999979,-0.014,7231.3586907192384,4338.8152144315427
-0.005000000000000001,-0.014,7578.2814639152439,4546.9688783491465
-0.0044999999999999971,-0.014,7913.5266818879327,4748.1160091327592
-0.0040000000000000001,-0.014,8254.7210555622096,4952.8326333373252
-0.0035000000000000031,-0.014,8613.9751040298397,5168.385062417904
-0.0029999999999999992,-0.014,8993.8924921961043,5396.3354953176622
-0.0025000000000000022,-0.014,9385.4450193524335,5631.2670116114596
-0.0019999999999999983,-0.014,9768.3687267662135,5861.0212360597279
-0.0015000000000000013,-0.014,10114.173127427843,6068.5038764567053
-0.00099999999999999742,-0.014,10391.22820831014,6234.736924986084
-0.00050000000000000044,-0.014,10570.863440167977,6342.5180641007864
0,-0.014,10633.123580665282,6379.8741483991689
0.00050000000000000044,-0.014,10570.863341211827,6342.518004727096
0.0010000000000000009,-0.014,10391.227974703343,6234.7367848220056
0.0015000000000000013,-0.014,10114.172679607769,6068.503607764661
0.0020000000000000018,-0.014,9768.3679244668765,5861.0207546801257
0.0024999999999999988,-0.014,9385.4436353780366,5631.2661812268216
0.0030000000000000027,-0.014,8993.8901763243757,5396.3341057946254
0.0034999999999999996,-0.014,8613.9713375366846,5168.3828025220109
0.0040000000000000036,-0.014,8254.7150987061996,4952.8290592237199
0.0045000000000000005,-0.014,7913.5175194201838,4748.1105116521103
0.0049999999999999975,-0.014,7578.2677570358946,4546.960654221537
0.0055000000000000014,-0.014,7231.3387473036719,4338.8032483822026
0.0059999999999999984,-0.014,6854.4223029424929,4112.6533817654954
0.0064999999999999988,-0.014,6433.0924388495696,3859.8554633097415
0.0069999999999999993,-0.014,5960.154538231468,3576.0927229388808
0.0074999999999999997,-0.014,5437.2104208531637,3262.326252511898
0.0080000000000000002,-0.014,4874.3275418956946,2924.5965251374168
0.0085000000000000006,-0.014,4288.123221693927,2572.8739330163562
0.0090000000000000011,-0.014,3698.8655507255376,2219.3193304353226
0.0095000000000000015,-0.014,3127.3020774756146,1876.3812464853686
0.010000000000000002,-0.014,2591.8596048524137,1555.1157629114482
0.010500000000000002,-0.014,2106.661339157296,1263.9968034943774
0.011000000000000003,-0.014,1680.5528333485593,1008.3317000091355
0.011500000000000003,-0.014,1317.08742282566,790.25245369539596
0.012000000000000004,-0.014,1015.2480250990508,609.14881505943049
0.012499999999999997,-0.014,770.59927016353026,462.35956209811815
0.013000000000000005,-0.014,576.56746302773456,345.94047781664074
0.013499999999999998,-0.014,425.61118433692803,255.36671060215681
0.014000000000000005,-0.014,310.13945203315853,186.08367121989511
0.014499999999999999,-0.014,223.12708956689983,133.8762537401399
0.014999999999999999,-0.014,158.44793768991534,95.068762613949204
0.0155,-0.014,110.9875442622569,66.592526557354134
0.016000000000000007,-0.014,76.609901812195147,45.965941087317084
0.016500000000000001,-0.014,52.045705715241994,31.227423429145194
0.017000000000000001,-0.014,34.752249633435639,20.851349780061383
0.017500000000000002,-0.014,22.775742476963622,13.665445486178173
0.017999999999999995,-0.014,14.630747983722456,8.7784487902334725
0.018500000000000003,-0.014,9.2007003420949367,5.5204202052569622
0.019000000000000003,-0.014,5.6578175131638471,3.3946905078983081
0.019500000000000003,-0.014,3.3988119882016954,2.0392871929210172
0.019999999999999997,-0.014,1.9929432128149833,1.19576592768899
0.020499999999999997,-0.014,1.1398576388340673,0.68391458330044042
0.021000000000000005,-0.014,0.63554352854642326,0.38132611712785397
0.021500000000000005,-0.014,0.34528351885455272,0.20717011131273164
0.021999999999999999,-0.014,0.18271656157925262,0.10962993694755156
0.022499999999999999,-0.014,0.094149809073178076,0.056489885443906845
0.023000000000000007,-0.014,0.047227494476067326,0.028336496685640394
0.023500000000000007,-0.014,0.023057930242058083,0.013834758145234849
0.024,-0.014,0.010955421306995226,0.0065732527841971351
0.024500000000000001,-0.014,0.0050648723898241233,0.003038923433894474
0.025000000000000001,-0.014,0.0022782270459597055,0.0013669362275758232
-0.025000000000000001,-0.0135,0.0035380927465244686,0.002122855647914681
-0.024500000000000001,-0.0135,0.0078563999513322508,0.0047138399707993507
-0.024,-0.0135,0.016973334831733196,0.010184000899039918
-0.0235,-0.0135,0.035680415605543983,0.021408249363326391
-0.023,-0.0135,0.072987872690396263,0.043792723614237757
-0.022500000000000003,-0.0135,0.14530475576838386,0.087182853461030316
-0.022000000000000002,-0.0135,0.28156691823702129,0.16894015094221276
-0.021500000000000002,-0.0135,0.53117546505848834,0.31870527903509299
-0.021000000000000001,-0.0135,0.97578152323821554,0.58546891394292933
-0.020500000000000001,-0.0135,1.7460460022822235,1.047627601369334
-0.02,-0.0135,3.0444583466720854,1.8266750080032512
-0.0195,-0.0135,5.1750835716854588,3.1050501430112751
-0.019,-0.0135,8.5807518690089868,5.1484511214053921
-0.018500000000000003,-0.0135,13.887836675604921,8.3327020053629521
-0.018000000000000002,-0.0135,21.958614395938728,13.175168637563237
-0.017500000000000002,-0.0135,33.951533406168899,20.370920043701339
-0.017000000000000001,-0.0135,51.390702778321419,30.834421666992849
-0.016500000000000001,-0.0135,76.247352682169122,45.748411609301471
-0.016,-0.0135,111.03711524432275,66.622269146593652
-0.0155,-0.0135,158.93616592131463,95.361699552788778
-0.015000000000000001,-0.0135,223.91440342304099,134.34864205382459
-0.014500000000000001,-0.0135,310.87285562563511,186.52371337538105
-0.014,-0.0135,425.75455835363033,255.45273501217818
-0.0135,-0.0135,575.57516350308106,345.34509810184863
-0.012999999999999999,-0.0135,768.29730292668853,460.97838175601311
-0.012500000000000001,-0.0135,1012.4610900052461,607.47665400314759
-0.012,-0.0135,1316.4941834074084,789.89651004444499
-0.0115,-0.0135,1687.669080495622,1012.6014482973732
-0.010999999999999999,-0.0135,2130.7563009089977,1278.4537805453986
-0.010499999999999999,-0.0135,2646.5312415690478,1587.9187449414287
-0.010000000000000002,-0.0135,3230.4063270100969,1938.2437962060581
-0.0095000000000000015,-0.0135,3871.5427858980515,2322.925671538831
-0.0090000000000000011,-0.0135,4552.808019815232,2731.6848118891389
-0.0085000000000000006,-0.0135,5251.8543441397533,3151.1126064838518
-0.0080000000000000002,-0.0135,5943.3957760207413,3566.0374656124445
-0.0074999999999999997,-0.0135,6602.478329520537,3961.4869977123221
-0.0069999999999999993,-0.0135,7208.2374199546557,4324.9424519727936
-0.0064999999999999988,-0.0135,7747.3979915209648,4648.4387949125785
-0.0059999999999999984,-0.0135,8216.6837794730418,4930.0102676838251
-0.0054999999999999979,-0.0135,8623.4192223274786,5174.0515333964868
-0.005000000000000001,-0.0135,8983.9370826027243,5390.3622495616346
-0.0044999999999999971,-0.0135,9319.8904188550496,5591.9342513130296
-0.0040000000000000001,-0.0135,9653.0977629872305,5791.8586577923379
-0.0035000000000000031,-0.0135,9999.9849559044978,5999.9909735426982
-0.0029999999999999992,-0.0135,10366.895562492276,6220.1373374953655
-0.0025000000000000022,-0.0135,10747.443169249327,6448.4659015495963
-0.0019999999999999983,-0.0135,11122.670489289972,6673.6022935739829
-0.0015000000000000013,-0.0135,11464.145403747802,6878.4872422486806
-0.00099999999999999742,-0.0135,11739.415029509086,7043.6490177054511
-0.00050000000000000044,-0.0135,11918.63801057152,7151.182806342912
0,-0.0135,11980.885339189994,7188.5312035139959
0.00050000000000000044,-0.0135,11918.637798151467,7151.1826788908802
0.0010000000000000009,-0.0135,11739.414528046889,7043.6487168281337
0.0015000000000000013,-0.0135,11464.144442453686,6878.4866654722109
0.0020000000000000018,-0.0135,11122.668767067857,6673.6012602407136
0.0024999999999999988,-0.0135,10747.440198398914,6448.4641190393477
0.0030000000000000027,-0.0135,10366.890591223659,6220.1343547341949
0.0034999999999999996,-0.0135,9999.9768707204257,5999.9861224322549
0.0040000000000000036,-0.0135,9653.0849759528883,5791.850985571733
0.0045000000000000005,-0.0135,9319.8707506291321,5591.9224503774794
0.0049999999999999975,-0.0135,8983.9076593068276,5390.3445955840962
0.0055000000000000014,-0.0135,8623.3764116334933,5174.0258469800956
0.0059999999999999984,-0.0135,8216.6231967067852,4929.9739180240713
0.0064999999999999988,-0.0135,7747.3146076418479,4648.3887645851082
0.0069999999999999993,-0.0135,7208.1257975617318,4324.8754785370393
0.0074999999999999997,-0.0135,6602.332999003268,3961.3997994019605
0.0080000000000000002,-0.0135,5943.2117418059033,3565.927045083542
0.0085000000000000006,-0.0135,5251.6276832496651,3150.9766099497988
0.0090000000000000011,-0.0135,4552.5365066633003,2731.5219039979802
0.0095000000000000015,-0.0135,3871.2264551435187,2322.735873086111
0.010000000000000002,-0.0135,3230.047877304939,1938.0287263829632
0.010500000000000002,-0.0135,2646.1361922640126,1587.6817153584075
0.011000000000000003,-0.0135,2130.3328426173157,1278.1997055703894
0.011500000000000003,-0.0135,1687.2276053641524,1012.3365632184914
0.012000000000000004,-0.0135,1316.0465338985243,789.62792033911455
0.012499999999999997,-0.0135,1012.0196148737817,607.21176892426899
0.013000000000000005,-0.0135,767.87384463500757,460.72430678100454
0.013499999999999998,-0.0135,575.18011419804986,345.1080685188299
0.014000000000000005,-0.0135,425.39610864846958,255.23766518908172
0.014499999999999999,-0.0135,310.55652487110007,186.33391492266003
0.014999999999999999,-0.0135,223.64289027109885,134.18573416265932
0.0155,-0.0135,158.70950503119246,95.225703018715478
0.016000000000000007,-0.0135,110.85308102938113,66.511848617628672
0.016500000000000001,-0.0135,76.102022164598694,45.661213298759215
0.017000000000000001,-0.0135,51.279080384523489,30.767448230714091
0.017500000000000002,-0.0135,33.86814952457528,20.320889714745167
0.017999999999999995,-0.0135,21.898031622863495,13.138818973718097
0.018500000000000003,-0.0135,13.845025963343362,8.3070155780060162
0.019000000000000003,-0.0135,8.5513285254541742,5.1307971152725047
0.019500000000000003,-0.0135,5.1554152249270997,3.0932491349562596
0.019999999999999997,-0.0135,3.0316710142748997,1.8190026085649398
0.020499999999999997,-0.0135,1.73796010319592,1.0427760619175519
0.021000000000000005,-0.0135,0.97080858639368628,0.58248515183621175
0.021500000000000005,-0.0135,0.5282008290212451,0.31692049741274703
0.021999999999999999,-0.0135,0.27983634098520732,0.16790180459112439
0.022499999999999999,-0.0135,0.14432552644364388,0.086595315866186323
0.023000000000000007,-0.0135,0.072448965354946743,0.043469379212968041
0.023500000000000007,-0.0135,0.035391959295331947,0.021235175577199169
0.024,-0.0135,0.016823165151104033,0.01009389909066242
0.024500000000000001,-0.0135,0.0077803636934890338,0.0046682182160934201
0.025000000000000001,-0.0135,0.0035006476049681988,0.0021003885629809192
-0.025000000000000001,-0.012999999999999999,0.0053109315934074565,0.003186558956044474
-0.024500000000000001,-0.012999999999999999,0.011786281716916973,0.007071769030150183
-0.024,-0.012999999999999999,0.02544832270799572,0.015268993624797431
-0.0235,-0.012999999999999999,0.053461312946022896,0.032076787767613739
-0.023,-0.012999999999999999,0.10928167594860257,0.065569005569161537
-0.022500000000000003,-0.012999999999999999,0.21738050625297858,0.13042830375178716
-0.022000000000000002,-0.012999999999999999,0.42083221523182718,0.25249932913909628
-0.021500000000000002,-0.012999999999999999,0.79300562335518376,0.47580337401311024
-0.021000000000000001,-0.012999999999999999,1.454801834515044,0.87288110070902636
-0.020500000000000001,-0.012999999999999999,2.5989315992353816,1.5593589595412289
-0.02,-0.012999999999999999,4.5225063805770311,2.7135038283462185
-0.0195,-0.012999999999999999,7.6686562401966061,4.6011937441179631
-0.019,-0.012999999999999999,12.677001742112258,7.6062010452673547
-0.018500000000000003,-0.012999999999999999,20.441772166016165,12.265063299609698
-0.018000000000000002,-0.012999999999999999,32.175541944373528,19.305325166624115
-0.017500000000000002,-0.012999999999999999,49.476445393505351,29.68586723610321
-0.017000000000000001,-0.012999999999999999,74.397760501524729,44.638656300914839
-0.016500000000000001,-0.012999999999999999,109.5209699541646,65.712581972498754
-0.016,-0.012999999999999999,158.03607206822042,94.821643240932246
-0.0155,-0.012999999999999999,223.83422411515207,134.30053446909125
-0.015000000000000001,-0.012999999999999999,311.61499130584338,186.96899478350602
-0.014500000000000001,-0.012999999999999999,427.0005480031424,256.20032880188541
-0.014,-0.012999999999999999,576.63034168047329,345.97820500828396
-0.0135,-0.012999999999999999,768.18329654597255,460.9099779275835
-0.012999999999999999,-0.012999999999999999,1010.2466862602246,606.14801175613468
-0.012500000000000001,-0.012999999999999999,1311.9326239368229,787.15957436209374
-0.012,-0.012999999999999999,1682.1493644920772,1009.2896186952463
-0.0115,-0.012999999999999999,2128.4788450795386,1277.087307047723
-0.010999999999999999,-0.012999999999999999,2655.7000568847525,1593.4200341308515
-0.010499999999999999,-0.012999999999999999,3264.1217808253577,1958.4730684952146
-0.010000000000000002,-0.012999999999999999,3948.022067243352,2368.8132403460113
-0.0095000000000000015,-0.012999999999999999,4694.594291751042,2816.7565750506251
-0.0090000000000000011,-0.012999999999999999,5483.8234628312084,3290.2940776987248
-0.0085000000000000006,-0.012999999999999999,6289.6241039138904,3773.7744623483341
-0.0080000000000000002,-0.012999999999999999,7082.3517245386065,4249.4110347231635
-0.0074999999999999997,-0.012999999999999999,7832.482142422783,4699.4892854536693
-0.0069999999999999993,-0.012999999999999999,8514.9058765659247,5108.943525939555
-0.0064999999999999988,-0.012999999999999999,9113.0051811886169,5467.8031087131703
-0.0059999999999999984,-0.012999999999999999,9621.5671617004118,5772.9402970202473
-0.0054999999999999979,-0.012999999999999999,10047.705257502561,6028.6231545015362
-0.005000000000000001,-0.012999999999999999,10409.322228835725,6245.593337301435
-0.0044999999999999971,-0.012999999999999999,10731.188419667289,6438.7130518003733
-0.0040000000000000001,-0.012999999999999999,11039.304603775074,6623.582762265044
-0.0035000000000000031,-0.012999999999999999,11354.711502457634,6812.8269014745802
-0.0029999999999999992,-0.012999999999999999,11688.15134876722,7012.8908092603315
-0.0025000000000000022,-0.012999999999999999,12036.889603787698,7222.1337622726187
-0.0019999999999999983,-0.012999999999999999,12384.563553381922,7430.7381320291533
-0.0015000000000000013,-0.012999999999999999,12704.23107416693,7622.5386445001577
-0.00099999999999999742,-0.012999999999999999,12964.015338804353,7778.4092032826111
-0.00050000000000000044,-0.012999999999999999,13134.080470347399,7880.4482822084392
0,-0.012999999999999999,13193.307974994617,7915.98478499677
0.00050000000000000044,-0.012999999999999999,13134.080026856711,7880.4480161140264
0.0010000000000000009,-0.012999999999999999,12964.014291851337,7778.4085751108023
0.0015000000000000013,-0.012999999999999999,12704.229067176615,7622.5374403059686
0.0020000000000000018,-0.012999999999999999,12384.55995772576,7430.7359746354559
0.0024999999999999988,-0.012999999999999999,12036.883401244768,7222.1300407468607
0.0030000000000000027,-0.012999999999999999,11688.140969750211,7012.8845818501268
0.0034999999999999996,-0.012999999999999999,11354.694622206423,6812.8167733238542
0.0040000000000000036,-0.012999999999999999,11039.277906998614,6623.5667441991682
0.0045000000000000005,-0.012999999999999999,10731.147356335736,6438.6884138014411
0.0049999999999999975,-0.012999999999999999,10409.260798864347,6245.5564793186077
0.0055000000000000014,-0.012999999999999999,10047.615877315,6028.5695263890002
0.0059999999999999984,-0.012999999999999999,9621.4406769717843,5772.8644061830701
0.0064999999999999988,-0.012999999999999999,9112.8310922855562,5467.6986553713332
0.0069999999999999993,-0.012999999999999999,8514.672831280117,5108.8036987680698
0.0074999999999999997,-0.012999999999999999,7832.1787212986983,4699.3072327792188
0.0080000000000000002,-0.012999999999999999,7081.967497816062,4249.1804986896368
0.0085000000000000006,-0.012999999999999999,6289.1508811981912,3773.4905287189144
0.0090000000000000011,-0.012999999999999999,5483.2565975415928,3289.9539585249554
0.0095000000000000015,-0.012999999999999999,4693.9338562490893,2816.3603137494533
0.010000000000000002,-0.012999999999999999,3947.2736957759594,2368.3642174655756
0.010500000000000002,-0.012999999999999999,3263.2969966956853,1957.9781980174112
0.011000000000000003,-0.012999999999999999,2654.8159604590514,1592.8895762754307
0.011500000000000003,-0.012999999999999999,2127.5571330870353,1276.5342798522211
0.012000000000000004,-0.012999999999999999,1681.2147616314262,1008.7288569788557
0.012499999999999997,-0.012999999999999999,1311.0109119443246,786.60654716659474
0.013000000000000005,-0.012999999999999999,1009.3625898345235,605.61755390071414
0.013499999999999998,-0.012999999999999999,767.35851241630405,460.4151074497824
0.014000000000000005,-0.012999999999999999,575.8819702130769,345.52918212784613
0.014499999999999999,-0.012999999999999999,426.34011250118408,255.80406750071043
0.014999999999999999,-0.012999999999999999,311.04812601620478,186.62887560972285
0.0155,-0.012999999999999999,223.36100139938421,134.01660083963051
0.016000000000000007,-0.012999999999999999,157.65184534546341,94.591107207278043
0.016500000000000001,-0.012999999999999999,109.21754882945453,65.530529297672715
0.017000000000000001,-0.012999999999999999,74.164715213892137,44.498829128335281
0.017500000000000002,-0.012999999999999999,49.30235648527885,29.581413891167308
0.017999999999999995,-0.012999999999999999,32.049057201513925,19.229434320908354
0.018500000000000003,-0.012999999999999999,20.352391940299,12.211435164179401
0.019000000000000003,-0.012999999999999999,12.615571671240874,7.5693430027445237
0.019500000000000003,-0.012999999999999999,7.6275926563439453,4.5765555938063667
0.019999999999999997,-0.012999999999999999,4.4958089818278886,2.697485389096733
0.020499999999999997,-0.012999999999999999,2.5820498552213045,1.5492299131327827
0.021000000000000005,-0.012999999999999999,1.4444193345714418,0.86665160074286507
0.021500000000000005,-0.012999999999999999,0.78679517680127609,0.47207710608076564
0.021999999999999999,-0.012999999999999999,0.41721911521043276,0.25033146912625964
0.022499999999999999,-0.012999999999999999,0.21533607079627817,0.12920164247776689
0.023000000000000007,-0.012999999999999999,0.10815654495361232,0.064893926972167393
0.023500000000000007,-0.012999999999999999,0.05285907372237348,0.031715444233424088
0.024,-0.012999999999999999,0.025134798376316714,0.015080879025790028
0.024500000000000001,-0.012999999999999999,0.011627533181102099,0.0069765199086612596
0.025000000000000001,-0.012999999999999999,0.0052327536087978521,0.003139652165278711
-0.025000000000000001,-0.012500000000000001,0.0077676577756039819,0.004660594665362389
-0.024500000000000001,-0.012500000000000001,0.017226990155879637,0.010336194093527781
-0.024,-0.012500000000000001,0.037170828387732155,0.022302497032639292
-0.0235,-0.012500000000000001,0.078033938838358449,0.046820363303015068
-0.023,-0.012500000000000001,0.1593947965478357,0.095636877928701416
-0.022500000000000003,-0.012500000000000001,0.31681249306768866,0.19008749584061319
-0.022000000000000002,-0.012500000000000001,0.61278115461902682,0.36766869277141606
-0.021500000000000002,-0.012500000000000001,1.1535389554033781,0.69212337324202688
-0.021000000000000001,-0.012500000000000001,2.1137126463636497,1.2682275878181899
-0.020500000000000001,-0.012500000000000001,3.7707450435442857,2.2624470261265714
-0.02,-0.012500000000000001,6.5505612219718268,3.9303367331830961
-0.0195,-0.012500000000000001,11.084838426175866,6.6509030557055189
-0.019,-0.012500000000000001,18.278550647133958,10.967130388280374
-0.018500000000000003,-0.012500000000000001,29.384401718416541,17.630641031049922
-0.018000000000000002,-0.012500000000000001,46.078893756930476,27.647336254158287
-0.017500000000000002,-0.012500000000000001,70.533920207683124,42.320352124609876
-0.017000000000000001,-0.012500000000000001,105.47877611616045,63.287265669696268
-0.016500000000000001,-0.012500000000000001,154.25078060478629,92.550468362871769
-0.016,-0.012500000000000001,220.83775837684567,132.50265502610739
-0.0155,-0.012500000000000001,309.92041465775918,185.9522487946555
-0.015000000000000001,-0.012500000000000001,426.92365115647152,256.15419069388292
-0.014500000000000001,-0.012500000000000001,578.07886936320187,346.84732161792112
-0.014,-0.012500000000000001,770.48104629989609,462.28862777993766
-0.0135,-0.012500000000000001,1012.0950156273806,607.2570093764283
-0.012999999999999999,-0.012500000000000001,1311.630828027992,786.9784968167952
-0.012500000000000001,-0.012500000000000001,1678.1808189297749,1006.9084913578649
-0.012,-0.012500000000000001,2120.5084857270426,1272.3050914362254
-0.0115,-0.012500000000000001,2645.9187025609372,1587.5512215365623
-0.010999999999999999,-0.012500000000000001,3258.7295373445036,1955.237722406702
-0.010499999999999999,-0.012500000000000001,3958.5014385316358,2375.1008631189816
-0.010000000000000002,-0.012500000000000001,4738.332543316129,2842.9995259896773
-0.0095000000000000015,-0.012500000000000001,5583.653195040114,3350.1919170240685
-0.0090000000000000011,-0.012500000000000001,6471.9939519008531,3883.1963711405115
-0.0085000000000000006,-0.012500000000000001,7374.1143009815933,4424.4685805889558
-0.0080000000000000002,-0.012500000000000001,8256.6482435201015,4953.9889461120611
-0.0074999999999999997,-0.012500000000000001,9086.0764262252469,5451.645855735148
-0.0069999999999999993,-0.012500000000000001,9833.4476585041448,5900.0685951024871
-0.0064999999999999988,-0.012500000000000001,10478.952849345846,6287.371709607507
-0.0059999999999999984,-0.012500000000000001,11015.312087028948,6609.187252217368
-0.0054999999999999979,-0.012500000000000001,11449.0481311566,6869.4288786939596
-0.005000000000000001,-0.012500000000000001,11799.099932164347,7079.4599592986078
-0.0044999999999999971,-0.012500000000000001,12092.811890527702,7255.6871343166213
-0.0040000000000000001,-0.012500000000000001,12359.98283999245,7415.9897039954694
-0.0035000000000000031,-0.012500000000000001,12626.20116076046,7575.7206964562756
-0.0029999999999999992,-0.012500000000000001,12906.968649023387,7744.1811894140319
-0.0025000000000000022,-0.012500000000000001,13204.026033191789,7922.415619915073
-0.0019999999999999983,-0.012500000000000001,13504.832507635036,8102.8995045810207
-0.0015000000000000013,-0.012500000000000001,13785.418672931924,8271.251203759155
-0.00099999999999999742,-0.012500000000000001,14016.006514071511,8409.6039084429067
-0.00050000000000000044,-0.012500000000000001,14168.085918951227,8500.8515513707353
0,-0.012500000000000001,14221.245147196183,8532.7470883177102
0.00050000000000000044,-0.012500000000000001,14168.085018397218,8500.8510110383304
0.0010000000000000009,-0.012500000000000001,14016.004388124438,8409.602632874663
0.0015000000000000013,-0.012500000000000001,13785.414597529167,8271.2487585175004
0.0020000000000000018,-0.012500000000000001,13504.825206280912,8102.8951237685469
0.0024999999999999988,-0.012500000000000001,13204.013438282707,7922.4080629696236
0.0030000000000000027,-0.012500000000000001,12906.94757334894,7744.1685440093634
0.0034999999999999996,-0.012500000000000001,12626.166883653195,7575.7001301919172
0.0040000000000000036,-0.012500000000000001,12359.928629408807,7415.957177645284
0.0045000000000000005,-0.012500000000000001,12092.728507158436,7255.6371042950614
0.0049999999999999975,-0.012500000000000001,11798.975192212813,7079.3851153276873
0.0055000000000000014,-0.012500000000000001,11448.866635381581,6869.3199812289486
0.0059999999999999984,-0.012500000000000001,11015.055246620841,6609.0331479725046
0.0064999999999999988,-0.012500000000000001,10478.59934370611,6287.1596062236658
0.0069999999999999993,-0.012500000000000001,9832.974435792079,5899.784661475247
0.0074999999999999997,-0.012500000000000001,9085.4602980476739,5451.2761788286043
0.0080000000000000002,-0.012500000000000001,8255.8680311632615,4953.5208186979571
0.0085000000000000006,-0.012500000000000001,7373.1533729964722,4423.8920237978828
0.0090000000000000011,-0.012500000000000001,6470.8428729215175,3882.5057237529104
0.0095000000000000015,-0.012500000000000001,5582.312112004287,3349.3872672025723
0.010000000000000002,-0.012500000000000001,4736.8128971486367,2842.0877382891817
0.010500000000000002,-0.012500000000000001,3956.8266284990868,2374.0959770994518
0.011000000000000003,-0.012500000000000001,3256.9342875206557,1954.1605725123934
0.011500000000000003,-0.012500000000000001,2644.047070413043,1586.4282422478257
0.012000000000000004,-0.012500000000000001,2118.6106773294791,1271.1664063976875
0.012499999999999997,-0.012500000000000001,1676.3091867818871,1005.7855120691322
0.013000000000000005,-0.012500000000000001,1309.8355782041453,785.90134692248716
0.013499999999999998,-0.012500000000000001,1010.4202055948344,606.2521233569006
0.014000000000000005,-0.012500000000000001,768.96140013239653,461.3768400794379
0.014499999999999999,-0.012500000000000001,576.73778632736162,346.04267179641698
0.014999999999999999,-0.012500000000000001,425.77257217709058,255.46354330625434
0.0155,-0.012500000000000001,308.95948667249962,185.37569200349978
0.016000000000000007,-0.012500000000000001,220.05754601957892,132.03452761174734
0.016500000000000001,-0.012500000000000001,153.63465242594424,92.180791455566535
0.017000000000000001,-0.012500000000000001,105.00555340039213,63.003332040235279
0.017500000000000002,-0.012500000000000001,70.180414557459684,42.108248734475808
0.017999999999999995,-0.012500000000000001,45.822053319917735,27.49323199195064
0.018500000000000003,-0.012500000000000001,29.202905865917081,17.521743519550249
0.019000000000000003,-0.012500000000000001,18.153810493565985,10.89228629613959
0.019500000000000003,-0.012500000000000001,11.00145454458214,6.6008727267492837
0.019999999999999997,-0.012500000000000001,6.4963493747023282,3.8978096248213969
0.020499999999999997,-0.012500000000000001,3.736464904990938,2.2418789429945627
0.021000000000000005,-0.012500000000000001,2.0926298994448636,1.255577939666918
0.021500000000000005,-0.012500000000000001,1.1409279971890842,0.68455679831345051
0.021999999999999999,-0.012500000000000001,0.60544437891402936,0.36326662734841758
0.022499999999999999,-0.012500000000000001,0.31266105405400707,0.18759663243240424
0.023000000000000007,-0.012500000000000001,0.15711010094015848,0.094266060564095089
0.023500000000000007,-0.012500000000000001,0.076811029403662162,0.046086617642197299
0.024,-0.012500000000000001,0.036534184595430029,0.021920510757258017
0.024500000000000001,-0.012500000000000001,0.016904634728719184,0.01014278083723151
0.025000000000000001,-0.012500000000000001,0.0076089092397891101,0.0045653455438734655
-0.025000000000000001,-0.012,0.011075916805993692,0.0066455500835962151
-0.024500000000000001,-0.012,0.024544148093684603,0.014726488856210761
-0.024,-0.012,0.052917304250638113,0.031750382550382865
-0.0235,-0.012,0.11100374901396512,0.066602249408379069
-0.023,-0.012,0.22655902828602473,0.13593541697161482
-0.022500000000000003,-0.012,0.44993369451452248,0.26996021670871345
-0.022000000000000002,-0.012,0.86949313491005586,0.52169588094603347
-0.021500000000000002,-0.012,1.6351990466535653,0.98111942799213914
-0.021000000000000001,-0.012,2.9930210318960477,1.7958126191376287
-0.020500000000000001,-0.012,5.3326828243259072,3.1996096945955443
-0.02,-0.012,9.2503573852048042,5.5502144311228827
-0.0195,-0.012,15.626075650892101,9.3756453905352597
-0.019,-0.012,25.712766162231414,15.427659697338848
-0.018500000000000003,-0.012,41.23032076004398,24.738192456026386
-0.018000000000000002,-0.012,64.454695389313528,38.672817233588113
-0.017500000000000002,-0.012,98.290076587106739,58.974045952264042
-0.017000000000000001,-0.012,146.31302248507643,87.787813491045853
-0.016500000000000001,-0.012,212.78225596953837,127.66935358172302
-0.016,-0.012,302.616252252175,181.569751351305
-0.0155,-0.012,421.35074628761305,252.81044777256781
-0.015000000000000001,-0.012,575.09538671527105,345.05723202916261
-0.014500000000000001,-0.012,770.50711894033373,462.30427136420019
-0.014,-0.012,1014.7821932524886,608.86931595149315
-0.0135,-0.012,1315.6372805537837,789.38236833227018
-0.012999999999999999,-0.012,1681.2080826393812,1008.7248495836287
-0.012500000000000001,-0.012,2119.7544534448361,1271.8526720669017
-0.012,-0.012,2639.0446815210362,1583.4268089126217
-0.0115,-0.012,3245.3198309683717,1947.191898581023
-0.010999999999999999,-0.012,3941.8258801497464,2365.0955280898479
-0.010499999999999999,-0.012,4727.0434280628633,2836.2260568377178
-0.010000000000000002,-0.012,5592.91473084677,3355.7488385080619
-0.0095000000000000015,-0.012,6523.515893511295,3914.1095361067769
-0.0090000000000000011,-0.012,7494.6867215614948,4496.8120329368967
-0.0085000000000000006,-0.012,8475.0587712674496,5085.0352627604698
-0.0080000000000000002,-0.012,9428.6913116955457,5657.2147870173276
-0.0074999999999999997,-0.012,10319.161527599357,6191.496916559614
-0.0069999999999999993,-0.012,11114.537791426137,6668.7226748556823
-0.0064999999999999988,-0.012,11792.308856790529,7075.3853140743167
-0.0059999999999999984,-0.012,12343.168501555052,7405.9011009330306
-0.0054999999999999979,-0.012,12772.651336048446,7663.5908016290668
-0.005000000000000001,-0.012,13099.999226222881,7859.9995357337284
-0.0044999999999999971,-0.012,13354.24200213603,8012.5452012816177
-0.0040000000000000001,-0.012,13568.158603770944,8140.8951622625664
-0.0035000000000000031,-0.012,13771.363647437434,8262.818188462461
-0.0029999999999999992,-0.012,13984.069455272984,8390.4416731637903
-0.0025000000000000022,-0.012,14212.998498247654,8527.7990989485916
-0.0019999999999999983,-0.012,14450.459332766222,8670.2755996597334
-0.0015000000000000013,-0.012,14676.851720839451,8806.1110325036698
-0.00099999999999999742,-0.012,14866.019512490944,8919.6117074945669
-0.00050000000000000044,-0.012,14992.144454439182,8995.2866726635093
0,-0.012,15036.466565143775,9021.8799390862641
0.00050000000000000044,-0.012,14992.142675867857,8995.2856055207139
0.0010000000000000009,-0.012,14866.0153137994,8919.6091882796391
0.0015000000000000013,-0.012,14676.843672022374,8806.106203213425
0.0020000000000000018,-0.012,14450.444912777029,8670.2669476662177
0.0024999999999999988,-0.012,14212.97362362168,8527.7841741730081
0.0030000000000000027,-0.012,13984.027831350524,8390.4166988103134
0.0034999999999999996,-0.012,13771.295951020003,8262.777570612001
0.0040000000000000036,-0.012,13568.051539243268,8140.8309235459601
0.0045000000000000005,-0.012,13354.077322096695,8012.4463932580165
0.0049999999999999975,-0.012,13099.752867982545,7859.8517207895266
0.0055000000000000014,-0.012,12772.292886496314,7663.3757318977878
0.0059999999999999984,-0.012,12342.661248263628,7405.5967489581762
0.0064999999999999988,-0.012,11791.610692118496,7074.9664152710975
0.0069999999999999993,-0.012,11113.603188572795,6668.1619131436773
0.0074999999999999997,-0.012,10317.944690076352,6190.7668140458109
0.0080000000000000002,-0.012,9427.1504120803766,5656.2902472482256
0.0085000000000000006,-0.012,8473.1609628701626,5083.8965777220974
0.0090000000000000011,-0.012,7492.4133697736888,4495.4480218642129
0.0095000000000000015,-0.012,6520.8672885312508,3912.5203731187503
0.010000000000000002,-0.012,5589.9134682108288,3353.9480809264974
0.010500000000000002,-0.012,4723.7357207290688,2834.2414324374413
0.011000000000000003,-0.012,3938.2803072830161,2362.9681843698095
0.011500000000000003,-0.012,3241.6234049490367,1944.974042969422
0.012000000000000004,-0.012,2635.2965580725477,1581.1779348435286
0.012499999999999997,-0.012,2116.058027425509,1269.6348164553053
0.013000000000000005,-0.012,1677.6625097726512,1006.5975058635906
0.013499999999999998,-0.012,1312.3295732199915,787.39774393199491
0.014000000000000005,-0.012,1011.7809306165336,607.0685583699202
0.014499999999999999,-0.012,767.85851396026339,460.71510837615801
0.014999999999999999,-0.012,572.82203492737676,343.69322095642605
0.0155,-0.012,419.45293789005029,251.67176273403015
0.016000000000000007,-0.012,301.07535263616256,180.64521158169754
0.016500000000000001,-0.012,211.56541844402329,126.93925106641397
0.017000000000000001,-0.012,145.37841962442627,87.227051774655763
0.017500000000000002,-0.012,97.591911894360777,58.555147136616462
0.017999999999999995,-0.012,63.947442040807026,38.368465224484211
0.018500000000000003,-0.012,40.871871054884082,24.523122632930448
0.019000000000000003,-0.012,25.466407522889135,15.27984451373348
0.019500000000000003,-0.012,15.461394599723478,9.2768367598340866
0.019999999999999997,-0.012,9.1432903618964634,5.485974217137878
0.020499999999999997,-0.012,5.2649804201768866,3.1589882521061319
0.021000000000000005,-0.012,2.951383141481879,1.7708298848891273
0.021500000000000005,-0.012,1.6102927240492464,0.96617563442954779
0.021999999999999999,-0.012,0.85500318898532057,0.51300191339119228
0.022499999999999999,-0.012,0.44173470776110296,0.26504082465666179
0.023000000000000007,-0.012,0.22204681241070984,0.13322808744642589
0.023500000000000007,-0.012,0.1085885338987581,0.065153120339254855
0.024,-0.012,0.051659948908905219,0.030995969345343131
0.024500000000000001,-0.012,0.023907504301382543,0.014344502580829525
0.025000000000000001,-0.012,0.010762392474314651,0.0064574354845887902
-0.025000000000000001,-0.0115,0.015409579593179771,0.0092457477559078627
-0.024500000000000001,-0.0115,0.034112391240578639,0.020467434744347184
-0.024,-0.0115,0.073474169559592559,0.044084501735755531
-0.0235,-0.0115,0.15397889765133616,0.092387338590801685
-0.023,-0.0115,0.31397762484173886,0.18838657490504332
-0.022500000000000003,-0.0115,0.6229585484792135,0.37377512908752808
-0.022000000000000002,-0.0115,1.2027093026696294,0.72162558160177759
-0.021500000000000002,-0.0115,2.2595863112812631,1.3557517867687578
-0.021000000000000001,-0.0115,4.1314165174428537,2.478849910465712
-0.020500000000000001,-0.0115,7.3522026371534963,4.4113215822920973
-0.02,-0.0115,12.736364644152211,7.6418187864913261
-0.0195,-0.0115,21.481371388809972,12.888822833285984
-0.019,-0.0115,35.283209237549542,21.169925542529725
-0.018500000000000003,-0.0115,56.453628558884681,33.872177135330809
-0.018000000000000002,-0.0115,88.022650611919232,52.813590367151541
-0.017500000000000002,-0.0115,133.8062794998819,80.283767699929129
-0.017000000000000001,-0.0115,198.42000413020065,119.05200247812039
-0.016500000000000001,-0.0115,287.22536153127726,172.33521691876635
-0.016,-0.0115,406.20992303483081,243.72595382089847
-0.0155,-0.0115,561.81828354184938,337.09097012510961
-0.015000000000000001,-0.0115,760.76753253273262,456.46051951963955
-0.014500000000000001,-0.0115,1009.887339941094,605.93240396465637
-0.014,-0.0115,1316.0141523221957,789.60849139331742
-0.0135,-0.0115,1685.9366806570119,1011.5620083942072
-0.012999999999999999,-0.0115,2126.3392840452302,1275.8035704271381
-0.012500000000000001,-0.0115,2643.6348294158051,1586.1808976494831
-0.012,-0.0115,3243.5423567015405,1946.1254140209242
-0.0115,-0.0115,3930.2741380932894,2358.1644828559733
-0.010999999999999999,-0.0115,4705.271495790078,2823.1628974740465
-0.010499999999999999,-0.0115,5565.5705991272107,3339.3423594763262
-0.010000000000000002,-0.0115,6502.0631168341652,3901.2378701004991
-0.0095000000000000015,-0.0115,7498.0898788090062,4498.8539272854032
-0.0090000000000000011,-0.0115,8528.9008311839279,5117.3404987103568
-0.0085000000000000006,-0.0115,9562.4696391450434,5737.4817834870255
-0.0080000000000000002,-0.0115,10561.935856246302,6337.1615137477811
-0.0074999999999999997,-0.0115,11489.582913283606,6893.7497479701633
-0.0069999999999999993,-0.0115,12311.824679726782,7387.0948078360689
-0.0064999999999999988,-0.0115,13004.28761888543,7802.5725713312577
-0.0059999999999999984,-0.0115,13555.868952847935,8133.5213717087609
-0.0054999999999999979,-0.0115,13970.719338471879,8382.4316030831269
-0.005000000000000001,-0.0115,14267.465800451828,8560.4794802710967
-0.0044999999999999971,-0.0115,14475.592526696657,8685.3555160179931
-0.0040000000000000001,-0.0115,14629.589923090594,8777.753953854357
-0.0035000000000000031,-0.0115,14762.080029419974,8857.2480176519839
-0.0029999999999999992,-0.0115,14897.454050827813,8938.4724304966876
-0.0025000000000000022,-0.0115,15047.504999158369,9028.5029994950219
-0.0019999999999999983,-0.0115,15210.096194767957,9126.0577168607742
-0.0015000000000000013,-0.0115,15371.174711833377,9222.7048271000258
-0.00099999999999999742,-0.0115,15509.602810980025,9305.7616865880136
-0.00050000000000000044,-0.0115,15603.56046706804,9362.1362802408239
0,-0.0115,15636.863275535288,9382.117965321173
0.00050000000000000044,-0.0115,15603.557050665211,9362.134230399126
0.0010000000000000009,-0.0115,15509.594745842871,9305.7568475057215
0.0015000000000000013,-0.0115,15371.159251108782,9222.6955506652685
0.0020000000000000018,-0.0115,15210.068495855247,9126.0410975131472
0.0024999999999999988,-0.0115,15047.457218256144,9028.4743309536861
0.0030000000000000027,-0.0115,14897.374096718313,8938.4244580309878
0.0034999999999999996,-0.0115,14761.949993458627,8857.1699960751757
0.0040000000000000036,-0.0115,14629.384266139887,8777.630559683932
0.0045000000000000005,-0.0115,14475.276197885727,8685.1657187314358
0.0049999999999999975,-0.0115,14266.992578502495,8560.1955471014971
0.0055000000000000014,-0.0115,13970.030803777183,8382.0184822663086
0.0059999999999999984,-0.0115,13554.894585637634,8132.93675138258
0.0064999999999999988,-0.0115,13002.946535889372,7801.7679215336229
0.0069999999999999993,-0.0115,12310.029429916975,7386.017657950184
0.0074999999999999997,-0.0115,11487.245527597346,6892.3473165584073
0.0080000000000000002,-0.0115,10558.975989677119,6335.3855938062716
0.0085000000000000006,-0.0115,9558.8241974987832,5735.2945184992695
0.0090000000000000011,-0.0115,8524.5340198157701,5114.7204118894615
0.0095000000000000015,-0.0115,7493.0022551518841,4495.8013530911303
0.010000000000000002,-0.0115,6496.2980839572683,3897.7788503743609
0.010500000000000002,-0.0115,5559.2169260770406,3335.5301556462241
0.011000000000000003,-0.0115,4698.4609141704195,2819.0765485022516
0.011500000000000003,-0.0115,3923.1737873031698,2353.9042723819016
0.012000000000000004,-0.0115,3236.3427019134451,1941.8056211480671
0.012499999999999997,-0.0115,2636.5344786256937,1581.9206871754161
0.013000000000000005,-0.0115,2119.5287024255686,1271.7172214553411
0.013499999999999998,-0.0115,1679.5830076068435,1007.7498045641061
0.014000000000000005,-0.0115,1310.2491194452764,786.14947166716581
0.014499999999999999,-0.0115,1004.7997162839182,602.87982977035085
0.014999999999999999,-0.0115,756.40072116440751,453.84043269864452
0.0155,-0.0115,558.17284189506609,334.90370513703965
0.016000000000000007,-0.0115,403.25005646403423,241.95003387842053
0.016500000000000001,-0.0115,284.88797584019397,170.93278550411637
0.017000000000000001,-0.0115,196.6247543063551,117.97485258381306
0.017500000000000002,-0.0115,132.46519646403991,79.479117878423935
0.017999999999999995,-0.0115,87.048283291966925,52.228969975180156
0.018500000000000003,-0.0115,55.765093570239216,33.459056142143531
0.019000000000000003,-0.0115,34.809986521780914,20.885991913068548
0.019500000000000003,-0.0115,21.165040634273861,12.699024380564316
0.019999999999999997,-0.0115,12.530702899654397,7.5184217397926378
0.020499999999999997,-0.0115,7.2221551760983411,4.3332931056590045
0.021000000000000005,-0.0115,4.0514355773253348,2.4308613463952007
0.021500000000000005,-0.0115,2.2117445239825084,1.3270467143895051
0.021999999999999999,-0.0115,1.1748760122270807,0.70492560733624843
0.022499999999999999,-0.0115,0.60720936757627109,0.36432562054576262
0.023000000000000007,-0.0115,0.3053102484657727,0.18318614907946362
0.023500000000000007,-0.0115,0.1493395853908249,0.089603751234494933
0.024,-0.0115,0.071058954444386632,0.042635372666631977
0.024500000000000001,-0.0115,0.032889481805883108,0.019733689083529866
0.025000000000000001,-0.0115,0.014807340369530846,0.0088844042217185067
-0.025000000000000001,-0.010999999999999999,0.020941191568452047,0.012564714941071227
-0.024500000000000001,-0.010999999999999999,0.046295740925829144,0.027777444555497487
-0.024,-0.010999999999999999,0.099589781023648252,0.059753868614188951
-0.0235,-0.010999999999999999,0.20845853791081453,0.12507512274648871
-0.023,-0.010999999999999999,0.42457695719389305,0.25474617431633584
-0.022500000000000003,-0.010999999999999999,0.84145303577659314,0.50487182146595588
-0.022000000000000002,-0.010999999999999999,1.6227443684365703,0.97364662106194211
-0.021500000000000002,-0.010999999999999999,3.0453232942869852,1.827193976572191
-0.021000000000000001,-0.010999999999999999,5.5616511788328049,3.3369907072996829
-0.020500000000000001,-0.010999999999999999,9.8854083102530783,5.9312449861518468
-0.02,-0.010999999999999999,17.102170425732009,10.261302255439205
-0.0195,-0.010999999999999999,28.80271323759893,17.281627942559357
-0.019,-0.010999999999999999,47.23011102659131,28.338066615954784
-0.018500000000000003,-0.010999999999999999,75.423734675221212,45.254240805132724
-0.018000000000000002,-0.010999999999999999,117.3351194894836,70.401071693690156
-0.017500000000000002,-0.010999999999999999,177.88510070835511,106.73106042501307
-0.017000000000000001,-0.010999999999999999,262.93190339690176,157.75914203814105
-0.016500000000000001,-0.010999999999999999,379.12898786802407,227.47739272081444
-0.016,-0.010999999999999999,533.67052082920736,320.20231249752442
-0.0155,-0.010999999999999999,733.94906895016447,440.36944137009868
-0.015000000000000001,-0.010999999999999999,987.1778310295723,592.30669861774334
-0.014500000000000001,-0.010999999999999999,1300.0479792253477,780.02878753520861
-0.014,-0.010999999999999999,1678.488902946463,1007.0933417678777
-0.0135,-0.010999999999999999,2127.5673143585896,1276.5403886151537
-0.012999999999999999,-0.010999999999999999,2651.5011661947474,1590.9006997168483
-0.012500000000000001,-0.010999999999999999,3253.6897999581574,1952.2138799748943
-0.012,-0.010999999999999999,3936.5988616854993,2361.9593170112994
-0.0115,-0.010999999999999999,4701.3199278757065,2820.7919567254239
-0.010999999999999999,-0.010999999999999999,5546.6780278587339,3328.0068167152403
-0.010499999999999999,-0.010999999999999999,6467.8939220260627,3880.7363532156373
-0.010000000000000002,-0.010999999999999999,7455.0009524099696,4473.0005714459812
-0.0095000000000000015,-0.010999999999999999,8491.4158798100489,5094.8495278860291
-0.0090000000000000011,-0.010999999999999999,9553.1961828132298,5731.9177096879375
-0.0085000000000000006,-0.010999999999999999,10609.511878107867,6365.7071268647205
-0.0080000000000000002,-0.010999999999999999,11624.67749402405,6974.8064964144296
-0.0074999999999999997,-0.010999999999999999,12561.742466898295,7537.0454801389769
-0.0069999999999999993,-0.010999999999999999,13387.200282584861,8032.320169550916
-0.0064999999999999988,-0.010999999999999999,14075.969699186815,8445.5818195120883
-0.0059999999999999984,-0.010999999999999999,14615.559903513562,8769.3359421081368
-0.0054999999999999979,-0.010999999999999999,15008.35861074377,9005.015166446261
-0.005000000000000001,-0.010999999999999999,15271.310247335745,9162.7861484014466
-0.0044999999999999971,-0.010999999999999999,15432.822497812294,9259.6934986873766
-0.0040000000000000001,-0.010999999999999999,15527.414574481247,9316.448744688747
-0.0035000000000000031,-0.010999999999999999,15589.216218918349,9353.5297313510091
-0.0029999999999999992,-0.010999999999999999,15645.76860499814,9387.4611629988831
-0.0025000000000000022,-0.010999999999999999,15713.555710817844,9428.1334264907055
-0.0019999999999999983,-0.010999999999999999,15796.29510843185,9477.7770650591101
-0.0015000000000000013,-0.010999999999999999,15886.334635064342,9531.8007810386043
-0.00099999999999999742,-0.010999999999999999,15968.712611197312,9581.2275667183876
-0.00050000000000000044,-0.010999999999999999,16026.754773916542,9616.0528643499256
0,-0.010999999999999999,16047.686972824798,9628.6121836948787
0.00050000000000000044,-0.010999999999999999,16026.748391235775,9616.0490347414652
0.0010000000000000009,-0.010999999999999999,15968.697543537428,9581.2185261224568
0.0015000000000000013,-0.010999999999999999,15886.30575062812,9531.7834503768718
0.0020000000000000018,-0.010999999999999999,15796.243360050155,9477.7460160300925
0.0024999999999999988,-0.010999999999999999,15713.466444340422,9428.0798666042519
0.0030000000000000027,-0.010999999999999999,15645.619231056286,9387.3715386337717
0.0034999999999999996,-0.010999999999999999,15588.973279759242,9353.3839678555451
0.0040000000000000036,-0.010999999999999999,15527.030356714469,9316.2182140286804
0.0045000000000000005,-0.010999999999999999,15432.231517790049,9259.3389106740287
0.0049999999999999975,-0.010999999999999999,15270.426152341932,9162.2556914051584
0.0055000000000000014,-0.010999999999999999,15007.072258583856,9004.2433551503127
0.0059999999999999984,-0.010999999999999999,14613.739545911863,8768.2437275471184
0.0064999999999999988,-0.010999999999999999,14073.46422630085,8444.0785357805089
0.0069999999999999993,-0.010999999999999999,13383.846314385108,8030.3077886310639
0.0074999999999999997,-0.010999999999999999,12557.375655538975,7534.4253933233849
0.0080000000000000002,-0.010999999999999999,11619.147735271632,6971.4886411629786
0.0085000000000000006,-0.010999999999999999,10602.701296489187,6361.6207778935122
0.0090000000000000011,-0.010999999999999999,9545.0379051277978,5727.0227430766781
0.0095000000000000015,-0.010999999999999999,8481.9109474796896,5089.146568487814
0.010000000000000002,-0.010999999999999999,7444.2304530432402,4466.5382718259443
0.010500000000000002,-0.010999999999999999,6456.0236980352402,3873.6142188211438
0.011000000000000003,-0.010999999999999999,5533.9541862800443,3320.3725117680265
0.011500000000000003,-0.010999999999999999,4688.0547262157152,2812.832835729429
0.012000000000000004,-0.010999999999999999,3923.1481357327316,2353.8888814396387
0.012499999999999997,-0.010999999999999999,3240.4245982981752,1944.2547589789051
0.013000000000000005,-0.010999999999999999,2638.7773246160546,1583.2663947696326
0.013499999999999998,-0.010999999999999999,2115.6970903677629,1269.4182542206577
0.014000000000000005,-0.010999999999999999,1667.7184035796956,1000.6310421478173
0.014499999999999999,-0.010999999999999999,1290.5430468948916,774.325828136935
0.014999999999999999,-0.010999999999999999,979.01955334382842,587.41173200629703
0.0155,-0.010999999999999999,727.13848733050577,436.28309239830344
0.016000000000000007,-0.010999999999999999,528.14076207377821,316.88445724426691
0.016500000000000001,-0.010999999999999999,374.7621764996972,224.85730589981833
0.017000000000000001,-0.010999999999999999,259.57793517092091,155.74676110255254
0.017500000000000002,-0.010999999999999999,175.3796277480624,105.22777664883743
0.017999999999999995,-0.010999999999999999,115.51476168292824,69.308857009756935
0.018500000000000003,-0.010999999999999999,74.137381966133589,44.482429179680153
0.019000000000000003,-0.010999999999999999,46.3460146008915,27.807608760534901
0.019500000000000003,-0.010999999999999999,28.21172958422537,16.92703775053522
0.019999999999999997,-0.010999999999999999,16.717943702975472,10.030766221785283
0.020499999999999997,-0.010999999999999999,9.6424476668624575,5.7854686001174747
0.021000000000000005,-0.010999999999999999,5.4122271107866311,3.2473362664719785
0.021500000000000005,-0.010999999999999999,2.9559430685697672,1.7735658411418602
0.021999999999999999,-0.010999999999999999,1.5707449360852419,0.94244696165114505
0.022499999999999999,-0.010999999999999999,0.81202969222180321,0.48721781533308189
0.023000000000000007,-0.010999999999999999,0.4083841663179526,0.24503049979077154
0.023500000000000007,-0.010999999999999999,0.19979116153485002,0.11987469692091
0.024,-0.010999999999999999,0.095077565148335874,0.057046539089001522
0.024500000000000001,-0.010999999999999999,0.04401104531815353,0.026406627190892117
0.025000000000000001,-0.010999999999999999,0.019816060573462902,0.011889636344077741
-0.025000000000000001,-0.010499999999999999,0.027838629851471102,0.016703177910882661
-0.024500000000000001,-0.010499999999999999,0.06143611339887594,0.036861668039325564
-0.024,-0.010499999999999999,0.13194159061382246,0.079164954368293475
-0.0235,-0.010499999999999999,0.27574844067014775,0.16544906440208865
-0.023,-0.010499999999999999,0.56080541587291577,0.33648324952374947
-0.022500000000000003,-0.010499999999999999,1.109883065923589,0.66592983955415341
-0.022000000000000002,-0.010499999999999999,2.1375222020864775,1.2825133212518864
-0.021500000000000002,-0.010499999999999999,4.0060852295566249,2.4036511377339749
-0.021000000000000001,-0.010499999999999999,7.3066790303072686,4.3840074181843613
-0.020500000000000001,-0.010499999999999999,12.969766392732687,7.7818598356396116
-0.02,-0.010499999999999999,22.407230489234543,13.444338293540726
-0.0195,-0.010499999999999999,37.681801342298151,22.609080805378891
-0.019,-0.010499999999999999,61.690866592187184,37.014519955312309
-0.018500000000000003,-0.010499999999999999,98.340491104752047,59.004294662851223
-0.018000000000000002,-0.010499999999999999,152.67404824297046,91.604428945782274
-0.017500000000000002,-0.010499999999999999,230.91178947273835,138.54707368364299
-0.017000000000000001,-0.010499999999999999,340.35752478216284,204.21451486929769
-0.016500000000000001,-0.010499999999999999,489.14068124705409,293.48440874823245
-0.016,-0.010499999999999999,685.78847252619755,411.47308351571854
-0.0155,-0.010499999999999999,938.66150504981022,563.19690302988613
-0.015000000000000001,-0.010499999999999999,1255.3288164570113,753.19728987420672
-0.014500000000000001,-0.010499999999999999,1641.9916135564445,985.19496813386661
-0.014,-0.010499999999999999,2103.0729845417964,1261.8437907250777
-0.0135,-0.010499999999999999,2641.0609668108118,1584.6365800864871
-0.012999999999999999,-0.010499999999999999,3256.6219771978326,1953.9731863186994
-0.012500000000000001,-0.010499999999999999,3948.9036174858916,2369.3421704915349
-0.012,-0.010499999999999999,4715.8493559389735,2829.5096135633839
-0.0115,-0.010499999999999999,5554.2918324265593,3332.5750994559353
-0.010999999999999999,-0.010499999999999999,6459.6131722945247,3875.7679033767145
-0.010499999999999999,-0.010499999999999999,7424.8774732153543,4454.9264839292127
-0.010000000000000002,-0.010499999999999999,8439.537877591727,5063.7227265550364
-0.0095000000000000015,-0.010499999999999999,9488.0472584585841,5692.8283550751503
-0.0090000000000000011,-0.010499999999999999,10548.88006566882,6329.3280394012918
-0.0085000000000000006,-0.010499999999999999,11594.523087336311,6956.7138524017864
-0.0080000000000000002,-0.010499999999999999,12592.862316558907,7555.7173899353438
-0.0074999999999999997,-0.010499999999999999,13510.083315422355,8106.0499892534126
-0.0069999999999999993,-0.010499999999999999,14314.779412982301,8588.8676477893805
-0.0064999999999999988,-0.010499999999999999,14982.543805493202,8989.5262832959215
-0.0059999999999999984,-0.010499999999999999,15500.044413244435,9300.0266479466609
-0.0054999999999999979,-0.010499999999999999,15867.553512647028,9520.5321075882166
-0.005000000000000001,-0.010499999999999999,16099.169320401044,9659.5015922406255
-0.0044999999999999971,-0.010499999999999999,16220.476801694645,9732.2860810167876
-0.0040000000000000001,-0.010499999999999999,16264.022073248465,9758.4132439490786
-0.0035000000000000031,-0.010499999999999999,16263.545453309493,9758.1272719856952
-0.0029999999999999992,-0.010499999999999999,16248.265505787045,9748.9593034722275
-0.0025000000000000022,-0.010499999999999999,16238.521434701697,9743.1128608210183
-0.0019999999999999983,-0.010499999999999999,16243.747695666734,9746.2486174000405
-0.0015000000000000013,-0.010499999999999999,16263.155965740676,9757.893579444406
-0.00099999999999999742,-0.010499999999999999,16288.795575881171,9773.2773455287024
-0.00050000000000000044,-0.010499999999999999,16310.045626275964,9786.0273757655777
0,-0.010499999999999999,16318.229402875799,9790.9376417254789
0.00050000000000000044,-0.010499999999999999,16310.034028534075,9786.0204171204441
0.0010000000000000009,-0.010499999999999999,16288.768196973073,9773.2609181838434
0.0015000000000000013,-0.010499999999999999,16263.103480860411,9757.8620885162454
0.0020000000000000018,-0.010499999999999999,16243.653665525506,9746.1921993153028
0.0024999999999999988,-0.010499999999999999,16238.359231765018,9743.0155390590098
0.0030000000000000027,-0.010499999999999999,16247.99408371762,9748.7964502305713
0.0034999999999999996,-0.010499999999999999,16263.104017216343,9757.8624103298062
0.0040000000000000036,-0.010499999999999999,16263.323924829314,9757.994354897588
0.0045000000000000005,-0.010499999999999999,16219.402952945424,9731.6417717672539
0.0049999999999999975,-0.010499999999999999,16097.562862876985,9658.5377177261907
0.0055000000000000014,-0.010499999999999999,15865.216127953825,9519.1296767722943
0.0059999999999999984,-0.010499999999999999,15496.736706282878,9298.0420237697272
0.0064999999999999988,-0.010499999999999999,14977.991199950658,8986.794719970394
0.0069999999999999993,-0.010499999999999999,14308.685036826317,8585.2110220957893
0.0074999999999999997,-0.010499999999999999,13502.148538035999,8101.2891228215994
0.0080000000000000002,-0.010499999999999999,12582.814388885778,7549.688633331466
0.0085000000000000006,-0.010499999999999999,11582.147822052535,6949.2886932315205
0.0090000000000000011,-0.010499999999999999,10534.055949863641,6320.4335699181847
0.0095000000000000015,-0.010499999999999999,9470.7761844625093,5682.4657106775057
0.010000000000000002,-0.010499999999999999,8419.9671868101286,5051.980312086077
0.010500000000000002,-0.010499999999999999,7403.3085119887037,4441.9851071932217
0.011000000000000003,-0.010499999999999999,6436.4931329526398,3861.8958797715836
0.011500000000000003,-0.010499999999999999,5530.1881069628071,3318.1128641776841
0.012000000000000004,-0.010499999999999999,4691.4085208907172,2814.8451125344304
0.012499999999999997,-0.010499999999999999,3924.7998920221467,2354.8799352132878
0.013000000000000005,-0.010499999999999999,3233.5019378559427,1940.1011627135656
0.013499999999999998,-0.010499999999999999,2619.4920055841485,1571.695203350489
0.014000000000000005,-0.010499999999999999,2083.5022937601329,1250.1013762560797
0.014499999999999999,-0.010499999999999999,1624.7205395601927,974.83232373611554
0.014999999999999999,-0.010499999999999999,1240.5047006512657,744.30282039075939
0.0155,-0.010499999999999999,926.28623976425706,555.77174385855426
0.016000000000000007,-0.010499999999999999,675.74054484759733,405.44432690855837
0.016500000000000001,-0.010499999999999999,481.20590384433899,288.72354230660341
0.017000000000000001,-0.010499999999999999,334.2631485785181,200.55788914711084
0.017500000000000002,-0.010499999999999999,226.3591837951403,135.81551027708417
0.017999999999999995,-0.010499999999999999,149.36634090917593,89.619804545505559
0.018500000000000003,-0.010499999999999999,96.003105413668237,57.601863248200942
0.019000000000000003,-0.010499999999999999,60.08440646630558,36.050643879783344
0.019500000000000003,-0.010499999999999999,36.607945995081998,21.9647675970492
0.019999999999999997,-0.010499999999999999,21.70906579648852,13.025439477893112
0.020499999999999997,-0.010499999999999999,12.528291261265377,7.5169747567592253
0.021000000000000005,-0.010499999999999999,7.0351658783643769,4.2210995270186258
0.021500000000000005,-0.010499999999999999,3.8436756049013061,2.3062053629407835
0.021999999999999999,-0.010499999999999999,2.0430358856478916,1.2258215313887348
0.022499999999999999,-0.010499999999999999,1.0564189563345536,0.6338513738007322
0.023000000000000007,-0.010499999999999999,0.53138207231811541,0.31882924339086921
0.023500000000000007,-0.010499999999999999,0.25999925976720106,0.15599955586032063
0.024,-0.010499999999999999,0.12374260386040158,0.074245562316240937
0.024500000000000001,-0.010499999999999999,0.057284674385192989,0.034370804631115789
0.025000000000000001,-0.010499999999999999,0.025794194394769786,0.015476516636861871
-0.025000000000000001,-0.010000000000000002,0.036270760486373961,0.021762456291824377
-0.024500000000000001,-0.010000000000000002,0.079860440278999717,0.04791626416739983
-0.024,-0.010000000000000002,0.17114078283771492,0.10268446970262894
-0.0235,-0.010000000000000002,0.35695012007408777,0.21417007204445265
-0.023,-0.010000000000000002,0.7245727219450242,0.43474363316701453
-0.022500000000000003,-0.010000000000000002,1.4314240829522482,0.85885444977134895
-0.022000000000000002,-0.010000000000000002,2.7520847671632636,1.6512508602979581
-0.021500000000000002,-0.010000000000000002,5.1494659909564886,3.0896795945738931
-0.021000000000000001,-0.010000000000000002,9.3772314017796692,5.6263388410678017
-0.020500000000000001,-0.010000000000000002,16.619226701047673,9.9715360206286032
-0.02,-0.010000000000000002,28.667538600210776,17.200523160126465
-0.0195,-0.010000000000000002,48.132997320768645,28.879798392461186
-0.019,-0.010000000000000002,78.670139819116372,47.202083891469819
-0.018500000000000003,-0.010000000000000002,125.18377509312195,75.110265055873171
-0.018000000000000002,-0.010000000000000002,193.96903175406521,116.38141905243913
-0.017500000000000002,-0.010000000000000002,292.7257829228804,175.63546975372824
-0.017000000000000001,-0.010000000000000002,430.38770830977035,258.23262498586217
-0.016500000000000001,-0.010000000000000002,616.72190079846348,370.0331404790781
-0.016,-0.010000000000000002,861.69016691559864,517.01410014935914
-0.0155,-0.010000000000000002,1174.6158797808744,704.76952786852462
-0.015000000000000001,-0.010000000000000002,1563.2608165588472,937.95648993530824
-0.014500000000000001,-0.010000000000000002,2032.9679067523402,1219.7807440514041
-0.014,-0.010000000000000002,2586.047339240049,1551.6284035440294
-0.0135,-0.010000000000000002,3221.5568784096686,1932.934127045801
-0.012999999999999999,-0.010000000000000002,3935.545601400539,2361.3273608403233
-0.012500000000000001,-0.010000000000000002,4721.7050660643072,2833.0230396385841
-0.012,-0.010000000000000002,5572.2351178496401,3343.3410707097842
-0.0115,-0.010000000000000002,6478.6297193262208,3887.1778315957322
-0.010999999999999999,-0.010000000000000002,7432.0684600658324,4459.2410760394996
-0.010499999999999999,-0.010000000000000002,8423.1906969973588,5053.9144181984148
-0.010000000000000002,-0.010000000000000002,9441.2256500402545,5664.7353900241524
-0.0095000000000000015,-0.010000000000000002,10472.70569377607,6283.6234162656419
-0.0090000000000000011,-0.010000000000000002,11500.221013968147,6900.1326083808881
-0.0085000000000000006,-0.010000000000000002,12501.792176711322,7501.0753060267925
-0.0080000000000000002,-0.010000000000000002,13451.376937903282,8070.8261627419688
-0.0074999999999999997,-0.010000000000000002,14320.775602301281,8592.4653613807677
-0.0069999999999999993,-0.010000000000000002,15082.808739771192,9049.6852438627138
-0.0064999999999999988,-0.010000000000000002,15715.222118326352,9429.1332709958115
-0.0059999999999999984,-0.010000000000000002,16204.460719096001,9722.6764314576012
-0.0054999999999999979,-0.010000000000000002,16548.36061435279,9929.0163686116739
-0.005000000000000001,-0.010000000000000002,16756.986488627837,10054.191893176701
-0.0044999999999999971,-0.010000000000000002,16851.261740043366,10110.757044026019
-0.0040000000000000001,-0.010000000000000002,16859.587092400099,10115.752255440058
-0.0035000000000000031,-0.010000000000000002,16813.166259155139,10087.899755493083
-0.0029999999999999992,-0.010000000000000002,16741.099708745314,10044.659825247189
-0.0025000000000000022,-0.010000000000000002,16666.366734653577,9999.8200407921449
-0.0019999999999999983,-0.010000000000000002,16603.570914624997,9962.1425487749984
-0.0015000000000000013,-0.010000000000000002,16558.842174549765,9935.3053047298581
-0.00099999999999999742,-0.010000000000000002,16531.705453391471,9919.0232720348813
-0.00050000000000000044,-0.010000000000000002,16518.204745987197,9910.9228475923173
0,-0.010000000000000002,16514.256580002308,9908.5539480013849
0.00050000000000000044,-0.010000000000000002,16518.184249472459,9910.9105496834745
0.0010000000000000009,-0.010000000000000002,16531.657067059143,9918.9942402354845
0.0015000000000000013,-0.010000000000000002,16558.749418810577,9935.2496512863454
0.0020000000000000018,-0.010000000000000002,16603.404736571218,9962.0428419427299
0.0024999999999999988,-0.010000000000000002,16666.080075844147,9999.6480455064884
0.0030000000000000027,-0.010000000000000002,16740.620028605921,10044.372017163552
0.0034999999999999996,-0.010000000000000002,16812.386115789701,10087.431669473821
0.0040000000000000036,-0.010000000000000002,16858.353265203496,10115.011959122097
0.0045000000000000005,-0.010000000000000002,16849.363943306344,10109.618365983806
0.0049999999999999975,-0.010000000000000002,16754.147420416837,10052.488452250102
0.0055000000000000014,-0.010000000000000002,16544.22978955353,9926.5378737321171
0.0059999999999999984,-0.010000000000000002,16198.615058351654,9719.1690350109911
0.0064999999999999988,-0.010000000000000002,15707.17636705097,9424.305820230582
0.0069999999999999993,-0.010000000000000002,15072.03824048865,9043.2229442931894
0.0074999999999999997,-0.010000000000000002,14306.752589615577,8584.0515537693464
0.0080000000000000002,-0.010000000000000002,13433.619386510891,8060.1716319065345
0.0085000000000000006,-0.010000000000000002,12479.921556577508,7487.9529339465043
0.0090000000000000011,-0.010000000000000002,11474.022577154043,6884.4135462924251
0.0095000000000000015,-0.010000000000000002,10442.182784568908,6265.3096707413442
0.010000000000000002,-0.010000000000000002,9406.6386626888107,5643.9831976132864
0.010500000000000002,-0.010000000000000002,8385.072196354995,5031.043317812997
0.011000000000000003,-0.010000000000000002,7391.2087624084406,4434.725257445064
0.011500000000000003,-0.010000000000000002,6436.0315679865025,3861.6189407919014
0.012000000000000004,-0.010000000000000002,5529.0411978134862,3317.4247186880916
0.012499999999999997,-0.010000000000000002,4679.1069147245935,2807.4641488347561
0.013000000000000005,-0.010000000000000002,3894.6859037431336,2336.81154224588
0.013499999999999998,-0.010000000000000002,3183.4383777672811,1910.0630266603685
0.014000000000000005,-0.010000000000000002,2551.4603518884983,1530.8762111330989
0.014499999999999999,-0.010000000000000002,2002.4449975448706,1201.4669985269222
0.014999999999999999,-0.010000000000000002,1537.0623797437452,922.2374278462471
0.0155,-0.010000000000000002,1152.7452596439186,691.64715578635116
0.016000000000000007,-0.010000000000000002,843.93261551354681,506.35956930812807
0.016500000000000001,-0.010000000000000002,602.69888808384655,361.6193328503079
0.017000000000000001,-0.010000000000000002,419.6172089430051,251.77032536580305
0.017500000000000002,-0.010000000000000002,284.68003140882405,170.80801884529441
0.017999999999999995,-0.010000000000000002,188.12337035187346,112.87402221112407
0.018500000000000003,-0.010000000000000002,121.05294853032308,72.631769118193844
0.019000000000000003,-0.010000000000000002,75.831067009959426,45.498640205975654
0.019500000000000003,-0.010000000000000002,46.235188923205037,27.741113353923023
0.019999999999999997,-0.010000000000000002,27.433682643530179,16.460209586118108
0.020499999999999997,-0.010000000000000002,15.839014343781656,9.5034086062689926
0.021000000000000005,-0.010000000000000002,8.8973902936248397,5.3384341761749035
0.021500000000000005,-0.010000000000000002,4.8624419049703667,2.9174651429822198
0.021999999999999999,-0.010000000000000002,2.5851005217927105,1.5510603130756262
0.022499999999999999,-0.010000000000000002,1.3369377665136577,0.80216265990819458
0.023000000000000007,-0.010000000000000002,0.67257328959367679,0.40354397375620604
0.023500000000000007,-0.010000000000000002,0.32911682963153005,0.19747009777891802
0.024,-0.010000000000000002,0.15665083691297449,0.093990502147784691
0.024500000000000001,-0.010000000000000002,0.072523664573998545,0.043514198744399123
0.025000000000000001,-0.010000000000000002,0.032657660464976271,0.01959459627898576
-0.025000000000000001,-0.0095000000000000015,0.046426744070899535,0.027856046442539719
-0.024500000000000001,-0.0095000000000000015,0.10191677097846054,0.061150062587076323
-0.024,-0.0095000000000000015,0.21779688514181603,0.1306781310850896
-0.0235,-0.0095000000000000015,0.45307089574139392,0.27184253744483633
-0.023,-0.0095000000000000015,0.91742687646637344,0.55045612587982407
-0.022500000000000003,-0.0095000000000000015,1.8082256723068753,1.0849354033841252
-0.022000000000000002,-0.0095000000000000015,3.4689498803131569,2.0813699281878941
-0.021500000000000002,-0.0095000000000000015,6.4773868107249886,3.886432086434993
-0.021000000000000001,-0.0095000000000000015,11.772123919089736,7.0632743514538419
-0.020500000000000001,-0.0095000000000000015,20.824053930942121,12.494432358565271
-0.02,-0.0095000000000000015,35.854209252458901,21.512525551475338
-0.0195,-0.0095000000000000015,60.089215660994903,36.053529396596943
-0.019,-0.0095000000000000015,98.03057694683109,58.81834616809865
-0.018500000000000003,-0.0095000000000000015,155.69501144251041,93.417006865506238
-0.018000000000000002,-0.0095000000000000015,240.76353951739495,144.45812371043695
-0.017500000000000002,-0.0095000000000000015,362.56285578767574,217.53771347260545
-0.017000000000000001,-0.0095000000000000015,531.8014592356526,319.08087554139155
-0.016500000000000001,-0.0095000000000000015,760.00278442450519,456.0016706547031
-0.016,-0.0095000000000000015,1058.6228229960291,635.17369379761737
-0.0155,-0.0095000000000000015,1437.9084638297743,862.74507829786455
-0.015000000000000001,-0.0095000000000000015,1905.633704456845,1143.380222674107
-0.014500000000000001,-0.0095000000000000015,2465.9232075759237,1479.5539245455541
-0.014,-0.0095000000000000015,3118.4098848859408,1871.0459309315643
-0.0135,-0.0095000000000000015,3857.9509081774913,2314.7705449064947
-0.012999999999999999,-0.0095000000000000015,4675.0328063872857,2805.0196838323714
-0.012500000000000001,-0.0095000000000000015,5556.8407068263314,3334.1044240957985
-0.012,-0.0095000000000000015,6488.7840724561756,3893.2704434737052
-0.0115,-0.0095000000000000015,7456.1158457407419,4473.6695074444451
-0.010999999999999999,-0.0095000000000000015,8445.2124651914255,5067.1274791148553
-0.010499999999999999,-0.0095000000000000015,9444.1405158613798,5666.484309516828
-0.010000000000000002,-0.0095000000000000015,10442.326543136363,6265.3959258818177
-0.0095000000000000015,-0.0095000000000000015,11429.427635182681,6857.6565811096089
-0.0090000000000000011,-0.0095000000000000015,12393.789378236181,7436.2736269417082
-0.0085000000000000006,-0.0095000000000000015,13321.075932399302,7992.6455594395811
-0.0080000000000000002,-0.0095000000000000015,14193.683348551396,8516.2100091308366
-0.0074999999999999997,-0.0095000000000000015,14991.371185691185,8994.8227114147103
-0.0069999999999999993,-0.0095000000000000015,15693.205829355349,9415.9234976132084
-0.0064999999999999988,-0.0095000000000000015,16280.499538508826,9768.2997231052959
-0.0059999999999999984,-0.0095000000000000015,16740.081269148555,10044.048761489134
-0.0054999999999999979,-0.0095000000000000015,17067.065713032811,10240.239427819686
-0.005000000000000001,-0.0095000000000000015,17266.359451591077,10359.815670954646
-0.0044999999999999971,-0.0095000000000000015,17352.444583929493,10411.466750357695
-0.0040000000000000001,-0.0095000000000000015,17347.423764518731,10408.454258711239
-0.0035000000000000031,-0.0095000000000000015,17277.763858326249,10366.65831499575
-0.0029999999999999992,-0.0095000000000000015,17170.503535632586,10302.302121379551
-0.0025000000000000022,-0.0095000000000000015,17049.798485844494,10229.879091506697
-0.0019999999999999983,-0.0095000000000000015,16934.540279048255,10160.724167428953
-0.0015000000000000013,-0.0095000000000000015,16837.448726376646,10102.469235825987
-0.00099999999999999742,-0.0095000000000000015,16765.606769611626,10059.364061766975
-0.00050000000000000044,-0.0095000000000000015,16722.008801700224,10033.205281020133
0,-0.0095000000000000015,16707.441024281947,10024.464614569168
0.00050000000000000044,-0.0095000000000000015,16721.973570871141,10033.184142522685
0.0010000000000000009,-0.0095000000000000015,16765.523599832464,10059.314159899479
0.0015000000000000013,-0.0095000000000000015,16837.289291388028,10102.373574832816
0.0020000000000000018,-0.0095000000000000015,16934.254640700205,10160.552784420122
0.0024999999999999988,-0.0095000000000000015,17049.305756829344,10229.583454097607
0.0030000000000000027,-0.0095000000000000015,17169.679028187169,10301.807416912301
0.0034999999999999996,-0.0095000000000000015,17276.422893878342,10365.853736327004
0.0040000000000000036,-0.0095000000000000015,17345.302976880444,10407.181786128267
0.0045000000000000005,-0.0095000000000000015,17349.182519459744,10409.509511675846
0.0049999999999999975,-0.0095000000000000015,17261.479464521002,10356.887678712601
0.0055000000000000014,-0.0095000000000000015,17059.965365273983,10235.97921916439
0.0059999999999999984,-0.0095000000000000015,16730.033342600702,10038.02000556042
0.0064999999999999988,-0.0095000000000000015,16266.669943981724,9760.0019663890344
0.0069999999999999993,-0.0095000000000000015,15674.69274924216,9404.8156495452949
0.0074999999999999997,-0.0095000000000000015,14967.26746027712,8980.3604761662718
0.0080000000000000002,-0.0095000000000000015,14163.160439360516,8497.8962636163087
0.0085000000000000006,-0.0095000000000000015,13283.483195791561,7970.0899174749366
0.0090000000000000011,-0.0095000000000000015,12348.757690581173,7409.2546143487034
0.0095000000000000015,-0.0095000000000000015,11376.962744872932,6826.1776469237584
0.010000000000000002,-0.0095000000000000015,10382.876033841114,6229.7256203046682
0.010500000000000002,-0.0095000000000000015,9378.6197969351379,5627.1718781610825
0.011000000000000003,-0.0095000000000000015,8374.979986985134,5024.9879921910806
0.011500000000000003,-0.0095000000000000015,7382.8951929429395,4429.7371157657635
0.012000000000000004,-0.0095000000000000015,6414.5393711610232,3848.7236226966138
0.012499999999999997,-0.0095000000000000015,5483.6200540285354,3290.172032417121
0.013000000000000005,-0.0095000000000000015,4604.8003281809742,2762.8801969085844
0.013499999999999998,-0.0095000000000000015,3792.430189251203,2275.4581135507219
0.014000000000000005,-0.0095000000000000015,3058.9593755905184,1835.3756253543111
0.014499999999999999,-0.0095000000000000015,2413.4583172656444,1448.0749903593867
0.014999999999999999,-0.0095000000000000015,1860.6020168001287,1116.3612100800772
0.0155,-0.0095000000000000015,1400.3157272166372,840.1894363299823
0.016000000000000007,-0.0095000000000000015,1028.0999137885508,616.8599482731305
0.016500000000000001,-0.0095000000000000015,735.89905896074902,441.53943537644938
0.017000000000000001,-0.0095000000000000015,513.28837897769461,307.97302738661676
0.017500000000000002,-0.0095000000000000015,348.7332608503292,209.23995651019752
0.017999999999999995,-0.0095000000000000015,230.71561183879831,138.42936710327899
0.018500000000000003,-0.0095000000000000015,148.59466065239033,89.156796391434199
0.019000000000000003,-0.0095000000000000015,93.150581973126165,55.890349183875699
0.019500000000000003,-0.0095000000000000015,56.827131148299571,34.096278688979744
0.019999999999999997,-0.0095000000000000015,33.733372179363442,20.240023307618063
0.020499999999999997,-0.0095000000000000015,19.482970895100081,11.689782537060049
0.021000000000000005,-0.0095000000000000015,10.947339789418946,6.5684038736513672
0.021500000000000005,-0.0095000000000000015,5.9840299329348694,3.5904179597609214
0.021999999999999999,-0.0095000000000000015,3.1819257943270705,1.9091554765962422
0.022499999999999999,-0.0095000000000000015,1.6458160476515833,0.98748962859094991
0.023000000000000007,-0.0095000000000000015,0.82804665074915207,0.49682799044949122
0.023500000000000007,-0.0095000000000000015,0.40522910844264542,0.24313746506558725
0.024,-0.0095000000000000015,0.19289056253750525,0.11573433752250314
0.024500000000000001,-0.0095000000000000015,0.089305812764170184,0.053583487658502106
0.025000000000000001,-0.0095000000000000015,0.040216297516994626,0.024129778510196775
-0.025000000000000001,-0.0090000000000000011,0.058551725790946731,0.035131035474568036
-0.024500000000000001,-0.0090000000000000011,0.12804586454961256,0.076827518729767535
-0.024,-0.0090000000000000011,0.27265725820791259,0.16359435492474755
-0.0235,-0.0090000000000000011,0.56528783994469023,0.33917270396681415
-0.023,-0.0090000000000000011,1.1410391141465601,0.68462346848793609
-0.022500000000000003,-0.0090000000000000011,2.2422765241960176,1.3453659145176105
-0.022000000000000002,-0.0090000000000000011,4.2896084702199726,2.5737650821319833
-0.021500000000000002,-0.0090000000000000011,7.9886108561369626,4.7931665136821771
-0.021000000000000001,-0.0090000000000000011,14.482352343757132,8.689411406254278
-0.020500000000000001,-0.0090000000000000011,25.557295208297688,15.334377124978612
-0.02,-0.0090000000000000011,43.903372811519397,26.342023686911638
-0.0195,-0.0090000000000000011,73.416582597655619,44.049949558593369
-0.019,-0.0090000000000000011,119.51381588679871,71.70828953207922
-0.018500000000000003,-0.0090000000000000011,189.40627226100963,113.64376335660577
-0.018000000000000002,-0.0090000000000000011,292.25381299560689,175.35228779736414
-0.017500000000000002,-0.0090000000000000011,439.10520196069388,263.46312117641634
-0.017000000000000001,-0.0090000000000000011,642.52789352822447,385.51673611693468
-0.016500000000000001,-0.0090000000000000011,915.85547152272363,549.51328291363416
-0.016,-0.0090000000000000011,1272.0370548284629,763.22223289707779
-0.0155,-0.0090000000000000011,1722.1591014813923,1033.2954608888354
-0.015000000000000001,-0.0090000000000000011,2273.8129173374141,1364.2877504024484
-0.014500000000000001,-0.0090000000000000011,2929.575919804583,1757.7455518827499
-0.014,-0.0090000000000000011,3685.928831535161,2211.5572989210964
-0.0135,-0.0090000000000000011,4532.9134470636609,2719.7480682381965
-0.012999999999999999,-0.0090000000000000011,5454.728998730855,3272.8373992385127
-0.012500000000000001,-0.0090000000000000011,6431.2768715842303,3858.7661229505379
-0.012,-0.0090000000000000011,7440.4309523849961,4464.2585714309971
-0.0115,-0.0090000000000000011,8460.596673222939,5076.358003933763
-0.010999999999999999,-0.0090000000000000011,9472.9968279382956,5683.7980967629774
-0.010499999999999999,-0.0090000000000000011,10463.142118157028,6277.8852708942168
-0.010000000000000002,-0.0090000000000000011,11421.125864776315,6852.6755188657889
-0.0095000000000000015,-0.0090000000000000011,12340.689995177689,7404.4139971066124
-0.0090000000000000011,-0.0090000000000000011,13217.360125587742,7930.4160753526448
-0.0085000000000000006,-0.0090000000000000011,14046.233677103059,8427.7402062618348
-0.0080000000000000002,-0.0090000000000000011,14820.130024565806,8892.0780147394835
-0.0074999999999999997,-0.0090000000000000011,15528.725659913383,9317.2353959480297
-0.0069999999999999993,-0.0090000000000000011,16159.017705100536,9695.4106230603211
-0.0064999999999999988,-0.0090000000000000011,16697.068203401199,10018.240922040719
-0.0059999999999999984,-0.0090000000000000011,17130.600327106018,10278.360196263611
-0.0054999999999999979,-0.0090000000000000011,17451.76438123413,10471.058628740479
-0.005000000000000001,-0.0090000000000000011,17659.341997999876,10595.605198799925
-0.0044999999999999971,-0.0090000000000000011,17759.819776366625,10655.891865819975
-0.0040000000000000001,-0.0090000000000000011,17767.079987618221,10660.247992570932
-0.0035000000000000031,-0.0090000000000000011,17700.822518298966,10620.493510979379
-0.0029999999999999992,-0.0090000000000000011,17584.137536780021,10550.482522068012
-0.0025000000000000022,-0.0090000000000000011,17440.808990842266,10464.48539450536
-0.0019999999999999983,-0.0090000000000000011,17292.912979357327,10375.747787614395
-0.0015000000000000013,-0.0090000000000000011,17159.106403310085,10295.463841986051
-0.00099999999999999742,-0.0090000000000000011,17053.747031564359,10232.248218938616
-0.00050000000000000044,-0.0090000000000000011,16986.731428022547,10192.038856813528
0,-0.0090000000000000011,16963.758696292629,10178.255217775577
0.00050000000000000044,-0.0090000000000000011,16986.672529829346,10192.003517897607
0.0010000000000000009,-0.0090000000000000011,17053.607989996253,10232.164793997752
0.0015000000000000013,-0.0090000000000000011,17158.839863094981,10295.303917856989
0.0020000000000000018,-0.0090000000000000011,17292.435454898052,10375.46127293883
0.0024999999999999988,-0.0090000000000000011,17439.98525636076,10463.991153816456
0.0030000000000000027,-0.0090000000000000011,17582.759141775536,10549.655485065321
0.0034999999999999996,-0.0090000000000000011,17698.580720839815,10619.148432503889
0.0040000000000000036,-0.0090000000000000011,17763.534497395613,10658.120698437368
0.0045000000000000005,-0.0090000000000000011,17754.366322435533,10652.619793461319
0.0049999999999999975,-0.0090000000000000011,17651.18373352725,10590.71024011635
0.0055000000000000014,-0.0090000000000000011,17439.894162310946,10463.936497386567
0.0059999999999999984,-0.0090000000000000011,17113.802405103015,10268.281443061809
0.0064999999999999988,-0.0090000000000000011,16673.948164745147,10004.368898847088
0.0069999999999999993,-0.0090000000000000011,16128.06790921022,9676.8407455261313
0.0074999999999999997,-0.0090000000000000011,15488.429535378709,9293.0577212272256
0.0080000000000000002,-0.0090000000000000011,14769.102437386344,8861.4614624318056
0.0085000000000000006,-0.0090000000000000011,13983.38689429576,8390.0321365774562
0.0090000000000000011,-0.0090000000000000011,13142.077053673327,7885.2462322039955
0.0095000000000000015,-0.0090000000000000011,12252.980244203442,7351.7881465220644
0.010000000000000002,-0.0090000000000000011,11321.737696140239,6793.0426176841429
0.010500000000000002,-0.0090000000000000011,10353.605894851398,6212.163536910839
0.011000000000000003,-0.0090000000000000011,9355.5835800041241,5613.3501480024743
0.011500000000000003,-0.0090000000000000011,8338.1878549608464,5002.9127129765075
0.012000000000000004,-0.0090000000000000011,7316.3101503913495,4389.7860902348093
0.012499999999999997,-0.0090000000000000011,6308.8680533221423,3785.3208319932851
0.013000000000000005,-0.0090000000000000011,5337.3157507966534,3202.3894504779919
0.013499999999999998,-0.0090000000000000011,4423.3772237579533,2654.0263342547719
0.014000000000000005,-0.0090000000000000011,3586.5406628988057,2151.9243977392834
0.014499999999999999,-0.0090000000000000011,2841.8661688294537,1705.1197012976722
0.014999999999999999,-0.0090000000000000011,2198.5298454201452,1319.117907252087
0.0155,-0.0090000000000000011,1659.3123186650791,995.58739119904749
0.016000000000000007,-0.0090000000000000011,1221.009467621258,732.60568057275475
0.016500000000000001,-0.0090000000000000011,875.55934690498668,525.33560814299199
0.017000000000000001,-0.0090000000000000011,611.57809739589777,366.94685843753865
0.017500000000000002,-0.0090000000000000011,415.98516261880536,249.5910975712832
0.017999999999999995,-0.0090000000000000011,275.45588910224177,165.27353346134507
0.018500000000000003,-0.0090000000000000011,177.53604827017719,106.52162896210631
0.019000000000000003,-0.0090000000000000011,111.35553820105177,66.813322920631066
0.019500000000000003,-0.0090000000000000011,67.963095159176021,40.77785709550561
0.019999999999999997,-0.0090000000000000011,40.357799944790727,24.214679966874435
0.020499999999999997,-0.0090000000000000011,23.315299496212369,13.989179697727421
0.021000000000000005,-0.0090000000000000011,13.103494784085706,7.8620968704514231
0.021500000000000005,-0.0090000000000000011,7.1638267264661888,4.2982960358797131
0.021999999999999999,-0.0090000000000000011,3.8097673620652066,2.2858604172391237
0.022499999999999999,-0.0090000000000000011,1.970763372253173,1.1824580233519038
0.023000000000000007,-0.0090000000000000011,0.99161504610039419,0.59496902766023652
0.023500000000000007,-0.0090000000000000011,0.48530689982718245,0.29118413989630948
0.024,-0.0090000000000000011,0.23101936779375409,0.13861162067625246
0.024500000000000001,-0.0090000000000000011,0.10696311763083349,0.064177870578500093
0.025000000000000001,-0.0090000000000000011,0.048169225847349201,0.028901535508409518
-0.025000000000000001,-0.0085000000000000006,0.072997598791040605,0.043798559274624359
-0.024500000000000001,-0.0085000000000000006,0.15888635388653788,0.095331812331922727
-0.024,-0.0085000000000000006,0.33681928932351624,0.20209157359410973
-0.0235,-0.0085000000000000006,0.69536480881168317,0.4172188852870099
-0.023,-0.0085000000000000006,1.3980022711087896,0.83880136266527372
-0.022500000000000003,-0.0085000000000000006,2.7368933069537285,1.6421359841722369
-0.022000000000000002,-0.0085000000000000006,5.2172294857240518,3.130337691434431
-0.021500000000000002,-0.0085000000000000006,9.6835306666635734,5.8101183999981441
-0.021000000000000001,-0.0085000000000000006,17.499347635930061,10.499608581558036
-0.020500000000000001,-0.0085000000000000006,30.788647939910646,18.473188763946386
-0.02,-0.0085000000000000006,52.738872404793383,31.643323442876028
-0.0195,-0.0085000000000000006,87.950625328140447,52.770375196884267
-0.019,-0.0085000000000000006,142.79669738381381,85.678018430288276
-0.018500000000000003,-0.0085000000000000006,225.72532336998674,135.43519402199203
-0.018000000000000002,-0.0085000000000000006,347.41418528978477,208.44851117387086
-0.017500000000000002,-0.0085000000000000006,520.66124996973144,312.39674998183887
-0.017000000000000001,-0.0085000000000000006,759.89740427401046,455.93844256440627
-0.016500000000000001,-0.0085000000000000006,1080.2355020502514,648.14130123015082
-0.016,-0.0085000000000000006,1496.0382204911236,897.62293229467411
-0.0155,-0.0085000000000000006,2019.0911981239071,1211.4547188743443
-0.015000000000000001,-0.0085000000000000006,2656.5931963640792,1593.9559178184475
-0.014500000000000001,-0.0085000000000000006,3409.2924079076497,2045.5754447445897
-0.014,-0.0085000000000000006,4270.1689964720053,2562.1013978832029
-0.0135,-0.0085000000000000006,5224.0507730707159,3134.4304638424296
-0.012999999999999999,-0.0085000000000000006,6248.428697497975,3749.057218498785
-0.012500000000000001,-0.0085000000000000006,7315.5168720727361,4389.3101232436411
-0.012,-0.0085000000000000006,8395.3180191147039,5037.1908114688222
-0.0115,-0.0085000000000000006,9459.1805542171805,5675.5083325303085
-0.010999999999999999,-0.0085000000000000006,10483.150602413529,6289.8903614481169
-0.010499999999999999,-0.0085000000000000006,11450.401377364036,6870.2408264184214
-0.010000000000000002,-0.0085000000000000006,12352.192492199218,7411.3154953195299
-0.0095000000000000015,-0.0085000000000000006,13187.14509169656,7912.2870550179359
-0.0090000000000000011,-0.0085000000000000006,13959.032090154889,8375.4192540929325
-0.0085000000000000006,-0.0085000000000000006,14673.660436066266,8804.1962616397595
-0.0080000000000000002,-0.0085000000000000006,15335.652271042936,9201.3913626257618
-0.0074999999999999997,-0.0085000000000000006,15945.94399606287,9567.5663976377218
-0.0069999999999999993,-0.0085000000000000006,16500.613065529011,9900.3678393174068
-0.0064999999999999988,-0.0085000000000000006,16991.276475014463,10194.765885008677
-0.0059999999999999984,-0.0085000000000000006,17406.89285904088,10444.135715424527
-0.0054999999999999979,-0.0085000000000000006,17736.460285098488,10641.876171059093
-0.005000000000000001,-0.0085000000000000006,17971.921899595829,10783.153139757496
-0.0044999999999999971,-0.0085000000000000006,18110.603261884316,10866.36195713059
-0.0040000000000000001,-0.0085000000000000006,18156.680531569666,10894.008318941798
-0.0035000000000000031,-0.0085000000000000006,18121.446868503237,10872.868121101941
-0.0029999999999999992,-0.0085000000000000006,18022.420537679136,10813.452322607482
-0.0025000000000000022,-0.0085000000000000006,17881.551717869239,10728.931030721544
-0.0019999999999999983,-0.0085000000000000006,17722.898052230179,10633.738831338107
-0.0015000000000000013,-0.0085000000000000006,17570.150328934244,10542.090197360545
-0.00099999999999999742,-0.0085000000000000006,17444.326065384405,10466.595639230642
-0.00050000000000000044,-0.0085000000000000006,17361.849614613631,10417.109768768178
0,-0.0085000000000000006,17333.139744010936,10399.883846406561
0.00050000000000000044,-0.0085000000000000006,17361.753847291133,10417.052308374679
0.0010000000000000009,-0.0085000000000000006,17444.099986485027,10466.459991891015
0.0015000000000000013,-0.0085000000000000006,17569.716939701859,10541.830163821114
0.0020000000000000018,-0.0085000000000000006,17722.121606699162,10633.272964019498
0.0024999999999999988,-0.0085000000000000006,17880.212341540999,10728.127404924599
0.0030000000000000027,-0.0085000000000000006,18020.179294072826,10812.107576443696
0.0034999999999999996,-0.0085000000000000006,18117.801749211882,10870.681049527129
0.0040000000000000036,-0.0085000000000000006,18150.915633070483,10890.549379842289
0.0045000000000000005,-0.0085000000000000006,18101.736051312924,10861.041630787755
0.0049999999999999975,-0.0085000000000000006,17958.65671942012,10775.194031652072
0.0055000000000000014,-0.0085000000000000006,17717.159538809919,10630.295723285952
0.0059999999999999984,-0.0085000000000000006,17379.579762892168,10427.747857735301
0.0064999999999999988,-0.0085000000000000006,16953.683739516484,10172.210243709889
0.0069999999999999993,-0.0085000000000000006,16450.289296268504,9870.1735777611011
0.0074999999999999997,-0.0085000000000000006,15880.423277271633,9528.2539663629796
0.0080000000000000002,-0.0085000000000000006,15252.682401637645,9151.6094409825873
0.0085000000000000006,-0.0085000000000000006,14571.472783263376,8742.8836699580261
0.0090000000000000011,-0.0085000000000000006,13836.623271897421,8301.9739631384527
0.0095000000000000015,-0.0085000000000000006,13044.530733735455,7826.7184402412731
0.010000000000000002,-0.0085000000000000006,12190.589253089287,7314.3535518535718
0.010500000000000002,-0.0085000000000000006,11272.297597719247,6763.378558631548
0.011000000000000003,-0.0085000000000000006,10292.238933137716,6175.3433598826296
0.011500000000000003,-0.0085000000000000006,9260.1461842489989,5556.0877105493992
0.012000000000000004,-0.0085000000000000006,8193.4999967247113,4916.099998034827
0.012499999999999997,-0.0085000000000000006,7116.4825021045554,4269.8895012627327
0.013000000000000005,-0.0085000000000000006,6057.5170282221152,3634.510216933269
0.013499999999999998,-0.0085000000000000006,5045.946993425805,3027.568196055483
0.014000000000000005,-0.0085000000000000006,4108.5657573616272,2465.1394544169762
0.014499999999999999,-0.0085000000000000006,3266.6780499451138,1960.0068299670681
0.014999999999999999,-0.0085000000000000006,2534.1843781019788,1520.5106268611873
0.0155,-0.0085000000000000006,1916.9035453063682,1150.1421271838208
0.016000000000000007,-0.0085000000000000006,1413.068351040735,847.84101062444097
0.016500000000000001,-0.0085000000000000006,1014.7147831239565,608.82886987437394
0.017000000000000001,-0.0085000000000000006,709.57363461999887,425.74418077199931
0.017500000000000002,-0.0085000000000000006,483.06851335659354,289.8411080139561
0.017999999999999995,-0.0085000000000000006,320.10108606738322,192.06065164042994
0.018500000000000003,-0.0085000000000000006,206.42456884151849,123.85474130491109
0.019000000000000003,-0.0085000000000000006,129.53149572382085,77.718897434292515
0.019500000000000003,-0.0085000000000000006,79.083360274383423,47.45001616463005
0.019999999999999997,-0.0085000000000000006,46.97383952787564,28.184303716725385
0.020499999999999997,-0.0085000000000000006,27.143206293126486,16.28592377587589
0.021000000000000005,-0.0085000000000000006,15.257351923844602,9.1544111543067608
0.021500000000000005,-0.0085000000000000006,8.3424476308214395,5.0054685784928639
0.021999999999999999,-0.0085000000000000006,4.437017128458006,2.6622102770748035
0.022499999999999999,-0.0085000000000000006,2.2954181754863856,1.3772509052918314
0.023000000000000007,-0.0085000000000000006,1.1550416277181135,0.69302497663086804
0.023500000000000007,-0.0085000000000000006,0.56531734775649889,0.33919040865389932
0.024,-0.0085000000000000006,0.26911688517447968,0.1614701311046878
0.024500000000000001,-0.0085000000000000006,0.12460621533317646,0.074763729199905871
0.025000000000000001,-0.0085000000000000006,0.056115854776945077,0.033669512866167046
-0.025000000000000001,-0.0080000000000000002,0.090281543125516367,0.054168925875309817
-0.024500000000000001,-0.0080000000000000002,0.19539896932073958,0.11723938159244374
-0.024,-0.0080000000000000002,0.4119872872791297,0.24719237236747782
-0.0235,-0.0080000000000000002,0.84617016058228323,0.50770209634936991
-0.023,-0.0080000000000000002,1.6928475207974809,1.0157085124784886
-0.022500000000000003,-0.0080000000000000002,3.298666408159955,1.9791998448959729
-0.022000000000000002,-0.0080000000000000002,6.2602882106857063,3.7561729264114234
-0.021500000000000002,-0.0080000000000000002,11.570760556065698,6.9424563336394192
-0.021000000000000001,-0.0080000000000000002,20.826645975544295,12.495987585326576
-0.020500000000000001,-0.0080000000000000002,36.504585624059857,21.902751374435912
-0.02,-0.0080000000000000002,62.306074053638163,37.383644432182898
-0.0195,-0.0080000000000000002,103.55159460340545,62.130956762043269
-0.019,-0.0080000000000000002,167.57942303074719,100.54765381844831
-0.018500000000000003,-0.0080000000000000002,264.07241465401933,158.4434487924116
-0.018000000000000002,-0.0080000000000000002,405.20371472210189,243.12222883326112
-0.017500000000000002,-0.0080000000000000002,605.46947070326894,363.28168242196136
-0.017000000000000001,-0.0080000000000000002,881.07630043937172,528.64578026362301
-0.016500000000000001,-0.0080000000000000002,1248.7866576575188,749.27199459451128
-0.016,-0.0080000000000000002,1724.2047971579398,1034.5228782947638
-0.0155,-0.0080000000000000002,2319.6077593727314,1391.7646556236389
-0.015000000000000001,-0.0080000000000000002,3041.5725306766699,1824.9435184060019
-0.014500000000000001,-0.0080000000000000002,3888.789100063952,2333.273460038371
-0.014,-0.0080000000000000002,4850.5352480010142,2910.3211488006086
-0.0135,-0.0080000000000000002,5906.2786229826124,3543.7671737895676
-0.012999999999999999,-0.0080000000000000002,7026.7371094511363,4216.0422656706814
-0.012500000000000001,-0.0080000000000000002,8176.4730443080161,4905.8838265848099
-0.012,-0.0080000000000000002,9317.7633488879128,5590.6580093327475
-0.0115,-0.0080000000000000002,10415.154212726547,6249.0925276359285
-0.010999999999999999,-0.0080000000000000002,11439.870548803699,6863.9223292822198
-0.010499999999999999,-0.0080000000000000002,12373.190099913183,7423.9140599479097
-0.010000000000000002,-0.0080000000000000002,13208.050998870134,7924.8305993220802
-0.0095000000000000015,-0.0080000000000000002,13948.519296550419,8369.1115779302509
-0.0090000000000000011,-0.0080000000000000002,14607.216926354289,8764.3301558125731
-0.0085000000000000006,-0.0080000000000000002,15201.277650190066,9120.766590114039
-0.0080000000000000002,-0.0080000000000000002,15747.732333441636,9448.6394000649816
-0.0074999999999999997,-0.0080000000000000002,16259.335893249588,9755.6015359497524
-0.0069999999999999993,-0.0080000000000000002,16741.711957702464,10045.027174621478
-0.0064999999999999988,-0.0080000000000000002,17192.35396173954,10315.412377043724
-0.0059999999999999984,-0.0080000000000000002,17601.581976441725,10560.949185865034
-0.0054999999999999979,-0.0080000000000000002,17955.130208649738,10773.078125189842
-0.005000000000000001,-0.0080000000000000002,18237.729624759715,10942.637774855828
-0.0044999999999999971,-0.0080000000000000002,18436.9083050919,11062.144983055139
-0.0040000000000000001,-0.0080000000000000002,18546.262484953822,11127.757490972293
-0.0035000000000000031,-0.0080000000000000002,18567.616670596137,11140.570002357681
-0.0029999999999999992,-0.0080000000000000002,18511.734483947039,11107.040690368223
-0.0025000000000000022,-0.0080000000000000002,18397.506153105969,11038.503691863581
-0.0019999999999999983,-0.0080000000000000002,18249.780392605207,10949.868235563124
-0.0015000000000000013,-0.0080000000000000002,18096.200943620192,10857.720566172115
-0.00099999999999999742,-0.0080000000000000002,17963.537116995205,10778.122270197122
-0.00050000000000000044,-0.0080000000000000002,17874.056210292176,10724.433726175304
0,-0.0080000000000000002,17842.470541646486,10705.482324987892
0.00050000000000000044,-0.0080000000000000002,17873.904760394951,10724.34285623697
0.0010000000000000009,-0.0080000000000000002,17963.179587671195,10777.907752602716
0.0015000000000000013,-0.0080000000000000002,18095.515566259841,10857.309339755904
0.0020000000000000018,-0.0080000000000000002,18248.552493643387,10949.131496186032
0.0024999999999999988,-0.0080000000000000002,18395.388015081819,11037.23280904909
0.0030000000000000027,-0.0080000000000000002,18508.190100487504,11104.914060292502
0.0034999999999999996,-0.0080000000000000002,18561.85214750372,11137.111288502232
0.0040000000000000036,-0.0080000000000000002,18537.14566658171,11122.287399949026
0.0045000000000000005,-0.0080000000000000002,18422.885378537649,11053.731227122589
0.0049999999999999975,-0.0080000000000000002,18216.751590479926,10930.050954287955
0.0055000000000000014,-0.0080000000000000002,17924.607312473145,10754.764387483887
0.0059999999999999984,-0.0080000000000000002,17558.388061266407,10535.032836759843
0.0064999999999999988,-0.0080000000000000002,17132.90345420767,10279.742072524601
0.0069999999999999993,-0.0080000000000000002,16662.128134290237,9997.2768805741416
0.0074999999999999997,-0.0080000000000000002,16155.719065838846,9693.431439503307
0.0080000000000000002,-0.0080000000000000002,15616.520790023558,9369.9124740141342
0.0085000000000000006,-0.0080000000000000002,15039.674411102853,9023.8046466617106
0.0090000000000000011,-0.0080000000000000002,14413.635207030513,8648.1811242183066
0.0095000000000000015,-0.0080000000000000002,13722.983808116085,8233.7902848696503
0.010000000000000002,-0.0080000000000000002,12952.485809037222,7771.4914854223325
0.010500000000000002,-0.0080000000000000002,12091.530360259603,7254.9182161557619
0.011000000000000003,-0.0080000000000000002,11137.955950627855,6682.773570376713
0.011500000000000003,-0.0080000000000000002,10100.394082766599,6060.2364496599594
0.012000000000000004,-0.0080000000000000002,8998.6010506080329,5399.1606303648196
0.012499999999999997,-0.0080000000000000002,7861.7129143480643,4717.027748608838
0.013000000000000005,-0.0080000000000000002,6724.8225112752243,4034.8935067651346
0.013499999999999998,-0.0080000000000000002,5624.6188833288388,3374.7713299973034
0.014000000000000005,-0.0080000000000000002,4594.9700581674097,2756.9820349004458
0.014499999999999999,-0.0080000000000000002,3663.2536116273632,2197.9521669764176
0.014999999999999999,-0.0080000000000000002,2847.9908113455722,1708.7944868073432
0.0155,-0.0080000000000000002,2158.0045202623592,1294.8027121574155
0.016000000000000007,-0.0080000000000000002,1592.9932536685501,955.79595220113004
0.016500000000000001,-0.0080000000000000002,1145.1698300331914,687.10189801991476
0.017000000000000001,-0.0080000000000000002,801.49247640484327,480.89548584290594
0.017500000000000002,-0.0080000000000000002,546.01896140785016,327.61137684471009
0.017999999999999995,-0.0080000000000000002,362.00979468594716,217.20587681156829
0.018500000000000003,-0.0080000000000000002,233.54950544654514,140.12970326792708
0.019000000000000003,-0.0080000000000000002,146.60135477493949,87.9608128649637
0.019500000000000003,-0.0080000000000000002,89.528581888787471,53.717149133272478
0.019999999999999997,-0.0080000000000000002,53.189043171725281,31.913425903035169
0.020499999999999997,-0.0080000000000000002,30.739552747142106,18.443731648285262
0.021000000000000005,-0.0080000000000000002,17.281073108815484,10.36864386528929
0.021500000000000005,-0.0080000000000000002,9.4499234829701191,5.6699540897820713
0.021999999999999999,-0.0080000000000000002,5.0264322540050861,3.0158593524030515
0.022499999999999999,-0.0080000000000000002,2.6005017154138779,1.5603010292483266
0.023000000000000007,-0.0080000000000000002,1.3086207980408799,0.7851724788245279
0.023500000000000007,-0.0080000000000000002,0.64050841608441766,0.3843050496506506
0.024,-0.0080000000000000002,0.30492026397075322,0.18295215838245193
0.024500000000000001,-0.0080000000000000002,0.1411871220512162,0.084712273230729718
0.025000000000000001,-0.0080000000000000002,0.063584144376362395,0.038150486625817437
-0.025000000000000001,-0.0074999999999999997,0.11113809163821997,0.066682854982931986
-0.024500000000000001,-0.0074999999999999997,0.23898058331714955,0.14338834999028974
-0.024,-0.0074999999999999997,0.50071567637420855,0.3004294058245251
-0.0235,-0.0074999999999999997,1.0221815990271406,0.61330895941628427
-0.023,-0.0074999999999999997,2.0330645071401903,1.2198387042841141
-0.022500000000000003,-0.0074999999999999997,3.9394663626908555,2.3636798176145133
-0.022000000000000002,-0.0074999999999999997,7.4364071090877193,4.4618442654526316
-0.021500000000000002,-0.0074999999999999997,13.674292042253454,8.2045752253520714
-0.021000000000000001,-0.0074999999999999997,24.492861107985316,14.695716664791188
-0.020500000000000001,-0.0074999999999999997,42.731242353037366,25.63874541182242
-0.02,-0.0074999999999999997,72.611146389593017,43.566687833755807
-0.0195,-0.0074999999999999997,120.17005797715916,72.102034786295491
-0.019,-0.0074999999999999997,193.69210904485377,116.21526542691225
-0.018500000000000003,-0.0074999999999999997,304.04864262979788,182.42918557787871
-0.018000000000000002,-0.0074999999999999997,464.82490373656259,278.89494224193754
-0.017500000000000002,-0.0074999999999999997,692.08496101087349,415.25097660652409
-0.017000000000000001,-0.0074999999999999997,1003.6283744079238,602.17702464475428
-0.016500000000000001,-0.0074999999999999997,1417.6338157622924,850.58028945737544
-0.016,-0.0074999999999999997,1950.6760045446556,1170.4056027267934
-0.0155,-0.0074999999999999997,2615.2404364731187,1569.1442618838712
-0.015000000000000001,-0.0074999999999999997,3417.0261934888545,2050.2157160933125
-0.014500000000000001,-0.0074999999999999997,4352.4836028542213,2611.4901617125329
-0.014,-0.0074999999999999997,5407.1313161532944,3244.2787896919767
-0.0135,-0.0074999999999999997,6555.1873171791385,3933.1123903074831
-0.012999999999999999,-0.0074999999999999997,7760.8986263809938,4656.5391758285959
-0.012500000000000001,-0.0074999999999999997,8981.6673184415667,5389.0003910649402
-0.012,-0.0074999999999999997,10172.691575704563,6103.614945422737
-0.0115,-0.0074999999999999997,11292.454919711514,6775.4729518269078
-0.010999999999999999,-0.0074999999999999997,12308.109636631332,7384.8657819787986
-0.010499999999999999,-0.0074999999999999997,13199.706294114067,7919.82377646844
-0.010000000000000002,-0.0074999999999999997,13962.371567542223,8377.4229405253336
-0.0095000000000000015,-0.0074999999999999997,14605.917299223724,8763.5503795342338
-0.0090000000000000011,-0.0074999999999999997,15151.892874349465,9091.1357246096795
-0.0085000000000000006,-0.0074999999999999997,15628.641369109417,9377.1848214656493
-0.0080000000000000002,-0.0074999999999999997,16065.348612658137,9639.2091675948814
-0.0074999999999999997,-0.0074999999999999997,16486.276556116769,9891.7659336700617
-0.0069999999999999993,-0.0074999999999999997,16906.304536642023,10143.782721985213
-0.0064999999999999988,-0.0074999999999999997,17328.593096009219,10397.15585760553
-0.0059999999999999984,-0.0074999999999999997,17744.722267850106,10646.833360710063
-0.0054999999999999979,-0.0074999999999999997,18137.154720111179,10882.292832066707
-0.005000000000000001,-0.0074999999999999997,18483.442202039325,11090.065321223594
-0.0044999999999999971,-0.0074999999999999997,18761.307364461012,11256.784418676607
-0.0040000000000000001,-0.0074999999999999997,18953.625497900946,11372.175298740567
-0.0035000000000000031,-0.0074999999999999997,19052.397156020317,11431.438293612189
-0.0029999999999999992,-0.0074999999999999997,19061.012506067855,11436.607503640713
-0.0025000000000000022,-0.0074999999999999997,18994.418261026254,11396.650956615753
-0.0019999999999999983,-0.0074999999999999997,18877.159821968064,11326.295893180837
-0.0015000000000000013,-0.0074999999999999997,18739.633809194282,11243.780285516568
-0.00099999999999999742,-0.0074999999999999997,18613.196681817109,11167.918009090265
-0.00050000000000000044,-0.0074999999999999997,18524.98255224216,11114.989531345296
0,-0.0074999999999999997,18493.346562567211,11096.007937540326
0.00050000000000000044,-0.0074999999999999997,18524.749605369216,11114.849763221529
0.0010000000000000009,-0.0074999999999999997,18612.64676174759,11167.588057048553
0.0015000000000000013,-0.0074999999999999997,18738.579622193829,11243.147773316297
0.0020000000000000018,-0.0074999999999999997,18875.271176094546,11325.162705656727
0.0024999999999999988,-0.0074999999999999997,18991.160327952581,11394.696196771549
0.0030000000000000027,-0.0074999999999999997,19055.560848070607,11433.336508842363
0.0034999999999999996,-0.0074999999999999997,19043.53067507211,11426.118405043266
0.0040000000000000036,-0.0074999999999999997,18939.602812050151,11363.76168723009
0.0045000000000000005,-0.0074999999999999997,18739.738535758617,11243.843121455169
0.0049999999999999975,-0.0074999999999999997,18451.175640124216,11070.70538407453
0.0055000000000000014,-0.0074999999999999997,18090.207093552126,10854.124256131276
0.0059999999999999984,-0.0074999999999999997,17678.285197542573,10606.971118525544
0.0064999999999999988,-0.0074999999999999997,17237.151569287631,10342.290941572579
0.0069999999999999993,-0.0074999999999999997,16783.895719337084,10070.337431602251
0.0074999999999999997,-0.0074999999999999997,16326.902291945762,9796.1413751674572
0.0080000000000000002,-0.0074999999999999997,15863.530590377806,9518.1183542266826
0.0085000000000000006,-0.0074999999999999997,15380.077521317786,9228.0465127906718
0.0090000000000000011,-0.0074999999999999997,14854.142548990767,8912.4855293944602
0.0095000000000000015,-0.0074999999999999997,14259.018504772279,8555.411102863367
0.010000000000000002,-0.0074999999999999997,13569.283735235938,8141.5702411415623
0.010500000000000002,-0.0074999999999999997,12766.482127001311,7659.8892762007863
0.011000000000000003,-0.0074999999999999997,11843.73123276437,7106.2387396586219
0.011500000000000003,-0.0074999999999999997,10808.31865192288,6484.9911911537283
0.012000000000000004,-0.0074999999999999997,9681.7842809092381,5809.0705685455423
0.012499999999999997,-0.0074999999999999997,8497.531050652924,5098.5186303917544
0.013000000000000005,-0.0074999999999999997,7296.5202225139383,4377.9121335083628
0.013499999999999998,-0.0074999999999999997,6121.9631500660798,3673.177890039648
0.014000000000000005,-0.0074999999999999997,5014.0434838459551,3008.4260903075728
0.014499999999999999,-0.0074999999999999997,4005.5848083993142,2403.3508850395883
0.014999999999999999,-0.0074999999999999997,3119.2758681188993,1871.5655208713395
0.0155,-0.0074999999999999997,2366.6765886458729,1420.0059531875238
0.016000000000000007,-0.0074999999999999997,1748.8579821546521,1049.3147892927911
0.016500000000000001,-0.0074999999999999997,1258.2595512627745,754.9557307576647
0.017000000000000001,-0.0074999999999999997,881.21955614582043,528.73173368749224
0.017500000000000002,-0.0074999999999999997,600.64343157676296,360.38605894605774
0.017999999999999995,-0.0074999999999999997,398.38782595251928,239.03269557151157
0.018500000000000003,-0.0074999999999999997,257.10099602780292,154.26059761668174
0.019000000000000003,-0.0074999999999999997,161.4254948708346,96.855296922500756
0.019500000000000003,-0.0074999999999999997,98.60109675048966,59.16065805029379
0.019999999999999997,-0.0074999999999999997,58.588133674975666,35.152880204985401
0.020499999999999997,-0.0074999999999999997,33.863977299280855,20.318386379568512
0.021000000000000005,-0.0074999999999999997,19.039373669505988,11.423624201703593
0.021500000000000005,-0.0074999999999999997,10.412207529558371,6.2473245177350227
0.021999999999999999,-0.0074999999999999997,5.5385987115243616,3.3231592269146168
0.022499999999999999,-0.0074999999999999997,2.8656110154748973,1.7193666092849382
0.023000000000000007,-0.0074999999999999997,1.4420808537667389,0.86524851226004329
0.023500000000000007,-0.0074999999999999997,0.70585084449109614,0.42351050669465767
0.024,-0.0074999999999999997,0.3360346252056538,0.20162077512339227
0.024500000000000001,-0.0074999999999999997,0.15559670172346216,0.093358021034077296
0.025000000000000001,-0.0074999999999999997,0.070074507785573781,0.042044704671344267
-0.025000000000000001,-0.0069999999999999993,0.13654434948296706,0.08192660968978023
-0.024500000000000001,-0.0069999999999999993,0.2915257446322273,0.17491544677933638
-0.024,-0.0069999999999999993,0.60655281018880614,0.36393168611328369
-0.0235,-0.0069999999999999993,1.2298092069190232,0.73788552415141384
-0.023,-0.0069999999999999993,2.4298003708987546,1.4578802225392526
-0.022500000000000003,-0.0069999999999999993,4.6779036750381895,2.8067422050229136
-0.022000000000000002,-0.0069999999999999993,8.7753018839897869,5.2651811303938718
-0.021500000000000002,-0.0069999999999999993,16.039245072903096,9.6235470437418567
-0.021000000000000001,-0.0069999999999999993,28.562553682911044,17.137532209746627
-0.020500000000000001,-0.0069999999999999993,49.554312365495996,29.732587419297595
-0.02,-0.0069999999999999993,83.756370710462406,50.253822426277445
-0.0195,-0.0069999999999999993,137.90764904481367,82.744589426888197
-0.019,-0.0069999999999999993,221.19615537734714,132.71769322640827
-0.018500000000000003,-0.0069999999999999993,345.60004549274578,207.36002729564746
-0.018000000000000002,-0.0069999999999999993,525.98144004999483,315.5888640299969
-0.017500000000000002,-0.0069999999999999993,779.77228392616348,467.86337035569807
-0.017000000000000001,-0.0069999999999999993,1126.0959463145255,675.65756778871526
-0.016500000000000001,-0.0069999999999999993,1584.2169205572427,950.53015233434553
-0.016,-0.0069999999999999993,2171.3132391623103,1302.7879434973861
-0.0155,-0.0069999999999999993,2899.7186409792171,1739.8311845875303
-0.015000000000000001,-0.0069999999999999993,3773.9626228754546,2264.3775737252727
-0.014500000000000001,-0.0069999999999999993,4788.1058506070067,2872.8635103642041
-0.014,-0.0069999999999999993,5923.9726176416088,3554.3835705849651
-0.0135,-0.0069999999999999993,7150.8681964148409,4290.520917848904
-0.012999999999999999,-0.0069999999999999993,8427.2028713472428,5056.3217228083458
-0.012500000000000001,-0.0069999999999999993,9704.1285236960412,5822.4771142176241
-0.012,-0.0069999999999999993,10930.876593493824,6558.5259560962941
-0.0115,-0.0069999999999999993,12061.059095474262,7236.6354572845567
-0.010999999999999999,-0.0069999999999999993,13058.87026213362,7835.3221572801713
-0.010499999999999999,-0.0069999999999999993,13904.008462153783,8342.4050772922692
-0.010000000000000002,-0.0069999999999999993,14594.285097111331,8756.571058266798
-0.0095000000000000015,-0.0069999999999999993,15145.289597839166,9087.1737587034986
-0.0090000000000000011,-0.0069999999999999993,15587.055671163647,9352.233402698188
-0.0085000000000000006,-0.0069999999999999993,15958.289571543926,9574.973742926355
-0.0080000000000000002,-0.0069999999999999993,16299.227867078225,9779.5367202469351
-0.0074999999999999997,-0.0069999999999999993,16644.469687318742,9986.6818123912453
-0.0069999999999999993,-0.0069999999999999993,17017.117710361279,10210.270626216767
-0.0064999999999999988,-0.0069999999999999993,17425.277509843108,10455.166505905865
-0.0059999999999999984,-0.0069999999999999993,17861.483315316444,10716.889989189865
-0.0054999999999999979,-0.0069999999999999993,18305.052075237789,10983.031245142673
-0.005000000000000001,-0.0069999999999999993,18726.83262103481,11236.099572620886
-0.0044999999999999971,-0.0069999999999999993,19095.406297713427,11457.243778628055
-0.0040000000000000001,-0.0069999999999999993,19383.568421941796,11630.141053165078
-0.0035000000000000031,-0.0069999999999999993,19573.899519128379,11744.339711477027
-0.0029999999999999992,-0.0069999999999999993,19662.414621068579,11797.448772641148
-0.0025000000000000022,-0.0069999999999999993,19659.626885069694,11795.776131041815
-0.0019999999999999983,-0.0069999999999999993,19588.826122781484,11753.29567366889
-0.0015000000000000013,-0.0069999999999999993,19481.8817731409,11689.12906388454
-0.00099999999999999742,-0.0069999999999999993,19373.347124590779,11624.008274754467
-0.00050000000000000044,-0.0069999999999999993,19293.977934498565,11576.386760699139
0,-0.0069999999999999993,19264.910098132321,11558.946058879392
0.00050000000000000044,-0.0069999999999999993,19293.629451936366,11576.177671161819
0.0010000000000000009,-0.0069999999999999993,19372.524458235952,11623.514674941571
0.0015000000000000013,-0.0069999999999999993,19480.304736358572,11688.182841815144
0.0020000000000000018,-0.0069999999999999993,19586.00075687388,11751.600454124327
0.0024999999999999988,-0.0069999999999999993,19654.753100542544,11792.851860325527
0.0030000000000000027,-0.0069999999999999993,19654.259080180105,11792.555448108064
0.0034999999999999996,-0.0069999999999999993,19560.635490470228,11736.381294282137
0.0040000000000000036,-0.0069999999999999993,19362.590842665904,11617.554505599543
0.0045000000000000005,-0.0069999999999999993,19063.139881792336,11437.883929075402
0.0049999999999999975,-0.0069999999999999993,18678.562669918683,11207.13760195121
0.0055000000000000014,-0.0069999999999999993,18234.819627015204,10940.891776209122
0.0059999999999999984,-0.0069999999999999993,17762.095157864769,10657.257094718861
0.0064999999999999988,-0.0069999999999999993,17288.48332531091,10373.089995186545
0.0069999999999999993,-0.0069999999999999993,16833.997251384666,10100.398350830799
0.0074999999999999997,-0.0069999999999999993,16406.0498655558,9843.6299193334798
0.0080000000000000002,-0.0069999999999999993,15997.31326906637,9598.3879614398211
0.0085000000000000006,-0.0069999999999999993,15586.444414514041,9351.8666487084247
0.0090000000000000011,-0.0069999999999999993,15141.628802082036,9084.9772812492211
0.0095000000000000015,-0.0069999999999999993,14626.337876411006,8775.8027258466027
0.010000000000000002,-0.0069999999999999993,14006.235756754335,8403.7414540526006
0.010500000000000002,-0.0069999999999999993,13255.916191775736,7953.549715065441
0.011000000000000003,-0.0069999999999999993,12364.172050622401,7418.5032303734406
0.011500000000000003,-0.0069999999999999993,11336.803625022116,6802.0821750132691
0.012000000000000004,-0.0069999999999999993,10196.491839869868,6117.895103921921
0.012499999999999997,-0.0069999999999999993,8979.8730532438749,5387.9238319463248
0.013000000000000005,-0.0069999999999999993,7732.5046598358831,4639.5027959015297
0.013499999999999998,-0.0069999999999999993,6502.77592603635,3901.6655556218097
0.014000000000000005,-0.0069999999999999993,5335.9232772830446,3201.5539663698269
0.014499999999999999,-0.0069999999999999993,4269.154129173673,2561.4924775042036
0.014999999999999999,-0.0069999999999999993,3328.5357537770142,1997.1214522662085
0.0155,-0.0069999999999999993,2527.873483896064,1516.7240903376385
0.016000000000000007,-0.0069999999999999993,1869.3986409863969,1121.6391845918381
0.016500000000000001,-0.0069999999999999993,1345.7970983028688,807.4782589817213
0.017000000000000001,-0.0069999999999999993,942.975485906019,565.78529154361138
0.017500000000000002,-0.0069999999999999993,642.97809533610575,385.78685720166345
0.017999999999999995,-0.0069999999999999993,426.59327141364815,255.95596284818888
0.018500000000000003,-0.0069999999999999993,275.36756728643752,165.22054037186251
0.019000000000000003,-0.0069999999999999993,172.92612608323023,103.75567564993814
0.019500000000000003,-0.0069999999999999993,105.6410348707947,63.384620922476813
0.019999999999999997,-0.0069999999999999993,62.778302454655474,37.666981472793282
0.020499999999999997,-0.0069999999999999993,36.289110705503695,21.773466423302217
0.021000000000000005,-0.0069999999999999993,20.404275997164426,12.242565598298656
0.021500000000000005,-0.0069999999999999993,11.159250099198545,6.6955500595191264
0.021999999999999999,-0.0069999999999999993,5.936229074833161,3.5617374448998964
0.022499999999999999,-0.0069999999999999993,3.0714435491568595,1.8428661294941155
0.023000000000000007,-0.0069999999999999993,1.5457039451990817,0.92742236711944903
0.023500000000000007,-0.0069999999999999993,0.75658649115048449,0.45395189469029068
0.024,-0.0069999999999999993,0.36019417084657301,0.21611650250794381
0.024500000000000001,-0.0069999999999999993,0.16678559106429081,0.10007135463857449
0.025000000000000001,-0.0069999999999999993,0.075114278611611962,0.045068567166967173
-0.025000000000000001,-0.0064999999999999988,0.16769505283332797,0.10061703169999678
-0.024500000000000001,-0.0064999999999999988,0.35538685885170951,0.21323211531102571
-0.024,-0.0064999999999999988,0.7339857015106015,0.44039142090636091
-0.0235,-0.0064999999999999988,1.4773383498182684,0.88640300989096099
-0.023,-0.0064999999999999988,2.8978532701064621,1.7387119620638771
-0.022500000000000003,-0.0064999999999999988,5.5395159788205177,3.3237095872923104
-0.022000000000000002,-0.0064999999999999988,10.319496346116518,6.1916978076699101
-0.021500000000000002,-0.0064999999999999988,18.733817947645036,11.240290768587021
-0.021000000000000001,-0.0064999999999999988,33.140807596285164,19.884484557771099
-0.020500000000000001,-0.0064999999999999988,57.128827720076167,34.277296632045697
-0.02,-0.0064999999999999988,95.959635476678159,57.575781286006894
-0.0195,-0.0064999999999999988,157.0538140714429,94.232288442865737
-0.019,-0.0064999999999999988,250.45023951594743,150.27014370956846
-0.018500000000000003,-0.0064999999999999988,389.13107959605378,233.47864775763225
-0.018000000000000002,-0.0064999999999999988,589.06563627464493,353.43938176478696
-0.017500000000000002,-0.0064999999999999988,868.80357359879292,521.28214415927573
-0.017000000000000001,-0.0064999999999999988,1248.4570983759052,749.07425902554303
-0.016500000000000001,-0.0064999999999999988,1747.9681193023489,1048.7808715814092
-0.016,-0.0064999999999999988,2384.6690969828887,1430.8014581897332
-0.0155,-0.0064999999999999988,3170.3102807236201,1902.186168434172
-0.015000000000000001,-0.0064999999999999988,4107.9174523611564,2464.7504714166939
-0.014500000000000001,-0.0064999999999999988,5189.0198872702113,3113.4119323621267
-0.014,-0.0064999999999999988,6391.8919275892204,3835.1351565535319
-0.0135,-0.0064999999999999988,7681.428624216489,4608.8571745298932
-0.012999999999999999,-0.0064999999999999988,9011.0919658975999,5406.6551795385594
-0.012500000000000001,-0.0064999999999999988,10327.023311449186,6196.2139868695112
-0.012,-0.0064999999999999988,11573.972019740817,6944.3832118444898
-0.0115,-0.0064999999999999988,12702.235739948503,7621.3414439691014
-0.010999999999999999,-0.0064999999999999988,13674.462755598233,8204.67765335894
-0.010499999999999999,-0.0064999999999999988,14471.039040513275,8682.6234243079653
-0.010000000000000002,-0.0064999999999999988,15092.93451244712,9055.760707468271
-0.0095000000000000015,-0.0064999999999999988,15561.306261246937,9336.783756748162
-0.0090000000000000011,-0.0064999999999999988,15913.768734431866,9548.2612406591197
-0.0085000000000000006,-0.0064999999999999988,16197.904612574179,9718.7427675445069
-0.0080000000000000002,-0.0064999999999999988,16463.150873139708,9877.8905238838252
-0.0074999999999999997,-0.0064999999999999988,16752.523641079468,10051.51418464768
-0.0069999999999999993,-0.0064999999999999988,17095.673703980116,10257.40422238807
-0.0064999999999999988,-0.0064999999999999988,17504.49622545101,10502.697735270605
-0.0059999999999999984,-0.0064999999999999988,17972.022361975451,10783.21341718527
-0.0054999999999999979,-0.0064999999999999988,18474.706701146912,11084.824020688147
-0.005000000000000001,-0.0064999999999999988,18977.612817604477,11386.567690562686
-0.0044999999999999971,-0.0064999999999999988,19441.495817809177,11664.897490685506
-0.0040000000000000001,-0.0064999999999999988,19830.463184502092,11898.277910701256
-0.0035000000000000031,-0.0064999999999999988,20118.808132215578,12071.284879329347
-0.0029999999999999992,-0.0064999999999999988,20295.764627362048,12177.458776417228
-0.0025000000000000022,-0.0064999999999999988,20367.308965437005,12220.385379262203
-0.0019999999999999983,-0.0064999999999999988,20354.674438919788,12212.804663351873
-0.0015000000000000013,-0.0064999999999999988,20289.865784239282,12173.919470543569
-0.00099999999999999742,-0.0064999999999999988,20209.046886943266,12125.42813216596
-0.00050000000000000044,-0.0064999999999999988,20145.110157094412,12087.066094256646
0,-0.0064999999999999988,20120.919963377644,12072.551978026586
0.00050000000000000044,-0.0064999999999999988,20144.603117958271,12086.761870774963
0.0010000000000000009,-0.0064999999999999988,20207.849914459897,12124.709948675938
0.0015000000000000013,-0.0064999999999999988,20287.571209260466,12172.542725556279
0.0020000000000000018,-0.0064999999999999988,20350.563555781067,12210.33813346864
0.0024999999999999988,-0.0064999999999999988,20360.217650793307,12216.130590475985
0.0030000000000000027,-0.0064999999999999988,20283.898385387751,12170.33903123265
0.0034999999999999996,-0.0064999999999999988,20099.509084394715,12059.705450636828
0.0040000000000000036,-0.0064999999999999988,19799.940986756195,11879.964592053717
0.0045000000000000005,-0.0064999999999999988,19394.548459663489,11636.729075798094
0.0049999999999999975,-0.0064999999999999988,18907.380453146467,11344.42827188788
0.0055000000000000014,-0.0064999999999999988,18372.519091955441,11023.511455173264
0.0059999999999999984,-0.0064999999999999988,17827.413446168532,10696.448067701118
0.0064999999999999988,-0.0064999999999999988,17305.461861386964,10383.277116832178
0.0069999999999999993,-0.0064999999999999988,16829.235008328185,10097.54100499691
0.0074999999999999997,-0.0064999999999999988,16405.624847339575,9843.3749084037445
0.0080000000000000002,-0.0064999999999999988,16023.867725084547,9614.320635050728
0.0085000000000000006,-0.0064999999999999988,15656.873101528334,9394.1238609169995
0.0090000000000000011,-0.0064999999999999988,15265.676464077846,9159.405878446707
0.0095000000000000015,-0.0064999999999999988,14806.235961967621,8883.7415771805718
0.010000000000000002,-0.0064999999999999988,14237.327770855789,8542.3966625134726
0.010500000000000002,-0.0064999999999999988,13528.0703512328,8116.84221073968
0.011000000000000003,-0.0064999999999999988,12663.682822098786,7598.2096932592713
0.011500000000000003,-0.0064999999999999988,11648.450248450363,6989.0701490702177
0.012000000000000004,-0.0064999999999999988,10505.448508191459,6303.2691049148752
0.012499999999999997,-0.0064999999999999988,9273.2378199510113,5563.9426919706066
0.013000000000000005,-0.0064999999999999988,8000.3120323979574,4800.1872194387743
0.013499999999999998,-0.0064999999999999988,6738.4599349353603,4043.075960961216
0.014000000000000005,-0.0064999999999999988,5536.285185995619,3321.7711115973711
0.014499999999999999,-0.0064999999999999988,4433.9495879833748,2660.3697527900249
0.014999999999999999,-0.0064999999999999988,3459.8251819826605,2075.895109189596
0.0155,-0.0064999999999999988,2629.2787696002765,1577.5672617601658
0.016000000000000007,-0.0064999999999999988,1945.3859486890351,1167.2315692134209
0.016500000000000001,-0.0064999999999999988,1401.0693248474377,840.64159490846259
0.017000000000000001,-0.0064999999999999988,982.01840064059661,589.21104038435794
0.017500000000000002,-0.0064999999999999988,669.76920363059628,401.86152217835775
0.017999999999999995,-0.0064999999999999988,444.45670419413392,266.67402251648036
0.018500000000000003,-0.0064999999999999988,286.94342677851552,172.16605606710931
0.019000000000000003,-0.0064999999999999988,180.21776130963849,108.13065678578309
0.019500000000000003,-0.0064999999999999988,110.1061674694477,66.063700481668619
0.019999999999999997,-0.0064999999999999988,65.436726269204399,39.26203576152264
0.020499999999999997,-0.0064999999999999988,37.82807319160824,22.696843914964944
0.021000000000000005,-0.0064999999999999988,21.270583605452668,12.7623501632716
0.021500000000000005,-0.0064999999999999988,11.633467157524981,6.9800802945149885
0.021999999999999999,-0.0064999999999999988,6.1886697833176534,3.7132018699905918
0.022499999999999999,-0.0064999999999999988,3.2021302877367157,1.9212781726420294
0.023000000000000007,-0.0064999999999999988,1.6115005610188058,0.96690033661128338
0.023500000000000007,-0.0064999999999999988,0.78880336117274141,0.47328201670364484
0.024,-0.0064999999999999988,0.37553599635063106,0.22532159781037864
0.024500000000000001,-0.0064999999999999988,0.1738910063522065,0.10433460381132389
0.025000000000000001,-0.0064999999999999988,0.07831482711611909,0.046988896269671454
-0.025000000000000001,-0.0059999999999999984,0.2059067543104961,0.12354405258629765
-0.024500000000000001,-0.0059999999999999984,0.43318919032976239,0.25991351419785741
-0.024,-0.0059999999999999984,0.88809530182586738,0.53285718109552038
-0.0235,-0.0059999999999999984,1.7743108600719399,1.064586516043164
-0.023,-0.0059999999999999984,3.4546047858284332,2.0727628714970598
-0.022500000000000003,-0.0059999999999999984,6.5550038881035482,3.9330023328621286
-0.022000000000000002,-0.0059999999999999984,12.121543991982875,7.2729263951897245
-0.021500000000000002,-0.0059999999999999984,21.845148697579244,13.107089218547546
-0.021000000000000001,-0.0059999999999999984,38.367474289184727,23.020484573510835
-0.020500000000000001,-0.0059999999999999984,65.671864259426798,39.403118555656079
-0.02,-0.0059999999999999984,109.54646399796511,65.727878398779055
-0.0195,-0.0059999999999999984,178.07952576116165,106.84771545669699
-0.019,-0.0059999999999999984,282.11065493236543,169.26639295941925
-0.018500000000000003,-0.0059999999999999984,435.5205451517873,261.31232709107235
-0.018000000000000002,-0.0059999999999999984,655.20471716388693,393.12283029833213
-0.017500000000000002,-0.0059999999999999984,960.55773784714324,576.33464270828597
-0.017000000000000001,-0.0059999999999999984,1372.3099664873059,823.38597989238349
-0.016500000000000001,-0.0059999999999999984,1910.6241849247276,1146.3745109548365
-0.016,-0.0059999999999999984,2592.4819042502122,1555.4891425501273
-0.0155,-0.0059999999999999984,3428.5615726053738,2057.1369435632241
-0.015000000000000001,-0.0059999999999999984,4420.0069149397241,2652.0041489638343
-0.014500000000000001,-0.0059999999999999984,5555.6576944864628,3333.3946166918777
-0.014,-0.0059999999999999984,6810.4100645332865,4086.2460387199717
-0.0135,-0.0059999999999999984,8145.3351594042633,4887.2010956425574
-0.012999999999999999,-0.0059999999999999984,9509.98058027773,5705.9883481666375
-0.012500000000000001,-0.0059999999999999984,10846.917678480128,6508.150607088076
-0.012,-0.0059999999999999984,12098.134424565917,7258.8806547395498
-0.0115,-0.0059999999999999984,13212.408524573628,7927.445114744176
-0.010999999999999999,-0.0059999999999999984,14152.4487242043,8491.4692345225794
-0.010499999999999999,-0.0059999999999999984,14900.471996851516,8940.2831981109102
-0.010000000000000002,-0.0059999999999999984,15461.05140402184,9276.6308424131039
-0.0095000000000000015,-0.0059999999999999984,15860.513530449767,9516.3081182698606
-0.0090000000000000011,-0.0059999999999999984,16142.800675214821,9685.6804051288927
-0.0085000000000000006,-0.0059999999999999984,16362.402042352642,9817.441225411585
-0.0080000000000000002,-0.0059999999999999984,16575.543604309569,9945.3261625857413
-0.0074999999999999997,-0.0059999999999999984,16831.177076680011,10098.706246008007
-0.0069999999999999993,-0.0059999999999999984,17163.352051724454,10298.011231034672
-0.0064999999999999988,-0.0059999999999999984,17586.291726215662,10551.775035729397
-0.0059999999999999984,-0.0059999999999999984,18092.986753757436,10855.792052254461
-0.0054999999999999979,-0.0059999999999999984,18657.480654291372,11194.488392574824
-0.005000000000000001,-0.0059999999999999984,19240.365286848082,11544.219172108849
-0.0044999999999999971,-0.0059999999999999984,19796.448187825888,11877.868912695532
-0.0040000000000000001,-0.0059999999999999984,20283.183175049799,12169.909905029879
-0.0035000000000000031,-0.0059999999999999984,20668.328756708746,12400.997254025247
-0.0029999999999999992,-0.0059999999999999984,20935.438563014846,12561.263137808908
-0.0025000000000000022,-0.0059999999999999984,21086.179490920764,12651.707694552459
-0.0019999999999999983,-0.0059999999999999984,21139.060564338572,12683.436338603142
-0.0015000000000000013,-0.0059999999999999984,21124.842106588745,12674.905263953247
-0.00099999999999999742,-0.0059999999999999984,21079.553438992189,12647.732063395313
-0.00050000000000000044,-0.0059999999999999984,21036.541764036734,12621.925058422041
0,-0.0059999999999999984,21019.190811163084,12611.51448669785
0.00050000000000000044,-0.0059999999999999984,21035.824237153796,12621.494542292277
0.0010000000000000009,-0.0059999999999999984,21077.859565928491,12646.715739557094
0.0015000000000000013,-0.0059999999999999984,21121.594982028029,12672.956989216817
0.0020000000000000018,-0.0059999999999999984,21133.243125497309,12679.945875298385
0.0024999999999999988,-0.0059999999999999984,21076.144350574563,12645.686610344737
0.0030000000000000027,-0.0059999999999999984,20918.646274197174,12551.187764518303
0.0034999999999999996,-0.0059999999999999984,20641.018072701463,12384.610843620878
0.0040000000000000036,-0.0059999999999999984,20239.990261825089,12143.994157095052
0.0045000000000000005,-0.0059999999999999984,19730.011518245356,11838.006910947213
0.0049999999999999975,-0.0059999999999999984,19140.977279180497,11484.586367508298
0.0055000000000000014,-0.0059999999999999984,18512.871783947456,11107.723070368473
0.0059999999999999984,-0.0059999999999999984,17888.346170403409,10733.007702242045
0.0064999999999999988,-0.0059999999999999984,17304.631994917028,10382.779196950216
0.0069999999999999993,-0.0059999999999999984,16786.306350205632,10071.783810123379
0.0074999999999999997,-0.0059999999999999984,16340.269782896521,9804.1618697379126
0.0080000000000000002,-0.0059999999999999984,15953.900331666346,9572.3401989998074
0.0085000000000000006,-0.0059999999999999984,15596.771490352927,9358.0628942117564
0.0090000000000000011,-0.0059999999999999984,15225.665106274089,9135.3990637644529
0.0095000000000000015,-0.0059999999999999984,14791.990018911043,8875.1940113466262
0.010000000000000002,-0.0059999999999999984,14250.255639847324,8550.153383908395
0.010500000000000002,-0.0059999999999999984,13566.047617952308,8139.6285707713851
0.011000000000000003,-0.0059999999999999984,12722.062540339621,7633.2375242037724
0.011500000000000003,-0.0059999999999999984,11721.163835358779,7032.6983012152668
0.012000000000000004,-0.0059999999999999984,10586.033503880582,6351.6201023283493
0.012499999999999997,-0.0059999999999999984,9355.6729892652238,5613.4037935591341
0.013000000000000005,-0.0059999999999999984,8079.5943964127773,4847.7566378476658
0.013499999999999998,-0.0059999999999999984,6810.9107805041331,4086.5464683024798
0.014000000000000005,-0.0059999999999999984,5599.6143003555744,3359.7685802133446
0.014499999999999999,-0.0059999999999999984,4487.1341829370986,2692.280509762259
0.014999999999999999,-0.0059999999999999984,3502.8713459643614,2101.7228075786165
0.0155,-0.0059999999999999984,2662.9310204959975,1597.7586122975983
0.016000000000000007,-0.0059999999999999984,1970.8386312692228,1182.5031787615337
0.016500000000000001,-0.0059999999999999984,1419.7168901293971,851.83013407763826
0.017000000000000001,-0.0059999999999999984,995.26426202023094,597.15855721213859
0.017500000000000002,-0.0059999999999999984,678.89799819336326,407.33879891601794
0.017999999999999995,-0.0059999999999999984,450.56411078059568,270.33846646835741
0.018500000000000003,-0.0059999999999999984,290.91161307127379,174.54696784276427
0.019000000000000003,-0.0059999999999999984,182.72248629601586,109.63349177760951
0.019500000000000003,-0.0059999999999999984,111.64244797711589,66.985468786269536
0.019999999999999997,-0.0059999999999999984,66.352543961808749,39.811526377085251
0.020499999999999997,-0.0059999999999999984,38.358765037023907,23.015259022214344
0.021000000000000005,-0.0059999999999999984,21.569550395818162,12.941730237490896
0.021500000000000005,-0.0059999999999999984,11.797221018981434,7.0783326113888601
0.021999999999999999,-0.0059999999999999984,6.2758825897900783,3.765529553874047
0.022499999999999999,-0.0059999999999999984,3.2472965543082242,1.9483779325849344
0.023000000000000007,-0.0059999999999999984,1.6342469792724368,0.98054818756346207
0.023500000000000007,-0.0059999999999999984,0.79994354011908431,0.47996612407145056
0.024,-0.0059999999999999984,0.38084195331895515,0.22850517199137307
0.024500000000000001,-0.0059999999999999984,0.17634875331670161,0.10580925199002096
0.025000000000000001,-0.0059999999999999984,0.079422011450618141,0.047653206870370883
-0.025000000000000001,-0.0054999999999999979,0.25244012556361783,0.15146407533817069
-0.024500000000000001,-0.0054999999999999979,0.52747667048332059,0.31648600228999235
-0.024,-0.0054999999999999979,1.0738713190037577,0.64432279140225457
-0.0235,-0.0054999999999999979,2.1302389916743731,1.2781433950046239
-0.023,-0.0054999999999999979,4.1176787294927877,2.4706072376956727
-0.022500000000000003,-0.0054999999999999979,7.7560989185610465,4.6536593511366275
-0.022000000000000002,-0.0054999999999999979,14.236961026912615,8.5421766161475681
-0.021500000000000002,-0.0054999999999999979,25.467610154182303,15.280566092509382
-0.021000000000000001,-0.0054999999999999979,44.398412006596679,26.639047203958008
-0.020500000000000001,-0.0054999999999999979,75.433469761878555,45.260081857127133
-0.02,-0.0054999999999999979,124.90651097151651,74.943906582909904
-0.0195,-0.0054999999999999979,201.57451502814618,120.9447090168877
-0.019,-0.0054999999999999979,317.04416623083506,190.22649973850102
-0.018500000000000003,-0.0054999999999999979,486.00548665761818,291.6032919945709
-0.018000000000000002,-0.0054999999999999979,726.11297303786614,435.66778382271968
-0.017500000000000002,-0.0054999999999999979,1057.3415330383334,634.404919823
-0.017000000000000001,-0.0054999999999999979,1500.668825839143,900.40129550348581
-0.016500000000000001,-0.0054999999999999979,2076.0110789218102,1245.6066473530861
-0.016,-0.0054999999999999979,2799.4711143202044,1679.6826685921226
-0.0155,-0.0054999999999999979,3680.1350444267946,2208.0810266560766
-0.015000000000000001,-0.0054999999999999979,4716.8486211303352,2830.109172678201
-0.014500000000000001,-0.0054999999999999979,5895.5683554181705,3537.3410132509021
-0.014,-0.0054999999999999979,7187.9594766585869,4312.7756859951523
-0.0135,-0.0054999999999999979,8551.8513167353412,5131.1107900412044
-0.012999999999999999,-0.0054999999999999979,9933.9337930172787,5960.3602758103671
-0.012500000000000001,-0.0054999999999999979,11274.699990091876,6764.8199940551258
-0.012,-0.0054999999999999979,12515.170825191532,7509.1024951149184
-0.0115,-0.0054999999999999979,13604.480142998731,8162.6880857992383
-0.010999999999999999,-0.0054999999999999979,14507.071464790784,8704.242878874471
-0.010499999999999999,-0.0054999999999999979,15208.164377587096,9124.8986265522581
-0.010000000000000002,-0.0054999999999999979,15716.343345542553,9429.806007325531
-0.0095000000000000015,-0.0054999999999999979,16062.58769453168,9637.5526167190073
-0.0090000000000000011,-0.0054999999999999979,16295.709493748844,9777.4256962493055
-0.0085000000000000006,-0.0054999999999999979,16474.855763566105,9884.9134581396629
-0.0080000000000000002,-0.0054999999999999979,16660.308851408976,9996.1853108453852
-0.0074999999999999997,-0.0054999999999999979,16904.157224448991,10142.494334669394
-0.0069999999999999993,-0.0054999999999999979,17242.440162056399,10345.464097233838
-0.0064999999999999988,-0.0054999999999999979,17690.096503684326,10614.057902210596
-0.0059999999999999984,-0.0054999999999999979,18239.534980697561,10943.720988418536
-0.0054999999999999979,-0.0054999999999999979,18862.997300052008,11317.798380031205
-0.005000000000000001,-0.0054999999999999979,19518.224323782975,11710.934594269786
-0.0044999999999999971,-0.0054999999999999979,20156.371259506152,12093.82275570369
-0.0040000000000000001,-0.0054999999999999979,20730.738417556957,12438.443050534173
-0.0035000000000000031,-0.0054999999999999979,21204.749342910822,12722.849605746493
-0.0029999999999999992,-0.0054999999999999979,21557.74402941297,12934.646417647782
-0.0025000000000000022,-0.0054999999999999979,21787.549099598506,13072.529459759104
-0.0019999999999999983,-0.0054999999999999979,21909.383879318284,13145.63032759097
-0.0015000000000000013,-0.0054999999999999979,21951.362931581927,13170.817758949155
-0.00099999999999999742,-0.0054999999999999979,21947.531020004502,13168.518612002701
-0.00050000000000000044,-0.0054999999999999979,21929.87516034385,13157.925096206311
0,-0.0054999999999999979,21920.982334679295,13152.589400807576
0.00050000000000000044,-0.0054999999999999979,21928.887582958232,13157.332549774939
0.0010000000000000009,-0.0054999999999999979,21945.199635952442,13167.119781571464
0.0015000000000000013,-0.0054999999999999979,21946.893709785931,13168.136225871558
0.0020000000000000018,-0.0054999999999999979,21901.376972290207,13140.826183374124
0.0024999999999999988,-0.0054999999999999979,21773.737104671131,13064.242262802678
0.0030000000000000027,-0.0054999999999999979,21534.631745980241,12920.779047588145
0.0034999999999999996,-0.0054999999999999979,21167.159930510177,12700.295958306106
0.0040000000000000036,-0.0054999999999999979,20671.289293999467,12402.773576399681
0.0045000000000000005,-0.0054999999999999979,20064.930291908218,12038.958175144931
0.0049999999999999975,-0.0054999999999999979,19381.430356744357,11628.858214046613
0.0055000000000000014,-0.0054999999999999979,18663.963015055779,11198.377809033467
0.0059999999999999984,-0.0054999999999999979,17957.875272740406,10774.725163644243
0.0064999999999999988,-0.0054999999999999979,17302.43049745711,10381.458298474265
0.0069999999999999993,-0.0054999999999999979,16723.488444680923,10034.093066808553
0.0074999999999999997,-0.0054999999999999979,16228.490635080992,9737.0943810485951
0.0080000000000000002,-0.0054999999999999979,15804.702110280261,9482.8212661681555
0.0085000000000000006,-0.0054999999999999979,15421.070272218847,9252.6421633313075
0.0090000000000000011,-0.0054999999999999979,15033.398117035893,9020.038870221535
0.0095000000000000015,-0.0054999999999999979,14591.911569236003,8755.1469415416013
0.010000000000000002,-0.0054999999999999979,14049.848969189228,8429.9093815135366
0.010500000000000002,-0.0054999999999999979,13371.5121618268,8022.9072970960797
0.011000000000000003,-0.0054999999999999979,12538.340980298928,7523.0045881793567
0.011500000000000003,-0.0054999999999999979,11551.986269238278,6931.1917615429666
0.012000000000000004,-0.0054999999999999979,10433.971208079574,6260.3827248477446
0.012499999999999997,-0.0054999999999999979,9222.2061163313447,5533.3236697988068
0.013000000000000005,-0.0054999999999999979,7965.2033085250559,4779.1219851150336
0.013499999999999998,-0.0054999999999999979,6715.1991009737776,4029.1194605842666
0.014000000000000005,-0.0054999999999999979,5521.4651003008739,3312.8790601805244
0.014499999999999999,-0.0054999999999999979,4424.8922301078555,2654.9353380647131
0.014999999999999999,-0.0054999999999999979,3454.5372443697288,2072.722346621837
0.0155,-0.0054999999999999979,2626.3495529286088,1575.8097317571653
0.016000000000000007,-0.0054999999999999979,1943.8643727266083,1166.318623635965
0.016500000000000001,-0.0054999999999999979,1400.3444881611531,840.20669289669183
0.017000000000000001,-0.0054999999999999979,981.7171044058075,589.03026264348443
0.017500000000000002,-0.0054999999999999979,669.67551531140771,401.80530918684462
0.017999999999999995,-0.0054999999999999979,444.45323338408951,266.6719400304537
0.018500000000000003,-0.0054999999999999979,286.97111668942256,172.18267001365354
0.019000000000000003,-0.0054999999999999979,180.24997764077736,108.14998658446642
0.019500000000000003,-0.0054999999999999979,110.13298559403576,66.079791356421453
0.019999999999999997,-0.0054999999999999979,65.456001676098523,39.27360100565911
0.020499999999999997,-0.0054999999999999979,37.840733148741371,22.704439889244821
0.021000000000000005,-0.0054999999999999979,21.278372664708453,12.767023598825071
0.021500000000000005,-0.0054999999999999979,11.638015216836108,6.9828091301016642
0.021999999999999999,-0.0054999999999999979,6.19120951285639,3.7147257077138338
0.022499999999999999,-0.0054999999999999979,3.2034932409630117,1.922095944577807
0.023000000000000007,-0.0054999999999999979,1.6122057691998872,0.96732346151993231
0.023500000000000007,-0.0054999999999999979,0.78915595583229581,0.47349357349937748
0.024,-0.0054999999999999979,0.37570662625767426,0.22542397575460454
0.024500000000000001,-0.0054999999999999979,0.17397102025980107,0.10438261215588064
0.025000000000000001,-0.0054999999999999979,0.07835121733705995,0.047010730402235967
-0.025000000000000001,-0.005000000000000001,0.30824608301626732,0.18494764980976039
-0.024500000000000001,-0.005000000000000001,0.64019892466082862,0.38411935479649717
-0.024,-0.005000000000000001,1.2952046008888449,0.77712276053330698
-0.0235,-0.005000000000000001,2.5526814481840403,1.5316088689104241
-0.023,-0.005000000000000001,4.9013702143775628,2.9408221286265377
-0.022500000000000003,-0.005000000000000001,9.1691215611504315,5.5014729366902584
-0.022000000000000002,-0.005000000000000001,16.712931707147874,10.027759024288724
-0.021500000000000002,-0.005000000000000001,29.683564831365779,17.810138898819467
-0.021000000000000001,-0.005000000000000001,51.373620178439722,30.824172107063831
-0.020500000000000001,-0.005000000000000001,86.645396809252688,51.98723808555161
-0.02,-0.005000000000000001,142.41342650543211,85.448055903259259
-0.0195,-0.005000000000000001,228.12558482275196,136.87535089365116
-0.019,-0.005000000000000001,356.14852333321409,213.68911399992845
-0.018500000000000003,-0.005000000000000001,541.92406954883438,325.15444172930063
-0.018000000000000002,-0.005000000000000001,803.73405790980303,482.24043474588177
-0.017500000000000002,-0.005000000000000001,1161.9063765250276,697.14382591501646
-0.017000000000000001,-0.005000000000000001,1637.3304024018348,982.39824144110082
-0.016500000000000001,-0.005000000000000001,2249.237158615605,1349.5422951693629
-0.016,-0.005000000000000001,3012.3401747989237,1807.4041048793542
-0.0155,-0.005000000000000001,3933.6131829152209,2360.1679097491324
-0.015000000000000001,-0.005000000000000001,5009.1679537413493,3005.5007722448095
-0.014500000000000001,-0.005000000000000001,6221.8414164713304,3733.1048498827981
-0.014,-0.005000000000000001,7540.1508937603212,4524.0905362561925
-0.0135,-0.005000000000000001,8919.1839872708788,5351.5103923625275
-0.012999999999999999,-0.005000000000000001,10303.736304215337,6182.2417825292023
-0.012500000000000001,-0.005000000000000001,11633.617853610791,6980.170712166474
-0.012,-0.005000000000000001,12850.585076520772,7710.3510459124627
-0.0115,-0.005000000000000001,13905.923222771318,8343.5539336627899
-0.010999999999999999,-0.005000000000000001,14767.417831778281,8860.4506990669688
-0.010499999999999999,-0.005000000000000001,15424.408177802192,9254.6449066813148
-0.010000000000000002,-0.005000000000000001,15889.851653643973,9533.9109921863837
-0.0095000000000000015,-0.005000000000000001,16198.818143970864,9719.2908863825178
-0.0090000000000000011,-0.005000000000000001,16403.481609926421,9842.0889659558525
-0.0085000000000000006,-0.005000000000000001,16565.341978859477,9939.2051873156852
-0.0080000000000000002,-0.005000000000000001,16745.946460125175,10047.567876075105
-0.0074999999999999997,-0.005000000000000001,16997.66993165428,10198.601958992567
-0.0069999999999999993,-0.005000000000000001,17356.103224389561,10413.661934633736
-0.0064999999999999988,-0.005000000000000001,17835.298750794595,10701.179250476756
-0.0059999999999999984,-0.005000000000000001,18426.605728298324,11055.963436978995
-0.0054999999999999979,-0.005000000000000001,19101.197629145769,11460.718577487462
-0.005000000000000001,-0.005000000000000001,19815.766452768155,11889.459871660893
-0.0044999999999999971,-0.005000000000000001,20520.334182558472,12312.200509535083
-0.0040000000000000001,-0.005000000000000001,21166.790218504357,12700.074131102614
-0.0035000000000000031,-0.005000000000000001,21716.655384843056,13029.993230905833
-0.0029999999999999992,-0.005000000000000001,22146.718223359338,13288.030934015602
-0.0025000000000000022,-0.005000000000000001,22451.573083978405,13470.943850387042
-0.0019999999999999983,-0.005000000000000001,22642.658696167429,13585.595217700456
-0.0015000000000000013,-0.005000000000000001,22744.058285313517,13646.43497118811
-0.00099999999999999742,-0.005000000000000001,22785.956090028991,13671.573654017395
-0.00050000000000000044,-0.005000000000000001,22797.11987322224,13678.271923933344
0,-0.005000000000000001,22797.985298305492,13678.791178983294
0.00050000000000000044,-0.005000000000000001,22795.797846114165,13677.478707668499
0.0010000000000000009,-0.005000000000000001,22782.835167090645,13669.701100254386
0.0015000000000000013,-0.005000000000000001,22738.075531503673,13642.845318902204
0.0020000000000000018,-0.005000000000000001,22631.940196233019,13579.164117739811
0.0024999999999999988,-0.005000000000000001,22433.08356409215,13459.850138455289
0.0030000000000000027,-0.005000000000000001,22115.778809726951,13269.46728583617
0.0034999999999999996,-0.005000000000000001,21666.336065168456,12999.801639101073
0.0040000000000000036,-0.005000000000000001,21087.208249497231,12652.324949698339
0.0045000000000000005,-0.005000000000000001,20397.926116402137,12238.755669841283
0.0049999999999999975,-0.005000000000000001,19632.646288940963,11779.587773364578
0.0055000000000000014,-0.005000000000000001,18834.759045158757,11300.855427095254
0.0059999999999999984,-0.005000000000000001,18049.560066262158,10829.736039757294
0.0064999999999999988,-0.005000000000000001,17316.347044755421,10389.808226853253
0.0069999999999999993,-0.005000000000000001,16661.405018310295,9996.8430109861765
0.0074999999999999997,-0.005000000000000001,16093.184308376085,9655.910585025651
0.0080000000000000002,-0.005000000000000001,15600.58274271138,9360.3496456268276
0.0085000000000000006,-0.005000000000000001,15154.684944841738,9092.8109669050427
0.0090000000000000011,-0.005000000000000001,14713.679997262225,8828.2079983573349
0.0095000000000000015,-0.005000000000000001,14230.087659498249,8538.0525956989495
0.010000000000000002,-0.005000000000000001,13658.98775064198,8195.3926503851872
0.010500000000000002,-0.005000000000000001,12965.761338876662,7779.4568033259966
0.011000000000000003,-0.005000000000000001,12131.963530274339,7279.1781181646029
0.011500000000000003,-0.005000000000000001,11158.338496968365,6695.0030981810187
0.012000000000000004,-0.005000000000000001,10064.573214352769,6038.7439286116614
0.012499999999999997,-0.005000000000000001,8886.0331278077283,5331.6198766846364
0.013000000000000005,-0.005000000000000001,7668.2820027109092,4600.9692016265453
0.013499999999999998,-0.005000000000000001,6460.5371483436556,3876.3222890061934
0.014000000000000005,-0.005000000000000001,5309.2869907524619,3185.5721944514771
0.014499999999999999,-0.005000000000000001,4253.1109319791258,2551.8665591874756
0.014999999999999999,-0.005000000000000001,3319.3663410133545,1991.6198046080126
0.0155,-0.005000000000000001,2522.9561486954481,1513.7736892172688
0.016000000000000007,-0.005000000000000001,1866.9764567628229,1120.1858740576936
0.016500000000000001,-0.005000000000000001,1344.7515334731247,806.85092008387483
0.017000000000000001,-0.005000000000000001,942.63219089048926,565.57931453429353
0.017500000000000002,-0.005000000000000001,642.95465509169401,385.77279305501639
0.017999999999999995,-0.005000000000000001,426.68835344273327,256.01301206563994
0.018500000000000003,-0.005000000000000001,275.48537181352873,165.29122308811722
0.019000000000000003,-0.005000000000000001,173.02806292470908,103.81683775482544
0.019500000000000003,-0.005000000000000001,105.71676656064936,63.430059936389611
0.019999999999999997,-0.005000000000000001,62.829602470904945,37.697761482542965
0.020499999999999997,-0.005000000000000001,36.321627155242012,21.792976293145205
0.021000000000000005,-0.005000000000000001,20.423824046113094,12.254294427667856
0.021500000000000005,-0.005000000000000001,11.170484573407871,6.7022907440447224
0.021999999999999999,-0.005000000000000001,5.9424323403824468,3.5654594042294678
0.022499999999999999,-0.005000000000000001,3.0747453575057655,1.8448472145034591
0.023000000000000007,-0.005000000000000001,1.5474019883966421,0.92844119303798522
0.023500000000000007,-0.005000000000000001,0.75743162433819144,0.45445897460291484
0.024,-0.005000000000000001,0.36060174023839187,0.21636104414303511
0.024500000000000001,-0.005000000000000001,0.16697620889230338,0.10018572533538203
0.025000000000000001,-0.005000000000000001,0.075200795383497693,0.045120477230098613
-0.025000000000000001,-0.0044999999999999971,0.3736628488253052,0.22419770929518312
-0.024500000000000001,-0.0044999999999999971,0.77209415927999991,0.46325649556799992
-0.024,-0.0044999999999999971,1.5536641106781919,0.93219846640691506
-0.0235,-0.0044999999999999971,3.0448851967217569,1.8269311180330541
-0.023,-0.0044999999999999971,5.8122217573680786,3.487333054420847
-0.022500000000000003,-0.0044999999999999971,10.806906525644292,6.484143915386575
-0.022000000000000002,-0.0044999999999999971,19.573967811324938,11.744380686794962
-0.021500000000000002,-0.0044999999999999971,34.53858341338767,20.723150048032601
-0.021000000000000001,-0.0044999999999999971,59.375568378624251,35.625341027174549
-0.020500000000000001,-0.0044999999999999971,99.452915488902903,59.67174929334174
-0.02,-0.0044999999999999971,162.31627461484715,97.389764768908279
-0.0195,-0.0044999999999999971,258.14833712997762,154.88900227798658
-0.019,-0.0044999999999999971,400.09865365624182,240.05919219374508
-0.018500000000000003,-0.0044999999999999971,604.34296835039015,362.60578101023407
-0.018000000000000002,-0.0044999999999999971,889.70851026773266,533.82510616063962
-0.017500000000000002,-0.0044999999999999971,1276.707580058847,766.02454803530816
-0.017000000000000001,-0.0044999999999999971,1785.8705572559657,1071.5223343535793
-0.016500000000000001,-0.0044999999999999971,2435.3699814473944,1461.2219888684365
-0.016,-0.0044999999999999971,3238.077095953955,1942.8462575723729
-0.0155,-0.0044999999999999971,4198.3724899074859,2519.0234939444913
-0.015000000000000001,-0.0044999999999999971,5309.2071167531703,3185.524270051902
-0.014500000000000001,-0.0044999999999999971,6550.0298298543039,3930.0178979125822
-0.014,-0.0044999999999999971,7886.2111734525024,4731.7267040715014
-0.0135,-0.0044999999999999971,9270.4623175825473,5562.2773905495278
-0.012999999999999999,-0.0044999999999999971,10646.464289312349,6387.8785735874089
-0.012500000000000001,-0.0044999999999999971,11954.518804493093,7172.7112826958555
-0.012,-0.0044999999999999971,13138.582849865359,7883.1497099192147
-0.0115,-0.0044999999999999971,14153.658545109103,8492.1951270654608
-0.010999999999999999,-0.0044999999999999971,14972.285174889183,8983.3711049335088
-0.010499999999999999,-0.0044999999999999971,15588.901288244275,9353.3407729465653
-0.010000000000000002,-0.0044999999999999971,16021.135953867382,9612.681572320429
-0.0095000000000000015,-0.0044999999999999971,16307.605819859631,9784.5634919157783
-0.0090000000000000011,-0.0044999999999999971,16502.433382622425,9901.4600295734544
-0.0085000000000000006,-0.0044999999999999971,16667.321652739949,10000.392991643968
-0.0080000000000000002,-0.0044999999999999971,16862.483709370397,10117.490225622238
-0.0074999999999999997,-0.0044999999999999971,17137.934112235795,10282.760467341477
-0.0069999999999999993,-0.0044999999999999971,17526.566994477696,10515.940196686617
-0.0064999999999999988,-0.0044999999999999971,18040.103284612618,10824.061970767571
-0.0059999999999999984,-0.0044999999999999971,18668.46849534264,11201.081097205584
-0.0054999999999999979,-0.0044999999999999971,19382.569814816467,11629.54188888988
-0.005000000000000001,-0.0044999999999999971,20139.882841347848,12083.929704808708
-0.0044999999999999971,-0.0044999999999999971,20891.820709495052,12535.09242569703
-0.0040000000000000001,-0.0044999999999999971,21591.600447042947,12954.960268225768
-0.0035000000000000031,-0.0044999999999999971,22201.274020001903,13320.764412001141
-0.0029999999999999992,-0.0044999999999999971,22696.759291965784,13618.055575179469
-0.0025000000000000022,-0.0044999999999999971,23070.067425979429,13842.040455587658
-0.0019999999999999983,-0.0044999999999999971,23328.428200399223,13997.056920239533
-0.0015000000000000013,-0.0044999999999999971,23490.584868760365,14094.350921256218
-0.00099999999999999742,-0.0044999999999999971,23581.065143331001,14148.6390859986
-0.00050000000000000044,-0.0044999999999999971,23623.628291444344,14174.176974866607
0,-0.0044999999999999971,23635.251652833715,14181.150991700228
0.00050000000000000044,-0.0044999999999999971,23621.907033932093,14173.144220359256
0.0010000000000000009,-0.0044999999999999971,23577.001753087381,14146.201051852428
0.0015000000000000013,-0.0044999999999999971,23482.795421875217,14089.67725312513
0.0020000000000000018,-0.0044999999999999971,23314.472890088753,13988.683734053251
0.0024999999999999988,-0.0044999999999999971,23045.994375731436,13827.59662543886
0.0030000000000000027,-0.0044999999999999971,22656.476685191898,13593.886011115139
0.0034999999999999996,-0.0044999999999999971,22135.759094875484,13281.45545692529
0.0040000000000000036,-0.0044999999999999971,21487.98603463373,12892.791620780237
0.0045000000000000005,-0.0044999999999999971,20732.447424224854,12439.468454534912
0.0049999999999999975,-0.0044999999999999971,19901.46340523746,11940.878043142477
0.0055000000000000014,-0.0044999999999999971,19035.671168459958,11421.402701075975
0.0059999999999999984,-0.0044999999999999971,18177.561255791654,10906.536753474991
0.0064999999999999988,-0.0044999999999999971,17364.436713894902,10418.662028336941
0.0069999999999999993,-0.0044999999999999971,16622.081376407692,9973.2488258446156
0.0074999999999999997,-0.0044999999999999971,15960.308733550322,9576.1852401301931
0.0080000000000000002,-0.0044999999999999971,15371.239020965702,9222.7434125794207
0.0085000000000000006,-0.0044999999999999971,14830.669437241426,8898.4016623448551
0.0090000000000000011,-0.0044999999999999971,14302.339525072031,8581.4037150432177
0.0095000000000000015,-0.0044999999999999971,13744.3511670064,8246.6107002038389
0.010000000000000002,-0.0044999999999999971,13116.587909149117,7869.9527454894696
0.010500000000000002,-0.0044999999999999971,12387.783614035572,7432.6701684213431
0.011000000000000003,-0.0044999999999999971,11540.967097584326,6924.5802585505953
0.011500000000000003,-0.0044999999999999971,10576.348502891975,6345.8091017351844
0.012000000000000004,-0.0044999999999999971,9511.2413092484276,5706.7447855490564
0.012499999999999997,-0.0044999999999999971,8377.2087622758154,5026.3252573654891
0.013000000000000005,-0.0044999999999999971,7215.1462120068609,4329.0877272041162
0.013499999999999998,-0.0044999999999999971,6069.3446433716417,3641.606786022985
0.014000000000000005,-0.0044999999999999971,4981.6631287266046,2988.9978772359627
0.014499999999999999,-0.0044999999999999971,3986.7751769755682,2392.0651061853409
0.014999999999999999,-0.0044999999999999971,3109.1132591197234,1865.4679554718339
0.0155,-0.0044999999999999971,2361.7202741459205,1417.0321644875523
0.016000000000000007,-0.0044999999999999971,1746.832406739034,1048.0994440434204
0.016500000000000001,-0.0044999999999999971,1257.7446003346577,754.64676020079457
0.017000000000000001,-0.0044999999999999971,881.38493211348464,528.83095926809074
0.017500000000000002,-0.0044999999999999971,601.04098929819213,360.62459357891527
0.017999999999999995,-0.0044999999999999971,398.80121547240708,239.28072928344423
0.018500000000000003,-0.0044999999999999971,257.44417389548192,154.46650433728914
0.019000000000000003,-0.0044999999999999971,161.67883140186913,97.007298841121482
0.019500000000000003,-0.0044999999999999971,98.774072630461205,59.264443578276719
0.019999999999999997,-0.0044999999999999971,58.699446990521238,35.219668194312739
0.020499999999999997,-0.0044999999999999971,33.932196562608716,20.35931793756523
0.021000000000000005,-0.0044999999999999971,19.079443760887845,11.447666256532706
0.021500000000000005,-0.0044999999999999971,10.434857949631361,6.2609147697788163
0.021999999999999999,-0.0044999999999999971,5.5509550967075647,3.3305730580245387
0.022499999999999999,-0.0044999999999999971,2.8721291229288983,1.7232774737573389
0.023000000000000007,-0.0044999999999999971,1.4454103890408017,0.86724623342448093
0.023500000000000007,-0.0044999999999999971,0.70749950563793074,0.42449970338275844
0.024,-0.0044999999999999971,0.33682658516288194,0.20209595109772915
0.024500000000000001,-0.0044999999999999971,0.15596598043765661,0.093579588262593966
0.025000000000000001,-0.0044999999999999971,0.070241724114963239,0.042145034468977945
-0.025000000000000001,-0.0040000000000000001,0.44811257892243539,0.26886754735346124
-0.024500000000000001,-0.0040000000000000001,0.92206710850843154,0.55324026510505886
-0.024,-0.0040000000000000001,1.847255375823234,1.1083532254939403
-0.0235,-0.0040000000000000001,3.6033732803007248,2.162023968180435
-0.023,-0.0040000000000000001,6.8444608839190257,4.1066765303514154
-0.022500000000000003,-0.0040000000000000001,12.660401628059558,7.5962409768357348
-0.022000000000000002,-0.0040000000000000001,22.806847056803434,13.684108234082061
-0.021500000000000002,-0.0040000000000000001,40.015152789017733,24.009091673410641
-0.021000000000000001,-0.0040000000000000001,68.38450497162377,41.030702982974262
-0.020500000000000001,-0.0040000000000000001,113.84083548048099,68.304501288288591
-0.02,-0.0040000000000000001,184.62027471013408,110.77216482608044
-0.0195,-0.0040000000000000001,291.69992529288817,175.01995517573289
-0.019,-0.0040000000000000001,449.06030070558239,269.43618042334941
-0.018500000000000003,-0.0040000000000000001,673.63077251461687,404.17846350877011
-0.018000000000000002,-0.0040000000000000001,984.75466975837026,590.85280185502211
-0.017500000000000002,-0.0040000000000000001,1403.0290669555941,841.81744017335643
-0.017000000000000001,-0.0040000000000000001,1948.4385730675403,1169.0631438405242
-0.016500000000000001,-0.0040000000000000001,2637.817973203712,1582.6907839222272
-0.016,-0.0040000000000000001,3481.8377952548294,2089.1026771528977
-0.0155,-0.0040000000000000001,4481.885594393987,2689.131356636392
-0.015000000000000001,-0.0040000000000000001,5627.373770948584,3376.4242625691504
-0.014500000000000001,-0.0040000000000000001,6894.0922733434782,4136.4553640060867
-0.014,-0.0040000000000000001,8244.1944730555115,4946.5166838333071
-0.0135,-0.0040000000000000001,9628.2281588871538,5776.9368953322919
-0.012999999999999999,-0.0040000000000000001,10989.305468560799,6593.5832811364789
-0.012500000000000001,-0.0040000000000000001,12269.091306661363,7361.4547839968172
-0.012,-0.0040000000000000001,13414.862696436476,8048.9176178618854
-0.0115,-0.0040000000000000001,14386.555802769144,8631.9334816614864
-0.010999999999999999,-0.0040000000000000001,15162.571094521758,9097.5426567130544
-0.010499999999999999,-0.0040000000000000001,15743.212138340314,9445.9272830041882
-0.010000000000000002,-0.0040000000000000001,16150.992458028913,9690.5954748173481
-0.0095000000000000015,-0.0040000000000000001,16427.594040525441,9856.5564243152639
-0.0090000000000000011,-0.0040000000000000001,16627.883378147053,9976.7300268882318
-0.0085000000000000006,-0.0040000000000000001,16811.946374098199,10087.167824458918
-0.0080000000000000002,-0.0040000000000000001,17036.467294740047,10221.880376844028
-0.0074999999999999997,-0.0040000000000000001,17346.873458699287,10408.124075219572
-0.0069999999999999993,-0.0040000000000000001,17771.487519211641,10662.892511526985
-0.0064999999999999988,-0.0040000000000000001,18318.527800756703,10991.116680454021
-0.0059999999999999984,-0.0040000000000000001,18976.271722273523,11385.763033364114
-0.0054999999999999979,-0.0040000000000000001,19716.158305821951,11829.694983493171
-0.005000000000000001,-0.0040000000000000001,20498.149010592762,12298.889406355656
-0.0044999999999999971,-0.0040000000000000001,21277.356288330997,12766.413772998598
-0.0040000000000000001,-0.0040000000000000001,22010.816154747943,13206.489692848765
-0.0035000000000000031,-0.0040000000000000001,22663.325655872966,13597.995393523779
-0.0029999999999999992,-0.0040000000000000001,23211.469246710491,13926.881548026295
-0.0025000000000000022,-0.0040000000000000001,23645.286671593927,14187.172002956357
-0.0019999999999999983,-0.0040000000000000001,23967.443513201419,14380.466107920851
-0.0015000000000000013,-0.0040000000000000001,24190.19622987185,14514.11773792311
-0.00099999999999999742,-0.0040000000000000001,24330.828278382302,14598.496967029381
-0.00050000000000000044,-0.0040000000000000001,24406.50336342091,14643.902018052546
0,-0.0040000000000000001,24429.579312475071,14657.747587485042
0.00050000000000000044,-0.0040000000000000001,24404.32370920738,14642.594225524428
0.0010000000000000009,-0.0040000000000000001,24325.682746349634,14595.40964780978
0.0015000000000000013,-0.0040000000000000001,24180.332336408192,14508.199401844915
0.0020000000000000018,-0.0040000000000000001,23949.771694369552,14369.863016621732
0.0024999999999999988,-0.0040000000000000001,23614.802606872428,14168.881564123456
0.0030000000000000027,-0.0040000000000000001,23160.458777351792,13896.275266411076
0.0034999999999999996,-0.0040000000000000001,22580.363123198294,13548.217873918977
0.0040000000000000036,-0.0040000000000000001,21879.607669681689,13127.764601809013
0.0045000000000000005,-0.0040000000000000001,21075.539505953784,12645.32370357227
0.0049999999999999975,-0.0040000000000000001,20196.23490139678,12117.740940838068
0.0055000000000000014,-0.0040000000000000001,19276.875345067339,11566.125207040403
0.0059999999999999984,-0.0040000000000000001,18354.628519249283,11012.777111549569
0.0064999999999999988,-0.0040000000000000001,17462.921084543799,10477.752650726279
0.0069999999999999993,-0.0040000000000000001,16626.123810131532,9975.6742860789182
0.0074999999999999997,-0.0040000000000000001,15855.628772558062,9513.3772635348378
0.0080000000000000002,-0.0040000000000000001,15148.08177115175,9088.8490626910498
0.0085000000000000006,-0.0040000000000000001,14486.166116450397,8691.6996698702369
0.0090000000000000011,-0.0040000000000000001,13841.871516084204,8305.1229096505213
0.0095000000000000015,-0.0040000000000000001,13181.706214499676,7909.0237286998054
0.010000000000000002,-0.0040000000000000001,12472.919689112417,7483.7518134674501
0.010500000000000002,-0.0040000000000000001,11689.588797864171,7013.7532787185028
0.011000000000000003,-0.0040000000000000001,10817.441529674064,6490.4649178044383
0.011500000000000003,-0.0040000000000000001,9856.5544222870431,5913.932653372226
0.012000000000000004,-0.0040000000000000001,8821.5056788572274,5292.9034073143366
0.012499999999999997,-0.0040000000000000001,7739.0899261790737,4643.453955707444
0.013000000000000005,-0.0040000000000000001,6644.1759037123147,3986.5055422273886
0.013499999999999998,-0.0040000000000000001,5574.6048184082147,3344.7628910449289
0.014000000000000005,-0.0040000000000000001,4566.1217041293594,2739.6730224776156
0.014499999999999999,-0.0040000000000000001,3648.2044472854154,2188.9226683712491
0.014999999999999999,-0.0040000000000000001,2841.3619087805619,1704.8171452683371
0.0155,-0.0040000000000000001,2156.1053364130944,1293.6632018478565
0.016000000000000007,-0.0040000000000000001,1593.4522706405364,956.07136238432179
0.016500000000000001,-0.0040000000000000001,1146.5732839888044,687.9439703932826
0.017000000000000001,-0.0040000000000000001,803.07485503145085,481.8449130188705
0.017500000000000002,-0.0040000000000000001,547.42232536201163,328.45339521720695
0.017999999999999995,-0.0040000000000000001,363.11139677739737,217.86683806643842
0.018500000000000003,-0.0040000000000000001,234.34762422077691,140.60857453246615
0.019000000000000003,-0.0040000000000000001,147.14570252968036,88.287421517808212
0.019500000000000003,-0.0040000000000000001,89.881902902894069,53.929141741736437
0.019999999999999997,-0.0040000000000000001,53.408731220753168,32.045238732451899
0.020499999999999997,-0.0040000000000000001,30.870966030099986,18.522579618059989
0.021000000000000005,-0.0040000000000000001,17.356917764424438,10.414150658654663
0.021500000000000005,-0.0040000000000000001,9.4922435815439776,5.6953461489263866
0.021999999999999999,-0.0040000000000000001,5.0492956547549861,3.0295773928529917
0.022499999999999999,-0.0040000000000000001,2.6124739494618812,1.5674843696771286
0.023000000000000007,-0.0040000000000000001,1.3147021284919171,0.78882127709515026
0.023500000000000007,-0.0040000000000000001,0.64350670950541855,0.38610402570325114
0.024,-0.0040000000000000001,0.30635575981164254,0.18381345588698553
0.024500000000000001,-0.0040000000000000001,0.14185475124238223,0.085112850745429333
0.025000000000000001,-0.0040000000000000001,0.063885856165858401,0.038331513699515041
-0.025000000000000001,-0.0035000000000000031,0.52986174652301887,0.31791704791381131
-0.024500000000000001,-0.0035000000000000031,1.0866935738078867,0.65201614428473198
-0.024,-0.0035000000000000031,2.1694227599167073,1.3016536559500242
-0.0235,-0.0035000000000000031,4.2159879750413864,2.5295927850248319
-0.023,-0.0035000000000000031,7.9762618681268274,4.7857571208760961
-0.022500000000000003,-0.0035000000000000031,14.691711437046953,8.8150268622281711
-0.022000000000000002,-0.0035000000000000031,26.348002948422902,15.808801769053741
-0.021500000000000002,-0.0035000000000000031,46.010406466013322,27.606243879607991
-0.021000000000000001,-0.0035000000000000031,78.24014092093762,46.944084552562572
-0.020500000000000001,-0.0035000000000000031,129.56927365120248,77.74156419072149
-0.02,-0.0035000000000000031,208.98188391022086,125.3891303461325
-0.0195,-0.0035000000000000031,328.31206636874981,196.98723982124989
-0.019,-0.0035000000000000031,502.4310379275567,301.458622756534
-0.018500000000000003,-0.0035000000000000031,749.06657142688084,449.43994285612848
-0.018000000000000002,-0.0035000000000000031,1088.0922086419139,652.85532518514833
-0.017500000000000002,-0.0035000000000000031,1540.1560100996819,924.09360605980908
-0.017000000000000001,-0.0035000000000000031,2124.5999828088534,1274.7599896853119
-0.016500000000000001,-0.0035000000000000031,2856.753260940061,1714.0519565640366
-0.016,-0.0035000000000000031,3744.8513727989239,2246.9108236793541
-0.0155,-0.0035000000000000031,4787.0102386058597,2872.2061431635157
-0.015000000000000001,-0.0035000000000000031,5968.8222326624746,3581.2933395974846
-0.014500000000000001,-0.0035000000000000031,7262.1923650463559,4357.3154190278137
-0.014,-0.0035000000000000031,8625.9533261591496,5175.5719956954899
-0.0135,-0.0035000000000000031,10008.570927604696,6005.1425565628178
-0.012999999999999999,-0.0035000000000000031,11352.895474019753,6811.7372844118518
-0.012500000000000001,-0.0035000000000000031,12602.489995555698,7561.4939973334185
-0.012,-0.0035000000000000031,13708.665929295508,8225.1995575773053
-0.0115,-0.0035000000000000031,14637.085331693801,8782.2511990162802
-0.010999999999999999,-0.0035000000000000031,15372.733292369327,9223.6399754215963
-0.010499999999999999,-0.0035000000000000031,15922.266302374701,9553.3597814248205
-0.010000000000000002,-0.0035000000000000031,16313.179256868203,9787.9075541209222
-0.0095000000000000015,-0.0035000000000000031,16589.818665689905,9953.8911994139435
-0.0090000000000000011,-0.0035000000000000031,16806.871351250913,10084.122810750547
-0.0085000000000000006,-0.0035000000000000031,17021.436096726826,10212.861658036096
-0.0080000000000000002,-0.0035000000000000031,17285.030220612243,10371.018132367346
-0.0074999999999999997,-0.0035000000000000031,17636.844539295595,10582.106723577357
-0.0069999999999999993,-0.0035000000000000031,18099.261668990133,10859.55700139408
-0.0064999999999999988,-0.0035000000000000031,18676.178725622907,11205.707235373744
-0.0059999999999999984,-0.0035000000000000031,19354.143984842151,11612.486390905289
-0.0054999999999999979,-0.0035000000000000031,20105.843783997501,12063.5062703985
-0.005000000000000001,-0.0035000000000000031,20895.145309239586,12537.087185543751
-0.0044999999999999971,-0.0035000000000000031,21682.751041567655,13009.650624940592
-0.0040000000000000001,-0.0035000000000000031,22431.545123637999,13458.927074182799
-0.0035000000000000031,-0.0035000000000000031,23110.873699260934,13866.524219556561
-0.0029999999999999992,-0.0035000000000000031,23699.250530102319,14219.55031806139
-0.0025000000000000022,-0.0035000000000000031,24185.267480952429,14511.160488571457
-0.0019999999999999983,-0.0035000000000000031,24566.776482457848,14740.065889474708
-0.0015000000000000013,-0.0035000000000000031,24848.663214851091,14909.197928910653
-0.00099999999999999742,-0.0035000000000000031,25039.726405647165,15023.835843388299
-0.00050000000000000044,-0.0035000000000000031,25149.287954454252,15089.572772672551
0,-0.0035000000000000031,25184.17223936944,15110.503343621664
0.00050000000000000044,-0.0035000000000000031,25146.603440792729,15087.962064475636
0.0010000000000000009,-0.0035000000000000031,25033.389046743276,15020.033428045965
0.0015000000000000013,-0.0035000000000000031,24836.514610455662,14901.908766273396
0.0020000000000000018,-0.0035000000000000031,24545.011452581242,14727.006871548745
0.0024999999999999988,-0.0035000000000000031,24147.722586126598,14488.633551675959
0.0030000000000000027,-0.0035000000000000031,23636.424830032924,14181.854898019754
0.0034999999999999996,-0.0035000000000000031,23008.695082589817,13805.21704955389
0.0040000000000000036,-0.0035000000000000031,22269.945651353872,13361.967390812322
0.0045000000000000005,-0.0035000000000000031,21434.188720969472,12860.513232581683
0.0049999999999999975,-0.0035000000000000031,20523.300754395666,12313.980452637399
0.0055000000000000014,-0.0035000000000000031,19564.812503851914,11738.887502311149
0.0059999999999999984,-0.0035000000000000031,18588.513518893149,11153.108111335889
0.0064999999999999988,-0.0035000000000000031,17622.393265384169,10573.435959230501
0.0069999999999999993,-0.0035000000000000031,16688.604645800762,10013.162787480456
0.0074999999999999997,-0.0035000000000000031,15800.192327319661,9480.1153963917968
0.0080000000000000002,-0.0035000000000000031,14959.249963894985,8975.5499783369905
0.0085000000000000006,-0.0035000000000000031,14156.950144503782,8494.1700867022682
0.0090000000000000011,-0.0035000000000000031,13375.553274074988,8025.3319644449921
0.0095000000000000015,-0.0035000000000000031,12592.106478750109,7555.2638872500647
0.010000000000000002,-0.0035000000000000031,11783.17787639778,7069.9067258386676
0.010500000000000002,-0.0035000000000000031,10929.72795907446,6557.8367754446763
0.011000000000000003,-0.0035000000000000031,10021.168991241771,6012.7013947450623
0.011500000000000003,-0.0035000000000000031,9057.8285316272813,5434.697118976369
0.012000000000000004,-0.0035000000000000031,8051.3788287041853,4830.8272972225113
0.012499999999999997,-0.0035000000000000031,7023.2331954889432,4213.9399172933654
0.013000000000000005,-0.0035000000000000031,6001.3311728912249,3600.7987037347348
0.013499999999999998,-0.0035000000000000031,5016.032584301015,3009.619550580609
0.014000000000000005,-0.0035000000000000031,4095.9519456768353,2457.5711674061013
0.014499999999999999,-0.0035000000000000031,3264.4801780667849,1958.6881068400708
0.014999999999999999,-0.0035000000000000031,2537.504155357014,1522.5024932142085
0.0155,-0.0035000000000000031,1922.5242859725759,1153.5145715835454
0.016000000000000007,-0.0035000000000000031,1419.0711148180287,851.44266889081723
0.016500000000000001,-0.0035000000000000031,1020.1010451785046,612.06062710710273
0.017000000000000001,-0.0035000000000000031,713.94294858908779,428.36576915345267
0.017500000000000002,-0.0035000000000000031,486.37051860150444,291.82231116090264
0.017999999999999995,-0.0035000000000000031,322.4616565325465,193.4769939195279
0.018500000000000003,-0.0035000000000000031,208.03506030354322,124.82103618212592
0.019000000000000003,-0.0035000000000000031,130.58588084440692,78.351528506644144
0.019500000000000003,-0.0035000000000000031,79.748218541507086,47.848931124904247
0.019999999999999997,-0.0035000000000000031,47.378644799851266,28.42718687991076
0.020499999999999997,-0.0035000000000000031,27.381620833665028,16.428972500199016
0.021000000000000005,-0.0035000000000000031,15.393358104625174,9.2360148627751038
0.021500000000000005,-0.0035000000000000031,8.4176698528762532,5.0506019117257521
0.021999999999999999,-0.0035000000000000031,4.4773828114670602,2.6864296868802362
0.022499999999999999,-0.0035000000000000031,2.3164461514927654,1.3898676908956593
0.023000000000000007,-0.0035000000000000031,1.1656802484672175,0.69940814908033044
0.023500000000000007,-0.0035000000000000031,0.5705463282572073,0.34232779695432436
0.024,-0.0035000000000000031,0.27161436235334369,0.16296861741200622
0.024500000000000001,-0.0035000000000000031,0.12576558854769906,0.075459353128619441
0.025000000000000001,-0.0035000000000000031,0.056639030754494203,0.033983418452696521
-0.025000000000000001,-0.0029999999999999992,0.61591299431991631,0.36954779659194975
-0.024500000000000001,-0.0029999999999999992,1.2599906968179517,0.75599441809077106
-0.024,-0.0029999999999999992,2.5085739020281643,1.5051443412168986
-0.0235,-0.0029999999999999992,4.8609314030337236,2.9165588418202342
-0.023,-0.0029999999999999992,9.1678596194103648,5.5007157716462185
-0.022500000000000003,-0.0029999999999999992,16.8304838765997,10.09829032595982
-0.022000000000000002,-0.0029999999999999992,30.076779150326971,18.046067490196183
-0.021500000000000002,-0.0029999999999999992,52.323853873586515,31.394312324151908
-0.021000000000000001,-0.0029999999999999992,88.619901027946256,53.171940616767749
-0.020500000000000001,-0.0029999999999999992,146.13609683639021,87.681658101834117
-0.02,-0.0029999999999999992,234.64561142078219,140.78736685246932
-0.0195,-0.0029999999999999992,366.88748436833635,220.13249062100181
-0.019,-0.0029999999999999992,558.67494291240939,335.20496574744561
-0.018500000000000003,-0.0029999999999999992,828.58287427713537,497.14972456628118
-0.018000000000000002,-0.0029999999999999992,1197.0527973297433,718.23167839784594
-0.017500000000000002,-0.0029999999999999992,1684.8006346587938,1010.8803807952762
-0.017000000000000001,-0.0029999999999999992,2310.511981296534,1386.3071887779204
-0.016500000000000001,-0.0029999999999999992,3087.9587481897097,1852.7752489138256
-0.016,-0.0029999999999999992,4022.8508425022519,2413.7105055013512
-0.0155,-0.0029999999999999992,5109.9102233775984,3065.9461340265589
-0.015000000000000001,-0.0029999999999999992,6330.772824887742,3798.463694932645
-0.014500000000000001,-0.0029999999999999992,7653.3355175148026,4592.001310508881
-0.014,-0.0029999999999999992,9033.0337478236215,5419.8202486941727
-0.0135,-0.0029999999999999992,10416.254334975278,6249.7526009851663
-0.012999999999999999,-0.0029999999999999992,11745.69175353597,7047.4150521215815
-0.012500000000000001,-0.0029999999999999992,12967.020777515883,7780.2124665095298
-0.012,-0.0029999999999999992,14035.886760352505,8421.532056211503
-0.0115,-0.0029999999999999992,14924.012184314659,8954.4073105887946
-0.010999999999999999,-0.0029999999999999992,15623.260335649467,9373.9562013896793
-0.010499999999999999,-0.0029999999999999992,16146.803665126485,9688.0821990758905
-0.010000000000000002,-0.0029999999999999992,16527.065763671522,9916.2394582029137
-0.0095000000000000015,-0.0029999999999999992,16810.729860250878,10086.437916150526
-0.0090000000000000011,-0.0029999999999999992,17051.686470122451,10231.01188207347
-0.0085000000000000006,-0.0029999999999999992,17303.187009093541,10381.912205456125
-0.0080000000000000002,-0.0029999999999999992,17610.583942625701,10566.350365575419
-0.0074999999999999997,-0.0029999999999999992,18005.850490526907,10803.510294316144
-0.0069999999999999993,-0.0029999999999999992,18504.64226829815,11102.785360978889
-0.0064999999999999988,-0.0029999999999999992,19106.107523823452,11463.664514294071
-0.0059999999999999984,-0.0029999999999999992,19795.112905616446,11877.067743369867
-0.0054999999999999979,-0.0029999999999999992,20546.150804990702,12327.690482994421
-0.005000000000000001,-0.0029999999999999992,21328.004727090978,12796.802836254587
-0.0044999999999999971,-0.0029999999999999992,22108.279696317288,13264.967817790372
-0.0040000000000000001,-0.0029999999999999992,22857.108124992097,13714.264874995259
-0.0035000000000000031,-0.0029999999999999992,23549.637427058002,14129.782456234801
-0.0029999999999999992,-0.0029999999999999992,24167.208644956117,14500.32518697367
-0.0025000000000000022,-0.0029999999999999992,24697.379025521175,14818.427415312704
-0.0019999999999999983,-0.0029999999999999992,25133.09091061799,15079.854546370792
-0.0015000000000000013,-0.0029999999999999992,25471.341606214977,15282.804963728986
-0.00099999999999999742,-0.0029999999999999992,25711.684625894162,15427.010775536497
-0.00050000000000000044,-0.0029999999999999992,25854.823418084896,15512.894050850937
0,-0.0029999999999999992,25901.475255743597,15540.885153446157
0.00050000000000000044,-0.0029999999999999992,25851.607685695952,15510.96461141757
0.0010000000000000009,-0.0029999999999999992,25704.093213498054,15422.455928098832
0.0015000000000000013,-0.0029999999999999992,25456.789003561174,15274.073402136704
0.0020000000000000018,-0.0029999999999999992,25107.018958545745,15064.211375127446
0.0024999999999999988,-0.0029999999999999992,24652.404646712297,14791.442788027378
0.0030000000000000027,-0.0029999999999999992,24091.950827695982,14455.170496617589
0.0034999999999999996,-0.0029999999999999992,23427.239433039082,14056.343659823449
0.0040000000000000036,-0.0029999999999999992,22663.530917876862,13598.118550726116
0.0045000000000000005,-0.0029999999999999992,21810.531200388548,13086.318720233128
0.0049999999999999975,-0.0029999999999999992,20882.578579404471,12529.547147642683
0.0055000000000000014,-0.0029999999999999992,19898.058811296458,11938.835286777874
0.0059999999999999984,-0.0029999999999999992,18877.9774398511,11326.786463910659
0.0064999999999999988,-0.0029999999999999992,17843.796184507988,10706.277710704793
0.0069999999999999993,-0.0029999999999999992,16814.840668783276,10088.904401269965
0.0074999999999999997,-0.0029999999999999992,15805.756637428196,9483.4539824569165
0.0080000000000000002,-0.0029999999999999992,14824.572081971357,8894.7432491828131
0.0085000000000000006,-0.0029999999999999992,13871.868932279489,8323.121359367693
0.0090000000000000011,-0.0029999999999999992,12941.370014782475,7764.8220088694843
0.0095000000000000015,-0.0029999999999999992,12021.939717188508,7213.1638303131049
0.010000000000000002,-0.0029999999999999992,11100.655620958971,6660.3933725753823
0.010500000000000002,-0.0029999999999999992,10166.328511021258,6099.7971066127548
0.011000000000000003,-0.0029999999999999992,9212.714209060583,5527.6285254363493
0.011500000000000003,-0.0029999999999999992,8240.7171594608335,4944.4302956764996
0.012000000000000004,-0.0029999999999999992,7259.1205908689817,4355.4723545213892
0.012499999999999997,-0.0029999999999999992,6283.7257526617759,3770.2354515970655
0.013000000000000005,-0.0029999999999999992,5335.1456269459213,3201.0873761675525
0.013499999999999998,-0.0029999999999999992,4435.7791808659294,2661.4675085195577
0.014000000000000005,-0.0029999999999999992,3606.6236050968287,2163.974163058097
0.014499999999999999,-0.0029999999999999992,2864.5453744047873,1718.7272246428722
0.014999999999999999,-0.0029999999999999992,2220.4563693926029,1332.2738216355617
0.0155,-0.0029999999999999992,1678.5921460721331,1007.1552876432798
0.016000000000000007,-0.0029999999999999992,1236.8389803342254,742.10338820053528
0.016500000000000001,-0.0029999999999999992,887.86489055626771,532.71893433376056
0.017000000000000001,-0.0029999999999999992,620.71036856854346,372.42622114112606
0.017500000000000002,-0.0029999999999999992,422.48925789819305,253.4935547389158
0.017999999999999995,-0.0029999999999999992,279.91722835438873,167.95033701263324
0.018500000000000003,-0.0029999999999999992,180.49060389864374,108.29436233918624
0.019000000000000003,-0.0029999999999999992,113.24807381397066,67.948844288382389
0.019500000000000003,-0.0029999999999999992,69.137158998382404,41.482295399029439
0.019999999999999997,-0.0029999999999999992,41.063892089684231,24.638335253810538
0.020499999999999997,-0.0029999999999999992,23.727278574288412,14.236367144573046
0.021000000000000005,-0.0029999999999999992,13.336829110675465,8.002097466405278
0.021500000000000005,-0.0029999999999999992,7.2921662168678338,4.3752997301206999
0.021999999999999999,-0.0029999999999999992,3.8783423352224502,2.3270054011334702
0.022499999999999999,-0.0029999999999999992,2.0063680708521381,1.2038208425112829
0.023000000000000007,-0.0029999999999999992,1.0095819336638892,0.60574916019833347
0.023500000000000007,-0.0029999999999999992,0.49412003470646604,0.29647202082387963
0.024,-0.0029999999999999992,0.23522211413236069,0.1411332684794164
0.024500000000000001,-0.0029999999999999992,0.10891171743566995,0.065347030461401973
0.025000000000000001,-0.0029999999999999992,0.049047704680283633,0.029428622808170178
-0.025000000000000001,-0.0025000000000000022,0.70208354993212974,0.42125012995927785
-0.024500000000000001,-0.0025000000000000022,1.4335665383480725,0.86013992300884345
-0.024,-0.0025000000000000022,2.8483542928316847,1.7090125756990109
-0.0235,-0.0025000000000000022,5.5072492006235718,3.3043495203741431
-0.023,-0.0025000000000000022,10.362363938026117,6.2174183628156703
-0.022500000000000003,-0.0025000000000000022,18.975212321193446,11.385127392716067
-0.022000000000000002,-0.0025000000000000022,33.817387921373054,20.290432752823833
-0.021500000000000002,-0.0025000000000000022,58.660102937369693,35.196061762421813
-0.021000000000000001,-0.0025000000000000022,99.042299806545373,59.425379883927221
-0.020500000000000001,-0.0025000000000000022,162.78032305520475,97.668193833122842
-0.02,-0.0025000000000000022,260.44579210182133,156.26747526109278
-0.0195,-0.0025000000000000022,405.69658579105072,243.41795147463043
-0.019,-0.0025000000000000022,615.30774660871691,369.18464796523011
-0.018500000000000003,-0.0025000000000000022,908.72833375202617,545.2370002512157
-0.018000000000000002,-0.0025000000000000022,1307.00319869345,784.20191921607
-0.017500000000000002,-0.0025000000000000022,1830.9601870349009,1098.5761122209406
-0.017000000000000001,-0.0025000000000000022,2498.6806516154788,1499.2083909692872
-0.016500000000000001,-0.0025000000000000022,3322.4376515577019,1993.4625909346209
-0.016,-0.0025000000000000022,4305.4766872271402,2583.2860123362839
-0.0155,-0.0025000000000000022,5439.1851246085043,3263.5110747651024
-0.015000000000000001,-0.0025000000000000022,6701.2943857325108,4020.7766314395062
-0.014500000000000001,-0.0025000000000000022,8055.7318778366671,4833.4391267020001
-0.014,-0.0025000000000000022,9454.5559817844223,5672.7335890706536
-0.0135,-0.0025000000000000022,10842.072158698964,6505.2432952193785
-0.012999999999999999,-0.0025000000000000022,12160.791518361228,7296.4749110167368
-0.012500000000000001,-0.0025000000000000022,13358.446301268405,8015.0677807610427
-0.012,-0.0025000000000000022,14394.933320844755,8636.9599925068524
-0.0115,-0.0025000000000000022,15247.922414102624,9148.7534484615735
-0.010999999999999999,-0.0025000000000000022,15916.007162176717,9549.6042973060303
-0.010499999999999999,-0.0025000000000000022,16418.68749433112,9851.2124965986714
-0.010000000000000002,-0.0025000000000000022,16793.081134119104,10075.848680471461
-0.0095000000000000015,-0.0025000000000000022,17087.925482166389,10252.755289299834
-0.0090000000000000011,-0.0025000000000000022,17355.99022129345,10413.59413277607
-0.0085000000000000006,-0.0025000000000000022,17646.330802048346,10587.798481229007
-0.0080000000000000002,-0.0025000000000000022,17997.793988196314,10798.676392917789
-0.0074999999999999997,-0.0025000000000000022,18434.846569113146,11060.907941467887
-0.0069999999999999993,-0.0025000000000000022,18966.231307070113,11379.738784242067
-0.0064999999999999988,-0.0025000000000000022,19586.312811702683,11751.78768702161
-0.0059999999999999984,-0.0025000000000000022,20278.426085395717,12167.05565123743
-0.0054999999999999979,-0.0025000000000000022,21019.212869471834,12611.5277216831
-0.005000000000000001,-0.0025000000000000022,21782.886502266312,13069.731901359786
-0.0044999999999999971,-0.0025000000000000022,22544.583662449575,13526.750197469744
-0.0040000000000000001,-0.0025000000000000022,23282.351433635999,13969.410860181599
-0.0035000000000000031,-0.0025000000000000022,23977.754669931845,14386.652801959106
-0.0029999999999999992,-0.0025000000000000022,24615.448903300876,14769.269341980525
-0.0025000000000000022,-0.0025000000000000022,25182.262238000963,15109.357342800577
-0.0019999999999999983,-0.0025000000000000022,25666.336159228191,15399.801695536913
-0.0015000000000000013,-0.0025000000000000022,26056.717423036633,15634.030453821979
-0.00099999999999999742,-0.0025000000000000022,26343.54109951244,15806.124659707464
-0.00050000000000000044,-0.0025000000000000022,26518.686452916438,15911.211871749862
0,-0.0025000000000000022,26576.602569815725,15945.961541889434
0.00050000000000000044,-0.0025000000000000022,26514.939912295104,15908.963947377062
0.0010000000000000009,-0.0025000000000000022,26334.696602683936,15800.817961610361
0.0015000000000000013,-0.0025000000000000022,26039.762679794916,15623.857607876949
0.0020000000000000018,-0.0025000000000000022,25635.960613100033,15381.57636786002
0.0024999999999999988,-0.0025000000000000022,25129.864116283472,15077.918469770082
0.0030000000000000027,-0.0025000000000000022,24527.768575669292,14716.661145401575
0.0034999999999999996,-0.0025000000000000022,23835.152922927522,14301.091753756513
0.0040000000000000036,-0.0025000000000000022,23056.821202228908,13834.092721337345
0.0045000000000000005,-0.0025000000000000022,22197.686999414516,13318.612199648709
0.0049999999999999975,-0.0025000000000000022,21263.935621325527,12758.361372795316
0.0055000000000000014,-0.0025000000000000022,20264.142892540418,12158.485735524251
0.0059999999999999984,-0.0025000000000000022,19209.902694092834,11525.941616455701
0.0064999999999999988,-0.0025000000000000022,18115.636730018436,10869.382038011061
0.0069999999999999993,-0.0025000000000000022,16997.500837972071,10198.500502783243
0.0074999999999999997,-0.0025000000000000022,15871.591921517684,9522.9551529106102
0.0080000000000000002,-0.0025000000000000022,14751.906163901791,8851.1436983410749
0.0085000000000000006,-0.0025000000000000022,13648.61861564131,8189.1711693847856
0.0090000000000000011,-0.0025000000000000022,12567.200078364216,7540.3200470185293
0.0095000000000000015,-0.0025000000000000022,11508.668682155128,6905.2012092930772
0.010000000000000002,-0.0025000000000000022,10470.954921877445,6282.5729531264669
0.010500000000000002,-0.0025000000000000022,9451.0389497025935,5670.6233698215556
0.011000000000000003,-0.0025000000000000022,8447.297529875952,5068.378517925571
0.011500000000000003,-0.0025000000000000022,7461.4423011837389,4476.8653807102428
0.012000000000000004,-0.0025000000000000022,6499.5531509802549,3899.731890588153
0.012499999999999997,-0.0025000000000000022,5571.9661883491872,3343.1797130095124
0.013000000000000005,-0.0025000000000000022,4692.0818860591098,2815.2491316354658
0.013499999999999998,-0.0025000000000000022,3874.4236140656308,2324.6541684393783
0.014000000000000005,-0.0025000000000000022,3132.4297695261785,1879.4578617157069
0.014499999999999999,-0.0025000000000000022,2476.475077769896,1485.8850466619376
0.014999999999999999,-0.0025000000000000022,1912.5042426225014,1147.5025455735008
0.0155,-0.0025000000000000022,1441.4729376289336,864.88376257736013
0.016000000000000007,-0.0025000000000000022,1059.5888611690793,635.7533167014476
0.016500000000000001,-0.0025000000000000022,759.18299867897872,455.50979920738723
0.017000000000000001,-0.0025000000000000022,529.95016712328197,317.97010027396919
0.017500000000000002,-0.0025000000000000022,360.28406172459319,216.17043703475591
0.017999999999999995,-0.0025000000000000022,238.47968714409365,143.08781228645617
0.018500000000000003,-0.0025000000000000022,153.65803446519337,92.19482067911602
0.019000000000000003,-0.0025000000000000022,96.35602517538463,57.813615105230774
0.019500000000000003,-0.0025000000000000022,58.797791336142993,35.278674801685796
0.019999999999999997,-0.0025000000000000022,34.910303665231211,20.946182199138725
0.020499999999999997,-0.0025000000000000022,20.16596509266596,12.099579055599575
0.021000000000000005,-0.0025000000000000022,11.33254883141282,6.7995292988476921
0.021500000000000005,-0.0025000000000000022,6.1952126270868879,3.7171275762521327
0.021999999999999999,-0.0025000000000000022,3.2944787138994505,1.9766872283396701
0.022499999999999999,-0.0025000000000000022,1.7041383249374606,1.0224829949624763
0.023000000000000007,-0.0025000000000000022,0.85743160756623149,0.51445896453973883
0.023500000000000007,-0.0025000000000000022,0.41962554344528019,0.25177532606716813
0.024,-0.0025000000000000022,0.19974931275953361,0.11984958765572017
0.024500000000000001,-0.0025000000000000022,0.092483502506011811,0.055490101503607087
0.025000000000000001,-0.0025000000000000022,0.041648047972593846,0.024988828783556308
-0.025000000000000001,-0.0019999999999999983,0.78329618678421564,0.46997771207052935
-0.024500000000000001,-0.0019999999999999983,1.5972030919133184,0.95832185514799106
-0.024,-0.0019999999999999983,3.1687818460743018,1.9012691076445809
-0.0235,-0.0019999999999999983,6.1169744753825768,3.6701846852295459
-0.023,-0.0019999999999999983,11.489692669620135,6.8938156017720811
-0.022500000000000003,-0.0019999999999999983,21.000238884264437,12.600143330558662
-0.022000000000000002,-0.0019999999999999983,37.351009880770896,22.410605928462537
-0.021500000000000002,-0.0019999999999999983,64.649137957057974,38.789482774234784
-0.021000000000000001,-0.0019999999999999983,108.89989253024511,65.339935518147058
-0.020500000000000001,-0.0019999999999999983,178.53401529593009,107.12040917755805
-0.02,-0.0019999999999999983,284.88574878601844,170.93144927161106
-0.0195,-0.0019999999999999983,442.49435159251095,265.49661095550658
-0.019,-0.0019999999999999983,669.06377056816666,401.4382623409
-0.018500000000000003,-0.0019999999999999983,984.89808970121214,590.93885382072722
-0.018000000000000002,-0.0019999999999999983,1411.6519505586855,846.99117033521122
-0.017500000000000002,-0.0019999999999999983,1970.310273512807,1182.1861641076841
-0.017000000000000001,-0.0019999999999999983,2678.4458729298904,1607.0675237579342
-0.016500000000000001,-0.0019999999999999983,3546.9864133907745,2128.1918480344648
-0.016,-0.0019999999999999983,4576.9229247628627,2746.1537548577176
-0.0155,-0.0019999999999999983,5756.5615587722141,3453.9369352633285
-0.015000000000000001,-0.0019999999999999983,7059.9996571055208,4235.9997942633127
-0.014500000000000001,-0.0019999999999999983,8447.444095407267,5068.4664572443598
-0.014,-0.0019999999999999983,9867.7575004522423,5920.6545002713456
-0.0135,-0.0019999999999999983,11263.231779107047,6757.9390674642282
-0.012999999999999999,-0.0019999999999999983,12576.113107557039,7545.6678645342236
-0.012500000000000001,-0.0019999999999999983,13755.944084715362,8253.5664508292175
-0.012,-0.0019999999999999983,14766.47087336983,8859.8825240218976
-0.0115,-0.0019999999999999983,15590.792822729616,9354.4756936377689
-0.010999999999999999,-0.0019999999999999983,16233.663982857957,9740.1983897147747
-0.010499999999999999,-0.0019999999999999983,16720.367858509951,10032.22071510597
-0.010000000000000002,-0.0019999999999999983,17092.275889762313,10255.365533857388
-0.0095000000000000015,-0.0019999999999999983,17399.904431980161,10439.942659188097
-0.0090000000000000011,-0.0019999999999999983,17694.825328617047,10616.895197170228
-0.0085000000000000006,-0.0019999999999999983,18022.016575230275,10813.209945138164
-0.0080000000000000002,-0.0019999999999999983,18414.095551560189,11048.457330936113
-0.0074999999999999997,-0.0019999999999999983,18888.392384618004,11333.035430770802
-0.0069999999999999993,-0.0019999999999999983,19447.12340005923,11668.274040035538
-0.0064999999999999988,-0.0019999999999999983,20080.200203279473,12048.120121967684
-0.0059999999999999984,-0.0019999999999999983,20769.648574863117,12461.78914491787
-0.0054999999999999979,-0.0019999999999999983,21494.352363974293,12896.611418384575
-0.005000000000000001,-0.0019999999999999983,22233.931237469289,13340.358742481572
-0.0044999999999999971,-0.0019999999999999983,22970.95800417916,13782.574802507495
-0.0040000000000000001,-0.0019999999999999983,23691.290910896103,14214.774546537661
-0.0035000000000000031,-0.0019999999999999983,24382.868933508267,14629.721360104961
-0.0029999999999999992,-0.0019999999999999983,25033.734469908828,15020.240681945295
-0.0025000000000000022,-0.0019999999999999983,25630.203211123891,15378.121926674334
-0.0019999999999999983,-0.0019999999999999983,26155.970430351579,15693.582258210947
-0.0015000000000000013,-0.0019999999999999983,26592.583104801073,15955.549862880644
-0.00099999999999999742,-0.0019999999999999983,26921.235649770937,16152.741389862562
-0.00050000000000000044,-0.0019999999999999983,27125.406205537129,16275.243723322277
0,-0.0019999999999999983,27193.567685740087,16316.140611444051
0.00050000000000000044,-0.0019999999999999983,27121.16081882771,16272.696491296625
0.0010000000000000009,-0.0019999999999999983,26911.213521871567,16146.728113122939
0.0015000000000000013,-0.0019999999999999983,26573.370863724573,15944.022518234742
0.0020000000000000018,-0.0019999999999999983,26121.550427245402,15672.930256347241
0.0024999999999999988,-0.0019999999999999983,25570.828360556116,15342.497016333669
0.0030000000000000027,-0.0019999999999999983,24934.379642288706,14960.627785373223
0.0034999999999999996,-0.0019999999999999983,24221.279984485689,14532.767990691413
0.0040000000000000036,-0.0019999999999999983,23435.73167805736,14061.439006834416
0.0045000000000000005,-0.0019999999999999983,22577.872587086942,13546.723552252164
0.0049999999999999975,-0.0019999999999999983,21645.882849513571,12987.529709708142
0.0055000000000000014,-0.0019999999999999983,20638.745987657254,12383.247592594353
0.0059999999999999984,-0.0019999999999999983,19558.852946942534,11735.31176816552
0.0064999999999999988,-0.0019999999999999983,18413.705876356587,11048.223525813952
0.0069999999999999993,-0.0019999999999999983,17216.25951449525,10329.75570869715
0.0074999999999999997,-0.0019999999999999983,15983.84434587885,9590.3066075273091
0.0080000000000000002,-0.0019999999999999983,14736.022784632405,8841.6136707794431
0.0085000000000000006,-0.0019999999999999983,13492.015195396732,8095.2091172380387
0.0090000000000000011,-0.0019999999999999983,12268.415186095115,7361.0491116570693
0.0095000000000000015,-0.0019999999999999983,11077.77821978483,6646.6669318708982
0.010000000000000002,-0.0019999999999999983,9928.3683522674419,5957.0210113604653
0.010500000000000002,-0.0019999999999999983,8824.9876886508064,5294.992613190484
0.011000000000000003,-0.0019999999999999983,7770.5072166110385,4662.3043299666233
0.011500000000000003,-0.0019999999999999983,6767.5549279399729,4060.5329567639837
0.012000000000000004,-0.0019999999999999983,5819.8330475133716,3491.8998285080229
0.012499999999999997,-0.0019999999999999983,4932.7061899253358,2959.6237139552013
0.013000000000000005,-0.0019999999999999983,4112.9563413085853,2467.7738047851512
0.013499999999999998,-0.0019999999999999983,3367.8516092424552,2020.7109655454731
0.014000000000000005,-0.0019999999999999983,2703.8499629385769,1622.3099777631462
0.014499999999999999,-0.0019999999999999983,2125.3178831490309,1275.1907298894184
0.014999999999999999,-0.0019999999999999983,1633.5895143787448,980.15370862724683
0.0155,-0.0019999999999999983,1226.5601782899103,735.93610697394615
0.016000000000000007,-0.0019999999999999983,898.85015583672566,539.31009350203533
0.016500000000000001,-0.0019999999999999983,642.43836866490278,385.46302119894165
0.017000000000000001,-0.0019999999999999983,447.58196992205228,268.54918195323137
0.017500000000000002,-0.0019999999999999983,303.81589715511723,182.28953829307034
0.017999999999999995,-0.0019999999999999983,200.85618638099848,120.51371182859909
0.018500000000000003,-0.0019999999999999983,129.29134810763176,77.574808864579055
0.019000000000000003,-0.0019999999999999983,81.014430209619505,48.608658125771704
0.019500000000000003,-0.0019999999999999983,49.406519285185297,29.643911571111175
0.019999999999999997,-0.0019999999999999983,29.320558952425127,17.592335371455075
0.020499999999999997,-0.0019999999999999983,16.930776185560536,10.158465711336321
0.021000000000000005,-0.0019999999999999983,9.5117238938970896,5.7070343363382534
0.021500000000000005,-0.0019999999999999983,5.1986286616402664,3.1191771969841597
0.021999999999999999,-0.0019999999999999983,2.7640225292229554,1.6584135175337733
0.022499999999999999,-0.0019999999999999983,1.4295481026042527,0.85772886156255157
0.023000000000000007,-0.0019999999999999983,0.71919330285463956,0.43151598171278371
0.023500000000000007,-0.0019999999999999983,0.35194159846479867,0.21116495907887919
0.024,-0.0019999999999999983,0.16751921012044657,0.10051152607226795
0.024500000000000001,-0.0019999999999999983,0.077556924414721493,0.046534154648832891
0.025000000000000001,-0.0019999999999999983,0.034924719388353308,0.020954831633011983
-0.025000000000000001,-0.0015000000000000013,0.85406749057174725,0.51244049434304828
-0.024500000000000001,-0.0015000000000000013,1.739842551681636,1.0439055310089815
-0.024,-0.0015000000000000013,3.448183514224167,2.0689101085345003
-0.0235,-0.0015000000000000013,6.6488242081041307,3.989294524862478
-0.023,-0.0015000000000000013,12.473429373121167,7.4840576238727001
-0.022500000000000003,-0.0015000000000000013,22.768119776518873,13.660871865911323
-0.022000000000000002,-0.0015000000000000013,40.437462988747143,24.262477793248284
-0.021500000000000002,-0.0015000000000000013,69.883220515312118,41.929932309187272
-0.021000000000000001,-0.0015000000000000013,117.52033628603986,70.512201771623921
-0.020500000000000001,-0.0015000000000000013,192.32045143991024,115.39227086394614
-0.02,-0.0015000000000000013,306.29112478834656,183.77467487300794
-0.0195,-0.0015000000000000013,474.7529764507438,284.85178587044629
-0.019,-0.0015000000000000013,716.23875264971389,429.74325158982833
-0.018500000000000003,-0.0015000000000000013,1051.8243971309155,631.09463827854927
-0.018000000000000002,-0.0015000000000000013,1503.7311819781999,902.23870918691989
-0.017500000000000002,-0.0015000000000000013,2093.1248224438914,1255.8748934663347
-0.017000000000000001,-0.0015000000000000013,2837.1864154322038,1702.3118492593223
-0.016500000000000001,-0.0015000000000000013,3745.7272030672116,2247.4363218403269
-0.016,-0.0015000000000000013,4817.8291055550744,2890.6974633330447
-0.0155,-0.0015000000000000013,6039.161196539495,3623.4967179236969
-0.015000000000000001,-0.0015000000000000013,7380.6860245903354,4428.4116147542009
-0.014500000000000001,-0.0015000000000000013,8799.3757333357753,5279.625440001465
-0.014,-0.0015000000000000013,10241.283526051669,6144.7701156310013
-0.0135,-0.0015000000000000013,11646.885642905943,6988.1313857435662
-0.012999999999999999,-0.0015000000000000013,12958.09984758234,7774.8599085494034
-0.012500000000000001,-0.0015000000000000013,14125.91721590315,8475.5503295418894
-0.012,-0.0015000000000000013,15117.287373979698,9070.3724243878187
-0.0115,-0.0015000000000000013,15919.881402446872,9551.9288414681232
-0.010999999999999999,-0.0015000000000000013,16543.66760871304,9926.200565227824
-0.010499999999999999,-0.0015000000000000013,17018.833770326582,10211.300262195949
-0.010000000000000002,-0.0015000000000000013,17390.350235259797,10434.210141155878
-0.0095000000000000015,-0.0015000000000000013,17710.208088533942,10626.124853120366
-0.0090000000000000011,-0.0015000000000000013,18028.892236670843,10817.335342002505
-0.0085000000000000006,-0.0015000000000000013,18387.813535958045,11032.688121574827
-0.0080000000000000002,-0.0015000000000000013,18814.171844298373,11288.503106579023
-0.0074999999999999997,-0.0015000000000000013,19319.110707672706,11591.466424603623
-0.0069999999999999993,-0.0015000000000000013,19899.212191419992,11939.527314851995
-0.0064999999999999988,-0.0015000000000000013,20540.582276020152,12324.34936561209
-0.0059999999999999984,-0.0015000000000000013,21224.204612662325,12734.522767597395
-0.0054999999999999979,-0.0015000000000000013,21931.040390466937,13158.624234280162
-0.005000000000000001,-0.0015000000000000013,22645.566086339433,13587.339651803659
-0.0044999999999999971,-0.0015000000000000013,23356.994790515866,14014.196874309519
-0.0040000000000000001,-0.0015000000000000013,24058.154525237431,14434.892715142458
-0.0035000000000000031,-0.0015000000000000013,24742.68983464715,14845.613900788288
-0.0029999999999999992,-0.0015000000000000013,25401.719413026964,15241.031647816177
-0.0025000000000000022,-0.0015000000000000013,26021.200896312545,15612.720537787525
-0.0019999999999999983,-0.0015000000000000013,26581.003276713858,15948.601966028315
-0.0015000000000000013,-0.0015000000000000013,27056.149898301803,16233.689938981081
-0.00099999999999999742,-0.0015000000000000013,27420.030037572582,16452.018022543547
-0.00050000000000000044,-0.0015000000000000013,27648.775412534382,16589.265247520627
0,-0.0015000000000000013,27725.628756899194,16635.377254139516
0.00050000000000000044,-0.0015000000000000013,27644.096549516758,16586.457929710054
0.0010000000000000009,-0.0015000000000000013,27408.98459771142,16445.390758626851
0.0015000000000000013,-0.0015000000000000013,27034.975986380166,16220.985591828099
0.0020000000000000018,-0.0015000000000000013,26543.068810286404,15925.841286171843
0.0024999999999999988,-0.0015000000000000013,25955.76356126785,15573.45813676071
0.0030000000000000027,-0.0015000000000000013,25292.21993503056,15175.331961018335
0.0034999999999999996,-0.0015000000000000013,24564.601804183138,14738.761082509882
0.0040000000000000036,-0.0015000000000000013,23776.501350819002,14265.900810491401
0.0045000000000000005,-0.0015000000000000013,22923.773285224081,13754.263971134447
0.0049999999999999975,-0.0015000000000000013,21997.474865609111,13198.484919365466
0.0055000000000000014,-0.0015000000000000013,20988.072103759016,12592.843262255408
0.0059999999999999984,-0.0015000000000000013,19889.78038393188,11933.868230359129
0.0064999999999999988,-0.0015000000000000013,18703.930114740957,11222.358068844575
0.0069999999999999993,-0.0015000000000000013,17440.565371717752,10464.339223030651
0.0074999999999999997,-0.0015000000000000013,16117.993040059808,9670.7958240358839
0.0080000000000000002,-0.0015000000000000013,14760.548506021829,8856.3291036130977
0.0085000000000000006,-0.0015000000000000013,13395.275193369376,8037.1651160216252
0.0090000000000000011,-0.0015000000000000013,12048.417082787269,7229.0502496723611
0.0095000000000000015,-0.0015000000000000013,10742.559543969941,6445.5357263819642
0.010000000000000002,-0.0015000000000000013,9494.9700654159169,5696.9820392495503
0.010500000000000002,-0.0015000000000000013,8317.2937657660332,4990.3762594596201
0.011000000000000003,-0.0015000000000000013,7216.3780315122685,4329.8268189073606
0.011500000000000003,-0.0015000000000000013,6195.7445199240428,3717.4467119544256
0.012000000000000004,-0.0015000000000000013,5257.1507785061185,3154.2904671036708
0.012499999999999997,-0.0015000000000000013,4401.7803333798975,2641.0682000279385
0.013000000000000005,-0.0015000000000000013,3630.8102703798768,2178.4861622279259
0.013499999999999998,-0.0015000000000000013,2945.3456383393923,1767.2073830036354
0.014000000000000005,-0.0015000000000000013,2345.903356187077,1407.5420137122462
0.014499999999999999,-0.0015000000000000013,1831.7271887024456,1099.0363132214673
0.014999999999999999,-0.0015000000000000013,1400.2108704809966,840.12652228859793
0.0155,-0.0015000000000000013,1046.622853235818,627.97371194149071
0.016000000000000007,-0.0015000000000000013,764.20576507613976,458.52345904568386
0.016500000000000001,-0.0015000000000000013,544.60952885631946,326.76571731379164
0.017000000000000001,-0.0015000000000000013,378.53957650499092,227.12374590299456
0.017500000000000002,-0.0015000000000000013,256.47260668233849,153.8835640094031
0.017999999999999995,-0.0015000000000000013,169.30680307807995,101.58408184684797
0.018500000000000003,-0.0015000000000000013,108.85570784979294,65.313424709875761
0.019000000000000003,-0.0015000000000000013,68.146482271221217,40.887889362732729
0.019500000000000003,-0.0015000000000000013,41.528809337685729,24.917285602611436
0.019999999999999997,-0.0015000000000000013,24.631385134569165,14.778831080741497
0.020499999999999997,-0.0015000000000000013,14.216671794992623,8.5300030769955733
0.021000000000000005,-0.0015000000000000013,7.984112980326505,4.7904677881959028
0.021500000000000005,-0.0015000000000000013,4.3625015890181578,2.6175009534108944
0.021999999999999999,-0.0015000000000000013,2.3189623463527038,1.3913774078116223
0.022499999999999999,-0.0015000000000000013,1.1991585498502206,0.71949512991013231
0.023000000000000007,-0.0015000000000000013,0.60320538228881582,0.36192322937328947
0.023500000000000007,-0.0015000000000000013,0.29515115793081748,0.17709069475849049
0.024,-0.0015000000000000013,0.14047618042883628,0.084285708257301764
0.024500000000000001,-0.0015000000000000013,0.065032519132935104,0.039019511479761064
0.025000000000000001,-0.0015000000000000013,0.029283360901022161,0.017570016540613295
-0.025000000000000001,-0.00099999999999999742,0.90913357363690883,0.5454801441821453
-0.024500000000000001,-0.00099999999999999742,1.8508553506164975,1.1105132103698985
-0.024,-0.00099999999999999742,3.6656941554851077,2.1994164932910647
-0.0235,-0.00099999999999999742,7.0629877718553091,4.2377926631131855
-0.023,-0.00099999999999999742,13.239746068820873,7.943847641292523
-0.022500000000000003,-0.00099999999999999742,24.145792214715335,14.4874753288292
-0.022000000000000002,-0.00099999999999999742,42.843685006523366,25.706211003914017
-0.021500000000000002,-0.00099999999999999742,73.965680633065404,44.379408379839241
-0.021000000000000001,-0.00099999999999999742,124.24765594425483,74.548593566552896
-0.020500000000000001,-0.00099999999999999742,203.08572902470934,121.8514374148256
-0.02,-0.00099999999999999742,323.01709923973976,193.81025954384384
-0.0195,-0.00099999999999999742,499.97908353827364,299.98745012296416
-0.019,-0.00099999999999999742,753.16197843279167,451.89718705967499
-0.018500000000000003,-0.00099999999999999742,1104.25983238291,662.55589942974598
-0.018000000000000002,-0.00099999999999999742,1575.9578462516563,945.57470775099375
-0.017500000000000002,-0.00099999999999999742,2189.5910456700631,1313.7546274020378
-0.017000000000000001,-0.00099999999999999742,2962.0691431209798,1777.2414858725879
-0.016500000000000001,-0.00099999999999999742,3902.3708342399605,2341.4225005439762
-0.016,-0.00099999999999999742,5008.1279871816287,3004.8767923089772
-0.0155,-0.00099999999999999742,6262.9876992554409,3757.7926195532646
-0.015000000000000001,-0.00099999999999999742,7635.4920805780675,4581.2952483468407
-0.014500000000000001,-0.00099999999999999742,9080.0980360207686,5448.0588216124606
-0.014,-0.00099999999999999742,10540.652489601036,6324.3914937606214
-0.0135,-0.00099999999999999742,11956.17381776607,7173.7042906596416
-0.012999999999999999,-0.00099999999999999742,13268.254558582572,7960.9527351495426
-0.012500000000000001,-0.00099999999999999742,14428.922425783008,8657.3534554698053
-0.012,-0.00099999999999999742,15407.515839278272,9244.5095035669638
-0.0115,-0.00099999999999999742,16195.155804826443,9717.0934828958652
-0.010999999999999999,-0.00099999999999999742,16805.767837232292,10083.460702339375
-0.010499999999999999,-0.00099999999999999742,17273.272985580716,10363.963791348429
-0.010000000000000002,-0.00099999999999999742,17645.383690402152,10587.23021424129
-0.0095000000000000015,-0.00099999999999999742,17975.208274861547,10785.124964916928
-0.0090000000000000011,-0.00099999999999999742,18312.38299117102,10987.429794702612
-0.0085000000000000006,-0.00099999999999999742,18695.563529265866,11217.338117559519
-0.0080000000000000002,-0.00099999999999999742,19147.77215086839,11488.663290521034
-0.0074999999999999997,-0.00099999999999999742,19675.387473529383,11805.232484117629
-0.0069999999999999993,-0.00099999999999999742,20270.662324215831,12162.397394529498
-0.0064999999999999988,-0.00099999999999999742,20916.799025402321,12550.079415241393
-0.0059999999999999984,-0.00099999999999999742,21594.029278530503,12956.417567118302
-0.0054999999999999979,-0.00099999999999999742,22284.99094963459,13370.994569780754
-0.005000000000000001,-0.00099999999999999742,22978.001371551367,13786.80082293082
-0.0044999999999999971,-0.00099999999999999742,23667.502994788716,14200.50179687323
-0.0040000000000000001,-0.00099999999999999742,24351.80837993704,14611.085027962223
-0.0035000000000000031,-0.00099999999999999742,25029.05858045366,15017.435148272196
-0.0029999999999999992,-0.00099999999999999742,25692.815019518453,15415.689011711071
-0.0025000000000000022,-0.00099999999999999742,26328.794829643113,15797.276897785867
-0.0019999999999999983,-0.00099999999999999742,26913.915416336658,16148.349249801995
-0.0015000000000000013,-0.00099999999999999742,27418.137837300776,16450.882702380466
-0.00099999999999999742,-0.00099999999999999742,27808.782595506589,16685.269557303953
-0.00050000000000000044,-0.00099999999999999742,28056.264037252738,16833.758422351642
0,-0.00099999999999999742,28139.752647929243,16883.851588757545
0.00050000000000000044,-0.00099999999999999742,28051.248705456925,16830.749223274153
0.0010000000000000009,-0.00099999999999999742,27796.942850353596,16678.165710212157
0.0015000000000000013,-0.00099999999999999742,27395.441256250568,16437.26475375034
0.0020000000000000018,-0.00099999999999999742,26873.252987256303,16123.951792353781
0.0024999999999999988,-0.00099999999999999742,26258.651731662525,15755.191038997515
0.0030000000000000027,-0.00099999999999999742,25575.44115934095,15345.264695604568
0.0034999999999999996,-0.00099999999999999742,24838.16379292183,14902.898275753098
0.0040000000000000036,-0.00099999999999999742,24049.900819119041,14429.940491471423
0.0045000000000000005,-0.00099999999999999742,23203.127444161193,13921.876466496715
0.0049999999999999975,-0.00099999999999999742,22283.304285171023,13369.982571102613
0.0055000000000000014,-0.00099999999999999742,21274.211447658228,12764.526868594936
0.0059999999999999984,-0.00099999999999999742,20163.643255634335,12098.1859533806
0.0064999999999999988,-0.00099999999999999742,18948.068599310445,11368.841159586267
0.0069999999999999993,-0.00099999999999999742,17635.208043318915,10581.124825991348
0.0074999999999999997,-0.00099999999999999742,16244.069403296395,9746.4416419778372
0.0080000000000000002,-0.00099999999999999742,14802.642588380693,8881.5855530284152
0.0085000000000000006,-0.00099999999999999742,13343.999228903775,8006.399537342264
0.0090000000000000011,-0.00099999999999999742,11901.836864822988,7141.102118893793
0.0095000000000000015,-0.00099999999999999742,10506.498642633749,6303.8991855802497
0.010000000000000002,-0.00099999999999999742,9182.2269241759041,5509.3361545055423
0.010500000000000002,-0.00099999999999999742,7945.9834083846908,4767.5900450308145
0.011000000000000003,-0.00099999999999999742,6807.7294657121602,4084.637679427296
0.011500000000000003,-0.00099999999999999742,5771.7318426259462,3463.0391055755676
0.012000000000000004,-0.00099999999999999742,4838.3120835650934,2902.987250139056
0.012499999999999997,-0.00099999999999999742,4005.4984635820601,2403.2990781492358
0.013000000000000005,-0.00099999999999999742,3270.2161870606246,1962.1297122363746
0.013499999999999998,-0.00099999999999999742,2628.8842405636078,1577.3305443381646
0.014000000000000005,-0.00099999999999999742,2077.4957233525884,1246.497434011553
0.014499999999999999,-0.00099999999999999742,1611.3884037186588,966.83304223119524
0.014999999999999999,-0.00099999999999999742,1224.9459539880374,734.96757239282249
0.0155,-0.00099999999999999742,911.42339812692387,546.85403887615428
0.016000000000000007,-0.00099999999999999742,662.99842233316247,397.79905339989745
0.016500000000000001,-0.00099999999999999742,471.05275693450147,282.63165416070086
0.017000000000000001,-0.00099999999999999742,326.61484161657501,195.96890496994499
0.017500000000000002,-0.00099999999999999742,220.8605611778666,132.51633670671995
0.017999999999999995,-0.00099999999999999742,145.57166238672906,87.342997432037436
0.018500000000000003,-0.00099999999999999742,93.479898883288456,56.087939329973075
0.019000000000000003,-0.00099999999999999742,58.463766921448347,35.078260152869007
0.019500000000000003,-0.00099999999999999742,35.600679671229877,21.360407802737924
0.019999999999999997,-0.00099999999999999742,21.10250106383879,12.661500638303274
0.020499999999999997,-0.00099999999999999742,12.174059748857392,7.3044358493144346
0.021000000000000005,-0.00099999999999999742,6.8344080100583078,4.1006448060349845
0.021500000000000005,-0.00099999999999999742,3.7332024267578059,2.2399214560546836
0.021999999999999999,-0.00099999999999999742,1.983987349119813,1.1903924094718878
0.022499999999999999,-0.00099999999999999742,1.0257528728273717,0.61545172369642298
0.023000000000000007,-0.00099999999999999742,0.51590449012962425,0.30954269407777452
0.023500000000000007,-0.00099999999999999742,0.25240615219570811,0.15144369131742486
0.024,-0.00099999999999999742,0.12012128875642672,0.072072773253856026
0.024500000000000001,-0.00099999999999999742,0.055605526770660253,0.033363316062396148
0.025000000000000001,-0.00099999999999999742,0.025037147937264293,0.015022288762358576
-0.025000000000000001,-0.00050000000000000044,0.94411648368945467,0.56646989021367278
-0.024500000000000001,-0.00050000000000000044,1.9213929483132253,1.1528357689879352
-0.024,-0.00050000000000000044,3.8039273479005158,2.2823564087403092
-0.0235,-0.00050000000000000044,7.3262553344486223,4.3957532006691729
-0.023,-0.00050000000000000044,13.726980574003646,8.2361883444021871
-0.022500000000000003,-0.00050000000000000044,25.021969703469512,15.013181822081707
-0.022000000000000002,-0.00050000000000000044,44.374462099469099,26.624677259681459
-0.021500000000000002,-0.00050000000000000044,76.563710196339059,45.938226117803431
-0.021000000000000001,-0.00050000000000000044,128.53045960521987,77.118275763131919
-0.020500000000000001,-0.00050000000000000044,209.94212942000198,125.96527765200118
-0.02,-0.00050000000000000044,333.67499410227805,200.20499646136682
-0.0195,-0.00050000000000000044,516.06210283085966,309.63726169851577
-0.019,-0.00050000000000000044,776.71721953983683,466.03033172390207
-0.018500000000000003,-0.00050000000000000044,1137.7349927258269,682.6409956354961
-0.018000000000000002,-0.00050000000000000044,1622.1057571005472,973.26345426032822
-0.017500000000000002,-0.00050000000000000044,2251.2850116259442,1350.7710069755665
-0.017000000000000001,-0.00050000000000000044,3042.0250900526516,1825.2150540315909
-0.016500000000000001,-0.00050000000000000044,4002.7919744587089,2401.6751846752254
-0.016,-0.00050000000000000044,5130.3120981078619,3078.187258864717
-0.0155,-0.00050000000000000044,6406.961159918561,3844.1766959511365
-0.015000000000000001,-0.00050000000000000044,7799.7514890892116,4679.8508934535266
-0.014500000000000001,-0.00050000000000000044,9261.542061701668,5556.9252370210006
-0.014,-0.00050000000000000044,10734.767983498461,6440.8607900990764
-0.0135,-0.00050000000000000044,12157.499837069898,7294.4999022419388
-0.012999999999999999,-0.00050000000000000044,13471.090666674347,8082.6544000046079
-0.012500000000000001,-0.00050000000000000044,14628.184512680833,8776.9107076085002
-0.012,-0.00050000000000000044,15599.58932287793,9359.7535937267567
-0.0115,-0.00050000000000000044,16378.568720538249,9827.1412323229488
-0.010999999999999999,-0.00050000000000000044,16981.517330714927,10188.910398428956
-0.010499999999999999,-0.00050000000000000044,17444.692104009155,10466.815262405493
-0.010000000000000002,-0.00050000000000000044,17817.52429652683,10690.514577916098
-0.0095000000000000015,-0.00050000000000000044,18153.823040667201,10892.29382440032
-0.0090000000000000011,-0.00050000000000000044,18502.69028825585,11101.61417295351
-0.0085000000000000006,-0.00050000000000000044,18901.047767907159,11340.628660744294
-0.0080000000000000002,-0.00050000000000000044,19369.288184938021,11621.572910962812
-0.0074999999999999997,-0.00050000000000000044,19910.79170573454,11946.475023440724
-0.0069999999999999993,-0.00050000000000000044,20515.090329173239,12309.054197503943
-0.0064999999999999988,-0.00050000000000000044,21163.569628934663,12698.141777360797
-0.0059999999999999984,-0.00050000000000000044,21836.008720778522,13101.605232467113
-0.0054999999999999979,-0.00050000000000000044,22516.132805766454,13509.679683459872
-0.005000000000000001,-0.00050000000000000044,23194.718973345858,13916.831384007515
-0.0044999999999999971,-0.00050000000000000044,23869.549777329365,14321.729866397618
-0.0040000000000000001,-0.00050000000000000044,24542.438754566683,14725.46325274001
-0.0035000000000000031,-0.00050000000000000044,25214.399138075212,15128.639482845127
-0.0029999999999999992,-0.00050000000000000044,25880.558418672223,15528.335051203332
-0.0025000000000000022,-0.00050000000000000044,26526.493335429415,15915.896001257648
-0.0019999999999999983,-0.00050000000000000044,27127.25630741434,16276.353784448604
-0.0015000000000000013,-0.00050000000000000044,27649.600017388875,16589.760010433325
-0.00099999999999999742,-0.00050000000000000044,28056.994799486329,16834.196879691797
-0.00050000000000000044,-0.00050000000000000044,28316.226055072719,16989.735633043631
0,-0.00050000000000000044,28403.87891357304,17042.327348143823
0.00050000000000000044,-0.00050000000000000044,28310.997336430493,16986.598401858297
0.0010000000000000009,-0.00050000000000000044,28044.651309818844,16826.790785891306
0.0015000000000000013,-0.00050000000000000044,27625.937767056592,16575.562660233954
0.0020000000000000018,-0.00050000000000000044,27084.86381781911,16250.918290691465
0.0024999999999999988,-0.00050000000000000044,26453.365865709315,15872.019519425588
0.0030000000000000027,-0.00050000000000000044,25758.190663993966,15454.914398396379
0.0034999999999999996,-0.00050000000000000044,25015.382368116992,15009.229420870195
0.0040000000000000036,-0.00050000000000000044,24227.685961382413,14536.611576829448
0.0045000000000000005,-0.00050000000000000044,23385.416484176749,14031.249890506049
0.0049999999999999975,-0.00050000000000000044,22470.464675895531,13482.278805537318
0.0055000000000000014,-0.00050000000000000044,21462.347764151509,12877.408658490906
0.0059999999999999984,-0.00050000000000000044,20344.764199381101,12206.85851962866
0.0064999999999999988,-0.00050000000000000044,19111.075816059209,11466.645489635524
0.0069999999999999993,-0.00050000000000000044,17767.50562485445,10660.503374912669
0.0074999999999999997,-0.00050000000000000044,16333.481670890647,9800.0890025343888
0.0080000000000000002,-0.00050000000000000044,14839.286806916936,8903.5720841501607
0.0085000000000000006,-0.00050000000000000044,13321.790968639425,7993.074581183655
0.0090000000000000011,-0.00050000000000000044,11819.395263654023,7091.6371581924141
0.0095000000000000015,-0.00050000000000000044,10367.342927825437,6220.4057566952624
0.010000000000000002,-0.00050000000000000044,8994.2864017599222,5396.571841055953
0.010500000000000002,-0.00050000000000000044,7720.5552214925829,4632.3331328955492
0.011000000000000003,-0.00050000000000000044,6558.0933685158352,3934.8560211095009
0.011500000000000003,-0.00050000000000000044,5511.6603272629318,3306.9961963577589
0.012000000000000004,-0.00050000000000000044,4580.6986570367299,2748.4191942220377
0.012499999999999997,-0.00050000000000000044,3761.2761194050418,2256.7656716430251
0.013000000000000005,-0.00050000000000000044,3047.6667044733658,1828.6000226840195
0.013499999999999998,-0.00050000000000000044,2433.3629545466147,1460.0177727279688
0.014000000000000005,-0.00050000000000000044,1911.5300887084104,1146.9180532250462
0.014499999999999999,-0.00050000000000000044,1475.0619487824295,885.03716926945765
0.014999999999999999,-0.00050000000000000044,1116.4564642350933,669.873878541056
0.0155,-0.00050000000000000044,827.70435985178904,496.62261591107341
0.016000000000000007,-0.00050000000000000044,600.31071762556132,360.18643057533677
0.016500000000000001,-0.00050000000000000044,425.4819322414329,255.28915934485974
0.017000000000000001,-0.00050000000000000044,294.44036424958563,176.66421854975138
0.017500000000000002,-0.00050000000000000044,198.79113786541379,119.27468271924826
0.017999999999999995,-0.00050000000000000044,130.86106788564558,78.516640731387341
0.018500000000000003,-0.00050000000000000044,83.949501227651524,50.369700736590914
0.019000000000000003,-0.00050000000000000044,52.46174908766389,31.477049452598333
0.019500000000000003,-0.00050000000000000044,31.925835042205357,19.155501025323215
0.019999999999999997,-0.00050000000000000044,18.91486414231294,11.348918485387763
0.020499999999999997,-0.00050000000000000044,10.907759451807543,6.5446556710845254
0.021000000000000005,-0.00050000000000000044,6.1216413431182435,3.672984805870946
0.021500000000000005,-0.00050000000000000044,3.343057398529611,2.0058344391177667
0.021999999999999999,-0.00050000000000000044,1.7763107597443102,1.0657864558465862
0.022499999999999999,-0.00050000000000000044,0.91824423971338887,0.55094654382803332
0.023000000000000007,-0.00050000000000000044,0.46177891401135834,0.27706734840681502
0.023500000000000007,-0.00050000000000000044,0.22590454432867133,0.13554272659720279
0.024,-0.00050000000000000044,0.10750132856692732,0.064500797140156385
0.024500000000000001,-0.00050000000000000044,0.049760800419871604,0.029856480251922959
0.025000000000000001,-0.00050000000000000044,0.022404491186757833,0.0134426947120547
-0.025000000000000001,0,0.95611585996077586,0.57366951597646554
-0.024500000000000001,0,1.9455900120989815,1.1673540072593889
-0.024,0,3.8513513191362869,2.3108107914817722
-0.0235,0,7.4165852004773836,4.4499511202864301
-0.023,0,13.89417660824679,8.3365059649480742
-0.022500000000000003,0,25.322674372831873,15.193604623699123
-0.022000000000000002,0,44.899907099751353,26.939944259850812
-0.021500000000000002,0,77.455648300821011,46.473388980492608
-0.021000000000000001,0,130.00108952992662,78.00065371795597
-0.020500000000000001,0,212.2969982085782,127.37819892514692
-0.02,0,337.33641526978408,202.40184916187044
-0.0195,0,521.58882981084901,312.9532978865094
-0.019,0,784.81427487729218,470.8885649263753
-0.018500000000000003,0,1149.246212759951,689.54772765597056
-0.018000000000000002,0,1637.9814853090197,982.78889118541179
-0.017500000000000002,0,2272.5192015751222,1363.5115209450732
-0.017000000000000001,0,3069.5603721825946,1841.7362233095566
-0.016500000000000001,0,4037.3979748379497,2422.4387849027698
-0.016,0,5172.4506480376367,3103.4703888225818
-0.0155,0,6456.6602899827794,3873.9961739896676
-0.015000000000000001,0,7856.5158561243479,4713.9095136746082
-0.014500000000000001,0,9324.328149206498,5594.5968895238984
-0.014,0,10802.046114481596,6481.2276686889572
-0.0135,0,12227.41129008702,7336.4467740522123
-0.012999999999999999,0,13541.688619277806,8125.013171566683
-0.012500000000000001,0,14697.725934966258,8818.6355609797538
-0.012,0,15666.826622655055,9400.0959735930319
-0.0115,0,16442.980483180061,9865.7882899080359
-0.010999999999999999,0,17043.421138259604,10226.052682955762
-0.010499999999999999,0,17505.20056211024,10503.120337266144
-0.010000000000000002,0,17878.335740618655,10727.001444371193
-0.0095000000000000015,0,18216.875024120702,10930.12501447242
-0.0090000000000000011,0,18569.738509119634,11141.84310547178
-0.0085000000000000006,0,18973.25670932799,11383.954025596793
-0.0080000000000000002,0,19446.925368308741,11668.155220985243
-0.0074999999999999997,0,19993.10183698732,11995.861102192392
-0.0069999999999999993,0,20600.390505373096,12360.234303223857
-0.0064999999999999988,0,21249.558909225456,12749.735345535273
-0.0059999999999999984,0,21920.235235858781,13152.141141515269
-0.0054999999999999979,0,22596.521112015638,13557.912667209383
-0.005000000000000001,0,23270.040084195778,13962.024050517466
-0.0044999999999999971,0,23939.722626741557,14363.833576044934
-0.0040000000000000001,0,24608.585096443901,14765.15105786634
-0.0035000000000000031,0,25278.627746949074,15167.176648169443
-0.0029999999999999992,0,25945.517045875062,15567.310227525037
-0.0025000000000000022,0,26594.783341750641,15956.870005050383
-0.0019999999999999983,0,27200.841019589392,16320.504611753635
-0.0015000000000000013,0,27729.343759298001,16637.606255578801
-0.00099999999999999742,0,28142.442496755837,16885.465498053502
-0.00050000000000000044,0,28405.678800927384,17043.407280556428
0,0,28494.751574623831,17096.850944774298
0.00050000000000000044,0,28400.376954536849,17040.226172722108
0.0010000000000000009,0,28129.926373663715,16877.955824198227
0.0015000000000000013,0,27705.350573758627,16623.210344255174
0.0020000000000000018,0,27157.855637639204,16294.713382583523
0.0024999999999999988,0,26520.633126771922,15912.379876063153
0.0030000000000000027,0,25821.437881771817,15492.86272906309
0.0034999999999999996,0,25076.827570719062,15046.096542431436
0.0040000000000000036,0,24289.430237550299,14573.658142530179
0.0045000000000000005,0,23448.818348184897,14069.291008910937
0.0049999999999999975,0,22535.65651997902,13521.393911987412
0.0055000000000000014,0,21527.998056641489,12916.798833984893
0.0059999999999999984,0,20408.134485337992,12244.880691202796
0.0064999999999999988,0,19168.359353850094,11501.015612310055
0.0069999999999999993,0,17814.378664989828,10688.627198993896
0.0074999999999999997,0,16365.760303846873,9819.456182308124
0.0080000000000000002,0,14853.568353225091,8912.1410119350548
0.0085000000000000006,0,13315.969609546826,7989.581765728095
0.0090000000000000011,0,11792.972339891874,7075.7834039351246
0.0095000000000000015,0,10321.494854334684,6192.8969126008096
0.010000000000000002,0,8931.6979147855673,5359.01874887134
0.010500000000000002,0,7645.0639666433563,4587.0383799860138
0.011000000000000003,0,6474.2173825482214,3884.5304295289325
0.011500000000000003,0,5424.0898173392497,3254.4538904035498
0.012000000000000004,0,4493.8280924665723,2696.2968554799431
0.012499999999999997,0,3678.8352691249702,2207.3011614749821
0.013000000000000005,0,2972.4848635645094,1783.4909181387056
0.013499999999999998,0,2367.2746946133311,1420.3648167679987
0.014000000000000005,0,1855.4082886250421,1113.2449731750253
0.014499999999999999,0,1428.9479793419198,857.36878760515185
0.014999999999999999,0,1079.7496866407648,647.84981198445882
0.0155,0,799.37318939140368,479.62391363484221
0.016000000000000007,0,579.09363045835244,347.45617827501144
0.016500000000000001,0,410.05643422100007,246.03386053260004
0.017000000000000001,0,283.54851001458013,170.12910600874807
0.017500000000000002,0,191.31958446315957,114.79175067789573
0.017999999999999995,0,125.88056462368877,75.528338774213253
0.018500000000000003,0,80.722701210594835,48.433620726356899
0.019000000000000003,0,50.429521253336318,30.25771275200179
0.019500000000000003,0,30.681535015522922,18.408921009313751
0.019999999999999997,0,18.174116989901041,10.904470193940623
0.020499999999999997,0,10.478975818584818,6.2873854911508902
0.021000000000000005,0,5.8802875362750298,3.5281725217650179
0.021500000000000005,0,3.2109470056646683,1.926568203398801
0.021999999999999999,0,1.7059870635952401,1.0235922381571441
0.022499999999999999,0,0.88183932457391934,0.52910359474435154
0.023000000000000007,0,0.44345065547838947,0.26607039328703369
0.023500000000000007,0,0.21693041238111221,0.13015824742866733
0.024,0,0.10322787064831274,0.06193672238898764
0.024500000000000001,0,0.047781614535620499,0.028668968721372298
0.025000000000000001,0,0.02151299931032517,0.012907799586195102
-0.025000000000000001,0.00050000000000000044,0.94411648368945467,0.56646989021367278
-0.024500000000000001,0.00050000000000000044,1.9213929483132253,1.1528357689879352
-0.024,0.00050000000000000044,3.8039273479005158,2.2823564087403092
-0.0235,0.00050000000000000044,7.3262553344486223,4.3957532006691729
-0.023,0.00050000000000000044,13.726980574003658,8.2361883444021942
-0.022500000000000003,0.00050000000000000044,25.02196970346953,15.013181822081718
-0.022000000000000002,0.00050000000000000044,44.374462099469135,26.62467725968148
-0.021500000000000002,0.00050000000000000044,76.563710196339116,45.938226117803467
-0.021000000000000001,0.00050000000000000044,128.53045960521999,77.11827576313199
-0.020500000000000001,0.00050000000000000044,209.94212942000212,125.96527765200126
-0.02,0.00050000000000000044,333.67499410227839,200.20499646136702
-0.0195,0.00050000000000000044,516.06210283085966,309.63726169851577
-0.019,0.00050000000000000044,776.71721953983683,466.03033172390207
-0.018500000000000003,0.00050000000000000044,1137.7349927258269,682.6409956354961
-0.018000000000000002,0.00050000000000000044,1622.1057571005472,973.26345426032822
-0.017500000000000002,0.00050000000000000044,2251.2850116259451,1350.7710069755669
-0.017000000000000001,0.00050000000000000044,3042.0250900526521,1825.2150540315913
-0.016500000000000001,0.00050000000000000044,4002.7919744587102,2401.6751846752259
-0.016,0.00050000000000000044,5130.3120981078628,3078.1872588647175
-0.0155,0.00050000000000000044,6406.961159918561,3844.1766959511365
-0.015000000000000001,0.00050000000000000044,7799.7514890892126,4679.8508934535275
-0.014500000000000001,0.00050000000000000044,9261.5420617016698,5556.9252370210015
-0.014,0.00050000000000000044,10734.767983498461,6440.8607900990764
-0.0135,0.00050000000000000044,12157.499837069898,7294.4999022419388
-0.012999999999999999,0.00050000000000000044,13471.090666674347,8082.6544000046079
-0.012500000000000001,0.00050000000000000044,14628.184512680833,8776.9107076085002
-0.012,0.00050000000000000044,15599.589322877933,9359.7535937267603
-0.0115,0.00050000000000000044,16378.568720538253,9827.1412323229506
-0.010999999999999999,0.00050000000000000044,16981.517330714927,10188.910398428956
-0.010499999999999999,0.00050000000000000044,17444.692104009155,10466.815262405493
-0.010000000000000002,0.00050000000000000044,17817.52429652683,10690.514577916098
-0.0095000000000000015,0.00050000000000000044,18153.823040667197,10892.293824400318
-0.0090000000000000011,0.00050000000000000044,18502.690288255846,11101.614172953507
-0.0085000000000000006,0.00050000000000000044,18901.047767907159,11340.628660744294
-0.0080000000000000002,0.00050000000000000044,19369.288184938021,11621.572910962812
-0.0074999999999999997,0.00050000000000000044,19910.79170573454,11946.475023440724
-0.0069999999999999993,0.00050000000000000044,20515.090329173239,12309.054197503943
-0.0064999999999999988,0.00050000000000000044,21163.569628934663,12698.141777360797
-0.0059999999999999984,0.00050000000000000044,21836.008720778522,13101.605232467113
-0.0054999999999999979,0.00050000000000000044,22516.13280576645,13509.67968345987
-0.005000000000000001,0.00050000000000000044,23194.718973345858,13916.831384007515
-0.0044999999999999971,0.00050000000000000044,23869.549777329365,14321.729866397618
-0.0040000000000000001,0.00050000000000000044,24542.438754566676,14725.463252740004
-0.0035000000000000031,0.00050000000000000044,25214.399138075209,15128.639482845125
-0.0029999999999999992,0.00050000000000000044,25880.558418672223,15528.335051203332
-0.0025000000000000022,0.00050000000000000044,26526.493335429415,15915.896001257648
-0.0019999999999999983,0.00050000000000000044,27127.256307414344,16276.353784448605
-0.0015000000000000013,0.00050000000000000044,27649.600017388879,16589.760010433325
-0.00099999999999999742,0.00050000000000000044,28056.994799486332,16834.196879691797
-0.00050000000000000044,0.00050000000000000044,28316.226055072719,16989.735633043631
0,0.00050000000000000044,28403.87891357304,17042.327348143823
0.00050000000000000044,0.00050000000000000044,28310.997336430493,16986.598401858297
0.0010000000000000009,0.00050000000000000044,28044.651309818844,16826.790785891306
0.0015000000000000013,0.00050000000000000044,27625.937767056592,16575.562660233954
0.0020000000000000018,0.00050000000000000044,27084.863817819114,16250.918290691468
0.0024999999999999988,0.00050000000000000044,26453.365865709315,15872.019519425588
0.0030000000000000027,0.00050000000000000044,25758.19066399397,15454.91439839638
0.0034999999999999996,0.00050000000000000044,25015.382368116996,15009.229420870197
0.0040000000000000036,0.00050000000000000044,24227.685961382413,14536.611576829448
0.0045000000000000005,0.00050000000000000044,23385.416484176749,14031.249890506049
0.0049999999999999975,0.00050000000000000044,22470.464675895531,13482.278805537318
0.0055000000000000014,0.00050000000000000044,21462.347764151509,12877.408658490906
0.0059999999999999984,0.00050000000000000044,20344.764199381101,12206.85851962866
0.0064999999999999988,0.00050000000000000044,19111.075816059209,11466.645489635524
0.0069999999999999993,0.00050000000000000044,17767.50562485445,10660.503374912669
0.0074999999999999997,0.00050000000000000044,16333.481670890647,9800.0890025343888
0.0080000000000000002,0.00050000000000000044,14839.286806916938,8903.5720841501625
0.0085000000000000006,0.00050000000000000044,13321.790968639427,7993.0745811836559
0.0090000000000000011,0.00050000000000000044,11819.395263654027,7091.6371581924159
0.0095000000000000015,0.00050000000000000044,10367.342927825441,6220.4057566952642
0.010000000000000002,0.00050000000000000044,8994.286401759924,5396.5718410559539
0.010500000000000002,0.00050000000000000044,7720.5552214925865,4632.3331328955519
0.011000000000000003,0.00050000000000000044,6558.0933685158379,3934.8560211095028
0.011500000000000003,0.00050000000000000044,5511.6603272629354,3306.9961963577612
0.012000000000000004,0.00050000000000000044,4580.6986570367326,2748.4191942220396
0.012499999999999997,0.00050000000000000044,3761.2761194050454,2256.765671643027
0.013000000000000005,0.00050000000000000044,3047.6667044733686,1828.600022684021
0.013499999999999998,0.00050000000000000044,2433.3629545466179,1460.0177727279706
0.014000000000000005,0.00050000000000000044,1911.5300887084127,1146.9180532250475
0.014499999999999999,0.00050000000000000044,1475.0619487824315,885.0371692694589
0.014999999999999999,0.00050000000000000044,1116.4564642350954,669.87387854105725
0.0155,0.00050000000000000044,827.70435985179051,496.62261591107426
0.016000000000000007,0.00050000000000000044,600.31071762556246,360.18643057533745
0.016500000000000001,0.00050000000000000044,425.48193224143392,255.28915934486034
0.017000000000000001,0.00050000000000000044,294.44036424958631,176.66421854975178
0.017500000000000002,0.00050000000000000044,198.79113786541424,119.27468271924855
0.017999999999999995,0.00050000000000000044,130.86106788564587,78.516640731387511
0.018500000000000003,0.00050000000000000044,83.949501227651737,50.369700736591042
0.019000000000000003,0.00050000000000000044,52.461749087664025,31.477049452598415
0.019500000000000003,0.00050000000000000044,31.925835042205449,19.155501025323268
0.019999999999999997,0.00050000000000000044,18.914864142312997,11.348918485387797
0.020499999999999997,0.00050000000000000044,10.907759451807561,6.5446556710845361
0.021000000000000005,0.00050000000000000044,6.1216413431182648,3.6729848058709589
0.021500000000000005,0.00050000000000000044,3.3430573985296226,2.0058344391177734
0.021999999999999999,0.00050000000000000044,1.7763107597443164,1.0657864558465897
0.022499999999999999,0.00050000000000000044,0.91824423971339197,0.55094654382803521
0.023000000000000007,0.00050000000000000044,0.46177891401136018,0.27706734840681607
0.023500000000000007,0.00050000000000000044,0.2259045443286721,0.13554272659720326
0.024,0.00050000000000000044,0.10750132856692773,0.064500797140156635
0.024500000000000001,0.00050000000000000044,0.049760800419871812,0.029856480251923084
0.025000000000000001,0.00050000000000000044,0.022404491186757913,0.013442694712054748
-0.025000000000000001,0.0010000000000000009,0.90913357363690883,0.5454801441821453
-0.024500000000000001,0.0010000000000000009,1.8508553506164975,1.1105132103698985
-0.024,0.0010000000000000009,3.6656941554851077,2.1994164932910647
-0.0235,0.0010000000000000009,7.0629877718553091,4.2377926631131855
-0.023,0.0010000000000000009,13.239746068820873,7.943847641292523
-0.022500000000000003,0.0010000000000000009,24.145792214715332,14.487475328829198
-0.022000000000000002,0.0010000000000000009,42.843685006523359,25.706211003914014
-0.021500000000000002,0.0010000000000000009,73.965680633065404,44.379408379839241
-0.021000000000000001,0.0010000000000000009,124.24765594425483,74.548593566552896
-0.020500000000000001,0.0010000000000000009,203.08572902470931,121.85143741482558
-0.02,0.0010000000000000009,323.01709923973976,193.81025954384384
-0.0195,0.0010000000000000009,499.97908353827364,299.98745012296416
-0.019,0.0010000000000000009,753.1619784327919,451.8971870596751
-0.018500000000000003,0.0010000000000000009,1104.2598323829102,662.55589942974609
-0.018000000000000002,0.0010000000000000009,1575.9578462516561,945.57470775099364
-0.017500000000000002,0.0010000000000000009,2189.5910456700631,1313.7546274020378
-0.017000000000000001,0.0010000000000000009,2962.0691431209798,1777.2414858725879
-0.016500000000000001,0.0010000000000000009,3902.37083423996,2341.4225005439757
-0.016,0.0010000000000000009,5008.1279871816296,3004.8767923089777
-0.0155,0.0010000000000000009,6262.98769925544,3757.7926195532636
-0.015000000000000001,0.0010000000000000009,7635.4920805780666,4581.2952483468398
-0.014500000000000001,0.0010000000000000009,9080.0980360207686,5448.0588216124606
-0.014,0.0010000000000000009,10540.652489601036,6324.3914937606214
-0.0135,0.0010000000000000009,11956.17381776607,7173.7042906596416
-0.012999999999999999,0.0010000000000000009,13268.254558582572,7960.9527351495426
-0.012500000000000001,0.0010000000000000009,14428.922425783008,8657.3534554698053
-0.012,0.0010000000000000009,15407.515839278274,9244.5095035669638
-0.0115,0.0010000000000000009,16195.155804826443,9717.0934828958652
-0.010999999999999999,0.0010000000000000009,16805.767837232292,10083.460702339375
-0.010499999999999999,0.0010000000000000009,17273.272985580712,10363.963791348428
-0.010000000000000002,0.0010000000000000009,17645.383690402152,10587.23021424129
-0.0095000000000000015,0.0010000000000000009,17975.208274861547,10785.124964916928
-0.0090000000000000011,0.0010000000000000009,18312.382991171016,10987.42979470261
-0.0085000000000000006,0.0010000000000000009,18695.563529265863,11217.338117559517
-0.0080000000000000002,0.0010000000000000009,19147.772150868386,11488.663290521032
-0.0074999999999999997,0.0010000000000000009,19675.387473529383,11805.232484117629
-0.0069999999999999993,0.0010000000000000009,20270.66232421582,12162.397394529491
-0.0064999999999999988,0.0010000000000000009,20916.799025402317,12550.079415241389
-0.0059999999999999984,0.0010000000000000009,21594.029278530499,12956.417567118298
-0.0054999999999999979,0.0010000000000000009,22284.99094963459,13370.994569780754
-0.005000000000000001,0.0010000000000000009,22978.001371551363,13786.800822930818
-0.0044999999999999971,0.0010000000000000009,23667.502994788712,14200.501796873226
-0.0040000000000000001,0.0010000000000000009,24351.80837993704,14611.085027962223
-0.0035000000000000031,0.0010000000000000009,25029.05858045366,15017.435148272196
-0.0029999999999999992,0.0010000000000000009,25692.815019518453,15415.689011711071
-0.0025000000000000022,0.0010000000000000009,26328.794829643113,15797.276897785867
-0.0019999999999999983,0.0010000000000000009,26913.915416336658,16148.349249801995
-0.0015000000000000013,0.0010000000000000009,27418.137837300776,16450.882702380466
-0.00099999999999999742,0.0010000000000000009,27808.782595506589,16685.269557303953
-0.00050000000000000044,0.0010000000000000009,28056.264037252738,16833.758422351642
0,0.0010000000000000009,28139.752647929239,16883.851588757541
0.00050000000000000044,0.0010000000000000009,28051.248705456925,16830.749223274153
0.0010000000000000009,0.0010000000000000009,27796.942850353596,16678.165710212157
0.0015000000000000013,0.0010000000000000009,27395.441256250568,16437.26475375034
0.0020000000000000018,0.0010000000000000009,26873.252987256303,16123.951792353781
0.0024999999999999988,0.0010000000000000009,26258.651731662525,15755.191038997515
0.0030000000000000027,0.0010000000000000009,25575.441159340953,15345.264695604572
0.0034999999999999996,0.0010000000000000009,24838.163792921827,14902.898275753096
0.0040000000000000036,0.0010000000000000009,24049.900819119041,14429.940491471423
0.0045000000000000005,0.0010000000000000009,23203.127444161193,13921.876466496715
0.0049999999999999975,0.0010000000000000009,22283.304285171023,13369.982571102613
0.0055000000000000014,0.0010000000000000009,21274.211447658221,12764.526868594932
0.0059999999999999984,0.0010000000000000009,20163.643255634335,12098.1859533806
0.0064999999999999988,0.0010000000000000009,18948.068599310438,11368.841159586262
0.0069999999999999993,0.0010000000000000009,17635.208043318915,10581.124825991348
0.0074999999999999997,0.0010000000000000009,16244.069403296398,9746.441641977839
0.0080000000000000002,0.0010000000000000009,14802.642588380695,8881.5855530284171
0.0085000000000000006,0.0010000000000000009,13343.999228903778,8006.3995373422667
0.0090000000000000011,0.0010000000000000009,11901.836864822995,7141.1021188937966
0.0095000000000000015,0.0010000000000000009,10506.498642633756,6303.8991855802533
0.010000000000000002,0.0010000000000000009,9182.2269241759113,5509.3361545055468
0.010500000000000002,0.0010000000000000009,7945.9834083846999,4767.59004503082
0.011000000000000003,0.0010000000000000009,6807.7294657121693,4084.6376794273015
0.011500000000000003,0.0010000000000000009,5771.7318426259553,3463.0391055755731
0.012000000000000004,0.0010000000000000009,4838.3120835651025,2902.9872501390614
0.012499999999999997,0.0010000000000000009,4005.4984635820692,2403.2990781492413
0.013000000000000005,0.0010000000000000009,3270.2161870606333,1962.1297122363799
0.013499999999999998,0.0010000000000000009,2628.884240563616,1577.3305443381696
0.014000000000000005,0.0010000000000000009,2077.4957233525947,1246.4974340115568
0.014499999999999999,0.0010000000000000009,1611.3884037186642,966.83304223119853
0.014999999999999999,0.0010000000000000009,1224.9459539880418,734.96757239282499
0.0155,0.0010000000000000009,911.4233981269274,546.85403887615644
0.016000000000000007,0.0010000000000000009,662.99842233316519,397.79905339989909
0.016500000000000001,0.0010000000000000009,471.05275693450346,282.63165416070206
0.017000000000000001,0.0010000000000000009,326.61484161657665,195.96890496994598
0.017500000000000002,0.0010000000000000009,220.86056117786768,132.51633670672061
0.017999999999999995,0.0010000000000000009,145.5716623867298,87.342997432037876
0.018500000000000003,0.0010000000000000009,93.479898883288939,56.087939329973359
0.019000000000000003,0.0010000000000000009,58.463766921448688,35.078260152869213
0.019500000000000003,0.0010000000000000009,35.600679671230083,21.360407802738049
0.019999999999999997,0.0010000000000000009,21.102501063838908,12.661500638303345
0.020499999999999997,0.0010000000000000009,12.174059748857475,7.3044358493144852
0.021000000000000005,0.0010000000000000009,6.8344080100583549,4.1006448060350129
0.021500000000000005,0.0010000000000000009,3.7332024267578321,2.2399214560546992
0.021999999999999999,0.0010000000000000009,1.9839873491198272,1.1903924094718963
0.022499999999999999,0.0010000000000000009,1.0257528728273775,0.61545172369642642
0.023000000000000007,0.0010000000000000009,0.51590449012962691,0.30954269407777613
0.023500000000000007,0.0010000000000000009,0.25240615219570983,0.15144369131742588
0.024,0.0010000000000000009,0.12012128875642772,0.072072773253856623
0.024500000000000001,0.0010000000000000009,0.055605526770660621,0.03336331606239637
0.025000000000000001,0.0010000000000000009,0.025037147937264446,0.015022288762358667
-0.025000000000000001,0.0015000000000000013,0.85406749057174725,0.51244049434304828
-0.024500000000000001,0.0015000000000000013,1.7398425516816356,1.0439055310089813
-0.024,0.0015000000000000013,3.448183514224167,2.0689101085345003
-0.0235,0.0015000000000000013,6.6488242081041307,3.989294524862478
-0.023,0.0015000000000000013,12.473429373121167,7.4840576238727001
-0.022500000000000003,0.0015000000000000013,22.768119776518887,13.660871865911332
-0.022000000000000002,0.0015000000000000013,40.437462988747171,24.262477793248301
-0.021500000000000002,0.0015000000000000013,69.883220515312175,41.929932309187301
-0.021000000000000001,0.0015000000000000013,117.52033628603994,70.512201771623964
-0.020500000000000001,0.0015000000000000013,192.32045143991033,115.39227086394619
-0.02,0.0015000000000000013,306.29112478834679,183.77467487300808
-0.0195,0.0015000000000000013,474.75297645074397,284.85178587044635
-0.019,0.0015000000000000013,716.23875264971389,429.74325158982833
-0.018500000000000003,0.0015000000000000013,1051.8243971309153,631.09463827854916
-0.018000000000000002,0.0015000000000000013,1503.7311819781996,902.23870918691978
-0.017500000000000002,0.0015000000000000013,2093.1248224438918,1255.8748934663352
-0.017000000000000001,0.0015000000000000013,2837.1864154322052,1702.311849259323
-0.016500000000000001,0.0015000000000000013,3745.7272030672129,2247.4363218403278
-0.016,0.0015000000000000013,4817.8291055550762,2890.6974633330456
-0.0155,0.0015000000000000013,6039.1611965394959,3623.4967179236974
-0.015000000000000001,0.0015000000000000013,7380.6860245903354,4428.4116147542009
-0.014500000000000001,0.0015000000000000013,8799.3757333357771,5279.6254400014659
-0.014,0.0015000000000000013,10241.283526051669,6144.7701156310013
-0.0135,0.0015000000000000013,11646.885642905945,6988.1313857435671
-0.012999999999999999,0.0015000000000000013,12958.09984758234,7774.8599085494034
-0.012500000000000001,0.0015000000000000013,14125.917215903151,8475.5503295418912
-0.012,0.0015000000000000013,15117.2873739797,9070.3724243878187
-0.0115,0.0015000000000000013,15919.881402446874,9551.9288414681232
-0.010999999999999999,0.0015000000000000013,16543.66760871304,9926.200565227824
-0.010499999999999999,0.0015000000000000013,17018.833770326582,10211.300262195949
-0.010000000000000002,0.0015000000000000013,17390.350235259801,10434.21014115588
-0.0095000000000000015,0.0015000000000000013,17710.208088533942,10626.124853120366
-0.0090000000000000011,0.0015000000000000013,18028.892236670843,10817.335342002505
-0.0085000000000000006,0.0015000000000000013,18387.813535958041,11032.688121574824
-0.0080000000000000002,0.0015000000000000013,18814.171844298369,11288.503106579021
-0.0074999999999999997,0.0015000000000000013,19319.110707672706,11591.466424603623
-0.0069999999999999993,0.0015000000000000013,19899.212191419989,11939.527314851994
-0.0064999999999999988,0.0015000000000000013,20540.582276020148,12324.349365612088
-0.0059999999999999984,0.0015000000000000013,21224.204612662317,12734.522767597389
-0.0054999999999999979,0.0015000000000000013,21931.040390466929,13158.624234280158
-0.005000000000000001,0.0015000000000000013,22645.56608633943,13587.339651803657
-0.0044999999999999971,0.0015000000000000013,23356.994790515859,14014.196874309515
-0.0040000000000000001,0.0015000000000000013,24058.154525237431,14434.892715142458
-0.0035000000000000031,0.0015000000000000013,24742.68983464715,14845.613900788288
-0.0029999999999999992,0.0015000000000000013,25401.719413026964,15241.031647816177
-0.0025000000000000022,0.0015000000000000013,26021.200896312545,15612.720537787525
-0.0019999999999999983,0.0015000000000000013,26581.003276713862,15948.601966028316
-0.0015000000000000013,0.0015000000000000013,27056.14989830181,16233.689938981086
-0.00099999999999999742,0.0015000000000000013,27420.030037572582,16452.018022543547
-0.00050000000000000044,0.0015000000000000013,27648.775412534385,16589.265247520631
0,0.0015000000000000013,27725.628756899197,16635.377254139519
0.00050000000000000044,0.0015000000000000013,27644.096549516762,16586.457929710057
0.0010000000000000009,0.0015000000000000013,27408.98459771142,16445.390758626851
0.0015000000000000013,0.0015000000000000013,27034.975986380174,16220.985591828103
0.0020000000000000018,0.0015000000000000013,26543.068810286404,15925.841286171843
0.0024999999999999988,0.0015000000000000013,25955.76356126785,15573.45813676071
0.0030000000000000027,0.0015000000000000013,25292.21993503056,15175.331961018335
0.0034999999999999996,0.0015000000000000013,24564.601804183138,14738.761082509882
0.0040000000000000036,0.0015000000000000013,23776.501350819002,14265.900810491401
0.0045000000000000005,0.0015000000000000013,22923.773285224077,13754.263971134445
0.0049999999999999975,0.0015000000000000013,21997.474865609107,13198.484919365465
0.0055000000000000014,0.0015000000000000013,20988.072103759016,12592.843262255408
0.0059999999999999984,0.0015000000000000013,19889.78038393188,11933.868230359129
0.0064999999999999988,0.0015000000000000013,18703.930114740957,11222.358068844575
0.0069999999999999993,0.0015000000000000013,17440.565371717756,10464.339223030653
0.0074999999999999997,0.0015000000000000013,16117.99304005981,9670.7958240358857
0.0080000000000000002,0.0015000000000000013,14760.548506021831,8856.3291036130977
0.0085000000000000006,0.0015000000000000013,13395.27519336938,8037.1651160216279
0.0090000000000000011,0.0015000000000000013,12048.417082787277,7229.0502496723657
0.0095000000000000015,0.0015000000000000013,10742.559543969946,6445.5357263819678
0.010000000000000002,0.0015000000000000013,9494.9700654159242,5696.982039249554
0.010500000000000002,0.0015000000000000013,8317.2937657660441,4990.3762594596265
0.011000000000000003,0.0015000000000000013,7216.3780315122785,4329.8268189073669
0.011500000000000003,0.0015000000000000013,6195.7445199240519,3717.4467119544311
0.012000000000000004,0.0015000000000000013,5257.1507785061276,3154.2904671036763
0.012499999999999997,0.0015000000000000013,4401.7803333799075,2641.0682000279444
0.013000000000000005,0.0015000000000000013,3630.8102703798868,2178.4861622279318
0.013499999999999998,0.0015000000000000013,2945.3456383394014,1767.2073830036409
0.014000000000000005,0.0015000000000000013,2345.9033561870838,1407.5420137122503
0.014499999999999999,0.0015000000000000013,1831.7271887024519,1099.0363132214711
0.014999999999999999,0.0015000000000000013,1400.2108704810021,840.12652228860122
0.0155,0.0015000000000000013,1046.6228532358218,627.97371194149309
0.016000000000000007,0.0015000000000000013,764.20576507614271,458.52345904568563
0.016500000000000001,0.0015000000000000013,544.60952885632196,326.76571731379317
0.017000000000000001,0.0015000000000000013,378.53957650499285,227.12374590299569
0.017500000000000002,0.0015000000000000013,256.47260668233992,153.88356400940395
0.017999999999999995,0.0015000000000000013,169.30680307808092,101.58408184684855
0.018500000000000003,0.0015000000000000013,108.85570784979357,65.313424709876145
0.019000000000000003,0.0015000000000000013,68.146482271221615,40.88788936273297
0.019500000000000003,0.0015000000000000013,41.528809337685971,24.917285602611582
0.019999999999999997,0.0015000000000000013,24.631385134569303,14.778831080741581
0.020499999999999997,0.0015000000000000013,14.216671794992711,8.5300030769956265
0.021000000000000005,0.0015000000000000013,7.9841129803265574,4.7904677881959339
0.021500000000000005,0.0015000000000000013,4.3625015890181897,2.6175009534109139
0.021999999999999999,0.0015000000000000013,2.3189623463527189,1.3913774078116312
0.022499999999999999,0.0015000000000000013,1.1991585498502284,0.71949512991013698
0.023000000000000007,0.0015000000000000013,0.60320538228882059,0.36192322937329235
0.023500000000000007,0.0015000000000000013,0.29515115793081986,0.1770906947584919
0.024,0.0015000000000000013,0.14047618042883736,0.084285708257302416
0.024500000000000001,0.0015000000000000013,0.065032519132935632,0.039019511479761376
0.025000000000000001,0.0015000000000000013,0.02928336090102238,0.017570016540613426
-0.025000000000000001,0.0020000000000000018,0.78329618678421564,0.46997771207052935
-0.024500000000000001,0.0020000000000000018,1.5972030919133184,0.95832185514799106
-0.024,0.0020000000000000018,3.1687818460743018,1.9012691076445809
-0.0235,0.0020000000000000018,6.1169744753825768,3.6701846852295459
-0.023,0.0020000000000000018,11.489692669620135,6.8938156017720811
-0.022500000000000003,0.0020000000000000018,21.000238884264437,12.600143330558662
-0.022000000000000002,0.0020000000000000018,37.351009880770896,22.410605928462537
-0.021500000000000002,0.0020000000000000018,64.649137957057974,38.789482774234784
-0.021000000000000001,0.0020000000000000018,108.89989253024511,65.339935518147058
-0.020500000000000001,0.0020000000000000018,178.53401529593009,107.12040917755805
-0.02,0.0020000000000000018,284.88574878601844,170.93144927161106
-0.0195,0.0020000000000000018,442.49435159251084,265.49661095550647
-0.019,0.0020000000000000018,669.06377056816655,401.43826234089994
-0.018500000000000003,0.0020000000000000018,984.8980897012118,590.9388538207271
-0.018000000000000002,0.0020000000000000018,1411.651950558685,846.991170335211
-0.017500000000000002,0.0020000000000000018,1970.3102735128064,1182.1861641076837
-0.017000000000000001,0.0020000000000000018,2678.4458729298899,1607.0675237579339
-0.016500000000000001,0.0020000000000000018,3546.9864133907745,2128.1918480344648
-0.016,0.0020000000000000018,4576.9229247628618,2746.1537548577171
-0.0155,0.0020000000000000018,5756.5615587722132,3453.936935263328
-0.015000000000000001,0.0020000000000000018,7059.9996571055199,4235.9997942633117
-0.014500000000000001,0.0020000000000000018,8447.4440954072652,5068.4664572443589
-0.014,0.0020000000000000018,9867.7575004522423,5920.6545002713456
-0.0135,0.0020000000000000018,11263.231779107044,6757.9390674642264
-0.012999999999999999,0.0020000000000000018,12576.113107557037,7545.6678645342217
-0.012500000000000001,0.0020000000000000018,13755.94408471536,8253.5664508292157
-0.012,0.0020000000000000018,14766.470873369828,8859.8825240218957
-0.0115,0.0020000000000000018,15590.792822729612,9354.4756936377671
-0.010999999999999999,0.0020000000000000018,16233.663982857954,9740.1983897147711
-0.010499999999999999,0.0020000000000000018,16720.367858509948,10032.220715105968
-0.010000000000000002,0.0020000000000000018,17092.275889762313,10255.365533857388
-0.0095000000000000015,0.0020000000000000018,17399.904431980158,10439.942659188095
-0.0090000000000000011,0.0020000000000000018,17694.82532861704,10616.895197170224
-0.0085000000000000006,0.0020000000000000018,18022.016575230267,10813.20994513816
-0.0080000000000000002,0.0020000000000000018,18414.095551560182,11048.457330936109
-0.0074999999999999997,0.0020000000000000018,18888.392384618001,11333.0354307708
-0.0069999999999999993,0.0020000000000000018,19447.123400059219,11668.274040035531
-0.0064999999999999988,0.0020000000000000018,20080.200203279466,12048.120121967679
-0.0059999999999999984,0.0020000000000000018,20769.648574863102,12461.789144917861
-0.0054999999999999979,0.0020000000000000018,21494.352363974285,12896.611418384571
-0.005000000000000001,0.0020000000000000018,22233.931237469278,13340.358742481567
-0.0044999999999999971,0.0020000000000000018,22970.958004179152,13782.574802507492
-0.0040000000000000001,0.0020000000000000018,23691.290910896096,14214.774546537657
-0.0035000000000000031,0.0020000000000000018,24382.868933508264,14629.721360104957
-0.0029999999999999992,0.0020000000000000018,25033.734469908821,15020.240681945292
-0.0025000000000000022,0.0020000000000000018,25630.203211123891,15378.121926674334
-0.0019999999999999983,0.0020000000000000018,26155.970430351579,15693.582258210947
-0.0015000000000000013,0.0020000000000000018,26592.583104801073,15955.549862880644
-0.00099999999999999742,0.0020000000000000018,26921.235649770933,16152.74138986256
-0.00050000000000000044,0.0020000000000000018,27125.406205537132,16275.243723322279
0,0.0020000000000000018,27193.56768574009,16316.140611444054
0.00050000000000000044,0.0020000000000000018,27121.16081882771,16272.696491296625
0.0010000000000000009,0.0020000000000000018,26911.213521871567,16146.728113122939
0.0015000000000000013,0.0020000000000000018,26573.370863724576,15944.022518234746
0.0020000000000000018,0.0020000000000000018,26121.550427245402,15672.930256347241
0.0024999999999999988,0.0020000000000000018,25570.828360556112,15342.497016333666
0.0030000000000000027,0.0020000000000000018,24934.379642288703,14960.627785373221
0.0034999999999999996,0.0020000000000000018,24221.279984485696,14532.767990691418
0.0040000000000000036,0.0020000000000000018,23435.73167805736,14061.439006834416
0.0045000000000000005,0.0020000000000000018,22577.872587086935,13546.723552252161
0.0049999999999999975,0.0020000000000000018,21645.882849513568,12987.52970970814
0.0055000000000000014,0.0020000000000000018,20638.74598765725,12383.247592594349
0.0059999999999999984,0.0020000000000000018,19558.852946942538,11735.311768165522
0.0064999999999999988,0.0020000000000000018,18413.705876356587,11048.223525813952
0.0069999999999999993,0.0020000000000000018,17216.259514495254,10329.755708697152
0.0074999999999999997,0.0020000000000000018,15983.84434587885,9590.3066075273091
0.0080000000000000002,0.0020000000000000018,14736.022784632409,8841.6136707794449
0.0085000000000000006,0.0020000000000000018,13492.01519539674,8095.2091172380433
0.0090000000000000011,0.0020000000000000018,12268.415186095124,7361.0491116570747
0.0095000000000000015,0.0020000000000000018,11077.778219784841,6646.6669318709046
0.010000000000000002,0.0020000000000000018,9928.3683522674546,5957.0210113604726
0.010500000000000002,0.0020000000000000018,8824.9876886508227,5294.9926131904931
0.011000000000000003,0.0020000000000000018,7770.5072166110549,4662.3043299666324
0.011500000000000003,0.0020000000000000018,6767.5549279399893,4060.5329567639933
0.012000000000000004,0.0020000000000000018,5819.8330475133889,3491.8998285080334
0.012499999999999997,0.0020000000000000018,4932.7061899253522,2959.6237139552113
0.013000000000000005,0.0020000000000000018,4112.9563413086007,2467.7738047851603
0.013499999999999998,0.0020000000000000018,3367.8516092424693,2020.7109655454815
0.014000000000000005,0.0020000000000000018,2703.8499629385888,1622.3099777631533
0.014499999999999999,0.0020000000000000018,2125.3178831490404,1275.1907298894241
0.014999999999999999,0.0020000000000000018,1633.5895143787536,980.15370862725217
0.0155,0.0020000000000000018,1226.5601782899168,735.93610697395013
0.016000000000000007,0.0020000000000000018,898.85015583673066,539.3100935020384
0.016500000000000001,0.0020000000000000018,642.43836866490687,385.46302119894409
0.017000000000000001,0.0020000000000000018,447.58196992205512,268.54918195323307
0.017500000000000002,0.0020000000000000018,303.81589715511916,182.2895382930715
0.017999999999999995,0.0020000000000000018,200.8561863809999,120.51371182859994
0.018500000000000003,0.0020000000000000018,129.29134810763261,77.574808864579566
0.019000000000000003,0.0020000000000000018,81.014430209620159,48.608658125772095
0.019500000000000003,0.0020000000000000018,49.406519285185681,29.643911571111406
0.019999999999999997,0.0020000000000000018,29.320558952425344,17.592335371455206
0.020499999999999997,0.0020000000000000018,16.930776185560674,10.158465711336405
0.021000000000000005,0.0020000000000000018,9.5117238938971749,5.7070343363383049
0.021500000000000005,0.0020000000000000018,5.1986286616403126,3.1191771969841873
0.021999999999999999,0.0020000000000000018,2.7640225292229803,1.6584135175337882
0.022499999999999999,0.0020000000000000018,1.4295481026042653,0.85772886156255923
0.023000000000000007,0.0020000000000000018,0.71919330285464611,0.43151598171278766
0.023500000000000007,0.0020000000000000018,0.35194159846480239,0.21116495907888141
0.024,0.0020000000000000018,0.16751921012044832,0.10051152607226899
0.024500000000000001,0.0020000000000000018,0.077556924414722297,0.046534154648833377
0.025000000000000001,0.0020000000000000018,0.034924719388353669,0.020954831633012202
-0.025000000000000001,0.0024999999999999988,0.70208354993213085,0.42125012995927852
-0.024500000000000001,0.0024999999999999988,1.4335665383480747,0.86013992300884479
-0.024,0.0024999999999999988,2.8483542928316892,1.7090125756990135
-0.0235,0.0024999999999999988,5.5072492006235798,3.304349520374148
-0.023,0.0024999999999999988,10.362363938026133,6.2174183628156801
-0.022500000000000003,0.0024999999999999988,18.975212321193474,11.385127392716084
-0.022000000000000002,0.0024999999999999988,33.817387921373104,20.290432752823861
-0.021500000000000002,0.0024999999999999988,58.660102937369778,35.196061762421863
-0.021000000000000001,0.0024999999999999988,99.042299806545472,59.425379883927278
-0.020500000000000001,0.0024999999999999988,162.78032305520497,97.668193833122984
-0.02,0.0024999999999999988,260.44579210182161,156.26747526109295
-0.0195,0.0024999999999999988,405.69658579105106,243.41795147463063
-0.019,0.0024999999999999988,615.30774660871737,369.1846479652304
-0.018500000000000003,0.0024999999999999988,908.72833375202686,545.23700025121605
-0.018000000000000002,0.0024999999999999988,1307.0031986934509,784.20191921607056
-0.017500000000000002,0.0024999999999999988,1830.960187034902,1098.5761122209412
-0.017000000000000001,0.0024999999999999988,2498.6806516154811,1499.2083909692885
-0.016500000000000001,0.0024999999999999988,3322.4376515577046,1993.4625909346228
-0.016,0.0024999999999999988,4305.4766872271439,2583.2860123362861
-0.0155,0.0024999999999999988,5439.185124608508,3263.5110747651047
-0.015000000000000001,0.0024999999999999988,6701.2943857325145,4020.7766314395085
-0.014500000000000001,0.0024999999999999988,8055.7318778366725,4833.4391267020037
-0.014,0.0024999999999999988,9454.5559817844278,5672.7335890706563
-0.0135,0.0024999999999999988,10842.072158698969,6505.2432952193813
-0.012999999999999999,0.0024999999999999988,12160.791518361233,7296.4749110167395
-0.012500000000000001,0.0024999999999999988,13358.44630126841,8015.0677807610455
-0.012,0.0024999999999999988,14394.933320844757,8636.9599925068542
-0.0115,0.0024999999999999988,15247.922414102626,9148.7534484615753
-0.010999999999999999,0.0024999999999999988,15916.007162176717,9549.6042973060303
-0.010499999999999999,0.0024999999999999988,16418.687494331123,9851.2124965986732
-0.010000000000000002,0.0024999999999999988,16793.081134119104,10075.848680471461
-0.0095000000000000015,0.0024999999999999988,17087.925482166389,10252.755289299834
-0.0090000000000000011,0.0024999999999999988,17355.99022129345,10413.59413277607
-0.0085000000000000006,0.0024999999999999988,17646.330802048346,10587.798481229007
-0.0080000000000000002,0.0024999999999999988,17997.79398819631,10798.676392917785
-0.0074999999999999997,0.0024999999999999988,18434.846569113146,11060.907941467887
-0.0069999999999999993,0.0024999999999999988,18966.231307070113,11379.738784242067
-0.0064999999999999988,0.0024999999999999988,19586.312811702679,11751.787687021608
-0.0059999999999999984,0.0024999999999999988,20278.426085395709,12167.055651237426
-0.0054999999999999979,0.0024999999999999988,21019.212869471827,12611.527721683096
-0.005000000000000001,0.0024999999999999988,21782.886502266309,13069.731901359784
-0.0044999999999999971,0.0024999999999999988,22544.583662449568,13526.750197469741
-0.0040000000000000001,0.0024999999999999988,23282.351433635991,13969.410860181595
-0.0035000000000000031,0.0024999999999999988,23977.754669931841,14386.652801959104
-0.0029999999999999992,0.0024999999999999988,24615.448903300872,14769.269341980522
-0.0025000000000000022,0.0024999999999999988,25182.262238000963,15109.357342800577
-0.0019999999999999983,0.0024999999999999988,25666.336159228191,15399.801695536913
-0.0015000000000000013,0.0024999999999999988,26056.71742303664,15634.030453821983
-0.00099999999999999742,0.0024999999999999988,26343.541099512451,15806.12465970747
-0.00050000000000000044,0.0024999999999999988,26518.686452916449,15911.211871749869
0,0.0024999999999999988,26576.602569815732,15945.961541889439
0.00050000000000000044,0.0024999999999999988,26514.939912295111,15908.963947377066
0.0010000000000000009,0.0024999999999999988,26334.696602683951,15800.81796161037
0.0015000000000000013,0.0024999999999999988,26039.76267979492,15623.857607876951
0.0020000000000000018,0.0024999999999999988,25635.960613100033,15381.57636786002
0.0024999999999999988,0.0024999999999999988,25129.864116283476,15077.918469770084
0.0030000000000000027,0.0024999999999999988,24527.768575669295,14716.661145401577
0.0034999999999999996,0.0024999999999999988,23835.152922927526,14301.091753756515
0.0040000000000000036,0.0024999999999999988,23056.821202228912,13834.092721337347
0.0045000000000000005,0.0024999999999999988,22197.686999414516,13318.612199648709
0.0049999999999999975,0.0024999999999999988,21263.935621325527,12758.361372795316
0.0055000000000000014,0.0024999999999999988,20264.142892540418,12158.485735524251
0.0059999999999999984,0.0024999999999999988,19209.902694092834,11525.941616455701
0.0064999999999999988,0.0024999999999999988,18115.636730018436,10869.382038011061
0.0069999999999999993,0.0024999999999999988,16997.500837972075,10198.500502783245
0.0074999999999999997,0.0024999999999999988,15871.591921517684,9522.9551529106102
0.0080000000000000002,0.0024999999999999988,14751.906163901795,8851.1436983410767
0.0085000000000000006,0.0024999999999999988,13648.618615641313,8189.1711693847874
0.0090000000000000011,0.0024999999999999988,12567.200078364222,7540.3200470185329
0.0095000000000000015,0.0024999999999999988,11508.668682155134,6905.20120929308
0.010000000000000002,0.0024999999999999988,10470.954921877452,6282.5729531264706
0.010500000000000002,0.0024999999999999988,9451.0389497026008,5670.6233698215601
0.011000000000000003,0.0024999999999999988,8447.2975298759629,5068.3785179255774
0.011500000000000003,0.0024999999999999988,7461.4423011837498,4476.8653807102501
0.012000000000000004,0.0024999999999999988,6499.5531509802659,3899.7318905881593
0.012499999999999997,0.0024999999999999988,5571.9661883491972,3343.1797130095183
0.013000000000000005,0.0024999999999999988,4692.0818860591198,2815.2491316354717
0.013499999999999998,0.0024999999999999988,3874.4236140656399,2324.6541684393837
0.014000000000000005,0.0024999999999999988,3132.4297695261862,1879.4578617157117
0.014499999999999999,0.0024999999999999988,2476.4750777699032,1485.8850466619419
0.014999999999999999,0.0024999999999999988,1912.5042426225075,1147.5025455735044
0.0155,0.0024999999999999988,1441.4729376289383,864.88376257736297
0.016000000000000007,0.0024999999999999988,1059.588861169083,635.75331670144976
0.016500000000000001,0.0024999999999999988,759.18299867898145,455.50979920738888
0.017000000000000001,0.0024999999999999988,529.95016712328436,317.97010027397062
0.017500000000000002,0.0024999999999999988,360.28406172459501,216.17043703475699
0.017999999999999995,0.0024999999999999988,238.47968714409495,143.08781228645697
0.018500000000000003,0.0024999999999999988,153.65803446519428,92.19482067911656
0.019000000000000003,0.0024999999999999988,96.356025175385255,57.81361510523115
0.019500000000000003,0.0024999999999999988,58.797791336143334,35.278674801686002
0.019999999999999997,0.0024999999999999988,34.910303665231432,20.946182199138857
0.020499999999999997,0.0024999999999999988,20.165965092666095,12.099579055599657
0.021000000000000005,0.0024999999999999988,11.332548831412895,6.7995292988477365
0.021500000000000005,0.0024999999999999988,6.195212627086935,3.7171275762521607
0.021999999999999999,0.0024999999999999988,3.2944787138994722,1.9766872283396832
0.022499999999999999,0.0024999999999999988,1.704138324937472,1.0224829949624832
0.023000000000000007,0.0024999999999999988,0.8574316075662386,0.51445896453974316
0.023500000000000007,0.0024999999999999988,0.41962554344528363,0.25177532606717018
0.024,0.0024999999999999988,0.19974931275953525,0.11984958765572115
0.024500000000000001,0.0024999999999999988,0.092483502506012547,0.055490101503607524
0.025000000000000001,0.0024999999999999988,0.041648047972594256,0.024988828783556554
-0.025000000000000001,0.0030000000000000027,0.61591299431991631,0.36954779659194975
-0.024500000000000001,0.0030000000000000027,1.2599906968179517,0.75599441809077106
-0.024,0.0030000000000000027,2.5085739020281643,1.5051443412168986
-0.0235,0.0030000000000000027,4.8609314030337236,2.9165588418202342
-0.023,0.0030000000000000027,9.1678596194103648,5.5007157716462185
-0.022500000000000003,0.0030000000000000027,16.8304838765997,10.09829032595982
-0.022000000000000002,0.0030000000000000027,30.076779150326971,18.046067490196183
-0.021500000000000002,0.0030000000000000027,52.323853873586515,31.394312324151908
-0.021000000000000001,0.0030000000000000027,88.61990102794627,53.171940616767763
-0.020500000000000001,0.0030000000000000027,146.1360968363901,87.68165810183406
-0.02,0.0030000000000000027,234.64561142078205,140.78736685246923
-0.0195,0.0030000000000000027,366.88748436833606,220.13249062100164
-0.019,0.0030000000000000027,558.67494291240928,335.20496574744556
-0.018500000000000003,0.0030000000000000027,828.58287427713537,497.14972456628118
-0.018000000000000002,0.0030000000000000027,1197.0527973297433,718.23167839784594
-0.017500000000000002,0.0030000000000000027,1684.8006346587931,1010.8803807952759
-0.017000000000000001,0.0030000000000000027,2310.5119812965336,1386.3071887779201
-0.016500000000000001,0.0030000000000000027,3087.9587481897088,1852.7752489138252
-0.016,0.0030000000000000027,4022.8508425022519,2413.7105055013512
-0.0155,0.0030000000000000027,5109.9102233775984,3065.9461340265589
-0.015000000000000001,0.0030000000000000027,6330.7728248877438,3798.4636949326459
-0.014500000000000001,0.0030000000000000027,7653.3355175148026,4592.001310508881
-0.014,0.0030000000000000027,9033.0337478236197,5419.8202486941718
-0.0135,0.0030000000000000027,10416.254334975278,6249.7526009851663
-0.012999999999999999,0.0030000000000000027,11745.69175353597,7047.4150521215815
-0.012500000000000001,0.0030000000000000027,12967.020777515881,7780.2124665095289
-0.012,0.0030000000000000027,14035.886760352505,8421.532056211503
-0.0115,0.0030000000000000027,14924.012184314659,8954.4073105887946
-0.010999999999999999,0.0030000000000000027,15623.260335649466,9373.9562013896793
-0.010499999999999999,0.0030000000000000027,16146.803665126481,9688.0821990758886
-0.010000000000000002,0.0030000000000000027,16527.065763671522,9916.2394582029137
-0.0095000000000000015,0.0030000000000000027,16810.729860250874,10086.437916150524
-0.0090000000000000011,0.0030000000000000027,17051.686470122444,10231.011882073466
-0.0085000000000000006,0.0030000000000000027,17303.187009093526,10381.912205456116
-0.0080000000000000002,0.0030000000000000027,17610.583942625693,10566.350365575416
-0.0074999999999999997,0.0030000000000000027,18005.8504905269,10803.51029431614
-0.0069999999999999993,0.0030000000000000027,18504.642268298143,11102.785360978885
-0.0064999999999999988,0.0030000000000000027,19106.107523823437,11463.664514294062
-0.0059999999999999984,0.0030000000000000027,19795.112905616435,11877.06774336986
-0.0054999999999999979,0.0030000000000000027,20546.150804990695,12327.690482994416
-0.005000000000000001,0.0030000000000000027,21328.004727090967,12796.802836254579
-0.0044999999999999971,0.0030000000000000027,22108.279696317273,13264.967817790364
-0.0040000000000000001,0.0030000000000000027,22857.108124992086,13714.264874995251
-0.0035000000000000031,0.0030000000000000027,23549.637427057991,14129.782456234794
-0.0029999999999999992,0.0030000000000000027,24167.208644956114,14500.325186973669
-0.0025000000000000022,0.0030000000000000027,24697.379025521172,14818.427415312703
-0.0019999999999999983,0.0030000000000000027,25133.090910617993,15079.854546370796
-0.0015000000000000013,0.0030000000000000027,25471.341606214981,15282.804963728988
-0.00099999999999999742,0.0030000000000000027,25711.684625894162,15427.010775536497
-0.00050000000000000044,0.0030000000000000027,25854.823418084896,15512.894050850937
0,0.0030000000000000027,25901.475255743597,15540.885153446157
0.00050000000000000044,0.0030000000000000027,25851.607685695952,15510.96461141757
0.0010000000000000009,0.0030000000000000027,25704.093213498054,15422.455928098832
0.0015000000000000013,0.0030000000000000027,25456.789003561174,15274.073402136704
0.0020000000000000018,0.0030000000000000027,25107.018958545745,15064.211375127446
0.0024999999999999988,0.0030000000000000027,24652.404646712304,14791.442788027382
0.0030000000000000027,0.0030000000000000027,24091.950827695982,14455.170496617589
0.0034999999999999996,0.0030000000000000027,23427.239433039082,14056.343659823449
0.0040000000000000036,0.0030000000000000027,22663.530917876862,13598.118550726116
0.0045000000000000005,0.0030000000000000027,21810.531200388545,13086.318720233126
0.0049999999999999975,0.0030000000000000027,20882.578579404471,12529.547147642683
0.0055000000000000014,0.0030000000000000027,19898.058811296454,11938.835286777872
0.0059999999999999984,0.0030000000000000027,18877.977439851093,11326.786463910656
0.0064999999999999988,0.0030000000000000027,17843.796184507984,10706.27771070479
0.0069999999999999993,0.0030000000000000027,16814.840668783276,10088.904401269965
0.0074999999999999997,0.0030000000000000027,15805.756637428196,9483.4539824569165
0.0080000000000000002,0.0030000000000000027,14824.572081971361,8894.7432491828167
0.0085000000000000006,0.0030000000000000027,13871.868932279494,8323.1213593676966
0.0090000000000000011,0.0030000000000000027,12941.370014782486,7764.8220088694907
0.0095000000000000015,0.0030000000000000027,12021.939717188525,7213.1638303131149
0.010000000000000002,0.0030000000000000027,11100.655620958985,6660.3933725753914
0.010500000000000002,0.0030000000000000027,10166.328511021278,6099.7971066127666
0.011000000000000003,0.0030000000000000027,9212.7142090606067,5527.6285254363638
0.011500000000000003,0.0030000000000000027,8240.7171594608571,4944.4302956765141
0.012000000000000004,0.0030000000000000027,7259.1205908690026,4355.472354521401
0.012499999999999997,0.0030000000000000027,6283.7257526617977,3770.2354515970783
0.013000000000000005,0.0030000000000000027,5335.1456269459413,3201.0873761675648
0.013499999999999998,0.0030000000000000027,4435.7791808659476,2661.4675085195686
0.014000000000000005,0.0030000000000000027,3606.623605096845,2163.974163058107
0.014499999999999999,0.0030000000000000027,2864.5453744048004,1718.7272246428802
0.014999999999999999,0.0030000000000000027,2220.4563693926148,1332.2738216355688
0.0155,0.0030000000000000027,1678.5921460721429,1007.1552876432856
0.016000000000000007,0.0030000000000000027,1236.8389803342325,742.10338820053948
0.016500000000000001,0.0030000000000000027,887.86489055627294,532.71893433376374
0.017000000000000001,0.0030000000000000027,620.71036856854732,372.42622114112839
0.017500000000000002,0.0030000000000000027,422.48925789819589,253.49355473891751
0.017999999999999995,0.0030000000000000027,279.91722835439094,167.95033701263455
0.018500000000000003,0.0030000000000000027,180.49060389864513,108.29436233918707
0.019000000000000003,0.0030000000000000027,113.2480738139716,67.948844288382958
0.019500000000000003,0.0030000000000000027,69.137158998382986,41.482295399029788
0.019999999999999997,0.0030000000000000027,41.063892089684572,24.638335253810741
0.020499999999999997,0.0030000000000000027,23.727278574288636,14.236367144573181
0.021000000000000005,0.0030000000000000027,13.336829110675593,8.0020974664053561
0.021500000000000005,0.0030000000000000027,7.2921662168679022,4.3752997301207408
0.021999999999999999,0.0030000000000000027,3.8783423352224853,2.3270054011334911
0.022499999999999999,0.0030000000000000027,2.0063680708521554,1.2038208425112933
0.023000000000000007,0.0030000000000000027,1.0095819336638994,0.60574916019833958
0.023500000000000007,0.0030000000000000027,0.49412003470647115,0.29647202082388269
0.024,0.0030000000000000027,0.23522211413236305,0.14113326847941782
0.024500000000000001,0.0030000000000000027,0.10891171743567105,0.065347030461402625
0.025000000000000001,0.0030000000000000027,0.049047704680284132,0.029428622808170476
-0.025000000000000001,0.0034999999999999996,0.52986174652301976,0.31791704791381187
-0.024500000000000001,0.0034999999999999996,1.0866935738078884,0.65201614428473309
-0.024,0.0034999999999999996,2.1694227599167095,1.3016536559500256
-0.0235,0.0034999999999999996,4.2159879750413918,2.529592785024835
-0.023,0.0034999999999999996,7.9762618681268362,4.7857571208761014
-0.022500000000000003,0.0034999999999999996,14.691711437046976,8.8150268622281853
-0.022000000000000002,0.0034999999999999996,26.348002948422955,15.808801769053773
-0.021500000000000002,0.0034999999999999996,46.010406466013407,27.606243879608044
-0.021000000000000001,0.0034999999999999996,78.240140920937762,46.944084552562657
-0.020500000000000001,0.0034999999999999996,129.56927365120268,77.741564190721604
-0.02,0.0034999999999999996,208.98188391022117,125.3891303461327
-0.0195,0.0034999999999999996,328.31206636875032,196.9872398212502
-0.019,0.0034999999999999996,502.43103792755721,301.45862275653434
-0.018500000000000003,0.0034999999999999996,749.06657142688175,449.43994285612905
-0.018000000000000002,0.0034999999999999996,1088.0922086419148,652.8553251851489
-0.017500000000000002,0.0034999999999999996,1540.1560100996837,924.09360605981021
-0.017000000000000001,0.0034999999999999996,2124.5999828088557,1274.7599896853133
-0.016500000000000001,0.0034999999999999996,2856.7532609400632,1714.0519565640379
-0.016,0.0034999999999999996,3744.8513727989271,2246.9108236793563
-0.0155,0.0034999999999999996,4787.0102386058625,2872.2061431635175
-0.015000000000000001,0.0034999999999999996,5968.8222326624791,3581.2933395974874
-0.014500000000000001,0.0034999999999999996,7262.1923650463605,4357.3154190278165
-0.014,0.0034999999999999996,8625.9533261591532,5175.5719956954918
-0.0135,0.0034999999999999996,10008.5709276047,6005.1425565628197
-0.012999999999999999,0.0034999999999999996,11352.895474019759,6811.7372844118554
-0.012500000000000001,0.0034999999999999996,12602.489995555705,7561.4939973334222
-0.012,0.0034999999999999996,13708.66592929551,8225.1995575773053
-0.0115,0.0034999999999999996,14637.085331693805,8782.251199016282
-0.010999999999999999,0.0034999999999999996,15372.733292369328,9223.6399754215963
-0.010499999999999999,0.0034999999999999996,15922.266302374697,9553.3597814248187
-0.010000000000000002,0.0034999999999999996,16313.179256868201,9787.9075541209204
-0.0095000000000000015,0.0034999999999999996,16589.818665689902,9953.8911994139398
-0.0090000000000000011,0.0034999999999999996,16806.871351250913,10084.122810750547
-0.0085000000000000006,0.0034999999999999996,17021.436096726822,10212.861658036092
-0.0080000000000000002,0.0034999999999999996,17285.03022061224,10371.018132367344
-0.0074999999999999997,0.0034999999999999996,17636.844539295591,10582.106723577353
-0.0069999999999999993,0.0034999999999999996,18099.261668990133,10859.55700139408
-0.0064999999999999988,0.0034999999999999996,18676.178725622896,11205.707235373737
-0.0059999999999999984,0.0034999999999999996,19354.143984842143,11612.486390905286
-0.0054999999999999979,0.0034999999999999996,20105.843783997498,12063.506270398499
-0.005000000000000001,0.0034999999999999996,20895.145309239586,12537.087185543751
-0.0044999999999999971,0.0034999999999999996,21682.751041567659,13009.650624940596
-0.0040000000000000001,0.0034999999999999996,22431.545123637999,13458.927074182799
-0.0035000000000000031,0.0034999999999999996,23110.873699260934,13866.524219556561
-0.0029999999999999992,0.0034999999999999996,23699.250530102327,14219.550318061396
-0.0025000000000000022,0.0034999999999999996,24185.26748095244,14511.160488571464
-0.0019999999999999983,0.0034999999999999996,24566.776482457848,14740.065889474708
-0.0015000000000000013,0.0034999999999999996,24848.663214851102,14909.19792891066
-0.00099999999999999742,0.0034999999999999996,25039.726405647179,15023.835843388308
-0.00050000000000000044,0.0034999999999999996,25149.287954454267,15089.57277267256
0,0.0034999999999999996,25184.172239369451,15110.503343621669
0.00050000000000000044,0.0034999999999999996,25146.60344079274,15087.962064475643
0.0010000000000000009,0.0034999999999999996,25033.389046743294,15020.033428045976
0.0015000000000000013,0.0034999999999999996,24836.51461045567,14901.908766273402
0.0020000000000000018,0.0034999999999999996,24545.011452581246,14727.006871548747
0.0024999999999999988,0.0034999999999999996,24147.722586126605,14488.633551675963
0.0030000000000000027,0.0034999999999999996,23636.424830032924,14181.854898019754
0.0034999999999999996,0.0034999999999999996,23008.695082589817,13805.21704955389
0.0040000000000000036,0.0034999999999999996,22269.945651353872,13361.967390812322
0.0045000000000000005,0.0034999999999999996,21434.188720969472,12860.513232581683
0.0049999999999999975,0.0034999999999999996,20523.300754395666,12313.980452637399
0.0055000000000000014,0.0034999999999999996,19564.812503851914,11738.887502311149
0.0059999999999999984,0.0034999999999999996,18588.513518893145,11153.108111335887
0.0064999999999999988,0.0034999999999999996,17622.393265384162,10573.435959230497
0.0069999999999999993,0.0034999999999999996,16688.604645800762,10013.162787480456
0.0074999999999999997,0.0034999999999999996,15800.192327319659,9480.115396391795
0.0080000000000000002,0.0034999999999999996,14959.249963894985,8975.5499783369905
0.0085000000000000006,0.0034999999999999996,14156.950144503782,8494.1700867022682
0.0090000000000000011,0.0034999999999999996,13375.55327407499,8025.331964444993
0.0095000000000000015,0.0034999999999999996,12592.106478750113,7555.2638872500675
0.010000000000000002,0.0034999999999999996,11783.177876397785,7069.9067258386713
0.010500000000000002,0.0034999999999999996,10929.727959074471,6557.8367754446826
0.011000000000000003,0.0034999999999999996,10021.168991241782,6012.7013947450696
0.011500000000000003,0.0034999999999999996,9057.8285316272923,5434.6971189763754
0.012000000000000004,0.0034999999999999996,8051.3788287041971,4830.8272972225177
0.012499999999999997,0.0034999999999999996,7023.2331954889569,4213.9399172933736
0.013000000000000005,0.0034999999999999996,6001.3311728912377,3600.7987037347425
0.013499999999999998,0.0034999999999999996,5016.0325843010269,3009.6195505806159
0.014000000000000005,0.0034999999999999996,4095.9519456768462,2457.5711674061076
0.014499999999999999,0.0034999999999999996,3264.4801780667935,1958.688106840076
0.014999999999999999,0.0034999999999999996,2537.5041553570227,1522.5024932142135
0.0155,0.0034999999999999996,1922.5242859725829,1153.5145715835497
0.016000000000000007,0.0034999999999999996,1419.0711148180346,851.44266889082076
0.016500000000000001,0.0034999999999999996,1020.1010451785083,612.06062710710501
0.017000000000000001,0.0034999999999999996,713.94294858909086,428.36576915345449
0.017500000000000002,0.0034999999999999996,486.37051860150677,291.82231116090406
0.017999999999999995,0.0034999999999999996,322.46165653254815,193.47699391952889
0.018500000000000003,0.0034999999999999996,208.03506030354416,124.82103618212649
0.019000000000000003,0.0034999999999999996,130.58588084440771,78.351528506644627
0.019500000000000003,0.0034999999999999996,79.748218541507583,47.848931124904546
0.019999999999999997,0.0034999999999999996,47.378644799851564,28.427186879910938
0.020499999999999997,0.0034999999999999996,27.381620833665192,16.428972500199116
0.021000000000000005,0.0034999999999999996,15.393358104625268,9.2360148627751606
0.021500000000000005,0.0034999999999999996,8.417669852876319,5.0506019117257912
0.021999999999999999,0.0034999999999999996,4.4773828114670957,2.6864296868802575
0.022499999999999999,0.0034999999999999996,2.316446151492781,1.3898676908956686
0.023000000000000007,0.0034999999999999996,1.1656802484672277,0.69940814908033666
0.023500000000000007,0.0034999999999999996,0.57054632825721219,0.3423277969543273
0.024,0.0034999999999999996,0.27161436235334607,0.16296861741200763
0.024500000000000001,0.0034999999999999996,0.12576558854770015,0.07545935312862008
0.025000000000000001,0.0034999999999999996,0.0566390307544948,0.033983418452696881
-0.025000000000000001,0.0040000000000000036,0.44811257892243539,0.26886754735346124
-0.024500000000000001,0.0040000000000000036,0.92206710850843154,0.55324026510505886
-0.024,0.0040000000000000036,1.847255375823234,1.1083532254939403
-0.0235,0.0040000000000000036,3.6033732803007248,2.162023968180435
-0.023,0.0040000000000000036,6.8444608839190257,4.1066765303514154
-0.022500000000000003,0.0040000000000000036,12.660401628059558,7.5962409768357348
-0.022000000000000002,0.0040000000000000036,22.806847056803434,13.684108234082061
-0.021500000000000002,0.0040000000000000036,40.015152789017733,24.009091673410641
-0.021000000000000001,0.0040000000000000036,68.38450497162377,41.030702982974262
-0.020500000000000001,0.0040000000000000036,113.84083548048099,68.304501288288591
-0.02,0.0040000000000000036,184.62027471013408,110.77216482608044
-0.0195,0.0040000000000000036,291.69992529288817,175.01995517573289
-0.019,0.0040000000000000036,449.06030070558239,269.43618042334941
-0.018500000000000003,0.0040000000000000036,673.63077251461687,404.17846350877011
-0.018000000000000002,0.0040000000000000036,984.75466975837026,590.85280185502211
-0.017500000000000002,0.0040000000000000036,1403.0290669555943,841.81744017335654
-0.017000000000000001,0.0040000000000000036,1948.4385730675406,1169.0631438405244
-0.016500000000000001,0.0040000000000000036,2637.8179732037124,1582.6907839222274
-0.016,0.0040000000000000036,3481.8377952548299,2089.1026771528977
-0.0155,0.0040000000000000036,4481.885594393987,2689.131356636392
-0.015000000000000001,0.0040000000000000036,5627.373770948584,3376.4242625691504
-0.014500000000000001,0.0040000000000000036,6894.0922733434782,4136.4553640060867
-0.014,0.0040000000000000036,8244.1944730555115,4946.5166838333071
-0.0135,0.0040000000000000036,9628.2281588871538,5776.9368953322919
-0.012999999999999999,0.0040000000000000036,10989.305468560797,6593.583281136478
-0.012500000000000001,0.0040000000000000036,12269.091306661365,7361.4547839968191
-0.012,0.0040000000000000036,13414.862696436476,8048.9176178618854
-0.0115,0.0040000000000000036,14386.555802769142,8631.9334816614846
-0.010999999999999999,0.0040000000000000036,15162.571094521754,9097.5426567130526
-0.010499999999999999,0.0040000000000000036,15743.212138340314,9445.9272830041882
-0.010000000000000002,0.0040000000000000036,16150.992458028906,9690.5954748173426
-0.0095000000000000015,0.0040000000000000036,16427.594040525437,9856.5564243152621
-0.0090000000000000011,0.0040000000000000036,16627.883378147046,9976.7300268882263
-0.0085000000000000006,0.0040000000000000036,16811.946374098192,10087.167824458915
-0.0080000000000000002,0.0040000000000000036,17036.46729474004,10221.880376844023
-0.0074999999999999997,0.0040000000000000036,17346.873458699272,10408.124075219563
-0.0069999999999999993,0.0040000000000000036,17771.487519211631,10662.892511526978
-0.0064999999999999988,0.0040000000000000036,18318.527800756689,10991.116680454013
-0.0059999999999999984,0.0040000000000000036,18976.271722273508,11385.763033364105
-0.0054999999999999979,0.0040000000000000036,19716.158305821937,11829.694983493162
-0.005000000000000001,0.0040000000000000036,20498.149010592748,12298.889406355649
-0.0044999999999999971,0.0040000000000000036,21277.356288330982,12766.413772998589
-0.0040000000000000001,0.0040000000000000036,22010.816154747932,13206.48969284876
-0.0035000000000000031,0.0040000000000000036,22663.325655872963,13597.995393523777
-0.0029999999999999992,0.0040000000000000036,23211.469246710487,13926.881548026291
-0.0025000000000000022,0.0040000000000000036,23645.286671593924,14187.172002956353
-0.0019999999999999983,0.0040000000000000036,23967.443513201419,14380.466107920851
-0.0015000000000000013,0.0040000000000000036,24190.196229871854,14514.117737923112
-0.00099999999999999742,0.0040000000000000036,24330.828278382305,14598.496967029383
-0.00050000000000000044,0.0040000000000000036,24406.503363420914,14643.902018052548
0,0.0040000000000000036,24429.579312475071,14657.747587485042
0.00050000000000000044,0.0040000000000000036,24404.323709207383,14642.59422552443
0.0010000000000000009,0.0040000000000000036,24325.68274634963,14595.409647809778
0.0015000000000000013,0.0040000000000000036,24180.332336408192,14508.199401844915
0.0020000000000000018,0.0040000000000000036,23949.771694369549,14369.863016621728
0.0024999999999999988,0.0040000000000000036,23614.802606872425,14168.881564123454
0.0030000000000000027,0.0040000000000000036,23160.458777351785,13896.27526641107
0.0034999999999999996,0.0040000000000000036,22580.363123198294,13548.217873918977
0.0040000000000000036,0.0040000000000000036,21879.607669681689,13127.764601809013
0.0045000000000000005,0.0040000000000000036,21075.539505953777,12645.323703572265
0.0049999999999999975,0.0040000000000000036,20196.234901396776,12117.740940838064
0.0055000000000000014,0.0040000000000000036,19276.875345067332,11566.125207040399
0.0059999999999999984,0.0040000000000000036,18354.62851924928,11012.777111549567
0.0064999999999999988,0.0040000000000000036,17462.921084543792,10477.752650726276
0.0069999999999999993,0.0040000000000000036,16626.123810131528,9975.6742860789163
0.0074999999999999997,0.0040000000000000036,15855.628772558062,9513.3772635348378
0.0080000000000000002,0.0040000000000000036,15148.081771151752,9088.8490626910516
0.0085000000000000006,0.0040000000000000036,14486.166116450398,8691.6996698702387
0.0090000000000000011,0.0040000000000000036,13841.871516084211,8305.1229096505267
0.0095000000000000015,0.0040000000000000036,13181.706214499685,7909.0237286998108
0.010000000000000002,0.0040000000000000036,12472.919689112432,7483.7518134674592
0.010500000000000002,0.0040000000000000036,11689.588797864188,7013.7532787185128
0.011000000000000003,0.0040000000000000036,10817.441529674084,6490.4649178044501
0.011500000000000003,0.0040000000000000036,9856.5544222870631,5913.9326533722378
0.012000000000000004,0.0040000000000000036,8821.5056788572492,5292.9034073143494
0.012499999999999997,0.0040000000000000036,7739.0899261790955,4643.4539557074568
0.013000000000000005,0.0040000000000000036,6644.1759037123356,3986.5055422274013
0.013499999999999998,0.0040000000000000036,5574.6048184082338,3344.7628910449403
0.014000000000000005,0.0040000000000000036,4566.1217041293776,2739.6730224776265
0.014499999999999999,0.0040000000000000036,3648.2044472854304,2188.9226683712582
0.014999999999999999,0.0040000000000000036,2841.3619087805737,1704.8171452683441
0.0155,0.0040000000000000036,2156.1053364131044,1293.6632018478626
0.016000000000000007,0.0040000000000000036,1593.4522706405437,956.07136238432622
0.016500000000000001,0.0040000000000000036,1146.573283988811,687.94397039328658
0.017000000000000001,0.0040000000000000036,803.0748550314554,481.84491301887323
0.017500000000000002,0.0040000000000000036,547.42232536201527,328.45339521720916
0.017999999999999995,0.0040000000000000036,363.11139677739948,217.86683806643967
0.018500000000000003,0.0040000000000000036,234.34762422077827,140.60857453246695
0.019000000000000003,0.0040000000000000036,147.14570252968139,88.287421517808824
0.019500000000000003,0.0040000000000000036,89.881902902894609,53.929141741736764
0.019999999999999997,0.0040000000000000036,53.408731220753538,32.04523873245212
0.020499999999999997,0.0040000000000000036,30.870966030100202,18.522579618060121
0.021000000000000005,0.0040000000000000036,17.356917764424558,10.414150658654735
0.021500000000000005,0.0040000000000000036,9.4922435815440522,5.695346148926431
0.021999999999999999,0.0040000000000000036,5.0492956547550261,3.0295773928530156
0.022499999999999999,0.0040000000000000036,2.6124739494618994,1.5674843696771397
0.023000000000000007,0.0040000000000000036,1.3147021284919287,0.78882127709515715
0.023500000000000007,0.0040000000000000036,0.64350670950542421,0.38610402570325453
0.024,0.0040000000000000036,0.3063557598116452,0.18381345588698711
0.024500000000000001,0.0040000000000000036,0.14185475124238345,0.085112850745430069
0.025000000000000001,0.0040000000000000036,0.063885856165859053,0.038331513699515429
-0.025000000000000001,0.0045000000000000005,0.3736628488253052,0.22419770929518312
-0.024500000000000001,0.0045000000000000005,0.77209415927999991,0.46325649556799992
-0.024,0.0045000000000000005,1.5536641106781919,0.93219846640691506
-0.0235,0.0045000000000000005,3.0448851967217569,1.8269311180330541
-0.023,0.0045000000000000005,5.8122217573680786,3.487333054420847
-0.022500000000000003,0.0045000000000000005,10.806906525644292,6.484143915386575
-0.022000000000000002,0.0045000000000000005,19.573967811324938,11.744380686794962
-0.021500000000000002,0.0045000000000000005,34.53858341338767,20.723150048032601
-0.021000000000000001,0.0045000000000000005,59.375568378624251,35.625341027174549
-0.020500000000000001,0.0045000000000000005,99.452915488902903,59.67174929334174
-0.02,0.0045000000000000005,162.31627461484715,97.389764768908279
-0.0195,0.0045000000000000005,258.14833712997762,154.88900227798658
-0.019,0.0045000000000000005,400.09865365624182,240.05919219374508
-0.018500000000000003,0.0045000000000000005,604.34296835039015,362.60578101023407
-0.018000000000000002,0.0045000000000000005,889.70851026773278,533.82510616063962
-0.017500000000000002,0.0045000000000000005,1276.7075800588473,766.02454803530838
-0.017000000000000001,0.0045000000000000005,1785.8705572559661,1071.5223343535797
-0.016500000000000001,0.0045000000000000005,2435.3699814473944,1461.2219888684365
-0.016,0.0045000000000000005,3238.077095953955,1942.8462575723729
-0.0155,0.0045000000000000005,4198.3724899074859,2519.0234939444913
-0.015000000000000001,0.0045000000000000005,5309.2071167531703,3185.524270051902
-0.014500000000000001,0.0045000000000000005,6550.0298298543021,3930.0178979125812
-0.014,0.0045000000000000005,7886.2111734525042,4731.7267040715024
-0.0135,0.0045000000000000005,9270.4623175825491,5562.2773905495296
-0.012999999999999999,0.0045000000000000005,10646.464289312349,6387.8785735874089
-0.012500000000000001,0.0045000000000000005,11954.518804493091,7172.7112826958546
-0.012,0.0045000000000000005,13138.582849865359,7883.1497099192147
-0.0115,0.0045000000000000005,14153.658545109101,8492.1951270654608
-0.010999999999999999,0.0045000000000000005,14972.285174889181,8983.3711049335088
-0.010499999999999999,0.0045000000000000005,15588.901288244269,9353.3407729465616
-0.010000000000000002,0.0045000000000000005,16021.135953867377,9612.6815723204254
-0.0095000000000000015,0.0045000000000000005,16307.605819859626,9784.5634919157746
-0.0090000000000000011,0.0045000000000000005,16502.433382622417,9901.4600295734508
-0.0085000000000000006,0.0045000000000000005,16667.321652739942,10000.392991643965
-0.0080000000000000002,0.0045000000000000005,16862.483709370386,10117.490225622232
-0.0074999999999999997,0.0045000000000000005,17137.93411223578,10282.760467341468
-0.0069999999999999993,0.0045000000000000005,17526.566994477689,10515.940196686613
-0.0064999999999999988,0.0045000000000000005,18040.103284612604,10824.061970767561
-0.0059999999999999984,0.0045000000000000005,18668.468495342629,11201.081097205577
-0.0054999999999999979,0.0045000000000000005,19382.569814816456,11629.541888889873
-0.005000000000000001,0.0045000000000000005,20139.88284134784,12083.929704808705
-0.0044999999999999971,0.0045000000000000005,20891.820709495045,12535.092425697027
-0.0040000000000000001,0.0045000000000000005,21591.60044704294,12954.960268225763
-0.0035000000000000031,0.0045000000000000005,22201.274020001896,13320.764412001137
-0.0029999999999999992,0.0045000000000000005,22696.759291965776,13618.055575179465
-0.0025000000000000022,0.0045000000000000005,23070.067425979425,13842.040455587654
-0.0019999999999999983,0.0045000000000000005,23328.428200399219,13997.056920239531
-0.0015000000000000013,0.0045000000000000005,23490.584868760365,14094.350921256218
-0.00099999999999999742,0.0045000000000000005,23581.065143331005,14148.639085998602
-0.00050000000000000044,0.0045000000000000005,23623.628291444344,14174.176974866607
0,0.0045000000000000005,23635.251652833722,14181.150991700233
0.00050000000000000044,0.0045000000000000005,23621.907033932104,14173.144220359261
0.0010000000000000009,0.0045000000000000005,23577.001753087388,14146.201051852433
0.0015000000000000013,0.0045000000000000005,23482.79542187522,14089.677253125132
0.0020000000000000018,0.0045000000000000005,23314.472890088753,13988.683734053251
0.0024999999999999988,0.0045000000000000005,23045.994375731432,13827.596625438859
0.0030000000000000027,0.0045000000000000005,22656.476685191901,13593.886011115141
0.0034999999999999996,0.0045000000000000005,22135.759094875481,13281.455456925289
0.0040000000000000036,0.0045000000000000005,21487.98603463373,12892.791620780237
0.0045000000000000005,0.0045000000000000005,20732.447424224854,12439.468454534912
0.0049999999999999975,0.0045000000000000005,19901.463405237457,11940.878043142473
0.0055000000000000014,0.0045000000000000005,19035.671168459954,11421.402701075973
0.0059999999999999984,0.0045000000000000005,18177.561255791647,10906.536753474988
0.0064999999999999988,0.0045000000000000005,17364.436713894902,10418.662028336941
0.0069999999999999993,0.0045000000000000005,16622.081376407688,9973.2488258446119
0.0074999999999999997,0.0045000000000000005,15960.308733550319,9576.1852401301912
0.0080000000000000002,0.0045000000000000005,15371.239020965699,9222.7434125794189
0.0085000000000000006,0.0045000000000000005,14830.669437241428,8898.401662344857
0.0090000000000000011,0.0045000000000000005,14302.339525072039,8581.4037150432232
0.0095000000000000015,0.0045000000000000005,13744.351167006411,8246.6107002038461
0.010000000000000002,0.0045000000000000005,13116.587909149126,7869.9527454894751
0.010500000000000002,0.0045000000000000005,12387.783614035588,7432.6701684213531
0.011000000000000003,0.0045000000000000005,11540.967097584342,6924.5802585506053
0.011500000000000003,0.0045000000000000005,10576.348502891991,6345.8091017351944
0.012000000000000004,0.0045000000000000005,9511.2413092484494,5706.7447855490691
0.012499999999999997,0.0045000000000000005,8377.2087622758354,5026.3252573655009
0.013000000000000005,0.0045000000000000005,7215.14621200688,4329.087727204128
0.013499999999999998,0.0045000000000000005,6069.3446433716617,3641.6067860229969
0.014000000000000005,0.0045000000000000005,4981.6631287266227,2988.9978772359736
0.014499999999999999,0.0045000000000000005,3986.7751769755832,2392.06510618535
0.014999999999999999,0.0045000000000000005,3109.1132591197356,1865.4679554718414
0.0155,0.0045000000000000005,2361.7202741459305,1417.0321644875582
0.016000000000000007,0.0045000000000000005,1746.832406739042,1048.0994440434251
0.016500000000000001,0.0045000000000000005,1257.7446003346638,754.64676020079821
0.017000000000000001,0.0045000000000000005,881.38493211348964,528.83095926809381
0.017500000000000002,0.0045000000000000005,601.04098929819588,360.62459357891754
0.017999999999999995,0.0045000000000000005,398.80121547240969,239.28072928344579
0.018500000000000003,0.0045000000000000005,257.44417389548352,154.4665043372901
0.019000000000000003,0.0045000000000000005,161.67883140187027,97.007298841122164
0.019500000000000003,0.0045000000000000005,98.774072630461916,59.264443578277145
0.019999999999999997,0.0045000000000000005,58.699446990521665,35.219668194312995
0.020499999999999997,0.0045000000000000005,33.932196562608944,20.359317937565365
0.021000000000000005,0.0045000000000000005,19.07944376088798,11.447666256532788
0.021500000000000005,0.0045000000000000005,10.434857949631436,6.2609147697788616
0.021999999999999999,0.0045000000000000005,5.5509550967076082,3.3305730580245649
0.022499999999999999,0.0045000000000000005,2.8721291229289192,1.7232774737573515
0.023000000000000007,0.0045000000000000005,1.4454103890408168,0.86724623342449003
0.023500000000000007,0.0045000000000000005,0.70749950563793684,0.42449970338276211
0.024,0.0045000000000000005,0.33682658516288483,0.2020959510977309
0.024500000000000001,0.0045000000000000005,0.15596598043765797,0.093579588262594784
0.025000000000000001,0.0045000000000000005,0.070241724114963988,0.042145034468978389
-0.025000000000000001,0.0049999999999999975,0.30824608301626855,0.18494764980976111
-0.024500000000000001,0.0049999999999999975,0.64019892466083117,0.38411935479649867
-0.024,0.0049999999999999975,1.29520460088885,0.77712276053330998
-0.0235,0.0049999999999999975,2.5526814481840496,1.5316088689104297
-0.023,0.0049999999999999975,4.9013702143775806,2.9408221286265483
-0.022500000000000003,0.0049999999999999975,9.1691215611504582,5.5014729366902744
-0.022000000000000002,0.0049999999999999975,16.71293170714792,10.027759024288752
-0.021500000000000002,0.0049999999999999975,29.683564831365846,17.810138898819506
-0.021000000000000001,0.0049999999999999975,51.373620178439829,30.824172107063895
-0.020500000000000001,0.0049999999999999975,86.645396809252873,51.987238085551724
-0.02,0.0049999999999999975,142.4134265054324,85.44805590325943
-0.0195,0.0049999999999999975,228.12558482275242,136.87535089365144
-0.019,0.0049999999999999975,356.14852333321471,213.68911399992882
-0.018500000000000003,0.0049999999999999975,541.92406954883552,325.15444172930131
-0.018000000000000002,0.0049999999999999975,803.73405790980416,482.24043474588245
-0.017500000000000002,0.0049999999999999975,1161.9063765250289,697.14382591501737
-0.017000000000000001,0.0049999999999999975,1637.3304024018366,982.39824144110196
-0.016500000000000001,0.0049999999999999975,2249.2371586156087,1349.5422951693652
-0.016,0.0049999999999999975,3012.3401747989274,1807.4041048793563
-0.0155,0.0049999999999999975,3933.6131829152241,2360.1679097491342
-0.015000000000000001,0.0049999999999999975,5009.1679537413529,3005.5007722448117
-0.014500000000000001,0.0049999999999999975,6221.8414164713331,3733.1048498827995
-0.014,0.0049999999999999975,7540.1508937603248,4524.0905362561944
-0.0135,0.0049999999999999975,8919.1839872708824,5351.5103923625293
-0.012999999999999999,0.0049999999999999975,10303.736304215341,6182.2417825292041
-0.012500000000000001,0.0049999999999999975,11633.617853610793,6980.1707121664758
-0.012,0.0049999999999999975,12850.585076520772,7710.3510459124627
-0.0115,0.0049999999999999975,13905.92322277132,8343.5539336627917
-0.010999999999999999,0.0049999999999999975,14767.417831778281,8860.4506990669688
-0.010499999999999999,0.0049999999999999975,15424.408177802188,9254.6449066813129
-0.010000000000000002,0.0049999999999999975,15889.851653643969,9533.9109921863819
-0.0095000000000000015,0.0049999999999999975,16198.818143970855,9719.2908863825123
-0.0090000000000000011,0.0049999999999999975,16403.481609926417,9842.0889659558507
-0.0085000000000000006,0.0049999999999999975,16565.341978859466,9939.2051873156797
-0.0080000000000000002,0.0049999999999999975,16745.946460125164,10047.567876075098
-0.0074999999999999997,0.0049999999999999975,16997.669931654265,10198.601958992558
-0.0069999999999999993,0.0049999999999999975,17356.10322438955,10413.66193463373
-0.0064999999999999988,0.0049999999999999975,17835.298750794584,10701.179250476749
-0.0059999999999999984,0.0049999999999999975,18426.605728298309,11055.963436978986
-0.0054999999999999979,0.0049999999999999975,19101.197629145761,11460.718577487456
-0.005000000000000001,0.0049999999999999975,19815.766452768148,11889.459871660889
-0.0044999999999999971,0.0049999999999999975,20520.334182558472,12312.200509535083
-0.0040000000000000001,0.0049999999999999975,21166.790218504357,12700.074131102614
-0.0035000000000000031,0.0049999999999999975,21716.655384843056,13029.993230905833
-0.0029999999999999992,0.0049999999999999975,22146.718223359341,13288.030934015604
-0.0025000000000000022,0.0049999999999999975,22451.573083978412,13470.943850387046
-0.0019999999999999983,0.0049999999999999975,22642.65869616744,13585.595217700464
-0.0015000000000000013,0.0049999999999999975,22744.058285313531,13646.434971188119
-0.00099999999999999742,0.0049999999999999975,22785.956090029005,13671.573654017402
-0.00050000000000000044,0.0049999999999999975,22797.119873222258,13678.271923933355
0,0.0049999999999999975,22797.98529830551,13678.791178983305
0.00050000000000000044,0.0049999999999999975,22795.797846114179,13677.478707668508
0.0010000000000000009,0.0049999999999999975,22782.835167090656,13669.701100254393
0.0015000000000000013,0.0049999999999999975,22738.075531503688,13642.845318902213
0.0020000000000000018,0.0049999999999999975,22631.940196233027,13579.164117739816
0.0024999999999999988,0.0049999999999999975,22433.083564092161,13459.850138455296
0.0030000000000000027,0.0049999999999999975,22115.778809726962,13269.467285836177
0.0034999999999999996,0.0049999999999999975,21666.336065168463,12999.801639101077
0.0040000000000000036,0.0049999999999999975,21087.208249497235,12652.324949698341
0.0045000000000000005,0.0049999999999999975,20397.926116402145,12238.755669841286
0.0049999999999999975,0.0049999999999999975,19632.646288940963,11779.587773364578
0.0055000000000000014,0.0049999999999999975,18834.759045158753,11300.855427095252
0.0059999999999999984,0.0049999999999999975,18049.560066262151,10829.73603975729
0.0064999999999999988,0.0049999999999999975,17316.347044755414,10389.808226853247
0.0069999999999999993,0.0049999999999999975,16661.405018310288,9996.8430109861729
0.0074999999999999997,0.0049999999999999975,16093.184308376076,9655.9105850256456
0.0080000000000000002,0.0049999999999999975,15600.582742711373,9360.349645626824
0.0085000000000000006,0.0049999999999999975,15154.684944841731,9092.8109669050373
0.0090000000000000011,0.0049999999999999975,14713.679997262219,8828.2079983573312
0.0095000000000000015,0.0049999999999999975,14230.087659498249,8538.0525956989495
0.010000000000000002,0.0049999999999999975,13658.98775064198,8195.3926503851872
0.010500000000000002,0.0049999999999999975,12965.761338876668,7779.4568033260002
0.011000000000000003,0.0049999999999999975,12131.963530274346,7279.1781181646074
0.011500000000000003,0.0049999999999999975,11158.338496968374,6695.0030981810241
0.012000000000000004,0.0049999999999999975,10064.573214352784,6038.7439286116705
0.012499999999999997,0.0049999999999999975,8886.0331278077392,5331.6198766846437
0.013000000000000005,0.0049999999999999975,7668.2820027109228,4600.9692016265535
0.013499999999999998,0.0049999999999999975,6460.5371483436693,3876.3222890062016
0.014000000000000005,0.0049999999999999975,5309.2869907524728,3185.5721944514835
0.014499999999999999,0.0049999999999999975,4253.1109319791367,2551.8665591874819
0.014999999999999999,0.0049999999999999975,3319.3663410133636,1991.6198046080181
0.0155,0.0049999999999999975,2522.9561486954558,1513.7736892172734
0.016000000000000007,0.0049999999999999975,1866.9764567628288,1120.1858740576972
0.016500000000000001,0.0049999999999999975,1344.7515334731297,806.85092008387778
0.017000000000000001,0.0049999999999999975,942.63219089049289,565.57931453429569
0.017500000000000002,0.0049999999999999975,642.95465509169685,385.7727930550181
0.017999999999999995,0.0049999999999999975,426.68835344273538,256.01301206564119
0.018500000000000003,0.0049999999999999975,275.48537181353009,165.29122308811804
0.019000000000000003,0.0049999999999999975,173.02806292471016,103.8168377548261
0.019500000000000003,0.0049999999999999975,105.71676656065002,63.430059936390009
0.019999999999999997,0.0049999999999999975,62.82960247090535,37.697761482543207
0.020499999999999997,0.0049999999999999975,36.32162715524224,21.792976293145344
0.021000000000000005,0.0049999999999999975,20.423824046113218,12.254294427667931
0.021500000000000005,0.0049999999999999975,11.170484573407938,6.7022907440447623
0.021999999999999999,0.0049999999999999975,5.9424323403824841,3.5654594042294905
0.022499999999999999,0.0049999999999999975,3.0747453575057815,1.8448472145034689
0.023000000000000007,0.0049999999999999975,1.5474019883966559,0.92844119303799344
0.023500000000000007,0.0049999999999999975,0.757431624338197,0.45445897460291818
0.024,0.0049999999999999975,0.36060174023839442,0.21636104414303664
0.024500000000000001,0.0049999999999999975,0.16697620889230458,0.10018572533538274
0.025000000000000001,0.0049999999999999975,0.075200795383498359,0.045120477230099015
-0.025000000000000001,0.0055000000000000014,0.25244012556361783,0.15146407533817069
-0.024500000000000001,0.0055000000000000014,0.52747667048332059,0.31648600228999235
-0.024,0.0055000000000000014,1.0738713190037577,0.64432279140225457
-0.0235,0.0055000000000000014,2.1302389916743731,1.2781433950046239
-0.023,0.0055000000000000014,4.1176787294927877,2.4706072376956727
-0.022500000000000003,0.0055000000000000014,7.7560989185610465,4.6536593511366275
-0.022000000000000002,0.0055000000000000014,14.236961026912615,8.5421766161475681
-0.021500000000000002,0.0055000000000000014,25.467610154182299,15.280566092509378
-0.021000000000000001,0.0055000000000000014,44.398412006596679,26.639047203958008
-0.020500000000000001,0.0055000000000000014,75.433469761878555,45.260081857127133
-0.02,0.0055000000000000014,124.90651097151651,74.943906582909904
-0.0195,0.0055000000000000014,201.57451502814618,120.9447090168877
-0.019,0.0055000000000000014,317.04416623083506,190.22649973850102
-0.018500000000000003,0.0055000000000000014,486.00548665761818,291.6032919945709
-0.018000000000000002,0.0055000000000000014,726.11297303786614,435.66778382271968
-0.017500000000000002,0.0055000000000000014,1057.3415330383332,634.40491982299989
-0.017000000000000001,0.0055000000000000014,1500.668825839143,900.40129550348581
-0.016500000000000001,0.0055000000000000014,2076.0110789218102,1245.6066473530861
-0.016,0.0055000000000000014,2799.4711143202044,1679.6826685921226
-0.0155,0.0055000000000000014,3680.1350444267946,2208.0810266560766
-0.015000000000000001,0.0055000000000000014,4716.8486211303352,2830.109172678201
-0.014500000000000001,0.0055000000000000014,5895.5683554181705,3537.3410132509021
-0.014,0.0055000000000000014,7187.9594766585869,4312.7756859951523
-0.0135,0.0055000000000000014,8551.8513167353431,5131.1107900412053
-0.012999999999999999,0.0055000000000000014,9933.9337930172787,5960.3602758103671
-0.012500000000000001,0.0055000000000000014,11274.699990091874,6764.8199940551249
-0.012,0.0055000000000000014,12515.170825191532,7509.1024951149184
-0.0115,0.0055000000000000014,13604.480142998726,8162.6880857992346
-0.010999999999999999,0.0055000000000000014,14507.071464790777,8704.2428788744655
-0.010499999999999999,0.0055000000000000014,15208.164377587091,9124.8986265522544
-0.010000000000000002,0.0055000000000000014,15716.343345542546,9429.8060073255274
-0.0095000000000000015,0.0055000000000000014,16062.587694531672,9637.5526167190037
-0.0090000000000000011,0.0055000000000000014,16295.709493748833,9777.4256962493
-0.0085000000000000006,0.0055000000000000014,16474.855763566095,9884.9134581396556
-0.0080000000000000002,0.0055000000000000014,16660.308851408965,9996.1853108453779
-0.0074999999999999997,0.0055000000000000014,16904.157224448976,10142.494334669385
-0.0069999999999999993,0.0055000000000000014,17242.440162056384,10345.464097233829
-0.0064999999999999988,0.0055000000000000014,17690.096503684312,10614.057902210587
-0.0059999999999999984,0.0055000000000000014,18239.534980697543,10943.720988418525
-0.0054999999999999979,0.0055000000000000014,18862.997300051997,11317.798380031198
-0.005000000000000001,0.0055000000000000014,19518.224323782964,11710.934594269778
-0.0044999999999999971,0.0055000000000000014,20156.371259506148,12093.822755703688
-0.0040000000000000001,0.0055000000000000014,20730.73841755695,12438.44305053417
-0.0035000000000000031,0.0055000000000000014,21204.749342910814,12722.849605746489
-0.0029999999999999992,0.0055000000000000014,21557.744029412966,12934.64641764778
-0.0025000000000000022,0.0055000000000000014,21787.549099598502,13072.5294597591
-0.0019999999999999983,0.0055000000000000014,21909.383879318295,13145.630327590976
-0.0015000000000000013,0.0055000000000000014,21951.362931581934,13170.817758949161
-0.00099999999999999742,0.0055000000000000014,21947.531020004506,13168.518612002703
-0.00050000000000000044,0.0055000000000000014,21929.875160343854,13157.925096206312
0,0.0055000000000000014,21920.982334679298,13152.589400807579
0.00050000000000000044,0.0055000000000000014,21928.887582958236,13157.332549774941
0.0010000000000000009,0.0055000000000000014,21945.199635952446,13167.119781571468
0.0015000000000000013,0.0055000000000000014,21946.893709785931,13168.136225871558
0.0020000000000000018,0.0055000000000000014,21901.376972290207,13140.826183374124
0.0024999999999999988,0.0055000000000000014,21773.737104671134,13064.24226280268
0.0030000000000000027,0.0055000000000000014,21534.631745980234,12920.779047588139
0.0034999999999999996,0.0055000000000000014,21167.159930510174,12700.295958306104
0.0040000000000000036,0.0055000000000000014,20671.289293999467,12402.773576399681
0.0045000000000000005,0.0055000000000000014,20064.930291908207,12038.958175144924
0.0049999999999999975,0.0055000000000000014,19381.430356744349,11628.85821404661
0.0055000000000000014,0.0055000000000000014,18663.963015055771,11198.377809033462
0.0059999999999999984,0.0055000000000000014,17957.875272740403,10774.725163644242
0.0064999999999999988,0.0055000000000000014,17302.430497457099,10381.458298474259
0.0069999999999999993,0.0055000000000000014,16723.488444680916,10034.093066808549
0.0074999999999999997,0.0055000000000000014,16228.490635080983,9737.0943810485896
0.0080000000000000002,0.0055000000000000014,15804.702110280252,9482.82126616815
0.0085000000000000006,0.0055000000000000014,15421.07027221884,9252.6421633313039
0.0090000000000000011,0.0055000000000000014,15033.398117035893,9020.038870221535
0.0095000000000000015,0.0055000000000000014,14591.911569236003,8755.1469415416013
0.010000000000000002,0.0055000000000000014,14049.848969189232,8429.9093815135384
0.010500000000000002,0.0055000000000000014,13371.512161826808,8022.9072970960842
0.011000000000000003,0.0055000000000000014,12538.340980298937,7523.0045881793621
0.011500000000000003,0.0055000000000000014,11551.986269238287,6931.191761542972
0.012000000000000004,0.0055000000000000014,10433.971208079585,6260.382724847751
0.012499999999999997,0.0055000000000000014,9222.2061163313592,5533.323669798815
0.013000000000000005,0.0055000000000000014,7965.2033085250705,4779.1219851150418
0.013499999999999998,0.0055000000000000014,6715.1991009737922,4029.1194605842752
0.014000000000000005,0.0055000000000000014,5521.4651003008867,3312.8790601805317
0.014499999999999999,0.0055000000000000014,4424.8922301078674,2654.9353380647203
0.014999999999999999,0.0055000000000000014,3454.5372443697388,2072.7223466218434
0.0155,0.0055000000000000014,2626.3495529286174,1575.8097317571703
0.016000000000000007,0.0055000000000000014,1943.8643727266144,1166.3186236359686
0.016500000000000001,0.0055000000000000014,1400.3444881611586,840.20669289669513
0.017000000000000001,0.0055000000000000014,981.71710440581182,589.03026264348705
0.017500000000000002,0.0055000000000000014,669.67551531141044,401.80530918684627
0.017999999999999995,0.0055000000000000014,444.45323338409167,266.671940030455
0.018500000000000003,0.0055000000000000014,286.97111668942392,172.18267001365436
0.019000000000000003,0.0055000000000000014,180.24997764077844,108.14998658446706
0.019500000000000003,0.0055000000000000014,110.13298559403644,66.079791356421865
0.019999999999999997,0.0055000000000000014,65.456001676098936,39.273601005659359
0.020499999999999997,0.0055000000000000014,37.840733148741606,22.704439889244963
0.021000000000000005,0.0055000000000000014,21.278372664708584,12.767023598825149
0.021500000000000005,0.0055000000000000014,11.638015216836177,6.9828091301017059
0.021999999999999999,0.0055000000000000014,6.1912095128564255,3.7147257077138551
0.022499999999999999,0.0055000000000000014,3.2034932409630286,1.922095944577817
0.023000000000000007,0.0055000000000000014,1.6122057691999017,0.96732346151994097
0.023500000000000007,0.0055000000000000014,0.78915595583230136,0.47349357349938082
0.024,0.0055000000000000014,0.37570662625767687,0.2254239757546061
0.024500000000000001,0.0055000000000000014,0.17397102025980257,0.10438261215588154
0.025000000000000001,0.0055000000000000014,0.07835121733706063,0.047010730402236377
-0.025000000000000001,0.0059999999999999984,0.20590675431049651,0.1235440525862979
-0.024500000000000001,0.0059999999999999984,0.43318919032976333,0.25991351419785796
-0.024,0.0059999999999999984,0.88809530182586816,0.53285718109552083
-0.0235,0.0059999999999999984,1.7743108600719417,1.0645865160431649
-0.023,0.0059999999999999984,3.4546047858284399,2.0727628714970638
-0.022500000000000003,0.0059999999999999984,6.5550038881035588,3.9330023328621353
-0.022000000000000002,0.0059999999999999984,12.12154399198289,7.2729263951897334
-0.021500000000000002,0.0059999999999999984,21.845148697579273,13.107089218547562
-0.021000000000000001,0.0059999999999999984,38.36747428918477,23.02048457351086
-0.020500000000000001,0.0059999999999999984,65.671864259426854,39.403118555656114
-0.02,0.0059999999999999984,109.54646399796519,65.727878398779112
-0.0195,0.0059999999999999984,178.07952576116168,106.847715456697
-0.019,0.0059999999999999984,282.11065493236561,169.26639295941936
-0.018500000000000003,0.0059999999999999984,435.52054515178764,261.31232709107258
-0.018000000000000002,0.0059999999999999984,655.20471716388727,393.12283029833236
-0.017500000000000002,0.0059999999999999984,960.55773784714381,576.33464270828631
-0.017000000000000001,0.0059999999999999984,1372.3099664873066,823.38597989238394
-0.016500000000000001,0.0059999999999999984,1910.6241849247288,1146.3745109548372
-0.016,0.0059999999999999984,2592.4819042502136,1555.489142550128
-0.0155,0.0059999999999999984,3428.5615726053761,2057.1369435632255
-0.015000000000000001,0.0059999999999999984,4420.0069149397259,2652.0041489638356
-0.014500000000000001,0.0059999999999999984,5555.6576944864646,3333.3946166918786
-0.014,0.0059999999999999984,6810.4100645332874,4086.2460387199721
-0.0135,0.0059999999999999984,8145.3351594042651,4887.2010956425593
-0.012999999999999999,0.0059999999999999984,9509.98058027773,5705.9883481666375
-0.012500000000000001,0.0059999999999999984,10846.917678480128,6508.150607088076
-0.012,0.0059999999999999984,12098.134424565917,7258.8806547395498
-0.0115,0.0059999999999999984,13212.408524573626,7927.445114744175
-0.010999999999999999,0.0059999999999999984,14152.448724204298,8491.4692345225776
-0.010499999999999999,0.0059999999999999984,14900.471996851511,8940.2831981109066
-0.010000000000000002,0.0059999999999999984,15461.051404021831,9276.6308424130984
-0.0095000000000000015,0.0059999999999999984,15860.51353044976,9516.3081182698552
-0.0090000000000000011,0.0059999999999999984,16142.800675214812,9685.6804051288873
-0.0085000000000000006,0.0059999999999999984,16362.402042352629,9817.4412254115778
-0.0080000000000000002,0.0059999999999999984,16575.543604309551,9945.3261625857303
-0.0074999999999999997,0.0059999999999999984,16831.177076679996,10098.706246007998
-0.0069999999999999993,0.0059999999999999984,17163.35205172444,10298.011231034663
-0.0064999999999999988,0.0059999999999999984,17586.291726215648,10551.775035729388
-0.0059999999999999984,0.0059999999999999984,18092.986753757421,10855.792052254452
-0.0054999999999999979,0.0059999999999999984,18657.480654291357,11194.488392574814
-0.005000000000000001,0.0059999999999999984,19240.365286848071,11544.219172108842
-0.0044999999999999971,0.0059999999999999984,19796.448187825881,11877.868912695529
-0.0040000000000000001,0.0059999999999999984,20283.183175049795,12169.909905029877
-0.0035000000000000031,0.0059999999999999984,20668.328756708754,12400.997254025251
-0.0029999999999999992,0.0059999999999999984,20935.43856301485,12561.26313780891
-0.0025000000000000022,0.0059999999999999984,21086.179490920767,12651.70769455246
-0.0019999999999999983,0.0059999999999999984,21139.060564338582,12683.436338603149
-0.0015000000000000013,0.0059999999999999984,21124.842106588756,12674.905263953253
-0.00099999999999999742,0.0059999999999999984,21079.5534389922,12647.732063395319
-0.00050000000000000044,0.0059999999999999984,21036.541764036752,12621.925058422052
0,0.0059999999999999984,21019.190811163095,12611.514486697857
0.00050000000000000044,0.0059999999999999984,21035.824237153807,12621.494542292285
0.0010000000000000009,0.0059999999999999984,21077.859565928498,12646.715739557099
0.0015000000000000013,0.0059999999999999984,21121.594982028033,12672.95698921682
0.0020000000000000018,0.0059999999999999984,21133.243125497316,12679.94587529839
0.0024999999999999988,0.0059999999999999984,21076.14435057457,12645.686610344741
0.0030000000000000027,0.0059999999999999984,20918.646274197177,12551.187764518307
0.0034999999999999996,0.0059999999999999984,20641.018072701467,12384.61084362088
0.0040000000000000036,0.0059999999999999984,20239.990261825085,12143.99415709505
0.0045000000000000005,0.0059999999999999984,19730.011518245352,11838.006910947212
0.0049999999999999975,0.0059999999999999984,19140.97727918049,11484.586367508293
0.0055000000000000014,0.0059999999999999984,18512.871783947452,11107.723070368471
0.0059999999999999984,0.0059999999999999984,17888.346170403402,10733.007702242041
0.0064999999999999988,0.0059999999999999984,17304.631994917021,10382.779196950212
0.0069999999999999993,0.0059999999999999984,16786.306350205621,10071.783810123372
0.0074999999999999997,0.0059999999999999984,16340.26978289651,9804.1618697379054
0.0080000000000000002,0.0059999999999999984,15953.900331666333,9572.3401989998001
0.0085000000000000006,0.0059999999999999984,15596.771490352919,9358.062894211751
0.0090000000000000011,0.0059999999999999984,15225.665106274084,9135.3990637644492
0.0095000000000000015,0.0059999999999999984,14791.990018911038,8875.1940113466226
0.010000000000000002,0.0059999999999999984,14250.255639847321,8550.1533839083913
0.010500000000000002,0.0059999999999999984,13566.047617952312,8139.6285707713869
0.011000000000000003,0.0059999999999999984,12722.062540339623,7633.2375242037733
0.011500000000000003,0.0059999999999999984,11721.163835358786,7032.6983012152714
0.012000000000000004,0.0059999999999999984,10586.033503880592,6351.6201023283547
0.012499999999999997,0.0059999999999999984,9355.6729892652347,5613.4037935591405
0.013000000000000005,0.0059999999999999984,8079.5943964127891,4847.7566378476731
0.013499999999999998,0.0059999999999999984,6810.9107805041449,4086.5464683024866
0.014000000000000005,0.0059999999999999984,5599.6143003555871,3359.7685802133524
0.014499999999999999,0.0059999999999999984,4487.1341829371086,2692.280509762265
0.014999999999999999,0.0059999999999999984,3502.8713459643704,2101.722807578622
0.0155,0.0059999999999999984,2662.9310204960047,1597.7586122976029
0.016000000000000007,0.0059999999999999984,1970.8386312692282,1182.5031787615369
0.016500000000000001,0.0059999999999999984,1419.7168901294019,851.83013407764111
0.017000000000000001,0.0059999999999999984,995.26426202023492,597.15855721214098
0.017500000000000002,0.0059999999999999984,678.89799819336599,407.33879891601958
0.017999999999999995,0.0059999999999999984,450.56411078059762,270.33846646835855
0.018500000000000003,0.0059999999999999984,290.91161307127521,174.54696784276513
0.019000000000000003,0.0059999999999999984,182.72248629601683,109.63349177761009
0.019500000000000003,0.0059999999999999984,111.64244797711649,66.985468786269891
0.019999999999999997,0.0059999999999999984,66.352543961809104,39.811526377085464
0.020499999999999997,0.0059999999999999984,38.358765037024149,23.01525902221449
0.021000000000000005,0.0059999999999999984,21.569550395818275,12.941730237490965
0.021500000000000005,0.0059999999999999984,11.797221018981508,7.0783326113889045
0.021999999999999999,0.0059999999999999984,6.2758825897901165,3.7655295538740696
0.022499999999999999,0.0059999999999999984,3.2472965543082424,1.9483779325849453
0.023000000000000007,0.0059999999999999984,1.634246979272451,0.98054818756347051
0.023500000000000007,0.0059999999999999984,0.79994354011909008,0.479966124071454
0.024,0.0059999999999999984,0.38084195331895782,0.22850517199137468
0.024500000000000001,0.0059999999999999984,0.17634875331670288,0.10580925199002172
0.025000000000000001,0.0059999999999999984,0.079422011450618835,0.047653206870371299
-0.025000000000000001,0.0064999999999999988,0.16769505283332828,0.10061703169999696
-0.024500000000000001,0.0064999999999999988,0.35538685885171017,0.21323211531102609
-0.024,0.0064999999999999988,0.73398570151060216,0.4403914209063613
-0.0235,0.0064999999999999988,1.4773383498182708,0.88640300989096243
-0.023,0.0064999999999999988,2.8978532701064643,1.7387119620638785
-0.022500000000000003,0.0064999999999999988,5.5395159788205266,3.3237095872923157
-0.022000000000000002,0.0064999999999999988,10.319496346116527,6.1916978076699154
-0.021500000000000002,0.0064999999999999988,18.733817947645051,11.24029076858703
-0.021000000000000001,0.0064999999999999988,33.1408075962852,19.88448455777112
-0.020500000000000001,0.0064999999999999988,57.128827720076224,34.277296632045733
-0.02,0.0064999999999999988,95.95963547667823,57.575781286006936
-0.0195,0.0064999999999999988,157.05381407144304,94.232288442865823
-0.019,0.0064999999999999988,250.45023951594757,150.27014370956854
-0.018500000000000003,0.0064999999999999988,389.13107959605418,233.4786477576325
-0.018000000000000002,0.0064999999999999988,589.06563627464539,353.43938176478724
-0.017500000000000002,0.0064999999999999988,868.80357359879361,521.28214415927619
-0.017000000000000001,0.0064999999999999988,1248.4570983759056,749.07425902554337
-0.016500000000000001,0.0064999999999999988,1747.9681193023496,1048.7808715814097
-0.016,0.0064999999999999988,2384.6690969828901,1430.8014581897339
-0.0155,0.0064999999999999988,3170.3102807236228,1902.1861684341736
-0.015000000000000001,0.0064999999999999988,4107.9174523611573,2464.7504714166944
-0.014500000000000001,0.0064999999999999988,5189.019887270214,3113.4119323621285
-0.014,0.0064999999999999988,6391.8919275892222,3835.1351565535333
-0.0135,0.0064999999999999988,7681.4286242164917,4608.857174529895
-0.012999999999999999,0.0064999999999999988,9011.0919658976036,5406.6551795385622
-0.012500000000000001,0.0064999999999999988,10327.023311449186,6196.2139868695112
-0.012,0.0064999999999999988,11573.972019740817,6944.3832118444898
-0.0115,0.0064999999999999988,12702.235739948501,7621.3414439691005
-0.010999999999999999,0.0064999999999999988,13674.46275559823,8204.6776533589382
-0.010499999999999999,0.0064999999999999988,14471.039040513271,8682.6234243079616
-0.010000000000000002,0.0064999999999999988,15092.934512447113,9055.7607074682674
-0.0095000000000000015,0.0064999999999999988,15561.306261246926,9336.7837567481547
-0.0090000000000000011,0.0064999999999999988,15913.768734431855,9548.2612406591124
-0.0085000000000000006,0.0064999999999999988,16197.904612574166,9718.7427675444997
-0.0080000000000000002,0.0064999999999999988,16463.150873139697,9877.8905238838179
-0.0074999999999999997,0.0064999999999999988,16752.523641079453,10051.514184647671
-0.0069999999999999993,0.0064999999999999988,17095.673703980101,10257.404222388061
-0.0064999999999999988,0.0064999999999999988,17504.496225450996,10502.697735270596
-0.0059999999999999984,0.0064999999999999988,17972.02236197544,10783.213417185263
-0.0054999999999999979,0.0064999999999999988,18474.706701146901,11084.82402068814
-0.005000000000000001,0.0064999999999999988,18977.612817604466,11386.567690562679
-0.0044999999999999971,0.0064999999999999988,19441.495817809166,11664.897490685498
-0.0040000000000000001,0.0064999999999999988,19830.463184502092,11898.277910701256
-0.0035000000000000031,0.0064999999999999988,20118.808132215585,12071.284879329351
-0.0029999999999999992,0.0064999999999999988,20295.764627362056,12177.458776417234
-0.0025000000000000022,0.0064999999999999988,20367.308965437016,12220.385379262209
-0.0019999999999999983,0.0064999999999999988,20354.674438919799,12212.804663351879
-0.0015000000000000013,0.0064999999999999988,20289.865784239297,12173.919470543578
-0.00099999999999999742,0.0064999999999999988,20209.046886943273,12125.428132165964
-0.00050000000000000044,0.0064999999999999988,20145.11015709443,12087.066094256657
0,0.0064999999999999988,20120.919963377655,12072.551978026593
0.00050000000000000044,0.0064999999999999988,20144.603117958282,12086.76187077497
0.0010000000000000009,0.0064999999999999988,20207.849914459908,12124.709948675945
0.0015000000000000013,0.0064999999999999988,20287.571209260474,12172.542725556284
0.0020000000000000018,0.0064999999999999988,20350.563555781078,12210.338133468647
0.0024999999999999988,0.0064999999999999988,20360.217650793311,12216.130590475987
0.0030000000000000027,0.0064999999999999988,20283.898385387754,12170.339031232652
0.0034999999999999996,0.0064999999999999988,20099.509084394718,12059.705450636831
0.0040000000000000036,0.0064999999999999988,19799.940986756195,11879.964592053717
0.0045000000000000005,0.0064999999999999988,19394.548459663485,11636.72907579809
0.0049999999999999975,0.0064999999999999988,18907.380453146463,11344.428271887877
0.0055000000000000014,0.0064999999999999988,18372.51909195543,11023.511455173257
0.0059999999999999984,0.0064999999999999988,17827.413446168524,10696.448067701114
0.0064999999999999988,0.0064999999999999988,17305.461861386953,10383.277116832172
0.0069999999999999993,0.0064999999999999988,16829.235008328171,10097.541004996901
0.0074999999999999997,0.0064999999999999988,16405.624847339564,9843.374908403739
0.0080000000000000002,0.0064999999999999988,16023.867725084536,9614.3206350507207
0.0085000000000000006,0.0064999999999999988,15656.873101528319,9394.1238609169905
0.0090000000000000011,0.0064999999999999988,15265.676464077835,9159.4058784466997
0.0095000000000000015,0.0064999999999999988,14806.235961967614,8883.7415771805681
0.010000000000000002,0.0064999999999999988,14237.327770855783,8542.396662513469
0.010500000000000002,0.0064999999999999988,13528.070351232798,8116.8422107396782
0.011000000000000003,0.0064999999999999988,12663.682822098786,7598.2096932592713
0.011500000000000003,0.0064999999999999988,11648.450248450366,6989.0701490702195
0.012000000000000004,0.0064999999999999988,10505.448508191464,6303.2691049148789
0.012499999999999997,0.0064999999999999988,9273.2378199510204,5563.942691970612
0.013000000000000005,0.0064999999999999988,8000.3120323979665,4800.1872194387797
0.013499999999999998,0.0064999999999999988,6738.4599349353712,4043.0759609612223
0.014000000000000005,0.0064999999999999988,5536.2851859956281,3321.7711115973766
0.014499999999999999,0.0064999999999999988,4433.9495879833821,2660.369752790029
0.014999999999999999,0.0064999999999999988,3459.8251819826683,2075.895109189601
0.0155,0.0064999999999999988,2629.2787696002833,1577.5672617601699
0.016000000000000007,0.0064999999999999988,1945.3859486890401,1167.2315692134241
0.016500000000000001,0.0064999999999999988,1401.0693248474417,840.64159490846498
0.017000000000000001,0.0064999999999999988,982.01840064060013,589.2110403843601
0.017500000000000002,0.0064999999999999988,669.76920363059878,401.86152217835928
0.017999999999999995,0.0064999999999999988,444.45670419413563,266.67402251648139
0.018500000000000003,0.0064999999999999988,286.9434267785166,172.16605606710996
0.019000000000000003,0.0064999999999999988,180.21776130963926,108.13065678578356
0.019500000000000003,0.0064999999999999988,110.10616746944818,66.063700481668903
0.019999999999999997,0.0064999999999999988,65.436726269204684,39.26203576152281
0.020499999999999997,0.0064999999999999988,37.828073191608439,22.696843914965061
0.021000000000000005,0.0064999999999999988,21.270583605452781,12.762350163271668
0.021500000000000005,0.0064999999999999988,11.63346715752505,6.9800802945150302
0.021999999999999999,0.0064999999999999988,6.1886697833176907,3.7132018699906144
0.022499999999999999,0.0064999999999999988,3.2021302877367326,1.9212781726420394
0.023000000000000007,0.0064999999999999988,1.61150056101882,0.96690033661129193
0.023500000000000007,0.0064999999999999988,0.78880336117274696,0.47328201670364817
0.024,0.0064999999999999988,0.37553599635063367,0.22532159781038019
0.024500000000000001,0.0064999999999999988,0.17389100635220803,0.10433460381132481
0.025000000000000001,0.0064999999999999988,0.07831482711611977,0.046988896269671863
-0.025000000000000001,0.0069999999999999993,0.13654434948296718,0.0819266096897803
-0.024500000000000001,0.0069999999999999993,0.29152574463222752,0.17491544677933651
-0.024,0.0069999999999999993,0.60655281018880647,0.36393168611328386
-0.0235,0.0069999999999999993,1.2298092069190232,0.73788552415141384
-0.023,0.0069999999999999993,2.4298003708987577,1.4578802225392546
-0.022500000000000003,0.0069999999999999993,4.6779036750381922,2.8067422050229154
-0.022000000000000002,0.0069999999999999993,8.7753018839897923,5.2651811303938754
-0.021500000000000002,0.0069999999999999993,16.03924507290311,9.6235470437418655
-0.021000000000000001,0.0069999999999999993,28.562553682911076,17.137532209746645
-0.020500000000000001,0.0069999999999999993,49.55431236549606,29.732587419297634
-0.02,0.0069999999999999993,83.756370710462519,50.253822426277509
-0.0195,0.0069999999999999993,137.90764904481384,82.744589426888297
-0.019,0.0069999999999999993,221.19615537734737,132.71769322640841
-0.018500000000000003,0.0069999999999999993,345.60004549274612,207.36002729564765
-0.018000000000000002,0.0069999999999999993,525.9814400499954,315.58886402999724
-0.017500000000000002,0.0069999999999999993,779.77228392616416,467.86337035569846
-0.017000000000000001,0.0069999999999999993,1126.0959463145264,675.65756778871582
-0.016500000000000001,0.0069999999999999993,1584.2169205572438,950.53015233434621
-0.016,0.0069999999999999993,2171.3132391623117,1302.787943497387
-0.0155,0.0069999999999999993,2899.7186409792184,1739.831184587531
-0.015000000000000001,0.0069999999999999993,3773.9626228754551,2264.3775737252731
-0.014500000000000001,0.0069999999999999993,4788.1058506070067,2872.8635103642041
-0.014,0.0069999999999999993,5923.9726176416107,3554.3835705849665
-0.0135,0.0069999999999999993,7150.8681964148436,4290.5209178489058
-0.012999999999999999,0.0069999999999999993,8427.2028713472428,5056.3217228083458
-0.012500000000000001,0.0069999999999999993,9704.1285236960412,5822.4771142176241
-0.012,0.0069999999999999993,10930.876593493824,6558.5259560962941
-0.0115,0.0069999999999999993,12061.05909547426,7236.6354572845557
-0.010999999999999999,0.0069999999999999993,13058.870262133618,7835.3221572801704
-0.010499999999999999,0.0069999999999999993,13904.008462153774,8342.4050772922637
-0.010000000000000002,0.0069999999999999993,14594.285097111322,8756.5710582667925
-0.0095000000000000015,0.0069999999999999993,15145.289597839155,9087.1737587034931
-0.0090000000000000011,0.0069999999999999993,15587.055671163638,9352.2334026981825
-0.0085000000000000006,0.0069999999999999993,15958.28957154391,9574.9737429263459
-0.0080000000000000002,0.0069999999999999993,16299.227867078213,9779.5367202469279
-0.0074999999999999997,0.0069999999999999993,16644.469687318728,9986.6818123912362
-0.0069999999999999993,0.0069999999999999993,17017.117710361264,10210.270626216758
-0.0064999999999999988,0.0069999999999999993,17425.277509843094,10455.166505905856
-0.0059999999999999984,0.0069999999999999993,17861.483315316436,10716.889989189862
-0.0054999999999999979,0.0069999999999999993,18305.052075237778,10983.031245142667
-0.005000000000000001,0.0069999999999999993,18726.832621034802,11236.09957262088
-0.0044999999999999971,0.0069999999999999993,19095.406297713424,11457.243778628053
-0.0040000000000000001,0.0069999999999999993,19383.568421941796,11630.141053165078
-0.0035000000000000031,0.0069999999999999993,19573.899519128387,11744.339711477032
-0.0029999999999999992,0.0069999999999999993,19662.414621068587,11797.448772641152
-0.0025000000000000022,0.0069999999999999993,19659.626885069705,11795.776131041823
-0.0019999999999999983,0.0069999999999999993,19588.826122781495,11753.295673668896
-0.0015000000000000013,0.0069999999999999993,19481.881773140911,11689.129063884546
-0.00099999999999999742,0.0069999999999999993,19373.347124590793,11624.008274754475
-0.00050000000000000044,0.0069999999999999993,19293.97793449858,11576.386760699148
0,0.0069999999999999993,19264.910098132332,11558.946058879399
0.00050000000000000044,0.0069999999999999993,19293.629451936373,11576.177671161824
0.0010000000000000009,0.0069999999999999993,19372.524458235963,11623.514674941578
0.0015000000000000013,0.0069999999999999993,19480.304736358583,11688.182841815149
0.0020000000000000018,0.0069999999999999993,19586.000756873887,11751.600454124333
0.0024999999999999988,0.0069999999999999993,19654.753100542555,11792.851860325532
0.0030000000000000027,0.0069999999999999993,19654.259080180105,11792.555448108064
0.0034999999999999996,0.0069999999999999993,19560.635490470231,11736.381294282139
0.0040000000000000036,0.0069999999999999993,19362.590842665908,11617.554505599544
0.0045000000000000005,0.0069999999999999993,19063.139881792333,11437.883929075399
0.0049999999999999975,0.0069999999999999993,18678.56266991868,11207.137601951208
0.0055000000000000014,0.0069999999999999993,18234.819627015197,10940.891776209117
0.0059999999999999984,0.0069999999999999993,17762.095157864758,10657.257094718854
0.0064999999999999988,0.0069999999999999993,17288.483325310899,10373.089995186539
0.0069999999999999993,0.0069999999999999993,16833.997251384651,10100.39835083079
0.0074999999999999997,0.0069999999999999993,16406.049865555786,9843.6299193334708
0.0080000000000000002,0.0069999999999999993,15997.313269066353,9598.387961439812
0.0085000000000000006,0.0069999999999999993,15586.444414514026,9351.8666487084156
0.0090000000000000011,0.0069999999999999993,15141.628802082023,9084.9772812492138
0.0095000000000000015,0.0069999999999999993,14626.337876410991,8775.8027258465936
0.010000000000000002,0.0069999999999999993,14006.235756754326,8403.7414540525951
0.010500000000000002,0.0069999999999999993,13255.91619177573,7953.5497150654373
0.011000000000000003,0.0069999999999999993,12364.172050622397,7418.5032303734379
0.011500000000000003,0.0069999999999999993,11336.803625022116,6802.0821750132691
0.012000000000000004,0.0069999999999999993,10196.49183986987,6117.8951039219219
0.012499999999999997,0.0069999999999999993,8979.8730532438803,5387.9238319463284
0.013000000000000005,0.0069999999999999993,7732.5046598358886,4639.5027959015333
0.013499999999999998,0.0069999999999999993,6502.7759260363555,3901.6655556218129
0.014000000000000005,0.0069999999999999993,5335.923277283051,3201.5539663698305
0.014499999999999999,0.0069999999999999993,4269.1541291736794,2561.4924775042077
0.014999999999999999,0.0069999999999999993,3328.5357537770205,1997.1214522662121
0.0155,0.0069999999999999993,2527.873483896069,1516.7240903376414
0.016000000000000007,0.0069999999999999993,1869.3986409864017,1121.6391845918411
0.016500000000000001,0.0069999999999999993,1345.7970983028729,807.47825898172368
0.017000000000000001,0.0069999999999999993,942.97548590602253,565.78529154361354
0.017500000000000002,0.0069999999999999993,642.97809533610791,385.78685720166476
0.017999999999999995,0.0069999999999999993,426.5932714136498,255.95596284818987
0.018500000000000003,0.0069999999999999993,275.36756728643849,165.22054037186308
0.019000000000000003,0.0069999999999999993,172.92612608323097,103.75567564993858
0.019500000000000003,0.0069999999999999993,105.64103487079525,63.384620922477147
0.019999999999999997,0.0069999999999999993,62.778302454655766,37.666981472793459
0.020499999999999997,0.0069999999999999993,36.289110705503894,21.773466423302335
0.021000000000000005,0.0069999999999999993,20.404275997164536,12.242565598298722
0.021500000000000005,0.0069999999999999993,11.159250099198612,6.6955500595191673
0.021999999999999999,0.0069999999999999993,5.9362290748331983,3.5617374448999191
0.022499999999999999,0.0069999999999999993,3.0714435491568759,1.8428661294941255
0.023000000000000007,0.0069999999999999993,1.5457039451990955,0.92742236711945725
0.023500000000000007,0.0069999999999999993,0.75658649115048993,0.45395189469029396
0.024,0.0069999999999999993,0.36019417084657557,0.21611650250794534
0.024500000000000001,0.0069999999999999993,0.166785591064292,0.10007135463857519
0.025000000000000001,0.0069999999999999993,0.075114278611612642,0.045068567166967582
-0.025000000000000001,0.0074999999999999997,0.11113809163822004,0.066682854982932027
-0.024500000000000001,0.0074999999999999997,0.23898058331714969,0.14338834999028982
-0.024,0.0074999999999999997,0.50071567637420877,0.30042940582452526
-0.0235,0.0074999999999999997,1.0221815990271412,0.61330895941628472
-0.023,0.0074999999999999997,2.0330645071401912,1.2198387042841146
-0.022500000000000003,0.0074999999999999997,3.9394663626908573,2.3636798176145142
-0.022000000000000002,0.0074999999999999997,7.4364071090877228,4.4618442654526334
-0.021500000000000002,0.0074999999999999997,13.674292042253466,8.2045752253520785
-0.021000000000000001,0.0074999999999999997,24.492861107985341,14.695716664791204
-0.020500000000000001,0.0074999999999999997,42.731242353037416,25.638745411822448
-0.02,0.0074999999999999997,72.611146389593102,43.566687833755857
-0.0195,0.0074999999999999997,120.17005797715927,72.102034786295562
-0.019,0.0074999999999999997,193.69210904485394,116.21526542691235
-0.018500000000000003,0.0074999999999999997,304.04864262979828,182.42918557787897
-0.018000000000000002,0.0074999999999999997,464.82490373656293,278.89494224193777
-0.017500000000000002,0.0074999999999999997,692.08496101087417,415.25097660652449
-0.017000000000000001,0.0074999999999999997,1003.6283744079245,602.17702464475474
-0.016500000000000001,0.0074999999999999997,1417.6338157622936,850.58028945737613
-0.016,0.0074999999999999997,1950.676004544657,1170.4056027267941
-0.0155,0.0074999999999999997,2615.2404364731201,1569.1442618838721
-0.015000000000000001,0.0074999999999999997,3417.0261934888558,2050.2157160933134
-0.014500000000000001,0.0074999999999999997,4352.483602854224,2611.4901617125342
-0.014,0.0074999999999999997,5407.1313161532944,3244.2787896919767
-0.0135,0.0074999999999999997,6555.1873171791385,3933.1123903074831
-0.012999999999999999,0.0074999999999999997,7760.8986263809957,4656.5391758285969
-0.012500000000000001,0.0074999999999999997,8981.6673184415667,5389.0003910649402
-0.012,0.0074999999999999997,10172.691575704563,6103.614945422737
-0.0115,0.0074999999999999997,11292.454919711507,6775.4729518269041
-0.010999999999999999,0.0074999999999999997,12308.109636631327,7384.8657819787959
-0.010499999999999999,0.0074999999999999997,13199.706294114059,7919.8237764684354
-0.010000000000000002,0.0074999999999999997,13962.371567542212,8377.4229405253263
-0.0095000000000000015,0.0074999999999999997,14605.917299223711,8763.5503795342265
-0.0090000000000000011,0.0074999999999999997,15151.892874349454,9091.1357246096723
-0.0085000000000000006,0.0074999999999999997,15628.641369109402,9377.1848214656402
-0.0080000000000000002,0.0074999999999999997,16065.348612658119,9639.2091675948705
-0.0074999999999999997,0.0074999999999999997,16486.276556116754,9891.7659336700526
-0.0069999999999999993,0.0074999999999999997,16906.304536642008,10143.782721985204
-0.0064999999999999988,0.0074999999999999997,17328.593096009205,10397.155857605523
-0.0059999999999999984,0.0074999999999999997,17744.722267850098,10646.833360710059
-0.0054999999999999979,0.0074999999999999997,18137.154720111172,10882.292832066703
-0.005000000000000001,0.0074999999999999997,18483.442202039318,11090.06532122359
-0.0044999999999999971,0.0074999999999999997,18761.307364461012,11256.784418676607
-0.0040000000000000001,0.0074999999999999997,18953.62549790095,11372.175298740569
-0.0035000000000000031,0.0074999999999999997,19052.397156020324,11431.438293612195
-0.0029999999999999992,0.0074999999999999997,19061.012506067862,11436.607503640716
-0.0025000000000000022,0.0074999999999999997,18994.418261026265,11396.650956615758
-0.0019999999999999983,0.0074999999999999997,18877.159821968078,11326.295893180846
-0.0015000000000000013,0.0074999999999999997,18739.633809194296,11243.780285516577
-0.00099999999999999742,0.0074999999999999997,18613.196681817124,11167.918009090274
-0.00050000000000000044,0.0074999999999999997,18524.982552242174,11114.989531345303
0,0.0074999999999999997,18493.346562567225,11096.007937540335
0.00050000000000000044,0.0074999999999999997,18524.74960536923,11114.849763221539
0.0010000000000000009,0.0074999999999999997,18612.646761747601,11167.588057048561
0.0015000000000000013,0.0074999999999999997,18738.579622193836,11243.147773316301
0.0020000000000000018,0.0074999999999999997,18875.271176094553,11325.162705656732
0.0024999999999999988,0.0074999999999999997,18991.160327952588,11394.696196771552
0.0030000000000000027,0.0074999999999999997,19055.560848070607,11433.336508842363
0.0034999999999999996,0.0074999999999999997,19043.53067507211,11426.118405043266
0.0040000000000000036,0.0074999999999999997,18939.602812050154,11363.761687230091
0.0045000000000000005,0.0074999999999999997,18739.738535758617,11243.843121455169
0.0049999999999999975,0.0074999999999999997,18451.175640124209,11070.705384074525
0.0055000000000000014,0.0074999999999999997,18090.207093552119,10854.12425613127
0.0059999999999999984,0.0074999999999999997,17678.285197542566,10606.971118525538
0.0064999999999999988,0.0074999999999999997,17237.15156928762,10342.290941572572
0.0069999999999999993,0.0074999999999999997,16783.89571933707,10070.337431602242
0.0074999999999999997,0.0074999999999999997,16326.902291945747,9796.1413751674481
0.0080000000000000002,0.0074999999999999997,15863.530590377786,9518.1183542266717
0.0085000000000000006,0.0074999999999999997,15380.077521317768,9228.0465127906609
0.0090000000000000011,0.0074999999999999997,14854.142548990751,8912.4855293944493
0.0095000000000000015,0.0074999999999999997,14259.018504772263,8555.4111028633579
0.010000000000000002,0.0074999999999999997,13569.283735235927,8141.5702411415559
0.010500000000000002,0.0074999999999999997,12766.4821270013,7659.8892762007799
0.011000000000000003,0.0074999999999999997,11843.731232764367,7106.23873965862
0.011500000000000003,0.0074999999999999997,10808.318651922875,6484.9911911537247
0.012000000000000004,0.0074999999999999997,9681.7842809092381,5809.0705685455423
0.012499999999999997,0.0074999999999999997,8497.5310506529258,5098.5186303917553
0.013000000000000005,0.0074999999999999997,7296.5202225139419,4377.9121335083646
0.013499999999999998,0.0074999999999999997,6121.9631500660844,3673.1778900396507
0.014000000000000005,0.0074999999999999997,5014.0434838459596,3008.4260903075756
0.014499999999999999,0.0074999999999999997,4005.5848083993201,2403.350885039592
0.014999999999999999,0.0074999999999999997,3119.2758681189052,1871.5655208713431
0.0155,0.0074999999999999997,2366.6765886458775,1420.0059531875265
0.016000000000000007,0.0074999999999999997,1748.8579821546552,1049.3147892927932
0.016500000000000001,0.0074999999999999997,1258.2595512627779,754.95573075766674
0.017000000000000001,0.0074999999999999997,881.21955614582271,528.7317336874936
0.017500000000000002,0.0074999999999999997,600.64343157676478,360.38605894605888
0.017999999999999995,0.0074999999999999997,398.38782595252076,239.03269557151245
0.018500000000000003,0.0074999999999999997,257.10099602780394,154.26059761668236
0.019000000000000003,0.0074999999999999997,161.42549487083531,96.855296922501182
0.019500000000000003,0.0074999999999999997,98.601096750490186,59.16065805029411
0.019999999999999997,0.0074999999999999997,58.588133674975921,35.15288020498555
0.020499999999999997,0.0074999999999999997,33.863977299281032,20.318386379568619
0.021000000000000005,0.0074999999999999997,19.039373669506091,11.423624201703655
0.021500000000000005,0.0074999999999999997,10.412207529558415,6.2473245177350494
0.021999999999999999,0.0074999999999999997,5.5385987115243864,3.3231592269146319
0.022499999999999999,0.0074999999999999997,2.8656110154749075,1.7193666092849444
0.023000000000000007,0.0074999999999999997,1.4420808537667489,0.86524851226004929
0.023500000000000007,0.0074999999999999997,0.70585084449110114,0.42351050669466067
0.024,0.0074999999999999997,0.33603462520565558,0.20162077512339335
0.024500000000000001,0.0074999999999999997,0.15559670172346296,0.093358021034077768
0.025000000000000001,0.0074999999999999997,0.070074507785574405,0.042044704671344642
-0.025000000000000001,0.0080000000000000002,0.090281543125516409,0.054168925875309845
-0.024500000000000001,0.0080000000000000002,0.1953989693207398,0.11723938159244388
-0.024,0.0080000000000000002,0.41198728727912992,0.24719237236747793
-0.0235,0.0080000000000000002,0.84617016058228367,0.50770209634937014
-0.023,0.0080000000000000002,1.6928475207974818,1.015708512478489
-0.022500000000000003,0.0080000000000000002,3.2986664081599573,1.9791998448959742
-0.022000000000000002,0.0080000000000000002,6.2602882106857107,3.7561729264114261
-0.021500000000000002,0.0080000000000000002,11.570760556065705,6.9424563336394227
-0.021000000000000001,0.0080000000000000002,20.826645975544317,12.49598758532659
-0.020500000000000001,0.0080000000000000002,36.504585624059899,21.90275137443594
-0.02,0.0080000000000000002,62.306074053638241,37.38364443218294
-0.0195,0.0080000000000000002,103.55159460340559,62.130956762043354
-0.019,0.0080000000000000002,167.57942303074736,100.54765381844841
-0.018500000000000003,0.0080000000000000002,264.07241465401961,158.44344879241177
-0.018000000000000002,0.0080000000000000002,405.20371472210212,243.12222883326126
-0.017500000000000002,0.0080000000000000002,605.46947070326962,363.28168242196176
-0.017000000000000001,0.0080000000000000002,881.07630043937252,528.64578026362346
-0.016500000000000001,0.0080000000000000002,1248.7866576575204,749.27199459451219
-0.016,0.0080000000000000002,1724.2047971579414,1034.5228782947647
-0.0155,0.0080000000000000002,2319.6077593727318,1391.7646556236391
-0.015000000000000001,0.0080000000000000002,3041.5725306766712,1824.9435184060028
-0.014500000000000001,0.0080000000000000002,3888.7891000639524,2333.2734600383715
-0.014,0.0080000000000000002,4850.5352480010151,2910.3211488006091
-0.0135,0.0080000000000000002,5906.2786229826133,3543.767173789568
-0.012999999999999999,0.0080000000000000002,7026.7371094511363,4216.0422656706814
-0.012500000000000001,0.0080000000000000002,8176.473044308018,4905.8838265848108
-0.012,0.0080000000000000002,9317.7633488879128,5590.6580093327475
-0.0115,0.0080000000000000002,10415.154212726546,6249.0925276359276
-0.010999999999999999,0.0080000000000000002,11439.870548803694,6863.9223292822162
-0.010499999999999999,0.0080000000000000002,12373.190099913174,7423.9140599479042
-0.010000000000000002,0.0080000000000000002,13208.050998870121,7924.8305993220729
-0.0095000000000000015,0.0080000000000000002,13948.519296550405,8369.1115779302418
-0.0090000000000000011,0.0080000000000000002,14607.216926354275,8764.330155812564
-0.0085000000000000006,0.0080000000000000002,15201.277650190052,9120.7665901140299
-0.0080000000000000002,0.0080000000000000002,15747.732333441621,9448.6394000649725
-0.0074999999999999997,0.0080000000000000002,16259.335893249576,9755.6015359497451
-0.0069999999999999993,0.0080000000000000002,16741.711957702446,10045.027174621468
-0.0064999999999999988,0.0080000000000000002,17192.353961739529,10315.412377043716
-0.0059999999999999984,0.0080000000000000002,17601.58197644171,10560.949185865025
-0.0054999999999999979,0.0080000000000000002,17955.130208649734,10773.078125189841
-0.005000000000000001,0.0080000000000000002,18237.729624759711,10942.637774855826
-0.0044999999999999971,0.0080000000000000002,18436.9083050919,11062.144983055139
-0.0040000000000000001,0.0080000000000000002,18546.262484953826,11127.757490972295
-0.0035000000000000031,0.0080000000000000002,18567.616670596144,11140.570002357686
-0.0029999999999999992,0.0080000000000000002,18511.734483947046,11107.040690368227
-0.0025000000000000022,0.0080000000000000002,18397.506153105984,11038.503691863591
-0.0019999999999999983,0.0080000000000000002,18249.780392605222,10949.868235563134
-0.0015000000000000013,0.0080000000000000002,18096.200943620206,10857.720566172124
-0.00099999999999999742,0.0080000000000000002,17963.537116995216,10778.122270197129
-0.00050000000000000044,0.0080000000000000002,17874.05621029219,10724.433726175313
0,0.0080000000000000002,17842.4705416465,10705.482324987899
0.00050000000000000044,0.0080000000000000002,17873.904760394962,10724.342856236977
0.0010000000000000009,0.0080000000000000002,17963.179587671206,10777.907752602723
0.0015000000000000013,0.0080000000000000002,18095.515566259852,10857.309339755911
0.0020000000000000018,0.0080000000000000002,18248.552493643394,10949.131496186035
0.0024999999999999988,0.0080000000000000002,18395.388015081826,11037.232809049096
0.0030000000000000027,0.0080000000000000002,18508.190100487504,11104.914060292502
0.0034999999999999996,0.0080000000000000002,18561.85214750372,11137.111288502232
0.0040000000000000036,0.0080000000000000002,18537.145666581706,11122.287399949024
0.0045000000000000005,0.0080000000000000002,18422.885378537649,11053.731227122589
0.0049999999999999975,0.0080000000000000002,18216.751590479922,10930.050954287954
0.0055000000000000014,0.0080000000000000002,17924.607312473134,10754.76438748388
0.0059999999999999984,0.0080000000000000002,17558.388061266396,10535.032836759838
0.0064999999999999988,0.0080000000000000002,17132.903454207659,10279.742072524596
0.0069999999999999993,0.0080000000000000002,16662.128134290222,9997.2768805741325
0.0074999999999999997,0.0080000000000000002,16155.719065838828,9693.4314395032961
0.0080000000000000002,0.0080000000000000002,15616.52079002354,9369.9124740141233
0.0085000000000000006,0.0080000000000000002,15039.674411102837,9023.8046466617016
0.0090000000000000011,0.0080000000000000002,14413.635207030495,8648.1811242182957
0.0095000000000000015,0.0080000000000000002,13722.983808116069,8233.7902848696413
0.010000000000000002,0.0080000000000000002,12952.485809037207,7771.4914854223243
0.010500000000000002,0.0080000000000000002,12091.530360259592,7254.9182161557555
0.011000000000000003,0.0080000000000000002,11137.955950627846,6682.7735703767075
0.011500000000000003,0.0080000000000000002,10100.394082766592,6060.2364496599548
0.012000000000000004,0.0080000000000000002,8998.6010506080274,5399.1606303648159
0.012499999999999997,0.0080000000000000002,7861.7129143480634,4717.027748608838
0.013000000000000005,0.0080000000000000002,6724.8225112752252,4034.893506765135
0.013499999999999998,0.0080000000000000002,5624.6188833288415,3374.7713299973047
0.014000000000000005,0.0080000000000000002,4594.9700581674124,2756.9820349004472
0.014499999999999999,0.0080000000000000002,3663.2536116273654,2197.952166976419
0.014999999999999999,0.0080000000000000002,2847.9908113455754,1708.7944868073453
0.0155,0.0080000000000000002,2158.0045202623619,1294.8027121574171
0.016000000000000007,0.0080000000000000002,1592.9932536685528,955.79595220113163
0.016500000000000001,0.0080000000000000002,1145.1698300331946,687.10189801991669
0.017000000000000001,0.0080000000000000002,801.49247640484532,480.89548584290719
0.017500000000000002,0.0080000000000000002,546.01896140785186,327.61137684471112
0.017999999999999995,0.0080000000000000002,362.00979468594824,217.20587681156894
0.018500000000000003,0.0080000000000000002,233.54950544654591,140.12970326792754
0.019000000000000003,0.0080000000000000002,146.60135477494001,87.960812864963998
0.019500000000000003,0.0080000000000000002,89.528581888787841,53.717149133272706
0.019999999999999997,0.0080000000000000002,53.189043171725508,31.913425903035304
0.020499999999999997,0.0080000000000000002,30.739552747142238,18.443731648285343
0.021000000000000005,0.0080000000000000002,17.281073108815566,10.368643865289339
0.021500000000000005,0.0080000000000000002,9.4499234829701617,5.669954089782097
0.021999999999999999,0.0080000000000000002,5.0264322540051083,3.0158593524030648
0.022499999999999999,0.0080000000000000002,2.6005017154138876,1.5603010292483326
0.023000000000000007,0.0080000000000000002,1.3086207980408893,0.78517247882453356
0.023500000000000007,0.0080000000000000002,0.64050841608442222,0.38430504965065332
0.024,0.0080000000000000002,0.30492026397075483,0.18295215838245291
0.024500000000000001,0.0080000000000000002,0.1411871220512172,0.084712273230730314
0.025000000000000001,0.0080000000000000002,0.063584144376362936,0.038150486625817763
-0.025000000000000001,0.0085000000000000006,0.072997598791040647,0.043798559274624387
-0.024500000000000001,0.0085000000000000006,0.15888635388653802,0.095331812331922811
-0.024,0.0085000000000000006,0.3368192893235164,0.20209157359410984
-0.0235,0.0085000000000000006,0.69536480881168339,0.41721888528701001
-0.023,0.0085000000000000006,1.3980022711087901,0.83880136266527405
-0.022500000000000003,0.0085000000000000006,2.7368933069537302,1.6421359841722381
-0.022000000000000002,0.0085000000000000006,5.2172294857240535,3.1303376914344319
-0.021500000000000002,0.0085000000000000006,9.683530666663577,5.8101183999981458
-0.021000000000000001,0.0085000000000000006,17.499347635930086,10.499608581558052
-0.020500000000000001,0.0085000000000000006,30.788647939910685,18.473188763946411
-0.02,0.0085000000000000006,52.738872404793462,31.643323442876074
-0.0195,0.0085000000000000006,87.950625328140546,52.770375196884324
-0.019,0.0085000000000000006,142.79669738381395,85.678018430288361
-0.018500000000000003,0.0085000000000000006,225.72532336998694,135.43519402199215
-0.018000000000000002,0.0085000000000000006,347.41418528978494,208.44851117387097
-0.017500000000000002,0.0085000000000000006,520.66124996973167,312.39674998183898
-0.017000000000000001,0.0085000000000000006,759.89740427401068,455.93844256440639
-0.016500000000000001,0.0085000000000000006,1080.2355020502525,648.1413012301515
-0.016,0.0085000000000000006,1496.0382204911236,897.62293229467411
-0.0155,0.0085000000000000006,2019.0911981239083,1211.454718874345
-0.015000000000000001,0.0085000000000000006,2656.5931963640801,1593.9559178184479
-0.014500000000000001,0.0085000000000000006,3409.2924079076515,2045.5754447445909
-0.014,0.0085000000000000006,4270.1689964720063,2562.1013978832038
-0.0135,0.0085000000000000006,5224.0507730707168,3134.4304638424301
-0.012999999999999999,0.0085000000000000006,6248.428697497975,3749.057218498785
-0.012500000000000001,0.0085000000000000006,7315.516872072737,4389.310123243642
-0.012,0.0085000000000000006,8395.3180191147039,5037.1908114688222
-0.0115,0.0085000000000000006,9459.1805542171769,5675.5083325303058
-0.010999999999999999,0.0085000000000000006,10483.150602413525,6289.8903614481151
-0.010499999999999999,0.0085000000000000006,11450.401377364029,6870.2408264184169
-0.010000000000000002,0.0085000000000000006,12352.19249219921,7411.3154953195262
-0.0095000000000000015,0.0085000000000000006,13187.145091696546,7912.2870550179268
-0.0090000000000000011,0.0085000000000000006,13959.032090154873,8375.4192540929234
-0.0085000000000000006,0.0085000000000000006,14673.660436066248,8804.1962616397486
-0.0080000000000000002,0.0085000000000000006,15335.65227104292,9201.3913626257508
-0.0074999999999999997,0.0085000000000000006,15945.943996062853,9567.5663976377109
-0.0069999999999999993,0.0085000000000000006,16500.613065528993,9900.3678393173959
-0.0064999999999999988,0.0085000000000000006,16991.276475014456,10194.765885008674
-0.0059999999999999984,0.0085000000000000006,17406.892859040869,10444.135715424522
-0.0054999999999999979,0.0085000000000000006,17736.460285098485,10641.87617105909
-0.005000000000000001,0.0085000000000000006,17971.921899595829,10783.153139757496
-0.0044999999999999971,0.0085000000000000006,18110.603261884324,10866.361957130594
-0.0040000000000000001,0.0085000000000000006,18156.680531569669,10894.008318941802
-0.0035000000000000031,0.0085000000000000006,18121.446868503248,10872.868121101948
-0.0029999999999999992,0.0085000000000000006,18022.420537679147,10813.452322607487
-0.0025000000000000022,0.0085000000000000006,17881.551717869253,10728.931030721551
-0.0019999999999999983,0.0085000000000000006,17722.898052230194,10633.738831338116
-0.0015000000000000013,0.0085000000000000006,17570.150328934258,10542.090197360554
-0.00099999999999999742,0.0085000000000000006,17444.326065384419,10466.595639230651
-0.00050000000000000044,0.0085000000000000006,17361.849614613646,10417.109768768187
0,0.0085000000000000006,17333.13974401095,10399.88384640657
0.00050000000000000044,0.0085000000000000006,17361.753847291147,10417.052308374688
0.0010000000000000009,0.0085000000000000006,17444.099986485038,10466.459991891023
0.0015000000000000013,0.0085000000000000006,17569.716939701866,10541.83016382112
0.0020000000000000018,0.0085000000000000006,17722.121606699169,10633.272964019501
0.0024999999999999988,0.0085000000000000006,17880.212341541002,10728.1274049246
0.0030000000000000027,0.0085000000000000006,18020.179294072826,10812.107576443696
0.0034999999999999996,0.0085000000000000006,18117.801749211882,10870.681049527129
0.0040000000000000036,0.0085000000000000006,18150.915633070483,10890.549379842289
0.0045000000000000005,0.0085000000000000006,18101.736051312924,10861.041630787755
0.0049999999999999975,0.0085000000000000006,17958.65671942012,10775.194031652072
0.0055000000000000014,0.0085000000000000006,17717.159538809916,10630.29572328595
0.0059999999999999984,0.0085000000000000006,17379.579762892157,10427.747857735294
0.0064999999999999988,0.0085000000000000006,16953.683739516473,10172.210243709884
0.0069999999999999993,0.0085000000000000006,16450.289296268489,9870.1735777610938
0.0074999999999999997,0.0085000000000000006,15880.423277271617,9528.2539663629705
0.0080000000000000002,0.0085000000000000006,15252.682401637627,9151.6094409825764
0.0085000000000000006,0.0085000000000000006,14571.472783263356,8742.8836699580133
0.0090000000000000011,0.0085000000000000006,13836.623271897404,8301.9739631384418
0.0095000000000000015,0.0085000000000000006,13044.530733735437,7826.7184402412622
0.010000000000000002,0.0085000000000000006,12190.589253089272,7314.3535518535637
0.010500000000000002,0.0085000000000000006,11272.297597719236,6763.3785586315416
0.011000000000000003,0.0085000000000000006,10292.238933137707,6175.3433598826241
0.011500000000000003,0.0085000000000000006,9260.1461842489898,5556.0877105493937
0.012000000000000004,0.0085000000000000006,8193.4999967247059,4916.0999980348233
0.012499999999999997,0.0085000000000000006,7116.4825021045535,4269.8895012627318
0.013000000000000005,0.0085000000000000006,6057.5170282221152,3634.510216933269
0.013499999999999998,0.0085000000000000006,5045.946993425805,3027.568196055483
0.014000000000000005,0.0085000000000000006,4108.5657573616281,2465.1394544169766
0.014499999999999999,0.0085000000000000006,3266.6780499451152,1960.0068299670691
0.014999999999999999,0.0085000000000000006,2534.1843781019807,1520.5106268611883
0.0155,0.0085000000000000006,1916.9035453063711,1150.1421271838226
0.016000000000000007,0.0085000000000000006,1413.0683510407362,847.84101062444165
0.016500000000000001,0.0085000000000000006,1014.7147831239585,608.82886987437507
0.017000000000000001,0.0085000000000000006,709.57363462000012,425.74418077200005
0.017500000000000002,0.0085000000000000006,483.06851335659462,289.84110801395678
0.017999999999999995,0.0085000000000000006,320.10108606738419,192.06065164043051
0.018500000000000003,0.0085000000000000006,206.42456884151906,123.85474130491143
0.019000000000000003,0.0085000000000000006,129.53149572382131,77.718897434292785
0.019500000000000003,0.0085000000000000006,79.083360274383779,47.450016164630263
0.019999999999999997,0.0085000000000000006,46.973839527875853,28.184303716725513
0.020499999999999997,0.0085000000000000006,27.143206293126603,16.285923775875961
0.021000000000000005,0.0085000000000000006,15.25735192384467,9.1544111543068016
0.021500000000000005,0.0085000000000000006,8.342447630821475,5.0054685784928852
0.021999999999999999,0.0085000000000000006,4.4370171284580255,2.6622102770748151
0.022499999999999999,0.0085000000000000006,2.295418175486394,1.3772509052918365
0.023000000000000007,0.0085000000000000006,1.1550416277181215,0.69302497663087281
0.023500000000000007,0.0085000000000000006,0.56531734775650289,0.33919040865390171
0.024,0.0085000000000000006,0.26911688517448112,0.16147013110468866
0.024500000000000001,0.0085000000000000006,0.12460621533317735,0.074763729199906412
0.025000000000000001,0.0085000000000000006,0.056115854776945577,0.033669512866167345
-0.025000000000000001,0.0090000000000000011,0.058551725790946876,0.035131035474568126
-0.024500000000000001,0.0090000000000000011,0.12804586454961259,0.076827518729767549
-0.024,0.0090000000000000011,0.27265725820791303,0.1635943549247478
-0.0235,0.0090000000000000011,0.56528783994469123,0.3391727039668147
-0.023,0.0090000000000000011,1.1410391141465601,0.68462346848793609
-0.022500000000000003,0.0090000000000000011,2.2422765241960221,1.3453659145176131
-0.022000000000000002,0.0090000000000000011,4.2896084702199815,2.5737650821319886
-0.021500000000000002,0.0090000000000000011,7.9886108561369786,4.7931665136821868
-0.021000000000000001,0.0090000000000000011,14.482352343757148,8.6894114062542887
-0.020500000000000001,0.0090000000000000011,25.557295208297717,15.33437712497863
-0.02,0.0090000000000000011,43.903372811519404,26.342023686911642
-0.0195,0.0090000000000000011,73.416582597655676,44.049949558593404
-0.019,0.0090000000000000011,119.5138158867988,71.708289532079277
-0.018500000000000003,0.0090000000000000011,189.4062722610098,113.64376335660587
-0.018000000000000002,0.0090000000000000011,292.25381299560695,175.35228779736417
-0.017500000000000002,0.0090000000000000011,439.10520196069427,263.46312117641656
-0.017000000000000001,0.0090000000000000011,642.52789352822526,385.51673611693514
-0.016500000000000001,0.0090000000000000011,915.85547152272432,549.51328291363461
-0.016,0.0090000000000000011,1272.0370548284636,763.22223289707813
-0.0155,0.0090000000000000011,1722.1591014813928,1033.2954608888356
-0.015000000000000001,0.0090000000000000011,2273.812917337415,1364.2877504024489
-0.014500000000000001,0.0090000000000000011,2929.575919804583,1757.7455518827499
-0.014,0.0090000000000000011,3685.9288315351619,2211.5572989210968
-0.0135,0.0090000000000000011,4532.9134470636618,2719.748068238197
-0.012999999999999999,0.0090000000000000011,5454.728998730855,3272.8373992385127
-0.012500000000000001,0.0090000000000000011,6431.2768715842312,3858.7661229505384
-0.012,0.0090000000000000011,7440.4309523849952,4464.2585714309971
-0.0115,0.0090000000000000011,8460.5966732229354,5076.3580039337612
-0.010999999999999999,0.0090000000000000011,9472.9968279382865,5683.7980967629719
-0.010499999999999999,0.0090000000000000011,10463.142118157019,6277.8852708942113
-0.010000000000000002,0.0090000000000000011,11421.125864776302,6852.6755188657817
-0.0095000000000000015,0.0090000000000000011,12340.689995177676,7404.4139971066052
-0.0090000000000000011,0.0090000000000000011,13217.360125587726,7930.4160753526348
-0.0085000000000000006,0.0090000000000000011,14046.233677103042,8427.7402062618257
-0.0080000000000000002,0.0090000000000000011,14820.130024565791,8892.0780147394744
-0.0074999999999999997,0.0090000000000000011,15528.725659913365,9317.2353959480188
-0.0069999999999999993,0.0090000000000000011,16159.017705100519,9695.410623060312
-0.0064999999999999988,0.0090000000000000011,16697.068203401184,10018.24092204071
-0.0059999999999999984,0.0090000000000000011,17130.600327106011,10278.360196263606
-0.0054999999999999979,0.0090000000000000011,17451.764381234127,10471.058628740475
-0.005000000000000001,0.0090000000000000011,17659.341997999876,10595.605198799925
-0.0044999999999999971,0.0090000000000000011,17759.819776366625,10655.891865819975
-0.0040000000000000001,0.0090000000000000011,17767.079987618232,10660.247992570939
-0.0035000000000000031,0.0090000000000000011,17700.822518298977,10620.493510979386
-0.0029999999999999992,0.0090000000000000011,17584.137536780036,10550.482522068021
-0.0025000000000000022,0.0090000000000000011,17440.808990842277,10464.485394505366
-0.0019999999999999983,0.0090000000000000011,17292.912979357345,10375.747787614406
-0.0015000000000000013,0.0090000000000000011,17159.106403310096,10295.463841986057
-0.00099999999999999742,0.0090000000000000011,17053.74703156437,10232.248218938621
-0.00050000000000000044,0.0090000000000000011,16986.731428022562,10192.038856813537
0,0.0090000000000000011,16963.758696292643,10178.255217775586
0.00050000000000000044,0.0090000000000000011,16986.67252982936,10192.003517897616
0.0010000000000000009,0.0090000000000000011,17053.607989996264,10232.164793997757
0.0015000000000000013,0.0090000000000000011,17158.839863094992,10295.303917856994
0.0020000000000000018,0.0090000000000000011,17292.435454898059,10375.461272938835
0.0024999999999999988,0.0090000000000000011,17439.985256360767,10463.99115381646
0.0030000000000000027,0.0090000000000000011,17582.759141775543,10549.655485065325
0.0034999999999999996,0.0090000000000000011,17698.580720839818,10619.148432503891
0.0040000000000000036,0.0090000000000000011,17763.534497395616,10658.120698437369
0.0045000000000000005,0.0090000000000000011,17754.36632243553,10652.619793461317
0.0049999999999999975,0.0090000000000000011,17651.18373352725,10590.71024011635
0.0055000000000000014,0.0090000000000000011,17439.894162310942,10463.936497386565
0.0059999999999999984,0.0090000000000000011,17113.802405103004,10268.281443061802
0.0064999999999999988,0.0090000000000000011,16673.948164745136,10004.36889884708
0.0069999999999999993,0.0090000000000000011,16128.067909210207,9676.840745526124
0.0074999999999999997,0.0090000000000000011,15488.429535378697,9293.0577212272183
0.0080000000000000002,0.0090000000000000011,14769.102437386326,8861.4614624317946
0.0085000000000000006,0.0090000000000000011,13983.386894295742,8390.0321365774453
0.0090000000000000011,0.0090000000000000011,13142.077053673309,7885.2462322039846
0.0095000000000000015,0.0090000000000000011,12252.980244203427,7351.7881465220562
0.010000000000000002,0.0090000000000000011,11321.737696140222,6793.0426176841329
0.010500000000000002,0.0090000000000000011,10353.605894851384,6212.1635369108299
0.011000000000000003,0.0090000000000000011,9355.5835800041132,5613.3501480024679
0.011500000000000003,0.0090000000000000011,8338.1878549608373,5002.912712976502
0.012000000000000004,0.0090000000000000011,7316.310150391344,4389.7860902348066
0.012499999999999997,0.0090000000000000011,6308.8680533221395,3785.3208319932837
0.013000000000000005,0.0090000000000000011,5337.3157507966507,3202.3894504779905
0.013499999999999998,0.0090000000000000011,4423.3772237579533,2654.0263342547719
0.014000000000000005,0.0090000000000000011,3586.5406628988062,2151.9243977392834
0.014499999999999999,0.0090000000000000011,2841.8661688294537,1705.1197012976722
0.014999999999999999,0.0090000000000000011,2198.5298454201466,1319.1179072520879
0.0155,0.0090000000000000011,1659.3123186650805,995.58739119904828
0.016000000000000007,0.0090000000000000011,1221.0094676212589,732.60568057275532
0.016500000000000001,0.0090000000000000011,875.55934690498816,525.3356081429929
0.017000000000000001,0.0090000000000000011,611.57809739589879,366.94685843753928
0.017500000000000002,0.0090000000000000011,415.98516261880627,249.59109757128374
0.017999999999999995,0.0090000000000000011,275.45588910224234,165.27353346134541
0.018500000000000003,0.0090000000000000011,177.5360482701775,106.5216289621065
0.019000000000000003,0.0090000000000000011,111.35553820105207,66.813322920631236
0.019500000000000003,0.0090000000000000011,67.963095159176262,40.777857095505759
0.019999999999999997,0.0090000000000000011,40.35779994479087,24.21467996687452
0.020499999999999997,0.0090000000000000011,23.315299496212454,13.989179697727472
0.021000000000000005,0.0090000000000000011,13.103494784085756,7.8620968704514533
0.021500000000000005,0.0090000000000000011,7.1638267264662208,4.2982960358797326
0.021999999999999999,0.0090000000000000011,3.8097673620652239,2.2858604172391344
0.022499999999999999,0.0090000000000000011,1.9707633722531799,1.182458023351908
0.023000000000000007,0.0090000000000000011,0.99161504610039952,0.59496902766023974
0.023500000000000007,0.0090000000000000011,0.48530689982718589,0.29118413989631153
0.024,0.0090000000000000011,0.23101936779375531,0.13861162067625318
0.024500000000000001,0.0090000000000000011,0.10696311763083405,0.064177870578500426
0.025000000000000001,0.0090000000000000011,0.048169225847349638,0.028901535508409782
-0.025000000000000001,0.0095000000000000015,0.046426744070899542,0.027856046442539726
-0.024500000000000001,0.0095000000000000015,0.10191677097846055,0.06115006258707633
-0.024,0.0095000000000000015,0.21779688514181614,0.13067813108508969
-0.0235,0.0095000000000000015,0.45307089574139398,0.27184253744483639
-0.023,0.0095000000000000015,0.91742687646637378,0.55045612587982429
-0.022500000000000003,0.0095000000000000015,1.8082256723068757,1.0849354033841254
-0.022000000000000002,0.0095000000000000015,3.4689498803131578,2.0813699281878946
-0.021500000000000002,0.0095000000000000015,6.4773868107249903,3.8864320864349939
-0.021000000000000001,0.0095000000000000015,11.77212391908976,7.0632743514538552
-0.020500000000000001,0.0095000000000000015,20.824053930942146,12.494432358565287
-0.02,0.0095000000000000015,35.854209252458936,21.51252555147536
-0.0195,0.0095000000000000015,60.089215660994967,36.053529396596979
-0.019,0.0095000000000000015,98.030576946831189,58.818346168098714
-0.018500000000000003,0.0095000000000000015,155.69501144251055,93.417006865506323
-0.018000000000000002,0.0095000000000000015,240.76353951739506,144.45812371043704
-0.017500000000000002,0.0095000000000000015,362.56285578767603,217.53771347260562
-0.017000000000000001,0.0095000000000000015,531.80145923565328,319.08087554139195
-0.016500000000000001,0.0095000000000000015,760.0027844245061,456.00167065470367
-0.016,0.0095000000000000015,1058.62282299603,635.17369379761794
-0.0155,0.0095000000000000015,1437.9084638297752,862.74507829786512
-0.015000000000000001,0.0095000000000000015,1905.6337044568452,1143.380222674107
-0.014500000000000001,0.0095000000000000015,2465.9232075759242,1479.5539245455545
-0.014,0.0095000000000000015,3118.4098848859417,1871.045930931565
-0.0135,0.0095000000000000015,3857.9509081774913,2314.7705449064947
-0.012999999999999999,0.0095000000000000015,4675.0328063872857,2805.0196838323714
-0.012500000000000001,0.0095000000000000015,5556.8407068263296,3334.1044240957976
-0.012,0.0095000000000000015,6488.7840724561738,3893.2704434737043
-0.0115,0.0095000000000000015,7456.1158457407391,4473.6695074444433
-0.010999999999999999,0.0095000000000000015,8445.2124651914182,5067.1274791148508
-0.010499999999999999,0.0095000000000000015,9444.1405158613725,5666.4843095168235
-0.010000000000000002,0.0095000000000000015,10442.326543136352,6265.3959258818113
-0.0095000000000000015,0.0095000000000000015,11429.427635182665,6857.6565811095988
-0.0090000000000000011,0.0095000000000000015,12393.789378236164,7436.2736269416982
-0.0085000000000000006,0.0095000000000000015,13321.075932399284,7992.6455594395702
-0.0080000000000000002,0.0095000000000000015,14193.683348551385,8516.2100091308312
-0.0074999999999999997,0.0095000000000000015,14991.371185691172,8994.822711414703
-0.0069999999999999993,0.0095000000000000015,15693.205829355338,9415.9234976132029
-0.0064999999999999988,0.0095000000000000015,16280.499538508815,9768.2997231052886
-0.0059999999999999984,0.0095000000000000015,16740.081269148548,10044.048761489128
-0.0054999999999999979,0.0095000000000000015,17067.065713032807,10240.239427819684
-0.005000000000000001,0.0095000000000000015,17266.359451591077,10359.815670954646
-0.0044999999999999971,0.0095000000000000015,17352.4445839295,10411.4667503577
-0.0040000000000000001,0.0095000000000000015,17347.423764518742,10408.454258711245
-0.0035000000000000031,0.0095000000000000015,17277.763858326263,10366.658314995757
-0.0029999999999999992,0.0095000000000000015,17170.503535632604,10302.302121379562
-0.0025000000000000022,0.0095000000000000015,17049.798485844512,10229.879091506707
-0.0019999999999999983,0.0095000000000000015,16934.540279048269,10160.724167428962
-0.0015000000000000013,0.0095000000000000015,16837.448726376657,10102.469235825994
-0.00099999999999999742,0.0095000000000000015,16765.606769611644,10059.364061766986
-0.00050000000000000044,0.0095000000000000015,16722.008801700238,10033.205281020142
0,0.0095000000000000015,16707.441024281958,10024.464614569175
0.00050000000000000044,0.0095000000000000015,16721.973570871152,10033.18414252269
0.0010000000000000009,0.0095000000000000015,16765.523599832475,10059.314159899484
0.0015000000000000013,0.0095000000000000015,16837.289291388039,10102.373574832824
0.0020000000000000018,0.0095000000000000015,16934.254640700212,10160.552784420126
0.0024999999999999988,0.0095000000000000015,17049.305756829355,10229.583454097612
0.0030000000000000027,0.0095000000000000015,17169.679028187176,10301.807416912305
0.0034999999999999996,0.0095000000000000015,17276.422893878345,10365.853736327006
0.0040000000000000036,0.0095000000000000015,17345.302976880448,10407.181786128269
0.0045000000000000005,0.0095000000000000015,17349.182519459744,10409.509511675846
0.0049999999999999975,0.0095000000000000015,17261.479464520999,10356.887678712599
0.0055000000000000014,0.0095000000000000015,17059.96536527398,10235.979219164388
0.0059999999999999984,0.0095000000000000015,16730.033342600698,10038.020005560418
0.0064999999999999988,0.0095000000000000015,16266.669943981715,9760.0019663890289
0.0069999999999999993,0.0095000000000000015,15674.692749242149,9404.8156495452895
0.0074999999999999997,0.0095000000000000015,14967.267460277106,8980.3604761662627
0.0080000000000000002,0.0095000000000000015,14163.160439360505,8497.8962636163033
0.0085000000000000006,0.0095000000000000015,13283.483195791545,7970.0899174749266
0.0090000000000000011,0.0095000000000000015,12348.757690581158,7409.2546143486943
0.0095000000000000015,0.0095000000000000015,11376.962744872915,6826.1776469237493
0.010000000000000002,0.0095000000000000015,10382.876033841101,6229.7256203046609
0.010500000000000002,0.0095000000000000015,9378.6197969351233,5627.1718781610734
0.011000000000000003,0.0095000000000000015,8374.9799869851231,5024.9879921910733
0.011500000000000003,0.0095000000000000015,7382.8951929429304,4429.7371157657581
0.012000000000000004,0.0095000000000000015,6414.5393711610159,3848.7236226966093
0.012499999999999997,0.0095000000000000015,5483.6200540285299,3290.1720324171179
0.013000000000000005,0.0095000000000000015,4604.8003281809715,2762.880196908583
0.013499999999999998,0.0095000000000000015,3792.4301892512021,2275.458113550721
0.014000000000000005,0.0095000000000000015,3058.9593755905184,1835.3756253543111
0.014499999999999999,0.0095000000000000015,2413.4583172656444,1448.0749903593867
0.014999999999999999,0.0095000000000000015,1860.6020168001287,1116.3612100800772
0.0155,0.0095000000000000015,1400.3157272166386,840.1894363299831
0.016000000000000007,0.0095000000000000015,1028.0999137885515,616.85994827313084
0.016500000000000001,0.0095000000000000015,735.89905896074993,441.53943537644994
0.017000000000000001,0.0095000000000000015,513.28837897769552,307.97302738661728
0.017500000000000002,0.0095000000000000015,348.73326085033,209.239956510198
0.017999999999999995,0.0095000000000000015,230.71561183879882,138.42936710327928
0.018500000000000003,0.0095000000000000015,148.59466065239064,89.156796391434384
0.019000000000000003,0.0095000000000000015,93.150581973126506,55.890349183875905
0.019500000000000003,0.0095000000000000015,56.82713114829977,34.096278688979858
0.019999999999999997,0.0095000000000000015,33.733372179363563,20.240023307618138
0.020499999999999997,0.0095000000000000015,19.482970895100152,11.689782537060092
0.021000000000000005,0.0095000000000000015,10.947339789418983,6.5684038736513894
0.021500000000000005,0.0095000000000000015,5.9840299329348863,3.5904179597609316
0.021999999999999999,0.0095000000000000015,3.1819257943270811,1.9091554765962486
0.022499999999999999,0.0095000000000000015,1.6458160476515855,0.98748962859095124
0.023000000000000007,0.0095000000000000015,0.8280466507491564,0.49682799044949383
0.023500000000000007,0.0095000000000000015,0.40522910844264765,0.24313746506558859
0.024,0.0095000000000000015,0.19289056253750592,0.11573433752250355
0.024500000000000001,0.0095000000000000015,0.089305812764170656,0.053583487658502391
0.025000000000000001,0.0095000000000000015,0.04021629751699491,0.024129778510196945
-0.025000000000000001,0.010000000000000002,0.036270760486374037,0.021762456291824422
-0.024500000000000001,0.010000000000000002,0.079860440278999731,0.047916264167399837
-0.024,0.010000000000000002,0.17114078283771525,0.10268446970262915
-0.0235,0.010000000000000002,0.35695012007408794,0.21417007204445276
-0.023,0.010000000000000002,0.72457272194502431,0.43474363316701459
-0.022500000000000003,0.010000000000000002,1.4314240829522487,0.85885444977134917
-0.022000000000000002,0.010000000000000002,2.7520847671632644,1.6512508602979585
-0.021500000000000002,0.010000000000000002,5.1494659909564975,3.0896795945738984
-0.021000000000000001,0.010000000000000002,9.3772314017796852,5.6263388410678106
-0.020500000000000001,0.010000000000000002,16.61922670104769,9.9715360206286139
-0.02,0.010000000000000002,28.667538600210779,17.200523160126465
-0.0195,0.010000000000000002,48.132997320768681,28.879798392461208
-0.019,0.010000000000000002,78.670139819116443,47.202083891469861
-0.018500000000000003,0.010000000000000002,125.18377509312202,75.110265055873214
-0.018000000000000002,0.010000000000000002,193.96903175406538,116.38141905243923
-0.017500000000000002,0.010000000000000002,292.72578292288063,175.63546975372836
-0.017000000000000001,0.010000000000000002,430.38770830977074,258.23262498586246
-0.016500000000000001,0.010000000000000002,616.72190079846416,370.0331404790785
-0.016,0.010000000000000002,861.69016691559898,517.01410014935936
-0.0155,0.010000000000000002,1174.6158797808744,704.76952786852462
-0.015000000000000001,0.010000000000000002,1563.260816558847,937.95648993530813
-0.014500000000000001,0.010000000000000002,2032.96790675234,1219.7807440514039
-0.014,0.010000000000000002,2586.0473392400486,1551.6284035440292
-0.0135,0.010000000000000002,3221.556878409669,1932.9341270458012
-0.012999999999999999,0.010000000000000002,3935.5456014005381,2361.3273608403229
-0.012500000000000001,0.010000000000000002,4721.7050660643044,2833.0230396385828
-0.012,0.010000000000000002,5572.2351178496365,3343.3410707097819
-0.0115,0.010000000000000002,6478.6297193262162,3887.1778315957295
-0.010999999999999999,0.010000000000000002,7432.0684600658242,4459.2410760394941
-0.010499999999999999,0.010000000000000002,8423.1906969973497,5053.9144181984093
-0.010000000000000002,0.010000000000000002,9441.2256500402418,5664.7353900241451
-0.0095000000000000015,0.010000000000000002,10472.705693776054,6283.6234162656319
-0.0090000000000000011,0.010000000000000002,11500.221013968136,6900.1326083808808
-0.0085000000000000006,0.010000000000000002,12501.792176711308,7501.0753060267843
-0.0080000000000000002,0.010000000000000002,13451.376937903266,8070.8261627419588
-0.0074999999999999997,0.010000000000000002,14320.77560230127,8592.4653613807623
-0.0069999999999999993,0.010000000000000002,15082.808739771179,9049.6852438627066
-0.0064999999999999988,0.010000000000000002,15715.222118326346,9429.1332709958078
-0.0059999999999999984,0.010000000000000002,16204.460719095996,9722.6764314575976
-0.0054999999999999979,0.010000000000000002,16548.36061435279,9929.0163686116739
-0.005000000000000001,0.010000000000000002,16756.986488627837,10054.191893176701
-0.0044999999999999971,0.010000000000000002,16851.261740043374,10110.757044026024
-0.0040000000000000001,0.010000000000000002,16859.58709240011,10115.752255440066
-0.0035000000000000031,0.010000000000000002,16813.16625915515,10087.89975549309
-0.0029999999999999992,0.010000000000000002,16741.099708745329,10044.659825247198
-0.0025000000000000022,0.010000000000000002,16666.366734653591,9999.820040792154
-0.0019999999999999983,0.010000000000000002,16603.570914625012,9962.1425487750075
-0.0015000000000000013,0.010000000000000002,16558.842174549776,9935.3053047298654
-0.00099999999999999742,0.010000000000000002,16531.705453391485,9919.0232720348904
-0.00050000000000000044,0.010000000000000002,16518.204745987208,9910.9228475923246
0,0.010000000000000002,16514.256580002322,9908.5539480013922
0.00050000000000000044,0.010000000000000002,16518.18424947247,9910.9105496834818
0.0010000000000000009,0.010000000000000002,16531.657067059154,9918.9942402354918
0.0015000000000000013,0.010000000000000002,16558.749418810588,9935.2496512863527
0.0020000000000000018,0.010000000000000002,16603.404736571225,9962.0428419427353
0.0024999999999999988,0.010000000000000002,16666.080075844155,9999.6480455064921
0.0030000000000000027,0.010000000000000002,16740.620028605925,10044.372017163554
0.0034999999999999996,0.010000000000000002,16812.386115789704,10087.431669473823
0.0040000000000000036,0.010000000000000002,16858.353265203499,10115.011959122099
0.0045000000000000005,0.010000000000000002,16849.363943306344,10109.618365983806
0.0049999999999999975,0.010000000000000002,16754.147420416837,10052.488452250102
0.0055000000000000014,0.010000000000000002,16544.22978955353,9926.5378737321171
0.0059999999999999984,0.010000000000000002,16198.61505835165,9719.1690350109893
0.0064999999999999988,0.010000000000000002,15707.176367050966,9424.3058202305801
0.0069999999999999993,0.010000000000000002,15072.03824048864,9043.2229442931839
0.0074999999999999997,0.010000000000000002,14306.752589615566,8584.0515537693391
0.0080000000000000002,0.010000000000000002,13433.619386510878,8060.1716319065263
0.0085000000000000006,0.010000000000000002,12479.921556577494,7487.9529339464962
0.0090000000000000011,0.010000000000000002,11474.022577154028,6884.4135462924169
0.0095000000000000015,0.010000000000000002,10442.182784568891,6265.3096707413342
0.010000000000000002,0.010000000000000002,9406.6386626887961,5643.9831976132773
0.010500000000000002,0.010000000000000002,8385.072196354984,5031.0433178129906
0.011000000000000003,0.010000000000000002,7391.2087624084297,4434.7252574450577
0.011500000000000003,0.010000000000000002,6436.0315679864925,3861.6189407918955
0.012000000000000004,0.010000000000000002,5529.0411978134798,3317.424718688088
0.012499999999999997,0.010000000000000002,4679.106914724588,2807.4641488347529
0.013000000000000005,0.010000000000000002,3894.6859037431286,2336.8115422458773
0.013499999999999998,0.010000000000000002,3183.4383777672779,1910.0630266603666
0.014000000000000005,0.010000000000000002,2551.4603518884965,1530.8762111330977
0.014499999999999999,0.010000000000000002,2002.4449975448692,1201.4669985269215
0.014999999999999999,0.010000000000000002,1537.0623797437445,922.23742784624665
0.0155,0.010000000000000002,1152.7452596439186,691.64715578635116
0.016000000000000007,0.010000000000000002,843.93261551354681,506.35956930812807
0.016500000000000001,0.010000000000000002,602.69888808384678,361.61933285030807
0.017000000000000001,0.010000000000000002,419.61720894300538,251.77032536580322
0.017500000000000002,0.010000000000000002,284.68003140882445,170.80801884529467
0.017999999999999995,0.010000000000000002,188.1233703518736,112.87402221112416
0.018500000000000003,0.010000000000000002,121.05294853032316,72.631769118193901
0.019000000000000003,0.010000000000000002,75.831067009959625,45.498640205975775
0.019500000000000003,0.010000000000000002,46.235188923205165,27.741113353923097
0.019999999999999997,0.010000000000000002,27.433682643530251,16.46020958611815
0.020499999999999997,0.010000000000000002,15.839014343781697,9.5034086062690175
0.021000000000000005,0.010000000000000002,8.8973902936248699,5.3384341761749221
0.021500000000000005,0.010000000000000002,4.8624419049703791,2.9174651429822274
0.021999999999999999,0.010000000000000002,2.5851005217927194,1.5510603130756315
0.022499999999999999,0.010000000000000002,1.3369377665136621,0.80216265990819724
0.023000000000000007,0.010000000000000002,0.67257328959368023,0.40354397375620815
0.023500000000000007,0.010000000000000002,0.32911682963153183,0.19747009777891908
0.024,0.010000000000000002,0.15665083691297532,0.09399050214778519
0.024500000000000001,0.010000000000000002,0.072523664573998919,0.043514198744399352
0.025000000000000001,0.010000000000000002,0.032657660464976562,0.019594596278985937
-0.025000000000000001,0.010500000000000002,0.027838629851471102,0.016703177910882661
-0.024500000000000001,0.010500000000000002,0.06143611339887594,0.036861668039325564
-0.024,0.010500000000000002,0.13194159061382246,0.079164954368293475
-0.0235,0.010500000000000002,0.27574844067014775,0.16544906440208865
-0.023,0.010500000000000002,0.56080541587291577,0.33648324952374947
-0.022500000000000003,0.010500000000000002,1.109883065923589,0.66592983955415341
-0.022000000000000002,0.010500000000000002,2.1375222020864775,1.2825133212518864
-0.021500000000000002,0.010500000000000002,4.0060852295566249,2.4036511377339749
-0.021000000000000001,0.010500000000000002,7.3066790303072686,4.3840074181843613
-0.020500000000000001,0.010500000000000002,12.969766392732687,7.7818598356396116
-0.02,0.010500000000000002,22.407230489234518,13.44433829354071
-0.0195,0.010500000000000002,37.681801342298115,22.60908080537887
-0.019,0.010500000000000002,61.690866592187128,37.014519955312274
-0.018500000000000003,0.010500000000000002,98.340491104751948,59.004294662851166
-0.018000000000000002,0.010500000000000002,152.67404824297031,91.604428945782189
-0.017500000000000002,0.010500000000000002,230.91178947273806,138.54707368364282
-0.017000000000000001,0.010500000000000002,340.35752478216233,204.2145148692974
-0.016500000000000001,0.010500000000000002,489.14068124705386,293.48440874823228
-0.016,0.010500000000000002,685.78847252619653,411.47308351571792
-0.0155,0.010500000000000002,938.66150504980953,563.19690302988568
-0.015000000000000001,0.010500000000000002,1255.3288164570092,753.19728987420547
-0.014500000000000001,0.010500000000000002,1641.9916135564422,985.19496813386525
-0.014,0.010500000000000002,2103.0729845417932,1261.8437907250759
-0.0135,0.010500000000000002,2641.0609668108073,1584.6365800864844
-0.012999999999999999,0.010500000000000002,3256.6219771978281,1953.9731863186967
-0.012500000000000001,0.010500000000000002,3948.9036174858852,2369.3421704915309
-0.012,0.010500000000000002,4715.8493559389635,2829.509613563378
-0.0115,0.010500000000000002,5554.2918324265484,3332.5750994559289
-0.010999999999999999,0.010500000000000002,6459.6131722945092,3875.7679033767054
-0.010499999999999999,0.010500000000000002,7424.8774732153379,4454.9264839292027
-0.010000000000000002,0.010500000000000002,8439.5378775917106,5063.7227265550264
-0.0095000000000000015,0.010500000000000002,9488.0472584585659,5692.8283550751394
-0.0090000000000000011,0.010500000000000002,10548.8800656688,6329.32803940128
-0.0085000000000000006,0.010500000000000002,11594.523087336291,6956.7138524017746
-0.0080000000000000002,0.010500000000000002,12592.862316558887,7555.717389935332
-0.0074999999999999997,0.010500000000000002,13510.083315422335,8106.0499892534008
-0.0069999999999999993,0.010500000000000002,14314.779412982287,8588.8676477893714
-0.0064999999999999988,0.010500000000000002,14982.543805493193,8989.5262832959161
-0.0059999999999999984,0.010500000000000002,15500.04441324443,9300.0266479466572
-0.0054999999999999979,0.010500000000000002,15867.553512647024,9520.5321075882148
-0.005000000000000001,0.010500000000000002,16099.169320401046,9659.5015922406274
-0.0044999999999999971,0.010500000000000002,16220.476801694647,9732.2860810167876
-0.0040000000000000001,0.010500000000000002,16264.022073248474,9758.4132439490841
-0.0035000000000000031,0.010500000000000002,16263.5454533095,9758.1272719856988
-0.0029999999999999992,0.010500000000000002,16248.265505787058,9748.9593034722348
-0.0025000000000000022,0.010500000000000002,16238.521434701708,9743.1128608210238
-0.0019999999999999983,0.010500000000000002,16243.747695666747,9746.2486174000478
-0.0015000000000000013,0.010500000000000002,16263.155965740687,9757.8935794444114
-0.00099999999999999742,0.010500000000000002,16288.79557588118,9773.2773455287079
-0.00050000000000000044,0.010500000000000002,16310.045626275974,9786.027375765585
0,0.010500000000000002,16318.229402875806,9790.9376417254825
0.00050000000000000044,0.010500000000000002,16310.034028534084,9786.0204171204496
0.0010000000000000009,0.010500000000000002,16288.768196973078,9773.260918183847
0.0015000000000000013,0.010500000000000002,16263.103480860418,9757.8620885162509
0.0020000000000000018,0.010500000000000002,16243.653665525509,9746.1921993153046
0.0024999999999999988,0.010500000000000002,16238.359231765027,9743.0155390590153
0.0030000000000000027,0.010500000000000002,16247.994083717624,9748.7964502305731
0.0034999999999999996,0.010500000000000002,16263.104017216341,9757.8624103298043
0.0040000000000000036,0.010500000000000002,16263.323924829312,9757.9943548975862
0.0045000000000000005,0.010500000000000002,16219.402952945424,9731.6417717672539
0.0049999999999999975,0.010500000000000002,16097.562862876981,9658.5377177261889
0.0055000000000000014,0.010500000000000002,15865.216127953816,9519.1296767722888
0.0059999999999999984,0.010500000000000002,15496.736706282871,9298.0420237697217
0.0064999999999999988,0.010500000000000002,14977.991199950646,8986.7947199703867
0.0069999999999999993,0.010500000000000002,14308.685036826302,8585.2110220957802
0.0074999999999999997,0.010500000000000002,13502.148538035983,8101.2891228215894
0.0080000000000000002,0.010500000000000002,12582.814388885759,7549.6886333314551
0.0085000000000000006,0.010500000000000002,11582.147822052517,6949.2886932315096
0.0090000000000000011,0.010500000000000002,10534.055949863621,6320.4335699181729
0.0095000000000000015,0.010500000000000002,9470.7761844624911,5682.4657106774948
0.010000000000000002,0.010500000000000002,8419.9671868101104,5051.9803120860661
0.010500000000000002,0.010500000000000002,7403.3085119886855,4441.9851071932108
0.011000000000000003,0.010500000000000002,6436.4931329526253,3861.895879771575
0.011500000000000003,0.010500000000000002,5530.1881069627925,3318.1128641776754
0.012000000000000004,0.010500000000000002,4691.4085208907054,2814.8451125344232
0.012499999999999997,0.010500000000000002,3924.7998920221366,2354.8799352132819
0.013000000000000005,0.010500000000000002,3233.5019378559355,1940.1011627135613
0.013499999999999998,0.010500000000000002,2619.4920055841426,1571.6952033504856
0.014000000000000005,0.010500000000000002,2083.5022937601284,1250.1013762560769
0.014499999999999999,0.010500000000000002,1624.7205395601886,974.83232373611315
0.014999999999999999,0.010500000000000002,1240.5047006512636,744.30282039075814
0.0155,0.010500000000000002,926.28623976425558,555.77174385855335
0.016000000000000007,0.010500000000000002,675.74054484759586,405.44432690855751
0.016500000000000001,0.010500000000000002,481.20590384433854,288.72354230660312
0.017000000000000001,0.010500000000000002,334.2631485785177,200.55788914711061
0.017500000000000002,0.010500000000000002,226.35918379514007,135.81551027708403
0.017999999999999995,0.010500000000000002,149.36634090917593,89.619804545505559
0.018500000000000003,0.010500000000000002,96.003105413668152,57.601863248200885
0.019000000000000003,0.010500000000000002,60.084406466305644,36.050643879783387
0.019500000000000003,0.010500000000000002,36.607945995082027,21.964767597049214
0.019999999999999997,0.010500000000000002,21.70906579648852,13.025439477893112
0.020499999999999997,0.010500000000000002,12.5282912612654,7.5169747567592395
0.021000000000000005,0.010500000000000002,7.0351658783643884,4.2210995270186329
0.021500000000000005,0.010500000000000002,3.8436756049013128,2.3062053629407875
0.021999999999999999,0.010500000000000002,2.0430358856478956,1.2258215313887373
0.022499999999999999,0.010500000000000002,1.0564189563345554,0.6338513738007332
0.023000000000000007,0.010500000000000002,0.53138207231811729,0.31882924339087038
0.023500000000000007,0.010500000000000002,0.25999925976720195,0.15599955586032116
0.024,0.010500000000000002,0.12374260386040202,0.074245562316241215
0.024500000000000001,0.010500000000000002,0.057284674385193197,0.034370804631115914
0.025000000000000001,0.010500000000000002,0.025794194394769928,0.015476516636861956
-0.025000000000000001,0.011000000000000003,0.020941191568452047,0.012564714941071227
-0.024500000000000001,0.011000000000000003,0.046295740925829144,0.027777444555497487
-0.024,0.011000000000000003,0.099589781023648238,0.059753868614188937
-0.0235,0.011000000000000003,0.20845853791081453,0.12507512274648871
-0.023,0.011000000000000003,0.42457695719389305,0.25474617431633584
-0.022500000000000003,0.011000000000000003,0.84145303577659314,0.50487182146595588
-0.022000000000000002,0.011000000000000003,1.6227443684365703,0.97364662106194211
-0.021500000000000002,0.011000000000000003,3.0453232942869852,1.827193976572191
-0.021000000000000001,0.011000000000000003,5.561651178832804,3.3369907072996825
-0.020500000000000001,0.011000000000000003,9.8854083102530765,5.9312449861518459
-0.02,0.011000000000000003,17.102170425731991,10.261302255439194
-0.0195,0.011000000000000003,28.802713237598894,17.281627942559336
-0.019,0.011000000000000003,47.230111026591267,28.338066615954759
-0.018500000000000003,0.011000000000000003,75.423734675221127,45.254240805132675
-0.018000000000000002,0.011000000000000003,117.33511948948346,70.401071693690071
-0.017500000000000002,0.011000000000000003,177.88510070835491,106.73106042501294
-0.017000000000000001,0.011000000000000003,262.93190339690148,157.75914203814088
-0.016500000000000001,0.011000000000000003,379.1289878680239,227.47739272081432
-0.016,0.011000000000000003,533.67052082920668,320.20231249752402
-0.0155,0.011000000000000003,733.94906895016356,440.36944137009812
-0.015000000000000001,0.011000000000000003,987.17783102957083,592.30669861774243
-0.014500000000000001,0.011000000000000003,1300.0479792253457,780.02878753520736
-0.014,0.011000000000000003,1678.4889029464598,1007.0933417678758
-0.0135,0.011000000000000003,2127.5673143585864,1276.5403886151519
-0.012999999999999999,0.011000000000000003,2651.5011661947424,1590.9006997168453
-0.012500000000000001,0.011000000000000003,3253.6897999581506,1952.2138799748902
-0.012,0.011000000000000003,3936.5988616854902,2361.9593170112939
-0.0115,0.011000000000000003,4701.3199278756956,2820.7919567254171
-0.010999999999999999,0.011000000000000003,5546.6780278587194,3328.0068167152317
-0.010499999999999999,0.011000000000000003,6467.893922026049,3880.7363532156292
-0.010000000000000002,0.011000000000000003,7455.0009524099514,4473.0005714459703
-0.0095000000000000015,0.011000000000000003,8491.415879810027,5094.8495278860164
-0.0090000000000000011,0.011000000000000003,9553.1961828132098,5731.9177096879257
-0.0085000000000000006,0.011000000000000003,10609.511878107847,6365.7071268647078
-0.0080000000000000002,0.011000000000000003,11624.677494024032,6974.8064964144187
-0.0074999999999999997,0.011000000000000003,12561.74246689828,7537.0454801389678
-0.0069999999999999993,0.011000000000000003,13387.200282584847,8032.3201695509078
-0.0064999999999999988,0.011000000000000003,14075.969699186806,8445.5818195120828
-0.0059999999999999984,0.011000000000000003,14615.559903513555,8769.3359421081332
-0.0054999999999999979,0.011000000000000003,15008.358610743771,9005.0151664462628
-0.005000000000000001,0.011000000000000003,15271.310247335747,9162.7861484014484
-0.0044999999999999971,0.011000000000000003,15432.822497812296,9259.6934986873766
-0.0040000000000000001,0.011000000000000003,15527.414574481252,9316.4487446887506
-0.0035000000000000031,0.011000000000000003,15589.21621891836,9353.5297313510164
-0.0029999999999999992,0.011000000000000003,15645.768604998149,9387.4611629988885
-0.0025000000000000022,0.011000000000000003,15713.555710817853,9428.1334264907109
-0.0019999999999999983,0.011000000000000003,15796.295108431861,9477.7770650591156
-0.0015000000000000013,0.011000000000000003,15886.334635064351,9531.8007810386098
-0.00099999999999999742,0.011000000000000003,15968.712611197323,9581.2275667183931
-0.00050000000000000044,0.011000000000000003,16026.754773916551,9616.052864349931
0,0.011000000000000003,16047.686972824806,9628.6121836948823
0.00050000000000000044,0.011000000000000003,16026.748391235782,9616.0490347414689
0.0010000000000000009,0.011000000000000003,15968.697543537437,9581.2185261224622
0.0015000000000000013,0.011000000000000003,15886.305750628126,9531.7834503768754
0.0020000000000000018,0.011000000000000003,15796.243360050161,9477.7460160300961
0.0024999999999999988,0.011000000000000003,15713.466444340429,9428.0798666042574
0.0030000000000000027,0.011000000000000003,15645.619231056287,9387.3715386337717
0.0034999999999999996,0.011000000000000003,15588.973279759241,9353.3839678555432
0.0040000000000000036,0.011000000000000003,15527.030356714469,9316.2182140286804
0.0045000000000000005,0.011000000000000003,15432.231517790047,9259.3389106740287
0.0049999999999999975,0.011000000000000003,15270.426152341926,9162.2556914051547
0.0055000000000000014,0.011000000000000003,15007.07225858385,9004.2433551503091
0.0059999999999999984,0.011000000000000003,14613.739545911854,8768.2437275471129
0.0064999999999999988,0.011000000000000003,14073.464226300839,8444.0785357805034
0.0069999999999999993,0.011000000000000003,13383.846314385097,8030.3077886310575
0.0074999999999999997,0.011000000000000003,12557.375655538961,7534.4253933233758
0.0080000000000000002,0.011000000000000003,11619.147735271616,6971.4886411629695
0.0085000000000000006,0.011000000000000003,10602.701296489171,6361.6207778935022
0.0090000000000000011,0.011000000000000003,9545.0379051277796,5727.0227430766672
0.0095000000000000015,0.011000000000000003,8481.9109474796714,5089.1465684878031
0.010000000000000002,0.011000000000000003,7444.2304530432239,4466.5382718259343
0.010500000000000002,0.011000000000000003,6456.0236980352247,3873.6142188211347
0.011000000000000003,0.011000000000000003,5533.9541862800306,3320.3725117680183
0.011500000000000003,0.011000000000000003,4688.0547262157033,2812.8328357294217
0.012000000000000004,0.011000000000000003,3923.1481357327216,2353.8888814396328
0.012499999999999997,0.011000000000000003,3240.4245982981665,1944.2547589788999
0.013000000000000005,0.011000000000000003,2638.7773246160477,1583.2663947696285
0.013499999999999998,0.011000000000000003,2115.6970903677575,1269.4182542206545
0.014000000000000005,0.011000000000000003,1667.7184035796913,1000.6310421478147
0.014499999999999999,0.011000000000000003,1290.543046894888,774.32582813693273
0.014999999999999999,0.011000000000000003,979.01955334382581,587.41173200629544
0.0155,0.011000000000000003,727.13848733050429,436.28309239830259
0.016000000000000007,0.011000000000000003,528.14076207377707,316.88445724426623
0.016500000000000001,0.011000000000000003,374.76217649969669,224.85730589981802
0.017000000000000001,0.011000000000000003,259.57793517092063,155.74676110255237
0.017500000000000002,0.011000000000000003,175.37962774806209,105.22777664883725
0.017999999999999995,0.011000000000000003,115.51476168292824,69.308857009756935
0.018500000000000003,0.011000000000000003,74.137381966133518,44.482429179680111
0.019000000000000003,0.011000000000000003,46.3460146008915,27.807608760534901
0.019500000000000003,0.011000000000000003,28.21172958422537,16.92703775053522
0.019999999999999997,0.011000000000000003,16.717943702975472,10.030766221785283
0.020499999999999997,0.011000000000000003,9.6424476668624663,5.78546860011748
0.021000000000000005,0.011000000000000003,5.4122271107866311,3.2473362664719785
0.021500000000000005,0.011000000000000003,2.9559430685697672,1.7735658411418602
0.021999999999999999,0.011000000000000003,1.5707449360852419,0.94244696165114505
0.022499999999999999,0.011000000000000003,0.81202969222180321,0.48721781533308189
0.023000000000000007,0.011000000000000003,0.40838416631795332,0.24503049979077199
0.023500000000000007,0.011000000000000003,0.19979116153485041,0.11987469692091024
0.024,0.011000000000000003,0.095077565148336055,0.057046539089001633
0.024500000000000001,0.011000000000000003,0.044011045318153606,0.026406627190892162
0.025000000000000001,0.011000000000000003,0.019816060573462975,0.011889636344077784
-0.025000000000000001,0.011500000000000003,0.015409579593179741,0.0092457477559078436
-0.024500000000000001,0.011500000000000003,0.034112391240578639,0.020467434744347184
-0.024,0.011500000000000003,0.073474169559592434,0.044084501735755462
-0.0235,0.011500000000000003,0.15397889765133616,0.092387338590801685
-0.023,0.011500000000000003,0.31397762484173886,0.18838657490504332
-0.022500000000000003,0.011500000000000003,0.62295854847921339,0.37377512908752802
-0.022000000000000002,0.011500000000000003,1.2027093026696294,0.72162558160177759
-0.021500000000000002,0.011500000000000003,2.2595863112812591,1.3557517867687554
-0.021000000000000001,0.011500000000000003,4.1314165174428537,2.478849910465712
-0.020500000000000001,0.011500000000000003,7.3522026371534839,4.4113215822920901
-0.02,0.011500000000000003,12.736364644152209,7.6418187864913252
-0.0195,0.011500000000000003,21.481371388809947,12.888822833285968
-0.019,0.011500000000000003,35.283209237549499,21.1699255425297
-0.018500000000000003,0.011500000000000003,56.453628558884631,33.87217713533078
-0.018000000000000002,0.011500000000000003,88.022650611919119,52.81359036715147
-0.017500000000000002,0.011500000000000003,133.80627949988173,80.28376769992903
-0.017000000000000001,0.011500000000000003,198.4200041302004,119.05200247812023
-0.016500000000000001,0.011500000000000003,287.22536153127709,172.33521691876624
-0.016,0.011500000000000003,406.20992303483024,243.72595382089813
-0.0155,0.011500000000000003,561.81828354184836,337.09097012510898
-0.015000000000000001,0.011500000000000003,760.76753253273102,456.46051951963858
-0.014500000000000001,0.011500000000000003,1009.8873399410915,605.9324039646549
-0.014,0.011500000000000003,1316.0141523221923,789.60849139331538
-0.0135,0.011500000000000003,1685.9366806570088,1011.5620083942052
-0.012999999999999999,0.011500000000000003,2126.3392840452252,1275.8035704271351
-0.012500000000000001,0.011500000000000003,2643.6348294157997,1586.1808976494797
-0.012,0.011500000000000003,3243.5423567015323,1946.1254140209194
-0.0115,0.011500000000000003,3930.2741380932794,2358.1644828559674
-0.010999999999999999,0.011500000000000003,4705.2714957900653,2823.1628974740393
-0.010499999999999999,0.011500000000000003,5565.5705991271952,3339.3423594763171
-0.010000000000000002,0.011500000000000003,6502.0631168341479,3901.2378701004886
-0.0095000000000000015,0.011500000000000003,7498.0898788089889,4498.8539272853932
-0.0090000000000000011,0.011500000000000003,8528.9008311839098,5117.3404987103459
-0.0085000000000000006,0.011500000000000003,9562.4696391450252,5737.4817834870146
-0.0080000000000000002,0.011500000000000003,10561.935856246286,6337.1615137477711
-0.0074999999999999997,0.011500000000000003,11489.582913283593,6893.749747970156
-0.0069999999999999993,0.011500000000000003,12311.824679726767,7387.0948078360598
-0.0064999999999999988,0.011500000000000003,13004.287618885419,7802.5725713312513
-0.0059999999999999984,0.011500000000000003,13555.86895284793,8133.5213717087572
-0.0054999999999999979,0.011500000000000003,13970.719338471878,8382.4316030831269
-0.005000000000000001,0.011500000000000003,14267.465800451831,8560.4794802710985
-0.0044999999999999971,0.011500000000000003,14475.592526696662,8685.3555160179967
-0.0040000000000000001,0.011500000000000003,14629.5899230906,8777.7539538543588
-0.0035000000000000031,0.011500000000000003,14762.080029419982,8857.2480176519894
-0.0029999999999999992,0.011500000000000003,14897.454050827822,8938.4724304966931
-0.0025000000000000022,0.011500000000000003,15047.504999158376,9028.5029994950255
-0.0019999999999999983,0.011500000000000003,15210.096194767964,9126.0577168607779
-0.0015000000000000013,0.011500000000000003,15371.174711833382,9222.7048271000294
-0.00099999999999999742,0.011500000000000003,15509.602810980032,9305.7616865880191
-0.00050000000000000044,0.011500000000000003,15603.560467068048,9362.1362802408275
0,0.011500000000000003,15636.863275535299,9382.1179653211784
0.00050000000000000044,0.011500000000000003,15603.557050665217,9362.1342303991296
0.0010000000000000009,0.011500000000000003,15509.594745842876,9305.7568475057251
0.0015000000000000013,0.011500000000000003,15371.159251108786,9222.6955506652703
0.0020000000000000018,0.011500000000000003,15210.068495855252,9126.0410975131508
0.0024999999999999988,0.011500000000000003,15047.45721825615,9028.4743309536898
0.0030000000000000027,0.011500000000000003,14897.374096718313,8938.4244580309878
0.0034999999999999996,0.011500000000000003,14761.949993458627,8857.1699960751757
0.0040000000000000036,0.011500000000000003,14629.384266139885,8777.6305596839302
0.0045000000000000005,0.011500000000000003,14475.276197885722,8685.1657187314322
0.0049999999999999975,0.011500000000000003,14266.992578502488,8560.1955471014917
0.0055000000000000014,0.011500000000000003,13970.030803777177,8382.0184822663068
0.0059999999999999984,0.011500000000000003,13554.894585637627,8132.9367513825755
0.0064999999999999988,0.011500000000000003,13002.946535889359,7801.7679215336157
0.0069999999999999993,0.011500000000000003,12310.029429916964,7386.0176579501776
0.0074999999999999997,0.011500000000000003,11487.245527597333,6892.3473165584001
0.0080000000000000002,0.011500000000000003,10558.975989677107,6335.3855938062634
0.0085000000000000006,0.011500000000000003,9558.8241974987704,5735.2945184992623
0.0090000000000000011,0.011500000000000003,8524.5340198157555,5114.7204118894533
0.0095000000000000015,0.011500000000000003,7493.0022551518687,4495.8013530911212
0.010000000000000002,0.011500000000000003,6496.2980839572529,3897.7788503743514
0.010500000000000002,0.011500000000000003,5559.216926077027,3335.5301556462159
0.011000000000000003,0.011500000000000003,4698.4609141704068,2819.0765485022439
0.011500000000000003,0.011500000000000003,3923.1737873031593,2353.9042723818957
0.012000000000000004,0.011500000000000003,3236.3427019134351,1941.8056211480609
0.012499999999999997,0.011500000000000003,2636.5344786256865,1581.9206871754118
0.013000000000000005,0.011500000000000003,2119.5287024255626,1271.7172214553375
0.013499999999999998,0.011500000000000003,1679.5830076068378,1007.7498045641026
0.014000000000000005,0.011500000000000003,1310.2491194452728,786.14947166716365
0.014499999999999999,0.011500000000000003,1004.7997162839152,602.87982977034915
0.014999999999999999,0.011500000000000003,756.40072116440513,453.84043269864304
0.0155,0.011500000000000003,558.17284189506461,334.90370513703874
0.016000000000000007,0.011500000000000003,403.25005646403309,241.95003387841984
0.016500000000000001,0.011500000000000003,284.88797584019335,170.932785504116
0.017000000000000001,0.011500000000000003,196.62475430635459,117.97485258381275
0.017500000000000002,0.011500000000000003,132.46519646403968,79.479117878423807
0.017999999999999995,0.011500000000000003,87.048283291966854,52.228969975180114
0.018500000000000003,0.011500000000000003,55.765093570239124,33.459056142143474
0.019000000000000003,0.011500000000000003,34.809986521780885,20.88599191306853
0.019500000000000003,0.011500000000000003,21.165040634273844,12.699024380564305
0.019999999999999997,0.011500000000000003,12.530702899654397,7.5184217397926378
0.020499999999999997,0.011500000000000003,7.2221551760983411,4.3332931056590045
0.021000000000000005,0.011500000000000003,4.0514355773253383,2.4308613463952029
0.021500000000000005,0.011500000000000003,2.2117445239825084,1.3270467143895051
0.021999999999999999,0.011500000000000003,1.1748760122270827,0.70492560733624965
0.022499999999999999,0.011500000000000003,0.60720936757627109,0.36432562054576262
0.023000000000000007,0.011500000000000003,0.30531024846577376,0.18318614907946426
0.023500000000000007,0.011500000000000003,0.14933958539082542,0.089603751234495252
0.024,0.011500000000000003,0.071058954444386757,0.042635372666632053
0.024500000000000001,0.011500000000000003,0.032889481805883164,0.019733689083529897
0.025000000000000001,0.011500000000000003,0.014807340369530899,0.0088844042217185396
-0.025000000000000001,0.012000000000000004,0.011075916805993692,0.0066455500835962151
-0.024500000000000001,0.012000000000000004,0.024544148093684603,0.014726488856210761
-0.024,0.012000000000000004,0.052917304250638016,0.031750382550382809
-0.0235,0.012000000000000004,0.11100374901396493,0.066602249408378958
-0.023,0.012000000000000004,0.22655902828602473,0.13593541697161482
-0.022500000000000003,0.012000000000000004,0.44993369451452164,0.26996021670871295
-0.022000000000000002,0.012000000000000004,0.86949313491005575,0.52169588094603347
-0.021500000000000002,0.012000000000000004,1.6351990466535622,0.98111942799213725
-0.021000000000000001,0.012000000000000004,2.9930210318960468,1.795812619137628
-0.020500000000000001,0.012000000000000004,5.3326828243258975,3.1996096945955386
-0.02,0.012000000000000004,9.2503573852047936,5.5502144311228756
-0.0195,0.012000000000000004,15.626075650892069,9.3756453905352419
-0.019,0.012000000000000004,25.712766162231407,15.427659697338843
-0.018500000000000003,0.012000000000000004,41.230320760043959,24.738192456026376
-0.018000000000000002,0.012000000000000004,64.4546953893134,38.672817233588042
-0.017500000000000002,0.012000000000000004,98.290076587106526,58.974045952263914
-0.017000000000000001,0.012000000000000004,146.31302248507632,87.787813491045782
-0.016500000000000001,0.012000000000000004,212.78225596953803,127.66935358172282
-0.016,0.012000000000000004,302.61625225217466,181.5697513513048
-0.0155,0.012000000000000004,421.35074628761237,252.81044777256741
-0.015000000000000001,0.012000000000000004,575.09538671526946,345.05723202916164
-0.014500000000000001,0.012000000000000004,770.50711894033179,462.30427136419905
-0.014,0.012000000000000004,1014.7821932524857,608.86931595149144
-0.0135,0.012000000000000004,1315.6372805537806,789.38236833226836
-0.012999999999999999,0.012000000000000004,1681.2080826393767,1008.724849583626
-0.012500000000000001,0.012000000000000004,2119.7544534448298,1271.8526720668979
-0.012,0.012000000000000004,2639.044681521028,1583.4268089126167
-0.0115,0.012000000000000004,3245.3198309683621,1947.1918985810171
-0.010999999999999999,0.012000000000000004,3941.825880149735,2365.0955280898411
-0.010499999999999999,0.012000000000000004,4727.0434280628506,2836.2260568377101
-0.010000000000000002,0.012000000000000004,5592.9147308467545,3355.7488385080528
-0.0095000000000000015,0.012000000000000004,6523.5158935112768,3914.109536106766
-0.0090000000000000011,0.012000000000000004,7494.6867215614793,4496.8120329368876
-0.0085000000000000006,0.012000000000000004,8475.0587712674333,5085.0352627604598
-0.0080000000000000002,0.012000000000000004,9428.6913116955293,5657.2147870173176
-0.0074999999999999997,0.012000000000000004,10319.161527599346,6191.4969165596076
-0.0069999999999999993,0.012000000000000004,11114.537791426124,6668.7226748556741
-0.0064999999999999988,0.012000000000000004,11792.308856790518,7075.3853140743104
-0.0059999999999999984,0.012000000000000004,12343.168501555047,7405.9011009330279
-0.0054999999999999979,0.012000000000000004,12772.651336048444,7663.5908016290659
-0.005000000000000001,0.012000000000000004,13099.999226222882,7859.9995357337293
-0.0044999999999999971,0.012000000000000004,13354.242002136032,8012.5452012816186
-0.0040000000000000001,0.012000000000000004,13568.158603770949,8140.8951622625691
-0.0035000000000000031,0.012000000000000004,13771.36364743744,8262.8181884624628
-0.0029999999999999992,0.012000000000000004,13984.069455272991,8390.4416731637939
-0.0025000000000000022,0.012000000000000004,14212.998498247664,8527.799098948597
-0.0019999999999999983,0.012000000000000004,14450.45933276623,8670.2755996597371
-0.0015000000000000013,0.012000000000000004,14676.851720839457,8806.1110325036734
-0.00099999999999999742,0.012000000000000004,14866.01951249095,8919.6117074945687
-0.00050000000000000044,0.012000000000000004,14992.144454439187,8995.2866726635111
0,0.012000000000000004,15036.466565143781,9021.8799390862678
0.00050000000000000044,0.012000000000000004,14992.142675867863,8995.2856055207176
0.0010000000000000009,0.012000000000000004,14866.015313799402,8919.6091882796409
0.0015000000000000013,0.012000000000000004,14676.84367202238,8806.1062032134269
0.0020000000000000018,0.012000000000000004,14450.444912777033,8670.2669476662195
0.0024999999999999988,0.012000000000000004,14212.97362362168,8527.7841741730081
0.0030000000000000027,0.012000000000000004,13984.027831350522,8390.4166988103134
0.0034999999999999996,0.012000000000000004,13771.295951020005,8262.7775706120028
0.0040000000000000036,0.012000000000000004,13568.051539243264,8140.8309235459583
0.0045000000000000005,0.012000000000000004,13354.077322096693,8012.4463932580156
0.0049999999999999975,0.012000000000000004,13099.752867982541,7859.8517207895238
0.0055000000000000014,0.012000000000000004,12772.292886496307,7663.3757318977841
0.0059999999999999984,0.012000000000000004,12342.661248263621,7405.5967489581726
0.0064999999999999988,0.012000000000000004,11791.610692118484,7074.9664152710902
0.0069999999999999993,0.012000000000000004,11113.603188572784,6668.1619131436701
0.0074999999999999997,0.012000000000000004,10317.94469007634,6190.7668140458036
0.0080000000000000002,0.012000000000000004,9427.1504120803602,5656.2902472482156
0.0085000000000000006,0.012000000000000004,8473.1609628701499,5083.8965777220901
0.0090000000000000011,0.012000000000000004,7492.4133697736761,4495.4480218642057
0.0095000000000000015,0.012000000000000004,6520.8672885312371,3912.5203731187421
0.010000000000000002,0.012000000000000004,5589.9134682108161,3353.9480809264896
0.010500000000000002,0.012000000000000004,4723.7357207290579,2834.2414324374345
0.011000000000000003,0.012000000000000004,3938.280307283007,2362.968184369804
0.011500000000000003,0.012000000000000004,3241.6234049490281,1944.9740429694168
0.012000000000000004,0.012000000000000004,2635.2965580725399,1581.1779348435239
0.012499999999999997,0.012000000000000004,2116.0580274255021,1269.6348164553012
0.013000000000000005,0.012000000000000004,1677.662509772646,1006.5975058635876
0.013499999999999998,0.012000000000000004,1312.3295732199874,787.39774393199241
0.014000000000000005,0.012000000000000004,1011.7809306165304,607.06855836991826
0.014499999999999999,0.012000000000000004,767.85851396026123,460.71510837615671
0.014999999999999999,0.012000000000000004,572.82203492737483,343.69322095642491
0.0155,0.012000000000000004,419.45293789004916,251.67176273402947
0.016000000000000007,0.012000000000000004,301.07535263616171,180.64521158169703
0.016500000000000001,0.012000000000000004,211.56541844402275,126.93925106641365
0.017000000000000001,0.012000000000000004,145.37841962442593,87.22705177465555
0.017500000000000002,0.012000000000000004,97.591911894360464,58.555147136616277
0.017999999999999995,0.012000000000000004,63.947442040806919,38.368465224484147
0.018500000000000003,0.012000000000000004,40.871871054884011,24.523122632930406
0.019000000000000003,0.012000000000000004,25.46640752288911,15.279844513733465
0.019500000000000003,0.012000000000000004,15.461394599723478,9.2768367598340866
0.019999999999999997,0.012000000000000004,9.1432903618964456,5.4859742171378674
0.020499999999999997,0.012000000000000004,5.2649804201768866,3.1589882521061319
0.021000000000000005,0.012000000000000004,2.9513831414818741,1.7708298848891244
0.021500000000000005,0.012000000000000004,1.6102927240492464,0.96617563442954779
0.021999999999999999,0.012000000000000004,0.85500318898531902,0.51300191339119139
0.022499999999999999,0.012000000000000004,0.44173470776110296,0.26504082465666179
0.023000000000000007,0.012000000000000004,0.2220468124107102,0.13322808744642611
0.023500000000000007,0.012000000000000004,0.10858853389875829,0.065153120339254966
0.024,0.012000000000000004,0.051659948908905219,0.030995969345343131
0.024500000000000001,0.012000000000000004,0.023907504301382543,0.014344502580829525
0.025000000000000001,0.012000000000000004,0.010762392474314687,0.0064574354845888119
-0.025000000000000001,0.012499999999999997,0.0077676577756040227,0.0046605946653624133
-0.024500000000000001,0.012499999999999997,0.017226990155879723,0.010336194093527833
-0.024,0.012499999999999997,0.037170828387732356,0.022302497032639413
-0.0235,0.012499999999999997,0.078033938838358727,0.046820363303015235
-0.023,0.012499999999999997,0.15939479654783659,0.095636877928701944
-0.022500000000000003,0.012499999999999997,0.31681249306768977,0.19008749584061385
-0.022000000000000002,0.012499999999999997,0.61278115461903016,0.36766869277141806
-0.021500000000000002,0.012499999999999997,1.1535389554033841,0.69212337324203044
-0.021000000000000001,0.012499999999999997,2.1137126463636564,1.2682275878181939
-0.020500000000000001,0.012499999999999997,3.7707450435442982,2.262447026126579
-0.02,0.012499999999999997,6.5505612219718552,3.9303367331831129
-0.0195,0.012499999999999997,11.08483842617591,6.6509030557055455
-0.019,0.012499999999999997,18.278550647134015,10.967130388280408
-0.018500000000000003,0.012499999999999997,29.384401718416651,17.63064103104999
-0.018000000000000002,0.012499999999999997,46.078893756930633,27.647336254158379
-0.017500000000000002,0.012499999999999997,70.533920207683366,42.320352124610018
-0.017000000000000001,0.012499999999999997,105.47877611616079,63.287265669696467
-0.016500000000000001,0.012499999999999997,154.25078060478674,92.550468362872039
-0.016,0.012499999999999997,220.8377583768461,132.50265502610765
-0.0155,0.012499999999999997,309.92041465776003,185.95224879465601
-0.015000000000000001,0.012499999999999997,426.92365115647226,256.15419069388332
-0.014500000000000001,0.012499999999999997,578.07886936320278,346.84732161792164
-0.014,0.012499999999999997,770.48104629989666,462.288627779938
-0.0135,0.012499999999999997,1012.0950156273816,607.25700937642898
-0.012999999999999999,0.012499999999999997,1311.6308280279929,786.97849681679577
-0.012500000000000001,0.012499999999999997,1678.1808189297756,1006.9084913578653
-0.012,0.012499999999999997,2120.5084857270426,1272.3050914362254
-0.0115,0.012499999999999997,2645.9187025609367,1587.551221536562
-0.010999999999999999,0.012499999999999997,3258.7295373445027,1955.2377224067016
-0.010499999999999999,0.012499999999999997,3958.5014385316349,2375.1008631189807
-0.010000000000000002,0.012499999999999997,4738.3325433161262,2842.9995259896755
-0.0095000000000000015,0.012499999999999997,5583.6531950401113,3350.1919170240667
-0.0090000000000000011,0.012499999999999997,6471.9939519008531,3883.1963711405115
-0.0085000000000000006,0.012499999999999997,7374.1143009815942,4424.4685805889567
-0.0080000000000000002,0.012499999999999997,8256.6482435201033,4953.988946112062
-0.0074999999999999997,0.012499999999999997,9086.0764262252505,5451.6458557351498
-0.0069999999999999993,0.012499999999999997,9833.4476585041521,5900.0685951024907
-0.0064999999999999988,0.012499999999999997,10478.952849345855,6287.3717096075125
-0.0059999999999999984,0.012499999999999997,11015.312087028962,6609.1872522173771
-0.0054999999999999979,0.012499999999999997,11449.048131156616,6869.4288786939696
-0.005000000000000001,0.012499999999999997,11799.099932164367,7079.4599592986197
-0.0044999999999999971,0.012499999999999997,12092.811890527722,7255.6871343166331
-0.0040000000000000001,0.012499999999999997,12359.98283999247,7415.9897039954812
-0.0035000000000000031,0.012499999999999997,12626.201160760482,7575.7206964562884
-0.0029999999999999992,0.012499999999999997,12906.968649023407,7744.1811894140437
-0.0025000000000000022,0.012499999999999997,13204.026033191809,7922.4156199150848
-0.0019999999999999983,0.012499999999999997,13504.832507635052,8102.8995045810307
-0.0015000000000000013,0.012499999999999997,13785.418672931939,8271.2512037591623
-0.00099999999999999742,0.012499999999999997,14016.006514071527,8409.6039084429158
-0.00050000000000000044,0.012499999999999997,14168.085918951241,8500.8515513707443
0,0.012499999999999997,14221.245147196199,8532.7470883177193
0.00050000000000000044,0.012499999999999997,14168.085018397234,8500.8510110383395
0.0010000000000000009,0.012499999999999997,14016.004388124449,8409.6026328746684
0.0015000000000000013,0.012499999999999997,13785.414597529181,8271.2487585175077
0.0020000000000000018,0.012499999999999997,13504.825206280926,8102.8951237685551
0.0024999999999999988,0.012499999999999997,13204.013438282722,7922.4080629696327
0.0030000000000000027,0.012499999999999997,12906.947573348954,7744.1685440093725
0.0034999999999999996,0.012499999999999997,12626.166883653214,7575.7001301919281
0.0040000000000000036,0.012499999999999997,12359.928629408822,7415.9571776452922
0.0045000000000000005,0.012499999999999997,12092.72850715845,7255.6371042950695
0.0049999999999999975,0.012499999999999997,11798.975192212827,7079.3851153276964
0.0055000000000000014,0.012499999999999997,11448.866635381595,6869.3199812289567
0.0059999999999999984,0.012499999999999997,11015.05524662085,6609.0331479725101
0.0064999999999999988,0.012499999999999997,10478.599343706117,6287.1596062236704
0.0069999999999999993,0.012499999999999997,9832.9744357920845,5899.7846614752507
0.0074999999999999997,0.012499999999999997,9085.4602980476811,5451.2761788286089
0.0080000000000000002,0.012499999999999997,8255.8680311632652,4953.5208186979589
0.0085000000000000006,0.012499999999999997,7373.1533729964758,4423.8920237978855
0.0090000000000000011,0.012499999999999997,6470.8428729215184,3882.5057237529109
0.0095000000000000015,0.012499999999999997,5582.3121120042888,3349.3872672025732
0.010000000000000002,0.012499999999999997,4736.8128971486367,2842.0877382891817
0.010500000000000002,0.012499999999999997,3956.8266284990868,2374.0959770994518
0.011000000000000003,0.012499999999999997,3256.9342875206557,1954.1605725123934
0.011500000000000003,0.012499999999999997,2644.047070413043,1586.4282422478257
0.012000000000000004,0.012499999999999997,2118.6106773294787,1271.1664063976871
0.012499999999999997,0.012499999999999997,1676.3091867818873,1005.7855120691323
0.013000000000000005,0.012499999999999997,1309.8355782041453,785.90134692248716
0.013499999999999998,0.012499999999999997,1010.4202055948349,606.25212335690094
0.014000000000000005,0.012499999999999997,768.9614001323971,461.37684007943824
0.014499999999999999,0.012499999999999997,576.73778632736207,346.04267179641721
0.014999999999999999,0.012499999999999997,425.77257217709086,255.46354330625451
0.0155,0.012499999999999997,308.95948667250002,185.37569200350001
0.016000000000000007,0.012499999999999997,220.05754601957915,132.03452761174748
0.016500000000000001,0.012499999999999997,153.63465242594447,92.180791455566677
0.017000000000000001,0.012499999999999997,105.00555340039227,63.003332040235364
0.017500000000000002,0.012499999999999997,70.180414557459855,42.108248734475914
0.017999999999999995,0.012499999999999997,45.822053319917885,27.493231991950729
0.018500000000000003,0.012499999999999997,29.202905865917153,17.521743519550292
0.019000000000000003,0.012499999999999997,18.153810493566027,10.892286296139616
0.019500000000000003,0.012499999999999997,11.001454544582177,6.6008727267493059
0.019999999999999997,0.012499999999999997,6.4963493747023549,3.8978096248214129
0.020499999999999997,0.012499999999999997,3.7364649049909513,2.2418789429945707
0.021000000000000005,0.012499999999999997,2.0926298994448742,1.2555779396669244
0.021500000000000005,0.012499999999999997,1.1409279971890882,0.68455679831345295
0.021999999999999999,0.012499999999999997,0.60544437891403247,0.36326662734841947
0.022499999999999999,0.012499999999999997,0.31266105405400874,0.18759663243240524
0.023000000000000007,0.012499999999999997,0.15711010094015931,0.094266060564095588
0.023500000000000007,0.012499999999999997,0.076811029403662565,0.046086617642197535
0.024,0.012499999999999997,0.036534184595430293,0.021920510757258174
0.024500000000000001,0.012499999999999997,0.016904634728719274,0.010142780837231564
0.025000000000000001,0.012499999999999997,0.0076089092397891491,0.0045653455438734889
-0.025000000000000001,0.013000000000000005,0.0053109315934074565,0.003186558956044474
-0.024500000000000001,0.013000000000000005,0.011786281716916971,0.0070717690301501821
-0.024,0.013000000000000005,0.025448322707995671,0.015268993624797403
-0.0235,0.013000000000000005,0.053461312946022695,0.032076787767613614
-0.023,0.013000000000000005,0.10928167594860255,0.065569005569161523
-0.022500000000000003,0.013000000000000005,0.21738050625297786,0.13042830375178671
-0.022000000000000002,0.013000000000000005,0.42083221523182712,0.25249932913909628
-0.021500000000000002,0.013000000000000005,0.79300562335518221,0.47580337401310929
-0.021000000000000001,0.013000000000000005,1.4548018345150413,0.8728811007090248
-0.020500000000000001,0.013000000000000005,2.5989315992353812,1.5593589595412287
-0.02,0.013000000000000005,4.5225063805770169,2.7135038283462101
-0.0195,0.013000000000000005,7.6686562401965901,4.6011937441179542
-0.019,0.013000000000000005,12.677001742112228,7.606201045267337
-0.018500000000000003,0.013000000000000005,20.441772166016115,12.265063299609668
-0.018000000000000002,0.013000000000000005,32.17554194437345,19.305325166624069
-0.017500000000000002,0.013000000000000005,49.47644539350518,29.685867236103107
-0.017000000000000001,0.013000000000000005,74.397760501524502,44.638656300914697
-0.016500000000000001,0.013000000000000005,109.52096995416427,65.712581972498555
-0.016,0.013000000000000005,158.03607206821991,94.821643240931948
-0.0155,0.013000000000000005,223.8342241151515,134.30053446909091
-0.015000000000000001,0.013000000000000005,311.61499130584212,186.96899478350528
-0.014500000000000001,0.013000000000000005,427.00054800314058,256.20032880188433
-0.014,0.013000000000000005,576.63034168047079,345.97820500828249
-0.0135,0.013000000000000005,768.1832965459696,460.90997792758174
-0.012999999999999999,0.013000000000000005,1010.2466862602203,606.14801175613218
-0.012500000000000001,0.013000000000000005,1311.9326239368172,787.15957436209032
-0.012,0.013000000000000005,1682.1493644920702,1009.2896186952421
-0.0115,0.013000000000000005,2128.4788450795304,1277.0873070477182
-0.010999999999999999,0.013000000000000005,2655.7000568847425,1593.4200341308454
-0.010499999999999999,0.013000000000000005,3264.1217808253464,1958.4730684952078
-0.010000000000000002,0.013000000000000005,3948.0220672433384,2368.8132403460031
-0.0095000000000000015,0.013000000000000005,4694.5942917510238,2816.7565750506142
-0.0090000000000000011,0.013000000000000005,5483.823462831192,3290.2940776987152
-0.0085000000000000006,0.013000000000000005,6289.6241039138731,3773.7744623483236
-0.0080000000000000002,0.013000000000000005,7082.351724538592,4249.4110347231554
-0.0074999999999999997,0.013000000000000005,7832.4821424227684,4699.4892854536611
-0.0069999999999999993,0.013000000000000005,8514.905876565912,5108.9435259395468
-0.0064999999999999988,0.013000000000000005,9113.0051811886024,5467.8031087131612
-0.0059999999999999984,0.013000000000000005,9621.5671617004027,5772.9402970202418
-0.0054999999999999979,0.013000000000000005,10047.705257502554,6028.6231545015316
-0.005000000000000001,0.013000000000000005,10409.322228835719,6245.5933373014313
-0.0044999999999999971,0.013000000000000005,10731.188419667284,6438.7130518003696
-0.0040000000000000001,0.013000000000000005,11039.304603775072,6623.5827622650431
-0.0035000000000000031,0.013000000000000005,11354.711502457632,6812.8269014745792
-0.0029999999999999992,0.013000000000000005,11688.15134876722,7012.8908092603315
-0.0025000000000000022,0.013000000000000005,12036.889603787697,7222.1337622726178
-0.0019999999999999983,0.013000000000000005,12384.56355338192,7430.7381320291515
-0.0015000000000000013,0.013000000000000005,12704.231074166928,7622.5386445001568
-0.00099999999999999742,0.013000000000000005,12964.015338804345,7778.4092032826065
-0.00050000000000000044,0.013000000000000005,13134.080470347393,7880.4482822084356
0,0.013000000000000005,13193.307974994612,7915.9847849967664
0.00050000000000000044,0.013000000000000005,13134.080026856705,7880.4480161140227
0.0010000000000000009,0.013000000000000005,12964.014291851334,7778.4085751107996
0.0015000000000000013,0.013000000000000005,12704.229067176611,7622.5374403059668
0.0020000000000000018,0.013000000000000005,12384.559957725756,7430.7359746354532
0.0024999999999999988,0.013000000000000005,12036.883401244764,7222.130040746858
0.0030000000000000027,0.013000000000000005,11688.140969750208,7012.8845818501241
0.0034999999999999996,0.013000000000000005,11354.694622206418,6812.8167733238506
0.0040000000000000036,0.013000000000000005,11039.277906998606,6623.5667441991636
0.0045000000000000005,0.013000000000000005,10731.147356335727,6438.6884138014357
0.0049999999999999975,0.013000000000000005,10409.260798864336,6245.5564793186013
0.0055000000000000014,0.013000000000000005,10047.615877314989,6028.5695263889929
0.0059999999999999984,0.013000000000000005,9621.4406769717734,5772.8644061830637
0.0064999999999999988,0.013000000000000005,9112.8310922855399,5467.6986553713241
0.0069999999999999993,0.013000000000000005,8514.6728312801024,5108.8036987680616
0.0074999999999999997,0.013000000000000005,7832.1787212986856,4699.3072327792115
0.0080000000000000002,0.013000000000000005,7081.9674978160474,4249.1804986896286
0.0085000000000000006,0.013000000000000005,6289.1508811981766,3773.4905287189058
0.0090000000000000011,0.013000000000000005,5483.2565975415773,3289.9539585249463
0.0095000000000000015,0.013000000000000005,4693.9338562490775,2816.3603137494465
0.010000000000000002,0.013000000000000005,3947.273695775948,2368.3642174655688
0.010500000000000002,0.013000000000000005,3263.2969966956753,1957.978198017405
0.011000000000000003,0.013000000000000005,2654.8159604590423,1592.8895762754253
0.011500000000000003,0.013000000000000005,2127.5571330870275,1276.5342798522165
0.012000000000000004,0.013000000000000005,1681.2147616314198,1008.7288569788518
0.012499999999999997,0.013000000000000005,1311.0109119443191,786.60654716659144
0.013000000000000005,0.013000000000000005,1009.3625898345192,605.61755390071153
0.013499999999999998,0.013000000000000005,767.35851241630053,460.41510744978029
0.014000000000000005,0.013000000000000005,575.88197021307428,345.52918212784454
0.014499999999999999,0.013000000000000005,426.34011250118226,255.80406750070935
0.014999999999999999,0.013000000000000005,311.04812601620318,186.62887560972192
0.0155,0.013000000000000005,223.36100139938316,134.01660083962989
0.016000000000000007,0.013000000000000005,157.65184534546268,94.591107207277602
0.016500000000000001,0.013000000000000005,109.217548829454,65.530529297672402
0.017000000000000001,0.013000000000000005,74.164715213891782,44.498829128335068
0.017500000000000002,0.013000000000000005,49.302356485278651,29.581413891167188
0.017999999999999995,0.013000000000000005,32.04905720151379,19.229434320908272
0.018500000000000003,0.013000000000000005,20.352391940298915,12.211435164179349
0.019000000000000003,0.013000000000000005,12.615571671240843,7.5693430027445059
0.019500000000000003,0.013000000000000005,7.6275926563439249,4.5765555938063551
0.019999999999999997,0.013000000000000005,4.495808981827877,2.6974853890967263
0.020499999999999997,0.013000000000000005,2.5820498552212956,1.5492299131327774
0.021000000000000005,0.013000000000000005,1.4444193345714367,0.86665160074286196
0.021500000000000005,0.013000000000000005,0.78679517680127453,0.4720771060807647
0.021999999999999999,0.013000000000000005,0.41721911521043115,0.2503314691262587
0.022499999999999999,0.013000000000000005,0.21533607079627742,0.12920164247776644
0.023000000000000007,0.013000000000000005,0.10815654495361232,0.064893926972167393
0.023500000000000007,0.013000000000000005,0.052859073722373383,0.031715444233424026
0.024,0.013000000000000005,0.025134798376316669,0.015080879025790001
0.024500000000000001,0.013000000000000005,0.011627533181102099,0.0069765199086612596
0.025000000000000001,0.013000000000000005,0.0052327536087978703,0.0031396521652787223
-0.025000000000000001,0.013499999999999998,0.0035380927465244812,0.0021228556479146888
-0.024500000000000001,0.013499999999999998,0.0078563999513322769,0.0047138399707993663
-0.024,0.013499999999999998,0.016973334831733258,0.010184000899039954
-0.0235,0.013499999999999998,0.035680415605544046,0.021408249363326425
-0.023,0.013499999999999998,0.072987872690396499,0.043792723614237895
-0.022500000000000003,0.013499999999999998,0.14530475576838411,0.087182853461030468
-0.022000000000000002,0.013499999999999998,0.28156691823702223,0.16894015094221335
-0.021500000000000002,0.013499999999999998,0.53117546505849,0.31870527903509399
-0.021000000000000001,0.013499999999999998,0.97578152323821876,0.58546891394293121
-0.020500000000000001,0.013499999999999998,1.7460460022822288,1.0476276013693373
-0.02,0.013499999999999998,3.0444583466720947,1.8266750080032568
-0.0195,0.013499999999999998,5.1750835716854739,3.1050501430112845
-0.019,0.013499999999999998,8.5807518690090188,5.1484511214054107
-0.018500000000000003,0.013499999999999998,13.887836675604955,8.3327020053629735
-0.018000000000000002,0.013499999999999998,21.958614395938781,13.175168637563269
-0.017500000000000002,0.013499999999999998,33.951533406168956,20.370920043701371
-0.017000000000000001,0.013499999999999998,51.390702778321511,30.834421666992906
-0.016500000000000001,0.013499999999999998,76.247352682169208,45.74841160930152
-0.016,0.013499999999999998,111.03711524432291,66.622269146593737
-0.0155,0.013499999999999998,158.93616592131485,95.361699552788906
-0.015000000000000001,0.013499999999999998,223.91440342304088,134.34864205382453
-0.014500000000000001,0.013499999999999998,310.87285562563505,186.52371337538102
-0.014,0.013499999999999998,425.75455835362988,255.45273501217793
-0.0135,0.013499999999999998,575.57516350308083,345.34509810184846
-0.012999999999999999,0.013499999999999998,768.29730292668785,460.97838175601271
-0.012500000000000001,0.013499999999999998,1012.4610900052448,607.4766540031469
-0.012,0.013499999999999998,1316.4941834074066,789.89651004444397
-0.0115,0.013499999999999998,1687.6690804956197,1012.6014482973718
-0.010999999999999999,0.013499999999999998,2130.7563009089945,1278.4537805453967
-0.010499999999999999,0.013499999999999998,2646.5312415690451,1587.9187449414269
-0.010000000000000002,0.013499999999999998,3230.4063270100928,1938.2437962060555
-0.0095000000000000015,0.013499999999999998,3871.5427858980484,2322.9256715388287
-0.0090000000000000011,0.013499999999999998,4552.8080198152311,2731.6848118891385
-0.0085000000000000006,0.013499999999999998,5251.8543441397533,3151.1126064838518
-0.0080000000000000002,0.013499999999999998,5943.3957760207431,3566.0374656124459
-0.0074999999999999997,0.013499999999999998,6602.4783295205416,3961.4869977123249
-0.0069999999999999993,0.013499999999999998,7208.2374199546612,4324.9424519727963
-0.0064999999999999988,0.013499999999999998,7747.3979915209729,4648.4387949125839
-0.0059999999999999984,0.013499999999999998,8216.6837794730509,4930.0102676838305
-0.0054999999999999979,0.013499999999999998,8623.4192223274931,5174.0515333964959
-0.005000000000000001,0.013499999999999998,8983.9370826027389,5390.3622495616428
-0.0044999999999999971,0.013499999999999998,9319.8904188550623,5591.9342513130368
-0.0040000000000000001,0.013499999999999998,9653.097762987245,5791.858657792347
-0.0035000000000000031,0.013499999999999998,9999.9849559045142,5999.9909735427082
-0.0029999999999999992,0.013499999999999998,10366.895562492289,6220.1373374953737
-0.0025000000000000022,0.013499999999999998,10747.44316924934,6448.4659015496036
-0.0019999999999999983,0.013499999999999998,11122.670489289983,6673.6022935739902
-0.0015000000000000013,0.013499999999999998,11464.145403747811,6878.487242248686
-0.00099999999999999742,0.013499999999999998,11739.415029509097,7043.6490177054575
-0.00050000000000000044,0.013499999999999998,11918.638010571534,7151.1828063429202
0,0.013499999999999998,11980.885339190003,7188.5312035140014
0.00050000000000000044,0.013499999999999998,11918.637798151478,7151.1826788908866
0.0010000000000000009,0.013499999999999998,11739.414528046898,7043.6487168281392
0.0015000000000000013,0.013499999999999998,11464.144442453695,6878.4866654722164
0.0020000000000000018,0.013499999999999998,11122.668767067868,6673.60126024072
0.0024999999999999988,0.013499999999999998,10747.440198398925,6448.464119039355
0.0030000000000000027,0.013499999999999998,10366.890591223673,6220.134354734204
0.0034999999999999996,0.013499999999999998,9999.9768707204366,5999.9861224322622
0.0040000000000000036,0.013499999999999998,9653.084975952901,5791.8509855717402
0.0045000000000000005,0.013499999999999998,9319.870750629143,5591.9224503774858
0.0049999999999999975,0.013499999999999998,8983.9076593068366,5390.3445955841016
0.0055000000000000014,0.013499999999999998,8623.3764116335005,5174.0258469801001
0.0059999999999999984,0.013499999999999998,8216.6231967067906,4929.973918024074
0.0064999999999999988,0.013499999999999998,7747.3146076418525,4648.3887645851109
0.0069999999999999993,0.013499999999999998,7208.1257975617355,4324.8754785370411
0.0074999999999999997,0.013499999999999998,6602.3329990032717,3961.3997994019628
0.0080000000000000002,0.013499999999999998,5943.2117418059042,3565.9270450835425
0.0085000000000000006,0.013499999999999998,5251.627683249666,3150.9766099497997
0.0090000000000000011,0.013499999999999998,4552.536506663303,2731.5219039979816
0.0095000000000000015,0.013499999999999998,3871.2264551435196,2322.7358730861115
0.010000000000000002,0.013499999999999998,3230.0478773049381,1938.0287263829628
0.010500000000000002,0.013499999999999998,2646.1361922640126,1587.6817153584075
0.011000000000000003,0.013499999999999998,2130.3328426173152,1278.1997055703891
0.011500000000000003,0.013499999999999998,1687.2276053641522,1012.3365632184913
0.012000000000000004,0.013499999999999998,1316.0465338985236,789.62792033911421
0.012499999999999997,0.013499999999999998,1012.0196148737812,607.21176892426865
0.013000000000000005,0.013499999999999998,767.87384463500723,460.72430678100432
0.013499999999999998,0.013499999999999998,575.18011419804952,345.10806851882973
0.014000000000000005,0.013499999999999998,425.39610864846924,255.23766518908153
0.014499999999999999,0.013499999999999998,310.55652487109978,186.33391492265986
0.014999999999999999,0.013499999999999998,223.64289027109862,134.18573416265917
0.0155,0.013499999999999998,158.70950503119252,95.225703018715507
0.016000000000000007,0.013499999999999998,110.8530810293811,66.511848617628658
0.016500000000000001,0.013499999999999998,76.102022164598637,45.661213298759179
0.017000000000000001,0.013499999999999998,51.279080384523489,30.767448230714091
0.017500000000000002,0.013499999999999998,33.86814952457528,20.320889714745167
0.017999999999999995,0.013499999999999998,21.898031622863495,13.138818973718097
0.018500000000000003,0.013499999999999998,13.845025963343375,8.3070155780060251
0.019000000000000003,0.013499999999999998,8.5513285254542026,5.1307971152725216
0.019500000000000003,0.013499999999999998,5.155415224927113,3.0932491349562676
0.019999999999999997,0.013499999999999998,3.0316710142748997,1.8190026085649398
0.020499999999999997,0.013499999999999998,1.7379601031959231,1.0427760619175539
0.021000000000000005,0.013499999999999998,0.97080858639368806,0.58248515183621286
0.021500000000000005,0.013499999999999998,0.52820082902124599,0.31692049741274758
0.021999999999999999,0.013499999999999998,0.27983634098520782,0.16790180459112469
0.022499999999999999,0.013499999999999998,0.14432552644364441,0.086595315866186642
0.023000000000000007,0.013499999999999998,0.072448965354946993,0.043469379212968194
0.023500000000000007,0.013499999999999998,0.035391959295332065,0.021235175577199238
0.024,0.013499999999999998,0.016823165151104092,0.010093899090662455
0.024500000000000001,0.013499999999999998,0.0077803636934890598,0.0046682182160934357
0.025000000000000001,0.013499999999999998,0.0035006476049682183,0.0021003885629809309
-0.025000000000000001,0.014000000000000005,0.0022956709121857155,0.0013774025473114293
-0.024500000000000001,0.014000000000000005,0.0051002939760438157,0.0030601763856262895
-0.024,0.014000000000000005,0.011025378041333113,0.0066152268247998674
-0.0235,0.014000000000000005,0.023192307976478633,0.013915384785887179
-0.023,0.014000000000000005,0.047478545135167624,0.028487127081100572
-0.022500000000000003,0.014000000000000005,0.094605984284044098,0.056763590570426459
-0.022000000000000002,0.014000000000000005,0.18352275316565742,0.11011365189939444
-0.021500000000000002,0.014000000000000005,0.34666925678871802,0.20800155407323082
-0.021000000000000001,0.014000000000000005,0.63786017742157697,0.38271610645294618
-0.020500000000000001,0.014000000000000005,1.1436244650795067,0.68617467904770402
-0.02,0.014000000000000005,1.9989002076734106,1.1993401246040463
-0.0195,0.014000000000000005,3.4079745122429985,2.0447847073457992
-0.019,0.014000000000000005,5.6715244147152868,3.4029146488291722
-0.018500000000000003,0.014000000000000005,9.2206437661732554,5.5323862597039533
-0.018000000000000002,0.014000000000000005,14.658970544652913,8.7953823267917475
-0.017500000000000002,0.014000000000000005,22.814586962936108,13.688752177761664
-0.017000000000000001,0.014000000000000005,34.804249065786735,20.88254943947204
-0.016500000000000001,0.014000000000000005,52.113408119390627,31.268044871634373
-0.016,0.014000000000000005,76.69563438237698,46.017380629426185
-0.0155,0.014000000000000005,111.09313452261141,66.655880713566845
-0.015000000000000001,0.014000000000000005,158.57442243277373,95.144653459664241
-0.014500000000000001,0.014000000000000005,223.2744526462177,133.96467158773061
-0.014,0.014000000000000005,310.3064362785276,186.18386176711655
-0.0135,0.014000000000000005,425.79521855186613,255.47713113111968
-0.012999999999999999,0.014000000000000005,576.76473160478542,346.05883896287122
-0.012500000000000001,0.014000000000000005,770.80493190802133,462.48295914481275
-0.012,0.014000000000000005,1015.4565631850187,609.27393791101122
-0.0115,0.014000000000000005,1317.2930845701533,790.37585074209198
-0.010999999999999999,0.014000000000000005,1680.7501019256065,1008.4500611553639
-0.010499999999999999,0.014000000000000005,2106.8453733722313,1264.1072240233386
-0.010000000000000002,0.014000000000000005,2592.0265890977726,1555.2159534586635
-0.0095000000000000015,0.014000000000000005,3127.4494405549221,1876.4696643329532
-0.0090000000000000011,0.014000000000000005,3698.9920354683809,2219.3952212810286
-0.0085000000000000006,0.014000000000000005,4288.2288119542554,2572.9372871725532
-0.0080000000000000002,0.014000000000000005,4874.4132744658173,2924.6479646794901
-0.0074999999999999997,0.014000000000000005,5437.2781232571615,3262.3668739542968
-0.0069999999999999993,0.014000000000000005,5960.2065376634009,3576.1239225980403
-0.0064999999999999988,0.014000000000000005,6433.1312833343809,3859.8787700006283
-0.0059999999999999984,0.014000000000000005,6854.4505255002387,4112.6703153001426
-0.0054999999999999979,0.014000000000000005,7231.3586907192303,4338.8152144315382
-0.005000000000000001,0.014000000000000005,7578.2814639152366,4546.968878349142
-0.0044999999999999971,0.014000000000000005,7913.5266818879272,4748.1160091327565
-0.0040000000000000001,0.014000000000000005,8254.7210555622041,4952.8326333373225
-0.0035000000000000031,0.014000000000000005,8613.9751040298343,5168.3850624179004
-0.0029999999999999992,0.014000000000000005,8993.8924921960988,5396.3354953176595
-0.0025000000000000022,0.014000000000000005,9385.4450193524281,5631.2670116114568
-0.0019999999999999983,0.014000000000000005,9768.3687267662062,5861.0212360597234
-0.0015000000000000013,0.014000000000000005,10114.173127427834,6068.5038764566998
-0.00099999999999999742,0.014000000000000005,10391.228208310131,6234.7369249860785
-0.00050000000000000044,0.014000000000000005,10570.863440167966,6342.5180641007801
0,0.014000000000000005,10633.123580665273,6379.8741483991635
0.00050000000000000044,0.014000000000000005,10570.863341211818,6342.5180047270906
0.0010000000000000009,0.014000000000000005,10391.227974703335,6234.736784822001
0.0015000000000000013,0.014000000000000005,10114.172679607762,6068.5036077646573
0.0020000000000000018,0.014000000000000005,9768.3679244668692,5861.0207546801212
0.0024999999999999988,0.014000000000000005,9385.4436353780311,5631.2661812268188
0.0030000000000000027,0.014000000000000005,8993.8901763243666,5396.33410579462
0.0034999999999999996,0.014000000000000005,8613.9713375366773,5168.3828025220064
0.0040000000000000036,0.014000000000000005,8254.7150987061905,4952.8290592237145
0.0045000000000000005,0.014000000000000005,7913.5175194201738,4748.1105116521039
0.0049999999999999975,0.014000000000000005,7578.2677570358856,4546.9606542215315
0.0055000000000000014,0.014000000000000005,7231.3387473036619,4338.8032483821971
0.0059999999999999984,0.014000000000000005,6854.422302942482,4112.653381765489
0.0064999999999999988,0.014000000000000005,6433.0924388495587,3859.8554633097351
0.0069999999999999993,0.014000000000000005,5960.1545382314553,3576.0927229388731
0.0074999999999999997,0.014000000000000005,5437.2104208531528,3262.3262525118917
0.0080000000000000002,0.014000000000000005,4874.3275418956837,2924.59652513741
0.0085000000000000006,0.014000000000000005,4288.123221693917,2572.8739330163503
0.0090000000000000011,0.014000000000000005,3698.8655507255271,2219.3193304353163
0.0095000000000000015,0.014000000000000005,3127.3020774756051,1876.3812464853629
0.010000000000000002,0.014000000000000005,2591.8596048524055,1555.1157629114432
0.010500000000000002,0.014000000000000005,2106.6613391572896,1263.9968034943738
0.011000000000000003,0.014000000000000005,1680.5528333485529,1008.3317000091317
0.011500000000000003,0.014000000000000005,1317.0874228256548,790.25245369539289
0.012000000000000004,0.014000000000000005,1015.2480250990463,609.14881505942776
0.012499999999999997,0.014000000000000005,770.59927016352628,462.35956209811576
0.013000000000000005,0.014000000000000005,576.56746302773183,345.94047781663909
0.013499999999999998,0.014000000000000005,425.61118433692604,255.36671060215562
0.014000000000000005,0.014000000000000005,310.1394520331566,186.08367121989394
0.014499999999999999,0.014000000000000005,223.12708956689855,133.87625374013913
0.014999999999999999,0.014000000000000005,158.44793768991423,95.068762613948536
0.0155,0.014000000000000005,110.98754426225626,66.59252655735375
0.016000000000000007,0.014000000000000005,76.609901812194664,45.9659410873168
0.016500000000000001,0.014000000000000005,52.045705715241638,31.227423429144981
0.017000000000000001,0.014000000000000005,34.752249633435426,20.851349780061256
0.017500000000000002,0.014000000000000005,22.775742476963455,13.665445486178072
0.017999999999999995,0.014000000000000005,14.630747983722356,8.7784487902334138
0.018500000000000003,0.014000000000000005,9.2007003420948745,5.5204202052569249
0.019000000000000003,0.014000000000000005,5.6578175131638133,3.3946905078982881
0.019500000000000003,0.014000000000000005,3.3988119882016781,2.0392871929210066
0.019999999999999997,0.014000000000000005,1.9929432128149729,1.1957659276889836
0.020499999999999997,0.014000000000000005,1.1398576388340611,0.68391458330043664
0.021000000000000005,0.014000000000000005,0.63554352854641871,0.38132611712785119
0.021500000000000005,0.014000000000000005,0.34528351885455083,0.2071701113127305
0.021999999999999999,0.014000000000000005,0.1827165615792514,0.10962993694755084
0.022499999999999999,0.014000000000000005,0.094149809073177576,0.05648988544390654
0.023000000000000007,0.014000000000000005,0.047227494476067236,0.028336496685640339
0.023500000000000007,0.014000000000000005,0.023057930242057999,0.013834758145234799
0.024,0.014000000000000005,0.010955421306995146,0.0065732527841970874
0.024500000000000001,0.014000000000000005,0.0050648723898241146,0.0030389234338944688
0.025000000000000001,0.014000000000000005,0.0022782270459596977,0.0013669362275758187
-0.025000000000000001,0.014499999999999999,0.0014503573856047046,0.00087021443136282275
-0.024500000000000001,0.014499999999999999,0.0032239886941544185,0.001934393216492651
-0.024,0.014499999999999999,0.0069736405623847808,0.0041841843374308685
-0.0235,0.014499999999999999,0.014679941866450514,0.0088079651198703073
-0.023,0.014499999999999999,0.030078282272078097,0.018046969363246859
-0.022500000000000003,0.014499999999999999,0.059996830893617605,0.035998098536170559
-0.022000000000000002,0.014499999999999999,0.11653449215438284,0.069920695292629703
-0.021500000000000002,0.014499999999999999,0.22047658527096833,0.13228595116258099
-0.021000000000000001,0.014499999999999999,0.4064578792193449,0.24387472753160694
-0.020500000000000001,0.014499999999999999,0.73049263008007892,0.43829557804804736
-0.02,0.014499999999999999,1.2805935558140842,0.76835613348845044
-0.0195,0.014499999999999999,2.191304518075853,1.3147827108455117
-0.019,0.014499999999999999,3.6631088012693205,2.1978652807615924
-0.018500000000000003,0.014499999999999999,5.987909880215577,3.5927459281293461
-0.018000000000000002,0.014499999999999999,9.5821922795182068,5.7493153677109241
-0.017500000000000002,0.014499999999999999,15.030098226602586,9.0180589359615517
-0.017000000000000001,0.014499999999999999,23.13941387470943,13.883648324825657
-0.016500000000000001,0.014499999999999999,35.014007378091669,21.008404426855002
-0.016,0.014499999999999999,52.145901072056816,31.287540643234088
-0.0155,0.014499999999999999,76.527824799396129,45.916694879637674
-0.015000000000000001,0.014499999999999999,110.78154750722595,66.468928504335565
-0.014500000000000001,0.014499999999999999,158.28758473781363,94.972550842688179
-0.014,0.014499999999999999,223.28814717064262,133.97288830238557
-0.0135,0.014499999999999999,310.91943951745702,186.5516637104742
-0.012999999999999999,0.014499999999999999,427.11611745226787,256.26967047136071
-0.012500000000000001,0.014499999999999999,578.32663487880916,346.99598092728547
-0.012,0.014499999999999999,770.9910832068698,462.59464992412188
-0.0115,0.014499999999999999,1010.7689744134422,606.46138464806529
-0.010999999999999999,0.014499999999999999,1301.5641518169334,780.93849109016003
-0.010499999999999999,0.014499999999999999,1644.4702260502111,986.6821356301266
-0.010000000000000002,0.014499999999999999,2036.8355927496991,1222.1013556498194
-0.0095000000000000015,0.014499999999999999,2471.6974762829577,1483.0184857697745
-0.0090000000000000011,0.014499999999999999,2937.8330324158787,1762.6998194495272
-0.0085000000000000006,0.014499999999999999,3420.6029446466123,2052.3617667879671
-0.0080000000000000002,0.014499999999999999,3903.6164814833642,2342.1698888900182
-0.0074999999999999997,0.014499999999999999,4371.0472646892276,2622.6283588135366
-0.0069999999999999993,0.014499999999999999,4810.2200908119494,2886.1320544871696
-0.0064999999999999988,0.014499999999999999,5213.9303258366526,3128.3581955019913
-0.0059999999999999984,0.014499999999999999,5581.9074395870002,3349.1444637522
-0.0054999999999999979,0.014499999999999999,5920.9322004478518,3552.559320268711
-0.005000000000000001,0.014499999999999999,6243.3654802088586,3746.0192881253151
-0.0044999999999999971,0.014499999999999999,6564.20371505411,3938.5222290324659
-0.0040000000000000001,0.014499999999999999,6897.1607588939141,4138.2964553363481
-0.0035000000000000031,0.014499999999999999,7250.5862578020233,4350.3517546812136
-0.0029999999999999992,0.014499999999999999,7624.1716860263068,4574.5030116157841
-0.0025000000000000022,0.014499999999999999,8007.3076509526236,4804.3845905715743
-0.0019999999999999983,0.014499999999999999,8379.6383227152619,5027.7829936291573
-0.0015000000000000013,0.014499999999999999,8713.8731987308111,5228.3239192384863
-0.00099999999999999742,0.014499999999999999,8980.3771868088006,5388.2263120852804
-0.00050000000000000044,0.014499999999999999,9152.6050160934847,5491.5630096560908
0,0.014499999999999999,9212.1990816663929,5527.3194489998359
0.00050000000000000044,0.014499999999999999,9152.6049712575386,5491.5629827545226
0.0010000000000000009,0.014499999999999999,8980.3770809641246,5388.226248578475
0.0015000000000000013,0.014499999999999999,8713.8729958284548,5228.3237974970725
0.0020000000000000018,0.014499999999999999,8379.6379592022404,5027.7827755213439
0.0024999999999999988,0.014499999999999999,8007.307023889025,4804.384214333415
0.0030000000000000027,0.014499999999999999,7624.1706367302559,4574.502382038153
0.0034999999999999996,0.014499999999999999,7250.5845512453388,4350.3507307472028
0.0040000000000000036,0.014499999999999999,6897.1580599078734,4138.2948359447237
0.0045000000000000005,0.014499999999999999,6564.1995636405973,3938.5197381843582
0.0049999999999999975,0.014499999999999999,6243.3592697723643,3746.0155618634185
0.0055000000000000014,0.014499999999999999,5920.9231643052881,3552.5538985831727
0.0059999999999999984,0.014499999999999999,5581.8946522560391,3349.1367913536233
0.0064999999999999988,0.014499999999999999,5213.9127258271974,3128.3476354963182
0.0069999999999999993,0.014499999999999999,4810.1965304404303,2886.1179182642582
0.0074999999999999997,0.014499999999999999,4371.0165894735283,2622.609953684117
0.0080000000000000002,0.014499999999999999,3903.5776369974133,2342.146582198448
0.0085000000000000006,0.014499999999999999,3420.5551028593213,2052.3330617155925
0.0090000000000000011,0.014499999999999999,2937.7757235680388,1762.6654341408232
0.0095000000000000015,0.014499999999999999,2471.6307076901685,1482.978424614101
0.010000000000000002,0.014499999999999999,2036.7599340220661,1222.0559604132395
0.010500000000000002,0.014499999999999999,1644.3868421686168,986.63210530116999
0.011000000000000003,0.014499999999999999,1301.4747715912158,780.88486295472944
0.011500000000000003,0.014499999999999999,1010.675791335735,606.40547480144096
0.012000000000000004,0.014499999999999999,770.89659689043106,462.53795813425859
0.012499999999999997,0.014499999999999999,578.23345180110471,346.94007108066279
0.013000000000000005,0.014499999999999999,427.02673722655004,256.21604233593001
0.013499999999999998,0.014499999999999999,310.83605563586417,186.5016333815185
0.014000000000000005,0.014499999999999999,223.21248844300607,133.92749306580365
0.014499999999999999,0.014499999999999999,158.22081614502167,94.932489687013003
0.014999999999999999,0.014499999999999999,110.72423865938302,66.434543195629814
0.0155,0.014499999999999999,76.479983012097492,45.887989807258492
0.016000000000000007,0.014499999999999999,52.107056586083942,31.264233951650365
0.016500000000000001,0.014499999999999999,34.98333216232831,20.989999297396984
0.017000000000000001,0.014499999999999999,23.115853503006253,13.869512101803751
0.017500000000000002,0.014499999999999999,15.012498216626486,9.0074989299758919
0.017999999999999995,0.014499999999999999,9.5694049471210629,5.7416429682726378
0.018500000000000003,0.014499999999999999,5.9788737337987019,3.5873242402792211
0.019000000000000003,0.014499999999999999,3.6568983547154041,2.1941390128292424
0.019500000000000003,0.014499999999999999,2.1871530790621625,1.3122918474372975
0.019999999999999997,0.014499999999999999,1.277894506867731,0.76673670412063855
0.020499999999999997,0.014499999999999999,0.72878592247826579,0.43727155348695945
0.021000000000000005,0.014499999999999999,0.40540823105711588,0.24324493863426952
0.021500000000000005,0.014499999999999999,0.2198487226321677,0.13190923357930062
0.021999999999999999,0.014499999999999999,0.11616921560075875,0.069701529360455247
0.022499999999999999,0.014499999999999999,0.059790142915618787,0.035874085749371273
0.023000000000000007,0.014499999999999999,0.029964533975658628,0.017978720385395178
0.023500000000000007,0.014499999999999999,0.014619056790817469,0.0087714340744904813
0.024,0.014499999999999999,0.0069419439343714612,0.0041651663606228767
0.024500000000000001,0.014499999999999999,0.003207939562463629,0.0019247637374781774
0.025000000000000001,0.014499999999999999,0.0014424537613987912,0.00086547225683927473
-0.025000000000000001,0.014999999999999999,0.00089206154489964893,0.00053523692693978938
-0.024500000000000001,0.014999999999999999,0.0019841080388309372,0.0011904648232985624
-0.024,0.014999999999999999,0.0042946840607208207,0.0025768104364324923
-0.0235,0.014999999999999999,0.0090481129668945181,0.0054288677801367109
-0.023,0.014999999999999999,0.018557891640474118,0.01113473498428447
-0.022500000000000003,0.014999999999999999,0.03706360315988888,0.022238161895933327
-0.022000000000000002,0.014999999999999999,0.07210180783381287,0.043261084700287722
-0.021500000000000002,0.014999999999999999,0.13667455061711731,0.082004730370270382
-0.021000000000000001,0.014999999999999999,0.25256573578761726,0.15153944147257034
-0.020500000000000001,0.014999999999999999,0.45525483969461106,0.2731529038167666
-0.02,0.014999999999999999,0.80099336051283154,0.48059601630769888
-0.0195,0.014999999999999999,1.3767566831973941,0.82605400991843647
-0.019,0.014999999999999999,2.3139929203623688,1.3883957522174213
-0.018500000000000003,0.014999999999999999,3.8074049660526157,2.2844429796315695
-0.018000000000000002,0.014999999999999999,6.140463209061874,3.6842779254371241
-0.017500000000000002,0.014999999999999999,9.7199490378685862,5.8319694227211514
-0.017000000000000001,0.014999999999999999,15.122452136963821,9.0734712821782928
-0.016500000000000001,0.014999999999999999,23.156063844927669,13.893638306956602
-0.016,0.014999999999999999,34.939932675502234,20.963959605301341
-0.0155,0.014999999999999999,52.002033995740888,31.20122039744453
-0.015000000000000001,0.014999999999999999,76.390535507023515,45.834321304214107
-0.014500000000000001,0.014999999999999999,110.7859042093114,66.471542525586841
-0.014,0.014999999999999999,158.58967286996392,95.153803721978349
-0.0135,0.014999999999999999,223.95334408827188,134.37200645296312
-0.012999999999999999,0.014999999999999999,311.70093391268659,187.02056034761196
-0.012500000000000001,0.014999999999999999,427.09651375376376,256.25790825225823
-0.012,0.014999999999999999,575.41975122009308,345.25185073205586
-0.0115,0.014999999999999999,761.3423345126871,456.80540070761225
-0.010999999999999999,0.014999999999999999,988.14657909923505,592.88794745954101
-0.010499999999999999,0.014999999999999999,1256.8881757486056,754.13290544916333
-0.010000000000000002,0.014999999999999999,1565.6641556993541,939.39849341961235
-0.0095000000000000015,0.014999999999999999,1909.1850727364847,1145.5110436418909
-0.0090000000000000011,0.014999999999999999,2278.8463193872044,1367.3077916323225
-0.0085000000000000006,0.014999999999999999,2663.4324988513072,1598.0594993107843
-0.0080000000000000002,0.014999999999999999,3050.4693753563856,1830.2816252138314
-0.0074999999999999997,0.014999999999999999,3428.0771866521677,2056.8463119913004
-0.0069999999999999993,0.014999999999999999,3787.0126622390089,2272.2075973434053
-0.0064999999999999988,0.014999999999999999,4122.4625625981262,2473.4775375588756
-0.0059999999999999984,0.014999999999999999,4435.1159695145871,2661.0695817087521
-0.0054999999999999979,0.014999999999999999,4731.1269475830759,2838.6761685498454
-0.005000000000000001,0.014999999999999999,5020.785134468947,3012.4710806813682
-0.0044999999999999971,0.014999999999999999,5316.0049579411143,3189.6029747646685
-0.0040000000000000001,0.014999999999999999,5627.0582585527609,3376.2349551316565
-0.0035000000000000031,0.014999999999999999,5959.2267793456658,3575.5360676073992
-0.0029999999999999992,0.014999999999999999,6310.1623161755415,3786.0973897053245
-0.0025000000000000022,0.014999999999999999,6668.6646525375463,4001.1987915225277
-0.0019999999999999983,0.014999999999999999,7015.3193508821887,4209.191610529313
-0.0015000000000000013,0.014999999999999999,7325.0306438958341,4395.0183863375005
-0.00099999999999999742,0.014999999999999999,7571.0340415822129,4542.6204249493276
-0.00050000000000000044,0.014999999999999999,7729.5937410217039,4637.7562446130223
0,0.014999999999999999,7784.3850341637381,4670.6310204982428
0.00050000000000000044,0.014999999999999999,7729.5937212635599,4637.7562327581354
0.0010000000000000009,0.014999999999999999,7571.0339949389609,4542.6203969633762
0.0015000000000000013,0.014999999999999999,7325.030554481551,4395.0183326889301
0.0020000000000000018,0.014999999999999999,7015.3191906905759,4209.191514414345
0.0024999999999999988,0.014999999999999999,6668.6643762054136,4001.1986257232479
0.0030000000000000027,0.014999999999999999,6310.1618537755267,3786.0971122653159
0.0034999999999999996,0.014999999999999999,5959.2260273063994,3575.5356163838396
0.0040000000000000036,0.014999999999999999,5627.0570691732883,3376.234241503973
0.0045000000000000005,0.014999999999999999,5316.0031285111227,3189.6018771066733
0.0049999999999999975,0.014999999999999999,5020.7823976761083,3012.4694386056649
0.0055000000000000014,0.014999999999999999,4731.1229655682373,2838.6737793409425
0.0059999999999999984,0.014999999999999999,4435.1103344395287,2661.0662006637172
0.0064999999999999988,0.014999999999999999,4122.4548066892003,2473.4728840135199
0.0069999999999999993,0.014999999999999999,3787.0022797391462,2272.2013678434878
0.0074999999999999997,0.014999999999999999,3428.0636688083378,2056.8382012850025
0.0080000000000000002,0.014999999999999999,3050.4522575078959,1830.2713545047375
0.0085000000000000006,0.014999999999999999,2663.4114161043931,1598.0468496626359
0.0090000000000000011,0.014999999999999999,2278.8210647300652,1367.292638838039
0.0095000000000000015,0.014999999999999999,1909.1556493929324,1145.4933896357595
0.010000000000000002,0.014999999999999999,1565.6308146831236,939.37848880987417
0.010500000000000002,0.014999999999999999,1256.8514304392838,754.11085826357032
0.011000000000000003,0.014999999999999999,988.10719134253168,592.86431480551903
0.011500000000000003,0.014999999999999999,761.30127092883379,456.78076255730025
0.012000000000000004,0.014999999999999999,575.37811332967885,345.22686799780729
0.012499999999999997,0.014999999999999999,427.05545016991266,256.2332701019476
0.013000000000000005,0.014999999999999999,311.66154615598361,186.99692769359015
0.013499999999999998,0.014999999999999999,223.91659877895182,134.34995926737108
0.014000000000000005,0.014999999999999999,158.55633185373051,95.133799112238307
0.014499999999999999,0.014999999999999999,110.75648086575698,66.453888519454182
0.014999999999999999,0.014999999999999999,76.365280849881842,45.819168509929106
0.0155,0.014999999999999999,51.980951248822173,31.188570749293302
0.016000000000000007,0.014999999999999999,34.922814827002028,20.953688896201218
0.016500000000000001,0.014999999999999999,23.142546001069135,13.885527600641481
0.017000000000000001,0.014999999999999999,15.112069637020243,9.0672417822121449
0.017500000000000002,0.014999999999999999,9.7121931287137588,5.8273158772282549
0.017999999999999995,0.014999999999999999,6.1348281333693464,3.6808968800216078
0.018500000000000003,0.014999999999999999,3.8034229495188625,2.2820537697113172
0.019000000000000003,0.014999999999999999,2.3112561230907427,1.3867536738544455
0.019500000000000003,0.014999999999999999,1.3749272419700465,0.82495634518202787
0.019999999999999997,0.014999999999999999,0.79980395332154075,0.47988237199292444
0.020499999999999997,0.014999999999999999,0.45450273392129054,0.27270164035277433
0.021000000000000005,0.014999999999999999,0.25210318060714582,0.15126190836428749
0.021500000000000005,0.014999999999999999,0.13639786636552498,0.081838719819314981
0.021999999999999999,0.014999999999999999,0.07194083907469602,0.043164503444817613
0.022499999999999999,0.014999999999999999,0.036972520644428249,0.022183512386656948
0.023000000000000007,0.014999999999999999,0.018507765449935275,0.011104659269961166
0.023500000000000007,0.014999999999999999,0.0090212823505404771,0.0054127694103242863
0.024,0.014999999999999999,0.0042807161045821706,0.0025684296627493022
0.024500000000000001,0.014999999999999999,0.0019770355651461602,0.001186221339087696
0.025000000000000001,0.014999999999999999,0.00088857860418437213,0.00053314716251062321
-0.025000000000000001,0.0155,0.00053411643514816116,0.00032046986108889668
-0.024500000000000001,0.0155,0.0011887620509228019,0.00071325723055368109
-0.024,0.0155,0.0025752087302029483,0.0015451252381217689
-0.0235,0.0155,0.0054308974469806743,0.0032585384681884043
-0.023,0.0155,0.011152627085902461,0.0066915762515414763
-0.022500000000000003,0.0155,0.022307991973523299,0.013384795184113979
-0.022000000000000002,0.0155,0.043479558213836034,0.026087734928301621
-0.021500000000000002,0.0155,0.082613978079015896,0.049568386847409537
-0.021000000000000001,0.0155,0.15311364912679604,0.091868189476077625
-0.020500000000000001,0.0155,0.27699195294807699,0.16619517176884618
-0.02,0.0155,0.48952291254215197,0.29371374752529117
-0.0195,0.0155,0.84596834651580377,0.50758100790948224
-0.019,0.0155,1.4311856330505561,0.85871137983033363
-0.018500000000000003,0.0155,2.3732373543755414,1.4239424126253248
-0.018000000000000002,0.0155,3.8625593267631024,2.3175355960578612
-0.017500000000000002,0.0155,6.178769415553564,3.7072616493321382
-0.017000000000000001,0.0155,9.727692040988936,5.8366152245933618
-0.016500000000000001,0.0155,15.091351075154087,9.0548106450924521
-0.016,0.0155,23.093069443288506,13.855841665973104
-0.0155,0.0155,34.877761204340594,20.926656722604356
-0.015000000000000001,0.0155,52.003343433514118,31.20200606010847
-0.014500000000000001,0.0155,76.532541049987771,45.919524629992658
-0.014,0.0155,111.10552742633001,66.663316455798011
-0.0135,0.0155,158.96431822520751,95.378590935124507
-0.012999999999999999,0.0155,223.89252013787163,134.33551208272297
-0.012500000000000001,0.0155,310.03306194113918,186.01983716468351
-0.012,0.0155,421.55638167089279,252.93382900253567
-0.0115,0.0155,562.1754397012694,337.30526382076164
-0.010999999999999999,0.0155,734.54182954698285,440.72509772818972
-0.010499999999999999,0.0155,939.60406379820688,563.76243827892415
-0.010000000000000002,0.0155,1176.0540141539748,705.6324084923848
-0.0095000000000000015,0.0155,1440.0152981808005,864.00917890848029
-0.0090000000000000011,0.0155,1725.1222166860114,1035.0733300116067
-0.0085000000000000006,0.0155,2023.0884521174785,1213.8530712704871
-0.0080000000000000002,0.0155,2324.7704039141049,1394.8622423484628
-0.0074999999999999997,0.0155,2621.6044078938899,1572.9626447363339
-0.0069999999999999993,0.0155,2907.1681661447788,1744.3008996868673
-0.0064999999999999988,0.0155,3178.521716843034,1907.1130301058204
-0.0059999999999999984,0.0155,3436.9588602314329,2062.1753161388597
-0.0054999999999999979,0.0155,3687.8702018244985,2212.7221210946991
-0.005000000000000001,0.0155,3939.5847952640047,2363.7508771584025
-0.0044999999999999971,0.0155,4201.29137036458,2520.7748222187479
-0.0040000000000000001,0.0155,4480.3896324920261,2688.2337794952155
-0.0035000000000000031,0.0155,4779.8207621051979,2867.8924572631186
-0.0029999999999999992,0.0155,5096.0117882240684,3057.607072934441
-0.0025000000000000022,0.0155,5418.0019683751698,3250.8011810251019
-0.0019999999999999983,0.0155,5728.0995281713713,3436.8597169028226
-0.0015000000000000013,0.0155,6004.0856530143492,3602.4513918086095
-0.00099999999999999742,0.0155,6222.6162668146853,3733.5697600888111
-0.00050000000000000044,0.0155,6363.1640830008428,3817.8984498005057
0,0.0155,6411.6779261051433,3847.0067556630856
0.00050000000000000044,0.0155,6363.1640745324266,3817.8984447194557
0.0010000000000000009,0.0155,6222.6162468232051,3733.569748093923
0.0015000000000000013,0.0155,6004.0856146910437,3602.4513688146262
0.0020000000000000018,0.0155,5728.0994595126276,3436.8596757075766
0.0024999999999999988,0.0155,5418.001849938154,3250.8011099628925
0.0030000000000000027,0.0155,5096.0115900376413,3057.6069540225849
0.0034999999999999996,0.0155,4779.8204397782747,2867.8922638669646
0.0040000000000000036,0.0155,4480.3891227194063,2688.2334736316438
0.0045000000000000005,0.0155,4201.2905862638472,2520.7743517583081
0.0049999999999999975,0.0155,3939.5836222640678,2363.7501733584404
0.0055000000000000014,0.0155,3687.8684951176219,2212.7210970705733
0.0059999999999999984,0.0155,3436.956445016589,2062.1738670099535
0.0064999999999999988,0.0155,3178.5183926306381,1907.1110355783828
0.0069999999999999993,0.0155,2907.1637161654044,1744.2982296992425
0.0074999999999999997,0.0155,2621.5986140940327,1572.9591684564195
0.0080000000000000002,0.0155,2324.763067138404,1394.8578402830424
0.0085000000000000006,0.0155,2023.0794159710629,1213.8476495826376
0.0090000000000000011,0.0155,1725.111392442828,1035.0668354656968
0.0095000000000000015,0.0155,1440.0026872225876,864.00161233355254
0.010000000000000002,0.0155,1176.0397240661839,705.62383443971032
0.010500000000000002,0.0155,939.58831461730313,563.75298877038188
0.011000000000000003,0.0155,734.52494780296809,440.71496868178082
0.011500000000000003,0.0155,562.15783969129279,337.29470381477569
0.012000000000000004,0.0155,421.53853551091555,252.92312130654932
0.012499999999999997,0.0155,310.01546193116423,186.00927715869852
0.013000000000000005,0.0155,223.87563839385726,134.32538303631435
0.013499999999999998,0.0155,158.948569044305,95.369141426582999
0.014000000000000005,0.0155,111.09123733853771,66.654742403122626
0.014499999999999999,0.0155,76.519930091773773,45.911958055064261
0.014999999999999999,0.0155,51.992519190329972,31.195511514197982
0.0155,0.0155,34.868725057923761,20.921235034754257
0.016000000000000007,0.0155,23.085732667583404,13.851439600550043
0.016500000000000001,0.0155,15.085557275284618,9.0513343651707707
0.017000000000000001,0.0155,9.7232420615804358,5.8339452369482609
0.017500000000000002,0.0155,6.175445203059386,3.7052671218356314
0.017999999999999995,0.0155,3.8601441116479256,2.3160864669887551
0.018500000000000003,0.0155,2.3715306467737269,1.4229183880642362
0.019000000000000003,0.0155,1.4300126312137944,0.8580075787282766
0.019500000000000003,0.0155,0.84518424096944866,0.50711054458166915
0.019999999999999997,0.0155,0.48901312804532221,0.29340787682719333
0.020499999999999997,0.0155,0.27666959752091808,0.16600175851255083
0.021000000000000005,0.0155,0.15291539619738773,0.09174923771843263
0.021500000000000005,0.0155,0.082495390144613101,0.049497234086767858
0.021999999999999999,0.0155,0.043410566384567931,0.026046339830740759
0.022499999999999999,0.0155,0.022268953657079534,0.01336137219424772
0.023000000000000007,0.0155,0.011131142807844418,0.0066786856847066509
0.023500000000000007,0.0155,0.0054193977416166538,0.0032516386449699922
0.024,0.0155,0.0025692220104790147,0.0015415332062874087
0.024500000000000001,0.0155,0.0011857307614996848,0.00071143845689981085
0.025000000000000001,0.0155,0.00053262363336166777,0.00031957418001700064
-0.025000000000000001,0.016000000000000007,0.00031131303359600599,0.00018678782015760359
-0.024500000000000001,0.016000000000000007,0.00069342533884188338,0.00041605520330513003
-0.024,0.016000000000000007,0.0015036337908389315,0.00090218027450335888
-0.0235,0.016000000000000007,0.0031748946318282995,0.0019049367790969795
-0.023,0.016000000000000007,0.0065296946508230881,0.0039178167904938528
-0.022500000000000003,0.016000000000000007,0.013085685979240386,0.0078514115875442311
-0.022000000000000002,0.016000000000000007,0.0255648184539576,0.01533889107237456
-0.021500000000000002,0.016000000000000007,0.048716918112404167,0.0292301508674425
-0.021000000000000001,0.016000000000000007,0.090616806123111029,0.054370083673866615
-0.020500000000000001,0.016000000000000007,0.16466046219299471,0.098796277315796821
-0.02,0.016000000000000007,0.29257965461345747,0.17554779276807447
-0.0195,0.016000000000000007,0.50893065226753631,0.30535839136052179
-0.019,0.016000000000000007,0.86771125619351785,0.52062675371611067
-0.018500000000000003,0.016000000000000007,1.4520419849174777,0.87122519095048656
-0.018000000000000002,0.016000000000000007,2.3882188404519109,1.4329313042711465
-0.017500000000000002,0.016000000000000007,3.8658739618792803,2.3195243771275682
-0.017000000000000001,0.016000000000000007,6.1663562864283588,3.699813771857015
-0.016500000000000001,0.016000000000000007,9.7015384273173506,5.8209230563904102
-0.016,0.016000000000000007,15.064699069244924,9.0388194415469538
-0.0155,0.016000000000000007,23.093441320090871,13.856064792054523
-0.015000000000000001,0.016000000000000007,34.941310701222847,20.964786420733706
-0.014500000000000001,0.016000000000000007,52.149627032779158,31.289776219667495
-0.014,0.016000000000000007,76.704345091221739,46.022607054733044
-0.0135,0.016000000000000007,111.05568200610516,66.633409203663092
-0.012999999999999999,0.016000000000000007,158.07301029480126,94.843806176880761
-0.012500000000000001,0.016000000000000007,220.90720211270099,132.54432126762057
-0.012,0.016000000000000007,302.74050967259063,181.64430580355437
-0.0115,0.016000000000000007,406.42247077039235,243.85348246223541
-0.010999999999999999,0.016000000000000007,534.01904119133042,320.41142471479822
-0.010499999999999999,0.016000000000000007,686.33719391049419,411.80231634629649
-0.010000000000000002,0.016000000000000007,862.5203762870683,517.51222577224098
-0.0095000000000000015,0.016000000000000007,1059.8300716017695,635.89804296106172
-0.0090000000000000011,0.016000000000000007,1273.7234148207335,764.23404889244011
-0.0085000000000000006,0.016000000000000007,1498.2981427569382,898.97888565416292
-0.0080000000000000002,0.016000000000000007,1727.1038298799538,1036.2622979279722
-0.0074999999999999997,0.016000000000000007,1954.2229435722111,1172.5337661433266
-0.0069999999999999993,0.016000000000000007,2175.4281346589132,1305.2568807953478
-0.0064999999999999988,0.016000000000000007,2389.1516743285242,1433.4910045971144
-0.0059999999999999984,0.016000000000000007,2596.9868989320862,1558.1921393592518
-0.0054999999999999979,0.016000000000000007,2803.4981505649848,1682.0988903389909
-0.005000000000000001,0.016000000000000007,3015.2455083861573,1809.1473050316943
-0.0044999999999999971,0.016000000000000007,3239.1123558784025,1943.4674135270413
-0.0040000000000000001,0.016000000000000007,3480.2167544509239,2088.1300526705541
-0.0035000000000000031,0.016000000000000007,3739.8402467985557,2243.9041480791334
-0.0029999999999999992,0.016000000000000007,4013.8716865346132,2408.3230119207678
-0.0025000000000000022,0.016000000000000007,4292.2085343958497,2575.3251206375098
-0.0019999999999999983,0.016000000000000007,4559.3828155382707,2735.6296893229623
-0.0015000000000000013,0.016000000000000007,4796.416161012984,2877.8496966077905
-0.00099999999999999742,0.016000000000000007,4983.6184845377084,2990.1710907226247
-0.00050000000000000044,0.016000000000000007,5103.8014734586695,3062.2808840752018
0,0.016000000000000007,5145.247940787468,3087.1487644724807
0.00050000000000000044,0.016000000000000007,5103.8014699285077,3062.2808819571046
0.0010000000000000009,0.016000000000000007,4983.6184762040202,2990.171085722412
0.0015000000000000013,0.016000000000000007,4796.416145037454,2877.8496870224722
0.0020000000000000018,0.016000000000000007,4559.3827869170482,2735.629672150229
0.0024999999999999988,0.016000000000000007,4292.2084850239589,2575.3250910143752
0.0030000000000000027,0.016000000000000007,4013.8716039182186,2408.322962350931
0.0034999999999999996,0.016000000000000007,3739.8401124327052,2243.9040674596231
0.0040000000000000036,0.016000000000000007,3480.2165419460789,2088.1299251676473
0.0045000000000000005,0.016000000000000007,3239.1120290165859,1943.4672174099514
0.0049999999999999975,0.016000000000000007,3015.2450194070343,1809.1470116442206
0.0055000000000000014,0.016000000000000007,2803.4974391037076,1682.0984634622246
0.0059999999999999984,0.016000000000000007,2596.9858921207488,1558.1915352724493
0.0064999999999999988,0.016000000000000007,2389.1502885906302,1433.490173154378
0.0069999999999999993,0.016000000000000007,2175.4262796315238,1305.2557677789143
0.0074999999999999997,0.016000000000000007,1954.2205283571011,1172.5323170142606
0.0080000000000000002,0.016000000000000007,1727.100771456817,1036.2604628740901
0.0085000000000000006,0.016000000000000007,1498.2943759306936,898.97662555841612
0.0090000000000000011,0.016000000000000007,1273.7189026048595,764.23134156291565
0.0095000000000000015,0.016000000000000007,1059.8248145722589,635.8948887433553
0.010000000000000002,0.016000000000000007,862.51441929221085,517.50865157532644
0.010500000000000002,0.016000000000000007,686.33062867513434,411.79837720508061
0.011000000000000003,0.016000000000000007,534.01200383342484,320.40720230005491
0.011500000000000003,0.016000000000000007,406.41513399468698,243.84908039681218
0.012000000000000004,0.016000000000000007,302.73307028629898,181.63984217177938
0.012499999999999997,0.016000000000000007,220.89986533699681,132.53991920219809
0.013000000000000005,0.016000000000000007,158.06597293689558,94.839583762137337
0.013499999999999998,0.016000000000000007,111.049116770746,66.629470062447595
0.014000000000000005,0.016000000000000007,76.698388096363203,46.019032857817919
0.014499999999999999,0.016000000000000007,52.144370003268101,31.286622001960858
0.014999999999999999,0.016000000000000007,34.936798485347687,20.962079091208611
0.0155,0.016000000000000007,23.089674493845454,13.853804696307272
0.016000000000000007,0.016000000000000007,15.061640646106516,9.0369843876639102
0.016500000000000001,0.016000000000000007,9.6991232122021582,5.8194739273212948
0.017000000000000001,0.016000000000000007,6.1645012590246058,3.6987007554147633
0.017500000000000002,0.016000000000000007,3.8644882239451208,2.3186929343670726
0.017999999999999995,0.016000000000000007,2.3872120290010459,1.4323272174006274
0.018500000000000003,0.016000000000000007,1.4513305233395857,0.87079831400375141
0.019000000000000003,0.016000000000000007,0.86722227627875714,0.52033336576725431
0.019500000000000003,0.016000000000000007,0.50860378844584109,0.30516227306750465
0.019999999999999997,0.016000000000000007,0.2923671448185089,0.17542028689110534
0.020499999999999997,0.016000000000000007,0.16452608445857494,0.09871565067514497
0.021000000000000005,0.016000000000000007,0.09053416200655065,0.054320497203930389
0.021500000000000005,0.016000000000000007,0.048667483306559539,0.029200489983935721
0.021999999999999999,0.016000000000000007,0.025536058380667616,0.015321635028400568
0.022499999999999999,0.016000000000000007,0.013069412387802791,0.0078416474326816737
0.023000000000000007,0.016000000000000007,0.0065207386712804781,0.0039124432027682864
0.023500000000000007,0.016000000000000007,0.003170100841424538,0.0019020605048547228
0.024,0.016000000000000007,0.0015011381547635637,0.00090068289285813821
0.024500000000000001,0.016000000000000007,0.00069216170941073269,0.00041529702564643958
0.025000000000000001,0.016000000000000007,0.00031069074122830868,0.0001864144447369852
-0.025000000000000001,0.016500000000000001,0.00017664722003699431,0.00010598833202219659
-0.024500000000000001,0.016500000000000001,0.00039384758187555985,0.0002363085491253359
-0.024,0.016500000000000001,0.00085505336605558801,0.00051303201963335274
-0.0235,0.016500000000000001,0.0018081459268536901,0.0010848875561122141
-0.023,0.016500000000000001,0.0037257421933310779,0.0022354453159986465
-0.022500000000000003,0.016500000000000001,0.0074840004969636996,0.0044904002981782194
-0.022000000000000002,0.016500000000000001,0.014663743287886426,0.0087982459727318548
-0.021500000000000002,0.016500000000000001,0.02804445171032206,0.016826671026193236
-0.021000000000000001,0.016500000000000001,0.05239621740028743,0.031437730440172458
-0.020500000000000001,0.016500000000000001,0.095725219849821228,0.057435131909892731
-0.02,0.016500000000000001,0.17120313059877781,0.10272187835926669
-0.0195,0.016500000000000001,0.3001223025629734,0.18007338153778404
-0.019,0.016500000000000001,0.51638199099307902,0.3098291945958474
-0.018500000000000003,0.016500000000000001,0.8732398985433969,0.52394393912603809
-0.018000000000000002,0.016500000000000001,1.4533591326127038,0.87201547956762226
-0.017500000000000002,0.016500000000000001,2.3835121983978311,1.4301073190386986
-0.017000000000000001,0.016500000000000001,3.8555809454273073,2.3133485672563845
-0.016500000000000001,0.016500000000000001,6.1555381969151837,3.6933229181491098
-0.016,0.016500000000000001,9.7016382345275822,5.820982940716549
-0.0155,0.016500000000000001,15.091731554152947,9.0550389324917671
-0.015000000000000001,0.016500000000000001,23.157122301354406,13.894273380812644
-0.014500000000000001,0.016500000000000001,35.016553679728297,21.009932207836979
-0.014,0.016500000000000001,52.118993928888685,31.271396357333209
-0.0135,0.016500000000000001,76.258792154971189,45.755275292982709
-0.012999999999999999,0.016500000000000001,109.54311351696973,65.725868110181835
-0.012500000000000001,0.016500000000000001,154.29158889047872,92.57495333428723
-0.012,0.016500000000000001,212.8541760477124,127.71250562862744
-0.0115,0.016500000000000001,287.34691933122366,172.40815159873418
-0.010999999999999999,0.016500000000000001,379.32637089111313,227.59582253466786
-0.010499999999999999,0.016500000000000001,489.44889799933986,293.66933879960391
-0.010000000000000002,0.016500000000000001,617.18489173011665,370.31093503807
-0.0095000000000000015,0.016500000000000001,760.67167395336264,456.40300437201756
-0.0090000000000000011,0.016500000000000001,916.78406911448803,550.07044146869282
-0.0085000000000000006,0.016500000000000001,1081.4722760312266,648.88336561873587
-0.0080000000000000002,0.016500000000000001,1250.3628054098606,750.21768324591631
-0.0074999999999999997,0.016500000000000001,1419.5477835941656,851.72867015649933
-0.0069999999999999993,0.016500000000000001,1586.4167506832055,951.85005040992326
-0.0064999999999999988,0.016500000000000001,1750.3341743221674,1050.2005045933004
-0.0059999999999999984,0.016500000000000001,1912.9558610919437,1147.7735166551661
-0.0054999999999999979,0.016500000000000001,2078.0217266876411,1246.8130360125847
-0.005000000000000001,0.016500000000000001,2250.5612374145539,1350.3367424487324
-0.0044999999999999971,0.016500000000000001,2435.5852462510929,1461.3511477506556
-0.0040000000000000001,0.016500000000000001,2636.4832022429705,1581.8899213457823
-0.0035000000000000031,0.016500000000000001,2853.4589615127129,1712.0753769076277
-0.0029999999999999992,0.016500000000000001,3082.384992188619,1849.4309953131713
-0.0025000000000000022,0.016500000000000001,3314.4104687512336,1988.64628125074
-0.0019999999999999983,0.016500000000000001,3536.5228032510763,2121.9136819506457
-0.0015000000000000013,0.016500000000000001,3733.0594010294362,2239.8356406176617
-0.00099999999999999742,0.016500000000000001,3887.9431556639033,2332.7658933983421
-0.00050000000000000044,0.016500000000000001,3987.2280004573477,2392.3368002744087
0,0.016500000000000001,4021.4411839600002,2412.8647103759999
0.00050000000000000044,0.016500000000000001,3987.2279990260727,2392.3367994156433
0.0010000000000000009,0.016500000000000001,3887.9431522850768,2332.7658913710461
0.0015000000000000013,0.016500000000000001,3733.0593945522878,2239.8356367313727
0.0020000000000000018,0.016500000000000001,3536.522791646833,2121.9136749880995
0.0024999999999999988,0.016500000000000001,3314.4104487338018,1988.6462692402811
0.0030000000000000027,0.016500000000000001,3082.3849586924725,1849.4309752154834
0.0034999999999999996,0.016500000000000001,2853.4589070351713,1712.0753442211028
0.0040000000000000036,0.016500000000000001,2636.4831160846088,1581.8898696507651
0.0045000000000000005,0.016500000000000001,2435.5851137276263,1461.3510682365757
0.0049999999999999975,0.016500000000000001,2250.5610391619452,1350.336623497167
0.0055000000000000014,0.016500000000000001,2078.0214382314521,1246.8128629388711
0.0059999999999999984,0.016500000000000001,1912.9554528884746,1147.7732717330848
0.0064999999999999988,0.016500000000000001,1750.3336124860082,1050.2001674916048
0.0069999999999999993,0.016500000000000001,1586.415998577437,951.8495991464622
0.0074999999999999997,0.016500000000000001,1419.5468043648425,851.72808261890543
0.0080000000000000002,0.016500000000000001,1250.3615653970744,750.21693923824466
0.0085000000000000006,0.016500000000000001,1081.4707488021625,648.88244928129745
0.0090000000000000011,0.016500000000000001,916.78223967326119,550.06934380395671
0.0095000000000000015,0.016500000000000001,760.6695425335048,456.40172552010284
0.010000000000000002,0.016500000000000001,617.18247651500224,370.30948590900135
0.010500000000000002,0.016500000000000001,489.44623617806025,293.66774170683613
0.011000000000000003,0.016500000000000001,379.32351765158728,227.59411059095237
0.011500000000000003,0.016500000000000001,287.34394469518628,172.40636681711177
0.012000000000000004,0.016500000000000001,212.85115980904735,127.71069588542841
0.012499999999999997,0.016500000000000001,154.28861425444208,92.573168552665251
0.013000000000000005,0.016500000000000001,109.54026027744391,65.724156166466344
0.013499999999999998,0.016500000000000001,76.256130333692141,45.753678200215283
0.014000000000000005,0.016500000000000001,52.116578713773414,31.269947228264048
0.014499999999999999,0.016500000000000001,35.014422259870194,21.008653355922117
0.014999999999999999,0.016500000000000001,23.155292860127126,13.893175716076275
0.0155,0.016500000000000001,15.09020432508856,9.0541225950531352
0.016000000000000007,0.016500000000000001,9.7003982217412528,5.8202389330447515
0.016500000000000001,0.016500000000000001,6.1545589675904546,3.6927353805542724
0.017000000000000001,0.016500000000000001,3.8548288396539907,2.3128973037923943
0.017500000000000002,0.016500000000000001,2.3829503622230779,1.4297702173338467
0.017999999999999995,0.016500000000000001,1.4529509290986753,0.87177055745920518
0.018500000000000003,0.016500000000000001,0.87295144223318655,0.52377086533991191
0.019000000000000003,0.016500000000000001,0.51618373806366957,0.30971024283820175
0.019500000000000003,0.016500000000000001,0.2999897782849556,0.17999386697097336
0.019999999999999997,0.016500000000000001,0.17111697023082628,0.10267018213849577
0.020499999999999997,0.016500000000000001,0.095670737490338123,0.057402442494202871
0.021000000000000005,0.016500000000000001,0.052362710015399029,0.031417626009239419
0.021500000000000005,0.016500000000000001,0.028024408770361414,0.016814645262216849
0.021999999999999999,0.016500000000000001,0.014652082750085954,0.0087912496500515726
0.022499999999999999,0.016500000000000001,0.0074774025016737036,0.0044864415010042224
0.023000000000000007,0.016500000000000001,0.0037221110642673607,0.0022332666385604162
0.023500000000000007,0.016500000000000001,0.0018062023235239193,0.0010837213941143516
0.024,0.016500000000000001,0.00085404153070663916,0.0005124249184239835
0.024500000000000001,0.016500000000000001,0.00039333525360020347,0.00023600115216012207
0.025000000000000001,0.016500000000000001,0.00017639491665781499,0.00010583694999468899
-0.025000000000000001,0.017000000000000001,9.7593435371285436e-05,5.8556061222771258e-05
-0.024500000000000001,0.017000000000000001,0.0002178514264985359,0.00013071085589912154
-0.024,0.017000000000000001,0.00047366857167567631,0.00028420114300540579
-0.0235,0.017000000000000001,0.0010035222764573114,0.00060211336587438682
-0.023,0.017000000000000001,0.0020726235982271453,0.0012435741589362872
-0.022500000000000003,0.017000000000000001,0.0041754495453171373,0.0025052697271902825
-0.022000000000000002,0.017000000000000001,0.0082106302790435556,0.0049263781674261332
-0.021500000000000002,0.017000000000000001,0.015772482301282833,0.009463489380769699
-0.021000000000000001,0.017000000000000001,0.029627600486157514,0.017776560291694509
-0.020500000000000001,0.017000000000000001,0.054481769042044825,0.032689061425226894
-0.02,0.017000000000000001,0.098198870155000215,0.058919322093000125
-0.0195,0.017000000000000001,0.17371896757681674,0.10423138054609003
-0.019,0.017000000000000001,0.30204848832043418,0.1812290929922605
-0.018500000000000003,0.017000000000000001,0.51687045315846636,0.31012227189507979
-0.018000000000000002,0.017000000000000001,0.87154560063312458,0.52292736037987475
-0.017500000000000002,0.017000000000000001,1.449520177464193,0.86971210647851582
-0.017000000000000001,0.017000000000000001,2.3793542984770015,1.4276125790862009
-0.016500000000000001,0.017000000000000001,3.8556062632557699,2.3133637579534621
-0.016,0.017000000000000001,6.1664555694266117,3.6998733416559668
-0.0155,0.017000000000000001,9.7279761866556989,5.8367857119934188
-0.015000000000000001,0.017000000000000001,15.12315545880727,9.0738932752843624
-0.014500000000000001,0.017000000000000001,23.141001576355059,13.884600945813036
-0.014,0.017000000000000001,34.807595651107448,20.884557390664469
-0.0135,0.017000000000000001,51.397371557610249,30.838422934566147
-0.012999999999999999,0.017000000000000001,74.410415411198443,44.646249246719066
-0.012500000000000001,0.017000000000000001,105.5017484795918,63.301049087755075
-0.012,0.017000000000000001,146.35303049339001,87.811818296034005
-0.0115,0.017000000000000001,198.48697502091721,119.09218501255032
-0.010999999999999999,0.017000000000000001,263.03977342512883,157.82386405507728
-0.010499999999999999,0.017000000000000001,340.5247924026487,204.31487544158921
-0.010000000000000002,0.017000000000000001,430.63740456900729,258.38244274140436
-0.0095000000000000015,0.017000000000000001,532.16010331788266,319.29606199072958
-0.0090000000000000011,0.017000000000000001,643.02296190818004,385.81377714490799
-0.0085000000000000006,0.017000000000000001,760.55290877408413,456.33174526445049
-0.0080000000000000002,0.017000000000000001,881.90628956089165,529.14377373653497
-0.0074999999999999997,0.017000000000000001,1004.6285670464308,602.77714022785847
-0.0069999999999999993,0.017000000000000001,1127.2342576124311,676.34055456745864
-0.0064999999999999988,0.017000000000000001,1249.6644451449895,749.79866708699365
-0.0059999999999999984,0.017000000000000001,1373.4733040214376,824.0839824128625
-0.0054999999999999979,0.017000000000000001,1501.6286857568773,900.9772114541264
-0.005000000000000001,0.017000000000000001,1637.8850877458754,982.73105264752519
-0.0044999999999999971,0.017000000000000001,1785.7884789261518,1071.473087355691
-0.0040000000000000001,0.017000000000000001,1947.4789708628809,1168.4873825177285
-0.0035000000000000031,0.017000000000000001,2122.5406137198838,1273.5243682319303
-0.0029999999999999992,0.017000000000000001,2307.1805858767671,1384.3083515260603
-0.0025000000000000022,0.017000000000000001,2493.9855439937082,1496.3913263962249
-0.0019999999999999983,0.017000000000000001,2672.4002696690927,1603.4401618014556
-0.0015000000000000013,0.017000000000000001,2829.9214385912915,1697.9528631547748
-0.00099999999999999742,0.017000000000000001,2953.8318945245705,1772.2991367147422
-0.00050000000000000044,0.017000000000000001,3033.1606023717154,1819.8963614230292
0,0.017000000000000001,3060.4791356288347,1836.2874813773008
0.00050000000000000044,0.017000000000000001,3033.1606018073144,1819.8963610843887
0.0010000000000000009,0.017000000000000001,2953.8318931921822,1772.2991359153093
0.0015000000000000013,0.017000000000000001,2829.9214360371279,1697.9528616222767
0.0020000000000000018,0.017000000000000001,2672.4002650931379,1603.4401590558828
0.0024999999999999988,0.017000000000000001,2493.9855361001437,1496.3913216600861
0.0030000000000000027,0.017000000000000001,2307.1805726680773,1384.3083436008462
0.0034999999999999996,0.017000000000000001,2122.5405922375057,1273.5243553425034
0.0040000000000000036,0.017000000000000001,1947.4789368876588,1168.4873621325953
0.0045000000000000005,0.017000000000000001,1785.788426667566,1071.4730560005396
0.0049999999999999975,0.017000000000000001,1637.8850095680173,982.73100574081036
0.0055000000000000014,0.017000000000000001,1501.6285720086275,900.9771432051765
0.0059999999999999984,0.017000000000000001,1373.4731430526954,824.08388583161718
0.0064999999999999988,0.017000000000000001,1249.6642235935656,749.79853415613934
0.0069999999999999993,0.017000000000000001,1127.2339610311221,676.3403766186733
0.0074999999999999997,0.017000000000000001,1004.6281809024518,602.77690854147113
0.0080000000000000002,0.017000000000000001,881.90580058097657,529.14348034858597
0.0085000000000000006,0.017000000000000001,760.55230653486035,456.33138392091621
0.0090000000000000011,0.017000000000000001,643.0222404962517,385.81334429775103
0.0095000000000000015,0.017000000000000001,532.1592628253394,319.29555769520363
0.010000000000000002,0.017000000000000001,430.63645216618215,258.3818712997093
0.010500000000000002,0.017000000000000001,340.52374275448614,204.31424565269168
0.011000000000000003,0.017000000000000001,263.03864829413368,157.8231889764802
0.011500000000000003,0.017000000000000001,198.4858020190801,119.09148121144806
0.012000000000000004,0.017000000000000001,146.35184108619859,87.811104651719148
0.012499999999999997,0.017000000000000001,105.5005754777554,63.30034528665324
0.013000000000000005,0.017000000000000001,74.409290280203251,44.645574168121946
0.013499999999999998,0.017000000000000001,51.396321909448154,30.83779314566889
0.014000000000000005,0.017000000000000001,34.806643248282043,20.883985948969226
0.014499999999999999,0.017000000000000001,23.140161083811758,13.884096650287054
0.014999999999999999,0.017000000000000001,15.122434046878935,9.0734604281273601
0.0155,0.017000000000000001,9.7273739474320617,5.8364243684592365
0.016000000000000007,0.017000000000000001,6.1659665895118279,3.6995799537070964
0.016500000000000001,0.017000000000000001,3.8552201192764306,2.3131320715658581
0.017000000000000001,0.017000000000000001,2.3790577171667215,1.4274346303000329
0.017500000000000002,0.017000000000000001,1.4492986260351479,0.86957917562108877
0.017999999999999995,0.017000000000000001,0.87138463187401449,0.52283077912440867
0.018500000000000003,0.017000000000000001,0.51675670486204794,0.31005402291722878
0.019000000000000003,0.017000000000000001,0.30197031033582378,0.18118218620149426
0.019500000000000003,0.017000000000000001,0.17366670867200132,0.10420002520320079
0.019999999999999997,0.017000000000000001,0.098164894142944478,0.058898936485766683
0.020499999999999997,0.017000000000000001,0.054460284763987149,0.032676170858392285
0.021000000000000005,0.017000000000000001,0.029614387365786785,0.017768632419472071
0.021500000000000005,0.017000000000000001,0.015764578677076868,0.0094587472062461209
0.021999999999999999,0.017000000000000001,0.0082060321258287505,0.0049236192754972498
0.022499999999999999,0.017000000000000001,0.0041728477276503136,0.002503708636590188
0.023000000000000007,0.017000000000000001,0.0020711917184919621,0.0012427150310951771
0.023500000000000007,0.017000000000000001,0.0010027558464647962,0.00060165350787887769
0.024,0.017000000000000001,0.00047326957001363922,0.00028396174200818352
0.024500000000000001,0.017000000000000001,0.00021764939774594473,0.00013058963864756684
0.025000000000000001,0.017000000000000001,9.7493943425550663e-05,5.8496366055330393e-05
-0.025000000000000001,0.017500000000000002,5.2507848696007329e-05,3.1504709217604399e-05
-0.024500000000000001,0.017500000000000002,0.00011738432257659499,7.0430593545956987e-05
-0.024,0.017500000000000002,0.00025570171832507878,0.00015342103099504726
-0.0235,0.017500000000000002,0.00054299722904122124,0.00032579833742473271
-0.023,0.017500000000000002,0.0011247356281167905,0.00067484137687007434
-0.022500000000000003,0.017500000000000002,0.002274014736397894,0.0013644088418387364
-0.022000000000000002,0.017500000000000002,0.0044914435474508723,0.0026948661284705235
-0.021500000000000002,0.017500000000000002,0.0086746318892057979,0.0052047791335234784
-0.021000000000000001,0.017500000000000002,0.016401138546209094,0.0098406831277254563
-0.020500000000000001,0.017500000000000002,0.030394640185177277,0.018236784111106366
-0.02,0.017500000000000002,0.055284690650007025,0.033170814390004216
-0.0195,0.017500000000000002,0.098832710373336199,0.059299626224001714
-0.019,0.017500000000000002,0.17388863189530668,0.104333179137184
-0.018500000000000003,0.017500000000000002,0.30146977917209539,0.18088186750325722
-0.018000000000000002,0.017500000000000002,0.51551394619606561,0.30930836771763937
-0.017500000000000002,0.017500000000000002,0.87003245980024591,0.52201947588014752
-0.017000000000000001,0.017500000000000002,1.4495262481638,0.86971574889827996
-0.016500000000000001,0.017500000000000002,2.3835366856497582,1.430122011389855
-0.016,0.017500000000000002,3.8659460556275351,2.3195676333765212
-0.0155,0.017500000000000002,6.1789530049577035,3.7073718029746221
-0.015000000000000001,0.017500000000000002,9.720375473442127,5.8322252840652764
-0.014500000000000001,0.017500000000000002,15.031023227242361,9.0186139363454156
-0.014,0.017500000000000002,22.816484191228028,13.689890514736817
-0.0135,0.017500000000000002,33.955239863648494,20.373143918189097
-0.012999999999999999,0.017500000000000002,49.483374004236254,29.690024402541752
-0.012500000000000001,0.017500000000000002,70.546350097576919,42.327810058546149
-0.012,0.017500000000000002,98.311518248810955,58.986910949286568
-0.0115,0.017500000000000002,133.84188687765456,80.305132126592738
-0.010999999999999999,0.017500000000000002,177.94206323146847,106.76523793888107
-0.010499999999999999,0.017500000000000002,230.99958555200308,138.59975133120184
-0.010000000000000002,0.017500000000000002,292.85611932621015,175.71367159572608
-0.0095000000000000015,0.017500000000000002,362.74906880375113,217.64944128225068
-0.0090000000000000011,0.017500000000000002,439.36087775371118,263.6165266522267
-0.0085000000000000006,0.017500000000000002,520.99785876367378,312.59871525820427
-0.0080000000000000002,0.017500000000000002,605.8929260008257,363.53575560049541
-0.0074999999999999997,0.017500000000000002,692.59122274794947,415.55473364876968
-0.0069999999999999993,0.017500000000000002,780.34241253585219,468.2054475215113
-0.0064999999999999988,0.017500000000000002,869.39896888841645,521.63938133304987
-0.0059999999999999984,0.017500000000000002,961.11658892120829,576.66995335272497
-0.0054999999999999979,0.017500000000000002,1057.7776675297991,634.66660051787949
-0.005000000000000001,0.017500000000000002,1162.1116328951414,697.26697973708485
-0.0044999999999999971,0.017500000000000002,1276.5584694970271,765.93508169821621
-0.0040000000000000001,0.017500000000000002,1402.3978368658334,841.43870211950002
-0.0035000000000000031,0.017500000000000002,1538.9253478147673,923.35520868886033
-0.0029999999999999992,0.017500000000000002,1682.8803200694213,1009.7281920416527
-0.0025000000000000022,0.017500000000000002,1828.3032355269518,1096.9819413161711
-0.0019999999999999983,0.017500000000000002,1966.9257307183707,1180.1554384310223
-0.0015000000000000013,0.017500000000000002,2089.0845452953877,1253.4507271772325
-0.00099999999999999742,0.017500000000000002,2185.0285775498633,1311.0171465299179
-0.00050000000000000044,0.017500000000000002,2246.3859304050825,1347.8315582430494
0,0.017500000000000002,2267.503844627216,1360.5023067763295
0.00050000000000000044,0.017500000000000002,2246.3859301886173,1347.8315581131703
0.0010000000000000009,0.017500000000000002,2185.02857703885,1311.01714622331
0.0015000000000000013,0.017500000000000002,2089.084544315785,1253.4507265894711
0.0020000000000000018,0.017500000000000002,1966.925728963347,1180.1554373780082
0.0024999999999999988,0.017500000000000002,1828.3032324995208,1096.9819394997126
0.0030000000000000027,0.017500000000000002,1682.8803150034712,1009.7281890020827
0.0034999999999999996,0.017500000000000002,1538.9253395755977,923.35520374535861
0.0040000000000000036,0.017500000000000002,1402.3978238352624,841.4386943011574
0.0045000000000000005,0.017500000000000002,1276.5584494542088,765.93506967252529
0.0049999999999999975,0.017500000000000002,1162.1116029114644,697.26696174687856
0.0055000000000000014,0.017500000000000002,1057.7776239037539,634.66657434225237
0.0059999999999999984,0.017500000000000002,961.1165271846138,576.66991631076826
0.0064999999999999988,0.017500000000000002,869.39888391645047,521.63933034987031
0.0069999999999999993,0.017500000000000002,780.34229878755627,468.20537927253372
0.0074999999999999997,0.017500000000000002,692.59107464954195,415.55464478972516
0.0080000000000000002,0.017500000000000002,605.89273846158972,363.53564307695382
0.0085000000000000006,0.017500000000000002,520.99762778591708,312.59857667155023
0.0090000000000000011,0.017500000000000002,439.36060106945973,263.61636064167584
0.0095000000000000015,0.017500000000000002,362.74874644832425,217.64924786899454
0.010000000000000002,0.017500000000000002,292.85575404965675,175.71345242979405
0.010500000000000002,0.017500000000000002,230.99918297879205,138.59950978727522
0.011000000000000003,0.017500000000000002,177.94163170820798,106.76497902492478
0.011500000000000003,0.017500000000000002,133.84143699441512,80.304862196649069
0.012000000000000004,0.017500000000000002,98.311062073600084,58.98663724416005
0.012499999999999997,0.017500000000000002,70.545900214337777,42.327540128602664
0.013000000000000005,0.017500000000000002,49.482942480975957,29.689765488585572
0.013499999999999998,0.017500000000000002,33.954837290438007,20.372902374262804
0.014000000000000005,0.017500000000000002,22.816118914674369,13.689671348804621
0.014499999999999999,0.017500000000000002,15.030700871815279,9.0184205230891674
0.014999999999999999,0.017500000000000002,9.7200987891905815,5.8320592735143491
0.0155,0.017500000000000002,6.1787220272010224,3.7072332163206134
0.016000000000000007,0.017500000000000002,3.8657585163917019,2.3194551098350211
0.016500000000000001,0.017500000000000002,2.3833885872420049,1.4300331523452028
0.017000000000000001,0.017500000000000002,1.4494124998673823,0.86964749992042933
0.017500000000000002,0.017500000000000002,0.86994748783219167,0.521968492699315
0.017999999999999995,0.017500000000000002,0.51545220959470173,0.30927132575682104
0.018500000000000003,0.017500000000000002,0.30142615310905796,0.18085569186543476
0.019000000000000003,0.017500000000000002,0.17385864816990457,0.10431518890194273
0.019500000000000003,0.017500000000000002,0.098812667433375398,0.059287600460025236
0.019999999999999997,0.017500000000000002,0.055271659776663304,0.033162995865997982
0.020499999999999997,0.017500000000000002,0.030386400286221794,0.018231840171733075
0.021000000000000005,0.017500000000000002,0.016396070897370715,0.0098376425384224288
0.021500000000000005,0.017500000000000002,0.0086716005997826539,0.005202960359869592
0.021999999999999999,0.017500000000000002,0.0044896800105160639,0.0026938080063096384
0.022499999999999999,0.017500000000000002,0.0022730168571758044,0.0013638101143054826
0.023000000000000007,0.017500000000000002,0.0011241864570297835,0.00067451187421787011
0.023500000000000007,0.017500000000000002,0.00054270327894069114,0.00032562196736441465
0.024,0.017500000000000002,0.00025554868859005745,0.00015332921315403447
0.024500000000000001,0.017500000000000002,0.00011730683817134748,7.0384102902808489e-05
0.025000000000000001,0.017500000000000002,5.2469690393571151e-05,3.1481814236142688e-05
-0.025000000000000001,0.017999999999999995,2.7519169260198419e-05,1.651150155611905e-05
-0.024500000000000001,0.017999999999999995,6.1635138981372813e-05,3.6981083388823689e-05
-0.024,0.017999999999999995,0.00013457408159731429,8.0744448958388571e-05
-0.0235,0.017999999999999995,0.00028660446102735408,0.00017196267661641245
-0.023,0.017999999999999995,0.00059579120014703699,0.00035747472008822216
-0.022500000000000003,0.017999999999999995,0.0012099146226906734,0.00072594877361440401
-0.022000000000000002,0.017999999999999995,0.0024026331610199816,0.001441579896611989
-0.021500000000000002,0.017999999999999995,0.0046706539841066047,0.0028023923904639627
-0.021000000000000001,0.017999999999999995,0.0088995410130461063,0.0053397246078276638
-0.020500000000000001,0.017999999999999995,0.016643396018180694,0.0099860376109084156
-0.02,0.017999999999999995,0.030591704800158336,0.018355022880095002
-0.0195,0.017999999999999995,0.055340026676822598,0.033204016006093559
-0.019,0.017999999999999995,0.098645256995705644,0.059187154197423382
-0.018500000000000003,0.017999999999999995,0.17343462971821194,0.10406077783092717
-0.018000000000000002,0.017999999999999995,0.30094843411626288,0.18056906046975771
-0.017500000000000002,0.017999999999999995,0.51551532226058161,0.30930919335634893
-0.017000000000000001,0.017999999999999995,0.87155130976009243,0.52293078585605546
-0.016500000000000001,0.017999999999999995,1.4533764224336021,0.87202585346016126
-0.016,0.017999999999999995,2.3882641347386677,1.4329584808432005
-0.0155,0.017999999999999995,3.862667569610359,2.3176005417662151
-0.015000000000000001,0.017999999999999995,6.1407048073283148,3.6844228843969886
-0.014500000000000001,0.017999999999999995,9.5827022493016969,5.7496213495810178
-0.014,0.017999999999999995,14.659996049381089,8.7959976296286531
-0.0135,0.017999999999999995,21.960588074072458,13.176352844443475
-0.012999999999999999,0.017999999999999995,32.179188376130021,19.307513025678013
-0.012500000000000001,0.017999999999999995,46.085373774689387,27.651224264813631
-0.012,0.017999999999999995,64.465786014043076,38.679471608425843
-0.0115,0.017999999999999995,88.040945534334668,52.824567320600799
-0.010999999999999999,0.017999999999999995,117.364215254934,70.418529152960389
-0.010499999999999999,0.017999999999999995,152.71865539394898,91.631193236369384
-0.010000000000000002,0.017999999999999995,194.03492170147197,116.42095302088318
-0.0095000000000000015,0.017999999999999995,240.85721406328091,144.51432843796854
-0.0090000000000000011,0.017999999999999995,292.38177504334885,175.42906502600931
-0.0085000000000000006,0.017999999999999995,347.58170931375071,208.54902558825043
-0.0080000000000000002,0.017999999999999995,405.41307583833765,243.24784550300257
-0.0074999999999999997,0.017999999999999995,465.0731305056791,279.04387830340744
-0.0069999999999999993,0.017999999999999995,526.25780278654383,315.75468167192628
-0.0064999999999999988,0.017999999999999995,589.34924837437302,353.60954902462379
-0.0059999999999999984,0.017999999999999995,655.46277437256379,393.27766462353827
-0.0054999999999999979,0.017999999999999995,726.30023603484494,435.78014162090693
-0.005000000000000001,0.017999999999999995,803.79414824424362,482.27648894654612
-0.0044999999999999971,0.017999999999999995,889.57740509835719,533.74644305901427
-0.0040000000000000001,0.017999999999999995,984.36644495020835,590.61986697012503
-0.0035000000000000031,0.017999999999999995,1087.386632857274,652.43197971436439
-0.0029999999999999992,0.017999999999999995,1195.9839047473072,717.59034284838424
-0.0025000000000000022,0.017999999999999995,1305.5475769119823,783.3285461471894
-0.0019999999999999983,0.017999999999999995,1409.8152878554752,845.88917271328512
-0.0015000000000000013,0.017999999999999995,1501.551708841999,900.93102530519934
-0.00099999999999999742,0.017999999999999995,1573.5057040930692,944.1034224558415
-0.00050000000000000044,0.017999999999999995,1619.4779795997433,971.68678775984597
0,0.017999999999999995,1635.2930602980935,981.175836178856
0.00050000000000000044,0.017999999999999995,1619.4779795189961,971.68678771139764
0.0010000000000000009,0.017999999999999995,1573.5057039024489,944.10342234146924
0.0015000000000000013,0.017999999999999995,1501.5517084765831,900.93102508594984
0.0020000000000000018,0.017999999999999995,1409.8152872008084,845.88917232048505
0.0024999999999999988,0.017999999999999995,1305.5475757826766,783.32854546960596
0.0030000000000000027,0.017999999999999995,1195.9839028575834,717.59034171455005
0.0034999999999999996,0.017999999999999995,1087.3866297838617,652.43197787031704
0.0040000000000000036,0.017999999999999995,984.3664400894852,590.61986405369112
0.0045000000000000005,0.017999999999999995,889.57739762189362,533.74643857313617
0.0049999999999999975,0.017999999999999995,803.79413705959666,482.27648223575795
0.0055000000000000014,0.017999999999999995,726.30021976125965,435.78013185675576
0.0059999999999999984,0.017999999999999995,655.46275134329983,393.27765080597987
0.0064999999999999988,0.017999999999999995,589.34921667774552,353.60953000664728
0.0069999999999999993,0.017999999999999995,526.25776035563956,315.75465621338373
0.0074999999999999997,0.017999999999999995,465.07307526134076,279.04384515680442
0.0080000000000000002,0.017999999999999995,405.41300588160328,243.24780352896195
0.0085000000000000006,0.017999999999999995,347.58162315338279,208.54897389202966
0.0090000000000000011,0.017999999999999995,292.38167183333718,175.42900310000229
0.0095000000000000015,0.017999999999999995,240.85709381680084,144.51425629008051
0.010000000000000002,0.017999999999999995,194.0347854443591,116.42087126661545
0.010500000000000002,0.017999999999999995,152.7185052242682,91.631103134560917
0.011000000000000003,0.017999999999999995,117.36405428617479,70.418432571704869
0.011500000000000003,0.017999999999999995,88.040777716853029,52.824466630111814
0.012000000000000004,0.017999999999999995,64.465615849501717,38.679369509701026
0.012499999999999997,0.017999999999999995,46.085205957207961,27.651123574324775
0.013000000000000005,0.017999999999999995,32.179027407370846,19.307416444422508
0.013499999999999998,0.017999999999999995,21.960437904391902,13.17626274263514
0.014000000000000005,0.017999999999999995,14.659859792268206,8.7959158753609223
0.014499999999999999,0.017999999999999995,9.5825820028216704,5.7495492016930019
0.014999999999999999,0.017999999999999995,6.1406015973168415,3.6843609583901049
0.0155,0.017999999999999995,3.862581409242412,2.3175488455454469
0.016000000000000007,0.017999999999999995,2.3881941780043183,1.4329165068025909
0.016500000000000001,0.017999999999999995,1.4533211780954147,0.87199270685724883
0.017000000000000001,0.017999999999999995,0.87150887885586492,0.52290532731351891
0.017500000000000002,0.017999999999999995,0.51548362563256933,0.30929017537954157
0.017999999999999995,0.017999999999999995,0.30092540484987157,0.18055524290992295
0.018500000000000003,0.017999999999999995,0.17341835612677453,0.10405101367606472
0.019000000000000003,0.017999999999999995,0.098634072330782821,0.059180443398469687
0.019500000000000003,0.017999999999999995,0.055332550168666242,0.033199530101199741
0.019999999999999997,0.017999999999999995,0.030586843964820372,0.018352106378892223
0.020499999999999997,0.017999999999999995,0.016640322333787649,0.00998419340027259
0.021000000000000005,0.017999999999999995,0.0088976506557458049,0.0053385903934474828
0.021500000000000005,0.017999999999999995,0.0046695232388096987,0.0028017139432858192
0.021999999999999999,0.017999999999999995,0.0024019753184927463,0.0014411851910956478
0.022499999999999999,0.017999999999999995,0.00120954238926795,0.00072572543356076995
0.023000000000000007,0.017999999999999995,0.00059558634586321844,0.00035735180751793105
0.023500000000000007,0.017999999999999995,0.00028649481043075938,0.00017189688625845562
0.024,0.017999999999999995,0.0001345169977531132,8.0710198651867923e-05
0.024500000000000001,0.017999999999999995,6.1606235397918598e-05,3.6963741238751156e-05
0.025000000000000001,0.017999999999999995,2.7504935277561368e-05,1.6502961166536819e-05
-0.025000000000000001,0.018500000000000003,1.4054255446294125e-05,8.4325532677764755e-06
-0.024500000000000001,0.018500000000000003,3.155068652443014e-05,1.8930411914658083e-05
-0.024,0.018500000000000003,6.9087257291974413e-05,4.1452354375184649e-05
-0.0235,0.018500000000000003,0.00014766460994831998,8.8598765968991977e-05
-0.023,0.018500000000000003,0.00030832172575789694,0.00018499303545473815
-0.022500000000000003,0.018500000000000003,0.00062951150779347309,0.00037770690467608383
-0.022000000000000002,0.018500000000000003,0.0012582311696366013,0.0007549387017819607
-0.021500000000000002,0.018500000000000003,0.0024649981796071251,0.001478998907764275
-0.021000000000000001,0.018500000000000003,0.0047397654870271477,0.0028438592922162887
-0.020500000000000001,0.018500000000000003,0.0089574436584470701,0.0053744661950682416
-0.02,0.018500000000000003,0.016660373390561922,0.0099962240343371526
-0.0195,0.018500000000000003,0.03053414896827851,0.018320489380967104
-0.019,0.018500000000000003,0.055196139562196822,0.03311768373731809
-0.018500000000000003,0.018500000000000003,0.098475212355446887,0.059085127413268129
-0.018000000000000002,0.018500000000000003,0.173434924609153,0.10406095476549179
-0.017500000000000002,0.018500000000000003,0.3014710375227389,0.18088262251364334
-0.017000000000000001,0.018500000000000003,0.51687437293414984,0.31012462376048988
-0.016500000000000001,0.018500000000000003,0.87325046154967212,0.52395027692980323
-0.016,0.018500000000000003,1.452067954065926,0.87124077243955556
-0.0155,0.018500000000000003,2.3732969913259434,1.4239781947955661
-0.015000000000000001,0.018500000000000003,3.8075345011174853,2.2845207006704911
-0.014500000000000001,0.018500000000000003,5.9881779646920705,3.5929067788152422
-0.014,0.018500000000000003,9.2211748775982691,5.532704926558961
-0.0135,0.018500000000000003,13.888846986262536,8.3333081917575207
-0.012999999999999999,0.018500000000000003,20.443621287667721,12.266172772600632
-0.012500000000000001,0.018500000000000003,29.387662349069572,17.632597409441743
-0.012,0.018500000000000003,41.235864767048781,24.741518860229267
-0.0115,0.018500000000000003,56.462721639437589,33.877632983662551
-0.010999999999999999,0.018500000000000003,75.438121999631605,45.262873199778959
-0.010499999999999999,0.018500000000000003,98.362443672049665,59.017466203229795
-0.010000000000000002,0.018500000000000003,125.2160526990607,75.12963161943641
-0.0095000000000000015,0.018500000000000003,155.74068674588207,93.444412047529241
-0.0090000000000000011,0.018500000000000003,189.46835676461961,113.68101405877177
-0.0085000000000000006,0.018500000000000003,225.80614656150792,135.48368793690474
-0.0080000000000000002,0.018500000000000003,264.17273783788187,158.50364270272911
-0.0074999999999999997,0.018500000000000003,304.16654189009591,182.49992513405755
-0.0069999999999999993,0.018500000000000003,345.72967086319852,207.4378025179191
-0.0064999999999999988,0.018500000000000003,389.26147928860138,233.55688757316082
-0.0059999999999999984,0.018500000000000003,435.63481606211138,261.38088963726682
-0.0054999999999999979,0.018500000000000003,486.08055126360074,291.64833075816045
-0.005000000000000001,0.018500000000000003,541.93136063423799,325.15881638054276
-0.0044999999999999971,0.018500000000000003,604.25021024417458,362.55012614650474
-0.0040000000000000001,0.018500000000000003,673.40487984296612,404.04292790577966
-0.0035000000000000031,0.018500000000000003,748.67746384184875,449.20647830510921
-0.0029999999999999992,0.018500000000000003,828.00776951495538,496.80466170897319
-0.0025000000000000022,0.018500000000000003,907.95588737243281,544.77353242345964
-0.0019999999999999983,0.018500000000000003,983.93165500338432,590.35899300203062
-0.0015000000000000013,0.018500000000000003,1050.6837249798984,630.41023498793902
-0.00099999999999999742,0.018500000000000003,1102.9807299311001,661.78843795865998
-0.00050000000000000044,0.018500000000000003,1136.3667859886095,681.82007159316572
0,0.018500000000000003,1147.8472485452573,688.70834912715441
0.00050000000000000044,0.018500000000000003,1136.366785959314,681.82007157558837
0.0010000000000000009,0.018500000000000003,1102.9807298619419,661.78843791716508
0.0015000000000000013,0.018500000000000003,1050.6837248473232,630.41023490839393
0.0020000000000000018,0.018500000000000003,983.93165476586739,590.35899285952041
0.0024999999999999988,0.018500000000000003,907.95588696271477,544.77353217762879
0.0030000000000000027,0.018500000000000003,828.00776882935315,496.80466129761186
0.0034999999999999996,0.018500000000000003,748.67746272679847,449.20647763607906
0.0040000000000000036,0.018500000000000003,673.40487807946965,404.04292684768177
0.0045000000000000005,0.018500000000000003,604.25020753167348,362.5501245190041
0.0049999999999999975,0.018500000000000003,541.93135657638891,325.15881394583334
0.0055000000000000014,0.018500000000000003,486.08054535945672,291.64832721567404
0.0059999999999999984,0.018500000000000003,435.63480770697169,261.38088462418301
0.0064999999999999988,0.018500000000000003,389.2614677888962,233.5568806733377
0.0069999999999999993,0.018500000000000003,345.72965546904049,207.43779328142429
0.0074999999999999997,0.018500000000000003,304.16652184715582,182.4999131082935
0.0080000000000000002,0.018500000000000003,264.17271245720633,158.50362747432379
0.0085000000000000006,0.018500000000000003,225.80611530206778,135.48366918124066
0.0090000000000000011,0.018500000000000003,189.46831931947807,113.68099159168683
0.0095000000000000015,0.018500000000000003,155.74064311981903,93.444385871891413
0.010000000000000002,0.018500000000000003,125.21600326425494,75.129601958552954
0.010500000000000002,0.018500000000000003,98.362389189690091,59.017433513814055
0.011000000000000003,0.018500000000000003,75.438063599308904,45.262838159585343
0.011500000000000003,0.018500000000000003,56.462660754361863,33.877596452617119
0.012000000000000004,0.018500000000000003,41.235803030447371,24.741481818268422
0.012499999999999997,0.018500000000000003,29.387601463994034,17.632560878396419
0.013000000000000005,0.018500000000000003,20.443562887345024,12.266137732407014
0.013499999999999998,0.018500000000000003,13.88879250390309,8.3332755023418539
0.014000000000000005,0.018500000000000003,9.2211254427924256,5.5326752656754552
0.014499999999999999,0.018500000000000003,5.9881343386290666,3.5928806031774401
0.014999999999999999,0.018500000000000003,3.80749705597594,2.2844982335855639
0.0155,0.018500000000000003,2.373265731885827,1.4239594391314963
0.016000000000000007,0.018500000000000003,1.4520425733903208,0.8712255440341925
0.016500000000000001,0.018500000000000003,0.87323041860971273,0.5239382511658276
0.017000000000000001,0.018500000000000003,0.51685897877623754,0.3101153872657425
0.017500000000000002,0.018500000000000003,0.30145953781737556,0.18087572269042532
0.017999999999999995,0.018500000000000003,0.17342656946872237,0.10405594168123342
0.018500000000000003,0.018500000000000003,0.098469308209849352,0.059081584925909605
0.019000000000000003,0.018500000000000003,0.055192081706226956,0.033115249023736172
0.019500000000000003,0.018500000000000003,0.030531436451321996,0.018318861870793197
0.019999999999999997,0.018500000000000003,0.016658609853627181,0.0099951659121763087
0.020499999999999997,0.018500000000000003,0.0089563285093881093,0.0053737971056328658
0.021000000000000005,0.018500000000000003,0.0047390796553362586,0.002843447793201755
0.021500000000000005,0.018500000000000003,0.0024645879391944677,0.0014787527635166805
0.021999999999999999,0.018500000000000003,0.0012579925008660354,0.00075479550051962125
0.022499999999999999,0.018500000000000003,0.00062937645952631778,0.00037762587571579066
0.023000000000000007,0.018500000000000003,0.00030824740353328984,0.0001849484421199739
0.023500000000000007,0.018500000000000003,0.00014762482812820675,8.8574896876924042e-05
0.024,0.018500000000000003,6.9066546969441683e-05,4.1439928181665005e-05
0.024500000000000001,0.018500000000000003,3.1540200150499554e-05,1.8924120090299732e-05
0.025000000000000001,0.018500000000000003,1.40490912816261e-05,8.4294547689756597e-06
-0.025000000000000001,0.019000000000000003,6.997411033981268e-06,4.1984466203887606e-06
-0.024500000000000001,0.019000000000000003,1.5754089334308978e-05,9.452453600585387e-06
-0.024,0.019000000000000003,3.4620898356354025e-05,2.0772539013812415e-05
-0.0235,0.019000000000000003,7.4324567237882806e-05,4.4594740342729681e-05
-0.023,0.019000000000000003,0.00015602639853745949,9.3615839122475691e-05
-0.022500000000000003,0.019000000000000003,0.00032064228519994509,0.00019238537111996706
-0.022000000000000002,0.019000000000000003,0.00064586638623059377,0.00038751983173835626
-0.021500000000000002,0.019000000000000003,0.0012768750539728902,0.00076612503238373414
-0.021000000000000001,0.019000000000000003,0.0024810801059579066,0.001488648063574744
-0.020500000000000001,0.019000000000000003,0.0047446718069150042,0.0028468030841490026
-0.02,0.019000000000000003,0.0089406988730606225,0.0053644193238363731
-0.0195,0.019000000000000003,0.016617198722556733,0.0099703192335340394
-0.019,0.019000000000000003,0.030481650898762813,0.018288990539257689
-0.018500000000000003,0.019000000000000003,0.055196199312075131,0.033117719587245076
-0.018000000000000002,0.019000000000000003,0.098645519217587116,0.059187311530552268
-0.017500000000000002,0.019000000000000003,0.17388947202412092,0.10433368321447255
-0.017000000000000001,0.019000000000000003,0.30205081705455339,0.18123049023273202
-0.016500000000000001,0.019000000000000003,0.51638788042716155,0.30983272825629693
-0.016,0.019000000000000003,0.86772517036087471,0.52063510221652476
-0.0155,0.019000000000000003,1.4312167291312092,0.85873003747872556
-0.015000000000000001,0.019000000000000003,2.3140591461312177,1.3884354876787306
-0.014500000000000001,0.019000000000000003,3.6632438376559744,2.1979463025935844
-0.014,0.019000000000000003,5.671788849105238,3.4030733094631427
-0.0135,0.019000000000000003,8.5812502177897549,5.1487501306738528
-0.012999999999999999,0.019000000000000003,12.677906861017409,7.6067441166104448
-0.012500000000000001,0.019000000000000003,18.280136365226312,10.968081819135787
-0.012,0.019000000000000003,25.715447265725658,15.429268359435394
-0.0115,0.019000000000000003,35.287584841000232,21.17255090460014
-0.010999999999999999,0.019000000000000003,47.237002703239803,28.342201621943882
-0.010499999999999999,0.019000000000000003,61.701336600023964,37.020801960014374
-0.010000000000000002,0.019000000000000003,78.685468223676324,47.211280934205796
-0.0095000000000000015,0.019000000000000003,98.052171124188575,58.83130267451314
-0.0090000000000000011,0.019000000000000003,119.54302434350322,71.725814606101935
-0.0085000000000000006,0.019000000000000003,142.83450508684956,85.700703052109731
-0.0080000000000000002,0.019000000000000003,167.62602023431168,100.57561214058701
-0.0074999999999999997,0.019000000000000003,193.74635121974393,116.24781073184636
-0.0069999999999999993,0.019000000000000003,221.25496685756153,132.75298011453691
-0.0064999999999999988,0.019000000000000003,250.508052746685,150.304831648011
-0.0059999999999999984,0.019000000000000003,282.15901178691377,169.29540707214827
-0.0054999999999999979,0.019000000000000003,317.07162617676209,190.24297570605725
-0.005000000000000001,0.019000000000000003,356.14101367826549,213.6846082069593
-0.0044999999999999971,0.019000000000000003,400.04035179287234,240.0242110757234
-0.0040000000000000001,0.019000000000000003,448.93505682573362,269.36103409544017
-0.0035000000000000031,0.019000000000000003,502.22423886120538,301.33454331672323
-0.0029999999999999992,0.019000000000000003,558.37560353116623,335.02536211869972
-0.0025000000000000022,0.019000000000000003,614.91052157079173,368.946312942475
-0.0019999999999999983,0.019000000000000003,668.57053365103354,401.14232019062013
-0.0015000000000000013,0.019000000000000003,715.65941380334345,429.39564828200605
-0.00099999999999999742,0.019000000000000003,752.51430572947413,451.50858343768448
-0.00050000000000000044,0.019000000000000003,776.02559162861246,465.61535497716744
0,0.019000000000000003,784.1074792220968,470.46448753325808
0.00050000000000000044,0.019000000000000003,776.02559161827503,465.61535497096497
0.0010000000000000009,0.019000000000000003,752.51430570507057,451.50858342304235
0.0015000000000000013,0.019000000000000003,715.65941375656212,429.39564825393728
0.0020000000000000018,0.019000000000000003,668.57053356722179,401.14232014033308
0.0024999999999999988,0.019000000000000003,614.91052142621629,368.94631285572979
0.0030000000000000027,0.019000000000000003,558.3756032892403,335.02536197354419
0.0034999999999999996,0.019000000000000003,502.22423846774211,301.33454308064523
0.0040000000000000036,0.019000000000000003,448.9350562034553,269.36103372207316
0.0045000000000000005,0.019000000000000003,400.04035083572262,240.02421050143357
0.0049999999999999975,0.019000000000000003,356.14101224638813,213.68460734783287
0.0055000000000000014,0.019000000000000003,317.07162409338986,190.24297445603392
0.0059999999999999984,0.019000000000000003,282.15900883866829,169.29540530320097
0.0064999999999999988,0.019000000000000003,250.50804868882901,150.30482921329741
0.0069999999999999993,0.019000000000000003,221.25496142548516,132.75297685529108
0.0074999999999999997,0.019000000000000003,193.74634414727021,116.24780648836212
0.0080000000000000002,0.019000000000000003,167.62601127833216,100.57560676699929
0.0085000000000000006,0.019000000000000003,142.83449405645339,85.700696433872039
0.0090000000000000011,0.019000000000000003,119.54301113038285,71.725806678229702
0.0095000000000000015,0.019000000000000003,98.052155730030663,58.831293438018392
0.010000000000000002,0.019000000000000003,78.685450779810154,47.211270467886088
0.010500000000000002,0.019000000000000003,61.701317375047211,37.020790425028324
0.011000000000000003,0.019000000000000003,47.236982095746754,28.342189257448052
0.011500000000000003,0.019000000000000003,35.287563356722117,21.172538014033268
0.012000000000000004,0.019000000000000003,25.715425480973021,15.429255288583812
0.012499999999999997,0.019000000000000003,18.280114880948318,10.968068928568991
0.013000000000000005,0.019000000000000003,12.677886253524377,7.6067317521146265
0.013499999999999998,0.019000000000000003,8.5812309928130865,5.1487385956878517
0.014000000000000005,0.019000000000000003,5.6717714052390118,3.4030628431434069
0.014499999999999999,0.019000000000000003,3.6632284434980789,2.1979370660988473
0.014999999999999999,0.019000000000000003,2.314045933010854,1.3884275598065123
0.0155,0.019000000000000003,1.4312056987350661,0.85872341924103968
0.016000000000000007,0.019000000000000003,0.86771621438132707,0.5206297286287962
0.016500000000000001,0.019000000000000003,0.51638080795347752,0.30982848477208652
0.017000000000000001,0.019000000000000003,0.30204538497837391,0.18122723098702434
0.017500000000000002,0.019000000000000003,0.17388541416815165,0.10433124850089098
0.017999999999999995,0.019000000000000003,0.098642570971923721,0.059185542583154227
0.018500000000000003,0.019000000000000003,0.055194115939353763,0.033116469563612257
0.019000000000000003,0.019000000000000003,0.030480219019027571,0.018288131411416542
0.019500000000000003,0.019000000000000003,0.016616241567327387,0.0099697449403964317
0.019999999999999997,0.019000000000000003,0.0089400765806929641,0.0053640459484157786
0.020499999999999997,0.019000000000000003,0.0047442783086363467,0.0028465669851818081
0.021000000000000005,0.019000000000000003,0.0024808380992166015,0.0014885028595299609
0.021500000000000005,0.019000000000000003,0.0012767302940460189,0.00076603817642761126
0.021999999999999999,0.019000000000000003,0.00064578216811675871,0.0003874693008700552
0.022499999999999999,0.019000000000000003,0.00032059463124710494,0.00019235677874826295
0.023000000000000007,0.019000000000000003,0.00015600017274529655,9.3600103647177929e-05
0.023500000000000007,0.019000000000000003,7.4310529582905766e-05,4.4586317749743458e-05
0.024,0.019000000000000003,3.4613590385996163e-05,2.0768154231597696e-05
0.024500000000000001,0.019000000000000003,1.5750389048631381e-05,9.4502334291788279e-06
0.025000000000000001,0.019000000000000003,6.9955887754308535e-06,4.1973532652585119e-06
-0.025000000000000001,0.019500000000000003,3.3983437467737098e-06,2.0390062480642259e-06
-0.024500000000000001,0.019500000000000003,7.6785335399676437e-06,4.6071201239805861e-06
-0.024,0.019500000000000003,1.6948767829553778e-05,1.0169260697732267e-05
-0.0235,0.019500000000000003,3.6582169562272592e-05,2.1949301737363556e-05
-0.023,0.019500000000000003,7.7296111164820404e-05,4.637766669889224e-05
-0.022500000000000003,0.019500000000000003,0.0001600828611866308,9.6049716711978477e-05
-0.022000000000000002,0.019500000000000003,0.00032539859084642893,0.00019523915450785735
-0.021500000000000002,0.019500000000000003,0.00065008915566908566,0.00039005349340145138
-0.021000000000000001,0.019500000000000003,0.0012782119416753783,0.00076692716500522697
-0.020500000000000001,0.019500000000000003,0.0024764656217903793,0.0014858793730742276
-0.02,0.019500000000000003,0.0047324084935036672,0.0028394450961022003
-0.0195,0.019500000000000003,0.0089253590316161029,0.0053552154189696619
-0.019,0.019500000000000003,0.016617210169567624,0.0099703261017405741
-0.018500000000000003,0.019500000000000003,0.030534200633729365,0.018320520380237619
-0.018000000000000002,0.019500000000000003,0.055340196922449993,0.033204118153469991
-0.017500000000000002,0.019500000000000003,0.09883319574599328,0.059299917447595968
-0.017000000000000001,0.019500000000000003,0.17372023023432212,0.10423213814059328
-0.016500000000000001,0.019500000000000003,0.30012537132257811,0.18007522279354685
-0.016,0.019500000000000003,0.50893770811197692,0.30536262486718613
-0.0155,0.019500000000000003,0.84598380833682252,0.50759028500209347
-0.015000000000000001,0.019500000000000003,1.3767891274522741,0.82607347647136442
-0.014500000000000001,0.019500000000000003,2.1913699115349567,1.3148219469209741
-0.014,0.019500000000000003,3.4081013858470719,2.044860831508243
-0.0135,0.019500000000000003,5.1753208605482222,3.1051925163289331
-0.012999999999999999,0.019500000000000003,7.6690844627537089,4.6014506776522248
-0.012500000000000001,0.019500000000000003,11.085584531161492,6.6513507186968956
-0.012,0.019500000000000003,15.627331047850616,9.3763986287103691
-0.0115,0.019500000000000003,21.483411227123391,12.890046736274034
-0.010999999999999999,0.019500000000000003,28.805912824007422,17.283547694404451
-0.010499999999999999,0.019500000000000003,37.686642790840843,22.611985674504506
-0.010000000000000002,0.019500000000000003,48.140056523079615,28.884033913847766
-0.0095000000000000015,0.019500000000000003,60.099117253747508,36.059470352248503
-0.0090000000000000011,0.019500000000000003,73.429909977781378,44.057945986668827
-0.0085000000000000006,0.019500000000000003,87.967775333932138,52.78066520035928
-0.0080000000000000002,0.019500000000000003,103.57257350492635,62.143544102955808
-0.0074999999999999997,0.019500000000000003,120.19422748673706,72.116536492042229
-0.0069999999999999993,0.019500000000000003,137.933447477138,82.760068486282805
-0.0064999999999999988,0.019500000000000003,157.07849613588405,94.247097681530434
-0.0059999999999999984,0.019500000000000003,178.0989805567838,106.85938833407027
-0.0054999999999999979,0.019500000000000003,201.58323020624701,120.9499381237482
-0.005000000000000001,0.019500000000000003,228.116820157539,136.87009209452339
-0.0044999999999999971,0.019500000000000003,258.11454920870415,154.86872952522248
-0.0040000000000000001,0.019500000000000003,291.63344655121415,174.9800679307285
-0.0035000000000000031,0.019500000000000003,328.20599086759114,196.92359452055467
-0.0029999999999999992,0.019500000000000003,366.73665894584337,220.04199536750602
-0.0025000000000000022,0.019500000000000003,405.49856121188958,243.29913672713374
-0.0019999999999999983,0.019500000000000003,442.25012704245182,265.35007622547107
-0.0015000000000000013,0.019500000000000003,474.4673817315188,284.68042903891126
-0.00099999999999999742,0.019500000000000003,499.66068929751606,299.7964135785096
-0.00050000000000000044,0.019500000000000003,515.72262408174629,309.43357444904774
0,0.019500000000000003,521.24207762577328,312.74524657546397
0.00050000000000000044,0.019500000000000003,515.72262407819858,309.43357444691912
0.0010000000000000009,0.019500000000000003,499.66068928914075,299.79641357348441
0.0015000000000000013,0.019500000000000003,474.46738171546343,284.68042902927806
0.0020000000000000018,0.019500000000000003,442.25012701368763,265.35007620821256
0.0024999999999999988,0.019500000000000003,405.4985611622717,243.299136697363
0.0030000000000000027,0.019500000000000003,366.73665886281441,220.04199531768865
0.0034999999999999996,0.019500000000000003,328.20599073255511,196.92359443953305
0.0040000000000000036,0.019500000000000003,291.63344633764842,174.98006780258905
0.0045000000000000005,0.019500000000000003,258.11454888021098,154.86872932812659
0.0049999999999999975,0.019500000000000003,228.11681966611999,136.870091799672
0.0055000000000000014,0.019500000000000003,201.58322949123522,120.94993769474112
0.0059999999999999984,0.019500000000000003,178.09897954494849,106.85938772696909
0.0064999999999999988,0.019500000000000003,157.07849474323137,94.247096845938827
0.0069999999999999993,0.019500000000000003,137.93344561285406,82.760067367712438
0.0074999999999999997,0.019500000000000003,120.19422505947023,72.116535035682134
0.0080000000000000002,0.019500000000000003,103.57257043124197,62.143542258745178
0.0085000000000000006,0.019500000000000003,87.96777154830977,52.780662928985862
0.0090000000000000011,0.019500000000000003,73.429905443049961,44.057943265829977
0.0095000000000000015,0.019500000000000003,60.099111970485886,36.059467182291527
0.010000000000000002,0.019500000000000003,48.140050536359929,28.884030321815956
0.010500000000000002,0.019500000000000003,37.686636192845512,22.611981715707305
0.011000000000000003,0.019500000000000003,28.805905751533711,17.283543450920227
0.011500000000000003,0.019500000000000003,21.483403853737819,12.890042312242691
0.012000000000000004,0.019500000000000003,15.62732357134246,9.3763941428054753
0.012499999999999997,0.019500000000000003,11.085577157775987,6.6513462946655917
0.013000000000000005,0.019500000000000003,7.6690773902800169,4.6014464341680101
0.013499999999999998,0.019500000000000003,5.1753142625529458,3.1051885575317675
0.014000000000000005,0.019500000000000003,3.4080953991273479,2.0448572394764089
0.014499999999999999,0.019500000000000003,2.1913646282733588,1.3148187769640152
0.014999999999999999,0.019500000000000003,1.3767845927208562,0.82607075563251364
0.0155,0.019500000000000003,0.84598002271445738,0.50758801362867445
0.016000000000000007,0.019500000000000003,0.50893463442758013,0.30536078065654809
0.016500000000000001,0.019500000000000003,0.30012294405575834,0.18007376643345499
0.017000000000000001,0.019500000000000003,0.17371836595049966,0.1042310195702998
0.017500000000000002,0.019500000000000003,0.098831803093352433,0.05929908185601146
0.017999999999999995,0.019500000000000003,0.055339185087101533,0.033203511052260916
0.018500000000000003,0.019500000000000003,0.030533485622022623,0.018320091373213575
0.019000000000000003,0.019500000000000003,0.016616718749687294,0.0099700312498123764
0.019500000000000003,0.019500000000000003,0.0089250305367734907,0.0053550183220640946
0.019999999999999997,0.019500000000000003,0.0047321949233040863,0.0028393169539824518
0.020499999999999997,0.019500000000000003,0.0024763305735232407,0.0014857983441139444
0.021000000000000005,0.019500000000000003,0.001278128885172149,0.00076687733110328944
0.021500000000000005,0.019500000000000003,0.00065003947418802851,0.00039002368451281712
0.021999999999999999,0.019500000000000003,0.00032536968726297715,0.0001952218123577863
0.022499999999999999,0.019500000000000003,0.00016006650639144472,9.6039903834866833e-05
0.023000000000000007,0.019500000000000003,7.728711049574952e-05,4.6372266297449711e-05
0.023500000000000007,0.019500000000000003,3.6577351851288101e-05,2.1946411110772859e-05
0.024,0.019500000000000003,1.6946259740480145e-05,1.0167755844288086e-05
0.024500000000000001,0.019500000000000003,7.6772636051399385e-06,4.6063581630839626e-06
0.025000000000000001,0.019500000000000003,3.3977183492233898e-06,2.0386310095340339e-06
-0.025000000000000001,0.019999999999999997,1.6109983061937043e-06,9.6659898371622248e-07
-0.024500000000000001,0.019999999999999997,3.6561186038478913e-06,2.1936711623087347e-06
-0.024,0.019999999999999997,8.1136604615976745e-06,4.8681962769586048e-06
-0.0235,0.019999999999999997,1.7626663750871384e-05,1.057599825052283e-05
-0.023,0.019999999999999997,3.7533778481833746e-05,2.2520267089100248e-05
-0.022500000000000003,0.019999999999999997,7.844367644647046e-05,4.7066205867882277e-05
-0.022000000000000002,0.019999999999999997,0.00016113127071066123,9.6678762426396741e-05
-0.021500000000000002,0.019999999999999997,0.0003257423170453332,0.0001954453902271999
-0.021000000000000001,0.019999999999999997,0.00064888494029798863,0.00038933096417879319
-0.020500000000000001,0.019999999999999997,0.0012749150912249815,0.0007649490547349889
-0.02,0.019999999999999997,0.002472223772230843,0.0014833342633385057
-0.0195,0.019999999999999997,0.00473241056722237,0.0028394463403334218
-0.019,0.019999999999999997,0.0089407084985027672,0.00536442509910166
-0.018500000000000003,0.019999999999999997,0.016660406010186094,0.0099962436061116558
-0.018000000000000002,0.019999999999999997,0.030591800449957272,0.018355080269974362
-0.017500000000000002,0.019999999999999997,0.055284946583707716,0.033170967950224631
-0.017000000000000001,0.019999999999999997,0.098199509993430412,0.058919705996058246
-0.016500000000000001,0.019999999999999997,0.17120464402211308,0.10272278641326785
-0.016,0.019999999999999997,0.29258306671416606,0.17554984002849963
-0.0155,0.019999999999999997,0.48953027976077929,0.29371816785646754
-0.015000000000000001,0.019999999999999997,0.80100864216998635,0.48060518530199181
-0.014500000000000001,0.019999999999999997,1.2806240739013062,0.76837444434078372
-0.014,0.019999999999999997,1.9989589714682892,1.1993753828809735
-0.0135,0.019999999999999997,3.0445675576981097,1.8267405346188657
-0.012999999999999999,0.019999999999999997,4.5227024034307668,2.7136214420584599
-0.012500000000000001,0.019999999999999997,6.5509011431771009,3.9305406859062604
-0.012,0.019999999999999997,9.25092690671082,5.5505561440264914
-0.0115,0.019999999999999997,12.737286395550511,7.6423718373303062
-0.010999999999999999,0.019999999999999997,17.103610792966265,10.262166475779759
-0.010499999999999999,0.019999999999999997,22.409401797120928,13.445641078272557
-0.010000000000000002,0.019999999999999997,28.670692140503004,17.2024152843018
-0.0095000000000000015,0.019999999999999997,35.858613585200423,21.515168151120253
-0.0090000000000000011,0.019999999999999997,43.909271524991283,26.345562914994769
-0.0085000000000000006,0.019999999999999997,52.746416735519681,31.647850041311806
-0.0080000000000000002,0.019999999999999997,62.315229011729471,37.38913740703768
-0.0074999999999999997,0.019999999999999997,72.62157456432341,43.572944738594046
-0.0069999999999999993,0.019999999999999997,83.767305423720586,50.260383254232352
-0.0064999999999999988,0.019999999999999997,95.969763299802523,57.581857979881512
-0.0059999999999999984,0.019999999999999997,109.55384393225005,65.732306359350019
-0.0054999999999999979,0.019999999999999997,124.90856133879718,74.945136803278302
-0.005000000000000001,0.019999999999999997,142.40700833140906,85.444204998845436
-0.0044999999999999971,0.019999999999999997,162.29789033909799,97.378734203458791
-0.0040000000000000001,0.019999999999999997,184.58638336442738,110.75183001865642
-0.0035000000000000031,0.019999999999999997,208.92931059009072,125.35758635405443
-0.0029999999999999992,0.019999999999999997,234.57200424821423,140.74320254892854
-0.0025000000000000022,0.019999999999999997,260.35005975076649,156.21003585045989
-0.0019999999999999983,0.019999999999999997,284.76840196615285,170.86104117969171
-0.0015000000000000013,0.019999999999999997,306.15445022692211,183.69267013615325
-0.00099999999999999742,0.019999999999999997,322.86511589540447,193.71906953724269
-0.00050000000000000044,0.019999999999999997,333.51317581504065,200.10790548902438
0,0.019999999999999997,337.17120526258947,202.30272315755369
0.00050000000000000044,0.019999999999999997,333.51317581385638,200.10790548831383
0.0010000000000000009,0.019999999999999997,322.8651158926088,193.71906953556527
0.0015000000000000013,0.019999999999999997,306.15445022156291,183.69267013293774
0.0020000000000000018,0.019999999999999997,284.76840195655149,170.86104117393089
0.0024999999999999988,0.019999999999999997,260.35005973420419,156.21003584052252
0.0030000000000000027,0.019999999999999997,234.57200422049928,140.74320253229956
0.0034999999999999996,0.019999999999999997,208.92931054501611,125.35758632700966
0.0040000000000000036,0.019999999999999997,184.5863832931397,110.75182997588382
0.0045000000000000005,0.019999999999999997,162.29789022944789,97.378734137668729
0.0049999999999999975,0.019999999999999997,142.40700816737493,85.44420490042495
0.0055000000000000014,0.019999999999999997,124.90856110012834,74.945136660076997
0.0059999999999999984,0.019999999999999997,109.55384359450242,65.732306156701455
0.0064999999999999988,0.019999999999999997,95.969762834939218,57.581857700963532
0.0069999999999999993,0.019999999999999997,83.767304801428153,50.260382880856888
0.0074999999999999997,0.019999999999999997,72.621573754108908,43.572944252465341
0.0080000000000000002,0.019999999999999997,62.315227985742816,37.389136791445686
0.0085000000000000006,0.019999999999999997,52.746415471890252,31.64784928313415
0.0090000000000000011,0.019999999999999997,43.909270011311442,26.345562006786864
0.0095000000000000015,0.019999999999999997,35.858611821663487,21.515167092998091
0.010000000000000002,0.019999999999999997,28.670690142153877,17.202414085292325
0.010500000000000002,0.019999999999999997,22.409399594729784,13.44563975683787
0.011000000000000003,0.019999999999999997,17.10360843219566,10.262165059317395
0.011500000000000003,0.019999999999999997,12.737283934336451,7.6423703606018707
0.012000000000000004,0.019999999999999997,9.2509244110747435,5.5505546466448461
0.012499999999999997,0.019999999999999997,6.5508986819630701,3.9305392091778417
0.013000000000000005,0.019999999999999997,4.522700042660178,2.7136200255961067
0.013499999999999998,0.019999999999999997,3.044565355307014,1.8267392131842084
0.014000000000000005,0.019999999999999997,1.9989569731191361,1.1993741838714815
0.014499999999999999,0.019999999999999997,1.2806223103643779,0.76837338621862672
0.014999999999999999,0.019999999999999997,0.80100712849019517,0.48060427709411707
0.0155,0.019999999999999997,0.48952901613134964,0.29371740967880977
0.016000000000000007,0.019999999999999997,0.29258204072750171,0.17554922443650103
0.016500000000000001,0.019999999999999997,0.17120383380770382,0.10272230028462229
0.017000000000000001,0.019999999999999997,0.098198887701062998,0.058919332620637796
0.017500000000000002,0.019999999999999997,0.055284481720418888,0.03317068903225133
0.017999999999999995,0.019999999999999997,0.030591462702342483,0.018354877621405488
0.018500000000000003,0.019999999999999997,0.016660167341415563,0.0099961004048493372
0.019000000000000003,0.019999999999999997,0.0089405444640155395,0.0053643266784093235
0.019500000000000003,0.019999999999999997,0.0047323009166257675,0.0028393805499754604
0.019999999999999997,0.019999999999999997,0.0024721524831365872,0.0014832914898819524
0.020499999999999997,0.019999999999999997,0.0012748700125170681,0.00076492200751024082
0.021000000000000005,0.019999999999999997,0.0006488572162854652,0.00038931432977127911
0.021500000000000005,0.019999999999999997,0.00032572573351545353,0.00019543544010927212
0.021999999999999999,0.019999999999999997,0.00016112162278089759,9.6672973668538548e-05
0.022499999999999999,0.019999999999999997,7.8438217264721998e-05,4.7062930358833197e-05
0.023000000000000007,0.019999999999999997,3.7530774085400449e-05,2.2518464451240268e-05
0.023500000000000007,0.019999999999999997,1.7625055613344809e-05,1.0575033368006886e-05
0.024,0.019999999999999997,8.1128232689615507e-06,4.8676939613769301e-06
0.024500000000000001,0.019999999999999997,3.6556947033982249e-06,2.193416822038935e-06
0.025000000000000001,0.019999999999999997,1.6107895503607137e-06,9.6647373021642812e-07
-0.025000000000000001,0.020499999999999997,7.4606726093112709e-07,4.4764035655867622e-07
-0.024500000000000001,0.020499999999999997,1.702313103393156e-06,1.0213878620358935e-06
-0.024,0.020499999999999997,3.8023977451606499e-06,2.2814386470963898e-06
-0.0235,0.020499999999999997,8.324811732750102e-06,4.9948870396500609e-06
-0.023,0.020499999999999997,1.7888530602794109e-05,1.0733118361676465e-05
-0.022500000000000003,0.020499999999999997,3.7779918183471243e-05,2.2667950910082746e-05
-0.022000000000000002,0.020499999999999997,7.852711298746143e-05,4.7116267792476854e-05
-0.021500000000000002,0.020499999999999997,0.00016083374244539028,9.6500245467234159e-05
-0.021000000000000001,0.020499999999999997,0.00032490352383686362,0.00019494211430211818
-0.020500000000000001,0.020499999999999997,0.000647774968487634,0.00038866498109258038
-0.02,0.020499999999999997,0.0012749154464720949,0.00076494926788325693
-0.0195,0.020499999999999997,0.0024764673175032073,0.0014858803905019244
-0.019,0.020499999999999997,0.0047446777167976465,0.0028468066300785877
-0.018500000000000003,0.020499999999999997,0.0089574614811122975,0.005374476888667378
-0.018000000000000002,0.020499999999999997,0.016643445067021801,0.0099860670402130806
-0.017500000000000002,0.020499999999999997,0.030394766313502984,0.01823685978810179
-0.017000000000000001,0.020499999999999997,0.054482075928244264,0.032689245556946557
-0.016500000000000001,0.020499999999999997,0.095725931642214879,0.057435558985328927
-0.016,0.020499999999999997,0.16466204343125246,0.098797226058751478
-0.0155,0.020499999999999997,0.27699532802450988,0.16619719681470593
-0.015000000000000001,0.020499999999999997,0.45526177648679189,0.27315706589207511
-0.014500000000000001,0.020499999999999997,0.73050637944636576,0.43830382766781945
-0.014,0.020499999999999997,1.143650774551928,0.68619046473115675
-0.0135,0.020499999999999997,1.7460946373259136,1.047656782395548
-0.012999999999999999,0.020499999999999997,2.5990184894972095,1.5594110936983256
-0.012500000000000001,0.020499999999999997,3.7708950963995069,2.2625370578397042
-0.012,0.020499999999999997,5.3329332794692634,3.1997599676815578
-0.0115,0.020499999999999997,7.3526065417408386,4.4115639250445033
-0.010999999999999999,0.020499999999999997,9.8860372590021406,5.9316223554012844
-0.010499999999999999,0.020499999999999997,12.970711124495223,7.7824266746971329
-0.010000000000000002,0.020499999999999997,16.620593557177724,9.9723561343066347
-0.0095000000000000015,0.020499999999999997,20.82595472388449,12.495572834330693
-0.0090000000000000011,0.020499999999999997,25.559827959624606,15.335896775774764
-0.0085000000000000006,0.020499999999999997,30.791866505950566,18.475119903570338
-0.0080000000000000002,0.020499999999999997,36.508457683703718,21.905074610222229
-0.0074999999999999997,0.020499999999999997,42.735597697344495,25.641358618406695
-0.0069999999999999993,0.020499999999999997,49.558786755949441,29.735272053569663
-0.0064999999999999988,0.020499999999999997,57.132811277617648,34.279686766570585
-0.0059999999999999984,0.020499999999999997,65.674466557150595,39.404679934290357
-0.0054999999999999979,0.020499999999999997,75.433515421722163,45.260109253033299
-0.005000000000000001,0.020499999999999997,86.641464351551349,51.984878610930807
-0.0044999999999999971,0.020499999999999997,99.443427712291097,59.666056627374658
-0.0040000000000000001,0.020499999999999997,113.82420173657688,68.294521041946126
-0.0035000000000000031,0.020499999999999997,129.54407397113158,77.726444382678949
-0.0029999999999999992,0.020499999999999997,146.10128688864836,87.660772133189013
-0.0025000000000000022,0.020499999999999997,162.73542995759652,97.641257974557917
-0.0019999999999999983,0.020499999999999997,178.47929002033433,107.08757401220059
-0.0015000000000000013,0.020499999999999997,192.25694588556203,115.35416753133721
-0.00099999999999999742,0.020499999999999997,203.01527533972697,121.80916520383617
-0.00050000000000000044,0.020499999999999997,209.86721458164067,125.92032874898439
0,0.020499999999999997,212.22054530973875,127.33232718584324
0.00050000000000000044,0.020499999999999997,209.86721458125621,125.92032874875372
0.0010000000000000009,0.020499999999999997,203.01527533881938,121.80916520329163
0.0015000000000000013,0.020499999999999997,192.25694588382211,115.35416753029327
0.0020000000000000018,0.020499999999999997,178.47929001721721,107.08757401033033
0.0024999999999999988,0.020499999999999997,162.73542995221956,97.64125797133174
0.0030000000000000027,0.020499999999999997,146.10128687965064,87.660772127790381
0.0034999999999999996,0.020499999999999997,129.5440739564981,77.726444373898858
0.0040000000000000036,0.020499999999999997,113.82420171343314,68.294521028059876
0.0045000000000000005,0.020499999999999997,99.443427676692892,59.666056606015729
0.0049999999999999975,0.020499999999999997,86.641464298297365,51.984878578978417
0.0055000000000000014,0.020499999999999997,75.433515344237733,45.260109206542637
0.0059999999999999984,0.020499999999999997,65.674466447500023,39.404679868500011
0.0064999999999999988,0.020499999999999997,57.13281112669862,34.279686676019168
0.0069999999999999993,0.020499999999999997,49.558786553920676,29.735271932352404
0.0074999999999999997,0.020499999999999997,42.735597434306385,25.641358460583831
0.0080000000000000002,0.020499999999999997,36.508457350614613,21.905074410368766
0.0085000000000000006,0.020499999999999997,30.791866095710155,18.475119657426092
0.0090000000000000011,0.020499999999999997,25.559827468204723,15.335896480922834
0.0095000000000000015,0.020499999999999997,20.825954151347872,12.495572490808723
0.010000000000000002,0.020499999999999997,16.620592908408753,9.9723557450452507
0.010500000000000002,0.020499999999999997,12.970710409483491,7.7824262456900941
0.011000000000000003,0.020499999999999997,9.8860364925721456,5.9316218955432873
0.011500000000000003,0.020499999999999997,7.35260574270161,4.411563445620966
0.012000000000000004,0.020499999999999997,5.3329324692548434,3.1997594815529058
0.012499999999999997,0.020499999999999997,3.7708942973603037,2.2625365784161819
0.013000000000000005,0.020499999999999997,2.5990177230672078,1.5594106338403246
0.013499999999999998,0.020499999999999997,1.7460939223142131,1.0476563533885279
0.014000000000000005,0.020499999999999997,1.1436501257829419,0.68619007546976507
0.014499999999999999,0.020499999999999997,0.73050580690975231,0.43830348414585135
0.014999999999999999,0.020499999999999997,0.45526128506691393,0.27315677104014835
0.0155,0.020499999999999997,0.27699491778409724,0.16619695067045834
0.016000000000000007,0.020499999999999997,0.16466171034214988,0.09879702620528992
0.016500000000000001,0.020499999999999997,0.095725668604107889,0.057435401162464733
0.017000000000000001,0.020499999999999997,0.054481873899491759,0.032689124339695057
0.017500000000000002,0.020499999999999997,0.030394615394489278,0.018236769236693567
0.017999999999999995,0.020499999999999997,0.016643335416425376,0.0099860012498552246
0.018500000000000003,0.020499999999999997,0.0089573839967070634,0.0053744303980242381
0.019000000000000003,0.020499999999999997,0.0047446244625966409,0.0028467746775579844
0.019500000000000003,0.020499999999999997,0.0024764317191664676,0.0014858590314998806
0.019999999999999997,0.020499999999999997,0.0012748923022917521,0.00076493538137505123
0.020499999999999997,0.020499999999999997,0.00064776033357388818,0.00038865620014433288
0.021000000000000005,0.020499999999999997,0.00032489452316779267,0.0001949367139006756
0.021500000000000005,0.020499999999999997,0.00016082835856149683,9.6497015136898091e-05
0.021999999999999999,0.020499999999999997,7.8523980763259215e-05,4.711438845795553e-05
0.022499999999999999,0.020499999999999997,3.7778145846646754e-05,2.2666887507988053e-05
0.023000000000000007,0.020499999999999997,1.7887555218079154e-05,1.0732533130847493e-05
0.023500000000000007,0.020499999999999997,8.3242896469342045e-06,4.9945737881605227e-06
0.024,0.020499999999999997,3.8021259485056796e-06,2.2812755691034078e-06
0.024500000000000001,0.020499999999999997,1.7021754830662582e-06,1.0213052898397549e-06
0.025000000000000001,0.020499999999999997,7.4599948783487154e-07,4.4759969270092289e-07
-0.025000000000000001,0.021000000000000005,3.3785994428089486e-07,2.0271596656853691e-07
-0.024500000000000001,0.021000000000000005,7.7592436284015273e-07,4.6555461770409164e-07
-0.024,0.021000000000000005,1.7466294053918393e-06,1.0479776432351036e-06
-0.0235,0.021000000000000005,3.8589169136759427e-06,2.3153501482055655e-06
-0.023,0.021000000000000005,8.3794608422274623e-06,5.027676505336477e-06
-0.022500000000000003,0.021000000000000005,1.7907660621431487e-05,1.0744596372858892e-05
-0.022000000000000002,0.021000000000000005,3.7710332625070624e-05,2.2626199575042375e-05
-0.021500000000000002,0.021000000000000005,7.8325166827092471e-05,4.6995100096255482e-05
-0.021000000000000001,0.021000000000000005,0.00016055891384121485,9.6335348304728909e-05
-0.020500000000000001,0.021000000000000005,0.0003249035813877528,0.00019494214883265167
-0.02,0.021000000000000005,0.00064888522279530009,0.00038933113367718003
-0.0195,0.021000000000000005,0.0012782129541792611,0.00076692777250755666
-0.019,0.021000000000000005,0.002481083246207892,0.0014886499477247352
-0.018500000000000003,0.021000000000000005,0.0047397743752536619,0.0028438646251521971
-0.018000000000000002,0.021000000000000005,0.0088995645212053207,0.0053397387127231922
-0.017500000000000002,0.021000000000000005,0.016401197380751575,0.0098407184284509449
-0.017000000000000001,0.021000000000000005,0.029627740861973104,0.017776644517183863
-0.016500000000000001,0.021000000000000005,0.052396538220536415,0.031437922932321845
-0.016,0.021000000000000005,0.090617510691740039,0.054370506415044019
-0.0155,0.021000000000000005,0.15311513928818096,0.091869083572908572
-0.015000000000000001,0.021000000000000005,0.25256877572223096,0.15154126543333857
-0.014500000000000001,0.021000000000000005,0.40646386730409573,0.24387832038245744
-0.014,0.021000000000000005,0.63787157534712891,0.38272294520827732
-0.0135,0.021000000000000005,0.97580249713196987,0.58548149827918194
-0.012999999999999999,0.021000000000000005,1.4548391548510986,0.87290349291065916
-0.012500000000000001,0.021000000000000005,2.1137768599483082,1.268266115968985
-0.012,0.021000000000000005,2.9931278456862547,1.7958767074117528
-0.0115,0.021000000000000005,4.1315882068710721,2.4789529241226433
-0.010999999999999999,0.021000000000000005,5.5619176465842139,3.3371505879505281
-0.010499999999999999,0.021000000000000005,7.3070779055052322,4.3842467433031391
-0.010000000000000002,0.021000000000000005,9.3778063210199942,5.6266837926119964
-0.0095000000000000015,0.021000000000000005,11.772919939849132,7.0637519639094792
-0.0090000000000000011,0.021000000000000005,14.483407409835038,8.6900444459010231
-0.0085000000000000006,0.021000000000000005,17.500679263905823,10.500407558343493
-0.0080000000000000002,0.021000000000000005,20.828232967161952,12.49693978029717
-0.0074999999999999997,0.021000000000000005,24.494621162457474,14.696772697474483
-0.0069999999999999993,0.021000000000000005,28.564319220821339,17.138591532492804
-0.0064999999999999988,0.021000000000000005,33.142303698679257,19.885382219207553
-0.0059999999999999984,0.021000000000000005,38.36830403282206,23.020982419693237
-0.0054999999999999979,0.021000000000000005,44.398055164586317,26.638833098751789
-0.005000000000000001,0.021000000000000005,51.371450781809756,30.822870469085853
-0.0044999999999999971,0.021000000000000005,59.370894679708378,35.622536807825028
-0.0040000000000000001,0.021000000000000005,68.376631906825295,41.025979144095174
-0.0035000000000000031,0.021000000000000005,78.228450650422445,46.937070390253467
-0.0029999999999999992,0.021000000000000005,88.6039423682288,53.162365420937277
-0.0025000000000000022,0.021000000000000005,99.02187349284965,59.41312409570979
-0.0019999999999999983,0.021000000000000005,108.87511739943696,65.32507043966217
-0.0015000000000000013,0.021000000000000005,117.49168250284954,70.495009501709717
-0.00099999999999999742,0.021000000000000005,124.21593553975532,74.529561323853187
-0.00050000000000000044,0.021000000000000005,128.49677131733924,77.098062790403546
0,0.021000000000000005,129.9667229613174,77.980033776790435
0.00050000000000000044,0.021000000000000005,128.49677131721782,77.098062790330687
0.0010000000000000009,0.021000000000000005,124.21593553946875,74.52956132368125
0.0015000000000000013,0.021000000000000005,117.49168250230014,70.495009501380082
0.0020000000000000018,0.021000000000000005,108.87511739845269,65.325070439071609
0.0024999999999999988,0.021000000000000005,99.021873491151936,59.413124094691156
0.0030000000000000027,0.021000000000000005,88.603942365387624,53.162365419232572
0.0034999999999999996,0.021000000000000005,78.228450645801814,46.937070387481086
0.0040000000000000036,0.021000000000000005,68.376631899517434,41.025979139710458
0.0045000000000000005,0.021000000000000005,59.370894668467898,35.622536801080734
0.0049999999999999975,0.021000000000000005,51.37145076499435,30.822870458996608
0.0055000000000000014,0.021000000000000005,44.398055140119901,26.638833084071941
0.0059999999999999984,0.021000000000000005,38.368303998198961,23.020982398919376
0.0064999999999999988,0.021000000000000005,33.142303651025294,19.885382190615175
0.0069999999999999993,0.021000000000000005,28.564319157029036,17.138591494217422
0.0074999999999999997,0.021000000000000005,24.494621079400979,14.696772647640586
0.0080000000000000002,0.021000000000000005,20.828232861986244,12.496939717191745
0.0085000000000000006,0.021000000000000005,17.500679134368937,10.500407480621362
0.0090000000000000011,0.021000000000000005,14.48340725466506,8.6900443527990365
0.0095000000000000015,0.021000000000000005,11.772919759065863,7.0637518554395173
0.010000000000000002,0.021000000000000005,9.3778061161657096,5.6266836696994256
0.010500000000000002,0.021000000000000005,7.3070776797342294,4.3842466078405371
0.011000000000000003,0.021000000000000005,5.5619174045774677,3.3371504427464806
0.011500000000000003,0.021000000000000005,4.1315879545676895,2.4789527727406138
0.012000000000000004,0.021000000000000005,2.9931275898542089,1.7958765539125252
0.012499999999999997,0.021000000000000005,2.1137766076449367,1.2682659645869621
0.013000000000000005,0.021000000000000005,1.4548389128443522,0.87290334770661127
0.013499999999999998,0.021000000000000005,0.97580227136098963,0.5854813628165938
0.014000000000000005,0.021000000000000005,0.63787137049284282,0.3827228222957057
0.014499999999999999,0.021000000000000005,0.40646368652082687,0.24387821191249612
0.014999999999999999,0.021000000000000005,0.25256862055225632,0.15154117233135378
0.0155,0.021000000000000005,0.15311500975130715,0.091869005850784294
0.016000000000000007,0.021000000000000005,0.090617405516043206,0.05437044330962592
0.016500000000000001,0.021000000000000005,0.052396455164033275,0.031437873098419965
0.017000000000000001,0.021000000000000005,0.029627677069688736,0.01777660624181324
0.017500000000000002,0.021000000000000005,0.01640114972679876,0.0098406898360792559
0.017999999999999995,0.021000000000000005,0.008899529898103711,0.0053397179388622266
0.018500000000000003,0.021000000000000005,0.00473974990889849,0.0028438499453390938
0.019000000000000003,0.021000000000000005,0.002481066430744278,0.0014886398584465668
0.019500000000000003,0.021000000000000005,0.0012782017137038678,0.00076692102822232069
0.019999999999999997,0.021000000000000005,0.00064887791482494601,0.00038932674889496758
0.020499999999999997,0.021000000000000005,0.00032489896029017166,0.000194939376174103
0.021000000000000005,0.021000000000000005,0.00016055607180396033,9.6333643082376197e-05
0.021500000000000005,0.021000000000000005,7.8323466820295434e-05,4.6994080092177259e-05
0.021999999999999999,0.021000000000000005,3.770934359883254e-05,2.2625606159299523e-05
0.022499999999999999,0.021000000000000005,1.7907100991114881e-05,1.0744260594668929e-05
0.023000000000000007,0.021000000000000005,8.379152856268242e-06,5.0274917137609452e-06
0.023500000000000007,0.021000000000000005,3.8587520606714561e-06,2.3152512364028737e-06
0.024,0.021000000000000005,1.7465435833031827e-06,1.0479261499819097e-06
0.024500000000000001,0.021000000000000005,7.7588090805997146e-07,4.6552854483598285e-07
0.025000000000000001,0.021000000000000005,3.3783854435352627e-07,2.0270312661211576e-07
-0.025000000000000001,0.021500000000000005,1.4978048802622687e-07,8.986829281573612e-08
-0.024500000000000001,0.021500000000000005,3.4665778579418923e-07,2.0799467147651353e-07
-0.024,0.021500000000000005,7.8746251221977799e-07,4.7247750733186678e-07
-0.0235,0.021500000000000005,1.758104639246433e-06,1.0548627835478597e-06
-0.023,0.021500000000000005,3.8630610677603e-06,2.3178366406561799e-06
-0.022500000000000003,0.021500000000000005,8.3640574763030036e-06,5.0184344857818018e-06
-0.022000000000000002,0.021500000000000005,1.7861655118891065e-05,1.0716993071334638e-05
-0.021500000000000002,0.021500000000000005,3.7645948136305988e-05,2.2587568881783591e-05
-0.021000000000000001,0.021500000000000005,7.8325175644277707e-05,4.699510538656662e-05
-0.020500000000000001,0.021500000000000005,0.00016083378695191098,9.6500272171146583e-05
-0.02,0.021500000000000005,0.00032574248108576352,0.00019544548865145812
-0.0195,0.021500000000000005,0.00065008967888272224,0.00039005380732963334
-0.019,0.021500000000000005,0.0012768765770050264,0.00076612594620301577
-0.018500000000000003,0.021500000000000005,0.0024650023225933635,0.001479001393556018
-0.018000000000000002,0.021500000000000005,0.0046706646489360982,0.0028023987893616587
-0.017500000000000002,0.021500000000000005,0.0086746580632624474,0.0052047948379574686
-0.017000000000000001,0.021500000000000005,0.015772543837960194,0.0094635263027761166
-0.016500000000000001,0.021500000000000005,0.028044590747979145,0.016826754448787486
-0.016,0.021500000000000005,0.048717220686139547,0.029230332411683727
-0.0155,0.021500000000000005,0.082614613283247942,0.049568767969948767
-0.015000000000000001,0.021500000000000005,0.13667583846253914,0.082005503077523481
-0.014500000000000001,0.021500000000000005,0.2204791088674341,0.13228746532046046
-0.014,0.021500000000000005,0.34667403872123875,0.20800442323274324
-0.0135,0.021500000000000005,0.53118422977881374,0.31871053786728826
-0.012999999999999999,0.021500000000000005,0.79302116363032227,0.47581269817819333
-0.012500000000000001,0.021500000000000005,1.1535656063720456,0.69213936382322738
-0.012,0.021500000000000005,1.6352432398622605,0.98114594391735621
-0.0115,0.021500000000000005,2.2596571276873703,1.355794276612422
-0.010999999999999999,0.021500000000000005,3.0454328572532514,1.8272597143519507
-0.010499999999999999,0.021500000000000005,4.0062486808494864,2.4037492085096916
-0.010000000000000002,0.021500000000000005,5.1497006902308238,3.0898204141384942
-0.0095000000000000015,0.021500000000000005,6.477710321359921,3.8866261928159522
-0.0090000000000000011,0.021500000000000005,7.9890372704222861,4.7934223622533718
-0.0085000000000000006,0.021500000000000005,9.6840649313257519,5.8104389587954506
-0.0080000000000000002,0.021500000000000005,11.571390729167225,6.942834437500335
-0.0074999999999999997,0.021500000000000005,13.674979863589346,8.2049879181536074
-0.0069999999999999993,0.021500000000000005,16.039915834506939,9.6239495007041622
-0.0064999999999999988,0.021500000000000005,18.734351318412262,11.240610791047358
-0.0059999999999999984,0.021500000000000005,21.845372731122598,13.107223638673558
-0.0054999999999999979,0.021500000000000005,25.467300992348541,15.280380595409124
-0.005000000000000001,0.021500000000000005,29.682454408798574,17.809472645279143
-0.0044999999999999971,0.021500000000000005,34.53637663738062,20.721825982428371
-0.0040000000000000001,0.021500000000000005,40.011554211130047,24.006932526678028
-0.0035000000000000031,0.021500000000000005,46.005154551812034,27.603092731087219
-0.0029999999999999992,0.021500000000000005,52.316758967109187,31.390055380265512
-0.0025000000000000022,0.021500000000000005,58.651083382023621,35.190650029214169
-0.0019999999999999983,0.021500000000000005,64.638248060375801,38.782948836225479
-0.0015000000000000013,0.021500000000000005,69.87066448796169,41.922398692777016
-0.00099999999999999742,0.021500000000000005,73.951808392281066,44.371085035368637
-0.00050000000000000044,0.021500000000000005,76.548993771994347,45.929396263196608
0,0.021500000000000005,77.440640981452148,46.46438458887129
0.00050000000000000044,0.021500000000000005,76.548993771957058,45.929396263174233
0.0010000000000000009,0.021500000000000005,73.951808392193058,44.371085035315836
0.0015000000000000013,0.021500000000000005,69.870664487792965,41.922398692675777
0.0020000000000000018,0.021500000000000005,64.638248060073508,38.782948836044106
0.0024999999999999988,0.021500000000000005,58.651083381502254,35.190650028901352
0.0030000000000000027,0.021500000000000005,52.316758966236613,31.390055379741966
0.0034999999999999996,0.021500000000000005,46.005154550393002,27.603092730235801
0.0040000000000000036,0.021500000000000005,40.011554208885705,24.006932525331422
0.0045000000000000005,0.021500000000000005,34.536376633928555,20.721825980357131
0.0049999999999999975,0.021500000000000005,29.682454403634434,17.809472642180658
0.0055000000000000014,0.021500000000000005,25.46730098483469,15.280380590900814
0.0059999999999999984,0.021500000000000005,21.845372720489554,13.107223632293731
0.0064999999999999988,0.021500000000000005,18.73435130377732,11.240610782266392
0.0069999999999999993,0.021500000000000005,16.039915814915791,9.6239494889494743
0.0074999999999999997,0.021500000000000005,13.674979838081997,8.2049879028491972
0.0080000000000000002,0.021500000000000005,11.571390696866905,6.9428344181201425
0.0085000000000000006,0.021500000000000005,9.6840648915439189,5.810438934926351
0.0090000000000000011,0.021500000000000005,7.989037222768328,4.7934223336609962
0.0095000000000000015,0.021500000000000005,6.4777102658399075,3.8866261595039444
0.010000000000000002,0.021500000000000005,5.1497006273184143,3.0898203763910486
0.010500000000000002,0.021500000000000005,4.0062486115133806,2.4037491669080282
0.011000000000000003,0.021500000000000005,3.0454327829310208,1.8272596697586123
0.011500000000000003,0.021500000000000005,2.2596570502029607,1.3557942301217765
0.012000000000000004,0.021500000000000005,1.6352431612941718,0.98114589677650299
0.012499999999999997,0.021500000000000005,1.1535655288876423,0.69213931733258538
0.013000000000000005,0.021500000000000005,0.79302108930809601,0.47581265358485758
0.013499999999999998,0.021500000000000005,0.53118416044272243,0.31871049626563347
0.014000000000000005,0.021500000000000005,0.34667397580883319,0.2080043854852999
0.014499999999999999,0.021500000000000005,0.22047905334743242,0.13228743200845944
0.014999999999999999,0.021500000000000005,0.1366757908085868,0.08200547448515208
0.0155,0.021500000000000005,0.08261457350142784,0.049568744100856703
0.016000000000000007,0.021500000000000005,0.04871718838583354,0.029230313031500123
0.016500000000000001,0.021500000000000005,0.028044565240656318,0.016826739144393789
0.017000000000000001,0.021500000000000005,0.015772524246834493,0.009463514548100696
0.017500000000000002,0.021500000000000005,0.0086746434283487203,0.0052047860570092318
0.017999999999999995,0.021500000000000005,0.0046706540159020087,0.0028023924095412051
0.018500000000000003,0.021500000000000005,0.0024649948087781147,0.0014789968852668687
0.019000000000000003,0.021500000000000005,0.0012768714128403539,0.00076612284770421232
0.019500000000000003,0.021500000000000005,0.00065008622684195388,0.0003900517361051723
0.019999999999999997,0.021500000000000005,0.0003257402367490522,0.00019544414204943132
0.020499999999999997,0.021500000000000005,0.00016083236777552552,9.6499420665315311e-05
0.021000000000000005,0.021500000000000005,7.8324302831685581e-05,4.6994581699011345e-05
0.021500000000000005,0.021500000000000005,3.7645426050490043e-05,2.2587255630294025e-05
0.021999999999999999,0.021500000000000005,1.7861351380946398e-05,1.0716810828567839e-05
0.022499999999999999,0.021500000000000005,8.3638856093134745e-06,5.0183313655880849e-06
0.023000000000000007,0.021500000000000005,3.8629664827850245e-06,2.3177798896710147e-06
0.023500000000000007,0.021500000000000005,1.7580540115574651e-06,1.054832406934479e-06
0.024,0.021500000000000005,7.8743615556328744e-07,4.7246169333797243e-07
0.024500000000000001,0.021500000000000005,3.4664444048027213e-07,2.0798666428816328e-07
0.025000000000000001,0.021500000000000005,1.4977391593571482e-07,8.9864349561428894e-08
-0.025000000000000001,0.021999999999999999,6.5084070564325978e-08,3.9050442338595588e-08
-0.024500000000000001,0.021999999999999999,1.5200847137328965e-07,9.1205082823973794e-08
-0.024,0.021999999999999999,3.4893675091017466e-07,2.0936205054610479e-07
-0.0235,0.021999999999999999,7.8831097082593401e-07,4.7298658249556038e-07
-0.023,0.021999999999999999,1.7548778626139681e-06,1.0529267175683809e-06
-0.022500000000000003,0.021999999999999999,3.8531447100395744e-06,2.3118868260237446e-06
-0.022000000000000002,0.021999999999999999,8.3497866098046831e-06,5.0098719658828099e-06
-0.021500000000000002,0.021999999999999999,1.7861656396441535e-05,1.071699383786492e-05
-0.021000000000000001,0.021999999999999999,3.7710339256316883e-05,2.2626203553790129e-05
-0.020500000000000001,0.021999999999999999,7.8527138121232281e-05,4.7116282872739366e-05
-0.02,0.021999999999999999,0.00016113135315007991,9.6678811890047947e-05
-0.0195,0.021999999999999999,0.00032539883763799994,0.00019523930258279995
-0.019,0.021999999999999999,0.00064586707665997942,0.00038752024599598766
-0.018500000000000003,0.021999999999999999,0.0012582329975971069,0.00075493979855826415
-0.018000000000000002,0.021999999999999999,0.0024026377754471483,0.0014415826652682889
-0.017500000000000002,0.021999999999999999,0.0044914547069946371,0.0026948728241967821
-0.017000000000000001,0.021999999999999999,0.0082106562177503648,0.0049263937306502185
-0.016500000000000001,0.021999999999999999,0.014663801363769232,0.0087982808182615387
-0.016,0.021999999999999999,0.025564943906930145,0.015338966344158086
-0.0155,0.021999999999999999,0.043479819971652268,0.02608789198299136
-0.015000000000000001,0.021999999999999999,0.07210233579658186,0.043261401477949116
-0.014500000000000001,0.021999999999999999,0.11653552213863087,0.069921313283178521
-0.014,0.021999999999999999,0.1835246973027084,0.11011481838162504
-0.0135,0.021999999999999999,0.28157046926992785,0.1689422815619567
-0.012999999999999999,0.021999999999999999,0.42083849143956015,0.25250309486373607
-0.012500000000000001,0.021999999999999999,0.61279188601123313,0.36767513160673987
-0.012,0.021999999999999999,0.8695108784825506,0.52170652708953036
-0.0115,0.021999999999999999,1.2027376526985263,0.7216425916191157
-0.010999999999999999,0.021999999999999999,1.6227880961195682,0.97367285767174083
-0.010499999999999999,0.021999999999999999,2.137587219230185,1.2825523315381109
-0.010000000000000002,0.021999999999999999,2.752177767451307,1.6513066604707842
-0.0095000000000000015,0.021999999999999999,3.4690774809883385,2.0814464885930031
-0.0090000000000000011,0.021999999999999999,4.2897756742090865,2.5738654045254519
-0.0085000000000000006,0.021999999999999999,5.2174373296615499,3.1304623977969297
-0.0080000000000000002,0.021999999999999999,6.2605305758239442,3.7563183454943663
-0.0074999999999999997,0.021999999999999999,7.4366668572601622,4.4620001143560968
-0.0069999999999999993,0.021999999999999999,8.7755467281098536,5.2653280368659123
-0.0064999999999999988,0.021999999999999999,10.319675136987124,6.1918050821922739
-0.0059999999999999984,0.021999999999999999,12.121584336902451,7.2729506021414707
-0.0054999999999999979,0.021999999999999999,14.236769269078463,8.5420615614470776
-0.005000000000000001,0.021999999999999999,16.712396207015221,10.027437724209133
-0.0044999999999999971,0.021999999999999999,19.572966127316313,11.743779676389787
-0.0040000000000000001,0.021999999999999999,22.805257022307213,13.683154213384327
-0.0035000000000000031,0.021999999999999999,26.345716856612484,15.80743011396749
-0.0029999999999999992,0.021999999999999999,30.07371943289354,18.044231659736123
-0.0025000000000000022,0.021999999999999999,33.813522036744367,20.288113222046618
-0.0019999999999999983,0.021999999999999999,37.346361811306572,22.407817086783943
-0.0015000000000000013,0.021999999999999999,40.432118931278474,24.259271358767084
-0.00099999999999999742,0.021999999999999999,42.837791567234106,25.702674940340462
-0.00050000000000000044,0.021999999999999999,44.368216478372737,26.620929887023642
0,0.021999999999999999,44.893540150743277,26.936124090445965
0.00050000000000000044,0.021999999999999999,44.368216478361596,26.620929887016956
0.0010000000000000009,0.021999999999999999,42.837791567207816,25.702674940324687
0.0015000000000000013,0.021999999999999999,40.432118931228075,24.259271358736843
0.0020000000000000018,0.021999999999999999,37.346361811216276,22.407817086729764
0.0024999999999999988,0.021999999999999999,33.813522036588658,20.288113221953193
0.0030000000000000027,0.021999999999999999,30.073719432632895,18.044231659579737
0.0034999999999999996,0.021999999999999999,26.345716856188659,15.807430113713195
0.0040000000000000036,0.021999999999999999,22.80525702163683,13.683154212982098
0.0045000000000000005,0.021999999999999999,19.572966126285177,11.743779675771107
0.0049999999999999975,0.021999999999999999,16.712396205472736,10.027437723283642
0.0055000000000000014,0.021999999999999999,14.236769266834111,8.5420615601004659
0.0059999999999999984,0.021999999999999999,12.121584333726407,7.2729506002358439
0.0064999999999999988,0.021999999999999999,10.319675132615748,6.1918050795694484
0.0069999999999999993,0.021999999999999999,8.775546722258083,5.2653280333548498
0.0074999999999999997,0.021999999999999999,7.436666849641254,4.4620001097847526
0.0080000000000000002,0.021999999999999999,6.2605305661760138,3.7563183397056079
0.0085000000000000006,0.021999999999999999,5.2174373177789315,3.130462390667359
0.0090000000000000011,0.021999999999999999,4.2897756599751045,2.5738653959850626
0.0095000000000000015,0.021999999999999999,3.4690774644048084,2.081446478642885
0.010000000000000002,0.021999999999999999,2.7521777486597054,1.6513066491958233
0.010500000000000002,0.021999999999999999,2.1375871985198587,1.2825523191119153
0.011000000000000003,0.021999999999999999,1.6227880739199116,0.9736728443519469
0.011500000000000003,0.021999999999999999,1.2027376295543459,0.72164257773260754
0.012000000000000004,0.021999999999999999,0.86951085501468062,0.52170651300880833
0.012499999999999997,0.021999999999999999,0.612791862867056,0.36767511772023359
0.013000000000000005,0.021999999999999999,0.42083846923990476,0.25250308154394285
0.013499999999999998,0.021999999999999999,0.28157044855960633,0.1689422691357638
0.014000000000000005,0.021999999999999999,0.18352467851110679,0.11011480710666408
0.014499999999999999,0.021999999999999999,0.11653550555510162,0.069921303333060972
0.014999999999999999,0.021999999999999999,0.072102321562599603,0.043261392937559762
0.0155,0.021999999999999999,0.043479808089034018,0.026087884853420409
0.016000000000000007,0.021999999999999999,0.025564934259000246,0.015338960555400146
0.016500000000000001,0.021999999999999999,0.014663793744867351,0.0087982762469204102
0.017000000000000001,0.021999999999999999,0.0082106503659851587,0.0049263902195910954
0.017500000000000002,0.021999999999999999,0.0044914503356236358,0.0026948702013741815
0.017999999999999995,0.021999999999999999,0.0024026345994163506,0.0014415807596498103
0.018500000000000003,0.021999999999999999,0.0012582307532603976,0.00075493845195623852
0.019000000000000003,0.021999999999999999,0.00064586553415141626,0.00038751932049084975
0.019500000000000003,0.021999999999999999,0.00032539780653175577,0.00019523868391905345
0.019999999999999997,0.021999999999999999,0.00016113068277862389,9.6678409667174327e-05
0.020499999999999997,0.021999999999999999,7.8526714220783264e-05,4.711602853246996e-05
0.021000000000000005,0.021999999999999999,3.7710078551830957e-05,2.2626047131098574e-05
0.021500000000000005,0.021999999999999999,1.7861500452180972e-05,1.0716900271308582e-05
0.021999999999999999,0.021999999999999999,8.3496958848936941e-06,5.0098175309362159e-06
0.022499999999999999,0.021999999999999999,3.8530933742825502e-06,2.3118560245695301e-06
0.023000000000000007,0.021999999999999999,1.7548496105841627e-06,1.0529097663504975e-06
0.023500000000000007,0.021999999999999999,7.8829584860410624e-07,4.7297750916246373e-07
0.024,0.021999999999999999,3.4892887831685347e-07,2.0935732699011209e-07
0.024500000000000001,0.021999999999999999,1.5200448519889599e-07,9.1202691119337589e-08
0.025000000000000001,0.021999999999999999,6.5082107515792486e-08,3.9049264509475487e-08
-0.025000000000000001,0.022499999999999999,2.7757409896418717e-08,1.6654445937851229e-08
-0.024500000000000001,0.022499999999999999,6.5512153257034607e-08,3.9307291954220764e-08
-0.024,0.022499999999999999,1.5217267669522149e-07,9.1303606017132891e-08
-0.0235,0.022499999999999999,3.4829710438408777e-07,2.0897826263045266e-07
-0.023,0.022499999999999999,7.8628868429679381e-07,4.7177321057807626e-07
-0.022500000000000003,0.022499999999999999,1.7518852302225057e-06,1.0511311381335035e-06
-0.022000000000000002,0.022499999999999999,3.8531448851081725e-06,2.3118869310649034e-06
-0.021500000000000002,0.022499999999999999,8.3640584107223342e-06,5.0184350464334e-06
-0.021000000000000001,0.022499999999999999,1.7907664263357644e-05,1.0744598558014586e-05
-0.020500000000000001,0.022499999999999999,3.7779930467686365e-05,2.2667958280611819e-05
-0.02,0.022499999999999999,7.8443714264260077e-05,4.7066228558556046e-05
-0.0195,0.022499999999999999,0.00016008296999323206,9.6049781995939237e-05
-0.019,0.022499999999999999,0.00032064258147342372,0.00019238554888405422
-0.018500000000000003,0.022499999999999999,0.00062951227702525705,0.0003777073662151542
-0.018000000000000002,0.022499999999999999,0.0012099165361848328,0.00072594992171089959
-0.017500000000000002,0.022499999999999999,0.0022740193115274795,0.0013644115869164877
-0.017000000000000001,0.022499999999999999,0.004175460083476328,0.0025052760500857969
-0.016500000000000001,0.022499999999999999,0.0074840239182640119,0.0044904143509584072
-0.016,0.022499999999999999,0.013085736265299,0.0078514417591794006
-0.0155,0.022499999999999999,0.022308096358411876,0.013384857815047125
-0.015000000000000001,0.022499999999999999,0.037063812780687051,0.022238287668412231
-0.014500000000000001,0.022499999999999999,0.059997238275196693,0.035998342965118016
-0.014,0.022499999999999999,0.09460675062885833,0.056764050377314995
-0.0135,0.022499999999999999,0.14530615122260901,0.087183690733565397
-0.012999999999999999,0.022499999999999999,0.2173829655730859,0.13042977934385153
-0.012500000000000001,0.022499999999999999,0.3168166866299354,0.19009001197796124
-0.012,0.022499999999999999,0.44994060945809056,0.26996436567485432
-0.0115,0.022499999999999999,0.62296956610458676,0.37378173966275202
-0.010999999999999999,0.022499999999999999,0.84146997880454188,0.50488198728272515
-0.010499999999999999,0.022499999999999999,1.1099081736439642,0.66594490418637853
-0.010000000000000002,0.022499999999999999,1.4314598562093708,0.85887591372562244
-0.0095000000000000015,0.022499999999999999,1.8082745184540734,1.0849647110724441
-0.0090000000000000011,0.022499999999999999,2.2423401315102969,1.3454040789061781
-0.0085000000000000006,0.022499999999999999,2.7369716965657154,1.6421830179394292
-0.0080000000000000002,0.022499999999999999,3.2987566563580866,1.9792539938148519
-0.0074999999999999997,0.022499999999999999,3.9395610604192561,2.3637366362515535
-0.0069999999999999993,0.022499999999999999,4.677989289867198,2.8067935739203187
-0.0064999999999999988,0.022499999999999999,5.539571392780072,3.323742835668043
-0.0059999999999999984,0.022499999999999999,6.5549994772040199,3.9329996863224119
-0.0054999999999999979,0.022499999999999999,7.7559965840938503,4.6535979504563096
-0.005000000000000001,0.022499999999999999,9.1688760866752226,5.501325652005133
-0.0044999999999999971,0.022499999999999999,10.806468495264442,6.4838810971586645
-0.0040000000000000001,0.022499999999999999,12.659721900955565,7.5958331405733386
-0.0035000000000000031,0.022499999999999999,14.690746859007206,8.814448115404323
-0.0029999999999999992,0.022499999999999999,16.829203579404158,10.097522147642495
-0.0025000000000000022,0.022499999999999999,18.973603693095267,11.38416221585716
-0.0019999999999999983,0.022499999999999999,20.998312169235952,12.598987301541571
-0.0015000000000000013,0.022499999999999999,22.765910334949091,13.659546200969453
-0.00099999999999999742,0.022499999999999999,24.143359770140808,14.486015862084484
-0.00050000000000000044,0.022499999999999999,25.019394370970339,15.011636622582202
0,0.022499999999999999,25.32004982634205,15.192029895805229
0.00050000000000000044,0.022499999999999999,25.019394370967103,15.01163662258026
0.0010000000000000009,0.022499999999999999,24.143359770133173,14.486015862079903
0.0015000000000000013,0.022499999999999999,22.765910334934446,13.659546200960667
0.0020000000000000018,0.022499999999999999,20.998312169209719,12.598987301525831
0.0024999999999999988,0.022499999999999999,18.973603693050045,11.384162215830026
0.0030000000000000027,0.022499999999999999,16.829203579328428,10.097522147597056
0.0034999999999999996,0.022499999999999999,14.690746858884092,8.814448115330455
0.0040000000000000036,0.022499999999999999,12.659721900760797,7.5958331404564774
0.0045000000000000005,0.022499999999999999,10.806468494964891,6.4838810969789344
0.0049999999999999975,0.022499999999999999,9.1688760862271241,5.5013256517362743
0.0055000000000000014,0.022499999999999999,7.7559965834418305,4.6535979500650981
0.0059999999999999984,0.022499999999999999,6.5549994762813446,3.9329996857688068
0.0064999999999999988,0.022499999999999999,5.5395713915101323,3.3237428349060791
0.0069999999999999993,0.022499999999999999,4.677989288167189,2.8067935729003133
0.0074999999999999997,0.022499999999999999,3.9395610582058698,2.3637366349235216
0.0080000000000000002,0.022499999999999999,3.2987566535552491,1.9792539921331493
0.0085000000000000006,0.022499999999999999,2.7369716931136749,1.6421830158682049
0.0090000000000000011,0.022499999999999999,2.2423401273751571,1.3454040764250943
0.0095000000000000015,0.022499999999999999,1.8082745136363623,1.0849647081818172
0.010000000000000002,0.022499999999999999,1.431459850750189,0.85887591045011336
0.010500000000000002,0.022499999999999999,1.1099081676273692,0.66594490057642153
0.011000000000000003,0.022499999999999999,0.84146997235527898,0.50488198341316737
0.011500000000000003,0.022499999999999999,0.62296955938092835,0.37378173562855699
0.012000000000000004,0.022499999999999999,0.44994060264039681,0.26996436158423809
0.012499999999999997,0.022499999999999999,0.31681667990627982,0.19009000794376787
0.013000000000000005,0.022499999999999999,0.2173829591238243,0.13042977547429457
0.013499999999999998,0.022499999999999999,0.14530614520601662,0.087183687123609965
0.014000000000000005,0.022499999999999999,0.09460674516967639,0.056764047101805833
0.014499999999999999,0.022499999999999999,0.059997233457486025,0.035998340074491611
0.014999999999999999,0.022499999999999999,0.037063808645547439,0.022238285187328462
0.0155,0.022499999999999999,0.02230809290637115,0.01338485574382269
0.016000000000000007,0.022499999999999999,0.013085733462461545,0.0078514400774769271
0.016500000000000001,0.022499999999999999,0.0074840217048831852,0.004490413022929911
0.017000000000000001,0.022499999999999999,0.0041754583834695451,0.002505275030081727
0.017500000000000002,0.022499999999999999,0.0022740180415926521,0.0013644108249555912
0.017999999999999995,0.022499999999999999,0.0012099156135104421,0.00072594936810626523
0.018500000000000003,0.022499999999999999,0.00062951162501897638,0.00037770697501138582
0.019000000000000003,0.022499999999999999,0.00032064213335649739,0.00019238528001389843
0.019500000000000003,0.022499999999999999,0.00016008267044470919,9.604960226682551e-05
0.019999999999999997,0.022499999999999999,7.8443519513447338e-05,4.70661117080684e-05
0.020499999999999997,0.022499999999999999,3.7779807319607391e-05,2.2667884391764434e-05
0.021000000000000005,0.022499999999999999,1.790758852563019e-05,1.0744553115378114e-05
0.021500000000000005,0.022499999999999999,8.3640131070757155e-06,5.0184078642454293e-06
0.021999999999999999,0.022499999999999999,3.8531185284517098e-06,2.3118711170710258e-06
0.022499999999999999,0.022499999999999999,1.7518703165797337e-06,1.0511221899478401e-06
0.023000000000000007,0.022499999999999999,7.8628047674898508e-07,4.7176828604939105e-07
0.023500000000000007,0.022499999999999999,3.482927112003227e-07,2.0897562672019363e-07
0.024,0.022499999999999999,1.5217038961402742e-07,9.1302233768416449e-08
0.024500000000000001,0.022499999999999999,6.5510995226367919e-08,3.930659713582075e-08
0.025000000000000001,0.022499999999999999,2.77568396076713e-08,1.6654103764602779e-08
-0.025000000000000001,0.023000000000000007,1.163509847288643e-08,6.9810590837318575e-09
-0.024500000000000001,0.023000000000000007,2.7787454997042077e-08,1.6672472998225245e-08
-0.024,0.023000000000000007,6.5392176194930482e-08,3.9235305716958288e-08
-0.0235,0.023000000000000007,1.5178249642671254e-07,9.106949785602752e-08
-0.023,0.023000000000000007,3.4770338994905074e-07,2.0862203396943044e-07
-0.022500000000000003,0.023000000000000007,7.8628870698661445e-07,4.7177322419196863e-07
-0.022000000000000002,0.023000000000000007,1.7548779871442374e-06,1.0529267922865425e-06
-0.021500000000000002,0.023000000000000007,3.8630615668559184e-06,2.3178369401135509e-06
-0.021000000000000001,0.023000000000000007,8.3794625733596202e-06,5.0276775440157718e-06
-0.020500000000000001,0.023000000000000007,1.7888536083313034e-05,1.073312164998782e-05
-0.02,0.023000000000000007,3.7533794697631589e-05,2.2520276818578952e-05
-0.0195,0.023000000000000007,7.7296156574751997e-05,4.6377693944851194e-05
-0.019,0.023000000000000007,0.00015602651979559006,9.3615911877354039e-05
-0.018500000000000003,0.023000000000000007,0.00030832203600002423,0.00018499322160001454
-0.018000000000000002,0.023000000000000007,0.00059579196314956827,0.00035747517788974097
-0.017500000000000002,0.023000000000000007,0.0011247374360018182,0.00067484246160109094
-0.017000000000000001,0.023000000000000007,0.0020726277319538136,0.0012435766391722882
-0.016500000000000001,0.023000000000000007,0.0037257513250486727,0.0022354507950292034
-0.016,0.023000000000000007,0.0065297141571767576,0.0039178284943060544
-0.0155,0.023000000000000007,0.011152667401980102,0.0066916004411880607
-0.015000000000000001,0.023000000000000007,0.01855797229671953,0.011134783378031718
-0.014500000000000001,0.023000000000000007,0.03007843850054041,0.018047063100324244
-0.014,0.023000000000000007,0.047478838144859571,0.028487302886915741
-0.0135,0.023000000000000007,0.072988404767443379,0.043793042860466029
-0.012999999999999999,0.023000000000000007,0.10928261122347352,0.065569566734084109
-0.012500000000000001,0.023000000000000007,0.15939638728898362,0.095637832373390172
-0.012,0.023000000000000007,0.22656164457135089,0.13593698674281052
-0.0115,0.023000000000000007,0.31398178210760896,0.18838906926456536
-0.010999999999999999,0.023000000000000007,0.42458333134862297,0.25474999880917376
-0.010499999999999999,0.023000000000000007,0.560814829701482,0.3364888978208892
-0.010000000000000002,0.023000000000000007,0.72458608041749595,0.43475164825049756
-0.0095000000000000015,0.023000000000000007,0.91744502414002849,0.55046701448401703
-0.0090000000000000011,0.023000000000000007,1.1410625877816527,0.68463755266899162
-0.0085000000000000006,0.023000000000000007,1.398030927989002,0.83881855679340112
-0.0080000000000000002,0.023000000000000007,1.6928800407528306,1.0157280244516984
-0.0074999999999999997,0.023000000000000007,2.0330977950106464,1.2198586770063877
-0.0069999999999999993,0.023000000000000007,2.4298289243187248,1.4578973545912348
-0.0064999999999999988,0.023000000000000007,2.8978686192622134,1.7387211715573281
-0.0059999999999999984,0.023000000000000007,3.4545951474205734,2.0727570884523439
-0.0054999999999999979,0.023000000000000007,4.1176290339372779,2.4705774203623667
-0.005000000000000001,0.023000000000000007,4.9012626508029911,2.9407575904817946
-0.0044999999999999971,0.023000000000000007,5.8120369268389878,3.4872221561033925
-0.0040000000000000001,0.023000000000000007,6.8441795574928914,4.106507734495735
-0.0035000000000000031,0.023000000000000007,7.975867224027489,4.7855203344164936
-0.0029999999999999992,0.023000000000000007,9.1673397053171275,5.5004038231902763
-0.0025000000000000022,0.023000000000000007,10.361714000545222,6.2170284003271332
-0.0019999999999999983,0.023000000000000007,11.488916944449377,6.8933501666696264
-0.0015000000000000013,0.023000000000000007,12.472541959018535,7.4835251754111205
-0.00099999999999999742,0.023000000000000007,13.238770622565081,7.9432623735390484
-0.00050000000000000044,0.023000000000000007,13.725948747380542,8.2355692484283249
0,0.023000000000000007,13.893125367186871,8.335875220312122
0.00050000000000000044,0.023000000000000007,13.725948747379626,8.2355692484277743
0.0010000000000000009,0.023000000000000007,13.238770622562924,7.9432623735377543
0.0015000000000000013,0.023000000000000007,12.472541959014398,7.4835251754086389
0.0020000000000000018,0.023000000000000007,11.488916944441963,6.8933501666651775
0.0024999999999999988,0.023000000000000007,10.361714000532436,6.2170284003194611
0.0030000000000000027,0.023000000000000007,9.1673397052957188,5.5004038231774315
0.0034999999999999996,0.023000000000000007,7.9758672239927098,4.7855203343956259
0.0040000000000000036,0.023000000000000007,6.8441795574378554,4.1065077344627134
0.0045000000000000005,0.023000000000000007,5.812036926754347,3.4872221560526082
0.0049999999999999975,0.023000000000000007,4.9012626506763839,2.9407575904058301
0.0055000000000000014,0.023000000000000007,4.1176290337530457,2.4705774202518271
0.0059999999999999984,0.023000000000000007,3.4545951471598664,2.0727570882959196
0.0064999999999999988,0.023000000000000007,2.8978686189033893,1.7387211713420336
0.0069999999999999993,0.023000000000000007,2.4298289238383797,1.4578973543030278
0.0074999999999999997,0.023000000000000007,2.0330977943852475,1.2198586766311486
0.0080000000000000002,0.023000000000000007,1.6928800399608801,1.0157280239765281
0.0085000000000000006,0.023000000000000007,1.3980309270136175,0.83881855620817047
0.0090000000000000011,0.023000000000000007,1.1410625866132562,0.68463755196795373
0.0095000000000000015,0.023000000000000007,0.91744502277876938,0.55046701366726158
0.010000000000000002,0.023000000000000007,0.72458607887498738,0.43475164732499244
0.010500000000000002,0.023000000000000007,0.5608148280014752,0.33648889680088512
0.011000000000000003,0.023000000000000007,0.42458332952636435,0.25474999771581858
0.011500000000000003,0.023000000000000007,0.31398178020781886,0.18838906812469131
0.012000000000000004,0.023000000000000007,0.22656164264499079,0.13593698558699446
0.012499999999999997,0.023000000000000007,0.15939638538919418,0.095637831233516504
0.013000000000000005,0.023000000000000007,0.10928260940121476,0.065569565640728855
0.013499999999999998,0.023000000000000007,0.072988403067436966,0.043793041840462177
0.014000000000000005,0.023000000000000007,0.047478836602350999,0.028487301961410597
0.014499999999999999,0.023000000000000007,0.0300784371392816,0.018047062283568959
0.014999999999999999,0.023000000000000007,0.018557971128323181,0.011134782676993908
0.0155,0.023000000000000007,0.011152666426595428,0.0066915998559572568
0.016000000000000007,0.023000000000000007,0.0065297133652264215,0.0039178280191358526
0.016500000000000001,0.023000000000000007,0.0037257506996511351,0.0022354504197906809
0.017000000000000001,0.023000000000000007,0.002072627251611689,0.0012435763509670134
0.017500000000000002,0.023000000000000007,0.0011247370771778344,0.00067484224630670066
0.017999999999999995,0.023000000000000007,0.00059579170244508856,0.00035747502146705313
0.018500000000000003,0.023000000000000007,0.00030832185177364821,0.00018499311106418893
0.019000000000000003,0.023000000000000007,0.00015602639317877689,9.3615835907266126e-05
0.019500000000000003,0.023000000000000007,7.729607193639712e-05,4.6377643161838268e-05
0.019999999999999997,0.023000000000000007,3.7533739670191776e-05,2.2520243802115064e-05
0.020499999999999997,0.023000000000000007,1.7888501287445367e-05,1.073310077246722e-05
0.021000000000000005,0.023000000000000007,8.3794411734322205e-06,5.0276647040593321e-06
0.021500000000000005,0.023000000000000007,3.8630487661715023e-06,2.3178292597029014e-06
0.021999999999999999,0.023000000000000007,1.7548705399900516e-06,1.052922323994031e-06
0.022499999999999999,0.023000000000000007,7.8628449309107178e-07,4.7177069585464304e-07
0.023000000000000007,0.023000000000000007,3.477010708812222e-07,2.0862064252873332e-07
0.023500000000000007,0.023000000000000007,1.517812551191535e-07,9.1068753071492092e-08
0.024,0.023000000000000007,6.5391529973118612e-08,3.9234917983871163e-08
0.024500000000000001,0.023000000000000007,2.7787127791922456e-08,1.6672276675153472e-08
0.025000000000000001,0.023000000000000007,1.1634937336050256e-08,6.9809624016301532e-09
-0.025000000000000001,0.023500000000000007,4.7999172254827828e-09,2.8799503352896697e-09
-0.024500000000000001,0.023500000000000007,1.1613806346237701e-08,6.96828380774262e-09
-0.024,0.023500000000000007,2.7716234112279931e-08,1.6629740467367959e-08
-0.0235,0.023500000000000007,6.5280743439223358e-08,3.9168446063534016e-08
-0.023,0.023500000000000007,1.5178249920806812e-07,9.1069499524840874e-08
-0.022500000000000003,0.023500000000000007,3.482971200806604e-07,2.0897827204839625e-07
-0.022000000000000002,0.023500000000000007,7.8831103551435657e-07,4.7298662130861394e-07
-0.021500000000000002,0.023500000000000007,1.7581048699718332e-06,1.0548629219830998e-06
-0.021000000000000001,0.023500000000000007,3.8589176648149492e-06,2.3153505988889696e-06
-0.020500000000000001,0.023500000000000007,8.3248140182615173e-06,4.9948884109569104e-06
-0.02,0.023500000000000007,1.7626670332868956e-05,1.0576002199721372e-05
-0.0195,0.023500000000000007,3.6582187638077618e-05,2.1949312582846569e-05
-0.019,0.023500000000000007,7.4324614803032813e-05,4.4594768881819684e-05
-0.018500000000000003,0.023500000000000007,0.00014766473026914652,8.8598838161487909e-05
-0.018000000000000002,0.023500000000000007,0.00028660475428042402,0.00017196285256825442
-0.017500000000000002,0.023500000000000007,0.00054299791881469656,0.00032579875128881791
-0.017000000000000001,0.023500000000000007,0.0010035238441223491,0.00060211430647340942
-0.016500000000000001,0.023500000000000007,0.0018081493724523439,0.0010848896234714064
-0.016,0.023500000000000007,0.0031749019603604179,0.0019049411762162506
-0.0155,0.023500000000000007,0.0054309125374339242,0.0032585475224603546
-0.015000000000000001,0.023500000000000007,0.0090481430582517036,0.005428885834951022
-0.014500000000000001,0.023500000000000007,0.014679999982123222,0.0088079999892739323
-0.014,0.023500000000000007,0.023192416682588916,0.013915450009553349
-0.0135,0.023500000000000007,0.035680612511578273,0.021408367506946965
-0.012999999999999999,0.023500000000000007,0.053461658229568366,0.032076994937741021
-0.012500000000000001,0.023500000000000007,0.078034524697365659,0.046820714818419394
-0.012,0.023500000000000007,0.11100471018891422,0.066602826113348529
-0.0115,0.023500000000000007,0.15398042089907915,0.092388252539447491
-0.010999999999999999,0.023500000000000007,0.20846086651124013,0.12507651990674407
-0.010499999999999999,0.023500000000000007,0.27575186782759953,0.16545112069655971
-0.010000000000000002,0.023500000000000007,0.35695496281351513,0.21417297768810908
-0.0095000000000000015,0.023500000000000007,0.45307743928877553,0.27184646357326531
-0.0090000000000000011,0.023500000000000007,0.56529624262030786,0.33917774557218472
-0.0085000000000000006,0.023500000000000007,0.69537496030895507,0.41722497618537302
-0.0080000000000000002,0.023500000000000007,0.84618149315886104,0.50770889589531665
-0.0074999999999999997,0.023500000000000007,1.0221928620011727,0.61331571720070355
-0.0069999999999999993,0.023500000000000007,1.2298182292410789,0.7378909375446473
-0.0064999999999999988,0.023500000000000007,1.4773418311955953,0.88640509871735718
-0.0059999999999999984,0.023500000000000007,1.7743042444504615,1.064582546670277
-0.0054999999999999979,0.023500000000000007,2.1302164830900225,1.2781298898540134
-0.005000000000000001,0.023500000000000007,2.5526362233697792,1.5315817340218676
-0.0044999999999999971,0.023500000000000007,3.0448098482500239,1.8268859089500142
-0.0040000000000000001,0.023500000000000007,3.6032604884499397,2.1619562930699638
-0.0035000000000000031,0.023500000000000007,4.2158313602422099,2.5294988161453258
-0.0029999999999999992,0.023500000000000007,4.860726462209481,2.9164358773256884
-0.0025000000000000022,0.023500000000000007,5.5069941914614153,3.3041965148768493
-0.0019999999999999983,0.023500000000000007,6.1166710943002283,3.6700026565801367
-0.0015000000000000013,0.023500000000000007,6.6484779190338452,3.9890867514203068
-0.00099999999999999742,0.023500000000000007,7.0626076863403577,4.2375646118042143
-0.00050000000000000044,0.023500000000000007,7.3258536133586807,4.3955121680152081
0,0.023500000000000007,7.416176030806561,4.4497056184839368
0.00050000000000000044,0.023500000000000007,7.3258536133584284,4.3955121680150571
0.0010000000000000009,0.023500000000000007,7.0626076863397653,4.237564611803859
0.0015000000000000013,0.023500000000000007,6.6484779190327075,3.9890867514196242
0.0020000000000000018,0.023500000000000007,6.116671094298181,3.6700026565789083
0.0024999999999999988,0.023500000000000007,5.5069941914579106,3.3041965148747461
0.0030000000000000027,0.023500000000000007,4.8607264622036004,2.9164358773221601
0.0034999999999999996,0.023500000000000007,4.2158313602326514,2.5294988161395908
0.0040000000000000036,0.023500000000000007,3.6032604884348158,2.1619562930608893
0.0045000000000000005,0.023500000000000007,3.044809848226758,1.8268859089360547
0.0049999999999999975,0.023500000000000007,2.552636223334984,1.5315817340009903
0.0055000000000000014,0.023500000000000007,2.1302164830393897,1.2781298898236337
0.0059999999999999984,0.023500000000000007,1.7743042443788157,1.0645825466272894
0.0064999999999999988,0.023500000000000007,1.4773418310969832,0.88640509865818995
0.0069999999999999993,0.023500000000000007,1.2298182291090722,0.73789093746544332
0.0074999999999999997,0.023500000000000007,1.0221928618293032,0.61331571709758193
0.0080000000000000002,0.023500000000000007,0.84618149294122214,0.50770889576473321
0.0085000000000000006,0.023500000000000007,0.69537496004090626,0.41722497602454373
0.0090000000000000011,0.023500000000000007,0.56529624229921704,0.33917774537953022
0.0095000000000000015,0.023500000000000007,0.45307743891468394,0.27184646334881035
0.010000000000000002,0.023500000000000007,0.35695496238961399,0.2141729774337684
0.010500000000000002,0.023500000000000007,0.27575186736041563,0.16545112041624938
0.011000000000000003,0.023500000000000007,0.20846086601046013,0.12507651960627608
0.011500000000000003,0.023500000000000007,0.15398042037699278,0.092388252226195663
0.012000000000000004,0.023500000000000007,0.11100470965952623,0.066602825795715734
0.012499999999999997,0.023500000000000007,0.078034524175280007,0.046820714505168004
0.013000000000000005,0.023500000000000007,0.053461657728788962,0.032076994637273377
0.013499999999999998,0.023500000000000007,0.035680612044395356,0.021408367226637214
0.014000000000000005,0.023500000000000007,0.02319241625868838,0.013915449755213027
0.014499999999999999,0.023500000000000007,0.014679999608032413,0.0088079997648194477
0.014999999999999999,0.023500000000000007,0.0090481427371619117,0.0054288856422971465
0.0155,0.023500000000000007,0.0054309122693861293,0.0032585473616316774
0.016000000000000007,0.023500000000000007,0.0031749017427226485,0.001904941045633589
0.016500000000000001,0.023500000000000007,0.0018081492005853543,0.0010848895203512125
0.017000000000000001,0.023500000000000007,0.0010035237121183826,0.00060211422727102953
0.017500000000000002,0.023500000000000007,0.00054299782020542336,0.00032579869212325403
0.017999999999999995,0.023500000000000007,0.00028660468263560666,0.000171962809581364
0.018500000000000003,0.023500000000000007,0.00014766467964145801,8.8598807784874805e-05
0.019000000000000003,0.023500000000000007,7.4324580007164491e-05,4.4594748004298692e-05
0.019500000000000003,0.023500000000000007,3.6582164378409887e-05,2.1949298627045932e-05
0.019999999999999997,0.023500000000000007,1.7626655210647186e-05,1.0575993126388311e-05
0.020499999999999997,0.023500000000000007,8.3248044559262933e-06,4.994882673555776e-06
0.021000000000000005,0.023500000000000007,3.8589117838499481e-06,2.3153470703099687e-06
0.021500000000000005,0.023500000000000007,1.7581013521852694e-06,1.0548608113111617e-06
0.021999999999999999,0.023500000000000007,7.8830898894418607e-07,4.729853933665116e-07
0.022499999999999999,0.023500000000000007,3.4829596204999716e-07,2.0897757722999828e-07
0.023000000000000007,0.023500000000000007,1.5178186189951657e-07,9.1069117139709939e-08
0.023500000000000007,0.023500000000000007,6.5280402312537689e-08,3.9168241387522614e-08
0.024,0.023500000000000007,2.7716056522525463e-08,1.6629633913515276e-08
0.024500000000000001,0.023500000000000007,1.161371642621987e-08,6.9682298557319212e-09
0.025000000000000001,0.023500000000000007,4.799872943085249e-09,2.8799237658511492e-09
-0.025000000000000001,0.024,1.9511747127529796e-09,1.1707048276517878e-09
-0.024500000000000001,0.024,4.7876185352228158e-09,2.8725711211336892e-09
-0.024,0.024,1.1594020662956623e-08,6.9564123977739737e-09
-0.0235,0.024,2.7716234434752336e-08,1.66297406608514e-08
-0.023,0.024,6.5392178066219002e-08,3.9235306839731403e-08
-0.022500000000000003,0.024,1.521726846251499e-07,9.1303610775089935e-08
-0.022000000000000002,0.024,3.4893677999413522e-07,2.0936206799648113e-07
-0.021500000000000002,0.024,7.8746260958497554e-07,4.724775657509853e-07
-0.021000000000000001,0.024,1.7466297100434991e-06,1.0479778260260994e-06
-0.020500000000000001,0.024,3.8023986474130671e-06,2.28143918844784e-06
-0.02,0.024,8.1136630098012609e-06,4.8681978058807565e-06
-0.0195,0.024,1.6948774725761185e-05,1.0169264835456711e-05
-0.019,0.024,3.4620916298298376e-05,2.0772549778979026e-05
-0.018500000000000003,0.024,6.9087302270478353e-05,4.1452381362287007e-05
-0.018000000000000002,0.024,0.00013457419042369614,8.0744514254217685e-05
-0.017500000000000002,0.024,0.00025570197276420442,0.00015342118365852266
-0.017000000000000001,0.024,0.00047366914704051347,0.00028420148822430808
-0.016500000000000001,0.024,0.00085505462526458084,0.00051303277515874846
-0.016,0.024,0.001503636459237422,0.00090218187554245315
-0.0155,0.024,0.0025752142071306817,0.0015451285242784089
-0.015000000000000001,0.024,0.0042946949508222828,0.0025768169704933697
-0.014500000000000001,0.024,0.0069736615399217479,0.0041841969239530489
-0.014,0.024,0.011025417185569444,0.0066152503113416665
-0.0135,0.024,0.016973405573423389,0.010184043344054034
-0.012999999999999999,0.024,0.02544844647742384,0.015269067886454303
-0.012500000000000001,0.024,0.037171037913295769,0.022302622747977462
-0.012,0.024,0.052917647176420481,0.031750588305852284
-0.0115,0.024,0.07347471158910962,0.044084826953465772
-0.010999999999999999,0.024,0.099590607141483767,0.059754364284890255
-0.010499999999999999,0.024,0.13194280213281587,0.079165681279689523
-0.010000000000000002,0.024,0.17114248720508812,0.10268549232305287
-0.0095000000000000015,0.024,0.21779917486720904,0.13067950492032543
-0.0090000000000000011,0.024,0.27266017531395975,0.16359610518837583
-0.0085000000000000006,0.024,0.33682277278617406,0.20209366367170442
-0.0080000000000000002,0.024,0.41199110338508976,0.24719466203105384
-0.0074999999999999997,0.024,0.5007193359199128,0.30043160155194765
-0.0069999999999999993,0.024,0.60655548171917195,0.36393328903150318
-0.0064999999999999988,0.024,0.73398613554237457,0.44039168132542472
-0.0059999999999999984,0.024,0.88809178585981796,0.53285507151589073
-0.0054999999999999979,0.024,1.0738616853609562,0.6443170112165737
-0.005000000000000001,0.024,1.2951863072826495,0.77711178436958972
-0.0044999999999999971,0.024,1.5536344058020812,0.93218064348124874
-0.0040000000000000001,0.024,1.8472115490988454,1.1083269294593072
-0.0035000000000000031,0.024,2.1693624574709873,1.3016174744825924
-0.0029999999999999992,0.024,2.5084954730963851,1.5050972838578309
-0.0025000000000000022,0.024,2.8482571163390942,1.7089542698034565
-0.0019999999999999983,0.024,3.1686665804578671,1.9011999482747202
-0.0015000000000000013,0.024,3.4480522177930446,2.0688313306758266
-0.00099999999999999742,0.024,3.6655502406623404,2.199330144397404
-0.00050000000000000044,0.024,3.8037753584798666,2.2822652150879197
0,0.024,3.8511965503969932,2.3107179302381957
0.00050000000000000044,0.024,3.8037753584797995,2.2822652150878797
0.0010000000000000009,0.024,3.6655502406621814,2.1993301443973086
0.0015000000000000013,0.024,3.44805221779274,2.0688313306756441
0.0020000000000000018,0.024,3.1686665804573164,1.9011999482743898
0.0024999999999999988,0.024,2.848257116338158,1.7089542698028948
0.0030000000000000027,0.024,2.508495473094813,1.5050972838568877
0.0034999999999999996,0.024,2.1693624574684329,1.3016174744810598
0.0040000000000000036,0.024,1.8472115490947996,1.1083269294568796
0.0045000000000000005,0.024,1.5536344057958613,0.93218064347751672
0.0049999999999999975,0.024,1.2951863072733512,0.77711178436401063
0.0055000000000000014,0.024,1.0738616853474214,0.64431701120845286
0.0059999999999999984,0.024,0.88809178584066717,0.53285507150440026
0.0064999999999999988,0.024,0.73398613551601721,0.44039168130961032
0.0069999999999999993,0.024,0.60655548168388829,0.36393328901033295
0.0074999999999999997,0.024,0.50071933587397466,0.30043160152438481
0.0080000000000000002,0.024,0.41199110332691824,0.24719466199615092
0.0085000000000000006,0.024,0.33682277271452871,0.20209366362871722
0.0090000000000000011,0.024,0.27266017522813729,0.16359610513688236
0.0095000000000000015,0.024,0.21779917476722024,0.13067950486033214
0.010000000000000002,0.024,0.17114248709178617,0.1026854922550717
0.010500000000000002,0.024,0.13194280200794498,0.079165681204766983
0.011000000000000003,0.024,0.099590607007633253,0.059754364204579948
0.011500000000000003,0.024,0.073474711449564412,0.044084826869738643
0.012000000000000004,0.024,0.052917647034923666,0.031750588220954196
0.012499999999999997,0.024,0.037171037773750852,0.02230262266425051
0.013000000000000005,0.024,0.025448446343573555,0.015269067806144131
0.013499999999999998,0.024,0.016973405448553046,0.010184043269131826
0.014000000000000005,0.024,0.011025417072267662,0.0066152502433605969
0.014499999999999999,0.024,0.0069736614399333718,0.0041841968639600227
0.014999999999999999,0.024,0.0042946948650002094,0.0025768169190001256
0.0155,0.024,0.0025752141354858662,0.0015451284812915197
0.016000000000000007,0.024,0.0015036364010663772,0.00090218184063982625
0.016500000000000001,0.024,0.00085505457932732705,0.00051303274759639621
0.017000000000000001,0.024,0.00047366911175799958,0.00028420146705479971
0.017500000000000002,0.024,0.00025570194640754874,0.00015342116784452923
0.017999999999999995,0.024,0.00013457417127420068,8.0744502764520403e-05
0.018500000000000003,0.024,6.9087288738519935e-05,4.1452373243111957e-05
0.019000000000000003,0.024,3.4620906997928156e-05,2.0772544198756893e-05
0.019500000000000003,0.024,1.694876850882982e-05,1.0169261105297892e-05
0.019999999999999997,0.024,8.1136589678771524e-06,4.8681953807262909e-06
0.020499999999999997,0.024,3.8023960915562458e-06,2.2814376549337474e-06
0.021000000000000005,0.024,1.7466281381571082e-06,1.0479768828942649e-06
0.021500000000000005,0.024,7.8746166933778589e-07,4.7247700160267149e-07
0.021999999999999999,0.024,3.4893623297918421e-07,2.0936173978751051e-07
0.022499999999999999,0.024,1.5217237510236997e-07,9.1303425061421986e-08
0.023000000000000007,0.024,6.5392007723998228e-08,3.9235204634398937e-08
0.023500000000000007,0.024,2.771614325713196e-08,1.6629685954279176e-08
0.024,0.024,1.1593973196100774e-08,6.9563839176604644e-09
0.024500000000000001,0.024,4.7875945010630969e-09,2.872556700637858e-09
0.025000000000000001,0.024,1.9511628767876347e-09,1.1706977260725807e-09
-0.025000000000000001,0.024500000000000001,7.8230767283830207e-10,4.6938460370298124e-10
-0.024500000000000001,0.024500000000000001,1.947851289000802e-09,1.1687107734004811e-09
-0.024,0.024500000000000001,4.7876185705855067e-09,2.8725711423513037e-09
-0.0235,0.024500000000000001,1.1613806557241307e-08,6.9682839343447841e-09
-0.023,0.024500000000000001,2.77874559164759e-08,1.6672473549885538e-08
-0.022500000000000003,0.024500000000000001,6.551215672451455e-08,3.9307294034708727e-08
-0.022000000000000002,0.024500000000000001,1.5200848330993197e-07,9.1205089985959182e-08
-0.021500000000000002,0.024500000000000001,3.4665782420117213e-07,2.0799469452070327e-07
-0.021000000000000001,0.024500000000000001,7.7592447981022283e-07,4.6555468788613367e-07
-0.020500000000000001,0.024500000000000001,1.7023134431238815e-06,1.0213880658743289e-06
-0.02,0.024500000000000001,3.6561195493916152e-06,2.193671729634969e-06
-0.0195,0.024500000000000001,7.6785360700287466e-06,4.607121642017248e-06
-0.019,0.024500000000000001,1.5754095857798084e-05,9.4524575146788507e-06
-0.018500000000000003,0.024500000000000001,3.1550702759351052e-05,1.8930421655610631e-05
-0.018000000000000002,0.024500000000000001,6.1635178027131003e-05,3.6981106816278598e-05
-0.017500000000000002,0.024500000000000001,0.00011738441341022039,7.0430648046132234e-05
-0.017000000000000001,0.024500000000000001,0.00021785163103074694,0.00013071097861844816
-0.016500000000000001,0.024500000000000001,0.00039384802787257515,0.00023630881672354509
-0.016,0.024500000000000001,0.00069342628095769268,0.0004160557685746156
-0.0155,0.024500000000000001,0.0011887639791959136,0.00071325838751754814
-0.015000000000000001,0.024500000000000001,0.0019841118632210847,0.0011904671179326508
-0.014500000000000001,0.024500000000000001,0.0032239960438884578,0.0019343976263330746
-0.014,0.024500000000000001,0.005100307660583699,0.0030601845963502193
-0.0135,0.024500000000000001,0.0078564246294900841,0.0047138547776940506
-0.012999999999999999,0.024500000000000001,0.011786324801884861,0.0070717948811309167
-0.012500000000000001,0.024500000000000001,0.017227062932535429,0.010336237759521257
-0.012,0.024500000000000001,0.024544266923944496,0.014726560154366696
-0.0115,0.024500000000000001,0.034112578568372673,0.020467547141023602
-0.010999999999999999,0.024500000000000001,0.046296025561106922,0.027777615336664153
-0.010499999999999999,0.024500000000000001,0.061436529276580241,0.036861917565948144
-0.010000000000000002,0.024500000000000001,0.079861022603706727,0.047916613562224035
-0.0095000000000000015,0.024500000000000001,0.10191754846886919,0.061150529081321514
-0.0090000000000000011,0.024500000000000001,0.12804684651862538,0.076828107911175225
-0.0085000000000000006,0.024500000000000001,0.15888751128145021,0.095332506768870118
-0.0080000000000000002,0.024500000000000001,0.19540020973284647,0.11724012583970787
-0.0074999999999999997,0.024500000000000001,0.23898172140069707,0.14338903284041823
-0.0069999999999999993,0.024500000000000001,0.29152647125482262,0.17491588275289358
-0.0064999999999999988,0.024500000000000001,0.35538671434450098,0.21323202860670057
-0.0059999999999999984,0.024500000000000001,0.43318754892976868,0.25991252935786119
-0.0054999999999999979,0.024500000000000001,0.52747274384080645,0.31648364630448383
-0.005000000000000001,0.024500000000000001,0.6401917915056371,0.38411507490338226
-0.0044999999999999971,0.024500000000000001,0.77208282559143593,0.46324969535486155
-0.0040000000000000001,0.024500000000000001,0.92205059781646281,0.55323035868987769
-0.0035000000000000031,0.024500000000000001,1.0866710411304885,0.65200262467829306
-0.0029999999999999992,0.024500000000000001,1.2599615533367767,0.75597693200206606
-0.0025000000000000022,0.024500000000000001,1.4335305687560771,0.86011834125364628
-0.0019999999999999983,0.024500000000000001,1.5971605439833363,0.95829632639000173
-0.0015000000000000013,0.024500000000000001,1.7397941791422125,1.0438765074853273
-0.00099999999999999742,0.024500000000000001,1.8508023961949114,1.1104814377169467
-0.00050000000000000044,0.024500000000000001,1.9213370630760911,1.1528022378456546
0,0.024500000000000001,1.9455331182543254,1.1673198709525952
0.00050000000000000044,0.024500000000000001,1.9213370630760733,1.152802237845644
0.0010000000000000009,0.024500000000000001,1.8508023961948701,1.1104814377169221
0.0015000000000000013,0.024500000000000001,1.7397941791421334,1.04387650748528
0.0020000000000000018,0.024500000000000001,1.5971605439831917,0.95829632638991502
0.0024999999999999988,0.024500000000000001,1.4335305687558348,0.86011834125350084
0.0030000000000000027,0.024500000000000001,1.2599615533363682,0.75597693200182092
0.0034999999999999996,0.024500000000000001,1.0866710411298255,0.65200262467789527
0.0040000000000000036,0.024500000000000001,0.92205059781541221,0.5532303586892473
0.0045000000000000005,0.024500000000000001,0.77208282558981867,0.46324969535389116
0.0049999999999999975,0.024500000000000001,0.64019179150322114,0.3841150749019327
0.0055000000000000014,0.024500000000000001,0.52747274383728771,0.31648364630237263
0.0059999999999999984,0.024500000000000001,0.4331875489247915,0.25991252935487491
0.0064999999999999988,0.024500000000000001,0.35538671433764935,0.21323202860258961
0.0069999999999999993,0.024500000000000001,0.29152647124565073,0.17491588274739042
0.0074999999999999997,0.024500000000000001,0.23898172138875529,0.14338903283325316
0.0080000000000000002,0.024500000000000001,0.19540020971772423,0.11724012583063453
0.0085000000000000006,0.024500000000000001,0.1588875112628253,0.095332506757695182
0.0090000000000000011,0.024500000000000001,0.12804684649631495,0.076828107897788975
0.0095000000000000015,0.024500000000000001,0.10191754844287608,0.061150529065725642
0.010000000000000002,0.024500000000000001,0.079861022574252663,0.047916613544551595
0.010500000000000002,0.024500000000000001,0.061436529244118757,0.036861917546471251
0.011000000000000003,0.024500000000000001,0.046296025526311055,0.027777615315786632
0.011500000000000003,0.024500000000000001,0.034112578532096337,0.020467547119257801
0.012000000000000004,0.024500000000000001,0.024544266887160816,0.014726560132296489
0.012499999999999997,0.024500000000000001,0.017227062896259197,0.010336237737755518
0.013000000000000005,0.024500000000000001,0.011786324767088994,0.0070717948602533956
0.013499999999999998,0.024500000000000001,0.0078564245970286304,0.0047138547582171782
0.014000000000000005,0.024500000000000001,0.0051003076311296322,0.0030601845786777794
0.014499999999999999,0.024500000000000001,0.003223996017895353,0.0019343976107372117
0.014999999999999999,0.024500000000000001,0.0019841118409106707,0.0011904671045464023
0.0155,0.024500000000000001,0.0011887639605710277,0.00071325837634261661
0.016000000000000007,0.024500000000000001,0.00069342626583546619,0.00041605575950127971
0.016500000000000001,0.024500000000000001,0.00039384801593066502,0.00023630880955839901
0.017000000000000001,0.024500000000000001,0.00021785162185865653,0.00013071097311519392
0.017500000000000002,0.024500000000000001,0.00011738440655850777,7.0430643935104662e-05
0.017999999999999995,0.024500000000000001,6.1635173049002254e-05,3.6981103829401352e-05
0.018500000000000003,0.024500000000000001,3.1550699241564499e-05,1.89304195449387e-05
0.019000000000000003,0.024500000000000001,1.5754093440061097e-05,9.4524560640366575e-06
0.019500000000000003,0.024500000000000001,7.6785344538667576e-06,4.6071206723200547e-06
0.019999999999999997,0.024500000000000001,3.6561184986474771e-06,2.1936710991884862e-06
0.020499999999999997,0.024500000000000001,1.702312778699847e-06,1.0213876672199081e-06
0.021000000000000005,0.024500000000000001,7.759240711804785e-07,4.655544427082871e-07
0.021500000000000005,0.024500000000000001,3.4665757977322008e-07,2.0799454786393205e-07
0.021999999999999999,0.024500000000000001,1.5200834110717451e-07,9.1205004664304703e-08
0.022499999999999999,0.024500000000000001,6.5512076260547833e-08,3.93072457563287e-08
0.023000000000000007,0.024500000000000001,2.7787411634078251e-08,1.6672446980446951e-08
0.023500000000000007,0.024500000000000001,1.1613782854581843e-08,6.9682697127491055e-09
0.024,0.024500000000000001,4.7876062310364798e-09,2.8725637386218877e-09
0.024500000000000001,0.024500000000000001,1.9478450410476369e-09,1.1687070246285821e-09
0.025000000000000001,0.024500000000000001,7.8230459594449217e-10,4.6938275756669528e-10
-0.025000000000000001,0.025000000000000001,3.0956383920460086e-10,1.8573830352276052e-10
-0.024500000000000001,0.025000000000000001,7.8230767650624476e-10,4.6938460590374686e-10
-0.024,0.025000000000000001,1.9511747352569311e-09,1.1707048411541586e-09
-0.0235,0.025000000000000001,4.7999173263122398e-09,2.879950395787344e-09
-0.023,0.025000000000000001,1.1635098863894004e-08,6.9810593183364026e-09
-0.022500000000000003,0.025000000000000001,2.7757411280510151e-08,1.665444676830609e-08
-0.022000000000000002,0.025000000000000001,6.5084075143776547e-08,3.9050445086265927e-08
-0.021500000000000002,0.025000000000000001,1.4978050236820515e-07,8.9868301420923085e-08
-0.021000000000000001,0.025000000000000001,3.3785998711725857e-07,2.0271599227035513e-07
-0.020500000000000001,0.025000000000000001,7.4606738353870755e-07,4.4764043012322453e-07
-0.02,0.025000000000000001,1.6109986435912542e-06,9.6659918615475249e-07
-0.0195,0.025000000000000001,3.398344641492347e-06,2.0390067848954082e-06
-0.019,0.025000000000000001,6.997413324197981e-06,4.1984479945187888e-06
-0.018500000000000003,0.025000000000000001,1.4054261111934057e-05,8.4325566671604348e-06
-0.018000000000000002,0.025000000000000001,2.7519182818487056e-05,1.6511509691092234e-05
-0.017500000000000002,0.025000000000000001,5.2507880104296506e-05,3.15047280625779e-05
-0.017000000000000001,0.025000000000000001,9.7593505838695595e-05,5.8556103503217356e-05
-0.016500000000000001,0.025000000000000001,0.00017664737321415968,0.00010598842392849581
-0.016,0.025000000000000001,0.00031131335626985972,0.00018678801376191583
-0.0155,0.025000000000000001,0.00053411709394360254,0.00032047025636616153
-0.015000000000000001,0.025000000000000001,0.00089206284854788929,0.00053523770912873353
-0.014500000000000001,0.025000000000000001,0.0014503598856706939,0.00087021593140241638
-0.014,0.025000000000000001,0.002295675557664442,0.0013774053345986651
-0.0135,0.025000000000000001,0.0035381011072816333,0.0021228606643689798
-0.012999999999999999,0.025000000000000001,0.005310946160569774,0.0031865676963418643
-0.012500000000000001,0.025000000000000001,0.0077676823288443438,0.0046606093973066065
-0.012,0.025000000000000001,0.011075956802576883,0.0066455740815461297
-0.0115,0.025000000000000001,0.015409642476768362,0.0092457854860610172
-0.010999999999999999,0.025000000000000001,0.020941286815657687,0.012564772089394612
-0.010499999999999999,0.025000000000000001,0.027838768476888535,0.016703261086133122
-0.010000000000000002,0.025000000000000001,0.036270953629609554,0.02176257217776573
-0.0095000000000000015,0.025000000000000001,0.046427000223256687,0.027856200133954012
-0.0090000000000000011,0.025000000000000001,0.058552046229666463,0.035131227737799878
-0.0085000000000000006,0.025000000000000001,0.072997970926751837,0.043798782556051102
-0.0080000000000000002,0.025000000000000001,0.090281931778107366,0.054169159066864418
-0.0074999999999999997,0.025000000000000001,0.11113842875452458,0.066683057252714742
-0.0069999999999999993,0.025000000000000001,0.13654452346332005,0.081926714077992027
-0.0064999999999999988,0.025000000000000001,0.16769489934301837,0.10061693960581101
-0.0059999999999999984,0.025000000000000001,0.20590605104743107,0.12354363062845863
-0.0054999999999999979,0.025000000000000001,0.25243859371924343,0.15146315623154605
-0.005000000000000001,0.025000000000000001,0.30824339788911509,0.18494603873346904
-0.0044999999999999971,0.025000000000000001,0.37365866108301493,0.22419519664980894
-0.0040000000000000001,0.025000000000000001,0.44810654636023656,0.26886392781614193
-0.0035000000000000031,0.025000000000000001,0.5298535740304281,0.31791214441825683
-0.0029999999999999992,0.025000000000000001,0.61590247753558891,0.36954148652135332
-0.0025000000000000022,0.025000000000000001,0.70207061626717615,0.42124236976030566
-0.0019999999999999983,0.025000000000000001,0.783280926667283,0.4699685560003698
-0.0015000000000000013,0.025000000000000001,0.85405017231158542,0.51243010338695127
-0.00099999999999999742,0.025000000000000001,0.90911463731948128,0.54546878239168872
-0.00050000000000000044,0.025000000000000001,0.9440965127685772,0.56645790766114634
0,0.025000000000000001,0.95609553305820605,0.57365731983492363
0.00050000000000000044,0.025000000000000001,0.94409651276857287,0.56645790766114368
0.0010000000000000009,0.025000000000000001,0.90911463731947073,0.54546878239168239
0.0015000000000000013,0.025000000000000001,0.85405017231156533,0.51243010338693917
0.0020000000000000018,0.025000000000000001,0.78328092666724569,0.46996855600034737
0.0024999999999999988,0.025000000000000001,0.70207061626711531,0.42124236976026919
0.0030000000000000027,0.025000000000000001,0.61590247753548555,0.36954148652129132
0.0034999999999999996,0.025000000000000001,0.52985357403026079,0.31791214441815646
0.0040000000000000036,0.025000000000000001,0.44810654635997066,0.2688639278159824
0.0045000000000000005,0.025000000000000001,0.37365866108260559,0.22419519664956336
0.0049999999999999975,0.025000000000000001,0.30824339788850436,0.18494603873310261
0.0055000000000000014,0.025000000000000001,0.25243859371835337,0.151463156231012
0.0059999999999999984,0.025000000000000001,0.20590605104617249,0.12354363062770349
0.0064999999999999988,0.025000000000000001,0.1676948993412859,0.10061693960477154
0.0069999999999999993,0.025000000000000001,0.13654452346100082,0.081926714076600488
0.0074999999999999997,0.025000000000000001,0.11113842875150501,0.066683057250902997
0.0080000000000000002,0.025000000000000001,0.090281931774283758,0.054169159064570253
0.0085000000000000006,0.025000000000000001,0.072997970922042618,0.043798782553225571
0.0090000000000000011,0.025000000000000001,0.058552046224025427,0.035131227734415252
0.0095000000000000015,0.025000000000000001,0.046427000216684527,0.027856200130010715
0.010000000000000002,0.025000000000000001,0.036270953622162344,0.021762572173297405
0.010500000000000002,0.025000000000000001,0.027838768468680896,0.016703261081208537
0.011000000000000003,0.025000000000000001,0.020941286806859836,0.012564772084115902
0.011500000000000003,0.025000000000000001,0.015409642467596242,0.0092457854805577458
0.012000000000000004,0.025000000000000001,0.011075956793276494,0.0066455740759658963
0.012499999999999997,0.025000000000000001,0.0077676823196722805,0.004660609391803368
0.013000000000000005,0.025000000000000001,0.0053109461517719721,0.0031865676910631832
0.013499999999999998,0.025000000000000001,0.003538101099074098,0.0021228606594444585
0.014000000000000005,0.025000000000000001,0.0022956755502172754,0.0013774053301303653
0.014499999999999999,0.025000000000000001,0.0014503598790986086,0.00087021592745916516
0.014999999999999999,0.025000000000000001,0.00089206284290693284,0.00053523770574415966
0.0155,0.025000000000000001,0.000534117089234494,0.00032047025354069641
0.016000000000000007,0.025000000000000001,0.00031131335244636107,0.00018678801146781665
0.016500000000000001,0.025000000000000001,0.00017664737019477158,0.00010598842211686295
0.017000000000000001,0.025000000000000001,9.7593503519628104e-05,5.8556102111776859e-05
0.017500000000000002,0.025000000000000001,5.2507878371912257e-05,3.1504727023147354e-05
0.017999999999999995,0.025000000000000001,2.7519181559819119e-05,1.6511508935891472e-05
0.018500000000000003,0.025000000000000001,1.4054260222498329e-05,8.4325561334989968e-06
0.019000000000000003,0.025000000000000001,6.9974127128983145e-06,4.1984476277389884e-06
0.019500000000000003,0.025000000000000001,3.3983442328625905e-06,2.0390065397175542e-06
0.019999999999999997,0.025000000000000001,1.6109983779215351e-06,9.6659902675292108e-07
0.020499999999999997,0.025000000000000001,7.4606721554600275e-07,4.4764032932760162e-07
0.021000000000000005,0.025000000000000001,3.3785988379947711e-07,2.0271593027968627e-07
0.021500000000000005,0.025000000000000001,1.4978044056714075e-07,8.9868264340284448e-08
0.021999999999999999,0.025000000000000001,6.508403918928886e-08,3.9050423513573316e-08
0.022499999999999999,0.025000000000000001,2.7757390936033399e-08,1.6654434561620038e-08
0.023000000000000007,0.025000000000000001,1.1635087667550372e-08,6.9810526005302228e-09
0.023500000000000007,0.025000000000000001,4.7999113333413805e-09,2.8799468000048282e-09
0.024,0.025000000000000001,1.9511716153303377e-09,1.1707029691982026e-09
0.024500000000000001,0.025000000000000001,7.8230609677629244e-10,4.693836580657754e-10
0.025000000000000001,0.025000000000000001,3.0956306124401481e-10,1.8573783674640887e-10
