x_m,y_m,incident_W_m2,absorbed_W_m2
-0.025000000000000001,-0.025000000000000001,3.3628877284946974e-10,2.0177326370968185e-10
-0.024500000000000001,-0.025000000000000001,8.4984502279932432e-10,5.0990701367959453e-10
-0.024,-0.025000000000000001,2.1196214519626049e-09,1.271772871177563e-09
-0.0235,-0.025000000000000001,5.2142986053105471e-09,3.1285791631863282e-09
-0.023,-0.025000000000000001,1.2639567606018287e-08,7.5837405636109719e-09
-0.022500000000000003,-0.025000000000000001,3.0153733883951511e-08,1.8092240330370905e-08
-0.022000000000000002,-0.025000000000000001,7.0702842261510322e-08,4.2421705356906189e-08
-0.021500000000000002,-0.025000000000000001,1.6271118766794779e-07,9.7626712600768671e-08
-0.021000000000000001,-0.025000000000000001,3.6702774048739285e-07,2.2021664429243569e-07
-0.020500000000000001,-0.025000000000000001,8.1047603750311778e-07,4.8628562250187067e-07
-0.02,-0.025000000000000001,1.7500775562435523e-06,1.0500465337461315e-06
-0.0195,-0.025000000000000001,3.6917266415310093e-06,2.2150359849186056e-06
-0.019,-0.025000000000000001,7.6015058920314331e-06,4.5609035352188594e-06
-0.018500000000000003,-0.025000000000000001,1.5267577013734093e-05,9.1605462082404554e-06
-0.018000000000000002,-0.025000000000000001,2.989493586570856e-05,1.7936961519425135e-05
-0.017500000000000002,-0.025000000000000001,5.7040926008600917e-05,3.4224555605160549e-05
-0.017000000000000001,-0.025000000000000001,0.00010601882572764019,6.3611295436584117e-05
-0.016500000000000001,-0.025000000000000001,0.00019189746591694997,0.00011513847955016998
-0.016,-0.025000000000000001,0.00033818924546824661,0.00020291354728094795
-0.0155,-0.025000000000000001,0.00058022775161865078,0.00034813665097119045
-0.015000000000000001,-0.025000000000000001,0.00096907513167761772,0.00058144507900657059
-0.014500000000000001,-0.025000000000000001,0.0015755701639293515,0.00094534209835761085
-0.014,-0.025000000000000001,0.0024938621665896656,0.0014963172999537993
-0.0135,-0.025000000000000001,0.0038435464879955183,0.0023061278927973107
-0.012999999999999999,-0.025000000000000001,0.0057694412269868505,0.00346166473619211
-0.012500000000000001,-0.025000000000000001,0.0084382669347714441,0.0050629601608628665
-0.012,-0.025000000000000001,0.012032143353255118,0.0072192860119530706
-0.0115,-0.025000000000000001,0.016739953177208132,0.010043971906324878
-0.010999999999999999,-0.025000000000000001,0.022749138989135696,0.013649483393481416
-0.010499999999999999,-0.025000000000000001,0.030242071236542888,0.018145242741925732
-0.010000000000000002,-0.025000000000000001,0.039402192894244972,0.023641315736546983
-0.0095000000000000015,-0.025000000000000001,0.050434990372692654,0.030260994223615591
-0.0090000000000000011,-0.025000000000000001,0.063606762909647091,0.038164057745788252
-0.0085000000000000006,-0.025000000000000001,0.07929976634065479,0.047579859804392874
-0.0080000000000000002,-0.025000000000000001,0.098075803793148217,0.058845482275888927
-0.0074999999999999997,-0.025000000000000001,0.12073278506080341,0.072439671036482051
-0.0069999999999999993,-0.025000000000000001,0.14833212318486161,0.088999273910916957
-0.0064999999999999988,-0.025000000000000001,0.18217164174084285,0.10930298504450571
-0.0059999999999999984,-0.025000000000000001,0.22368149281806859,0.13420889569084116
-0.0054999999999999979,-0.025000000000000001,0.2742311259049976,0.16453867554299856
-0.005000000000000001,-0.025000000000000001,0.33485350598731484,0.2009121035923889
-0.0044999999999999971,-0.025000000000000001,0.40591603250090175,0.24354961950054105
-0.0040000000000000001,-0.025000000000000001,0.48679098773583651,0.29207459264150187
-0.0035000000000000031,-0.025000000000000001,0.57559524231597259,0.34535714538958356
-0.0029999999999999992,-0.025000000000000001,0.66907277442382351,0.4014436646542941
-0.0025000000000000022,-0.025000000000000001,0.76267985186558873,0.45760791111935323
-0.0019999999999999983,-0.025000000000000001,0.8509011013864124,0.51054066083184746
-0.0015000000000000013,-0.025000000000000001,0.9277799103077925,0.55666794618467552
-0.00099999999999999742,-0.025000000000000001,0.98759813735929458,0.59255888241557675
-0.00050000000000000044,-0.025000000000000001,1.0256000296939221,0.61536001781635319
0,-0.025000000000000001,1.0386349365495253,0.62318096192971517
0.00050000000000000044,-0.025000000000000001,1.0256000296939174,0.61536001781635041
0.0010000000000000009,-0.025000000000000001,0.98759813735928326,0.59255888241556998
0.0015000000000000013,-0.025000000000000001,0.92777991030777085,0.55666794618466253
0.0020000000000000018,-0.025000000000000001,0.85090110138637232,0.51054066083182337
0.0024999999999999988,-0.025000000000000001,0.76267985186552056,0.45760791111931232
0.0030000000000000027,-0.025000000000000001,0.66907277442370949,0.40144366465422571
0.0034999999999999996,-0.025000000000000001,0.5755952423157904,0.34535714538947421
0.0040000000000000036,-0.025000000000000001,0.48679098773554597,0.29207459264132757
0.0045000000000000005,-0.025000000000000001,0.40591603250045649,0.24354961950027387
0.0049999999999999975,-0.025000000000000001,0.33485350598665059,0.20091210359199035
0.0055000000000000014,-0.025000000000000001,0.27423112590403032,0.16453867554241819
0.0059999999999999984,-0.025000000000000001,0.22368149281670108,0.13420889569002065
0.0064999999999999988,-0.025000000000000001,0.18217164173896089,0.10930298504337653
0.0069999999999999993,-0.025000000000000001,0.14833212318234237,0.088999273909405416
0.0074999999999999997,-0.025000000000000001,0.12073278505752333,0.072439671034514
0.0080000000000000002,-0.025000000000000001,0.098075803788994831,0.058845482273396893
0.0085000000000000006,-0.025000000000000001,0.079299766335539312,0.047579859801323586
0.0090000000000000011,-0.025000000000000001,0.063606762903519173,0.038164057742111505
0.0095000000000000015,-0.025000000000000001,0.050434990365553253,0.030260994219331951
0.010000000000000002,-0.025000000000000001,0.039402192886154937,0.023641315731692963
0.010500000000000002,-0.025000000000000001,0.030242071227626757,0.018145242736576053
0.011000000000000003,-0.025000000000000001,0.022749138979578358,0.013649483387747014
0.011500000000000003,-0.025000000000000001,0.0167399531672442,0.01004397190034652
0.012000000000000004,-0.025000000000000001,0.012032143343151837,0.0072192860058911019
0.012499999999999997,-0.025000000000000001,0.008438266924807562,0.0050629601548845366
0.013000000000000005,-0.025000000000000001,0.0057694412174295251,0.0034616647304577149
0.013499999999999998,-0.025000000000000001,0.0038435464790794191,0.0023061278874476512
0.014000000000000005,-0.025000000000000001,0.0024938621584995784,0.001496317295099747
0.014499999999999999,-0.025000000000000001,0.0015755701567898919,0.00094534209407393511
0.014999999999999999,-0.025000000000000001,0.00096907512554966877,0.00058144507532980119
0.0155,-0.025000000000000001,0.00058022774650300037,0.00034813664790180022
0.016000000000000007,-0.025000000000000001,0.00033818924131466066,0.00020291354478879639
0.016500000000000001,-0.025000000000000001,0.0001918974626368953,0.00011513847758213718
0.017000000000000001,-0.025000000000000001,0.00010601882320836511,6.361129392501906e-05
0.017500000000000002,-0.025000000000000001,5.7040924126658135e-05,3.4224554475994879e-05
0.017999999999999995,-0.025000000000000001,2.9894934498378557e-05,1.7936960699027135e-05
0.018500000000000003,-0.025000000000000001,1.5267576047512497e-05,9.1605456285074978e-06
0.019000000000000003,-0.025000000000000001,7.6015052279576711e-06,4.5609031367746025e-06
0.019500000000000003,-0.025000000000000001,3.6917261976238544e-06,2.2150357185743126e-06
0.019999999999999997,-0.025000000000000001,1.7500772676383139e-06,1.0500463605829884e-06
0.020499999999999997,-0.025000000000000001,8.1047585500744392e-07,4.8628551300446638e-07
0.021000000000000005,-0.025000000000000001,3.6702762825009002e-07,2.2021657695005401e-07
0.021500000000000005,-0.025000000000000001,1.6271112053153897e-07,9.7626672318923382e-08
0.021999999999999999,-0.025000000000000001,7.0702803203038027e-08,4.2421681921822815e-08
0.022499999999999999,-0.025000000000000001,3.0153711783116963e-08,1.8092227069870177e-08
0.023000000000000007,-0.025000000000000001,1.2639555443083863e-08,7.5837332658503179e-09
0.023500000000000007,-0.025000000000000001,5.2142920949608836e-09,3.1285752569765299e-09
0.024,-0.025000000000000001,2.1196180626898274e-09,1.2717708376138965e-09
0.024500000000000001,-0.025000000000000001,8.4984330668980537e-10,5.099059840138832e-10
0.025000000000000001,-0.025000000000000001,3.3628792772681867e-10,2.017727566360912e-10
-0.025000000000000001,-0.024500000000000001,8.4984501962043821e-10,5.0990701177226286e-10
-0.024500000000000001,-0.024500000000000001,2.1160110915344537e-09,1.2696066549206722e-09
-0.024,-0.024500000000000001,5.2009380911339033e-09,3.1205628546803421e-09
-0.0235,-0.024500000000000001,1.2616437122993838e-08,7.569862273796303e-09
-0.023,-0.024500000000000001,3.0186372308355544e-08,1.8111823385013327e-08
-0.022500000000000003,-0.024500000000000001,7.1167880491174323e-08,4.2700728294704592e-08
-0.022000000000000002,-0.024500000000000001,1.6513151203219093e-07,9.9078907219314555e-08
-0.021500000000000002,-0.024500000000000001,3.7658510191981852e-07,2.2595106115189111e-07
-0.021000000000000001,-0.024500000000000001,8.4291072048307341e-07,5.0574643228984405e-07
-0.020500000000000001,-0.024500000000000001,1.8492756331908359e-06,1.1095653799145015e-06
-0.02,-0.024500000000000001,3.9717554525410148e-06,2.3830532715246087e-06
-0.0195,-0.024500000000000001,8.341430466649485e-06,5.0048582799896912e-06
-0.019,-0.024500000000000001,1.7114159705185412e-05,1.0268495823111247e-05
-0.018500000000000003,-0.024500000000000001,3.4274499681985314e-05,2.0564699809191188e-05
-0.018000000000000002,-0.024500000000000001,6.6956189498352801e-05,4.0173713699011677e-05
-0.017500000000000002,-0.024500000000000001,0.0001275182944339547,7.6510976660372812e-05
-0.017000000000000001,-0.024500000000000001,0.0002366589105337718,0.00014199534632026309
-0.016500000000000001,-0.024500000000000001,0.00042784917722508216,0.00025670950633504929
-0.016,-0.024500000000000001,0.00075329017137500771,0.00045197410282500459
-0.0155,-0.024500000000000001,0.0012913905798097943,0.00077483434788587653
-0.015000000000000001,-0.024500000000000001,0.0021554010976665436,0.0012932406585999261
-0.014500000000000001,-0.024500000000000001,0.003502324719901524,0.0021013948319409145
-0.014,-0.024500000000000001,0.0055406184082110784,0.003324371044926647
-0.0135,-0.024500000000000001,0.0085346706051910182,0.0051208023631146111
-0.012999999999999999,-0.024500000000000001,0.012803837739213623,0.0076823026435281737
-0.012500000000000001,-0.024500000000000001,0.018714271608653011,0.011228562965191806
-0.012,-0.024500000000000001,0.026663163374367777,0.015997898024620667
-0.0115,-0.024500000000000001,0.03705749560498299,0.022234497362989793
-0.010999999999999999,-0.024500000000000001,0.050292719689128386,0.03017563181347703
-0.010499999999999999,-0.024500000000000001,0.066740271447076366,0.040044162868245817
-0.010000000000000002,-0.024500000000000001,0.086755303541332471,0.05205318212479948
-0.0095000000000000015,-0.024500000000000001,0.11071590066769275,0.066429540400615647
-0.0090000000000000011,-0.024500000000000001,0.13910084682844193,0.08346050809706515
-0.0085000000000000006,-0.024500000000000001,0.17260386254168719,0.10356231752501231
-0.0080000000000000002,-0.024500000000000001,0.21226854702790832,0.12736112821674497
-0.0074999999999999997,-0.024500000000000001,0.2596122643674082,0.15576735862044491
-0.0069999999999999993,-0.024500000000000001,0.3166929893551268,0.19001579361307608
-0.0064999999999999988,-0.024500000000000001,0.38606605534074467,0.2316396332044468
-0.0059999999999999984,-0.024500000000000001,0.47058319731659914,0.28234991838995949
-0.0054999999999999979,-0.024500000000000001,0.57300780268345552,0.34380468161007333
-0.005000000000000001,-0.024500000000000001,0.69545767993235186,0.41727460795941113
-0.0044999999999999971,-0.024500000000000001,0.83873470132064321,0.50324082079238586
-0.0040000000000000001,-0.024500000000000001,1.0016490778985205,0.60098944673911225
-0.0035000000000000031,-0.024500000000000001,1.1804811492976734,0.70828868957860402
-0.0029999999999999992,-0.024500000000000001,1.368731834318107,0.82123910059086414
-0.0025000000000000022,-0.024500000000000001,1.5572851146494893,0.93437106878969356
-0.0019999999999999983,-0.024500000000000001,1.7350413507288074,1.0410248104372843
-0.0015000000000000013,-0.024500000000000001,1.8899886457854842,1.1339931874712905
-0.00099999999999999742,-0.024500000000000001,2.0105802920509426,1.2063481752305656
-0.00050000000000000044,-0.024500000000000001,2.087204279316849,1.2523225675901093
0,-0.024500000000000001,2.1134892023376786,1.268093521402607
0.00050000000000000044,-0.024500000000000001,2.0872042793168304,1.2523225675900982
0.0010000000000000009,-0.024500000000000001,2.0105802920508982,1.2063481752305389
0.0015000000000000013,-0.024500000000000001,1.8899886457853985,1.133993187471239
0.0020000000000000018,-0.024500000000000001,1.7350413507286511,1.0410248104371906
0.0024999999999999988,-0.024500000000000001,1.5572851146492219,0.93437106878953313
0.0030000000000000027,-0.024500000000000001,1.3687318343176591,0.82123910059059546
0.0034999999999999996,-0.024500000000000001,1.180481149296952,0.70828868957817115
0.0040000000000000036,-0.024500000000000001,1.0016490778973752,0.60098944673842514
0.0045000000000000005,-0.024500000000000001,0.83873470131888495,0.50324082079133092
0.0049999999999999975,-0.024500000000000001,0.69545767992972518,0.41727460795783511
0.0055000000000000014,-0.024500000000000001,0.57300780267963203,0.34380468160777922
0.0059999999999999984,-0.024500000000000001,0.47058319731119097,0.28234991838671458
0.0064999999999999988,-0.024500000000000001,0.38606605533330146,0.23163963319998088
0.0069999999999999993,-0.024500000000000001,0.31669298934516305,0.19001579360709783
0.0074999999999999997,-0.024500000000000001,0.2596122643544353,0.15576735861266117
0.0080000000000000002,-0.024500000000000001,0.21226854701148093,0.12736112820688855
0.0085000000000000006,-0.024500000000000001,0.17260386252145477,0.10356231751287286
0.0090000000000000011,-0.024500000000000001,0.13910084680420556,0.083460508082523338
0.0095000000000000015,-0.024500000000000001,0.11071590063945577,0.066429540383673463
0.010000000000000002,-0.024500000000000001,0.086755303509335732,0.052053182105601441
0.010500000000000002,-0.024500000000000001,0.066740271411812421,0.04004416284708745
0.011000000000000003,-0.024500000000000001,0.050292719651328539,0.030175631790797124
0.011500000000000003,-0.024500000000000001,0.037057495565574888,0.022234497339344933
0.012000000000000004,-0.024500000000000001,0.026663163334408477,0.015997898000645085
0.012499999999999997,-0.024500000000000001,0.018714271569244986,0.011228562941546991
0.013000000000000005,-0.024500000000000001,0.012803837701413747,0.007682302620848248
0.013499999999999998,-0.024500000000000001,0.0085346705699271067,0.0051208023419562635
0.014000000000000005,-0.024500000000000001,0.0055406183762141854,0.0033243710257285113
0.014499999999999999,-0.024500000000000001,0.0035023246916643914,0.0021013948149986349
0.014999999999999999,-0.024500000000000001,0.0021554010734300432,0.0012932406440580258
0.0155,-0.024500000000000001,0.0012913905595770049,0.00077483433574620294
0.016000000000000007,-0.024500000000000001,0.00075329015494726259,0.00045197409296835752
0.016500000000000001,-0.024500000000000001,0.00042784916425221432,0.00025670949855132857
0.017000000000000001,-0.024500000000000001,0.00023665890056984466,0.0001419953403419068
0.017500000000000002,-0.024500000000000001,0.00012751828699072694,7.6510972194436159e-05
0.017999999999999995,-0.024500000000000001,6.6956184090457126e-05,4.0173710454274271e-05
0.018500000000000003,-0.024500000000000001,3.427449586050474e-05,2.0564697516302843e-05
0.019000000000000003,-0.024500000000000001,1.7114157078722882e-05,1.0268494247233729e-05
0.019500000000000003,-0.024500000000000001,8.3414287109626704e-06,5.0048572265776017e-06
0.019999999999999997,-0.024500000000000001,3.9717543110851427e-06,2.3830525866510857e-06
0.020499999999999997,-0.024500000000000001,1.8492749114064434e-06,1.1095649468438659e-06
0.021000000000000005,-0.024500000000000001,8.4291027657594028e-07,5.0574616594556411e-07
0.021500000000000005,-0.024500000000000001,3.7658483639017156e-07,2.2595090183410293e-07
0.021999999999999999,-0.024500000000000001,1.6513135755293651e-07,9.9078814531761908e-08
0.022499999999999999,-0.024500000000000001,7.1167793080677674e-08,4.2700675848406602e-08
0.023000000000000007,-0.024500000000000001,3.018632420301699e-08,1.8111794521810194e-08
0.023500000000000007,-0.024500000000000001,1.2616411374061637e-08,7.5698468244369817e-09
0.024,-0.024500000000000001,5.200924686300035e-09,3.1205548117800208e-09
0.024500000000000001,-0.024500000000000001,2.1160043041896486e-09,1.269602582513789e-09
0.025000000000000001,-0.024500000000000001,8.498416770955088e-10,5.0990500625730526e-10
-0.025000000000000001,-0.024,2.1196214324591762e-09,1.2717728594755056e-09
-0.024500000000000001,-0.024,5.2009380604862214e-09,3.1205628362917328e-09
-0.024,-0.024,1.2594943113184605e-08,7.5569658679107624e-09
-0.0235,-0.024,3.0109002251751019e-08,1.806540135105061e-08
-0.023,-0.024,7.1037544037296929e-08,4.2622526422378159e-08
-0.022500000000000003,-0.024,1.6530988905982833e-07,9.9185933435896992e-08
-0.022000000000000002,-0.024,3.7906080180864351e-07,2.274364810851861e-07
-0.021500000000000002,-0.024,8.5544494569946348e-07,5.1326696741967809e-07
-0.021000000000000001,-0.024,1.8974177556974422e-06,1.1384506534184652e-06
-0.020500000000000001,-0.024,4.1306629283805231e-06,2.4783977570283139e-06
-0.02,-0.024,8.8141222120987316e-06,5.2884733272592384e-06
-0.0195,-0.024,1.8411975982516922e-05,1.1047185589510153e-05
-0.019,-0.024,3.7609766668167948e-05,2.256586000090077e-05
-0.018500000000000003,-0.024,7.5051659984810113e-05,4.5030995990886066e-05
-0.018000000000000002,-0.024,0.00014619207417069564,8.7715244502417386e-05
-0.017500000000000002,-0.024,0.00027777689066835995,0.00016666613440101597
-0.017000000000000001,-0.024,0.00051456128738821205,0.00030873677243292724
-0.016500000000000001,-0.024,0.00092887194706128742,0.00055732316823677247
-0.016,-0.024,0.0016334460834992138,0.00098006765009952829
-0.0155,-0.024,0.0027975334010915129,0.0016785200406549078
-0.015000000000000001,-0.024,0.0046654571050186115,0.0027992742630111667
-0.014500000000000001,-0.024,0.0075756987354568478,0.0045454192412741085
-0.014,-0.024,0.01197724143625035,0.0071863448617502093
-0.0135,-0.024,0.01843871678672453,0.011063230072034717
-0.012999999999999999,-0.024,0.02764540149955064,0.016587240899730384
-0.012500000000000001,-0.024,0.040379991374569574,0.024227994824741743
-0.012,-0.024,0.057485981838741068,0.034491589103244638
-0.0115,-0.024,0.079817697166838966,0.047890618300103376
-0.010999999999999999,-0.024,0.10818811224605492,0.064912867347632949
-0.010499999999999999,-0.024,0.14333317047388555,0.085999902284331325
-0.010000000000000002,-0.024,0.1859168137543239,0.11155008825259434
-0.0095000000000000015,-0.024,0.2366011596765592,0.14196069580593551
-0.0090000000000000011,-0.024,0.29619801969503273,0.17771881181701962
-0.0085000000000000006,-0.024,0.36589939473263461,0.21953963683958075
-0.0080000000000000002,-0.024,0.44755653181101979,0.26853391908661184
-0.0074999999999999997,-0.024,0.54394410141592187,0.32636646084955312
-0.0069999999999999993,-0.024,0.65891642477295642,0.39534985486377383
-0.0064999999999999988,-0.024,0.79734744563176052,0.47840846737905629
-0.0059999999999999984,-0.024,0.96475628329246188,0.57885376997547711
-0.0054999999999999979,-0.024,1.1665629536927737,0.69993777221566422
-0.005000000000000001,-0.024,1.4069938402226836,0.84419630413361013
-0.0044999999999999971,-0.024,1.6877531717895713,1.0126519030737426
-0.0040000000000000001,-0.024,2.0066743732817152,1.204004623969029
-0.0035000000000000031,-0.024,2.3566362692175851,1.413981761530551
-0.0029999999999999992,-0.024,2.7250464964863483,1.6350278978918089
-0.0025000000000000022,-0.024,3.0941397616152662,1.8564838569691595
-0.0019999999999999983,-0.024,3.442210278606852,2.0653261671641112
-0.0015000000000000013,-0.024,3.7457154377879256,2.2474292626727554
-0.00099999999999999742,-0.024,3.9819902280768602,2.389194136846116
-0.00050000000000000044,-0.024,4.1321484398641939,2.4792890639185163
0,-0.024,4.1836635469664181,2.5101981281798507
0.00050000000000000044,-0.024,4.1321484398641211,2.4792890639184724
0.0010000000000000009,-0.024,3.9819902280766883,2.389194136846013
0.0015000000000000013,-0.024,3.7457154377875961,2.2474292626725574
0.0020000000000000018,-0.024,3.4422102786062552,2.0653261671637528
0.0024999999999999988,-0.024,3.0941397616142412,1.8564838569685447
0.0030000000000000027,-0.024,2.7250464964846333,1.63502789789078
0.0034999999999999996,-0.024,2.3566362692148055,1.4139817615288832
0.0040000000000000036,-0.024,2.0066743732773196,1.2040046239663917
0.0045000000000000005,-0.024,1.687753171782812,1.0126519030696872
0.0049999999999999975,-0.024,1.4069938402125792,0.84419630412754754
0.0055000000000000014,-0.024,1.1665629536780699,0.69993777220684195
0.0059999999999999984,-0.024,0.96475628327165885,0.57885376996299531
0.0064999999999999988,-0.024,0.79734744560312776,0.47840846736187664
0.0069999999999999993,-0.024,0.65891642473462775,0.39534985484077662
0.0074999999999999997,-0.024,0.54394410136601812,0.32636646081961085
0.0080000000000000002,-0.024,0.44755653174782722,0.26853391904869633
0.0085000000000000006,-0.024,0.36589939465480492,0.21953963679288294
0.0090000000000000011,-0.024,0.29619801960180192,0.17771881176108115
0.0095000000000000015,-0.024,0.23660115956793892,0.14196069574076334
0.010000000000000002,-0.024,0.18591681363124102,0.11155008817874461
0.010500000000000002,-0.024,0.14333317033823489,0.085999902202940931
0.011000000000000003,-0.024,0.10818811210064913,0.064912867260389473
0.011500000000000003,-0.024,0.079817697015246838,0.047890618209148104
0.012000000000000004,-0.024,0.05748598168502881,0.034491589011017287
0.012499999999999997,-0.024,0.040379991222977606,0.024227994733786562
0.013000000000000005,-0.024,0.027645401354144929,0.016587240812486956
0.013499999999999998,-0.024,0.018438716651074015,0.011063229990644409
0.014000000000000005,-0.024,0.01197724131316712,0.0071863447879002718
0.014499999999999999,-0.024,0.0075756986268363819,0.0045454191761018286
0.014999999999999999,-0.024,0.0046654570117874222,0.0027992742070724534
0.0155,-0.024,0.0027975333232615287,0.0016785199939569173
0.016000000000000007,-0.024,0.0016334460203062064,0.00098006761218372368
0.016500000000000001,-0.024,0.00092887189715822451,0.00055732313829493473
0.017000000000000001,-0.024,0.00051456124905972431,0.00030873674943583456
0.017500000000000002,-0.024,0.00027777686203630777,0.00016666611722178465
0.017999999999999995,-0.024,0.00014619205336800591,8.771523202080354e-05
0.018500000000000003,-0.024,7.5051645284624613e-05,4.5030987170774765e-05
0.019000000000000003,-0.024,3.7609756564888089e-05,2.2565853938932852e-05
0.019500000000000003,-0.024,1.8411969228872013e-05,1.1047181537323208e-05
0.019999999999999997,-0.024,8.814117821231518e-06,5.2884706927389103e-06
0.020499999999999997,-0.024,4.1306601518741838e-06,2.4783960911245102e-06
0.021000000000000005,-0.024,1.897416048108625e-06,1.1384496288651749e-06
0.021500000000000005,-0.024,8.5544392427985109e-07,5.1326635456791066e-07
0.021999999999999999,-0.024,3.7906020756937858e-07,2.2743612454162714e-07
0.022499999999999999,-0.024,1.6530955281565671e-07,9.9185731689394017e-08
0.023000000000000007,-0.024,7.1037358989272706e-08,4.2622415393563621e-08
0.023500000000000007,-0.024,3.0108903202681274e-08,1.8065341921608765e-08
0.024,-0.024,1.2594891548470696e-08,7.5569349290824165e-09
0.024500000000000001,-0.024,5.2009119514350109e-09,3.1205471708610065e-09
0.025000000000000001,-0.024,2.119608574683868e-09,1.2717651448103207e-09
-0.025000000000000001,-0.0235,5.2142985179250424e-09,3.1285791107550252e-09
-0.024500000000000001,-0.0235,1.2616436940124234e-08,7.5698621640745402e-09
-0.024,-0.0235,3.0109001972275158e-08,1.8065401183365096e-08
-0.0235,-0.0235,7.0916489325290746e-08,4.2549893595174446e-08
-0.023,-0.0235,1.6488601893500274e-07,9.8931611361001638e-08
-0.022500000000000003,-0.0235,3.7836592007826573e-07,2.2701955204695942e-07
-0.022000000000000002,-0.0235,8.5636661751345453e-07,5.1381997050807268e-07
-0.021500000000000002,-0.0235,1.9098835746080706e-06,1.1459301447648424e-06
-0.021000000000000001,-0.0235,4.1920612692204065e-06,2.5152367615322437e-06
-0.020500000000000001,-0.0235,9.0435020155348057e-06,5.4261012093208833e-06
-0.02,-0.0235,1.9148394706252915e-05,1.1489036823751748e-05
-0.0195,-0.0235,3.9740355614844493e-05,2.3844213368906694e-05
-0.019,-0.0235,8.0741112292284796e-05,4.8444667375370874e-05
-0.018500000000000003,-0.0235,0.00016041272611379119,9.6247635668274706e-05
-0.018000000000000002,-0.0235,0.00031134752112596368,0.00018680851267557821
-0.017500000000000002,-0.0235,0.00058987523358886083,0.00035392514015331647
-0.017000000000000001,-0.0235,0.0010901585472499796,0.0006540951283499878
-0.016500000000000001,-0.0235,0.0019642476353256464,0.0011785485811953878
-0.016,-0.0235,0.0034489922043656634,0.0020693953226193981
-0.0155,-0.0235,0.0058997642114969537,0.0035398585268981721
-0.015000000000000001,-0.0235,0.0098292696440259071,0.0058975617864155437
-0.014500000000000001,-0.0235,0.015947322615104186,0.0095683935690625121
-0.014,-0.0235,0.025194610757116612,0.015116766454269966
-0.0135,-0.0235,0.038760900558159082,0.023256540334895447
-0.012999999999999999,-0.0235,0.058076960219198129,0.034846176131518879
-0.012500000000000001,-0.0235,0.084771158392487472,0.050862695035492483
-0.012,-0.0235,0.12058758345785922,0.072352550074715527
-0.0115,-0.0235,0.16727326016487229,0.10036395609892337
-0.010999999999999999,-0.0235,0.22645680085584197,0.13587408051350516
-0.010499999999999999,-0.0235,0.29955672718121312,0.17973403630872786
-0.010000000000000002,-0.0235,0.38776963635233752,0.23266178181140251
-0.0095000000000000015,-0.0235,0.49218973506820762,0.29531384104092456
-0.0090000000000000011,-0.0235,0.61409553420322971,0.3684573205219378
-0.0085000000000000006,-0.0235,0.75540283727567992,0.45324170236540795
-0.0080000000000000002,-0.0235,0.91922710913995875,0.55153626548397527
-0.0074999999999999997,-0.0235,1.1104318701205447,0.66625912207232674
-0.0069999999999999993,-0.0235,1.3359796105594755,0.80158776633568529
-0.0064999999999999988,-0.0235,1.6048698004896349,0.9629218802937809
-0.0059999999999999984,-0.0235,1.927466740509185,1.156480044305511
-0.0054999999999999979,-0.0235,2.3141026414734638,1.3884615848840782
-0.005000000000000001,-0.0235,2.7729877585206113,1.6637926551123667
-0.0044999999999999971,-0.0235,3.3076488576272745,1.9845893145763647
-0.0040000000000000001,-0.0235,3.9143090143022259,2.3485854085813354
-0.0035000000000000031,-0.0235,4.579762015812415,2.7478572094874489
-0.0029999999999999992,-0.0235,5.2803302290384249,3.168198137423055
-0.0025000000000000022,-0.0235,5.9823899628496262,3.5894339777097755
-0.0019999999999999983,-0.0235,6.6447002939636537,3.9868201763781919
-0.0015000000000000013,-0.0235,7.2224182146644633,4.333450928798678
-0.00099999999999999742,-0.0235,7.6723000791007605,4.6033800474604565
-0.00050000000000000044,-0.0235,7.9582722459342126,4.7749633475605275
0,-0.0235,8.0563922802937586,4.8338353681762554
0.00050000000000000044,-0.0235,7.9582722459339408,4.7749633475603641
0.0010000000000000009,-0.0235,7.6723000791001166,4.6033800474600701
0.0015000000000000013,-0.0235,7.2224182146632296,4.3334509287979373
0.0020000000000000018,-0.0235,6.6447002939614297,3.9868201763768578
0.0024999999999999988,-0.0235,5.9823899628458017,3.5894339777074808
0.0030000000000000027,-0.0235,5.2803302290320238,3.1681981374192141
0.0034999999999999996,-0.0235,4.5797620158020305,2.7478572094812184
0.0040000000000000036,-0.0235,3.9143090142857853,2.3485854085714712
0.0045000000000000005,-0.0235,3.3076488576019973,1.9845893145611984
0.0049999999999999975,-0.0235,2.7729877584828109,1.6637926550896864
0.0055000000000000014,-0.0235,2.3141026414184576,1.3884615848510744
0.0059999999999999984,-0.0235,1.9274667404313564,1.1564800442588137
0.0064999999999999988,-0.0235,1.6048698003825126,0.96292188022950753
0.0069999999999999993,-0.0235,1.3359796104160766,0.80158776624964589
0.0074999999999999997,-0.0235,1.1104318699338402,0.66625912196030412
0.0080000000000000002,-0.0235,0.91922710890353421,0.55153626534212052
0.0085000000000000006,-0.0235,0.7554028369844934,0.45324170219069604
0.0090000000000000011,-0.0235,0.61409553385442073,0.36845732031265244
0.0095000000000000015,-0.0235,0.49218973466182192,0.29531384079709316
0.010000000000000002,-0.0235,0.38776963589184188,0.23266178153510511
0.010500000000000002,-0.0235,0.29955672667369776,0.17973403600421864
0.011000000000000003,-0.0235,0.22645680031182952,0.13587408018709771
0.011500000000000003,-0.0235,0.16727325959771427,0.10036395575862857
0.012000000000000004,-0.0235,0.12058758288276908,0.072352549729661444
0.012499999999999997,-0.0235,0.084771157825329652,0.050862694695197788
0.013000000000000005,-0.0235,0.05807695967518587,0.034846175805111519
0.013499999999999998,-0.0235,0.038760900050643893,0.023256540030386335
0.014000000000000005,-0.0235,0.025194610296620307,0.015116766177972184
0.014499999999999999,-0.0235,0.015947322208717772,0.0095683933252306633
0.014999999999999999,-0.0235,0.009829269295216117,0.0058975615771296704
0.0155,-0.0235,0.0058997639203083414,0.0035398583521850046
0.016000000000000007,-0.0235,0.003448991967939016,0.0020693951807634094
0.016500000000000001,-0.0235,0.0019642474486212119,0.0011785484691727271
0.017000000000000001,-0.0235,0.0010901584038499872,0.00065409504230999236
0.017500000000000002,-0.0235,0.00058987512646655512,0.00035392507587993308
0.017999999999999995,-0.0235,0.00031134744329598126,0.00018680846597758874
0.018500000000000003,-0.0235,0.00016041267111536605,9.6247602669219626e-05
0.019000000000000003,-0.0235,8.074107449245694e-05,4.8444644695474163e-05
0.019500000000000003,-0.0235,3.9740330347147555e-05,2.3844198208288531e-05
0.019999999999999997,-0.0235,1.9148378278515686e-05,1.1489026967109411e-05
0.020499999999999997,-0.0235,9.0434916276741985e-06,5.426094976604519e-06
0.021000000000000005,-0.0235,4.1920548805461964e-06,2.5152329283277176e-06
0.021500000000000005,-0.0235,1.9098797531277032e-06,1.145927851876622e-06
0.021999999999999999,-0.0235,8.5636439426096998e-07,5.1381863655658197e-07
0.022499999999999999,-0.0235,3.7836466207373128e-07,2.2701879724423876e-07
0.023000000000000007,-0.0235,1.6488532660700774e-07,9.8931195964204636e-08
0.023500000000000007,-0.0235,7.0916118748819532e-08,4.2549671249291721e-08
0.024,-0.0235,3.0108809051031012e-08,1.8065285430618608e-08
0.024500000000000001,-0.0235,1.2616339257227125e-08,7.5698035543362747e-09
0.025000000000000001,-0.0235,5.2142504125867276e-09,3.1285502475520363e-09
-0.025000000000000001,-0.023,1.2639567267145237e-08,7.5837403602871418e-09
-0.024500000000000001,-0.023,3.0186371511513157e-08,1.8111822906907893e-08
-0.024,-0.023,7.1037542415514047e-08,4.262252544930843e-08
-0.0235,-0.023,1.6488601652449417e-07,9.8931609914696506e-08
-0.023,-0.023,3.7772093409957955e-07,2.2663256045974771e-07
-0.022500000000000003,-0.023,8.5416970244252941e-07,5.1250182146551767e-07
-0.022000000000000002,-0.023,1.9063781168935496e-06,1.1438268701361297e-06
-0.021500000000000002,-0.023,4.1965629218807146e-06,2.5179377531284285e-06
-0.021000000000000001,-0.023,9.1028684140907601e-06,5.4617210484544559e-06
-0.020500000000000001,-0.023,1.9432867453291137e-05,1.1659720471974682e-05
-0.02,-0.023,4.0774115310443051e-05,2.4464469186265829e-05
-0.0195,-0.023,8.396918834844171e-05,5.0381513009065022e-05
-0.019,-0.023,0.00016949639148868467,0.0001016978348932108
-0.018500000000000003,-0.023,0.00033493966094725756,0.00020096379656835454
-0.018000000000000002,-0.023,0.00064722699610716213,0.00038833619766429729
-0.017500000000000002,-0.023,0.0012218365161368626,0.00073310190968211761
-0.017000000000000001,-0.023,0.0022515583984845503,0.0013509350390907302
-0.016500000000000001,-0.023,0.0040473962941995111,0.0024284377765197065
-0.016,-0.023,0.0070934250024217646,0.0042560550014530589
-0.0155,-0.023,0.012115476472246416,0.0072692858833478492
-0.015000000000000001,-0.023,0.020160077406713366,0.01209604644402802
-0.014500000000000001,-0.023,0.032675095979037803,0.019605057587422682
-0.014,-0.023,0.051577651717228494,0.030946591030337096
-0.0135,-0.023,0.079289418592835781,0.047573651155701467
-0.012999999999999999,-0.023,0.11871682778549082,0.071230096671294485
-0.012500000000000001,-0.023,0.17315679077377591,0.10389407446426555
-0.012,-0.023,0.24612019477853489,0.14767211686712092
-0.0115,-0.023,0.34108693840555948,0.20465216304333569
-0.010999999999999999,-0.023,0.46123613373757638,0.27674168024254581
-0.010499999999999999,-0.023,0.60922761577968987,0.36553656946781393
-0.010000000000000002,-0.023,0.78713596048840706,0.47228157629304424
-0.0095000000000000015,-0.023,0.99664263128660824,0.5979855787719649
-0.0090000000000000011,-0.023,1.2395626952050383,0.74373761712302289
-0.0085000000000000006,-0.023,1.5187119936630202,0.91122719619781212
-0.0080000000000000002,-0.023,1.8390115346222882,1.1034069207733728
-0.0074999999999999997,-0.023,2.2085956056576621,1.3251573633945972
-0.0069999999999999993,-0.023,2.6395711272689608,1.5837426763613764
-0.0064999999999999988,-0.023,3.1480107031329534,1.888806421879772
-0.0059999999999999984,-0.023,3.752793093165284,2.2516758558991703
-0.0054999999999999979,-0.023,4.4730602971016786,2.6838361782610072
-0.005000000000000001,-0.023,5.3243388814643584,3.1946033288786149
-0.0044999999999999971,-0.023,6.3137347860367896,3.7882408716220737
-0.0040000000000000001,-0.023,7.4349776672701129,4.4609866003620677
-0.0035000000000000031,-0.023,8.6643603902160731,5.198616234129644
-0.0029999999999999992,-0.023,9.9586902988729591,5.9752141793237756
-0.0025000000000000022,-0.023,11.256173609546211,6.7537041657277266
-0.0019999999999999983,-0.023,12.480687541153895,7.4884125246923361
-0.0015000000000000013,-0.023,13.549229047270588,8.1295374283623527
-0.00099999999999999742,-0.023,14.381606639881358,8.6289639839288146
-0.00050000000000000044,-0.023,14.910843233510278,8.9465059401061655
0,-0.023,15.092452362183842,9.0554714173103044
0.00050000000000000044,-0.023,14.910843233509272,8.9465059401055633
0.0010000000000000009,-0.023,14.381606639879008,8.6289639839274042
0.0015000000000000013,-0.023,13.549229047266095,8.1295374283596562
0.0020000000000000018,-0.023,12.480687541145828,7.4884125246874964
0.0024999999999999988,-0.023,11.256173609532308,6.7537041657193848
0.0030000000000000027,-0.023,9.9586902988496941,5.9752141793098161
0.0034999999999999996,-0.023,8.6643603901782686,5.1986162341069608
0.0040000000000000036,-0.023,7.4349776672103234,4.4609866003261942
0.0045000000000000005,-0.023,6.3137347859448321,3.7882408715668991
0.0049999999999999975,-0.023,5.3243388813268115,3.1946033287960867
0.0055000000000000014,-0.023,4.4730602969015401,2.6838361781409241
0.0059999999999999984,-0.023,3.7527930928820719,2.2516758557292431
0.0064999999999999988,-0.023,3.1480107027431532,1.8888064216458917
0.0069999999999999993,-0.023,2.6395711267471529,1.5837426760482918
0.0074999999999999997,-0.023,2.208595604978274,1.3251573629869644
0.0080000000000000002,-0.023,1.8390115337619724,1.1034069202571835
0.0085000000000000006,-0.023,1.5187119926034336,0.91122719556206011
0.0090000000000000011,-0.023,1.2395626939357749,0.74373761636146496
0.0095000000000000015,-0.023,0.99664262980783158,0.59798557788469897
0.010000000000000002,-0.023,0.78713595881273346,0.47228157528764003
0.010500000000000002,-0.023,0.60922761393291958,0.36553656835975173
0.011000000000000003,-0.023,0.46123613175799955,0.27674167905479974
0.011500000000000003,-0.023,0.34108693634175874,0.20465216180505524
0.012000000000000004,-0.023,0.24612019268587029,0.14767211561152216
0.012499999999999997,-0.023,0.17315678870997583,0.1038940732259855
0.013000000000000005,-0.023,0.11871682580591457,0.071230095483548736
0.013499999999999998,-0.023,0.079289416746066099,0.047573650047639658
0.014000000000000005,-0.023,0.051577650041553548,0.030946590024932129
0.014499999999999999,-0.023,0.032675094500260134,0.019605056700156078
0.014999999999999999,-0.023,0.020160076137448166,0.012096045682468899
0.0155,-0.023,0.012115475412655828,0.0072692852475934964
0.016000000000000007,-0.023,0.0070934241421015936,0.004256054485260956
0.016500000000000001,-0.023,0.0040473956148107931,0.0024284373688864759
0.017000000000000001,-0.023,0.0022515578766740194,0.0013509347260044116
0.017500000000000002,-0.023,0.0012218361263352691,0.00073310167580116145
0.017999999999999995,-0.023,0.00064722671289582114,0.00038833602773749267
0.018500000000000003,-0.023,0.00033493946081644536,0.00020096367648986721
0.019000000000000003,-0.023,0.00016949625394092216,0.00010169775236455329
0.019500000000000003,-0.023,8.396909640317858e-05,5.0381457841907145e-05
0.019999999999999997,-0.023,4.0774055532432642e-05,2.4464433319459583e-05
0.020499999999999997,-0.023,1.9432829653463595e-05,1.1659697792078157e-05
0.021000000000000005,-0.023,9.102845166687607e-06,5.4617071000125637e-06
0.021500000000000005,-0.023,4.1965490161012165e-06,2.5179294096607297e-06
0.021999999999999999,-0.023,1.9063700268195774e-06,1.1438220160917464e-06
0.022499999999999999,-0.023,8.541651247574441e-07,5.124990748544664e-07
0.023000000000000007,-0.023,3.7771841482445448e-07,2.2663104889467268e-07
0.023500000000000007,-0.023,1.6488466805369305e-07,9.893080083221583e-08
0.024,-0.023,7.1036840404768847e-08,4.2622104242861309e-08
0.024500000000000001,-0.023,3.0186016058469647e-08,1.8111609635081787e-08
0.025000000000000001,-0.023,1.2639392219215281e-08,7.5836353315291684e-09
-0.025000000000000001,-0.022500000000000003,3.0153732684405302e-08,1.8092239610643182e-08
-0.024500000000000001,-0.022500000000000003,7.1167877486023862e-08,4.2700726491614314e-08
-0.024,-0.022500000000000003,1.6530988218722174e-07,9.9185929312333042e-08
-0.0235,-0.022500000000000003,3.7836590647456306e-07,2.2701954388473784e-07
-0.023,-0.022500000000000003,8.5416968277800637e-07,5.1250180966680378e-07
-0.022500000000000003,-0.022500000000000003,1.9031270038149222e-06,1.1418762022889533e-06
-0.022000000000000002,-0.022500000000000003,4.1857901466270139e-06,2.5114740879762081e-06
-0.021500000000000002,-0.022500000000000003,9.086134432589593e-06,5.4516806595537555e-06
-0.021000000000000001,-0.022500000000000003,1.945364701363651e-05,1.1672188208181906e-05
-0.020500000000000001,-0.022500000000000003,4.1041500087284919e-05,2.4624900052370951e-05
-0.02,-0.022500000000000003,8.5215814945373571e-05,5.1129488967224144e-05
-0.0195,-0.022500000000000003,0.00017390303551789192,0.00010434182131073516
-0.019,-0.022500000000000003,0.00034832383953543541,0.00020899430372126125
-0.018500000000000003,-0.022500000000000003,0.00068385838273054601,0.00041031502963832762
-0.018000000000000002,-0.022500000000000003,0.0013143691139998496,0.00078862146839990977
-0.017500000000000002,-0.022500000000000003,0.0024703360544598946,0.0014822016326759366
-0.017000000000000001,-0.022500000000000003,0.0045359282113364924,0.0027215569268018952
-0.016500000000000001,-0.022500000000000003,0.0081301197348146222,0.004878071840888773
-0.016,-0.022500000000000003,0.01421542556939831,0.0085292553416389857
-0.0155,-0.022500000000000003,0.024233945645134519,0.01454036738708071
-0.015000000000000001,-0.022500000000000003,0.040263508072838378,0.024158104843703027
-0.014500000000000001,-0.022500000000000003,0.065176743929062378,0.039106046357437425
-0.014,-0.022500000000000003,0.10277403057941498,0.061664418347648985
-0.0135,-0.022500000000000003,0.15785018682230936,0.094710112093385618
-0.012999999999999999,-0.022500000000000003,0.23614916813007583,0.14168950087804549
-0.012500000000000001,-0.022500000000000003,0.34416661207199667,0.206499967243198
-0.012,-0.022500000000000003,0.48878247133558622,0.29326948280135173
-0.0115,-0.022500000000000003,0.67674797004346565,0.40604878202607936
-0.010999999999999999,-0.022500000000000003,0.91410990039911544,0.54846594023946926
-0.010499999999999999,-0.022500000000000003,1.2057199400910994,0.72343196405465959
-0.010000000000000002,-0.022500000000000003,1.555027684813727,0.93301661088823618
-0.0095000000000000015,-0.022500000000000003,1.9643678961596134,1.178620737695768
-0.0090000000000000011,-0.022500000000000003,2.4358998701773977,1.4615399221064387
-0.0085000000000000006,-0.022500000000000003,2.9732245339212726,1.7839347203527636
-0.0080000000000000002,-0.022500000000000003,3.5834978530360986,2.1500987118216592
-0.0074999999999999997,-0.022500000000000003,4.2796102415407171,2.56776614492443
-0.0069999999999999993,-0.022500000000000003,5.0817723511988095,3.0490634107192855
-0.0064999999999999988,-0.022500000000000003,6.017718608939739,3.6106311653638432
-0.0059999999999999984,-0.022500000000000003,7.1207913587116503,4.2724748152269898
-0.0054999999999999979,-0.022500000000000003,8.4254530589155152,5.0552718353493091
-0.005000000000000001,-0.022500000000000003,9.9602895912826934,5.9761737547696159
-0.0044999999999999971,-0.022500000000000003,11.739240001767408,7.0435440010604449
-0.0040000000000000001,-0.022500000000000003,13.752471689255231,8.2514830135531376
-0.0035000000000000031,-0.022500000000000003,15.958824738128627,9.5752948428771756
-0.0029999999999999992,-0.022500000000000003,18.281887129518847,10.969132277711308
-0.0025000000000000022,-0.022500000000000003,20.611408854943878,12.366845312966326
-0.0019999999999999983,-0.022500000000000003,22.810908338707534,13.68654500322452
-0.0015000000000000013,-0.022500000000000003,24.731102849755391,14.838661709853234
-0.00099999999999999742,-0.022500000000000003,26.227467966021436,15.736480779612862
-0.00050000000000000044,-0.022500000000000003,27.179131256139382,16.307478753683629
0,-0.022500000000000003,27.505742564711742,16.503445538827044
0.00050000000000000044,-0.022500000000000003,27.179131256135843,16.307478753681504
0.0010000000000000009,-0.022500000000000003,26.227467966013119,15.73648077960787
0.0015000000000000013,-0.022500000000000003,24.731102849739468,14.838661709843681
0.0020000000000000018,-0.022500000000000003,22.81090833867901,13.686545003207405
0.0024999999999999988,-0.022500000000000003,20.611408854894734,12.366845312936841
0.0030000000000000027,-0.022500000000000003,18.281887129436555,10.969132277661933
0.0034999999999999996,-0.022500000000000003,15.958824737994867,9.5752948427969198
0.0040000000000000036,-0.022500000000000003,13.752471689043627,8.2514830134261761
0.0045000000000000005,-0.022500000000000003,11.73924000144198,7.0435440008651877
0.0049999999999999975,-0.022500000000000003,9.960289590795897,5.9761737544775384
0.0055000000000000014,-0.022500000000000003,8.4254530582072036,5.055271834924322
0.0059999999999999984,-0.022500000000000003,7.1207913577093196,4.2724748146255918
0.0064999999999999988,-0.022500000000000003,6.0177186075601687,3.6106311645361009
0.0069999999999999993,-0.022500000000000003,5.0817723493520415,3.0490634096112248
0.0074999999999999997,-0.022500000000000003,4.2796102391362529,2.5677661434817516
0.0080000000000000002,-0.022500000000000003,3.5834978499912968,2.1500987099947779
0.0085000000000000006,-0.022500000000000003,2.9732245301712212,1.7839347181027327
0.0090000000000000011,-0.022500000000000003,2.4358998656852702,1.461539919411162
0.0095000000000000015,-0.022500000000000003,1.9643678909259876,1.1786207345555926
0.010000000000000002,-0.022500000000000003,1.5550276788832509,0.93301660732995051
0.010500000000000002,-0.022500000000000003,1.2057199335550879,0.72343196013305267
0.011000000000000003,-0.022500000000000003,0.91410989339308157,0.54846593603584892
0.011500000000000003,-0.022500000000000003,0.67674796273934856,0.40604877764360914
0.012000000000000004,-0.022500000000000003,0.48878246392931546,0.29326947835758926
0.012499999999999997,-0.022500000000000003,0.34416660476788036,0.20649996286072822
0.013000000000000005,-0.022500000000000003,0.23614916112404302,0.14168949667442582
0.013499999999999998,-0.022500000000000003,0.15785018028629896,0.09471010817177937
0.014000000000000005,-0.022500000000000003,0.10277402464893663,0.061664414789361979
0.014499999999999999,-0.022500000000000003,0.065176738695434139,0.03910604321726048
0.014999999999999999,-0.022500000000000003,0.040263503580708099,0.02415810214842486
0.0155,-0.022500000000000003,0.024233941895075856,0.014540365137045513
0.016000000000000007,-0.022500000000000003,0.014215422524589258,0.0085292535147535545
0.016500000000000001,-0.022500000000000003,0.0081301173303505239,0.0048780703982103145
0.017000000000000001,-0.022500000000000003,0.0045359263645665237,0.002721555818739914
0.017500000000000002,-0.022500000000000003,0.0024703346748904003,0.0014822008049342401
0.017999999999999995,-0.022500000000000003,0.0013143681116701091,0.00078862086700206549
0.018500000000000003,-0.022500000000000003,0.00068385767443595214,0.00041031460466157125
0.019000000000000003,-0.022500000000000003,0.00034832335273215419,0.0002089940116392925
0.019500000000000003,-0.022500000000000003,0.00017390271010906387,0.00010434162606543831
0.019999999999999997,-0.022500000000000003,8.5215603381541064e-05,5.1129362028924638e-05
0.020499999999999997,-0.022500000000000003,4.1041366307716949e-05,2.462481978463017e-05
0.021000000000000005,-0.022500000000000003,1.9453564737400132e-05,1.1672138842440079e-05
0.021500000000000005,-0.022500000000000003,9.0860852178368078e-06,5.4516511307020847e-06
0.021999999999999999,-0.022500000000000003,4.1857615145757518e-06,2.5114569087454508e-06
0.022499999999999999,-0.022500000000000003,1.9031108026634289e-06,1.1418664815980572e-06
0.023000000000000007,-0.022500000000000003,8.5416076666491863e-07,5.124964599989512e-07
0.023500000000000007,-0.022500000000000003,3.7836113402313633e-07,2.270166804138818e-07
0.024,-0.022500000000000003,1.6530739766017038e-07,9.9184438596102226e-08
0.024500000000000001,-0.022500000000000003,7.1166619481487077e-08,4.2699971688892246e-08
0.025000000000000001,-0.022500000000000003,3.0153113162097024e-08,1.8091867897258214e-08
-0.025000000000000001,-0.022000000000000002,7.0702838292652215e-08,4.2421702975591325e-08
-0.024500000000000001,-0.022000000000000002,1.6513150168709901e-07,9.9078901012259407e-08
-0.024,-0.022000000000000002,3.7906077660253934e-07,2.274364659615236e-07
-0.0235,-0.022000000000000002,8.5636656145013915e-07,5.1381993687008342e-07
-0.023,-0.022000000000000002,1.9063780089672749e-06,1.1438268053803649e-06
-0.022500000000000003,-0.022000000000000002,4.1857899949008879e-06,2.5114739969405328e-06
-0.022000000000000002,-0.022000000000000002,9.07063061888148e-06,5.4423783713288878e-06
-0.021500000000000002,-0.022000000000000002,1.9403667411583753e-05,1.1642200446950252e-05
-0.021000000000000001,-0.022000000000000002,4.096590126299819e-05,2.4579540757798914e-05
-0.020500000000000001,-0.022000000000000002,8.5306441043916814e-05,5.1183864626350085e-05
-0.02,-0.022000000000000002,0.00017504192573143654,0.00010502515543886193
-0.0195,-0.022000000000000002,0.00035349070236122818,0.00021209442141673689
-0.019,-0.022000000000000002,0.00070162508644807124,0.00042097505186884274
-0.018500000000000003,-0.022000000000000002,0.0013668567119962869,0.00082011402719777207
-0.018000000000000002,-0.022000000000000002,0.0026100580690565961,0.0015660348414339577
-0.017500000000000002,-0.022000000000000002,0.0048792023976308909,0.0029275214385785344
-0.017000000000000001,-0.022000000000000002,0.0089194814738395075,0.0053516888843037043
-0.016500000000000001,-0.022000000000000002,0.01592972307602495,0.0095578338456149704
-0.016,-0.022000000000000002,0.027771951902356859,0.016663171141414114
-0.0155,-0.022000000000000002,0.047233397309301609,0.028340038385580964
-0.015000000000000001,-0.022000000000000002,0.078326847426524862,0.046996108455914919
-0.014500000000000001,-0.022000000000000002,0.1265958537688267,0.075957512261296017
-0.014,-0.022000000000000002,0.19936801618372779,0.11962080971023667
-0.0135,-0.022000000000000002,0.30587773024095732,0.1835266381445744
-0.012999999999999999,-0.022000000000000002,0.45716813831200931,0.27430088298720556
-0.012500000000000001,-0.022000000000000002,0.66569180257313887,0.39941508154388333
-0.012,-0.022000000000000002,0.94457158348520187,0.56674295009112108
-0.0115,-0.022000000000000002,1.3065630170483213,0.78393781022899278
-0.010999999999999999,-0.022000000000000002,1.7628720951714705,1.0577232571028823
-0.010499999999999999,-0.022000000000000002,2.3221074074116377,1.3932644444469826
-0.010000000000000002,-0.022000000000000002,2.9897463438311465,1.7938478062986878
-0.0095000000000000015,-0.022000000000000002,3.7685232349078204,2.2611139409446923
-0.0090000000000000011,-0.022000000000000002,4.660055199083228,2.7960331194499366
-0.0085000000000000006,-0.022000000000000002,5.6677797809352706,3.4006678685611624
-0.0080000000000000002,-0.022000000000000002,6.8008957134250663,4.0805374280550399
-0.0074999999999999997,-0.022000000000000002,8.0785347435639139,4.8471208461383481
-0.0069999999999999993,-0.022000000000000002,9.5329618555127649,5.7197771133076589
-0.0064999999999999988,-0.022000000000000002,11.210352382026075,6.7262114292156445
-0.0059999999999999984,-0.022000000000000002,13.167775172517461,7.9006651035104758
-0.0054999999999999979,-0.022000000000000002,15.465518000855928,9.2793108005135565
-0.005000000000000001,-0.022000000000000002,18.154821242261811,10.892892745357086
-0.0044999999999999971,-0.022000000000000002,21.262303298229952,12.757381978937971
-0.0040000000000000001,-0.022000000000000002,24.773602672377748,14.864161603426648
-0.0035000000000000031,-0.022000000000000002,28.619682267797227,17.171809360678335
-0.0029999999999999992,-0.022000000000000002,32.669502813653175,19.601701688191906
-0.0025000000000000022,-0.022000000000000002,36.732149424360991,22.039289654616592
-0.0019999999999999983,-0.022000000000000002,40.569972325093424,24.341983395056054
-0.0015000000000000013,-0.022000000000000002,43.922120436862969,26.35327226211778
-0.00099999999999999742,-0.022000000000000002,46.535474934492314,27.921284960695388
-0.00050000000000000044,-0.022000000000000002,48.198022351185948,28.918813410711568
0,-0.022000000000000002,48.768697672819222,29.261218603691532
0.00050000000000000044,-0.022000000000000002,48.198022351173819,28.918813410704288
0.0010000000000000009,-0.022000000000000002,46.535474934463728,27.921284960678236
0.0015000000000000013,-0.022000000000000002,43.922120436808193,26.353272262084914
0.0020000000000000018,-0.022000000000000002,40.569972324995291,24.341983394997175
0.0024999999999999988,-0.022000000000000002,36.73214942419181,22.039289654515084
0.0030000000000000027,-0.022000000000000002,32.669502813369974,19.601701688021983
0.0034999999999999996,-0.022000000000000002,28.619682267336763,17.171809360402058
0.0040000000000000036,-0.022000000000000002,24.77360267164946,14.864161602989675
0.0045000000000000005,-0.022000000000000002,21.262303297109796,12.757381978265878
0.0049999999999999975,-0.022000000000000002,18.154821240586134,10.892892744351681
0.0055000000000000014,-0.022000000000000002,15.4655179984178,9.2793107990506805
0.0059999999999999984,-0.022000000000000002,13.167775169067241,7.9006651014403442
0.0064999999999999988,-0.022000000000000002,11.210352377277319,6.7262114263663912
0.0069999999999999993,-0.022000000000000002,9.5329618491558126,5.7197771094934877
0.0074999999999999997,-0.022000000000000002,8.0785347352872652,4.8471208411723588
0.0080000000000000002,-0.022000000000000002,6.8008957029442314,4.0805374217665387
0.0085000000000000006,-0.022000000000000002,5.6677797680268247,3.4006678608160947
0.0090000000000000011,-0.022000000000000002,4.6600551836204183,2.7960331101722509
0.0095000000000000015,-0.022000000000000002,3.7685232168926244,2.2611139301355747
0.010000000000000002,-0.022000000000000002,2.9897463234172528,1.7938477940503517
0.010500000000000002,-0.022000000000000002,2.3221073849133731,1.3932644309480238
0.011000000000000003,-0.022000000000000002,1.7628720710552963,1.0577232426331777
0.011500000000000003,-0.022000000000000002,1.3065629919060824,0.78393779514364936
0.012000000000000004,-0.022000000000000002,0.9445715579913273,0.56674293479479632
0.012499999999999997,-0.022000000000000002,0.66569177743090224,0.39941506645854136
0.013000000000000005,-0.022000000000000002,0.45716811419583703,0.27430086851750218
0.013499999999999998,-0.022000000000000002,0.30587770774269335,0.183526624645616
0.014000000000000005,-0.022000000000000002,0.19936799576982903,0.11962079746189741
0.014499999999999999,-0.022000000000000002,0.12659583575362521,0.075957501452175127
0.014999999999999999,-0.022000000000000002,0.078326831963709376,0.046996099178225621
0.0155,-0.022000000000000002,0.047233384400845693,0.028340030640507413
0.016000000000000007,-0.022000000000000002,0.027771941421512077,0.016663164852907246
0.016500000000000001,-0.022000000000000002,0.015929714799376164,0.0095578288796256978
0.017000000000000001,-0.022000000000000002,0.0089194751168859381,0.005351685070131563
0.017500000000000002,-0.022000000000000002,0.0048791976488753285,0.0029275185893251972
0.017999999999999995,-0.022000000000000002,0.0026100546188360836,0.0015660327713016501
0.018500000000000003,-0.022000000000000002,0.0013668542739038809,0.00082011256434232852
0.019000000000000003,-0.022000000000000002,0.00070162341077330097,0.00042097404646398057
0.019500000000000003,-0.022000000000000002,0.00035348958223861774,0.00021209374934317063
0.019999999999999997,-0.022000000000000002,0.00017504119748618576,0.00010502471849171146
0.020499999999999997,-0.022000000000000002,8.5305980547745753e-05,5.1183588328647452e-05
0.021000000000000005,-0.022000000000000002,4.0965618051650215e-05,2.4579370830990128e-05
0.021500000000000005,-0.022000000000000002,1.9403498004509399e-05,1.1642098802705639e-05
0.021999999999999999,-0.022000000000000002,9.0705320616041233e-06,5.4423192369624737e-06
0.022499999999999999,-0.022000000000000002,4.1857342272799539e-06,2.5114405363679722e-06
0.023000000000000007,-0.022000000000000002,1.9063473179133278e-06,1.1438083907479967e-06
0.023500000000000007,-0.022000000000000002,8.5635013371276395e-07,5.1381008022765831e-07
0.024,-0.022000000000000002,3.7905222436087613e-07,2.2743133461652568e-07
0.024500000000000001,-0.022000000000000002,1.6512717138254327e-07,9.9076302829525958e-08
0.025000000000000001,-0.022000000000000002,7.0700705772303619e-08,4.242042346338217e-08
-0.025000000000000001,-0.021500000000000002,1.6271117523823311e-07,9.762670514293986e-08
-0.024500000000000001,-0.021500000000000002,3.7658506863376537e-07,2.259510411802592e-07
-0.024,-0.021500000000000002,8.554448613162929e-07,5.1326691678977572e-07
-0.0235,-0.021500000000000002,1.909883374646039e-06,1.1459300247876233e-06
-0.023,-0.021500000000000002,4.1965624893311259e-06,2.5179374935986753e-06
-0.022500000000000003,-0.021500000000000002,9.0861336227595797e-06,5.4516801736557473e-06
-0.022000000000000002,-0.021500000000000002,1.9403666304373513e-05,1.1642199782624107e-05
-0.021500000000000002,-0.021500000000000002,4.0895951801407398e-05,2.4537571080844437e-05
-0.021000000000000001,-0.021500000000000002,8.5087044109554476e-05,5.1052226465732687e-05
-0.020500000000000001,-0.021500000000000002,0.00017471867211642044,0.00010483120326985226
-0.02,-0.021500000000000002,0.00035386401404368821,0.00021231840842621293
-0.0195,-0.021500000000000002,0.00070621222448006323,0.00042372733468803791
-0.019,-0.021500000000000002,0.0013871097756771996,0.00083226586540631974
-0.018500000000000003,-0.021500000000000002,0.0026778064789612652,0.0016066838873767591
-0.018000000000000002,-0.021500000000000002,0.0050738832989575596,0.0030443299793745356
-0.017500000000000002,-0.021500000000000002,0.0094235398843925573,0.0056541239306355344
-0.017000000000000001,-0.021500000000000002,0.01713418128643773,0.010280508771862637
-0.016500000000000001,-0.021500000000000002,0.030465661398635248,0.018279396839181148
-0.016,-0.021500000000000002,0.052922929770270764,0.03175375786216246
-0.0155,-0.021500000000000002,0.089746618974151676,0.053847971384491003
-0.015000000000000001,-0.021500000000000002,0.14847481396447029,0.08908488837868217
-0.014500000000000001,-0.021500000000000002,0.23951255154443293,0.14370753092665975
-0.014,-0.021500000000000002,0.37660137831473672,0.22596082698884201
-0.0135,-0.021500000000000002,0.57703940017752564,0.34622364010651535
-0.012999999999999999,-0.021500000000000002,0.86147907319452133,0.51688744391671282
-0.012500000000000001,-0.021500000000000002,1.253146528241819,0.75188791694509138
-0.012,-0.021500000000000002,1.7764028195413202,1.0658416917247922
-0.0115,-0.021500000000000002,2.4547151164112853,1.4728290698467712
-0.010999999999999999,-0.021500000000000002,3.3083157772113179,1.9849894663267906
-0.010499999999999999,-0.021500000000000002,4.3520624192933273,2.6112374515759962
-0.010000000000000002,-0.021500000000000002,5.5942051554992078,3.3565230932995247
-0.0095000000000000015,-0.021500000000000002,7.0368293731994962,4.2220976239196979
-0.0090000000000000011,-0.021500000000000002,8.678585760946218,5.2071514565677308
-0.0085000000000000006,-0.021500000000000002,10.519889121059084,6.3119334726354497
-0.0080000000000000002,-0.021500000000000002,12.570077956137423,7.5420467736824532
-0.0074999999999999997,-0.021500000000000002,14.855186127941083,8.9131116767646503
-0.0069999999999999993,-0.021500000000000002,17.424190123615901,10.454514074169539
-0.0064999999999999988,-0.021500000000000002,20.35112854193396,12.210677125160375
-0.0059999999999999984,-0.021500000000000002,23.730609657249747,14.238365794349848
-0.0054999999999999979,-0.021500000000000002,27.665101974703326,16.599061184821995
-0.005000000000000001,-0.021500000000000002,32.244035918937563,19.346421551362535
-0.0044999999999999971,-0.021500000000000002,37.516892573832408,22.510135544299445
-0.0040000000000000001,-0.021500000000000002,43.464651484061164,26.078790890436697
-0.0035000000000000031,-0.021500000000000002,49.975606063692339,29.985363638215404
-0.0029999999999999992,-0.021500000000000002,56.832037040466425,34.099222224279856
-0.0025000000000000022,-0.021500000000000002,63.713167842138226,38.227900705282934
-0.0019999999999999983,-0.021500000000000002,70.217184371388996,42.130310622833399
-0.0015000000000000013,-0.021500000000000002,75.90130689236932,45.540784135421589
-0.00099999999999999742,-0.021500000000000002,80.334774481937714,48.200864689162628
-0.00050000000000000044,-0.021500000000000002,83.156176029388533,49.893705617633117
0,-0.021500000000000002,84.124799889374302,50.474879933624578
0.00050000000000000044,-0.021500000000000002,83.156176029347975,49.893705617608781
0.0010000000000000009,-0.021500000000000002,80.334774481842047,48.200864689105224
0.0015000000000000013,-0.021500000000000002,75.901306892185985,45.54078413531159
0.0020000000000000018,-0.021500000000000002,70.21718437106054,42.130310622636323
0.0024999999999999988,-0.021500000000000002,63.713167841571803,38.227900704943082
0.0030000000000000027,-0.021500000000000002,56.83203703951844,34.09922222371106
0.0034999999999999996,-0.021500000000000002,49.97560606215076,29.985363637290455
0.0040000000000000036,-0.021500000000000002,43.464651481623015,26.07879088897381
0.0045000000000000005,-0.021500000000000002,37.516892570082298,22.51013554204938
0.0049999999999999975,-0.021500000000000002,32.244035913327608,19.346421547996563
0.0055000000000000014,-0.021500000000000002,27.665101966540782,16.599061179924469
0.0059999999999999984,-0.021500000000000002,23.730609645698745,14.238365787419246
0.0064999999999999988,-0.021500000000000002,20.351128526035591,12.210677115621355
0.0069999999999999993,-0.021500000000000002,17.424190102333451,10.45451406140007
0.0074999999999999997,-0.021500000000000002,14.85518610023167,8.9131116601390019
0.0080000000000000002,-0.021500000000000002,12.570077921048613,7.542046752629167
0.0085000000000000006,-0.021500000000000002,10.519889077842874,6.3119334467057246
0.0090000000000000011,-0.021500000000000002,8.6785857091782521,5.2071514255069511
0.0095000000000000015,-0.021500000000000002,7.0368293128863977,4.2220975877318381
0.010000000000000002,-0.021500000000000002,5.5942050871555153,3.3565230522933089
0.010500000000000002,-0.021500000000000002,4.3520623439713804,2.6112374063828283
0.011000000000000003,-0.021500000000000002,3.3083156964727745,1.9849894178836647
0.011500000000000003,-0.021500000000000002,2.4547150322375741,1.4728290193425444
0.012000000000000004,-0.021500000000000002,1.7764027341903723,1.0658416405142233
0.012499999999999997,-0.021500000000000002,1.2531464440681148,0.75188786644086891
0.013000000000000005,-0.021500000000000002,0.86147899245598358,0.51688739547359008
0.013499999999999998,-0.021500000000000002,0.57703932485558385,0.34622359491335031
0.014000000000000005,-0.021500000000000002,0.37660130997104196,0.22596078598262517
0.014499999999999999,-0.021500000000000002,0.23951249123133686,0.14370749473880212
0.014999999999999999,-0.021500000000000002,0.14847476219650721,0.089084857317904317
0.0155,-0.021500000000000002,0.089746575757929895,0.053847945454757934
0.016000000000000007,-0.021500000000000002,0.052922894681449083,0.031753736808869448
0.016500000000000001,-0.021500000000000002,0.030465633689241305,0.018279380213544784
0.017000000000000001,-0.021500000000000002,0.017134160003991841,0.010280496002395103
0.017500000000000002,-0.021500000000000002,0.0094235239860329962,0.0056541143916197974
0.017999999999999995,-0.021500000000000002,0.0050738717479636925,0.0030443230487782152
0.018500000000000003,-0.021500000000000002,0.0026777983164713087,0.0016066789898827852
0.019000000000000003,-0.021500000000000002,0.001387104165685357,0.00083226249941121416
0.019500000000000003,-0.021500000000000002,0.00070620847442138591,0.00042372508465283152
0.019999999999999997,-0.021500000000000002,0.0003538615759512901,0.00021231694557077404
0.020499999999999997,-0.021500000000000002,0.0001747171304212109,0.00010483027825272654
0.021000000000000005,-0.021500000000000002,8.5086095946234713e-05,5.1051657567740828e-05
0.021500000000000005,-0.021500000000000002,4.0895384643434671e-05,2.4537230786060803e-05
0.021999999999999999,-0.021500000000000002,1.9403336344448072e-05,1.1642001806668843e-05
0.022499999999999999,-0.021500000000000002,9.0859469183321215e-06,5.451568150999273e-06
0.023000000000000007,-0.021500000000000002,4.1964597387465086e-06,2.5178758432479052e-06
0.023500000000000007,-0.021500000000000002,1.9098283762213343e-06,1.1458970257328006e-06
0.024,-0.021500000000000002,8.5541622926500019e-07,5.1324973755900005e-07
0.024500000000000001,-0.021500000000000002,3.7657057120641891e-07,2.2594234272385132e-07
0.025000000000000001,-0.021500000000000002,1.6270403577300112e-07,9.7622421463800676e-08
-0.025000000000000001,-0.021000000000000001,3.670277033625435e-07,2.2021662201752609e-07
-0.024500000000000001,-0.021000000000000001,8.4291061910901641e-07,5.0574637146540983e-07
-0.024,-0.021000000000000001,1.8974174916660007e-06,1.1384504949996003e-06
-0.0235,-0.021000000000000001,4.1920606182332349e-06,2.5152363709399407e-06
-0.023,-0.021000000000000001,9.102866913776156e-06,5.4617201482656935e-06
-0.022500000000000003,-0.021000000000000001,1.9453643857300556e-05,1.1672186314380334e-05
-0.022000000000000002,-0.021000000000000001,4.0965895515918498e-05,2.45795373095511e-05
-0.021500000000000002,-0.021000000000000001,8.5087036467993549e-05,5.1052221880796131e-05
-0.021000000000000001,-0.021000000000000001,0.0001744200730062136,0.00010465204380372816
-0.020500000000000001,-0.021000000000000001,0.00035295269886453148,0.00021177161931871887
-0.02,-0.021000000000000001,0.00070490379766405026,0.00042294227859843012
-0.0195,-0.021000000000000001,0.0013885615306990183,0.000833136918419411
-0.019,-0.021000000000000001,0.0026952756510775747,0.0016171653906465447
-0.018500000000000003,-0.021000000000000001,0.0051489591367507703,0.0030893754820504622
-0.018000000000000002,-0.021000000000000001,0.0096678620036681883,0.0058007172022009126
-0.017500000000000002,-0.021000000000000001,0.017817104847030446,0.010690262908218267
-0.017000000000000001,-0.021000000000000001,0.032185480155734733,0.019311288093440838
-0.016500000000000001,-0.021000000000000001,0.056919870307836296,0.034151922184701776
-0.016,-0.021000000000000001,0.098440375399298258,0.059064225239578952
-0.0155,-0.021000000000000001,0.16633324602792252,0.099799947616753509
-0.015000000000000001,-0.021000000000000001,0.27437235326857362,0.16462341196114416
-0.014500000000000001,-0.021000000000000001,0.44155250403253615,0.26493150241952168
-0.014,-0.021000000000000001,0.69293632019982732,0.41576179211989639
-0.0135,-0.021000000000000001,1.0600384345855505,0.6360230607513303
-0.012999999999999999,-0.021000000000000001,1.5804261679120444,0.94825570074722654
-0.012500000000000001,-0.021000000000000001,2.2962429527670207,1.3777457716602124
-0.012,-0.021000000000000001,3.2514968767114776,1.9508981260268865
-0.0115,-0.021000000000000001,4.4882224918798608,2.6929334951279165
-0.010999999999999999,-0.021000000000000001,6.0420047655245019,3.625202859314701
-0.010499999999999999,-0.021000000000000001,7.9377841086469862,4.7626704651881919
-0.010000000000000002,-0.021000000000000001,10.187220537382554,6.1123323224295323
-0.0095000000000000015,-0.021000000000000001,12.789024269366548,7.6734145616199285
-0.0090000000000000011,-0.021000000000000001,15.733401282843879,9.4400407697063269
-0.0085000000000000006,-0.021000000000000001,19.01101645014321,11.406609870085925
-0.0080000000000000002,-0.021000000000000001,22.625666379374675,13.575399827624805
-0.0074999999999999997,-0.021000000000000001,26.608368016532076,15.965020809919245
-0.0069999999999999993,-0.021000000000000001,31.029165114663897,18.617499068798338
-0.0064999999999999988,-0.021000000000000001,36.002102414583462,21.601261448750076
-0.0059999999999999984,-0.021000000000000001,41.678981125666979,25.007388675400186
-0.0054999999999999979,-0.021000000000000001,48.228992575233356,28.937395545140014
-0.005000000000000001,-0.021000000000000001,55.804121026147833,33.4824726156887
-0.0044999999999999971,-0.021000000000000001,64.493897933832955,38.696338760299774
-0.0040000000000000001,-0.021000000000000001,74.276874998008353,44.566124998805009
-0.0035000000000000031,-0.021000000000000001,84.979018014072395,50.987410808443435
-0.0029999999999999992,-0.021000000000000001,96.250088886007944,57.750053331604761
-0.0025000000000000022,-0.021000000000000001,107.56730785609739,64.540384713658426
-0.0019999999999999983,-0.021000000000000001,118.27112888465712,70.962677330794264
-0.0015000000000000013,-0.021000000000000001,127.63153763895822,76.578922583374933
-0.00099999999999999742,-0.021000000000000001,134.93628883608957,80.961773301653736
-0.00050000000000000044,-0.021000000000000001,139.58669005929804,83.752014035578824
0,-0.021000000000000001,141.18354379133865,84.710126274803187
0.00050000000000000044,-0.021000000000000001,139.58669005916605,83.752014035499627
0.0010000000000000009,-0.021000000000000001,134.93628883577813,80.961773301466877
0.0015000000000000013,-0.021000000000000001,127.63153763836135,76.578922583016805
0.0020000000000000018,-0.021000000000000001,118.27112888358774,70.962677330152644
0.0024999999999999988,-0.021000000000000001,107.567307854253,64.540384712551798
0.0030000000000000027,-0.021000000000000001,96.250088882921361,57.750053329752816
0.0034999999999999996,-0.021000000000000001,84.979018009052766,50.987410805431658
0.0040000000000000036,-0.021000000000000001,74.276874990069487,44.566124994041694
0.0045000000000000005,-0.021000000000000001,64.493897921622036,38.696338752973219
0.0049999999999999975,-0.021000000000000001,55.804121007880703,33.482472604728422
0.0055000000000000014,-0.021000000000000001,48.228992548654723,28.937395529192834
0.0059999999999999984,-0.021000000000000001,41.678981088054847,25.007388652832908
0.0064999999999999988,-0.021000000000000001,36.002102362815506,21.601261417689305
0.0069999999999999993,-0.021000000000000001,31.029165045364365,18.617499027218617
0.0074999999999999997,-0.021000000000000001,26.608367926305256,15.965020755783152
0.0080000000000000002,-0.021000000000000001,22.625666265119083,13.57539975907145
0.0085000000000000006,-0.021000000000000001,19.011016309423315,11.406609785653989
0.0090000000000000011,-0.021000000000000001,15.733401114277951,9.4400406685667697
0.0095000000000000015,-0.021000000000000001,12.789024072976106,7.6734144437856635
0.010000000000000002,-0.021000000000000001,10.187220314843024,6.1123321889058149
0.010500000000000002,-0.021000000000000001,7.9377838633849809,4.7626703180309882
0.011000000000000003,-0.021000000000000001,6.0420045026250753,3.625202701575045
0.011500000000000003,-0.021000000000000001,4.4882222177948918,2.6929333306769352
0.012000000000000004,-0.021000000000000001,3.251496598793207,1.9508979592759241
0.012499999999999997,-0.021000000000000001,2.2962426786820593,1.3777456072092356
0.013000000000000005,-0.021000000000000001,1.5804259050126295,0.94825554300757764
0.013499999999999998,-0.021000000000000001,1.0600381893235471,0.63602291359412821
0.014000000000000005,-0.021000000000000001,0.69293609766027819,0.41576165859616693
0.014499999999999999,-0.021000000000000001,0.44155230764207654,0.2649313845852459
0.014999999999999999,-0.021000000000000001,0.2743721847026282,0.16462331082157691
0.0155,-0.021000000000000001,0.1663331053080091,0.099799863184805451
0.016000000000000007,-0.021000000000000001,0.098440261143685079,0.059064156686211046
0.016500000000000001,-0.021000000000000001,0.056919780080987435,0.034151868048592458
0.017000000000000001,-0.021000000000000001,0.032185410856202731,0.019311246513721639
0.017500000000000002,-0.021000000000000001,0.017817053079067259,0.010690231847440355
0.017999999999999995,-0.021000000000000001,0.0096678243915218585,0.0058006946349131146
0.018500000000000003,-0.021000000000000001,0.0051489325581922651,0.0030893595349153588
0.019000000000000003,-0.021000000000000001,0.0026952573839192579,0.0016171544303515547
0.019500000000000003,-0.021000000000000001,0.0013885493198228683,0.00083312959189372094
0.019999999999999997,-0.021000000000000001,0.00070489585878977939,0.00042293751527386765
0.020499999999999997,-0.021000000000000001,0.00035294767882327281,0.00021176860729396369
0.021000000000000005,-0.021000000000000001,0.00017441698561322547,0.00010465019136793527
0.021500000000000005,-0.021000000000000001,8.5085189698020207e-05,5.1051113818812126e-05
0.021999999999999999,-0.021000000000000001,4.0964821106120443e-05,2.4578892663672267e-05
0.022499999999999999,-0.021000000000000001,1.945303591357547e-05,1.1671821548145281e-05
0.023000000000000007,-0.021000000000000001,9.1025323391010588e-06,5.4615194034606355e-06
0.023500000000000007,-0.021000000000000001,4.1918815333147035e-06,2.5151289199888219e-06
0.024,-0.021000000000000001,1.897324260476168e-06,1.1383945562857007e-06
0.024500000000000001,-0.021000000000000001,8.428634128370214e-07,5.0571804770221277e-07
0.025000000000000001,-0.021000000000000001,3.6700445595943253e-07,2.2020267357565951e-07
-0.025000000000000001,-0.020500000000000001,8.1047593124320354e-07,4.8628555874592212e-07
-0.024500000000000001,-0.020500000000000001,1.8492753387575218e-06,1.1095652032545131e-06
-0.024,-0.020500000000000001,4.1306621464283749e-06,2.4783972878570248e-06
-0.0235,-0.020500000000000001,9.0435000347580502e-06,5.42610002085483e-06
-0.023,-0.020500000000000001,1.943286270350783e-05,1.1659717622104698e-05
-0.022500000000000003,-0.020500000000000001,4.1041489440964973e-05,2.4624893664578984e-05
-0.022000000000000002,-0.020500000000000001,8.5306419261315782e-05,5.1183851556789467e-05
-0.021500000000000002,-0.020500000000000001,0.00017471863354410078,0.00010483118012646047
-0.021000000000000001,-0.020500000000000001,0.00035295264898709081,0.00021177158939225449
-0.020500000000000001,-0.020500000000000001,0.00070369771978467997,0.00042221863187080798
-0.02,-0.020500000000000001,0.0013849793924124196,0.00083098763544745176
-0.0195,-0.020500000000000001,0.0026902612913445845,0.0016141567748067507
-0.019,-0.020500000000000001,0.0051542858295119554,0.0030925714977071733
-0.018500000000000003,-0.020500000000000001,0.0097307570747399916,0.0058384542448439948
-0.018000000000000002,-0.020500000000000001,0.018080264915244924,0.010848158949146954
-0.017500000000000002,-0.020500000000000001,0.03301871972957246,0.019811231837743474
-0.017000000000000001,-0.020500000000000001,0.059185442742655171,0.0355112656455931
-0.016500000000000001,-0.020500000000000001,0.1039897795712052,0.062393867742723118
-0.016,-0.020500000000000001,0.17887692629030211,0.10732615577418127
-0.0155,-0.020500000000000001,0.30090748660597011,0.18054449196358205
-0.015000000000000001,-0.020500000000000001,0.49456276524498521,0.29673765914699113
-0.014500000000000001,-0.020500000000000001,0.79356747962241247,0.47614048777344747
-0.014,-0.020500000000000001,1.2423753720850366,0.7454252232510219
-0.0135,-0.020500000000000001,1.896822369561922,1.1380934217371532
-0.012999999999999999,-0.020500000000000001,2.8233690024210354,1.6940214014526211
-0.012500000000000001,-0.020500000000000001,4.096396709499448,2.4578380256996688
-0.012,-0.020500000000000001,5.7932580285701709,3.4759548171421026
-0.0115,-0.020500000000000001,7.9872462626850966,4.7923477576110578
-0.010999999999999999,-0.020500000000000001,10.739321975823511,6.4435931854941062
-0.010499999999999999,-0.020500000000000001,14.09019840311692,8.4541190418701522
-0.010000000000000002,-0.020500000000000001,18.05503644198528,10.833021865191167
-0.0095000000000000015,-0.020500000000000001,22.623255112670421,13.573953067602252
-0.0090000000000000011,-0.020500000000000001,27.765548514011758,16.659329108407054
-0.0085000000000000006,-0.020500000000000001,33.448940238327822,20.069364142996694
-0.0080000000000000002,-0.020500000000000001,39.658635775856943,23.795181465514165
-0.0074999999999999997,-0.020500000000000001,46.422874010528851,27.853724406317308
-0.0069999999999999993,-0.020500000000000001,53.834541597089391,32.300724958253632
-0.0064999999999999988,-0.020500000000000001,62.061800766208862,37.237080459725313
-0.0059999999999999984,-0.020500000000000001,71.340183833787449,42.80411030027247
-0.0054999999999999979,-0.020500000000000001,81.941043512502802,49.164626107501682
-0.005000000000000001,-0.020500000000000001,94.115904302462752,56.469542581477647
-0.0044999999999999971,-0.020500000000000001,108.02244084982482,64.813464509894885
-0.0040000000000000001,-0.020500000000000001,123.64416557799211,74.186499346795259
-0.0035000000000000031,-0.020500000000000001,140.72069241829755,84.432415450978525
-0.0029999999999999992,-0.020500000000000001,158.70695679593575,95.224174077561443
-0.0025000000000000022,-0.020500000000000001,176.77689921845254,106.06613953107153
-0.0019999999999999983,-0.020500000000000001,193.87979281041456,116.32787568624873
-0.0015000000000000013,-0.020500000000000001,208.84680953881573,125.30808572328944
-0.00099999999999999742,-0.020500000000000001,220.5338850433308,132.32033102599848
-0.00050000000000000044,-0.020500000000000001,227.97735122759008,136.78641073655405
0,-0.020500000000000001,230.53384669523905,138.32030801714342
0.00050000000000000044,-0.020500000000000001,227.97735122717222,136.78641073630334
0.0010000000000000009,-0.020500000000000001,220.53388504234445,132.32033102540666
0.0015000000000000013,-0.020500000000000001,208.84680953692558,125.30808572215534
0.0020000000000000018,-0.020500000000000001,193.87979280702811,116.32787568421686
0.0024999999999999988,-0.020500000000000001,176.77689921261134,106.0661395275668
0.0030000000000000027,-0.020500000000000001,158.7069567861611,95.224174071696652
0.0034999999999999996,-0.020500000000000001,140.72069240240066,84.432415441440398
0.0040000000000000036,-0.020500000000000001,123.64416555285013,74.186499331710067
0.0045000000000000005,-0.020500000000000001,108.02244081115325,64.813464486691942
0.0049999999999999975,-0.020500000000000001,94.115904244611187,56.469542546766711
0.0055000000000000014,-0.020500000000000001,81.941043428328996,49.164626056997399
0.0059999999999999984,-0.020500000000000001,71.340183714670545,42.804110228802323
0.0064999999999999988,-0.020500000000000001,62.061800602260845,37.237080361356504
0.0069999999999999993,-0.020500000000000001,53.83454137761926,32.300724826571553
0.0074999999999999997,-0.020500000000000001,46.422873724782427,27.853724234869457
0.0080000000000000002,-0.020500000000000001,39.658635414011954,23.795181248407172
0.0085000000000000006,-0.020500000000000001,33.448939792670984,20.06936387560259
0.0090000000000000011,-0.020500000000000001,27.765547980167149,16.659328788100289
0.0095000000000000015,-0.020500000000000001,22.623254490706177,13.573952694423706
0.010000000000000002,-0.020500000000000001,18.055035737207461,10.833021442324476
0.010500000000000002,-0.020500000000000001,14.090197626377558,8.4541185758265343
0.011000000000000003,-0.020500000000000001,10.739321143226862,6.4435926859361166
0.011500000000000003,-0.020500000000000001,7.9872453946640505,4.7923472367984301
0.012000000000000004,-0.020500000000000001,5.7932571484091744,3.4759542890455046
0.012499999999999997,-0.020500000000000001,4.0963958414784427,2.4578375048870655
0.013000000000000005,-0.020500000000000001,2.8233681698244153,1.694020901894649
0.013499999999999998,-0.020500000000000001,1.8968215928225867,1.138092955693552
0.014000000000000005,-0.020500000000000001,1.2423746673072156,0.74542480038432934
0.014499999999999999,-0.020500000000000001,0.79356685765817425,0.47614011459490452
0.014999999999999999,-0.020500000000000001,0.49456223140036659,0.29673733884021997
0.0155,-0.020500000000000001,0.30090704094911869,0.1805442245694712
0.016000000000000007,-0.020500000000000001,0.17887656444530517,0.1073259386671831
0.016500000000000001,-0.020500000000000001,0.1039894938247721,0.062393696294863257
0.017000000000000001,-0.020500000000000001,0.059185223272571405,0.035511133963542843
0.017500000000000002,-0.020500000000000001,0.033018555781579063,0.019811133468947438
0.017999999999999995,-0.020500000000000001,0.018080145798409948,0.010848087479045969
0.018500000000000003,-0.020500000000000001,0.009730672901033556,0.0058384037406201336
0.019000000000000003,-0.020500000000000001,0.0051542279778259538,0.0030925367866955723
0.019500000000000003,-0.020500000000000001,0.0026902226197701392,0.0016141335718620835
0.019999999999999997,-0.020500000000000001,0.0013849542501733455,0.00083097255010400729
0.020499999999999997,-0.020500000000000001,0.00070368182142514064,0.00042220909285508435
0.021000000000000005,-0.020500000000000001,0.00035294287128184135,0.00021176572276910481
0.021500000000000005,-0.020500000000000001,0.00017471278486447619,0.00010482767091868571
0.021999999999999999,-0.020500000000000001,8.5303016629268579e-05,5.1181809977561148e-05
0.022499999999999999,-0.020500000000000001,4.1039564096645044e-05,2.4623738457987025e-05
0.023000000000000007,-0.020500000000000001,1.9431803112918156e-05,1.1659081867750893e-05
0.023500000000000007,-0.020500000000000001,9.0429328767854186e-06,5.4257597260712512e-06
0.024,-0.020500000000000001,4.1303668853139988e-06,2.4782201311883993e-06
0.024500000000000001,-0.020500000000000001,1.8491258375391024e-06,1.1094755025234615e-06
0.025000000000000001,-0.020500000000000001,8.1040230723216708e-07,4.8624138433930021e-07
-0.025000000000000001,-0.02,1.750077263832328e-06,1.0500463582993969e-06
-0.024500000000000001,-0.02,3.9717546330697531e-06,2.3830527798418517e-06
-0.024,-0.02,8.8141200036555796e-06,5.2884720021933473e-06
-0.0235,-0.02,1.9148389001854742e-05,1.1489033401112845e-05
-0.023,-0.02,4.0774101256750732e-05,2.4464460754050437e-05
-0.022500000000000003,-0.02,8.5215782169955842e-05,5.1129469301973501e-05
-0.022000000000000002,-0.02,0.00017504185428393962,0.00010502511257036376
-0.021500000000000002,-0.02,0.00035386387187531207,0.00021231832312518725
-0.021000000000000001,-0.02,0.0007049035528330403,0.00042294213169982416
-0.020500000000000001,-0.02,0.0013849790845315904,0.00083098745071895428
-0.02,-0.02,0.0026856515511919313,0.0016113909307151587
-0.0195,-0.02,0.0051409599157143061,0.0030845759494285835
-0.019,-0.02,0.0097125581673901274,0.0058275349004340759
-0.018500000000000003,-0.02,0.018098690335803112,0.010859214201481867
-0.018000000000000002,-0.02,0.033232762988112508,0.019939657792867504
-0.017500000000000002,-0.02,0.060057620259149049,0.036034572155489428
-0.017000000000000001,-0.02,0.10667688434147266,0.064006130604883596
-0.016500000000000001,-0.02,0.18598429770855329,0.11159057862513197
-0.016,-0.02,0.31784077727292587,0.19070446636375551
-0.0155,-0.02,0.53178933041061582,0.31907359824636949
-0.015000000000000001,-0.02,0.87015542013808156,0.52209325208284896
-0.014500000000000001,-0.02,1.3911718547476888,0.8347031128486132
-0.014,-0.02,2.1715128627160425,1.3029077176296255
-0.0135,-0.02,3.3073750261321226,1.9844250156792735
-0.012999999999999999,-0.02,4.9130933996375878,2.9478560397825526
-0.012500000000000001,-0.02,7.1163466485250142,4.2698079891150087
-0.012,-0.02,10.049401039219786,6.0296406235318711
-0.0115,-0.02,13.836636625925005,8.3019819755550017
-0.010999999999999999,-0.02,18.579751914304225,11.147851148582534
-0.010499999999999999,-0.02,24.343365515752698,14.606019309451618
-0.010000000000000002,-0.02,31.144870814470647,18.686922488682388
-0.0095000000000000015,-0.02,38.952881592800246,23.371728955680148
-0.0090000000000000011,-0.02,47.697961364853889,28.618776818912334
-0.0085000000000000006,-0.02,57.297255657224376,34.378353394334624
-0.0080000000000000002,-0.02,67.691196272801221,40.61471776368073
-0.0074999999999999997,-0.02,78.886152172586634,47.331691303551978
-0.0069999999999999993,-0.02,90.992780214382293,54.595668128629377
-0.0064999999999999988,-0.02,104.24721532333342,62.548329194000047
-0.0059999999999999984,-0.02,119.00244998213095,71.401469989278567
-0.0054999999999999979,-0.02,135.68114591214999,81.408687547289986
-0.005000000000000001,-0.02,154.68867887965774,92.813207327794643
-0.0044999999999999971,-0.02,176.29530011021711,105.77718006613027
-0.0040000000000000001,-0.02,200.50669879731382,120.30401927838828
-0.0035000000000000031,-0.02,226.95011977760947,136.17007186656568
-0.0029999999999999992,-0.02,254.80576753103333,152.88346051861998
-0.0025000000000000022,-0.02,282.80870869629007,169.68522521777405
-0.0019999999999999983,-0.02,309.33476620923778,185.60085972554268
-0.0015000000000000013,-0.02,332.56691419345395,199.54014851607238
-0.00099999999999999742,-0.02,350.72015665602146,210.43209399361288
-0.00050000000000000044,-0.02,362.28745651542198,217.37247390925319
0,-0.02,366.26128590577622,219.75677154346573
0.00050000000000000044,-0.02,362.28745651413516,217.37247390848108
0.0010000000000000009,-0.02,350.72015665298397,210.43209399179037
0.0015000000000000013,-0.02,332.56691418763182,199.54014851257909
0.0020000000000000018,-0.02,309.33476619880719,185.6008597192843
0.0024999999999999988,-0.02,282.80870867829788,169.68522520697871
0.0030000000000000027,-0.02,254.80576750092564,152.88346050055537
0.0034999999999999996,-0.02,226.9501197286435,136.1700718371861
0.0040000000000000036,-0.02,200.50669871987165,120.30401923192298
0.0045000000000000005,-0.02,176.29529999110073,105.77717999466044
0.0049999999999999975,-0.02,154.68867870146232,92.813207220877388
0.0055000000000000014,-0.02,135.68114565287661,81.408687391725962
0.0059999999999999984,-0.02,119.00244961522525,71.401469769135147
0.0064999999999999988,-0.02,104.24721481833809,62.548328891002853
0.0069999999999999993,-0.02,90.992779538366833,54.5956677230201
0.0074999999999999997,-0.02,78.886151292425723,47.331690775455435
0.0080000000000000002,-0.02,67.691195158240191,40.614717094944112
0.0085000000000000006,-0.02,57.29725428450466,34.378352570702795
0.0090000000000000011,-0.02,47.697959720496719,28.618775832298031
0.0095000000000000015,-0.02,38.95287967701551,23.371727806209304
0.010000000000000002,-0.02,31.144868643602141,18.686921186161285
0.010500000000000002,-0.02,24.343363123227061,14.606017873936235
0.011000000000000003,-0.02,18.579749349726086,11.147849609835651
0.011500000000000003,-0.02,13.836633952231999,8.3019803713391997
0.012000000000000004,-0.02,10.049398328133091,6.0296389968798545
0.012499999999999997,-0.02,7.1163439748320467,4.269806384899228
0.013000000000000005,-0.02,4.9130908350594558,2.9478545010356734
0.013499999999999998,-0.02,3.3073726336065339,1.9844235801639203
0.014000000000000005,-0.02,2.1715106918475247,1.3029064151085148
0.014499999999999999,-0.02,1.3911699389629621,0.83470196337777725
0.014999999999999999,-0.02,0.87015377578089459,0.52209226546853671
0.0155,-0.02,0.53178795769087461,0.31907277461452477
0.016000000000000007,-0.02,0.31783966271187181,0.19070379762712308
0.016500000000000001,-0.02,0.18598341754757605,0.11159005052854563
0.017000000000000001,-0.02,0.10667620832602293,0.064005724995613758
0.017500000000000002,-0.02,0.06005711526377757,0.036034269158266539
0.017999999999999995,-0.02,0.033232396082430199,0.01993943764945812
0.018500000000000003,-0.02,0.018098431062534368,0.010859058637520621
0.019000000000000003,-0.02,0.0097123799716522033,0.0058274279829913216
0.019500000000000003,-0.02,0.0051408407988791363,0.0030845044793274819
0.019999999999999997,-0.02,0.0026855741076434901,0.001611344464586094
0.020499999999999997,-0.02,0.001384930114136666,0.00083095806848199961
0.021000000000000005,-0.02,0.00070487343538058788,0.00042292406122835272
0.021500000000000005,-0.02,0.00035384585667378864,0.00021230751400427318
0.021999999999999999,-0.02,0.00017503137343937724,0.00010501882406362634
0.022499999999999999,-0.02,8.5209851691941572e-05,5.112591101516494e-05
0.023000000000000007,-0.02,4.0770837487963816e-05,2.446250249277829e-05
0.023500000000000007,-0.02,1.9146642032311521e-05,1.1487985219386912e-05
0.024,-0.02,8.8132105353962102e-06,5.2879263212377256e-06
0.024500000000000001,-0.02,3.9712941368978349e-06,2.3827764821387007e-06
0.025000000000000001,-0.02,1.7498504859130454e-06,1.0499102915478273e-06
-0.025000000000000001,-0.0195,3.691725866108179e-06,2.2150355196649075e-06
-0.024500000000000001,-0.0195,8.3414282739298379e-06,5.0048569643579022e-06
-0.024,-0.0195,1.8411970005803775e-05,1.1047182003482265e-05
-0.0235,-0.0195,3.974033994914633e-05,2.3844203969487798e-05
-0.023,-0.0195,8.3969148993167218e-05,5.0381489395900328e-05
-0.022500000000000003,-0.0195,0.00017390294121883792,0.00010434176473130275
-0.022000000000000002,-0.0195,0.00035349048847520341,0.00021209429308512203
-0.021500000000000002,-0.0195,0.00070621177102824146,0.00042372706261694488
-0.021000000000000001,-0.0195,0.0013885606531956491,0.00083313639191738944
-0.020500000000000001,-0.0195,0.002690259821726822,0.0016141558930360931
-0.02,-0.0195,0.0051409581184914547,0.0030845748710948725
-0.0195,-0.0195,0.0096958844425622526,0.0058175306655373514
-0.019,-0.0195,0.018051766848152188,0.010831060108891313
-0.018500000000000003,-0.0195,0.033170192537117955,0.019902115522270773
-0.018000000000000002,-0.0195,0.060117641553930873,0.03607058493235852
-0.017500000000000002,-0.0195,0.10736527153227282,0.064419162919363684
-0.017000000000000001,-0.0195,0.18871702842040333,0.113230217052242
-0.016500000000000001,-0.0195,0.32603411994287107,0.19562047196572263
-0.016,-0.0195,0.55287194802583561,0.33172316881550135
-0.0155,-0.0195,0.91901264062907895,0.5514075843774473
-0.015000000000000001,-0.0195,1.4956372857454965,0.89738237144729782
-0.014500000000000001,-0.0195,2.3805311589528877,1.4283186953717326
-0.014,-0.0195,3.7022853097723591,2.2213711858634153
-0.0135,-0.0195,5.6220372887770145,3.3732223732662088
-0.012999999999999999,-0.0195,8.3310331788019312,4.9986199072811583
-0.012500000000000001,-0.0195,12.042389086437991,7.2254334518627941
-0.012,-0.0195,16.976078142653826,10.185646885592295
-0.0115,-0.0195,23.337484436598107,14.002490661958864
-0.010999999999999999,-0.0195,31.291789809593499,18.7750738857561
-0.010499999999999999,-0.0195,40.938682271619584,24.563209362971751
-0.010000000000000002,-0.0195,52.293812486655014,31.376287491993008
-0.0095000000000000015,-0.0195,65.28429852497392,39.170579114984349
-0.0090000000000000011,-0.0195,79.764606467009074,47.858763880205444
-0.0085000000000000006,-0.0195,95.55581106810952,57.333486640865708
-0.0080000000000000002,-0.0195,112.505639741073,67.503383844643793
-0.0074999999999999997,-0.0195,130.55968401815289,78.335810410891739
-0.0069999999999999993,-0.0195,149.82737509601853,89.896425057611111
-0.0064999999999999988,-0.0195,170.62192874116013,102.37315724469607
-0.0059999999999999984,-0.0195,193.45360183741636,116.07216110244981
-0.0054999999999999979,-0.0195,218.9616580021904,131.37699480131423
-0.005000000000000001,-0.0195,247.78239053953376,148.66943432372025
-0.0044999999999999971,-0.0195,280.36657616783691,168.21994570070214
-0.0040000000000000001,-0.0195,316.77631637344336,190.065789824066
-0.0035000000000000031,-0.0195,356.50383699093146,213.90230219455887
-0.0029999999999999992,-0.0195,398.35908983650995,239.01545390190597
-0.0025000000000000022,-0.0195,440.46609093553491,264.27965456132091
-0.0019999999999999983,-0.0195,480.38968386846392,288.23381032107835
-0.0015000000000000013,-0.0195,515.38788514770386,309.2327310886223
-0.00099999999999999742,-0.0195,542.75599605202979,325.65359763121785
-0.00050000000000000044,-0.0195,560.20453446390093,336.12272067834056
0,-0.0195,566.20048499133236,339.72029099479943
0.00050000000000000044,-0.0195,560.20453446004683,336.12272067602811
0.0010000000000000009,-0.0195,542.7559960429312,325.65359762575872
0.0015000000000000013,-0.0195,515.38788513026248,309.23273107815749
0.0020000000000000018,-0.0195,480.38968383721601,288.23381030232957
0.0024999999999999988,-0.0195,440.46609088163319,264.2796545289799
0.0030000000000000027,-0.0195,398.35908974631292,239.01545384778774
0.0034999999999999996,-0.0195,356.50383684423753,213.90230210654252
0.0040000000000000036,-0.0195,316.77631614144036,190.0657896848642
0.0045000000000000005,-0.0195,280.36657581098456,168.21994548659072
0.0049999999999999975,-0.0195,247.78239000569013,148.66943400341407
0.0055000000000000014,-0.0195,218.96165722545109,131.37699433527064
0.0059999999999999984,-0.0195,193.45360073822835,116.072160442937
0.0064999999999999988,-0.0195,170.62192722827862,102.37315633696717
0.0069999999999999993,-0.0195,149.82737307078943,89.896423842473652
0.0074999999999999997,-0.0195,130.55968138133795,78.335808828802769
0.0080000000000000002,-0.0195,112.50563640203471,67.503381841220829
0.0085000000000000006,-0.0195,95.55580695567096,57.333484173402574
0.0090000000000000011,-0.0195,79.76460154079011,47.858760924474062
0.0095000000000000015,-0.0195,65.284292785603427,39.170575671362052
0.010000000000000002,-0.0195,52.29380598309622,31.376283589857731
0.010500000000000002,-0.0195,40.938675104013114,24.563205062407867
0.011000000000000003,-0.0195,31.291782126546487,18.775069275927891
0.011500000000000003,-0.0195,23.33747642666124,14.002485855996744
0.012000000000000004,-0.0195,16.976070020691704,10.185642012415022
0.012499999999999997,-0.0195,12.042381076501215,7.2254286459007284
0.013000000000000005,-0.0195,8.331025495754961,4.9986152974529761
0.013499999999999998,-0.0195,5.6220301211706252,3.3732180727023748
0.014000000000000005,-0.0195,3.7022788062135059,2.2213672837281035
0.014499999999999999,-0.0195,2.38052541958236,1.428315251749416
0.014999999999999999,-0.0195,1.4956323595264687,0.8973794157158812
0.0155,-0.0195,0.91900852819039147,0.55140511691423488
0.016000000000000007,-0.0195,0.55286860898738965,0.33172116539243379
0.016500000000000001,-0.0195,0.32603148312783642,0.19561888987670184
0.017000000000000001,-0.0195,0.18871500319121448,0.11322900191472868
0.017500000000000002,-0.0195,0.10736375865062686,0.064418255190376111
0.017999999999999995,-0.0195,0.060116542365890424,0.03606992541953425
0.018500000000000003,-0.0195,0.033169415797781779,0.019901649478669067
0.019000000000000003,-0.0195,0.01805123300353401,0.010830739802120406
0.019500000000000003,-0.0195,0.0096955275884526432,0.0058173165530715854
0.019999999999999997,-0.0195,0.005140726110576822,0.0030844356663460933
0.020499999999999997,-0.0195,0.0026901131146164687,0.0016140678687698812
0.021000000000000005,-0.0195,0.0013884704263468195,0.00083308225580809169
0.021500000000000005,-0.0195,0.00070615780049846396,0.00042369468029907837
0.021999999999999999,-0.0195,0.00035345908961836062,0.00021207545377101636
0.022499999999999999,-0.0195,0.00017388517449888822,0.00010433110469933293
0.023000000000000007,-0.0195,8.3959371287917417e-05,5.0375622772750448e-05
0.023500000000000007,-0.0195,3.9735106320666882e-05,2.3841063792400128e-05
0.024,-0.0195,1.8409245391054823e-05,1.1045547234632893e-05
0.024500000000000001,-0.0195,8.3400487044407979e-06,5.0040292226644789e-06
0.025000000000000001,-0.0195,3.6910464774024455e-06,2.2146278864414673e-06
-0.025000000000000001,-0.019,7.6015039071769213e-06,4.5609023443061523e-06
-0.024500000000000001,-0.019,1.7114154051494904e-05,1.0268492430896943e-05
-0.024,-0.019,3.7609751118482846e-05,2.2565850671089706e-05
-0.0235,-0.019,8.0741071069154337e-05,4.8444642641492598e-05
-0.023,-0.019,0.00016949628639830291,0.00010169777183898174
-0.022500000000000003,-0.019,0.00034832358276508781,0.00020899414965905267
-0.022000000000000002,-0.019,0.00070162448807594129,0.00042097469284556479
-0.021500000000000002,-0.019,0.0013871084557160061,0.00083226507342960365
-0.021000000000000001,-0.019,0.0026952729295275858,0.0016171637577165514
-0.020500000000000001,-0.019,0.0051542807076137035,0.0030925684245682221
-0.02,-0.019,0.0097125498253403057,0.005827529895204183
-0.0195,-0.019,0.01805175692740945,0.01083105415644567
-0.019,-0.019,0.033113110834205609,0.019867866500523364
-0.018500000000000003,-0.019,0.059961220264337159,0.035976732158602295
-0.018000000000000002,-0.019,0.10716140288378781,0.064296841730272683
-0.017500000000000002,-0.019,0.18890088652261602,0.1133405319135696
-0.017000000000000001,-0.019,0.32812576563728246,0.19687545938236947
-0.016500000000000001,-0.019,0.56096516698448307,0.33657910019068982
-0.016,-0.019,0.94263051550113153,0.56557830930067887
-0.0155,-0.019,1.554762464773467,0.93285747886408021
-0.015000000000000001,-0.019,2.51380927520283,1.508285565121698
-0.014500000000000001,-0.019,3.9794475588626881,2.3876685353176126
-0.014,-0.019,6.1613508857829027,3.6968105314697413
-0.0135,-0.019,9.321916260439993,5.5931497562639958
-0.012999999999999999,-0.019,13.772117382842318,8.2632704297053898
-0.012500000000000001,-0.019,19.857787762201429,11.914672657320857
-0.012,-0.019,27.934666981968757,16.760800189181253
-0.0115,-0.019,38.332663548151842,22.999598128891105
-0.010999999999999999,-0.019,51.312911517796685,30.78774691067801
-0.010499999999999999,-0.019,67.02483122526877,40.214898735161263
-0.010000000000000002,-0.019,85.473610798417511,51.284166479050505
-0.0095000000000000015,-0.019,106.5100506815938,63.906030408956276
-0.0090000000000000011,-0.019,129.85329377925106,77.911976267550628
-0.0085000000000000006,-0.019,155.1517766209293,93.091065972557573
-0.0080000000000000002,-0.019,182.07888057772871,109.24732834663722
-0.0074999999999999997,-0.019,210.44858757978182,126.26915254786908
-0.0069999999999999993,-0.019,240.32555850446093,144.19533510267655
-0.0064999999999999988,-0.019,272.09687532913597,163.25812519748158
-0.0059999999999999984,-0.019,306.47258599272777,183.88355159563665
-0.0054999999999999979,-0.019,344.39135626730285,206.63481376038172
-0.005000000000000001,-0.019,386.82594045767695,232.09556427460615
-0.0044999999999999971,-0.019,434.50799876864409,260.70479926118645
-0.0040000000000000001,-0.019,487.61755313925516,292.57053188355309
-0.0035000000000000031,-0.019,545.50207557684348,327.3012453461061
-0.0029999999999999992,-0.019,606.49710207235705,363.8982612434142
-0.0025000000000000022,-0.019,667.90999824909159,400.74599894945493
-0.0019999999999999983,-0.019,726.20084849597208,435.72050909758326
-0.0015000000000000013,-0.019,777.35408437261333,466.41245062356796
-0.00099999999999999742,-0.019,817.39034766110228,490.43420859666134
-0.00050000000000000044,-0.019,842.9313014288166,505.75878085728993
0,-0.019,851.71090025952606,511.02654015571562
0.00050000000000000044,-0.019,842.93130141758684,505.75878085055206
0.0010000000000000009,-0.019,817.39034763459154,490.4342085807549
0.0015000000000000013,-0.019,777.35408432179361,466.41245059307613
0.0020000000000000018,-0.019,726.20084840492427,435.72050904295457
0.0024999999999999988,-0.019,667.9099980920347,400.74599885522082
0.0030000000000000027,-0.019,606.49710180954514,363.89826108572709
0.0034999999999999996,-0.019,545.50207514941212,327.30124508964724
0.0040000000000000036,-0.019,487.61755246325475,292.57053147795284
0.0045000000000000005,-0.019,434.50799772886273,260.70479863731765
0.0049999999999999975,-0.019,386.82593890218442,232.09556334131065
0.0055000000000000014,-0.019,344.39135400407127,206.63481240244275
0.0059999999999999984,-0.019,306.47258278995764,183.88354967397458
0.0064999999999999988,-0.019,272.09687092096158,163.25812255257694
0.0069999999999999993,-0.019,240.32555260342852,144.19533156205711
0.0074999999999999997,-0.019,210.44857989673494,126.26914793804096
0.0080000000000000002,-0.019,182.07887084857103,109.24732250914262
0.0085000000000000006,-0.019,155.1517646382687,93.091058782961213
0.0090000000000000011,-0.019,129.85327942542975,77.91196765525784
0.0095000000000000015,-0.019,106.51003395844384,63.906020375066305
0.010000000000000002,-0.019,85.473591848605992,51.284155109163592
0.010500000000000002,-0.019,67.024810340581681,40.214886204349007
0.011000000000000003,-0.019,51.312889131239409,30.787733478743643
0.011500000000000003,-0.019,38.332640209115851,22.999584125469511
0.012000000000000004,-0.019,27.934643316517999,16.760785989910797
0.012499999999999997,-0.019,19.85776442316558,11.914658653899348
0.013000000000000005,-0.019,13.772094996285112,8.2632569977710677
0.013499999999999998,-0.019,9.3218953757530816,5.5931372254518488
0.014000000000000005,-0.019,6.1613319359713588,3.6967991615828151
0.014499999999999999,-0.019,3.9794308357127286,2.3876585014276372
0.014999999999999999,-0.019,2.513794921381419,1.5082769528288513
0.0155,-0.019,1.5547504821129063,0.93285028926774372
0.016000000000000007,-0.019,0.94262078634349156,0.56557247180609493
0.016500000000000001,-0.019,0.5609574839375302,0.33657449036251813
0.017000000000000001,-0.019,0.32811986460488529,0.19687191876293117
0.017500000000000002,-0.019,0.18889647834814527,0.11333788700888715
0.017999999999999995,-0.019,0.10715820011331889,0.064294920067991326
0.018500000000000003,-0.019,0.059958957032100267,0.035975374219260156
0.019000000000000003,-0.019,0.033111555338953651,0.01986693320337219
0.019500000000000003,-0.019,0.018050717140073939,0.010830430284044363
0.019999999999999997,-0.019,0.0097118738098905723,0.0058271242859343434
0.020499999999999997,-0.019,0.0051538532382606221,0.0030923119429563731
0.021000000000000005,-0.019,0.0026950100301179696,0.0016170060180707817
0.021500000000000005,-0.019,0.0013869511985292666,0.0008321707191175599
0.021999999999999999,-0.019,0.00070153299933357611,0.00042091979960014566
0.022499999999999999,-0.019,0.00034827181480193435,0.00020896308888116059
0.023000000000000007,-0.019,0.00016946779650897577,0.00010168067790538546
0.023500000000000007,-0.019,8.0725821530294554e-05,4.8435492918176734e-05
0.024,-0.019,3.7601812244209291e-05,2.2561087346525574e-05
0.024500000000000001,-0.019,1.7110134316694107e-05,1.0266080590016463e-05
0.025000000000000001,-0.019,7.5995243313416263e-06,4.5597145988049756e-06
-0.025000000000000001,-0.018500000000000003,1.5267572103512775e-05,9.1605432621076649e-06
-0.024500000000000001,-0.018500000000000003,3.4274485611720321e-05,2.0564691367032192e-05
-0.024,-0.018500000000000003,7.5051621003439559e-05,4.5030972602063734e-05
-0.0235,-0.018500000000000003,0.00016041262183573958,9.6247573101443745e-05
-0.023,-0.018500000000000003,0.00033493939207074238,0.00020096363524244542
-0.022500000000000003,-0.018500000000000003,0.00068385771606300052,0.00041031462963780029
-0.022000000000000002,-0.018500000000000003,0.0013668551277638444,0.00082011307665830657
-0.021500000000000002,-0.018500000000000003,0.0026778028883731766,0.0016066817330239059
-0.021000000000000001,-0.018500000000000003,0.0051489514336211031,0.003089370860172662
-0.020500000000000001,-0.018500000000000003,0.0097307416284301285,0.0058384449770580767
-0.02,-0.018500000000000003,0.018098662065462186,0.010859197239277311
-0.0195,-0.018500000000000003,0.033170147760393724,0.019902088656236234
-0.019,-0.018500000000000003,0.05996116848110903,0.035976701088665415
-0.018500000000000003,-0.018500000000000003,0.10697641711510134,0.064185850269060804
-0.018000000000000002,-0.018500000000000003,0.18840713589396935,0.1130442815363816
-0.017500000000000002,-0.018500000000000003,0.32749598179520961,0.19649758907712575
-0.017000000000000001,-0.018500000000000003,0.56149368387376219,0.33689621032425732
-0.016500000000000001,-0.018500000000000003,0.94863269219409063,0.56917961531645433
-0.016,-0.018500000000000003,1.5774131999651151,0.94644791997906896
-0.0155,-0.018500000000000003,2.5781592800261124,1.5468955680156673
-0.015000000000000001,-0.018500000000000003,4.1361898941542945,2.4817139364925764
-0.014500000000000001,-0.018500000000000003,6.5050419408360165,3.9030251645016096
-0.014,-0.018500000000000003,10.017058862401745,6.0102353174410466
-0.0135,-0.018500000000000003,15.087541433239425,9.0525248599436541
-0.012999999999999999,-0.018500000000000003,22.207932741941768,13.324759645165061
-0.012500000000000001,-0.018500000000000003,31.923686172143942,19.154211703286364
-0.012,-0.018500000000000003,44.794056193249872,26.876433715949922
-0.0115,-0.018500000000000003,61.334373232281266,36.800623939368755
-0.010999999999999999,-0.018500000000000003,81.946293266145275,49.167775959687162
-0.010499999999999999,-0.018500000000000003,106.84728560885659,64.108371365313957
-0.010000000000000002,-0.018500000000000003,136.01577709240536,81.609466255443209
-0.0095000000000000015,-0.018500000000000003,169.17094135814145,101.50256481488486
-0.0090000000000000011,-0.018500000000000003,205.80411901877406,123.48247141126443
-0.0085000000000000006,-0.018500000000000003,245.27097194130761,147.16258316478456
-0.0080000000000000002,-0.018500000000000003,286.93983679519283,172.16390207711569
-0.0074999999999999997,-0.018500000000000003,330.37441705579386,198.2246502334763
-0.0069999999999999993,-0.018500000000000003,375.51195066727894,225.30717040036737
-0.0064999999999999988,-0.018500000000000003,422.7865799875193,253.67194799251158
-0.0059999999999999984,-0.018500000000000003,473.1470092226258,283.88820553357544
-0.0054999999999999979,-0.018500000000000003,527.93103405410511,316.75862043246303
-0.005000000000000001,-0.018500000000000003,588.58714616443308,353.15228769865985
-0.0044999999999999971,-0.018500000000000003,656.27085700971168,393.76251420582702
-0.0040000000000000001,-0.018500000000000003,731.38238736706296,438.82943242023777
-0.0035000000000000031,-0.018500000000000003,813.1423580595191,487.88541483571146
-0.0029999999999999992,-0.018500000000000003,899.31296166192192,539.58777699715313
-0.0025000000000000022,-0.018500000000000003,986.15726980228555,591.69436188137126
-0.0019999999999999983,-0.018500000000000003,1068.6885276066769,641.2131165640061
-0.0015000000000000013,-0.018500000000000003,1141.2015161766965,684.72090970601789
-0.00099999999999999742,-0.018500000000000003,1198.0126360380659,718.80758162283951
-0.00050000000000000044,-0.018500000000000003,1234.2807644333075,740.56845865998446
0,-0.018500000000000003,1246.7523340208713,748.05140041252275
0.00050000000000000044,-0.018500000000000003,1234.2807644014831,740.56845864088984
0.0010000000000000009,-0.018500000000000003,1198.0126359629373,718.80758157776233
0.0015000000000000013,-0.018500000000000003,1141.2015160326766,684.720909619606
0.0020000000000000018,-0.018500000000000003,1068.6885273486544,641.21311640919259
0.0024999999999999988,-0.018500000000000003,986.15726935719613,591.6943616143177
0.0030000000000000027,-0.018500000000000003,899.31296091713068,539.58777655027836
0.0034999999999999996,-0.018500000000000003,813.1423568482054,487.88541410892321
0.0040000000000000036,-0.018500000000000003,731.38238545132197,438.82943127079318
0.0045000000000000005,-0.018500000000000003,656.27085406303775,393.76251243782264
0.0049999999999999975,-0.018500000000000003,588.58714175626574,353.15228505375944
0.0055000000000000014,-0.018500000000000003,527.93102764025093,316.75861658415056
0.0059999999999999984,-0.018500000000000003,473.14700014617904,283.88820008770739
0.0064999999999999988,-0.018500000000000003,422.78656749503386,253.6719404970203
0.0069999999999999993,-0.018500000000000003,375.51193394412905,225.30716036647743
0.0074999999999999997,-0.018500000000000003,330.37439528252844,198.22463716951705
0.0080000000000000002,-0.018500000000000003,286.93980922337994,172.16388553402797
0.0085000000000000006,-0.018500000000000003,245.2709379832109,147.16256278992654
0.0090000000000000011,-0.018500000000000003,205.8040783409586,123.48244700457515
0.0095000000000000015,-0.018500000000000003,169.17089396579956,101.50253637947974
0.010000000000000002,-0.018500000000000003,136.0157233898465,81.609434033907903
0.010500000000000002,-0.018500000000000003,106.84722642298381,64.10833585379028
0.011000000000000003,-0.018500000000000003,81.94622982406797,49.167737894440783
0.011500000000000003,-0.018500000000000003,61.334307090939909,36.800584254563944
0.012000000000000004,-0.018500000000000003,44.793989126869839,26.876393476121901
0.012499999999999997,-0.018500000000000003,31.92362003080283,19.154172018481699
0.013000000000000005,-0.018500000000000003,22.207869299864551,13.32472157991873
0.013499999999999998,-0.018500000000000003,15.087482247366909,9.0524893484201456
0.014000000000000005,-0.018500000000000003,10.01700515984283,6.0102030959056973
0.014499999999999999,-0.018500000000000003,6.5049945484941647,3.9029967290964986
0.014999999999999999,-0.018500000000000003,4.1361492163386462,2.4816895298031878
0.0155,-0.018500000000000003,2.578125321929289,1.5468751931575733
0.016000000000000007,-0.018500000000000003,1.577385628152046,0.94643137689122758
0.016500000000000001,-0.018500000000000003,0.94861091892837779,0.56916655135702665
0.017000000000000001,-0.018500000000000003,0.56147696072379971,0.33688617643427982
0.017500000000000002,-0.018500000000000003,0.32748348930952659,0.19649009358571595
0.017999999999999995,-0.018500000000000003,0.18839805944645138,0.11303883566787082
0.018500000000000003,-0.018500000000000003,0.10697000325909241,0.064182001955455439
0.019000000000000003,-0.018500000000000003,0.059956760306638213,0.035974056183982923
0.019500000000000003,-0.018500000000000003,0.033167201069311467,0.01990032064158688
0.019999999999999997,-0.018500000000000003,0.018096746280734561,0.010858047768440736
0.020499999999999997,-0.018500000000000003,0.0097295302075099781,0.0058377181245059867
0.021000000000000005,-0.018500000000000003,0.0051482063934389088,0.0030889238360633452
0.021500000000000005,-0.018500000000000003,0.0026773572315220212,0.0016064143389132126
0.021999999999999999,-0.018500000000000003,0.0013665958544951059,0.00081995751269706358
0.022499999999999999,-0.018500000000000003,0.00068371100895263902,0.0004102266053715834
0.023000000000000007,-0.018500000000000003,0.00033485865353897576,0.00020091519212338545
0.023500000000000007,-0.018500000000000003,0.00016036940561389037,9.622164336833422e-05
0.024,-0.018500000000000003,7.5029122739393698e-05,4.501747364363622e-05
0.024500000000000001,-0.018500000000000003,3.4263093939320881e-05,2.055785636359253e-05
0.025000000000000001,-0.018500000000000003,1.5261962111679156e-05,9.1571772670074937e-06
-0.025000000000000001,-0.018000000000000002,2.9894924115191303e-05,1.793695446911478e-05
-0.024500000000000001,-0.018000000000000002,6.6956155658694512e-05,4.0173693395216709e-05
-0.024,-0.018000000000000002,0.00014619197985449628,8.7715187912697768e-05
-0.0235,-0.018000000000000002,0.00031134726697329765,0.00018680836018397859
-0.023,-0.018000000000000002,0.00064722633483828881,0.0003883358009029733
-0.022500000000000003,-0.018000000000000002,0.0013143674556382358,0.00078862047338294143
-0.022000000000000002,-0.018000000000000002,0.0026100540698863655,0.0015660324419318192
-0.021500000000000002,-0.018000000000000002,0.0050738740561052697,0.0030443244336631615
-0.021000000000000001,-0.018000000000000002,0.0096678416299300976,0.0058007049779580586
-0.020500000000000001,-0.018000000000000002,0.018080222406249156,0.010848133443749493
-0.02,-0.018000000000000002,0.033232680091619851,0.01993960805497191
-0.0195,-0.018000000000000002,0.060117494007719791,0.03607049640463187
-0.019,-0.018000000000000002,0.10716117562482262,0.06429670537489357
-0.018500000000000003,-0.018000000000000002,0.18840688032181913,0.11304412819309147
-0.018000000000000002,-0.018000000000000002,0.32692837592073792,0.19615702555244274
-0.017500000000000002,-0.018000000000000002,0.56001748346967528,0.33601049008180517
-0.017000000000000001,-0.018000000000000002,0.94678707047313759,0.56807224228388253
-0.016500000000000001,-0.018000000000000002,1.5788347366126063,0.9473008419675637
-0.016,-0.018000000000000002,2.5944180345779699,1.556650820746782
-0.0155,-0.018000000000000002,4.1960801416279017,2.5176480849767411
-0.015000000000000001,-0.018000000000000002,6.6707288004653176,4.0024372802791905
-0.014500000000000001,-0.018000000000000002,10.409777055458596,6.2458662332751578
-0.014,-0.018000000000000002,15.92521727232441,9.5551303633946461
-0.0135,-0.018000000000000002,23.855757951485966,14.31345477089158
-0.012999999999999999,-0.018000000000000002,34.955996628285213,20.973597976971128
-0.012500000000000001,-0.018000000000000002,50.061817208929462,30.037090325357674
-0.012,-0.018000000000000002,70.027584057152652,42.016550434291588
-0.0115,-0.018000000000000002,95.635760374249173,57.381456224549503
-0.010999999999999999,-0.018000000000000002,127.4871387482204,76.492283248932239
-0.010499999999999999,-0.018000000000000002,165.8887881066822,99.533272864009319
-0.010000000000000002,-0.018000000000000002,210.76487335644211,126.45892401386526
-0.0095000000000000015,-0.018000000000000002,261.61969130158644,156.97181478095186
-0.0090000000000000011,-0.018000000000000002,317.57954110651832,190.547724663911
-0.0085000000000000006,-0.018000000000000002,377.52838949036556,226.51703369421932
-0.0080000000000000002,-0.018000000000000002,440.33184213138503,264.19910527883098
-0.0074999999999999997,-0.018000000000000002,505.11777424972013,303.07066454983209
-0.0069999999999999993,-0.018000000000000002,571.55611934028184,342.93367160416909
-0.0064999999999999988,-0.018000000000000002,640.06266763221663,384.03760057932999
-0.0059999999999999984,-0.018000000000000002,711.85004733834739,427.11002840300841
-0.0054999999999999979,-0.018000000000000002,788.76840658234119,473.26104394940467
-0.005000000000000001,-0.018000000000000002,872.91867548554308,523.75120529132585
-0.0044999999999999971,-0.018000000000000002,966.07632518252001,579.64579510951194
-0.0040000000000000001,-0.018000000000000002,1069.0210702692705,641.4126421615623
-0.0035000000000000031,-0.018000000000000002,1180.9124413713005,708.54746482278028
-0.0029999999999999992,-0.018000000000000002,1298.8677497396445,779.32064984378667
-0.0025000000000000022,-0.018000000000000002,1417.8781672797277,850.72690036783661
-0.0019999999999999983,-0.018000000000000002,1531.140037220063,918.68402233203778
-0.0015000000000000013,-0.018000000000000002,1630.7923288945703,978.47539733674216
-0.00099999999999999742,-0.018000000000000002,1708.9566633346603,1025.3739980007961
-0.00050000000000000044,-0.018000000000000002,1758.8974027613299,1055.3384416567978
0,-0.018000000000000002,1776.0777893499887,1065.6466736099933
0.00050000000000000044,-0.018000000000000002,1758.8974026736121,1055.3384416041672
0.0010000000000000009,-0.018000000000000002,1708.9566631275836,1025.3739978765502
0.0015000000000000013,-0.018000000000000002,1630.792328497608,978.47539709856471
0.0020000000000000018,-0.018000000000000002,1531.1400365088768,918.68402190532606
0.0024999999999999988,-0.018000000000000002,1417.8781660529273,850.7268996317564
0.0030000000000000027,-0.018000000000000002,1298.8677476867781,779.32064861206686
0.0034999999999999996,-0.018000000000000002,1180.9124380325575,708.54746281953442
0.0040000000000000036,-0.018000000000000002,1069.0210649889161,641.41263899334967
0.0045000000000000005,-0.018000000000000002,966.0763170606067,579.64579023636395
0.0049999999999999975,-0.018000000000000002,872.91866333531561,523.75119800118932
0.0055000000000000014,-0.018000000000000002,788.76838890384215,473.26103334230527
0.0059999999999999984,-0.018000000000000002,711.8500223209453,427.11001339256717
0.0064999999999999988,-0.018000000000000002,640.06263319918992,384.03757991951392
0.0069999999999999993,-0.018000000000000002,571.55607324627829,342.93364394776694
0.0074999999999999997,-0.018000000000000002,505.11771423608661,303.07062854165196
0.0080000000000000002,-0.018000000000000002,440.33176613522073,264.19905968113244
0.0085000000000000006,-0.018000000000000002,377.52829589169278,226.51697753501566
0.0090000000000000011,-0.018000000000000002,317.57942898629,190.54765739177398
0.0095000000000000015,-0.018000000000000002,261.61956067411529,156.97173640446917
0.010000000000000002,-0.018000000000000002,210.76472533612525,126.45883520167514
0.010500000000000002,-0.018000000000000002,165.88862497271236,99.533174983627418
0.011000000000000003,-0.018000000000000002,127.48696388287749,76.492178329726485
0.011500000000000003,-0.018000000000000002,95.635578068927174,57.381346841356304
0.012000000000000004,-0.018000000000000002,70.027399202147151,42.016439521288291
0.012499999999999997,-0.018000000000000002,50.061634903607789,30.036980942164671
0.013000000000000005,-0.018000000000000002,34.955821762942428,20.973493057765456
0.013499999999999998,-0.018000000000000002,23.855594817516391,14.313356890509834
0.014000000000000005,-0.018000000000000002,15.925069252007466,9.5550415512044786
0.014499999999999999,-0.018000000000000002,10.409646427987457,6.2457878567924743
0.014999999999999999,-0.018000000000000002,6.6706166802370035,4.0023700081422016
0.0155,-0.018000000000000002,4.1959865429548051,2.5175919257728832
0.016000000000000007,-0.018000000000000002,2.5943420384133091,1.5566052230479854
0.016500000000000001,-0.018000000000000002,1.5787747229790348,0.94726483378742077
0.017000000000000001,-0.018000000000000002,0.94674097646926492,0.56804458588155893
0.017500000000000002,-0.018000000000000002,0.55998305044212182,0.33598983026527307
0.017999999999999995,-0.018000000000000002,0.32690335851624142,0.19614201510974485
0.018500000000000003,-0.018000000000000002,0.18838920181601321,0.11303352108960792
0.019000000000000003,-0.018000000000000002,0.10714902537731674,0.064289415226390048
0.019500000000000003,-0.018000000000000002,0.060109372045621841,0.036065623227373104
0.019999999999999997,-0.018000000000000002,0.033227399615821183,0.019936439769492709
0.020499999999999997,-0.018000000000000002,0.018076883367807838,0.010846130020684703
0.021000000000000005,-0.018000000000000002,0.0096657880763161286,0.005799472845789677
0.021500000000000005,-0.018000000000000002,0.0050726456925093734,0.0030435874155056238
0.021999999999999999,-0.018000000000000002,0.0026093394351985148,0.0015656036611191089
0.022499999999999999,-0.018000000000000002,0.0013139630869559995,0.00078837785217359963
0.023000000000000007,-0.018000000000000002,0.00064700379529255951,0.00038820227717553571
0.023500000000000007,-0.018000000000000002,0.00031122815013814891,0.00018673689008288935
0.024,-0.018000000000000002,0.00014612996790863846,8.7677980745183071e-05
0.024500000000000001,-0.018000000000000002,6.6924756801848754e-05,4.0154854081109251e-05
0.025000000000000001,-0.018000000000000002,2.9879461299520934e-05,1.792767677971256e-05
-0.025000000000000001,-0.017500000000000002,5.7040898788083445e-05,3.4224539272850065e-05
-0.024500000000000001,-0.017500000000000002,0.00012751821571147854,7.6510929426887122e-05
-0.024,-0.017500000000000002,0.00027777667015444927,0.00016666600209266956
-0.0235,-0.017500000000000002,0.0005898746357851732,0.0003539247814711039
-0.023,-0.017500000000000002,0.0012218349493031534,0.00073310096958189208
-0.022500000000000003,-0.017500000000000002,0.0024703320893475836,0.0014821992536085502
-0.022000000000000002,-0.017500000000000002,0.004879192726026273,0.0029275156356157639
-0.021500000000000002,-0.017500000000000002,0.0094235172002100701,0.0056541103201260415
-0.021000000000000001,-0.017500000000000002,0.017817053857093489,0.010690232314256093
-0.020500000000000001,-0.017500000000000002,0.033018610418356832,0.0198111662510141
-0.02,-0.017500000000000002,0.060057398449941624,0.036034439069964973
-0.0195,-0.017500000000000002,0.10736485087596945,0.064418910525581671
-0.019,-0.017500000000000002,0.18890015841097565,0.11334009504658539
-0.018500000000000003,-0.017500000000000002,0.32749489122465086,0.19649693473479052
-0.018000000000000002,-0.017500000000000002,0.56001629088043081,0.33600977452825848
-0.017500000000000002,-0.017500000000000002,0.9451376154240787,0.56708256925444722
-0.017000000000000001,-0.017500000000000002,1.5746529587201894,0.94479177523211355
-0.016500000000000001,-0.017500000000000002,2.589283396375706,1.5535700378254236
-0.016,-0.017500000000000002,4.1996420922365338,2.5197852553419202
-0.0155,-0.017500000000000002,6.7122768609537724,4.0273661165722636
-0.015000000000000001,-0.017500000000000002,10.559325720489108,6.3355954322934647
-0.014500000000000001,-0.017500000000000002,16.328245503634534,9.7969473021807207
-0.014,-0.017500000000000002,24.785468512772596,14.871281107663556
-0.0135,-0.017500000000000002,36.885203619344622,22.131122171606773
-0.012999999999999999,-0.017500000000000002,53.752804892600466,32.251682935560275
-0.012500000000000001,-0.017500000000000002,76.632361173460552,45.979416704076328
-0.012,-0.017500000000000002,106.79162152283516,64.074972913701089
-0.0115,-0.017500000000000002,145.38484170416905,87.230905022501432
-0.010999999999999999,-0.017500000000000002,193.2854031470568,115.97124188823408
-0.010499999999999999,-0.017500000000000002,250.9134406592062,150.54806439552371
-0.010000000000000002,-0.017500000000000002,318.09593767477497,190.85756260486497
-0.0095000000000000015,-0.017500000000000002,394.00335128379987,236.4020107702799
-0.0090000000000000011,-0.017500000000000002,477.20326619634392,286.32195971780635
-0.0085000000000000006,-0.017500000000000002,565.854803111769,339.51288186706137
-0.0080000000000000002,-0.017500000000000002,658.03766159926636,394.8225969595598
-0.0074999999999999997,-0.017500000000000002,752.17122725141121,451.30273635084671
-0.0069999999999999993,-0.017500000000000002,847.44089812745915,508.46453887647544
-0.0064999999999999988,-0.017500000000000002,944.12223502534948,566.47334101520971
-0.0059999999999999984,-0.017500000000000002,1043.6900538400819,626.21403230404906
-0.0054999999999999979,-0.017500000000000002,1148.6265427684666,689.17592566107999
-0.005000000000000001,-0.017500000000000002,1261.8999364467124,757.1399618680274
-0.0044999999999999971,-0.017500000000000002,1386.164094738881,831.69845684332859
-0.0040000000000000001,-0.017500000000000002,1522.812014394209,913.68720863652538
-0.0035000000000000031,-0.017500000000000002,1671.0805876672316,1002.648352600339
-0.0029999999999999992,-0.017500000000000002,1827.4286450259863,1096.4571870155917
-0.0025000000000000022,-0.017500000000000002,1985.3819771170047,1191.2291862702027
-0.0019999999999999983,-0.017500000000000002,2135.9570796579465,1281.5742477947679
-0.0015000000000000013,-0.017500000000000002,2268.654306284579,1361.1925837707474
-0.00099999999999999742,-0.017500000000000002,2372.8782311112691,1423.7269386667615
-0.00050000000000000044,-0.017500000000000002,2439.5318876003357,1463.7191325602014
0,-0.017500000000000002,2462.4728813790766,1477.4837288274459
0.00050000000000000044,-0.017500000000000002,2439.5318873651813,1463.7191324191087
0.0010000000000000009,-0.017500000000000002,2372.878230556139,1423.7269383336834
0.0015000000000000013,-0.017500000000000002,2268.6543052204061,1361.1925831322435
0.0020000000000000018,-0.017500000000000002,2135.9570777514091,1281.5742466508455
0.0024999999999999988,-0.017500000000000002,1985.3819738282123,1191.2291842969273
0.0030000000000000027,-0.017500000000000002,1827.4286395226868,1096.457183713612
0.0034999999999999996,-0.017500000000000002,1671.0805787167665,1002.6483472300598
0.0040000000000000036,-0.017500000000000002,1522.8120002386961,913.68720014321764
0.0045000000000000005,-0.017500000000000002,1386.1640729657477,831.69844377944855
0.0049999999999999975,-0.017500000000000002,1261.899903874518,757.13994232471077
0.0055000000000000014,-0.017500000000000002,1148.6264953761442,689.17589722568653
0.0059999999999999984,-0.017500000000000002,1043.6899867737095,626.21399206422564
0.0064999999999999988,-0.017500000000000002,944.12214271767493,566.47328563060489
0.0069999999999999993,-0.017500000000000002,847.44077455916681,508.46446473550009
0.0074999999999999997,-0.017500000000000002,752.17106636752987,451.30263982051792
0.0080000000000000002,-0.017500000000000002,658.03745786959325,394.82247472175595
0.0085000000000000006,-0.017500000000000002,565.85455219348671,339.51273131609202
0.0090000000000000011,-0.017500000000000002,477.20296562568228,286.32177937540933
0.0095000000000000015,-0.017500000000000002,394.00300109912757,236.40180065947652
0.010000000000000002,-0.017500000000000002,318.0955408635549,190.85732451813294
0.010500000000000002,-0.017500000000000002,250.91300333147331,150.54780199888398
0.011000000000000003,-0.017500000000000002,193.2849343699894,115.97096062199364
0.011500000000000003,-0.017500000000000002,145.38435298208847,87.230611789253075
0.012000000000000004,-0.017500000000000002,106.79112596559149,64.074675579354889
0.012499999999999997,-0.017500000000000002,76.631872451380502,45.979123470828299
0.013000000000000005,-0.017500000000000002,53.75233611553346,32.251401669320074
0.013499999999999998,-0.017500000000000002,36.884766291612273,22.130859774967362
0.014000000000000005,-0.017500000000000002,24.785071701552326,14.871043020931396
0.014499999999999999,-0.017500000000000002,16.327895318961897,9.7967371913771384
0.014999999999999999,-0.017500000000000002,10.55902514982732,6.3354150898963919
0.0155,-0.017500000000000002,6.7120259426713291,4.0272155656027975
0.016000000000000007,-0.017500000000000002,4.1994383625630691,2.5196630175378414
0.016500000000000001,-0.017500000000000002,2.5891225124939026,1.5534735074963415
0.017000000000000001,-0.017500000000000002,1.5745293904269599,0.94471763425617594
0.017500000000000002,-0.017500000000000002,0.94504530774655238,0.56702718464793145
0.017999999999999995,-0.017500000000000002,0.55994922450053308,0.33596953470031982
0.018500000000000003,-0.017500000000000002,0.3274474988827914,0.19646849932967483
0.019000000000000003,-0.017500000000000002,0.18886758616251792,0.11332055169751075
0.019500000000000003,-0.017500000000000002,0.10734307761025683,0.064405846566154099
0.019999999999999997,-0.017500000000000002,0.060043242609115248,0.036025945565469147
0.020499999999999997,-0.017500000000000002,0.033009659161218237,0.019805795496730942
0.021000000000000005,-0.017500000000000002,0.017811548713391398,0.010686929228034839
0.021500000000000005,-0.017500000000000002,0.0094202242167360228,0.0056521345300416135
0.021999999999999999,-0.017500000000000002,0.0048772769412985745,0.0029263661647791444
0.022499999999999999,-0.017500000000000002,0.0024692480622789843,0.0014815488373673906
0.023000000000000007,-0.017500000000000002,0.0012212383677625996,0.00073274302065755976
0.023500000000000007,-0.017500000000000002,0.0005895553086975485,0.00035373318521852911
0.024,-0.017500000000000002,0.00027761042921928302,0.00016656625753156982
0.024500000000000001,-0.017500000000000002,0.00012743404200505896,7.6460425203035375e-05
0.025000000000000001,-0.017500000000000002,5.6999446243710313e-05,3.4199667746226188e-05
-0.025000000000000001,-0.017000000000000001,0.00010601876465588404,6.3611258793530413e-05
-0.024500000000000001,-0.017000000000000001,0.00023665873327252066,0.0001419952399635124
-0.024,-0.017000000000000001,0.00051456078873868326,0.00030873647324320997
-0.0235,-0.017000000000000001,0.0010901571886069374,0.00065409431316416238
-0.023,-0.017000000000000001,0.0022515548159214088,0.0013509328895528452
-0.022500000000000003,-0.017000000000000001,0.0045359190782651949,0.0027215514469591169
-0.022000000000000002,-0.017000000000000001,0.0089194589936269445,0.0053516753961761667
-0.021500000000000002,-0.017000000000000001,0.017134127954650569,0.010280476772790341
-0.021000000000000001,-0.017000000000000001,0.032185358496694287,0.01931121509801657
-0.020500000000000001,-0.017000000000000001,0.059185176774615551,0.035511106064769329
-0.02,-0.017000000000000001,0.10667632981483313,0.064005797888899874
-0.0195,-0.017000000000000001,0.188715934117231,0.11322956047033859
-0.019,-0.017000000000000001,0.32812374740104344,0.19687424844062607
-0.018500000000000003,-0.017000000000000001,0.56149028673483503,0.336894172040901
-0.018000000000000002,-0.017000000000000001,0.9467821225631029,0.56806927353786174
-0.017500000000000002,-0.017000000000000001,1.5746476974471963,0.94478861846831774
-0.017000000000000001,-0.017000000000000001,2.5847421630905609,1.5508452978543366
-0.016500000000000001,-0.017000000000000001,4.1884129250579303,2.5130477550347581
-0.016,-0.017000000000000001,6.6987042810892721,4.0192225686535634
-0.0155,-0.017000000000000001,10.567584231344611,6.3405505388067667
-0.015000000000000001,-0.017000000000000001,16.428323194039333,9.8569939164235993
-0.014500000000000001,-0.017000000000000001,25.137963948446664,15.082778369067999
-0.014,-0.017000000000000001,37.811033925734421,22.686620355440652
-0.0135,-0.017000000000000001,55.831769688854074,33.499061813312444
-0.012999999999999999,-0.017000000000000001,80.829417689551278,48.497650613730762
-0.012500000000000001,-0.017000000000000001,114.60136367974073,68.760818207844437
-0.012,-0.017000000000000001,158.97370519301842,95.384223115811054
-0.0115,-0.017000000000000001,215.59959092591976,129.35975455555186
-0.010999999999999999,-0.017000000000000001,285.71195595997165,171.42717357598298
-0.010499999999999999,-0.017000000000000001,369.86680638936434,221.92008383361861
-0.010000000000000002,-0.017000000000000001,467.73123739037123,280.63874243422271
-0.0095000000000000015,-0.017000000000000001,577.98046254197743,346.78827752518646
-0.0090000000000000011,-0.017000000000000001,698.36368195425359,419.01820917255213
-0.0085000000000000006,-0.017000000000000001,825.97515234894058,495.58509140936434
-0.0080000000000000002,-0.017000000000000001,957.72443426393454,574.63466055836068
-0.0074999999999999997,-0.017000000000000001,1090.9447786820383,654.56686720922301
-0.0069999999999999993,-0.017000000000000001,1224.0234589879744,734.41407539278464
-0.0064999999999999988,-0.017000000000000001,1356.898995151937,814.13939709116221
-0.0059999999999999984,-0.017000000000000001,1491.2637988346326,894.75827930077946
-0.0054999999999999979,-0.017000000000000001,1630.3473152255476,978.2083891353285
-0.005000000000000001,-0.017000000000000001,1778.234368297946,1066.9406209787676
-0.0044999999999999971,-0.017000000000000001,1938.7833620847871,1163.2700172508721
-0.0040000000000000001,-0.017000000000000001,2114.3247587221877,1268.5948552333125
-0.0035000000000000031,-0.017000000000000001,2304.4107812968609,1382.6464687781165
-0.0029999999999999992,-0.017000000000000001,2504.9231440375524,1502.9538864225315
-0.0025000000000000022,-0.017000000000000001,2707.8081107709654,1624.6848664625793
-0.0019999999999999983,-0.017000000000000001,2901.5966319950962,1740.9579791970577
-0.0015000000000000013,-0.017000000000000001,3072.7017638703869,1843.6210583222321
-0.00099999999999999742,-0.017000000000000001,3207.30357740108,1924.3821464406478
-0.00050000000000000044,-0.017000000000000001,3293.4793737644391,1976.0876242586633
0,-0.017000000000000001,3323.1562447103524,1993.8937468262113
0.00050000000000000044,-0.017000000000000001,3293.4793731513123,1976.0876238907872
0.0010000000000000009,-0.017000000000000001,3207.3035759536642,1924.3821455721984
0.0015000000000000013,-0.017000000000000001,3072.7017610957182,1843.6210566574309
0.0020000000000000018,-0.017000000000000001,2901.5966270240942,1740.9579762144565
0.0024999999999999988,-0.017000000000000001,2707.8081021959415,1624.6848613175648
0.0030000000000000027,-0.017000000000000001,2504.9231296885437,1502.9538778131262
0.0034999999999999996,-0.017000000000000001,2304.4107579598885,1382.6464547759331
0.0040000000000000036,-0.017000000000000001,2114.3247218138522,1268.5948330883114
0.0045000000000000005,-0.017000000000000001,1938.7833053146692,1163.2699831888015
0.0049999999999999975,-0.017000000000000001,1778.2342833709217,1066.9405700225529
0.0055000000000000014,-0.017000000000000001,1630.3471916573055,978.20831499438327
0.0059999999999999984,-0.017000000000000001,1491.263623969309,894.75817438158538
0.0064999999999999988,-0.017000000000000001,1356.8987544737722,814.13925268426328
0.0069999999999999993,-0.017000000000000001,1224.0231368025243,734.41388208151454
0.0074999999999999997,-0.017000000000000001,1090.9443592018888,654.56661552113326
0.0080000000000000002,-0.017000000000000001,957.72390306992702,574.63434184195614
0.0085000000000000006,-0.017000000000000001,825.97449811784156,495.58469887070493
0.0090000000000000011,-0.017000000000000001,698.36289826215864,419.01773895729519
0.0095000000000000015,-0.017000000000000001,577.97954948892652,346.78772969335591
0.010000000000000002,-0.017000000000000001,467.73020276571935,280.63812165943159
0.010500000000000002,-0.017000000000000001,369.86566612409393,221.91939967445634
0.011000000000000003,-0.017000000000000001,285.71073369536487,171.42644021721892
0.011500000000000003,-0.017000000000000001,215.5983166577368,129.35898999464209
0.012000000000000004,-0.017000000000000001,158.97241310319151,95.383447861914902
0.012499999999999997,-0.017000000000000001,114.60008941155847,68.760053646935077
0.013000000000000005,-0.017000000000000001,80.828195424944838,48.496917254966903
0.013499999999999998,-0.017000000000000001,55.830629423584405,33.498377654150644
0.014000000000000005,-0.017000000000000001,37.809999301082257,22.685999580649355
0.014499999999999999,-0.017000000000000001,25.137050895395973,15.082230537237583
0.014999999999999999,-0.017000000000000001,16.427539501944487,9.856523701166692
0.0155,-0.017000000000000001,10.566930000245558,6.3401580001473343
0.016000000000000007,-0.017000000000000001,6.6981730870811171,4.0189038522486698
0.016500000000000001,-0.017000000000000001,4.1879934449077094,2.5127960669446257
0.017000000000000001,-0.017000000000000001,2.5844199776383836,1.5506519865830302
0.017500000000000002,-0.017000000000000001,1.5744070192760764,0.94464421156564582
0.017999999999999995,-0.017000000000000001,0.94660725722047401,0.56796435433228443
0.018500000000000003,-0.017000000000000001,0.56136671844160491,0.33682003106496294
0.019000000000000003,-0.017000000000000001,0.32803882023790648,0.19682329214274388
0.019500000000000003,-0.017000000000000001,0.18865916365228758,0.11319549819137253
0.019999999999999997,-0.017000000000000001,0.10663942062188096,0.063983652373128572
0.020499999999999997,-0.017000000000000001,0.059161837738740092,0.035497102643244051
0.021000000000000005,-0.017000000000000001,0.032171004675284436,0.019302602805170661
0.021500000000000005,-0.017000000000000001,0.017125542003175058,0.010275325201905034
0.021999999999999999,-0.017000000000000001,0.0089144638775446681,0.0053486783265268003
0.022499999999999999,-0.017000000000000001,0.0045330926432458523,0.0027198555859475112
0.023000000000000007,-0.017000000000000001,0.0022499993206695256,0.0013499995924017153
0.023500000000000007,-0.017000000000000001,0.0010893245919963628,0.00065359475519781766
0.024,-0.017000000000000001,0.00051412734088999881,0.00030847640453399925
0.024500000000000001,-0.017000000000000001,0.00023643926318877049,0.00014186355791326229
0.025000000000000001,-0.017000000000000001,0.0001059106834774243,6.3546410086454572e-05
-0.025000000000000001,-0.016500000000000001,0.00019189733316340603,0.00011513839989804362
-0.024500000000000001,-0.016500000000000001,0.00042784879069433405,0.00025670927441660043
-0.024,-0.016500000000000001,0.00092887085574682067,0.00055732251344809238
-0.0235,-0.016500000000000001,0.0019642446491401244,0.0011785467894840746
-0.023,-0.016500000000000001,0.0040473883800441956,0.0024284330280265171
-0.022500000000000003,-0.016500000000000001,0.008130099436354352,0.0048780596618126114
-0.022000000000000002,-0.016500000000000001,0.015929672743593172,0.0095578036461559032
-0.021500000000000002,-0.016500000000000001,0.030465540899332195,0.018279324539599316
-0.021000000000000001,-0.016500000000000001,0.056919592263620145,0.034151755358172088
-0.020500000000000001,-0.016500000000000001,0.1039891626844637,0.062393497610678222
-0.02,-0.016500000000000001,0.18598298607499583,0.11158979164499749
-0.0195,-0.016500000000000001,0.32603146035121189,0.19561887621072713
-0.019,-0.016500000000000001,0.56096006280827437,0.33657603768496464
-0.018500000000000003,-0.016500000000000001,0.9486235375886487,0.56917412255318922
-0.018000000000000002,-0.016500000000000001,1.5788197521011651,0.94729185126069904
-0.017500000000000002,-0.016500000000000001,2.589262174090702,1.5535573044544211
-0.017000000000000001,-0.016500000000000001,4.1883909829399251,2.5130345897639548
-0.016500000000000001,-0.016500000000000001,6.6868534099719961,4.0121120459831978
-0.016,-0.016500000000000001,10.538985355738843,6.3233912134433057
-0.0155,-0.016500000000000001,16.394200780757757,9.836520468454653
-0.015000000000000001,-0.016500000000000001,25.155482117574145,15.093289270544487
-0.014500000000000001,-0.016500000000000001,38.03800022404679,22.822800134428075
-0.014,-0.016500000000000001,56.615555084099086,33.969333050459447
-0.0135,-0.016500000000000001,82.836984646445586,49.702190787867352
-0.012999999999999999,-0.016500000000000001,118.99071463293686,71.394428779762109
-0.012500000000000001,-0.016500000000000001,167.59565286546459,100.55739171927875
-0.012,-0.016500000000000001,231.20322203269504,138.72193321961703
-0.0115,-0.016500000000000001,312.11020412159786,187.2661224729587
-0.010999999999999999,-0.016500000000000001,412.00497461197591,247.20298476718554
-0.010499999999999999,-0.016500000000000001,531.59737340338654,318.95842404203194
-0.010000000000000002,-0.016500000000000001,670.30831053995132,402.1849863239708
-0.0095000000000000015,-0.016500000000000001,826.11017593926897,495.66610556356136
-0.0090000000000000011,-0.016500000000000001,995.60386386491632,597.36231831894975
-0.0085000000000000006,-0.016500000000000001,1174.3863352333556,704.63180114001329
-0.0080000000000000002,-0.016500000000000001,1357.7040837703419,814.62245026220512
-0.0074999999999999997,-0.016500000000000001,1541.3112788495691,924.78676730974144
-0.0069999999999999993,-0.016500000000000001,1722.373998556996,1033.4243991341975
-0.0064999999999999988,-0.016500000000000001,1900.2066378510676,1140.1239827106406
-0.0059999999999999984,-0.016500000000000001,2076.6156728223978,1245.9694036934386
-0.0054999999999999979,-0.016500000000000001,2255.6741048456365,1353.4044629073819
-0.005000000000000001,-0.016500000000000001,2442.8573736137687,1465.7144241682611
-0.0044999999999999971,-0.016500000000000001,2643.6209090996131,1586.1725454597679
-0.0040000000000000001,-0.016500000000000001,2861.6574002253296,1716.9944401351977
-0.0035000000000000031,-0.016500000000000001,3097.1960576961656,1858.3176346176992
-0.0029999999999999992,-0.016500000000000001,3345.7567650922183,2007.4540590553308
-0.0025000000000000022,-0.016500000000000001,3597.7238512765762,2158.6343107659454
-0.0019999999999999983,-0.016500000000000001,3838.9564191664176,2303.3738514998504
-0.0015000000000000013,-0.016500000000000001,4052.4317349810408,2431.4590409886246
-0.00099999999999999742,-0.016500000000000001,4220.6754515961184,2532.4052709576708
-0.00050000000000000044,-0.016500000000000001,4328.5289294613513,2597.1173576768106
0,-0.016500000000000001,4365.6955858886877,2619.4173515332127
0.00050000000000000044,-0.016500000000000001,4328.5289279065119,2597.1173567439068
0.0010000000000000009,-0.016500000000000001,4220.6754479255933,2532.4052687553558
0.0015000000000000013,-0.016500000000000001,4052.4317279447118,2431.459036766827
0.0020000000000000018,-0.016500000000000001,3838.9564065603686,2303.373843936221
0.0024999999999999988,-0.016500000000000001,3597.7238295310203,2158.6342977186123
0.0030000000000000027,-0.016500000000000001,3345.7567287043171,2007.4540372225902
0.0034999999999999996,-0.016500000000000001,3097.1959985155263,1858.3175991093158
0.0040000000000000036,-0.016500000000000001,2861.6573066288342,1716.9943839773005
0.0045000000000000005,-0.016500000000000001,2643.6207651352729,1586.1724590811637
0.0049999999999999975,-0.016500000000000001,2442.857158245828,1465.7142949474967
0.0055000000000000014,-0.016500000000000001,2255.6737914867558,1353.4042748920535
0.0059999999999999984,-0.016500000000000001,2076.6152293783425,1245.9691376270055
0.0064999999999999988,-0.016500000000000001,1900.2060275110687,1140.1236165066412
0.0069999999999999993,-0.016500000000000001,1722.3731815212348,1033.4239089127409
0.0074999999999999997,-0.016500000000000001,1541.3102150824629,924.78612904947772
0.0080000000000000002,-0.016500000000000001,1357.702736706093,814.6216420236558
0.0085000000000000006,-0.016500000000000001,1174.3846761571779,704.63080569430667
0.0090000000000000011,-0.016500000000000001,995.60187648631688,597.36112589179015
0.0095000000000000015,-0.016500000000000001,826.10786051194088,495.6647163071645
0.010000000000000002,-0.016500000000000001,670.30568681705654,402.1834120902339
0.010500000000000002,-0.016500000000000001,531.59448178458581,318.95668907075145
0.011000000000000003,-0.016500000000000001,412.00187504961269,247.20112502976761
0.011500000000000003,-0.016500000000000001,312.10697268244894,187.26418360946937
0.012000000000000004,-0.016500000000000001,231.19994539932475,138.71996723959484
0.012499999999999997,-0.016500000000000001,167.59242142631658,100.55545285578994
0.013000000000000005,-0.016500000000000001,118.98761507057395,71.392569042344363
0.013499999999999998,-0.016500000000000001,82.834093027645878,49.700455816587528
0.014000000000000005,-0.016500000000000001,56.61293136120397,33.96775881672238
0.014499999999999999,-0.016500000000000001,38.035684796718861,22.821410878031315
0.014999999999999999,-0.016500000000000001,25.153494738974711,15.092096843384827
0.0155,-0.016500000000000001,16.392541704579898,9.8355250227479392
0.016000000000000007,-0.016500000000000001,10.537638291488934,6.3225829748933604
0.016500000000000001,-0.016500000000000001,6.6857896428638428,4.0114737857183052
0.017000000000000001,-0.016500000000000001,4.1875739471717983,2.5125443683030788
0.017500000000000002,-0.016500000000000001,2.5886518340735258,1.5531911004441155
0.017999999999999995,-0.016500000000000001,1.5783763079960014,0.9470257847976008
0.018500000000000003,-0.016500000000000001,0.94831017857540123,0.56898610714524067
0.019000000000000003,-0.016500000000000001,0.5607446945180542,0.33644681671083249
0.019500000000000003,-0.016500000000000001,0.32588749512832965,0.1955324970769978
0.019999999999999997,-0.016500000000000001,0.18588938740189798,0.11153363244113879
0.020499999999999997,-0.016500000000000001,0.10392997681193207,0.062357986087159242
0.021000000000000005,-0.016500000000000001,0.05688319215485662,0.034129915292913968
0.021500000000000005,-0.016500000000000001,0.030443767633619681,0.018266260580171809
0.021999999999999999,-0.016500000000000001,0.015917005540658887,0.0095502033243953319
0.022499999999999999,-0.016500000000000001,0.0081229318299601925,0.0048737590979761151
0.023000000000000007,-0.016500000000000001,0.0040434437722124137,0.0024260662633274481
0.023500000000000007,-0.016500000000000001,0.0019621332527171359,0.0011772799516302816
0.024,-0.016500000000000001,0.00092777166770587928,0.00055666300062352759
0.024500000000000001,-0.016500000000000001,0.00042729223263981015,0.00025637533958388606
0.025000000000000001,-0.016500000000000001,0.00019162324819753558,0.00011497394891852134
-0.025000000000000001,-0.016,0.0003381889658175742,0.00020291337949054453
-0.024500000000000001,-0.016,0.00075328935487464072,0.00045197361292478443
-0.024,-0.016,0.0016334437708871964,0.00098006626253231786
-0.0235,-0.016,0.0034489858529711389,0.0020693915117826834
-0.023,-0.016,0.0070934080969152031,0.0042560448581491217
-0.022500000000000003,-0.016,0.014215381988147561,0.008529229192888536
-0.022000000000000002,-0.016,0.027771843176447479,0.016663105905868485
-0.021500000000000002,-0.016,0.052922667539700104,0.031753600523820064
-0.021000000000000001,-0.016,0.098439764773153124,0.059063858863891872
-0.020500000000000001,-0.016,0.17887555588381268,0.1073253335302876
-0.02,-0.016,0.3178378201189801,0.19070269207138804
-0.0195,-0.016,0.55286583296065395,0.33171949977639237
-0.019,-0.016,0.942618456556087,0.56557107393365214
-0.018500000000000003,-0.016,1.577390693369797,0.94643441602187817
-0.018000000000000002,-0.016,2.594378779529467,1.5566272677176802
-0.017500000000000002,-0.016,4.1995796109880636,2.5197477665928383
-0.017000000000000001,-0.016,6.6986182358241431,4.0191709414944858
-0.016500000000000001,-0.016,10.538898856156678,6.3233393136940066
-0.016,-0.016,16.364869052932018,9.8189214317592111
-0.0155,-0.016,25.086351268918353,15.05181076135101
-0.015000000000000001,-0.016,37.956312974871395,22.773787784922835
-0.014500000000000001,-0.016,56.648851678209105,33.989311006925462
-0.014,-0.016,83.32089226967544,49.99253536180526
-0.0135,-0.016,120.6334064717072,72.380043883024314
-0.012999999999999999,-0.016,171.70227495922876,103.02136497553725
-0.012500000000000001,-0.016,239.94857768895153,143.96914661337092
-0.012,-0.016,328.82668877702099,197.29601326621258
-0.0115,-0.016,441.42855893651205,264.85713536190724
-0.010999999999999999,-0.016,579.993777238137,347.99626634288217
-0.010499999999999999,-0.016,745.39308418175676,447.23585050905405
-0.010000000000000002,-0.016,936.68903322702499,562.01341993621497
-0.0095000000000000015,-0.016,1150.8990666339964,690.53943998039779
-0.0090000000000000011,-0.016,1383.0804974698917,829.84829848193499
-0.0085000000000000006,-0.016,1626.8148367964848,976.08890207789079
-0.0080000000000000002,-0.016,1875.0902636580447,1125.0541581948269
-0.0074999999999999997,-0.016,2121.4772980342805,1272.8863788205683
-0.0069999999999999993,-0.016,2361.3871560851949,1416.832293651117
-0.0064999999999999988,-0.016,2593.1256256758111,1555.8753754054867
-0.0059999999999999984,-0.016,2818.4378690720227,1691.0627214432136
-0.0054999999999999979,-0.016,3042.301150218389,1825.3806901310334
-0.005000000000000001,-0.016,3271.8636451164111,1963.1181870698465
-0.0044999999999999971,-0.016,3514.6251334390909,2108.7750800634544
-0.0040000000000000001,-0.016,3776.1651573978552,2265.699094438713
-0.0035000000000000031,-0.016,4057.8902261098169,2434.7341356658899
-0.0029999999999999992,-0.016,4355.3412000920398,2613.2047200552238
-0.0025000000000000022,-0.016,4657.54199860261,2794.525199161566
-0.0019999999999999983,-0.016,4947.6801880070389,2968.6081128042233
-0.0015000000000000013,-0.016,5205.1242446480683,3123.074546788841
-0.00099999999999999742,-0.016,5408.4670521049748,3245.0802312629849
-0.00050000000000000044,-0.016,5539.0205293809568,3323.4123176285739
0,-0.016,5584.0447723835059,3350.4268634301034
0.00050000000000000044,-0.016,5539.0205255460323,3323.4123153276191
0.0010000000000000009,-0.016,5408.4670430518299,3245.0802258310978
0.0015000000000000013,-0.016,5205.1242272933532,3123.074536376012
0.0020000000000000018,-0.016,4947.6801569149175,2968.6080941489504
0.0024999999999999988,-0.016,4657.5419449683941,2794.5251669810364
0.0030000000000000027,-0.016,4355.3411103432927,2613.2046662059756
0.0034999999999999996,-0.016,4057.8900801440363,2434.7340480864218
0.0040000000000000036,-0.016,3776.1649265472693,2265.6989559283616
0.0045000000000000005,-0.016,3514.6247783589893,2108.7748670153933
0.0049999999999999975,-0.016,3271.8631139232643,1963.1178683539586
0.0055000000000000014,-0.016,3042.300377335996,1825.3802264015976
0.0059999999999999984,-0.016,2818.4367753417214,1691.0620652050327
0.0064999999999999988,-0.016,2593.1241203058698,1555.8744721835219
0.0069999999999999993,-0.016,2361.3851409115564,1416.8310845469339
0.0074999999999999997,-0.016,2121.474674311391,1272.8848045868347
0.0080000000000000002,-0.016,1875.0869411983786,1125.0521647190271
0.0085000000000000006,-0.016,1626.8107447766074,976.08644686596438
0.0090000000000000011,-0.016,1383.0755957102003,829.84535742612013
0.0095000000000000015,-0.016,1150.8933557602106,690.5360134561264
0.010000000000000002,-0.016,936.68256195922868,562.00953717553716
0.010500000000000002,-0.016,745.38595216348745,447.23157129809243
0.011000000000000003,-0.016,579.98613233854098,347.99167940312458
0.011500000000000003,-0.016,441.42058877009759,264.85235326205856
0.012000000000000004,-0.016,328.81860714155226,197.29116428493134
0.012499999999999997,-0.016,239.94060752253895,143.96436451352338
0.013000000000000005,-0.016,171.69463005963303,103.01677803577981
0.013499999999999998,-0.016,120.62627445343914,72.375764672063482
0.014000000000000005,-0.016,83.314421001879282,49.988652601127569
0.014499999999999999,-0.016,56.643140804423567,33.985884482654136
0.014999999999999999,-0.016,37.951411215179604,22.770846729107763
0.0155,-0.016,25.082259249040249,15.049355549424149
0.016000000000000007,-0.016,16.361546593263704,9.8169279559582225
0.016500000000000001,-0.016,10.536275133261777,6.3217650799570659
0.017000000000000001,-0.016,6.696603062169709,4.0179618373018249
0.017500000000000002,-0.016,4.1980742410020371,2.518844544601222
0.017999999999999995,-0.016,2.5932850491044315,1.5559710294626588
0.018500000000000003,-0.016,1.5766178106484945,0.94597068638909665
0.019000000000000003,-0.016,0.94208726254796971,0.56525235752878178
0.019500000000000003,-0.016,0.55251075067953259,0.33150645040771953
0.019999999999999997,-0.016,0.31760696415468415,0.19056417849281049
0.020499999999999997,-0.016,0.17872957719390387,0.10723774631634232
0.021000000000000005,-0.016,0.098349985912717097,0.059009991547630258
0.021500000000000005,-0.016,0.052868964980832954,0.03172137898849977
0.021999999999999999,-0.016,0.027740600219132539,0.016644360131479522
0.022499999999999999,-0.016,0.014197703482341345,0.0085186220894048065
0.023000000000000007,-0.016,0.0070836789392826061,0.0042502073635695631
0.023500000000000007,-0.016,0.0034437782101584243,0.0020662669260950546
0.024,-0.016,0.0016307326842153933,0.00097843961052923589
0.024500000000000001,-0.016,0.00075191663513288947,0.00045114998107973365
0.025000000000000001,-0.016,0.00033751295036777345,0.00020250777022066407
-0.025000000000000001,-0.0155,0.00058022718066260163,0.00034813630839756099
-0.024500000000000001,-0.0155,0.0012913889086397642,0.00077483334518385855
-0.024,-0.0155,0.0027975286544208058,0.0016785171926524834
-0.0235,-0.0155,0.0058997511331040642,0.0035398506798624382
-0.023,-0.0155,0.012115441531645633,0.0072692649189873794
-0.022500000000000003,-0.0155,0.024233855178231078,0.014540313106938646
-0.022000000000000002,-0.0155,0.047233170452527569,0.028339902271516539
-0.021500000000000002,-0.0155,0.089746068463816733,0.053847641078290036
-0.021000000000000001,-0.0155,0.16633195455472155,0.099799172732832925
-0.020500000000000001,-0.0155,0.30090456153972833,0.18054273692383699
-0.02,-0.0155,0.53178294548780436,0.3190697672926826
-0.0195,-0.0155,0.91899924038419156,0.55139954423051496
-0.019,-0.0155,1.5547355148368913,0.93284130890213479
-0.018500000000000003,-0.0155,2.5781075946690875,1.5468645568014525
-0.018000000000000002,-0.0155,4.1959863311602907,2.5175917986961744
-0.017500000000000002,-0.0155,6.7121177501368345,4.0272706500821007
-0.017000000000000001,-0.0155,10.567337971766742,6.3404027830600453
-0.016500000000000001,-0.0155,16.393871032292061,9.8363226193752364
-0.016,-0.0155,25.086028975689494,15.051617385413696
-0.0155,-0.0155,37.887402025202512,22.732441215121508
-0.015000000000000001,-0.0155,56.490106959377322,33.89406417562639
-0.014500000000000001,-0.0155,83.13443087045853,49.88065852227512
-0.014,-0.0155,120.68761319665045,72.412567917990259
-0.0135,-0.0155,172.6701614399185,103.6020968639511
-0.012999999999999999,-0.0155,243.1901525340233,145.91409152041396
-0.012500000000000001,-0.0155,336.74492305167729,202.04695383100636
-0.012,-0.0155,457.86026487896885,274.71615892738129
-0.0115,-0.0155,610.56322683071119,366.33793609842672
-0.010999999999999999,-0.0155,797.72582755946723,478.63549653568032
-0.010499999999999999,-0.0155,1020.3678623826636,612.22071742959815
-0.010000000000000002,-0.0155,1277.0557859590581,766.23347157543481
-0.0095000000000000015,-0.0155,1563.5648665629708,938.13891993778248
-0.0090000000000000011,-0.0155,1872.966134569104,1123.7796807414625
-0.0085000000000000006,-0.0155,2196.2459097065803,1317.747545823948
-0.0080000000000000002,-0.0155,2523.4630905333183,1514.077854319991
-0.0074999999999999997,-0.0155,2845.312766811111,1707.1876600866665
-0.0069999999999999993,-0.0155,3154.8245238155141,1892.8947142893085
-0.0064999999999999988,-0.0155,3448.8205197594971,2069.2923118556982
-0.0059999999999999984,-0.0155,3728.7319041115252,2237.2391424669149
-0.0054999999999999979,-0.0155,4000.4485894000441,2400.2691536400262
-0.005000000000000001,-0.0155,4273.0577913758943,2563.8346748255367
-0.0044999999999999971,-0.0155,4556.581314295232,2733.9487885771391
-0.0040000000000000001,-0.0155,4859.0929707721634,2915.455782463298
-0.0035000000000000031,-0.0155,5183.813605834157,3110.2881635004942
-0.0029999999999999992,-0.0155,5526.8742334779754,3316.1245400867851
-0.0025000000000000022,-0.0155,5876.36537524507,3525.8192251470418
-0.0019999999999999983,-0.0155,6213.0515604421089,3727.8309362652653
-0.0015000000000000013,-0.0155,6512.769318193642,3907.6615909161851
-0.00099999999999999742,-0.0155,6750.1284008337434,4050.0770405002459
-0.00050000000000000044,-0.0155,6902.8008300795218,4141.6804980477127
0,-0.0155,6955.5023182872292,4173.3013909723377
0.00050000000000000044,-0.0155,6902.8008208800193,4141.6804925280112
0.0010000000000000009,-0.0155,6750.1283791163805,4050.077027469828
0.0015000000000000013,-0.0155,6512.7692765618476,3907.6615659371082
0.0020000000000000018,-0.0155,6213.0514858559918,3727.8308915135949
0.0024999999999999988,-0.0155,5876.3652465832783,3525.8191479499669
0.0030000000000000027,-0.0155,5526.8740181819294,3316.1244109091576
0.0034999999999999996,-0.0155,5183.8132556804503,3110.2879534082699
0.0040000000000000036,-0.0155,4859.0924169903983,2915.4554501942389
0.0045000000000000005,-0.0155,4556.5804625023502,2733.9482775014098
0.0049999999999999975,-0.0155,4273.0565171097769,2563.8339102658661
0.0055000000000000014,-0.0155,4000.4467353515688,2400.2680412109412
0.0059999999999999984,-0.0155,3728.7292803889254,2237.237568233355
0.0064999999999999988,-0.0155,3448.8169085647369,2069.290145138842
0.0069999999999999993,-0.0155,3154.8196896652598,1892.8918137991559
0.0074999999999999997,-0.0155,2845.3064728270938,1707.1838836962563
0.0080000000000000002,-0.0155,2523.4551203669093,1514.0730722201456
0.0085000000000000006,-0.0155,2196.2360934611938,1317.7416560767163
0.0090000000000000011,-0.0155,1872.9543758588818,1123.7726255153291
0.0095000000000000015,-0.0155,1563.551166888939,938.13070013336335
0.010000000000000002,-0.0155,1277.0402621946221,766.22415731677324
0.010500000000000002,-0.0155,1020.3507535602424,612.21045213614548
0.011000000000000003,-0.0155,797.70748839870203,478.62449303922119
0.011500000000000003,-0.0155,610.54410739541197,366.32646443724718
0.012000000000000004,-0.0155,457.84087804330909,274.70452682598545
0.012499999999999997,-0.0155,336.72580361638023,202.03548216982813
0.013000000000000005,-0.0155,243.17181337325914,145.90308802395549
0.013499999999999998,-0.0155,172.65305261749896,103.59183157049937
0.014000000000000005,-0.0155,120.67208943221392,72.403253659328357
0.014499999999999999,-0.0155,83.120731196427357,49.872438717856411
0.014999999999999999,-0.0155,56.478348249155616,33.887008949493371
0.0155,-0.0155,37.877585779814453,22.726551467888672
0.016000000000000007,-0.0155,25.078058809276058,15.046835285565635
0.016500000000000001,-0.0155,16.387577048261232,9.8325462289567387
0.017000000000000001,-0.0155,10.562503821474067,6.33750229288444
0.017500000000000002,-0.0155,6.7085065552690697,4.025103933161442
0.017999999999999995,-0.0155,4.1933626082653896,2.5160175649592338
0.018500000000000003,-0.0155,2.576253545403814,1.5457521272422883
0.019000000000000003,-0.0155,1.5534612466545124,0.93207674799270734
0.019500000000000003,-0.0155,0.91814744227268508,0.55088846536361102
0.019999999999999997,-0.0155,0.53122915081858857,0.31873749049115313
0.020499999999999997,-0.0155,0.30055437686705955,0.18033262612023573
0.021000000000000005,-0.0155,0.16611658626450088,0.099669951758700526
0.021500000000000005,-0.0155,0.089617242722127483,0.053770345633276491
0.021999999999999999,-0.0155,0.047158222494114076,0.028294933496468444
0.022499999999999999,-0.0155,0.024191446647418145,0.014514867988450886
0.023000000000000007,-0.0155,0.012092102495769671,0.0072552614974618016
0.023500000000000007,-0.0155,0.0058872586474208559,0.0035323551884525132
0.024,-0.0155,0.0027910250955840142,0.0016746150573504085
0.024500000000000001,-0.0155,0.0012880959251657302,0.00077285755509943815
0.025000000000000001,-0.0155,0.00057860550390173451,0.00034716330234104071
-0.025000000000000001,-0.015000000000000001,0.00096907400184913651,0.00058144440110948186
-0.024500000000000001,-0.015000000000000001,0.002155397783195069,0.0012932386699170413
-0.024,-0.015000000000000001,0.0046654476669306475,0.0027992686001583884
-0.0235,-0.015000000000000001,0.0098292435648495175,0.0058975461389097102
-0.023,-0.015000000000000001,0.020160007504633717,0.012096004502780229
-0.022500000000000003,-0.015000000000000001,0.040263326401479824,0.024157995840887892
-0.022000000000000002,-0.015000000000000001,0.078326389858791506,0.046995833915274905
-0.021500000000000002,-0.015000000000000001,0.14847369783176992,0.089084218699061954
-0.021000000000000001,-0.015000000000000001,0.27436971865857235,0.1646218311951434
-0.020500000000000001,-0.015000000000000001,0.49455675335842647,0.29673405201505587
-0.02,-0.015000000000000001,0.87014217603520838,0.52208530562112498
-0.0195,-0.015000000000000001,1.4956091673912557,0.89736550043475338
-0.019,-0.015000000000000001,2.5137518795364713,1.5082511277218826
-0.018500000000000003,-0.015000000000000001,4.1360776304313847,2.4816465782588306
-0.018000000000000002,-0.015000000000000001,6.6705194153010661,4.0023116491806396
-0.017500000000000002,-0.015000000000000001,10.55895614299197,6.3353736857951821
-0.017000000000000001,-0.015000000000000001,16.4277136484416,9.8566281890649599
-0.016500000000000001,-0.015000000000000001,25.154564788670928,15.092738873202556
-0.016,-0.015000000000000001,37.955118685913234,22.77307121154794
-0.0155,-0.015000000000000001,56.488972113306978,33.893383267984184
-0.015000000000000001,-0.015000000000000001,82.980592682748565,49.788355609649138
-0.014500000000000001,-0.015000000000000001,120.34095248843566,72.204571493061394
-0.014,-0.015000000000000001,172.26373103058924,103.35823861835354
-0.0135,-0.015000000000000001,243.2563928053562,145.95383568321373
-0.012999999999999999,-0.015000000000000001,338.55561439156867,203.13336863494121
-0.012500000000000001,-0.015000000000000001,463.87422439090341,278.32453463454203
-0.012,-0.015000000000000001,624.93949624178026,374.96369774506815
-0.0115,-0.015000000000000001,826.81514133577582,496.08908480146545
-0.010999999999999999,-0.015000000000000001,1073.0519972688255,643.83119836129526
-0.010499999999999999,-0.015000000000000001,1364.7783572666106,818.86701435996633
-0.010000000000000002,-0.015000000000000001,1699.9051444022541,1019.9430866413525
-0.0095000000000000015,-0.015000000000000001,2072.6623304189629,1243.5973982513776
-0.0090000000000000011,-0.015000000000000001,2473.6785002357738,1484.2071001414643
-0.0085000000000000006,-0.015000000000000001,2890.7490613202417,1734.449436792145
-0.0080000000000000002,-0.015000000000000001,3310.3086760675751,1986.1852056405451
-0.0074999999999999997,-0.015000000000000001,3719.4486205102849,2231.6691723061708
-0.0069999999999999993,-0.015000000000000001,4108.1387169416721,2464.8832301650032
-0.0064999999999999988,-0.015000000000000001,4471.1780524724663,2682.7068314834796
-0.0059999999999999984,-0.015000000000000001,4809.3600512534122,2885.6160307520472
-0.0054999999999999979,-0.015000000000000001,5129.4293807058839,3077.6576284235302
-0.005000000000000001,-0.015000000000000001,5442.6323522239873,3265.5794113343923
-0.0044999999999999971,-0.015000000000000001,5761.9815483790826,3457.1889290274494
-0.0040000000000000001,-0.015000000000000001,6098.6972553448768,3659.2183532069262
-0.0035000000000000031,-0.015000000000000001,6458.5621939067269,3875.1373163440358
-0.0029999999999999992,-0.015000000000000001,6839.0471757472505,4103.4283054483503
-0.0025000000000000022,-0.015000000000000001,7227.980704186898,4336.7884225121388
-0.0019999999999999983,-0.015000000000000001,7604.2436870120864,4562.5462122072513
-0.0015000000000000013,-0.015000000000000001,7940.5275112667823,4764.3165067600694
-0.00099999999999999742,-0.015000000000000001,8207.7031415476722,4924.6218849286033
-0.00050000000000000044,-0.015000000000000001,8379.9357279991746,5027.9614367995046
0,-0.015000000000000001,8439.456166148766,5063.6736996892596
0.00050000000000000044,-0.015000000000000001,8379.9357065352906,5027.9614239211742
0.0010000000000000009,-0.015000000000000001,8207.7030908776633,4924.6218545265974
0.0015000000000000013,-0.015000000000000001,7940.5274141332811,4764.3164484799681
0.0020000000000000018,-0.015000000000000001,7604.2435129909809,4562.5461077945884
0.0024999999999999988,-0.015000000000000001,7227.9804039987521,4336.7882423992514
0.0030000000000000027,-0.015000000000000001,6839.0466734278098,4103.4280040566855
0.0034999999999999996,-0.015000000000000001,6458.5613769432084,3875.136826165925
0.0040000000000000036,-0.015000000000000001,6098.6959632851631,3659.2175779710979
0.0045000000000000005,-0.015000000000000001,5761.9795610126903,3457.1877366076142
0.0049999999999999975,-0.015000000000000001,5442.6293791612652,3265.5776274967589
0.0055000000000000014,-0.015000000000000001,5129.4250549199824,3077.6550329519891
0.0059999999999999984,-0.015000000000000001,4809.3539296970539,2885.6123578182323
0.0064999999999999988,-0.015000000000000001,4471.1696269886697,2682.7017761932016
0.0069999999999999993,-0.015000000000000001,4108.1274381108869,2464.8764628665322
0.0074999999999999997,-0.015000000000000001,3719.4339356583559,2231.6603613950133
0.0080000000000000002,-0.015000000000000001,3310.2900804192154,1986.1740482515293
0.0085000000000000006,-0.015000000000000001,2890.7261584800681,1734.4356950880408
0.0090000000000000011,-0.015000000000000001,2473.6510653204632,1484.1906391922778
0.0095000000000000015,-0.015000000000000001,2072.6303669306408,1243.5782201583845
0.010000000000000002,-0.015000000000000001,1699.8689250249081,1019.9213550149448
0.010500000000000002,-0.015000000000000001,1364.7384397003686,818.84306382022112
0.011000000000000003,-0.015000000000000001,1073.0092091302474,643.80552547814841
0.011500000000000003,-0.015000000000000001,826.7705326943227,496.06231961659358
0.012000000000000004,-0.015000000000000001,624.89426371334366,374.93655822800616
0.012499999999999997,-0.015000000000000001,463.82961574945324,278.29776944967193
0.013000000000000005,-0.015000000000000001,338.51282625299137,203.10769575179481
0.013499999999999998,-0.015000000000000001,243.21647523911628,145.92988514346976
0.014000000000000005,-0.015000000000000001,172.22751165324192,103.33650699194514
0.014499999999999999,-0.015000000000000001,120.30898900011391,72.185393400068349
0.014999999999999999,-0.015000000000000001,82.953157767436352,49.771894660461811
0.0155,-0.015000000000000001,56.466069273129172,33.879641563877499
0.016000000000000007,-0.015000000000000001,37.93652303754255,22.761913822525528
0.016500000000000001,-0.015000000000000001,25.139879936709523,15.083927962025713
0.017000000000000001,-0.015000000000000001,16.41643481756768,9.849860890540608
0.017500000000000002,-0.015000000000000001,10.550530658946112,6.3303183953676667
0.017999999999999995,-0.015000000000000001,6.6643978582537988,3.9986387149522793
0.018500000000000003,-0.015000000000000001,4.1317518426860911,2.4790511056116546
0.019000000000000003,-0.015000000000000001,2.5107788119967962,1.5064672871980778
0.019500000000000003,-0.015000000000000001,1.493621788791764,0.89617307327505835
0.019999999999999997,-0.015000000000000001,0.86885008620870163,0.52131005172522094
0.020499999999999997,-0.015000000000000001,0.49373971759028829,0.29624383055417297
0.021000000000000005,-0.015000000000000001,0.2738672306567656,0.16432033839405935
0.021500000000000005,-0.015000000000000001,0.14817312716996833,0.088903876301981002
0.021999999999999999,-0.015000000000000001,0.078151524516153897,0.046890914709692338
0.022499999999999999,-0.015000000000000001,0.040164380647274511,0.024098628388364705
0.023000000000000007,-0.015000000000000001,0.020105553873185078,0.012063332323911047
0.023500000000000007,-0.015000000000000001,0.0098000966362922978,0.0058800579817753782
0.024,-0.015000000000000001,0.0046502738440749921,0.0027901643064449952
0.024500000000000001,-0.015000000000000001,0.0021477147362425415,0.0012886288417455248
0.025000000000000001,-0.015000000000000001,0.00096529037560448333,0.00057917422536269
-0.025000000000000001,-0.014500000000000001,0.0015755679972054898,0.00094534079832329378
-0.024500000000000001,-0.014500000000000001,0.0035023183501319897,0.0021013910100791938
-0.024,-0.014500000000000001,0.0075756805549247862,0.0045454083329548719
-0.0235,-0.014500000000000001,0.015947272248187625,0.009568363348912574
-0.023,-0.014500000000000001,0.032674960581036666,0.019604976348621999
-0.022500000000000003,-0.014500000000000001,0.065176390865027162,0.039105834519016294
-0.022000000000000002,-0.014500000000000001,0.12659496111581117,0.075956976669486698
-0.021500000000000002,-0.014500000000000001,0.23951036442749285,0.14370621865649572
-0.021000000000000001,-0.014500000000000001,0.44154731435908096,0.26492838861544854
-0.020500000000000001,-0.014500000000000001,0.7935555635049607,0.47613333810297642
-0.02,-0.014500000000000001,1.3911454057387576,0.83468724344325451
-0.0195,-0.014500000000000001,2.3804744846216415,1.4282846907729849
-0.019,-0.014500000000000001,3.9793305273275519,2.3875983163965309
-0.018500000000000003,-0.014500000000000001,6.5048096009563396,3.9028857605738034
-0.018000000000000002,-0.014500000000000001,10.409335081646224,6.2456010489877345
-0.017500000000000002,-0.014500000000000001,16.327443836413313,9.7964663018479872
-0.017000000000000001,-0.014500000000000001,25.136587940353664,15.081952764212197
-0.016500000000000001,-0.014500000000000001,38.035793429294884,22.82147605757693
-0.016,-0.014500000000000001,56.645622512249297,33.987373507349574
-0.0155,-0.014500000000000001,83.130343453278783,49.87820607196727
-0.015000000000000001,-0.014500000000000001,120.33717667996162,72.202306007976972
-0.014500000000000001,-0.014500000000000001,171.93694198919047,103.16216519351428
-0.014,-0.014500000000000001,242.53550885271557,145.52130531162933
-0.0135,-0.014500000000000001,337.70833652820431,202.62500191692257
-0.012999999999999999,-0.014500000000000001,463.89595234658793,278.33757140795274
-0.012500000000000001,-0.014500000000000001,628.09381784093648,376.8562907045619
-0.012,-0.014500000000000001,837.28406328760514,502.37043797256308
-0.0115,-0.014500000000000001,1097.5955901830584,658.55735410983505
-0.010999999999999999,-0.014500000000000001,1413.2440212464148,847.94641274784885
-0.010499999999999999,-0.014500000000000001,1785.3858623516135,1071.2315174109681
-0.010000000000000002,-0.014500000000000001,2211.1034948236993,1326.6620968942195
-0.0095000000000000015,-0.014500000000000001,2682.7923511971662,1609.6754107182996
-0.0090000000000000011,-0.014500000000000001,3188.2199859244747,1912.9319915546848
-0.0085000000000000006,-0.014500000000000001,3711.4476481051129,2226.8685888630675
-0.0080000000000000002,-0.014500000000000001,4234.6454870188791,2540.7872922113274
-0.0074999999999999997,-0.014500000000000001,4740.6151219585263,2844.3690731751158
-0.0069999999999999993,-0.014500000000000001,5215.6059457999872,3129.3635674799921
-0.0064999999999999988,-0.014500000000000001,5651.8387319568646,3391.1032391741187
-0.0059999999999999984,-0.014500000000000001,6049.0958708294638,3629.4575224976784
-0.0054999999999999979,-0.014500000000000001,6414.8443753858573,3848.9066252315142
-0.005000000000000001,-0.014500000000000001,6762.6284602973628,4057.5770761784174
-0.0044999999999999971,-0.014500000000000001,7108.8574843634924,4265.3144906180951
-0.0040000000000000001,-0.014500000000000001,7468.5340531261209,4481.1204318756727
-0.0035000000000000031,-0.014500000000000001,7850.8051244679427,4710.4830746807656
-0.0029999999999999992,-0.014500000000000001,8255.3724677008595,4953.2234806205151
-0.0025000000000000022,-0.014500000000000001,8670.7033414715988,5202.4220048829593
-0.0019999999999999983,-0.014500000000000001,9074.6359529691108,5444.7815717814665
-0.0015000000000000013,-0.014500000000000001,9437.4450449232136,5662.4670269539283
-0.00099999999999999742,-0.014500000000000001,9726.8453805903664,5836.1072283542198
-0.00050000000000000044,-0.014500000000000001,9913.9151461155252,5948.3490876693149
0,-0.014500000000000001,9978.6522820333794,5987.1913692200278
0.00050000000000000044,-0.014500000000000001,9913.9150974088516,5948.3490584453111
0.0010000000000000009,-0.014500000000000001,9726.8452656080226,5836.107159364813
0.0015000000000000013,-0.014500000000000001,9437.444824504104,5662.466894702462
0.0020000000000000018,-0.014500000000000001,9074.635558073669,5444.7813348442014
0.0024999999999999988,-0.014500000000000001,8670.7026602730111,5202.4215961638065
0.0030000000000000027,-0.014500000000000001,8255.3713278181021,4953.2227966908613
0.0034999999999999996,-0.014500000000000001,7850.8032705826272,4710.481962349576
0.0040000000000000036,-0.014500000000000001,7468.5311211340932,4481.1186726804553
0.0045000000000000005,-0.014500000000000001,7108.852974554572,4265.311784732743
0.0049999999999999975,-0.014500000000000001,6762.6217137080785,4057.5730282248469
0.0055000000000000014,-0.014500000000000001,6414.8345591446569,3848.900735486794
0.0059999999999999984,-0.014500000000000001,6049.0819795562647,3629.4491877337587
0.0064999999999999988,-0.014500000000000001,5651.8196125221348,3391.091767513281
0.0069999999999999993,-0.014500000000000001,5215.5803514395611,3129.3482108637368
0.0074999999999999997,-0.014500000000000001,4740.5817985227677,2844.3490791136605
0.0080000000000000002,-0.014500000000000001,4234.6032890521265,2540.7619734312757
0.0085000000000000006,-0.014500000000000001,3711.3956760915808,2226.8374056549483
0.0090000000000000011,-0.014500000000000001,3188.1577295502016,1912.8946377301208
0.0095000000000000015,-0.014500000000000001,2682.719818409314,1609.6318910455884
0.010000000000000002,-0.014500000000000001,2211.0213044073466,1326.6127826444078
0.010500000000000002,-0.014500000000000001,1785.2952798615338,1071.1771679169203
0.011000000000000003,-0.014500000000000001,1413.146924742216,847.88815484532961
0.011500000000000003,-0.014500000000000001,1097.4943625231017,658.496617513861
0.012000000000000004,-0.014500000000000001,837.18141987909894,502.30885192745933
0.012499999999999997,-0.014500000000000001,627.9925901809836,376.79555410859012
0.013000000000000005,-0.014500000000000001,463.79885584239042,278.27931350543423
0.013499999999999998,-0.014500000000000001,337.61775403812845,202.57065242287706
0.014000000000000005,-0.014500000000000001,242.45331843636205,145.47199106181722
0.014499999999999999,-0.014500000000000001,171.86440920133734,103.1186455208024
0.014999999999999999,-0.014500000000000001,120.27492030568615,72.164952183411685
0.0155,-0.014500000000000001,83.078371439738646,49.847022863843186
0.016000000000000007,-0.014500000000000001,56.603424545473082,33.962054727283849
0.016500000000000001,-0.014500000000000001,38.002469993465688,22.801481996079414
0.017000000000000001,-0.014500000000000001,25.110993579726525,15.066596147835915
0.017500000000000002,-0.014500000000000001,16.308324401115577,9.7849946406693462
0.017999999999999995,-0.014500000000000001,10.395443806883891,6.2372662841303343
0.018500000000000003,-0.014500000000000001,6.4949933555682442,3.8969960133409463
0.019000000000000003,-0.014500000000000001,3.9725839271143135,2.383550356268588
0.019500000000000003,-0.014500000000000001,2.3759646479952612,1.4255787887971567
0.019999999999999997,-0.014500000000000001,1.3882133453725793,0.83292800722354754
0.020499999999999997,-0.014500000000000001,0.79170151423968393,0.47502090854381035
0.021000000000000005,-0.014500000000000001,0.44040704908932277,0.26424422945359366
0.021500000000000005,-0.014500000000000001,0.23882829781987602,0.14329697869192562
0.021999999999999999,-0.014500000000000001,0.12619814989568776,0.075718889937412645
0.022499999999999999,-0.014500000000000001,0.064951859320582284,0.038971115592349372
0.023000000000000007,-0.014500000000000001,0.03255139228780405,0.01953083537268243
0.023500000000000007,-0.014500000000000001,0.015881130907032328,0.0095286785442193957
0.024,-0.014500000000000001,0.0075412475273707487,0.0045247485164224494
0.024500000000000001,-0.014500000000000001,0.0034848836818923605,0.0020909302091354164
0.025000000000000001,-0.014500000000000001,0.0015669820457299983,0.0009401892274379989
-0.025000000000000001,-0.014,0.0024938581405081137,0.0014963148843048682
-0.024500000000000001,-0.014,0.0055406065482764824,0.0033243639289658893
-0.024,-0.014,0.0119772075112456,0.0071863245067473594
-0.0235,-0.014,0.025194516545154175,0.015116709927092504
-0.023,-0.014,0.051577397775495019,0.030946438665297012
-0.022500000000000003,-0.014,0.10277336641390974,0.061664019848345845
-0.022000000000000002,-0.014,0.19936633126495046,0.11961979875897027
-0.021500000000000002,-0.014,0.37659723397321648,0.22595834038392987
-0.021000000000000001,-0.014,0.69292644199767894,0.41575586519860736
-0.020500000000000001,-0.014,1.2423525705422727,0.74541154232536355
-0.02,-0.014,2.1714619340938173,1.3028771604562903
-0.0195,-0.014,3.7021753526488146,2.2213052115892888
-0.019,-0.014,6.1611217093115798,3.6966730255869478
-0.018500000000000003,-0.014,10.016598565833371,6.0099591395000225
-0.018000000000000002,-0.014,15.924328501560055,9.5545971009360322
-0.017500000000000002,-0.014,24.783824248252895,14.870294548951737
-0.017000000000000001,-0.014,37.808133551789773,22.684880131073864
-0.016500000000000001,-0.014,56.610714049200809,33.966428429520484
-0.016,-0.014,83.313342988676297,49.98800579320578
-0.0155,-0.014,120.67687268009431,72.406123608056575
-0.015000000000000001,-0.014,172.2505139850247,103.35030839101482
-0.014500000000000001,-0.014,242.52364026488121,145.51418415892871
-0.014,-0.014,337.04661793492386,202.22797076095432
-0.0135,-0.014,462.46616052611245,277.47969631566747
-0.012999999999999999,-0.014,626.40185789824523,375.84111473894711
-0.012500000000000001,-0.014,837.08286167563779,502.24971700538265
-0.012,-0.014,1102.6778394192756,661.60670365156534
-0.0115,-0.014,1430.2959703802951,858.17758222817702
-0.010999999999999999,-0.014,1824.7140337832591,1094.8284202699554
-0.010499999999999999,-0.014,2286.985530795635,1372.1913184773809
-0.010000000000000002,-0.014,2813.1901409994034,1687.9140845996419
-0.0095000000000000015,-0.014,3393.6527625389322,2036.1916575233593
-0.0090000000000000011,-0.014,4012.9650529921314,2407.7790317952786
-0.0085000000000000006,-0.014,4651.0519331492796,2790.6311598895677
-0.0080000000000000002,-0.014,5285.3360765587677,3171.2016459352603
-0.0074999999999999997,-0.014,5893.7911449612784,3536.274686976767
-0.0069999999999999993,-0.014,6458.3970277115814,3875.0382166269487
-0.0064999999999999988,-0.014,6968.2957987316922,4180.9774792390153
-0.0059999999999999984,-0.014,7421.8735011677018,4453.1241007006211
-0.0054999999999999979,-0.014,7827.1124465735147,4696.2674679441088
-0.005000000000000001,-0.014,8199.8758632844583,4919.9255179706752
-0.0044999999999999971,-0.014,8560.247646001968,5136.1485876011802
-0.0040000000000000001,-0.014,8927.5495126221049,5356.5297075732624
-0.0035000000000000031,-0.014,9315.0638953233774,5589.0383371940261
-0.0029999999999999992,-0.014,9725.6802393769449,5835.4081436261667
-0.0025000000000000022,-0.014,10149.578588398039,6089.7471530388229
-0.0019999999999999983,-0.014,10564.665126935997,6338.7990761615984
-0.0015000000000000013,-0.014,10939.859523522375,6563.9157141134247
-0.00099999999999999742,-0.014,11240.649432669772,6744.3896596018631
-0.00050000000000000044,-0.014,11435.748831294421,6861.4492987766525
0,-0.014,11503.381123437135,6902.0286740622805
0.00050000000000000044,-0.014,11435.748723795294,6861.4492342771764
0.0010000000000000009,-0.014,11240.649178895483,6744.3895073372896
0.0015000000000000013,-0.014,10939.859037041577,6563.9154222249463
0.0020000000000000018,-0.014,10564.664255373407,6338.7985532240446
0.0024999999999999988,-0.014,10149.57708494384,6089.7462509663037
0.0030000000000000027,-0.014,9725.6777235738446,5835.4066341443067
0.0034999999999999996,-0.014,9315.0598036653464,5589.0358821992077
0.0040000000000000036,-0.014,8927.5430415051396,5356.525824903084
0.0045000000000000005,-0.014,8560.2376925298104,5136.142615517886
0.0049999999999999975,-0.014,8199.8609730773951,4919.9165838464369
0.0055000000000000014,-0.014,7827.090781424231,4696.2544688545386
0.0059999999999999984,-0.014,7421.8428421301414,4453.1057052780843
0.0064999999999999988,-0.014,6968.2536007661683,4180.9521604597012
0.0069999999999999993,-0.014,6458.3405391200458,3875.0043234720274
0.0074999999999999997,-0.014,5893.7175977454126,3536.2305586472476
0.0080000000000000002,-0.014,5285.2429426156723,3171.1457655694035
0.0085000000000000006,-0.014,4650.9372271830125,2790.5623363098075
0.0090000000000000011,-0.014,4012.8276487031312,2407.6965892218786
0.0095000000000000015,-0.014,3393.4926774671553,2036.0956064802931
0.010000000000000002,-0.014,2813.008740847959,1687.8052445087753
0.010500000000000002,-0.014,2286.7856087347964,1372.0713652408779
0.011000000000000003,-0.014,1824.4997348254512,1094.6998408952707
0.011500000000000003,-0.014,1430.0725536650475,858.0435321990285
0.012000000000000004,-0.014,1102.4512980453051,661.47077882718304
0.012499999999999997,-0.014,836.85944496039485,502.11566697623687
0.013000000000000005,-0.014,626.18755894043852,375.71253536426309
0.013499999999999998,-0.014,462.26623846527815,277.35974307916689
0.014000000000000005,-0.014,336.8652177834777,202.11913067008661
0.014499999999999999,-0.014,242.363555193103,145.41813311586179
0.014999999999999999,-0.014,172.11310969601934,103.26786581761159
0.0155,-0.014,120.5621667138094,72.33730002828564
0.016000000000000007,-0.014,83.220209045528762,49.932125427317253
0.016500000000000001,-0.014,56.537166833182951,33.922300099909769
0.017000000000000001,-0.014,37.751644959811102,22.65098697588666
0.017500000000000002,-0.014,24.741626281476922,14.844975768886153
0.017999999999999995,-0.014,15.893669460549201,9.5362016763295205
0.018500000000000003,-0.014,9.9949334073022147,5.9969600443813285
0.019000000000000003,-0.014,6.1462314781297795,3.6877388868778676
0.019500000000000003,-0.014,3.6922218193377425,2.2153330916026452
0.019999999999999997,-0.014,2.1649906662979634,1.2989943997787781
0.020499999999999997,-0.014,1.2382605506641309,0.74295633039847853
0.021000000000000005,-0.014,0.69040979465848051,0.41424587679508829
0.021500000000000005,-0.014,0.37509186398717936,0.2250551183923076
0.021999999999999999,-0.014,0.19849054040489883,0.1190943242429393
0.022499999999999999,-0.014,0.1022778091704506,0.061366685502270354
0.023000000000000007,-0.014,0.05130467367819893,0.030782804206919357
0.023500000000000007,-0.014,0.025048537855243986,0.015029122713146392
0.024,-0.014,0.011901211346605076,0.0071407268079630454
0.024500000000000001,-0.014,0.0055021269833903427,0.0033012761900342055
0.025000000000000001,-0.014,0.0024749083289963914,0.0014849449973978349
-0.025000000000000001,-0.0135,0.0038435392420059756,0.0023061235452035852
-0.024500000000000001,-0.0135,0.0085346492174541988,0.0051207895304725189
-0.024,-0.0135,0.018438655477259695,0.011063193286355816
-0.0235,-0.0135,0.038760729906262351,0.02325643794375741
-0.023,-0.0135,0.079288957459394294,0.047573374475636573
-0.022500000000000003,-0.0135,0.15784897742864809,0.094709386457188849
-0.022000000000000002,-0.0135,0.30587465267910519,0.1835247916074631
-0.021500000000000002,-0.0135,0.57703180408657262,0.34621908245194355
-0.021000000000000001,-0.0135,1.0600202572109567,0.63601215432657399
-0.020500000000000001,-0.0135,1.8967802191907257,1.1380681315144354
-0.02,-0.0135,3.3072803765762337,1.9843682259457402
-0.0195,-0.0135,5.6218316384292564,3.3730989830575537
-0.019,-0.0135,9.3214843581632749,5.5928906148979651
-0.018500000000000003,-0.0135,15.086665830669457,9.0519994984016741
-0.018000000000000002,-0.0135,23.854047430436776,14.312428458262065
-0.017500000000000002,-0.0135,36.88199135619552,22.129194813717312
-0.017000000000000001,-0.0135,55.825990080136975,33.495594048082182
-0.016500000000000001,-0.0135,82.827070436683542,49.696242262010124
-0.016,-0.0135,120.61731527816166,72.370389166896985
-0.0155,-0.0135,172.64576277654419,103.58745766592651
-0.015000000000000001,-0.0135,243.22264422882247,145.93358653729348
-0.014500000000000001,-0.0135,337.66796382195838,202.60077829317501
-0.014,-0.0135,462.43092168763968,277.45855301258382
-0.0135,-0.0135,625.12170865226028,375.07302519135618
-0.012999999999999999,-0.0135,834.37308295869707,500.62384977521822
-0.012500000000000001,-0.0135,1099.4365652737752,659.66193916426505
-0.012,-0.0135,1429.4302183078262,857.65813098469573
-0.0115,-0.0135,1832.2032358401661,1099.3219415040996
-0.010999999999999999,-0.0135,2312.8707929578609,1387.7224757747165
-0.010499999999999999,-0.0135,2872.1913933810124,1723.3148360286075
-0.010000000000000002,-0.0135,3505.0827879444696,2103.0496727666819
-0.0095000000000000015,-0.0135,4199.662376405674,2519.7974258434042
-0.0090000000000000011,-0.0135,4937.2103562869761,2962.3262137721854
-0.0085000000000000006,-0.0135,5693.3552760723251,3416.013165643395
-0.0080000000000000002,-0.0135,6440.5643893852412,3864.3386336311446
-0.0074999999999999997,-0.0135,7151.7145455394839,4291.02872732369
-0.0069999999999999993,-0.0135,7804.1903216204664,4682.5141929722795
-0.0064999999999999988,-0.0135,8383.6968619060262,5030.2181171436159
-0.0059999999999999984,-0.0135,8886.8780464218653,5332.1268278531188
-0.0054999999999999979,-0.0135,9321.9588959310659,5593.1753375586395
-0.005000000000000001,-0.0135,9706.9912083395902,5824.1947250037538
-0.0044999999999999971,-0.0135,10065.811744570741,6039.4870467424444
-0.0040000000000000001,-0.0135,10422.401205879542,6253.4407235277249
-0.0035000000000000031,-0.0135,10794.806639096909,6476.8839834581449
-0.0029999999999999992,-0.0135,11190.017227164943,6714.0103362989657
-0.0025000000000000022,-0.0135,11601.075239802858,6960.6451438817148
-0.0019999999999999983,-0.0135,12007.257309589035,7204.3543857534205
-0.0015000000000000013,-0.0135,12377.467230240782,7426.480338144469
-0.00099999999999999742,-0.0135,12676.206444934036,7605.7238669604212
-0.00050000000000000044,-0.0135,12870.831642992818,7722.4989857956907
0,-0.0135,12938.448416147514,7763.0690496885081
0.00050000000000000044,-0.0135,12870.831412234344,7722.4988473406056
0.0010000000000000009,-0.0135,12676.205900180139,7605.7235401080834
0.0015000000000000013,-0.0135,12377.466185957244,7426.4797115743459
0.0020000000000000018,-0.0135,12007.255438685872,7204.353263211523
0.0024999999999999988,-0.0135,11601.07201247615,6960.6432074856903
0.0030000000000000027,-0.0135,11190.011826722057,6714.0070960332341
0.0034999999999999996,-0.0135,10794.797855911333,6476.8787135467992
0.0040000000000000036,-0.0135,10422.387314928566,6253.4323889571397
0.0045000000000000005,-0.0135,10065.790378368489,6039.4742270210927
0.0049999999999999975,-0.0135,9706.9592449030406,5824.175546941824
0.0055000000000000014,-0.0135,9321.912389349829,5593.1474336098972
0.0059999999999999984,-0.0135,8886.8122334887357,5332.0873400932414
0.0064999999999999988,-0.0135,8383.60627941864,5030.1637676511837
0.0069999999999999993,-0.0135,7804.0690627619661,4682.4414376571794
0.0074999999999999997,-0.0135,7151.5566685027388,4290.9340011016429
0.0080000000000000002,-0.0135,6440.3644673245171,3864.2186803947102
0.0085000000000000006,-0.0135,5693.1090473356098,3415.865428401366
0.0090000000000000011,-0.0135,4936.915403150706,2962.1492418904236
0.0095000000000000015,-0.0135,4199.3187365212534,2519.5912419127521
0.010000000000000002,-0.0135,3504.6933929410247,2102.8160357646148
0.010500000000000002,-0.0135,2871.7622391000032,1723.0573434600019
0.011000000000000003,-0.0135,2312.4107771158178,1387.4464662694907
0.011500000000000003,-0.0135,1831.7236477477065,1099.034188648624
0.012000000000000004,-0.0135,1428.943922798175,857.36635367890494
0.012499999999999997,-0.0135,1098.956977181321,659.37418630879256
0.013000000000000005,-0.0135,833.91306711665516,500.34784026999307
0.013499999999999998,-0.0135,624.69255437125514,374.8155326227531
0.014000000000000005,-0.0135,462.04152668419164,277.22491601051496
0.014499999999999999,-0.0135,337.32432393753544,202.39459436252125
0.014999999999999999,-0.0135,242.92769109253999,145.75661465552398
0.0155,-0.0135,172.39953403979277,103.43972042387566
0.016000000000000007,-0.0135,120.41739321732581,72.250435930395483
0.016500000000000001,-0.0135,82.66919339961062,49.601516039766373
0.017000000000000001,-0.0135,55.704731220687421,33.422838732412451
0.017500000000000002,-0.0135,36.791408866118999,22.0748453196714
0.017999999999999995,-0.0135,23.788234489901811,14.272940693941086
0.018500000000000003,-0.0135,15.040159229579562,9.024095537747737
0.019000000000000003,-0.0135,9.2895208698411391,5.5737125219046835
0.019500000000000003,-0.0135,5.600465304900391,3.3602791829402343
0.019999999999999997,-0.0135,3.2933891018138235,1.9760334610882939
0.020499999999999997,-0.0135,1.8879962568739499,1.1327977541243699
0.021000000000000005,-0.0135,1.0546180020776912,0.63277080124661467
0.021500000000000005,-0.0135,0.57380036493820052,0.34428021896292033
0.021999999999999999,-0.0135,0.30399467307461664,0.18239680384476997
0.022499999999999999,-0.0135,0.15678521032047732,0.094071126192286386
0.023000000000000007,-0.0135,0.078703525749661357,0.047222115449796813
0.023500000000000007,-0.0135,0.038447370893010424,0.023068422535806255
0.024,-0.0135,0.018275521507655351,0.010965312904593211
0.024500000000000001,-0.0135,0.0084520486783583298,0.005071229207014998
0.025000000000000001,-0.0135,0.0038028614263585169,0.0022817168558151102
-0.025000000000000001,-0.012999999999999999,0.0057694286021128388,0.0034616571612677031
-0.024500000000000001,-0.012999999999999999,0.012803800398908072,0.0076822802393448431
-0.024,-0.012999999999999999,0.027645294232712923,0.016587176539627754
-0.0235,-0.012999999999999999,0.058076660973458212,0.034845996584074924
-0.023,-0.012999999999999999,0.11871601721393495,0.071229610328360962
-0.022500000000000003,-0.012999999999999999,0.23614703671931683,0.14168822203159009
-0.022000000000000002,-0.012999999999999999,0.45716269893197514,0.27429761935918506
-0.021500000000000002,-0.012999999999999999,0.86146560495606261,0.51687936297363757
-0.021000000000000001,-0.012999999999999999,1.5803938236207897,0.94823629417247379
-0.020500000000000001,-0.012999999999999999,2.8232936975274572,1.6939762185164742
-0.02,-0.012999999999999999,4.9129235131643485,2.9477541078986089
-0.0195,-0.012999999999999999,8.3306620525857316,4.9983972315514391
-0.019,-0.012999999999999999,13.771332946457791,8.2627997678746752
-0.018500000000000003,-0.012999999999999999,22.206330169843692,13.323798101906215
-0.018000000000000002,-0.012999999999999999,34.952836387429663,20.971701832457796
-0.017500000000000002,-0.012999999999999999,53.746800096633578,32.248080057980147
-0.017000000000000001,-0.012999999999999999,80.818450101167159,48.491070060700295
-0.016500000000000001,-0.012999999999999999,118.97152354517198,71.382914127103177
-0.016,-0.012999999999999999,171.67026182952426,103.00215709771456
-0.0155,-0.012999999999999999,243.13962931433238,145.88377758859943
-0.015000000000000001,-0.012999999999999999,338.48113079897053,203.08867847938231
-0.014500000000000001,-0.012999999999999999,463.79579215734532,278.27747529440717
-0.014,-0.012999999999999999,626.28538663050529,375.77123197830315
-0.0135,-0.012999999999999999,834.27427742874318,500.56456645724586
-0.012999999999999999,-0.012999999999999999,1097.0639358311075,658.23836149866452
-0.012500000000000001,-0.012999999999999999,1424.5125617233805,854.70753703402829
-0.012,-0.012999999999999999,1826.2392292224411,1095.7435375334646
-0.0115,-0.012999999999999999,2310.4003351369788,1386.2402010821872
-0.010999999999999999,-0.012999999999999999,2882.0822843497358,1729.2493706098414
-0.010499999999999999,-0.012999999999999999,3541.4893640340856,2124.8936184204513
-0.010000000000000002,-0.012999999999999999,4282.2514221072252,2569.350853264335
-0.0095000000000000015,-0.012999999999999999,5090.2872473301268,3054.1723483980759
-0.0090000000000000011,-0.012999999999999999,5943.68499956305,3566.2109997378298
-0.0085000000000000006,-0.012999999999999999,6813.9597216441944,4088.3758329865163
-0.0080000000000000002,-0.012999999999999999,7668.808212470838,4601.284927482503
-0.0074999999999999997,-0.012999999999999999,8476.1345305041341,5085.6807183024803
-0.0069999999999999993,-0.012999999999999999,9208.7406572609161,5525.2443943565495
-0.0064999999999999988,-0.012999999999999999,9848.771955834256,5909.2631735005534
-0.0059999999999999984,-0.012999999999999999,10390.883172513941,6234.5299035083644
-0.0054999999999999979,-0.012999999999999999,10843.221508543551,6505.9329051261302
-0.005000000000000001,-0.012999999999999999,11225.718568801311,6735.4311412807865
-0.0044999999999999971,-0.012999999999999999,11565.774706760039,6939.4648240560236
-0.0040000000000000001,-0.012999999999999999,11892.070826872348,7135.2424961234092
-0.0035000000000000031,-0.012999999999999999,12227.781586101828,7336.6689516610968
-0.0029999999999999992,-0.012999999999999999,12584.729562707189,7550.8377376243134
-0.0025000000000000022,-0.012999999999999999,12959.912649597394,7775.9475897584362
-0.0019999999999999983,-0.012999999999999999,13335.352796115731,8001.2116776694384
-0.0015000000000000013,-0.012999999999999999,13681.454084425181,8208.872450655108
-0.00099999999999999742,-0.012999999999999999,13963.206014397487,8377.9236086384917
-0.00050000000000000044,-0.012999999999999999,14147.84384228521,8488.7063053711263
0,-0.012999999999999999,14212.177834744158,8527.306700846495
0.00050000000000000044,-0.012999999999999999,14147.843360507557,8488.7060163045335
0.0010000000000000009,-0.012999999999999999,13963.204877060038,8377.9229262360222
0.0015000000000000013,-0.012999999999999999,13681.451904169513,8208.8711425017082
0.0020000000000000018,-0.012999999999999999,13335.348890043213,8001.2093340259271
0.0024999999999999988,-0.012999999999999999,12959.905911583133,7775.9435469498794
0.0030000000000000027,-0.012999999999999999,12584.718287659936,7550.8309725959616
0.0034999999999999996,-0.012999999999999999,12227.763248562744,7336.657949137646
0.0040000000000000036,-0.012999999999999999,11892.041825338207,7135.2250952029235
0.0045000000000000005,-0.012999999999999999,11565.730098392667,6939.4380590356004
0.0049999999999999975,-0.012999999999999999,11225.651835523049,6735.3911013138295
0.0055000000000000014,-0.012999999999999999,10843.124412080806,6505.8746472484836
0.0059999999999999984,-0.012999999999999999,10390.745768240397,6234.4474609442377
0.0064999999999999988,-0.012999999999999999,9848.5828376733771,5909.1497026040261
0.0069999999999999993,-0.012999999999999999,9208.4874929576272,5525.0924957745765
0.0074999999999999997,-0.012999999999999999,8475.8049147506317,5085.4829488503792
0.0080000000000000002,-0.012999999999999999,7668.3908150959878,4601.0344890575925
0.0085000000000000006,-0.012999999999999999,6813.4456451688666,4088.0673871013196
0.0090000000000000011,-0.012999999999999999,5943.0691962628198,3565.8415177576917
0.0095000000000000015,-0.012999999999999999,5089.5697958136179,3053.7418774881708
0.010000000000000002,-0.012999999999999999,4281.4384430311366,2568.8630658186817
0.010500000000000002,-0.012999999999999999,3540.5933755191177,2124.3560253114706
0.011000000000000003,-0.012999999999999999,2881.121863052751,1728.6731178316506
0.011500000000000003,-0.012999999999999999,2309.3990508861302,1385.639430531678
0.012000000000000004,-0.012999999999999999,1825.2239412227411,1095.1343647336446
0.012499999999999997,-0.012999999999999999,1423.5112774725367,854.10676648352194
0.013000000000000005,-0.012999999999999999,1096.103514534123,657.66210872047373
0.013499999999999998,-0.012999999999999999,833.37828891377944,500.02697334826763
0.014000000000000005,-0.012999999999999999,625.47240755441271,375.28344453264759
0.014499999999999999,-0.012999999999999999,463.07834064082948,277.84700438449767
0.014999999999999999,-0.012999999999999999,337.86532749871566,202.71919649922938
0.0155,-0.012999999999999999,242.62555283892988,145.57533170335793
0.016000000000000007,-0.012999999999999999,171.25286445444291,102.75171867266575
0.016500000000000001,-0.012999999999999999,118.64190779099052,71.185144674594312
0.017000000000000001,-0.012999999999999999,80.565285795897239,48.339171477538343
0.017500000000000002,-0.012999999999999999,53.55768193014292,32.134609158085752
0.017999999999999995,-0.012999999999999999,34.815432098423905,20.889259259054342
0.018500000000000003,-0.012999999999999999,22.109233665647348,13.265540199388409
0.019000000000000003,-0.012999999999999999,13.704599560115497,8.2227597360692979
0.019500000000000003,-0.012999999999999999,8.2860534111342794,4.9716320466805675
0.019999999999999997,-0.012999999999999999,4.8839213030124027,2.9303527818074415
0.020499999999999997,-0.012999999999999999,2.8049545367639634,1.6829727220583781
0.021000000000000005,-0.012999999999999999,1.5691149927468044,0.94146899564808262
0.021500000000000005,-0.012999999999999999,0.85471900474282481,0.51283140284569484
0.021999999999999999,-0.012999999999999999,0.45323767660657543,0.27194260596394526
0.022499999999999999,-0.012999999999999999,0.23392610323757754,0.14035566194254651
0.023000000000000007,-0.012999999999999999,0.1174937526078664,0.070496251564719836
0.023500000000000007,-0.012999999999999999,0.057422429874385825,0.034453457924631496
0.024,-0.012999999999999999,0.027304703052255869,0.01638282183135352
0.024500000000000001,-0.012999999999999999,0.012631346953526447,0.0075788081721158678
0.025000000000000001,-0.012999999999999999,0.0056845014389757869,0.0034107008633854721
-0.025000000000000001,-0.012500000000000001,0.0084382456552964755,0.0050629473931778851
-0.024500000000000001,-0.012500000000000001,0.018714208535551294,0.011228525121330777
-0.024,-0.012500000000000001,0.040379809785747768,0.024227885871448661
-0.0235,-0.012500000000000001,0.084770650648013798,0.050862390388808278
-0.023,-0.012500000000000001,0.17315541213144642,0.10389324727886785
-0.022500000000000003,-0.012500000000000001,0.34416297765138321,0.20649778659082993
-0.022000000000000002,-0.012500000000000001,0.66568250203322843,0.39940950121993707
-0.021500000000000002,-0.012500000000000001,1.2531234307356349,0.75187405844138089
-0.021000000000000001,-0.012500000000000001,2.2961873009936351,1.3777123805961811
-0.020500000000000001,-0.012500000000000001,4.0962666636916012,2.4577599982149607
-0.02,-0.012500000000000001,7.1160520501471058,4.2696312300882635
-0.0195,-0.012500000000000001,12.041742462117073,7.2250454772702435
-0.019,-0.012500000000000001,19.856413473187956,11.913848083912773
-0.018500000000000003,-0.012500000000000001,31.920860292244569,19.15251617534674
-0.018000000000000002,-0.012500000000000001,50.056201193538527,30.033720716123113
-0.017500000000000002,-0.012500000000000001,76.621588602219106,45.972953161331461
-0.017000000000000001,-0.012500000000000001,114.58145429809987,68.748872578859917
-0.016500000000000001,-0.012500000000000001,167.56028568453067,100.5361714107184
-0.016,-0.012500000000000001,239.88839311787552,143.93303587072532
-0.0155,-0.012500000000000001,336.64729540608045,201.98837724364827
-0.015000000000000001,-0.012500000000000001,463.72441013991624,278.23464608394971
-0.014500000000000001,-0.012500000000000001,627.87908772740923,376.72745263644555
-0.014,-0.012500000000000001,836.80216081525896,502.08129648915536
-0.0135,-0.012500000000000001,1099.1193008129583,659.47158048777499
-0.012999999999999999,-0.012500000000000001,1424.2510052690602,854.55060316143613
-0.012500000000000001,-0.012500000000000001,1822.0126222707752,1093.2075733624652
-0.012,-0.012500000000000001,2301.8353923025388,1381.1012353815233
-0.0115,-0.012500000000000001,2871.5327818485334,1722.9196691091199
-0.010999999999999999,-0.012500000000000001,3535.6355250307824,2121.3813150184692
-0.010499999999999999,-0.012500000000000001,4293.4665644359566,2576.079938661574
-0.010000000000000002,-0.012500000000000001,5137.2936682520276,3082.3762009512166
-0.0095000000000000015,-0.012500000000000001,6051.0325469194586,3630.6195281516752
-0.0090000000000000011,-0.012500000000000001,7010.0173573228367,4206.0104143937015
-0.0085000000000000006,-0.012500000000000001,7982.2593915995994,4789.3556349597593
-0.0080000000000000002,-0.012500000000000001,8931.3614583701401,5358.8168750220839
-0.0074999999999999997,-0.012500000000000001,9820.8762878280922,5892.5257726968548
-0.0069999999999999993,-0.012500000000000001,10619.474423400497,6371.6846540402985
-0.0064999999999999988,-0.012500000000000001,11305.93797565907,6783.562785395442
-0.0059999999999999984,-0.012500000000000001,11872.842163405916,7123.7052980435492
-0.0054999999999999979,-0.012500000000000001,12327.911377035864,7396.7468262215179
-0.005000000000000001,-0.012500000000000001,12692.454657678411,7615.4727946070461
-0.0044999999999999971,-0.012500000000000001,12996.924529049023,7798.1547174294137
-0.0040000000000000001,-0.012500000000000001,13274.354337485058,7964.6126024910345
-0.0035000000000000031,-0.012500000000000001,13553.023909890344,8131.8143459342064
-0.0029999999999999992,-0.012500000000000001,13850.005436180532,8310.0032617083198
-0.0025000000000000022,-0.012500000000000001,14167.141498878707,8500.2848993272237
-0.0019999999999999983,-0.012500000000000001,14490.499822965165,8694.2998937790981
-0.0015000000000000013,-0.012500000000000001,14793.5426702818,8876.1256021690806
-0.00099999999999999742,-0.012500000000000001,15043.34040075007,9026.0042404500418
-0.00050000000000000044,-0.012500000000000001,15208.384343065572,9125.0306058393435
0,-0.012500000000000001,15266.123194081274,9159.6739164487644
0.00050000000000000044,-0.012500000000000001,15208.383364765896,9125.0300188595374
0.0010000000000000009,-0.012500000000000001,15043.338091268,9026.0028547607999
0.0015000000000000013,-0.012500000000000001,14793.538243045714,8876.1229458274283
0.0020000000000000018,-0.012500000000000001,14490.491891278312,8694.2951347669878
0.0024999999999999988,-0.012500000000000001,14167.127816639342,8500.2766899836042
0.0030000000000000027,-0.012500000000000001,13849.982541023397,8309.9895246140386
0.0034999999999999996,-0.012500000000000001,13552.98667360835,8131.7920041650095
0.0040000000000000036,-0.012500000000000001,13274.295446851031,7964.5772681106182
0.0045000000000000005,-0.012500000000000001,12996.833947115503,7798.1003682693017
0.0049999999999999975,-0.012500000000000001,12692.319148810197,7615.3914892861176
0.0055000000000000014,-0.012500000000000001,12327.714212560844,7396.6285275365062
0.0059999999999999984,-0.012500000000000001,11872.563149725165,7123.5378898350991
0.0064999999999999988,-0.012500000000000001,11305.553951546837,6783.3323709281021
0.0069999999999999993,-0.012500000000000001,10618.960346929116,6371.3762081574696
0.0074999999999999997,-0.012500000000000001,9820.2069687287149,5892.1241812372291
0.0080000000000000002,-0.012500000000000001,8930.5138895508389,5358.3083337305034
0.0085000000000000006,-0.012500000000000001,7981.2155058028138,4788.7293034816885
0.0090000000000000011,-0.012500000000000001,7008.7669046186656,4205.2601427711988
0.0095000000000000015,-0.012500000000000001,6049.575686930898,3629.7454121585388
0.010000000000000002,-0.012500000000000001,5135.6428296096437,3081.3856977657861
0.010500000000000002,-0.012500000000000001,4291.6471664869287,2574.9882998921571
0.011000000000000003,-0.012500000000000001,3533.6852896106311,2120.2111737663786
0.011500000000000003,-0.012500000000000001,2869.4995699468641,1721.6997419681184
0.012000000000000004,-0.012500000000000001,2299.7737443310853,1379.8642465986511
0.012499999999999997,-0.012500000000000001,1819.9794103691127,1091.9876462214675
0.013000000000000005,-0.012500000000000001,1422.3007698489102,853.38046190934608
0.013499999999999998,-0.012500000000000001,1097.2999028639333,658.37994171835999
0.014000000000000005,-0.012500000000000001,835.15132217286737,501.09079330372037
0.014499999999999999,-0.012500000000000001,626.42222773883464,375.85333664330079
0.014999999999999999,-0.012500000000000001,462.47395743569666,277.48437446141799
0.0155,-0.012500000000000001,335.6034096091438,201.36204576548627
0.016000000000000007,-0.012500000000000001,239.04082429811095,143.42449457886656
0.016500000000000001,-0.012500000000000001,166.8909665837742,100.13457995026452
0.017000000000000001,-0.012500000000000001,114.06737782269688,68.440426693618122
0.017500000000000002,-0.012500000000000001,76.23756447859509,45.742538687157051
0.017999999999999995,-0.012500000000000001,49.777187481387998,29.866312488832797
0.018500000000000003,-0.012500000000000001,31.723695733054509,19.034217439832705
0.019000000000000003,-0.012500000000000001,19.720904385499008,11.832542631299404
0.019500000000000003,-0.012500000000000001,11.951159972040438,7.1706959832242623
0.019999999999999997,-0.012500000000000001,7.0571600434011037,4.2342960260406617
0.020499999999999997,-0.012500000000000001,4.0590270887163813,2.4354162532298287
0.021000000000000005,-0.012500000000000001,2.2732844608156735,1.363970676489404
0.021500000000000005,-0.012500000000000001,1.2394237567042796,0.7436542540225678
0.021999999999999999,-0.012500000000000001,0.65771233561988585,0.39462740137193147
0.022499999999999999,-0.012500000000000001,0.33965314102500971,0.20379188461500583
0.023000000000000007,-0.012500000000000001,0.17067347661519275,0.10240408596911564
0.023500000000000007,-0.012500000000000001,0.083442166298091938,0.050065299778855162
0.024,-0.012500000000000001,0.039688203939433946,0.023812922363660366
0.024500000000000001,-0.012500000000000001,0.018364023862880587,0.011018414317728351
0.025000000000000001,-0.012500000000000001,0.0082657922099148521,0.0049594753259489107
-0.025000000000000001,-0.012,0.0120321086895497,0.0072192652137298193
-0.024500000000000001,-0.012,0.026663060388142493,0.015997836232885494
-0.024,-0.012,0.057485684636396459,0.034491410781837872
-0.0235,-0.012,0.12058675043956915,0.072352050263741488
-0.023,-0.012,0.2461179273312501,0.14767075639875005
-0.022500000000000003,-0.012,0.48877647838449528,0.29326588703069717
-0.022000000000000002,-0.012,0.94455620572237564,0.56673372343342532
-0.021500000000000002,-0.012,1.7763645187604409,1.0658187112562645
-0.021000000000000001,-0.012,3.2514043047599448,1.9508425828559668
-0.020500000000000001,-0.012,5.7930409674459424,3.4758245804675654
-0.02,-0.012,10.048907453914586,6.0293444723487513
-0.0195,-0.012,16.974990131956368,10.184994079173821
-0.019,-0.012,27.932343358940283,16.759406015364171
-0.018500000000000003,-0.012,44.789251387178929,26.873550832307355
-0.018000000000000002,-0.012,70.017972182387197,42.01078330943232
-0.017500000000000002,-0.012,106.77303874935792,64.063823249614757
-0.017000000000000001,-0.012,158.93903158581293,95.363418951487759
-0.016500000000000001,-0.012,231.14089129827707,138.68453477896622
-0.016,-0.012,328.71899901265868,197.23139940759521
-0.0155,-0.012,457.68204754679175,274.60922852807505
-0.015000000000000001,-0.012,624.65838033760008,374.79502820256005
-0.014500000000000001,-0.012,836.86462758993969,502.11877655396381
-0.014,-0.012,1102.093385477745,661.25603128664693
-0.0135,-0.012,1428.6875691680179,857.21254150081074
-0.012999999999999999,-0.012,1825.4234516167712,1095.2540709700627
-0.012500000000000001,-0.012,2301.1818976579602,1380.7091385947761
-0.012,-0.012,2864.269993683311,1718.5619962099865
-0.0115,-0.012,3521.2866433372237,2112.771986002334
-0.010999999999999999,-0.012,4275.5208815938286,2565.3125289562972
-0.010499999999999999,-0.012,5125.0267965461599,3075.0160779276957
-0.010000000000000002,-0.012,6060.7041958437403,3636.4225175062443
-0.0095000000000000015,-0.012,7064.8749612111078,4238.9249767266647
-0.0090000000000000011,-0.012,8110.9142830127221,4866.5485698076327
-0.0085000000000000006,-0.012,9164.415562959688,5498.6493377758125
-0.0080000000000000002,-0.012,10186.113632290608,6111.6681793743646
-0.0074999999999999997,-0.012,11136.392085486237,6681.8352512917418
-0.0069999999999999993,-0.012,11980.743093001671,7188.4458558010019
-0.0064999999999999988,-0.012,12695.15888385277,7617.0953303116612
-0.0059999999999999984,-0.012,13270.246020694462,7962.1476124166766
-0.0054999999999999979,-0.012,13712.961848217761,8227.7771089306571
-0.005000000000000001,-0.012,14045.2967132785,8427.1780279671002
-0.0044999999999999971,-0.012,14299.891828463251,8579.9350970779506
-0.0040000000000000001,-0.012,14513.334364879283,8708.00061892757
-0.0035000000000000031,-0.012,14718.508146435739,8831.1048878614438
-0.0029999999999999992,-0.012,14937.712709710186,8962.6276258261114
-0.0025000000000000022,-0.012,15178.178218738905,9106.9069312433421
-0.0019999999999999983,-0.012,15431.091522915918,9258.6549137495513
-0.0015000000000000013,-0.012,15674.42137647108,9404.6528258826474
-0.00099999999999999742,-0.012,15878.893807572438,9527.3362845434622
-0.00050000000000000044,-0.012,16015.666597309468,9609.3999583856803
0,-0.012,16063.801760036988,9638.2810560221915
0.00050000000000000044,-0.012,16015.664665192418,9609.3987991154499
0.0010000000000000009,-0.012,15878.889246403925,9527.3335478423542
0.0015000000000000013,-0.012,15674.4126327921,9404.6475796752602
0.0020000000000000018,-0.012,15431.075858035572,9258.6455148213427
0.0024999999999999988,-0.012,15178.15119666321,9106.8907179979251
0.0030000000000000027,-0.012,14937.667492355571,8962.6004954133423
0.0034999999999999996,-0.012,14718.434605723278,8831.0607634339667
0.0040000000000000036,-0.012,14513.218057370801,8707.930834422481
0.0045000000000000005,-0.012,14299.712931442102,8579.82775886526
0.0049999999999999975,-0.012,14045.029086700868,8427.0174520205201
0.0055000000000000014,-0.012,13712.572453380553,8227.543472028332
0.0059999999999999984,-0.012,13269.69497575198,7961.8169854511871
0.0064999999999999988,-0.012,12694.40044597164,7616.6402675829831
0.0069999999999999993,-0.012,11979.72780500991,7187.8366830059458
0.0074999999999999997,-0.012,11135.070197241821,6681.0421183450926
0.0080000000000000002,-0.012,10184.439705370532,6110.6638232223195
0.0085000000000000006,-0.012,9162.3539149885346,5497.4123489931208
0.0090000000000000011,-0.012,8108.4446706389181,4865.0668023833505
0.0095000000000000015,-0.012,7061.9976996860241,4237.1986198116147
0.010000000000000002,-0.012,6057.4438313975015,3634.4662988385007
0.010500000000000002,-0.012,5121.4335317446994,3072.8601190468194
0.011000000000000003,-0.012,4271.6692161055098,2563.001529663306
0.011500000000000003,-0.012,3517.2711014025508,2110.3626608415302
0.012000000000000004,-0.012,2860.198291232075,1716.118974739245
0.012499999999999997,-0.012,2297.1663557232955,1378.2998134339773
0.013000000000000005,-0.012,1821.5717861284529,1092.9430716770717
0.013499999999999998,-0.012,1425.09430436656,855.05658261993597
0.014000000000000005,-0.012,1098.8330210314916,659.29981261889498
0.014499999999999999,-0.012,833.98736606482726,500.39241963889634
0.014999999999999999,-0.012,622.18876796370057,373.31326077822035
0.0155,-0.012,455.62039957533864,273.37223974520316
0.016000000000000007,-0.012,327.04507209166678,196.22704325500007
0.016500000000000001,-0.012,229.81900305113476,137.89140183068085
0.017000000000000001,-0.012,157.92374358611386,94.754246151668312
0.017500000000000002,-0.012,106.01460084572741,63.608760507436443
0.017999999999999995,-0.012,69.466927177894519,41.680156306736713
0.018500000000000003,-0.012,44.399856383731844,26.639913830239106
0.019000000000000003,-0.012,27.664716347856224,16.598829808713734
0.019500000000000003,-0.012,16.796092011622108,10.077655206973263
0.019999999999999997,-0.012,9.9325972343494087,5.9595583406096448
0.020499999999999997,-0.012,5.7194937514279403,3.4316962508567639
0.021000000000000005,-0.012,3.2061717763244091,1.9237030657946455
0.021500000000000005,-0.012,1.7493080100320082,1.0495848060192048
0.021999999999999999,-0.012,0.92881532921420984,0.5572891975285259
0.022499999999999999,-0.012,0.47986966543653592,0.28792179926192152
0.023000000000000007,-0.012,0.24121616763936127,0.14472970058361675
0.023500000000000007,-0.012,0.11796302754463202,0.070777816526779211
0.024,-0.012,0.05611978063206792,0.033671868379240751
0.024500000000000001,-0.012,0.025971454541828743,0.015582872725097245
0.025000000000000001,-0.012,0.011691517509092612,0.0070149105054555672
-0.025000000000000001,-0.0115,0.016739898678098046,0.010043939206858827
-0.024500000000000001,-0.0115,0.037057333254228157,0.022234399952536895
-0.024,-0.0115,0.079817227407924324,0.047890336444754593
-0.0235,-0.0115,0.16727194001682716,0.10036316401009629
-0.023,-0.0115,0.34108333544180292,0.20465000126508173
-0.022500000000000003,-0.0115,0.67673842143481067,0.40604305286088638
-0.022000000000000002,-0.0115,1.3065384470232833,0.78392306821396995
-0.021500000000000002,-0.0115,2.4546537421926491,1.4727922453155895
-0.021000000000000001,-0.0115,4.4880736943753883,2.6928442166252329
-0.020500000000000001,-0.0115,7.9868962120427485,4.7921377272256489
-0.02,-0.0115,13.835837774713163,8.3015026648278969
-0.0195,-0.0115,23.335716576726384,14.001429946035829
-0.019,-0.0115,38.328871358494432,22.997322815096659
-0.018500000000000003,-0.0115,61.32649256246863,36.795895537481179
-0.018000000000000002,-0.0115,95.619904774822729,57.371942864893633
-0.017500000000000002,-0.0115,145.35398197676574,87.21238918605944
-0.017000000000000001,-0.0115,215.54154948729837,129.32492969237902
-0.016500000000000001,-0.0115,312.00485402831038,187.20291241698621
-0.016,-0.0115,441.244350899023,264.74661053941378
-0.0155,-0.0115,610.25369149254584,366.15221489552749
-0.015000000000000001,-0.0115,826.31697961981445,495.79018777188867
-0.014500000000000001,-0.0115,1096.8315069736886,658.09890418421321
-0.014,-0.0115,1429.1875624320596,857.51253745923577
-0.0135,-0.0115,1830.7018226467037,1098.4210935880221
-0.012999999999999999,-0.0115,2308.5460489072443,1385.1276293443466
-0.012500000000000001,-0.0115,2869.5534251227523,1721.7320550736513
-0.012,-0.0115,3519.7461656393034,2111.847699383582
-0.0115,-0.0115,4263.4390607072346,2558.0634364243406
-0.010999999999999999,-0.0115,5101.8560643213932,3061.1136385928357
-0.010499999999999999,-0.0115,6031.3523392875622,3618.8114035725371
-0.010000000000000002,-0.0115,7041.5345097700474,4224.9207058620286
-0.0095000000000000015,-0.0115,8113.7600485399435,4868.2560291239661
-0.0090000000000000011,-0.0115,9220.5986074117591,5532.3591644470553
-0.0085000000000000006,-0.0115,10326.786096156997,6196.0716576941977
-0.0080000000000000002,-0.0115,11391.963419710462,6835.1780518262776
-0.0074999999999999997,-0.0115,12375.089766715231,7425.0538600291384
-0.0069999999999999993,-0.0115,13239.94166431807,7943.9649985908418
-0.0064999999999999988,-0.0115,13960.686450887297,8376.4118705323781
-0.0059999999999999984,-0.0115,14526.29469955708,8715.7768197342484
-0.0054999999999999979,-0.0115,14942.635504162532,8965.5813024975196
-0.005000000000000001,-0.0115,15231.508055306087,9138.9048331836511
-0.0044999999999999971,-0.0115,15426.53095774645,9255.9185746478706
-0.0040000000000000001,-0.0115,15566.578153131759,9339.9468918790553
-0.0035000000000000031,-0.0115,15688.111081922287,9412.8666491533713
-0.0029999999999999992,-0.0115,15818.116955762409,9490.8701734574443
-0.0025000000000000022,-0.0115,15969.300373468894,9581.5802240813355
-0.0019999999999999983,-0.0115,16138.680058020513,9683.2080348123072
-0.0015000000000000013,-0.0115,16309.925585992611,9785.9553515955668
-0.00099999999999999742,-0.0115,16458.836637835131,9875.3019827010776
-0.00050000000000000044,-0.0115,16560.565105714428,9936.339063428657
0,-0.0115,16596.725696330817,9958.03541779849
0.00050000000000000044,-0.0115,16560.56139437035,9936.3368366222094
0.0010000000000000009,-0.0115,16458.827876427145,9875.2967258562876
0.0015000000000000013,-0.0115,16309.908790529205,9785.9452743175225
0.0020000000000000018,-0.0115,16138.649967834765,9683.1899807008576
0.0024999999999999988,-0.0115,15969.248467596693,9581.5490805580157
0.0030000000000000027,-0.0115,15818.030099139858,9490.8180594839141
0.0034999999999999996,-0.0115,15687.96981983478,9412.7818919008678
0.0040000000000000036,-0.0115,15566.354741624154,9339.8128449744927
0.0045000000000000005,-0.0115,15426.187319973425,9255.7123919840542
0.0049999999999999975,-0.0115,15230.993979663283,9138.5963877979684
0.0055000000000000014,-0.0115,14941.88752762369,8965.1325165742146
0.0059999999999999984,-0.0115,14525.236214314235,8715.14172858854
0.0064999999999999988,-0.0115,13959.229590941939,8375.5377545651627
0.0069999999999999993,-0.0115,13237.99142891317,7942.7948573479016
0.0074999999999999997,-0.0115,12372.550592336633,7423.5303554019793
0.0080000000000000002,-0.0115,11388.748025092144,6833.2488150552863
0.0085000000000000006,-0.0115,10322.825940124012,6193.6955640744072
0.0090000000000000011,-0.0115,9215.8548051341186,5529.5128830804706
0.0095000000000000015,-0.0115,8108.2332055742936,4864.9399233445756
0.010000000000000002,-0.0115,7035.2717762131297,4221.1630657278774
0.010500000000000002,-0.0115,6024.4501477006879,3614.6700886204126
0.011000000000000003,-0.0115,5094.457518820901,3056.6745112925405
0.011500000000000003,-0.0115,4255.7257299927878,2553.4354379956726
0.012000000000000004,-0.0115,3511.9249579198613,2107.1549747519166
0.012499999999999997,-0.0115,2861.8400944083146,1717.1040566449888
0.013000000000000005,-0.0115,2301.1475034067494,1380.6885020440495
0.013499999999999998,-0.0115,1823.7996310598301,1094.2797786358981
0.014000000000000005,-0.0115,1422.9248288751187,853.75489732507117
0.014499999999999999,-0.0115,1091.3046640079797,654.78279840478774
0.014999999999999999,-0.0115,821.57317734199353,492.94390640519612
0.0155,-0.0115,606.29353545898982,363.7761212753939
0.016000000000000007,-0.0115,438.02895627894907,262.81737376736942
0.016500000000000001,-0.0115,309.46567964447166,185.67940778668299
0.017000000000000001,-0.0115,213.59131406714963,128.15478844028976
0.017500000000000002,-0.0115,143.89712198818918,86.338273192913505
0.017999999999999995,-0.0115,94.561419412860161,56.736851647716094
0.018500000000000003,-0.0115,60.578515704299804,36.347109422579884
0.019000000000000003,-0.0115,37.814794883091096,22.688876929854658
0.019500000000000003,-0.0115,22.992076692302266,13.795246015381359
0.019999999999999997,-0.0115,13.612421059467337,8.1674526356804016
0.020499999999999997,-0.0115,7.84562163204758,4.7073729792285475
0.021000000000000005,-0.0115,4.4011879248952051,2.6407127549371228
0.021500000000000005,-0.0115,2.4026817286522753,1.441609037191365
0.021999999999999999,-0.0115,1.2763022825856944,0.76578136955141662
0.022499999999999999,-0.0115,0.65962959901506746,0.39577775940904047
0.023000000000000007,-0.0115,0.33166769635712023,0.19900061781427214
0.023500000000000007,-0.0115,0.16223211158994083,0.097339266953964498
0.024,-0.0115,0.077193504512988384,0.04631610270779303
0.024500000000000001,-0.0115,0.035728848904307116,0.021437309342584268
0.025000000000000001,-0.0115,0.016085667579026193,0.0096514005474157161
-0.025000000000000001,-0.010999999999999999,0.022749056441557499,0.0136494338649345
-0.024500000000000001,-0.010999999999999999,0.050292473005220974,0.030175483803132584
-0.024,-0.010999999999999999,0.10818739627726429,0.064912437766358563
-0.0235,-0.010999999999999999,0.2264547827354714,0.13587286964128284
-0.023,-0.010999999999999999,0.46123060947013977,0.27673836568208388
-0.022500000000000003,-0.010999999999999999,0.91409521644156222,0.54845712986493733
-0.022000000000000002,-0.010999999999999999,1.7628341978462121,1.0577005187077273
-0.021500000000000002,-0.010999999999999999,3.3082208226405383,1.9849324935843229
-0.021000000000000001,-0.010999999999999999,6.0417738268065904,3.6250642960839539
-0.020500000000000001,-0.010999999999999999,10.738776886907676,6.443266132144605
-0.02,-0.010999999999999999,18.578503596034587,11.147102157620752
-0.0195,-0.010999999999999999,31.289016834706022,18.773410100823611
-0.019,-0.010999999999999999,51.306938731367794,30.784163238820675
-0.018500000000000003,-0.010999999999999999,81.933824251656134,49.160294550993676
-0.018000000000000002,-0.010999999999999999,127.46192241816384,76.4771534508983
-0.017500000000000002,-0.010999999999999999,193.2360356270249,115.94162137621494
-0.017000000000000001,-0.010999999999999999,285.61846860217429,171.37108116130457
-0.016500000000000001,-0.010999999999999999,411.83390932529795,247.10034559517877
-0.016,-0.010999999999999999,579.69172625762735,347.8150357545764
-0.0155,-0.010999999999999999,797.21210170888969,478.32726102533377
-0.015000000000000001,-0.010999999999999999,1072.2124156084503,643.32744936507015
-0.014500000000000001,-0.010999999999999999,1411.9300050003717,847.15800300022295
-0.014,-0.010999999999999999,1822.7543280013276,1093.6525968007966
-0.0135,-0.010999999999999999,2310.1070046141731,1386.0642027685037
-0.012999999999999999,-0.010999999999999999,2878.4432457517305,1727.0659474510383
-0.012500000000000001,-0.010999999999999999,3531.2677526292819,2118.7606515775692
-0.012,-0.010999999999999999,4270.9907989248131,2562.5944793548879
-0.0115,-0.010999999999999999,5098.4313721289382,3059.058823277363
-0.010999999999999999,-0.010999999999999999,6011.8337649858713,3607.1002589915229
-0.010499999999999999,-0.010999999999999999,7005.410894494109,4203.2465366964652
-0.010000000000000002,-0.010999999999999999,8067.6383808391838,4840.5830285035099
-0.0095000000000000015,-0.010999999999999999,9179.7401520473941,5507.8440912284359
-0.0090000000000000011,-0.010999999999999999,10314.94884375292,6188.9693062517517
-0.0085000000000000006,-0.010999999999999999,11439.115007378412,6863.4690044270474
-0.0080000000000000002,-0.010999999999999999,12513.034186556473,7507.8205119338836
-0.0074999999999999997,-0.010999999999999999,13496.475393075621,8097.8852358453723
-0.0069999999999999993,-0.010999999999999999,14353.410985454846,8612.0465912729069
-0.0064999999999999988,-0.010999999999999999,15057.500920576309,9034.5005523457858
-0.0059999999999999984,-0.010999999999999999,15596.622483070209,9357.9734898421248
-0.0054999999999999979,-0.010999999999999999,15975.273668485472,9585.1642010912819
-0.005000000000000001,-0.010999999999999999,16214.049610783701,9728.4297664702208
-0.0044999999999999971,-0.010999999999999999,16346.03172362529,9807.6190341751735
-0.0040000000000000001,-0.010999999999999999,16410.683258190005,9846.4099549140028
-0.0035000000000000031,-0.010999999999999999,16446.508052069734,9867.9048312418399
-0.0029999999999999992,-0.010999999999999999,16484.106933707168,9890.4641602243009
-0.0025000000000000022,-0.010999999999999999,16541.234244741852,9924.7405468451107
-0.0019999999999999983,-0.010999999999999999,16621.001814764444,9972.6010888586661
-0.0015000000000000013,-0.010999999999999999,16713.605474595359,10028.163284757215
-0.00099999999999999742,-0.010999999999999999,16801.05858544997,10080.635151269982
-0.00050000000000000044,-0.010999999999999999,16863.645383542931,10118.187230125759
0,-0.010999999999999999,16886.364013230952,10131.81840793857
0.00050000000000000044,-0.010999999999999999,16863.63844983936,10118.183069903616
0.0010000000000000009,-0.010999999999999999,16801.042216984915,10080.625330190949
0.0015000000000000013,-0.010999999999999999,16713.574096538741,10028.144457923245
0.0020000000000000018,-0.010999999999999999,16620.945598896564,9972.5673593379379
0.0024999999999999988,-0.010999999999999999,16541.137271805947,9924.6823630835679
0.0030000000000000027,-0.010999999999999999,16483.94466417321,9890.3667985039265
0.0034999999999999996,-0.010999999999999999,16446.24413974581,9867.7464838474862
0.0040000000000000036,-0.010999999999999999,16410.265870544081,9846.1595223264485
0.0045000000000000005,-0.010999999999999999,16345.389723745011,9807.2338342470066
0.0049999999999999975,-0.010999999999999999,16213.08919104222,9727.8535146253307
0.0055000000000000014,-0.010999999999999999,15973.876264340532,9584.3257586043183
0.0059999999999999984,-0.010999999999999999,15594.644972294263,9356.7869833765581
0.0064999999999999988,-0.010999999999999999,15054.77914787285,9032.8674887237103
0.0069999999999999993,-0.010999999999999999,14349.767466043604,8609.8604796261625
0.0074999999999999997,-0.010999999999999999,13491.731590807583,8095.0389544845493
0.0080000000000000002,-0.010999999999999999,12507.027038559245,7504.2162231355469
0.0085000000000000006,-0.010999999999999999,11431.716461878985,6859.029877127391
0.0090000000000000011,-0.010999999999999999,10306.086254324864,6183.6517525949184
0.0095000000000000015,-0.010999999999999999,9169.4146500194529,5501.6487900116717
0.010000000000000002,-0.010999999999999999,8055.9380541889959,4833.5628325133976
0.010500000000000002,-0.010999999999999999,6992.5159029645101,4195.5095417787061
0.011000000000000003,-0.010999999999999999,5998.0114622636993,3598.8068773582195
0.011500000000000003,-0.010999999999999999,5084.0209732033372,3050.4125839220023
0.012000000000000004,-0.010999999999999999,4256.3788592207275,2553.8273155324364
0.012499999999999997,-0.010999999999999999,3516.8573537036891,2110.1144122222136
0.013000000000000005,-0.010999999999999999,2864.6209430295535,1718.7725658177321
0.013499999999999998,-0.010999999999999999,2297.2120130845701,1378.3272078507421
0.014000000000000005,-0.010999999999999999,1811.0540013510986,1086.6324008106592
0.014499999999999999,-0.010999999999999999,1401.6045029723221,840.96270178339319
0.014999999999999999,-0.010999999999999999,1063.3498261800523,638.00989570803142
0.0155,-0.010999999999999999,789.81355620839724,473.8881337250383
0.016000000000000007,-0.010999999999999999,573.68457825712528,344.21074695427518
0.016500000000000001,-0.010999999999999999,407.09010704747527,244.25406422848516
0.017000000000000001,-0.010999999999999999,281.97494916243971,169.18496949746381
0.017500000000000002,-0.010999999999999999,190.51426284282201,114.3085577056932
0.017999999999999995,-0.010999999999999999,125.48441141967564,75.290646851805377
0.018500000000000003,-0.010999999999999999,80.536419510129278,48.321851706077567
0.019000000000000003,-0.010999999999999999,50.346517434384545,30.207910460630725
0.019500000000000003,-0.010999999999999999,30.647013009818199,18.388207805890918
0.019999999999999997,-0.010999999999999999,18.161106220953748,10.896663732572248
0.020499999999999997,-0.010999999999999999,10.474841223943763,6.2849047343662576
0.021000000000000005,-0.010999999999999999,5.8794498392168624,3.5276699035301173
0.021500000000000005,-0.010999999999999999,3.2111243184441358,1.9266745910664813
0.021999999999999999,-0.010999999999999999,1.7063456058674311,1.0238073635204585
0.022499999999999999,-0.010999999999999999,0.88213172811945217,0.52927903687167133
0.023000000000000007,-0.010999999999999999,0.44363987981354258,0.26618392788812556
0.023500000000000007,-0.010999999999999999,0.21703914365079055,0.13022348619047433
0.024,-0.010999999999999999,0.10328563658537816,0.061971381951226895
0.024500000000000001,-0.010999999999999999,0.047810537488969039,0.028686322493381423
0.025000000000000001,-0.010999999999999999,0.021526791835490156,0.012916075101294094
-0.025000000000000001,-0.010499999999999999,0.030241951094514528,0.018145170656708717
-0.024500000000000001,-0.010499999999999999,0.066739911019732631,0.040043946611839576
-0.024,-0.010499999999999999,0.14333212049075836,0.085999272294455018
-0.0235,-0.010499999999999999,0.29955375697808645,0.17973225418685188
-0.023,-0.010499999999999999,0.60921945712826164,0.36553167427695699
-0.022500000000000003,-0.010499999999999999,1.2056981800667792,0.72341890804006748
-0.022000000000000002,-0.010499999999999999,2.3220510592204375,1.3932306355322626
-0.021500000000000002,-0.010499999999999999,4.3519207615061708,2.6111524569037026
-0.021000000000000001,-0.010499999999999999,7.9374384168087291,4.7624630500852376
-0.020500000000000001,-0.010499999999999999,14.089379635589417,8.4536277813536493
-0.02,-0.010499999999999999,24.341483715584562,14.604890229350737
-0.0195,-0.010499999999999999,40.934486349549104,24.560691809729462
-0.019,-0.010499999999999999,67.015757218476637,40.209454331085979
-0.018500000000000003,-0.010499999999999999,106.82826005053181,64.096956030319078
-0.018000000000000002,-0.010499999999999999,165.85012857583484,99.510077145500901
-0.017500000000000002,-0.010499999999999999,250.83735072384329,150.50241043430597
-0.017000000000000001,-0.010499999999999999,369.72184111827625,221.83310467096575
-0.016500000000000001,-0.010499999999999999,531.33025221807134,318.79815133084281
-0.016,-0.010499999999999999,744.91752564869603,446.95051538921763
-0.0155,-0.010499999999999999,1019.5509781340519,611.73058688043113
-0.015000000000000001,-0.010499999999999999,1363.4269125472285,818.05614752833708
-0.014500000000000001,-0.010499999999999999,1783.2377315236802,1069.9426389142081
-0.014,-0.010499999999999999,2283.7161271425825,1370.2296762855494
-0.0135,-0.010499999999999999,2867.4504885905403,1720.4702931543241
-0.012999999999999999,-0.010499999999999999,3534.9895342235632,2120.993720534138
-0.012500000000000001,-0.010499999999999999,4285.1484528629771,2571.0890717177863
-0.012,-0.010499999999999999,5115.3252673721217,3069.1951604232731
-0.0115,-0.010499999999999999,6021.5774081469981,3612.9464448881986
-0.010999999999999999,-0.010499999999999999,6998.2342447267756,4198.9405468360656
-0.010499999999999999,-0.010499999999999999,8036.9504328505418,4822.1702597103249
-0.010000000000000002,-0.010499999999999999,9125.3207342221795,5475.1924405333075
-0.0095000000000000015,-0.010499999999999999,10245.422996279945,6147.2537977679667
-0.0090000000000000011,-0.010499999999999999,11372.847125653745,6823.7082753922468
-0.0085000000000000006,-0.010499999999999999,12476.816385775792,7486.0898314654751
-0.0080000000000000002,-0.010499999999999999,13521.856335991883,8113.1138015951292
-0.0074999999999999997,-0.010499999999999999,14471.119120499912,8682.6714722999477
-0.0069999999999999993,-0.010499999999999999,15291.000727585411,9174.6004365512472
-0.0064999999999999988,-0.010499999999999999,15956.227832989722,9573.7366997938334
-0.0059999999999999984,-0.010499999999999999,16454.290353264252,9872.5742119585502
-0.0054999999999999979,-0.010499999999999999,16788.076968884096,10072.846181330457
-0.005000000000000001,-0.010499999999999999,16975.878951996747,10185.527371198048
-0.0044999999999999971,-0.010499999999999999,17048.508668535898,10229.105201121538
-0.0040000000000000001,-0.010499999999999999,17043.988402457184,10226.39304147431
-0.0035000000000000031,-0.010499999999999999,17000.906791014015,10200.544074608408
-0.0029999999999999992,-0.010499999999999999,16951.925543614569,10171.15532616874
-0.0025000000000000022,-0.010499999999999999,16918.925286581343,10151.355171948806
-0.0019999999999999983,-0.010499999999999999,16910.888551555043,10146.533130933025
-0.0015000000000000013,-0.010499999999999999,16924.925617479763,10154.955370487858
-0.00099999999999999742,-0.010499999999999999,16950.038311744116,10170.02298704647
-0.00050000000000000044,-0.010499999999999999,16972.507505242822,10183.504503145692
0,-0.010499999999999999,16981.376062406485,10188.825637443892
0.00050000000000000044,-0.010499999999999999,16972.49490625703,10183.496943754219
0.0010000000000000009,-0.010499999999999999,16950.008569189275,10170.005141513564
0.0015000000000000013,-0.010499999999999999,16924.868601530699,10154.921160918419
0.0020000000000000018,-0.010499999999999999,16910.78640370378,10146.471842222267
0.0024999999999999988,-0.010499999999999999,16918.74908051344,10151.249448308065
0.0030000000000000027,-0.010499999999999999,16951.630689424041,10170.978413654424
0.0034999999999999996,-0.010499999999999999,17000.427245330087,10200.256347198052
0.0040000000000000036,-0.010499999999999999,17043.229982232064,10225.937989339238
0.0045000000000000005,-0.010499999999999999,17047.342113419836,10228.405268051902
0.0049999999999999975,-0.010499999999999999,16974.133807492188,10184.480284495312
0.0055000000000000014,-0.010499999999999999,16785.537795584285,10071.32267735057
0.0059999999999999984,-0.010499999999999999,16450.697088867164,9870.4182533202984
0.0064999999999999988,-0.010499999999999999,15951.282196752858,9570.7693180517144
0.0069999999999999993,-0.010499999999999999,15284.380218236105,9170.6281309416627
0.0074999999999999997,-0.010499999999999999,14462.499326360781,8677.4995958164691
0.0080000000000000002,-0.010499999999999999,13510.94096132539,8106.5645767952337
0.0085000000000000006,-0.010499999999999999,12463.372752266081,7478.0236513596483
0.0090000000000000011,-0.010499999999999999,11356.743230066826,6814.0459380400953
0.0095000000000000015,-0.010499999999999999,10226.660894312987,6135.9965365877915
0.010000000000000002,-0.010499999999999999,9104.0604874018809,5462.436292441128
0.010500000000000002,-0.010499999999999999,8013.5194030287839,4808.1116418172705
0.011000000000000003,-0.010499999999999999,6973.118230765449,4183.8709384592694
0.011500000000000003,-0.010499999999999999,5995.3927855209067,3597.2356713125441
0.012000000000000004,-0.010499999999999999,5088.7744321758155,3053.2646593054892
0.012499999999999997,-0.010499999999999999,4258.9638302368949,2555.3782981421368
0.013000000000000005,-0.010499999999999999,3509.8735202622297,2105.9241121573377
0.013499999999999998,-0.010499999999999999,2844.0194587687697,1706.4116752612617
0.014000000000000005,-0.010499999999999999,2262.4558803222149,1357.4735281933288
0.014499999999999999,-0.010499999999999999,1764.4756295565292,1058.6853777339174
0.014999999999999999,-0.010499999999999999,1347.323016959692,808.39381017581525
0.0155,-0.010499999999999999,1006.1073446224078,603.66440677344463
0.016000000000000007,-0.010499999999999999,734.00215097625983,440.40129058575587
0.016500000000000001,-0.010499999999999999,522.71045806116501,313.626274836699
0.017000000000000001,-0.010499999999999999,363.10133171719451,217.86079903031671
0.017500000000000002,-0.010499999999999999,245.89171434026554,147.53502860415932
0.017999999999999995,-0.010499999999999999,162.25686377437461,97.354118264624759
0.018500000000000003,-0.010499999999999999,104.28908566669257,62.573451400015543
0.019000000000000003,-0.010499999999999999,65.270609887482962,39.162365932489777
0.019500000000000003,-0.010499999999999999,39.767924065882632,23.860754439529579
0.019999999999999997,-0.010499999999999999,23.583045811953991,14.149827487172393
0.020499999999999997,-0.010499999999999999,13.609791543132122,8.1658749258792724
0.021000000000000005,-0.010499999999999999,7.6424852805254444,4.5854911683152668
0.021500000000000005,-0.010499999999999999,4.1754901620604645,2.5052940972362787
0.021999999999999999,-0.010499999999999999,2.2194076507152114,1.3316445904291268
0.022499999999999999,-0.010499999999999999,1.1476184638945177,0.68857107833671061
0.023000000000000007,-0.010499999999999999,0.57725596880614027,0.34635358128368415
0.023500000000000007,-0.010499999999999999,0.28244493455833858,0.16946696073500314
0.024,-0.010499999999999999,0.13442530754279755,0.080655184525678533
0.024500000000000001,-0.010499999999999999,0.062230074393357621,0.037338044636014568
0.025000000000000001,-0.010499999999999999,0.02802101761277425,0.016812610567664549
-0.025000000000000001,-0.010000000000000002,0.0394020255034409,0.02364121530206454
-0.024500000000000001,-0.010000000000000002,0.086754798859919838,0.0520528793159519
-0.024,-0.010000000000000002,0.18591533663593435,0.11154920198156061
-0.0235,-0.010000000000000002,0.38776543931149837,0.23265926358689901
-0.023,-0.010000000000000002,0.78712438314559419,0.47227462988735647
-0.022500000000000003,-0.010000000000000002,1.5549966813242275,0.93299800879453643
-0.022000000000000002,-0.010000000000000002,2.9896657435815222,1.7937994461489133
-0.021500000000000002,-0.010000000000000002,5.5940017494614347,3.3564010496768608
-0.021000000000000001,-0.010000000000000002,10.186722274040918,6.1120333644245504
-0.020500000000000001,-0.010000000000000002,18.05385183333928,10.832311100003567
-0.02,-0.010000000000000002,31.142137746217443,18.685282647730464
-0.0195,-0.010000000000000002,52.287694511318698,31.372616706791217
-0.019,-0.010000000000000002,85.460326181131961,51.276195708679175
-0.018500000000000003,-0.010000000000000002,135.98780316725833,81.592681900355004
-0.018000000000000002,-0.010000000000000002,210.70776873535712,126.42466124121427
-0.017500000000000002,-0.010000000000000002,317.98297945855563,190.78978767513337
-0.017000000000000001,-0.010000000000000002,467.51483396569881,280.50890037941929
-0.016500000000000001,-0.010000000000000002,669.90705173251763,401.94423103951056
-0.016,-0.010000000000000002,935.9695184384135,561.58171106304803
-0.0155,-0.010000000000000002,1275.8094028357027,765.48564170142163
-0.015000000000000001,-0.010000000000000002,1697.8222504804799,1018.6933502882879
-0.014500000000000001,-0.010000000000000002,2207.7515002926525,1324.6509001755915
-0.014,-0.010000000000000002,2808.0081244560333,1684.8048746736199
-0.0135,-0.010000000000000002,3497.4132658240974,2098.4479594944582
-0.012999999999999999,-0.010000000000000002,4271.4384850434526,2562.8630910260713
-0.012500000000000001,-0.010000000000000002,5122.8831879671143,3073.7299127802685
-0.012,-0.010000000000000002,6042.7818645795614,3625.6691187477368
-0.0115,-0.010000000000000002,7021.2255652631638,4212.7353391578981
-0.010999999999999999,-0.010000000000000002,8047.7635541409345,4828.6581324845602
-0.010499999999999999,-0.010000000000000002,9111.1531777070632,5466.6919066242381
-0.010000000000000002,-0.010000000000000002,10198.441280859894,6119.0647685159356
-0.0095000000000000015,-0.010000000000000002,11293.636108187769,6776.1816649126613
-0.0090000000000000011,-0.010000000000000002,12376.4758056263,7425.8854833757796
-0.0085000000000000006,-0.010000000000000002,13421.920274186361,8053.1521645118164
-0.0080000000000000002,-0.010000000000000002,14400.915645921477,8640.5493875528864
-0.0074999999999999997,-0.010000000000000002,15282.692344556548,9169.6154067339285
-0.0069999999999999993,-0.010000000000000002,16038.419689966029,9623.0518139796168
-0.0064999999999999988,-0.010000000000000002,16645.576213296048,9987.3457279776285
-0.0059999999999999984,-0.010000000000000002,17092.055748698134,10255.23344921888
-0.0054999999999999979,-0.010000000000000002,17378.941833697136,10427.365100218281
-0.005000000000000001,-0.010000000000000002,17521.103805817431,10512.662283490457
-0.0044999999999999971,-0.010000000000000002,17545.258779276832,10527.155267566099
-0.0040000000000000001,-0.010000000000000002,17485.777016818516,10491.46621009111
-0.0035000000000000031,-0.010000000000000002,17379.104505850897,10427.462703510539
-0.0029999999999999992,-0.010000000000000002,17258.059273233848,10354.835563940309
-0.0025000000000000022,-0.010000000000000002,17147.308823585103,10288.385294151061
-0.0019999999999999983,-0.010000000000000002,17061.032113025976,10236.619267815586
-0.0015000000000000013,-0.010000000000000002,17003.190700444124,10201.914420266474
-0.00099999999999999742,-0.010000000000000002,16970.139716703001,10182.0838300218
-0.00050000000000000044,-0.010000000000000002,16954.692734870285,10172.81564092217
0,-0.010000000000000002,16950.386257864993,10170.231754718996
0.00050000000000000044,-0.010000000000000002,16954.67046887226,10172.802281323357
0.0010000000000000009,-0.010000000000000002,16970.087153133347,10182.052291880007
0.0015000000000000013,-0.010000000000000002,17003.089937015226,10201.853962209136
0.0020000000000000018,-0.010000000000000002,17060.851588665391,10236.510953199235
0.0024999999999999988,-0.010000000000000002,17146.997417252558,10288.198450351534
0.0030000000000000027,-0.010000000000000002,17257.538181859396,10354.522909115638
0.0034999999999999996,-0.010000000000000002,17378.257011979091,10426.954207187455
0.0040000000000000036,-0.010000000000000002,17484.436672166088,10490.662003299652
0.0045000000000000005,-0.010000000000000002,17543.197143972582,10525.918286383549
0.0049999999999999975,-0.010000000000000002,17518.019638192531,10510.811782915518
0.0055000000000000014,-0.010000000000000002,17374.454390929594,10424.672634557755
0.0059999999999999984,-0.010000000000000002,17085.705426594559,10251.423255956735
0.0064999999999999988,-0.010000000000000002,16636.83586478826,9982.1015188729561
0.0069999999999999993,-0.010000000000000002,16026.719363407296,9616.031618044377
0.0074999999999999997,-0.010000000000000002,15267.45871207064,9160.475227242383
0.0080000000000000002,-0.010000000000000002,14381.625068509598,8628.9750411057594
0.0085000000000000006,-0.010000000000000002,13398.161542961858,8038.8969257771141
0.0090000000000000011,-0.010000000000000002,12348.015633259898,7408.8093799559383
0.0095000000000000015,-0.010000000000000002,11260.478127682147,6756.2868766092879
0.010000000000000002,-0.010000000000000002,10160.868366542856,6096.5210199257135
0.010500000000000002,-0.010000000000000002,9069.7438712538496,5441.8463227523098
0.011000000000000003,-0.010000000000000002,8003.3764005706744,4802.0258403424041
0.011500000000000003,-0.010000000000000002,6974.9498756782896,4184.9699254069737
0.012000000000000004,-0.010000000000000002,5995.8589730294952,3597.5153838176971
0.012499999999999997,-0.010000000000000002,5076.6074983822455,3045.9644990293473
0.013000000000000005,-0.010000000000000002,4227.051331473177,2536.2307988839061
0.013499999999999998,-0.010000000000000002,3456.0039593708561,2073.6023756225136
0.014000000000000005,-0.010000000000000002,2770.4352101388808,1662.2611260833285
0.014499999999999999,-0.010000000000000002,2174.5935197866966,1304.756111872018
0.014999999999999999,-0.010000000000000002,1669.3620781129948,1001.6172468677969
0.0155,-0.010000000000000002,1252.0506716077869,751.23040296467207
0.016000000000000007,-0.010000000000000002,916.67894101604065,550.00736460962435
0.016500000000000001,-0.010000000000000002,654.67341921519994,392.80405152911993
0.017000000000000001,-0.010000000000000002,455.81450731547181,273.4887043892831
0.017500000000000002,-0.010000000000000002,309.24263069148725,185.54557841489233
0.017999999999999995,-0.010000000000000002,204.35744591714882,122.61446755028929
0.018500000000000003,-0.010000000000000002,131.50035848393009,78.900215090358046
0.019000000000000003,-0.010000000000000002,82.376153561112545,49.425692136667529
0.019500000000000003,-0.010000000000000002,50.226046539864704,30.135627923918822
0.019999999999999997,-0.010000000000000002,29.801761850830612,17.881057110498368
0.020499999999999997,-0.010000000000000002,17.206283013575479,10.323769808145288
0.021000000000000005,-0.010000000000000002,9.6654560342468212,5.7992736205480924
0.021500000000000005,-0.010000000000000002,5.2821986056923382,3.1693191634154028
0.021999999999999999,-0.010000000000000002,2.8082655921358128,1.6849593552814877
0.022499999999999999,-0.010000000000000002,1.4523532728189963,0.87141196369139773
0.023000000000000007,-0.010000000000000002,0.73063579116679223,0.43838147470007532
0.023500000000000007,-0.010000000000000002,0.35752927487389968,0.21451756492433979
0.024,-0.010000000000000002,0.17017446012776308,0.10210467607665784
0.024500000000000001,-0.010000000000000002,0.078784632446573244,0.047270779467943946
0.025000000000000001,-0.010000000000000002,0.035477003178037661,0.021286201906822597
-0.025000000000000001,-0.0095000000000000015,0.050434768373983266,0.030260861024389959
-0.024500000000000001,-0.0095000000000000015,0.11071522684267207,0.066429136105603234
-0.024,-0.0095000000000000015,0.23659917524788596,0.14195950514873157
-0.0235,-0.0095000000000000015,0.49218406399380749,0.29531043839628446
-0.023,-0.0095000000000000015,0.99662690330276849,0.59797614198166105
-0.022500000000000003,-0.0095000000000000015,1.9643255628320504,1.1785953376992302
-0.022000000000000002,-0.0095000000000000015,3.7684126476560134,2.2610475885936081
-0.021500000000000002,-0.0095000000000000015,7.0365489973158688,4.2219293983895207
-0.021000000000000001,-0.0095000000000000015,12.788334384708374,7.6730006308250243
-0.020500000000000001,-0.0095000000000000015,22.621607758787114,13.572964655272267
-0.02,-0.0095000000000000015,38.949064504424371,23.369438702654623
-0.0195,-0.0095000000000000015,65.275717144588185,39.165430286752908
-0.019,-0.0095000000000000015,106.49133572788375,63.894801436730248
-0.018500000000000003,-0.0095000000000000015,169.13135609521933,101.4788136571316
-0.018000000000000002,-0.0095000000000000015,261.53850669515316,156.9231040170919
-0.017500000000000002,-0.0095000000000000015,393.84196666986787,236.30518000192072
-0.017000000000000001,-0.0095000000000000015,577.66963767071104,346.60178260242662
-0.016500000000000001,-0.0095000000000000015,825.53047168092519,495.31828300855511
-0.016,-0.0095000000000000015,1149.8527845090166,689.91167070540996
-0.0155,-0.0095000000000000015,1561.7389434587458,937.04336607524738
-0.015000000000000001,-0.0095000000000000015,2069.5844779099407,1241.7506867459645
-0.014500000000000001,-0.0095000000000000015,2677.7879849844021,1606.6727909906413
-0.014,-0.0095000000000000015,3385.8184809591389,2031.4910885754832
-0.0135,-0.0095000000000000015,4187.8827490478552,2512.7296494287129
-0.012999999999999999,-0.0095000000000000015,5073.333960014872,3044.000376008923
-0.012500000000000001,-0.0095000000000000015,6027.7950571341817,3616.6770342805089
-0.012,-0.0095000000000000015,7034.7740496300103,4220.8644297780056
-0.0115,-0.0095000000000000015,8077.3825532141245,4846.4295319284747
-0.010999999999999999,-0.0095000000000000015,9139.6971927112718,5483.8183156267633
-0.010499999999999999,-0.0095000000000000015,10207.370486029064,6124.4222916174376
-0.010000000000000002,-0.0095000000000000015,11267.307510966722,6760.3845065800333
-0.0095000000000000015,-0.0095000000000000015,12306.529643010466,7383.9177858062794
-0.0090000000000000011,-0.0095000000000000015,13310.655851543044,7986.3935109258264
-0.0085000000000000006,-0.0095000000000000015,14262.637111871434,8557.5822671228598
-0.0080000000000000002,-0.0095000000000000015,15142.392756880716,9085.4356541284287
-0.0074999999999999997,-0.0095000000000000015,15927.78782257591,9556.6726935455463
-0.0069999999999999993,-0.0095000000000000015,16597.00174746009,9958.201048476054
-0.0064999999999999988,-0.0095000000000000015,17131.883070899508,10279.129842539705
-0.0059999999999999984,-0.0095000000000000015,17521.508007706827,10512.904804624095
-0.0054999999999999979,-0.0095000000000000015,17764.99396147126,10658.996376882757
-0.005000000000000001,-0.0095000000000000015,17872.73156630974,10723.638939785844
-0.0044999999999999971,-0.0095000000000000015,17865.571696819905,10719.343018091942
-0.0040000000000000001,-0.0095000000000000015,17772.033011772233,10663.21980706334
-0.0035000000000000031,-0.0095000000000000015,17624.124518671182,10574.474711202709
-0.0029999999999999992,-0.0095000000000000015,17452.747652319922,10471.648591391953
-0.0025000000000000022,-0.0095000000000000015,17283.742818552921,10370.245691131751
-0.0019999999999999983,-0.0095000000000000015,17135.447456933525,10281.268474160115
-0.0015000000000000013,-0.0095000000000000015,17018.196552866597,10210.917931719958
-0.00099999999999999742,-0.0095000000000000015,16935.651023336181,10161.390614001708
-0.00050000000000000044,-0.0095000000000000015,16887.342358086687,10132.405414852012
0,-0.0095000000000000015,16871.513890506758,10122.908334304055
0.00050000000000000044,-0.0095000000000000015,16887.304085747179,10132.382451448308
0.0010000000000000009,-0.0095000000000000015,16935.560673432195,10161.336404059317
0.0015000000000000013,-0.0095000000000000015,17018.023353706303,10210.814012223782
0.0020000000000000018,-0.0095000000000000015,17135.137159159749,10281.082295495849
0.0024999999999999988,-0.0095000000000000015,17283.207551781066,10369.92453106864
0.0030000000000000027,-0.0095000000000000015,17451.851964375623,10471.111178625373
0.0034999999999999996,-0.0095000000000000015,17622.667787508348,10573.600672505008
0.0040000000000000036,-0.0095000000000000015,17769.729134553661,10661.837480732196
0.0045000000000000005,-0.0095000000000000015,17862.02801527363,10717.216809164178
0.0049999999999999975,-0.0095000000000000015,17867.430285391889,10720.458171235134
0.0055000000000000014,-0.0095000000000000015,17757.280634049803,10654.368380429882
0.0059999999999999984,-0.0095000000000000015,17510.592634262761,10506.355580557656
0.0064999999999999988,-0.0095000000000000015,17116.859554542727,10270.115732725635
0.0069999999999999993,-0.0095000000000000015,16576.890415826336,9946.1342494958008
0.0074999999999999997,-0.0095000000000000015,15901.603200003796,9540.9619200022771
0.0080000000000000002,-0.0095000000000000015,15109.234776392781,9065.5408658356682
0.0085000000000000006,-0.0095000000000000015,14221.798959153672,8533.0793754922033
0.0090000000000000011,-0.0095000000000000015,13261.736536176815,7957.0419217060889
0.0095000000000000015,-0.0095000000000000015,12249.535409652395,7349.7212457914366
0.010000000000000002,-0.0095000000000000015,11202.72458360282,6721.634750161692
0.010500000000000002,-0.0095000000000000015,10136.193302159549,6081.7159812957289
0.011000000000000003,-0.0095000000000000015,9063.4014789763824,5438.0408873858296
0.011500000000000003,-0.0095000000000000015,7997.8406929805396,4798.7044157883238
0.012000000000000004,-0.0095000000000000015,6954.1197338345555,4172.4718403007328
0.012499999999999997,-0.0095000000000000015,5948.2531969006041,3568.9519181403625
0.013000000000000005,-0.0095000000000000015,4997.038246279958,2998.2229477679748
0.013499999999999998,-0.0095000000000000015,4116.7055651782903,2470.0233391069742
0.014000000000000005,-0.0095000000000000015,3321.2355535950469,1992.741332157028
0.014499999999999999,-0.0095000000000000015,2620.7937516257534,1572.4762509754521
0.014999999999999999,-0.0095000000000000015,2020.6651625418533,1212.399097525112
0.0155,-0.0095000000000000015,1520.9007907351217,912.540474441073
0.016000000000000007,-0.0095000000000000015,1116.6948040030509,670.01688240183046
0.016500000000000001,-0.0095000000000000015,799.3458490548303,479.60750943289815
0.017000000000000001,-0.0095000000000000015,557.55830587969194,334.53498352781514
0.017500000000000002,-0.0095000000000000015,378.81844986742669,227.29106992045601
0.017999999999999995,-0.0095000000000000015,250.62313202272082,150.37387921363248
0.018500000000000003,-0.0095000000000000015,161.41802538077235,96.850815228463404
0.019000000000000003,-0.0095000000000000015,101.19004622407481,60.714027734444883
0.019500000000000003,-0.0095000000000000015,61.732013825041456,37.039208295024871
0.019999999999999997,-0.0095000000000000015,36.645133583291894,21.987080149975135
0.020499999999999997,-0.0095000000000000015,21.164747770210507,12.698848662126304
0.021000000000000005,-0.0095000000000000015,11.892345869742263,7.1354075218453579
0.021500000000000005,-0.0095000000000000015,6.5006001588532216,3.9003600953119326
0.021999999999999999,-0.0095000000000000015,3.4566095038869555,2.0739657023321731
0.022499999999999999,-0.0095000000000000015,1.7878949633863734,1.0727369780318241
0.023000000000000007,-0.0095000000000000015,0.89953039910636257,0.53971823946381747
0.023500000000000007,-0.0095000000000000015,0.44021205045344042,0.26412723027206425
0.024,-0.0095000000000000015,0.20954266651946202,0.1257255999116772
0.024500000000000001,-0.0095000000000000015,0.097015552811320682,0.058209331686792404
0.025000000000000001,-0.0095000000000000015,0.043688168160748428,0.026212900896449055
-0.025000000000000001,-0.0090000000000000011,0.063606485196090135,0.038163891117654079
-0.024500000000000001,-0.0090000000000000011,0.13909999578863103,0.083459997473178615
-0.024,-0.0090000000000000011,0.29619549153645941,0.17771729492187563
-0.0235,-0.0090000000000000011,0.61408825188435767,0.3684529511306146
-0.023,-0.0090000000000000011,1.239542351387952,0.74372541083277122
-0.022500000000000003,-0.0090000000000000011,2.4358447438383659,1.4615068463030194
-0.022000000000000002,-0.0090000000000000011,4.6599102889593524,2.7959461733756115
-0.021500000000000002,-0.0090000000000000011,8.6782162018989109,5.2069297211393462
-0.021000000000000001,-0.0090000000000000011,15.73248689224299,9.4394921353457946
-0.020500000000000001,-0.0090000000000000011,27.763353462861875,16.658012077717125
-0.02,-0.0090000000000000011,47.692849146511769,28.615709487907061
-0.0195,-0.0090000000000000011,79.753056070899973,47.85183364253998
-0.019,-0.0090000000000000011,129.82797978344027,77.896787870064159
-0.018500000000000003,-0.0090000000000000011,205.75031244897889,123.45018746938733
-0.018000000000000002,-0.0090000000000000011,317.46864066514354,190.48118439908612
-0.017500000000000002,-0.0090000000000000011,476.98168050906224,286.18900830543731
-0.017000000000000001,-0.0090000000000000011,697.93462269162524,418.76077361497511
-0.016500000000000001,-0.0090000000000000011,994.79907928538671,596.87944757123205
-0.016,-0.0090000000000000011,1381.6189854765851,828.97139128595097
-0.0155,-0.0090000000000000011,1870.398101391766,1122.2388608350595
-0.015000000000000001,-0.0090000000000000011,2469.3162184592898,1481.5897310755738
-0.014500000000000001,-0.0090000000000000011,3181.063821661352,1908.6382929968111
-0.014,-0.0090000000000000011,4001.6436095833319,2400.9861657499991
-0.0135,-0.0090000000000000011,4919.9683932356165,2951.98103594137
-0.012999999999999999,-0.0090000000000000011,5918.4697973427474,3551.0818784056482
-0.012500000000000001,-0.0090000000000000011,6974.7292210484384,4184.8375326290625
-0.012,-0.0090000000000000011,8063.8926163931073,4838.3355698358646
-0.0115,-0.0090000000000000011,9161.4016705122704,5496.841002307362
-0.010999999999999999,-0.0090000000000000011,10245.442736194707,6147.2656417168246
-0.010499999999999999,-0.0090000000000000011,11298.540904476966,6779.1245426861797
-0.010000000000000002,-0.0090000000000000011,12307.926676326872,7384.7560057961227
-0.0095000000000000015,-0.0090000000000000011,13264.63638622587,7958.7818317355213
-0.0090000000000000011,-0.0090000000000000011,14161.68256684729,8497.0095401083745
-0.0085000000000000006,-0.0090000000000000011,14991.928638457077,8995.157183074245
-0.0080000000000000002,-0.0090000000000000011,15746.419148518447,9447.8514891110681
-0.0074999999999999997,-0.0090000000000000011,16413.800505675688,9848.2803034054123
-0.0069999999999999993,-0.0090000000000000011,16981.141759001184,10188.685055400711
-0.0064999999999999988,-0.0090000000000000011,17436.026831967651,10461.61609918059
-0.0059999999999999984,-0.0090000000000000011,17769.37710623525,10661.626263741149
-0.0054999999999999979,-0.0090000000000000011,17978.209870892289,10786.925922535373
-0.005000000000000001,-0.0090000000000000011,18067.526420519986,10840.515852311992
-0.0044999999999999971,-0.0090000000000000011,18050.756840713613,10830.454104428167
-0.0040000000000000001,-0.0090000000000000011,17948.590849786491,10769.154509871894
-0.0035000000000000031,-0.0090000000000000011,17786.467548978086,10671.880529386852
-0.0029999999999999992,-0.0090000000000000011,17591.345350843549,10554.807210506129
-0.0025000000000000022,-0.0090000000000000011,17388.526259919854,10433.115755951912
-0.0019999999999999983,-0.0090000000000000011,17199.230949884302,10319.538569930581
-0.0015000000000000013,-0.0090000000000000011,17039.349543776931,10223.609726266159
-0.00099999999999999742,-0.0090000000000000011,16919.420279614482,10151.652167768689
-0.00050000000000000044,-0.0090000000000000011,16845.531204992843,10107.318722995706
0,-0.0090000000000000011,16820.603921218186,10092.362352730912
0.00050000000000000044,-0.0090000000000000011,16845.46722206354,10107.280333238125
0.0010000000000000009,-0.0090000000000000011,16919.269234457766,10151.56154067466
0.0015000000000000013,-0.0090000000000000011,17039.059992895782,10223.435995737469
0.0020000000000000018,-0.0090000000000000011,17198.712200291851,10319.22732017511
0.0024999999999999988,-0.0090000000000000011,17387.631411670161,10432.578847002096
0.0030000000000000027,-0.0090000000000000011,17589.847957709182,10553.908774625508
0.0034999999999999996,-0.0090000000000000011,17784.032215047635,10670.41932902858
0.0040000000000000036,-0.0090000000000000011,17944.739274077037,10766.843564446222
0.0045000000000000005,-0.0090000000000000011,18044.8325850043,10826.89955100258
0.0049999999999999975,-0.0090000000000000011,18058.663845445411,10835.198307267246
0.0055000000000000014,-0.0090000000000000011,17965.314884867825,10779.188930920694
0.0059999999999999984,-0.0090000000000000011,17751.129003915441,10650.677402349264
0.0064999999999999988,-0.0090000000000000011,17410.910818751367,10446.54649125082
0.0069999999999999993,-0.0090000000000000011,16947.520038285809,10168.512022971485
0.0074999999999999997,-0.0090000000000000011,16370.025579022915,9822.0153474137478
0.0080000000000000002,-0.0090000000000000011,15690.98630201414,9414.5917812084845
0.0085000000000000006,-0.0090000000000000011,14923.656234112459,8954.1937404674754
0.0090000000000000011,-0.0090000000000000011,14079.900236925878,8447.9401421555267
0.0095000000000000015,-0.0090000000000000011,13169.354570419311,7901.6127422515865
0.010000000000000002,-0.0090000000000000011,12199.95823413948,7319.9749404836875
0.010500000000000002,-0.0090000000000000011,11179.548316569408,6707.7289899416446
0.011000000000000003,-0.0090000000000000011,10117.893092755428,6070.7358556532572
0.011500000000000003,-0.0090000000000000011,9028.425184486543,5417.0551106919256
0.012000000000000004,-0.0090000000000000011,7929.0563494791459,4757.4338096874872
0.012499999999999997,-0.0090000000000000011,6841.7527350227174,4105.0516410136306
0.013000000000000005,-0.0090000000000000011,5790.9201539034348,3474.5520923420609
0.013499999999999998,-0.0090000000000000011,4800.9758053279766,2880.5854831967858
0.014000000000000005,-0.0090000000000000011,3893.6751673956364,2336.2051004373816
0.014499999999999999,-0.0090000000000000011,3085.7820058538373,1851.4692035123023
0.014999999999999999,-0.0090000000000000011,2387.5338885347746,1432.5203331208647
0.0155,-0.0090000000000000011,1802.1256970373538,1081.2754182224123
0.016000000000000007,-0.0090000000000000011,1326.1861389421395,795.71168336528365
0.016500000000000001,-0.0090000000000000011,951.02415254237746,570.6144915254265
0.017000000000000001,-0.0090000000000000011,664.31290171334228,398.58774102800538
0.017500000000000002,-0.0090000000000000011,451.86566654773009,271.11939992863802
0.017999999999999995,-0.0090000000000000011,299.22053629177572,179.53232177506541
0.018500000000000003,-0.0090000000000000011,192.85532091936955,115.71319255162172
0.019000000000000003,-0.0090000000000000011,120.96539035503893,72.579234213023355
0.019500000000000003,-0.0090000000000000011,73.828763961472518,44.297258376883512
0.019999999999999997,-0.0090000000000000011,43.841183658195014,26.304710194917007
0.020499999999999997,-0.0090000000000000011,25.327804164121709,15.196682498473024
0.021000000000000005,-0.0090000000000000011,14.234591269866117,8.5407547619196702
0.021500000000000005,-0.0090000000000000011,7.782227686932818,4.6693366121596904
0.021999999999999999,-0.0090000000000000011,4.1386440491653262,2.4831864294991957
0.022499999999999999,-0.0090000000000000011,2.1408916075551319,1.284534964533079
0.023000000000000007,-0.0090000000000000011,1.0772183637982322,0.64633101827893935
0.023500000000000007,-0.0090000000000000011,0.52720248240418732,0.31632148944251237
0.024,-0.0090000000000000011,0.25096296310093469,0.15057777786056081
0.024500000000000001,-0.0090000000000000011,0.11619715561067677,0.069718293366406059
0.025000000000000001,-0.0090000000000000011,0.05232765432211009,0.031396592593266055
-0.025000000000000001,-0.0085000000000000006,0.079299443823038732,0.047579666293823236
-0.024500000000000001,-0.0085000000000000006,0.17260285946609696,0.10356171567965818
-0.024,-0.0085000000000000006,0.36589637573166545,0.21953782543899927
-0.0235,-0.0085000000000000006,0.75539403931137428,0.45323642358682453
-0.023,-0.0085000000000000006,1.518687157700163,0.91121229462009778
-0.022500000000000003,-0.0085000000000000006,2.9731565962575677,1.7838939577545405
-0.022000000000000002,-0.0085000000000000006,5.6675996495228036,3.4005597897136819
-0.021500000000000002,-0.0085000000000000006,10.519426091685178,6.3116556550111067
-0.021000000000000001,-0.0085000000000000006,19.009862372564182,11.40591742353851
-0.020500000000000001,-0.0085000000000000006,33.446150814426694,20.067690488656016
-0.02,-0.0085000000000000006,57.290717237261767,34.374430342357059
-0.0195,-0.0085000000000000006,95.540947729756581,57.32456863785395
-0.019,-0.0085000000000000006,155.11900994496466,93.071405966978787
-0.018500000000000003,-0.0085000000000000006,245.20092517532277,147.12055510519366
-0.018000000000000002,-0.0085000000000000006,377.38320200293055,226.42992120175833
-0.017500000000000002,-0.0085000000000000006,565.56307549035239,339.33784529421143
-0.017000000000000001,-0.0085000000000000006,825.40704844887694,495.24422906932614
-0.016500000000000001,-0.0085000000000000006,1173.3144644498436,703.98867866990611
-0.016,-0.0085000000000000006,1624.8562374994394,974.91374249966361
-0.0155,-0.0085000000000000006,2192.7816229121522,1315.6689737472914
-0.015000000000000001,-0.0085000000000000006,2884.8216658313127,1730.8929994987875
-0.014500000000000001,-0.0085000000000000006,3701.6451829313469,2220.9871097588079
-0.014,-0.0085000000000000006,4635.4000930646571,2781.240055838794
-0.0135,-0.0085000000000000006,5669.2588478124981,3401.5553086874988
-0.012999999999999999,-0.0085000000000000006,6778.257036083749,4066.9542216502491
-0.012500000000000001,-0.0085000000000000006,7931.4749532119513,4758.8849719271702
-0.012,-0.0085000000000000006,9095.3069110940341,5457.1841466564201
-0.0115,-0.0085000000000000006,10237.268889219631,6142.3613335317787
-0.010999999999999999,-0.0085000000000000006,11329.601901776859,6797.7611410661157
-0.010499999999999999,-0.0085000000000000006,12351.910903800184,7411.1465422801102
-0.010000000000000002,-0.0085000000000000006,13292.267214276464,7975.3603285658783
-0.0095000000000000015,-0.0085000000000000006,14146.563716596596,8487.9382299579574
-0.0090000000000000011,-0.0085000000000000006,14916.353929769626,8949.812357861776
-0.0085000000000000006,-0.0085000000000000006,15605.801104061229,9363.4806624367375
-0.0080000000000000002,-0.0085000000000000006,16218.590538748716,9731.1543232492295
-0.0074999999999999997,-0.0085000000000000006,16755.644253699778,10053.386552219867
-0.0069999999999999993,-0.0085000000000000006,17214.22416824384,10328.534500946304
-0.0064999999999999988,-0.0085000000000000006,17588.596542191226,10553.157925314736
-0.0059999999999999984,-0.0085000000000000006,17871.985077622077,10723.191046573245
-0.0054999999999999979,-0.0085000000000000006,18059.197239677444,10835.518343806465
-0.005000000000000001,-0.0085000000000000006,18149.163559712812,10889.498135827687
-0.0044999999999999971,-0.0085000000000000006,18146.710210582409,10888.026126349445
-0.0040000000000000001,-0.0085000000000000006,18063.146185808197,10837.887711484918
-0.0035000000000000031,-0.0085000000000000006,17915.592198759587,10749.355319255752
-0.0029999999999999992,-0.0085000000000000006,17725.298387019684,10635.17903221181
-0.0025000000000000022,-0.0085000000000000006,17515.403597618402,10509.242158571042
-0.0019999999999999983,-0.0085000000000000006,17308.63887938956,10385.183327633737
-0.0015000000000000013,-0.0085000000000000006,17125.383321208101,10275.22999272486
-0.00099999999999999742,-0.0085000000000000006,16982.294616306761,10189.376769784056
-0.00050000000000000044,-0.0085000000000000006,16891.531899353336,10134.919139612002
0,-0.0085000000000000006,16860.431315614063,10116.258789368438
0.00050000000000000044,-0.0085000000000000006,16891.427864348319,10134.856718608991
0.0010000000000000009,-0.0085000000000000006,16982.049019804563,10189.229411882738
0.0015000000000000013,-0.0085000000000000006,17124.912517077959,10274.947510246775
0.0020000000000000018,-0.0085000000000000006,17307.795402589676,10384.677241553805
0.0024999999999999988,-0.0085000000000000006,17513.948591679091,10508.369155007455
0.0030000000000000027,-0.0085000000000000006,17722.863654756715,10633.718192854029
0.0034999999999999996,-0.0085000000000000006,17911.632392910702,10746.979435746422
0.0040000000000000036,-0.0085000000000000006,18056.883598229946,10834.130158937967
0.0045000000000000005,-0.0085000000000000006,18137.077485429316,10882.246491257589
0.0049999999999999975,-0.0085000000000000006,18134.753184126253,10880.851910475752
0.0055000000000000014,-0.0085000000000000006,18038.230241910729,10822.938145146438
0.0059999999999999984,-0.0085000000000000006,17842.31401633823,10705.388409802938
0.0064999999999999988,-0.0085000000000000006,17547.758390679031,10528.655034407418
0.0069999999999999993,-0.0085000000000000006,17159.55590091768,10295.733540550607
0.0074999999999999997,-0.0085000000000000006,16684.467069976927,10010.680241986156
0.0080000000000000002,-0.0085000000000000006,16128.457802919947,9677.0746817519685
0.0085000000000000006,-0.0085000000000000006,15494.791495620681,9296.8748973724087
0.0090000000000000011,-0.0085000000000000006,14783.377443748923,8870.0264662493537
0.0095000000000000015,-0.0085000000000000006,13991.637327732373,8394.9823966394233
0.010000000000000002,-0.0085000000000000006,13116.712616394452,7870.0275698366713
0.010500000000000002,-0.0085000000000000006,12158.431258286781,7295.0587549720685
0.011000000000000003,-0.0085000000000000006,11122.208649541983,6673.3251897251894
0.011500000000000003,-0.0085000000000000006,10021.051695944841,6012.631017566905
0.012000000000000004,-0.0085000000000000006,8876.0657500804464,5325.6394500482675
0.012499999999999997,-0.0085000000000000006,7715.2577599371652,4629.1546559622993
0.013000000000000005,-0.0085000000000000006,6570.863783848823,3942.5182703092937
0.013499999999999998,-0.0085000000000000006,5475.7792022989615,3285.4675213793766
0.014000000000000005,-0.0085000000000000006,4459.8454951821595,2675.9072971092955
0.014499999999999999,-0.0085000000000000006,3546.7187940655704,2128.031276439342
0.014999999999999999,-0.0085000000000000006,2751.8451798055776,1651.1071078833465
0.0155,-0.0085000000000000006,2081.7720144556893,1249.0632086734136
0.016000000000000007,-0.0085000000000000006,1534.7235016216794,920.83410097300759
0.016500000000000001,-0.0085000000000000006,1102.1372805802716,661.282368348163
0.017000000000000001,-0.0085000000000000006,770.73878069523835,462.44326841714297
0.017500000000000002,-0.0085000000000000006,524.7249227667279,314.83495366003672
0.017999999999999995,-0.0085000000000000006,347.71213738003382,208.62728242802029
0.018500000000000003,-0.0085000000000000006,224.23391845734648,134.54035107440788
0.019000000000000003,-0.0085000000000000006,140.7086110193608,84.425166611616476
0.019500000000000003,-0.0085000000000000006,85.908163390783116,51.544898034469867
0.019999999999999997,-0.0085000000000000006,51.027983680322343,30.616790208193404
0.020499999999999997,-0.0085000000000000006,29.485994780869799,17.691596868521877
0.021000000000000005,-0.0085000000000000006,16.574313073823866,9.9445878442943201
0.021500000000000005,-0.0085000000000000006,9.0625661031084714,5.4375396618650829
0.021999999999999999,-0.0085000000000000006,4.82003082975897,2.892018497855382
0.022499999999999999,-0.0085000000000000006,2.4935685038002386,1.4961411022801432
0.023000000000000007,-0.0085000000000000006,1.2547514947361909,0.75285089684171447
0.023500000000000007,-0.0085000000000000006,0.61411945931617407,0.36847167558970445
0.024,-0.0085000000000000006,0.29234915971364728,0.17540949582818835
0.024500000000000001,-0.0085000000000000006,0.13536328449086266,0.081217970694517597
0.025000000000000001,-0.0085000000000000006,0.060960283059524875,0.036576169835714926
-0.025000000000000001,-0.0080000000000000002,0.098075466960903052,0.05884528017654183
-0.024500000000000001,-0.0080000000000000002,0.21226747200408283,0.12736048320244969
-0.024,-0.0080000000000000002,0.44755322451918872,0.26853193471151321
-0.0235,-0.0080000000000000002,0.91921728757358723,0.55153037254415227
-0.023,-0.0080000000000000002,1.838983350660977,1.1033900103965861
-0.022500000000000003,-0.0080000000000000002,3.5834196379310708,2.1500517827586423
-0.022000000000000002,-0.0080000000000000002,6.8006856636386308,4.0804113981831787
-0.021500000000000002,-0.0080000000000000002,12.569531806116075,7.5417190836696442
-0.021000000000000001,-0.0080000000000000002,22.624290986639334,13.5745745919836
-0.020500000000000001,-0.0080000000000000002,39.655279990832419,23.793167994499452
-0.02,-0.0080000000000000002,67.68326197578898,40.609957185473384
-0.0195,-0.0080000000000000002,112.48745802642139,67.49247481585283
-0.019,-0.0080000000000000002,182.03849633463904,109.22309780078342
-0.018500000000000003,-0.0080000000000000002,286.85289003584552,172.11173402150732
-0.018000000000000002,-0.0080000000000000002,440.15039583064976,264.09023749838985
-0.017500000000000002,-0.0080000000000000002,657.67066700805105,394.60240020483064
-0.017000000000000001,-0.0080000000000000002,957.00511035861814,574.20306621517091
-0.016500000000000001,-0.0080000000000000002,1356.3380890516469,813.80285343098808
-0.016,-0.0080000000000000002,1872.577768632294,1123.5466611793763
-0.0155,-0.0080000000000000002,2518.9887985974619,1511.3932791584771
-0.015000000000000001,-0.0080000000000000002,3302.5980773451588,1981.5588464070952
-0.014500000000000001,-0.0080000000000000002,4221.7950897887276,2533.0770538732363
-0.014,-0.0080000000000000002,5264.6417869559382,3158.7850721735626
-0.0135,-0.0080000000000000002,6408.3961900855511,3845.0377140513306
-0.012999999999999999,-0.0080000000000000002,7620.6088793950757,4572.3653276370451
-0.012500000000000001,-0.0080000000000000002,8861.876285719758,5317.1257714318544
-0.012,-0.0080000000000000002,10089.976064524179,6053.9856387145073
-0.0115,-0.0080000000000000002,11264.752661993693,6758.8515971962152
-0.010999999999999999,-0.0080000000000000002,12352.86816736615,7411.7209004196902
-0.010499999999999999,-0.0080000000000000002,13331.473748233413,7998.8842489400477
-0.010000000000000002,-0.0080000000000000002,14190.033165428053,8514.0198992568312
-0.0095000000000000015,-0.0080000000000000002,14929.917245149683,8957.9503470898089
-0.0090000000000000011,-0.0080000000000000002,15561.894463406283,9337.1366780437693
-0.0085000000000000006,-0.0080000000000000002,16102.132534014379,9661.2795204086269
-0.0080000000000000002,-0.0080000000000000002,16567.662201812156,9940.5973210872926
-0.0074999999999999997,-0.0080000000000000002,16972.343610805397,10183.406166483239
-0.0069999999999999993,-0.0080000000000000002,17324.197999946962,10394.518799968177
-0.0064999999999999988,-0.0080000000000000002,17624.582883643496,10574.749730186097
-0.0059999999999999984,-0.0080000000000000002,17869.214513974814,10721.528708384887
-0.0054999999999999979,-0.0080000000000000002,18050.611367284422,10830.366820370653
-0.005000000000000001,-0.0080000000000000002,18161.254313386205,10896.752588031723
-0.0044999999999999971,-0.0080000000000000002,18196.684156739568,10918.01049404374
-0.0040000000000000001,-0.0080000000000000002,18157.872449344763,10894.723469606857
-0.0035000000000000031,-0.0080000000000000002,18052.444526134161,10831.466715680495
-0.0029999999999999992,-0.0080000000000000002,17894.621040481972,10736.772624289182
-0.0025000000000000022,-0.0080000000000000002,17704.00032548781,10622.400195292686
-0.0019999999999999983,-0.0080000000000000002,17503.480946743126,10502.088568045876
-0.0015000000000000013,-0.0080000000000000002,17316.707666072325,10390.024599643395
-0.00099999999999999742,-0.0080000000000000002,17165.427475898457,10299.256485539074
-0.00050000000000000044,-0.0080000000000000002,17067.09210985704,10240.255265914224
0,-0.0080000000000000002,17032.967301085591,10219.780380651355
0.00050000000000000044,-0.0080000000000000002,17066.927585148544,10240.156551089125
0.0010000000000000009,-0.0080000000000000002,17165.039080733528,10299.023448440117
0.0015000000000000013,-0.0080000000000000002,17315.963119443459,10389.577871666075
0.0020000000000000018,-0.0080000000000000002,17502.147042115539,10501.288225269323
0.0024999999999999988,-0.0080000000000000002,17701.699326627044,10621.019595976226
0.0030000000000000027,-0.0080000000000000002,17890.770667083489,10734.462400250093
0.0034999999999999996,-0.0080000000000000002,18046.18234637189,10827.709407823133
0.0040000000000000036,-0.0080000000000000002,18147.968567516062,10888.781140509636
0.0045000000000000005,-0.0080000000000000002,18181.450617820927,10908.870370692555
0.0049999999999999975,-0.0080000000000000002,18138.465225787299,10883.079135472379
0.0055000000000000014,-0.0080000000000000002,18017.453400934312,10810.472040560586
0.0059999999999999984,-0.0080000000000000002,17822.291627705228,10693.374976623136
0.0064999999999999988,-0.0080000000000000002,17559.9999581952,10535.99997491712
0.0069999999999999993,-0.0080000000000000002,17237.743630628644,10342.646178377187
0.0074999999999999997,-0.0080000000000000002,16859.781445776462,10115.868867465877
0.0080000000000000002,-0.0080000000000000002,16425.123043134965,9855.0738258809779
0.0085000000000000006,-0.0080000000000000002,15926.577936157049,9555.9467616942293
0.0090000000000000011,-0.0080000000000000002,15351.600653205636,9210.9603919233814
0.0095000000000000015,-0.0080000000000000002,14684.911067066343,8810.9466402398048
0.010000000000000002,-0.0080000000000000002,13912.404793739062,8347.4428762434363
0.010500000000000002,-0.0080000000000000002,13025.49805983276,7815.2988358996554
0.011000000000000003,-0.0080000000000000002,12024.888999563615,7214.9333997381682
0.011500000000000003,-0.0080000000000000002,10922.818995634321,6553.6913973805922
0.012000000000000004,-0.0080000000000000002,9743.2601865366814,5845.9561119220089
0.012499999999999997,-0.0080000000000000002,8519.9426193603867,5111.9655716162315
0.013000000000000005,-0.0080000000000000002,7292.6297115924672,4375.5778269554803
0.013499999999999998,-0.0080000000000000002,6102.4205016846881,3661.4523010108128
0.014000000000000005,-0.0080000000000000002,4987.0134152661949,2992.2080491597167
0.014499999999999999,-0.0080000000000000002,3976.7889117029372,2386.0733470217624
0.014999999999999999,-0.0080000000000000002,3092.3042671365565,1855.3825602819338
0.0155,-0.0080000000000000002,2343.4342007149717,1406.060520428983
0.016000000000000007,-0.0080000000000000002,1730.0386098776332,1038.0231659265798
0.016500000000000001,-0.0080000000000000002,1243.7759237906866,746.26555427441201
0.017000000000000001,-0.0080000000000000002,870.55074036427425,522.33044421856448
0.017500000000000002,-0.0080000000000000002,593.08773964396289,355.85264378637771
0.017999999999999995,-0.0080000000000000002,393.22750428058237,235.9365025683494
0.018500000000000003,-0.0080000000000000002,253.69490952988434,152.2169457179306
0.019000000000000003,-0.0080000000000000002,159.24937182653139,95.549623095918832
0.019500000000000003,-0.0080000000000000002,97.253825509102583,58.352295305461546
0.019999999999999997,-0.0080000000000000002,57.779149291121023,34.667489574672615
0.020499999999999997,-0.0080000000000000002,33.392546433892988,20.035527860335794
0.021000000000000005,-0.0080000000000000002,18.772625498322427,11.263575298993455
0.021500000000000005,-0.0080000000000000002,10.265600884983469,6.1593605309900807
0.021999999999999999,-0.0080000000000000002,5.4603097682517703,3.2761858609510619
0.022499999999999999,-0.0080000000000000002,2.8249817343004406,1.6949890405802643
0.023000000000000007,-0.0080000000000000002,1.4215859755800651,0.85295158534803905
0.023500000000000007,-0.0080000000000000002,0.69580057232770454,0.41748034339662271
0.024,-0.0080000000000000002,0.33124300495397396,0.19874580297238437
0.024500000000000001,-0.0080000000000000002,0.15337546525805384,0.092025279154832301
0.025000000000000001,-0.0080000000000000002,0.069073256808944397,0.041443954085366635
-0.025000000000000001,-0.0074999999999999997,0.12073249289333977,0.072439495736003862
-0.024500000000000001,-0.0074999999999999997,0.25961127802833378,0.15576676681700027
-0.024,-0.0074999999999999997,0.54394092980964581,0.3263645578857875
-0.0235,-0.0074999999999999997,1.1104221088763779,0.66625326532582674
-0.023,-0.0074999999999999997,2.2085667561699225,1.3251400537019535
-0.022500000000000003,-0.0074999999999999997,4.2795281701761247,2.5677169021056749
-0.022000000000000002,-0.0074999999999999997,8.0783096284811755,4.8469857770887055
-0.021500000000000002,-0.0074999999999999997,14.85459001611661,8.9127540096699658
-0.021000000000000001,-0.0074999999999999997,26.606842635989491,15.964105581593694
-0.020500000000000001,-0.0074999999999999997,46.41909937879619,27.851459627277713
-0.02,-0.0074999999999999997,78.877114421153948,47.32626865269237
-0.0195,-0.0074999999999999997,130.53873710985195,78.323242265911162
-0.019,-0.0074999999999999997,210.40157769487675,126.24094661692604
-0.018500000000000003,-0.0074999999999999997,330.27223769686947,198.16334261812167
-0.018000000000000002,-0.0074999999999999997,504.90264438315506,302.94158662989304
-0.017500000000000002,-0.0074999999999999997,751.7324670792791,451.03948024756744
-0.017000000000000001,-0.0074999999999999997,1090.0779450619996,654.04676703719974
-0.016500000000000001,-0.0074999999999999997,1539.6525067286138,923.79150403716824
-0.016,-0.0074999999999999997,2118.4032842103938,1271.0419705262364
-0.0155,-0.0074999999999999997,2839.7973249131137,1703.8783949478682
-0.015000000000000001,-0.0074999999999999997,3709.8710931020901,2225.922655861254
-0.014500000000000001,-0.0074999999999999997,4724.5266150348716,2834.7159690209228
-0.014,-0.0074999999999999997,5867.6639121379476,3520.5983472827684
-0.0135,-0.0074999999999999997,7110.7290015103381,4266.437400906203
-0.012999999999999999,-0.0074999999999999997,8414.0954832680527,5048.4572899608311
-0.012500000000000001,-0.0074999999999999997,9730.3883944158479,5838.2330366495089
-0.012,-0.0074999999999999997,11009.451460511296,6605.6708763067772
-0.0115,-0.0074999999999999997,12204.245505620471,7322.5473033722819
-0.010999999999999999,-0.0074999999999999997,13276.660273512878,7965.9961641077261
-0.010499999999999999,-0.0074999999999999997,14202.125702036259,8521.2754212217551
-0.010000000000000002,-0.0074999999999999997,14972.075514438153,8983.2453086628921
-0.0095000000000000015,-0.0074999999999999997,15593.727787647598,9356.2366725885586
-0.0090000000000000011,-0.0074999999999999997,16087.21209153607,9652.3272549216417
-0.0085000000000000006,-0.0074999999999999997,16480.648643695298,9888.3891862171786
-0.0080000000000000002,-0.0074999999999999997,16804.221300982299,10082.532780589379
-0.0074999999999999997,-0.0074999999999999997,17084.471088594692,10250.682653156815
-0.0069999999999999993,-0.0074999999999999997,17339.93070710549,10403.958424263294
-0.0064999999999999988,-0.0074999999999999997,17578.865075454054,10547.319045272432
-0.0059999999999999984,-0.0074999999999999997,17799.384229772775,10679.630537863664
-0.0054999999999999979,-0.0074999999999999997,17991.685339179101,10795.01120350746
-0.005000000000000001,-0.0074999999999999997,18141.778317749333,10885.066990649599
-0.0044999999999999971,-0.0074999999999999997,18235.827663332791,10941.496597999674
-0.0040000000000000001,-0.0074999999999999997,18264.21899484461,10958.531396906767
-0.0035000000000000031,-0.0074999999999999997,18224.602118568138,10934.761271140882
-0.0029999999999999992,-0.0074999999999999997,18123.416045533195,10874.049627319917
-0.0025000000000000022,-0.0074999999999999997,17975.702510366005,10785.421506219604
-0.0019999999999999983,-0.0074999999999999997,17803.310010138452,10681.986006083071
-0.0015000000000000013,-0.0074999999999999997,17631.841795274438,10579.105077164662
-0.00099999999999999742,-0.0074999999999999997,17486.883168259912,10492.129900955946
-0.00050000000000000044,-0.0074999999999999997,17390.139475535412,10434.083685321248
0,-0.0074999999999999997,17356.117197753192,10413.670318651915
0.00050000000000000044,-0.0074999999999999997,17389.886418141064,10433.931850884639
0.0010000000000000009,-0.0074999999999999997,17486.285773076481,10491.771463845887
0.0015000000000000013,-0.0074999999999999997,17630.696599324303,10578.417959594581
0.0020000000000000018,-0.0074999999999999997,17801.25831570031,10680.754989420186
0.0024999999999999988,-0.0074999999999999997,17972.163316883092,10783.297990129855
0.0030000000000000027,-0.0074999999999999997,18117.493740802369,10870.496244481421
0.0034999999999999996,-0.0074999999999999997,18214.97018602728,10928.982111616368
0.0040000000000000036,-0.0074999999999999997,18248.985717409581,10949.391430445748
0.0045000000000000005,-0.0074999999999999997,18212.396777476235,10927.43806648574
0.0049999999999999975,-0.0074999999999999997,18106.726153366737,10864.035692020041
0.0055000000000000014,-0.0074999999999999997,17940.684680111353,10764.410808066812
0.0059999999999999984,-0.0074999999999999997,17727.211585050209,10636.326951030125
0.0064999999999999988,-0.0074999999999999997,17479.529316209741,10487.717589725844
0.0069999999999999993,-0.0074999999999999997,17206.954222119552,10324.172533271731
0.0074999999999999997,-0.0074999999999999997,16911.337895142733,10146.80273708564
0.0080000000000000002,-0.0074999999999999997,16584.980140087839,9950.9880840527021
0.0085000000000000006,-0.0074999999999999997,16210.62604645403,9726.3756278724177
0.0090000000000000011,-0.0074999999999999997,15763.756702117627,9458.2540212705753
0.0095000000000000015,-0.0074999999999999997,15216.880895833441,9130.1285375000643
0.010000000000000002,-0.0074999999999999997,14545.052041932764,8727.0312251596588
0.010500000000000002,-0.0074999999999999997,13731.500887402977,8238.9005324417867
0.011000000000000003,-0.0074999999999999997,12772.191647729343,7663.3149886376059
0.011500000000000003,-0.0074999999999999997,11678.313301044327,7006.9879806265963
0.012000000000000004,-0.0074999999999999997,10476.163679834362,6285.6982079006175
0.012499999999999997,-0.0074999999999999997,9204.4561898396969,5522.6737139038178
0.013000000000000005,-0.0074999999999999997,7909.6268574844171,4745.7761144906499
0.013499999999999998,-0.0074999999999999997,6640.1041868767279,3984.0625121260364
0.014000000000000005,-0.0074999999999999997,5440.6404396314128,3264.3842637788475
0.014499999999999999,-0.0074999999999999997,4347.6797232169511,2608.6078339301707
0.014999999999999999,-0.0074999999999999997,3386.4157036714191,2031.8494222028514
0.0155,-0.0074999999999999997,2569.7747276331556,1541.8648365798933
0.016000000000000007,-0.0074999999999999997,1899.1621231967927,1139.4972739180755
0.016500000000000001,-0.0074999999999999997,1366.5193129197851,819.91158775187102
0.017000000000000001,-0.0074999999999999997,957.10145903626153,574.26087542175685
0.017500000000000002,-0.0074999999999999997,652.39670488826687,391.43802293296011
0.017999999999999995,-0.0074999999999999997,432.72999153861872,259.63799492317122
0.018500000000000003,-0.0074999999999999997,279.27155685585336,167.562934113512
0.019000000000000003,-0.0074999999999999997,175.34935654180558,105.20961392508335
0.019500000000000003,-0.0074999999999999997,107.10770728807429,64.26462437284458
0.019999999999999997,-0.0074999999999999997,63.64348190383582,38.186089142301491
0.020499999999999997,-0.0074999999999999997,36.786315039823286,22.07178902389397
0.021000000000000005,-0.0074999999999999997,20.682550526562306,12.409530315937383
0.021500000000000005,-0.0074999999999999997,11.310886696570153,6.7865320179420916
0.021999999999999999,-0.0074999999999999997,6.0166616570274556,3.6099969942164734
0.022499999999999999,-0.0074999999999999997,3.1129658865098677,1.8677795319059205
0.023000000000000007,-0.0074999999999999997,1.5665629312822162,0.93993775876932972
0.023500000000000007,-0.0074999999999999997,0.76678222445232946,0.46006933467139766
0.024,-0.0074999999999999997,0.36504280947546036,0.21902568568527622
0.024500000000000001,-0.0074999999999999997,0.16902878795173812,0.10141727277104287
0.025000000000000001,-0.0074999999999999997,0.076123851441903992,0.045674310865142391
-0.025000000000000001,-0.0069999999999999993,0.14833197240188947,0.088999183441133681
-0.024500000000000001,-0.0069999999999999993,0.31669235961554465,0.19001541576932679
-0.024,-0.0069999999999999993,0.65891410944664075,0.39534846566798443
-0.0235,-0.0069999999999999993,1.3359717912136881,0.80158307472821289
-0.023,-0.0069999999999999993,2.6395463809716415,1.5837278285829848
-0.022500000000000003,-0.0069999999999999993,5.081698151680361,3.0490188910082163
-0.022000000000000002,-0.0069999999999999993,9.5327496572754313,5.7196497943652584
-0.021500000000000002,-0.0069999999999999993,17.423608796892545,10.454165278135527
-0.021000000000000001,-0.0069999999999999993,31.027634981808237,18.616580989084941
-0.020500000000000001,-0.0069999999999999993,53.830663792029952,32.29839827521797
-0.02,-0.0069999999999999993,90.983303462892223,54.589982077735336
-0.0195,-0.0069999999999999993,149.80501645467069,89.883009872802418
-0.019,-0.0069999999999999993,240.27458855494143,144.16475313296485
-0.018500000000000003,-0.0069999999999999993,375.39960867955352,225.23976520773212
-0.018000000000000002,-0.0069999999999999993,571.31660496860923,342.7899629811655
-0.017500000000000002,-0.0069999999999999993,846.94678666572975,508.16807199943781
-0.017000000000000001,-0.0069999999999999993,1223.0369225297916,733.82215351787488
-0.016500000000000001,-0.0069999999999999993,1720.4674791144982,1032.280487468699
-0.016,-0.0069999999999999993,2357.8209133214696,1414.6925479928816
-0.0155,-0.0069999999999999993,3148.3682686720367,1889.020961203222
-0.015000000000000001,-0.0069999999999999993,4096.8286828266146,2458.0972096959686
-0.014500000000000001,-0.0069999999999999993,5196.4402709557498,3117.8641625734499
-0.014,-0.0069999999999999993,6426.9942970261091,3856.1965782156653
-0.0135,-0.0069999999999999993,7754.4703278861525,4652.682196731691
-0.012999999999999999,-0.0069999999999999993,9132.7313860717913,5479.6388316430748
-0.012500000000000001,-0.0069999999999999993,10507.397839900954,6304.4387039405719
-0.012,-0.0069999999999999993,11821.570054795267,7092.9420328771603
-0.0115,-0.0069999999999999993,13022.611491302296,7813.5668947813774
-0.010999999999999999,-0.0069999999999999993,14068.858301069504,8441.3149806417023
-0.010499999999999999,-0.0069999999999999993,14934.999236877731,8960.9995421266376
-0.010000000000000002,-0.0069999999999999993,15615.032533012311,9369.0195198073852
-0.0095000000000000015,-0.0069999999999999993,16122.141013510061,9673.2846081060361
-0.0090000000000000011,-0.0069999999999999993,16485.441329638681,9891.2647977832075
-0.0085000000000000006,-0.0069999999999999993,16744.210473531504,10046.526284118901
-0.0080000000000000002,-0.0069999999999999993,16940.711788173285,10164.427072903971
-0.0074999999999999997,-0.0069999999999999993,17113.007171127618,10267.80430267657
-0.0069999999999999993,-0.0069999999999999993,17289.09613102987,10373.457678617922
-0.0064999999999999988,-0.0069999999999999993,17483.392688185333,10490.035612911199
-0.0059999999999999984,-0.0069999999999999993,17696.033141443546,10617.619884866128
-0.0054999999999999979,-0.0069999999999999993,17914.931626687889,10748.958976012733
-0.005000000000000001,-0.0069999999999999993,18119.992226489696,10871.995335893816
-0.0044999999999999971,-0.0069999999999999993,18288.537683617935,10973.12261017076
-0.0040000000000000001,-0.0069999999999999993,18400.868833419237,11040.521300051541
-0.0035000000000000031,-0.0069999999999999993,18444.923830736967,11066.954298442181
-0.0029999999999999992,-0.0069999999999999993,18419.22829211257,11051.536975267541
-0.0025000000000000022,-0.0069999999999999993,18333.665702045524,11000.199421227315
-0.0019999999999999983,-0.0069999999999999993,18207.99428648538,10924.796571891227
-0.0015000000000000013,-0.0069999999999999993,18068.432711152753,10841.059626691651
-0.00099999999999999742,-0.0069999999999999993,17942.973700052757,10765.784220031654
-0.00050000000000000044,-0.0069999999999999993,17856.307985324838,10713.784791194903
0,-0.0069999999999999993,17825.309611937955,10695.185767162773
0.00050000000000000044,-0.0069999999999999993,17855.929417937125,10713.557650762274
0.0010000000000000009,-0.0069999999999999993,17942.080012142116,10765.248007285269
0.0015000000000000013,-0.0069999999999999993,18066.719527310081,10840.031716386047
0.0020000000000000018,-0.0069999999999999993,18204.925004096545,10922.955002457928
0.0024999999999999988,-0.0069999999999999993,18328.371159141931,10997.022695485159
0.0030000000000000027,-0.0069999999999999993,18410.368675751713,11046.221205451027
0.0034999999999999996,-0.0069999999999999993,18430.51470607955,11058.308823647729
0.0040000000000000036,-0.0069999999999999993,18378.080240105144,11026.848144063086
0.0045000000000000005,-0.0069999999999999993,18253.48567783316,10952.091406699896
0.0049999999999999975,-0.0069999999999999993,18067.555085349155,10840.533051209493
0.0055000000000000014,-0.0069999999999999993,17838.635945525231,10703.181567315138
0.0059999999999999984,-0.0069999999999999993,17588.064711406114,10552.838826843668
0.0064999999999999988,-0.0069999999999999993,17334.788933765467,10400.87336025928
0.0069999999999999993,-0.0069999999999999993,17090.166711566068,10254.100026939641
0.0074999999999999997,-0.0069999999999999993,16854.004343169319,10112.402605901591
0.0080000000000000002,-0.0069999999999999993,16612.732620548893,9967.6395723293354
0.0085000000000000006,-0.0069999999999999993,16340.263576326377,9804.1581457958255
0.0090000000000000011,-0.0069999999999999993,16001.560342362975,9600.9362054177836
0.0095000000000000015,-0.0069999999999999993,15558.38770462048,9335.0326227722871
0.010000000000000002,-0.0069999999999999993,14976.216343128091,8985.7298058768538
0.010500000000000002,-0.0069999999999999993,14230.956554668486,8538.5739328010914
0.011000000000000003,-0.0069999999999999993,13314.18614324077,7988.5116859444615
0.011500000000000003,-0.0069999999999999993,12235.830368724786,7341.4982212348714
0.012000000000000004,-0.0069999999999999993,11023.785178556294,6614.2711071337762
0.012499999999999997,-0.0069999999999999993,9720.6167173234207,5832.3700303940523
0.013000000000000005,-0.0069999999999999993,8378.0592282429025,5026.8355369457413
0.013499999999999998,-0.0069999999999999993,7050.4276456764228,4230.2565874058537
0.014000000000000005,-0.0069999999999999993,5788.1781071401865,3472.9068642841116
0.014499999999999999,-0.0069999999999999993,4632.6869620605448,2779.6121772363267
0.014999999999999999,-0.0069999999999999993,3612.9476955326254,2167.7686173195752
0.0155,-0.0069999999999999993,2744.4213714090429,1646.6528228454256
0.016000000000000007,-0.0069999999999999993,2029.8417455188583,1217.905047311315
0.016500000000000001,-0.0069999999999999993,1461.4646506223366,876.87879037340201
0.017000000000000001,-0.0069999999999999993,1024.1075015104786,614.46450090628718
0.017500000000000002,-0.0069999999999999993,698.34302783768146,419.00581670260885
0.017999999999999995,-0.0069999999999999993,463.34816278092325,278.00889766855391
0.018500000000000003,-0.0069999999999999993,299.10389494464317,179.4623369667859
0.019000000000000003,-0.0069999999999999993,187.8373624872317,112.70241749233902
0.019500000000000003,-0.0069999999999999993,114.75279530159972,68.851677180959825
0.019999999999999997,-0.0069999999999999993,68.194178954785428,40.916507372871258
0.020499999999999997,-0.0069999999999999993,39.420264866426805,23.652158919856081
0.021000000000000005,-0.0069999999999999993,22.165045553407236,13.299027332044341
0.021500000000000005,-0.0069999999999999993,12.122319293084001,7.2733915758504004
0.021999999999999999,-0.0069999999999999993,6.44857703725636,3.869146222353816
0.022499999999999999,-0.0069999999999999993,3.3365508206869743,2.0019304924121846
0.023000000000000007,-0.0069999999999999993,1.6791250839885434,1.007475050393126
0.023500000000000007,-0.0069999999999999993,0.82189531581045527,0.49313718948627316
0.024,-0.0069999999999999993,0.39128709836263226,0.23477225901757934
0.024500000000000001,-0.0069999999999999993,0.18118327192663525,0.10870996315598115
0.025000000000000001,-0.0069999999999999993,0.081598586059626027,0.048959151635775612
-0.025000000000000001,-0.0064999999999999988,0.18217177476577823,0.10930306485946693
-0.024500000000000001,-0.0064999999999999988,0.38606618058032599,0.23163970834819558
-0.024,-0.0064999999999999988,0.79734706947089173,0.47840824168253504
-0.0235,-0.0064999999999999988,1.6048667832959429,0.96292006997756574
-0.023,-0.0064999999999999988,3.1479974005312874,1.8887984403187723
-0.022500000000000003,-0.0064999999999999988,6.0176705835081545,3.6106023501048927
-0.022000000000000002,-0.0064999999999999988,11.210197429938273,6.7261184579629631
-0.021500000000000002,-0.0064999999999999988,20.350666287269004,12.210399772361402
-0.021000000000000001,-0.0064999999999999988,36.000805792508508,21.600483475505104
-0.020500000000000001,-0.0064999999999999988,62.058348349673139,37.235009009803882
-0.02,-0.0064999999999999988,104.23843787662602,62.543062725975609
-0.0195,-0.0064999999999999988,170.60053761864427,102.36032257118656
-0.019,-0.0064999999999999988,272.04677052916304,163.22806231749783
-0.018500000000000003,-0.0064999999999999988,422.67356692064516,253.60414015238709
-0.018000000000000002,-0.0064999999999999988,639.81687047912271,383.89012228747362
-0.017500000000000002,-0.0064999999999999988,943.60622577434413,566.16373546460648
-0.017000000000000001,-0.0064999999999999988,1355.852627952067,813.51157677124013
-0.016500000000000001,-0.0064999999999999988,1898.1560568338978,1138.8936341003387
-0.016,-0.0064999999999999988,2589.2407253095971,1553.5444351857582
-0.0155,-0.0064999999999999988,3441.703941789362,2065.022365073617
-0.015000000000000001,-0.0064999999999999988,4458.5722902671496,2675.1433741602896
-0.014500000000000001,-0.0064999999999999988,5630.2496851994019,3378.1498111196411
-0.014,-0.0064999999999999988,6932.5550237527978,4159.5330142516787
-0.0135,-0.0064999999999999988,8326.5234102426912,4995.9140461456145
-0.012999999999999999,-0.0064999999999999988,9760.4471692498446,5856.2683015499069
-0.012500000000000001,-0.0064999999999999988,11174.265709484267,6704.5594256905597
-0.012,-0.0064999999999999988,12505.933625080897,7503.5601750485384
-0.0115,-0.0064999999999999988,13698.908155817355,8219.3448934904118
-0.010999999999999999,-0.0064999999999999988,14709.528236149155,8825.7169416894922
-0.010499999999999999,-0.0064999999999999988,15512.923703369974,9307.7542220219839
-0.010000000000000002,-0.0064999999999999988,16106.260288252648,9663.7561729515892
-0.0095000000000000015,-0.0064999999999999988,16508.582230694334,9905.1493384166006
-0.0090000000000000011,-0.0064999999999999988,16757.167292339509,10054.300375403705
-0.0085000000000000006,-0.0064999999999999988,16901.007594970917,10140.604556982549
-0.0080000000000000002,-0.0064999999999999988,16992.6068738586,10195.56412431516
-0.0074999999999999997,-0.0064999999999999988,17079.604881620384,10247.76292897223
-0.0069999999999999993,-0.0064999999999999988,17197.73605687113,10318.641634122678
-0.0064999999999999988,-0.0064999999999999988,17366.318255556478,10419.790953333886
-0.0059999999999999984,-0.0064999999999999988,17586.93542077149,10552.161252462893
-0.0054999999999999979,-0.0064999999999999988,17845.352900180849,10707.211740108509
-0.005000000000000001,-0.0064999999999999988,18116.116625978833,10869.6699755873
-0.0044999999999999971,-0.0064999999999999988,18368.842215595978,11021.305329357587
-0.0040000000000000001,-0.0064999999999999988,18574.960194376035,11144.976116625621
-0.0035000000000000031,-0.0064999999999999988,18713.669121852989,11228.201473111792
-0.0029999999999999992,-0.0064999999999999988,18776.044289068297,11265.626573440977
-0.0025000000000000022,-0.0064999999999999988,18766.614687413105,11259.968812447862
-0.0019999999999999983,-0.0064999999999999988,18702.194660049099,11221.31679602946
-0.0015000000000000013,-0.0064999999999999988,18608.263720406969,11164.95823224418
-0.00099999999999999742,-0.0064999999999999988,18513.644004128058,11108.186402476835
-0.00050000000000000044,-0.0064999999999999988,18444.546558973256,11066.727935383953
0,-0.0064999999999999988,18419.178978618835,11051.507387171301
0.00050000000000000044,-0.0064999999999999988,18443.995746674278,11066.397448004567
0.0010000000000000009,-0.0064999999999999988,18512.34369589073,11107.406217534437
0.0015000000000000013,-0.0064999999999999988,18605.771052624223,11163.462631574534
0.0020000000000000018,-0.0064999999999999988,18697.728880524301,11218.63732831458
0.0024999999999999988,-0.0064999999999999988,18758.911172944048,11255.346703766429
0.0030000000000000027,-0.0064999999999999988,18763.153623326431,11257.892173995859
0.0034999999999999996,-0.0064999999999999988,18692.70396918428,11215.622381510568
0.0040000000000000036,-0.0064999999999999988,18541.802986752795,11125.081792051677
0.0045000000000000005,-0.0064999999999999988,18317.841848113978,10990.705108868386
0.0049999999999999975,-0.0064999999999999988,18039.82103581222,10823.892621487332
0.0055000000000000014,-0.0064999999999999988,17734.343339116735,10640.60600347004
0.0059999999999999984,-0.0064999999999999988,17429.842282017213,10457.905369210328
0.0064999999999999988,-0.0064999999999999988,17150.101068695538,10290.060641217322
0.0069999999999999993,-0.0064999999999999988,16908.295459436304,10144.977275661782
0.0074999999999999997,-0.0064999999999999988,16702.757990579208,10021.654794347525
0.0080000000000000002,-0.0064999999999999988,16515.40000079148,9909.240000474887
0.0085000000000000006,-0.0064999999999999988,16313.268327575792,9787.9609965454747
0.0090000000000000011,-0.0064999999999999988,16053.124610156363,9631.874766093817
0.0095000000000000015,-0.0064999999999999988,15688.32600629738,9412.9956037784286
0.010000000000000002,-0.0064999999999999988,15176.788216451992,9106.0729298711958
0.010500000000000002,-0.0064999999999999988,14488.547645230754,8693.1285871384516
0.011000000000000003,-0.0064999999999999988,13611.486725656952,8166.8920353941712
0.011500000000000003,-0.0064999999999999988,12554.148377283405,7532.4890263700427
0.012000000000000004,-0.0064999999999999988,11345.163479440949,6807.098087664569
0.012499999999999997,-0.0064999999999999988,10029.505930950279,6017.7035585701678
0.013000000000000005,-0.0064999999999999988,8662.4056587574269,5197.4433952544559
0.013499999999999998,-0.0064999999999999988,7302.1473521027601,4381.2884112616557
0.014000000000000005,-0.0064999999999999988,6003.0829519496783,3601.8497711698069
0.014499999999999999,-0.0064999999999999988,4809.9934607942778,2885.9960764765665
0.014999999999999999,-0.0064999999999999988,3754.5296080574158,2252.7177648344496
0.0155,-0.0064999999999999988,2853.9646743100461,1712.3788045860276
0.016000000000000007,-0.0064999999999999988,2112.0338519831803,1267.2203111899082
0.016500000000000001,-0.0064999999999999988,1521.3091650159722,912.7854990095833
0.017000000000000001,-0.0064999999999999988,1066.412028253998,639.84721695239875
0.017500000000000002,-0.0064999999999999988,727.38903249954058,436.43341949972432
0.017999999999999995,-0.0064999999999999988,482.72371404633725,289.63422842780233
0.018500000000000003,-0.0064999999999999988,311.66395846418266,186.99837507850958
0.019000000000000003,-0.0064999999999999988,195.75105679425189,117.45063407655113
0.019500000000000003,-0.0064999999999999988,119.59985677762788,71.759914066576727
0.019999999999999997,-0.0064999999999999988,71.080457370665314,42.64827442239919
0.020499999999999997,-0.0064999999999999988,41.09134163169719,24.654804979018312
0.021000000000000005,-0.0064999999999999988,23.105814262899102,13.86348855773946
0.021500000000000005,-0.0064999999999999988,12.637335572822032,7.5824013436932187
0.021999999999999999,-0.0064999999999999988,6.7227527466100101,4.0336516479660061
0.022499999999999999,-0.0064999999999999988,3.4784961996689154,2.0870977198013492
0.023000000000000007,-0.0064999999999999988,1.7505926590044087,1.0503555954026451
0.023500000000000007,-0.0064999999999999988,0.85688992512706108,0.5141339550762366
0.024,-0.0064999999999999988,0.40795206602372974,0.24477123961423783
0.024500000000000001,-0.0064999999999999988,0.18890162139021832,0.11334097283413098
0.025000000000000001,-0.0064999999999999988,0.085075270569385852,0.051045162341631513
-0.025000000000000001,-0.0059999999999999984,0.22368210231272512,0.13420926138763506
-0.024500000000000001,-0.0059999999999999984,0.47058461986326006,0.28235077191795604
-0.024,-0.0059999999999999984,0.96475933046303985,0.57885559827782385
-0.0235,-0.0059999999999999984,1.9274724740477887,1.1564834844286731
-0.023,-0.0059999999999999984,3.7528014464520743,2.2516808678712446
-0.022500000000000003,-0.0059999999999999984,7.120795181491272,4.2724771088947628
-0.022000000000000002,-0.0059999999999999984,13.167740206920559,7.9006441241523353
-0.021500000000000002,-0.0059999999999999984,23.73041549484546,14.238249296907275
-0.021000000000000001,-0.0059999999999999984,41.678262014514544,25.006957208708727
-0.020500000000000001,-0.0059999999999999984,71.337928509093757,42.802757105456251
-0.02,-0.0059999999999999984,118.99605403908444,71.397632423450659
-0.0195,-0.0059999999999999984,193.43674101454354,116.06204460872613
-0.019,-0.0059999999999999984,306.43067671878555,183.85840603127133
-0.018500000000000003,-0.0059999999999999984,473.0479744336788,283.82878466020725
-0.018000000000000002,-0.0059999999999999984,711.62639775749858,426.97583865449911
-0.017500000000000002,-0.0059999999999999984,1043.2057162425615,625.92342974553685
-0.017000000000000001,-0.0059999999999999984,1490.255572971724,894.1533437830343
-0.016500000000000001,-0.0059999999999999984,2074.594886810823,1244.7569320864939
-0.016,-0.0059999999999999984,2814.5335403477497,1688.7201242086498
-0.0155,-0.0059999999999999984,3721.4542548356699,2232.8725529014018
-0.015000000000000001,-0.0059999999999999984,4796.2655372886775,2877.7593223732065
-0.014500000000000001,-0.0059999999999999984,6026.3460917426564,3615.8076550455939
-0.014,-0.0059999999999999984,7383.7051016637015,4430.2230609982207
-0.0135,-0.0059999999999999984,8825.042575697089,5295.0255454182534
-0.012999999999999999,-0.0059999999999999984,10294.174801950743,6176.5048811704455
-0.012500000000000001,-0.0059999999999999984,11726.900342669955,7036.1402056019724
-0.012,-0.0059999999999999984,13057.883153983079,7834.729892389847
-0.0115,-0.0059999999999999984,14228.628995076751,8537.1773970460508
-0.010999999999999999,-0.0059999999999999984,15195.259461047126,9117.1556766282756
-0.010499999999999999,-0.0059999999999999984,15934.660925805287,9560.7965554831717
-0.010000000000000002,-0.0059999999999999984,16447.767675777664,9868.660605466599
-0.0095000000000000015,-0.0059999999999999984,16759.215967747263,10055.529580648357
-0.0090000000000000011,-0.0059999999999999984,16913.284075003852,10147.970445002311
-0.0085000000000000006,-0.0059999999999999984,16966.759703810036,10180.055822286022
-0.0080000000000000002,-0.0059999999999999984,16979.981259120508,10187.988755472305
-0.0074999999999999997,-0.0059999999999999984,17007.645065512083,10204.587039307249
-0.0069999999999999993,-0.0059999999999999984,17090.986048139734,10254.59162888384
-0.0064999999999999988,-0.0059999999999999984,17252.635538185743,10351.581322911445
-0.0059999999999999984,-0.0059999999999999984,17494.918921980552,10496.951353188331
-0.0054999999999999979,-0.0059999999999999984,17801.702334227764,10681.021400536658
-0.005000000000000001,-0.0059999999999999984,18143.263768021887,10885.958260813131
-0.0044999999999999971,-0.0059999999999999984,18483.161158027058,11089.896694816234
-0.0040000000000000001,-0.0059999999999999984,18785.772544510015,11271.463526706009
-0.0035000000000000031,-0.0059999999999999984,19023.125157850238,11413.875094710142
-0.0029999999999999992,-0.0059999999999999984,19179.808232229407,11507.884939337644
-0.0025000000000000022,-0.0059999999999999984,19255.144210354942,11553.086526212965
-0.0019999999999999983,-0.0059999999999999984,19262.313026374744,11557.387815824846
-0.0015000000000000013,-0.0059999999999999984,19224.699336399714,11534.819601839828
-0.00099999999999999742,-0.0059999999999999984,19170.262419991479,11502.157451994886
-0.00050000000000000044,-0.0059999999999999984,19125.111598980366,11475.066959388219
0,-0.0059999999999999984,19107.624644926374,11464.574786955824
0.00050000000000000044,-0.0059999999999999984,19124.332127330552,11474.59927639833
0.0010000000000000009,-0.0059999999999999984,19168.422313281997,11501.053387969198
0.0015000000000000013,-0.0059999999999999984,19221.171884538791,11532.703130723274
0.0020000000000000018,-0.0059999999999999984,19255.993362597546,11553.596017558528
0.0024999999999999988,-0.0059999999999999984,19244.242726957269,11546.545636174362
0.0030000000000000027,-0.0059999999999999984,19161.566249413085,11496.93974964785
0.0034999999999999996,-0.0059999999999999984,18993.456716950233,11396.074030170139
0.0040000000000000036,-0.0059999999999999984,18738.850746690365,11243.310448014219
0.0045000000000000005,-0.0059999999999999984,18410.988948626622,11046.593369175973
0.0049999999999999975,-0.0059999999999999984,18035.295500699547,10821.177300419728
0.0055000000000000014,-0.0059999999999999984,17644.609244861356,10586.765546916813
0.0059999999999999984,-0.0059999999999999984,17272.611525675104,10363.566915405061
0.0064999999999999988,-0.0059999999999999984,16946.659858861327,10167.995915316797
0.0069999999999999993,-0.0059999999999999984,16681.389638576122,10008.833783145672
0.0074999999999999997,-0.0059999999999999984,16474.35728593434,9884.6143715606031
0.0080000000000000002,-0.0059999999999999984,16304.670941357006,9782.8025648142029
0.0085000000000000006,-0.0059999999999999984,16135.031550198833,9681.0189301193004
0.0090000000000000011,-0.0059999999999999984,15916.971334643778,9550.1828007862659
0.0095000000000000015,-0.0059999999999999984,15598.445822118863,9359.0674932713173
0.010000000000000002,-0.0059999999999999984,15132.442780883048,9079.4656685298287
0.010500000000000002,-0.0059999999999999984,14485.034442252911,8691.0206653517453
0.011000000000000003,-0.0059999999999999984,13641.386700158157,8184.8320200948938
0.011500000000000003,-0.0059999999999999984,12608.643757152706,7565.1862542916233
0.012000000000000004,-0.0059999999999999984,11415.241146619877,6849.144687971926
0.012499999999999997,-0.0059999999999999984,10106.915104745851,6064.1490628475103
0.013000000000000005,-0.0059999999999999984,8740.302041061479,5244.1812246368872
0.013499999999999998,-0.0059999999999999984,7375.4160921437096,4425.2496552862258
0.014000000000000005,-0.0059999999999999984,6068.3802067656115,3641.0281240593667
0.014499999999999999,-0.0059999999999999984,4865.5759461027001,2919.34556766162
0.014999999999999999,-0.0059999999999999984,3799.9527968909815,2279.9716781345887
0.0155,-0.0059999999999999984,2889.7261011053401,1733.835660663204
0.016000000000000007,-0.0059999999999999984,2139.2232222173229,1283.5339333303937
0.016500000000000001,-0.0059999999999999984,1541.307106133881,924.78426368032854
0.017000000000000001,-0.0059999999999999984,1080.6591602053331,648.39549612319991
0.017500000000000002,-0.0059999999999999984,737.23002784169239,442.33801670501543
0.017999999999999995,-0.0059999999999999984,489.31897643464259,293.59138586078552
0.018500000000000003,-0.0059999999999999984,315.95481800089078,189.57289080053445
0.019000000000000003,-0.0059999999999999984,198.46223453109639,119.07734071865782
0.019500000000000003,-0.0059999999999999984,121.26408817000461,72.758452902002759
0.019999999999999997,-0.0059999999999999984,72.073162489015303,43.243897493409179
0.020499999999999997,-0.0059999999999999984,41.666863886195642,25.000118331717385
0.021000000000000005,-0.0059999999999999984,23.430157641145108,14.058094584687064
0.021500000000000005,-0.0059999999999999984,12.815040822411866,7.6890244934471195
0.021999999999999999,-0.0059999999999999984,6.8174173887111165,4.0904504332266693
0.022499999999999999,-0.0059999999999999984,3.5275303800301656,2.1165182280180992
0.023000000000000007,-0.0059999999999999984,1.7752904479631861,1.0651742687779115
0.023500000000000007,-0.0059999999999999984,0.86898711208461432,0.52139226725076859
0.024,-0.0059999999999999984,0.41371432596991936,0.24822859558195159
0.024500000000000001,-0.0059999999999999984,0.19157090771238108,0.11494254462742864
0.025000000000000001,-0.0059999999999999984,0.086277813306670642,0.051766687984002385
-0.025000000000000001,-0.0054999999999999979,0.27423245350345565,0.1645394721020734
-0.024500000000000001,-0.0054999999999999979,0.57301120577363462,0.34380672346418079
-0.024,-0.0054999999999999979,1.1665713028498688,0.69994278170992119
-0.0235,-0.0054999999999999979,2.3141221489132193,1.3884732893479315
-0.023,-0.0054999999999999979,4.4731033665830928,2.6838620199498555
-0.022500000000000003,-0.0054999999999999979,8.4255417487871203,5.0553250492722723
-0.022000000000000002,-0.0054999999999999979,15.465684190978928,9.2794105145873562
-0.021500000000000002,-0.0054999999999999979,27.665369914959172,16.599221948975501
-0.021000000000000001,-0.0054999999999999979,48.229301838308885,28.93758110298533
-0.020500000000000001,-0.0054999999999999979,81.941003940638637,49.164602364383178
-0.02,-0.0054999999999999979,135.67936892717393,81.407621356304347
-0.0195,-0.0054999999999999979,218.95410484783616,131.37246290870169
-0.019,-0.0054999999999999979,344.36755764749915,206.62053458849948
-0.018500000000000003,-0.0054999999999999979,527.8659780622545,316.71958683735267
-0.018000000000000002,-0.0054999999999999979,788.60611198496542,473.16366719097925
-0.017500000000000002,-0.0054999999999999979,1148.2485595425351,688.94913572552105
-0.017000000000000001,-0.0054999999999999979,1629.5154366301902,977.709261978114
-0.016500000000000001,-0.0054999999999999979,2253.931543448612,1352.3589260691672
-0.016,-0.0054999999999999979,3038.8110521396397,1823.2866312837839
-0.0155,-0.0054999999999999979,3993.7447863221983,2396.2468717933189
-0.015000000000000001,-0.0054999999999999979,5117.05483111389,3070.2328986683337
-0.014500000000000001,-0.0054999999999999979,6392.8623763609885,3835.7174258165928
-0.014,-0.0054999999999999979,7789.4997943894896,4673.6998766336937
-0.0135,-0.0054999999999999979,9259.933377755231,5555.9600266531388
-0.012999999999999999,-0.0054999999999999979,10744.619572664691,6446.7717435988143
-0.012500000000000001,-0.0054999999999999979,12176.809654796791,7306.0857928780742
-0.012,-0.0054999999999999979,13489.81207217538,8093.8872433052275
-0.0115,-0.0054999999999999979,14625.228201483687,8775.1369208902124
-0.010999999999999999,-0.0054999999999999979,15540.824808780109,9324.4948852680645
-0.010499999999999999,-0.0054999999999999979,16216.60638538441,9729.9638312306452
-0.010000000000000002,-0.0054999999999999979,16657.86020111469,9994.7161206688143
-0.0095000000000000015,-0.0054999999999999979,16894.446346099601,10136.66780765976
-0.0090000000000000011,-0.0054999999999999979,16976.295636174422,10185.777381704653
-0.0085000000000000006,-0.0054999999999999979,16965.806656126239,10179.483993675743
-0.0080000000000000002,-0.0054999999999999979,16928.432860436063,10157.059716261638
-0.0074999999999999997,-0.0054999999999999979,16923.087513702005,10153.852508221202
-0.0069999999999999993,-0.0054999999999999979,16994.001307625673,10196.400784575404
-0.0064999999999999988,-0.0054999999999999979,17165.357402770285,10299.21444166217
-0.0059999999999999984,-0.0054999999999999979,17439.482757045167,10463.689654227101
-0.0054999999999999979,-0.0054999999999999979,17798.715075228996,10679.229045137397
-0.005000000000000001,-0.0054999999999999979,18210.421517324161,10926.252910394496
-0.0044999999999999971,-0.0054999999999999979,18634.129164403646,11180.477498642187
-0.0040000000000000001,-0.0054999999999999979,19029.414383418101,11417.64863005086
-0.0035000000000000031,-0.0054999999999999979,19363.126347016703,11617.875808210021
-0.0029999999999999992,-0.0054999999999999979,19614.690529074222,11768.814317444532
-0.0025000000000000022,-0.0054999999999999979,19778.619811804929,11867.171887082957
-0.0019999999999999983,-0.0054999999999999979,19863.892703770969,11918.335622262581
-0.0015000000000000013,-0.0054999999999999979,19890.452548144756,11934.271528886853
-0.00099999999999999742,-0.0054999999999999979,19883.633190829256,11930.179914497554
-0.00050000000000000044,-0.0054999999999999979,19867.718343519638,11920.631006111782
0,-0.0054999999999999979,19860.007295958087,11916.004377574851
0.00050000000000000044,-0.0054999999999999979,19866.645507654684,11919.987304592811
0.0010000000000000009,-0.0054999999999999979,19881.10053621155,11928.660321726929
0.0015000000000000013,-0.0054999999999999979,19885.597494251255,11931.358496550753
0.0020000000000000018,-0.0054999999999999979,19855.194552970679,11913.116731782407
0.0024999999999999988,-0.0054999999999999979,19763.615414437783,11858.169248662669
0.0030000000000000027,-0.0054999999999999979,19589.582940596938,11753.749764358163
0.0034999999999999996,-0.0054999999999999979,19322.291805487945,11593.375083292767
0.0040000000000000036,-0.0054999999999999979,18964.832961423996,11378.899776854398
0.0045000000000000005,-0.0054999999999999979,18534.794012552651,11120.87640753159
0.0049999999999999975,-0.0054999999999999979,18061.817999174291,10837.090799504575
0.0055000000000000014,-0.0054999999999999979,17582.497974261871,10549.498784557121
0.0059999999999999984,-0.0054999999999999979,17133.507103077332,10280.1042618464
0.0064999999999999988,-0.0054999999999999979,16744.223827660146,10046.534296596086
0.0069999999999999993,-0.0054999999999999979,16430.248003138648,9858.1488018831878
0.0074999999999999997,-0.0054999999999999979,16189.089995755476,9713.4539974532854
0.0080000000000000002,-0.0054999999999999979,15998.960789137964,9599.3764734827782
0.0085000000000000006,-0.0054999999999999979,15821.046877756196,9492.6281266537171
0.0090000000000000011,-0.0054999999999999979,15605.007737730857,9363.0046426385143
0.0095000000000000015,-0.0054999999999999979,15296.805375454656,9178.0832252727942
0.010000000000000002,-0.0054999999999999979,14847.495806658919,8908.4974839953502
0.010500000000000002,-0.0054999999999999979,14221.394266105239,8532.8365596631429
0.011000000000000003,-0.0054999999999999979,13402.131980303344,8041.2791881820058
0.011500000000000003,-0.0054999999999999979,12395.540612002907,7437.3243672017443
0.012000000000000004,-0.0054999999999999979,11228.94054567246,6737.3643274034757
0.012499999999999997,-0.0054999999999999979,9947.1220653159253,5968.2732391895552
0.013000000000000005,-0.0054999999999999979,8605.9267441875272,5163.5560465125163
0.013499999999999998,-0.0054999999999999979,7264.7212584746821,4358.8327550848089
0.014000000000000005,-0.0054999999999999979,5979.1353999289513,3587.4812399573707
0.014499999999999999,-0.0054999999999999979,4795.221405700142,2877.132843420085
0.014999999999999999,-0.0054999999999999979,3745.7669326185551,2247.4601595711329
0.0155,-0.0054999999999999979,2848.9850077881974,1709.3910046729184
0.016000000000000007,-0.0054999999999999979,2109.3389803365244,1265.6033882019146
0.016500000000000001,-0.0054999999999999979,1519.9340239891933,911.96041439351598
0.017000000000000001,-0.0054999999999999979,1065.762127734984,639.45727664099036
0.017500000000000002,-0.0054999999999999979,727.11497193990363,436.26898316394215
0.017999999999999995,-0.0054999999999999979,482.63042358410007,289.57825415046005
0.018500000000000003,-0.0054999999999999979,311.64878478745209,186.98927087247125
0.019000000000000003,-0.0054999999999999979,195.76379881945087,117.45827929167052
0.019500000000000003,-0.0054999999999999979,119.6183426568241,71.771005594094461
0.019999999999999997,-0.0054999999999999979,71.096441563086785,42.657864937852068
0.020499999999999997,-0.0054999999999999979,41.102851217014788,24.661710730208871
0.021000000000000005,-0.0054999999999999979,23.113287876977068,13.86797272618624
0.021500000000000005,-0.0054999999999999979,12.641853112518344,7.5851118675110065
0.021999999999999999,-0.0054999999999999979,6.7253354239106535,4.0352012543463918
0.022499999999999999,-0.0054999999999999979,3.4799053652093983,2.0879432191256391
0.023000000000000007,-0.0054999999999999979,1.7513305823800138,1.0507983494280082
0.023500000000000007,-0.0054999999999999979,0.85726216033657388,0.51435729620194426
0.024,-0.0054999999999999979,0.40813339921923142,0.24488003953153883
0.024500000000000001,-0.0054999999999999979,0.18898708214952356,0.11339224928971413
0.025000000000000001,-0.0054999999999999979,0.085114287012734463,0.051068572207640675
-0.025000000000000001,-0.005000000000000001,0.33485583309751343,0.20091349985850807
-0.024500000000000001,-0.005000000000000001,0.69546386200018406,0.41727831720011044
-0.024,-0.005000000000000001,1.4070096946813861,0.84420581680883167
-0.0235,-0.005000000000000001,2.7730269533596181,1.6638161720157709
-0.023,-0.005000000000000001,5.3244321032289514,3.1946592619373706
-0.022500000000000003,-0.005000000000000001,9.9605023358279077,5.9763014014967446
-0.022000000000000002,-0.005000000000000001,18.155285342376843,10.893171205426105
-0.021500000000000002,-0.005000000000000001,32.244998285162403,19.346998971097442
-0.021000000000000001,-0.005000000000000001,55.806001169893641,33.483600701936183
-0.020500000000000001,-0.005000000000000001,94.119312432470849,56.471587459482507
-0.02,-0.005000000000000001,154.69424129714488,92.816544778286925
-0.0195,-0.005000000000000001,247.78998658271814,148.67399194963087
-0.019,-0.005000000000000001,386.83244882529902,232.0994692951794
-0.018500000000000003,-0.005000000000000001,588.58082722375161,353.14849633425098
-0.018000000000000002,-0.005000000000000001,872.86659719570332,523.71995831742197
-0.017500000000000002,-0.005000000000000001,1261.7220475926263,757.03322855557576
-0.017000000000000001,-0.005000000000000001,1777.7536409998079,1066.6521845998848
-0.016500000000000001,-0.005000000000000001,2441.7098386547532,1465.025903192852
-0.016,-0.005000000000000001,3269.3456893409762,1961.6074136045856
-0.0155,-0.005000000000000001,4267.882394007368,2560.7294364044205
-0.015000000000000001,-0.005000000000000001,5432.5641289277191,3259.5384773566316
-0.014500000000000001,-0.005000000000000001,6743.9742717270556,4046.384563036233
-0.014,-0.005000000000000001,8166.8293691550689,4900.0976214930415
-0.0135,-0.005000000000000001,9650.8718590624594,5790.5231154374751
-0.012999999999999999,-0.005000000000000001,11134.210767485496,6680.5264604912973
-0.012500000000000001,-0.005000000000000001,12549.036856309707,7529.422113785824
-0.012,-0.005000000000000001,13829.137783624314,8297.4826701745878
-0.0115,-0.005000000000000001,14918.171154817976,8950.9026928907842
-0.010999999999999999,-0.005000000000000001,15777.342850948329,9466.4057105689972
-0.010499999999999999,-0.005000000000000001,16391.085962315559,9834.6515773893352
-0.010000000000000002,-0.005000000000000001,16769.586949840181,10061.752169904108
-0.0095000000000000015,-0.005000000000000001,16947.529101437398,10168.517460862438
-0.0090000000000000011,-0.005000000000000001,16979.114087078102,10187.468452246861
-0.0085000000000000006,-0.005000000000000001,16930.127633082928,10158.076579849756
-0.0080000000000000002,-0.005000000000000001,16868.375578029561,10121.025346817736
-0.0074999999999999997,-0.005000000000000001,16854.10902781886,10112.465416691315
-0.0069999999999999993,-0.005000000000000001,16932.026765376821,10159.216059226092
-0.0064999999999999988,-0.005000000000000001,17126.111123015162,10275.666673809097
-0.0059999999999999984,-0.005000000000000001,17438.005509983963,10462.803305990377
-0.0054999999999999979,-0.005000000000000001,17848.998405652412,10709.399043391446
-0.005000000000000001,-0.005000000000000001,18325.064095017933,10995.03845701076
-0.0044999999999999971,-0.005000000000000001,18823.92741847907,11294.356451087442
-0.0040000000000000001,-0.005000000000000001,19302.836356185577,11581.701813711346
-0.0035000000000000031,-0.005000000000000001,19725.673400870495,11835.404040522297
-0.0029999999999999992,-0.005000000000000001,20068.211814050886,12040.927088430532
-0.0025000000000000022,-0.005000000000000001,20320.69384483614,12192.416306901683
-0.0019999999999999983,-0.005000000000000001,20487.415804480381,12292.449482688227
-0.0015000000000000013,-0.005000000000000001,20583.567020952258,12350.140212571354
-0.00099999999999999742,-0.005000000000000001,20630.087907658315,12378.052744594988
-0.00050000000000000044,-0.005000000000000001,20647.687433646603,12388.612460187962
0,-0.005000000000000001,20651.312440183065,12390.787464109839
0.00050000000000000044,-0.005000000000000001,20646.251274701859,12387.750764821116
0.0010000000000000009,-0.005000000000000001,20626.697552523852,12376.018531514312
0.0015000000000000013,-0.005000000000000001,20577.067770410627,12346.240662246377
0.0020000000000000018,-0.005000000000000001,20475.771966422137,12285.463179853281
0.0024999999999999988,-0.005000000000000001,20300.608107405744,12180.364864443445
0.0030000000000000027,-0.005000000000000001,20034.601371903475,12020.760823142084
0.0034999999999999996,-0.005000000000000001,19671.009967267149,11802.605980360289
0.0040000000000000036,-0.005000000000000001,19216.384001364884,11529.83040081893
0.0045000000000000005,-0.005000000000000001,18690.951749489101,11214.571049693461
0.0049999999999999975,-0.005000000000000001,18126.134996184082,10875.680997710449
0.0055000000000000014,-0.005000000000000001,17559.557929522638,10535.734757713582
0.0059999999999999984,-0.005000000000000001,17028.409143311583,10217.04548598695
0.0064999999999999988,-0.005000000000000001,16562.35783084311,9937.4146985058651
0.0069999999999999993,-0.005000000000000001,16177.354613448988,9706.4127680693928
0.0074999999999999997,-0.005000000000000001,15871.538314761256,9522.9229888567534
0.0080000000000000002,-0.005000000000000001,15624.131539687955,9374.4789238127723
0.0085000000000000006,-0.005000000000000001,15397.68725799891,9238.6123547993466
0.0090000000000000011,-0.005000000000000001,15143.430320802607,9086.0581924815633
0.0095000000000000015,-0.005000000000000001,14808.836272981536,8885.3017637889207
0.010000000000000002,-0.005000000000000001,14346.130479672549,8607.6782878035283
0.010500000000000002,-0.005000000000000001,13720.181842331713,8232.1091053990276
0.011000000000000003,-0.005000000000000001,12914.367314782176,7748.6203888693053
0.011500000000000003,-0.005000000000000001,11933.384869952897,7160.0309219717383
0.012000000000000004,-0.005000000000000001,10802.606911772744,6481.5641470636465
0.012499999999999997,-0.005000000000000001,9564.2505714445088,5738.5503428667053
0.013000000000000005,-0.005000000000000001,8271.2352313188167,4962.7411387912898
0.013499999999999998,-0.005000000000000001,6979.967739076772,4187.9806434460634
0.014000000000000005,-0.005000000000000001,5743.3728989810643,3446.0237393886387
0.014499999999999999,-0.005000000000000001,4605.2814432499126,2763.1688659499473
0.014999999999999999,-0.005000000000000001,3596.8803625829182,2158.1282175497508
0.0155,-0.005000000000000001,2735.4420187038741,1641.2652112223243
0.016000000000000007,-0.005000000000000001,2025.1016503233411,1215.0609901940047
0.016500000000000001,-0.005000000000000001,1459.1391235719141,875.48347414314844
0.017000000000000001,-0.005000000000000001,1023.0814831709359,613.8488899025615
0.017500000000000002,-0.005000000000000001,697.9687386974224,418.78124321845343
0.017999999999999995,-0.005000000000000001,463.27018442931814,277.96211065759087
0.018500000000000003,-0.005000000000000001,299.14022752568582,179.48413651541148
0.019000000000000003,-0.005000000000000001,187.90302780598785,112.7418166835927
0.019500000000000003,-0.005000000000000001,114.81350055698078,68.888100334188465
0.019999999999999997,-0.005000000000000001,68.239871302802442,40.943922781681465
0.020499999999999997,-0.005000000000000001,39.451044678833341,23.670626807300003
0.021000000000000005,-0.005000000000000001,22.18428019161075,13.310568114966449
0.021500000000000005,-0.005000000000000001,12.133666494143375,7.2801998964860246
0.021999999999999999,-0.005000000000000001,6.4549586921496527,3.8729752152897916
0.022499999999999999,-0.005000000000000001,3.3399929347462898,2.0039957608477739
0.023000000000000007,-0.005000000000000001,1.6809126634942815,1.0085475980965688
0.023500000000000007,-0.005000000000000001,0.82279153321053033,0.49367491992631818
0.024,-0.005000000000000001,0.39172169498197312,0.23503301698918386
0.024500000000000001,-0.005000000000000001,0.18138738659696604,0.10883243195817963
0.025000000000000001,-0.005000000000000001,0.081691527827382371,0.04901491669642942
-0.025000000000000001,-0.0044999999999999971,0.40591966187755346,0.24355179712653208
-0.024500000000000001,-0.0044999999999999971,0.83874452385073173,0.50324671431043899
-0.024,-0.0044999999999999971,1.6877789160155336,1.0126673496093201
-0.0235,-0.0044999999999999971,3.3077141596360877,1.9846284957816525
-0.023,-0.0044999999999999971,6.3138949724952926,3.7883369834971754
-0.022500000000000003,-0.0044999999999999971,11.739619628096651,7.0437717768579908
-0.022000000000000002,-0.0044999999999999971,21.263171424370856,12.757902854622513
-0.021500000000000002,-0.0044999999999999971,37.518805113038432,22.511283067823058
-0.021000000000000001,-0.0044999999999999971,64.497948472893228,38.698769083735932
-0.020500000000000001,-0.0044999999999999971,108.03066358955546,64.81839815373327
-0.02,-0.0044999999999999971,176.31123314920049,105.78673988952029
-0.0195,-0.0044999999999999971,280.39585903294062,168.23751541976438
-0.019,-0.0044999999999999971,434.55852705023176,260.73511623013906
-0.018500000000000003,-0.0044999999999999971,656.35124736843602,393.81074842106159
-0.018000000000000002,-0.0044999999999999971,966.18994966266052,579.71396979759629
-0.017500000000000002,-0.0044999999999999971,1386.2933238924866,831.77599433549187
-0.017000000000000001,-0.0044999999999999971,1938.8544966373654,1163.3126979824192
-0.016500000000000001,-0.0044999999999999971,2643.4343462699226,1586.0606077619534
-0.016,-0.0044999999999999971,3513.7279081716706,2108.2367449030021
-0.0155,-0.0044999999999999971,4554.051617900147,2732.430970740088
-0.015000000000000001,-0.0044999999999999971,5756.0900860186775,3453.6540516112063
-0.014500000000000001,-0.0044999999999999971,7096.5734505292749,4257.9440703175651
-0.014,-0.0044999999999999971,8536.5742053702979,5121.9445232221788
-0.0135,-0.0044999999999999971,10022.974056827787,6013.7844340966722
-0.012999999999999999,-0.0044999999999999971,11492.347127174513,6895.4082763047072
-0.012500000000000001,-0.0044999999999999971,12877.070521264901,7726.24231275894
-0.012,-0.0044999999999999971,14112.987230050925,8467.7923380305547
-0.0115,-0.0044999999999999971,15147.52150746414,9088.5129044784844
-0.010999999999999999,-0.0044999999999999971,15946.899377889422,9568.1396267336531
-0.010499999999999999,-0.0044999999999999971,16501.143224994437,9900.6859349966617
-0.010000000000000002,-0.0044999999999999971,16825.816433817377,10095.489860290427
-0.0095000000000000015,-0.0044999999999999971,16960.044772356476,10176.026863413885
-0.0090000000000000011,-0.0044999999999999971,16961.02197347744,10176.613184086464
-0.0085000000000000006,-0.0044999999999999971,16895.866161234007,10137.519696740404
-0.0080000000000000002,-0.0044999999999999971,16832.182859195978,10099.309715517587
-0.0074999999999999997,-0.0044999999999999971,16828.9042066486,10097.34252398916
-0.0069999999999999993,-0.0044999999999999971,16928.876996142488,10157.326197685492
-0.0064999999999999988,-0.0044999999999999971,17154.302079119792,10292.581247471875
-0.0059999999999999984,-0.0044999999999999971,17505.578835407425,10503.347301244454
-0.0054999999999999979,-0.0044999999999999971,17963.501336555986,10778.100801933591
-0.005000000000000001,-0.0044999999999999971,18494.203003151932,11096.521801891158
-0.0044999999999999971,-0.0044999999999999971,19055.841543685547,11433.504926211328
-0.0040000000000000001,-0.0044999999999999971,19605.805781426017,11763.483468855609
-0.0035000000000000031,-0.0044999999999999971,20107.224560804356,12064.334736482613
-0.0029999999999999992,-0.0044999999999999971,20533.750114090781,12320.250068454468
-0.0025000000000000022,-0.0044999999999999971,20871.936661342912,12523.161996805748
-0.0019999999999999983,-0.0044999999999999971,21120.98424862462,12672.590549174771
-0.0015000000000000013,-0.0044999999999999971,21290.097699602145,12774.058619761287
-0.00099999999999999742,-0.0044999999999999971,21394.141536800795,12836.484922080477
-0.00050000000000000044,-0.0044999999999999971,21448.575597730964,12869.145358638578
0,-0.0044999999999999971,21464.771247533572,12878.862748520143
0.00050000000000000044,-0.0044999999999999971,21446.705742447877,12868.023445468725
0.0010000000000000009,-0.0044999999999999971,21389.727350277153,12833.836410166292
0.0015000000000000013,-0.0044999999999999971,21281.63578248231,12768.981469489385
0.0020000000000000018,-0.0044999999999999971,21105.824163323316,12663.494497993988
0.0024999999999999988,-0.0044999999999999971,20845.785362152652,12507.471217291592
0.0030000000000000027,-0.0044999999999999971,20489.989872199727,12293.993923319837
0.0034999999999999996,-0.0044999999999999971,20036.05367091882,12021.632202551291
0.0040000000000000036,-0.0044999999999999971,19493.246239887947,11695.947743932767
0.0045000000000000005,-0.0044999999999999971,18882.709413643825,11329.625648186295
0.0049999999999999975,-0.0044999999999999971,18235.200594139926,10941.120356483954
0.0055000000000000014,-0.0044999999999999971,17586.654605621945,10551.992763373166
0.0059999999999999984,-0.0044999999999999971,16972.291114744126,10183.374668846476
0.0064999999999999988,-0.0044999999999999971,16420.304581433644,9852.1827488601866
0.0069999999999999993,-0.0044999999999999971,15946.306288742697,9567.7837732456173
0.0074999999999999997,-0.0044999999999999971,15549.61332764496,9329.7679965869756
0.0080000000000000002,-0.0044999999999999971,15212.197622152027,9127.3185732912152
0.0085000000000000006,-0.0044999999999999971,14900.654042239206,8940.3924253435234
0.0090000000000000011,-0.0044999999999999971,14570.991955562986,8742.5951733377915
0.0095000000000000015,-0.0044999999999999971,14175.501948033901,8505.3011688203405
0.010000000000000002,-0.0044999999999999971,13670.516039914801,8202.3096239488805
0.010500000000000002,-0.0044999999999999971,13023.670068120235,7814.2020408721401
0.011000000000000003,-0.0044999999999999971,12219.352401824433,7331.6114410946602
0.011500000000000003,-0.0044999999999999971,11261.378943616755,6756.8273661700532
0.012000000000000004,-0.0044999999999999971,10172.493901754833,6103.4963410528999
0.012499999999999997,-0.0044999999999999971,8990.9279574173543,5394.5567744504124
0.013000000000000005,-0.0044999999999999971,7764.8001511088387,4658.8800906653032
0.013499999999999998,-0.0044999999999999971,6545.500899951192,3927.3005399707149
0.014000000000000005,-0.0044999999999999971,5381.2738114594304,3228.7642868756579
0.014499999999999999,-0.0044999999999999971,4312.0306261789947,2587.2183757073967
0.014999999999999999,-0.0044999999999999971,3366.0600680139969,2019.6360408083981
0.0155,-0.0044999999999999971,2558.8394986195981,1535.3036991717588
0.016000000000000007,-0.0044999999999999971,1893.7426702475479,1136.2456021485286
0.016500000000000001,-0.0044999999999999971,1364.1434646294681,818.48607877768086
0.017000000000000001,-0.0044999999999999971,956.2837815545264,573.77026893271579
0.017500000000000002,-0.0044999999999999971,652.2958044330702,391.37748265984209
0.017999999999999995,-0.0044999999999999971,432.90216898572407,259.74130139143443
0.018500000000000003,-0.0044999999999999971,279.50435555051416,167.70261333030848
0.019000000000000003,-0.0044999999999999971,175.5556985580715,105.3334191348429
0.019500000000000003,-0.0044999999999999971,107.26266522411343,64.35759913446806
0.019999999999999997,-0.0044999999999999971,63.749067888242145,38.249440732945288
0.020499999999999997,-0.0044999999999999971,36.85347971998408,22.112087831990447
0.021000000000000005,-0.0044999999999999971,20.723021729884618,12.43381303793077
0.021500000000000005,-0.0044999999999999971,11.334182486943446,6.8005094921660669
0.021999999999999999,-0.0044999999999999971,6.0295389070527028,3.6177233442316217
0.022499999999999999,-0.0044999999999999971,3.1198254711900013,1.8718952827140007
0.023000000000000007,-0.0044999999999999971,1.5700926946721347,0.94205561680328076
0.023500000000000007,-0.0044999999999999971,0.76853977579682298,0.46112386547809375
0.024,-0.0044999999999999971,0.36589066887300259,0.21953440132380156
0.024500000000000001,-0.0044999999999999971,0.1694254230939414,0.10165525385636484
0.025000000000000001,-0.0044999999999999971,0.076303907695814993,0.045782344617488993
-0.025000000000000001,-0.0040000000000000001,0.48679621595640876,0.29207772957384526
-0.024500000000000001,-0.0040000000000000001,1.0016633871648926,0.60099803229893556
-0.024,-0.0040000000000000001,2.0067123564428511,1.2040274138657105
-0.0235,-0.0040000000000000001,3.9144067672395439,2.3486440603437262
-0.023,-0.0040000000000000001,7.4352214835060488,4.4611328901036291
-0.022500000000000003,-0.0040000000000000001,13.753060786078739,8.251836471647243
-0.022000000000000002,-0.0040000000000000001,24.774980702274572,14.864988421364743
-0.021500000000000002,-0.0040000000000000001,43.467770251563707,26.080662150938224
-0.021000000000000001,-0.0040000000000000001,74.283698320833508,44.570218992500102
-0.020500000000000001,-0.0040000000000000001,123.65858148937605,74.195148893625628
-0.02,-0.0040000000000000001,200.53607129692719,120.3216427781563
-0.0195,-0.0040000000000000001,316.83393128289464,190.10035876973677
-0.019,-0.0040000000000000001,487.72609783512632,292.63565870107578
-0.018500000000000003,-0.0040000000000000001,731.57816101583649,438.94689660950189
-0.018000000000000002,-0.0040000000000000001,1069.3575317697073,641.61451906182435
-0.017500000000000002,-0.0040000000000000001,1523.3590804720693,914.01544828324154
-0.017000000000000001,-0.0040000000000000001,2115.1564139664015,1269.0938483798409
-0.016500000000000001,-0.0040000000000000001,2862.8142017250811,1717.6885210350486
-0.016,-0.0040000000000000001,3777.570059428987,2266.5420356573923
-0.0155,-0.0040000000000000001,4860.3894710898112,2916.2336826538867
-0.015000000000000001,-0.0040000000000000001,6098.9706994273565,3659.3824196564137
-0.014500000000000001,-0.0040000000000000001,7465.874698996241,4479.5248193977441
-0.014,-0.0040000000000000001,8918.426474480133,5351.0558846880795
-0.0135,-0.0040000000000000001,10400.847549058286,6240.508529434971
-0.012999999999999999,-0.0040000000000000001,11848.738243156673,7109.2429458940032
-0.012500000000000001,-0.0040000000000000001,13195.581675542358,7917.3490053254145
-0.012,-0.0040000000000000001,14380.477912404271,8628.286747442562
-0.0115,-0.0040000000000000001,15355.948583239482,9213.5691499436889
-0.010999999999999999,-0.0040000000000000001,16094.485577525584,9656.6913465153502
-0.010499999999999999,-0.0040000000000000001,16592.619795777566,9955.5718774665384
-0.010000000000000002,-0.0040000000000000001,16871.661673345596,10122.997004007357
-0.0095000000000000015,-0.0040000000000000001,16974.847261830018,10184.908357098011
-0.0090000000000000011,-0.0040000000000000001,16961.287139708998,10176.772283825399
-0.0085000000000000006,-0.0040000000000000001,16897.709945444411,10138.625967266646
-0.0080000000000000002,-0.0040000000000000001,16849.383330948262,10109.629998568957
-0.0074999999999999997,-0.0040000000000000001,16871.700631994965,10123.020379196978
-0.0069999999999999993,-0.0040000000000000001,17003.732156497212,10202.239293898327
-0.0064999999999999988,-0.0040000000000000001,17264.61634583749,10358.769807502495
-0.0059999999999999984,-0.0040000000000000001,17653.116157897417,10591.869694738451
-0.0054999999999999979,-0.0040000000000000001,18150.111883115867,10890.06712986952
-0.005000000000000001,-0.0040000000000000001,18723.347609400684,11234.00856564041
-0.0044999999999999971,-0.0040000000000000001,19333.461102025616,11600.076661215369
-0.0040000000000000001,-0.0040000000000000001,19940.229227925036,11964.137536755021
-0.0035000000000000031,-0.0040000000000000001,20508.040593568639,12304.824356141184
-0.0029999999999999992,-0.0040000000000000001,21009.828170643341,12605.896902386005
-0.0025000000000000022,-0.0040000000000000001,21429.010647716863,12857.406388630117
-0.0019999999999999983,-0.0040000000000000001,21759.351486865089,13055.610892119053
-0.0015000000000000013,-0.0040000000000000001,22002.997741618619,13201.798644971172
-0.00099999999999999742,-0.0040000000000000001,22167.256237177859,13300.353742306716
-0.00050000000000000044,-0.0040000000000000001,22260.857429848289,13356.514457908974
0,-0.0040000000000000001,22290.514018619855,13374.308411171913
0.00050000000000000044,-0.0040000000000000001,22258.48960404798,13355.093762428787
0.0010000000000000009,-0.0040000000000000001,22161.666486552436,13296.999891931462
0.0015000000000000013,-0.0040000000000000001,21992.28228900702,13195.369373404212
0.0020000000000000018,-0.0040000000000000001,21740.154043385864,13044.092426031519
0.0024999999999999988,-0.0040000000000000001,21395.894865177681,12837.536919106607
0.0030000000000000027,-0.0040000000000000001,20954.413919757269,12572.648351854361
0.0034999999999999996,-0.0040000000000000001,20417.915827857301,12250.749496714381
0.0040000000000000036,-0.0040000000000000001,19797.693391630044,11878.616034978026
0.0045000000000000005,-0.0040000000000000001,19114.221288076271,11468.532772845761
0.0049999999999999975,-0.0040000000000000001,18395.368972792094,11037.221383675256
0.0055000000000000014,-0.0040000000000000001,17672.905213519138,10603.743128111482
0.0059999999999999984,-0.0040000000000000001,16977.805915763169,10186.683549457901
0.0064999999999999988,-0.0040000000000000001,16335.144301606204,9801.0865809637216
0.0069999999999999993,-0.0040000000000000001,15759.48812720875,9455.692876325249
0.0074999999999999997,-0.0040000000000000001,15251.715397409895,9151.0292384459372
0.0080000000000000002,-0.0040000000000000001,14797.97171899263,8878.7830313955783
0.0085000000000000006,-0.0040000000000000001,14371.142902963707,8622.6857417782248
0.0090000000000000011,-0.0040000000000000001,13934.756267971661,8360.8537607829967
0.0095000000000000015,-0.0040000000000000001,13448.73890406102,8069.2433424366118
0.010000000000000002,-0.0040000000000000001,12876.057442364367,7725.6344654186196
0.010500000000000002,-0.0040000000000000001,12189.043361159598,7313.4260166957583
0.011000000000000003,-0.0040000000000000001,11374.23691355435,6824.5421481326102
0.011500000000000003,-0.0040000000000000001,10434.867946888424,6260.9207681330545
0.012000000000000004,-0.0040000000000000001,9390.5720875519928,5634.3432525311955
0.012499999999999997,-0.0040000000000000001,8274.5010391910928,4964.7006235146555
0.013000000000000005,-0.0040000000000000001,7128.4895791845775,4277.0937475107467
0.013499999999999998,-0.0040000000000000001,5997.2711144372779,3598.3626686623666
0.014000000000000005,-0.0040000000000000001,4922.8222434884137,2953.6933460930481
0.014499999999999999,-0.0040000000000000001,3939.7663411921581,2363.8598047152946
0.014999999999999999,-0.0040000000000000001,3072.439827575764,1843.4638965454583
0.0155,-0.0040000000000000001,2333.8224282472593,1400.2934569483555
0.016000000000000007,-0.0040000000000000001,1726.1584463587842,1035.6950678152705
0.016500000000000001,-0.0040000000000000001,1242.828963800973,745.69737828058385
0.017000000000000001,-0.0040000000000000001,870.91237494877896,522.54742496926735
0.017500000000000002,-0.0040000000000000001,593.88700866896909,356.33220520138144
0.017999999999999995,-0.0040000000000000001,394.04721363929792,236.42832818357874
0.018500000000000003,-0.0040000000000000001,254.37128768943481,152.62277261366089
0.019000000000000003,-0.0040000000000000001,159.74693003252773,95.848158019516632
0.019500000000000003,-0.0040000000000000001,97.592770269303955,58.555662161582369
0.019999999999999997,-0.0040000000000000001,57.996912542275979,34.798147525365586
0.020499999999999997,-0.0040000000000000001,33.525845611624028,20.115507366974416
0.021000000000000005,-0.0040000000000000001,18.850851786393942,11.310511071836364
0.021500000000000005,-0.0040000000000000001,10.309789745602998,6.1858738473617985
0.021999999999999999,-0.0040000000000000001,5.4844032799053917,3.2906419679432348
0.022499999999999999,-0.0040000000000000001,2.8376861136452898,1.7026116681871739
0.023000000000000007,-0.0040000000000000001,1.428073483006097,0.85684408980365823
0.023500000000000007,-0.0040000000000000001,0.69901214716694549,0.41940728830016727
0.024,-0.0040000000000000001,0.3327854354518418,0.19967126127110507
0.024500000000000001,-0.0040000000000000001,0.15409456740105482,0.092456740440632887
0.025000000000000001,-0.0040000000000000001,0.069398840875522907,0.041639304525313746
-0.025000000000000001,-0.0035000000000000031,0.57560232514288412,0.34536139508573044
-0.024500000000000001,-0.0035000000000000031,1.1805006776180837,0.70830040657085025
-0.024,-0.0035000000000000031,2.3566885313372077,1.4140131188023246
-0.0235,-0.0035000000000000031,4.5798977486383334,2.7479386491829998
-0.023,-0.0035000000000000031,8.6647024151021039,5.1988214490612625
-0.022500000000000003,-0.0035000000000000031,15.95966070576312,9.5757964234578719
-0.022000000000000002,-0.0035000000000000031,28.621663547366364,17.172998128419817
-0.021500000000000002,-0.0035000000000000031,49.980157722666668,29.988094633599999
-0.021000000000000001,-0.0035000000000000031,84.989149581852033,50.99348974911122
-0.020500000000000001,-0.0035000000000000031,140.74253214102646,84.44551928461587
-0.02,-0.0035000000000000031,226.9956833217239,136.19740999303434
-0.0195,-0.0035000000000000031,356.59576909193771,213.95746145516262
-0.019,-0.0035000000000000031,545.68130143435462,327.40878086061275
-0.018500000000000003,-0.0035000000000000031,813.47958463323596,488.08775077994153
-0.018000000000000002,-0.0035000000000000031,1181.5239403847204,708.91436423083223
-0.017500000000000002,-0.0035000000000000031,1672.1471616476522,1003.2882969885912
-0.017000000000000001,-0.0035000000000000031,2306.1955678410541,1383.7173407046323
-0.016500000000000001,-0.0035000000000000031,3100.0511172009274,1860.0306703205563
-0.016,-0.0035000000000000031,4062.2332019794039,2437.3399211876422
-0.0155,-0.0035000000000000031,5190.0444854743309,3114.0266912845987
-0.015000000000000001,-0.0035000000000000031,6466.8782534625798,3880.1269520775477
-0.014500000000000001,-0.0035000000000000031,7860.8637507795265,4716.5182504677159
-0.014,-0.0035000000000000031,9325.4450212419488,5595.2670127451693
-0.0135,-0.0035000000000000031,10802.247814727478,6481.3486888364869
-0.012999999999999999,-0.0035000000000000031,12226.207695116915,7335.7246170701483
-0.012500000000000001,-0.0035000000000000031,13532.474234045414,8119.4845404272482
-0.012,-0.0035000000000000031,14664.170125361125,8798.5020752166747
-0.0115,-0.0035000000000000031,15579.782346418955,9347.8694078513727
-0.010999999999999999,-0.0035000000000000031,16258.889520446364,9755.3337122678186
-0.010499999999999999,-0.0035000000000000031,16705.131535445096,10023.078921267057
-0.010000000000000002,-0.0035000000000000031,16945.782452354651,10167.469471412791
-0.0095000000000000015,-0.0035000000000000031,17027.905377760479,10216.743226656286
-0.0090000000000000011,-0.0035000000000000031,17011.709914390405,10207.025948634242
-0.0085000000000000006,-0.0035000000000000031,16962.249600606552,10177.349760363932
-0.0080000000000000002,-0.0035000000000000031,16940.869714518652,10164.521828711191
-0.0074999999999999997,-0.0035000000000000031,16997.790022148452,10198.674013289072
-0.0069999999999999993,-0.0035000000000000031,17166.904615860763,10300.142769516458
-0.0064999999999999988,-0.0035000000000000031,17463.390670842098,10478.034402505258
-0.0059999999999999984,-0.0035000000000000031,17884.165533842628,10730.499320305576
-0.0054999999999999979,-0.0035000000000000031,18410.742208764976,11046.445325258985
-0.005000000000000001,-0.0035000000000000031,19013.698847225183,11408.21930833511
-0.0044999999999999971,-0.0035000000000000031,19657.838916707835,11794.7033500247
-0.0040000000000000001,-0.0035000000000000031,20307.164916488669,12184.298949893202
-0.0035000000000000031,-0.0035000000000000031,20928.97296311512,12557.383777869072
-0.0029999999999999992,-0.0035000000000000031,21496.635717379817,12897.98143042789
-0.0025000000000000022,-0.0035000000000000031,21990.917479069027,13194.550487441416
-0.0019999999999999983,-0.0035000000000000031,22399.912756687052,13439.94765401223
-0.0015000000000000013,-0.0035000000000000031,22717.890615614582,13630.734369368749
-0.00099999999999999742,-0.0035000000000000031,22943.448760587795,13766.069256352677
-0.00050000000000000044,-0.0035000000000000031,23077.430837723325,13846.458502633994
0,-0.0035000000000000031,23121.041476395283,13872.624885837169
0.00050000000000000044,-0.0035000000000000031,23074.514567486705,13844.708740492022
0.0010000000000000009,-0.0035000000000000031,22936.564291562703,13761.938574937622
0.0015000000000000013,-0.0035000000000000031,22704.693210839687,13622.815926503812
0.0020000000000000018,-0.0035000000000000031,22376.268731425418,13425.76123885525
0.0024999999999999988,-0.0035000000000000031,21950.131298358945,13170.078779015366
0.0030000000000000027,-0.0035000000000000031,21428.386215865579,12857.031729519347
0.0034999999999999996,-0.0035000000000000031,20817.97317090405,12490.783902542429
0.0040000000000000036,-0.0035000000000000031,20131.614410626058,12078.968646375635
0.0045000000000000005,-0.0035000000000000031,19387.817978504052,11632.69078710243
0.0049999999999999975,-0.0035000000000000031,18609.752604193298,11165.851562515978
0.0055000000000000014,-0.0035000000000000031,17823.003192203942,10693.801915322365
0.0059999999999999984,-0.0035000000000000031,17052.437473710976,10231.462484226586
0.0064999999999999988,-0.0035000000000000031,16318.630926266205,9791.1785557597232
0.0069999999999999993,-0.0035000000000000031,15634.464252539936,9380.6785515239608
0.0074999999999999997,-0.0035000000000000031,15002.577906980352,9001.5467441882101
0.0080000000000000002,-0.0035000000000000031,14414.302673048824,8648.5816038292942
0.0085000000000000006,-0.0035000000000000031,13850.469897112454,8310.2819382674716
0.0090000000000000011,-0.0035000000000000031,13284.162938465473,7970.4977630792837
0.0095000000000000015,-0.0035000000000000031,12685.066958854659,7611.0401753127953
0.010000000000000002,-0.0035000000000000031,12024.701816016279,7214.8210896097671
0.010500000000000002,-0.0035000000000000031,11281.582687687282,6768.9496126123686
0.011000000000000003,-0.0035000000000000031,10445.319668142332,6267.1918008853991
0.011500000000000003,-0.0035000000000000031,9518.8630887927357,5711.317853275641
0.012000000000000004,-0.0035000000000000031,8518.4841383878174,5111.0904830326899
0.012499999999999997,-0.0035000000000000031,7471.5549764189391,4482.9329858513629
0.013000000000000005,-0.0035000000000000031,6412.6378428118232,3847.5827056870939
0.013499999999999998,-0.0035000000000000031,5378.6989669659251,3227.2193801795552
0.014000000000000005,-0.0035000000000000031,4404.3643848906586,2642.6186309343952
0.014499999999999999,-0.0035000000000000031,3518.0253318304967,2110.8151990982979
0.014999999999999999,-0.0035000000000000031,2739.3312773969355,1643.5987664381612
0.0155,-0.0035000000000000031,2078.2647815345758,1246.9588689207455
0.016000000000000007,-0.0035000000000000031,1535.666159136849,921.39969548210945
0.016500000000000001,-0.0035000000000000031,1104.838997920388,662.90339875223276
0.017000000000000001,-0.0035000000000000031,773.75519253756738,464.25311552254038
0.017500000000000002,-0.0035000000000000031,527.38738311366069,316.43242986819638
0.017999999999999995,-0.0035000000000000031,349.79578665440067,209.87747199264041
0.018500000000000003,-0.0035000000000000031,225.74031715392675,135.44419029235604
0.019000000000000003,-0.0035000000000000031,141.73440417136459,85.040642502818756
0.019500000000000003,-0.0035000000000000031,86.573171811983372,51.943903087190023
0.019999999999999997,-0.0035000000000000031,51.44108543923609,30.864651263541653
0.020499999999999997,-0.0035000000000000031,29.732923684564881,17.839754210738928
0.021000000000000005,-0.0035000000000000031,16.716745227440668,10.0300471364644
0.021500000000000005,-0.0035000000000000031,9.1420049990429444,5.4852029994257663
0.021999999999999999,-0.0035000000000000031,4.8629323194503025,2.9177593916701814
0.022499999999999999,-0.0035000000000000031,2.516027194117922,1.5096163164707532
0.023000000000000007,-0.0035000000000000031,1.2661569146085709,0.75969414876514252
0.023500000000000007,-0.0035000000000000031,0.61974171508141995,0.37184502904885197
0.024,-0.0035000000000000031,0.29504055988348193,0.17702433593008915
0.024500000000000001,-0.0035000000000000031,0.13661488068075781,0.081968928408454683
0.025000000000000001,-0.0035000000000000031,0.061525849739666641,0.03691550984379998
-0.025000000000000001,-0.0029999999999999992,0.66908188897024001,0.401449133382144
-0.024500000000000001,-0.0029999999999999992,1.3687570920017904,0.8212542552010742
-0.024,-0.0029999999999999992,2.7251144682272215,1.6350686809363328
-0.0235,-0.0029999999999999992,5.280507844419394,3.1683047066516363
-0.023,-0.0029999999999999992,9.9591408910870349,5.975484534652221
-0.022500000000000003,-0.0029999999999999992,18.282996720421693,10.969798032253015
-0.022000000000000002,-0.0029999999999999992,32.672154568762259,19.603292741257356
-0.021500000000000002,-0.0029999999999999992,56.838185959413302,34.10291157564798
-0.021000000000000001,-0.0029999999999999992,96.263919724429599,57.758351834657759
-0.020500000000000001,-0.0029999999999999992,158.73712541731314,95.242275250387877
-0.02,-0.0029999999999999992,254.8695604139283,152.92173624835698
-0.0195,-0.0029999999999999992,398.48980520267594,239.09388312160556
-0.019,-0.0029999999999999992,606.75652953611768,364.05391772167059
-0.018500000000000003,-0.0029999999999999992,899.81138578919547,539.8868314735173
-0.018000000000000002,-0.0029999999999999992,1299.7941233112333,779.87647398673994
-0.017500000000000002,-0.0029999999999999992,1829.0929176704828,1097.4557506022898
-0.017000000000000001,-0.0029999999999999992,2507.8103534023257,1504.6862120413955
-0.016500000000000001,-0.0029999999999999992,3350.5873536289682,2010.3524121773808
-0.016,-0.0029999999999999992,4363.1231352700734,2617.8738811620437
-0.0155,-0.0029999999999999992,5538.9195439589821,3323.3517263753893
-0.015000000000000001,-0.0029999999999999992,6856.9096166652507,4114.1457699991506
-0.014500000000000001,-0.0029999999999999992,8280.6477884015821,4968.3886730409495
-0.014,-0.0029999999999999992,9759.6026610915069,5855.7615966549038
-0.0135,-0.0029999999999999992,11232.794830349998,6739.6768982099984
-0.012999999999999999,-0.0029999999999999992,12634.597914271853,7580.758748563112
-0.012500000000000001,-0.0029999999999999992,13902.050615760927,8341.2303694565562
-0.012,-0.0029999999999999992,14982.621043847348,8989.5726263084089
-0.0115,-0.0029999999999999992,15841.134010678003,9504.6804064068019
-0.010999999999999999,-0.0029999999999999992,16464.599777948999,9878.7598667693983
-0.010499999999999999,-0.0029999999999999992,16863.991968382084,10118.395181029251
-0.010000000000000002,-0.0029999999999999992,17072.563222859189,10243.537933715514
-0.0095000000000000015,-0.0029999999999999992,17140.943861089625,10284.566316653774
-0.0090000000000000011,-0.0029999999999999992,17129.887861313084,10277.932716787849
-0.0085000000000000006,-0.0029999999999999992,17101.962827348321,10261.177696408993
-0.0080000000000000002,-0.0029999999999999992,17113.624165607915,10268.174499364748
-0.0074999999999999997,-0.0029999999999999992,17208.942699597796,10325.365619758677
-0.0069999999999999993,-0.0029999999999999992,17415.82618465232,10449.495710791392
-0.0064999999999999988,-0.0029999999999999992,17745.00899914957,10647.005399489741
-0.0059999999999999984,-0.0029999999999999992,18191.527210970689,10914.916326582414
-0.0054999999999999979,-0.0029999999999999992,18737.97804416006,11242.786826496036
-0.005000000000000001,-0.0029999999999999992,19358.662239480804,11615.197343688482
-0.0044999999999999971,-0.0029999999999999992,20023.737032053163,12014.242219231897
-0.0040000000000000001,-0.0029999999999999992,20702.717967494467,12421.63078049668
-0.0035000000000000031,-0.0029999999999999992,21366.973281501458,12820.183968900874
-0.0029999999999999992,-0.0029999999999999992,21991.161086267184,13194.69665176031
-0.0025000000000000022,-0.0029999999999999992,22553.792322247715,13532.275393348629
-0.0019999999999999983,-0.0029999999999999992,23037.22205905565,13822.333235433389
-0.0015000000000000013,-0.0029999999999999992,23427.377725936647,14056.426635561987
-0.00099999999999999742,-0.0029999999999999992,23713.455373371293,14228.073224022775
-0.00050000000000000044,-0.0029999999999999992,23887.700229624668,14332.6201377748
0,-0.0029999999999999992,23945.281567355971,14367.168940413581
0.00050000000000000044,-0.0029999999999999992,23884.206880051071,14330.524128030642
0.0010000000000000009,-0.0029999999999999992,23705.208587243149,14223.125152345889
0.0015000000000000013,-0.0029999999999999992,23411.568783485392,14046.941270091234
0.0020000000000000018,-0.0029999999999999992,23008.899290977162,13805.339574586296
0.0024999999999999988,-0.0029999999999999992,22504.935263253901,13502.961157952341
0.0030000000000000027,-0.0029999999999999992,21909.406191257971,13145.643714754782
0.0034999999999999996,-0.0029999999999999992,21234.008554185944,12740.405132511567
0.0040000000000000036,-0.0029999999999999992,20492.429059045549,12295.45743542733
0.0045000000000000005,-0.0029999999999999992,19700.283630001086,11820.170178000652
0.0049999999999999975,-0.0029999999999999992,18874.782035878918,11324.86922152735
0.0055000000000000014,-0.0029999999999999992,18033.935662520991,10820.361397512594
0.0059999999999999984,-0.0029999999999999992,17195.214582693225,10317.128749615935
0.0064999999999999988,-0.0029999999999999992,16373.721141332051,9824.2326847992299
0.0069999999999999993,-0.0029999999999999992,15580.142432661343,9348.0854595968049
0.0074999999999999997,-0.0029999999999999992,14818.912686519336,8891.3476119116003
0.0080000000000000002,-0.0029999999999999992,14087.093295400675,8452.2559772404038
0.0085000000000000006,-0.0029999999999999992,13374.41585181651,8024.649511089905
0.0090000000000000011,-0.0029999999999999992,12664.723942202751,7598.8343653216498
0.0095000000000000015,-0.0029999999999999992,11938.732986252086,7163.2397917512508
0.010000000000000002,-0.0029999999999999992,11177.686017466416,6706.6116104798493
0.010500000000000002,-0.0029999999999999992,10367.216800972812,6220.330080583687
0.011000000000000003,-0.0029999999999999992,9500.6252087769026,5700.3751252661414
0.011500000000000003,-0.0029999999999999992,8580.863875764855,5148.5183254589128
0.012000000000000004,-0.0029999999999999992,7620.8103129695646,4572.4861877817384
0.012499999999999997,-0.0029999999999999992,6641.7804808474721,3985.068288508483
0.013000000000000005,-0.0029999999999999992,5670.623345098491,3402.3740070590943
0.013499999999999998,-0.0029999999999999992,4736.0196629362445,2841.6117977617464
0.014000000000000005,-0.0029999999999999992,3864.7254556832645,2318.8352734099585
0.014499999999999999,-0.0029999999999999992,3078.4369135122838,1847.0621481073701
0.014999999999999999,-0.0029999999999999992,2391.7456973863582,1435.0474184318148
0.0155,-0.0029999999999999992,1811.3725678933317,1086.8235407359989
0.016000000000000007,-0.0029999999999999992,1336.5922634184767,801.95535805108602
0.016500000000000001,-0.0029999999999999992,960.55733562429339,576.33440137457603
0.017000000000000001,-0.0029999999999999992,672.12658705753029,403.27595223451817
0.017500000000000002,-0.0029999999999999992,457.80501917515397,274.6830115050924
0.017999999999999995,-0.0029999999999999992,303.48138291354604,182.08882974812761
0.018500000000000003,-0.0029999999999999992,195.76870357946709,117.46122214768025
0.019000000000000003,-0.0029999999999999992,122.87554224213032,73.725325345278193
0.019500000000000003,-0.0029999999999999992,75.034415772006554,45.020649463203931
0.019999999999999997,-0.0029999999999999992,44.575750205325463,26.745450123195276
0.020499999999999997,-0.0029999999999999992,25.760639391576635,15.456383634945981
0.021000000000000005,-0.0029999999999999992,14.481589799912427,8.6889538799474568
0.021500000000000005,-0.0029999999999999992,7.9188705913232242,4.7513223547939347
0.021999999999999999,-0.0029999999999999992,4.2119822012746138,2.527189320764768
0.022499999999999999,-0.0029999999999999992,2.1791011328829759,1.3074606797297854
0.023000000000000007,-0.0029999999999999992,1.0965514626861854,0.65793087761171121
0.023500000000000007,-0.0029999999999999992,0.53670556659625746,0.32202333995775445
0.024,-0.0029999999999999992,0.25550209432602433,0.15330125659561458
0.024500000000000001,-0.0029999999999999992,0.11830438778075031,0.070982632668450188
0.025000000000000001,-0.0029999999999999992,0.053278588714236047,0.031967153228541628
-0.025000000000000001,-0.0025000000000000022,0.76269106104188111,0.45761463662512863
-0.024500000000000001,-0.0025000000000000022,1.5573162882958835,0.93438977297753012
-0.024,-0.0025000000000000022,3.0942239812421746,1.8565343887453047
-0.0235,-0.0025000000000000022,5.9826109707901134,3.5895665824740681
-0.023,-0.0025000000000000022,11.256736888696247,6.754042133217748
-0.022500000000000003,-0.0025000000000000022,20.612802999295695,12.367681799577417
-0.022000000000000002,-0.0025000000000000022,36.73549985770601,22.041299914623604
-0.021500000000000002,-0.0025000000000000022,63.720984790104779,38.232590874062865
-0.021000000000000001,-0.0025000000000000022,107.58501066130049,64.551006396780295
-0.020500000000000001,-0.0025000000000000022,176.81580656971499,106.08948394182899
-0.02,-0.0025000000000000022,282.8916767338763,169.73500604032577
-0.0195,-0.0025000000000000022,440.63771223748768,264.38262734249258
-0.019,-0.0025000000000000022,668.25425994866612,400.95255596919964
-0.018500000000000003,-0.0025000000000000022,986.82672333138169,592.09603399882894
-0.018000000000000002,-0.0025000000000000022,1419.1397061573221,851.48382369439321
-0.017500000000000002,-0.0025000000000000022,1987.6846684247425,1192.6108010548455
-0.017000000000000001,-0.0025000000000000022,2711.8772040453778,1627.1263224272266
-0.016500000000000001,-0.0025000000000000022,3604.6807430477866,2162.8084458286717
-0.016,-0.0025000000000000022,4669.0410644035373,2801.4246386421223
-0.0155,-0.0025000000000000022,5894.7241106804504,3536.8344664082701
-0.015000000000000001,-0.0025000000000000022,7256.2598063665555,4353.7558838199329
-0.014500000000000001,-0.0025000000000000022,8712.6710049466328,5227.6026029679797
-0.014,-0.0025000000000000022,10209.474756226486,6125.684853735891
-0.0135,-0.0025000000000000022,11683.087031490779,7009.8522188944671
-0.012999999999999999,-0.0025000000000000022,13067.294310630599,7840.3765863783592
-0.012500000000000001,-0.0025000000000000022,14300.972401403858,8580.5834408423143
-0.012,-0.0025000000000000022,15335.855071952326,9201.5130431713951
-0.0115,-0.0025000000000000022,16142.995479794779,9685.7972878768669
-0.010999999999999999,-0.0025000000000000022,16716.692194239018,10030.015316543411
-0.010499999999999999,-0.0025000000000000022,17075.06925032775,10245.041550196649
-0.010000000000000002,-0.0025000000000000022,17257.12805002313,10354.276830013878
-0.0095000000000000015,-0.0025000000000000022,17316.786353272022,10390.071811963213
-0.0090000000000000011,-0.0025000000000000022,17315.016890174702,10389.010134104821
-0.0085000000000000006,-0.0025000000000000022,17311.545845350545,10386.927507210326
-0.0080000000000000002,-0.0025000000000000022,17357.583708396676,10414.550225038005
-0.0074999999999999997,-0.0025000000000000022,17490.741288136916,10494.444772882149
-0.0069999999999999993,-0.0025000000000000022,17732.724228610874,10639.634537166525
-0.0064999999999999988,-0.0025000000000000022,18089.753329512096,10853.851997707257
-0.0059999999999999984,-0.0025000000000000022,18555.094041406068,11133.05642484364
-0.0054999999999999979,-0.0025000000000000022,19112.73220764516,11467.639324587095
-0.005000000000000001,-0.0025000000000000022,19741.170464764633,11844.70227885878
-0.0044999999999999971,-0.0025000000000000022,20416.523669669088,12249.914201801452
-0.0040000000000000001,-0.0025000000000000022,21114.474152784049,12668.684491670429
-0.0035000000000000031,-0.0025000000000000022,21811.080781805485,13086.648469083291
-0.0029999999999999992,-0.0025000000000000022,22482.792341772358,13489.675405063414
-0.0025000000000000022,-0.0025000000000000022,23106.204163668532,13863.722498201119
-0.0019999999999999983,-0.0025000000000000022,23658.083632393635,14194.85017943618
-0.0015000000000000013,-0.0025000000000000022,24116.002831268484,14469.601698761091
-0.00099999999999999742,-0.0025000000000000022,24459.630410083053,14675.778246049831
-0.00050000000000000044,-0.0025000000000000022,24672.447335437151,14803.468401262289
0,-0.0025000000000000022,24743.452995884363,14846.071797530618
0.00050000000000000044,-0.0025000000000000022,24668.377352460015,14801.026411476008
0.0010000000000000009,-0.0025000000000000022,24450.022359571511,14670.013415742906
0.0015000000000000013,-0.0025000000000000022,24097.584369185755,14458.550621511453
0.0020000000000000018,-0.0025000000000000022,23625.085736959449,14175.051442175669
0.0024999999999999988,-0.0025000000000000022,23049.282463097734,13829.56947785864
0.0030000000000000027,-0.0025000000000000022,22387.542489453157,13432.525493671894
0.0034999999999999996,-0.0025000000000000022,21656.168092613738,12993.700855568242
0.0040000000000000036,-0.0025000000000000022,20869.473685572037,12521.684211343221
0.0045000000000000005,-0.0025000000000000022,20039.679093278493,12023.807455967095
0.0049999999999999975,-0.0025000000000000022,19177.418068922481,11506.450841353488
0.0055000000000000014,-0.0025000000000000022,18292.476333424704,10975.485800054821
0.0059999999999999984,-0.0025000000000000022,17394.324026393584,10436.594415836151
0.0064999999999999988,-0.0025000000000000022,16492.112406243599,9895.2674437461592
0.0069999999999999993,-0.0025000000000000022,15594.031416856888,9356.4188501141325
0.0074999999999999997,-0.0025000000000000022,14706.198469526018,8823.7190817156097
0.0080000000000000002,-0.0025000000000000022,13831.47535250838,8298.8852115050267
0.0085000000000000006,-0.0025000000000000022,12968.707427023473,7781.2244562140841
0.0090000000000000011,-0.0025000000000000022,12112.806015481794,7267.6836092890762
0.0095000000000000015,-0.0025000000000000022,11255.867095705833,6753.5202574235
0.010000000000000002,-0.0025000000000000022,10389.206769098735,6233.5240614592412
0.010500000000000002,-0.0025000000000000022,9505.897090335613,5703.5382542013676
0.011000000000000003,-0.0025000000000000022,8603.2018742576111,5161.9211245545666
0.011500000000000003,-0.0025000000000000022,7684.3012564080764,4610.5807538448453
0.012000000000000004,-0.0025000000000000022,6758.8593478549201,4055.3156087129519
0.012499999999999997,-0.0025000000000000022,5842.2781780167934,3505.3669068100758
0.013000000000000005,-0.0025000000000000022,4953.8039906477225,2972.2823943886333
0.013499999999999998,-0.0025000000000000022,4113.9148714934154,2468.3489228960493
0.014000000000000005,-0.0025000000000000022,3341.5534752840754,2004.9320851704451
0.014499999999999999,-0.0025000000000000022,2651.7517473201397,1591.0510483920837
0.014999999999999999,-0.0025000000000000022,2054.0489314772649,1232.4293588863588
0.0155,-0.0025000000000000022,1551.8856917314197,931.13141503885174
0.016000000000000007,-0.0025000000000000022,1142.9327065994567,685.75962395967395
0.016500000000000001,-0.0025000000000000022,820.13791869751878,492.08275121851125
0.017000000000000001,-0.0025000000000000022,573.18437556824301,343.91062534094578
0.017500000000000002,-0.0025000000000000022,390.04369776390456,234.02621865834271
0.017999999999999995,-0.0025000000000000022,258.36956051737383,155.0217363104243
0.018500000000000003,-0.0025000000000000022,166.57049892626117,99.942299355756703
0.019000000000000003,-0.0025000000000000022,104.50095105346344,62.700570632078062
0.019500000000000003,-0.0025000000000000022,63.790820419566337,38.274492251739801
0.019999999999999997,-0.0025000000000000022,37.885498648084187,22.73129918885051
0.020499999999999997,-0.0025000000000000022,21.889417703935447,13.133650622361268
0.021000000000000005,-0.0025000000000000022,12.303194853782394,7.3819169122694355
0.021500000000000005,-0.0025000000000000022,6.7267514314522323,4.0360508588713389
0.021999999999999999,-0.0025000000000000022,3.5775193517454809,2.1465116110472886
0.022499999999999999,-0.0025000000000000022,1.850701032139916,1.1104206192839496
0.023000000000000007,-0.0025000000000000022,0.93123486064270178,0.55874091638562107
0.023500000000000007,-0.0025000000000000022,0.45576800507844328,0.27346080304706594
0.024,-0.0025000000000000022,0.21696245612782367,0.13017747367669419
0.024500000000000001,-0.0025000000000000022,0.10045629971925664,0.060273779831553978
0.025000000000000001,-0.0025000000000000022,0.04523954452468737,0.027143726714812421
-0.025000000000000001,-0.0019999999999999983,0.8509143268210877,0.51054859609265257
-0.024500000000000001,-0.0019999999999999983,1.7350782256014594,1.0410469353608756
-0.024,-0.0019999999999999983,3.442310175474431,2.0653861052846585
-0.0235,-0.0019999999999999983,6.6449632242349788,3.9869779345409873
-0.023,-0.0019999999999999983,12.481359836301813,7.4888159017810878
-0.022500000000000003,-0.0019999999999999983,22.812578158398978,13.687546895039386
-0.022000000000000002,-0.0019999999999999983,40.574000651962741,24.344400391177643
-0.021500000000000002,-0.0019999999999999983,70.226622281846986,42.135973369108193
-0.021000000000000001,-0.0019999999999999983,118.29260066469152,70.975560398814906
-0.020500000000000001,-0.0019999999999999983,193.92722138260132,116.35633282956078
-0.02,-0.0019999999999999983,309.43646678646564,185.66188007187938
-0.0195,-0.0019999999999999983,480.60134514521127,288.36080708712677
-0.019,-0.0019999999999999983,726.62832049090844,435.97699229454503
-0.018500000000000003,-0.0019999999999999983,1069.5261043450475,641.71566260702855
-0.018000000000000002,-0.0019999999999999983,1532.7318115635485,919.63908693812903
-0.017500000000000002,-0.0019999999999999983,2138.8903500816614,1283.3342100489967
-0.017000000000000001,-0.0019999999999999983,2906.8361548259977,1744.1016928955985
-0.016500000000000001,-0.0019999999999999983,3848.024881299858,2308.8149287799147
-0.016,-0.0019999999999999983,4962.8816160321758,2977.7289696193052
-0.0155,-0.0019999999999999983,6237.7186537026764,3742.6311922216055
-0.015000000000000001,-0.0019999999999999983,7642.9666192430277,4585.7799715458168
-0.014500000000000001,-0.0019999999999999983,9133.4009563562449,5480.040573813747
-0.014,-0.0019999999999999983,10650.802064985546,6390.4812389913277
-0.0135,-0.0019999999999999983,12129.077095932495,7277.4462575594962
-0.012999999999999999,-0.0019999999999999983,13501.362413565963,8100.8174481395772
-0.012500000000000001,-0.0019999999999999983,14708.129864215633,8824.8779185293788
-0.012,-0.0019999999999999983,15704.968206806017,9422.9809240836094
-0.0115,-0.0019999999999999983,16468.617165105181,9881.1702990631074
-0.010999999999999999,-0.0019999999999999983,17000.054894413595,10200.032936648156
-0.010499999999999999,-0.0019999999999999983,17323.959459556696,10394.375675734018
-0.010000000000000002,-0.0019999999999999983,17484.576601899011,10490.745961139406
-0.0095000000000000015,-0.0019999999999999983,17538.763360524474,10523.258016314683
-0.0090000000000000011,-0.0019999999999999983,17547.555494749377,10528.533296849626
-0.0085000000000000006,-0.0019999999999999983,17567.875759950934,10540.72545597056
-0.0080000000000000002,-0.0019999999999999983,17645.888725937402,10587.533235562441
-0.0074999999999999997,-0.0019999999999999983,17813.04690913247,10687.828145479481
-0.0069999999999999993,-0.0019999999999999983,18085.188267210804,10851.112960326482
-0.0064999999999999988,-0.0019999999999999983,18464.321359159429,11078.592815495656
-0.0059999999999999984,-0.0019999999999999983,18942.162138386731,11365.297283032038
-0.0054999999999999979,-0.0019999999999999983,19504.207176313565,11702.524305788138
-0.005000000000000001,-0.0019999999999999983,20133.196553483729,12079.917932090237
-0.0044999999999999971,-0.0019999999999999983,20811.191086496525,12486.714651897915
-0.0040000000000000001,-0.0019999999999999983,21520.036755377219,12912.022053226332
-0.0035000000000000031,-0.0019999999999999983,22240.546269649712,13344.327761789827
-0.0029999999999999992,-0.0019999999999999983,22951.133604122955,13770.680162473773
-0.0025000000000000022,-0.0019999999999999983,23626.784161587213,14176.070496952327
-0.0019999999999999983,-0.0019999999999999983,24239.102482233702,14543.461489340221
-0.0015000000000000013,-0.0019999999999999983,24757.805843778158,14854.683506266894
-0.00099999999999999742,-0.0019999999999999983,25153.544536616053,15092.126721969631
-0.00050000000000000044,-0.0019999999999999983,25401.475357352127,15240.885214411275
0,-0.0019999999999999983,25484.727601211169,15290.836560726701
0.00050000000000000044,-0.0019999999999999983,25396.863462437577,15238.118077462546
0.0010000000000000009,-0.0019999999999999983,25142.657189041918,15085.59431342515
0.0015000000000000013,-0.0019999999999999983,24736.934991961243,14842.160995176746
0.0020000000000000018,-0.0019999999999999983,24201.710968067997,14521.026580840798
0.0024999999999999988,-0.0019999999999999983,23562.283424639481,14137.370054783689
0.0030000000000000027,-0.0019999999999999983,22843.201381312607,13705.920828787564
0.0034999999999999996,-0.0019999999999999983,22065.007195531663,13239.004317318997
0.0040000000000000036,-0.0019999999999999983,21242.414854955277,12745.448912973166
0.0045000000000000005,-0.0019999999999999983,20384.170237712893,12230.502142627736
0.0049999999999999975,-0.0019999999999999983,19494.381398222482,11696.62883893349
0.0055000000000000014,-0.0019999999999999983,18574.73550132168,11144.841300793008
0.0059999999999999984,-0.0019999999999999983,17626.837391508983,10576.10243490539
0.0064999999999999988,-0.0019999999999999983,16653.957018401474,9992.3742110408839
0.0069999999999999993,-0.0019999999999999983,15661.73181598663,9397.0390895919772
0.0074999999999999997,-0.0019999999999999983,14657.74652172519,8794.6479130351145
0.0080000000000000002,-0.0019999999999999983,13650.284497116567,8190.1706982699397
0.0085000000000000006,-0.0019999999999999983,12646.795124304423,7588.077074582653
0.0090000000000000011,-0.0019999999999999983,11652.678289563679,6991.6069737382068
0.0095000000000000015,-0.0019999999999999983,10670.842079650407,6402.5052477902436
0.010000000000000002,-0.0019999999999999983,9702.2022266347976,5821.3213359808788
0.010500000000000002,-0.0019999999999999983,8746.9637354651077,5248.1782412790644
0.011000000000000003,-0.0019999999999999983,7806.2658893539938,4683.7595336123959
0.011500000000000003,-0.0019999999999999983,6883.6608909092383,4130.1965345455428
0.012000000000000004,-0.0019999999999999983,5985.9587700842549,3591.5752620505527
0.012499999999999997,-0.0019999999999999983,5123.1735900192734,3073.9041540115641
0.013000000000000005,-0.0019999999999999983,4307.5734085046925,2584.5440451028153
0.013499999999999998,-0.0019999999999999983,3552.0813718349887,2131.2488231009929
0.014000000000000005,-0.0019999999999999983,2868.4276897009163,1721.0566138205497
0.014499999999999999,-0.0019999999999999983,2265.4796754138438,1359.2878052483063
0.014999999999999999,-0.0019999999999999983,1748.0894138348028,1048.8536483008816
0.0155,-0.0019999999999999983,1316.6380173513974,789.9828104108384
0.016000000000000007,-0.0019999999999999983,967.27738504047238,580.36643102428343
0.016500000000000001,-0.0019999999999999983,692.72448738901846,415.63469243341109
0.017000000000000001,-0.0019999999999999983,483.37968465201573,290.02781079120945
0.017500000000000002,-0.0019999999999999983,328.52595562114971,197.11557337268982
0.017999999999999995,-0.0019999999999999983,217.4069166654854,130.44414999929123
0.018500000000000003,-0.0019999999999999983,140.05403254194943,84.032419525169658
0.019000000000000003,-0.0019999999999999983,87.812130605004668,52.687278363002797
0.019500000000000003,-0.0019999999999999983,53.577872638691979,32.146723583215184
0.019999999999999997,-0.0019999999999999983,31.808095096734718,19.084857058040829
0.020499999999999997,-0.0019999999999999983,18.372623500113498,11.023574100068098
0.021000000000000005,-0.0019999999999999983,10.324158477004092,6.1944950862024548
0.021500000000000005,-0.0019999999999999983,5.6436949177601168,3.38621695065607
0.021999999999999999,-0.0019999999999999983,3.001086334813531,1.8006518008881185
0.022499999999999999,-0.0019999999999999983,1.5523313380343169,0.93139880282059007
0.023000000000000007,-0.0019999999999999983,0.78103318607454864,0.46861991164472916
0.023500000000000007,-0.0019999999999999983,0.3822296672955206,0.22933780037731236
0.024,-0.0019999999999999983,0.18194572922240107,0.10916743753344064
0.024500000000000001,-0.0019999999999999983,0.084239583210897306,0.05054374992653838
0.025000000000000001,-0.0019999999999999983,0.037935250729179734,0.02276115043750784
-0.025000000000000001,-0.0015000000000000013,0.92779491946659964,0.55667695167995979
-0.024500000000000001,-0.0015000000000000013,1.890030568652985,1.134018341191791
-0.024,-0.0015000000000000013,3.7458292280282346,2.2474975368169408
-0.0235,-0.0015000000000000013,7.2227183318586663,4.3336309991151998
-0.023,-0.0015000000000000013,13.549998139492795,8.1299988836956771
-0.022500000000000003,-0.0015000000000000013,24.733017699116008,14.839810619469604
-0.022000000000000002,-0.0015000000000000013,43.926751953336193,26.356051172001717
-0.021500000000000002,-0.0015000000000000013,75.912188782740188,45.547313269644114
-0.021000000000000001,-0.0015000000000000013,127.65637091772511,76.593822550635068
-0.020500000000000001,-0.0015000000000000013,208.90184768592519,125.34110861155511
-0.02,-0.0015000000000000013,332.68536548004465,199.61121928802677
-0.0195,-0.0015000000000000013,515.63540057109708,309.38124034265826
-0.019,-0.0015000000000000013,777.85617803965806,466.71370682379484
-0.018500000000000003,-0.0015000000000000013,1142.1900987081219,685.31405922487318
-0.018000000000000002,-0.0015000000000000013,1632.6812056141162,979.60872336846967
-0.017500000000000002,-0.0015000000000000013,2272.1558798172982,1363.293527890379
-0.017000000000000001,-0.0015000000000000013,3078.9980771429796,1847.3988462857876
-0.016500000000000001,-0.0015000000000000013,4063.4104967736589,2438.0462980641951
-0.016,-0.0015000000000000013,5223.6821299833418,3134.2092779900049
-0.0155,-0.0015000000000000013,6543.1681227391664,3925.9008736434998
-0.015000000000000001,-0.0015000000000000013,7988.762174901809,4793.2573049410848
-0.014500000000000001,-0.0015000000000000013,9511.5472424124237,5706.9283454474544
-0.014,-0.0015000000000000013,11050.021870831684,6630.01312249901
-0.0135,-0.0015000000000000013,12535.842108117562,7521.5052648705368
-0.012999999999999999,-0.0015000000000000013,13901.473696277229,8340.8842177663373
-0.012500000000000001,-0.0015000000000000013,15088.641424225974,9053.1848545355842
-0.012,-0.0015000000000000013,16056.132308846183,9633.6793853077088
-0.0115,-0.0015000000000000013,16785.47144788775,10071.282868732649
-0.010999999999999999,-0.0015000000000000013,17283.294170135876,10369.976502081525
-0.010499999999999999,-0.0015000000000000013,17579.846596554587,10547.907957932752
-0.010000000000000002,-0.0015000000000000013,17723.831399867595,10634.298839920557
-0.0095000000000000015,-0.0015000000000000013,17774.58865347561,10664.753192085365
-0.0090000000000000011,-0.0015000000000000013,17793.165025016533,10675.89901500992
-0.0085000000000000006,-0.0015000000000000013,17834.026543321444,10700.415925992866
-0.0080000000000000002,-0.0015000000000000013,17938.951921762986,10763.371153057791
-0.0074999999999999997,-0.0015000000000000013,18134.059426272739,10880.435655763644
-0.0069999999999999993,-0.0015000000000000013,18430.125532695503,11058.075319617301
-0.0064999999999999988,-0.0015000000000000013,18825.560738633023,11295.336443179813
-0.0059999999999999984,-0.0015000000000000013,19310.826783213775,11586.496069928266
-0.0054999999999999979,-0.0015000000000000013,19872.857907206842,11923.714744324105
-0.005000000000000001,-0.0015000000000000013,20498.23140405602,12298.938842433612
-0.0044999999999999971,-0.0015000000000000013,21174.350971005068,12704.61058260304
-0.0040000000000000001,-0.0015000000000000013,21888.600581195718,13133.160348717431
-0.0035000000000000031,-0.0015000000000000013,22626.093349204177,13575.656009522505
-0.0029999999999999992,-0.0015000000000000013,23367.090061946805,14020.254037168083
-0.0025000000000000022,-0.0015000000000000013,24085.273011545407,14451.163806927243
-0.0019999999999999983,-0.0015000000000000013,24747.808305620329,14848.684983372197
-0.0015000000000000013,-0.0015000000000000013,25317.592430100016,15190.555458060009
-0.00099999999999999742,-0.0015000000000000013,25757.413786549892,15454.448271929934
-0.00050000000000000044,-0.0015000000000000013,26035.158482383482,15621.095089430088
0,-0.0015000000000000013,26128.823635812125,15677.294181487274
0.00050000000000000044,-0.0015000000000000013,26030.07568874563,15618.045413247377
0.0010000000000000009,-0.0015000000000000013,25745.414783535249,15447.248870121148
0.0015000000000000013,-0.0015000000000000013,25294.590554559243,15176.754332735545
0.0020000000000000018,-0.0015000000000000013,24706.598921227913,14823.959352736747
0.0024999999999999988,-0.0015000000000000013,24014.186410165919,14408.511846099551
0.0030000000000000027,-0.0015000000000000013,23248.137391605389,13948.882434963232
0.0034999999999999996,-0.0015000000000000013,22432.630812513049,13459.57848750783
0.0040000000000000036,-0.0015000000000000013,21582.632024813112,12949.579214887866
0.0045000000000000005,-0.0015000000000000013,20703.729047990255,12422.237428794153
0.0049999999999999975,-0.0015000000000000013,19794.189862111565,11876.513917266939
0.0055000000000000014,-0.0015000000000000013,18848.482286394639,11309.089371836782
0.0059999999999999984,-0.0015000000000000013,17861.200462794372,10716.720277676623
0.0064999999999999988,-0.0015000000000000013,16830.348678538357,10098.209207123014
0.0069999999999999993,-0.0015000000000000013,15759.22143359451,9455.5328601567053
0.0074999999999999997,-0.0015000000000000013,14656.586276563761,8793.9517659382564
0.0080000000000000002,-0.0015000000000000013,13535.37548953451,8121.2252937207058
0.0085000000000000006,-0.0015000000000000013,12410.477696336631,7446.2866178019785
0.0090000000000000011,-0.0015000000000000013,11296.389857848048,6777.8339147088282
0.0095000000000000015,-0.0015000000000000013,10205.416493553566,6123.2498961321398
0.010000000000000002,-0.0015000000000000013,9146.8356757925831,5488.1014054755497
0.010500000000000002,-0.0015000000000000013,8127.0945052693914,4876.2567031616345
0.011000000000000003,-0.0015000000000000013,7150.7709603710109,4290.462576222606
0.011500000000000003,-0.0015000000000000013,6221.84073378022,3733.1044402681318
0.012000000000000004,-0.0015000000000000013,5344.7608993748845,3206.8565396249305
0.012499999999999997,-0.0015000000000000013,4525.0107101179801,2715.0064260707882
0.013000000000000005,-0.0015000000000000013,3768.9504865105241,2261.3702919063144
0.013499999999999998,-0.0015000000000000013,3083.0900168258422,1849.8540100955051
0.014000000000000005,-0.0015000000000000013,2473.0261467341784,1483.815688040507
0.014499999999999999,-0.0015000000000000013,1942.3750824150652,1165.4250494490391
0.014999999999999999,-0.0015000000000000013,1491.9870074880678,895.19220449284069
0.0155,-0.0015000000000000013,1119.6192749776174,671.77156498657041
0.016000000000000007,-0.0015000000000000013,820.10569536233947,492.06341721740364
0.016500000000000001,-0.0015000000000000013,585.93733989707812,351.56240393824686
0.017000000000000001,-0.0015000000000000013,408.09395715730204,244.85637429438123
0.017500000000000002,-0.0015000000000000013,276.94376053676206,166.16625632205722
0.017999999999999995,-0.0015000000000000013,183.05472206074833,109.83283323644899
0.018500000000000003,-0.0015000000000000013,117.81404056819737,70.688424340918417
0.019000000000000003,-0.0015000000000000013,73.813495829928584,44.288097497957146
0.019500000000000003,-0.0015000000000000013,45.0105859374872,27.00635156249232
0.019999999999999997,-0.0015000000000000013,26.709677079178583,16.025806247507148
0.020499999999999997,-0.0015000000000000013,15.422202172381574,9.2533213034289439
0.021000000000000005,-0.0015000000000000013,8.6637830100796478,5.1982698060477883
0.021500000000000005,-0.0015000000000000013,4.7350049131690524,2.8410029479014312
0.021999999999999999,-0.0015000000000000013,2.5174455000875469,1.5104673000525282
0.022499999999999999,-0.0015000000000000013,1.3019878773392688,0.7811927264035613
0.023000000000000007,-0.0015000000000000013,0.65500660988354797,0.39300396593012876
0.023500000000000007,-0.0015000000000000013,0.32052674497974293,0.19231604698784574
0.024,-0.0015000000000000013,0.15256442656711947,0.091538655940271677
0.024500000000000001,-0.0015000000000000013,0.070632619625259616,0.042379571775155771
0.025000000000000001,-0.0015000000000000013,0.031806404500560083,0.01908384270033605
-0.025000000000000001,-0.00099999999999999742,0.98761454883439881,0.59256872930063931
-0.024500000000000001,-0.00099999999999999742,2.0106261858829853,1.2063757115297911
-0.024,-0.00099999999999999742,3.9821149542565948,2.3892689725539569
-0.0235,-0.00099999999999999742,7.6726294865470077,4.6035776919282041
-0.023,-0.00099999999999999742,14.382452026636324,8.6294712159817948
-0.022500000000000003,-0.00099999999999999742,26.229576084652898,15.737745650791737
-0.022000000000000002,-0.00099999999999999742,46.540582581876961,27.924349549126177
-0.021500000000000002,-0.00099999999999999742,80.346797090618708,48.208078254371223
-0.021000000000000001,-0.00099999999999999742,134.96377985332683,80.978267911996099
-0.020500000000000001,-0.00099999999999999742,220.59494490366413,132.35696694219848
-0.02,-0.00099999999999999742,350.85187555449198,210.51112533269517
-0.0195,-0.00099999999999999742,543.03193772748932,325.81916263649356
-0.019,-0.00099999999999999742,817.95166400437608,490.77099840262565
-0.018500000000000003,-0.00099999999999999742,1199.1211914974358,719.4727148984615
-0.018000000000000002,-0.00099999999999999742,1711.0818532085698,1026.6491119251418
-0.017500000000000002,-0.00099999999999999742,2376.8323701571585,1426.0994220942951
-0.017000000000000001,-0.00099999999999999742,3214.4425262064906,1928.6655157238943
-0.016500000000000001,-0.00099999999999999742,4233.1794397507911,2539.9076638504744
-0.016,-0.00099999999999999742,5429.708621199723,3257.8251727198335
-0.0155,-0.00099999999999999742,6785.1169759436516,4071.070185566191
-0.015000000000000001,-0.00099999999999999742,8263.5667761091627,4958.1400656654978
-0.014500000000000001,-0.00099999999999999742,9813.2701183102272,5887.9620709861365
-0.014,-0.00099999999999999742,11370.150480287011,6822.0902881722068
-0.0135,-0.00099999999999999742,12864.064069648783,7718.4384417892688
-0.012999999999999999,-0.00099999999999999742,14226.880022044854,8536.1280132269112
-0.012500000000000001,-0.00099999999999999742,15401.200892438079,9240.7205354628477
-0.012,-0.00099999999999999742,16348.190692991522,9808.9144157949122
-0.0115,-0.00099999999999999742,17052.982698125692,10231.789618875415
-0.010999999999999999,-0.00099999999999999742,17526.506695164298,10515.904017098579
-0.010499999999999999,-0.00099999999999999742,17803.252515905056,10681.951509543034
-0.010000000000000002,-0.00099999999999999742,17935.328315776358,10761.196989465814
-0.0095000000000000015,-0.00099999999999999742,17983.973692082989,10790.384215249793
-0.0090000000000000011,-0.00099999999999999742,18010.24039188469,10806.144235130814
-0.0085000000000000006,-0.00099999999999999742,18066.704126484954,10840.022475890972
-0.0080000000000000002,-0.00099999999999999742,18191.770369201215,10915.062221520728
-0.0074999999999999997,-0.00099999999999999742,18407.457539725765,11044.474523835459
-0.0069999999999999993,-0.00099999999999999742,18720.660362525989,11232.396217515592
-0.0064999999999999988,-0.00099999999999999742,19127.048811606015,11476.229286963609
-0.0059999999999999984,-0.00099999999999999742,19616.16922974413,11769.701537846477
-0.0054999999999999979,-0.00099999999999999742,20176.136609497789,12105.681965698674
-0.005000000000000001,-0.00099999999999999742,20796.578096215955,12477.946857729572
-0.0044999999999999971,-0.00099999999999999742,21469.120365422139,12881.472219253283
-0.0040000000000000001,-0.00099999999999999742,22185.521846884581,13311.313108130749
-0.0035000000000000031,-0.00099999999999999742,22934.30355389254,13760.582132335523
-0.0029999999999999992,-0.00099999999999999742,23697.21758247881,14218.330549487286
-0.0025000000000000022,-0.00099999999999999742,24446.975749969213,14668.185449981527
-0.0019999999999999983,-0.00099999999999999742,25147.321391919668,15088.392835151801
-0.0015000000000000013,-0.00099999999999999742,25755.862036594328,15453.517221956596
-0.00099999999999999742,-0.00099999999999999742,26229.276870709178,15737.566122425505
-0.00050000000000000044,-0.00099999999999999742,26529.796285491524,15917.877771294914
0,-0.00099999999999999742,26631.423067303618,15978.853840382169
0.00050000000000000044,-0.00099999999999999742,26524.34797541118,15914.608785246706
0.0010000000000000009,-0.00099999999999999742,26216.414989283985,15729.848993570391
0.0015000000000000013,-0.00099999999999999742,25731.206038475037,15438.723623085021
0.0020000000000000018,-0.00099999999999999742,25103.148537307196,15061.889122384317
0.0024999999999999988,-0.00099999999999999742,24370.777132738505,14622.466279643102
0.0030000000000000027,-0.00099999999999999742,23569.710727178081,14141.826436306848
0.0034999999999999996,-0.00099999999999999742,22726.928640818394,13636.157184491036
0.0040000000000000036,-0.00099999999999999742,21857.55032398157,13114.530194388941
0.0045000000000000005,-0.00099999999999999742,20964.654839200874,12578.792903520523
0.0049999999999999975,-0.00099999999999999742,20041.907160651695,12025.144296391018
0.0055000000000000014,-0.00099999999999999742,19078.095567782453,11446.857340669472
0.0059999999999999984,-0.00099999999999999742,18062.29664372023,10837.377986232137
0.0064999999999999988,-0.00099999999999999742,16988.356046570956,10193.013627942573
0.0069999999999999993,-0.00099999999999999742,15857.684848745888,9514.6109092475326
0.0074999999999999997,-0.00099999999999999742,14679.910571343165,8807.9463428058989
0.0080000000000000002,-0.00099999999999999742,13471.52170779372,8082.9130246762315
0.0085000000000000006,-0.00099999999999999742,12253.134275012468,7351.8805650074801
0.0090000000000000011,-0.00099999999999999742,11046.265822974237,6627.7594937845424
0.0095000000000000015,-0.00099999999999999742,9870.4833721808482,5922.2900233085084
0.010000000000000002,-0.00099999999999999742,8741.5393107392083,5244.923586443525
0.010500000000000002,-0.00099999999999999742,7670.7293061453493,4602.4375836872096
0.011000000000000003,-0.00099999999999999742,6665.3283203474639,3999.1969922084782
0.011500000000000003,-0.00099999999999999742,5729.6947967424167,3437.8168780454498
0.012000000000000004,-0.00099999999999999742,4866.5376921808029,2919.9226153084815
0.012499999999999997,-0.00099999999999999742,4077.9129910543143,2446.7477946325885
0.013000000000000005,-0.00099999999999999742,3365.7016472260475,2019.4209883356284
0.013499999999999998,-0.00099999999999999742,2731.5408598820795,1638.9245159292477
0.014000000000000005,-0.00099999999999999742,2176.3614752257477,1305.8168851354485
0.014499999999999999,-0.00099999999999999742,1699.7797983273597,1019.8678789964158
0.014999999999999999,-0.00099999999999999742,1299.592206935821,779.75532416149258
0.0155,-0.00099999999999999742,971.54712363857118,582.92827418314266
0.016000000000000007,-0.00099999999999999742,709.45995722764724,425.67597433658835
0.016500000000000001,-0.00099999999999999742,505.63246368514802,303.37947821108878
0.017000000000000001,-0.00099999999999999742,351.46699003983491,210.88019402390094
0.017500000000000002,-0.00099999999999999742,238.13954168002374,142.88372500801424
0.017999999999999995,-0.00099999999999999742,157.20909231933223,94.325455391599334
0.018500000000000003,-0.00099999999999999742,101.07968100504118,60.647808603024707
0.019000000000000003,-0.00099999999999999742,63.279506175506519,37.967703705303911
0.019500000000000003,-0.00099999999999999742,38.563311943866189,23.137987166319714
0.019999999999999997,-0.00099999999999999742,22.872707751894502,13.723624651136701
0.020499999999999997,-0.00099999999999999742,13.201692668745816,7.9210156012474888
0.021000000000000005,-0.00099999999999999742,7.4141364140197989,4.4484818484118795
0.021500000000000005,-0.00099999999999999742,4.051083355709018,2.4306500134254105
0.021999999999999999,-0.00099999999999999742,2.1534290116040276,1.2920574069624164
0.022499999999999999,-0.00099999999999999742,1.1135621233213668,0.66813727399282008
0.023000000000000007,-0.00099999999999999742,0.56014930446093891,0.33608958267656336
0.023500000000000007,-0.00099999999999999742,0.27408398605348544,0.16445039163209127
0.024,-0.00099999999999999742,0.13044946593982626,0.078269679563895758
0.024500000000000001,-0.00099999999999999742,0.060390765733910237,0.036234459440346138
0.025000000000000001,-0.00099999999999999742,0.027193251851331698,0.016315951110799018
-0.025000000000000001,-0.00050000000000000044,1.0256173378253499,0.61537040269520993
-0.024500000000000001,-0.00050000000000000044,2.0872527131890339,1.2523516279134204
-0.024,-0.00050000000000000044,4.1322801640287627,2.4793680984172575
-0.0235,-0.00050000000000000044,7.9586204042121276,4.775172242527276
-0.023,-0.00050000000000000044,14.91173748325027,8.9470424899501619
-0.022500000000000003,-0.00050000000000000044,27.181363210972314,16.308817926583387
-0.022000000000000002,-0.00050000000000000044,48.203435222803826,28.922061133682295
-0.021500000000000002,-0.00050000000000000044,83.168930263823256,49.901358158293952
-0.021000000000000001,-0.00050000000000000044,139.61588657547034,83.769531945282196
-0.020500000000000001,-0.00050000000000000044,228.04227742086726,136.82536645252034
-0.02,-0.00050000000000000044,362.42769903112162,217.45661941867297
-0.0195,-0.00050000000000000044,560.49874938007702,336.2992496280462
-0.019,-0.00050000000000000044,843.53071228602232,506.11842737161339
-0.018500000000000003,-0.00050000000000000044,1235.4665436078667,741.27992616472
-0.018000000000000002,-0.00050000000000000044,1761.17480993505,1056.70488596103
-0.017500000000000002,-0.00050000000000000044,2443.77775800877,1466.2666548052619
-0.017000000000000001,-0.00050000000000000044,3301.1619297989632,1980.6971578793778
-0.016500000000000001,-0.00050000000000000044,4342.0177070417385,2605.2106242250429
-0.016,-0.00050000000000000044,5561.9964043544851,3337.1978426126911
-0.0155,-0.00050000000000000044,6940.7582974074121,4164.4549784444471
-0.015000000000000001,-0.00050000000000000044,8440.7391112112582,5064.4434667267551
-0.014500000000000001,-0.00050000000000000044,10008.327255834716,6004.9963535008292
-0.014,-0.00050000000000000044,11577.799443295031,6946.679665977018
-0.0135,-0.00050000000000000044,13077.845242660529,7846.7071455963169
-0.012999999999999999,-0.00050000000000000044,14439.919380639949,8663.9516283839694
-0.012500000000000001,-0.00050000000000000044,15607.136528441195,9364.2819170647163
-0.012,-0.00050000000000000044,16542.118956470913,9925.2713738825478
-0.0115,-0.00050000000000000044,17232.239194018002,10339.343516410801
-0.010999999999999999,-0.00050000000000000044,17691.106767967107,10614.664060780264
-0.010499999999999999,-0.00050000000000000044,17955.868697866263,10773.521218719758
-0.010000000000000002,-0.00050000000000000044,18080.771290293691,10848.462774176214
-0.0095000000000000015,-0.00050000000000000044,18128.250802017963,10876.950481210777
-0.0090000000000000011,-0.00050000000000000044,18159.366848265796,10895.620108959478
-0.0085000000000000006,-0.00050000000000000044,18225.511162153769,10935.306697292261
-0.0080000000000000002,-0.00050000000000000044,18362.971729081917,11017.78303744915
-0.0074999999999999997,-0.00050000000000000044,18591.192390068503,11154.715434041102
-0.0069999999999999993,-0.00050000000000000044,18914.632790278156,11348.779674166894
-0.0064999999999999988,-0.00050000000000000044,19327.251289347554,11596.350773608532
-0.0059999999999999984,-0.00050000000000000044,19818.039343293152,11890.823605975891
-0.0054999999999999979,-0.00050000000000000044,20375.885856622721,12225.531513973632
-0.005000000000000001,-0.00050000000000000044,20992.377012875557,12595.426207725333
-0.0044999999999999971,-0.00050000000000000044,21661.842240089169,12997.105344053502
-0.0040000000000000001,-0.00050000000000000044,22378.837875323952,13427.302725194371
-0.0035000000000000031,-0.00050000000000000044,23134.067745644552,13880.440647386731
-0.0029999999999999992,-0.00050000000000000044,23910.247727520331,14346.148636512198
-0.0025000000000000022,-0.00050000000000000044,24679.487419313296,14807.692451587976
-0.0019999999999999983,-0.00050000000000000044,25403.36741440625,15242.020448643749
-0.0015000000000000013,-0.00050000000000000044,26036.144059533013,15621.686435719806
-0.00099999999999999742,-0.00050000000000000044,26530.621497809439,15918.372898685662
-0.00050000000000000044,-0.00050000000000000044,26845.440842532174,16107.264505519304
0,-0.00050000000000000044,26952.069280613021,16171.241568367812
0.00050000000000000044,-0.00050000000000000044,26839.760723719395,16103.856434231637
0.0010000000000000009,-0.00050000000000000044,26517.212383134683,15910.32742988081
0.0015000000000000013,-0.00050000000000000044,26010.439024999374,15606.263414999623
0.0020000000000000018,-0.00050000000000000044,25357.315141536612,15214.389084921966
0.0024999999999999988,-0.00050000000000000044,24600.046786739662,14760.028072043797
0.0030000000000000027,-0.00050000000000000044,23777.315850136041,14266.389510081624
0.0034999999999999996,-0.00050000000000000044,22917.869671805045,13750.721803083026
0.0040000000000000036,-0.00050000000000000044,22036.91217913097,13222.147307478581
0.0045000000000000005,-0.00050000000000000044,21135.913266952146,12681.547960171287
0.0049999999999999975,-0.00050000000000000044,20205.597164566203,12123.358298739722
0.0055000000000000014,-0.00050000000000000044,19231.126566810803,11538.675940086481
0.0059999999999999984,-0.00050000000000000044,18198.054287674371,10918.832572604622
0.0064999999999999988,-0.00050000000000000044,17097.563766008028,10258.538259604817
0.0069999999999999993,-0.00050000000000000044,15929.846528751988,9557.907917251192
0.0074999999999999997,-0.00050000000000000044,14705.049834230893,8823.029900538535
0.0080000000000000002,-0.00050000000000000044,13441.891095404333,8065.1346572425991
0.0085000000000000006,-0.00050000000000000044,12164.591905395295,7298.7551432371765
0.0090000000000000011,-0.00050000000000000044,10899.096713626403,6539.4580281758417
0.0095000000000000015,-0.00050000000000000044,9669.5565787150372,5801.7339472290223
0.010000000000000002,-0.00050000000000000044,8495.8150161224457,5097.4890096734671
0.010500000000000002,-0.00050000000000000044,7392.237983765528,4435.3427902593166
0.011000000000000003,-0.00050000000000000044,6367.8188665853595,3820.6913199512155
0.011500000000000003,-0.00050000000000000044,5427.1804358556074,3256.3082615133644
0.012000000000000004,-0.00050000000000000044,4571.9571540103307,2743.1742924061982
0.012499999999999997,-0.00050000000000000044,3802.0777702782834,2281.2466621669701
0.013000000000000005,-0.00050000000000000044,3116.6314792561484,1869.978887553689
0.013499999999999998,-0.00050000000000000044,2514.2145285525012,1508.5287171315006
0.014000000000000005,-0.00050000000000000044,1992.8431690986456,1195.7059014591873
0.014499999999999999,-0.00050000000000000044,1549.6330324476276,929.77981946857653
0.014999999999999999,-0.00050000000000000044,1180.4689762977923,708.28138577867537
0.0155,-0.00050000000000000044,879.83903978091871,527.90342386855116
0.016000000000000007,-0.00050000000000000044,640.915768003209,384.54946080192536
0.016500000000000001,-0.00050000000000000044,455.87514319419449,273.52508591651667
0.017000000000000001,-0.00050000000000000044,316.37564493376192,189.82538696025713
0.017500000000000002,-0.00050000000000000044,214.09016852790592,128.45410111674354
0.017999999999999995,-0.00050000000000000044,141.18957201094798,84.713743206568793
0.018500000000000003,-0.00050000000000000044,90.706765073877463,54.424059044326476
0.019000000000000003,-0.00050000000000000044,56.749589708481913,34.049753825089148
0.019500000000000003,-0.00050000000000000044,34.566544803913004,20.739926882347802
0.019999999999999997,-0.00050000000000000044,20.49403267173502,12.296419603041011
0.020499999999999997,-0.00050000000000000044,11.825084146066098,7.095050487639659
0.021000000000000005,-0.00050000000000000044,6.6394005497340185,3.9836403298404108
0.021500000000000005,-0.00050000000000000044,3.6270700302316965,2.1762420181390176
0.021999999999999999,-0.00050000000000000044,1.9277456379229374,1.1566473827537624
0.022499999999999999,-0.00050000000000000044,0.99674058487752748,0.59804435092651642
0.023000000000000007,-0.00050000000000000044,0.50133855764713686,0.30080313458828212
0.023500000000000007,-0.00050000000000000044,0.24528968976527368,0.1471738138591642
0.024,-0.00050000000000000044,0.11673822935702177,0.070042937614213055
0.024500000000000001,-0.00050000000000000044,0.054040811520714369,0.032424486912428621
0.025000000000000001,-0.00050000000000000044,0.024333086977096286,0.014599852186257771
-0.025000000000000001,0,1.0386525531984199,0.62319153191905186
-0.024500000000000001,0,2.1135385103363835,1.2681231062018301
-0.024,0,4.1837976798738179,2.5102786079242905
-0.0235,0,8.0567468940084552,4.8340481364050731
-0.023,0,15.093363437769154,9.0560180626614919
-0.022500000000000003,0,27.508017171670183,16.50481030300211
-0.022000000000000002,0,48.774215695294821,29.264529417176892
-0.021500000000000002,0,84.137806232832901,50.482683739699738
-0.021000000000000001,0,141.21332815081846,84.72799689049107
-0.020500000000000001,0,230.60010587429352,138.36006352457611
-0.02,0,366.40446791219648,219.84268074731787
-0.0195,0,566.50100355228108,339.90060213136866
-0.019,0,852.32345649563251,511.39407389737949
-0.018500000000000003,0,1247.9647696781556,748.77886180689336
-0.018000000000000002,0,1778.4077577053381,1067.0446546232029
-0.017500000000000002,0,2466.8195241008775,1480.0917144605264
-0.017000000000000001,0,3331.0266498112587,1998.6159898867552
-0.016500000000000001,0,4379.5248048718431,2627.714882923106
-0.016,0,5607.6204525485082,3364.5722715291049
-0.0155,0,6994.4870349629182,4196.6922209777504
-0.015000000000000001,0,8501.9695482495645,5101.1817289497385
-0.014500000000000001,0,10075.83081419743,6045.4984885184576
-0.014,0,11649.780668111604,6989.8684008669616
-0.0135,0,13152.104273245184,7891.2625639471098
-0.012999999999999999,0,14514.107795326347,8708.4646771958069
-0.012500000000000001,0,15679.073349996559,9407.4440099979347
-0.012,0,16610.114086076112,9966.0684516456658
-0.0115,0,17295.361140159301,10377.21668409558
-0.010999999999999999,0,17749.33461444663,10649.600768667979
-0.010499999999999999,0,18010.086201432601,10806.051720859561
-0.010000000000000002,0,18132.591379984045,10879.554827990427
-0.0095000000000000015,0,18179.695494712229,10907.817296827337
-0.0090000000000000011,0,18212.462238635471,10927.477343181283
-0.0085000000000000006,0,18281.880890509961,10969.128534305977
-0.0080000000000000002,0,18423.518335777375,11054.111001466425
-0.0074999999999999997,0,18655.941275150952,11193.56476509057
-0.0069999999999999993,0,18982.780076284951,11389.66804577097
-0.0064999999999999988,0,19397.411456717924,11638.446874030755
-0.0059999999999999984,0,19888.641201052691,11933.184720631614
-0.0054999999999999979,0,20445.62749794744,12267.376498768464
-0.005000000000000001,0,21060.631625538186,12636.378975322912
-0.0044999999999999971,0,21728.912724752208,13037.347634851325
-0.0040000000000000001,0,22445.989211145934,13467.59352668756
-0.0035000000000000031,0,23203.315876827517,13921.98952609651
-0.0029999999999999992,0,23983.941346604224,14390.364807962535
-0.0025000000000000022,0,24759.770713502749,14855.862428101649
-0.0019999999999999983,0,25491.644619009527,15294.986771405715
-0.0015000000000000013,0,26132.671557067973,15679.602934240784
-0.00099999999999999742,0,26634.327806436679,15980.596683862006
-0.00050000000000000044,0,26954.024275011136,16172.41456500668
0,0,27062.358990197477,16237.415394118485
0.00050000000000000044,0,26948.264715263147,16168.958829157888
0.0010000000000000009,0,26620.731154732282,15972.438692839369
0.0015000000000000013,0,26106.607017381317,15663.964210428789
0.0020000000000000018,0,25444.948268833425,15266.968961300054
0.0024999999999999988,0,24679.219041115801,14807.53142466948
0.0030000000000000027,0,23849.150312218684,14309.49018733121
0.0034999999999999996,0,22984.094102649593,13790.456461589756
0.0040000000000000036,0,22099.281414793903,13259.568848876341
0.0045000000000000005,0,21195.628220708633,12717.376932425179
0.0049999999999999975,0,20262.848041389043,12157.708824833426
0.0055000000000000014,0,19284.857847864729,11570.914708718838
0.0059999999999999984,0,18245.999378544497,10947.599627126698
0.0064999999999999988,0,17136.539997281379,10281.923998368828
0.0069999999999999993,0,15956.249228098814,9573.7495368592881
0.0074999999999999997,0,14715.4479549768,8829.2687729860791
0.0080000000000000002,0,13433.612513636148,8060.1675081816884
0.0085000000000000006,0,12136.194904416752,7281.7169426500514
0.0090000000000000011,0,10850.651508035531,6510.3909048213181
0.0095000000000000015,0,9602.6997707000774,5761.619862420046
0.010000000000000002,0,8413.5819432876706,5048.1491659726025
0.010500000000000002,0,7298.7147919685776,4379.2288751811466
0.011000000000000003,0,6267.6816136378657,3760.6089681827193
0.011500000000000003,0,5325.1993376991431,3195.1196026194857
0.012000000000000004,0,4472.5401432094841,2683.5240859256905
0.012499999999999997,0,3708.9115475358785,2225.3469285215269
0.013000000000000005,0,3032.4547945155,1819.4728767093
0.013499999999999998,0,2440.7328637737655,1464.4397182642592
0.014000000000000005,0,1930.7712313897368,1158.462738833842
0.014499999999999999,0,1498.8350900999367,899.30105405996198
0.014999999999999999,0,1140.1588173717157,684.09529042302938
0.0155,0,848.80104798955267,509.28062879373158
0.016000000000000007,0,617.71462769619245,370.62877661771546
0.016500000000000001,0,439.03147657573192,263.41888594543911
0.017000000000000001,0,304.49577795967457,182.69746677580474
0.017500000000000002,0,205.94799759795447,123.56879855877267
0.017999999999999995,0,135.7657503421367,81.45945020528201
0.018500000000000003,0,87.194624038207266,52.316774422924361
0.019000000000000003,0,54.538580256658889,32.723148153995332
0.019500000000000003,0,33.213222875344094,19.927933725206454
0.019999999999999997,0,19.688589924697627,11.813153954818576
0.020499999999999997,0,11.358944860703566,6.81536691642214
0.021000000000000005,0,6.3770612368515991,3.8262367421109591
0.021500000000000005,0,3.4834904373752797,2.0900942624251679
0.021999999999999999,0,1.8513241452259388,1.1107944871355633
0.022499999999999999,0,0.95718197536117833,0.57430918521670693
0.023000000000000007,0,0.48142373368261815,0.2888542402095709
0.023500000000000007,0,0.23553917456574244,0.14132350473944547
0.024,0,0.11209522863867936,0.06725713718320761
0.024500000000000001,0,0.051890538882660216,0.031134323329596127
0.025000000000000001,0,0.023364553499009452,0.01401873209940567
-0.025000000000000001,0.00050000000000000044,1.0256173378253499,0.61537040269520993
-0.024500000000000001,0.00050000000000000044,2.0872527131890339,1.2523516279134204
-0.024,0.00050000000000000044,4.1322801640287627,2.4793680984172575
-0.0235,0.00050000000000000044,7.9586204042121276,4.775172242527276
-0.023,0.00050000000000000044,14.911737483250283,8.947042489950169
-0.022500000000000003,0.00050000000000000044,27.181363210972332,16.308817926583398
-0.022000000000000002,0.00050000000000000044,48.203435222803868,28.92206113368232
-0.021500000000000002,0.00050000000000000044,83.168930263823313,49.901358158293988
-0.021000000000000001,0.00050000000000000044,139.61588657547045,83.769531945282267
-0.020500000000000001,0.00050000000000000044,228.04227742086744,136.82536645252046
-0.02,0.00050000000000000044,362.42769903112202,217.4566194186732
-0.0195,0.00050000000000000044,560.49874938007702,336.2992496280462
-0.019,0.00050000000000000044,843.53071228602232,506.11842737161339
-0.018500000000000003,0.00050000000000000044,1235.4665436078667,741.27992616472
-0.018000000000000002,0.00050000000000000044,1761.17480993505,1056.70488596103
-0.017500000000000002,0.00050000000000000044,2443.7777580087709,1466.2666548052625
-0.017000000000000001,0.00050000000000000044,3301.1619297989641,1980.6971578793784
-0.016500000000000001,0.00050000000000000044,4342.0177070417403,2605.2106242250443
-0.016,0.00050000000000000044,5561.996404354486,3337.1978426126916
-0.0155,0.00050000000000000044,6940.7582974074121,4164.4549784444471
-0.015000000000000001,0.00050000000000000044,8440.73911121126,5064.443466726756
-0.014500000000000001,0.00050000000000000044,10008.327255834716,6004.9963535008292
-0.014,0.00050000000000000044,11577.799443295031,6946.679665977018
-0.0135,0.00050000000000000044,13077.845242660529,7846.7071455963169
-0.012999999999999999,0.00050000000000000044,14439.919380639949,8663.9516283839694
-0.012500000000000001,0.00050000000000000044,15607.136528441195,9364.2819170647163
-0.012,0.00050000000000000044,16542.118956470917,9925.2713738825496
-0.0115,0.00050000000000000044,17232.239194018006,10339.343516410803
-0.010999999999999999,0.00050000000000000044,17691.106767967107,10614.664060780264
-0.010499999999999999,0.00050000000000000044,17955.868697866263,10773.521218719758
-0.010000000000000002,0.00050000000000000044,18080.771290293691,10848.462774176214
-0.0095000000000000015,0.00050000000000000044,18128.250802017956,10876.950481210773
-0.0090000000000000011,0.00050000000000000044,18159.366848265792,10895.620108959474
-0.0085000000000000006,0.00050000000000000044,18225.511162153769,10935.306697292261
-0.0080000000000000002,0.00050000000000000044,18362.971729081914,11017.783037449148
-0.0074999999999999997,0.00050000000000000044,18591.192390068503,11154.715434041102
-0.0069999999999999993,0.00050000000000000044,18914.632790278156,11348.779674166894
-0.0064999999999999988,0.00050000000000000044,19327.251289347554,11596.350773608532
-0.0059999999999999984,0.00050000000000000044,19818.039343293152,11890.823605975891
-0.0054999999999999979,0.00050000000000000044,20375.885856622721,12225.531513973632
-0.005000000000000001,0.00050000000000000044,20992.377012875557,12595.426207725333
-0.0044999999999999971,0.00050000000000000044,21661.842240089169,12997.105344053502
-0.0040000000000000001,0.00050000000000000044,22378.837875323949,13427.302725194369
-0.0035000000000000031,0.00050000000000000044,23134.067745644548,13880.440647386729
-0.0029999999999999992,0.00050000000000000044,23910.247727520331,14346.148636512198
-0.0025000000000000022,0.00050000000000000044,24679.487419313296,14807.692451587976
-0.0019999999999999983,0.00050000000000000044,25403.367414406253,15242.020448643751
-0.0015000000000000013,0.00050000000000000044,26036.144059533013,15621.686435719806
-0.00099999999999999742,0.00050000000000000044,26530.621497809439,15918.372898685662
-0.00050000000000000044,0.00050000000000000044,26845.440842532174,16107.264505519304
0,0.00050000000000000044,26952.069280613021,16171.241568367812
0.00050000000000000044,0.00050000000000000044,26839.760723719399,16103.856434231639
0.0010000000000000009,0.00050000000000000044,26517.212383134683,15910.32742988081
0.0015000000000000013,0.00050000000000000044,26010.439024999374,15606.263414999623
0.0020000000000000018,0.00050000000000000044,25357.315141536616,15214.389084921968
0.0024999999999999988,0.00050000000000000044,24600.046786739662,14760.028072043797
0.0030000000000000027,0.00050000000000000044,23777.315850136041,14266.389510081624
0.0034999999999999996,0.00050000000000000044,22917.869671805049,13750.721803083028
0.0040000000000000036,0.00050000000000000044,22036.91217913097,13222.147307478581
0.0045000000000000005,0.00050000000000000044,21135.913266952146,12681.547960171287
0.0049999999999999975,0.00050000000000000044,20205.597164566203,12123.358298739722
0.0055000000000000014,0.00050000000000000044,19231.126566810803,11538.675940086481
0.0059999999999999984,0.00050000000000000044,18198.054287674371,10918.832572604622
0.0064999999999999988,0.00050000000000000044,17097.563766008032,10258.538259604818
0.0069999999999999993,0.00050000000000000044,15929.846528751994,9557.9079172511956
0.0074999999999999997,0.00050000000000000044,14705.049834230893,8823.029900538535
0.0080000000000000002,0.00050000000000000044,13441.891095404335,8065.134657242601
0.0085000000000000006,0.00050000000000000044,12164.591905395295,7298.7551432371765
0.0090000000000000011,0.00050000000000000044,10899.096713626406,6539.4580281758435
0.0095000000000000015,0.00050000000000000044,9669.5565787150408,5801.7339472290241
0.010000000000000002,0.00050000000000000044,8495.8150161224476,5097.489009673468
0.010500000000000002,0.00050000000000000044,7392.2379837655317,4435.3427902593185
0.011000000000000003,0.00050000000000000044,6367.8188665853631,3820.6913199512178
0.011500000000000003,0.00050000000000000044,5427.1804358556119,3256.3082615133671
0.012000000000000004,0.00050000000000000044,4571.9571540103334,2743.1742924062
0.012499999999999997,0.00050000000000000044,3802.0777702782871,2281.2466621669723
0.013000000000000005,0.00050000000000000044,3116.6314792561511,1869.9788875536906
0.013499999999999998,0.00050000000000000044,2514.2145285525044,1508.5287171315026
0.014000000000000005,0.00050000000000000044,1992.8431690986481,1195.7059014591889
0.014499999999999999,0.00050000000000000044,1549.6330324476298,929.7798194685779
0.014999999999999999,0.00050000000000000044,1180.4689762977946,708.28138577867674
0.0155,0.00050000000000000044,879.8390397809203,527.90342386855218
0.016000000000000007,0.00050000000000000044,640.91576800321025,384.54946080192616
0.016500000000000001,0.00050000000000000044,455.87514319419563,273.52508591651736
0.017000000000000001,0.00050000000000000044,316.3756449337626,189.82538696025756
0.017500000000000002,0.00050000000000000044,214.09016852790637,128.45410111674383
0.017999999999999995,0.00050000000000000044,141.1895720109483,84.713743206568978
0.018500000000000003,0.00050000000000000044,90.706765073877705,54.424059044326619
0.019000000000000003,0.00050000000000000044,56.749589708482056,34.049753825089233
0.019500000000000003,0.00050000000000000044,34.566544803913104,20.739926882347863
0.019999999999999997,0.00050000000000000044,20.494032671735081,12.296419603041048
0.020499999999999997,0.00050000000000000044,11.825084146066118,7.0950504876396705
0.021000000000000005,0.00050000000000000044,6.6394005497340416,3.9836403298404246
0.021500000000000005,0.00050000000000000044,3.6270700302317085,2.1762420181390252
0.021999999999999999,0.00050000000000000044,1.9277456379229441,1.1566473827537664
0.022499999999999999,0.00050000000000000044,0.99674058487753081,0.59804435092651842
0.023000000000000007,0.00050000000000000044,0.50133855764713875,0.30080313458828323
0.023500000000000007,0.00050000000000000044,0.24528968976527452,0.1471738138591647
0.024,0.00050000000000000044,0.11673822935702223,0.070042937614213333
0.024500000000000001,0.00050000000000000044,0.054040811520714591,0.032424486912428753
0.025000000000000001,0.00050000000000000044,0.024333086977096373,0.014599852186257823
-0.025000000000000001,0.0010000000000000009,0.98761454883439881,0.59256872930063931
-0.024500000000000001,0.0010000000000000009,2.0106261858829853,1.2063757115297911
-0.024,0.0010000000000000009,3.9821149542565948,2.3892689725539569
-0.0235,0.0010000000000000009,7.6726294865470077,4.6035776919282041
-0.023,0.0010000000000000009,14.382452026636324,8.6294712159817948
-0.022500000000000003,0.0010000000000000009,26.229576084652891,15.737745650791734
-0.022000000000000002,0.0010000000000000009,46.540582581876947,27.924349549126166
-0.021500000000000002,0.0010000000000000009,80.346797090618708,48.208078254371223
-0.021000000000000001,0.0010000000000000009,134.96377985332683,80.978267911996099
-0.020500000000000001,0.0010000000000000009,220.5949449036641,132.35696694219845
-0.02,0.0010000000000000009,350.85187555449193,210.51112533269514
-0.0195,0.0010000000000000009,543.03193772748932,325.81916263649356
-0.019,0.0010000000000000009,817.9516640043762,490.77099840262571
-0.018500000000000003,0.0010000000000000009,1199.121191497436,719.47271489846162
-0.018000000000000002,0.0010000000000000009,1711.0818532085696,1026.6491119251416
-0.017500000000000002,0.0010000000000000009,2376.832370157158,1426.0994220942948
-0.017000000000000001,0.0010000000000000009,3214.4425262064906,1928.6655157238943
-0.016500000000000001,0.0010000000000000009,4233.1794397507902,2539.9076638504739
-0.016,0.0010000000000000009,5429.708621199723,3257.8251727198335
-0.0155,0.0010000000000000009,6785.1169759436498,4071.0701855661896
-0.015000000000000001,0.0010000000000000009,8263.5667761091609,4958.140065665496
-0.014500000000000001,0.0010000000000000009,9813.2701183102272,5887.9620709861365
-0.014,0.0010000000000000009,11370.150480287011,6822.0902881722068
-0.0135,0.0010000000000000009,12864.064069648783,7718.4384417892688
-0.012999999999999999,0.0010000000000000009,14226.880022044852,8536.1280132269112
-0.012500000000000001,0.0010000000000000009,15401.200892438079,9240.7205354628477
-0.012,0.0010000000000000009,16348.190692991524,9808.914415794914
-0.0115,0.0010000000000000009,17052.982698125692,10231.789618875415
-0.010999999999999999,0.0010000000000000009,17526.506695164298,10515.904017098579
-0.010499999999999999,0.0010000000000000009,17803.252515905056,10681.951509543034
-0.010000000000000002,0.0010000000000000009,17935.328315776358,10761.196989465814
-0.0095000000000000015,0.0010000000000000009,17983.973692082986,10790.384215249791
-0.0090000000000000011,0.0010000000000000009,18010.240391884687,10806.144235130812
-0.0085000000000000006,0.0010000000000000009,18066.704126484954,10840.022475890972
-0.0080000000000000002,0.0010000000000000009,18191.770369201215,10915.062221520728
-0.0074999999999999997,0.0010000000000000009,18407.457539725765,11044.474523835459
-0.0069999999999999993,0.0010000000000000009,18720.660362525985,11232.39621751559
-0.0064999999999999988,0.0010000000000000009,19127.048811606011,11476.229286963606
-0.0059999999999999984,0.0010000000000000009,19616.169229744126,11769.701537846475
-0.0054999999999999979,0.0010000000000000009,20176.136609497789,12105.681965698674
-0.005000000000000001,0.0010000000000000009,20796.578096215952,12477.94685772957
-0.0044999999999999971,0.0010000000000000009,21469.120365422139,12881.472219253283
-0.0040000000000000001,0.0010000000000000009,22185.521846884574,13311.313108130744
-0.0035000000000000031,0.0010000000000000009,22934.30355389254,13760.582132335523
-0.0029999999999999992,0.0010000000000000009,23697.217582478814,14218.330549487287
-0.0025000000000000022,0.0010000000000000009,24446.975749969213,14668.185449981527
-0.0019999999999999983,0.0010000000000000009,25147.321391919671,15088.392835151803
-0.0015000000000000013,0.0010000000000000009,25755.862036594328,15453.517221956596
-0.00099999999999999742,0.0010000000000000009,26229.276870709175,15737.566122425504
-0.00050000000000000044,0.0010000000000000009,26529.796285491524,15917.877771294914
0,0.0010000000000000009,26631.423067303615,15978.853840382168
0.00050000000000000044,0.0010000000000000009,26524.34797541118,15914.608785246706
0.0010000000000000009,0.0010000000000000009,26216.414989283985,15729.848993570391
0.0015000000000000013,0.0010000000000000009,25731.206038475037,15438.723623085021
0.0020000000000000018,0.0010000000000000009,25103.148537307196,15061.889122384317
0.0024999999999999988,0.0010000000000000009,24370.777132738502,14622.4662796431
0.0030000000000000027,0.0010000000000000009,23569.710727178077,14141.826436306847
0.0034999999999999996,0.0010000000000000009,22726.928640818391,13636.157184491034
0.0040000000000000036,0.0010000000000000009,21857.550323981566,13114.530194388939
0.0045000000000000005,0.0010000000000000009,20964.654839200877,12578.792903520525
0.0049999999999999975,0.0010000000000000009,20041.907160651695,12025.144296391018
0.0055000000000000014,0.0010000000000000009,19078.095567782453,11446.857340669472
0.0059999999999999984,0.0010000000000000009,18062.296643720234,10837.377986232141
0.0064999999999999988,0.0010000000000000009,16988.356046570952,10193.013627942571
0.0069999999999999993,0.0010000000000000009,15857.684848745892,9514.6109092475344
0.0074999999999999997,0.0010000000000000009,14679.910571343167,8807.9463428059007
0.0080000000000000002,0.0010000000000000009,13471.52170779372,8082.9130246762315
0.0085000000000000006,0.0010000000000000009,12253.134275012473,7351.8805650074837
0.0090000000000000011,0.0010000000000000009,11046.265822974245,6627.759493784547
0.0095000000000000015,0.0010000000000000009,9870.4833721808554,5922.2900233085129
0.010000000000000002,0.0010000000000000009,8741.5393107392156,5244.9235864435295
0.010500000000000002,0.0010000000000000009,7670.7293061453602,4602.4375836872159
0.011000000000000003,0.0010000000000000009,6665.328320347473,3999.1969922084836
0.011500000000000003,0.0010000000000000009,5729.6947967424276,3437.8168780454566
0.012000000000000004,0.0010000000000000009,4866.5376921808129,2919.9226153084878
0.012499999999999997,0.0010000000000000009,4077.9129910543234,2446.7477946325939
0.013000000000000005,0.0010000000000000009,3365.701647226057,2019.4209883356341
0.013499999999999998,0.0010000000000000009,2731.5408598820886,1638.9245159292532
0.014000000000000005,0.0010000000000000009,2176.3614752257549,1305.8168851354528
0.014499999999999999,0.0010000000000000009,1699.7797983273656,1019.8678789964193
0.014999999999999999,0.0010000000000000009,1299.5922069358255,779.75532416149531
0.0155,0.0010000000000000009,971.54712363857493,582.92827418314494
0.016000000000000007,0.0010000000000000009,709.45995722765019,425.67597433659012
0.016500000000000001,0.0010000000000000009,505.63246368515019,303.37947821109009
0.017000000000000001,0.0010000000000000009,351.46699003983673,210.88019402390202
0.017500000000000002,0.0010000000000000009,238.13954168002491,142.88372500801495
0.017999999999999995,0.0010000000000000009,157.20909231933302,94.325455391599817
0.018500000000000003,0.0010000000000000009,101.07968100504171,60.64780860302502
0.019000000000000003,0.0010000000000000009,63.279506175506889,37.967703705304132
0.019500000000000003,0.0010000000000000009,38.563311943866424,23.137987166319853
0.019999999999999997,0.0010000000000000009,22.87270775189463,13.723624651136777
0.020499999999999997,0.0010000000000000009,13.201692668745906,7.921015601247543
0.021000000000000005,0.0010000000000000009,7.4141364140198496,4.4484818484119097
0.021500000000000005,0.0010000000000000009,4.0510833557090464,2.4306500134254279
0.021999999999999999,0.0010000000000000009,2.1534290116040435,1.292057406962426
0.022499999999999999,0.0010000000000000009,1.1135621233213731,0.66813727399282385
0.023000000000000007,0.0010000000000000009,0.56014930446094191,0.33608958267656514
0.023500000000000007,0.0010000000000000009,0.27408398605348733,0.16445039163209238
0.024,0.0010000000000000009,0.13044946593982734,0.078269679563896397
0.024500000000000001,0.0010000000000000009,0.06039076573391064,0.036234459440346381
0.025000000000000001,0.0010000000000000009,0.027193251851331864,0.016315951110799119
-0.025000000000000001,0.0015000000000000013,0.92779491946659964,0.55667695167995979
-0.024500000000000001,0.0015000000000000013,1.8900305686529848,1.1340183411917908
-0.024,0.0015000000000000013,3.7458292280282346,2.2474975368169408
-0.0235,0.0015000000000000013,7.2227183318586663,4.3336309991151998
-0.023,0.0015000000000000013,13.549998139492795,8.1299988836956771
-0.022500000000000003,0.0015000000000000013,24.733017699116022,14.839810619469613
-0.022000000000000002,0.0015000000000000013,43.926751953336222,26.356051172001731
-0.021500000000000002,0.0015000000000000013,75.912188782740245,45.547313269644143
-0.021000000000000001,0.0015000000000000013,127.6563709177252,76.59382255063511
-0.020500000000000001,0.0015000000000000013,208.9018476859253,125.34110861155517
-0.02,0.0015000000000000013,332.68536548004494,199.61121928802694
-0.0195,0.0015000000000000013,515.63540057109719,309.38124034265832
-0.019,0.0015000000000000013,777.85617803965806,466.71370682379484
-0.018500000000000003,0.0015000000000000013,1142.1900987081219,685.31405922487318
-0.018000000000000002,0.0015000000000000013,1632.6812056141157,979.60872336846933
-0.017500000000000002,0.0015000000000000013,2272.1558798172987,1363.2935278903792
-0.017000000000000001,0.0015000000000000013,3078.9980771429809,1847.3988462857885
-0.016500000000000001,0.0015000000000000013,4063.4104967736603,2438.046298064196
-0.016,0.0015000000000000013,5223.6821299833427,3134.2092779900054
-0.0155,0.0015000000000000013,6543.1681227391673,3925.9008736435003
-0.015000000000000001,0.0015000000000000013,7988.7621749018108,4793.2573049410867
-0.014500000000000001,0.0015000000000000013,9511.5472424124255,5706.9283454474553
-0.014,0.0015000000000000013,11050.021870831684,6630.01312249901
-0.0135,0.0015000000000000013,12535.842108117567,7521.5052648705405
-0.012999999999999999,0.0015000000000000013,13901.473696277229,8340.8842177663373
-0.012500000000000001,0.0015000000000000013,15088.641424225978,9053.1848545355861
-0.012,0.0015000000000000013,16056.132308846183,9633.6793853077088
-0.0115,0.0015000000000000013,16785.471447887758,10071.282868732655
-0.010999999999999999,0.0015000000000000013,17283.29417013588,10369.976502081527
-0.010499999999999999,0.0015000000000000013,17579.846596554587,10547.907957932752
-0.010000000000000002,0.0015000000000000013,17723.831399867595,10634.298839920557
-0.0095000000000000015,0.0015000000000000013,17774.58865347561,10664.753192085365
-0.0090000000000000011,0.0015000000000000013,17793.165025016533,10675.89901500992
-0.0085000000000000006,0.0015000000000000013,17834.026543321444,10700.415925992866
-0.0080000000000000002,0.0015000000000000013,17938.951921762986,10763.371153057791
-0.0074999999999999997,0.0015000000000000013,18134.059426272739,10880.435655763644
-0.0069999999999999993,0.0015000000000000013,18430.1255326955,11058.075319617299
-0.0064999999999999988,0.0015000000000000013,18825.560738633023,11295.336443179813
-0.0059999999999999984,0.0015000000000000013,19310.826783213768,11586.49606992826
-0.0054999999999999979,0.0015000000000000013,19872.857907206835,11923.714744324101
-0.005000000000000001,0.0015000000000000013,20498.231404056012,12298.938842433607
-0.0044999999999999971,0.0015000000000000013,21174.350971005064,12704.610582603038
-0.0040000000000000001,0.0015000000000000013,21888.600581195718,13133.160348717431
-0.0035000000000000031,0.0015000000000000013,22626.093349204166,13575.6560095225
-0.0029999999999999992,0.0015000000000000013,23367.090061946801,14020.254037168081
-0.0025000000000000022,0.0015000000000000013,24085.273011545403,14451.163806927241
-0.0019999999999999983,0.0015000000000000013,24747.808305620332,14848.684983372199
-0.0015000000000000013,0.0015000000000000013,25317.59243010002,15190.555458060011
-0.00099999999999999742,0.0015000000000000013,25757.413786549896,15454.448271929938
-0.00050000000000000044,0.0015000000000000013,26035.158482383486,15621.095089430091
0,0.0015000000000000013,26128.823635812125,15677.294181487274
0.00050000000000000044,0.0015000000000000013,26030.075688745634,15618.045413247379
0.0010000000000000009,0.0015000000000000013,25745.414783535249,15447.248870121148
0.0015000000000000013,0.0015000000000000013,25294.590554559247,15176.754332735547
0.0020000000000000018,0.0015000000000000013,24706.598921227913,14823.959352736747
0.0024999999999999988,0.0015000000000000013,24014.186410165923,14408.511846099553
0.0030000000000000027,0.0015000000000000013,23248.137391605389,13948.882434963232
0.0034999999999999996,0.0015000000000000013,22432.630812513049,13459.57848750783
0.0040000000000000036,0.0015000000000000013,21582.632024813112,12949.579214887866
0.0045000000000000005,0.0015000000000000013,20703.729047990255,12422.237428794153
0.0049999999999999975,0.0015000000000000013,19794.189862111565,11876.513917266939
0.0055000000000000014,0.0015000000000000013,18848.482286394639,11309.089371836782
0.0059999999999999984,0.0015000000000000013,17861.200462794372,10716.720277676623
0.0064999999999999988,0.0015000000000000013,16830.348678538361,10098.209207123016
0.0069999999999999993,0.0015000000000000013,15759.22143359451,9455.5328601567053
0.0074999999999999997,0.0015000000000000013,14656.586276563761,8793.9517659382564
0.0080000000000000002,0.0015000000000000013,13535.375489534512,8121.2252937207068
0.0085000000000000006,0.0015000000000000013,12410.477696336635,7446.2866178019804
0.0090000000000000011,0.0015000000000000013,11296.389857848053,6777.8339147088318
0.0095000000000000015,0.0015000000000000013,10205.416493553572,6123.2498961321426
0.010000000000000002,0.0015000000000000013,9146.8356757925922,5488.1014054755551
0.010500000000000002,0.0015000000000000013,8127.0945052694005,4876.25670316164
0.011000000000000003,0.0015000000000000013,7150.7709603710218,4290.4625762226133
0.011500000000000003,0.0015000000000000013,6221.8407337802291,3733.1044402681373
0.012000000000000004,0.0015000000000000013,5344.7608993748945,3206.8565396249364
0.012499999999999997,0.0015000000000000013,4525.0107101179901,2715.0064260707941
0.013000000000000005,0.0015000000000000013,3768.950486510535,2261.3702919063207
0.013499999999999998,0.0015000000000000013,3083.0900168258518,1849.8540100955111
0.014000000000000005,0.0015000000000000013,2473.0261467341857,1483.8156880405113
0.014499999999999999,0.0015000000000000013,1942.375082415072,1165.4250494490432
0.014999999999999999,0.0015000000000000013,1491.9870074880737,895.19220449284421
0.0155,0.0015000000000000013,1119.6192749776217,671.77156498657303
0.016000000000000007,0.0015000000000000013,820.10569536234289,492.06341721740569
0.016500000000000001,0.0015000000000000013,585.93733989708073,351.56240393824845
0.017000000000000001,0.0015000000000000013,408.09395715730415,244.85637429438248
0.017500000000000002,0.0015000000000000013,276.94376053676359,166.16625632205816
0.017999999999999995,0.0015000000000000013,183.05472206074938,109.83283323644963
0.018500000000000003,0.0015000000000000013,117.81404056819805,70.688424340918829
0.019000000000000003,0.0015000000000000013,73.813495829929025,44.288097497957416
0.019500000000000003,0.0015000000000000013,45.010585937487463,27.006351562492476
0.019999999999999997,0.0015000000000000013,26.709677079178732,16.025806247507237
0.020499999999999997,0.0015000000000000013,15.422202172381672,9.2533213034290025
0.021000000000000005,0.0015000000000000013,8.6637830100797064,5.1982698060478238
0.021500000000000005,0.0015000000000000013,4.735004913169087,2.841002947901452
0.021999999999999999,0.0015000000000000013,2.5174455000875633,1.5104673000525379
0.022499999999999999,0.0015000000000000013,1.3019878773392772,0.7811927264035663
0.023000000000000007,0.0015000000000000013,0.65500660988355308,0.39300396593013182
0.023500000000000007,0.0015000000000000013,0.32052674497974554,0.19231604698784732
0.024,0.0015000000000000013,0.15256442656712066,0.091538655940272398
0.024500000000000001,0.0015000000000000013,0.070632619625260171,0.042379571775156104
0.025000000000000001,0.0015000000000000013,0.031806404500560326,0.019083842700336195
-0.025000000000000001,0.0020000000000000018,0.8509143268210877,0.51054859609265257
-0.024500000000000001,0.0020000000000000018,1.7350782256014594,1.0410469353608756
-0.024,0.0020000000000000018,3.442310175474431,2.0653861052846585
-0.0235,0.0020000000000000018,6.6449632242349788,3.9869779345409873
-0.023,0.0020000000000000018,12.481359836301813,7.4888159017810878
-0.022500000000000003,0.0020000000000000018,22.812578158398978,13.687546895039386
-0.022000000000000002,0.0020000000000000018,40.574000651962741,24.344400391177643
-0.021500000000000002,0.0020000000000000018,70.226622281846986,42.135973369108193
-0.021000000000000001,0.0020000000000000018,118.29260066469152,70.975560398814906
-0.020500000000000001,0.0020000000000000018,193.92722138260132,116.35633282956078
-0.02,0.0020000000000000018,309.43646678646564,185.66188007187938
-0.0195,0.0020000000000000018,480.60134514521104,288.3608070871266
-0.019,0.0020000000000000018,726.62832049090832,435.97699229454497
-0.018500000000000003,0.0020000000000000018,1069.5261043450473,641.71566260702832
-0.018000000000000002,0.0020000000000000018,1532.7318115635478,919.63908693812868
-0.017500000000000002,0.0020000000000000018,2138.8903500816609,1283.3342100489965
-0.017000000000000001,0.0020000000000000018,2906.8361548259973,1744.1016928955983
-0.016500000000000001,0.0020000000000000018,3848.024881299858,2308.8149287799147
-0.016,0.0020000000000000018,4962.8816160321749,2977.7289696193047
-0.0155,0.0020000000000000018,6237.7186537026755,3742.631192221605
-0.015000000000000001,0.0020000000000000018,7642.9666192430268,4585.7799715458159
-0.014500000000000001,0.0020000000000000018,9133.4009563562449,5480.040573813747
-0.014,0.0020000000000000018,10650.802064985546,6390.4812389913277
-0.0135,0.0020000000000000018,12129.077095932493,7277.4462575594953
-0.012999999999999999,0.0020000000000000018,13501.362413565959,8100.8174481395754
-0.012500000000000001,0.0020000000000000018,14708.129864215631,8824.8779185293788
-0.012,0.0020000000000000018,15704.968206806017,9422.9809240836094
-0.0115,0.0020000000000000018,16468.617165105177,9881.1702990631056
-0.010999999999999999,0.0020000000000000018,17000.054894413592,10200.032936648155
-0.010499999999999999,0.0020000000000000018,17323.959459556696,10394.375675734018
-0.010000000000000002,0.0020000000000000018,17484.576601899011,10490.745961139406
-0.0095000000000000015,0.0020000000000000018,17538.76336052447,10523.258016314681
-0.0090000000000000011,0.0020000000000000018,17547.555494749373,10528.533296849624
-0.0085000000000000006,0.0020000000000000018,17567.875759950926,10540.725455970556
-0.0080000000000000002,0.0020000000000000018,17645.888725937395,10587.533235562436
-0.0074999999999999997,0.0020000000000000018,17813.046909132467,10687.82814547948
-0.0069999999999999993,0.0020000000000000018,18085.188267210797,10851.112960326478
-0.0064999999999999988,0.0020000000000000018,18464.321359159421,11078.592815495653
-0.0059999999999999984,0.0020000000000000018,18942.162138386724,11365.297283032034
-0.0054999999999999979,0.0020000000000000018,19504.207176313561,11702.524305788136
-0.005000000000000001,0.0020000000000000018,20133.196553483722,12079.917932090233
-0.0044999999999999971,0.0020000000000000018,20811.191086496518,12486.71465189791
-0.0040000000000000001,0.0020000000000000018,21520.036755377212,12912.022053226327
-0.0035000000000000031,0.0020000000000000018,22240.546269649709,13344.327761789826
-0.0029999999999999992,0.0020000000000000018,22951.133604122948,13770.680162473769
-0.0025000000000000022,0.0020000000000000018,23626.784161587209,14176.070496952325
-0.0019999999999999983,0.0020000000000000018,24239.102482233702,14543.461489340221
-0.0015000000000000013,0.0020000000000000018,24757.805843778155,14854.683506266892
-0.00099999999999999742,0.0020000000000000018,25153.544536616049,15092.126721969629
-0.00050000000000000044,0.0020000000000000018,25401.475357352123,15240.885214411273
0,0.0020000000000000018,25484.727601211169,15290.836560726701
0.00050000000000000044,0.0020000000000000018,25396.863462437574,15238.118077462543
0.0010000000000000009,0.0020000000000000018,25142.657189041915,15085.594313425148
0.0015000000000000013,0.0020000000000000018,24736.93499196124,14842.160995176742
0.0020000000000000018,0.0020000000000000018,24201.710968067997,14521.026580840798
0.0024999999999999988,0.0020000000000000018,23562.283424639481,14137.370054783689
0.0030000000000000027,0.0020000000000000018,22843.201381312603,13705.920828787561
0.0034999999999999996,0.0020000000000000018,22065.007195531663,13239.004317318997
0.0040000000000000036,0.0020000000000000018,21242.414854955274,12745.448912973165
0.0045000000000000005,0.0020000000000000018,20384.170237712886,12230.502142627731
0.0049999999999999975,0.0020000000000000018,19494.381398222478,11696.628838933486
0.0055000000000000014,0.0020000000000000018,18574.735501321677,11144.841300793005
0.0059999999999999984,0.0020000000000000018,17626.837391508983,10576.10243490539
0.0064999999999999988,0.0020000000000000018,16653.957018401474,9992.3742110408839
0.0069999999999999993,0.0020000000000000018,15661.73181598663,9397.0390895919772
0.0074999999999999997,0.0020000000000000018,14657.74652172519,8794.6479130351145
0.0080000000000000002,0.0020000000000000018,13650.284497116574,8190.1706982699443
0.0085000000000000006,0.0020000000000000018,12646.79512430443,7588.0770745826576
0.0090000000000000011,0.0020000000000000018,11652.678289563692,6991.6069737382149
0.0095000000000000015,0.0020000000000000018,10670.842079650422,6402.5052477902527
0.010000000000000002,0.0020000000000000018,9702.2022266348122,5821.3213359808869
0.010500000000000002,0.0020000000000000018,8746.9637354651259,5248.1782412790753
0.011000000000000003,0.0020000000000000018,7806.265889354012,4683.7595336124068
0.011500000000000003,0.0020000000000000018,6883.6608909092574,4130.1965345455546
0.012000000000000004,0.0020000000000000018,5985.958770084274,3591.5752620505641
0.012499999999999997,0.0020000000000000018,5123.1735900192925,3073.9041540115754
0.013000000000000005,0.0020000000000000018,4307.5734085047088,2584.5440451028253
0.013499999999999998,0.0020000000000000018,3552.0813718350037,2131.248823101002
0.014000000000000005,0.0020000000000000018,2868.427689700929,1721.0566138205575
0.014499999999999999,0.0020000000000000018,2265.4796754138542,1359.2878052483125
0.014999999999999999,0.0020000000000000018,1748.0894138348121,1048.8536483008872
0.0155,0.0020000000000000018,1316.6380173514046,789.98281041084272
0.016000000000000007,0.0020000000000000018,967.27738504047772,580.36643102428661
0.016500000000000001,0.0020000000000000018,692.7244873890229,415.6346924334137
0.017000000000000001,0.0020000000000000018,483.3796846520188,290.02781079121127
0.017500000000000002,0.0020000000000000018,328.52595562115181,197.11557337269107
0.017999999999999995,0.0020000000000000018,217.40691666548696,130.44414999929216
0.018500000000000003,0.0020000000000000018,140.05403254195033,84.032419525170198
0.019000000000000003,0.0020000000000000018,87.812130605005379,52.687278363003223
0.019500000000000003,0.0020000000000000018,53.577872638692398,32.14672358321544
0.019999999999999997,0.0020000000000000018,31.808095096734952,19.084857058040971
0.020499999999999997,0.0020000000000000018,18.372623500113651,11.02357410006819
0.021000000000000005,0.0020000000000000018,10.324158477004186,6.1944950862025117
0.021500000000000005,0.0020000000000000018,5.6436949177601665,3.3862169506560997
0.021999999999999999,0.0020000000000000018,3.0010863348135581,1.8006518008881347
0.022499999999999999,0.0020000000000000018,1.5523313380343304,0.93139880282059817
0.023000000000000007,0.0020000000000000018,0.78103318607455585,0.46861991164473349
0.023500000000000007,0.0020000000000000018,0.38222966729552466,0.22933780037731477
0.024,0.0020000000000000018,0.18194572922240299,0.10916743753344178
0.024500000000000001,0.0020000000000000018,0.084239583210898167,0.0505437499265389
0.025000000000000001,0.0020000000000000018,0.03793525072918013,0.022761150437508076
-0.025000000000000001,0.0024999999999999988,0.76269106104188233,0.45761463662512936
-0.024500000000000001,0.0024999999999999988,1.557316288295886,0.93438977297753156
-0.024,0.0024999999999999988,3.0942239812421795,1.8565343887453076
-0.0235,0.0024999999999999988,5.9826109707901214,3.5895665824740726
-0.023,0.0024999999999999988,11.256736888696263,6.7540421332177578
-0.022500000000000003,0.0024999999999999988,20.612802999295731,12.367681799577438
-0.022000000000000002,0.0024999999999999988,36.735499857706067,22.041299914623639
-0.021500000000000002,0.0024999999999999988,63.720984790104879,38.232590874062929
-0.021000000000000001,0.0024999999999999988,107.58501066130061,64.551006396780366
-0.020500000000000001,0.0024999999999999988,176.81580656971528,106.08948394182916
-0.02,0.0024999999999999988,282.89167673387664,169.73500604032597
-0.0195,0.0024999999999999988,440.63771223748807,264.38262734249281
-0.019,0.0024999999999999988,668.25425994866669,400.95255596919998
-0.018500000000000003,0.0024999999999999988,986.82672333138248,592.09603399882951
-0.018000000000000002,0.0024999999999999988,1419.139706157323,851.48382369439378
-0.017500000000000002,0.0024999999999999988,1987.6846684247439,1192.6108010548462
-0.017000000000000001,0.0024999999999999988,2711.87720404538,1627.1263224272279
-0.016500000000000001,0.0024999999999999988,3604.6807430477893,2162.8084458286735
-0.016,0.0024999999999999988,4669.0410644035419,2801.424638642125
-0.0155,0.0024999999999999988,5894.7241106804549,3536.8344664082729
-0.015000000000000001,0.0024999999999999988,7256.25980636656,4353.7558838199357
-0.014500000000000001,0.0024999999999999988,8712.6710049466383,5227.6026029679824
-0.014,0.0024999999999999988,10209.474756226489,6125.6848537358937
-0.0135,0.0024999999999999988,11683.087031490784,7009.8522188944708
-0.012999999999999999,0.0024999999999999988,13067.294310630605,7840.3765863783628
-0.012500000000000001,0.0024999999999999988,14300.972401403862,8580.5834408423161
-0.012,0.0024999999999999988,15335.855071952328,9201.5130431713969
-0.0115,0.0024999999999999988,16142.995479794779,9685.7972878768669
-0.010999999999999999,0.0024999999999999988,16716.692194239018,10030.015316543411
-0.010499999999999999,0.0024999999999999988,17075.069250327753,10245.041550196651
-0.010000000000000002,0.0024999999999999988,17257.128050023126,10354.276830013876
-0.0095000000000000015,0.0024999999999999988,17316.786353272022,10390.071811963213
-0.0090000000000000011,0.0024999999999999988,17315.016890174702,10389.010134104821
-0.0085000000000000006,0.0024999999999999988,17311.545845350542,10386.927507210325
-0.0080000000000000002,0.0024999999999999988,17357.583708396669,10414.550225038001
-0.0074999999999999997,0.0024999999999999988,17490.741288136916,10494.444772882149
-0.0069999999999999993,0.0024999999999999988,17732.724228610874,10639.634537166525
-0.0064999999999999988,0.0024999999999999988,18089.753329512096,10853.851997707257
-0.0059999999999999984,0.0024999999999999988,18555.094041406061,11133.056424843637
-0.0054999999999999979,0.0024999999999999988,19112.732207645156,11467.639324587093
-0.005000000000000001,0.0024999999999999988,19741.170464764626,11844.702278858775
-0.0044999999999999971,0.0024999999999999988,20416.523669669084,12249.91420180145
-0.0040000000000000001,0.0024999999999999988,21114.474152784045,12668.684491670427
-0.0035000000000000031,0.0024999999999999988,21811.080781805485,13086.648469083291
-0.0029999999999999992,0.0024999999999999988,22482.792341772361,13489.675405063417
-0.0025000000000000022,0.0024999999999999988,23106.204163668535,13863.722498201121
-0.0019999999999999983,0.0024999999999999988,23658.083632393638,14194.850179436182
-0.0015000000000000013,0.0024999999999999988,24116.002831268499,14469.601698761098
-0.00099999999999999742,0.0024999999999999988,24459.63041008306,14675.778246049837
-0.00050000000000000044,0.0024999999999999988,24672.447335437158,14803.468401262295
0,0.0024999999999999988,24743.45299588437,14846.071797530622
0.00050000000000000044,0.0024999999999999988,24668.377352460022,14801.026411476012
0.0010000000000000009,0.0024999999999999988,24450.022359571525,14670.013415742915
0.0015000000000000013,0.0024999999999999988,24097.584369185766,14458.55062151146
0.0020000000000000018,0.0024999999999999988,23625.085736959449,14175.051442175669
0.0024999999999999988,0.0024999999999999988,23049.282463097745,13829.569477858646
0.0030000000000000027,0.0024999999999999988,22387.542489453161,13432.525493671896
0.0034999999999999996,0.0024999999999999988,21656.168092613745,12993.700855568246
0.0040000000000000036,0.0024999999999999988,20869.473685572037,12521.684211343221
0.0045000000000000005,0.0024999999999999988,20039.679093278493,12023.807455967095
0.0049999999999999975,0.0024999999999999988,19177.418068922485,11506.450841353491
0.0055000000000000014,0.0024999999999999988,18292.476333424704,10975.485800054821
0.0059999999999999984,0.0024999999999999988,17394.324026393584,10436.594415836151
0.0064999999999999988,0.0024999999999999988,16492.112406243599,9895.2674437461592
0.0069999999999999993,0.0024999999999999988,15594.031416856889,9356.4188501141325
0.0074999999999999997,0.0024999999999999988,14706.19846952602,8823.7190817156115
0.0080000000000000002,0.0024999999999999988,13831.475352508383,8298.8852115050304
0.0085000000000000006,0.0024999999999999988,12968.707427023477,7781.2244562140859
0.0090000000000000011,0.0024999999999999988,12112.806015481799,7267.6836092890799
0.0095000000000000015,0.0024999999999999988,11255.867095705838,6753.5202574235027
0.010000000000000002,0.0024999999999999988,10389.206769098742,6233.5240614592449
0.010500000000000002,0.0024999999999999988,9505.8970903356185,5703.5382542013713
0.011000000000000003,0.0024999999999999988,8603.201874257622,5161.921124554573
0.011500000000000003,0.0024999999999999988,7684.3012564080873,4610.5807538448526
0.012000000000000004,0.0024999999999999988,6758.859347854931,4055.3156087129582
0.012499999999999997,0.0024999999999999988,5842.2781780168043,3505.3669068100826
0.013000000000000005,0.0024999999999999988,4953.8039906477334,2972.2823943886401
0.013499999999999998,0.0024999999999999988,4113.9148714934254,2468.3489228960552
0.014000000000000005,0.0024999999999999988,3341.553475284084,2004.9320851704504
0.014499999999999999,0.0024999999999999988,2651.7517473201483,1591.0510483920889
0.014999999999999999,0.0024999999999999988,2054.0489314772717,1232.4293588863629
0.0155,0.0024999999999999988,1551.8856917314251,931.13141503885504
0.016000000000000007,0.0024999999999999988,1142.9327065994605,685.75962395967633
0.016500000000000001,0.0024999999999999988,820.13791869752163,492.08275121851295
0.017000000000000001,0.0024999999999999988,573.18437556824551,343.91062534094732
0.017500000000000002,0.0024999999999999988,390.04369776390655,234.02621865834391
0.017999999999999995,0.0024999999999999988,258.36956051737531,155.02173631042518
0.018500000000000003,0.0024999999999999988,166.57049892626213,99.942299355757271
0.019000000000000003,0.0024999999999999988,104.50095105346412,62.700570632078467
0.019500000000000003,0.0024999999999999988,63.790820419566714,38.274492251740028
0.019999999999999997,0.0024999999999999988,37.885498648084429,22.731299188850656
0.020499999999999997,0.0024999999999999988,21.889417703935592,13.133650622361355
0.021000000000000005,0.0024999999999999988,12.303194853782475,7.3819169122694852
0.021500000000000005,0.0024999999999999988,6.7267514314522829,4.0360508588713699
0.021999999999999999,0.0024999999999999988,3.5775193517455048,2.1465116110473028
0.022499999999999999,0.0024999999999999988,1.8507010321399282,1.110420619283957
0.023000000000000007,0.0024999999999999988,0.93123486064270955,0.55874091638562573
0.023500000000000007,0.0024999999999999988,0.455768005078447,0.27346080304706821
0.024,0.0024999999999999988,0.21696245612782541,0.13017747367669524
0.024500000000000001,0.0024999999999999988,0.10045629971925743,0.060273779831554457
0.025000000000000001,0.0024999999999999988,0.045239544524687821,0.027143726714812692
-0.025000000000000001,0.0030000000000000027,0.66908188897024001,0.401449133382144
-0.024500000000000001,0.0030000000000000027,1.3687570920017904,0.8212542552010742
-0.024,0.0030000000000000027,2.7251144682272215,1.6350686809363328
-0.0235,0.0030000000000000027,5.280507844419394,3.1683047066516363
-0.023,0.0030000000000000027,9.9591408910870349,5.975484534652221
-0.022500000000000003,0.0030000000000000027,18.282996720421693,10.969798032253015
-0.022000000000000002,0.0030000000000000027,32.672154568762259,19.603292741257356
-0.021500000000000002,0.0030000000000000027,56.838185959413302,34.10291157564798
-0.021000000000000001,0.0030000000000000027,96.263919724429627,57.758351834657773
-0.020500000000000001,0.0030000000000000027,158.73712541731302,95.242275250387806
-0.02,0.0030000000000000027,254.86956041392816,152.92173624835689
-0.0195,0.0030000000000000027,398.4898052026756,239.09388312160536
-0.019,0.0030000000000000027,606.75652953611757,364.05391772167053
-0.018500000000000003,0.0030000000000000027,899.81138578919547,539.8868314735173
-0.018000000000000002,0.0030000000000000027,1299.7941233112333,779.87647398673994
-0.017500000000000002,0.0030000000000000027,1829.0929176704822,1097.4557506022893
-0.017000000000000001,0.0030000000000000027,2507.8103534023253,1504.686212041395
-0.016500000000000001,0.0030000000000000027,3350.5873536289669,2010.3524121773801
-0.016,0.0030000000000000027,4363.1231352700734,2617.8738811620437
-0.0155,0.0030000000000000027,5538.9195439589812,3323.3517263753888
-0.015000000000000001,0.0030000000000000027,6856.9096166652516,4114.1457699991506
-0.014500000000000001,0.0030000000000000027,8280.6477884015821,4968.3886730409495
-0.014,0.0030000000000000027,9759.6026610915051,5855.7615966549029
-0.0135,0.0030000000000000027,11232.794830349996,6739.6768982099975
-0.012999999999999999,0.0030000000000000027,12634.597914271852,7580.7587485631102
-0.012500000000000001,0.0030000000000000027,13902.050615760927,8341.2303694565562
-0.012,0.0030000000000000027,14982.621043847348,8989.5726263084089
-0.0115,0.0030000000000000027,15841.134010678003,9504.6804064068019
-0.010999999999999999,0.0030000000000000027,16464.599777948999,9878.7598667693983
-0.010499999999999999,0.0030000000000000027,16863.991968382081,10118.395181029247
-0.010000000000000002,0.0030000000000000027,17072.563222859189,10243.537933715514
-0.0095000000000000015,0.0030000000000000027,17140.943861089618,10284.566316653771
-0.0090000000000000011,0.0030000000000000027,17129.88786131308,10277.932716787847
-0.0085000000000000006,0.0030000000000000027,17101.96282734831,10261.177696408986
-0.0080000000000000002,0.0030000000000000027,17113.624165607907,10268.174499364744
-0.0074999999999999997,0.0030000000000000027,17208.942699597788,10325.365619758673
-0.0069999999999999993,0.0030000000000000027,17415.826184652313,10449.495710791387
-0.0064999999999999988,0.0030000000000000027,17745.008999149555,10647.005399489733
-0.0059999999999999984,0.0030000000000000027,18191.527210970678,10914.916326582406
-0.0054999999999999979,0.0030000000000000027,18737.978044160052,11242.786826496031
-0.005000000000000001,0.0030000000000000027,19358.662239480796,11615.197343688478
-0.0044999999999999971,0.0030000000000000027,20023.737032053155,12014.242219231894
-0.0040000000000000001,0.0030000000000000027,20702.717967494464,12421.630780496678
-0.0035000000000000031,0.0030000000000000027,21366.973281501447,12820.183968900868
-0.0029999999999999992,0.0030000000000000027,21991.161086267181,13194.696651760309
-0.0025000000000000022,0.0030000000000000027,22553.792322247711,13532.275393348626
-0.0019999999999999983,0.0030000000000000027,23037.222059055646,13822.333235433387
-0.0015000000000000013,0.0030000000000000027,23427.377725936647,14056.426635561987
-0.00099999999999999742,0.0030000000000000027,23713.455373371296,14228.073224022777
-0.00050000000000000044,0.0030000000000000027,23887.700229624672,14332.620137774802
0,0.0030000000000000027,23945.281567355971,14367.168940413581
0.00050000000000000044,0.0030000000000000027,23884.206880051064,14330.524128030638
0.0010000000000000009,0.0030000000000000027,23705.208587243149,14223.125152345889
0.0015000000000000013,0.0030000000000000027,23411.568783485392,14046.941270091234
0.0020000000000000018,0.0030000000000000027,23008.899290977162,13805.339574586296
0.0024999999999999988,0.0030000000000000027,22504.935263253905,13502.961157952343
0.0030000000000000027,0.0030000000000000027,21909.406191257975,13145.643714754784
0.0034999999999999996,0.0030000000000000027,21234.008554185941,12740.405132511563
0.0040000000000000036,0.0030000000000000027,20492.429059045546,12295.457435427326
0.0045000000000000005,0.0030000000000000027,19700.283630001082,11820.17017800065
0.0049999999999999975,0.0030000000000000027,18874.782035878918,11324.86922152735
0.0055000000000000014,0.0030000000000000027,18033.935662520988,10820.361397512592
0.0059999999999999984,0.0030000000000000027,17195.214582693221,10317.128749615933
0.0064999999999999988,0.0030000000000000027,16373.721141332047,9824.2326847992281
0.0069999999999999993,0.0030000000000000027,15580.142432661345,9348.0854595968067
0.0074999999999999997,0.0030000000000000027,14818.912686519338,8891.3476119116021
0.0080000000000000002,0.0030000000000000027,14087.09329540068,8452.2559772404074
0.0085000000000000006,0.0030000000000000027,13374.415851816519,8024.6495110899104
0.0090000000000000011,0.0030000000000000027,12664.723942202763,7598.834365321658
0.0095000000000000015,0.0030000000000000027,11938.7329862521,7163.2397917512599
0.010000000000000002,0.0030000000000000027,11177.686017466433,6706.6116104798593
0.010500000000000002,0.0030000000000000027,10367.216800972834,6220.3300805836998
0.011000000000000003,0.0030000000000000027,9500.6252087769262,5700.3751252661559
0.011500000000000003,0.0030000000000000027,8580.8638757648805,5148.5183254589283
0.012000000000000004,0.0030000000000000027,7620.8103129695892,4572.486187781753
0.012499999999999997,0.0030000000000000027,6641.7804808474975,3985.0682885084984
0.013000000000000005,0.0030000000000000027,5670.6233450985128,3402.3740070591075
0.013499999999999998,0.0030000000000000027,4736.0196629362654,2841.6117977617591
0.014000000000000005,0.0030000000000000027,3864.7254556832827,2318.8352734099694
0.014499999999999999,0.0030000000000000027,3078.4369135122988,1847.0621481073792
0.014999999999999999,0.0030000000000000027,2391.7456973863709,1435.0474184318225
0.0155,0.0030000000000000027,1811.3725678933424,1086.8235407360055
0.016000000000000007,0.0030000000000000027,1336.5922634184844,801.95535805109068
0.016500000000000001,0.0030000000000000027,960.55733562429918,576.33440137457944
0.017000000000000001,0.0030000000000000027,672.12658705753449,403.27595223452067
0.017500000000000002,0.0030000000000000027,457.8050191751571,274.68301150509427
0.017999999999999995,0.0030000000000000027,303.48138291354849,182.08882974812909
0.018500000000000003,0.0030000000000000027,195.76870357946859,117.46122214768116
0.019000000000000003,0.0030000000000000027,122.87554224213136,73.725325345278819
0.019500000000000003,0.0030000000000000027,75.034415772007165,45.0206494632043
0.019999999999999997,0.0030000000000000027,44.575750205325832,26.7454501231955
0.020499999999999997,0.0030000000000000027,25.760639391576877,15.456383634946125
0.021000000000000005,0.0030000000000000027,14.481589799912566,8.6889538799475385
0.021500000000000005,0.0030000000000000027,7.9188705913232988,4.7513223547939791
0.021999999999999999,0.0030000000000000027,4.2119822012746528,2.5271893207647915
0.022499999999999999,0.0030000000000000027,2.1791011328829946,1.3074606797297967
0.023000000000000007,0.0030000000000000027,1.0965514626861963,0.65793087761171776
0.023500000000000007,0.0030000000000000027,0.53670556659626301,0.32202333995775778
0.024,0.0030000000000000027,0.25550209432602694,0.15330125659561616
0.024500000000000001,0.0030000000000000027,0.1183043877807515,0.070982632668450896
0.025000000000000001,0.0030000000000000027,0.053278588714236595,0.031967153228541954
-0.025000000000000001,0.0034999999999999996,0.57560232514288512,0.34536139508573105
-0.024500000000000001,0.0034999999999999996,1.1805006776180855,0.70830040657085125
-0.024,0.0034999999999999996,2.3566885313372103,1.4140131188023262
-0.0235,0.0034999999999999996,4.5798977486383388,2.7479386491830033
-0.023,0.0034999999999999996,8.6647024151021128,5.1988214490612679
-0.022500000000000003,0.0034999999999999996,15.959660705763145,9.5757964234578861
-0.022000000000000002,0.0034999999999999996,28.62166354736642,17.172998128419852
-0.021500000000000002,0.0034999999999999996,49.980157722666767,29.98809463360006
-0.021000000000000001,0.0034999999999999996,84.989149581852189,50.993489749111312
-0.020500000000000001,0.0034999999999999996,140.74253214102666,84.445519284615997
-0.02,0.0034999999999999996,226.99568332172427,136.19740999303457
-0.0195,0.0034999999999999996,356.59576909193828,213.95746145516296
-0.019,0.0034999999999999996,545.68130143435519,327.40878086061309
-0.018500000000000003,0.0034999999999999996,813.47958463323687,488.0877507799421
-0.018000000000000002,0.0034999999999999996,1181.5239403847215,708.91436423083292
-0.017500000000000002,0.0034999999999999996,1672.147161647654,1003.2882969885924
-0.017000000000000001,0.0034999999999999996,2306.1955678410568,1383.7173407046341
-0.016500000000000001,0.0034999999999999996,3100.0511172009301,1860.0306703205579
-0.016,0.0034999999999999996,4062.233201979408,2437.3399211876449
-0.0155,0.0034999999999999996,5190.0444854743346,3114.0266912846005
-0.015000000000000001,0.0034999999999999996,6466.8782534625843,3880.1269520775504
-0.014500000000000001,0.0034999999999999996,7860.863750779532,4716.5182504677186
-0.014,0.0034999999999999996,9325.4450212419524,5595.2670127451711
-0.0135,0.0034999999999999996,10802.247814727483,6481.3486888364896
-0.012999999999999999,0.0034999999999999996,12226.207695116922,7335.7246170701528
-0.012500000000000001,0.0034999999999999996,13532.47423404542,8119.484540427251
-0.012,0.0034999999999999996,14664.170125361126,8798.5020752166747
-0.0115,0.0034999999999999996,15579.782346418957,9347.8694078513745
-0.010999999999999999,0.0034999999999999996,16258.889520446366,9755.3337122678186
-0.010499999999999999,0.0034999999999999996,16705.131535445093,10023.078921267055
-0.010000000000000002,0.0034999999999999996,16945.782452354651,10167.469471412791
-0.0095000000000000015,0.0034999999999999996,17027.905377760475,10216.743226656285
-0.0090000000000000011,0.0034999999999999996,17011.709914390402,10207.02594863424
-0.0085000000000000006,0.0034999999999999996,16962.249600606545,10177.349760363926
-0.0080000000000000002,0.0034999999999999996,16940.869714518645,10164.521828711187
-0.0074999999999999997,0.0034999999999999996,16997.790022148445,10198.674013289066
-0.0069999999999999993,0.0034999999999999996,17166.90461586076,10300.142769516455
-0.0064999999999999988,0.0034999999999999996,17463.390670842091,10478.034402505255
-0.0059999999999999984,0.0034999999999999996,17884.165533842621,10730.499320305573
-0.0054999999999999979,0.0034999999999999996,18410.742208764968,11046.445325258981
-0.005000000000000001,0.0034999999999999996,19013.69884722518,11408.219308335107
-0.0044999999999999971,0.0034999999999999996,19657.838916707831,11794.703350024698
-0.0040000000000000001,0.0034999999999999996,20307.164916488669,12184.298949893202
-0.0035000000000000031,0.0034999999999999996,20928.972963115124,12557.383777869074
-0.0029999999999999992,0.0034999999999999996,21496.635717379821,12897.981430427892
-0.0025000000000000022,0.0034999999999999996,21990.91747906903,13194.550487441418
-0.0019999999999999983,0.0034999999999999996,22399.912756687056,13439.947654012232
-0.0015000000000000013,0.0034999999999999996,22717.890615614586,13630.734369368751
-0.00099999999999999742,0.0034999999999999996,22943.448760587809,13766.069256352685
-0.00050000000000000044,0.0034999999999999996,23077.430837723336,13846.458502634001
0,0.0034999999999999996,23121.041476395294,13872.624885837176
0.00050000000000000044,0.0034999999999999996,23074.514567486716,13844.708740492029
0.0010000000000000009,0.0034999999999999996,22936.564291562718,13761.938574937631
0.0015000000000000013,0.0034999999999999996,22704.693210839694,13622.815926503816
0.0020000000000000018,0.0034999999999999996,22376.268731425422,13425.761238855253
0.0024999999999999988,0.0034999999999999996,21950.131298358952,13170.078779015372
0.0030000000000000027,0.0034999999999999996,21428.386215865583,12857.031729519349
0.0034999999999999996,0.0034999999999999996,20817.97317090405,12490.783902542429
0.0040000000000000036,0.0034999999999999996,20131.614410626054,12078.968646375632
0.0045000000000000005,0.0034999999999999996,19387.817978504052,11632.69078710243
0.0049999999999999975,0.0034999999999999996,18609.752604193298,11165.851562515978
0.0055000000000000014,0.0034999999999999996,17823.003192203942,10693.801915322365
0.0059999999999999984,0.0034999999999999996,17052.437473710976,10231.462484226586
0.0064999999999999988,0.0034999999999999996,16318.6309262662,9791.1785557597195
0.0069999999999999993,0.0034999999999999996,15634.464252539936,9380.6785515239608
0.0074999999999999997,0.0034999999999999996,15002.57790698035,9001.5467441882101
0.0080000000000000002,0.0034999999999999996,14414.302673048824,8648.5816038292942
0.0085000000000000006,0.0034999999999999996,13850.469897112454,8310.2819382674716
0.0090000000000000011,0.0034999999999999996,13284.162938465477,7970.4977630792855
0.0095000000000000015,0.0034999999999999996,12685.066958854663,7611.0401753127971
0.010000000000000002,0.0034999999999999996,12024.701816016284,7214.8210896097708
0.010500000000000002,0.0034999999999999996,11281.582687687292,6768.9496126123749
0.011000000000000003,0.0034999999999999996,10445.319668142343,6267.1918008854054
0.011500000000000003,0.0034999999999999996,9518.8630887927484,5711.3178532756492
0.012000000000000004,0.0034999999999999996,8518.4841383878302,5111.0904830326981
0.012499999999999997,0.0034999999999999996,7471.5549764189527,4482.9329858513711
0.013000000000000005,0.0034999999999999996,6412.6378428118378,3847.5827056871026
0.013499999999999998,0.0034999999999999996,5378.6989669659388,3227.2193801795634
0.014000000000000005,0.0034999999999999996,4404.3643848906704,2642.6186309344021
0.014499999999999999,0.0034999999999999996,3518.0253318305063,2110.8151990983038
0.014999999999999999,0.0034999999999999996,2739.3312773969451,1643.5987664381671
0.0155,0.0034999999999999996,2078.2647815345836,1246.9588689207501
0.016000000000000007,0.0034999999999999996,1535.6661591368554,921.3996954821132
0.016500000000000001,0.0034999999999999996,1104.8389979203921,662.90339875223526
0.017000000000000001,0.0034999999999999996,773.75519253757079,464.25311552254243
0.017500000000000002,0.0034999999999999996,527.38738311366319,316.43242986819791
0.017999999999999995,0.0034999999999999996,349.79578665440243,209.87747199264146
0.018500000000000003,0.0034999999999999996,225.74031715392775,135.44419029235664
0.019000000000000003,0.0034999999999999996,141.73440417136547,85.040642502819281
0.019500000000000003,0.0034999999999999996,86.573171811983912,51.943903087190343
0.019999999999999997,0.0034999999999999996,51.44108543923641,30.864651263541845
0.020499999999999997,0.0034999999999999996,29.732923684565055,17.839754210739031
0.021000000000000005,0.0034999999999999996,16.716745227440772,10.030047136464463
0.021500000000000005,0.0034999999999999996,9.1420049990430154,5.4852029994258089
0.021999999999999999,0.0034999999999999996,4.8629323194503407,2.9177593916702045
0.022499999999999999,0.0034999999999999996,2.5160271941179393,1.5096163164707634
0.023000000000000007,0.0034999999999999996,1.266156914608582,0.75969414876514918
0.023500000000000007,0.0034999999999999996,0.61974171508142528,0.37184502904885514
0.024,0.0034999999999999996,0.29504055988348449,0.17702433593009068
0.024500000000000001,0.0034999999999999996,0.13661488068075897,0.081968928408455377
0.025000000000000001,0.0034999999999999996,0.061525849739667293,0.036915509843800376
-0.025000000000000001,0.0040000000000000036,0.48679621595640876,0.29207772957384526
-0.024500000000000001,0.0040000000000000036,1.0016633871648926,0.60099803229893556
-0.024,0.0040000000000000036,2.0067123564428511,1.2040274138657105
-0.0235,0.0040000000000000036,3.9144067672395439,2.3486440603437262
-0.023,0.0040000000000000036,7.4352214835060488,4.4611328901036291
-0.022500000000000003,0.0040000000000000036,13.753060786078739,8.251836471647243
-0.022000000000000002,0.0040000000000000036,24.774980702274572,14.864988421364743
-0.021500000000000002,0.0040000000000000036,43.467770251563707,26.080662150938224
-0.021000000000000001,0.0040000000000000036,74.283698320833508,44.570218992500102
-0.020500000000000001,0.0040000000000000036,123.65858148937605,74.195148893625628
-0.02,0.0040000000000000036,200.53607129692719,120.3216427781563
-0.0195,0.0040000000000000036,316.83393128289464,190.10035876973677
-0.019,0.0040000000000000036,487.72609783512632,292.63565870107578
-0.018500000000000003,0.0040000000000000036,731.57816101583649,438.94689660950189
-0.018000000000000002,0.0040000000000000036,1069.3575317697073,641.61451906182435
-0.017500000000000002,0.0040000000000000036,1523.3590804720695,914.01544828324165
-0.017000000000000001,0.0040000000000000036,2115.1564139664015,1269.0938483798409
-0.016500000000000001,0.0040000000000000036,2862.8142017250816,1717.688521035049
-0.016,0.0040000000000000036,3777.5700594289879,2266.5420356573927
-0.0155,0.0040000000000000036,4860.3894710898112,2916.2336826538867
-0.015000000000000001,0.0040000000000000036,6098.9706994273565,3659.3824196564137
-0.014500000000000001,0.0040000000000000036,7465.874698996241,4479.5248193977441
-0.014,0.0040000000000000036,8918.426474480133,5351.0558846880795
-0.0135,0.0040000000000000036,10400.847549058286,6240.508529434971
-0.012999999999999999,0.0040000000000000036,11848.738243156671,7109.2429458940023
-0.012500000000000001,0.0040000000000000036,13195.58167554236,7917.3490053254154
-0.012,0.0040000000000000036,14380.477912404271,8628.286747442562
-0.0115,0.0040000000000000036,15355.94858323948,9213.5691499436871
-0.010999999999999999,0.0040000000000000036,16094.485577525582,9656.6913465153484
-0.010499999999999999,0.0040000000000000036,16592.619795777566,9955.5718774665384
-0.010000000000000002,0.0040000000000000036,16871.661673345592,10122.997004007355
-0.0095000000000000015,0.0040000000000000036,16974.847261830015,10184.908357098009
-0.0090000000000000011,0.0040000000000000036,16961.287139708991,10176.772283825394
-0.0085000000000000006,0.0040000000000000036,16897.709945444407,10138.625967266644
-0.0080000000000000002,0.0040000000000000036,16849.383330948254,10109.629998568953
-0.0074999999999999997,0.0040000000000000036,16871.700631994954,10123.020379196972
-0.0069999999999999993,0.0040000000000000036,17003.732156497201,10202.239293898319
-0.0064999999999999988,0.0040000000000000036,17264.616345837479,10358.769807502487
-0.0059999999999999984,0.0040000000000000036,17653.116157897402,10591.869694738441
-0.0054999999999999979,0.0040000000000000036,18150.111883115856,10890.067129869514
-0.005000000000000001,0.0040000000000000036,18723.347609400673,11234.008565640403
-0.0044999999999999971,0.0040000000000000036,19333.461102025605,11600.076661215362
-0.0040000000000000001,0.0040000000000000036,19940.229227925025,11964.137536755015
-0.0035000000000000031,0.0040000000000000036,20508.040593568632,12304.824356141178
-0.0029999999999999992,0.0040000000000000036,21009.828170643337,12605.896902386003
-0.0025000000000000022,0.0040000000000000036,21429.010647716867,12857.406388630119
-0.0019999999999999983,0.0040000000000000036,21759.351486865085,13055.610892119052
-0.0015000000000000013,0.0040000000000000036,22002.997741618619,13201.798644971172
-0.00099999999999999742,0.0040000000000000036,22167.256237177859,13300.353742306716
-0.00050000000000000044,0.0040000000000000036,22260.857429848293,13356.514457908976
0,0.0040000000000000036,22290.514018619855,13374.308411171913
0.00050000000000000044,0.0040000000000000036,22258.48960404798,13355.093762428787
0.0010000000000000009,0.0040000000000000036,22161.66648655244,13296.999891931464
0.0015000000000000013,0.0040000000000000036,21992.28228900702,13195.369373404212
0.0020000000000000018,0.0040000000000000036,21740.154043385861,13044.092426031517
0.0024999999999999988,0.0040000000000000036,21395.894865177681,12837.536919106607
0.0030000000000000027,0.0040000000000000036,20954.413919757266,12572.648351854359
0.0034999999999999996,0.0040000000000000036,20417.915827857301,12250.749496714381
0.0040000000000000036,0.0040000000000000036,19797.69339163004,11878.616034978024
0.0045000000000000005,0.0040000000000000036,19114.221288076267,11468.53277284576
0.0049999999999999975,0.0040000000000000036,18395.368972792094,11037.221383675256
0.0055000000000000014,0.0040000000000000036,17672.90521351913,10603.743128111479
0.0059999999999999984,0.0040000000000000036,16977.805915763165,10186.683549457899
0.0064999999999999988,0.0040000000000000036,16335.144301606198,9801.086580963718
0.0069999999999999993,0.0040000000000000036,15759.488127208746,9455.6928763252472
0.0074999999999999997,0.0040000000000000036,15251.715397409895,9151.0292384459372
0.0080000000000000002,0.0040000000000000036,14797.971718992632,8878.7830313955783
0.0085000000000000006,0.0040000000000000036,14371.142902963711,8622.6857417782267
0.0090000000000000011,0.0040000000000000036,13934.756267971668,8360.8537607830003
0.0095000000000000015,0.0040000000000000036,13448.738904061031,8069.2433424366181
0.010000000000000002,0.0040000000000000036,12876.057442364385,7725.6344654186305
0.010500000000000002,0.0040000000000000036,12189.043361159618,7313.4260166957711
0.011000000000000003,0.0040000000000000036,11374.236913554374,6824.5421481326239
0.011500000000000003,0.0040000000000000036,10434.867946888446,6260.9207681330672
0.012000000000000004,0.0040000000000000036,9390.5720875520183,5634.343252531211
0.012499999999999997,0.0040000000000000036,8274.5010391911164,4964.70062351467
0.013000000000000005,0.0040000000000000036,7128.4895791846011,4277.0937475107603
0.013499999999999998,0.0040000000000000036,5997.2711144372997,3598.3626686623797
0.014000000000000005,0.0040000000000000036,4922.8222434884347,2953.6933460930609
0.014499999999999999,0.0040000000000000036,3939.7663411921744,2363.8598047153046
0.014999999999999999,0.0040000000000000036,3072.4398275757771,1843.4638965454662
0.0155,0.0040000000000000036,2333.8224282472697,1400.2934569483618
0.016000000000000007,0.0040000000000000036,1726.1584463587922,1035.6950678152753
0.016500000000000001,0.0040000000000000036,1242.8289638009801,745.69737828058805
0.017000000000000001,0.0040000000000000036,870.91237494878396,522.54742496927031
0.017500000000000002,0.0040000000000000036,593.88700866897284,356.33220520138372
0.017999999999999995,0.0040000000000000036,394.0472136393002,236.42832818358011
0.018500000000000003,0.0040000000000000036,254.37128768943626,152.62277261366174
0.019000000000000003,0.0040000000000000036,159.74693003252884,95.8481580195173
0.019500000000000003,0.0040000000000000036,97.592770269304538,58.555662161582717
0.019999999999999997,0.0040000000000000036,57.996912542276377,34.798147525365827
0.020499999999999997,0.0040000000000000036,33.525845611624263,20.115507366974558
0.021000000000000005,0.0040000000000000036,18.850851786394074,11.310511071836444
0.021500000000000005,0.0040000000000000036,10.30978974560308,6.1858738473618482
0.021999999999999999,0.0040000000000000036,5.4844032799054352,3.290641967943261
0.022499999999999999,0.0040000000000000036,2.8376861136453093,1.7026116681871855
0.023000000000000007,0.0040000000000000036,1.4280734830061097,0.85684408980366578
0.023500000000000007,0.0040000000000000036,0.6990121471669517,0.41940728830017099
0.024,0.0040000000000000036,0.33278543545184475,0.19967126127110685
0.024500000000000001,0.0040000000000000036,0.15409456740105615,0.092456740440633692
0.025000000000000001,0.0040000000000000036,0.069398840875523615,0.041639304525314169
-0.025000000000000001,0.0045000000000000005,0.40591966187755346,0.24355179712653208
-0.024500000000000001,0.0045000000000000005,0.83874452385073173,0.50324671431043899
-0.024,0.0045000000000000005,1.6877789160155336,1.0126673496093201
-0.0235,0.0045000000000000005,3.3077141596360877,1.9846284957816525
-0.023,0.0045000000000000005,6.3138949724952926,3.7883369834971754
-0.022500000000000003,0.0045000000000000005,11.739619628096651,7.0437717768579908
-0.022000000000000002,0.0045000000000000005,21.263171424370856,12.757902854622513
-0.021500000000000002,0.0045000000000000005,37.518805113038432,22.511283067823058
-0.021000000000000001,0.0045000000000000005,64.497948472893228,38.698769083735932
-0.020500000000000001,0.0045000000000000005,108.03066358955546,64.81839815373327
-0.02,0.0045000000000000005,176.31123314920049,105.78673988952029
-0.0195,0.0045000000000000005,280.39585903294062,168.23751541976438
-0.019,0.0045000000000000005,434.55852705023176,260.73511623013906
-0.018500000000000003,0.0045000000000000005,656.35124736843602,393.81074842106159
-0.018000000000000002,0.0045000000000000005,966.18994966266064,579.71396979759641
-0.017500000000000002,0.0045000000000000005,1386.293323892487,831.77599433549221
-0.017000000000000001,0.0045000000000000005,1938.8544966373661,1163.3126979824196
-0.016500000000000001,0.0045000000000000005,2643.4343462699226,1586.0606077619534
-0.016,0.0045000000000000005,3513.7279081716706,2108.2367449030021
-0.0155,0.0045000000000000005,4554.051617900147,2732.430970740088
-0.015000000000000001,0.0045000000000000005,5756.0900860186775,3453.6540516112063
-0.014500000000000001,0.0045000000000000005,7096.5734505292739,4257.9440703175642
-0.014,0.0045000000000000005,8536.5742053702998,5121.9445232221797
-0.0135,0.0045000000000000005,10022.974056827788,6013.7844340966731
-0.012999999999999999,0.0045000000000000005,11492.347127174513,6895.4082763047072
-0.012500000000000001,0.0045000000000000005,12877.070521264901,7726.24231275894
-0.012,0.0045000000000000005,14112.987230050925,8467.7923380305547
-0.0115,0.0045000000000000005,15147.521507464138,9088.5129044784826
-0.010999999999999999,0.0045000000000000005,15946.89937788942,9568.1396267336513
-0.010499999999999999,0.0045000000000000005,16501.14322499443,9900.685934996658
-0.010000000000000002,0.0045000000000000005,16825.81643381737,10095.489860290421
-0.0095000000000000015,0.0045000000000000005,16960.044772356468,10176.026863413881
-0.0090000000000000011,0.0045000000000000005,16961.021973477433,10176.61318408646
-0.0085000000000000006,0.0045000000000000005,16895.866161234,10137.519696740399
-0.0080000000000000002,0.0045000000000000005,16832.182859195971,10099.309715517582
-0.0074999999999999997,0.0045000000000000005,16828.904206648589,10097.342523989153
-0.0069999999999999993,0.0045000000000000005,16928.87699614248,10157.326197685488
-0.0064999999999999988,0.0045000000000000005,17154.302079119781,10292.581247471868
-0.0059999999999999984,0.0045000000000000005,17505.578835407418,10503.34730124445
-0.0054999999999999979,0.0045000000000000005,17963.501336555979,10778.100801933588
-0.005000000000000001,0.0045000000000000005,18494.203003151921,11096.521801891153
-0.0044999999999999971,0.0045000000000000005,19055.841543685539,11433.504926211323
-0.0040000000000000001,0.0045000000000000005,19605.80578142601,11763.483468855606
-0.0035000000000000031,0.0045000000000000005,20107.224560804352,12064.334736482611
-0.0029999999999999992,0.0045000000000000005,20533.750114090773,12320.250068454463
-0.0025000000000000022,0.0045000000000000005,20871.936661342912,12523.161996805748
-0.0019999999999999983,0.0045000000000000005,21120.984248624616,12672.590549174769
-0.0015000000000000013,0.0045000000000000005,21290.097699602145,12774.058619761287
-0.00099999999999999742,0.0045000000000000005,21394.141536800798,12836.484922080479
-0.00050000000000000044,0.0045000000000000005,21448.575597730967,12869.14535863858
0,0.0045000000000000005,21464.771247533579,12878.862748520147
0.00050000000000000044,0.0045000000000000005,21446.705742447884,12868.023445468731
0.0010000000000000009,0.0045000000000000005,21389.727350277157,12833.836410166294
0.0015000000000000013,0.0045000000000000005,21281.635782482314,12768.981469489388
0.0020000000000000018,0.0045000000000000005,21105.824163323316,12663.494497993988
0.0024999999999999988,0.0045000000000000005,20845.785362152648,12507.471217291588
0.0030000000000000027,0.0045000000000000005,20489.989872199727,12293.993923319837
0.0034999999999999996,0.0045000000000000005,20036.053670918816,12021.632202551289
0.0040000000000000036,0.0045000000000000005,19493.246239887947,11695.947743932767
0.0045000000000000005,0.0045000000000000005,18882.709413643825,11329.625648186295
0.0049999999999999975,0.0045000000000000005,18235.200594139918,10941.120356483951
0.0055000000000000014,0.0045000000000000005,17586.654605621941,10551.992763373164
0.0059999999999999984,0.0045000000000000005,16972.291114744123,10183.374668846473
0.0064999999999999988,0.0045000000000000005,16420.30458143364,9852.182748860183
0.0069999999999999993,0.0045000000000000005,15946.306288742695,9567.7837732456173
0.0074999999999999997,0.0045000000000000005,15549.613327644958,9329.7679965869738
0.0080000000000000002,0.0045000000000000005,15212.197622152027,9127.3185732912152
0.0085000000000000006,0.0045000000000000005,14900.65404223921,8940.3924253435252
0.0090000000000000011,0.0045000000000000005,14570.991955562991,8742.5951733377951
0.0095000000000000015,0.0045000000000000005,14175.501948033912,8505.3011688203478
0.010000000000000002,0.0045000000000000005,13670.516039914812,8202.3096239488859
0.010500000000000002,0.0045000000000000005,13023.670068120253,7814.202040872151
0.011000000000000003,0.0045000000000000005,12219.352401824452,7331.6114410946711
0.011500000000000003,0.0045000000000000005,11261.378943616775,6756.827366170065
0.012000000000000004,0.0045000000000000005,10172.493901754859,6103.4963410529153
0.012499999999999997,0.0045000000000000005,8990.9279574173779,5394.5567744504269
0.013000000000000005,0.0045000000000000005,7764.8001511088605,4658.8800906653159
0.013499999999999998,0.0045000000000000005,6545.5008999512129,3927.3005399707276
0.014000000000000005,0.0045000000000000005,5381.2738114594486,3228.7642868756689
0.014499999999999999,0.0045000000000000005,4312.0306261790101,2587.2183757074058
0.014999999999999999,0.0045000000000000005,3366.060068014011,2019.6360408084065
0.0155,0.0045000000000000005,2558.8394986196085,1535.3036991717652
0.016000000000000007,0.0045000000000000005,1893.7426702475566,1136.2456021485339
0.016500000000000001,0.0045000000000000005,1364.1434646294747,818.48607877768484
0.017000000000000001,0.0045000000000000005,956.28378155453174,573.77026893271898
0.017500000000000002,0.0045000000000000005,652.2958044330743,391.37748265984459
0.017999999999999995,0.0045000000000000005,432.90216898572697,259.7413013914362
0.018500000000000003,0.0045000000000000005,279.50435555051592,167.70261333030956
0.019000000000000003,0.0045000000000000005,175.55569855807272,105.33341913484362
0.019500000000000003,0.0045000000000000005,107.26266522411419,64.357599134468515
0.019999999999999997,0.0045000000000000005,63.7490678882426,38.249440732945558
0.020499999999999997,0.0045000000000000005,36.853479719984335,22.1120878319906
0.021000000000000005,0.0045000000000000005,20.723021729884763,12.433813037930857
0.021500000000000005,0.0045000000000000005,11.334182486943527,6.8005094921661167
0.021999999999999999,0.0045000000000000005,6.0295389070527508,3.6177233442316501
0.022499999999999999,0.0045000000000000005,3.119825471190024,1.8718952827140143
0.023000000000000007,0.0045000000000000005,1.5700926946721512,0.94205561680329064
0.023500000000000007,0.0045000000000000005,0.76853977579682964,0.46112386547809775
0.024,0.0045000000000000005,0.3658906688730057,0.21953440132380342
0.024500000000000001,0.0045000000000000005,0.1694254230939429,0.10165525385636574
0.025000000000000001,0.0045000000000000005,0.076303907695815812,0.045782344617489486
-0.025000000000000001,0.0049999999999999975,0.33485583309751477,0.20091349985850884
-0.024500000000000001,0.0049999999999999975,0.69546386200018684,0.4172783172001121
-0.024,0.0049999999999999975,1.4070096946813917,0.844205816808835
-0.0235,0.0049999999999999975,2.7730269533596283,1.6638161720157769
-0.023,0.0049999999999999975,5.3244321032289701,3.1946592619373821
-0.022500000000000003,0.0049999999999999975,9.9605023358279379,5.9763014014967624
-0.022000000000000002,0.0049999999999999975,18.155285342376896,10.893171205426137
-0.021500000000000002,0.0049999999999999975,32.244998285162474,19.346998971097484
-0.021000000000000001,0.0049999999999999975,55.806001169893754,33.483600701936254
-0.020500000000000001,0.0049999999999999975,94.119312432471034,56.47158745948262
-0.02,0.0049999999999999975,154.6942412971452,92.81654477828711
-0.0195,0.0049999999999999975,247.78998658271863,148.67399194963116
-0.019,0.0049999999999999975,386.83244882529971,232.0994692951798
-0.018500000000000003,0.0049999999999999975,588.58082722375298,353.14849633425177
-0.018000000000000002,0.0049999999999999975,872.86659719570457,523.71995831742277
-0.017500000000000002,0.0049999999999999975,1261.7220475926279,757.03322855557667
-0.017000000000000001,0.0049999999999999975,1777.7536409998097,1066.6521845998857
-0.016500000000000001,0.0049999999999999975,2441.7098386547564,1465.0259031928538
-0.016,0.0049999999999999975,3269.3456893409802,1961.6074136045881
-0.0155,0.0049999999999999975,4267.8823940073726,2560.7294364044233
-0.015000000000000001,0.0049999999999999975,5432.5641289277228,3259.5384773566334
-0.014500000000000001,0.0049999999999999975,6743.9742717270592,4046.3845630362352
-0.014,0.0049999999999999975,8166.8293691550725,4900.0976214930433
-0.0135,0.0049999999999999975,9650.8718590624649,5790.5231154374787
-0.012999999999999999,0.0049999999999999975,11134.210767485503,6680.5264604913018
-0.012500000000000001,0.0049999999999999975,12549.036856309711,7529.4221137858258
-0.012,0.0049999999999999975,13829.137783624315,8297.4826701745897
-0.0115,0.0049999999999999975,14918.171154817976,8950.9026928907842
-0.010999999999999999,0.0049999999999999975,15777.342850948327,9466.4057105689953
-0.010499999999999999,0.0049999999999999975,16391.085962315556,9834.6515773893334
-0.010000000000000002,0.0049999999999999975,16769.586949840177,10061.752169904106
-0.0095000000000000015,0.0049999999999999975,16947.529101437387,10168.517460862431
-0.0090000000000000011,0.0049999999999999975,16979.114087078095,10187.468452246856
-0.0085000000000000006,0.0049999999999999975,16930.127633082913,10158.076579849747
-0.0080000000000000002,0.0049999999999999975,16868.375578029547,10121.025346817727
-0.0074999999999999997,0.0049999999999999975,16854.109027818849,10112.46541669131
-0.0069999999999999993,0.0049999999999999975,16932.02676537681,10159.216059226086
-0.0064999999999999988,0.0049999999999999975,17126.111123015147,10275.666673809088
-0.0059999999999999984,0.0049999999999999975,17438.005509983952,10462.80330599037
-0.0054999999999999979,0.0049999999999999975,17848.998405652401,10709.399043391441
-0.005000000000000001,0.0049999999999999975,18325.064095017926,10995.038457010754
-0.0044999999999999971,0.0049999999999999975,18823.927418479067,11294.35645108744
-0.0040000000000000001,0.0049999999999999975,19302.836356185573,11581.701813711343
-0.0035000000000000031,0.0049999999999999975,19725.673400870495,11835.404040522297
-0.0029999999999999992,0.0049999999999999975,20068.21181405089,12040.927088430533
-0.0025000000000000022,0.0049999999999999975,20320.693844836143,12192.416306901685
-0.0019999999999999983,0.0049999999999999975,20487.415804480392,12292.449482688235
-0.0015000000000000013,0.0049999999999999975,20583.567020952272,12350.140212571363
-0.00099999999999999742,0.0049999999999999975,20630.087907658333,12378.052744594999
-0.00050000000000000044,0.0049999999999999975,20647.687433646617,12388.612460187969
0,0.0049999999999999975,20651.312440183076,12390.787464109844
0.00050000000000000044,0.0049999999999999975,20646.25127470187,12387.750764821121
0.0010000000000000009,0.0049999999999999975,20626.697552523863,12376.018531514317
0.0015000000000000013,0.0049999999999999975,20577.067770410642,12346.240662246384
0.0020000000000000018,0.0049999999999999975,20475.77196642214,12285.463179853285
0.0024999999999999988,0.0049999999999999975,20300.608107405755,12180.364864443452
0.0030000000000000027,0.0049999999999999975,20034.601371903482,12020.760823142089
0.0034999999999999996,0.0049999999999999975,19671.009967267153,11802.605980360291
0.0040000000000000036,0.0049999999999999975,19216.384001364888,11529.830400818932
0.0045000000000000005,0.0049999999999999975,18690.951749489101,11214.571049693461
0.0049999999999999975,0.0049999999999999975,18126.134996184079,10875.680997710448
0.0055000000000000014,0.0049999999999999975,17559.557929522631,10535.734757713579
0.0059999999999999984,0.0049999999999999975,17028.409143311575,10217.045485986944
0.0064999999999999988,0.0049999999999999975,16562.357830843102,9937.4146985058615
0.0069999999999999993,0.0049999999999999975,16177.354613448977,9706.4127680693855
0.0074999999999999997,0.0049999999999999975,15871.538314761245,9522.9229888567461
0.0080000000000000002,0.0049999999999999975,15624.131539687945,9374.4789238127669
0.0085000000000000006,0.0049999999999999975,15397.687257998903,9238.6123547993411
0.0090000000000000011,0.0049999999999999975,15143.430320802598,9086.0581924815579
0.0095000000000000015,0.0049999999999999975,14808.836272981534,8885.3017637889207
0.010000000000000002,0.0049999999999999975,14346.130479672549,8607.6782878035283
0.010500000000000002,0.0049999999999999975,13720.181842331716,8232.1091053990294
0.011000000000000003,0.0049999999999999975,12914.367314782183,7748.620388869309
0.011500000000000003,0.0049999999999999975,11933.384869952904,7160.0309219717428
0.012000000000000004,0.0049999999999999975,10802.606911772757,6481.5641470636538
0.012499999999999997,0.0049999999999999975,9564.2505714445215,5738.5503428667125
0.013000000000000005,0.0049999999999999975,8271.2352313188312,4962.7411387912989
0.013499999999999998,0.0049999999999999975,6979.9677390767874,4187.9806434460725
0.014000000000000005,0.0049999999999999975,5743.3728989810761,3446.0237393886455
0.014499999999999999,0.0049999999999999975,4605.2814432499245,2763.1688659499546
0.014999999999999999,0.0049999999999999975,3596.8803625829282,2158.1282175497568
0.0155,0.0049999999999999975,2735.4420187038832,1641.2652112223298
0.016000000000000007,0.0049999999999999975,2025.1016503233477,1215.0609901940086
0.016500000000000001,0.0049999999999999975,1459.1391235719193,875.48347414315151
0.017000000000000001,0.0049999999999999975,1023.08148317094,613.848889902564
0.017500000000000002,0.0049999999999999975,697.96873869742535,418.78124321845519
0.017999999999999995,0.0049999999999999975,463.27018442932041,277.96211065759223
0.018500000000000003,0.0049999999999999975,299.14022752568729,179.48413651541236
0.019000000000000003,0.0049999999999999975,187.90302780598901,112.7418166835934
0.019500000000000003,0.0049999999999999975,114.8135005569815,68.888100334188891
0.019999999999999997,0.0049999999999999975,68.239871302802882,40.943922781681728
0.020499999999999997,0.0049999999999999975,39.45104467883359,23.670626807300152
0.021000000000000005,0.0049999999999999975,22.184280191610885,13.31056811496653
0.021500000000000005,0.0049999999999999975,12.133666494143448,7.2801998964860681
0.021999999999999999,0.0049999999999999975,6.4549586921496926,3.8729752152898156
0.022499999999999999,0.0049999999999999975,3.3399929347463075,2.0039957608477845
0.023000000000000007,0.0049999999999999975,1.6809126634942964,1.0085475980965777
0.023500000000000007,0.0049999999999999975,0.82279153321053622,0.49367491992632173
0.024,0.0049999999999999975,0.3917216949819759,0.23503301698918552
0.024500000000000001,0.0049999999999999975,0.18138738659696735,0.1088324319581804
0.025000000000000001,0.0049999999999999975,0.081691527827383106,0.049014916696429864
-0.025000000000000001,0.0055000000000000014,0.27423245350345565,0.1645394721020734
-0.024500000000000001,0.0055000000000000014,0.57301120577363462,0.34380672346418079
-0.024,0.0055000000000000014,1.1665713028498688,0.69994278170992119
-0.0235,0.0055000000000000014,2.3141221489132193,1.3884732893479315
-0.023,0.0055000000000000014,4.4731033665830928,2.6838620199498555
-0.022500000000000003,0.0055000000000000014,8.4255417487871203,5.0553250492722723
-0.022000000000000002,0.0055000000000000014,15.465684190978928,9.2794105145873562
-0.021500000000000002,0.0055000000000000014,27.665369914959172,16.599221948975501
-0.021000000000000001,0.0055000000000000014,48.229301838308885,28.93758110298533
-0.020500000000000001,0.0055000000000000014,81.941003940638637,49.164602364383178
-0.02,0.0055000000000000014,135.67936892717393,81.407621356304347
-0.0195,0.0055000000000000014,218.95410484783616,131.37246290870169
-0.019,0.0055000000000000014,344.36755764749915,206.62053458849948
-0.018500000000000003,0.0055000000000000014,527.8659780622545,316.71958683735267
-0.018000000000000002,0.0055000000000000014,788.60611198496542,473.16366719097925
-0.017500000000000002,0.0055000000000000014,1148.2485595425348,688.94913572552093
-0.017000000000000001,0.0055000000000000014,1629.5154366301902,977.709261978114
-0.016500000000000001,0.0055000000000000014,2253.931543448612,1352.3589260691672
-0.016,0.0055000000000000014,3038.8110521396397,1823.2866312837839
-0.0155,0.0055000000000000014,3993.7447863221983,2396.2468717933189
-0.015000000000000001,0.0055000000000000014,5117.0548311138891,3070.2328986683333
-0.014500000000000001,0.0055000000000000014,6392.8623763609885,3835.7174258165928
-0.014,0.0055000000000000014,7789.4997943894896,4673.6998766336937
-0.0135,0.0055000000000000014,9259.933377755231,5555.9600266531388
-0.012999999999999999,0.0055000000000000014,10744.619572664689,6446.7717435988134
-0.012500000000000001,0.0055000000000000014,12176.809654796789,7306.0857928780733
-0.012,0.0055000000000000014,13489.812072175378,8093.8872433052265
-0.0115,0.0055000000000000014,14625.228201483682,8775.1369208902088
-0.010999999999999999,0.0055000000000000014,15540.824808780104,9324.4948852680627
-0.010499999999999999,0.0055000000000000014,16216.606385384404,9729.9638312306415
-0.010000000000000002,0.0055000000000000014,16657.860201114683,9994.7161206688088
-0.0095000000000000015,0.0055000000000000014,16894.446346099594,10136.667807659756
-0.0090000000000000011,0.0055000000000000014,16976.295636174411,10185.777381704645
-0.0085000000000000006,0.0055000000000000014,16965.806656126231,10179.483993675738
-0.0080000000000000002,0.0055000000000000014,16928.432860436056,10157.059716261634
-0.0074999999999999997,0.0055000000000000014,16923.08751370199,10153.852508221195
-0.0069999999999999993,0.0055000000000000014,16994.001307625662,10196.400784575397
-0.0064999999999999988,0.0055000000000000014,17165.357402770271,10299.214441662161
-0.0059999999999999984,0.0055000000000000014,17439.482757045156,10463.689654227093
-0.0054999999999999979,0.0055000000000000014,17798.715075228989,10679.229045137394
-0.005000000000000001,0.0055000000000000014,18210.42151732415,10926.252910394489
-0.0044999999999999971,0.0055000000000000014,18634.129164403639,11180.477498642183
-0.0040000000000000001,0.0055000000000000014,19029.414383418094,11417.648630050857
-0.0035000000000000031,0.0055000000000000014,19363.1263470167,11617.875808210019
-0.0029999999999999992,0.0055000000000000014,19614.690529074222,11768.814317444532
-0.0025000000000000022,0.0055000000000000014,19778.619811804925,11867.171887082955
-0.0019999999999999983,0.0055000000000000014,19863.892703770973,11918.335622262583
-0.0015000000000000013,0.0055000000000000014,19890.452548144756,11934.271528886853
-0.00099999999999999742,0.0055000000000000014,19883.633190829263,11930.179914497558
-0.00050000000000000044,0.0055000000000000014,19867.718343519642,11920.631006111786
0,0.0055000000000000014,19860.00729595809,11916.004377574855
0.00050000000000000044,0.0055000000000000014,19866.645507654692,11919.987304592814
0.0010000000000000009,0.0055000000000000014,19881.100536211554,11928.660321726931
0.0015000000000000013,0.0055000000000000014,19885.597494251255,11931.358496550753
0.0020000000000000018,0.0055000000000000014,19855.194552970679,11913.116731782407
0.0024999999999999988,0.0055000000000000014,19763.615414437783,11858.169248662669
0.0030000000000000027,0.0055000000000000014,19589.582940596934,11753.749764358161
0.0034999999999999996,0.0055000000000000014,19322.291805487945,11593.375083292767
0.0040000000000000036,0.0055000000000000014,18964.832961423992,11378.899776854394
0.0045000000000000005,0.0055000000000000014,18534.794012552644,11120.876407531587
0.0049999999999999975,0.0055000000000000014,18061.817999174284,10837.090799504569
0.0055000000000000014,0.0055000000000000014,17582.497974261867,10549.49878455712
0.0059999999999999984,0.0055000000000000014,17133.507103077325,10280.104261846394
0.0064999999999999988,0.0055000000000000014,16744.223827660135,10046.534296596081
0.0069999999999999993,0.0055000000000000014,16430.24800313864,9858.1488018831842
0.0074999999999999997,0.0055000000000000014,16189.089995755465,9713.4539974532781
0.0080000000000000002,0.0055000000000000014,15998.960789137958,9599.3764734827746
0.0085000000000000006,0.0055000000000000014,15821.046877756191,9492.6281266537135
0.0090000000000000011,0.0055000000000000014,15605.007737730855,9363.0046426385125
0.0095000000000000015,0.0055000000000000014,15296.805375454656,9178.0832252727942
0.010000000000000002,0.0055000000000000014,14847.495806658924,8908.4974839953538
0.010500000000000002,0.0055000000000000014,14221.394266105248,8532.8365596631484
0.011000000000000003,0.0055000000000000014,13402.131980303357,8041.279188182014
0.011500000000000003,0.0055000000000000014,12395.54061200292,7437.3243672017516
0.012000000000000004,0.0055000000000000014,11228.940545672474,6737.3643274034848
0.012499999999999997,0.0055000000000000014,9947.1220653159417,5968.2732391895652
0.013000000000000005,0.0055000000000000014,8605.9267441875436,5163.5560465125263
0.013499999999999998,0.0055000000000000014,7264.7212584746985,4358.8327550848189
0.014000000000000005,0.0055000000000000014,5979.1353999289649,3587.4812399573789
0.014499999999999999,0.0055000000000000014,4795.2214057001547,2877.1328434200927
0.014999999999999999,0.0055000000000000014,3745.766932618566,2247.4601595711397
0.0155,0.0055000000000000014,2848.985007788207,1709.3910046729241
0.016000000000000007,0.0055000000000000014,2109.3389803365312,1265.6033882019187
0.016500000000000001,0.0055000000000000014,1519.9340239891992,911.9604143935195
0.017000000000000001,0.0055000000000000014,1065.7621277349888,639.4572766409932
0.017500000000000002,0.0055000000000000014,727.11497193990658,436.26898316394391
0.017999999999999995,0.0055000000000000014,482.6304235841024,289.57825415046142
0.018500000000000003,0.0055000000000000014,311.64878478745362,186.98927087247216
0.019000000000000003,0.0055000000000000014,195.76379881945203,117.45827929167122
0.019500000000000003,0.0055000000000000014,119.61834265682484,71.771005594094902
0.019999999999999997,0.0055000000000000014,71.096441563087211,42.657864937852324
0.020499999999999997,0.0055000000000000014,41.102851217015044,24.661710730209027
0.021000000000000005,0.0055000000000000014,23.113287876977207,13.867972726186323
0.021500000000000005,0.0055000000000000014,12.641853112518421,7.5851118675110518
0.021999999999999999,0.0055000000000000014,6.7253354239106926,4.0352012543464157
0.022499999999999999,0.0055000000000000014,3.4799053652094165,2.0879432191256497
0.023000000000000007,0.0055000000000000014,1.7513305823800294,1.0507983494280175
0.023500000000000007,0.0055000000000000014,0.85726216033657998,0.51435729620194792
0.024,0.0055000000000000014,0.40813339921923425,0.24488003953154053
0.024500000000000001,0.0055000000000000014,0.1889870821495252,0.11339224928971511
0.025000000000000001,0.0055000000000000014,0.085114287012735199,0.051068572207641119
-0.025000000000000001,0.0059999999999999984,0.22368210231272556,0.13420926138763534
-0.024500000000000001,0.0059999999999999984,0.47058461986326106,0.2823507719179566
-0.024,0.0059999999999999984,0.96475933046304074,0.5788555982778244
-0.0235,0.0059999999999999984,1.9274724740477907,1.1564834844286744
-0.023,0.0059999999999999984,3.7528014464520818,2.251680867871249
-0.022500000000000003,0.0059999999999999984,7.1207951814912844,4.2724771088947708
-0.022000000000000002,0.0059999999999999984,13.167740206920575,7.9006441241523451
-0.021500000000000002,0.0059999999999999984,23.730415494845488,14.238249296907293
-0.021000000000000001,0.0059999999999999984,41.678262014514594,25.006957208708755
-0.020500000000000001,0.0059999999999999984,71.337928509093814,42.802757105456287
-0.02,0.0059999999999999984,118.99605403908453,71.397632423450716
-0.0195,0.0059999999999999984,193.43674101454357,116.06204460872614
-0.019,0.0059999999999999984,306.43067671878572,183.85840603127141
-0.018500000000000003,0.0059999999999999984,473.0479744336792,283.82878466020753
-0.018000000000000002,0.0059999999999999984,711.62639775749903,426.9758386544994
-0.017500000000000002,0.0059999999999999984,1043.2057162425619,625.92342974553719
-0.017000000000000001,0.0059999999999999984,1490.2555729717249,894.15334378303487
-0.016500000000000001,0.0059999999999999984,2074.5948868108239,1244.7569320864943
-0.016,0.0059999999999999984,2814.5335403477511,1688.7201242086505
-0.0155,0.0059999999999999984,3721.4542548356717,2232.8725529014027
-0.015000000000000001,0.0059999999999999984,4796.2655372886802,2877.7593223732079
-0.014500000000000001,0.0059999999999999984,6026.3460917426592,3615.8076550455953
-0.014,0.0059999999999999984,7383.7051016637024,4430.2230609982216
-0.0135,0.0059999999999999984,8825.0425756970908,5295.0255454182543
-0.012999999999999999,0.0059999999999999984,10294.174801950743,6176.5048811704455
-0.012500000000000001,0.0059999999999999984,11726.900342669955,7036.1402056019724
-0.012,0.0059999999999999984,13057.883153983079,7834.729892389847
-0.0115,0.0059999999999999984,14228.628995076748,8537.177397046049
-0.010999999999999999,0.0059999999999999984,15195.259461047122,9117.1556766282738
-0.010499999999999999,0.0059999999999999984,15934.660925805281,9560.796555483168
-0.010000000000000002,0.0059999999999999984,16447.767675777657,9868.6606054665936
-0.0095000000000000015,0.0059999999999999984,16759.215967747255,10055.529580648354
-0.0090000000000000011,0.0059999999999999984,16913.284075003841,10147.970445002304
-0.0085000000000000006,0.0059999999999999984,16966.759703810021,10180.055822286013
-0.0080000000000000002,0.0059999999999999984,16979.98125912049,10187.988755472294
-0.0074999999999999997,0.0059999999999999984,17007.645065512072,10204.587039307242
-0.0069999999999999993,0.0059999999999999984,17090.986048139719,10254.591628883831
-0.0064999999999999988,0.0059999999999999984,17252.635538185725,10351.581322911434
-0.0059999999999999984,0.0059999999999999984,17494.918921980541,10496.951353188324
-0.0054999999999999979,0.0059999999999999984,17801.702334227753,10681.021400536652
-0.005000000000000001,0.0059999999999999984,18143.26376802188,10885.958260813128
-0.0044999999999999971,0.0059999999999999984,18483.161158027051,11089.896694816231
-0.0040000000000000001,0.0059999999999999984,18785.772544510011,11271.463526706006
-0.0035000000000000031,0.0059999999999999984,19023.125157850242,11413.875094710145
-0.0029999999999999992,0.0059999999999999984,19179.808232229407,11507.884939337644
-0.0025000000000000022,0.0059999999999999984,19255.144210354949,11553.086526212968
-0.0019999999999999983,0.0059999999999999984,19262.313026374752,11557.38781582485
-0.0015000000000000013,0.0059999999999999984,19224.699336399728,11534.819601839836
-0.00099999999999999742,0.0059999999999999984,19170.262419991486,11502.157451994892
-0.00050000000000000044,0.0059999999999999984,19125.11159898038,11475.066959388228
0,0.0059999999999999984,19107.624644926385,11464.574786955831
0.00050000000000000044,0.0059999999999999984,19124.332127330563,11474.599276398338
0.0010000000000000009,0.0059999999999999984,19168.422313282004,11501.053387969203
0.0015000000000000013,0.0059999999999999984,19221.171884538795,11532.703130723277
0.0020000000000000018,0.0059999999999999984,19255.993362597554,11553.596017558531
0.0024999999999999988,0.0059999999999999984,19244.242726957273,11546.545636174364
0.0030000000000000027,0.0059999999999999984,19161.566249413088,11496.939749647852
0.0034999999999999996,0.0059999999999999984,18993.456716950237,11396.074030170143
0.0040000000000000036,0.0059999999999999984,18738.850746690365,11243.310448014219
0.0045000000000000005,0.0059999999999999984,18410.988948626622,11046.593369175973
0.0049999999999999975,0.0059999999999999984,18035.29550069954,10821.177300419724
0.0055000000000000014,0.0059999999999999984,17644.609244861349,10586.765546916809
0.0059999999999999984,0.0059999999999999984,17272.611525675093,10363.566915405056
0.0064999999999999988,0.0059999999999999984,16946.659858861312,10167.995915316787
0.0069999999999999993,0.0059999999999999984,16681.389638576111,10008.833783145667
0.0074999999999999997,0.0059999999999999984,16474.357285934326,9884.6143715605958
0.0080000000000000002,0.0059999999999999984,16304.670941356993,9782.8025648141956
0.0085000000000000006,0.0059999999999999984,16135.031550198823,9681.0189301192931
0.0090000000000000011,0.0059999999999999984,15916.971334643769,9550.1828007862605
0.0095000000000000015,0.0059999999999999984,15598.44582211886,9359.0674932713155
0.010000000000000002,0.0059999999999999984,15132.442780883046,9079.4656685298269
0.010500000000000002,0.0059999999999999984,14485.034442252914,8691.0206653517489
0.011000000000000003,0.0059999999999999984,13641.38670015816,8184.8320200948956
0.011500000000000003,0.0059999999999999984,12608.643757152713,7565.1862542916278
0.012000000000000004,0.0059999999999999984,11415.241146619886,6849.1446879719315
0.012499999999999997,0.0059999999999999984,10106.915104745864,6064.1490628475176
0.013000000000000005,0.0059999999999999984,8740.3020410614918,5244.1812246368945
0.013499999999999998,0.0059999999999999984,7375.4160921437224,4425.2496552862331
0.014000000000000005,0.0059999999999999984,6068.3802067656252,3641.0281240593749
0.014499999999999999,0.0059999999999999984,4865.5759461027119,2919.3455676616272
0.014999999999999999,0.0059999999999999984,3799.9527968909915,2279.9716781345946
0.0155,0.0059999999999999984,2889.7261011053483,1733.835660663209
0.016000000000000007,0.0059999999999999984,2139.2232222173288,1283.5339333303973
0.016500000000000001,0.0059999999999999984,1541.3071061338862,924.78426368033172
0.017000000000000001,0.0059999999999999984,1080.6591602053375,648.39549612320241
0.017500000000000002,0.0059999999999999984,737.23002784169535,442.3380167050172
0.017999999999999995,0.0059999999999999984,489.31897643464475,293.59138586078683
0.018500000000000003,0.0059999999999999984,315.95481800089232,189.57289080053539
0.019000000000000003,0.0059999999999999984,198.46223453109744,119.07734071865846
0.019500000000000003,0.0059999999999999984,121.26408817000525,72.758452902003143
0.019999999999999997,0.0059999999999999984,72.073162489015687,43.243897493409413
0.020499999999999997,0.0059999999999999984,41.666863886195905,25.000118331717541
0.021000000000000005,0.0059999999999999984,23.430157641145229,14.058094584687137
0.021500000000000005,0.0059999999999999984,12.815040822411946,7.6890244934471674
0.021999999999999999,0.0059999999999999984,6.8174173887111573,4.0904504332266942
0.022499999999999999,0.0059999999999999984,3.5275303800301852,2.1165182280181112
0.023000000000000007,0.0059999999999999984,1.7752904479632017,1.0651742687779209
0.023500000000000007,0.0059999999999999984,0.86898711208462054,0.52139226725077226
0.024,0.0059999999999999984,0.4137143259699223,0.24822859558195337
0.024500000000000001,0.0059999999999999984,0.19157090771238244,0.11494254462742946
0.025000000000000001,0.0059999999999999984,0.086277813306671405,0.051766687984002843
-0.025000000000000001,0.0064999999999999988,0.18217177476577859,0.10930306485946716
-0.024500000000000001,0.0064999999999999988,0.38606618058032666,0.23163970834819597
-0.024,0.0064999999999999988,0.79734706947089251,0.47840824168253548
-0.0235,0.0064999999999999988,1.6048667832959456,0.96292006997756729
-0.023,0.0064999999999999988,3.1479974005312901,1.8887984403187739
-0.022500000000000003,0.0064999999999999988,6.0176705835081643,3.6106023501048985
-0.022000000000000002,0.0064999999999999988,11.210197429938283,6.7261184579629694
-0.021500000000000002,0.0064999999999999988,20.350666287269014,12.210399772361407
-0.021000000000000001,0.0064999999999999988,36.000805792508544,21.600483475505126
-0.020500000000000001,0.0064999999999999988,62.058348349673196,37.235009009803917
-0.02,0.0064999999999999988,104.23843787662611,62.543062725975659
-0.0195,0.0064999999999999988,170.60053761864441,102.36032257118664
-0.019,0.0064999999999999988,272.04677052916315,163.22806231749789
-0.018500000000000003,0.0064999999999999988,422.67356692064556,253.60414015238732
-0.018000000000000002,0.0064999999999999988,639.81687047912317,383.8901222874739
-0.017500000000000002,0.0064999999999999988,943.60622577434481,566.16373546460682
-0.017000000000000001,0.0064999999999999988,1355.8526279520675,813.51157677124047
-0.016500000000000001,0.0064999999999999988,1898.1560568338982,1138.8936341003389
-0.016,0.0064999999999999988,2589.2407253095985,1553.5444351857591
-0.0155,0.0064999999999999988,3441.7039417893643,2065.0223650736184
-0.015000000000000001,0.0064999999999999988,4458.5722902671496,2675.1433741602896
-0.014500000000000001,0.0064999999999999988,5630.2496851994047,3378.1498111196429
-0.014,0.0064999999999999988,6932.5550237528005,4159.5330142516805
-0.0135,0.0064999999999999988,8326.523410242693,4995.9140461456154
-0.012999999999999999,0.0064999999999999988,9760.4471692498482,5856.2683015499088
-0.012500000000000001,0.0064999999999999988,11174.265709484267,6704.5594256905597
-0.012,0.0064999999999999988,12505.933625080897,7503.5601750485384
-0.0115,0.0064999999999999988,13698.908155817353,8219.3448934904118
-0.010999999999999999,0.0064999999999999988,14709.528236149154,8825.7169416894922
-0.010499999999999999,0.0064999999999999988,15512.92370336997,9307.7542220219821
-0.010000000000000002,0.0064999999999999988,16106.260288252641,9663.7561729515837
-0.0095000000000000015,0.0064999999999999988,16508.582230694323,9905.1493384165933
-0.0090000000000000011,0.0064999999999999988,16757.167292339494,10054.300375403696
-0.0085000000000000006,0.0064999999999999988,16901.007594970906,10140.604556982544
-0.0080000000000000002,0.0064999999999999988,16992.606873858589,10195.564124315153
-0.0074999999999999997,0.0064999999999999988,17079.604881620366,10247.762928972219
-0.0069999999999999993,0.0064999999999999988,17197.736056871116,10318.641634122669
-0.0064999999999999988,0.0064999999999999988,17366.318255556464,10419.790953333877
-0.0059999999999999984,0.0064999999999999988,17586.935420771475,10552.161252462885
-0.0054999999999999979,0.0064999999999999988,17845.352900180838,10707.211740108503
-0.005000000000000001,0.0064999999999999988,18116.116625978826,10869.669975587296
-0.0044999999999999971,0.0064999999999999988,18368.842215595974,11021.305329357585
-0.0040000000000000001,0.0064999999999999988,18574.960194376032,11144.976116625619
-0.0035000000000000031,0.0064999999999999988,18713.669121852992,11228.201473111794
-0.0029999999999999992,0.0064999999999999988,18776.044289068301,11265.626573440981
-0.0025000000000000022,0.0064999999999999988,18766.614687413112,11259.968812447867
-0.0019999999999999983,0.0064999999999999988,18702.19466004911,11221.316796029465
-0.0015000000000000013,0.0064999999999999988,18608.263720406983,11164.958232244189
-0.00099999999999999742,0.0064999999999999988,18513.644004128066,11108.186402476838
-0.00050000000000000044,0.0064999999999999988,18444.54655897327,11066.727935383962
0,0.0064999999999999988,18419.178978618846,11051.507387171307
0.00050000000000000044,0.0064999999999999988,18443.995746674289,11066.397448004573
0.0010000000000000009,0.0064999999999999988,18512.34369589074,11107.406217534444
0.0015000000000000013,0.0064999999999999988,18605.77105262423,11163.462631574537
0.0020000000000000018,0.0064999999999999988,18697.728880524308,11218.637328314584
0.0024999999999999988,0.0064999999999999988,18758.911172944056,11255.346703766432
0.0030000000000000027,0.0064999999999999988,18763.153623326434,11257.892173995861
0.0034999999999999996,0.0064999999999999988,18692.70396918428,11215.622381510568
0.0040000000000000036,0.0064999999999999988,18541.802986752795,11125.081792051677
0.0045000000000000005,0.0064999999999999988,18317.841848113974,10990.705108868384
0.0049999999999999975,0.0064999999999999988,18039.821035812216,10823.89262148733
0.0055000000000000014,0.0064999999999999988,17734.343339116724,10640.606003470033
0.0059999999999999984,0.0064999999999999988,17429.842282017202,10457.905369210321
0.0064999999999999988,0.0064999999999999988,17150.101068695523,10290.060641217313
0.0069999999999999993,0.0064999999999999988,16908.295459436289,10144.977275661773
0.0074999999999999997,0.0064999999999999988,16702.757990579194,10021.654794347516
0.0080000000000000002,0.0064999999999999988,16515.400000791469,9909.2400004748815
0.0085000000000000006,0.0064999999999999988,16313.268327575777,9787.9609965454656
0.0090000000000000011,0.0064999999999999988,16053.12461015635,9631.8747660938097
0.0095000000000000015,0.0064999999999999988,15688.326006297371,9412.9956037784232
0.010000000000000002,0.0064999999999999988,15176.788216451985,9106.0729298711904
0.010500000000000002,0.0064999999999999988,14488.547645230752,8693.1285871384516
0.011000000000000003,0.0064999999999999988,13611.486725656952,8166.8920353941712
0.011500000000000003,0.0064999999999999988,12554.148377283411,7532.4890263700463
0.012000000000000004,0.0064999999999999988,11345.163479440955,6807.0980876645726
0.012499999999999997,0.0064999999999999988,10029.50593095029,6017.7035585701742
0.013000000000000005,0.0064999999999999988,8662.4056587574378,5197.4433952544623
0.013499999999999998,0.0064999999999999988,7302.1473521027719,4381.288411261663
0.014000000000000005,0.0064999999999999988,6003.0829519496883,3601.8497711698128
0.014499999999999999,0.0064999999999999988,4809.993460794286,2885.9960764765715
0.014999999999999999,0.0064999999999999988,3754.529608057424,2252.7177648344541
0.0155,0.0064999999999999988,2853.9646743100534,1712.3788045860319
0.016000000000000007,0.0064999999999999988,2112.0338519831857,1267.2203111899114
0.016500000000000001,0.0064999999999999988,1521.309165015977,912.78549900958615
0.017000000000000001,0.0064999999999999988,1066.4120282540018,639.84721695240103
0.017500000000000002,0.0064999999999999988,727.38903249954319,436.43341949972591
0.017999999999999995,0.0064999999999999988,482.72371404633913,289.63422842780346
0.018500000000000003,0.0064999999999999988,311.66395846418391,186.99837507851035
0.019000000000000003,0.0064999999999999988,195.75105679425275,117.45063407655164
0.019500000000000003,0.0064999999999999988,119.59985677762842,71.759914066577053
0.019999999999999997,0.0064999999999999988,71.080457370665641,42.648274422399382
0.020499999999999997,0.0064999999999999988,41.091341631697404,24.65480497901844
0.021000000000000005,0.0064999999999999988,23.105814262899223,13.863488557739533
0.021500000000000005,0.0064999999999999988,12.637335572822108,7.5824013436932649
0.021999999999999999,0.0064999999999999988,6.7227527466100501,4.03365164796603
0.022499999999999999,0.0064999999999999988,3.4784961996689341,2.0870977198013603
0.023000000000000007,0.0064999999999999988,1.7505926590044243,1.0503555954026544
0.023500000000000007,0.0064999999999999988,0.85688992512706719,0.51413395507624027
0.024,0.0064999999999999988,0.40795206602373257,0.24477123961423952
0.024500000000000001,0.0064999999999999988,0.18890162139021996,0.11334097283413197
0.025000000000000001,0.0064999999999999988,0.085075270569386588,0.05104516234163195
-0.025000000000000001,0.0069999999999999993,0.14833197240188958,0.08899918344113375
-0.024500000000000001,0.0069999999999999993,0.31669235961554487,0.19001541576932693
-0.024,0.0069999999999999993,0.65891410944664131,0.39534846566798476
-0.0235,0.0069999999999999993,1.3359717912136881,0.80158307472821289
-0.023,0.0069999999999999993,2.6395463809716451,1.583727828582987
-0.022500000000000003,0.0069999999999999993,5.0816981516803637,3.0490188910082181
-0.022000000000000002,0.0069999999999999993,9.5327496572754367,5.719649794365262
-0.021500000000000002,0.0069999999999999993,17.423608796892559,10.454165278135536
-0.021000000000000001,0.0069999999999999993,31.027634981808273,18.616580989084962
-0.020500000000000001,0.0069999999999999993,53.830663792030023,32.298398275218013
-0.02,0.0069999999999999993,90.983303462892366,54.589982077735421
-0.0195,0.0069999999999999993,149.80501645467089,89.883009872802532
-0.019,0.0069999999999999993,240.27458855494172,144.16475313296502
-0.018500000000000003,0.0069999999999999993,375.39960867955392,225.23976520773235
-0.018000000000000002,0.0069999999999999993,571.31660496860979,342.78996298116584
-0.017500000000000002,0.0069999999999999993,846.94678666573054,508.16807199943833
-0.017000000000000001,0.0069999999999999993,1223.0369225297925,733.82215351787545
-0.016500000000000001,0.0069999999999999993,1720.4674791144994,1032.2804874686997
-0.016,0.0069999999999999993,2357.8209133214709,1414.6925479928825
-0.0155,0.0069999999999999993,3148.3682686720381,1889.0209612032227
-0.015000000000000001,0.0069999999999999993,4096.8286828266155,2458.097209695969
-0.014500000000000001,0.0069999999999999993,5196.4402709557507,3117.8641625734504
-0.014,0.0069999999999999993,6426.9942970261109,3856.1965782156662
-0.0135,0.0069999999999999993,7754.4703278861552,4652.6821967316928
-0.012999999999999999,0.0069999999999999993,9132.7313860717913,5479.6388316430748
-0.012500000000000001,0.0069999999999999993,10507.397839900952,6304.438703940571
-0.012,0.0069999999999999993,11821.570054795267,7092.9420328771603
-0.0115,0.0069999999999999993,13022.611491302292,7813.5668947813747
-0.010999999999999999,0.0069999999999999993,14068.858301069502,8441.3149806417005
-0.010499999999999999,0.0069999999999999993,14934.999236877722,8960.9995421266322
-0.010000000000000002,0.0069999999999999993,15615.032533012301,9369.0195198073798
-0.0095000000000000015,0.0069999999999999993,16122.14101351005,9673.2846081060306
-0.0090000000000000011,0.0069999999999999993,16485.44132963867,9891.2647977832021
-0.0085000000000000006,0.0069999999999999993,16744.21047353149,10046.526284118894
-0.0080000000000000002,0.0069999999999999993,16940.71178817327,10164.427072903962
-0.0074999999999999997,0.0069999999999999993,17113.007171127603,10267.804302676561
-0.0069999999999999993,0.0069999999999999993,17289.096131029855,10373.457678617913
-0.0064999999999999988,0.0069999999999999993,17483.392688185319,10490.035612911191
-0.0059999999999999984,0.0069999999999999993,17696.033141443535,10617.619884866121
-0.0054999999999999979,0.0069999999999999993,17914.931626687878,10748.958976012726
-0.005000000000000001,0.0069999999999999993,18119.992226489689,10871.995335893813
-0.0044999999999999971,0.0069999999999999993,18288.537683617935,10973.12261017076
-0.0040000000000000001,0.0069999999999999993,18400.868833419237,11040.521300051541
-0.0035000000000000031,0.0069999999999999993,18444.923830736974,11066.954298442184
-0.0029999999999999992,0.0069999999999999993,18419.228292112577,11051.536975267545
-0.0025000000000000022,0.0069999999999999993,18333.665702045535,11000.19942122732
-0.0019999999999999983,0.0069999999999999993,18207.994286485395,10924.796571891236
-0.0015000000000000013,0.0069999999999999993,18068.432711152764,10841.059626691658
-0.00099999999999999742,0.0069999999999999993,17942.973700052768,10765.784220031661
-0.00050000000000000044,0.0069999999999999993,17856.307985324853,10713.784791194912
0,0.0069999999999999993,17825.309611937966,10695.185767162779
0.00050000000000000044,0.0069999999999999993,17855.929417937132,10713.557650762279
0.0010000000000000009,0.0069999999999999993,17942.080012142127,10765.248007285276
0.0015000000000000013,0.0069999999999999993,18066.719527310092,10840.031716386055
0.0020000000000000018,0.0069999999999999993,18204.925004096553,10922.955002457931
0.0024999999999999988,0.0069999999999999993,18328.371159141938,10997.022695485162
0.0030000000000000027,0.0069999999999999993,18410.368675751713,11046.221205451027
0.0034999999999999996,0.0069999999999999993,18430.514706079553,11058.308823647732
0.0040000000000000036,0.0069999999999999993,18378.080240105141,11026.848144063084
0.0045000000000000005,0.0069999999999999993,18253.485677833152,10952.09140669989
0.0049999999999999975,0.0069999999999999993,18067.555085349148,10840.533051209488
0.0055000000000000014,0.0069999999999999993,17838.635945525224,10703.181567315134
0.0059999999999999984,0.0069999999999999993,17588.064711406099,10552.838826843659
0.0064999999999999988,0.0069999999999999993,17334.788933765452,10400.873360259271
0.0069999999999999993,0.0069999999999999993,17090.166711566049,10254.10002693963
0.0074999999999999997,0.0069999999999999993,16854.004343169301,10112.40260590158
0.0080000000000000002,0.0069999999999999993,16612.732620548879,9967.6395723293263
0.0085000000000000006,0.0069999999999999993,16340.263576326362,9804.1581457958164
0.0090000000000000011,0.0069999999999999993,16001.56034236296,9600.9362054177764
0.0095000000000000015,0.0069999999999999993,15558.387704620465,9335.032622772278
0.010000000000000002,0.0069999999999999993,14976.216343128082,8985.7298058768483
0.010500000000000002,0.0069999999999999993,14230.956554668479,8538.5739328010877
0.011000000000000003,0.0069999999999999993,13314.186143240764,7988.5116859444579
0.011500000000000003,0.0069999999999999993,12235.830368724786,7341.4982212348714
0.012000000000000004,0.0069999999999999993,11023.785178556296,6614.2711071337772
0.012499999999999997,0.0069999999999999993,9720.6167173234262,5832.3700303940559
0.013000000000000005,0.0069999999999999993,8378.0592282429097,5026.8355369457458
0.013499999999999998,0.0069999999999999993,7050.4276456764292,4230.2565874058573
0.014000000000000005,0.0069999999999999993,5788.1781071401947,3472.9068642841166
0.014499999999999999,0.0069999999999999993,4632.6869620605521,2779.6121772363313
0.014999999999999999,0.0069999999999999993,3612.9476955326322,2167.7686173195793
0.0155,0.0069999999999999993,2744.4213714090483,1646.652822845429
0.016000000000000007,0.0069999999999999993,2029.8417455188635,1217.905047311318
0.016500000000000001,0.0069999999999999993,1461.464650622341,876.87879037340451
0.017000000000000001,0.0069999999999999993,1024.1075015104825,614.46450090628946
0.017500000000000002,0.0069999999999999993,698.34302783768385,419.00581670261028
0.017999999999999995,0.0069999999999999993,463.34816278092501,278.00889766855499
0.018500000000000003,0.0069999999999999993,299.1038949446442,179.46233696678652
0.019000000000000003,0.0069999999999999993,187.83736248723253,112.70241749233951
0.019500000000000003,0.0069999999999999993,114.75279530160033,68.851677180960195
0.019999999999999997,0.0069999999999999993,68.194178954785741,40.916507372871443
0.020499999999999997,0.0069999999999999993,39.420264866427019,23.652158919856209
0.021000000000000005,0.0069999999999999993,22.165045553407353,13.299027332044412
0.021500000000000005,0.0069999999999999993,12.122319293084075,7.2733915758504448
0.021999999999999999,0.0069999999999999993,6.4485770372564009,3.8691462223538404
0.022499999999999999,0.0069999999999999993,3.3365508206869916,2.0019304924121948
0.023000000000000007,0.0069999999999999993,1.6791250839885583,1.0074750503931349
0.023500000000000007,0.0069999999999999993,0.82189531581046116,0.49313718948627666
0.024,0.0069999999999999993,0.39128709836263503,0.234772259017581
0.024500000000000001,0.0069999999999999993,0.18118327192663652,0.10870996315598191
0.025000000000000001,0.0069999999999999993,0.081598586059626749,0.048959151635776049
-0.025000000000000001,0.0074999999999999997,0.12073249289333984,0.072439495736003903
-0.024500000000000001,0.0074999999999999997,0.25961127802833395,0.15576676681700036
-0.024,0.0074999999999999997,0.54394092980964603,0.32636455788578761
-0.0235,0.0074999999999999997,1.1104221088763784,0.66625326532582696
-0.023,0.0074999999999999997,2.2085667561699238,1.3251400537019542
-0.022500000000000003,0.0074999999999999997,4.2795281701761265,2.5677169021056758
-0.022000000000000002,0.0074999999999999997,8.0783096284811791,4.8469857770887073
-0.021500000000000002,0.0074999999999999997,14.854590016116623,8.9127540096699729
-0.021000000000000001,0.0074999999999999997,26.606842635989519,15.96410558159371
-0.020500000000000001,0.0074999999999999997,46.419099378796247,27.851459627277748
-0.02,0.0074999999999999997,78.877114421154047,47.326268652692427
-0.0195,0.0074999999999999997,130.53873710985209,78.323242265911247
-0.019,0.0074999999999999997,210.40157769487695,126.24094661692617
-0.018500000000000003,0.0074999999999999997,330.27223769686987,198.1633426181219
-0.018000000000000002,0.0074999999999999997,504.90264438315546,302.94158662989327
-0.017500000000000002,0.0074999999999999997,751.73246707927967,451.03948024756778
-0.017000000000000001,0.0074999999999999997,1090.0779450620005,654.04676703720031
-0.016500000000000001,0.0074999999999999997,1539.6525067286152,923.79150403716903
-0.016,0.0074999999999999997,2118.4032842103952,1271.041970526237
-0.0155,0.0074999999999999997,2839.7973249131146,1703.8783949478686
-0.015000000000000001,0.0074999999999999997,3709.871093102091,2225.9226558612545
-0.014500000000000001,0.0074999999999999997,4724.5266150348743,2834.7159690209246
-0.014,0.0074999999999999997,5867.6639121379476,3520.5983472827684
-0.0135,0.0074999999999999997,7110.7290015103381,4266.437400906203
-0.012999999999999999,0.0074999999999999997,8414.0954832680545,5048.4572899608329
-0.012500000000000001,0.0074999999999999997,9730.3883944158479,5838.2330366495089
-0.012,0.0074999999999999997,11009.451460511296,6605.6708763067772
-0.0115,0.0074999999999999997,12204.245505620465,7322.5473033722792
-0.010999999999999999,0.0074999999999999997,13276.660273512873,7965.9961641077234
-0.010499999999999999,0.0074999999999999997,14202.125702036248,8521.2754212217478
-0.010000000000000002,0.0074999999999999997,14972.075514438144,8983.2453086628866
-0.0095000000000000015,0.0074999999999999997,15593.727787647586,9356.2366725885513
-0.0090000000000000011,0.0074999999999999997,16087.212091536059,9652.3272549216344
-0.0085000000000000006,0.0074999999999999997,16480.64864369528,9888.3891862171677
-0.0080000000000000002,0.0074999999999999997,16804.221300982281,10082.532780589368
-0.0074999999999999997,0.0074999999999999997,17084.471088594677,10250.682653156806
-0.0069999999999999993,0.0074999999999999997,17339.930707105472,10403.958424263283
-0.0064999999999999988,0.0074999999999999997,17578.865075454039,10547.319045272423
-0.0059999999999999984,0.0074999999999999997,17799.384229772768,10679.630537863661
-0.0054999999999999979,0.0074999999999999997,17991.68533917909,10795.011203507454
-0.005000000000000001,0.0074999999999999997,18141.778317749329,10885.066990649597
-0.0044999999999999971,0.0074999999999999997,18235.827663332791,10941.496597999674
-0.0040000000000000001,0.0074999999999999997,18264.218994844618,10958.53139690677
-0.0035000000000000031,0.0074999999999999997,18224.602118568146,10934.761271140887
-0.0029999999999999992,0.0074999999999999997,18123.416045533206,10874.049627319922
-0.0025000000000000022,0.0074999999999999997,17975.70251036602,10785.421506219611
-0.0019999999999999983,0.0074999999999999997,17803.310010138463,10681.986006083078
-0.0015000000000000013,0.0074999999999999997,17631.841795274453,10579.105077164671
-0.00099999999999999742,0.0074999999999999997,17486.883168259927,10492.129900955955
-0.00050000000000000044,0.0074999999999999997,17390.139475535423,10434.083685321253
0,0.0074999999999999997,17356.117197753207,10413.670318651924
0.00050000000000000044,0.0074999999999999997,17389.886418141075,10433.931850884645
0.0010000000000000009,0.0074999999999999997,17486.285773076492,10491.771463845895
0.0015000000000000013,0.0074999999999999997,17630.696599324314,10578.417959594588
0.0020000000000000018,0.0074999999999999997,17801.258315700317,10680.754989420189
0.0024999999999999988,0.0074999999999999997,17972.163316883099,10783.297990129859
0.0030000000000000027,0.0074999999999999997,18117.493740802372,10870.496244481423
0.0034999999999999996,0.0074999999999999997,18214.97018602728,10928.982111616368
0.0040000000000000036,0.0074999999999999997,18248.985717409578,10949.391430445747
0.0045000000000000005,0.0074999999999999997,18212.396777476235,10927.43806648574
0.0049999999999999975,0.0074999999999999997,18106.726153366726,10864.035692020036
0.0055000000000000014,0.0074999999999999997,17940.684680111342,10764.410808066805
0.0059999999999999984,0.0074999999999999997,17727.211585050198,10636.326951030118
0.0064999999999999988,0.0074999999999999997,17479.529316209726,10487.717589725835
0.0069999999999999993,0.0074999999999999997,17206.954222119537,10324.172533271721
0.0074999999999999997,0.0074999999999999997,16911.337895142718,10146.802737085631
0.0080000000000000002,0.0074999999999999997,16584.98014008782,9950.9880840526912
0.0085000000000000006,0.0074999999999999997,16210.62604645401,9726.3756278724049
0.0090000000000000011,0.0074999999999999997,15763.756702117609,9458.2540212705644
0.0095000000000000015,0.0074999999999999997,15216.880895833423,9130.1285375000534
0.010000000000000002,0.0074999999999999997,14545.052041932751,8727.0312251596497
0.010500000000000002,0.0074999999999999997,13731.500887402963,8238.9005324417776
0.011000000000000003,0.0074999999999999997,12772.19164772934,7663.3149886376032
0.011500000000000003,0.0074999999999999997,11678.313301044323,7006.9879806265935
0.012000000000000004,0.0074999999999999997,10476.163679834362,6285.6982079006175
0.012499999999999997,0.0074999999999999997,9204.4561898396987,5522.6737139038187
0.013000000000000005,0.0074999999999999997,7909.6268574844207,4745.7761144906526
0.013499999999999998,0.0074999999999999997,6640.1041868767325,3984.0625121260391
0.014000000000000005,0.0074999999999999997,5440.6404396314183,3264.3842637788507
0.014499999999999999,0.0074999999999999997,4347.6797232169565,2608.6078339301739
0.014999999999999999,0.0074999999999999997,3386.4157036714255,2031.8494222028553
0.0155,0.0074999999999999997,2569.7747276331606,1541.8648365798963
0.016000000000000007,0.0074999999999999997,1899.1621231967961,1139.4972739180776
0.016500000000000001,0.0074999999999999997,1366.5193129197889,819.9115877518733
0.017000000000000001,0.0074999999999999997,957.10145903626392,574.26087542175833
0.017500000000000002,0.0074999999999999997,652.3967048882688,391.43802293296125
0.017999999999999995,0.0074999999999999997,432.72999153862031,259.63799492317219
0.018500000000000003,0.0074999999999999997,279.27155685585444,167.56293411351265
0.019000000000000003,0.0074999999999999997,175.34935654180634,105.2096139250838
0.019500000000000003,0.0074999999999999997,107.10770728807486,64.264624372844921
0.019999999999999997,0.0074999999999999997,63.643481903836097,38.186089142301654
0.020499999999999997,0.0074999999999999997,36.786315039823485,22.071789023894091
0.021000000000000005,0.0074999999999999997,20.682550526562416,12.409530315937449
0.021500000000000005,0.0074999999999999997,11.310886696570201,6.78653201794212
0.021999999999999999,0.0074999999999999997,6.0166616570274822,3.6099969942164893
0.022499999999999999,0.0074999999999999997,3.1129658865098788,1.8677795319059272
0.023000000000000007,0.0074999999999999997,1.5665629312822273,0.93993775876933638
0.023500000000000007,0.0074999999999999997,0.7667822244523349,0.46006933467140093
0.024,0.0074999999999999997,0.3650428094754623,0.21902568568527739
0.024500000000000001,0.0074999999999999997,0.16902878795173901,0.1014172727710434
0.025000000000000001,0.0074999999999999997,0.076123851441904672,0.0456743108651428
-0.025000000000000001,0.0080000000000000002,0.098075466960903079,0.058845280176541843
-0.024500000000000001,0.0080000000000000002,0.21226747200408305,0.12736048320244983
-0.024,0.0080000000000000002,0.44755322451918894,0.26853193471151338
-0.0235,0.0080000000000000002,0.91921728757358767,0.5515303725441526
-0.023,0.0080000000000000002,1.8389833506609778,1.1033900103965866
-0.022500000000000003,0.0080000000000000002,3.5834196379310734,2.1500517827586441
-0.022000000000000002,0.0080000000000000002,6.8006856636386352,4.0804113981831813
-0.021500000000000002,0.0080000000000000002,12.569531806116082,7.5417190836696486
-0.021000000000000001,0.0080000000000000002,22.624290986639359,13.574574591983614
-0.020500000000000001,0.0080000000000000002,39.655279990832469,23.79316799449948
-0.02,0.0080000000000000002,67.683261975789065,40.609957185473441
-0.0195,0.0080000000000000002,112.48745802642155,67.49247481585293
-0.019,0.0080000000000000002,182.03849633463923,109.22309780078353
-0.018500000000000003,0.0080000000000000002,286.8528900358458,172.11173402150749
-0.018000000000000002,0.0080000000000000002,440.15039583064998,264.09023749838997
-0.017500000000000002,0.0080000000000000002,657.67066700805174,394.60240020483104
-0.017000000000000001,0.0080000000000000002,957.00511035861894,574.20306621517136
-0.016500000000000001,0.0080000000000000002,1356.3380890516482,813.80285343098888
-0.016,0.0080000000000000002,1872.5777686322956,1123.5466611793772
-0.0155,0.0080000000000000002,2518.9887985974624,1511.3932791584773
-0.015000000000000001,0.0080000000000000002,3302.5980773451602,1981.5588464070961
-0.014500000000000001,0.0080000000000000002,4221.7950897887285,2533.0770538732372
-0.014,0.0080000000000000002,5264.6417869559391,3158.7850721735635
-0.0135,0.0080000000000000002,6408.396190085552,3845.037714051331
-0.012999999999999999,0.0080000000000000002,7620.6088793950757,4572.3653276370451
-0.012500000000000001,0.0080000000000000002,8861.8762857197598,5317.1257714318554
-0.012,0.0080000000000000002,10089.976064524175,6053.9856387145046
-0.0115,0.0080000000000000002,11264.752661993689,6758.8515971962133
-0.010999999999999999,0.0080000000000000002,12352.868167366145,7411.7209004196866
-0.010499999999999999,0.0080000000000000002,13331.473748233404,7998.8842489400422
-0.010000000000000002,0.0080000000000000002,14190.033165428038,8514.0198992568221
-0.0095000000000000015,0.0080000000000000002,14929.917245149669,8957.9503470898017
-0.0090000000000000011,0.0080000000000000002,15561.894463406268,9337.1366780437602
-0.0085000000000000006,0.0080000000000000002,16102.132534014363,9661.2795204086178
-0.0080000000000000002,0.0080000000000000002,16567.662201812142,9940.5973210872853
-0.0074999999999999997,0.0080000000000000002,16972.343610805379,10183.406166483228
-0.0069999999999999993,0.0080000000000000002,17324.197999946944,10394.518799968166
-0.0064999999999999988,0.0080000000000000002,17624.582883643481,10574.749730186088
-0.0059999999999999984,0.0080000000000000002,17869.214513974799,10721.52870838488
-0.0054999999999999979,0.0080000000000000002,18050.611367284419,10830.366820370651
-0.005000000000000001,0.0080000000000000002,18161.254313386202,10896.752588031721
-0.0044999999999999971,0.0080000000000000002,18196.684156739568,10918.01049404374
-0.0040000000000000001,0.0080000000000000002,18157.872449344766,10894.723469606859
-0.0035000000000000031,0.0080000000000000002,18052.444526134168,10831.466715680501
-0.0029999999999999992,0.0080000000000000002,17894.621040481983,10736.772624289189
-0.0025000000000000022,0.0080000000000000002,17704.000325487825,10622.400195292694
-0.0019999999999999983,0.0080000000000000002,17503.480946743144,10502.088568045887
-0.0015000000000000013,0.0080000000000000002,17316.707666072343,10390.024599643406
-0.00099999999999999742,0.0080000000000000002,17165.427475898472,10299.256485539083
-0.00050000000000000044,0.0080000000000000002,17067.092109857054,10240.255265914233
0,0.0080000000000000002,17032.967301085606,10219.780380651364
0.00050000000000000044,0.0080000000000000002,17066.927585148554,10240.156551089132
0.0010000000000000009,0.0080000000000000002,17165.039080733543,10299.023448440124
0.0015000000000000013,0.0080000000000000002,17315.96311944347,10389.577871666081
0.0020000000000000018,0.0080000000000000002,17502.147042115546,10501.288225269327
0.0024999999999999988,0.0080000000000000002,17701.699326627051,10621.01959597623
0.0030000000000000027,0.0080000000000000002,17890.770667083489,10734.462400250093
0.0034999999999999996,0.0080000000000000002,18046.18234637189,10827.709407823133
0.0040000000000000036,0.0080000000000000002,18147.968567516062,10888.781140509636
0.0045000000000000005,0.0080000000000000002,18181.450617820923,10908.870370692553
0.0049999999999999975,0.0080000000000000002,18138.465225787295,10883.079135472377
0.0055000000000000014,0.0080000000000000002,18017.453400934301,10810.47204056058
0.0059999999999999984,0.0080000000000000002,17822.291627705214,10693.374976623129
0.0064999999999999988,0.0080000000000000002,17559.999958195189,10535.999974917113
0.0069999999999999993,0.0080000000000000002,17237.743630628625,10342.646178377176
0.0074999999999999997,0.0080000000000000002,16859.78144577644,10115.868867465864
0.0080000000000000002,0.0080000000000000002,16425.123043134947,9855.073825880967
0.0085000000000000006,0.0080000000000000002,15926.577936157029,9555.9467616942165
0.0090000000000000011,0.0080000000000000002,15351.600653205616,9210.9603919233687
0.0095000000000000015,0.0080000000000000002,14684.911067066325,8810.9466402397939
0.010000000000000002,0.0080000000000000002,13912.404793739048,8347.4428762434291
0.010500000000000002,0.0080000000000000002,13025.498059832747,7815.2988358996481
0.011000000000000003,0.0080000000000000002,12024.888999563604,7214.9333997381618
0.011500000000000003,0.0080000000000000002,10922.818995634314,6553.6913973805886
0.012000000000000004,0.0080000000000000002,9743.260186536676,5845.9561119220052
0.012499999999999997,0.0080000000000000002,8519.9426193603849,5111.9655716162306
0.013000000000000005,0.0080000000000000002,7292.6297115924681,4375.5778269554803
0.013499999999999998,0.0080000000000000002,6102.4205016846909,3661.4523010108146
0.014000000000000005,0.0080000000000000002,4987.0134152661976,2992.2080491597185
0.014499999999999999,0.0080000000000000002,3976.7889117029395,2386.0733470217638
0.014999999999999999,0.0080000000000000002,3092.3042671365592,1855.3825602819354
0.0155,0.0080000000000000002,2343.4342007149748,1406.0605204289848
0.016000000000000007,0.0080000000000000002,1730.0386098776364,1038.0231659265819
0.016500000000000001,0.0080000000000000002,1243.7759237906901,746.26555427441406
0.017000000000000001,0.0080000000000000002,870.55074036427652,522.33044421856584
0.017500000000000002,0.0080000000000000002,593.08773964396482,355.85264378637891
0.017999999999999995,0.0080000000000000002,393.2275042805835,235.93650256835008
0.018500000000000003,0.0080000000000000002,253.69490952988517,152.21694571793108
0.019000000000000003,0.0080000000000000002,159.24937182653196,95.549623095919173
0.019500000000000003,0.0080000000000000002,97.253825509102995,58.352295305461794
0.019999999999999997,0.0080000000000000002,57.779149291121279,34.667489574672764
0.020499999999999997,0.0080000000000000002,33.392546433893138,20.035527860335883
0.021000000000000005,0.0080000000000000002,18.772625498322512,11.263575298993507
0.021500000000000005,0.0080000000000000002,10.265600884983515,6.1593605309901092
0.021999999999999999,0.0080000000000000002,5.4603097682517943,3.2761858609510766
0.022499999999999999,0.0080000000000000002,2.8249817343004509,1.6949890405802706
0.023000000000000007,0.0080000000000000002,1.421585975580075,0.85295158534804505
0.023500000000000007,0.0080000000000000002,0.69580057232770931,0.4174803433966256
0.024,0.0080000000000000002,0.33124300495397574,0.19874580297238545
0.024500000000000001,0.0080000000000000002,0.15337546525805493,0.092025279154832954
0.025000000000000001,0.0080000000000000002,0.069073256808944994,0.041443954085366996
-0.025000000000000001,0.0085000000000000006,0.079299443823038759,0.047579666293823257
-0.024500000000000001,0.0085000000000000006,0.17260285946609713,0.10356171567965827
-0.024,0.0085000000000000006,0.36589637573166561,0.21953782543899936
-0.0235,0.0085000000000000006,0.75539403931137461,0.45323642358682475
-0.023,0.0085000000000000006,1.5186871577001635,0.91121229462009801
-0.022500000000000003,0.0085000000000000006,2.9731565962575695,1.7838939577545416
-0.022000000000000002,0.0085000000000000006,5.6675996495228063,3.4005597897136837
-0.021500000000000002,0.0085000000000000006,10.519426091685183,6.3116556550111094
-0.021000000000000001,0.0085000000000000006,19.009862372564207,11.405917423538524
-0.020500000000000001,0.0085000000000000006,33.446150814426737,20.067690488656041
-0.02,0.0085000000000000006,57.290717237261845,34.374430342357108
-0.0195,0.0085000000000000006,95.540947729756681,57.324568637854007
-0.019,0.0085000000000000006,155.11900994496483,93.071405966978901
-0.018500000000000003,0.0085000000000000006,245.20092517532296,147.12055510519377
-0.018000000000000002,0.0085000000000000006,377.38320200293066,226.42992120175839
-0.017500000000000002,0.0085000000000000006,565.56307549035273,339.3378452942116
-0.017000000000000001,0.0085000000000000006,825.40704844887716,495.24422906932625
-0.016500000000000001,0.0085000000000000006,1173.314464449845,703.98867866990702
-0.016,0.0085000000000000006,1624.8562374994394,974.91374249966361
-0.0155,0.0085000000000000006,2192.7816229121536,1315.6689737472921
-0.015000000000000001,0.0085000000000000006,2884.821665831314,1730.8929994987884
-0.014500000000000001,0.0085000000000000006,3701.6451829313487,2220.9871097588093
-0.014,0.0085000000000000006,4635.400093064658,2781.2400558387949
-0.0135,0.0085000000000000006,5669.258847812499,3401.5553086874993
-0.012999999999999999,0.0085000000000000006,6778.257036083749,4066.9542216502491
-0.012500000000000001,0.0085000000000000006,7931.4749532119531,4758.884971927172
-0.012,0.0085000000000000006,9095.3069110940341,5457.1841466564201
-0.0115,0.0085000000000000006,10237.268889219626,6142.361333531775
-0.010999999999999999,0.0085000000000000006,11329.601901776854,6797.761141066112
-0.010499999999999999,0.0085000000000000006,12351.910903800177,7411.1465422801057
-0.010000000000000002,0.0085000000000000006,13292.267214276457,7975.3603285658737
-0.0095000000000000015,0.0085000000000000006,14146.56371659658,8487.9382299579484
-0.0090000000000000011,0.0085000000000000006,14916.35392976961,8949.8123578617651
-0.0085000000000000006,0.0085000000000000006,15605.801104061213,9363.4806624367266
-0.0080000000000000002,0.0085000000000000006,16218.590538748698,9731.1543232492186
-0.0074999999999999997,0.0085000000000000006,16755.644253699764,10053.386552219858
-0.0069999999999999993,0.0085000000000000006,17214.224168243822,10328.534500946293
-0.0064999999999999988,0.0085000000000000006,17588.596542191215,10553.157925314728
-0.0059999999999999984,0.0085000000000000006,17871.98507762207,10723.191046573242
-0.0054999999999999979,0.0085000000000000006,18059.19723967744,10835.518343806463
-0.005000000000000001,0.0085000000000000006,18149.163559712812,10889.498135827687
-0.0044999999999999971,0.0085000000000000006,18146.710210582412,10888.026126349447
-0.0040000000000000001,0.0085000000000000006,18063.1461858082,10837.88771148492
-0.0035000000000000031,0.0085000000000000006,17915.592198759594,10749.355319255756
-0.0029999999999999992,0.0085000000000000006,17725.298387019695,10635.179032211816
-0.0025000000000000022,0.0085000000000000006,17515.40359761842,10509.242158571053
-0.0019999999999999983,0.0085000000000000006,17308.638879389575,10385.183327633744
-0.0015000000000000013,0.0085000000000000006,17125.383321208115,10275.22999272487
-0.00099999999999999742,0.0085000000000000006,16982.294616306775,10189.376769784065
-0.00050000000000000044,0.0085000000000000006,16891.531899353347,10134.919139612008
0,0.0085000000000000006,16860.431315614078,10116.258789368447
0.00050000000000000044,0.0085000000000000006,16891.427864348327,10134.856718608995
0.0010000000000000009,0.0085000000000000006,16982.049019804574,10189.229411882743
0.0015000000000000013,0.0085000000000000006,17124.912517077966,10274.947510246779
0.0020000000000000018,0.0085000000000000006,17307.795402589683,10384.677241553809
0.0024999999999999988,0.0085000000000000006,17513.948591679098,10508.369155007458
0.0030000000000000027,0.0085000000000000006,17722.863654756718,10633.71819285403
0.0034999999999999996,0.0085000000000000006,17911.632392910702,10746.979435746422
0.0040000000000000036,0.0085000000000000006,18056.883598229946,10834.130158937967
0.0045000000000000005,0.0085000000000000006,18137.077485429312,10882.246491257587
0.0049999999999999975,0.0085000000000000006,18134.75318412625,10880.851910475749
0.0055000000000000014,0.0085000000000000006,18038.230241910722,10822.938145146432
0.0059999999999999984,0.0085000000000000006,17842.31401633822,10705.388409802932
0.0064999999999999988,0.0085000000000000006,17547.758390679021,10528.655034407411
0.0069999999999999993,0.0085000000000000006,17159.555900917665,10295.733540550598
0.0074999999999999997,0.0085000000000000006,16684.467069976905,10010.680241986143
0.0080000000000000002,0.0085000000000000006,16128.457802919926,9677.0746817519557
0.0085000000000000006,0.0085000000000000006,15494.791495620659,9296.8748973723941
0.0090000000000000011,0.0085000000000000006,14783.377443748908,8870.0264662493446
0.0095000000000000015,0.0085000000000000006,13991.637327732353,8394.9823966394106
0.010000000000000002,0.0085000000000000006,13116.712616394438,7870.0275698366622
0.010500000000000002,0.0085000000000000006,12158.431258286768,7295.0587549720603
0.011000000000000003,0.0085000000000000006,11122.208649541974,6673.3251897251839
0.011500000000000003,0.0085000000000000006,10021.051695944832,6012.6310175668996
0.012000000000000004,0.0085000000000000006,8876.0657500804409,5325.6394500482647
0.012499999999999997,0.0085000000000000006,7715.2577599371625,4629.1546559622975
0.013000000000000005,0.0085000000000000006,6570.863783848823,3942.5182703092937
0.013499999999999998,0.0085000000000000006,5475.7792022989615,3285.4675213793766
0.014000000000000005,0.0085000000000000006,4459.8454951821604,2675.907297109296
0.014499999999999999,0.0085000000000000006,3546.7187940655717,2128.0312764393429
0.014999999999999999,0.0085000000000000006,2751.8451798055798,1651.1071078833479
0.0155,0.0085000000000000006,2081.7720144556924,1249.0632086734154
0.016000000000000007,0.0085000000000000006,1534.7235016216805,920.83410097300828
0.016500000000000001,0.0085000000000000006,1102.1372805802737,661.28236834816414
0.017000000000000001,0.0085000000000000006,770.73878069523983,462.44326841714388
0.017500000000000002,0.0085000000000000006,524.72492276672904,314.8349536600374
0.017999999999999995,0.0085000000000000006,347.7121373800349,208.62728242802095
0.018500000000000003,0.0085000000000000006,224.23391845734707,134.54035107440825
0.019000000000000003,0.0085000000000000006,140.70861101936131,84.425166611616788
0.019500000000000003,0.0085000000000000006,85.9081633907835,51.544898034470101
0.019999999999999997,0.0085000000000000006,51.027983680322578,30.616790208193546
0.020499999999999997,0.0085000000000000006,29.485994780869923,17.691596868521952
0.021000000000000005,0.0085000000000000006,16.574313073823941,9.9445878442943645
0.021500000000000005,0.0085000000000000006,9.0625661031085105,5.437539661865106
0.021999999999999999,0.0085000000000000006,4.8200308297589913,2.8920184978553949
0.022499999999999999,0.0085000000000000006,2.4935685038002475,1.4961411022801485
0.023000000000000007,0.0085000000000000006,1.2547514947361997,0.7528508968417198
0.023500000000000007,0.0085000000000000006,0.61411945931617851,0.36847167558970711
0.024,0.0085000000000000006,0.29234915971364883,0.17540949582818929
0.024500000000000001,0.0085000000000000006,0.13536328449086363,0.08121797069451818
0.025000000000000001,0.0085000000000000006,0.060960283059525416,0.036576169835715246
-0.025000000000000001,0.0090000000000000011,0.063606485196090287,0.03816389111765417
-0.024500000000000001,0.0090000000000000011,0.13909999578863105,0.083459997473178629
-0.024,0.0090000000000000011,0.29619549153645991,0.17771729492187593
-0.0235,0.0090000000000000011,0.61408825188435867,0.36845295113061521
-0.023,0.0090000000000000011,1.239542351387952,0.74372541083277122
-0.022500000000000003,0.0090000000000000011,2.4358447438383708,1.4615068463030225
-0.022000000000000002,0.0090000000000000011,4.6599102889593613,2.7959461733756168
-0.021500000000000002,0.0090000000000000011,8.6782162018989286,5.2069297211393568
-0.021000000000000001,0.0090000000000000011,15.732486892243006,9.4394921353458034
-0.020500000000000001,0.0090000000000000011,27.763353462861907,16.658012077717142
-0.02,0.0090000000000000011,47.692849146511776,28.615709487907065
-0.0195,0.0090000000000000011,79.753056070900044,47.851833642540022
-0.019,0.0090000000000000011,129.82797978344038,77.89678787006423
-0.018500000000000003,0.0090000000000000011,205.75031244897909,123.45018746938744
-0.018000000000000002,0.0090000000000000011,317.46864066514365,190.48118439908617
-0.017500000000000002,0.0090000000000000011,476.98168050906264,286.1890083054376
-0.017000000000000001,0.0090000000000000011,697.93462269162615,418.76077361497568
-0.016500000000000001,0.0090000000000000011,994.79907928538751,596.8794475712325
-0.016,0.0090000000000000011,1381.618985476586,828.97139128595154
-0.0155,0.0090000000000000011,1870.3981013917667,1122.23886083506
-0.015000000000000001,0.0090000000000000011,2469.3162184592907,1481.5897310755743
-0.014500000000000001,0.0090000000000000011,3181.063821661352,1908.6382929968111
-0.014,0.0090000000000000011,4001.6436095833324,2400.9861657499991
-0.0135,0.0090000000000000011,4919.9683932356174,2951.9810359413705
-0.012999999999999999,0.0090000000000000011,5918.4697973427474,3551.0818784056482
-0.012500000000000001,0.0090000000000000011,6974.7292210484393,4184.8375326290634
-0.012,0.0090000000000000011,8063.8926163931073,4838.3355698358646
-0.0115,0.0090000000000000011,9161.4016705122649,5496.8410023073584
-0.010999999999999999,0.0090000000000000011,10245.442736194698,6147.2656417168191
-0.010499999999999999,0.0090000000000000011,11298.540904476955,6779.1245426861724
-0.010000000000000002,0.0090000000000000011,12307.926676326857,7384.7560057961136
-0.0095000000000000015,0.0090000000000000011,13264.636386225853,7958.7818317355113
-0.0090000000000000011,0.0090000000000000011,14161.682566847274,8497.0095401083636
-0.0085000000000000006,0.0090000000000000011,14991.928638457062,8995.1571830742378
-0.0080000000000000002,0.0090000000000000011,15746.419148518431,9447.851489111059
-0.0074999999999999997,0.0090000000000000011,16413.800505675674,9848.2803034054032
-0.0069999999999999993,0.0090000000000000011,16981.14175900117,10188.685055400701
-0.0064999999999999988,0.0090000000000000011,17436.02683196764,10461.616099180583
-0.0059999999999999984,0.0090000000000000011,17769.377106235243,10661.626263741146
-0.0054999999999999979,0.0090000000000000011,17978.209870892282,10786.925922535369
-0.005000000000000001,0.0090000000000000011,18067.526420519986,10840.515852311992
-0.0044999999999999971,0.0090000000000000011,18050.756840713617,10830.45410442817
-0.0040000000000000001,0.0090000000000000011,17948.590849786498,10769.154509871898
-0.0035000000000000031,0.0090000000000000011,17786.467548978093,10671.880529386855
-0.0029999999999999992,0.0090000000000000011,17591.345350843563,10554.807210506138
-0.0025000000000000022,0.0090000000000000011,17388.526259919869,10433.115755951922
-0.0019999999999999983,0.0090000000000000011,17199.230949884317,10319.53856993059
-0.0015000000000000013,0.0090000000000000011,17039.349543776945,10223.609726266166
-0.00099999999999999742,0.0090000000000000011,16919.420279614496,10151.652167768698
-0.00050000000000000044,0.0090000000000000011,16845.531204992854,10107.318722995713
0,0.0090000000000000011,16820.6039212182,10092.362352730919
0.00050000000000000044,0.0090000000000000011,16845.467222063551,10107.28033323813
0.0010000000000000009,0.0090000000000000011,16919.269234457777,10151.561540674666
0.0015000000000000013,0.0090000000000000011,17039.059992895789,10223.435995737473
0.0020000000000000018,0.0090000000000000011,17198.712200291855,10319.227320175112
0.0024999999999999988,0.0090000000000000011,17387.631411670169,10432.578847002102
0.0030000000000000027,0.0090000000000000011,17589.847957709186,10553.908774625512
0.0034999999999999996,0.0090000000000000011,17784.032215047639,10670.419329028582
0.0040000000000000036,0.0090000000000000011,17944.739274077041,10766.843564446224
0.0045000000000000005,0.0090000000000000011,18044.832585004297,10826.899551002578
0.0049999999999999975,0.0090000000000000011,18058.663845445408,10835.198307267245
0.0055000000000000014,0.0090000000000000011,17965.314884867817,10779.188930920691
0.0059999999999999984,0.0090000000000000011,17751.12900391543,10650.677402349258
0.0064999999999999988,0.0090000000000000011,17410.910818751356,10446.546491250812
0.0069999999999999993,0.0090000000000000011,16947.520038285795,10168.512022971476
0.0074999999999999997,0.0090000000000000011,16370.025579022902,9822.0153474137405
0.0080000000000000002,0.0090000000000000011,15690.986302014122,9414.5917812084735
0.0085000000000000006,0.0090000000000000011,14923.656234112439,8954.1937404674627
0.0090000000000000011,0.0090000000000000011,14079.900236925858,8447.940142155514
0.0095000000000000015,0.0090000000000000011,13169.354570419293,7901.6127422515756
0.010000000000000002,0.0090000000000000011,12199.958234139462,7319.9749404836766
0.010500000000000002,0.0090000000000000011,11179.548316569393,6707.7289899416355
0.011000000000000003,0.0090000000000000011,10117.893092755416,6070.735855653249
0.011500000000000003,0.0090000000000000011,9028.4251844865339,5417.0551106919202
0.012000000000000004,0.0090000000000000011,7929.0563494791395,4757.4338096874835
0.012499999999999997,0.0090000000000000011,6841.7527350227128,4105.0516410136279
0.013000000000000005,0.0090000000000000011,5790.920153903432,3474.552092342059
0.013499999999999998,0.0090000000000000011,4800.9758053279766,2880.5854831967858
0.014000000000000005,0.0090000000000000011,3893.6751673956373,2336.2051004373825
0.014499999999999999,0.0090000000000000011,3085.7820058538373,1851.4692035123023
0.014999999999999999,0.0090000000000000011,2387.533888534776,1432.5203331208656
0.0155,0.0090000000000000011,1802.1256970373554,1081.2754182224132
0.016000000000000007,0.0090000000000000011,1326.1861389421406,795.71168336528433
0.016500000000000001,0.0090000000000000011,951.02415254237906,570.61449152542741
0.017000000000000001,0.0090000000000000011,664.31290171334342,398.58774102800606
0.017500000000000002,0.0090000000000000011,451.86566654773111,271.11939992863864
0.017999999999999995,0.0090000000000000011,299.22053629177634,179.53232177506581
0.018500000000000003,0.0090000000000000011,192.85532091936989,115.71319255162193
0.019000000000000003,0.0090000000000000011,120.96539035503925,72.57923421302354
0.019500000000000003,0.0090000000000000011,73.828763961472774,44.297258376883661
0.019999999999999997,0.0090000000000000011,43.84118365819517,26.304710194917103
0.020499999999999997,0.0090000000000000011,25.327804164121805,15.196682498473082
0.021000000000000005,0.0090000000000000011,14.23459126986617,8.5407547619197022
0.021500000000000005,0.0090000000000000011,7.7822276869328526,4.6693366121597117
0.021999999999999999,0.0090000000000000011,4.1386440491653449,2.4831864294992068
0.022499999999999999,0.0090000000000000011,2.1408916075551394,1.2845349645330837
0.023000000000000007,0.0090000000000000011,1.077218363798238,0.64633101827894279
0.023500000000000007,0.0090000000000000011,0.52720248240419099,0.31632148944251459
0.024,0.0090000000000000011,0.25096296310093602,0.15057777786056162
0.024500000000000001,0.0090000000000000011,0.11619715561067738,0.06971829336640642
0.025000000000000001,0.0090000000000000011,0.052327654322110562,0.031396592593266333
-0.025000000000000001,0.0095000000000000015,0.050434768373983273,0.030260861024389962
-0.024500000000000001,0.0095000000000000015,0.11071522684267208,0.066429136105603248
-0.024,0.0095000000000000015,0.23659917524788607,0.14195950514873162
-0.0235,0.0095000000000000015,0.49218406399380754,0.29531043839628451
-0.023,0.0095000000000000015,0.99662690330276882,0.59797614198166127
-0.022500000000000003,0.0095000000000000015,1.9643255628320511,1.1785953376992306
-0.022000000000000002,0.0095000000000000015,3.7684126476560147,2.2610475885936085
-0.021500000000000002,0.0095000000000000015,7.0365489973158715,4.2219293983895225
-0.021000000000000001,0.0095000000000000015,12.788334384708397,7.6730006308250385
-0.020500000000000001,0.0095000000000000015,22.621607758787135,13.572964655272282
-0.02,0.0095000000000000015,38.949064504424413,23.369438702654648
-0.0195,0.0095000000000000015,65.275717144588256,39.165430286752951
-0.019,0.0095000000000000015,106.49133572788385,63.894801436730305
-0.018500000000000003,0.0095000000000000015,169.13135609521947,101.47881365713168
-0.018000000000000002,0.0095000000000000015,261.53850669515327,156.92310401709196
-0.017500000000000002,0.0095000000000000015,393.84196666986821,236.30518000192092
-0.017000000000000001,0.0095000000000000015,577.66963767071184,346.60178260242708
-0.016500000000000001,0.0095000000000000015,825.5304716809261,495.31828300855562
-0.016,0.0095000000000000015,1149.8527845090173,689.9116707054103
-0.0155,0.0095000000000000015,1561.7389434587467,937.04336607524795
-0.015000000000000001,0.0095000000000000015,2069.5844779099411,1241.7506867459647
-0.014500000000000001,0.0095000000000000015,2677.7879849844021,1606.6727909906413
-0.014,0.0095000000000000015,3385.8184809591398,2031.4910885754839
-0.0135,0.0095000000000000015,4187.8827490478552,2512.7296494287129
-0.012999999999999999,0.0095000000000000015,5073.333960014872,3044.000376008923
-0.012500000000000001,0.0095000000000000015,6027.7950571341798,3616.677034280508
-0.012,0.0095000000000000015,7034.7740496300075,4220.8644297780047
-0.0115,0.0095000000000000015,8077.3825532141209,4846.429531928472
-0.010999999999999999,0.0095000000000000015,9139.6971927112663,5483.8183156267596
-0.010499999999999999,0.0095000000000000015,10207.370486029055,6124.4222916174322
-0.010000000000000002,0.0095000000000000015,11267.307510966712,6760.3845065800269
-0.0095000000000000015,0.0095000000000000015,12306.52964301045,7383.9177858062694
-0.0090000000000000011,0.0095000000000000015,13310.65585154303,7986.3935109258173
-0.0085000000000000006,0.0095000000000000015,14262.637111871416,8557.5822671228489
-0.0080000000000000002,0.0095000000000000015,15142.392756880701,9085.4356541284196
-0.0074999999999999997,0.0095000000000000015,15927.787822575896,9556.6726935455372
-0.0069999999999999993,0.0095000000000000015,16597.001747460079,9958.2010484760467
-0.0064999999999999988,0.0095000000000000015,17131.883070899494,10279.129842539696
-0.0059999999999999984,0.0095000000000000015,17521.50800770682,10512.904804624091
-0.0054999999999999979,0.0095000000000000015,17764.99396147126,10658.996376882757
-0.005000000000000001,0.0095000000000000015,17872.731566309743,10723.638939785846
-0.0044999999999999971,0.0095000000000000015,17865.571696819912,10719.343018091948
-0.0040000000000000001,0.0095000000000000015,17772.033011772244,10663.219807063346
-0.0035000000000000031,0.0095000000000000015,17624.124518671197,10574.474711202718
-0.0029999999999999992,0.0095000000000000015,17452.74765231994,10471.648591391964
-0.0025000000000000022,0.0095000000000000015,17283.742818552935,10370.24569113176
-0.0019999999999999983,0.0095000000000000015,17135.447456933543,10281.268474160126
-0.0015000000000000013,0.0095000000000000015,17018.196552866611,10210.917931719967
-0.00099999999999999742,0.0095000000000000015,16935.651023336195,10161.390614001717
-0.00050000000000000044,0.0095000000000000015,16887.342358086698,10132.405414852019
0,0.0095000000000000015,16871.513890506769,10122.90833430406
0.00050000000000000044,0.0095000000000000015,16887.304085747186,10132.382451448311
0.0010000000000000009,0.0095000000000000015,16935.560673432206,10161.336404059324
0.0015000000000000013,0.0095000000000000015,17018.02335370631,10210.814012223786
0.0020000000000000018,0.0095000000000000015,17135.137159159756,10281.082295495853
0.0024999999999999988,0.0095000000000000015,17283.207551781077,10369.924531068646
0.0030000000000000027,0.0095000000000000015,17451.85196437563,10471.111178625377
0.0034999999999999996,0.0095000000000000015,17622.667787508351,10573.60067250501
0.0040000000000000036,0.0095000000000000015,17769.729134553665,10661.837480732198
0.0045000000000000005,0.0095000000000000015,17862.02801527363,10717.216809164178
0.0049999999999999975,0.0095000000000000015,17867.430285391885,10720.45817123513
0.0055000000000000014,0.0095000000000000015,17757.280634049799,10654.36838042988
0.0059999999999999984,0.0095000000000000015,17510.592634262757,10506.355580557654
0.0064999999999999988,0.0095000000000000015,17116.859554542716,10270.11573272563
0.0069999999999999993,0.0095000000000000015,16576.890415826325,9946.1342494957953
0.0074999999999999997,0.0095000000000000015,15901.603200003781,9540.961920002268
0.0080000000000000002,0.0095000000000000015,15109.234776392766,9065.5408658356591
0.0085000000000000006,0.0095000000000000015,14221.798959153653,8533.0793754921924
0.0090000000000000011,0.0095000000000000015,13261.736536176799,7957.0419217060789
0.0095000000000000015,0.0095000000000000015,12249.535409652377,7349.7212457914256
0.010000000000000002,0.0095000000000000015,11202.724583602805,6721.6347501616829
0.010500000000000002,0.0095000000000000015,10136.193302159534,6081.7159812957207
0.011000000000000003,0.0095000000000000015,9063.4014789763696,5438.0408873858214
0.011500000000000003,0.0095000000000000015,7997.8406929805296,4798.7044157883174
0.012000000000000004,0.0095000000000000015,6954.1197338345482,4172.4718403007291
0.012499999999999997,0.0095000000000000015,5948.2531969005995,3568.9519181403598
0.013000000000000005,0.0095000000000000015,4997.0382462799553,2998.222947767973
0.013499999999999998,0.0095000000000000015,4116.7055651782885,2470.0233391069728
0.014000000000000005,0.0095000000000000015,3321.2355535950469,1992.741332157028
0.014499999999999999,0.0095000000000000015,2620.7937516257534,1572.4762509754521
0.014999999999999999,0.0095000000000000015,2020.6651625418533,1212.399097525112
0.0155,0.0095000000000000015,1520.9007907351233,912.54047444107402
0.016000000000000007,0.0095000000000000015,1116.6948040030516,670.01688240183091
0.016500000000000001,0.0095000000000000015,799.34584905483132,479.60750943289878
0.017000000000000001,0.0095000000000000015,557.55830587969297,334.53498352781577
0.017500000000000002,0.0095000000000000015,378.81844986742755,227.29106992045652
0.017999999999999995,0.0095000000000000015,250.62313202272136,150.37387921363282
0.018500000000000003,0.0095000000000000015,161.41802538077266,96.850815228463588
0.019000000000000003,0.0095000000000000015,101.19004622407518,60.714027734445104
0.019500000000000003,0.0095000000000000015,61.732013825041669,37.039208295024999
0.019999999999999997,0.0095000000000000015,36.645133583292029,21.987080149975217
0.020499999999999997,0.0095000000000000015,21.164747770210585,12.69884866212635
0.021000000000000005,0.0095000000000000015,11.892345869742304,7.1354075218453819
0.021500000000000005,0.0095000000000000015,6.5006001588532394,3.9003600953119433
0.021999999999999999,0.0095000000000000015,3.4566095038869671,2.0739657023321802
0.022499999999999999,0.0095000000000000015,1.7878949633863759,1.0727369780318254
0.023000000000000007,0.0095000000000000015,0.89953039910636723,0.53971823946382036
0.023500000000000007,0.0095000000000000015,0.4402120504534428,0.26412723027206569
0.024,0.0095000000000000015,0.20954266651946274,0.12572559991167764
0.024500000000000001,0.0095000000000000015,0.097015552811321196,0.058209331686792716
0.025000000000000001,0.0095000000000000015,0.043688168160748747,0.026212900896449249
-0.025000000000000001,0.010000000000000002,0.039402025503440991,0.023641215302064592
-0.024500000000000001,0.010000000000000002,0.086754798859919852,0.052052879315951907
-0.024,0.010000000000000002,0.18591533663593468,0.11154920198156081
-0.0235,0.010000000000000002,0.38776543931149848,0.23265926358689909
-0.023,0.010000000000000002,0.7871243831455943,0.47227462988735658
-0.022500000000000003,0.010000000000000002,1.554996681324228,0.93299800879453676
-0.022000000000000002,0.010000000000000002,2.9896657435815226,1.7937994461489135
-0.021500000000000002,0.010000000000000002,5.5940017494614445,3.3564010496768666
-0.021000000000000001,0.010000000000000002,10.186722274040935,6.112033364424561
-0.020500000000000001,0.010000000000000002,18.053851833339301,10.832311100003581
-0.02,0.010000000000000002,31.14213774621745,18.685282647730471
-0.0195,0.010000000000000002,52.28769451131874,31.372616706791241
-0.019,0.010000000000000002,85.460326181132032,51.276195708679218
-0.018500000000000003,0.010000000000000002,135.98780316725842,81.592681900355046
-0.018000000000000002,0.010000000000000002,210.70776873535732,126.42466124121438
-0.017500000000000002,0.010000000000000002,317.98297945855592,190.78978767513354
-0.017000000000000001,0.010000000000000002,467.51483396569927,280.50890037941957
-0.016500000000000001,0.010000000000000002,669.90705173251831,401.94423103951095
-0.016,0.010000000000000002,935.96951843841384,561.58171106304826
-0.0155,0.010000000000000002,1275.8094028357027,765.48564170142163
-0.015000000000000001,0.010000000000000002,1697.8222504804796,1018.6933502882878
-0.014500000000000001,0.010000000000000002,2207.7515002926525,1324.6509001755915
-0.014,0.010000000000000002,2808.0081244560329,1684.8048746736197
-0.0135,0.010000000000000002,3497.4132658240978,2098.4479594944587
-0.012999999999999999,0.010000000000000002,4271.4384850434517,2562.8630910260708
-0.012500000000000001,0.010000000000000002,5122.8831879671116,3073.7299127802667
-0.012,0.010000000000000002,6042.7818645795578,3625.6691187477345
-0.0115,0.010000000000000002,7021.2255652631584,4212.7353391578945
-0.010999999999999999,0.010000000000000002,8047.7635541409263,4828.6581324845556
-0.010499999999999999,0.010000000000000002,9111.1531777070541,5466.6919066242326
-0.010000000000000002,0.010000000000000002,10198.441280859881,6119.0647685159283
-0.0095000000000000015,0.010000000000000002,11293.636108187751,6776.1816649126504
-0.0090000000000000011,0.010000000000000002,12376.475805626285,7425.8854833757705
-0.0085000000000000006,0.010000000000000002,13421.920274186345,8053.1521645118064
-0.0080000000000000002,0.010000000000000002,14400.915645921461,8640.5493875528755
-0.0074999999999999997,0.010000000000000002,15282.692344556533,9169.6154067339194
-0.0069999999999999993,0.010000000000000002,16038.419689966015,9623.0518139796077
-0.0064999999999999988,0.010000000000000002,16645.576213296041,9987.3457279776248
-0.0059999999999999984,0.010000000000000002,17092.055748698127,10255.233449218877
-0.0054999999999999979,0.010000000000000002,17378.941833697136,10427.365100218281
-0.005000000000000001,0.010000000000000002,17521.103805817431,10512.662283490457
-0.0044999999999999971,0.010000000000000002,17545.258779276839,10527.155267566102
-0.0040000000000000001,0.010000000000000002,17485.777016818527,10491.466210091115
-0.0035000000000000031,0.010000000000000002,17379.104505850912,10427.462703510546
-0.0029999999999999992,0.010000000000000002,17258.059273233859,10354.835563940314
-0.0025000000000000022,0.010000000000000002,17147.308823585117,10288.38529415107
-0.0019999999999999983,0.010000000000000002,17061.032113025991,10236.619267815595
-0.0015000000000000013,0.010000000000000002,17003.190700444138,10201.914420266483
-0.00099999999999999742,0.010000000000000002,16970.139716703015,10182.083830021809
-0.00050000000000000044,0.010000000000000002,16954.692734870299,10172.815640922179
0,0.010000000000000002,16950.386257865004,10170.231754719001
0.00050000000000000044,0.010000000000000002,16954.670468872275,10172.802281323364
0.0010000000000000009,0.010000000000000002,16970.087153133358,10182.052291880014
0.0015000000000000013,0.010000000000000002,17003.089937015233,10201.853962209139
0.0020000000000000018,0.010000000000000002,17060.851588665399,10236.510953199238
0.0024999999999999988,0.010000000000000002,17146.997417252562,10288.198450351536
0.0030000000000000027,0.010000000000000002,17257.538181859403,10354.522909115642
0.0034999999999999996,0.010000000000000002,17378.257011979098,10426.954207187458
0.0040000000000000036,0.010000000000000002,17484.436672166092,10490.662003299654
0.0045000000000000005,0.010000000000000002,17543.197143972582,10525.918286383549
0.0049999999999999975,0.010000000000000002,17518.019638192531,10510.811782915518
0.0055000000000000014,0.010000000000000002,17374.45439092959,10424.672634557754
0.0059999999999999984,0.010000000000000002,17085.705426594555,10251.423255956734
0.0064999999999999988,0.010000000000000002,16636.835864788252,9982.1015188729507
0.0069999999999999993,0.010000000000000002,16026.719363407286,9616.0316180443715
0.0074999999999999997,0.010000000000000002,15267.458712070627,9160.4752272423757
0.0080000000000000002,0.010000000000000002,14381.625068509584,8628.9750411057503
0.0085000000000000006,0.010000000000000002,13398.161542961843,8038.8969257771059
0.0090000000000000011,0.010000000000000002,12348.015633259884,7408.8093799559301
0.0095000000000000015,0.010000000000000002,11260.47812768213,6756.2868766092779
0.010000000000000002,0.010000000000000002,10160.868366542842,6096.5210199257044
0.010500000000000002,0.010000000000000002,9069.7438712538369,5441.8463227523016
0.011000000000000003,0.010000000000000002,8003.3764005706635,4802.0258403423977
0.011500000000000003,0.010000000000000002,6974.9498756782796,4184.9699254069674
0.012000000000000004,0.010000000000000002,5995.858973029488,3597.5153838176925
0.012499999999999997,0.010000000000000002,5076.60749838224,3045.9644990293441
0.013000000000000005,0.010000000000000002,4227.0513314731725,2536.2307988839034
0.013499999999999998,0.010000000000000002,3456.003959370853,2073.6023756225118
0.014000000000000005,0.010000000000000002,2770.435210138879,1662.2611260833273
0.014499999999999999,0.010000000000000002,2174.5935197866947,1304.7561118720168
0.014999999999999999,0.010000000000000002,1669.3620781129941,1001.6172468677964
0.0155,0.010000000000000002,1252.0506716077869,751.23040296467207
0.016000000000000007,0.010000000000000002,916.67894101604065,550.00736460962435
0.016500000000000001,0.010000000000000002,654.67341921520028,392.80405152912016
0.017000000000000001,0.010000000000000002,455.8145073154721,273.48870438928327
0.017500000000000002,0.010000000000000002,309.2426306914877,185.54557841489262
0.017999999999999995,0.010000000000000002,204.35744591714897,122.61446755028938
0.018500000000000003,0.010000000000000002,131.50035848393017,78.900215090358103
0.019000000000000003,0.010000000000000002,82.376153561112758,49.425692136667656
0.019500000000000003,0.010000000000000002,50.226046539864839,30.135627923918904
0.019999999999999997,0.010000000000000002,29.801761850830687,17.881057110498411
0.020499999999999997,0.010000000000000002,17.206283013575526,10.323769808145315
0.021000000000000005,0.010000000000000002,9.6654560342468567,5.7992736205481137
0.021500000000000005,0.010000000000000002,5.2821986056923524,3.1693191634154112
0.021999999999999999,0.010000000000000002,2.8082655921358226,1.6849593552814934
0.022499999999999999,0.010000000000000002,1.4523532728190012,0.87141196369140073
0.023000000000000007,0.010000000000000002,0.73063579116679611,0.43838147470007766
0.023500000000000007,0.010000000000000002,0.35752927487390157,0.21451756492434093
0.024,0.010000000000000002,0.17017446012776399,0.10210467607665839
0.024500000000000001,0.010000000000000002,0.078784632446573646,0.047270779467944189
0.025000000000000001,0.010000000000000002,0.035477003178037973,0.021286201906822785
-0.025000000000000001,0.010500000000000002,0.030241951094514528,0.018145170656708717
-0.024500000000000001,0.010500000000000002,0.066739911019732631,0.040043946611839576
-0.024,0.010500000000000002,0.14333212049075836,0.085999272294455018
-0.0235,0.010500000000000002,0.29955375697808645,0.17973225418685188
-0.023,0.010500000000000002,0.60921945712826164,0.36553167427695699
-0.022500000000000003,0.010500000000000002,1.2056981800667792,0.72341890804006748
-0.022000000000000002,0.010500000000000002,2.3220510592204375,1.3932306355322626
-0.021500000000000002,0.010500000000000002,4.3519207615061708,2.6111524569037026
-0.021000000000000001,0.010500000000000002,7.9374384168087291,4.7624630500852376
-0.020500000000000001,0.010500000000000002,14.089379635589417,8.4536277813536493
-0.02,0.010500000000000002,24.341483715584534,14.604890229350719
-0.0195,0.010500000000000002,40.934486349549061,24.560691809729438
-0.019,0.010500000000000002,67.01575721847658,40.209454331085944
-0.018500000000000003,0.010500000000000002,106.8282600505317,64.096956030319021
-0.018000000000000002,0.010500000000000002,165.8501285758347,99.510077145500816
-0.017500000000000002,0.010500000000000002,250.83735072384297,150.50241043430577
-0.017000000000000001,0.010500000000000002,369.72184111827568,221.83310467096541
-0.016500000000000001,0.010500000000000002,531.33025221807111,318.79815133084264
-0.016,0.010500000000000002,744.91752564869489,446.95051538921695
-0.0155,0.010500000000000002,1019.5509781340511,611.73058688043068
-0.015000000000000001,0.010500000000000002,1363.4269125472263,818.05614752833571
-0.014500000000000001,0.010500000000000002,1783.2377315236777,1069.9426389142066
-0.014,0.010500000000000002,2283.7161271425794,1370.2296762855476
-0.0135,0.010500000000000002,2867.4504885905353,1720.4702931543211
-0.012999999999999999,0.010500000000000002,3534.9895342235577,2120.9937205341344
-0.012500000000000001,0.010500000000000002,4285.1484528629708,2571.0890717177822
-0.012,0.010500000000000002,5115.3252673721117,3069.1951604232668
-0.0115,0.010500000000000002,6021.5774081469863,3612.9464448881918
-0.010999999999999999,0.010500000000000002,6998.2342447267602,4198.9405468360555
-0.010499999999999999,0.010500000000000002,8036.9504328505245,4822.1702597103149
-0.010000000000000002,0.010500000000000002,9125.3207342221594,5475.1924405332957
-0.0095000000000000015,0.010500000000000002,10245.422996279925,6147.2537977679549
-0.0090000000000000011,0.010500000000000002,11372.847125653723,6823.7082753922341
-0.0085000000000000006,0.010500000000000002,12476.816385775772,7486.0898314654623
-0.0080000000000000002,0.010500000000000002,13521.856335991863,8113.1138015951174
-0.0074999999999999997,0.010500000000000002,14471.119120499894,8682.6714722999368
-0.0069999999999999993,0.010500000000000002,15291.000727585397,9174.6004365512381
-0.0064999999999999988,0.010500000000000002,15956.227832989713,9573.7366997938279
-0.0059999999999999984,0.010500000000000002,16454.290353264245,9872.5742119585466
-0.0054999999999999979,0.010500000000000002,16788.076968884092,10072.846181330455
-0.005000000000000001,0.010500000000000002,16975.878951996747,10185.527371198048
-0.0044999999999999971,0.010500000000000002,17048.508668535898,10229.105201121538
-0.0040000000000000001,0.010500000000000002,17043.988402457195,10226.393041474317
-0.0035000000000000031,0.010500000000000002,17000.906791014026,10200.544074608415
-0.0029999999999999992,0.010500000000000002,16951.925543614583,10171.15532616875
-0.0025000000000000022,0.010500000000000002,16918.925286581354,10151.355171948811
-0.0019999999999999983,0.010500000000000002,16910.888551555057,10146.533130933034
-0.0015000000000000013,0.010500000000000002,16924.925617479777,10154.955370487865
-0.00099999999999999742,0.010500000000000002,16950.038311744127,10170.022987046475
-0.00050000000000000044,0.010500000000000002,16972.507505242836,10183.504503145701
0,0.010500000000000002,16981.376062406496,10188.825637443897
0.00050000000000000044,0.010500000000000002,16972.494906257041,10183.496943754224
0.0010000000000000009,0.010500000000000002,16950.008569189282,10170.005141513569
0.0015000000000000013,0.010500000000000002,16924.868601530703,10154.921160918422
0.0020000000000000018,0.010500000000000002,16910.786403703787,10146.471842222272
0.0024999999999999988,0.010500000000000002,16918.749080513448,10151.249448308068
0.0030000000000000027,0.010500000000000002,16951.630689424048,10170.978413654428
0.0034999999999999996,0.010500000000000002,17000.427245330087,10200.256347198052
0.0040000000000000036,0.010500000000000002,17043.229982232064,10225.937989339238
0.0045000000000000005,0.010500000000000002,17047.342113419836,10228.405268051902
0.0049999999999999975,0.010500000000000002,16974.133807492188,10184.480284495312
0.0055000000000000014,0.010500000000000002,16785.537795584278,10071.322677350567
0.0059999999999999984,0.010500000000000002,16450.697088867157,9870.4182533202929
0.0064999999999999988,0.010500000000000002,15951.282196752845,9570.7693180517072
0.0069999999999999993,0.010500000000000002,15284.380218236089,9170.6281309416536
0.0074999999999999997,0.010500000000000002,14462.499326360763,8677.4995958164582
0.0080000000000000002,0.010500000000000002,13510.94096132537,8106.5645767952219
0.0085000000000000006,0.010500000000000002,12463.372752266063,7478.0236513596374
0.0090000000000000011,0.010500000000000002,11356.743230066804,6814.0459380400825
0.0095000000000000015,0.010500000000000002,10226.660894312967,6135.9965365877797
0.010000000000000002,0.010500000000000002,9104.0604874018591,5462.4362924411153
0.010500000000000002,0.010500000000000002,8013.5194030287648,4808.1116418172587
0.011000000000000003,0.010500000000000002,6973.1182307654326,4183.8709384592594
0.011500000000000003,0.010500000000000002,5995.3927855208922,3597.235671312535
0.012000000000000004,0.010500000000000002,5088.7744321758018,3053.264659305481
0.012499999999999997,0.010500000000000002,4258.963830236884,2555.3782981421305
0.013000000000000005,0.010500000000000002,3509.8735202622215,2105.9241121573327
0.013499999999999998,0.010500000000000002,2844.0194587687633,1706.4116752612579
0.014000000000000005,0.010500000000000002,2262.4558803222099,1357.4735281933258
0.014499999999999999,0.010500000000000002,1764.4756295565246,1058.6853777339147
0.014999999999999999,0.010500000000000002,1347.3230169596898,808.39381017581388
0.0155,0.010500000000000002,1006.1073446224062,603.66440677344372
0.016000000000000007,0.010500000000000002,734.00215097625824,440.40129058575491
0.016500000000000001,0.010500000000000002,522.71045806116456,313.62627483669871
0.017000000000000001,0.010500000000000002,363.10133171719411,217.86079903031646
0.017500000000000002,0.010500000000000002,245.89171434026531,147.53502860415918
0.017999999999999995,0.010500000000000002,162.25686377437461,97.354118264624759
0.018500000000000003,0.010500000000000002,104.28908566669247,62.573451400015479
0.019000000000000003,0.010500000000000002,65.270609887483033,39.16236593248982
0.019500000000000003,0.010500000000000002,39.76792406588266,23.860754439529597
0.019999999999999997,0.010500000000000002,23.583045811953991,14.149827487172393
0.020499999999999997,0.010500000000000002,13.609791543132147,8.1658749258792884
0.021000000000000005,0.010500000000000002,7.6424852805254559,4.585491168315273
0.021500000000000005,0.010500000000000002,4.1754901620604725,2.5052940972362836
0.021999999999999999,0.010500000000000002,2.2194076507152154,1.3316445904291292
0.022499999999999999,0.010500000000000002,1.1476184638945197,0.68857107833671183
0.023000000000000007,0.010500000000000002,0.57725596880614238,0.34635358128368543
0.023500000000000007,0.010500000000000002,0.28244493455833958,0.16946696073500375
0.024,0.010500000000000002,0.13442530754279802,0.080655184525678811
0.024500000000000001,0.010500000000000002,0.06223007439335785,0.037338044636014707
0.025000000000000001,0.010500000000000002,0.028021017612774403,0.01681261056766464
-0.025000000000000001,0.011000000000000003,0.022749056441557499,0.0136494338649345
-0.024500000000000001,0.011000000000000003,0.050292473005220974,0.030175483803132584
-0.024,0.011000000000000003,0.10818739627726426,0.064912437766358549
-0.0235,0.011000000000000003,0.2264547827354714,0.13587286964128284
-0.023,0.011000000000000003,0.46123060947013977,0.27673836568208388
-0.022500000000000003,0.011000000000000003,0.91409521644156222,0.54845712986493733
-0.022000000000000002,0.011000000000000003,1.7628341978462121,1.0577005187077273
-0.021500000000000002,0.011000000000000003,3.3082208226405383,1.9849324935843229
-0.021000000000000001,0.011000000000000003,6.0417738268065895,3.6250642960839534
-0.020500000000000001,0.011000000000000003,10.738776886907676,6.443266132144605
-0.02,0.011000000000000003,18.578503596034569,11.147102157620742
-0.0195,0.011000000000000003,31.289016834705983,18.77341010082359
-0.019,0.011000000000000003,51.306938731367744,30.784163238820646
-0.018500000000000003,0.011000000000000003,81.933824251656048,49.160294550993626
-0.018000000000000002,0.011000000000000003,127.46192241816368,76.4771534508982
-0.017500000000000002,0.011000000000000003,193.23603562702468,115.9416213762148
-0.017000000000000001,0.011000000000000003,285.618468602174,171.3710811613044
-0.016500000000000001,0.011000000000000003,411.83390932529784,247.10034559517868
-0.016,0.011000000000000003,579.69172625762667,347.815035754576
-0.0155,0.011000000000000003,797.21210170888878,478.32726102533326
-0.015000000000000001,0.011000000000000003,1072.2124156084487,643.32744936506924
-0.014500000000000001,0.011000000000000003,1411.9300050003694,847.15800300022158
-0.014,0.011000000000000003,1822.7543280013242,1093.6525968007945
-0.0135,0.011000000000000003,2310.1070046141695,1386.0642027685017
-0.012999999999999999,0.011000000000000003,2878.443245751725,1727.0659474510351
-0.012500000000000001,0.011000000000000003,3531.2677526292746,2118.7606515775647
-0.012,0.011000000000000003,4270.9907989248031,2562.594479354882
-0.0115,0.011000000000000003,5098.4313721289263,3059.0588232773557
-0.010999999999999999,0.011000000000000003,6011.8337649858568,3607.1002589915138
-0.010499999999999999,0.011000000000000003,7005.4108944940926,4203.2465366964552
-0.010000000000000002,0.011000000000000003,8067.6383808391629,4840.5830285034972
-0.0095000000000000015,0.011000000000000003,9179.7401520473741,5507.8440912284241
-0.0090000000000000011,0.011000000000000003,10314.9488437529,6188.9693062517399
-0.0085000000000000006,0.011000000000000003,11439.115007378388,6863.4690044270328
-0.0080000000000000002,0.011000000000000003,12513.034186556455,7507.8205119338727
-0.0074999999999999997,0.011000000000000003,13496.475393075605,8097.8852358453623
-0.0069999999999999993,0.011000000000000003,14353.410985454833,8612.0465912728996
-0.0064999999999999988,0.011000000000000003,15057.5009205763,9034.5005523457803
-0.0059999999999999984,0.011000000000000003,15596.622483070203,9357.9734898421211
-0.0054999999999999979,0.011000000000000003,15975.273668485475,9585.1642010912856
-0.005000000000000001,0.011000000000000003,16214.049610783703,9728.4297664702208
-0.0044999999999999971,0.011000000000000003,16346.031723625294,9807.6190341751753
-0.0040000000000000001,0.011000000000000003,16410.683258190013,9846.4099549140064
-0.0035000000000000031,0.011000000000000003,16446.508052069745,9867.9048312418472
-0.0029999999999999992,0.011000000000000003,16484.106933707182,9890.4641602243082
-0.0025000000000000022,0.011000000000000003,16541.234244741863,9924.7405468451179
-0.0019999999999999983,0.011000000000000003,16621.001814764459,9972.6010888586752
-0.0015000000000000013,0.011000000000000003,16713.60547459537,10028.163284757222
-0.00099999999999999742,0.011000000000000003,16801.058585449984,10080.635151269989
-0.00050000000000000044,0.011000000000000003,16863.645383542942,10118.187230125764
0,0.011000000000000003,16886.364013230963,10131.818407938577
0.00050000000000000044,0.011000000000000003,16863.638449839371,10118.183069903622
0.0010000000000000009,0.011000000000000003,16801.042216984926,10080.625330190955
0.0015000000000000013,0.011000000000000003,16713.574096538752,10028.14445792325
0.0020000000000000018,0.011000000000000003,16620.945598896571,9972.5673593379415
0.0024999999999999988,0.011000000000000003,16541.137271805957,9924.6823630835734
0.0030000000000000027,0.011000000000000003,16483.944664173214,9890.3667985039283
0.0034999999999999996,0.011000000000000003,16446.24413974581,9867.7464838474862
0.0040000000000000036,0.011000000000000003,16410.265870544081,9846.1595223264485
0.0045000000000000005,0.011000000000000003,16345.389723745011,9807.2338342470066
0.0049999999999999975,0.011000000000000003,16213.089191042214,9727.8535146253289
0.0055000000000000014,0.011000000000000003,15973.876264340524,9584.3257586043146
0.0059999999999999984,0.011000000000000003,15594.644972294256,9356.7869833765526
0.0064999999999999988,0.011000000000000003,15054.77914787284,9032.867488723703
0.0069999999999999993,0.011000000000000003,14349.767466043593,8609.8604796261552
0.0074999999999999997,0.011000000000000003,13491.731590807565,8095.0389544845384
0.0080000000000000002,0.011000000000000003,12507.027038559225,7504.2162231355342
0.0085000000000000006,0.011000000000000003,11431.716461878967,6859.0298771273801
0.0090000000000000011,0.011000000000000003,10306.086254324842,6183.6517525949048
0.0095000000000000015,0.011000000000000003,9169.4146500194329,5501.6487900116599
0.010000000000000002,0.011000000000000003,8055.9380541889786,4833.5628325133866
0.010500000000000002,0.011000000000000003,6992.5159029644929,4195.5095417786952
0.011000000000000003,0.011000000000000003,5998.0114622636838,3598.8068773582104
0.011500000000000003,0.011000000000000003,5084.0209732033227,3050.4125839219937
0.012000000000000004,0.011000000000000003,4256.3788592207165,2553.82731553243
0.012499999999999997,0.011000000000000003,3516.85735370368,2110.1144122222081
0.013000000000000005,0.011000000000000003,2864.6209430295457,1718.7725658177274
0.013499999999999998,0.011000000000000003,2297.2120130845642,1378.3272078507384
0.014000000000000005,0.011000000000000003,1811.0540013510938,1086.6324008106562
0.014499999999999999,0.011000000000000003,1401.6045029723182,840.96270178339091
0.014999999999999999,0.011000000000000003,1063.3498261800494,638.0098957080296
0.0155,0.011000000000000003,789.81355620839565,473.88813372503739
0.016000000000000007,0.011000000000000003,573.68457825712403,344.21074695427438
0.016500000000000001,0.011000000000000003,407.0901070474747,244.25406422848482
0.017000000000000001,0.011000000000000003,281.97494916243943,169.18496949746364
0.017500000000000002,0.011000000000000003,190.51426284282169,114.30855770569302
0.017999999999999995,0.011000000000000003,125.48441141967564,75.290646851805377
0.018500000000000003,0.011000000000000003,80.536419510129207,48.321851706077524
0.019000000000000003,0.011000000000000003,50.346517434384545,30.207910460630725
0.019500000000000003,0.011000000000000003,30.647013009818199,18.388207805890918
0.019999999999999997,0.011000000000000003,18.161106220953748,10.896663732572248
0.020499999999999997,0.011000000000000003,10.474841223943773,6.2849047343662638
0.021000000000000005,0.011000000000000003,5.8794498392168624,3.5276699035301173
0.021500000000000005,0.011000000000000003,3.2111243184441358,1.9266745910664813
0.021999999999999999,0.011000000000000003,1.7063456058674311,1.0238073635204585
0.022499999999999999,0.011000000000000003,0.88213172811945217,0.52927903687167133
0.023000000000000007,0.011000000000000003,0.44363987981354336,0.266183927888126
0.023500000000000007,0.011000000000000003,0.21703914365079097,0.13022348619047458
0.024,0.011000000000000003,0.10328563658537836,0.061971381951227013
0.024500000000000001,0.011000000000000003,0.047810537488969129,0.028686322493381475
0.025000000000000001,0.011000000000000003,0.021526791835490233,0.012916075101294139
-0.025000000000000001,0.011500000000000003,0.016739898678098015,0.010043939206858808
-0.024500000000000001,0.011500000000000003,0.037057333254228157,0.022234399952536895
-0.024,0.011500000000000003,0.079817227407924185,0.04789033644475451
-0.0235,0.011500000000000003,0.16727194001682716,0.10036316401009629
-0.023,0.011500000000000003,0.34108333544180292,0.20465000126508173
-0.022500000000000003,0.011500000000000003,0.67673842143481056,0.40604305286088632
-0.022000000000000002,0.011500000000000003,1.306538447023283,0.78392306821396984
-0.021500000000000002,0.011500000000000003,2.4546537421926446,1.4727922453155868
-0.021000000000000001,0.011500000000000003,4.4880736943753883,2.6928442166252329
-0.020500000000000001,0.011500000000000003,7.9868962120427351,4.7921377272256409
-0.02,0.011500000000000003,13.835837774713161,8.3015026648278969
-0.0195,0.011500000000000003,23.335716576726359,14.001429946035815
-0.019,0.011500000000000003,38.328871358494382,22.997322815096627
-0.018500000000000003,0.011500000000000003,61.326492562468566,36.795895537481137
-0.018000000000000002,0.011500000000000003,95.619904774822615,57.371942864893569
-0.017500000000000002,0.011500000000000003,145.35398197676554,87.212389186059326
-0.017000000000000001,0.011500000000000003,215.54154948729811,129.32492969237887
-0.016500000000000001,0.011500000000000003,312.00485402831015,187.20291241698609
-0.016,0.011500000000000003,441.24435089902238,264.74661053941344
-0.0155,0.011500000000000003,610.25369149254482,366.15221489552687
-0.015000000000000001,0.011500000000000003,826.31697961981274,495.79018777188764
-0.014500000000000001,0.011500000000000003,1096.8315069736859,658.09890418421151
-0.014,0.011500000000000003,1429.187562432056,857.51253745923361
-0.0135,0.011500000000000003,1830.7018226467007,1098.4210935880203
-0.012999999999999999,0.011500000000000003,2308.5460489072393,1385.1276293443436
-0.012500000000000001,0.011500000000000003,2869.5534251227455,1721.7320550736472
-0.012,0.011500000000000003,3519.7461656392948,2111.8476993835766
-0.0115,0.011500000000000003,4263.4390607072237,2558.0634364243342
-0.010999999999999999,0.011500000000000003,5101.8560643213796,3061.1136385928276
-0.010499999999999999,0.011500000000000003,6031.3523392875459,3618.8114035725275
-0.010000000000000002,0.011500000000000003,7041.5345097700274,4224.9207058620159
-0.0095000000000000015,0.011500000000000003,8113.7600485399244,4868.2560291239542
-0.0090000000000000011,0.011500000000000003,9220.5986074117372,5532.3591644470425
-0.0085000000000000006,0.011500000000000003,10326.78609615698,6196.0716576941877
-0.0080000000000000002,0.011500000000000003,11391.963419710442,6835.1780518262649
-0.0074999999999999997,0.011500000000000003,12375.089766715217,7425.0538600291293
-0.0069999999999999993,0.011500000000000003,13239.941664318056,7943.9649985908327
-0.0064999999999999988,0.011500000000000003,13960.686450887288,8376.4118705323726
-0.0059999999999999984,0.011500000000000003,14526.294699557073,8715.776819734243
-0.0054999999999999979,0.011500000000000003,14942.63550416253,8965.5813024975178
-0.005000000000000001,0.011500000000000003,15231.508055306089,9138.904833183653
-0.0044999999999999971,0.011500000000000003,15426.530957746454,9255.9185746478724
-0.0040000000000000001,0.011500000000000003,15566.578153131766,9339.946891879059
-0.0035000000000000031,0.011500000000000003,15688.111081922294,9412.8666491533768
-0.0029999999999999992,0.011500000000000003,15818.11695576242,9490.8701734574515
-0.0025000000000000022,0.011500000000000003,15969.300373468903,9581.5802240813409
-0.0019999999999999983,0.011500000000000003,16138.680058020524,9683.2080348123145
-0.0015000000000000013,0.011500000000000003,16309.92558599262,9785.9553515955722
-0.00099999999999999742,0.011500000000000003,16458.836637835138,9875.301982701083
-0.00050000000000000044,0.011500000000000003,16560.565105714435,9936.3390634286607
0,0.011500000000000003,16596.725696330828,9958.0354177984973
0.00050000000000000044,0.011500000000000003,16560.561394370354,9936.3368366222112
0.0010000000000000009,0.011500000000000003,16458.827876427149,9875.2967258562894
0.0015000000000000013,0.011500000000000003,16309.908790529209,9785.9452743175243
0.0020000000000000018,0.011500000000000003,16138.649967834768,9683.1899807008613
0.0024999999999999988,0.011500000000000003,15969.248467596699,9581.5490805580193
0.0030000000000000027,0.011500000000000003,15818.030099139858,9490.8180594839141
0.0034999999999999996,0.011500000000000003,15687.96981983478,9412.7818919008678
0.0040000000000000036,0.011500000000000003,15566.354741624154,9339.8128449744927
0.0045000000000000005,0.011500000000000003,15426.18731997342,9255.7123919840524
0.0049999999999999975,0.011500000000000003,15230.993979663279,9138.5963877979666
0.0055000000000000014,0.011500000000000003,14941.887527623683,8965.1325165742091
0.0059999999999999984,0.011500000000000003,14525.236214314227,8715.1417285885364
0.0064999999999999988,0.011500000000000003,13959.229590941928,8375.5377545651572
0.0069999999999999993,0.011500000000000003,13237.991428913161,7942.7948573478961
0.0074999999999999997,0.011500000000000003,12372.550592336618,7423.5303554019702
0.0080000000000000002,0.011500000000000003,11388.748025092125,6833.2488150552754
0.0085000000000000006,0.011500000000000003,10322.825940123997,6193.6955640743981
0.0090000000000000011,0.011500000000000003,9215.854805134104,5529.5128830804624
0.0095000000000000015,0.011500000000000003,8108.2332055742763,4864.9399233445656
0.010000000000000002,0.011500000000000003,7035.2717762131133,4221.1630657278674
0.010500000000000002,0.011500000000000003,6024.4501477006725,3614.6700886204035
0.011000000000000003,0.011500000000000003,5094.4575188208864,3056.6745112925319
0.011500000000000003,0.011500000000000003,4255.7257299927778,2553.4354379956667
0.012000000000000004,0.011500000000000003,3511.9249579198508,2107.1549747519102
0.012499999999999997,0.011500000000000003,2861.8400944083064,1717.1040566449838
0.013000000000000005,0.011500000000000003,2301.147503406743,1380.6885020440457
0.013499999999999998,0.011500000000000003,1823.7996310598239,1094.2797786358942
0.014000000000000005,0.011500000000000003,1422.9248288751146,853.75489732506878
0.014499999999999999,0.011500000000000003,1091.3046640079765,654.78279840478592
0.014999999999999999,0.011500000000000003,821.57317734199103,492.94390640519458
0.0155,0.011500000000000003,606.29353545898823,363.77612127539294
0.016000000000000007,0.011500000000000003,438.02895627894782,262.81737376736868
0.016500000000000001,0.011500000000000003,309.46567964447098,185.67940778668259
0.017000000000000001,0.011500000000000003,213.59131406714909,128.15478844028945
0.017500000000000002,0.011500000000000003,143.89712198818893,86.338273192913348
0.017999999999999995,0.011500000000000003,94.561419412860076,56.736851647716044
0.018500000000000003,0.011500000000000003,60.578515704299711,36.347109422579827
0.019000000000000003,0.011500000000000003,37.814794883091068,22.68887692985464
0.019500000000000003,0.011500000000000003,22.992076692302245,13.795246015381347
0.019999999999999997,0.011500000000000003,13.612421059467337,8.1674526356804016
0.020499999999999997,0.011500000000000003,7.84562163204758,4.7073729792285475
0.021000000000000005,0.011500000000000003,4.4011879248952086,2.640712754937125
0.021500000000000005,0.011500000000000003,2.4026817286522753,1.441609037191365
0.021999999999999999,0.011500000000000003,1.2763022825856964,0.76578136955141785
0.022499999999999999,0.011500000000000003,0.65962959901506746,0.39577775940904047
0.023000000000000007,0.011500000000000003,0.3316676963571214,0.19900061781427283
0.023500000000000007,0.011500000000000003,0.16223211158994141,0.097339266953964845
0.024,0.011500000000000003,0.077193504512988523,0.046316102707793114
0.024500000000000001,0.011500000000000003,0.035728848904307178,0.021437309342584306
0.025000000000000001,0.011500000000000003,0.016085667579026252,0.0096514005474157508
-0.025000000000000001,0.012000000000000004,0.0120321086895497,0.0072192652137298193
-0.024500000000000001,0.012000000000000004,0.026663060388142493,0.015997836232885494
-0.024,0.012000000000000004,0.057485684636396354,0.03449141078183781
-0.0235,0.012000000000000004,0.12058675043956894,0.072352050263741363
-0.023,0.012000000000000004,0.2461179273312501,0.14767075639875005
-0.022500000000000003,0.012000000000000004,0.48877647838449434,0.29326588703069661
-0.022000000000000002,0.012000000000000004,0.94455620572237542,0.56673372343342521
-0.021500000000000002,0.012000000000000004,1.7763645187604375,1.0658187112562625
-0.021000000000000001,0.012000000000000004,3.2514043047599439,1.9508425828559663
-0.020500000000000001,0.012000000000000004,5.7930409674459309,3.4758245804675583
-0.02,0.012000000000000004,10.048907453914575,6.029344472348745
-0.0195,0.012000000000000004,16.974990131956332,10.1849940791738
-0.019,0.012000000000000004,27.932343358940276,16.759406015364164
-0.018500000000000003,0.012000000000000004,44.789251387178908,26.873550832307345
-0.018000000000000002,0.012000000000000004,70.017972182387055,42.010783309432234
-0.017500000000000002,0.012000000000000004,106.77303874935768,64.0638232496146
-0.017000000000000001,0.012000000000000004,158.93903158581281,95.363418951487688
-0.016500000000000001,0.012000000000000004,231.14089129827667,138.684534778966
-0.016,0.012000000000000004,328.71899901265829,197.23139940759498
-0.0155,0.012000000000000004,457.68204754679095,274.60922852807454
-0.015000000000000001,0.012000000000000004,624.65838033759849,374.79502820255908
-0.014500000000000001,0.012000000000000004,836.86462758993753,502.1187765539625
-0.014,0.012000000000000004,1102.0933854777418,661.256031286645
-0.0135,0.012000000000000004,1428.6875691680145,857.2125415008087
-0.012999999999999999,0.012000000000000004,1825.4234516167662,1095.2540709700597
-0.012500000000000001,0.012000000000000004,2301.1818976579534,1380.709138594772
-0.012,0.012000000000000004,2864.2699936833023,1718.5619962099813
-0.0115,0.012000000000000004,3521.2866433372137,2112.771986002328
-0.010999999999999999,0.012000000000000004,4275.5208815938167,2565.31252895629
-0.010499999999999999,0.012000000000000004,5125.0267965461462,3075.0160779276875
-0.010000000000000002,0.012000000000000004,6060.704195843723,3636.4225175062338
-0.0095000000000000015,0.012000000000000004,7064.8749612110896,4238.9249767266538
-0.0090000000000000011,0.012000000000000004,8110.9142830127048,4866.5485698076227
-0.0085000000000000006,0.012000000000000004,9164.4155629596717,5498.6493377758025
-0.0080000000000000002,0.012000000000000004,10186.113632290593,6111.6681793743555
-0.0074999999999999997,0.012000000000000004,11136.392085486224,6681.8352512917345
-0.0069999999999999993,0.012000000000000004,11980.743093001656,7188.4458558009937
-0.0064999999999999988,0.012000000000000004,12695.158883852757,7617.0953303116539
-0.0059999999999999984,0.012000000000000004,13270.246020694454,7962.147612416672
-0.0054999999999999979,0.012000000000000004,13712.961848217759,8227.7771089306552
-0.005000000000000001,0.012000000000000004,14045.296713278503,8427.178027967102
-0.0044999999999999971,0.012000000000000004,14299.891828463253,8579.9350970779506
-0.0040000000000000001,0.012000000000000004,14513.334364879289,8708.0006189275737
-0.0035000000000000031,0.012000000000000004,14718.508146435744,8831.1048878614456
-0.0029999999999999992,0.012000000000000004,14937.712709710193,8962.627625826115
-0.0025000000000000022,0.012000000000000004,15178.178218738916,9106.9069312433494
-0.0019999999999999983,0.012000000000000004,15431.091522915927,9258.6549137495567
-0.0015000000000000013,0.012000000000000004,15674.421376471088,9404.6528258826529
-0.00099999999999999742,0.012000000000000004,15878.893807572444,9527.3362845434658
-0.00050000000000000044,0.012000000000000004,16015.666597309473,9609.3999583856839
0,0.012000000000000004,16063.801760036993,9638.2810560221951
0.00050000000000000044,0.012000000000000004,16015.664665192424,9609.3987991154536
0.0010000000000000009,0.012000000000000004,15878.889246403929,9527.3335478423578
0.0015000000000000013,0.012000000000000004,15674.412632792104,9404.647579675262
0.0020000000000000018,0.012000000000000004,15431.075858035578,9258.6455148213463
0.0024999999999999988,0.012000000000000004,15178.151196663208,9106.8907179979251
0.0030000000000000027,0.012000000000000004,14937.667492355571,8962.6004954133423
0.0034999999999999996,0.012000000000000004,14718.43460572328,8831.0607634339667
0.0040000000000000036,0.012000000000000004,14513.218057370799,8707.9308344224792
0.0045000000000000005,0.012000000000000004,14299.7129314421,8579.82775886526
0.0049999999999999975,0.012000000000000004,14045.029086700864,8427.0174520205182
0.0055000000000000014,0.012000000000000004,13712.572453380546,8227.5434720283265
0.0059999999999999984,0.012000000000000004,13269.694975751971,7961.8169854511816
0.0064999999999999988,0.012000000000000004,12694.400445971625,7616.640267582975
0.0069999999999999993,0.012000000000000004,11979.727805009899,7187.8366830059394
0.0074999999999999997,0.012000000000000004,11135.070197241808,6681.0421183450844
0.0080000000000000002,0.012000000000000004,10184.439705370518,6110.6638232223104
0.0085000000000000006,0.012000000000000004,9162.35391498852,5497.4123489931117
0.0090000000000000011,0.012000000000000004,8108.4446706389044,4865.0668023833423
0.0095000000000000015,0.012000000000000004,7061.9976996860105,4237.1986198116065
0.010000000000000002,0.012000000000000004,6057.4438313974879,3634.4662988384925
0.010500000000000002,0.012000000000000004,5121.4335317446885,3072.860119046813
0.011000000000000003,0.012000000000000004,4271.6692161054998,2563.0015296632996
0.011500000000000003,0.012000000000000004,3517.2711014025413,2110.3626608415248
0.012000000000000004,0.012000000000000004,2860.1982912320668,1716.11897473924
0.012499999999999997,0.012000000000000004,2297.1663557232882,1378.299813433973
0.013000000000000005,0.012000000000000004,1821.5717861284472,1092.9430716770682
0.013499999999999998,0.012000000000000004,1425.0943043665557,855.05658261993335
0.014000000000000005,0.012000000000000004,1098.8330210314882,659.29981261889293
0.014499999999999999,0.012000000000000004,833.98736606482498,500.39241963889498
0.014999999999999999,0.012000000000000004,622.18876796369841,373.31326077821905
0.0155,0.012000000000000004,455.62039957533739,273.37223974520242
0.016000000000000007,0.012000000000000004,327.04507209166587,196.22704325499953
0.016500000000000001,0.012000000000000004,229.81900305113419,137.89140183068051
0.017000000000000001,0.012000000000000004,157.92374358611346,94.75424615166807
0.017500000000000002,0.012000000000000004,106.01460084572707,63.608760507436244
0.017999999999999995,0.012000000000000004,69.466927177894405,41.680156306736642
0.018500000000000003,0.012000000000000004,44.399856383731766,26.63991383023906
0.019000000000000003,0.012000000000000004,27.664716347856199,16.59882980871372
0.019500000000000003,0.012000000000000004,16.796092011622108,10.077655206973263
0.019999999999999997,0.012000000000000004,9.9325972343493891,5.9595583406096333
0.020499999999999997,0.012000000000000004,5.7194937514279403,3.4316962508567639
0.021000000000000005,0.012000000000000004,3.2061717763244038,1.9237030657946421
0.021500000000000005,0.012000000000000004,1.7493080100320082,1.0495848060192048
0.021999999999999999,0.012000000000000004,0.92881532921420817,0.5572891975285249
0.022499999999999999,0.012000000000000004,0.47986966543653592,0.28792179926192152
0.023000000000000007,0.012000000000000004,0.24121616763936166,0.14472970058361698
0.023500000000000007,0.012000000000000004,0.11796302754463223,0.070777816526779336
0.024,0.012000000000000004,0.05611978063206792,0.033671868379240751
0.024500000000000001,0.012000000000000004,0.025971454541828743,0.015582872725097245
0.025000000000000001,0.012000000000000004,0.011691517509092652,0.0070149105054555906
-0.025000000000000001,0.012499999999999997,0.0084382456552965206,0.005062947393177912
-0.024500000000000001,0.012499999999999997,0.018714208535551391,0.011228525121330834
-0.024,0.012499999999999997,0.040379809785747983,0.024227885871448789
-0.0235,0.012499999999999997,0.084770650648014104,0.050862390388808458
-0.023,0.012499999999999997,0.17315541213144739,0.10389324727886844
-0.022500000000000003,0.012499999999999997,0.34416297765138443,0.20649778659083065
-0.022000000000000002,0.012499999999999997,0.66568250203323209,0.39940950121993923
-0.021500000000000002,0.012499999999999997,1.2531234307356414,0.75187405844138477
-0.021000000000000001,0.012499999999999997,2.2961873009936431,1.3777123805961857
-0.020500000000000001,0.012499999999999997,4.0962666636916145,2.4577599982149687
-0.02,0.012499999999999997,7.116052050147136,4.2696312300882813
-0.0195,0.012499999999999997,12.041742462117123,7.2250454772702728
-0.019,0.012499999999999997,19.85641347318802,11.913848083912812
-0.018500000000000003,0.012499999999999997,31.920860292244686,19.152516175346811
-0.018000000000000002,0.012499999999999997,50.056201193538705,30.03372071612322
-0.017500000000000002,0.012499999999999997,76.621588602219376,45.972953161331624
-0.017000000000000001,0.012499999999999997,114.58145429810024,68.748872578860144
-0.016500000000000001,0.012499999999999997,167.56028568453118,100.53617141071871
-0.016,0.012499999999999997,239.88839311787601,143.9330358707256
-0.0155,0.012499999999999997,336.64729540608135,201.98837724364881
-0.015000000000000001,0.012499999999999997,463.7244101399171,278.23464608395022
-0.014500000000000001,0.012499999999999997,627.87908772741025,376.72745263644612
-0.014,0.012499999999999997,836.80216081525953,502.0812964891557
-0.0135,0.012499999999999997,1099.1193008129594,659.47158048777567
-0.012999999999999999,0.012499999999999997,1424.2510052690611,854.5506031614367
-0.012500000000000001,0.012499999999999997,1822.0126222707759,1093.2075733624654
-0.012,0.012499999999999997,2301.8353923025388,1381.1012353815233
-0.0115,0.012499999999999997,2871.532781848533,1722.9196691091197
-0.010999999999999999,0.012499999999999997,3535.6355250307811,2121.3813150184687
-0.010499999999999999,0.012499999999999997,4293.4665644359557,2576.0799386615731
-0.010000000000000002,0.012499999999999997,5137.2936682520249,3082.3762009512147
-0.0095000000000000015,0.012499999999999997,6051.0325469194559,3630.6195281516734
-0.0090000000000000011,0.012499999999999997,7010.0173573228367,4206.0104143937015
-0.0085000000000000006,0.012499999999999997,7982.2593915995994,4789.3556349597593
-0.0080000000000000002,0.012499999999999997,8931.3614583701419,5358.8168750220848
-0.0074999999999999997,0.012499999999999997,9820.8762878280977,5892.5257726968584
-0.0069999999999999993,0.012499999999999997,10619.474423400503,6371.6846540403012
-0.0064999999999999988,0.012499999999999997,11305.937975659081,6783.5627853954484
-0.0059999999999999984,0.012499999999999997,11872.842163405932,7123.7052980435592
-0.0054999999999999979,0.012499999999999997,12327.911377035882,7396.7468262215289
-0.005000000000000001,0.012499999999999997,12692.454657678432,7615.4727946070589
-0.0044999999999999971,0.012499999999999997,12996.924529049045,7798.1547174294265
-0.0040000000000000001,0.012499999999999997,13274.35433748508,7964.6126024910473
-0.0035000000000000031,0.012499999999999997,13553.023909890366,8131.8143459342191
-0.0029999999999999992,0.012499999999999997,13850.005436180552,8310.0032617083307
-0.0025000000000000022,0.012499999999999997,14167.141498878727,8500.2848993272364
-0.0019999999999999983,0.012499999999999997,14490.499822965181,8694.299893779109
-0.0015000000000000013,0.012499999999999997,14793.542670281817,8876.1256021690897
-0.00099999999999999742,0.012499999999999997,15043.340400750087,9026.0042404500509
-0.00050000000000000044,0.012499999999999997,15208.384343065589,9125.0306058393526
0,0.012499999999999997,15266.12319408129,9159.6739164487735
0.00050000000000000044,0.012499999999999997,15208.38336476591,9125.0300188595465
0.0010000000000000009,0.012499999999999997,15043.338091268011,9026.0028547608072
0.0015000000000000013,0.012499999999999997,14793.538243045728,8876.1229458274374
0.0020000000000000018,0.012499999999999997,14490.491891278327,8694.295134766995
0.0024999999999999988,0.012499999999999997,14167.127816639359,8500.2766899836151
0.0030000000000000027,0.012499999999999997,13849.982541023412,8309.9895246140459
0.0034999999999999996,0.012499999999999997,13552.98667360837,8131.7920041650214
0.0040000000000000036,0.012499999999999997,13274.295446851045,7964.5772681106264
0.0045000000000000005,0.012499999999999997,12996.83394711552,7798.1003682693117
0.0049999999999999975,0.012499999999999997,12692.319148810209,7615.3914892861249
0.0055000000000000014,0.012499999999999997,12327.714212560859,7396.6285275365153
0.0059999999999999984,0.012499999999999997,11872.563149725178,7123.5378898351064
0.0064999999999999988,0.012499999999999997,11305.553951546846,6783.3323709281076
0.0069999999999999993,0.012499999999999997,10618.960346929123,6371.3762081574741
0.0074999999999999997,0.012499999999999997,9820.206968728724,5892.1241812372346
0.0080000000000000002,0.012499999999999997,8930.5138895508444,5358.3083337305061
0.0085000000000000006,0.012499999999999997,7981.2155058028166,4788.7293034816894
0.0090000000000000011,0.012499999999999997,7008.7669046186666,4205.2601427711998
0.0095000000000000015,0.012499999999999997,6049.5756869309007,3629.7454121585401
0.010000000000000002,0.012499999999999997,5135.6428296096447,3081.3856977657865
0.010500000000000002,0.012499999999999997,4291.6471664869287,2574.9882998921571
0.011000000000000003,0.012499999999999997,3533.6852896106311,2120.2111737663786
0.011500000000000003,0.012499999999999997,2869.4995699468641,1721.6997419681184
0.012000000000000004,0.012499999999999997,2299.7737443310848,1379.8642465986509
0.012499999999999997,0.012499999999999997,1819.9794103691129,1091.9876462214677
0.013000000000000005,0.012499999999999997,1422.3007698489102,853.38046190934608
0.013499999999999998,0.012499999999999997,1097.2999028639338,658.37994171836021
0.014000000000000005,0.012499999999999997,835.15132217286794,501.09079330372072
0.014499999999999999,0.012499999999999997,626.42222773883509,375.85333664330102
0.014999999999999999,0.012499999999999997,462.47395743569695,277.48437446141816
0.0155,0.012499999999999997,335.60340960914425,201.36204576548656
0.016000000000000007,0.012499999999999997,239.04082429811118,143.4244945788667
0.016500000000000001,0.012499999999999997,166.89096658377446,100.13457995026467
0.017000000000000001,0.012499999999999997,114.06737782269704,68.440426693618221
0.017500000000000002,0.012499999999999997,76.237564478595274,45.742538687157165
0.017999999999999995,0.012499999999999997,49.777187481388161,29.866312488832897
0.018500000000000003,0.012499999999999997,31.723695733054583,19.034217439832748
0.019000000000000003,0.012499999999999997,19.720904385499054,11.832542631299432
0.019500000000000003,0.012499999999999997,11.951159972040477,7.1706959832242863
0.019999999999999997,0.012499999999999997,7.057160043401133,4.2342960260406795
0.020499999999999997,0.012499999999999997,4.0590270887163964,2.4354162532298376
0.021000000000000005,0.012499999999999997,2.273284460815685,1.3639706764894111
0.021500000000000005,0.012499999999999997,1.2394237567042838,0.74365425402257024
0.021999999999999999,0.012499999999999997,0.65771233561988929,0.39462740137193358
0.022499999999999999,0.012499999999999997,0.33965314102501148,0.20379188461500689
0.023000000000000007,0.012499999999999997,0.17067347661519366,0.1024040859691162
0.023500000000000007,0.012499999999999997,0.083442166298092382,0.050065299778855425
0.024,0.012499999999999997,0.03968820393943423,0.023812922363660536
0.024500000000000001,0.012499999999999997,0.018364023862880684,0.01101841431772841
0.025000000000000001,0.012499999999999997,0.0082657922099148955,0.0049594753259489368
-0.025000000000000001,0.013000000000000005,0.0057694286021128388,0.0034616571612677031
-0.024500000000000001,0.013000000000000005,0.012803800398908069,0.0076822802393448405
-0.024,0.013000000000000005,0.027645294232712871,0.016587176539627723
-0.0235,0.013000000000000005,0.058076660973457997,0.0348459965840748
-0.023,0.013000000000000005,0.11871601721393493,0.071229610328360962
-0.022500000000000003,0.013000000000000005,0.23614703671931603,0.14168822203158962
-0.022000000000000002,0.013000000000000005,0.45716269893197509,0.27429761935918506
-0.021500000000000002,0.013000000000000005,0.86146560495606095,0.51687936297363657
-0.021000000000000001,0.013000000000000005,1.5803938236207866,0.94823629417247191
-0.020500000000000001,0.013000000000000005,2.8232936975274567,1.693976218516474
-0.02,0.013000000000000005,4.9129235131643334,2.9477541078986
-0.0195,0.013000000000000005,8.3306620525857138,4.9983972315514285
-0.019,0.013000000000000005,13.771332946457759,8.2627997678746556
-0.018500000000000003,0.013000000000000005,22.206330169843639,13.323798101906183
-0.018000000000000002,0.013000000000000005,34.952836387429585,20.97170183245775
-0.017500000000000002,0.013000000000000005,53.746800096633393,32.248080057980033
-0.017000000000000001,0.013000000000000005,80.818450101166931,48.49107006070016
-0.016500000000000001,0.013000000000000005,118.97152354517162,71.382914127102964
-0.016,0.013000000000000005,171.67026182952372,103.00215709771423
-0.0155,0.013000000000000005,243.13962931433176,145.88377758859906
-0.015000000000000001,0.013000000000000005,338.48113079896916,203.08867847938149
-0.014500000000000001,0.013000000000000005,463.79579215734339,278.27747529440603
-0.014,0.013000000000000005,626.28538663050256,375.7712319783015
-0.0135,0.013000000000000005,834.27427742873988,500.56456645724393
-0.012999999999999999,0.013000000000000005,1097.063935831103,658.23836149866179
-0.012500000000000001,0.013000000000000005,1424.5125617233741,854.70753703402443
-0.012,0.013000000000000005,1826.2392292224336,1095.7435375334601
-0.0115,0.013000000000000005,2310.4003351369702,1386.240201082182
-0.010999999999999999,0.013000000000000005,2882.0822843497244,1729.2493706098346
-0.010499999999999999,0.013000000000000005,3541.4893640340733,2124.893618420444
-0.010000000000000002,0.013000000000000005,4282.2514221072097,2569.3508532643259
-0.0095000000000000015,0.013000000000000005,5090.2872473301086,3054.172348398065
-0.0090000000000000011,0.013000000000000005,5943.6849995630328,3566.2109997378197
-0.0085000000000000006,0.013000000000000005,6813.9597216441762,4088.3758329865054
-0.0080000000000000002,0.013000000000000005,7668.8082124708235,4601.2849274824939
-0.0074999999999999997,0.013000000000000005,8476.1345305041159,5085.6807183024694
-0.0069999999999999993,0.013000000000000005,9208.7406572609016,5525.2443943565404
-0.0064999999999999988,0.013000000000000005,9848.7719558342433,5909.2631735005461
-0.0059999999999999984,0.013000000000000005,10390.883172513928,6234.5299035083563
-0.0054999999999999979,0.013000000000000005,10843.221508543545,6505.9329051261275
-0.005000000000000001,0.013000000000000005,11225.718568801303,6735.431141280782
-0.0044999999999999971,0.013000000000000005,11565.774706760034,6939.46482405602
-0.0040000000000000001,0.013000000000000005,11892.070826872345,7135.2424961234065
-0.0035000000000000031,0.013000000000000005,12227.781586101828,7336.6689516610968
-0.0029999999999999992,0.013000000000000005,12584.729562707191,7550.8377376243143
-0.0025000000000000022,0.013000000000000005,12959.912649597392,7775.9475897584352
-0.0019999999999999983,0.013000000000000005,13335.352796115729,8001.2116776694365
-0.0015000000000000013,0.013000000000000005,13681.454084425179,8208.8724506551061
-0.00099999999999999742,0.013000000000000005,13963.20601439748,8377.9236086384881
-0.00050000000000000044,0.013000000000000005,14147.843842285207,8488.7063053711245
0,0.013000000000000005,14212.17783474415,8527.3067008464895
0.00050000000000000044,0.013000000000000005,14147.843360507553,8488.7060163045317
0.0010000000000000009,0.013000000000000005,13963.204877060034,8377.9229262360204
0.0015000000000000013,0.013000000000000005,13681.451904169509,8208.8711425017045
0.0020000000000000018,0.013000000000000005,13335.348890043208,8001.2093340259244
0.0024999999999999988,0.013000000000000005,12959.905911583128,7775.9435469498767
0.0030000000000000027,0.013000000000000005,12584.718287659933,7550.8309725959589
0.0034999999999999996,0.013000000000000005,12227.763248562738,7336.6579491376424
0.0040000000000000036,0.013000000000000005,11892.041825338199,7135.2250952029199
0.0045000000000000005,0.013000000000000005,11565.730098392658,6939.438059035595
0.0049999999999999975,0.013000000000000005,11225.651835523036,6735.3911013138213
0.0055000000000000014,0.013000000000000005,10843.124412080793,6505.8746472484754
0.0059999999999999984,0.013000000000000005,10390.745768240382,6234.4474609442286
0.0064999999999999988,0.013000000000000005,9848.5828376733625,5909.149702604017
0.0069999999999999993,0.013000000000000005,9208.4874929576108,5525.0924957745665
0.0074999999999999997,0.013000000000000005,8475.8049147506154,5085.4829488503692
0.0080000000000000002,0.013000000000000005,7668.3908150959724,4601.0344890575834
0.0085000000000000006,0.013000000000000005,6813.4456451688511,4088.0673871013105
0.0090000000000000011,0.013000000000000005,5943.0691962628043,3565.8415177576826
0.0095000000000000015,0.013000000000000005,5089.5697958136043,3053.7418774881626
0.010000000000000002,0.013000000000000005,4281.4384430311238,2568.8630658186744
0.010500000000000002,0.013000000000000005,3540.5933755191072,2124.3560253114642
0.011000000000000003,0.013000000000000005,2881.121863052741,1728.6731178316445
0.011500000000000003,0.013000000000000005,2309.3990508861216,1385.6394305316728
0.012000000000000004,0.013000000000000005,1825.2239412227345,1095.1343647336407
0.012499999999999997,0.013000000000000005,1423.5112774725308,854.10676648351841
0.013000000000000005,0.013000000000000005,1096.1035145341184,657.662108720471
0.013499999999999998,0.013000000000000005,833.37828891377569,500.02697334826541
0.014000000000000005,0.013000000000000005,625.47240755440987,375.28344453264589
0.014499999999999999,0.013000000000000005,463.07834064082743,277.84700438449647
0.014999999999999999,0.013000000000000005,337.86532749871395,202.71919649922836
0.0155,0.013000000000000005,242.62555283892877,145.57533170335725
0.016000000000000007,0.013000000000000005,171.25286445444212,102.75171867266526
0.016500000000000001,0.013000000000000005,118.64190779098996,71.185144674593971
0.017000000000000001,0.013000000000000005,80.565285795896841,48.339171477538102
0.017500000000000002,0.013000000000000005,53.557681930142707,32.134609158085624
0.017999999999999995,0.013000000000000005,34.815432098423763,20.889259259054256
0.018500000000000003,0.013000000000000005,22.109233665647256,13.265540199388353
0.019000000000000003,0.013000000000000005,13.704599560115462,8.2227597360692766
0.019500000000000003,0.013000000000000005,8.2860534111342581,4.971632046680555
0.019999999999999997,0.013000000000000005,4.8839213030123902,2.930352781807434
0.020499999999999997,0.013000000000000005,2.8049545367639537,1.6829727220583721
0.021000000000000005,0.013000000000000005,1.5691149927467989,0.94146899564807929
0.021500000000000005,0.013000000000000005,0.85471900474282314,0.51283140284569384
0.021999999999999999,0.013000000000000005,0.45323767660657371,0.27194260596394421
0.022499999999999999,0.013000000000000005,0.2339261032375767,0.14035566194254601
0.023000000000000007,0.013000000000000005,0.1174937526078664,0.070496251564719836
0.023500000000000007,0.013000000000000005,0.057422429874385721,0.034453457924631434
0.024,0.013000000000000005,0.027304703052255824,0.016382821831353495
0.024500000000000001,0.013000000000000005,0.012631346953526447,0.0075788081721158678
0.025000000000000001,0.013000000000000005,0.0056845014389758069,0.0034107008633854842
-0.025000000000000001,0.013499999999999998,0.003843539242005989,0.0023061235452035934
-0.024500000000000001,0.013499999999999998,0.0085346492174542266,0.0051207895304725354
-0.024,0.013499999999999998,0.018438655477259761,0.011063193286355856
-0.0235,0.013499999999999998,0.03876072990626242,0.023256437943757452
-0.023,0.013499999999999998,0.079288957459394557,0.047573374475636733
-0.022500000000000003,0.013499999999999998,0.15784897742864837,0.094709386457189015
-0.022000000000000002,0.013499999999999998,0.30587465267910624,0.18352479160746374
-0.021500000000000002,0.013499999999999998,0.5770318040865744,0.3462190824519446
-0.021000000000000001,0.013499999999999998,1.0600202572109603,0.6360121543265761
-0.020500000000000001,0.013499999999999998,1.8967802191907315,1.1380681315144388
-0.02,0.013499999999999998,3.3072803765762435,1.984368225945746
-0.0195,0.013499999999999998,5.6218316384292724,3.3730989830575635
-0.019,0.013499999999999998,9.3214843581633087,5.5928906148979847
-0.018500000000000003,0.013499999999999998,15.086665830669494,9.0519994984016954
-0.018000000000000002,0.013499999999999998,23.854047430436832,14.312428458262099
-0.017500000000000002,0.013499999999999998,36.881991356195584,22.129194813717351
-0.017000000000000001,0.013499999999999998,55.825990080137068,33.495594048082239
-0.016500000000000001,0.013499999999999998,82.827070436683627,49.696242262010173
-0.016,0.013499999999999998,120.61731527816183,72.370389166897098
-0.0155,0.013499999999999998,172.64576277654442,103.58745766592665
-0.015000000000000001,0.013499999999999998,243.22264422882236,145.93358653729342
-0.014500000000000001,0.013499999999999998,337.66796382195838,202.60077829317501
-0.014,0.013499999999999998,462.43092168763917,277.45855301258348
-0.0135,0.013499999999999998,625.12170865226005,375.07302519135601
-0.012999999999999999,0.013499999999999998,834.37308295869627,500.62384977521776
-0.012500000000000001,0.013499999999999998,1099.4365652737738,659.66193916426425
-0.012,0.013499999999999998,1429.4302183078244,857.65813098469459
-0.0115,0.013499999999999998,1832.2032358401636,1099.321941504098
-0.010999999999999999,0.013499999999999998,2312.8707929578572,1387.7224757747142
-0.010499999999999999,0.013499999999999998,2872.1913933810092,1723.3148360286054
-0.010000000000000002,0.013499999999999998,3505.0827879444655,2103.0496727666791
-0.0095000000000000015,0.013499999999999998,4199.6623764056703,2519.7974258434019
-0.0090000000000000011,0.013499999999999998,4937.2103562869752,2962.3262137721849
-0.0085000000000000006,0.013499999999999998,5693.3552760723251,3416.013165643395
-0.0080000000000000002,0.013499999999999998,6440.5643893852421,3864.3386336311451
-0.0074999999999999997,0.013499999999999998,7151.7145455394884,4291.0287273236927
-0.0069999999999999993,0.013499999999999998,7804.1903216204728,4682.5141929722831
-0.0064999999999999988,0.013499999999999998,8383.6968619060353,5030.2181171436214
-0.0059999999999999984,0.013499999999999998,8886.8780464218744,5332.1268278531243
-0.0054999999999999979,0.013499999999999998,9321.9588959310804,5593.1753375586477
-0.005000000000000001,0.013499999999999998,9706.9912083396066,5824.1947250037638
-0.0044999999999999971,0.013499999999999998,10065.811744570756,6039.4870467424535
-0.0040000000000000001,0.013499999999999998,10422.401205879558,6253.4407235277349
-0.0035000000000000031,0.013499999999999998,10794.806639096927,6476.8839834581559
-0.0029999999999999992,0.013499999999999998,11190.017227164957,6714.0103362989739
-0.0025000000000000022,0.013499999999999998,11601.075239802873,6960.645143881723
-0.0019999999999999983,0.013499999999999998,12007.257309589049,7204.3543857534296
-0.0015000000000000013,0.013499999999999998,12377.467230240793,7426.4803381444754
-0.00099999999999999742,0.013499999999999998,12676.206444934051,7605.7238669604303
-0.00050000000000000044,0.013499999999999998,12870.831642992831,7722.498985795698
0,0.013499999999999998,12938.448416147523,7763.0690496885136
0.00050000000000000044,0.013499999999999998,12870.831412234353,7722.4988473406111
0.0010000000000000009,0.013499999999999998,12676.20590018015,7605.7235401080898
0.0015000000000000013,0.013499999999999998,12377.466185957255,7426.4797115743531
0.0020000000000000018,0.013499999999999998,12007.255438685886,7204.3532632115321
0.0024999999999999988,0.013499999999999998,11601.072012476163,6960.6432074856975
0.0030000000000000027,0.013499999999999998,11190.011826722073,6714.0070960332441
0.0034999999999999996,0.013499999999999998,10794.797855911345,6476.8787135468074
0.0040000000000000036,0.013499999999999998,10422.387314928581,6253.4323889571488
0.0045000000000000005,0.013499999999999998,10065.790378368498,6039.4742270210982
0.0049999999999999975,0.013499999999999998,9706.9592449030497,5824.1755469418295
0.0055000000000000014,0.013499999999999998,9321.9123893498381,5593.1474336099027
0.0059999999999999984,0.013499999999999998,8886.8122334887448,5332.0873400932469
0.0064999999999999988,0.013499999999999998,8383.6062794186455,5030.1637676511873
0.0069999999999999993,0.013499999999999998,7804.0690627619697,4682.4414376571813
0.0074999999999999997,0.013499999999999998,7151.5566685027416,4290.9340011016448
0.0080000000000000002,0.013499999999999998,6440.364467324518,3864.2186803947106
0.0085000000000000006,0.013499999999999998,5693.1090473356107,3415.8654284013664
0.0090000000000000011,0.013499999999999998,4936.9154031507078,2962.1492418904245
0.0095000000000000015,0.013499999999999998,4199.3187365212543,2519.5912419127526
0.010000000000000002,0.013499999999999998,3504.6933929410238,2102.8160357646143
0.010500000000000002,0.013499999999999998,2871.7622391000032,1723.0573434600019
0.011000000000000003,0.013499999999999998,2312.4107771158174,1387.4464662694904
0.011500000000000003,0.013499999999999998,1831.7236477477061,1099.0341886486235
0.012000000000000004,0.013499999999999998,1428.9439227981745,857.36635367890472
0.012499999999999997,0.013499999999999998,1098.9569771813206,659.37418630879233
0.013000000000000005,0.013499999999999998,833.91306711665482,500.34784026999284
0.013499999999999998,0.013499999999999998,624.6925543712548,374.81553262275287
0.014000000000000005,0.013499999999999998,462.0415266841913,277.22491601051479
0.014499999999999999,0.013499999999999998,337.3243239375351,202.39459436252105
0.014999999999999999,0.013499999999999998,242.92769109253976,145.75661465552386
0.0155,0.013499999999999998,172.39953403979283,103.4397204238757
0.016000000000000007,0.013499999999999998,120.41739321732577,72.250435930395454
0.016500000000000001,0.013499999999999998,82.669193399610563,49.601516039766338
0.017000000000000001,0.013499999999999998,55.704731220687421,33.422838732412451
0.017500000000000002,0.013499999999999998,36.791408866118999,22.0748453196714
0.017999999999999995,0.013499999999999998,23.788234489901811,14.272940693941086
0.018500000000000003,0.013499999999999998,15.040159229579574,9.0240955377477441
0.019000000000000003,0.013499999999999998,9.2895208698411711,5.5737125219047021
0.019500000000000003,0.013499999999999998,5.6004653049004061,3.3602791829402436
0.019999999999999997,0.013499999999999998,3.2933891018138235,1.9760334610882939
0.020499999999999997,0.013499999999999998,1.8879962568739534,1.1327977541243721
0.021000000000000005,0.013499999999999998,1.054618002077693,0.63277080124661578
0.021500000000000005,0.013499999999999998,0.57380036493820141,0.34428021896292083
0.021999999999999999,0.013499999999999998,0.30399467307461719,0.18239680384477031
0.022499999999999999,0.013499999999999998,0.15678521032047787,0.094071126192286719
0.023000000000000007,0.013499999999999998,0.078703525749661635,0.047222115449796979
0.023500000000000007,0.013499999999999998,0.038447370893010563,0.023068422535806338
0.024,0.013499999999999998,0.018275521507655417,0.010965312904593251
0.024500000000000001,0.013499999999999998,0.0084520486783583593,0.0050712292070150154
0.025000000000000001,0.013499999999999998,0.0038028614263585377,0.0022817168558151224
-0.025000000000000001,0.014000000000000005,0.0024938581405081002,0.0014963148843048601
-0.024500000000000001,0.014000000000000005,0.0055406065482764824,0.0033243639289658893
-0.024,0.014000000000000005,0.011977207511245515,0.0071863245067473082
-0.0235,0.014000000000000005,0.025194516545154078,0.015116709927092447
-0.023,0.014000000000000005,0.051577397775494936,0.03094643866529696
-0.022500000000000003,0.014000000000000005,0.10277336641390938,0.06166401984834563
-0.022000000000000002,0.014000000000000005,0.19936633126495007,0.11961979875897004
-0.021500000000000002,0.014000000000000005,0.37659723397321504,0.22595834038392901
-0.021000000000000001,0.014000000000000005,0.69292644199767628,0.41575586519860575
-0.020500000000000001,0.014000000000000005,1.24235257054227,0.745411542325362
-0.02,0.014000000000000005,2.1714619340938088,1.3028771604562852
-0.0195,0.014000000000000005,3.7021753526487986,2.2213052115892791
-0.019,0.014000000000000005,6.1611217093115593,3.6966730255869353
-0.018500000000000003,0.014000000000000005,10.016598565833338,6.009959139500002
-0.018000000000000002,0.014000000000000005,15.924328501559986,9.5545971009359913
-0.017500000000000002,0.014000000000000005,24.783824248252788,14.870294548951673
-0.017000000000000001,0.014000000000000005,37.808133551789631,22.684880131073779
-0.016500000000000001,0.014000000000000005,56.610714049200524,33.966428429520313
-0.016,0.014000000000000005,83.313342988675927,49.988005793205552
-0.0155,0.014000000000000005,120.67687268009381,72.406123608056276
-0.015000000000000001,0.014000000000000005,172.25051398502379,103.35030839101427
-0.014500000000000001,0.014000000000000005,242.52364026487993,145.51418415892795
-0.014,0.014000000000000005,337.04661793492176,202.22797076095304
-0.0135,0.014000000000000005,462.46616052611017,277.4796963156661
-0.012999999999999999,0.014000000000000005,626.40185789824181,375.84111473894507
-0.012500000000000001,0.014000000000000005,837.08286167563347,502.24971700538003
-0.012,0.014000000000000005,1102.6778394192702,661.60670365156204
-0.0115,0.014000000000000005,1430.2959703802885,858.17758222817304
-0.010999999999999999,0.014000000000000005,1824.7140337832509,1094.8284202699506
-0.010499999999999999,0.014000000000000005,2286.985530795625,1372.191318477375
-0.010000000000000002,0.014000000000000005,2813.190140999392,1687.9140845996351
-0.0095000000000000015,0.014000000000000005,3393.6527625389208,2036.1916575233524
-0.0090000000000000011,0.014000000000000005,4012.9650529921196,2407.7790317952717
-0.0085000000000000006,0.014000000000000005,4651.0519331492678,2790.6311598895604
-0.0080000000000000002,0.014000000000000005,5285.336076558754,3171.2016459352521
-0.0074999999999999997,0.014000000000000005,5893.7911449612657,3536.2746869767593
-0.0069999999999999993,0.014000000000000005,6458.3970277115704,3875.0382166269419
-0.0064999999999999988,0.014000000000000005,6968.2957987316822,4180.977479239009
-0.0059999999999999984,0.014000000000000005,7421.8735011676927,4453.1241007006156
-0.0054999999999999979,0.014000000000000005,7827.1124465735065,4696.2674679441034
-0.005000000000000001,0.014000000000000005,8199.875863284451,4919.9255179706706
-0.0044999999999999971,0.014000000000000005,8560.2476460019643,5136.1485876011784
-0.0040000000000000001,0.014000000000000005,8927.5495126220958,5356.5297075732569
-0.0035000000000000031,0.014000000000000005,9315.063895323372,5589.0383371940234
-0.0029999999999999992,0.014000000000000005,9725.6802393769394,5835.4081436261631
-0.0025000000000000022,0.014000000000000005,10149.578588398033,6089.7471530388202
-0.0019999999999999983,0.014000000000000005,10564.66512693599,6338.7990761615938
-0.0015000000000000013,0.014000000000000005,10939.859523522364,6563.9157141134183
-0.00099999999999999742,0.014000000000000005,11240.649432669763,6744.3896596018576
-0.00050000000000000044,0.014000000000000005,11435.748831294408,6861.4492987766444
0,0.014000000000000005,11503.381123437124,6902.0286740622741
0.00050000000000000044,0.014000000000000005,11435.748723795283,6861.4492342771691
0.0010000000000000009,0.014000000000000005,11240.649178895475,6744.3895073372851
0.0015000000000000013,0.014000000000000005,10939.859037041566,6563.915422224939
0.0020000000000000018,0.014000000000000005,10564.6642553734,6338.79855322404
0.0024999999999999988,0.014000000000000005,10149.577084943832,6089.7462509662992
0.0030000000000000027,0.014000000000000005,9725.6777235738355,5835.4066341443013
0.0034999999999999996,0.014000000000000005,9315.0598036653373,5589.0358821992022
0.0040000000000000036,0.014000000000000005,8927.5430415051324,5356.5258249030794
0.0045000000000000005,0.014000000000000005,8560.2376925298013,5136.1426155178806
0.0049999999999999975,0.014000000000000005,8199.8609730773842,4919.9165838464305
0.0055000000000000014,0.014000000000000005,7827.09078142422,4696.2544688545322
0.0059999999999999984,0.014000000000000005,7421.8428421301296,4453.1057052780779
0.0064999999999999988,0.014000000000000005,6968.2536007661556,4180.952160459693
0.0069999999999999993,0.014000000000000005,6458.3405391200331,3875.0043234720197
0.0074999999999999997,0.014000000000000005,5893.7175977453999,3536.2305586472398
0.0080000000000000002,0.014000000000000005,5285.2429426156596,3171.1457655693957
0.0085000000000000006,0.014000000000000005,4650.9372271830007,2790.5623363098002
0.0090000000000000011,0.014000000000000005,4012.8276487031203,2407.6965892218723
0.0095000000000000015,0.014000000000000005,3393.4926774671449,2036.0956064802867
0.010000000000000002,0.014000000000000005,2813.0087408479499,1687.8052445087699
0.010500000000000002,0.014000000000000005,2286.7856087347886,1372.0713652408731
0.011000000000000003,0.014000000000000005,1824.4997348254442,1094.6998408952666
0.011500000000000003,0.014000000000000005,1430.0725536650421,858.04353219902521
0.012000000000000004,0.014000000000000005,1102.4512980453003,661.4707788271802
0.012499999999999997,0.014000000000000005,836.85944496039065,502.11566697623437
0.013000000000000005,0.014000000000000005,626.18755894043545,375.71253536426127
0.013499999999999998,0.014000000000000005,462.26623846527599,277.35974307916558
0.014000000000000005,0.014000000000000005,336.8652177834756,202.11913067008535
0.014499999999999999,0.014000000000000005,242.36355519310158,145.41813311586094
0.014999999999999999,0.014000000000000005,172.11310969601814,103.26786581761088
0.0155,0.014000000000000005,120.56216671380872,72.337300028285227
0.016000000000000007,0.014000000000000005,83.220209045528236,49.93212542731694
0.016500000000000001,0.014000000000000005,56.53716683318256,33.922300099909535
0.017000000000000001,0.014000000000000005,37.751644959810875,22.650986975886525
0.017500000000000002,0.014000000000000005,24.741626281476741,14.844975768886044
0.017999999999999995,0.014000000000000005,15.893669460549093,9.5362016763294548
0.018500000000000003,0.014000000000000005,9.9949334073021472,5.9969600443812885
0.019000000000000003,0.014000000000000005,6.1462314781297431,3.6877388868778458
0.019500000000000003,0.014000000000000005,3.6922218193377239,2.2153330916026341
0.019999999999999997,0.014000000000000005,2.1649906662979523,1.2989943997787714
0.020499999999999997,0.014000000000000005,1.2382605506641242,0.74295633039847453
0.021000000000000005,0.014000000000000005,0.69040979465847574,0.41424587679508545
0.021500000000000005,0.014000000000000005,0.37509186398717731,0.22505511839230638
0.021999999999999999,0.014000000000000005,0.1984905404048975,0.11909432424293849
0.022499999999999999,0.014000000000000005,0.10227780917045005,0.061366685502270028
0.023000000000000007,0.014000000000000005,0.051304673678198832,0.030782804206919298
0.023500000000000007,0.014000000000000005,0.025048537855243896,0.015029122713146336
0.024,0.014000000000000005,0.011901211346604991,0.0071407268079629943
0.024500000000000001,0.014000000000000005,0.0055021269833903331,0.0033012761900341999
0.025000000000000001,0.014000000000000005,0.0024749083289963827,0.0014849449973978297
-0.025000000000000001,0.014499999999999999,0.0015755679972054954,0.00094534079832329725
-0.024500000000000001,0.014499999999999999,0.0035023183501320079,0.0021013910100792046
-0.024,0.014499999999999999,0.007575680554924814,0.0045454083329548884
-0.0235,0.014499999999999999,0.015947272248187677,0.0095683633489126053
-0.023,0.014499999999999999,0.032674960581036833,0.0196049763486221
-0.022500000000000003,0.014499999999999999,0.065176390865027273,0.039105834519016364
-0.022000000000000002,0.014499999999999999,0.12659496111581178,0.075956976669487072
-0.021500000000000002,0.014499999999999999,0.23951036442749396,0.14370621865649638
-0.021000000000000001,0.014499999999999999,0.44154731435908234,0.26492838861544937
-0.020500000000000001,0.014499999999999999,0.79355556350496426,0.47613333810297853
-0.02,0.014499999999999999,1.3911454057387616,0.83468724344325695
-0.0195,0.014499999999999999,2.3804744846216481,1.4282846907729889
-0.019,0.014499999999999999,3.9793305273275608,2.3875983163965362
-0.018500000000000003,0.014499999999999999,6.5048096009563601,3.9028857605738159
-0.018000000000000002,0.014499999999999999,10.409335081646256,6.245601048987754
-0.017500000000000002,0.014499999999999999,16.32744383641333,9.7964663018479978
-0.017000000000000001,0.014499999999999999,25.136587940353703,15.081952764212222
-0.016500000000000001,0.014499999999999999,38.035793429294941,22.821476057576962
-0.016,0.014499999999999999,56.645622512249304,33.987373507349581
-0.0155,0.014499999999999999,83.130343453278869,49.87820607196732
-0.015000000000000001,0.014499999999999999,120.33717667996146,72.202306007976873
-0.014500000000000001,0.014499999999999999,171.93694198919033,103.1621651935142
-0.014,0.014499999999999999,242.53550885271511,145.52130531162905
-0.0135,0.014499999999999999,337.70833652820409,202.62500191692246
-0.012999999999999999,0.014499999999999999,463.89595234658736,278.3375714079524
-0.012500000000000001,0.014499999999999999,628.09381784093557,376.85629070456133
-0.012,0.014499999999999999,837.28406328760434,502.37043797256257
-0.0115,0.014499999999999999,1097.5955901830571,658.55735410983425
-0.010999999999999999,0.014499999999999999,1413.244021246413,847.94641274784783
-0.010499999999999999,0.014499999999999999,1785.3858623516114,1071.2315174109667
-0.010000000000000002,0.014499999999999999,2211.103494823697,1326.6620968942182
-0.0095000000000000015,0.014499999999999999,2682.7923511971649,1609.675410718299
-0.0090000000000000011,0.014499999999999999,3188.2199859244752,1912.9319915546851
-0.0085000000000000006,0.014499999999999999,3711.4476481051133,2226.868588863068
-0.0080000000000000002,0.014499999999999999,4234.6454870188809,2540.7872922113283
-0.0074999999999999997,0.014499999999999999,4740.6151219585308,2844.3690731751185
-0.0069999999999999993,0.014499999999999999,5215.6059457999927,3129.3635674799957
-0.0064999999999999988,0.014499999999999999,5651.838731956871,3391.1032391741223
-0.0059999999999999984,0.014499999999999999,6049.0958708294738,3629.4575224976843
-0.0054999999999999979,0.014499999999999999,6414.8443753858655,3848.9066252315192
-0.005000000000000001,0.014499999999999999,6762.6284602973719,4057.5770761784229
-0.0044999999999999971,0.014499999999999999,7108.857484363506,4265.3144906181033
-0.0040000000000000001,0.014499999999999999,7468.5340531261336,4481.12043187568
-0.0035000000000000031,0.014499999999999999,7850.8051244679555,4710.4830746807729
-0.0029999999999999992,0.014499999999999999,8255.3724677008722,4953.2234806205233
-0.0025000000000000022,0.014499999999999999,8670.7033414716097,5202.4220048829657
-0.0019999999999999983,0.014499999999999999,9074.6359529691217,5444.7815717814728
-0.0015000000000000013,0.014499999999999999,9437.4450449232227,5662.4670269539338
-0.00099999999999999742,0.014499999999999999,9726.8453805903773,5836.1072283542262
-0.00050000000000000044,0.014499999999999999,9913.9151461155361,5948.3490876693213
0,0.014499999999999999,9978.6522820333885,5987.1913692200333
0.00050000000000000044,0.014499999999999999,9913.9150974088607,5948.3490584453166
0.0010000000000000009,0.014499999999999999,9726.8452656080317,5836.1071593648185
0.0015000000000000013,0.014499999999999999,9437.4448245041167,5662.4668947024702
0.0020000000000000018,0.014499999999999999,9074.6355580736818,5444.7813348442087
0.0024999999999999988,0.014499999999999999,8670.702660273022,5202.4215961638129
0.0030000000000000027,0.014499999999999999,8255.3713278181112,4953.2227966908667
0.0034999999999999996,0.014499999999999999,7850.8032705826363,4710.4819623495814
0.0040000000000000036,0.014499999999999999,7468.5311211341032,4481.1186726804617
0.0045000000000000005,0.014499999999999999,7108.852974554582,4265.3117847327494
0.0049999999999999975,0.014499999999999999,6762.6217137080857,4057.5730282248514
0.0055000000000000014,0.014499999999999999,6414.8345591446632,3848.9007354867977
0.0059999999999999984,0.014499999999999999,6049.0819795562711,3629.4491877337628
0.0064999999999999988,0.014499999999999999,5651.8196125221393,3391.0917675132837
0.0069999999999999993,0.014499999999999999,5215.5803514395648,3129.3482108637386
0.0074999999999999997,0.014499999999999999,4740.5817985227714,2844.3490791136628
0.0080000000000000002,0.014499999999999999,4234.6032890521283,2540.7619734312771
0.0085000000000000006,0.014499999999999999,3711.3956760915812,2226.8374056549487
0.0090000000000000011,0.014499999999999999,3188.1577295502029,1912.8946377301218
0.0095000000000000015,0.014499999999999999,2682.7198184093149,1609.6318910455889
0.010000000000000002,0.014499999999999999,2211.0213044073475,1326.6127826444085
0.010500000000000002,0.014499999999999999,1785.295279861534,1071.1771679169203
0.011000000000000003,0.014499999999999999,1413.146924742216,847.88815484532961
0.011500000000000003,0.014499999999999999,1097.4943625231019,658.49661751386111
0.012000000000000004,0.014499999999999999,837.18141987909894,502.30885192745933
0.012499999999999997,0.014499999999999999,627.99259018098337,376.79555410859001
0.013000000000000005,0.014499999999999999,463.79885584239031,278.27931350543417
0.013499999999999998,0.014499999999999999,337.61775403812834,202.570652422877
0.014000000000000005,0.014499999999999999,242.45331843636171,145.47199106181702
0.014499999999999999,0.014499999999999999,171.86440920133717,103.1186455208023
0.014999999999999999,0.014499999999999999,120.27492030568604,72.164952183411614
0.0155,0.014499999999999999,83.078371439738618,49.847022863843172
0.016000000000000007,0.014499999999999999,56.603424545473011,33.962054727283807
0.016500000000000001,0.014499999999999999,38.002469993465681,22.801481996079406
0.017000000000000001,0.014499999999999999,25.110993579726511,15.066596147835906
0.017500000000000002,0.014499999999999999,16.308324401115556,9.7849946406693338
0.017999999999999995,0.014499999999999999,10.395443806883891,6.2372662841303343
0.018500000000000003,0.014499999999999999,6.4949933555682442,3.8969960133409463
0.019000000000000003,0.014499999999999999,3.9725839271143135,2.383550356268588
0.019500000000000003,0.014499999999999999,2.3759646479952647,1.4255787887971587
0.019999999999999997,0.014499999999999999,1.3882133453725793,0.83292800722354754
0.020499999999999997,0.014499999999999999,0.79170151423968538,0.47502090854381118
0.021000000000000005,0.014499999999999999,0.44040704908932277,0.26424422945359366
0.021500000000000005,0.014499999999999999,0.23882829781987602,0.14329697869192562
0.021999999999999999,0.014499999999999999,0.12619814989568778,0.075718889937412673
0.022499999999999999,0.014499999999999999,0.06495185932058252,0.03897111559234951
0.023000000000000007,0.014499999999999999,0.032551392287804168,0.019530835372682499
0.023500000000000007,0.014499999999999999,0.015881130907032356,0.0095286785442194131
0.024,0.014499999999999999,0.0075412475273707764,0.0045247485164224659
0.024500000000000001,0.014499999999999999,0.0034848836818923735,0.0020909302091354242
0.025000000000000001,0.014499999999999999,0.0015669820457300068,0.000940189227438004
-0.025000000000000001,0.014999999999999999,0.00096907400184913998,0.00058144440110948392
-0.024500000000000001,0.014999999999999999,0.0021553977831950764,0.0012932386699170458
-0.024,0.014999999999999999,0.004665447666930664,0.0027992686001583984
-0.0235,0.014999999999999999,0.0098292435648495678,0.0058975461389097405
-0.023,0.014999999999999999,0.020160007504633783,0.012096004502780269
-0.022500000000000003,0.014999999999999999,0.040263326401479956,0.024157995840887972
-0.022000000000000002,0.014999999999999999,0.078326389858791756,0.046995833915275051
-0.021500000000000002,0.014999999999999999,0.14847369783177036,0.089084218699062218
-0.021000000000000001,0.014999999999999999,0.27436971865857318,0.1646218311951439
-0.020500000000000001,0.014999999999999999,0.49455675335842786,0.2967340520150567
-0.02,0.014999999999999999,0.87014217603521193,0.52208530562112709
-0.0195,0.014999999999999999,1.4956091673912566,0.89736550043475394
-0.019,0.014999999999999999,2.5137518795364771,1.5082511277218862
-0.018500000000000003,0.014999999999999999,4.1360776304313926,2.4816465782588355
-0.018000000000000002,0.014999999999999999,6.6705194153010794,4.0023116491806476
-0.017500000000000002,0.014999999999999999,10.558956142991994,6.3353736857951963
-0.017000000000000001,0.014999999999999999,16.427713648441618,9.8566281890649705
-0.016500000000000001,0.014999999999999999,25.154564788670921,15.092738873202553
-0.016,0.014999999999999999,37.955118685913234,22.77307121154794
-0.0155,0.014999999999999999,56.488972113307007,33.893383267984206
-0.015000000000000001,0.014999999999999999,82.980592682748451,49.788355609649066
-0.014500000000000001,0.014999999999999999,120.34095248843549,72.204571493061295
-0.014,0.014999999999999999,172.26373103058881,103.35823861835328
-0.0135,0.014999999999999999,243.25639280535592,145.95383568321355
-0.012999999999999999,0.014999999999999999,338.55561439156793,203.13336863494075
-0.012500000000000001,0.014999999999999999,463.8742243909029,278.32453463454175
-0.012,0.014999999999999999,624.93949624177924,374.96369774506752
-0.0115,0.014999999999999999,826.81514133577491,496.08908480146494
-0.010999999999999999,0.014999999999999999,1073.0519972688248,643.83119836129492
-0.010499999999999999,0.014999999999999999,1364.7783572666103,818.86701435996622
-0.010000000000000002,0.014999999999999999,1699.9051444022525,1019.9430866413514
-0.0095000000000000015,0.014999999999999999,2072.662330418962,1243.5973982513772
-0.0090000000000000011,0.014999999999999999,2473.6785002357747,1484.2071001414647
-0.0085000000000000006,0.014999999999999999,2890.7490613202435,1734.4494367921461
-0.0080000000000000002,0.014999999999999999,3310.3086760675774,1986.1852056405464
-0.0074999999999999997,0.014999999999999999,3719.4486205102894,2231.6691723061736
-0.0069999999999999993,0.014999999999999999,4108.1387169416776,2464.8832301650064
-0.0064999999999999988,0.014999999999999999,4471.1780524724727,2682.7068314834837
-0.0059999999999999984,0.014999999999999999,4809.3600512534204,2885.6160307520522
-0.0054999999999999979,0.014999999999999999,5129.4293807058921,3077.6576284235352
-0.005000000000000001,0.014999999999999999,5442.6323522239963,3265.5794113343977
-0.0044999999999999971,0.014999999999999999,5761.9815483790935,3457.1889290274562
-0.0040000000000000001,0.014999999999999999,6098.6972553448868,3659.2183532069321
-0.0035000000000000031,0.014999999999999999,6458.5621939067378,3875.1373163440426
-0.0029999999999999992,0.014999999999999999,6839.0471757472596,4103.4283054483558
-0.0025000000000000022,0.014999999999999999,7227.9807041869071,4336.7884225121443
-0.0019999999999999983,0.014999999999999999,7604.2436870120955,4562.5462122072568
-0.0015000000000000013,0.014999999999999999,7940.5275112667914,4764.3165067600748
-0.00099999999999999742,0.014999999999999999,8207.7031415476795,4924.6218849286079
-0.00050000000000000044,0.014999999999999999,8379.9357279991837,5027.96143679951
0,0.014999999999999999,8439.4561661487769,5063.673699689266
0.00050000000000000044,0.014999999999999999,8379.9357065352997,5027.9614239211796
0.0010000000000000009,0.014999999999999999,8207.7030908776705,4924.621854526602
0.0015000000000000013,0.014999999999999999,7940.5274141332893,4764.3164484799736
0.0020000000000000018,0.014999999999999999,7604.2435129909909,4562.5461077945947
0.0024999999999999988,0.014999999999999999,7227.980403998763,4336.7882423992578
0.0030000000000000027,0.014999999999999999,6839.0466734278198,4103.4280040566919
0.0034999999999999996,0.014999999999999999,6458.5613769432175,3875.1368261659304
0.0040000000000000036,0.014999999999999999,6098.6959632851722,3659.2175779711033
0.0045000000000000005,0.014999999999999999,5761.9795610127003,3457.1877366076201
0.0049999999999999975,0.014999999999999999,5442.6293791612725,3265.5776274967634
0.0055000000000000014,0.014999999999999999,5129.4250549199887,3077.6550329519932
0.0059999999999999984,0.014999999999999999,4809.3539296970621,2885.6123578182373
0.0064999999999999988,0.014999999999999999,4471.1696269886761,2682.7017761932057
0.0069999999999999993,0.014999999999999999,4108.1274381108915,2464.8764628665349
0.0074999999999999997,0.014999999999999999,3719.4339356583587,2231.6603613950151
0.0080000000000000002,0.014999999999999999,3310.2900804192182,1986.1740482515308
0.0085000000000000006,0.014999999999999999,2890.7261584800704,1734.4356950880422
0.0090000000000000011,0.014999999999999999,2473.651065320465,1484.1906391922789
0.0095000000000000015,0.014999999999999999,2072.6303669306426,1243.5782201583854
0.010000000000000002,0.014999999999999999,1699.8689250249085,1019.9213550149451
0.010500000000000002,0.014999999999999999,1364.7384397003689,818.84306382022135
0.011000000000000003,0.014999999999999999,1073.0092091302479,643.80552547814875
0.011500000000000003,0.014999999999999999,826.77053269432281,496.06231961659364
0.012000000000000004,0.014999999999999999,624.89426371334366,374.93655822800616
0.012499999999999997,0.014999999999999999,463.82961574945313,278.29776944967188
0.013000000000000005,0.014999999999999999,338.51282625299132,203.10769575179478
0.013499999999999998,0.014999999999999999,243.21647523911616,145.9298851434697
0.014000000000000005,0.014999999999999999,172.22751165324172,103.33650699194503
0.014499999999999999,0.014999999999999999,120.3089890001138,72.185393400068278
0.014999999999999999,0.014999999999999999,82.953157767436281,49.771894660461768
0.0155,0.014999999999999999,56.466069273129122,33.87964156387747
0.016000000000000007,0.014999999999999999,37.936523037542507,22.761913822525504
0.016500000000000001,0.014999999999999999,25.139879936709495,15.083927962025696
0.017000000000000001,0.014999999999999999,16.416434817567659,9.8498608905405955
0.017500000000000002,0.014999999999999999,10.550530658946101,6.3303183953676605
0.017999999999999995,0.014999999999999999,6.6643978582538015,3.9986387149522806
0.018500000000000003,0.014999999999999999,4.131751842686092,2.4790511056116551
0.019000000000000003,0.014999999999999999,2.5107788119967966,1.506467287198078
0.019500000000000003,0.014999999999999999,1.493621788791764,0.89617307327505835
0.019999999999999997,0.014999999999999999,0.86885008620870174,0.52131005172522105
0.020499999999999997,0.014999999999999999,0.49373971759028834,0.29624383055417297
0.021000000000000005,0.014999999999999999,0.27386723065676605,0.16432033839405963
0.021500000000000005,0.014999999999999999,0.14817312716996864,0.088903876301981183
0.021999999999999999,0.014999999999999999,0.078151524516154036,0.046890914709692422
0.022499999999999999,0.014999999999999999,0.040164380647274518,0.024098628388364709
0.023000000000000007,0.014999999999999999,0.020105553873185113,0.012063332323911068
0.023500000000000007,0.014999999999999999,0.0098000966362922978,0.0058800579817753782
0.024,0.014999999999999999,0.0046502738440750086,0.0027901643064450051
0.024500000000000001,0.014999999999999999,0.0021477147362425489,0.0012886288417455294
0.025000000000000001,0.014999999999999999,0.00096529037560448669,0.00057917422536269195
-0.025000000000000001,0.0155,0.00058022718066260152,0.00034813630839756088
-0.024500000000000001,0.0155,0.001291388908639764,0.00077483334518385833
-0.024,0.0155,0.002797528654420805,0.001678517192652483
-0.0235,0.0155,0.0058997511331040729,0.0035398506798624435
-0.023,0.0155,0.012115441531645673,0.0072692649189874036
-0.022500000000000003,0.0155,0.024233855178231109,0.014540313106938665
-0.022000000000000002,0.0155,0.047233170452527624,0.028339902271516573
-0.021500000000000002,0.0155,0.089746068463816844,0.053847641078290105
-0.021000000000000001,0.0155,0.16633195455472144,0.099799172732832855
-0.020500000000000001,0.0155,0.30090456153972855,0.18054273692383713
-0.02,0.0155,0.53178294548780558,0.31906976729268333
-0.0195,0.0155,0.91899924038419045,0.55139954423051429
-0.019,0.0155,1.5547355148368913,0.93284130890213479
-0.018500000000000003,0.0155,2.5781075946690866,1.5468645568014519
-0.018000000000000002,0.0155,4.195986331160289,2.5175917986961731
-0.017500000000000002,0.0155,6.7121177501368319,4.0272706500820989
-0.017000000000000001,0.0155,10.56733797176673,6.3404027830600374
-0.016500000000000001,0.0155,16.393871032292047,9.8363226193752276
-0.016,0.0155,25.086028975689466,15.051617385413678
-0.0155,0.0155,37.887402025202455,22.732441215121472
-0.015000000000000001,0.0155,56.490106959377123,33.894064175626269
-0.014500000000000001,0.0155,83.134430870458246,49.880658522274949
-0.014,0.0155,120.68761319664998,72.412567917989989
-0.0135,0.0155,172.67016143991802,103.60209686395081
-0.012999999999999999,0.0155,243.19015253402264,145.91409152041359
-0.012500000000000001,0.0155,336.74492305167638,202.04695383100582
-0.012,0.0155,457.86026487896743,274.71615892738043
-0.0115,0.0155,610.56322683070994,366.33793609842593
-0.010999999999999999,0.0155,797.72582755946587,478.63549653567952
-0.010499999999999999,0.0155,1020.3678623826625,612.22071742959747
-0.010000000000000002,0.0155,1277.0557859590563,766.23347157543378
-0.0095000000000000015,0.0155,1563.5648665629683,938.13891993778088
-0.0090000000000000011,0.0155,1872.9661345691025,1123.7796807414613
-0.0085000000000000006,0.0155,2196.2459097065803,1317.747545823948
-0.0080000000000000002,0.0155,2523.4630905333179,1514.0778543199906
-0.0074999999999999997,0.0155,2845.3127668111119,1707.1876600866672
-0.0069999999999999993,0.0155,3154.8245238155155,1892.8947142893091
-0.0064999999999999988,0.0155,3448.8205197594989,2069.2923118556992
-0.0059999999999999984,0.0155,3728.7319041115275,2237.2391424669163
-0.0054999999999999979,0.0155,4000.4485894000486,2400.2691536400289
-0.005000000000000001,0.0155,4273.057791375898,2563.8346748255385
-0.0044999999999999971,0.0155,4556.5813142952366,2733.9487885771418
-0.0040000000000000001,0.0155,4859.0929707721689,2915.4557824633011
-0.0035000000000000031,0.0155,5183.8136058341615,3110.2881635004969
-0.0029999999999999992,0.0155,5526.8742334779809,3316.1245400867883
-0.0025000000000000022,0.0155,5876.3653752450755,3525.819225147045
-0.0019999999999999983,0.0155,6213.0515604421125,3727.8309362652672
-0.0015000000000000013,0.0155,6512.7693181936438,3907.661590916186
-0.00099999999999999742,0.0155,6750.128400833747,4050.0770405002481
-0.00050000000000000044,0.0155,6902.8008300795245,4141.6804980477145
0,0.0155,6955.502318287231,4173.3013909723386
0.00050000000000000044,0.0155,6902.800820880022,4141.680492528013
0.0010000000000000009,0.0155,6750.1283791163833,4050.0770274698298
0.0015000000000000013,0.0155,6512.7692765618513,3907.6615659371105
0.0020000000000000018,0.0155,6213.0514858559955,3727.8308915135972
0.0024999999999999988,0.0155,5876.365246583282,3525.8191479499692
0.0030000000000000027,0.0155,5526.874018181933,3316.1244109091599
0.0034999999999999996,0.0155,5183.8132556804539,3110.2879534082722
0.0040000000000000036,0.0155,4859.0924169904019,2915.4554501942412
0.0045000000000000005,0.0155,4556.5804625023547,2733.9482775014126
0.0049999999999999975,0.0155,4273.0565171097796,2563.8339102658679
0.0055000000000000014,0.0155,4000.4467353515711,2400.2680412109426
0.0059999999999999984,0.0155,3728.7292803889272,2237.2375682333563
0.0064999999999999988,0.0155,3448.8169085647378,2069.2901451388425
0.0069999999999999993,0.0155,3154.8196896652603,1892.8918137991561
0.0074999999999999997,0.0155,2845.3064728270942,1707.1838836962565
0.0080000000000000002,0.0155,2523.4551203669093,1514.0730722201456
0.0085000000000000006,0.0155,2196.2360934611938,1317.7416560767163
0.0090000000000000011,0.0155,1872.9543758588813,1123.7726255153289
0.0095000000000000015,0.0155,1563.5511668889385,938.13070013336301
0.010000000000000002,0.0155,1277.0402621946216,766.2241573167729
0.010500000000000002,0.0155,1020.3507535602419,612.21045213614514
0.011000000000000003,0.0155,797.70748839870157,478.62449303922091
0.011500000000000003,0.0155,610.54410739541163,366.32646443724695
0.012000000000000004,0.0155,457.84087804330869,274.70452682598523
0.012499999999999997,0.0155,336.72580361637989,202.03548216982793
0.013000000000000005,0.0155,243.17181337325883,145.90308802395529
0.013499999999999998,0.0155,172.65305261749876,103.59183157049925
0.014000000000000005,0.0155,120.67208943221372,72.403253659328229
0.014499999999999999,0.0155,83.120731196427215,49.872438717856326
0.014999999999999999,0.0155,56.478348249155502,33.8870089494933
0.0155,0.0155,37.877585779814389,22.726551467888633
0.016000000000000007,0.0155,25.078058809276008,15.046835285565605
0.016500000000000001,0.0155,16.387577048261186,9.8325462289567103
0.017000000000000001,0.0155,10.562503821474042,6.3375022928844249
0.017500000000000002,0.0155,6.7085065552690564,4.025103933161434
0.017999999999999995,0.0155,4.1933626082653843,2.5160175649592307
0.018500000000000003,0.0155,2.576253545403806,1.5457521272422836
0.019000000000000003,0.0155,1.5534612466545099,0.9320767479927059
0.019500000000000003,0.0155,0.91814744227268241,0.55088846536360947
0.019999999999999997,0.0155,0.53122915081858768,0.31873749049115258
0.020499999999999997,0.0155,0.30055437686705955,0.18033262612023573
0.021000000000000005,0.0155,0.16611658626450088,0.099669951758700526
0.021500000000000005,0.0155,0.089617242722127483,0.053770345633276491
0.021999999999999999,0.0155,0.047158222494114076,0.028294933496468444
0.022499999999999999,0.0155,0.024191446647418097,0.014514867988450857
0.023000000000000007,0.0155,0.012092102495769671,0.0072552614974618016
0.023500000000000007,0.0155,0.0058872586474208559,0.0035323551884525132
0.024,0.0155,0.0027910250955840142,0.0016746150573504085
0.024500000000000001,0.0155,0.0012880959251657302,0.00077285755509943815
0.025000000000000001,0.0155,0.00057860550390173451,0.00034716330234104071
-0.025000000000000001,0.016000000000000007,0.00033818896581757176,0.00020291337949054306
-0.024500000000000001,0.016000000000000007,0.00075328935487463519,0.00045197361292478107
-0.024,0.016000000000000007,0.001633443770887184,0.00098006626253231027
-0.0235,0.016000000000000007,0.0034489858529711133,0.0020693915117826677
-0.023,0.016000000000000007,0.0070934080969151632,0.0042560448581490974
-0.022500000000000003,0.016000000000000007,0.014215381988147481,0.0085292291928884892
-0.022000000000000002,0.016000000000000007,0.027771843176447316,0.016663105905868388
-0.021500000000000002,0.016000000000000007,0.052922667539699694,0.031753600523819814
-0.021000000000000001,0.016000000000000007,0.098439764773152361,0.059063858863891414
-0.020500000000000001,0.016000000000000007,0.17887555588381157,0.10732533353028693
-0.02,0.016000000000000007,0.31783782011897765,0.1907026920713866
-0.0195,0.016000000000000007,0.55286583296064962,0.33171949977638976
-0.019,0.016000000000000007,0.94261845655608101,0.56557107393364858
-0.018500000000000003,0.016000000000000007,1.5773906933697854,0.94643441602187117
-0.018000000000000002,0.016000000000000007,2.5943787795294497,1.5566272677176698
-0.017500000000000002,0.016000000000000007,4.1995796109880263,2.5197477665928156
-0.017000000000000001,0.016000000000000007,6.6986182358240898,4.0191709414944539
-0.016500000000000001,0.016000000000000007,10.538898856156599,6.3233393136939595
-0.016,0.016000000000000007,16.364869052931901,9.81892143175914
-0.0155,0.016000000000000007,25.086351268918158,15.051810761350893
-0.015000000000000001,0.016000000000000007,37.956312974871032,22.773787784922618
-0.014500000000000001,0.016000000000000007,56.64885167820858,33.989311006925149
-0.014,0.016000000000000007,83.320892269674673,49.992535361804805
-0.0135,0.016000000000000007,120.63340647170629,72.380043883023774
-0.012999999999999999,0.016000000000000007,171.70227495922748,103.02136497553649
-0.012500000000000001,0.016000000000000007,239.94857768894991,143.96914661336993
-0.012,0.016000000000000007,328.8266887770186,197.29601326621116
-0.0115,0.016000000000000007,441.42855893650921,264.85713536190553
-0.010999999999999999,0.016000000000000007,579.99377723813336,347.99626634288001
-0.010499999999999999,0.016000000000000007,745.39308418175244,447.23585050905143
-0.010000000000000002,0.016000000000000007,936.68903322701965,562.01341993621179
-0.0095000000000000015,0.016000000000000007,1150.8990666339901,690.53943998039404
-0.0090000000000000011,0.016000000000000007,1383.0804974698849,829.8482984819309
-0.0085000000000000006,0.016000000000000007,1626.814836796477,976.08890207788613
-0.0080000000000000002,0.016000000000000007,1875.0902636580377,1125.0541581948225
-0.0074999999999999997,0.016000000000000007,2121.4772980342718,1272.8863788205631
-0.0069999999999999993,0.016000000000000007,2361.3871560851858,1416.8322936511115
-0.0064999999999999988,0.016000000000000007,2593.1256256758029,1555.8753754054817
-0.0059999999999999984,0.016000000000000007,2818.4378690720141,1691.0627214432084
-0.0054999999999999979,0.016000000000000007,3042.3011502183799,1825.3806901310279
-0.005000000000000001,0.016000000000000007,3271.863645116402,1963.118187069841
-0.0044999999999999971,0.016000000000000007,3514.6251334390809,2108.7750800634485
-0.0040000000000000001,0.016000000000000007,3776.1651573978452,2265.6990944387071
-0.0035000000000000031,0.016000000000000007,4057.8902261098051,2434.7341356658831
-0.0029999999999999992,0.016000000000000007,4355.3412000920271,2613.2047200552161
-0.0025000000000000022,0.016000000000000007,4657.5419986025954,2794.5251991615573
-0.0019999999999999983,0.016000000000000007,4947.6801880070252,2968.6081128042151
-0.0015000000000000013,0.016000000000000007,5205.1242446480519,3123.074546788831
-0.00099999999999999742,0.016000000000000007,5408.4670521049593,3245.0802312629753
-0.00050000000000000044,0.016000000000000007,5539.0205293809404,3323.4123176285643
0,0.016000000000000007,5584.0447723834895,3350.4268634300938
0.00050000000000000044,0.016000000000000007,5539.0205255460169,3323.41231532761
0.0010000000000000009,0.016000000000000007,5408.4670430518154,3245.0802258310891
0.0015000000000000013,0.016000000000000007,5205.1242272933396,3123.0745363760038
0.0020000000000000018,0.016000000000000007,4947.6801569149056,2968.6080941489431
0.0024999999999999988,0.016000000000000007,4657.5419449683832,2794.52516698103
0.0030000000000000027,0.016000000000000007,4355.3411103432818,2613.2046662059688
0.0034999999999999996,0.016000000000000007,4057.8900801440254,2434.734048086415
0.0040000000000000036,0.016000000000000007,3776.1649265472579,2265.6989559283547
0.0045000000000000005,0.016000000000000007,3514.6247783589779,2108.7748670153865
0.0049999999999999975,0.016000000000000007,3271.8631139232543,1963.1178683539524
0.0055000000000000014,0.016000000000000007,3042.3003773359856,1825.3802264015912
0.0059999999999999984,0.016000000000000007,2818.4367753417118,1691.062065205027
0.0064999999999999988,0.016000000000000007,2593.1241203058603,1555.8744721835162
0.0069999999999999993,0.016000000000000007,2361.3851409115473,1416.8310845469284
0.0074999999999999997,0.016000000000000007,2121.4746743113828,1272.8848045868297
0.0080000000000000002,0.016000000000000007,1875.0869411983711,1125.0521647190226
0.0085000000000000006,0.016000000000000007,1626.8107447765999,976.08644686595994
0.0090000000000000011,0.016000000000000007,1383.0755957101944,829.84535742611661
0.0095000000000000015,0.016000000000000007,1150.8933557602052,690.5360134561231
0.010000000000000002,0.016000000000000007,936.68256195922481,562.00953717553489
0.010500000000000002,0.016000000000000007,745.38595216348392,447.23157129809033
0.011000000000000003,0.016000000000000007,579.98613233853814,347.99167940312287
0.011500000000000003,0.016000000000000007,441.42058877009549,264.85235326205731
0.012000000000000004,0.016000000000000007,328.81860714155067,197.2911642849304
0.012499999999999997,0.016000000000000007,239.94060752253748,143.96436451352247
0.013000000000000005,0.016000000000000007,171.69463005963209,103.01677803577925
0.013499999999999998,0.016000000000000007,120.62627445343843,72.375764672063056
0.014000000000000005,0.016000000000000007,83.314421001878699,49.988652601127221
0.014499999999999999,0.016000000000000007,56.64314080442319,33.985884482653915
0.014999999999999999,0.016000000000000007,37.951411215179306,22.770846729107582
0.0155,0.016000000000000007,25.082259249040039,15.049355549424023
0.016000000000000007,0.016000000000000007,16.361546593263558,9.8169279559581337
0.016500000000000001,0.016000000000000007,10.536275133261675,6.3217650799570047
0.017000000000000001,0.016000000000000007,6.6966030621696531,4.017961837301792
0.017500000000000002,0.016000000000000007,4.1980742410019971,2.518844544601198
0.017999999999999995,0.016000000000000007,2.5932850491044088,1.5559710294626452
0.018500000000000003,0.016000000000000007,1.5766178106484781,0.94597068638908677
0.019000000000000003,0.016000000000000007,0.94208726254795971,0.56525235752877578
0.019500000000000003,0.016000000000000007,0.55251075067952737,0.33150645040771642
0.019999999999999997,0.016000000000000007,0.31760696415468098,0.19056417849280857
0.020499999999999997,0.016000000000000007,0.17872957719390234,0.10723774631634141
0.021000000000000005,0.016000000000000007,0.098349985912716265,0.059009991547629759
0.021500000000000005,0.016000000000000007,0.052868964980832503,0.031721378988499499
0.021999999999999999,0.016000000000000007,0.027740600219132296,0.016644360131479376
0.022499999999999999,0.016000000000000007,0.014197703482341173,0.0085186220894047041
0.023000000000000007,0.016000000000000007,0.0070836789392825436,0.0042502073635695258
0.023500000000000007,0.016000000000000007,0.0034437782101583939,0.0020662669260950364
0.024,0.016000000000000007,0.0016307326842153814,0.00097843961052922874
0.024500000000000001,0.016000000000000007,0.00075191663513288155,0.00045114998107972893
0.025000000000000001,0.016000000000000007,0.00033751295036777107,0.00020250777022066263
-0.025000000000000001,0.016500000000000001,0.00019189733316340662,0.00011513839989804397
-0.024500000000000001,0.016500000000000001,0.000427848790694334,0.00025670927441660038
-0.024,0.016500000000000001,0.00092887085574682371,0.00055732251344809422
-0.0235,0.016500000000000001,0.0019642446491401244,0.0011785467894840746
-0.023,0.016500000000000001,0.0040473883800442078,0.0024284330280265245
-0.022500000000000003,0.016500000000000001,0.0081300994363543468,0.0048780596618126079
-0.022000000000000002,0.016500000000000001,0.015929672743593214,0.0095578036461559275
-0.021500000000000002,0.016500000000000001,0.030465540899332271,0.018279324539599361
-0.021000000000000001,0.016500000000000001,0.056919592263620186,0.034151755358172109
-0.020500000000000001,0.016500000000000001,0.10398916268446393,0.062393497610678354
-0.02,0.016500000000000001,0.18598298607499589,0.11158979164499754
-0.0195,0.016500000000000001,0.32603146035121178,0.19561887621072707
-0.019,0.016500000000000001,0.56096006280827448,0.33657603768496469
-0.018500000000000003,0.016500000000000001,0.94862353758864881,0.56917412255318922
-0.018000000000000002,0.016500000000000001,1.5788197521011653,0.94729185126069915
-0.017500000000000002,0.016500000000000001,2.589262174090698,1.5535573044544189
-0.017000000000000001,0.016500000000000001,4.1883909829399162,2.5130345897639494
-0.016500000000000001,0.016500000000000001,6.6868534099719827,4.0121120459831898
-0.016,0.016500000000000001,10.538985355738811,6.3233912134432861
-0.0155,0.016500000000000001,16.394200780757725,9.8365204684546352
-0.015000000000000001,0.016500000000000001,25.155482117574081,15.093289270544448
-0.014500000000000001,0.016500000000000001,38.038000224046662,22.822800134427997
-0.014,0.016500000000000001,56.615555084098879,33.969333050459326
-0.0135,0.016500000000000001,82.836984646445302,49.702190787867181
-0.012999999999999999,0.016500000000000001,118.99071463293639,71.394428779761824
-0.012500000000000001,0.016500000000000001,167.5956528654641,100.55739171927846
-0.012,0.016500000000000001,231.20322203269453,138.72193321961672
-0.0115,0.016500000000000001,312.11020412159723,187.26612247295833
-0.010999999999999999,0.016500000000000001,412.00497461197511,247.20298476718506
-0.010499999999999999,0.016500000000000001,531.59737340338575,318.95842404203142
-0.010000000000000002,0.016500000000000001,670.30831053995053,402.18498632397029
-0.0095000000000000015,0.016500000000000001,826.11017593926829,495.66610556356096
-0.0090000000000000011,0.016500000000000001,995.60386386491575,597.36231831894941
-0.0085000000000000006,0.016500000000000001,1174.3863352333556,704.63180114001329
-0.0080000000000000002,0.016500000000000001,1357.704083770343,814.6224502622058
-0.0074999999999999997,0.016500000000000001,1541.31127884957,924.786767309742
-0.0069999999999999993,0.016500000000000001,1722.3739985569978,1033.4243991341987
-0.0064999999999999988,0.016500000000000001,1900.2066378510699,1140.1239827106419
-0.0059999999999999984,0.016500000000000001,2076.6156728224,1245.96940369344
-0.0054999999999999979,0.016500000000000001,2255.6741048456388,1353.4044629073833
-0.005000000000000001,0.016500000000000001,2442.857373613771,1465.7144241682624
-0.0044999999999999971,0.016500000000000001,2643.6209090996163,1586.1725454597697
-0.0040000000000000001,0.016500000000000001,2861.6574002253305,1716.9944401351984
-0.0035000000000000031,0.016500000000000001,3097.1960576961678,1858.3176346177006
-0.0029999999999999992,0.016500000000000001,3345.7567650922201,2007.454059055332
-0.0025000000000000022,0.016500000000000001,3597.7238512765775,2158.6343107659463
-0.0019999999999999983,0.016500000000000001,3838.9564191664203,2303.3738514998522
-0.0015000000000000013,0.016500000000000001,4052.4317349810412,2431.4590409886246
-0.00099999999999999742,0.016500000000000001,4220.6754515961184,2532.4052709576708
-0.00050000000000000044,0.016500000000000001,4328.5289294613522,2597.117357676811
0,0.016500000000000001,4365.6955858886895,2619.4173515332136
0.00050000000000000044,0.016500000000000001,4328.5289279065146,2597.1173567439087
0.0010000000000000009,0.016500000000000001,4220.6754479255951,2532.4052687553572
0.0015000000000000013,0.016500000000000001,4052.4317279447146,2431.4590367668288
0.0020000000000000018,0.016500000000000001,3838.9564065603713,2303.3738439362228
0.0024999999999999988,0.016500000000000001,3597.7238295310221,2158.6342977186132
0.0030000000000000027,0.016500000000000001,3345.7567287043198,2007.4540372225918
0.0034999999999999996,0.016500000000000001,3097.195998515529,1858.3175991093174
0.0040000000000000036,0.016500000000000001,2861.6573066288374,1716.9943839773025
0.0045000000000000005,0.016500000000000001,2643.6207651352747,1586.1724590811648
0.0049999999999999975,0.016500000000000001,2442.8571582458289,1465.7142949474974
0.0055000000000000014,0.016500000000000001,2255.6737914867572,1353.4042748920542
0.0059999999999999984,0.016500000000000001,2076.6152293783434,1245.9691376270059
0.0064999999999999988,0.016500000000000001,1900.2060275110696,1140.1236165066416
0.0069999999999999993,0.016500000000000001,1722.373181521235,1033.4239089127409
0.0074999999999999997,0.016500000000000001,1541.3102150824636,924.78612904947818
0.0080000000000000002,0.016500000000000001,1357.702736706093,814.6216420236558
0.0085000000000000006,0.016500000000000001,1174.3846761571779,704.63080569430667
0.0090000000000000011,0.016500000000000001,995.60187648631688,597.36112589179015
0.0095000000000000015,0.016500000000000001,826.10786051194077,495.66471630716444
0.010000000000000002,0.016500000000000001,670.30568681705643,402.18341209023384
0.010500000000000002,0.016500000000000001,531.59448178458558,318.95668907075134
0.011000000000000003,0.016500000000000001,412.00187504961252,247.2011250297675
0.011500000000000003,0.016500000000000001,312.10697268244877,187.26418360946926
0.012000000000000004,0.016500000000000001,231.19994539932458,138.71996723959475
0.012499999999999997,0.016500000000000001,167.59242142631641,100.55545285578984
0.013000000000000005,0.016500000000000001,118.98761507057382,71.392569042344292
0.013499999999999998,0.016500000000000001,82.834093027645778,49.700455816587464
0.014000000000000005,0.016500000000000001,56.612931361203877,33.967758816722323
0.014499999999999999,0.016500000000000001,38.035684796718797,22.821410878031276
0.014999999999999999,0.016500000000000001,25.153494738974661,15.092096843384796
0.0155,0.016500000000000001,16.392541704579866,9.8355250227479196
0.016000000000000007,0.016500000000000001,10.537638291488914,6.322582974893348
0.016500000000000001,0.016500000000000001,6.6857896428638242,4.0114737857182945
0.017000000000000001,0.016500000000000001,4.1875739471717814,2.5125443683030686
0.017500000000000002,0.016500000000000001,2.5886518340735201,1.5531911004441119
0.017999999999999995,0.016500000000000001,1.5783763079959976,0.94702578479759847
0.018500000000000003,0.016500000000000001,0.94831017857539868,0.56898610714523923
0.019000000000000003,0.016500000000000001,0.56074469451805264,0.3364468167108316
0.019500000000000003,0.016500000000000001,0.32588749512832915,0.19553249707699749
0.019999999999999997,0.016500000000000001,0.18588938740189745,0.11153363244113847
0.020499999999999997,0.016500000000000001,0.10392997681193192,0.062357986087159145
0.021000000000000005,0.016500000000000001,0.056883192154856529,0.034129915292913919
0.021500000000000005,0.016500000000000001,0.030443767633619629,0.018266260580171778
0.021999999999999999,0.016500000000000001,0.015917005540658887,0.0095502033243953319
0.022499999999999999,0.016500000000000001,0.0081229318299601786,0.0048737590979761073
0.023000000000000007,0.016500000000000001,0.0040434437722123998,0.0024260662633274399
0.023500000000000007,0.016500000000000001,0.0019621332527171359,0.0011772799516302816
0.024,0.016500000000000001,0.00092777166770587928,0.00055666300062352759
0.024500000000000001,0.016500000000000001,0.00042729223263981015,0.00025637533958388606
0.025000000000000001,0.016500000000000001,0.00019162324819753558,0.00011497394891852134
-0.025000000000000001,0.017000000000000001,0.00010601876465588436,6.3611258793530616e-05
-0.024500000000000001,0.017000000000000001,0.00023665873327252058,0.00014199523996351234
-0.024,0.017000000000000001,0.00051456078873868489,0.00030873647324321094
-0.0235,0.017000000000000001,0.0010901571886069369,0.00065409431316416217
-0.023,0.017000000000000001,0.0022515548159214075,0.0013509328895528444
-0.022500000000000003,0.017000000000000001,0.0045359190782651914,0.0027215514469591147
-0.022000000000000002,0.017000000000000001,0.0089194589936269393,0.0053516753961761632
-0.021500000000000002,0.017000000000000001,0.017134127954650604,0.010280476772790361
-0.021000000000000001,0.017000000000000001,0.032185358496694315,0.019311215098016588
-0.020500000000000001,0.017000000000000001,0.0591851767746156,0.035511106064769357
-0.02,0.017000000000000001,0.10667632981483313,0.064005797888899874
-0.0195,0.017000000000000001,0.1887159341172307,0.11322956047033841
-0.019,0.017000000000000001,0.32812374740104355,0.19687424844062612
-0.018500000000000003,0.017000000000000001,0.56149028673483503,0.336894172040901
-0.018000000000000002,0.017000000000000001,0.94678212256310135,0.56806927353786074
-0.017500000000000002,0.017000000000000001,1.5746476974471941,0.94478861846831641
-0.017000000000000001,0.017000000000000001,2.5847421630905494,1.5508452978543297
-0.016500000000000001,0.017000000000000001,4.188412925057917,2.5130477550347501
-0.016,0.017000000000000001,6.6987042810892499,4.0192225686535501
-0.0155,0.017000000000000001,10.567584231344592,6.3405505388067551
-0.015000000000000001,0.017000000000000001,16.428323194039269,9.8569939164235603
-0.014500000000000001,0.017000000000000001,25.137963948446565,15.082778369067938
-0.014,0.017000000000000001,37.811033925734272,22.686620355440564
-0.0135,0.017000000000000001,55.83176968885396,33.499061813312373
-0.012999999999999999,0.017000000000000001,80.82941768955105,48.497650613730627
-0.012500000000000001,0.017000000000000001,114.60136367974039,68.760818207844224
-0.012,0.017000000000000001,158.97370519301805,95.384223115810826
-0.0115,0.017000000000000001,215.59959092591947,129.35975455555169
-0.010999999999999999,0.017000000000000001,285.71195595997102,171.42717357598261
-0.010499999999999999,0.017000000000000001,369.86680638936394,221.92008383361835
-0.010000000000000002,0.017000000000000001,467.73123739037095,280.63874243422254
-0.0095000000000000015,0.017000000000000001,577.9804625419772,346.78827752518629
-0.0090000000000000011,0.017000000000000001,698.36368195425348,419.01820917255208
-0.0085000000000000006,0.017000000000000001,825.97515234894081,495.58509140936445
-0.0080000000000000002,0.017000000000000001,957.72443426393545,574.63466055836125
-0.0074999999999999997,0.017000000000000001,1090.944778682039,654.56686720922335
-0.0069999999999999993,0.017000000000000001,1224.0234589879756,734.41407539278532
-0.0064999999999999988,0.017000000000000001,1356.8989951519384,814.139397091163
-0.0059999999999999984,0.017000000000000001,1491.2637988346339,894.75827930078037
-0.0054999999999999979,0.017000000000000001,1630.3473152255494,978.20838913532964
-0.005000000000000001,0.017000000000000001,1778.2343682979488,1066.9406209787692
-0.0044999999999999971,0.017000000000000001,1938.7833620847896,1163.2700172508737
-0.0040000000000000001,0.017000000000000001,2114.3247587221895,1268.5948552333136
-0.0035000000000000031,0.017000000000000001,2304.4107812968628,1382.6464687781177
-0.0029999999999999992,0.017000000000000001,2504.9231440375543,1502.9538864225326
-0.0025000000000000022,0.017000000000000001,2707.8081107709672,1624.6848664625802
-0.0019999999999999983,0.017000000000000001,2901.5966319950971,1740.9579791970582
-0.0015000000000000013,0.017000000000000001,3072.7017638703874,1843.6210583222323
-0.00099999999999999742,0.017000000000000001,3207.3035774010809,1924.3821464406485
-0.00050000000000000044,0.017000000000000001,3293.4793737644395,1976.0876242586637
0,0.017000000000000001,3323.1562447103538,1993.8937468262122
0.00050000000000000044,0.017000000000000001,3293.4793731513132,1976.0876238907879
0.0010000000000000009,0.017000000000000001,3207.303575953666,1924.3821455721995
0.0015000000000000013,0.017000000000000001,3072.7017610957205,1843.6210566574323
0.0020000000000000018,0.017000000000000001,2901.5966270240961,1740.9579762144576
0.0024999999999999988,0.017000000000000001,2707.8081021959433,1624.6848613175659
0.0030000000000000027,0.017000000000000001,2504.9231296885459,1502.9538778131275
0.0034999999999999996,0.017000000000000001,2304.4107579598908,1382.6464547759344
0.0040000000000000036,0.017000000000000001,2114.3247218138545,1268.5948330883127
0.0045000000000000005,0.017000000000000001,1938.7833053146712,1163.2699831888026
0.0049999999999999975,0.017000000000000001,1778.2342833709226,1066.9405700225536
0.0055000000000000014,0.017000000000000001,1630.3471916573069,978.20831499438407
0.0059999999999999984,0.017000000000000001,1491.2636239693099,894.75817438158595
0.0064999999999999988,0.017000000000000001,1356.8987544737731,814.13925268426385
0.0069999999999999993,0.017000000000000001,1224.023136802525,734.413882081515
0.0074999999999999997,0.017000000000000001,1090.9443592018893,654.56661552113349
0.0080000000000000002,0.017000000000000001,957.72390306992702,574.63434184195614
0.0085000000000000006,0.017000000000000001,825.97449811784156,495.58469887070493
0.0090000000000000011,0.017000000000000001,698.36289826215864,419.01773895729519
0.0095000000000000015,0.017000000000000001,577.97954948892641,346.78772969335586
0.010000000000000002,0.017000000000000001,467.73020276571918,280.63812165943148
0.010500000000000002,0.017000000000000001,369.86566612409382,221.91939967445629
0.011000000000000003,0.017000000000000001,285.71073369536475,171.42644021721884
0.011500000000000003,0.017000000000000001,215.59831665773669,129.358989994642
0.012000000000000004,0.017000000000000001,158.9724131031914,95.383447861914831
0.012499999999999997,0.017000000000000001,114.60008941155839,68.760053646935035
0.013000000000000005,0.017000000000000001,80.828195424944767,48.49691725496686
0.013499999999999998,0.017000000000000001,55.830629423584341,33.498377654150602
0.014000000000000005,0.017000000000000001,37.809999301082215,22.685999580649327
0.014499999999999999,0.017000000000000001,25.137050895395934,15.08223053723756
0.014999999999999999,0.017000000000000001,16.427539501944459,9.8565237011666742
0.0155,0.017000000000000001,10.566930000245533,6.3401580001473192
0.016000000000000007,0.017000000000000001,6.6981730870811029,4.0189038522486618
0.016500000000000001,0.017000000000000001,4.1879934449076996,2.5127960669446199
0.017000000000000001,0.017000000000000001,2.5844199776383747,1.5506519865830248
0.017500000000000002,0.017000000000000001,1.5744070192760733,0.94464421156564393
0.017999999999999995,0.017000000000000001,0.9466072572204709,0.56796435433228254
0.018500000000000003,0.017000000000000001,0.56136671844160346,0.33682003106496206
0.019000000000000003,0.017000000000000001,0.32803882023790559,0.19682329214274336
0.019500000000000003,0.017000000000000001,0.1886591636522873,0.11319549819137237
0.019999999999999997,0.017000000000000001,0.1066394206218805,0.063983652373128294
0.020499999999999997,0.017000000000000001,0.059161837738739995,0.035497102643243995
0.021000000000000005,0.017000000000000001,0.032171004675284387,0.01930260280517063
0.021500000000000005,0.017000000000000001,0.017125542003175058,0.010275325201905034
0.021999999999999999,0.017000000000000001,0.0089144638775446681,0.0053486783265268003
0.022499999999999999,0.017000000000000001,0.0045330926432458367,0.0027198555859475021
0.023000000000000007,0.017000000000000001,0.0022499993206695182,0.001349999592401711
0.023500000000000007,0.017000000000000001,0.0010893245919963628,0.00065359475519781766
0.024,0.017000000000000001,0.00051412734088999708,0.00030847640453399822
0.024500000000000001,0.017000000000000001,0.00023643926318877049,0.00014186355791326229
0.025000000000000001,0.017000000000000001,0.0001059106834774243,6.3546410086454572e-05
-0.025000000000000001,0.017500000000000002,5.7040898788083424e-05,3.4224539272850052e-05
-0.024500000000000001,0.017500000000000002,0.00012751821571147892,7.6510929426887352e-05
-0.024,0.017500000000000002,0.00027777667015444916,0.00016666600209266948
-0.0235,0.017500000000000002,0.00058987463578517472,0.00035392478147110482
-0.023,0.017500000000000002,0.001221834949303161,0.00073310096958189663
-0.022500000000000003,0.017500000000000002,0.0024703320893475853,0.0014821992536085511
-0.022000000000000002,0.017500000000000002,0.0048791927260263017,0.0029275156356157808
-0.021500000000000002,0.017500000000000002,0.0094235172002100579,0.0056541103201260346
-0.021000000000000001,0.017500000000000002,0.017817053857093493,0.010690232314256096
-0.020500000000000001,0.017500000000000002,0.033018610418356874,0.019811166251014124
-0.02,0.017500000000000002,0.060057398449941721,0.036034439069965028
-0.0195,0.017500000000000002,0.10736485087596936,0.064418910525581616
-0.019,0.017500000000000002,0.18890015841097568,0.1133400950465854
-0.018500000000000003,0.017500000000000002,0.3274948912246507,0.19649693473479041
-0.018000000000000002,0.017500000000000002,0.56001629088043026,0.33600977452825814
-0.017500000000000002,0.017500000000000002,0.94513761542407637,0.56708256925444578
-0.017000000000000001,0.017500000000000002,1.574652958720187,0.94479177523211211
-0.016500000000000001,0.017500000000000002,2.5892833963757012,1.5535700378254207
-0.016,0.017500000000000002,4.1996420922365214,2.5197852553419127
-0.0155,0.017500000000000002,6.7122768609537538,4.0273661165722521
-0.015000000000000001,0.017500000000000002,10.559325720489058,6.3355954322934345
-0.014500000000000001,0.017500000000000002,16.328245503634463,9.7969473021806781
-0.014,0.017500000000000002,24.785468512772468,14.87128110766348
-0.0135,0.017500000000000002,36.885203619344487,22.131122171606691
-0.012999999999999999,0.017500000000000002,53.752804892600359,32.251682935560211
-0.012500000000000001,0.017500000000000002,76.632361173460382,45.979416704076229
-0.012,0.017500000000000002,106.79162152283492,64.074972913700947
-0.0115,0.017500000000000002,145.38484170416871,87.230905022501219
-0.010999999999999999,0.017500000000000002,193.28540314705648,115.97124188823389
-0.010499999999999999,0.017500000000000002,250.91344065920609,150.54806439552365
-0.010000000000000002,0.017500000000000002,318.09593767477475,190.85756260486485
-0.0095000000000000015,0.017500000000000002,394.00335128379987,236.4020107702799
-0.0090000000000000011,0.017500000000000002,477.20326619634392,286.32195971780635
-0.0085000000000000006,0.017500000000000002,565.85480311176912,339.51288186706148
-0.0080000000000000002,0.017500000000000002,658.03766159926681,394.82259695956009
-0.0074999999999999997,0.017500000000000002,752.17122725141155,451.30273635084694
-0.0069999999999999993,0.017500000000000002,847.44089812745983,508.4645388764759
-0.0064999999999999988,0.017500000000000002,944.12223502535062,566.47334101521039
-0.0059999999999999984,0.017500000000000002,1043.690053840083,626.21403230404974
-0.0054999999999999979,0.017500000000000002,1148.6265427684677,689.17592566108067
-0.005000000000000001,0.017500000000000002,1261.8999364467143,757.13996186802854
-0.0044999999999999971,0.017500000000000002,1386.1640947388823,831.69845684332938
-0.0040000000000000001,0.017500000000000002,1522.8120143942099,913.68720863652595
-0.0035000000000000031,0.017500000000000002,1671.0805876672327,1002.6483526003396
-0.0029999999999999992,0.017500000000000002,1827.4286450259865,1096.4571870155919
-0.0025000000000000022,0.017500000000000002,1985.3819771170058,1191.2291862702034
-0.0019999999999999983,0.017500000000000002,2135.9570796579469,1281.5742477947681
-0.0015000000000000013,0.017500000000000002,2268.6543062845799,1361.1925837707479
-0.00099999999999999742,0.017500000000000002,2372.8782311112695,1423.7269386667617
-0.00050000000000000044,0.017500000000000002,2439.5318876003357,1463.7191325602014
0,0.017500000000000002,2462.4728813790775,1477.4837288274464
0.00050000000000000044,0.017500000000000002,2439.5318873651827,1463.7191324191097
0.0010000000000000009,0.017500000000000002,2372.8782305561404,1423.7269383336841
0.0015000000000000013,0.017500000000000002,2268.6543052204074,1361.1925831322444
0.0020000000000000018,0.017500000000000002,2135.95707775141,1281.5742466508459
0.0024999999999999988,0.017500000000000002,1985.3819738282139,1191.2291842969282
0.0030000000000000027,0.017500000000000002,1827.4286395226884,1096.4571837136129
0.0034999999999999996,0.017500000000000002,1671.0805787167681,1002.6483472300608
0.0040000000000000036,0.017500000000000002,1522.8120002386977,913.68720014321855
0.0045000000000000005,0.017500000000000002,1386.164072965749,831.69844377944935
0.0049999999999999975,0.017500000000000002,1261.8999038745187,757.13994232471123
0.0055000000000000014,0.017500000000000002,1148.6264953761452,689.17589722568709
0.0059999999999999984,0.017500000000000002,1043.6899867737104,626.2139920642262
0.0064999999999999988,0.017500000000000002,944.12214271767539,566.47328563060523
0.0069999999999999993,0.017500000000000002,847.44077455916715,508.46446473550026
0.0074999999999999997,0.017500000000000002,752.17106636752999,451.30263982051798
0.0080000000000000002,0.017500000000000002,658.03745786959325,394.82247472175595
0.0085000000000000006,0.017500000000000002,565.85455219348671,339.51273131609202
0.0090000000000000011,0.017500000000000002,477.20296562568222,286.32177937540933
0.0095000000000000015,0.017500000000000002,394.00300109912757,236.40180065947652
0.010000000000000002,0.017500000000000002,318.09554086355485,190.85732451813291
0.010500000000000002,0.017500000000000002,250.91300333147325,150.54780199888395
0.011000000000000003,0.017500000000000002,193.28493436998934,115.9709606219936
0.011500000000000003,0.017500000000000002,145.38435298208844,87.230611789253061
0.012000000000000004,0.017500000000000002,106.79112596559143,64.07467557935486
0.012499999999999997,0.017500000000000002,76.631872451380445,45.979123470828263
0.013000000000000005,0.017500000000000002,53.752336115533417,32.251401669320046
0.013499999999999998,0.017500000000000002,36.884766291612237,22.130859774967341
0.014000000000000005,0.017500000000000002,24.785071701552308,14.871043020931385
0.014499999999999999,0.017500000000000002,16.327895318961879,9.7967371913771277
0.014999999999999999,0.017500000000000002,10.559025149827308,6.3354150898963848
0.0155,0.017500000000000002,6.7120259426713158,4.0272155656027895
0.016000000000000007,0.017500000000000002,4.199438362563062,2.5196630175378369
0.016500000000000001,0.017500000000000002,2.5891225124938972,1.5534735074963384
0.017000000000000001,0.017500000000000002,1.5745293904269562,0.94471763425617361
0.017500000000000002,0.017500000000000002,0.94504530774654993,0.56702718464792989
0.017999999999999995,0.017500000000000002,0.55994922450053142,0.33596953470031882
0.018500000000000003,0.017500000000000002,0.3274474988827899,0.19646849932967395
0.019000000000000003,0.017500000000000002,0.18886758616251725,0.11332055169751035
0.019500000000000003,0.017500000000000002,0.10734307761025655,0.064405846566153932
0.019999999999999997,0.017500000000000002,0.060043242609115081,0.03602594556546905
0.020499999999999997,0.017500000000000002,0.033009659161218188,0.019805795496730911
0.021000000000000005,0.017500000000000002,0.01781154871339137,0.010686929228034821
0.021500000000000005,0.017500000000000002,0.0094202242167359951,0.005652134530041597
0.021999999999999999,0.017500000000000002,0.0048772769412985598,0.0029263661647791358
0.022499999999999999,0.017500000000000002,0.0024692480622789843,0.0014815488373673906
0.023000000000000007,0.017500000000000002,0.0012212383677625996,0.00073274302065755976
0.023500000000000007,0.017500000000000002,0.0005895553086975485,0.00035373318521852911
0.024,0.017500000000000002,0.0002776104292192821,0.00016656625753156925
0.024500000000000001,0.017500000000000002,0.00012743404200505896,7.6460425203035375e-05
0.025000000000000001,0.017500000000000002,5.6999446243710313e-05,3.4199667746226188e-05
-0.025000000000000001,0.017999999999999995,2.9894924115191707e-05,1.7936954469115024e-05
-0.024500000000000001,0.017999999999999995,6.6956155658695407e-05,4.0173693395217244e-05
-0.024,0.017999999999999995,0.00014619197985449778,8.7715187912698663e-05
-0.0235,0.017999999999999995,0.00031134726697330068,0.00018680836018398041
-0.023,0.017999999999999995,0.00064722633483829499,0.00038833580090297698
-0.022500000000000003,0.017999999999999995,0.0013143674556382479,0.00078862047338294869
-0.022000000000000002,0.017999999999999995,0.0026100540698863924,0.0015660324419318353
-0.021500000000000002,0.017999999999999995,0.0050738740561053174,0.0030443244336631902
-0.021000000000000001,0.017999999999999995,0.0096678416299301809,0.005800704977958108
-0.020500000000000001,0.017999999999999995,0.018080222406249329,0.010848133443749597
-0.02,0.017999999999999995,0.033232680091620136,0.01993960805497208
-0.0195,0.017999999999999995,0.060117494007720186,0.036070496404632113
-0.019,0.017999999999999995,0.10716117562482338,0.064296705374894028
-0.018500000000000003,0.017999999999999995,0.18840688032182029,0.11304412819309217
-0.018000000000000002,0.017999999999999995,0.32692837592073992,0.19615702555244394
-0.017500000000000002,0.017999999999999995,0.56001748346967828,0.33601049008180695
-0.017000000000000001,0.017999999999999995,0.94678707047314159,0.56807224228388498
-0.016500000000000001,0.017999999999999995,1.5788347366126128,0.94730084196756759
-0.016,0.017999999999999995,2.5944180345779788,1.5566508207467873
-0.0155,0.017999999999999995,4.1960801416279176,2.5176480849767504
-0.015000000000000001,0.017999999999999995,6.6707288004653336,4.0024372802792003
-0.014500000000000001,0.017999999999999995,10.409777055458616,6.2458662332751693
-0.014,0.017999999999999995,15.925217272324435,9.5551303633946603
-0.0135,0.017999999999999995,23.855757951486037,14.313454770891623
-0.012999999999999999,0.017999999999999995,34.955996628285334,20.973597976971199
-0.012500000000000001,0.017999999999999995,50.061817208929632,30.037090325357777
-0.012,0.017999999999999995,70.027584057152879,42.016550434291723
-0.0115,0.017999999999999995,95.635760374249543,57.381456224549723
-0.010999999999999999,0.017999999999999995,127.48713874822099,76.492283248932594
-0.010499999999999999,0.017999999999999995,165.88878810668311,99.533272864009859
-0.010000000000000002,0.017999999999999995,210.76487335644322,126.45892401386592
-0.0095000000000000015,0.017999999999999995,261.61969130158798,156.97181478095277
-0.0090000000000000011,0.017999999999999995,317.57954110652037,190.54772466391222
-0.0085000000000000006,0.017999999999999995,377.52838949036806,226.51703369422083
-0.0080000000000000002,0.017999999999999995,440.33184213138787,264.19910527883269
-0.0074999999999999997,0.017999999999999995,505.1177742497232,303.07066454983391
-0.0069999999999999993,0.017999999999999995,571.5561193402857,342.93367160417142
-0.0064999999999999988,0.017999999999999995,640.06266763222095,384.03760057933255
-0.0059999999999999984,0.017999999999999995,711.85004733835206,427.1100284030112
-0.0054999999999999979,0.017999999999999995,788.7684065823463,473.26104394940774
-0.005000000000000001,0.017999999999999995,872.91867548554876,523.75120529132926
-0.0044999999999999971,0.017999999999999995,966.07632518252615,579.64579510951569
-0.0040000000000000001,0.017999999999999995,1069.0210702692766,641.41264216156594
-0.0035000000000000031,0.017999999999999995,1180.9124413713075,708.54746482278449
-0.0029999999999999992,0.017999999999999995,1298.8677497396507,779.32064984379042
-0.0025000000000000022,0.017999999999999995,1417.8781672797352,850.72690036784104
-0.0019999999999999983,0.017999999999999995,1531.1400372200699,918.68402233204188
-0.0015000000000000013,0.017999999999999995,1630.7923288945792,978.47539733674751
-0.00099999999999999742,0.017999999999999995,1708.9566633346694,1025.3739980008015
-0.00050000000000000044,0.017999999999999995,1758.8974027613392,1055.3384416568035
0,0.017999999999999995,1776.0777893499974,1065.6466736099983
0.00050000000000000044,0.017999999999999995,1758.8974026736209,1055.3384416041724
0.0010000000000000009,0.017999999999999995,1708.9566631275927,1025.3739978765557
0.0015000000000000013,0.017999999999999995,1630.7923284976168,978.47539709857006
0.0020000000000000018,0.017999999999999995,1531.140036508885,918.68402190533095
0.0024999999999999988,0.017999999999999995,1417.8781660529355,850.72689963176128
0.0030000000000000027,0.017999999999999995,1298.8677476867854,779.32064861207118
0.0034999999999999996,0.017999999999999995,1180.9124380325645,708.54746281953874
0.0040000000000000036,0.017999999999999995,1069.0210649889227,641.41263899335365
0.0045000000000000005,0.017999999999999995,966.0763170606125,579.64579023636747
0.0049999999999999975,0.017999999999999995,872.91866333532073,523.75119800119239
0.0055000000000000014,0.017999999999999995,788.76838890384715,473.26103334230828
0.0059999999999999984,0.017999999999999995,711.85002232095019,427.11001339257012
0.0064999999999999988,0.017999999999999995,640.0626331991939,384.0375799195163
0.0069999999999999993,0.017999999999999995,571.5560732462817,342.93364394776899
0.0074999999999999997,0.017999999999999995,505.11771423608951,303.07062854165372
0.0080000000000000002,0.017999999999999995,440.33176613522323,264.19905968113392
0.0085000000000000006,0.017999999999999995,377.528295891695,226.51697753501699
0.0090000000000000011,0.017999999999999995,317.57942898629176,190.54765739177506
0.0095000000000000015,0.017999999999999995,261.61956067411683,156.97173640447008
0.010000000000000002,0.017999999999999995,210.76472533612639,126.45883520167583
0.010500000000000002,0.017999999999999995,165.88862497271336,99.533174983628015
0.011000000000000003,0.017999999999999995,127.48696388287824,76.49217832972694
0.011500000000000003,0.017999999999999995,95.635578068927757,57.381346841356653
0.012000000000000004,0.017999999999999995,70.027399202147507,42.016439521288504
0.012499999999999997,0.017999999999999995,50.061634903608081,30.036980942164845
0.013000000000000005,0.017999999999999995,34.955821762942627,20.973493057765577
0.013499999999999998,0.017999999999999995,23.855594817516511,14.313356890509906
0.014000000000000005,0.017999999999999995,15.92506925200756,9.5550415512045355
0.014499999999999999,0.017999999999999995,10.409646427987509,6.2457878567925054
0.014999999999999999,0.017999999999999995,6.6706166802370417,4.0023700081422247
0.0155,0.017999999999999995,4.1959865429548238,2.5175919257728943
0.016000000000000007,0.017999999999999995,2.5943420384133256,1.5566052230479952
0.016500000000000001,0.017999999999999995,1.5787747229790423,0.94726483378742532
0.017000000000000001,0.017999999999999995,0.94674097646926858,0.56804458588156115
0.017500000000000002,0.017999999999999995,0.55998305044212549,0.33598983026527529
0.017999999999999995,0.017999999999999995,0.32690335851624286,0.19614201510974572
0.018500000000000003,0.017999999999999995,0.18838920181601421,0.11303352108960851
0.019000000000000003,0.017999999999999995,0.10714902537731731,0.064289415226390381
0.019500000000000003,0.017999999999999995,0.060109372045622271,0.036065623227373361
0.019999999999999997,0.017999999999999995,0.033227399615821343,0.019936439769492807
0.020499999999999997,0.017999999999999995,0.018076883367807963,0.010846130020684778
0.021000000000000005,0.017999999999999995,0.0096657880763161841,0.0057994728457897099
0.021500000000000005,0.017999999999999995,0.0050726456925093977,0.0030435874155056385
0.021999999999999999,0.017999999999999995,0.0026093394351985326,0.0015656036611191196
0.022499999999999999,0.017999999999999995,0.001313963086956009,0.00078837785217360538
0.023000000000000007,0.017999999999999995,0.00064700379529256406,0.00038820227717553842
0.023500000000000007,0.017999999999999995,0.00031122815013815108,0.00018673689008289065
0.024,0.017999999999999995,0.000146129967908639,8.7677980745183397e-05
0.024500000000000001,0.017999999999999995,6.6924756801849445e-05,4.0154854081109664e-05
0.025000000000000001,0.017999999999999995,2.9879461299521242e-05,1.7927676779712746e-05
-0.025000000000000001,0.018500000000000003,1.5267572103512769e-05,9.1605432621076615e-06
-0.024500000000000001,0.018500000000000003,3.4274485611720294e-05,2.0564691367032175e-05
-0.024,0.018500000000000003,7.5051621003439532e-05,4.5030972602063721e-05
-0.0235,0.018500000000000003,0.00016041262183573944,9.6247573101443664e-05
-0.023,0.018500000000000003,0.00033493939207074319,0.00020096363524244591
-0.022500000000000003,0.018500000000000003,0.00068385771606299986,0.00041031462963779991
-0.022000000000000002,0.018500000000000003,0.0013668551277638461,0.00082011307665830766
-0.021500000000000002,0.018500000000000003,0.0026778028883731732,0.0016066817330239039
-0.021000000000000001,0.018500000000000003,0.005148951433621091,0.0030893708601726546
-0.020500000000000001,0.018500000000000003,0.0097307416284301302,0.0058384449770580776
-0.02,0.018500000000000003,0.018098662065462144,0.010859197239277286
-0.0195,0.018500000000000003,0.033170147760393613,0.019902088656236168
-0.019,0.018500000000000003,0.059961168481108891,0.035976701088665332
-0.018500000000000003,0.018500000000000003,0.10697641711510086,0.064185850269060513
-0.018000000000000002,0.018500000000000003,0.18840713589396896,0.11304428153638137
-0.017500000000000002,0.018500000000000003,0.32749598179520839,0.19649758907712503
-0.017000000000000001,0.018500000000000003,0.56149368387376075,0.33689621032425643
-0.016500000000000001,0.018500000000000003,0.9486326921940873,0.56917961531645234
-0.016,0.018500000000000003,1.57741319996511,0.94644791997906597
-0.0155,0.018500000000000003,2.5781592800261017,1.5468955680156611
-0.015000000000000001,0.018500000000000003,4.1361898941542767,2.4817139364925658
-0.014500000000000001,0.018500000000000003,6.5050419408359828,3.9030251645015897
-0.014,0.018500000000000003,10.017058862401688,6.0102353174410128
-0.0135,0.018500000000000003,15.087541433239391,9.0525248599436345
-0.012999999999999999,0.018500000000000003,22.207932741941715,13.324759645165029
-0.012500000000000001,0.018500000000000003,31.923686172143864,19.154211703286318
-0.012,0.018500000000000003,44.794056193249766,26.876433715949858
-0.0115,0.018500000000000003,61.334373232281159,36.800623939368691
-0.010999999999999999,0.018500000000000003,81.946293266145133,49.167775959687077
-0.010499999999999999,0.018500000000000003,106.84728560885642,64.108371365313857
-0.010000000000000002,0.018500000000000003,136.01577709240527,81.609466255443166
-0.0095000000000000015,0.018500000000000003,169.17094135814145,101.50256481488486
-0.0090000000000000011,0.018500000000000003,205.80411901877426,123.48247141126456
-0.0085000000000000006,0.018500000000000003,245.27097194130778,147.16258316478465
-0.0080000000000000002,0.018500000000000003,286.93983679519306,172.16390207711584
-0.0074999999999999997,0.018500000000000003,330.37441705579448,198.22465023347669
-0.0069999999999999993,0.018500000000000003,375.51195066727934,225.3071704003676
-0.0064999999999999988,0.018500000000000003,422.7865799875197,253.6719479925118
-0.0059999999999999984,0.018500000000000003,473.1470092226262,283.88820553357573
-0.0054999999999999979,0.018500000000000003,527.93103405410557,316.75862043246332
-0.005000000000000001,0.018500000000000003,588.58714616443342,353.15228769866002
-0.0044999999999999971,0.018500000000000003,656.27085700971224,393.76251420582736
-0.0040000000000000001,0.018500000000000003,731.38238736706364,438.82943242023816
-0.0035000000000000031,0.018500000000000003,813.14235805951989,487.88541483571191
-0.0029999999999999992,0.018500000000000003,899.31296166192226,539.58777699715336
-0.0025000000000000022,0.018500000000000003,986.15726980228601,591.69436188137161
-0.0019999999999999983,0.018500000000000003,1068.6885276066769,641.2131165640061
-0.0015000000000000013,0.018500000000000003,1141.2015161766974,684.72090970601846
-0.00099999999999999742,0.018500000000000003,1198.0126360380661,718.80758162283962
-0.00050000000000000044,0.018500000000000003,1234.2807644333079,740.56845865998469
0,0.018500000000000003,1246.7523340208716,748.05140041252287
0.00050000000000000044,0.018500000000000003,1234.2807644014833,740.56845864088996
0.0010000000000000009,0.018500000000000003,1198.0126359629373,718.80758157776233
0.0015000000000000013,0.018500000000000003,1141.2015160326766,684.720909619606
0.0020000000000000018,0.018500000000000003,1068.6885273486548,641.21311640919282
0.0024999999999999988,0.018500000000000003,986.1572693571967,591.69436161431804
0.0030000000000000027,0.018500000000000003,899.31296091713136,539.58777655027882
0.0034999999999999996,0.018500000000000003,813.14235684820619,487.88541410892367
0.0040000000000000036,0.018500000000000003,731.38238545132276,438.82943127079363
0.0045000000000000005,0.018500000000000003,656.27085406303843,393.76251243782303
0.0049999999999999975,0.018500000000000003,588.58714175626642,353.15228505375984
0.0055000000000000014,0.018500000000000003,527.93102764025127,316.75861658415073
0.0059999999999999984,0.018500000000000003,473.14700014617944,283.88820008770767
0.0064999999999999988,0.018500000000000003,422.78656749503421,253.6719404970205
0.0069999999999999993,0.018500000000000003,375.51193394412923,225.30716036647752
0.0074999999999999997,0.018500000000000003,330.37439528252861,198.22463716951717
0.0080000000000000002,0.018500000000000003,286.93980922338005,172.16388553402803
0.0085000000000000006,0.018500000000000003,245.27093798321093,147.16256278992654
0.0090000000000000011,0.018500000000000003,205.8040783409586,123.48244700457515
0.0095000000000000015,0.018500000000000003,169.17089396579959,101.50253637947975
0.010000000000000002,0.018500000000000003,136.01572338984647,81.609434033907874
0.010500000000000002,0.018500000000000003,106.84722642298378,64.108335853790265
0.011000000000000003,0.018500000000000003,81.946229824067956,49.167737894440769
0.011500000000000003,0.018500000000000003,61.334307090939902,36.800584254563937
0.012000000000000004,0.018500000000000003,44.793989126869818,26.876393476121891
0.012499999999999997,0.018500000000000003,31.923620030802812,19.154172018481688
0.013000000000000005,0.018500000000000003,22.207869299864537,13.324721579918721
0.013499999999999998,0.018500000000000003,15.087482247366898,9.0524893484201385
0.014000000000000005,0.018500000000000003,10.017005159842821,6.010203095905692
0.014499999999999999,0.018500000000000003,6.5049945484941585,3.9029967290964951
0.014999999999999999,0.018500000000000003,4.1361492163386409,2.4816895298031842
0.0155,0.018500000000000003,2.5781253219292846,1.5468751931575706
0.016000000000000007,0.018500000000000003,1.5773856281520426,0.94643137689122558
0.016500000000000001,0.018500000000000003,0.94861091892837601,0.56916655135702554
0.017000000000000001,0.018500000000000003,0.56147696072379849,0.33688617643427909
0.017500000000000002,0.018500000000000003,0.32748348930952598,0.19649009358571559
0.017999999999999995,0.018500000000000003,0.18839805944645077,0.11303883566787046
0.018500000000000003,0.018500000000000003,0.10697000325909202,0.064182001955455203
0.019000000000000003,0.018500000000000003,0.059956760306638032,0.035974056183982819
0.019500000000000003,0.018500000000000003,0.033167201069311356,0.019900320641586814
0.019999999999999997,0.018500000000000003,0.018096746280734478,0.010858047768440687
0.020499999999999997,0.018500000000000003,0.0097295302075099642,0.005837718124505978
0.021000000000000005,0.018500000000000003,0.0051482063934389019,0.0030889238360633409
0.021500000000000005,0.018500000000000003,0.0026773572315220134,0.0016064143389132081
0.021999999999999999,0.018500000000000003,0.0013665958544951018,0.00081995751269706109
0.022499999999999999,0.018500000000000003,0.00068371100895263696,0.00041022660537158215
0.023000000000000007,0.018500000000000003,0.00033485865353897576,0.00020091519212338545
0.023500000000000007,0.018500000000000003,0.00016036940561388986,9.6221643368333908e-05
0.024,0.018500000000000003,7.5029122739393196e-05,4.5017473643635915e-05
0.024500000000000001,0.018500000000000003,3.4263093939320881e-05,2.055785636359253e-05
0.025000000000000001,0.018500000000000003,1.5261962111679156e-05,9.1571772670074937e-06
-0.025000000000000001,0.019000000000000003,7.6015039071769162e-06,4.5609023443061497e-06
-0.024500000000000001,0.019000000000000003,1.7114154051494776e-05,1.0268492430896865e-05
-0.024,0.019000000000000003,3.7609751118482812e-05,2.2565850671089686e-05
-0.0235,0.019000000000000003,8.0741071069153971e-05,4.8444642641492381e-05
-0.023,0.019000000000000003,0.00016949628639830217,0.0001016977718389813
-0.022500000000000003,0.019000000000000003,0.00034832358276508721,0.00020899414965905232
-0.022000000000000002,0.019000000000000003,0.00070162448807593728,0.00042097469284556235
-0.021500000000000002,0.019000000000000003,0.0013871084557160029,0.0008322650734296017
-0.021000000000000001,0.019000000000000003,0.0026952729295275685,0.001617163757716541
-0.020500000000000001,0.019000000000000003,0.0051542807076136584,0.0030925684245681948
-0.02,0.019000000000000003,0.009712549825340264,0.0058275298952041579
-0.0195,0.019000000000000003,0.018051756927409297,0.010831054156445578
-0.019,0.019000000000000003,0.0331131108342054,0.019867866500523239
-0.018500000000000003,0.019000000000000003,0.059961220264336715,0.035976732158602025
-0.018000000000000002,0.019000000000000003,0.10716140288378707,0.064296841730272239
-0.017500000000000002,0.019000000000000003,0.18890088652261455,0.11334053191356873
-0.017000000000000001,0.019000000000000003,0.32812576563727996,0.19687545938236797
-0.016500000000000001,0.019000000000000003,0.56096516698447885,0.33657910019068732
-0.016,0.019000000000000003,0.94263051550112431,0.56557830930067454
-0.0155,0.019000000000000003,1.5547624647734566,0.93285747886407389
-0.015000000000000001,0.019000000000000003,2.5138092752028092,1.5082855651216855
-0.014500000000000001,0.019000000000000003,3.9794475588626557,2.3876685353175935
-0.014,0.019000000000000003,6.1613508857828503,3.6968105314697102
-0.0135,0.019000000000000003,9.3219162604399344,5.5931497562639603
-0.012999999999999999,0.019000000000000003,13.772117382842247,8.2632704297053472
-0.012500000000000001,0.019000000000000003,19.857787762201323,11.914672657320793
-0.012,0.019000000000000003,27.934666981968615,16.760800189181168
-0.0115,0.019000000000000003,38.332663548151679,22.999598128891005
-0.010999999999999999,0.019000000000000003,51.312911517796465,30.787746910677878
-0.010499999999999999,0.019000000000000003,67.024831225268471,40.214898735161078
-0.010000000000000002,0.019000000000000003,85.473610798417212,51.284166479050327
-0.0095000000000000015,0.019000000000000003,106.51005068159351,63.906030408956106
-0.0090000000000000011,0.019000000000000003,129.85329377925081,77.911976267550486
-0.0085000000000000006,0.019000000000000003,155.1517766209289,93.091065972557331
-0.0080000000000000002,0.019000000000000003,182.07888057772817,109.24732834663691
-0.0074999999999999997,0.019000000000000003,210.44858757978147,126.26915254786888
-0.0069999999999999993,0.019000000000000003,240.32555850446047,144.19533510267627
-0.0064999999999999988,0.019000000000000003,272.0968753291354,163.25812519748123
-0.0059999999999999984,0.019000000000000003,306.4725859927272,183.88355159563631
-0.0054999999999999979,0.019000000000000003,344.39135626730217,206.63481376038129
-0.005000000000000001,0.019000000000000003,386.82594045767627,232.09556427460575
-0.0044999999999999971,0.019000000000000003,434.5079987686434,260.70479926118605
-0.0040000000000000001,0.019000000000000003,487.61755313925397,292.57053188355235
-0.0035000000000000031,0.019000000000000003,545.50207557684234,327.30124534610542
-0.0029999999999999992,0.019000000000000003,606.49710207235546,363.89826124341329
-0.0025000000000000022,0.019000000000000003,667.90999824909011,400.74599894945408
-0.0019999999999999983,0.019000000000000003,726.20084849597004,435.72050909758201
-0.0015000000000000013,0.019000000000000003,777.35408437261162,466.41245062356694
-0.00099999999999999742,0.019000000000000003,817.39034766110001,490.43420859665997
-0.00050000000000000044,0.019000000000000003,842.93130142881455,505.75878085728868
0,0.019000000000000003,851.71090025952412,511.02654015571443
0.00050000000000000044,0.019000000000000003,842.93130141758468,505.75878085055081
0.0010000000000000009,0.019000000000000003,817.3903476345896,490.43420858075376
0.0015000000000000013,0.019000000000000003,777.35408432179156,466.41245059307494
0.0020000000000000018,0.019000000000000003,726.20084840492257,435.72050904295355
0.0024999999999999988,0.019000000000000003,667.90999809203333,400.74599885521997
0.0030000000000000027,0.019000000000000003,606.49710180954401,363.8982610857264
0.0034999999999999996,0.019000000000000003,545.50207514941098,327.30124508964656
0.0040000000000000036,0.019000000000000003,487.61755246325384,292.57053147795227
0.0045000000000000005,0.019000000000000003,434.50799772886205,260.7047986373172
0.0049999999999999975,0.019000000000000003,386.82593890218357,232.09556334131014
0.0055000000000000014,0.019000000000000003,344.39135400407042,206.63481240244224
0.0059999999999999984,0.019000000000000003,306.4725827899569,183.88354967397413
0.0064999999999999988,0.019000000000000003,272.09687092096095,163.25812255257657
0.0069999999999999993,0.019000000000000003,240.32555260342787,144.19533156205671
0.0074999999999999997,0.019000000000000003,210.44857989673446,126.26914793804067
0.0080000000000000002,0.019000000000000003,182.07887084857055,109.24732250914232
0.0085000000000000006,0.019000000000000003,155.1517646382683,93.091058782960985
0.0090000000000000011,0.019000000000000003,129.85327942542941,77.911967655257641
0.0095000000000000015,0.019000000000000003,106.51003395844354,63.90602037506612
0.010000000000000002,0.019000000000000003,85.47359184860575,51.28415510916345
0.010500000000000002,0.019000000000000003,67.024810340581496,40.214886204348893
0.011000000000000003,0.019000000000000003,51.31288913123926,30.787733478743554
0.011500000000000003,0.019000000000000003,38.332640209115738,22.999584125469443
0.012000000000000004,0.019000000000000003,27.93464331651791,16.760785989910744
0.012499999999999997,0.019000000000000003,19.857764423165516,11.914658653899309
0.013000000000000005,0.019000000000000003,13.772094996285068,8.2632569977710411
0.013499999999999998,0.019000000000000003,9.3218953757530496,5.5931372254518292
0.014000000000000005,0.019000000000000003,6.1613319359713383,3.6967991615828026
0.014499999999999999,0.019000000000000003,3.9794308357127117,2.387658501427627
0.014999999999999999,0.019000000000000003,2.513794921381407,1.5082769528288442
0.0155,0.019000000000000003,1.5547504821128983,0.93285028926773894
0.016000000000000007,0.019000000000000003,0.94262078634348634,0.56557247180609183
0.016500000000000001,0.019000000000000003,0.56095748393752709,0.33657449036251624
0.017000000000000001,0.019000000000000003,0.32811986460488352,0.19687191876293011
0.017500000000000002,0.019000000000000003,0.18889647834814433,0.11333788700888658
0.017999999999999995,0.019000000000000003,0.10715820011331821,0.064294920067990924
0.018500000000000003,0.019000000000000003,0.05995895703209983,0.035975374219259899
0.019000000000000003,0.019000000000000003,0.033111555338953449,0.019866933203372069
0.019500000000000003,0.019000000000000003,0.018050717140073825,0.010830430284044295
0.019999999999999997,0.019000000000000003,0.0097118738098905047,0.0058271242859343026
0.020499999999999997,0.019000000000000003,0.0051538532382605848,0.003092311942956351
0.021000000000000005,0.019000000000000003,0.0026950100301179497,0.0016170060180707697
0.021500000000000005,0.019000000000000003,0.0013869511985292577,0.00083217071911755459
0.021999999999999999,0.019000000000000003,0.00070153299933356961,0.00042091979960014175
0.022499999999999999,0.019000000000000003,0.00034827181480192996,0.00020896308888115797
0.023000000000000007,0.019000000000000003,0.00016946779650897409,0.00010168067790538444
0.023500000000000007,0.019000000000000003,8.0725821530294012e-05,4.8435492918176409e-05
0.024,0.019000000000000003,3.7601812244209163e-05,2.2561087346525496e-05
0.024500000000000001,0.019000000000000003,1.711013431669393e-05,1.0266080590016358e-05
0.025000000000000001,0.019000000000000003,7.5995243313415746e-06,4.5597145988049443e-06
-0.025000000000000001,0.019500000000000003,3.6917258661081756e-06,2.2150355196649054e-06
-0.024500000000000001,0.019500000000000003,8.3414282739298023e-06,5.004856964357881e-06
-0.024,0.019500000000000003,1.8411970005803752e-05,1.1047182003482251e-05
-0.0235,0.019500000000000003,3.9740339949146153e-05,2.384420396948769e-05
-0.023,0.019500000000000003,8.3969148993166541e-05,5.0381489395899922e-05
-0.022500000000000003,0.019500000000000003,0.00017390294121883708,0.00010434176473130225
-0.022000000000000002,0.019500000000000003,0.00035349048847520037,0.00021209429308512021
-0.021500000000000002,0.019500000000000003,0.0007062117710282394,0.00042372706261694363
-0.021000000000000001,0.019500000000000003,0.0013885606531956411,0.00083313639191738467
-0.020500000000000001,0.019500000000000003,0.0026902598217267951,0.0016141558930360771
-0.02,0.019500000000000003,0.0051409581184914295,0.0030845748710948578
-0.0195,0.019500000000000003,0.0096958844425621658,0.0058175306655372993
-0.019,0.019500000000000003,0.01805176684815207,0.010831060108891242
-0.018500000000000003,0.019500000000000003,0.033170192537117657,0.019902115522270593
-0.018000000000000002,0.019500000000000003,0.06011764155393045,0.03607058493235827
-0.017500000000000002,0.019500000000000003,0.10736527153227209,0.064419162919363254
-0.017000000000000001,0.019500000000000003,0.18871702842040189,0.11323021705224112
-0.016500000000000001,0.019500000000000003,0.32603411994286902,0.19562047196572141
-0.016,0.019500000000000003,0.55287194802583195,0.33172316881549918
-0.0155,0.019500000000000003,0.91901264062907273,0.55140758437744364
-0.015000000000000001,0.019500000000000003,1.495637285745484,0.89738237144729038
-0.014500000000000001,0.019500000000000003,2.3805311589528673,1.4283186953717204
-0.014,0.019500000000000003,3.7022853097723272,2.2213711858633962
-0.0135,0.019500000000000003,5.6220372887769798,3.3732223732661879
-0.012999999999999999,0.019500000000000003,8.3310331788018797,4.9986199072811273
-0.012500000000000001,0.019500000000000003,12.042389086437941,7.2254334518627648
-0.012,0.019500000000000003,16.976078142653733,10.18564688559224
-0.0115,0.019500000000000003,23.337484436598,14.002490661958801
-0.010999999999999999,0.019500000000000003,31.291789809593357,18.775073885756015
-0.010499999999999999,0.019500000000000003,40.938682271619406,24.563209362971644
-0.010000000000000002,0.019500000000000003,52.293812486654829,31.376287491992898
-0.0095000000000000015,0.019500000000000003,65.284298524973735,39.170579114984243
-0.0090000000000000011,0.019500000000000003,79.764606467008917,47.858763880205352
-0.0085000000000000006,0.019500000000000003,95.555811068109307,57.33348664086558
-0.0080000000000000002,0.019500000000000003,112.50563974107278,67.503383844643665
-0.0074999999999999997,0.019500000000000003,130.55968401815275,78.335810410891654
-0.0069999999999999993,0.019500000000000003,149.82737509601833,89.896425057610998
-0.0064999999999999988,0.019500000000000003,170.62192874115982,102.37315724469589
-0.0059999999999999984,0.019500000000000003,193.4536018374159,116.07216110244954
-0.0054999999999999979,0.019500000000000003,218.96165800218998,131.37699480131397
-0.005000000000000001,0.019500000000000003,247.78239053953328,148.66943432371997
-0.0044999999999999971,0.019500000000000003,280.36657616783634,168.2199457007018
-0.0040000000000000001,0.019500000000000003,316.77631637344263,190.06578982406558
-0.0035000000000000031,0.019500000000000003,356.50383699093067,213.90230219455839
-0.0029999999999999992,0.019500000000000003,398.3590898365091,239.01545390190546
-0.0025000000000000022,0.019500000000000003,440.46609093553394,264.27965456132034
-0.0019999999999999983,0.019500000000000003,480.38968386846244,288.23381032107744
-0.0015000000000000013,0.019500000000000003,515.38788514770272,309.23273108862162
-0.00099999999999999742,0.019500000000000003,542.75599605202831,325.653597631217
-0.00050000000000000044,0.019500000000000003,560.20453446389956,336.1227206783397
0,0.019500000000000003,566.20048499133088,339.72029099479852
0.00050000000000000044,0.019500000000000003,560.20453446004547,336.12272067602726
0.0010000000000000009,0.019500000000000003,542.75599604292995,325.65359762575798
0.0015000000000000013,0.019500000000000003,515.38788513026122,309.23273107815675
0.0020000000000000018,0.019500000000000003,480.38968383721493,288.23381030232895
0.0024999999999999988,0.019500000000000003,440.46609088163245,264.27965452897945
0.0030000000000000027,0.019500000000000003,398.35908974631212,239.01545384778726
0.0034999999999999996,0.019500000000000003,356.50383684423679,213.90230210654207
0.0040000000000000036,0.019500000000000003,316.77631614143962,190.06578968486377
0.0045000000000000005,0.019500000000000003,280.36657581098405,168.21994548659043
0.0049999999999999975,0.019500000000000003,247.78239000568959,148.66943400341376
0.0055000000000000014,0.019500000000000003,218.96165722545055,131.37699433527033
0.0059999999999999984,0.019500000000000003,193.45360073822792,116.07216044293675
0.0064999999999999988,0.019500000000000003,170.62192722827814,102.37315633696689
0.0069999999999999993,0.019500000000000003,149.82737307078904,89.896423842473425
0.0074999999999999997,0.019500000000000003,130.5596813813377,78.335808828802612
0.0080000000000000002,0.019500000000000003,112.50563640203436,67.503381841220616
0.0085000000000000006,0.019500000000000003,95.555806955670633,57.333484173402375
0.0090000000000000011,0.019500000000000003,79.764601540789897,47.858760924473934
0.0095000000000000015,0.019500000000000003,65.284292785603199,39.170575671361917
0.010000000000000002,0.019500000000000003,52.293805983096036,31.376283589857621
0.010500000000000002,0.019500000000000003,40.938675104012972,24.563205062407782
0.011000000000000003,0.019500000000000003,31.291782126546376,18.775069275927827
0.011500000000000003,0.019500000000000003,23.337476426661155,14.002485855996692
0.012000000000000004,0.019500000000000003,16.976070020691637,10.185642012414982
0.012499999999999997,0.019500000000000003,12.042381076501169,7.2254286459007009
0.013000000000000005,0.019500000000000003,8.3310254957549201,4.9986152974529521
0.013499999999999998,0.019500000000000003,5.6220301211706003,3.3732180727023602
0.014000000000000005,0.019500000000000003,3.7022788062134908,2.2213672837280942
0.014499999999999999,0.019500000000000003,2.3805254195823542,1.4283152517494124
0.014999999999999999,0.019500000000000003,1.4956323595264618,0.89737941571587709
0.0155,0.019500000000000003,0.91900852819038825,0.55140511691423288
0.016000000000000007,0.019500000000000003,0.55286860898738666,0.33172116539243196
0.016500000000000001,0.019500000000000003,0.32603148312783464,0.19561888987670079
0.017000000000000001,0.019500000000000003,0.18871500319121345,0.11322900191472807
0.017500000000000002,0.019500000000000003,0.10736375865062626,0.064418255190375751
0.017999999999999995,0.019500000000000003,0.060116542365890036,0.036069925419534021
0.018500000000000003,0.019500000000000003,0.03316941579778155,0.019901649478668928
0.019000000000000003,0.019500000000000003,0.018051233003533871,0.010830739802120322
0.019500000000000003,0.019500000000000003,0.0096955275884525651,0.0058173165530715385
0.019999999999999997,0.019500000000000003,0.0051407261105767777,0.0030844356663460664
0.020499999999999997,0.019500000000000003,0.0026901131146164505,0.0016140678687698703
0.021000000000000005,0.019500000000000003,0.0013884704263468094,0.00083308225580808561
0.021500000000000005,0.019500000000000003,0.00070615780049845779,0.00042369468029907468
0.021999999999999999,0.019500000000000003,0.00035345908961835709,0.00021207545377101424
0.022499999999999999,0.019500000000000003,0.00017388517449888676,0.00010433110469933205
0.023000000000000007,0.019500000000000003,8.3959371287916875e-05,5.0375622772750122e-05
0.023500000000000007,0.019500000000000003,3.9735106320666597e-05,2.3841063792399959e-05
0.024,0.019500000000000003,1.8409245391054698e-05,1.1045547234632819e-05
0.024500000000000001,0.019500000000000003,8.3400487044407115e-06,5.0040292226644264e-06
0.025000000000000001,0.019500000000000003,3.6910464774024324e-06,2.2146278864414593e-06
-0.025000000000000001,0.019999999999999997,1.7500772638323378e-06,1.0500463582994026e-06
-0.024500000000000001,0.019999999999999997,3.9717546330697768e-06,2.3830527798418661e-06
-0.024,0.019999999999999997,8.8141200036556017e-06,5.2884720021933608e-06
-0.0235,0.019999999999999997,1.9148389001854847e-05,1.1489033401112908e-05
-0.023,0.019999999999999997,4.0774101256751064e-05,2.4464460754050637e-05
-0.022500000000000003,0.019999999999999997,8.5215782169956154e-05,5.1129469301973691e-05
-0.022000000000000002,0.019999999999999997,0.00017504185428394081,0.00010502511257036448
-0.021500000000000002,0.019999999999999997,0.00035386387187531294,0.00021231832312518776
-0.021000000000000001,0.019999999999999997,0.00070490355283304247,0.00042294213169982546
-0.020500000000000001,0.019999999999999997,0.0013849790845315937,0.00083098745071895623
-0.02,0.019999999999999997,0.0026856515511919313,0.0016113909307151587
-0.0195,0.019999999999999997,0.0051409599157143156,0.0030845759494285891
-0.019,0.019999999999999997,0.0097125581673901361,0.0058275349004340811
-0.018500000000000003,0.019999999999999997,0.018098690335803101,0.01085921420148186
-0.018000000000000002,0.019999999999999997,0.033232762988112508,0.019939657792867504
-0.017500000000000002,0.019999999999999997,0.060057620259149007,0.0360345721554894
-0.017000000000000001,0.019999999999999997,0.10667688434147268,0.06400613060488361
-0.016500000000000001,0.019999999999999997,0.18598429770855321,0.11159057862513193
-0.016,0.019999999999999997,0.3178407772729257,0.1907044663637554
-0.0155,0.019999999999999997,0.53178933041061616,0.31907359824636966
-0.015000000000000001,0.019999999999999997,0.87015542013807923,0.52209325208284751
-0.014500000000000001,0.019999999999999997,1.3911718547476872,0.83470311284861232
-0.014,0.019999999999999997,2.1715128627160398,1.3029077176296238
-0.0135,0.019999999999999997,3.3073750261321231,1.9844250156792738
-0.012999999999999999,0.019999999999999997,4.9130933996375887,2.9478560397825531
-0.012500000000000001,0.019999999999999997,7.116346648525016,4.2698079891150096
-0.012,0.019999999999999997,10.049401039219807,6.0296406235318845
-0.0115,0.019999999999999997,13.836636625925033,8.3019819755550195
-0.010999999999999999,0.019999999999999997,18.579751914304289,11.147851148582573
-0.010499999999999999,0.019999999999999997,24.343365515752783,14.606019309451669
-0.010000000000000002,0.019999999999999997,31.144870814470728,18.686922488682438
-0.0095000000000000015,0.019999999999999997,38.952881592800381,23.371728955680229
-0.0090000000000000011,0.019999999999999997,47.697961364854102,28.618776818912462
-0.0085000000000000006,0.019999999999999997,57.297255657224603,34.378353394334759
-0.0080000000000000002,0.019999999999999997,67.691196272801491,40.614717763680893
-0.0074999999999999997,0.019999999999999997,78.886152172587032,47.331691303552219
-0.0069999999999999993,0.019999999999999997,90.992780214382719,54.595668128629633
-0.0064999999999999988,0.019999999999999997,104.24721532333389,62.548329194000331
-0.0059999999999999984,0.019999999999999997,119.00244998213147,71.40146998927888
-0.0054999999999999979,0.019999999999999997,135.68114591215055,81.408687547290327
-0.005000000000000001,0.019999999999999997,154.68867887965831,92.813207327794984
-0.0044999999999999971,0.019999999999999997,176.29530011021788,105.77718006613073
-0.0040000000000000001,0.019999999999999997,200.50669879731447,120.30401927838868
-0.0035000000000000031,0.019999999999999997,226.95011977761041,136.17007186656625
-0.0029999999999999992,0.019999999999999997,254.80576753103415,152.8834605186205
-0.0025000000000000022,0.019999999999999997,282.80870869629098,169.68522521777459
-0.0019999999999999983,0.019999999999999997,309.33476620923869,185.60085972554322
-0.0015000000000000013,0.019999999999999997,332.56691419345509,199.54014851607306
-0.00099999999999999742,0.019999999999999997,350.72015665602237,210.43209399361342
-0.00050000000000000044,0.019999999999999997,362.28745651542289,217.37247390925373
0,0.019999999999999997,366.26128590577747,219.75677154346647
0.00050000000000000044,0.019999999999999997,362.28745651413641,217.37247390848185
0.0010000000000000009,0.019999999999999997,350.72015665298534,210.43209399179119
0.0015000000000000013,0.019999999999999997,332.56691418763319,199.54014851257992
0.0020000000000000018,0.019999999999999997,309.33476619880838,185.60085971928501
0.0024999999999999988,0.019999999999999997,282.8087086782989,169.68522520697934
0.0030000000000000027,0.019999999999999997,254.80576750092655,152.88346050055591
0.0034999999999999996,0.019999999999999997,226.95011972864447,136.17007183718667
0.0040000000000000036,0.019999999999999997,200.50669871987247,120.30401923192348
0.0045000000000000005,0.019999999999999997,176.29529999110156,105.77717999466093
0.0049999999999999975,0.019999999999999997,154.68867870146295,92.813207220877771
0.0055000000000000014,0.019999999999999997,135.68114565287721,81.408687391726318
0.0059999999999999984,0.019999999999999997,119.00244961522577,71.40146976913546
0.0064999999999999988,0.019999999999999997,104.24721481833851,62.548328891003102
0.0069999999999999993,0.019999999999999997,90.992779538367202,54.59566772302032
0.0074999999999999997,0.019999999999999997,78.88615129242595,47.33169077545557
0.0080000000000000002,0.019999999999999997,67.691195158240447,40.614717094944268
0.0085000000000000006,0.019999999999999997,57.297254284504866,34.378352570702916
0.0090000000000000011,0.019999999999999997,47.697959720496868,28.61877583229812
0.0095000000000000015,0.019999999999999997,38.952879677015652,23.371727806209389
0.010000000000000002,0.019999999999999997,31.144868643602255,18.686921186161353
0.010500000000000002,0.019999999999999997,24.343363123227149,14.606017873936288
0.011000000000000003,0.019999999999999997,18.57974934972615,11.14784960983569
0.011500000000000003,0.019999999999999997,13.836633952232061,8.3019803713392371
0.012000000000000004,0.019999999999999997,10.049398328133135,6.0296389968798811
0.012499999999999997,0.019999999999999997,7.116343974832076,4.2698063848992458
0.013000000000000005,0.019999999999999997,4.9130908350594673,2.9478545010356805
0.013499999999999998,0.019999999999999997,3.3073726336065441,1.9844235801639263
0.014000000000000005,0.019999999999999997,2.1715106918475358,1.3029064151085215
0.014499999999999999,0.019999999999999997,1.3911699389629666,0.83470196337777991
0.014999999999999999,0.019999999999999997,0.87015377578089603,0.5220922654685376
0.0155,0.019999999999999997,0.53178795769087606,0.3190727746145256
0.016000000000000007,0.019999999999999997,0.31783966271187308,0.19070379762712383
0.016500000000000001,0.019999999999999997,0.18598341754757625,0.11159005052854575
0.017000000000000001,0.019999999999999997,0.10667620832602319,0.064005724995613911
0.017500000000000002,0.019999999999999997,0.060057115263777688,0.036034269158266609
0.017999999999999995,0.019999999999999997,0.033232396082430254,0.019939437649458151
0.018500000000000003,0.019999999999999997,0.018098431062534396,0.010859058637520637
0.019000000000000003,0.019999999999999997,0.009712379971652212,0.0058274279829913268
0.019500000000000003,0.019999999999999997,0.0051408407988791571,0.003084504479327494
0.019999999999999997,0.019999999999999997,0.0026855741076434948,0.0016113444645860968
0.020499999999999997,0.019999999999999997,0.001384930114136666,0.00083095806848199961
0.021000000000000005,0.019999999999999997,0.00070487343538058896,0.00042292406122835337
0.021500000000000005,0.019999999999999997,0.00035384585667378902,0.0002123075140042734
0.021999999999999999,0.019999999999999997,0.00017503137343937743,0.00010501882406362645
0.022499999999999999,0.019999999999999997,8.520985169194164e-05,5.1125911015164981e-05
0.023000000000000007,0.019999999999999997,4.0770837487963816e-05,2.446250249277829e-05
0.023500000000000007,0.019999999999999997,1.9146642032311588e-05,1.1487985219386952e-05
0.024,0.019999999999999997,8.8132105353962136e-06,5.2879263212377282e-06
0.024500000000000001,0.019999999999999997,3.9712941368978375e-06,2.3827764821387024e-06
0.025000000000000001,0.019999999999999997,1.7498504859130461e-06,1.0499102915478275e-06
-0.025000000000000001,0.020499999999999997,8.1047593124321307e-07,4.8628555874592784e-07
-0.024500000000000001,0.020499999999999997,1.8492753387575316e-06,1.1095652032545188e-06
-0.024,0.020499999999999997,4.1306621464284206e-06,2.4783972878570524e-06
-0.0235,0.020499999999999997,9.0435000347581214e-06,5.4261000208548723e-06
-0.023,0.020499999999999997,1.943286270350785e-05,1.1659717622104709e-05
-0.022500000000000003,0.020499999999999997,4.104148944096521e-05,2.4624893664579126e-05
-0.022000000000000002,0.020499999999999997,8.5306419261315782e-05,5.1183851556789467e-05
-0.021500000000000002,0.020499999999999997,0.00017471863354410171,0.00010483118012646101
-0.021000000000000001,0.020499999999999997,0.00035295264898709162,0.00021177158939225497
-0.020500000000000001,0.020499999999999997,0.00070369771978468117,0.00042221863187080869
-0.02,0.020499999999999997,0.0013849793924124258,0.00083098763544745544
-0.0195,0.020499999999999997,0.0026902612913445858,0.0016141567748067514
-0.019,0.020499999999999997,0.005154285829511958,0.0030925714977071746
-0.018500000000000003,0.020499999999999997,0.009730757074740002,0.0058384542448440008
-0.018000000000000002,0.020499999999999997,0.018080264915244941,0.010848158949146964
-0.017500000000000002,0.020499999999999997,0.033018719729572515,0.019811231837743509
-0.017000000000000001,0.020499999999999997,0.05918544274265515,0.035511265645593086
-0.016500000000000001,0.020499999999999997,0.10398977957120518,0.062393867742723111
-0.016,0.020499999999999997,0.178876926290302,0.1073261557741812
-0.0155,0.020499999999999997,0.30090748660597078,0.18054449196358247
-0.015000000000000001,0.020499999999999997,0.49456276524498466,0.2967376591469908
-0.014500000000000001,0.020499999999999997,0.79356747962241292,0.47614048777344775
-0.014,0.020499999999999997,1.2423753720850372,0.74542522325102234
-0.0135,0.020499999999999997,1.8968223695619255,1.1380934217371552
-0.012999999999999999,0.020499999999999997,2.8233690024210456,1.6940214014526274
-0.012500000000000001,0.020499999999999997,4.0963967094994622,2.4578380256996772
-0.012,0.020499999999999997,5.7932580285701878,3.4759548171421124
-0.0115,0.020499999999999997,7.9872462626851188,4.7923477576110711
-0.010999999999999999,0.020499999999999997,10.73932197582354,6.443593185494124
-0.010499999999999999,0.020499999999999997,14.090198403116959,8.4541190418701753
-0.010000000000000002,0.020499999999999997,18.05503644198534,10.833021865191204
-0.0095000000000000015,0.020499999999999997,22.623255112670513,13.573953067602307
-0.0090000000000000011,0.020499999999999997,27.7655485140119,16.659329108407139
-0.0085000000000000006,0.020499999999999997,33.448940238327978,20.069364142996786
-0.0080000000000000002,0.020499999999999997,39.658635775857135,23.795181465514279
-0.0074999999999999997,0.020499999999999997,46.422874010529078,27.853724406317447
-0.0069999999999999993,0.020499999999999997,53.83454159708964,32.300724958253781
-0.0064999999999999988,0.020499999999999997,62.061800766209124,37.237080459725476
-0.0059999999999999984,0.020499999999999997,71.340183833787748,42.804110300272647
-0.0054999999999999979,0.020499999999999997,81.941043512503128,49.164626107501874
-0.005000000000000001,0.020499999999999997,94.115904302463065,56.469542581477839
-0.0044999999999999971,0.020499999999999997,108.02244084982527,64.813464509895155
-0.0040000000000000001,0.020499999999999997,123.64416557799245,74.186499346795472
-0.0035000000000000031,0.020499999999999997,140.72069241829811,84.432415450978866
-0.0029999999999999992,0.020499999999999997,158.70695679593626,95.224174077561756
-0.0025000000000000022,0.020499999999999997,176.77689921845317,106.0661395310719
-0.0019999999999999983,0.020499999999999997,193.87979281041507,116.32787568624903
-0.0015000000000000013,0.020499999999999997,208.84680953881642,125.30808572328985
-0.00099999999999999742,0.020499999999999997,220.53388504333131,132.32033102599877
-0.00050000000000000044,0.020499999999999997,227.9773512275907,136.78641073655442
0,0.020499999999999997,230.53384669523973,138.32030801714384
0.00050000000000000044,0.020499999999999997,227.97735122717305,136.78641073630382
0.0010000000000000009,0.020499999999999997,220.53388504234536,132.3203310254072
0.0015000000000000013,0.020499999999999997,208.84680953692626,125.30808572215575
0.0020000000000000018,0.020499999999999997,193.87979280702885,116.3278756842173
0.0024999999999999988,0.020499999999999997,176.77689921261199,106.06613952756719
0.0030000000000000027,0.020499999999999997,158.70695678616181,95.224174071697078
0.0034999999999999996,0.020499999999999997,140.72069240240131,84.432415441440781
0.0040000000000000036,0.020499999999999997,123.64416555285069,74.186499331710408
0.0045000000000000005,0.020499999999999997,108.02244081115383,64.813464486692297
0.0049999999999999975,0.020499999999999997,94.115904244611613,56.469542546766966
0.0055000000000000014,0.020499999999999997,81.941043428329394,49.164626056997633
0.0059999999999999984,0.020499999999999997,71.340183714670943,42.804110228802564
0.0064999999999999988,0.020499999999999997,62.061800602261123,37.237080361356675
0.0069999999999999993,0.020499999999999997,53.834541377619544,32.300724826571724
0.0074999999999999997,0.020499999999999997,46.42287372478264,27.853724234869585
0.0080000000000000002,0.020499999999999997,39.658635414012139,23.795181248407282
0.0085000000000000006,0.020499999999999997,33.448939792671126,20.069363875602676
0.0090000000000000011,0.020499999999999997,27.765547980167277,16.659328788100364
0.0095000000000000015,0.020499999999999997,22.623254490706273,13.573952694423763
0.010000000000000002,0.020499999999999997,18.05503573720754,10.833021442324524
0.010500000000000002,0.020499999999999997,14.090197626377597,8.4541185758265573
0.011000000000000003,0.020499999999999997,10.739321143226928,6.4435926859361565
0.011500000000000003,0.020499999999999997,7.987245394664086,4.7923472367984514
0.012000000000000004,0.020499999999999997,5.7932571484092001,3.4759542890455202
0.012499999999999997,0.020499999999999997,4.0963958414784578,2.4578375048870744
0.013000000000000005,0.020499999999999997,2.8233681698244251,1.694020901894655
0.013499999999999998,0.020499999999999997,1.8968215928225962,1.1380929556935577
0.014000000000000005,0.020499999999999997,1.2423746673072178,0.74542480038433068
0.014499999999999999,0.020499999999999997,0.79356685765817814,0.47614011459490685
0.014999999999999999,0.020499999999999997,0.49456223140036903,0.29673733884022141
0.0155,0.020499999999999997,0.30090704094911963,0.18054422456947178
0.016000000000000007,0.020499999999999997,0.17887656444530567,0.1073259386671834
0.016500000000000001,0.020499999999999997,0.10398949382477241,0.062393696294863438
0.017000000000000001,0.020499999999999997,0.059185223272571502,0.035511133963542899
0.017500000000000002,0.020499999999999997,0.033018555781579209,0.019811133468947525
0.017999999999999995,0.020499999999999997,0.018080145798409972,0.010848087479045983
0.018500000000000003,0.020499999999999997,0.0097306729010335942,0.0058384037406201562
0.019000000000000003,0.020499999999999997,0.0051542279778259729,0.0030925367866955836
0.019500000000000003,0.020499999999999997,0.0026902226197701423,0.0016141335718620853
0.019999999999999997,0.020499999999999997,0.0013849542501733483,0.00083097255010400892
0.020499999999999997,0.020499999999999997,0.00070368182142514432,0.00042220909285508657
0.021000000000000005,0.020499999999999997,0.00035294287128184184,0.00021176572276910511
0.021500000000000005,0.020499999999999997,0.00017471278486447643,0.00010482767091868586
0.021999999999999999,0.020499999999999997,8.5303016629268769e-05,5.1181809977561263e-05
0.022499999999999999,0.020499999999999997,4.1039564096645084e-05,2.4623738457987049e-05
0.023000000000000007,0.020499999999999997,1.9431803112918224e-05,1.1659081867750934e-05
0.023500000000000007,0.020499999999999997,9.0429328767854559e-06,5.4257597260712732e-06
0.024,0.020499999999999997,4.1303668853140285e-06,2.4782201311884171e-06
0.024500000000000001,0.020499999999999997,1.849125837539103e-06,1.1094755025234617e-06
0.025000000000000001,0.020499999999999997,8.104023072321729e-07,4.862413843393037e-07
-0.025000000000000001,0.021000000000000005,3.6702770336254265e-07,2.2021662201752559e-07
-0.024500000000000001,0.021000000000000005,8.42910619109009e-07,5.0574637146540538e-07
-0.024,0.021000000000000005,1.8974174916659969e-06,1.1384504949995982e-06
-0.0235,0.021000000000000005,4.1920606182332129e-06,2.5152363709399276e-06
-0.023,0.021000000000000005,9.1028669137761052e-06,5.461720148265663e-06
-0.022500000000000003,0.021000000000000005,1.9453643857300491e-05,1.1672186314380295e-05
-0.022000000000000002,0.021000000000000005,4.0965895515918234e-05,2.457953730955094e-05
-0.021500000000000002,0.021000000000000005,8.5087036467993143e-05,5.1052221880795887e-05
-0.021000000000000001,0.021000000000000005,0.00017442007300621238,0.00010465204380372742
-0.020500000000000001,0.021000000000000005,0.00035295269886452828,0.00021177161931871697
-0.02,0.021000000000000005,0.00070490379766404462,0.00042294227859842676
-0.0195,0.021000000000000005,0.0013885615306990066,0.00083313691841940395
-0.019,0.021000000000000005,0.0026952756510775578,0.0016171653906465347
-0.018500000000000003,0.021000000000000005,0.0051489591367507347,0.0030893754820504409
-0.018000000000000002,0.021000000000000005,0.0096678620036681467,0.0058007172022008875
-0.017500000000000002,0.021000000000000005,0.017817104847030304,0.010690262908218182
-0.017000000000000001,0.021000000000000005,0.032185480155734469,0.019311288093440682
-0.016500000000000001,0.021000000000000005,0.056919870307835928,0.034151922184701554
-0.016,0.021000000000000005,0.098440375399297592,0.059064225239578549
-0.0155,0.021000000000000005,0.16633324602792166,0.099799947616752996
-0.015000000000000001,0.021000000000000005,0.27437235326857123,0.16462341196114275
-0.014500000000000001,0.021000000000000005,0.44155250403253243,0.26493150241951946
-0.014,0.021000000000000005,0.69293632019982132,0.41576179211989278
-0.0135,0.021000000000000005,1.0600384345855429,0.63602306075132575
-0.012999999999999999,0.021000000000000005,1.5804261679120362,0.94825570074722165
-0.012500000000000001,0.021000000000000005,2.2962429527670047,1.3777457716602028
-0.012,0.021000000000000005,3.2514968767114549,1.950898126026873
-0.0115,0.021000000000000005,4.4882224918798412,2.6929334951279045
-0.010999999999999999,0.021000000000000005,6.0420047655244744,3.6252028593146846
-0.010499999999999999,0.021000000000000005,7.9377841086469587,4.7626704651881751
-0.010000000000000002,0.021000000000000005,10.187220537382524,6.1123323224295145
-0.0095000000000000015,0.021000000000000005,12.789024269366509,7.6734145616199054
-0.0090000000000000011,0.021000000000000005,15.733401282843833,9.4400407697062985
-0.0085000000000000006,0.021000000000000005,19.011016450143167,11.4066098700859
-0.0080000000000000002,0.021000000000000005,22.625666379374621,13.575399827624773
-0.0074999999999999997,0.021000000000000005,26.608368016532008,15.965020809919205
-0.0069999999999999993,0.021000000000000005,31.029165114663805,18.617499068798281
-0.0064999999999999988,0.021000000000000005,36.002102414583355,21.601261448750012
-0.0059999999999999984,0.021000000000000005,41.678981125666866,25.007388675400119
-0.0054999999999999979,0.021000000000000005,48.228992575233192,28.937395545139914
-0.005000000000000001,0.021000000000000005,55.804121026147619,33.482472615688572
-0.0044999999999999971,0.021000000000000005,64.493897933832741,38.696338760299646
-0.0040000000000000001,0.021000000000000005,74.276874998008068,44.566124998804838
-0.0035000000000000031,0.021000000000000005,84.979018014072054,50.987410808443229
-0.0029999999999999992,0.021000000000000005,96.250088886007546,57.750053331604526
-0.0025000000000000022,0.021000000000000005,107.56730785609699,64.540384713658185
-0.0019999999999999983,0.021000000000000005,118.27112888465666,70.962677330793994
-0.0015000000000000013,0.021000000000000005,127.63153763895784,76.578922583374705
-0.00099999999999999742,0.021000000000000005,134.93628883608912,80.961773301653466
-0.00050000000000000044,0.021000000000000005,139.58669005929747,83.752014035578483
0,0.021000000000000005,141.18354379133814,84.710126274802874
0.00050000000000000044,0.021000000000000005,139.58669005916559,83.752014035499357
0.0010000000000000009,0.021000000000000005,134.93628883577779,80.961773301466664
0.0015000000000000013,0.021000000000000005,127.631537638361,76.578922583016592
0.0020000000000000018,0.021000000000000005,118.27112888358741,70.962677330152445
0.0024999999999999988,0.021000000000000005,107.56730785425269,64.540384712551614
0.0030000000000000027,0.021000000000000005,96.250088882921091,57.750053329752653
0.0034999999999999996,0.021000000000000005,84.97901800905251,50.987410805431502
0.0040000000000000036,0.021000000000000005,74.276874990069317,44.566124994041587
0.0045000000000000005,0.021000000000000005,64.493897921621866,38.696338752973119
0.0049999999999999975,0.021000000000000005,55.804121007880518,33.482472604728308
0.0055000000000000014,0.021000000000000005,48.228992548654567,28.937395529192738
0.0059999999999999984,0.021000000000000005,41.678981088054712,25.007388652832827
0.0064999999999999988,0.021000000000000005,36.002102362815378,21.601261417689226
0.0069999999999999993,0.021000000000000005,31.029165045364252,18.61749902721855
0.0074999999999999997,0.021000000000000005,26.608367926305167,15.965020755783099
0.0080000000000000002,0.021000000000000005,22.625666265118998,13.575399759071399
0.0085000000000000006,0.021000000000000005,19.011016309423237,11.406609785653941
0.0090000000000000011,0.021000000000000005,15.733401114277886,9.4400406685667306
0.0095000000000000015,0.021000000000000005,12.789024072976051,7.6734144437856306
0.010000000000000002,0.021000000000000005,10.187220314842978,6.1123321889057864
0.010500000000000002,0.021000000000000005,7.9377838633849338,4.7626703180309597
0.011000000000000003,0.021000000000000005,6.0420045026250593,3.6252027015750352
0.011500000000000003,0.021000000000000005,4.4882222177948714,2.6929333306769228
0.012000000000000004,0.021000000000000005,3.2514965987931892,1.9508979592759135
0.012499999999999997,0.021000000000000005,2.2962426786820473,1.3777456072092285
0.013000000000000005,0.021000000000000005,1.5804259050126208,0.94825554300757242
0.013499999999999998,0.021000000000000005,1.0600381893235429,0.63602291359412566
0.014000000000000005,0.021000000000000005,0.6929360976602732,0.41576165859616393
0.014499999999999999,0.021000000000000005,0.44155230764207487,0.2649313845852449
0.014999999999999999,0.021000000000000005,0.27437218470262759,0.16462331082157655
0.0155,0.021000000000000005,0.16633310530800838,0.099799863184805021
0.016000000000000007,0.021000000000000005,0.098440261143684496,0.059064156686210692
0.016500000000000001,0.021000000000000005,0.056919780080987192,0.034151868048592313
0.017000000000000001,0.021000000000000005,0.03218541085620253,0.019311246513721517
0.017500000000000002,0.021000000000000005,0.017817053079067172,0.010690231847440303
0.017999999999999995,0.021000000000000005,0.0096678243915217926,0.0058006946349130756
0.018500000000000003,0.021000000000000005,0.0051489325581922391,0.0030893595349153432
0.019000000000000003,0.021000000000000005,0.0026952573839192431,0.0016171544303515458
0.019500000000000003,0.021000000000000005,0.0013885493198228598,0.00083312959189371584
0.019999999999999997,0.021000000000000005,0.00070489585878977506,0.00042293751527386505
0.020499999999999997,0.021000000000000005,0.00035294767882327108,0.00021176860729396263
0.021000000000000005,0.021000000000000005,0.00017441698561322365,0.00010465019136793419
0.021500000000000005,0.021000000000000005,8.508518969801938e-05,5.1051113818811624e-05
0.021999999999999999,0.021000000000000005,4.096482110612003e-05,2.4578892663672016e-05
0.022499999999999999,0.021000000000000005,1.9453035913575257e-05,1.1671821548145154e-05
0.023000000000000007,0.021000000000000005,9.1025323391009809e-06,5.461519403460588e-06
0.023500000000000007,0.021000000000000005,4.1918815333146696e-06,2.5151289199888015e-06
0.024,0.021000000000000005,1.8973242604761612e-06,1.1383945562856967e-06
0.024500000000000001,0.021000000000000005,8.4286341283701345e-07,5.0571804770220801e-07
0.025000000000000001,0.021000000000000005,3.6700445595943004e-07,2.2020267357565803e-07
-0.025000000000000001,0.021500000000000005,1.6271117523823215e-07,9.7626705142939291e-08
-0.024500000000000001,0.021500000000000005,3.7658506863376394e-07,2.2595104118025835e-07
-0.024,0.021500000000000005,8.5544486131628623e-07,5.1326691678977169e-07
-0.0235,0.021500000000000005,1.9098833746460267e-06,1.1459300247876159e-06
-0.023,0.021500000000000005,4.1965624893311115e-06,2.5179374935986668e-06
-0.022500000000000003,0.021500000000000005,9.0861336227595238e-06,5.4516801736557143e-06
-0.022000000000000002,0.021500000000000005,1.9403666304373425e-05,1.1642199782624054e-05
-0.021500000000000002,0.021500000000000005,4.0895951801407032e-05,2.4537571080844217e-05
-0.021000000000000001,0.021500000000000005,8.508704410955365e-05,5.1052226465732186e-05
-0.020500000000000001,0.021500000000000005,0.0001747186721164193,0.00010483120326985158
-0.02,0.021500000000000005,0.00035386401404368534,0.0002123184084262112
-0.0195,0.021500000000000005,0.00070621222448005781,0.00042372733468803466
-0.019,0.021500000000000005,0.0013871097756771871,0.00083226586540631226
-0.018500000000000003,0.021500000000000005,0.002677806478961244,0.0016066838873767463
-0.018000000000000002,0.021500000000000005,0.0050738832989575327,0.0030443299793745195
-0.017500000000000002,0.021500000000000005,0.0094235398843924793,0.0056541239306354876
-0.017000000000000001,0.021500000000000005,0.017134181286437639,0.010280508771862583
-0.016500000000000001,0.021500000000000005,0.030465661398635043,0.018279396839181027
-0.016,0.021500000000000005,0.052922929770270397,0.031753757862162238
-0.0155,0.021500000000000005,0.08974661897415119,0.053847971384490712
-0.015000000000000001,0.021500000000000005,0.14847481396446902,0.089084888378681407
-0.014500000000000001,0.021500000000000005,0.23951255154443046,0.14370753092665828
-0.014,0.021500000000000005,0.37660137831473284,0.22596082698883968
-0.0135,0.021500000000000005,0.57703940017752064,0.34622364010651235
-0.012999999999999999,0.021500000000000005,0.86147907319451533,0.51688744391670916
-0.012500000000000001,0.021500000000000005,1.2531465282418124,0.75188791694508739
-0.012,0.021500000000000005,1.776402819541308,1.0658416917247848
-0.0115,0.021500000000000005,2.4547151164112724,1.4728290698467634
-0.010999999999999999,0.021500000000000005,3.3083157772113005,1.9849894663267802
-0.010499999999999999,0.021500000000000005,4.3520624192933148,2.6112374515759886
-0.010000000000000002,0.021500000000000005,5.5942051554991874,3.3565230932995123
-0.0095000000000000015,0.021500000000000005,7.0368293731994713,4.2220976239196828
-0.0090000000000000011,0.021500000000000005,8.6785857609461843,5.2071514565677104
-0.0085000000000000006,0.021500000000000005,10.519889121059057,6.3119334726354337
-0.0080000000000000002,0.021500000000000005,12.570077956137389,7.5420467736824328
-0.0074999999999999997,0.021500000000000005,14.855186127941037,8.9131116767646219
-0.0069999999999999993,0.021500000000000005,17.424190123615858,10.454514074169515
-0.0064999999999999988,0.021500000000000005,20.35112854193391,12.210677125160347
-0.0059999999999999984,0.021500000000000005,23.73060965724968,14.238365794349807
-0.0054999999999999979,0.021500000000000005,27.665101974703227,16.599061184821934
-0.005000000000000001,0.021500000000000005,32.244035918937463,19.346421551362479
-0.0044999999999999971,0.021500000000000005,37.516892573832287,22.51013554429937
-0.0040000000000000001,0.021500000000000005,43.464651484060994,26.078790890436597
-0.0035000000000000031,0.021500000000000005,49.975606063692155,29.98536363821529
-0.0029999999999999992,0.021500000000000005,56.832037040466176,34.099222224279707
-0.0025000000000000022,0.021500000000000005,63.713167842137992,38.227900705282792
-0.0019999999999999983,0.021500000000000005,70.217184371388726,42.130310622833235
-0.0015000000000000013,0.021500000000000005,75.901306892369078,45.540784135421447
-0.00099999999999999742,0.021500000000000005,80.334774481937444,48.200864689162465
-0.00050000000000000044,0.021500000000000005,83.156176029388178,49.893705617632904
0,0.021500000000000005,84.124799889374017,50.474879933624408
0.00050000000000000044,0.021500000000000005,83.156176029347677,49.893705617608603
0.0010000000000000009,0.021500000000000005,80.334774481841833,48.200864689105096
0.0015000000000000013,0.021500000000000005,75.901306892185772,45.540784135311462
0.0020000000000000018,0.021500000000000005,70.217184371060341,42.130310622636202
0.0024999999999999988,0.021500000000000005,63.713167841571611,38.227900704942968
0.0030000000000000027,0.021500000000000005,56.832037039518276,34.099222223710967
0.0034999999999999996,0.021500000000000005,49.975606062150611,29.985363637290366
0.0040000000000000036,0.021500000000000005,43.464651481622901,26.078790888973739
0.0045000000000000005,0.021500000000000005,37.516892570082199,22.510135542049319
0.0049999999999999975,0.021500000000000005,32.244035913327501,19.346421547996499
0.0055000000000000014,0.021500000000000005,27.6651019665407,16.599061179924419
0.0059999999999999984,0.021500000000000005,23.730609645698671,14.238365787419202
0.0064999999999999988,0.021500000000000005,20.35112852603552,12.210677115621312
0.0069999999999999993,0.021500000000000005,17.424190102333391,10.454514061400035
0.0074999999999999997,0.021500000000000005,14.855186100231615,8.9131116601389682
0.0080000000000000002,0.021500000000000005,12.570077921048551,7.5420467526291297
0.0085000000000000006,0.021500000000000005,10.519889077842821,6.3119334467056927
0.0090000000000000011,0.021500000000000005,8.6785857091782148,5.2071514255069289
0.0095000000000000015,0.021500000000000005,7.0368293128863639,4.2220975877318185
0.010000000000000002,0.021500000000000005,5.5942050871554914,3.3565230522932947
0.010500000000000002,0.021500000000000005,4.3520623439713582,2.611237406382815
0.011000000000000003,0.021500000000000005,3.308315696472762,1.9849894178836571
0.011500000000000003,0.021500000000000005,2.4547150322375613,1.4728290193425366
0.012000000000000004,0.021500000000000005,1.7764027341903628,1.0658416405142177
0.012499999999999997,0.021500000000000005,1.2531464440681082,0.75188786644086492
0.013000000000000005,0.021500000000000005,0.86147899245598181,0.51688739547358908
0.013499999999999998,0.021500000000000005,0.57703932485557974,0.34622359491334781
0.014000000000000005,0.021500000000000005,0.37660130997104047,0.22596078598262426
0.014499999999999999,0.021500000000000005,0.23951249123133511,0.14370749473880107
0.014999999999999999,0.021500000000000005,0.1484747621965064,0.089084857317903846
0.0155,0.021500000000000005,0.089746575757929353,0.053847945454757608
0.016000000000000007,0.021500000000000005,0.052922894681448757,0.031753736808869254
0.016500000000000001,0.021500000000000005,0.030465633689241184,0.018279380213544711
0.017000000000000001,0.021500000000000005,0.017134160003991733,0.010280496002395039
0.017500000000000002,0.021500000000000005,0.009423523986032965,0.0056541143916197792
0.017999999999999995,0.021500000000000005,0.0050738717479636656,0.0030443230487781992
0.018500000000000003,0.021500000000000005,0.0026777983164712978,0.0016066789898827787
0.019000000000000003,0.021500000000000005,0.0013871041656853486,0.00083226249941120917
0.019500000000000003,0.021500000000000005,0.00070620847442138125,0.00042372508465282876
0.019999999999999997,0.021500000000000005,0.00035386157595128674,0.00021231694557077204
0.020499999999999997,0.021500000000000005,0.00017471713042120919,0.00010483027825272552
0.021000000000000005,0.021500000000000005,8.5086095946234158e-05,5.1051657567740496e-05
0.021500000000000005,0.021500000000000005,4.0895384643434312e-05,2.4537230786060587e-05
0.021999999999999999,0.021500000000000005,1.9403336344447926e-05,1.1642001806668755e-05
0.022499999999999999,0.021500000000000005,9.0859469183320486e-06,5.451568150999229e-06
0.023000000000000007,0.021500000000000005,4.1964597387464595e-06,2.5178758432478755e-06
0.023500000000000007,0.021500000000000005,1.9098283762213207e-06,1.1458970257327924e-06
0.024,0.021500000000000005,8.5541622926499066e-07,5.1324973755899433e-07
0.024500000000000001,0.021500000000000005,3.765705712064151e-07,2.2594234272384905e-07
0.025000000000000001,0.021500000000000005,1.6270403577299964e-07,9.7622421463799777e-08
-0.025000000000000001,0.021999999999999999,7.0702838292652983e-08,4.2421702975591788e-08
-0.024500000000000001,0.021999999999999999,1.6513150168710057e-07,9.9078901012260334e-08
-0.024,0.021999999999999999,3.7906077660254294e-07,2.2743646596152575e-07
-0.0235,0.021999999999999999,8.5636656145014518e-07,5.1381993687008713e-07
-0.023,0.021999999999999999,1.9063780089672914e-06,1.1438268053803749e-06
-0.022500000000000003,0.021999999999999999,4.1857899949009065e-06,2.5114739969405438e-06
-0.022000000000000002,0.021999999999999999,9.0706306188815444e-06,5.4423783713289268e-06
-0.021500000000000002,0.021999999999999999,1.9403667411583865e-05,1.1642200446950318e-05
-0.021000000000000001,0.021999999999999999,4.0965901262998407e-05,2.4579540757799043e-05
-0.020500000000000001,0.021999999999999999,8.5306441043917207e-05,5.1183864626350322e-05
-0.02,0.021999999999999999,0.000175041925731437,0.0001050251554388622
-0.0195,0.021999999999999999,0.00035349070236122927,0.00021209442141673754
-0.019,0.021999999999999999,0.00070162508644807298,0.00042097505186884377
-0.018500000000000003,0.021999999999999999,0.0013668567119962856,0.00082011402719777131
-0.018000000000000002,0.021999999999999999,0.0026100580690566018,0.0015660348414339609
-0.017500000000000002,0.021999999999999999,0.0048792023976308996,0.0029275214385785396
-0.017000000000000001,0.021999999999999999,0.0089194814738395179,0.0053516888843037104
-0.016500000000000001,0.021999999999999999,0.015929723076024995,0.0095578338456149964
-0.016,0.021999999999999999,0.027771951902356925,0.016663171141414156
-0.0155,0.021999999999999999,0.047233397309301726,0.028340038385581034
-0.015000000000000001,0.021999999999999999,0.078326847426524904,0.046996108455914939
-0.014500000000000001,0.021999999999999999,0.12659585376882673,0.075957512261296031
-0.014,0.021999999999999999,0.19936801618372788,0.11962080971023673
-0.0135,0.021999999999999999,0.30587773024095793,0.18352663814457476
-0.012999999999999999,0.021999999999999999,0.45716813831201103,0.27430088298720662
-0.012500000000000001,0.021999999999999999,0.66569180257314131,0.39941508154388478
-0.012,0.021999999999999999,0.94457158348520542,0.56674295009112319
-0.0115,0.021999999999999999,1.3065630170483284,0.783937810228997
-0.010999999999999999,0.021999999999999999,1.7628720951714796,1.0577232571028876
-0.010499999999999999,0.021999999999999999,2.3221074074116541,1.3932644444469924
-0.010000000000000002,0.021999999999999999,2.9897463438311616,1.7938478062986969
-0.0095000000000000015,0.021999999999999999,3.7685232349078399,2.2611139409447039
-0.0090000000000000011,0.021999999999999999,4.6600551990832564,2.7960331194499539
-0.0085000000000000006,0.021999999999999999,5.667779780935307,3.4006678685611842
-0.0080000000000000002,0.021999999999999999,6.8008957134251098,4.0805374280550657
-0.0074999999999999997,0.021999999999999999,8.0785347435639672,4.8471208461383801
-0.0069999999999999993,0.021999999999999999,9.5329618555128288,5.7197771133076971
-0.0064999999999999988,0.021999999999999999,11.210352382026141,6.7262114292156845
-0.0059999999999999984,0.021999999999999999,13.167775172517539,7.9006651035105229
-0.0054999999999999979,0.021999999999999999,15.46551800085601,9.2793108005136062
-0.005000000000000001,0.021999999999999999,18.1548212422619,10.892892745357139
-0.0044999999999999971,0.021999999999999999,21.262303298230069,12.75738197893804
-0.0040000000000000001,0.021999999999999999,24.773602672377862,14.864161603426716
-0.0035000000000000031,0.021999999999999999,28.619682267797351,17.171809360678409
-0.0029999999999999992,0.021999999999999999,32.669502813653295,19.601701688191977
-0.0025000000000000022,0.021999999999999999,36.732149424361147,22.039289654616688
-0.0019999999999999983,0.021999999999999999,40.569972325093595,24.341983395056157
-0.0015000000000000013,0.021999999999999999,43.922120436863182,26.353272262117908
-0.00099999999999999742,0.021999999999999999,46.535474934492541,27.921284960695523
-0.00050000000000000044,0.021999999999999999,48.198022351186147,28.918813410711685
0,0.021999999999999999,48.768697672819457,29.261218603691674
0.00050000000000000044,0.021999999999999999,48.198022351174039,28.918813410704423
0.0010000000000000009,0.021999999999999999,46.535474934463977,27.921284960678385
0.0015000000000000013,0.021999999999999999,43.922120436808427,26.353272262085056
0.0020000000000000018,0.021999999999999999,40.569972324995504,24.341983394997303
0.0024999999999999988,0.021999999999999999,36.732149424191995,22.039289654515198
0.0030000000000000027,0.021999999999999999,32.669502813370144,19.601701688022086
0.0034999999999999996,0.021999999999999999,28.619682267336938,17.171809360402161
0.0040000000000000036,0.021999999999999999,24.773602671649602,14.864161602989761
0.0045000000000000005,0.021999999999999999,21.262303297109916,12.757381978265949
0.0049999999999999975,0.021999999999999999,18.154821240586248,10.892892744351748
0.0055000000000000014,0.021999999999999999,15.4655179984179,9.2793107990507391
0.0059999999999999984,0.021999999999999999,13.167775169067305,7.9006651014403824
0.0064999999999999988,0.021999999999999999,11.210352377277379,6.7262114263664277
0.0069999999999999993,0.021999999999999999,9.5329618491558694,5.7197771094935215
0.0074999999999999997,0.021999999999999999,8.0785347352873114,4.8471208411723863
0.0080000000000000002,0.021999999999999999,6.8008957029442652,4.0805374217665591
0.0085000000000000006,0.021999999999999999,5.6677797680268514,3.4006678608161107
0.0090000000000000011,0.021999999999999999,4.6600551836204405,2.7960331101722642
0.0095000000000000015,0.021999999999999999,3.7685232168926386,2.2611139301355831
0.010000000000000002,0.021999999999999999,2.9897463234172639,1.7938477940503583
0.010500000000000002,0.021999999999999999,2.3221073849133855,1.3932644309480313
0.011000000000000003,0.021999999999999999,1.7628720710553056,1.0577232426331833
0.011500000000000003,0.021999999999999999,1.3065629919060893,0.78393779514365358
0.012000000000000004,0.021999999999999999,0.9445715579913323,0.56674293479479931
0.012499999999999997,0.021999999999999999,0.66569177743090568,0.39941506645854341
0.013000000000000005,0.021999999999999999,0.45716811419583864,0.27430086851750318
0.013499999999999998,0.021999999999999999,0.30587770774269496,0.18352662464561698
0.014000000000000005,0.021999999999999999,0.19936799576982975,0.11962079746189784
0.014499999999999999,0.021999999999999999,0.12659583575362587,0.075957501452175516
0.014999999999999999,0.021999999999999999,0.078326831963709626,0.046996099178225774
0.0155,0.021999999999999999,0.047233384400845929,0.028340030640507555
0.016000000000000007,0.021999999999999999,0.027771941421512215,0.016663164852907329
0.016500000000000001,0.021999999999999999,0.015929714799376188,0.0095578288796257117
0.017000000000000001,0.021999999999999999,0.0089194751168859502,0.0053516850701315699
0.017500000000000002,0.021999999999999999,0.0048791976488753511,0.0029275185893252106
0.017999999999999995,0.021999999999999999,0.0026100546188360945,0.0015660327713016566
0.018500000000000003,0.021999999999999999,0.0013668542739038892,0.00082011256434233351
0.019000000000000003,0.021999999999999999,0.00070162341077330292,0.00042097404646398176
0.019500000000000003,0.021999999999999999,0.00035348958223861872,0.00021209374934317123
0.019999999999999997,0.021999999999999999,0.00017504119748618622,0.00010502471849171173
0.020499999999999997,0.021999999999999999,8.5305980547745956e-05,5.1183588328647573e-05
0.021000000000000005,0.021999999999999999,4.0965618051650384e-05,2.457937083099023e-05
0.021500000000000005,0.021999999999999999,1.940349800450944e-05,1.1642098802705664e-05
0.021999999999999999,0.021999999999999999,9.0705320616041403e-06,5.4423192369624838e-06
0.022499999999999999,0.021999999999999999,4.1857342272799674e-06,2.5114405363679802e-06
0.023000000000000007,0.021999999999999999,1.9063473179133303e-06,1.1438083907479982e-06
0.023500000000000007,0.021999999999999999,8.5635013371276395e-07,5.1381008022765831e-07
0.024,0.021999999999999999,3.7905222436087745e-07,2.2743133461652647e-07
0.024500000000000001,0.021999999999999999,1.6512717138254343e-07,9.907630282952605e-08
0.025000000000000001,0.021999999999999999,7.0700705772303671e-08,4.2420423463382203e-08
-0.025000000000000001,0.022499999999999999,3.0153732684405474e-08,1.8092239610643284e-08
-0.024500000000000001,0.022499999999999999,7.116787748602459e-08,4.2700726491614751e-08
-0.024,0.022499999999999999,1.6530988218722314e-07,9.9185929312333889e-08
-0.0235,0.022499999999999999,3.7836590647456502e-07,2.27019543884739e-07
-0.023,0.022499999999999999,8.5416968277801007e-07,5.12501809666806e-07
-0.022500000000000003,0.022499999999999999,1.9031270038149324e-06,1.1418762022889595e-06
-0.022000000000000002,0.022499999999999999,4.1857901466270249e-06,2.5114740879762149e-06
-0.021500000000000002,0.022499999999999999,9.0861344325896303e-06,5.4516806595537784e-06
-0.021000000000000001,0.022499999999999999,1.9453647013636527e-05,1.1672188208181917e-05
-0.020500000000000001,0.022499999999999999,4.1041500087284966e-05,2.4624900052370979e-05
-0.02,0.022499999999999999,8.5215814945373855e-05,5.1129488967224313e-05
-0.0195,0.022499999999999999,0.00017390303551789187,0.00010434182131073512
-0.019,0.022499999999999999,0.0003483238395354359,0.00020899430372126155
-0.018500000000000003,0.022499999999999999,0.00068385838273054699,0.00041031502963832816
-0.018000000000000002,0.022499999999999999,0.0013143691139998511,0.00078862146839991064
-0.017500000000000002,0.022499999999999999,0.0024703360544598967,0.0014822016326759379
-0.017000000000000001,0.022499999999999999,0.0045359282113364959,0.0027215569268018974
-0.016500000000000001,0.022499999999999999,0.0081301197348146274,0.0048780718408887765
-0.016,0.022499999999999999,0.014215425569398317,0.0085292553416389891
-0.0155,0.022499999999999999,0.024233945645134564,0.014540367387080737
-0.015000000000000001,0.022499999999999999,0.040263508072838385,0.024158104843703031
-0.014500000000000001,0.022499999999999999,0.065176743929062503,0.039106046357437502
-0.014,0.022499999999999999,0.10277403057941518,0.06166441834764911
-0.0135,0.022499999999999999,0.15785018682230997,0.094710112093385979
-0.012999999999999999,0.022499999999999999,0.23614916813007666,0.14168950087804599
-0.012500000000000001,0.022499999999999999,0.34416661207199728,0.20649996724319836
-0.012,0.022499999999999999,0.48878247133558794,0.29326948280135273
-0.0115,0.022499999999999999,0.67674797004346798,0.4060487820260808
-0.010999999999999999,0.022499999999999999,0.91410990039911855,0.54846594023947115
-0.010499999999999999,0.022499999999999999,1.2057199400911056,0.72343196405466337
-0.010000000000000002,0.022499999999999999,1.5550276848137348,0.93301661088824084
-0.0095000000000000015,0.022499999999999999,1.9643678961596236,1.178620737695774
-0.0090000000000000011,0.022499999999999999,2.4358998701774097,1.4615399221064458
-0.0085000000000000006,0.022499999999999999,2.9732245339212922,1.7839347203527753
-0.0080000000000000002,0.022499999999999999,3.5834978530361217,2.150098711821673
-0.0074999999999999997,0.022499999999999999,4.279610241540742,2.5677661449244451
-0.0069999999999999993,0.022499999999999999,5.0817723511988389,3.0490634107193033
-0.0064999999999999988,0.022499999999999999,6.0177186089397736,3.6106311653638641
-0.0059999999999999984,0.022499999999999999,7.1207913587116876,4.272474815227012
-0.0054999999999999979,0.022499999999999999,8.4254530589155561,5.0552718353493331
-0.005000000000000001,0.022499999999999999,9.9602895912827343,5.9761737547696407
-0.0044999999999999971,0.022499999999999999,11.739240001767456,7.0435440010604733
-0.0040000000000000001,0.022499999999999999,13.752471689255289,8.2514830135531732
-0.0035000000000000031,0.022499999999999999,15.958824738128683,9.5752948428772093
-0.0029999999999999992,0.022499999999999999,18.2818871295189,10.96913227771134
-0.0025000000000000022,0.022499999999999999,20.611408854943946,12.366845312966367
-0.0019999999999999983,0.022499999999999999,22.810908338707613,13.686545003224568
-0.0015000000000000013,0.022499999999999999,24.731102849755491,14.838661709853294
-0.00099999999999999742,0.022499999999999999,26.227467966021532,15.736480779612918
-0.00050000000000000044,0.022499999999999999,27.17913125613946,16.307478753683675
0,0.022499999999999999,27.505742564711849,16.503445538827108
0.00050000000000000044,0.022499999999999999,27.179131256135943,16.307478753681565
0.0010000000000000009,0.022499999999999999,26.227467966013236,15.736480779607941
0.0015000000000000013,0.022499999999999999,24.731102849739582,14.838661709843748
0.0020000000000000018,0.022499999999999999,22.810908338679113,13.686545003207467
0.0024999999999999988,0.022499999999999999,20.611408854894819,12.36684531293689
0.0030000000000000027,0.022499999999999999,18.281887129436633,10.969132277661979
0.0034999999999999996,0.022499999999999999,15.958824737994938,9.5752948427969624
0.0040000000000000036,0.022499999999999999,13.752471689043707,8.251483013426224
0.0045000000000000005,0.022499999999999999,11.739240001442045,7.0435440008652268
0.0049999999999999975,0.022499999999999999,9.9602895907959503,5.9761737544775704
0.0055000000000000014,0.022499999999999999,8.4254530582072462,5.0552718349243477
0.0059999999999999984,0.022499999999999999,7.1207913577093578,4.2724748146256148
0.0064999999999999988,0.022499999999999999,6.0177186075601998,3.6106311645361195
0.0069999999999999993,0.022499999999999999,5.0817723493520663,3.0490634096112399
0.0074999999999999997,0.022499999999999999,4.2796102391362725,2.5677661434817636
0.0080000000000000002,0.022499999999999999,3.5834978499913124,2.1500987099947872
0.0085000000000000006,0.022499999999999999,2.9732245301712337,1.7839347181027401
0.0090000000000000011,0.022499999999999999,2.4358998656852795,1.4615399194111676
0.0095000000000000015,0.022499999999999999,1.964367890925995,1.178620734555597
0.010000000000000002,0.022499999999999999,1.5550276788832567,0.93301660732995395
0.010500000000000002,0.022499999999999999,1.2057199335550923,0.72343196013305533
0.011000000000000003,0.022499999999999999,0.91410989339308479,0.54846593603585081
0.011500000000000003,0.022499999999999999,0.67674796273934978,0.40604877764360986
0.012000000000000004,0.022499999999999999,0.48878246392931635,0.29326947835758982
0.012499999999999997,0.022499999999999999,0.34416660476788224,0.20649996286072933
0.013000000000000005,0.022499999999999999,0.2361491611240443,0.14168949667442657
0.013499999999999998,0.022499999999999999,0.15785018028629952,0.094710108171779703
0.014000000000000005,0.022499999999999999,0.10277402464893697,0.061664414789362174
0.014499999999999999,0.022499999999999999,0.065176738695434361,0.039106043217260612
0.014999999999999999,0.022499999999999999,0.040263503580708307,0.024158102148424985
0.0155,0.022499999999999999,0.024233941895075935,0.01454036513704556
0.016000000000000007,0.022499999999999999,0.014215422524589282,0.0085292535147535684
0.016500000000000001,0.022499999999999999,0.0081301173303505656,0.0048780703982103388
0.017000000000000001,0.022499999999999999,0.0045359263645665376,0.0027215558187399223
0.017500000000000002,0.022499999999999999,0.0024703346748904077,0.0014822008049342446
0.017999999999999995,0.022499999999999999,0.0013143681116701176,0.00078862086700207058
0.018500000000000003,0.022499999999999999,0.0006838576744359543,0.00041031460466157255
0.019000000000000003,0.022499999999999999,0.00034832335273215625,0.00020899401163929375
0.019500000000000003,0.022499999999999999,0.00017390271010906487,0.00010434162606543892
0.019999999999999997,0.022499999999999999,8.5215603381541308e-05,5.1129362028924781e-05
0.020499999999999997,0.022499999999999999,4.104136630771716e-05,2.4624819784630296e-05
0.021000000000000005,0.022499999999999999,1.9453564737400227e-05,1.1672138842440137e-05
0.021500000000000005,0.022499999999999999,9.0860852178368281e-06,5.4516511307020965e-06
0.021999999999999999,0.022499999999999999,4.1857615145757602e-06,2.5114569087454559e-06
0.022499999999999999,0.022499999999999999,1.903110802663432e-06,1.1418664815980591e-06
0.023000000000000007,0.022499999999999999,8.5416076666492297e-07,5.1249645999895374e-07
0.023500000000000007,0.022499999999999999,3.783611340231368e-07,2.2701668041388206e-07
0.024,0.022499999999999999,1.6530739766017059e-07,9.9184438596102359e-08
0.024500000000000001,0.022499999999999999,7.1166619481487394e-08,4.2699971688892438e-08
0.025000000000000001,0.022499999999999999,3.015311316209713e-08,1.8091867897258277e-08
-0.025000000000000001,0.023000000000000007,1.2639567267145013e-08,7.5837403602870078e-09
-0.024500000000000001,0.023000000000000007,3.0186371511512687e-08,1.8111822906907612e-08
-0.024,0.023000000000000007,7.1037542415513041e-08,4.2622525449307821e-08
-0.0235,0.023000000000000007,1.648860165244919e-07,9.893160991469513e-08
-0.023,0.023000000000000007,3.7772093409957282e-07,2.2663256045974368e-07
-0.022500000000000003,0.023000000000000007,8.5416970244251861e-07,5.125018214655111e-07
-0.022000000000000002,0.023000000000000007,1.9063781168935182e-06,1.1438268701361108e-06
-0.021500000000000002,0.023000000000000007,4.1965629218806409e-06,2.5179377531283845e-06
-0.021000000000000001,0.023000000000000007,9.1028684140906297e-06,5.461721048454378e-06
-0.020500000000000001,0.023000000000000007,1.9432867453290859e-05,1.1659720471974515e-05
-0.02,0.023000000000000007,4.077411531044238e-05,2.4464469186265426e-05
-0.0195,0.023000000000000007,8.3969188348440518e-05,5.0381513009064311e-05
-0.019,0.023000000000000007,0.00016949639148868171,0.00010169783489320902
-0.018500000000000003,0.023000000000000007,0.00033493966094725279,0.00020096379656835166
-0.018000000000000002,0.023000000000000007,0.00064722699610715259,0.00038833619766429154
-0.017500000000000002,0.023000000000000007,0.0012218365161368488,0.00073310190968210926
-0.017000000000000001,0.023000000000000007,0.0022515583984845148,0.0013509350390907089
-0.016500000000000001,0.023000000000000007,0.004047396294199446,0.0024284377765196674
-0.016,0.023000000000000007,0.007093425002421677,0.004256055001453006
-0.0155,0.023000000000000007,0.012115476472246263,0.0072692858833477573
-0.015000000000000001,0.023000000000000007,0.020160077406713082,0.012096046444027848
-0.014500000000000001,0.023000000000000007,0.032675095979037394,0.019605057587422436
-0.014,0.023000000000000007,0.051577651717227863,0.030946591030336715
-0.0135,0.023000000000000007,0.079289418592834948,0.047573651155700968
-0.012999999999999999,0.023000000000000007,0.11871682778548955,0.071230096671293722
-0.012500000000000001,0.023000000000000007,0.17315679077377433,0.10389407446426459
-0.012,0.023000000000000007,0.24612019477853225,0.14767211686711934
-0.0115,0.023000000000000007,0.34108693840555643,0.20465216304333386
-0.010999999999999999,0.023000000000000007,0.46123613373757139,0.27674168024254281
-0.010499999999999999,0.023000000000000007,0.60922761577968432,0.3655365694678106
-0.010000000000000002,0.023000000000000007,0.78713596048840129,0.47228157629304074
-0.0095000000000000015,0.023000000000000007,0.99664263128660069,0.59798557877196035
-0.0090000000000000011,0.023000000000000007,1.2395626952050294,0.74373761712301756
-0.0085000000000000006,0.023000000000000007,1.5187119936630105,0.91122719619780623
-0.0080000000000000002,0.023000000000000007,1.839011534622276,1.1034069207733654
-0.0074999999999999997,0.023000000000000007,2.208595605657647,1.3251573633945881
-0.0069999999999999993,0.023000000000000007,2.6395711272689444,1.5837426763613667
-0.0064999999999999988,0.023000000000000007,3.1480107031329325,1.8888064218797593
-0.0059999999999999984,0.023000000000000007,3.7527930931652564,2.2516758558991539
-0.0054999999999999979,0.023000000000000007,4.4730602971016431,2.6838361782609859
-0.005000000000000001,0.023000000000000007,5.324338881464314,3.1946033288785882
-0.0044999999999999971,0.023000000000000007,6.3137347860367363,3.7882408716220417
-0.0040000000000000001,0.023000000000000007,7.4349776672700543,4.4609866003620322
-0.0035000000000000031,0.023000000000000007,8.6643603902159931,5.1986162341295961
-0.0029999999999999992,0.023000000000000007,9.9586902988728774,5.9752141793237259
-0.0025000000000000022,0.023000000000000007,11.256173609546117,6.7537041657276697
-0.0019999999999999983,0.023000000000000007,12.480687541153793,7.4884125246922757
-0.0015000000000000013,0.023000000000000007,13.549229047270471,8.1295374283622817
-0.00099999999999999742,0.023000000000000007,14.381606639881246,8.6289639839287471
-0.00050000000000000044,0.023000000000000007,14.91084323351015,8.9465059401060891
0,0.023000000000000007,15.092452362183725,9.0554714173102351
0.00050000000000000044,0.023000000000000007,14.910843233509155,8.9465059401054923
0.0010000000000000009,0.023000000000000007,14.381606639878903,8.628963983927342
0.0015000000000000013,0.023000000000000007,13.549229047265976,8.1295374283595851
0.0020000000000000018,0.023000000000000007,12.480687541145739,7.4884125246874431
0.0024999999999999988,0.023000000000000007,11.256173609532228,6.7537041657193368
0.0030000000000000027,0.023000000000000007,9.9586902988496213,5.9752141793097726
0.0034999999999999996,0.023000000000000007,8.6643603901782118,5.1986162341069271
0.0040000000000000036,0.023000000000000007,7.4349776672102674,4.4609866003261605
0.0045000000000000005,0.023000000000000007,6.3137347859447877,3.7882408715668725
0.0049999999999999975,0.023000000000000007,5.3243388813267769,3.1946033287960662
0.0055000000000000014,0.023000000000000007,4.4730602969015054,2.6838361781409033
0.0059999999999999984,0.023000000000000007,3.7527930928820425,2.2516758557292254
0.0064999999999999988,0.023000000000000007,3.1480107027431306,1.8888064216458782
0.0069999999999999993,0.023000000000000007,2.6395711267471311,1.5837426760482787
0.0074999999999999997,0.023000000000000007,2.2085956049782567,1.325157362986954
0.0080000000000000002,0.023000000000000007,1.8390115337619557,1.1034069202571735
0.0085000000000000006,0.023000000000000007,1.51871199260342,0.91122719556205201
0.0090000000000000011,0.023000000000000007,1.2395626939357642,0.74373761636145852
0.0095000000000000015,0.023000000000000007,0.99664262980782281,0.59798557788469364
0.010000000000000002,0.023000000000000007,0.78713595881272647,0.47228157528763587
0.010500000000000002,0.023000000000000007,0.60922761393291425,0.36553656835974851
0.011000000000000003,0.023000000000000007,0.46123613175799544,0.27674167905479724
0.011500000000000003,0.023000000000000007,0.34108693634175569,0.20465216180505341
0.012000000000000004,0.023000000000000007,0.24612019268586766,0.14767211561152058
0.012499999999999997,0.023000000000000007,0.17315678870997431,0.10389407322598458
0.013000000000000005,0.023000000000000007,0.11871682580591349,0.071230095483548084
0.013499999999999998,0.023000000000000007,0.079289416746065391,0.047573650047639235
0.014000000000000005,0.023000000000000007,0.051577650041553083,0.030946590024931848
0.014499999999999999,0.023000000000000007,0.032675094500259835,0.019605056700155901
0.014999999999999999,0.023000000000000007,0.020160076137447983,0.01209604568246879
0.0155,0.023000000000000007,0.012115475412655717,0.0072692852475934305
0.016000000000000007,0.023000000000000007,0.0070934241421015268,0.0042560544852609161
0.016500000000000001,0.023000000000000007,0.004047395614810754,0.0024284373688864525
0.017000000000000001,0.023000000000000007,0.0022515578766740055,0.0013509347260044033
0.017500000000000002,0.023000000000000007,0.001221836126335255,0.00073310167580115299
0.017999999999999995,0.023000000000000007,0.00064722671289581138,0.00038833602773748682
0.018500000000000003,0.023000000000000007,0.00033493946081644146,0.00020096367648986488
0.019000000000000003,0.023000000000000007,0.00016949625394092066,0.0001016977523645524
0.019500000000000003,0.023000000000000007,8.3969096403177293e-05,5.0381457841906373e-05
0.019999999999999997,0.023000000000000007,4.0774055532432222e-05,2.4464433319459333e-05
0.020499999999999997,0.023000000000000007,1.9432829653463395e-05,1.1659697792078037e-05
0.021000000000000005,0.023000000000000007,9.102845166687485e-06,5.4617071000124908e-06
0.021500000000000005,0.023000000000000007,4.1965490161011665e-06,2.5179294096607e-06
0.021999999999999999,0.023000000000000007,1.9063700268195467e-06,1.1438220160917279e-06
0.022499999999999999,0.023000000000000007,8.5416512475743256e-07,5.1249907485445951e-07
0.023000000000000007,0.023000000000000007,3.7771841482444977e-07,2.2663104889466984e-07
0.023500000000000007,0.023000000000000007,1.6488466805369032e-07,9.8930800832214189e-08
0.024,0.023000000000000007,7.1036840404767775e-08,4.2622104242860661e-08
0.024500000000000001,0.023000000000000007,3.0186016058469071e-08,1.8111609635081443e-08
0.025000000000000001,0.023000000000000007,1.2639392219215069e-08,7.5836353315290411e-09
-0.025000000000000001,0.023500000000000007,5.2142985179249679e-09,3.1285791107549805e-09
-0.024500000000000001,0.023500000000000007,1.2616436940123976e-08,7.5698621640743847e-09
-0.024,0.023500000000000007,3.0109001972274682e-08,1.8065401183364808e-08
-0.0235,0.023500000000000007,7.0916489325289754e-08,4.2549893595173851e-08
-0.023,0.023500000000000007,1.6488601893500007e-07,9.8931611361000036e-08
-0.022500000000000003,0.023500000000000007,3.7836592007825996e-07,2.2701955204695595e-07
-0.022000000000000002,0.023500000000000007,8.5636661751344236e-07,5.1381997050806537e-07
-0.021500000000000002,0.023500000000000007,1.9098835746080384e-06,1.1459301447648231e-06
-0.021000000000000001,0.023500000000000007,4.1920612692203472e-06,2.5152367615322081e-06
-0.020500000000000001,0.023500000000000007,9.0435020155346498e-06,5.4261012093207901e-06
-0.02,0.023500000000000007,1.9148394706252698e-05,1.1489036823751618e-05
-0.0195,0.023500000000000007,3.9740355614843808e-05,2.3844213368906284e-05
-0.019,0.023500000000000007,8.0741112292283916e-05,4.8444667375370345e-05
-0.018500000000000003,0.023500000000000007,0.00016041272611378888,9.6247635668273324e-05
-0.018000000000000002,0.023500000000000007,0.00031134752112596027,0.00018680851267557615
-0.017500000000000002,0.023500000000000007,0.00058987523358885238,0.00035392514015331143
-0.017000000000000001,0.023500000000000007,0.0010901585472499679,0.00065409512834998075
-0.016500000000000001,0.023500000000000007,0.0019642476353256217,0.001178548581195373
-0.016,0.023500000000000007,0.0034489922043656144,0.0020693953226193686
-0.0155,0.023500000000000007,0.0058997642114968782,0.0035398585268981266
-0.015000000000000001,0.023500000000000007,0.0098292696440257666,0.0058975617864154596
-0.014500000000000001,0.023500000000000007,0.015947322615103988,0.0095683935690623924
-0.014,0.023500000000000007,0.025194610757116296,0.015116766454269777
-0.0135,0.023500000000000007,0.038760900558158666,0.023256540334895198
-0.012999999999999999,0.023500000000000007,0.058076960219197518,0.034846176131518511
-0.012500000000000001,0.023500000000000007,0.084771158392486556,0.050862695035491935
-0.012,0.023500000000000007,0.12058758345785815,0.072352550074714889
-0.0115,0.023500000000000007,0.16727326016487076,0.10036395609892246
-0.010999999999999999,0.023500000000000007,0.22645680085583994,0.13587408051350397
-0.010499999999999999,0.023500000000000007,0.2995567271812109,0.17973403630872653
-0.010000000000000002,0.023500000000000007,0.38776963635233463,0.23266178181140076
-0.0095000000000000015,0.023500000000000007,0.49218973506820396,0.29531384104092234
-0.0090000000000000011,0.023500000000000007,0.61409553420322505,0.36845732052193503
-0.0085000000000000006,0.023500000000000007,0.75540283727567537,0.45324170236540517
-0.0080000000000000002,0.023500000000000007,0.91922710913995298,0.55153626548397172
-0.0074999999999999997,0.023500000000000007,1.1104318701205369,0.66625912207232207
-0.0069999999999999993,0.023500000000000007,1.335979610559467,0.80158776633568019
-0.0064999999999999988,0.023500000000000007,1.6048698004896236,0.96292188029377412
-0.0059999999999999984,0.023500000000000007,1.9274667405091708,1.1564800443055023
-0.0054999999999999979,0.023500000000000007,2.3141026414734447,1.3884615848840667
-0.005000000000000001,0.023500000000000007,2.7729877585205873,1.6637926551123523
-0.0044999999999999971,0.023500000000000007,3.3076488576272465,1.9845893145763478
-0.0040000000000000001,0.023500000000000007,3.9143090143021904,2.348585408581314
-0.0035000000000000031,0.023500000000000007,4.5797620158123733,2.7478572094874241
-0.0029999999999999992,0.023500000000000007,5.2803302290383733,3.1681981374230239
-0.0025000000000000022,0.023500000000000007,5.9823899628495649,3.589433977709739
-0.0019999999999999983,0.023500000000000007,6.6447002939635951,3.9868201763781568
-0.0015000000000000013,0.023500000000000007,7.2224182146644011,4.3334509287986407
-0.00099999999999999742,0.023500000000000007,7.6723000791006939,4.6033800474604165
-0.00050000000000000044,0.023500000000000007,7.9582722459341433,4.7749633475604858
0,0.023500000000000007,8.0563922802936876,4.8338353681762127
0.00050000000000000044,0.023500000000000007,7.9582722459338706,4.7749633475603224
0.0010000000000000009,0.023500000000000007,7.67230007910005,4.6033800474600302
0.0015000000000000013,0.023500000000000007,7.2224182146631648,4.3334509287978991
0.0020000000000000018,0.023500000000000007,6.6447002939613711,3.9868201763768223
0.0024999999999999988,0.023500000000000007,5.9823899628457573,3.5894339777074542
0.0030000000000000027,0.023500000000000007,5.2803302290319847,3.1681981374191905
0.0034999999999999996,0.023500000000000007,4.5797620158019887,2.7478572094811931
0.0040000000000000036,0.023500000000000007,3.9143090142857608,2.3485854085714566
0.0045000000000000005,0.023500000000000007,3.307648857601972,1.984589314561183
0.0049999999999999975,0.023500000000000007,2.7729877584827882,1.6637926550896729
0.0055000000000000014,0.023500000000000007,2.3141026414184411,1.3884615848510646
0.0059999999999999984,0.023500000000000007,1.9274667404313395,1.1564800442588037
0.0064999999999999988,0.023500000000000007,1.6048698003824984,0.96292188022949898
0.0069999999999999993,0.023500000000000007,1.3359796104160642,0.80158776624963846
0.0074999999999999997,0.023500000000000007,1.1104318699338298,0.66625912196029791
0.0080000000000000002,0.023500000000000007,0.9192271089035251,0.55153626534211508
0.0085000000000000006,0.023500000000000007,0.75540283698448563,0.45324170219069138
0.0090000000000000011,0.023500000000000007,0.61409553385441429,0.36845732031264855
0.0095000000000000015,0.023500000000000007,0.49218973466181676,0.29531384079709005
0.010000000000000002,0.023500000000000007,0.38776963589183772,0.23266178153510261
0.010500000000000002,0.023500000000000007,0.2995567266736946,0.17973403600421675
0.011000000000000003,0.023500000000000007,0.22645680031182713,0.13587408018709626
0.011500000000000003,0.023500000000000007,0.16727325959771222,0.10036395575862733
0.012000000000000004,0.023500000000000007,0.12058758288276759,0.072352549729660556
0.012499999999999997,0.023500000000000007,0.084771157825328763,0.050862694695197254
0.013000000000000005,0.023500000000000007,0.058076959675185356,0.034846175805111214
0.013499999999999998,0.023500000000000007,0.038760900050643414,0.023256540030386047
0.014000000000000005,0.023500000000000007,0.02519461029662003,0.015116766177972018
0.014499999999999999,0.023500000000000007,0.015947322208717571,0.0095683933252305418
0.014999999999999999,0.023500000000000007,0.0098292692952159939,0.0058975615771295958
0.0155,0.023500000000000007,0.0058997639203082668,0.0035398583521849599
0.016000000000000007,0.023500000000000007,0.0034489919679389727,0.0020693951807633833
0.016500000000000001,0.023500000000000007,0.0019642474486211941,0.0011785484691727165
0.017000000000000001,0.023500000000000007,0.0010901584038499755,0.00065409504230998531
0.017500000000000002,0.023500000000000007,0.0005898751264665484,0.00035392507587992902
0.017999999999999995,0.023500000000000007,0.00031134744329597877,0.00018680846597758725
0.018500000000000003,0.023500000000000007,0.00016041267111536472,9.6247602669218826e-05
0.019000000000000003,0.023500000000000007,8.0741074492455734e-05,4.8444644695473438e-05
0.019500000000000003,0.023500000000000007,3.9740330347147202e-05,2.3844198208288321e-05
0.019999999999999997,0.023500000000000007,1.9148378278515381e-05,1.1489026967109228e-05
0.020499999999999997,0.023500000000000007,9.043491627674085e-06,5.4260949766044512e-06
0.021000000000000005,0.023500000000000007,4.1920548805461379e-06,2.5152329283276828e-06
0.021500000000000005,0.023500000000000007,1.9098797531276706e-06,1.1459278518766023e-06
0.021999999999999999,0.023500000000000007,8.5636439426095484e-07,5.1381863655657286e-07
0.022499999999999999,0.023500000000000007,3.7836466207372652e-07,2.270187972442359e-07
0.023000000000000007,0.023500000000000007,1.648853266070052e-07,9.8931195964203114e-08
0.023500000000000007,0.023500000000000007,7.0916118748818262e-08,4.2549671249290953e-08
0.024,0.023500000000000007,3.0108809051030615e-08,1.806528543061837e-08
0.024500000000000001,0.023500000000000007,1.2616339257226908e-08,7.569803554336144e-09
0.025000000000000001,0.023500000000000007,5.2142504125866407e-09,3.1285502475519842e-09
-0.025000000000000001,0.024,2.1196214324591705e-09,1.2717728594755023e-09
-0.024500000000000001,0.024,5.2009380604861966e-09,3.1205628362917179e-09
-0.024,0.024,1.2594943113184561e-08,7.556965867910736e-09
-0.0235,0.024,3.010900225175084e-08,1.8065401351050504e-08
-0.023,0.024,7.1037544037296612e-08,4.2622526422377967e-08
-0.022500000000000003,0.024,1.6530988905982754e-07,9.9185933435896516e-08
-0.022000000000000002,0.024,3.7906080180864155e-07,2.2743648108518491e-07
-0.021500000000000002,0.024,8.5544494569945861e-07,5.1326696741967513e-07
-0.021000000000000001,0.024,1.8974177556974367e-06,1.138450653418462e-06
-0.020500000000000001,0.024,4.1306629283805104e-06,2.4783977570283062e-06
-0.02,0.024,8.8141222120987028e-06,5.2884733272592215e-06
-0.0195,0.024,1.8411975982516864e-05,1.1047185589510119e-05
-0.019,0.024,3.7609766668167948e-05,2.256586000090077e-05
-0.018500000000000003,0.024,7.5051659984809612e-05,4.5030995990885768e-05
-0.018000000000000002,0.024,0.00014619207417069515,8.7715244502417088e-05
-0.017500000000000002,0.024,0.00027777689066835805,0.00016666613440101483
-0.017000000000000001,0.024,0.00051456128738821042,0.00030873677243292626
-0.016500000000000001,0.024,0.00092887194706128416,0.00055732316823677052
-0.016,0.024,0.0016334460834992114,0.00098006765009952678
-0.0155,0.024,0.0027975334010915073,0.0016785200406549043
-0.015000000000000001,0.024,0.004665457105018595,0.0027992742630111567
-0.014500000000000001,0.024,0.007575698735456847,0.0045454192412741077
-0.014,0.024,0.01197724143625035,0.0071863448617502093
-0.0135,0.024,0.01843871678672453,0.011063230072034717
-0.012999999999999999,0.024,0.027645401499550634,0.01658724089973038
-0.012500000000000001,0.024,0.040379991374569567,0.024227994824741739
-0.012,0.024,0.057485981838741179,0.034491589103244708
-0.0115,0.024,0.079817697166839105,0.047890618300103459
-0.010999999999999999,0.024,0.10818811224605508,0.064912867347633046
-0.010499999999999999,0.024,0.14333317047388602,0.085999902284331617
-0.010000000000000002,0.024,0.18591681375432448,0.11155008825259469
-0.0095000000000000015,0.024,0.23660115967655992,0.14196069580593595
-0.0090000000000000011,0.024,0.29619801969503362,0.17771881181702018
-0.0085000000000000006,0.024,0.3658993947326355,0.2195396368395813
-0.0080000000000000002,0.024,0.44755653181102073,0.26853391908661245
-0.0074999999999999997,0.024,0.54394410141592275,0.32636646084955362
-0.0069999999999999993,0.024,0.65891642477295809,0.39534985486377483
-0.0064999999999999988,0.024,0.79734744563176185,0.47840846737905707
-0.0059999999999999984,0.024,0.96475628329246399,0.57885376997547833
-0.0054999999999999979,0.024,1.1665629536927746,0.69993777221566478
-0.005000000000000001,0.024,1.4069938402226838,0.84419630413361024
-0.0044999999999999971,0.024,1.6877531717895713,1.0126519030737426
-0.0040000000000000001,0.024,2.0066743732817143,1.2040046239690285
-0.0035000000000000031,0.024,2.3566362692175842,1.4139817615305506
-0.0029999999999999992,0.024,2.7250464964863457,1.6350278978918074
-0.0025000000000000022,0.024,3.0941397616152631,1.8564838569691577
-0.0019999999999999983,0.024,3.4422102786068538,2.0653261671641121
-0.0015000000000000013,0.024,3.7457154377879269,2.2474292626727559
-0.00099999999999999742,0.024,3.9819902280768606,2.3891941368461165
-0.00050000000000000044,0.024,4.1321484398641939,2.4792890639185163
0,0.024,4.1836635469664181,2.5101981281798507
0.00050000000000000044,0.024,4.1321484398641219,2.4792890639184733
0.0010000000000000009,0.024,3.9819902280766883,2.389194136846013
0.0015000000000000013,0.024,3.7457154377875961,2.2474292626725574
0.0020000000000000018,0.024,3.4422102786062556,2.0653261671637533
0.0024999999999999988,0.024,3.0941397616142461,1.8564838569685476
0.0030000000000000027,0.024,2.7250464964846377,1.6350278978907826
0.0034999999999999996,0.024,2.3566362692148091,1.4139817615288854
0.0040000000000000036,0.024,2.0066743732773196,1.2040046239663917
0.0045000000000000005,0.024,1.6877531717828145,1.0126519030696886
0.0049999999999999975,0.024,1.406993840212583,0.84419630412754976
0.0055000000000000014,0.024,1.1665629536780715,0.69993777220684283
0.0059999999999999984,0.024,0.96475628327165985,0.57885376996299587
0.0064999999999999988,0.024,0.79734744560312909,0.47840846736187742
0.0069999999999999993,0.024,0.65891642473462819,0.39534985484077689
0.0074999999999999997,0.024,0.54394410136601878,0.32636646081961124
0.0080000000000000002,0.024,0.44755653174782722,0.26853391904869633
0.0085000000000000006,0.024,0.36589939465480492,0.21953963679288294
0.0090000000000000011,0.024,0.29619801960180198,0.17771881176108117
0.0095000000000000015,0.024,0.23660115956793901,0.14196069574076339
0.010000000000000002,0.024,0.18591681363124105,0.11155008817874462
0.010500000000000002,0.024,0.14333317033823492,0.085999902202940945
0.011000000000000003,0.024,0.10818811210064913,0.064912867260389473
0.011500000000000003,0.024,0.079817697015246838,0.047890618209148104
0.012000000000000004,0.024,0.05748598168502881,0.034491589011017287
0.012499999999999997,0.024,0.040379991222977606,0.024227994733786562
0.013000000000000005,0.024,0.027645401354144929,0.016587240812486956
0.013499999999999998,0.024,0.018438716651074015,0.011063229990644409
0.014000000000000005,0.024,0.01197724131316712,0.0071863447879002718
0.014499999999999999,0.024,0.007575698626836381,0.0045454191761018286
0.014999999999999999,0.024,0.0046654570117874213,0.0027992742070724525
0.0155,0.024,0.0027975333232615278,0.0016785199939569166
0.016000000000000007,0.024,0.0016334460203062061,0.00098006761218372368
0.016500000000000001,0.024,0.00092887189715822429,0.00055732313829493451
0.017000000000000001,0.024,0.00051456124905972409,0.00030873674943583446
0.017500000000000002,0.024,0.00027777686203630766,0.0001666661172217846
0.017999999999999995,0.024,0.00014619205336800585,8.7715232020803513e-05
0.018500000000000003,0.024,7.5051645284624573e-05,4.5030987170774745e-05
0.019000000000000003,0.024,3.7609756564888068e-05,2.2565853938932839e-05
0.019500000000000003,0.024,1.8411969228872003e-05,1.1047181537323202e-05
0.019999999999999997,0.024,8.8141178212315062e-06,5.2884706927389035e-06
0.020499999999999997,0.024,4.1306601518741787e-06,2.4783960911245072e-06
0.021000000000000005,0.024,1.8974160481086235e-06,1.1384496288651741e-06
0.021500000000000005,0.024,8.5544392427984972e-07,5.1326635456790981e-07
0.021999999999999999,0.024,3.7906020756937821e-07,2.2743612454162691e-07
0.022499999999999999,0.024,1.6530955281565652e-07,9.9185731689393911e-08
0.023000000000000007,0.024,7.1037358989272614e-08,4.2622415393563568e-08
0.023500000000000007,0.024,3.0108903202681221e-08,1.8065341921608732e-08
0.024,0.024,1.2594891548470653e-08,7.5569349290823917e-09
0.024500000000000001,0.024,5.200911951434991e-09,3.1205471708609945e-09
0.025000000000000001,0.024,2.119608574683868e-09,1.2717651448103207e-09
-0.025000000000000001,0.024500000000000001,8.4984501962043562e-10,5.0990701177226131e-10
-0.024500000000000001,0.024500000000000001,2.1160110915344421e-09,1.2696066549206651e-09
-0.024,0.024500000000000001,5.2009380911338611e-09,3.1205628546803164e-09
-0.0235,0.024500000000000001,1.2616437122993808e-08,7.5698622737962848e-09
-0.023,0.024500000000000001,3.0186372308355405e-08,1.8111823385013241e-08
-0.022500000000000003,0.024500000000000001,7.1167880491173767e-08,4.2700728294704261e-08
-0.022000000000000002,0.024500000000000001,1.6513151203219046e-07,9.9078907219314277e-08
-0.021500000000000002,0.024500000000000001,3.7658510191981629e-07,2.2595106115188976e-07
-0.021000000000000001,0.024500000000000001,8.4291072048307098e-07,5.0574643228984256e-07
-0.020500000000000001,0.024500000000000001,1.8492756331908243e-06,1.1095653799144945e-06
-0.02,0.024500000000000001,3.9717554525410012e-06,2.3830532715246006e-06
-0.0195,0.024500000000000001,8.3414304666494308e-06,5.0048582799896581e-06
-0.019,0.024500000000000001,1.7114159705185355e-05,1.0268495823111212e-05
-0.018500000000000003,0.024500000000000001,3.4274499681985083e-05,2.0564699809191049e-05
-0.018000000000000002,0.024500000000000001,6.6956189498352354e-05,4.0173713699011412e-05
-0.017500000000000002,0.024500000000000001,0.00012751829443395426,7.6510976660372555e-05
-0.017000000000000001,0.024500000000000001,0.00023665891053377015,0.00014199534632026208
-0.016500000000000001,0.024500000000000001,0.00042784917722508064,0.00025670950633504836
-0.016,0.024500000000000001,0.00075329017137500489,0.00045197410282500291
-0.0155,0.024500000000000001,0.0012913905798097943,0.00077483434788587653
-0.015000000000000001,0.024500000000000001,0.0021554010976665362,0.0012932406585999217
-0.014500000000000001,0.024500000000000001,0.0035023247199015054,0.0021013948319409032
-0.014,0.024500000000000001,0.0055406184082110481,0.0033243710449266288
-0.0135,0.024500000000000001,0.0085346706051909887,0.0051208023631145929
-0.012999999999999999,0.024500000000000001,0.012803837739213574,0.0076823026435281442
-0.012500000000000001,0.024500000000000001,0.018714271608652976,0.011228562965191785
-0.012,0.024500000000000001,0.026663163374367731,0.015997898024620639
-0.0115,0.024500000000000001,0.03705749560498299,0.022234497362989793
-0.010999999999999999,0.024500000000000001,0.050292719689128379,0.030175631813477027
-0.010499999999999999,0.024500000000000001,0.066740271447076352,0.04004416286824581
-0.010000000000000002,0.024500000000000001,0.086755303541332596,0.052053182124799556
-0.0095000000000000015,0.024500000000000001,0.11071590066769289,0.06642954040061573
-0.0090000000000000011,0.024500000000000001,0.13910084682844212,0.083460508097065275
-0.0085000000000000006,0.024500000000000001,0.17260386254168769,0.10356231752501262
-0.0080000000000000002,0.024500000000000001,0.21226854702790884,0.12736112821674531
-0.0074999999999999997,0.024500000000000001,0.25961226436740831,0.15576735862044497
-0.0069999999999999993,0.024500000000000001,0.31669298935512724,0.19001579361307633
-0.0064999999999999988,0.024500000000000001,0.38606605534074528,0.23163963320444717
-0.0059999999999999984,0.024500000000000001,0.47058319731659887,0.28234991838995932
-0.0054999999999999979,0.024500000000000001,0.57300780268345575,0.34380468161007344
-0.005000000000000001,0.024500000000000001,0.69545767993235152,0.4172746079594109
-0.0044999999999999971,0.024500000000000001,0.83873470132064287,0.50324082079238575
-0.0040000000000000001,0.024500000000000001,1.0016490778985199,0.60098944673911192
-0.0035000000000000031,0.024500000000000001,1.1804811492976723,0.70828868957860336
-0.0029999999999999992,0.024500000000000001,1.3687318343181052,0.82123910059086314
-0.0025000000000000022,0.024500000000000001,1.5572851146494875,0.93437106878969245
-0.0019999999999999983,0.024500000000000001,1.7350413507288078,1.0410248104372846
-0.0015000000000000013,0.024500000000000001,1.8899886457854844,1.1339931874712905
-0.00099999999999999742,0.024500000000000001,2.010580292050943,1.2063481752305658
-0.00050000000000000044,0.024500000000000001,2.0872042793168495,1.2523225675901097
0,0.024500000000000001,2.1134892023376786,1.268093521402607
0.00050000000000000044,0.024500000000000001,2.0872042793168304,1.2523225675900982
0.0010000000000000009,0.024500000000000001,2.0105802920508982,1.2063481752305389
0.0015000000000000013,0.024500000000000001,1.8899886457853985,1.133993187471239
0.0020000000000000018,0.024500000000000001,1.7350413507286511,1.0410248104371906
0.0024999999999999988,0.024500000000000001,1.5572851146492244,0.93437106878953458
0.0030000000000000027,0.024500000000000001,1.3687318343176613,0.82123910059059679
0.0034999999999999996,0.024500000000000001,1.180481149296952,0.70828868957817115
0.0040000000000000036,0.024500000000000001,1.0016490778973783,0.60098944673842702
0.0045000000000000005,0.024500000000000001,0.83873470131888594,0.50324082079133159
0.0049999999999999975,0.024500000000000001,0.69545767992972707,0.41727460795783622
0.0055000000000000014,0.024500000000000001,0.57300780267963336,0.34380468160777999
0.0059999999999999984,0.024500000000000001,0.47058319731119197,0.28234991838671519
0.0064999999999999988,0.024500000000000001,0.38606605533330213,0.23163963319998127
0.0069999999999999993,0.024500000000000001,0.31669298934516354,0.19001579360709811
0.0074999999999999997,0.024500000000000001,0.25961226435443557,0.15576735861266133
0.0080000000000000002,0.024500000000000001,0.2122685470114811,0.12736112820688866
0.0085000000000000006,0.024500000000000001,0.17260386252145488,0.10356231751287293
0.0090000000000000011,0.024500000000000001,0.13910084680420562,0.083460508082523366
0.0095000000000000015,0.024500000000000001,0.11071590063945577,0.066429540383673463
0.010000000000000002,0.024500000000000001,0.086755303509335732,0.052053182105601441
0.010500000000000002,0.024500000000000001,0.066740271411812435,0.040044162847087457
0.011000000000000003,0.024500000000000001,0.050292719651328546,0.030175631790797127
0.011500000000000003,0.024500000000000001,0.037057495565574888,0.022234497339344933
0.012000000000000004,0.024500000000000001,0.026663163334408477,0.015997898000645085
0.012499999999999997,0.024500000000000001,0.018714271569244986,0.011228562941546991
0.013000000000000005,0.024500000000000001,0.012803837701413747,0.007682302620848248
0.013499999999999998,0.024500000000000001,0.0085346705699271067,0.0051208023419562635
0.014000000000000005,0.024500000000000001,0.0055406183762141846,0.0033243710257285105
0.014499999999999999,0.024500000000000001,0.0035023246916643914,0.0021013948149986349
0.014999999999999999,0.024500000000000001,0.0021554010734300432,0.0012932406440580258
0.0155,0.024500000000000001,0.0012913905595770044,0.00077483433574620261
0.016000000000000007,0.024500000000000001,0.00075329015494726237,0.00045197409296835741
0.016500000000000001,0.024500000000000001,0.00042784916425221426,0.00025670949855132857
0.017000000000000001,0.024500000000000001,0.00023665890056984461,0.00014199534034190677
0.017500000000000002,0.024500000000000001,0.00012751828699072689,7.6510972194436132e-05
0.017999999999999995,0.024500000000000001,6.6956184090457099e-05,4.0173710454274258e-05
0.018500000000000003,0.024500000000000001,3.4274495860504727e-05,2.0564697516302836e-05
0.019000000000000003,0.024500000000000001,1.7114157078722875e-05,1.0268494247233725e-05
0.019500000000000003,0.024500000000000001,8.3414287109626653e-06,5.0048572265775992e-06
0.019999999999999997,0.024500000000000001,3.9717543110851393e-06,2.3830525866510836e-06
0.020499999999999997,0.024500000000000001,1.8492749114064415e-06,1.1095649468438649e-06
0.021000000000000005,0.024500000000000001,8.4291027657593859e-07,5.0574616594556315e-07
0.021500000000000005,0.024500000000000001,3.7658483639017055e-07,2.2595090183410232e-07
0.021999999999999999,0.024500000000000001,1.6513135755293596e-07,9.9078814531761577e-08
0.022499999999999999,0.024500000000000001,7.1167793080677542e-08,4.2700675848406522e-08
0.023000000000000007,0.024500000000000001,3.018632420301695e-08,1.8111794521810168e-08
0.023500000000000007,0.024500000000000001,1.2616411374061585e-08,7.5698468244369502e-09
0.024,0.024500000000000001,5.200924686300026e-09,3.1205548117800154e-09
0.024500000000000001,0.024500000000000001,2.1160043041896374e-09,1.2696025825137824e-09
0.025000000000000001,0.024500000000000001,8.4984167709550549e-10,5.0990500625730329e-10
-0.025000000000000001,0.025000000000000001,3.362887728494685e-10,2.017732637096811e-10
-0.024500000000000001,0.025000000000000001,8.4984502279931936e-10,5.0990701367959164e-10
-0.024,0.025000000000000001,2.1196214519625954e-09,1.2717728711775572e-09
-0.0235,0.025000000000000001,5.2142986053105099e-09,3.1285791631863059e-09
-0.023,0.025000000000000001,1.2639567606018287e-08,7.5837405636109719e-09
-0.022500000000000003,0.025000000000000001,3.0153733883951346e-08,1.8092240330370806e-08
-0.022000000000000002,0.025000000000000001,7.0702842261510124e-08,4.242170535690607e-08
-0.021500000000000002,0.025000000000000001,1.6271118766794681e-07,9.7626712600768076e-08
-0.021000000000000001,0.025000000000000001,3.6702774048739174e-07,2.2021664429243503e-07
-0.020500000000000001,0.025000000000000001,8.1047603750311514e-07,4.8628562250186908e-07
-0.02,0.025000000000000001,1.7500775562435466e-06,1.0500465337461279e-06
-0.0195,0.025000000000000001,3.6917266415309975e-06,2.2150359849185984e-06
-0.019,0.025000000000000001,7.6015058920314069e-06,4.5609035352188441e-06
-0.018500000000000003,0.025000000000000001,1.5267577013734043e-05,9.1605462082404249e-06
-0.018000000000000002,0.025000000000000001,2.9894935865708462e-05,1.7936961519425077e-05
-0.017500000000000002,0.025000000000000001,5.7040926008600714e-05,3.4224555605160427e-05
-0.017000000000000001,0.025000000000000001,0.00010601882572763983,6.36112954365839e-05
-0.016500000000000001,0.025000000000000001,0.00019189746591694994,0.00011513847955016995
-0.016,0.025000000000000001,0.00033818924546824542,0.00020291354728094725
-0.0155,0.025000000000000001,0.00058022775161865078,0.00034813665097119045
-0.015000000000000001,0.025000000000000001,0.00096907513167761425,0.00058144507900656853
-0.014500000000000001,0.025000000000000001,0.0015755701639293515,0.00094534209835761085
-0.014,0.025000000000000001,0.0024938621665896656,0.0014963172999537993
-0.0135,0.025000000000000001,0.0038435464879955183,0.0023061278927973107
-0.012999999999999999,0.025000000000000001,0.0057694412269868496,0.0034616647361921096
-0.012500000000000001,0.025000000000000001,0.008438266934771458,0.0050629601608628743
-0.012,0.025000000000000001,0.012032143353255137,0.0072192860119530819
-0.0115,0.025000000000000001,0.01673995317720816,0.010043971906324896
-0.010999999999999999,0.025000000000000001,0.022749138989135734,0.013649483393481441
-0.010499999999999999,0.025000000000000001,0.030242071236542975,0.018145242741925784
-0.010000000000000002,0.025000000000000001,0.039402192894245083,0.023641315736547049
-0.0095000000000000015,0.025000000000000001,0.050434990372692806,0.030260994223615681
-0.0090000000000000011,0.025000000000000001,0.063606762909647258,0.038164057745788356
-0.0085000000000000006,0.025000000000000001,0.079299766340655109,0.047579859804393061
-0.0080000000000000002,0.025000000000000001,0.098075803793148578,0.058845482275889142
-0.0074999999999999997,0.025000000000000001,0.12073278506080376,0.072439671036482259
-0.0069999999999999993,0.025000000000000001,0.14833212318486205,0.088999273910917234
-0.0064999999999999988,0.025000000000000001,0.18217164174084327,0.10930298504450596
-0.0059999999999999984,0.025000000000000001,0.22368149281806876,0.13420889569084124
-0.0054999999999999979,0.025000000000000001,0.27423112590499787,0.16453867554299872
-0.005000000000000001,0.025000000000000001,0.33485350598731495,0.20091210359238895
-0.0044999999999999971,0.025000000000000001,0.40591603250090186,0.2435496195005411
-0.0040000000000000001,0.025000000000000001,0.4867909877358364,0.29207459264150182
-0.0035000000000000031,0.025000000000000001,0.57559524231597214,0.34535714538958329
-0.0029999999999999992,0.025000000000000001,0.66907277442382296,0.40144366465429376
-0.0025000000000000022,0.025000000000000001,0.76267985186558795,0.45760791111935273
-0.0019999999999999983,0.025000000000000001,0.85090110138641284,0.51054066083184768
-0.0015000000000000013,0.025000000000000001,0.92777991030779261,0.55666794618467552
-0.00099999999999999742,0.025000000000000001,0.98759813735929469,0.59255888241557675
-0.00050000000000000044,0.025000000000000001,1.0256000296939223,0.6153600178163533
0,0.025000000000000001,1.0386349365495255,0.62318096192971528
0.00050000000000000044,0.025000000000000001,1.0256000296939174,0.61536001781635041
0.0010000000000000009,0.025000000000000001,0.98759813735928326,0.59255888241556998
0.0015000000000000013,0.025000000000000001,0.92777991030777085,0.55666794618466253
0.0020000000000000018,0.025000000000000001,0.85090110138637232,0.51054066083182337
0.0024999999999999988,0.025000000000000001,0.76267985186552179,0.45760791111931304
0.0030000000000000027,0.025000000000000001,0.6690727744237106,0.40144366465422637
0.0034999999999999996,0.025000000000000001,0.5755952423157904,0.34535714538947421
0.0040000000000000036,0.025000000000000001,0.48679098773554752,0.29207459264132851
0.0045000000000000005,0.025000000000000001,0.4059160325004571,0.24354961950027426
0.0049999999999999975,0.025000000000000001,0.33485350598665148,0.20091210359199088
0.0055000000000000014,0.025000000000000001,0.27423112590403098,0.16453867554241858
0.0059999999999999984,0.025000000000000001,0.22368149281670155,0.13420889569002092
0.0064999999999999988,0.025000000000000001,0.18217164173896122,0.10930298504337672
0.0069999999999999993,0.025000000000000001,0.14833212318234262,0.088999273909405568
0.0074999999999999997,0.025000000000000001,0.1207327850575235,0.072439671034514097
0.0080000000000000002,0.025000000000000001,0.098075803788994886,0.058845482273396928
0.0085000000000000006,0.025000000000000001,0.07929976633553934,0.0475798598013236
0.0090000000000000011,0.025000000000000001,0.063606762903519215,0.038164057742111526
0.0095000000000000015,0.025000000000000001,0.05043499036555326,0.030260994219331955
0.010000000000000002,0.025000000000000001,0.039402192886154951,0.02364131573169297
0.010500000000000002,0.025000000000000001,0.030242071227626767,0.018145242736576059
0.011000000000000003,0.025000000000000001,0.022749138979578351,0.01364948338774701
0.011500000000000003,0.025000000000000001,0.016739953167244203,0.010043971900346522
0.012000000000000004,0.025000000000000001,0.012032143343151837,0.0072192860058911019
0.012499999999999997,0.025000000000000001,0.008438266924807562,0.0050629601548845366
0.013000000000000005,0.025000000000000001,0.0057694412174295251,0.0034616647304577149
0.013499999999999998,0.025000000000000001,0.0038435464790794183,0.0023061278874476508
0.014000000000000005,0.025000000000000001,0.0024938621584995784,0.001496317295099747
0.014499999999999999,0.025000000000000001,0.0015755701567898919,0.00094534209407393511
0.014999999999999999,0.025000000000000001,0.00096907512554966877,0.00058144507532980119
0.0155,0.025000000000000001,0.00058022774650300037,0.00034813664790180022
0.016000000000000007,0.025000000000000001,0.00033818924131466055,0.00020291354478879634
0.016500000000000001,0.025000000000000001,0.00019189746263689525,0.00011513847758213715
0.017000000000000001,0.025000000000000001,0.00010601882320836507,6.3611293925019033e-05
0.017500000000000002,0.025000000000000001,5.7040924126658114e-05,3.4224554475994866e-05
0.017999999999999995,0.025000000000000001,2.9894934498378544e-05,1.7936960699027125e-05
0.018500000000000003,0.025000000000000001,1.5267576047512494e-05,9.1605456285074961e-06
0.019000000000000003,0.025000000000000001,7.6015052279576686e-06,4.5609031367746008e-06
0.019500000000000003,0.025000000000000001,3.6917261976238523e-06,2.2150357185743114e-06
0.019999999999999997,0.025000000000000001,1.7500772676383124e-06,1.0500463605829873e-06
0.020499999999999997,0.025000000000000001,8.1047585500744308e-07,4.8628551300446585e-07
0.021000000000000005,0.025000000000000001,3.670276282500896e-07,2.2021657695005374e-07
0.021500000000000005,0.025000000000000001,1.6271112053153871e-07,9.7626672318923223e-08
0.021999999999999999,0.025000000000000001,7.0702803203037882e-08,4.2421681921822729e-08
0.022499999999999999,0.025000000000000001,3.015371178311689e-08,1.8092227069870134e-08
0.023000000000000007,0.025000000000000001,1.2639555443083838e-08,7.583733265850303e-09
0.023500000000000007,0.025000000000000001,5.2142920949608712e-09,3.1285752569765225e-09
0.024,0.025000000000000001,2.119618062689822e-09,1.2717708376138932e-09
0.024500000000000001,0.025000000000000001,8.4984330668980278e-10,5.0990598401388165e-10
0.025000000000000001,0.025000000000000001,3.3628792772681743e-10,2.0177275663609045e-10
