% x(m) y(m) incident_basis(1/m^2)
-0.025000000000000001 -0.025000000000000001 1.2252891875669662e-26
-0.024500000000000001 -0.025000000000000001 4.8461127445923729e-26
-0.024 -0.025000000000000001 1.8641664637215359e-25
-0.0235 -0.025000000000000001 6.9744848007810334e-25
-0.023 -0.025000000000000001 2.5379077851520863e-24
-0.022500000000000003 -0.025000000000000001 8.9820570285878734e-24
-0.022000000000000002 -0.025000000000000001 3.0918046265437398e-23
-0.021500000000000002 -0.025000000000000001 1.0351053223968178e-22
-0.021000000000000001 -0.025000000000000001 3.3704920340151069e-22
-0.020500000000000001 -0.025000000000000001 1.0674273660654157e-21
-0.02 -0.025000000000000001 3.2879077579508883e-21
-0.0195 -0.025000000000000001 9.8500215684449948e-21
-0.019 -0.025000000000000001 2.8700601746302078e-20
-0.018500000000000003 -0.025000000000000001 8.1335677341515937e-20
-0.018000000000000002 -0.025000000000000001 2.2418545756678208e-19
-0.017500000000000002 -0.025000000000000001 6.0099388272098374e-19
-0.017000000000000001 -0.025000000000000001 1.5669997601861336e-18
-0.016500000000000001 -0.025000000000000001 3.9737823172351544e-18
-0.016 -0.025000000000000001 9.8011148917202324e-18
-0.0155 -0.025000000000000001 2.3511652367080506e-17
-0.015000000000000001 -0.025000000000000001 5.4856372797554296e-17
-0.014500000000000001 -0.025000000000000001 1.2448220952761757e-16
-0.014 -0.025000000000000001 2.7474117619285436e-16
-0.0135 -0.025000000000000001 5.8976158728682647e-16
-0.012999999999999999 -0.025000000000000001 1.23130452651534e-15
-0.012500000000000001 -0.025000000000000001 2.5002920157469462e-15
-0.012 -0.025000000000000001 4.938013312787818e-15
-0.0115 -0.025000000000000001 9.4852775474718971e-15
-0.010999999999999999 -0.025000000000000001 1.7720831433186997e-14
-0.010499999999999999 -0.025000000000000001 3.2199891626471444e-14
-0.010000000000000002 -0.025000000000000001 5.6906383981582965e-14
-0.0095000000000000015 -0.025000000000000001 9.7814634026351022e-14
-0.0090000000000000011 -0.025000000000000001 1.6352454263100809e-13
-0.0085000000000000006 -0.025000000000000001 2.6588774223120178e-13
-0.0080000000000000002 -0.025000000000000001 4.2048446362720513e-13
-0.0074999999999999997 -0.025000000000000001 6.4675211218613368e-13
-0.0069999999999999993 -0.025000000000000001 9.6752461330120211e-13
-0.0064999999999999988 -0.025000000000000001 1.4077400057850443e-12
-0.0059999999999999984 -0.025000000000000001 1.9921367530290536e-12
-0.0054999999999999979 -0.025000000000000001 2.7419031302220308e-12
-0.005000000000000001 -0.025000000000000001 3.6704670627965101e-12
-0.0044999999999999971 -0.025000000000000001 4.7788876390452306e-12
-0.0040000000000000001 -0.025000000000000001 6.0515771198368722e-12
-0.0035000000000000031 -0.025000000000000001 7.4532654542775226e-12
-0.0029999999999999992 -0.025000000000000001 8.9281375126690701e-12
-0.0025000000000000022 -0.025000000000000001 1.0401869875454651e-11
-0.0019999999999999983 -0.025000000000000001 1.178686275837386e-11
-0.0015000000000000013 -0.025000000000000001 1.2990363429464199e-11
-0.00099999999999999742 -0.025000000000000001 1.3924533054623216e-11
-0.00050000000000000044 -0.025000000000000001 1.4516978842313138e-11
0 -0.025000000000000001 1.4720010224873229e-11
0.00050000000000000044 -0.025000000000000001 1.4516978842313138e-11
0.0010000000000000009 -0.025000000000000001 1.3924533054623216e-11
0.0015000000000000013 -0.025000000000000001 1.2990363429464199e-11
0.0020000000000000018 -0.025000000000000001 1.178686275837386e-11
0.0024999999999999988 -0.025000000000000001 1.0401869875454651e-11
0.0030000000000000027 -0.025000000000000001 8.9281375126690701e-12
0.0034999999999999996 -0.025000000000000001 7.4532654542775226e-12
0.0040000000000000036 -0.025000000000000001 6.0515771198368294e-12
0.0045000000000000005 -0.025000000000000001 4.7788876390452306e-12
0.0049999999999999975 -0.025000000000000001 3.6704670627965359e-12
0.0055000000000000014 -0.025000000000000001 2.7419031302220308e-12
0.0059999999999999984 -0.025000000000000001 1.9921367530290536e-12
0.0064999999999999988 -0.025000000000000001 1.4077400057850443e-12
0.0069999999999999993 -0.025000000000000001 9.6752461330120211e-13
0.0074999999999999997 -0.025000000000000001 6.4675211218613368e-13
0.0080000000000000002 -0.025000000000000001 4.2048446362720513e-13
0.0085000000000000006 -0.025000000000000001 2.6588774223120178e-13
0.0090000000000000011 -0.025000000000000001 1.6352454263100809e-13
0.0095000000000000015 -0.025000000000000001 9.7814634026351022e-14
0.010000000000000002 -0.025000000000000001 5.6906383981582965e-14
0.010500000000000002 -0.025000000000000001 3.2199891626471217e-14
0.011000000000000003 -0.025000000000000001 1.7720831433186997e-14
0.011500000000000003 -0.025000000000000001 9.4852775474718308e-15
0.012000000000000004 -0.025000000000000001 4.938013312787818e-15
0.012499999999999997 -0.025000000000000001 2.5002920157469636e-15
0.013000000000000005 -0.025000000000000001 1.2313045265153313e-15
0.013499999999999998 -0.025000000000000001 5.8976158728683071e-16
0.014000000000000005 -0.025000000000000001 2.7474117619285047e-16
0.014499999999999999 -0.025000000000000001 1.2448220952761843e-16
0.014999999999999999 -0.025000000000000001 5.485637279755469e-17
0.0155 -0.025000000000000001 2.3511652367080506e-17
0.016000000000000007 -0.025000000000000001 9.8011148917200229e-18
0.016500000000000001 -0.025000000000000001 3.9737823172351544e-18
0.017000000000000001 -0.025000000000000001 1.5669997601861336e-18
0.017500000000000002 -0.025000000000000001 6.0099388272098374e-19
0.017999999999999995 -0.025000000000000001 2.2418545756678367e-19
0.018500000000000003 -0.025000000000000001 8.1335677341515937e-20
0.019000000000000003 -0.025000000000000001 2.8700601746301874e-20
0.019500000000000003 -0.025000000000000001 9.8500215684448549e-21
0.019999999999999997 -0.025000000000000001 3.2879077579509349e-21
0.020499999999999997 -0.025000000000000001 1.0674273660654232e-21
0.021000000000000005 -0.025000000000000001 3.3704920340150829e-22
0.021500000000000005 -0.025000000000000001 1.0351053223968105e-22
0.021999999999999999 -0.025000000000000001 3.0918046265437398e-23
0.022499999999999999 -0.025000000000000001 8.9820570285879366e-24
0.023000000000000007 -0.025000000000000001 2.5379077851520143e-24
0.023500000000000007 -0.025000000000000001 6.9744848007809342e-25
0.024 -0.025000000000000001 1.8641664637215359e-25
0.024500000000000001 -0.025000000000000001 4.8461127445923729e-26
0.025000000000000001 -0.025000000000000001 1.2252891875669662e-26
-0.025000000000000001 -0.024500000000000001 4.8461127445923729e-26
-0.024500000000000001 -0.024500000000000001 1.9166747712786046e-25
-0.024 -0.024500000000000001 7.3729213883142125e-25
-0.0235 -0.024500000000000001 2.7584622489932424e-24
-0.023 -0.024500000000000001 1.0037620005973935e-23
-0.022500000000000003 -0.024500000000000001 3.5524724677713057e-23
-0.022000000000000002 -0.024500000000000001 1.2228324510261382e-22
-0.021500000000000002 -0.024500000000000001 4.0939209663828831e-22
-0.021000000000000001 -0.024500000000000001 1.3330554588522474e-21
-0.020500000000000001 -0.024500000000000001 4.2217571289337469e-21
-0.02 -0.024500000000000001 1.3003927440581635e-20
-0.0195 -0.024500000000000001 3.8957591025622436e-20
-0.019 -0.024500000000000001 1.1351308190061382e-19
-0.018500000000000003 -0.024500000000000001 3.2168884419640831e-19
-0.018000000000000002 -0.024500000000000001 8.8667068483967871e-19
-0.017500000000000002 -0.024500000000000001 2.3769769161674221e-18
-0.017000000000000001 -0.024500000000000001 6.1976042763343039e-18
-0.016500000000000001 -0.024500000000000001 1.571661394485015e-17
-0.016 -0.024500000000000001 3.8764161366912924e-17
-0.0155 -0.024500000000000001 9.2990388994440594e-17
-0.015000000000000001 -0.024500000000000001 2.1696116315546052e-16
-0.014500000000000001 -0.024500000000000001 4.9233668932040228e-16
-0.014 -0.024500000000000001 1.0866224307881794e-15
-0.0135 -0.024500000000000001 2.3325523259508196e-15
-0.012999999999999999 -0.024500000000000001 4.8699038716475634e-15
-0.012500000000000001 -0.024500000000000001 9.8888467519849164e-15
-0.012 -0.024500000000000001 1.9530221510879024e-14
-0.0115 -0.024500000000000001 3.751500043844728e-14
-0.010999999999999999 -0.024500000000000001 7.0087247912197192e-14
-0.010499999999999999 -0.024500000000000001 1.2735304185242243e-13
-0.010000000000000002 -0.024500000000000001 2.2506911467113922e-13
-0.0095000000000000015 -0.024500000000000001 3.8686438219861595e-13
-0.0090000000000000011 -0.024500000000000001 6.4675211218613368e-13
-0.0085000000000000006 -0.024500000000000001 1.0516064202085403e-12
-0.0080000000000000002 -0.024500000000000001 1.663048314441703e-12
-0.0074999999999999997 -0.024500000000000001 2.5579542244070945e-12
-0.0069999999999999993 -0.024500000000000001 3.8266340769203177e-12
-0.0064999999999999988 -0.024500000000000001 5.5677197288045076e-12
-0.0059999999999999984 -0.024500000000000001 7.8790537007797883e-12
-0.0054999999999999979 -0.024500000000000001 1.0844437246844299e-11
-0.005000000000000001 -0.024500000000000001 1.4516978842313138e-11
-0.0044999999999999971 -0.024500000000000001 1.8900867262640666e-11
-0.0040000000000000001 -0.024500000000000001 2.3934451803625561e-11
-0.0035000000000000031 -0.024500000000000001 2.9478236707961295e-11
-0.0029999999999999992 -0.024500000000000001 3.5311468855391458e-11
-0.0025000000000000022 -0.024500000000000001 4.1140193419259454e-11
-0.0019999999999999983 -0.024500000000000001 4.6617946531903881e-11
-0.0015000000000000013 -0.024500000000000001 5.1377884022152945e-11
-0.00099999999999999742 -0.024500000000000001 5.5072596561878448e-11
-0.00050000000000000044 -0.024500000000000001 5.7415765106363606e-11
0 -0.024500000000000001 5.8218769801549e-11
0.00050000000000000044 -0.024500000000000001 5.7415765106363606e-11
0.0010000000000000009 -0.024500000000000001 5.5072596561878448e-11
0.0015000000000000013 -0.024500000000000001 5.1377884022152945e-11
0.0020000000000000018 -0.024500000000000001 4.6617946531903881e-11
0.0024999999999999988 -0.024500000000000001 4.1140193419259454e-11
0.0030000000000000027 -0.024500000000000001 3.5311468855391458e-11
0.0034999999999999996 -0.024500000000000001 2.9478236707961295e-11
0.0040000000000000036 -0.024500000000000001 2.393445180362539e-11
0.0045000000000000005 -0.024500000000000001 1.8900867262640666e-11
0.0049999999999999975 -0.024500000000000001 1.451697884231324e-11
0.0055000000000000014 -0.024500000000000001 1.0844437246844299e-11
0.0059999999999999984 -0.024500000000000001 7.8790537007797883e-12
0.0064999999999999988 -0.024500000000000001 5.5677197288045076e-12
0.0069999999999999993 -0.024500000000000001 3.8266340769203177e-12
0.0074999999999999997 -0.024500000000000001 2.5579542244070945e-12
0.0080000000000000002 -0.024500000000000001 1.663048314441703e-12
0.0085000000000000006 -0.024500000000000001 1.0516064202085403e-12
0.0090000000000000011 -0.024500000000000001 6.4675211218613368e-13
0.0095000000000000015 -0.024500000000000001 3.8686438219861595e-13
0.010000000000000002 -0.024500000000000001 2.2506911467113922e-13
0.010500000000000002 -0.024500000000000001 1.2735304185242243e-13
0.011000000000000003 -0.024500000000000001 7.0087247912197192e-14
0.011500000000000003 -0.024500000000000001 3.7515000438447015e-14
0.012000000000000004 -0.024500000000000001 1.9530221510879024e-14
0.012499999999999997 -0.024500000000000001 9.8888467519849858e-15
0.013000000000000005 -0.024500000000000001 4.8699038716475295e-15
0.013499999999999998 -0.024500000000000001 2.3325523259508361e-15
0.014000000000000005 -0.024500000000000001 1.086622430788164e-15
0.014499999999999999 -0.024500000000000001 4.9233668932040573e-16
0.014999999999999999 -0.024500000000000001 2.1696116315546208e-16
0.0155 -0.024500000000000001 9.2990388994440594e-17
0.016000000000000007 -0.024500000000000001 3.8764161366912092e-17
0.016500000000000001 -0.024500000000000001 1.571661394485015e-17
0.017000000000000001 -0.024500000000000001 6.1976042763343039e-18
0.017500000000000002 -0.024500000000000001 2.3769769161674221e-18
0.017999999999999995 -0.024500000000000001 8.8667068483969123e-19
0.018500000000000003 -0.024500000000000001 3.2168884419640831e-19
0.019000000000000003 -0.024500000000000001 1.1351308190061303e-19
0.019500000000000003 -0.024500000000000001 3.8957591025621876e-20
0.019999999999999997 -0.024500000000000001 1.3003927440581726e-20
0.020499999999999997 -0.024500000000000001 4.221757128933807e-21
0.021000000000000005 -0.024500000000000001 1.3330554588522283e-21
0.021500000000000005 -0.024500000000000001 4.0939209663828243e-22
0.021999999999999999 -0.024500000000000001 1.2228324510261382e-22
0.022499999999999999 -0.024500000000000001 3.5524724677713563e-23
0.023000000000000007 -0.024500000000000001 1.003762000597372e-23
0.023500000000000007 -0.024500000000000001 2.7584622489932035e-24
0.024 -0.024500000000000001 7.3729213883142125e-25
0.024500000000000001 -0.024500000000000001 1.9166747712786046e-25
0.025000000000000001 -0.024500000000000001 4.8461127445923729e-26
-0.025000000000000001 -0.024 1.8641664637215359e-25
-0.024500000000000001 -0.024 7.3729213883142125e-25
-0.024 -0.024 2.8361603446158942e-24
-0.0235 -0.024 1.0611046599675547e-23
-0.023 -0.024 3.8611967110333423e-23
-0.022500000000000003 -0.024 1.366538581898055e-22
-0.022000000000000002 -0.024 4.7039005613251473e-22
-0.021500000000000002 -0.024 1.5748189472424903e-21
-0.021000000000000001 -0.024 5.1278981972638248e-21
-0.020500000000000001 -0.024 1.6239940076750187e-20
-0.02 -0.024 5.0022537049825109e-20
-0.0195 -0.024 1.4985915211812215e-19
-0.019 -0.024 4.3665364721224209e-19
-0.018500000000000003 -0.024 1.2374486247218507e-18
-0.018000000000000002 -0.024 3.4107785810133241e-18
-0.017500000000000002 -0.024 9.1435773076144011e-18
-0.017000000000000001 -0.024 2.384048134301363e-17
-0.016500000000000001 -0.024 6.0457496932858283e-17
-0.016 -0.024 1.4911508135076798e-16
-0.0155 -0.024 3.5770848461025126e-16
-0.015000000000000001 -0.024 8.3459000151356594e-16
-0.014500000000000001 -0.024 1.8938840127376826e-15
-0.014 -0.024 4.1799380265414873e-15
-0.0135 -0.024 8.9726881112398344e-15
-0.012999999999999999 -0.024 1.8733182568241445e-14
-0.012500000000000001 -0.024 3.8039677266077542e-14
-0.012 -0.024 7.5127397748349363e-14
-0.0115 -0.024 1.4430990236842826e-13
-0.010999999999999999 -0.024 2.6960639171725483e-13
-0.010499999999999999 -0.024 4.8989217169808199e-13
-0.010000000000000002 -0.024 8.657790639675385e-13
-0.0095000000000000015 -0.024 1.4881610175243087e-12
-0.0090000000000000011 -0.024 2.4878777309170325e-12
-0.0085000000000000006 -0.024 4.0452410517574511e-12
-0.0080000000000000002 -0.024 6.3972900729358101e-12
-0.0074999999999999997 -0.024 9.839747303022419e-12
-0.0069999999999999993 -0.024 1.4720010224873335e-11
-0.0064999999999999988 -0.024 2.1417488500282841e-11
-0.0059999999999999984 -0.024 3.0308555431865411e-11
-0.0054999999999999979 -0.024 4.1715571425897851e-11
-0.005000000000000001 -0.024 5.5842830199510209e-11
-0.0044999999999999971 -0.024 7.2706444821334219e-11
-0.0040000000000000001 -0.024 9.2069261966027963e-11
-0.0035000000000000031 -0.024 1.133946797708035e-10
-0.0029999999999999992 -0.024 1.358335216167266e-10
-0.0025000000000000022 -0.024 1.5825502402679199e-10
-0.0019999999999999983 -0.024 1.7932643566601277e-10
-0.0015000000000000013 -0.024 1.9763660776969307e-10
-0.00099999999999999742 -0.024 2.1184915207612507e-10
-0.00050000000000000044 -0.024 2.2086267786408751e-10
0 -0.024 2.2395161636360281e-10
0.00050000000000000044 -0.024 2.2086267786408751e-10
0.0010000000000000009 -0.024 2.1184915207612507e-10
0.0015000000000000013 -0.024 1.9763660776969307e-10
0.0020000000000000018 -0.024 1.7932643566601277e-10
0.0024999999999999988 -0.024 1.5825502402679199e-10
0.0030000000000000027 -0.024 1.358335216167266e-10
0.0034999999999999996 -0.024 1.133946797708035e-10
0.0040000000000000036 -0.024 9.2069261966027316e-11
0.0045000000000000005 -0.024 7.2706444821334219e-11
0.0049999999999999975 -0.024 5.5842830199510209e-11
0.0055000000000000014 -0.024 4.1715571425897851e-11
0.0059999999999999984 -0.024 3.0308555431865411e-11
0.0064999999999999988 -0.024 2.1417488500282841e-11
0.0069999999999999993 -0.024 1.4720010224873335e-11
0.0074999999999999997 -0.024 9.839747303022419e-12
0.0080000000000000002 -0.024 6.3972900729358101e-12
0.0085000000000000006 -0.024 4.0452410517574511e-12
0.0090000000000000011 -0.024 2.4878777309170325e-12
0.0095000000000000015 -0.024 1.4881610175243087e-12
0.010000000000000002 -0.024 8.657790639675385e-13
0.010500000000000002 -0.024 4.8989217169808199e-13
0.011000000000000003 -0.024 2.6960639171725291e-13
0.011500000000000003 -0.024 1.4430990236842725e-13
0.012000000000000004 -0.024 7.5127397748348833e-14
0.012499999999999997 -0.024 3.8039677266077813e-14
0.013000000000000005 -0.024 1.8733182568241313e-14
0.013499999999999998 -0.024 8.9726881112398344e-15
0.014000000000000005 -0.024 4.1799380265414581e-15
0.014499999999999999 -0.024 1.893884012737696e-15
0.014999999999999999 -0.024 8.3459000151356594e-16
0.0155 -0.024 3.5770848461025126e-16
0.016000000000000007 -0.024 1.4911508135076588e-16
0.016500000000000001 -0.024 6.0457496932858283e-17
0.017000000000000001 -0.024 2.384048134301363e-17
0.017500000000000002 -0.024 9.1435773076144011e-18
0.017999999999999995 -0.024 3.410778581013348e-18
0.018500000000000003 -0.024 1.2374486247218507e-18
0.019000000000000003 -0.024 4.3665364721224209e-19
0.019500000000000003 -0.024 1.4985915211812215e-19
0.019999999999999997 -0.024 5.0022537049825819e-20
0.020499999999999997 -0.024 1.6239940076750298e-20
0.021000000000000005 -0.024 5.1278981972638248e-21
0.021500000000000005 -0.024 1.5748189472424903e-21
0.021999999999999999 -0.024 4.703900561325214e-22
0.022499999999999999 -0.024 1.3665385818980743e-22
0.023000000000000007 -0.024 3.8611967110332877e-23
0.023500000000000007 -0.024 1.0611046599675321e-23
0.024 -0.024 2.8361603446158942e-24
0.024500000000000001 -0.024 7.3729213883142125e-25
0.025000000000000001 -0.024 1.8641664637215359e-25
-0.025000000000000001 -0.0235 6.9744848007810334e-25
-0.024500000000000001 -0.0235 2.7584622489932424e-24
-0.024 -0.0235 1.0611046599675547e-23
-0.0235 -0.0235 3.9699557239149691e-23
-0.023 -0.0235 1.444605849209755e-22
-0.022500000000000003 -0.0235 5.1126885686495685e-22
-0.022000000000000002 -0.0235 1.7598902033594754e-21
-0.021500000000000002 -0.0235 5.8919367048356857e-21
-0.021000000000000001 -0.0235 1.9185222313983041e-20
-0.020500000000000001 -0.0235 6.0759174373715696e-20
-0.02 -0.0235 1.8715143263226907e-19
-0.0195 -0.0235 5.6067438130992526e-19
-0.019 -0.0235 1.63367075041552e-18
-0.018500000000000003 -0.0235 4.6297188544204771e-18
-0.018000000000000002 -0.0235 1.2760890100241809e-17
-0.017500000000000002 -0.0235 3.4209252337589845e-17
-0.017000000000000001 -0.0235 8.9195400735945893e-17
-0.016500000000000001 -0.0235 2.2619218919414726e-16
-0.016 -0.0235 5.5789055789146441e-16
-0.0155 -0.0235 1.3383098760633455e-15
-0.015000000000000001 -0.0235 3.1224868560395295e-15
-0.014500000000000001 -0.0235 7.0856683232631446e-15
-0.014 -0.0235 1.5638578851011375e-14
-0.0135 -0.0235 3.356989736263108e-14
-0.012999999999999999 -0.0235 7.0087247912197684e-14
-0.012500000000000001 -0.0235 1.4231945273236316e-13
-0.012 -0.0235 2.8107730930426385e-13
-0.0115 -0.0235 5.3991273861964736e-13
-0.010999999999999999 -0.0235 1.0086897912923164e-12
-0.010499999999999999 -0.0235 1.8328542928021848e-12
-0.010000000000000002 -0.0235 3.2391758139567207e-12
-0.0095000000000000015 -0.0235 5.5677197288045076e-12
-0.0090000000000000011 -0.0235 9.3080021329438508e-12
-0.0085000000000000006 -0.0235 1.5134631364762217e-11
-0.0080000000000000002 -0.0235 2.3934451803625561e-11
-0.0074999999999999997 -0.0235 3.6813862572901305e-11
-0.0069999999999999993 -0.0235 5.5072596561878835e-11
-0.0064999999999999988 -0.0235 8.0130155178265582e-11
-0.0059999999999999984 -0.0235 1.133946797708035e-10
-0.0054999999999999979 -0.0235 1.560722309557011e-10
-0.005000000000000001 -0.0235 2.0892714145363789e-10
-0.0044999999999999971 -0.0235 2.7201969576949215e-10
-0.0040000000000000001 -0.0235 3.4446262214118975e-10
-0.0035000000000000031 -0.0235 4.2424830933394712e-10
-0.0029999999999999992 -0.0235 5.0819969696329669e-10
-0.0025000000000000022 -0.0235 5.9208621182822481e-10
-0.0019999999999999983 -0.0235 6.7092157501535018e-10
-0.0015000000000000013 -0.0235 7.3942619599316837e-10
-0.00099999999999999742 -0.0235 7.9260018886060167e-10
-0.00050000000000000044 -0.0235 8.2632287394962091e-10
0 -0.0235 8.3787965014674659e-10
0.00050000000000000044 -0.0235 8.2632287394962091e-10
0.0010000000000000009 -0.0235 7.9260018886060167e-10
0.0015000000000000013 -0.0235 7.3942619599316837e-10
0.0020000000000000018 -0.0235 6.7092157501535018e-10
0.0024999999999999988 -0.0235 5.9208621182822481e-10
0.0030000000000000027 -0.0235 5.0819969696329669e-10
0.0034999999999999996 -0.0235 4.2424830933394712e-10
0.0040000000000000036 -0.0235 3.4446262214118851e-10
0.0045000000000000005 -0.0235 2.7201969576949215e-10
0.0049999999999999975 -0.0235 2.0892714145363939e-10
0.0055000000000000014 -0.0235 1.560722309557011e-10
0.0059999999999999984 -0.0235 1.133946797708035e-10
0.0064999999999999988 -0.0235 8.0130155178265582e-11
0.0069999999999999993 -0.0235 5.5072596561878835e-11
0.0074999999999999997 -0.0235 3.6813862572901305e-11
0.0080000000000000002 -0.0235 2.3934451803625561e-11
0.0085000000000000006 -0.0235 1.5134631364762217e-11
0.0090000000000000011 -0.0235 9.3080021329438508e-12
0.0095000000000000015 -0.0235 5.5677197288045076e-12
0.010000000000000002 -0.0235 3.2391758139567207e-12
0.010500000000000002 -0.0235 1.8328542928021718e-12
0.011000000000000003 -0.0235 1.0086897912923164e-12
0.011500000000000003 -0.0235 5.3991273861964352e-13
0.012000000000000004 -0.0235 2.8107730930426385e-13
0.012499999999999997 -0.0235 1.4231945273236417e-13
0.013000000000000005 -0.0235 7.0087247912197192e-14
0.013499999999999998 -0.0235 3.356989736263132e-14
0.014000000000000005 -0.0235 1.5638578851011154e-14
0.014499999999999999 -0.0235 7.0856683232631943e-15
0.014999999999999999 -0.0235 3.122486856039552e-15
0.0155 -0.0235 1.3383098760633455e-15
0.016000000000000007 -0.0235 5.5789055789145248e-16
0.016500000000000001 -0.0235 2.2619218919414726e-16
0.017000000000000001 -0.0235 8.9195400735945893e-17
0.017500000000000002 -0.0235 3.4209252337589845e-17
0.017999999999999995 -0.0235 1.27608901002419e-17
0.018500000000000003 -0.0235 4.6297188544204771e-18
0.019000000000000003 -0.0235 1.6336707504155085e-18
0.019500000000000003 -0.0235 5.6067438130991727e-19
0.019999999999999997 -0.0235 1.8715143263226907e-19
0.020499999999999997 -0.0235 6.0759174373716551e-20
0.021000000000000005 -0.0235 1.9185222313982906e-20
0.021500000000000005 -0.0235 5.8919367048356857e-21
0.021999999999999999 -0.0235 1.7598902033594878e-21
0.022499999999999999 -0.0235 5.1126885686495685e-22
0.023000000000000007 -0.0235 1.4446058492097449e-22
0.023500000000000007 -0.0235 3.9699557239148563e-23
0.024 -0.0235 1.0611046599675547e-23
0.024500000000000001 -0.0235 2.7584622489932424e-24
0.025000000000000001 -0.0235 6.9744848007810334e-25
-0.025000000000000001 -0.023 2.5379077851520863e-24
-0.024500000000000001 -0.023 1.0037620005973935e-23
-0.024 -0.023 3.8611967110333423e-23
-0.0235 -0.023 1.444605849209755e-22
-0.023 -0.023 5.2566985747464989e-22
-0.022500000000000003 -0.023 1.8604287617030259e-21
-0.022000000000000002 -0.023 6.4039698640087334e-21
-0.021500000000000002 -0.023 2.1439851773928018e-20
-0.021000000000000001 -0.023 6.9812074241065838e-20
-0.020500000000000001 -0.023 2.21093293722854e-19
-0.02 -0.023 6.8101528850791811e-19
-0.0195 -0.023 2.0402078689775642e-18
-0.019 -0.023 5.9446766811943876e-18
-0.018500000000000003 -0.023 1.6846835084339608e-17
-0.018000000000000002 -0.023 4.6434917066916761e-17
-0.017500000000000002 -0.023 1.2448220952761843e-16
-0.017000000000000001 -0.023 3.2456834933838514e-16
-0.016500000000000001 -0.023 8.2307859905599718e-16
-0.016 -0.023 2.0300779635752052e-15
-0.0155 -0.023 4.8699038716475981e-15
-0.015000000000000001 -0.023 1.1362249581632687e-14
-0.014500000000000001 -0.023 2.5783657595183622e-14
-0.014 -0.023 5.6906383981583785e-14
-0.0135 -0.023 1.2215569507562357e-13
-0.012999999999999999 -0.023 2.5503671912272516e-13
-0.012500000000000001 -0.023 5.1787860664288889e-13
-0.012 -0.023 1.0227971124591287e-12
-0.0115 -0.023 1.9646594433643902e-12
-0.010999999999999999 -0.023 3.6704670627965626e-12
-0.010499999999999999 -0.023 6.6694749671419145e-12
-0.010000000000000002 -0.023 1.1786862758373944e-11
-0.0095000000000000015 -0.023 2.0260076047044283e-11
-0.0090000000000000011 -0.023 3.3870388641129494e-11
-0.0085000000000000006 -0.023 5.5072596561878835e-11
-0.0080000000000000002 -0.023 8.7093790152021525e-11
-0.0074999999999999997 -0.023 1.3395998571080479e-10
-0.0069999999999999993 -0.023 2.0040071138628097e-10
-0.0064999999999999988 -0.023 2.9158131455041881e-10
-0.0059999999999999984 -0.023 4.1262580506723963e-10
-0.0054999999999999979 -0.023 5.6792285208532048e-10
-0.005000000000000001 -0.023 7.6025374485779997e-10
-0.0044999999999999971 -0.023 9.898378494290848e-10
-0.0040000000000000001 -0.023 1.253446520276492e-09
-0.0035000000000000031 -0.023 1.5437743687901606e-09
-0.0029999999999999992 -0.023 1.8492605607092926e-09
-0.0025000000000000022 -0.023 2.1545106906129886e-09
-0.0019999999999999983 -0.023 2.4413804561840476e-09
-0.0015000000000000013 -0.023 2.6906582392240619e-09
-0.00099999999999999742 -0.023 2.8841502236796989e-09
-0.00050000000000000044 -0.023 3.0068618898002951e-09
0 -0.023 3.0489152215082564e-09
0.00050000000000000044 -0.023 3.0068618898002951e-09
0.0010000000000000009 -0.023 2.8841502236796989e-09
0.0015000000000000013 -0.023 2.6906582392240619e-09
0.0020000000000000018 -0.023 2.4413804561840476e-09
0.0024999999999999988 -0.023 2.1545106906129886e-09
0.0030000000000000027 -0.023 1.8492605607092926e-09
0.0034999999999999996 -0.023 1.5437743687901606e-09
0.0040000000000000036 -0.023 1.2534465202764831e-09
0.0045000000000000005 -0.023 9.898378494290848e-10
0.0049999999999999975 -0.023 7.6025374485780545e-10
0.0055000000000000014 -0.023 5.6792285208532048e-10
0.0059999999999999984 -0.023 4.1262580506723963e-10
0.0064999999999999988 -0.023 2.9158131455041881e-10
0.0069999999999999993 -0.023 2.0040071138628097e-10
0.0074999999999999997 -0.023 1.3395998571080479e-10
0.0080000000000000002 -0.023 8.7093790152021525e-11
0.0085000000000000006 -0.023 5.5072596561878835e-11
0.0090000000000000011 -0.023 3.3870388641129494e-11
0.0095000000000000015 -0.023 2.0260076047044283e-11
0.010000000000000002 -0.023 1.1786862758373944e-11
0.010500000000000002 -0.023 6.6694749671418669e-12
0.011000000000000003 -0.023 3.6704670627965626e-12
0.011500000000000003 -0.023 1.964659443364376e-12
0.012000000000000004 -0.023 1.0227971124591287e-12
0.012499999999999997 -0.023 5.1787860664289243e-13
0.013000000000000005 -0.023 2.5503671912272334e-13
0.013499999999999998 -0.023 1.2215569507562443e-13
0.014000000000000005 -0.023 5.6906383981582965e-14
0.014499999999999999 -0.023 2.5783657595183805e-14
0.014999999999999999 -0.023 1.1362249581632769e-14
0.0155 -0.023 4.8699038716475981e-15
0.016000000000000007 -0.023 2.0300779635751768e-15
0.016500000000000001 -0.023 8.2307859905599718e-16
0.017000000000000001 -0.023 3.2456834933838514e-16
0.017500000000000002 -0.023 1.2448220952761843e-16
0.017999999999999995 -0.023 4.6434917066917094e-17
0.018500000000000003 -0.023 1.6846835084339608e-17
0.019000000000000003 -0.023 5.9446766811943876e-18
0.019500000000000003 -0.023 2.0402078689775357e-18
0.019999999999999997 -0.023 6.8101528850792292e-19
0.020499999999999997 -0.023 2.2109329372285559e-19
0.021000000000000005 -0.023 6.9812074241065345e-20
0.021500000000000005 -0.023 2.1439851773927864e-20
0.021999999999999999 -0.023 6.4039698640087334e-21
0.022499999999999999 -0.023 1.8604287617030391e-21
0.023000000000000007 -0.023 5.2566985747463879e-22
0.023500000000000007 -0.023 1.4446058492097449e-22
0.024 -0.023 3.8611967110333423e-23
0.024500000000000001 -0.023 1.0037620005973935e-23
0.025000000000000001 -0.023 2.5379077851520863e-24
-0.025000000000000001 -0.022500000000000003 8.9820570285878734e-24
-0.024500000000000001 -0.022500000000000003 3.5524724677713057e-23
-0.024 -0.022500000000000003 1.366538581898055e-22
-0.0235 -0.022500000000000003 5.1126885686495685e-22
-0.023 -0.022500000000000003 1.8604287617030259e-21
-0.022500000000000003 -0.022500000000000003 6.5843516194740014e-21
-0.022000000000000002 -0.022500000000000003 2.2664662153765992e-20
-0.021500000000000002 -0.022500000000000003 7.5879026198090247e-20
-0.021000000000000001 -0.022500000000000003 2.4707597170623241e-19
-0.020500000000000001 -0.022500000000000003 7.8248413298357832e-19
-0.02 -0.022500000000000003 2.4102208104270354e-18
-0.0195 -0.022500000000000003 7.2206183126673097e-18
-0.019 -0.022500000000000003 2.1039150941335366e-17
-0.018500000000000003 -0.022500000000000003 5.9623613735707663e-17
-0.018000000000000002 -0.022500000000000003 1.6434051530670597e-16
-0.017500000000000002 -0.022500000000000003 4.4056222671411916e-16
-0.017000000000000001 -0.022500000000000003 1.1486987196649879e-15
-0.016500000000000001 -0.022500000000000003 2.9130053341509218e-15
-0.016 -0.022500000000000003 7.1847669753766589e-15
-0.0155 -0.022500000000000003 1.7235359990141779e-14
-0.015000000000000001 -0.022500000000000003 4.0212798239695564e-14
-0.014500000000000001 -0.022500000000000003 9.1252441984074645e-14
-0.014 -0.022500000000000003 2.0140069280833805e-13
-0.0135 -0.022500000000000003 4.3232832412399511e-13
-0.012999999999999999 -0.022500000000000003 9.0261528371764269e-13
-0.012500000000000001 -0.022500000000000003 1.8328542928021718e-12
-0.012 -0.022500000000000003 3.6198407391040685e-12
-0.0115 -0.022500000000000003 6.9532404862358566e-12
-0.010999999999999999 -0.022500000000000003 1.2990363429464199e-11
-0.010499999999999999 -0.022500000000000003 2.3604326704099867e-11
-0.010000000000000002 -0.022500000000000003 4.1715571425897553e-11
-0.0095000000000000015 -0.022500000000000003 7.1703613315948375e-11
-0.0090000000000000011 -0.022500000000000003 1.1987266209391806e-10
-0.0085000000000000006 -0.022500000000000003 1.9491062911159651e-10
-0.0080000000000000002 -0.022500000000000003 3.0823869746490661e-10
-0.0074999999999999997 -0.022500000000000003 4.7410557556218076e-10
-0.0069999999999999993 -0.022500000000000003 7.0924981150695907e-10
-0.0064999999999999988 -0.022500000000000003 1.0319523865622031e-09
-0.0059999999999999984 -0.022500000000000003 1.4603479820126102e-09
-0.0054999999999999979 -0.022500000000000003 2.0099687920548118e-09
-0.005000000000000001 -0.022500000000000003 2.6906582392240524e-09
-0.0044999999999999971 -0.022500000000000003 3.5031926946447585e-09
-0.0040000000000000001 -0.022500000000000003 4.4361454711932491e-09
-0.0035000000000000031 -0.022500000000000003 5.4636616432123724e-09
-0.0029999999999999992 -0.022500000000000003 6.5448255898761636e-09
-0.0025000000000000022 -0.022500000000000003 7.6251540757334854e-09
-0.0019999999999999983 -0.022500000000000003 8.6404315453136043e-09
-0.0015000000000000013 -0.022500000000000003 9.5226650434433233e-09
-0.00099999999999999742 -0.022500000000000003 1.0207463777709007e-08
-0.00050000000000000044 -0.022500000000000003 1.0641759771289477e-08
0 -0.022500000000000003 1.0790593163051344e-08
0.00050000000000000044 -0.022500000000000003 1.0641759771289477e-08
0.0010000000000000009 -0.022500000000000003 1.0207463777709007e-08
0.0015000000000000013 -0.022500000000000003 9.5226650434433233e-09
0.0020000000000000018 -0.022500000000000003 8.6404315453136043e-09
0.0024999999999999988 -0.022500000000000003 7.6251540757334854e-09
0.0030000000000000027 -0.022500000000000003 6.5448255898761636e-09
0.0034999999999999996 -0.022500000000000003 5.4636616432123724e-09
0.0040000000000000036 -0.022500000000000003 4.4361454711932177e-09
0.0045000000000000005 -0.022500000000000003 3.5031926946447585e-09
0.0049999999999999975 -0.022500000000000003 2.6906582392240524e-09
0.0055000000000000014 -0.022500000000000003 2.0099687920548118e-09
0.0059999999999999984 -0.022500000000000003 1.4603479820126102e-09
0.0064999999999999988 -0.022500000000000003 1.0319523865622031e-09
0.0069999999999999993 -0.022500000000000003 7.0924981150695907e-10
0.0074999999999999997 -0.022500000000000003 4.7410557556218076e-10
0.0080000000000000002 -0.022500000000000003 3.0823869746490661e-10
0.0085000000000000006 -0.022500000000000003 1.9491062911159651e-10
0.0090000000000000011 -0.022500000000000003 1.1987266209391806e-10
0.0095000000000000015 -0.022500000000000003 7.1703613315948375e-11
0.010000000000000002 -0.022500000000000003 4.1715571425897553e-11
0.010500000000000002 -0.022500000000000003 2.3604326704099867e-11
0.011000000000000003 -0.022500000000000003 1.2990363429464107e-11
0.011500000000000003 -0.022500000000000003 6.9532404862358566e-12
0.012000000000000004 -0.022500000000000003 3.619840739104043e-12
0.012499999999999997 -0.022500000000000003 1.8328542928021848e-12
0.013000000000000005 -0.022500000000000003 9.0261528371763633e-13
0.013499999999999998 -0.022500000000000003 4.3232832412399511e-13
0.014000000000000005 -0.022500000000000003 2.0140069280833661e-13
0.014499999999999999 -0.022500000000000003 9.1252441984075301e-14
0.014999999999999999 -0.022500000000000003 4.0212798239695564e-14
0.0155 -0.022500000000000003 1.7235359990141779e-14
0.016000000000000007 -0.022500000000000003 7.1847669753765564e-15
0.016500000000000001 -0.022500000000000003 2.9130053341509218e-15
0.017000000000000001 -0.022500000000000003 1.1486987196649879e-15
0.017500000000000002 -0.022500000000000003 4.4056222671411916e-16
0.017999999999999995 -0.022500000000000003 1.6434051530670829e-16
0.018500000000000003 -0.022500000000000003 5.9623613735707663e-17
0.019000000000000003 -0.022500000000000003 2.1039150941335215e-17
0.019500000000000003 -0.022500000000000003 7.2206183126673097e-18
0.019999999999999997 -0.022500000000000003 2.4102208104270696e-18
0.020499999999999997 -0.022500000000000003 7.8248413298358381e-19
0.021000000000000005 -0.022500000000000003 2.4707597170623063e-19
0.021500000000000005 -0.022500000000000003 7.5879026198089693e-20
0.021999999999999999 -0.022500000000000003 2.2664662153766317e-20
0.022499999999999999 -0.022500000000000003 6.5843516194740947e-21
0.023000000000000007 -0.022500000000000003 1.8604287617029996e-21
0.023500000000000007 -0.022500000000000003 5.1126885686494237e-22
0.024 -0.022500000000000003 1.366538581898055e-22
0.024500000000000001 -0.022500000000000003 3.5524724677713057e-23
0.025000000000000001 -0.022500000000000003 8.9820570285878734e-24
-0.025000000000000001 -0.022000000000000002 3.0918046265437398e-23
-0.024500000000000001 -0.022000000000000002 1.2228324510261382e-22
-0.024 -0.022000000000000002 4.7039005613251473e-22
-0.0235 -0.022000000000000002 1.7598902033594754e-21
-0.023 -0.022000000000000002 6.4039698640087334e-21
-0.022500000000000003 -0.022000000000000002 2.2664662153765992e-20
-0.022000000000000002 -0.022000000000000002 7.8016324192812882e-20
-0.021500000000000002 -0.022000000000000002 2.6119086475425201e-19
-0.021000000000000001 -0.022000000000000002 8.5048517282596105e-19
-0.020500000000000001 -0.022000000000000002 2.6934677155306888e-18
-0.02 -0.022000000000000002 8.296464639394386e-18
-0.0195 -0.022000000000000002 2.4854820042398529e-17
-0.019 -0.022000000000000002 7.2420987766985397e-17
-0.018500000000000003 -0.022000000000000002 2.0523646667193323e-16
-0.018000000000000002 -0.022000000000000002 5.6569309673347605e-16
-0.017500000000000002 -0.022000000000000002 1.5165037657852252e-15
-0.017000000000000001 -0.022000000000000002 3.9540519556503441e-15
-0.016500000000000001 -0.022000000000000002 1.0027150062183819e-14
-0.016 -0.022000000000000002 2.4731412531011972e-14
-0.0155 -0.022000000000000002 5.9327574505552914e-14
-0.015000000000000001 -0.022000000000000002 1.3842053690824379e-13
-0.014500000000000001 -0.022000000000000002 3.1410925293816849e-13
-0.014 -0.022000000000000002 6.9326167918110737e-13
-0.0135 -0.022000000000000002 1.4881610175243087e-12
-0.012999999999999999 -0.022000000000000002 3.1069832904701831e-12
-0.012500000000000001 -0.022000000000000002 6.309052997804433e-12
-0.012 -0.022000000000000002 1.2460219645558197e-11
-0.0115 -0.022000000000000002 2.3934451803625561e-11
-0.010999999999999999 -0.022000000000000002 4.471544282547982e-11
-0.010499999999999999 -0.022000000000000002 8.1250838508268801e-11
-0.010000000000000002 -0.022000000000000002 1.4359338436953023e-10
-0.0095000000000000015 -0.022000000000000002 2.4681825408650921e-10
-0.0090000000000000011 -0.022000000000000002 4.1262580506723518e-10
-0.0085000000000000006 -0.022000000000000002 6.7092157501534542e-10
-0.0080000000000000002 -0.022000000000000002 1.0610195725417704e-09
-0.0074999999999999997 -0.022000000000000002 1.6319667168977854e-09
-0.0069999999999999993 -0.022000000000000002 2.4413804561840302e-09
-0.0064999999999999988 -0.022000000000000002 3.5521876035644193e-09
-0.0059999999999999984 -0.022000000000000002 5.0268113782620198e-09
-0.0054999999999999979 -0.022000000000000002 6.9187167156748845e-09
-0.005000000000000001 -0.022000000000000002 9.2617866553323151e-09
-0.0044999999999999971 -0.022000000000000002 1.2058693622745497e-08
-0.0040000000000000001 -0.022000000000000002 1.5270104663332985e-08
-0.0035000000000000031 -0.022000000000000002 1.8807021924474752e-08
-0.0029999999999999992 -0.022000000000000002 2.2528605612607913e-08
-0.0025000000000000022 -0.022000000000000002 2.6247313476663523e-08
-0.0019999999999999983 -0.022000000000000002 2.9742102663241441e-08
-0.0015000000000000013 -0.022000000000000002 3.2778927749663828e-08
-0.00099999999999999742 -0.022000000000000002 3.5136142681739381e-08
-0.00050000000000000044 -0.022000000000000002 3.6631076813161268e-08
0 -0.022000000000000002 3.7143391272720964e-08
0.00050000000000000044 -0.022000000000000002 3.6631076813161268e-08
0.0010000000000000009 -0.022000000000000002 3.5136142681739249e-08
0.0015000000000000013 -0.022000000000000002 3.2778927749663828e-08
0.0020000000000000018 -0.022000000000000002 2.9742102663241441e-08
0.0024999999999999988 -0.022000000000000002 2.6247313476663523e-08
0.0030000000000000027 -0.022000000000000002 2.2528605612607837e-08
0.0034999999999999996 -0.022000000000000002 1.8807021924474881e-08
0.0040000000000000036 -0.022000000000000002 1.5270104663332985e-08
0.0045000000000000005 -0.022000000000000002 1.2058693622745411e-08
0.0049999999999999975 -0.022000000000000002 9.2617866553323151e-09
0.0055000000000000014 -0.022000000000000002 6.9187167156748348e-09
0.0059999999999999984 -0.022000000000000002 5.0268113782620198e-09
0.0064999999999999988 -0.022000000000000002 3.5521876035644193e-09
0.0069999999999999993 -0.022000000000000002 2.4413804561840302e-09
0.0074999999999999997 -0.022000000000000002 1.6319667168977854e-09
0.0080000000000000002 -0.022000000000000002 1.0610195725417704e-09
0.0085000000000000006 -0.022000000000000002 6.7092157501534542e-10
0.0090000000000000011 -0.022000000000000002 4.1262580506723518e-10
0.0095000000000000015 -0.022000000000000002 2.4681825408650921e-10
0.010000000000000002 -0.022000000000000002 1.4359338436953023e-10
0.010500000000000002 -0.022000000000000002 8.1250838508268219e-11
0.011000000000000003 -0.022000000000000002 4.4715442825479497e-11
0.011500000000000003 -0.022000000000000002 2.393445180362539e-11
0.012000000000000004 -0.022000000000000002 1.2460219645558109e-11
0.012499999999999997 -0.022000000000000002 6.3090529978045227e-12
0.013000000000000005 -0.022000000000000002 3.1069832904701609e-12
0.013499999999999998 -0.022000000000000002 1.4881610175243087e-12
0.014000000000000005 -0.022000000000000002 6.9326167918110252e-13
0.014499999999999999 -0.022000000000000002 3.1410925293816849e-13
0.014999999999999999 -0.022000000000000002 1.384205369082448e-13
0.0155 -0.022000000000000002 5.9327574505552914e-14
0.016000000000000007 -0.022000000000000002 2.4731412531011442e-14
0.016500000000000001 -0.022000000000000002 1.0027150062183819e-14
0.017000000000000001 -0.022000000000000002 3.9540519556503441e-15
0.017500000000000002 -0.022000000000000002 1.5165037657852252e-15
0.017999999999999995 -0.022000000000000002 5.6569309673348009e-16
0.018500000000000003 -0.022000000000000002 2.0523646667193323e-16
0.019000000000000003 -0.022000000000000002 7.2420987766984374e-17
0.019500000000000003 -0.022000000000000002 2.4854820042398353e-17
0.019999999999999997 -0.022000000000000002 8.296464639394386e-18
0.020499999999999997 -0.022000000000000002 2.693467715530708e-18
0.021000000000000005 -0.022000000000000002 8.5048517282595508e-19
0.021500000000000005 -0.022000000000000002 2.6119086475425201e-19
0.021999999999999999 -0.022000000000000002 7.8016324192812882e-20
0.022499999999999999 -0.022000000000000002 2.2664662153766317e-20
0.023000000000000007 -0.022000000000000002 6.4039698640085973e-21
0.023500000000000007 -0.022000000000000002 1.7598902033594254e-21
0.024 -0.022000000000000002 4.7039005613251473e-22
0.024500000000000001 -0.022000000000000002 1.2228324510261382e-22
0.025000000000000001 -0.022000000000000002 3.0918046265437398e-23
-0.025000000000000001 -0.021500000000000002 1.0351053223968178e-22
-0.024500000000000001 -0.021500000000000002 4.0939209663828831e-22
-0.024 -0.021500000000000002 1.5748189472424903e-21
-0.0235 -0.021500000000000002 5.8919367048356857e-21
-0.023 -0.021500000000000002 2.1439851773928018e-20
-0.022500000000000003 -0.021500000000000002 7.5879026198090247e-20
-0.022000000000000002 -0.021500000000000002 2.6119086475425201e-19
-0.021500000000000002 -0.021500000000000002 8.7444093959708954e-19
-0.021000000000000001 -0.021500000000000002 2.8473394517034477e-18
-0.020500000000000001 -0.021500000000000002 9.0174610132673991e-18
-0.02 -0.021500000000000002 2.7775735347527707e-17
-0.0195 -0.021500000000000002 8.3211456158087459e-17
-0.019 -0.021500000000000002 2.424582370026426e-16
-0.018500000000000003 -0.021500000000000002 6.8711120094130001e-16
-0.018000000000000002 -0.021500000000000002 1.8938840127376692e-15
-0.017500000000000002 -0.021500000000000002 5.0771032099589128e-15
-0.017000000000000001 -0.021500000000000002 1.3237771200641829e-14
-0.016500000000000001 -0.021500000000000002 3.3569897362630847e-14
-0.016 -0.021500000000000002 8.2798300130169964e-14
-0.0155 -0.021500000000000002 1.9862279656473746e-13
-0.015000000000000001 -0.021500000000000002 4.6341813856109561e-13
-0.014500000000000001 -0.021500000000000002 1.0516064202085403e-12
-0.014 -0.021500000000000002 2.320970891153324e-12
-0.0135 -0.021500000000000002 4.9822145183373338e-12
-0.012999999999999999 -0.021500000000000002 1.0401869875454651e-11
-0.012500000000000001 -0.021500000000000002 2.1122079581759839e-11
-0.012 -0.021500000000000002 4.1715571425897553e-11
-0.0115 -0.021500000000000002 8.0130155178265582e-11
-0.010999999999999999 -0.021500000000000002 1.4970283848021028e-10
-0.010499999999999999 -0.021500000000000002 2.7201969576949019e-10
-0.010000000000000002 -0.021500000000000002 4.8073631543797524e-10
-0.0095000000000000015 -0.021500000000000002 8.2632287394961512e-10
-0.0090000000000000011 -0.021500000000000002 1.3814300014837133e-09
-0.0085000000000000006 -0.021500000000000002 2.2461784526973009e-09
-0.0080000000000000002 -0.021500000000000002 3.5521876035644193e-09
-0.0074999999999999997 -0.021500000000000002 5.4636616432123724e-09
-0.0069999999999999993 -0.021500000000000002 8.1734980357301076e-09
-0.0064999999999999988 -0.021500000000000002 1.1892369469386039e-08
-0.0059999999999999984 -0.021500000000000002 1.6829262650209928e-08
-0.0054999999999999979 -0.021500000000000002 2.316317284432255e-08
-0.005000000000000001 -0.021500000000000002 3.100753708540529e-08
-0.0044999999999999971 -0.021500000000000002 4.0371302387271836e-08
-0.0040000000000000001 -0.021500000000000002 5.1122785944730755e-08
-0.0035000000000000031 -0.021500000000000002 6.2964031832178002e-08
-0.0029999999999999992 -0.021500000000000002 7.5423522481294445e-08
-0.0025000000000000022 -0.021500000000000002 8.7873385158503571e-08
-0.0019999999999999983 -0.021500000000000002 9.9573590458103738e-08
-0.0015000000000000013 -0.021500000000000002 1.0974057767054632e-07
-0.00099999999999999742 -0.021500000000000002 1.1763229793410033e-07
-0.00050000000000000044 -0.021500000000000002 1.2263718816158345e-07
0 -0.021500000000000002 1.2435236582603945e-07
0.00050000000000000044 -0.021500000000000002 1.2263718816158345e-07
0.0010000000000000009 -0.021500000000000002 1.176322979340999e-07
0.0015000000000000013 -0.021500000000000002 1.0974057767054632e-07
0.0020000000000000018 -0.021500000000000002 9.9573590458103738e-08
0.0024999999999999988 -0.021500000000000002 8.7873385158503571e-08
0.0030000000000000027 -0.021500000000000002 7.5423522481294445e-08
0.0034999999999999996 -0.021500000000000002 6.2964031832178002e-08
0.0040000000000000036 -0.021500000000000002 5.1122785944730755e-08
0.0045000000000000005 -0.021500000000000002 4.0371302387271836e-08
0.0049999999999999975 -0.021500000000000002 3.1007537085405402e-08
0.0055000000000000014 -0.021500000000000002 2.316317284432255e-08
0.0059999999999999984 -0.021500000000000002 1.6829262650209928e-08
0.0064999999999999988 -0.021500000000000002 1.1892369469386039e-08
0.0069999999999999993 -0.021500000000000002 8.1734980357301076e-09
0.0074999999999999997 -0.021500000000000002 5.4636616432123724e-09
0.0080000000000000002 -0.021500000000000002 3.5521876035644193e-09
0.0085000000000000006 -0.021500000000000002 2.2461784526973009e-09
0.0090000000000000011 -0.021500000000000002 1.3814300014837133e-09
0.0095000000000000015 -0.021500000000000002 8.2632287394961512e-10
0.010000000000000002 -0.021500000000000002 4.8073631543797524e-10
0.010500000000000002 -0.021500000000000002 2.7201969576949019e-10
0.011000000000000003 -0.021500000000000002 1.4970283848021028e-10
0.011500000000000003 -0.021500000000000002 8.0130155178265013e-11
0.012000000000000004 -0.021500000000000002 4.1715571425897553e-11
0.012499999999999997 -0.021500000000000002 2.1122079581759839e-11
0.013000000000000005 -0.021500000000000002 1.0401869875454578e-11
0.013499999999999998 -0.021500000000000002 4.9822145183373338e-12
0.014000000000000005 -0.021500000000000002 2.3209708911533075e-12
0.014499999999999999 -0.021500000000000002 1.0516064202085403e-12
0.014999999999999999 -0.021500000000000002 4.6341813856109561e-13
0.0155 -0.021500000000000002 1.9862279656473746e-13
0.016000000000000007 -0.021500000000000002 8.2798300130168778e-14
0.016500000000000001 -0.021500000000000002 3.3569897362630847e-14
0.017000000000000001 -0.021500000000000002 1.3237771200641829e-14
0.017500000000000002 -0.021500000000000002 5.0771032099589128e-15
0.017999999999999995 -0.021500000000000002 1.893884012737696e-15
0.018500000000000003 -0.021500000000000002 6.8711120094130001e-16
0.019000000000000003 -0.021500000000000002 2.4245823700264082e-16
0.019500000000000003 -0.021500000000000002 8.3211456158087459e-17
0.019999999999999997 -0.021500000000000002 2.7775735347528095e-17
0.020499999999999997 -0.021500000000000002 9.0174610132674623e-18
0.021000000000000005 -0.021500000000000002 2.8473394517034273e-18
0.021500000000000005 -0.021500000000000002 8.7444093959708338e-19
0.021999999999999999 -0.021500000000000002 2.6119086475425572e-19
0.022499999999999999 -0.021500000000000002 7.5879026198090777e-20
0.023000000000000007 -0.021500000000000002 2.143985177392756e-20
0.023500000000000007 -0.021500000000000002 5.8919367048356022e-21
0.024 -0.021500000000000002 1.5748189472424903e-21
0.024500000000000001 -0.021500000000000002 4.0939209663828831e-22
0.025000000000000001 -0.021500000000000002 1.0351053223968178e-22
-0.025000000000000001 -0.021000000000000001 3.3704920340151069e-22
-0.024500000000000001 -0.021000000000000001 1.3330554588522474e-21
-0.024 -0.021000000000000001 5.1278981972638248e-21
-0.0235 -0.021000000000000001 1.9185222313983041e-20
-0.023 -0.021000000000000001 6.9812074241065838e-20
-0.022500000000000003 -0.021000000000000001 2.4707597170623241e-19
-0.022000000000000002 -0.021000000000000001 8.5048517282596105e-19
-0.021500000000000002 -0.021000000000000001 2.8473394517034477e-18
-0.021000000000000001 -0.021000000000000001 9.2714574376658463e-18
-0.020500000000000001 -0.021000000000000001 2.9362500466989402e-17
-0.02 -0.021000000000000001 9.0442868664784309e-17
-0.0195 -0.021000000000000001 2.7095170322398803e-16
-0.019 -0.021000000000000001 7.8948831458667391e-16
-0.018500000000000003 -0.021000000000000001 2.2373595992074297e-15
-0.018000000000000002 -0.021000000000000001 6.1668323407903554e-15
-0.017500000000000002 -0.021000000000000001 1.6531975592024693e-14
-0.017000000000000001 -0.021000000000000001 4.3104601449217088e-14
-0.016500000000000001 -0.021000000000000001 1.0930971872645435e-13
-0.016 -0.021000000000000001 2.6960639171725483e-13
-0.0155 -0.021000000000000001 6.4675211218613822e-13
-0.015000000000000001 -0.021000000000000001 1.5089741214174666e-12
-0.014500000000000001 -0.021000000000000001 3.424222623089977e-12
-0.014 -0.021000000000000001 7.55750524178473e-12
-0.0135 -0.021000000000000001 1.6223000676807281e-11
-0.012999999999999999 -0.021000000000000001 3.3870388641129255e-11
-0.012500000000000001 -0.021000000000000001 6.8777349929287783e-11
-0.012 -0.021000000000000001 1.358335216167266e-10
-0.0115 -0.021000000000000001 2.6091842430813179e-10
-0.010999999999999999 -0.021000000000000001 4.8745979143325263e-10
-0.010499999999999999 -0.021000000000000001 8.8574582494012441e-10
-0.010000000000000002 -0.021000000000000001 1.5653652692013788e-09
-0.0095000000000000015 -0.021000000000000001 2.6906582392240524e-09
-0.0090000000000000011 -0.021000000000000001 4.4981884594786722e-09
-0.0085000000000000006 -0.021000000000000001 7.3139673982763514e-09
-0.0080000000000000002 -0.021000000000000001 1.1566571789446667e-08
-0.0074999999999999997 -0.021000000000000001 1.7790680471394128e-08
-0.0069999999999999993 -0.021000000000000001 2.6614402827797923e-08
-0.0064999999999999988 -0.021000000000000001 3.8723727619636357e-08
-0.0059999999999999984 -0.021000000000000001 5.4799153741705372e-08
-0.0054999999999999979 -0.021000000000000001 7.5423522481294974e-08
-0.005000000000000001 -0.021000000000000001 1.0096620554398168e-07
-0.0044999999999999971 -0.021000000000000001 1.3145633604128167e-07
-0.0040000000000000001 -0.021000000000000001 1.6646513070224439e-07
-0.0035000000000000031 -0.021000000000000001 2.0502239059927568e-07
-0.0029999999999999992 -0.021000000000000001 2.4559276838797624e-07
-0.0025000000000000022 -0.021000000000000001 2.861317957412023e-07
-0.0019999999999999983 -0.021000000000000001 3.2422980171737767e-07
-0.0015000000000000013 -0.021000000000000001 3.5733536949682054e-07
-0.00099999999999999742 -0.021000000000000001 3.8303225242018687e-07
-0.00050000000000000044 -0.021000000000000001 3.993290893486179e-07
0 -0.021000000000000001 4.0491402117138644e-07
0.00050000000000000044 -0.021000000000000001 3.993290893486179e-07
0.0010000000000000009 -0.021000000000000001 3.8303225242018687e-07
0.0015000000000000013 -0.021000000000000001 3.5733536949682054e-07
0.0020000000000000018 -0.021000000000000001 3.2422980171737767e-07
0.0024999999999999988 -0.021000000000000001 2.861317957412023e-07
0.0030000000000000027 -0.021000000000000001 2.4559276838797624e-07
0.0034999999999999996 -0.021000000000000001 2.0502239059927568e-07
0.0040000000000000036 -0.021000000000000001 1.6646513070224439e-07
0.0045000000000000005 -0.021000000000000001 1.3145633604128119e-07
0.0049999999999999975 -0.021000000000000001 1.0096620554398204e-07
0.0055000000000000014 -0.021000000000000001 7.5423522481294696e-08
0.0059999999999999984 -0.021000000000000001 5.4799153741705372e-08
0.0064999999999999988 -0.021000000000000001 3.8723727619636357e-08
0.0069999999999999993 -0.021000000000000001 2.6614402827797923e-08
0.0074999999999999997 -0.021000000000000001 1.7790680471394128e-08
0.0080000000000000002 -0.021000000000000001 1.1566571789446667e-08
0.0085000000000000006 -0.021000000000000001 7.3139673982763514e-09
0.0090000000000000011 -0.021000000000000001 4.4981884594786722e-09
0.0095000000000000015 -0.021000000000000001 2.6906582392240524e-09
0.010000000000000002 -0.021000000000000001 1.5653652692013788e-09
0.010500000000000002 -0.021000000000000001 8.8574582494012131e-10
0.011000000000000003 -0.021000000000000001 4.8745979143324911e-10
0.011500000000000003 -0.021000000000000001 2.6091842430813091e-10
0.012000000000000004 -0.021000000000000001 1.3583352161672565e-10
0.012499999999999997 -0.021000000000000001 6.8777349929288752e-11
0.013000000000000005 -0.021000000000000001 3.3870388641129016e-11
0.013499999999999998 -0.021000000000000001 1.6223000676807281e-11
0.014000000000000005 -0.021000000000000001 7.5575052417846751e-12
0.014499999999999999 -0.021000000000000001 3.424222623089977e-12
0.014999999999999999 -0.021000000000000001 1.5089741214174773e-12
0.0155 -0.021000000000000001 6.4675211218613822e-13
0.016000000000000007 -0.021000000000000001 2.6960639171724907e-13
0.016500000000000001 -0.021000000000000001 1.0930971872645435e-13
0.017000000000000001 -0.021000000000000001 4.3104601449217088e-14
0.017500000000000002 -0.021000000000000001 1.6531975592024693e-14
0.017999999999999995 -0.021000000000000001 6.1668323407903996e-15
0.018500000000000003 -0.021000000000000001 2.2373595992074297e-15
0.019000000000000003 -0.021000000000000001 7.8948831458666257e-16
0.019500000000000003 -0.021000000000000001 2.709517032239861e-16
0.019999999999999997 -0.021000000000000001 9.0442868664784309e-17
0.020499999999999997 -0.021000000000000001 2.9362500466989611e-17
0.021000000000000005 -0.021000000000000001 9.27145743766578e-18
0.021500000000000005 -0.021000000000000001 2.8473394517034477e-18
0.021999999999999999 -0.021000000000000001 8.5048517282596105e-19
0.022499999999999999 -0.021000000000000001 2.4707597170623588e-19
0.023000000000000007 -0.021000000000000001 6.9812074241064346e-20
0.023500000000000007 -0.021000000000000001 1.9185222313982632e-20
0.024 -0.021000000000000001 5.1278981972638248e-21
0.024500000000000001 -0.021000000000000001 1.3330554588522474e-21
0.025000000000000001 -0.021000000000000001 3.3704920340151069e-22
-0.025000000000000001 -0.020500000000000001 1.0674273660654157e-21
-0.024500000000000001 -0.020500000000000001 4.2217571289337469e-21
-0.024 -0.020500000000000001 1.6239940076750187e-20
-0.0235 -0.020500000000000001 6.0759174373715696e-20
-0.023 -0.020500000000000001 2.21093293722854e-19
-0.022500000000000003 -0.020500000000000001 7.8248413298357832e-19
-0.022000000000000002 -0.020500000000000001 2.6934677155306888e-18
-0.021500000000000002 -0.020500000000000001 9.0174610132673991e-18
-0.021000000000000001 -0.020500000000000001 2.9362500466989402e-17
-0.020500000000000001 -0.020500000000000001 9.2990388994440594e-17
-0.02 -0.020500000000000001 2.8643056296811982e-16
-0.0195 -0.020500000000000001 8.5809804617394162e-16
-0.019 -0.020500000000000001 2.5002920157469636e-15
-0.018500000000000003 -0.020500000000000001 7.0856683232630941e-15
-0.018000000000000002 -0.020500000000000001 1.9530221510879024e-14
-0.017500000000000002 -0.020500000000000001 5.2356400739006879e-14
-0.017000000000000001 -0.020500000000000001 1.3651131860242537e-13
-0.016500000000000001 -0.020500000000000001 3.4618145946642414e-13
-0.016 -0.020500000000000001 8.5383747441267549e-13
-0.0155 -0.020500000000000001 2.0482496224318167e-12
-0.015000000000000001 -0.020500000000000001 4.7788876390452306e-12
-0.014500000000000001 -0.020500000000000001 1.0844437246844299e-11
-0.014 -0.020500000000000001 2.3934451803625561e-11
-0.0135 -0.020500000000000001 5.1377884022152945e-11
-0.012999999999999999 -0.020500000000000001 1.0726677105284186e-10
-0.012500000000000001 -0.020500000000000001 2.1781634473268279e-10
-0.012 -0.020500000000000001 4.3018175607437673e-10
-0.0115 -0.020500000000000001 8.2632287394962091e-10
-0.010999999999999999 -0.020500000000000001 1.5437743687901555e-09
-0.010499999999999999 -0.020500000000000001 2.8051374202269806e-09
-0.010000000000000002 -0.020500000000000001 4.9574771557712954e-09
-0.0095000000000000015 -0.020500000000000001 8.5212550817268781e-09
-0.0090000000000000011 -0.020500000000000001 1.4245663276786919e-08
-0.0085000000000000006 -0.020500000000000001 2.316317284432255e-08
-0.0080000000000000002 -0.020500000000000001 3.66310768131614e-08
-0.0074999999999999997 -0.020500000000000001 5.6342691228584422e-08
-0.0069999999999999993 -0.020500000000000001 8.4287224604527452e-08
-0.0064999999999999988 -0.020500000000000001 1.2263718816158345e-07
-0.0059999999999999984 -0.020500000000000001 1.7354770683567191e-07
-0.0054999999999999979 -0.020500000000000001 2.3886462608154387e-07
-0.005000000000000001 -0.020500000000000001 3.1975773791414543e-07
-0.0044999999999999971 -0.020500000000000001 4.1631930625273963e-07
-0.0040000000000000001 -0.020500000000000001 5.2719138397000835e-07
-0.0035000000000000031 -0.020500000000000001 6.4930137253912522e-07
-0.0029999999999999992 -0.020500000000000001 7.7778686090766544e-07
-0.0025000000000000022 -0.020500000000000001 9.0617306314105398e-07
-0.0019999999999999983 -0.020500000000000001 1.026828604709113e-06
-0.0015000000000000013 -0.020500000000000001 1.1316732050234942e-06
-0.00099999999999999742 -0.020500000000000001 1.2130546644014142e-06
-0.00050000000000000044 -0.020500000000000001 1.2646663861979795e-06
0 -0.020500000000000001 1.2823537416495498e-06
0.00050000000000000044 -0.020500000000000001 1.2646663861979795e-06
0.0010000000000000009 -0.020500000000000001 1.2130546644014097e-06
0.0015000000000000013 -0.020500000000000001 1.1316732050234942e-06
0.0020000000000000018 -0.020500000000000001 1.026828604709113e-06
0.0024999999999999988 -0.020500000000000001 9.0617306314105398e-07
0.0030000000000000027 -0.020500000000000001 7.7778686090766544e-07
0.0034999999999999996 -0.020500000000000001 6.4930137253912522e-07
0.0040000000000000036 -0.020500000000000001 5.2719138397000835e-07
0.0045000000000000005 -0.020500000000000001 4.1631930625273963e-07
0.0049999999999999975 -0.020500000000000001 3.1975773791414654e-07
0.0055000000000000014 -0.020500000000000001 2.3886462608154387e-07
0.0059999999999999984 -0.020500000000000001 1.7354770683567191e-07
0.0064999999999999988 -0.020500000000000001 1.2263718816158345e-07
0.0069999999999999993 -0.020500000000000001 8.4287224604527452e-08
0.0074999999999999997 -0.020500000000000001 5.6342691228584422e-08
0.0080000000000000002 -0.020500000000000001 3.66310768131614e-08
0.0085000000000000006 -0.020500000000000001 2.316317284432255e-08
0.0090000000000000011 -0.020500000000000001 1.4245663276786919e-08
0.0095000000000000015 -0.020500000000000001 8.5212550817268781e-09
0.010000000000000002 -0.020500000000000001 4.9574771557712954e-09
0.010500000000000002 -0.020500000000000001 2.8051374202269703e-09
0.011000000000000003 -0.020500000000000001 1.5437743687901555e-09
0.011500000000000003 -0.020500000000000001 8.2632287394961512e-10
0.012000000000000004 -0.020500000000000001 4.3018175607437673e-10
0.012499999999999997 -0.020500000000000001 2.1781634473268279e-10
0.013000000000000005 -0.020500000000000001 1.072667710528411e-10
0.013499999999999998 -0.020500000000000001 5.1377884022152945e-11
0.014000000000000005 -0.020500000000000001 2.393445180362539e-11
0.014499999999999999 -0.020500000000000001 1.0844437246844299e-11
0.014999999999999999 -0.020500000000000001 4.7788876390452646e-12
0.0155 -0.020500000000000001 2.0482496224318167e-12
0.016000000000000007 -0.020500000000000001 8.5383747441265732e-13
0.016500000000000001 -0.020500000000000001 3.4618145946642414e-13
0.017000000000000001 -0.020500000000000001 1.3651131860242537e-13
0.017500000000000002 -0.020500000000000001 5.2356400739006879e-14
0.017999999999999995 -0.020500000000000001 1.9530221510879305e-14
0.018500000000000003 -0.020500000000000001 7.0856683232630941e-15
0.019000000000000003 -0.020500000000000001 2.5002920157469462e-15
0.019500000000000003 -0.020500000000000001 8.5809804617392939e-16
0.019999999999999997 -0.020500000000000001 2.8643056296812184e-16
0.020499999999999997 -0.020500000000000001 9.2990388994441913e-17
0.021000000000000005 -0.020500000000000001 2.9362500466988983e-17
0.021500000000000005 -0.020500000000000001 9.0174610132673344e-18
0.021999999999999999 -0.020500000000000001 2.693467715530708e-18
0.022499999999999999 -0.020500000000000001 7.8248413298358381e-19
0.023000000000000007 -0.020500000000000001 2.2109329372284928e-19
0.023500000000000007 -0.020500000000000001 6.0759174373714396e-20
0.024 -0.020500000000000001 1.6239940076750187e-20
0.024500000000000001 -0.020500000000000001 4.2217571289337469e-21
0.025000000000000001 -0.020500000000000001 1.0674273660654157e-21
-0.025000000000000001 -0.02 3.2879077579508883e-21
-0.024500000000000001 -0.02 1.3003927440581635e-20
-0.024 -0.02 5.0022537049825109e-20
-0.0235 -0.02 1.8715143263226907e-19
-0.023 -0.02 6.8101528850791811e-19
-0.022500000000000003 -0.02 2.4102208104270354e-18
-0.022000000000000002 -0.02 8.296464639394386e-18
-0.021500000000000002 -0.02 2.7775735347527707e-17
-0.021000000000000001 -0.02 9.0442868664784309e-17
-0.020500000000000001 -0.02 2.8643056296811982e-16
-0.02 -0.02 8.8226824609947968e-16
-0.0195 -0.02 2.6431280598486176e-15
-0.019 -0.02 7.7014415941190803e-15
-0.018500000000000003 -0.02 2.1825394955159912e-14
-0.018000000000000002 -0.02 6.0157317360911377e-14
-0.017500000000000002 -0.02 1.6126906770499459e-13
-0.017000000000000001 -0.02 4.2048446362720811e-13
-0.016500000000000001 -0.02 1.066313964231514e-12
-0.016 -0.02 2.6300045749235412e-12
-0.0155 -0.02 6.3090529978045227e-12
-0.015000000000000001 -0.02 1.4720010224873229e-11
-0.014500000000000001 -0.02 3.3403218324764077e-11
-0.014 -0.02 7.3723301715144017e-11
-0.0135 -0.02 1.5825502402679199e-10
-0.012999999999999999 -0.02 3.3040491552599644e-10
-0.012500000000000001 -0.02 6.7092157501534542e-10
-0.012 -0.02 1.3250530931574466e-09
-0.0115 -0.02 2.545253638986002e-09
-0.010999999999999999 -0.02 4.7551598216752512e-09
-0.010499999999999999 -0.02 8.6404315453136672e-09
-0.010000000000000002 -0.02 1.5270104663333038e-08
-0.0095000000000000015 -0.02 2.6247313476663709e-08
-0.0090000000000000011 -0.02 4.3879732049171917e-08
-0.0085000000000000006 -0.02 7.1347595269483173e-08
-0.0080000000000000002 -0.02 1.1283165999391035e-07
-0.0074999999999999997 -0.02 1.7354770683567249e-07
-0.0069999999999999993 -0.02 2.5962292937540392e-07
-0.0064999999999999988 -0.02 3.777491332792416e-07
-0.0059999999999999984 -0.02 5.3456457068632554e-07
-0.0054999999999999979 -0.02 7.3575484586687957e-07
-0.005000000000000001 -0.02 9.8492317189507006e-07
-0.0044999999999999971 -0.02 1.2823537416495544e-06
-0.0040000000000000001 -0.02 1.6238637835088407e-06
-0.0035000000000000031 -0.02 1.9999890277206171e-06
-0.0029999999999999992 -0.02 2.3957521938348646e-06
-0.0025000000000000022 -0.02 2.7912095371227374e-06
-0.0019999999999999983 -0.02 3.1628547691760134e-06
-0.0015000000000000013 -0.02 3.4857988735824366e-06
-0.00099999999999999742 -0.02 3.7364714159478569e-06
-0.00050000000000000044 -0.02 3.8954467110272945e-06
0 -0.02 3.9499276013020373e-06
0.00050000000000000044 -0.02 3.8954467110272945e-06
0.0010000000000000009 -0.02 3.7364714159478437e-06
0.0015000000000000013 -0.02 3.4857988735824366e-06
0.0020000000000000018 -0.02 3.1628547691760134e-06
0.0024999999999999988 -0.02 2.7912095371227374e-06
0.0030000000000000027 -0.02 2.3957521938348646e-06
0.0034999999999999996 -0.02 1.9999890277206171e-06
0.0040000000000000036 -0.02 1.6238637835088407e-06
0.0045000000000000005 -0.02 1.2823537416495498e-06
0.0049999999999999975 -0.02 9.8492317189507006e-07
0.0055000000000000014 -0.02 7.3575484586687692e-07
0.0059999999999999984 -0.02 5.3456457068632554e-07
0.0064999999999999988 -0.02 3.777491332792416e-07
0.0069999999999999993 -0.02 2.5962292937540392e-07
0.0074999999999999997 -0.02 1.7354770683567249e-07
0.0080000000000000002 -0.02 1.1283165999391035e-07
0.0085000000000000006 -0.02 7.1347595269483173e-08
0.0090000000000000011 -0.02 4.3879732049171917e-08
0.0095000000000000015 -0.02 2.6247313476663709e-08
0.010000000000000002 -0.02 1.5270104663333038e-08
0.010500000000000002 -0.02 8.6404315453136043e-09
0.011000000000000003 -0.02 4.7551598216752181e-09
0.011500000000000003 -0.02 2.5452536389859929e-09
0.012000000000000004 -0.02 1.3250530931574373e-09
0.012499999999999997 -0.02 6.7092157501535256e-10
0.013000000000000005 -0.02 3.3040491552599411e-10
0.013499999999999998 -0.02 1.5825502402679199e-10
0.014000000000000005 -0.02 7.37233017151435e-11
0.014499999999999999 -0.02 3.3403218324764077e-11
0.014999999999999999 -0.02 1.4720010224873335e-11
0.0155 -0.02 6.3090529978045227e-12
0.016000000000000007 -0.02 2.6300045749234855e-12
0.016500000000000001 -0.02 1.066313964231514e-12
0.017000000000000001 -0.02 4.2048446362720811e-13
0.017500000000000002 -0.02 1.6126906770499459e-13
0.017999999999999995 -0.02 6.0157317360911806e-14
0.018500000000000003 -0.02 2.1825394955159912e-14
0.019000000000000003 -0.02 7.7014415941189714e-15
0.019500000000000003 -0.02 2.643128059848599e-15
0.019999999999999997 -0.02 8.8226824609947968e-16
0.020499999999999997 -0.02 2.8643056296812184e-16
0.021000000000000005 -0.02 9.0442868664783668e-17
0.021500000000000005 -0.02 2.7775735347527707e-17
0.021999999999999999 -0.02 8.296464639394386e-18
0.022499999999999999 -0.02 2.4102208104270696e-18
0.023000000000000007 -0.02 6.8101528850790357e-19
0.023500000000000007 -0.02 1.8715143263226377e-19
0.024 -0.02 5.0022537049825109e-20
0.024500000000000001 -0.02 1.3003927440581635e-20
0.025000000000000001 -0.02 3.2879077579508883e-21
-0.025000000000000001 -0.0195 9.8500215684449948e-21
-0.024500000000000001 -0.0195 3.8957591025622436e-20
-0.024 -0.0195 1.4985915211812215e-19
-0.0235 -0.0195 5.6067438130992526e-19
-0.023 -0.0195 2.0402078689775642e-18
-0.022500000000000003 -0.0195 7.2206183126673097e-18
-0.022000000000000002 -0.0195 2.4854820042398529e-17
-0.021500000000000002 -0.0195 8.3211456158087459e-17
-0.021000000000000001 -0.0195 2.7095170322398803e-16
-0.020500000000000001 -0.0195 8.5809804617394162e-16
-0.02 -0.0195 2.6431280598486176e-15
-0.0195 -0.0195 7.9183694660267768e-15
-0.019 -0.0195 2.307223054744984e-14
-0.018500000000000003 -0.0195 6.5385231847907996e-14
-0.018000000000000002 -0.0195 1.8022125835855468e-13
-0.017500000000000002 -0.0195 4.8313514616577908e-13
-0.017000000000000001 -0.0195 1.2597011050289512e-12
-0.016500000000000001 -0.0195 3.1944982401088731e-12
-0.016 -0.0195 7.8790537007798449e-12
-0.0155 -0.0195 1.8900867262640798e-11
-0.015000000000000001 -0.0195 4.4098687942843713e-11
-0.014500000000000001 -0.0195 1.0007045366730617e-10
-0.014 -0.0195 2.2086267786408751e-10
-0.0135 -0.0195 4.7410557556218417e-10
-0.012999999999999999 -0.0195 9.8983784942908129e-10
-0.012500000000000001 -0.0195 2.0099687920548118e-09
-0.012 -0.0195 3.9696373827317423e-09
-0.0115 -0.0195 7.62515407573354e-09
-0.010999999999999999 -0.0195 1.424566327678702e-08
-0.010499999999999999 -0.0195 2.5885287346094336e-08
-0.010000000000000002 -0.0195 4.5746678848430323e-08
-0.0095000000000000015 -0.0195 7.8632559941401631e-08
-0.0090000000000000011 -0.0195 1.3145633604128167e-07
-0.0085000000000000006 -0.0195 2.1374545881392871e-07
-0.0080000000000000002 -0.0195 3.3802477635081703e-07
-0.0074999999999999997 -0.0195 5.1991989475729843e-07
-0.0069999999999999993 -0.0195 7.7778686090766819e-07
-0.0064999999999999988 -0.0195 1.1316732050234984e-06
-0.0059999999999999984 -0.0195 1.601466019919126e-06
-0.0054999999999999979 -0.0195 2.2041984247737178e-06
-0.005000000000000001 -0.0195 2.9506650431318275e-06
-0.0044999999999999971 -0.0195 3.8417172693118113e-06
-0.0040000000000000001 -0.0195 4.8648242193227554e-06
-0.0035000000000000031 -0.0195 5.9916325243804484e-06
-0.0029999999999999992 -0.0195 7.1772727579893227e-06
-0.0025000000000000022 -0.0195 8.3619967975752775e-06
-0.0019999999999999983 -0.0195 9.4753837357221785e-06
-0.0015000000000000013 -0.0195 1.0442870243247563e-05
-0.00099999999999999742 -0.0195 1.1193843242093196e-05
-0.00050000000000000044 -0.0195 1.1670106629226174e-05
0 -0.0195 1.1833322261713568e-05
0.00050000000000000044 -0.0195 1.1670106629226174e-05
0.0010000000000000009 -0.0195 1.1193843242093155e-05
0.0015000000000000013 -0.0195 1.0442870243247563e-05
0.0020000000000000018 -0.0195 9.4753837357221785e-06
0.0024999999999999988 -0.0195 8.3619967975752775e-06
0.0030000000000000027 -0.0195 7.1772727579893227e-06
0.0034999999999999996 -0.0195 5.9916325243804484e-06
0.0040000000000000036 -0.0195 4.8648242193227554e-06
0.0045000000000000005 -0.0195 3.8417172693117978e-06
0.0049999999999999975 -0.0195 2.950665043131838e-06
0.0055000000000000014 -0.0195 2.2041984247737178e-06
0.0059999999999999984 -0.0195 1.601466019919126e-06
0.0064999999999999988 -0.0195 1.1316732050234984e-06
0.0069999999999999993 -0.0195 7.7778686090766819e-07
0.0074999999999999997 -0.0195 5.1991989475729843e-07
0.0080000000000000002 -0.0195 3.3802477635081703e-07
0.0085000000000000006 -0.0195 2.1374545881392871e-07
0.0090000000000000011 -0.0195 1.3145633604128167e-07
0.0095000000000000015 -0.0195 7.8632559941401631e-08
0.010000000000000002 -0.0195 4.5746678848430323e-08
0.010500000000000002 -0.0195 2.588528734609415e-08
0.011000000000000003 -0.0195 1.4245663276786919e-08
0.011500000000000003 -0.0195 7.6251540757334854e-09
0.012000000000000004 -0.0195 3.9696373827317142e-09
0.012499999999999997 -0.0195 2.0099687920548403e-09
0.013000000000000005 -0.0195 9.8983784942907426e-10
0.013499999999999998 -0.0195 4.7410557556218417e-10
0.014000000000000005 -0.0195 2.2086267786408591e-10
0.014499999999999999 -0.0195 1.0007045366730617e-10
0.014999999999999999 -0.0195 4.4098687942844024e-11
0.0155 -0.0195 1.8900867262640798e-11
0.016000000000000007 -0.0195 7.8790537007797334e-12
0.016500000000000001 -0.0195 3.1944982401088731e-12
0.017000000000000001 -0.0195 1.2597011050289512e-12
0.017500000000000002 -0.0195 4.8313514616577908e-13
0.017999999999999995 -0.0195 1.8022125835855725e-13
0.018500000000000003 -0.0195 6.5385231847907996e-14
0.019000000000000003 -0.0195 2.3072230547449512e-14
0.019500000000000003 -0.0195 7.91836946602672e-15
0.019999999999999997 -0.0195 2.6431280598486365e-15
0.020499999999999997 -0.0195 8.5809804617394773e-16
0.021000000000000005 -0.0195 2.709517032239861e-16
0.021500000000000005 -0.0195 8.3211456158087459e-17
0.021999999999999999 -0.0195 2.4854820042398704e-17
0.022499999999999999 -0.0195 7.2206183126674129e-18
0.023000000000000007 -0.0195 2.0402078689775065e-18
0.023500000000000007 -0.0195 5.6067438130990927e-19
0.024 -0.0195 1.4985915211812215e-19
0.024500000000000001 -0.0195 3.8957591025622436e-20
0.025000000000000001 -0.0195 9.8500215684449948e-21
-0.025000000000000001 -0.019 2.8700601746302078e-20
-0.024500000000000001 -0.019 1.1351308190061382e-19
-0.024 -0.019 4.3665364721224209e-19
-0.0235 -0.019 1.63367075041552e-18
-0.023 -0.019 5.9446766811943876e-18
-0.022500000000000003 -0.019 2.1039150941335366e-17
-0.022000000000000002 -0.019 7.2420987766985397e-17
-0.021500000000000002 -0.019 2.424582370026426e-16
-0.021000000000000001 -0.019 7.8948831458667391e-16
-0.020500000000000001 -0.019 2.5002920157469636e-15
-0.02 -0.019 7.7014415941190803e-15
-0.0195 -0.019 2.307223054744984e-14
-0.019 -0.019 6.7226949275174646e-14
-0.018500000000000003 -0.019 1.9051689240642978e-13
-0.018000000000000002 -0.019 5.2512154683361731e-13
-0.017500000000000002 -0.019 1.4077400057850443e-12
-0.017000000000000001 -0.019 3.6704670627965626e-12
-0.016500000000000001 -0.019 9.3080021329438508e-12
-0.016 -0.019 2.2957673831724653e-11
-0.0155 -0.019 5.5072596561878835e-11
-0.015000000000000001 -0.019 1.2849300596829415e-10
-0.014500000000000001 -0.019 2.9158131455041783e-10
-0.014 -0.019 6.4354090130178098e-10
-0.0135 -0.019 1.381430001483723e-09
-0.012999999999999999 -0.019 2.8841502236796989e-09
-0.012500000000000001 -0.019 5.856567259514014e-09
-0.012 -0.019 1.1566571789446667e-08
-0.0115 -0.019 2.2217871185471012e-08
-0.010999999999999999 -0.019 4.1508448025005929e-08
-0.010499999999999999 -0.019 7.5423522481294974e-08
-0.010000000000000002 -0.019 1.3329485643472183e-07
-0.0095000000000000015 -0.019 2.291164310137331e-07
-0.0090000000000000011 -0.019 3.8303225242018687e-07
-0.0085000000000000006 -0.019 6.2280303102602337e-07
-0.0080000000000000002 -0.019 9.8492317189507006e-07
-0.0074999999999999997 -0.019 1.5149219456749256e-06
-0.0069999999999999993 -0.019 2.2662844729122513e-06
-0.0064999999999999988 -0.019 3.2974244511698613e-06
-0.0059999999999999984 -0.019 4.6662881018635912e-06
-0.0054999999999999979 -0.019 6.4225058513495553e-06
-0.005000000000000001 -0.019 8.5975306451061853e-06
-0.0044999999999999971 -0.019 1.1193843242093196e-05
-0.0040000000000000001 -0.019 1.4174931650082763e-05
-0.0035000000000000031 -0.019 1.7458180948895388e-05
-0.0029999999999999992 -0.019 2.0912852385170611e-05
-0.0025000000000000022 -0.019 2.436485425167963e-05
-0.0019999999999999983 -0.019 2.7608996904489555e-05
-0.0015000000000000013 -0.019 3.0428020675600908e-05
-0.00099999999999999742 -0.019 3.2616175981894165e-05
-0.00050000000000000044 -0.019 3.4003893329055802e-05
0 -0.019 3.4479464558442699e-05
0.00050000000000000044 -0.019 3.4003893329055802e-05
0.0010000000000000009 -0.019 3.261617598189405e-05
0.0015000000000000013 -0.019 3.0428020675600908e-05
0.0020000000000000018 -0.019 2.7608996904489555e-05
0.0024999999999999988 -0.019 2.436485425167963e-05
0.0030000000000000027 -0.019 2.0912852385170611e-05
0.0034999999999999996 -0.019 1.7458180948895388e-05
0.0040000000000000036 -0.019 1.4174931650082763e-05
0.0045000000000000005 -0.019 1.1193843242093196e-05
0.0049999999999999975 -0.019 8.5975306451061853e-06
0.0055000000000000014 -0.019 6.4225058513495553e-06
0.0059999999999999984 -0.019 4.6662881018635912e-06
0.0064999999999999988 -0.019 3.2974244511698613e-06
0.0069999999999999993 -0.019 2.2662844729122513e-06
0.0074999999999999997 -0.019 1.5149219456749256e-06
0.0080000000000000002 -0.019 9.8492317189507006e-07
0.0085000000000000006 -0.019 6.2280303102602337e-07
0.0090000000000000011 -0.019 3.8303225242018687e-07
0.0095000000000000015 -0.019 2.291164310137331e-07
0.010000000000000002 -0.019 1.3329485643472183e-07
0.010500000000000002 -0.019 7.5423522481294696e-08
0.011000000000000003 -0.019 4.1508448025005777e-08
0.011500000000000003 -0.019 2.2217871185470853e-08
0.012000000000000004 -0.019 1.1566571789446667e-08
0.012499999999999997 -0.019 5.8565672595140347e-09
0.013000000000000005 -0.019 2.8841502236796782e-09
0.013499999999999998 -0.019 1.381430001483728e-09
0.014000000000000005 -0.019 6.4354090130177405e-10
0.014499999999999999 -0.019 2.9158131455041881e-10
0.014999999999999999 -0.019 1.2849300596829508e-10
0.0155 -0.019 5.5072596561878835e-11
0.016000000000000007 -0.019 2.2957673831724165e-11
0.016500000000000001 -0.019 9.3080021329438508e-12
0.017000000000000001 -0.019 3.6704670627965626e-12
0.017500000000000002 -0.019 1.4077400057850443e-12
0.017999999999999995 -0.019 5.2512154683362489e-13
0.018500000000000003 -0.019 1.9051689240642978e-13
0.019000000000000003 -0.019 6.7226949275174167e-14
0.019500000000000003 -0.019 2.3072230547449512e-14
0.019999999999999997 -0.019 7.7014415941190803e-15
0.020499999999999997 -0.019 2.5002920157469995e-15
0.021000000000000005 -0.019 7.8948831458666257e-16
0.021500000000000005 -0.019 2.4245823700264082e-16
0.021999999999999999 -0.019 7.2420987766985397e-17
0.022499999999999999 -0.019 2.103915094133551e-17
0.023000000000000007 -0.019 5.9446766811943037e-18
0.023500000000000007 -0.019 1.6336707504154852e-18
0.024 -0.019 4.3665364721224209e-19
0.024500000000000001 -0.019 1.1351308190061382e-19
0.025000000000000001 -0.019 2.8700601746302078e-20
-0.025000000000000001 -0.018500000000000003 8.1335677341515937e-20
-0.024500000000000001 -0.018500000000000003 3.2168884419640831e-19
-0.024 -0.018500000000000003 1.2374486247218507e-18
-0.0235 -0.018500000000000003 4.6297188544204771e-18
-0.023 -0.018500000000000003 1.6846835084339608e-17
-0.022500000000000003 -0.018500000000000003 5.9623613735707663e-17
-0.022000000000000002 -0.018500000000000003 2.0523646667193323e-16
-0.021500000000000002 -0.018500000000000003 6.8711120094130001e-16
-0.021000000000000001 -0.018500000000000003 2.2373595992074297e-15
-0.020500000000000001 -0.018500000000000003 7.0856683232630941e-15
-0.02 -0.018500000000000003 2.1825394955159912e-14
-0.0195 -0.018500000000000003 6.5385231847907996e-14
-0.019 -0.018500000000000003 1.9051689240642978e-13
-0.018500000000000003 -0.018500000000000003 5.3991273861964352e-13
-0.018000000000000002 -0.018500000000000003 1.488161017524298e-12
-0.017500000000000002 -0.018500000000000003 3.9894455141878265e-12
-0.017000000000000001 -0.018500000000000003 1.0401869875454651e-11
-0.016500000000000001 -0.018500000000000003 2.6378285196644279e-11
-0.016 -0.018500000000000003 6.5060585411924185e-11
-0.0155 -0.018500000000000003 1.560722309557011e-10
-0.015000000000000001 -0.018500000000000003 3.6414099489831012e-10
-0.014500000000000001 -0.018500000000000003 8.2632287394961512e-10
-0.014 -0.018500000000000003 1.8237539256853355e-09
-0.0135 -0.018500000000000003 3.9148846377426949e-09
-0.012999999999999999 -0.018500000000000003 8.1734980357301076e-09
-0.012500000000000001 -0.018500000000000003 1.6597138595189601e-08
-0.012 -0.018500000000000003 3.2778927749663828e-08
-0.0115 -0.018500000000000003 6.2964031832178002e-08
-0.010999999999999999 -0.018500000000000003 1.176322979340999e-07
-0.010499999999999999 -0.018500000000000003 2.1374545881392794e-07
-0.010000000000000002 -0.018500000000000003 3.7774913327923758e-07
-0.0095000000000000015 -0.018500000000000003 6.4930137253912067e-07
-0.0090000000000000011 -0.018500000000000003 1.0854890071514388e-06
-0.0085000000000000006 -0.018500000000000003 1.7649841221666148e-06
-0.0080000000000000002 -0.018500000000000003 2.7912095371227273e-06
-0.0074999999999999997 -0.018500000000000003 4.2931923051708391e-06
-0.0069999999999999993 -0.018500000000000003 6.4225058513495096e-06
-0.0064999999999999988 -0.018500000000000003 9.3446908740487309e-06
-0.0059999999999999984 -0.018500000000000003 1.3223963274032412e-05
-0.0054999999999999979 -0.018500000000000003 1.8200972518517643e-05
-0.005000000000000001 -0.018500000000000003 2.4364854251679542e-05
-0.0044999999999999971 -0.018500000000000003 3.1722638786404725e-05
-0.0040000000000000001 -0.018500000000000003 4.017085346225252e-05
-0.0035000000000000031 -0.018500000000000003 4.9475372857368973e-05
-0.0029999999999999992 -0.018500000000000003 5.9265691671783246e-05
-0.0025000000000000022 -0.018500000000000003 6.9048445095511114e-05
-0.0019999999999999983 -0.018500000000000003 7.8242138746648408e-05
-0.0015000000000000013 -0.018500000000000003 8.6231072563853738e-05
-0.00099999999999999742 -0.018500000000000003 9.2432165333231493e-05
-0.00050000000000000044 -0.018500000000000003 9.6364867908170219e-05
0 -0.018500000000000003 9.7712606482024475e-05
0.00050000000000000044 -0.018500000000000003 9.6364867908170219e-05
0.0010000000000000009 -0.018500000000000003 9.2432165333231493e-05
0.0015000000000000013 -0.018500000000000003 8.6231072563853738e-05
0.0020000000000000018 -0.018500000000000003 7.8242138746648408e-05
0.0024999999999999988 -0.018500000000000003 6.9048445095511114e-05
0.0030000000000000027 -0.018500000000000003 5.9265691671783246e-05
0.0034999999999999996 -0.018500000000000003 4.9475372857368973e-05
0.0040000000000000036 -0.018500000000000003 4.017085346225252e-05
0.0045000000000000005 -0.018500000000000003 3.1722638786404725e-05
0.0049999999999999975 -0.018500000000000003 2.4364854251679542e-05
0.0055000000000000014 -0.018500000000000003 1.8200972518517643e-05
0.0059999999999999984 -0.018500000000000003 1.3223963274032412e-05
0.0064999999999999988 -0.018500000000000003 9.3446908740487309e-06
0.0069999999999999993 -0.018500000000000003 6.4225058513495096e-06
0.0074999999999999997 -0.018500000000000003 4.2931923051708391e-06
0.0080000000000000002 -0.018500000000000003 2.7912095371227273e-06
0.0085000000000000006 -0.018500000000000003 1.7649841221666148e-06
0.0090000000000000011 -0.018500000000000003 1.0854890071514388e-06
0.0095000000000000015 -0.018500000000000003 6.4930137253912067e-07
0.010000000000000002 -0.018500000000000003 3.7774913327923758e-07
0.010500000000000002 -0.018500000000000003 2.137454588139272e-07
0.011000000000000003 -0.018500000000000003 1.1763229793409949e-07
0.011500000000000003 -0.018500000000000003 6.2964031832177552e-08
0.012000000000000004 -0.018500000000000003 3.2778927749663709e-08
0.012499999999999997 -0.018500000000000003 1.6597138595189661e-08
0.013000000000000005 -0.018500000000000003 8.1734980357300497e-09
0.013499999999999998 -0.018500000000000003 3.914884637742723e-09
0.014000000000000005 -0.018500000000000003 1.8237539256853097e-09
0.014499999999999999 -0.018500000000000003 8.2632287394962091e-10
0.014999999999999999 -0.018500000000000003 3.6414099489831265e-10
0.0155 -0.018500000000000003 1.560722309557011e-10
0.016000000000000007 -0.018500000000000003 6.5060585411923267e-11
0.016500000000000001 -0.018500000000000003 2.6378285196644279e-11
0.017000000000000001 -0.018500000000000003 1.0401869875454651e-11
0.017500000000000002 -0.018500000000000003 3.9894455141878265e-12
0.017999999999999995 -0.018500000000000003 1.488161017524319e-12
0.018500000000000003 -0.018500000000000003 5.3991273861964352e-13
0.019000000000000003 -0.018500000000000003 1.9051689240642844e-13
0.019500000000000003 -0.018500000000000003 6.5385231847907516e-14
0.019999999999999997 -0.018500000000000003 2.1825394955160066e-14
0.020499999999999997 -0.018500000000000003 7.0856683232631943e-15
0.021000000000000005 -0.018500000000000003 2.2373595992073977e-15
0.021500000000000005 -0.018500000000000003 6.8711120094130001e-16
0.021999999999999999 -0.018500000000000003 2.0523646667193466e-16
0.022499999999999999 -0.018500000000000003 5.9623613735708094e-17
0.023000000000000007 -0.018500000000000003 1.6846835084339247e-17
0.023500000000000007 -0.018500000000000003 4.6297188544204108e-18
0.024 -0.018500000000000003 1.2374486247218507e-18
0.024500000000000001 -0.018500000000000003 3.2168884419640831e-19
0.025000000000000001 -0.018500000000000003 8.1335677341515937e-20
-0.025000000000000001 -0.018000000000000002 2.2418545756678208e-19
-0.024500000000000001 -0.018000000000000002 8.8667068483967871e-19
-0.024 -0.018000000000000002 3.4107785810133241e-18
-0.0235 -0.018000000000000002 1.2760890100241809e-17
-0.023 -0.018000000000000002 4.6434917066916761e-17
-0.022500000000000003 -0.018000000000000002 1.6434051530670597e-16
-0.022000000000000002 -0.018000000000000002 5.6569309673347605e-16
-0.021500000000000002 -0.018000000000000002 1.8938840127376692e-15
-0.021000000000000001 -0.018000000000000002 6.1668323407903554e-15
-0.020500000000000001 -0.018000000000000002 1.9530221510879024e-14
-0.02 -0.018000000000000002 6.0157317360911377e-14
-0.0195 -0.018000000000000002 1.8022125835855468e-13
-0.019 -0.018000000000000002 5.2512154683361731e-13
-0.018500000000000003 -0.018000000000000002 1.488161017524298e-12
-0.018000000000000002 -0.018000000000000002 4.1018169338640523e-12
-0.017500000000000002 -0.018000000000000002 1.0996105242728756e-11
-0.017000000000000001 -0.018000000000000002 2.8670664999658622e-11
-0.016500000000000001 -0.018000000000000002 7.2706444821333702e-11
-0.016 -0.018000000000000002 1.7932643566601277e-10
-0.0155 -0.018000000000000002 4.3018175607437673e-10
-0.015000000000000001 -0.018000000000000002 1.003681511341295e-09
-0.014500000000000001 -0.018000000000000002 2.2775930274295075e-09
-0.014 -0.018000000000000002 5.0268113782620198e-09
-0.0135 -0.018000000000000002 1.0790593163051344e-08
-0.012999999999999999 -0.018000000000000002 2.2528605612607913e-08
-0.012500000000000001 -0.018000000000000002 4.5746678848430157e-08
-0.012 -0.018000000000000002 9.0348530390315839e-08
-0.0115 -0.018000000000000002 1.7354770683567191e-07
-0.010999999999999999 -0.018000000000000002 3.2422980171737645e-07
-0.010499999999999999 -0.018000000000000002 5.8914642446289774e-07
-0.010000000000000002 -0.018000000000000002 1.0411896114675285e-06
-0.0095000000000000015 -0.018000000000000002 1.7896688152017404e-06
-0.0090000000000000011 -0.018000000000000002 2.9919324176789565e-06
-0.0085000000000000006 -0.018000000000000002 4.8648242193227385e-06
-0.0080000000000000002 -0.018000000000000002 7.6934084487574017e-06
-0.0074999999999999997 -0.018000000000000002 1.1833322261713527e-05
-0.0069999999999999993 -0.018000000000000002 1.7702347359381927e-05
-0.0064999999999999988 -0.018000000000000002 2.5756763426489894e-05
-0.0059999999999999984 -0.018000000000000002 3.6449198609206829e-05
-0.0054999999999999979 -0.018000000000000002 5.0167324913166321e-05
-0.005000000000000001 -0.018000000000000002 6.7156826837816671e-05
-0.0044999999999999971 -0.018000000000000002 8.743708202852618e-05
-0.0040000000000000001 -0.018000000000000002 0.00011072288888023358
-0.0035000000000000031 -0.018000000000000002 0.00013636892769386123
-0.0029999999999999992 -0.018000000000000002 0.00016335397502946364
-0.0025000000000000022 -0.018000000000000002 0.00019031816988521907
-0.0019999999999999983 -0.018000000000000002 0.00021565873979594542
-0.0015000000000000013 -0.018000000000000002 0.00023767863121162565
-0.00099999999999999742 -0.018000000000000002 0.00025477069788342333
-0.00050000000000000044 -0.018000000000000002 0.0002656104026114566
0 -0.018000000000000002 0.00026932517328449428
0.00050000000000000044 -0.018000000000000002 0.0002656104026114566
0.0010000000000000009 -0.018000000000000002 0.00025477069788342241
0.0015000000000000013 -0.018000000000000002 0.00023767863121162565
0.0020000000000000018 -0.018000000000000002 0.00021565873979594542
0.0024999999999999988 -0.018000000000000002 0.00019031816988521907
0.0030000000000000027 -0.018000000000000002 0.00016335397502946364
0.0034999999999999996 -0.018000000000000002 0.00013636892769386123
0.0040000000000000036 -0.018000000000000002 0.00011072288888023358
0.0045000000000000005 -0.018000000000000002 8.743708202852618e-05
0.0049999999999999975 -0.018000000000000002 6.7156826837816915e-05
0.0055000000000000014 -0.018000000000000002 5.0167324913166321e-05
0.0059999999999999984 -0.018000000000000002 3.6449198609206829e-05
0.0064999999999999988 -0.018000000000000002 2.5756763426489894e-05
0.0069999999999999993 -0.018000000000000002 1.7702347359381927e-05
0.0074999999999999997 -0.018000000000000002 1.1833322261713527e-05
0.0080000000000000002 -0.018000000000000002 7.6934084487574017e-06
0.0085000000000000006 -0.018000000000000002 4.8648242193227385e-06
0.0090000000000000011 -0.018000000000000002 2.9919324176789565e-06
0.0095000000000000015 -0.018000000000000002 1.7896688152017404e-06
0.010000000000000002 -0.018000000000000002 1.0411896114675285e-06
0.010500000000000002 -0.018000000000000002 5.8914642446289562e-07
0.011000000000000003 -0.018000000000000002 3.2422980171737534e-07
0.011500000000000003 -0.018000000000000002 1.7354770683567067e-07
0.012000000000000004 -0.018000000000000002 9.0348530390315521e-08
0.012499999999999997 -0.018000000000000002 4.5746678848430475e-08
0.013000000000000005 -0.018000000000000002 2.2528605612607837e-08
0.013499999999999998 -0.018000000000000002 1.0790593163051422e-08
0.014000000000000005 -0.018000000000000002 5.026811378261966e-09
0.014499999999999999 -0.018000000000000002 2.2775930274295237e-09
0.014999999999999999 -0.018000000000000002 1.003681511341302e-09
0.0155 -0.018000000000000002 4.3018175607437673e-10
0.016000000000000007 -0.018000000000000002 1.7932643566600895e-10
0.016500000000000001 -0.018000000000000002 7.2706444821333702e-11
0.017000000000000001 -0.018000000000000002 2.8670664999658622e-11
0.017500000000000002 -0.018000000000000002 1.0996105242728756e-11
0.017999999999999995 -0.018000000000000002 4.1018169338641105e-12
0.018500000000000003 -0.018000000000000002 1.488161017524298e-12
0.019000000000000003 -0.018000000000000002 5.2512154683361368e-13
0.019500000000000003 -0.018000000000000002 1.8022125835855213e-13
0.019999999999999997 -0.018000000000000002 6.0157317360911806e-14
0.020499999999999997 -0.018000000000000002 1.9530221510879305e-14
0.021000000000000005 -0.018000000000000002 6.1668323407902687e-15
0.021500000000000005 -0.018000000000000002 1.8938840127376554e-15
0.021999999999999999 -0.018000000000000002 5.6569309673348009e-16
0.022499999999999999 -0.018000000000000002 1.6434051530670713e-16
0.023000000000000007 -0.018000000000000002 4.6434917066915775e-17
0.023500000000000007 -0.018000000000000002 1.2760890100241538e-17
0.024 -0.018000000000000002 3.4107785810133241e-18
0.024500000000000001 -0.018000000000000002 8.8667068483967871e-19
0.025000000000000001 -0.018000000000000002 2.2418545756678208e-19
-0.025000000000000001 -0.017500000000000002 6.0099388272098374e-19
-0.024500000000000001 -0.017500000000000002 2.3769769161674221e-18
-0.024 -0.017500000000000002 9.1435773076144011e-18
-0.0235 -0.017500000000000002 3.4209252337589845e-17
-0.023 -0.017500000000000002 1.2448220952761843e-16
-0.022500000000000003 -0.017500000000000002 4.4056222671411916e-16
-0.022000000000000002 -0.017500000000000002 1.5165037657852252e-15
-0.021500000000000002 -0.017500000000000002 5.0771032099589128e-15
-0.021000000000000001 -0.017500000000000002 1.6531975592024693e-14
-0.020500000000000001 -0.017500000000000002 5.2356400739006879e-14
-0.02 -0.017500000000000002 1.6126906770499459e-13
-0.0195 -0.017500000000000002 4.8313514616577908e-13
-0.019 -0.017500000000000002 1.4077400057850443e-12
-0.018500000000000003 -0.017500000000000002 3.9894455141878265e-12
-0.018000000000000002 -0.017500000000000002 1.0996105242728756e-11
-0.017500000000000002 -0.017500000000000002 2.9478236707961295e-11
-0.017000000000000001 -0.017500000000000002 7.6860000043511193e-11
-0.016500000000000001 -0.017500000000000002 1.9491062911159791e-10
-0.016 -0.017500000000000002 4.8073631543797855e-10
-0.0155 -0.017500000000000002 1.1532264700169404e-09
-0.015000000000000001 -0.017500000000000002 2.6906582392240524e-09
-0.014500000000000001 -0.017500000000000002 6.1057460714433499e-09
-0.014 -0.017500000000000002 1.3475820067533945e-08
-0.0135 -0.017500000000000002 2.8927302209122772e-08
-0.012999999999999999 -0.017500000000000002 6.0394435510509452e-08
-0.012500000000000001 -0.017500000000000002 1.2263718816158345e-07
-0.012 -0.017500000000000002 2.4220533600506231e-07
-0.0115 -0.017500000000000002 4.6524476342282013e-07
-0.010999999999999999 -0.017500000000000002 8.691916484811944e-07
-0.010499999999999999 -0.017500000000000002 1.5793771860677899e-06
-0.010000000000000002 -0.017500000000000002 2.7912095371227273e-06
-0.0095000000000000015 -0.017500000000000002 4.7977242668042658e-06
-0.0090000000000000011 -0.017500000000000002 8.0207391686145435e-06
-0.0085000000000000006 -0.017500000000000002 1.3041566692411031e-05
-0.0080000000000000002 -0.017500000000000002 2.0624403853670159e-05
-0.0074999999999999997 -0.017500000000000002 3.1722638786404834e-05
-0.0069999999999999993 -0.017500000000000002 4.7456256031332048e-05
-0.0064999999999999988 -0.017500000000000002 6.9048445095511616e-05
-0.0059999999999999984 -0.017500000000000002 9.7712606482024814e-05
-0.0054999999999999979 -0.017500000000000002 0.00013448800699442293
-0.005000000000000001 -0.017500000000000002 0.00018003327490792912
-0.0044999999999999971 -0.017500000000000002 0.00023440035759885865
-0.0040000000000000001 -0.017500000000000002 0.00029682468977450743
-0.0035000000000000031 -0.017500000000000002 0.00036557630555861151
-0.0029999999999999992 -0.017500000000000002 0.00043791752050473498
-0.0025000000000000022 -0.017500000000000002 0.00051020283435466648
-0.0019999999999999983 -0.017500000000000002 0.00057813555249930045
-0.0015000000000000013 -0.017500000000000002 0.00063716623264527727
-0.00099999999999999742 -0.017500000000000002 0.0006829864549928829
-0.00050000000000000044 -0.017500000000000002 0.00071204541493951419
0 -0.017500000000000002 0.00072200393086841613
0.00050000000000000044 -0.017500000000000002 0.00071204541493951419
0.0010000000000000009 -0.017500000000000002 0.0006829864549928829
0.0015000000000000013 -0.017500000000000002 0.00063716623264527727
0.0020000000000000018 -0.017500000000000002 0.00057813555249930045
0.0024999999999999988 -0.017500000000000002 0.00051020283435466648
0.0030000000000000027 -0.017500000000000002 0.00043791752050473498
0.0034999999999999996 -0.017500000000000002 0.00036557630555861151
0.0040000000000000036 -0.017500000000000002 0.00029682468977450743
0.0045000000000000005 -0.017500000000000002 0.00023440035759885781
0.0049999999999999975 -0.017500000000000002 0.00018003327490792974
0.0055000000000000014 -0.017500000000000002 0.00013448800699442242
0.0059999999999999984 -0.017500000000000002 9.7712606482024814e-05
0.0064999999999999988 -0.017500000000000002 6.9048445095511616e-05
0.0069999999999999993 -0.017500000000000002 4.7456256031332048e-05
0.0074999999999999997 -0.017500000000000002 3.1722638786404834e-05
0.0080000000000000002 -0.017500000000000002 2.0624403853670159e-05
0.0085000000000000006 -0.017500000000000002 1.3041566692411031e-05
0.0090000000000000011 -0.017500000000000002 8.0207391686145435e-06
0.0095000000000000015 -0.017500000000000002 4.7977242668042658e-06
0.010000000000000002 -0.017500000000000002 2.7912095371227273e-06
0.010500000000000002 -0.017500000000000002 1.5793771860677846e-06
0.011000000000000003 -0.017500000000000002 8.6919164848118826e-07
0.011500000000000003 -0.017500000000000002 4.6524476342281849e-07
0.012000000000000004 -0.017500000000000002 2.4220533600506062e-07
0.012499999999999997 -0.017500000000000002 1.2263718816158388e-07
0.013000000000000005 -0.017500000000000002 6.0394435510508816e-08
0.013499999999999998 -0.017500000000000002 2.8927302209122772e-08
0.014000000000000005 -0.017500000000000002 1.3475820067533849e-08
0.014499999999999999 -0.017500000000000002 6.1057460714433499e-09
0.014999999999999999 -0.017500000000000002 2.6906582392240524e-09
0.0155 -0.017500000000000002 1.1532264700169404e-09
0.016000000000000007 -0.017500000000000002 4.8073631543797172e-10
0.016500000000000001 -0.017500000000000002 1.9491062911159791e-10
0.017000000000000001 -0.017500000000000002 7.6860000043511193e-11
0.017500000000000002 -0.017500000000000002 2.9478236707961295e-11
0.017999999999999995 -0.017500000000000002 1.0996105242728913e-11
0.018500000000000003 -0.017500000000000002 3.9894455141878265e-12
0.019000000000000003 -0.017500000000000002 1.4077400057850443e-12
0.019500000000000003 -0.017500000000000002 4.8313514616577565e-13
0.019999999999999997 -0.017500000000000002 1.6126906770499689e-13
0.020499999999999997 -0.017500000000000002 5.2356400739007618e-14
0.021000000000000005 -0.017500000000000002 1.6531975592024456e-14
0.021500000000000005 -0.017500000000000002 5.0771032099588765e-15
0.021999999999999999 -0.017500000000000002 1.5165037657852467e-15
0.022499999999999999 -0.017500000000000002 4.4056222671411916e-16
0.023000000000000007 -0.017500000000000002 1.2448220952761668e-16
0.023500000000000007 -0.017500000000000002 3.4209252337589358e-17
0.024 -0.017500000000000002 9.1435773076144011e-18
0.024500000000000001 -0.017500000000000002 2.3769769161674221e-18
0.025000000000000001 -0.017500000000000002 6.0099388272098374e-19
-0.025000000000000001 -0.017000000000000001 1.5669997601861336e-18
-0.024500000000000001 -0.017000000000000001 6.1976042763343039e-18
-0.024 -0.017000000000000001 2.384048134301363e-17
-0.0235 -0.017000000000000001 8.9195400735945893e-17
-0.023 -0.017000000000000001 3.2456834933838514e-16
-0.022500000000000003 -0.017000000000000001 1.1486987196649879e-15
-0.022000000000000002 -0.017000000000000001 3.9540519556503441e-15
-0.021500000000000002 -0.017000000000000001 1.3237771200641829e-14
-0.021000000000000001 -0.017000000000000001 4.3104601449217088e-14
-0.020500000000000001 -0.017000000000000001 1.3651131860242537e-13
-0.02 -0.017000000000000001 4.2048446362720811e-13
-0.0195 -0.017000000000000001 1.2597011050289512e-12
-0.019 -0.017000000000000001 3.6704670627965626e-12
-0.018500000000000003 -0.017000000000000001 1.0401869875454651e-11
-0.018000000000000002 -0.017000000000000001 2.8670664999658622e-11
-0.017500000000000002 -0.017000000000000001 7.6860000043511193e-11
-0.017000000000000001 -0.017000000000000001 2.0040071138627955e-10
-0.016500000000000001 -0.017000000000000001 5.0819969696329318e-10
-0.016 -0.017000000000000001 1.2534465202764831e-09
-0.0155 -0.017000000000000001 3.0068618898002951e-09
-0.015000000000000001 -0.017000000000000001 7.0154804180665969e-09
-0.014500000000000001 -0.017000000000000001 1.5919800358685133e-08
-0.014 -0.017000000000000001 3.5136142681739381e-08
-0.0135 -0.017000000000000001 7.5423522481294974e-08
-0.012999999999999999 -0.017000000000000001 1.5746926663059015e-07
-0.012500000000000001 -0.017000000000000001 3.1975773791414543e-07
-0.012 -0.017000000000000001 6.3151342192934273e-07
-0.0115 -0.017000000000000001 1.2130546644014142e-06
-0.010999999999999999 -0.017000000000000001 2.2662844729122513e-06
-0.010499999999999999 -0.017000000000000001 4.1179847964619562e-06
-0.010000000000000002 -0.017000000000000001 7.2776525702693636e-06
-0.0095000000000000015 -0.017000000000000001 1.2509333275546341e-05
-0.0090000000000000011 -0.017000000000000001 2.091285238517054e-05
-0.0085000000000000006 -0.017000000000000001 3.4003893329055687e-05
-0.0080000000000000002 -0.017000000000000001 5.3774983110247348e-05
-0.0074999999999999997 -0.017000000000000001 8.271193567846208e-05
-0.0069999999999999993 -0.017000000000000001 0.00012373493966984786
-0.0064999999999999988 -0.017000000000000001 0.00018003327490792974
-0.0059999999999999984 -0.017000000000000001 0.00025477069788342426
-0.0054999999999999979 -0.017000000000000001 0.00035065693806072981
-0.005000000000000001 -0.017000000000000001 0.00046940926807606119
-0.0044999999999999971 -0.017000000000000001 0.00061116313277929989
-0.0040000000000000001 -0.017000000000000001 0.00077392504494078077
-0.0035000000000000031 -0.017000000000000001 0.00095318438275357074
-0.0029999999999999992 -0.017000000000000001 0.0011418030521465395
-0.0025000000000000022 -0.017000000000000001 0.0013302759679688968
-0.0019999999999999983 -0.017000000000000001 0.0015074001552559304
-0.0015000000000000013 -0.017000000000000001 0.0016613136380580734
-0.00099999999999999742 -0.017000000000000001 0.0017807828697668868
-0.00050000000000000044 -0.017000000000000001 0.0018565496696908213
0 -0.017000000000000001 0.0018825149790243272
0.00050000000000000044 -0.017000000000000001 0.0018565496696908213
0.0010000000000000009 -0.017000000000000001 0.0017807828697668805
0.0015000000000000013 -0.017000000000000001 0.0016613136380580734
0.0020000000000000018 -0.017000000000000001 0.0015074001552559304
0.0024999999999999988 -0.017000000000000001 0.0013302759679688968
0.0030000000000000027 -0.017000000000000001 0.0011418030521465395
0.0034999999999999996 -0.017000000000000001 0.00095318438275357074
0.0040000000000000036 -0.017000000000000001 0.00077392504494078077
0.0045000000000000005 -0.017000000000000001 0.00061116313277929989
0.0049999999999999975 -0.017000000000000001 0.00046940926807606287
0.0055000000000000014 -0.017000000000000001 0.00035065693806072857
0.0059999999999999984 -0.017000000000000001 0.00025477069788342426
0.0064999999999999988 -0.017000000000000001 0.00018003327490792974
0.0069999999999999993 -0.017000000000000001 0.00012373493966984786
0.0074999999999999997 -0.017000000000000001 8.271193567846208e-05
0.0080000000000000002 -0.017000000000000001 5.3774983110247348e-05
0.0085000000000000006 -0.017000000000000001 3.4003893329055687e-05
0.0090000000000000011 -0.017000000000000001 2.091285238517054e-05
0.0095000000000000015 -0.017000000000000001 1.2509333275546341e-05
0.010000000000000002 -0.017000000000000001 7.2776525702693636e-06
0.010500000000000002 -0.017000000000000001 4.117984796461941e-06
0.011000000000000003 -0.017000000000000001 2.2662844729122352e-06
0.011500000000000003 -0.017000000000000001 1.2130546644014097e-06
0.012000000000000004 -0.017000000000000001 6.3151342192934051e-07
0.012499999999999997 -0.017000000000000001 3.1975773791414765e-07
0.013000000000000005 -0.017000000000000001 1.5746926663058903e-07
0.013499999999999998 -0.017000000000000001 7.5423522481294974e-08
0.014000000000000005 -0.017000000000000001 3.513614268173913e-08
0.014499999999999999 -0.017000000000000001 1.5919800358685133e-08
0.014999999999999999 -0.017000000000000001 7.0154804180666217e-09
0.0155 -0.017000000000000001 3.0068618898002951e-09
0.016000000000000007 -0.017000000000000001 1.2534465202764608e-09
0.016500000000000001 -0.017000000000000001 5.0819969696329318e-10
0.017000000000000001 -0.017000000000000001 2.0040071138627955e-10
0.017500000000000002 -0.017000000000000001 7.6860000043511193e-11
0.017999999999999995 -0.017000000000000001 2.8670664999659029e-11
0.018500000000000003 -0.017000000000000001 1.0401869875454651e-11
0.019000000000000003 -0.017000000000000001 3.6704670627965101e-12
0.019500000000000003 -0.017000000000000001 1.2597011050289423e-12
0.019999999999999997 -0.017000000000000001 4.2048446362721109e-13
0.020499999999999997 -0.017000000000000001 1.3651131860242633e-13
0.021000000000000005 -0.017000000000000001 4.3104601449216778e-14
0.021500000000000005 -0.017000000000000001 1.3237771200641829e-14
0.021999999999999999 -0.017000000000000001 3.9540519556503725e-15
0.022499999999999999 -0.017000000000000001 1.1486987196650042e-15
0.023000000000000007 -0.017000000000000001 3.2456834933837823e-16
0.023500000000000007 -0.017000000000000001 8.9195400735943366e-17
0.024 -0.017000000000000001 2.384048134301363e-17
0.024500000000000001 -0.017000000000000001 6.1976042763343039e-18
0.025000000000000001 -0.017000000000000001 1.5669997601861336e-18
-0.025000000000000001 -0.016500000000000001 3.9737823172351544e-18
-0.024500000000000001 -0.016500000000000001 1.571661394485015e-17
-0.024 -0.016500000000000001 6.0457496932858283e-17
-0.0235 -0.016500000000000001 2.2619218919414726e-16
-0.023 -0.016500000000000001 8.2307859905599718e-16
-0.022500000000000003 -0.016500000000000001 2.9130053341509218e-15
-0.022000000000000002 -0.016500000000000001 1.0027150062183819e-14
-0.021500000000000002 -0.016500000000000001 3.3569897362630847e-14
-0.021000000000000001 -0.016500000000000001 1.0930971872645435e-13
-0.020500000000000001 -0.016500000000000001 3.4618145946642414e-13
-0.02 -0.016500000000000001 1.066313964231514e-12
-0.0195 -0.016500000000000001 3.1944982401088731e-12
-0.019 -0.016500000000000001 9.3080021329438508e-12
-0.018500000000000003 -0.016500000000000001 2.6378285196644279e-11
-0.018000000000000002 -0.016500000000000001 7.2706444821333702e-11
-0.017500000000000002 -0.016500000000000001 1.9491062911159791e-10
-0.017000000000000001 -0.016500000000000001 5.0819969696329318e-10
-0.016500000000000001 -0.016500000000000001 1.288752570821793e-09
-0.016 -0.016500000000000001 3.1786371283700711e-09
-0.0155 -0.016500000000000001 7.6251540757334854e-09
-0.015000000000000001 -0.016500000000000001 1.7790680471394128e-08
-0.014500000000000001 -0.016500000000000001 4.0371302387271836e-08
-0.014 -0.016500000000000001 8.9102363658283758e-08
-0.0135 -0.016500000000000001 1.9126784033723007e-07
-0.012999999999999999 -0.016500000000000001 3.993290893486179e-07
-0.012500000000000001 -0.016500000000000001 8.1087928473672582e-07
-0.012 -0.016500000000000001 1.6014660199191145e-06
-0.0115 -0.016500000000000001 3.0762067089693831e-06
-0.010999999999999999 -0.016500000000000001 5.7471107482579097e-06
-0.010499999999999999 -0.016500000000000001 1.0442870243247563e-05
-0.010000000000000002 -0.016500000000000001 1.8455527454121804e-05
-0.0095000000000000015 -0.016500000000000001 3.1722638786404725e-05
-0.0090000000000000011 -0.016500000000000001 5.3033271046109621e-05
-0.0085000000000000006 -0.016500000000000001 8.6231072563854361e-05
-0.0080000000000000002 -0.016500000000000001 0.00013636892769386123
-0.0074999999999999997 -0.016500000000000001 0.00020975065585480672
-0.0069999999999999993 -0.016500000000000001 0.00031378161489048121
-0.0064999999999999988 -0.016500000000000001 0.00045654955573068656
-0.0059999999999999984 -0.016500000000000001 0.00064607750423558319
-0.0054999999999999979 -0.016500000000000001 0.00088923711112504501
-0.005000000000000001 -0.016500000000000001 0.0011903832383518625
-0.0044999999999999971 -0.016500000000000001 0.0015498593628986634
-0.0040000000000000001 -0.016500000000000001 0.001962610165355616
-0.0035000000000000031 -0.016500000000000001 0.0024171970803626265
-0.0029999999999999992 -0.016500000000000001 0.0028955184893239027
-0.0025000000000000022 -0.016500000000000001 0.0033734702792358965
-0.0019999999999999983 -0.016500000000000001 0.0038226426283830776
-0.0015000000000000013 -0.016500000000000001 0.0042129545428345348
-0.00099999999999999742 -0.016500000000000001 0.0045159186737044558
-0.00050000000000000044 -0.016500000000000001 0.0047080570373602684
0 -0.016500000000000001 0.00477390292305382
0.00050000000000000044 -0.016500000000000001 0.0047080570373602684
0.0010000000000000009 -0.016500000000000001 0.0045159186737044402
0.0015000000000000013 -0.016500000000000001 0.0042129545428345348
0.0020000000000000018 -0.016500000000000001 0.0038226426283830776
0.0024999999999999988 -0.016500000000000001 0.0033734702792358965
0.0030000000000000027 -0.016500000000000001 0.0028955184893239027
0.0034999999999999996 -0.016500000000000001 0.0024171970803626265
0.0040000000000000036 -0.016500000000000001 0.001962610165355616
0.0045000000000000005 -0.016500000000000001 0.0015498593628986634
0.0049999999999999975 -0.016500000000000001 0.0011903832383518625
0.0055000000000000014 -0.016500000000000001 0.00088923711112504501
0.0059999999999999984 -0.016500000000000001 0.00064607750423558319
0.0064999999999999988 -0.016500000000000001 0.00045654955573068656
0.0069999999999999993 -0.016500000000000001 0.00031378161489048121
0.0074999999999999997 -0.016500000000000001 0.00020975065585480672
0.0080000000000000002 -0.016500000000000001 0.00013636892769386123
0.0085000000000000006 -0.016500000000000001 8.6231072563854361e-05
0.0090000000000000011 -0.016500000000000001 5.3033271046109621e-05
0.0095000000000000015 -0.016500000000000001 3.1722638786404725e-05
0.010000000000000002 -0.016500000000000001 1.8455527454121804e-05
0.010500000000000002 -0.016500000000000001 1.0442870243247526e-05
0.011000000000000003 -0.016500000000000001 5.7471107482578902e-06
0.011500000000000003 -0.016500000000000001 3.0762067089693611e-06
0.012000000000000004 -0.016500000000000001 1.6014660199191088e-06
0.012499999999999997 -0.016500000000000001 8.1087928473672868e-07
0.013000000000000005 -0.016500000000000001 3.9932908934861509e-07
0.013499999999999998 -0.016500000000000001 1.9126784033723007e-07
0.014000000000000005 -0.016500000000000001 8.9102363658282805e-08
0.014499999999999999 -0.016500000000000001 4.0371302387272121e-08
0.014999999999999999 -0.016500000000000001 1.7790680471394128e-08
0.0155 -0.016500000000000001 7.6251540757334854e-09
0.016000000000000007 -0.016500000000000001 3.1786371283700256e-09
0.016500000000000001 -0.016500000000000001 1.288752570821793e-09
0.017000000000000001 -0.016500000000000001 5.0819969696329318e-10
0.017500000000000002 -0.016500000000000001 1.9491062911159791e-10
0.017999999999999995 -0.016500000000000001 7.2706444821334736e-11
0.018500000000000003 -0.016500000000000001 2.6378285196644279e-11
0.019000000000000003 -0.016500000000000001 9.3080021329437845e-12
0.019500000000000003 -0.016500000000000001 3.1944982401088731e-12
0.019999999999999997 -0.016500000000000001 1.0663139642315291e-12
0.020499999999999997 -0.016500000000000001 3.4618145946642661e-13
0.021000000000000005 -0.016500000000000001 1.0930971872645358e-13
0.021500000000000005 -0.016500000000000001 3.3569897362630847e-14
0.021999999999999999 -0.016500000000000001 1.0027150062183963e-14
0.022499999999999999 -0.016500000000000001 2.9130053341509427e-15
0.023000000000000007 -0.016500000000000001 8.2307859905597963e-16
0.023500000000000007 -0.016500000000000001 2.2619218919414401e-16
0.024 -0.016500000000000001 6.0457496932858283e-17
0.024500000000000001 -0.016500000000000001 1.571661394485015e-17
0.025000000000000001 -0.016500000000000001 3.9737823172351544e-18
-0.025000000000000001 -0.016 9.8011148917202324e-18
-0.024500000000000001 -0.016 3.8764161366912924e-17
-0.024 -0.016 1.4911508135076798e-16
-0.0235 -0.016 5.5789055789146441e-16
-0.023 -0.016 2.0300779635752052e-15
-0.022500000000000003 -0.016 7.1847669753766589e-15
-0.022000000000000002 -0.016 2.4731412531011972e-14
-0.021500000000000002 -0.016 8.2798300130169964e-14
-0.021000000000000001 -0.016 2.6960639171725483e-13
-0.020500000000000001 -0.016 8.5383747441267549e-13
-0.02 -0.016 2.6300045749235412e-12
-0.0195 -0.016 7.8790537007798449e-12
-0.019 -0.016 2.2957673831724653e-11
-0.018500000000000003 -0.016 6.5060585411924185e-11
-0.018000000000000002 -0.016 1.7932643566601277e-10
-0.017500000000000002 -0.016 4.8073631543797855e-10
-0.017000000000000001 -0.016 1.2534465202764831e-09
-0.016500000000000001 -0.016 3.1786371283700711e-09
-0.016 -0.016 7.8399331435746169e-09
-0.0155 -0.016 1.8807021924475017e-08
-0.015000000000000001 -0.016 4.3879732049171917e-08
-0.014500000000000001 -0.016 9.9573590458104452e-08
-0.014 -0.016 2.1976606507884647e-07
-0.0135 -0.016 4.7175157786214791e-07
-0.012999999999999999 -0.016 9.8492317189507006e-07
-0.012500000000000001 -0.016 1.9999890277206171e-06
-0.012 -0.016 3.9499276013020373e-06
-0.0115 -0.016 7.5872941641823465e-06
-0.010999999999999999 -0.016 1.4174931650082812e-05
-0.010499999999999999 -0.016 2.5756763426489985e-05
-0.010000000000000002 -0.016 4.5519540459125759e-05
-0.0095000000000000015 -0.016 7.8242138746648679e-05
-0.0090000000000000011 -0.016 0.0001308036377212304
-0.0085000000000000006 -0.016 0.00021268418397478648
-0.0080000000000000002 -0.016 0.00033634643805002486
-0.0074999999999999997 -0.016 0.00051733842282457429
-0.0069999999999999993 -0.016 0.00077392504494078348
-0.0064999999999999988 -0.016 0.0011260542959468456
-0.0059999999999999984 -0.016 0.0015935145265769401
-0.0054999999999999979 -0.016 0.0021932542842915343
-0.005000000000000001 -0.016 0.0029360145958830823
-0.0044999999999999971 -0.016 0.0038226426283830914
-0.0040000000000000001 -0.016 0.0048406697153184786
-0.0035000000000000031 -0.016 0.0059618832661796047
-0.0029999999999999992 -0.016 0.0071416366371847822
-0.0025000000000000022 -0.016 0.0083204783631930842
-0.0019999999999999983 -0.016 0.0094283371860282607
-0.0015000000000000013 -0.016 0.010391019993426643
-0.00099999999999999742 -0.016 0.01113826431072288
-0.00050000000000000044 -0.016 0.011612162986332265
0 -0.016 0.011774568231337885
0.00050000000000000044 -0.016 0.011612162986332265
0.0010000000000000009 -0.016 0.011138264310722842
0.0015000000000000013 -0.016 0.010391019993426643
0.0020000000000000018 -0.016 0.0094283371860282607
0.0024999999999999988 -0.016 0.0083204783631930842
0.0030000000000000027 -0.016 0.0071416366371847822
0.0034999999999999996 -0.016 0.0059618832661796047
0.0040000000000000036 -0.016 0.0048406697153184786
0.0045000000000000005 -0.016 0.0038226426283830776
0.0049999999999999975 -0.016 0.0029360145958830927
0.0055000000000000014 -0.016 0.002193254284291526
0.0059999999999999984 -0.016 0.0015935145265769401
0.0064999999999999988 -0.016 0.0011260542959468456
0.0069999999999999993 -0.016 0.00077392504494078348
0.0074999999999999997 -0.016 0.00051733842282457429
0.0080000000000000002 -0.016 0.00033634643805002486
0.0085000000000000006 -0.016 0.00021268418397478648
0.0090000000000000011 -0.016 0.0001308036377212304
0.0095000000000000015 -0.016 7.8242138746648679e-05
0.010000000000000002 -0.016 4.5519540459125759e-05
0.010500000000000002 -0.016 2.5756763426489894e-05
0.011000000000000003 -0.016 1.4174931650082712e-05
0.011500000000000003 -0.016 7.5872941641823202e-06
0.012000000000000004 -0.016 3.9499276013020237e-06
0.012499999999999997 -0.016 1.9999890277206311e-06
0.013000000000000005 -0.016 9.8492317189506307e-07
0.013499999999999998 -0.016 4.7175157786214791e-07
0.014000000000000005 -0.016 2.1976606507884493e-07
0.014499999999999999 -0.016 9.9573590458104452e-08
0.014999999999999999 -0.016 4.3879732049172076e-08
0.0155 -0.016 1.8807021924475017e-08
0.016000000000000007 -0.016 7.8399331435744763e-09
0.016500000000000001 -0.016 3.1786371283700711e-09
0.017000000000000001 -0.016 1.2534465202764831e-09
0.017500000000000002 -0.016 4.8073631543797855e-10
0.017999999999999995 -0.016 1.7932643566601533e-10
0.018500000000000003 -0.016 6.5060585411924185e-11
0.019000000000000003 -0.016 2.2957673831724327e-11
0.019500000000000003 -0.016 7.8790537007797883e-12
0.019999999999999997 -0.016 2.6300045749235598e-12
0.020499999999999997 -0.016 8.5383747441268145e-13
0.021000000000000005 -0.016 2.6960639171725291e-13
0.021500000000000005 -0.016 8.2798300130169964e-14
0.021999999999999999 -0.016 2.4731412531012145e-14
0.022499999999999999 -0.016 7.1847669753767615e-15
0.023000000000000007 -0.016 2.0300779635751622e-15
0.023500000000000007 -0.016 5.5789055789144863e-16
0.024 -0.016 1.4911508135076798e-16
0.024500000000000001 -0.016 3.8764161366912924e-17
0.025000000000000001 -0.016 9.8011148917202324e-18
-0.025000000000000001 -0.0155 2.3511652367080506e-17
-0.024500000000000001 -0.0155 9.2990388994440594e-17
-0.024 -0.0155 3.5770848461025126e-16
-0.0235 -0.0155 1.3383098760633455e-15
-0.023 -0.0155 4.8699038716475981e-15
-0.022500000000000003 -0.0155 1.7235359990141779e-14
-0.022000000000000002 -0.0155 5.9327574505552914e-14
-0.021500000000000002 -0.0155 1.9862279656473746e-13
-0.021000000000000001 -0.0155 6.4675211218613822e-13
-0.020500000000000001 -0.0155 2.0482496224318167e-12
-0.02 -0.0155 6.3090529978045227e-12
-0.0195 -0.0155 1.8900867262640798e-11
-0.019 -0.0155 5.5072596561878835e-11
-0.018500000000000003 -0.0155 1.560722309557011e-10
-0.018000000000000002 -0.0155 4.3018175607437673e-10
-0.017500000000000002 -0.0155 1.1532264700169404e-09
-0.017000000000000001 -0.0155 3.0068618898002951e-09
-0.016500000000000001 -0.0155 7.6251540757334854e-09
-0.016 -0.0155 1.8807021924475017e-08
-0.0155 -0.0155 4.5115700247720505e-08
-0.015000000000000001 -0.0155 1.0526200511865477e-07
-0.014500000000000001 -0.0155 2.3886462608154387e-07
-0.014 -0.0155 5.2719138397001026e-07
-0.0135 -0.0155 1.1316732050234984e-06
-0.012999999999999999 -0.0155 2.3627078635147928e-06
-0.012500000000000001 -0.0155 4.7977242668042658e-06
-0.012 -0.0155 9.4753837357221785e-06
-0.0115 -0.0155 1.8200972518517772e-05
-0.010999999999999999 -0.0155 3.4003893329055802e-05
-0.010499999999999999 -0.0155 6.1787263436362375e-05
-0.010000000000000002 -0.0155 0.00010919570100013213
-0.0095000000000000015 -0.0155 0.00018769313358648132
-0.0090000000000000011 -0.0155 0.00031378161489048121
-0.0085000000000000006 -0.0155 0.00051020283435466822
-0.0080000000000000002 -0.0155 0.00080685316045203692
-0.0074999999999999997 -0.0155 0.0012410303611337754
-0.0069999999999999993 -0.0155 0.0018565496696908213
-0.0064999999999999988 -0.0155 0.0027012638302124029
-0.0059999999999999984 -0.0155 0.0038226426283830914
-0.0054999999999999979 -0.0155 0.005261343515974441
-0.005000000000000001 -0.0155 0.0070431328767907317
-0.0044999999999999971 -0.0155 0.0091700429588936639
-0.0040000000000000001 -0.0155 0.011612162986332265
-0.0035000000000000031 -0.0155 0.014301814472754096
-0.0029999999999999992 -0.0155 0.017131895687432872
-0.0025000000000000022 -0.0155 0.019959789979451723
-0.0019999999999999983 -0.0155 0.022617405138754421
-0.0015000000000000013 -0.0155 0.024926761141349375
-0.00099999999999999742 -0.0155 0.026719307072668536
-0.00050000000000000044 -0.0155 0.027856130897431615
0 -0.0155 0.028245720827286318
0.00050000000000000044 -0.0155 0.027856130897431615
0.0010000000000000009 -0.0155 0.026719307072668536
0.0015000000000000013 -0.0155 0.024926761141349375
0.0020000000000000018 -0.0155 0.022617405138754421
0.0024999999999999988 -0.0155 0.019959789979451723
0.0030000000000000027 -0.0155 0.017131895687432813
0.0034999999999999996 -0.0155 0.014301814472754146
0.0040000000000000036 -0.0155 0.011612162986332225
0.0045000000000000005 -0.0155 0.0091700429588936309
0.0049999999999999975 -0.0155 0.0070431328767907317
0.0055000000000000014 -0.0155 0.005261343515974422
0.0059999999999999984 -0.0155 0.0038226426283830914
0.0064999999999999988 -0.0155 0.0027012638302124029
0.0069999999999999993 -0.0155 0.0018565496696908213
0.0074999999999999997 -0.0155 0.0012410303611337754
0.0080000000000000002 -0.0155 0.00080685316045203692
0.0085000000000000006 -0.0155 0.00051020283435466822
0.0090000000000000011 -0.0155 0.00031378161489048121
0.0095000000000000015 -0.0155 0.00018769313358648132
0.010000000000000002 -0.0155 0.00010919570100013213
0.010500000000000002 -0.0155 6.1787263436362158e-05
0.011000000000000003 -0.0155 3.4003893329055687e-05
0.011500000000000003 -0.0155 1.8200972518517711e-05
0.012000000000000004 -0.0155 9.4753837357221463e-06
0.012499999999999997 -0.0155 4.7977242668042827e-06
0.013000000000000005 -0.0155 2.3627078635147759e-06
0.013499999999999998 -0.0155 1.1316732050235022e-06
0.014000000000000005 -0.0155 5.2719138397000645e-07
0.014499999999999999 -0.0155 2.3886462608154472e-07
0.014999999999999999 -0.0155 1.0526200511865552e-07
0.0155 -0.0155 4.5115700247720505e-08
0.016000000000000007 -0.0155 1.8807021924474682e-08
0.016500000000000001 -0.0155 7.6251540757334854e-09
0.017000000000000001 -0.0155 3.0068618898002951e-09
0.017500000000000002 -0.0155 1.1532264700169404e-09
0.017999999999999995 -0.0155 4.3018175607438133e-10
0.018500000000000003 -0.0155 1.560722309557011e-10
0.019000000000000003 -0.0155 5.5072596561878448e-11
0.019500000000000003 -0.0155 1.8900867262640666e-11
0.019999999999999997 -0.0155 6.3090529978045671e-12
0.020499999999999997 -0.0155 2.0482496224318458e-12
0.021000000000000005 -0.0155 6.4675211218612894e-13
0.021500000000000005 -0.0155 1.9862279656473746e-13
0.021999999999999999 -0.0155 5.9327574505553331e-14
0.022499999999999999 -0.0155 1.7235359990141902e-14
0.023000000000000007 -0.0155 4.8699038716474948e-15
0.023500000000000007 -0.0155 1.3383098760633266e-15
0.024 -0.0155 3.5770848461025126e-16
0.024500000000000001 -0.0155 9.2990388994440594e-17
0.025000000000000001 -0.0155 2.3511652367080506e-17
-0.025000000000000001 -0.015000000000000001 5.4856372797554296e-17
-0.024500000000000001 -0.015000000000000001 2.1696116315546052e-16
-0.024 -0.015000000000000001 8.3459000151356594e-16
-0.0235 -0.015000000000000001 3.1224868560395295e-15
-0.023 -0.015000000000000001 1.1362249581632687e-14
-0.022500000000000003 -0.015000000000000001 4.0212798239695564e-14
-0.022000000000000002 -0.015000000000000001 1.3842053690824379e-13
-0.021500000000000002 -0.015000000000000001 4.6341813856109561e-13
-0.021000000000000001 -0.015000000000000001 1.5089741214174666e-12
-0.020500000000000001 -0.015000000000000001 4.7788876390452306e-12
-0.02 -0.015000000000000001 1.4720010224873229e-11
-0.0195 -0.015000000000000001 4.4098687942843713e-11
-0.019 -0.015000000000000001 1.2849300596829415e-10
-0.018500000000000003 -0.015000000000000001 3.6414099489831012e-10
-0.018000000000000002 -0.015000000000000001 1.003681511341295e-09
-0.017500000000000002 -0.015000000000000001 2.6906582392240524e-09
-0.017000000000000001 -0.015000000000000001 7.0154804180665969e-09
-0.016500000000000001 -0.015000000000000001 1.7790680471394128e-08
-0.016 -0.015000000000000001 4.3879732049171917e-08
-0.0155 -0.015000000000000001 1.0526200511865477e-07
-0.015000000000000001 -0.015000000000000001 2.4559276838797534e-07
-0.014500000000000001 -0.015000000000000001 5.5730863879324174e-07
-0.014 -0.015000000000000001 1.2300201892747069e-06
-0.0135 -0.015000000000000001 2.640371091344119e-06
-0.012999999999999999 -0.015000000000000001 5.512568038567611e-06
-0.012500000000000001 -0.015000000000000001 1.1193843242093115e-05
-0.012 -0.015000000000000001 2.2107556478439019e-05
-0.0115 -0.015000000000000001 4.2465723725645007e-05
-0.010999999999999999 -0.015000000000000001 7.9336416679869903e-05
-0.010499999999999999 -0.015000000000000001 0.00014415937698838302
-0.010000000000000002 -0.015000000000000001 0.00025477069788342241
-0.0095000000000000015 -0.015000000000000001 0.00043791752050473341
-0.0090000000000000011 -0.015000000000000001 0.0007321017244858245
-0.0085000000000000006 -0.015000000000000001 0.0011903832383518625
-0.0080000000000000002 -0.015000000000000001 0.0018825149790243272
-0.0074999999999999997 -0.015000000000000001 0.0028955184893239027
-0.0069999999999999993 -0.015000000000000001 0.0043316215809795838
-0.0064999999999999988 -0.015000000000000001 0.0063024722117002259
-0.0059999999999999984 -0.015000000000000001 0.008918824837169154
-0.0054999999999999979 -0.015000000000000001 0.012275539669529651
-0.005000000000000001 -0.015000000000000001 0.016432733723679045
-0.0044999999999999971 -0.015000000000000001 0.021395148553105248
-0.0040000000000000001 -0.015000000000000001 0.027092997625980962
-0.0035000000000000031 -0.015000000000000001 0.033368376418210603
-0.0029999999999999992 -0.015000000000000001 0.039971399793000739
-0.0025000000000000022 -0.015000000000000001 0.04656932073420441
-0.0019999999999999983 -0.015000000000000001 0.052769953750336704
-0.0015000000000000013 -0.015000000000000001 0.058158043529087822
-0.00099999999999999742 -0.015000000000000001 0.062340334349398771
-0.00050000000000000044 -0.015000000000000001 0.064992722644474976
0 -0.015000000000000001 0.065901697058379019
0.00050000000000000044 -0.015000000000000001 0.064992722644474976
0.0010000000000000009 -0.015000000000000001 0.062340334349398771
0.0015000000000000013 -0.015000000000000001 0.058158043529087822
0.0020000000000000018 -0.015000000000000001 0.052769953750336607
0.0024999999999999988 -0.015000000000000001 0.046569320734204493
0.0030000000000000027 -0.015000000000000001 0.039971399793000739
0.0034999999999999996 -0.015000000000000001 0.033368376418210666
0.0040000000000000036 -0.015000000000000001 0.027092997625980917
0.0045000000000000005 -0.015000000000000001 0.021395148553105248
0.0049999999999999975 -0.015000000000000001 0.016432733723679073
0.0055000000000000014 -0.015000000000000001 0.012275539669529651
0.0059999999999999984 -0.015000000000000001 0.008918824837169154
0.0064999999999999988 -0.015000000000000001 0.0063024722117002259
0.0069999999999999993 -0.015000000000000001 0.0043316215809795838
0.0074999999999999997 -0.015000000000000001 0.0028955184893239027
0.0080000000000000002 -0.015000000000000001 0.0018825149790243272
0.0085000000000000006 -0.015000000000000001 0.0011903832383518625
0.0090000000000000011 -0.015000000000000001 0.0007321017244858245
0.0095000000000000015 -0.015000000000000001 0.00043791752050473341
0.010000000000000002 -0.015000000000000001 0.00025477069788342241
0.010500000000000002 -0.015000000000000001 0.00014415937698838302
0.011000000000000003 -0.015000000000000001 7.9336416679869605e-05
0.011500000000000003 -0.015000000000000001 4.2465723725644851e-05
0.012000000000000004 -0.015000000000000001 2.2107556478438942e-05
0.012499999999999997 -0.015000000000000001 1.1193843242093196e-05
0.013000000000000005 -0.015000000000000001 5.5125680385675721e-06
0.013499999999999998 -0.015000000000000001 2.6403710913441287e-06
0.014000000000000005 -0.015000000000000001 1.2300201892746936e-06
0.014499999999999999 -0.015000000000000001 5.5730863879324566e-07
0.014999999999999999 -0.015000000000000001 2.4559276838797624e-07
0.0155 -0.015000000000000001 1.0526200511865477e-07
0.016000000000000007 -0.015000000000000001 4.3879732049171295e-08
0.016500000000000001 -0.015000000000000001 1.7790680471394128e-08
0.017000000000000001 -0.015000000000000001 7.0154804180665969e-09
0.017500000000000002 -0.015000000000000001 2.6906582392240524e-09
0.017999999999999995 -0.015000000000000001 1.003681511341309e-09
0.018500000000000003 -0.015000000000000001 3.6414099489831012e-10
0.019000000000000003 -0.015000000000000001 1.2849300596829321e-10
0.019500000000000003 -0.015000000000000001 4.4098687942843713e-11
0.019999999999999997 -0.015000000000000001 1.4720010224873439e-11
0.020499999999999997 -0.015000000000000001 4.7788876390452646e-12
0.021000000000000005 -0.015000000000000001 1.5089741214174561e-12
0.021500000000000005 -0.015000000000000001 4.6341813856109228e-13
0.021999999999999999 -0.015000000000000001 1.3842053690824579e-13
0.022499999999999999 -0.015000000000000001 4.0212798239695854e-14
0.023000000000000007 -0.015000000000000001 1.1362249581632444e-14
0.023500000000000007 -0.015000000000000001 3.1224868560394628e-15
0.024 -0.015000000000000001 8.3459000151356594e-16
0.024500000000000001 -0.015000000000000001 2.1696116315546052e-16
0.025000000000000001 -0.015000000000000001 5.4856372797554296e-17
-0.025000000000000001 -0.014500000000000001 1.2448220952761757e-16
-0.024500000000000001 -0.014500000000000001 4.9233668932040228e-16
-0.024 -0.014500000000000001 1.8938840127376826e-15
-0.0235 -0.014500000000000001 7.0856683232631446e-15
-0.023 -0.014500000000000001 2.5783657595183622e-14
-0.022500000000000003 -0.014500000000000001 9.1252441984074645e-14
-0.022000000000000002 -0.014500000000000001 3.1410925293816849e-13
-0.021500000000000002 -0.014500000000000001 1.0516064202085403e-12
-0.021000000000000001 -0.014500000000000001 3.424222623089977e-12
-0.020500000000000001 -0.014500000000000001 1.0844437246844299e-11
-0.02 -0.014500000000000001 3.3403218324764077e-11
-0.0195 -0.014500000000000001 1.0007045366730617e-10
-0.019 -0.014500000000000001 2.9158131455041783e-10
-0.018500000000000003 -0.014500000000000001 8.2632287394961512e-10
-0.018000000000000002 -0.014500000000000001 2.2775930274295075e-09
-0.017500000000000002 -0.014500000000000001 6.1057460714433499e-09
-0.017000000000000001 -0.014500000000000001 1.5919800358685133e-08
-0.016500000000000001 -0.014500000000000001 4.0371302387271836e-08
-0.016 -0.014500000000000001 9.9573590458104452e-08
-0.0155 -0.014500000000000001 2.3886462608154387e-07
-0.015000000000000001 -0.014500000000000001 5.5730863879324174e-07
-0.014500000000000001 -0.014500000000000001 1.2646663861979795e-06
-0.014 -0.014500000000000001 2.7912095371227374e-06
-0.0135 -0.014500000000000001 5.9916325243804484e-06
-0.012999999999999999 -0.014500000000000001 1.2509333275546341e-05
-0.012500000000000001 -0.014500000000000001 2.5401503395493739e-05
-0.012 -0.014500000000000001 5.0167324913166504e-05
-0.0115 -0.014500000000000001 9.6364867908170558e-05
-0.010999999999999999 -0.014500000000000001 0.00018003327490792974
-0.010499999999999999 -0.014500000000000001 0.00032713205150959048
-0.010000000000000002 -0.014500000000000001 0.00057813555249930045
-0.0095000000000000015 -0.014500000000000001 0.00099373942831516501
-0.0090000000000000011 -0.014500000000000001 0.0016613136380580734
-0.0085000000000000006 -0.014500000000000001 0.0027012638302123929
-0.0080000000000000002 -0.014500000000000001 0.0042718760302036052
-0.0074999999999999997 -0.014500000000000001 0.0065706228993539862
-0.0069999999999999993 -0.014500000000000001 0.009829483754381467
-0.0064999999999999988 -0.014500000000000001 0.014301814472754096
-0.0059999999999999984 -0.014500000000000001 0.020238943362476829
-0.0054999999999999979 -0.014500000000000001 0.027856130897431615
-0.005000000000000001 -0.014500000000000001 0.037289796940306728
-0.0044999999999999971 -0.014500000000000001 0.048550701208245055
-0.0040000000000000001 -0.014500000000000001 0.061480481395572377
-0.0035000000000000031 -0.014500000000000001 0.075720814429664787
-0.0029999999999999992 -0.014500000000000001 0.09070465126280354
-0.0025000000000000022 -0.014500000000000001 0.10567690945567829
-0.0019999999999999983 -0.014500000000000001 0.11974762647458514
-0.0015000000000000013 -0.014500000000000001 0.13197448885331711
-0.00099999999999999742 -0.014500000000000001 0.14146510545169697
-0.00050000000000000044 -0.014500000000000001 0.14748400788104238
0 -0.014500000000000001 0.1495466878884214
0.00050000000000000044 -0.014500000000000001 0.14748400788104238
0.0010000000000000009 -0.014500000000000001 0.14146510545169697
0.0015000000000000013 -0.014500000000000001 0.13197448885331711
0.0020000000000000018 -0.014500000000000001 0.11974762647458494
0.0024999999999999988 -0.014500000000000001 0.10567690945567829
0.0030000000000000027 -0.014500000000000001 0.090704651262803374
0.0034999999999999996 -0.014500000000000001 0.075720814429664912
0.0040000000000000036 -0.014500000000000001 0.061480481395572266
0.0045000000000000005 -0.014500000000000001 0.048550701208244965
0.0049999999999999975 -0.014500000000000001 0.037289796940306798
0.0055000000000000014 -0.014500000000000001 0.027856130897431566
0.0059999999999999984 -0.014500000000000001 0.020238943362476829
0.0064999999999999988 -0.014500000000000001 0.014301814472754096
0.0069999999999999993 -0.014500000000000001 0.009829483754381467
0.0074999999999999997 -0.014500000000000001 0.0065706228993539862
0.0080000000000000002 -0.014500000000000001 0.0042718760302036052
0.0085000000000000006 -0.014500000000000001 0.0027012638302123929
0.0090000000000000011 -0.014500000000000001 0.0016613136380580734
0.0095000000000000015 -0.014500000000000001 0.00099373942831516501
0.010000000000000002 -0.014500000000000001 0.00057813555249930045
0.010500000000000002 -0.014500000000000001 0.00032713205150958929
0.011000000000000003 -0.014500000000000001 0.00018003327490792912
0.011500000000000003 -0.014500000000000001 9.6364867908170219e-05
0.012000000000000004 -0.014500000000000001 5.0167324913166321e-05
0.012499999999999997 -0.014500000000000001 2.5401503395493919e-05
0.013000000000000005 -0.014500000000000001 1.2509333275546297e-05
0.013499999999999998 -0.014500000000000001 5.9916325243804484e-06
0.014000000000000005 -0.014500000000000001 2.7912095371227175e-06
0.014499999999999999 -0.014500000000000001 1.2646663861979795e-06
0.014999999999999999 -0.014500000000000001 5.5730863879324566e-07
0.0155 -0.014500000000000001 2.3886462608154387e-07
0.016000000000000007 -0.014500000000000001 9.9573590458102679e-08
0.016500000000000001 -0.014500000000000001 4.0371302387271836e-08
0.017000000000000001 -0.014500000000000001 1.5919800358685133e-08
0.017500000000000002 -0.014500000000000001 6.1057460714433499e-09
0.017999999999999995 -0.014500000000000001 2.2775930274295319e-09
0.018500000000000003 -0.014500000000000001 8.2632287394961512e-10
0.019000000000000003 -0.014500000000000001 2.9158131455041576e-10
0.019500000000000003 -0.014500000000000001 1.0007045366730617e-10
0.019999999999999997 -0.014500000000000001 3.340321832476431e-11
0.020499999999999997 -0.014500000000000001 1.0844437246844376e-11
0.021000000000000005 -0.014500000000000001 3.4242226230899281e-12
0.021500000000000005 -0.014500000000000001 1.0516064202085328e-12
0.021999999999999999 -0.014500000000000001 3.1410925293817071e-13
0.022499999999999999 -0.014500000000000001 9.1252441984075301e-14
0.023000000000000007 -0.014500000000000001 2.5783657595183073e-14
0.023500000000000007 -0.014500000000000001 7.0856683232630436e-15
0.024 -0.014500000000000001 1.8938840127376826e-15
0.024500000000000001 -0.014500000000000001 4.9233668932040228e-16
0.025000000000000001 -0.014500000000000001 1.2448220952761757e-16
-0.025000000000000001 -0.014 2.7474117619285436e-16
-0.024500000000000001 -0.014 1.0866224307881794e-15
-0.024 -0.014 4.1799380265414873e-15
-0.0235 -0.014 1.5638578851011375e-14
-0.023 -0.014 5.6906383981583785e-14
-0.022500000000000003 -0.014 2.0140069280833805e-13
-0.022000000000000002 -0.014 6.9326167918110737e-13
-0.021500000000000002 -0.014 2.320970891153324e-12
-0.021000000000000001 -0.014 7.55750524178473e-12
-0.020500000000000001 -0.014 2.3934451803625561e-11
-0.02 -0.014 7.3723301715144017e-11
-0.0195 -0.014 2.2086267786408751e-10
-0.019 -0.014 6.4354090130178098e-10
-0.018500000000000003 -0.014 1.8237539256853355e-09
-0.018000000000000002 -0.014 5.0268113782620198e-09
-0.017500000000000002 -0.014 1.3475820067533945e-08
-0.017000000000000001 -0.014 3.5136142681739381e-08
-0.016500000000000001 -0.014 8.9102363658283758e-08
-0.016 -0.014 2.1976606507884647e-07
-0.0155 -0.014 5.2719138397001026e-07
-0.015000000000000001 -0.014 1.2300201892747069e-06
-0.014500000000000001 -0.014 2.7912095371227374e-06
-0.014 -0.014 6.1603999008362362e-06
-0.0135 -0.014 1.3223963274032507e-05
-0.012999999999999999 -0.014 2.7608996904489555e-05
-0.012500000000000001 -0.014 5.6062942218232296e-05
-0.012 -0.014 0.00011072288888023397
-0.0115 -0.014 0.00021268418397478648
-0.010999999999999999 -0.014 0.00039734636692066592
-0.010499999999999999 -0.014 0.00072200393086841613
-0.010000000000000002 -0.014 0.0012759866835214176
-0.0095000000000000015 -0.014 0.0021932542842915187
-0.0090000000000000011 -0.014 0.0036666385074410153
-0.0085000000000000006 -0.014 0.005961883266179583
-0.0080000000000000002 -0.014 0.009428337186028226
-0.0074999999999999997 -0.014 0.014501836612144181
-0.0069999999999999993 -0.014 0.0216943765562593
-0.0064999999999999988 -0.014 0.031565131634851605
-0.0059999999999999984 -0.014 0.044668801472982966
-0.0054999999999999979 -0.014 0.061480481395572377
-0.005000000000000001 -0.014 0.082301259836648197
-0.0044999999999999971 -0.014 0.10715488426465995
-0.0040000000000000001 -0.014 0.13569183769810006
-0.0035000000000000031 -0.014 0.16712127538249849
-0.0029999999999999992 -0.014 0.20019167934656862
-0.0025000000000000022 -0.014 0.23323652842004905
-0.0019999999999999983 -0.014 0.2642916113778559
-0.0015000000000000013 -0.014 0.29127717472725723
-0.00099999999999999742 -0.014 0.31222364713427053
-0.00050000000000000044 -0.014 0.32550779704696547
0 -0.014 0.33006027995586723
0.00050000000000000044 -0.014 0.32550779704696547
0.0010000000000000009 -0.014 0.31222364713427053
0.0015000000000000013 -0.014 0.29127717472725723
0.0020000000000000018 -0.014 0.26429161137785545
0.0024999999999999988 -0.014 0.23323652842004947
0.0030000000000000027 -0.014 0.20019167934656829
0.0034999999999999996 -0.014 0.1671212753824988
0.0040000000000000036 -0.014 0.13569183769809981
0.0045000000000000005 -0.014 0.10715488426465995
0.0049999999999999975 -0.014 0.082301259836648197
0.0055000000000000014 -0.014 0.061480481395572266
0.0059999999999999984 -0.014 0.044668801472982966
0.0064999999999999988 -0.014 0.031565131634851605
0.0069999999999999993 -0.014 0.0216943765562593
0.0074999999999999997 -0.014 0.014501836612144181
0.0080000000000000002 -0.014 0.009428337186028226
0.0085000000000000006 -0.014 0.005961883266179583
0.0090000000000000011 -0.014 0.0036666385074410153
0.0095000000000000015 -0.014 0.0021932542842915187
0.010000000000000002 -0.014 0.0012759866835214176
0.010500000000000002 -0.014 0.00072200393086841353
0.011000000000000003 -0.014 0.0003973463669206631
0.011500000000000003 -0.014 0.00021268418397478572
0.012000000000000004 -0.014 0.00011072288888023319
0.012499999999999997 -0.014 5.6062942218232702e-05
0.013000000000000005 -0.014 2.7608996904489261e-05
0.013499999999999998 -0.014 1.3223963274032507e-05
0.014000000000000005 -0.014 6.1603999008361702e-06
0.014499999999999999 -0.014 2.7912095371227476e-06
0.014999999999999999 -0.014 1.2300201892747069e-06
0.0155 -0.014 5.2719138397001026e-07
0.016000000000000007 -0.014 2.1976606507884337e-07
0.016500000000000001 -0.014 8.9102363658283758e-08
0.017000000000000001 -0.014 3.5136142681739381e-08
0.017500000000000002 -0.014 1.3475820067533945e-08
0.017999999999999995 -0.014 5.0268113782620909e-09
0.018500000000000003 -0.014 1.8237539256853355e-09
0.019000000000000003 -0.014 6.4354090130177643e-10
0.019500000000000003 -0.014 2.2086267786408591e-10
0.019999999999999997 -0.014 7.3723301715145064e-11
0.020499999999999997 -0.014 2.3934451803625729e-11
0.021000000000000005 -0.014 7.5575052417846751e-12
0.021500000000000005 -0.014 2.3209708911533075e-12
0.021999999999999999 -0.014 6.9326167918111736e-13
0.022499999999999999 -0.014 2.0140069280833947e-13
0.023000000000000007 -0.014 5.6906383981582573e-14
0.023500000000000007 -0.014 1.5638578851011041e-14
0.024 -0.014 4.1799380265414873e-15
0.024500000000000001 -0.014 1.0866224307881794e-15
0.025000000000000001 -0.014 2.7474117619285436e-16
-0.025000000000000001 -0.0135 5.8976158728682647e-16
-0.024500000000000001 -0.0135 2.3325523259508196e-15
-0.024 -0.0135 8.9726881112398344e-15
-0.0235 -0.0135 3.356989736263108e-14
-0.023 -0.0135 1.2215569507562357e-13
-0.022500000000000003 -0.0135 4.3232832412399511e-13
-0.022000000000000002 -0.0135 1.4881610175243087e-12
-0.021500000000000002 -0.0135 4.9822145183373338e-12
-0.021000000000000001 -0.0135 1.6223000676807281e-11
-0.020500000000000001 -0.0135 5.1377884022152945e-11
-0.02 -0.0135 1.5825502402679199e-10
-0.0195 -0.0135 4.7410557556218417e-10
-0.019 -0.0135 1.381430001483723e-09
-0.018500000000000003 -0.0135 3.9148846377426949e-09
-0.018000000000000002 -0.0135 1.0790593163051344e-08
-0.017500000000000002 -0.0135 2.8927302209122772e-08
-0.017000000000000001 -0.0135 7.5423522481294974e-08
-0.016500000000000001 -0.0135 1.9126784033723007e-07
-0.016 -0.0135 4.7175157786214791e-07
-0.0155 -0.0135 1.1316732050234984e-06
-0.015000000000000001 -0.0135 2.640371091344119e-06
-0.014500000000000001 -0.0135 5.9916325243804484e-06
-0.014 -0.0135 1.3223963274032507e-05
-0.0135 -0.0135 2.8386664419175642e-05
-0.012999999999999999 -0.0135 5.9265691671783456e-05
-0.012500000000000001 -0.0135 0.0001203451562986152
-0.012 -0.0135 0.00023767863121162649
-0.0115 -0.0135 0.00045654955573068656
-0.010999999999999999 -0.0135 0.00085294686186133234
-0.010499999999999999 -0.0135 0.001549859362898669
-0.010000000000000002 -0.0135 0.0027390431323705542
-0.0095000000000000015 -0.0135 0.0047080570373602684
-0.0090000000000000011 -0.0135 0.0078708352934963501
-0.0085000000000000006 -0.0135 0.012797825892005146
-0.0080000000000000002 -0.0135 0.020238943362476829
-0.0074999999999999997 -0.0135 0.031129757459249223
-0.0069999999999999993 -0.0135 0.046569320734204576
-0.0064999999999999988 -0.0135 0.067757961852869045
-0.0059999999999999984 -0.0135 0.095886403428711395
-0.0054999999999999979 -0.0135 0.13197448885331736
-0.005000000000000001 -0.0135 0.17666853694655563
-0.0044999999999999971 -0.0135 0.23001952421249777
-0.0040000000000000001 -0.0135 0.29127717472725773
-0.0035000000000000031 -0.0135 0.35874385487014276
-0.0029999999999999992 -0.0135 0.42973304624048214
-0.0025000000000000022 -0.0135 0.50066738128005239
-0.0019999999999999983 -0.0135 0.56733046859851133
-0.0015000000000000013 -0.0135 0.62525789285762801
-0.00099999999999999742 -0.0135 0.67022175661479733
-0.00050000000000000044 -0.0135 0.69873761814975621
0 -0.0135 0.70851001405944458
0.00050000000000000044 -0.0135 0.69873761814975621
0.0010000000000000009 -0.0135 0.67022175661479733
0.0015000000000000013 -0.0135 0.62525789285762801
0.0020000000000000018 -0.0135 0.56733046859851022
0.0024999999999999988 -0.0135 0.50066738128005328
0.0030000000000000027 -0.0135 0.42973304624048136
0.0034999999999999996 -0.0135 0.35874385487014343
0.0040000000000000036 -0.0135 0.29127717472725723
0.0045000000000000005 -0.0135 0.23001952421249777
0.0049999999999999975 -0.0135 0.17666853694655563
0.0055000000000000014 -0.0135 0.13197448885331711
0.0059999999999999984 -0.0135 0.095886403428711395
0.0064999999999999988 -0.0135 0.067757961852869045
0.0069999999999999993 -0.0135 0.046569320734204576
0.0074999999999999997 -0.0135 0.031129757459249223
0.0080000000000000002 -0.0135 0.020238943362476829
0.0085000000000000006 -0.0135 0.012797825892005146
0.0090000000000000011 -0.0135 0.0078708352934963501
0.0095000000000000015 -0.0135 0.0047080570373602684
0.010000000000000002 -0.0135 0.0027390431323705542
0.010500000000000002 -0.0135 0.0015498593628986634
0.011000000000000003 -0.0135 0.00085294686186132931
0.011500000000000003 -0.0135 0.00045654955573068499
0.012000000000000004 -0.0135 0.00023767863121162565
0.012499999999999997 -0.0135 0.00012034515629861606
0.013000000000000005 -0.0135 5.9265691671783246e-05
0.013499999999999998 -0.0135 2.8386664419175642e-05
0.014000000000000005 -0.0135 1.3223963274032412e-05
0.014499999999999999 -0.0135 5.9916325243804484e-06
0.014999999999999999 -0.0135 2.6403710913441376e-06
0.0155 -0.0135 1.1316732050234984e-06
0.016000000000000007 -0.0135 4.7175157786213949e-07
0.016500000000000001 -0.0135 1.9126784033723007e-07
0.017000000000000001 -0.0135 7.5423522481294974e-08
0.017500000000000002 -0.0135 2.8927302209122772e-08
0.017999999999999995 -0.0135 1.0790593163051458e-08
0.018500000000000003 -0.0135 3.9148846377426949e-09
0.019000000000000003 -0.0135 1.3814300014837133e-09
0.019500000000000003 -0.0135 4.7410557556218076e-10
0.019999999999999997 -0.0135 1.5825502402679313e-10
0.020499999999999997 -0.0135 5.1377884022153307e-11
0.021000000000000005 -0.0135 1.6223000676807051e-11
0.021500000000000005 -0.0135 4.9822145183372983e-12
0.021999999999999999 -0.0135 1.488161017524319e-12
0.022499999999999999 -0.0135 4.3232832412399814e-13
0.023000000000000007 -0.0135 1.2215569507562097e-13
0.023500000000000007 -0.0135 3.3569897362630607e-14
0.024 -0.0135 8.9726881112398344e-15
0.024500000000000001 -0.0135 2.3325523259508196e-15
0.025000000000000001 -0.0135 5.8976158728682647e-16
-0.025000000000000001 -0.012999999999999999 1.23130452651534e-15
-0.024500000000000001 -0.012999999999999999 4.8699038716475634e-15
-0.024 -0.012999999999999999 1.8733182568241445e-14
-0.0235 -0.012999999999999999 7.0087247912197684e-14
-0.023 -0.012999999999999999 2.5503671912272516e-13
-0.022500000000000003 -0.012999999999999999 9.0261528371764269e-13
-0.022000000000000002 -0.012999999999999999 3.1069832904701831e-12
-0.021500000000000002 -0.012999999999999999 1.0401869875454651e-11
-0.021000000000000001 -0.012999999999999999 3.3870388641129255e-11
-0.020500000000000001 -0.012999999999999999 1.0726677105284186e-10
-0.02 -0.012999999999999999 3.3040491552599644e-10
-0.0195 -0.012999999999999999 9.8983784942908129e-10
-0.019 -0.012999999999999999 2.8841502236796989e-09
-0.018500000000000003 -0.012999999999999999 8.1734980357301076e-09
-0.018000000000000002 -0.012999999999999999 2.2528605612607913e-08
-0.017500000000000002 -0.012999999999999999 6.0394435510509452e-08
-0.017000000000000001 -0.012999999999999999 1.5746926663059015e-07
-0.016500000000000001 -0.012999999999999999 3.993290893486179e-07
-0.016 -0.012999999999999999 9.8492317189507006e-07
-0.0155 -0.012999999999999999 2.3627078635147928e-06
-0.015000000000000001 -0.012999999999999999 5.512568038567611e-06
-0.014500000000000001 -0.012999999999999999 1.2509333275546341e-05
-0.014 -0.012999999999999999 2.7608996904489555e-05
-0.0135 -0.012999999999999999 5.9265691671783456e-05
-0.012999999999999999 -0.012999999999999999 0.0001237349396698483
-0.012500000000000001 -0.012999999999999999 0.00025125667539044615
-0.012 -0.012999999999999999 0.0004962255609308006
-0.0115 -0.012999999999999999 0.00095318438275357074
-0.010999999999999999 -0.012999999999999999 0.0017807828697668868
-0.010499999999999999 -0.012999999999999999 0.0032357971257141057
-0.010000000000000002 -0.012999999999999999 0.0057185755734348535
-0.0095000000000000015 -0.012999999999999999 0.0098294837543814323
-0.0090000000000000011 -0.012999999999999999 0.016432733723679073
-0.0085000000000000006 -0.012999999999999999 0.026719307072668536
-0.0080000000000000002 -0.012999999999999999 0.04225487571808479
-0.0074999999999999997 -0.012999999999999999 0.064992722644475198
-0.0069999999999999993 -0.012999999999999999 0.09722745029998564
-0.0064999999999999988 -0.012999999999999999 0.14146510545169724
-0.0059999999999999984 -0.012999999999999999 0.20019167934656895
-0.0054999999999999979 -0.012999999999999999 0.27553640150965991
-0.005000000000000001 -0.012999999999999999 0.36884865668496009
-0.0044999999999999971 -0.012999999999999999 0.48023487364226763
-0.0040000000000000001 -0.012999999999999999 0.60812862594566275
-0.0035000000000000031 -0.012999999999999999 0.74898559330270276
-0.0029999999999999992 -0.012999999999999999 0.89719686130014076
-0.0025000000000000022 -0.012999999999999999 1.045293600223729
-0.0019999999999999983 -0.012999999999999999 1.1844728260941741
-0.0015000000000000013 -0.012999999999999999 1.305413730414102
-0.00099999999999999742 -0.012999999999999999 1.3992893068627512
-0.00050000000000000044 -0.012999999999999999 1.4588247363352087
0 -0.012999999999999999 1.4792275492309346
0.00050000000000000044 -0.012999999999999999 1.4588247363352087
0.0010000000000000009 -0.012999999999999999 1.3992893068627512
0.0015000000000000013 -0.012999999999999999 1.305413730414102
0.0020000000000000018 -0.012999999999999999 1.1844728260941724
0.0024999999999999988 -0.012999999999999999 1.045293600223731
0.0030000000000000027 -0.012999999999999999 0.89719686130014076
0.0034999999999999996 -0.012999999999999999 0.74898559330270409
0.0040000000000000036 -0.012999999999999999 0.60812862594566164
0.0045000000000000005 -0.012999999999999999 0.48023487364226763
0.0049999999999999975 -0.012999999999999999 0.36884865668496009
0.0055000000000000014 -0.012999999999999999 0.27553640150965991
0.0059999999999999984 -0.012999999999999999 0.20019167934656895
0.0064999999999999988 -0.012999999999999999 0.14146510545169724
0.0069999999999999993 -0.012999999999999999 0.09722745029998564
0.0074999999999999997 -0.012999999999999999 0.064992722644475198
0.0080000000000000002 -0.012999999999999999 0.04225487571808479
0.0085000000000000006 -0.012999999999999999 0.026719307072668536
0.0090000000000000011 -0.012999999999999999 0.016432733723679073
0.0095000000000000015 -0.012999999999999999 0.0098294837543814323
0.010000000000000002 -0.012999999999999999 0.0057185755734348535
0.010500000000000002 -0.012999999999999999 0.003235797125714094
0.011000000000000003 -0.012999999999999999 0.0017807828697668805
0.011500000000000003 -0.012999999999999999 0.00095318438275356738
0.012000000000000004 -0.012999999999999999 0.00049622556093079887
0.012499999999999997 -0.012999999999999999 0.00025125667539044794
0.013000000000000005 -0.012999999999999999 0.00012373493966984743
0.013499999999999998 -0.012999999999999999 5.926569167178366e-05
0.014000000000000005 -0.012999999999999999 2.7608996904489261e-05
0.014499999999999999 -0.012999999999999999 1.2509333275546429e-05
0.014999999999999999 -0.012999999999999999 5.5125680385676305e-06
0.0155 -0.012999999999999999 2.3627078635147928e-06
0.016000000000000007 -0.012999999999999999 9.8492317189505609e-07
0.016500000000000001 -0.012999999999999999 3.993290893486179e-07
0.017000000000000001 -0.012999999999999999 1.5746926663059015e-07
0.017500000000000002 -0.012999999999999999 6.0394435510509452e-08
0.017999999999999995 -0.012999999999999999 2.2528605612608237e-08
0.018500000000000003 -0.012999999999999999 8.1734980357301076e-09
0.019000000000000003 -0.012999999999999999 2.8841502236796782e-09
0.019500000000000003 -0.012999999999999999 9.8983784942908129e-10
0.019999999999999997 -0.012999999999999999 3.3040491552600114e-10
0.020499999999999997 -0.012999999999999999 1.0726677105284262e-10
0.021000000000000005 -0.012999999999999999 3.3870388641129016e-11
0.021500000000000005 -0.012999999999999999 1.0401869875454578e-11
0.021999999999999999 -0.012999999999999999 3.1069832904702271e-12
0.022499999999999999 -0.012999999999999999 9.0261528371764915e-13
0.023000000000000007 -0.012999999999999999 2.550367191227197e-13
0.023500000000000007 -0.012999999999999999 7.0087247912196195e-14
0.024 -0.012999999999999999 1.8733182568241445e-14
0.024500000000000001 -0.012999999999999999 4.8699038716475634e-15
0.025000000000000001 -0.012999999999999999 1.23130452651534e-15
-0.025000000000000001 -0.012500000000000001 2.5002920157469462e-15
-0.024500000000000001 -0.012500000000000001 9.8888467519849164e-15
-0.024 -0.012500000000000001 3.8039677266077542e-14
-0.0235 -0.012500000000000001 1.4231945273236316e-13
-0.023 -0.012500000000000001 5.1787860664288889e-13
-0.022500000000000003 -0.012500000000000001 1.8328542928021718e-12
-0.022000000000000002 -0.012500000000000001 6.309052997804433e-12
-0.021500000000000002 -0.012500000000000001 2.1122079581759839e-11
-0.021000000000000001 -0.012500000000000001 6.8777349929287783e-11
-0.020500000000000001 -0.012500000000000001 2.1781634473268279e-10
-0.02 -0.012500000000000001 6.7092157501534542e-10
-0.0195 -0.012500000000000001 2.0099687920548118e-09
-0.019 -0.012500000000000001 5.856567259514014e-09
-0.018500000000000003 -0.012500000000000001 1.6597138595189601e-08
-0.018000000000000002 -0.012500000000000001 4.5746678848430157e-08
-0.017500000000000002 -0.012500000000000001 1.2263718816158345e-07
-0.017000000000000001 -0.012500000000000001 3.1975773791414543e-07
-0.016500000000000001 -0.012500000000000001 8.1087928473672582e-07
-0.016 -0.012500000000000001 1.9999890277206171e-06
-0.0155 -0.012500000000000001 4.7977242668042658e-06
-0.015000000000000001 -0.012500000000000001 1.1193843242093115e-05
-0.014500000000000001 -0.012500000000000001 2.5401503395493739e-05
-0.014 -0.012500000000000001 5.6062942218232296e-05
-0.0135 -0.012500000000000001 0.0001203451562986152
-0.012999999999999999 -0.012500000000000001 0.00025125667539044615
-0.012500000000000001 -0.012500000000000001 0.00051020283435466648
-0.012 -0.012500000000000001 0.0010076376568809583
-0.0115 -0.012500000000000001 0.0019355401124676621
-0.010999999999999999 -0.012500000000000001 0.0036160649905656122
-0.010499999999999999 -0.012500000000000001 0.0065706228993539862
-0.010000000000000002 -0.012500000000000001 0.011612162986332204
-0.0095000000000000015 -0.012500000000000001 0.019959789979451619
-0.0090000000000000011 -0.012500000000000001 0.033368376418210666
-0.0085000000000000006 -0.012500000000000001 0.054256334401002464
-0.0080000000000000002 -0.012500000000000001 0.085802923735935024
-0.0074999999999999997 -0.012500000000000001 0.13197448885331711
-0.0069999999999999993 -0.012500000000000001 0.19743045888450195
-0.0064999999999999988 -0.012500000000000001 0.28725962266108263
-0.0059999999999999984 -0.012500000000000001 0.40651004419333236
-0.0054999999999999979 -0.012500000000000001 0.55950534567751153
-0.005000000000000001 -0.012500000000000001 0.74898559330270142
-0.0044999999999999971 -0.012500000000000001 0.9751669017648581
-0.0040000000000000001 -0.012500000000000001 1.2348684791261193
-0.0035000000000000031 -0.012500000000000001 1.5208932140808706
-0.0029999999999999992 -0.012500000000000001 1.8218516220438978
-0.0025000000000000022 -0.012500000000000001 2.1225774668003825
-0.0019999999999999983 -0.012500000000000001 2.4051953730193607
-0.0015000000000000013 -0.012500000000000001 2.6507784687821156
-0.00099999999999999742 -0.012500000000000001 2.8414025988926914
-0.00050000000000000044 -0.012500000000000001 2.9622954858743724
0 -0.012500000000000001 3.0037255213233052
0.00050000000000000044 -0.012500000000000001 2.9622954858743724
0.0010000000000000009 -0.012500000000000001 2.8414025988926914
0.0015000000000000013 -0.012500000000000001 2.6507784687821156
0.0020000000000000018 -0.012500000000000001 2.4051953730193563
0.0024999999999999988 -0.012500000000000001 2.1225774668003861
0.0030000000000000027 -0.012500000000000001 1.8218516220438978
0.0034999999999999996 -0.012500000000000001 1.5208932140808735
0.0040000000000000036 -0.012500000000000001 1.2348684791261169
0.0045000000000000005 -0.012500000000000001 0.97516690176485632
0.0049999999999999975 -0.012500000000000001 0.74898559330270276
0.0055000000000000014 -0.012500000000000001 0.55950534567751053
0.0059999999999999984 -0.012500000000000001 0.40651004419333236
0.0064999999999999988 -0.012500000000000001 0.28725962266108263
0.0069999999999999993 -0.012500000000000001 0.19743045888450195
0.0074999999999999997 -0.012500000000000001 0.13197448885331711
0.0080000000000000002 -0.012500000000000001 0.085802923735935024
0.0085000000000000006 -0.012500000000000001 0.054256334401002464
0.0090000000000000011 -0.012500000000000001 0.033368376418210666
0.0095000000000000015 -0.012500000000000001 0.019959789979451619
0.010000000000000002 -0.012500000000000001 0.011612162986332204
0.010500000000000002 -0.012500000000000001 0.0065706228993539749
0.011000000000000003 -0.012500000000000001 0.0036160649905656061
0.011500000000000003 -0.012500000000000001 0.0019355401124676484
0.012000000000000004 -0.012500000000000001 0.0010076376568809548
0.012499999999999997 -0.012500000000000001 0.00051020283435467006
0.013000000000000005 -0.012500000000000001 0.00025125667539044528
0.013499999999999998 -0.012500000000000001 0.00012034515629861563
0.014000000000000005 -0.012500000000000001 5.6062942218231903e-05
0.014499999999999999 -0.012500000000000001 2.5401503395493919e-05
0.014999999999999999 -0.012500000000000001 1.1193843242093155e-05
0.0155 -0.012500000000000001 4.7977242668042658e-06
0.016000000000000007 -0.012500000000000001 1.9999890277205887e-06
0.016500000000000001 -0.012500000000000001 8.1087928473672582e-07
0.017000000000000001 -0.012500000000000001 3.1975773791414543e-07
0.017500000000000002 -0.012500000000000001 1.2263718816158345e-07
0.017999999999999995 -0.012500000000000001 4.574667884843064e-08
0.018500000000000003 -0.012500000000000001 1.6597138595189601e-08
0.019000000000000003 -0.012500000000000001 5.8565672595139718e-09
0.019500000000000003 -0.012500000000000001 2.0099687920548118e-09
0.019999999999999997 -0.012500000000000001 6.7092157501535256e-10
0.020499999999999997 -0.012500000000000001 2.1781634473268279e-10
0.021000000000000005 -0.012500000000000001 6.8777349929287783e-11
0.021500000000000005 -0.012500000000000001 2.1122079581759687e-11
0.021999999999999999 -0.012500000000000001 6.3090529978045227e-12
0.022499999999999999 -0.012500000000000001 1.8328542928021848e-12
0.023000000000000007 -0.012500000000000001 5.1787860664287769e-13
0.023500000000000007 -0.012500000000000001 1.4231945273236111e-13
0.024 -0.012500000000000001 3.8039677266077542e-14
0.024500000000000001 -0.012500000000000001 9.8888467519849164e-15
0.025000000000000001 -0.012500000000000001 2.5002920157469462e-15
-0.025000000000000001 -0.012 4.938013312787818e-15
-0.024500000000000001 -0.012 1.9530221510879024e-14
-0.024 -0.012 7.5127397748349363e-14
-0.0235 -0.012 2.8107730930426385e-13
-0.023 -0.012 1.0227971124591287e-12
-0.022500000000000003 -0.012 3.6198407391040685e-12
-0.022000000000000002 -0.012 1.2460219645558197e-11
-0.021500000000000002 -0.012 4.1715571425897553e-11
-0.021000000000000001 -0.012 1.358335216167266e-10
-0.020500000000000001 -0.012 4.3018175607437673e-10
-0.02 -0.012 1.3250530931574466e-09
-0.0195 -0.012 3.9696373827317423e-09
-0.019 -0.012 1.1566571789446667e-08
-0.018500000000000003 -0.012 3.2778927749663828e-08
-0.018000000000000002 -0.012 9.0348530390315839e-08
-0.017500000000000002 -0.012 2.4220533600506231e-07
-0.017000000000000001 -0.012 6.3151342192934273e-07
-0.016500000000000001 -0.012 1.6014660199191145e-06
-0.016 -0.012 3.9499276013020373e-06
-0.0155 -0.012 9.4753837357221785e-06
-0.015000000000000001 -0.012 2.2107556478439019e-05
-0.014500000000000001 -0.012 5.0167324913166504e-05
-0.014 -0.012 0.00011072288888023397
-0.0135 -0.012 0.00023767863121162649
-0.012999999999999999 -0.012 0.0004962255609308006
-0.012500000000000001 -0.012 0.0010076376568809583
-0.012 -0.012 0.0019900588142533538
-0.0115 -0.012 0.0038226426283830776
-0.010999999999999999 -0.012 0.0071416366371847822
-0.010499999999999999 -0.012 0.012976813566564764
-0.010000000000000002 -0.012 0.022933727362897692
-0.0095000000000000015 -0.012 0.039420078942073687
-0.0090000000000000011 -0.012 0.06590169705837913
-0.0085000000000000006 -0.012 0.10715488426465995
-0.0080000000000000002 -0.012 0.16945859804203223
-0.0074999999999999997 -0.012 0.26064626803655877
-0.0069999999999999993 -0.012 0.38992014859921442
-0.0064999999999999988 -0.012 0.56733046859851022
-0.0059999999999999984 -0.012 0.80284702641381511
-0.0054999999999999979 -0.012 1.1050088662168207
-0.005000000000000001 -0.012 1.4792275492309319
-0.0044999999999999971 -0.012 1.925929896499051
-0.0040000000000000001 -0.012 2.4388339246226587
-0.0035000000000000031 -0.012 3.0037255213233052
-0.0029999999999999992 -0.012 3.5981107434322044
-0.0025000000000000022 -0.012 4.1920366591069991
-0.0019999999999999983 -0.012 4.7501998554665308
-0.0015000000000000013 -0.012 5.2352202405393715
-0.00099999999999999742 -0.012 5.6116980624482702
-0.00050000000000000044 -0.012 5.850458447866111
0 -0.012 5.9322817170313265
0.00050000000000000044 -0.012 5.850458447866111
0.0010000000000000009 -0.012 5.6116980624482702
0.0015000000000000013 -0.012 5.2352202405393715
0.0020000000000000018 -0.012 4.7501998554665219
0.0024999999999999988 -0.012 4.1920366591070062
0.0030000000000000027 -0.012 3.5981107434321982
0.0034999999999999996 -0.012 3.0037255213233101
0.0040000000000000036 -0.012 2.4388339246226542
0.0045000000000000005 -0.012 1.9259298964990477
0.0049999999999999975 -0.012 1.4792275492309346
0.0055000000000000014 -0.012 1.1050088662168167
0.0059999999999999984 -0.012 0.80284702641381511
0.0064999999999999988 -0.012 0.56733046859851022
0.0069999999999999993 -0.012 0.38992014859921442
0.0074999999999999997 -0.012 0.26064626803655877
0.0080000000000000002 -0.012 0.16945859804203223
0.0085000000000000006 -0.012 0.10715488426465995
0.0090000000000000011 -0.012 0.06590169705837913
0.0095000000000000015 -0.012 0.039420078942073687
0.010000000000000002 -0.012 0.022933727362897692
0.010500000000000002 -0.012 0.012976813566564719
0.011000000000000003 -0.012 0.007141636637184757
0.011500000000000003 -0.012 0.0038226426283830641
0.012000000000000004 -0.012 0.0019900588142533469
0.012499999999999997 -0.012 0.001007637656880962
0.013000000000000005 -0.012 0.00049622556093079713
0.013499999999999998 -0.012 0.00023767863121162733
0.014000000000000005 -0.012 0.00011072288888023319
0.014499999999999999 -0.012 5.016732491316668e-05
0.014999999999999999 -0.012 2.2107556478439179e-05
0.0155 -0.012 9.4753837357221785e-06
0.016000000000000007 -0.012 3.9499276013019678e-06
0.016500000000000001 -0.012 1.6014660199191145e-06
0.017000000000000001 -0.012 6.3151342192934273e-07
0.017500000000000002 -0.012 2.4220533600506231e-07
0.017999999999999995 -0.012 9.0348530390316792e-08
0.018500000000000003 -0.012 3.2778927749663828e-08
0.019000000000000003 -0.012 1.1566571789446626e-08
0.019500000000000003 -0.012 3.9696373827317142e-09
0.019999999999999997 -0.012 1.3250530931574559e-09
0.020499999999999997 -0.012 4.3018175607438133e-10
0.021000000000000005 -0.012 1.3583352161672469e-10
0.021500000000000005 -0.012 4.1715571425897553e-11
0.021999999999999999 -0.012 1.2460219645558286e-11
0.022499999999999999 -0.012 3.6198407391040943e-12
0.023000000000000007 -0.012 1.0227971124591069e-12
0.023500000000000007 -0.012 2.8107730930425986e-13
0.024 -0.012 7.5127397748349363e-14
0.024500000000000001 -0.012 1.9530221510879024e-14
0.025000000000000001 -0.012 4.938013312787818e-15
-0.025000000000000001 -0.0115 9.4852775474718971e-15
-0.024500000000000001 -0.0115 3.751500043844728e-14
-0.024 -0.0115 1.4430990236842826e-13
-0.0235 -0.0115 5.3991273861964736e-13
-0.023 -0.0115 1.9646594433643902e-12
-0.022500000000000003 -0.0115 6.9532404862358566e-12
-0.022000000000000002 -0.0115 2.3934451803625561e-11
-0.021500000000000002 -0.0115 8.0130155178265582e-11
-0.021000000000000001 -0.0115 2.6091842430813179e-10
-0.020500000000000001 -0.0115 8.2632287394962091e-10
-0.02 -0.0115 2.545253638986002e-09
-0.0195 -0.0115 7.62515407573354e-09
-0.019 -0.0115 2.2217871185471012e-08
-0.018500000000000003 -0.0115 6.2964031832178002e-08
-0.018000000000000002 -0.0115 1.7354770683567191e-07
-0.017500000000000002 -0.0115 4.6524476342282013e-07
-0.017000000000000001 -0.0115 1.2130546644014142e-06
-0.016500000000000001 -0.0115 3.0762067089693831e-06
-0.016 -0.0115 7.5872941641823465e-06
-0.0155 -0.0115 1.8200972518517772e-05
-0.015000000000000001 -0.0115 4.2465723725645007e-05
-0.014500000000000001 -0.0115 9.6364867908170558e-05
-0.014 -0.0115 0.00021268418397478648
-0.0135 -0.0115 0.00045654955573068656
-0.012999999999999999 -0.0115 0.00095318438275357074
-0.012500000000000001 -0.0115 0.0019355401124676621
-0.012 -0.0115 0.0038226426283830776
-0.0115 -0.0115 0.0073427963835400543
-0.010999999999999999 -0.0115 0.013718149659796624
-0.010499999999999999 -0.0115 0.024926761141349375
-0.010000000000000002 -0.0115 0.04405268990907691
-0.0095000000000000015 -0.0115 0.075720814429664912
-0.0090000000000000011 -0.0115 0.12658853831546935
-0.0085000000000000006 -0.0115 0.20583051390027762
-0.0080000000000000002 -0.0115 0.32550779704696603
-0.0074999999999999997 -0.0115 0.50066738128005328
-0.0069999999999999993 -0.0115 0.74898559330270409
-0.0064999999999999988 -0.0115 1.089767607928156
-0.0059999999999999984 -0.0115 1.5421641035224882
-0.0054999999999999979 -0.0115 2.1225774668003941
-0.005000000000000001 -0.0115 2.8414025988926968
-0.0044999999999999971 -0.0115 3.6994593671830152
-0.0040000000000000001 -0.0115 4.6846809034170134
-0.0035000000000000031 -0.0115 5.7697637575001224
-0.0029999999999999992 -0.0115 6.9115000074244231
-0.0025000000000000022 -0.0115 8.0523539897785792
-0.0019999999999999983 -0.0115 9.1245124670641005
-0.0015000000000000013 -0.0115 10.056173172936171
-0.00099999999999999742 -0.0115 10.779337815288571
-0.00050000000000000044 -0.0115 11.237965279326536
0 -0.0115 11.395137074684742
0.00050000000000000044 -0.0115 11.237965279326536
0.0010000000000000009 -0.0115 10.779337815288571
0.0015000000000000013 -0.0115 10.056173172936171
0.0020000000000000018 -0.0115 9.1245124670640827
0.0024999999999999988 -0.0115 8.0523539897785934
0.0030000000000000027 -0.0115 6.9115000074244231
0.0034999999999999996 -0.0115 5.7697637575001322
0.0040000000000000036 -0.0115 4.6846809034170045
0.0045000000000000005 -0.0115 3.6994593671830085
0.0049999999999999975 -0.0115 2.8414025988927016
0.0055000000000000014 -0.0115 2.1225774668003901
0.0059999999999999984 -0.0115 1.5421641035224882
0.0064999999999999988 -0.0115 1.089767607928156
0.0069999999999999993 -0.0115 0.74898559330270409
0.0074999999999999997 -0.0115 0.50066738128005328
0.0080000000000000002 -0.0115 0.32550779704696603
0.0085000000000000006 -0.0115 0.20583051390027762
0.0090000000000000011 -0.0115 0.12658853831546935
0.0095000000000000015 -0.0115 0.075720814429664912
0.010000000000000002 -0.0115 0.04405268990907691
0.010500000000000002 -0.0115 0.02492676114134933
0.011000000000000003 -0.0115 0.0137181496597966
0.011500000000000003 -0.0115 0.0073427963835400152
0.012000000000000004 -0.0115 0.0038226426283830641
0.012499999999999997 -0.0115 0.0019355401124676759
0.013000000000000005 -0.0115 0.00095318438275356738
0.013499999999999998 -0.0115 0.00045654955573068819
0.014000000000000005 -0.0115 0.00021268418397478496
0.014499999999999999 -0.0115 9.6364867908171249e-05
0.014999999999999999 -0.0115 4.2465723725645162e-05
0.0155 -0.0115 1.8200972518517772e-05
0.016000000000000007 -0.0115 7.5872941641822389e-06
0.016500000000000001 -0.0115 3.0762067089693831e-06
0.017000000000000001 -0.0115 1.2130546644014142e-06
0.017500000000000002 -0.0115 4.6524476342282013e-07
0.017999999999999995 -0.0115 1.7354770683567376e-07
0.018500000000000003 -0.0115 6.2964031832178002e-08
0.019000000000000003 -0.0115 2.2217871185470853e-08
0.019500000000000003 -0.0115 7.6251540757334589e-09
0.019999999999999997 -0.0115 2.5452536389860202e-09
0.020499999999999997 -0.0115 8.2632287394963281e-10
0.021000000000000005 -0.0115 2.60918424308129e-10
0.021500000000000005 -0.0115 8.0130155178265013e-11
0.021999999999999999 -0.0115 2.3934451803625729e-11
0.022499999999999999 -0.0115 6.9532404862359059e-12
0.023000000000000007 -0.0115 1.9646594433643482e-12
0.023500000000000007 -0.0115 5.3991273861963968e-13
0.024 -0.0115 1.4430990236842826e-13
0.024500000000000001 -0.0115 3.751500043844728e-14
0.025000000000000001 -0.0115 9.4852775474718971e-15
-0.025000000000000001 -0.010999999999999999 1.7720831433186997e-14
-0.024500000000000001 -0.010999999999999999 7.0087247912197192e-14
-0.024 -0.010999999999999999 2.6960639171725483e-13
-0.0235 -0.010999999999999999 1.0086897912923164e-12
-0.023 -0.010999999999999999 3.6704670627965626e-12
-0.022500000000000003 -0.010999999999999999 1.2990363429464199e-11
-0.022000000000000002 -0.010999999999999999 4.471544282547982e-11
-0.021500000000000002 -0.010999999999999999 1.4970283848021028e-10
-0.021000000000000001 -0.010999999999999999 4.8745979143325263e-10
-0.020500000000000001 -0.010999999999999999 1.5437743687901555e-09
-0.02 -0.010999999999999999 4.7551598216752512e-09
-0.0195 -0.010999999999999999 1.424566327678702e-08
-0.019 -0.010999999999999999 4.1508448025005929e-08
-0.018500000000000003 -0.010999999999999999 1.176322979340999e-07
-0.018000000000000002 -0.010999999999999999 3.2422980171737645e-07
-0.017500000000000002 -0.010999999999999999 8.691916484811944e-07
-0.017000000000000001 -0.010999999999999999 2.2662844729122513e-06
-0.016500000000000001 -0.010999999999999999 5.7471107482579097e-06
-0.016 -0.010999999999999999 1.4174931650082812e-05
-0.0155 -0.010999999999999999 3.4003893329055802e-05
-0.015000000000000001 -0.010999999999999999 7.9336416679869903e-05
-0.014500000000000001 -0.010999999999999999 0.00018003327490792974
-0.014 -0.010999999999999999 0.00039734636692066592
-0.0135 -0.010999999999999999 0.00085294686186133234
-0.012999999999999999 -0.010999999999999999 0.0017807828697668868
-0.012500000000000001 -0.010999999999999999 0.0036160649905656122
-0.012 -0.010999999999999999 0.0071416366371847822
-0.0115 -0.010999999999999999 0.013718149659796624
-0.010999999999999999 -0.010999999999999999 0.025628877645365308
-0.010499999999999999 -0.010999999999999999 0.04656932073420466
-0.010000000000000002 -0.010999999999999999 0.082301259836648197
-0.0095000000000000015 -0.010999999999999999 0.14146510545169697
-0.0090000000000000011 -0.010999999999999999 0.2364985249651296
-0.0085000000000000006 -0.010999999999999999 0.38454202551039046
-0.0080000000000000002 -0.010999999999999999 0.60812862594566275
-0.0074999999999999997 -0.010999999999999999 0.93536981109463513
-0.0069999999999999993 -0.010999999999999999 1.3992893068627512
-0.0064999999999999988 -0.010999999999999999 2.0359539280523569
-0.0059999999999999984 -0.010999999999999999 2.8811418521029761
-0.0054999999999999979 -0.010999999999999999 3.965496771686563
-0.005000000000000001 -0.010999999999999999 5.3084389188186911
-0.0044999999999999971 -0.010999999999999999 6.9115000074244355
-0.0040000000000000001 -0.010999999999999999 8.7521361596687655
-0.0035000000000000031 -0.010999999999999999 10.779337815288553
-0.0029999999999999992 -0.010999999999999999 12.912381948663455
-0.0025000000000000022 -0.010999999999999999 15.043777789217058
-0.0019999999999999983 -0.010999999999999999 17.046833530132417
-0.0015000000000000013 -0.010999999999999999 18.787404877576368
-0.00099999999999999742 -0.010999999999999999 20.138454297209158
-0.00050000000000000044 -0.010999999999999999 20.99528320286548
0 -0.010999999999999999 21.288918774165804
0.00050000000000000044 -0.010999999999999999 20.99528320286548
0.0010000000000000009 -0.010999999999999999 20.138454297209158
0.0015000000000000013 -0.010999999999999999 18.787404877576368
0.0020000000000000018 -0.010999999999999999 17.046833530132389
0.0024999999999999988 -0.010999999999999999 15.043777789217083
0.0030000000000000027 -0.010999999999999999 12.912381948663432
0.0034999999999999996 -0.010999999999999999 10.779337815288571
0.0040000000000000036 -0.010999999999999999 8.7521361596687512
0.0045000000000000005 -0.010999999999999999 6.9115000074244231
0.0049999999999999975 -0.010999999999999999 5.3084389188187
0.0055000000000000014 -0.010999999999999999 3.9654967716865492
0.0059999999999999984 -0.010999999999999999 2.8811418521029761
0.0064999999999999988 -0.010999999999999999 2.0359539280523569
0.0069999999999999993 -0.010999999999999999 1.3992893068627512
0.0074999999999999997 -0.010999999999999999 0.93536981109463513
0.0080000000000000002 -0.010999999999999999 0.60812862594566275
0.0085000000000000006 -0.010999999999999999 0.38454202551039046
0.0090000000000000011 -0.010999999999999999 0.2364985249651296
0.0095000000000000015 -0.010999999999999999 0.14146510545169697
0.010000000000000002 -0.010999999999999999 0.082301259836648197
0.010500000000000002 -0.010999999999999999 0.046569320734204493
0.011000000000000003 -0.010999999999999999 0.025628877645365217
0.011500000000000003 -0.010999999999999999 0.0137181496597966
0.012000000000000004 -0.010999999999999999 0.007141636637184757
0.012499999999999997 -0.010999999999999999 0.0036160649905656382
0.013000000000000005 -0.010999999999999999 0.001780782869766874
0.013499999999999998 -0.010999999999999999 0.00085294686186133538
0.014000000000000005 -0.010999999999999999 0.0003973463669206631
0.014499999999999999 -0.010999999999999999 0.00018003327490793039
0.014999999999999999 -0.010999999999999999 7.9336416679870458e-05
0.0155 -0.010999999999999999 3.4003893329055802e-05
0.016000000000000007 -0.010999999999999999 1.417493165008251e-05
0.016500000000000001 -0.010999999999999999 5.7471107482579097e-06
0.017000000000000001 -0.010999999999999999 2.2662844729122513e-06
0.017500000000000002 -0.010999999999999999 8.691916484811944e-07
0.017999999999999995 -0.010999999999999999 3.2422980171737995e-07
0.018500000000000003 -0.010999999999999999 1.176322979340999e-07
0.019000000000000003 -0.010999999999999999 4.1508448025005777e-08
0.019500000000000003 -0.010999999999999999 1.4245663276786919e-08
0.019999999999999997 -0.010999999999999999 4.7551598216752851e-09
0.020499999999999997 -0.010999999999999999 1.5437743687901718e-09
0.021000000000000005 -0.010999999999999999 4.8745979143324735e-10
0.021500000000000005 -0.010999999999999999 1.4970283848021028e-10
0.021999999999999999 -0.010999999999999999 4.4715442825480137e-11
0.022499999999999999 -0.010999999999999999 1.2990363429464291e-11
0.023000000000000007 -0.010999999999999999 3.6704670627964842e-12
0.023500000000000007 -0.010999999999999999 1.0086897912923021e-12
0.024 -0.010999999999999999 2.6960639171725483e-13
0.024500000000000001 -0.010999999999999999 7.0087247912197192e-14
0.025000000000000001 -0.010999999999999999 1.7720831433186997e-14
-0.025000000000000001 -0.010499999999999999 3.2199891626471444e-14
-0.024500000000000001 -0.010499999999999999 1.2735304185242243e-13
-0.024 -0.010499999999999999 4.8989217169808199e-13
-0.0235 -0.010499999999999999 1.8328542928021848e-12
-0.023 -0.010499999999999999 6.6694749671419145e-12
-0.022500000000000003 -0.010499999999999999 2.3604326704099867e-11
-0.022000000000000002 -0.010499999999999999 8.1250838508268801e-11
-0.021500000000000002 -0.010499999999999999 2.7201969576949019e-10
-0.021000000000000001 -0.010499999999999999 8.8574582494012441e-10
-0.020500000000000001 -0.010499999999999999 2.8051374202269806e-09
-0.02 -0.010499999999999999 8.6404315453136672e-09
-0.0195 -0.010499999999999999 2.5885287346094336e-08
-0.019 -0.010499999999999999 7.5423522481294974e-08
-0.018500000000000003 -0.010499999999999999 2.1374545881392794e-07
-0.018000000000000002 -0.010499999999999999 5.8914642446289774e-07
-0.017500000000000002 -0.010499999999999999 1.5793771860677899e-06
-0.017000000000000001 -0.010499999999999999 4.1179847964619562e-06
-0.016500000000000001 -0.010499999999999999 1.0442870243247563e-05
-0.016 -0.010499999999999999 2.5756763426489985e-05
-0.0155 -0.010499999999999999 6.1787263436362375e-05
-0.015000000000000001 -0.010499999999999999 0.00014415937698838302
-0.014500000000000001 -0.010499999999999999 0.00032713205150959048
-0.014 -0.010499999999999999 0.00072200393086841613
-0.0135 -0.010499999999999999 0.001549859362898669
-0.012999999999999999 -0.010499999999999999 0.0032357971257141057
-0.012500000000000001 -0.010499999999999999 0.0065706228993539862
-0.012 -0.010499999999999999 0.012976813566564764
-0.0115 -0.010499999999999999 0.024926761141349375
-0.010999999999999999 -0.010499999999999999 0.04656932073420466
-0.010499999999999999 -0.010499999999999999 0.084619454025814722
-0.010000000000000002 -0.010499999999999999 0.14954668788842118
-0.0095000000000000015 -0.010499999999999999 0.25705120449039698
-0.0090000000000000011 -0.010499999999999999 0.42973304624048136
-0.0085000000000000006 -0.010499999999999999 0.69873761814975621
-0.0080000000000000002 -0.010499999999999999 1.1050088662168207
-0.0074999999999999997 -0.010499999999999999 1.6996271682554831
-0.0069999999999999993 -0.010499999999999999 2.5425987603877211
-0.0064999999999999988 -0.010499999999999999 3.6994593671830152
-0.0059999999999999984 -0.010499999999999999 5.2352202405393893
-0.0054999999999999979 -0.010499999999999999 7.2055629429609498
-0.005000000000000001 -0.010499999999999999 9.6457752863441133
-0.0044999999999999971 -0.010499999999999999 12.558640493506431
-0.0040000000000000001 -0.010499999999999999 15.903194886989189
-0.0035000000000000031 -0.010499999999999999 19.586750811668576
-0.0029999999999999992 -0.010499999999999999 23.462629332837956
-0.0025000000000000022 -0.010499999999999999 27.335512799829708
-0.0019999999999999983 -0.010499999999999999 30.975194042915522
-0.0015000000000000013 -0.010499999999999999 34.137924243648371
-0.00099999999999999742 -0.010499999999999999 36.592868023132155
-0.00050000000000000044 -0.010499999999999999 38.149781309542199
0 -0.010499999999999999 38.683336047602666
0.00050000000000000044 -0.010499999999999999 38.149781309542199
0.0010000000000000009 -0.010499999999999999 36.592868023132155
0.0015000000000000013 -0.010499999999999999 34.137924243648371
0.0020000000000000018 -0.010499999999999999 30.975194042915493
0.0024999999999999988 -0.010499999999999999 27.335512799829754
0.0030000000000000027 -0.010499999999999999 23.462629332837913
0.0034999999999999996 -0.010499999999999999 19.586750811668615
0.0040000000000000036 -0.010499999999999999 15.90319488698916
0.0045000000000000005 -0.010499999999999999 12.558640493506408
0.0049999999999999975 -0.010499999999999999 9.6457752863441488
0.0055000000000000014 -0.010499999999999999 7.2055629429609303
0.0059999999999999984 -0.010499999999999999 5.2352202405393893
0.0064999999999999988 -0.010499999999999999 3.6994593671830152
0.0069999999999999993 -0.010499999999999999 2.5425987603877211
0.0074999999999999997 -0.010499999999999999 1.6996271682554831
0.0080000000000000002 -0.010499999999999999 1.1050088662168207
0.0085000000000000006 -0.010499999999999999 0.69873761814975621
0.0090000000000000011 -0.010499999999999999 0.42973304624048136
0.0095000000000000015 -0.010499999999999999 0.25705120449039698
0.010000000000000002 -0.010499999999999999 0.14954668788842118
0.010500000000000002 -0.010499999999999999 0.084619454025814417
0.011000000000000003 -0.010499999999999999 0.04656932073420441
0.011500000000000003 -0.010499999999999999 0.02492676114134933
0.012000000000000004 -0.010499999999999999 0.012976813566564695
0.012499999999999997 -0.010499999999999999 0.006570622899354033
0.013000000000000005 -0.010499999999999999 0.0032357971257140883
0.013499999999999998 -0.010499999999999999 0.001549859362898669
0.014000000000000005 -0.010499999999999999 0.00072200393086841092
0.014499999999999999 -0.010499999999999999 0.00032713205150959167
0.014999999999999999 -0.010499999999999999 0.0001441593769883835
0.0155 -0.010499999999999999 6.1787263436362375e-05
0.016000000000000007 -0.010499999999999999 2.5756763426489619e-05
0.016500000000000001 -0.010499999999999999 1.0442870243247563e-05
0.017000000000000001 -0.010499999999999999 4.1179847964619562e-06
0.017500000000000002 -0.010499999999999999 1.5793771860677899e-06
0.017999999999999995 -0.010499999999999999 5.8914642446290621e-07
0.018500000000000003 -0.010499999999999999 2.1374545881392794e-07
0.019000000000000003 -0.010499999999999999 7.5423522481294445e-08
0.019500000000000003 -0.010499999999999999 2.588528734609415e-08
0.019999999999999997 -0.010499999999999999 8.6404315453136969e-09
0.020499999999999997 -0.010499999999999999 2.8051374202270203e-09
0.021000000000000005 -0.010499999999999999 8.857458249401151e-10
0.021500000000000005 -0.010499999999999999 2.7201969576948926e-10
0.021999999999999999 -0.010499999999999999 8.125083850826937e-11
0.022499999999999999 -0.010499999999999999 2.3604326704099867e-11
0.023000000000000007 -0.010499999999999999 6.66947496714182e-12
0.023500000000000007 -0.010499999999999999 1.8328542928021589e-12
0.024 -0.010499999999999999 4.8989217169808199e-13
0.024500000000000001 -0.010499999999999999 1.2735304185242243e-13
0.025000000000000001 -0.010499999999999999 3.2199891626471444e-14
-0.025000000000000001 -0.010000000000000002 5.6906383981582965e-14
-0.024500000000000001 -0.010000000000000002 2.2506911467113922e-13
-0.024 -0.010000000000000002 8.657790639675385e-13
-0.0235 -0.010000000000000002 3.2391758139567207e-12
-0.023 -0.010000000000000002 1.1786862758373944e-11
-0.022500000000000003 -0.010000000000000002 4.1715571425897553e-11
-0.022000000000000002 -0.010000000000000002 1.4359338436953023e-10
-0.021500000000000002 -0.010000000000000002 4.8073631543797524e-10
-0.021000000000000001 -0.010000000000000002 1.5653652692013788e-09
-0.020500000000000001 -0.010000000000000002 4.9574771557712954e-09
-0.02 -0.010000000000000002 1.5270104663333038e-08
-0.0195 -0.010000000000000002 4.5746678848430323e-08
-0.019 -0.010000000000000002 1.3329485643472183e-07
-0.018500000000000003 -0.010000000000000002 3.7774913327923758e-07
-0.018000000000000002 -0.010000000000000002 1.0411896114675285e-06
-0.017500000000000002 -0.010000000000000002 2.7912095371227273e-06
-0.017000000000000001 -0.010000000000000002 7.2776525702693636e-06
-0.016500000000000001 -0.010000000000000002 1.8455527454121804e-05
-0.016 -0.010000000000000002 4.5519540459125759e-05
-0.0155 -0.010000000000000002 0.00010919570100013213
-0.015000000000000001 -0.010000000000000002 0.00025477069788342241
-0.014500000000000001 -0.010000000000000002 0.00057813555249930045
-0.014 -0.010000000000000002 0.0012759866835214176
-0.0135 -0.010000000000000002 0.0027390431323705542
-0.012999999999999999 -0.010000000000000002 0.0057185755734348535
-0.012500000000000001 -0.010000000000000002 0.011612162986332204
-0.012 -0.010000000000000002 0.022933727362897692
-0.0115 -0.010000000000000002 0.04405268990907691
-0.010999999999999999 -0.010000000000000002 0.082301259836648197
-0.010499999999999999 -0.010000000000000002 0.14954668788842118
-0.010000000000000002 -0.010000000000000002 0.26429161137785451
-0.0095000000000000015 -0.010000000000000002 0.45428272602114478
-0.0090000000000000011 -0.010000000000000002 0.75946074671978447
-0.0085000000000000006 -0.010000000000000002 1.2348684791261193
-0.0080000000000000002 -0.010000000000000002 1.9528655429477522
-0.0074999999999999997 -0.010000000000000002 3.0037255213233052
-0.0069999999999999993 -0.010000000000000002 4.4934965324780984
-0.0064999999999999988 -0.010000000000000002 6.5379988763723027
-0.0059999999999999984 -0.010000000000000002 9.2521259603051416
-0.0054999999999999979 -0.010000000000000002 12.734282971887549
-0.005000000000000001 -0.010000000000000002 17.046833530132343
-0.0044999999999999971 -0.010000000000000002 22.194696382847631
-0.0040000000000000001 -0.010000000000000002 28.105477039213373
-0.0035000000000000031 -0.010000000000000002 34.615370000937276
-0.0029999999999999992 -0.010000000000000002 41.465151793690588
-0.0025000000000000022 -0.010000000000000002 48.309640472260369
-0.0019999999999999983 -0.010000000000000002 54.741994369356483
-0.0015000000000000013 -0.010000000000000002 60.331439865660315
-0.00099999999999999742 -0.010000000000000002 64.670025069271801
-0.00050000000000000044 -0.010000000000000002 67.421534494528444
0 -0.010000000000000002 68.364477755067242
0.00050000000000000044 -0.010000000000000002 67.421534494528444
0.0010000000000000009 -0.010000000000000002 64.670025069271801
0.0015000000000000013 -0.010000000000000002 60.331439865660315
0.0020000000000000018 -0.010000000000000002 54.741994369356441
0.0024999999999999988 -0.010000000000000002 48.309640472260455
0.0030000000000000027 -0.010000000000000002 41.465151793690552
0.0034999999999999996 -0.010000000000000002 34.61537000093734
0.0040000000000000036 -0.010000000000000002 28.105477039213294
0.0045000000000000005 -0.010000000000000002 22.194696382847596
0.0049999999999999975 -0.010000000000000002 17.046833530132371
0.0055000000000000014 -0.010000000000000002 12.734282971887536
0.0059999999999999984 -0.010000000000000002 9.2521259603051416
0.0064999999999999988 -0.010000000000000002 6.5379988763723027
0.0069999999999999993 -0.010000000000000002 4.4934965324780984
0.0074999999999999997 -0.010000000000000002 3.0037255213233052
0.0080000000000000002 -0.010000000000000002 1.9528655429477522
0.0085000000000000006 -0.010000000000000002 1.2348684791261193
0.0090000000000000011 -0.010000000000000002 0.75946074671978447
0.0095000000000000015 -0.010000000000000002 0.45428272602114478
0.010000000000000002 -0.010000000000000002 0.26429161137785451
0.010500000000000002 -0.010000000000000002 0.14954668788842063
0.011000000000000003 -0.010000000000000002 0.082301259836647767
0.011500000000000003 -0.010000000000000002 0.044052689909076681
0.012000000000000004 -0.010000000000000002 0.022933727362897567
0.012499999999999997 -0.010000000000000002 0.011612162986332265
0.013000000000000005 -0.010000000000000002 0.0057185755734348231
0.013499999999999998 -0.010000000000000002 0.0027390431323705642
0.014000000000000005 -0.010000000000000002 0.0012759866835214087
0.014499999999999999 -0.010000000000000002 0.00057813555249930262
0.014999999999999999 -0.010000000000000002 0.00025477069788342333
0.0155 -0.010000000000000002 0.00010919570100013213
0.016000000000000007 -0.010000000000000002 4.5519540459125115e-05
0.016500000000000001 -0.010000000000000002 1.8455527454121804e-05
0.017000000000000001 -0.010000000000000002 7.2776525702693636e-06
0.017500000000000002 -0.010000000000000002 2.7912095371227273e-06
0.017999999999999995 -0.010000000000000002 1.0411896114675397e-06
0.018500000000000003 -0.010000000000000002 3.7774913327923758e-07
0.019000000000000003 -0.010000000000000002 1.3329485643472133e-07
0.019500000000000003 -0.010000000000000002 4.5746678848429992e-08
0.019999999999999997 -0.010000000000000002 1.5270104663333147e-08
0.020499999999999997 -0.010000000000000002 4.9574771557713484e-09
0.021000000000000005 -0.010000000000000002 1.565365269201362e-09
0.021500000000000005 -0.010000000000000002 4.8073631543797172e-10
0.021999999999999999 -0.010000000000000002 1.4359338436953126e-10
0.022499999999999999 -0.010000000000000002 4.1715571425897851e-11
0.023000000000000007 -0.010000000000000002 1.1786862758373692e-11
0.023500000000000007 -0.010000000000000002 3.2391758139566751e-12
0.024 -0.010000000000000002 8.657790639675385e-13
0.024500000000000001 -0.010000000000000002 2.2506911467113922e-13
0.025000000000000001 -0.010000000000000002 5.6906383981582965e-14
-0.025000000000000001 -0.0095000000000000015 9.7814634026351022e-14
-0.024500000000000001 -0.0095000000000000015 3.8686438219861595e-13
-0.024 -0.0095000000000000015 1.4881610175243087e-12
-0.0235 -0.0095000000000000015 5.5677197288045076e-12
-0.023 -0.0095000000000000015 2.0260076047044283e-11
-0.022500000000000003 -0.0095000000000000015 7.1703613315948375e-11
-0.022000000000000002 -0.0095000000000000015 2.4681825408650921e-10
-0.021500000000000002 -0.0095000000000000015 8.2632287394961512e-10
-0.021000000000000001 -0.0095000000000000015 2.6906582392240524e-09
-0.020500000000000001 -0.0095000000000000015 8.5212550817268781e-09
-0.02 -0.0095000000000000015 2.6247313476663709e-08
-0.0195 -0.0095000000000000015 7.8632559941401631e-08
-0.019 -0.0095000000000000015 2.291164310137331e-07
-0.018500000000000003 -0.0095000000000000015 6.4930137253912067e-07
-0.018000000000000002 -0.0095000000000000015 1.7896688152017404e-06
-0.017500000000000002 -0.0095000000000000015 4.7977242668042658e-06
-0.017000000000000001 -0.0095000000000000015 1.2509333275546341e-05
-0.016500000000000001 -0.0095000000000000015 3.1722638786404725e-05
-0.016 -0.0095000000000000015 7.8242138746648679e-05
-0.0155 -0.0095000000000000015 0.00018769313358648132
-0.015000000000000001 -0.0095000000000000015 0.00043791752050473341
-0.014500000000000001 -0.0095000000000000015 0.00099373942831516501
-0.014 -0.0095000000000000015 0.0021932542842915187
-0.0135 -0.0095000000000000015 0.0047080570373602684
-0.012999999999999999 -0.0095000000000000015 0.0098294837543814323
-0.012500000000000001 -0.0095000000000000015 0.019959789979451619
-0.012 -0.0095000000000000015 0.039420078942073687
-0.0115 -0.0095000000000000015 0.075720814429664912
-0.010999999999999999 -0.0095000000000000015 0.14146510545169697
-0.010499999999999999 -0.0095000000000000015 0.25705120449039698
-0.010000000000000002 -0.0095000000000000015 0.45428272602114478
-0.0095000000000000015 -0.0095000000000000015 0.78085261232962033
-0.0090000000000000011 -0.0095000000000000015 1.3054137304140971
-0.0085000000000000006 -0.0095000000000000015 2.1225774668003825
-0.0080000000000000002 -0.0095000000000000015 3.3567205473453874
-0.0074999999999999997 -0.0095000000000000015 5.163011458941714
-0.0069999999999999993 -0.0095000000000000015 7.7237330519063088
-0.0064999999999999988 -0.0095000000000000015 11.237965279326517
-0.0059999999999999984 -0.0095000000000000015 15.90319488698916
-0.0054999999999999979 -0.0095000000000000015 21.888567526734803
-0.005000000000000001 -0.0095000000000000015 29.301278106120272
-0.0044999999999999971 -0.0095000000000000015 38.149781309542171
-0.0040000000000000001 -0.0095000000000000015 48.309640472260504
-0.0035000000000000031 -0.0095000000000000015 59.499295358921806
-0.0029999999999999992 -0.0095000000000000015 71.273174708475452
-0.0025000000000000022 -0.0095000000000000015 83.03795588677842
-0.0019999999999999983 -0.0095000000000000015 94.094331258934503
-0.0015000000000000013 -0.0095000000000000015 103.7018572934149
-0.00099999999999999742 -0.0095000000000000015 111.15931802437164
-0.00050000000000000044 -0.0095000000000000015 115.88880298933863
0 -0.0095000000000000015 117.50959917218988
0.00050000000000000044 -0.0095000000000000015 115.88880298933863
0.0010000000000000009 -0.0095000000000000015 111.15931802437164
0.0015000000000000013 -0.0095000000000000015 103.7018572934149
0.0020000000000000018 -0.0095000000000000015 94.094331258934403
0.0024999999999999988 -0.0095000000000000015 83.037955886778576
0.0030000000000000027 -0.0095000000000000015 71.273174708475381
0.0034999999999999996 -0.0095000000000000015 59.499295358921913
0.0040000000000000036 -0.0095000000000000015 48.309640472260369
0.0045000000000000005 -0.0095000000000000015 38.149781309542135
0.0049999999999999975 -0.0095000000000000015 29.301278106120325
0.0055000000000000014 -0.0095000000000000015 21.888567526734761
0.0059999999999999984 -0.0095000000000000015 15.90319488698916
0.0064999999999999988 -0.0095000000000000015 11.237965279326517
0.0069999999999999993 -0.0095000000000000015 7.7237330519063088
0.0074999999999999997 -0.0095000000000000015 5.163011458941714
0.0080000000000000002 -0.0095000000000000015 3.3567205473453874
0.0085000000000000006 -0.0095000000000000015 2.1225774668003825
0.0090000000000000011 -0.0095000000000000015 1.3054137304140971
0.0095000000000000015 -0.0095000000000000015 0.78085261232962033
0.010000000000000002 -0.0095000000000000015 0.45428272602114478
0.010500000000000002 -0.0095000000000000015 0.25705120449039559
0.011000000000000003 -0.0095000000000000015 0.14146510545169622
0.011500000000000003 -0.0095000000000000015 0.07572081442966451
0.012000000000000004 -0.0095000000000000015 0.039420078942073479
0.012499999999999997 -0.0095000000000000015 0.019959789979451723
0.013000000000000005 -0.0095000000000000015 0.0098294837543813803
0.013499999999999998 -0.0095000000000000015 0.0047080570373602849
0.014000000000000005 -0.0095000000000000015 0.002193254284291507
0.014499999999999999 -0.0095000000000000015 0.0009937394283151687
0.014999999999999999 -0.0095000000000000015 0.00043791752050473498
0.0155 -0.0095000000000000015 0.00018769313358648132
0.016000000000000007 -0.0095000000000000015 7.8242138746647296e-05
0.016500000000000001 -0.0095000000000000015 3.1722638786404725e-05
0.017000000000000001 -0.0095000000000000015 1.2509333275546341e-05
0.017500000000000002 -0.0095000000000000015 4.7977242668042658e-06
0.017999999999999995 -0.0095000000000000015 1.7896688152017661e-06
0.018500000000000003 -0.0095000000000000015 6.4930137253912067e-07
0.019000000000000003 -0.0095000000000000015 2.2911643101373146e-07
0.019500000000000003 -0.0095000000000000015 7.8632559941401353e-08
0.019999999999999997 -0.0095000000000000015 2.6247313476663897e-08
0.020499999999999997 -0.0095000000000000015 8.5212550817269989e-09
0.021000000000000005 -0.0095000000000000015 2.6906582392240139e-09
0.021500000000000005 -0.0095000000000000015 8.2632287394961223e-10
0.021999999999999999 -0.0095000000000000015 2.4681825408651008e-10
0.022499999999999999 -0.0095000000000000015 7.1703613315948375e-11
0.023000000000000007 -0.0095000000000000015 2.0260076047043993e-11
0.023500000000000007 -0.0095000000000000015 5.5677197288044293e-12
0.024 -0.0095000000000000015 1.4881610175243087e-12
0.024500000000000001 -0.0095000000000000015 3.8686438219861595e-13
0.025000000000000001 -0.0095000000000000015 9.7814634026351022e-14
-0.025000000000000001 -0.0090000000000000011 1.6352454263100809e-13
-0.024500000000000001 -0.0090000000000000011 6.4675211218613368e-13
-0.024 -0.0090000000000000011 2.4878777309170325e-12
-0.0235 -0.0090000000000000011 9.3080021329438508e-12
-0.023 -0.0090000000000000011 3.3870388641129494e-11
-0.022500000000000003 -0.0090000000000000011 1.1987266209391806e-10
-0.022000000000000002 -0.0090000000000000011 4.1262580506723518e-10
-0.021500000000000002 -0.0090000000000000011 1.3814300014837133e-09
-0.021000000000000001 -0.0090000000000000011 4.4981884594786722e-09
-0.020500000000000001 -0.0090000000000000011 1.4245663276786919e-08
-0.02 -0.0090000000000000011 4.3879732049171917e-08
-0.0195 -0.0090000000000000011 1.3145633604128167e-07
-0.019 -0.0090000000000000011 3.8303225242018687e-07
-0.018500000000000003 -0.0090000000000000011 1.0854890071514388e-06
-0.018000000000000002 -0.0090000000000000011 2.9919324176789565e-06
-0.017500000000000002 -0.0090000000000000011 8.0207391686145435e-06
-0.017000000000000001 -0.0090000000000000011 2.091285238517054e-05
-0.016500000000000001 -0.0090000000000000011 5.3033271046109621e-05
-0.016 -0.0090000000000000011 0.0001308036377212304
-0.0155 -0.0090000000000000011 0.00031378161489048121
-0.015000000000000001 -0.0090000000000000011 0.0007321017244858245
-0.014500000000000001 -0.0090000000000000011 0.0016613136380580734
-0.014 -0.0090000000000000011 0.0036666385074410153
-0.0135 -0.0090000000000000011 0.0078708352934963501
-0.012999999999999999 -0.0090000000000000011 0.016432733723679073
-0.012500000000000001 -0.0090000000000000011 0.033368376418210666
-0.012 -0.0090000000000000011 0.06590169705837913
-0.0115 -0.0090000000000000011 0.12658853831546935
-0.010999999999999999 -0.0090000000000000011 0.2364985249651296
-0.010499999999999999 -0.0090000000000000011 0.42973304624048136
-0.010000000000000002 -0.0090000000000000011 0.75946074671978447
-0.0095000000000000015 -0.0090000000000000011 1.3054137304140971
-0.0090000000000000011 -0.0090000000000000011 2.1823644829330449
-0.0085000000000000006 -0.0090000000000000011 3.5484824220055815
-0.0080000000000000002 -0.0090000000000000011 5.6116980624482702
-0.0074999999999999997 -0.0090000000000000011 8.6314189673771029
-0.0069999999999999993 -0.0090000000000000011 12.912381948663432
-0.0064999999999999988 -0.0090000000000000011 18.787404877576368
-0.0059999999999999984 -0.0090000000000000011 26.586642133385624
-0.0054999999999999979 -0.0090000000000000011 36.592868023132127
-0.005000000000000001 -0.0090000000000000011 48.985288842531048
-0.0044999999999999971 -0.0090000000000000011 63.778038963323532
-0.0040000000000000001 -0.0090000000000000011 80.763087666070689
-0.0035000000000000031 -0.0090000000000000011 99.469728198479842
-0.0029999999999999992 -0.0090000000000000011 119.15306346618374
-0.0025000000000000022 -0.0090000000000000011 138.82118859373475
-0.0019999999999999983 -0.0090000000000000011 157.30501510788895
-0.0015000000000000013 -0.0090000000000000011 173.36668436875499
-0.00099999999999999742 -0.0090000000000000011 185.83391759369226
-0.00050000000000000044 -0.0090000000000000011 193.74057566663561
0 -0.0090000000000000011 196.45019020577948
0.00050000000000000044 -0.0090000000000000011 193.74057566663561
0.0010000000000000009 -0.0090000000000000011 185.83391759369226
0.0015000000000000013 -0.0090000000000000011 173.36668436875499
0.0020000000000000018 -0.0090000000000000011 157.30501510788878
0.0024999999999999988 -0.0090000000000000011 138.82118859373497
0.0030000000000000027 -0.0090000000000000011 119.15306346618362
0.0034999999999999996 -0.0090000000000000011 99.469728198480027
0.0040000000000000036 -0.0090000000000000011 80.763087666070476
0.0045000000000000005 -0.0090000000000000011 63.778038963323418
0.0049999999999999975 -0.0090000000000000011 48.985288842531141
0.0055000000000000014 -0.0090000000000000011 36.592868023132056
0.0059999999999999984 -0.0090000000000000011 26.586642133385624
0.0064999999999999988 -0.0090000000000000011 18.787404877576368
0.0069999999999999993 -0.0090000000000000011 12.912381948663432
0.0074999999999999997 -0.0090000000000000011 8.6314189673771029
0.0080000000000000002 -0.0090000000000000011 5.6116980624482702
0.0085000000000000006 -0.0090000000000000011 3.5484824220055815
0.0090000000000000011 -0.0090000000000000011 2.1823644829330449
0.0095000000000000015 -0.0090000000000000011 1.3054137304140971
0.010000000000000002 -0.0090000000000000011 0.75946074671978447
0.010500000000000002 -0.0090000000000000011 0.42973304624047987
0.011000000000000003 -0.0090000000000000011 0.23649852496512835
0.011500000000000003 -0.0090000000000000011 0.12658853831546868
0.012000000000000004 -0.0090000000000000011 0.065901697058378783
0.012499999999999997 -0.0090000000000000011 0.033368376418210846
0.013000000000000005 -0.0090000000000000011 0.016432733723678986
0.013499999999999998 -0.0090000000000000011 0.0078708352934963779
0.014000000000000005 -0.0090000000000000011 0.0036666385074409827
0.014499999999999999 -0.0090000000000000011 0.0016613136380580792
0.014999999999999999 -0.0090000000000000011 0.00073210172448582699
0.0155 -0.0090000000000000011 0.00031378161489048121
0.016000000000000007 -0.0090000000000000011 0.00013080363772122853
0.016500000000000001 -0.0090000000000000011 5.3033271046109621e-05
0.017000000000000001 -0.0090000000000000011 2.091285238517054e-05
0.017500000000000002 -0.0090000000000000011 8.0207391686145435e-06
0.017999999999999995 -0.0090000000000000011 2.9919324176789882e-06
0.018500000000000003 -0.0090000000000000011 1.0854890071514388e-06
0.019000000000000003 -0.0090000000000000011 3.8303225242018549e-07
0.019500000000000003 -0.0090000000000000011 1.3145633604128072e-07
0.019999999999999997 -0.0090000000000000011 4.3879732049172387e-08
0.020499999999999997 -0.0090000000000000011 1.424566327678702e-08
0.021000000000000005 -0.0090000000000000011 4.4981884594786557e-09
0.021500000000000005 -0.0090000000000000011 1.3814300014837034e-09
0.021999999999999999 -0.0090000000000000011 4.1262580506723963e-10
0.022499999999999999 -0.0090000000000000011 1.1987266209391891e-10
0.023000000000000007 -0.0090000000000000011 3.3870388641128771e-11
0.023500000000000007 -0.0090000000000000011 9.3080021329437183e-12
0.024 -0.0090000000000000011 2.4878777309170325e-12
0.024500000000000001 -0.0090000000000000011 6.4675211218613368e-13
0.025000000000000001 -0.0090000000000000011 1.6352454263100809e-13
-0.025000000000000001 -0.0085000000000000006 2.6588774223120178e-13
-0.024500000000000001 -0.0085000000000000006 1.0516064202085403e-12
-0.024 -0.0085000000000000006 4.0452410517574511e-12
-0.0235 -0.0085000000000000006 1.5134631364762217e-11
-0.023 -0.0085000000000000006 5.5072596561878835e-11
-0.022500000000000003 -0.0085000000000000006 1.9491062911159651e-10
-0.022000000000000002 -0.0085000000000000006 6.7092157501534542e-10
-0.021500000000000002 -0.0085000000000000006 2.2461784526973009e-09
-0.021000000000000001 -0.0085000000000000006 7.3139673982763514e-09
-0.020500000000000001 -0.0085000000000000006 2.316317284432255e-08
-0.02 -0.0085000000000000006 7.1347595269483173e-08
-0.0195 -0.0085000000000000006 2.1374545881392871e-07
-0.019 -0.0085000000000000006 6.2280303102602337e-07
-0.018500000000000003 -0.0085000000000000006 1.7649841221666148e-06
-0.018000000000000002 -0.0085000000000000006 4.8648242193227385e-06
-0.017500000000000002 -0.0085000000000000006 1.3041566692411031e-05
-0.017000000000000001 -0.0085000000000000006 3.4003893329055687e-05
-0.016500000000000001 -0.0085000000000000006 8.6231072563854361e-05
-0.016 -0.0085000000000000006 0.00021268418397478648
-0.0155 -0.0085000000000000006 0.00051020283435466822
-0.015000000000000001 -0.0085000000000000006 0.0011903832383518625
-0.014500000000000001 -0.0085000000000000006 0.0027012638302123929
-0.014 -0.0085000000000000006 0.005961883266179583
-0.0135 -0.0085000000000000006 0.012797825892005146
-0.012999999999999999 -0.0085000000000000006 0.026719307072668536
-0.012500000000000001 -0.0085000000000000006 0.054256334401002464
-0.012 -0.0085000000000000006 0.10715488426465995
-0.0115 -0.0085000000000000006 0.20583051390027762
-0.010999999999999999 -0.0085000000000000006 0.38454202551039046
-0.010499999999999999 -0.0085000000000000006 0.69873761814975621
-0.010000000000000002 -0.0085000000000000006 1.2348684791261193
-0.0095000000000000015 -0.0085000000000000006 2.1225774668003825
-0.0090000000000000011 -0.0085000000000000006 3.5484824220055815
-0.0085000000000000006 -0.0085000000000000006 5.7697637575001224
-0.0080000000000000002 -0.0085000000000000006 9.1245124670640827
-0.0074999999999999997 -0.0085000000000000006 14.034520228967109
-0.0069999999999999993 -0.0085000000000000006 20.99528320286548
-0.0064999999999999988 -0.0085000000000000006 30.547956807647004
-0.0059999999999999984 -0.0085000000000000006 43.22936567574547
-0.0054999999999999979 -0.0085000000000000006 59.499295358922012
-0.005000000000000001 -0.0085000000000000006 79.649131826491669
-0.0044999999999999971 -0.0085000000000000006 103.70185729341517
-0.0040000000000000001 -0.0085000000000000006 131.31921783513548
-0.0035000000000000031 -0.0085000000000000006 161.7358533802749
-0.0029999999999999992 -0.0085000000000000006 193.74057566663598
-0.0025000000000000022 -0.0085000000000000006 225.72056655941378
-0.0019999999999999983 -0.0085000000000000006 255.77491082216778
-0.0015000000000000013 -0.0085000000000000006 281.89087425814313
-0.00099999999999999742 -0.0085000000000000006 302.16235424954976
-0.00050000000000000044 -0.0085000000000000006 315.01842728778973
0 -0.0085000000000000006 319.42420809927012
0.00050000000000000044 -0.0085000000000000006 315.01842728778973
0.0010000000000000009 -0.0085000000000000006 302.16235424954976
0.0015000000000000013 -0.0085000000000000006 281.89087425814313
0.0020000000000000018 -0.0085000000000000006 255.77491082216756
0.0024999999999999988 -0.0085000000000000006 225.72056655941418
0.0030000000000000027 -0.0085000000000000006 193.74057566663561
0.0034999999999999996 -0.0085000000000000006 161.73585338027516
0.0040000000000000036 -0.0085000000000000006 131.31921783513525
0.0045000000000000005 -0.0085000000000000006 103.70185729341499
0.0049999999999999975 -0.0085000000000000006 79.649131826491811
0.0055000000000000014 -0.0085000000000000006 59.499295358921913
0.0059999999999999984 -0.0085000000000000006 43.22936567574547
0.0064999999999999988 -0.0085000000000000006 30.547956807647004
0.0069999999999999993 -0.0085000000000000006 20.99528320286548
0.0074999999999999997 -0.0085000000000000006 14.034520228967109
0.0080000000000000002 -0.0085000000000000006 9.1245124670640827
0.0085000000000000006 -0.0085000000000000006 5.7697637575001224
0.0090000000000000011 -0.0085000000000000006 3.5484824220055815
0.0095000000000000015 -0.0085000000000000006 2.1225774668003825
0.010000000000000002 -0.0085000000000000006 1.2348684791261193
0.010500000000000002 -0.0085000000000000006 0.69873761814975377
0.011000000000000003 -0.0085000000000000006 0.38454202551038913
0.011500000000000003 -0.0085000000000000006 0.20583051390027651
0.012000000000000004 -0.0085000000000000006 0.10715488426465958
0.012499999999999997 -0.0085000000000000006 0.054256334401002755
0.013000000000000005 -0.0085000000000000006 0.0267193070726683
0.013499999999999998 -0.0085000000000000006 0.012797825892005191
0.014000000000000005 -0.0085000000000000006 0.0059618832661795509
0.014499999999999999 -0.0085000000000000006 0.0027012638302124029
0.014999999999999999 -0.0085000000000000006 0.0011903832383518625
0.0155 -0.0085000000000000006 0.00051020283435466822
0.016000000000000007 -0.0085000000000000006 0.00021268418397478347
0.016500000000000001 -0.0085000000000000006 8.6231072563854361e-05
0.017000000000000001 -0.0085000000000000006 3.4003893329055687e-05
0.017500000000000002 -0.0085000000000000006 1.3041566692411031e-05
0.017999999999999995 -0.0085000000000000006 4.8648242193228071e-06
0.018500000000000003 -0.0085000000000000006 1.7649841221666148e-06
0.019000000000000003 -0.0085000000000000006 6.2280303102601892e-07
0.019500000000000003 -0.0085000000000000006 2.1374545881392794e-07
0.019999999999999997 -0.0085000000000000006 7.1347595269483676e-08
0.020499999999999997 -0.0085000000000000006 2.3163172844322795e-08
0.021000000000000005 -0.0085000000000000006 7.313967398276248e-09
0.021500000000000005 -0.0085000000000000006 2.2461784526972851e-09
0.021999999999999999 -0.0085000000000000006 6.7092157501535018e-10
0.022499999999999999 -0.0085000000000000006 1.9491062911159791e-10
0.023000000000000007 -0.0085000000000000006 5.5072596561878053e-11
0.023500000000000007 -0.0085000000000000006 1.5134631364762001e-11
0.024 -0.0085000000000000006 4.0452410517574511e-12
0.024500000000000001 -0.0085000000000000006 1.0516064202085403e-12
0.025000000000000001 -0.0085000000000000006 2.6588774223120178e-13
-0.025000000000000001 -0.0080000000000000002 4.2048446362720513e-13
-0.024500000000000001 -0.0080000000000000002 1.663048314441703e-12
-0.024 -0.0080000000000000002 6.3972900729358101e-12
-0.0235 -0.0080000000000000002 2.3934451803625561e-11
-0.023 -0.0080000000000000002 8.7093790152021525e-11
-0.022500000000000003 -0.0080000000000000002 3.0823869746490661e-10
-0.022000000000000002 -0.0080000000000000002 1.0610195725417704e-09
-0.021500000000000002 -0.0080000000000000002 3.5521876035644193e-09
-0.021000000000000001 -0.0080000000000000002 1.1566571789446667e-08
-0.020500000000000001 -0.0080000000000000002 3.66310768131614e-08
-0.02 -0.0080000000000000002 1.1283165999391035e-07
-0.0195 -0.0080000000000000002 3.3802477635081703e-07
-0.019 -0.0080000000000000002 9.8492317189507006e-07
-0.018500000000000003 -0.0080000000000000002 2.7912095371227273e-06
-0.018000000000000002 -0.0080000000000000002 7.6934084487574017e-06
-0.017500000000000002 -0.0080000000000000002 2.0624403853670159e-05
-0.017000000000000001 -0.0080000000000000002 5.3774983110247348e-05
-0.016500000000000001 -0.0080000000000000002 0.00013636892769386123
-0.016 -0.0080000000000000002 0.00033634643805002486
-0.0155 -0.0080000000000000002 0.00080685316045203692
-0.015000000000000001 -0.0080000000000000002 0.0018825149790243272
-0.014500000000000001 -0.0080000000000000002 0.0042718760302036052
-0.014 -0.0080000000000000002 0.009428337186028226
-0.0135 -0.0080000000000000002 0.020238943362476829
-0.012999999999999999 -0.0080000000000000002 0.04225487571808479
-0.012500000000000001 -0.0080000000000000002 0.085802923735935024
-0.012 -0.0080000000000000002 0.16945859804203223
-0.0115 -0.0080000000000000002 0.32550779704696603
-0.010999999999999999 -0.0080000000000000002 0.60812862594566275
-0.010499999999999999 -0.0080000000000000002 1.1050088662168207
-0.010000000000000002 -0.0080000000000000002 1.9528655429477522
-0.0095000000000000015 -0.0080000000000000002 3.3567205473453874
-0.0090000000000000011 -0.0080000000000000002 5.6116980624482702
-0.0085000000000000006 -0.0080000000000000002 9.1245124670640827
-0.0080000000000000002 -0.0080000000000000002 14.429833050509629
-0.0074999999999999997 -0.0080000000000000002 22.194696382847656
-0.0069999999999999993 -0.0080000000000000002 33.202697958831145
-0.0064999999999999988 -0.0080000000000000002 48.30964047226059
-0.0059999999999999984 -0.0080000000000000002 68.364477755067483
-0.0054999999999999979 -0.0080000000000000002 94.094331258934673
-0.005000000000000001 -0.0080000000000000002 125.96000926328023
-0.0044999999999999971 -0.0080000000000000002 163.99785667159477
-0.0040000000000000001 -0.0080000000000000002 207.67294652995548
-0.0035000000000000031 -0.0080000000000000002 255.77491082216733
-0.0029999999999999992 -0.0080000000000000002 306.38833275425571
-0.0025000000000000022 -0.0080000000000000002 356.96264356870347
-0.0019999999999999983 -0.0080000000000000002 404.49166736252192
-0.0015000000000000013 -0.0080000000000000002 445.79239369662633
-0.00099999999999999742 -0.0080000000000000002 477.85044315610213
-0.00050000000000000044 -0.0080000000000000002 498.18150065605988
0 -0.0080000000000000002 505.14896130628972
0.00050000000000000044 -0.0080000000000000002 498.18150065605988
0.0010000000000000009 -0.0080000000000000002 477.85044315610213
0.0015000000000000013 -0.0080000000000000002 445.79239369662633
0.0020000000000000018 -0.0080000000000000002 404.49166736252158
0.0024999999999999988 -0.0080000000000000002 356.9626435687041
0.0030000000000000027 -0.0080000000000000002 306.3883327542552
0.0034999999999999996 -0.0080000000000000002 255.77491082216778
0.0040000000000000036 -0.0080000000000000002 207.67294652995511
0.0045000000000000005 -0.0080000000000000002 163.99785667159452
0.0049999999999999975 -0.0080000000000000002 125.96000926328045
0.0055000000000000014 -0.0080000000000000002 94.094331258934503
0.0059999999999999984 -0.0080000000000000002 68.364477755067483
0.0064999999999999988 -0.0080000000000000002 48.30964047226059
0.0069999999999999993 -0.0080000000000000002 33.202697958831145
0.0074999999999999997 -0.0080000000000000002 22.194696382847656
0.0080000000000000002 -0.0080000000000000002 14.429833050509629
0.0085000000000000006 -0.0080000000000000002 9.1245124670640827
0.0090000000000000011 -0.0080000000000000002 5.6116980624482702
0.0095000000000000015 -0.0080000000000000002 3.3567205473453874
0.010000000000000002 -0.0080000000000000002 1.9528655429477522
0.010500000000000002 -0.0080000000000000002 1.1050088662168167
0.011000000000000003 -0.0080000000000000002 0.60812862594566053
0.011500000000000003 -0.0080000000000000002 0.32550779704696431
0.012000000000000004 -0.0080000000000000002 0.16945859804203164
0.012499999999999997 -0.0080000000000000002 0.085802923735935469
0.013000000000000005 -0.0080000000000000002 0.042254875718084423
0.013499999999999998 -0.0080000000000000002 0.020238943362476901
0.014000000000000005 -0.0080000000000000002 0.0094283371860281757
0.014499999999999999 -0.0080000000000000002 0.00427187603020362
0.014999999999999999 -0.0080000000000000002 0.0018825149790243339
0.0155 -0.0080000000000000002 0.00080685316045203692
0.016000000000000007 -0.0080000000000000002 0.00033634643805002015
0.016500000000000001 -0.0080000000000000002 0.00013636892769386123
0.017000000000000001 -0.0080000000000000002 5.3774983110247348e-05
0.017500000000000002 -0.0080000000000000002 2.0624403853670159e-05
0.017999999999999995 -0.0080000000000000002 7.6934084487574847e-06
0.018500000000000003 -0.0080000000000000002 2.7912095371227273e-06
0.019000000000000003 -0.0080000000000000002 9.8492317189506667e-07
0.019500000000000003 -0.0080000000000000002 3.3802477635081465e-07
0.019999999999999997 -0.0080000000000000002 1.1283165999391157e-07
0.020499999999999997 -0.0080000000000000002 3.6631076813161651e-08
0.021000000000000005 -0.0080000000000000002 1.1566571789446543e-08
0.021500000000000005 -0.0080000000000000002 3.5521876035643944e-09
0.021999999999999999 -0.0080000000000000002 1.061019572541778e-09
0.022499999999999999 -0.0080000000000000002 3.0823869746490878e-10
0.023000000000000007 -0.0080000000000000002 8.7093790152019676e-11
0.023500000000000007 -0.0080000000000000002 2.3934451803625219e-11
0.024 -0.0080000000000000002 6.3972900729358101e-12
0.024500000000000001 -0.0080000000000000002 1.663048314441703e-12
0.025000000000000001 -0.0080000000000000002 4.2048446362720513e-13
-0.025000000000000001 -0.0074999999999999997 6.4675211218613368e-13
-0.024500000000000001 -0.0074999999999999997 2.5579542244070945e-12
-0.024 -0.0074999999999999997 9.839747303022419e-12
-0.0235 -0.0074999999999999997 3.6813862572901305e-11
-0.023 -0.0074999999999999997 1.3395998571080479e-10
-0.022500000000000003 -0.0074999999999999997 4.7410557556218076e-10
-0.022000000000000002 -0.0074999999999999997 1.6319667168977854e-09
-0.021500000000000002 -0.0074999999999999997 5.4636616432123724e-09
-0.021000000000000001 -0.0074999999999999997 1.7790680471394128e-08
-0.020500000000000001 -0.0074999999999999997 5.6342691228584422e-08
-0.02 -0.0074999999999999997 1.7354770683567249e-07
-0.0195 -0.0074999999999999997 5.1991989475729843e-07
-0.019 -0.0074999999999999997 1.5149219456749256e-06
-0.018500000000000003 -0.0074999999999999997 4.2931923051708391e-06
-0.018000000000000002 -0.0074999999999999997 1.1833322261713527e-05
-0.017500000000000002 -0.0074999999999999997 3.1722638786404834e-05
-0.017000000000000001 -0.0074999999999999997 8.271193567846208e-05
-0.016500000000000001 -0.0074999999999999997 0.00020975065585480672
-0.016 -0.0074999999999999997 0.00051733842282457429
-0.0155 -0.0074999999999999997 0.0012410303611337754
-0.015000000000000001 -0.0074999999999999997 0.0028955184893239027
-0.014500000000000001 -0.0074999999999999997 0.0065706228993539862
-0.014 -0.0074999999999999997 0.014501836612144181
-0.0135 -0.0074999999999999997 0.031129757459249223
-0.012999999999999999 -0.0074999999999999997 0.064992722644475198
-0.012500000000000001 -0.0074999999999999997 0.13197448885331711
-0.012 -0.0074999999999999997 0.26064626803655877
-0.0115 -0.0074999999999999997 0.50066738128005328
-0.010999999999999999 -0.0074999999999999997 0.93536981109463513
-0.010499999999999999 -0.0074999999999999997 1.6996271682554831
-0.010000000000000002 -0.0074999999999999997 3.0037255213233052
-0.0095000000000000015 -0.0074999999999999997 5.163011458941714
-0.0090000000000000011 -0.0074999999999999997 8.6314189673771029
-0.0085000000000000006 -0.0074999999999999997 14.034520228967109
-0.0080000000000000002 -0.0074999999999999997 22.194696382847656
-0.0074999999999999997 -0.0074999999999999997 34.137924243648342
-0.0069999999999999993 -0.0074999999999999997 51.069461282618668
-0.0064999999999999988 -0.0074999999999999997 74.305627715386805
-0.0059999999999999984 -0.0074999999999999997 105.15220944237305
-0.0054999999999999979 -0.0074999999999999997 144.72760054319468
-0.005000000000000001 -0.0074999999999999997 193.74057566663581
-0.0044999999999999971 -0.0074999999999999997 252.24703733736271
-0.0040000000000000001 -0.0074999999999999997 319.42420809927034
-0.0035000000000000031 -0.0074999999999999997 393.41040663304472
-0.0029999999999999992 -0.0074999999999999997 471.25950777978238
-0.0025000000000000022 -0.0074999999999999997 549.04845165524853
-0.0019999999999999983 -0.0074999999999999997 622.15340365188149
-0.0015000000000000013 -0.0074999999999999997 685.67853787678223
-0.00099999999999999742 -0.0074999999999999997 734.98740180395362
-0.00050000000000000044 -0.0074999999999999997 766.25884110434436
0 -0.0074999999999999997 776.9755744961991
0.00050000000000000044 -0.0074999999999999997 766.25884110434436
0.0010000000000000009 -0.0074999999999999997 734.98740180395316
0.0015000000000000013 -0.0074999999999999997 685.67853787678223
0.0020000000000000018 -0.0074999999999999997 622.15340365188104
0.0024999999999999988 -0.0074999999999999997 549.04845165524921
0.0030000000000000027 -0.0074999999999999997 471.25950777978153
0.0034999999999999996 -0.0074999999999999997 393.41040663304523
0.0040000000000000036 -0.0074999999999999997 319.42420809926978
0.0045000000000000005 -0.0074999999999999997 252.24703733736229
0.0049999999999999975 -0.0074999999999999997 193.74057566663632
0.0055000000000000014 -0.0074999999999999997 144.72760054319443
0.0059999999999999984 -0.0074999999999999997 105.15220944237305
0.0064999999999999988 -0.0074999999999999997 74.305627715386805
0.0069999999999999993 -0.0074999999999999997 51.069461282618668
0.0074999999999999997 -0.0074999999999999997 34.137924243648342
0.0080000000000000002 -0.0074999999999999997 22.194696382847656
0.0085000000000000006 -0.0074999999999999997 14.034520228967109
0.0090000000000000011 -0.0074999999999999997 8.6314189673771029
0.0095000000000000015 -0.0074999999999999997 5.163011458941714
0.010000000000000002 -0.0074999999999999997 3.0037255213233052
0.010500000000000002 -0.0074999999999999997 1.6996271682554769
0.011000000000000003 -0.0074999999999999997 0.93536981109463169
0.011500000000000003 -0.0074999999999999997 0.50066738128004973
0.012000000000000004 -0.0074999999999999997 0.26064626803655783
0.012499999999999997 -0.0074999999999999997 0.13197448885331783
0.013000000000000005 -0.0074999999999999997 0.064992722644474615
0.013499999999999998 -0.0074999999999999997 0.03112975745924933
0.014000000000000005 -0.0074999999999999997 0.014501836612144105
0.014499999999999999 -0.0074999999999999997 0.0065706228993540096
0.014999999999999999 -0.0074999999999999997 0.0028955184893239127
0.0155 -0.0074999999999999997 0.0012410303611337754
0.016000000000000007 -0.0074999999999999997 0.00051733842282456692
0.016500000000000001 -0.0074999999999999997 0.00020975065585480672
0.017000000000000001 -0.0074999999999999997 8.271193567846208e-05
0.017500000000000002 -0.0074999999999999997 3.1722638786404834e-05
0.017999999999999995 -0.0074999999999999997 1.1833322261713695e-05
0.018500000000000003 -0.0074999999999999997 4.2931923051708391e-06
0.019000000000000003 -0.0074999999999999997 1.5149219456749148e-06
0.019500000000000003 -0.0074999999999999997 5.1991989475729663e-07
0.019999999999999997 -0.0074999999999999997 1.7354770683567376e-07
0.020499999999999997 -0.0074999999999999997 5.6342691228585024e-08
0.021000000000000005 -0.0074999999999999997 1.7790680471394003e-08
0.021500000000000005 -0.0074999999999999997 5.4636616432123526e-09
0.021999999999999999 -0.0074999999999999997 1.6319667168978028e-09
0.022499999999999999 -0.0074999999999999997 4.7410557556218417e-10
0.023000000000000007 -0.0074999999999999997 1.3395998571080287e-10
0.023500000000000007 -0.0074999999999999997 3.6813862572900781e-11
0.024 -0.0074999999999999997 9.839747303022419e-12
0.024500000000000001 -0.0074999999999999997 2.5579542244070945e-12
0.025000000000000001 -0.0074999999999999997 6.4675211218613368e-13
-0.025000000000000001 -0.0069999999999999993 9.6752461330120211e-13
-0.024500000000000001 -0.0069999999999999993 3.8266340769203177e-12
-0.024 -0.0069999999999999993 1.4720010224873335e-11
-0.0235 -0.0069999999999999993 5.5072596561878835e-11
-0.023 -0.0069999999999999993 2.0040071138628097e-10
-0.022500000000000003 -0.0069999999999999993 7.0924981150695907e-10
-0.022000000000000002 -0.0069999999999999993 2.4413804561840302e-09
-0.021500000000000002 -0.0069999999999999993 8.1734980357301076e-09
-0.021000000000000001 -0.0069999999999999993 2.6614402827797923e-08
-0.020500000000000001 -0.0069999999999999993 8.4287224604527452e-08
-0.02 -0.0069999999999999993 2.5962292937540392e-07
-0.0195 -0.0069999999999999993 7.7778686090766819e-07
-0.019 -0.0069999999999999993 2.2662844729122513e-06
-0.018500000000000003 -0.0069999999999999993 6.4225058513495096e-06
-0.018000000000000002 -0.0069999999999999993 1.7702347359381927e-05
-0.017500000000000002 -0.0069999999999999993 4.7456256031332048e-05
-0.017000000000000001 -0.0069999999999999993 0.00012373493966984786
-0.016500000000000001 -0.0069999999999999993 0.00031378161489048121
-0.016 -0.0069999999999999993 0.00077392504494078348
-0.0155 -0.0069999999999999993 0.0018565496696908213
-0.015000000000000001 -0.0069999999999999993 0.0043316215809795838
-0.014500000000000001 -0.0069999999999999993 0.009829483754381467
-0.014 -0.0069999999999999993 0.0216943765562593
-0.0135 -0.0069999999999999993 0.046569320734204576
-0.012999999999999999 -0.0069999999999999993 0.09722745029998564
-0.012500000000000001 -0.0069999999999999993 0.19743045888450195
-0.012 -0.0069999999999999993 0.38992014859921442
-0.0115 -0.0069999999999999993 0.74898559330270409
-0.010999999999999999 -0.0069999999999999993 1.3992893068627512
-0.010499999999999999 -0.0069999999999999993 2.5425987603877211
-0.010000000000000002 -0.0069999999999999993 4.4934965324780984
-0.0095000000000000015 -0.0069999999999999993 7.7237330519063088
-0.0090000000000000011 -0.0069999999999999993 12.912381948663432
-0.0085000000000000006 -0.0069999999999999993 20.99528320286548
-0.0080000000000000002 -0.0069999999999999993 33.202697958831145
-0.0074999999999999997 -0.0069999999999999993 51.069461282618668
-0.0069999999999999993 -0.0069999999999999993 76.398607515866843
-0.0064999999999999988 -0.0069999999999999993 111.15931802437196
-0.0059999999999999984 -0.0069999999999999993 157.3050151078892
-0.0054999999999999979 -0.0069999999999999993 216.50878769649188
-0.005000000000000001 -0.0069999999999999993 289.83094453144463
-0.0044999999999999971 -0.0069999999999999993 377.3551143594367
-0.0040000000000000001 -0.0069999999999999993 477.85044315610213
-0.0035000000000000031 -0.0069999999999999993 588.5319032970699
-0.0029999999999999992 -0.0069999999999999993 704.99216691839069
-0.0025000000000000022 -0.0069999999999999993 821.36243680095583
-0.0019999999999999983 -0.0069999999999999993 930.72557466820274
-0.0015000000000000013 -0.0069999999999999993 1025.7575502393399
-0.00099999999999999742 -0.0069999999999999993 1099.5223491546435
-0.00050000000000000044 -0.0069999999999999993 1146.3036222984026
0 -0.0069999999999999993 1162.3355812753252
0.00050000000000000044 -0.0069999999999999993 1146.3036222984026
0.0010000000000000009 -0.0069999999999999993 1099.5223491546431
0.0015000000000000013 -0.0069999999999999993 1025.7575502393399
0.0020000000000000018 -0.0069999999999999993 930.7255746682024
0.0024999999999999988 -0.0069999999999999993 821.36243680095663
0.0030000000000000027 -0.0069999999999999993 704.99216691839001
0.0034999999999999996 -0.0069999999999999993 588.5319032970707
0.0040000000000000036 -0.0069999999999999993 477.85044315610151
0.0045000000000000005 -0.0069999999999999993 377.35511435943585
0.0049999999999999975 -0.0069999999999999993 289.83094453144537
0.0055000000000000014 -0.0069999999999999993 216.50878769649151
0.0059999999999999984 -0.0069999999999999993 157.3050151078892
0.0064999999999999988 -0.0069999999999999993 111.15931802437196
0.0069999999999999993 -0.0069999999999999993 76.398607515866843
0.0074999999999999997 -0.0069999999999999993 51.069461282618668
0.0080000000000000002 -0.0069999999999999993 33.202697958831145
0.0085000000000000006 -0.0069999999999999993 20.99528320286548
0.0090000000000000011 -0.0069999999999999993 12.912381948663432
0.0095000000000000015 -0.0069999999999999993 7.7237330519063088
0.010000000000000002 -0.0069999999999999993 4.4934965324780984
0.010500000000000002 -0.0069999999999999993 2.5425987603877074
0.011000000000000003 -0.0069999999999999993 1.3992893068627439
0.011500000000000003 -0.0069999999999999993 0.74898559330269998
0.012000000000000004 -0.0069999999999999993 0.38992014859921237
0.012499999999999997 -0.0069999999999999993 0.197430458884503
0.013000000000000005 -0.0069999999999999993 0.097227450299984947
0.013499999999999998 -0.0069999999999999993 0.04656932073420466
0.014000000000000005 -0.0069999999999999993 0.021694376556259106
0.014499999999999999 -0.0069999999999999993 0.0098294837543815034
0.014999999999999999 -0.0069999999999999993 0.0043316215809795985
0.0155 -0.0069999999999999993 0.0018565496696908213
0.016000000000000007 -0.0069999999999999993 0.00077392504494077242
0.016500000000000001 -0.0069999999999999993 0.00031378161489048121
0.017000000000000001 -0.0069999999999999993 0.00012373493966984786
0.017500000000000002 -0.0069999999999999993 4.7456256031332048e-05
0.017999999999999995 -0.0069999999999999993 1.7702347359382117e-05
0.018500000000000003 -0.0069999999999999993 6.4225058513495096e-06
0.019000000000000003 -0.0069999999999999993 2.2662844729122352e-06
0.019500000000000003 -0.0069999999999999993 7.7778686090766269e-07
0.019999999999999997 -0.0069999999999999993 2.5962292937540667e-07
0.020499999999999997 -0.0069999999999999993 8.4287224604528338e-08
0.021000000000000005 -0.0069999999999999993 2.6614402827797638e-08
0.021500000000000005 -0.0069999999999999993 8.1734980357300497e-09
0.021999999999999999 -0.0069999999999999993 2.4413804561840476e-09
0.022499999999999999 -0.0069999999999999993 7.0924981150696156e-10
0.023000000000000007 -0.0069999999999999993 2.0040071138627668e-10
0.023500000000000007 -0.0069999999999999993 5.5072596561878053e-11
0.024 -0.0069999999999999993 1.4720010224873335e-11
0.024500000000000001 -0.0069999999999999993 3.8266340769203177e-12
0.025000000000000001 -0.0069999999999999993 9.6752461330120211e-13
-0.025000000000000001 -0.0064999999999999988 1.4077400057850443e-12
-0.024500000000000001 -0.0064999999999999988 5.5677197288045076e-12
-0.024 -0.0064999999999999988 2.1417488500282841e-11
-0.0235 -0.0064999999999999988 8.0130155178265582e-11
-0.023 -0.0064999999999999988 2.9158131455041881e-10
-0.022500000000000003 -0.0064999999999999988 1.0319523865622031e-09
-0.022000000000000002 -0.0064999999999999988 3.5521876035644193e-09
-0.021500000000000002 -0.0064999999999999988 1.1892369469386039e-08
-0.021000000000000001 -0.0064999999999999988 3.8723727619636357e-08
-0.020500000000000001 -0.0064999999999999988 1.2263718816158345e-07
-0.02 -0.0064999999999999988 3.777491332792416e-07
-0.0195 -0.0064999999999999988 1.1316732050234984e-06
-0.019 -0.0064999999999999988 3.2974244511698613e-06
-0.018500000000000003 -0.0064999999999999988 9.3446908740487309e-06
-0.018000000000000002 -0.0064999999999999988 2.5756763426489894e-05
-0.017500000000000002 -0.0064999999999999988 6.9048445095511616e-05
-0.017000000000000001 -0.0064999999999999988 0.00018003327490792974
-0.016500000000000001 -0.0064999999999999988 0.00045654955573068656
-0.016 -0.0064999999999999988 0.0011260542959468456
-0.0155 -0.0064999999999999988 0.0027012638302124029
-0.015000000000000001 -0.0064999999999999988 0.0063024722117002259
-0.014500000000000001 -0.0064999999999999988 0.014301814472754096
-0.014 -0.0064999999999999988 0.031565131634851605
-0.0135 -0.0064999999999999988 0.067757961852869045
-0.012999999999999999 -0.0064999999999999988 0.14146510545169724
-0.012500000000000001 -0.0064999999999999988 0.28725962266108263
-0.012 -0.0064999999999999988 0.56733046859851022
-0.0115 -0.0064999999999999988 1.089767607928156
-0.010999999999999999 -0.0064999999999999988 2.0359539280523569
-0.010499999999999999 -0.0064999999999999988 3.6994593671830152
-0.010000000000000002 -0.0064999999999999988 6.5379988763723027
-0.0095000000000000015 -0.0064999999999999988 11.237965279326517
-0.0090000000000000011 -0.0064999999999999988 18.787404877576368
-0.0085000000000000006 -0.0064999999999999988 30.547956807647004
-0.0080000000000000002 -0.0064999999999999988 48.30964047226059
-0.0074999999999999997 -0.0064999999999999988 74.305627715386805
-0.0069999999999999993 -0.0064999999999999988 111.15931802437196
-0.0064999999999999988 -0.0064999999999999988 161.73585338027544
-0.0059999999999999984 -0.0064999999999999988 228.87744645836528
-0.0054999999999999979 -0.0064999999999999988 315.01842728779081
-0.005000000000000001 -0.0064999999999999988 421.70153598393642
-0.0044999999999999971 -0.0064999999999999988 549.04845165525001
-0.0040000000000000001 -0.0064999999999999988 695.26829226363202
-0.0035000000000000031 -0.0064999999999999988 856.30886652614674
-0.0029999999999999992 -0.0064999999999999988 1025.7575502393408
-0.0025000000000000022 -0.0064999999999999988 1195.0752938352762
-0.0019999999999999983 -0.0064999999999999988 1354.1977205078274
-0.0015000000000000013 -0.0064999999999999988 1492.4684290780385
-0.00099999999999999742 -0.0064999999999999988 1599.7955782008432
-0.00050000000000000044 -0.0064999999999999988 1667.8619289899218
0 -0.0064999999999999988 1691.1882916608556
0.00050000000000000044 -0.0064999999999999988 1667.8619289899218
0.0010000000000000009 -0.0064999999999999988 1599.7955782008426
0.0015000000000000013 -0.0064999999999999988 1492.4684290780385
0.0020000000000000018 -0.0064999999999999988 1354.1977205078267
0.0024999999999999988 -0.0064999999999999988 1195.0752938352773
0.0030000000000000027 -0.0064999999999999988 1025.7575502393399
0.0034999999999999996 -0.0064999999999999988 856.30886652614743
0.0040000000000000036 -0.0064999999999999988 695.26829226363077
0.0045000000000000005 -0.0064999999999999988 549.04845165524921
0.0049999999999999975 -0.0064999999999999988 421.70153598393739
0.0055000000000000014 -0.0064999999999999988 315.01842728779002
0.0059999999999999984 -0.0064999999999999988 228.87744645836528
0.0064999999999999988 -0.0064999999999999988 161.73585338027544
0.0069999999999999993 -0.0064999999999999988 111.15931802437196
0.0074999999999999997 -0.0064999999999999988 74.305627715386805
0.0080000000000000002 -0.0064999999999999988 48.30964047226059
0.0085000000000000006 -0.0064999999999999988 30.547956807647004
0.0090000000000000011 -0.0064999999999999988 18.787404877576368
0.0095000000000000015 -0.0064999999999999988 11.237965279326517
0.010000000000000002 -0.0064999999999999988 6.5379988763723027
0.010500000000000002 -0.0064999999999999988 3.6994593671830018
0.011000000000000003 -0.0064999999999999988 2.0359539280523498
0.011500000000000003 -0.0064999999999999988 1.0897676079281484
0.012000000000000004 -0.0064999999999999988 0.56733046859850833
0.012499999999999997 -0.0064999999999999988 0.28725962266108418
0.013000000000000005 -0.0064999999999999988 0.14146510545169597
0.013499999999999998 -0.0064999999999999988 0.067757961852869281
0.014000000000000005 -0.0064999999999999988 0.031565131634851432
0.014499999999999999 -0.0064999999999999988 0.014301814472754146
0.014999999999999999 -0.0064999999999999988 0.0063024722117002475
0.0155 -0.0064999999999999988 0.0027012638302124029
0.016000000000000007 -0.0064999999999999988 0.0011260542959468296
0.016500000000000001 -0.0064999999999999988 0.00045654955573068656
0.017000000000000001 -0.0064999999999999988 0.00018003327490792974
0.017500000000000002 -0.0064999999999999988 6.9048445095511616e-05
0.017999999999999995 -0.0064999999999999988 2.575676342649026e-05
0.018500000000000003 -0.0064999999999999988 9.3446908740487309e-06
0.019000000000000003 -0.0064999999999999988 3.297424451169838e-06
0.019500000000000003 -0.0064999999999999988 1.1316732050234942e-06
0.019999999999999997 -0.0064999999999999988 3.777491332792443e-07
0.020499999999999997 -0.0064999999999999988 1.2263718816158475e-07
0.021000000000000005 -0.0064999999999999988 3.8723727619635947e-08
0.021500000000000005 -0.0064999999999999988 1.1892369469385998e-08
0.021999999999999999 -0.0064999999999999988 3.5521876035644573e-09
0.022499999999999999 -0.0064999999999999988 1.0319523865622103e-09
0.023000000000000007 -0.0064999999999999988 2.9158131455041364e-10
0.023500000000000007 -0.0064999999999999988 8.0130155178264432e-11
0.024 -0.0064999999999999988 2.1417488500282841e-11
0.024500000000000001 -0.0064999999999999988 5.5677197288045076e-12
0.025000000000000001 -0.0064999999999999988 1.4077400057850443e-12
-0.025000000000000001 -0.0059999999999999984 1.9921367530290536e-12
-0.024500000000000001 -0.0059999999999999984 7.8790537007797883e-12
-0.024 -0.0059999999999999984 3.0308555431865411e-11
-0.0235 -0.0059999999999999984 1.133946797708035e-10
-0.023 -0.0059999999999999984 4.1262580506723963e-10
-0.022500000000000003 -0.0059999999999999984 1.4603479820126102e-09
-0.022000000000000002 -0.0059999999999999984 5.0268113782620198e-09
-0.021500000000000002 -0.0059999999999999984 1.6829262650209928e-08
-0.021000000000000001 -0.0059999999999999984 5.4799153741705372e-08
-0.020500000000000001 -0.0059999999999999984 1.7354770683567191e-07
-0.02 -0.0059999999999999984 5.3456457068632554e-07
-0.0195 -0.0059999999999999984 1.601466019919126e-06
-0.019 -0.0059999999999999984 4.6662881018635912e-06
-0.018500000000000003 -0.0059999999999999984 1.3223963274032412e-05
-0.018000000000000002 -0.0059999999999999984 3.6449198609206829e-05
-0.017500000000000002 -0.0059999999999999984 9.7712606482024814e-05
-0.017000000000000001 -0.0059999999999999984 0.00025477069788342426
-0.016500000000000001 -0.0059999999999999984 0.00064607750423558319
-0.016 -0.0059999999999999984 0.0015935145265769401
-0.0155 -0.0059999999999999984 0.0038226426283830914
-0.015000000000000001 -0.0059999999999999984 0.008918824837169154
-0.014500000000000001 -0.0059999999999999984 0.020238943362476829
-0.014 -0.0059999999999999984 0.044668801472982966
-0.0135 -0.0059999999999999984 0.095886403428711395
-0.012999999999999999 -0.0059999999999999984 0.20019167934656895
-0.012500000000000001 -0.0059999999999999984 0.40651004419333236
-0.012 -0.0059999999999999984 0.80284702641381511
-0.0115 -0.0059999999999999984 1.5421641035224882
-0.010999999999999999 -0.0059999999999999984 2.8811418521029761
-0.010499999999999999 -0.0059999999999999984 5.2352202405393893
-0.010000000000000002 -0.0059999999999999984 9.2521259603051416
-0.0095000000000000015 -0.0059999999999999984 15.90319488698916
-0.0090000000000000011 -0.0059999999999999984 26.586642133385624
-0.0085000000000000006 -0.0059999999999999984 43.22936567574547
-0.0080000000000000002 -0.0059999999999999984 68.364477755067483
-0.0074999999999999997 -0.0059999999999999984 105.15220944237305
-0.0069999999999999993 -0.0059999999999999984 157.3050151078892
-0.0064999999999999988 -0.0059999999999999984 228.87744645836528
-0.0059999999999999984 -0.0059999999999999984 323.89160722535559
-0.0054999999999999979 -0.0059999999999999984 445.79239369662736
-0.005000000000000001 -0.0059999999999999984 596.76298548745081
-0.0044999999999999971 -0.0059999999999999984 776.97557449620081
-0.0040000000000000001 -0.0059999999999999984 983.895827739673
-0.0035000000000000031 -0.0059999999999999984 1211.7893630507999
-0.0029999999999999992 -0.0059999999999999984 1451.5814760761045
-0.0025000000000000022 -0.0059999999999999984 1691.1882916608556
-0.0019999999999999983 -0.0059999999999999984 1916.3673965402281
-0.0015000000000000013 -0.0059999999999999984 2112.0385853095468
-0.00099999999999999742 -0.0059999999999999984 2263.920578779027
-0.00050000000000000044 -0.0059999999999999984 2360.2433930020093
0 -0.0059999999999999984 2393.253255760962
0.00050000000000000044 -0.0059999999999999984 2360.2433930020093
0.0010000000000000009 -0.0059999999999999984 2263.920578779027
0.0015000000000000013 -0.0059999999999999984 2112.0385853095468
0.0020000000000000018 -0.0059999999999999984 1916.3673965402272
0.0024999999999999988 -0.0059999999999999984 1691.1882916608565
0.0030000000000000027 -0.0059999999999999984 1451.5814760761029
0.0034999999999999996 -0.0059999999999999984 1211.7893630508008
0.0040000000000000036 -0.0059999999999999984 983.89582773967129
0.0045000000000000005 -0.0059999999999999984 776.97557449619967
0.0049999999999999975 -0.0059999999999999984 596.76298548745217
0.0055000000000000014 -0.0059999999999999984 445.79239369662633
0.0059999999999999984 -0.0059999999999999984 323.89160722535559
0.0064999999999999988 -0.0059999999999999984 228.87744645836528
0.0069999999999999993 -0.0059999999999999984 157.3050151078892
0.0074999999999999997 -0.0059999999999999984 105.15220944237305
0.0080000000000000002 -0.0059999999999999984 68.364477755067483
0.0085000000000000006 -0.0059999999999999984 43.22936567574547
0.0090000000000000011 -0.0059999999999999984 26.586642133385624
0.0095000000000000015 -0.0059999999999999984 15.90319488698916
0.010000000000000002 -0.0059999999999999984 9.2521259603051416
0.010500000000000002 -0.0059999999999999984 5.2352202405393617
0.011000000000000003 -0.0059999999999999984 2.8811418521029606
0.011500000000000003 -0.0059999999999999984 1.54216410352248
0.012000000000000004 -0.0059999999999999984 0.80284702641381078
0.012499999999999997 -0.0059999999999999984 0.40651004419333453
0.013000000000000005 -0.0059999999999999984 0.20019167934656756
0.013499999999999998 -0.0059999999999999984 0.095886403428711561
0.014000000000000005 -0.0059999999999999984 0.044668801472982654
0.014499999999999999 -0.0059999999999999984 0.020238943362476901
0.014999999999999999 -0.0059999999999999984 0.0089188248371692164
0.0155 -0.0059999999999999984 0.0038226426283830914
0.016000000000000007 -0.0059999999999999984 0.0015935145265769119
0.016500000000000001 -0.0059999999999999984 0.00064607750423558319
0.017000000000000001 -0.0059999999999999984 0.00025477069788342426
0.017500000000000002 -0.0059999999999999984 9.7712606482024814e-05
0.017999999999999995 -0.0059999999999999984 3.6449198609207215e-05
0.018500000000000003 -0.0059999999999999984 1.3223963274032412e-05
0.019000000000000003 -0.0059999999999999984 4.6662881018635582e-06
0.019500000000000003 -0.0059999999999999984 1.6014660199191145e-06
0.019999999999999997 -0.0059999999999999984 5.3456457068632925e-07
0.020499999999999997 -0.0059999999999999984 1.7354770683567376e-07
0.021000000000000005 -0.0059999999999999984 5.4799153741704783e-08
0.021500000000000005 -0.0059999999999999984 1.6829262650209806e-08
0.021999999999999999 -0.0059999999999999984 5.0268113782620554e-09
0.022499999999999999 -0.0059999999999999984 1.4603479820126205e-09
0.023000000000000007 -0.0059999999999999984 4.1262580506723229e-10
0.023500000000000007 -0.0059999999999999984 1.133946797708019e-10
0.024 -0.0059999999999999984 3.0308555431865411e-11
0.024500000000000001 -0.0059999999999999984 7.8790537007797883e-12
0.025000000000000001 -0.0059999999999999984 1.9921367530290536e-12
-0.025000000000000001 -0.0054999999999999979 2.7419031302220308e-12
-0.024500000000000001 -0.0054999999999999979 1.0844437246844299e-11
-0.024 -0.0054999999999999979 4.1715571425897851e-11
-0.0235 -0.0054999999999999979 1.560722309557011e-10
-0.023 -0.0054999999999999979 5.6792285208532048e-10
-0.022500000000000003 -0.0054999999999999979 2.0099687920548118e-09
-0.022000000000000002 -0.0054999999999999979 6.9187167156748845e-09
-0.021500000000000002 -0.0054999999999999979 2.316317284432255e-08
-0.021000000000000001 -0.0054999999999999979 7.5423522481294974e-08
-0.020500000000000001 -0.0054999999999999979 2.3886462608154387e-07
-0.02 -0.0054999999999999979 7.3575484586687957e-07
-0.0195 -0.0054999999999999979 2.2041984247737178e-06
-0.019 -0.0054999999999999979 6.4225058513495553e-06
-0.018500000000000003 -0.0054999999999999979 1.8200972518517643e-05
-0.018000000000000002 -0.0054999999999999979 5.0167324913166321e-05
-0.017500000000000002 -0.0054999999999999979 0.00013448800699442293
-0.017000000000000001 -0.0054999999999999979 0.00035065693806072981
-0.016500000000000001 -0.0054999999999999979 0.00088923711112504501
-0.016 -0.0054999999999999979 0.0021932542842915343
-0.0155 -0.0054999999999999979 0.005261343515974441
-0.015000000000000001 -0.0054999999999999979 0.012275539669529651
-0.014500000000000001 -0.0054999999999999979 0.027856130897431615
-0.014 -0.0054999999999999979 0.061480481395572377
-0.0135 -0.0054999999999999979 0.13197448885331736
-0.012999999999999999 -0.0054999999999999979 0.27553640150965991
-0.012500000000000001 -0.0054999999999999979 0.55950534567751153
-0.012 -0.0054999999999999979 1.1050088662168207
-0.0115 -0.0054999999999999979 2.1225774668003941
-0.010999999999999999 -0.0054999999999999979 3.965496771686563
-0.010499999999999999 -0.0054999999999999979 7.2055629429609498
-0.010000000000000002 -0.0054999999999999979 12.734282971887549
-0.0095000000000000015 -0.0054999999999999979 21.888567526734803
-0.0090000000000000011 -0.0054999999999999979 36.592868023132127
-0.0085000000000000006 -0.0054999999999999979 59.499295358922012
-0.0080000000000000002 -0.0054999999999999979 94.094331258934673
-0.0074999999999999997 -0.0054999999999999979 144.72760054319468
-0.0069999999999999993 -0.0054999999999999979 216.50878769649188
-0.0064999999999999988 -0.0054999999999999979 315.01842728779081
-0.0059999999999999984 -0.0054999999999999979 445.79239369662736
-0.0054999999999999979 -0.0054999999999999979 613.57211438793729
-0.005000000000000001 -0.0054999999999999979 821.36243680095663
-0.0044999999999999971 -0.0054999999999999979 1069.4003594772935
-0.0040000000000000001 -0.0054999999999999979 1354.1977205078279
-0.0035000000000000031 -0.0054999999999999979 1667.8619289899211
-0.0029999999999999992 -0.0054999999999999979 1997.9028984700165
-0.0025000000000000022 -0.0054999999999999979 2327.6888314263883
-0.0019999999999999983 -0.0054999999999999979 2637.6169985517422
-0.0015000000000000013 -0.0054999999999999979 2906.931564514693
-0.00099999999999999742 -0.0054999999999999979 3115.9763063905316
-0.00050000000000000044 -0.0054999999999999979 3248.5514548727888
0 -0.0054999999999999979 3293.9850055009538
0.00050000000000000044 -0.0054999999999999979 3248.5514548727888
0.0010000000000000009 -0.0054999999999999979 3115.9763063905307
0.0015000000000000013 -0.0054999999999999979 2906.931564514693
0.0020000000000000018 -0.0054999999999999979 2637.6169985517399
0.0024999999999999988 -0.0054999999999999979 2327.6888314263897
0.0030000000000000027 -0.0054999999999999979 1997.9028984700146
0.0034999999999999996 -0.0054999999999999979 1667.8619289899225
0.0040000000000000036 -0.0054999999999999979 1354.1977205078256
0.0045000000000000005 -0.0054999999999999979 1069.4003594772917
0.0049999999999999975 -0.0054999999999999979 821.36243680095833
0.0055000000000000014 -0.0054999999999999979 613.57211438793593
0.0059999999999999984 -0.0054999999999999979 445.79239369662736
0.0064999999999999988 -0.0054999999999999979 315.01842728779081
0.0069999999999999993 -0.0054999999999999979 216.50878769649188
0.0074999999999999997 -0.0054999999999999979 144.72760054319468
0.0080000000000000002 -0.0054999999999999979 94.094331258934673
0.0085000000000000006 -0.0054999999999999979 59.499295358922012
0.0090000000000000011 -0.0054999999999999979 36.592868023132127
0.0095000000000000015 -0.0054999999999999979 21.888567526734803
0.010000000000000002 -0.0054999999999999979 12.734282971887549
0.010500000000000002 -0.0054999999999999979 7.2055629429609178
0.011000000000000003 -0.0054999999999999979 3.9654967716865421
0.011500000000000003 -0.0054999999999999979 2.1225774668003825
0.012000000000000004 -0.0054999999999999979 1.1050088662168147
0.012499999999999997 -0.0054999999999999979 0.55950534567751453
0.013000000000000005 -0.0054999999999999979 0.27553640150965797
0.013499999999999998 -0.0054999999999999979 0.13197448885331761
0.014000000000000005 -0.0054999999999999979 0.061480481395571933
0.014499999999999999 -0.0054999999999999979 0.027856130897431716
0.014999999999999999 -0.0054999999999999979 0.012275539669529739
0.0155 -0.0054999999999999979 0.005261343515974441
0.016000000000000007 -0.0054999999999999979 0.0021932542842914909
0.016500000000000001 -0.0054999999999999979 0.00088923711112504501
0.017000000000000001 -0.0054999999999999979 0.00035065693806072981
0.017500000000000002 -0.0054999999999999979 0.00013448800699442293
0.017999999999999995 -0.0054999999999999979 5.0167324913167039e-05
0.018500000000000003 -0.0054999999999999979 1.8200972518517643e-05
0.019000000000000003 -0.0054999999999999979 6.4225058513495096e-06
0.019500000000000003 -0.0054999999999999979 2.2041984247737098e-06
0.019999999999999997 -0.0054999999999999979 7.3575484586688465e-07
0.020499999999999997 -0.0054999999999999979 2.3886462608154641e-07
0.021000000000000005 -0.0054999999999999979 7.5423522481293902e-08
0.021500000000000005 -0.0054999999999999979 2.3163172844322385e-08
0.021999999999999999 -0.0054999999999999979 6.9187167156749333e-09
0.022499999999999999 -0.0054999999999999979 2.0099687920548259e-09
0.023000000000000007 -0.0054999999999999979 5.6792285208531035e-10
0.023500000000000007 -0.0054999999999999979 1.5607223095569888e-10
0.024 -0.0054999999999999979 4.1715571425897851e-11
0.024500000000000001 -0.0054999999999999979 1.0844437246844299e-11
0.025000000000000001 -0.0054999999999999979 2.7419031302220308e-12
-0.025000000000000001 -0.005000000000000001 3.6704670627965101e-12
-0.024500000000000001 -0.005000000000000001 1.4516978842313138e-11
-0.024 -0.005000000000000001 5.5842830199510209e-11
-0.0235 -0.005000000000000001 2.0892714145363789e-10
-0.023 -0.005000000000000001 7.6025374485779997e-10
-0.022500000000000003 -0.005000000000000001 2.6906582392240524e-09
-0.022000000000000002 -0.005000000000000001 9.2617866553323151e-09
-0.021500000000000002 -0.005000000000000001 3.100753708540529e-08
-0.021000000000000001 -0.005000000000000001 1.0096620554398168e-07
-0.020500000000000001 -0.005000000000000001 3.1975773791414543e-07
-0.02 -0.005000000000000001 9.8492317189507006e-07
-0.0195 -0.005000000000000001 2.9506650431318275e-06
-0.019 -0.005000000000000001 8.5975306451061853e-06
-0.018500000000000003 -0.005000000000000001 2.4364854251679542e-05
-0.018000000000000002 -0.005000000000000001 6.7156826837816671e-05
-0.017500000000000002 -0.005000000000000001 0.00018003327490792912
-0.017000000000000001 -0.005000000000000001 0.00046940926807606119
-0.016500000000000001 -0.005000000000000001 0.0011903832383518625
-0.016 -0.005000000000000001 0.0029360145958830823
-0.0155 -0.005000000000000001 0.0070431328767907317
-0.015000000000000001 -0.005000000000000001 0.016432733723679045
-0.014500000000000001 -0.005000000000000001 0.037289796940306728
-0.014 -0.005000000000000001 0.082301259836648197
-0.0135 -0.005000000000000001 0.17666853694655563
-0.012999999999999999 -0.005000000000000001 0.36884865668496009
-0.012500000000000001 -0.005000000000000001 0.74898559330270142
-0.012 -0.005000000000000001 1.4792275492309319
-0.0115 -0.005000000000000001 2.8414025988926968
-0.010999999999999999 -0.005000000000000001 5.3084389188186911
-0.010499999999999999 -0.005000000000000001 9.6457752863441133
-0.010000000000000002 -0.005000000000000001 17.046833530132343
-0.0095000000000000015 -0.005000000000000001 29.301278106120272
-0.0090000000000000011 -0.005000000000000001 48.985288842531048
-0.0085000000000000006 -0.005000000000000001 79.649131826491669
-0.0080000000000000002 -0.005000000000000001 125.96000926328023
-0.0074999999999999997 -0.005000000000000001 193.74057566663581
-0.0069999999999999993 -0.005000000000000001 289.83094453144463
-0.0064999999999999988 -0.005000000000000001 421.70153598393642
-0.0059999999999999984 -0.005000000000000001 596.76298548745081
-0.0054999999999999979 -0.005000000000000001 821.36243680095663
-0.005000000000000001 -0.005000000000000001 1099.5223491546417
-0.0044999999999999971 -0.005000000000000001 1431.5599822398917
-0.0040000000000000001 -0.005000000000000001 1812.8058846614324
-0.0035000000000000031 -0.005000000000000001 2232.6945865348762
-0.0029999999999999992 -0.005000000000000001 2674.5061496414196
-0.0025000000000000022 -0.005000000000000001 3115.9763063905239
-0.0019999999999999983 -0.005000000000000001 3530.8637313793092
-0.0015000000000000013 -0.005000000000000001 3891.3834860718457
-0.00099999999999999742 -0.005000000000000001 4171.2226354745953
-0.00050000000000000044 -0.005000000000000001 4348.6952494724774
0 -0.005000000000000001 4409.5151775321074
0.00050000000000000044 -0.005000000000000001 4348.6952494724774
0.0010000000000000009 -0.005000000000000001 4171.2226354745935
0.0015000000000000013 -0.005000000000000001 3891.3834860718457
0.0020000000000000018 -0.005000000000000001 3530.8637313793051
0.0024999999999999988 -0.005000000000000001 3115.9763063905266
0.0030000000000000027 -0.005000000000000001 2674.5061496414164
0.0034999999999999996 -0.005000000000000001 2232.694586534878
0.0040000000000000036 -0.005000000000000001 1812.8058846614292
0.0045000000000000005 -0.005000000000000001 1431.5599822398897
0.0049999999999999975 -0.005000000000000001 1099.522349154644
0.0055000000000000014 -0.005000000000000001 821.3624368009547
0.0059999999999999984 -0.005000000000000001 596.76298548745081
0.0064999999999999988 -0.005000000000000001 421.70153598393642
0.0069999999999999993 -0.005000000000000001 289.83094453144463
0.0074999999999999997 -0.005000000000000001 193.74057566663581
0.0080000000000000002 -0.005000000000000001 125.96000926328023
0.0085000000000000006 -0.005000000000000001 79.649131826491669
0.0090000000000000011 -0.005000000000000001 48.985288842531048
0.0095000000000000015 -0.005000000000000001 29.301278106120272
0.010000000000000002 -0.005000000000000001 17.046833530132343
0.010500000000000002 -0.005000000000000001 9.6457752863440884
0.011000000000000003 -0.005000000000000001 5.3084389188186627
0.011500000000000003 -0.005000000000000001 2.8414025988926812
0.012000000000000004 -0.005000000000000001 1.4792275492309239
0.012499999999999997 -0.005000000000000001 0.74898559330270531
0.013000000000000005 -0.005000000000000001 0.36884865668495675
0.013499999999999998 -0.005000000000000001 0.17666853694655563
0.014000000000000005 -0.005000000000000001 0.082301259836647475
0.014499999999999999 -0.005000000000000001 0.03728979694030686
0.014999999999999999 -0.005000000000000001 0.016432733723679073
0.0155 -0.005000000000000001 0.0070431328767907317
0.016000000000000007 -0.005000000000000001 0.0029360145958830406
0.016500000000000001 -0.005000000000000001 0.0011903832383518625
0.017000000000000001 -0.005000000000000001 0.00046940926807606119
0.017500000000000002 -0.005000000000000001 0.00018003327490792912
0.017999999999999995 -0.005000000000000001 6.715682683781739e-05
0.018500000000000003 -0.005000000000000001 2.4364854251679542e-05
0.019000000000000003 -0.005000000000000001 8.5975306451061243e-06
0.019500000000000003 -0.005000000000000001 2.9506650431318067e-06
0.019999999999999997 -0.005000000000000001 9.8492317189507705e-07
0.020499999999999997 -0.005000000000000001 3.1975773791414876e-07
0.021000000000000005 -0.005000000000000001 1.0096620554398096e-07
0.021500000000000005 -0.005000000000000001 3.1007537085405072e-08
0.021999999999999999 -0.005000000000000001 9.2617866553324143e-09
0.022499999999999999 -0.005000000000000001 2.6906582392240524e-09
0.023000000000000007 -0.005000000000000001 7.6025374485779191e-10
0.023500000000000007 -0.005000000000000001 2.0892714145363641e-10
0.024 -0.005000000000000001 5.5842830199510209e-11
0.024500000000000001 -0.005000000000000001 1.4516978842313138e-11
0.025000000000000001 -0.005000000000000001 3.6704670627965101e-12
-0.025000000000000001 -0.0044999999999999971 4.7788876390452306e-12
-0.024500000000000001 -0.0044999999999999971 1.8900867262640666e-11
-0.024 -0.0044999999999999971 7.2706444821334219e-11
-0.0235 -0.0044999999999999971 2.7201969576949215e-10
-0.023 -0.0044999999999999971 9.898378494290848e-10
-0.022500000000000003 -0.0044999999999999971 3.5031926946447585e-09
-0.022000000000000002 -0.0044999999999999971 1.2058693622745497e-08
-0.021500000000000002 -0.0044999999999999971 4.0371302387271836e-08
-0.021000000000000001 -0.0044999999999999971 1.3145633604128167e-07
-0.020500000000000001 -0.0044999999999999971 4.1631930625273963e-07
-0.02 -0.0044999999999999971 1.2823537416495544e-06
-0.0195 -0.0044999999999999971 3.8417172693118113e-06
-0.019 -0.0044999999999999971 1.1193843242093196e-05
-0.018500000000000003 -0.0044999999999999971 3.1722638786404725e-05
-0.018000000000000002 -0.0044999999999999971 8.743708202852618e-05
-0.017500000000000002 -0.0044999999999999971 0.00023440035759885865
-0.017000000000000001 -0.0044999999999999971 0.00061116313277929989
-0.016500000000000001 -0.0044999999999999971 0.0015498593628986634
-0.016 -0.0044999999999999971 0.0038226426283830914
-0.0155 -0.0044999999999999971 0.0091700429588936639
-0.015000000000000001 -0.0044999999999999971 0.021395148553105248
-0.014500000000000001 -0.0044999999999999971 0.048550701208245055
-0.014 -0.0044999999999999971 0.10715488426465995
-0.0135 -0.0044999999999999971 0.23001952421249777
-0.012999999999999999 -0.0044999999999999971 0.48023487364226763
-0.012500000000000001 -0.0044999999999999971 0.9751669017648581
-0.012 -0.0044999999999999971 1.925929896499051
-0.0115 -0.0044999999999999971 3.6994593671830152
-0.010999999999999999 -0.0044999999999999971 6.9115000074244355
-0.010499999999999999 -0.0044999999999999971 12.558640493506431
-0.010000000000000002 -0.0044999999999999971 22.194696382847631
-0.0095000000000000015 -0.0044999999999999971 38.149781309542171
-0.0090000000000000011 -0.0044999999999999971 63.778038963323532
-0.0085000000000000006 -0.0044999999999999971 103.70185729341517
-0.0080000000000000002 -0.0044999999999999971 163.99785667159477
-0.0074999999999999997 -0.0044999999999999971 252.24703733736271
-0.0069999999999999993 -0.0044999999999999971 377.3551143594367
-0.0064999999999999988 -0.0044999999999999971 549.04845165525001
-0.0059999999999999984 -0.0044999999999999971 776.97557449620081
-0.0054999999999999979 -0.0044999999999999971 1069.4003594772935
-0.005000000000000001 -0.0044999999999999971 1431.5599822398917
-0.0044999999999999971 -0.0044999999999999971 1863.86750967483
-0.0040000000000000001 -0.0044999999999999971 2360.2433930020093
-0.0035000000000000031 -0.0044999999999999971 2906.9315645146903
-0.0029999999999999992 -0.0044999999999999971 3482.1629401392602
-0.0025000000000000022 -0.0044999999999999971 4056.9498103116493
-0.0019999999999999983 -0.0044999999999999971 4597.1264017244057
-0.0015000000000000013 -0.0044999999999999971 5066.5171822042948
-0.00099999999999999742 -0.0044999999999999971 5430.8631439367036
-0.00050000000000000044 -0.0044999999999999971 5661.9295632215963
0 -0.0044999999999999971 5741.1161074512938
0.00050000000000000044 -0.0044999999999999971 5661.9295632215963
0.0010000000000000009 -0.0044999999999999971 5430.8631439367027
0.0015000000000000013 -0.0044999999999999971 5066.5171822042948
0.0020000000000000018 -0.0044999999999999971 4597.1264017244021
0.0024999999999999988 -0.0044999999999999971 4056.9498103116543
0.0030000000000000027 -0.0044999999999999971 3482.1629401392561
0.0034999999999999996 -0.0044999999999999971 2906.9315645146949
0.0040000000000000036 -0.0044999999999999971 2360.2433930020061
0.0045000000000000005 -0.0044999999999999971 1863.8675096748259
0.0049999999999999975 -0.0044999999999999971 1431.5599822398954
0.0055000000000000014 -0.0044999999999999971 1069.4003594772907
0.0059999999999999984 -0.0044999999999999971 776.97557449620081
0.0064999999999999988 -0.0044999999999999971 549.04845165525001
0.0069999999999999993 -0.0044999999999999971 377.3551143594367
0.0074999999999999997 -0.0044999999999999971 252.24703733736271
0.0080000000000000002 -0.0044999999999999971 163.99785667159477
0.0085000000000000006 -0.0044999999999999971 103.70185729341517
0.0090000000000000011 -0.0044999999999999971 63.778038963323532
0.0095000000000000015 -0.0044999999999999971 38.149781309542171
0.010000000000000002 -0.0044999999999999971 22.194696382847631
0.010500000000000002 -0.0044999999999999971 12.558640493506363
0.011000000000000003 -0.0044999999999999971 6.9115000074244053
0.011500000000000003 -0.0044999999999999971 3.6994593671829956
0.012000000000000004 -0.0044999999999999971 1.9259298964990408
0.012499999999999997 -0.0044999999999999971 0.9751669017648632
0.013000000000000005 -0.0044999999999999971 0.48023487364226425
0.013499999999999998 -0.0044999999999999971 0.23001952421249819
0.014000000000000005 -0.0044999999999999971 0.10715488426465919
0.014499999999999999 -0.0044999999999999971 0.048550701208245228
0.014999999999999999 -0.0044999999999999971 0.021395148553105321
0.0155 -0.0044999999999999971 0.0091700429588936639
0.016000000000000007 -0.0044999999999999971 0.0038226426283830299
0.016500000000000001 -0.0044999999999999971 0.0015498593628986634
0.017000000000000001 -0.0044999999999999971 0.00061116313277929989
0.017500000000000002 -0.0044999999999999971 0.00023440035759885865
0.017999999999999995 -0.0044999999999999971 8.7437082028527413e-05
0.018500000000000003 -0.0044999999999999971 3.1722638786404725e-05
0.019000000000000003 -0.0044999999999999971 1.1193843242093115e-05
0.019500000000000003 -0.0044999999999999971 3.8417172693117842e-06
0.019999999999999997 -0.0044999999999999971 1.2823537416495682e-06
0.020499999999999997 -0.0044999999999999971 4.163193062527426e-07
0.021000000000000005 -0.0044999999999999971 1.3145633604128027e-07
0.021500000000000005 -0.0044999999999999971 4.0371302387271691e-08
0.021999999999999999 -0.0044999999999999971 1.205869362274554e-08
0.022499999999999999 -0.0044999999999999971 3.5031926946447833e-09
0.023000000000000007 -0.0044999999999999971 9.8983784942906723e-10
0.023500000000000007 -0.0044999999999999971 2.7201969576948734e-10
0.024 -0.0044999999999999971 7.2706444821334219e-11
0.024500000000000001 -0.0044999999999999971 1.8900867262640666e-11
0.025000000000000001 -0.0044999999999999971 4.7788876390452306e-12
-0.025000000000000001 -0.0040000000000000001 6.0515771198368722e-12
-0.024500000000000001 -0.0040000000000000001 2.3934451803625561e-11
-0.024 -0.0040000000000000001 9.2069261966027963e-11
-0.0235 -0.0040000000000000001 3.4446262214118975e-10
-0.023 -0.0040000000000000001 1.253446520276492e-09
-0.022500000000000003 -0.0040000000000000001 4.4361454711932491e-09
-0.022000000000000002 -0.0040000000000000001 1.5270104663332985e-08
-0.021500000000000002 -0.0040000000000000001 5.1122785944730755e-08
-0.021000000000000001 -0.0040000000000000001 1.6646513070224439e-07
-0.020500000000000001 -0.0040000000000000001 5.2719138397000835e-07
-0.02 -0.0040000000000000001 1.6238637835088407e-06
-0.0195 -0.0040000000000000001 4.8648242193227554e-06
-0.019 -0.0040000000000000001 1.4174931650082763e-05
-0.018500000000000003 -0.0040000000000000001 4.017085346225252e-05
-0.018000000000000002 -0.0040000000000000001 0.00011072288888023358
-0.017500000000000002 -0.0040000000000000001 0.00029682468977450743
-0.017000000000000001 -0.0040000000000000001 0.00077392504494078077
-0.016500000000000001 -0.0040000000000000001 0.001962610165355616
-0.016 -0.0040000000000000001 0.0048406697153184786
-0.0155 -0.0040000000000000001 0.011612162986332265
-0.015000000000000001 -0.0040000000000000001 0.027092997625980962
-0.014500000000000001 -0.0040000000000000001 0.061480481395572377
-0.014 -0.0040000000000000001 0.13569183769810006
-0.0135 -0.0040000000000000001 0.29127717472725773
-0.012999999999999999 -0.0040000000000000001 0.60812862594566275
-0.012500000000000001 -0.0040000000000000001 1.2348684791261193
-0.012 -0.0040000000000000001 2.4388339246226587
-0.0115 -0.0040000000000000001 4.6846809034170134
-0.010999999999999999 -0.0040000000000000001 8.7521361596687655
-0.010499999999999999 -0.0040000000000000001 15.903194886989189
-0.010000000000000002 -0.0040000000000000001 28.105477039213373
-0.0095000000000000015 -0.0040000000000000001 48.309640472260504
-0.0090000000000000011 -0.0040000000000000001 80.763087666070689
-0.0085000000000000006 -0.0040000000000000001 131.31921783513548
-0.0080000000000000002 -0.0040000000000000001 207.67294652995548
-0.0074999999999999997 -0.0040000000000000001 319.42420809927034
-0.0069999999999999993 -0.0040000000000000001 477.85044315610213
-0.0064999999999999988 -0.0040000000000000001 695.26829226363202
-0.0059999999999999984 -0.0040000000000000001 983.895827739673
-0.0054999999999999979 -0.0040000000000000001 1354.1977205078279
-0.005000000000000001 -0.0040000000000000001 1812.8058846614324
-0.0044999999999999971 -0.0040000000000000001 2360.2433930020093
-0.0040000000000000001 -0.0040000000000000001 2988.8116216916678
-0.0035000000000000031 -0.0040000000000000001 3681.0910557970792
-0.0029999999999999992 -0.0040000000000000001 4409.515177532111
-0.0025000000000000022 -0.0040000000000000001 5137.3764153436787
-0.0019999999999999983 -0.0040000000000000001 5821.4101378686937
-0.0015000000000000013 -0.0040000000000000001 6415.8067259378722
-0.00099999999999999742 -0.0040000000000000001 6877.1834839328158
-0.00050000000000000044 -0.0040000000000000001 7169.786357597879
0 -0.0040000000000000001 7270.0614666722413
0.00050000000000000044 -0.0040000000000000001 7169.786357597879
0.0010000000000000009 -0.0040000000000000001 6877.1834839328139
0.0015000000000000013 -0.0040000000000000001 6415.8067259378722
0.0020000000000000018 -0.0040000000000000001 5821.4101378686892
0.0024999999999999988 -0.0040000000000000001 5137.3764153436841
0.0030000000000000027 -0.0040000000000000001 4409.5151775321065
0.0034999999999999996 -0.0040000000000000001 3681.0910557970847
0.0040000000000000036 -0.0040000000000000001 2988.8116216916624
0.0045000000000000005 -0.0040000000000000001 2360.2433930020061
0.0049999999999999975 -0.0040000000000000001 1812.8058846614356
0.0055000000000000014 -0.0040000000000000001 1354.1977205078249
0.0059999999999999984 -0.0040000000000000001 983.895827739673
0.0064999999999999988 -0.0040000000000000001 695.26829226363202
0.0069999999999999993 -0.0040000000000000001 477.85044315610213
0.0074999999999999997 -0.0040000000000000001 319.42420809927034
0.0080000000000000002 -0.0040000000000000001 207.67294652995548
0.0085000000000000006 -0.0040000000000000001 131.31921783513548
0.0090000000000000011 -0.0040000000000000001 80.763087666070689
0.0095000000000000015 -0.0040000000000000001 48.309640472260504
0.010000000000000002 -0.0040000000000000001 28.105477039213373
0.010500000000000002 -0.0040000000000000001 15.903194886989118
0.011000000000000003 -0.0040000000000000001 8.7521361596687282
0.011500000000000003 -0.0040000000000000001 4.6846809034169885
0.012000000000000004 -0.0040000000000000001 2.4388339246226458
0.012499999999999997 -0.0040000000000000001 1.2348684791261257
0.013000000000000005 -0.0040000000000000001 0.6081286259456572
0.013499999999999998 -0.0040000000000000001 0.29127717472725773
0.014000000000000005 -0.0040000000000000001 0.13569183769809884
0.014499999999999999 -0.0040000000000000001 0.061480481395572481
0.014999999999999999 -0.0040000000000000001 0.027092997625981011
0.0155 -0.0040000000000000001 0.011612162986332265
0.016000000000000007 -0.0040000000000000001 0.0048406697153184092
0.016500000000000001 -0.0040000000000000001 0.001962610165355616
0.017000000000000001 -0.0040000000000000001 0.00077392504494078077
0.017500000000000002 -0.0040000000000000001 0.00029682468977450743
0.017999999999999995 -0.0040000000000000001 0.00011072288888023476
0.018500000000000003 -0.0040000000000000001 4.017085346225252e-05
0.019000000000000003 -0.0040000000000000001 1.4174931650082663e-05
0.019500000000000003 -0.0040000000000000001 4.8648242193227207e-06
0.019999999999999997 -0.0040000000000000001 1.6238637835088523e-06
0.020499999999999997 -0.0040000000000000001 5.2719138397001386e-07
0.021000000000000005 -0.0040000000000000001 1.6646513070224261e-07
0.021500000000000005 -0.0040000000000000001 5.1122785944730391e-08
0.021999999999999999 -0.0040000000000000001 1.5270104663333147e-08
0.022499999999999999 -0.0040000000000000001 4.4361454711932648e-09
0.023000000000000007 -0.0040000000000000001 1.2534465202764697e-09
0.023500000000000007 -0.0040000000000000001 3.4446262214118365e-10
0.024 -0.0040000000000000001 9.2069261966027963e-11
0.024500000000000001 -0.0040000000000000001 2.3934451803625561e-11
0.025000000000000001 -0.0040000000000000001 6.0515771198368722e-12
-0.025000000000000001 -0.0035000000000000031 7.4532654542775226e-12
-0.024500000000000001 -0.0035000000000000031 2.9478236707961295e-11
-0.024 -0.0035000000000000031 1.133946797708035e-10
-0.0235 -0.0035000000000000031 4.2424830933394712e-10
-0.023 -0.0035000000000000031 1.5437743687901606e-09
-0.022500000000000003 -0.0035000000000000031 5.4636616432123724e-09
-0.022000000000000002 -0.0035000000000000031 1.8807021924474752e-08
-0.021500000000000002 -0.0035000000000000031 6.2964031832178002e-08
-0.021000000000000001 -0.0035000000000000031 2.0502239059927568e-07
-0.020500000000000001 -0.0035000000000000031 6.4930137253912522e-07
-0.02 -0.0035000000000000031 1.9999890277206171e-06
-0.0195 -0.0035000000000000031 5.9916325243804484e-06
-0.019 -0.0035000000000000031 1.7458180948895388e-05
-0.018500000000000003 -0.0035000000000000031 4.9475372857368973e-05
-0.018000000000000002 -0.0035000000000000031 0.00013636892769386123
-0.017500000000000002 -0.0035000000000000031 0.00036557630555861151
-0.017000000000000001 -0.0035000000000000031 0.00095318438275357074
-0.016500000000000001 -0.0035000000000000031 0.0024171970803626265
-0.016 -0.0035000000000000031 0.0059618832661796047
-0.0155 -0.0035000000000000031 0.014301814472754096
-0.015000000000000001 -0.0035000000000000031 0.033368376418210603
-0.014500000000000001 -0.0035000000000000031 0.075720814429664787
-0.014 -0.0035000000000000031 0.16712127538249849
-0.0135 -0.0035000000000000031 0.35874385487014276
-0.012999999999999999 -0.0035000000000000031 0.74898559330270276
-0.012500000000000001 -0.0035000000000000031 1.5208932140808706
-0.012 -0.0035000000000000031 3.0037255213233052
-0.0115 -0.0035000000000000031 5.7697637575001224
-0.010999999999999999 -0.0035000000000000031 10.779337815288553
-0.010499999999999999 -0.0035000000000000031 19.586750811668576
-0.010000000000000002 -0.0035000000000000031 34.615370000937276
-0.0095000000000000015 -0.0035000000000000031 59.499295358921806
-0.0090000000000000011 -0.0035000000000000031 99.469728198479842
-0.0085000000000000006 -0.0035000000000000031 161.7358533802749
-0.0080000000000000002 -0.0035000000000000031 255.77491082216733
-0.0074999999999999997 -0.0035000000000000031 393.41040663304472
-0.0069999999999999993 -0.0035000000000000031 588.5319032970699
-0.0064999999999999988 -0.0035000000000000031 856.30886652614674
-0.0059999999999999984 -0.0035000000000000031 1211.7893630507999
-0.0054999999999999979 -0.0035000000000000031 1667.8619289899211
-0.005000000000000001 -0.0035000000000000031 2232.6945865348762
-0.0044999999999999971 -0.0035000000000000031 2906.9315645146903
-0.0040000000000000001 -0.0035000000000000031 3681.0910557970792
-0.0035000000000000031 -0.0035000000000000031 4533.7187739519404
-0.0029999999999999992 -0.0035000000000000031 5430.8631439366891
-0.0025000000000000022 -0.0035000000000000031 6327.3142527734026
-0.0019999999999999983 -0.0035000000000000031 7169.7863575978718
-0.0015000000000000013 -0.0035000000000000031 7901.8592483942921
-0.00099999999999999742 -0.0035000000000000031 8470.1017715702965
-0.00050000000000000044 -0.0035000000000000031 8830.4783885948746
0 -0.0035000000000000031 8953.9795836697886
0.00050000000000000044 -0.0035000000000000031 8830.4783885948746
0.0010000000000000009 -0.0035000000000000031 8470.1017715702928
0.0015000000000000013 -0.0035000000000000031 7901.8592483942921
0.0020000000000000018 -0.0035000000000000031 7169.7863575978663
0.0024999999999999988 -0.0035000000000000031 6327.3142527734099
0.0030000000000000027 -0.0035000000000000031 5430.8631439366827
0.0034999999999999996 -0.0035000000000000031 4533.7187739519459
0.0040000000000000036 -0.0035000000000000031 3681.0910557970742
0.0045000000000000005 -0.0035000000000000031 2906.9315645146853
0.0049999999999999975 -0.0035000000000000031 2232.6945865348803
0.0055000000000000014 -0.0035000000000000031 1667.8619289899175
0.0059999999999999984 -0.0035000000000000031 1211.7893630507999
0.0064999999999999988 -0.0035000000000000031 856.30886652614674
0.0069999999999999993 -0.0035000000000000031 588.5319032970699
0.0074999999999999997 -0.0035000000000000031 393.41040663304472
0.0080000000000000002 -0.0035000000000000031 255.77491082216733
0.0085000000000000006 -0.0035000000000000031 161.7358533802749
0.0090000000000000011 -0.0035000000000000031 99.469728198479842
0.0095000000000000015 -0.0035000000000000031 59.499295358921806
0.010000000000000002 -0.0035000000000000031 34.615370000937276
0.010500000000000002 -0.0035000000000000031 19.586750811668491
0.011000000000000003 -0.0035000000000000031 10.779337815288505
0.011500000000000003 -0.0035000000000000031 5.7697637575001011
0.012000000000000004 -0.0035000000000000031 3.0037255213232945
0.012499999999999997 -0.0035000000000000031 1.5208932140808815
0.013000000000000005 -0.0035000000000000031 0.74898559330269732
0.013499999999999998 -0.0035000000000000031 0.35874385487014343
0.014000000000000005 -0.0035000000000000031 0.1671212753824973
0.014499999999999999 -0.0035000000000000031 0.075720814429664912
0.014999999999999999 -0.0035000000000000031 0.033368376418210666
0.0155 -0.0035000000000000031 0.014301814472754096
0.016000000000000007 -0.0035000000000000031 0.0059618832661795197
0.016500000000000001 -0.0035000000000000031 0.0024171970803626265
0.017000000000000001 -0.0035000000000000031 0.00095318438275357074
0.017500000000000002 -0.0035000000000000031 0.00036557630555861151
0.017999999999999995 -0.0035000000000000031 0.00013636892769386269
0.018500000000000003 -0.0035000000000000031 4.9475372857368973e-05
0.019000000000000003 -0.0035000000000000031 1.7458180948895263e-05
0.019500000000000003 -0.0035000000000000031 5.9916325243804061e-06
0.019999999999999997 -0.0035000000000000031 1.9999890277206383e-06
0.020499999999999997 -0.0035000000000000031 6.4930137253912988e-07
0.021000000000000005 -0.0035000000000000031 2.0502239059927349e-07
0.021500000000000005 -0.0035000000000000031 6.2964031832177552e-08
0.021999999999999999 -0.0035000000000000031 1.8807021924475017e-08
0.022499999999999999 -0.0035000000000000031 5.4636616432124105e-09
0.023000000000000007 -0.0035000000000000031 1.5437743687901335e-09
0.023500000000000007 -0.0035000000000000031 4.2424830933393957e-10
0.024 -0.0035000000000000031 1.133946797708035e-10
0.024500000000000001 -0.0035000000000000031 2.9478236707961295e-11
0.025000000000000001 -0.0035000000000000031 7.4532654542775226e-12
-0.025000000000000001 -0.0029999999999999992 8.9281375126690701e-12
-0.024500000000000001 -0.0029999999999999992 3.5311468855391458e-11
-0.024 -0.0029999999999999992 1.358335216167266e-10
-0.0235 -0.0029999999999999992 5.0819969696329669e-10
-0.023 -0.0029999999999999992 1.8492605607092926e-09
-0.022500000000000003 -0.0029999999999999992 6.5448255898761636e-09
-0.022000000000000002 -0.0029999999999999992 2.2528605612607913e-08
-0.021500000000000002 -0.0029999999999999992 7.5423522481294445e-08
-0.021000000000000001 -0.0029999999999999992 2.4559276838797624e-07
-0.020500000000000001 -0.0029999999999999992 7.7778686090766544e-07
-0.02 -0.0029999999999999992 2.3957521938348646e-06
-0.0195 -0.0029999999999999992 7.1772727579893227e-06
-0.019 -0.0029999999999999992 2.0912852385170611e-05
-0.018500000000000003 -0.0029999999999999992 5.9265691671783246e-05
-0.018000000000000002 -0.0029999999999999992 0.00016335397502946364
-0.017500000000000002 -0.0029999999999999992 0.00043791752050473498
-0.017000000000000001 -0.0029999999999999992 0.0011418030521465395
-0.016500000000000001 -0.0029999999999999992 0.0028955184893239027
-0.016 -0.0029999999999999992 0.0071416366371847822
-0.0155 -0.0029999999999999992 0.017131895687432872
-0.015000000000000001 -0.0029999999999999992 0.039971399793000739
-0.014500000000000001 -0.0029999999999999992 0.09070465126280354
-0.014 -0.0029999999999999992 0.20019167934656862
-0.0135 -0.0029999999999999992 0.42973304624048214
-0.012999999999999999 -0.0029999999999999992 0.89719686130014076
-0.012500000000000001 -0.0029999999999999992 1.8218516220438978
-0.012 -0.0029999999999999992 3.5981107434322044
-0.0115 -0.0029999999999999992 6.9115000074244231
-0.010999999999999999 -0.0029999999999999992 12.912381948663455
-0.010499999999999999 -0.0029999999999999992 23.462629332837956
-0.010000000000000002 -0.0029999999999999992 41.465151793690588
-0.0095000000000000015 -0.0029999999999999992 71.273174708475452
-0.0090000000000000011 -0.0029999999999999992 119.15306346618374
-0.0085000000000000006 -0.0029999999999999992 193.74057566663598
-0.0080000000000000002 -0.0029999999999999992 306.38833275425571
-0.0074999999999999997 -0.0029999999999999992 471.25950777978238
-0.0069999999999999993 -0.0029999999999999992 704.99216691839069
-0.0064999999999999988 -0.0029999999999999992 1025.7575502393408
-0.0059999999999999984 -0.0029999999999999992 1451.5814760761045
-0.0054999999999999979 -0.0029999999999999992 1997.9028984700165
-0.005000000000000001 -0.0029999999999999992 2674.5061496414196
-0.0044999999999999971 -0.0029999999999999992 3482.1629401392602
-0.0040000000000000001 -0.0029999999999999992 4409.515177532111
-0.0035000000000000031 -0.0029999999999999992 5430.8631439366891
-0.0029999999999999992 -0.0029999999999999992 6505.536836035466
-0.0025000000000000022 -0.0029999999999999992 7579.3800826201523
-0.0019999999999999983 -0.0029999999999999992 8588.5628158265481
-0.0015000000000000013 -0.0029999999999999992 9465.5002439140571
-0.00099999999999999742 -0.0029999999999999992 10146.188114027384
-0.00050000000000000044 -0.0029999999999999992 10577.877017754723
0 -0.0029999999999999992 10725.816958894884
0.00050000000000000044 -0.0029999999999999992 10577.877017754723
0.0010000000000000009 -0.0029999999999999992 10146.188114027382
0.0015000000000000013 -0.0029999999999999992 9465.5002439140571
0.0020000000000000018 -0.0029999999999999992 8588.5628158265426
0.0024999999999999988 -0.0029999999999999992 7579.3800826201596
0.0030000000000000027 -0.0029999999999999992 6505.5368360354587
0.0034999999999999996 -0.0029999999999999992 5430.8631439366973
0.0040000000000000036 -0.0029999999999999992 4409.5151775321037
0.0045000000000000005 -0.0029999999999999992 3482.1629401392543
0.0049999999999999975 -0.0029999999999999992 2674.5061496414246
0.0055000000000000014 -0.0029999999999999992 1997.9028984700119
0.0059999999999999984 -0.0029999999999999992 1451.5814760761045
0.0064999999999999988 -0.0029999999999999992 1025.7575502393408
0.0069999999999999993 -0.0029999999999999992 704.99216691839069
0.0074999999999999997 -0.0029999999999999992 471.25950777978238
0.0080000000000000002 -0.0029999999999999992 306.38833275425571
0.0085000000000000006 -0.0029999999999999992 193.74057566663598
0.0090000000000000011 -0.0029999999999999992 119.15306346618374
0.0095000000000000015 -0.0029999999999999992 71.273174708475452
0.010000000000000002 -0.0029999999999999992 41.465151793690588
0.010500000000000002 -0.0029999999999999992 23.462629332837853
0.011000000000000003 -0.0029999999999999992 12.912381948663397
0.011500000000000003 -0.0029999999999999992 6.9115000074243929
0.012000000000000004 -0.0029999999999999992 3.5981107434321848
0.012499999999999997 -0.0029999999999999992 1.8218516220439078
0.013000000000000005 -0.0029999999999999992 0.89719686130013265
0.013499999999999998 -0.0029999999999999992 0.42973304624048214
0.014000000000000005 -0.0029999999999999992 0.20019167934656684
0.014499999999999999 -0.0029999999999999992 0.090704651262803693
0.014999999999999999 -0.0029999999999999992 0.039971399793000809
0.0155 -0.0029999999999999992 0.017131895687432872
0.016000000000000007 -0.0029999999999999992 0.0071416366371846816
0.016500000000000001 -0.0029999999999999992 0.0028955184893239027
0.017000000000000001 -0.0029999999999999992 0.0011418030521465395
0.017500000000000002 -0.0029999999999999992 0.00043791752050473498
0.017999999999999995 -0.0029999999999999992 0.00016335397502946538
0.018500000000000003 -0.0029999999999999992 5.9265691671783246e-05
0.019000000000000003 -0.0029999999999999992 2.0912852385170465e-05
0.019500000000000003 -0.0029999999999999992 7.177272757989271e-06
0.019999999999999997 -0.0029999999999999992 2.395752193834882e-06
0.020499999999999997 -0.0029999999999999992 7.7778686090767359e-07
0.021000000000000005 -0.0029999999999999992 2.4559276838797359e-07
0.021500000000000005 -0.0029999999999999992 7.5423522481293902e-08
0.021999999999999999 -0.0029999999999999992 2.2528605612608075e-08
0.022499999999999999 -0.0029999999999999992 6.5448255898762108e-09
0.023000000000000007 -0.0029999999999999992 1.8492605607092597e-09
0.023500000000000007 -0.0029999999999999992 5.0819969696328594e-10
0.024 -0.0029999999999999992 1.358335216167266e-10
0.024500000000000001 -0.0029999999999999992 3.5311468855391458e-11
0.025000000000000001 -0.0029999999999999992 8.9281375126690701e-12
-0.025000000000000001 -0.0025000000000000022 1.0401869875454651e-11
-0.024500000000000001 -0.0025000000000000022 4.1140193419259454e-11
-0.024 -0.0025000000000000022 1.5825502402679199e-10
-0.0235 -0.0025000000000000022 5.9208621182822481e-10
-0.023 -0.0025000000000000022 2.1545106906129886e-09
-0.022500000000000003 -0.0025000000000000022 7.6251540757334854e-09
-0.022000000000000002 -0.0025000000000000022 2.6247313476663523e-08
-0.021500000000000002 -0.0025000000000000022 8.7873385158503571e-08
-0.021000000000000001 -0.0025000000000000022 2.861317957412023e-07
-0.020500000000000001 -0.0025000000000000022 9.0617306314105398e-07
-0.02 -0.0025000000000000022 2.7912095371227374e-06
-0.0195 -0.0025000000000000022 8.3619967975752775e-06
-0.019 -0.0025000000000000022 2.436485425167963e-05
-0.018500000000000003 -0.0025000000000000022 6.9048445095511114e-05
-0.018000000000000002 -0.0025000000000000022 0.00019031816988521907
-0.017500000000000002 -0.0025000000000000022 0.00051020283435466648
-0.017000000000000001 -0.0025000000000000022 0.0013302759679688968
-0.016500000000000001 -0.0025000000000000022 0.0033734702792358965
-0.016 -0.0025000000000000022 0.0083204783631930842
-0.0155 -0.0025000000000000022 0.019959789979451723
-0.015000000000000001 -0.0025000000000000022 0.04656932073420441
-0.014500000000000001 -0.0025000000000000022 0.10567690945567829
-0.014 -0.0025000000000000022 0.23323652842004905
-0.0135 -0.0025000000000000022 0.50066738128005239
-0.012999999999999999 -0.0025000000000000022 1.045293600223729
-0.012500000000000001 -0.0025000000000000022 2.1225774668003825
-0.012 -0.0025000000000000022 4.1920366591069991
-0.0115 -0.0025000000000000022 8.0523539897785792
-0.010999999999999999 -0.0025000000000000022 15.043777789217058
-0.010499999999999999 -0.0025000000000000022 27.335512799829708
-0.010000000000000002 -0.0025000000000000022 48.309640472260369
-0.0095000000000000015 -0.0025000000000000022 83.03795588677842
-0.0090000000000000011 -0.0025000000000000022 138.82118859373475
-0.0085000000000000006 -0.0025000000000000022 225.72056655941378
-0.0080000000000000002 -0.0025000000000000022 356.96264356870347
-0.0074999999999999997 -0.0025000000000000022 549.04845165524853
-0.0069999999999999993 -0.0025000000000000022 821.36243680095583
-0.0064999999999999988 -0.0025000000000000022 1195.0752938352762
-0.0059999999999999984 -0.0025000000000000022 1691.1882916608556
-0.0054999999999999979 -0.0025000000000000022 2327.6888314263883
-0.005000000000000001 -0.0025000000000000022 3115.9763063905239
-0.0044999999999999971 -0.0025000000000000022 4056.9498103116493
-0.0040000000000000001 -0.0025000000000000022 5137.3764153436787
-0.0035000000000000031 -0.0025000000000000022 6327.3142527734026
-0.0029999999999999992 -0.0025000000000000022 7579.3800826201523
-0.0025000000000000022 -0.0025000000000000022 8830.4783885948746
-0.0019999999999999983 -0.0025000000000000022 10006.242925876331
-0.0015000000000000013 -0.0025000000000000022 11027.932948340509
-0.00099999999999999742 -0.0025000000000000022 11820.979274147212
-0.00050000000000000044 -0.0025000000000000022 12323.925358577204
0 -0.0025000000000000022 12496.285160936737
0.00050000000000000044 -0.0025000000000000022 12323.925358577204
0.0010000000000000009 -0.0025000000000000022 11820.979274147208
0.0015000000000000013 -0.0025000000000000022 11027.932948340509
0.0020000000000000018 -0.0025000000000000022 10006.242925876324
0.0024999999999999988 -0.0025000000000000022 8830.4783885948818
0.0030000000000000027 -0.0025000000000000022 7579.3800826201441
0.0034999999999999996 -0.0025000000000000022 6327.3142527734117
0.0040000000000000036 -0.0025000000000000022 5137.3764153436714
0.0045000000000000005 -0.0025000000000000022 4056.949810311643
0.0049999999999999975 -0.0025000000000000022 3115.9763063905298
0.0055000000000000014 -0.0025000000000000022 2327.6888314263833
0.0059999999999999984 -0.0025000000000000022 1691.1882916608556
0.0064999999999999988 -0.0025000000000000022 1195.0752938352762
0.0069999999999999993 -0.0025000000000000022 821.36243680095583
0.0074999999999999997 -0.0025000000000000022 549.04845165524853
0.0080000000000000002 -0.0025000000000000022 356.96264356870347
0.0085000000000000006 -0.0025000000000000022 225.72056655941378
0.0090000000000000011 -0.0025000000000000022 138.82118859373475
0.0095000000000000015 -0.0025000000000000022 83.03795588677842
0.010000000000000002 -0.0025000000000000022 48.309640472260369
0.010500000000000002 -0.0025000000000000022 27.335512799829608
0.011000000000000003 -0.0025000000000000022 15.043777789216991
0.011500000000000003 -0.0025000000000000022 8.0523539897785419
0.012000000000000004 -0.0025000000000000022 4.192036659106984
0.012499999999999997 -0.0025000000000000022 2.1225774668003976
0.013000000000000005 -0.0025000000000000022 1.0452936002237216
0.013499999999999998 -0.0025000000000000022 0.50066738128005328
0.014000000000000005 -0.0025000000000000022 0.23323652842004741
0.014499999999999999 -0.0025000000000000022 0.10567690945567848
0.014999999999999999 -0.0025000000000000022 0.046569320734204493
0.0155 -0.0025000000000000022 0.019959789979451723
0.016000000000000007 -0.0025000000000000022 0.0083204783631929662
0.016500000000000001 -0.0025000000000000022 0.0033734702792358965
0.017000000000000001 -0.0025000000000000022 0.0013302759679688968
0.017500000000000002 -0.0025000000000000022 0.00051020283435466648
0.017999999999999995 -0.0025000000000000022 0.00019031816988522107
0.018500000000000003 -0.0025000000000000022 6.9048445095511114e-05
0.019000000000000003 -0.0025000000000000022 2.4364854251679542e-05
0.019500000000000003 -0.0025000000000000022 8.3619967975752165e-06
0.019999999999999997 -0.0025000000000000022 2.7912095371227671e-06
0.020499999999999997 -0.0025000000000000022 9.0617306314106043e-07
0.021000000000000005 -0.0025000000000000022 2.8613179574120024e-07
0.021500000000000005 -0.0025000000000000022 8.7873385158502948e-08
0.021999999999999999 -0.0025000000000000022 2.6247313476663897e-08
0.022499999999999999 -0.0025000000000000022 7.62515407573354e-09
0.023000000000000007 -0.0025000000000000022 2.1545106906129502e-09
0.023500000000000007 -0.0025000000000000022 5.9208621182821437e-10
0.024 -0.0025000000000000022 1.5825502402679199e-10
0.024500000000000001 -0.0025000000000000022 4.1140193419259454e-11
0.025000000000000001 -0.0025000000000000022 1.0401869875454651e-11
-0.025000000000000001 -0.0019999999999999983 1.178686275837386e-11
-0.024500000000000001 -0.0019999999999999983 4.6617946531903881e-11
-0.024 -0.0019999999999999983 1.7932643566601277e-10
-0.0235 -0.0019999999999999983 6.7092157501535018e-10
-0.023 -0.0019999999999999983 2.4413804561840476e-09
-0.022500000000000003 -0.0019999999999999983 8.6404315453136043e-09
-0.022000000000000002 -0.0019999999999999983 2.9742102663241441e-08
-0.021500000000000002 -0.0019999999999999983 9.9573590458103738e-08
-0.021000000000000001 -0.0019999999999999983 3.2422980171737767e-07
-0.020500000000000001 -0.0019999999999999983 1.026828604709113e-06
-0.02 -0.0019999999999999983 3.1628547691760134e-06
-0.0195 -0.0019999999999999983 9.4753837357221785e-06
-0.019 -0.0019999999999999983 2.7608996904489555e-05
-0.018500000000000003 -0.0019999999999999983 7.8242138746648408e-05
-0.018000000000000002 -0.0019999999999999983 0.00021565873979594542
-0.017500000000000002 -0.0019999999999999983 0.00057813555249930045
-0.017000000000000001 -0.0019999999999999983 0.0015074001552559304
-0.016500000000000001 -0.0019999999999999983 0.0038226426283830776
-0.016 -0.0019999999999999983 0.0094283371860282607
-0.0155 -0.0019999999999999983 0.022617405138754421
-0.015000000000000001 -0.0019999999999999983 0.052769953750336704
-0.014500000000000001 -0.0019999999999999983 0.11974762647458514
-0.014 -0.0019999999999999983 0.2642916113778559
-0.0135 -0.0019999999999999983 0.56733046859851133
-0.012999999999999999 -0.0019999999999999983 1.1844728260941741
-0.012500000000000001 -0.0019999999999999983 2.4051953730193607
-0.012 -0.0019999999999999983 4.7501998554665308
-0.0115 -0.0019999999999999983 9.1245124670641005
-0.010999999999999999 -0.0019999999999999983 17.046833530132417
-0.010499999999999999 -0.0019999999999999983 30.975194042915522
-0.010000000000000002 -0.0019999999999999983 54.741994369356483
-0.0095000000000000015 -0.0019999999999999983 94.094331258934503
-0.0090000000000000011 -0.0019999999999999983 157.30501510788895
-0.0085000000000000006 -0.0019999999999999983 255.77491082216778
-0.0080000000000000002 -0.0019999999999999983 404.49166736252192
-0.0074999999999999997 -0.0019999999999999983 622.15340365188149
-0.0069999999999999993 -0.0019999999999999983 930.72557466820274
-0.0064999999999999988 -0.0019999999999999983 1354.1977205078274
-0.0059999999999999984 -0.0019999999999999983 1916.3673965402281
-0.0054999999999999979 -0.0019999999999999983 2637.6169985517422
-0.005000000000000001 -0.0019999999999999983 3530.8637313793092
-0.0044999999999999971 -0.0019999999999999983 4597.1264017244057
-0.0040000000000000001 -0.0019999999999999983 5821.4101378686937
-0.0035000000000000031 -0.0019999999999999983 7169.7863575978718
-0.0029999999999999992 -0.0019999999999999983 8588.5628158265481
-0.0025000000000000022 -0.0019999999999999983 10006.242925876331
-0.0019999999999999983 -0.0019999999999999983 11338.558692467652
-0.0015000000000000013 -0.0019999999999999983 12496.285160936746
-0.00099999999999999742 -0.0019999999999999983 13394.924378234942
-0.00050000000000000044 -0.0019999999999999983 13964.836955782805
0 -0.0019999999999999983 14160.146199197414
0.00050000000000000044 -0.0019999999999999983 13964.836955782805
0.0010000000000000009 -0.0019999999999999983 13394.924378234939
0.0015000000000000013 -0.0019999999999999983 12496.285160936746
0.0020000000000000018 -0.0019999999999999983 11338.558692467641
0.0024999999999999988 -0.0019999999999999983 10006.242925876342
0.0030000000000000027 -0.0019999999999999983 8588.562815826539
0.0034999999999999996 -0.0019999999999999983 7169.7863575978809
0.0040000000000000036 -0.0019999999999999983 5821.4101378686837
0.0045000000000000005 -0.0019999999999999983 4597.1264017243975
0.0049999999999999975 -0.0019999999999999983 3530.8637313793161
0.0055000000000000014 -0.0019999999999999983 2637.6169985517363
0.0059999999999999984 -0.0019999999999999983 1916.3673965402281
0.0064999999999999988 -0.0019999999999999983 1354.1977205078274
0.0069999999999999993 -0.0019999999999999983 930.72557466820274
0.0074999999999999997 -0.0019999999999999983 622.15340365188149
0.0080000000000000002 -0.0019999999999999983 404.49166736252192
0.0085000000000000006 -0.0019999999999999983 255.77491082216778
0.0090000000000000011 -0.0019999999999999983 157.30501510788895
0.0095000000000000015 -0.0019999999999999983 94.094331258934503
0.010000000000000002 -0.0019999999999999983 54.741994369356483
0.010500000000000002 -0.0019999999999999983 30.975194042915408
0.011000000000000003 -0.0019999999999999983 17.046833530132343
0.011500000000000003 -0.0019999999999999983 9.1245124670640596
0.012000000000000004 -0.0019999999999999983 4.7501998554665059
0.012499999999999997 -0.0019999999999999983 2.4051953730193736
0.013000000000000005 -0.0019999999999999983 1.1844728260941637
0.013499999999999998 -0.0019999999999999983 0.56733046859851133
0.014000000000000005 -0.0019999999999999983 0.26429161137785356
0.014499999999999999 -0.0019999999999999983 0.11974762647458535
0.014999999999999999 -0.0019999999999999983 0.052769953750336794
0.0155 -0.0019999999999999983 0.022617405138754421
0.016000000000000007 -0.0019999999999999983 0.0094283371860281254
0.016500000000000001 -0.0019999999999999983 0.0038226426283830776
0.017000000000000001 -0.0019999999999999983 0.0015074001552559304
0.017500000000000002 -0.0019999999999999983 0.00057813555249930045
0.017999999999999995 -0.0019999999999999983 0.00021565873979594776
0.018500000000000003 -0.0019999999999999983 7.8242138746648408e-05
0.019000000000000003 -0.0019999999999999983 2.7608996904489359e-05
0.019500000000000003 -0.0019999999999999983 9.4753837357221124e-06
0.019999999999999997 -0.0019999999999999983 3.1628547691760359e-06
0.020499999999999997 -0.0019999999999999983 1.0268286047091238e-06
0.021000000000000005 -0.0019999999999999983 3.2422980171737418e-07
0.021500000000000005 -0.0019999999999999983 9.9573590458103036e-08
0.021999999999999999 -0.0019999999999999983 2.9742102663241649e-08
0.022499999999999999 -0.0019999999999999983 8.6404315453136672e-09
0.023000000000000007 -0.0019999999999999983 2.4413804561840042e-09
0.023500000000000007 -0.0019999999999999983 6.7092157501533591e-10
0.024 -0.0019999999999999983 1.7932643566601277e-10
0.024500000000000001 -0.0019999999999999983 4.6617946531903881e-11
0.025000000000000001 -0.0019999999999999983 1.178686275837386e-11
-0.025000000000000001 -0.0015000000000000013 1.2990363429464199e-11
-0.024500000000000001 -0.0015000000000000013 5.1377884022152945e-11
-0.024 -0.0015000000000000013 1.9763660776969307e-10
-0.0235 -0.0015000000000000013 7.3942619599316837e-10
-0.023 -0.0015000000000000013 2.6906582392240619e-09
-0.022500000000000003 -0.0015000000000000013 9.5226650434433233e-09
-0.022000000000000002 -0.0015000000000000013 3.2778927749663828e-08
-0.021500000000000002 -0.0015000000000000013 1.0974057767054632e-07
-0.021000000000000001 -0.0015000000000000013 3.5733536949682054e-07
-0.020500000000000001 -0.0015000000000000013 1.1316732050234942e-06
-0.02 -0.0015000000000000013 3.4857988735824366e-06
-0.0195 -0.0015000000000000013 1.0442870243247563e-05
-0.019 -0.0015000000000000013 3.0428020675600908e-05
-0.018500000000000003 -0.0015000000000000013 8.6231072563853738e-05
-0.018000000000000002 -0.0015000000000000013 0.00023767863121162565
-0.017500000000000002 -0.0015000000000000013 0.00063716623264527727
-0.017000000000000001 -0.0015000000000000013 0.0016613136380580734
-0.016500000000000001 -0.0015000000000000013 0.0042129545428345348
-0.016 -0.0015000000000000013 0.010391019993426643
-0.0155 -0.0015000000000000013 0.024926761141349375
-0.015000000000000001 -0.0015000000000000013 0.058158043529087822
-0.014500000000000001 -0.0015000000000000013 0.13197448885331711
-0.014 -0.0015000000000000013 0.29127717472725723
-0.0135 -0.0015000000000000013 0.62525789285762801
-0.012999999999999999 -0.0015000000000000013 1.305413730414102
-0.012500000000000001 -0.0015000000000000013 2.6507784687821156
-0.012 -0.0015000000000000013 5.2352202405393715
-0.0115 -0.0015000000000000013 10.056173172936171
-0.010999999999999999 -0.0015000000000000013 18.787404877576368
-0.010499999999999999 -0.0015000000000000013 34.137924243648371
-0.010000000000000002 -0.0015000000000000013 60.331439865660315
-0.0095000000000000015 -0.0015000000000000013 103.7018572934149
-0.0090000000000000011 -0.0015000000000000013 173.36668436875499
-0.0085000000000000006 -0.0015000000000000013 281.89087425814313
-0.0080000000000000002 -0.0015000000000000013 445.79239369662633
-0.0074999999999999997 -0.0015000000000000013 685.67853787678223
-0.0069999999999999993 -0.0015000000000000013 1025.7575502393399
-0.0064999999999999988 -0.0015000000000000013 1492.4684290780385
-0.0059999999999999984 -0.0015000000000000013 2112.0385853095468
-0.0054999999999999979 -0.0015000000000000013 2906.931564514693
-0.005000000000000001 -0.0015000000000000013 3891.3834860718457
-0.0044999999999999971 -0.0015000000000000013 5066.5171822042948
-0.0040000000000000001 -0.0015000000000000013 6415.8067259378722
-0.0035000000000000031 -0.0015000000000000013 7901.8592483942921
-0.0029999999999999992 -0.0015000000000000013 9465.5002439140571
-0.0025000000000000022 -0.0015000000000000013 11027.932948340509
-0.0019999999999999983 -0.0015000000000000013 12496.285160936746
-0.0015000000000000013 -0.0015000000000000013 13772.221589961437
-0.00099999999999999742 -0.0015000000000000013 14762.616597011078
-0.00050000000000000044 -0.0015000000000000013 15390.720245720295
0 -0.0015000000000000013 15605.971589958353
0.00050000000000000044 -0.0015000000000000013 15390.720245720295
0.0010000000000000009 -0.0015000000000000013 14762.616597011072
0.0015000000000000013 -0.0015000000000000013 13772.221589961437
0.0020000000000000018 -0.0015000000000000013 12496.285160936737
0.0024999999999999988 -0.0015000000000000013 11027.932948340522
0.0030000000000000027 -0.0015000000000000013 9465.5002439140444
0.0034999999999999996 -0.0015000000000000013 7901.859248394303
0.0040000000000000036 -0.0015000000000000013 6415.8067259378613
0.0045000000000000005 -0.0015000000000000013 5066.5171822042867
0.0049999999999999975 -0.0015000000000000013 3891.3834860718539
0.0055000000000000014 -0.0015000000000000013 2906.9315645146867
0.0059999999999999984 -0.0015000000000000013 2112.0385853095468
0.0064999999999999988 -0.0015000000000000013 1492.4684290780385
0.0069999999999999993 -0.0015000000000000013 1025.7575502393399
0.0074999999999999997 -0.0015000000000000013 685.67853787678223
0.0080000000000000002 -0.0015000000000000013 445.79239369662633
0.0085000000000000006 -0.0015000000000000013 281.89087425814313
0.0090000000000000011 -0.0015000000000000013 173.36668436875499
0.0095000000000000015 -0.0015000000000000013 103.7018572934149
0.010000000000000002 -0.0015000000000000013 60.331439865660315
0.010500000000000002 -0.0015000000000000013 34.13792424364825
0.011000000000000003 -0.0015000000000000013 18.787404877576282
0.011500000000000003 -0.0015000000000000013 10.056173172936125
0.012000000000000004 -0.0015000000000000013 5.2352202405393431
0.012499999999999997 -0.0015000000000000013 2.6507784687821299
0.013000000000000005 -0.0015000000000000013 1.3054137304140903
0.013499999999999998 -0.0015000000000000013 0.62525789285762801
0.014000000000000005 -0.0015000000000000013 0.29127717472725462
0.014499999999999999 -0.0015000000000000013 0.13197448885331736
0.014999999999999999 -0.0015000000000000013 0.058158043529087926
0.0155 -0.0015000000000000013 0.024926761141349375
0.016000000000000007 -0.0015000000000000013 0.010391019993426493
0.016500000000000001 -0.0015000000000000013 0.0042129545428345348
0.017000000000000001 -0.0015000000000000013 0.0016613136380580734
0.017500000000000002 -0.0015000000000000013 0.00063716623264527727
0.017999999999999995 -0.0015000000000000013 0.0002376786312116282
0.018500000000000003 -0.0015000000000000013 8.6231072563853738e-05
0.019000000000000003 -0.0015000000000000013 3.0428020675600799e-05
0.019500000000000003 -0.0015000000000000013 1.044287024324749e-05
0.019999999999999997 -0.0015000000000000013 3.4857988735824738e-06
0.020499999999999997 -0.0015000000000000013 1.1316732050235022e-06
0.021000000000000005 -0.0015000000000000013 3.57335369496818e-07
0.021500000000000005 -0.0015000000000000013 1.0974057767054552e-07
0.021999999999999999 -0.0015000000000000013 3.2778927749664172e-08
0.022499999999999999 -0.0015000000000000013 9.5226650434433912e-09
0.023000000000000007 -0.0015000000000000013 2.6906582392240139e-09
0.023500000000000007 -0.0015000000000000013 7.3942619599315524e-10
0.024 -0.0015000000000000013 1.9763660776969307e-10
0.024500000000000001 -0.0015000000000000013 5.1377884022152945e-11
0.025000000000000001 -0.0015000000000000013 1.2990363429464199e-11
-0.025000000000000001 -0.00099999999999999742 1.3924533054623216e-11
-0.024500000000000001 -0.00099999999999999742 5.5072596561878448e-11
-0.024 -0.00099999999999999742 2.1184915207612507e-10
-0.0235 -0.00099999999999999742 7.9260018886060167e-10
-0.023 -0.00099999999999999742 2.8841502236796989e-09
-0.022500000000000003 -0.00099999999999999742 1.0207463777709007e-08
-0.022000000000000002 -0.00099999999999999742 3.5136142681739381e-08
-0.021500000000000002 -0.00099999999999999742 1.1763229793410033e-07
-0.021000000000000001 -0.00099999999999999742 3.8303225242018687e-07
-0.020500000000000001 -0.00099999999999999742 1.2130546644014142e-06
-0.02 -0.00099999999999999742 3.7364714159478569e-06
-0.0195 -0.00099999999999999742 1.1193843242093196e-05
-0.019 -0.00099999999999999742 3.2616175981894165e-05
-0.018500000000000003 -0.00099999999999999742 9.2432165333231493e-05
-0.018000000000000002 -0.00099999999999999742 0.00025477069788342333
-0.017500000000000002 -0.00099999999999999742 0.0006829864549928829
-0.017000000000000001 -0.00099999999999999742 0.0017807828697668868
-0.016500000000000001 -0.00099999999999999742 0.0045159186737044558
-0.016 -0.00099999999999999742 0.01113826431072288
-0.0155 -0.00099999999999999742 0.026719307072668536
-0.015000000000000001 -0.00099999999999999742 0.062340334349398771
-0.014500000000000001 -0.00099999999999999742 0.14146510545169697
-0.014 -0.00099999999999999742 0.31222364713427053
-0.0135 -0.00099999999999999742 0.67022175661479733
-0.012999999999999999 -0.00099999999999999742 1.3992893068627512
-0.012500000000000001 -0.00099999999999999742 2.8414025988926914
-0.012 -0.00099999999999999742 5.6116980624482702
-0.0115 -0.00099999999999999742 10.779337815288571
-0.010999999999999999 -0.00099999999999999742 20.138454297209158
-0.010499999999999999 -0.00099999999999999742 36.592868023132155
-0.010000000000000002 -0.00099999999999999742 64.670025069271801
-0.0095000000000000015 -0.00099999999999999742 111.15931802437164
-0.0090000000000000011 -0.00099999999999999742 185.83391759369226
-0.0085000000000000006 -0.00099999999999999742 302.16235424954976
-0.0080000000000000002 -0.00099999999999999742 477.85044315610213
-0.0074999999999999997 -0.00099999999999999742 734.98740180395362
-0.0069999999999999993 -0.00099999999999999742 1099.5223491546435
-0.0064999999999999988 -0.00099999999999999742 1599.7955782008432
-0.0059999999999999984 -0.00099999999999999742 2263.920578779027
-0.0054999999999999979 -0.00099999999999999742 3115.9763063905316
-0.005000000000000001 -0.00099999999999999742 4171.2226354745953
-0.0044999999999999971 -0.00099999999999999742 5430.8631439367036
-0.0040000000000000001 -0.00099999999999999742 6877.1834839328158
-0.0035000000000000031 -0.00099999999999999742 8470.1017715702965
-0.0029999999999999992 -0.00099999999999999742 10146.188114027384
-0.0025000000000000022 -0.00099999999999999742 11820.979274147212
-0.0019999999999999983 -0.00099999999999999742 13394.924378234942
-0.0015000000000000013 -0.00099999999999999742 14762.616597011078
-0.00099999999999999742 -0.00099999999999999742 15824.233393775736
-0.00050000000000000044 -0.00099999999999999742 16497.505551685001
0 -0.00099999999999999742 16728.236160121764
0.00050000000000000044 -0.00099999999999999742 16497.505551685001
0.0010000000000000009 -0.00099999999999999742 15824.233393775728
0.0015000000000000013 -0.00099999999999999742 14762.616597011078
0.0020000000000000018 -0.00099999999999999742 13394.924378234931
0.0024999999999999988 -0.00099999999999999742 11820.979274147223
0.0030000000000000027 -0.00099999999999999742 10146.188114027374
0.0034999999999999996 -0.00099999999999999742 8470.1017715703092
0.0040000000000000036 -0.00099999999999999742 6877.1834839328039
0.0045000000000000005 -0.00099999999999999742 5430.8631439366955
0.0049999999999999975 -0.00099999999999999742 4171.2226354746035
0.0055000000000000014 -0.00099999999999999742 3115.9763063905248
0.0059999999999999984 -0.00099999999999999742 2263.920578779027
0.0064999999999999988 -0.00099999999999999742 1599.7955782008432
0.0069999999999999993 -0.00099999999999999742 1099.5223491546435
0.0074999999999999997 -0.00099999999999999742 734.98740180395362
0.0080000000000000002 -0.00099999999999999742 477.85044315610213
0.0085000000000000006 -0.00099999999999999742 302.16235424954976
0.0090000000000000011 -0.00099999999999999742 185.83391759369226
0.0095000000000000015 -0.00099999999999999742 111.15931802437164
0.010000000000000002 -0.00099999999999999742 64.670025069271801
0.010500000000000002 -0.00099999999999999742 36.592868023132027
0.011000000000000003 -0.00099999999999999742 20.138454297209069
0.011500000000000003 -0.00099999999999999742 10.779337815288523
0.012000000000000004 -0.00099999999999999742 5.6116980624482391
0.012499999999999997 -0.00099999999999999742 2.8414025988927065
0.013000000000000005 -0.00099999999999999742 1.399289306862739
0.013499999999999998 -0.00099999999999999742 0.67022175661479733
0.014000000000000005 -0.00099999999999999742 0.31222364713426776
0.014499999999999999 -0.00099999999999999742 0.14146510545169724
0.014999999999999999 -0.00099999999999999742 0.062340334349398889
0.0155 -0.00099999999999999742 0.026719307072668536
0.016000000000000007 -0.00099999999999999742 0.011138264310722703
0.016500000000000001 -0.00099999999999999742 0.0045159186737044558
0.017000000000000001 -0.00099999999999999742 0.0017807828697668868
0.017500000000000002 -0.00099999999999999742 0.0006829864549928829
0.017999999999999995 -0.00099999999999999742 0.00025477069788342604
0.018500000000000003 -0.00099999999999999742 9.2432165333231493e-05
0.019000000000000003 -0.00099999999999999742 3.2616175981893928e-05
0.019500000000000003 -0.00099999999999999742 1.1193843242093115e-05
0.019999999999999997 -0.00099999999999999742 3.7364714159478835e-06
0.020499999999999997 -0.00099999999999999742 1.2130546644014273e-06
0.021000000000000005 -0.00099999999999999742 3.8303225242018411e-07
0.021500000000000005 -0.00099999999999999742 1.1763229793409949e-07
0.021999999999999999 -0.00099999999999999742 3.5136142681739633e-08
0.022499999999999999 -0.00099999999999999742 1.0207463777709081e-08
0.023000000000000007 -0.00099999999999999742 2.8841502236796476e-09
0.023500000000000007 -0.00099999999999999742 7.9260018886058761e-10
0.024 -0.00099999999999999742 2.1184915207612507e-10
0.024500000000000001 -0.00099999999999999742 5.5072596561878448e-11
0.025000000000000001 -0.00099999999999999742 1.3924533054623216e-11
-0.025000000000000001 -0.00050000000000000044 1.4516978842313138e-11
-0.024500000000000001 -0.00050000000000000044 5.7415765106363606e-11
-0.024 -0.00050000000000000044 2.2086267786408751e-10
-0.0235 -0.00050000000000000044 8.2632287394962091e-10
-0.023 -0.00050000000000000044 3.0068618898002951e-09
-0.022500000000000003 -0.00050000000000000044 1.0641759771289477e-08
-0.022000000000000002 -0.00050000000000000044 3.6631076813161268e-08
-0.021500000000000002 -0.00050000000000000044 1.2263718816158345e-07
-0.021000000000000001 -0.00050000000000000044 3.993290893486179e-07
-0.020500000000000001 -0.00050000000000000044 1.2646663861979795e-06
-0.02 -0.00050000000000000044 3.8954467110272945e-06
-0.0195 -0.00050000000000000044 1.1670106629226174e-05
-0.019 -0.00050000000000000044 3.4003893329055802e-05
-0.018500000000000003 -0.00050000000000000044 9.6364867908170219e-05
-0.018000000000000002 -0.00050000000000000044 0.0002656104026114566
-0.017500000000000002 -0.00050000000000000044 0.00071204541493951419
-0.017000000000000001 -0.00050000000000000044 0.0018565496696908213
-0.016500000000000001 -0.00050000000000000044 0.0047080570373602684
-0.016 -0.00050000000000000044 0.011612162986332265
-0.0155 -0.00050000000000000044 0.027856130897431615
-0.015000000000000001 -0.00050000000000000044 0.064992722644474976
-0.014500000000000001 -0.00050000000000000044 0.14748400788104238
-0.014 -0.00050000000000000044 0.32550779704696547
-0.0135 -0.00050000000000000044 0.69873761814975621
-0.012999999999999999 -0.00050000000000000044 1.4588247363352087
-0.012500000000000001 -0.00050000000000000044 2.9622954858743724
-0.012 -0.00050000000000000044 5.850458447866111
-0.0115 -0.00050000000000000044 11.237965279326536
-0.010999999999999999 -0.00050000000000000044 20.99528320286548
-0.010499999999999999 -0.00050000000000000044 38.149781309542199
-0.010000000000000002 -0.00050000000000000044 67.421534494528444
-0.0095000000000000015 -0.00050000000000000044 115.88880298933863
-0.0090000000000000011 -0.00050000000000000044 193.74057566663561
-0.0085000000000000006 -0.00050000000000000044 315.01842728778973
-0.0080000000000000002 -0.00050000000000000044 498.18150065605988
-0.0074999999999999997 -0.00050000000000000044 766.25884110434436
-0.0069999999999999993 -0.00050000000000000044 1146.3036222984026
-0.0064999999999999988 -0.00050000000000000044 1667.8619289899218
-0.0059999999999999984 -0.00050000000000000044 2360.2433930020093
-0.0054999999999999979 -0.00050000000000000044 3248.5514548727888
-0.005000000000000001 -0.00050000000000000044 4348.6952494724774
-0.0044999999999999971 -0.00050000000000000044 5661.9295632215963
-0.0040000000000000001 -0.00050000000000000044 7169.786357597879
-0.0035000000000000031 -0.00050000000000000044 8830.4783885948746
-0.0029999999999999992 -0.00050000000000000044 10577.877017754723
-0.0025000000000000022 -0.00050000000000000044 12323.925358577204
-0.0019999999999999983 -0.00050000000000000044 13964.836955782805
-0.0015000000000000013 -0.00050000000000000044 15390.720245720295
-0.00099999999999999742 -0.00050000000000000044 16497.505551685001
-0.00050000000000000044 -0.00050000000000000044 17199.423356263895
0 -0.00050000000000000044 17439.97083802224
0.00050000000000000044 -0.00050000000000000044 17199.423356263895
0.0010000000000000009 -0.00050000000000000044 16497.505551684997
0.0015000000000000013 -0.00050000000000000044 15390.720245720295
0.0020000000000000018 -0.00050000000000000044 13964.836955782794
0.0024999999999999988 -0.00050000000000000044 12323.925358577215
0.0030000000000000027 -0.00050000000000000044 10577.877017754709
0.0034999999999999996 -0.00050000000000000044 8830.4783885948855
0.0040000000000000036 -0.00050000000000000044 7169.7863575978663
0.0045000000000000005 -0.00050000000000000044 5661.9295632215872
0.0049999999999999975 -0.00050000000000000044 4348.6952494724865
0.0055000000000000014 -0.00050000000000000044 3248.551454872782
0.0059999999999999984 -0.00050000000000000044 2360.2433930020093
0.0064999999999999988 -0.00050000000000000044 1667.8619289899218
0.0069999999999999993 -0.00050000000000000044 1146.3036222984026
0.0074999999999999997 -0.00050000000000000044 766.25884110434436
0.0080000000000000002 -0.00050000000000000044 498.18150065605988
0.0085000000000000006 -0.00050000000000000044 315.01842728778973
0.0090000000000000011 -0.00050000000000000044 193.74057566663561
0.0095000000000000015 -0.00050000000000000044 115.88880298933863
0.010000000000000002 -0.00050000000000000044 67.421534494528444
0.010500000000000002 -0.00050000000000000044 38.149781309542071
0.011000000000000003 -0.00050000000000000044 20.995283202865387
0.011500000000000003 -0.00050000000000000044 11.237965279326486
0.012000000000000004 -0.00050000000000000044 5.850458447866079
0.012499999999999997 -0.00050000000000000044 2.9622954858743884
0.013000000000000005 -0.00050000000000000044 1.4588247363351985
0.013499999999999998 -0.00050000000000000044 0.69873761814975743
0.014000000000000005 -0.00050000000000000044 0.3255077970469632
0.014499999999999999 -0.00050000000000000044 0.14748400788104263
0.014999999999999999 -0.00050000000000000044 0.064992722644475087
0.0155 -0.00050000000000000044 0.027856130897431615
0.016000000000000007 -0.00050000000000000044 0.011612162986332098
0.016500000000000001 -0.00050000000000000044 0.0047080570373602684
0.017000000000000001 -0.00050000000000000044 0.0018565496696908213
0.017500000000000002 -0.00050000000000000044 0.00071204541493951419
0.017999999999999995 -0.00050000000000000044 0.00026561040261146045
0.018500000000000003 -0.00050000000000000044 9.6364867908170219e-05
0.019000000000000003 -0.00050000000000000044 3.4003893329055565e-05
0.019500000000000003 -0.00050000000000000044 1.1670106629226091e-05
0.019999999999999997 -0.00050000000000000044 3.895446711027336e-06
0.020499999999999997 -0.00050000000000000044 1.2646663861979884e-06
0.021000000000000005 -0.00050000000000000044 3.9932908934861366e-07
0.021500000000000005 -0.00050000000000000044 1.2263718816158258e-07
0.021999999999999999 -0.00050000000000000044 3.6631076813161651e-08
0.022499999999999999 -0.00050000000000000044 1.0641759771289515e-08
0.023000000000000007 -0.00050000000000000044 3.0068618898002413e-09
0.023500000000000007 -0.00050000000000000044 8.2632287394960634e-10
0.024 -0.00050000000000000044 2.2086267786408751e-10
0.024500000000000001 -0.00050000000000000044 5.7415765106363606e-11
0.025000000000000001 -0.00050000000000000044 1.4516978842313138e-11
-0.025000000000000001 0 1.4720010224873229e-11
-0.024500000000000001 0 5.8218769801549e-11
-0.024 0 2.2395161636360281e-10
-0.0235 0 8.3787965014674659e-10
-0.023 0 3.0489152215082564e-09
-0.022500000000000003 0 1.0790593163051344e-08
-0.022000000000000002 0 3.7143391272720964e-08
-0.021500000000000002 0 1.2435236582603945e-07
-0.021000000000000001 0 4.0491402117138644e-07
-0.020500000000000001 0 1.2823537416495498e-06
-0.02 0 3.9499276013020373e-06
-0.0195 0 1.1833322261713568e-05
-0.019 0 3.4479464558442699e-05
-0.018500000000000003 0 9.7712606482024475e-05
-0.018000000000000002 0 0.00026932517328449428
-0.017500000000000002 0 0.00072200393086841613
-0.017000000000000001 0 0.0018825149790243272
-0.016500000000000001 0 0.00477390292305382
-0.016 0 0.011774568231337885
-0.0155 0 0.028245720827286318
-0.015000000000000001 0 0.065901697058379019
-0.014500000000000001 0 0.1495466878884214
-0.014 0 0.33006027995586723
-0.0135 0 0.70851001405944458
-0.012999999999999999 0 1.4792275492309346
-0.012500000000000001 0 3.0037255213233052
-0.012 0 5.9322817170313265
-0.0115 0 11.395137074684742
-0.010999999999999999 0 21.288918774165804
-0.010499999999999999 0 38.683336047602666
-0.010000000000000002 0 68.364477755067242
-0.0095000000000000015 0 117.50959917218988
-0.0090000000000000011 0 196.45019020577948
-0.0085000000000000006 0 319.42420809927012
-0.0080000000000000002 0 505.14896130628972
-0.0074999999999999997 0 776.9755744961991
-0.0069999999999999993 0 1162.3355812753252
-0.0064999999999999988 0 1691.1882916608556
-0.0059999999999999984 0 2393.253255760962
-0.0054999999999999979 0 3293.9850055009538
-0.005000000000000001 0 4409.5151775321074
-0.0044999999999999971 0 5741.1161074512938
-0.0040000000000000001 0 7270.0614666722413
-0.0035000000000000031 0 8953.9795836697886
-0.0029999999999999992 0 10725.816958894884
-0.0025000000000000022 0 12496.285160936737
-0.0019999999999999983 0 14160.146199197414
-0.0015000000000000013 0 15605.971589958353
-0.00099999999999999742 0 16728.236160121764
-0.00050000000000000044 0 17439.97083802224
0 0 17683.882565766151
0.00050000000000000044 0 17439.97083802224
0.0010000000000000009 0 16728.236160121756
0.0015000000000000013 0 15605.971589958353
0.0020000000000000018 0 14160.146199197403
0.0024999999999999988 0 12496.285160936748
0.0030000000000000027 0 10725.816958894869
0.0034999999999999996 0 8953.9795836698013
0.0040000000000000036 0 7270.0614666722295
0.0045000000000000005 0 5741.1161074512847
0.0049999999999999975 0 4409.5151775321156
0.0055000000000000014 0 3293.9850055009465
0.0059999999999999984 0 2393.253255760962
0.0064999999999999988 0 1691.1882916608556
0.0069999999999999993 0 1162.3355812753252
0.0074999999999999997 0 776.9755744961991
0.0080000000000000002 0 505.14896130628972
0.0085000000000000006 0 319.42420809927012
0.0090000000000000011 0 196.45019020577948
0.0095000000000000015 0 117.50959917218988
0.010000000000000002 0 68.364477755067242
0.010500000000000002 0 38.683336047602523
0.011000000000000003 0 21.288918774165715
0.011500000000000003 0 11.395137074684689
0.012000000000000004 0 5.9322817170312954
0.012499999999999997 0 3.0037255213233212
0.013000000000000005 0 1.4792275492309213
0.013499999999999998 0 0.70851001405944458
0.014000000000000005 0 0.33006027995586429
0.014499999999999999 0 0.14954668788842168
0.014999999999999999 0 0.06590169705837913
0.0155 0 0.028245720827286318
0.016000000000000007 0 0.011774568231337717
0.016500000000000001 0 0.00477390292305382
0.017000000000000001 0 0.0018825149790243272
0.017500000000000002 0 0.00072200393086841613
0.017999999999999995 0 0.00026932517328449721
0.018500000000000003 0 9.7712606482024475e-05
0.019000000000000003 0 3.4479464558442455e-05
0.019500000000000003 0 1.1833322261713485e-05
0.019999999999999997 0 3.9499276013020661e-06
0.020499999999999997 0 1.2823537416495635e-06
0.021000000000000005 0 4.049140211713821e-07
0.021500000000000005 0 1.2435236582603858e-07
0.021999999999999999 0 3.7143391272721229e-08
0.022499999999999999 0 1.0790593163051422e-08
0.023000000000000007 0 3.0489152215082022e-09
0.023500000000000007 0 8.3787965014672881e-10
0.024 0 2.2395161636360281e-10
0.024500000000000001 0 5.8218769801549e-11
0.025000000000000001 0 1.4720010224873229e-11
-0.025000000000000001 0.00050000000000000044 1.4516978842313138e-11
-0.024500000000000001 0.00050000000000000044 5.7415765106363606e-11
-0.024 0.00050000000000000044 2.2086267786408751e-10
-0.0235 0.00050000000000000044 8.2632287394962091e-10
-0.023 0.00050000000000000044 3.0068618898002951e-09
-0.022500000000000003 0.00050000000000000044 1.0641759771289477e-08
-0.022000000000000002 0.00050000000000000044 3.6631076813161268e-08
-0.021500000000000002 0.00050000000000000044 1.2263718816158345e-07
-0.021000000000000001 0.00050000000000000044 3.993290893486179e-07
-0.020500000000000001 0.00050000000000000044 1.2646663861979795e-06
-0.02 0.00050000000000000044 3.8954467110272945e-06
-0.0195 0.00050000000000000044 1.1670106629226174e-05
-0.019 0.00050000000000000044 3.4003893329055802e-05
-0.018500000000000003 0.00050000000000000044 9.6364867908170219e-05
-0.018000000000000002 0.00050000000000000044 0.0002656104026114566
-0.017500000000000002 0.00050000000000000044 0.00071204541493951419
-0.017000000000000001 0.00050000000000000044 0.0018565496696908213
-0.016500000000000001 0.00050000000000000044 0.0047080570373602684
-0.016 0.00050000000000000044 0.011612162986332265
-0.0155 0.00050000000000000044 0.027856130897431615
-0.015000000000000001 0.00050000000000000044 0.064992722644474976
-0.014500000000000001 0.00050000000000000044 0.14748400788104238
-0.014 0.00050000000000000044 0.32550779704696547
-0.0135 0.00050000000000000044 0.69873761814975621
-0.012999999999999999 0.00050000000000000044 1.4588247363352087
-0.012500000000000001 0.00050000000000000044 2.9622954858743724
-0.012 0.00050000000000000044 5.850458447866111
-0.0115 0.00050000000000000044 11.237965279326536
-0.010999999999999999 0.00050000000000000044 20.99528320286548
-0.010499999999999999 0.00050000000000000044 38.149781309542199
-0.010000000000000002 0.00050000000000000044 67.421534494528444
-0.0095000000000000015 0.00050000000000000044 115.88880298933863
-0.0090000000000000011 0.00050000000000000044 193.74057566663561
-0.0085000000000000006 0.00050000000000000044 315.01842728778973
-0.0080000000000000002 0.00050000000000000044 498.18150065605988
-0.0074999999999999997 0.00050000000000000044 766.25884110434436
-0.0069999999999999993 0.00050000000000000044 1146.3036222984026
-0.0064999999999999988 0.00050000000000000044 1667.8619289899218
-0.0059999999999999984 0.00050000000000000044 2360.2433930020093
-0.0054999999999999979 0.00050000000000000044 3248.5514548727888
-0.005000000000000001 0.00050000000000000044 4348.6952494724774
-0.0044999999999999971 0.00050000000000000044 5661.9295632215963
-0.0040000000000000001 0.00050000000000000044 7169.786357597879
-0.0035000000000000031 0.00050000000000000044 8830.4783885948746
-0.0029999999999999992 0.00050000000000000044 10577.877017754723
-0.0025000000000000022 0.00050000000000000044 12323.925358577204
-0.0019999999999999983 0.00050000000000000044 13964.836955782805
-0.0015000000000000013 0.00050000000000000044 15390.720245720295
-0.00099999999999999742 0.00050000000000000044 16497.505551685001
-0.00050000000000000044 0.00050000000000000044 17199.423356263895
0 0.00050000000000000044 17439.97083802224
0.00050000000000000044 0.00050000000000000044 17199.423356263895
0.0010000000000000009 0.00050000000000000044 16497.505551684997
0.0015000000000000013 0.00050000000000000044 15390.720245720295
0.0020000000000000018 0.00050000000000000044 13964.836955782794
0.0024999999999999988 0.00050000000000000044 12323.925358577215
0.0030000000000000027 0.00050000000000000044 10577.877017754709
0.0034999999999999996 0.00050000000000000044 8830.4783885948855
0.0040000000000000036 0.00050000000000000044 7169.7863575978663
0.0045000000000000005 0.00050000000000000044 5661.9295632215872
0.0049999999999999975 0.00050000000000000044 4348.6952494724865
0.0055000000000000014 0.00050000000000000044 3248.551454872782
0.0059999999999999984 0.00050000000000000044 2360.2433930020093
0.0064999999999999988 0.00050000000000000044 1667.8619289899218
0.0069999999999999993 0.00050000000000000044 1146.3036222984026
0.0074999999999999997 0.00050000000000000044 766.25884110434436
0.0080000000000000002 0.00050000000000000044 498.18150065605988
0.0085000000000000006 0.00050000000000000044 315.01842728778973
0.0090000000000000011 0.00050000000000000044 193.74057566663561
0.0095000000000000015 0.00050000000000000044 115.88880298933863
0.010000000000000002 0.00050000000000000044 67.421534494528444
0.010500000000000002 0.00050000000000000044 38.149781309542071
0.011000000000000003 0.00050000000000000044 20.995283202865387
0.011500000000000003 0.00050000000000000044 11.237965279326486
0.012000000000000004 0.00050000000000000044 5.850458447866079
0.012499999999999997 0.00050000000000000044 2.9622954858743884
0.013000000000000005 0.00050000000000000044 1.4588247363351985
0.013499999999999998 0.00050000000000000044 0.69873761814975743
0.014000000000000005 0.00050000000000000044 0.3255077970469632
0.014499999999999999 0.00050000000000000044 0.14748400788104263
0.014999999999999999 0.00050000000000000044 0.064992722644475087
0.0155 0.00050000000000000044 0.027856130897431615
0.016000000000000007 0.00050000000000000044 0.011612162986332098
0.016500000000000001 0.00050000000000000044 0.0047080570373602684
0.017000000000000001 0.00050000000000000044 0.0018565496696908213
0.017500000000000002 0.00050000000000000044 0.00071204541493951419
0.017999999999999995 0.00050000000000000044 0.00026561040261146045
0.018500000000000003 0.00050000000000000044 9.6364867908170219e-05
0.019000000000000003 0.00050000000000000044 3.4003893329055565e-05
0.019500000000000003 0.00050000000000000044 1.1670106629226091e-05
0.019999999999999997 0.00050000000000000044 3.895446711027336e-06
0.020499999999999997 0.00050000000000000044 1.2646663861979884e-06
0.021000000000000005 0.00050000000000000044 3.9932908934861366e-07
0.021500000000000005 0.00050000000000000044 1.2263718816158258e-07
0.021999999999999999 0.00050000000000000044 3.6631076813161651e-08
0.022499999999999999 0.00050000000000000044 1.0641759771289515e-08
0.023000000000000007 0.00050000000000000044 3.0068618898002413e-09
0.023500000000000007 0.00050000000000000044 8.2632287394960634e-10
0.024 0.00050000000000000044 2.2086267786408751e-10
0.024500000000000001 0.00050000000000000044 5.7415765106363606e-11
0.025000000000000001 0.00050000000000000044 1.4516978842313138e-11
-0.025000000000000001 0.0010000000000000009 1.3924533054623216e-11
-0.024500000000000001 0.0010000000000000009 5.5072596561878448e-11
-0.024 0.0010000000000000009 2.1184915207612507e-10
-0.0235 0.0010000000000000009 7.9260018886060167e-10
-0.023 0.0010000000000000009 2.8841502236796989e-09
-0.022500000000000003 0.0010000000000000009 1.0207463777709007e-08
-0.022000000000000002 0.0010000000000000009 3.5136142681739249e-08
-0.021500000000000002 0.0010000000000000009 1.176322979340999e-07
-0.021000000000000001 0.0010000000000000009 3.8303225242018687e-07
-0.020500000000000001 0.0010000000000000009 1.2130546644014097e-06
-0.02 0.0010000000000000009 3.7364714159478437e-06
-0.0195 0.0010000000000000009 1.1193843242093155e-05
-0.019 0.0010000000000000009 3.261617598189405e-05
-0.018500000000000003 0.0010000000000000009 9.2432165333231493e-05
-0.018000000000000002 0.0010000000000000009 0.00025477069788342241
-0.017500000000000002 0.0010000000000000009 0.0006829864549928829
-0.017000000000000001 0.0010000000000000009 0.0017807828697668805
-0.016500000000000001 0.0010000000000000009 0.0045159186737044402
-0.016 0.0010000000000000009 0.011138264310722842
-0.0155 0.0010000000000000009 0.026719307072668536
-0.015000000000000001 0.0010000000000000009 0.062340334349398771
-0.014500000000000001 0.0010000000000000009 0.14146510545169697
-0.014 0.0010000000000000009 0.31222364713427053
-0.0135 0.0010000000000000009 0.67022175661479733
-0.012999999999999999 0.0010000000000000009 1.3992893068627512
-0.012500000000000001 0.0010000000000000009 2.8414025988926914
-0.012 0.0010000000000000009 5.6116980624482702
-0.0115 0.0010000000000000009 10.779337815288571
-0.010999999999999999 0.0010000000000000009 20.138454297209158
-0.010499999999999999 0.0010000000000000009 36.592868023132155
-0.010000000000000002 0.0010000000000000009 64.670025069271801
-0.0095000000000000015 0.0010000000000000009 111.15931802437164
-0.0090000000000000011 0.0010000000000000009 185.83391759369226
-0.0085000000000000006 0.0010000000000000009 302.16235424954976
-0.0080000000000000002 0.0010000000000000009 477.85044315610213
-0.0074999999999999997 0.0010000000000000009 734.98740180395316
-0.0069999999999999993 0.0010000000000000009 1099.5223491546431
-0.0064999999999999988 0.0010000000000000009 1599.7955782008426
-0.0059999999999999984 0.0010000000000000009 2263.920578779027
-0.0054999999999999979 0.0010000000000000009 3115.9763063905307
-0.005000000000000001 0.0010000000000000009 4171.2226354745935
-0.0044999999999999971 0.0010000000000000009 5430.8631439367027
-0.0040000000000000001 0.0010000000000000009 6877.1834839328139
-0.0035000000000000031 0.0010000000000000009 8470.1017715702928
-0.0029999999999999992 0.0010000000000000009 10146.188114027382
-0.0025000000000000022 0.0010000000000000009 11820.979274147208
-0.0019999999999999983 0.0010000000000000009 13394.924378234939
-0.0015000000000000013 0.0010000000000000009 14762.616597011072
-0.00099999999999999742 0.0010000000000000009 15824.233393775728
-0.00050000000000000044 0.0010000000000000009 16497.505551684997
0 0.0010000000000000009 16728.236160121756
0.00050000000000000044 0.0010000000000000009 16497.505551684997
0.0010000000000000009 0.0010000000000000009 15824.233393775723
0.0015000000000000013 0.0010000000000000009 14762.616597011072
0.0020000000000000018 0.0010000000000000009 13394.924378234926
0.0024999999999999988 0.0010000000000000009 11820.979274147219
0.0030000000000000027 0.0010000000000000009 10146.188114027369
0.0034999999999999996 0.0010000000000000009 8470.1017715703056
0.0040000000000000036 0.0010000000000000009 6877.1834839328021
0.0045000000000000005 0.0010000000000000009 5430.8631439366927
0.0049999999999999975 0.0010000000000000009 4171.2226354746017
0.0055000000000000014 0.0010000000000000009 3115.9763063905239
0.0059999999999999984 0.0010000000000000009 2263.920578779027
0.0064999999999999988 0.0010000000000000009 1599.7955782008426
0.0069999999999999993 0.0010000000000000009 1099.5223491546431
0.0074999999999999997 0.0010000000000000009 734.98740180395316
0.0080000000000000002 0.0010000000000000009 477.85044315610213
0.0085000000000000006 0.0010000000000000009 302.16235424954976
0.0090000000000000011 0.0010000000000000009 185.83391759369226
0.0095000000000000015 0.0010000000000000009 111.15931802437164
0.010000000000000002 0.0010000000000000009 64.670025069271801
0.010500000000000002 0.0010000000000000009 36.592868023132027
0.011000000000000003 0.0010000000000000009 20.138454297209069
0.011500000000000003 0.0010000000000000009 10.779337815288523
0.012000000000000004 0.0010000000000000009 5.6116980624482391
0.012499999999999997 0.0010000000000000009 2.8414025988927065
0.013000000000000005 0.0010000000000000009 1.399289306862739
0.013499999999999998 0.0010000000000000009 0.67022175661479733
0.014000000000000005 0.0010000000000000009 0.31222364713426776
0.014499999999999999 0.0010000000000000009 0.14146510545169724
0.014999999999999999 0.0010000000000000009 0.062340334349398889
0.0155 0.0010000000000000009 0.026719307072668536
0.016000000000000007 0.0010000000000000009 0.011138264310722682
0.016500000000000001 0.0010000000000000009 0.0045159186737044402
0.017000000000000001 0.0010000000000000009 0.0017807828697668805
0.017500000000000002 0.0010000000000000009 0.0006829864549928829
0.017999999999999995 0.0010000000000000009 0.00025477069788342604
0.018500000000000003 0.0010000000000000009 9.2432165333231493e-05
0.019000000000000003 0.0010000000000000009 3.2616175981893819e-05
0.019500000000000003 0.0010000000000000009 1.1193843242093115e-05
0.019999999999999997 0.0010000000000000009 3.73647141594787e-06
0.020499999999999997 0.0010000000000000009 1.2130546644014228e-06
0.021000000000000005 0.0010000000000000009 3.8303225242018284e-07
0.021500000000000005 0.0010000000000000009 1.1763229793409949e-07
0.021999999999999999 0.0010000000000000009 3.51361426817395e-08
0.022499999999999999 0.0010000000000000009 1.0207463777709081e-08
0.023000000000000007 0.0010000000000000009 2.8841502236796476e-09
0.023500000000000007 0.0010000000000000009 7.9260018886058761e-10
0.024 0.0010000000000000009 2.1184915207612507e-10
0.024500000000000001 0.0010000000000000009 5.5072596561878448e-11
0.025000000000000001 0.0010000000000000009 1.3924533054623216e-11
-0.025000000000000001 0.0015000000000000013 1.2990363429464199e-11
-0.024500000000000001 0.0015000000000000013 5.1377884022152945e-11
-0.024 0.0015000000000000013 1.9763660776969307e-10
-0.0235 0.0015000000000000013 7.3942619599316837e-10
-0.023 0.0015000000000000013 2.6906582392240619e-09
-0.022500000000000003 0.0015000000000000013 9.5226650434433233e-09
-0.022000000000000002 0.0015000000000000013 3.2778927749663828e-08
-0.021500000000000002 0.0015000000000000013 1.0974057767054632e-07
-0.021000000000000001 0.0015000000000000013 3.5733536949682054e-07
-0.020500000000000001 0.0015000000000000013 1.1316732050234942e-06
-0.02 0.0015000000000000013 3.4857988735824366e-06
-0.0195 0.0015000000000000013 1.0442870243247563e-05
-0.019 0.0015000000000000013 3.0428020675600908e-05
-0.018500000000000003 0.0015000000000000013 8.6231072563853738e-05
-0.018000000000000002 0.0015000000000000013 0.00023767863121162565
-0.017500000000000002 0.0015000000000000013 0.00063716623264527727
-0.017000000000000001 0.0015000000000000013 0.0016613136380580734
-0.016500000000000001 0.0015000000000000013 0.0042129545428345348
-0.016 0.0015000000000000013 0.010391019993426643
-0.0155 0.0015000000000000013 0.024926761141349375
-0.015000000000000001 0.0015000000000000013 0.058158043529087822
-0.014500000000000001 0.0015000000000000013 0.13197448885331711
-0.014 0.0015000000000000013 0.29127717472725723
-0.0135 0.0015000000000000013 0.62525789285762801
-0.012999999999999999 0.0015000000000000013 1.305413730414102
-0.012500000000000001 0.0015000000000000013 2.6507784687821156
-0.012 0.0015000000000000013 5.2352202405393715
-0.0115 0.0015000000000000013 10.056173172936171
-0.010999999999999999 0.0015000000000000013 18.787404877576368
-0.010499999999999999 0.0015000000000000013 34.137924243648371
-0.010000000000000002 0.0015000000000000013 60.331439865660315
-0.0095000000000000015 0.0015000000000000013 103.7018572934149
-0.0090000000000000011 0.0015000000000000013 173.36668436875499
-0.0085000000000000006 0.0015000000000000013 281.89087425814313
-0.0080000000000000002 0.0015000000000000013 445.79239369662633
-0.0074999999999999997 0.0015000000000000013 685.67853787678223
-0.0069999999999999993 0.0015000000000000013 1025.7575502393399
-0.0064999999999999988 0.0015000000000000013 1492.4684290780385
-0.0059999999999999984 0.0015000000000000013 2112.0385853095468
-0.0054999999999999979 0.0015000000000000013 2906.931564514693
-0.005000000000000001 0.0015000000000000013 3891.3834860718457
-0.0044999999999999971 0.0015000000000000013 5066.5171822042948
-0.0040000000000000001 0.0015000000000000013 6415.8067259378722
-0.0035000000000000031 0.0015000000000000013 7901.8592483942921
-0.0029999999999999992 0.0015000000000000013 9465.5002439140571
-0.0025000000000000022 0.0015000000000000013 11027.932948340509
-0.0019999999999999983 0.0015000000000000013 12496.285160936746
-0.0015000000000000013 0.0015000000000000013 13772.221589961437
-0.00099999999999999742 0.0015000000000000013 14762.616597011078
-0.00050000000000000044 0.0015000000000000013 15390.720245720295
0 0.0015000000000000013 15605.971589958353
0.00050000000000000044 0.0015000000000000013 15390.720245720295
0.0010000000000000009 0.0015000000000000013 14762.616597011072
0.0015000000000000013 0.0015000000000000013 13772.221589961437
0.0020000000000000018 0.0015000000000000013 12496.285160936737
0.0024999999999999988 0.0015000000000000013 11027.932948340522
0.0030000000000000027 0.0015000000000000013 9465.5002439140444
0.0034999999999999996 0.0015000000000000013 7901.859248394303
0.0040000000000000036 0.0015000000000000013 6415.8067259378613
0.0045000000000000005 0.0015000000000000013 5066.5171822042867
0.0049999999999999975 0.0015000000000000013 3891.3834860718539
0.0055000000000000014 0.0015000000000000013 2906.9315645146867
0.0059999999999999984 0.0015000000000000013 2112.0385853095468
0.0064999999999999988 0.0015000000000000013 1492.4684290780385
0.0069999999999999993 0.0015000000000000013 1025.7575502393399
0.0074999999999999997 0.0015000000000000013 685.67853787678223
0.0080000000000000002 0.0015000000000000013 445.79239369662633
0.0085000000000000006 0.0015000000000000013 281.89087425814313
0.0090000000000000011 0.0015000000000000013 173.36668436875499
0.0095000000000000015 0.0015000000000000013 103.7018572934149
0.010000000000000002 0.0015000000000000013 60.331439865660315
0.010500000000000002 0.0015000000000000013 34.13792424364825
0.011000000000000003 0.0015000000000000013 18.787404877576282
0.011500000000000003 0.0015000000000000013 10.056173172936125
0.012000000000000004 0.0015000000000000013 5.2352202405393431
0.012499999999999997 0.0015000000000000013 2.6507784687821299
0.013000000000000005 0.0015000000000000013 1.3054137304140903
0.013499999999999998 0.0015000000000000013 0.62525789285762801
0.014000000000000005 0.0015000000000000013 0.29127717472725462
0.014499999999999999 0.0015000000000000013 0.13197448885331736
0.014999999999999999 0.0015000000000000013 0.058158043529087926
0.0155 0.0015000000000000013 0.024926761141349375
0.016000000000000007 0.0015000000000000013 0.010391019993426493
0.016500000000000001 0.0015000000000000013 0.0042129545428345348
0.017000000000000001 0.0015000000000000013 0.0016613136380580734
0.017500000000000002 0.0015000000000000013 0.00063716623264527727
0.017999999999999995 0.0015000000000000013 0.0002376786312116282
0.018500000000000003 0.0015000000000000013 8.6231072563853738e-05
0.019000000000000003 0.0015000000000000013 3.0428020675600799e-05
0.019500000000000003 0.0015000000000000013 1.044287024324749e-05
0.019999999999999997 0.0015000000000000013 3.4857988735824738e-06
0.020499999999999997 0.0015000000000000013 1.1316732050235022e-06
0.021000000000000005 0.0015000000000000013 3.57335369496818e-07
0.021500000000000005 0.0015000000000000013 1.0974057767054552e-07
0.021999999999999999 0.0015000000000000013 3.2778927749664172e-08
0.022499999999999999 0.0015000000000000013 9.5226650434433912e-09
0.023000000000000007 0.0015000000000000013 2.6906582392240139e-09
0.023500000000000007 0.0015000000000000013 7.3942619599315524e-10
0.024 0.0015000000000000013 1.9763660776969307e-10
0.024500000000000001 0.0015000000000000013 5.1377884022152945e-11
0.025000000000000001 0.0015000000000000013 1.2990363429464199e-11
-0.025000000000000001 0.0020000000000000018 1.178686275837386e-11
-0.024500000000000001 0.0020000000000000018 4.6617946531903881e-11
-0.024 0.0020000000000000018 1.7932643566601277e-10
-0.0235 0.0020000000000000018 6.7092157501535018e-10
-0.023 0.0020000000000000018 2.4413804561840476e-09
-0.022500000000000003 0.0020000000000000018 8.6404315453136043e-09
-0.022000000000000002 0.0020000000000000018 2.9742102663241441e-08
-0.021500000000000002 0.0020000000000000018 9.9573590458103738e-08
-0.021000000000000001 0.0020000000000000018 3.2422980171737767e-07
-0.020500000000000001 0.0020000000000000018 1.026828604709113e-06
-0.02 0.0020000000000000018 3.1628547691760134e-06
-0.0195 0.0020000000000000018 9.4753837357221785e-06
-0.019 0.0020000000000000018 2.7608996904489555e-05
-0.018500000000000003 0.0020000000000000018 7.8242138746648408e-05
-0.018000000000000002 0.0020000000000000018 0.00021565873979594542
-0.017500000000000002 0.0020000000000000018 0.00057813555249930045
-0.017000000000000001 0.0020000000000000018 0.0015074001552559304
-0.016500000000000001 0.0020000000000000018 0.0038226426283830776
-0.016 0.0020000000000000018 0.0094283371860282607
-0.0155 0.0020000000000000018 0.022617405138754421
-0.015000000000000001 0.0020000000000000018 0.052769953750336607
-0.014500000000000001 0.0020000000000000018 0.11974762647458494
-0.014 0.0020000000000000018 0.26429161137785545
-0.0135 0.0020000000000000018 0.56733046859851022
-0.012999999999999999 0.0020000000000000018 1.1844728260941724
-0.012500000000000001 0.0020000000000000018 2.4051953730193563
-0.012 0.0020000000000000018 4.7501998554665219
-0.0115 0.0020000000000000018 9.1245124670640827
-0.010999999999999999 0.0020000000000000018 17.046833530132389
-0.010499999999999999 0.0020000000000000018 30.975194042915493
-0.010000000000000002 0.0020000000000000018 54.741994369356441
-0.0095000000000000015 0.0020000000000000018 94.094331258934403
-0.0090000000000000011 0.0020000000000000018 157.30501510788878
-0.0085000000000000006 0.0020000000000000018 255.77491082216756
-0.0080000000000000002 0.0020000000000000018 404.49166736252158
-0.0074999999999999997 0.0020000000000000018 622.15340365188104
-0.0069999999999999993 0.0020000000000000018 930.7255746682024
-0.0064999999999999988 0.0020000000000000018 1354.1977205078267
-0.0059999999999999984 0.0020000000000000018 1916.3673965402272
-0.0054999999999999979 0.0020000000000000018 2637.6169985517399
-0.005000000000000001 0.0020000000000000018 3530.8637313793051
-0.0044999999999999971 0.0020000000000000018 4597.1264017244021
-0.0040000000000000001 0.0020000000000000018 5821.4101378686892
-0.0035000000000000031 0.0020000000000000018 7169.7863575978663
-0.0029999999999999992 0.0020000000000000018 8588.5628158265426
-0.0025000000000000022 0.0020000000000000018 10006.242925876324
-0.0019999999999999983 0.0020000000000000018 11338.558692467641
-0.0015000000000000013 0.0020000000000000018 12496.285160936737
-0.00099999999999999742 0.0020000000000000018 13394.924378234931
-0.00050000000000000044 0.0020000000000000018 13964.836955782794
0 0.0020000000000000018 14160.146199197403
0.00050000000000000044 0.0020000000000000018 13964.836955782794
0.0010000000000000009 0.0020000000000000018 13394.924378234926
0.0015000000000000013 0.0020000000000000018 12496.285160936737
0.0020000000000000018 0.0020000000000000018 11338.558692467634
0.0024999999999999988 0.0020000000000000018 10006.242925876333
0.0030000000000000027 0.0020000000000000018 8588.5628158265317
0.0034999999999999996 0.0020000000000000018 7169.7863575978754
0.0040000000000000036 0.0020000000000000018 5821.4101378686782
0.0045000000000000005 0.0020000000000000018 4597.1264017243921
0.0049999999999999975 0.0020000000000000018 3530.8637313793129
0.0055000000000000014 0.0020000000000000018 2637.616998551734
0.0059999999999999984 0.0020000000000000018 1916.3673965402272
0.0064999999999999988 0.0020000000000000018 1354.1977205078267
0.0069999999999999993 0.0020000000000000018 930.7255746682024
0.0074999999999999997 0.0020000000000000018 622.15340365188104
0.0080000000000000002 0.0020000000000000018 404.49166736252158
0.0085000000000000006 0.0020000000000000018 255.77491082216756
0.0090000000000000011 0.0020000000000000018 157.30501510788878
0.0095000000000000015 0.0020000000000000018 94.094331258934403
0.010000000000000002 0.0020000000000000018 54.741994369356441
0.010500000000000002 0.0020000000000000018 30.975194042915383
0.011000000000000003 0.0020000000000000018 17.046833530132314
0.011500000000000003 0.0020000000000000018 9.1245124670640418
0.012000000000000004 0.0020000000000000018 4.7501998554665059
0.012499999999999997 0.0020000000000000018 2.4051953730193736
0.013000000000000005 0.0020000000000000018 1.1844728260941637
0.013499999999999998 0.0020000000000000018 0.56733046859851133
0.014000000000000005 0.0020000000000000018 0.26429161137785356
0.014499999999999999 0.0020000000000000018 0.11974762647458514
0.014999999999999999 0.0020000000000000018 0.052769953750336704
0.0155 0.0020000000000000018 0.022617405138754421
0.016000000000000007 0.0020000000000000018 0.0094283371860281254
0.016500000000000001 0.0020000000000000018 0.0038226426283830776
0.017000000000000001 0.0020000000000000018 0.0015074001552559304
0.017500000000000002 0.0020000000000000018 0.00057813555249930045
0.017999999999999995 0.0020000000000000018 0.00021565873979594776
0.018500000000000003 0.0020000000000000018 7.8242138746648408e-05
0.019000000000000003 0.0020000000000000018 2.7608996904489359e-05
0.019500000000000003 0.0020000000000000018 9.4753837357221124e-06
0.019999999999999997 0.0020000000000000018 3.1628547691760359e-06
0.020499999999999997 0.0020000000000000018 1.0268286047091238e-06
0.021000000000000005 0.0020000000000000018 3.2422980171737418e-07
0.021500000000000005 0.0020000000000000018 9.9573590458103036e-08
0.021999999999999999 0.0020000000000000018 2.9742102663241649e-08
0.022499999999999999 0.0020000000000000018 8.6404315453136672e-09
0.023000000000000007 0.0020000000000000018 2.4413804561840042e-09
0.023500000000000007 0.0020000000000000018 6.7092157501533591e-10
0.024 0.0020000000000000018 1.7932643566601277e-10
0.024500000000000001 0.0020000000000000018 4.6617946531903881e-11
0.025000000000000001 0.0020000000000000018 1.178686275837386e-11
-0.025000000000000001 0.0024999999999999988 1.0401869875454651e-11
-0.024500000000000001 0.0024999999999999988 4.1140193419259454e-11
-0.024 0.0024999999999999988 1.5825502402679199e-10
-0.0235 0.0024999999999999988 5.9208621182822481e-10
-0.023 0.0024999999999999988 2.1545106906129886e-09
-0.022500000000000003 0.0024999999999999988 7.6251540757334854e-09
-0.022000000000000002 0.0024999999999999988 2.6247313476663523e-08
-0.021500000000000002 0.0024999999999999988 8.7873385158503571e-08
-0.021000000000000001 0.0024999999999999988 2.861317957412023e-07
-0.020500000000000001 0.0024999999999999988 9.0617306314105398e-07
-0.02 0.0024999999999999988 2.7912095371227374e-06
-0.0195 0.0024999999999999988 8.3619967975752775e-06
-0.019 0.0024999999999999988 2.436485425167963e-05
-0.018500000000000003 0.0024999999999999988 6.9048445095511114e-05
-0.018000000000000002 0.0024999999999999988 0.00019031816988521907
-0.017500000000000002 0.0024999999999999988 0.00051020283435466648
-0.017000000000000001 0.0024999999999999988 0.0013302759679688968
-0.016500000000000001 0.0024999999999999988 0.0033734702792358965
-0.016 0.0024999999999999988 0.0083204783631930842
-0.0155 0.0024999999999999988 0.019959789979451723
-0.015000000000000001 0.0024999999999999988 0.046569320734204493
-0.014500000000000001 0.0024999999999999988 0.10567690945567829
-0.014 0.0024999999999999988 0.23323652842004947
-0.0135 0.0024999999999999988 0.50066738128005328
-0.012999999999999999 0.0024999999999999988 1.045293600223731
-0.012500000000000001 0.0024999999999999988 2.1225774668003861
-0.012 0.0024999999999999988 4.1920366591070062
-0.0115 0.0024999999999999988 8.0523539897785934
-0.010999999999999999 0.0024999999999999988 15.043777789217083
-0.010499999999999999 0.0024999999999999988 27.335512799829754
-0.010000000000000002 0.0024999999999999988 48.309640472260455
-0.0095000000000000015 0.0024999999999999988 83.037955886778576
-0.0090000000000000011 0.0024999999999999988 138.82118859373497
-0.0085000000000000006 0.0024999999999999988 225.72056655941418
-0.0080000000000000002 0.0024999999999999988 356.9626435687041
-0.0074999999999999997 0.0024999999999999988 549.04845165524921
-0.0069999999999999993 0.0024999999999999988 821.36243680095663
-0.0064999999999999988 0.0024999999999999988 1195.0752938352773
-0.0059999999999999984 0.0024999999999999988 1691.1882916608565
-0.0054999999999999979 0.0024999999999999988 2327.6888314263897
-0.005000000000000001 0.0024999999999999988 3115.9763063905266
-0.0044999999999999971 0.0024999999999999988 4056.9498103116543
-0.0040000000000000001 0.0024999999999999988 5137.3764153436841
-0.0035000000000000031 0.0024999999999999988 6327.3142527734099
-0.0029999999999999992 0.0024999999999999988 7579.3800826201596
-0.0025000000000000022 0.0024999999999999988 8830.4783885948818
-0.0019999999999999983 0.0024999999999999988 10006.242925876342
-0.0015000000000000013 0.0024999999999999988 11027.932948340522
-0.00099999999999999742 0.0024999999999999988 11820.979274147223
-0.00050000000000000044 0.0024999999999999988 12323.925358577215
0 0.0024999999999999988 12496.285160936748
0.00050000000000000044 0.0024999999999999988 12323.925358577215
0.0010000000000000009 0.0024999999999999988 11820.979274147219
0.0015000000000000013 0.0024999999999999988 11027.932948340522
0.0020000000000000018 0.0024999999999999988 10006.242925876333
0.0024999999999999988 0.0024999999999999988 8830.4783885948909
0.0030000000000000027 0.0024999999999999988 7579.3800826201514
0.0034999999999999996 0.0024999999999999988 6327.314252773419
0.0040000000000000036 0.0024999999999999988 5137.3764153436759
0.0045000000000000005 0.0024999999999999988 4056.9498103116466
0.0049999999999999975 0.0024999999999999988 3115.9763063905334
0.0055000000000000014 0.0024999999999999988 2327.6888314263842
0.0059999999999999984 0.0024999999999999988 1691.1882916608565
0.0064999999999999988 0.0024999999999999988 1195.0752938352773
0.0069999999999999993 0.0024999999999999988 821.36243680095663
0.0074999999999999997 0.0024999999999999988 549.04845165524921
0.0080000000000000002 0.0024999999999999988 356.9626435687041
0.0085000000000000006 0.0024999999999999988 225.72056655941418
0.0090000000000000011 0.0024999999999999988 138.82118859373497
0.0095000000000000015 0.0024999999999999988 83.037955886778576
0.010000000000000002 0.0024999999999999988 48.309640472260455
0.010500000000000002 0.0024999999999999988 27.335512799829658
0.011000000000000003 0.0024999999999999988 15.043777789217017
0.011500000000000003 0.0024999999999999988 8.0523539897785579
0.012000000000000004 0.0024999999999999988 4.192036659106984
0.012499999999999997 0.0024999999999999988 2.1225774668003976
0.013000000000000005 0.0024999999999999988 1.0452936002237216
0.013499999999999998 0.0024999999999999988 0.50066738128005328
0.014000000000000005 0.0024999999999999988 0.23323652842004741
0.014499999999999999 0.0024999999999999988 0.10567690945567866
0.014999999999999999 0.0024999999999999988 0.046569320734204576
0.0155 0.0024999999999999988 0.019959789979451723
0.016000000000000007 0.0024999999999999988 0.0083204783631929662
0.016500000000000001 0.0024999999999999988 0.0033734702792358965
0.017000000000000001 0.0024999999999999988 0.0013302759679688968
0.017500000000000002 0.0024999999999999988 0.00051020283435466648
0.017999999999999995 0.0024999999999999988 0.00019031816988522107
0.018500000000000003 0.0024999999999999988 6.9048445095511114e-05
0.019000000000000003 0.0024999999999999988 2.4364854251679542e-05
0.019500000000000003 0.0024999999999999988 8.3619967975752165e-06
0.019999999999999997 0.0024999999999999988 2.7912095371227671e-06
0.020499999999999997 0.0024999999999999988 9.0617306314106043e-07
0.021000000000000005 0.0024999999999999988 2.8613179574120024e-07
0.021500000000000005 0.0024999999999999988 8.7873385158502948e-08
0.021999999999999999 0.0024999999999999988 2.6247313476663897e-08
0.022499999999999999 0.0024999999999999988 7.62515407573354e-09
0.023000000000000007 0.0024999999999999988 2.1545106906129502e-09
0.023500000000000007 0.0024999999999999988 5.9208621182821437e-10
0.024 0.0024999999999999988 1.5825502402679199e-10
0.024500000000000001 0.0024999999999999988 4.1140193419259454e-11
0.025000000000000001 0.0024999999999999988 1.0401869875454651e-11
-0.025000000000000001 0.0030000000000000027 8.9281375126690701e-12
-0.024500000000000001 0.0030000000000000027 3.5311468855391458e-11
-0.024 0.0030000000000000027 1.358335216167266e-10
-0.0235 0.0030000000000000027 5.0819969696329669e-10
-0.023 0.0030000000000000027 1.8492605607092926e-09
-0.022500000000000003 0.0030000000000000027 6.5448255898761636e-09
-0.022000000000000002 0.0030000000000000027 2.2528605612607837e-08
-0.021500000000000002 0.0030000000000000027 7.5423522481294445e-08
-0.021000000000000001 0.0030000000000000027 2.4559276838797624e-07
-0.020500000000000001 0.0030000000000000027 7.7778686090766544e-07
-0.02 0.0030000000000000027 2.3957521938348646e-06
-0.0195 0.0030000000000000027 7.1772727579893227e-06
-0.019 0.0030000000000000027 2.0912852385170611e-05
-0.018500000000000003 0.0030000000000000027 5.9265691671783246e-05
-0.018000000000000002 0.0030000000000000027 0.00016335397502946364
-0.017500000000000002 0.0030000000000000027 0.00043791752050473498
-0.017000000000000001 0.0030000000000000027 0.0011418030521465395
-0.016500000000000001 0.0030000000000000027 0.0028955184893239027
-0.016 0.0030000000000000027 0.0071416366371847822
-0.0155 0.0030000000000000027 0.017131895687432813
-0.015000000000000001 0.0030000000000000027 0.039971399793000739
-0.014500000000000001 0.0030000000000000027 0.090704651262803374
-0.014 0.0030000000000000027 0.20019167934656829
-0.0135 0.0030000000000000027 0.42973304624048136
-0.012999999999999999 0.0030000000000000027 0.89719686130014076
-0.012500000000000001 0.0030000000000000027 1.8218516220438978
-0.012 0.0030000000000000027 3.5981107434321982
-0.0115 0.0030000000000000027 6.9115000074244231
-0.010999999999999999 0.0030000000000000027 12.912381948663432
-0.010499999999999999 0.0030000000000000027 23.462629332837913
-0.010000000000000002 0.0030000000000000027 41.465151793690552
-0.0095000000000000015 0.0030000000000000027 71.273174708475381
-0.0090000000000000011 0.0030000000000000027 119.15306346618362
-0.0085000000000000006 0.0030000000000000027 193.74057566663561
-0.0080000000000000002 0.0030000000000000027 306.3883327542552
-0.0074999999999999997 0.0030000000000000027 471.25950777978153
-0.0069999999999999993 0.0030000000000000027 704.99216691839001
-0.0064999999999999988 0.0030000000000000027 1025.7575502393399
-0.0059999999999999984 0.0030000000000000027 1451.5814760761029
-0.0054999999999999979 0.0030000000000000027 1997.9028984700146
-0.005000000000000001 0.0030000000000000027 2674.5061496414164
-0.0044999999999999971 0.0030000000000000027 3482.1629401392561
-0.0040000000000000001 0.0030000000000000027 4409.5151775321065
-0.0035000000000000031 0.0030000000000000027 5430.8631439366827
-0.0029999999999999992 0.0030000000000000027 6505.5368360354587
-0.0025000000000000022 0.0030000000000000027 7579.3800826201441
-0.0019999999999999983 0.0030000000000000027 8588.562815826539
-0.0015000000000000013 0.0030000000000000027 9465.5002439140444
-0.00099999999999999742 0.0030000000000000027 10146.188114027374
-0.00050000000000000044 0.0030000000000000027 10577.877017754709
0 0.0030000000000000027 10725.816958894869
0.00050000000000000044 0.0030000000000000027 10577.877017754709
0.0010000000000000009 0.0030000000000000027 10146.188114027369
0.0015000000000000013 0.0030000000000000027 9465.5002439140444
0.0020000000000000018 0.0030000000000000027 8588.5628158265317
0.0024999999999999988 0.0030000000000000027 7579.3800826201514
0.0030000000000000027 0.0030000000000000027 6505.5368360354514
0.0034999999999999996 0.0030000000000000027 5430.8631439366891
0.0040000000000000036 0.0030000000000000027 4409.5151775320992
0.0045000000000000005 0.0030000000000000027 3482.1629401392502
0.0049999999999999975 0.0030000000000000027 2674.5061496414223
0.0055000000000000014 0.0030000000000000027 1997.9028984700103
0.0059999999999999984 0.0030000000000000027 1451.5814760761029
0.0064999999999999988 0.0030000000000000027 1025.7575502393399
0.0069999999999999993 0.0030000000000000027 704.99216691839001
0.0074999999999999997 0.0030000000000000027 471.25950777978153
0.0080000000000000002 0.0030000000000000027 306.3883327542552
0.0085000000000000006 0.0030000000000000027 193.74057566663561
0.0090000000000000011 0.0030000000000000027 119.15306346618362
0.0095000000000000015 0.0030000000000000027 71.273174708475381
0.010000000000000002 0.0030000000000000027 41.465151793690552
0.010500000000000002 0.0030000000000000027 23.462629332837828
0.011000000000000003 0.0030000000000000027 12.912381948663397
0.011500000000000003 0.0030000000000000027 6.9115000074243804
0.012000000000000004 0.0030000000000000027 3.5981107434321848
0.012499999999999997 0.0030000000000000027 1.8218516220439078
0.013000000000000005 0.0030000000000000027 0.89719686130013265
0.013499999999999998 0.0030000000000000027 0.42973304624048214
0.014000000000000005 0.0030000000000000027 0.20019167934656684
0.014499999999999999 0.0030000000000000027 0.09070465126280354
0.014999999999999999 0.0030000000000000027 0.039971399793000809
0.0155 0.0030000000000000027 0.017131895687432813
0.016000000000000007 0.0030000000000000027 0.0071416366371846816
0.016500000000000001 0.0030000000000000027 0.0028955184893239027
0.017000000000000001 0.0030000000000000027 0.0011418030521465395
0.017500000000000002 0.0030000000000000027 0.00043791752050473498
0.017999999999999995 0.0030000000000000027 0.00016335397502946538
0.018500000000000003 0.0030000000000000027 5.9265691671783246e-05
0.019000000000000003 0.0030000000000000027 2.0912852385170465e-05
0.019500000000000003 0.0030000000000000027 7.177272757989271e-06
0.019999999999999997 0.0030000000000000027 2.395752193834882e-06
0.020499999999999997 0.0030000000000000027 7.7778686090767359e-07
0.021000000000000005 0.0030000000000000027 2.4559276838797359e-07
0.021500000000000005 0.0030000000000000027 7.5423522481293902e-08
0.021999999999999999 0.0030000000000000027 2.2528605612608075e-08
0.022499999999999999 0.0030000000000000027 6.5448255898762108e-09
0.023000000000000007 0.0030000000000000027 1.8492605607092597e-09
0.023500000000000007 0.0030000000000000027 5.0819969696328594e-10
0.024 0.0030000000000000027 1.358335216167266e-10
0.024500000000000001 0.0030000000000000027 3.5311468855391458e-11
0.025000000000000001 0.0030000000000000027 8.9281375126690701e-12
-0.025000000000000001 0.0034999999999999996 7.4532654542775226e-12
-0.024500000000000001 0.0034999999999999996 2.9478236707961295e-11
-0.024 0.0034999999999999996 1.133946797708035e-10
-0.0235 0.0034999999999999996 4.2424830933394712e-10
-0.023 0.0034999999999999996 1.5437743687901606e-09
-0.022500000000000003 0.0034999999999999996 5.4636616432123724e-09
-0.022000000000000002 0.0034999999999999996 1.8807021924474881e-08
-0.021500000000000002 0.0034999999999999996 6.2964031832178002e-08
-0.021000000000000001 0.0034999999999999996 2.0502239059927568e-07
-0.020500000000000001 0.0034999999999999996 6.4930137253912522e-07
-0.02 0.0034999999999999996 1.9999890277206171e-06
-0.0195 0.0034999999999999996 5.9916325243804484e-06
-0.019 0.0034999999999999996 1.7458180948895388e-05
-0.018500000000000003 0.0034999999999999996 4.9475372857368973e-05
-0.018000000000000002 0.0034999999999999996 0.00013636892769386123
-0.017500000000000002 0.0034999999999999996 0.00036557630555861151
-0.017000000000000001 0.0034999999999999996 0.00095318438275357074
-0.016500000000000001 0.0034999999999999996 0.0024171970803626265
-0.016 0.0034999999999999996 0.0059618832661796047
-0.0155 0.0034999999999999996 0.014301814472754146
-0.015000000000000001 0.0034999999999999996 0.033368376418210666
-0.014500000000000001 0.0034999999999999996 0.075720814429664912
-0.014 0.0034999999999999996 0.1671212753824988
-0.0135 0.0034999999999999996 0.35874385487014343
-0.012999999999999999 0.0034999999999999996 0.74898559330270409
-0.012500000000000001 0.0034999999999999996 1.5208932140808735
-0.012 0.0034999999999999996 3.0037255213233101
-0.0115 0.0034999999999999996 5.7697637575001322
-0.010999999999999999 0.0034999999999999996 10.779337815288571
-0.010499999999999999 0.0034999999999999996 19.586750811668615
-0.010000000000000002 0.0034999999999999996 34.61537000093734
-0.0095000000000000015 0.0034999999999999996 59.499295358921913
-0.0090000000000000011 0.0034999999999999996 99.469728198480027
-0.0085000000000000006 0.0034999999999999996 161.73585338027516
-0.0080000000000000002 0.0034999999999999996 255.77491082216778
-0.0074999999999999997 0.0034999999999999996 393.41040663304523
-0.0069999999999999993 0.0034999999999999996 588.5319032970707
-0.0064999999999999988 0.0034999999999999996 856.30886652614743
-0.0059999999999999984 0.0034999999999999996 1211.7893630508008
-0.0054999999999999979 0.0034999999999999996 1667.8619289899225
-0.005000000000000001 0.0034999999999999996 2232.694586534878
-0.0044999999999999971 0.0034999999999999996 2906.9315645146949
-0.0040000000000000001 0.0034999999999999996 3681.0910557970847
-0.0035000000000000031 0.0034999999999999996 4533.7187739519459
-0.0029999999999999992 0.0034999999999999996 5430.8631439366973
-0.0025000000000000022 0.0034999999999999996 6327.3142527734117
-0.0019999999999999983 0.0034999999999999996 7169.7863575978809
-0.0015000000000000013 0.0034999999999999996 7901.859248394303
-0.00099999999999999742 0.0034999999999999996 8470.1017715703092
-0.00050000000000000044 0.0034999999999999996 8830.4783885948855
0 0.0034999999999999996 8953.9795836698013
0.00050000000000000044 0.0034999999999999996 8830.4783885948855
0.0010000000000000009 0.0034999999999999996 8470.1017715703056
0.0015000000000000013 0.0034999999999999996 7901.859248394303
0.0020000000000000018 0.0034999999999999996 7169.7863575978754
0.0024999999999999988 0.0034999999999999996 6327.314252773419
0.0030000000000000027 0.0034999999999999996 5430.8631439366891
0.0034999999999999996 0.0034999999999999996 4533.7187739519513
0.0040000000000000036 0.0034999999999999996 3681.0910557970783
0.0045000000000000005 0.0034999999999999996 2906.9315645146889
0.0049999999999999975 0.0034999999999999996 2232.694586534883
0.0055000000000000014 0.0034999999999999996 1667.8619289899189
0.0059999999999999984 0.0034999999999999996 1211.7893630508008
0.0064999999999999988 0.0034999999999999996 856.30886652614743
0.0069999999999999993 0.0034999999999999996 588.5319032970707
0.0074999999999999997 0.0034999999999999996 393.41040663304523
0.0080000000000000002 0.0034999999999999996 255.77491082216778
0.0085000000000000006 0.0034999999999999996 161.73585338027516
0.0090000000000000011 0.0034999999999999996 99.469728198480027
0.0095000000000000015 0.0034999999999999996 59.499295358921913
0.010000000000000002 0.0034999999999999996 34.61537000093734
0.010500000000000002 0.0034999999999999996 19.586750811668526
0.011000000000000003 0.0034999999999999996 10.779337815288523
0.011500000000000003 0.0034999999999999996 5.7697637575001011
0.012000000000000004 0.0034999999999999996 3.0037255213232945
0.012499999999999997 0.0034999999999999996 1.5208932140808815
0.013000000000000005 0.0034999999999999996 0.74898559330269732
0.013499999999999998 0.0034999999999999996 0.35874385487014343
0.014000000000000005 0.0034999999999999996 0.1671212753824973
0.014499999999999999 0.0034999999999999996 0.075720814429665051
0.014999999999999999 0.0034999999999999996 0.033368376418210721
0.0155 0.0034999999999999996 0.014301814472754146
0.016000000000000007 0.0034999999999999996 0.0059618832661795197
0.016500000000000001 0.0034999999999999996 0.0024171970803626265
0.017000000000000001 0.0034999999999999996 0.00095318438275357074
0.017500000000000002 0.0034999999999999996 0.00036557630555861151
0.017999999999999995 0.0034999999999999996 0.00013636892769386269
0.018500000000000003 0.0034999999999999996 4.9475372857368973e-05
0.019000000000000003 0.0034999999999999996 1.7458180948895263e-05
0.019500000000000003 0.0034999999999999996 5.9916325243804061e-06
0.019999999999999997 0.0034999999999999996 1.9999890277206383e-06
0.020499999999999997 0.0034999999999999996 6.4930137253912988e-07
0.021000000000000005 0.0034999999999999996 2.0502239059927349e-07
0.021500000000000005 0.0034999999999999996 6.2964031832177552e-08
0.021999999999999999 0.0034999999999999996 1.8807021924475017e-08
0.022499999999999999 0.0034999999999999996 5.4636616432124105e-09
0.023000000000000007 0.0034999999999999996 1.5437743687901335e-09
0.023500000000000007 0.0034999999999999996 4.2424830933393957e-10
0.024 0.0034999999999999996 1.133946797708035e-10
0.024500000000000001 0.0034999999999999996 2.9478236707961295e-11
0.025000000000000001 0.0034999999999999996 7.4532654542775226e-12
-0.025000000000000001 0.0040000000000000036 6.0515771198368294e-12
-0.024500000000000001 0.0040000000000000036 2.393445180362539e-11
-0.024 0.0040000000000000036 9.2069261966027316e-11
-0.0235 0.0040000000000000036 3.4446262214118851e-10
-0.023 0.0040000000000000036 1.2534465202764831e-09
-0.022500000000000003 0.0040000000000000036 4.4361454711932177e-09
-0.022000000000000002 0.0040000000000000036 1.5270104663332985e-08
-0.021500000000000002 0.0040000000000000036 5.1122785944730755e-08
-0.021000000000000001 0.0040000000000000036 1.6646513070224439e-07
-0.020500000000000001 0.0040000000000000036 5.2719138397000835e-07
-0.02 0.0040000000000000036 1.6238637835088407e-06
-0.0195 0.0040000000000000036 4.8648242193227554e-06
-0.019 0.0040000000000000036 1.4174931650082763e-05
-0.018500000000000003 0.0040000000000000036 4.017085346225252e-05
-0.018000000000000002 0.0040000000000000036 0.00011072288888023358
-0.017500000000000002 0.0040000000000000036 0.00029682468977450743
-0.017000000000000001 0.0040000000000000036 0.00077392504494078077
-0.016500000000000001 0.0040000000000000036 0.001962610165355616
-0.016 0.0040000000000000036 0.0048406697153184786
-0.0155 0.0040000000000000036 0.011612162986332225
-0.015000000000000001 0.0040000000000000036 0.027092997625980917
-0.014500000000000001 0.0040000000000000036 0.061480481395572266
-0.014 0.0040000000000000036 0.13569183769809981
-0.0135 0.0040000000000000036 0.29127717472725723
-0.012999999999999999 0.0040000000000000036 0.60812862594566164
-0.012500000000000001 0.0040000000000000036 1.2348684791261169
-0.012 0.0040000000000000036 2.4388339246226542
-0.0115 0.0040000000000000036 4.6846809034170045
-0.010999999999999999 0.0040000000000000036 8.7521361596687512
-0.010499999999999999 0.0040000000000000036 15.90319488698916
-0.010000000000000002 0.0040000000000000036 28.105477039213294
-0.0095000000000000015 0.0040000000000000036 48.309640472260369
-0.0090000000000000011 0.0040000000000000036 80.763087666070476
-0.0085000000000000006 0.0040000000000000036 131.31921783513525
-0.0080000000000000002 0.0040000000000000036 207.67294652995511
-0.0074999999999999997 0.0040000000000000036 319.42420809926978
-0.0069999999999999993 0.0040000000000000036 477.85044315610151
-0.0064999999999999988 0.0040000000000000036 695.26829226363077
-0.0059999999999999984 0.0040000000000000036 983.89582773967129
-0.0054999999999999979 0.0040000000000000036 1354.1977205078256
-0.005000000000000001 0.0040000000000000036 1812.8058846614292
-0.0044999999999999971 0.0040000000000000036 2360.2433930020061
-0.0040000000000000001 0.0040000000000000036 2988.8116216916624
-0.0035000000000000031 0.0040000000000000036 3681.0910557970742
-0.0029999999999999992 0.0040000000000000036 4409.5151775321037
-0.0025000000000000022 0.0040000000000000036 5137.3764153436714
-0.0019999999999999983 0.0040000000000000036 5821.4101378686837
-0.0015000000000000013 0.0040000000000000036 6415.8067259378613
-0.00099999999999999742 0.0040000000000000036 6877.1834839328039
-0.00050000000000000044 0.0040000000000000036 7169.7863575978663
0 0.0040000000000000036 7270.0614666722295
0.00050000000000000044 0.0040000000000000036 7169.7863575978663
0.0010000000000000009 0.0040000000000000036 6877.1834839328021
0.0015000000000000013 0.0040000000000000036 6415.8067259378613
0.0020000000000000018 0.0040000000000000036 5821.4101378686782
0.0024999999999999988 0.0040000000000000036 5137.3764153436759
0.0030000000000000027 0.0040000000000000036 4409.5151775320992
0.0034999999999999996 0.0040000000000000036 3681.0910557970783
0.0040000000000000036 0.0040000000000000036 2988.8116216916578
0.0045000000000000005 0.0040000000000000036 2360.243393002002
0.0049999999999999975 0.0040000000000000036 1812.8058846614324
0.0055000000000000014 0.0040000000000000036 1354.1977205078226
0.0059999999999999984 0.0040000000000000036 983.89582773967129
0.0064999999999999988 0.0040000000000000036 695.26829226363077
0.0069999999999999993 0.0040000000000000036 477.85044315610151
0.0074999999999999997 0.0040000000000000036 319.42420809926978
0.0080000000000000002 0.0040000000000000036 207.67294652995511
0.0085000000000000006 0.0040000000000000036 131.31921783513525
0.0090000000000000011 0.0040000000000000036 80.763087666070476
0.0095000000000000015 0.0040000000000000036 48.309640472260369
0.010000000000000002 0.0040000000000000036 28.105477039213294
0.010500000000000002 0.0040000000000000036 15.903194886989089
0.011000000000000003 0.0040000000000000036 8.7521361596687122
0.011500000000000003 0.0040000000000000036 4.6846809034169885
0.012000000000000004 0.0040000000000000036 2.4388339246226458
0.012499999999999997 0.0040000000000000036 1.2348684791261257
0.013000000000000005 0.0040000000000000036 0.6081286259456572
0.013499999999999998 0.0040000000000000036 0.29127717472725773
0.014000000000000005 0.0040000000000000036 0.13569183769809884
0.014499999999999999 0.0040000000000000036 0.061480481395572377
0.014999999999999999 0.0040000000000000036 0.027092997625980962
0.0155 0.0040000000000000036 0.011612162986332225
0.016000000000000007 0.0040000000000000036 0.0048406697153184092
0.016500000000000001 0.0040000000000000036 0.001962610165355616
0.017000000000000001 0.0040000000000000036 0.00077392504494078077
0.017500000000000002 0.0040000000000000036 0.00029682468977450743
0.017999999999999995 0.0040000000000000036 0.00011072288888023476
0.018500000000000003 0.0040000000000000036 4.017085346225252e-05
0.019000000000000003 0.0040000000000000036 1.4174931650082663e-05
0.019500000000000003 0.0040000000000000036 4.8648242193227207e-06
0.019999999999999997 0.0040000000000000036 1.6238637835088523e-06
0.020499999999999997 0.0040000000000000036 5.2719138397001386e-07
0.021000000000000005 0.0040000000000000036 1.6646513070224261e-07
0.021500000000000005 0.0040000000000000036 5.1122785944730391e-08
0.021999999999999999 0.0040000000000000036 1.5270104663333038e-08
0.022499999999999999 0.0040000000000000036 4.4361454711932491e-09
0.023000000000000007 0.0040000000000000036 1.2534465202764608e-09
0.023500000000000007 0.0040000000000000036 3.4446262214118246e-10
0.024 0.0040000000000000036 9.2069261966027316e-11
0.024500000000000001 0.0040000000000000036 2.393445180362539e-11
0.025000000000000001 0.0040000000000000036 6.0515771198368294e-12
-0.025000000000000001 0.0045000000000000005 4.7788876390452306e-12
-0.024500000000000001 0.0045000000000000005 1.8900867262640666e-11
-0.024 0.0045000000000000005 7.2706444821334219e-11
-0.0235 0.0045000000000000005 2.7201969576949215e-10
-0.023 0.0045000000000000005 9.898378494290848e-10
-0.022500000000000003 0.0045000000000000005 3.5031926946447585e-09
-0.022000000000000002 0.0045000000000000005 1.2058693622745411e-08
-0.021500000000000002 0.0045000000000000005 4.0371302387271836e-08
-0.021000000000000001 0.0045000000000000005 1.3145633604128119e-07
-0.020500000000000001 0.0045000000000000005 4.1631930625273963e-07
-0.02 0.0045000000000000005 1.2823537416495498e-06
-0.0195 0.0045000000000000005 3.8417172693117978e-06
-0.019 0.0045000000000000005 1.1193843242093196e-05
-0.018500000000000003 0.0045000000000000005 3.1722638786404725e-05
-0.018000000000000002 0.0045000000000000005 8.743708202852618e-05
-0.017500000000000002 0.0045000000000000005 0.00023440035759885781
-0.017000000000000001 0.0045000000000000005 0.00061116313277929989
-0.016500000000000001 0.0045000000000000005 0.0015498593628986634
-0.016 0.0045000000000000005 0.0038226426283830776
-0.0155 0.0045000000000000005 0.0091700429588936309
-0.015000000000000001 0.0045000000000000005 0.021395148553105248
-0.014500000000000001 0.0045000000000000005 0.048550701208244965
-0.014 0.0045000000000000005 0.10715488426465995
-0.0135 0.0045000000000000005 0.23001952421249777
-0.012999999999999999 0.0045000000000000005 0.48023487364226763
-0.012500000000000001 0.0045000000000000005 0.97516690176485632
-0.012 0.0045000000000000005 1.9259298964990477
-0.0115 0.0045000000000000005 3.6994593671830085
-0.010999999999999999 0.0045000000000000005 6.9115000074244231
-0.010499999999999999 0.0045000000000000005 12.558640493506408
-0.010000000000000002 0.0045000000000000005 22.194696382847596
-0.0095000000000000015 0.0045000000000000005 38.149781309542135
-0.0090000000000000011 0.0045000000000000005 63.778038963323418
-0.0085000000000000006 0.0045000000000000005 103.70185729341499
-0.0080000000000000002 0.0045000000000000005 163.99785667159452
-0.0074999999999999997 0.0045000000000000005 252.24703733736229
-0.0069999999999999993 0.0045000000000000005 377.35511435943585
-0.0064999999999999988 0.0045000000000000005 549.04845165524921
-0.0059999999999999984 0.0045000000000000005 776.97557449619967
-0.0054999999999999979 0.0045000000000000005 1069.4003594772917
-0.005000000000000001 0.0045000000000000005 1431.5599822398897
-0.0044999999999999971 0.0045000000000000005 1863.8675096748259
-0.0040000000000000001 0.0045000000000000005 2360.2433930020061
-0.0035000000000000031 0.0045000000000000005 2906.9315645146853
-0.0029999999999999992 0.0045000000000000005 3482.1629401392543
-0.0025000000000000022 0.0045000000000000005 4056.949810311643
-0.0019999999999999983 0.0045000000000000005 4597.1264017243975
-0.0015000000000000013 0.0045000000000000005 5066.5171822042867
-0.00099999999999999742 0.0045000000000000005 5430.8631439366955
-0.00050000000000000044 0.0045000000000000005 5661.9295632215872
0 0.0045000000000000005 5741.1161074512847
0.00050000000000000044 0.0045000000000000005 5661.9295632215872
0.0010000000000000009 0.0045000000000000005 5430.8631439366927
0.0015000000000000013 0.0045000000000000005 5066.5171822042867
0.0020000000000000018 0.0045000000000000005 4597.1264017243921
0.0024999999999999988 0.0045000000000000005 4056.9498103116466
0.0030000000000000027 0.0045000000000000005 3482.1629401392502
0.0034999999999999996 0.0045000000000000005 2906.9315645146889
0.0040000000000000036 0.0045000000000000005 2360.243393002002
0.0045000000000000005 0.0045000000000000005 1863.8675096748234
0.0049999999999999975 0.0045000000000000005 1431.5599822398929
0.0055000000000000014 0.0045000000000000005 1069.4003594772894
0.0059999999999999984 0.0045000000000000005 776.97557449619967
0.0064999999999999988 0.0045000000000000005 549.04845165524921
0.0069999999999999993 0.0045000000000000005 377.35511435943585
0.0074999999999999997 0.0045000000000000005 252.24703733736229
0.0080000000000000002 0.0045000000000000005 163.99785667159452
0.0085000000000000006 0.0045000000000000005 103.70185729341499
0.0090000000000000011 0.0045000000000000005 63.778038963323418
0.0095000000000000015 0.0045000000000000005 38.149781309542135
0.010000000000000002 0.0045000000000000005 22.194696382847596
0.010500000000000002 0.0045000000000000005 12.558640493506351
0.011000000000000003 0.0045000000000000005 6.9115000074243929
0.011500000000000003 0.0045000000000000005 3.699459367182989
0.012000000000000004 0.0045000000000000005 1.9259298964990375
0.012499999999999997 0.0045000000000000005 0.97516690176486154
0.013000000000000005 0.0045000000000000005 0.48023487364226336
0.013499999999999998 0.0045000000000000005 0.23001952421249777
0.014000000000000005 0.0045000000000000005 0.10715488426465901
0.014499999999999999 0.0045000000000000005 0.048550701208245138
0.014999999999999999 0.0045000000000000005 0.021395148553105248
0.0155 0.0045000000000000005 0.0091700429588936309
0.016000000000000007 0.0045000000000000005 0.0038226426283830299
0.016500000000000001 0.0045000000000000005 0.0015498593628986634
0.017000000000000001 0.0045000000000000005 0.00061116313277929989
0.017500000000000002 0.0045000000000000005 0.00023440035759885781
0.017999999999999995 0.0045000000000000005 8.7437082028527413e-05
0.018500000000000003 0.0045000000000000005 3.1722638786404725e-05
0.019000000000000003 0.0045000000000000005 1.1193843242093115e-05
0.019500000000000003 0.0045000000000000005 3.8417172693117707e-06
0.019999999999999997 0.0045000000000000005 1.2823537416495682e-06
0.020499999999999997 0.0045000000000000005 4.1631930625274111e-07
0.021000000000000005 0.0045000000000000005 1.3145633604128027e-07
0.021500000000000005 0.0045000000000000005 4.0371302387271691e-08
0.021999999999999999 0.0045000000000000005 1.205869362274554e-08
0.022499999999999999 0.0045000000000000005 3.5031926946447833e-09
0.023000000000000007 0.0045000000000000005 9.8983784942906723e-10
0.023500000000000007 0.0045000000000000005 2.7201969576948734e-10
0.024 0.0045000000000000005 7.2706444821334219e-11
0.024500000000000001 0.0045000000000000005 1.8900867262640666e-11
0.025000000000000001 0.0045000000000000005 4.7788876390452306e-12
-0.025000000000000001 0.0049999999999999975 3.6704670627965359e-12
-0.024500000000000001 0.0049999999999999975 1.451697884231324e-11
-0.024 0.0049999999999999975 5.5842830199510209e-11
-0.0235 0.0049999999999999975 2.0892714145363939e-10
-0.023 0.0049999999999999975 7.6025374485780545e-10
-0.022500000000000003 0.0049999999999999975 2.6906582392240524e-09
-0.022000000000000002 0.0049999999999999975 9.2617866553323151e-09
-0.021500000000000002 0.0049999999999999975 3.1007537085405402e-08
-0.021000000000000001 0.0049999999999999975 1.0096620554398204e-07
-0.020500000000000001 0.0049999999999999975 3.1975773791414654e-07
-0.02 0.0049999999999999975 9.8492317189507006e-07
-0.0195 0.0049999999999999975 2.950665043131838e-06
-0.019 0.0049999999999999975 8.5975306451061853e-06
-0.018500000000000003 0.0049999999999999975 2.4364854251679542e-05
-0.018000000000000002 0.0049999999999999975 6.7156826837816915e-05
-0.017500000000000002 0.0049999999999999975 0.00018003327490792974
-0.017000000000000001 0.0049999999999999975 0.00046940926807606287
-0.016500000000000001 0.0049999999999999975 0.0011903832383518625
-0.016 0.0049999999999999975 0.0029360145958830927
-0.0155 0.0049999999999999975 0.0070431328767907317
-0.015000000000000001 0.0049999999999999975 0.016432733723679073
-0.014500000000000001 0.0049999999999999975 0.037289796940306798
-0.014 0.0049999999999999975 0.082301259836648197
-0.0135 0.0049999999999999975 0.17666853694655563
-0.012999999999999999 0.0049999999999999975 0.36884865668496009
-0.012500000000000001 0.0049999999999999975 0.74898559330270276
-0.012 0.0049999999999999975 1.4792275492309346
-0.0115 0.0049999999999999975 2.8414025988927016
-0.010999999999999999 0.0049999999999999975 5.3084389188187
-0.010499999999999999 0.0049999999999999975 9.6457752863441488
-0.010000000000000002 0.0049999999999999975 17.046833530132371
-0.0095000000000000015 0.0049999999999999975 29.301278106120325
-0.0090000000000000011 0.0049999999999999975 48.985288842531141
-0.0085000000000000006 0.0049999999999999975 79.649131826491811
-0.0080000000000000002 0.0049999999999999975 125.96000926328045
-0.0074999999999999997 0.0049999999999999975 193.74057566663632
-0.0069999999999999993 0.0049999999999999975 289.83094453144537
-0.0064999999999999988 0.0049999999999999975 421.70153598393739
-0.0059999999999999984 0.0049999999999999975 596.76298548745217
-0.0054999999999999979 0.0049999999999999975 821.36243680095833
-0.005000000000000001 0.0049999999999999975 1099.522349154644
-0.0044999999999999971 0.0049999999999999975 1431.5599822398954
-0.0040000000000000001 0.0049999999999999975 1812.8058846614356
-0.0035000000000000031 0.0049999999999999975 2232.6945865348803
-0.0029999999999999992 0.0049999999999999975 2674.5061496414246
-0.0025000000000000022 0.0049999999999999975 3115.9763063905298
-0.0019999999999999983 0.0049999999999999975 3530.8637313793161
-0.0015000000000000013 0.0049999999999999975 3891.3834860718539
-0.00099999999999999742 0.0049999999999999975 4171.2226354746035
-0.00050000000000000044 0.0049999999999999975 4348.6952494724865
0 0.0049999999999999975 4409.5151775321156
0.00050000000000000044 0.0049999999999999975 4348.6952494724865
0.0010000000000000009 0.0049999999999999975 4171.2226354746017
0.0015000000000000013 0.0049999999999999975 3891.3834860718539
0.0020000000000000018 0.0049999999999999975 3530.8637313793129
0.0024999999999999988 0.0049999999999999975 3115.9763063905334
0.0030000000000000027 0.0049999999999999975 2674.5061496414223
0.0034999999999999996 0.0049999999999999975 2232.694586534883
0.0040000000000000036 0.0049999999999999975 1812.8058846614324
0.0045000000000000005 0.0049999999999999975 1431.5599822398929
0.0049999999999999975 0.0049999999999999975 1099.522349154646
0.0055000000000000014 0.0049999999999999975 821.36243680095663
0.0059999999999999984 0.0049999999999999975 596.76298548745217
0.0064999999999999988 0.0049999999999999975 421.70153598393739
0.0069999999999999993 0.0049999999999999975 289.83094453144537
0.0074999999999999997 0.0049999999999999975 193.74057566663632
0.0080000000000000002 0.0049999999999999975 125.96000926328045
0.0085000000000000006 0.0049999999999999975 79.649131826491811
0.0090000000000000011 0.0049999999999999975 48.985288842531141
0.0095000000000000015 0.0049999999999999975 29.301278106120325
0.010000000000000002 0.0049999999999999975 17.046833530132371
0.010500000000000002 0.0049999999999999975 9.6457752863440955
0.011000000000000003 0.0049999999999999975 5.3084389188186725
0.011500000000000003 0.0049999999999999975 2.8414025988926865
0.012000000000000004 0.0049999999999999975 1.4792275492309266
0.012499999999999997 0.0049999999999999975 0.74898559330270664
0.013000000000000005 0.0049999999999999975 0.36884865668495742
0.013499999999999998 0.0049999999999999975 0.17666853694655596
0.014000000000000005 0.0049999999999999975 0.082301259836647614
0.014499999999999999 0.0049999999999999975 0.03728979694030693
0.014999999999999999 0.0049999999999999975 0.016432733723679132
0.0155 0.0049999999999999975 0.0070431328767907317
0.016000000000000007 0.0049999999999999975 0.0029360145958830458
0.016500000000000001 0.0049999999999999975 0.0011903832383518625
0.017000000000000001 0.0049999999999999975 0.00046940926807606287
0.017500000000000002 0.0049999999999999975 0.00018003327490792974
0.017999999999999995 0.0049999999999999975 6.715682683781762e-05
0.018500000000000003 0.0049999999999999975 2.4364854251679542e-05
0.019000000000000003 0.0049999999999999975 8.5975306451061548e-06
0.019500000000000003 0.0049999999999999975 2.9506650431318173e-06
0.019999999999999997 0.0049999999999999975 9.8492317189508065e-07
0.020499999999999997 0.0049999999999999975 3.1975773791414876e-07
0.021000000000000005 0.0049999999999999975 1.0096620554398132e-07
0.021500000000000005 0.0049999999999999975 3.1007537085405177e-08
0.021999999999999999 0.0049999999999999975 9.2617866553324143e-09
0.022499999999999999 0.0049999999999999975 2.6906582392240619e-09
0.023000000000000007 0.0049999999999999975 7.6025374485779191e-10
0.023500000000000007 0.0049999999999999975 2.0892714145363641e-10
0.024 0.0049999999999999975 5.5842830199510209e-11
0.024500000000000001 0.0049999999999999975 1.451697884231324e-11
0.025000000000000001 0.0049999999999999975 3.6704670627965359e-12
-0.025000000000000001 0.0055000000000000014 2.7419031302220308e-12
-0.024500000000000001 0.0055000000000000014 1.0844437246844299e-11
-0.024 0.0055000000000000014 4.1715571425897851e-11
-0.0235 0.0055000000000000014 1.560722309557011e-10
-0.023 0.0055000000000000014 5.6792285208532048e-10
-0.022500000000000003 0.0055000000000000014 2.0099687920548118e-09
-0.022000000000000002 0.0055000000000000014 6.9187167156748348e-09
-0.021500000000000002 0.0055000000000000014 2.316317284432255e-08
-0.021000000000000001 0.0055000000000000014 7.5423522481294696e-08
-0.020500000000000001 0.0055000000000000014 2.3886462608154387e-07
-0.02 0.0055000000000000014 7.3575484586687692e-07
-0.0195 0.0055000000000000014 2.2041984247737178e-06
-0.019 0.0055000000000000014 6.4225058513495553e-06
-0.018500000000000003 0.0055000000000000014 1.8200972518517643e-05
-0.018000000000000002 0.0055000000000000014 5.0167324913166321e-05
-0.017500000000000002 0.0055000000000000014 0.00013448800699442242
-0.017000000000000001 0.0055000000000000014 0.00035065693806072857
-0.016500000000000001 0.0055000000000000014 0.00088923711112504501
-0.016 0.0055000000000000014 0.002193254284291526
-0.0155 0.0055000000000000014 0.005261343515974422
-0.015000000000000001 0.0055000000000000014 0.012275539669529651
-0.014500000000000001 0.0055000000000000014 0.027856130897431566
-0.014 0.0055000000000000014 0.061480481395572266
-0.0135 0.0055000000000000014 0.13197448885331711
-0.012999999999999999 0.0055000000000000014 0.27553640150965991
-0.012500000000000001 0.0055000000000000014 0.55950534567751053
-0.012 0.0055000000000000014 1.1050088662168167
-0.0115 0.0055000000000000014 2.1225774668003901
-0.010999999999999999 0.0055000000000000014 3.9654967716865492
-0.010499999999999999 0.0055000000000000014 7.2055629429609303
-0.010000000000000002 0.0055000000000000014 12.734282971887536
-0.0095000000000000015 0.0055000000000000014 21.888567526734761
-0.0090000000000000011 0.0055000000000000014 36.592868023132056
-0.0085000000000000006 0.0055000000000000014 59.499295358921913
-0.0080000000000000002 0.0055000000000000014 94.094331258934503
-0.0074999999999999997 0.0055000000000000014 144.72760054319443
-0.0069999999999999993 0.0055000000000000014 216.50878769649151
-0.0064999999999999988 0.0055000000000000014 315.01842728779002
-0.0059999999999999984 0.0055000000000000014 445.79239369662633
-0.0054999999999999979 0.0055000000000000014 613.57211438793593
-0.005000000000000001 0.0055000000000000014 821.3624368009547
-0.0044999999999999971 0.0055000000000000014 1069.4003594772907
-0.0040000000000000001 0.0055000000000000014 1354.1977205078249
-0.0035000000000000031 0.0055000000000000014 1667.8619289899175
-0.0029999999999999992 0.0055000000000000014 1997.9028984700119
-0.0025000000000000022 0.0055000000000000014 2327.6888314263833
-0.0019999999999999983 0.0055000000000000014 2637.6169985517363
-0.0015000000000000013 0.0055000000000000014 2906.9315645146867
-0.00099999999999999742 0.0055000000000000014 3115.9763063905248
-0.00050000000000000044 0.0055000000000000014 3248.551454872782
0 0.0055000000000000014 3293.9850055009465
0.00050000000000000044 0.0055000000000000014 3248.551454872782
0.0010000000000000009 0.0055000000000000014 3115.9763063905239
0.0015000000000000013 0.0055000000000000014 2906.9315645146867
0.0020000000000000018 0.0055000000000000014 2637.616998551734
0.0024999999999999988 0.0055000000000000014 2327.6888314263842
0.0030000000000000027 0.0055000000000000014 1997.9028984700103
0.0034999999999999996 0.0055000000000000014 1667.8619289899189
0.0040000000000000036 0.0055000000000000014 1354.1977205078226
0.0045000000000000005 0.0055000000000000014 1069.4003594772894
0.0049999999999999975 0.0055000000000000014 821.36243680095663
0.0055000000000000014 0.0055000000000000014 613.57211438793468
0.0059999999999999984 0.0055000000000000014 445.79239369662633
0.0064999999999999988 0.0055000000000000014 315.01842728779002
0.0069999999999999993 0.0055000000000000014 216.50878769649151
0.0074999999999999997 0.0055000000000000014 144.72760054319443
0.0080000000000000002 0.0055000000000000014 94.094331258934503
0.0085000000000000006 0.0055000000000000014 59.499295358921913
0.0090000000000000011 0.0055000000000000014 36.592868023132056
0.0095000000000000015 0.0055000000000000014 21.888567526734761
0.010000000000000002 0.0055000000000000014 12.734282971887536
0.010500000000000002 0.0055000000000000014 7.2055629429609116
0.011000000000000003 0.0055000000000000014 3.9654967716865346
0.011500000000000003 0.0055000000000000014 2.122577466800375
0.012000000000000004 0.0055000000000000014 1.1050088662168129
0.012499999999999997 0.0055000000000000014 0.55950534567751342
0.013000000000000005 0.0055000000000000014 0.27553640150965697
0.013499999999999998 0.0055000000000000014 0.13197448885331736
0.014000000000000005 0.0055000000000000014 0.061480481395571829
0.014499999999999999 0.0055000000000000014 0.027856130897431615
0.014999999999999999 0.0055000000000000014 0.012275539669529696
0.0155 0.0055000000000000014 0.005261343515974422
0.016000000000000007 0.0055000000000000014 0.0021932542842914909
0.016500000000000001 0.0055000000000000014 0.00088923711112504501
0.017000000000000001 0.0055000000000000014 0.00035065693806072857
0.017500000000000002 0.0055000000000000014 0.00013448800699442242
0.017999999999999995 0.0055000000000000014 5.0167324913167039e-05
0.018500000000000003 0.0055000000000000014 1.8200972518517643e-05
0.019000000000000003 0.0055000000000000014 6.4225058513495096e-06
0.019500000000000003 0.0055000000000000014 2.2041984247737017e-06
0.019999999999999997 0.0055000000000000014 7.3575484586688465e-07
0.020499999999999997 0.0055000000000000014 2.3886462608154556e-07
0.021000000000000005 0.0055000000000000014 7.5423522481293902e-08
0.021500000000000005 0.0055000000000000014 2.3163172844322385e-08
0.021999999999999999 0.0055000000000000014 6.9187167156749333e-09
0.022499999999999999 0.0055000000000000014 2.0099687920548259e-09
0.023000000000000007 0.0055000000000000014 5.6792285208531035e-10
0.023500000000000007 0.0055000000000000014 1.5607223095569888e-10
0.024 0.0055000000000000014 4.1715571425897851e-11
0.024500000000000001 0.0055000000000000014 1.0844437246844299e-11
0.025000000000000001 0.0055000000000000014 2.7419031302220308e-12
-0.025000000000000001 0.0059999999999999984 1.9921367530290536e-12
-0.024500000000000001 0.0059999999999999984 7.8790537007797883e-12
-0.024 0.0059999999999999984 3.0308555431865411e-11
-0.0235 0.0059999999999999984 1.133946797708035e-10
-0.023 0.0059999999999999984 4.1262580506723963e-10
-0.022500000000000003 0.0059999999999999984 1.4603479820126102e-09
-0.022000000000000002 0.0059999999999999984 5.0268113782620198e-09
-0.021500000000000002 0.0059999999999999984 1.6829262650209928e-08
-0.021000000000000001 0.0059999999999999984 5.4799153741705372e-08
-0.020500000000000001 0.0059999999999999984 1.7354770683567191e-07
-0.02 0.0059999999999999984 5.3456457068632554e-07
-0.0195 0.0059999999999999984 1.601466019919126e-06
-0.019 0.0059999999999999984 4.6662881018635912e-06
-0.018500000000000003 0.0059999999999999984 1.3223963274032412e-05
-0.018000000000000002 0.0059999999999999984 3.6449198609206829e-05
-0.017500000000000002 0.0059999999999999984 9.7712606482024814e-05
-0.017000000000000001 0.0059999999999999984 0.00025477069788342426
-0.016500000000000001 0.0059999999999999984 0.00064607750423558319
-0.016 0.0059999999999999984 0.0015935145265769401
-0.0155 0.0059999999999999984 0.0038226426283830914
-0.015000000000000001 0.0059999999999999984 0.008918824837169154
-0.014500000000000001 0.0059999999999999984 0.020238943362476829
-0.014 0.0059999999999999984 0.044668801472982966
-0.0135 0.0059999999999999984 0.095886403428711395
-0.012999999999999999 0.0059999999999999984 0.20019167934656895
-0.012500000000000001 0.0059999999999999984 0.40651004419333236
-0.012 0.0059999999999999984 0.80284702641381511
-0.0115 0.0059999999999999984 1.5421641035224882
-0.010999999999999999 0.0059999999999999984 2.8811418521029761
-0.010499999999999999 0.0059999999999999984 5.2352202405393893
-0.010000000000000002 0.0059999999999999984 9.2521259603051416
-0.0095000000000000015 0.0059999999999999984 15.90319488698916
-0.0090000000000000011 0.0059999999999999984 26.586642133385624
-0.0085000000000000006 0.0059999999999999984 43.22936567574547
-0.0080000000000000002 0.0059999999999999984 68.364477755067483
-0.0074999999999999997 0.0059999999999999984 105.15220944237305
-0.0069999999999999993 0.0059999999999999984 157.3050151078892
-0.0064999999999999988 0.0059999999999999984 228.87744645836528
-0.0059999999999999984 0.0059999999999999984 323.89160722535559
-0.0054999999999999979 0.0059999999999999984 445.79239369662736
-0.005000000000000001 0.0059999999999999984 596.76298548745081
-0.0044999999999999971 0.0059999999999999984 776.97557449620081
-0.0040000000000000001 0.0059999999999999984 983.895827739673
-0.0035000000000000031 0.0059999999999999984 1211.7893630507999
-0.0029999999999999992 0.0059999999999999984 1451.5814760761045
-0.0025000000000000022 0.0059999999999999984 1691.1882916608556
-0.0019999999999999983 0.0059999999999999984 1916.3673965402281
-0.0015000000000000013 0.0059999999999999984 2112.0385853095468
-0.00099999999999999742 0.0059999999999999984 2263.920578779027
-0.00050000000000000044 0.0059999999999999984 2360.2433930020093
0 0.0059999999999999984 2393.253255760962
0.00050000000000000044 0.0059999999999999984 2360.2433930020093
0.0010000000000000009 0.0059999999999999984 2263.920578779027
0.0015000000000000013 0.0059999999999999984 2112.0385853095468
0.0020000000000000018 0.0059999999999999984 1916.3673965402272
0.0024999999999999988 0.0059999999999999984 1691.1882916608565
0.0030000000000000027 0.0059999999999999984 1451.5814760761029
0.0034999999999999996 0.0059999999999999984 1211.7893630508008
0.0040000000000000036 0.0059999999999999984 983.89582773967129
0.0045000000000000005 0.0059999999999999984 776.97557449619967
0.0049999999999999975 0.0059999999999999984 596.76298548745217
0.0055000000000000014 0.0059999999999999984 445.79239369662633
0.0059999999999999984 0.0059999999999999984 323.89160722535559
0.0064999999999999988 0.0059999999999999984 228.87744645836528
0.0069999999999999993 0.0059999999999999984 157.3050151078892
0.0074999999999999997 0.0059999999999999984 105.15220944237305
0.0080000000000000002 0.0059999999999999984 68.364477755067483
0.0085000000000000006 0.0059999999999999984 43.22936567574547
0.0090000000000000011 0.0059999999999999984 26.586642133385624
0.0095000000000000015 0.0059999999999999984 15.90319488698916
0.010000000000000002 0.0059999999999999984 9.2521259603051416
0.010500000000000002 0.0059999999999999984 5.2352202405393617
0.011000000000000003 0.0059999999999999984 2.8811418521029606
0.011500000000000003 0.0059999999999999984 1.54216410352248
0.012000000000000004 0.0059999999999999984 0.80284702641381078
0.012499999999999997 0.0059999999999999984 0.40651004419333453
0.013000000000000005 0.0059999999999999984 0.20019167934656756
0.013499999999999998 0.0059999999999999984 0.095886403428711561
0.014000000000000005 0.0059999999999999984 0.044668801472982654
0.014499999999999999 0.0059999999999999984 0.020238943362476901
0.014999999999999999 0.0059999999999999984 0.0089188248371692164
0.0155 0.0059999999999999984 0.0038226426283830914
0.016000000000000007 0.0059999999999999984 0.0015935145265769119
0.016500000000000001 0.0059999999999999984 0.00064607750423558319
0.017000000000000001 0.0059999999999999984 0.00025477069788342426
0.017500000000000002 0.0059999999999999984 9.7712606482024814e-05
0.017999999999999995 0.0059999999999999984 3.6449198609207215e-05
0.018500000000000003 0.0059999999999999984 1.3223963274032412e-05
0.019000000000000003 0.0059999999999999984 4.6662881018635582e-06
0.019500000000000003 0.0059999999999999984 1.6014660199191145e-06
0.019999999999999997 0.0059999999999999984 5.3456457068632925e-07
0.020499999999999997 0.0059999999999999984 1.7354770683567376e-07
0.021000000000000005 0.0059999999999999984 5.4799153741704783e-08
0.021500000000000005 0.0059999999999999984 1.6829262650209806e-08
0.021999999999999999 0.0059999999999999984 5.0268113782620554e-09
0.022499999999999999 0.0059999999999999984 1.4603479820126205e-09
0.023000000000000007 0.0059999999999999984 4.1262580506723229e-10
0.023500000000000007 0.0059999999999999984 1.133946797708019e-10
0.024 0.0059999999999999984 3.0308555431865411e-11
0.024500000000000001 0.0059999999999999984 7.8790537007797883e-12
0.025000000000000001 0.0059999999999999984 1.9921367530290536e-12
-0.025000000000000001 0.0064999999999999988 1.4077400057850443e-12
-0.024500000000000001 0.0064999999999999988 5.5677197288045076e-12
-0.024 0.0064999999999999988 2.1417488500282841e-11
-0.0235 0.0064999999999999988 8.0130155178265582e-11
-0.023 0.0064999999999999988 2.9158131455041881e-10
-0.022500000000000003 0.0064999999999999988 1.0319523865622031e-09
-0.022000000000000002 0.0064999999999999988 3.5521876035644193e-09
-0.021500000000000002 0.0064999999999999988 1.1892369469386039e-08
-0.021000000000000001 0.0064999999999999988 3.8723727619636357e-08
-0.020500000000000001 0.0064999999999999988 1.2263718816158345e-07
-0.02 0.0064999999999999988 3.777491332792416e-07
-0.0195 0.0064999999999999988 1.1316732050234984e-06
-0.019 0.0064999999999999988 3.2974244511698613e-06
-0.018500000000000003 0.0064999999999999988 9.3446908740487309e-06
-0.018000000000000002 0.0064999999999999988 2.5756763426489894e-05
-0.017500000000000002 0.0064999999999999988 6.9048445095511616e-05
-0.017000000000000001 0.0064999999999999988 0.00018003327490792974
-0.016500000000000001 0.0064999999999999988 0.00045654955573068656
-0.016 0.0064999999999999988 0.0011260542959468456
-0.0155 0.0064999999999999988 0.0027012638302124029
-0.015000000000000001 0.0064999999999999988 0.0063024722117002259
-0.014500000000000001 0.0064999999999999988 0.014301814472754096
-0.014 0.0064999999999999988 0.031565131634851605
-0.0135 0.0064999999999999988 0.067757961852869045
-0.012999999999999999 0.0064999999999999988 0.14146510545169724
-0.012500000000000001 0.0064999999999999988 0.28725962266108263
-0.012 0.0064999999999999988 0.56733046859851022
-0.0115 0.0064999999999999988 1.089767607928156
-0.010999999999999999 0.0064999999999999988 2.0359539280523569
-0.010499999999999999 0.0064999999999999988 3.6994593671830152
-0.010000000000000002 0.0064999999999999988 6.5379988763723027
-0.0095000000000000015 0.0064999999999999988 11.237965279326517
-0.0090000000000000011 0.0064999999999999988 18.787404877576368
-0.0085000000000000006 0.0064999999999999988 30.547956807647004
-0.0080000000000000002 0.0064999999999999988 48.30964047226059
-0.0074999999999999997 0.0064999999999999988 74.305627715386805
-0.0069999999999999993 0.0064999999999999988 111.15931802437196
-0.0064999999999999988 0.0064999999999999988 161.73585338027544
-0.0059999999999999984 0.0064999999999999988 228.87744645836528
-0.0054999999999999979 0.0064999999999999988 315.01842728779081
-0.005000000000000001 0.0064999999999999988 421.70153598393642
-0.0044999999999999971 0.0064999999999999988 549.04845165525001
-0.0040000000000000001 0.0064999999999999988 695.26829226363202
-0.0035000000000000031 0.0064999999999999988 856.30886652614674
-0.0029999999999999992 0.0064999999999999988 1025.7575502393408
-0.0025000000000000022 0.0064999999999999988 1195.0752938352762
-0.0019999999999999983 0.0064999999999999988 1354.1977205078274
-0.0015000000000000013 0.0064999999999999988 1492.4684290780385
-0.00099999999999999742 0.0064999999999999988 1599.7955782008432
-0.00050000000000000044 0.0064999999999999988 1667.8619289899218
0 0.0064999999999999988 1691.1882916608556
0.00050000000000000044 0.0064999999999999988 1667.8619289899218
0.0010000000000000009 0.0064999999999999988 1599.7955782008426
0.0015000000000000013 0.0064999999999999988 1492.4684290780385
0.0020000000000000018 0.0064999999999999988 1354.1977205078267
0.0024999999999999988 0.0064999999999999988 1195.0752938352773
0.0030000000000000027 0.0064999999999999988 1025.7575502393399
0.0034999999999999996 0.0064999999999999988 856.30886652614743
0.0040000000000000036 0.0064999999999999988 695.26829226363077
0.0045000000000000005 0.0064999999999999988 549.04845165524921
0.0049999999999999975 0.0064999999999999988 421.70153598393739
0.0055000000000000014 0.0064999999999999988 315.01842728779002
0.0059999999999999984 0.0064999999999999988 228.87744645836528
0.0064999999999999988 0.0064999999999999988 161.73585338027544
0.0069999999999999993 0.0064999999999999988 111.15931802437196
0.0074999999999999997 0.0064999999999999988 74.305627715386805
0.0080000000000000002 0.0064999999999999988 48.30964047226059
0.0085000000000000006 0.0064999999999999988 30.547956807647004
0.0090000000000000011 0.0064999999999999988 18.787404877576368
0.0095000000000000015 0.0064999999999999988 11.237965279326517
0.010000000000000002 0.0064999999999999988 6.5379988763723027
0.010500000000000002 0.0064999999999999988 3.6994593671830018
0.011000000000000003 0.0064999999999999988 2.0359539280523498
0.011500000000000003 0.0064999999999999988 1.0897676079281484
0.012000000000000004 0.0064999999999999988 0.56733046859850833
0.012499999999999997 0.0064999999999999988 0.28725962266108418
0.013000000000000005 0.0064999999999999988 0.14146510545169597
0.013499999999999998 0.0064999999999999988 0.067757961852869281
0.014000000000000005 0.0064999999999999988 0.031565131634851432
0.014499999999999999 0.0064999999999999988 0.014301814472754146
0.014999999999999999 0.0064999999999999988 0.0063024722117002475
0.0155 0.0064999999999999988 0.0027012638302124029
0.016000000000000007 0.0064999999999999988 0.0011260542959468296
0.016500000000000001 0.0064999999999999988 0.00045654955573068656
0.017000000000000001 0.0064999999999999988 0.00018003327490792974
0.017500000000000002 0.0064999999999999988 6.9048445095511616e-05
0.017999999999999995 0.0064999999999999988 2.575676342649026e-05
0.018500000000000003 0.0064999999999999988 9.3446908740487309e-06
0.019000000000000003 0.0064999999999999988 3.297424451169838e-06
0.019500000000000003 0.0064999999999999988 1.1316732050234942e-06
0.019999999999999997 0.0064999999999999988 3.777491332792443e-07
0.020499999999999997 0.0064999999999999988 1.2263718816158475e-07
0.021000000000000005 0.0064999999999999988 3.8723727619635947e-08
0.021500000000000005 0.0064999999999999988 1.1892369469385998e-08
0.021999999999999999 0.0064999999999999988 3.5521876035644573e-09
0.022499999999999999 0.0064999999999999988 1.0319523865622103e-09
0.023000000000000007 0.0064999999999999988 2.9158131455041364e-10
0.023500000000000007 0.0064999999999999988 8.0130155178264432e-11
0.024 0.0064999999999999988 2.1417488500282841e-11
0.024500000000000001 0.0064999999999999988 5.5677197288045076e-12
0.025000000000000001 0.0064999999999999988 1.4077400057850443e-12
-0.025000000000000001 0.0069999999999999993 9.6752461330120211e-13
-0.024500000000000001 0.0069999999999999993 3.8266340769203177e-12
-0.024 0.0069999999999999993 1.4720010224873335e-11
-0.0235 0.0069999999999999993 5.5072596561878835e-11
-0.023 0.0069999999999999993 2.0040071138628097e-10
-0.022500000000000003 0.0069999999999999993 7.0924981150695907e-10
-0.022000000000000002 0.0069999999999999993 2.4413804561840302e-09
-0.021500000000000002 0.0069999999999999993 8.1734980357301076e-09
-0.021000000000000001 0.0069999999999999993 2.6614402827797923e-08
-0.020500000000000001 0.0069999999999999993 8.4287224604527452e-08
-0.02 0.0069999999999999993 2.5962292937540392e-07
-0.0195 0.0069999999999999993 7.7778686090766819e-07
-0.019 0.0069999999999999993 2.2662844729122513e-06
-0.018500000000000003 0.0069999999999999993 6.4225058513495096e-06
-0.018000000000000002 0.0069999999999999993 1.7702347359381927e-05
-0.017500000000000002 0.0069999999999999993 4.7456256031332048e-05
-0.017000000000000001 0.0069999999999999993 0.00012373493966984786
-0.016500000000000001 0.0069999999999999993 0.00031378161489048121
-0.016 0.0069999999999999993 0.00077392504494078348
-0.0155 0.0069999999999999993 0.0018565496696908213
-0.015000000000000001 0.0069999999999999993 0.0043316215809795838
-0.014500000000000001 0.0069999999999999993 0.009829483754381467
-0.014 0.0069999999999999993 0.0216943765562593
-0.0135 0.0069999999999999993 0.046569320734204576
-0.012999999999999999 0.0069999999999999993 0.09722745029998564
-0.012500000000000001 0.0069999999999999993 0.19743045888450195
-0.012 0.0069999999999999993 0.38992014859921442
-0.0115 0.0069999999999999993 0.74898559330270409
-0.010999999999999999 0.0069999999999999993 1.3992893068627512
-0.010499999999999999 0.0069999999999999993 2.5425987603877211
-0.010000000000000002 0.0069999999999999993 4.4934965324780984
-0.0095000000000000015 0.0069999999999999993 7.7237330519063088
-0.0090000000000000011 0.0069999999999999993 12.912381948663432
-0.0085000000000000006 0.0069999999999999993 20.99528320286548
-0.0080000000000000002 0.0069999999999999993 33.202697958831145
-0.0074999999999999997 0.0069999999999999993 51.069461282618668
-0.0069999999999999993 0.0069999999999999993 76.398607515866843
-0.0064999999999999988 0.0069999999999999993 111.15931802437196
-0.0059999999999999984 0.0069999999999999993 157.3050151078892
-0.0054999999999999979 0.0069999999999999993 216.50878769649188
-0.005000000000000001 0.0069999999999999993 289.83094453144463
-0.0044999999999999971 0.0069999999999999993 377.3551143594367
-0.0040000000000000001 0.0069999999999999993 477.85044315610213
-0.0035000000000000031 0.0069999999999999993 588.5319032970699
-0.0029999999999999992 0.0069999999999999993 704.99216691839069
-0.0025000000000000022 0.0069999999999999993 821.36243680095583
-0.0019999999999999983 0.0069999999999999993 930.72557466820274
-0.0015000000000000013 0.0069999999999999993 1025.7575502393399
-0.00099999999999999742 0.0069999999999999993 1099.5223491546435
-0.00050000000000000044 0.0069999999999999993 1146.3036222984026
0 0.0069999999999999993 1162.3355812753252
0.00050000000000000044 0.0069999999999999993 1146.3036222984026
0.0010000000000000009 0.0069999999999999993 1099.5223491546431
0.0015000000000000013 0.0069999999999999993 1025.7575502393399
0.0020000000000000018 0.0069999999999999993 930.7255746682024
0.0024999999999999988 0.0069999999999999993 821.36243680095663
0.0030000000000000027 0.0069999999999999993 704.99216691839001
0.0034999999999999996 0.0069999999999999993 588.5319032970707
0.0040000000000000036 0.0069999999999999993 477.85044315610151
0.0045000000000000005 0.0069999999999999993 377.35511435943585
0.0049999999999999975 0.0069999999999999993 289.83094453144537
0.0055000000000000014 0.0069999999999999993 216.50878769649151
0.0059999999999999984 0.0069999999999999993 157.3050151078892
0.0064999999999999988 0.0069999999999999993 111.15931802437196
0.0069999999999999993 0.0069999999999999993 76.398607515866843
0.0074999999999999997 0.0069999999999999993 51.069461282618668
0.0080000000000000002 0.0069999999999999993 33.202697958831145
0.0085000000000000006 0.0069999999999999993 20.99528320286548
0.0090000000000000011 0.0069999999999999993 12.912381948663432
0.0095000000000000015 0.0069999999999999993 7.7237330519063088
0.010000000000000002 0.0069999999999999993 4.4934965324780984
0.010500000000000002 0.0069999999999999993 2.5425987603877074
0.011000000000000003 0.0069999999999999993 1.3992893068627439
0.011500000000000003 0.0069999999999999993 0.74898559330269998
0.012000000000000004 0.0069999999999999993 0.38992014859921237
0.012499999999999997 0.0069999999999999993 0.197430458884503
0.013000000000000005 0.0069999999999999993 0.097227450299984947
0.013499999999999998 0.0069999999999999993 0.04656932073420466
0.014000000000000005 0.0069999999999999993 0.021694376556259106
0.014499999999999999 0.0069999999999999993 0.0098294837543815034
0.014999999999999999 0.0069999999999999993 0.0043316215809795985
0.0155 0.0069999999999999993 0.0018565496696908213
0.016000000000000007 0.0069999999999999993 0.00077392504494077242
0.016500000000000001 0.0069999999999999993 0.00031378161489048121
0.017000000000000001 0.0069999999999999993 0.00012373493966984786
0.017500000000000002 0.0069999999999999993 4.7456256031332048e-05
0.017999999999999995 0.0069999999999999993 1.7702347359382117e-05
0.018500000000000003 0.0069999999999999993 6.4225058513495096e-06
0.019000000000000003 0.0069999999999999993 2.2662844729122352e-06
0.019500000000000003 0.0069999999999999993 7.7778686090766269e-07
0.019999999999999997 0.0069999999999999993 2.5962292937540667e-07
0.020499999999999997 0.0069999999999999993 8.4287224604528338e-08
0.021000000000000005 0.0069999999999999993 2.6614402827797638e-08
0.021500000000000005 0.0069999999999999993 8.1734980357300497e-09
0.021999999999999999 0.0069999999999999993 2.4413804561840476e-09
0.022499999999999999 0.0069999999999999993 7.0924981150696156e-10
0.023000000000000007 0.0069999999999999993 2.0040071138627668e-10
0.023500000000000007 0.0069999999999999993 5.5072596561878053e-11
0.024 0.0069999999999999993 1.4720010224873335e-11
0.024500000000000001 0.0069999999999999993 3.8266340769203177e-12
0.025000000000000001 0.0069999999999999993 9.6752461330120211e-13
-0.025000000000000001 0.0074999999999999997 6.4675211218613368e-13
-0.024500000000000001 0.0074999999999999997 2.5579542244070945e-12
-0.024 0.0074999999999999997 9.839747303022419e-12
-0.0235 0.0074999999999999997 3.6813862572901305e-11
-0.023 0.0074999999999999997 1.3395998571080479e-10
-0.022500000000000003 0.0074999999999999997 4.7410557556218076e-10
-0.022000000000000002 0.0074999999999999997 1.6319667168977854e-09
-0.021500000000000002 0.0074999999999999997 5.4636616432123724e-09
-0.021000000000000001 0.0074999999999999997 1.7790680471394128e-08
-0.020500000000000001 0.0074999999999999997 5.6342691228584422e-08
-0.02 0.0074999999999999997 1.7354770683567249e-07
-0.0195 0.0074999999999999997 5.1991989475729843e-07
-0.019 0.0074999999999999997 1.5149219456749256e-06
-0.018500000000000003 0.0074999999999999997 4.2931923051708391e-06
-0.018000000000000002 0.0074999999999999997 1.1833322261713527e-05
-0.017500000000000002 0.0074999999999999997 3.1722638786404834e-05
-0.017000000000000001 0.0074999999999999997 8.271193567846208e-05
-0.016500000000000001 0.0074999999999999997 0.00020975065585480672
-0.016 0.0074999999999999997 0.00051733842282457429
-0.0155 0.0074999999999999997 0.0012410303611337754
-0.015000000000000001 0.0074999999999999997 0.0028955184893239027
-0.014500000000000001 0.0074999999999999997 0.0065706228993539862
-0.014 0.0074999999999999997 0.014501836612144181
-0.0135 0.0074999999999999997 0.031129757459249223
-0.012999999999999999 0.0074999999999999997 0.064992722644475198
-0.012500000000000001 0.0074999999999999997 0.13197448885331711
-0.012 0.0074999999999999997 0.26064626803655877
-0.0115 0.0074999999999999997 0.50066738128005328
-0.010999999999999999 0.0074999999999999997 0.93536981109463513
-0.010499999999999999 0.0074999999999999997 1.6996271682554831
-0.010000000000000002 0.0074999999999999997 3.0037255213233052
-0.0095000000000000015 0.0074999999999999997 5.163011458941714
-0.0090000000000000011 0.0074999999999999997 8.6314189673771029
-0.0085000000000000006 0.0074999999999999997 14.034520228967109
-0.0080000000000000002 0.0074999999999999997 22.194696382847656
-0.0074999999999999997 0.0074999999999999997 34.137924243648342
-0.0069999999999999993 0.0074999999999999997 51.069461282618668
-0.0064999999999999988 0.0074999999999999997 74.305627715386805
-0.0059999999999999984 0.0074999999999999997 105.15220944237305
-0.0054999999999999979 0.0074999999999999997 144.72760054319468
-0.005000000000000001 0.0074999999999999997 193.74057566663581
-0.0044999999999999971 0.0074999999999999997 252.24703733736271
-0.0040000000000000001 0.0074999999999999997 319.42420809927034
-0.0035000000000000031 0.0074999999999999997 393.41040663304472
-0.0029999999999999992 0.0074999999999999997 471.25950777978238
-0.0025000000000000022 0.0074999999999999997 549.04845165524853
-0.0019999999999999983 0.0074999999999999997 622.15340365188149
-0.0015000000000000013 0.0074999999999999997 685.67853787678223
-0.00099999999999999742 0.0074999999999999997 734.98740180395362
-0.00050000000000000044 0.0074999999999999997 766.25884110434436
0 0.0074999999999999997 776.9755744961991
0.00050000000000000044 0.0074999999999999997 766.25884110434436
0.0010000000000000009 0.0074999999999999997 734.98740180395316
0.0015000000000000013 0.0074999999999999997 685.67853787678223
0.0020000000000000018 0.0074999999999999997 622.15340365188104
0.0024999999999999988 0.0074999999999999997 549.04845165524921
0.0030000000000000027 0.0074999999999999997 471.25950777978153
0.0034999999999999996 0.0074999999999999997 393.41040663304523
0.0040000000000000036 0.0074999999999999997 319.42420809926978
0.0045000000000000005 0.0074999999999999997 252.24703733736229
0.0049999999999999975 0.0074999999999999997 193.74057566663632
0.0055000000000000014 0.0074999999999999997 144.72760054319443
0.0059999999999999984 0.0074999999999999997 105.15220944237305
0.0064999999999999988 0.0074999999999999997 74.305627715386805
0.0069999999999999993 0.0074999999999999997 51.069461282618668
0.0074999999999999997 0.0074999999999999997 34.137924243648342
0.0080000000000000002 0.0074999999999999997 22.194696382847656
0.0085000000000000006 0.0074999999999999997 14.034520228967109
0.0090000000000000011 0.0074999999999999997 8.6314189673771029
0.0095000000000000015 0.0074999999999999997 5.163011458941714
0.010000000000000002 0.0074999999999999997 3.0037255213233052
0.010500000000000002 0.0074999999999999997 1.6996271682554769
0.011000000000000003 0.0074999999999999997 0.93536981109463169
0.011500000000000003 0.0074999999999999997 0.50066738128004973
0.012000000000000004 0.0074999999999999997 0.26064626803655783
0.012499999999999997 0.0074999999999999997 0.13197448885331783
0.013000000000000005 0.0074999999999999997 0.064992722644474615
0.013499999999999998 0.0074999999999999997 0.03112975745924933
0.014000000000000005 0.0074999999999999997 0.014501836612144105
0.014499999999999999 0.0074999999999999997 0.0065706228993540096
0.014999999999999999 0.0074999999999999997 0.0028955184893239127
0.0155 0.0074999999999999997 0.0012410303611337754
0.016000000000000007 0.0074999999999999997 0.00051733842282456692
0.016500000000000001 0.0074999999999999997 0.00020975065585480672
0.017000000000000001 0.0074999999999999997 8.271193567846208e-05
0.017500000000000002 0.0074999999999999997 3.1722638786404834e-05
0.017999999999999995 0.0074999999999999997 1.1833322261713695e-05
0.018500000000000003 0.0074999999999999997 4.2931923051708391e-06
0.019000000000000003 0.0074999999999999997 1.5149219456749148e-06
0.019500000000000003 0.0074999999999999997 5.1991989475729663e-07
0.019999999999999997 0.0074999999999999997 1.7354770683567376e-07
0.020499999999999997 0.0074999999999999997 5.6342691228585024e-08
0.021000000000000005 0.0074999999999999997 1.7790680471394003e-08
0.021500000000000005 0.0074999999999999997 5.4636616432123526e-09
0.021999999999999999 0.0074999999999999997 1.6319667168978028e-09
0.022499999999999999 0.0074999999999999997 4.7410557556218417e-10
0.023000000000000007 0.0074999999999999997 1.3395998571080287e-10
0.023500000000000007 0.0074999999999999997 3.6813862572900781e-11
0.024 0.0074999999999999997 9.839747303022419e-12
0.024500000000000001 0.0074999999999999997 2.5579542244070945e-12
0.025000000000000001 0.0074999999999999997 6.4675211218613368e-13
-0.025000000000000001 0.0080000000000000002 4.2048446362720513e-13
-0.024500000000000001 0.0080000000000000002 1.663048314441703e-12
-0.024 0.0080000000000000002 6.3972900729358101e-12
-0.0235 0.0080000000000000002 2.3934451803625561e-11
-0.023 0.0080000000000000002 8.7093790152021525e-11
-0.022500000000000003 0.0080000000000000002 3.0823869746490661e-10
-0.022000000000000002 0.0080000000000000002 1.0610195725417704e-09
-0.021500000000000002 0.0080000000000000002 3.5521876035644193e-09
-0.021000000000000001 0.0080000000000000002 1.1566571789446667e-08
-0.020500000000000001 0.0080000000000000002 3.66310768131614e-08
-0.02 0.0080000000000000002 1.1283165999391035e-07
-0.0195 0.0080000000000000002 3.3802477635081703e-07
-0.019 0.0080000000000000002 9.8492317189507006e-07
-0.018500000000000003 0.0080000000000000002 2.7912095371227273e-06
-0.018000000000000002 0.0080000000000000002 7.6934084487574017e-06
-0.017500000000000002 0.0080000000000000002 2.0624403853670159e-05
-0.017000000000000001 0.0080000000000000002 5.3774983110247348e-05
-0.016500000000000001 0.0080000000000000002 0.00013636892769386123
-0.016 0.0080000000000000002 0.00033634643805002486
-0.0155 0.0080000000000000002 0.00080685316045203692
-0.015000000000000001 0.0080000000000000002 0.0018825149790243272
-0.014500000000000001 0.0080000000000000002 0.0042718760302036052
-0.014 0.0080000000000000002 0.009428337186028226
-0.0135 0.0080000000000000002 0.020238943362476829
-0.012999999999999999 0.0080000000000000002 0.04225487571808479
-0.012500000000000001 0.0080000000000000002 0.085802923735935024
-0.012 0.0080000000000000002 0.16945859804203223
-0.0115 0.0080000000000000002 0.32550779704696603
-0.010999999999999999 0.0080000000000000002 0.60812862594566275
-0.010499999999999999 0.0080000000000000002 1.1050088662168207
-0.010000000000000002 0.0080000000000000002 1.9528655429477522
-0.0095000000000000015 0.0080000000000000002 3.3567205473453874
-0.0090000000000000011 0.0080000000000000002 5.6116980624482702
-0.0085000000000000006 0.0080000000000000002 9.1245124670640827
-0.0080000000000000002 0.0080000000000000002 14.429833050509629
-0.0074999999999999997 0.0080000000000000002 22.194696382847656
-0.0069999999999999993 0.0080000000000000002 33.202697958831145
-0.0064999999999999988 0.0080000000000000002 48.30964047226059
-0.0059999999999999984 0.0080000000000000002 68.364477755067483
-0.0054999999999999979 0.0080000000000000002 94.094331258934673
-0.005000000000000001 0.0080000000000000002 125.96000926328023
-0.0044999999999999971 0.0080000000000000002 163.99785667159477
-0.0040000000000000001 0.0080000000000000002 207.67294652995548
-0.0035000000000000031 0.0080000000000000002 255.77491082216733
-0.0029999999999999992 0.0080000000000000002 306.38833275425571
-0.0025000000000000022 0.0080000000000000002 356.96264356870347
-0.0019999999999999983 0.0080000000000000002 404.49166736252192
-0.0015000000000000013 0.0080000000000000002 445.79239369662633
-0.00099999999999999742 0.0080000000000000002 477.85044315610213
-0.00050000000000000044 0.0080000000000000002 498.18150065605988
0 0.0080000000000000002 505.14896130628972
0.00050000000000000044 0.0080000000000000002 498.18150065605988
0.0010000000000000009 0.0080000000000000002 477.85044315610213
0.0015000000000000013 0.0080000000000000002 445.79239369662633
0.0020000000000000018 0.0080000000000000002 404.49166736252158
0.0024999999999999988 0.0080000000000000002 356.9626435687041
0.0030000000000000027 0.0080000000000000002 306.3883327542552
0.0034999999999999996 0.0080000000000000002 255.77491082216778
0.0040000000000000036 0.0080000000000000002 207.67294652995511
0.0045000000000000005 0.0080000000000000002 163.99785667159452
0.0049999999999999975 0.0080000000000000002 125.96000926328045
0.0055000000000000014 0.0080000000000000002 94.094331258934503
0.0059999999999999984 0.0080000000000000002 68.364477755067483
0.0064999999999999988 0.0080000000000000002 48.30964047226059
0.0069999999999999993 0.0080000000000000002 33.202697958831145
0.0074999999999999997 0.0080000000000000002 22.194696382847656
0.0080000000000000002 0.0080000000000000002 14.429833050509629
0.0085000000000000006 0.0080000000000000002 9.1245124670640827
0.0090000000000000011 0.0080000000000000002 5.6116980624482702
0.0095000000000000015 0.0080000000000000002 3.3567205473453874
0.010000000000000002 0.0080000000000000002 1.9528655429477522
0.010500000000000002 0.0080000000000000002 1.1050088662168167
0.011000000000000003 0.0080000000000000002 0.60812862594566053
0.011500000000000003 0.0080000000000000002 0.32550779704696431
0.012000000000000004 0.0080000000000000002 0.16945859804203164
0.012499999999999997 0.0080000000000000002 0.085802923735935469
0.013000000000000005 0.0080000000000000002 0.042254875718084423
0.013499999999999998 0.0080000000000000002 0.020238943362476901
0.014000000000000005 0.0080000000000000002 0.0094283371860281757
0.014499999999999999 0.0080000000000000002 0.00427187603020362
0.014999999999999999 0.0080000000000000002 0.0018825149790243339
0.0155 0.0080000000000000002 0.00080685316045203692
0.016000000000000007 0.0080000000000000002 0.00033634643805002015
0.016500000000000001 0.0080000000000000002 0.00013636892769386123
0.017000000000000001 0.0080000000000000002 5.3774983110247348e-05
0.017500000000000002 0.0080000000000000002 2.0624403853670159e-05
0.017999999999999995 0.0080000000000000002 7.6934084487574847e-06
0.018500000000000003 0.0080000000000000002 2.7912095371227273e-06
0.019000000000000003 0.0080000000000000002 9.8492317189506667e-07
0.019500000000000003 0.0080000000000000002 3.3802477635081465e-07
0.019999999999999997 0.0080000000000000002 1.1283165999391157e-07
0.020499999999999997 0.0080000000000000002 3.6631076813161651e-08
0.021000000000000005 0.0080000000000000002 1.1566571789446543e-08
0.021500000000000005 0.0080000000000000002 3.5521876035643944e-09
0.021999999999999999 0.0080000000000000002 1.061019572541778e-09
0.022499999999999999 0.0080000000000000002 3.0823869746490878e-10
0.023000000000000007 0.0080000000000000002 8.7093790152019676e-11
0.023500000000000007 0.0080000000000000002 2.3934451803625219e-11
0.024 0.0080000000000000002 6.3972900729358101e-12
0.024500000000000001 0.0080000000000000002 1.663048314441703e-12
0.025000000000000001 0.0080000000000000002 4.2048446362720513e-13
-0.025000000000000001 0.0085000000000000006 2.6588774223120178e-13
-0.024500000000000001 0.0085000000000000006 1.0516064202085403e-12
-0.024 0.0085000000000000006 4.0452410517574511e-12
-0.0235 0.0085000000000000006 1.5134631364762217e-11
-0.023 0.0085000000000000006 5.5072596561878835e-11
-0.022500000000000003 0.0085000000000000006 1.9491062911159651e-10
-0.022000000000000002 0.0085000000000000006 6.7092157501534542e-10
-0.021500000000000002 0.0085000000000000006 2.2461784526973009e-09
-0.021000000000000001 0.0085000000000000006 7.3139673982763514e-09
-0.020500000000000001 0.0085000000000000006 2.316317284432255e-08
-0.02 0.0085000000000000006 7.1347595269483173e-08
-0.0195 0.0085000000000000006 2.1374545881392871e-07
-0.019 0.0085000000000000006 6.2280303102602337e-07
-0.018500000000000003 0.0085000000000000006 1.7649841221666148e-06
-0.018000000000000002 0.0085000000000000006 4.8648242193227385e-06
-0.017500000000000002 0.0085000000000000006 1.3041566692411031e-05
-0.017000000000000001 0.0085000000000000006 3.4003893329055687e-05
-0.016500000000000001 0.0085000000000000006 8.6231072563854361e-05
-0.016 0.0085000000000000006 0.00021268418397478648
-0.0155 0.0085000000000000006 0.00051020283435466822
-0.015000000000000001 0.0085000000000000006 0.0011903832383518625
-0.014500000000000001 0.0085000000000000006 0.0027012638302123929
-0.014 0.0085000000000000006 0.005961883266179583
-0.0135 0.0085000000000000006 0.012797825892005146
-0.012999999999999999 0.0085000000000000006 0.026719307072668536
-0.012500000000000001 0.0085000000000000006 0.054256334401002464
-0.012 0.0085000000000000006 0.10715488426465995
-0.0115 0.0085000000000000006 0.20583051390027762
-0.010999999999999999 0.0085000000000000006 0.38454202551039046
-0.010499999999999999 0.0085000000000000006 0.69873761814975621
-0.010000000000000002 0.0085000000000000006 1.2348684791261193
-0.0095000000000000015 0.0085000000000000006 2.1225774668003825
-0.0090000000000000011 0.0085000000000000006 3.5484824220055815
-0.0085000000000000006 0.0085000000000000006 5.7697637575001224
-0.0080000000000000002 0.0085000000000000006 9.1245124670640827
-0.0074999999999999997 0.0085000000000000006 14.034520228967109
-0.0069999999999999993 0.0085000000000000006 20.99528320286548
-0.0064999999999999988 0.0085000000000000006 30.547956807647004
-0.0059999999999999984 0.0085000000000000006 43.22936567574547
-0.0054999999999999979 0.0085000000000000006 59.499295358922012
-0.005000000000000001 0.0085000000000000006 79.649131826491669
-0.0044999999999999971 0.0085000000000000006 103.70185729341517
-0.0040000000000000001 0.0085000000000000006 131.31921783513548
-0.0035000000000000031 0.0085000000000000006 161.7358533802749
-0.0029999999999999992 0.0085000000000000006 193.74057566663598
-0.0025000000000000022 0.0085000000000000006 225.72056655941378
-0.0019999999999999983 0.0085000000000000006 255.77491082216778
-0.0015000000000000013 0.0085000000000000006 281.89087425814313
-0.00099999999999999742 0.0085000000000000006 302.16235424954976
-0.00050000000000000044 0.0085000000000000006 315.01842728778973
0 0.0085000000000000006 319.42420809927012
0.00050000000000000044 0.0085000000000000006 315.01842728778973
0.0010000000000000009 0.0085000000000000006 302.16235424954976
0.0015000000000000013 0.0085000000000000006 281.89087425814313
0.0020000000000000018 0.0085000000000000006 255.77491082216756
0.0024999999999999988 0.0085000000000000006 225.72056655941418
0.0030000000000000027 0.0085000000000000006 193.74057566663561
0.0034999999999999996 0.0085000000000000006 161.73585338027516
0.0040000000000000036 0.0085000000000000006 131.31921783513525
0.0045000000000000005 0.0085000000000000006 103.70185729341499
0.0049999999999999975 0.0085000000000000006 79.649131826491811
0.0055000000000000014 0.0085000000000000006 59.499295358921913
0.0059999999999999984 0.0085000000000000006 43.22936567574547
0.0064999999999999988 0.0085000000000000006 30.547956807647004
0.0069999999999999993 0.0085000000000000006 20.99528320286548
0.0074999999999999997 0.0085000000000000006 14.034520228967109
0.0080000000000000002 0.0085000000000000006 9.1245124670640827
0.0085000000000000006 0.0085000000000000006 5.7697637575001224
0.0090000000000000011 0.0085000000000000006 3.5484824220055815
0.0095000000000000015 0.0085000000000000006 2.1225774668003825
0.010000000000000002 0.0085000000000000006 1.2348684791261193
0.010500000000000002 0.0085000000000000006 0.69873761814975377
0.011000000000000003 0.0085000000000000006 0.38454202551038913
0.011500000000000003 0.0085000000000000006 0.20583051390027651
0.012000000000000004 0.0085000000000000006 0.10715488426465958
0.012499999999999997 0.0085000000000000006 0.054256334401002755
0.013000000000000005 0.0085000000000000006 0.0267193070726683
0.013499999999999998 0.0085000000000000006 0.012797825892005191
0.014000000000000005 0.0085000000000000006 0.0059618832661795509
0.014499999999999999 0.0085000000000000006 0.0027012638302124029
0.014999999999999999 0.0085000000000000006 0.0011903832383518625
0.0155 0.0085000000000000006 0.00051020283435466822
0.016000000000000007 0.0085000000000000006 0.00021268418397478347
0.016500000000000001 0.0085000000000000006 8.6231072563854361e-05
0.017000000000000001 0.0085000000000000006 3.4003893329055687e-05
0.017500000000000002 0.0085000000000000006 1.3041566692411031e-05
0.017999999999999995 0.0085000000000000006 4.8648242193228071e-06
0.018500000000000003 0.0085000000000000006 1.7649841221666148e-06
0.019000000000000003 0.0085000000000000006 6.2280303102601892e-07
0.019500000000000003 0.0085000000000000006 2.1374545881392794e-07
0.019999999999999997 0.0085000000000000006 7.1347595269483676e-08
0.020499999999999997 0.0085000000000000006 2.3163172844322795e-08
0.021000000000000005 0.0085000000000000006 7.313967398276248e-09
0.021500000000000005 0.0085000000000000006 2.2461784526972851e-09
0.021999999999999999 0.0085000000000000006 6.7092157501535018e-10
0.022499999999999999 0.0085000000000000006 1.9491062911159791e-10
0.023000000000000007 0.0085000000000000006 5.5072596561878053e-11
0.023500000000000007 0.0085000000000000006 1.5134631364762001e-11
0.024 0.0085000000000000006 4.0452410517574511e-12
0.024500000000000001 0.0085000000000000006 1.0516064202085403e-12
0.025000000000000001 0.0085000000000000006 2.6588774223120178e-13
-0.025000000000000001 0.0090000000000000011 1.6352454263100809e-13
-0.024500000000000001 0.0090000000000000011 6.4675211218613368e-13
-0.024 0.0090000000000000011 2.4878777309170325e-12
-0.0235 0.0090000000000000011 9.3080021329438508e-12
-0.023 0.0090000000000000011 3.3870388641129494e-11
-0.022500000000000003 0.0090000000000000011 1.1987266209391806e-10
-0.022000000000000002 0.0090000000000000011 4.1262580506723518e-10
-0.021500000000000002 0.0090000000000000011 1.3814300014837133e-09
-0.021000000000000001 0.0090000000000000011 4.4981884594786722e-09
-0.020500000000000001 0.0090000000000000011 1.4245663276786919e-08
-0.02 0.0090000000000000011 4.3879732049171917e-08
-0.0195 0.0090000000000000011 1.3145633604128167e-07
-0.019 0.0090000000000000011 3.8303225242018687e-07
-0.018500000000000003 0.0090000000000000011 1.0854890071514388e-06
-0.018000000000000002 0.0090000000000000011 2.9919324176789565e-06
-0.017500000000000002 0.0090000000000000011 8.0207391686145435e-06
-0.017000000000000001 0.0090000000000000011 2.091285238517054e-05
-0.016500000000000001 0.0090000000000000011 5.3033271046109621e-05
-0.016 0.0090000000000000011 0.0001308036377212304
-0.0155 0.0090000000000000011 0.00031378161489048121
-0.015000000000000001 0.0090000000000000011 0.0007321017244858245
-0.014500000000000001 0.0090000000000000011 0.0016613136380580734
-0.014 0.0090000000000000011 0.0036666385074410153
-0.0135 0.0090000000000000011 0.0078708352934963501
-0.012999999999999999 0.0090000000000000011 0.016432733723679073
-0.012500000000000001 0.0090000000000000011 0.033368376418210666
-0.012 0.0090000000000000011 0.06590169705837913
-0.0115 0.0090000000000000011 0.12658853831546935
-0.010999999999999999 0.0090000000000000011 0.2364985249651296
-0.010499999999999999 0.0090000000000000011 0.42973304624048136
-0.010000000000000002 0.0090000000000000011 0.75946074671978447
-0.0095000000000000015 0.0090000000000000011 1.3054137304140971
-0.0090000000000000011 0.0090000000000000011 2.1823644829330449
-0.0085000000000000006 0.0090000000000000011 3.5484824220055815
-0.0080000000000000002 0.0090000000000000011 5.6116980624482702
-0.0074999999999999997 0.0090000000000000011 8.6314189673771029
-0.0069999999999999993 0.0090000000000000011 12.912381948663432
-0.0064999999999999988 0.0090000000000000011 18.787404877576368
-0.0059999999999999984 0.0090000000000000011 26.586642133385624
-0.0054999999999999979 0.0090000000000000011 36.592868023132127
-0.005000000000000001 0.0090000000000000011 48.985288842531048
-0.0044999999999999971 0.0090000000000000011 63.778038963323532
-0.0040000000000000001 0.0090000000000000011 80.763087666070689
-0.0035000000000000031 0.0090000000000000011 99.469728198479842
-0.0029999999999999992 0.0090000000000000011 119.15306346618374
-0.0025000000000000022 0.0090000000000000011 138.82118859373475
-0.0019999999999999983 0.0090000000000000011 157.30501510788895
-0.0015000000000000013 0.0090000000000000011 173.36668436875499
-0.00099999999999999742 0.0090000000000000011 185.83391759369226
-0.00050000000000000044 0.0090000000000000011 193.74057566663561
0 0.0090000000000000011 196.45019020577948
0.00050000000000000044 0.0090000000000000011 193.74057566663561
0.0010000000000000009 0.0090000000000000011 185.83391759369226
0.0015000000000000013 0.0090000000000000011 173.36668436875499
0.0020000000000000018 0.0090000000000000011 157.30501510788878
0.0024999999999999988 0.0090000000000000011 138.82118859373497
0.0030000000000000027 0.0090000000000000011 119.15306346618362
0.0034999999999999996 0.0090000000000000011 99.469728198480027
0.0040000000000000036 0.0090000000000000011 80.763087666070476
0.0045000000000000005 0.0090000000000000011 63.778038963323418
0.0049999999999999975 0.0090000000000000011 48.985288842531141
0.0055000000000000014 0.0090000000000000011 36.592868023132056
0.0059999999999999984 0.0090000000000000011 26.586642133385624
0.0064999999999999988 0.0090000000000000011 18.787404877576368
0.0069999999999999993 0.0090000000000000011 12.912381948663432
0.0074999999999999997 0.0090000000000000011 8.6314189673771029
0.0080000000000000002 0.0090000000000000011 5.6116980624482702
0.0085000000000000006 0.0090000000000000011 3.5484824220055815
0.0090000000000000011 0.0090000000000000011 2.1823644829330449
0.0095000000000000015 0.0090000000000000011 1.3054137304140971
0.010000000000000002 0.0090000000000000011 0.75946074671978447
0.010500000000000002 0.0090000000000000011 0.42973304624047987
0.011000000000000003 0.0090000000000000011 0.23649852496512835
0.011500000000000003 0.0090000000000000011 0.12658853831546868
0.012000000000000004 0.0090000000000000011 0.065901697058378783
0.012499999999999997 0.0090000000000000011 0.033368376418210846
0.013000000000000005 0.0090000000000000011 0.016432733723678986
0.013499999999999998 0.0090000000000000011 0.0078708352934963779
0.014000000000000005 0.0090000000000000011 0.0036666385074409827
0.014499999999999999 0.0090000000000000011 0.0016613136380580792
0.014999999999999999 0.0090000000000000011 0.00073210172448582699
0.0155 0.0090000000000000011 0.00031378161489048121
0.016000000000000007 0.0090000000000000011 0.00013080363772122853
0.016500000000000001 0.0090000000000000011 5.3033271046109621e-05
0.017000000000000001 0.0090000000000000011 2.091285238517054e-05
0.017500000000000002 0.0090000000000000011 8.0207391686145435e-06
0.017999999999999995 0.0090000000000000011 2.9919324176789882e-06
0.018500000000000003 0.0090000000000000011 1.0854890071514388e-06
0.019000000000000003 0.0090000000000000011 3.8303225242018549e-07
0.019500000000000003 0.0090000000000000011 1.3145633604128072e-07
0.019999999999999997 0.0090000000000000011 4.3879732049172387e-08
0.020499999999999997 0.0090000000000000011 1.424566327678702e-08
0.021000000000000005 0.0090000000000000011 4.4981884594786557e-09
0.021500000000000005 0.0090000000000000011 1.3814300014837034e-09
0.021999999999999999 0.0090000000000000011 4.1262580506723963e-10
0.022499999999999999 0.0090000000000000011 1.1987266209391891e-10
0.023000000000000007 0.0090000000000000011 3.3870388641128771e-11
0.023500000000000007 0.0090000000000000011 9.3080021329437183e-12
0.024 0.0090000000000000011 2.4878777309170325e-12
0.024500000000000001 0.0090000000000000011 6.4675211218613368e-13
0.025000000000000001 0.0090000000000000011 1.6352454263100809e-13
-0.025000000000000001 0.0095000000000000015 9.7814634026351022e-14
-0.024500000000000001 0.0095000000000000015 3.8686438219861595e-13
-0.024 0.0095000000000000015 1.4881610175243087e-12
-0.0235 0.0095000000000000015 5.5677197288045076e-12
-0.023 0.0095000000000000015 2.0260076047044283e-11
-0.022500000000000003 0.0095000000000000015 7.1703613315948375e-11
-0.022000000000000002 0.0095000000000000015 2.4681825408650921e-10
-0.021500000000000002 0.0095000000000000015 8.2632287394961512e-10
-0.021000000000000001 0.0095000000000000015 2.6906582392240524e-09
-0.020500000000000001 0.0095000000000000015 8.5212550817268781e-09
-0.02 0.0095000000000000015 2.6247313476663709e-08
-0.0195 0.0095000000000000015 7.8632559941401631e-08
-0.019 0.0095000000000000015 2.291164310137331e-07
-0.018500000000000003 0.0095000000000000015 6.4930137253912067e-07
-0.018000000000000002 0.0095000000000000015 1.7896688152017404e-06
-0.017500000000000002 0.0095000000000000015 4.7977242668042658e-06
-0.017000000000000001 0.0095000000000000015 1.2509333275546341e-05
-0.016500000000000001 0.0095000000000000015 3.1722638786404725e-05
-0.016 0.0095000000000000015 7.8242138746648679e-05
-0.0155 0.0095000000000000015 0.00018769313358648132
-0.015000000000000001 0.0095000000000000015 0.00043791752050473341
-0.014500000000000001 0.0095000000000000015 0.00099373942831516501
-0.014 0.0095000000000000015 0.0021932542842915187
-0.0135 0.0095000000000000015 0.0047080570373602684
-0.012999999999999999 0.0095000000000000015 0.0098294837543814323
-0.012500000000000001 0.0095000000000000015 0.019959789979451619
-0.012 0.0095000000000000015 0.039420078942073687
-0.0115 0.0095000000000000015 0.075720814429664912
-0.010999999999999999 0.0095000000000000015 0.14146510545169697
-0.010499999999999999 0.0095000000000000015 0.25705120449039698
-0.010000000000000002 0.0095000000000000015 0.45428272602114478
-0.0095000000000000015 0.0095000000000000015 0.78085261232962033
-0.0090000000000000011 0.0095000000000000015 1.3054137304140971
-0.0085000000000000006 0.0095000000000000015 2.1225774668003825
-0.0080000000000000002 0.0095000000000000015 3.3567205473453874
-0.0074999999999999997 0.0095000000000000015 5.163011458941714
-0.0069999999999999993 0.0095000000000000015 7.7237330519063088
-0.0064999999999999988 0.0095000000000000015 11.237965279326517
-0.0059999999999999984 0.0095000000000000015 15.90319488698916
-0.0054999999999999979 0.0095000000000000015 21.888567526734803
-0.005000000000000001 0.0095000000000000015 29.301278106120272
-0.0044999999999999971 0.0095000000000000015 38.149781309542171
-0.0040000000000000001 0.0095000000000000015 48.309640472260504
-0.0035000000000000031 0.0095000000000000015 59.499295358921806
-0.0029999999999999992 0.0095000000000000015 71.273174708475452
-0.0025000000000000022 0.0095000000000000015 83.03795588677842
-0.0019999999999999983 0.0095000000000000015 94.094331258934503
-0.0015000000000000013 0.0095000000000000015 103.7018572934149
-0.00099999999999999742 0.0095000000000000015 111.15931802437164
-0.00050000000000000044 0.0095000000000000015 115.88880298933863
0 0.0095000000000000015 117.50959917218988
0.00050000000000000044 0.0095000000000000015 115.88880298933863
0.0010000000000000009 0.0095000000000000015 111.15931802437164
0.0015000000000000013 0.0095000000000000015 103.7018572934149
0.0020000000000000018 0.0095000000000000015 94.094331258934403
0.0024999999999999988 0.0095000000000000015 83.037955886778576
0.0030000000000000027 0.0095000000000000015 71.273174708475381
0.0034999999999999996 0.0095000000000000015 59.499295358921913
0.0040000000000000036 0.0095000000000000015 48.309640472260369
0.0045000000000000005 0.0095000000000000015 38.149781309542135
0.0049999999999999975 0.0095000000000000015 29.301278106120325
0.0055000000000000014 0.0095000000000000015 21.888567526734761
0.0059999999999999984 0.0095000000000000015 15.90319488698916
0.0064999999999999988 0.0095000000000000015 11.237965279326517
0.0069999999999999993 0.0095000000000000015 7.7237330519063088
0.0074999999999999997 0.0095000000000000015 5.163011458941714
0.0080000000000000002 0.0095000000000000015 3.3567205473453874
0.0085000000000000006 0.0095000000000000015 2.1225774668003825
0.0090000000000000011 0.0095000000000000015 1.3054137304140971
0.0095000000000000015 0.0095000000000000015 0.78085261232962033
0.010000000000000002 0.0095000000000000015 0.45428272602114478
0.010500000000000002 0.0095000000000000015 0.25705120449039559
0.011000000000000003 0.0095000000000000015 0.14146510545169622
0.011500000000000003 0.0095000000000000015 0.07572081442966451
0.012000000000000004 0.0095000000000000015 0.039420078942073479
0.012499999999999997 0.0095000000000000015 0.019959789979451723
0.013000000000000005 0.0095000000000000015 0.0098294837543813803
0.013499999999999998 0.0095000000000000015 0.0047080570373602849
0.014000000000000005 0.0095000000000000015 0.002193254284291507
0.014499999999999999 0.0095000000000000015 0.0009937394283151687
0.014999999999999999 0.0095000000000000015 0.00043791752050473498
0.0155 0.0095000000000000015 0.00018769313358648132
0.016000000000000007 0.0095000000000000015 7.8242138746647296e-05
0.016500000000000001 0.0095000000000000015 3.1722638786404725e-05
0.017000000000000001 0.0095000000000000015 1.2509333275546341e-05
0.017500000000000002 0.0095000000000000015 4.7977242668042658e-06
0.017999999999999995 0.0095000000000000015 1.7896688152017661e-06
0.018500000000000003 0.0095000000000000015 6.4930137253912067e-07
0.019000000000000003 0.0095000000000000015 2.2911643101373146e-07
0.019500000000000003 0.0095000000000000015 7.8632559941401353e-08
0.019999999999999997 0.0095000000000000015 2.6247313476663897e-08
0.020499999999999997 0.0095000000000000015 8.5212550817269989e-09
0.021000000000000005 0.0095000000000000015 2.6906582392240139e-09
0.021500000000000005 0.0095000000000000015 8.2632287394961223e-10
0.021999999999999999 0.0095000000000000015 2.4681825408651008e-10
0.022499999999999999 0.0095000000000000015 7.1703613315948375e-11
0.023000000000000007 0.0095000000000000015 2.0260076047043993e-11
0.023500000000000007 0.0095000000000000015 5.5677197288044293e-12
0.024 0.0095000000000000015 1.4881610175243087e-12
0.024500000000000001 0.0095000000000000015 3.8686438219861595e-13
0.025000000000000001 0.0095000000000000015 9.7814634026351022e-14
-0.025000000000000001 0.010000000000000002 5.6906383981582965e-14
-0.024500000000000001 0.010000000000000002 2.2506911467113922e-13
-0.024 0.010000000000000002 8.657790639675385e-13
-0.0235 0.010000000000000002 3.2391758139567207e-12
-0.023 0.010000000000000002 1.1786862758373944e-11
-0.022500000000000003 0.010000000000000002 4.1715571425897553e-11
-0.022000000000000002 0.010000000000000002 1.4359338436953023e-10
-0.021500000000000002 0.010000000000000002 4.8073631543797524e-10
-0.021000000000000001 0.010000000000000002 1.5653652692013788e-09
-0.020500000000000001 0.010000000000000002 4.9574771557712954e-09
-0.02 0.010000000000000002 1.5270104663333038e-08
-0.0195 0.010000000000000002 4.5746678848430323e-08
-0.019 0.010000000000000002 1.3329485643472183e-07
-0.018500000000000003 0.010000000000000002 3.7774913327923758e-07
-0.018000000000000002 0.010000000000000002 1.0411896114675285e-06
-0.017500000000000002 0.010000000000000002 2.7912095371227273e-06
-0.017000000000000001 0.010000000000000002 7.2776525702693636e-06
-0.016500000000000001 0.010000000000000002 1.8455527454121804e-05
-0.016 0.010000000000000002 4.5519540459125759e-05
-0.0155 0.010000000000000002 0.00010919570100013213
-0.015000000000000001 0.010000000000000002 0.00025477069788342241
-0.014500000000000001 0.010000000000000002 0.00057813555249930045
-0.014 0.010000000000000002 0.0012759866835214176
-0.0135 0.010000000000000002 0.0027390431323705542
-0.012999999999999999 0.010000000000000002 0.0057185755734348535
-0.012500000000000001 0.010000000000000002 0.011612162986332204
-0.012 0.010000000000000002 0.022933727362897692
-0.0115 0.010000000000000002 0.04405268990907691
-0.010999999999999999 0.010000000000000002 0.082301259836648197
-0.010499999999999999 0.010000000000000002 0.14954668788842118
-0.010000000000000002 0.010000000000000002 0.26429161137785451
-0.0095000000000000015 0.010000000000000002 0.45428272602114478
-0.0090000000000000011 0.010000000000000002 0.75946074671978447
-0.0085000000000000006 0.010000000000000002 1.2348684791261193
-0.0080000000000000002 0.010000000000000002 1.9528655429477522
-0.0074999999999999997 0.010000000000000002 3.0037255213233052
-0.0069999999999999993 0.010000000000000002 4.4934965324780984
-0.0064999999999999988 0.010000000000000002 6.5379988763723027
-0.0059999999999999984 0.010000000000000002 9.2521259603051416
-0.0054999999999999979 0.010000000000000002 12.734282971887549
-0.005000000000000001 0.010000000000000002 17.046833530132343
-0.0044999999999999971 0.010000000000000002 22.194696382847631
-0.0040000000000000001 0.010000000000000002 28.105477039213373
-0.0035000000000000031 0.010000000000000002 34.615370000937276
-0.0029999999999999992 0.010000000000000002 41.465151793690588
-0.0025000000000000022 0.010000000000000002 48.309640472260369
-0.0019999999999999983 0.010000000000000002 54.741994369356483
-0.0015000000000000013 0.010000000000000002 60.331439865660315
-0.00099999999999999742 0.010000000000000002 64.670025069271801
-0.00050000000000000044 0.010000000000000002 67.421534494528444
0 0.010000000000000002 68.364477755067242
0.00050000000000000044 0.010000000000000002 67.421534494528444
0.0010000000000000009 0.010000000000000002 64.670025069271801
0.0015000000000000013 0.010000000000000002 60.331439865660315
0.0020000000000000018 0.010000000000000002 54.741994369356441
0.0024999999999999988 0.010000000000000002 48.309640472260455
0.0030000000000000027 0.010000000000000002 41.465151793690552
0.0034999999999999996 0.010000000000000002 34.61537000093734
0.0040000000000000036 0.010000000000000002 28.105477039213294
0.0045000000000000005 0.010000000000000002 22.194696382847596
0.0049999999999999975 0.010000000000000002 17.046833530132371
0.0055000000000000014 0.010000000000000002 12.734282971887536
0.0059999999999999984 0.010000000000000002 9.2521259603051416
0.0064999999999999988 0.010000000000000002 6.5379988763723027
0.0069999999999999993 0.010000000000000002 4.4934965324780984
0.0074999999999999997 0.010000000000000002 3.0037255213233052
0.0080000000000000002 0.010000000000000002 1.9528655429477522
0.0085000000000000006 0.010000000000000002 1.2348684791261193
0.0090000000000000011 0.010000000000000002 0.75946074671978447
0.0095000000000000015 0.010000000000000002 0.45428272602114478
0.010000000000000002 0.010000000000000002 0.26429161137785451
0.010500000000000002 0.010000000000000002 0.14954668788842063
0.011000000000000003 0.010000000000000002 0.082301259836647767
0.011500000000000003 0.010000000000000002 0.044052689909076681
0.012000000000000004 0.010000000000000002 0.022933727362897567
0.012499999999999997 0.010000000000000002 0.011612162986332265
0.013000000000000005 0.010000000000000002 0.0057185755734348231
0.013499999999999998 0.010000000000000002 0.0027390431323705642
0.014000000000000005 0.010000000000000002 0.0012759866835214087
0.014499999999999999 0.010000000000000002 0.00057813555249930262
0.014999999999999999 0.010000000000000002 0.00025477069788342333
0.0155 0.010000000000000002 0.00010919570100013213
0.016000000000000007 0.010000000000000002 4.5519540459125115e-05
0.016500000000000001 0.010000000000000002 1.8455527454121804e-05
0.017000000000000001 0.010000000000000002 7.2776525702693636e-06
0.017500000000000002 0.010000000000000002 2.7912095371227273e-06
0.017999999999999995 0.010000000000000002 1.0411896114675397e-06
0.018500000000000003 0.010000000000000002 3.7774913327923758e-07
0.019000000000000003 0.010000000000000002 1.3329485643472133e-07
0.019500000000000003 0.010000000000000002 4.5746678848429992e-08
0.019999999999999997 0.010000000000000002 1.5270104663333147e-08
0.020499999999999997 0.010000000000000002 4.9574771557713484e-09
0.021000000000000005 0.010000000000000002 1.565365269201362e-09
0.021500000000000005 0.010000000000000002 4.8073631543797172e-10
0.021999999999999999 0.010000000000000002 1.4359338436953126e-10
0.022499999999999999 0.010000000000000002 4.1715571425897851e-11
0.023000000000000007 0.010000000000000002 1.1786862758373692e-11
0.023500000000000007 0.010000000000000002 3.2391758139566751e-12
0.024 0.010000000000000002 8.657790639675385e-13
0.024500000000000001 0.010000000000000002 2.2506911467113922e-13
0.025000000000000001 0.010000000000000002 5.6906383981582965e-14
-0.025000000000000001 0.010500000000000002 3.2199891626471217e-14
-0.024500000000000001 0.010500000000000002 1.2735304185242243e-13
-0.024 0.010500000000000002 4.8989217169808199e-13
-0.0235 0.010500000000000002 1.8328542928021718e-12
-0.023 0.010500000000000002 6.6694749671418669e-12
-0.022500000000000003 0.010500000000000002 2.3604326704099867e-11
-0.022000000000000002 0.010500000000000002 8.1250838508268219e-11
-0.021500000000000002 0.010500000000000002 2.7201969576949019e-10
-0.021000000000000001 0.010500000000000002 8.8574582494012131e-10
-0.020500000000000001 0.010500000000000002 2.8051374202269703e-09
-0.02 0.010500000000000002 8.6404315453136043e-09
-0.0195 0.010500000000000002 2.588528734609415e-08
-0.019 0.010500000000000002 7.5423522481294696e-08
-0.018500000000000003 0.010500000000000002 2.137454588139272e-07
-0.018000000000000002 0.010500000000000002 5.8914642446289562e-07
-0.017500000000000002 0.010500000000000002 1.5793771860677846e-06
-0.017000000000000001 0.010500000000000002 4.117984796461941e-06
-0.016500000000000001 0.010500000000000002 1.0442870243247526e-05
-0.016 0.010500000000000002 2.5756763426489894e-05
-0.0155 0.010500000000000002 6.1787263436362158e-05
-0.015000000000000001 0.010500000000000002 0.00014415937698838302
-0.014500000000000001 0.010500000000000002 0.00032713205150958929
-0.014 0.010500000000000002 0.00072200393086841353
-0.0135 0.010500000000000002 0.0015498593628986634
-0.012999999999999999 0.010500000000000002 0.003235797125714094
-0.012500000000000001 0.010500000000000002 0.0065706228993539749
-0.012 0.010500000000000002 0.012976813566564719
-0.0115 0.010500000000000002 0.02492676114134933
-0.010999999999999999 0.010500000000000002 0.046569320734204493
-0.010499999999999999 0.010500000000000002 0.084619454025814417
-0.010000000000000002 0.010500000000000002 0.14954668788842063
-0.0095000000000000015 0.010500000000000002 0.25705120449039559
-0.0090000000000000011 0.010500000000000002 0.42973304624047987
-0.0085000000000000006 0.010500000000000002 0.69873761814975377
-0.0080000000000000002 0.010500000000000002 1.1050088662168167
-0.0074999999999999997 0.010500000000000002 1.6996271682554769
-0.0069999999999999993 0.010500000000000002 2.5425987603877074
-0.0064999999999999988 0.010500000000000002 3.6994593671830018
-0.0059999999999999984 0.010500000000000002 5.2352202405393617
-0.0054999999999999979 0.010500000000000002 7.2055629429609178
-0.005000000000000001 0.010500000000000002 9.6457752863440884
-0.0044999999999999971 0.010500000000000002 12.558640493506363
-0.0040000000000000001 0.010500000000000002 15.903194886989118
-0.0035000000000000031 0.010500000000000002 19.586750811668491
-0.0029999999999999992 0.010500000000000002 23.462629332837853
-0.0025000000000000022 0.010500000000000002 27.335512799829608
-0.0019999999999999983 0.010500000000000002 30.975194042915408
-0.0015000000000000013 0.010500000000000002 34.13792424364825
-0.00099999999999999742 0.010500000000000002 36.592868023132027
-0.00050000000000000044 0.010500000000000002 38.149781309542071
0 0.010500000000000002 38.683336047602523
0.00050000000000000044 0.010500000000000002 38.149781309542071
0.0010000000000000009 0.010500000000000002 36.592868023132027
0.0015000000000000013 0.010500000000000002 34.13792424364825
0.0020000000000000018 0.010500000000000002 30.975194042915383
0.0024999999999999988 0.010500000000000002 27.335512799829658
0.0030000000000000027 0.010500000000000002 23.462629332837828
0.0034999999999999996 0.010500000000000002 19.586750811668526
0.0040000000000000036 0.010500000000000002 15.903194886989089
0.0045000000000000005 0.010500000000000002 12.558640493506351
0.0049999999999999975 0.010500000000000002 9.6457752863440955
0.0055000000000000014 0.010500000000000002 7.2055629429609116
0.0059999999999999984 0.010500000000000002 5.2352202405393617
0.0064999999999999988 0.010500000000000002 3.6994593671830018
0.0069999999999999993 0.010500000000000002 2.5425987603877074
0.0074999999999999997 0.010500000000000002 1.6996271682554769
0.0080000000000000002 0.010500000000000002 1.1050088662168167
0.0085000000000000006 0.010500000000000002 0.69873761814975377
0.0090000000000000011 0.010500000000000002 0.42973304624047987
0.0095000000000000015 0.010500000000000002 0.25705120449039559
0.010000000000000002 0.010500000000000002 0.14954668788842063
0.010500000000000002 0.010500000000000002 0.084619454025814125
0.011000000000000003 0.010500000000000002 0.04656932073420425
0.011500000000000003 0.010500000000000002 0.024926761141349195
0.012000000000000004 0.010500000000000002 0.012976813566564651
0.012499999999999997 0.010500000000000002 0.0065706228993540096
0.013000000000000005 0.010500000000000002 0.0032357971257140654
0.013499999999999998 0.010500000000000002 0.0015498593628986634
0.014000000000000005 0.010500000000000002 0.00072200393086840832
0.014499999999999999 0.010500000000000002 0.00032713205150958929
0.014999999999999999 0.010500000000000002 0.00014415937698838302
0.0155 0.010500000000000002 6.1787263436362158e-05
0.016000000000000007 0.010500000000000002 2.5756763426489528e-05
0.016500000000000001 0.010500000000000002 1.0442870243247526e-05
0.017000000000000001 0.010500000000000002 4.117984796461941e-06
0.017500000000000002 0.010500000000000002 1.5793771860677846e-06
0.017999999999999995 0.010500000000000002 5.8914642446290399e-07
0.018500000000000003 0.010500000000000002 2.137454588139272e-07
0.019000000000000003 0.010500000000000002 7.5423522481294167e-08
0.019500000000000003 0.010500000000000002 2.5885287346094061e-08
0.019999999999999997 0.010500000000000002 8.6404315453136969e-09
0.020499999999999997 0.010500000000000002 2.8051374202270005e-09
0.021000000000000005 0.010500000000000002 8.8574582494010879e-10
0.021500000000000005 0.010500000000000002 2.7201969576948734e-10
0.021999999999999999 0.010500000000000002 8.125083850826937e-11
0.022499999999999999 0.010500000000000002 2.3604326704099867e-11
0.023000000000000007 0.010500000000000002 6.66947496714182e-12
0.023500000000000007 0.010500000000000002 1.8328542928021589e-12
0.024 0.010500000000000002 4.8989217169808199e-13
0.024500000000000001 0.010500000000000002 1.2735304185242243e-13
0.025000000000000001 0.010500000000000002 3.2199891626471217e-14
-0.025000000000000001 0.011000000000000003 1.7720831433186997e-14
-0.024500000000000001 0.011000000000000003 7.0087247912197192e-14
-0.024 0.011000000000000003 2.6960639171725291e-13
-0.0235 0.011000000000000003 1.0086897912923164e-12
-0.023 0.011000000000000003 3.6704670627965626e-12
-0.022500000000000003 0.011000000000000003 1.2990363429464107e-11
-0.022000000000000002 0.011000000000000003 4.4715442825479497e-11
-0.021500000000000002 0.011000000000000003 1.4970283848021028e-10
-0.021000000000000001 0.011000000000000003 4.8745979143324911e-10
-0.020500000000000001 0.011000000000000003 1.5437743687901555e-09
-0.02 0.011000000000000003 4.7551598216752181e-09
-0.0195 0.011000000000000003 1.4245663276786919e-08
-0.019 0.011000000000000003 4.1508448025005777e-08
-0.018500000000000003 0.011000000000000003 1.1763229793409949e-07
-0.018000000000000002 0.011000000000000003 3.2422980171737534e-07
-0.017500000000000002 0.011000000000000003 8.6919164848118826e-07
-0.017000000000000001 0.011000000000000003 2.2662844729122352e-06
-0.016500000000000001 0.011000000000000003 5.7471107482578902e-06
-0.016 0.011000000000000003 1.4174931650082712e-05
-0.0155 0.011000000000000003 3.4003893329055687e-05
-0.015000000000000001 0.011000000000000003 7.9336416679869605e-05
-0.014500000000000001 0.011000000000000003 0.00018003327490792912
-0.014 0.011000000000000003 0.0003973463669206631
-0.0135 0.011000000000000003 0.00085294686186132931
-0.012999999999999999 0.011000000000000003 0.0017807828697668805
-0.012500000000000001 0.011000000000000003 0.0036160649905656061
-0.012 0.011000000000000003 0.007141636637184757
-0.0115 0.011000000000000003 0.0137181496597966
-0.010999999999999999 0.011000000000000003 0.025628877645365217
-0.010499999999999999 0.011000000000000003 0.04656932073420441
-0.010000000000000002 0.011000000000000003 0.082301259836647767
-0.0095000000000000015 0.011000000000000003 0.14146510545169622
-0.0090000000000000011 0.011000000000000003 0.23649852496512835
-0.0085000000000000006 0.011000000000000003 0.38454202551038913
-0.0080000000000000002 0.011000000000000003 0.60812862594566053
-0.0074999999999999997 0.011000000000000003 0.93536981109463169
-0.0069999999999999993 0.011000000000000003 1.3992893068627439
-0.0064999999999999988 0.011000000000000003 2.0359539280523498
-0.0059999999999999984 0.011000000000000003 2.8811418521029606
-0.0054999999999999979 0.011000000000000003 3.9654967716865421
-0.005000000000000001 0.011000000000000003 5.3084389188186627
-0.0044999999999999971 0.011000000000000003 6.9115000074244053
-0.0040000000000000001 0.011000000000000003 8.7521361596687282
-0.0035000000000000031 0.011000000000000003 10.779337815288505
-0.0029999999999999992 0.011000000000000003 12.912381948663397
-0.0025000000000000022 0.011000000000000003 15.043777789216991
-0.0019999999999999983 0.011000000000000003 17.046833530132343
-0.0015000000000000013 0.011000000000000003 18.787404877576282
-0.00099999999999999742 0.011000000000000003 20.138454297209069
-0.00050000000000000044 0.011000000000000003 20.995283202865387
0 0.011000000000000003 21.288918774165715
0.00050000000000000044 0.011000000000000003 20.995283202865387
0.0010000000000000009 0.011000000000000003 20.138454297209069
0.0015000000000000013 0.011000000000000003 18.787404877576282
0.0020000000000000018 0.011000000000000003 17.046833530132314
0.0024999999999999988 0.011000000000000003 15.043777789217017
0.0030000000000000027 0.011000000000000003 12.912381948663397
0.0034999999999999996 0.011000000000000003 10.779337815288523
0.0040000000000000036 0.011000000000000003 8.7521361596687122
0.0045000000000000005 0.011000000000000003 6.9115000074243929
0.0049999999999999975 0.011000000000000003 5.3084389188186725
0.0055000000000000014 0.011000000000000003 3.9654967716865346
0.0059999999999999984 0.011000000000000003 2.8811418521029606
0.0064999999999999988 0.011000000000000003 2.0359539280523498
0.0069999999999999993 0.011000000000000003 1.3992893068627439
0.0074999999999999997 0.011000000000000003 0.93536981109463169
0.0080000000000000002 0.011000000000000003 0.60812862594566053
0.0085000000000000006 0.011000000000000003 0.38454202551038913
0.0090000000000000011 0.011000000000000003 0.23649852496512835
0.0095000000000000015 0.011000000000000003 0.14146510545169622
0.010000000000000002 0.011000000000000003 0.082301259836647767
0.010500000000000002 0.011000000000000003 0.04656932073420425
0.011000000000000003 0.011000000000000003 0.025628877645365079
0.011500000000000003 0.011000000000000003 0.013718149659796551
0.012000000000000004 0.011000000000000003 0.0071416366371847189
0.012499999999999997 0.011000000000000003 0.0036160649905656252
0.013000000000000005 0.011000000000000003 0.0017807828697668678
0.013499999999999998 0.011000000000000003 0.00085294686186132931
0.014000000000000005 0.011000000000000003 0.00039734636692066163
0.014499999999999999 0.011000000000000003 0.00018003327490792912
0.014999999999999999 0.011000000000000003 7.9336416679869903e-05
0.0155 0.011000000000000003 3.4003893329055687e-05
0.016000000000000007 0.011000000000000003 1.417493165008251e-05
0.016500000000000001 0.011000000000000003 5.7471107482578902e-06
0.017000000000000001 0.011000000000000003 2.2662844729122352e-06
0.017500000000000002 0.011000000000000003 8.6919164848118826e-07
0.017999999999999995 0.011000000000000003 3.2422980171737878e-07
0.018500000000000003 0.011000000000000003 1.1763229793409949e-07
0.019000000000000003 0.011000000000000003 4.1508448025005631e-08
0.019500000000000003 0.011000000000000003 1.4245663276786818e-08
0.019999999999999997 0.011000000000000003 4.7551598216752512e-09
0.020499999999999997 0.011000000000000003 1.5437743687901606e-09
0.021000000000000005 0.011000000000000003 4.8745979143324735e-10
0.021500000000000005 0.011000000000000003 1.4970283848021028e-10
0.021999999999999999 0.011000000000000003 4.471544282547982e-11
0.022499999999999999 0.011000000000000003 1.2990363429464291e-11
0.023000000000000007 0.011000000000000003 3.6704670627964584e-12
0.023500000000000007 0.011000000000000003 1.0086897912922948e-12
0.024 0.011000000000000003 2.6960639171725291e-13
0.024500000000000001 0.011000000000000003 7.0087247912197192e-14
0.025000000000000001 0.011000000000000003 1.7720831433186997e-14
-0.025000000000000001 0.011500000000000003 9.4852775474718308e-15
-0.024500000000000001 0.011500000000000003 3.7515000438447015e-14
-0.024 0.011500000000000003 1.4430990236842725e-13
-0.0235 0.011500000000000003 5.3991273861964352e-13
-0.023 0.011500000000000003 1.964659443364376e-12
-0.022500000000000003 0.011500000000000003 6.9532404862358566e-12
-0.022000000000000002 0.011500000000000003 2.393445180362539e-11
-0.021500000000000002 0.011500000000000003 8.0130155178265013e-11
-0.021000000000000001 0.011500000000000003 2.6091842430813091e-10
-0.020500000000000001 0.011500000000000003 8.2632287394961512e-10
-0.02 0.011500000000000003 2.5452536389859929e-09
-0.0195 0.011500000000000003 7.6251540757334854e-09
-0.019 0.011500000000000003 2.2217871185470853e-08
-0.018500000000000003 0.011500000000000003 6.2964031832177552e-08
-0.018000000000000002 0.011500000000000003 1.7354770683567067e-07
-0.017500000000000002 0.011500000000000003 4.6524476342281849e-07
-0.017000000000000001 0.011500000000000003 1.2130546644014097e-06
-0.016500000000000001 0.011500000000000003 3.0762067089693611e-06
-0.016 0.011500000000000003 7.5872941641823202e-06
-0.0155 0.011500000000000003 1.8200972518517711e-05
-0.015000000000000001 0.011500000000000003 4.2465723725644851e-05
-0.014500000000000001 0.011500000000000003 9.6364867908170219e-05
-0.014 0.011500000000000003 0.00021268418397478572
-0.0135 0.011500000000000003 0.00045654955573068499
-0.012999999999999999 0.011500000000000003 0.00095318438275356738
-0.012500000000000001 0.011500000000000003 0.0019355401124676484
-0.012 0.011500000000000003 0.0038226426283830641
-0.0115 0.011500000000000003 0.0073427963835400152
-0.010999999999999999 0.011500000000000003 0.0137181496597966
-0.010499999999999999 0.011500000000000003 0.02492676114134933
-0.010000000000000002 0.011500000000000003 0.044052689909076681
-0.0095000000000000015 0.011500000000000003 0.07572081442966451
-0.0090000000000000011 0.011500000000000003 0.12658853831546868
-0.0085000000000000006 0.011500000000000003 0.20583051390027651
-0.0080000000000000002 0.011500000000000003 0.32550779704696431
-0.0074999999999999997 0.011500000000000003 0.50066738128004973
-0.0069999999999999993 0.011500000000000003 0.74898559330269998
-0.0064999999999999988 0.011500000000000003 1.0897676079281484
-0.0059999999999999984 0.011500000000000003 1.54216410352248
-0.0054999999999999979 0.011500000000000003 2.1225774668003825
-0.005000000000000001 0.011500000000000003 2.8414025988926812
-0.0044999999999999971 0.011500000000000003 3.6994593671829956
-0.0040000000000000001 0.011500000000000003 4.6846809034169885
-0.0035000000000000031 0.011500000000000003 5.7697637575001011
-0.0029999999999999992 0.011500000000000003 6.9115000074243929
-0.0025000000000000022 0.011500000000000003 8.0523539897785419
-0.0019999999999999983 0.011500000000000003 9.1245124670640596
-0.0015000000000000013 0.011500000000000003 10.056173172936125
-0.00099999999999999742 0.011500000000000003 10.779337815288523
-0.00050000000000000044 0.011500000000000003 11.237965279326486
0 0.011500000000000003 11.395137074684689
0.00050000000000000044 0.011500000000000003 11.237965279326486
0.0010000000000000009 0.011500000000000003 10.779337815288523
0.0015000000000000013 0.011500000000000003 10.056173172936125
0.0020000000000000018 0.011500000000000003 9.1245124670640418
0.0024999999999999988 0.011500000000000003 8.0523539897785579
0.0030000000000000027 0.011500000000000003 6.9115000074243804
0.0034999999999999996 0.011500000000000003 5.7697637575001011
0.0040000000000000036 0.011500000000000003 4.6846809034169885
0.0045000000000000005 0.011500000000000003 3.699459367182989
0.0049999999999999975 0.011500000000000003 2.8414025988926865
0.0055000000000000014 0.011500000000000003 2.122577466800375
0.0059999999999999984 0.011500000000000003 1.54216410352248
0.0064999999999999988 0.011500000000000003 1.0897676079281484
0.0069999999999999993 0.011500000000000003 0.74898559330269998
0.0074999999999999997 0.011500000000000003 0.50066738128004973
0.0080000000000000002 0.011500000000000003 0.32550779704696431
0.0085000000000000006 0.011500000000000003 0.20583051390027651
0.0090000000000000011 0.011500000000000003 0.12658853831546868
0.0095000000000000015 0.011500000000000003 0.07572081442966451
0.010000000000000002 0.011500000000000003 0.044052689909076681
0.010500000000000002 0.011500000000000003 0.024926761141349195
0.011000000000000003 0.011500000000000003 0.013718149659796551
0.011500000000000003 0.011500000000000003 0.0073427963835399884
0.012000000000000004 0.011500000000000003 0.0038226426283830572
0.012499999999999997 0.011500000000000003 0.0019355401124676621
0.013000000000000005 0.011500000000000003 0.00095318438275356066
0.013499999999999998 0.011500000000000003 0.00045654955573068656
0.014000000000000005 0.011500000000000003 0.0002126841839747842
0.014499999999999999 0.011500000000000003 9.6364867908170558e-05
0.014999999999999999 0.011500000000000003 4.2465723725645007e-05
0.0155 0.011500000000000003 1.8200972518517711e-05
0.016000000000000007 0.011500000000000003 7.5872941641821847e-06
0.016500000000000001 0.011500000000000003 3.0762067089693611e-06
0.017000000000000001 0.011500000000000003 1.2130546644014097e-06
0.017500000000000002 0.011500000000000003 4.6524476342281849e-07
0.017999999999999995 0.011500000000000003 1.7354770683567313e-07
0.018500000000000003 0.011500000000000003 6.2964031832177552e-08
0.019000000000000003 0.011500000000000003 2.2217871185470694e-08
0.019500000000000003 0.011500000000000003 7.6251540757334589e-09
0.019999999999999997 0.011500000000000003 2.545253638986002e-09
0.020499999999999997 0.011500000000000003 8.2632287394962691e-10
0.021000000000000005 0.011500000000000003 2.6091842430812719e-10
0.021500000000000005 0.011500000000000003 8.0130155178264432e-11
0.021999999999999999 0.011500000000000003 2.3934451803625561e-11
0.022499999999999999 0.011500000000000003 6.9532404862358566e-12
0.023000000000000007 0.011500000000000003 1.9646594433643482e-12
0.023500000000000007 0.011500000000000003 5.3991273861963585e-13
0.024 0.011500000000000003 1.4430990236842725e-13
0.024500000000000001 0.011500000000000003 3.7515000438447015e-14
0.025000000000000001 0.011500000000000003 9.4852775474718308e-15
-0.025000000000000001 0.012000000000000004 4.938013312787818e-15
-0.024500000000000001 0.012000000000000004 1.9530221510879024e-14
-0.024 0.012000000000000004 7.5127397748348833e-14
-0.0235 0.012000000000000004 2.8107730930426385e-13
-0.023 0.012000000000000004 1.0227971124591287e-12
-0.022500000000000003 0.012000000000000004 3.619840739104043e-12
-0.022000000000000002 0.012000000000000004 1.2460219645558109e-11
-0.021500000000000002 0.012000000000000004 4.1715571425897553e-11
-0.021000000000000001 0.012000000000000004 1.3583352161672565e-10
-0.020500000000000001 0.012000000000000004 4.3018175607437673e-10
-0.02 0.012000000000000004 1.3250530931574373e-09
-0.0195 0.012000000000000004 3.9696373827317142e-09
-0.019 0.012000000000000004 1.1566571789446667e-08
-0.018500000000000003 0.012000000000000004 3.2778927749663709e-08
-0.018000000000000002 0.012000000000000004 9.0348530390315521e-08
-0.017500000000000002 0.012000000000000004 2.4220533600506062e-07
-0.017000000000000001 0.012000000000000004 6.3151342192934051e-07
-0.016500000000000001 0.012000000000000004 1.6014660199191088e-06
-0.016 0.012000000000000004 3.9499276013020237e-06
-0.0155 0.012000000000000004 9.4753837357221463e-06
-0.015000000000000001 0.012000000000000004 2.2107556478438942e-05
-0.014500000000000001 0.012000000000000004 5.0167324913166321e-05
-0.014 0.012000000000000004 0.00011072288888023319
-0.0135 0.012000000000000004 0.00023767863121162565
-0.012999999999999999 0.012000000000000004 0.00049622556093079887
-0.012500000000000001 0.012000000000000004 0.0010076376568809548
-0.012 0.012000000000000004 0.0019900588142533469
-0.0115 0.012000000000000004 0.0038226426283830641
-0.010999999999999999 0.012000000000000004 0.007141636637184757
-0.010499999999999999 0.012000000000000004 0.012976813566564695
-0.010000000000000002 0.012000000000000004 0.022933727362897567
-0.0095000000000000015 0.012000000000000004 0.039420078942073479
-0.0090000000000000011 0.012000000000000004 0.065901697058378783
-0.0085000000000000006 0.012000000000000004 0.10715488426465958
-0.0080000000000000002 0.012000000000000004 0.16945859804203164
-0.0074999999999999997 0.012000000000000004 0.26064626803655783
-0.0069999999999999993 0.012000000000000004 0.38992014859921237
-0.0064999999999999988 0.012000000000000004 0.56733046859850833
-0.0059999999999999984 0.012000000000000004 0.80284702641381078
-0.0054999999999999979 0.012000000000000004 1.1050088662168147
-0.005000000000000001 0.012000000000000004 1.4792275492309239
-0.0044999999999999971 0.012000000000000004 1.9259298964990408
-0.0040000000000000001 0.012000000000000004 2.4388339246226458
-0.0035000000000000031 0.012000000000000004 3.0037255213232945
-0.0029999999999999992 0.012000000000000004 3.5981107434321848
-0.0025000000000000022 0.012000000000000004 4.192036659106984
-0.0019999999999999983 0.012000000000000004 4.7501998554665059
-0.0015000000000000013 0.012000000000000004 5.2352202405393431
-0.00099999999999999742 0.012000000000000004 5.6116980624482391
-0.00050000000000000044 0.012000000000000004 5.850458447866079
0 0.012000000000000004 5.9322817170312954
0.00050000000000000044 0.012000000000000004 5.850458447866079
0.0010000000000000009 0.012000000000000004 5.6116980624482391
0.0015000000000000013 0.012000000000000004 5.2352202405393431
0.0020000000000000018 0.012000000000000004 4.7501998554665059
0.0024999999999999988 0.012000000000000004 4.192036659106984
0.0030000000000000027 0.012000000000000004 3.5981107434321848
0.0034999999999999996 0.012000000000000004 3.0037255213232945
0.0040000000000000036 0.012000000000000004 2.4388339246226458
0.0045000000000000005 0.012000000000000004 1.9259298964990375
0.0049999999999999975 0.012000000000000004 1.4792275492309266
0.0055000000000000014 0.012000000000000004 1.1050088662168129
0.0059999999999999984 0.012000000000000004 0.80284702641381078
0.0064999999999999988 0.012000000000000004 0.56733046859850833
0.0069999999999999993 0.012000000000000004 0.38992014859921237
0.0074999999999999997 0.012000000000000004 0.26064626803655783
0.0080000000000000002 0.012000000000000004 0.16945859804203164
0.0085000000000000006 0.012000000000000004 0.10715488426465958
0.0090000000000000011 0.012000000000000004 0.065901697058378783
0.0095000000000000015 0.012000000000000004 0.039420078942073479
0.010000000000000002 0.012000000000000004 0.022933727362897567
0.010500000000000002 0.012000000000000004 0.012976813566564651
0.011000000000000003 0.012000000000000004 0.0071416366371847189
0.011500000000000003 0.012000000000000004 0.0038226426283830572
0.012000000000000004 0.012000000000000004 0.0019900588142533326
0.012499999999999997 0.012000000000000004 0.0010076376568809583
0.013000000000000005 0.012000000000000004 0.0004962255609307954
0.013499999999999998 0.012000000000000004 0.00023767863121162565
0.014000000000000005 0.012000000000000004 0.00011072288888023239
0.014499999999999999 0.012000000000000004 5.0167324913166321e-05
0.014999999999999999 0.012000000000000004 2.2107556478439019e-05
0.0155 0.012000000000000004 9.4753837357221463e-06
0.016000000000000007 0.012000000000000004 3.9499276013019678e-06
0.016500000000000001 0.012000000000000004 1.6014660199191088e-06
0.017000000000000001 0.012000000000000004 6.3151342192934051e-07
0.017500000000000002 0.012000000000000004 2.4220533600506062e-07
0.017999999999999995 0.012000000000000004 9.0348530390316474e-08
0.018500000000000003 0.012000000000000004 3.2778927749663709e-08
0.019000000000000003 0.012000000000000004 1.1566571789446543e-08
0.019500000000000003 0.012000000000000004 3.9696373827316861e-09
0.019999999999999997 0.012000000000000004 1.3250530931574466e-09
0.020499999999999997 0.012000000000000004 4.3018175607437834e-10
0.021000000000000005 0.012000000000000004 1.3583352161672469e-10
0.021500000000000005 0.012000000000000004 4.1715571425897553e-11
0.021999999999999999 0.012000000000000004 1.2460219645558197e-11
0.022499999999999999 0.012000000000000004 3.6198407391040943e-12
0.023000000000000007 0.012000000000000004 1.0227971124590996e-12
0.023500000000000007 0.012000000000000004 2.8107730930425784e-13
0.024 0.012000000000000004 7.5127397748348833e-14
0.024500000000000001 0.012000000000000004 1.9530221510879024e-14
0.025000000000000001 0.012000000000000004 4.938013312787818e-15
-0.025000000000000001 0.012499999999999997 2.5002920157469636e-15
-0.024500000000000001 0.012499999999999997 9.8888467519849858e-15
-0.024 0.012499999999999997 3.8039677266077813e-14
-0.0235 0.012499999999999997 1.4231945273236417e-13
-0.023 0.012499999999999997 5.1787860664289243e-13
-0.022500000000000003 0.012499999999999997 1.8328542928021848e-12
-0.022000000000000002 0.012499999999999997 6.3090529978045227e-12
-0.021500000000000002 0.012499999999999997 2.1122079581759839e-11
-0.021000000000000001 0.012499999999999997 6.8777349929288752e-11
-0.020500000000000001 0.012499999999999997 2.1781634473268279e-10
-0.02 0.012499999999999997 6.7092157501535256e-10
-0.0195 0.012499999999999997 2.0099687920548403e-09
-0.019 0.012499999999999997 5.8565672595140347e-09
-0.018500000000000003 0.012499999999999997 1.6597138595189661e-08
-0.018000000000000002 0.012499999999999997 4.5746678848430475e-08
-0.017500000000000002 0.012499999999999997 1.2263718816158388e-07
-0.017000000000000001 0.012499999999999997 3.1975773791414765e-07
-0.016500000000000001 0.012499999999999997 8.1087928473672868e-07
-0.016 0.012499999999999997 1.9999890277206311e-06
-0.0155 0.012499999999999997 4.7977242668042827e-06
-0.015000000000000001 0.012499999999999997 1.1193843242093196e-05
-0.014500000000000001 0.012499999999999997 2.5401503395493919e-05
-0.014 0.012499999999999997 5.6062942218232702e-05
-0.0135 0.012499999999999997 0.00012034515629861606
-0.012999999999999999 0.012499999999999997 0.00025125667539044794
-0.012500000000000001 0.012499999999999997 0.00051020283435467006
-0.012 0.012499999999999997 0.001007637656880962
-0.0115 0.012499999999999997 0.0019355401124676759
-0.010999999999999999 0.012499999999999997 0.0036160649905656382
-0.010499999999999999 0.012499999999999997 0.006570622899354033
-0.010000000000000002 0.012499999999999997 0.011612162986332265
-0.0095000000000000015 0.012499999999999997 0.019959789979451723
-0.0090000000000000011 0.012499999999999997 0.033368376418210846
-0.0085000000000000006 0.012499999999999997 0.054256334401002755
-0.0080000000000000002 0.012499999999999997 0.085802923735935469
-0.0074999999999999997 0.012499999999999997 0.13197448885331783
-0.0069999999999999993 0.012499999999999997 0.197430458884503
-0.0064999999999999988 0.012499999999999997 0.28725962266108418
-0.0059999999999999984 0.012499999999999997 0.40651004419333453
-0.0054999999999999979 0.012499999999999997 0.55950534567751453
-0.005000000000000001 0.012499999999999997 0.74898559330270531
-0.0044999999999999971 0.012499999999999997 0.9751669017648632
-0.0040000000000000001 0.012499999999999997 1.2348684791261257
-0.0035000000000000031 0.012499999999999997 1.5208932140808815
-0.0029999999999999992 0.012499999999999997 1.8218516220439078
-0.0025000000000000022 0.012499999999999997 2.1225774668003976
-0.0019999999999999983 0.012499999999999997 2.4051953730193736
-0.0015000000000000013 0.012499999999999997 2.6507784687821299
-0.00099999999999999742 0.012499999999999997 2.8414025988927065
-0.00050000000000000044 0.012499999999999997 2.9622954858743884
0 0.012499999999999997 3.0037255213233212
0.00050000000000000044 0.012499999999999997 2.9622954858743884
0.0010000000000000009 0.012499999999999997 2.8414025988927065
0.0015000000000000013 0.012499999999999997 2.6507784687821299
0.0020000000000000018 0.012499999999999997 2.4051953730193736
0.0024999999999999988 0.012499999999999997 2.1225774668003976
0.0030000000000000027 0.012499999999999997 1.8218516220439078
0.0034999999999999996 0.012499999999999997 1.5208932140808815
0.0040000000000000036 0.012499999999999997 1.2348684791261257
0.0045000000000000005 0.012499999999999997 0.97516690176486154
0.0049999999999999975 0.012499999999999997 0.74898559330270664
0.0055000000000000014 0.012499999999999997 0.55950534567751342
0.0059999999999999984 0.012499999999999997 0.40651004419333453
0.0064999999999999988 0.012499999999999997 0.28725962266108418
0.0069999999999999993 0.012499999999999997 0.197430458884503
0.0074999999999999997 0.012499999999999997 0.13197448885331783
0.0080000000000000002 0.012499999999999997 0.085802923735935469
0.0085000000000000006 0.012499999999999997 0.054256334401002755
0.0090000000000000011 0.012499999999999997 0.033368376418210846
0.0095000000000000015 0.012499999999999997 0.019959789979451723
0.010000000000000002 0.012499999999999997 0.011612162986332265
0.010500000000000002 0.012499999999999997 0.0065706228993540096
0.011000000000000003 0.012499999999999997 0.0036160649905656252
0.011500000000000003 0.012499999999999997 0.0019355401124676621
0.012000000000000004 0.012499999999999997 0.0010076376568809583
0.012499999999999997 0.012499999999999997 0.00051020283435467191
0.013000000000000005 0.012499999999999997 0.00025125667539044615
0.013499999999999998 0.012499999999999997 0.00012034515629861606
0.014000000000000005 0.012499999999999997 5.6062942218232099e-05
0.014499999999999999 0.012499999999999997 2.540150339549401e-05
0.014999999999999999 0.012499999999999997 1.1193843242093233e-05
0.0155 0.012499999999999997 4.7977242668042827e-06
0.016000000000000007 0.012499999999999997 1.9999890277206027e-06
0.016500000000000001 0.012499999999999997 8.1087928473672868e-07
0.017000000000000001 0.012499999999999997 3.1975773791414765e-07
0.017500000000000002 0.012499999999999997 1.2263718816158388e-07
0.017999999999999995 0.012499999999999997 4.5746678848430971e-08
0.018500000000000003 0.012499999999999997 1.6597138595189661e-08
0.019000000000000003 0.012499999999999997 5.856567259514014e-09
0.019500000000000003 0.012499999999999997 2.0099687920548118e-09
0.019999999999999997 0.012499999999999997 6.7092157501535731e-10
0.020499999999999997 0.012499999999999997 2.1781634473268586e-10
0.021000000000000005 0.012499999999999997 6.8777349929287783e-11
0.021500000000000005 0.012499999999999997 2.1122079581759839e-11
0.021999999999999999 0.012499999999999997 6.3090529978045671e-12
0.022499999999999999 0.012499999999999997 1.8328542928021981e-12
0.023000000000000007 0.012499999999999997 5.1787860664288142e-13
0.023500000000000007 0.012499999999999997 1.4231945273236212e-13
0.024 0.012499999999999997 3.8039677266077813e-14
0.024500000000000001 0.012499999999999997 9.8888467519849858e-15
0.025000000000000001 0.012499999999999997 2.5002920157469636e-15
-0.025000000000000001 0.013000000000000005 1.2313045265153313e-15
-0.024500000000000001 0.013000000000000005 4.8699038716475295e-15
-0.024 0.013000000000000005 1.8733182568241313e-14
-0.0235 0.013000000000000005 7.0087247912197192e-14
-0.023 0.013000000000000005 2.5503671912272334e-13
-0.022500000000000003 0.013000000000000005 9.0261528371763633e-13
-0.022000000000000002 0.013000000000000005 3.1069832904701609e-12
-0.021500000000000002 0.013000000000000005 1.0401869875454578e-11
-0.021000000000000001 0.013000000000000005 3.3870388641129016e-11
-0.020500000000000001 0.013000000000000005 1.072667710528411e-10
-0.02 0.013000000000000005 3.3040491552599411e-10
-0.0195 0.013000000000000005 9.8983784942907426e-10
-0.019 0.013000000000000005 2.8841502236796782e-09
-0.018500000000000003 0.013000000000000005 8.1734980357300497e-09
-0.018000000000000002 0.013000000000000005 2.2528605612607837e-08
-0.017500000000000002 0.013000000000000005 6.0394435510508816e-08
-0.017000000000000001 0.013000000000000005 1.5746926663058903e-07
-0.016500000000000001 0.013000000000000005 3.9932908934861509e-07
-0.016 0.013000000000000005 9.8492317189506307e-07
-0.0155 0.013000000000000005 2.3627078635147759e-06
-0.015000000000000001 0.013000000000000005 5.5125680385675721e-06
-0.014500000000000001 0.013000000000000005 1.2509333275546297e-05
-0.014 0.013000000000000005 2.7608996904489261e-05
-0.0135 0.013000000000000005 5.9265691671783246e-05
-0.012999999999999999 0.013000000000000005 0.00012373493966984743
-0.012500000000000001 0.013000000000000005 0.00025125667539044528
-0.012 0.013000000000000005 0.00049622556093079713
-0.0115 0.013000000000000005 0.00095318438275356738
-0.010999999999999999 0.013000000000000005 0.001780782869766874
-0.010499999999999999 0.013000000000000005 0.0032357971257140883
-0.010000000000000002 0.013000000000000005 0.0057185755734348231
-0.0095000000000000015 0.013000000000000005 0.0098294837543813803
-0.0090000000000000011 0.013000000000000005 0.016432733723678986
-0.0085000000000000006 0.013000000000000005 0.0267193070726683
-0.0080000000000000002 0.013000000000000005 0.042254875718084423
-0.0074999999999999997 0.013000000000000005 0.064992722644474615
-0.0069999999999999993 0.013000000000000005 0.097227450299984947
-0.0064999999999999988 0.013000000000000005 0.14146510545169597
-0.0059999999999999984 0.013000000000000005 0.20019167934656756
-0.0054999999999999979 0.013000000000000005 0.27553640150965797
-0.005000000000000001 0.013000000000000005 0.36884865668495675
-0.0044999999999999971 0.013000000000000005 0.48023487364226425
-0.0040000000000000001 0.013000000000000005 0.6081286259456572
-0.0035000000000000031 0.013000000000000005 0.74898559330269732
-0.0029999999999999992 0.013000000000000005 0.89719686130013265
-0.0025000000000000022 0.013000000000000005 1.0452936002237216
-0.0019999999999999983 0.013000000000000005 1.1844728260941637
-0.0015000000000000013 0.013000000000000005 1.3054137304140903
-0.00099999999999999742 0.013000000000000005 1.399289306862739
-0.00050000000000000044 0.013000000000000005 1.4588247363351985
0 0.013000000000000005 1.4792275492309213
0.00050000000000000044 0.013000000000000005 1.4588247363351985
0.0010000000000000009 0.013000000000000005 1.399289306862739
0.0015000000000000013 0.013000000000000005 1.3054137304140903
0.0020000000000000018 0.013000000000000005 1.1844728260941637
0.0024999999999999988 0.013000000000000005 1.0452936002237216
0.0030000000000000027 0.013000000000000005 0.89719686130013265
0.0034999999999999996 0.013000000000000005 0.74898559330269732
0.0040000000000000036 0.013000000000000005 0.6081286259456572
0.0045000000000000005 0.013000000000000005 0.48023487364226336
0.0049999999999999975 0.013000000000000005 0.36884865668495742
0.0055000000000000014 0.013000000000000005 0.27553640150965697
0.0059999999999999984 0.013000000000000005 0.20019167934656756
0.0064999999999999988 0.013000000000000005 0.14146510545169597
0.0069999999999999993 0.013000000000000005 0.097227450299984947
0.0074999999999999997 0.013000000000000005 0.064992722644474615
0.0080000000000000002 0.013000000000000005 0.042254875718084423
0.0085000000000000006 0.013000000000000005 0.0267193070726683
0.0090000000000000011 0.013000000000000005 0.016432733723678986
0.0095000000000000015 0.013000000000000005 0.0098294837543813803
0.010000000000000002 0.013000000000000005 0.0057185755734348231
0.010500000000000002 0.013000000000000005 0.0032357971257140654
0.011000000000000003 0.013000000000000005 0.0017807828697668678
0.011500000000000003 0.013000000000000005 0.00095318438275356066
0.012000000000000004 0.013000000000000005 0.0004962255609307954
0.012499999999999997 0.013000000000000005 0.00025125667539044615
0.013000000000000005 0.013000000000000005 0.0001237349396698461
0.013499999999999998 0.013000000000000005 5.9265691671783246e-05
0.014000000000000005 0.013000000000000005 2.7608996904489068e-05
0.014499999999999999 0.013000000000000005 1.2509333275546297e-05
0.014999999999999999 0.013000000000000005 5.5125680385675721e-06
0.0155 0.013000000000000005 2.3627078635147759e-06
0.016000000000000007 0.013000000000000005 9.849231718950491e-07
0.016500000000000001 0.013000000000000005 3.9932908934861509e-07
0.017000000000000001 0.013000000000000005 1.5746926663058903e-07
0.017500000000000002 0.013000000000000005 6.0394435510508816e-08
0.017999999999999995 0.013000000000000005 2.2528605612608075e-08
0.018500000000000003 0.013000000000000005 8.1734980357300497e-09
0.019000000000000003 0.013000000000000005 2.8841502236796682e-09
0.019500000000000003 0.013000000000000005 9.8983784942906723e-10
0.019999999999999997 0.013000000000000005 3.3040491552599877e-10
0.020499999999999997 0.013000000000000005 1.0726677105284186e-10
0.021000000000000005 0.013000000000000005 3.3870388641128771e-11
0.021500000000000005 0.013000000000000005 1.0401869875454578e-11
0.021999999999999999 0.013000000000000005 3.1069832904702053e-12
0.022499999999999999 0.013000000000000005 9.0261528371764269e-13
0.023000000000000007 0.013000000000000005 2.5503671912271789e-13
0.023500000000000007 0.013000000000000005 7.0087247912196195e-14
0.024 0.013000000000000005 1.8733182568241313e-14
0.024500000000000001 0.013000000000000005 4.8699038716475295e-15
0.025000000000000001 0.013000000000000005 1.2313045265153313e-15
-0.025000000000000001 0.013499999999999998 5.8976158728683071e-16
-0.024500000000000001 0.013499999999999998 2.3325523259508361e-15
-0.024 0.013499999999999998 8.9726881112398344e-15
-0.0235 0.013499999999999998 3.356989736263132e-14
-0.023 0.013499999999999998 1.2215569507562443e-13
-0.022500000000000003 0.013499999999999998 4.3232832412399511e-13
-0.022000000000000002 0.013499999999999998 1.4881610175243087e-12
-0.021500000000000002 0.013499999999999998 4.9822145183373338e-12
-0.021000000000000001 0.013499999999999998 1.6223000676807281e-11
-0.020500000000000001 0.013499999999999998 5.1377884022152945e-11
-0.02 0.013499999999999998 1.5825502402679199e-10
-0.0195 0.013499999999999998 4.7410557556218417e-10
-0.019 0.013499999999999998 1.381430001483728e-09
-0.018500000000000003 0.013499999999999998 3.914884637742723e-09
-0.018000000000000002 0.013499999999999998 1.0790593163051422e-08
-0.017500000000000002 0.013499999999999998 2.8927302209122772e-08
-0.017000000000000001 0.013499999999999998 7.5423522481294974e-08
-0.016500000000000001 0.013499999999999998 1.9126784033723007e-07
-0.016 0.013499999999999998 4.7175157786214791e-07
-0.0155 0.013499999999999998 1.1316732050235022e-06
-0.015000000000000001 0.013499999999999998 2.6403710913441287e-06
-0.014500000000000001 0.013499999999999998 5.9916325243804484e-06
-0.014 0.013499999999999998 1.3223963274032507e-05
-0.0135 0.013499999999999998 2.8386664419175642e-05
-0.012999999999999999 0.013499999999999998 5.926569167178366e-05
-0.012500000000000001 0.013499999999999998 0.00012034515629861563
-0.012 0.013499999999999998 0.00023767863121162733
-0.0115 0.013499999999999998 0.00045654955573068819
-0.010999999999999999 0.013499999999999998 0.00085294686186133538
-0.010499999999999999 0.013499999999999998 0.001549859362898669
-0.010000000000000002 0.013499999999999998 0.0027390431323705642
-0.0095000000000000015 0.013499999999999998 0.0047080570373602849
-0.0090000000000000011 0.013499999999999998 0.0078708352934963779
-0.0085000000000000006 0.013499999999999998 0.012797825892005191
-0.0080000000000000002 0.013499999999999998 0.020238943362476901
-0.0074999999999999997 0.013499999999999998 0.03112975745924933
-0.0069999999999999993 0.013499999999999998 0.04656932073420466
-0.0064999999999999988 0.013499999999999998 0.067757961852869281
-0.0059999999999999984 0.013499999999999998 0.095886403428711561
-0.0054999999999999979 0.013499999999999998 0.13197448885331761
-0.005000000000000001 0.013499999999999998 0.17666853694655563
-0.0044999999999999971 0.013499999999999998 0.23001952421249819
-0.0040000000000000001 0.013499999999999998 0.29127717472725773
-0.0035000000000000031 0.013499999999999998 0.35874385487014343
-0.0029999999999999992 0.013499999999999998 0.42973304624048214
-0.0025000000000000022 0.013499999999999998 0.50066738128005328
-0.0019999999999999983 0.013499999999999998 0.56733046859851133
-0.0015000000000000013 0.013499999999999998 0.62525789285762801
-0.00099999999999999742 0.013499999999999998 0.67022175661479733
-0.00050000000000000044 0.013499999999999998 0.69873761814975743
0 0.013499999999999998 0.70851001405944458
0.00050000000000000044 0.013499999999999998 0.69873761814975743
0.0010000000000000009 0.013499999999999998 0.67022175661479733
0.0015000000000000013 0.013499999999999998 0.62525789285762801
0.0020000000000000018 0.013499999999999998 0.56733046859851133
0.0024999999999999988 0.013499999999999998 0.50066738128005328
0.0030000000000000027 0.013499999999999998 0.42973304624048214
0.0034999999999999996 0.013499999999999998 0.35874385487014343
0.0040000000000000036 0.013499999999999998 0.29127717472725773
0.0045000000000000005 0.013499999999999998 0.23001952421249777
0.0049999999999999975 0.013499999999999998 0.17666853694655596
0.0055000000000000014 0.013499999999999998 0.13197448885331736
0.0059999999999999984 0.013499999999999998 0.095886403428711561
0.0064999999999999988 0.013499999999999998 0.067757961852869281
0.0069999999999999993 0.013499999999999998 0.04656932073420466
0.0074999999999999997 0.013499999999999998 0.03112975745924933
0.0080000000000000002 0.013499999999999998 0.020238943362476901
0.0085000000000000006 0.013499999999999998 0.012797825892005191
0.0090000000000000011 0.013499999999999998 0.0078708352934963779
0.0095000000000000015 0.013499999999999998 0.0047080570373602849
0.010000000000000002 0.013499999999999998 0.0027390431323705642
0.010500000000000002 0.013499999999999998 0.0015498593628986634
0.011000000000000003 0.013499999999999998 0.00085294686186132931
0.011500000000000003 0.013499999999999998 0.00045654955573068656
0.012000000000000004 0.013499999999999998 0.00023767863121162565
0.012499999999999997 0.013499999999999998 0.00012034515629861606
0.013000000000000005 0.013499999999999998 5.9265691671783246e-05
0.013499999999999998 0.013499999999999998 2.8386664419175642e-05
0.014000000000000005 0.013499999999999998 1.3223963274032412e-05
0.014499999999999999 0.013499999999999998 5.9916325243804484e-06
0.014999999999999999 0.013499999999999998 2.6403710913441376e-06
0.0155 0.013499999999999998 1.1316732050235022e-06
0.016000000000000007 0.013499999999999998 4.7175157786214118e-07
0.016500000000000001 0.013499999999999998 1.9126784033723007e-07
0.017000000000000001 0.013499999999999998 7.5423522481294974e-08
0.017500000000000002 0.013499999999999998 2.8927302209122772e-08
0.017999999999999995 0.013499999999999998 1.0790593163051536e-08
0.018500000000000003 0.013499999999999998 3.914884637742723e-09
0.019000000000000003 0.013499999999999998 1.3814300014837133e-09
0.019500000000000003 0.013499999999999998 4.7410557556218076e-10
0.019999999999999997 0.013499999999999998 1.5825502402679313e-10
0.020499999999999997 0.013499999999999998 5.1377884022153307e-11
0.021000000000000005 0.013499999999999998 1.6223000676807168e-11
0.021500000000000005 0.013499999999999998 4.9822145183373338e-12
0.021999999999999999 0.013499999999999998 1.488161017524319e-12
0.022499999999999999 0.013499999999999998 4.3232832412400127e-13
0.023000000000000007 0.013499999999999998 1.2215569507562097e-13
0.023500000000000007 0.013499999999999998 3.3569897362630607e-14
0.024 0.013499999999999998 8.9726881112398344e-15
0.024500000000000001 0.013499999999999998 2.3325523259508361e-15
0.025000000000000001 0.013499999999999998 5.8976158728683071e-16
-0.025000000000000001 0.014000000000000005 2.7474117619285047e-16
-0.024500000000000001 0.014000000000000005 1.086622430788164e-15
-0.024 0.014000000000000005 4.1799380265414581e-15
-0.0235 0.014000000000000005 1.5638578851011154e-14
-0.023 0.014000000000000005 5.6906383981582965e-14
-0.022500000000000003 0.014000000000000005 2.0140069280833661e-13
-0.022000000000000002 0.014000000000000005 6.9326167918110252e-13
-0.021500000000000002 0.014000000000000005 2.3209708911533075e-12
-0.021000000000000001 0.014000000000000005 7.5575052417846751e-12
-0.020500000000000001 0.014000000000000005 2.393445180362539e-11
-0.02 0.014000000000000005 7.37233017151435e-11
-0.0195 0.014000000000000005 2.2086267786408591e-10
-0.019 0.014000000000000005 6.4354090130177405e-10
-0.018500000000000003 0.014000000000000005 1.8237539256853097e-09
-0.018000000000000002 0.014000000000000005 5.026811378261966e-09
-0.017500000000000002 0.014000000000000005 1.3475820067533849e-08
-0.017000000000000001 0.014000000000000005 3.513614268173913e-08
-0.016500000000000001 0.014000000000000005 8.9102363658282805e-08
-0.016 0.014000000000000005 2.1976606507884493e-07
-0.0155 0.014000000000000005 5.2719138397000645e-07
-0.015000000000000001 0.014000000000000005 1.2300201892746936e-06
-0.014500000000000001 0.014000000000000005 2.7912095371227175e-06
-0.014 0.014000000000000005 6.1603999008361702e-06
-0.0135 0.014000000000000005 1.3223963274032412e-05
-0.012999999999999999 0.014000000000000005 2.7608996904489261e-05
-0.012500000000000001 0.014000000000000005 5.6062942218231903e-05
-0.012 0.014000000000000005 0.00011072288888023319
-0.0115 0.014000000000000005 0.00021268418397478496
-0.010999999999999999 0.014000000000000005 0.0003973463669206631
-0.010499999999999999 0.014000000000000005 0.00072200393086841092
-0.010000000000000002 0.014000000000000005 0.0012759866835214087
-0.0095000000000000015 0.014000000000000005 0.002193254284291507
-0.0090000000000000011 0.014000000000000005 0.0036666385074409827
-0.0085000000000000006 0.014000000000000005 0.0059618832661795509
-0.0080000000000000002 0.014000000000000005 0.0094283371860281757
-0.0074999999999999997 0.014000000000000005 0.014501836612144105
-0.0069999999999999993 0.014000000000000005 0.021694376556259106
-0.0064999999999999988 0.014000000000000005 0.031565131634851432
-0.0059999999999999984 0.014000000000000005 0.044668801472982654
-0.0054999999999999979 0.014000000000000005 0.061480481395571933
-0.005000000000000001 0.014000000000000005 0.082301259836647475
-0.0044999999999999971 0.014000000000000005 0.10715488426465919
-0.0040000000000000001 0.014000000000000005 0.13569183769809884
-0.0035000000000000031 0.014000000000000005 0.1671212753824973
-0.0029999999999999992 0.014000000000000005 0.20019167934656684
-0.0025000000000000022 0.014000000000000005 0.23323652842004741
-0.0019999999999999983 0.014000000000000005 0.26429161137785356
-0.0015000000000000013 0.014000000000000005 0.29127717472725462
-0.00099999999999999742 0.014000000000000005 0.31222364713426776
-0.00050000000000000044 0.014000000000000005 0.3255077970469632
0 0.014000000000000005 0.33006027995586429
0.00050000000000000044 0.014000000000000005 0.3255077970469632
0.0010000000000000009 0.014000000000000005 0.31222364713426776
0.0015000000000000013 0.014000000000000005 0.29127717472725462
0.0020000000000000018 0.014000000000000005 0.26429161137785356
0.0024999999999999988 0.014000000000000005 0.23323652842004741
0.0030000000000000027 0.014000000000000005 0.20019167934656684
0.0034999999999999996 0.014000000000000005 0.1671212753824973
0.0040000000000000036 0.014000000000000005 0.13569183769809884
0.0045000000000000005 0.014000000000000005 0.10715488426465901
0.0049999999999999975 0.014000000000000005 0.082301259836647614
0.0055000000000000014 0.014000000000000005 0.061480481395571829
0.0059999999999999984 0.014000000000000005 0.044668801472982654
0.0064999999999999988 0.014000000000000005 0.031565131634851432
0.0069999999999999993 0.014000000000000005 0.021694376556259106
0.0074999999999999997 0.014000000000000005 0.014501836612144105
0.0080000000000000002 0.014000000000000005 0.0094283371860281757
0.0085000000000000006 0.014000000000000005 0.0059618832661795509
0.0090000000000000011 0.014000000000000005 0.0036666385074409827
0.0095000000000000015 0.014000000000000005 0.002193254284291507
0.010000000000000002 0.014000000000000005 0.0012759866835214087
0.010500000000000002 0.014000000000000005 0.00072200393086840832
0.011000000000000003 0.014000000000000005 0.00039734636692066163
0.011500000000000003 0.014000000000000005 0.0002126841839747842
0.012000000000000004 0.014000000000000005 0.00011072288888023239
0.012499999999999997 0.014000000000000005 5.6062942218232099e-05
0.013000000000000005 0.014000000000000005 2.7608996904489068e-05
0.013499999999999998 0.014000000000000005 1.3223963274032412e-05
0.014000000000000005 0.014000000000000005 6.1603999008361261e-06
0.014499999999999999 0.014000000000000005 2.7912095371227175e-06
0.014999999999999999 0.014000000000000005 1.230020189274698e-06
0.0155 0.014000000000000005 5.2719138397000645e-07
0.016000000000000007 0.014000000000000005 2.1976606507884178e-07
0.016500000000000001 0.014000000000000005 8.9102363658282805e-08
0.017000000000000001 0.014000000000000005 3.513614268173913e-08
0.017500000000000002 0.014000000000000005 1.3475820067533849e-08
0.017999999999999995 0.014000000000000005 5.0268113782620198e-09
0.018500000000000003 0.014000000000000005 1.8237539256853097e-09
0.019000000000000003 0.014000000000000005 6.4354090130177405e-10
0.019500000000000003 0.014000000000000005 2.2086267786408591e-10
0.019999999999999997 0.014000000000000005 7.3723301715144547e-11
0.020499999999999997 0.014000000000000005 2.3934451803625561e-11
0.021000000000000005 0.014000000000000005 7.5575052417845684e-12
0.021500000000000005 0.014000000000000005 2.3209708911532913e-12
0.021999999999999999 0.014000000000000005 6.9326167918111231e-13
0.022499999999999999 0.014000000000000005 2.0140069280833661e-13
0.023000000000000007 0.014000000000000005 5.6906383981582169e-14
0.023500000000000007 0.014000000000000005 1.5638578851011041e-14
0.024 0.014000000000000005 4.1799380265414581e-15
0.024500000000000001 0.014000000000000005 1.086622430788164e-15
0.025000000000000001 0.014000000000000005 2.7474117619285047e-16
-0.025000000000000001 0.014499999999999999 1.2448220952761843e-16
-0.024500000000000001 0.014499999999999999 4.9233668932040573e-16
-0.024 0.014499999999999999 1.893884012737696e-15
-0.0235 0.014499999999999999 7.0856683232631943e-15
-0.023 0.014499999999999999 2.5783657595183805e-14
-0.022500000000000003 0.014499999999999999 9.1252441984075301e-14
-0.022000000000000002 0.014499999999999999 3.1410925293816849e-13
-0.021500000000000002 0.014499999999999999 1.0516064202085403e-12
-0.021000000000000001 0.014499999999999999 3.424222623089977e-12
-0.020500000000000001 0.014499999999999999 1.0844437246844299e-11
-0.02 0.014499999999999999 3.3403218324764077e-11
-0.0195 0.014499999999999999 1.0007045366730617e-10
-0.019 0.014499999999999999 2.9158131455041881e-10
-0.018500000000000003 0.014499999999999999 8.2632287394962091e-10
-0.018000000000000002 0.014499999999999999 2.2775930274295237e-09
-0.017500000000000002 0.014499999999999999 6.1057460714433499e-09
-0.017000000000000001 0.014499999999999999 1.5919800358685133e-08
-0.016500000000000001 0.014499999999999999 4.0371302387272121e-08
-0.016 0.014499999999999999 9.9573590458104452e-08
-0.0155 0.014499999999999999 2.3886462608154472e-07
-0.015000000000000001 0.014499999999999999 5.5730863879324566e-07
-0.014500000000000001 0.014499999999999999 1.2646663861979795e-06
-0.014 0.014499999999999999 2.7912095371227476e-06
-0.0135 0.014499999999999999 5.9916325243804484e-06
-0.012999999999999999 0.014499999999999999 1.2509333275546429e-05
-0.012500000000000001 0.014499999999999999 2.5401503395493919e-05
-0.012 0.014499999999999999 5.016732491316668e-05
-0.0115 0.014499999999999999 9.6364867908171249e-05
-0.010999999999999999 0.014499999999999999 0.00018003327490793039
-0.010499999999999999 0.014499999999999999 0.00032713205150959167
-0.010000000000000002 0.014499999999999999 0.00057813555249930262
-0.0095000000000000015 0.014499999999999999 0.0009937394283151687
-0.0090000000000000011 0.014499999999999999 0.0016613136380580792
-0.0085000000000000006 0.014499999999999999 0.0027012638302124029
-0.0080000000000000002 0.014499999999999999 0.00427187603020362
-0.0074999999999999997 0.014499999999999999 0.0065706228993540096
-0.0069999999999999993 0.014499999999999999 0.0098294837543815034
-0.0064999999999999988 0.014499999999999999 0.014301814472754146
-0.0059999999999999984 0.014499999999999999 0.020238943362476901
-0.0054999999999999979 0.014499999999999999 0.027856130897431716
-0.005000000000000001 0.014499999999999999 0.03728979694030686
-0.0044999999999999971 0.014499999999999999 0.048550701208245228
-0.0040000000000000001 0.014499999999999999 0.061480481395572481
-0.0035000000000000031 0.014499999999999999 0.075720814429664912
-0.0029999999999999992 0.014499999999999999 0.090704651262803693
-0.0025000000000000022 0.014499999999999999 0.10567690945567848
-0.0019999999999999983 0.014499999999999999 0.11974762647458535
-0.0015000000000000013 0.014499999999999999 0.13197448885331736
-0.00099999999999999742 0.014499999999999999 0.14146510545169724
-0.00050000000000000044 0.014499999999999999 0.14748400788104263
0 0.014499999999999999 0.14954668788842168
0.00050000000000000044 0.014499999999999999 0.14748400788104263
0.0010000000000000009 0.014499999999999999 0.14146510545169724
0.0015000000000000013 0.014499999999999999 0.13197448885331736
0.0020000000000000018 0.014499999999999999 0.11974762647458514
0.0024999999999999988 0.014499999999999999 0.10567690945567866
0.0030000000000000027 0.014499999999999999 0.09070465126280354
0.0034999999999999996 0.014499999999999999 0.075720814429665051
0.0040000000000000036 0.014499999999999999 0.061480481395572377
0.0045000000000000005 0.014499999999999999 0.048550701208245138
0.0049999999999999975 0.014499999999999999 0.03728979694030693
0.0055000000000000014 0.014499999999999999 0.027856130897431615
0.0059999999999999984 0.014499999999999999 0.020238943362476901
0.0064999999999999988 0.014499999999999999 0.014301814472754146
0.0069999999999999993 0.014499999999999999 0.0098294837543815034
0.0074999999999999997 0.014499999999999999 0.0065706228993540096
0.0080000000000000002 0.014499999999999999 0.00427187603020362
0.0085000000000000006 0.014499999999999999 0.0027012638302124029
0.0090000000000000011 0.014499999999999999 0.0016613136380580792
0.0095000000000000015 0.014499999999999999 0.0009937394283151687
0.010000000000000002 0.014499999999999999 0.00057813555249930262
0.010500000000000002 0.014499999999999999 0.00032713205150958929
0.011000000000000003 0.014499999999999999 0.00018003327490792912
0.011500000000000003 0.014499999999999999 9.6364867908170558e-05
0.012000000000000004 0.014499999999999999 5.0167324913166321e-05
0.012499999999999997 0.014499999999999999 2.540150339549401e-05
0.013000000000000005 0.014499999999999999 1.2509333275546297e-05
0.013499999999999998 0.014499999999999999 5.9916325243804484e-06
0.014000000000000005 0.014499999999999999 2.7912095371227175e-06
0.014499999999999999 0.014499999999999999 1.2646663861979838e-06
0.014999999999999999 0.014499999999999999 5.5730863879324566e-07
0.0155 0.014499999999999999 2.3886462608154472e-07
0.016000000000000007 0.014499999999999999 9.9573590458103036e-08
0.016500000000000001 0.014499999999999999 4.0371302387272121e-08
0.017000000000000001 0.014499999999999999 1.5919800358685133e-08
0.017500000000000002 0.014499999999999999 6.1057460714433499e-09
0.017999999999999995 0.014499999999999999 2.2775930274295481e-09
0.018500000000000003 0.014499999999999999 8.2632287394962091e-10
0.019000000000000003 0.014499999999999999 2.9158131455041783e-10
0.019500000000000003 0.014499999999999999 1.0007045366730617e-10
0.019999999999999997 0.014499999999999999 3.3403218324764549e-11
0.020499999999999997 0.014499999999999999 1.0844437246844376e-11
0.021000000000000005 0.014499999999999999 3.4242226230899523e-12
0.021500000000000005 0.014499999999999999 1.0516064202085403e-12
0.021999999999999999 0.014499999999999999 3.1410925293817293e-13
0.022499999999999999 0.014499999999999999 9.1252441984075945e-14
0.023000000000000007 0.014499999999999999 2.5783657595183256e-14
0.023500000000000007 0.014499999999999999 7.0856683232630941e-15
0.024 0.014499999999999999 1.893884012737696e-15
0.024500000000000001 0.014499999999999999 4.9233668932040573e-16
0.025000000000000001 0.014499999999999999 1.2448220952761843e-16
-0.025000000000000001 0.014999999999999999 5.485637279755469e-17
-0.024500000000000001 0.014999999999999999 2.1696116315546208e-16
-0.024 0.014999999999999999 8.3459000151356594e-16
-0.0235 0.014999999999999999 3.122486856039552e-15
-0.023 0.014999999999999999 1.1362249581632769e-14
-0.022500000000000003 0.014999999999999999 4.0212798239695564e-14
-0.022000000000000002 0.014999999999999999 1.384205369082448e-13
-0.021500000000000002 0.014999999999999999 4.6341813856109561e-13
-0.021000000000000001 0.014999999999999999 1.5089741214174773e-12
-0.020500000000000001 0.014999999999999999 4.7788876390452646e-12
-0.02 0.014999999999999999 1.4720010224873335e-11
-0.0195 0.014999999999999999 4.4098687942844024e-11
-0.019 0.014999999999999999 1.2849300596829508e-10
-0.018500000000000003 0.014999999999999999 3.6414099489831265e-10
-0.018000000000000002 0.014999999999999999 1.003681511341302e-09
-0.017500000000000002 0.014999999999999999 2.6906582392240524e-09
-0.017000000000000001 0.014999999999999999 7.0154804180666217e-09
-0.016500000000000001 0.014999999999999999 1.7790680471394128e-08
-0.016 0.014999999999999999 4.3879732049172076e-08
-0.0155 0.014999999999999999 1.0526200511865552e-07
-0.015000000000000001 0.014999999999999999 2.4559276838797624e-07
-0.014500000000000001 0.014999999999999999 5.5730863879324566e-07
-0.014 0.014999999999999999 1.2300201892747069e-06
-0.0135 0.014999999999999999 2.6403710913441376e-06
-0.012999999999999999 0.014999999999999999 5.5125680385676305e-06
-0.012500000000000001 0.014999999999999999 1.1193843242093155e-05
-0.012 0.014999999999999999 2.2107556478439179e-05
-0.0115 0.014999999999999999 4.2465723725645162e-05
-0.010999999999999999 0.014999999999999999 7.9336416679870458e-05
-0.010499999999999999 0.014999999999999999 0.0001441593769883835
-0.010000000000000002 0.014999999999999999 0.00025477069788342333
-0.0095000000000000015 0.014999999999999999 0.00043791752050473498
-0.0090000000000000011 0.014999999999999999 0.00073210172448582699
-0.0085000000000000006 0.014999999999999999 0.0011903832383518625
-0.0080000000000000002 0.014999999999999999 0.0018825149790243339
-0.0074999999999999997 0.014999999999999999 0.0028955184893239127
-0.0069999999999999993 0.014999999999999999 0.0043316215809795985
-0.0064999999999999988 0.014999999999999999 0.0063024722117002475
-0.0059999999999999984 0.014999999999999999 0.0089188248371692164
-0.0054999999999999979 0.014999999999999999 0.012275539669529739
-0.005000000000000001 0.014999999999999999 0.016432733723679073
-0.0044999999999999971 0.014999999999999999 0.021395148553105321
-0.0040000000000000001 0.014999999999999999 0.027092997625981011
-0.0035000000000000031 0.014999999999999999 0.033368376418210666
-0.0029999999999999992 0.014999999999999999 0.039971399793000809
-0.0025000000000000022 0.014999999999999999 0.046569320734204493
-0.0019999999999999983 0.014999999999999999 0.052769953750336794
-0.0015000000000000013 0.014999999999999999 0.058158043529087926
-0.00099999999999999742 0.014999999999999999 0.062340334349398889
-0.00050000000000000044 0.014999999999999999 0.064992722644475087
0 0.014999999999999999 0.06590169705837913
0.00050000000000000044 0.014999999999999999 0.064992722644475087
0.0010000000000000009 0.014999999999999999 0.062340334349398889
0.0015000000000000013 0.014999999999999999 0.058158043529087926
0.0020000000000000018 0.014999999999999999 0.052769953750336704
0.0024999999999999988 0.014999999999999999 0.046569320734204576
0.0030000000000000027 0.014999999999999999 0.039971399793000809
0.0034999999999999996 0.014999999999999999 0.033368376418210721
0.0040000000000000036 0.014999999999999999 0.027092997625980962
0.0045000000000000005 0.014999999999999999 0.021395148553105248
0.0049999999999999975 0.014999999999999999 0.016432733723679132
0.0055000000000000014 0.014999999999999999 0.012275539669529696
0.0059999999999999984 0.014999999999999999 0.0089188248371692164
0.0064999999999999988 0.014999999999999999 0.0063024722117002475
0.0069999999999999993 0.014999999999999999 0.0043316215809795985
0.0074999999999999997 0.014999999999999999 0.0028955184893239127
0.0080000000000000002 0.014999999999999999 0.0018825149790243339
0.0085000000000000006 0.014999999999999999 0.0011903832383518625
0.0090000000000000011 0.014999999999999999 0.00073210172448582699
0.0095000000000000015 0.014999999999999999 0.00043791752050473498
0.010000000000000002 0.014999999999999999 0.00025477069788342333
0.010500000000000002 0.014999999999999999 0.00014415937698838302
0.011000000000000003 0.014999999999999999 7.9336416679869903e-05
0.011500000000000003 0.014999999999999999 4.2465723725645007e-05
0.012000000000000004 0.014999999999999999 2.2107556478439019e-05
0.012499999999999997 0.014999999999999999 1.1193843242093233e-05
0.013000000000000005 0.014999999999999999 5.5125680385675721e-06
0.013499999999999998 0.014999999999999999 2.6403710913441376e-06
0.014000000000000005 0.014999999999999999 1.230020189274698e-06
0.014499999999999999 0.014999999999999999 5.5730863879324566e-07
0.014999999999999999 0.014999999999999999 2.4559276838797624e-07
0.0155 0.014999999999999999 1.0526200511865552e-07
0.016000000000000007 0.014999999999999999 4.3879732049171454e-08
0.016500000000000001 0.014999999999999999 1.7790680471394128e-08
0.017000000000000001 0.014999999999999999 7.0154804180666217e-09
0.017500000000000002 0.014999999999999999 2.6906582392240524e-09
0.017999999999999995 0.014999999999999999 1.0036815113413128e-09
0.018500000000000003 0.014999999999999999 3.6414099489831265e-10
0.019000000000000003 0.014999999999999999 1.2849300596829321e-10
0.019500000000000003 0.014999999999999999 4.4098687942843713e-11
0.019999999999999997 0.014999999999999999 1.4720010224873439e-11
0.020499999999999997 0.014999999999999999 4.7788876390452985e-12
0.021000000000000005 0.014999999999999999 1.5089741214174666e-12
0.021500000000000005 0.014999999999999999 4.6341813856109561e-13
0.021999999999999999 0.014999999999999999 1.3842053690824579e-13
0.022499999999999999 0.014999999999999999 4.0212798239696138e-14
0.023000000000000007 0.014999999999999999 1.1362249581632444e-14
0.023500000000000007 0.014999999999999999 3.1224868560394628e-15
0.024 0.014999999999999999 8.3459000151356594e-16
0.024500000000000001 0.014999999999999999 2.1696116315546208e-16
0.025000000000000001 0.014999999999999999 5.485637279755469e-17
-0.025000000000000001 0.0155 2.3511652367080506e-17
-0.024500000000000001 0.0155 9.2990388994440594e-17
-0.024 0.0155 3.5770848461025126e-16
-0.0235 0.0155 1.3383098760633455e-15
-0.023 0.0155 4.8699038716475981e-15
-0.022500000000000003 0.0155 1.7235359990141779e-14
-0.022000000000000002 0.0155 5.9327574505552914e-14
-0.021500000000000002 0.0155 1.9862279656473746e-13
-0.021000000000000001 0.0155 6.4675211218613822e-13
-0.020500000000000001 0.0155 2.0482496224318167e-12
-0.02 0.0155 6.3090529978045227e-12
-0.0195 0.0155 1.8900867262640798e-11
-0.019 0.0155 5.5072596561878835e-11
-0.018500000000000003 0.0155 1.560722309557011e-10
-0.018000000000000002 0.0155 4.3018175607437673e-10
-0.017500000000000002 0.0155 1.1532264700169404e-09
-0.017000000000000001 0.0155 3.0068618898002951e-09
-0.016500000000000001 0.0155 7.6251540757334854e-09
-0.016 0.0155 1.8807021924475017e-08
-0.0155 0.0155 4.5115700247720505e-08
-0.015000000000000001 0.0155 1.0526200511865477e-07
-0.014500000000000001 0.0155 2.3886462608154387e-07
-0.014 0.0155 5.2719138397001026e-07
-0.0135 0.0155 1.1316732050234984e-06
-0.012999999999999999 0.0155 2.3627078635147928e-06
-0.012500000000000001 0.0155 4.7977242668042658e-06
-0.012 0.0155 9.4753837357221785e-06
-0.0115 0.0155 1.8200972518517772e-05
-0.010999999999999999 0.0155 3.4003893329055802e-05
-0.010499999999999999 0.0155 6.1787263436362375e-05
-0.010000000000000002 0.0155 0.00010919570100013213
-0.0095000000000000015 0.0155 0.00018769313358648132
-0.0090000000000000011 0.0155 0.00031378161489048121
-0.0085000000000000006 0.0155 0.00051020283435466822
-0.0080000000000000002 0.0155 0.00080685316045203692
-0.0074999999999999997 0.0155 0.0012410303611337754
-0.0069999999999999993 0.0155 0.0018565496696908213
-0.0064999999999999988 0.0155 0.0027012638302124029
-0.0059999999999999984 0.0155 0.0038226426283830914
-0.0054999999999999979 0.0155 0.005261343515974441
-0.005000000000000001 0.0155 0.0070431328767907317
-0.0044999999999999971 0.0155 0.0091700429588936639
-0.0040000000000000001 0.0155 0.011612162986332265
-0.0035000000000000031 0.0155 0.014301814472754096
-0.0029999999999999992 0.0155 0.017131895687432872
-0.0025000000000000022 0.0155 0.019959789979451723
-0.0019999999999999983 0.0155 0.022617405138754421
-0.0015000000000000013 0.0155 0.024926761141349375
-0.00099999999999999742 0.0155 0.026719307072668536
-0.00050000000000000044 0.0155 0.027856130897431615
0 0.0155 0.028245720827286318
0.00050000000000000044 0.0155 0.027856130897431615
0.0010000000000000009 0.0155 0.026719307072668536
0.0015000000000000013 0.0155 0.024926761141349375
0.0020000000000000018 0.0155 0.022617405138754421
0.0024999999999999988 0.0155 0.019959789979451723
0.0030000000000000027 0.0155 0.017131895687432813
0.0034999999999999996 0.0155 0.014301814472754146
0.0040000000000000036 0.0155 0.011612162986332225
0.0045000000000000005 0.0155 0.0091700429588936309
0.0049999999999999975 0.0155 0.0070431328767907317
0.0055000000000000014 0.0155 0.005261343515974422
0.0059999999999999984 0.0155 0.0038226426283830914
0.0064999999999999988 0.0155 0.0027012638302124029
0.0069999999999999993 0.0155 0.0018565496696908213
0.0074999999999999997 0.0155 0.0012410303611337754
0.0080000000000000002 0.0155 0.00080685316045203692
0.0085000000000000006 0.0155 0.00051020283435466822
0.0090000000000000011 0.0155 0.00031378161489048121
0.0095000000000000015 0.0155 0.00018769313358648132
0.010000000000000002 0.0155 0.00010919570100013213
0.010500000000000002 0.0155 6.1787263436362158e-05
0.011000000000000003 0.0155 3.4003893329055687e-05
0.011500000000000003 0.0155 1.8200972518517711e-05
0.012000000000000004 0.0155 9.4753837357221463e-06
0.012499999999999997 0.0155 4.7977242668042827e-06
0.013000000000000005 0.0155 2.3627078635147759e-06
0.013499999999999998 0.0155 1.1316732050235022e-06
0.014000000000000005 0.0155 5.2719138397000645e-07
0.014499999999999999 0.0155 2.3886462608154472e-07
0.014999999999999999 0.0155 1.0526200511865552e-07
0.0155 0.0155 4.5115700247720505e-08
0.016000000000000007 0.0155 1.8807021924474682e-08
0.016500000000000001 0.0155 7.6251540757334854e-09
0.017000000000000001 0.0155 3.0068618898002951e-09
0.017500000000000002 0.0155 1.1532264700169404e-09
0.017999999999999995 0.0155 4.3018175607438133e-10
0.018500000000000003 0.0155 1.560722309557011e-10
0.019000000000000003 0.0155 5.5072596561878448e-11
0.019500000000000003 0.0155 1.8900867262640666e-11
0.019999999999999997 0.0155 6.3090529978045671e-12
0.020499999999999997 0.0155 2.0482496224318458e-12
0.021000000000000005 0.0155 6.4675211218612894e-13
0.021500000000000005 0.0155 1.9862279656473746e-13
0.021999999999999999 0.0155 5.9327574505553331e-14
0.022499999999999999 0.0155 1.7235359990141902e-14
0.023000000000000007 0.0155 4.8699038716474948e-15
0.023500000000000007 0.0155 1.3383098760633266e-15
0.024 0.0155 3.5770848461025126e-16
0.024500000000000001 0.0155 9.2990388994440594e-17
0.025000000000000001 0.0155 2.3511652367080506e-17
-0.025000000000000001 0.016000000000000007 9.8011148917200229e-18
-0.024500000000000001 0.016000000000000007 3.8764161366912092e-17
-0.024 0.016000000000000007 1.4911508135076588e-16
-0.0235 0.016000000000000007 5.5789055789145248e-16
-0.023 0.016000000000000007 2.0300779635751768e-15
-0.022500000000000003 0.016000000000000007 7.1847669753765564e-15
-0.022000000000000002 0.016000000000000007 2.4731412531011442e-14
-0.021500000000000002 0.016000000000000007 8.2798300130168778e-14
-0.021000000000000001 0.016000000000000007 2.6960639171724907e-13
-0.020500000000000001 0.016000000000000007 8.5383747441265732e-13
-0.02 0.016000000000000007 2.6300045749234855e-12
-0.0195 0.016000000000000007 7.8790537007797334e-12
-0.019 0.016000000000000007 2.2957673831724165e-11
-0.018500000000000003 0.016000000000000007 6.5060585411923267e-11
-0.018000000000000002 0.016000000000000007 1.7932643566600895e-10
-0.017500000000000002 0.016000000000000007 4.8073631543797172e-10
-0.017000000000000001 0.016000000000000007 1.2534465202764608e-09
-0.016500000000000001 0.016000000000000007 3.1786371283700256e-09
-0.016 0.016000000000000007 7.8399331435744763e-09
-0.0155 0.016000000000000007 1.8807021924474682e-08
-0.015000000000000001 0.016000000000000007 4.3879732049171295e-08
-0.014500000000000001 0.016000000000000007 9.9573590458102679e-08
-0.014 0.016000000000000007 2.1976606507884337e-07
-0.0135 0.016000000000000007 4.7175157786213949e-07
-0.012999999999999999 0.016000000000000007 9.8492317189505609e-07
-0.012500000000000001 0.016000000000000007 1.9999890277205887e-06
-0.012 0.016000000000000007 3.9499276013019678e-06
-0.0115 0.016000000000000007 7.5872941641822389e-06
-0.010999999999999999 0.016000000000000007 1.417493165008251e-05
-0.010499999999999999 0.016000000000000007 2.5756763426489619e-05
-0.010000000000000002 0.016000000000000007 4.5519540459125115e-05
-0.0095000000000000015 0.016000000000000007 7.8242138746647296e-05
-0.0090000000000000011 0.016000000000000007 0.00013080363772122853
-0.0085000000000000006 0.016000000000000007 0.00021268418397478347
-0.0080000000000000002 0.016000000000000007 0.00033634643805002015
-0.0074999999999999997 0.016000000000000007 0.00051733842282456692
-0.0069999999999999993 0.016000000000000007 0.00077392504494077242
-0.0064999999999999988 0.016000000000000007 0.0011260542959468296
-0.0059999999999999984 0.016000000000000007 0.0015935145265769119
-0.0054999999999999979 0.016000000000000007 0.0021932542842914909
-0.005000000000000001 0.016000000000000007 0.0029360145958830406
-0.0044999999999999971 0.016000000000000007 0.0038226426283830299
-0.0040000000000000001 0.016000000000000007 0.0048406697153184092
-0.0035000000000000031 0.016000000000000007 0.0059618832661795197
-0.0029999999999999992 0.016000000000000007 0.0071416366371846816
-0.0025000000000000022 0.016000000000000007 0.0083204783631929662
-0.0019999999999999983 0.016000000000000007 0.0094283371860281254
-0.0015000000000000013 0.016000000000000007 0.010391019993426493
-0.00099999999999999742 0.016000000000000007 0.011138264310722703
-0.00050000000000000044 0.016000000000000007 0.011612162986332098
0 0.016000000000000007 0.011774568231337717
0.00050000000000000044 0.016000000000000007 0.011612162986332098
0.0010000000000000009 0.016000000000000007 0.011138264310722682
0.0015000000000000013 0.016000000000000007 0.010391019993426493
0.0020000000000000018 0.016000000000000007 0.0094283371860281254
0.0024999999999999988 0.016000000000000007 0.0083204783631929662
0.0030000000000000027 0.016000000000000007 0.0071416366371846816
0.0034999999999999996 0.016000000000000007 0.0059618832661795197
0.0040000000000000036 0.016000000000000007 0.0048406697153184092
0.0045000000000000005 0.016000000000000007 0.0038226426283830299
0.0049999999999999975 0.016000000000000007 0.0029360145958830458
0.0055000000000000014 0.016000000000000007 0.0021932542842914909
0.0059999999999999984 0.016000000000000007 0.0015935145265769119
0.0064999999999999988 0.016000000000000007 0.0011260542959468296
0.0069999999999999993 0.016000000000000007 0.00077392504494077242
0.0074999999999999997 0.016000000000000007 0.00051733842282456692
0.0080000000000000002 0.016000000000000007 0.00033634643805002015
0.0085000000000000006 0.016000000000000007 0.00021268418397478347
0.0090000000000000011 0.016000000000000007 0.00013080363772122853
0.0095000000000000015 0.016000000000000007 7.8242138746647296e-05
0.010000000000000002 0.016000000000000007 4.5519540459125115e-05
0.010500000000000002 0.016000000000000007 2.5756763426489528e-05
0.011000000000000003 0.016000000000000007 1.417493165008251e-05
0.011500000000000003 0.016000000000000007 7.5872941641821847e-06
0.012000000000000004 0.016000000000000007 3.9499276013019678e-06
0.012499999999999997 0.016000000000000007 1.9999890277206027e-06
0.013000000000000005 0.016000000000000007 9.849231718950491e-07
0.013499999999999998 0.016000000000000007 4.7175157786214118e-07
0.014000000000000005 0.016000000000000007 2.1976606507884178e-07
0.014499999999999999 0.016000000000000007 9.9573590458103036e-08
0.014999999999999999 0.016000000000000007 4.3879732049171454e-08
0.0155 0.016000000000000007 1.8807021924474682e-08
0.016000000000000007 0.016000000000000007 7.8399331435743936e-09
0.016500000000000001 0.016000000000000007 3.1786371283700256e-09
0.017000000000000001 0.016000000000000007 1.2534465202764608e-09
0.017500000000000002 0.016000000000000007 4.8073631543797172e-10
0.017999999999999995 0.016000000000000007 1.7932643566601153e-10
0.018500000000000003 0.016000000000000007 6.5060585411923267e-11
0.019000000000000003 0.016000000000000007 2.2957673831724001e-11
0.019500000000000003 0.016000000000000007 7.8790537007797334e-12
0.019999999999999997 0.016000000000000007 2.6300045749235227e-12
0.020499999999999997 0.016000000000000007 8.5383747441266328e-13
0.021000000000000005 0.016000000000000007 2.696063917172472e-13
0.021500000000000005 0.016000000000000007 8.2798300130168778e-14
0.021999999999999999 0.016000000000000007 2.4731412531011795e-14
0.022499999999999999 0.016000000000000007 7.1847669753766069e-15
0.023000000000000007 0.016000000000000007 2.0300779635751334e-15
0.023500000000000007 0.016000000000000007 5.5789055789144469e-16
0.024 0.016000000000000007 1.4911508135076588e-16
0.024500000000000001 0.016000000000000007 3.8764161366912092e-17
0.025000000000000001 0.016000000000000007 9.8011148917200229e-18
-0.025000000000000001 0.016500000000000001 3.9737823172351544e-18
-0.024500000000000001 0.016500000000000001 1.571661394485015e-17
-0.024 0.016500000000000001 6.0457496932858283e-17
-0.0235 0.016500000000000001 2.2619218919414726e-16
-0.023 0.016500000000000001 8.2307859905599718e-16
-0.022500000000000003 0.016500000000000001 2.9130053341509218e-15
-0.022000000000000002 0.016500000000000001 1.0027150062183819e-14
-0.021500000000000002 0.016500000000000001 3.3569897362630847e-14
-0.021000000000000001 0.016500000000000001 1.0930971872645435e-13
-0.020500000000000001 0.016500000000000001 3.4618145946642414e-13
-0.02 0.016500000000000001 1.066313964231514e-12
-0.0195 0.016500000000000001 3.1944982401088731e-12
-0.019 0.016500000000000001 9.3080021329438508e-12
-0.018500000000000003 0.016500000000000001 2.6378285196644279e-11
-0.018000000000000002 0.016500000000000001 7.2706444821333702e-11
-0.017500000000000002 0.016500000000000001 1.9491062911159791e-10
-0.017000000000000001 0.016500000000000001 5.0819969696329318e-10
-0.016500000000000001 0.016500000000000001 1.288752570821793e-09
-0.016 0.016500000000000001 3.1786371283700711e-09
-0.0155 0.016500000000000001 7.6251540757334854e-09
-0.015000000000000001 0.016500000000000001 1.7790680471394128e-08
-0.014500000000000001 0.016500000000000001 4.0371302387271836e-08
-0.014 0.016500000000000001 8.9102363658283758e-08
-0.0135 0.016500000000000001 1.9126784033723007e-07
-0.012999999999999999 0.016500000000000001 3.993290893486179e-07
-0.012500000000000001 0.016500000000000001 8.1087928473672582e-07
-0.012 0.016500000000000001 1.6014660199191145e-06
-0.0115 0.016500000000000001 3.0762067089693831e-06
-0.010999999999999999 0.016500000000000001 5.7471107482579097e-06
-0.010499999999999999 0.016500000000000001 1.0442870243247563e-05
-0.010000000000000002 0.016500000000000001 1.8455527454121804e-05
-0.0095000000000000015 0.016500000000000001 3.1722638786404725e-05
-0.0090000000000000011 0.016500000000000001 5.3033271046109621e-05
-0.0085000000000000006 0.016500000000000001 8.6231072563854361e-05
-0.0080000000000000002 0.016500000000000001 0.00013636892769386123
-0.0074999999999999997 0.016500000000000001 0.00020975065585480672
-0.0069999999999999993 0.016500000000000001 0.00031378161489048121
-0.0064999999999999988 0.016500000000000001 0.00045654955573068656
-0.0059999999999999984 0.016500000000000001 0.00064607750423558319
-0.0054999999999999979 0.016500000000000001 0.00088923711112504501
-0.005000000000000001 0.016500000000000001 0.0011903832383518625
-0.0044999999999999971 0.016500000000000001 0.0015498593628986634
-0.0040000000000000001 0.016500000000000001 0.001962610165355616
-0.0035000000000000031 0.016500000000000001 0.0024171970803626265
-0.0029999999999999992 0.016500000000000001 0.0028955184893239027
-0.0025000000000000022 0.016500000000000001 0.0033734702792358965
-0.0019999999999999983 0.016500000000000001 0.0038226426283830776
-0.0015000000000000013 0.016500000000000001 0.0042129545428345348
-0.00099999999999999742 0.016500000000000001 0.0045159186737044558
-0.00050000000000000044 0.016500000000000001 0.0047080570373602684
0 0.016500000000000001 0.00477390292305382
0.00050000000000000044 0.016500000000000001 0.0047080570373602684
0.0010000000000000009 0.016500000000000001 0.0045159186737044402
0.0015000000000000013 0.016500000000000001 0.0042129545428345348
0.0020000000000000018 0.016500000000000001 0.0038226426283830776
0.0024999999999999988 0.016500000000000001 0.0033734702792358965
0.0030000000000000027 0.016500000000000001 0.0028955184893239027
0.0034999999999999996 0.016500000000000001 0.0024171970803626265
0.0040000000000000036 0.016500000000000001 0.001962610165355616
0.0045000000000000005 0.016500000000000001 0.0015498593628986634
0.0049999999999999975 0.016500000000000001 0.0011903832383518625
0.0055000000000000014 0.016500000000000001 0.00088923711112504501
0.0059999999999999984 0.016500000000000001 0.00064607750423558319
0.0064999999999999988 0.016500000000000001 0.00045654955573068656
0.0069999999999999993 0.016500000000000001 0.00031378161489048121
0.0074999999999999997 0.016500000000000001 0.00020975065585480672
0.0080000000000000002 0.016500000000000001 0.00013636892769386123
0.0085000000000000006 0.016500000000000001 8.6231072563854361e-05
0.0090000000000000011 0.016500000000000001 5.3033271046109621e-05
0.0095000000000000015 0.016500000000000001 3.1722638786404725e-05
0.010000000000000002 0.016500000000000001 1.8455527454121804e-05
0.010500000000000002 0.016500000000000001 1.0442870243247526e-05
0.011000000000000003 0.016500000000000001 5.7471107482578902e-06
0.011500000000000003 0.016500000000000001 3.0762067089693611e-06
0.012000000000000004 0.016500000000000001 1.6014660199191088e-06
0.012499999999999997 0.016500000000000001 8.1087928473672868e-07
0.013000000000000005 0.016500000000000001 3.9932908934861509e-07
0.013499999999999998 0.016500000000000001 1.9126784033723007e-07
0.014000000000000005 0.016500000000000001 8.9102363658282805e-08
0.014499999999999999 0.016500000000000001 4.0371302387272121e-08
0.014999999999999999 0.016500000000000001 1.7790680471394128e-08
0.0155 0.016500000000000001 7.6251540757334854e-09
0.016000000000000007 0.016500000000000001 3.1786371283700256e-09
0.016500000000000001 0.016500000000000001 1.288752570821793e-09
0.017000000000000001 0.016500000000000001 5.0819969696329318e-10
0.017500000000000002 0.016500000000000001 1.9491062911159791e-10
0.017999999999999995 0.016500000000000001 7.2706444821334736e-11
0.018500000000000003 0.016500000000000001 2.6378285196644279e-11
0.019000000000000003 0.016500000000000001 9.3080021329437845e-12
0.019500000000000003 0.016500000000000001 3.1944982401088731e-12
0.019999999999999997 0.016500000000000001 1.0663139642315291e-12
0.020499999999999997 0.016500000000000001 3.4618145946642661e-13
0.021000000000000005 0.016500000000000001 1.0930971872645358e-13
0.021500000000000005 0.016500000000000001 3.3569897362630847e-14
0.021999999999999999 0.016500000000000001 1.0027150062183963e-14
0.022499999999999999 0.016500000000000001 2.9130053341509427e-15
0.023000000000000007 0.016500000000000001 8.2307859905597963e-16
0.023500000000000007 0.016500000000000001 2.2619218919414401e-16
0.024 0.016500000000000001 6.0457496932858283e-17
0.024500000000000001 0.016500000000000001 1.571661394485015e-17
0.025000000000000001 0.016500000000000001 3.9737823172351544e-18
-0.025000000000000001 0.017000000000000001 1.5669997601861336e-18
-0.024500000000000001 0.017000000000000001 6.1976042763343039e-18
-0.024 0.017000000000000001 2.384048134301363e-17
-0.0235 0.017000000000000001 8.9195400735945893e-17
-0.023 0.017000000000000001 3.2456834933838514e-16
-0.022500000000000003 0.017000000000000001 1.1486987196649879e-15
-0.022000000000000002 0.017000000000000001 3.9540519556503441e-15
-0.021500000000000002 0.017000000000000001 1.3237771200641829e-14
-0.021000000000000001 0.017000000000000001 4.3104601449217088e-14
-0.020500000000000001 0.017000000000000001 1.3651131860242537e-13
-0.02 0.017000000000000001 4.2048446362720811e-13
-0.0195 0.017000000000000001 1.2597011050289512e-12
-0.019 0.017000000000000001 3.6704670627965626e-12
-0.018500000000000003 0.017000000000000001 1.0401869875454651e-11
-0.018000000000000002 0.017000000000000001 2.8670664999658622e-11
-0.017500000000000002 0.017000000000000001 7.6860000043511193e-11
-0.017000000000000001 0.017000000000000001 2.0040071138627955e-10
-0.016500000000000001 0.017000000000000001 5.0819969696329318e-10
-0.016 0.017000000000000001 1.2534465202764831e-09
-0.0155 0.017000000000000001 3.0068618898002951e-09
-0.015000000000000001 0.017000000000000001 7.0154804180665969e-09
-0.014500000000000001 0.017000000000000001 1.5919800358685133e-08
-0.014 0.017000000000000001 3.5136142681739381e-08
-0.0135 0.017000000000000001 7.5423522481294974e-08
-0.012999999999999999 0.017000000000000001 1.5746926663059015e-07
-0.012500000000000001 0.017000000000000001 3.1975773791414543e-07
-0.012 0.017000000000000001 6.3151342192934273e-07
-0.0115 0.017000000000000001 1.2130546644014142e-06
-0.010999999999999999 0.017000000000000001 2.2662844729122513e-06
-0.010499999999999999 0.017000000000000001 4.1179847964619562e-06
-0.010000000000000002 0.017000000000000001 7.2776525702693636e-06
-0.0095000000000000015 0.017000000000000001 1.2509333275546341e-05
-0.0090000000000000011 0.017000000000000001 2.091285238517054e-05
-0.0085000000000000006 0.017000000000000001 3.4003893329055687e-05
-0.0080000000000000002 0.017000000000000001 5.3774983110247348e-05
-0.0074999999999999997 0.017000000000000001 8.271193567846208e-05
-0.0069999999999999993 0.017000000000000001 0.00012373493966984786
-0.0064999999999999988 0.017000000000000001 0.00018003327490792974
-0.0059999999999999984 0.017000000000000001 0.00025477069788342426
-0.0054999999999999979 0.017000000000000001 0.00035065693806072981
-0.005000000000000001 0.017000000000000001 0.00046940926807606119
-0.0044999999999999971 0.017000000000000001 0.00061116313277929989
-0.0040000000000000001 0.017000000000000001 0.00077392504494078077
-0.0035000000000000031 0.017000000000000001 0.00095318438275357074
-0.0029999999999999992 0.017000000000000001 0.0011418030521465395
-0.0025000000000000022 0.017000000000000001 0.0013302759679688968
-0.0019999999999999983 0.017000000000000001 0.0015074001552559304
-0.0015000000000000013 0.017000000000000001 0.0016613136380580734
-0.00099999999999999742 0.017000000000000001 0.0017807828697668868
-0.00050000000000000044 0.017000000000000001 0.0018565496696908213
0 0.017000000000000001 0.0018825149790243272
0.00050000000000000044 0.017000000000000001 0.0018565496696908213
0.0010000000000000009 0.017000000000000001 0.0017807828697668805
0.0015000000000000013 0.017000000000000001 0.0016613136380580734
0.0020000000000000018 0.017000000000000001 0.0015074001552559304
0.0024999999999999988 0.017000000000000001 0.0013302759679688968
0.0030000000000000027 0.017000000000000001 0.0011418030521465395
0.0034999999999999996 0.017000000000000001 0.00095318438275357074
0.0040000000000000036 0.017000000000000001 0.00077392504494078077
0.0045000000000000005 0.017000000000000001 0.00061116313277929989
0.0049999999999999975 0.017000000000000001 0.00046940926807606287
0.0055000000000000014 0.017000000000000001 0.00035065693806072857
0.0059999999999999984 0.017000000000000001 0.00025477069788342426
0.0064999999999999988 0.017000000000000001 0.00018003327490792974
0.0069999999999999993 0.017000000000000001 0.00012373493966984786
0.0074999999999999997 0.017000000000000001 8.271193567846208e-05
0.0080000000000000002 0.017000000000000001 5.3774983110247348e-05
0.0085000000000000006 0.017000000000000001 3.4003893329055687e-05
0.0090000000000000011 0.017000000000000001 2.091285238517054e-05
0.0095000000000000015 0.017000000000000001 1.2509333275546341e-05
0.010000000000000002 0.017000000000000001 7.2776525702693636e-06
0.010500000000000002 0.017000000000000001 4.117984796461941e-06
0.011000000000000003 0.017000000000000001 2.2662844729122352e-06
0.011500000000000003 0.017000000000000001 1.2130546644014097e-06
0.012000000000000004 0.017000000000000001 6.3151342192934051e-07
0.012499999999999997 0.017000000000000001 3.1975773791414765e-07
0.013000000000000005 0.017000000000000001 1.5746926663058903e-07
0.013499999999999998 0.017000000000000001 7.5423522481294974e-08
0.014000000000000005 0.017000000000000001 3.513614268173913e-08
0.014499999999999999 0.017000000000000001 1.5919800358685133e-08
0.014999999999999999 0.017000000000000001 7.0154804180666217e-09
0.0155 0.017000000000000001 3.0068618898002951e-09
0.016000000000000007 0.017000000000000001 1.2534465202764608e-09
0.016500000000000001 0.017000000000000001 5.0819969696329318e-10
0.017000000000000001 0.017000000000000001 2.0040071138627955e-10
0.017500000000000002 0.017000000000000001 7.6860000043511193e-11
0.017999999999999995 0.017000000000000001 2.8670664999659029e-11
0.018500000000000003 0.017000000000000001 1.0401869875454651e-11
0.019000000000000003 0.017000000000000001 3.6704670627965101e-12
0.019500000000000003 0.017000000000000001 1.2597011050289423e-12
0.019999999999999997 0.017000000000000001 4.2048446362721109e-13
0.020499999999999997 0.017000000000000001 1.3651131860242633e-13
0.021000000000000005 0.017000000000000001 4.3104601449216778e-14
0.021500000000000005 0.017000000000000001 1.3237771200641829e-14
0.021999999999999999 0.017000000000000001 3.9540519556503725e-15
0.022499999999999999 0.017000000000000001 1.1486987196650042e-15
0.023000000000000007 0.017000000000000001 3.2456834933837823e-16
0.023500000000000007 0.017000000000000001 8.9195400735943366e-17
0.024 0.017000000000000001 2.384048134301363e-17
0.024500000000000001 0.017000000000000001 6.1976042763343039e-18
0.025000000000000001 0.017000000000000001 1.5669997601861336e-18
-0.025000000000000001 0.017500000000000002 6.0099388272098374e-19
-0.024500000000000001 0.017500000000000002 2.3769769161674221e-18
-0.024 0.017500000000000002 9.1435773076144011e-18
-0.0235 0.017500000000000002 3.4209252337589845e-17
-0.023 0.017500000000000002 1.2448220952761843e-16
-0.022500000000000003 0.017500000000000002 4.4056222671411916e-16
-0.022000000000000002 0.017500000000000002 1.5165037657852252e-15
-0.021500000000000002 0.017500000000000002 5.0771032099589128e-15
-0.021000000000000001 0.017500000000000002 1.6531975592024693e-14
-0.020500000000000001 0.017500000000000002 5.2356400739006879e-14
-0.02 0.017500000000000002 1.6126906770499459e-13
-0.0195 0.017500000000000002 4.8313514616577908e-13
-0.019 0.017500000000000002 1.4077400057850443e-12
-0.018500000000000003 0.017500000000000002 3.9894455141878265e-12
-0.018000000000000002 0.017500000000000002 1.0996105242728756e-11
-0.017500000000000002 0.017500000000000002 2.9478236707961295e-11
-0.017000000000000001 0.017500000000000002 7.6860000043511193e-11
-0.016500000000000001 0.017500000000000002 1.9491062911159791e-10
-0.016 0.017500000000000002 4.8073631543797855e-10
-0.0155 0.017500000000000002 1.1532264700169404e-09
-0.015000000000000001 0.017500000000000002 2.6906582392240524e-09
-0.014500000000000001 0.017500000000000002 6.1057460714433499e-09
-0.014 0.017500000000000002 1.3475820067533945e-08
-0.0135 0.017500000000000002 2.8927302209122772e-08
-0.012999999999999999 0.017500000000000002 6.0394435510509452e-08
-0.012500000000000001 0.017500000000000002 1.2263718816158345e-07
-0.012 0.017500000000000002 2.4220533600506231e-07
-0.0115 0.017500000000000002 4.6524476342282013e-07
-0.010999999999999999 0.017500000000000002 8.691916484811944e-07
-0.010499999999999999 0.017500000000000002 1.5793771860677899e-06
-0.010000000000000002 0.017500000000000002 2.7912095371227273e-06
-0.0095000000000000015 0.017500000000000002 4.7977242668042658e-06
-0.0090000000000000011 0.017500000000000002 8.0207391686145435e-06
-0.0085000000000000006 0.017500000000000002 1.3041566692411031e-05
-0.0080000000000000002 0.017500000000000002 2.0624403853670159e-05
-0.0074999999999999997 0.017500000000000002 3.1722638786404834e-05
-0.0069999999999999993 0.017500000000000002 4.7456256031332048e-05
-0.0064999999999999988 0.017500000000000002 6.9048445095511616e-05
-0.0059999999999999984 0.017500000000000002 9.7712606482024814e-05
-0.0054999999999999979 0.017500000000000002 0.00013448800699442293
-0.005000000000000001 0.017500000000000002 0.00018003327490792912
-0.0044999999999999971 0.017500000000000002 0.00023440035759885865
-0.0040000000000000001 0.017500000000000002 0.00029682468977450743
-0.0035000000000000031 0.017500000000000002 0.00036557630555861151
-0.0029999999999999992 0.017500000000000002 0.00043791752050473498
-0.0025000000000000022 0.017500000000000002 0.00051020283435466648
-0.0019999999999999983 0.017500000000000002 0.00057813555249930045
-0.0015000000000000013 0.017500000000000002 0.00063716623264527727
-0.00099999999999999742 0.017500000000000002 0.0006829864549928829
-0.00050000000000000044 0.017500000000000002 0.00071204541493951419
0 0.017500000000000002 0.00072200393086841613
0.00050000000000000044 0.017500000000000002 0.00071204541493951419
0.0010000000000000009 0.017500000000000002 0.0006829864549928829
0.0015000000000000013 0.017500000000000002 0.00063716623264527727
0.0020000000000000018 0.017500000000000002 0.00057813555249930045
0.0024999999999999988 0.017500000000000002 0.00051020283435466648
0.0030000000000000027 0.017500000000000002 0.00043791752050473498
0.0034999999999999996 0.017500000000000002 0.00036557630555861151
0.0040000000000000036 0.017500000000000002 0.00029682468977450743
0.0045000000000000005 0.017500000000000002 0.00023440035759885781
0.0049999999999999975 0.017500000000000002 0.00018003327490792974
0.0055000000000000014 0.017500000000000002 0.00013448800699442242
0.0059999999999999984 0.017500000000000002 9.7712606482024814e-05
0.0064999999999999988 0.017500000000000002 6.9048445095511616e-05
0.0069999999999999993 0.017500000000000002 4.7456256031332048e-05
0.0074999999999999997 0.017500000000000002 3.1722638786404834e-05
0.0080000000000000002 0.017500000000000002 2.0624403853670159e-05
0.0085000000000000006 0.017500000000000002 1.3041566692411031e-05
0.0090000000000000011 0.017500000000000002 8.0207391686145435e-06
0.0095000000000000015 0.017500000000000002 4.7977242668042658e-06
0.010000000000000002 0.017500000000000002 2.7912095371227273e-06
0.010500000000000002 0.017500000000000002 1.5793771860677846e-06
0.011000000000000003 0.017500000000000002 8.6919164848118826e-07
0.011500000000000003 0.017500000000000002 4.6524476342281849e-07
0.012000000000000004 0.017500000000000002 2.4220533600506062e-07
0.012499999999999997 0.017500000000000002 1.2263718816158388e-07
0.013000000000000005 0.017500000000000002 6.0394435510508816e-08
0.013499999999999998 0.017500000000000002 2.8927302209122772e-08
0.014000000000000005 0.017500000000000002 1.3475820067533849e-08
0.014499999999999999 0.017500000000000002 6.1057460714433499e-09
0.014999999999999999 0.017500000000000002 2.6906582392240524e-09
0.0155 0.017500000000000002 1.1532264700169404e-09
0.016000000000000007 0.017500000000000002 4.8073631543797172e-10
0.016500000000000001 0.017500000000000002 1.9491062911159791e-10
0.017000000000000001 0.017500000000000002 7.6860000043511193e-11
0.017500000000000002 0.017500000000000002 2.9478236707961295e-11
0.017999999999999995 0.017500000000000002 1.0996105242728913e-11
0.018500000000000003 0.017500000000000002 3.9894455141878265e-12
0.019000000000000003 0.017500000000000002 1.4077400057850443e-12
0.019500000000000003 0.017500000000000002 4.8313514616577565e-13
0.019999999999999997 0.017500000000000002 1.6126906770499689e-13
0.020499999999999997 0.017500000000000002 5.2356400739007618e-14
0.021000000000000005 0.017500000000000002 1.6531975592024456e-14
0.021500000000000005 0.017500000000000002 5.0771032099588765e-15
0.021999999999999999 0.017500000000000002 1.5165037657852467e-15
0.022499999999999999 0.017500000000000002 4.4056222671411916e-16
0.023000000000000007 0.017500000000000002 1.2448220952761668e-16
0.023500000000000007 0.017500000000000002 3.4209252337589358e-17
0.024 0.017500000000000002 9.1435773076144011e-18
0.024500000000000001 0.017500000000000002 2.3769769161674221e-18
0.025000000000000001 0.017500000000000002 6.0099388272098374e-19
-0.025000000000000001 0.017999999999999995 2.2418545756678367e-19
-0.024500000000000001 0.017999999999999995 8.8667068483969123e-19
-0.024 0.017999999999999995 3.410778581013348e-18
-0.0235 0.017999999999999995 1.27608901002419e-17
-0.023 0.017999999999999995 4.6434917066917094e-17
-0.022500000000000003 0.017999999999999995 1.6434051530670829e-16
-0.022000000000000002 0.017999999999999995 5.6569309673348009e-16
-0.021500000000000002 0.017999999999999995 1.893884012737696e-15
-0.021000000000000001 0.017999999999999995 6.1668323407903996e-15
-0.020500000000000001 0.017999999999999995 1.9530221510879305e-14
-0.02 0.017999999999999995 6.0157317360911806e-14
-0.0195 0.017999999999999995 1.8022125835855725e-13
-0.019 0.017999999999999995 5.2512154683362489e-13
-0.018500000000000003 0.017999999999999995 1.488161017524319e-12
-0.018000000000000002 0.017999999999999995 4.1018169338641105e-12
-0.017500000000000002 0.017999999999999995 1.0996105242728913e-11
-0.017000000000000001 0.017999999999999995 2.8670664999659029e-11
-0.016500000000000001 0.017999999999999995 7.2706444821334736e-11
-0.016 0.017999999999999995 1.7932643566601533e-10
-0.0155 0.017999999999999995 4.3018175607438133e-10
-0.015000000000000001 0.017999999999999995 1.003681511341309e-09
-0.014500000000000001 0.017999999999999995 2.2775930274295319e-09
-0.014 0.017999999999999995 5.0268113782620909e-09
-0.0135 0.017999999999999995 1.0790593163051458e-08
-0.012999999999999999 0.017999999999999995 2.2528605612608237e-08
-0.012500000000000001 0.017999999999999995 4.574667884843064e-08
-0.012 0.017999999999999995 9.0348530390316792e-08
-0.0115 0.017999999999999995 1.7354770683567376e-07
-0.010999999999999999 0.017999999999999995 3.2422980171737995e-07
-0.010499999999999999 0.017999999999999995 5.8914642446290621e-07
-0.010000000000000002 0.017999999999999995 1.0411896114675397e-06
-0.0095000000000000015 0.017999999999999995 1.7896688152017661e-06
-0.0090000000000000011 0.017999999999999995 2.9919324176789882e-06
-0.0085000000000000006 0.017999999999999995 4.8648242193228071e-06
-0.0080000000000000002 0.017999999999999995 7.6934084487574847e-06
-0.0074999999999999997 0.017999999999999995 1.1833322261713695e-05
-0.0069999999999999993 0.017999999999999995 1.7702347359382117e-05
-0.0064999999999999988 0.017999999999999995 2.575676342649026e-05
-0.0059999999999999984 0.017999999999999995 3.6449198609207215e-05
-0.0054999999999999979 0.017999999999999995 5.0167324913167039e-05
-0.005000000000000001 0.017999999999999995 6.715682683781739e-05
-0.0044999999999999971 0.017999999999999995 8.7437082028527413e-05
-0.0040000000000000001 0.017999999999999995 0.00011072288888023476
-0.0035000000000000031 0.017999999999999995 0.00013636892769386269
-0.0029999999999999992 0.017999999999999995 0.00016335397502946538
-0.0025000000000000022 0.017999999999999995 0.00019031816988522107
-0.0019999999999999983 0.017999999999999995 0.00021565873979594776
-0.0015000000000000013 0.017999999999999995 0.0002376786312116282
-0.00099999999999999742 0.017999999999999995 0.00025477069788342604
-0.00050000000000000044 0.017999999999999995 0.00026561040261146045
0 0.017999999999999995 0.00026932517328449721
0.00050000000000000044 0.017999999999999995 0.00026561040261146045
0.0010000000000000009 0.017999999999999995 0.00025477069788342604
0.0015000000000000013 0.017999999999999995 0.0002376786312116282
0.0020000000000000018 0.017999999999999995 0.00021565873979594776
0.0024999999999999988 0.017999999999999995 0.00019031816988522107
0.0030000000000000027 0.017999999999999995 0.00016335397502946538
0.0034999999999999996 0.017999999999999995 0.00013636892769386269
0.0040000000000000036 0.017999999999999995 0.00011072288888023476
0.0045000000000000005 0.017999999999999995 8.7437082028527413e-05
0.0049999999999999975 0.017999999999999995 6.715682683781762e-05
0.0055000000000000014 0.017999999999999995 5.0167324913167039e-05
0.0059999999999999984 0.017999999999999995 3.6449198609207215e-05
0.0064999999999999988 0.017999999999999995 2.575676342649026e-05
0.0069999999999999993 0.017999999999999995 1.7702347359382117e-05
0.0074999999999999997 0.017999999999999995 1.1833322261713695e-05
0.0080000000000000002 0.017999999999999995 7.6934084487574847e-06
0.0085000000000000006 0.017999999999999995 4.8648242193228071e-06
0.0090000000000000011 0.017999999999999995 2.9919324176789882e-06
0.0095000000000000015 0.017999999999999995 1.7896688152017661e-06
0.010000000000000002 0.017999999999999995 1.0411896114675397e-06
0.010500000000000002 0.017999999999999995 5.8914642446290399e-07
0.011000000000000003 0.017999999999999995 3.2422980171737878e-07
0.011500000000000003 0.017999999999999995 1.7354770683567313e-07
0.012000000000000004 0.017999999999999995 9.0348530390316474e-08
0.012499999999999997 0.017999999999999995 4.5746678848430971e-08
0.013000000000000005 0.017999999999999995 2.2528605612608075e-08
0.013499999999999998 0.017999999999999995 1.0790593163051536e-08
0.014000000000000005 0.017999999999999995 5.0268113782620198e-09
0.014499999999999999 0.017999999999999995 2.2775930274295481e-09
0.014999999999999999 0.017999999999999995 1.0036815113413128e-09
0.0155 0.017999999999999995 4.3018175607438133e-10
0.016000000000000007 0.017999999999999995 1.7932643566601153e-10
0.016500000000000001 0.017999999999999995 7.2706444821334736e-11
0.017000000000000001 0.017999999999999995 2.8670664999659029e-11
0.017500000000000002 0.017999999999999995 1.0996105242728913e-11
0.017999999999999995 0.017999999999999995 4.1018169338641396e-12
0.018500000000000003 0.017999999999999995 1.488161017524319e-12
0.019000000000000003 0.017999999999999995 5.2512154683362115e-13
0.019500000000000003 0.017999999999999995 1.8022125835855468e-13
0.019999999999999997 0.017999999999999995 6.0157317360912235e-14
0.020499999999999997 0.017999999999999995 1.9530221510879444e-14
0.021000000000000005 0.017999999999999995 6.1668323407903554e-15
0.021500000000000005 0.017999999999999995 1.8938840127376826e-15
0.021999999999999999 0.017999999999999995 5.6569309673348413e-16
0.022499999999999999 0.017999999999999995 1.6434051530670947e-16
0.023000000000000007 0.017999999999999995 4.6434917066916435e-17
0.023500000000000007 0.017999999999999995 1.276089010024172e-17
0.024 0.017999999999999995 3.410778581013348e-18
0.024500000000000001 0.017999999999999995 8.8667068483969123e-19
0.025000000000000001 0.017999999999999995 2.2418545756678367e-19
-0.025000000000000001 0.018500000000000003 8.1335677341515937e-20
-0.024500000000000001 0.018500000000000003 3.2168884419640831e-19
-0.024 0.018500000000000003 1.2374486247218507e-18
-0.0235 0.018500000000000003 4.6297188544204771e-18
-0.023 0.018500000000000003 1.6846835084339608e-17
-0.022500000000000003 0.018500000000000003 5.9623613735707663e-17
-0.022000000000000002 0.018500000000000003 2.0523646667193323e-16
-0.021500000000000002 0.018500000000000003 6.8711120094130001e-16
-0.021000000000000001 0.018500000000000003 2.2373595992074297e-15
-0.020500000000000001 0.018500000000000003 7.0856683232630941e-15
-0.02 0.018500000000000003 2.1825394955159912e-14
-0.0195 0.018500000000000003 6.5385231847907996e-14
-0.019 0.018500000000000003 1.9051689240642978e-13
-0.018500000000000003 0.018500000000000003 5.3991273861964352e-13
-0.018000000000000002 0.018500000000000003 1.488161017524298e-12
-0.017500000000000002 0.018500000000000003 3.9894455141878265e-12
-0.017000000000000001 0.018500000000000003 1.0401869875454651e-11
-0.016500000000000001 0.018500000000000003 2.6378285196644279e-11
-0.016 0.018500000000000003 6.5060585411924185e-11
-0.0155 0.018500000000000003 1.560722309557011e-10
-0.015000000000000001 0.018500000000000003 3.6414099489831012e-10
-0.014500000000000001 0.018500000000000003 8.2632287394961512e-10
-0.014 0.018500000000000003 1.8237539256853355e-09
-0.0135 0.018500000000000003 3.9148846377426949e-09
-0.012999999999999999 0.018500000000000003 8.1734980357301076e-09
-0.012500000000000001 0.018500000000000003 1.6597138595189601e-08
-0.012 0.018500000000000003 3.2778927749663828e-08
-0.0115 0.018500000000000003 6.2964031832178002e-08
-0.010999999999999999 0.018500000000000003 1.176322979340999e-07
-0.010499999999999999 0.018500000000000003 2.1374545881392794e-07
-0.010000000000000002 0.018500000000000003 3.7774913327923758e-07
-0.0095000000000000015 0.018500000000000003 6.4930137253912067e-07
-0.0090000000000000011 0.018500000000000003 1.0854890071514388e-06
-0.0085000000000000006 0.018500000000000003 1.7649841221666148e-06
-0.0080000000000000002 0.018500000000000003 2.7912095371227273e-06
-0.0074999999999999997 0.018500000000000003 4.2931923051708391e-06
-0.0069999999999999993 0.018500000000000003 6.4225058513495096e-06
-0.0064999999999999988 0.018500000000000003 9.3446908740487309e-06
-0.0059999999999999984 0.018500000000000003 1.3223963274032412e-05
-0.0054999999999999979 0.018500000000000003 1.8200972518517643e-05
-0.005000000000000001 0.018500000000000003 2.4364854251679542e-05
-0.0044999999999999971 0.018500000000000003 3.1722638786404725e-05
-0.0040000000000000001 0.018500000000000003 4.017085346225252e-05
-0.0035000000000000031 0.018500000000000003 4.9475372857368973e-05
-0.0029999999999999992 0.018500000000000003 5.9265691671783246e-05
-0.0025000000000000022 0.018500000000000003 6.9048445095511114e-05
-0.0019999999999999983 0.018500000000000003 7.8242138746648408e-05
-0.0015000000000000013 0.018500000000000003 8.6231072563853738e-05
-0.00099999999999999742 0.018500000000000003 9.2432165333231493e-05
-0.00050000000000000044 0.018500000000000003 9.6364867908170219e-05
0 0.018500000000000003 9.7712606482024475e-05
0.00050000000000000044 0.018500000000000003 9.6364867908170219e-05
0.0010000000000000009 0.018500000000000003 9.2432165333231493e-05
0.0015000000000000013 0.018500000000000003 8.6231072563853738e-05
0.0020000000000000018 0.018500000000000003 7.8242138746648408e-05
0.0024999999999999988 0.018500000000000003 6.9048445095511114e-05
0.0030000000000000027 0.018500000000000003 5.9265691671783246e-05
0.0034999999999999996 0.018500000000000003 4.9475372857368973e-05
0.0040000000000000036 0.018500000000000003 4.017085346225252e-05
0.0045000000000000005 0.018500000000000003 3.1722638786404725e-05
0.0049999999999999975 0.018500000000000003 2.4364854251679542e-05
0.0055000000000000014 0.018500000000000003 1.8200972518517643e-05
0.0059999999999999984 0.018500000000000003 1.3223963274032412e-05
0.0064999999999999988 0.018500000000000003 9.3446908740487309e-06
0.0069999999999999993 0.018500000000000003 6.4225058513495096e-06
0.0074999999999999997 0.018500000000000003 4.2931923051708391e-06
0.0080000000000000002 0.018500000000000003 2.7912095371227273e-06
0.0085000000000000006 0.018500000000000003 1.7649841221666148e-06
0.0090000000000000011 0.018500000000000003 1.0854890071514388e-06
0.0095000000000000015 0.018500000000000003 6.4930137253912067e-07
0.010000000000000002 0.018500000000000003 3.7774913327923758e-07
0.010500000000000002 0.018500000000000003 2.137454588139272e-07
0.011000000000000003 0.018500000000000003 1.1763229793409949e-07
0.011500000000000003 0.018500000000000003 6.2964031832177552e-08
0.012000000000000004 0.018500000000000003 3.2778927749663709e-08
0.012499999999999997 0.018500000000000003 1.6597138595189661e-08
0.013000000000000005 0.018500000000000003 8.1734980357300497e-09
0.013499999999999998 0.018500000000000003 3.914884637742723e-09
0.014000000000000005 0.018500000000000003 1.8237539256853097e-09
0.014499999999999999 0.018500000000000003 8.2632287394962091e-10
0.014999999999999999 0.018500000000000003 3.6414099489831265e-10
0.0155 0.018500000000000003 1.560722309557011e-10
0.016000000000000007 0.018500000000000003 6.5060585411923267e-11
0.016500000000000001 0.018500000000000003 2.6378285196644279e-11
0.017000000000000001 0.018500000000000003 1.0401869875454651e-11
0.017500000000000002 0.018500000000000003 3.9894455141878265e-12
0.017999999999999995 0.018500000000000003 1.488161017524319e-12
0.018500000000000003 0.018500000000000003 5.3991273861964352e-13
0.019000000000000003 0.018500000000000003 1.9051689240642844e-13
0.019500000000000003 0.018500000000000003 6.5385231847907516e-14
0.019999999999999997 0.018500000000000003 2.1825394955160066e-14
0.020499999999999997 0.018500000000000003 7.0856683232631943e-15
0.021000000000000005 0.018500000000000003 2.2373595992073977e-15
0.021500000000000005 0.018500000000000003 6.8711120094130001e-16
0.021999999999999999 0.018500000000000003 2.0523646667193466e-16
0.022499999999999999 0.018500000000000003 5.9623613735708094e-17
0.023000000000000007 0.018500000000000003 1.6846835084339247e-17
0.023500000000000007 0.018500000000000003 4.6297188544204108e-18
0.024 0.018500000000000003 1.2374486247218507e-18
0.024500000000000001 0.018500000000000003 3.2168884419640831e-19
0.025000000000000001 0.018500000000000003 8.1335677341515937e-20
-0.025000000000000001 0.019000000000000003 2.8700601746301874e-20
-0.024500000000000001 0.019000000000000003 1.1351308190061303e-19
-0.024 0.019000000000000003 4.3665364721224209e-19
-0.0235 0.019000000000000003 1.6336707504155085e-18
-0.023 0.019000000000000003 5.9446766811943876e-18
-0.022500000000000003 0.019000000000000003 2.1039150941335215e-17
-0.022000000000000002 0.019000000000000003 7.2420987766984374e-17
-0.021500000000000002 0.019000000000000003 2.4245823700264082e-16
-0.021000000000000001 0.019000000000000003 7.8948831458666257e-16
-0.020500000000000001 0.019000000000000003 2.5002920157469462e-15
-0.02 0.019000000000000003 7.7014415941189714e-15
-0.0195 0.019000000000000003 2.3072230547449512e-14
-0.019 0.019000000000000003 6.7226949275174167e-14
-0.018500000000000003 0.019000000000000003 1.9051689240642844e-13
-0.018000000000000002 0.019000000000000003 5.2512154683361368e-13
-0.017500000000000002 0.019000000000000003 1.4077400057850443e-12
-0.017000000000000001 0.019000000000000003 3.6704670627965101e-12
-0.016500000000000001 0.019000000000000003 9.3080021329437845e-12
-0.016 0.019000000000000003 2.2957673831724327e-11
-0.0155 0.019000000000000003 5.5072596561878448e-11
-0.015000000000000001 0.019000000000000003 1.2849300596829321e-10
-0.014500000000000001 0.019000000000000003 2.9158131455041576e-10
-0.014 0.019000000000000003 6.4354090130177643e-10
-0.0135 0.019000000000000003 1.3814300014837133e-09
-0.012999999999999999 0.019000000000000003 2.8841502236796782e-09
-0.012500000000000001 0.019000000000000003 5.8565672595139718e-09
-0.012 0.019000000000000003 1.1566571789446626e-08
-0.0115 0.019000000000000003 2.2217871185470853e-08
-0.010999999999999999 0.019000000000000003 4.1508448025005777e-08
-0.010499999999999999 0.019000000000000003 7.5423522481294445e-08
-0.010000000000000002 0.019000000000000003 1.3329485643472133e-07
-0.0095000000000000015 0.019000000000000003 2.2911643101373146e-07
-0.0090000000000000011 0.019000000000000003 3.8303225242018549e-07
-0.0085000000000000006 0.019000000000000003 6.2280303102601892e-07
-0.0080000000000000002 0.019000000000000003 9.8492317189506667e-07
-0.0074999999999999997 0.019000000000000003 1.5149219456749148e-06
-0.0069999999999999993 0.019000000000000003 2.2662844729122352e-06
-0.0064999999999999988 0.019000000000000003 3.297424451169838e-06
-0.0059999999999999984 0.019000000000000003 4.6662881018635582e-06
-0.0054999999999999979 0.019000000000000003 6.4225058513495096e-06
-0.005000000000000001 0.019000000000000003 8.5975306451061243e-06
-0.0044999999999999971 0.019000000000000003 1.1193843242093115e-05
-0.0040000000000000001 0.019000000000000003 1.4174931650082663e-05
-0.0035000000000000031 0.019000000000000003 1.7458180948895263e-05
-0.0029999999999999992 0.019000000000000003 2.0912852385170465e-05
-0.0025000000000000022 0.019000000000000003 2.4364854251679542e-05
-0.0019999999999999983 0.019000000000000003 2.7608996904489359e-05
-0.0015000000000000013 0.019000000000000003 3.0428020675600799e-05
-0.00099999999999999742 0.019000000000000003 3.2616175981893928e-05
-0.00050000000000000044 0.019000000000000003 3.4003893329055565e-05
0 0.019000000000000003 3.4479464558442455e-05
0.00050000000000000044 0.019000000000000003 3.4003893329055565e-05
0.0010000000000000009 0.019000000000000003 3.2616175981893819e-05
0.0015000000000000013 0.019000000000000003 3.0428020675600799e-05
0.0020000000000000018 0.019000000000000003 2.7608996904489359e-05
0.0024999999999999988 0.019000000000000003 2.4364854251679542e-05
0.0030000000000000027 0.019000000000000003 2.0912852385170465e-05
0.0034999999999999996 0.019000000000000003 1.7458180948895263e-05
0.0040000000000000036 0.019000000000000003 1.4174931650082663e-05
0.0045000000000000005 0.019000000000000003 1.1193843242093115e-05
0.0049999999999999975 0.019000000000000003 8.5975306451061548e-06
0.0055000000000000014 0.019000000000000003 6.4225058513495096e-06
0.0059999999999999984 0.019000000000000003 4.6662881018635582e-06
0.0064999999999999988 0.019000000000000003 3.297424451169838e-06
0.0069999999999999993 0.019000000000000003 2.2662844729122352e-06
0.0074999999999999997 0.019000000000000003 1.5149219456749148e-06
0.0080000000000000002 0.019000000000000003 9.8492317189506667e-07
0.0085000000000000006 0.019000000000000003 6.2280303102601892e-07
0.0090000000000000011 0.019000000000000003 3.8303225242018549e-07
0.0095000000000000015 0.019000000000000003 2.2911643101373146e-07
0.010000000000000002 0.019000000000000003 1.3329485643472133e-07
0.010500000000000002 0.019000000000000003 7.5423522481294167e-08
0.011000000000000003 0.019000000000000003 4.1508448025005631e-08
0.011500000000000003 0.019000000000000003 2.2217871185470694e-08
0.012000000000000004 0.019000000000000003 1.1566571789446543e-08
0.012499999999999997 0.019000000000000003 5.856567259514014e-09
0.013000000000000005 0.019000000000000003 2.8841502236796682e-09
0.013499999999999998 0.019000000000000003 1.3814300014837133e-09
0.014000000000000005 0.019000000000000003 6.4354090130177405e-10
0.014499999999999999 0.019000000000000003 2.9158131455041783e-10
0.014999999999999999 0.019000000000000003 1.2849300596829321e-10
0.0155 0.019000000000000003 5.5072596561878448e-11
0.016000000000000007 0.019000000000000003 2.2957673831724001e-11
0.016500000000000001 0.019000000000000003 9.3080021329437845e-12
0.017000000000000001 0.019000000000000003 3.6704670627965101e-12
0.017500000000000002 0.019000000000000003 1.4077400057850443e-12
0.017999999999999995 0.019000000000000003 5.2512154683362115e-13
0.018500000000000003 0.019000000000000003 1.9051689240642844e-13
0.019000000000000003 0.019000000000000003 6.7226949275173687e-14
0.019500000000000003 0.019000000000000003 2.3072230547449512e-14
0.019999999999999997 0.019000000000000003 7.7014415941190803e-15
0.020499999999999997 0.019000000000000003 2.5002920157469636e-15
0.021000000000000005 0.019000000000000003 7.8948831458665704e-16
0.021500000000000005 0.019000000000000003 2.4245823700263915e-16
0.021999999999999999 0.019000000000000003 7.2420987766985397e-17
0.022499999999999999 0.019000000000000003 2.1039150941335366e-17
0.023000000000000007 0.019000000000000003 5.9446766811942613e-18
0.023500000000000007 0.019000000000000003 1.6336707504154736e-18
0.024 0.019000000000000003 4.3665364721224209e-19
0.024500000000000001 0.019000000000000003 1.1351308190061303e-19
0.025000000000000001 0.019000000000000003 2.8700601746301874e-20
-0.025000000000000001 0.019500000000000003 9.8500215684448549e-21
-0.024500000000000001 0.019500000000000003 3.8957591025621876e-20
-0.024 0.019500000000000003 1.4985915211812215e-19
-0.0235 0.019500000000000003 5.6067438130991727e-19
-0.023 0.019500000000000003 2.0402078689775357e-18
-0.022500000000000003 0.019500000000000003 7.2206183126673097e-18
-0.022000000000000002 0.019500000000000003 2.4854820042398353e-17
-0.021500000000000002 0.019500000000000003 8.3211456158087459e-17
-0.021000000000000001 0.019500000000000003 2.709517032239861e-16
-0.020500000000000001 0.019500000000000003 8.5809804617392939e-16
-0.02 0.019500000000000003 2.643128059848599e-15
-0.0195 0.019500000000000003 7.91836946602672e-15
-0.019 0.019500000000000003 2.3072230547449512e-14
-0.018500000000000003 0.019500000000000003 6.5385231847907516e-14
-0.018000000000000002 0.019500000000000003 1.8022125835855213e-13
-0.017500000000000002 0.019500000000000003 4.8313514616577565e-13
-0.017000000000000001 0.019500000000000003 1.2597011050289423e-12
-0.016500000000000001 0.019500000000000003 3.1944982401088731e-12
-0.016 0.019500000000000003 7.8790537007797883e-12
-0.0155 0.019500000000000003 1.8900867262640666e-11
-0.015000000000000001 0.019500000000000003 4.4098687942843713e-11
-0.014500000000000001 0.019500000000000003 1.0007045366730617e-10
-0.014 0.019500000000000003 2.2086267786408591e-10
-0.0135 0.019500000000000003 4.7410557556218076e-10
-0.012999999999999999 0.019500000000000003 9.8983784942908129e-10
-0.012500000000000001 0.019500000000000003 2.0099687920548118e-09
-0.012 0.019500000000000003 3.9696373827317142e-09
-0.0115 0.019500000000000003 7.6251540757334589e-09
-0.010999999999999999 0.019500000000000003 1.4245663276786919e-08
-0.010499999999999999 0.019500000000000003 2.588528734609415e-08
-0.010000000000000002 0.019500000000000003 4.5746678848429992e-08
-0.0095000000000000015 0.019500000000000003 7.8632559941401353e-08
-0.0090000000000000011 0.019500000000000003 1.3145633604128072e-07
-0.0085000000000000006 0.019500000000000003 2.1374545881392794e-07
-0.0080000000000000002 0.019500000000000003 3.3802477635081465e-07
-0.0074999999999999997 0.019500000000000003 5.1991989475729663e-07
-0.0069999999999999993 0.019500000000000003 7.7778686090766269e-07
-0.0064999999999999988 0.019500000000000003 1.1316732050234942e-06
-0.0059999999999999984 0.019500000000000003 1.6014660199191145e-06
-0.0054999999999999979 0.019500000000000003 2.2041984247737098e-06
-0.005000000000000001 0.019500000000000003 2.9506650431318067e-06
-0.0044999999999999971 0.019500000000000003 3.8417172693117842e-06
-0.0040000000000000001 0.019500000000000003 4.8648242193227207e-06
-0.0035000000000000031 0.019500000000000003 5.9916325243804061e-06
-0.0029999999999999992 0.019500000000000003 7.177272757989271e-06
-0.0025000000000000022 0.019500000000000003 8.3619967975752165e-06
-0.0019999999999999983 0.019500000000000003 9.4753837357221124e-06
-0.0015000000000000013 0.019500000000000003 1.044287024324749e-05
-0.00099999999999999742 0.019500000000000003 1.1193843242093115e-05
-0.00050000000000000044 0.019500000000000003 1.1670106629226091e-05
0 0.019500000000000003 1.1833322261713485e-05
0.00050000000000000044 0.019500000000000003 1.1670106629226091e-05
0.0010000000000000009 0.019500000000000003 1.1193843242093115e-05
0.0015000000000000013 0.019500000000000003 1.044287024324749e-05
0.0020000000000000018 0.019500000000000003 9.4753837357221124e-06
0.0024999999999999988 0.019500000000000003 8.3619967975752165e-06
0.0030000000000000027 0.019500000000000003 7.177272757989271e-06
0.0034999999999999996 0.019500000000000003 5.9916325243804061e-06
0.0040000000000000036 0.019500000000000003 4.8648242193227207e-06
0.0045000000000000005 0.019500000000000003 3.8417172693117707e-06
0.0049999999999999975 0.019500000000000003 2.9506650431318173e-06
0.0055000000000000014 0.019500000000000003 2.2041984247737017e-06
0.0059999999999999984 0.019500000000000003 1.6014660199191145e-06
0.0064999999999999988 0.019500000000000003 1.1316732050234942e-06
0.0069999999999999993 0.019500000000000003 7.7778686090766269e-07
0.0074999999999999997 0.019500000000000003 5.1991989475729663e-07
0.0080000000000000002 0.019500000000000003 3.3802477635081465e-07
0.0085000000000000006 0.019500000000000003 2.1374545881392794e-07
0.0090000000000000011 0.019500000000000003 1.3145633604128072e-07
0.0095000000000000015 0.019500000000000003 7.8632559941401353e-08
0.010000000000000002 0.019500000000000003 4.5746678848429992e-08
0.010500000000000002 0.019500000000000003 2.5885287346094061e-08
0.011000000000000003 0.019500000000000003 1.4245663276786818e-08
0.011500000000000003 0.019500000000000003 7.6251540757334589e-09
0.012000000000000004 0.019500000000000003 3.9696373827316861e-09
0.012499999999999997 0.019500000000000003 2.0099687920548118e-09
0.013000000000000005 0.019500000000000003 9.8983784942906723e-10
0.013499999999999998 0.019500000000000003 4.7410557556218076e-10
0.014000000000000005 0.019500000000000003 2.2086267786408591e-10
0.014499999999999999 0.019500000000000003 1.0007045366730617e-10
0.014999999999999999 0.019500000000000003 4.4098687942843713e-11
0.0155 0.019500000000000003 1.8900867262640666e-11
0.016000000000000007 0.019500000000000003 7.8790537007797334e-12
0.016500000000000001 0.019500000000000003 3.1944982401088731e-12
0.017000000000000001 0.019500000000000003 1.2597011050289423e-12
0.017500000000000002 0.019500000000000003 4.8313514616577565e-13
0.017999999999999995 0.019500000000000003 1.8022125835855468e-13
0.018500000000000003 0.019500000000000003 6.5385231847907516e-14
0.019000000000000003 0.019500000000000003 2.3072230547449512e-14
0.019500000000000003 0.019500000000000003 7.9183694660266648e-15
0.019999999999999997 0.019500000000000003 2.6431280598486365e-15
0.020499999999999997 0.019500000000000003 8.5809804617394162e-16
0.021000000000000005 0.019500000000000003 2.7095170322398226e-16
0.021500000000000005 0.019500000000000003 8.3211456158086855e-17
0.021999999999999999 0.019500000000000003 2.4854820042398704e-17
0.022499999999999999 0.019500000000000003 7.2206183126673097e-18
0.023000000000000007 0.019500000000000003 2.0402078689775065e-18
0.023500000000000007 0.019500000000000003 5.6067438130990927e-19
0.024 0.019500000000000003 1.4985915211812215e-19
0.024500000000000001 0.019500000000000003 3.8957591025621876e-20
0.025000000000000001 0.019500000000000003 9.8500215684448549e-21
-0.025000000000000001 0.019999999999999997 3.2879077579509349e-21
-0.024500000000000001 0.019999999999999997 1.3003927440581726e-20
-0.024 0.019999999999999997 5.0022537049825819e-20
-0.0235 0.019999999999999997 1.8715143263226907e-19
-0.023 0.019999999999999997 6.8101528850792292e-19
-0.022500000000000003 0.019999999999999997 2.4102208104270696e-18
-0.022000000000000002 0.019999999999999997 8.296464639394386e-18
-0.021500000000000002 0.019999999999999997 2.7775735347528095e-17
-0.021000000000000001 0.019999999999999997 9.0442868664784309e-17
-0.020500000000000001 0.019999999999999997 2.8643056296812184e-16
-0.02 0.019999999999999997 8.8226824609947968e-16
-0.0195 0.019999999999999997 2.6431280598486365e-15
-0.019 0.019999999999999997 7.7014415941190803e-15
-0.018500000000000003 0.019999999999999997 2.1825394955160066e-14
-0.018000000000000002 0.019999999999999997 6.0157317360911806e-14
-0.017500000000000002 0.019999999999999997 1.6126906770499689e-13
-0.017000000000000001 0.019999999999999997 4.2048446362721109e-13
-0.016500000000000001 0.019999999999999997 1.0663139642315291e-12
-0.016 0.019999999999999997 2.6300045749235598e-12
-0.0155 0.019999999999999997 6.3090529978045671e-12
-0.015000000000000001 0.019999999999999997 1.4720010224873439e-11
-0.014500000000000001 0.019999999999999997 3.340321832476431e-11
-0.014 0.019999999999999997 7.3723301715145064e-11
-0.0135 0.019999999999999997 1.5825502402679313e-10
-0.012999999999999999 0.019999999999999997 3.3040491552600114e-10
-0.012500000000000001 0.019999999999999997 6.7092157501535256e-10
-0.012 0.019999999999999997 1.3250530931574559e-09
-0.0115 0.019999999999999997 2.5452536389860202e-09
-0.010999999999999999 0.019999999999999997 4.7551598216752851e-09
-0.010499999999999999 0.019999999999999997 8.6404315453136969e-09
-0.010000000000000002 0.019999999999999997 1.5270104663333147e-08
-0.0095000000000000015 0.019999999999999997 2.6247313476663897e-08
-0.0090000000000000011 0.019999999999999997 4.3879732049172387e-08
-0.0085000000000000006 0.019999999999999997 7.1347595269483676e-08
-0.0080000000000000002 0.019999999999999997 1.1283165999391157e-07
-0.0074999999999999997 0.019999999999999997 1.7354770683567376e-07
-0.0069999999999999993 0.019999999999999997 2.5962292937540667e-07
-0.0064999999999999988 0.019999999999999997 3.777491332792443e-07
-0.0059999999999999984 0.019999999999999997 5.3456457068632925e-07
-0.0054999999999999979 0.019999999999999997 7.3575484586688465e-07
-0.005000000000000001 0.019999999999999997 9.8492317189507705e-07
-0.0044999999999999971 0.019999999999999997 1.2823537416495682e-06
-0.0040000000000000001 0.019999999999999997 1.6238637835088523e-06
-0.0035000000000000031 0.019999999999999997 1.9999890277206383e-06
-0.0029999999999999992 0.019999999999999997 2.395752193834882e-06
-0.0025000000000000022 0.019999999999999997 2.7912095371227671e-06
-0.0019999999999999983 0.019999999999999997 3.1628547691760359e-06
-0.0015000000000000013 0.019999999999999997 3.4857988735824738e-06
-0.00099999999999999742 0.019999999999999997 3.7364714159478835e-06
-0.00050000000000000044 0.019999999999999997 3.895446711027336e-06
0 0.019999999999999997 3.9499276013020661e-06
0.00050000000000000044 0.019999999999999997 3.895446711027336e-06
0.0010000000000000009 0.019999999999999997 3.73647141594787e-06
0.0015000000000000013 0.019999999999999997 3.4857988735824738e-06
0.0020000000000000018 0.019999999999999997 3.1628547691760359e-06
0.0024999999999999988 0.019999999999999997 2.7912095371227671e-06
0.0030000000000000027 0.019999999999999997 2.395752193834882e-06
0.0034999999999999996 0.019999999999999997 1.9999890277206383e-06
0.0040000000000000036 0.019999999999999997 1.6238637835088523e-06
0.0045000000000000005 0.019999999999999997 1.2823537416495682e-06
0.0049999999999999975 0.019999999999999997 9.8492317189508065e-07
0.0055000000000000014 0.019999999999999997 7.3575484586688465e-07
0.0059999999999999984 0.019999999999999997 5.3456457068632925e-07
0.0064999999999999988 0.019999999999999997 3.777491332792443e-07
0.0069999999999999993 0.019999999999999997 2.5962292937540667e-07
0.0074999999999999997 0.019999999999999997 1.7354770683567376e-07
0.0080000000000000002 0.019999999999999997 1.1283165999391157e-07
0.0085000000000000006 0.019999999999999997 7.1347595269483676e-08
0.0090000000000000011 0.019999999999999997 4.3879732049172387e-08
0.0095000000000000015 0.019999999999999997 2.6247313476663897e-08
0.010000000000000002 0.019999999999999997 1.5270104663333147e-08
0.010500000000000002 0.019999999999999997 8.6404315453136969e-09
0.011000000000000003 0.019999999999999997 4.7551598216752512e-09
0.011500000000000003 0.019999999999999997 2.545253638986002e-09
0.012000000000000004 0.019999999999999997 1.3250530931574466e-09
0.012499999999999997 0.019999999999999997 6.7092157501535731e-10
0.013000000000000005 0.019999999999999997 3.3040491552599877e-10
0.013499999999999998 0.019999999999999997 1.5825502402679313e-10
0.014000000000000005 0.019999999999999997 7.3723301715144547e-11
0.014499999999999999 0.019999999999999997 3.3403218324764549e-11
0.014999999999999999 0.019999999999999997 1.4720010224873439e-11
0.0155 0.019999999999999997 6.3090529978045671e-12
0.016000000000000007 0.019999999999999997 2.6300045749235227e-12
0.016500000000000001 0.019999999999999997 1.0663139642315291e-12
0.017000000000000001 0.019999999999999997 4.2048446362721109e-13
0.017500000000000002 0.019999999999999997 1.6126906770499689e-13
0.017999999999999995 0.019999999999999997 6.0157317360912235e-14
0.018500000000000003 0.019999999999999997 2.1825394955160066e-14
0.019000000000000003 0.019999999999999997 7.7014415941190803e-15
0.019500000000000003 0.019999999999999997 2.6431280598486365e-15
0.019999999999999997 0.019999999999999997 8.822682460994923e-16
0.020499999999999997 0.019999999999999997 2.8643056296812387e-16
0.021000000000000005 0.019999999999999997 9.0442868664784309e-17
0.021500000000000005 0.019999999999999997 2.7775735347527898e-17
0.021999999999999999 0.019999999999999997 8.2964646393945046e-18
0.022499999999999999 0.019999999999999997 2.4102208104270696e-18
0.023000000000000007 0.019999999999999997 6.8101528850791329e-19
0.023500000000000007 0.019999999999999997 1.8715143263226642e-19
0.024 0.019999999999999997 5.0022537049825819e-20
0.024500000000000001 0.019999999999999997 1.3003927440581726e-20
0.025000000000000001 0.019999999999999997 3.2879077579509349e-21
-0.025000000000000001 0.020499999999999997 1.0674273660654232e-21
-0.024500000000000001 0.020499999999999997 4.221757128933807e-21
-0.024 0.020499999999999997 1.6239940076750298e-20
-0.0235 0.020499999999999997 6.0759174373716551e-20
-0.023 0.020499999999999997 2.2109329372285559e-19
-0.022500000000000003 0.020499999999999997 7.8248413298358381e-19
-0.022000000000000002 0.020499999999999997 2.693467715530708e-18
-0.021500000000000002 0.020499999999999997 9.0174610132674623e-18
-0.021000000000000001 0.020499999999999997 2.9362500466989611e-17
-0.020500000000000001 0.020499999999999997 9.2990388994441913e-17
-0.02 0.020499999999999997 2.8643056296812184e-16
-0.0195 0.020499999999999997 8.5809804617394773e-16
-0.019 0.020499999999999997 2.5002920157469995e-15
-0.018500000000000003 0.020499999999999997 7.0856683232631943e-15
-0.018000000000000002 0.020499999999999997 1.9530221510879305e-14
-0.017500000000000002 0.020499999999999997 5.2356400739007618e-14
-0.017000000000000001 0.020499999999999997 1.3651131860242633e-13
-0.016500000000000001 0.020499999999999997 3.4618145946642661e-13
-0.016 0.020499999999999997 8.5383747441268145e-13
-0.0155 0.020499999999999997 2.0482496224318458e-12
-0.015000000000000001 0.020499999999999997 4.7788876390452646e-12
-0.014500000000000001 0.020499999999999997 1.0844437246844376e-11
-0.014 0.020499999999999997 2.3934451803625729e-11
-0.0135 0.020499999999999997 5.1377884022153307e-11
-0.012999999999999999 0.020499999999999997 1.0726677105284262e-10
-0.012500000000000001 0.020499999999999997 2.1781634473268279e-10
-0.012 0.020499999999999997 4.3018175607438133e-10
-0.0115 0.020499999999999997 8.2632287394963281e-10
-0.010999999999999999 0.020499999999999997 1.5437743687901718e-09
-0.010499999999999999 0.020499999999999997 2.8051374202270203e-09
-0.010000000000000002 0.020499999999999997 4.9574771557713484e-09
-0.0095000000000000015 0.020499999999999997 8.5212550817269989e-09
-0.0090000000000000011 0.020499999999999997 1.424566327678702e-08
-0.0085000000000000006 0.020499999999999997 2.3163172844322795e-08
-0.0080000000000000002 0.020499999999999997 3.6631076813161651e-08
-0.0074999999999999997 0.020499999999999997 5.6342691228585024e-08
-0.0069999999999999993 0.020499999999999997 8.4287224604528338e-08
-0.0064999999999999988 0.020499999999999997 1.2263718816158475e-07
-0.0059999999999999984 0.020499999999999997 1.7354770683567376e-07
-0.0054999999999999979 0.020499999999999997 2.3886462608154641e-07
-0.005000000000000001 0.020499999999999997 3.1975773791414876e-07
-0.0044999999999999971 0.020499999999999997 4.163193062527426e-07
-0.0040000000000000001 0.020499999999999997 5.2719138397001386e-07
-0.0035000000000000031 0.020499999999999997 6.4930137253912988e-07
-0.0029999999999999992 0.020499999999999997 7.7778686090767359e-07
-0.0025000000000000022 0.020499999999999997 9.0617306314106043e-07
-0.0019999999999999983 0.020499999999999997 1.0268286047091238e-06
-0.0015000000000000013 0.020499999999999997 1.1316732050235022e-06
-0.00099999999999999742 0.020499999999999997 1.2130546644014273e-06
-0.00050000000000000044 0.020499999999999997 1.2646663861979884e-06
0 0.020499999999999997 1.2823537416495635e-06
0.00050000000000000044 0.020499999999999997 1.2646663861979884e-06
0.0010000000000000009 0.020499999999999997 1.2130546644014228e-06
0.0015000000000000013 0.020499999999999997 1.1316732050235022e-06
0.0020000000000000018 0.020499999999999997 1.0268286047091238e-06
0.0024999999999999988 0.020499999999999997 9.0617306314106043e-07
0.0030000000000000027 0.020499999999999997 7.7778686090767359e-07
0.0034999999999999996 0.020499999999999997 6.4930137253912988e-07
0.0040000000000000036 0.020499999999999997 5.2719138397001386e-07
0.0045000000000000005 0.020499999999999997 4.1631930625274111e-07
0.0049999999999999975 0.020499999999999997 3.1975773791414876e-07
0.0055000000000000014 0.020499999999999997 2.3886462608154556e-07
0.0059999999999999984 0.020499999999999997 1.7354770683567376e-07
0.0064999999999999988 0.020499999999999997 1.2263718816158475e-07
0.0069999999999999993 0.020499999999999997 8.4287224604528338e-08
0.0074999999999999997 0.020499999999999997 5.6342691228585024e-08
0.0080000000000000002 0.020499999999999997 3.6631076813161651e-08
0.0085000000000000006 0.020499999999999997 2.3163172844322795e-08
0.0090000000000000011 0.020499999999999997 1.424566327678702e-08
0.0095000000000000015 0.020499999999999997 8.5212550817269989e-09
0.010000000000000002 0.020499999999999997 4.9574771557713484e-09
0.010500000000000002 0.020499999999999997 2.8051374202270005e-09
0.011000000000000003 0.020499999999999997 1.5437743687901606e-09
0.011500000000000003 0.020499999999999997 8.2632287394962691e-10
0.012000000000000004 0.020499999999999997 4.3018175607437834e-10
0.012499999999999997 0.020499999999999997 2.1781634473268586e-10
0.013000000000000005 0.020499999999999997 1.0726677105284186e-10
0.013499999999999998 0.020499999999999997 5.1377884022153307e-11
0.014000000000000005 0.020499999999999997 2.3934451803625561e-11
0.014499999999999999 0.020499999999999997 1.0844437246844376e-11
0.014999999999999999 0.020499999999999997 4.7788876390452985e-12
0.0155 0.020499999999999997 2.0482496224318458e-12
0.016000000000000007 0.020499999999999997 8.5383747441266328e-13
0.016500000000000001 0.020499999999999997 3.4618145946642661e-13
0.017000000000000001 0.020499999999999997 1.3651131860242633e-13
0.017500000000000002 0.020499999999999997 5.2356400739007618e-14
0.017999999999999995 0.020499999999999997 1.9530221510879444e-14
0.018500000000000003 0.020499999999999997 7.0856683232631943e-15
0.019000000000000003 0.020499999999999997 2.5002920157469636e-15
0.019500000000000003 0.020499999999999997 8.5809804617394162e-16
0.019999999999999997 0.020499999999999997 2.8643056296812387e-16
0.020499999999999997 0.020499999999999997 9.2990388994442578e-17
0.021000000000000005 0.020499999999999997 2.9362500466989402e-17
0.021500000000000005 0.020499999999999997 9.0174610132674623e-18
0.021999999999999999 0.020499999999999997 2.693467715530708e-18
0.022499999999999999 0.020499999999999997 7.8248413298359498e-19
0.023000000000000007 0.020499999999999997 2.2109329372285087e-19
0.023500000000000007 0.020499999999999997 6.075917437371483e-20
0.024 0.020499999999999997 1.6239940076750298e-20
0.024500000000000001 0.020499999999999997 4.221757128933807e-21
0.025000000000000001 0.020499999999999997 1.0674273660654232e-21
-0.025000000000000001 0.021000000000000005 3.3704920340150829e-22
-0.024500000000000001 0.021000000000000005 1.3330554588522283e-21
-0.024 0.021000000000000005 5.1278981972638248e-21
-0.0235 0.021000000000000005 1.9185222313982906e-20
-0.023 0.021000000000000005 6.9812074241065345e-20
-0.022500000000000003 0.021000000000000005 2.4707597170623063e-19
-0.022000000000000002 0.021000000000000005 8.5048517282595508e-19
-0.021500000000000002 0.021000000000000005 2.8473394517034273e-18
-0.021000000000000001 0.021000000000000005 9.27145743766578e-18
-0.020500000000000001 0.021000000000000005 2.9362500466988983e-17
-0.02 0.021000000000000005 9.0442868664783668e-17
-0.0195 0.021000000000000005 2.709517032239861e-16
-0.019 0.021000000000000005 7.8948831458666257e-16
-0.018500000000000003 0.021000000000000005 2.2373595992073977e-15
-0.018000000000000002 0.021000000000000005 6.1668323407902687e-15
-0.017500000000000002 0.021000000000000005 1.6531975592024456e-14
-0.017000000000000001 0.021000000000000005 4.3104601449216778e-14
-0.016500000000000001 0.021000000000000005 1.0930971872645358e-13
-0.016 0.021000000000000005 2.6960639171725291e-13
-0.0155 0.021000000000000005 6.4675211218612894e-13
-0.015000000000000001 0.021000000000000005 1.5089741214174561e-12
-0.014500000000000001 0.021000000000000005 3.4242226230899281e-12
-0.014 0.021000000000000005 7.5575052417846751e-12
-0.0135 0.021000000000000005 1.6223000676807051e-11
-0.012999999999999999 0.021000000000000005 3.3870388641129016e-11
-0.012500000000000001 0.021000000000000005 6.8777349929287783e-11
-0.012 0.021000000000000005 1.3583352161672469e-10
-0.0115 0.021000000000000005 2.60918424308129e-10
-0.010999999999999999 0.021000000000000005 4.8745979143324735e-10
-0.010499999999999999 0.021000000000000005 8.857458249401151e-10
-0.010000000000000002 0.021000000000000005 1.565365269201362e-09
-0.0095000000000000015 0.021000000000000005 2.6906582392240139e-09
-0.0090000000000000011 0.021000000000000005 4.4981884594786557e-09
-0.0085000000000000006 0.021000000000000005 7.313967398276248e-09
-0.0080000000000000002 0.021000000000000005 1.1566571789446543e-08
-0.0074999999999999997 0.021000000000000005 1.7790680471394003e-08
-0.0069999999999999993 0.021000000000000005 2.6614402827797638e-08
-0.0064999999999999988 0.021000000000000005 3.8723727619635947e-08
-0.0059999999999999984 0.021000000000000005 5.4799153741704783e-08
-0.0054999999999999979 0.021000000000000005 7.5423522481293902e-08
-0.005000000000000001 0.021000000000000005 1.0096620554398096e-07
-0.0044999999999999971 0.021000000000000005 1.3145633604128027e-07
-0.0040000000000000001 0.021000000000000005 1.6646513070224261e-07
-0.0035000000000000031 0.021000000000000005 2.0502239059927349e-07
-0.0029999999999999992 0.021000000000000005 2.4559276838797359e-07
-0.0025000000000000022 0.021000000000000005 2.8613179574120024e-07
-0.0019999999999999983 0.021000000000000005 3.2422980171737418e-07
-0.0015000000000000013 0.021000000000000005 3.57335369496818e-07
-0.00099999999999999742 0.021000000000000005 3.8303225242018411e-07
-0.00050000000000000044 0.021000000000000005 3.9932908934861366e-07
0 0.021000000000000005 4.049140211713821e-07
0.00050000000000000044 0.021000000000000005 3.9932908934861366e-07
0.0010000000000000009 0.021000000000000005 3.8303225242018284e-07
0.0015000000000000013 0.021000000000000005 3.57335369496818e-07
0.0020000000000000018 0.021000000000000005 3.2422980171737418e-07
0.0024999999999999988 0.021000000000000005 2.8613179574120024e-07
0.0030000000000000027 0.021000000000000005 2.4559276838797359e-07
0.0034999999999999996 0.021000000000000005 2.0502239059927349e-07
0.0040000000000000036 0.021000000000000005 1.6646513070224261e-07
0.0045000000000000005 0.021000000000000005 1.3145633604128027e-07
0.0049999999999999975 0.021000000000000005 1.0096620554398132e-07
0.0055000000000000014 0.021000000000000005 7.5423522481293902e-08
0.0059999999999999984 0.021000000000000005 5.4799153741704783e-08
0.0064999999999999988 0.021000000000000005 3.8723727619635947e-08
0.0069999999999999993 0.021000000000000005 2.6614402827797638e-08
0.0074999999999999997 0.021000000000000005 1.7790680471394003e-08
0.0080000000000000002 0.021000000000000005 1.1566571789446543e-08
0.0085000000000000006 0.021000000000000005 7.313967398276248e-09
0.0090000000000000011 0.021000000000000005 4.4981884594786557e-09
0.0095000000000000015 0.021000000000000005 2.6906582392240139e-09
0.010000000000000002 0.021000000000000005 1.565365269201362e-09
0.010500000000000002 0.021000000000000005 8.8574582494010879e-10
0.011000000000000003 0.021000000000000005 4.8745979143324735e-10
0.011500000000000003 0.021000000000000005 2.6091842430812719e-10
0.012000000000000004 0.021000000000000005 1.3583352161672469e-10
0.012499999999999997 0.021000000000000005 6.8777349929287783e-11
0.013000000000000005 0.021000000000000005 3.3870388641128771e-11
0.013499999999999998 0.021000000000000005 1.6223000676807168e-11
0.014000000000000005 0.021000000000000005 7.5575052417845684e-12
0.014499999999999999 0.021000000000000005 3.4242226230899523e-12
0.014999999999999999 0.021000000000000005 1.5089741214174666e-12
0.0155 0.021000000000000005 6.4675211218612894e-13
0.016000000000000007 0.021000000000000005 2.696063917172472e-13
0.016500000000000001 0.021000000000000005 1.0930971872645358e-13
0.017000000000000001 0.021000000000000005 4.3104601449216778e-14
0.017500000000000002 0.021000000000000005 1.6531975592024456e-14
0.017999999999999995 0.021000000000000005 6.1668323407903554e-15
0.018500000000000003 0.021000000000000005 2.2373595992073977e-15
0.019000000000000003 0.021000000000000005 7.8948831458665704e-16
0.019500000000000003 0.021000000000000005 2.7095170322398226e-16
0.019999999999999997 0.021000000000000005 9.0442868664784309e-17
0.020499999999999997 0.021000000000000005 2.9362500466989402e-17
0.021000000000000005 0.021000000000000005 9.2714574376656475e-18
0.021500000000000005 0.021000000000000005 2.8473394517034069e-18
0.021999999999999999 0.021000000000000005 8.5048517282596105e-19
0.022499999999999999 0.021000000000000005 2.4707597170623241e-19
0.023000000000000007 0.021000000000000005 6.9812074241063852e-20
0.023500000000000007 0.021000000000000005 1.9185222313982358e-20
0.024 0.021000000000000005 5.1278981972638248e-21
0.024500000000000001 0.021000000000000005 1.3330554588522283e-21
0.025000000000000001 0.021000000000000005 3.3704920340150829e-22
-0.025000000000000001 0.021500000000000005 1.0351053223968105e-22
-0.024500000000000001 0.021500000000000005 4.0939209663828243e-22
-0.024 0.021500000000000005 1.5748189472424903e-21
-0.0235 0.021500000000000005 5.8919367048356857e-21
-0.023 0.021500000000000005 2.1439851773927864e-20
-0.022500000000000003 0.021500000000000005 7.5879026198089693e-20
-0.022000000000000002 0.021500000000000005 2.6119086475425201e-19
-0.021500000000000002 0.021500000000000005 8.7444093959708338e-19
-0.021000000000000001 0.021500000000000005 2.8473394517034477e-18
-0.020500000000000001 0.021500000000000005 9.0174610132673344e-18
-0.02 0.021500000000000005 2.7775735347527707e-17
-0.0195 0.021500000000000005 8.3211456158087459e-17
-0.019 0.021500000000000005 2.4245823700264082e-16
-0.018500000000000003 0.021500000000000005 6.8711120094130001e-16
-0.018000000000000002 0.021500000000000005 1.8938840127376554e-15
-0.017500000000000002 0.021500000000000005 5.0771032099588765e-15
-0.017000000000000001 0.021500000000000005 1.3237771200641829e-14
-0.016500000000000001 0.021500000000000005 3.3569897362630847e-14
-0.016 0.021500000000000005 8.2798300130169964e-14
-0.0155 0.021500000000000005 1.9862279656473746e-13
-0.015000000000000001 0.021500000000000005 4.6341813856109228e-13
-0.014500000000000001 0.021500000000000005 1.0516064202085328e-12
-0.014 0.021500000000000005 2.3209708911533075e-12
-0.0135 0.021500000000000005 4.9822145183372983e-12
-0.012999999999999999 0.021500000000000005 1.0401869875454578e-11
-0.012500000000000001 0.021500000000000005 2.1122079581759687e-11
-0.012 0.021500000000000005 4.1715571425897553e-11
-0.0115 0.021500000000000005 8.0130155178265013e-11
-0.010999999999999999 0.021500000000000005 1.4970283848021028e-10
-0.010499999999999999 0.021500000000000005 2.7201969576948926e-10
-0.010000000000000002 0.021500000000000005 4.8073631543797172e-10
-0.0095000000000000015 0.021500000000000005 8.2632287394961223e-10
-0.0090000000000000011 0.021500000000000005 1.3814300014837034e-09
-0.0085000000000000006 0.021500000000000005 2.2461784526972851e-09
-0.0080000000000000002 0.021500000000000005 3.5521876035643944e-09
-0.0074999999999999997 0.021500000000000005 5.4636616432123526e-09
-0.0069999999999999993 0.021500000000000005 8.1734980357300497e-09
-0.0064999999999999988 0.021500000000000005 1.1892369469385998e-08
-0.0059999999999999984 0.021500000000000005 1.6829262650209806e-08
-0.0054999999999999979 0.021500000000000005 2.3163172844322385e-08
-0.005000000000000001 0.021500000000000005 3.1007537085405072e-08
-0.0044999999999999971 0.021500000000000005 4.0371302387271691e-08
-0.0040000000000000001 0.021500000000000005 5.1122785944730391e-08
-0.0035000000000000031 0.021500000000000005 6.2964031832177552e-08
-0.0029999999999999992 0.021500000000000005 7.5423522481293902e-08
-0.0025000000000000022 0.021500000000000005 8.7873385158502948e-08
-0.0019999999999999983 0.021500000000000005 9.9573590458103036e-08
-0.0015000000000000013 0.021500000000000005 1.0974057767054552e-07
-0.00099999999999999742 0.021500000000000005 1.1763229793409949e-07
-0.00050000000000000044 0.021500000000000005 1.2263718816158258e-07
0 0.021500000000000005 1.2435236582603858e-07
0.00050000000000000044 0.021500000000000005 1.2263718816158258e-07
0.0010000000000000009 0.021500000000000005 1.1763229793409949e-07
0.0015000000000000013 0.021500000000000005 1.0974057767054552e-07
0.0020000000000000018 0.021500000000000005 9.9573590458103036e-08
0.0024999999999999988 0.021500000000000005 8.7873385158502948e-08
0.0030000000000000027 0.021500000000000005 7.5423522481293902e-08
0.0034999999999999996 0.021500000000000005 6.2964031832177552e-08
0.0040000000000000036 0.021500000000000005 5.1122785944730391e-08
0.0045000000000000005 0.021500000000000005 4.0371302387271691e-08
0.0049999999999999975 0.021500000000000005 3.1007537085405177e-08
0.0055000000000000014 0.021500000000000005 2.3163172844322385e-08
0.0059999999999999984 0.021500000000000005 1.6829262650209806e-08
0.0064999999999999988 0.021500000000000005 1.1892369469385998e-08
0.0069999999999999993 0.021500000000000005 8.1734980357300497e-09
0.0074999999999999997 0.021500000000000005 5.4636616432123526e-09
0.0080000000000000002 0.021500000000000005 3.5521876035643944e-09
0.0085000000000000006 0.021500000000000005 2.2461784526972851e-09
0.0090000000000000011 0.021500000000000005 1.3814300014837034e-09
0.0095000000000000015 0.021500000000000005 8.2632287394961223e-10
0.010000000000000002 0.021500000000000005 4.8073631543797172e-10
0.010500000000000002 0.021500000000000005 2.7201969576948734e-10
0.011000000000000003 0.021500000000000005 1.4970283848021028e-10
0.011500000000000003 0.021500000000000005 8.0130155178264432e-11
0.012000000000000004 0.021500000000000005 4.1715571425897553e-11
0.012499999999999997 0.021500000000000005 2.1122079581759839e-11
0.013000000000000005 0.021500000000000005 1.0401869875454578e-11
0.013499999999999998 0.021500000000000005 4.9822145183373338e-12
0.014000000000000005 0.021500000000000005 2.3209708911532913e-12
0.014499999999999999 0.021500000000000005 1.0516064202085403e-12
0.014999999999999999 0.021500000000000005 4.6341813856109561e-13
0.0155 0.021500000000000005 1.9862279656473746e-13
0.016000000000000007 0.021500000000000005 8.2798300130168778e-14
0.016500000000000001 0.021500000000000005 3.3569897362630847e-14
0.017000000000000001 0.021500000000000005 1.3237771200641829e-14
0.017500000000000002 0.021500000000000005 5.0771032099588765e-15
0.017999999999999995 0.021500000000000005 1.8938840127376826e-15
0.018500000000000003 0.021500000000000005 6.8711120094130001e-16
0.019000000000000003 0.021500000000000005 2.4245823700263915e-16
0.019500000000000003 0.021500000000000005 8.3211456158086855e-17
0.019999999999999997 0.021500000000000005 2.7775735347527898e-17
0.020499999999999997 0.021500000000000005 9.0174610132674623e-18
0.021000000000000005 0.021500000000000005 2.8473394517034069e-18
0.021500000000000005 0.021500000000000005 8.7444093959707703e-19
0.021999999999999999 0.021500000000000005 2.6119086475425389e-19
0.022499999999999999 0.021500000000000005 7.5879026198090247e-20
0.023000000000000007 0.021500000000000005 2.143985177392756e-20
0.023500000000000007 0.021500000000000005 5.8919367048355601e-21
0.024 0.021500000000000005 1.5748189472424903e-21
0.024500000000000001 0.021500000000000005 4.0939209663828243e-22
0.025000000000000001 0.021500000000000005 1.0351053223968105e-22
-0.025000000000000001 0.021999999999999999 3.0918046265437398e-23
-0.024500000000000001 0.021999999999999999 1.2228324510261382e-22
-0.024 0.021999999999999999 4.703900561325214e-22
-0.0235 0.021999999999999999 1.7598902033594878e-21
-0.023 0.021999999999999999 6.4039698640087334e-21
-0.022500000000000003 0.021999999999999999 2.2664662153766317e-20
-0.022000000000000002 0.021999999999999999 7.8016324192812882e-20
-0.021500000000000002 0.021999999999999999 2.6119086475425572e-19
-0.021000000000000001 0.021999999999999999 8.5048517282596105e-19
-0.020500000000000001 0.021999999999999999 2.693467715530708e-18
-0.02 0.021999999999999999 8.296464639394386e-18
-0.0195 0.021999999999999999 2.4854820042398704e-17
-0.019 0.021999999999999999 7.2420987766985397e-17
-0.018500000000000003 0.021999999999999999 2.0523646667193466e-16
-0.018000000000000002 0.021999999999999999 5.6569309673348009e-16
-0.017500000000000002 0.021999999999999999 1.5165037657852467e-15
-0.017000000000000001 0.021999999999999999 3.9540519556503725e-15
-0.016500000000000001 0.021999999999999999 1.0027150062183963e-14
-0.016 0.021999999999999999 2.4731412531012145e-14
-0.0155 0.021999999999999999 5.9327574505553331e-14
-0.015000000000000001 0.021999999999999999 1.3842053690824579e-13
-0.014500000000000001 0.021999999999999999 3.1410925293817071e-13
-0.014 0.021999999999999999 6.9326167918111736e-13
-0.0135 0.021999999999999999 1.488161017524319e-12
-0.012999999999999999 0.021999999999999999 3.1069832904702271e-12
-0.012500000000000001 0.021999999999999999 6.3090529978045227e-12
-0.012 0.021999999999999999 1.2460219645558286e-11
-0.0115 0.021999999999999999 2.3934451803625729e-11
-0.010999999999999999 0.021999999999999999 4.4715442825480137e-11
-0.010499999999999999 0.021999999999999999 8.125083850826937e-11
-0.010000000000000002 0.021999999999999999 1.4359338436953126e-10
-0.0095000000000000015 0.021999999999999999 2.4681825408651008e-10
-0.0090000000000000011 0.021999999999999999 4.1262580506723963e-10
-0.0085000000000000006 0.021999999999999999 6.7092157501535018e-10
-0.0080000000000000002 0.021999999999999999 1.061019572541778e-09
-0.0074999999999999997 0.021999999999999999 1.6319667168978028e-09
-0.0069999999999999993 0.021999999999999999 2.4413804561840476e-09
-0.0064999999999999988 0.021999999999999999 3.5521876035644573e-09
-0.0059999999999999984 0.021999999999999999 5.0268113782620554e-09
-0.0054999999999999979 0.021999999999999999 6.9187167156749333e-09
-0.005000000000000001 0.021999999999999999 9.2617866553324143e-09
-0.0044999999999999971 0.021999999999999999 1.205869362274554e-08
-0.0040000000000000001 0.021999999999999999 1.5270104663333147e-08
-0.0035000000000000031 0.021999999999999999 1.8807021924475017e-08
-0.0029999999999999992 0.021999999999999999 2.2528605612608075e-08
-0.0025000000000000022 0.021999999999999999 2.6247313476663897e-08
-0.0019999999999999983 0.021999999999999999 2.9742102663241649e-08
-0.0015000000000000013 0.021999999999999999 3.2778927749664172e-08
-0.00099999999999999742 0.021999999999999999 3.5136142681739633e-08
-0.00050000000000000044 0.021999999999999999 3.6631076813161651e-08
0 0.021999999999999999 3.7143391272721229e-08
0.00050000000000000044 0.021999999999999999 3.6631076813161651e-08
0.0010000000000000009 0.021999999999999999 3.51361426817395e-08
0.0015000000000000013 0.021999999999999999 3.2778927749664172e-08
0.0020000000000000018 0.021999999999999999 2.9742102663241649e-08
0.0024999999999999988 0.021999999999999999 2.6247313476663897e-08
0.0030000000000000027 0.021999999999999999 2.2528605612608075e-08
0.0034999999999999996 0.021999999999999999 1.8807021924475017e-08
0.0040000000000000036 0.021999999999999999 1.5270104663333038e-08
0.0045000000000000005 0.021999999999999999 1.205869362274554e-08
0.0049999999999999975 0.021999999999999999 9.2617866553324143e-09
0.0055000000000000014 0.021999999999999999 6.9187167156749333e-09
0.0059999999999999984 0.021999999999999999 5.0268113782620554e-09
0.0064999999999999988 0.021999999999999999 3.5521876035644573e-09
0.0069999999999999993 0.021999999999999999 2.4413804561840476e-09
0.0074999999999999997 0.021999999999999999 1.6319667168978028e-09
0.0080000000000000002 0.021999999999999999 1.061019572541778e-09
0.0085000000000000006 0.021999999999999999 6.7092157501535018e-10
0.0090000000000000011 0.021999999999999999 4.1262580506723963e-10
0.0095000000000000015 0.021999999999999999 2.4681825408651008e-10
0.010000000000000002 0.021999999999999999 1.4359338436953126e-10
0.010500000000000002 0.021999999999999999 8.125083850826937e-11
0.011000000000000003 0.021999999999999999 4.471544282547982e-11
0.011500000000000003 0.021999999999999999 2.3934451803625561e-11
0.012000000000000004 0.021999999999999999 1.2460219645558197e-11
0.012499999999999997 0.021999999999999999 6.3090529978045671e-12
0.013000000000000005 0.021999999999999999 3.1069832904702053e-12
0.013499999999999998 0.021999999999999999 1.488161017524319e-12
0.014000000000000005 0.021999999999999999 6.9326167918111231e-13
0.014499999999999999 0.021999999999999999 3.1410925293817293e-13
0.014999999999999999 0.021999999999999999 1.3842053690824579e-13
0.0155 0.021999999999999999 5.9327574505553331e-14
0.016000000000000007 0.021999999999999999 2.4731412531011795e-14
0.016500000000000001 0.021999999999999999 1.0027150062183963e-14
0.017000000000000001 0.021999999999999999 3.9540519556503725e-15
0.017500000000000002 0.021999999999999999 1.5165037657852467e-15
0.017999999999999995 0.021999999999999999 5.6569309673348413e-16
0.018500000000000003 0.021999999999999999 2.0523646667193466e-16
0.019000000000000003 0.021999999999999999 7.2420987766985397e-17
0.019500000000000003 0.021999999999999999 2.4854820042398704e-17
0.019999999999999997 0.021999999999999999 8.2964646393945046e-18
0.020499999999999997 0.021999999999999999 2.693467715530708e-18
0.021000000000000005 0.021999999999999999 8.5048517282596105e-19
0.021500000000000005 0.021999999999999999 2.6119086475425389e-19
0.021999999999999999 0.021999999999999999 7.801632419281399e-20
0.022499999999999999 0.021999999999999999 2.2664662153766476e-20
0.023000000000000007 0.021999999999999999 6.4039698640086883e-21
0.023500000000000007 0.021999999999999999 1.7598902033594506e-21
0.024 0.021999999999999999 4.703900561325214e-22
0.024500000000000001 0.021999999999999999 1.2228324510261382e-22
0.025000000000000001 0.021999999999999999 3.0918046265437398e-23
-0.025000000000000001 0.022499999999999999 8.9820570285879366e-24
-0.024500000000000001 0.022499999999999999 3.5524724677713563e-23
-0.024 0.022499999999999999 1.3665385818980743e-22
-0.0235 0.022499999999999999 5.1126885686495685e-22
-0.023 0.022499999999999999 1.8604287617030391e-21
-0.022500000000000003 0.022499999999999999 6.5843516194740947e-21
-0.022000000000000002 0.022499999999999999 2.2664662153766317e-20
-0.021500000000000002 0.022499999999999999 7.5879026198090777e-20
-0.021000000000000001 0.022499999999999999 2.4707597170623588e-19
-0.020500000000000001 0.022499999999999999 7.8248413298358381e-19
-0.02 0.022499999999999999 2.4102208104270696e-18
-0.0195 0.022499999999999999 7.2206183126674129e-18
-0.019 0.022499999999999999 2.103915094133551e-17
-0.018500000000000003 0.022499999999999999 5.9623613735708094e-17
-0.018000000000000002 0.022499999999999999 1.6434051530670713e-16
-0.017500000000000002 0.022499999999999999 4.4056222671411916e-16
-0.017000000000000001 0.022499999999999999 1.1486987196650042e-15
-0.016500000000000001 0.022499999999999999 2.9130053341509427e-15
-0.016 0.022499999999999999 7.1847669753767615e-15
-0.0155 0.022499999999999999 1.7235359990141902e-14
-0.015000000000000001 0.022499999999999999 4.0212798239695854e-14
-0.014500000000000001 0.022499999999999999 9.1252441984075301e-14
-0.014 0.022499999999999999 2.0140069280833947e-13
-0.0135 0.022499999999999999 4.3232832412399814e-13
-0.012999999999999999 0.022499999999999999 9.0261528371764915e-13
-0.012500000000000001 0.022499999999999999 1.8328542928021848e-12
-0.012 0.022499999999999999 3.6198407391040943e-12
-0.0115 0.022499999999999999 6.9532404862359059e-12
-0.010999999999999999 0.022499999999999999 1.2990363429464291e-11
-0.010499999999999999 0.022499999999999999 2.3604326704099867e-11
-0.010000000000000002 0.022499999999999999 4.1715571425897851e-11
-0.0095000000000000015 0.022499999999999999 7.1703613315948375e-11
-0.0090000000000000011 0.022499999999999999 1.1987266209391891e-10
-0.0085000000000000006 0.022499999999999999 1.9491062911159791e-10
-0.0080000000000000002 0.022499999999999999 3.0823869746490878e-10
-0.0074999999999999997 0.022499999999999999 4.7410557556218417e-10
-0.0069999999999999993 0.022499999999999999 7.0924981150696156e-10
-0.0064999999999999988 0.022499999999999999 1.0319523865622103e-09
-0.0059999999999999984 0.022499999999999999 1.4603479820126205e-09
-0.0054999999999999979 0.022499999999999999 2.0099687920548259e-09
-0.005000000000000001 0.022499999999999999 2.6906582392240524e-09
-0.0044999999999999971 0.022499999999999999 3.5031926946447833e-09
-0.0040000000000000001 0.022499999999999999 4.4361454711932648e-09
-0.0035000000000000031 0.022499999999999999 5.4636616432124105e-09
-0.0029999999999999992 0.022499999999999999 6.5448255898762108e-09
-0.0025000000000000022 0.022499999999999999 7.62515407573354e-09
-0.0019999999999999983 0.022499999999999999 8.6404315453136672e-09
-0.0015000000000000013 0.022499999999999999 9.5226650434433912e-09
-0.00099999999999999742 0.022499999999999999 1.0207463777709081e-08
-0.00050000000000000044 0.022499999999999999 1.0641759771289515e-08
0 0.022499999999999999 1.0790593163051422e-08
0.00050000000000000044 0.022499999999999999 1.0641759771289515e-08
0.0010000000000000009 0.022499999999999999 1.0207463777709081e-08
0.0015000000000000013 0.022499999999999999 9.5226650434433912e-09
0.0020000000000000018 0.022499999999999999 8.6404315453136672e-09
0.0024999999999999988 0.022499999999999999 7.62515407573354e-09
0.0030000000000000027 0.022499999999999999 6.5448255898762108e-09
0.0034999999999999996 0.022499999999999999 5.4636616432124105e-09
0.0040000000000000036 0.022499999999999999 4.4361454711932491e-09
0.0045000000000000005 0.022499999999999999 3.5031926946447833e-09
0.0049999999999999975 0.022499999999999999 2.6906582392240619e-09
0.0055000000000000014 0.022499999999999999 2.0099687920548259e-09
0.0059999999999999984 0.022499999999999999 1.4603479820126205e-09
0.0064999999999999988 0.022499999999999999 1.0319523865622103e-09
0.0069999999999999993 0.022499999999999999 7.0924981150696156e-10
0.0074999999999999997 0.022499999999999999 4.7410557556218417e-10
0.0080000000000000002 0.022499999999999999 3.0823869746490878e-10
0.0085000000000000006 0.022499999999999999 1.9491062911159791e-10
0.0090000000000000011 0.022499999999999999 1.1987266209391891e-10
0.0095000000000000015 0.022499999999999999 7.1703613315948375e-11
0.010000000000000002 0.022499999999999999 4.1715571425897851e-11
0.010500000000000002 0.022499999999999999 2.3604326704099867e-11
0.011000000000000003 0.022499999999999999 1.2990363429464291e-11
0.011500000000000003 0.022499999999999999 6.9532404862358566e-12
0.012000000000000004 0.022499999999999999 3.6198407391040943e-12
0.012499999999999997 0.022499999999999999 1.8328542928021981e-12
0.013000000000000005 0.022499999999999999 9.0261528371764269e-13
0.013499999999999998 0.022499999999999999 4.3232832412400127e-13
0.014000000000000005 0.022499999999999999 2.0140069280833661e-13
0.014499999999999999 0.022499999999999999 9.1252441984075945e-14
0.014999999999999999 0.022499999999999999 4.0212798239696138e-14
0.0155 0.022499999999999999 1.7235359990141902e-14
0.016000000000000007 0.022499999999999999 7.1847669753766069e-15
0.016500000000000001 0.022499999999999999 2.9130053341509427e-15
0.017000000000000001 0.022499999999999999 1.1486987196650042e-15
0.017500000000000002 0.022499999999999999 4.4056222671411916e-16
0.017999999999999995 0.022499999999999999 1.6434051530670947e-16
0.018500000000000003 0.022499999999999999 5.9623613735708094e-17
0.019000000000000003 0.022499999999999999 2.1039150941335366e-17
0.019500000000000003 0.022499999999999999 7.2206183126673097e-18
0.019999999999999997 0.022499999999999999 2.4102208104270696e-18
0.020499999999999997 0.022499999999999999 7.8248413298359498e-19
0.021000000000000005 0.022499999999999999 2.4707597170623241e-19
0.021500000000000005 0.022499999999999999 7.5879026198090247e-20
0.021999999999999999 0.022499999999999999 2.2664662153766476e-20
0.022499999999999999 0.022499999999999999 6.5843516194740947e-21
0.023000000000000007 0.022499999999999999 1.8604287617030259e-21
0.023500000000000007 0.022499999999999999 5.1126885686494237e-22
0.024 0.022499999999999999 1.3665385818980743e-22
0.024500000000000001 0.022499999999999999 3.5524724677713563e-23
0.025000000000000001 0.022499999999999999 8.9820570285879366e-24
-0.025000000000000001 0.023000000000000007 2.5379077851520143e-24
-0.024500000000000001 0.023000000000000007 1.003762000597372e-23
-0.024 0.023000000000000007 3.8611967110332877e-23
-0.0235 0.023000000000000007 1.4446058492097449e-22
-0.023 0.023000000000000007 5.2566985747463879e-22
-0.022500000000000003 0.023000000000000007 1.8604287617029996e-21
-0.022000000000000002 0.023000000000000007 6.4039698640085973e-21
-0.021500000000000002 0.023000000000000007 2.143985177392756e-20
-0.021000000000000001 0.023000000000000007 6.9812074241064346e-20
-0.020500000000000001 0.023000000000000007 2.2109329372284928e-19
-0.02 0.023000000000000007 6.8101528850790357e-19
-0.0195 0.023000000000000007 2.0402078689775065e-18
-0.019 0.023000000000000007 5.9446766811943037e-18
-0.018500000000000003 0.023000000000000007 1.6846835084339247e-17
-0.018000000000000002 0.023000000000000007 4.6434917066915775e-17
-0.017500000000000002 0.023000000000000007 1.2448220952761668e-16
-0.017000000000000001 0.023000000000000007 3.2456834933837823e-16
-0.016500000000000001 0.023000000000000007 8.2307859905597963e-16
-0.016 0.023000000000000007 2.0300779635751622e-15
-0.0155 0.023000000000000007 4.8699038716474948e-15
-0.015000000000000001 0.023000000000000007 1.1362249581632444e-14
-0.014500000000000001 0.023000000000000007 2.5783657595183073e-14
-0.014 0.023000000000000007 5.6906383981582573e-14
-0.0135 0.023000000000000007 1.2215569507562097e-13
-0.012999999999999999 0.023000000000000007 2.550367191227197e-13
-0.012500000000000001 0.023000000000000007 5.1787860664287769e-13
-0.012 0.023000000000000007 1.0227971124591069e-12
-0.0115 0.023000000000000007 1.9646594433643482e-12
-0.010999999999999999 0.023000000000000007 3.6704670627964842e-12
-0.010499999999999999 0.023000000000000007 6.66947496714182e-12
-0.010000000000000002 0.023000000000000007 1.1786862758373692e-11
-0.0095000000000000015 0.023000000000000007 2.0260076047043993e-11
-0.0090000000000000011 0.023000000000000007 3.3870388641128771e-11
-0.0085000000000000006 0.023000000000000007 5.5072596561878053e-11
-0.0080000000000000002 0.023000000000000007 8.7093790152019676e-11
-0.0074999999999999997 0.023000000000000007 1.3395998571080287e-10
-0.0069999999999999993 0.023000000000000007 2.0040071138627668e-10
-0.0064999999999999988 0.023000000000000007 2.9158131455041364e-10
-0.0059999999999999984 0.023000000000000007 4.1262580506723229e-10
-0.0054999999999999979 0.023000000000000007 5.6792285208531035e-10
-0.005000000000000001 0.023000000000000007 7.6025374485779191e-10
-0.0044999999999999971 0.023000000000000007 9.8983784942906723e-10
-0.0040000000000000001 0.023000000000000007 1.2534465202764697e-09
-0.0035000000000000031 0.023000000000000007 1.5437743687901335e-09
-0.0029999999999999992 0.023000000000000007 1.8492605607092597e-09
-0.0025000000000000022 0.023000000000000007 2.1545106906129502e-09
-0.0019999999999999983 0.023000000000000007 2.4413804561840042e-09
-0.0015000000000000013 0.023000000000000007 2.6906582392240139e-09
-0.00099999999999999742 0.023000000000000007 2.8841502236796476e-09
-0.00050000000000000044 0.023000000000000007 3.0068618898002413e-09
0 0.023000000000000007 3.0489152215082022e-09
0.00050000000000000044 0.023000000000000007 3.0068618898002413e-09
0.0010000000000000009 0.023000000000000007 2.8841502236796476e-09
0.0015000000000000013 0.023000000000000007 2.6906582392240139e-09
0.0020000000000000018 0.023000000000000007 2.4413804561840042e-09
0.0024999999999999988 0.023000000000000007 2.1545106906129502e-09
0.0030000000000000027 0.023000000000000007 1.8492605607092597e-09
0.0034999999999999996 0.023000000000000007 1.5437743687901335e-09
0.0040000000000000036 0.023000000000000007 1.2534465202764608e-09
0.0045000000000000005 0.023000000000000007 9.8983784942906723e-10
0.0049999999999999975 0.023000000000000007 7.6025374485779191e-10
0.0055000000000000014 0.023000000000000007 5.6792285208531035e-10
0.0059999999999999984 0.023000000000000007 4.1262580506723229e-10
0.0064999999999999988 0.023000000000000007 2.9158131455041364e-10
0.0069999999999999993 0.023000000000000007 2.0040071138627668e-10
0.0074999999999999997 0.023000000000000007 1.3395998571080287e-10
0.0080000000000000002 0.023000000000000007 8.7093790152019676e-11
0.0085000000000000006 0.023000000000000007 5.5072596561878053e-11
0.0090000000000000011 0.023000000000000007 3.3870388641128771e-11
0.0095000000000000015 0.023000000000000007 2.0260076047043993e-11
0.010000000000000002 0.023000000000000007 1.1786862758373692e-11
0.010500000000000002 0.023000000000000007 6.66947496714182e-12
0.011000000000000003 0.023000000000000007 3.6704670627964584e-12
0.011500000000000003 0.023000000000000007 1.9646594433643482e-12
0.012000000000000004 0.023000000000000007 1.0227971124590996e-12
0.012499999999999997 0.023000000000000007 5.1787860664288142e-13
0.013000000000000005 0.023000000000000007 2.5503671912271789e-13
0.013499999999999998 0.023000000000000007 1.2215569507562097e-13
0.014000000000000005 0.023000000000000007 5.6906383981582169e-14
0.014499999999999999 0.023000000000000007 2.5783657595183256e-14
0.014999999999999999 0.023000000000000007 1.1362249581632444e-14
0.0155 0.023000000000000007 4.8699038716474948e-15
0.016000000000000007 0.023000000000000007 2.0300779635751334e-15
0.016500000000000001 0.023000000000000007 8.2307859905597963e-16
0.017000000000000001 0.023000000000000007 3.2456834933837823e-16
0.017500000000000002 0.023000000000000007 1.2448220952761668e-16
0.017999999999999995 0.023000000000000007 4.6434917066916435e-17
0.018500000000000003 0.023000000000000007 1.6846835084339247e-17
0.019000000000000003 0.023000000000000007 5.9446766811942613e-18
0.019500000000000003 0.023000000000000007 2.0402078689775065e-18
0.019999999999999997 0.023000000000000007 6.8101528850791329e-19
0.020499999999999997 0.023000000000000007 2.2109329372285087e-19
0.021000000000000005 0.023000000000000007 6.9812074241063852e-20
0.021500000000000005 0.023000000000000007 2.143985177392756e-20
0.021999999999999999 0.023000000000000007 6.4039698640086883e-21
0.022499999999999999 0.023000000000000007 1.8604287617030259e-21
0.023000000000000007 0.023000000000000007 5.2566985747463127e-22
0.023500000000000007 0.023000000000000007 1.4446058492097038e-22
0.024 0.023000000000000007 3.8611967110332877e-23
0.024500000000000001 0.023000000000000007 1.003762000597372e-23
0.025000000000000001 0.023000000000000007 2.5379077851520143e-24
-0.025000000000000001 0.023500000000000007 6.9744848007809342e-25
-0.024500000000000001 0.023500000000000007 2.7584622489932035e-24
-0.024 0.023500000000000007 1.0611046599675321e-23
-0.0235 0.023500000000000007 3.9699557239148563e-23
-0.023 0.023500000000000007 1.4446058492097449e-22
-0.022500000000000003 0.023500000000000007 5.1126885686494237e-22
-0.022000000000000002 0.023500000000000007 1.7598902033594254e-21
-0.021500000000000002 0.023500000000000007 5.8919367048356022e-21
-0.021000000000000001 0.023500000000000007 1.9185222313982632e-20
-0.020500000000000001 0.023500000000000007 6.0759174373714396e-20
-0.02 0.023500000000000007 1.8715143263226377e-19
-0.0195 0.023500000000000007 5.6067438130990927e-19
-0.019 0.023500000000000007 1.6336707504154852e-18
-0.018500000000000003 0.023500000000000007 4.6297188544204108e-18
-0.018000000000000002 0.023500000000000007 1.2760890100241538e-17
-0.017500000000000002 0.023500000000000007 3.4209252337589358e-17
-0.017000000000000001 0.023500000000000007 8.9195400735943366e-17
-0.016500000000000001 0.023500000000000007 2.2619218919414401e-16
-0.016 0.023500000000000007 5.5789055789144863e-16
-0.0155 0.023500000000000007 1.3383098760633266e-15
-0.015000000000000001 0.023500000000000007 3.1224868560394628e-15
-0.014500000000000001 0.023500000000000007 7.0856683232630436e-15
-0.014 0.023500000000000007 1.5638578851011041e-14
-0.0135 0.023500000000000007 3.3569897362630607e-14
-0.012999999999999999 0.023500000000000007 7.0087247912196195e-14
-0.012500000000000001 0.023500000000000007 1.4231945273236111e-13
-0.012 0.023500000000000007 2.8107730930425986e-13
-0.0115 0.023500000000000007 5.3991273861963968e-13
-0.010999999999999999 0.023500000000000007 1.0086897912923021e-12
-0.010499999999999999 0.023500000000000007 1.8328542928021589e-12
-0.010000000000000002 0.023500000000000007 3.2391758139566751e-12
-0.0095000000000000015 0.023500000000000007 5.5677197288044293e-12
-0.0090000000000000011 0.023500000000000007 9.3080021329437183e-12
-0.0085000000000000006 0.023500000000000007 1.5134631364762001e-11
-0.0080000000000000002 0.023500000000000007 2.3934451803625219e-11
-0.0074999999999999997 0.023500000000000007 3.6813862572900781e-11
-0.0069999999999999993 0.023500000000000007 5.5072596561878053e-11
-0.0064999999999999988 0.023500000000000007 8.0130155178264432e-11
-0.0059999999999999984 0.023500000000000007 1.133946797708019e-10
-0.0054999999999999979 0.023500000000000007 1.5607223095569888e-10
-0.005000000000000001 0.023500000000000007 2.0892714145363641e-10
-0.0044999999999999971 0.023500000000000007 2.7201969576948734e-10
-0.0040000000000000001 0.023500000000000007 3.4446262214118365e-10
-0.0035000000000000031 0.023500000000000007 4.2424830933393957e-10
-0.0029999999999999992 0.023500000000000007 5.0819969696328594e-10
-0.0025000000000000022 0.023500000000000007 5.9208621182821437e-10
-0.0019999999999999983 0.023500000000000007 6.7092157501533591e-10
-0.0015000000000000013 0.023500000000000007 7.3942619599315524e-10
-0.00099999999999999742 0.023500000000000007 7.9260018886058761e-10
-0.00050000000000000044 0.023500000000000007 8.2632287394960634e-10
0 0.023500000000000007 8.3787965014672881e-10
0.00050000000000000044 0.023500000000000007 8.2632287394960634e-10
0.0010000000000000009 0.023500000000000007 7.9260018886058761e-10
0.0015000000000000013 0.023500000000000007 7.3942619599315524e-10
0.0020000000000000018 0.023500000000000007 6.7092157501533591e-10
0.0024999999999999988 0.023500000000000007 5.9208621182821437e-10
0.0030000000000000027 0.023500000000000007 5.0819969696328594e-10
0.0034999999999999996 0.023500000000000007 4.2424830933393957e-10
0.0040000000000000036 0.023500000000000007 3.4446262214118246e-10
0.0045000000000000005 0.023500000000000007 2.7201969576948734e-10
0.0049999999999999975 0.023500000000000007 2.0892714145363641e-10
0.0055000000000000014 0.023500000000000007 1.5607223095569888e-10
0.0059999999999999984 0.023500000000000007 1.133946797708019e-10
0.0064999999999999988 0.023500000000000007 8.0130155178264432e-11
0.0069999999999999993 0.023500000000000007 5.5072596561878053e-11
0.0074999999999999997 0.023500000000000007 3.6813862572900781e-11
0.0080000000000000002 0.023500000000000007 2.3934451803625219e-11
0.0085000000000000006 0.023500000000000007 1.5134631364762001e-11
0.0090000000000000011 0.023500000000000007 9.3080021329437183e-12
0.0095000000000000015 0.023500000000000007 5.5677197288044293e-12
0.010000000000000002 0.023500000000000007 3.2391758139566751e-12
0.010500000000000002 0.023500000000000007 1.8328542928021589e-12
0.011000000000000003 0.023500000000000007 1.0086897912922948e-12
0.011500000000000003 0.023500000000000007 5.3991273861963585e-13
0.012000000000000004 0.023500000000000007 2.8107730930425784e-13
0.012499999999999997 0.023500000000000007 1.4231945273236212e-13
0.013000000000000005 0.023500000000000007 7.0087247912196195e-14
0.013499999999999998 0.023500000000000007 3.3569897362630607e-14
0.014000000000000005 0.023500000000000007 1.5638578851011041e-14
0.014499999999999999 0.023500000000000007 7.0856683232630941e-15
0.014999999999999999 0.023500000000000007 3.1224868560394628e-15
0.0155 0.023500000000000007 1.3383098760633266e-15
0.016000000000000007 0.023500000000000007 5.5789055789144469e-16
0.016500000000000001 0.023500000000000007 2.2619218919414401e-16
0.017000000000000001 0.023500000000000007 8.9195400735943366e-17
0.017500000000000002 0.023500000000000007 3.4209252337589358e-17
0.017999999999999995 0.023500000000000007 1.276089010024172e-17
0.018500000000000003 0.023500000000000007 4.6297188544204108e-18
0.019000000000000003 0.023500000000000007 1.6336707504154736e-18
0.019500000000000003 0.023500000000000007 5.6067438130990927e-19
0.019999999999999997 0.023500000000000007 1.8715143263226642e-19
0.020499999999999997 0.023500000000000007 6.075917437371483e-20
0.021000000000000005 0.023500000000000007 1.9185222313982358e-20
0.021500000000000005 0.023500000000000007 5.8919367048355601e-21
0.021999999999999999 0.023500000000000007 1.7598902033594506e-21
0.022499999999999999 0.023500000000000007 5.1126885686494237e-22
0.023000000000000007 0.023500000000000007 1.4446058492097038e-22
0.023500000000000007 0.023500000000000007 3.9699557239147999e-23
0.024 0.023500000000000007 1.0611046599675321e-23
0.024500000000000001 0.023500000000000007 2.7584622489932035e-24
0.025000000000000001 0.023500000000000007 6.9744848007809342e-25
-0.025000000000000001 0.024 1.8641664637215359e-25
-0.024500000000000001 0.024 7.3729213883142125e-25
-0.024 0.024 2.8361603446158942e-24
-0.0235 0.024 1.0611046599675547e-23
-0.023 0.024 3.8611967110333423e-23
-0.022500000000000003 0.024 1.366538581898055e-22
-0.022000000000000002 0.024 4.7039005613251473e-22
-0.021500000000000002 0.024 1.5748189472424903e-21
-0.021000000000000001 0.024 5.1278981972638248e-21
-0.020500000000000001 0.024 1.6239940076750187e-20
-0.02 0.024 5.0022537049825109e-20
-0.0195 0.024 1.4985915211812215e-19
-0.019 0.024 4.3665364721224209e-19
-0.018500000000000003 0.024 1.2374486247218507e-18
-0.018000000000000002 0.024 3.4107785810133241e-18
-0.017500000000000002 0.024 9.1435773076144011e-18
-0.017000000000000001 0.024 2.384048134301363e-17
-0.016500000000000001 0.024 6.0457496932858283e-17
-0.016 0.024 1.4911508135076798e-16
-0.0155 0.024 3.5770848461025126e-16
-0.015000000000000001 0.024 8.3459000151356594e-16
-0.014500000000000001 0.024 1.8938840127376826e-15
-0.014 0.024 4.1799380265414873e-15
-0.0135 0.024 8.9726881112398344e-15
-0.012999999999999999 0.024 1.8733182568241445e-14
-0.012500000000000001 0.024 3.8039677266077542e-14
-0.012 0.024 7.5127397748349363e-14
-0.0115 0.024 1.4430990236842826e-13
-0.010999999999999999 0.024 2.6960639171725483e-13
-0.010499999999999999 0.024 4.8989217169808199e-13
-0.010000000000000002 0.024 8.657790639675385e-13
-0.0095000000000000015 0.024 1.4881610175243087e-12
-0.0090000000000000011 0.024 2.4878777309170325e-12
-0.0085000000000000006 0.024 4.0452410517574511e-12
-0.0080000000000000002 0.024 6.3972900729358101e-12
-0.0074999999999999997 0.024 9.839747303022419e-12
-0.0069999999999999993 0.024 1.4720010224873335e-11
-0.0064999999999999988 0.024 2.1417488500282841e-11
-0.0059999999999999984 0.024 3.0308555431865411e-11
-0.0054999999999999979 0.024 4.1715571425897851e-11
-0.005000000000000001 0.024 5.5842830199510209e-11
-0.0044999999999999971 0.024 7.2706444821334219e-11
-0.0040000000000000001 0.024 9.2069261966027963e-11
-0.0035000000000000031 0.024 1.133946797708035e-10
-0.0029999999999999992 0.024 1.358335216167266e-10
-0.0025000000000000022 0.024 1.5825502402679199e-10
-0.0019999999999999983 0.024 1.7932643566601277e-10
-0.0015000000000000013 0.024 1.9763660776969307e-10
-0.00099999999999999742 0.024 2.1184915207612507e-10
-0.00050000000000000044 0.024 2.2086267786408751e-10
0 0.024 2.2395161636360281e-10
0.00050000000000000044 0.024 2.2086267786408751e-10
0.0010000000000000009 0.024 2.1184915207612507e-10
0.0015000000000000013 0.024 1.9763660776969307e-10
0.0020000000000000018 0.024 1.7932643566601277e-10
0.0024999999999999988 0.024 1.5825502402679199e-10
0.0030000000000000027 0.024 1.358335216167266e-10
0.0034999999999999996 0.024 1.133946797708035e-10
0.0040000000000000036 0.024 9.2069261966027316e-11
0.0045000000000000005 0.024 7.2706444821334219e-11
0.0049999999999999975 0.024 5.5842830199510209e-11
0.0055000000000000014 0.024 4.1715571425897851e-11
0.0059999999999999984 0.024 3.0308555431865411e-11
0.0064999999999999988 0.024 2.1417488500282841e-11
0.0069999999999999993 0.024 1.4720010224873335e-11
0.0074999999999999997 0.024 9.839747303022419e-12
0.0080000000000000002 0.024 6.3972900729358101e-12
0.0085000000000000006 0.024 4.0452410517574511e-12
0.0090000000000000011 0.024 2.4878777309170325e-12
0.0095000000000000015 0.024 1.4881610175243087e-12
0.010000000000000002 0.024 8.657790639675385e-13
0.010500000000000002 0.024 4.8989217169808199e-13
0.011000000000000003 0.024 2.6960639171725291e-13
0.011500000000000003 0.024 1.4430990236842725e-13
0.012000000000000004 0.024 7.5127397748348833e-14
0.012499999999999997 0.024 3.8039677266077813e-14
0.013000000000000005 0.024 1.8733182568241313e-14
0.013499999999999998 0.024 8.9726881112398344e-15
0.014000000000000005 0.024 4.1799380265414581e-15
0.014499999999999999 0.024 1.893884012737696e-15
0.014999999999999999 0.024 8.3459000151356594e-16
0.0155 0.024 3.5770848461025126e-16
0.016000000000000007 0.024 1.4911508135076588e-16
0.016500000000000001 0.024 6.0457496932858283e-17
0.017000000000000001 0.024 2.384048134301363e-17
0.017500000000000002 0.024 9.1435773076144011e-18
0.017999999999999995 0.024 3.410778581013348e-18
0.018500000000000003 0.024 1.2374486247218507e-18
0.019000000000000003 0.024 4.3665364721224209e-19
0.019500000000000003 0.024 1.4985915211812215e-19
0.019999999999999997 0.024 5.0022537049825819e-20
0.020499999999999997 0.024 1.6239940076750298e-20
0.021000000000000005 0.024 5.1278981972638248e-21
0.021500000000000005 0.024 1.5748189472424903e-21
0.021999999999999999 0.024 4.703900561325214e-22
0.022499999999999999 0.024 1.3665385818980743e-22
0.023000000000000007 0.024 3.8611967110332877e-23
0.023500000000000007 0.024 1.0611046599675321e-23
0.024 0.024 2.8361603446158942e-24
0.024500000000000001 0.024 7.3729213883142125e-25
0.025000000000000001 0.024 1.8641664637215359e-25
-0.025000000000000001 0.024500000000000001 4.8461127445923729e-26
-0.024500000000000001 0.024500000000000001 1.9166747712786046e-25
-0.024 0.024500000000000001 7.3729213883142125e-25
-0.0235 0.024500000000000001 2.7584622489932424e-24
-0.023 0.024500000000000001 1.0037620005973935e-23
-0.022500000000000003 0.024500000000000001 3.5524724677713057e-23
-0.022000000000000002 0.024500000000000001 1.2228324510261382e-22
-0.021500000000000002 0.024500000000000001 4.0939209663828831e-22
-0.021000000000000001 0.024500000000000001 1.3330554588522474e-21
-0.020500000000000001 0.024500000000000001 4.2217571289337469e-21
-0.02 0.024500000000000001 1.3003927440581635e-20
-0.0195 0.024500000000000001 3.8957591025622436e-20
-0.019 0.024500000000000001 1.1351308190061382e-19
-0.018500000000000003 0.024500000000000001 3.2168884419640831e-19
-0.018000000000000002 0.024500000000000001 8.8667068483967871e-19
-0.017500000000000002 0.024500000000000001 2.3769769161674221e-18
-0.017000000000000001 0.024500000000000001 6.1976042763343039e-18
-0.016500000000000001 0.024500000000000001 1.571661394485015e-17
-0.016 0.024500000000000001 3.8764161366912924e-17
-0.0155 0.024500000000000001 9.2990388994440594e-17
-0.015000000000000001 0.024500000000000001 2.1696116315546052e-16
-0.014500000000000001 0.024500000000000001 4.9233668932040228e-16
-0.014 0.024500000000000001 1.0866224307881794e-15
-0.0135 0.024500000000000001 2.3325523259508196e-15
-0.012999999999999999 0.024500000000000001 4.8699038716475634e-15
-0.012500000000000001 0.024500000000000001 9.8888467519849164e-15
-0.012 0.024500000000000001 1.9530221510879024e-14
-0.0115 0.024500000000000001 3.751500043844728e-14
-0.010999999999999999 0.024500000000000001 7.0087247912197192e-14
-0.010499999999999999 0.024500000000000001 1.2735304185242243e-13
-0.010000000000000002 0.024500000000000001 2.2506911467113922e-13
-0.0095000000000000015 0.024500000000000001 3.8686438219861595e-13
-0.0090000000000000011 0.024500000000000001 6.4675211218613368e-13
-0.0085000000000000006 0.024500000000000001 1.0516064202085403e-12
-0.0080000000000000002 0.024500000000000001 1.663048314441703e-12
-0.0074999999999999997 0.024500000000000001 2.5579542244070945e-12
-0.0069999999999999993 0.024500000000000001 3.8266340769203177e-12
-0.0064999999999999988 0.024500000000000001 5.5677197288045076e-12
-0.0059999999999999984 0.024500000000000001 7.8790537007797883e-12
-0.0054999999999999979 0.024500000000000001 1.0844437246844299e-11
-0.005000000000000001 0.024500000000000001 1.4516978842313138e-11
-0.0044999999999999971 0.024500000000000001 1.8900867262640666e-11
-0.0040000000000000001 0.024500000000000001 2.3934451803625561e-11
-0.0035000000000000031 0.024500000000000001 2.9478236707961295e-11
-0.0029999999999999992 0.024500000000000001 3.5311468855391458e-11
-0.0025000000000000022 0.024500000000000001 4.1140193419259454e-11
-0.0019999999999999983 0.024500000000000001 4.6617946531903881e-11
-0.0015000000000000013 0.024500000000000001 5.1377884022152945e-11
-0.00099999999999999742 0.024500000000000001 5.5072596561878448e-11
-0.00050000000000000044 0.024500000000000001 5.7415765106363606e-11
0 0.024500000000000001 5.8218769801549e-11
0.00050000000000000044 0.024500000000000001 5.7415765106363606e-11
0.0010000000000000009 0.024500000000000001 5.5072596561878448e-11
0.0015000000000000013 0.024500000000000001 5.1377884022152945e-11
0.0020000000000000018 0.024500000000000001 4.6617946531903881e-11
0.0024999999999999988 0.024500000000000001 4.1140193419259454e-11
0.0030000000000000027 0.024500000000000001 3.5311468855391458e-11
0.0034999999999999996 0.024500000000000001 2.9478236707961295e-11
0.0040000000000000036 0.024500000000000001 2.393445180362539e-11
0.0045000000000000005 0.024500000000000001 1.8900867262640666e-11
0.0049999999999999975 0.024500000000000001 1.451697884231324e-11
0.0055000000000000014 0.024500000000000001 1.0844437246844299e-11
0.0059999999999999984 0.024500000000000001 7.8790537007797883e-12
0.0064999999999999988 0.024500000000000001 5.5677197288045076e-12
0.0069999999999999993 0.024500000000000001 3.8266340769203177e-12
0.0074999999999999997 0.024500000000000001 2.5579542244070945e-12
0.0080000000000000002 0.024500000000000001 1.663048314441703e-12
0.0085000000000000006 0.024500000000000001 1.0516064202085403e-12
0.0090000000000000011 0.024500000000000001 6.4675211218613368e-13
0.0095000000000000015 0.024500000000000001 3.8686438219861595e-13
0.010000000000000002 0.024500000000000001 2.2506911467113922e-13
0.010500000000000002 0.024500000000000001 1.2735304185242243e-13
0.011000000000000003 0.024500000000000001 7.0087247912197192e-14
0.011500000000000003 0.024500000000000001 3.7515000438447015e-14
0.012000000000000004 0.024500000000000001 1.9530221510879024e-14
0.012499999999999997 0.024500000000000001 9.8888467519849858e-15
0.013000000000000005 0.024500000000000001 4.8699038716475295e-15
0.013499999999999998 0.024500000000000001 2.3325523259508361e-15
0.014000000000000005 0.024500000000000001 1.086622430788164e-15
0.014499999999999999 0.024500000000000001 4.9233668932040573e-16
0.014999999999999999 0.024500000000000001 2.1696116315546208e-16
0.0155 0.024500000000000001 9.2990388994440594e-17
0.016000000000000007 0.024500000000000001 3.8764161366912092e-17
0.016500000000000001 0.024500000000000001 1.571661394485015e-17
0.017000000000000001 0.024500000000000001 6.1976042763343039e-18
0.017500000000000002 0.024500000000000001 2.3769769161674221e-18
0.017999999999999995 0.024500000000000001 8.8667068483969123e-19
0.018500000000000003 0.024500000000000001 3.2168884419640831e-19
0.019000000000000003 0.024500000000000001 1.1351308190061303e-19
0.019500000000000003 0.024500000000000001 3.8957591025621876e-20
0.019999999999999997 0.024500000000000001 1.3003927440581726e-20
0.020499999999999997 0.024500000000000001 4.221757128933807e-21
0.021000000000000005 0.024500000000000001 1.3330554588522283e-21
0.021500000000000005 0.024500000000000001 4.0939209663828243e-22
0.021999999999999999 0.024500000000000001 1.2228324510261382e-22
0.022499999999999999 0.024500000000000001 3.5524724677713563e-23
0.023000000000000007 0.024500000000000001 1.003762000597372e-23
0.023500000000000007 0.024500000000000001 2.7584622489932035e-24
0.024 0.024500000000000001 7.3729213883142125e-25
0.024500000000000001 0.024500000000000001 1.9166747712786046e-25
0.025000000000000001 0.024500000000000001 4.8461127445923729e-26
-0.025000000000000001 0.025000000000000001 1.2252891875669662e-26
-0.024500000000000001 0.025000000000000001 4.8461127445923729e-26
-0.024 0.025000000000000001 1.8641664637215359e-25
-0.0235 0.025000000000000001 6.9744848007810334e-25
-0.023 0.025000000000000001 2.5379077851520863e-24
-0.022500000000000003 0.025000000000000001 8.9820570285878734e-24
-0.022000000000000002 0.025000000000000001 3.0918046265437398e-23
-0.021500000000000002 0.025000000000000001 1.0351053223968178e-22
-0.021000000000000001 0.025000000000000001 3.3704920340151069e-22
-0.020500000000000001 0.025000000000000001 1.0674273660654157e-21
-0.02 0.025000000000000001 3.2879077579508883e-21
-0.0195 0.025000000000000001 9.8500215684449948e-21
-0.019 0.025000000000000001 2.8700601746302078e-20
-0.018500000000000003 0.025000000000000001 8.1335677341515937e-20
-0.018000000000000002 0.025000000000000001 2.2418545756678208e-19
-0.017500000000000002 0.025000000000000001 6.0099388272098374e-19
-0.017000000000000001 0.025000000000000001 1.5669997601861336e-18
-0.016500000000000001 0.025000000000000001 3.9737823172351544e-18
-0.016 0.025000000000000001 9.8011148917202324e-18
-0.0155 0.025000000000000001 2.3511652367080506e-17
-0.015000000000000001 0.025000000000000001 5.4856372797554296e-17
-0.014500000000000001 0.025000000000000001 1.2448220952761757e-16
-0.014 0.025000000000000001 2.7474117619285436e-16
-0.0135 0.025000000000000001 5.8976158728682647e-16
-0.012999999999999999 0.025000000000000001 1.23130452651534e-15
-0.012500000000000001 0.025000000000000001 2.5002920157469462e-15
-0.012 0.025000000000000001 4.938013312787818e-15
-0.0115 0.025000000000000001 9.4852775474718971e-15
-0.010999999999999999 0.025000000000000001 1.7720831433186997e-14
-0.010499999999999999 0.025000000000000001 3.2199891626471444e-14
-0.010000000000000002 0.025000000000000001 5.6906383981582965e-14
-0.0095000000000000015 0.025000000000000001 9.7814634026351022e-14
-0.0090000000000000011 0.025000000000000001 1.6352454263100809e-13
-0.0085000000000000006 0.025000000000000001 2.6588774223120178e-13
-0.0080000000000000002 0.025000000000000001 4.2048446362720513e-13
-0.0074999999999999997 0.025000000000000001 6.4675211218613368e-13
-0.0069999999999999993 0.025000000000000001 9.6752461330120211e-13
-0.0064999999999999988 0.025000000000000001 1.4077400057850443e-12
-0.0059999999999999984 0.025000000000000001 1.9921367530290536e-12
-0.0054999999999999979 0.025000000000000001 2.7419031302220308e-12
-0.005000000000000001 0.025000000000000001 3.6704670627965101e-12
-0.0044999999999999971 0.025000000000000001 4.7788876390452306e-12
-0.0040000000000000001 0.025000000000000001 6.0515771198368722e-12
-0.0035000000000000031 0.025000000000000001 7.4532654542775226e-12
-0.0029999999999999992 0.025000000000000001 8.9281375126690701e-12
-0.0025000000000000022 0.025000000000000001 1.0401869875454651e-11
-0.0019999999999999983 0.025000000000000001 1.178686275837386e-11
-0.0015000000000000013 0.025000000000000001 1.2990363429464199e-11
-0.00099999999999999742 0.025000000000000001 1.3924533054623216e-11
-0.00050000000000000044 0.025000000000000001 1.4516978842313138e-11
0 0.025000000000000001 1.4720010224873229e-11
0.00050000000000000044 0.025000000000000001 1.4516978842313138e-11
0.0010000000000000009 0.025000000000000001 1.3924533054623216e-11
0.0015000000000000013 0.025000000000000001 1.2990363429464199e-11
0.0020000000000000018 0.025000000000000001 1.178686275837386e-11
0.0024999999999999988 0.025000000000000001 1.0401869875454651e-11
0.0030000000000000027 0.025000000000000001 8.9281375126690701e-12
0.0034999999999999996 0.025000000000000001 7.4532654542775226e-12
0.0040000000000000036 0.025000000000000001 6.0515771198368294e-12
0.0045000000000000005 0.025000000000000001 4.7788876390452306e-12
0.0049999999999999975 0.025000000000000001 3.6704670627965359e-12
0.0055000000000000014 0.025000000000000001 2.7419031302220308e-12
0.0059999999999999984 0.025000000000000001 1.9921367530290536e-12
0.0064999999999999988 0.025000000000000001 1.4077400057850443e-12
0.0069999999999999993 0.025000000000000001 9.6752461330120211e-13
0.0074999999999999997 0.025000000000000001 6.4675211218613368e-13
0.0080000000000000002 0.025000000000000001 4.2048446362720513e-13
0.0085000000000000006 0.025000000000000001 2.6588774223120178e-13
0.0090000000000000011 0.025000000000000001 1.6352454263100809e-13
0.0095000000000000015 0.025000000000000001 9.7814634026351022e-14
0.010000000000000002 0.025000000000000001 5.6906383981582965e-14
0.010500000000000002 0.025000000000000001 3.2199891626471217e-14
0.011000000000000003 0.025000000000000001 1.7720831433186997e-14
0.011500000000000003 0.025000000000000001 9.4852775474718308e-15
0.012000000000000004 0.025000000000000001 4.938013312787818e-15
0.012499999999999997 0.025000000000000001 2.5002920157469636e-15
0.013000000000000005 0.025000000000000001 1.2313045265153313e-15
0.013499999999999998 0.025000000000000001 5.8976158728683071e-16
0.014000000000000005 0.025000000000000001 2.7474117619285047e-16
0.014499999999999999 0.025000000000000001 1.2448220952761843e-16
0.014999999999999999 0.025000000000000001 5.485637279755469e-17
0.0155 0.025000000000000001 2.3511652367080506e-17
0.016000000000000007 0.025000000000000001 9.8011148917200229e-18
0.016500000000000001 0.025000000000000001 3.9737823172351544e-18
0.017000000000000001 0.025000000000000001 1.5669997601861336e-18
0.017500000000000002 0.025000000000000001 6.0099388272098374e-19
0.017999999999999995 0.025000000000000001 2.2418545756678367e-19
0.018500000000000003 0.025000000000000001 8.1335677341515937e-20
0.019000000000000003 0.025000000000000001 2.8700601746301874e-20
0.019500000000000003 0.025000000000000001 9.8500215684448549e-21
0.019999999999999997 0.025000000000000001 3.2879077579509349e-21
0.020499999999999997 0.025000000000000001 1.0674273660654232e-21
0.021000000000000005 0.025000000000000001 3.3704920340150829e-22
0.021500000000000005 0.025000000000000001 1.0351053223968105e-22
0.021999999999999999 0.025000000000000001 3.0918046265437398e-23
0.022499999999999999 0.025000000000000001 8.9820570285879366e-24
0.023000000000000007 0.025000000000000001 2.5379077851520143e-24
0.023500000000000007 0.025000000000000001 6.9744848007809342e-25
0.024 0.025000000000000001 1.8641664637215359e-25
0.024500000000000001 0.025000000000000001 4.8461127445923729e-26
0.025000000000000001 0.025000000000000001 1.2252891875669662e-26
