% x(m) y(m) incident_basis(1/m^2)
-0.025000000000000001 -0.025000000000000001 5.6337770777397476e-16
-0.024500000000000001 -0.025000000000000001 2.1508388769597788e-15
-0.024 -0.025000000000000001 8.1280093100705536e-15
-0.0235 -0.025000000000000001 3.0326787940521194e-14
-0.023 -0.025000000000000001 1.1131592824506633e-13
-0.022500000000000003 -0.025000000000000001 4.0031447273371969e-13
-0.022000000000000002 -0.025000000000000001 1.4048205524133158e-12
-0.021500000000000002 -0.025000000000000001 4.7936794944980848e-12
-0.021000000000000001 -0.025000000000000001 1.5858328388203195e-11
-0.020500000000000001 -0.025000000000000001 5.0741528383640617e-11
-0.02 -0.025000000000000001 1.5674850287382158e-10
-0.0195 -0.025000000000000001 4.6686426830382632e-10
-0.019 -0.025000000000000001 1.3393512978969832e-09
-0.018500000000000003 -0.025000000000000001 3.6983041526482394e-09
-0.018000000000000002 -0.025000000000000001 9.8240516607765503e-09
-0.017500000000000002 -0.025000000000000001 2.5095661415649516e-08
-0.017000000000000001 -0.025000000000000001 6.1633041305050098e-08
-0.016500000000000001 -0.025000000000000001 1.4549780425064526e-07
-0.016 -0.025000000000000001 3.3012090675503341e-07
-0.0155 -0.025000000000000001 7.1982682091925252e-07
-0.015000000000000001 -0.025000000000000001 1.5083466802912806e-06
-0.014500000000000001 -0.025000000000000001 3.0372865266746378e-06
-0.014 -0.025000000000000001 5.8774548754273941e-06
-0.0135 -0.025000000000000001 1.093041915900924e-05
-0.012999999999999999 -0.025000000000000001 1.95378942406063e-05
-0.012500000000000001 -0.025000000000000001 3.3573620300546746e-05
-0.012 -0.025000000000000001 5.5480573710605021e-05
-0.0115 -0.025000000000000001 8.8214146382185771e-05
-0.010999999999999999 -0.025000000000000001 0.0001350711592445216
-0.010499999999999999 -0.025000000000000001 0.000199436808772668
-0.010000000000000002 -0.025000000000000001 0.00028457140240615545
-0.0095000000000000015 -0.025000000000000001 0.0003936748357956555
-0.0090000000000000011 -0.025000000000000001 0.00053057497235935321
-0.0085000000000000006 -0.025000000000000001 0.0007014277387167074
-0.0080000000000000002 -0.025000000000000001 0.00091771799258381025
-0.0074999999999999997 -0.025000000000000001 0.0012005446807541815
-0.0069999999999999993 -0.025000000000000001 0.0015856375809679467
-0.0064999999999999988 -0.025000000000000001 0.0021278449186253605
-0.0059999999999999984 -0.025000000000000001 0.0029031244530867677
-0.0054999999999999979 -0.025000000000000001 0.0040056534148169521
-0.005000000000000001 -0.025000000000000001 0.0055378948986029445
-0.0044999999999999971 -0.025000000000000001 0.0075926107445049114
-0.0040000000000000001 -0.025000000000000001 0.010227952330085329
-0.0035000000000000031 -0.025000000000000001 0.013439553373560256
-0.0029999999999999992 -0.025000000000000001 0.017136201306232859
-0.0025000000000000022 -0.025000000000000001 0.021127077225625603
-0.0019999999999999983 -0.025000000000000001 0.025127700744377989
-0.0015000000000000013 -0.025000000000000001 0.02878814668712832
-0.00099999999999999742 -0.025000000000000001 0.031741360082708003
-0.00050000000000000044 -0.025000000000000001 0.033663077916715647
0 -0.025000000000000001 0.034330168350324999
0.00050000000000000044 -0.025000000000000001 0.033663077916715647
0.0010000000000000009 -0.025000000000000001 0.031741360082708003
0.0015000000000000013 -0.025000000000000001 0.02878814668712832
0.0020000000000000018 -0.025000000000000001 0.025127700744377951
0.0024999999999999988 -0.025000000000000001 0.021127077225625568
0.0030000000000000027 -0.025000000000000001 0.017136201306232772
0.0034999999999999996 -0.025000000000000001 0.013439553373560257
0.0040000000000000036 -0.025000000000000001 0.010227952330085268
0.0045000000000000005 -0.025000000000000001 0.0075926107445048688
0.0049999999999999975 -0.025000000000000001 0.0055378948986029401
0.0055000000000000014 -0.025000000000000001 0.0040056534148169278
0.0059999999999999984 -0.025000000000000001 0.0029031244530867643
0.0064999999999999988 -0.025000000000000001 0.0021278449186253549
0.0069999999999999993 -0.025000000000000001 0.0015856375809679445
0.0074999999999999997 -0.025000000000000001 0.0012005446807541809
0.0080000000000000002 -0.025000000000000001 0.00091771799258381318
0.0085000000000000006 -0.025000000000000001 0.00070142773871670686
0.0090000000000000011 -0.025000000000000001 0.00053057497235935224
0.0095000000000000015 -0.025000000000000001 0.00039367483579565241
0.010000000000000002 -0.025000000000000001 0.00028457140240615181
0.010500000000000002 -0.025000000000000001 0.00019943680877266382
0.011000000000000003 -0.025000000000000001 0.00013507115924451659
0.011500000000000003 -0.025000000000000001 8.8214146382180946e-05
0.012000000000000004 -0.025000000000000001 5.5480573710600109e-05
0.012499999999999997 -0.025000000000000001 3.3573620300542287e-05
0.013000000000000005 -0.025000000000000001 1.9537894240601621e-05
0.013499999999999998 -0.025000000000000001 1.0930419159005176e-05
0.014000000000000005 -0.025000000000000001 5.8774548754237646e-06
0.014499999999999999 -0.025000000000000001 3.0372865266716693e-06
0.014999999999999999 -0.025000000000000001 1.5083466802888901e-06
0.0155 -0.025000000000000001 7.1982682091740917e-07
0.016000000000000007 -0.025000000000000001 3.3012090675366318e-07
0.016500000000000001 -0.025000000000000001 1.4549780424967225e-07
0.017000000000000001 -0.025000000000000001 6.1633041304385402e-08
0.017500000000000002 -0.025000000000000001 2.5095661415212688e-08
0.017999999999999995 -0.025000000000000001 9.8240516605009139e-09
0.018500000000000003 -0.025000000000000001 3.6983041524810025e-09
0.019000000000000003 -0.025000000000000001 1.3393512977995196e-09
0.019500000000000003 -0.025000000000000001 4.6686426824925773e-10
0.019999999999999997 -0.025000000000000001 1.5674850284447244e-10
0.020499999999999997 -0.025000000000000001 5.0741528368470726e-11
0.021000000000000005 -0.025000000000000001 1.5858328380669751e-11
0.021500000000000005 -0.025000000000000001 4.7936794909037936e-12
0.021999999999999999 -0.025000000000000001 1.4048205507656952e-12
0.022499999999999999 -0.025000000000000001 4.0031447200805425e-13
0.023000000000000007 -0.025000000000000001 1.1131592793798921e-13
0.023500000000000007 -0.025000000000000001 3.0326787815672785e-14
0.024 -0.025000000000000001 8.1280092613015647e-15
0.024500000000000001 -0.025000000000000001 2.1508388586562404e-15
0.025000000000000001 -0.025000000000000001 5.6337770117381429e-16
-0.025000000000000001 -0.024500000000000001 2.1508388769597674e-15
-0.024500000000000001 -0.024500000000000001 7.9630383603933911e-15
-0.024 -0.024500000000000001 2.9208903193242325e-14
-0.0235 -0.024500000000000001 1.0605222573514392e-13
-0.023 -0.024500000000000001 3.8018084878445328e-13
-0.022500000000000003 -0.024500000000000001 1.3407548115072725e-12
-0.022000000000000002 -0.024500000000000001 4.6325656326778127e-12
-0.021500000000000002 -0.024500000000000001 1.5619581375301897e-11
-0.021000000000000001 -0.024500000000000001 5.1208941350902429e-11
-0.020500000000000001 -0.024500000000000001 1.6276555591664552e-10
-0.02 -0.024500000000000001 5.0037659239174052e-10
-0.0195 -0.024500000000000001 1.485132696132922e-09
-0.019 -0.024500000000000001 4.2499227243214412e-09
-0.018500000000000003 -0.024500000000000001 1.1714227026233199e-08
-0.018000000000000002 -0.024500000000000001 3.1077839135700945e-08
-0.017500000000000002 -0.024500000000000001 7.9317386896647868e-08
-0.017000000000000001 -0.024500000000000001 1.9467348849071351e-07
-0.016500000000000001 -0.024500000000000001 4.5936035990579251e-07
-0.016 -0.024500000000000001 1.0419101880983158e-06
-0.0155 -0.024500000000000001 2.2713513594611144e-06
-0.015000000000000001 -0.024500000000000001 4.7586355727530982e-06
-0.014500000000000001 -0.024500000000000001 9.5809352813844966e-06
-0.014 -0.024500000000000001 1.8537861800557443e-05
-0.0135 -0.024500000000000001 3.4471030079962605e-05
-0.012999999999999999 -0.024500000000000001 6.160720076400596e-05
-0.012500000000000001 -0.024500000000000001 0.00010584353894794104
-0.012 -0.024500000000000001 0.00017485450578618144
-0.0115 -0.024500000000000001 0.00027788957368990366
-0.010999999999999999 -0.024500000000000001 0.00042518570030161858
-0.010499999999999999 -0.024500000000000001 0.00062707380202910363
-0.010000000000000002 -0.024500000000000001 0.0008931282030389771
-0.0095000000000000015 -0.024500000000000001 0.0012320583651437708
-0.0090000000000000011 -0.024500000000000001 0.0016533702488744223
-0.0085000000000000006 -0.024500000000000001 0.0021719559744666334
-0.0080000000000000002 -0.024500000000000001 0.0028164887431968095
-0.0074999999999999997 -0.024500000000000001 0.0036416156831231162
-0.0069999999999999993 -0.024500000000000001 0.0047423933915445946
-0.0064999999999999988 -0.024500000000000001 0.0062673797443432823
-0.0059999999999999984 -0.024500000000000001 0.0084247848667464535
-0.0054999999999999979 -0.024500000000000001 0.011474914669059998
-0.005000000000000001 -0.024500000000000001 0.015702791811090109
-0.0044999999999999971 -0.024500000000000001 0.021368109269785478
-0.0040000000000000001 -0.024500000000000001 0.028635699794567451
-0.0035000000000000031 -0.024500000000000001 0.037497523762274977
-0.0029999999999999992 -0.024500000000000001 0.0477045691306546
-0.0025000000000000022 -0.024500000000000001 0.05873096440111724
-0.0019999999999999983 -0.024500000000000001 0.069790186263906651
-0.0015000000000000013 -0.024500000000000001 0.07991327498832157
-0.00099999999999999742 -0.024500000000000001 0.088082986120548962
-0.00050000000000000044 -0.024500000000000001 0.093400243282761641
0 -0.024500000000000001 0.095246214964540638
0.00050000000000000044 -0.024500000000000001 0.093400243282761641
0.0010000000000000009 -0.024500000000000001 0.088082986120548976
0.0015000000000000013 -0.024500000000000001 0.07991327498832157
0.0020000000000000018 -0.024500000000000001 0.069790186263906415
0.0024999999999999988 -0.024500000000000001 0.058730964401117129
0.0030000000000000027 -0.024500000000000001 0.047704569130654441
0.0034999999999999996 -0.024500000000000001 0.037497523762274977
0.0040000000000000036 -0.024500000000000001 0.028635699794567329
0.0045000000000000005 -0.024500000000000001 0.021368109269785353
0.0049999999999999975 -0.024500000000000001 0.015702791811090099
0.0055000000000000014 -0.024500000000000001 0.011474914669059937
0.0059999999999999984 -0.024500000000000001 0.0084247848667464327
0.0064999999999999988 -0.024500000000000001 0.0062673797443432719
0.0069999999999999993 -0.024500000000000001 0.0047423933915445859
0.0074999999999999997 -0.024500000000000001 0.0036416156831231053
0.0080000000000000002 -0.024500000000000001 0.0028164887431968051
0.0085000000000000006 -0.024500000000000001 0.0021719559744666256
0.0090000000000000011 -0.024500000000000001 0.0016533702488744045
0.0095000000000000015 -0.024500000000000001 0.0012320583651437532
0.010000000000000002 -0.024500000000000001 0.00089312820303895433
0.010500000000000002 -0.024500000000000001 0.00062707380202907371
0.011000000000000003 -0.024500000000000001 0.00042518570030158421
0.011500000000000003 -0.024500000000000001 0.00027788957368986788
0.012000000000000004 -0.024500000000000001 0.00017485450578614461
0.012499999999999997 -0.024500000000000001 0.00010584353894790692
0.013000000000000005 -0.024500000000000001 6.1607200763972688e-05
0.013499999999999998 -0.024500000000000001 3.4471030079932891e-05
0.014000000000000005 -0.024500000000000001 1.8537861800531415e-05
0.014499999999999999 -0.024500000000000001 9.580935281362921e-06
0.014999999999999999 -0.024500000000000001 4.7586355727358001e-06
0.0155 -0.024500000000000001 2.2713513594477635e-06
0.016000000000000007 -0.024500000000000001 1.0419101880884142e-06
0.016500000000000001 -0.024500000000000001 4.5936035989875271e-07
0.017000000000000001 -0.024500000000000001 1.9467348848589853e-07
0.017500000000000002 -0.024500000000000001 7.9317386893484385e-08
0.017999999999999995 -0.024500000000000001 3.1077839133704297e-08
0.018500000000000003 -0.024500000000000001 1.1714227025021912e-08
0.019000000000000003 -0.024500000000000001 4.2499227236155931e-09
0.019500000000000003 -0.024500000000000001 1.4851326957377278e-09
0.019999999999999997 -0.024500000000000001 5.0037659217915799e-10
0.020499999999999997 -0.024500000000000001 1.6276555580677339e-10
0.021000000000000005 -0.024500000000000001 5.1208941296340058e-11
0.021500000000000005 -0.024500000000000001 1.5619581349269385e-11
0.021999999999999999 -0.024500000000000001 4.6325656207444811e-12
0.022499999999999999 -0.024500000000000001 1.3407548062514426e-12
0.023000000000000007 -0.024500000000000001 3.8018084656037706e-13
0.023500000000000007 -0.024500000000000001 1.0605222483090341e-13
0.024 -0.024500000000000001 2.9208902840021051e-14
0.024500000000000001 -0.024500000000000001 7.963038227825641e-15
0.025000000000000001 -0.024500000000000001 2.1508388291564898e-15
-0.025000000000000001 -0.024 8.1280093100705347e-15
-0.024500000000000001 -0.024 2.920890319324213e-14
-0.024 -0.024 1.0389972558731152e-13
-0.0235 -0.024 3.6616688427155912e-13
-0.023 -0.024 1.277355633740392e-12
-0.022500000000000003 -0.024 4.3995727638585626e-12
-0.022000000000000002 -0.024 1.4907261427263669e-11
-0.021500000000000002 -0.024 4.9487820668030737e-11
-0.021000000000000001 -0.024 1.6031508808774993e-10
-0.020500000000000001 -0.024 5.0498571269560837e-10
-0.02 -0.024 1.5421411487127831e-09
-0.0195 -0.024 4.5549854868731495e-09
-0.019 -0.024 1.298924091078008e-08
-0.018500000000000003 -0.024 3.5713155024896214e-08
-0.018000000000000002 -0.024 9.4577923756527609e-08
-0.017500000000000002 -0.024 2.4107732319853183e-07
-0.017000000000000001 -0.024 5.9115869802973186e-07
-0.016500000000000001 -0.024 1.3940354613010013e-06
-0.016 -0.024 3.1604852195319963e-06
-0.0155 -0.024 6.887583298634532e-06
-0.015000000000000001 -0.024 1.4426541526133752e-05
-0.014500000000000001 -0.024 2.9040879171672078e-05
-0.014 -0.024 5.6182060848881826e-05
-0.0135 -0.024 0.00010445588255839339
-0.012999999999999999 -0.024 0.00018665731114451839
-0.012500000000000001 -0.024 0.00032062285409214662
-0.012 -0.024 0.00052952658589435647
-0.0115 -0.024 0.00084120571090480153
-0.010999999999999999 -0.024 0.0012862516928989409
-0.010499999999999999 -0.024 0.0018950484571192232
-0.010000000000000002 -0.024 0.0026947209601314013
-0.0095000000000000015 -0.024 0.0037079768262560176
-0.0090000000000000011 -0.024 0.0049567825495815676
-0.0085000000000000006 -0.024 0.006474213552239377
-0.0080000000000000002 -0.024 0.0083270430494331079
-0.0074999999999999997 -0.024 0.010649166457350857
-0.0069999999999999993 -0.024 0.013681649439284524
-0.0064999999999999988 -0.024 0.017809570273025505
-0.0059999999999999984 -0.024 0.02358031572014406
-0.0054999999999999979 -0.024 0.03168483571095685
-0.005000000000000001 -0.024 0.042885204575045438
-0.0044999999999999971 -0.024 0.057880775614461116
-0.0040000000000000001 -0.024 0.077121548994679323
-0.0035000000000000031 -0.024 0.10059843294684169
-0.0029999999999999992 -0.024 0.12765987904530576
-0.0025000000000000022 -0.024 0.15691474483478532
-0.0019999999999999983 -0.024 0.18627463425380525
-0.0015000000000000013 -0.024 0.21316219304501202
-0.00099999999999999742 -0.024 0.23486904949647885
-0.00050000000000000044 -0.024 0.24900016335340933
0 -0.024 0.25390655343128299
0.00050000000000000044 -0.024 0.24900016335340935
0.0010000000000000009 -0.024 0.23486904949647888
0.0015000000000000013 -0.024 0.21316219304501202
0.0020000000000000018 -0.024 0.18627463425380464
0.0024999999999999988 -0.024 0.15691474483478504
0.0030000000000000027 -0.024 0.12765987904530535
0.0034999999999999996 -0.024 0.10059843294684154
0.0040000000000000036 -0.024 0.077121548994679101
0.0045000000000000005 -0.024 0.057880775614460797
0.0049999999999999975 -0.024 0.042885204575045362
0.0055000000000000014 -0.024 0.031684835710956753
0.0059999999999999984 -0.024 0.023580315720144015
0.0064999999999999988 -0.024 0.017809570273025457
0.0069999999999999993 -0.024 0.01368164943928451
0.0074999999999999997 -0.024 0.010649166457350801
0.0080000000000000002 -0.024 0.0083270430494330576
0.0085000000000000006 -0.024 0.0064742135522393024
0.0090000000000000011 -0.024 0.0049567825495814531
0.0095000000000000015 -0.024 0.0037079768262558719
0.010000000000000002 -0.024 0.0026947209601312209
0.010500000000000002 -0.024 0.0018950484571190159
0.011000000000000003 -0.024 0.0012862516928987076
0.011500000000000003 -0.024 0.00084120571090455889
0.012000000000000004 -0.024 0.00052952658589410894
0.012499999999999997 -0.024 0.00032062285409190512
0.013000000000000005 -0.024 0.00018665731114428854
0.013499999999999998 -0.024 0.00010445588255818699
0.014000000000000005 -0.024 5.6182060848701673e-05
0.014499999999999999 -0.024 2.9040879171522042e-05
0.014999999999999999 -0.024 1.4426541526013261e-05
0.0155 -0.024 6.8875832985416269e-06
0.016000000000000007 -0.024 3.1604852194631258e-06
0.016500000000000001 -0.024 1.3940354612520081e-06
0.017000000000000001 -0.024 5.9115869799623065e-07
0.017500000000000002 -0.024 2.4107732317651914e-07
0.017999999999999995 -0.024 9.4577923742632537e-08
0.018500000000000003 -0.024 3.5713155016467899e-08
0.019000000000000003 -0.024 1.2989240905868427e-08
0.019500000000000003 -0.024 4.554985484123152e-09
0.019999999999999997 -0.024 1.5421411472334731e-09
0.020499999999999997 -0.024 5.0498571193102114e-10
0.021000000000000005 -0.024 1.6031508770806509e-10
0.021500000000000005 -0.024 4.9487820486877989e-11
0.021999999999999999 -0.024 1.4907261344222399e-11
0.022499999999999999 -0.024 4.399572727284552e-12
0.023000000000000007 -0.024 1.2773556182636168e-12
0.023500000000000007 -0.024 3.6616687797917449e-13
0.024 -0.024 1.0389972312933372e-13
0.024500000000000001 -0.024 2.9208902270735818e-14
0.025000000000000001 -0.024 8.128008977419413e-15
-0.025000000000000001 -0.0235 3.0326787940520771e-14
-0.024500000000000001 -0.0235 1.0605222573514392e-13
-0.024 -0.0235 3.6616688427155563e-13
-0.0235 -0.0235 1.2514296406388112e-12
-0.023 -0.0235 4.2373986581971948e-12
-0.022500000000000003 -0.0235 1.4202353383638472e-11
-0.022000000000000002 -0.0235 4.6998849153067375e-11
-0.021500000000000002 -0.0235 1.5300401489343992e-10
-0.021000000000000001 -0.0235 4.8801317008647389e-10
-0.020500000000000001 -0.0235 1.5189234541519483e-09
-0.02 -0.0235 4.5969406197162054e-09
-0.0195 -0.0235 1.3487836699686191e-08
-0.019 -0.0235 3.8276624907532155e-08
-0.018500000000000003 -0.0235 1.0487187381366761e-07
-0.018000000000000002 -0.0235 2.7703353199651646e-07
-0.017500000000000002 -0.0235 7.0489293571401258e-07
-0.017000000000000001 -0.0235 1.7263134309306428e-06
-0.016500000000000001 -0.0235 4.0672261427852503e-06
-0.016 -0.0235 9.2151134933161421e-06
-0.0155 -0.0235 2.0073170837808807e-05
-0.015000000000000001 -0.0235 4.2030913252452424e-05
-0.014500000000000001 -0.0235 8.4588444378183716e-05
-0.014 -0.0235 0.00016361265167984289
-0.0135 -0.0235 0.00030414566145271896
-0.012999999999999999 -0.0235 0.00054340495061318923
-0.012500000000000001 -0.0235 0.00093323414932392878
-0.012 -0.0235 0.0015408935689470676
-0.0115 -0.0235 0.0024469393749060658
-0.010999999999999999 -0.0235 0.0037393371723977074
-0.010499999999999999 -0.0235 0.0055041883761096392
-0.010000000000000002 -0.0235 0.007815632780969934
-0.0095000000000000015 -0.0235 0.010730350685181739
-0.0090000000000000011 -0.0235 0.014294789144243
-0.0085000000000000006 -0.0235 0.01857439474140745
-0.0080000000000000002 -0.0235 0.023712083860016137
-0.0074999999999999997 -0.0235 0.030016536665278842
-0.0069999999999999993 -0.0235 0.038069334252683065
-0.0064999999999999988 -0.0235 0.048824980058583205
-0.0059999999999999984 -0.0235 0.06366328850280846
-0.0054999999999999979 -0.0235 0.084345439905614286
-0.005000000000000001 -0.0235 0.11283002769840712
-0.0044999999999999971 -0.0235 0.1509289642044446
-0.0040000000000000001 -0.0235 0.199825714454821
-0.0035000000000000031 -0.0235 0.25953289881453834
-0.0029999999999999992 -0.0235 0.32841730712107342
-0.0025000000000000022 -0.0235 0.4029468095980096
-0.0019999999999999983 -0.0235 0.47779628997552681
-0.0015000000000000013 -0.0235 0.54638056904648513
-0.00099999999999999742 -0.0235 0.60177218026945178
-0.00050000000000000044 -0.0235 0.6378413481462567
0 -0.0235 0.65036632803706595
0.00050000000000000044 -0.0235 0.6378413481462567
0.0010000000000000009 -0.0235 0.60177218026945178
0.0015000000000000013 -0.0235 0.54638056904648524
0.0020000000000000018 -0.0235 0.47779628997552603
0.0024999999999999988 -0.0235 0.40294680959800899
0.0030000000000000027 -0.0235 0.32841730712107242
0.0034999999999999996 -0.0235 0.25953289881453839
0.0040000000000000036 -0.0235 0.19982571445482011
0.0045000000000000005 -0.0235 0.15092896420444379
0.0049999999999999975 -0.0235 0.11283002769840692
0.0055000000000000014 -0.0235 0.084345439905613814
0.0059999999999999984 -0.0235 0.063663288502808335
0.0064999999999999988 -0.0235 0.048824980058582997
0.0069999999999999993 -0.0235 0.038069334252682913
0.0074999999999999997 -0.0235 0.030016536665278502
0.0080000000000000002 -0.0235 0.023712083860015734
0.0085000000000000006 -0.0235 0.018574394741406881
0.0090000000000000011 -0.0235 0.014294789144242214
0.0095000000000000015 -0.0235 0.01073035068518075
0.010000000000000002 -0.0235 0.007815632780968744
0.010500000000000002 -0.0235 0.0055041883761082558
0.011000000000000003 -0.0235 0.0037393371723961726
0.011500000000000003 -0.0235 0.0024469393749044434
0.012000000000000004 -0.0235 0.0015408935689454125
0.012499999999999997 -0.0235 0.00093323414932230985
0.013000000000000005 -0.0235 0.00054340495061165953
0.013499999999999998 -0.0235 0.00030414566145133763
0.014000000000000005 -0.0235 0.00016361265167863989
0.014499999999999999 -0.0235 8.4588444377180178e-05
0.014999999999999999 -0.0235 4.2030913251646834e-05
0.0155 -0.0235 2.007317083718765e-05
0.016000000000000007 -0.0235 9.2151134928558475e-06
0.016500000000000001 -0.0235 4.0672261424577044e-06
0.017000000000000001 -0.0235 1.726313430706657e-06
0.017500000000000002 -0.0235 7.0489293556684081e-07
0.017999999999999995 -0.0235 2.7703353190361293e-07
0.018500000000000003 -0.0235 1.0487187375731719e-07
0.019000000000000003 -0.0235 3.8276624874693865e-08
0.019500000000000003 -0.0235 1.3487836681300122e-08
0.019999999999999997 -0.0235 4.5969406098256523e-09
0.020499999999999997 -0.0235 1.5189234490399914e-09
0.021000000000000005 -0.0235 4.880131675479423e-10
0.021500000000000005 -0.0235 1.5300401368227307e-10
0.021999999999999999 -0.0235 4.6998848597861926e-11
0.022499999999999999 -0.0235 1.4202353139108367e-11
0.023000000000000007 -0.0235 4.237398554721192e-12
0.023500000000000007 -0.0235 1.251429598568626e-12
0.024 -0.0235 3.6616686783777746e-13
0.024500000000000001 -0.0235 1.0605221956736408e-13
0.025000000000000001 -0.0235 3.0326785716450643e-14
-0.025000000000000001 -0.023 1.1131592824506648e-13
-0.024500000000000001 -0.023 3.8018084878445273e-13
-0.024 -0.023 1.277355633740389e-12
-0.0235 -0.023 4.2373986581971714e-12
-0.023 -0.023 1.3914093550511921e-11
-0.022500000000000003 -0.023 4.5266407741848049e-11
-0.022000000000000002 -0.023 1.4576902539874172e-10
-0.021500000000000002 -0.023 4.6346868525684924e-10
-0.021000000000000001 -0.023 1.4496536327940801e-09
-0.020500000000000001 -0.023 4.4424365349915088e-09
-0.02 -0.023 1.3284765048002059e-08
-0.0195 -0.023 3.862915737150228e-08
-0.019 -0.023 1.088972905414345e-07
-0.018500000000000003 -0.023 2.9691830953471554e-07
-0.018000000000000002 -0.023 7.8161188647855644e-07
-0.017500000000000002 -0.023 1.9837804277358762e-06
-0.017000000000000001 -0.023 4.8496915904439881e-06
-0.016500000000000001 -0.023 1.1411460425017943e-05
-0.016 -0.023 2.5831640922737406e-05
-0.0155 -0.023 5.6232688778822524e-05
-0.015000000000000001 -0.023 0.0001176907941753473
-0.014500000000000001 -0.023 0.000236777229258701
-0.014 -0.023 0.00045786434730543392
-0.0135 -0.023 0.00085096881266798143
-0.012999999999999999 -0.023 0.0015201122258255834
-0.012500000000000001 -0.023 0.0026101008929059768
-0.012 -0.023 0.0043085618760979024
-0.0115 -0.023 0.0068396240604722946
-0.010999999999999999 -0.023 0.010446643885219247
-0.010499999999999999 -0.023 0.015364664946798201
-0.010000000000000002 -0.023 0.021789188797212002
-0.0095000000000000015 -0.023 0.029855568663080381
-0.0090000000000000011 -0.023 0.039650671919266856
-0.0085000000000000006 -0.023 0.051281695074988462
-0.0080000000000000002 -0.023 0.065021776160559361
-0.0074999999999999997 -0.023 0.081534793488539051
-0.0069999999999999993 -0.023 0.10215178886573861
-0.0064999999999999988 -0.023 0.12913294006259121
-0.0059999999999999984 -0.023 0.16581194476033356
-0.0054999999999999979 -0.023 0.21649924100333584
-0.005000000000000001 -0.023 0.28603372184373921
-0.0044999999999999971 -0.023 0.3789323376503792
-0.0040000000000000001 -0.023 0.4981939778376035
-0.0035000000000000031 -0.023 0.64395008825192579
-0.0029999999999999992 -0.023 0.812280798601975
-0.0025000000000000022 -0.023 0.99458006240247521
-0.0019999999999999983 -0.023 1.1778093360993815
-0.0015000000000000013 -0.023 1.3458074956490298
-0.00099999999999999742 -0.023 1.4815522672134498
-0.00050000000000000044 -0.023 1.5699709841829717
0 -0.023 1.6006787576785348
0.00050000000000000044 -0.023 1.5699709841829688
0.0010000000000000009 -0.023 1.4815522672134471
0.0015000000000000013 -0.023 1.34580749564903
0.0020000000000000018 -0.023 1.1778093360993793
0.0024999999999999988 -0.023 0.99458006240247376
0.0030000000000000027 -0.023 0.81228079860197255
0.0034999999999999996 -0.023 0.6439500882519249
0.0040000000000000036 -0.023 0.49819397783760222
0.0045000000000000005 -0.023 0.37893233765037726
0.0049999999999999975 -0.023 0.28603372184373888
0.0055000000000000014 -0.023 0.21649924100333487
0.0059999999999999984 -0.023 0.16581194476033292
0.0064999999999999988 -0.023 0.12913294006259027
0.0069999999999999993 -0.023 0.10215178886573727
0.0074999999999999997 -0.023 0.081534793488536941
0.0080000000000000002 -0.023 0.065021776160556571
0.0085000000000000006 -0.023 0.051281695074984701
0.0090000000000000011 -0.023 0.039650671919261804
0.0095000000000000015 -0.023 0.029855568663074025
0.010000000000000002 -0.023 0.021789188797204359
0.010500000000000002 -0.023 0.015364664946789317
0.011000000000000003 -0.023 0.010446643885209413
0.011500000000000003 -0.023 0.0068396240604618724
0.012000000000000004 -0.023 0.0043085618760872703
0.012499999999999997 -0.023 0.0026101008928955741
0.013000000000000005 -0.023 0.0015201122258157583
0.013499999999999998 -0.023 0.0008509688126591042
0.014000000000000005 -0.023 0.00045786434729771223
0.014499999999999999 -0.023 0.00023677722925225349
0.014999999999999999 -0.023 0.00011769079417017237
0.0155 -0.023 5.6232688774832376e-05
0.016000000000000007 -0.023 2.5831640919781159e-05
0.016500000000000001 -0.023 1.1411460422913928e-05
0.017000000000000001 -0.023 4.8496915890051282e-06
0.017500000000000002 -0.023 1.9837804267904997e-06
0.017999999999999995 -0.023 7.8161188588176668e-07
0.018500000000000003 -0.023 2.9691830917273648e-07
0.019000000000000003 -0.023 1.0889729033049131e-07
0.019500000000000003 -0.023 3.8629157253395778e-08
0.019999999999999997 -0.023 1.3284764984467544e-08
0.020499999999999997 -0.023 4.4424365021536304e-09
0.021000000000000005 -0.023 1.4496536164872494e-09
0.021500000000000005 -0.023 4.6346867747663107e-10
0.021999999999999999 -0.023 1.4576902183224637e-10
0.022499999999999999 -0.023 4.5266406171050613e-11
0.023000000000000007 -0.023 1.3914092885809616e-11
0.023500000000000007 -0.023 4.2373983879494078e-12
0.024 -0.023 1.2773555281741083e-12
0.024500000000000001 -0.023 3.8018080916425899e-13
0.025000000000000001 -0.023 1.1131591395822424e-13
-0.025000000000000001 -0.022500000000000003 4.0031447273371616e-13
-0.024500000000000001 -0.022500000000000003 1.3407548115072515e-12
-0.024 -0.022500000000000003 4.3995727638585319e-12
-0.0235 -0.022500000000000003 1.4202353383638405e-11
-0.023 -0.022500000000000003 4.5266407741847616e-11
-0.022500000000000003 -0.022500000000000003 1.4281040387993706e-10
-0.022000000000000002 -0.022500000000000003 4.4638458184217687e-10
-0.021500000000000002 -0.022500000000000003 1.3811048090389223e-09
-0.021000000000000001 -0.022500000000000003 4.2190048707066232e-09
-0.020500000000000001 -0.022500000000000003 1.2678916444009417e-08
-0.02 -0.022500000000000003 3.7330809912548928e-08
-0.0195 -0.022500000000000003 1.0725767820897316e-07
-0.019 -0.022500000000000003 2.9965267208417545e-07
-0.018500000000000003 -0.022500000000000003 8.1161210917856384e-07
-0.018000000000000002 -0.022500000000000003 2.1261658443819867e-06
-0.017500000000000002 -0.022500000000000003 5.3774989601029783e-06
-0.017000000000000001 -0.022500000000000003 1.311330915984589e-05
-0.016500000000000001 -0.022500000000000003 3.0800881380692615e-05
-0.016 -0.022500000000000003 6.9634085454468308e-05
-0.0155 -0.022500000000000003 0.00015144898587195123
-0.015000000000000001 -0.022500000000000003 0.00031676730437141482
-0.014500000000000001 -0.022500000000000003 0.00063699585610440537
-0.014 -0.022500000000000003 0.0012313613914106739
-0.0135 -0.022500000000000003 0.002287958993958528
-0.012999999999999999 -0.022500000000000003 0.0040861470592724273
-0.012500000000000001 -0.022500000000000003 0.0070145894317647558
-0.012 -0.022500000000000003 0.011576313960601266
-0.0115 -0.022500000000000003 0.018370818046182038
-0.010999999999999999 -0.022500000000000003 0.02804573410258691
-0.010499999999999999 -0.022500000000000003 0.041219034428433568
-0.010000000000000002 -0.022500000000000003 0.058388050245895357
-0.0095000000000000015 -0.022500000000000003 0.079861738894917753
-0.0090000000000000011 -0.022500000000000003 0.10577181984018033
-0.0085000000000000006 -0.022500000000000003 0.13622710073085781
-0.0080000000000000002 -0.022500000000000003 0.17166241534113344
-0.0074999999999999997 -0.022500000000000003 0.21339036476032483
-0.0069999999999999993 -0.022500000000000003 0.26428923969890789
-0.0064999999999999988 -0.022500000000000003 0.32946499389768674
-0.0059999999999999984 -0.022500000000000003 0.41663417976967726
-0.0054999999999999979 -0.022500000000000003 0.53592563316287689
-0.005000000000000001 -0.022500000000000003 0.6988322984613653
-0.0044999999999999971 -0.022500000000000003 0.91619068499242451
-0.0040000000000000001 -0.022500000000000003 1.1953242428970434
-0.0035000000000000031 -0.022500000000000003 1.5368134358833121
-0.0029999999999999992 -0.022500000000000003 1.9316561463794606
-0.0025000000000000022 -0.022500000000000003 2.3597341780856311
-0.0019999999999999983 -0.022500000000000003 2.7903942657450154
-0.0015000000000000013 -0.022500000000000003 3.1855412968195798
-0.00099999999999999742 -0.022500000000000003 3.5049933655380396
-0.00050000000000000044 -0.022500000000000003 3.7131424867838736
0 -0.022500000000000003 3.7854446164560853
0.00050000000000000044 -0.022500000000000003 3.7131424867838736
0.0010000000000000009 -0.022500000000000003 3.5049933655380396
0.0015000000000000013 -0.022500000000000003 3.1855412968195744
0.0020000000000000018 -0.022500000000000003 2.7903942657450109
0.0024999999999999988 -0.022500000000000003 2.3597341780856311
0.0030000000000000027 -0.022500000000000003 1.9316561463794517
0.0034999999999999996 -0.022500000000000003 1.5368134358833128
0.0040000000000000036 -0.022500000000000003 1.1953242428970363
0.0045000000000000005 -0.022500000000000003 0.9161906849924194
0.0049999999999999975 -0.022500000000000003 0.69883229846136408
0.0055000000000000014 -0.022500000000000003 0.53592563316287312
0.0059999999999999984 -0.022500000000000003 0.41663417976967354
0.0064999999999999988 -0.022500000000000003 0.32946499389768091
0.0069999999999999993 -0.022500000000000003 0.2642892396988995
0.0074999999999999997 -0.022500000000000003 0.21339036476031187
0.0080000000000000002 -0.022500000000000003 0.17166241534111562
0.0085000000000000006 -0.022500000000000003 0.13622710073083358
0.0090000000000000011 -0.022500000000000003 0.10577181984014854
0.0095000000000000015 -0.022500000000000003 0.079861738894878062
0.010000000000000002 -0.022500000000000003 0.058388050245847797
0.010500000000000002 -0.022500000000000003 0.041219034428378758
0.011000000000000003 -0.022500000000000003 0.028045734102526289
0.011500000000000003 -0.022500000000000003 0.018370818046117721
0.012000000000000004 -0.022500000000000003 0.011576313960535651
0.012499999999999997 -0.022500000000000003 0.0070145894317004756
0.013000000000000005 -0.022500000000000003 0.0040861470592118265
0.013499999999999998 -0.022500000000000003 0.0022879589939037285
0.014000000000000005 -0.022500000000000003 0.0012313613913630176
0.014499999999999999 -0.022500000000000003 0.00063699585606460918
0.014999999999999999 -0.022500000000000003 0.00031676730433947579
0.0155 -0.022500000000000003 0.00015144898584732461
0.016000000000000007 -0.022500000000000003 6.9634085436223476e-05
0.016500000000000001 -0.022500000000000003 3.0800881367707085e-05
0.017000000000000001 -0.022500000000000003 1.3113309150965657e-05
0.017500000000000002 -0.022500000000000003 5.3774989542682308e-06
0.017999999999999995 -0.022500000000000003 2.1261658406986322e-06
0.018500000000000003 -0.022500000000000003 8.1161210694448437e-07
0.019000000000000003 -0.022500000000000003 2.9965267078226808e-07
0.019500000000000003 -0.022500000000000003 1.0725767748003792e-07
0.019999999999999997 -0.022500000000000003 3.7330809520423098e-08
0.020499999999999997 -0.022500000000000003 1.2678916241338562e-08
0.021000000000000005 -0.022500000000000003 4.2190047700631742e-09
0.021500000000000005 -0.022500000000000003 1.3811047610205463e-09
0.021999999999999999 -0.022500000000000003 4.4638455983027139e-10
0.022499999999999999 -0.022500000000000003 1.4281039418519633e-10
0.023000000000000007 -0.022500000000000003 4.5266403639399906e-11
0.023500000000000007 -0.022500000000000003 1.4202351715707695e-11
0.024 -0.022500000000000003 4.3995721123184472e-12
0.024500000000000001 -0.022500000000000003 1.3407545669770197e-12
0.025000000000000001 -0.022500000000000003 4.0031438455735258e-13
-0.025000000000000001 -0.022000000000000002 1.4048205524132901e-12
-0.024500000000000001 -0.022000000000000002 4.6325656326777376e-12
-0.024 -0.022000000000000002 1.4907261427263433e-11
-0.0235 -0.022000000000000002 4.6998849153066716e-11
-0.023 -0.022000000000000002 1.457690253987403e-10
-0.022500000000000003 -0.022000000000000002 4.4638458184217651e-10
-0.022000000000000002 -0.022000000000000002 1.3530729894371591e-09
-0.021500000000000002 -0.022000000000000002 4.0634862196612428e-09
-0.021000000000000001 -0.022000000000000002 1.2079375473845089e-08
-0.020500000000000001 -0.022000000000000002 3.5453255734414721e-08
-0.02 -0.022000000000000002 1.0236618399442415e-07
-0.0195 -0.022000000000000002 2.895810267190704e-07
-0.019 -0.022000000000000002 7.9939138566786209e-07
-0.018500000000000003 -0.022000000000000002 2.1457430347834514e-06
-0.018000000000000002 -0.022000000000000002 5.5838883532112674e-06
-0.017500000000000002 -0.022000000000000002 1.4054463345978298e-05
-0.017000000000000001 -0.022000000000000002 3.4152840052585986e-05
-0.016500000000000001 -0.022000000000000002 8.0018214342093491e-05
-0.016 -0.022000000000000002 0.0001805805240130072
-0.0155 -0.022000000000000002 0.00039224977067964787
-0.015000000000000001 -0.022000000000000002 0.00081967791986682268
-0.014500000000000001 -0.022000000000000002 0.0016472445812732491
-0.014 -0.022000000000000002 0.0031827535949481038
-0.0135 -0.022000000000000002 0.0059117112465629246
-0.012999999999999999 -0.022000000000000002 0.010554982824952458
-0.012500000000000001 -0.022000000000000002 0.018114974615395095
-0.012 -0.022000000000000002 0.029887759774862122
-0.0115 -0.022000000000000002 0.047414805954663429
-0.010999999999999999 -0.022000000000000002 0.072353839233970901
-0.010499999999999999 -0.022000000000000002 0.10626939063713932
-0.010000000000000002 -0.022000000000000002 0.15038186435211767
-0.0095000000000000015 -0.022000000000000002 0.20536459705175222
-0.0090000000000000011 -0.022000000000000002 0.27132673155436576
-0.0085000000000000006 -0.022000000000000002 0.34814219186250717
-0.0080000000000000002 -0.022000000000000002 0.43625441884970773
-0.0074999999999999997 -0.022000000000000002 0.53798204026727092
-0.0069999999999999993 -0.022000000000000002 0.65917036649298411
-0.0064999999999999988 -0.022000000000000002 0.81080514613093735
-0.0059999999999999984 -0.022000000000000002 1.009989780706207
-0.0054999999999999979 -0.022000000000000002 1.2795735228169314
-0.005000000000000001 -0.022000000000000002 1.6458005055281559
-0.0044999999999999971 -0.022000000000000002 2.1336939116250626
-0.0040000000000000001 -0.022000000000000002 2.7604925361802537
-0.0035000000000000031 -0.022000000000000002 3.5282110638415536
-0.0029999999999999992 -0.022000000000000002 4.4170845436820301
-0.0025000000000000022 -0.022000000000000002 5.3820008027343729
-0.0019999999999999983 -0.022000000000000002 6.3537719243364119
-0.0015000000000000013 -0.022000000000000002 7.24615141226107
-0.00099999999999999742 -0.022000000000000002 7.9680210621823724
-0.00050000000000000044 -0.022000000000000002 8.4385617343416772
0 -0.022000000000000002 8.6020387358759329
0.00050000000000000044 -0.022000000000000002 8.4385617343416772
0.0010000000000000009 -0.022000000000000002 7.9680210621823733
0.0015000000000000013 -0.022000000000000002 7.2461514122610584
0.0020000000000000018 -0.022000000000000002 6.3537719243364013
0.0024999999999999988 -0.022000000000000002 5.3820008027343738
0.0030000000000000027 -0.022000000000000002 4.4170845436820088
0.0034999999999999996 -0.022000000000000002 3.528211063841554
0.0040000000000000036 -0.022000000000000002 2.7604925361802408
0.0045000000000000005 -0.022000000000000002 2.1336939116250488
0.0049999999999999975 -0.022000000000000002 1.6458005055281486
0.0055000000000000014 -0.022000000000000002 1.2795735228169143
0.0059999999999999984 -0.022000000000000002 1.0099897807061853
0.0064999999999999988 -0.022000000000000002 0.81080514613090293
0.0069999999999999993 -0.022000000000000002 0.65917036649293292
0.0074999999999999997 -0.022000000000000002 0.53798204026719421
0.0080000000000000002 -0.022000000000000002 0.43625441884960064
0.0085000000000000006 -0.022000000000000002 0.34814219186236217
0.0090000000000000011 -0.022000000000000002 0.27132673155417675
0.0095000000000000015 -0.022000000000000002 0.20536459705151655
0.010000000000000002 -0.022000000000000002 0.1503818643518354
0.010500000000000002 -0.022000000000000002 0.1062693906368143
0.011000000000000003 -0.022000000000000002 0.072353839233611592
0.011500000000000003 -0.022000000000000002 0.047414805954281943
0.012000000000000004 -0.022000000000000002 0.029887759774472916
0.012499999999999997 -0.022000000000000002 0.018114974615013796
0.013000000000000005 -0.022000000000000002 0.010554982824593238
0.013499999999999998 -0.022000000000000002 0.0059117112462379242
0.014000000000000005 -0.022000000000000002 0.0031827535946655329
0.014499999999999999 -0.022000000000000002 0.0016472445810372502
0.014999999999999999 -0.022000000000000002 0.00081967791967742904
0.0155 -0.022000000000000002 0.0003922497705336156
0.016000000000000007 -0.022000000000000002 0.00018058052390482191
0.016500000000000001 -0.022000000000000002 8.0018214265091758e-05
0.017000000000000001 -0.022000000000000002 3.4152839999927357e-05
0.017500000000000002 -0.022000000000000002 1.4054463311379138e-05
0.017999999999999995 -0.022000000000000002 5.5838883313694725e-06
0.018500000000000003 -0.022000000000000002 2.1457430215356748e-06
0.019000000000000003 -0.022000000000000002 7.9939137794775012e-07
0.019500000000000003 -0.022000000000000002 2.895810223965924e-07
0.019999999999999997 -0.022000000000000002 1.0236618166917322e-07
0.020499999999999997 -0.022000000000000002 3.5453254532605663e-08
0.021000000000000005 -0.022000000000000002 1.2079374877044117e-08
0.021500000000000005 -0.022000000000000002 4.0634859349191772e-09
0.021999999999999999 -0.022000000000000002 1.3530728589097159e-09
0.022499999999999999 -0.022000000000000002 4.4638452435375259e-10
0.023000000000000007 -0.022000000000000002 1.4576900107181573e-10
0.023500000000000007 -0.022000000000000002 4.6998839262477677e-11
0.024 -0.022000000000000002 1.4907257563724201e-11
0.024500000000000001 -0.022000000000000002 4.6325641826486118e-12
0.025000000000000001 -0.022000000000000002 1.4048200295401103e-12
-0.025000000000000001 -0.021500000000000002 4.793679494498059e-12
-0.024500000000000001 -0.021500000000000002 1.5619581375301622e-11
-0.024 -0.021500000000000002 4.9487820668030491e-11
-0.0235 -0.021500000000000002 1.530040148934386e-10
-0.023 -0.021500000000000002 4.6346868525684479e-10
-0.022500000000000003 -0.021500000000000002 1.3811048090389206e-09
-0.022000000000000002 -0.021500000000000002 4.0634862196612428e-09
-0.021500000000000002 -0.021500000000000002 1.1834204060711081e-08
-0.021000000000000001 -0.021500000000000002 3.4146394389647345e-08
-0.020500000000000001 -0.021500000000000002 9.7525635050705929e-08
-0.02 -0.021500000000000002 2.7501646533873803e-07
-0.0195 -0.021500000000000002 7.6293473519360975e-07
-0.019 -0.021500000000000002 2.0736207755704013e-06
-0.018500000000000003 -0.021500000000000002 5.4998031354842372e-06
-0.018000000000000002 -0.021500000000000002 1.4183845341624421e-05
-0.017500000000000002 -0.021500000000000002 3.5463519561940945e-05
-0.017000000000000001 -0.021500000000000002 8.5760754426923404e-05
-0.016500000000000001 -0.021500000000000002 0.00020023084870450096
-0.016 -0.021500000000000002 0.00045073767760843263
-0.0155 -0.021500000000000002 0.00097732359456065157
-0.015000000000000001 -0.021500000000000002 0.0020396951659642257
-0.014500000000000001 -0.021500000000000002 0.0040952945400311224
-0.014 -0.021500000000000002 0.0079076272495787713
-0.0135 -0.021500000000000002 0.014680755104056776
-0.012999999999999999 -0.021500000000000002 0.026201958648501056
-0.012500000000000001 -0.021500000000000002 0.044955426362612662
-0.012 -0.021500000000000002 0.074150304665057037
-0.0115 -0.021500000000000002 0.11759644828284853
-0.010999999999999999 -0.021500000000000002 0.17937462472981744
-0.010499999999999999 -0.021500000000000002 0.26329819788324227
-0.010000000000000002 -0.021500000000000002 0.37225569387372087
-0.0095000000000000015 -0.021500000000000002 0.50764615595813911
-0.0090000000000000011 -0.021500000000000002 0.66923656461168368
-0.0085000000000000006 -0.021500000000000002 0.85582632734372199
-0.0080000000000000002 -0.021500000000000002 1.0670337083412023
-0.0074999999999999997 -0.021500000000000002 1.3062754310501286
-0.0069999999999999993 -0.021500000000000002 1.584591559614891
-0.0064999999999999988 -0.021500000000000002 1.9244405954072394
-0.0059999999999999984 -0.021500000000000002 2.3620985782500781
-0.0054999999999999979 -0.021500000000000002 2.9470426962467609
-0.005000000000000001 -0.021500000000000002 3.736894439735031
-0.0044999999999999971 -0.021500000000000002 4.787280376047983
-0.0040000000000000001 -0.021500000000000002 6.1373220009277469
-0.0035000000000000031 -0.021500000000000002 7.7931427928429997
-0.0029999999999999992 -0.021500000000000002 9.7132990260683947
-0.0025000000000000022 -0.021500000000000002 11.800784369511168
-0.0019999999999999983 -0.021500000000000002 13.905685232853022
-0.0015000000000000013 -0.021500000000000002 15.84047364122098
-0.00099999999999999742 -0.021500000000000002 17.406662571825958
-0.00050000000000000044 -0.021500000000000002 18.428018719371888
0 -0.021500000000000002 18.782939925164584
0.00050000000000000044 -0.021500000000000002 18.428018719371874
0.0010000000000000009 -0.021500000000000002 17.40666257182594
0.0015000000000000013 -0.021500000000000002 15.840473641220965
0.0020000000000000018 -0.021500000000000002 13.905685232852999
0.0024999999999999988 -0.021500000000000002 11.800784369511168
0.0030000000000000027 -0.021500000000000002 9.7132990260683556
0.0034999999999999996 -0.021500000000000002 7.7931427928429819
0.0040000000000000036 -0.021500000000000002 6.1373220009277096
0.0045000000000000005 -0.021500000000000002 4.7872803760479421
0.0049999999999999975 -0.021500000000000002 3.7368944397349915
0.0055000000000000014 -0.021500000000000002 2.9470426962466729
0.0059999999999999984 -0.021500000000000002 2.3620985782499546
0.0064999999999999988 -0.021500000000000002 1.92444059540704
0.0069999999999999993 -0.021500000000000002 1.5845915596145927
0.0074999999999999997 -0.021500000000000002 1.3062754310496887
0.0080000000000000002 -0.021500000000000002 1.067033708340587
0.0085000000000000006 -0.021500000000000002 0.8558263273428911
0.0090000000000000011 -0.021500000000000002 0.66923656461060455
0.0095000000000000015 -0.021500000000000002 0.50764615595679441
0.010000000000000002 -0.021500000000000002 0.3722556938721111
0.010500000000000002 -0.021500000000000002 0.26329819788139014
0.011000000000000003 -0.021500000000000002 0.1793746247277701
0.011500000000000003 -0.021500000000000002 0.11759644828067517
0.012000000000000004 -0.021500000000000002 0.074150304662839964
0.012499999999999997 -0.021500000000000002 0.044955426360439907
0.013000000000000005 -0.021500000000000002 0.026201958646454446
0.013499999999999998 -0.021500000000000002 0.014680755102205135
0.014000000000000005 -0.021500000000000002 0.0079076272479689479
0.014499999999999999 -0.021500000000000002 0.0040952945386865539
0.014999999999999999 -0.021500000000000002 0.0020396951648851847
0.0155 -0.021500000000000002 0.00097732359372865521
0.016000000000000007 -0.021500000000000002 0.00045073767699206976
0.016500000000000001 -0.021500000000000002 0.00020023084826579479
0.017000000000000001 -0.021500000000000002 8.5760754126909688e-05
0.017500000000000002 -0.021500000000000002 3.5463519364817763e-05
0.017999999999999995 -0.021500000000000002 1.418384521718399e-05
0.018500000000000003 -0.021500000000000002 5.4998030600071972e-06
0.019000000000000003 -0.021500000000000002 2.0736207315862707e-06
0.019500000000000003 -0.021500000000000002 7.6293471056696929e-07
0.019999999999999997 -0.021500000000000002 2.7501645209098153e-07
0.020499999999999997 -0.021500000000000002 9.752562820358459e-08
0.021000000000000005 -0.021500000000000002 3.4146390989466916e-08
0.021500000000000005 -0.021500000000000002 1.1834202438437742e-08
0.021999999999999999 -0.021500000000000002 4.0634854760014711e-09
0.022499999999999999 -0.021500000000000002 1.3811044815076161e-09
0.023000000000000007 -0.021500000000000002 4.6346854665800354e-10
0.023500000000000007 -0.021500000000000002 1.5300395854335541e-10
0.024 -0.021500000000000002 4.9487798656120105e-11
0.024500000000000001 -0.021500000000000002 1.561957311398742e-11
0.025000000000000001 -0.021500000000000002 4.7936765155099207e-12
-0.025000000000000001 -0.021000000000000001 1.5858328388203107e-11
-0.024500000000000001 -0.021000000000000001 5.120894135090219e-11
-0.024 -0.021000000000000001 1.6031508808774921e-10
-0.0235 -0.021000000000000001 4.8801317008646903e-10
-0.023 -0.021000000000000001 1.449653632794076e-09
-0.022500000000000003 -0.021000000000000001 4.219004870706595e-09
-0.022000000000000002 -0.021000000000000001 1.2079375473845132e-08
-0.021500000000000002 -0.021000000000000001 3.4146394389647193e-08
-0.021000000000000001 -0.021000000000000001 9.5546182358394965e-08
-0.020500000000000001 -0.021000000000000001 2.6487890589658525e-07
-0.02 -0.021000000000000001 7.2685798211087547e-07
-0.0195 -0.021000000000000001 1.9693266549392162e-06
-0.019 -0.021000000000000001 5.2489784137141347e-06
-0.018500000000000003 -0.021000000000000001 1.3707086373881622e-05
-0.018000000000000002 -0.021000000000000001 3.492943033271486e-05
-0.017500000000000002 -0.021000000000000001 8.6550005278805011e-05
-0.017000000000000001 -0.021000000000000001 0.00020791414513345619
-0.016500000000000001 -0.021000000000000001 0.00048308152815326375
-0.016 -0.021000000000000001 0.0010836607566634105
-0.0155 -0.021000000000000001 0.0023437871447927394
-0.015000000000000001 -0.021000000000000001 0.0048827776076399232
-0.014500000000000001 -0.021000000000000001 0.0097911073833642503
-0.014 -0.021000000000000001 0.018888423243776147
-0.0135 -0.021000000000000001 0.035043744967865192
-0.012999999999999999 -0.021000000000000001 0.062514708362414059
-0.012500000000000001 -0.021000000000000001 0.10721670799461289
-0.012 -0.021000000000000001 0.17678552681075604
-0.0115 -0.021000000000000001 0.2802718165134343
-0.010999999999999999 -0.021000000000000001 0.42733531649475076
-0.010499999999999999 -0.021000000000000001 0.62692262856696634
-0.010000000000000002 -0.021000000000000001 0.88562706026012172
-0.0095000000000000015 -0.021000000000000001 1.2062145458592786
-0.0090000000000000011 -0.021000000000000001 1.5870739952807549
-0.0085000000000000006 -0.021000000000000001 2.0234832617545813
-0.0080000000000000002 -0.021000000000000001 2.5114270160276733
-0.0074999999999999997 -0.021000000000000001 3.0541547390986841
-0.0069999999999999993 -0.021000000000000001 3.6707269737816888
-0.0064999999999999988 -0.021000000000000001 4.4046244172046647
-0.0059999999999999984 -0.021000000000000001 5.329413488701273
-0.0054999999999999979 -0.021000000000000001 6.5479184795232186
-0.005000000000000001 -0.021000000000000001 8.1817937353294212
-0.0044999999999999971 -0.021000000000000001 10.350105869018138
-0.0040000000000000001 -0.021000000000000001 13.138463346369663
-0.0035000000000000031 -0.021000000000000001 16.563820524633957
-0.0029999999999999992 -0.021000000000000001 20.543301614894983
-0.0025000000000000022 -0.021000000000000001 24.876935587247178
-0.0019999999999999983 -0.021000000000000001 29.252939508895988
-0.0015000000000000013 -0.021000000000000001 33.27973596583255
-0.00099999999999999742 -0.021000000000000001 36.541987812323924
-0.00050000000000000044 -0.021000000000000001 38.670491593954786
0 -0.021000000000000001 39.410332989254123
0.00050000000000000044 -0.021000000000000001 38.670491593954758
0.0010000000000000009 -0.021000000000000001 36.54198781232386
0.0015000000000000013 -0.021000000000000001 33.279735965832522
0.0020000000000000018 -0.021000000000000001 29.252939508895913
0.0024999999999999988 -0.021000000000000001 24.876935587247171
0.0030000000000000027 -0.021000000000000001 20.54330161489489
0.0034999999999999996 -0.021000000000000001 16.563820524633918
0.0040000000000000036 -0.021000000000000001 13.138463346369544
0.0045000000000000005 -0.021000000000000001 10.350105869017975
0.0049999999999999975 -0.021000000000000001 8.1817937353291903
0.0055000000000000014 -0.021000000000000001 6.5479184795227923
0.0059999999999999984 -0.021000000000000001 5.3294134887005953
0.0064999999999999988 -0.021000000000000001 4.4046244172035811
0.0069999999999999993 -0.021000000000000001 3.6707269737800474
0.0074999999999999997 -0.021000000000000001 3.0541547390962887
0.0080000000000000002 -0.021000000000000001 2.5114270160243017
0.0085000000000000006 -0.021000000000000001 2.0234832617500293
0.0090000000000000011 -0.021000000000000001 1.5870739952748509
0.0095000000000000015 -0.021000000000000001 1.2062145458519204
0.010000000000000002 -0.021000000000000001 0.88562706025131155
0.010500000000000002 -0.021000000000000001 0.62692262855683056
0.011000000000000003 -0.021000000000000001 0.42733531648354667
0.011500000000000003 -0.021000000000000001 0.28027181650153926
0.012000000000000004 -0.021000000000000001 0.17678552679862067
0.012499999999999997 -0.021000000000000001 0.10721670798271882
0.013000000000000005 -0.021000000000000001 0.062514708351211937
0.013499999999999998 -0.021000000000000001 0.035043744957729404
0.014000000000000005 -0.021000000000000001 0.018888423234964345
0.014499999999999999 -0.021000000000000001 0.0097911073760041552
0.014999999999999999 -0.021000000000000001 0.0048827776017333086
0.0155 -0.021000000000000001 0.0023437871402384341
0.016000000000000007 -0.021000000000000001 0.0010836607532894831
0.016500000000000001 -0.021000000000000001 0.0004830815257518114
0.017000000000000001 -0.021000000000000001 0.00020791414349119599
0.017500000000000002 -0.021000000000000001 8.6550004199763329e-05
0.017999999999999995 -0.021000000000000001 3.4929429651534149e-05
0.018500000000000003 -0.021000000000000001 1.3707085960724295e-05
0.019000000000000003 -0.021000000000000001 5.2489781729473802e-06
0.019500000000000003 -0.021000000000000001 1.9693265201343208e-06
0.019999999999999997 -0.021000000000000001 7.2685790959334443e-07
0.020499999999999997 -0.021000000000000001 2.6487886841580064e-07
0.021000000000000005 -0.021000000000000001 9.5546163745987578e-08
0.021500000000000005 -0.021000000000000001 3.4146385509408613e-08
0.021999999999999999 -0.021000000000000001 1.2079371403090533e-08
0.022499999999999999 -0.021000000000000001 4.2190030778174112e-09
0.023000000000000007 -0.021000000000000001 1.4496528741113085e-09
0.023500000000000007 -0.021000000000000001 4.8801286162907966e-10
0.024 -0.021000000000000001 1.6031496759570897e-10
0.024500000000000001 -0.021000000000000001 5.1208896128902113e-11
0.025000000000000001 -0.021000000000000001 1.5858312081378693e-11
-0.025000000000000001 -0.020500000000000001 5.0741528383640314e-11
-0.024500000000000001 -0.020500000000000001 1.6276555591664464e-10
-0.024 -0.020500000000000001 5.0498571269560227e-10
-0.0235 -0.020500000000000001 1.5189234541519314e-09
-0.023 -0.020500000000000001 4.4424365349914889e-09
-0.022500000000000003 -0.020500000000000001 1.2678916444009326e-08
-0.022000000000000002 -0.020500000000000001 3.5453255734414793e-08
-0.021500000000000002 -0.020500000000000001 9.7525635050705333e-08
-0.021000000000000001 -0.020500000000000001 2.6487890589658371e-07
-0.020500000000000001 -0.020500000000000001 7.1210508506403013e-07
-0.02 -0.020500000000000001 1.8967337183494846e-06
-0.0195 -0.020500000000000001 5.0007693595580481e-06
-0.019 -0.020500000000000001 1.3017672266302174e-05
-0.018500000000000003 -0.020500000000000001 3.3336403564272414e-05
-0.018000000000000002 -0.020500000000000001 8.3640689633506814e-05
-0.017500000000000002 -0.020500000000000001 0.0002047824049474026
-0.017000000000000001 -0.020500000000000001 0.00048752536058335158
-0.016500000000000001 -0.020500000000000001 0.0011252359715227358
-0.016 -0.020500000000000001 0.0025119456258266707
-0.0155 -0.020500000000000001 0.0054139549331029165
-0.015000000000000001 -0.020500000000000001 0.011250529786068685
-0.014500000000000001 -0.020500000000000001 0.022519489735250538
-0.014 -0.020500000000000001 0.043387588420379167
-0.0135 -0.020500000000000001 0.080422962365087391
-0.012999999999999999 -0.020500000000000001 0.14337035857052915
-0.012500000000000001 -0.020500000000000001 0.24576379927997069
-0.012 -0.020500000000000001 0.40506159189571717
-0.0115 -0.020500000000000001 0.64192798545310437
-0.010999999999999999 -0.020500000000000001 0.97834842897325835
-0.010499999999999999 -0.020500000000000001 1.4345230121214065
-0.010000000000000002 -0.020500000000000001 2.0249632726249964
-0.0095000000000000015 -0.020500000000000001 2.7548582956086127
-0.0090000000000000011 -0.020500000000000001 3.6183934175116681
-0.0085000000000000006 -0.020500000000000001 4.6010091190475686
-0.0080000000000000002 -0.020500000000000001 5.6872576791954685
-0.0074999999999999997 -0.020500000000000001 6.8747257741388816
-0.0069999999999999993 -0.020500000000000001 8.1924570404779296
-0.0064999999999999988 -0.020500000000000001 9.7197881432269799
-0.0059999999999999984 -0.020500000000000001 11.599217077647058
-0.0054999999999999979 -0.020500000000000001 14.035798890830421
-0.005000000000000001 -0.020500000000000001 17.276538351113736
-0.0044999999999999971 -0.020500000000000001 21.566878334532092
-0.0040000000000000001 -0.020500000000000001 27.087485480154935
-0.0035000000000000031 -0.020500000000000001 33.88193652837149
-0.0029999999999999992 -0.020500000000000001 41.792471935281768
-0.0025000000000000022 -0.020500000000000001 50.424066587813755
-0.0019999999999999983 -0.020500000000000001 59.154423100566795
-0.0015000000000000013 -0.020500000000000001 67.198365772698992
-0.00099999999999999742 -0.020500000000000001 73.721062887814554
-0.00050000000000000044 -0.020500000000000001 77.979419694178887
0 -0.020500000000000001 79.460000904882023
0.00050000000000000044 -0.020500000000000001 77.97941969417883
0.0010000000000000009 -0.020500000000000001 73.721062887814426
0.0015000000000000013 -0.020500000000000001 67.198365772698878
0.0020000000000000018 -0.020500000000000001 59.154423100566689
0.0024999999999999988 -0.020500000000000001 50.424066587813712
0.0030000000000000027 -0.020500000000000001 41.792471935281554
0.0034999999999999996 -0.020500000000000001 33.881936528371305
0.0040000000000000036 -0.020500000000000001 27.087485480154459
0.0045000000000000005 -0.020500000000000001 21.566878334531296
0.0049999999999999975 -0.020500000000000001 17.276538351112475
0.0055000000000000014 -0.020500000000000001 14.035798890828199
0.0059999999999999984 -0.020500000000000001 11.599217077643457
0.0064999999999999988 -0.020500000000000001 9.7197881432213169
0.0069999999999999993 -0.020500000000000001 8.1924570404692947
0.0074999999999999997 -0.020500000000000001 6.8747257741262588
0.0080000000000000002 -0.020500000000000001 5.6872576791777325
0.0085000000000000006 -0.020500000000000001 4.6010091190236233
0.0090000000000000011 -0.020500000000000001 3.6183934174806027
0.0095000000000000015 -0.020500000000000001 2.7548582955699032
0.010000000000000002 -0.020500000000000001 2.0249632725786531
0.010500000000000002 -0.020500000000000001 1.4345230120680941
0.011000000000000003 -0.020500000000000001 0.97834842891433949
0.011500000000000003 -0.020500000000000001 0.6419279853905453
0.012000000000000004 -0.020500000000000001 0.40506159183189533
0.012499999999999997 -0.020500000000000001 0.2457637992174149
0.013000000000000005 -0.020500000000000001 0.14337035851161473
0.013499999999999998 -0.020500000000000001 0.080422962311780102
0.014000000000000005 -0.020500000000000001 0.043387588374035654
0.014499999999999999 -0.020500000000000001 0.022519489696541502
0.014999999999999999 -0.020500000000000001 0.011250529755003937
0.0155 -0.020500000000000001 0.0054139549091503985
0.016000000000000007 -0.020500000000000001 0.002511945608082173
0.016500000000000001 -0.020500000000000001 0.0011252359588927515
0.017000000000000001 -0.020500000000000001 0.00048752535194619489
0.017500000000000002 -0.020500000000000001 0.00020478239927238697
0.017999999999999995 -0.020500000000000001 8.3640686050963955e-05
0.018500000000000003 -0.020500000000000001 3.3336401391349582e-05
0.019000000000000003 -0.020500000000000001 1.301767100003518e-05
0.019500000000000003 -0.020500000000000001 5.0007686505772233e-06
0.019999999999999997 -0.020500000000000001 1.8967333369572334e-06
0.020499999999999997 -0.020500000000000001 7.1210488794093075e-07
0.021000000000000005 -0.020500000000000001 2.6487880800814808e-07
0.021500000000000005 -0.020500000000000001 9.7525588346770322e-08
0.021999999999999999 -0.020500000000000001 3.5453234325050702e-08
0.022499999999999999 -0.020500000000000001 1.267890701464765e-08
0.023000000000000007 -0.020500000000000001 4.4424325448430474e-09
0.023500000000000007 -0.020500000000000001 1.5189218318786465e-09
0.024 -0.020500000000000001 5.0498507899050861e-10
0.024500000000000001 -0.020500000000000001 1.6276531808008876e-10
0.025000000000000001 -0.020500000000000001 5.0741442620981653e-11
-0.025000000000000001 -0.02 1.5674850287382055e-10
-0.024500000000000001 -0.02 5.003765923917338e-10
-0.024 -0.02 1.5421411487127682e-09
-0.0235 -0.02 4.5969406197161649e-09
-0.023 -0.02 1.3284765048001953e-08
-0.022500000000000003 -0.02 3.7330809912548676e-08
-0.022000000000000002 -0.02 1.0236618399442369e-07
-0.021500000000000002 -0.02 2.7501646533873713e-07
-0.021000000000000001 -0.02 7.2685798211087198e-07
-0.020500000000000001 -0.02 1.89673371834948e-06
-0.02 -0.02 4.8992692355223671e-06
-0.0195 -0.02 1.2537814395221245e-05
-0.019 -0.02 3.1760006839299351e-05
-0.018500000000000003 -0.02 7.9433820013212142e-05
-0.018000000000000002 -0.02 0.00019544263644405917
-0.017500000000000002 -0.02 0.00047113653794926926
-0.017000000000000001 -0.02 0.0011082830588238675
-0.016500000000000001 -0.02 0.002535038524333468
-0.016 -0.02 0.0056216128838003365
-0.0155 -0.02 0.012057538088876697
-0.015000000000000001 -0.02 0.024968698586886849
-0.014500000000000001 -0.02 0.04985284975425764
-0.014 -0.02 0.09587733758204367
-0.0135 -0.02 0.17748876488036891
-0.012999999999999999 -0.02 0.31611530604608989
-0.012500000000000001 -0.02 0.54150763228193499
-0.012 -0.02 0.89201999495495188
-0.0115 -0.02 1.4129940937471364
-0.010999999999999999 -0.02 2.1525365384448811
-0.010499999999999999 -0.02 3.1545322833331126
-0.010000000000000002 -0.02 4.4497724452500398
-0.0095000000000000015 -0.02 6.0474594765186493
-0.0090000000000000011 -0.02 7.9306901354541237
-0.0085000000000000006 -0.02 10.060186397101942
-0.0080000000000000002 -0.02 12.389866263764407
-0.0074999999999999997 -0.02 14.895356701379697
-0.0069999999999999993 -0.02 17.612304785838543
-0.0064999999999999988 -0.02 20.676120542575269
-0.0059999999999999984 -0.02 24.350085148583485
-0.0054999999999999979 -0.02 29.026520430217801
-0.005000000000000001 -0.02 35.187780140029396
-0.0044999999999999971 -0.02 43.32122495689395
-0.0040000000000000001 -0.02 53.794608091490808
-0.0035000000000000031 -0.02 66.713000177434736
-0.0029999999999999992 -0.02 81.791261279719293
-0.0025000000000000022 -0.02 98.281969216951893
-0.0019999999999999983 -0.02 114.99333300947161
-0.0015000000000000013 -0.02 130.4136030862964
-0.00099999999999999742 -0.02 142.93097378764483
-0.00050000000000000044 -0.02 151.10856840192409
0 -0.02 153.95277421073538
0.00050000000000000044 -0.02 151.10856840192395
0.0010000000000000009 -0.02 142.93097378764458
0.0015000000000000013 -0.02 130.41360308629626
0.0020000000000000018 -0.02 114.99333300947134
0.0024999999999999988 -0.02 98.281969216951666
0.0030000000000000027 -0.02 81.791261279718654
0.0034999999999999996 -0.02 66.713000177433756
0.0040000000000000036 -0.02 53.794608091488676
0.0045000000000000005 -0.02 43.321224956890241
0.0049999999999999975 -0.02 35.187780140023023
0.0055000000000000014 -0.02 29.026520430206752
0.0059999999999999984 -0.02 24.350085148565348
0.0064999999999999988 -0.02 20.676120542546617
0.0069999999999999993 -0.02 17.612304785794894
0.0074999999999999997 -0.02 14.895356701315889
0.0080000000000000002 -0.02 12.389866263674747
0.0085000000000000006 -0.02 10.060186396980916
0.0090000000000000011 -0.02 7.930690135297163
0.0095000000000000015 -0.02 6.0474594763230476
0.010000000000000002 -0.02 4.4497724450158636
0.010500000000000002 -0.02 3.1545322830637348
0.011000000000000003 -0.02 2.1525365381471775
0.011500000000000003 -0.02 1.4129940934310268
0.012000000000000004 -0.02 0.89201999463245674
0.012499999999999997 -0.02 0.5415076319658304
0.013000000000000005 -0.02 0.31611530574839103
0.013499999999999998 -0.02 0.17748876461100238
0.014000000000000005 -0.02 0.095877337347866631
0.014499999999999999 -0.02 0.049852849558657389
0.014999999999999999 -0.02 0.024968698429913963
0.0155 -0.02 0.012057537967842485
0.016000000000000007 -0.02 0.0056216127941359243
0.016500000000000001 -0.02 0.0025350384605130377
0.017000000000000001 -0.02 0.0011082830151795458
0.017500000000000002 -0.02 0.00047113650927290752
0.017999999999999995 -0.02 0.00019544261834114304
0.018500000000000003 -0.02 7.9433809033237386e-05
0.019000000000000003 -0.02 3.1760000440737976e-05
0.019500000000000003 -0.02 1.2537810812677228e-05
0.019999999999999997 -0.02 4.8992673083128214e-06
0.020499999999999997 -0.02 1.8967327222686586e-06
0.021000000000000005 -0.02 7.2685748747176371e-07
0.021500000000000005 -0.02 2.7501622933953481e-07
0.021999999999999999 -0.02 1.0236607581097248e-07
0.022499999999999999 -0.02 3.73307622651322e-08
0.023000000000000007 -0.02 1.3284744885421606e-08
0.023500000000000007 -0.02 4.596932422222742e-09
0.024 -0.02 1.542137946543687e-09
0.024500000000000001 -0.02 5.00375390582135e-10
0.025000000000000001 -0.02 1.5674806950735998e-10
-0.025000000000000001 -0.0195 4.6686426830382001e-10
-0.024500000000000001 -0.0195 1.4851326961329071e-09
-0.024 -0.0195 4.5549854868731057e-09
-0.0235 -0.0195 1.3487836699686021e-08
-0.023 -0.0195 3.8629157371501936e-08
-0.022500000000000003 -0.0195 1.0725767820897243e-07
-0.022000000000000002 -0.0195 2.8958102671906881e-07
-0.021500000000000002 -0.0195 7.6293473519360149e-07
-0.021000000000000001 -0.0195 1.9693266549392023e-06
-0.020500000000000001 -0.0195 5.0007693595580185e-06
-0.02 -0.0195 1.2537814395221215e-05
-0.0195 -0.0195 3.1115372883582108e-05
-0.019 -0.0195 7.6505702170932415e-05
-0.018500000000000003 -0.0195 0.00018620051440617561
-0.018000000000000002 -0.0195 0.00044743931950352731
-0.017500000000000002 -0.0195 0.0010577342320526872
-0.017000000000000001 -0.0195 0.0024498123123585544
-0.016500000000000001 -0.0195 0.0055368896862818279
-0.016 -0.0195 0.012168288227471846
-0.0155 -0.0195 0.025926063309727201
-0.015000000000000001 -0.0195 0.053427710852132299
-0.014500000000000001 -0.0195 0.10630131753003821
-0.014 -0.0195 0.20392554959822476
-0.0135 -0.0195 0.376827986685003
-0.012999999999999999 -0.0195 0.67027694462837462
-0.012500000000000001 -0.0195 1.1471030853982982
-0.012 -0.0195 1.8882648554105894
-0.0115 -0.0195 2.9893675554097032
-0.010999999999999999 -0.0195 4.5515985959731129
-0.010499999999999999 -0.0195 6.6666789165184941
-0.010000000000000002 -0.0195 9.3975808117954642
-0.0095000000000000015 -0.0195 12.759642540870495
-0.0090000000000000011 -0.0195 16.709498814742535
-0.0085000000000000006 -0.0195 21.150662733678509
-0.0080000000000000002 -0.0195 25.963250456579946
-0.0074999999999999997 -0.0195 31.060313276482105
-0.0069999999999999993 -0.0195 36.46469216885324
-0.0064999999999999988 -0.0195 42.389869818379026
-0.0059999999999999984 -0.0195 49.299008975886508
-0.0054999999999999979 -0.0195 57.912070860620041
-0.005000000000000001 -0.0195 69.135124283463583
-0.0044999999999999971 -0.0195 83.900517471505395
-0.0040000000000000001 -0.0195 102.93035106125402
-0.0035000000000000031 -0.0195 126.46382530190695
-0.0029999999999999992 -0.0195 154.01335817539777
-0.0025000000000000022 -0.0195 184.22520603285375
-0.0019999999999999983 -0.0195 214.90975825849338
-0.0015000000000000013 -0.0195 243.27242895676366
-0.00099999999999999742 -0.0195 266.32421739178699
-0.00050000000000000044 -0.0195 281.39588508055874
0 -0.0195 286.63990776733903
0.00050000000000000044 -0.0195 281.39588508055874
0.0010000000000000009 -0.0195 266.3242173917867
0.0015000000000000013 -0.0195 243.27242895676326
0.0020000000000000018 -0.0195 214.90975825849239
0.0024999999999999988 -0.0195 184.22520603285261
0.0030000000000000027 -0.0195 154.0133581753951
0.0034999999999999996 -0.0195 126.46382530190219
0.0040000000000000036 -0.0195 102.93035106124438
0.0045000000000000005 -0.0195 83.900517471487817
0.0049999999999999975 -0.0195 69.13512428343256
0.0055000000000000014 -0.0195 57.912070860566622
0.0059999999999999984 -0.0195 49.299008975798607
0.0064999999999999988 -0.0195 42.389869818239852
0.0069999999999999993 -0.0195 36.464692168641406
0.0074999999999999997 -0.0195 31.06031327617232
0.0080000000000000002 -0.0195 25.963250456144689
0.0085000000000000006 -0.0195 21.150662733090925
0.0090000000000000011 -0.0195 16.709498813980456
0.0095000000000000015 -0.0195 12.759642539920874
0.010000000000000002 -0.0195 9.3975808106585568
0.010500000000000002 -0.0195 6.666678915210718
0.011000000000000003 -0.0195 4.5515985945278041
0.011500000000000003 -0.0195 2.9893675538750184
0.012000000000000004 -0.0195 1.8882648538449063
0.012499999999999997 -0.0195 1.1471030838636307
0.013000000000000005 -0.0195 0.67027694318307096
0.013499999999999998 -0.0195 0.37682798537724033
0.014000000000000005 -0.0195 0.2039255484613087
0.014499999999999999 -0.0195 0.10630131658040759
0.014999999999999999 -0.0195 0.053427710090035864
0.0155 -0.0195 0.025926062722111447
0.016000000000000007 -0.0195 0.012168287792155268
0.016500000000000001 -0.0195 0.0055368893764365179
0.017000000000000001 -0.0195 0.0024498121004673081
0.017500000000000002 -0.0195 0.0010577340928302221
0.017999999999999995 -0.0195 0.00044743923161466538
0.018500000000000003 -0.0195 0.00018620046109888301
0.019000000000000003 -0.0195 7.6505671106200831e-05
0.019500000000000003 -0.0195 3.1115355490489513e-05
0.019999999999999997 -0.0195 1.2537805038704009e-05
0.020499999999999997 -0.0195 5.0007645236295909e-06
0.021000000000000005 -0.0195 1.9693242534881918e-06
0.021500000000000005 -0.0195 7.6293358942790814e-07
0.021999999999999999 -0.0195 2.8958050149319091e-07
0.022499999999999999 -0.0195 1.0725744688286929e-07
0.023000000000000007 -0.0195 3.8629059483065554e-08
0.023500000000000007 -0.0195 1.3487796901217816e-08
0.024 -0.0195 4.554969940483673e-09
0.024500000000000001 -0.0195 1.4851268614004105e-09
0.025000000000000001 -0.0195 4.6686216432880363e-10
-0.025000000000000001 -0.019 1.3393512978969697e-09
-0.024500000000000001 -0.019 4.249922724321399e-09
-0.024 -0.019 1.298924091077995e-08
-0.0235 -0.019 3.8276624907531784e-08
-0.023 -0.019 1.0889729054143384e-07
-0.022500000000000003 -0.019 2.9965267208417307e-07
-0.022000000000000002 -0.019 7.9939138566785923e-07
-0.021500000000000002 -0.019 2.073620775570381e-06
-0.021000000000000001 -0.019 5.2489784137140932e-06
-0.020500000000000001 -0.019 1.3017672266302167e-05
-0.02 -0.019 3.1760006839299195e-05
-0.0195 -0.019 7.6505702170932659e-05
-0.019 -0.019 0.00018242116098193413
-0.018500000000000003 -0.019 0.0004309454457271864
-0.018000000000000002 -0.019 0.0010077150121134161
-0.017500000000000002 -0.019 0.0023265880054957541
-0.017000000000000001 -0.019 0.0052843379907927179
-0.016500000000000001 -0.019 0.011759147968231526
-0.016 -0.019 0.025535152380762611
-0.0155 -0.019 0.053917837133141411
-0.015000000000000001 -0.019 0.11037515312392922
-0.014500000000000001 -0.019 0.21854219562887181
-0.014 -0.019 0.41777743075389923
-0.0135 -0.019 0.77005435271186973
-0.012999999999999999 -0.019 1.367242986449736
-0.012500000000000001 -0.019 2.3368177614824028
-0.012 -0.019 3.8429572605619766
-0.0115 -0.019 6.0793639570426015
-0.010999999999999999 -0.019 9.2506121624388076
-0.010499999999999999 -0.019 13.541090987218965
-0.010000000000000002 -0.019 19.07490505553179
-0.0095000000000000015 -0.019 25.875862213558058
-0.0090000000000000011 -0.019 33.8422732758387
-0.0085000000000000006 -0.019 42.754168098017196
-0.0080000000000000002 -0.019 52.327962341471533
-0.0074999999999999997 -0.019 62.323822877070121
-0.0069999999999999993 -0.019 72.694376688779172
-0.0064999999999999988 -0.019 83.743275276787216
-0.0059999999999999984 -0.019 96.24442423842649
-0.0054999999999999979 -0.019 111.46474085044733
-0.005000000000000001 -0.019 131.04160372611869
-0.0044999999999999971 -0.019 156.69379558947628
-0.0040000000000000001 -0.019 189.78915203167958
-0.0035000000000000031 -0.019 230.84401389362267
-0.0029999999999999992 -0.019 279.07380063810388
-0.0025000000000000022 -0.019 332.13309898825361
-0.0019999999999999983 -0.019 386.16366642634966
-0.0015000000000000013 -0.019 436.20604469795717
-0.00099999999999999742 -0.019 476.93644658053358
-0.00050000000000000044 -0.019 503.59118846224226
0 -0.019 512.86956621049978
0.00050000000000000044 -0.019 503.59118846224214
0.0010000000000000009 -0.019 476.93644658053256
0.0015000000000000013 -0.019 436.20604469795575
0.0020000000000000018 -0.019 386.16366642634637
0.0024999999999999988 -0.019 332.13309898824832
0.0030000000000000027 -0.019 279.073800638092
0.0034999999999999996 -0.019 230.84401389360022
0.0040000000000000036 -0.019 189.78915203163541
0.0045000000000000005 -0.019 156.69379558939488
0.0049999999999999975 -0.019 131.04160372597386
0.0055000000000000014 -0.019 111.46474085019852
0.0059999999999999984 -0.019 96.244424238016478
0.0064999999999999988 -0.019 83.743275276137837
0.0069999999999999993 -0.019 72.694376687790779
0.0074999999999999997 -0.019 62.323822875624948
0.0080000000000000002 -0.019 52.327962339440987
0.0085000000000000006 -0.019 42.754168095276249
0.0090000000000000011 -0.019 33.842273272283862
0.0095000000000000015 -0.019 25.875862209128417
0.010000000000000002 -0.019 19.074905050228551
0.010500000000000002 -0.019 13.541090981118751
0.011000000000000003 -0.019 9.250612155697036
0.011500000000000003 -0.019 6.0793639498839553
0.012000000000000004 -0.019 3.8429572532587244
0.012499999999999997 -0.019 2.3368177543237865
0.013000000000000005 -0.019 1.3672429797079904
0.013499999999999998 -0.019 0.77005434661169248
0.014000000000000005 -0.019 0.41777742545065627
0.014499999999999999 -0.019 0.21854219119923393
0.014999999999999999 -0.019 0.11037514956906135
0.0155 -0.019 0.053917834392154952
0.016000000000000007 -0.019 0.02553515035018962
0.016500000000000001 -0.019 0.011759146522930138
0.017000000000000001 -0.019 0.0052843370024068786
0.017500000000000002 -0.019 0.0023265873560799838
0.017999999999999995 -0.019 0.0010077146021478728
0.018500000000000003 -0.019 0.00043094519707050771
0.019000000000000003 -0.019 0.00018242101607768865
0.019500000000000003 -0.019 7.6505621039282229e-05
0.019999999999999997 -0.019 3.175996319497972e-05
0.020499999999999997 -0.019 1.3017649708677325e-05
0.021000000000000005 -0.019 5.248967211929073e-06
0.021500000000000005 -0.019 2.0736154310428642e-06
0.021999999999999999 -0.019 7.9938893570432707e-07
0.022499999999999999 -0.019 2.9965159304268159e-07
0.023000000000000007 -0.019 1.0889683393198642e-07
0.023500000000000007 -0.019 3.827643926398418e-08
0.024 -0.019 1.2989168393243048e-08
0.024500000000000001 -0.019 4.2498955076849031e-09
0.025000000000000001 -0.019 1.3393414837155694e-09
-0.025000000000000001 -0.018500000000000003 3.6983041526482014e-09
-0.024500000000000001 -0.018500000000000003 1.1714227026233037e-08
-0.024 -0.018500000000000003 3.5713155024895976e-08
-0.0235 -0.018500000000000003 1.0487187381366691e-07
-0.023 -0.018500000000000003 2.9691830953471363e-07
-0.022500000000000003 -0.018500000000000003 8.116121091785595e-07
-0.022000000000000002 -0.018500000000000003 2.1457430347834272e-06
-0.021500000000000002 -0.018500000000000003 5.4998031354842135e-06
-0.021000000000000001 -0.018500000000000003 1.3707086373881574e-05
-0.020500000000000001 -0.018500000000000003 3.3336403564272245e-05
-0.02 -0.018500000000000003 7.9433820013211803e-05
-0.0195 -0.018500000000000003 0.00018620051440617494
-0.019 -0.018500000000000003 0.00043094544572718532
-0.018500000000000003 -0.018500000000000003 0.00098726092511998475
-0.018000000000000002 -0.018500000000000003 0.0022408218969586008
-0.017500000000000002 -0.018500000000000003 0.0050344402872740711
-0.017000000000000001 -0.018500000000000003 0.011167643706813564
-0.016500000000000001 -0.018500000000000003 0.024370337208430931
-0.016 -0.018500000000000003 0.052104610611302206
-0.0155 -0.018500000000000003 0.10870983827000975
-0.015000000000000001 -0.018500000000000003 0.22054344980543134
-0.014500000000000001 -0.018500000000000003 0.43377676030300782
-0.014 -0.018500000000000003 0.82521418911436661
-0.0135 -0.018500000000000003 1.5157162135219353
-0.012999999999999999 -0.018500000000000003 2.6843806809944906
-0.012500000000000001 -0.018500000000000003 4.5796426336376088
-0.012 -0.018500000000000003 7.5213442330215017
-0.0115 -0.018500000000000003 11.88654751926723
-0.010999999999999999 -0.018500000000000003 18.072740630482851
-0.010499999999999999 -0.018500000000000003 26.436405418103138
-0.010000000000000002 -0.018500000000000003 37.213174501015004
-0.0095000000000000015 -0.018500000000000003 50.436916645484203
-0.0090000000000000011 -0.018500000000000003 65.88589400141781
-0.0085000000000000006 -0.018500000000000003 83.089759864023236
-0.0080000000000000002 -0.018500000000000003 101.42642815907372
-0.0074999999999999997 -0.018500000000000003 120.31947536235712
-0.0069999999999999993 -0.018500000000000003 139.51564277595946
-0.0064999999999999988 -0.018500000000000003 159.38455671303205
-0.0059999999999999984 -0.018500000000000003 181.15022528291644
-0.0054999999999999979 -0.018500000000000003 206.94969397696309
-0.005000000000000001 -0.018500000000000003 239.62998791836037
-0.0044999999999999971 -0.018500000000000003 282.24507430878759
-0.0040000000000000001 -0.018500000000000003 337.29462267014395
-0.0035000000000000031 -0.018500000000000003 405.83856731195874
-0.0029999999999999992 -0.018500000000000003 486.69887442337802
-0.0025000000000000022 -0.018500000000000003 575.99211702513446
-0.0019999999999999983 -0.018500000000000003 667.19993741076235
-0.0015000000000000013 -0.018500000000000003 751.87387937199605
-0.00099999999999999742 -0.018500000000000003 820.90693498197788
-0.00050000000000000044 -0.018500000000000003 866.13176595139612
0 -0.018500000000000003 881.88247593076244
0.00050000000000000044 -0.018500000000000003 866.13176595139544
0.0010000000000000009 -0.018500000000000003 820.90693498197538
0.0015000000000000013 -0.018500000000000003 751.87387937199105
0.0020000000000000018 -0.018500000000000003 667.19993741075007
0.0024999999999999988 -0.018500000000000003 575.99211702511059
0.0030000000000000027 -0.018500000000000003 486.6988744233264
0.0034999999999999996 -0.018500000000000003 405.8385673118579
0.0040000000000000036 -0.018500000000000003 337.29462266994727
0.0045000000000000005 -0.018500000000000003 282.24507430842323
0.0049999999999999975 -0.018500000000000003 239.62998791771096
0.0055000000000000014 -0.018500000000000003 206.94969397584825
0.0059999999999999984 -0.018500000000000003 181.15022528107912
0.0064999999999999988 -0.018500000000000003 159.38455671012167
0.0069999999999999993 -0.018500000000000003 139.51564277152985
0.0074999999999999997 -0.018500000000000003 120.31947535587996
0.0080000000000000002 -0.018500000000000003 101.42642814997339
0.0085000000000000006 -0.018500000000000003 83.089759851739046
0.0090000000000000011 -0.018500000000000003 65.885893985486035
0.0095000000000000015 -0.018500000000000003 50.436916625631937
0.010000000000000002 -0.018500000000000003 37.213174477247534
0.010500000000000002 -0.018500000000000003 26.436405390763966
0.011000000000000003 -0.018500000000000003 18.072740600268414
0.011500000000000003 -0.018500000000000003 11.88654748718446
0.012000000000000004 -0.018500000000000003 7.521344200290633
0.012499999999999997 -0.018500000000000003 4.5796426015548972
0.013000000000000005 -0.018500000000000003 2.6843806507800956
0.013499999999999998 -0.018500000000000003 1.5157161861828374
0.014000000000000005 -0.018500000000000003 0.82521416534688941
0.014499999999999999 -0.018500000000000003 0.43377674045074799
0.014999999999999999 -0.018500000000000003 0.22054343387361922
0.0155 -0.018500000000000003 0.10870982598576083
0.016000000000000007 -0.018500000000000003 0.052104601510906207
0.016500000000000001 -0.018500000000000003 0.024370330731039537
0.017000000000000001 -0.018500000000000003 0.011167639277175574
0.017500000000000002 -0.018500000000000003 0.0050344373767945184
0.017999999999999995 -0.018500000000000003 0.0022408200596204797
0.018500000000000003 -0.018500000000000003 0.00098725981071806656
0.019000000000000003 -0.018500000000000003 0.0004309447963114134
0.019500000000000003 -0.018500000000000003 0.00018620015079934596
0.019999999999999997 -0.018500000000000003 7.9433624412941583e-05
0.020499999999999997 -0.018500000000000003 3.3336302468011372e-05
0.021000000000000005 -0.018500000000000003 1.3707036170963986e-05
0.021500000000000005 -0.018500000000000003 5.4997791829736376e-06
0.021999999999999999 -0.018500000000000003 2.1457320548086256e-06
0.022499999999999999 -0.018500000000000003 8.116072732500867e-07
0.023000000000000007 -0.018500000000000003 2.9691626315314439e-07
0.023500000000000007 -0.018500000000000003 1.0487104181700882e-07
0.024 -0.018500000000000003 3.5712830023843086e-08
0.024500000000000001 -0.018500000000000003 1.1714105049730699e-08
0.025000000000000001 -0.018500000000000003 3.6982601685386499e-09
-0.025000000000000001 -0.018000000000000002 9.8240516607764461e-09
-0.024500000000000001 -0.018000000000000002 3.1077839135700515e-08
-0.024 -0.018000000000000002 9.4577923756526656e-08
-0.0235 -0.018000000000000002 2.7703353199651365e-07
-0.023 -0.018000000000000002 7.8161188647855126e-07
-0.022500000000000003 -0.018000000000000002 2.1261658443819672e-06
-0.022000000000000002 -0.018000000000000002 5.58388835321122e-06
-0.021500000000000002 -0.018000000000000002 1.4183845341624347e-05
-0.021000000000000001 -0.018000000000000002 3.4929430332714582e-05
-0.020500000000000001 -0.018000000000000002 8.3640689633506272e-05
-0.02 -0.018000000000000002 0.00019544263644405817
-0.0195 -0.018000000000000002 0.00044743931950352465
-0.019 -0.018000000000000002 0.0010077150121134111
-0.018500000000000003 -0.018000000000000002 0.0022408218969585951
-0.018000000000000002 -0.018000000000000002 0.0049322518585744003
-0.017500000000000002 -0.018000000000000002 0.010755955229859655
-0.017000000000000001 -0.018000000000000002 0.023217814992947304
-0.016500000000000001 -0.018000000000000002 0.049483505749460137
-0.016 -0.018000000000000002 0.10375036065865133
-0.0155 -0.018000000000000002 0.21312483237546923
-0.015000000000000001 -0.018000000000000002 0.42722596136365076
-0.014500000000000001 -0.018000000000000002 0.83275174928401363
-0.014 -0.018000000000000002 1.5737040159378815
-0.0135 -0.018000000000000002 2.8764930858942623
-0.012999999999999999 -0.018000000000000002 5.0764683648843452
-0.012500000000000001 -0.018000000000000002 8.6386678239458181
-0.012 -0.018000000000000002 14.1615930887647
-0.0115 -0.018000000000000002 22.350356975786354
-0.010999999999999999 -0.018000000000000002 33.947093802607483
-0.010499999999999999 -0.018000000000000002 49.614464461283347
-0.010000000000000002 -0.018000000000000002 69.783370643220692
-0.0095000000000000015 -0.018000000000000002 94.496592252178132
-0.0090000000000000011 -0.018000000000000002 123.30013517859692
-0.0085000000000000006 -0.018000000000000002 155.24464079401028
-0.0080000000000000002 -0.018000000000000002 189.05078985037792
-0.0074999999999999997 -0.018000000000000002 223.45939231850659
-0.0069999999999999993 -0.018000000000000002 257.73071279860841
-0.0064999999999999988 -0.018000000000000002 292.19039079297863
-0.0059999999999999984 -0.018000000000000002 328.6615391410578
-0.0054999999999999979 -0.018000000000000002 370.59821411410144
-0.005000000000000001 -0.018000000000000002 422.76422135113751
-0.0044999999999999971 -0.018000000000000002 490.39061876358699
-0.0040000000000000001 -0.018000000000000002 577.88443583480273
-0.0035000000000000031 -0.018000000000000002 687.31917250606205
-0.0029999999999999992 -0.018000000000000002 817.06809443738916
-0.0025000000000000022 -0.018000000000000002 960.9934297301744
-0.0019999999999999983 -0.018000000000000002 1108.5402072818067
-0.0015000000000000013 -0.018000000000000002 1245.8955153384779
-0.00099999999999999742 -0.018000000000000002 1358.0981324587956
-0.00050000000000000044 -0.018000000000000002 1431.6958376862212
0 -0.018000000000000002 1457.3436440286823
0.00050000000000000044 -0.018000000000000002 1431.6958376862183
0.0010000000000000009 -0.018000000000000002 1358.0981324587858
0.0015000000000000013 -0.018000000000000002 1245.8955153384557
0.0020000000000000018 -0.018000000000000002 1108.5402072817569
0.0024999999999999988 -0.018000000000000002 960.9934297300714
0.0030000000000000027 -0.018000000000000002 817.06809443717111
0.0034999999999999996 -0.018000000000000002 687.31917250562674
0.0040000000000000036 -0.018000000000000002 577.88443583395906
0.0045000000000000005 -0.018000000000000002 490.39061876202021
0.0049999999999999975 -0.018000000000000002 422.76422134834127
0.0055000000000000014 -0.018000000000000002 370.59821410930249
0.0059999999999999984 -0.018000000000000002 328.66153913314616
0.0064999999999999988 -0.018000000000000002 292.19039078044642
0.0069999999999999993 -0.018000000000000002 257.7307127795346
0.0074999999999999997 -0.018000000000000002 223.45939229061511
0.0080000000000000002 -0.018000000000000002 189.05078981119212
0.0085000000000000006 -0.018000000000000002 155.24464074111492
0.0090000000000000011 -0.018000000000000002 123.30013510999518
0.0095000000000000015 -0.018000000000000002 94.496592166695095
0.010000000000000002 -0.018000000000000002 69.783370540878934
0.010500000000000002 -0.018000000000000002 49.614464343562119
0.011000000000000003 -0.018000000000000002 33.947093672505453
0.011500000000000003 -0.018000000000000002 22.350356837639342
0.012000000000000004 -0.018000000000000002 14.161592947826943
0.012499999999999997 -0.018000000000000002 8.638667685798918
0.013000000000000005 -0.018000000000000002 5.0764682347824293
0.013499999999999998 -0.018000000000000002 2.8764929681732068
0.014000000000000005 -0.018000000000000002 1.5737039135961002
0.014499999999999999 -0.018000000000000002 0.83275166380098442
0.014999999999999999 -0.018000000000000002 0.42722589276191314
0.0155 -0.018000000000000002 0.21312477947999009
0.016000000000000007 -0.018000000000000002 0.10375032147271568
0.016500000000000001 -0.018000000000000002 0.049483477858074963
0.017000000000000001 -0.018000000000000002 0.023217795919105375
0.017500000000000002 -0.018000000000000002 0.010755942697452477
0.017999999999999995 -0.018000000000000002 0.004932243947070771
0.018500000000000003 -0.018000000000000002 0.0022408170983890443
0.019000000000000003 -0.018000000000000002 0.0010077122157553849
0.019500000000000003 -0.018000000000000002 0.00044743775382723546
0.019999999999999997 -0.018000000000000002 0.00019544179419720919
0.020499999999999997 -0.018000000000000002 8.3640254317098026e-05
0.021000000000000005 -0.018000000000000002 3.4929214160983324e-05
0.021500000000000005 -0.018000000000000002 1.4183742203083219e-05
0.021999999999999999 -0.018000000000000002 5.5838410738840356e-06
0.022499999999999999 -0.018000000000000002 2.1261450210696757e-06
0.023000000000000007 -0.018000000000000002 7.8160307484234038e-07
0.023500000000000007 -0.018000000000000002 2.7702994945257903e-07
0.024 -0.018000000000000002 9.4576524315146186e-08
0.024500000000000001 -0.018000000000000002 3.1077313909817979e-08
0.025000000000000001 -0.018000000000000002 9.8238622669807862e-09
-0.025000000000000001 -0.017500000000000002 2.5095661415649337e-08
-0.024500000000000001 -0.017500000000000002 7.9317386896646756e-08
-0.024 -0.017500000000000002 2.4107732319853019e-07
-0.0235 -0.017500000000000002 7.0489293571400527e-07
-0.023 -0.017500000000000002 1.9837804277358563e-06
-0.022500000000000003 -0.017500000000000002 5.3774989601029266e-06
-0.022000000000000002 -0.017500000000000002 1.405446334597812e-05
-0.021500000000000002 -0.017500000000000002 3.5463519561940626e-05
-0.021000000000000001 -0.017500000000000002 8.6550005278804279e-05
-0.020500000000000001 -0.017500000000000002 0.00020478240494740038
-0.02 -0.017500000000000002 0.00047113653794926617
-0.0195 -0.017500000000000002 0.0010577342320526818
-0.019 -0.017500000000000002 0.0023265880054957381
-0.018500000000000003 -0.017500000000000002 0.0050344402872740477
-0.018000000000000002 -0.017500000000000002 0.01075595522985962
-0.017500000000000002 -0.017500000000000002 0.022746530159075327
-0.017000000000000001 -0.017500000000000002 0.047659260729845908
-0.016500000000000001 -0.017500000000000002 0.098843539329068419
-0.016 -0.017500000000000002 0.20240273985196186
-0.0155 -0.017500000000000002 0.40773228926010552
-0.015000000000000001 -0.017500000000000002 0.80472972500275608
-0.014500000000000001 -0.017500000000000002 1.5499069744258331
-0.014 -0.017500000000000002 2.9026722401385294
-0.0135 -0.017500000000000002 5.2704038610251525
-0.012999999999999999 -0.017500000000000002 9.2561195926457156
-0.012500000000000001 -0.017500000000000002 15.695762081463711
-0.012 -0.017500000000000002 25.664882117809732
-0.0115 -0.017500000000000002 40.429960544413994
-0.010999999999999999 -0.017500000000000002 61.322214455403753
-0.010499999999999999 -0.017500000000000002 89.525786176026429
-0.010000000000000002 -0.017500000000000002 125.79941492954609
-0.0095000000000000015 -0.017500000000000002 170.18743646308766
-0.0090000000000000011 -0.017500000000000002 221.81183649860725
-0.0085000000000000006 -0.017500000000000002 278.85615938067468
-0.0080000000000000002 -0.017500000000000002 338.83765796224327
-0.0074999999999999997 -0.017500000000000002 399.2061026709182
-0.0069999999999999993 -0.017500000000000002 458.20994558703705
-0.0064999999999999988 -0.017500000000000002 515.85428290455741
-0.0059999999999999984 -0.017500000000000002 574.67614672395575
-0.0054999999999999979 -0.017500000000000002 640.0221777200934
-0.005000000000000001 -0.017500000000000002 719.56435976338639
-0.0044999999999999971 -0.017500000000000002 821.94184726101946
-0.0040000000000000001 -0.017500000000000002 954.65030431983894
-0.0035000000000000031 -0.017500000000000002 1121.561319316867
-0.0029999999999999992 -0.017500000000000002 1320.6662392134442
-0.0025000000000000022 -0.017500000000000002 1542.7194792153762
-0.0019999999999999983 -0.017500000000000002 1771.3469350804073
-0.0015000000000000013 -0.017500000000000002 1984.8772611544828
-0.00099999999999999742 -0.017500000000000002 2159.7074626698668
-0.00050000000000000044 -0.017500000000000002 2274.552417153513
0 -0.017500000000000002 2314.6026488212651
0.00050000000000000044 -0.017500000000000002 2274.5524171535003
0.0010000000000000009 -0.017500000000000002 2159.7074626698281
0.0015000000000000013 -0.017500000000000002 1984.8772611543952
0.0020000000000000018 -0.017500000000000002 1771.3469350802084
0.0024999999999999988 -0.017500000000000002 1542.7194792149498
0.0030000000000000027 -0.017500000000000002 1320.6662392125468
0.0034999999999999996 -0.017500000000000002 1121.5613193150662
0.0040000000000000036 -0.017500000000000002 954.65030431635262
0.0045000000000000005 -0.017500000000000002 821.94184725454056
0.0049999999999999975 -0.017500000000000002 719.56435975181807
0.0055000000000000014 -0.017500000000000002 640.02217770024095
0.0059999999999999984 -0.017500000000000002 574.67614669122543
0.0064999999999999988 -0.017500000000000002 515.85428285270928
0.0069999999999999993 -0.017500000000000002 458.20994550812668
0.0074999999999999997 -0.017500000000000002 399.20610255552833
0.0080000000000000002 -0.017500000000000002 338.83765780012686
0.0085000000000000006 -0.017500000000000002 278.85615916183968
0.0090000000000000011 -0.017500000000000002 221.81183621479377
0.0095000000000000015 -0.017500000000000002 170.1874361094342
0.010000000000000002 -0.017500000000000002 125.79941450614588
0.010500000000000002 -0.017500000000000002 89.525785688999946
0.011000000000000003 -0.017500000000000002 61.322213917156333
0.011500000000000003 -0.017500000000000002 40.42995997288336
0.012000000000000004 -0.017500000000000002 25.664881534733432
0.012499999999999997 -0.017500000000000002 15.695761509933252
0.013000000000000005 -0.017500000000000002 9.2561190543985017
0.013499999999999998 -0.017500000000000002 5.2704033739989846
0.014000000000000005 -0.017500000000000002 2.9026718167382897
0.014499999999999999 -0.017500000000000002 1.5499066207722494
0.014999999999999999 -0.017500000000000002 0.80472944118910539
0.0155 -0.017500000000000002 0.40773207042514031
0.016000000000000007 -0.017500000000000002 0.20240257773503004
0.016500000000000001 -0.017500000000000002 0.098843423939049116
0.017000000000000001 -0.017500000000000002 0.04765918181906463
0.017500000000000002 -0.017500000000000002 0.022746478310997447
0.017999999999999995 -0.017500000000000002 0.010755922499016116
0.018500000000000003 -0.017500000000000002 0.0050344204350138812
0.019000000000000003 -0.017500000000000002 0.0023265764366258031
0.019500000000000003 -0.017500000000000002 0.0010577277546613003
0.019999999999999997 -0.017500000000000002 0.00047113305347260681
0.020499999999999997 -0.017500000000000002 0.0002047806039909899
0.021000000000000005 -0.017500000000000002 8.6549110950316643e-05
0.021500000000000005 -0.017500000000000002 3.5463092865374017e-05
0.021999999999999999 -0.017500000000000002 1.4054267745707232e-05
0.022499999999999999 -0.017500000000000002 5.3774128115519474e-06
0.023000000000000007 -0.017500000000000002 1.9837439729355966e-06
0.023500000000000007 -0.017500000000000002 7.0487811429826882e-07
0.024 -0.017500000000000002 2.4107153354098695e-07
0.024500000000000001 -0.017500000000000002 7.9315213973912736e-08
0.025000000000000001 -0.017500000000000002 2.5094877870705766e-08
-0.025000000000000001 -0.017000000000000001 6.1633041305049688e-08
-0.024500000000000001 -0.017000000000000001 1.9467348849071216e-07
-0.024 -0.017000000000000001 5.9115869802972784e-07
-0.0235 -0.017000000000000001 1.726313430930631e-06
-0.023 -0.017000000000000001 4.8496915904439559e-06
-0.022500000000000003 -0.017000000000000001 1.3113309159845805e-05
-0.022000000000000002 -0.017000000000000001 3.4152840052585661e-05
-0.021500000000000002 -0.017000000000000001 8.5760754426922605e-05
-0.021000000000000001 -0.017000000000000001 0.00020791414513345429
-0.020500000000000001 -0.017000000000000001 0.00048752536058334746
-0.02 -0.017000000000000001 0.0011082830588238625
-0.0195 -0.017000000000000001 0.0024498123123585375
-0.019 -0.017000000000000001 0.0052843379907926797
-0.018500000000000003 -0.017000000000000001 0.011167643706813507
-0.018000000000000002 -0.017000000000000001 0.023217814992947249
-0.017500000000000002 -0.017000000000000001 0.047659260729845859
-0.017000000000000001 -0.017000000000000001 0.096837096099885986
-0.016500000000000001 -0.017000000000000001 0.19494063773679374
-0.016 -0.017000000000000001 0.38844735242323719
-0.0155 -0.017000000000000001 0.7642396601401924
-0.015000000000000001 -0.017000000000000001 1.4791711218874402
-0.014500000000000001 -0.017000000000000001 2.8049480003609384
-0.014 -0.017000000000000001 5.1905574938850192
-0.0135 -0.017000000000000001 9.339926180065822
-0.012999999999999999 -0.017000000000000001 16.294161600814146
-0.012500000000000001 -0.017000000000000001 27.495956284032729
-0.012 -0.017000000000000001 44.801100660468286
-0.0115 -0.017000000000000001 70.393998373406802
-0.010999999999999999 -0.017000000000000001 106.56828554250772
-0.010499999999999999 -0.017000000000000001 155.35756520842344
-0.010000000000000002 -0.017000000000000001 218.04783742318622
-0.0095000000000000015 -0.017000000000000001 294.66626317797164
-0.0090000000000000011 -0.017000000000000001 383.60260915708142
-0.0085000000000000006 -0.017000000000000001 481.5528470908356
-0.0080000000000000002 -0.017000000000000001 583.9506117840159
-0.0074999999999999997 -0.017000000000000001 685.95482451265025
-0.0069999999999999993 -0.017000000000000001 783.89784515883787
-0.0064999999999999988 -0.017000000000000001 876.90456991002452
-0.0059999999999999984 -0.017000000000000001 968.22952586164899
-0.0054999999999999979 -0.017000000000000001 1065.7941829548024
-0.005000000000000001 -0.017000000000000001 1181.4924880620677
-0.0044999999999999971 -0.017000000000000001 1329.0830761491807
-0.0040000000000000001 -0.017000000000000001 1520.8642438916531
-0.0035000000000000031 -0.017000000000000001 1763.7439141608249
-0.0029999999999999992 -0.017000000000000001 2055.6480397539208
-0.0025000000000000022 -0.017000000000000001 2383.330628867041
-0.0019999999999999983 -0.017000000000000001 2722.4691066185446
-0.0015000000000000013 -0.017000000000000001 3040.4426561955829
-0.00099999999999999742 -0.017000000000000001 3301.4956636552288
-0.00050000000000000044 -0.017000000000000001 3473.274794205247
0 -0.017000000000000001 3533.2296127603731
0.00050000000000000044 -0.017000000000000001 3473.2747942051969
0.0010000000000000009 -0.017000000000000001 3301.4956636550833
0.0015000000000000013 -0.017000000000000001 3040.4426561952396
0.0020000000000000018 -0.017000000000000001 2722.4691066177638
0.0024999999999999988 -0.017000000000000001 2383.3306288653453
0.0030000000000000027 -0.017000000000000001 2055.6480397503615
0.0034999999999999996 -0.017000000000000001 1763.7439141536668
0.0040000000000000036 -0.017000000000000001 1520.8642438777997
0.0045000000000000005 -0.017000000000000001 1329.0830761234317
0.0049999999999999975 -0.017000000000000001 1181.4924880160831
0.0055000000000000014 -0.017000000000000001 1065.7941828758908
0.0059999999999999984 -0.017000000000000001 968.22952573154726
0.0064999999999999988 -0.017000000000000001 876.90456970393382
0.0069999999999999993 -0.017000000000000001 783.89784484517543
0.0074999999999999997 -0.017000000000000001 685.95482405398627
0.0080000000000000002 -0.017000000000000001 583.95061113961719
0.0085000000000000006 -0.017000000000000001 481.5528462209881
0.0090000000000000011 -0.017000000000000001 383.6026080289501
0.0095000000000000015 -0.017000000000000001 294.66626177223321
0.010000000000000002 -0.017000000000000001 218.04783574021207
0.010500000000000002 -0.017000000000000001 155.35756327254194
0.011000000000000003 -0.017000000000000001 106.56828340302776
0.011500000000000003 -0.017000000000000001 70.393996101628971
0.012000000000000004 -0.017000000000000001 44.801098342797616
0.012499999999999997 -0.017000000000000001 27.495954012255218
0.013000000000000005 -0.017000000000000001 16.294159461334491
0.013499999999999998 -0.017000000000000001 9.3399242441847061
0.014000000000000005 -0.017000000000000001 5.190555810910773
0.014499999999999999 -0.017000000000000001 2.8049465946227272
0.014999999999999999 -0.017000000000000001 1.4791699937560996
0.0155 -0.017000000000000001 0.7642387902927319
0.016000000000000007 -0.017000000000000001 0.3884467080243848
0.016500000000000001 -0.017000000000000001 0.19494017907281763
0.017000000000000001 -0.017000000000000001 0.096836782437292698
0.017500000000000002 -0.017000000000000001 0.047659054638836566
0.017999999999999995 -0.017000000000000001 0.023217684891063791
0.018500000000000003 -0.017000000000000001 0.011167564796032174
0.019000000000000003 -0.017000000000000001 0.0052842920056727326
0.019500000000000003 -0.017000000000000001 0.0024497865653649946
0.019999999999999997 -0.017000000000000001 0.0011082692083719109
0.020499999999999997 -0.017000000000000001 0.00048751820195877229
0.021000000000000005 -0.017000000000000001 0.00020791059026569234
0.021500000000000005 -0.017000000000000001 8.5759058350045556e-05
0.021999999999999999 -0.017000000000000001 3.4152062560749971e-05
0.022499999999999999 -0.017000000000000001 1.3112966727830229e-05
0.023000000000000007 -0.017000000000000001 4.8495466861990808e-06
0.023500000000000007 -0.017000000000000001 1.7262545172611002e-06
0.024 -0.017000000000000001 5.9113568471053729e-07
0.024500000000000001 -0.017000000000000001 1.9466485133659702e-07
0.025000000000000001 -0.017000000000000001 6.1629926790978477e-08
-0.025000000000000001 -0.016500000000000001 1.4549780425064372e-07
-0.024500000000000001 -0.016500000000000001 4.5936035990578928e-07
-0.024 -0.016500000000000001 1.3940354613009865e-06
-0.0235 -0.016500000000000001 4.0672261427852071e-06
-0.023 -0.016500000000000001 1.1411460425017865e-05
-0.022500000000000003 -0.016500000000000001 3.0800881380692304e-05
-0.022000000000000002 -0.016500000000000001 8.0018214342092976e-05
-0.021500000000000002 -0.016500000000000001 0.00020023084870449966
-0.021000000000000001 -0.016500000000000001 0.00048308152815325914
-0.020500000000000001 -0.016500000000000001 0.0011252359715227212
-0.02 -0.016500000000000001 0.0025350385243334472
-0.0195 -0.016500000000000001 0.0055368896862817854
-0.019 -0.016500000000000001 0.011759147968231444
-0.018500000000000003 -0.016500000000000001 0.024370337208430792
-0.018000000000000002 -0.016500000000000001 0.049483505749459797
-0.017500000000000002 -0.016500000000000001 0.098843539329068253
-0.017000000000000001 -0.016500000000000001 0.19494063773679352
-0.016500000000000001 -0.016500000000000001 0.38056176306249484
-0.016 -0.016500000000000001 0.73606194570645678
-0.0155 -0.016500000000000001 1.4092017954751153
-0.015000000000000001 -0.016500000000000001 2.6637922906926188
-0.014500000000000001 -0.016500000000000001 4.9535909172508088
-0.014 -0.016500000000000001 9.0252523329651453
-0.0135 -0.016500000000000001 16.046651187599434
-0.012999999999999999 -0.016500000000000001 27.743078185278218
-0.012500000000000001 -0.016500000000000001 46.504179354109105
-0.012 -0.016500000000000001 75.403314908924401
-0.0115 -0.016500000000000001 118.05727440987829
-0.010999999999999999 -0.016500000000000001 178.26076609381585
-0.010499999999999999 -0.016500000000000001 259.36919029611727
-0.010000000000000002 -0.016500000000000001 363.47987636660787
-0.0095000000000000015 -0.016500000000000001 490.56606065961148
-0.0090000000000000011 -0.016500000000000001 637.82000258209166
-0.0085000000000000006 -0.016500000000000001 799.51698633895091
-0.0080000000000000002 -0.016500000000000001 967.67424521355406
-0.0074999999999999997 -0.016500000000000001 1133.6212202388708
-0.0069999999999999993 -0.016500000000000001 1290.3325297060233
-0.0064999999999999988 -0.016500000000000001 1435.0630753393116
-0.0059999999999999984 -0.016500000000000001 1571.5644216986914
-0.0054999999999999979 -0.016500000000000001 1711.0613517571687
-0.005000000000000001 -0.016500000000000001 1871.3074087560856
-0.0044999999999999971 -0.016500000000000001 2073.4353457915772
-0.0040000000000000001 -0.016500000000000001 2336.9079090562427
-0.0035000000000000031 -0.016500000000000001 2673.514013405686
-0.0029999999999999992 -0.016500000000000001 3081.854536803261
-0.0025000000000000022 -0.016500000000000001 3543.9319074526798
-0.0019999999999999983 -0.016500000000000001 4025.1737483193119
-0.0015000000000000013 -0.016500000000000001 4478.4809493247658
-0.00099999999999999742 -0.016500000000000001 4851.8464695333278
-0.00050000000000000044 -0.016500000000000001 5098.0298851125817
0 -0.016500000000000001 5184.037697132193
0.00050000000000000044 -0.016500000000000001 5098.029885112388
0.0010000000000000009 -0.016500000000000001 4851.8464695327812
0.0015000000000000013 -0.016500000000000001 4478.4809493234588
0.0020000000000000018 -0.016500000000000001 4025.173748316337
0.0024999999999999988 -0.016500000000000001 3543.9319074462023
0.0030000000000000027 -0.016500000000000001 3081.8545367896791
0.0034999999999999996 -0.016500000000000001 2673.514013378347
0.0040000000000000036 -0.016500000000000001 2336.9079090033429
0.0045000000000000005 -0.016500000000000001 2073.4353456932458
0.0049999999999999975 -0.016500000000000001 1871.3074085804678
0.0055000000000000014 -0.016500000000000001 1711.0613514558045
0.0059999999999999984 -0.016500000000000001 1571.5644212018274
0.0064999999999999988 -0.016500000000000001 1435.0630745522417
0.0069999999999999993 -0.016500000000000001 1290.3325285081326
0.0074999999999999997 -0.016500000000000001 1133.6212184872134
0.0080000000000000002 -0.016500000000000001 967.67424275256701
0.0085000000000000006 -0.016500000000000001 799.51698301696558
0.0090000000000000011 -0.016500000000000001 637.81999827370907
0.0095000000000000015 -0.016500000000000001 490.56605529103587
0.010000000000000002 -0.016500000000000001 363.47986993925622
0.010500000000000002 -0.016500000000000001 259.3691829029022
0.011000000000000003 -0.016500000000000001 178.26075792304974
0.011500000000000003 -0.016500000000000001 118.05726573386053
0.012000000000000004 -0.016500000000000001 75.403306057639654
0.012499999999999997 -0.016500000000000001 46.504170678091889
0.013000000000000005 -0.016500000000000001 27.743070014512636
0.013499999999999998 -0.016500000000000001 16.046643794385211
0.014000000000000005 -0.016500000000000001 9.0252459056133976
0.014499999999999999 -0.016500000000000001 4.9535855486754166
0.014999999999999999 -0.016500000000000001 2.6637879823099424
0.0155 -0.016500000000000001 1.4091984734898197
0.016000000000000007 -0.016500000000000001 0.73605948471921323
0.016500000000000001 -0.016500000000000001 0.38056001140481505
0.017000000000000001 -0.016500000000000001 0.19493943984570408
0.017500000000000002 -0.016500000000000001 0.098842752258537503
0.017999999999999995 -0.016500000000000001 0.049483008884706317
0.018500000000000003 -0.016500000000000001 0.024370035844723772
0.019000000000000003 -0.016500000000000001 0.011758972349057777
0.019500000000000003 -0.016500000000000001 0.0055367913573933147
0.019999999999999997 -0.016500000000000001 0.0025349856288548588
0.020499999999999997 -0.016500000000000001 0.0011252086324240271
0.021000000000000005 -0.016500000000000001 0.00048306795195862077
0.021500000000000005 -0.016500000000000001 0.00020022437131311793
0.021999999999999999 -0.016500000000000001 8.0015245066946878e-05
0.022499999999999999 -0.016500000000000001 3.0799573617927091e-05
0.023000000000000007 -0.016500000000000001 1.1410907029402653e-05
0.023500000000000007 -0.016500000000000001 4.0670011489182495e-06
0.024 -0.016500000000000001 1.3939475724337894e-06
0.024500000000000001 -0.016500000000000001 4.5932737423846262e-07
0.025000000000000001 -0.016500000000000001 1.4548590978590742e-07
-0.025000000000000001 -0.016 3.3012090675503109e-07
-0.024500000000000001 -0.016 1.0419101880983086e-06
-0.024 -0.016 3.1604852195319853e-06
-0.0235 -0.016 9.2151134933160439e-06
-0.023 -0.016 2.5831640922737226e-05
-0.022500000000000003 -0.016 6.9634085454467576e-05
-0.022000000000000002 -0.016 0.00018058052401300601
-0.021500000000000002 -0.016 0.0004507376776084297
-0.021000000000000001 -0.016 0.0010836607566633999
-0.020500000000000001 -0.016 0.0025119456258266468
-0.02 -0.016 0.0056216128838003044
-0.0195 -0.016 0.012168288227471763
-0.019 -0.016 0.025535152380762406
-0.018500000000000003 -0.016 0.052104610611301838
-0.018000000000000002 -0.016 0.10375036065865077
-0.017500000000000002 -0.016 0.202402739851961
-0.017000000000000001 -0.016 0.3884473524232363
-0.016500000000000001 -0.016 0.73606194570645589
-0.016 -0.016 1.380592416243424
-0.0155 -0.016 2.5655674907875445
-0.015000000000000001 -0.016 4.719235501328459
-0.014500000000000001 -0.016 8.5709553715879441
-0.014 -0.016 15.313733645520379
-0.0135 -0.016 26.807422506174738
-0.012999999999999999 -0.016 45.795120399437074
-0.012500000000000001 -0.016 76.073872859054816
-0.012 -0.016 122.52656873138248
-0.0115 -0.016 190.89933895370359
-0.010999999999999999 -0.016 287.21821847630599
-0.010499999999999999 -0.016 416.8002058082788
-0.010000000000000002 -0.016 582.93521027643533
-0.0095000000000000015 -0.016 785.48069107283732
-0.0090000000000000011 -0.016 1019.7734256642349
-0.0085000000000000006 -0.016 1276.3518787864116
-0.0080000000000000002 -0.016 1541.9251496966815
-0.0074999999999999997 -0.016 1801.7788461782673
-0.0069999999999999993 -0.016 2043.395436767604
-0.0064999999999999988 -0.016 2260.582954339709
-0.0059999999999999984 -0.016 2457.0058640163647
-0.0054999999999999979 -0.016 2647.8622401462544
-0.005000000000000001 -0.016 2858.6709618293867
-0.0044999999999999971 -0.016 3120.7398637246283
-0.0040000000000000001 -0.016 3463.773630887209
-0.0035000000000000031 -0.016 3907.0286570931908
-0.0029999999999999992 -0.016 4451.1471611533862
-0.0025000000000000022 -0.016 5073.0334721691806
-0.0019999999999999983 -0.016 5725.7022368869602
-0.0015000000000000013 -0.016 6343.9422691687596
-0.00099999999999999742 -0.016 6855.1297197953854
-0.00050000000000000044 -0.016 7193.0047278990023
0 -0.016 7311.1836592368682
0.00050000000000000044 -0.016 7193.0047278982956
0.0010000000000000009 -0.016 6855.1297197933918
0.0015000000000000013 -0.016 6343.9422691639711
0.0020000000000000018 -0.016 5725.7022368760609
0.0024999999999999988 -0.016 5073.0334721454128
0.0030000000000000027 -0.016 4451.147161103564
0.0034999999999999996 -0.016 3907.0286569928771
0.0040000000000000036 -0.016 3463.7736306931151
0.0045000000000000005 -0.016 3120.7398633638268
0.0049999999999999975 -0.016 2858.6709611849897
0.0055000000000000014 -0.016 2647.8622390404616
0.0059999999999999984 -0.016 2457.0058621932226
0.0064999999999999988 -0.016 2260.5829514517145
0.0069999999999999993 -0.016 2043.3954323721873
0.0074999999999999997 -0.016 1801.7788397509157
0.0080000000000000002 -0.016 1541.9251406665899
0.0085000000000000006 -0.016 1276.3518665970619
0.0090000000000000011 -0.016 1019.7734098555007
0.0095000000000000015 -0.016 785.48067137394116
0.010000000000000002 -0.016 582.9351866925748
0.010500000000000002 -0.016 416.80017868038118
0.011000000000000003 -0.016 287.2181884953427
0.011500000000000003 -0.016 190.89930711882138
0.012000000000000004 -0.016 122.52653625339337
0.012499999999999997 -0.016 76.073841024173703
0.013000000000000005 -0.016 45.795090418474587
0.013499999999999998 -0.016 26.807395378278372
0.014000000000000005 -0.016 15.313710061660144
0.014499999999999999 -0.016 8.5709356726921246
0.014999999999999999 -0.016 4.71921969259426
0.0155 -0.016 2.565555301437966
0.016000000000000007 -0.016 1.3805833861511421
0.016500000000000001 -0.016 0.73605551835476779
0.017000000000000001 -0.016 0.38844295700545295
0.017500000000000002 -0.016 0.20239985185668469
0.017999999999999995 -0.016 0.10374853751446524
0.018500000000000003 -0.016 0.052103504818455743
0.019000000000000003 -0.016 0.025534507981913698
0.019500000000000003 -0.016 0.012167927429608939
0.019999999999999997 -0.016 0.0056214187945969572
0.020499999999999997 -0.016 0.0025118453105628818
0.021000000000000005 -0.016 0.0010836109415776549
0.021500000000000005 -0.016 0.00045071391013781802
0.021999999999999999 -0.016 0.00018056962886160604
0.022499999999999999 -0.016 6.9629286884910556e-05
0.023000000000000007 -0.016 2.5829610350050631e-05
0.023500000000000007 -0.016 9.2142879240698233e-06
0.024 -0.016 3.1601627292044217e-06
0.024500000000000001 -0.016 1.0417891538991054e-06
0.025000000000000001 -0.016 3.300772624352092e-07
-0.025000000000000001 -0.0155 7.1982682091924998e-07
-0.024500000000000001 -0.0155 2.2713513594611063e-06
-0.024 -0.0155 6.8875832986345066e-06
-0.0235 -0.0155 2.0073170837808668e-05
-0.023 -0.0155 5.6232688778822124e-05
-0.022500000000000003 -0.0155 0.00015144898587195017
-0.022000000000000002 -0.0155 0.00039224977067964662
-0.021500000000000002 -0.0155 0.00097732359456064832
-0.021000000000000001 -0.0155 0.0023437871447927324
-0.020500000000000001 -0.0155 0.0054139549331028818
-0.02 -0.0155 0.012057538088876624
-0.0195 -0.0155 0.025926063309727056
-0.019 -0.0155 0.053917837133141036
-0.018500000000000003 -0.0155 0.10870983827000906
-0.018000000000000002 -0.0155 0.21312483237546812
-0.017500000000000002 -0.0155 0.40773228926010335
-0.017000000000000001 -0.0155 0.76423966014019007
-0.016500000000000001 -0.0155 1.4092017954751117
-0.016 -0.0155 2.5655674907875445
-0.0155 -0.0155 4.6234159466404288
-0.015000000000000001 -0.0155 8.254863445909308
-0.014500000000000001 -0.0155 14.589082272147303
-0.014 -0.0155 25.457566908092812
-0.0135 -0.0155 43.702114060522639
-0.012999999999999999 -0.0155 73.504499129074915
-0.012500000000000001 -0.0155 120.64844484271927
-0.012 -0.0155 192.57134102588145
-0.0115 -0.0155 298.02732198540417
-0.010999999999999999 -0.0155 446.19621866739919
-0.010499999999999999 -0.0155 645.16533418361826
-0.010000000000000002 -0.0155 899.89561714766126
-0.0095000000000000015 -0.0155 1210.0363596600885
-0.0090000000000000011 -0.0155 1568.2018728089156
-0.0085000000000000006 -0.0155 1959.4615729130603
-0.0080000000000000002 -0.0155 2362.7108266215037
-0.0074999999999999997 -0.0155 2754.2214796367957
-0.0069999999999999993 -0.0155 3113.0516870678348
-0.0064999999999999988 -0.0155 3427.2718159682854
-0.0059999999999999984 -0.0155 3699.3700344106624
-0.0054999999999999979 -0.0155 3948.9852308613845
-0.005000000000000001 -0.0155 4211.4463588023527
-0.0044999999999999971 -0.0155 4531.4925861201718
-0.0040000000000000001 -0.0155 4952.8387072700007
-0.0035000000000000031 -0.0155 5505.6070916111321
-0.0029999999999999992 -0.0155 6194.6628448128449
-0.0025000000000000022 -0.0155 6992.1877765094041
-0.0019999999999999983 -0.0155 7837.1915122564305
-0.0015000000000000013 -0.0155 8643.1206996104429
-0.00099999999999999742 -0.0155 9312.622608382324
-0.00050000000000000044 -0.0155 9756.4245612420127
0 -0.0155 9911.8695133175115
0.00050000000000000044 -0.0155 9756.4245612395243
0.0010000000000000009 -0.0155 9312.6226083753081
0.0015000000000000013 -0.0155 8643.1206995935718
0.0020000000000000018 -0.0155 7837.1915122180253
0.0024999999999999988 -0.0155 6992.1877764256187
0.0030000000000000027 -0.0155 6194.6628446372179
0.0034999999999999996 -0.0155 5505.6070912574805
0.0040000000000000036 -0.0155 4952.838706585746
0.0045000000000000005 -0.0155 4531.4925848482035
0.0049999999999999975 -0.0155 4211.4463565305778
0.0055000000000000014 -0.0155 3948.9852269629991
0.0059999999999999984 -0.0155 3699.370027983312
0.0064999999999999988 -0.0155 3427.2718057868856
0.0069999999999999993 -0.0155 3113.0516715721355
0.0074999999999999997 -0.0155 2754.2214569776729
0.0080000000000000002 -0.0155 2362.7107947866225
0.0085000000000000006 -0.0155 1959.4615299404654
0.0090000000000000011 -0.0155 1568.2018170764636
0.0095000000000000015 -0.0155 1210.0362902131769
0.010000000000000002 -0.0155 899.89553400461386
0.010500000000000002 -0.0155 645.16523854634761
0.011000000000000003 -0.0155 446.19611297186935
0.011500000000000003 -0.0155 298.02720975402809
0.012000000000000004 -0.0155 192.57122652728182
0.012499999999999997 -0.0155 120.64833261134486
0.013000000000000005 -0.0155 73.504393433546213
0.013499999999999998 -0.0155 43.702018423253847
0.014000000000000005 -0.0155 25.457483765045357
0.014499999999999999 -0.0155 14.589012825236642
0.014999999999999999 -0.0155 8.2548077134580424
0.0155 -0.0155 4.6233729740454912
0.016000000000000007 -0.0155 2.5655356559062015
0.016500000000000001 -0.0155 1.4091791363513599
0.017000000000000001 -0.0155 0.76422416443988905
0.017500000000000002 -0.0155 0.40772210785949942
0.017999999999999995 -0.0155 0.21311840502377954
0.018500000000000003 -0.0155 0.10870593988414824
0.019000000000000003 -0.0155 0.053915565355593331
0.019500000000000003 -0.0155 0.025924791345188814
0.019999999999999997 -0.0155 0.012056853842628596
0.020499999999999997 -0.0155 0.0054136012795164504
0.021000000000000005 -0.0155 0.002343611525619045
0.021500000000000005 -0.0155 0.00097723980420904698
0.021999999999999999 -0.0155 0.00039221136067878914
0.022499999999999999 -0.0155 0.00015143206889172391
0.023000000000000007 -0.0155 5.6225530154241536e-05
0.023500000000000007 -0.0155 2.0070260358248754e-05
0.024 -0.0155 6.8864463843042461e-06
0.024500000000000001 -0.0155 2.2709246628945164e-06
0.025000000000000001 -0.0155 7.1967295629634847e-07
-0.025000000000000001 -0.015000000000000001 1.5083466802912755e-06
-0.024500000000000001 -0.015000000000000001 4.7586355727530804e-06
-0.024 -0.015000000000000001 1.4426541526133704e-05
-0.0235 -0.015000000000000001 4.2030913252452139e-05
-0.023 -0.015000000000000001 0.00011769079417534646
-0.022500000000000003 -0.015000000000000001 0.00031676730437141254
-0.022000000000000002 -0.015000000000000001 0.00081967791986681997
-0.021500000000000002 -0.015000000000000001 0.0020396951659642187
-0.021000000000000001 -0.015000000000000001 0.0048827776076398903
-0.020500000000000001 -0.015000000000000001 0.01125052978606861
-0.02 -0.015000000000000001 0.024968698586886683
-0.0195 -0.015000000000000001 0.053427710852131972
-0.019 -0.015000000000000001 0.11037515312392837
-0.018500000000000003 -0.015000000000000001 0.22054344980542978
-0.018000000000000002 -0.015000000000000001 0.4272259613636481
-0.017500000000000002 -0.015000000000000001 0.80472972500275031
-0.017000000000000001 -0.015000000000000001 1.4791711218874328
-0.016500000000000001 -0.015000000000000001 2.6637922906926099
-0.016 -0.015000000000000001 4.7192355013284484
-0.0155 -0.015000000000000001 8.254863445909292
-0.015000000000000001 -0.015000000000000001 14.292819142119948
-0.014500000000000001 -0.015000000000000001 24.518511756771979
-0.014 -0.015000000000000001 41.633483961583586
-0.0135 -0.015000000000000001 69.80143067359829
-0.012999999999999999 -0.015000000000000001 115.12930388119726
-0.012500000000000001 -0.015000000000000001 186.05389639627563
-0.012 -0.015000000000000001 293.42474211297844
-0.0115 -0.015000000000000001 450.01909392309392
-0.010999999999999999 -0.015000000000000001 669.24090095028191
-0.010499999999999999 -0.015000000000000001 962.88905370665123
-0.010000000000000002 -0.015000000000000001 1338.1500488636509
-0.0095000000000000015 -0.015000000000000001 1794.3414273870085
-0.0090000000000000011 -0.015000000000000001 2320.3004365043939
-0.0085000000000000006 -0.015000000000000001 2893.5186114654521
-0.0080000000000000002 -0.015000000000000001 3482.0053092389812
-0.0074999999999999997 -0.015000000000000001 4049.3315712568306
-0.0069999999999999993 -0.015000000000000001 4562.4108873397799
-0.0064999999999999988 -0.015000000000000001 5000.5322569983673
-0.0059999999999999984 -0.015000000000000001 5363.312514756255
-0.0054999999999999979 -0.015000000000000001 5674.9334706417567
-0.005000000000000001 -0.015000000000000001 5982.5105044622887
-0.0044999999999999971 -0.015000000000000001 6347.7117343707287
-0.0040000000000000001 -0.015000000000000001 6832.5552679760303
-0.0035000000000000031 -0.015000000000000001 7482.1849833676524
-0.0029999999999999992 -0.015000000000000001 8308.7966016965493
-0.0025000000000000022 -0.015000000000000001 9281.2554916909085
-0.0019999999999999983 -0.015000000000000001 10324.043808436943
-0.0015000000000000013 -0.015000000000000001 11327.075415264631
-0.00099999999999999742 -0.015000000000000001 12165.089618191541
-0.00050000000000000044 -0.015000000000000001 12722.553281061377
0 -0.015000000000000001 12918.136361373829
0.00050000000000000044 -0.015000000000000001 12722.55328105296
0.0010000000000000009 -0.015000000000000001 12165.089618167804
0.0015000000000000013 -0.015000000000000001 11327.075415207502
0.0020000000000000018 -0.015000000000000001 10324.043808306889
0.0024999999999999988 -0.015000000000000001 9281.2554914071152
0.0030000000000000027 -0.015000000000000001 8308.7966011016888
0.0034999999999999996 -0.015000000000000001 7482.1849821697651
0.0040000000000000036 -0.015000000000000001 6832.5552656583532
0.0045000000000000005 -0.015000000000000001 6347.7117300623422
0.0049999999999999975 -0.015000000000000001 5982.5104967673551
0.0055000000000000014 -0.015000000000000001 5674.9334574371933
0.0059999999999999984 -0.015000000000000001 5363.3124929856094
0.0064999999999999988 -0.015000000000000001 5000.5322225120544
0.0069999999999999993 -0.015000000000000001 4562.4108348529362
0.0074999999999999997 -0.015000000000000001 4049.3314945061261
0.0080000000000000002 -0.015000000000000001 3482.005201408263
0.0085000000000000006 -0.015000000000000001 2893.518465909206
0.0090000000000000011 -0.015000000000000001 2320.3002477281179
0.0095000000000000015 -0.015000000000000001 1794.3411921572836
0.010000000000000002 -0.015000000000000001 1338.1497672425407
0.010500000000000002 -0.015000000000000001 962.88872976526466
0.011000000000000003 -0.015000000000000001 669.24054293968288
0.011500000000000003 -0.015000000000000001 450.01871377435674
0.012000000000000004 -0.015000000000000001 293.4243542847276
0.012499999999999997 -0.015000000000000001 186.05351624754061
0.013000000000000005 -0.015000000000000001 115.12894587059991
0.013499999999999998 -0.015000000000000001 69.801106732214478
0.014000000000000005 -0.015000000000000001 41.633202340473439
0.014499999999999999 -0.015000000000000001 24.518276527048034
0.014999999999999999 -0.015000000000000001 14.292630365844628
0.0155 -0.015000000000000001 8.2547178896628317
0.016000000000000007 -0.015000000000000001 4.7191276706088896
0.016500000000000001 -0.015000000000000001 2.6637155399865717
0.017000000000000001 -0.015000000000000001 1.4791186350414449
0.017500000000000002 -0.015000000000000001 0.80469523868751147
0.017999999999999995 -0.015000000000000001 0.4272041907168454
0.018500000000000003 -0.015000000000000001 0.22053024524066042
0.019000000000000003 -0.015000000000000001 0.1103674581868852
0.019500000000000003 -0.015000000000000001 0.053423402469450487
0.019999999999999997 -0.015000000000000001 0.02496638091638842
0.020499999999999997 -0.015000000000000001 0.011249331894978636
0.021000000000000005 -0.015000000000000001 0.0048821827525290093
0.021500000000000005 -0.015000000000000001 0.0020394113523130881
0.021999999999999999 -0.015000000000000001 0.00081954781798306367
0.022499999999999999 -0.015000000000000001 0.00031671000338349736
0.023000000000000007 -0.015000000000000001 0.00011766654656997826
0.023500000000000007 -0.015000000000000001 4.2021054911788119e-05
0.024 -0.015000000000000001 1.4422690583860067e-05
0.024500000000000001 -0.015000000000000001 4.7571902713767492e-06
0.025000000000000001 -0.015000000000000001 1.5078255119279452e-06
-0.025000000000000001 -0.014500000000000001 3.0372865266746378e-06
-0.024500000000000001 -0.014500000000000001 9.5809352813843933e-06
-0.024 -0.014500000000000001 2.9040879171672078e-05
-0.0235 -0.014500000000000001 8.4588444378183418e-05
-0.023 -0.014500000000000001 0.000236777229258701
-0.022500000000000003 -0.014500000000000001 0.00063699585610440309
-0.022000000000000002 -0.014500000000000001 0.0016472445812732433
-0.021500000000000002 -0.014500000000000001 0.0040952945400310938
-0.021000000000000001 -0.014500000000000001 0.0097911073833641653
-0.020500000000000001 -0.014500000000000001 0.02251948973525042
-0.02 -0.014500000000000001 0.049852849754257307
-0.0195 -0.014500000000000001 0.10630131753003753
-0.019 -0.014500000000000001 0.21854219562887009
-0.018500000000000003 -0.014500000000000001 0.43377676030300455
-0.018000000000000002 -0.014500000000000001 0.83275174928400786
-0.017500000000000002 -0.014500000000000001 1.5499069744258236
-0.017000000000000001 -0.014500000000000001 2.804948000360926
-0.016500000000000001 -0.014500000000000001 4.9535909172507875
-0.016 -0.014500000000000001 8.5709553715879263
-0.0155 -0.014500000000000001 14.589082272147259
-0.015000000000000001 -0.014500000000000001 24.518511756771947
-0.014500000000000001 -0.014500000000000001 40.787839576160302
-0.014 -0.014500000000000001 67.225901713251204
-0.0135 -0.014500000000000001 109.67732354872228
-0.012999999999999999 -0.014500000000000001 176.67411557250765
-0.012500000000000001 -0.014500000000000001 279.98435092354276
-0.012 -0.014500000000000001 434.74401881766437
-0.0115 -0.014500000000000001 658.79601299980527
-0.010999999999999999 -0.014500000000000001 970.877903900668
-0.010499999999999999 -0.014500000000000001 1387.4840466709882
-0.010000000000000002 -0.014500000000000001 1918.6064772352618
-0.0095000000000000015 -0.014500000000000001 2563.0840552389964
-0.0090000000000000011 -0.014500000000000001 3304.8129879839103
-0.0085000000000000006 -0.014500000000000001 4111.3696496243865
-0.0080000000000000002 -0.014500000000000001 4936.4396851406236
-0.0074999999999999997 -0.014500000000000001 5726.7096789732022
-0.0069999999999999993 -0.014500000000000001 6432.6327950489049
-0.0064999999999999988 -0.014500000000000001 7021.0344153823162
-0.0059999999999999984 -0.014500000000000001 7486.3528615601499
-0.0054999999999999979 -0.014500000000000001 7856.9029647563284
-0.005000000000000001 -0.014500000000000001 8193.2212821499197
-0.0044999999999999971 -0.014500000000000001 8577.2948451472621
-0.0040000000000000001 -0.014500000000000001 9093.9206474962721
-0.0035000000000000031 -0.014500000000000001 9807.9380139463792
-0.0029999999999999992 -0.014500000000000001 10742.862545388401
-0.0025000000000000022 -0.014500000000000001 11866.886027520852
-0.0019999999999999983 -0.014500000000000001 13090.971109717897
-0.0015000000000000013 -0.014500000000000001 14281.004753451878
-0.00099999999999999742 -0.014500000000000001 15282.312548558815
-0.00050000000000000044 -0.014500000000000001 15951.278440043172
0 -0.014500000000000001 16186.460546583208
0.00050000000000000044 -0.014500000000000001 15951.278440015787
0.0010000000000000009 -0.014500000000000001 15282.31254848159
0.0015000000000000013 -0.014500000000000001 14281.004753265976
0.0020000000000000018 -0.014500000000000001 13090.971109294675
0.0024999999999999988 -0.014500000000000001 11866.886026597278
0.0030000000000000027 -0.014500000000000001 10742.862543452527
0.0034999999999999996 -0.014500000000000001 9807.9380100479993
0.0040000000000000036 -0.014500000000000001 9093.9206399536979
0.0045000000000000005 -0.014500000000000001 8577.294831126168
0.0049999999999999975 -0.014500000000000001 8193.221257107718
0.0055000000000000014 -0.014500000000000001 7856.9029217837324
0.0059999999999999984 -0.014500000000000001 7486.3527907103207
0.0064999999999999988 -0.014500000000000001 7021.0343031509428
0.0069999999999999993 -0.014500000000000001 6432.6326242370678
0.0074999999999999997 -0.014500000000000001 5726.7094291976846
0.0080000000000000002 -0.014500000000000001 4936.4393342191124
0.0085000000000000006 -0.014500000000000001 4111.3691759298908
0.0090000000000000011 -0.014500000000000001 3304.8123736352691
0.0095000000000000015 -0.014500000000000001 2563.0832897134492
0.010000000000000002 -0.014500000000000001 1918.6055607347853
0.010500000000000002 -0.014500000000000001 1387.4829924445003
0.011000000000000003 -0.014500000000000001 970.87673880021418
0.011500000000000003 -0.014500000000000001 658.79477585356426
0.012000000000000004 -0.014500000000000001 434.74275667941225
0.012499999999999997 -0.014500000000000001 279.98311377730522
0.013000000000000005 -0.014500000000000001 176.6729504720565
0.013499999999999998 -0.014500000000000001 109.67626932223932
0.014000000000000005 -0.014500000000000001 67.224985212775763
0.014499999999999999 -0.014500000000000001 40.787074050614805
0.014999999999999999 -0.014500000000000001 24.517897408131343
0.0155 -0.014500000000000001 14.588608577653643
0.016000000000000007 -0.014500000000000001 8.570604450075944
0.016500000000000001 -0.014500000000000001 4.9533411417329862
0.017000000000000001 -0.014500000000000001 2.8047771885233375
0.017500000000000002 -0.014500000000000001 1.5497947430511454
0.017999999999999995 -0.014500000000000001 0.83268089945266954
0.018500000000000003 -0.014500000000000001 0.43373378770805732
0.019000000000000003 -0.014500000000000001 0.21851715342426287
0.019500000000000003 -0.014500000000000001 0.10628729644058259
0.019999999999999997 -0.014500000000000001 0.049845307187176571
0.020499999999999997 -0.014500000000000001 0.02251559134938922
0.021000000000000005 -0.014500000000000001 0.0097891715022368833
0.021500000000000005 -0.014500000000000001 0.0040943709042064666
0.021999999999999999 -0.014500000000000001 0.0016468211810589982
0.022499999999999999 -0.014500000000000001 0.00063680937724752175
0.023000000000000007 -0.014500000000000001 0.00023669831847730876
0.023500000000000007 -0.014500000000000001 8.45563616486434e-05
0.024 -0.014500000000000001 2.9028346764479941e-05
0.024500000000000001 -0.014500000000000001 9.5762317298698945e-06
0.025000000000000001 -0.014500000000000001 3.0355904497976316e-06
-0.025000000000000001 -0.014 5.8774548754273941e-06
-0.024500000000000001 -0.014 1.8537861800557246e-05
-0.024 -0.014 5.6182060848881826e-05
-0.0235 -0.014 0.0001636126516798423
-0.023 -0.014 0.00045786434730543397
-0.022500000000000003 -0.014 0.0012313613914106693
-0.022000000000000002 -0.014 0.0031827535949480869
-0.021500000000000002 -0.014 0.0079076272495787314
-0.021000000000000001 -0.014 0.018888423243775983
-0.020500000000000001 -0.014 0.043387588420378868
-0.02 -0.014 0.095877337582043018
-0.0195 -0.014 0.20392554959822373
-0.019 -0.014 0.41777743075389584
-0.018500000000000003 -0.014 0.82521418911436006
-0.018000000000000002 -0.014 1.5737040159378723
-0.017500000000000002 -0.014 2.9026722401385099
-0.017000000000000001 -0.014 5.1905574938849863
-0.016500000000000001 -0.014 9.0252523329651098
-0.016 -0.014 15.313733645520308
-0.0155 -0.014 25.457566908092698
-0.015000000000000001 -0.014 41.633483961583465
-0.014500000000000001 -0.014 67.225901713251091
-0.014 -0.014 107.44890195761066
-0.0135 -0.014 170.15247702919723
-0.012999999999999999 -0.014 266.71746001505716
-0.012500000000000001 -0.014 412.80475400389139
-0.012 -0.014 628.56392699263608
-0.0115 -0.014 937.78690716558424
-0.010999999999999999 -0.014 1365.5072235429745
-0.010499999999999999 -0.014 1933.7869647016184
-0.010000000000000002 -0.014 2655.9442437101302
-0.0095000000000000015 -0.014 3530.188690093732
-0.0090000000000000011 -0.014 4534.3510356579327
-0.0085000000000000006 -0.014 5623.8089646866802
-0.0080000000000000002 -0.014 6734.5131623780544
-0.0074999999999999997 -0.014 7792.0339314164357
-0.0069999999999999993 -0.014 8725.8814128971771
-0.0064999999999999988 -0.014 9486.4184822833904
-0.0059999999999999984 -0.014 10060.125617718499
-0.0054999999999999979 -0.014 10478.443236823443
-0.005000000000000001 -0.014 10816.315825193153
-0.0044999999999999971 -0.014 11178.862804123193
-0.0040000000000000001 -0.014 11677.790523760554
-0.0035000000000000031 -0.014 12402.367311727576
-0.0029999999999999992 -0.014 13392.029658992924
-0.0025000000000000022 -0.014 14618.176313463975
-0.0019999999999999983 -0.014 15981.079522774384
-0.0015000000000000013 -0.014 17324.329731391532
-0.00099999999999999742 -0.014 18464.656926402658
-0.00050000000000000044 -0.014 19230.587615069522
0 -0.014 19500.536520068501
0.00050000000000000044 -0.014 19230.58761498391
0.0010000000000000009 -0.014 18464.656926161206
0.0015000000000000013 -0.014 17324.329730810285
0.0020000000000000018 -0.014 15981.079521451104
0.0024999999999999988 -0.014 14618.176310576175
0.0030000000000000027 -0.014 13392.029652939918
0.0034999999999999996 -0.014 12402.367299538246
0.0040000000000000036 -0.014 11677.79050017669
0.0045000000000000005 -0.014 11178.862760282493
0.0049999999999999975 -0.014 10816.315746891985
0.0055000000000000014 -0.014 10478.443102458094
0.0059999999999999984 -0.014 10060.125396187492
0.0064999999999999988 -0.014 9486.418131361881
0.0069999999999999993 -0.014 8725.8808788081296
0.0074999999999999997 -0.014 7792.0331504262504
0.0080000000000000002 -0.014 6734.512065127773
0.0085000000000000006 -0.014 5623.8074835537236
0.0090000000000000011 -0.014 4534.3491147320365
0.0095000000000000015 -0.014 3530.1862964726724
0.010000000000000002 -0.014 2655.9413780254372
0.010500000000000002 -0.014 1933.7836683795947
0.011000000000000003 -0.014 1365.5035805437399
0.011500000000000003 -0.014 937.78303889585936
0.012000000000000004 -0.014 628.55998057868044
0.012499999999999997 -0.014 412.80088573417106
0.013000000000000005 -0.014 266.71381701582584
0.013499999999999998 -0.014 170.14918070718022
0.014000000000000005 -0.014 107.44603627291795
0.014499999999999999 -0.014 67.223508092192461
0.014999999999999999 -0.014 41.631563035688693
0.0155 -0.014 25.456085775135264
0.016000000000000007 -0.014 15.312636395238055
0.016500000000000001 -0.014 9.0244713427776304
0.017000000000000001 -0.014 5.1900234048347951
0.017500000000000002 -0.014 2.9023213186265817
0.017999999999999995 -0.014 1.5734824849265436
0.018500000000000003 -0.014 0.82507982376390587
0.019000000000000003 -0.014 0.41769912958073568
0.019500000000000003 -0.014 0.20388170889927054
0.019999999999999997 -0.014 0.095853753721902135
0.020499999999999997 -0.014 0.043375399070792534
0.021000000000000005 -0.014 0.01888237019190844
0.021500000000000005 -0.014 0.007904739254301343
0.021999999999999999 -0.014 0.0031814297205523517
0.022499999999999999 -0.014 0.0012307783152201916
0.023000000000000007 -0.014 0.00045761761157050952
0.023500000000000007 -0.014 0.00016351233641604922
0.024 -0.014 5.6142874914533819e-05
0.024500000000000001 -0.014 1.8523154884477706e-05
0.025000000000000001 -0.014 5.8721516359034939e-06
-0.025000000000000001 -0.0135 1.093041915900924e-05
-0.024500000000000001 -0.0135 3.4471030079962361e-05
-0.024 -0.0135 0.00010445588255839339
-0.0235 -0.0135 0.00030414566145271787
-0.023 -0.0135 0.00085096881266798143
-0.022500000000000003 -0.0135 0.0022879589939585197
-0.022000000000000002 -0.0135 0.0059117112465628934
-0.021500000000000002 -0.0135 0.014680755104056699
-0.021000000000000001 -0.0135 0.035043744967864943
-0.020500000000000001 -0.0135 0.080422962365087114
-0.02 -0.0135 0.1774887648803683
-0.0195 -0.0135 0.37682798668500112
-0.019 -0.0135 0.77005435271186451
-0.018500000000000003 -0.0135 1.515716213521926
-0.018000000000000002 -0.0135 2.8764930858942441
-0.017500000000000002 -0.0135 5.270403861025132
-0.017000000000000001 -0.0135 9.3399261800657811
-0.016500000000000001 -0.0135 16.046651187599355
-0.016 -0.0135 26.807422506174625
-0.0155 -0.0135 43.70211406052249
-0.015000000000000001 -0.0135 69.801430673598091
-0.014500000000000001 -0.0135 109.67732354872206
-0.014 -0.0135 170.1524770291972
-0.0135 -0.0135 261.29589804742039
-0.012999999999999999 -0.0135 397.55767971817988
-0.012500000000000001 -0.0135 598.75379304281546
-0.012 -0.0135 890.39445256370652
-0.0115 -0.0135 1302.6800156740005
-0.010999999999999999 -0.0135 1867.4910068986865
-0.010499999999999999 -0.0135 2613.0002715171349
-0.010000000000000002 -0.0135 3556.1952689579844
-0.0095000000000000015 -0.0135 4694.5355236926844
-0.0090000000000000011 -0.0135 5998.9223470721581
-0.0085000000000000006 -0.0135 7410.7221016992044
-0.0080000000000000002 -0.0135 8845.3495169848429
-0.0074999999999999997 -0.0135 10203.658730697018
-0.0069999999999999993 -0.0135 11390.240146503571
-0.0064999999999999988 -0.0135 12335.226579470569
-0.0059999999999999984 -0.0135 13014.205774883647
-0.0054999999999999979 -0.0135 13460.156513818403
-0.005000000000000001 -0.0135 13762.480612588712
-0.0044999999999999971 -0.0135 14051.127920985375
-0.0040000000000000001 -0.0135 14467.823688165987
-0.0035000000000000031 -0.0135 15130.38801143946
-0.0029999999999999992 -0.0135 16098.863570344038
-0.0025000000000000022 -0.0135 17352.688853884159
-0.0019999999999999983 -0.0135 18786.089111045079
-0.0015000000000000013 -0.0135 20224.551313987224
-0.00099999999999999742 -0.0135 21459.741554344342
-0.00050000000000000044 -0.0135 22295.016170050887
0 -0.0135 22590.333046454311
0.00050000000000000044 -0.0135 22295.0161697937
0.0010000000000000009 -0.0135 21459.741553619024
0.0015000000000000013 -0.0135 20224.551312241074
0.0020000000000000018 -0.0135 18786.089107069762
0.0024999999999999988 -0.0135 17352.688845208726
0.0030000000000000027 -0.0135 16098.863552159832
0.0034999999999999996 -0.0135 15130.387974820687
0.0040000000000000036 -0.0135 14467.823617316162
0.0045000000000000005 -0.0135 14051.127789280639
0.0049999999999999975 -0.0135 13762.480377358999
0.0055000000000000014 -0.0135 13460.156110162585
0.0059999999999999984 -0.0135 13014.205109367715
0.0064999999999999988 -0.0135 12335.225525244092
0.0069999999999999993 -0.0135 11390.238542011397
0.0074999999999999997 -0.0135 10203.656384472833
0.0080000000000000002 -0.0135 8845.3462206628283
0.0085000000000000006 -0.0135 7410.7176521298925
0.0090000000000000011 -0.0135 5998.9165762918474
0.0095000000000000015 -0.0135 4694.5283328576234
0.010000000000000002 -0.0135 3556.1866599653945
0.010500000000000002 -0.0135 2612.9903688185186
0.011000000000000003 -0.0135 1867.4800627241677
0.011500000000000003 -0.0135 1302.6683947495267
0.012000000000000004 -0.0135 890.3825968809881
0.012499999999999997 -0.0135 598.74217211834753
0.013000000000000005 -0.0135 397.54673554366548
0.013499999999999998 -0.0135 261.28599534881204
0.014000000000000005 -0.0135 170.14386803660813
0.014499999999999999 -0.0135 109.67013271366307
0.014999999999999999 -0.0135 69.795659893290122
0.0155 -0.0135 43.697664491214582
0.016000000000000007 -0.0135 26.804126184156964
0.016500000000000001 -0.0135 16.044304963413026
0.017000000000000001 -0.0135 9.3383216878873849
0.017500000000000002 -0.0135 5.2693496345418867
0.017999999999999995 -0.0135 2.8758275699567375
0.018500000000000003 -0.0135 1.5153125577012867
0.019000000000000003 -0.0135 0.76981912298782063
0.019500000000000003 -0.0135 0.37669628194674071
0.019999999999999997 -0.0135 0.17741791504901827
0.020499999999999997 -0.0135 0.080386343535205115
0.021000000000000005 -0.0135 0.035025560595103242
0.021500000000000005 -0.0135 0.014672079086767041
0.021999999999999999 -0.0135 0.0059077341080832034
0.022499999999999999 -0.0135 0.0022862073362777038
0.023000000000000007 -0.0135 0.00085022757755623748
0.023500000000000007 -0.0135 0.00030384429774555006
0.024 -0.0135 0.00010433816150580851
0.024500000000000001 -0.0135 3.4426848062358788e-05
0.025000000000000001 -0.0135 1.0914487347014677e-05
-0.025000000000000001 -0.012999999999999999 1.9537894240606226e-05
-0.024500000000000001 -0.012999999999999999 6.1607200764005526e-05
-0.024 -0.012999999999999999 0.00018665731114451771
-0.0235 -0.012999999999999999 0.00054340495061318923
-0.023 -0.012999999999999999 0.001520112225825578
-0.022500000000000003 -0.012999999999999999 0.0040861470592724195
-0.022000000000000002 -0.012999999999999999 0.010554982824952422
-0.021500000000000002 -0.012999999999999999 0.026201958648500969
-0.021000000000000001 -0.012999999999999999 0.062514708362413837
-0.020500000000000001 -0.012999999999999999 0.14337035857052866
-0.02 -0.012999999999999999 0.31611530604608823
-0.0195 -0.012999999999999999 0.6702769446283724
-0.019 -0.012999999999999999 1.3672429864497317
-0.018500000000000003 -0.012999999999999999 2.6843806809944772
-0.018000000000000002 -0.012999999999999999 5.0764683648843221
-0.017500000000000002 -0.012999999999999999 9.256119592645673
-0.017000000000000001 -0.012999999999999999 16.294161600814061
-0.016500000000000001 -0.012999999999999999 27.743078185278065
-0.016 -0.012999999999999999 45.795120399436883
-0.0155 -0.012999999999999999 73.504499129074603
-0.015000000000000001 -0.012999999999999999 115.12930388119679
-0.014500000000000001 -0.012999999999999999 176.67411557250708
-0.014 -0.012999999999999999 266.7174600150567
-0.0135 -0.012999999999999999 397.55767971817971
-0.012999999999999999 -0.012999999999999999 586.57527091546706
-0.012500000000000001 -0.012999999999999999 857.47969751434778
-0.012 -0.012999999999999999 1240.8228212154584
-0.0115 -0.012999999999999999 1772.9243746285001
-0.010999999999999999 -0.012999999999999999 2492.3294441042035
-0.010499999999999999 -0.012999999999999999 3433.2717630423622
-0.010000000000000002 -0.012999999999999999 4616.4339777832383
-0.0095000000000000015 -0.012999999999999999 6038.479772290867
-0.0090000000000000011 -0.012999999999999999 7663.0530679193271
-0.0085000000000000006 -0.012999999999999999 9416.6840084089818
-0.0080000000000000002 -0.012999999999999999 11192.785701570729
-0.0074999999999999997 -0.012999999999999999 12865.381090086994
-0.0069999999999999993 -0.012999999999999999 14311.532069373139
-0.0064999999999999988 -0.012999999999999999 15438.339857081821
-0.0059999999999999984 -0.012999999999999999 16207.891374104353
-0.0054999999999999979 -0.012999999999999999 16652.682464725745
-0.005000000000000001 -0.012999999999999999 16875.471124702512
-0.0044999999999999971 -0.012999999999999999 17031.094148703454
-0.0040000000000000001 -0.012999999999999999 17292.648388926045
-0.0035000000000000031 -0.012999999999999999 17809.206296691485
-0.0029999999999999992 -0.012999999999999999 18665.432576121901
-0.0025000000000000022 -0.012999999999999999 19853.996387997668
-0.0019999999999999983 -0.012999999999999999 21269.150914592999
-0.0015000000000000013 -0.012999999999999999 22724.760583910487
-0.00099999999999999742 -0.012999999999999999 23993.657504291808
-0.00050000000000000044 -0.012999999999999999 24859.246775874766
0 -0.012999999999999999 25166.513469205845
0.00050000000000000044 -0.012999999999999999 24859.24677513244
0.0010000000000000009 -0.012999999999999999 23993.657502198294
0.0015000000000000013 -0.012999999999999999 22724.760578870475
0.0020000000000000018 -0.012999999999999999 21269.150903118782
0.0024999999999999988 -0.012999999999999999 19853.996362957158
0.0030000000000000027 -0.012999999999999999 18665.432523635562
0.0034999999999999996 -0.012999999999999999 17809.206190996112
0.0040000000000000036 -0.012999999999999999 17292.648184427184
0.0045000000000000005 -0.012999999999999999 17031.093768554732
0.0049999999999999975 -0.012999999999999999 16875.47044574227
0.0055000000000000014 -0.012999999999999999 16652.681299625299
0.0059999999999999984 -0.012999999999999999 16207.889453178466
0.0064999999999999988 -0.012999999999999999 15438.336814193086
0.0069999999999999993 -0.012999999999999999 14311.527438213465
0.0074999999999999997 -0.012999999999999999 12865.374318013566
0.0080000000000000002 -0.012999999999999999 11192.776187162484
0.0085000000000000006 -0.012999999999999999 9416.6711653012153
0.0090000000000000011 -0.012999999999999999 7663.036411306457
0.0095000000000000015 -0.012999999999999999 6038.4590168731611
0.010000000000000002 -0.012999999999999999 4616.4091290367824
0.010500000000000002 -0.012999999999999999 3433.2431801803737
0.011000000000000003 -0.012999999999999999 2492.2978551563806
0.011500000000000003 -0.012999999999999999 1772.8908323292378
0.012000000000000004 -0.012999999999999999 1240.7886013168052
0.012499999999999997 -0.012999999999999999 857.44615521509274
0.013000000000000005 -0.012999999999999999 586.54368196764892
0.013499999999999998 -0.012999999999999999 397.5290968562
0.014000000000000005 -0.012999999999999999 266.69261126860192
0.014499999999999999 -0.012999999999999999 176.65336015480364
0.014999999999999999 -0.012999999999999999 115.11264726833009
0.0155 -0.012999999999999999 73.491656021309367
0.016000000000000007 -0.012999999999999999 45.785605991193883
0.016500000000000001 -0.012999999999999999 27.73630611185224
0.017000000000000001 -0.012999999999999999 16.289530441137778
0.017500000000000002 -0.012999999999999999 9.2530767039083059
0.017999999999999995 -0.012999999999999999 5.0745474389893674
0.018500000000000003 -0.012999999999999999 2.6832155805441227
0.019000000000000003 -0.012999999999999999 1.3665640261984393
0.019500000000000003 -0.012999999999999999 0.66989679589271012
0.019999999999999997 -0.012999999999999999 0.31591080714828307
0.020499999999999997 -0.012999999999999999 0.14326466304229635
0.021000000000000005 -0.012999999999999999 0.062462221516416248
0.021500000000000005 -0.012999999999999999 0.026176916443893725
0.021999999999999999 -0.012999999999999999 0.010543503327824265
0.022499999999999999 -0.012999999999999999 0.0040810911253593577
0.023000000000000007 -0.012999999999999999 0.0015179727463028351
0.023500000000000007 -0.012999999999999999 0.00054253510315160674
0.024 -0.012999999999999999 0.00018631752451351064
0.024500000000000001 -0.012999999999999999 6.1479675070147256e-05
0.025000000000000001 -0.012999999999999999 1.94919091206588e-05
-0.025000000000000001 -0.012500000000000001 3.3573620300546746e-05
-0.024500000000000001 -0.012500000000000001 0.00010584353894794104
-0.024 -0.012500000000000001 0.00032062285409214662
-0.0235 -0.012500000000000001 0.00093323414932392542
-0.023 -0.012500000000000001 0.0026101008929059768
-0.022500000000000003 -0.012500000000000001 0.0070145894317647428
-0.022000000000000002 -0.012500000000000001 0.018114974615395064
-0.021500000000000002 -0.012500000000000001 0.044955426362612586
-0.021000000000000001 -0.012500000000000001 0.10721670799461233
-0.020500000000000001 -0.012500000000000001 0.24576379927996986
-0.02 -0.012500000000000001 0.54150763228193299
-0.0195 -0.012500000000000001 1.1471030853982966
-0.019 -0.012500000000000001 2.3368177614823953
-0.018500000000000003 -0.012500000000000001 4.5796426336375946
-0.018000000000000002 -0.012500000000000001 8.6386678239457915
-0.017500000000000002 -0.012500000000000001 15.695762081463652
-0.017000000000000001 -0.012500000000000001 27.495956284032609
-0.016500000000000001 -0.012500000000000001 46.504179354108871
-0.016 -0.012500000000000001 76.073872859054518
-0.0155 -0.012500000000000001 120.64844484271866
-0.015000000000000001 -0.012500000000000001 186.05389639627498
-0.014500000000000001 -0.012500000000000001 279.98435092354197
-0.014 -0.012500000000000001 412.80475400389048
-0.0135 -0.012500000000000001 598.75379304281444
-0.012999999999999999 -0.012500000000000001 857.47969751434709
-0.012500000000000001 -0.012500000000000001 1215.5621921715544
-0.012 -0.012500000000000001 1707.3070721644756
-0.0115 -0.012500000000000001 2373.774123931888
-0.010999999999999999 -0.012500000000000001 3258.9199635240393
-0.010499999999999999 -0.012500000000000001 4402.1232779324791
-0.010000000000000002 -0.012500000000000001 5827.3282592088572
-0.0095000000000000015 -0.012500000000000001 7530.4843880998569
-0.0090000000000000011 -0.012500000000000001 9468.477146254816
-0.0085000000000000006 -0.012500000000000001 11553.704069433457
-0.0080000000000000002 -0.012500000000000001 13658.20438853347
-0.0074999999999999997 -0.012500000000000001 15629.436909891512
-0.0069999999999999993 -0.012500000000000001 17316.615804884812
-0.0064999999999999988 -0.012500000000000001 18602.789417511216
-0.0059999999999999984 -0.012500000000000001 19434.847051661538
-0.0054999999999999979 -0.012500000000000001 19842.61401607237
-0.005000000000000001 -0.012500000000000001 19939.870262348762
-0.0044999999999999971 -0.012500000000000001 19904.34597303531
-0.0040000000000000001 -0.012500000000000001 19939.442812035722
-0.0035000000000000031 -0.012500000000000001 20225.946034495544
-0.0029999999999999992 -0.012500000000000001 20875.617243055032
-0.0025000000000000022 -0.012500000000000001 21899.065608519864
-0.0019999999999999983 -0.012500000000000001 23197.329695245204
-0.0015000000000000013 -0.012500000000000001 24580.79473273861
-0.00099999999999999742 -0.012500000000000001 25811.898618474537
-0.00050000000000000044 -0.012500000000000001 26661.497730260162
0 -0.012500000000000001 26964.677493980838
0.00050000000000000044 -0.012500000000000001 26661.49772820155
0.0010000000000000009 -0.012500000000000001 25811.898612668854
0.0015000000000000013 -0.012500000000000001 24580.794718761696
0.0020000000000000018 -0.012500000000000001 23197.329663425007
0.0024999999999999988 -0.012500000000000001 21899.065539077652
0.0030000000000000027 -0.012500000000000001 20875.617097500217
0.0034999999999999996 -0.012500000000000001 20225.945741381685
0.0040000000000000036 -0.012500000000000001 19939.442244920567
0.0045000000000000005 -0.012500000000000001 19904.344918808863
0.0049999999999999975 -0.012500000000000001 19939.868379459764
0.0055000000000000014 -0.012500000000000001 19842.610785021909
0.0059999999999999984 -0.012500000000000001 19434.841724559908
0.0064999999999999988 -0.012500000000000001 18602.780978988107
0.0069999999999999993 -0.012500000000000001 17316.602961777047
0.0074999999999999997 -0.012500000000000001 15629.418129612943
0.0080000000000000002 -0.012500000000000001 13658.178003226349
0.0085000000000000006 -0.012500000000000001 11553.668452994249
0.0090000000000000011 -0.012500000000000001 9468.4309542232259
0.0095000000000000015 -0.012500000000000001 7530.4268292841534
0.010000000000000002 -0.012500000000000001 5827.2593487952981
0.010500000000000002 -0.012500000000000001 4402.0440120892863
0.011000000000000003 -0.012500000000000001 3258.8323612193476
0.011500000000000003 -0.012500000000000001 2373.6811046032085
0.012000000000000004 -0.012500000000000001 1707.2121737207108
0.012499999999999997 -0.012500000000000001 1215.4691728428832
0.013000000000000005 -0.012500000000000001 857.39209520966119
0.013499999999999998 -0.012500000000000001 598.67452719963137
0.014000000000000005 -0.012500000000000001 412.73584359033094
0.014499999999999999 -0.012500000000000001 279.92679210784138
0.014999999999999999 -0.012500000000000001 186.00770436468665
0.0155 -0.012500000000000001 120.61282840351073
0.016000000000000007 -0.012500000000000001 76.047487551932875
0.016500000000000001 -0.012500000000000001 46.485399075543079
0.017000000000000001 -0.012500000000000001 27.483113176267146
0.017500000000000002 -0.012500000000000001 15.68732355834981
0.017999999999999995 -0.012500000000000001 8.6333407223118588
0.018500000000000003 -0.012500000000000001 4.5764115831691621
0.019000000000000003 -0.012500000000000001 2.3349348724685703
0.019500000000000003 -0.012500000000000001 1.1460488589150328
0.019999999999999997 -0.012500000000000001 0.54094051700930046
0.020499999999999997 -0.012500000000000001 0.24547068499449981
0.021000000000000005 -0.012500000000000001 0.10707115174811535
0.021500000000000005 -0.012500000000000001 0.044885979451917808
0.021999999999999999 -0.012500000000000001 0.018083139734066236
0.022499999999999999 -0.012500000000000001 0.00700056834231008
0.023000000000000007 -0.012500000000000001 0.0026041676994959201
0.023500000000000007 -0.012500000000000001 0.00093082189289802545
0.024 -0.012500000000000001 0.00031968055958617278
0.024500000000000001 -0.012500000000000001 0.00010548988536146198
0.025000000000000001 -0.012500000000000001 3.3446094606688468e-05
-0.025000000000000001 -0.012 5.5480573710605021e-05
-0.024500000000000001 -0.012 0.00017485450578618082
-0.024 -0.012 0.00052952658589435831
-0.0235 -0.012 0.0015408935689470676
-0.023 -0.012 0.0043085618760979171
-0.022500000000000003 -0.012 0.011576313960601266
-0.022000000000000002 -0.012 0.029887759774862067
-0.021500000000000002 -0.012 0.074150304665056899
-0.021000000000000001 -0.012 0.17678552681075543
-0.020500000000000001 -0.012 0.4050615918957165
-0.02 -0.012 0.89201999495495032
-0.0195 -0.012 1.8882648554105859
-0.019 -0.012 3.8429572605619624
-0.018500000000000003 -0.012 7.5213442330214768
-0.018000000000000002 -0.012 14.161593088764642
-0.017500000000000002 -0.012 25.664882117809622
-0.017000000000000001 -0.012 44.801100660468116
-0.016500000000000001 -0.012 75.403314908924116
-0.016 -0.012 122.52656873138197
-0.0155 -0.012 192.57134102588068
-0.015000000000000001 -0.012 293.42474211297719
-0.014500000000000001 -0.012 434.74401881766278
-0.014 -0.012 628.56392699263426
-0.0135 -0.012 890.39445256370493
-0.012999999999999999 -0.012 1240.8228212154568
-0.012500000000000001 -0.012 1707.3070721644751
-0.012 -0.012 2325.3875837087867
-0.0115 -0.012 3138.0997751579794
-0.010999999999999999 -0.012 4192.2005461297322
-0.010499999999999999 -0.012 5530.2021272125612
-0.010000000000000002 -0.012 7178.3018193523158
-0.0095000000000000015 -0.012 9131.9935153642127
-0.0090000000000000011 -0.012 11342.979014873614
-0.0085000000000000006 -0.012 13712.211017171549
-0.0080000000000000002 -0.012 16093.712449013037
-0.0074999999999999997 -0.012 18311.784597305206
-0.0069999999999999993 -0.012 20190.556766155165
-0.0064999999999999988 -0.012 21590.512892187289
-0.0059999999999999984 -0.012 22443.133169511086
-0.0054999999999999979 -0.012 22773.566497142718
-0.005000000000000001 -0.012 22703.131060302752
-0.0044999999999999971 -0.012 22428.220669143739
-0.0040000000000000001 -0.012 22178.620826806105
-0.0035000000000000031 -0.012 22164.40357493901
-0.0029999999999999992 -0.012 22524.547096879473
-0.0025000000000000022 -0.012 23290.893662204733
-0.0019999999999999983 -0.012 24377.70634440592
-0.0015000000000000013 -0.012 25600.696510785441
-0.00099999999999999742 -0.012 26721.638709614268
-0.00050000000000000044 -0.012 27507.679878260864
0 -0.012 27790.178480693558
0.00050000000000000044 -0.012 27507.6798727758
0.0010000000000000009 -0.012 26721.638694145298
0.0015000000000000013 -0.012 25600.696473544569
0.0020000000000000018 -0.012 24377.706259622439
0.0024999999999999988 -0.012 23290.893477179008
0.0030000000000000027 -0.012 22524.546709055066
0.0034999999999999996 -0.012 22164.402793949954
0.0040000000000000036 -0.012 22178.6193157526
0.0045000000000000005 -0.012 22428.217860203498
0.0049999999999999975 -0.012 22703.126043427397
0.0055000000000000014 -0.012 22773.557888150139
0.0059999999999999984 -0.012 22443.118975681893
0.0064999999999999988 -0.012 21590.490408111709
0.0069999999999999993 -0.012 20190.522546256514
0.0074999999999999997 -0.012 18311.734558074761
0.0080000000000000002 -0.012 16093.642146516782
0.0085000000000000006 -0.012 13712.116118727787
0.0090000000000000011 -0.012 11342.855938226716
0.0095000000000000015 -0.012 9131.8401524184337
0.010000000000000002 -0.012 7178.1182105707749
0.010500000000000002 -0.012 5529.9909268419087
0.011000000000000003 -0.012 4191.9671336222009
0.011500000000000003 -0.012 3137.8519292270644
0.012000000000000004 -0.012 2325.1347309579487
0.012499999999999997 -0.012 1707.0592262335706
0.013000000000000005 -0.012 1240.5894087079298
0.013499999999999998 -0.012 890.18325219306121
0.014000000000000005 -0.012 628.38031821109246
0.014499999999999999 -0.012 434.59065587188979
0.014999999999999999 -0.012 293.30166546608336
0.0155 -0.012 192.47644258211704
0.016000000000000007 -0.012 122.45626623512678
0.016500000000000001 -0.012 75.353275678474091
0.017000000000000001 -0.012 44.766880761816601
0.017500000000000002 -0.012 25.642398042226226
0.017999999999999995 -0.012 14.147399259564612
0.018500000000000003 -0.012 7.5127352404328631
0.019000000000000003 -0.012 3.8379403851762266
0.019500000000000003 -0.012 1.8854559150768475
0.019999999999999997 -0.012 0.89050894112688894
0.020499999999999997 -0.012 0.40428060170819474
0.021000000000000005 -0.012 0.17639769856122481
0.021500000000000005 -0.012 0.073965266410373612
0.021999999999999999 -0.012 0.029802937126594219
0.022499999999999999 -0.012 0.011538955381285047
0.023000000000000007 -0.012 0.0042927531418819323
0.023500000000000007 -0.012 0.0015344662172559517
0.024 -0.012 0.00052701588341617868
0.024500000000000001 -0.012 0.00017391221128020633
0.025000000000000001 -0.012 5.5140787079597756e-05
-0.025000000000000001 -0.0115 8.8214146382185771e-05
-0.024500000000000001 -0.0115 0.00027788957368990366
-0.024 -0.0115 0.00084120571090480153
-0.0235 -0.0115 0.0024469393749060658
-0.023 -0.0115 0.0068396240604723059
-0.022500000000000003 -0.0115 0.018370818046182038
-0.022000000000000002 -0.0115 0.047414805954663429
-0.021500000000000002 -0.0115 0.11759644828284853
-0.021000000000000001 -0.0115 0.28027181651343375
-0.020500000000000001 -0.0115 0.64192798545310326
-0.02 -0.0115 1.4129940937471339
-0.0195 -0.0115 2.9893675554096926
-0.019 -0.0115 6.0793639570425801
-0.018500000000000003 -0.0115 11.8865475192672
-0.018000000000000002 -0.0115 22.350356975786301
-0.017500000000000002 -0.0115 40.429960544413866
-0.017000000000000001 -0.0115 70.393998373406589
-0.016500000000000001 -0.0115 118.05727440987782
-0.016 -0.0115 190.89933895370302
-0.0155 -0.0115 298.02732198540281
-0.015000000000000001 -0.0115 450.01909392309244
-0.014500000000000001 -0.0115 658.796012999803
-0.014 -0.0115 937.7869071655814
-0.0135 -0.0115 1302.6800156739971
-0.012999999999999999 -0.0115 1772.9243746284965
-0.012500000000000001 -0.0115 2373.7741239318839
-0.012 -0.0115 3138.0997751579771
-0.0115 -0.0115 4106.5936897317251
-0.010999999999999999 -0.0115 5324.6828706662909
-0.010499999999999999 -0.0115 6834.7830116221958
-0.010000000000000002 -0.0115 8663.7049739862068
-0.0095000000000000015 -0.0115 10806.95754855206
-0.0090000000000000011 -0.0115 13213.850038069995
-0.0085000000000000006 -0.0115 15778.810147142274
-0.0080000000000000002 -0.0115 18344.274959157883
-0.0074999999999999997 -0.0115 20718.34859972561
-0.0069999999999999993 -0.0115 22706.373616123961
-0.0064999999999999988 -0.0115 24150.724194850747
-0.0059999999999999984 -0.0115 24969.169154404382
-0.0054999999999999979 -0.0115 25180.713609104081
-0.005000000000000001 -0.0115 24909.835453806245
-0.0044999999999999971 -0.0115 24365.240755659688
-0.0040000000000000001 -0.0115 23796.255771496733
-0.0035000000000000031 -0.0115 23436.633162237053
-0.0029999999999999992 -0.0115 23449.779232803634
-0.0025000000000000022 -0.0115 23889.826509251681
-0.0019999999999999983 -0.0115 24689.332760365069
-0.0015000000000000013 -0.0115 25677.610769776864
-0.00099999999999999742 -0.0115 26625.599861428294
-0.00050000000000000044 -0.0115 27305.986935453941
0 -0.0115 27552.979691851855
0.00050000000000000044 -0.0115 27305.986921412288
0.0010000000000000009 -0.0115 26625.599821828066
0.0015000000000000013 -0.0115 25677.610674440952
0.0020000000000000018 -0.0115 24689.332543320965
0.0024999999999999988 -0.0115 23889.826035589267
0.0030000000000000027 -0.0115 23449.778239980373
0.0034999999999999996 -0.0115 23436.631162919592
0.0040000000000000036 -0.0115 23796.251903227843
0.0045000000000000005 -0.0115 24365.233564824863
0.0049999999999999975 -0.0115 24909.822610698542
0.0055000000000000014 -0.0115 25180.691570243045
0.0059999999999999984 -0.0115 24969.132818465383
0.0064999999999999988 -0.0115 24150.66663603505
0.0069999999999999993 -0.0115 22706.286013819277
0.0074999999999999997 -0.0115 20718.220500225474
0.0080000000000000002 -0.0115 18344.094986073807
0.0085000000000000006 -0.0115 15778.567208889612
0.0090000000000000011 -0.0115 13213.534964140914
0.0095000000000000015 -0.0115 10806.564942260618
0.010000000000000002 -0.0115 8663.234938917225
0.010500000000000002 -0.0115 6834.2423425977895
0.011000000000000003 -0.0115 5324.0853389842168
0.011500000000000003 -0.0115 4105.9592087539822
0.012000000000000004 -0.0115 3137.4524768142633
0.012499999999999997 -0.0115 2373.1396429541519
0.013000000000000005 -0.0115 1772.3268429464238
0.013499999999999998 -0.0115 1302.1393466496013
0.014000000000000005 -0.0115 937.31687209659333
0.014499999999999999 -0.0115 658.40340670836167
0.014999999999999999 -0.0115 449.70401999401179
0.0155 -0.0115 297.7843837327394
0.016000000000000007 -0.0115 190.71936586962792
0.016500000000000001 -0.0115 117.92917490973794
0.017000000000000001 -0.0115 70.306396068721497
0.017500000000000002 -0.0115 40.372401728711978
0.017999999999999995 -0.0115 22.314021036779145
0.018500000000000003 -0.0115 11.864508658209791
0.019000000000000003 -0.0115 6.0665208492770351
0.019500000000000003 -0.0115 2.9821767203501368
0.019999999999999997 -0.0115 1.4091258240252011
0.020499999999999997 -0.0115 0.63992866508514679
0.021000000000000005 -0.0115 0.27927898340113266
0.021500000000000005 -0.0115 0.11712275378917951
0.021999999999999999 -0.0115 0.047197661551244094
0.022499999999999999 -0.0115 0.018275180777317299
0.023000000000000007 -0.0115 0.006799153994632161
0.023500000000000007 -0.0115 0.0024304854740077684
0.024 -0.0115 0.00083477835921370999
0.024500000000000001 -0.0115 0.00027547731726401594
0.025000000000000001 -0.0115 8.734429892061036e-05
-0.025000000000000001 -0.010999999999999999 0.0001350711592445216
-0.024500000000000001 -0.010999999999999999 0.00042518570030161711
-0.024 -0.010999999999999999 0.0012862516928989407
-0.0235 -0.010999999999999999 0.0037393371723977008
-0.023 -0.010999999999999999 0.010446643885219245
-0.022500000000000003 -0.010999999999999999 0.028045734102586862
-0.022000000000000002 -0.010999999999999999 0.072353839233970776
-0.021500000000000002 -0.010999999999999999 0.1793746247298168
-0.021000000000000001 -0.010999999999999999 0.42733531649474926
-0.020500000000000001 -0.010999999999999999 0.97834842897325658
-0.02 -0.010999999999999999 2.152536538444878
-0.0195 -0.010999999999999999 4.5515985959731129
-0.019 -0.010999999999999999 9.2506121624387827
-0.018500000000000003 -0.010999999999999999 18.072740630482802
-0.018000000000000002 -0.010999999999999999 33.947093802607363
-0.017500000000000002 -0.010999999999999999 61.322214455403596
-0.017000000000000001 -0.010999999999999999 106.56828554250738
-0.016500000000000001 -0.010999999999999999 178.26076609381511
-0.016 -0.010999999999999999 287.21821847630514
-0.0155 -0.010999999999999999 446.1962186673976
-0.015000000000000001 -0.010999999999999999 669.24090095027964
-0.014500000000000001 -0.010999999999999999 970.87790390066471
-0.014 -0.010999999999999999 1365.5072235429707
-0.0135 -0.010999999999999999 1867.4910068986806
-0.012999999999999999 -0.010999999999999999 2492.3294441041962
-0.012500000000000001 -0.010999999999999999 3258.9199635240325
-0.012 -0.010999999999999999 4192.2005461297249
-0.0115 -0.010999999999999999 5324.6828706662882
-0.010999999999999999 -0.010999999999999999 6694.8569022379288
-0.010499999999999999 -0.010999999999999999 8340.6353890806913
-0.010000000000000002 -0.010999999999999999 10287.203959439536
-0.0095000000000000015 -0.010999999999999999 12530.776614779712
-0.0090000000000000011 -0.010999999999999999 15022.250146791801
-0.0085000000000000006 -0.010999999999999999 17656.612032197791
-0.0080000000000000002 -0.010999999999999999 20274.119786254883
-0.0074999999999999997 -0.010999999999999999 22677.093672154762
-0.0069999999999999993 -0.010999999999999999 24661.859112311773
-0.0064999999999999988 -0.010999999999999999 26060.121740309791
-0.0059999999999999984 -0.010999999999999999 26779.689630494126
-0.0054999999999999979 -0.010999999999999999 26832.777140037117
-0.005000000000000001 -0.010999999999999999 26342.145026769027
-0.0044999999999999971 -0.010999999999999999 25520.781031513667
-0.0040000000000000001 -0.010999999999999999 24628.167406892342
-0.0035000000000000031 -0.010999999999999999 23913.142064652366
-0.0029999999999999992 -0.010999999999999999 23557.727896806355
-0.0025000000000000022 -0.010999999999999999 23636.678042613519
-0.0019999999999999983 -0.010999999999999999 24103.685299424684
-0.0015000000000000013 -0.010999999999999999 24808.2735819523
-0.00099999999999999742 -0.010999999999999999 25539.237606262319
-0.00050000000000000044 -0.010999999999999999 26083.351130441606
0 -0.010999999999999999 26283.876985362767
0.00050000000000000044 -0.010999999999999999 26083.351095904727
0.0010000000000000009 -0.010999999999999999 25539.237508861486
0.0015000000000000013 -0.010999999999999999 24808.273347463801
0.0020000000000000018 -0.010999999999999999 24103.684765582359
0.0024999999999999988 -0.010999999999999999 23636.676877591974
0.0030000000000000027 -0.010999999999999999 23557.725454855194
0.0034999999999999996 -0.010999999999999999 23913.137147124929
0.0040000000000000036 -0.010999999999999999 24628.157892486135
0.0045000000000000005 -0.010999999999999999 25520.763344913947
0.0049999999999999975 -0.010999999999999999 26342.113437821354
0.0055000000000000014 -0.010999999999999999 26832.722933185938
0.0059999999999999984 -0.010999999999999999 26779.600258505507
0.0064999999999999988 -0.010999999999999999 26059.980168467624
0.0069999999999999993 -0.010999999999999999 24661.643645410622
0.0074999999999999997 -0.010999999999999999 22676.778598225683
0.0080000000000000002 -0.010999999999999999 20273.677123897374
0.0085000000000000006 -0.010999999999999999 17656.014500515721
0.0090000000000000011 -0.010999999999999999 15021.475189975594
0.0095000000000000015 -0.010999999999999999 12529.810959123824
0.010000000000000002 -0.010999999999999999 10286.047859721511
0.010500000000000002 -0.010999999999999999 8339.3055578661679
0.011000000000000003 -0.010999999999999999 6693.3872114536916
0.011500000000000003 -0.010999999999999999 5323.1222992794646
0.012000000000000004 -0.010999999999999999 4190.6084491096808
0.012499999999999997 -0.010999999999999999 3257.3593921372203
0.013000000000000005 -0.010999999999999999 2490.8597533199568
0.013499999999999998 -0.010999999999999999 1866.1611756841653
0.014000000000000005 -0.010999999999999999 1364.3511238249343
0.014499999999999999 -0.010999999999999999 969.9122482447724
0.014999999999999999 -0.010999999999999999 668.46594413406672
0.0155 -0.010999999999999999 445.59868698532631
0.016000000000000007 -0.010999999999999999 286.77555611879001
0.016500000000000001 -0.010999999999999999 177.94569216473312
0.017000000000000001 -0.010999999999999999 106.35281864135909
0.017500000000000002 -0.010999999999999999 61.180642613228692
0.017999999999999995 -0.010999999999999999 33.85772181397833
0.018500000000000003 -0.010999999999999999 18.01853377925962
0.019000000000000003 -0.010999999999999999 9.2190232146217266
0.019500000000000003 -0.010999999999999999 4.5339119956888201
0.019999999999999997 -0.010999999999999999 2.1430221302020067
0.020499999999999997 -0.010999999999999999 0.97343089437602937
0.021000000000000005 -0.010999999999999999 0.42489334108287641
0.021500000000000005 -0.010999999999999999 0.17820952427945219
0.021999999999999999 -0.010999999999999999 0.07181975018375017
0.022499999999999999 -0.010999999999999999 0.027810504378544636
0.023000000000000007 -0.010999999999999999 0.010347103585370238
0.023500000000000007 -0.010999999999999999 0.0036988671065576288
0.024 -0.010999999999999999 0.001270442958683035
0.024500000000000001 -0.010999999999999999 0.00041925250689159749
0.025000000000000001 -0.010999999999999999 0.00013293167972179933
-0.025000000000000001 -0.010499999999999999 0.00019943680877266868
-0.024500000000000001 -0.010499999999999999 0.00062707380202910352
-0.024 -0.010499999999999999 0.001895048457119223
-0.0235 -0.010499999999999999 0.0055041883761096392
-0.023 -0.010499999999999999 0.015364664946798225
-0.022500000000000003 -0.010499999999999999 0.041219034428433568
-0.022000000000000002 -0.010499999999999999 0.1062693906371393
-0.021500000000000002 -0.010499999999999999 0.26329819788324227
-0.021000000000000001 -0.010499999999999999 0.62692262856696634
-0.020500000000000001 -0.010499999999999999 1.4345230121214014
-0.02 -0.010499999999999999 3.1545322833331069
-0.0195 -0.010499999999999999 6.6666789165184941
-0.019 -0.010499999999999999 13.541090987218942
-0.018500000000000003 -0.010499999999999999 26.436405418103089
-0.018000000000000002 -0.010499999999999999 49.61446446128322
-0.017500000000000002 -0.010499999999999999 89.525786176026187
-0.017000000000000001 -0.010499999999999999 155.35756520842318
-0.016500000000000001 -0.010499999999999999 259.36919029611647
-0.016 -0.010499999999999999 416.80020580827789
-0.0155 -0.010499999999999999 645.16533418361644
-0.015000000000000001 -0.010499999999999999 962.88905370664861
-0.014500000000000001 -0.010499999999999999 1387.4840466709834
-0.014 -0.010499999999999999 1933.7869647016123
-0.0135 -0.010499999999999999 2613.0002715171267
-0.012999999999999999 -0.010499999999999999 3433.2717630423535
-0.012500000000000001 -0.010499999999999999 4402.1232779324682
-0.012 -0.010499999999999999 5530.2021272125521
-0.0115 -0.010499999999999999 6834.7830116221867
-0.010999999999999999 -0.010499999999999999 8340.6353890806859
-0.010499999999999999 -0.010499999999999999 10075.835742317706
-0.010000000000000002 -0.010499999999999999 12061.245195323625
-0.0095000000000000015 -0.010499999999999999 14294.6651338966
-0.0090000000000000011 -0.010499999999999999 16733.515687703395
-0.0085000000000000006 -0.010499999999999999 19282.150382138894
-0.0080000000000000002 -0.010499999999999999 21790.413574439284
-0.0074999999999999997 -0.010499999999999999 24068.004296991894
-0.0069999999999999993 -0.010499999999999999 25914.801243856771
-0.0064999999999999988 -0.010499999999999999 27161.766237005293
-0.0059999999999999984 -0.010499999999999999 27712.332528367333
-0.0054999999999999979 -0.010499999999999999 27572.232205022534
-0.005000000000000001 -0.010499999999999999 26857.613222535572
-0.0044999999999999971 -0.010499999999999999 25776.767054277945
-0.0040000000000000001 -0.010499999999999999 24588.227093427973
-0.0035000000000000031 -0.010499999999999999 23545.044183221122
-0.0029999999999999992 -0.010499999999999999 22839.438322258306
-0.0025000000000000022 -0.010499999999999999 22562.377568938595
-0.0019999999999999983 -0.010499999999999999 22688.837282504708
-0.0015000000000000013 -0.010499999999999999 23092.662803579053
-0.00099999999999999742 -0.010499999999999999 23587.032681203393
-0.00050000000000000044 -0.010499999999999999 23979.672161614013
0 -0.010499999999999999 24128.032685166283
0.00050000000000000044 -0.010499999999999999 23979.672079997832
0.0010000000000000009 -0.010499999999999999 23587.032451029594
0.0015000000000000013 -0.010499999999999999 23092.662249445064
0.0020000000000000018 -0.010499999999999999 22688.836020949529
0.0024999999999999988 -0.010499999999999999 22562.37481580548
0.0030000000000000027 -0.010499999999999999 22839.432551535301
0.0034999999999999996 -0.010499999999999999 23545.032562313569
0.0040000000000000036 -0.010499999999999999 24588.204609357195
0.0045000000000000005 -0.010499999999999999 25776.725258000672
0.0049999999999999975 -0.010499999999999999 26857.538572776077
0.0055000000000000014 -0.010499999999999999 27572.104105522489
0.0059999999999999984 -0.010499999999999999 27712.121327996709
0.0064999999999999988 -0.010499999999999999 27161.43167999254
0.0069999999999999993 -0.010499999999999999 25914.29206094519
0.0074999999999999997 -0.010499999999999999 24067.259726667078
0.0080000000000000002 -0.010499999999999999 21789.367492155427
0.0085000000000000006 -0.010499999999999999 19280.738318754586
0.0090000000000000011 -0.010499999999999999 16731.684340216005
0.0095000000000000015 -0.010499999999999999 14292.383134406946
0.010000000000000002 -0.010499999999999999 12058.513145911977
0.010500000000000002 -0.010499999999999999 10072.693137462287
0.011000000000000003 -0.010499999999999999 8337.1622735874771
0.011500000000000003 -0.010499999999999999 6831.0951306611232
0.012000000000000004 -0.010499999999999999 5526.4397461142144
0.012499999999999997 -0.010499999999999999 4398.4353969714175
0.013000000000000005 -0.010499999999999999 3429.7986475491371
0.013499999999999998 -0.010499999999999999 2609.8576666617132
0.014000000000000005 -0.010499999999999999 1931.0549152899437
0.014499999999999999 -0.010499999999999999 1385.20204718132
0.014999999999999999 -0.010499999999999999 961.05770621925149
0.0155 -0.010499999999999999 643.75327079930059
0.016000000000000007 -0.010499999999999999 415.75412352441583
0.016500000000000001 -0.010499999999999999 258.62461997129782
0.017000000000000001 -0.010499999999999999 154.8483822968347
0.017500000000000002 -0.010499999999999999 89.191229163262818
0.017999999999999995 -0.010499999999999999 49.403264090636448
0.018500000000000003 -0.010499999999999999 26.308305917962908
0.019000000000000003 -0.010499999999999999 13.466441227382184
0.019500000000000003 -0.010499999999999999 6.6248826379213819
0.019999999999999997 -0.010499999999999999 3.1320482077496763
0.020499999999999997 -0.010499999999999999 1.422902087651295
0.021000000000000005 -0.010499999999999999 0.62115184825863223
0.021500000000000005 -0.010499999999999999 0.26054487829472162
0.021999999999999999 -0.010499999999999999 0.10500725238671847
0.022499999999999999 -0.010499999999999999 0.040663148790585385
0.023000000000000007 -0.010499999999999999 0.0151294352227555
0.023500000000000007 -0.010499999999999999 0.0054085511072447384
0.024 -0.010499999999999999 0.0018576898778029569
0.024500000000000001 -0.010499999999999999 0.00061305271257438654
0.025000000000000001 -0.010499999999999999 0.00019438087485958383
-0.025000000000000001 -0.010000000000000002 0.00028457140240615637
-0.024500000000000001 -0.010000000000000002 0.00089312820303898014
-0.024 -0.010000000000000002 0.0026947209601314104
-0.0235 -0.010000000000000002 0.0078156327809699461
-0.023 -0.010000000000000002 0.021789188797212117
-0.022500000000000003 -0.010000000000000002 0.058388050245895447
-0.022000000000000002 -0.010000000000000002 0.15038186435211792
-0.021500000000000002 -0.010000000000000002 0.37225569387372148
-0.021000000000000001 -0.010000000000000002 0.88562706026012161
-0.020500000000000001 -0.010000000000000002 2.0249632726249964
-0.02 -0.010000000000000002 4.4497724452500389
-0.0195 -0.010000000000000002 9.3975808117954642
-0.019 -0.010000000000000002 19.07490505553174
-0.018500000000000003 -0.010000000000000002 37.213174501014905
-0.018000000000000002 -0.010000000000000002 69.783370643220621
-0.017500000000000002 -0.010000000000000002 125.79941492954597
-0.017000000000000001 -0.010000000000000002 218.04783742318605
-0.016500000000000001 -0.010000000000000002 363.47987636660724
-0.016 -0.010000000000000002 582.93521027643396
-0.0155 -0.010000000000000002 899.89561714765921
-0.015000000000000001 -0.010000000000000002 1338.1500488636477
-0.014500000000000001 -0.010000000000000002 1918.6064772352563
-0.014 -0.010000000000000002 2655.944243710122
-0.0135 -0.010000000000000002 3556.1952689579734
-0.012999999999999999 -0.010000000000000002 4616.4339777832265
-0.012500000000000001 -0.010000000000000002 5827.3282592088426
-0.012 -0.010000000000000002 7178.3018193523003
-0.0115 -0.010000000000000002 8663.7049739861905
-0.010999999999999999 -0.010000000000000002 10287.203959439523
-0.010499999999999999 -0.010000000000000002 12061.245195323618
-0.010000000000000002 -0.010000000000000002 13999.453229591056
-0.0095000000000000015 -0.010000000000000002 16102.224707214775
-0.0090000000000000011 -0.010000000000000002 18338.95643470142
-0.0085000000000000006 -0.010000000000000002 20633.08483863352
-0.0080000000000000002 -0.010000000000000002 22857.05481441761
-0.0074999999999999997 -0.010000000000000002 24842.581978471528
-0.0069999999999999993 -0.010000000000000002 26407.22627795106
-0.0064999999999999988 -0.010000000000000002 27392.611060135729
-0.0059999999999999984 -0.010000000000000002 27704.634684667417
-0.0054999999999999979 -0.010000000000000002 27343.760676950336
-0.005000000000000001 -0.010000000000000002 26415.096714471914
-0.0044999999999999971 -0.010000000000000002 25113.232301551045
-0.0040000000000000001 -0.010000000000000002 23684.083744375192
-0.0035000000000000031 -0.010000000000000002 22372.917243737884
-0.0029999999999999992 -0.010000000000000002 21372.037508954752
-0.0025000000000000022 -0.010000000000000002 20781.998299640112
-0.0019999999999999983 -0.010000000000000002 20596.560917001327
-0.0015000000000000013 -0.010000000000000002 20715.142742646927
-0.00099999999999999742 -0.010000000000000002 20979.05673365336
-0.00050000000000000044 -0.010000000000000002 21221.500090950496
0 -0.010000000000000002 21317.674320235357
0.00050000000000000044 -0.010000000000000002 21221.499905640969
0.0010000000000000009 -0.010000000000000002 20979.0562110438
0.0015000000000000013 -0.010000000000000002 20715.141484485812
0.0020000000000000018 -0.010000000000000002 20596.558052640507
0.0024999999999999988 -0.010000000000000002 20781.992048651831
0.0030000000000000027 -0.010000000000000002 21372.024406529108
0.0034999999999999996 -0.010000000000000002 22372.890858469171
0.0040000000000000036 -0.010000000000000002 23684.032694296144
0.0045000000000000005 -0.010000000000000002 25113.137403110264
0.0049999999999999975 -0.010000000000000002 26414.927222205108
0.0055000000000000014 -0.010000000000000002 27343.469827056288
0.0059999999999999984 -0.010000000000000002 27704.155154260232
0.0064999999999999988 -0.010000000000000002 27391.851448492624
0.0069999999999999993 -0.010000000000000002 26406.070178233036
0.0074999999999999997 -0.010000000000000002 24840.891431670003
0.0080000000000000002 -0.010000000000000002 22854.679684762072
0.0085000000000000006 -0.010000000000000002 20629.878748948857
0.0090000000000000011 -0.010000000000000002 18334.798360528832
0.0095000000000000015 -0.010000000000000002 16097.043427744256
0.010000000000000002 -0.010000000000000002 13993.250111845766
0.010500000000000002 -0.010000000000000002 12054.109911509964
0.011000000000000003 -0.010000000000000002 10279.318251276458
0.011500000000000003 -0.010000000000000002 8655.3316408632545
0.012000000000000004 -0.010000000000000002 7169.7593336797818
0.012499999999999997 -0.010000000000000002 5818.9549260859167
0.013000000000000005 -0.010000000000000002 4608.5482696201443
0.013499999999999998 -0.010000000000000002 3549.0599851443189
0.014000000000000005 -0.010000000000000002 2649.7411259648006
0.014499999999999999 -0.010000000000000002 1913.4251977647202
0.014999999999999999 -0.010000000000000002 1333.9919746910439
0.0155 -0.010000000000000002 896.68952746298237
0.016000000000000007 -0.010000000000000002 580.56008062088199
0.016500000000000001 -0.010000000000000002 361.78932956507452
0.017000000000000001 -0.010000000000000002 216.89173770515015
0.017500000000000002 -0.010000000000000002 125.0398032864213
0.017999999999999995 -0.010000000000000002 69.303840235979948
0.018500000000000003 -0.010000000000000002 36.922324606758643
0.019000000000000003 -0.010000000000000002 18.905412787950642
0.019500000000000003 -0.010000000000000002 9.3026823680313271
0.019999999999999997 -0.010000000000000002 4.3987223552907775
0.020499999999999997 -0.010000000000000002 1.9985779655036302
0.021000000000000005 -0.010000000000000002 0.87252450450761865
0.021500000000000005 -0.010000000000000002 0.366004282195312
0.021999999999999999 -0.010000000000000002 0.14751617965959338
0.022499999999999999 -0.010000000000000002 0.057125911995474343
0.023000000000000007 -0.010000000000000002 0.021255099746990538
0.023500000000000007 -0.010000000000000002 0.0075984883775502155
0.024 -0.010000000000000002 0.002609898311863383
0.024500000000000001 -0.010000000000000002 0.00086129332171002175
0.025000000000000001 -0.010000000000000002 0.00027309190527792293
-0.025000000000000001 -0.0095000000000000015 0.0003936748357956567
-0.024500000000000001 -0.0095000000000000015 0.0012320583651437747
-0.024 -0.0095000000000000015 0.0037079768262560284
-0.0235 -0.0095000000000000015 0.010730350685181755
-0.023 -0.0095000000000000015 0.029855568663080524
-0.022500000000000003 -0.0095000000000000015 0.079861738894917864
-0.022000000000000002 -0.0095000000000000015 0.20536459705175253
-0.021500000000000002 -0.0095000000000000015 0.50764615595813989
-0.021000000000000001 -0.0095000000000000015 1.2062145458592786
-0.020500000000000001 -0.0095000000000000015 2.7548582956086123
-0.02 -0.0095000000000000015 6.0474594765186591
-0.0195 -0.0095000000000000015 12.759642540870503
-0.019 -0.0095000000000000015 25.875862213558012
-0.018500000000000003 -0.0095000000000000015 50.436916645484111
-0.018000000000000002 -0.0095000000000000015 94.496592252178132
-0.017500000000000002 -0.0095000000000000015 170.18743646308766
-0.017000000000000001 -0.0095000000000000015 294.66626317797147
-0.016500000000000001 -0.0095000000000000015 490.56606065961057
-0.016 -0.0095000000000000015 785.48069107283641
-0.0155 -0.0095000000000000015 1210.0363596600862
-0.015000000000000001 -0.0095000000000000015 1794.3414273870051
-0.014500000000000001 -0.0095000000000000015 2563.0840552389909
-0.014 -0.0095000000000000015 3530.1886900937257
-0.0135 -0.0095000000000000015 4694.5355236926744
-0.012999999999999999 -0.0095000000000000015 6038.4797722908534
-0.012500000000000001 -0.0095000000000000015 7530.4843880998387
-0.012 -0.0095000000000000015 9131.9935153641909
-0.0115 -0.0095000000000000015 10806.957548552042
-0.010999999999999999 -0.0095000000000000015 12530.776614779694
-0.010499999999999999 -0.0095000000000000015 14294.665133896588
-0.010000000000000002 -0.0095000000000000015 16102.224707214767
-0.0095000000000000015 -0.0095000000000000015 17957.483594999587
-0.0090000000000000011 -0.0095000000000000015 19847.186406025561
-0.0085000000000000006 -0.0095000000000000015 21723.389662599457
-0.0080000000000000002 -0.0095000000000000015 23493.920410303635
-0.0074999999999999997 -0.0095000000000000015 25026.939132703272
-0.0069999999999999993 -0.0095000000000000015 26171.722273551415
-0.0064999999999999988 -0.0095000000000000015 26792.077576354906
-0.0059999999999999984 -0.0095000000000000015 26803.601662170437
-0.0054999999999999979 -0.0095000000000000015 26203.379999420074
-0.005000000000000001 -0.0095000000000000015 25081.939472245635
-0.0044999999999999971 -0.0095000000000000015 23612.09561617002
-0.0040000000000000001 -0.0095000000000000015 22016.220907644976
-0.0035000000000000031 -0.0095000000000000015 20520.075446835152
-0.0029999999999999992 -0.0095000000000000015 19305.503870202396
-0.0025000000000000022 -0.0095000000000000015 18474.736371609913
-0.0019999999999999983 -0.0095000000000000015 18035.723772475321
-0.0015000000000000013 -0.0095000000000000015 17912.010990023722
-0.00099999999999999742 -0.0095000000000000015 17973.90545810038
-0.00050000000000000044 -0.0095000000000000015 18082.011827958708
0 -0.0095000000000000015 18131.052599767434
0.00050000000000000044 -0.0095000000000000015 18082.011423711123
0.0010000000000000009 -0.0095000000000000015 17973.904318042132
0.0015000000000000013 -0.0095000000000000015 17912.008245380148
0.0020000000000000018 -0.0095000000000000015 18035.717523951636
0.0024999999999999988 -0.0095000000000000015 18474.722735252348
0.0030000000000000027 -0.0095000000000000015 19305.475287624238
0.0034999999999999996 -0.0095000000000000015 20520.017888103233
0.0040000000000000036 -0.0095000000000000015 22016.109543313363
0.0045000000000000005 -0.0095000000000000015 23611.888597853402
0.0049999999999999975 -0.0095000000000000015 25081.569729566385
0.0055000000000000014 -0.0095000000000000015 26202.745518442771
0.0059999999999999984 -0.0095000000000000015 26802.555579886684
0.0064999999999999988 -0.0095000000000000015 26790.420504622914
0.0069999999999999993 -0.0095000000000000015 26169.200274080384
0.0074999999999999997 -0.0095000000000000015 25023.251251742215
0.0080000000000000002 -0.0095000000000000015 23488.739130833113
0.0085000000000000006 -0.0095000000000000015 21716.395666871656
0.0090000000000000011 -0.0095000000000000015 19838.115682540163
0.0095000000000000015 -0.0095000000000000015 17946.180777534832
0.010000000000000002 -0.0095000000000000015 16088.692777893766
0.010500000000000002 -0.0095000000000000015 14279.099710150635
0.011000000000000003 -0.0095000000000000015 12513.574161128139
0.011500000000000003 -0.0095000000000000015 10788.691354574559
0.012000000000000004 -0.0095000000000000015 9113.3583197911739
0.012499999999999997 -0.0095000000000000015 7512.2181941223716
0.013000000000000005 -0.0095000000000000015 6021.2773186392769
0.013499999999999998 -0.0095000000000000015 4678.9700999467123
0.014000000000000005 -0.0095000000000000015 3516.6567607726838
0.014499999999999999 -0.0095000000000000015 2551.7812377742139
0.014999999999999999 -0.0095000000000000015 1785.2707039015816
0.0155 -0.0095000000000000015 1203.0423639322617
0.016000000000000007 -0.0095000000000000015 780.29941160228907
0.016500000000000001 -0.0095000000000000015 486.87817969853938
0.017000000000000001 -0.0095000000000000015 292.14426370692564
0.017500000000000002 -0.0095000000000000015 168.53036473106144
0.017999999999999995 -0.0095000000000000015 93.450509968319011
0.018500000000000003 -0.0095000000000000015 49.802435667740951
0.019000000000000003 -0.0095000000000000015 25.506119532613507
0.019500000000000003 -0.0095000000000000015 12.552624217760144
0.019999999999999997 -0.0095000000000000015 5.9360951211213235
0.020499999999999997 -0.0095000000000000015 2.6972994799066963
0.021000000000000005 -0.0095000000000000015 1.1776316838780558
0.021500000000000005 -0.0095000000000000015 0.49400887476148125
0.021999999999999999 -0.0095000000000000015 0.19911318537334727
0.022499999999999999 -0.0095000000000000015 0.077108419306399695
0.023000000000000007 -0.0095000000000000015 0.028690468212716258
0.023500000000000007 -0.0095000000000000015 0.010256656191513582
0.024 -0.0095000000000000015 0.0035229385715732395
0.024500000000000001 -0.0095000000000000015 0.0011626114544492309
0.025000000000000001 -0.0095000000000000015 0.00036863263118855165
-0.025000000000000001 -0.0090000000000000011 0.00053057497235935462
-0.024500000000000001 -0.0090000000000000011 0.0016533702488744219
-0.024 -0.0090000000000000011 0.0049567825495815824
-0.0235 -0.0090000000000000011 0.014294789144243021
-0.023 -0.0090000000000000011 0.03965067191926705
-0.022500000000000003 -0.0090000000000000011 0.10577181984018047
-0.022000000000000002 -0.0090000000000000011 0.27132673155436615
-0.021500000000000002 -0.0090000000000000011 0.66923656461168468
-0.021000000000000001 -0.0090000000000000011 1.5870739952807575
-0.020500000000000001 -0.0090000000000000011 3.6183934175116672
-0.02 -0.0090000000000000011 7.9306901354541361
-0.0195 -0.0090000000000000011 16.709498814742552
-0.019 -0.0090000000000000011 33.842273275838693
-0.018500000000000003 -0.0090000000000000011 65.88589400141781
-0.018000000000000002 -0.0090000000000000011 123.30013517859692
-0.017500000000000002 -0.0090000000000000011 221.81183649860725
-0.017000000000000001 -0.0090000000000000011 383.60260915708108
-0.016500000000000001 -0.0090000000000000011 637.82000258209155
-0.016 -0.0090000000000000011 1019.7734256642341
-0.0155 -0.0090000000000000011 1568.2018728089129
-0.015000000000000001 -0.0090000000000000011 2320.3004365043912
-0.014500000000000001 -0.0090000000000000011 3304.8129879839053
-0.014 -0.0090000000000000011 4534.3510356579254
-0.0135 -0.0090000000000000011 5998.9223470721463
-0.012999999999999999 -0.0090000000000000011 7663.0530679193125
-0.012500000000000001 -0.0090000000000000011 9468.4771462547978
-0.012 -0.0090000000000000011 11342.97901487359
-0.0115 -0.0090000000000000011 13213.850038069973
-0.010999999999999999 -0.0090000000000000011 15022.250146791781
-0.010499999999999999 -0.0090000000000000011 16733.515687703377
-0.010000000000000002 -0.0090000000000000011 18338.956434701409
-0.0095000000000000015 -0.0090000000000000011 19847.186406025558
-0.0090000000000000011 -0.0090000000000000011 21266.912203830434
-0.0085000000000000006 -0.0090000000000000011 22586.957556278299
-0.0080000000000000002 -0.0090000000000000011 23761.458013029973
-0.0074999999999999997 -0.0090000000000000011 24707.405066317715
-0.0069999999999999993 -0.0090000000000000011 25317.943590387858
-0.0064999999999999988 -0.0090000000000000011 25489.212445375946
-0.0059999999999999984 -0.0090000000000000011 25153.145951960021
-0.0054999999999999979 -0.0090000000000000011 24305.662687019932
-0.005000000000000001 -0.0090000000000000011 23020.34529962856
-0.0044999999999999971 -0.0090000000000000011 21441.941830095639
-0.0040000000000000001 -0.0090000000000000011 19760.322207461944
-0.0035000000000000031 -0.0090000000000000011 18171.691789092431
-0.0029999999999999992 -0.0090000000000000011 16837.821760348859
-0.0025000000000000022 -0.0090000000000000011 15854.604877940032
-0.0019999999999999983 -0.0090000000000000011 15238.386238738314
-0.0015000000000000013 -0.0090000000000000011 14933.309779995921
-0.00099999999999999742 -0.0090000000000000011 14837.0079552998
-0.00050000000000000044 -0.0090000000000000011 14837.023866059782
0 -0.0090000000000000011 14847.653950921384
0.00050000000000000044 -0.0090000000000000011 14837.023018782917
0.0010000000000000009 -0.0090000000000000011 14837.005565811231
0.0015000000000000013 -0.0090000000000000011 14933.304027399981
0.0020000000000000018 -0.0090000000000000011 15238.373142235614
0.0024999999999999988 -0.0090000000000000011 15854.576297013928
0.0030000000000000027 -0.0090000000000000011 16837.761853108193
0.0034999999999999996 -0.0090000000000000011 18171.571149702042
0.0040000000000000036 -0.0090000000000000011 19760.088795004252
0.0045000000000000005 -0.0090000000000000011 21441.507933053672
0.0049999999999999975 -0.0090000000000000011 23019.570342815892
0.0055000000000000014 -0.0090000000000000011 24304.332855806319
0.0059999999999999984 -0.0090000000000000011 25150.953430950423
0.0064999999999999988 -0.0090000000000000011 25485.739329882792
0.0069999999999999993 -0.0090000000000000011 25312.657642128983
0.0074999999999999997 -0.0090000000000000011 24699.675505638199
0.0080000000000000002 -0.0090000000000000011 23750.598385377169
0.0085000000000000006 -0.0090000000000000011 22572.298592244162
0.0090000000000000011 -0.0090000000000000011 21247.900552335203
0.0095000000000000015 -0.0090000000000000011 19823.496429487306
0.010000000000000002 -0.0090000000000000011 18310.594383457861
0.010500000000000002 -0.0090000000000000011 16700.891563276058
0.011000000000000003 -0.0090000000000000011 14986.194913247022
0.011500000000000003 -0.0090000000000000011 13175.565273397913
0.012000000000000004 -0.0090000000000000011 11303.920846652542
0.012499999999999997 -0.0090000000000000011 9430.192381582754
0.013000000000000005 -0.0090000000000000011 7626.9978343745279
0.013499999999999998 -0.0090000000000000011 5966.2982226448185
0.014000000000000005 -0.0090000000000000011 4505.988984414329
0.014499999999999999 -0.0090000000000000011 3281.1230114456243
0.014999999999999999 -0.0090000000000000011 2301.2887850091292
0.0155 -0.0090000000000000011 1553.5429087747434
0.016000000000000007 -0.0090000000000000011 1008.9137980113971
0.016500000000000001 -0.0090000000000000011 630.09044190255395
0.017000000000000001 -0.0090000000000000011 378.31666089818032
0.017500000000000002 -0.0090000000000000011 218.33872100538937
0.017999999999999995 -0.0090000000000000011 121.10761416877277
0.018500000000000003 -0.0090000000000000011 64.556062786894728
0.019000000000000003 -0.0090000000000000011 33.067316459622823
0.019500000000000003 -0.0090000000000000011 16.275601759184564
0.019999999999999997 -0.0090000000000000011 7.6972776279280879
0.020499999999999997 -0.0090000000000000011 3.4977538515097817
0.021000000000000005 -0.0090000000000000011 1.5271661597484278
0.021500000000000005 -0.0090000000000000011 0.64065370263046573
0.021999999999999999 -0.0090000000000000011 0.25822417580187146
0.022499999999999999 -0.0090000000000000011 0.10000103953185212
0.023000000000000007 -0.0090000000000000011 0.037208696507395674
0.023500000000000007 -0.0090000000000000011 0.01330195603194363
0.024 -0.0090000000000000011 0.0045689543000518853
0.024500000000000001 -0.0090000000000000011 0.0015078140023778153
0.025000000000000001 -0.0090000000000000011 0.00047808812636209358
-0.025000000000000001 -0.0085000000000000006 0.00070142773871671087
-0.024500000000000001 -0.0085000000000000006 0.002171955974466639
-0.024 -0.0085000000000000006 0.0064742135522394047
-0.0235 -0.0085000000000000006 0.018574394741407502
-0.023 -0.0085000000000000006 0.051281695074988781
-0.022500000000000003 -0.0085000000000000006 0.1362271007308582
-0.022000000000000002 -0.0085000000000000006 0.34814219186250822
-0.021500000000000002 -0.0085000000000000006 0.85582632734372455
-0.021000000000000001 -0.0085000000000000006 2.0234832617545839
-0.020500000000000001 -0.0085000000000000006 4.6010091190475828
-0.02 -0.0085000000000000006 10.060186397101967
-0.0195 -0.0085000000000000006 21.150662733678541
-0.019 -0.0085000000000000006 42.754168098017232
-0.018500000000000003 -0.0085000000000000006 83.089759864023293
-0.018000000000000002 -0.0085000000000000006 155.24464079401042
-0.017500000000000002 -0.0085000000000000006 278.85615938067468
-0.017000000000000001 -0.0085000000000000006 481.55284709083583
-0.016500000000000001 -0.0085000000000000006 799.51698633895046
-0.016 -0.0085000000000000006 1276.3518787864116
-0.0155 -0.0085000000000000006 1959.4615729130596
-0.015000000000000001 -0.0085000000000000006 2893.5186114654498
-0.014500000000000001 -0.0085000000000000006 4111.3696496243811
-0.014 -0.0085000000000000006 5623.8089646866747
-0.0135 -0.0085000000000000006 7410.7221016991916
-0.012999999999999999 -0.0085000000000000006 9416.6840084089708
-0.012500000000000001 -0.0085000000000000006 11553.704069433439
-0.012 -0.0085000000000000006 13712.211017171527
-0.0115 -0.0085000000000000006 15778.810147142249
-0.010999999999999999 -0.0085000000000000006 17656.612032197765
-0.010499999999999999 -0.0085000000000000006 19282.150382138872
-0.010000000000000002 -0.0085000000000000006 20633.084838633498
-0.0095000000000000015 -0.0085000000000000006 21723.389662599442
-0.0090000000000000011 -0.0085000000000000006 22586.957556278292
-0.0085000000000000006 -0.0085000000000000006 23255.010081762208
-0.0080000000000000002 -0.0085000000000000006 23735.569942603448
-0.0074999999999999997 -0.0085000000000000006 24003.136774797076
-0.0069999999999999993 -0.0085000000000000006 24003.373737213729
-0.0064999999999999988 -0.0085000000000000006 23672.164340989973
-0.0059999999999999984 -0.0085000000000000006 22962.898269406673
-0.0054999999999999979 -0.0085000000000000006 21872.453663585391
-0.005000000000000001 -0.0085000000000000006 20456.409314994238
-0.0044999999999999971 -0.0085000000000000006 18827.522321042568
-0.0040000000000000001 -0.0085000000000000006 17137.104913156669
-0.0035000000000000031 -0.0085000000000000006 15544.567890673303
-0.0029999999999999992 -0.0085000000000000006 14184.127358614358
-0.0025000000000000022 -0.0085000000000000006 13138.376615355424
-0.0019999999999999983 -0.0085000000000000006 12426.100651851995
-0.0015000000000000013 -0.0085000000000000006 12007.310977598328
-0.00099999999999999742 -0.0085000000000000006 11803.467111330612
-0.00050000000000000044 -0.0085000000000000006 11726.686447459348
0 -0.0085000000000000006 11709.483871794153
0.00050000000000000044 -0.0085000000000000006 11726.684741253262
0.0010000000000000009 -0.0085000000000000006 11803.462299491541
0.0015000000000000013 -0.0085000000000000006 12007.299393292684
0.0020000000000000018 -0.0085000000000000006 12426.074278734228
0.0024999999999999988 -0.0085000000000000006 13138.319060438102
0.0030000000000000027 -0.0085000000000000006 14184.006720246256
0.0034999999999999996 -0.0085000000000000006 15544.324952774285
0.0040000000000000036 -0.0085000000000000006 17136.634878188008
0.0045000000000000005 -0.0085000000000000006 18826.648559699534
0.0049999999999999975 -0.0085000000000000006 20454.848743614566
0.0055000000000000014 -0.0085000000000000006 21869.775712378487
0.0059999999999999984 -0.0085000000000000006 22958.483074287396
0.0064999999999999988 -0.0085000000000000006 23665.170345262264
0.0069999999999999993 -0.0085000000000000006 23992.729144595858
0.0074999999999999997 -0.0085000000000000006 23987.57135105113
0.0080000000000000002 -0.0085000000000000006 23713.701338015471
0.0085000000000000006 -0.0085000000000000006 23225.490553249725
0.0090000000000000011 -0.0085000000000000006 22548.672791606259
0.0095000000000000015 -0.0085000000000000006 21675.683908205599
0.010000000000000002 -0.0085000000000000006 20575.970681152354
0.010500000000000002 -0.0085000000000000006 19216.453463244488
0.011000000000000003 -0.0085000000000000006 17584.005708028508
0.011500000000000003 -0.0085000000000000006 15701.714098629003
0.012000000000000004 -0.0085000000000000006 13633.557525167538
0.012499999999999997 -0.0085000000000000006 11476.60802092021
0.013000000000000005 -0.0085000000000000006 9344.0776842396772
0.013499999999999998 -0.0085000000000000006 7345.0251828047922
0.014000000000000005 -0.0085000000000000006 5566.6948072054729
0.014499999999999999 -0.0085000000000000006 4063.6638952304997
0.014999999999999999 -0.0085000000000000006 2855.2338467933769
0.0155 -0.0085000000000000006 1929.942044400538
0.016000000000000007 -0.0085000000000000006 1254.4832741983935
0.016500000000000001 -0.0085000000000000006 783.95156259297528
0.017000000000000001 -0.0085000000000000006 470.90825447292536
0.017500000000000002 -0.0085000000000000006 271.86216365284963
0.017999999999999995 -0.0085000000000000006 150.82944567429044
0.018500000000000003 -0.0085000000000000006 80.411808655298756
0.019000000000000003 -0.0085000000000000006 41.193596711189983
0.019500000000000003 -0.0085000000000000006 20.276901363285269
0.019999999999999997 -0.0085000000000000006 9.5901513281139117
0.020499999999999997 -0.0085000000000000006 4.3580708663832093
0.021000000000000005 -0.0085000000000000006 1.902843695752672
0.021500000000000005 -0.0085000000000000006 0.79826751164179366
0.021999999999999999 -0.0085000000000000006 0.32175688474113823
0.022499999999999999 -0.0085000000000000006 0.1246061762607443
0.023000000000000007 -0.0085000000000000006 0.046364160477756988
0.023500000000000007 -0.0085000000000000006 0.016575074373448441
0.024 -0.0085000000000000006 0.00569322336471544
0.024500000000000001 -0.0085000000000000006 0.0018788416889948597
0.025000000000000001 -0.0085000000000000006 0.00059573221048314098
-0.025000000000000001 -0.0080000000000000002 0.00091771799258381459
-0.024500000000000001 -0.0080000000000000002 0.0028164887431968151
-0.024 -0.0080000000000000002 0.0083270430494331513
-0.0235 -0.0080000000000000002 0.023712083860016192
-0.023 -0.0080000000000000002 0.065021776160559625
-0.022500000000000003 -0.0080000000000000002 0.17166241534113386
-0.022000000000000002 -0.0080000000000000002 0.43625441884970884
-0.021500000000000002 -0.0080000000000000002 1.0670337083412051
-0.021000000000000001 -0.0080000000000000002 2.5114270160276759
-0.020500000000000001 -0.0080000000000000002 5.6872576791954854
-0.02 -0.0080000000000000002 12.389866263764421
-0.0195 -0.0080000000000000002 25.963250456580006
-0.019 -0.0080000000000000002 52.327962341471562
-0.018500000000000003 -0.0080000000000000002 101.42642815907378
-0.018000000000000002 -0.0080000000000000002 189.05078985037807
-0.017500000000000002 -0.0080000000000000002 338.83765796224378
-0.017000000000000001 -0.0080000000000000002 583.95061178401625
-0.016500000000000001 -0.0080000000000000002 967.67424521355429
-0.016 -0.0080000000000000002 1541.9251496966822
-0.0155 -0.0080000000000000002 2362.7108266215037
-0.015000000000000001 -0.0080000000000000002 3482.0053092389812
-0.014500000000000001 -0.0080000000000000002 4936.4396851406209
-0.014 -0.0080000000000000002 6734.5131623780499
-0.0135 -0.0080000000000000002 8845.3495169848356
-0.012999999999999999 -0.0080000000000000002 11192.785701570716
-0.012500000000000001 -0.0080000000000000002 13658.204388533455
-0.012 -0.0080000000000000002 16093.712449013015
-0.0115 -0.0080000000000000002 18344.274959157858
-0.010999999999999999 -0.0080000000000000002 20274.119786254862
-0.010499999999999999 -0.0080000000000000002 21790.413574439255
-0.010000000000000002 -0.0080000000000000002 22857.054814417585
-0.0095000000000000015 -0.0080000000000000002 23493.920410303621
-0.0090000000000000011 -0.0080000000000000002 23761.458013029958
-0.0085000000000000006 -0.0080000000000000002 23735.569942603437
-0.0080000000000000002 -0.0080000000000000002 23481.307400094789
-0.0074999999999999997 -0.0080000000000000002 23034.444606586345
-0.0069999999999999993 -0.0080000000000000002 22397.152910509598
-0.0064999999999999988 -0.0080000000000000002 21548.764050508747
-0.0059999999999999984 -0.0080000000000000002 20467.020974301504
-0.0054999999999999979 -0.0080000000000000002 19151.432305974973
-0.005000000000000001 -0.0080000000000000002 17639.774837617715
-0.0044999999999999971 -0.0080000000000000002 16011.513617473942
-0.0040000000000000001 -0.0080000000000000002 14376.745816034527
-0.0035000000000000031 -0.0080000000000000002 12854.336621523273
-0.0029999999999999992 -0.0080000000000000002 11546.411829304574
-0.0025000000000000022 -0.0080000000000000002 10517.259030825871
-0.0019999999999999983 -0.0080000000000000002 9782.9363396353983
-0.0015000000000000013 -0.0080000000000000002 9314.3220998664583
-0.00099999999999999742 -0.0080000000000000002 9052.2272765770413
-0.00050000000000000044 -0.0080000000000000002 8929.7729749271202
0 -0.0080000000000000002 8895.3792172435915
0.00050000000000000044 -0.0080000000000000002 8929.769673772671
0.0010000000000000009 -0.0080000000000000002 9052.2179666676948
0.0015000000000000013 -0.0080000000000000002 9314.2996866407047
0.0020000000000000018 -0.0080000000000000002 9782.8853131293017
0.0024999999999999988 -0.0080000000000000002 10517.147674013035
0.0030000000000000027 -0.0080000000000000002 11546.178419114731
0.0034999999999999996 -0.0080000000000000002 12853.866587138526
0.0040000000000000036 -0.0080000000000000002 14375.836395980254
0.0045000000000000005 -0.0080000000000000002 16009.823070725322
0.0049999999999999975 -0.0080000000000000002 17636.755456075043
0.0055000000000000014 -0.0080000000000000002 19146.251026507936
0.0059999999999999984 -0.0080000000000000002 20458.478488629837
0.0064999999999999988 -0.0080000000000000002 21535.232121187928
0.0069999999999999993 -0.0080000000000000002 22376.5578343097
0.0074999999999999997 -0.0080000000000000002 23004.328744040955
0.0080000000000000002 -0.0080000000000000002 23438.996191573879
0.0085000000000000006 -0.0080000000000000002 23678.455785122296
0.0090000000000000011 -0.0080000000000000002 23687.384943818084
0.0095000000000000015 -0.0080000000000000002 23401.619682395507
0.010000000000000002 -0.0080000000000000002 22746.550780337202
0.010500000000000002 -0.0080000000000000002 21663.303679368542
0.011000000000000003 -0.0080000000000000002 20133.641626823046
0.011500000000000003 -0.0080000000000000002 18195.110115481722
0.012000000000000004 -0.0080000000000000002 15941.534275609733
0.012499999999999997 -0.0080000000000000002 13509.039544857338
0.013000000000000005 -0.0080000000000000002 11052.307542138864
0.013499999999999998 -0.0080000000000000002 8718.239621914101
0.014000000000000005 -0.0080000000000000002 6624.0091282975973
0.014499999999999999 -0.0080000000000000002 4844.1389572324661
0.014999999999999999 -0.0080000000000000002 3407.9322400270644
0.0155 -0.0080000000000000002 2305.5966691403137
0.016000000000000007 -0.0080000000000000002 1499.6139411757224
0.016500000000000001 -0.0080000000000000002 937.55838266812123
0.017000000000000001 -0.0080000000000000002 563.35553558405081
0.017500000000000002 -0.0080000000000000002 325.30572864120757
0.017999999999999995 -0.0080000000000000002 180.50830417785411
0.018500000000000003 -0.0080000000000000002 96.245148688531188
0.019000000000000003 -0.0080000000000000002 49.308580784951374
0.019500000000000003 -0.0080000000000000002 24.272703655046634
0.019999999999999997 -0.0080000000000000002 11.480446015386205
0.020499999999999997 -0.0080000000000000002 5.2172226102074317
0.021000000000000005 -0.0080000000000000002 2.2780145085016033
0.021500000000000005 -0.0080000000000000002 0.95566935294385702
0.021999999999999999 -0.0080000000000000002 0.38520432889043882
0.022499999999999999 -0.0080000000000000002 0.14917833975769249
0.023000000000000007 -0.0080000000000000002 0.055507367917679573
0.023500000000000007 -0.0080000000000000002 0.019843814138075403
0.024 -0.0080000000000000002 0.006815989221368615
0.024500000000000001 -0.0080000000000000002 0.0022493734705623021
0.025000000000000001 -0.0080000000000000002 0.0007132190947769342
-0.025000000000000001 -0.0074999999999999997 0.0012005446807541861
-0.024500000000000001 -0.0074999999999999997 0.0036416156831231218
-0.024 -0.0074999999999999997 0.010649166457350902
-0.0235 -0.0074999999999999997 0.030016536665278926
-0.023 -0.0074999999999999997 0.081534793488539412
-0.022500000000000003 -0.0074999999999999997 0.21339036476032561
-0.022000000000000002 -0.0074999999999999997 0.53798204026727292
-0.021500000000000002 -0.0074999999999999997 1.3062754310501337
-0.021000000000000001 -0.0074999999999999997 3.0541547390986912
-0.020500000000000001 -0.0074999999999999997 6.8747257741388887
-0.02 -0.0074999999999999997 14.895356701379734
-0.0195 -0.0074999999999999997 31.060313276482191
-0.019 -0.0074999999999999997 62.323822877070256
-0.018500000000000003 -0.0074999999999999997 120.31947536235737
-0.018000000000000002 -0.0074999999999999997 223.45939231850687
-0.017500000000000002 -0.0074999999999999997 399.20610267091865
-0.017000000000000001 -0.0074999999999999997 685.95482451265104
-0.016500000000000001 -0.0074999999999999997 1133.6212202388715
-0.016 -0.0074999999999999997 1801.7788461782693
-0.0155 -0.0074999999999999997 2754.2214796367966
-0.015000000000000001 -0.0074999999999999997 4049.3315712568324
-0.014500000000000001 -0.0074999999999999997 5726.7096789732013
-0.014 -0.0074999999999999997 7792.0339314164357
-0.0135 -0.0074999999999999997 10203.658730697016
-0.012999999999999999 -0.0074999999999999997 12865.381090086985
-0.012500000000000001 -0.0074999999999999997 15629.436909891498
-0.012 -0.0074999999999999997 18311.784597305195
-0.0115 -0.0074999999999999997 20718.348599725592
-0.010999999999999999 -0.0074999999999999997 22677.09367215474
-0.010499999999999999 -0.0074999999999999997 24068.004296991872
-0.010000000000000002 -0.0074999999999999997 24842.581978471502
-0.0095000000000000015 -0.0074999999999999997 25026.939132703254
-0.0090000000000000011 -0.0074999999999999997 24707.4050663177
-0.0085000000000000006 -0.0074999999999999997 24003.136774797069
-0.0080000000000000002 -0.0074999999999999997 23034.444606586349
-0.0074999999999999997 -0.0074999999999999997 21896.719003965809
-0.0069999999999999993 -0.0074999999999999997 20647.476812294641
-0.0064999999999999988 -0.0074999999999999997 19309.061457784246
-0.0059999999999999984 -0.0074999999999999997 17883.89714372961
-0.0054999999999999979 -0.0074999999999999997 16375.069168665086
-0.005000000000000001 -0.0074999999999999997 14803.824297538556
-0.0044999999999999971 -0.0074999999999999997 13217.54840974885
-0.0040000000000000001 -0.0074999999999999997 11685.859066615916
-0.0035000000000000031 -0.0074999999999999997 10286.945344942887
-0.0029999999999999992 -0.0074999999999999997 9089.5573936275614
-0.0025000000000000022 -0.0074999999999999997 8137.1208968709579
-0.0019999999999999983 -0.0074999999999999997 7439.2588832250685
-0.0015000000000000013 -0.0074999999999999997 6973.2366034326287
-0.00099999999999999742 -0.0074999999999999997 6694.5737727760225
-0.00050000000000000044 -0.0074999999999999997 6553.3259452792554
0 -0.0074999999999999997 6511.0312155639549
0.00050000000000000044 -0.0074999999999999997 6553.319808670677
0.0010000000000000009 -0.0074999999999999997 6694.556466324475
0.0015000000000000013 -0.0074999999999999997 6973.19493885877
0.0020000000000000018 -0.0074999999999999997 7439.1640286220081
0.0024999999999999988 -0.0074999999999999997 8136.9138925689322
0.0030000000000000027 -0.0074999999999999997 9089.1235008803978
0.0034999999999999996 -0.0074999999999999997 10286.071584844454
0.0040000000000000036 -0.0074999999999999997 11684.168520175193
0.0045000000000000005 -0.0074999999999999997 13214.405804991771
0.0049999999999999975 -0.0074999999999999997 14798.211484519852
0.0055000000000000014 -0.0074999999999999997 16365.437542971151
0.0059999999999999984 -0.0074999999999999997 17868.017277567458
0.0064999999999999988 -0.0074999999999999997 19283.906574909477
0.0069999999999999993 -0.0074999999999999997 20609.19204762267
0.0074999999999999997 -0.0074999999999999997 21840.735782575764
0.0080000000000000002 -0.0074999999999999997 22955.791114582389
0.0085000000000000006 -0.0074999999999999997 23896.965665868905
0.0090000000000000011 -0.0074999999999999997 24569.708560814084
0.0095000000000000015 -0.0074999999999999997 24855.358721311994
0.010000000000000002 -0.0074999999999999997 24637.162930782291
0.010500000000000002 -0.0074999999999999997 23831.716148648746
0.011000000000000003 -0.0074999999999999997 22415.954882319962
0.011500000000000003 -0.0074999999999999997 20441.061888958382
0.012000000000000004 -0.0074999999999999997 18028.896323408862
0.012499999999999997 -0.0074999999999999997 15352.150199124308
0.013000000000000005 -0.0074999999999999997 12604.242300252161
0.013499999999999998 -0.0074999999999999997 9967.3705823538676
0.014000000000000005 -0.0074999999999999997 7586.614883727153
0.014499999999999999 -0.0074999999999999997 5555.1292675818968
0.014999999999999999 -0.0074999999999999997 3911.635065753173
0.0155 -0.0074999999999999997 2648.0503707085859
0.016000000000000007 -0.0074999999999999997 1723.1253541742562
0.016500000000000001 -0.0074999999999999997 1077.6379988487774
0.017000000000000001 -0.0074999999999999997 647.67005984057369
0.017500000000000002 -0.0074999999999999997 374.05121979576251
0.017999999999999995 -0.0074999999999999997 207.57952615478013
0.018500000000000003 -0.0074999999999999997 110.68784966192293
0.019000000000000003 -0.0074999999999999997 56.711009832621386
0.019500000000000003 -0.0074999999999999997 27.917708421058308
0.019999999999999997 -0.0074999999999999997 13.204809899846573
0.020499999999999997 -0.0074999999999999997 6.0009644037458161
0.021000000000000005 -0.0074999999999999997 2.620257683540816
0.021500000000000005 -0.0074999999999999997 1.0992571079398681
0.021999999999999999 -0.0074999999999999997 0.44308359650320733
0.022499999999999999 -0.0074999999999999997 0.17159408616327368
0.023000000000000007 -0.0074999999999999997 0.06384819320427651
0.023500000000000007 -0.0074999999999999997 0.022825701605738293
0.024 -0.0074999999999999997 0.0078402261236225172
0.024500000000000001 -0.0074999999999999997 0.0025873891998635166
0.025000000000000001 -0.0074999999999999997 0.00082039594509431164
-0.025000000000000001 -0.0069999999999999993 0.0015856375809679508
-0.024500000000000001 -0.0069999999999999993 0.0047423933915446076
-0.024 -0.0069999999999999993 0.013681649439284575
-0.0235 -0.0069999999999999993 0.038069334252683204
-0.023 -0.0069999999999999993 0.10215178886573908
-0.022500000000000003 -0.0069999999999999993 0.26428923969890883
-0.022000000000000002 -0.0069999999999999993 0.65917036649298677
-0.021500000000000002 -0.0069999999999999993 1.5845915596148969
-0.021000000000000001 -0.0069999999999999993 3.6707269737816963
-0.020500000000000001 -0.0069999999999999993 8.1924570404779455
-0.02 -0.0069999999999999993 17.612304785838564
-0.0195 -0.0069999999999999993 36.464692168853333
-0.019 -0.0069999999999999993 72.6943766887793
-0.018500000000000003 -0.0069999999999999993 139.51564277595972
-0.018000000000000002 -0.0069999999999999993 257.73071279860886
-0.017500000000000002 -0.0069999999999999993 458.20994558703796
-0.017000000000000001 -0.0069999999999999993 783.89784515883946
-0.016500000000000001 -0.0069999999999999993 1290.3325297060253
-0.016 -0.0069999999999999993 2043.3954367676079
-0.0155 -0.0069999999999999993 3113.0516870678375
-0.015000000000000001 -0.0069999999999999993 4562.4108873397845
-0.014500000000000001 -0.0069999999999999993 6432.6327950489076
-0.014 -0.0069999999999999993 8725.8814128971808
-0.0135 -0.0069999999999999993 11390.240146503576
-0.012999999999999999 -0.0069999999999999993 14311.532069373143
-0.012500000000000001 -0.0069999999999999993 17316.615804884812
-0.012 -0.0069999999999999993 20190.556766155161
-0.0115 -0.0069999999999999993 22706.37361612395
-0.010999999999999999 -0.0069999999999999993 24661.859112311759
-0.010499999999999999 -0.0069999999999999993 25914.801243856757
-0.010000000000000002 -0.0069999999999999993 26407.226277951046
-0.0095000000000000015 -0.0069999999999999993 26171.722273551404
-0.0090000000000000011 -0.0069999999999999993 25317.943590387855
-0.0085000000000000006 -0.0069999999999999993 24003.373737213737
-0.0080000000000000002 -0.0069999999999999993 22397.152910509627
-0.0074999999999999997 -0.0069999999999999993 20647.476812294688
-0.0069999999999999993 -0.0069999999999999993 18861.143499770886
-0.0064999999999999988 -0.0069999999999999993 17099.104537082138
-0.0059999999999999984 -0.0069999999999999993 15386.26253564223
-0.0054999999999999979 -0.0069999999999999993 13729.369447450888
-0.005000000000000001 -0.0069999999999999993 12135.182292762758
-0.0044999999999999971 -0.0069999999999999993 10622.308129660469
-0.0040000000000000001 -0.0069999999999999993 9223.5485523993975
-0.0035000000000000031 -0.0069999999999999993 7979.5137114421059
-0.0029999999999999992 -0.0069999999999999993 6927.3274565155534
-0.0025000000000000022 -0.0069999999999999993 6089.4824108002122
-0.0019999999999999983 -0.0069999999999999993 5467.2182369850625
-0.0015000000000000013 -0.0069999999999999993 5040.7460801795296
-0.00099999999999999742 -0.0069999999999999993 4776.1121397336801
-0.00050000000000000044 -0.0069999999999999993 4636.3347681498271
0 -0.0069999999999999993 4593.2353771466296
0.00050000000000000044 -0.0069999999999999993 4636.3238079310759
0.0010000000000000009 -0.0069999999999999993 4776.0812297461152
0.0015000000000000013 -0.0069999999999999993 5040.6716656494191
0.0020000000000000018 -0.0069999999999999993 5467.0488230186602
0.0024999999999999988 -0.0069999999999999993 6089.1126931614699
0.0030000000000000027 -0.0069999999999999993 6926.5525073942845
0.0034999999999999996 -0.0069999999999999993 7977.9531423270528
0.0040000000000000036 -0.0069999999999999993 9220.529171487291
0.0045000000000000005 -0.0069999999999999993 10616.695316791654
0.0049999999999999975 -0.0069999999999999993 12125.157593006741
0.0055000000000000014 -0.0069999999999999993 13712.166993810904
0.0059999999999999984 -0.0069999999999999993 15357.900484401456
0.0064999999999999988 -0.0069999999999999993 17054.176949546763
0.0069999999999999993 -0.0069999999999999993 18792.765438754508
0.0074999999999999997 -0.0069999999999999993 20547.488627414859
0.0080000000000000002 -0.0069999999999999993 22256.674751077837
0.0085000000000000006 -0.0069999999999999993 23813.748056432651
0.0090000000000000011 -0.0069999999999999993 25072.012339778368
0.0095000000000000015 -0.0069999999999999993 25865.273064842659
0.010000000000000002 -0.0069999999999999993 26040.339964369992
0.010500000000000002 -0.0069999999999999993 25492.781530185133
0.011000000000000003 -0.0069999999999999993 24195.455197907253
0.011500000000000003 -0.0069999999999999993 22211.128894357418
0.012000000000000004 -0.0069999999999999993 19685.307437367755
0.012499999999999997 -0.0069999999999999993 16821.371083118298
0.013000000000000005 -0.0069999999999999993 13845.128154968588
0.013499999999999998 -0.0069999999999999993 10968.220432831928
0.014000000000000005 -0.0069999999999999993 8358.9950993160546
0.014499999999999999 -0.0069999999999999993 6126.1835863401257
0.014999999999999999 -0.0069999999999999993 4316.4796367302579
0.0155 -0.0069999999999999993 2923.4260062867029
0.016000000000000007 -0.0069999999999999993 1902.9172773357566
0.016500000000000001 -0.0069999999999999993 1190.3443448261276
0.017000000000000001 -0.0069999999999999993 715.51978414228722
0.017500000000000002 -0.0069999999999999993 413.28235805099263
0.017999999999999995 -0.0069999999999999993 229.36866155502466
0.018500000000000003 -0.0069999999999999993 122.31318912438404
0.019000000000000003 -0.0069999999999999993 62.669676886778682
0.019500000000000003 -0.0069999999999999993 30.851879124404697
0.019999999999999997 -0.0069999999999999993 14.592923229318755
0.020499999999999997 -0.0069999999999999993 6.6318856536510538
0.021000000000000005 -0.0069999999999999993 2.8957701575660524
0.021500000000000005 -0.0069999999999999993 1.2148488786705376
0.021999999999999999 -0.0069999999999999993 0.48967809891199005
0.022499999999999999 -0.0069999999999999993 0.189639479862237
0.023000000000000007 -0.0069999999999999993 0.070562841048731298
0.023500000000000007 -0.0069999999999999993 0.025226226487158929
0.024 -0.0069999999999999993 0.0086647740535617836
0.024500000000000001 -0.0069999999999999993 0.0028595043777284528
0.025000000000000001 -0.0069999999999999993 0.00090667732967836582
-0.025000000000000001 -0.0064999999999999988 0.0021278449186253588
-0.024500000000000001 -0.0064999999999999988 0.0062673797443432806
-0.024 -0.0064999999999999988 0.017809570273025557
-0.0235 -0.0064999999999999988 0.048824980058583191
-0.023 -0.0064999999999999988 0.1291329400625916
-0.022500000000000003 -0.0064999999999999988 0.32946499389768713
-0.022000000000000002 -0.0064999999999999988 0.81080514613093846
-0.021500000000000002 -0.0064999999999999988 1.924440595407243
-0.021000000000000001 -0.0064999999999999988 4.4046244172046665
-0.020500000000000001 -0.0064999999999999988 9.7197881432270048
-0.02 -0.0064999999999999988 20.676120542575319
-0.0195 -0.0064999999999999988 42.389869818379132
-0.019 -0.0064999999999999988 83.743275276787344
-0.018500000000000003 -0.0064999999999999988 159.38455671303228
-0.018000000000000002 -0.0064999999999999988 292.19039079297926
-0.017500000000000002 -0.0064999999999999988 515.85428290455809
-0.017000000000000001 -0.0064999999999999988 876.90456991002634
-0.016500000000000001 -0.0064999999999999988 1435.0630753393141
-0.016 -0.0064999999999999988 2260.5829543397135
-0.0155 -0.0064999999999999988 3427.2718159682895
-0.015000000000000001 -0.0064999999999999988 5000.5322569983746
-0.014500000000000001 -0.0064999999999999988 7021.0344153823225
-0.014 -0.0064999999999999988 9486.4184822833995
-0.0135 -0.0064999999999999988 12335.22657947058
-0.012999999999999999 -0.0064999999999999988 15438.33985708183
-0.012500000000000001 -0.0064999999999999988 18602.789417511223
-0.012 -0.0064999999999999988 21590.512892187293
-0.0115 -0.0064999999999999988 24150.724194850751
-0.010999999999999999 -0.0064999999999999988 26060.121740309791
-0.010499999999999999 -0.0064999999999999988 27161.766237005293
-0.010000000000000002 -0.0064999999999999988 27392.611060135732
-0.0095000000000000015 -0.0064999999999999988 26792.077576354921
-0.0090000000000000011 -0.0064999999999999988 25489.212445375982
-0.0085000000000000006 -0.0064999999999999988 23672.164340990064
-0.0080000000000000002 -0.0064999999999999988 21548.764050508929
-0.0074999999999999997 -0.0064999999999999988 19309.061457784559
-0.0069999999999999993 -0.0064999999999999988 17099.104537082538
-0.0064999999999999988 -0.0064999999999999988 15010.800416668251
-0.0059999999999999984 -0.0064999999999999988 13087.18778671496
-0.0054999999999999979 -0.0064999999999999988 11337.92698412728
-0.005000000000000001 -0.0064999999999999988 9757.7304979725996
-0.0044999999999999971 -0.0064999999999999988 8341.1616207094285
-0.0040000000000000001 -0.0064999999999999988 7089.9922461571168
-0.0035000000000000031 -0.0064999999999999988 6012.7821364874062
-0.0029999999999999992 -0.0064999999999999988 5119.1770637223281
-0.0025000000000000022 -0.0064999999999999988 4412.7815446194463
-0.0019999999999999983 -0.0064999999999999988 3886.1995353888087
-0.0015000000000000013 -0.0064999999999999988 3520.3903358138641
-0.00099999999999999742 -0.0064999999999999988 3288.5783347926053
-0.00050000000000000044 -0.0064999999999999988 3163.2792272927995
0 -0.0064999999999999988 3124.0257329252349
0.00050000000000000044 -0.0064999999999999988 3163.2604194822115
0.0010000000000000009 -0.0064999999999999988 3288.5252930418333
0.0015000000000000013 -0.0064999999999999988 3520.2626399695459
0.0020000000000000018 -0.0064999999999999988 3885.9088198599056
0.0024999999999999988 -0.0064999999999999988 4412.1471066142958
0.0030000000000000027 -0.0064999999999999988 5117.8472457123771
0.0034999999999999996 -0.0064999999999999988 6010.1041891770647
0.0040000000000000036 -0.0064999999999999988 7084.8109677923785
0.0045000000000000005 -0.0064999999999999988 8331.5299953103731
0.0049999999999999975 -0.0064999999999999988 9740.5280443999345
0.0055000000000000014 -0.0064999999999999988 11308.407455634635
0.0059999999999999984 -0.0064999999999999988 13038.518312160142
0.0064999999999999988 -0.0064999999999999988 14933.704368156121
0.0069999999999999993 -0.0064999999999999988 16981.767315155514
0.0074999999999999997 -0.0064999999999999988 19137.481046393332
0.0080000000000000002 -0.0064999999999999988 21307.702564936848
0.0085000000000000006 -0.0064999999999999988 23346.765371523212
0.0090000000000000011 -0.0064999999999999988 25067.192731704374
0.0095000000000000015 -0.0064999999999999988 26266.208631299563
0.010000000000000002 -0.0064999999999999988 26763.031628388897
0.010500000000000002 -0.0064999999999999988 26437.577512367468
0.011000000000000003 -0.0064999999999999988 25259.769422641763
0.011500000000000003 -0.0064999999999999988 23300.880853838542
0.012000000000000004 -0.0064999999999999988 20723.501576873812
0.012499999999999997 -0.0064999999999999988 17752.94607649904
0.013000000000000005 -0.0064999999999999988 14637.987539413754
0.013499999999999998 -0.0064999999999999988 11611.037854832739
0.014000000000000005 -0.0064999999999999988 8856.8390505365005
0.014499999999999999 -0.0064999999999999988 6495.1654703269314
0.014999999999999999 -0.0064999999999999988 4578.5125433267231
0.0155 -0.0064999999999999988 3101.8728465013919
0.016000000000000007 -0.0064999999999999988 2019.5214687675682
0.016500000000000001 -0.0064999999999999988 1263.4826639480043
0.017000000000000001 -0.0064999999999999988 759.5673479827293
0.017500000000000002 -0.0064999999999999988 438.7582343912942
0.017999999999999995 -0.0064999999999999988 243.52091623334934
0.018500000000000003 -0.0064999999999999988 129.86502820051169
0.019000000000000003 -0.0064999999999999988 66.540821625211422
0.019500000000000003 -0.0064999999999999988 32.758244117944749
0.019999999999999997 -0.0064999999999999988 15.494841072032919
0.020499999999999997 -0.0064999999999999988 7.0418369345027267
0.021000000000000005 -0.0064999999999999988 3.0747932026817173
0.021500000000000005 -0.0064999999999999988 1.2899596176641055
0.021999999999999999 -0.0064999999999999988 0.51995525187467673
0.022499999999999999 -0.0064999999999999988 0.20136549375750692
0.023000000000000007 -0.0064999999999999988 0.074926088839408142
0.023500000000000007 -0.0064999999999999988 0.026786119001164413
0.024 -0.0064999999999999988 0.0092005776843989591
0.024500000000000001 -0.0064999999999999988 0.0030363292759023061
0.025000000000000001 -0.0064999999999999988 0.00096274446826168851
-0.025000000000000001 -0.0059999999999999984 0.0029031244530867682
-0.024500000000000001 -0.0059999999999999984 0.0084247848667464396
-0.024 -0.0059999999999999984 0.023580315720144063
-0.0235 -0.0059999999999999984 0.063663288502808529
-0.023 -0.0059999999999999984 0.16581194476033392
-0.022500000000000003 -0.0059999999999999984 0.41663417976967759
-0.022000000000000002 -0.0059999999999999984 1.0099897807062082
-0.021500000000000002 -0.0059999999999999984 2.3620985782500834
-0.021000000000000001 -0.0059999999999999984 5.3294134887012881
-0.020500000000000001 -0.0059999999999999984 11.599217077647074
-0.02 -0.0059999999999999984 24.350085148583531
-0.0195 -0.0059999999999999984 49.299008975886615
-0.019 -0.0059999999999999984 96.244424238426603
-0.018500000000000003 -0.0059999999999999984 181.15022528291672
-0.018000000000000002 -0.0059999999999999984 328.66153914105831
-0.017500000000000002 -0.0059999999999999984 574.67614672395723
-0.017000000000000001 -0.0059999999999999984 968.22952586165081
-0.016500000000000001 -0.0059999999999999984 1571.5644216986939
-0.016 -0.0059999999999999984 2457.0058640163697
-0.0155 -0.0059999999999999984 3699.3700344106687
-0.015000000000000001 -0.0059999999999999984 5363.3125147562632
-0.014500000000000001 -0.0059999999999999984 7486.3528615601599
-0.014 -0.0059999999999999984 10060.125617718515
-0.0135 -0.0059999999999999984 13014.205774883661
-0.012999999999999999 -0.0059999999999999984 16207.891374104373
-0.012500000000000001 -0.0059999999999999984 19434.84705166156
-0.012 -0.0059999999999999984 22443.133169511108
-0.0115 -0.0059999999999999984 24969.169154404393
-0.010999999999999999 -0.0059999999999999984 26779.68963049414
-0.010499999999999999 -0.0059999999999999984 27712.332528367358
-0.010000000000000002 -0.0059999999999999984 27704.634684667471
-0.0095000000000000015 -0.0059999999999999984 26803.601662170535
-0.0090000000000000011 -0.0059999999999999984 25153.145951960232
-0.0085000000000000006 -0.0059999999999999984 22962.898269407102
-0.0080000000000000002 -0.0059999999999999984 20467.020974302326
-0.0074999999999999997 -0.0059999999999999984 17883.897143731087
-0.0069999999999999993 -0.0059999999999999984 15386.262535644617
-0.0064999999999999988 -0.0059999999999999984 13087.187786717923
-0.0059999999999999984 -0.0059999999999999984 11042.011053241173
-0.0054999999999999979 -0.0059999999999999984 9261.8163302595403
-0.005000000000000001 -0.0059999999999999984 7731.7487736134563
-0.0044999999999999971 -0.0059999999999999984 6427.7383616525021
-0.0040000000000000001 -0.0059999999999999984 5327.4545441552473
-0.0035000000000000031 -0.0059999999999999984 4414.3473421134659
-0.0029999999999999992 -0.0059999999999999984 3676.2420101504272
-0.0025000000000000022 -0.0059999999999999984 3101.3738076429054
-0.0019999999999999983 -0.0059999999999999984 2674.8083476374186
-0.0015000000000000013 -0.0059999999999999984 2377.2257050820235
-0.00099999999999999742 -0.0059999999999999984 2186.634684193476
-0.00050000000000000044 -0.0059999999999999984 2082.292255879961
0 -0.0059999999999999984 2049.308887405206
0.00050000000000000044 -0.0059999999999999984 2082.2612470425884
0.0010000000000000009 -0.0059999999999999984 2186.5472331307433
0.0015000000000000013 -0.0059999999999999984 2377.0151702273133
0.0020000000000000018 -0.0059999999999999984 2674.3290387611914
0.0024999999999999988 -0.0059999999999999984 3100.327796208875
0.0030000000000000027 -0.0059999999999999984 3674.0495109112558
0.0034999999999999996 -0.0059999999999999984 4409.9321534210949
0.0040000000000000036 -0.0059999999999999984 5318.9120603058764
0.0045000000000000005 -0.0059999999999999984 6411.8584959856516
0.0049999999999999975 -0.0059999999999999984 7703.3867224999685
0.0055000000000000014 -0.0059999999999999984 9213.1468557326589
0.0059999999999999984 -0.0059999999999999984 10961.768655308832
0.0064999999999999988 -0.0059999999999999984 12960.077891649033
0.0069999999999999993 -0.0059999999999999984 15192.806162008656
0.0074999999999999997 -0.0059999999999999984 17601.008869834874
0.0080000000000000002 -0.0059999999999999984 20069.577775493039
0.0085000000000000006 -0.0059999999999999984 22426.406066983171
0.0090000000000000011 -0.0059999999999999984 24457.353073375038
0.0095000000000000015 -0.0059999999999999984 25936.590346857101
0.010000000000000002 -0.0059999999999999984 26666.633683951135
0.010500000000000002 -0.0059999999999999984 26518.347174055765
0.011000000000000003 -0.0059999999999999984 25460.131740300705
0.011500000000000003 -0.0059999999999999984 23568.014361314705
0.012000000000000004 -0.0059999999999999984 21013.673172016082
0.012499999999999997 -0.0059999999999999984 18033.692258571893
0.013000000000000005 -0.0059999999999999984 14888.333483910896
0.013499999999999998 -0.0059999999999999984 11820.220420572057
0.014000000000000005 -0.0059999999999999984 9022.1246170021241
0.014499999999999999 -0.0059999999999999984 6619.3415462467001
0.014999999999999999 -0.0059999999999999984 4667.5196361710377
0.0155 -0.0059999999999999984 3162.8778319866979
0.016000000000000007 -0.0059999999999999984 2059.5626652070155
0.016500000000000001 -0.0059999999999999984 1288.6761478023652
0.017000000000000001 -0.0059999999999999984 774.77315222525681
0.017500000000000002 -0.0059999999999999984 447.566251653211
0.017999999999999995 -0.0059999999999999984 248.41914120079721
0.018500000000000003 -0.0059999999999999984 132.48075072328535
0.019000000000000003 -0.0059999999999999984 67.882372994840679
0.019500000000000003 -0.0059999999999999984 33.419142812158618
0.019999999999999997 -0.0059999999999999984 15.807599476058357
0.020499999999999997 -0.0059999999999999984 7.1840219579262259
0.021000000000000005 -0.0059999999999999984 3.1368924788763315
0.021500000000000005 -0.0059999999999999984 1.316016294390367
0.021999999999999999 -0.0059999999999999984 0.53045937346502703
0.022499999999999999 -0.0059999999999999984 0.20543380912250866
0.023000000000000007 -0.0059999999999999984 0.076439956130995176
0.023500000000000007 -0.0059999999999999984 0.02732734949543773
0.024 -0.0059999999999999984 0.0093864865199757459
0.024500000000000001 -0.0059999999999999984 0.0030976832327222039
0.025000000000000001 -0.0059999999999999984 0.00098219855806989161
-0.025000000000000001 -0.0054999999999999979 0.0040056534148169426
-0.024500000000000001 -0.0054999999999999979 0.011474914669059989
-0.024 -0.0054999999999999979 0.03168483571095685
-0.0235 -0.0054999999999999979 0.084345439905614231
-0.023 -0.0054999999999999979 0.21649924100333601
-0.022500000000000003 -0.0054999999999999979 0.53592563316287689
-0.022000000000000002 -0.0054999999999999979 1.2795735228169314
-0.021500000000000002 -0.0054999999999999979 2.9470426962467586
-0.021000000000000001 -0.0054999999999999979 6.5479184795232284
-0.020500000000000001 -0.0054999999999999979 14.035798890830433
-0.02 -0.0054999999999999979 29.026520430217861
-0.0195 -0.0054999999999999979 57.912070860620155
-0.019 -0.0054999999999999979 111.46474085044753
-0.018500000000000003 -0.0054999999999999979 206.94969397696343
-0.018000000000000002 -0.0054999999999999979 370.59821411410206
-0.017500000000000002 -0.0054999999999999979 640.02217772009465
-0.017000000000000001 -0.0054999999999999979 1065.7941829548042
-0.016500000000000001 -0.0054999999999999979 1711.0613517571717
-0.016 -0.0054999999999999979 2647.8622401462599
-0.0155 -0.0054999999999999979 3948.9852308613927
-0.015000000000000001 -0.0054999999999999979 5674.9334706417676
-0.014500000000000001 -0.0054999999999999979 7856.9029647563393
-0.014 -0.0054999999999999979 10478.443236823459
-0.0135 -0.0054999999999999979 13460.156513818425
-0.012999999999999999 -0.0054999999999999979 16652.682464725771
-0.012500000000000001 -0.0054999999999999979 19842.614016072395
-0.012 -0.0054999999999999979 22773.566497142747
-0.0115 -0.0054999999999999979 25180.713609104125
-0.010999999999999999 -0.0054999999999999979 26832.777140037175
-0.010499999999999999 -0.0054999999999999979 27572.232205022636
-0.010000000000000002 -0.0054999999999999979 27343.760676950547
-0.0095000000000000015 -0.0054999999999999979 26203.379999420511
-0.0090000000000000011 -0.0054999999999999979 24305.662687020831
-0.0085000000000000006 -0.0054999999999999979 21872.453663587195
-0.0080000000000000002 -0.0054999999999999979 19151.432305978433
-0.0074999999999999997 -0.0054999999999999979 16375.069168671425
-0.0069999999999999993 -0.0054999999999999979 13729.36944746181
-0.0064999999999999988 -0.0054999999999999979 11337.926984144226
-0.0059999999999999984 -0.0054999999999999979 9261.8163302797384
-0.0054999999999999979 -0.0054999999999999979 7511.5297639351957
-0.005000000000000001 -0.0054999999999999979 6064.8216177386603
-0.0044999999999999971 -0.0054999999999999979 4884.332805134296
-0.0040000000000000001 -0.0054999999999999979 3930.7147516821356
-0.0035000000000000031 -0.0054999999999999979 3169.6130697890867
-0.0029999999999999992 -0.0054999999999999979 2573.2449773297626
-0.0025000000000000022 -0.0054999999999999979 2118.7166627013576
-0.0019999999999999983 -0.0054999999999999979 1785.5001312274626
-0.0015000000000000013 -0.0054999999999999979 1553.8765736873356
-0.00099999999999999742 -0.0054999999999999979 1405.1214780404573
-0.00050000000000000044 -0.0054999999999999979 1323.21327267831
0 -0.0054999999999999979 1297.1990998344058
0.00050000000000000044 -0.0054999999999999979 1323.1641523857222
0.0010000000000000009 -0.0054999999999999979 1404.9829490870211
0.0015000000000000013 -0.0054999999999999979 1553.5430709010561
0.0020000000000000018 -0.0054999999999999979 1784.7408705058524
0.0024999999999999988 -0.0054999999999999979 2117.059703200704
0.0030000000000000027 -0.0054999999999999979 2569.7718963228649
0.0034999999999999996 -0.0054999999999999979 3162.6190842426595
0.0040000000000000036 -0.0054999999999999979 3917.1828252491046
0.0045000000000000005 -0.0054999999999999979 4859.1779230462244
0.0049999999999999975 -0.0054999999999999979 6019.8940304087046
0.0055000000000000014 -0.0054999999999999979 7434.4337154738005
0.0059999999999999984 -0.0054999999999999979 9134.7064352215384
0.0064999999999999988 -0.0054999999999999979 11136.575506130202
0.0069999999999999993 -0.0054999999999999979 13422.920238753697
0.0074999999999999997 -0.0054999999999999979 15926.953213332423
0.0080000000000000002 -0.0054999999999999979 18521.852874231619
0.0085000000000000006 -0.0054999999999999979 21022.610322575023
0.0090000000000000011 -0.0054999999999999979 23203.475289109574
0.0095000000000000015 -0.0054999999999999979 24829.969930136631
0.010000000000000002 -0.0054999999999999979 25699.490295317548
0.010500000000000002 -0.0054999999999999979 25680.87106679321
0.011000000000000003 -0.0054999999999999979 24742.49981448755
0.011500000000000003 -0.0054999999999999979 22961.180752420423
0.012000000000000004 -0.0054999999999999979 20509.196102520618
0.012499999999999997 -0.0054999999999999979 17623.08115938873
0.013000000000000005 -0.0054999999999999979 14562.405139176108
0.013499999999999998 -0.0054999999999999979 11568.795375588996
0.014000000000000005 -0.0054999999999999979 8834.1728551904125
0.014499999999999999 -0.0054999999999999979 6483.4928954724446
0.014999999999999999 -0.0054999999999999979 4572.7460727304897
0.0155 -0.0054999999999999979 3099.141889849192
0.016000000000000007 -0.0054999999999999979 2018.2828083993832
0.016500000000000001 -0.0054999999999999979 1262.9453964180066
0.017000000000000001 -0.0054999999999999979 759.34497424602205
0.017500000000000002 -0.0054999999999999979 438.67069970314901
0.017999999999999995 -0.0054999999999999979 243.48831904335907
0.018500000000000003 -0.0054999999999999979 129.85364546370087
0.019000000000000003 -0.0054999999999999979 66.537153314403042
0.019500000000000003 -0.0054999999999999979 32.757187985464761
0.019999999999999997 -0.0054999999999999979 15.494591109182656
0.020499999999999997 -0.0054999999999999979 7.0418031630060511
0.021000000000000005 -0.0054999999999999979 3.0748029863057043
0.021500000000000005 -0.0054999999999999979 1.289970964220986
0.021999999999999999 -0.0054999999999999979 0.51996187969236674
0.022499999999999999 -0.0054999999999999979 0.20136862039950437
0.023000000000000007 -0.0054999999999999979 0.07492739882837908
0.023500000000000007 -0.0054999999999999979 0.026786624203692353
0.024 -0.0054999999999999979 0.0092007601275152107
0.024500000000000001 -0.0054999999999999979 0.0030363915551806131
0.025000000000000001 -0.0054999999999999979 0.00096276467741847316
-0.025000000000000001 -0.005000000000000001 0.0055378948986029358
-0.024500000000000001 -0.005000000000000001 0.01570279181109006
-0.024 -0.005000000000000001 0.042885204575045334
-0.0235 -0.005000000000000001 0.11283002769840683
-0.023 -0.005000000000000001 0.2860337218437391
-0.022500000000000003 -0.005000000000000001 0.69883229846136397
-0.022000000000000002 -0.005000000000000001 1.645800505528153
-0.021500000000000002 -0.005000000000000001 3.7368944397350301
-0.021000000000000001 -0.005000000000000001 8.1817937353294337
-0.020500000000000001 -0.005000000000000001 17.276538351113743
-0.02 -0.005000000000000001 35.187780140029432
-0.0195 -0.005000000000000001 69.135124283463639
-0.019 -0.005000000000000001 131.04160372611878
-0.018500000000000003 -0.005000000000000001 239.6299879183606
-0.018000000000000002 -0.005000000000000001 422.76422135113808
-0.017500000000000002 -0.005000000000000001 719.56435976338753
-0.017000000000000001 -0.005000000000000001 1181.4924880620699
-0.016500000000000001 -0.005000000000000001 1871.3074087560892
-0.016 -0.005000000000000001 2858.6709618293926
-0.0155 -0.005000000000000001 4211.44635880236
-0.015000000000000001 -0.005000000000000001 5982.5105044623006
-0.014500000000000001 -0.005000000000000001 8193.2212821499324
-0.014 -0.005000000000000001 10816.315825193173
-0.0135 -0.005000000000000001 13762.480612588739
-0.012999999999999999 -0.005000000000000001 16875.471124702544
-0.012500000000000001 -0.005000000000000001 19939.870262348802
-0.012 -0.005000000000000001 22703.131060302807
-0.0115 -0.005000000000000001 24909.835453806336
-0.010999999999999999 -0.005000000000000001 26342.145026769205
-0.010499999999999999 -0.005000000000000001 26857.613222535943
-0.010000000000000002 -0.005000000000000001 26415.096714472715
-0.0095000000000000015 -0.005000000000000001 25081.939472247348
-0.0090000000000000011 -0.005000000000000001 23020.345299632128
-0.0085000000000000006 -0.005000000000000001 20456.409315001398
-0.0080000000000000002 -0.005000000000000001 17639.774837631532
-0.0074999999999999997 -0.005000000000000001 14803.824297564097
-0.0069999999999999993 -0.005000000000000001 12135.18229280776
-0.0064999999999999988 -0.005000000000000001 9757.7304980470835
-0.0059999999999999984 -0.005000000000000001 7731.7487737244837
-0.0054999999999999979 -0.005000000000000001 6064.8216178658404
-0.005000000000000001 -0.005000000000000001 4728.9394993306641
-0.0044999999999999971 -0.005000000000000001 3678.1170560331657
-0.0040000000000000001 -0.005000000000000001 2862.393796350354
-0.0035000000000000031 -0.005000000000000001 2236.3745174131282
-0.0029999999999999992 -0.005000000000000001 1762.5847003743982
-0.0025000000000000022 -0.005000000000000001 1411.2534560491417
-0.0019999999999999983 -0.005000000000000001 1158.5235859601107
-0.0015000000000000013 -0.005000000000000001 984.71823105016415
-0.00099999999999999742 -0.005000000000000001 873.54001736775865
-0.00050000000000000044 -0.005000000000000001 812.31127097093452
0 -0.005000000000000001 792.8323092983062
0.00050000000000000044 -0.005000000000000001 812.23651177401507
0.0010000000000000009 -0.005000000000000001 873.32918162628744
0.0015000000000000013 -0.005000000000000001 984.21065263075434
0.0020000000000000018 -0.005000000000000001 1157.3680203311269
0.0024999999999999988 -0.005000000000000001 1408.7316273899328
0.0030000000000000027 -0.005000000000000001 1757.2988046023474
0.0034999999999999996 -0.005000000000000001 2225.7299402909161
0.0040000000000000036 -0.005000000000000001 2841.7987245458148
0.0045000000000000005 -0.005000000000000001 3639.8322925589914
0.0049999999999999975 -0.005000000000000001 4660.5614386277739
0.0055000000000000014 -0.005000000000000001 5947.4843960174758
0.0059999999999999984 -0.005000000000000001 7538.2924001071769
0.0064999999999999988 -0.005000000000000001 9451.2812893427454
0.0069999999999999993 -0.005000000000000001 11668.778378404248
0.0074999999999999997 -0.005000000000000001 14121.809041078803
0.0080000000000000002 -0.005000000000000001 16681.579146304644
0.0085000000000000006 -0.005000000000000001 19162.980421682365
0.0090000000000000011 -0.005000000000000001 21342.858452923847
0.0095000000000000015 -0.005000000000000001 22991.662146697749
0.010000000000000002 -0.005000000000000001 23912.580406584908
0.010500000000000002 -0.005000000000000001 23979.034282359662
0.011000000000000003 -0.005000000000000001 23160.82329670135
0.011500000000000003 -0.005000000000000001 21531.791774501373
0.012000000000000004 -0.005000000000000001 19256.846372006963
0.012499999999999997 -0.005000000000000001 16561.826583043869
0.013000000000000005 -0.005000000000000001 13694.149394634667
0.013499999999999998 -0.005000000000000001 10883.901672412463
0.014000000000000005 -0.005000000000000001 8313.7995173053314
0.014499999999999999 -0.005000000000000001 6102.9439566003293
0.014999999999999999 -0.005000000000000001 4305.0236577540081
0.0155 -0.005000000000000001 2918.017465483304
0.016000000000000007 -0.005000000000000001 1900.4752705024343
0.016500000000000001 -0.005000000000000001 1189.2921522705676
0.017000000000000001 -0.005000000000000001 715.088573657555
0.017500000000000002 -0.005000000000000001 413.11515105460745
0.017999999999999995 -0.005000000000000001 229.30784771474887
0.018500000000000003 -0.005000000000000001 122.29276599106676
0.019000000000000003 -0.005000000000000001 62.663542709568887
0.019500000000000003 -0.005000000000000001 30.850359611387976
0.019999999999999997 -0.005000000000000001 14.5927039400654
0.020499999999999997 -0.005000000000000001 6.6319457332041116
0.021000000000000005 -0.005000000000000001 2.8958454764289492
0.021500000000000005 -0.005000000000000001 1.2148949686894359
0.021999999999999999 -0.005000000000000001 0.48970078749226903
0.022499999999999999 -0.005000000000000001 0.18964938687290045
0.023000000000000007 -0.005000000000000001 0.070566820695347685
0.023500000000000007 -0.005000000000000001 0.025227723013144202
0.024 -0.005000000000000001 0.008665305923423761
0.024500000000000001 -0.005000000000000001 0.0028596840455664763
0.025000000000000001 -0.005000000000000001 0.00090673522225755664
-0.025000000000000001 -0.0044999999999999971 0.0075926107445049087
-0.024500000000000001 -0.0044999999999999971 0.021368109269785465
-0.024 -0.0044999999999999971 0.057880775614460929
-0.0235 -0.0044999999999999971 0.15092896420444435
-0.023 -0.0044999999999999971 0.37893233765037826
-0.022500000000000003 -0.0044999999999999971 0.91619068499242473
-0.022000000000000002 -0.0044999999999999971 2.1336939116250604
-0.021500000000000002 -0.0044999999999999971 4.7872803760479803
-0.021000000000000001 -0.0044999999999999971 10.350105869018142
-0.020500000000000001 -0.0044999999999999971 21.566878334532081
-0.02 -0.0044999999999999971 43.321224956893971
-0.0195 -0.0044999999999999971 83.900517471505395
-0.019 -0.0044999999999999971 156.69379558947645
-0.018500000000000003 -0.0044999999999999971 282.24507430878748
-0.018000000000000002 -0.0044999999999999971 490.39061876358727
-0.017500000000000002 -0.0044999999999999971 821.94184726102014
-0.017000000000000001 -0.0044999999999999971 1329.0830761491823
-0.016500000000000001 -0.0044999999999999971 2073.4353457915804
-0.016 -0.0044999999999999971 3120.7398637246333
-0.0155 -0.0044999999999999971 4531.4925861201782
-0.015000000000000001 -0.0044999999999999971 6347.7117343707396
-0.014500000000000001 -0.0044999999999999971 8577.2948451472766
-0.014 -0.0044999999999999971 11178.862804123213
-0.0135 -0.0044999999999999971 14051.127920985402
-0.012999999999999999 -0.0044999999999999971 17031.094148703494
-0.012500000000000001 -0.0044999999999999971 19904.345973035375
-0.012 -0.0044999999999999971 22428.220669143862
-0.0115 -0.0044999999999999971 24365.24075565995
-0.010999999999999999 -0.0044999999999999971 25520.781031514256
-0.010499999999999999 -0.0044999999999999971 25776.767054279288
-0.010000000000000002 -0.0044999999999999971 25113.232301554042
-0.0095000000000000015 -0.0044999999999999971 23612.095616176521
-0.0090000000000000011 -0.0044999999999999971 21441.94183010923
-0.0085000000000000006 -0.0044999999999999971 18827.522321069911
-0.0080000000000000002 -0.0044999999999999971 16011.513617526785
-0.0074999999999999997 -0.0044999999999999971 13217.548409846877
-0.0069999999999999993 -0.0044999999999999971 10622.30812983465
-0.0064999999999999988 -0.0044999999999999971 8341.1616210043194
-0.0059999999999999984 -0.0044999999999999971 6427.7383621214767
-0.0054999999999999979 -0.0044999999999999971 4884.3328058059788
-0.005000000000000001 -0.0044999999999999971 3678.117056772393
-0.0044999999999999971 -0.0044999999999999971 2758.0499019392669
-0.0040000000000000001 -0.0044999999999999971 2068.704496917419
-0.0035000000000000031 -0.0044999999999999971 1559.2181390943006
-0.0029999999999999992 -0.0044999999999999971 1187.4153353927868
-0.0025000000000000022 -0.0044999999999999971 920.35903527218295
-0.0019999999999999983 -0.0044999999999999971 732.99896502267404
-0.0015000000000000013 -0.0044999999999999971 606.3636131797532
-0.00099999999999999742 -0.0044999999999999971 526.18364535591127
-0.00050000000000000044 -0.0044999999999999971 482.23637003190339
0 -0.0044999999999999971 468.26436023236067
0.00050000000000000044 -0.0044999999999999971 482.12705081032925
0.0010000000000000009 -0.0044999999999999971 525.87534350025521
0.0015000000000000013 -0.0044999999999999971 605.62138907912072
0.0020000000000000018 -0.0044999999999999971 731.30919921133011
0.0024999999999999988 -0.0044999999999999971 916.67140408662829
0.0030000000000000027 -0.0044999999999999971 1179.6858514639591
0.0034999999999999996 -0.0044999999999999971 1543.6527380074481
0.0040000000000000036 -0.0044999999999999971 2038.5886407993448
0.0045000000000000005 -0.0044999999999999971 2702.0666823008423
0.0049999999999999975 -0.0044999999999999971 3578.1288723511611
0.0055000000000000014 -0.0044999999999999971 4712.7523945300782
0.0059999999999999984 -0.0044999999999999971 6144.8500882530507
0.0064999999999999988 -0.0044999999999999971 7893.0456656716415
0.0069999999999999993 -0.0044999999999999971 9940.2928733505832
0.0074999999999999997 -0.0044999999999999971 12220.248010529389
0.0080000000000000002 -0.0044999999999999971 14610.358824437191
0.0085000000000000006 -0.0044999999999999971 16936.161182840511
0.0090000000000000011 -0.0044999999999999971 18988.97866518909
0.0095000000000000015 -0.0044999999999999971 20555.515295381545
0.010000000000000002 -0.0044999999999999971 21453.841269721855
0.010500000000000002 -0.0044999999999999971 21567.465430589607
0.011000000000000003 -0.0044999999999999971 20868.78329160381
0.011500000000000003 -0.0044999999999999971 19425.579540976618
0.012000000000000004 -0.0044999999999999971 17388.771678645731
0.012499999999999997 -0.0044999999999999971 14964.684758352074
0.013000000000000005 -0.0044999999999999971 12379.096408793028
0.013499999999999998 -0.0044999999999999971 9841.8262972957345
0.014000000000000005 -0.0044999999999999971 7519.4717722910036
0.014499999999999999 -0.0044999999999999971 5520.7145243523037
0.014999999999999999 -0.0044999999999999971 3894.7485694505917
0.0155 -0.0044999999999999971 2640.1314478907607
0.016000000000000007 -0.0044999999999999971 1719.5850706349561
0.016500000000000001 -0.0044999999999999971 1076.1349464737727
0.017000000000000001 -0.0044999999999999971 647.06781966366168
0.017500000000000002 -0.0044999999999999971 373.82589192185895
0.017999999999999995 -0.0044999999999999971 207.50234486726487
0.018500000000000003 -0.0044999999999999971 110.6646629174821
0.019000000000000003 -0.0044999999999999971 56.70561070958238
0.019500000000000003 -0.0044999999999999971 27.917296081413411
0.019999999999999997 -0.0044999999999999971 13.205362411462922
0.020499999999999997 -0.0044999999999999971 6.0014545885574799
0.021000000000000005 -0.0044999999999999971 2.6205451894813012
0.021500000000000005 -0.0044999999999999971 1.0993994149767377
0.021999999999999999 -0.0044999999999999971 0.44314711009192664
0.022499999999999999 -0.0044999999999999971 0.17162036017336038
0.023000000000000007 -0.0044999999999999971 0.063858408567938257
0.023500000000000007 -0.0044999999999999971 0.022829464064262995
0.024 -0.0044999999999999971 0.0078415451641936119
0.024500000000000001 -0.0044999999999999971 0.0025878307038171987
0.025000000000000001 -0.0044999999999999971 0.00082053731857584689
-0.025000000000000001 -0.0040000000000000001 0.010227952330085303
-0.024500000000000001 -0.0040000000000000001 0.028635699794567419
-0.024 -0.0040000000000000001 0.077121548994679254
-0.0235 -0.0040000000000000001 0.19982571445482081
-0.023 -0.0040000000000000001 0.49819397783760322
-0.022500000000000003 -0.0040000000000000001 1.195324242897041
-0.022000000000000002 -0.0040000000000000001 2.7604925361802484
-0.021500000000000002 -0.0040000000000000001 6.1373220009277469
-0.021000000000000001 -0.0040000000000000001 13.13846334636966
-0.020500000000000001 -0.0040000000000000001 27.0874854801549
-0.02 -0.0040000000000000001 53.794608091490744
-0.0195 -0.0040000000000000001 102.930351061254
-0.019 -0.0040000000000000001 189.78915203167955
-0.018500000000000003 -0.0040000000000000001 337.29462267014378
-0.018000000000000002 -0.0040000000000000001 577.88443583480284
-0.017500000000000002 -0.0040000000000000001 954.65030431983928
-0.017000000000000001 -0.0040000000000000001 1520.8642438916545
-0.016500000000000001 -0.0040000000000000001 2336.9079090562441
-0.016 -0.0040000000000000001 3463.7736308872118
-0.0155 -0.0040000000000000001 4952.8387072700043
-0.015000000000000001 -0.0040000000000000001 6832.5552679760385
-0.014500000000000001 -0.0040000000000000001 9093.9206474962848
-0.014 -0.0040000000000000001 11677.790523760574
-0.0135 -0.0040000000000000001 14467.823688166021
-0.012999999999999999 -0.0040000000000000001 17292.648388926114
-0.012500000000000001 -0.0040000000000000001 19939.442812035875
-0.012 -0.0040000000000000001 22178.620826806462
-0.0115 -0.0040000000000000001 23796.255771497599
-0.010999999999999999 -0.0040000000000000001 24628.167406894412
-0.010499999999999999 -0.0040000000000000001 24588.227093432808
-0.010000000000000002 -0.0040000000000000001 23684.083744386124
-0.0095000000000000015 -0.0040000000000000001 22016.220907668772
-0.0090000000000000011 -0.0040000000000000001 19760.322207511781
-0.0085000000000000006 -0.0040000000000000001 17137.104913256982
-0.0080000000000000002 -0.0040000000000000001 14376.74581622854
-0.0074999999999999997 -0.0040000000000000001 11685.859066976289
-0.0069999999999999993 -0.0040000000000000001 9223.5485530417754
-0.0064999999999999988 -0.0040000000000000001 7089.9922472538146
-0.0059999999999999984 -0.0040000000000000001 5327.4545459392084
-0.0054999999999999979 -0.0040000000000000001 3930.7147544080171
-0.005000000000000001 -0.0040000000000000001 2862.393800101373
-0.0044999999999999971 -0.0040000000000000001 2068.7045008837836
-0.0040000000000000001 -0.0040000000000000001 1492.3581859260448
-0.0035000000000000031 -0.0040000000000000001 1081.0701200517606
-0.0029999999999999992 -0.0040000000000000001 791.67756921730597
-0.0025000000000000022 -0.0040000000000000001 590.91051116693825
-0.0019999999999999983 -0.0040000000000000001 454.22840331057836
-0.0015000000000000013 -0.0040000000000000001 363.98706542391039
-0.00099999999999999742 -0.0040000000000000001 307.77037247152668
-0.00050000000000000044 -0.0040000000000000001 277.24859454969038
0 -0.0040000000000000001 267.56764095775526
0.00050000000000000044 -0.0040000000000000001 277.09500677273746
0.0010000000000000009 -0.0040000000000000001 307.33722452225607
0.0015000000000000013 -0.0040000000000000001 362.94427946206838
0.0020000000000000018 -0.0040000000000000001 451.85437090531298
0.0024999999999999988 -0.0040000000000000001 585.72958261790723
0.0030000000000000027 -0.0040000000000000001 780.81804939519725
0.0034999999999999996 -0.0040000000000000001 1059.201547298632
0.0040000000000000036 -0.0040000000000000001 1450.0469864351937
0.0045000000000000005 -0.0040000000000000001 1990.0510113407804
0.0049999999999999975 -0.0040000000000000001 2721.9156413139358
0.0055000000000000014 -0.0040000000000000001 3689.6532689980208
0.0059999999999999984 -0.0040000000000000001 4930.0113471690647
0.0064999999999999988 -0.0040000000000000001 6460.4128155160633
0.0069999999999999993 -0.0040000000000000001 8265.3528617168704
0.0074999999999999997 -0.0040000000000000001 10284.704273887068
0.0080000000000000002 -0.0040000000000000001 12408.196765670684
0.0085000000000000006 -0.0040000000000000001 14479.841639215974
0.0090000000000000011 -0.0040000000000000001 16314.037519215981
0.0095000000000000015 -0.0040000000000000001 17721.885750603782
0.010000000000000002 -0.0040000000000000001 18542.831131283489
0.010500000000000002 -0.0040000000000000001 18674.378919274597
0.011000000000000003 -0.0040000000000000001 18092.354390899982
0.011500000000000003 -0.0040000000000000001 16856.29064972786
0.012000000000000004 -0.0040000000000000001 15098.459109838026
0.012499999999999997 -0.0040000000000000001 12999.477690266162
0.013000000000000005 -0.0040000000000000001 10756.835372931671
0.013499999999999998 -0.0040000000000000001 8553.975514007825
0.014000000000000005 -0.0040000000000000001 6536.5379106579312
0.014499999999999999 -0.0040000000000000001 4799.5854904313092
0.014999999999999999 -0.0040000000000000001 3386.2705796802456
0.0155 -0.0040000000000000001 2295.5754332289807
0.016000000000000007 -0.0040000000000000001 1495.2245803292572
0.016500000000000001 -0.0040000000000000001 935.7531159665873
0.017000000000000001 -0.0040000000000000001 562.66855256471536
0.017500000000000002 -0.0040000000000000001 325.07087257298457
0.017999999999999995 -0.0040000000000000001 180.44123702547151
0.018500000000000003 -0.0040000000000000001 96.233137098020066
0.019000000000000003 -0.0040000000000000001 49.310992599846038
0.019500000000000003 -0.0040000000000000001 24.276859057256381
0.019999999999999997 -0.0040000000000000001 11.483399570543167
0.020499999999999997 -0.0040000000000000001 5.2188808921466112
0.021000000000000005 -0.0040000000000000001 2.2788356935393224
0.021500000000000005 -0.0040000000000000001 0.95604253038536546
0.021999999999999999 -0.0040000000000000001 0.38536288063128832
0.022499999999999999 -0.0040000000000000001 0.14924195903734847
0.023000000000000007 -0.0040000000000000001 0.055531620323825637
0.023500000000000007 -0.0040000000000000001 0.019852630380472976
0.024 -0.0040000000000000001 0.0068190527399198241
0.024500000000000001 -0.0040000000000000001 0.0022503926731973277
0.025000000000000001 -0.0040000000000000001 0.00071354408720656671
-0.025000000000000001 -0.0035000000000000031 0.013439553373560216
-0.024500000000000001 -0.0035000000000000031 0.037497523762274929
-0.024 -0.0035000000000000031 0.10059843294684159
-0.0235 -0.0035000000000000031 0.25953289881453806
-0.023 -0.0035000000000000031 0.64395008825192535
-0.022500000000000003 -0.0035000000000000031 1.536813435883311
-0.022000000000000002 -0.0035000000000000031 3.5282110638415518
-0.021500000000000002 -0.0035000000000000031 7.7931427928429828
-0.021000000000000001 -0.0035000000000000031 16.563820524633936
-0.020500000000000001 -0.0035000000000000031 33.881936528371504
-0.02 -0.0035000000000000031 66.713000177434793
-0.0195 -0.0035000000000000031 126.46382530190706
-0.019 -0.0035000000000000031 230.84401389362253
-0.018500000000000003 -0.0035000000000000031 405.83856731195891
-0.018000000000000002 -0.0035000000000000031 687.31917250606216
-0.017500000000000002 -0.0035000000000000031 1121.5613193168672
-0.017000000000000001 -0.0035000000000000031 1763.7439141608261
-0.016500000000000001 -0.0035000000000000031 2673.5140134056883
-0.016 -0.0035000000000000031 3907.0286570931935
-0.0155 -0.0035000000000000031 5505.6070916111403
-0.015000000000000001 -0.0035000000000000031 7482.1849833676615
-0.014500000000000001 -0.0035000000000000031 9807.9380139463956
-0.014 -0.0035000000000000031 12402.367311727612
-0.0135 -0.0035000000000000031 15130.388011439536
-0.012999999999999999 -0.0035000000000000031 17809.206296691667
-0.012500000000000001 -0.0035000000000000031 20225.946034496006
-0.012 -0.0035000000000000031 22164.403574940181
-0.0115 -0.0035000000000000031 23436.633162239999
-0.010999999999999999 -0.0035000000000000031 23913.142064659569
-0.010499999999999999 -0.0035000000000000031 23545.044183238078
-0.010000000000000002 -0.0035000000000000031 22372.91724377633
-0.0095000000000000015 -0.0035000000000000031 20520.075446918974
-0.0090000000000000011 -0.0035000000000000031 18171.691789268072
-0.0085000000000000006 -0.0035000000000000031 15544.567891026958
-0.0080000000000000002 -0.0035000000000000031 12854.336622207415
-0.0074999999999999997 -0.0035000000000000031 10286.945346214277
-0.0069999999999999993 -0.0035000000000000031 7979.5137137111542
-0.0064999999999999988 -0.0035000000000000031 6012.7821403735143
-0.0059999999999999984 -0.0035000000000000031 4414.3473484879269
-0.0054999999999999979 -0.0035000000000000031 3169.6130797516548
-0.005000000000000001 -0.0035000000000000031 2236.3745320389826
-0.0044999999999999971 -0.0035000000000000031 1559.2181584314396
-0.0040000000000000001 -0.0035000000000000031 1081.0701396972927
-0.0035000000000000031 -0.0035000000000000031 750.70604390075073
-0.0029999999999999992 -0.0035000000000000031 526.33510264233462
-0.0025000000000000022 -0.0035000000000000031 376.19544564812514
-0.0019999999999999983 -0.0035000000000000031 277.38213089673758
-0.0015000000000000013 -0.0035000000000000031 213.9984650686159
-0.00099999999999999742 -0.0035000000000000031 175.37185431868892
-0.00050000000000000044 -0.0035000000000000031 154.69431327214178
0 -0.0035000000000000031 148.15622904362164
0.00050000000000000044 -0.0035000000000000031 154.48699145868571
0.0010000000000000009 -0.0035000000000000031 174.78716574438232
0.0015000000000000013 -0.0035000000000000031 212.59085125360673
0.0020000000000000018 -0.0035000000000000031 274.17752234501819
0.0024999999999999988 -0.0035000000000000031 369.20192361479371
0.0030000000000000027 -0.0035000000000000031 511.67628416441369
0.0034999999999999996 -0.0035000000000000031 721.18655836082439
0.0040000000000000036 -0.0035000000000000031 1023.9559944054595
0.0045000000000000005 -0.0035000000000000031 1453.0470528252265
0.0049999999999999975 -0.0035000000000000031 2046.7488521277003
0.0055000000000000014 -0.0035000000000000031 2844.2141105036108
0.0059999999999999984 -0.0035000000000000031 3877.8551461168663
0.0064999999999999988 -0.0035000000000000031 5162.9387993736145
0.0069999999999999993 -0.0035000000000000031 6686.084820394849
0.0074999999999999997 -0.0035000000000000031 8395.5842079854629
0.0080000000000000002 -0.0035000000000000031 10197.073348166517
0.0085000000000000006 -0.0035000000000000031 11957.63765651446
0.0090000000000000011 -0.0035000000000000031 13519.694049357675
0.0095000000000000015 -0.0035000000000000031 14723.329312471533
0.010000000000000002 -0.0035000000000000031 15432.95212200662
0.010500000000000002 -0.0035000000000000031 15562.18413868338
0.011000000000000003 -0.0035000000000000031 15090.717300349643
0.011500000000000003 -0.0035000000000000031 14068.660118348889
0.012000000000000004 -0.0035000000000000031 12607.18492222794
0.012499999999999997 -0.0035000000000000031 10857.97299060492
0.013000000000000005 -0.0035000000000000031 8986.7815323817304
0.013499999999999998 -0.0035000000000000031 7147.5279668848507
0.014000000000000005 -0.0035000000000000031 5462.4021899578993
0.014499999999999999 -0.0035000000000000031 4011.1918794989774
0.014999999999999999 -0.0035000000000000031 2830.1872434572779
0.0155 -0.0035000000000000031 1918.676857098626
0.016000000000000007 -0.0035000000000000031 1249.7653830521715
0.016500000000000001 -0.0035000000000000031 782.15287517628724
0.017000000000000001 -0.0035000000000000031 470.31502084178356
0.017500000000000002 -0.0035000000000000031 271.71797830468245
0.017999999999999995 -0.0035000000000000031 150.82697008210604
0.018500000000000003 -0.0035000000000000031 80.439597845072782
0.019000000000000003 -0.0035000000000000031 41.218333112496765
0.019500000000000003 -0.0035000000000000031 20.29271637370233
0.019999999999999997 -0.0035000000000000031 9.5988426962488749
0.020499999999999997 -0.0035000000000000031 4.3624080158515417
0.021000000000000005 -0.0035000000000000031 1.9048564904650322
0.021500000000000005 -0.0035000000000000031 0.79914706501864663
0.021999999999999999 -0.0035000000000000031 0.32212137916383288
0.022499999999999999 -0.0035000000000000031 0.12475005156608633
0.023000000000000007 -0.0035000000000000031 0.046418406179596361
0.023500000000000007 -0.0035000000000000031 0.016594646150163619
0.024 -0.0035000000000000031 0.0056999891827757485
0.024500000000000001 -0.0035000000000000031 0.0018810845538957165
0.025000000000000001 -0.0035000000000000031 0.00059644560803664905
-0.025000000000000001 -0.0029999999999999992 0.017136201306232834
-0.024500000000000001 -0.0029999999999999992 0.047704569130654531
-0.024 -0.0029999999999999992 0.12765987904530562
-0.0235 -0.0029999999999999992 0.32841730712107303
-0.023 -0.0029999999999999992 0.81228079860197411
-0.022500000000000003 -0.0029999999999999992 1.9316561463794553
-0.022000000000000002 -0.0029999999999999992 4.4170845436820185
-0.021500000000000002 -0.0029999999999999992 9.7132990260683787
-0.021000000000000001 -0.0029999999999999992 20.543301614894961
-0.020500000000000001 -0.0029999999999999992 41.792471935281725
-0.02 -0.0029999999999999992 81.791261279719293
-0.0195 -0.0029999999999999992 154.0133581753978
-0.019 -0.0029999999999999992 279.07380063810371
-0.018500000000000003 -0.0029999999999999992 486.69887442337784
-0.018000000000000002 -0.0029999999999999992 817.06809443738882
-0.017500000000000002 -0.0029999999999999992 1320.666239213444
-0.017000000000000001 -0.0029999999999999992 2055.6480397539212
-0.016500000000000001 -0.0029999999999999992 3081.8545368032628
-0.016 -0.0029999999999999992 4451.1471611533871
-0.0155 -0.0029999999999999992 6194.6628448128504
-0.015000000000000001 -0.0029999999999999992 8308.7966016965602
-0.014500000000000001 -0.0029999999999999992 10742.862545388431
-0.014 -0.0029999999999999992 13392.029658992997
-0.0135 -0.0029999999999999992 16098.863570344234
-0.012999999999999999 -0.0029999999999999992 18665.432576122443
-0.012500000000000001 -0.0029999999999999992 20875.617243056498
-0.012 -0.0029999999999999992 22524.547096883354
-0.0115 -0.0029999999999999992 23449.779232813526
-0.010999999999999999 -0.0029999999999999992 23557.727896830642
-0.010499999999999999 -0.0029999999999999992 22839.438322315644
-0.010000000000000002 -0.0029999999999999992 21372.037509084887
-0.0095000000000000015 -0.0029999999999999992 19305.503870486238
-0.0090000000000000011 -0.0029999999999999992 16837.821760943742
-0.0085000000000000006 -0.0029999999999999992 14184.127359812243
-0.0080000000000000002 -0.0029999999999999992 11546.411831622105
-0.0074999999999999997 -0.0029999999999999992 9089.5573979351975
-0.0069999999999999993 -0.0029999999999999992 6927.3274642069473
-0.0064999999999999988 -0.0029999999999999992 5119.1770769109671
-0.0059999999999999984 -0.0029999999999999992 3676.2420318524773
-0.0054999999999999979 -0.0029999999999999992 2573.2450115322677
-0.005000000000000001 -0.0029999999999999992 1762.5847517331151
-0.0044999999999999971 -0.0029999999999999992 1187.4154078351114
-0.0040000000000000001 -0.0029999999999999992 791.67766123929164
-0.0035000000000000031 -0.0029999999999999992 526.33519246613002
-0.0029999999999999992 -0.0029999999999999992 352.11933248812915
-0.0025000000000000022 -0.0029999999999999992 239.69703181470456
-0.0019999999999999983 -0.0029999999999999992 168.34734822088592
-0.0015000000000000013 -0.0029999999999999992 124.08103529212893
-0.00099999999999999742 -0.0029999999999999992 97.832795722724725
-0.00050000000000000044 -0.0029999999999999992 84.040614476637643
0 -0.0029999999999999992 79.689848710108947
0.00050000000000000044 -0.0029999999999999992 83.771732579144441
0.0010000000000000009 -0.0029999999999999992 97.074495519376654
0.0015000000000000013 -0.0029999999999999992 122.25545858503726
0.0020000000000000018 -0.0029999999999999992 164.19119497417412
0.0024999999999999988 -0.0029999999999999992 230.62692267791743
0.0030000000000000027 -0.0029999999999999992 333.10786976914028
0.0034999999999999996 -0.0029999999999999992 488.05048352650471
0.0040000000000000036 -0.0029999999999999992 717.60460783611109
0.0045000000000000005 -0.0029999999999999992 1049.7189066398403
0.0049999999999999975 -0.0029999999999999992 1516.6535022517205
0.0055000000000000014 -0.0029999999999999992 2151.225298144444
0.0059999999999999984 -0.0029999999999999992 2980.4491533358637
0.0064999999999999988 -0.0029999999999999992 4016.9896790156345
0.0069999999999999993 -0.0029999999999999992 5249.8406175022146
0.0074999999999999997 -0.0029999999999999992 6636.5942330158223
0.0080000000000000002 -0.0029999999999999992 8100.1271433264665
0.0085000000000000006 -0.0029999999999999992 9532.129619901867
0.0090000000000000011 -0.0029999999999999992 10804.505928952765
0.0095000000000000015 -0.0029999999999999992 11787.529403957842
0.010000000000000002 -0.0029999999999999992 12371.387942250658
0.010500000000000002 -0.0029999999999999992 12486.226952890587
0.011000000000000003 -0.0029999999999999992 12115.659782651917
0.011500000000000003 -0.0029999999999999992 11300.173141117208
0.012000000000000004 -0.0029999999999999992 10129.502681337537
0.012499999999999997 -0.0029999999999999992 8726.0111513602096
0.013000000000000005 -0.0029999999999999992 7223.3644619437127
0.013499999999999998 -0.0029999999999999992 5745.6522009191949
0.014000000000000005 -0.0029999999999999992 4391.3800921587754
0.014499999999999999 -0.0029999999999999992 3224.8880788600527
0.014999999999999999 -0.0029999999999999992 2275.4807697056053
0.0155 -0.0029999999999999992 1542.665104902457
0.016000000000000007 -0.0029999999999999992 1004.8624728575935
0.016500000000000001 -0.0029999999999999992 628.89137188312998
0.017000000000000001 -0.0029999999999999992 378.16119304564063
0.017500000000000002 -0.0029999999999999992 218.47884130218117
0.017999999999999995 -0.0029999999999999992 121.27521585217541
0.018500000000000003 -0.0029999999999999992 64.679160751735765
0.019000000000000003 -0.0029999999999999992 33.142550028582022
0.019500000000000003 -0.0029999999999999992 16.316852671740079
0.019999999999999997 -0.0029999999999999992 7.7181920678022538
0.020499999999999997 -0.0029999999999999992 3.5077072632064459
0.021000000000000005 -0.0029999999999999992 1.5316501196298238
0.021500000000000005 -0.0029999999999999992 0.64257554064111089
0.021999999999999999 -0.0029999999999999992 0.25901037107470198
0.022499999999999999 -0.0029999999999999992 0.10030865897935172
0.023000000000000007 -0.0029999999999999992 0.037323982386363516
0.023500000000000007 -0.0029999999999999992 0.013343378038634432
0.024 -0.0029999999999999992 0.0045832321499286567
0.024500000000000001 -0.0029999999999999992 0.0015125375414050243
0.025000000000000001 -0.0029999999999999992 0.00047958843883446061
-0.025000000000000001 -0.0025000000000000022 0.021127077225625571
-0.024500000000000001 -0.0025000000000000022 0.058730964401117143
-0.024 -0.0025000000000000022 0.1569147448347851
-0.0235 -0.0025000000000000022 0.40294680959800905
-0.023 -0.0025000000000000022 0.9945800624024741
-0.022500000000000003 -0.0025000000000000022 2.3597341780856271
-0.022000000000000002 -0.0025000000000000022 5.3820008027343658
-0.021500000000000002 -0.0025000000000000022 11.800784369511153
-0.021000000000000001 -0.0025000000000000022 24.876935587247171
-0.020500000000000001 -0.0025000000000000022 50.424066587813698
-0.02 -0.0025000000000000022 98.281969216951879
-0.0195 -0.0025000000000000022 184.22520603285372
-0.019 -0.0025000000000000022 332.13309898825332
-0.018500000000000003 -0.0025000000000000022 575.99211702513458
-0.018000000000000002 -0.0025000000000000022 960.99342973017428
-0.017500000000000002 -0.0025000000000000022 1542.7194792153759
-0.017000000000000001 -0.0025000000000000022 2383.330628867041
-0.016500000000000001 -0.0025000000000000022 3543.9319074526798
-0.016 -0.0025000000000000022 5073.0334721691816
-0.0155 -0.0025000000000000022 6992.1877765094105
-0.015000000000000001 -0.0025000000000000022 9281.2554916909321
-0.014500000000000001 -0.0025000000000000022 11866.886027520919
-0.014 -0.0025000000000000022 14618.176313464179
-0.0135 -0.0025000000000000022 17352.68885388476
-0.012999999999999999 -0.0025000000000000022 19853.996387999381
-0.012500000000000001 -0.0025000000000000022 21899.065608524586
-0.012 -0.0025000000000000022 23290.893662217291
-0.0115 -0.0025000000000000022 23889.82650928379
-0.010999999999999999 -0.0025000000000000022 23636.678042692456
-0.010499999999999999 -0.0025000000000000022 22562.377569125103
-0.010000000000000002 -0.0025000000000000022 20781.998300063544
-0.0095000000000000015 -0.0025000000000000022 18474.736372533574
-0.0090000000000000011 -0.0025000000000000022 15854.604879875931
-0.0085000000000000006 -0.0025000000000000022 13138.376619253791
-0.0080000000000000002 -0.0025000000000000022 10517.25903836826
-0.0074999999999999997 -0.0025000000000000022 8137.1209108911098
-0.0069999999999999993 -0.0025000000000000022 6089.4824358379974
-0.0064999999999999988 -0.0025000000000000022 4412.7815875721963
-0.0059999999999999984 -0.0025000000000000022 3101.3738784072593
-0.0054999999999999979 -0.0025000000000000022 2118.7167745790821
-0.005000000000000001 -0.0025000000000000022 1411.2536254552431
-0.0044999999999999971 -0.0025000000000000022 920.35927967912619
-0.0040000000000000001 -0.0025000000000000022 590.91084238955523
-0.0035000000000000031 -0.0025000000000000022 376.19584989570825
-0.0029999999999999992 -0.0025000000000000022 239.69741093362126
-0.0025000000000000022 -0.0025000000000000022 154.70680632051551
-0.0019999999999999983 -0.0025000000000000022 102.75862619039734
-0.0015000000000000013 -0.0025000000000000022 71.691517474363295
-0.00099999999999999742 -0.0025000000000000022 53.851882257165144
-0.00050000000000000044 -0.0025000000000000022 44.688736270284963
0 -0.0025000000000000022 41.795538413742648
0.00050000000000000044 -0.0025000000000000022 44.353688794542514
0.0010000000000000009 -0.0025000000000000022 52.906982018973345
0.0015000000000000013 -0.0025000000000000022 69.416708819753907
0.0020000000000000018 -0.0025000000000000022 97.579740340914213
0.0024999999999999988 -0.0025000000000000022 143.40475438127748
0.0030000000000000027 -0.0025000000000000022 216.00766962505944
0.0034999999999999996 -0.0025000000000000022 328.49016494873104
0.0040000000000000036 -0.0025000000000000022 498.61013418029421
0.0045000000000000005 -0.0025000000000000022 748.77887365640015
0.0049999999999999975 -0.0025000000000000022 1104.8044181522002
0.0055000000000000014 -0.0025000000000000022 1592.8478298773562
0.0059999999999999984 -0.0025000000000000022 2234.3625631792943
0.0064999999999999988 -0.0025000000000000022 3039.3715183081695
0.0069999999999999993 -0.0025000000000000022 3999.2051102928353
0.0074999999999999997 -0.0025000000000000022 5080.5405900971064
0.0080000000000000002 -0.0025000000000000022 6222.9238813034872
0.0085000000000000006 -0.0025000000000000022 7341.6304848064028
0.0090000000000000011 -0.0025000000000000022 8336.6304133475551
0.0095000000000000015 -0.0025000000000000022 9106.7633286424825
0.010000000000000002 -0.0025000000000000022 9566.4983146600498
0.010500000000000002 -0.0025000000000000022 9661.481794831865
0.011000000000000003 -0.0025000000000000022 9378.9832158185491
0.011500000000000003 -0.0025000000000000022 8750.4850726183631
0.012000000000000004 -0.0025000000000000022 7845.7172414086317
0.012499999999999997 -0.0025000000000000022 6759.7241718591758
0.013000000000000005 -0.0025000000000000022 5596.3015611254723
0.013499999999999998 -0.0025000000000000022 4451.7930795915318
0.014000000000000005 -0.0025000000000000022 3402.6763280606997
0.014499999999999999 -0.0025000000000000022 2498.9129836298507
0.014999999999999999 -0.0025000000000000022 1763.281025162572
0.0155 -0.0025000000000000022 1195.4416420619964
0.016000000000000007 -0.0025000000000000022 778.69831510421784
0.016500000000000001 -0.0025000000000000022 487.35158665773326
0.017000000000000001 -0.0025000000000000022 293.05330331745569
0.017500000000000002 -0.0025000000000000022 169.3094099314994
0.017999999999999995 -0.0025000000000000022 93.982114416729999
0.018500000000000003 -0.0025000000000000022 50.12317196975301
0.019000000000000003 -0.0025000000000000022 25.683890279475246
0.019500000000000003 -0.0025000000000000022 12.644794641548943
0.019999999999999997 -0.0025000000000000022 5.9812413087936269
0.020499999999999997 -0.0025000000000000022 2.7183121939269301
0.021000000000000005 -0.0025000000000000022 1.1869590489605344
0.021500000000000005 -0.0025000000000000022 0.49796690472779143
0.021999999999999999 -0.0025000000000000022 0.20072133219201876
0.022499999999999999 -0.0025000000000000022 0.07773468841669455
0.023000000000000007 -0.0025000000000000022 0.028924406506121811
0.023500000000000007 -0.0025000000000000022 0.01034051815364425
0.024 -0.0025000000000000022 0.003551799059736474
0.024500000000000001 -0.0025000000000000022 0.0011721486991961795
0.025000000000000001 -0.0025000000000000022 0.00037165952115813026
-0.025000000000000001 -0.0019999999999999983 0.025127700744377993
-0.024500000000000001 -0.0019999999999999983 0.069790186263906664
-0.024 -0.0019999999999999983 0.18627463425380528
-0.0235 -0.0019999999999999983 0.47779628997552687
-0.023 -0.0019999999999999983 1.1778093360993818
-0.022500000000000003 -0.0019999999999999983 2.7903942657450114
-0.022000000000000002 -0.0019999999999999983 6.3537719243364021
-0.021500000000000002 -0.0019999999999999983 13.905685232853013
-0.021000000000000001 -0.0019999999999999983 29.252939508895945
-0.020500000000000001 -0.0019999999999999983 59.15442310056676
-0.02 -0.0019999999999999983 114.99333300947158
-0.0195 -0.0019999999999999983 214.9097582584933
-0.019 -0.0019999999999999983 386.16366642634955
-0.018500000000000003 -0.0019999999999999983 667.19993741076223
-0.018000000000000002 -0.0019999999999999983 1108.5402072818063
-0.017500000000000002 -0.0019999999999999983 1771.3469350804071
-0.017000000000000001 -0.0019999999999999983 2722.4691066185455
-0.016500000000000001 -0.0019999999999999983 4025.1737483193119
-0.016 -0.0019999999999999983 5725.7022368869657
-0.0155 -0.0019999999999999983 7837.1915122564478
-0.015000000000000001 -0.0019999999999999983 10324.043808437005
-0.014500000000000001 -0.0019999999999999983 13090.971109718097
-0.014 -0.0019999999999999983 15981.079522775002
-0.0135 -0.0019999999999999983 18786.089111046927
-0.012999999999999999 -0.0019999999999999983 21269.150914598315
-0.012500000000000001 -0.0019999999999999983 23197.329695259919
-0.012 -0.0019999999999999983 24377.706344445123
-0.0115 -0.0019999999999999983 24689.3327604654
-0.010999999999999999 -0.0019999999999999983 24103.685299671444
-0.010499999999999999 -0.0019999999999999983 22688.837283087807
-0.010000000000000002 -0.0019999999999999983 20596.560918325224
-0.0095000000000000015 -0.0019999999999999983 18035.723775363338
-0.0090000000000000011 -0.0019999999999999983 15238.38624479138
-0.0085000000000000006 -0.0019999999999999983 12426.100664041316
-0.0080000000000000002 -0.0019999999999999983 9782.936363219038
-0.0074999999999999997 -0.0019999999999999983 7439.2589270646413
-0.0069999999999999993 -0.0019999999999999983 5467.2183152809421
-0.0064999999999999988 -0.0019999999999999983 3886.1996697303971
-0.0059999999999999984 -0.0019999999999999983 2674.8085690660923
-0.0054999999999999979 -0.0019999999999999983 1785.5004817255767
-0.005000000000000001 -0.0019999999999999983 1158.5241183661883
-0.0044999999999999971 -0.0019999999999999983 732.99973958551107
-0.0040000000000000001 -0.0019999999999999983 454.22947697700141
-0.0035000000000000031 -0.0019999999999999983 277.38352888664809
-0.0029999999999999992 -0.0019999999999999983 168.34898752567111
-0.0025000000000000022 -0.0019999999999999983 102.76010331098109
-0.0019999999999999983 -0.0019999999999999983 64.152373851263988
-0.0015000000000000013 -0.0019999999999999983 41.939915358133902
-0.00099999999999999742 -0.0019999999999999983 29.633057684706177
-0.00050000000000000044 -0.0019999999999999983 23.474647446532931
0 -0.0019999999999999983 21.515625387545388
0.00050000000000000044 -0.0019999999999999983 23.073522791103958
0.0010000000000000009 -0.0019999999999999983 28.501806713125003
0.0015000000000000013 -0.0019999999999999983 39.216474939055779
0.0020000000000000018 -0.0019999999999999983 57.952121790636859
0.0024999999999999988 -0.0019999999999999983 89.229090490420873
0.0030000000000000027 -0.0019999999999999983 139.98721790319652
0.0034999999999999996 -0.0019999999999999983 220.26945454850841
0.0040000000000000036 -0.0019999999999999983 343.72546648043323
0.0045000000000000005 -0.0019999999999999983 527.58069832361139
0.0049999999999999975 -0.0019999999999999983 791.63780646807049
0.0055000000000000014 -0.0019999999999999983 1155.921050402126
0.0059999999999999984 -0.0019999999999999983 1636.8075684520948
0.0064999999999999988 -0.0019999999999999983 2241.9292881211736
0.0069999999999999993 -0.0019999999999999983 2964.7020073984518
0.0074999999999999997 -0.0019999999999999983 3779.8678952336245
0.0080000000000000002 -0.0019999999999999983 4641.6837501166628
0.0085000000000000006 -0.0019999999999999983 5486.1355422716624
0.0090000000000000011 -0.0019999999999999983 6237.7366779571748
0.0095000000000000015 -0.0019999999999999983 6820.2237899598395
0.010000000000000002 -0.0019999999999999983 7169.1695997077495
0.010500000000000002 -0.0019999999999999983 7243.6608622791446
0.011000000000000003 -0.0019999999999999983 7034.1254948459846
0.011500000000000003 -0.0019999999999999983 6564.2503262600549
0.012000000000000004 -0.0019999999999999983 5886.4729569734154
0.012499999999999997 -0.0019999999999999983 5072.2472610545901
0.013000000000000005 -0.0019999999999999983 4199.591109772854
0.013499999999999998 -0.0019999999999999983 3340.9126902382727
0.014000000000000005 -0.0019999999999999983 2553.6882041575404
0.014499999999999999 -0.0019999999999999983 1875.4711243146248
0.014999999999999999 -0.0019999999999999983 1323.3942416028183
0.0155 -0.0019999999999999983 897.22639048676081
0.016000000000000007 -0.0019999999999999983 584.44962378436253
0.016500000000000001 -0.0019999999999999983 365.78271648716617
0.017000000000000001 -0.0019999999999999983 219.95279873075839
0.017500000000000002 -0.0019999999999999983 127.0765534474195
0.017999999999999995 -0.0019999999999999983 70.539206565470522
0.018500000000000003 -0.0019999999999999983 37.620505663909704
0.019000000000000003 -0.0019999999999999983 19.277352845260335
0.019500000000000003 -0.0019999999999999983 9.4907105692398019
0.019999999999999997 -0.0019999999999999983 4.4892989290425342
0.020499999999999997 -0.0019999999999999983 2.0402656193808673
0.021000000000000005 -0.0019999999999999983 0.89088826531086529
0.021500000000000005 -0.0019999999999999983 0.37375591181791712
0.021999999999999999 -0.0019999999999999983 0.15065417901651618
0.022499999999999999 -0.0019999999999999983 0.058344854078251095
0.023000000000000007 -0.0019999999999999983 0.021709618063487455
0.023500000000000007 -0.0019999999999999983 0.0077612209874710217
0.024 -0.0019999999999999983 0.0026658527124078716
0.024500000000000001 -0.0019999999999999983 0.00087977270483837844
0.025000000000000001 -0.0019999999999999983 0.00027895428974371907
-0.025000000000000001 -0.0015000000000000013 0.028788146687128324
-0.024500000000000001 -0.0015000000000000013 0.07991327498832157
-0.024 -0.0015000000000000013 0.21316219304501205
-0.0235 -0.0015000000000000013 0.54638056904648524
-0.023 -0.0015000000000000013 1.34580749564903
-0.022500000000000003 -0.0015000000000000013 3.1855412968195749
-0.022000000000000002 -0.0015000000000000013 7.2461514122610593
-0.021500000000000002 -0.0015000000000000013 15.840473641220969
-0.021000000000000001 -0.0015000000000000013 33.279735965832529
-0.020500000000000001 -0.0015000000000000013 67.198365772698892
-0.02 -0.0015000000000000013 130.41360308629635
-0.0195 -0.0015000000000000013 243.27242895676355
-0.019 -0.0015000000000000013 436.20604469795694
-0.018500000000000003 -0.0015000000000000013 751.87387937199605
-0.018000000000000002 -0.0015000000000000013 1245.8955153384777
-0.017500000000000002 -0.0015000000000000013 1984.877261154483
-0.017000000000000001 -0.0015000000000000013 3040.4426561955829
-0.016500000000000001 -0.0015000000000000013 4478.4809493247685
-0.016 -0.0015000000000000013 6343.9422691687741
-0.0155 -0.0015000000000000013 8643.120699610492
-0.015000000000000001 -0.0015000000000000013 11327.075415264811
-0.014500000000000001 -0.0015000000000000013 14281.004753452462
-0.014 -0.0015000000000000013 17324.329731393373
-0.0135 -0.0015000000000000013 20224.55131399275
-0.012999999999999999 -0.0015000000000000013 22724.760583926422
-0.012500000000000001 -0.0015000000000000013 24580.794732782804
-0.012 -0.0015000000000000013 25600.69651090317
-0.0115 -0.0015000000000000013 25677.610770078245
-0.010999999999999999 -0.0015000000000000013 24808.27358269355
-0.010499999999999999 -0.0015000000000000013 23092.662805330725
-0.010000000000000002 -0.0015000000000000013 20715.142746624082
-0.0095000000000000015 -0.0015000000000000013 17912.010998699756
-0.0090000000000000011 -0.0015000000000000013 14933.309798180295
-0.0085000000000000006 -0.0015000000000000013 12007.311014217115
-0.0080000000000000002 -0.0015000000000000013 9314.3221707160319
-0.0074999999999999997 -0.0015000000000000013 6973.236735136069
-0.0069999999999999993 -0.0015000000000000013 5040.7463154031611
-0.0064999999999999988 -0.0015000000000000013 3520.3907394423522
-0.0059999999999999984 -0.0015000000000000013 2377.2263704802431
-0.0054999999999999979 -0.0015000000000000013 1553.8776274267948
-0.005000000000000001 -0.0015000000000000013 984.71983360646277
-0.0044999999999999971 -0.0015000000000000013 606.36595201072635
-0.0040000000000000001 -0.0015000000000000013 363.99033461803191
-0.0035000000000000031 -0.0015000000000000013 214.00281900065522
-0.0029999999999999992 -0.0015000000000000013 124.08648213105337
-0.0025000000000000022 -0.0015000000000000013 71.697654082939579
-0.0019999999999999983 -0.0015000000000000013 41.945228028704939
-0.0015000000000000013 -0.0015000000000000013 25.47308258367952
-0.00099999999999999742 -0.0015000000000000013 16.68133583402394
-0.00050000000000000044 -0.0015000000000000013 12.402885077672812
0 -0.0015000000000000013 11.019111797945603
0.00050000000000000044 -0.0015000000000000013 11.941481896457224
0.0010000000000000009 -0.0015000000000000013 15.380087481482276
0.0015000000000000013 -0.0015000000000000013 22.340380426865185
0.0020000000000000018 -0.0015000000000000013 34.813240537054888
0.0024999999999999988 -0.0015000000000000013 56.133284563448115
0.0030000000000000027 -0.0015000000000000013 91.462681645095742
0.0034999999999999996 -0.0015000000000000013 148.30599574350967
0.0040000000000000036 -0.0015000000000000013 236.8804666751856
0.0045000000000000005 -0.0015000000000000013 370.07781106079091
0.0049999999999999975 -0.0015000000000000013 562.70012187069869
0.0055000000000000014 -0.0015000000000000013 829.68890327599627
0.0059999999999999984 -0.0015000000000000013 1183.2410162863798
0.0064999999999999988 -0.0015000000000000013 1629.02960124029
0.0069999999999999993 -0.0015000000000000013 2162.167375233013
0.0074999999999999997 -0.0015000000000000013 2763.9351114477427
0.0080000000000000002 -0.0015000000000000013 3400.4739965581252
0.0085000000000000006 -0.0015000000000000013 4024.4509696624914
0.0090000000000000011 -0.0015000000000000013 4580.0984287552801
0.0095000000000000015 -0.0015000000000000013 5011.1152244065197
0.010000000000000002 -0.0015000000000000013 5269.9663258154342
0.010500000000000002 -0.0015000000000000013 5326.4810497471026
0.011000000000000003 -0.0015000000000000013 5173.606181176373
0.011500000000000003 -0.0015000000000000013 4828.8033438844941
0.012000000000000004 -0.0015000000000000013 4330.7152367405297
0.012499999999999997 -0.0015000000000000013 3731.9873065890665
0.013000000000000005 -0.0015000000000000013 3090.0931824092468
0.013499999999999998 -0.0015000000000000013 2458.369558409132
0.014000000000000005 -0.0015000000000000013 1879.1533105847343
0.014499999999999999 -0.0015000000000000013 1380.1089791592515
0.014999999999999999 -0.0015000000000000013 973.86404583980664
0.0155 -0.0015000000000000013 660.26065505582687
0.016000000000000007 -0.0015000000000000013 430.09409501060424
0.016500000000000001 -0.0015000000000000013 269.17932563514216
0.017000000000000001 -0.0015000000000000013 161.86371601933914
0.017500000000000002 -0.0015000000000000013 93.516122925086194
0.017999999999999995 -0.0015000000000000013 51.91016102689597
0.018500000000000003 -0.0015000000000000013 27.685154734170268
0.019000000000000003 -0.0015000000000000013 14.186331026314148
0.019500000000000003 -0.0015000000000000013 6.9842806136123121
0.019999999999999997 -0.0015000000000000013 3.303708015552894
0.020499999999999997 -0.0015000000000000013 1.5014468782853561
0.021000000000000005 -0.0015000000000000013 0.65561153849059139
0.021500000000000005 -0.0015000000000000013 0.27504989524644974
0.021999999999999999 -0.0015000000000000013 0.11086759859328413
0.022499999999999999 -0.0015000000000000013 0.042936441396001709
0.023000000000000007 -0.0015000000000000013 0.015976281126112185
0.023500000000000007 -0.0015000000000000013 0.0057115446454751428
0.024 -0.0015000000000000013 0.0019618223978423613
0.024500000000000001 -0.0015000000000000013 0.00064743180290962438
0.025000000000000001 -0.0015000000000000013 0.00020528470591613246
-0.025000000000000001 -0.00099999999999999742 0.03174136008270801
-0.024500000000000001 -0.00099999999999999742 0.088082986120548976
-0.024 -0.00099999999999999742 0.23486904949647888
-0.0235 -0.00099999999999999742 0.6017721802694519
-0.023 -0.00099999999999999742 1.48155226721345
-0.022500000000000003 -0.00099999999999999742 3.5049933655380401
-0.022000000000000002 -0.00099999999999999742 7.9680210621823742
-0.021500000000000002 -0.00099999999999999742 17.406662571825962
-0.021000000000000001 -0.00099999999999999742 36.541987812323931
-0.020500000000000001 -0.00099999999999999742 73.721062887814512
-0.02 -0.00099999999999999742 142.93097378764475
-0.0195 -0.00099999999999999742 266.32421739178704
-0.019 -0.00099999999999999742 476.93644658053324
-0.018500000000000003 -0.00099999999999999742 820.90693498197777
-0.018000000000000002 -0.00099999999999999742 1358.0981324587956
-0.017500000000000002 -0.00099999999999999742 2159.7074626698668
-0.017000000000000001 -0.00099999999999999742 3301.4956636552315
-0.016500000000000001 -0.00099999999999999742 4851.8464695333396
-0.016 -0.00099999999999999742 6855.1297197954291
-0.0155 -0.00099999999999999742 9312.6226083824749
-0.015000000000000001 -0.00099999999999999742 12165.089618192062
-0.014500000000000001 -0.00099999999999999742 15282.312548560514
-0.014 -0.00099999999999999742 18464.656926407959
-0.0135 -0.00099999999999999742 21459.741554360276
-0.012999999999999999 -0.00099999999999999742 23993.657504337796
-0.012500000000000001 -0.00099999999999999742 25811.898618602074
-0.012 -0.00099999999999999742 26721.638709954063
-0.0115 -0.00099999999999999742 26625.599862298157
-0.010999999999999999 -0.00099999999999999742 25539.237608401811
-0.010499999999999999 -0.00099999999999999742 23587.032686259339
-0.010000000000000002 -0.00099999999999999742 20979.056745132872
-0.0095000000000000015 -0.00099999999999999742 17973.9054831426
-0.0090000000000000011 -0.00099999999999999742 14837.00800778665
-0.0085000000000000006 -0.00099999999999999742 11803.467217026091
-0.0080000000000000002 -0.00099999999999999742 9052.2274810756517
-0.0074999999999999997 -0.00099999999999999742 6694.574152923321
-0.0069999999999999993 -0.00099999999999999742 4776.1128186871956
-0.0064999999999999988 -0.00099999999999999742 3288.5794998628458
-0.0059999999999999984 -0.00099999999999999742 2186.6366049892722
-0.0054999999999999979 -0.00099999999999999742 1405.1245203909498
-0.005000000000000001 -0.00099999999999999742 873.54464638795673
-0.0044999999999999971 -0.00099999999999999742 526.19040925857246
-0.0040000000000000001 -0.00099999999999999742 307.77985689880785
-0.0035000000000000031 -0.00099999999999999742 175.38459173092645
-0.0029999999999999992 -0.00099999999999999742 97.849094324995519
-0.0025000000000000022 -0.00099999999999999742 53.871472574419286
-0.0019999999999999983 -0.00099999999999999742 29.654263431930389
-0.0015000000000000013 -0.00099999999999999742 16.698974521491746
-0.00099999999999999742 -0.00099999999999999742 10.021460061957681
-0.00050000000000000044 -0.00099999999999999742 6.8569615919540654
0 -0.00099999999999999742 5.8081799795503848
0.00050000000000000044 -0.00099999999999999742 6.347032214567002
0.0010000000000000009 -0.00099999999999999742 8.5833582255347771
0.0015000000000000013 -0.00099999999999999742 13.236803202787677
0.0020000000000000018 -0.00099999999999999742 21.772198268079393
0.0024999999999999988 -0.00099999999999999742 36.67018402329424
0.0030000000000000027 -0.00099999999999999742 61.794218790812749
0.0034999999999999996 -0.00099999999999999742 102.77837325717344
0.0040000000000000036 -0.00099999999999999742 167.30172744793737
0.0045000000000000005 -0.00099999999999999742 265.05162759454402
0.0049999999999999975 -0.00099999999999999742 407.14073412292294
0.0055000000000000014 -0.00099999999999999742 604.77220326117867
0.0059999999999999984 -0.00099999999999999742 867.07871492596234
0.0064999999999999988 -0.00099999999999999742 1198.3021743434715
0.0069999999999999993 -0.00099999999999999742 1594.7910886261257
0.0074999999999999997 -0.00099999999999999742 2042.5764130143782
0.0080000000000000002 -0.00099999999999999742 2516.4144650815633
0.0085000000000000006 -0.00099999999999999742 2981.0424527162495
0.0090000000000000011 -0.00099999999999999742 3394.9398936079651
0.0095000000000000015 -0.00099999999999999742 3716.2106562686972
0.010000000000000002 -0.00099999999999999742 3909.4969403074233
0.010500000000000002 -0.00099999999999999742 3952.3652847421581
0.011000000000000003 -0.00099999999999999742 3839.574210157075
0.011500000000000003 -0.00099999999999999742 3584.1042183092245
0.012000000000000004 -0.00099999999999999742 3214.6739777358944
0.012499999999999997 -0.00099999999999999742 2770.4029746131491
0.013000000000000005 -0.00099999999999999742 2293.9941060930601
0.013499999999999998 -0.00099999999999999742 1825.0741528431001
0.014000000000000005 -0.00099999999999999742 1395.0971215825284
0.014499999999999999 -0.00099999999999999742 1024.6177216866306
0.014999999999999999 -0.00099999999999999742 723.02150401339009
0.0155 -0.00099999999999999742 490.19784407258317
0.016000000000000007 -0.00099999999999999742 319.31670380104947
0.016500000000000001 -0.00099999999999999742 199.84872962295734
0.017000000000000001 -0.00099999999999999742 120.1739335874251
0.017500000000000002 -0.00099999999999999742 69.430137120281316
0.017999999999999995 -0.00099999999999999742 38.540242265386269
0.018500000000000003 -0.00099999999999999742 20.554617313959216
0.019000000000000003 -0.00099999999999999742 10.532532176021727
0.019500000000000003 -0.00099999999999999742 5.185427556991467
0.019999999999999997 -0.00099999999999999742 2.4528143558117832
0.020499999999999997 -0.00099999999999999742 1.1147387185340329
0.021000000000000005 -0.00099999999999999742 0.48675426754422646
0.021500000000000005 -0.00099999999999999742 0.20420892025078968
0.021999999999999999 -0.00099999999999999742 0.082312899100840622
0.022499999999999999 -0.00099999999999999742 0.031877872320576983
0.023000000000000007 -0.00099999999999999742 0.011861482973504051
0.023500000000000007 -0.00099999999999999742 0.0042404981971230857
0.024 -0.00099999999999999742 0.0014565419704293809
0.024500000000000001 -0.00099999999999999742 0.00048068143528696083
0.025000000000000001 -0.00099999999999999742 0.00015241226570222258
-0.025000000000000001 -0.00050000000000000044 0.033663077916715647
-0.024500000000000001 -0.00050000000000000044 0.093400243282761641
-0.024 -0.00050000000000000044 0.24900016335340935
-0.0235 -0.00050000000000000044 0.6378413481462567
-0.023 -0.00050000000000000044 1.5699709841829688
-0.022500000000000003 -0.00050000000000000044 3.713142486783874
-0.022000000000000002 -0.00050000000000000044 8.4385617343416772
-0.021500000000000002 -0.00050000000000000044 18.428018719371877
-0.021000000000000001 -0.00050000000000000044 38.670491593954758
-0.020500000000000001 -0.00050000000000000044 77.979419694178844
-0.02 -0.00050000000000000044 151.10856840192397
-0.0195 -0.00050000000000000044 281.3958850805588
-0.019 -0.00050000000000000044 503.59118846224237
-0.018500000000000003 -0.00050000000000000044 866.13176595139646
-0.018000000000000002 -0.00050000000000000044 1431.6958376862221
-0.017500000000000002 -0.00050000000000000044 2274.5524171535158
-0.017000000000000001 -0.00050000000000000044 3473.2747942052565
-0.016500000000000001 -0.00050000000000000044 5098.0298851126136
-0.016 -0.00050000000000000044 7193.0047278991233
-0.0155 -0.00050000000000000044 9756.4245612424384
-0.015000000000000001 -0.00050000000000000044 12722.553281062823
-0.014500000000000001 -0.00050000000000000044 15951.278440047879
-0.014 -0.00050000000000000044 19230.587615084238
-0.0135 -0.00050000000000000044 22295.016170095078
-0.012999999999999999 -0.00050000000000000044 24859.246776002296
-0.012500000000000001 -0.00050000000000000044 26661.497730613824
-0.012 -0.00050000000000000044 27507.67987920317
-0.0115 -0.00050000000000000044 27305.986937866208
-0.010999999999999999 -0.00050000000000000044 26083.351136374811
-0.010499999999999999 -0.00050000000000000044 23979.672175635114
-0.010000000000000002 -0.00050000000000000044 21221.500122785386
-0.0095000000000000015 -0.00050000000000000044 18082.011897405635
-0.0090000000000000011 -0.00050000000000000044 14837.024011616029
-0.0085000000000000006 -0.00050000000000000044 11726.686740573577
-0.0080000000000000002 -0.00050000000000000044 8929.773542042085
-0.0074999999999999997 -0.00050000000000000044 6553.3269995042092
-0.0069999999999999993 -0.00050000000000000044 4636.3366510316873
-0.0064999999999999988 -0.00050000000000000044 3163.2824583111897
-0.0059999999999999984 -0.00050000000000000044 2082.297582843451
-0.0054999999999999979 -0.00050000000000000044 1323.2217106298954
-0.005000000000000001 -0.00050000000000000044 812.32411180692372
-0.0044999999999999971 -0.00050000000000000044 482.25514163445263
-0.0040000000000000001 -0.00050000000000000044 277.27494802193075
-0.0035000000000000031 -0.00050000000000000044 154.72981747997562
-0.0029999999999999992 -0.00050000000000000044 84.086426359491298
-0.0025000000000000022 -0.00050000000000000044 44.745057939748314
-0.0019999999999999983 -0.00050000000000000044 23.539689590370084
-0.0015000000000000013 -0.00050000000000000044 12.470529996388121
-0.00099999999999999742 -0.00050000000000000044 6.9110215973803166
-0.00050000000000000044 -0.00050000000000000044 4.3285010053342656
0 -0.00050000000000000044 3.4520448682081066
0.00050000000000000044 -0.00050000000000000044 3.7870393562675586
0.0010000000000000009 -0.00050000000000000044 5.3839925098124697
0.0015000000000000013 -0.00050000000000000044 8.794269959787
0.0020000000000000018 -0.00050000000000000044 15.170224737141023
0.0024999999999999988 -0.00050000000000000044 26.480101108491521
0.0030000000000000027 -0.00050000000000000044 45.802041836151858
0.0034999999999999996 -0.00050000000000000044 77.633881198087948
0.0040000000000000036 -0.00050000000000000044 128.11013618066639
0.0045000000000000005 -0.00050000000000000044 204.96843954325777
0.0049999999999999975 -0.00050000000000000044 317.07939231217574
0.0055000000000000014 -0.00050000000000000044 473.3783701892425
0.0059999999999999984 -0.00050000000000000044 681.14278989194622
0.0064999999999999988 -0.00050000000000000044 943.74960165962864
0.0069999999999999993 -0.00050000000000000044 1258.2929717339359
0.0074999999999999997 -0.00050000000000000044 1613.6657848224847
0.0080000000000000002 -0.00050000000000000044 1989.8084202727189
0.0085000000000000006 -0.00050000000000000044 2358.713696682566
0.0090000000000000011 -0.00050000000000000044 2687.417919919772
0.0095000000000000015 -0.00050000000000000044 2942.6704607402216
0.010000000000000002 -0.00050000000000000044 3096.4176885800662
0.010500000000000002 -0.00050000000000000044 3130.8647494413799
0.011000000000000003 -0.00050000000000000044 3041.8554923858974
0.011500000000000003 -0.00050000000000000044 2839.6847760130677
0.012000000000000004 -0.00050000000000000044 2547.1256281810834
0.012499999999999997 -0.00050000000000000044 2195.1955687606915
0.013000000000000005 -0.00050000000000000044 1817.7511320133772
0.013499999999999998 -0.00050000000000000044 1446.208743901338
0.014000000000000005 -0.00050000000000000044 1105.5051808789262
0.014499999999999999 -0.00050000000000000044 811.93700338248539
0.014999999999999999 -0.00050000000000000044 572.94718936657273
0.0155 -0.00050000000000000044 388.45151735137
0.016000000000000007 -0.00050000000000000044 253.03960612944502
0.016500000000000001 -0.00050000000000000044 158.3686704293591
0.017000000000000001 -0.00050000000000000044 95.231114900349908
0.017500000000000002 -0.00050000000000000044 55.019560469874051
0.017999999999999995 -0.00050000000000000044 30.54104459657232
0.018500000000000003 -0.00050000000000000044 16.288424939212891
0.019000000000000003 -0.00050000000000000044 8.3464666957183802
0.019500000000000003 -0.00050000000000000044 4.1091743133451324
0.019999999999999997 -0.00050000000000000044 1.9437247257781045
0.020499999999999997 -0.00050000000000000044 0.88337118091721578
0.021000000000000005 -0.00050000000000000044 0.38572692187952629
0.021500000000000005 -0.00050000000000000044 0.16182474187669618
0.021999999999999999 -0.00050000000000000044 0.065228611390625926
0.022499999999999999 -0.00050000000000000044 0.025261525712658082
0.023000000000000007 -0.00050000000000000044 0.0093995973560858665
0.023500000000000007 -0.00050000000000000044 0.0033603704031362198
0.024 -0.00050000000000000044 0.0011542324414564975
0.024500000000000001 -0.00050000000000000044 0.00038091460634878666
0.025000000000000001 -0.00050000000000000044 0.00012077865770462626
-0.025000000000000001 0 0.034330168350324999
-0.024500000000000001 0 0.095246214964540651
-0.024 0 0.25390655343128299
-0.0235 0 0.65036632803706607
-0.023 0 1.6006787576785351
-0.022500000000000003 0 3.7854446164560853
-0.022000000000000002 0 8.6020387358759329
-0.021500000000000002 0 18.782939925164584
-0.021000000000000001 0 39.410332989254123
-0.020500000000000001 0 79.460000904882023
-0.02 0 153.95277421073538
-0.0195 0 286.63990776733908
-0.019 0 512.8695662104999
-0.018500000000000003 0 881.88247593076278
-0.018000000000000002 0 1457.3436440286839
-0.017500000000000002 0 2314.6026488212715
-0.017000000000000001 0 3533.2296127603968
-0.016500000000000001 0 5184.0376971322821
-0.016 0 7311.1836592371928
-0.0155 0 9911.8695133186502
-0.015000000000000001 0 12918.136361377683
-0.014500000000000001 0 16186.460546595747
-0.014 0 19500.536520107693
-0.0135 0 22590.333046572039
-0.012999999999999999 0 25166.513469545644
-0.012500000000000001 0 26964.677494923148
-0.012 0 27790.178483204276
-0.0115 0 27552.979698279218
-0.010999999999999999 0 26283.877001171517
-0.010499999999999999 0 24128.032722524877
-0.010000000000000002 0 21317.67440505802
-0.0095000000000000015 0 18131.052784805699
-0.0090000000000000011 0 14847.654338749633
-0.0085000000000000006 0 11709.484652784286
-0.0080000000000000002 0 8895.3807282971047
-0.0074999999999999997 0 6511.0340245027282
-0.0069999999999999993 0 4593.240394014716
-0.0064999999999999988 0 3124.0343418850957
-0.0059999999999999984 0 2049.3230810934706
-0.0054999999999999979 0 1297.2215833269142
-0.005000000000000001 0 792.86652687928813
-0.0044999999999999971 0 468.31439061152702
-0.0040000000000000001 0 267.63791097602166
-0.0035000000000000031 0 148.25101298878704
-0.0029999999999999992 0 79.812537528754859
-0.0025000000000000022 0 41.947639221267302
-0.0019999999999999983 0 21.695287755132902
-0.0015000000000000013 0 11.218456485876022
-0.00099999999999999742 0 6.0073725884248139
-0.00050000000000000044 0 3.6049923553559946
0 0 2.7813802592020851
0.00050000000000000044 0 3.0525924554050397
0.0010000000000000009 0 4.449495467028262
0.0015000000000000013 0 7.4679310702487474
0.0020000000000000018 0 13.156748496561777
0.0024999999999999988 0 23.313705786488278
0.0030000000000000027 0 40.754757135944338
0.0034999999999999996 0 69.597635483387833
0.0040000000000000036 0 115.45977005072486
0.0045000000000000005 0 185.42612556649004
0.0049999999999999975 0 287.61720040957198
0.0055000000000000014 0 430.21026859654631
0.0059999999999999984 0 619.86308373943439
0.0064999999999999988 0 859.66394729576029
0.0069999999999999993 0 1146.9557057262384
0.0074999999999999997 0 1471.5850340062423
0.0080000000000000002 0 1815.2190113290503
0.0085000000000000006 0 2152.266000072148
0.0090000000000000011 0 2452.6099232038778
0.0095000000000000015 0 2685.876363997058
0.010000000000000002 0 2826.4410175863422
0.010500000000000002 0 2858.0514483622505
0.011000000000000003 0 2776.9122689533688
0.011500000000000003 0 2592.425447257137
0.012000000000000004 0 2325.3875885010098
0.012499999999999997 0 2004.1232439010694
0.013000000000000005 0 1659.5487373274937
0.013499999999999998 0 1320.3517724094108
0.014000000000000005 0 1009.3031326360234
0.014499999999999999 0 741.28412578712255
0.014999999999999999 0 523.09194583193323
0.0155 0 354.65086060645388
0.016000000000000007 0 231.02194226881824
0.016500000000000001 0 144.58870663423269
0.017000000000000001 0 86.944924464618978
0.017500000000000002 0 50.232254199207169
0.017999999999999995 0 27.883646533711609
0.018500000000000003 0 14.871160617318141
0.019000000000000003 0 7.6202374231143759
0.019500000000000003 0 3.7516338710163768
0.019999999999999997 0 1.774600807449763
0.020499999999999997 0 0.80650890088472138
0.021000000000000005 0 0.35216476819395481
0.021500000000000005 0 0.14774435213533593
0.021999999999999999 0 0.059553063350854717
0.022499999999999999 0 0.023063518112072454
0.023000000000000007 0 0.0085817376303340843
0.023500000000000007 0 0.0030679843220474718
0.024 0 0.0010538025947296264
0.024500000000000001 0 0.00034777120047488732
0.025000000000000001 0 0.00011026969870351356
-0.025000000000000001 0.00050000000000000044 0.033663077916715647
-0.024500000000000001 0.00050000000000000044 0.093400243282761641
-0.024 0.00050000000000000044 0.24900016335340935
-0.0235 0.00050000000000000044 0.6378413481462567
-0.023 0.00050000000000000044 1.5699709841829717
-0.022500000000000003 0.00050000000000000044 3.713142486783874
-0.022000000000000002 0.00050000000000000044 8.4385617343416772
-0.021500000000000002 0.00050000000000000044 18.428018719371892
-0.021000000000000001 0.00050000000000000044 38.670491593954786
-0.020500000000000001 0.00050000000000000044 77.979419694178901
-0.02 0.00050000000000000044 151.10856840192412
-0.0195 0.00050000000000000044 281.3958850805588
-0.019 0.00050000000000000044 503.59118846224237
-0.018500000000000003 0.00050000000000000044 866.13176595139646
-0.018000000000000002 0.00050000000000000044 1431.6958376862221
-0.017500000000000002 0.00050000000000000044 2274.5524171535158
-0.017000000000000001 0.00050000000000000044 3473.2747942052565
-0.016500000000000001 0.00050000000000000044 5098.0298851126163
-0.016 0.00050000000000000044 7193.0047278991251
-0.0155 0.00050000000000000044 9756.4245612424402
-0.015000000000000001 0.00050000000000000044 12722.553281062825
-0.014500000000000001 0.00050000000000000044 15951.278440047881
-0.014 0.00050000000000000044 19230.587615084234
-0.0135 0.00050000000000000044 22295.016170095078
-0.012999999999999999 0.00050000000000000044 24859.246776002299
-0.012500000000000001 0.00050000000000000044 26661.497730613828
-0.012 0.00050000000000000044 27507.679879203173
-0.0115 0.00050000000000000044 27305.986937866212
-0.010999999999999999 0.00050000000000000044 26083.351136374815
-0.010499999999999999 0.00050000000000000044 23979.672175635122
-0.010000000000000002 0.00050000000000000044 21221.50012278539
-0.0095000000000000015 0.00050000000000000044 18082.011897405631
-0.0090000000000000011 0.00050000000000000044 14837.024011616029
-0.0085000000000000006 0.00050000000000000044 11726.686740573577
-0.0080000000000000002 0.00050000000000000044 8929.773542042085
-0.0074999999999999997 0.00050000000000000044 6553.3269995042101
-0.0069999999999999993 0.00050000000000000044 4636.3366510316864
-0.0064999999999999988 0.00050000000000000044 3163.2824583111887
-0.0059999999999999984 0.00050000000000000044 2082.2975828434501
-0.0054999999999999979 0.00050000000000000044 1323.2217106298951
-0.005000000000000001 0.00050000000000000044 812.3241118069235
-0.0044999999999999971 0.00050000000000000044 482.25514163445251
-0.0040000000000000001 0.00050000000000000044 277.27494802193081
-0.0035000000000000031 0.00050000000000000044 154.72981747997559
-0.0029999999999999992 0.00050000000000000044 84.086426359491298
-0.0025000000000000022 0.00050000000000000044 44.745057939748314
-0.0019999999999999983 0.00050000000000000044 23.539689590370074
-0.0015000000000000013 0.00050000000000000044 12.470529996388121
-0.00099999999999999742 0.00050000000000000044 6.9110215973803166
-0.00050000000000000044 0.00050000000000000044 4.3285010053342665
0 0.00050000000000000044 3.4520448682081053
0.00050000000000000044 0.00050000000000000044 3.7870393562675555
0.0010000000000000009 0.00050000000000000044 5.3839925098124688
0.0015000000000000013 0.00050000000000000044 8.7942699597869964
0.0020000000000000018 0.00050000000000000044 15.170224737141014
0.0024999999999999988 0.00050000000000000044 26.480101108491507
0.0030000000000000027 0.00050000000000000044 45.802041836151851
0.0034999999999999996 0.00050000000000000044 77.633881198087934
0.0040000000000000036 0.00050000000000000044 128.11013618066633
0.0045000000000000005 0.00050000000000000044 204.96843954325769
0.0049999999999999975 0.00050000000000000044 317.07939231217574
0.0055000000000000014 0.00050000000000000044 473.37837018924239
0.0059999999999999984 0.00050000000000000044 681.14278989194634
0.0064999999999999988 0.00050000000000000044 943.74960165962909
0.0069999999999999993 0.00050000000000000044 1258.2929717339371
0.0074999999999999997 0.00050000000000000044 1613.6657848224863
0.0080000000000000002 0.00050000000000000044 1989.8084202727209
0.0085000000000000006 0.00050000000000000044 2358.7136966825688
0.0090000000000000011 0.00050000000000000044 2687.4179199197765
0.0095000000000000015 0.00050000000000000044 2942.6704607402257
0.010000000000000002 0.00050000000000000044 3096.4176885800716
0.010500000000000002 0.00050000000000000044 3130.8647494413867
0.011000000000000003 0.00050000000000000044 3041.8554923859037
0.011500000000000003 0.00050000000000000044 2839.6847760130754
0.012000000000000004 0.00050000000000000044 2547.1256281810902
0.012499999999999997 0.00050000000000000044 2195.1955687606974
0.013000000000000005 0.00050000000000000044 1817.7511320133829
0.013499999999999998 0.00050000000000000044 1446.2087439013433
0.014000000000000005 0.00050000000000000044 1105.5051808789297
0.014499999999999999 0.00050000000000000044 811.93700338248823
0.014999999999999999 0.00050000000000000044 572.94718936657489
0.0155 0.00050000000000000044 388.45151735137159
0.016000000000000007 0.00050000000000000044 253.03960612944607
0.016500000000000001 0.00050000000000000044 158.36867042935998
0.017000000000000001 0.00050000000000000044 95.231114900350335
0.017500000000000002 0.00050000000000000044 55.019560469874307
0.017999999999999995 0.00050000000000000044 30.541044596572469
0.018500000000000003 0.00050000000000000044 16.28842493921297
0.019000000000000003 0.00050000000000000044 8.3464666957184335
0.019500000000000003 0.00050000000000000044 4.1091743133451555
0.019999999999999997 0.00050000000000000044 1.9437247257781143
0.020499999999999997 0.00050000000000000044 0.88337118091722067
0.021000000000000005 0.00050000000000000044 0.38572692187952923
0.021500000000000005 0.00050000000000000044 0.16182474187669713
0.021999999999999999 0.00050000000000000044 0.065228611390626426
0.022499999999999999 0.00050000000000000044 0.025261525712658273
0.023000000000000007 0.00050000000000000044 0.0093995973560859394
0.023500000000000007 0.00050000000000000044 0.0033603704031362467
0.024 0.00050000000000000044 0.0011542324414565079
0.024500000000000001 0.00050000000000000044 0.00038091460634878964
0.025000000000000001 0.00050000000000000044 0.0001207786577046271
-0.025000000000000001 0.0010000000000000009 0.03174136008270801
-0.024500000000000001 0.0010000000000000009 0.088082986120548976
-0.024 0.0010000000000000009 0.23486904949647888
-0.0235 0.0010000000000000009 0.6017721802694519
-0.023 0.0010000000000000009 1.48155226721345
-0.022500000000000003 0.0010000000000000009 3.5049933655380401
-0.022000000000000002 0.0010000000000000009 7.9680210621823742
-0.021500000000000002 0.0010000000000000009 17.406662571825962
-0.021000000000000001 0.0010000000000000009 36.541987812323931
-0.020500000000000001 0.0010000000000000009 73.721062887814512
-0.02 0.0010000000000000009 142.93097378764475
-0.0195 0.0010000000000000009 266.32421739178704
-0.019 0.0010000000000000009 476.93644658053324
-0.018500000000000003 0.0010000000000000009 820.90693498197788
-0.018000000000000002 0.0010000000000000009 1358.0981324587956
-0.017500000000000002 0.0010000000000000009 2159.7074626698668
-0.017000000000000001 0.0010000000000000009 3301.4956636552315
-0.016500000000000001 0.0010000000000000009 4851.8464695333396
-0.016 0.0010000000000000009 6855.12971979543
-0.0155 0.0010000000000000009 9312.6226083824749
-0.015000000000000001 0.0010000000000000009 12165.08961819206
-0.014500000000000001 0.0010000000000000009 15282.312548560514
-0.014 0.0010000000000000009 18464.656926407959
-0.0135 0.0010000000000000009 21459.741554360276
-0.012999999999999999 0.0010000000000000009 23993.657504337796
-0.012500000000000001 0.0010000000000000009 25811.898618602074
-0.012 0.0010000000000000009 26721.638709954059
-0.0115 0.0010000000000000009 26625.599862298157
-0.010999999999999999 0.0010000000000000009 25539.237608401811
-0.010499999999999999 0.0010000000000000009 23587.032686259343
-0.010000000000000002 0.0010000000000000009 20979.056745132872
-0.0095000000000000015 0.0010000000000000009 17973.905483142596
-0.0090000000000000011 0.0010000000000000009 14837.008007786648
-0.0085000000000000006 0.0010000000000000009 11803.467217026093
-0.0080000000000000002 0.0010000000000000009 9052.2274810756517
-0.0074999999999999997 0.0010000000000000009 6694.5741529233219
-0.0069999999999999993 0.0010000000000000009 4776.1128186871956
-0.0064999999999999988 0.0010000000000000009 3288.5794998628467
-0.0059999999999999984 0.0010000000000000009 2186.6366049892727
-0.0054999999999999979 0.0010000000000000009 1405.1245203909498
-0.005000000000000001 0.0010000000000000009 873.54464638795707
-0.0044999999999999971 0.0010000000000000009 526.19040925857257
-0.0040000000000000001 0.0010000000000000009 307.77985689880802
-0.0035000000000000031 0.0010000000000000009 175.3845917309265
-0.0029999999999999992 0.0010000000000000009 97.849094324995605
-0.0025000000000000022 0.0010000000000000009 53.871472574419336
-0.0019999999999999983 0.0010000000000000009 29.654263431930421
-0.0015000000000000013 0.0010000000000000009 16.698974521491774
-0.00099999999999999742 0.0010000000000000009 10.021460061957715
-0.00050000000000000044 0.0010000000000000009 6.8569615919540885
0 0.0010000000000000009 5.8081799795504132
0.00050000000000000044 0.0010000000000000009 6.3470322145670233
0.0010000000000000009 0.0010000000000000009 8.5833582255348055
0.0015000000000000013 0.0010000000000000009 13.236803202787707
0.0020000000000000018 0.0010000000000000009 21.772198268079428
0.0024999999999999988 0.0010000000000000009 36.670184023294318
0.0030000000000000027 0.0010000000000000009 61.794218790812863
0.0034999999999999996 0.0010000000000000009 102.77837325717358
0.0040000000000000036 0.0010000000000000009 167.30172744793771
0.0045000000000000005 0.0010000000000000009 265.05162759454453
0.0049999999999999975 0.0010000000000000009 407.14073412292396
0.0055000000000000014 0.0010000000000000009 604.77220326117981
0.0059999999999999984 0.0010000000000000009 867.07871492596473
0.0064999999999999988 0.0010000000000000009 1198.3021743434749
0.0069999999999999993 0.0010000000000000009 1594.7910886261309
0.0074999999999999997 0.0010000000000000009 2042.5764130143857
0.0080000000000000002 0.0010000000000000009 2516.4144650815724
0.0085000000000000006 0.0010000000000000009 2981.0424527162618
0.0090000000000000011 0.0010000000000000009 3394.9398936079806
0.0095000000000000015 0.0010000000000000009 3716.2106562687131
0.010000000000000002 0.0010000000000000009 3909.4969403074424
0.010500000000000002 0.0010000000000000009 3952.3652847421808
0.011000000000000003 0.0010000000000000009 3839.5742101570963
0.011500000000000003 0.0010000000000000009 3584.1042183092436
0.012000000000000004 0.0010000000000000009 3214.6739777359157
0.012499999999999997 0.0010000000000000009 2770.4029746131682
0.013000000000000005 0.0010000000000000009 2293.9941060930764
0.013499999999999998 0.0010000000000000009 1825.0741528431142
0.014000000000000005 0.0010000000000000009 1395.0971215825396
0.014499999999999999 0.0010000000000000009 1024.6177216866386
0.014999999999999999 0.0010000000000000009 723.02150401339566
0.0155 0.0010000000000000009 490.19784407258715
0.016000000000000007 0.0010000000000000009 319.31670380105209
0.016500000000000001 0.0010000000000000009 199.84872962295898
0.017000000000000001 0.0010000000000000009 120.17393358742626
0.017500000000000002 0.0010000000000000009 69.430137120281913
0.017999999999999995 0.0010000000000000009 38.540242265386659
0.018500000000000003 0.0010000000000000009 20.554617313959422
0.019000000000000003 0.0010000000000000009 10.53253217602184
0.019500000000000003 0.0010000000000000009 5.1854275569915274
0.019999999999999997 0.0010000000000000009 2.4528143558118112
0.020499999999999997 0.0010000000000000009 1.1147387185340476
0.021000000000000005 0.0010000000000000009 0.48675426754423273
0.021500000000000005 0.0010000000000000009 0.20420892025079235
0.021999999999999999 0.0010000000000000009 0.082312899100841691
0.022499999999999999 0.0010000000000000009 0.031877872320577302
0.023000000000000007 0.0010000000000000009 0.0118614829735042
0.023500000000000007 0.0010000000000000009 0.0042404981971231395
0.024 0.0010000000000000009 0.0014565419704294039
0.024500000000000001 0.0010000000000000009 0.00048068143528696842
0.025000000000000001 0.0010000000000000009 0.00015241226570222491
-0.025000000000000001 0.0015000000000000013 0.02878814668712832
-0.024500000000000001 0.0015000000000000013 0.07991327498832157
-0.024 0.0015000000000000013 0.21316219304501205
-0.0235 0.0015000000000000013 0.54638056904648524
-0.023 0.0015000000000000013 1.34580749564903
-0.022500000000000003 0.0015000000000000013 3.1855412968195802
-0.022000000000000002 0.0015000000000000013 7.2461514122610717
-0.021500000000000002 0.0015000000000000013 15.840473641220983
-0.021000000000000001 0.0015000000000000013 33.279735965832558
-0.020500000000000001 0.0015000000000000013 67.198365772699006
-0.02 0.0015000000000000013 130.41360308629643
-0.0195 0.0015000000000000013 243.27242895676372
-0.019 0.0015000000000000013 436.20604469795734
-0.018500000000000003 0.0015000000000000013 751.8738793719964
-0.018000000000000002 0.0015000000000000013 1245.8955153384784
-0.017500000000000002 0.0015000000000000013 1984.8772611544837
-0.017000000000000001 0.0015000000000000013 3040.4426561955843
-0.016500000000000001 0.0015000000000000013 4478.4809493247712
-0.016 0.0015000000000000013 6343.942269168776
-0.0155 0.0015000000000000013 8643.1206996104993
-0.015000000000000001 0.0015000000000000013 11327.075415264817
-0.014500000000000001 0.0015000000000000013 14281.004753452469
-0.014 0.0015000000000000013 17324.329731393376
-0.0135 0.0015000000000000013 20224.551313992757
-0.012999999999999999 0.0015000000000000013 22724.760583926436
-0.012500000000000001 0.0015000000000000013 24580.794732782811
-0.012 0.0015000000000000013 25600.696510903177
-0.0115 0.0015000000000000013 25677.610770078252
-0.010999999999999999 0.0015000000000000013 24808.273582693553
-0.010499999999999999 0.0015000000000000013 23092.662805330732
-0.010000000000000002 0.0015000000000000013 20715.142746624086
-0.0095000000000000015 0.0015000000000000013 17912.010998699756
-0.0090000000000000011 0.0015000000000000013 14933.309798180297
-0.0085000000000000006 0.0015000000000000013 12007.311014217115
-0.0080000000000000002 0.0015000000000000013 9314.3221707160283
-0.0074999999999999997 0.0015000000000000013 6973.2367351360663
-0.0069999999999999993 0.0015000000000000013 5040.7463154031602
-0.0064999999999999988 0.0015000000000000013 3520.3907394423495
-0.0059999999999999984 0.0015000000000000013 2377.2263704802426
-0.0054999999999999979 0.0015000000000000013 1553.8776274267937
-0.005000000000000001 0.0015000000000000013 984.71983360646198
-0.0044999999999999971 0.0015000000000000013 606.36595201072578
-0.0040000000000000001 0.0015000000000000013 363.9903346180318
-0.0035000000000000031 0.0015000000000000013 214.00281900065508
-0.0029999999999999992 0.0015000000000000013 124.0864821310533
-0.0025000000000000022 0.0015000000000000013 71.697654082939579
-0.0019999999999999983 0.0015000000000000013 41.945228028704925
-0.0015000000000000013 0.0015000000000000013 25.47308258367952
-0.00099999999999999742 0.0015000000000000013 16.681335834023937
-0.00050000000000000044 0.0015000000000000013 12.402885077672824
0 0.0015000000000000013 11.019111797945609
0.00050000000000000044 0.0015000000000000013 11.941481896457224
0.0010000000000000009 0.0015000000000000013 15.380087481482263
0.0015000000000000013 0.0015000000000000013 22.340380426865167
0.0020000000000000018 0.0015000000000000013 34.813240537054838
0.0024999999999999988 0.0015000000000000013 56.133284563448022
0.0030000000000000027 0.0015000000000000013 91.462681645095628
0.0034999999999999996 0.0015000000000000013 148.30599574350958
0.0040000000000000036 0.0015000000000000013 236.8804666751854
0.0045000000000000005 0.0015000000000000013 370.07781106079062
0.0049999999999999975 0.0015000000000000013 562.70012187069869
0.0055000000000000014 0.0015000000000000013 829.68890327599649
0.0059999999999999984 0.0015000000000000013 1183.241016286381
0.0064999999999999988 0.0015000000000000013 1629.0296012402916
0.0069999999999999993 0.0015000000000000013 2162.1673752330157
0.0074999999999999997 0.0015000000000000013 2763.9351114477467
0.0080000000000000002 0.0015000000000000013 3400.4739965581316
0.0085000000000000006 0.0015000000000000013 4024.4509696625
0.0090000000000000011 0.0015000000000000013 4580.0984287552928
0.0095000000000000015 0.0015000000000000013 5011.1152244065343
0.010000000000000002 0.0015000000000000013 5269.9663258154505
0.010500000000000002 0.0015000000000000013 5326.4810497471235
0.011000000000000003 0.0015000000000000013 5173.6061811763948
0.011500000000000003 0.0015000000000000013 4828.8033438845168
0.012000000000000004 0.0015000000000000013 4330.7152367405506
0.012499999999999997 0.0015000000000000013 3731.9873065890852
0.013000000000000005 0.0015000000000000013 3090.0931824092631
0.013499999999999998 0.0015000000000000013 2458.369558409147
0.014000000000000005 0.0015000000000000013 1879.1533105847461
0.014499999999999999 0.0015000000000000013 1380.1089791592606
0.014999999999999999 0.0015000000000000013 973.86404583981346
0.0155 0.0015000000000000013 660.26065505583165
0.016000000000000007 0.0015000000000000013 430.09409501060759
0.016500000000000001 0.0015000000000000013 269.17932563514427
0.017000000000000001 0.0015000000000000013 161.8637160193405
0.017500000000000002 0.0015000000000000013 93.516122925087089
0.017999999999999995 0.0015000000000000013 51.910161026896503
0.018500000000000003 0.0015000000000000013 27.685154734170546
0.019000000000000003 0.0015000000000000013 14.186331026314306
0.019500000000000003 0.0015000000000000013 6.984280613612377
0.019999999999999997 0.0015000000000000013 3.3037080155529299
0.020499999999999997 0.0015000000000000013 1.5014468782853723
0.021000000000000005 0.0015000000000000013 0.6556115384905985
0.021500000000000005 0.0015000000000000013 0.27504989524645268
0.021999999999999999 0.0015000000000000013 0.11086759859328535
0.022499999999999999 0.0015000000000000013 0.042936441396002174
0.023000000000000007 0.0015000000000000013 0.015976281126112411
0.023500000000000007 0.0015000000000000013 0.0057115446454752243
0.024 0.0015000000000000013 0.0019618223978423856
0.024500000000000001 0.0015000000000000013 0.00064743180290963251
0.025000000000000001 0.0015000000000000013 0.00020528470591613568
-0.025000000000000001 0.0020000000000000018 0.025127700744377993
-0.024500000000000001 0.0020000000000000018 0.069790186263906664
-0.024 0.0020000000000000018 0.18627463425380528
-0.0235 0.0020000000000000018 0.47779628997552687
-0.023 0.0020000000000000018 1.1778093360993818
-0.022500000000000003 0.0020000000000000018 2.7903942657450114
-0.022000000000000002 0.0020000000000000018 6.3537719243364021
-0.021500000000000002 0.0020000000000000018 13.905685232853013
-0.021000000000000001 0.0020000000000000018 29.252939508895949
-0.020500000000000001 0.0020000000000000018 59.15442310056676
-0.02 0.0020000000000000018 114.99333300947158
-0.0195 0.0020000000000000018 214.9097582584933
-0.019 0.0020000000000000018 386.16366642634927
-0.018500000000000003 0.0020000000000000018 667.19993741076189
-0.018000000000000002 0.0020000000000000018 1108.5402072818054
-0.017500000000000002 0.0020000000000000018 1771.3469350804057
-0.017000000000000001 0.0020000000000000018 2722.4691066185442
-0.016500000000000001 0.0020000000000000018 4025.1737483193119
-0.016 0.0020000000000000018 5725.7022368869639
-0.0155 0.0020000000000000018 7837.191512256446
-0.015000000000000001 0.0020000000000000018 10324.043808437003
-0.014500000000000001 0.0020000000000000018 13090.971109718093
-0.014 0.0020000000000000018 15981.079522775
-0.0135 0.0020000000000000018 18786.089111046924
-0.012999999999999999 0.0020000000000000018 21269.150914598311
-0.012500000000000001 0.0020000000000000018 23197.329695259923
-0.012 0.0020000000000000018 24377.706344445123
-0.0115 0.0020000000000000018 24689.332760465404
-0.010999999999999999 0.0020000000000000018 24103.685299671441
-0.010499999999999999 0.0020000000000000018 22688.837283087811
-0.010000000000000002 0.0020000000000000018 20596.560918325224
-0.0095000000000000015 0.0020000000000000018 18035.723775363338
-0.0090000000000000011 0.0020000000000000018 15238.386244791376
-0.0085000000000000006 0.0020000000000000018 12426.100664041316
-0.0080000000000000002 0.0020000000000000018 9782.936363219038
-0.0074999999999999997 0.0020000000000000018 7439.2589270646431
-0.0069999999999999993 0.0020000000000000018 5467.2183152809421
-0.0064999999999999988 0.0020000000000000018 3886.1996697303966
-0.0059999999999999984 0.0020000000000000018 2674.8085690660914
-0.0054999999999999979 0.0020000000000000018 1785.5004817255774
-0.005000000000000001 0.0020000000000000018 1158.524118366189
-0.0044999999999999971 0.0020000000000000018 732.99973958551141
-0.0040000000000000001 0.0020000000000000018 454.22947697700158
-0.0035000000000000031 0.0020000000000000018 277.38352888664843
-0.0029999999999999992 0.0020000000000000018 168.34898752567139
-0.0025000000000000022 0.0020000000000000018 102.76010331098128
-0.0019999999999999983 0.0020000000000000018 64.152373851264159
-0.0015000000000000013 0.0020000000000000018 41.939915358134058
-0.00099999999999999742 0.0020000000000000018 29.63305768470633
-0.00050000000000000044 0.0020000000000000018 23.474647446533041
0 0.0020000000000000018 21.515625387545519
0.00050000000000000044 0.0020000000000000018 23.07352279110405
0.0010000000000000009 0.0020000000000000018 28.501806713125116
0.0015000000000000013 0.0020000000000000018 39.216474939055892
0.0020000000000000018 0.0020000000000000018 57.952121790636951
0.0024999999999999988 0.0020000000000000018 89.229090490421015
0.0030000000000000027 0.0020000000000000018 139.98721790319675
0.0034999999999999996 0.0020000000000000018 220.26945454850895
0.0040000000000000036 0.0020000000000000018 343.72546648043351
0.0045000000000000005 0.0020000000000000018 527.58069832361241
0.0049999999999999975 0.0020000000000000018 791.63780646807209
0.0055000000000000014 0.0020000000000000018 1155.9210504021282
0.0059999999999999984 0.0020000000000000018 1636.8075684520982
0.0064999999999999988 0.0020000000000000018 2241.9292881211791
0.0069999999999999993 0.0020000000000000018 2964.7020073984613
0.0074999999999999997 0.0020000000000000018 3779.8678952336377
0.0080000000000000002 0.0020000000000000018 4641.683750116681
0.0085000000000000006 0.0020000000000000018 5486.1355422716861
0.0090000000000000011 0.0020000000000000018 6237.7366779572039
0.0095000000000000015 0.0020000000000000018 6820.223789959874
0.010000000000000002 0.0020000000000000018 7169.1695997077877
0.010500000000000002 0.0020000000000000018 7243.6608622791891
0.011000000000000003 0.0020000000000000018 7034.125494846031
0.011500000000000003 0.0020000000000000018 6564.2503262600994
0.012000000000000004 0.0020000000000000018 5886.4729569734573
0.012499999999999997 0.0020000000000000018 5072.2472610546283
0.013000000000000005 0.0020000000000000018 4199.5911097728858
0.013499999999999998 0.0020000000000000018 3340.9126902383018
0.014000000000000005 0.0020000000000000018 2553.6882041575618
0.014499999999999999 0.0020000000000000018 1875.471124314641
0.014999999999999999 0.0020000000000000018 1323.3942416028317
0.0155 0.0020000000000000018 897.22639048676933
0.016000000000000007 0.0020000000000000018 584.44962378436821
0.016500000000000001 0.0020000000000000018 365.78271648717021
0.017000000000000001 0.0020000000000000018 219.95279873076078
0.017500000000000002 0.0020000000000000018 127.07655344742099
0.017999999999999995 0.0020000000000000018 70.53920656547136
0.018500000000000003 0.0020000000000000018 37.620505663910116
0.019000000000000003 0.0020000000000000018 19.277352845260577
0.019500000000000003 0.0020000000000000018 9.4907105692399281
0.019999999999999997 0.0020000000000000018 4.4892989290425858
0.020499999999999997 0.0020000000000000018 2.0402656193808948
0.021000000000000005 0.0020000000000000018 0.89088826531087895
0.021500000000000005 0.0020000000000000018 0.37375591181792278
0.021999999999999999 0.0020000000000000018 0.15065417901651842
0.022499999999999999 0.0020000000000000018 0.058344854078251976
0.023000000000000007 0.0020000000000000018 0.021709618063487823
0.023500000000000007 0.0020000000000000018 0.0077612209874711536
0.024 0.0020000000000000018 0.0026658527124079168
0.024500000000000001 0.0020000000000000018 0.00087977270483839329
0.025000000000000001 0.0020000000000000018 0.00027895428974372379
-0.025000000000000001 0.0024999999999999988 0.02112707722562561
-0.024500000000000001 0.0024999999999999988 0.058730964401117247
-0.024 0.0024999999999999988 0.15691474483478535
-0.0235 0.0024999999999999988 0.40294680959800966
-0.023 0.0024999999999999988 0.99458006240247554
-0.022500000000000003 0.0024999999999999988 2.3597341780856351
-0.022000000000000002 0.0024999999999999988 5.3820008027343835
-0.021500000000000002 0.0024999999999999988 11.800784369511183
-0.021000000000000001 0.0024999999999999988 24.876935587247207
-0.020500000000000001 0.0024999999999999988 50.424066587813819
-0.02 0.0024999999999999988 98.281969216952092
-0.0195 0.0024999999999999988 184.225206032854
-0.019 0.0024999999999999988 332.13309898825406
-0.018500000000000003 0.0024999999999999988 575.99211702513549
-0.018000000000000002 0.0024999999999999988 960.99342973017588
-0.017500000000000002 0.0024999999999999988 1542.7194792153784
-0.017000000000000001 0.0024999999999999988 2383.3306288670451
-0.016500000000000001 0.0024999999999999988 3543.9319074526848
-0.016 0.0024999999999999988 5073.0334721691897
-0.0155 0.0024999999999999988 6992.1877765094205
-0.015000000000000001 0.0024999999999999988 9281.255491690943
-0.014500000000000001 0.0024999999999999988 11866.886027520932
-0.014 0.0024999999999999988 14618.176313464193
-0.0135 0.0024999999999999988 17352.688853884774
-0.012999999999999999 0.0024999999999999988 19853.996387999396
-0.012500000000000001 0.0024999999999999988 21899.065608524601
-0.012 0.0024999999999999988 23290.893662217299
-0.0115 0.0024999999999999988 23889.826509283797
-0.010999999999999999 0.0024999999999999988 23636.67804269246
-0.010499999999999999 0.0024999999999999988 22562.377569125103
-0.010000000000000002 0.0024999999999999988 20781.998300063537
-0.0095000000000000015 0.0024999999999999988 18474.736372533564
-0.0090000000000000011 0.0024999999999999988 15854.60487987592
-0.0085000000000000006 0.0024999999999999988 13138.376619253781
-0.0080000000000000002 0.0024999999999999988 10517.259038368249
-0.0074999999999999997 0.0024999999999999988 8137.1209108910998
-0.0069999999999999993 0.0024999999999999988 6089.4824358379874
-0.0064999999999999988 0.0024999999999999988 4412.781587572189
-0.0059999999999999984 0.0024999999999999988 3101.3738784072525
-0.0054999999999999979 0.0024999999999999988 2118.7167745790757
-0.005000000000000001 0.0024999999999999988 1411.2536254552394
-0.0044999999999999971 0.0024999999999999988 920.35927967912369
-0.0040000000000000001 0.0024999999999999988 590.9108423895533
-0.0035000000000000031 0.0024999999999999988 376.195849895707
-0.0029999999999999992 0.0024999999999999988 239.69741093362043
-0.0025000000000000022 0.0024999999999999988 154.706806320515
-0.0019999999999999983 0.0024999999999999988 102.75862619039692
-0.0015000000000000013 0.0024999999999999988 71.691517474363067
-0.00099999999999999742 0.0024999999999999988 53.851882257164938
-0.00050000000000000044 0.0024999999999999988 44.688736270284771
0 0.0024999999999999988 41.795538413742477
0.00050000000000000044 0.0024999999999999988 44.353688794542308
0.0010000000000000009 0.0024999999999999988 52.906982018973139
0.0015000000000000013 0.0024999999999999988 69.416708819753609
0.0020000000000000018 0.0024999999999999988 97.579740340913759
0.0024999999999999988 0.0024999999999999988 143.40475438127683
0.0030000000000000027 0.0024999999999999988 216.0076696250585
0.0034999999999999996 0.0024999999999999988 328.49016494872978
0.0040000000000000036 0.0024999999999999988 498.61013418029233
0.0045000000000000005 0.0024999999999999988 748.77887365639674
0.0049999999999999975 0.0024999999999999988 1104.8044181521971
0.0055000000000000014 0.0024999999999999988 1592.8478298773528
0.0059999999999999984 0.0024999999999999988 2234.3625631792902
0.0064999999999999988 0.0024999999999999988 3039.3715183081636
0.0069999999999999993 0.0024999999999999988 3999.2051102928299
0.0074999999999999997 0.0024999999999999988 5080.5405900971009
0.0080000000000000002 0.0024999999999999988 6222.9238813034826
0.0085000000000000006 0.0024999999999999988 7341.630484806401
0.0090000000000000011 0.0024999999999999988 8336.6304133475587
0.0095000000000000015 0.0024999999999999988 9106.7633286424862
0.010000000000000002 0.0024999999999999988 9566.4983146600607
0.010500000000000002 0.0024999999999999988 9661.481794831876
0.011000000000000003 0.0024999999999999988 9378.9832158185691
0.011500000000000003 0.0024999999999999988 8750.4850726183831
0.012000000000000004 0.0024999999999999988 7845.7172414086535
0.012499999999999997 0.0024999999999999988 6759.7241718591986
0.013000000000000005 0.0024999999999999988 5596.3015611254941
0.013499999999999998 0.0024999999999999988 4451.7930795915499
0.014000000000000005 0.0024999999999999988 3402.6763280607124
0.014499999999999999 0.0024999999999999988 2498.912983629863
0.014999999999999999 0.0024999999999999988 1763.2810251625815
0.0155 0.0024999999999999988 1195.4416420620032
0.016000000000000007 0.0024999999999999988 778.69831510422216
0.016500000000000001 0.0024999999999999988 487.35158665773599
0.017000000000000001 0.0024999999999999988 293.05330331745773
0.017500000000000002 0.0024999999999999988 169.3094099315006
0.017999999999999995 0.0024999999999999988 93.982114416730823
0.018500000000000003 0.0024999999999999988 50.12317196975345
0.019000000000000003 0.0024999999999999988 25.683890279475492
0.019500000000000003 0.0024999999999999988 12.644794641549062
0.019999999999999997 0.0024999999999999988 5.9812413087936793
0.020499999999999997 0.0024999999999999988 2.7183121939269639
0.021000000000000005 0.0024999999999999988 1.1869590489605468
0.021500000000000005 0.0024999999999999988 0.49796690472779664
0.021999999999999999 0.0024999999999999988 0.20072133219202087
0.022499999999999999 0.0024999999999999988 0.077734688416695355
0.023000000000000007 0.0024999999999999988 0.028924406506122161
0.023500000000000007 0.0024999999999999988 0.010340518153644394
0.024 0.0024999999999999988 0.0035517990597365174
0.024500000000000001 0.0024999999999999988 0.0011721486991961916
0.025000000000000001 0.0024999999999999988 0.00037165952115813676
-0.025000000000000001 0.0030000000000000027 0.017136201306232834
-0.024500000000000001 0.0030000000000000027 0.047704569130654531
-0.024 0.0030000000000000027 0.12765987904530562
-0.0235 0.0030000000000000027 0.32841730712107303
-0.023 0.0030000000000000027 0.81228079860197411
-0.022500000000000003 0.0030000000000000027 1.9316561463794553
-0.022000000000000002 0.0030000000000000027 4.4170845436820185
-0.021500000000000002 0.0030000000000000027 9.7132990260683787
-0.021000000000000001 0.0030000000000000027 20.543301614894965
-0.020500000000000001 0.0030000000000000027 41.792471935281704
-0.02 0.0030000000000000027 81.791261279719237
-0.0195 0.0030000000000000027 154.01335817539768
-0.019 0.0030000000000000027 279.07380063810376
-0.018500000000000003 0.0030000000000000027 486.69887442337756
-0.018000000000000002 0.0030000000000000027 817.06809443738871
-0.017500000000000002 0.0030000000000000027 1320.6662392134435
-0.017000000000000001 0.0030000000000000027 2055.6480397539208
-0.016500000000000001 0.0030000000000000027 3081.8545368032615
-0.016 0.0030000000000000027 4451.1471611533871
-0.0155 0.0030000000000000027 6194.6628448128477
-0.015000000000000001 0.0030000000000000027 8308.7966016965602
-0.014500000000000001 0.0030000000000000027 10742.862545388427
-0.014 0.0030000000000000027 13392.029658992997
-0.0135 0.0030000000000000027 16098.863570344234
-0.012999999999999999 0.0030000000000000027 18665.432576122439
-0.012500000000000001 0.0030000000000000027 20875.617243056502
-0.012 0.0030000000000000027 22524.547096883351
-0.0115 0.0030000000000000027 23449.779232813522
-0.010999999999999999 0.0030000000000000027 23557.727896830642
-0.010499999999999999 0.0030000000000000027 22839.438322315647
-0.010000000000000002 0.0030000000000000027 21372.03750908489
-0.0095000000000000015 0.0030000000000000027 19305.503870486245
-0.0090000000000000011 0.0030000000000000027 16837.821760943738
-0.0085000000000000006 0.0030000000000000027 14184.127359812239
-0.0080000000000000002 0.0030000000000000027 11546.41183162211
-0.0074999999999999997 0.0030000000000000027 9089.5573979351993
-0.0069999999999999993 0.0030000000000000027 6927.3274642069464
-0.0064999999999999988 0.0030000000000000027 5119.1770769109689
-0.0059999999999999984 0.0030000000000000027 3676.2420318524782
-0.0054999999999999979 0.0030000000000000027 2573.2450115322677
-0.005000000000000001 0.0030000000000000027 1762.5847517331158
-0.0044999999999999971 0.0030000000000000027 1187.4154078351123
-0.0040000000000000001 0.0030000000000000027 791.67766123929255
-0.0035000000000000031 0.0030000000000000027 526.33519246613059
-0.0029999999999999992 0.0030000000000000027 352.11933248812954
-0.0025000000000000022 0.0030000000000000027 239.69703181470524
-0.0019999999999999983 0.0030000000000000027 168.34734822088657
-0.0015000000000000013 0.0030000000000000027 124.08103529212946
-0.00099999999999999742 0.0030000000000000027 97.832795722725166
-0.00050000000000000044 0.0030000000000000027 84.040614476638012
0 0.0030000000000000027 79.689848710109317
0.00050000000000000044 0.0030000000000000027 83.771732579144796
0.0010000000000000009 0.0030000000000000027 97.074495519377081
0.0015000000000000013 0.0030000000000000027 122.25545858503769
0.0020000000000000018 0.0030000000000000027 164.19119497417461
0.0024999999999999988 0.0030000000000000027 230.62692267791806
0.0030000000000000027 0.0030000000000000027 333.10786976914096
0.0034999999999999996 0.0030000000000000027 488.05048352650539
0.0040000000000000036 0.0030000000000000027 717.60460783611154
0.0045000000000000005 0.0030000000000000027 1049.7189066398407
0.0049999999999999975 0.0030000000000000027 1516.6535022517226
0.0055000000000000014 0.0030000000000000027 2151.2252981444458
0.0059999999999999984 0.0030000000000000027 2980.4491533358678
0.0064999999999999988 0.0030000000000000027 4016.9896790156408
0.0069999999999999993 0.0030000000000000027 5249.8406175022255
0.0074999999999999997 0.0030000000000000027 6636.5942330158368
0.0080000000000000002 0.0030000000000000027 8100.1271433264883
0.0085000000000000006 0.0030000000000000027 9532.1296199018943
0.0090000000000000011 0.0030000000000000027 10804.505928952802
0.0095000000000000015 0.0030000000000000027 11787.529403957886
0.010000000000000002 0.0030000000000000027 12371.387942250713
0.010500000000000002 0.0030000000000000027 12486.226952890645
0.011000000000000003 0.0030000000000000027 12115.659782651976
0.011500000000000003 0.0030000000000000027 11300.173141117271
0.012000000000000004 0.0030000000000000027 10129.502681337597
0.012499999999999997 0.0030000000000000027 8726.0111513602678
0.013000000000000005 0.0030000000000000027 7223.3644619437609
0.013499999999999998 0.0030000000000000027 5745.6522009192367
0.014000000000000005 0.0030000000000000027 4391.3800921588099
0.014499999999999999 0.0030000000000000027 3224.88807886008
0.014999999999999999 0.0030000000000000027 2275.4807697056253
0.0155 0.0030000000000000027 1542.6651049024711
0.016000000000000007 0.0030000000000000027 1004.8624728576023
0.016500000000000001 0.0030000000000000027 628.89137188313578
0.017000000000000001 0.0030000000000000027 378.16119304564427
0.017500000000000002 0.0030000000000000027 218.47884130218333
0.017999999999999995 0.0030000000000000027 121.27521585217679
0.018500000000000003 0.0030000000000000027 64.679160751736504
0.019000000000000003 0.0030000000000000027 33.142550028582448
0.019500000000000003 0.0030000000000000027 16.316852671740293
0.019999999999999997 0.0030000000000000027 7.7181920678023639
0.020499999999999997 0.0030000000000000027 3.5077072632064956
0.021000000000000005 0.0030000000000000027 1.5316501196298455
0.021500000000000005 0.0030000000000000027 0.64257554064111888
0.021999999999999999 0.0030000000000000027 0.2590103710747052
0.022499999999999999 0.0030000000000000027 0.10030865897935295
0.023000000000000007 0.0030000000000000027 0.037323982386364113
0.023500000000000007 0.0030000000000000027 0.013343378038634644
0.024 0.0030000000000000027 0.0045832321499287305
0.024500000000000001 0.0030000000000000027 0.0015125375414050456
0.025000000000000001 0.0030000000000000027 0.00047958843883446912
-0.025000000000000001 0.0034999999999999996 0.013439553373560263
-0.024500000000000001 0.0034999999999999996 0.037497523762274984
-0.024 0.0034999999999999996 0.10059843294684176
-0.0235 0.0034999999999999996 0.25953289881453845
-0.023 0.0034999999999999996 0.64395008825192634
-0.022500000000000003 0.0034999999999999996 1.5368134358833134
-0.022000000000000002 0.0034999999999999996 3.528211063841562
-0.021500000000000002 0.0034999999999999996 7.793142792843005
-0.021000000000000001 0.0034999999999999996 16.563820524633982
-0.020500000000000001 0.0034999999999999996 33.881936528371597
-0.02 0.0034999999999999996 66.713000177434893
-0.0195 0.0034999999999999996 126.46382530190728
-0.019 0.0034999999999999996 230.84401389362307
-0.018500000000000003 0.0034999999999999996 405.83856731195982
-0.018000000000000002 0.0034999999999999996 687.31917250606364
-0.017500000000000002 0.0034999999999999996 1121.5613193168695
-0.017000000000000001 0.0034999999999999996 1763.7439141608295
-0.016500000000000001 0.0034999999999999996 2673.5140134056928
-0.016 0.0034999999999999996 3907.0286570932003
-0.0155 0.0034999999999999996 5505.6070916111466
-0.015000000000000001 0.0034999999999999996 7482.1849833676715
-0.014500000000000001 0.0034999999999999996 9807.9380139464083
-0.014 0.0034999999999999996 12402.367311727621
-0.0135 0.0034999999999999996 15130.388011439547
-0.012999999999999999 0.0034999999999999996 17809.206296691675
-0.012500000000000001 0.0034999999999999996 20225.94603449601
-0.012 0.0034999999999999996 22164.403574940181
-0.0115 0.0034999999999999996 23436.633162239999
-0.010999999999999999 0.0034999999999999996 23913.142064659565
-0.010499999999999999 0.0034999999999999996 23545.044183238071
-0.010000000000000002 0.0034999999999999996 22372.917243776315
-0.0095000000000000015 0.0034999999999999996 20520.075446918956
-0.0090000000000000011 0.0034999999999999996 18171.691789268054
-0.0085000000000000006 0.0034999999999999996 15544.567891026938
-0.0080000000000000002 0.0034999999999999996 12854.336622207398
-0.0074999999999999997 0.0034999999999999996 10286.945346214261
-0.0069999999999999993 0.0034999999999999996 7979.5137137111387
-0.0064999999999999988 0.0034999999999999996 6012.7821403735034
-0.0059999999999999984 0.0034999999999999996 4414.3473484879178
-0.0054999999999999979 0.0034999999999999996 3169.6130797516466
-0.005000000000000001 0.0034999999999999996 2236.3745320389767
-0.0044999999999999971 0.0034999999999999996 1559.2181584314355
-0.0040000000000000001 0.0034999999999999996 1081.0701396972895
-0.0035000000000000031 0.0034999999999999996 750.70604390074834
-0.0029999999999999992 0.0034999999999999996 526.3351026423328
-0.0025000000000000022 0.0034999999999999996 376.19544564812384
-0.0019999999999999983 0.0034999999999999996 277.38213089673661
-0.0015000000000000013 0.0034999999999999996 213.99846506861525
-0.00099999999999999742 0.0034999999999999996 175.37185431868841
-0.00050000000000000044 0.0034999999999999996 154.69431327214124
0 0.0034999999999999996 148.15622904362115
0.00050000000000000044 0.0034999999999999996 154.4869914586852
0.0010000000000000009 0.0034999999999999996 174.78716574438167
0.0015000000000000013 0.0034999999999999996 212.59085125360588
0.0020000000000000018 0.0034999999999999996 274.177522345017
0.0024999999999999988 0.0034999999999999996 369.20192361479224
0.0030000000000000027 0.0034999999999999996 511.6762841644117
0.0034999999999999996 0.0034999999999999996 721.18655836082166
0.0040000000000000036 0.0034999999999999996 1023.9559944054553
0.0045000000000000005 0.0034999999999999996 1453.0470528252199
0.0049999999999999975 0.0034999999999999996 2046.7488521276937
0.0055000000000000014 0.0034999999999999996 2844.2141105036021
0.0059999999999999984 0.0034999999999999996 3877.8551461168568
0.0064999999999999988 0.0034999999999999996 5162.9387993736036
0.0069999999999999993 0.0034999999999999996 6686.0848203948381
0.0074999999999999997 0.0034999999999999996 8395.5842079854483
0.0080000000000000002 0.0034999999999999996 10197.073348166507
0.0085000000000000006 0.0034999999999999996 11957.637656514455
0.0090000000000000011 0.0034999999999999996 13519.694049357673
0.0095000000000000015 0.0034999999999999996 14723.329312471538
0.010000000000000002 0.0034999999999999996 15432.952122006631
0.010500000000000002 0.0034999999999999996 15562.184138683397
0.011000000000000003 0.0034999999999999996 15090.717300349666
0.011500000000000003 0.0034999999999999996 14068.660118348915
0.012000000000000004 0.0034999999999999996 12607.184922227971
0.012499999999999997 0.0034999999999999996 10857.972990604951
0.013000000000000005 0.0034999999999999996 8986.7815323817613
0.013499999999999998 0.0034999999999999996 7147.5279668848789
0.014000000000000005 0.0034999999999999996 5462.4021899579211
0.014499999999999999 0.0034999999999999996 4011.1918794989951
0.014999999999999999 0.0034999999999999996 2830.1872434572915
0.0155 0.0034999999999999996 1918.6768570986369
0.016000000000000007 0.0034999999999999996 1249.7653830521788
0.016500000000000001 0.0034999999999999996 782.15287517629179
0.017000000000000001 0.0034999999999999996 470.31502084178663
0.017500000000000002 0.0034999999999999996 271.71797830468444
0.017999999999999995 0.0034999999999999996 150.82697008210724
0.018500000000000003 0.0034999999999999996 80.439597845073351
0.019000000000000003 0.0034999999999999996 41.218333112497092
0.019500000000000003 0.0034999999999999996 20.292716373702493
0.019999999999999997 0.0034999999999999996 9.5988426962489619
0.020499999999999997 0.0034999999999999996 4.3624080158515808
0.021000000000000005 0.0034999999999999996 1.9048564904650491
0.021500000000000005 0.0034999999999999996 0.79914706501865529
0.021999999999999999 0.0034999999999999996 0.32212137916383637
0.022499999999999999 0.0034999999999999996 0.12475005156608766
0.023000000000000007 0.0034999999999999996 0.046418406179597013
0.023500000000000007 0.0034999999999999996 0.016594646150163823
0.024 0.0034999999999999996 0.00569998918277583
0.024500000000000001 0.0034999999999999996 0.0018810845538957362
0.025000000000000001 0.0034999999999999996 0.00059644560803665968
-0.025000000000000001 0.0040000000000000036 0.010227952330085303
-0.024500000000000001 0.0040000000000000036 0.028635699794567419
-0.024 0.0040000000000000036 0.077121548994679254
-0.0235 0.0040000000000000036 0.19982571445482081
-0.023 0.0040000000000000036 0.49819397783760322
-0.022500000000000003 0.0040000000000000036 1.195324242897041
-0.022000000000000002 0.0040000000000000036 2.7604925361802484
-0.021500000000000002 0.0040000000000000036 6.1373220009277469
-0.021000000000000001 0.0040000000000000036 13.13846334636966
-0.020500000000000001 0.0040000000000000036 27.0874854801549
-0.02 0.0040000000000000036 53.794608091490744
-0.0195 0.0040000000000000036 102.930351061254
-0.019 0.0040000000000000036 189.78915203167955
-0.018500000000000003 0.0040000000000000036 337.29462267014378
-0.018000000000000002 0.0040000000000000036 577.88443583480284
-0.017500000000000002 0.0040000000000000036 954.65030431983951
-0.017000000000000001 0.0040000000000000036 1520.8642438916547
-0.016500000000000001 0.0040000000000000036 2336.9079090562445
-0.016 0.0040000000000000036 3463.7736308872127
-0.0155 0.0040000000000000036 4952.8387072700043
-0.015000000000000001 0.0040000000000000036 6832.5552679760403
-0.014500000000000001 0.0040000000000000036 9093.9206474962848
-0.014 0.0040000000000000036 11677.790523760574
-0.0135 0.0040000000000000036 14467.823688166021
-0.012999999999999999 0.0040000000000000036 17292.648388926114
-0.012500000000000001 0.0040000000000000036 19939.442812035875
-0.012 0.0040000000000000036 22178.620826806469
-0.0115 0.0040000000000000036 23796.255771497603
-0.010999999999999999 0.0040000000000000036 24628.167406894416
-0.010499999999999999 0.0040000000000000036 24588.227093432812
-0.010000000000000002 0.0040000000000000036 23684.083744386124
-0.0095000000000000015 0.0040000000000000036 22016.220907668772
-0.0090000000000000011 0.0040000000000000036 19760.322207511785
-0.0085000000000000006 0.0040000000000000036 17137.104913256986
-0.0080000000000000002 0.0040000000000000036 14376.745816228542
-0.0074999999999999997 0.0040000000000000036 11685.859066976289
-0.0069999999999999993 0.0040000000000000036 9223.5485530417754
-0.0064999999999999988 0.0040000000000000036 7089.9922472538165
-0.0059999999999999984 0.0040000000000000036 5327.4545459392093
-0.0054999999999999979 0.0040000000000000036 3930.7147544080181
-0.005000000000000001 0.0040000000000000036 2862.3938001013757
-0.0044999999999999971 0.0040000000000000036 2068.7045008837858
-0.0040000000000000001 0.0040000000000000036 1492.3581859260471
-0.0035000000000000031 0.0040000000000000036 1081.0701200517628
-0.0029999999999999992 0.0040000000000000036 791.67756921730779
-0.0025000000000000022 0.0040000000000000036 590.91051116694018
-0.0019999999999999983 0.0040000000000000036 454.22840331058018
-0.0015000000000000013 0.0040000000000000036 363.98706542391204
-0.00099999999999999742 0.0040000000000000036 307.77037247152822
-0.00050000000000000044 0.0040000000000000036 277.24859454969175
0 0.0040000000000000036 267.56764095775645
0.00050000000000000044 0.0040000000000000036 277.0950067727386
0.0010000000000000009 0.0040000000000000036 307.33722452225754
0.0015000000000000013 0.0040000000000000036 362.9442794620698
0.0020000000000000018 0.0040000000000000036 451.85437090531423
0.0024999999999999988 0.0040000000000000036 585.72958261790848
0.0030000000000000027 0.0040000000000000036 780.81804939519884
0.0034999999999999996 0.0040000000000000036 1059.2015472986341
0.0040000000000000036 0.0040000000000000036 1450.0469864351953
0.0045000000000000005 0.0040000000000000036 1990.0510113407818
0.0049999999999999975 0.0040000000000000036 2721.9156413139362
0.0055000000000000014 0.0040000000000000036 3689.6532689980213
0.0059999999999999984 0.0040000000000000036 4930.0113471690656
0.0064999999999999988 0.0040000000000000036 6460.412815516067
0.0069999999999999993 0.0040000000000000036 8265.352861716874
0.0074999999999999997 0.0040000000000000036 10284.704273887077
0.0080000000000000002 0.0040000000000000036 12408.196765670698
0.0085000000000000006 0.0040000000000000036 14479.841639215996
0.0090000000000000011 0.0040000000000000036 16314.037519216014
0.0095000000000000015 0.0040000000000000036 17721.885750603822
0.010000000000000002 0.0040000000000000036 18542.831131283536
0.010500000000000002 0.0040000000000000036 18674.378919274652
0.011000000000000003 0.0040000000000000036 18092.354390900047
0.011500000000000003 0.0040000000000000036 16856.290649727925
0.012000000000000004 0.0040000000000000036 15098.459109838092
0.012499999999999997 0.0040000000000000036 12999.477690266223
0.013000000000000005 0.0040000000000000036 10756.835372931728
0.013499999999999998 0.0040000000000000036 8553.9755140078723
0.014000000000000005 0.0040000000000000036 6536.5379106579703
0.014499999999999999 0.0040000000000000036 4799.5854904313392
0.014999999999999999 0.0040000000000000036 3386.2705796802684
0.0155 0.0040000000000000036 2295.5754332289966
0.016000000000000007 0.0040000000000000036 1495.2245803292683
0.016500000000000001 0.0040000000000000036 935.75311596659481
0.017000000000000001 0.0040000000000000036 562.66855256472013
0.017500000000000002 0.0040000000000000036 325.07087257298775
0.017999999999999995 0.0040000000000000036 180.44123702547313
0.018500000000000003 0.0040000000000000036 96.233137098020919
0.019000000000000003 0.0040000000000000036 49.310992599846522
0.019500000000000003 0.0040000000000000036 24.276859057256619
0.019999999999999997 0.0040000000000000036 11.483399570543279
0.020499999999999997 0.0040000000000000036 5.2188808921466672
0.021000000000000005 0.0040000000000000036 2.2788356935393463
0.021500000000000005 0.0040000000000000036 0.95604253038537568
0.021999999999999999 0.0040000000000000036 0.38536288063129243
0.022499999999999999 0.0040000000000000036 0.14924195903735007
0.023000000000000007 0.0040000000000000036 0.055531620323826331
0.023500000000000007 0.0040000000000000036 0.019852630380473222
0.024 0.0040000000000000036 0.0068190527399199204
0.024500000000000001 0.0040000000000000036 0.0022503926731973515
0.025000000000000001 0.0040000000000000036 0.00071354408720657929
-0.025000000000000001 0.0045000000000000005 0.0075926107445049087
-0.024500000000000001 0.0045000000000000005 0.021368109269785465
-0.024 0.0045000000000000005 0.057880775614460929
-0.0235 0.0045000000000000005 0.15092896420444435
-0.023 0.0045000000000000005 0.37893233765037826
-0.022500000000000003 0.0045000000000000005 0.91619068499242473
-0.022000000000000002 0.0045000000000000005 2.1336939116250604
-0.021500000000000002 0.0045000000000000005 4.7872803760479803
-0.021000000000000001 0.0045000000000000005 10.350105869018142
-0.020500000000000001 0.0045000000000000005 21.566878334532081
-0.02 0.0045000000000000005 43.321224956893971
-0.0195 0.0045000000000000005 83.900517471505395
-0.019 0.0045000000000000005 156.69379558947645
-0.018500000000000003 0.0045000000000000005 282.24507430878748
-0.018000000000000002 0.0045000000000000005 490.39061876358744
-0.017500000000000002 0.0045000000000000005 821.9418472610206
-0.017000000000000001 0.0045000000000000005 1329.0830761491825
-0.016500000000000001 0.0045000000000000005 2073.4353457915809
-0.016 0.0045000000000000005 3120.7398637246338
-0.0155 0.0045000000000000005 4531.4925861201782
-0.015000000000000001 0.0045000000000000005 6347.7117343707396
-0.014500000000000001 0.0045000000000000005 8577.2948451472766
-0.014 0.0045000000000000005 11178.862804123213
-0.0135 0.0045000000000000005 14051.127920985406
-0.012999999999999999 0.0045000000000000005 17031.094148703498
-0.012500000000000001 0.0045000000000000005 19904.345973035375
-0.012 0.0045000000000000005 22428.220669143859
-0.0115 0.0045000000000000005 24365.240755659954
-0.010999999999999999 0.0045000000000000005 25520.78103151426
-0.010499999999999999 0.0045000000000000005 25776.767054279291
-0.010000000000000002 0.0045000000000000005 25113.232301554046
-0.0095000000000000015 0.0045000000000000005 23612.095616176521
-0.0090000000000000011 0.0045000000000000005 21441.941830109234
-0.0085000000000000006 0.0045000000000000005 18827.522321069911
-0.0080000000000000002 0.0045000000000000005 16011.513617526789
-0.0074999999999999997 0.0045000000000000005 13217.548409846875
-0.0069999999999999993 0.0045000000000000005 10622.30812983465
-0.0064999999999999988 0.0045000000000000005 8341.1616210043194
-0.0059999999999999984 0.0045000000000000005 6427.7383621214776
-0.0054999999999999979 0.0045000000000000005 4884.3328058059797
-0.005000000000000001 0.0045000000000000005 3678.1170567723962
-0.0044999999999999971 0.0045000000000000005 2758.0499019392701
-0.0040000000000000001 0.0045000000000000005 2068.7044969174231
-0.0035000000000000031 0.0045000000000000005 1559.2181390943044
-0.0029999999999999992 0.0045000000000000005 1187.4153353927904
-0.0025000000000000022 0.0045000000000000005 920.35903527218579
-0.0019999999999999983 0.0045000000000000005 732.99896502267688
-0.0015000000000000013 0.0045000000000000005 606.36361317975548
-0.00099999999999999742 0.0045000000000000005 526.18364535591365
-0.00050000000000000044 0.0045000000000000005 482.23637003190544
0 0.0045000000000000005 468.26436023236255
0.00050000000000000044 0.0045000000000000005 482.12705081033101
0.0010000000000000009 0.0045000000000000005 525.87534350025737
0.0015000000000000013 0.0045000000000000005 605.62138907912288
0.0020000000000000018 0.0045000000000000005 731.30919921133238
0.0024999999999999988 0.0045000000000000005 916.67140408663056
0.0030000000000000027 0.0045000000000000005 1179.6858514639614
0.0034999999999999996 0.0045000000000000005 1543.6527380074506
0.0040000000000000036 0.0045000000000000005 2038.5886407993469
0.0045000000000000005 0.0045000000000000005 2702.0666823008432
0.0049999999999999975 0.0045000000000000005 3578.1288723511607
0.0055000000000000014 0.0045000000000000005 4712.7523945300763
0.0059999999999999984 0.0045000000000000005 6144.8500882530498
0.0064999999999999988 0.0045000000000000005 7893.0456656716406
0.0069999999999999993 0.0045000000000000005 9940.2928733505814
0.0074999999999999997 0.0045000000000000005 12220.248010529389
0.0080000000000000002 0.0045000000000000005 14610.3588244372
0.0085000000000000006 0.0045000000000000005 16936.161182840526
0.0090000000000000011 0.0045000000000000005 18988.978665189112
0.0095000000000000015 0.0045000000000000005 20555.51529538157
0.010000000000000002 0.0045000000000000005 21453.841269721903
0.010500000000000002 0.0045000000000000005 21567.465430589662
0.011000000000000003 0.0045000000000000005 20868.783291603868
0.011500000000000003 0.0045000000000000005 19425.579540976683
0.012000000000000004 0.0045000000000000005 17388.771678645793
0.012499999999999997 0.0045000000000000005 14964.684758352134
0.013000000000000005 0.0045000000000000005 12379.096408793084
0.013499999999999998 0.0045000000000000005 9841.8262972957818
0.014000000000000005 0.0045000000000000005 7519.4717722910464
0.014499999999999999 0.0045000000000000005 5520.7145243523328
0.014999999999999999 0.0045000000000000005 3894.7485694506149
0.0155 0.0045000000000000005 2640.1314478907775
0.016000000000000007 0.0045000000000000005 1719.5850706349684
0.016500000000000001 0.0045000000000000005 1076.1349464737809
0.017000000000000001 0.0045000000000000005 647.06781966366714
0.017500000000000002 0.0045000000000000005 373.82589192186231
0.017999999999999995 0.0045000000000000005 207.50234486726688
0.018500000000000003 0.0045000000000000005 110.6646629174831
0.019000000000000003 0.0045000000000000005 56.705610709582935
0.019500000000000003 0.0045000000000000005 27.917296081413685
0.019999999999999997 0.0045000000000000005 13.205362411463048
0.020499999999999997 0.0045000000000000005 6.0014545885575448
0.021000000000000005 0.0045000000000000005 2.6205451894813292
0.021500000000000005 0.0045000000000000005 1.0993994149767494
0.021999999999999999 0.0045000000000000005 0.44314711009193131
0.022499999999999999 0.0045000000000000005 0.17162036017336221
0.023000000000000007 0.0045000000000000005 0.063858408567939035
0.023500000000000007 0.0045000000000000005 0.022829464064263283
0.024 0.0045000000000000005 0.0078415451641937091
0.024500000000000001 0.0045000000000000005 0.0025878307038172351
0.025000000000000001 0.0045000000000000005 0.00082053731857585849
-0.025000000000000001 0.0049999999999999975 0.0055378948986029601
-0.024500000000000001 0.0049999999999999975 0.015702791811090154
-0.024 0.0049999999999999975 0.04288520457504557
-0.0235 0.0049999999999999975 0.11283002769840746
-0.023 0.0049999999999999975 0.28603372184374065
-0.022500000000000003 0.0049999999999999975 0.69883229846136752
-0.022000000000000002 0.0049999999999999975 1.6458005055281613
-0.021500000000000002 0.0049999999999999975 3.7368944397350439
-0.021000000000000001 0.0049999999999999975 8.1817937353294621
-0.020500000000000001 0.0049999999999999975 17.2765383511138
-0.02 0.0049999999999999975 35.187780140029545
-0.0195 0.0049999999999999975 69.135124283463838
-0.019 0.0049999999999999975 131.04160372611915
-0.018500000000000003 0.0049999999999999975 239.62998791836134
-0.018000000000000002 0.0049999999999999975 422.76422135113887
-0.017500000000000002 0.0049999999999999975 719.56435976338844
-0.017000000000000001 0.0049999999999999975 1181.4924880620717
-0.016500000000000001 0.0049999999999999975 1871.3074087560919
-0.016 0.0049999999999999975 2858.6709618293962
-0.0155 0.0049999999999999975 4211.4463588023646
-0.015000000000000001 0.0049999999999999975 5982.5105044623051
-0.014500000000000001 0.0049999999999999975 8193.2212821499361
-0.014 0.0049999999999999975 10816.315825193178
-0.0135 0.0049999999999999975 13762.480612588744
-0.012999999999999999 0.0049999999999999975 16875.471124702548
-0.012500000000000001 0.0049999999999999975 19939.870262348806
-0.012 0.0049999999999999975 22703.131060302807
-0.0115 0.0049999999999999975 24909.835453806332
-0.010999999999999999 0.0049999999999999975 26342.145026769194
-0.010499999999999999 0.0049999999999999975 26857.613222535929
-0.010000000000000002 0.0049999999999999975 26415.0967144727
-0.0095000000000000015 0.0049999999999999975 25081.939472247333
-0.0090000000000000011 0.0049999999999999975 23020.345299632103
-0.0085000000000000006 0.0049999999999999975 20456.409315001376
-0.0080000000000000002 0.0049999999999999975 17639.774837631507
-0.0074999999999999997 0.0049999999999999975 14803.824297564073
-0.0069999999999999993 0.0049999999999999975 12135.182292807736
-0.0064999999999999988 0.0049999999999999975 9757.7304980470617
-0.0059999999999999984 0.0049999999999999975 7731.7487737244646
-0.0054999999999999979 0.0049999999999999975 6064.821617865824
-0.005000000000000001 0.0049999999999999975 4728.9394993306487
-0.0044999999999999971 0.0049999999999999975 3678.1170560331552
-0.0040000000000000001 0.0049999999999999975 2862.3937963503458
-0.0035000000000000031 0.0049999999999999975 2236.3745174131227
-0.0029999999999999992 0.0049999999999999975 1762.5847003743938
-0.0025000000000000022 0.0049999999999999975 1411.2534560491388
-0.0019999999999999983 0.0049999999999999975 1158.523585960108
-0.0015000000000000013 0.0049999999999999975 984.71823105016176
-0.00099999999999999742 0.0049999999999999975 873.54001736775672
-0.00050000000000000044 0.0049999999999999975 812.31127097093258
0 0.0049999999999999975 792.83230929830404
0.00050000000000000044 0.0049999999999999975 812.23651177401246
0.0010000000000000009 0.0049999999999999975 873.32918162628516
0.0015000000000000013 0.0049999999999999975 984.21065263075116
0.0020000000000000018 0.0049999999999999975 1157.3680203311233
0.0024999999999999988 0.0049999999999999975 1408.7316273899287
0.0030000000000000027 0.0049999999999999975 1757.2988046023418
0.0034999999999999996 0.0049999999999999975 2225.7299402909093
0.0040000000000000036 0.0049999999999999975 2841.7987245458044
0.0045000000000000005 0.0049999999999999975 3639.8322925589787
0.0049999999999999975 0.0049999999999999975 4660.5614386277575
0.0055000000000000014 0.0049999999999999975 5947.4843960174549
0.0059999999999999984 0.0049999999999999975 7538.2924001071515
0.0064999999999999988 0.0049999999999999975 9451.2812893427181
0.0069999999999999993 0.0049999999999999975 11668.778378404217
0.0074999999999999997 0.0049999999999999975 14121.809041078772
0.0080000000000000002 0.0049999999999999975 16681.579146304619
0.0085000000000000006 0.0049999999999999975 19162.98042168234
0.0090000000000000011 0.0049999999999999975 21342.858452923825
0.0095000000000000015 0.0049999999999999975 22991.662146697741
0.010000000000000002 0.0049999999999999975 23912.580406584904
0.010500000000000002 0.0049999999999999975 23979.034282359673
0.011000000000000003 0.0049999999999999975 23160.823296701368
0.011500000000000003 0.0049999999999999975 21531.791774501398
0.012000000000000004 0.0049999999999999975 19256.846372006999
0.012499999999999997 0.0049999999999999975 16561.826583043905
0.013000000000000005 0.0049999999999999975 13694.149394634698
0.013499999999999998 0.0049999999999999975 10883.901672412496
0.014000000000000005 0.0049999999999999975 8313.7995173053587
0.014499999999999999 0.0049999999999999975 6102.9439566003502
0.014999999999999999 0.0049999999999999975 4305.0236577540263
0.0155 0.0049999999999999975 2918.0174654833172
0.016000000000000007 0.0049999999999999975 1900.4752705024439
0.016500000000000001 0.0049999999999999975 1189.2921522705742
0.017000000000000001 0.0049999999999999975 715.08857365755955
0.017500000000000002 0.0049999999999999975 413.11515105461001
0.017999999999999995 0.0049999999999999975 229.30784771475052
0.018500000000000003 0.0049999999999999975 122.29276599106772
0.019000000000000003 0.0049999999999999975 62.663542709569441
0.019500000000000003 0.0049999999999999975 30.850359611388246
0.019999999999999997 0.0049999999999999975 14.592703940065517
0.020499999999999997 0.0049999999999999975 6.6319457332041694
0.021000000000000005 0.0049999999999999975 2.8958454764289803
0.021500000000000005 0.0049999999999999975 1.2148949686894446
0.021999999999999999 0.0049999999999999975 0.48970078749227341
0.022499999999999999 0.0049999999999999975 0.18964938687290214
0.023000000000000007 0.0049999999999999975 0.070566820695348448
0.023500000000000007 0.0049999999999999975 0.025227723013144517
0.024 0.0049999999999999975 0.0086653059234238529
0.024500000000000001 0.0049999999999999975 0.0028596840455665062
0.025000000000000001 0.0049999999999999975 0.00090673522225756954
-0.025000000000000001 0.0055000000000000014 0.0040056534148169426
-0.024500000000000001 0.0055000000000000014 0.011474914669059989
-0.024 0.0055000000000000014 0.03168483571095685
-0.0235 0.0055000000000000014 0.084345439905614231
-0.023 0.0055000000000000014 0.21649924100333601
-0.022500000000000003 0.0055000000000000014 0.53592563316287689
-0.022000000000000002 0.0055000000000000014 1.2795735228169314
-0.021500000000000002 0.0055000000000000014 2.9470426962467586
-0.021000000000000001 0.0055000000000000014 6.5479184795232284
-0.020500000000000001 0.0055000000000000014 14.035798890830433
-0.02 0.0055000000000000014 29.026520430217861
-0.0195 0.0055000000000000014 57.912070860620155
-0.019 0.0055000000000000014 111.46474085044753
-0.018500000000000003 0.0055000000000000014 206.94969397696343
-0.018000000000000002 0.0055000000000000014 370.59821411410206
-0.017500000000000002 0.0055000000000000014 640.02217772009465
-0.017000000000000001 0.0055000000000000014 1065.7941829548042
-0.016500000000000001 0.0055000000000000014 1711.0613517571717
-0.016 0.0055000000000000014 2647.8622401462599
-0.0155 0.0055000000000000014 3948.9852308613927
-0.015000000000000001 0.0055000000000000014 5674.9334706417676
-0.014500000000000001 0.0055000000000000014 7856.9029647563393
-0.014 0.0055000000000000014 10478.443236823463
-0.0135 0.0055000000000000014 13460.156513818425
-0.012999999999999999 0.0055000000000000014 16652.682464725771
-0.012500000000000001 0.0055000000000000014 19842.614016072399
-0.012 0.0055000000000000014 22773.566497142743
-0.0115 0.0055000000000000014 25180.713609104121
-0.010999999999999999 0.0055000000000000014 26832.777140037171
-0.010499999999999999 0.0055000000000000014 27572.232205022636
-0.010000000000000002 0.0055000000000000014 27343.760676950544
-0.0095000000000000015 0.0055000000000000014 26203.379999420507
-0.0090000000000000011 0.0055000000000000014 24305.662687020827
-0.0085000000000000006 0.0055000000000000014 21872.453663587188
-0.0080000000000000002 0.0055000000000000014 19151.432305978426
-0.0074999999999999997 0.0055000000000000014 16375.069168671422
-0.0069999999999999993 0.0055000000000000014 13729.369447461806
-0.0064999999999999988 0.0055000000000000014 11337.926984144222
-0.0059999999999999984 0.0055000000000000014 9261.8163302797384
-0.0054999999999999979 0.0055000000000000014 7511.5297639351966
-0.005000000000000001 0.0055000000000000014 6064.821617738663
-0.0044999999999999971 0.0055000000000000014 4884.3328051343042
-0.0040000000000000001 0.0055000000000000014 3930.7147516821433
-0.0035000000000000031 0.0055000000000000014 3169.613069789094
-0.0029999999999999992 0.0055000000000000014 2573.2449773297708
-0.0025000000000000022 0.0055000000000000014 2118.7166627013653
-0.0019999999999999983 0.0055000000000000014 1785.5001312274699
-0.0015000000000000013 0.0055000000000000014 1553.8765736873418
-0.00099999999999999742 0.0055000000000000014 1405.1214780404639
-0.00050000000000000044 0.0055000000000000014 1323.2132726783159
0 0.0055000000000000014 1297.1990998344111
0.00050000000000000044 0.0055000000000000014 1323.1641523857272
0.0010000000000000009 0.0055000000000000014 1404.9829490870263
0.0015000000000000013 0.0055000000000000014 1553.5430709010607
0.0020000000000000018 0.0055000000000000014 1784.7408705058579
0.0024999999999999988 0.0055000000000000014 2117.0597032007095
0.0030000000000000027 0.0055000000000000014 2569.7718963228717
0.0034999999999999996 0.0055000000000000014 3162.6190842426645
0.0040000000000000036 0.0055000000000000014 3917.18282524911
0.0045000000000000005 0.0055000000000000014 4859.1779230462262
0.0049999999999999975 0.0055000000000000014 6019.8940304087055
0.0055000000000000014 0.0055000000000000014 7434.4337154737987
0.0059999999999999984 0.0055000000000000014 9134.706435221533
0.0064999999999999988 0.0055000000000000014 11136.575506130195
0.0069999999999999993 0.0055000000000000014 13422.920238753684
0.0074999999999999997 0.0055000000000000014 15926.95321333241
0.0080000000000000002 0.0055000000000000014 18521.852874231608
0.0085000000000000006 0.0055000000000000014 21022.610322575016
0.0090000000000000011 0.0055000000000000014 23203.475289109574
0.0095000000000000015 0.0055000000000000014 24829.969930136635
0.010000000000000002 0.0055000000000000014 25699.490295317562
0.010500000000000002 0.0055000000000000014 25680.871066793236
0.011000000000000003 0.0055000000000000014 24742.499814487579
0.011500000000000003 0.0055000000000000014 22961.180752420463
0.012000000000000004 0.0055000000000000014 20509.196102520662
0.012499999999999997 0.0055000000000000014 17623.081159388774
0.013000000000000005 0.0055000000000000014 14562.405139176151
0.013499999999999998 0.0055000000000000014 11568.795375589034
0.014000000000000005 0.0055000000000000014 8834.1728551904453
0.014499999999999999 0.0055000000000000014 6483.4928954724683
0.014999999999999999 0.0055000000000000014 4572.7460727305097
0.0155 0.0055000000000000014 3099.141889849207
0.016000000000000007 0.0055000000000000014 2018.2828083993932
0.016500000000000001 0.0055000000000000014 1262.9453964180134
0.017000000000000001 0.0055000000000000014 759.34497424602648
0.017500000000000002 0.0055000000000000014 438.67069970315174
0.017999999999999995 0.0055000000000000014 243.48831904336083
0.018500000000000003 0.0055000000000000014 129.85364546370189
0.019000000000000003 0.0055000000000000014 66.537153314403625
0.019500000000000003 0.0055000000000000014 32.757187985465052
0.019999999999999997 0.0055000000000000014 15.494591109182792
0.020499999999999997 0.0055000000000000014 7.0418031630061133
0.021000000000000005 0.0055000000000000014 3.0748029863057371
0.021500000000000005 0.0055000000000000014 1.2899709642209973
0.021999999999999999 0.0055000000000000014 0.5199618796923714
0.022499999999999999 0.0055000000000000014 0.20136862039950615
0.023000000000000007 0.0055000000000000014 0.074927398828379885
0.023500000000000007 0.0055000000000000014 0.026786624203692638
0.024 0.0055000000000000014 0.0092007601275153252
0.024500000000000001 0.0055000000000000014 0.0030363915551806452
0.025000000000000001 0.0055000000000000014 0.00096276467741848693
-0.025000000000000001 0.0059999999999999984 0.0029031244530867751
-0.024500000000000001 0.0059999999999999984 0.0084247848667464691
-0.024 0.0059999999999999984 0.02358031572014414
-0.0235 0.0059999999999999984 0.063663288502808654
-0.023 0.0059999999999999984 0.16581194476033423
-0.022500000000000003 0.0059999999999999984 0.4166341797696787
-0.022000000000000002 0.0059999999999999984 1.0099897807062108
-0.021500000000000002 0.0059999999999999984 2.3620985782500874
-0.021000000000000001 0.0059999999999999984 5.3294134887012952
-0.020500000000000001 0.0059999999999999984 11.599217077647081
-0.02 0.0059999999999999984 24.350085148583556
-0.0195 0.0059999999999999984 49.299008975886643
-0.019 0.0059999999999999984 96.244424238426674
-0.018500000000000003 0.0059999999999999984 181.15022528291689
-0.018000000000000002 0.0059999999999999984 328.66153914105843
-0.017500000000000002 0.0059999999999999984 574.67614672395757
-0.017000000000000001 0.0059999999999999984 968.22952586165161
-0.016500000000000001 0.0059999999999999984 1571.5644216986948
-0.016 0.0059999999999999984 2457.0058640163711
-0.0155 0.0059999999999999984 3699.3700344106701
-0.015000000000000001 0.0059999999999999984 5363.312514756266
-0.014500000000000001 0.0059999999999999984 7486.3528615601626
-0.014 0.0059999999999999984 10060.125617718519
-0.0135 0.0059999999999999984 13014.205774883665
-0.012999999999999999 0.0059999999999999984 16207.891374104376
-0.012500000000000001 0.0059999999999999984 19434.84705166156
-0.012 0.0059999999999999984 22443.133169511108
-0.0115 0.0059999999999999984 24969.169154404393
-0.010999999999999999 0.0059999999999999984 26779.68963049414
-0.010499999999999999 0.0059999999999999984 27712.332528367351
-0.010000000000000002 0.0059999999999999984 27704.634684667464
-0.0095000000000000015 0.0059999999999999984 26803.601662170524
-0.0090000000000000011 0.0059999999999999984 25153.145951960218
-0.0085000000000000006 0.0059999999999999984 22962.898269407087
-0.0080000000000000002 0.0059999999999999984 20467.020974302312
-0.0074999999999999997 0.0059999999999999984 17883.897143731068
-0.0069999999999999993 0.0059999999999999984 15386.262535644597
-0.0064999999999999988 0.0059999999999999984 13087.187786717905
-0.0059999999999999984 0.0059999999999999984 11042.011053241158
-0.0054999999999999979 0.0059999999999999984 9261.8163302595294
-0.005000000000000001 0.0059999999999999984 7731.7487736134481
-0.0044999999999999971 0.0059999999999999984 6427.7383616524985
-0.0040000000000000001 0.0059999999999999984 5327.4545441552464
-0.0035000000000000031 0.0059999999999999984 4414.3473421134677
-0.0029999999999999992 0.0059999999999999984 3676.2420101504308
-0.0025000000000000022 0.0059999999999999984 3101.3738076429095
-0.0019999999999999983 0.0059999999999999984 2674.8083476374209
-0.0015000000000000013 0.0059999999999999984 2377.2257050820258
-0.00099999999999999742 0.0059999999999999984 2186.6346841934783
-0.00050000000000000044 0.0059999999999999984 2082.2922558799632
0 0.0059999999999999984 2049.3088874052073
0.00050000000000000044 0.0059999999999999984 2082.2612470425893
0.0010000000000000009 0.0059999999999999984 2186.5472331307442
0.0015000000000000013 0.0059999999999999984 2377.0151702273151
0.0020000000000000018 0.0059999999999999984 2674.3290387611919
0.0024999999999999988 0.0059999999999999984 3100.3277962088746
0.0030000000000000027 0.0059999999999999984 3674.0495109112549
0.0034999999999999996 0.0059999999999999984 4409.9321534210922
0.0040000000000000036 0.0059999999999999984 5318.9120603058718
0.0045000000000000005 0.0059999999999999984 6411.8584959856444
0.0049999999999999975 0.0059999999999999984 7703.3867224999576
0.0055000000000000014 0.0059999999999999984 9213.1468557326461
0.0059999999999999984 0.0059999999999999984 10961.768655308813
0.0064999999999999988 0.0059999999999999984 12960.077891649009
0.0069999999999999993 0.0059999999999999984 15192.806162008626
0.0074999999999999997 0.0059999999999999984 17601.008869834841
0.0080000000000000002 0.0059999999999999984 20069.577775493006
0.0085000000000000006 0.0059999999999999984 22426.406066983141
0.0090000000000000011 0.0059999999999999984 24457.353073375012
0.0095000000000000015 0.0059999999999999984 25936.590346857083
0.010000000000000002 0.0059999999999999984 26666.633683951131
0.010500000000000002 0.0059999999999999984 26518.347174055769
0.011000000000000003 0.0059999999999999984 25460.13174030072
0.011500000000000003 0.0059999999999999984 23568.014361314727
0.012000000000000004 0.0059999999999999984 21013.673172016108
0.012499999999999997 0.0059999999999999984 18033.692258571926
0.013000000000000005 0.0059999999999999984 14888.333483910927
0.013499999999999998 0.0059999999999999984 11820.220420572086
0.014000000000000005 0.0059999999999999984 9022.1246170021495
0.014499999999999999 0.0059999999999999984 6619.3415462467192
0.014999999999999999 0.0059999999999999984 4667.519636171055
0.0155 0.0059999999999999984 3162.8778319867106
0.016000000000000007 0.0059999999999999984 2059.5626652070241
0.016500000000000001 0.0059999999999999984 1288.6761478023714
0.017000000000000001 0.0059999999999999984 774.7731522252609
0.017500000000000002 0.0059999999999999984 447.56625165321384
0.017999999999999995 0.0059999999999999984 248.41914120079875
0.018500000000000003 0.0059999999999999984 132.48075072328618
0.019000000000000003 0.0059999999999999984 67.882372994841219
0.019500000000000003 0.0059999999999999984 33.419142812158888
0.019999999999999997 0.0059999999999999984 15.807599476058485
0.020499999999999997 0.0059999999999999984 7.1840219579262889
0.021000000000000005 0.0059999999999999984 3.1368924788763541
0.021500000000000005 0.0059999999999999984 1.3160162943903788
0.021999999999999999 0.0059999999999999984 0.53045937346503069
0.022499999999999999 0.0059999999999999984 0.20543380912251052
0.023000000000000007 0.0059999999999999984 0.076439956130995995
0.023500000000000007 0.0059999999999999984 0.027327349495438021
0.024 0.0059999999999999984 0.0093864865199758465
0.024500000000000001 0.0059999999999999984 0.0030976832327222368
0.025000000000000001 0.0059999999999999984 0.00098219855806990224
-0.025000000000000001 0.0064999999999999988 0.002127844918625367
-0.024500000000000001 0.0064999999999999988 0.0062673797443432971
-0.024 0.0064999999999999988 0.017809570273025571
-0.0235 0.0064999999999999988 0.048824980058583309
-0.023 0.0064999999999999988 0.12913294006259179
-0.022500000000000003 0.0064999999999999988 0.32946499389768757
-0.022000000000000002 0.0064999999999999988 0.81080514613093946
-0.021500000000000002 0.0064999999999999988 1.9244405954072441
-0.021000000000000001 0.0064999999999999988 4.4046244172046736
-0.020500000000000001 0.0064999999999999988 9.719788143227019
-0.02 0.0064999999999999988 20.67612054257534
-0.0195 0.0064999999999999988 42.389869818379175
-0.019 0.0064999999999999988 83.743275276787401
-0.018500000000000003 0.0064999999999999988 159.38455671303242
-0.018000000000000002 0.0064999999999999988 292.19039079297949
-0.017500000000000002 0.0064999999999999988 515.85428290455854
-0.017000000000000001 0.0064999999999999988 876.90456991002668
-0.016500000000000001 0.0064999999999999988 1435.0630753393148
-0.016 0.0064999999999999988 2260.582954339714
-0.0155 0.0064999999999999988 3427.2718159682918
-0.015000000000000001 0.0064999999999999988 5000.5322569983764
-0.014500000000000001 0.0064999999999999988 7021.0344153823253
-0.014 0.0064999999999999988 9486.4184822834031
-0.0135 0.0064999999999999988 12335.226579470585
-0.012999999999999999 0.0064999999999999988 15438.339857081834
-0.012500000000000001 0.0064999999999999988 18602.789417511227
-0.012 0.0064999999999999988 21590.512892187297
-0.0115 0.0064999999999999988 24150.724194850751
-0.010999999999999999 0.0064999999999999988 26060.121740309791
-0.010499999999999999 0.0064999999999999988 27161.766237005289
-0.010000000000000002 0.0064999999999999988 27392.611060135721
-0.0095000000000000015 0.0064999999999999988 26792.07757635491
-0.0090000000000000011 0.0064999999999999988 25489.212445375968
-0.0085000000000000006 0.0064999999999999988 23672.164340990043
-0.0080000000000000002 0.0064999999999999988 21548.764050508908
-0.0074999999999999997 0.0064999999999999988 19309.061457784534
-0.0069999999999999993 0.0064999999999999988 17099.104537082516
-0.0064999999999999988 0.0064999999999999988 15010.800416668229
-0.0059999999999999984 0.0064999999999999988 13087.187786714945
-0.0054999999999999979 0.0064999999999999988 11337.926984127267
-0.005000000000000001 0.0064999999999999988 9757.7304979725941
-0.0044999999999999971 0.0064999999999999988 8341.1616207094248
-0.0040000000000000001 0.0064999999999999988 7089.9922461571168
-0.0035000000000000031 0.0064999999999999988 6012.782136487408
-0.0029999999999999992 0.0064999999999999988 5119.1770637223308
-0.0025000000000000022 0.0064999999999999988 4412.7815446194509
-0.0019999999999999983 0.0064999999999999988 3886.1995353888128
-0.0015000000000000013 0.0064999999999999988 3520.3903358138682
-0.00099999999999999742 0.0064999999999999988 3288.5783347926081
-0.00050000000000000044 0.0064999999999999988 3163.2792272928032
0 0.0064999999999999988 3124.0257329252372
0.00050000000000000044 0.0064999999999999988 3163.2604194822129
0.0010000000000000009 0.0064999999999999988 3288.525293041836
0.0015000000000000013 0.0064999999999999988 3520.2626399695478
0.0020000000000000018 0.0064999999999999988 3885.9088198599065
0.0024999999999999988 0.0064999999999999988 4412.1471066142967
0.0030000000000000027 0.0064999999999999988 5117.8472457123771
0.0034999999999999996 0.0064999999999999988 6010.1041891770628
0.0040000000000000036 0.0064999999999999988 7084.8109677923749
0.0045000000000000005 0.0064999999999999988 8331.529995310364
0.0049999999999999975 0.0064999999999999988 9740.5280443999218
0.0055000000000000014 0.0064999999999999988 11308.407455634619
0.0059999999999999984 0.0064999999999999988 13038.518312160122
0.0064999999999999988 0.0064999999999999988 14933.704368156092
0.0069999999999999993 0.0064999999999999988 16981.767315155481
0.0074999999999999997 0.0064999999999999988 19137.481046393295
0.0080000000000000002 0.0064999999999999988 21307.702564936808
0.0085000000000000006 0.0064999999999999988 23346.765371523172
0.0090000000000000011 0.0064999999999999988 25067.192731704337
0.0095000000000000015 0.0064999999999999988 26266.208631299534
0.010000000000000002 0.0064999999999999988 26763.031628388875
0.010500000000000002 0.0064999999999999988 26437.577512367458
0.011000000000000003 0.0064999999999999988 25259.769422641763
0.011500000000000003 0.0064999999999999988 23300.880853838549
0.012000000000000004 0.0064999999999999988 20723.50157687383
0.012499999999999997 0.0064999999999999988 17752.946076499062
0.013000000000000005 0.0064999999999999988 14637.98753941378
0.013499999999999998 0.0064999999999999988 11611.037854832764
0.014000000000000005 0.0064999999999999988 8856.8390505365223
0.014499999999999999 0.0064999999999999988 6495.1654703269487
0.014999999999999999 0.0064999999999999988 4578.5125433267376
0.0155 0.0064999999999999988 3101.8728465014042
0.016000000000000007 0.0064999999999999988 2019.5214687675764
0.016500000000000001 0.0064999999999999988 1263.4826639480095
0.017000000000000001 0.0064999999999999988 759.56734798273305
0.017500000000000002 0.0064999999999999988 438.75823439129658
0.017999999999999995 0.0064999999999999988 243.5209162333509
0.018500000000000003 0.0064999999999999988 129.86502820051237
0.019000000000000003 0.0064999999999999988 66.54082162521189
0.019500000000000003 0.0064999999999999988 32.758244117944976
0.019999999999999997 0.0064999999999999988 15.494841072033017
0.020499999999999997 0.0064999999999999988 7.0418369345027765
0.021000000000000005 0.0064999999999999988 3.0747932026817391
0.021500000000000005 0.0064999999999999988 1.2899596176641168
0.021999999999999999 0.0064999999999999988 0.51995525187468139
0.022499999999999999 0.0064999999999999988 0.2013654937575087
0.023000000000000007 0.0064999999999999988 0.074926088839408947
0.023500000000000007 0.0064999999999999988 0.026786119001164697
0.024 0.0064999999999999988 0.0092005776843990736
0.024500000000000001 0.0064999999999999988 0.0030363292759023382
0.025000000000000001 0.0064999999999999988 0.00096274446826170228
-0.025000000000000001 0.0069999999999999993 0.0015856375809679508
-0.024500000000000001 0.0069999999999999993 0.0047423933915446146
-0.024 0.0069999999999999993 0.013681649439284592
-0.0235 0.0069999999999999993 0.038069334252683225
-0.023 0.0069999999999999993 0.1021517888657392
-0.022500000000000003 0.0069999999999999993 0.264289239698909
-0.022000000000000002 0.0069999999999999993 0.65917036649298733
-0.021500000000000002 0.0069999999999999993 1.5845915596148989
-0.021000000000000001 0.0069999999999999993 3.670726973781703
-0.020500000000000001 0.0069999999999999993 8.1924570404779526
-0.02 0.0069999999999999993 17.612304785838592
-0.0195 0.0069999999999999993 36.464692168853382
-0.019 0.0069999999999999993 72.694376688779386
-0.018500000000000003 0.0069999999999999993 139.51564277595989
-0.018000000000000002 0.0069999999999999993 257.7307127986092
-0.017500000000000002 0.0069999999999999993 458.20994558703848
-0.017000000000000001 0.0069999999999999993 783.89784515883991
-0.016500000000000001 0.0069999999999999993 1290.3325297060262
-0.016 0.0069999999999999993 2043.395436767609
-0.0155 0.0069999999999999993 3113.0516870678393
-0.015000000000000001 0.0069999999999999993 4562.4108873397863
-0.014500000000000001 0.0069999999999999993 6432.6327950489103
-0.014 0.0069999999999999993 8725.8814128971844
-0.0135 0.0069999999999999993 11390.240146503578
-0.012999999999999999 0.0069999999999999993 14311.532069373148
-0.012500000000000001 0.0069999999999999993 17316.615804884816
-0.012 0.0069999999999999993 20190.556766155161
-0.0115 0.0069999999999999993 22706.373616123954
-0.010999999999999999 0.0069999999999999993 24661.859112311759
-0.010499999999999999 0.0069999999999999993 25914.801243856753
-0.010000000000000002 0.0069999999999999993 26407.226277951038
-0.0095000000000000015 0.0069999999999999993 26171.72227355139
-0.0090000000000000011 0.0069999999999999993 25317.943590387837
-0.0085000000000000006 0.0069999999999999993 24003.373737213715
-0.0080000000000000002 0.0069999999999999993 22397.152910509598
-0.0074999999999999997 0.0069999999999999993 20647.476812294663
-0.0069999999999999993 0.0069999999999999993 18861.14349977086
-0.0064999999999999988 0.0069999999999999993 17099.104537082116
-0.0059999999999999984 0.0069999999999999993 15386.262535642212
-0.0054999999999999979 0.0069999999999999993 13729.369447450877
-0.005000000000000001 0.0069999999999999993 12135.182292762753
-0.0044999999999999971 0.0069999999999999993 10622.308129660469
-0.0040000000000000001 0.0069999999999999993 9223.5485523994012
-0.0035000000000000031 0.0069999999999999993 7979.5137114421113
-0.0029999999999999992 0.0069999999999999993 6927.3274565155598
-0.0025000000000000022 0.0069999999999999993 6089.4824108002194
-0.0019999999999999983 0.0069999999999999993 5467.2182369850716
-0.0015000000000000013 0.0069999999999999993 5040.746080179536
-0.00099999999999999742 0.0069999999999999993 4776.1121397336847
-0.00050000000000000044 0.0069999999999999993 4636.3347681498317
0 0.0069999999999999993 4593.2353771466323
0.00050000000000000044 0.0069999999999999993 4636.3238079310777
0.0010000000000000009 0.0069999999999999993 4776.0812297461171
0.0015000000000000013 0.0069999999999999993 5040.6716656494209
0.0020000000000000018 0.0069999999999999993 5467.048823018662
0.0024999999999999988 0.0069999999999999993 6089.1126931614717
0.0030000000000000027 0.0069999999999999993 6926.5525073942854
0.0034999999999999996 0.0069999999999999993 7977.9531423270528
0.0040000000000000036 0.0069999999999999993 9220.5291714872874
0.0045000000000000005 0.0069999999999999993 10616.695316791647
0.0049999999999999975 0.0069999999999999993 12125.15759300673
0.0055000000000000014 0.0069999999999999993 13712.166993810888
0.0059999999999999984 0.0069999999999999993 15357.900484401434
0.0064999999999999988 0.0069999999999999993 17054.176949546734
0.0069999999999999993 0.0069999999999999993 18792.765438754472
0.0074999999999999997 0.0069999999999999993 20547.488627414816
0.0080000000000000002 0.0069999999999999993 22256.67475107779
0.0085000000000000006 0.0069999999999999993 23813.748056432607
0.0090000000000000011 0.0069999999999999993 25072.012339778328
0.0095000000000000015 0.0069999999999999993 25865.273064842622
0.010000000000000002 0.0069999999999999993 26040.339964369963
0.010500000000000002 0.0069999999999999993 25492.781530185111
0.011000000000000003 0.0069999999999999993 24195.455197907242
0.011500000000000003 0.0069999999999999993 22211.128894357415
0.012000000000000004 0.0069999999999999993 19685.307437367759
0.012499999999999997 0.0069999999999999993 16821.371083118313
0.013000000000000005 0.0069999999999999993 13845.128154968605
0.013499999999999998 0.0069999999999999993 10968.220432831946
0.014000000000000005 0.0069999999999999993 8358.9950993160692
0.014499999999999999 0.0069999999999999993 6126.1835863401393
0.014999999999999999 0.0069999999999999993 4316.4796367302688
0.0155 0.0069999999999999993 2923.4260062867133
0.016000000000000007 0.0069999999999999993 1902.9172773357639
0.016500000000000001 0.0069999999999999993 1190.344344826133
0.017000000000000001 0.0069999999999999993 715.51978414229063
0.017500000000000002 0.0069999999999999993 413.28235805099484
0.017999999999999995 0.0069999999999999993 229.36866155502608
0.018500000000000003 0.0069999999999999993 122.31318912438468
0.019000000000000003 0.0069999999999999993 62.669676886779072
0.019500000000000003 0.0069999999999999993 30.851879124404885
0.019999999999999997 0.0069999999999999993 14.592923229318847
0.020499999999999997 0.0069999999999999993 6.6318856536511008
0.021000000000000005 0.0069999999999999993 2.8957701575660781
0.021500000000000005 0.0069999999999999993 1.2148488786705463
0.021999999999999999 0.0069999999999999993 0.48967809891199443
0.022499999999999999 0.0069999999999999993 0.1896394798622387
0.023000000000000007 0.0069999999999999993 0.070562841048732061
0.023500000000000007 0.0069999999999999993 0.025226226487159244
0.024 0.0069999999999999993 0.0086647740535618755
0.024500000000000001 0.0069999999999999993 0.0028595043777284827
0.025000000000000001 0.0069999999999999993 0.00090667732967837872
-0.025000000000000001 0.0074999999999999997 0.0012005446807541874
-0.024500000000000001 0.0074999999999999997 0.0036416156831231253
-0.024 0.0074999999999999997 0.010649166457350912
-0.0235 0.0074999999999999997 0.03001653666527895
-0.023 0.0074999999999999997 0.081534793488539509
-0.022500000000000003 0.0074999999999999997 0.21339036476032566
-0.022000000000000002 0.0074999999999999997 0.53798204026727303
-0.021500000000000002 0.0074999999999999997 1.3062754310501346
-0.021000000000000001 0.0074999999999999997 3.0541547390986916
-0.020500000000000001 0.0074999999999999997 6.874725774138903
-0.02 0.0074999999999999997 14.895356701379752
-0.0195 0.0074999999999999997 31.06031327648223
-0.019 0.0074999999999999997 62.32382287707032
-0.018500000000000003 0.0074999999999999997 120.31947536235749
-0.018000000000000002 0.0074999999999999997 223.45939231850693
-0.017500000000000002 0.0074999999999999997 399.20610267091877
-0.017000000000000001 0.0074999999999999997 685.95482451265161
-0.016500000000000001 0.0074999999999999997 1133.6212202388726
-0.016 0.0074999999999999997 1801.7788461782704
-0.0155 0.0074999999999999997 2754.2214796367994
-0.015000000000000001 0.0074999999999999997 4049.3315712568356
-0.014500000000000001 0.0074999999999999997 5726.709678973205
-0.014 0.0074999999999999997 7792.0339314164403
-0.0135 0.0074999999999999997 10203.658730697021
-0.012999999999999999 0.0074999999999999997 12865.381090086994
-0.012500000000000001 0.0074999999999999997 15629.436909891505
-0.012 0.0074999999999999997 18311.784597305199
-0.0115 0.0074999999999999997 20718.348599725596
-0.010999999999999999 0.0074999999999999997 22677.09367215474
-0.010499999999999999 0.0074999999999999997 24068.004296991869
-0.010000000000000002 0.0074999999999999997 24842.581978471495
-0.0095000000000000015 0.0074999999999999997 25026.939132703235
-0.0090000000000000011 0.0074999999999999997 24707.405066317679
-0.0085000000000000006 0.0074999999999999997 24003.136774797043
-0.0080000000000000002 0.0074999999999999997 23034.444606586312
-0.0074999999999999997 0.0074999999999999997 21896.719003965776
-0.0069999999999999993 0.0074999999999999997 20647.476812294612
-0.0064999999999999988 0.0074999999999999997 19309.061457784224
-0.0059999999999999984 0.0074999999999999997 17883.897143729591
-0.0054999999999999979 0.0074999999999999997 16375.069168665075
-0.005000000000000001 0.0074999999999999997 14803.824297538551
-0.0044999999999999971 0.0074999999999999997 13217.548409748852
-0.0040000000000000001 0.0074999999999999997 11685.859066615922
-0.0035000000000000031 0.0074999999999999997 10286.945344942898
-0.0029999999999999992 0.0074999999999999997 9089.5573936275741
-0.0025000000000000022 0.0074999999999999997 8137.1208968709661
-0.0019999999999999983 0.0074999999999999997 7439.2588832250776
-0.0015000000000000013 0.0074999999999999997 6973.236603432636
-0.00099999999999999742 0.0074999999999999997 6694.5737727760279
-0.00050000000000000044 0.0074999999999999997 6553.325945279259
0 0.0074999999999999997 6511.0312155639594
0.00050000000000000044 0.0074999999999999997 6553.3198086706825
0.0010000000000000009 0.0074999999999999997 6694.5564663244777
0.0015000000000000013 0.0074999999999999997 6973.1949388587745
0.0020000000000000018 0.0074999999999999997 7439.1640286220127
0.0024999999999999988 0.0074999999999999997 8136.9138925689358
0.0030000000000000027 0.0074999999999999997 9089.1235008804015
0.0034999999999999996 0.0074999999999999997 10286.071584844454
0.0040000000000000036 0.0074999999999999997 11684.168520175192
0.0045000000000000005 0.0074999999999999997 13214.405804991766
0.0049999999999999975 0.0074999999999999997 14798.211484519841
0.0055000000000000014 0.0074999999999999997 16365.437542971136
0.0059999999999999984 0.0074999999999999997 17868.017277567436
0.0064999999999999988 0.0074999999999999997 19283.906574909448
0.0069999999999999993 0.0074999999999999997 20609.192047622633
0.0074999999999999997 0.0074999999999999997 21840.735782575721
0.0080000000000000002 0.0074999999999999997 22955.791114582342
0.0085000000000000006 0.0074999999999999997 23896.965665868858
0.0090000000000000011 0.0074999999999999997 24569.708560814037
0.0095000000000000015 0.0074999999999999997 24855.358721311946
0.010000000000000002 0.0074999999999999997 24637.162930782255
0.010500000000000002 0.0074999999999999997 23831.71614864872
0.011000000000000003 0.0074999999999999997 22415.95488231994
0.011500000000000003 0.0074999999999999997 20441.061888958371
0.012000000000000004 0.0074999999999999997 18028.896323408859
0.012499999999999997 0.0074999999999999997 15352.150199124313
0.013000000000000005 0.0074999999999999997 12604.242300252168
0.013499999999999998 0.0074999999999999997 9967.3705823538803
0.014000000000000005 0.0074999999999999997 7586.614883727163
0.014499999999999999 0.0074999999999999997 5555.1292675819059
0.014999999999999999 0.0074999999999999997 3911.635065753183
0.0155 0.0074999999999999997 2648.0503707085945
0.016000000000000007 0.0074999999999999997 1723.1253541742608
0.016500000000000001 0.0074999999999999997 1077.6379988487811
0.017000000000000001 0.0074999999999999997 647.67005984057619
0.017500000000000002 0.0074999999999999997 374.05121979576381
0.017999999999999995 0.0074999999999999997 207.57952615478123
0.018500000000000003 0.0074999999999999997 110.68784966192352
0.019000000000000003 0.0074999999999999997 56.711009832621741
0.019500000000000003 0.0074999999999999997 27.917708421058482
0.019999999999999997 0.0074999999999999997 13.204809899846667
0.020499999999999997 0.0074999999999999997 6.0009644037458587
0.021000000000000005 0.0074999999999999997 2.6202576835408347
0.021500000000000005 0.0074999999999999997 1.0992571079398759
0.021999999999999999 0.0074999999999999997 0.44308359650320966
0.022499999999999999 0.0074999999999999997 0.1715940861632746
0.023000000000000007 0.0074999999999999997 0.063848193204277065
0.023500000000000007 0.0074999999999999997 0.022825701605738494
0.024 0.0074999999999999997 0.0078402261236225866
0.024500000000000001 0.0074999999999999997 0.0025873891998635348
0.025000000000000001 0.0074999999999999997 0.00082039594509432043
-0.025000000000000001 0.0080000000000000002 0.00091771799258381535
-0.024500000000000001 0.0080000000000000002 0.0028164887431968173
-0.024 0.0080000000000000002 0.0083270430494331565
-0.0235 0.0080000000000000002 0.023712083860016206
-0.023 0.0080000000000000002 0.065021776160559652
-0.022500000000000003 0.0080000000000000002 0.17166241534113397
-0.022000000000000002 0.0080000000000000002 0.43625441884970911
-0.021500000000000002 0.0080000000000000002 1.0670337083412056
-0.021000000000000001 0.0080000000000000002 2.5114270160276808
-0.020500000000000001 0.0080000000000000002 5.6872576791954872
-0.02 0.0080000000000000002 12.389866263764437
-0.0195 0.0080000000000000002 25.963250456580031
-0.019 0.0080000000000000002 52.327962341471668
-0.018500000000000003 0.0080000000000000002 101.42642815907399
-0.018000000000000002 0.0080000000000000002 189.05078985037844
-0.017500000000000002 0.0080000000000000002 338.83765796224418
-0.017000000000000001 0.0080000000000000002 583.95061178401716
-0.016500000000000001 0.0080000000000000002 967.67424521355531
-0.016 0.0080000000000000002 1541.925149696684
-0.0155 0.0080000000000000002 2362.7108266215046
-0.015000000000000001 0.0080000000000000002 3482.0053092389826
-0.014500000000000001 0.0080000000000000002 4936.4396851406236
-0.014 0.0080000000000000002 6734.5131623780544
-0.0135 0.0080000000000000002 8845.3495169848447
-0.012999999999999999 0.0080000000000000002 11192.785701570723
-0.012500000000000001 0.0080000000000000002 13658.204388533461
-0.012 0.0080000000000000002 16093.712449013023
-0.0115 0.0080000000000000002 18344.274959157858
-0.010999999999999999 0.0080000000000000002 20274.119786254858
-0.010499999999999999 0.0080000000000000002 21790.413574439248
-0.010000000000000002 0.0080000000000000002 22857.054814417574
-0.0095000000000000015 0.0080000000000000002 23493.920410303599
-0.0090000000000000011 0.0080000000000000002 23761.458013029929
-0.0085000000000000006 0.0080000000000000002 23735.569942603408
-0.0080000000000000002 0.0080000000000000002 23481.307400094753
-0.0074999999999999997 0.0080000000000000002 23034.444606586312
-0.0069999999999999993 0.0080000000000000002 22397.152910509565
-0.0064999999999999988 0.0080000000000000002 21548.764050508726
-0.0059999999999999984 0.0080000000000000002 20467.020974301486
-0.0054999999999999979 0.0080000000000000002 19151.432305974962
-0.005000000000000001 0.0080000000000000002 17639.774837617715
-0.0044999999999999971 0.0080000000000000002 16011.513617473945
-0.0040000000000000001 0.0080000000000000002 14376.745816034536
-0.0035000000000000031 0.0080000000000000002 12854.336621523284
-0.0029999999999999992 0.0080000000000000002 11546.41182930459
-0.0025000000000000022 0.0080000000000000002 10517.259030825882
-0.0019999999999999983 0.0080000000000000002 9782.9363396354111
-0.0015000000000000013 0.0080000000000000002 9314.3220998664674
-0.00099999999999999742 0.0080000000000000002 9052.2272765770485
-0.00050000000000000044 0.0080000000000000002 8929.7729749271275
0 0.0080000000000000002 8895.3792172435969
0.00050000000000000044 0.0080000000000000002 8929.7696737726747
0.0010000000000000009 0.0080000000000000002 9052.2179666677002
0.0015000000000000013 0.0080000000000000002 9314.2996866407102
0.0020000000000000018 0.0080000000000000002 9782.8853131293072
0.0024999999999999988 0.0080000000000000002 10517.14767401304
0.0030000000000000027 0.0080000000000000002 11546.178419114734
0.0034999999999999996 0.0080000000000000002 12853.866587138527
0.0040000000000000036 0.0080000000000000002 14375.836395980254
0.0045000000000000005 0.0080000000000000002 16009.823070725317
0.0049999999999999975 0.0080000000000000002 17636.755456075036
0.0055000000000000014 0.0080000000000000002 19146.251026507922
0.0059999999999999984 0.0080000000000000002 20458.478488629815
0.0064999999999999988 0.0080000000000000002 21535.232121187899
0.0069999999999999993 0.0080000000000000002 22376.557834309664
0.0074999999999999997 0.0080000000000000002 23004.328744040911
0.0080000000000000002 0.0080000000000000002 23438.996191573835
0.0085000000000000006 0.0080000000000000002 23678.455785122245
0.0090000000000000011 0.0080000000000000002 23687.384943818033
0.0095000000000000015 0.0080000000000000002 23401.61968239546
0.010000000000000002 0.0080000000000000002 22746.550780337158
0.010500000000000002 0.0080000000000000002 21663.30367936851
0.011000000000000003 0.0080000000000000002 20133.64162682302
0.011500000000000003 0.0080000000000000002 18195.110115481704
0.012000000000000004 0.0080000000000000002 15941.534275609723
0.012499999999999997 0.0080000000000000002 13509.039544857334
0.013000000000000005 0.0080000000000000002 11052.307542138866
0.013499999999999998 0.0080000000000000002 8718.2396219141065
0.014000000000000005 0.0080000000000000002 6624.0091282976045
0.014499999999999999 0.0080000000000000002 4844.1389572324706
0.014999999999999999 0.0080000000000000002 3407.9322400270698
0.0155 0.0080000000000000002 2305.5966691403187
0.016000000000000007 0.0080000000000000002 1499.6139411757265
0.016500000000000001 0.0080000000000000002 937.5583826681243
0.017000000000000001 0.0080000000000000002 563.35553558405309
0.017500000000000002 0.0080000000000000002 325.30572864120904
0.017999999999999995 0.0080000000000000002 180.50830417785474
0.018500000000000003 0.0080000000000000002 96.245148688531629
0.019000000000000003 0.0080000000000000002 49.308580784951637
0.019500000000000003 0.0080000000000000002 24.272703655046765
0.019999999999999997 0.0080000000000000002 11.480446015386267
0.020499999999999997 0.0080000000000000002 5.2172226102074601
0.021000000000000005 0.0080000000000000002 2.2780145085016192
0.021500000000000005 0.0080000000000000002 0.95566935294386401
0.021999999999999999 0.0080000000000000002 0.38520432889044154
0.022499999999999999 0.0080000000000000002 0.14917833975769357
0.023000000000000007 0.0080000000000000002 0.055507367917680059
0.023500000000000007 0.0080000000000000002 0.019843814138075577
0.024 0.0080000000000000002 0.0068159892213686757
0.024500000000000001 0.0080000000000000002 0.0022493734705623259
0.025000000000000001 0.0080000000000000002 0.00071321909477694179
-0.025000000000000001 0.0085000000000000006 0.00070142773871671163
-0.024500000000000001 0.0085000000000000006 0.0021719559744666399
-0.024 0.0085000000000000006 0.0064742135522394073
-0.0235 0.0085000000000000006 0.018574394741407509
-0.023 0.0085000000000000006 0.051281695074988795
-0.022500000000000003 0.0085000000000000006 0.13622710073085822
-0.022000000000000002 0.0085000000000000006 0.34814219186250828
-0.021500000000000002 0.0085000000000000006 0.85582632734372477
-0.021000000000000001 0.0085000000000000006 2.0234832617545844
-0.020500000000000001 0.0085000000000000006 4.6010091190475837
-0.02 0.0085000000000000006 10.060186397101978
-0.0195 0.0085000000000000006 21.150662733678562
-0.019 0.0085000000000000006 42.754168098017274
-0.018500000000000003 0.0085000000000000006 83.089759864023378
-0.018000000000000002 0.0085000000000000006 155.24464079401059
-0.017500000000000002 0.0085000000000000006 278.85615938067491
-0.017000000000000001 0.0085000000000000006 481.55284709083628
-0.016500000000000001 0.0085000000000000006 799.51698633895171
-0.016 0.0085000000000000006 1276.3518787864123
-0.0155 0.0085000000000000006 1959.461572913061
-0.015000000000000001 0.0085000000000000006 2893.5186114654534
-0.014500000000000001 0.0085000000000000006 4111.3696496243847
-0.014 0.0085000000000000006 5623.8089646866774
-0.0135 0.0085000000000000006 7410.7221016991971
-0.012999999999999999 0.0085000000000000006 9416.6840084089781
-0.012500000000000001 0.0085000000000000006 11553.704069433445
-0.012 0.0085000000000000006 13712.21101717153
-0.0115 0.0085000000000000006 15778.810147142251
-0.010999999999999999 0.0085000000000000006 17656.612032197761
-0.010499999999999999 0.0085000000000000006 19282.150382138861
-0.010000000000000002 0.0085000000000000006 20633.08483863348
-0.0095000000000000015 0.0085000000000000006 21723.389662599417
-0.0090000000000000011 0.0085000000000000006 22586.957556278263
-0.0085000000000000006 0.0085000000000000006 23255.010081762171
-0.0080000000000000002 0.0085000000000000006 23735.569942603404
-0.0074999999999999997 0.0085000000000000006 24003.136774797036
-0.0069999999999999993 0.0085000000000000006 24003.373737213689
-0.0064999999999999988 0.0085000000000000006 23672.164340989948
-0.0059999999999999984 0.0085000000000000006 22962.898269406654
-0.0054999999999999979 0.0085000000000000006 21872.453663585384
-0.005000000000000001 0.0085000000000000006 20456.409314994242
-0.0044999999999999971 0.0085000000000000006 18827.522321042579
-0.0040000000000000001 0.0085000000000000006 17137.104913156683
-0.0035000000000000031 0.0085000000000000006 15544.567890673323
-0.0029999999999999992 0.0085000000000000006 14184.127358614376
-0.0025000000000000022 0.0085000000000000006 13138.376615355442
-0.0019999999999999983 0.0085000000000000006 12426.10065185201
-0.0015000000000000013 0.0085000000000000006 12007.310977598339
-0.00099999999999999742 0.0085000000000000006 11803.467111330623
-0.00050000000000000044 0.0085000000000000006 11726.686447459355
0 0.0085000000000000006 11709.483871794158
0.00050000000000000044 0.0085000000000000006 11726.68474125327
0.0010000000000000009 0.0085000000000000006 11803.462299491548
0.0015000000000000013 0.0085000000000000006 12007.299393292691
0.0020000000000000018 0.0085000000000000006 12426.074278734233
0.0024999999999999988 0.0085000000000000006 13138.319060438109
0.0030000000000000027 0.0085000000000000006 14184.006720246261
0.0034999999999999996 0.0085000000000000006 15544.324952774288
0.0040000000000000036 0.0085000000000000006 17136.634878188011
0.0045000000000000005 0.0085000000000000006 18826.64855969953
0.0049999999999999975 0.0085000000000000006 20454.848743614559
0.0055000000000000014 0.0085000000000000006 21869.775712378472
0.0059999999999999984 0.0085000000000000006 22958.483074287378
0.0064999999999999988 0.0085000000000000006 23665.170345262239
0.0069999999999999993 0.0085000000000000006 23992.729144595825
0.0074999999999999997 0.0085000000000000006 23987.57135105109
0.0080000000000000002 0.0085000000000000006 23713.701338015424
0.0085000000000000006 0.0085000000000000006 23225.490553249674
0.0090000000000000011 0.0085000000000000006 22548.672791606208
0.0095000000000000015 0.0085000000000000006 21675.683908205552
0.010000000000000002 0.0085000000000000006 20575.970681152314
0.010500000000000002 0.0085000000000000006 19216.453463244452
0.011000000000000003 0.0085000000000000006 17584.005708028479
0.011500000000000003 0.0085000000000000006 15701.714098628981
0.012000000000000004 0.0085000000000000006 13633.557525167524
0.012499999999999997 0.0085000000000000006 11476.608020920199
0.013000000000000005 0.0085000000000000006 9344.0776842396772
0.013499999999999998 0.0085000000000000006 7345.0251828047922
0.014000000000000005 0.0085000000000000006 5566.6948072054765
0.014499999999999999 0.0085000000000000006 4063.6638952305029
0.014999999999999999 0.0085000000000000006 2855.2338467933805
0.0155 0.0085000000000000006 1929.9420444005411
0.016000000000000007 0.0085000000000000006 1254.4832741983955
0.016500000000000001 0.0085000000000000006 783.9515625929771
0.017000000000000001 0.0085000000000000006 470.90825447292667
0.017500000000000002 0.0085000000000000006 271.86216365285054
0.017999999999999995 0.0085000000000000006 150.82944567429109
0.018500000000000003 0.0085000000000000006 80.411808655299112
0.019000000000000003 0.0085000000000000006 41.193596711190203
0.019500000000000003 0.0085000000000000006 20.276901363285379
0.019999999999999997 0.0085000000000000006 9.5901513281139632
0.020499999999999997 0.0085000000000000006 4.3580708663832333
0.021000000000000005 0.0085000000000000006 1.902843695752682
0.021500000000000005 0.0085000000000000006 0.79826751164179921
0.021999999999999999 0.0085000000000000006 0.32175688474114056
0.022499999999999999 0.0085000000000000006 0.12460617626074519
0.023000000000000007 0.0085000000000000006 0.046364160477757314
0.023500000000000007 0.0085000000000000006 0.016575074373448587
0.024 0.0085000000000000006 0.0056932233647154903
0.024500000000000001 0.0085000000000000006 0.0018788416889948794
0.025000000000000001 0.0085000000000000006 0.00059573221048314737
-0.025000000000000001 0.0090000000000000011 0.00053057497235935668
-0.024500000000000001 0.0090000000000000011 0.0016533702488744275
-0.024 0.0090000000000000011 0.0049567825495815928
-0.0235 0.0090000000000000011 0.014294789144243047
-0.023 0.0090000000000000011 0.039650671919267119
-0.022500000000000003 0.0090000000000000011 0.10577181984018068
-0.022000000000000002 0.0090000000000000011 0.27132673155436671
-0.021500000000000002 0.0090000000000000011 0.6692365646116859
-0.021000000000000001 0.0090000000000000011 1.5870739952807578
-0.020500000000000001 0.0090000000000000011 3.6183934175116743
-0.02 0.0090000000000000011 7.930690135454137
-0.0195 0.0090000000000000011 16.709498814742567
-0.019 0.0090000000000000011 33.842273275838735
-0.018500000000000003 0.0090000000000000011 65.885894001417853
-0.018000000000000002 0.0090000000000000011 123.30013517859703
-0.017500000000000002 0.0090000000000000011 221.81183649860765
-0.017000000000000001 0.0090000000000000011 383.60260915708176
-0.016500000000000001 0.0090000000000000011 637.82000258209212
-0.016 0.0090000000000000011 1019.7734256642354
-0.0155 0.0090000000000000011 1568.2018728089149
-0.015000000000000001 0.0090000000000000011 2320.300436504393
-0.014500000000000001 0.0090000000000000011 3304.8129879839075
-0.014 0.0090000000000000011 4534.3510356579291
-0.0135 0.0090000000000000011 5998.9223470721527
-0.012999999999999999 0.0090000000000000011 7663.053067919318
-0.012500000000000001 0.0090000000000000011 9468.4771462548033
-0.012 0.0090000000000000011 11342.979014873592
-0.0115 0.0090000000000000011 13213.850038069972
-0.010999999999999999 0.0090000000000000011 15022.250146791775
-0.010499999999999999 0.0090000000000000011 16733.515687703366
-0.010000000000000002 0.0090000000000000011 18338.956434701387
-0.0095000000000000015 0.0090000000000000011 19847.186406025528
-0.0090000000000000011 0.0090000000000000011 21266.912203830398
-0.0085000000000000006 0.0090000000000000011 22586.957556278259
-0.0080000000000000002 0.0090000000000000011 23761.458013029929
-0.0074999999999999997 0.0090000000000000011 24707.405066317671
-0.0069999999999999993 0.0090000000000000011 25317.943590387822
-0.0064999999999999988 0.0090000000000000011 25489.212445375917
-0.0059999999999999984 0.0090000000000000011 25153.145951960003
-0.0054999999999999979 0.0090000000000000011 24305.662687019929
-0.005000000000000001 0.0090000000000000011 23020.345299628567
-0.0044999999999999971 0.0090000000000000011 21441.941830095653
-0.0040000000000000001 0.0090000000000000011 19760.322207461966
-0.0035000000000000031 0.0090000000000000011 18171.691789092452
-0.0029999999999999992 0.0090000000000000011 16837.821760348881
-0.0025000000000000022 0.0090000000000000011 15854.60487794005
-0.0019999999999999983 0.0090000000000000011 15238.386238738332
-0.0015000000000000013 0.0090000000000000011 14933.309779995934
-0.00099999999999999742 0.0090000000000000011 14837.00795529981
-0.00050000000000000044 0.0090000000000000011 14837.023866059793
0 0.0090000000000000011 14847.653950921393
0.00050000000000000044 0.0090000000000000011 14837.023018782924
0.0010000000000000009 0.0090000000000000011 14837.00556581124
0.0015000000000000013 0.0090000000000000011 14933.30402739999
0.0020000000000000018 0.0090000000000000011 15238.373142235623
0.0024999999999999988 0.0090000000000000011 15854.576297013937
0.0030000000000000027 0.0090000000000000011 16837.761853108204
0.0034999999999999996 0.0090000000000000011 18171.571149702049
0.0040000000000000036 0.0090000000000000011 19760.088795004256
0.0045000000000000005 0.0090000000000000011 21441.507933053672
0.0049999999999999975 0.0090000000000000011 23019.570342815889
0.0055000000000000014 0.0090000000000000011 24304.332855806311
0.0059999999999999984 0.0090000000000000011 25150.953430950409
0.0064999999999999988 0.0090000000000000011 25485.73932988277
0.0069999999999999993 0.0090000000000000011 25312.657642128957
0.0074999999999999997 0.0090000000000000011 24699.675505638166
0.0080000000000000002 0.0090000000000000011 23750.598385377132
0.0085000000000000006 0.0090000000000000011 22572.298592244122
0.0090000000000000011 0.0090000000000000011 21247.900552335159
0.0095000000000000015 0.0090000000000000011 19823.496429487266
0.010000000000000002 0.0090000000000000011 18310.594383457821
0.010500000000000002 0.0090000000000000011 16700.891563276025
0.011000000000000003 0.0090000000000000011 14986.194913246993
0.011500000000000003 0.0090000000000000011 13175.565273397891
0.012000000000000004 0.0090000000000000011 11303.920846652527
0.012499999999999997 0.0090000000000000011 9430.1923815827449
0.013000000000000005 0.0090000000000000011 7626.9978343745206
0.013499999999999998 0.0090000000000000011 5966.2982226448166
0.014000000000000005 0.0090000000000000011 4505.9889844143308
0.014499999999999999 0.0090000000000000011 3281.1230114456266
0.014999999999999999 0.0090000000000000011 2301.2887850091311
0.0155 0.0090000000000000011 1553.5429087747461
0.016000000000000007 0.0090000000000000011 1008.9137980113989
0.016500000000000001 0.0090000000000000011 630.09044190255531
0.017000000000000001 0.0090000000000000011 378.31666089818134
0.017500000000000002 0.0090000000000000011 218.33872100539017
0.017999999999999995 0.0090000000000000011 121.10761416877318
0.018500000000000003 0.0090000000000000011 64.556062786894941
0.019000000000000003 0.0090000000000000011 33.067316459622973
0.019500000000000003 0.0090000000000000011 16.275601759184635
0.019999999999999997 0.0090000000000000011 7.6972776279281296
0.020499999999999997 0.0090000000000000011 3.4977538515098003
0.021000000000000005 0.0090000000000000011 1.5271661597484361
0.021500000000000005 0.0090000000000000011 0.64065370263047017
0.021999999999999999 0.0090000000000000011 0.25822417580187323
0.022499999999999999 0.0090000000000000011 0.10000103953185283
0.023000000000000007 0.0090000000000000011 0.037208696507395937
0.023500000000000007 0.0090000000000000011 0.013301956031943748
0.024 0.0090000000000000011 0.0045689543000519191
0.024500000000000001 0.0090000000000000011 0.0015078140023778311
0.025000000000000001 0.0090000000000000011 0.00047808812636209873
-0.025000000000000001 0.0095000000000000015 0.0003936748357956568
-0.024500000000000001 0.0095000000000000015 0.0012320583651437749
-0.024 0.0095000000000000015 0.0037079768262560297
-0.0235 0.0095000000000000015 0.010730350685181756
-0.023 0.0095000000000000015 0.02985556866308053
-0.022500000000000003 0.0095000000000000015 0.079861738894917877
-0.022000000000000002 0.0095000000000000015 0.20536459705175258
-0.021500000000000002 0.0095000000000000015 0.50764615595814
-0.021000000000000001 0.0095000000000000015 1.2062145458592806
-0.020500000000000001 0.0095000000000000015 2.7548582956086176
-0.02 0.0095000000000000015 6.04745947651866
-0.0195 0.0095000000000000015 12.759642540870516
-0.019 0.0095000000000000015 25.875862213558079
-0.018500000000000003 0.0095000000000000015 50.436916645484246
-0.018000000000000002 0.0095000000000000015 94.496592252178203
-0.017500000000000002 0.0095000000000000015 170.18743646308781
-0.017000000000000001 0.0095000000000000015 294.6662631779717
-0.016500000000000001 0.0095000000000000015 490.56606065961148
-0.016 0.0095000000000000015 785.48069107283732
-0.0155 0.0095000000000000015 1210.0363596600876
-0.015000000000000001 0.0095000000000000015 1794.3414273870071
-0.014500000000000001 0.0095000000000000015 2563.0840552389932
-0.014 0.0095000000000000015 3530.1886900937275
-0.0135 0.0095000000000000015 4694.5355236926771
-0.012999999999999999 0.0095000000000000015 6038.479772290857
-0.012500000000000001 0.0095000000000000015 7530.4843880998424
-0.012 0.0095000000000000015 9131.9935153641909
-0.0115 0.0095000000000000015 10806.95754855204
-0.010999999999999999 0.0095000000000000015 12530.776614779688
-0.010499999999999999 0.0095000000000000015 14294.665133896573
-0.010000000000000002 0.0095000000000000015 16102.224707214746
-0.0095000000000000015 0.0095000000000000015 17957.483594999558
-0.0090000000000000011 0.0095000000000000015 19847.186406025525
-0.0085000000000000006 0.0095000000000000015 21723.389662599413
-0.0080000000000000002 0.0095000000000000015 23493.920410303592
-0.0074999999999999997 0.0095000000000000015 25026.939132703235
-0.0069999999999999993 0.0095000000000000015 26171.722273551382
-0.0064999999999999988 0.0095000000000000015 26792.077576354885
-0.0059999999999999984 0.0095000000000000015 26803.601662170422
-0.0054999999999999979 0.0095000000000000015 26203.379999420074
-0.005000000000000001 0.0095000000000000015 25081.939472245649
-0.0044999999999999971 0.0095000000000000015 23612.095616170038
-0.0040000000000000001 0.0095000000000000015 22016.220907645002
-0.0035000000000000031 0.0095000000000000015 20520.075446835181
-0.0029999999999999992 0.0095000000000000015 19305.503870202425
-0.0025000000000000022 0.0095000000000000015 18474.736371609939
-0.0019999999999999983 0.0095000000000000015 18035.72377247534
-0.0015000000000000013 0.0095000000000000015 17912.010990023737
-0.00099999999999999742 0.0095000000000000015 17973.905458100391
-0.00050000000000000044 0.0095000000000000015 18082.011827958722
0 0.0095000000000000015 18131.052599767441
0.00050000000000000044 0.0095000000000000015 18082.011423711134
0.0010000000000000009 0.0095000000000000015 17973.904318042139
0.0015000000000000013 0.0095000000000000015 17912.008245380159
0.0020000000000000018 0.0095000000000000015 18035.717523951647
0.0024999999999999988 0.0095000000000000015 18474.722735252359
0.0030000000000000027 0.0095000000000000015 19305.475287624246
0.0034999999999999996 0.0095000000000000015 20520.017888103241
0.0040000000000000036 0.0095000000000000015 22016.109543313367
0.0045000000000000005 0.0095000000000000015 23611.888597853405
0.0049999999999999975 0.0095000000000000015 25081.569729566385
0.0055000000000000014 0.0095000000000000015 26202.745518442764
0.0059999999999999984 0.0095000000000000015 26802.555579886674
0.0064999999999999988 0.0095000000000000015 26790.420504622896
0.0069999999999999993 0.0095000000000000015 26169.200274080362
0.0074999999999999997 0.0095000000000000015 25023.251251742189
0.0080000000000000002 0.0095000000000000015 23488.739130833081
0.0085000000000000006 0.0095000000000000015 21716.39566687162
0.0090000000000000011 0.0095000000000000015 19838.115682540123
0.0095000000000000015 0.0095000000000000015 17946.180777534795
0.010000000000000002 0.0095000000000000015 16088.692777893732
0.010500000000000002 0.0095000000000000015 14279.099710150602
0.011000000000000003 0.0095000000000000015 12513.574161128112
0.011500000000000003 0.0095000000000000015 10788.691354574539
0.012000000000000004 0.0095000000000000015 9113.3583197911576
0.012499999999999997 0.0095000000000000015 7512.2181941223607
0.013000000000000005 0.0095000000000000015 6021.2773186392697
0.013499999999999998 0.0095000000000000015 4678.9700999467086
0.014000000000000005 0.0095000000000000015 3516.6567607726838
0.014499999999999999 0.0095000000000000015 2551.7812377742125
0.014999999999999999 0.0095000000000000015 1785.2707039015816
0.0155 0.0095000000000000015 1203.0423639322632
0.016000000000000007 0.0095000000000000015 780.29941160229009
0.016500000000000001 0.0095000000000000015 486.87817969854029
0.017000000000000001 0.0095000000000000015 292.1442637069261
0.017500000000000002 0.0095000000000000015 168.53036473106204
0.017999999999999995 0.0095000000000000015 93.450509968319338
0.018500000000000003 0.0095000000000000015 49.802435667741129
0.019000000000000003 0.0095000000000000015 25.506119532613624
0.019500000000000003 0.0095000000000000015 12.552624217760199
0.019999999999999997 0.0095000000000000015 5.9360951211213546
0.020499999999999997 0.0095000000000000015 2.6972994799067109
0.021000000000000005 0.0095000000000000015 1.1776316838780621
0.021500000000000005 0.0095000000000000015 0.49400887476148303
0.021999999999999999 0.0095000000000000015 0.19911318537334835
0.022499999999999999 0.0095000000000000015 0.077108419306400111
0.023000000000000007 0.0095000000000000015 0.028690468212716407
0.023500000000000007 0.0095000000000000015 0.010256656191513636
0.024 0.0095000000000000015 0.0035229385715732581
0.024500000000000001 0.0095000000000000015 0.0011626114544492391
0.025000000000000001 0.0095000000000000015 0.00036863263118855555
-0.025000000000000001 0.010000000000000002 0.0002845714024061574
-0.024500000000000001 0.010000000000000002 0.00089312820303898025
-0.024 0.010000000000000002 0.00269472096013142
-0.0235 0.010000000000000002 0.0078156327809699479
-0.023 0.010000000000000002 0.021789188797212155
-0.022500000000000003 0.010000000000000002 0.058388050245895454
-0.022000000000000002 0.010000000000000002 0.1503818643521182
-0.021500000000000002 0.010000000000000002 0.3722556938737222
-0.021000000000000001 0.010000000000000002 0.88562706026012328
-0.020500000000000001 0.010000000000000002 2.0249632726250004
-0.02 0.010000000000000002 4.4497724452500398
-0.0195 0.010000000000000002 9.3975808117954731
-0.019 0.010000000000000002 19.07490505553179
-0.018500000000000003 0.010000000000000002 37.213174501015004
-0.018000000000000002 0.010000000000000002 69.783370643220692
-0.017500000000000002 0.010000000000000002 125.79941492954609
-0.017000000000000001 0.010000000000000002 218.04783742318625
-0.016500000000000001 0.010000000000000002 363.47987636660764
-0.016 0.010000000000000002 582.93521027643487
-0.0155 0.010000000000000002 899.89561714766
-0.015000000000000001 0.010000000000000002 1338.1500488636491
-0.014500000000000001 0.010000000000000002 1918.6064772352579
-0.014 0.010000000000000002 2655.9442437101247
-0.0135 0.010000000000000002 3556.1952689579771
-0.012999999999999999 0.010000000000000002 4616.4339777832283
-0.012500000000000001 0.010000000000000002 5827.3282592088426
-0.012 0.010000000000000002 7178.3018193522967
-0.0115 0.010000000000000002 8663.704973986185
-0.010999999999999999 0.010000000000000002 10287.20395943951
-0.010499999999999999 0.010000000000000002 12061.245195323601
-0.010000000000000002 0.010000000000000002 13999.453229591029
-0.0095000000000000015 0.010000000000000002 16102.224707214746
-0.0090000000000000011 0.010000000000000002 18338.956434701384
-0.0085000000000000006 0.010000000000000002 20633.084838633476
-0.0080000000000000002 0.010000000000000002 22857.05481441757
-0.0074999999999999997 0.010000000000000002 24842.581978471488
-0.0069999999999999993 0.010000000000000002 26407.226277951031
-0.0064999999999999988 0.010000000000000002 27392.61106013571
-0.0059999999999999984 0.010000000000000002 27704.634684667417
-0.0054999999999999979 0.010000000000000002 27343.760676950347
-0.005000000000000001 0.010000000000000002 26415.096714471929
-0.0044999999999999971 0.010000000000000002 25113.23230155107
-0.0040000000000000001 0.010000000000000002 23684.083744375224
-0.0035000000000000031 0.010000000000000002 22372.917243737913
-0.0029999999999999992 0.010000000000000002 21372.037508954785
-0.0025000000000000022 0.010000000000000002 20781.998299640138
-0.0019999999999999983 0.010000000000000002 20596.560917001349
-0.0015000000000000013 0.010000000000000002 20715.142742646942
-0.00099999999999999742 0.010000000000000002 20979.056733653375
-0.00050000000000000044 0.010000000000000002 21221.500090950507
0 0.010000000000000002 21317.674320235368
0.00050000000000000044 0.010000000000000002 21221.499905640983
0.0010000000000000009 0.010000000000000002 20979.056211043811
0.0015000000000000013 0.010000000000000002 20715.141484485823
0.0020000000000000018 0.010000000000000002 20596.558052640521
0.0024999999999999988 0.010000000000000002 20781.992048651846
0.0030000000000000027 0.010000000000000002 21372.024406529119
0.0034999999999999996 0.010000000000000002 22372.890858469178
0.0040000000000000036 0.010000000000000002 23684.032694296151
0.0045000000000000005 0.010000000000000002 25113.137403110271
0.0049999999999999975 0.010000000000000002 26414.927222205108
0.0055000000000000014 0.010000000000000002 27343.469827056284
0.0059999999999999984 0.010000000000000002 27704.155154260225
0.0064999999999999988 0.010000000000000002 27391.851448492609
0.0069999999999999993 0.010000000000000002 26406.070178233018
0.0074999999999999997 0.010000000000000002 24840.891431669977
0.0080000000000000002 0.010000000000000002 22854.679684762046
0.0085000000000000006 0.010000000000000002 20629.878748948828
0.0090000000000000011 0.010000000000000002 18334.798360528799
0.0095000000000000015 0.010000000000000002 16097.043427744224
0.010000000000000002 0.010000000000000002 13993.250111845733
0.010500000000000002 0.010000000000000002 12054.109911509937
0.011000000000000003 0.010000000000000002 10279.318251276432
0.011500000000000003 0.010000000000000002 8655.3316408632327
0.012000000000000004 0.010000000000000002 7169.7593336797663
0.012499999999999997 0.010000000000000002 5818.9549260859058
0.013000000000000005 0.010000000000000002 4608.5482696201379
0.013499999999999998 0.010000000000000002 3549.0599851443135
0.014000000000000005 0.010000000000000002 2649.7411259647984
0.014499999999999999 0.010000000000000002 1913.425197764718
0.014999999999999999 0.010000000000000002 1333.9919746910432
0.0155 0.010000000000000002 896.68952746298237
0.016000000000000007 0.010000000000000002 580.56008062088199
0.016500000000000001 0.010000000000000002 361.78932956507452
0.017000000000000001 0.010000000000000002 216.89173770515035
0.017500000000000002 0.010000000000000002 125.03980328642153
0.017999999999999995 0.010000000000000002 69.303840235980118
0.018500000000000003 0.010000000000000002 36.922324606758743
0.019000000000000003 0.010000000000000002 18.905412787950706
0.019500000000000003 0.010000000000000002 9.3026823680313573
0.019999999999999997 0.010000000000000002 4.3987223552907935
0.020499999999999997 0.010000000000000002 1.9985779655036404
0.021000000000000005 0.010000000000000002 0.87252450450762331
0.021500000000000005 0.010000000000000002 0.36600428219531328
0.021999999999999999 0.010000000000000002 0.14751617965959418
0.022499999999999999 0.010000000000000002 0.057125911995474739
0.023000000000000007 0.010000000000000002 0.021255099746990653
0.023500000000000007 0.010000000000000002 0.0075984883775502563
0.024 0.010000000000000002 0.0026098983118634108
0.024500000000000001 0.010000000000000002 0.00086129332171002793
0.025000000000000001 0.010000000000000002 0.00027309190527792683
-0.025000000000000001 0.010500000000000002 0.00019943680877266868
-0.024500000000000001 0.010500000000000002 0.00062707380202910352
-0.024 0.010500000000000002 0.001895048457119223
-0.0235 0.010500000000000002 0.0055041883761096392
-0.023 0.010500000000000002 0.015364664946798225
-0.022500000000000003 0.010500000000000002 0.041219034428433568
-0.022000000000000002 0.010500000000000002 0.1062693906371393
-0.021500000000000002 0.010500000000000002 0.26329819788324227
-0.021000000000000001 0.010500000000000002 0.62692262856696634
-0.020500000000000001 0.010500000000000002 1.4345230121214014
-0.02 0.010500000000000002 3.1545322833331069
-0.0195 0.010500000000000002 6.6666789165184817
-0.019 0.010500000000000002 13.541090987218929
-0.018500000000000003 0.010500000000000002 26.436405418103064
-0.018000000000000002 0.010500000000000002 49.61446446128317
-0.017500000000000002 0.010500000000000002 89.525786176026116
-0.017000000000000001 0.010500000000000002 155.35756520842304
-0.016500000000000001 0.010500000000000002 259.36919029611641
-0.016 0.010500000000000002 416.8002058082775
-0.0155 0.010500000000000002 645.1653341836161
-0.015000000000000001 0.010500000000000002 962.8890537066477
-0.014500000000000001 0.010500000000000002 1387.4840466709818
-0.014 0.010500000000000002 1933.7869647016098
-0.0135 0.010500000000000002 2613.0002715171227
-0.012999999999999999 0.010500000000000002 3433.2717630423481
-0.012500000000000001 0.010500000000000002 4402.1232779324591
-0.012 0.010500000000000002 5530.2021272125394
-0.0115 0.010500000000000002 6834.7830116221694
-0.010999999999999999 0.010500000000000002 8340.6353890806622
-0.010499999999999999 0.010500000000000002 10075.835742317677
-0.010000000000000002 0.010500000000000002 12061.245195323587
-0.0095000000000000015 0.010500000000000002 14294.665133896557
-0.0090000000000000011 0.010500000000000002 16733.515687703348
-0.0085000000000000006 0.010500000000000002 19282.150382138847
-0.0080000000000000002 0.010500000000000002 21790.413574439237
-0.0074999999999999997 0.010500000000000002 24068.004296991854
-0.0069999999999999993 0.010500000000000002 25914.801243856742
-0.0064999999999999988 0.010500000000000002 27161.766237005275
-0.0059999999999999984 0.010500000000000002 27712.332528367329
-0.0054999999999999979 0.010500000000000002 27572.232205022545
-0.005000000000000001 0.010500000000000002 26857.613222535594
-0.0044999999999999971 0.010500000000000002 25776.767054277982
-0.0040000000000000001 0.010500000000000002 24588.22709342801
-0.0035000000000000031 0.010500000000000002 23545.044183221162
-0.0029999999999999992 0.010500000000000002 22839.438322258346
-0.0025000000000000022 0.010500000000000002 22562.377568938631
-0.0019999999999999983 0.010500000000000002 22688.837282504745
-0.0015000000000000013 0.010500000000000002 23092.662803579082
-0.00099999999999999742 0.010500000000000002 23587.032681203418
-0.00050000000000000044 0.010500000000000002 23979.672161614042
0 0.010500000000000002 24128.032685166309
0.00050000000000000044 0.010500000000000002 23979.672079997858
0.0010000000000000009 0.010500000000000002 23587.032451029623
0.0015000000000000013 0.010500000000000002 23092.662249445089
0.0020000000000000018 0.010500000000000002 22688.836020949555
0.0024999999999999988 0.010500000000000002 22562.374815805506
0.0030000000000000027 0.010500000000000002 22839.432551535327
0.0034999999999999996 0.010500000000000002 23545.032562313583
0.0040000000000000036 0.010500000000000002 24588.204609357213
0.0045000000000000005 0.010500000000000002 25776.725258000679
0.0049999999999999975 0.010500000000000002 26857.538572776077
0.0055000000000000014 0.010500000000000002 27572.104105522485
0.0059999999999999984 0.010500000000000002 27712.121327996701
0.0064999999999999988 0.010500000000000002 27161.431679992525
0.0069999999999999993 0.010500000000000002 25914.292060945172
0.0074999999999999997 0.010500000000000002 24067.259726667056
0.0080000000000000002 0.010500000000000002 21789.367492155401
0.0085000000000000006 0.010500000000000002 19280.738318754557
0.0090000000000000011 0.010500000000000002 16731.684340215972
0.0095000000000000015 0.010500000000000002 14292.383134406909
0.010000000000000002 0.010500000000000002 12058.51314591194
0.010500000000000002 0.010500000000000002 10072.693137462253
0.011000000000000003 0.010500000000000002 8337.1622735874444
0.011500000000000003 0.010500000000000002 6831.0951306610968
0.012000000000000004 0.010500000000000002 5526.4397461141925
0.012499999999999997 0.010500000000000002 4398.4353969713993
0.013000000000000005 0.010500000000000002 3429.7986475491239
0.013499999999999998 0.010500000000000002 2609.8576666617032
0.014000000000000005 0.010500000000000002 1931.0549152899366
0.014499999999999999 0.010500000000000002 1385.2020471813155
0.014999999999999999 0.010500000000000002 961.05770621924921
0.0155 0.010500000000000002 643.75327079929889
0.016000000000000007 0.010500000000000002 415.75412352441475
0.016500000000000001 0.010500000000000002 258.62461997129736
0.017000000000000001 0.010500000000000002 154.84838229683459
0.017500000000000002 0.010500000000000002 89.191229163262747
0.017999999999999995 0.010500000000000002 49.403264090636448
0.018500000000000003 0.010500000000000002 26.308305917962887
0.019000000000000003 0.010500000000000002 13.466441227382198
0.019500000000000003 0.010500000000000002 6.6248826379213943
0.019999999999999997 0.010500000000000002 3.1320482077496763
0.020499999999999997 0.010500000000000002 1.4229020876512977
0.021000000000000005 0.010500000000000002 0.62115184825863456
0.021500000000000005 0.010500000000000002 0.26054487829472261
0.021999999999999999 0.010500000000000002 0.10500725238671883
0.022499999999999999 0.010500000000000002 0.040663148790585531
0.023000000000000007 0.010500000000000002 0.015129435222755554
0.023500000000000007 0.010500000000000002 0.0054085511072447662
0.024 0.010500000000000002 0.0018576898778029632
0.024500000000000001 0.010500000000000002 0.00061305271257439098
0.025000000000000001 0.010500000000000002 0.00019438087485958521
-0.025000000000000001 0.011000000000000003 0.0001350711592445216
-0.024500000000000001 0.011000000000000003 0.00042518570030161711
-0.024 0.011000000000000003 0.0012862516928989407
-0.0235 0.011000000000000003 0.0037393371723977008
-0.023 0.011000000000000003 0.010446643885219245
-0.022500000000000003 0.011000000000000003 0.028045734102586862
-0.022000000000000002 0.011000000000000003 0.072353839233970776
-0.021500000000000002 0.011000000000000003 0.1793746247298168
-0.021000000000000001 0.011000000000000003 0.42733531649474926
-0.020500000000000001 0.011000000000000003 0.97834842897325658
-0.02 0.011000000000000003 2.1525365384448776
-0.0195 0.011000000000000003 4.5515985959731049
-0.019 0.011000000000000003 9.2506121624387738
-0.018500000000000003 0.011000000000000003 18.072740630482791
-0.018000000000000002 0.011000000000000003 33.947093802607334
-0.017500000000000002 0.011000000000000003 61.32221445540349
-0.017000000000000001 0.011000000000000003 106.56828554250727
-0.016500000000000001 0.011000000000000003 178.26076609381508
-0.016 0.011000000000000003 287.2182184763048
-0.0155 0.011000000000000003 446.19621866739698
-0.015000000000000001 0.011000000000000003 669.24090095027884
-0.014500000000000001 0.011000000000000003 970.87790390066323
-0.014 0.011000000000000003 1365.5072235429682
-0.0135 0.011000000000000003 1867.4910068986774
-0.012999999999999999 0.011000000000000003 2492.3294441041903
-0.012500000000000001 0.011000000000000003 3258.9199635240238
-0.012 0.011000000000000003 4192.2005461297131
-0.0115 0.011000000000000003 5324.6828706662709
-0.010999999999999999 0.011000000000000003 6694.8569022379061
-0.010499999999999999 0.011000000000000003 8340.635389080664
-0.010000000000000002 0.011000000000000003 10287.203959439499
-0.0095000000000000015 0.011000000000000003 12530.776614779668
-0.0090000000000000011 0.011000000000000003 15022.250146791757
-0.0085000000000000006 0.011000000000000003 17656.612032197743
-0.0080000000000000002 0.011000000000000003 20274.119786254843
-0.0074999999999999997 0.011000000000000003 22677.093672154722
-0.0069999999999999993 0.011000000000000003 24661.85911231174
-0.0064999999999999988 0.011000000000000003 26060.121740309773
-0.0059999999999999984 0.011000000000000003 26779.689630494122
-0.0054999999999999979 0.011000000000000003 26832.777140037128
-0.005000000000000001 0.011000000000000003 26342.145026769045
-0.0044999999999999971 0.011000000000000003 25520.781031513692
-0.0040000000000000001 0.011000000000000003 24628.167406892375
-0.0035000000000000031 0.011000000000000003 23913.142064652406
-0.0029999999999999992 0.011000000000000003 23557.727896806391
-0.0025000000000000022 0.011000000000000003 23636.678042613545
-0.0019999999999999983 0.011000000000000003 24103.685299424713
-0.0015000000000000013 0.011000000000000003 24808.273581952322
-0.00099999999999999742 0.011000000000000003 25539.237606262341
-0.00050000000000000044 0.011000000000000003 26083.351130441628
0 0.011000000000000003 26283.876985362789
0.00050000000000000044 0.011000000000000003 26083.351095904753
0.0010000000000000009 0.011000000000000003 25539.237508861508
0.0015000000000000013 0.011000000000000003 24808.273347463826
0.0020000000000000018 0.011000000000000003 24103.684765582384
0.0024999999999999988 0.011000000000000003 23636.676877591995
0.0030000000000000027 0.011000000000000003 23557.725454855212
0.0034999999999999996 0.011000000000000003 23913.137147124944
0.0040000000000000036 0.011000000000000003 24628.157892486146
0.0045000000000000005 0.011000000000000003 25520.763344913947
0.0049999999999999975 0.011000000000000003 26342.113437821354
0.0055000000000000014 0.011000000000000003 26832.722933185931
0.0059999999999999984 0.011000000000000003 26779.600258505496
0.0064999999999999988 0.011000000000000003 26059.980168467606
0.0069999999999999993 0.011000000000000003 24661.643645410604
0.0074999999999999997 0.011000000000000003 22676.778598225657
0.0080000000000000002 0.011000000000000003 20273.677123897345
0.0085000000000000006 0.011000000000000003 17656.014500515696
0.0090000000000000011 0.011000000000000003 15021.475189975563
0.0095000000000000015 0.011000000000000003 12529.810959123792
0.010000000000000002 0.011000000000000003 10286.047859721484
0.010500000000000002 0.011000000000000003 8339.3055578661424
0.011000000000000003 0.011000000000000003 6693.3872114536671
0.011500000000000003 0.011000000000000003 5323.1222992794419
0.012000000000000004 0.011000000000000003 4190.6084491096626
0.012499999999999997 0.011000000000000003 3257.3593921372062
0.013000000000000005 0.011000000000000003 2490.8597533199463
0.013499999999999998 0.011000000000000003 1866.1611756841576
0.014000000000000005 0.011000000000000003 1364.3511238249284
0.014499999999999999 0.011000000000000003 969.91224824476842
0.014999999999999999 0.011000000000000003 668.4659441340641
0.0155 0.011000000000000003 445.59868698532472
0.016000000000000007 0.011000000000000003 286.77555611878921
0.016500000000000001 0.011000000000000003 177.94569216473266
0.017000000000000001 0.011000000000000003 106.35281864135889
0.017500000000000002 0.011000000000000003 61.180642613228535
0.017999999999999995 0.011000000000000003 33.857721813978301
0.018500000000000003 0.011000000000000003 18.018533779259609
0.019000000000000003 0.011000000000000003 9.2190232146217266
0.019500000000000003 0.011000000000000003 4.5339119956888201
0.019999999999999997 0.011000000000000003 2.1430221302020067
0.020499999999999997 0.011000000000000003 0.97343089437603114
0.021000000000000005 0.011000000000000003 0.42489334108287641
0.021500000000000005 0.011000000000000003 0.17820952427945219
0.021999999999999999 0.011000000000000003 0.07181975018375017
0.022499999999999999 0.011000000000000003 0.027810504378544636
0.023000000000000007 0.011000000000000003 0.010347103585370275
0.023500000000000007 0.011000000000000003 0.0036988671065576414
0.024 0.011000000000000003 0.0012704429586830395
0.024500000000000001 0.011000000000000003 0.00041925250689159749
0.025000000000000001 0.011000000000000003 0.00013293167972180028
-0.025000000000000001 0.011500000000000003 8.8214146382185771e-05
-0.024500000000000001 0.011500000000000003 0.00027788957368990273
-0.024 0.011500000000000003 0.00084120571090480153
-0.0235 0.011500000000000003 0.0024469393749060658
-0.023 0.011500000000000003 0.0068396240604722937
-0.022500000000000003 0.011500000000000003 0.018370818046182038
-0.022000000000000002 0.011500000000000003 0.047414805954663339
-0.021500000000000002 0.011500000000000003 0.1175964482828481
-0.021000000000000001 0.011500000000000003 0.28027181651343375
-0.020500000000000001 0.011500000000000003 0.64192798545310203
-0.02 0.011500000000000003 1.4129940937471339
-0.0195 0.011500000000000003 2.9893675554096921
-0.019 0.011500000000000003 6.0793639570425801
-0.018500000000000003 0.011500000000000003 11.886547519267189
-0.018000000000000002 0.011500000000000003 22.350356975786276
-0.017500000000000002 0.011500000000000003 40.429960544413817
-0.017000000000000001 0.011500000000000003 70.393998373406504
-0.016500000000000001 0.011500000000000003 118.05727440987778
-0.016 0.011500000000000003 190.89933895370262
-0.0155 0.011500000000000003 298.02732198540241
-0.015000000000000001 0.011500000000000003 450.01909392309165
-0.014500000000000001 0.011500000000000003 658.79601299980141
-0.014 0.011500000000000003 937.78690716557912
-0.0135 0.011500000000000003 1302.6800156739935
-0.012999999999999999 0.011500000000000003 1772.9243746284913
-0.012500000000000001 0.011500000000000003 2373.7741239318766
-0.012 0.011500000000000003 3138.0997751579657
-0.0115 0.011500000000000003 4106.5936897317106
-0.010999999999999999 0.011500000000000003 5324.6828706662691
-0.010499999999999999 0.011500000000000003 6834.7830116221694
-0.010000000000000002 0.011500000000000003 8663.7049739861704
-0.0095000000000000015 0.011500000000000003 10806.95754855202
-0.0090000000000000011 0.011500000000000003 13213.850038069952
-0.0085000000000000006 0.011500000000000003 15778.810147142231
-0.0080000000000000002 0.011500000000000003 18344.274959157839
-0.0074999999999999997 0.011500000000000003 20718.348599725578
-0.0069999999999999993 0.011500000000000003 22706.373616123932
-0.0064999999999999988 0.011500000000000003 24150.724194850729
-0.0059999999999999984 0.011500000000000003 24969.169154404375
-0.0054999999999999979 0.011500000000000003 25180.713609104088
-0.005000000000000001 0.011500000000000003 24909.835453806259
-0.0044999999999999971 0.011500000000000003 24365.24075565971
-0.0040000000000000001 0.011500000000000003 23796.255771496766
-0.0035000000000000031 0.011500000000000003 23436.633162237082
-0.0029999999999999992 0.011500000000000003 23449.779232803659
-0.0025000000000000022 0.011500000000000003 23889.826509251703
-0.0019999999999999983 0.011500000000000003 24689.332760365087
-0.0015000000000000013 0.011500000000000003 25677.610769776886
-0.00099999999999999742 0.011500000000000003 26625.599861428313
-0.00050000000000000044 0.011500000000000003 27305.986935453955
0 0.011500000000000003 27552.97969185187
0.00050000000000000044 0.011500000000000003 27305.986921412306
0.0010000000000000009 0.011500000000000003 26625.599821828084
0.0015000000000000013 0.011500000000000003 25677.61067444097
0.0020000000000000018 0.011500000000000003 24689.332543320983
0.0024999999999999988 0.011500000000000003 23889.826035589285
0.0030000000000000027 0.011500000000000003 23449.778239980387
0.0034999999999999996 0.011500000000000003 23436.631162919603
0.0040000000000000036 0.011500000000000003 23796.251903227851
0.0045000000000000005 0.011500000000000003 24365.233564824863
0.0049999999999999975 0.011500000000000003 24909.822610698538
0.0055000000000000014 0.011500000000000003 25180.691570243034
0.0059999999999999984 0.011500000000000003 24969.132818465368
0.0064999999999999988 0.011500000000000003 24150.666636035028
0.0069999999999999993 0.011500000000000003 22706.286013819255
0.0074999999999999997 0.011500000000000003 20718.220500225452
0.0080000000000000002 0.011500000000000003 18344.094986073782
0.0085000000000000006 0.011500000000000003 15778.567208889586
0.0090000000000000011 0.011500000000000003 13213.534964140888
0.0095000000000000015 0.011500000000000003 10806.564942260593
0.010000000000000002 0.011500000000000003 8663.2349389171995
0.010500000000000002 0.011500000000000003 6834.2423425977695
0.011000000000000003 0.011500000000000003 5324.0853389841977
0.011500000000000003 0.011500000000000003 4105.9592087539668
0.012000000000000004 0.011500000000000003 3137.4524768142496
0.012499999999999997 0.011500000000000003 2373.1396429541414
0.013000000000000005 0.011500000000000003 1772.3268429464151
0.013499999999999998 0.011500000000000003 1302.1393466495954
0.014000000000000005 0.011500000000000003 937.31687209658901
0.014499999999999999 0.011500000000000003 658.40340670835837
0.014999999999999999 0.011500000000000003 449.70401999400991
0.0155 0.011500000000000003 297.78438373273815
0.016000000000000007 0.011500000000000003 190.7193658696271
0.016500000000000001 0.011500000000000003 117.92917490973763
0.017000000000000001 0.011500000000000003 70.306396068721256
0.017500000000000002 0.011500000000000003 40.3724017287119
0.017999999999999995 0.011500000000000003 22.314021036779089
0.018500000000000003 0.011500000000000003 11.864508658209772
0.019000000000000003 0.011500000000000003 6.0665208492770244
0.019500000000000003 0.011500000000000003 2.9821767203501368
0.019999999999999997 0.011500000000000003 1.4091258240252011
0.020499999999999997 0.011500000000000003 0.63992866508514679
0.021000000000000005 0.011500000000000003 0.27927898340113316
0.021500000000000005 0.011500000000000003 0.11712275378917972
0.021999999999999999 0.011500000000000003 0.047197661551244177
0.022499999999999999 0.011500000000000003 0.018275180777317299
0.023000000000000007 0.011500000000000003 0.0067991539946321965
0.023500000000000007 0.011500000000000003 0.0024304854740077771
0.024 0.011500000000000003 0.00083477835921371302
0.024500000000000001 0.011500000000000003 0.00027547731726401594
0.025000000000000001 0.011500000000000003 8.7344298920610984e-05
-0.025000000000000001 0.012000000000000004 5.5480573710605021e-05
-0.024500000000000001 0.012000000000000004 0.00017485450578618017
-0.024 0.012000000000000004 0.00052952658589435647
-0.0235 0.012000000000000004 0.001540893568947062
-0.023 0.012000000000000004 0.0043085618760979024
-0.022500000000000003 0.012000000000000004 0.011576313960601246
-0.022000000000000002 0.012000000000000004 0.029887759774862011
-0.021500000000000002 0.012000000000000004 0.074150304665056774
-0.021000000000000001 0.012000000000000004 0.17678552681075543
-0.020500000000000001 0.012000000000000004 0.40506159189571572
-0.02 0.012000000000000004 0.8920199949549471
-0.0195 0.012000000000000004 1.8882648554105825
-0.019 0.012000000000000004 3.842957260561962
-0.018500000000000003 0.012000000000000004 7.5213442330214759
-0.018000000000000002 0.012000000000000004 14.161593088764613
-0.017500000000000002 0.012000000000000004 25.664882117809551
-0.017000000000000001 0.012000000000000004 44.801100660468094
-0.016500000000000001 0.012000000000000004 75.403314908924017
-0.016 0.012000000000000004 122.52656873138189
-0.0155 0.012000000000000004 192.57134102588037
-0.015000000000000001 0.012000000000000004 293.42474211297656
-0.014500000000000001 0.012000000000000004 434.74401881766164
-0.014 0.012000000000000004 628.56392699263233
-0.0135 0.012000000000000004 890.39445256370198
-0.012999999999999999 0.012000000000000004 1240.822821215452
-0.012500000000000001 0.012000000000000004 1707.3070721644679
-0.012 0.012000000000000004 2325.3875837087767
-0.0115 0.012000000000000004 3138.0997751579657
-0.010999999999999999 0.012000000000000004 4192.2005461297131
-0.010499999999999999 0.012000000000000004 5530.2021272125376
-0.010000000000000002 0.012000000000000004 7178.3018193522821
-0.0095000000000000015 0.012000000000000004 9131.9935153641745
-0.0090000000000000011 0.012000000000000004 11342.979014873574
-0.0085000000000000006 0.012000000000000004 13712.21101717151
-0.0080000000000000002 0.012000000000000004 16093.712449012999
-0.0074999999999999997 0.012000000000000004 18311.784597305174
-0.0069999999999999993 0.012000000000000004 20190.556766155143
-0.0064999999999999988 0.012000000000000004 21590.512892187271
-0.0059999999999999984 0.012000000000000004 22443.133169511082
-0.0054999999999999979 0.012000000000000004 22773.566497142721
-0.005000000000000001 0.012000000000000004 22703.131060302767
-0.0044999999999999971 0.012000000000000004 22428.220669143753
-0.0040000000000000001 0.012000000000000004 22178.620826806127
-0.0035000000000000031 0.012000000000000004 22164.403574939028
-0.0029999999999999992 0.012000000000000004 22524.547096879494
-0.0025000000000000022 0.012000000000000004 23290.893662204748
-0.0019999999999999983 0.012000000000000004 24377.706344405931
-0.0015000000000000013 0.012000000000000004 25600.696510785448
-0.00099999999999999742 0.012000000000000004 26721.638709614275
-0.00050000000000000044 0.012000000000000004 27507.679878260871
0 0.012000000000000004 27790.178480693568
0.00050000000000000044 0.012000000000000004 27507.679872775814
0.0010000000000000009 0.012000000000000004 26721.638694145313
0.0015000000000000013 0.012000000000000004 25600.69647354458
0.0020000000000000018 0.012000000000000004 24377.706259622453
0.0024999999999999988 0.012000000000000004 23290.893477179023
0.0030000000000000027 0.012000000000000004 22524.546709055074
0.0034999999999999996 0.012000000000000004 22164.402793949961
0.0040000000000000036 0.012000000000000004 22178.6193157526
0.0045000000000000005 0.012000000000000004 22428.217860203491
0.0049999999999999975 0.012000000000000004 22703.126043427386
0.0055000000000000014 0.012000000000000004 22773.557888150124
0.0059999999999999984 0.012000000000000004 22443.118975681879
0.0064999999999999988 0.012000000000000004 21590.490408111684
0.0069999999999999993 0.012000000000000004 20190.522546256492
0.0074999999999999997 0.012000000000000004 18311.734558074735
0.0080000000000000002 0.012000000000000004 16093.642146516757
0.0085000000000000006 0.012000000000000004 13712.116118727761
0.0090000000000000011 0.012000000000000004 11342.855938226692
0.0095000000000000015 0.012000000000000004 9131.8401524184137
0.010000000000000002 0.012000000000000004 7178.1182105707576
0.010500000000000002 0.012000000000000004 5529.9909268418915
0.011000000000000003 0.012000000000000004 4191.9671336221863
0.011500000000000003 0.012000000000000004 3137.851929227053
0.012000000000000004 0.012000000000000004 2325.1347309579396
0.012499999999999997 0.012000000000000004 1707.0592262335624
0.013000000000000005 0.012000000000000004 1240.5894087079239
0.013499999999999998 0.012000000000000004 890.183252193057
0.014000000000000005 0.012000000000000004 628.3803182110895
0.014499999999999999 0.012000000000000004 434.59065587188746
0.014999999999999999 0.012000000000000004 293.30166546608166
0.0155 0.012000000000000004 192.47644258211636
0.016000000000000007 0.012000000000000004 122.45626623512636
0.016500000000000001 0.012000000000000004 75.35327567847375
0.017000000000000001 0.012000000000000004 44.766880761816481
0.017500000000000002 0.012000000000000004 25.642398042226112
0.017999999999999995 0.012000000000000004 14.147399259564574
0.018500000000000003 0.012000000000000004 7.5127352404328498
0.019000000000000003 0.012000000000000004 3.8379403851762266
0.019500000000000003 0.012000000000000004 1.8854559150768442
0.019999999999999997 0.012000000000000004 0.89050894112688739
0.020499999999999997 0.012000000000000004 0.40428060170819474
0.021000000000000005 0.012000000000000004 0.1763976985612245
0.021500000000000005 0.012000000000000004 0.073965266410373473
0.021999999999999999 0.012000000000000004 0.029802937126594164
0.022499999999999999 0.012000000000000004 0.011538955381285047
0.023000000000000007 0.012000000000000004 0.0042927531418819401
0.023500000000000007 0.012000000000000004 0.0015344662172559571
0.024 0.012000000000000004 0.00052701588341617868
0.024500000000000001 0.012000000000000004 0.00017391221128020633
0.025000000000000001 0.012000000000000004 5.514078707959796e-05
-0.025000000000000001 0.012499999999999997 3.3573620300547098e-05
-0.024500000000000001 0.012499999999999997 0.00010584353894794177
-0.024 0.012499999999999997 0.0003206228540921489
-0.0235 0.012499999999999997 0.00093323414932393214
-0.023 0.012499999999999997 0.002610100892905995
-0.022500000000000003 0.012499999999999997 0.0070145894317647931
-0.022000000000000002 0.012499999999999997 0.018114974615395189
-0.021500000000000002 0.012499999999999997 0.044955426362612905
-0.021000000000000001 0.012499999999999997 0.10721670799461308
-0.020500000000000001 0.012499999999999997 0.24576379927997155
-0.02 0.012499999999999997 0.54150763228193599
-0.0195 0.012499999999999997 1.1471030853983044
-0.019 0.012499999999999997 2.3368177614824068
-0.018500000000000003 0.012499999999999997 4.5796426336376177
-0.018000000000000002 0.012499999999999997 8.6386678239458519
-0.017500000000000002 0.012499999999999997 15.695762081463755
-0.017000000000000001 0.012499999999999997 27.495956284032737
-0.016500000000000001 0.012499999999999997 46.504179354109112
-0.016 0.012499999999999997 76.073872859054831
-0.0155 0.012499999999999997 120.64844484271933
-0.015000000000000001 0.012499999999999997 186.05389639627566
-0.014500000000000001 0.012499999999999997 279.98435092354282
-0.014 0.012499999999999997 412.80475400389133
-0.0135 0.012499999999999997 598.75379304281535
-0.012999999999999999 0.012499999999999997 857.47969751434812
-0.012500000000000001 0.012499999999999997 1215.5621921715547
-0.012 0.012499999999999997 1707.3070721644749
-0.0115 0.012499999999999997 2373.7741239318857
-0.010999999999999999 0.012499999999999997 3258.9199635240348
-0.010499999999999999 0.012499999999999997 4402.1232779324737
-0.010000000000000002 0.012499999999999997 5827.328259208849
-0.0095000000000000015 0.012499999999999997 7530.4843880998469
-0.0090000000000000011 0.012499999999999997 9468.4771462548088
-0.0085000000000000006 0.012499999999999997 11553.704069433456
-0.0080000000000000002 0.012499999999999997 13658.204388533472
-0.0074999999999999997 0.012499999999999997 15629.436909891519
-0.0069999999999999993 0.012499999999999997 17316.61580488483
-0.0064999999999999988 0.012499999999999997 18602.789417511245
-0.0059999999999999984 0.012499999999999997 19434.847051661574
-0.0054999999999999979 0.012499999999999997 19842.614016072414
-0.005000000000000001 0.012499999999999997 19939.870262348817
-0.0044999999999999971 0.012499999999999997 19904.345973035361
-0.0040000000000000001 0.012499999999999997 19939.442812035766
-0.0035000000000000031 0.012499999999999997 20225.946034495588
-0.0029999999999999992 0.012499999999999997 20875.617243055069
-0.0025000000000000022 0.012499999999999997 21899.065608519893
-0.0019999999999999983 0.012499999999999997 23197.329695245226
-0.0015000000000000013 0.012499999999999997 24580.794732738636
-0.00099999999999999742 0.012499999999999997 25811.898618474559
-0.00050000000000000044 0.012499999999999997 26661.497730260176
0 0.012499999999999997 26964.67749398086
0.00050000000000000044 0.012499999999999997 26661.497728201575
0.0010000000000000009 0.012499999999999997 25811.898612668876
0.0015000000000000013 0.012499999999999997 24580.794718761717
0.0020000000000000018 0.012499999999999997 23197.329663425036
0.0024999999999999988 0.012499999999999997 21899.065539077685
0.0030000000000000027 0.012499999999999997 20875.617097500246
0.0034999999999999996 0.012499999999999997 20225.945741381718
0.0040000000000000036 0.012499999999999997 19939.442244920599
0.0045000000000000005 0.012499999999999997 19904.344918808893
0.0049999999999999975 0.012499999999999997 19939.868379459793
0.0055000000000000014 0.012499999999999997 19842.610785021934
0.0059999999999999984 0.012499999999999997 19434.841724559934
0.0064999999999999988 0.012499999999999997 18602.780978988128
0.0069999999999999993 0.012499999999999997 17316.602961777069
0.0074999999999999997 0.012499999999999997 15629.418129612959
0.0080000000000000002 0.012499999999999997 13658.178003226361
0.0085000000000000006 0.012499999999999997 11553.668452994256
0.0090000000000000011 0.012499999999999997 9468.4309542232313
0.0095000000000000015 0.012499999999999997 7530.426829284158
0.010000000000000002 0.012499999999999997 5827.2593487953009
0.010500000000000002 0.012499999999999997 4402.0440120892872
0.011000000000000003 0.012499999999999997 3258.832361219349
0.011500000000000003 0.012499999999999997 2373.6811046032085
0.012000000000000004 0.012499999999999997 1707.212173720711
0.012499999999999997 0.012499999999999997 1215.4691728428836
0.013000000000000005 0.012499999999999997 857.39209520966131
0.013499999999999998 0.012499999999999997 598.6745271996316
0.014000000000000005 0.012499999999999997 412.73584359033146
0.014499999999999999 0.012499999999999997 279.92679210784183
0.014999999999999999 0.012499999999999997 186.00770436468696
0.0155 0.012499999999999997 120.61282840351102
0.016000000000000007 0.012499999999999997 76.047487551932932
0.016500000000000001 0.012499999999999997 46.485399075543164
0.017000000000000001 0.012499999999999997 27.483113176267217
0.017500000000000002 0.012499999999999997 15.687323558349878
0.017999999999999995 0.012499999999999997 8.6333407223119032
0.018500000000000003 0.012499999999999997 4.5764115831691772
0.019000000000000003 0.012499999999999997 2.3349348724685828
0.019500000000000003 0.012499999999999997 1.146048858915037
0.019999999999999997 0.012499999999999997 0.54094051700930423
0.020499999999999997 0.012499999999999997 0.24547068499450111
0.021000000000000005 0.012499999999999997 0.10707115174811593
0.021500000000000005 0.012499999999999997 0.044885979451918051
0.021999999999999999 0.012499999999999997 0.018083139734066334
0.022499999999999999 0.012499999999999997 0.0070005683423101182
0.023000000000000007 0.012499999999999997 0.0026041676994959387
0.023500000000000007 0.012499999999999997 0.00093082189289803521
0.024 0.012499999999999997 0.00031968055958617506
0.024500000000000001 0.012499999999999997 0.00010548988536146309
0.025000000000000001 0.012499999999999997 3.3446094606688821e-05
-0.025000000000000001 0.013000000000000005 1.9537894240606226e-05
-0.024500000000000001 0.013000000000000005 6.1607200764005526e-05
-0.024 0.013000000000000005 0.00018665731114451706
-0.0235 0.013000000000000005 0.00054340495061318728
-0.023 0.013000000000000005 0.001520112225825578
-0.022500000000000003 0.013000000000000005 0.0040861470592723978
-0.022000000000000002 0.013000000000000005 0.010554982824952383
-0.021500000000000002 0.013000000000000005 0.026201958648500868
-0.021000000000000001 0.013000000000000005 0.062514708362413726
-0.020500000000000001 0.013000000000000005 0.14337035857052838
-0.02 0.013000000000000005 0.31611530604608712
-0.0195 0.013000000000000005 0.67027694462836995
-0.019 0.013000000000000005 1.3672429864497289
-0.018500000000000003 0.013000000000000005 2.6843806809944719
-0.018000000000000002 0.013000000000000005 5.0764683648843025
-0.017500000000000002 0.013000000000000005 9.2561195926456445
-0.017000000000000001 0.013000000000000005 16.294161600814004
-0.016500000000000001 0.013000000000000005 27.743078185277973
-0.016 0.013000000000000005 45.795120399436712
-0.0155 0.013000000000000005 73.504499129074318
-0.015000000000000001 0.013000000000000005 115.12930388119629
-0.014500000000000001 0.013000000000000005 176.67411557250628
-0.014 0.013000000000000005 266.71746001505528
-0.0135 0.013000000000000005 397.55767971817744
-0.012999999999999999 0.013000000000000005 586.57527091546331
-0.012500000000000001 0.013000000000000005 857.47969751434243
-0.012 0.013000000000000005 1240.8228212154506
-0.0115 0.013000000000000005 1772.924374628489
-0.010999999999999999 0.013000000000000005 2492.329444104188
-0.010499999999999999 0.013000000000000005 3433.271763042344
-0.010000000000000002 0.013000000000000005 4616.4339777832138
-0.0095000000000000015 0.013000000000000005 6038.479772290837
-0.0090000000000000011 0.013000000000000005 7663.0530679192943
-0.0085000000000000006 0.013000000000000005 9416.684008408949
-0.0080000000000000002 0.013000000000000005 11192.785701570692
-0.0074999999999999997 0.013000000000000005 12865.381090086956
-0.0069999999999999993 0.013000000000000005 14311.53206937311
-0.0064999999999999988 0.013000000000000005 15438.339857081797
-0.0059999999999999984 0.013000000000000005 16207.891374104336
-0.0054999999999999979 0.013000000000000005 16652.682464725738
-0.005000000000000001 0.013000000000000005 16875.471124702508
-0.0044999999999999971 0.013000000000000005 17031.094148703451
-0.0040000000000000001 0.013000000000000005 17292.648388926042
-0.0035000000000000031 0.013000000000000005 17809.206296691485
-0.0029999999999999992 0.013000000000000005 18665.432576121893
-0.0025000000000000022 0.013000000000000005 19853.99638799766
-0.0019999999999999983 0.013000000000000005 21269.150914592989
-0.0015000000000000013 0.013000000000000005 22724.760583910469
-0.00099999999999999742 0.013000000000000005 23993.65750429179
-0.00050000000000000044 0.013000000000000005 24859.246775874748
0 0.013000000000000005 25166.513469205835
0.00050000000000000044 0.013000000000000005 24859.246775132426
0.0010000000000000009 0.013000000000000005 23993.65750219829
0.0015000000000000013 0.013000000000000005 22724.760578870464
0.0020000000000000018 0.013000000000000005 21269.150903118778
0.0024999999999999988 0.013000000000000005 19853.996362957154
0.0030000000000000027 0.013000000000000005 18665.432523635554
0.0034999999999999996 0.013000000000000005 17809.206190996101
0.0040000000000000036 0.013000000000000005 17292.648184427173
0.0045000000000000005 0.013000000000000005 17031.093768554711
0.0049999999999999975 0.013000000000000005 16875.470445742245
0.0055000000000000014 0.013000000000000005 16652.681299625274
0.0059999999999999984 0.013000000000000005 16207.889453178435
0.0064999999999999988 0.013000000000000005 15438.336814193055
0.0069999999999999993 0.013000000000000005 14311.527438213434
0.0074999999999999997 0.013000000000000005 12865.374318013537
0.0080000000000000002 0.013000000000000005 11192.776187162459
0.0085000000000000006 0.013000000000000005 9416.6711653011916
0.0090000000000000011 0.013000000000000005 7663.036411306437
0.0095000000000000015 0.013000000000000005 6038.4590168731429
0.010000000000000002 0.013000000000000005 4616.4091290367678
0.010500000000000002 0.013000000000000005 3433.2431801803614
0.011000000000000003 0.013000000000000005 2492.2978551563706
0.011500000000000003 0.013000000000000005 1772.8908323292299
0.012000000000000004 0.013000000000000005 1240.7886013167988
0.012499999999999997 0.013000000000000005 857.44615521508751
0.013000000000000005 0.013000000000000005 586.54368196764528
0.013499999999999998 0.013000000000000005 397.52909685619727
0.014000000000000005 0.013000000000000005 266.69261126860005
0.014499999999999999 0.013000000000000005 176.65336015480239
0.014999999999999999 0.013000000000000005 115.11264726832921
0.0155 0.013000000000000005 73.491656021308856
0.016000000000000007 0.013000000000000005 45.785605991193549
0.016500000000000001 0.013000000000000005 27.736306111852056
0.017000000000000001 0.013000000000000005 16.289530441137664
0.017500000000000002 0.013000000000000005 9.2530767039082491
0.017999999999999995 0.013000000000000005 5.0745474389893319
0.018500000000000003 0.013000000000000005 2.6832155805441085
0.019000000000000003 0.013000000000000005 1.3665640261984322
0.019500000000000003 0.013000000000000005 0.66989679589270779
0.019999999999999997 0.013000000000000005 0.3159108071482814
0.020499999999999997 0.013000000000000005 0.1432646630422956
0.021000000000000005 0.013000000000000005 0.062462221516416019
0.021500000000000005 0.013000000000000005 0.026176916443893632
0.021999999999999999 0.013000000000000005 0.010543503327824229
0.022499999999999999 0.013000000000000005 0.0040810911253593438
0.023000000000000007 0.013000000000000005 0.0015179727463028297
0.023500000000000007 0.013000000000000005 0.00054253510315160479
0.024 0.013000000000000005 0.00018631752451350999
0.024500000000000001 0.013000000000000005 6.1479675070147256e-05
0.025000000000000001 0.013000000000000005 1.9491909120658871e-05
-0.025000000000000001 0.013499999999999998 1.0930419159009277e-05
-0.024500000000000001 0.013499999999999998 3.4471030079962605e-05
-0.024 0.013499999999999998 0.00010445588255839376
-0.0235 0.013499999999999998 0.00030414566145271896
-0.023 0.013499999999999998 0.00085096881266798446
-0.022500000000000003 0.013499999999999998 0.002287958993958528
-0.022000000000000002 0.013499999999999998 0.0059117112465629246
-0.021500000000000002 0.013499999999999998 0.014680755104056776
-0.021000000000000001 0.013499999999999998 0.035043744967865192
-0.020500000000000001 0.013499999999999998 0.080422962365087391
-0.02 0.013499999999999998 0.17748876488036891
-0.0195 0.013499999999999998 0.376827986685003
-0.019 0.013499999999999998 0.77005435271186984
-0.018500000000000003 0.013499999999999998 1.5157162135219355
-0.018000000000000002 0.013499999999999998 2.8764930858942583
-0.017500000000000002 0.013499999999999998 5.2704038610251454
-0.017000000000000001 0.013499999999999998 9.3399261800658184
-0.016500000000000001 0.013499999999999998 16.046651187599402
-0.016 0.013499999999999998 26.807422506174714
-0.0155 0.013499999999999998 43.702114060522582
-0.015000000000000001 0.013499999999999998 69.801430673598134
-0.014500000000000001 0.013499999999999998 109.67732354872207
-0.014 0.013499999999999998 170.15247702919694
-0.0135 0.013499999999999998 261.29589804742022
-0.012999999999999999 0.013499999999999998 397.55767971817937
-0.012500000000000001 0.013499999999999998 598.7537930428141
-0.012 0.013499999999999998 890.39445256370459
-0.0115 0.013499999999999998 1302.6800156739969
-0.010999999999999999 0.013499999999999998 1867.4910068986812
-0.010499999999999999 0.013499999999999998 2613.0002715171295
-0.010000000000000002 0.013499999999999998 3556.1952689579766
-0.0095000000000000015 0.013499999999999998 4694.5355236926789
-0.0090000000000000011 0.013499999999999998 5998.9223470721536
-0.0085000000000000006 0.013499999999999998 7410.7221016991989
-0.0080000000000000002 0.013499999999999998 8845.3495169848447
-0.0074999999999999997 0.013499999999999998 10203.658730697027
-0.0069999999999999993 0.013499999999999998 11390.240146503584
-0.0064999999999999988 0.013499999999999998 12335.226579470591
-0.0059999999999999984 0.013499999999999998 13014.205774883672
-0.0054999999999999979 0.013499999999999998 13460.156513818436
-0.005000000000000001 0.013499999999999998 13762.480612588748
-0.0044999999999999971 0.013499999999999998 14051.127920985411
-0.0040000000000000001 0.013499999999999998 14467.823688166016
-0.0035000000000000031 0.013499999999999998 15130.388011439491
-0.0029999999999999992 0.013499999999999998 16098.863570344063
-0.0025000000000000022 0.013499999999999998 17352.688853884178
-0.0019999999999999983 0.013499999999999998 18786.089111045101
-0.0015000000000000013 0.013499999999999998 20224.551313987238
-0.00099999999999999742 0.013499999999999998 21459.741554344357
-0.00050000000000000044 0.013499999999999998 22295.016170050905
0 0.013499999999999998 22590.333046454325
0.00050000000000000044 0.013499999999999998 22295.016169793718
0.0010000000000000009 0.013499999999999998 21459.741553619046
0.0015000000000000013 0.013499999999999998 20224.551312241099
0.0020000000000000018 0.013499999999999998 18786.089107069783
0.0024999999999999988 0.013499999999999998 17352.688845208751
0.0030000000000000027 0.013499999999999998 16098.863552159857
0.0034999999999999996 0.013499999999999998 15130.387974820709
0.0040000000000000036 0.013499999999999998 14467.823617316184
0.0045000000000000005 0.013499999999999998 14051.127789280661
0.0049999999999999975 0.013499999999999998 13762.480377359016
0.0055000000000000014 0.013499999999999998 13460.156110162599
0.0059999999999999984 0.013499999999999998 13014.205109367727
0.0064999999999999988 0.013499999999999998 12335.225525244103
0.0069999999999999993 0.013499999999999998 11390.238542011406
0.0074999999999999997 0.013499999999999998 10203.656384472843
0.0080000000000000002 0.013499999999999998 8845.3462206628319
0.0085000000000000006 0.013499999999999998 7410.7176521298979
0.0090000000000000011 0.013499999999999998 5998.9165762918519
0.0095000000000000015 0.013499999999999998 4694.5283328576252
0.010000000000000002 0.013499999999999998 3556.1866599653954
0.010500000000000002 0.013499999999999998 2612.99036881852
0.011000000000000003 0.013499999999999998 1867.4800627241677
0.011500000000000003 0.013499999999999998 1302.6683947495267
0.012000000000000004 0.013499999999999998 890.38259688098822
0.012499999999999997 0.013499999999999998 598.74217211834718
0.013000000000000005 0.013499999999999998 397.54673554366525
0.013499999999999998 0.013499999999999998 261.28599534881192
0.014000000000000005 0.013499999999999998 170.14386803660798
0.014499999999999999 0.013499999999999998 109.67013271366291
0.014999999999999999 0.013499999999999998 69.795659893289994
0.0155 0.013499999999999998 43.69766449121456
0.016000000000000007 0.013499999999999998 26.804126184156942
0.016500000000000001 0.013499999999999998 16.044304963413015
0.017000000000000001 0.013499999999999998 9.3383216878873849
0.017500000000000002 0.013499999999999998 5.2693496345418867
0.017999999999999995 0.013499999999999998 2.8758275699567375
0.018500000000000003 0.013499999999999998 1.5153125577012891
0.019000000000000003 0.013499999999999998 0.76981912298782451
0.019500000000000003 0.013499999999999998 0.37669628194674204
0.019999999999999997 0.013499999999999998 0.17741791504901858
0.020499999999999997 0.013499999999999998 0.080386343535205254
0.021000000000000005 0.013499999999999998 0.035025560595103297
0.021500000000000005 0.013499999999999998 0.014672079086767069
0.021999999999999999 0.013499999999999998 0.0059077341080832138
0.022499999999999999 0.013499999999999998 0.0022862073362777116
0.023000000000000007 0.013499999999999998 0.00085022757755624356
0.023500000000000007 0.013499999999999998 0.00030384429774555223
0.024 0.013499999999999998 0.00010433816150580888
0.024500000000000001 0.013499999999999998 3.4426848062359032e-05
0.025000000000000001 0.013499999999999998 1.0914487347014792e-05
-0.025000000000000001 0.014000000000000005 5.8774548754273315e-06
-0.024500000000000001 0.014000000000000005 1.8537861800557246e-05
-0.024 0.014000000000000005 5.6182060848881426e-05
-0.0235 0.014000000000000005 0.0001636126516798417
-0.023 0.014000000000000005 0.00045786434730543229
-0.022500000000000003 0.014000000000000005 0.001231361391410665
-0.022000000000000002 0.014000000000000005 0.0031827535949480699
-0.021500000000000002 0.014000000000000005 0.007907627249578688
-0.021000000000000001 0.014000000000000005 0.018888423243775879
-0.020500000000000001 0.014000000000000005 0.043387588420378709
-0.02 0.014000000000000005 0.095877337582042657
-0.0195 0.014000000000000005 0.20392554959822265
-0.019 0.014000000000000005 0.41777743075389351
-0.018500000000000003 0.014000000000000005 0.8252141891143554
-0.018000000000000002 0.014000000000000005 1.5737040159378632
-0.017500000000000002 0.014000000000000005 2.902672240138497
-0.017000000000000001 0.014000000000000005 5.1905574938849615
-0.016500000000000001 0.014000000000000005 9.0252523329650494
-0.016 0.014000000000000005 15.313733645520214
-0.0155 0.014000000000000005 25.457566908092559
-0.015000000000000001 0.014000000000000005 41.633483961583138
-0.014500000000000001 0.014000000000000005 67.225901713250551
-0.014 0.014000000000000005 107.44890195760973
-0.0135 0.014000000000000005 170.15247702919598
-0.012999999999999999 0.014000000000000005 266.71746001505505
-0.012500000000000001 0.014000000000000005 412.80475400388838
-0.012 0.014000000000000005 628.5639269926312
-0.0115 0.014000000000000005 937.78690716557753
-0.010999999999999999 0.014000000000000005 1365.5072235429654
-0.010499999999999999 0.014000000000000005 1933.7869647016059
-0.010000000000000002 0.014000000000000005 2655.9442437101152
-0.0095000000000000015 0.014000000000000005 3530.1886900937138
-0.0090000000000000011 0.014000000000000005 4534.3510356579109
-0.0085000000000000006 0.014000000000000005 5623.8089646866583
-0.0080000000000000002 0.014000000000000005 6734.5131623780308
-0.0074999999999999997 0.014000000000000005 7792.0339314164139
-0.0069999999999999993 0.014000000000000005 8725.8814128971535
-0.0064999999999999988 0.014000000000000005 9486.4184822833722
-0.0059999999999999984 0.014000000000000005 10060.125617718484
-0.0054999999999999979 0.014000000000000005 10478.443236823432
-0.005000000000000001 0.014000000000000005 10816.315825193144
-0.0044999999999999971 0.014000000000000005 11178.862804123182
-0.0040000000000000001 0.014000000000000005 11677.790523760543
-0.0035000000000000031 0.014000000000000005 12402.367311727563
-0.0029999999999999992 0.014000000000000005 13392.029658992909
-0.0025000000000000022 0.014000000000000005 14618.176313463955
-0.0019999999999999983 0.014000000000000005 15981.079522774357
-0.0015000000000000013 0.014000000000000005 17324.329731391503
-0.00099999999999999742 0.014000000000000005 18464.656926402626
-0.00050000000000000044 0.014000000000000005 19230.587615069493
0 0.014000000000000005 19500.536520068468
0.00050000000000000044 0.014000000000000005 19230.587614983884
0.0010000000000000009 0.014000000000000005 18464.656926161188
0.0015000000000000013 0.014000000000000005 17324.329730810263
0.0020000000000000018 0.014000000000000005 15981.079521451085
0.0024999999999999988 0.014000000000000005 14618.176310576162
0.0030000000000000027 0.014000000000000005 13392.029652939904
0.0034999999999999996 0.014000000000000005 12402.367299538231
0.0040000000000000036 0.014000000000000005 11677.79050017667
0.0045000000000000005 0.014000000000000005 11178.862760282471
0.0049999999999999975 0.014000000000000005 10816.315746891963
0.0055000000000000014 0.014000000000000005 10478.44310245807
0.0059999999999999984 0.014000000000000005 10060.125396187468
0.0064999999999999988 0.014000000000000005 9486.4181313618556
0.0069999999999999993 0.014000000000000005 8725.8808788081042
0.0074999999999999997 0.014000000000000005 7792.0331504262267
0.0080000000000000002 0.014000000000000005 6734.5120651277512
0.0085000000000000006 0.014000000000000005 5623.8074835537054
0.0090000000000000011 0.014000000000000005 4534.349114732021
0.0095000000000000015 0.014000000000000005 3530.1862964726588
0.010000000000000002 0.014000000000000005 2655.9413780254272
0.010500000000000002 0.014000000000000005 1933.7836683795877
0.011000000000000003 0.014000000000000005 1365.5035805437342
0.011500000000000003 0.014000000000000005 937.78303889585516
0.012000000000000004 0.014000000000000005 628.55998057867714
0.012499999999999997 0.014000000000000005 412.80088573416867
0.013000000000000005 0.014000000000000005 266.71381701582425
0.013499999999999998 0.014000000000000005 170.14918070717903
0.014000000000000005 0.014000000000000005 107.44603627291697
0.014499999999999999 0.014000000000000005 67.223508092191892
0.014999999999999999 0.014000000000000005 41.631563035688274
0.0155 0.014000000000000005 25.45608577513503
0.016000000000000007 0.014000000000000005 15.312636395237908
0.016500000000000001 0.014000000000000005 9.0244713427775327
0.017000000000000001 0.014000000000000005 5.1900234048347427
0.017500000000000002 0.014000000000000005 2.9023213186265524
0.017999999999999995 0.014000000000000005 1.5734824849265301
0.018500000000000003 0.014000000000000005 0.82507982376389588
0.019000000000000003 0.014000000000000005 0.41769912958073202
0.019500000000000003 0.014000000000000005 0.20388170889926913
0.019999999999999997 0.014000000000000005 0.095853753721901289
0.020499999999999997 0.014000000000000005 0.043375399070792228
0.021000000000000005 0.014000000000000005 0.01888237019190827
0.021500000000000005 0.014000000000000005 0.0079047392543012737
0.021999999999999999 0.014000000000000005 0.003181429720552323
0.022499999999999999 0.014000000000000005 0.0012307783152201827
0.023000000000000007 0.014000000000000005 0.00045761761157050795
0.023500000000000007 0.014000000000000005 0.00016351233641604863
0.024 0.014000000000000005 5.6142874914533419e-05
0.024500000000000001 0.014000000000000005 1.8523154884477577e-05
0.025000000000000001 0.014000000000000005 5.8721516359034524e-06
-0.025000000000000001 0.014499999999999999 3.0372865266746484e-06
-0.024500000000000001 0.014499999999999999 9.5809352813844966e-06
-0.024 0.014499999999999999 2.9040879171672183e-05
-0.0235 0.014499999999999999 8.4588444378183716e-05
-0.023 0.014499999999999999 0.00023677722925870187
-0.022500000000000003 0.014499999999999999 0.00063699585610440537
-0.022000000000000002 0.014499999999999999 0.0016472445812732491
-0.021500000000000002 0.014499999999999999 0.0040952945400311224
-0.021000000000000001 0.014499999999999999 0.009791107383364233
-0.020500000000000001 0.014499999999999999 0.022519489735250538
-0.02 0.014499999999999999 0.049852849754257474
-0.0195 0.014499999999999999 0.10630131753003823
-0.019 0.014499999999999999 0.21854219562887145
-0.018500000000000003 0.014499999999999999 0.43377676030300721
-0.018000000000000002 0.014499999999999999 0.83275174928401274
-0.017500000000000002 0.014499999999999999 1.5499069744258271
-0.017000000000000001 0.014499999999999999 2.8049480003609362
-0.016500000000000001 0.014499999999999999 4.9535909172508061
-0.016 0.014499999999999999 8.5709553715879405
-0.0155 0.014499999999999999 14.589082272147275
-0.015000000000000001 0.014499999999999999 24.518511756771922
-0.014500000000000001 0.014499999999999999 40.787839576160245
-0.014 0.014499999999999999 67.225901713251005
-0.0135 0.014499999999999999 109.6773235487221
-0.012999999999999999 0.014499999999999999 176.67411557250722
-0.012500000000000001 0.014499999999999999 279.98435092354208
-0.012 0.014499999999999999 434.74401881766306
-0.0115 0.014499999999999999 658.79601299980379
-0.010999999999999999 0.014499999999999999 970.87790390066607
-0.010499999999999999 0.014499999999999999 1387.4840466709859
-0.010000000000000002 0.014499999999999999 1918.6064772352584
-0.0095000000000000015 0.014499999999999999 2563.0840552389936
-0.0090000000000000011 0.014499999999999999 3304.8129879839094
-0.0085000000000000006 0.014499999999999999 4111.3696496243865
-0.0080000000000000002 0.014499999999999999 4936.4396851406264
-0.0074999999999999997 0.014499999999999999 5726.7096789732086
-0.0069999999999999993 0.014499999999999999 6432.6327950489149
-0.0064999999999999988 0.014499999999999999 7021.0344153823298
-0.0059999999999999984 0.014499999999999999 7486.3528615601672
-0.0054999999999999979 0.014499999999999999 7856.9029647563493
-0.005000000000000001 0.014499999999999999 8193.2212821499415
-0.0044999999999999971 0.014499999999999999 8577.2948451472839
-0.0040000000000000001 0.014499999999999999 9093.9206474962939
-0.0035000000000000031 0.014499999999999999 9807.938013946401
-0.0029999999999999992 0.014499999999999999 10742.862545388418
-0.0025000000000000022 0.014499999999999999 11866.886027520866
-0.0019999999999999983 0.014499999999999999 13090.971109717912
-0.0015000000000000013 0.014499999999999999 14281.004753451889
-0.00099999999999999742 0.014499999999999999 15282.312548558828
-0.00050000000000000044 0.014499999999999999 15951.278440043186
0 0.014499999999999999 16186.460546583226
0.00050000000000000044 0.014499999999999999 15951.278440015807
0.0010000000000000009 0.014499999999999999 15282.312548481606
0.0015000000000000013 0.014499999999999999 14281.004753265996
0.0020000000000000018 0.014499999999999999 13090.971109294698
0.0024999999999999988 0.014499999999999999 11866.886026597298
0.0030000000000000027 0.014499999999999999 10742.862543452546
0.0034999999999999996 0.014499999999999999 9807.9380100480175
0.0040000000000000036 0.014499999999999999 9093.9206399537161
0.0045000000000000005 0.014499999999999999 8577.2948311261844
0.0049999999999999975 0.014499999999999999 8193.2212571077307
0.0055000000000000014 0.014499999999999999 7856.9029217837442
0.0059999999999999984 0.014499999999999999 7486.3527907103316
0.0064999999999999988 0.014499999999999999 7021.0343031509519
0.0069999999999999993 0.014499999999999999 6432.632624237076
0.0074999999999999997 0.014499999999999999 5726.709429197691
0.0080000000000000002 0.014499999999999999 4936.439334219117
0.0085000000000000006 0.014499999999999999 4111.3691759298963
0.0090000000000000011 0.014499999999999999 3304.8123736352723
0.0095000000000000015 0.014499999999999999 2563.0832897134524
0.010000000000000002 0.014499999999999999 1918.6055607347871
0.010500000000000002 0.014499999999999999 1387.4829924445014
0.011000000000000003 0.014499999999999999 970.87673880021441
0.011500000000000003 0.014499999999999999 658.79477585356437
0.012000000000000004 0.014499999999999999 434.74275667941248
0.012499999999999997 0.014499999999999999 279.98311377730511
0.013000000000000005 0.014499999999999999 176.67295047205639
0.013499999999999998 0.014499999999999999 109.67626932223925
0.014000000000000005 0.014499999999999999 67.224985212775678
0.014499999999999999 0.014499999999999999 40.78707405061477
0.014999999999999999 0.014499999999999999 24.517897408131315
0.0155 0.014499999999999999 14.588608577653634
0.016000000000000007 0.014499999999999999 8.5706044500759333
0.016500000000000001 0.014499999999999999 4.953341141732988
0.017000000000000001 0.014499999999999999 2.804777188523333
0.017500000000000002 0.014499999999999999 1.549794743051143
0.017999999999999995 0.014499999999999999 0.83268089945266954
0.018500000000000003 0.014499999999999999 0.43373378770805732
0.019000000000000003 0.014499999999999999 0.21851715342426359
0.019500000000000003 0.014499999999999999 0.10628729644058278
0.019999999999999997 0.014499999999999999 0.049845307187176571
0.020499999999999997 0.014499999999999999 0.022515591349389262
0.021000000000000005 0.014499999999999999 0.0097891715022368833
0.021500000000000005 0.014499999999999999 0.0040943709042064666
0.021999999999999999 0.014499999999999999 0.0016468211810589982
0.022499999999999999 0.014499999999999999 0.00063680937724752392
0.023000000000000007 0.014499999999999999 0.00023669831847731047
0.023500000000000007 0.014499999999999999 8.4556361648643712e-05
0.024 0.014499999999999999 2.9028346764480046e-05
0.024500000000000001 0.014499999999999999 9.5762317298699639e-06
0.025000000000000001 0.014499999999999999 3.0355904497976638e-06
-0.025000000000000001 0.014999999999999999 1.5083466802912806e-06
-0.024500000000000001 0.014999999999999999 4.7586355727530982e-06
-0.024 0.014999999999999999 1.4426541526133752e-05
-0.0235 0.014999999999999999 4.2030913252452424e-05
-0.023 0.014999999999999999 0.0001176907941753473
-0.022500000000000003 0.014999999999999999 0.00031676730437141482
-0.022000000000000002 0.014999999999999999 0.00081967791986682268
-0.021500000000000002 0.014999999999999999 0.0020396951659642261
-0.021000000000000001 0.014999999999999999 0.0048827776076399241
-0.020500000000000001 0.014999999999999999 0.011250529786068665
-0.02 0.014999999999999999 0.024968698586886804
-0.0195 0.014999999999999999 0.053427710852132132
-0.019 0.014999999999999999 0.11037515312392904
-0.018500000000000003 0.014999999999999999 0.22054344980543103
-0.018000000000000002 0.014999999999999999 0.42722596136364899
-0.017500000000000002 0.014999999999999999 0.80472972500275441
-0.017000000000000001 0.014999999999999999 1.4791711218874366
-0.016500000000000001 0.014999999999999999 2.6637922906926121
-0.016 0.014999999999999999 4.7192355013284537
-0.0155 0.014999999999999999 8.2548634459092991
-0.015000000000000001 0.014999999999999999 14.292819142119921
-0.014500000000000001 0.014999999999999999 24.518511756771918
-0.014 0.014999999999999999 41.633483961583408
-0.0135 0.014999999999999999 69.801430673598105
-0.012999999999999999 0.014999999999999999 115.12930388119689
-0.012500000000000001 0.014999999999999999 186.05389639627506
-0.012 0.014999999999999999 293.42474211297747
-0.0115 0.014999999999999999 450.01909392309301
-0.010999999999999999 0.014999999999999999 669.24090095028077
-0.010499999999999999 0.014999999999999999 962.8890537066502
-0.010000000000000002 0.014999999999999999 1338.1500488636493
-0.0095000000000000015 0.014999999999999999 1794.3414273870073
-0.0090000000000000011 0.014999999999999999 2320.3004365043939
-0.0085000000000000006 0.014999999999999999 2893.5186114654534
-0.0080000000000000002 0.014999999999999999 3482.0053092389853
-0.0074999999999999997 0.014999999999999999 4049.3315712568378
-0.0069999999999999993 0.014999999999999999 4562.41088733979
-0.0064999999999999988 0.014999999999999999 5000.5322569983791
-0.0059999999999999984 0.014999999999999999 5363.3125147562705
-0.0054999999999999979 0.014999999999999999 5674.9334706417749
-0.005000000000000001 0.014999999999999999 5982.5105044623069
-0.0044999999999999971 0.014999999999999999 6347.7117343707459
-0.0040000000000000001 0.014999999999999999 6832.5552679760476
-0.0035000000000000031 0.014999999999999999 7482.1849833676679
-0.0029999999999999992 0.014999999999999999 8308.796601696562
-0.0025000000000000022 0.014999999999999999 9281.2554916909176
-0.0019999999999999983 0.014999999999999999 10324.043808436954
-0.0015000000000000013 0.014999999999999999 11327.075415264642
-0.00099999999999999742 0.014999999999999999 12165.089618191552
-0.00050000000000000044 0.014999999999999999 12722.553281061389
0 0.014999999999999999 12918.136361373843
0.00050000000000000044 0.014999999999999999 12722.553281052975
0.0010000000000000009 0.014999999999999999 12165.08961816782
0.0015000000000000013 0.014999999999999999 11327.075415207521
0.0020000000000000018 0.014999999999999999 10324.043808306906
0.0024999999999999988 0.014999999999999999 9281.2554914071316
0.0030000000000000027 0.014999999999999999 8308.796601101707
0.0034999999999999996 0.014999999999999999 7482.1849821697788
0.0040000000000000036 0.014999999999999999 6832.5552656583677
0.0045000000000000005 0.014999999999999999 6347.7117300623559
0.0049999999999999975 0.014999999999999999 5982.5104967673669
0.0055000000000000014 0.014999999999999999 5674.9334574372033
0.0059999999999999984 0.014999999999999999 5363.3124929856194
0.0064999999999999988 0.014999999999999999 5000.5322225120626
0.0069999999999999993 0.014999999999999999 4562.4108348529426
0.0074999999999999997 0.014999999999999999 4049.331494506132
0.0080000000000000002 0.014999999999999999 3482.0052014082671
0.0085000000000000006 0.014999999999999999 2893.5184659092092
0.0090000000000000011 0.014999999999999999 2320.3002477281207
0.0095000000000000015 0.014999999999999999 1794.3411921572854
0.010000000000000002 0.014999999999999999 1338.1497672425421
0.010500000000000002 0.014999999999999999 962.88872976526557
0.011000000000000003 0.014999999999999999 669.24054293968311
0.011500000000000003 0.014999999999999999 450.01871377435685
0.012000000000000004 0.014999999999999999 293.42435428472794
0.012499999999999997 0.014999999999999999 186.05351624754056
0.013000000000000005 0.014999999999999999 115.12894587059985
0.013499999999999998 0.014999999999999999 69.801106732214436
0.014000000000000005 0.014999999999999999 41.633202340473396
0.014499999999999999 0.014999999999999999 24.518276527048002
0.014999999999999999 0.014999999999999999 14.292630365844614
0.0155 0.014999999999999999 8.2547178896628139
0.016000000000000007 0.014999999999999999 4.7191276706088816
0.016500000000000001 0.014999999999999999 2.6637155399865646
0.017000000000000001 0.014999999999999999 1.4791186350414414
0.017500000000000002 0.014999999999999999 0.80469523868751036
0.017999999999999995 0.014999999999999999 0.42720419071684557
0.018500000000000003 0.014999999999999999 0.22053024524066045
0.019000000000000003 0.014999999999999999 0.11036745818688522
0.019500000000000003 0.014999999999999999 0.053423402469450494
0.019999999999999997 0.014999999999999999 0.024966380916388423
0.020499999999999997 0.014999999999999999 0.011249331894978638
0.021000000000000005 0.014999999999999999 0.0048821827525290171
0.021500000000000005 0.014999999999999999 0.002039411352313095
0.021999999999999999 0.014999999999999999 0.00081954781798306649
0.022499999999999999 0.014999999999999999 0.00031671000338349736
0.023000000000000007 0.014999999999999999 0.00011766654656997826
0.023500000000000007 0.014999999999999999 4.2021054911788119e-05
0.024 0.014999999999999999 1.4422690583860116e-05
0.024500000000000001 0.014999999999999999 4.757190271376767e-06
0.025000000000000001 0.014999999999999999 1.5078255119279503e-06
-0.025000000000000001 0.0155 7.1982682091924998e-07
-0.024500000000000001 0.0155 2.2713513594611144e-06
-0.024 0.0155 6.8875832986345066e-06
-0.0235 0.0155 2.0073170837808736e-05
-0.023 0.0155 5.6232688778822524e-05
-0.022500000000000003 0.0155 0.00015144898587195072
-0.022000000000000002 0.0155 0.00039224977067964657
-0.021500000000000002 0.0155 0.0009773235945606481
-0.021000000000000001 0.0155 0.0023437871447927316
-0.020500000000000001 0.0155 0.0054139549331028982
-0.02 0.0155 0.012057538088876657
-0.0195 0.0155 0.02592606330972708
-0.019 0.0155 0.053917837133141154
-0.018500000000000003 0.0155 0.10870983827000925
-0.018000000000000002 0.0155 0.21312483237546809
-0.017500000000000002 0.0155 0.40773228926010424
-0.017000000000000001 0.0155 0.76423966014019107
-0.016500000000000001 0.0155 1.4092017954751102
-0.016 0.0155 2.5655674907875405
-0.0155 0.0155 4.6234159466404199
-0.015000000000000001 0.0155 8.2548634459092671
-0.014500000000000001 0.0155 14.589082272147223
-0.014 0.0155 25.457566908092652
-0.0135 0.0155 43.702114060522447
-0.012999999999999999 0.0155 73.50449912907456
-0.012500000000000001 0.0155 120.64844484271875
-0.012 0.0155 192.57134102588057
-0.0115 0.0155 298.02732198540298
-0.010999999999999999 0.0155 446.19621866739777
-0.010499999999999999 0.0155 645.16533418361701
-0.010000000000000002 0.0155 899.8956171476591
-0.0095000000000000015 0.0155 1210.036359660086
-0.0090000000000000011 0.0155 1568.2018728089142
-0.0085000000000000006 0.0155 1959.4615729130603
-0.0080000000000000002 0.0155 2362.7108266215037
-0.0074999999999999997 0.0155 2754.2214796367975
-0.0069999999999999993 0.0155 3113.0516870678375
-0.0064999999999999988 0.0155 3427.2718159682895
-0.0059999999999999984 0.0155 3699.3700344106687
-0.0054999999999999979 0.0155 3948.9852308613931
-0.005000000000000001 0.0155 4211.4463588023609
-0.0044999999999999971 0.0155 4531.4925861201809
-0.0040000000000000001 0.0155 4952.8387072700052
-0.0035000000000000031 0.0155 5505.6070916111385
-0.0029999999999999992 0.0155 6194.6628448128486
-0.0025000000000000022 0.0155 6992.1877765094068
-0.0019999999999999983 0.0155 7837.1915122564296
-0.0015000000000000013 0.0155 8643.1206996104429
-0.00099999999999999742 0.0155 9312.622608382324
-0.00050000000000000044 0.0155 9756.4245612420127
0 0.0155 9911.8695133175133
0.00050000000000000044 0.0155 9756.424561239528
0.0010000000000000009 0.0155 9312.6226083753136
0.0015000000000000013 0.0155 8643.1206995935772
0.0020000000000000018 0.0155 7837.1915122180317
0.0024999999999999988 0.0155 6992.1877764256269
0.0030000000000000027 0.0155 6194.6628446372242
0.0034999999999999996 0.0155 5505.6070912574869
0.0040000000000000036 0.0155 4952.8387065857523
0.0045000000000000005 0.0155 4531.492584848208
0.0049999999999999975 0.0155 4211.4463565305814
0.0055000000000000014 0.0155 3948.9852269630019
0.0059999999999999984 0.0155 3699.3700279833138
0.0064999999999999988 0.0155 3427.2718057868869
0.0069999999999999993 0.0155 3113.051671572136
0.0074999999999999997 0.0155 2754.2214569776729
0.0080000000000000002 0.0155 2362.7107947866225
0.0085000000000000006 0.0155 1959.4615299404652
0.0090000000000000011 0.0155 1568.2018170764636
0.0095000000000000015 0.0155 1210.0362902131769
0.010000000000000002 0.0155 899.89553400461364
0.010500000000000002 0.0155 645.16523854634738
0.011000000000000003 0.0155 446.19611297186918
0.011500000000000003 0.0155 298.02720975402798
0.012000000000000004 0.0155 192.57122652728168
0.012499999999999997 0.0155 120.64833261134473
0.013000000000000005 0.0155 73.504393433546142
0.013499999999999998 0.0155 43.702018423253783
0.014000000000000005 0.0155 25.457483765045311
0.014499999999999999 0.0155 14.589012825236608
0.014999999999999999 0.0155 8.2548077134580229
0.0155 0.0155 4.6233729740454788
0.016000000000000007 0.0155 2.5655356559061935
0.016500000000000001 0.0155 1.4091791363513533
0.017000000000000001 0.0155 0.76422416443988705
0.017500000000000002 0.0155 0.40772210785949825
0.017999999999999995 0.0155 0.21311840502377924
0.018500000000000003 0.0155 0.1087059398841479
0.019000000000000003 0.0155 0.053915565355593061
0.019500000000000003 0.0155 0.025924791345188727
0.019999999999999997 0.0155 0.012056853842628555
0.020499999999999997 0.0155 0.0054136012795164504
0.021000000000000005 0.0155 0.002343611525619045
0.021500000000000005 0.0155 0.00097723980420904698
0.021999999999999999 0.0155 0.00039221136067878914
0.022499999999999999 0.0155 0.00015143206889172336
0.023000000000000007 0.0155 5.6225530154241536e-05
0.023500000000000007 0.0155 2.0070260358248754e-05
0.024 0.0155 6.8864463843042461e-06
0.024500000000000001 0.0155 2.2709246628945244e-06
0.025000000000000001 0.0155 7.1967295629634847e-07
-0.025000000000000001 0.016000000000000007 3.3012090675502876e-07
-0.024500000000000001 0.016000000000000007 1.0419101880983012e-06
-0.024 0.016000000000000007 3.1604852195319514e-06
-0.0235 0.016000000000000007 9.2151134933159778e-06
-0.023 0.016000000000000007 2.5831640922736948e-05
-0.022500000000000003 0.016000000000000007 6.9634085454467075e-05
-0.022000000000000002 0.016000000000000007 0.00018058052401300471
-0.021500000000000002 0.016000000000000007 0.00045073767760842639
-0.021000000000000001 0.016000000000000007 0.0010836607566633918
-0.020500000000000001 0.016000000000000007 0.0025119456258266277
-0.02 0.016000000000000007 0.0056216128838002515
-0.0195 0.016000000000000007 0.012168288227471643
-0.019 0.016000000000000007 0.025535152380762156
-0.018500000000000003 0.016000000000000007 0.05210461061130129
-0.018000000000000002 0.016000000000000007 0.10375036065864969
-0.017500000000000002 0.016000000000000007 0.20240273985195875
-0.017000000000000001 0.016000000000000007 0.38844735242323192
-0.016500000000000001 0.016000000000000007 0.73606194570644778
-0.016 0.016000000000000007 1.3805924162434082
-0.0155 0.016000000000000007 2.5655674907875188
-0.015000000000000001 0.016000000000000007 4.7192355013283942
-0.014500000000000001 0.016000000000000007 8.5709553715878339
-0.014 0.016000000000000007 15.313733645520156
-0.0135 0.016000000000000007 26.80742250617444
-0.012999999999999999 0.016000000000000007 45.795120399436556
-0.012500000000000001 0.016000000000000007 76.073872859054006
-0.012 0.016000000000000007 122.52656873138119
-0.0115 0.016000000000000007 190.89933895370174
-0.010999999999999999 0.016000000000000007 287.21821847630326
-0.010499999999999999 0.016000000000000007 416.80020580827517
-0.010000000000000002 0.016000000000000007 582.93521027643044
-0.0095000000000000015 0.016000000000000007 785.48069107283141
-0.0090000000000000011 0.016000000000000007 1019.7734256642277
-0.0085000000000000006 0.016000000000000007 1276.3518787864032
-0.0080000000000000002 0.016000000000000007 1541.9251496966733
-0.0074999999999999997 0.016000000000000007 1801.778846178257
-0.0069999999999999993 0.016000000000000007 2043.3954367675944
-0.0064999999999999988 0.016000000000000007 2260.5829543396994
-0.0059999999999999984 0.016000000000000007 2457.0058640163552
-0.0054999999999999979 0.016000000000000007 2647.8622401462449
-0.005000000000000001 0.016000000000000007 2858.6709618293771
-0.0044999999999999971 0.016000000000000007 3120.7398637246151
-0.0040000000000000001 0.016000000000000007 3463.7736308871963
-0.0035000000000000031 0.016000000000000007 3907.0286570931739
-0.0029999999999999992 0.016000000000000007 4451.1471611533661
-0.0025000000000000022 0.016000000000000007 5073.0334721691543
-0.0019999999999999983 0.016000000000000007 5725.7022368869339
-0.0015000000000000013 0.016000000000000007 6343.9422691687287
-0.00099999999999999742 0.016000000000000007 6855.1297197953527
-0.00050000000000000044 0.016000000000000007 7193.0047278989687
0 0.016000000000000007 7311.1836592368363
0.00050000000000000044 0.016000000000000007 7193.0047278982647
0.0010000000000000009 0.016000000000000007 6855.1297197933636
0.0015000000000000013 0.016000000000000007 6343.9422691639465
0.0020000000000000018 0.016000000000000007 5725.7022368760399
0.0024999999999999988 0.016000000000000007 5073.0334721453946
0.0030000000000000027 0.016000000000000007 4451.1471611035477
0.0034999999999999996 0.016000000000000007 3907.0286569928612
0.0040000000000000036 0.016000000000000007 3463.773630693101
0.0045000000000000005 0.016000000000000007 3120.739863363814
0.0049999999999999975 0.016000000000000007 2858.6709611849774
0.0055000000000000014 0.016000000000000007 2647.8622390404485
0.0059999999999999984 0.016000000000000007 2457.0058621932094
0.0064999999999999988 0.016000000000000007 2260.5829514517022
0.0069999999999999993 0.016000000000000007 2043.3954323721762
0.0074999999999999997 0.016000000000000007 1801.7788397509055
0.0080000000000000002 0.016000000000000007 1541.925140666581
0.0085000000000000006 0.016000000000000007 1276.3518665970541
0.0090000000000000011 0.016000000000000007 1019.7734098554948
0.0095000000000000015 0.016000000000000007 785.48067137393662
0.010000000000000002 0.016000000000000007 582.93518669257162
0.010500000000000002 0.016000000000000007 416.80017868037874
0.011000000000000003 0.016000000000000007 287.21818849534111
0.011500000000000003 0.016000000000000007 190.89930711882022
0.012000000000000004 0.016000000000000007 122.52653625339259
0.012499999999999997 0.016000000000000007 76.073841024173134
0.013000000000000005 0.016000000000000007 45.795090418474274
0.013499999999999998 0.016000000000000007 26.807395378278173
0.014000000000000005 0.016000000000000007 15.313710061659997
0.014499999999999999 0.016000000000000007 8.5709356726920483
0.014999999999999999 0.016000000000000007 4.7192196925942067
0.0155 0.016000000000000007 2.5655553014379371
0.016000000000000007 0.016000000000000007 1.3805833861511236
0.016500000000000001 0.016000000000000007 0.73605551835475835
0.017000000000000001 0.016000000000000007 0.38844295700544762
0.017500000000000002 0.016000000000000007 0.20239985185668175
0.017999999999999995 0.016000000000000007 0.10374853751446389
0.018500000000000003 0.016000000000000007 0.05210350481845491
0.019000000000000003 0.016000000000000007 0.025534507981913323
0.019500000000000003 0.016000000000000007 0.012167927429608733
0.019999999999999997 0.016000000000000007 0.0056214187945968696
0.020499999999999997 0.016000000000000007 0.0025118453105628467
0.021000000000000005 0.016000000000000007 0.0010836109415776436
0.021500000000000005 0.016000000000000007 0.00045071391013781163
0.021999999999999999 0.016000000000000007 0.00018056962886160412
0.022499999999999999 0.016000000000000007 6.9629286884909322e-05
0.023000000000000007 0.016000000000000007 2.5829610350050363e-05
0.023500000000000007 0.016000000000000007 9.2142879240696929e-06
0.024 0.016000000000000007 3.1601627292043883e-06
0.024500000000000001 0.016000000000000007 1.0417891538990944e-06
0.025000000000000001 0.016000000000000007 3.3007726243520687e-07
-0.025000000000000001 0.016500000000000001 1.4549780425064422e-07
-0.024500000000000001 0.016500000000000001 4.5936035990579087e-07
-0.024 0.016500000000000001 1.3940354613009964e-06
-0.0235 0.016500000000000001 4.0672261427852071e-06
-0.023 0.016500000000000001 1.1411460425017902e-05
-0.022500000000000003 0.016500000000000001 3.0800881380692297e-05
-0.022000000000000002 0.016500000000000001 8.001821434209322e-05
-0.021500000000000002 0.016500000000000001 0.00020023084870450029
-0.021000000000000001 0.016500000000000001 0.00048308152815326229
-0.020500000000000001 0.016500000000000001 0.0011252359715227284
-0.02 0.016500000000000001 0.002535038524333452
-0.0195 0.016500000000000001 0.005536889686281795
-0.019 0.016500000000000001 0.011759147968231454
-0.018500000000000003 0.016500000000000001 0.024370337208430799
-0.018000000000000002 0.016500000000000001 0.049483505749459852
-0.017500000000000002 0.016500000000000001 0.098843539329068017
-0.017000000000000001 0.016500000000000001 0.19494063773679285
-0.016500000000000001 0.016500000000000001 0.38056176306249345
-0.016 0.016500000000000001 0.736061945706454
-0.0155 0.016500000000000001 1.4092017954751102
-0.015000000000000001 0.016500000000000001 2.663792290692605
-0.014500000000000001 0.016500000000000001 4.953590917250775
-0.014 0.016500000000000001 9.0252523329650955
-0.0135 0.016500000000000001 16.046651187599345
-0.012999999999999999 0.016500000000000001 27.743078185278041
-0.012500000000000001 0.016500000000000001 46.504179354108878
-0.012 0.016500000000000001 75.403314908924088
-0.0115 0.016500000000000001 118.05727440987791
-0.010999999999999999 0.016500000000000001 178.26076609381539
-0.010499999999999999 0.016500000000000001 259.36919029611664
-0.010000000000000002 0.016500000000000001 363.47987636660719
-0.0095000000000000015 0.016500000000000001 490.56606065961086
-0.0090000000000000011 0.016500000000000001 637.82000258209143
-0.0085000000000000006 0.016500000000000001 799.5169863389508
-0.0080000000000000002 0.016500000000000001 967.67424521355463
-0.0074999999999999997 0.016500000000000001 1133.6212202388715
-0.0069999999999999993 0.016500000000000001 1290.3325297060253
-0.0064999999999999988 0.016500000000000001 1435.0630753393143
-0.0059999999999999984 0.016500000000000001 1571.5644216986939
-0.0054999999999999979 0.016500000000000001 1711.0613517571721
-0.005000000000000001 0.016500000000000001 1871.3074087560899
-0.0044999999999999971 0.016500000000000001 2073.4353457915813
-0.0040000000000000001 0.016500000000000001 2336.9079090562454
-0.0035000000000000031 0.016500000000000001 2673.5140134056883
-0.0029999999999999992 0.016500000000000001 3081.8545368032624
-0.0025000000000000022 0.016500000000000001 3543.9319074526793
-0.0019999999999999983 0.016500000000000001 4025.173748319311
-0.0015000000000000013 0.016500000000000001 4478.480949324764
-0.00099999999999999742 0.016500000000000001 4851.8464695333269
-0.00050000000000000044 0.016500000000000001 5098.0298851125808
0 0.016500000000000001 5184.0376971321939
0.00050000000000000044 0.016500000000000001 5098.0298851123907
0.0010000000000000009 0.016500000000000001 4851.8464695327839
0.0015000000000000013 0.016500000000000001 4478.4809493234625
0.0020000000000000018 0.016500000000000001 4025.1737483163411
0.0024999999999999988 0.016500000000000001 3543.9319074462064
0.0030000000000000027 0.016500000000000001 3081.8545367896836
0.0034999999999999996 0.016500000000000001 2673.5140133783502
0.0040000000000000036 0.016500000000000001 2336.907909003346
0.0045000000000000005 0.016500000000000001 2073.4353456932486
0.0049999999999999975 0.016500000000000001 1871.3074085804694
0.0055000000000000014 0.016500000000000001 1711.0613514558061
0.0059999999999999984 0.016500000000000001 1571.5644212018283
0.0064999999999999988 0.016500000000000001 1435.0630745522424
0.0069999999999999993 0.016500000000000001 1290.332528508133
0.0074999999999999997 0.016500000000000001 1133.6212184872136
0.0080000000000000002 0.016500000000000001 967.67424275256701
0.0085000000000000006 0.016500000000000001 799.51698301696558
0.0090000000000000011 0.016500000000000001 637.81999827370907
0.0095000000000000015 0.016500000000000001 490.56605529103581
0.010000000000000002 0.016500000000000001 363.47986993925622
0.010500000000000002 0.016500000000000001 259.36918290290214
0.011000000000000003 0.016500000000000001 178.26075792304971
0.011500000000000003 0.016500000000000001 118.05726573386049
0.012000000000000004 0.016500000000000001 75.403306057639625
0.012499999999999997 0.016500000000000001 46.50417067809186
0.013000000000000005 0.016500000000000001 27.743070014512618
0.013499999999999998 0.016500000000000001 16.046643794385194
0.014000000000000005 0.016500000000000001 9.0252459056133851
0.014499999999999999 0.016500000000000001 4.9535855486754077
0.014999999999999999 0.016500000000000001 2.6637879823099375
0.0155 0.016500000000000001 1.4091984734898164
0.016000000000000007 0.016500000000000001 0.73605948471921112
0.016500000000000001 0.016500000000000001 0.38056001140481333
0.017000000000000001 0.016500000000000001 0.19493943984570308
0.017500000000000002 0.016500000000000001 0.098842752258537031
0.017999999999999995 0.016500000000000001 0.049483008884706185
0.018500000000000003 0.016500000000000001 0.024370035844723671
0.019000000000000003 0.016500000000000001 0.011758972349057742
0.019500000000000003 0.016500000000000001 0.0055367913573932965
0.019999999999999997 0.016500000000000001 0.0025349856288548506
0.020499999999999997 0.016500000000000001 0.0011252086324240232
0.021000000000000005 0.016500000000000001 0.00048306795195862077
0.021500000000000005 0.016500000000000001 0.00020022437131311726
0.021999999999999999 0.016500000000000001 8.0015245066946878e-05
0.022499999999999999 0.016500000000000001 3.0799573617926983e-05
0.023000000000000007 0.016500000000000001 1.1410907029402613e-05
0.023500000000000007 0.016500000000000001 4.0670011489182495e-06
0.024 0.016500000000000001 1.3939475724337894e-06
0.024500000000000001 0.016500000000000001 4.5932737423846262e-07
0.025000000000000001 0.016500000000000001 1.4548590978590742e-07
-0.025000000000000001 0.017000000000000001 6.1633041305049886e-08
-0.024500000000000001 0.017000000000000001 1.9467348849071216e-07
-0.024 0.017000000000000001 5.9115869802972985e-07
-0.0235 0.017000000000000001 1.7263134309306308e-06
-0.023 0.017000000000000001 4.8496915904439551e-06
-0.022500000000000003 0.017000000000000001 1.3113309159845802e-05
-0.022000000000000002 0.017000000000000001 3.415284005258564e-05
-0.021500000000000002 0.017000000000000001 8.576075442692312e-05
-0.021000000000000001 0.017000000000000001 0.00020791414513345483
-0.020500000000000001 0.017000000000000001 0.00048752536058334703
-0.02 0.017000000000000001 0.0011082830588238608
-0.0195 0.017000000000000001 0.0024498123123585409
-0.019 0.017000000000000001 0.0052843379907926797
-0.018500000000000003 0.017000000000000001 0.011167643706813501
-0.018000000000000002 0.017000000000000001 0.023217814992947193
-0.017500000000000002 0.017000000000000001 0.047659260729845727
-0.017000000000000001 0.017000000000000001 0.096837096099885472
-0.016500000000000001 0.017000000000000001 0.19494063773679285
-0.016 0.017000000000000001 0.38844735242323492
-0.0155 0.017000000000000001 0.76423966014019107
-0.015000000000000001 0.017000000000000001 1.4791711218874302
-0.014500000000000001 0.017000000000000001 2.804948000360922
-0.014 0.017000000000000001 5.1905574938849792
-0.0135 0.017000000000000001 9.3399261800657882
-0.012999999999999999 0.017000000000000001 16.294161600814064
-0.012500000000000001 0.017000000000000001 27.495956284032616
-0.012 0.017000000000000001 44.801100660468137
-0.0115 0.017000000000000001 70.393998373406674
-0.010999999999999999 0.017000000000000001 106.56828554250735
-0.010499999999999999 0.017000000000000001 155.35756520842315
-0.010000000000000002 0.017000000000000001 218.04783742318605
-0.0095000000000000015 0.017000000000000001 294.66626317797142
-0.0090000000000000011 0.017000000000000001 383.60260915708142
-0.0085000000000000006 0.017000000000000001 481.55284709083583
-0.0080000000000000002 0.017000000000000001 583.9506117840167
-0.0074999999999999997 0.017000000000000001 685.95482451265104
-0.0069999999999999993 0.017000000000000001 783.89784515883957
-0.0064999999999999988 0.017000000000000001 876.90456991002645
-0.0059999999999999984 0.017000000000000001 968.22952586165104
-0.0054999999999999979 0.017000000000000001 1065.7941829548045
-0.005000000000000001 0.017000000000000001 1181.4924880620702
-0.0044999999999999971 0.017000000000000001 1329.0830761491829
-0.0040000000000000001 0.017000000000000001 1520.8642438916547
-0.0035000000000000031 0.017000000000000001 1763.7439141608259
-0.0029999999999999992 0.017000000000000001 2055.6480397539212
-0.0025000000000000022 0.017000000000000001 2383.330628867041
-0.0019999999999999983 0.017000000000000001 2722.4691066185455
-0.0015000000000000013 0.017000000000000001 3040.442656195582
-0.00099999999999999742 0.017000000000000001 3301.4956636552283
-0.00050000000000000044 0.017000000000000001 3473.2747942052479
0 0.017000000000000001 3533.2296127603736
0.00050000000000000044 0.017000000000000001 3473.2747942051974
0.0010000000000000009 0.017000000000000001 3301.4956636550851
0.0015000000000000013 0.017000000000000001 3040.4426561952414
0.0020000000000000018 0.017000000000000001 2722.4691066177656
0.0024999999999999988 0.017000000000000001 2383.3306288653475
0.0030000000000000027 0.017000000000000001 2055.6480397503647
0.0034999999999999996 0.017000000000000001 1763.743914153669
0.0040000000000000036 0.017000000000000001 1520.864243877802
0.0045000000000000005 0.017000000000000001 1329.0830761234336
0.0049999999999999975 0.017000000000000001 1181.4924880160843
0.0055000000000000014 0.017000000000000001 1065.7941828758919
0.0059999999999999984 0.017000000000000001 968.22952573154782
0.0064999999999999988 0.017000000000000001 876.90456970393438
0.0069999999999999993 0.017000000000000001 783.89784484517577
0.0074999999999999997 0.017000000000000001 685.95482405398639
0.0080000000000000002 0.017000000000000001 583.95061113961731
0.0085000000000000006 0.017000000000000001 481.5528462209881
0.0090000000000000011 0.017000000000000001 383.6026080289501
0.0095000000000000015 0.017000000000000001 294.66626177223321
0.010000000000000002 0.017000000000000001 218.04783574021204
0.010500000000000002 0.017000000000000001 155.35756327254194
0.011000000000000003 0.017000000000000001 106.56828340302775
0.011500000000000003 0.017000000000000001 70.393996101628957
0.012000000000000004 0.017000000000000001 44.801098342797594
0.012499999999999997 0.017000000000000001 27.495954012255208
0.013000000000000005 0.017000000000000001 16.294159461334484
0.013499999999999998 0.017000000000000001 9.339924244184699
0.014000000000000005 0.017000000000000001 5.1905558109107686
0.014499999999999999 0.017000000000000001 2.8049465946227241
0.014999999999999999 0.017000000000000001 1.4791699937560969
0.0155 0.017000000000000001 0.76423879029273045
0.016000000000000007 0.017000000000000001 0.38844670802438364
0.016500000000000001 0.017000000000000001 0.19494017907281691
0.017000000000000001 0.017000000000000001 0.096836782437292268
0.017500000000000002 0.017000000000000001 0.047659054638836372
0.017999999999999995 0.017000000000000001 0.023217684891063704
0.018500000000000003 0.017000000000000001 0.011167564796032129
0.019000000000000003 0.017000000000000001 0.0052842920056727178
0.019500000000000003 0.017000000000000001 0.0024497865653649873
0.019999999999999997 0.017000000000000001 0.0011082692083719075
0.020499999999999997 0.017000000000000001 0.00048751820195876914
0.021000000000000005 0.017000000000000001 0.00020791059026569161
0.021500000000000005 0.017000000000000001 8.5759058350045556e-05
0.021999999999999999 0.017000000000000001 3.4152062560749971e-05
0.022499999999999999 0.017000000000000001 1.3112966727830182e-05
0.023000000000000007 0.017000000000000001 4.8495466861990647e-06
0.023500000000000007 0.017000000000000001 1.7262545172611002e-06
0.024 0.017000000000000001 5.9113568471053528e-07
0.024500000000000001 0.017000000000000001 1.9466485133659702e-07
0.025000000000000001 0.017000000000000001 6.1629926790978477e-08
-0.025000000000000001 0.017500000000000002 2.5095661415649334e-08
-0.024500000000000001 0.017500000000000002 7.9317386896647577e-08
-0.024 0.017500000000000002 2.4107732319853014e-07
-0.0235 0.017500000000000002 7.0489293571400771e-07
-0.023 0.017500000000000002 1.9837804277358762e-06
-0.022500000000000003 0.017500000000000002 5.3774989601029427e-06
-0.022000000000000002 0.017500000000000002 1.4054463345978261e-05
-0.021500000000000002 0.017500000000000002 3.5463519561940606e-05
-0.021000000000000001 0.017500000000000002 8.6550005278804469e-05
-0.020500000000000001 0.017500000000000002 0.00020478240494740138
-0.02 0.017500000000000002 0.00047113653794926693
-0.0195 0.017500000000000002 0.0010577342320526827
-0.019 0.017500000000000002 0.0023265880054957441
-0.018500000000000003 0.017500000000000002 0.0050344402872740416
-0.018000000000000002 0.017500000000000002 0.010755955229859622
-0.017500000000000002 0.017500000000000002 0.022746530159075306
-0.017000000000000001 0.017500000000000002 0.047659260729845727
-0.016500000000000001 0.017500000000000002 0.098843539329068017
-0.016 0.017500000000000002 0.20240273985196106
-0.0155 0.017500000000000002 0.40773228926010424
-0.015000000000000001 0.017500000000000002 0.80472972500274942
-0.014500000000000001 0.017500000000000002 1.5499069744258216
-0.014 0.017500000000000002 2.9026722401385072
-0.0135 0.017500000000000002 5.2704038610251276
-0.012999999999999999 0.017500000000000002 9.2561195926456854
-0.012500000000000001 0.017500000000000002 15.695762081463647
-0.012 0.017500000000000002 25.664882117809618
-0.0115 0.017500000000000002 40.429960544413859
-0.010999999999999999 0.017500000000000002 61.322214455403646
-0.010499999999999999 0.017500000000000002 89.525786176026358
-0.010000000000000002 0.017500000000000002 125.79941492954597
-0.0095000000000000015 0.017500000000000002 170.18743646308766
-0.0090000000000000011 0.017500000000000002 221.81183649860725
-0.0085000000000000006 0.017500000000000002 278.85615938067468
-0.0080000000000000002 0.017500000000000002 338.83765796224384
-0.0074999999999999997 0.017500000000000002 399.20610267091871
-0.0069999999999999993 0.017500000000000002 458.20994558703796
-0.0064999999999999988 0.017500000000000002 515.8542829045582
-0.0059999999999999984 0.017500000000000002 574.67614672395723
-0.0054999999999999979 0.017500000000000002 640.02217772009465
-0.005000000000000001 0.017500000000000002 719.56435976338776
-0.0044999999999999971 0.017500000000000002 821.9418472610206
-0.0040000000000000001 0.017500000000000002 954.65030431983962
-0.0035000000000000031 0.017500000000000002 1121.561319316867
-0.0029999999999999992 0.017500000000000002 1320.666239213444
-0.0025000000000000022 0.017500000000000002 1542.7194792153757
-0.0019999999999999983 0.017500000000000002 1771.3469350804069
-0.0015000000000000013 0.017500000000000002 1984.8772611544825
-0.00099999999999999742 0.017500000000000002 2159.7074626698659
-0.00050000000000000044 0.017500000000000002 2274.5524171535135
0 0.017500000000000002 2314.6026488212656
0.00050000000000000044 0.017500000000000002 2274.5524171535008
0.0010000000000000009 0.017500000000000002 2159.7074626698304
0.0015000000000000013 0.017500000000000002 1984.8772611543973
0.0020000000000000018 0.017500000000000002 1771.3469350802097
0.0024999999999999988 0.017500000000000002 1542.7194792149514
0.0030000000000000027 0.017500000000000002 1320.6662392125486
0.0034999999999999996 0.017500000000000002 1121.5613193150671
0.0040000000000000036 0.017500000000000002 954.65030431635398
0.0045000000000000005 0.017500000000000002 821.9418472545417
0.0049999999999999975 0.017500000000000002 719.56435975181853
0.0055000000000000014 0.017500000000000002 640.0221777002414
0.0059999999999999984 0.017500000000000002 574.67614669122599
0.0064999999999999988 0.017500000000000002 515.85428285270939
0.0069999999999999993 0.017500000000000002 458.20994550812685
0.0074999999999999997 0.017500000000000002 399.20610255552845
0.0080000000000000002 0.017500000000000002 338.83765780012686
0.0085000000000000006 0.017500000000000002 278.85615916183974
0.0090000000000000011 0.017500000000000002 221.81183621479377
0.0095000000000000015 0.017500000000000002 170.1874361094342
0.010000000000000002 0.017500000000000002 125.79941450614587
0.010500000000000002 0.017500000000000002 89.525785688999932
0.011000000000000003 0.017500000000000002 61.322213917156326
0.011500000000000003 0.017500000000000002 40.429959972883353
0.012000000000000004 0.017500000000000002 25.664881534733425
0.012499999999999997 0.017500000000000002 15.695761509933247
0.013000000000000005 0.017500000000000002 9.2561190543984981
0.013499999999999998 0.017500000000000002 5.2704033739989811
0.014000000000000005 0.017500000000000002 2.9026718167382879
0.014499999999999999 0.017500000000000002 1.5499066207722478
0.014999999999999999 0.017500000000000002 0.8047294411891045
0.0155 0.017500000000000002 0.40773207042513965
0.016000000000000007 0.017500000000000002 0.20240257773502959
0.016500000000000001 0.017500000000000002 0.098843423939048825
0.017000000000000001 0.017500000000000002 0.047659181819064492
0.017500000000000002 0.017500000000000002 0.022746478310997385
0.017999999999999995 0.017500000000000002 0.010755922499016081
0.018500000000000003 0.017500000000000002 0.0050344204350138509
0.019000000000000003 0.017500000000000002 0.002326576436625791
0.019500000000000003 0.017500000000000002 0.0010577277546612973
0.019999999999999997 0.017500000000000002 0.0004711330534726054
0.020499999999999997 0.017500000000000002 0.00020478060399098925
0.021000000000000005 0.017500000000000002 8.6549110950316359e-05
0.021500000000000005 0.017500000000000002 3.5463092865373902e-05
0.021999999999999999 0.017500000000000002 1.4054267745707185e-05
0.022499999999999999 0.017500000000000002 5.3774128115519474e-06
0.023000000000000007 0.017500000000000002 1.9837439729355966e-06
0.023500000000000007 0.017500000000000002 7.0487811429826628e-07
0.024 0.017500000000000002 2.410715335409861e-07
0.024500000000000001 0.017500000000000002 7.9315213973912736e-08
0.025000000000000001 0.017500000000000002 2.5094877870705766e-08
-0.025000000000000001 0.017999999999999995 9.8240516607766198e-09
-0.024500000000000001 0.017999999999999995 3.1077839135701058e-08
-0.024 0.017999999999999995 9.4577923756528284e-08
-0.0235 0.017999999999999995 2.7703353199651847e-07
-0.023 0.017999999999999995 7.816118864785647e-07
-0.022500000000000003 0.017999999999999995 2.1261658443820028e-06
-0.022000000000000002 0.017999999999999995 5.5838883532113114e-06
-0.021500000000000002 0.017999999999999995 1.418384534162457e-05
-0.021000000000000001 0.017999999999999995 3.4929430332715138e-05
-0.020500000000000001 0.017999999999999995 8.3640689633507288e-05
-0.02 0.017999999999999995 0.00019544263644406069
-0.0195 0.017999999999999995 0.00044743931950353013
-0.019 0.017999999999999995 0.0010077150121134218
-0.018500000000000003 0.017999999999999995 0.0022408218969586155
-0.018000000000000002 0.017999999999999995 0.0049322518585744445
-0.017500000000000002 0.017999999999999995 0.010755955229859735
-0.017000000000000001 0.017999999999999995 0.023217814992947439
-0.016500000000000001 0.017999999999999995 0.049483505749460338
-0.016 0.017999999999999995 0.10375036065865169
-0.0155 0.017999999999999995 0.21312483237547011
-0.015000000000000001 0.017999999999999995 0.4272259613636516
-0.014500000000000001 0.017999999999999995 0.83275174928401474
-0.014 0.017999999999999995 1.573704015937883
-0.0135 0.017999999999999995 2.876493085894269
-0.012999999999999999 0.017999999999999995 5.0764683648843745
-0.012500000000000001 0.017999999999999995 8.6386678239458661
-0.012 0.017999999999999995 14.161593088764766
-0.0115 0.017999999999999995 22.350356975786497
-0.010999999999999999 0.017999999999999995 33.947093802607689
-0.010499999999999999 0.017999999999999995 49.614464461283696
-0.010000000000000002 0.017999999999999995 69.783370643221176
-0.0095000000000000015 0.017999999999999995 94.496592252178871
-0.0090000000000000011 0.017999999999999995 123.3001351785981
-0.0085000000000000006 0.017999999999999995 155.24464079401181
-0.0080000000000000002 0.017999999999999995 189.05078985037977
-0.0074999999999999997 0.017999999999999995 223.45939231850866
-0.0069999999999999993 0.017999999999999995 257.73071279861114
-0.0064999999999999988 0.017999999999999995 292.19039079298182
-0.0059999999999999984 0.017999999999999995 328.66153914106098
-0.0054999999999999979 0.017999999999999995 370.59821411410502
-0.005000000000000001 0.017999999999999995 422.76422135114149
-0.0044999999999999971 0.017999999999999995 490.39061876359142
-0.0040000000000000001 0.017999999999999995 577.88443583480728
-0.0035000000000000031 0.017999999999999995 687.31917250606693
-0.0029999999999999992 0.017999999999999995 817.06809443739439
-0.0025000000000000022 0.017999999999999995 960.99342973018065
-0.0019999999999999983 0.017999999999999995 1108.5402072818133
-0.0015000000000000013 0.017999999999999995 1245.8955153384859
-0.00099999999999999742 0.017999999999999995 1358.0981324588042
-0.00050000000000000044 0.017999999999999995 1431.6958376862312
0 0.017999999999999995 1457.3436440286923
0.00050000000000000044 0.017999999999999995 1431.6958376862281
0.0010000000000000009 0.017999999999999995 1358.0981324587956
0.0015000000000000013 0.017999999999999995 1245.8955153384654
0.0020000000000000018 0.017999999999999995 1108.5402072817653
0.0024999999999999988 0.017999999999999995 960.99342973007867
0.0030000000000000027 0.017999999999999995 817.06809443717759
0.0034999999999999996 0.017999999999999995 687.3191725056322
0.0040000000000000036 0.017999999999999995 577.88443583396418
0.0045000000000000005 0.017999999999999995 490.39061876202459
0.0049999999999999975 0.017999999999999995 422.76422134834502
0.0055000000000000014 0.017999999999999995 370.59821410930567
0.0059999999999999984 0.017999999999999995 328.66153913314918
0.0064999999999999988 0.017999999999999995 292.19039078044881
0.0069999999999999993 0.017999999999999995 257.73071277953687
0.0074999999999999997 0.017999999999999995 223.45939229061713
0.0080000000000000002 0.017999999999999995 189.05078981119382
0.0085000000000000006 0.017999999999999995 155.24464074111634
0.0090000000000000011 0.017999999999999995 123.30013510999616
0.0095000000000000015 0.017999999999999995 94.496592166695848
0.010000000000000002 0.017999999999999995 69.783370540879531
0.010500000000000002 0.017999999999999995 49.61446434356256
0.011000000000000003 0.017999999999999995 33.947093672505751
0.011500000000000003 0.017999999999999995 22.35035683763952
0.012000000000000004 0.017999999999999995 14.161592947827065
0.012499999999999997 0.017999999999999995 8.6386676857989926
0.013000000000000005 0.017999999999999995 5.0764682347824737
0.013499999999999998 0.017999999999999995 2.8764929681732316
0.014000000000000005 0.017999999999999995 1.5737039135961137
0.014499999999999999 0.017999999999999995 0.83275166380099153
0.014999999999999999 0.017999999999999995 0.42722589276191597
0.0155 0.017999999999999995 0.21312477947999181
0.016000000000000007 0.017999999999999995 0.10375032147271654
0.016500000000000001 0.017999999999999995 0.049483477858075331
0.017000000000000001 0.017999999999999995 0.023217795919105551
0.017500000000000002 0.017999999999999995 0.010755942697452564
0.017999999999999995 0.017999999999999995 0.0049322439470708065
0.018500000000000003 0.017999999999999995 0.0022408170983890603
0.019000000000000003 0.017999999999999995 0.0010077122157553958
0.019500000000000003 0.017999999999999995 0.00044743775382723909
0.019999999999999997 0.017999999999999995 0.00019544179419721057
0.020499999999999997 0.017999999999999995 8.3640254317098866e-05
0.021000000000000005 0.017999999999999995 3.4929214160983683e-05
0.021500000000000005 0.017999999999999995 1.4183742203083326e-05
0.021999999999999999 0.017999999999999995 5.5838410738840941e-06
0.022499999999999999 0.017999999999999995 2.1261450210696981e-06
0.023000000000000007 0.017999999999999995 7.8160307484235149e-07
0.023500000000000007 0.017999999999999995 2.7702994945258105e-07
0.024 0.017999999999999995 9.4576524315146861e-08
0.024500000000000001 0.017999999999999995 3.1077313909818416e-08
0.025000000000000001 0.017999999999999995 9.8238622669808904e-09
-0.025000000000000001 0.018500000000000003 3.6983041526482006e-09
-0.024500000000000001 0.018500000000000003 1.1714227026233075e-08
-0.024 0.018500000000000003 3.5713155024895969e-08
-0.0235 0.018500000000000003 1.0487187381366687e-07
-0.023 0.018500000000000003 2.9691830953471448e-07
-0.022500000000000003 0.018500000000000003 8.1161210917855897e-07
-0.022000000000000002 0.018500000000000003 2.1457430347834323e-06
-0.021500000000000002 0.018500000000000003 5.499803135484205e-06
-0.021000000000000001 0.018500000000000003 1.3707086373881545e-05
-0.020500000000000001 0.018500000000000003 3.3336403564272251e-05
-0.02 0.018500000000000003 7.9433820013211586e-05
-0.0195 0.018500000000000003 0.00018620051440617453
-0.019 0.018500000000000003 0.00043094544572718342
-0.018500000000000003 0.018500000000000003 0.00098726092511997781
-0.018000000000000002 0.018500000000000003 0.0022408218969585899
-0.017500000000000002 0.018500000000000003 0.0050344402872740416
-0.017000000000000001 0.018500000000000003 0.011167643706813501
-0.016500000000000001 0.018500000000000003 0.024370337208430799
-0.016 0.018500000000000003 0.052104610611301914
-0.0155 0.018500000000000003 0.10870983827000925
-0.015000000000000001 0.018500000000000003 0.22054344980542961
-0.014500000000000001 0.018500000000000003 0.43377676030300427
-0.014 0.018500000000000003 0.82521418911435962
-0.0135 0.018500000000000003 1.5157162135219304
-0.012999999999999999 0.018500000000000003 2.6843806809944812
-0.012500000000000001 0.018500000000000003 4.5796426336376017
-0.012 0.018500000000000003 7.5213442330214892
-0.0115 0.018500000000000003 11.886547519267209
-0.010999999999999999 0.018500000000000003 18.072740630482802
-0.010499999999999999 0.018500000000000003 26.436405418103089
-0.010000000000000002 0.018500000000000003 37.21317450101494
-0.0095000000000000015 0.018500000000000003 50.436916645484203
-0.0090000000000000011 0.018500000000000003 65.885894001417853
-0.0085000000000000006 0.018500000000000003 83.089759864023307
-0.0080000000000000002 0.018500000000000003 101.42642815907381
-0.0074999999999999997 0.018500000000000003 120.31947536235748
-0.0069999999999999993 0.018500000000000003 139.51564277595983
-0.0064999999999999988 0.018500000000000003 159.38455671303234
-0.0059999999999999984 0.018500000000000003 181.15022528291672
-0.0054999999999999979 0.018500000000000003 206.94969397696332
-0.005000000000000001 0.018500000000000003 239.62998791836071
-0.0044999999999999971 0.018500000000000003 282.24507430878765
-0.0040000000000000001 0.018500000000000003 337.29462267014395
-0.0035000000000000031 0.018500000000000003 405.83856731195885
-0.0029999999999999992 0.018500000000000003 486.69887442337784
-0.0025000000000000022 0.018500000000000003 575.99211702513446
-0.0019999999999999983 0.018500000000000003 667.19993741076223
-0.0015000000000000013 0.018500000000000003 751.87387937199605
-0.00099999999999999742 0.018500000000000003 820.90693498197777
-0.00050000000000000044 0.018500000000000003 866.13176595139623
0 0.018500000000000003 881.88247593076244
0.00050000000000000044 0.018500000000000003 866.13176595139555
0.0010000000000000009 0.018500000000000003 820.90693498197572
0.0015000000000000013 0.018500000000000003 751.87387937199139
0.0020000000000000018 0.018500000000000003 667.19993741075086
0.0024999999999999988 0.018500000000000003 575.99211702511127
0.0030000000000000027 0.018500000000000003 486.6988744233272
0.0034999999999999996 0.018500000000000003 405.83856731185824
0.0040000000000000036 0.018500000000000003 337.29462266994796
0.0045000000000000005 0.018500000000000003 282.24507430842368
0.0049999999999999975 0.018500000000000003 239.62998791771136
0.0055000000000000014 0.018500000000000003 206.94969397584848
0.0059999999999999984 0.018500000000000003 181.15022528107929
0.0064999999999999988 0.018500000000000003 159.38455671012176
0.0069999999999999993 0.018500000000000003 139.51564277152988
0.0074999999999999997 0.018500000000000003 120.31947535587999
0.0080000000000000002 0.018500000000000003 101.4264281499734
0.0085000000000000006 0.018500000000000003 83.089759851739046
0.0090000000000000011 0.018500000000000003 65.885893985486049
0.0095000000000000015 0.018500000000000003 50.436916625631945
0.010000000000000002 0.018500000000000003 37.213174477247534
0.010500000000000002 0.018500000000000003 26.436405390763966
0.011000000000000003 0.018500000000000003 18.072740600268414
0.011500000000000003 0.018500000000000003 11.88654748718446
0.012000000000000004 0.018500000000000003 7.5213442002906321
0.012499999999999997 0.018500000000000003 4.5796426015548963
0.013000000000000005 0.018500000000000003 2.6843806507800951
0.013499999999999998 0.018500000000000003 1.5157161861828368
0.014000000000000005 0.018500000000000003 0.82521416534688896
0.014499999999999999 0.018500000000000003 0.43377674045074777
0.014999999999999999 0.018500000000000003 0.22054343387361902
0.0155 0.018500000000000003 0.10870982598576071
0.016000000000000007 0.018500000000000003 0.052104601510906109
0.016500000000000001 0.018500000000000003 0.024370330731039488
0.017000000000000001 0.018500000000000003 0.011167639277175548
0.017500000000000002 0.018500000000000003 0.0050344373767945002
0.017999999999999995 0.018500000000000003 0.0022408200596204732
0.018500000000000003 0.018500000000000003 0.00098725981071806136
0.019000000000000003 0.018500000000000003 0.00043094479631141161
0.019500000000000003 0.018500000000000003 0.00018620015079934464
0.019999999999999997 0.018500000000000003 7.9433624412941162e-05
0.020499999999999997 0.018500000000000003 3.3336302468011277e-05
0.021000000000000005 0.018500000000000003 1.3707036170963903e-05
0.021500000000000005 0.018500000000000003 5.4997791829736207e-06
0.021999999999999999 0.018500000000000003 2.1457320548086112e-06
0.022499999999999999 0.018500000000000003 8.1160727325008405e-07
0.023000000000000007 0.018500000000000003 2.9691626315314338e-07
0.023500000000000007 0.018500000000000003 1.0487104181700845e-07
0.024 0.018500000000000003 3.5712830023842842e-08
0.024500000000000001 0.018500000000000003 1.1714105049730699e-08
0.025000000000000001 0.018500000000000003 3.6982601685386239e-09
-0.025000000000000001 0.019000000000000003 1.3393512978969693e-09
-0.024500000000000001 0.019000000000000003 4.2499227243213676e-09
-0.024 0.019000000000000003 1.2989240910779944e-08
-0.0235 0.019000000000000003 3.8276624907531625e-08
-0.023 0.019000000000000003 1.0889729054143301e-07
-0.022500000000000003 0.019000000000000003 2.9965267208417169e-07
-0.022000000000000002 0.019000000000000003 7.9939138566785256e-07
-0.021500000000000002 0.019000000000000003 2.0736207755703759e-06
-0.021000000000000001 0.019000000000000003 5.2489784137140602e-06
-0.020500000000000001 0.019000000000000003 1.3017672266302003e-05
-0.02 0.019000000000000003 3.1760006839298971e-05
-0.0195 0.019000000000000003 7.6505702170931615e-05
-0.019 0.019000000000000003 0.0001824211609819325
-0.018500000000000003 0.019000000000000003 0.00043094544572718125
-0.018000000000000002 0.019000000000000003 0.0010077150121134051
-0.017500000000000002 0.019000000000000003 0.0023265880054957277
-0.017000000000000001 0.019000000000000003 0.0052843379907926615
-0.016500000000000001 0.019000000000000003 0.011759147968231414
-0.016 0.019000000000000003 0.025535152380762358
-0.0155 0.019000000000000003 0.053917837133140856
-0.015000000000000001 0.019000000000000003 0.1103751531239279
-0.014500000000000001 0.019000000000000003 0.21854219562886917
-0.014 0.019000000000000003 0.41777743075389345
-0.0135 0.019000000000000003 0.77005435271186295
-0.012999999999999999 0.019000000000000003 1.3672429864497266
-0.012500000000000001 0.019000000000000003 2.3368177614823864
-0.012 0.019000000000000003 3.8429572605619491
-0.0115 0.019000000000000003 6.0793639570425695
-0.010999999999999999 0.019000000000000003 9.2506121624387418
-0.010499999999999999 0.019000000000000003 13.541090987218881
-0.010000000000000002 0.019000000000000003 19.074905055531687
-0.0095000000000000015 0.019000000000000003 25.875862213557948
-0.0090000000000000011 0.019000000000000003 33.842273275838579
-0.0085000000000000006 0.019000000000000003 42.75416809801704
-0.0080000000000000002 0.019000000000000003 52.327962341471334
-0.0074999999999999997 0.019000000000000003 62.323822877070036
-0.0069999999999999993 0.019000000000000003 72.694376688779045
-0.0064999999999999988 0.019000000000000003 83.743275276787045
-0.0059999999999999984 0.019000000000000003 96.244424238426248
-0.0054999999999999979 0.019000000000000003 111.46474085044706
-0.005000000000000001 0.019000000000000003 131.04160372611827
-0.0044999999999999971 0.019000000000000003 156.69379558947585
-0.0040000000000000001 0.019000000000000003 189.78915203167881
-0.0035000000000000031 0.019000000000000003 230.84401389362182
-0.0029999999999999992 0.019000000000000003 279.07380063810268
-0.0025000000000000022 0.019000000000000003 332.13309898825207
-0.0019999999999999983 0.019000000000000003 386.16366642634779
-0.0015000000000000013 0.019000000000000003 436.20604469795541
-0.00099999999999999742 0.019000000000000003 476.93644658053154
-0.00050000000000000044 0.019000000000000003 503.59118846224038
0 0.019000000000000003 512.86956621049774
0.00050000000000000044 0.019000000000000003 503.59118846224021
0.0010000000000000009 0.019000000000000003 476.93644658053108
0.0015000000000000013 0.019000000000000003 436.20604469795421
0.0020000000000000018 0.019000000000000003 386.16366642634529
0.0024999999999999988 0.019000000000000003 332.13309898824741
0.0030000000000000027 0.019000000000000003 279.07380063809143
0.0034999999999999996 0.019000000000000003 230.84401389359954
0.0040000000000000036 0.019000000000000003 189.78915203163493
0.0045000000000000005 0.019000000000000003 156.69379558939454
0.0049999999999999975 0.019000000000000003 131.04160372597346
0.0055000000000000014 0.019000000000000003 111.46474085019814
0.0059999999999999984 0.019000000000000003 96.244424238016165
0.0064999999999999988 0.019000000000000003 83.743275276137524
0.0069999999999999993 0.019000000000000003 72.694376687790509
0.0074999999999999997 0.019000000000000003 62.323822875624693
0.0080000000000000002 0.019000000000000003 52.327962339440766
0.0085000000000000006 0.019000000000000003 42.75416809527605
0.0090000000000000011 0.019000000000000003 33.842273272283713
0.0095000000000000015 0.019000000000000003 25.875862209128307
0.010000000000000002 0.019000000000000003 19.074905050228462
0.010500000000000002 0.019000000000000003 13.541090981118693
0.011000000000000003 0.019000000000000003 9.2506121556969934
0.011500000000000003 0.019000000000000003 6.0793639498839234
0.012000000000000004 0.019000000000000003 3.8429572532587106
0.012499999999999997 0.019000000000000003 2.336817754323774
0.013000000000000005 0.019000000000000003 1.3672429797079828
0.013499999999999998 0.019000000000000003 0.77005434661168948
0.014000000000000005 0.019000000000000003 0.41777742545065388
0.014499999999999999 0.019000000000000003 0.21854219119923304
0.014999999999999999 0.019000000000000003 0.11037514956906087
0.0155 0.019000000000000003 0.053917834392154702
0.016000000000000007 0.019000000000000003 0.02553515035018945
0.016500000000000001 0.019000000000000003 0.011759146522930055
0.017000000000000001 0.019000000000000003 0.0052843370024068404
0.017500000000000002 0.019000000000000003 0.0023265873560799695
0.017999999999999995 0.019000000000000003 0.0010077146021478657
0.018500000000000003 0.019000000000000003 0.0004309451970705037
0.019000000000000003 0.019000000000000003 0.00018242101607768703
0.019500000000000003 0.019000000000000003 7.6505621039281484e-05
0.019999999999999997 0.019000000000000003 3.1759963194979374e-05
0.020499999999999997 0.019000000000000003 1.3017649708677211e-05
0.021000000000000005 0.019000000000000003 5.2489672119290103e-06
0.021500000000000005 0.019000000000000003 2.0736154310428384e-06
0.021999999999999999 0.019000000000000003 7.993889357043167e-07
0.022499999999999999 0.019000000000000003 2.9965159304267656e-07
0.023000000000000007 0.019000000000000003 1.0889683393198494e-07
0.023500000000000007 0.019000000000000003 3.8276439263983783e-08
0.024 0.019000000000000003 1.2989168393242913e-08
0.024500000000000001 0.019000000000000003 4.2498955076848584e-09
0.025000000000000001 0.019000000000000003 1.3393414837155555e-09
-0.025000000000000001 0.019500000000000003 4.6686426830381981e-10
-0.024500000000000001 0.019500000000000003 1.4851326961328957e-09
-0.024 0.019500000000000003 4.5549854868731032e-09
-0.0235 0.019500000000000003 1.3487836699685965e-08
-0.023 0.019500000000000003 3.8629157371501631e-08
-0.022500000000000003 0.019500000000000003 1.0725767820897153e-07
-0.022000000000000002 0.019500000000000003 2.8958102671906627e-07
-0.021500000000000002 0.019500000000000003 7.6293473519359884e-07
-0.021000000000000001 0.019500000000000003 1.9693266549391832e-06
-0.020500000000000001 0.019500000000000003 5.0007693595579533e-06
-0.02 0.019500000000000003 1.2537814395221115e-05
-0.0195 0.019500000000000003 3.1115372883581667e-05
-0.019 0.019500000000000003 7.6505702170931669e-05
-0.018500000000000003 0.019500000000000003 0.0001862005144061732
-0.018000000000000002 0.019500000000000003 0.00044743931950352221
-0.017500000000000002 0.019500000000000003 0.0010577342320526775
-0.017000000000000001 0.019500000000000003 0.002449812312358531
-0.016500000000000001 0.019500000000000003 0.0055368896862817724
-0.016 0.019500000000000003 0.012168288227471723
-0.0155 0.019500000000000003 0.025926063309726938
-0.015000000000000001 0.019500000000000003 0.053427710852131556
-0.014500000000000001 0.019500000000000003 0.1063013175300369
-0.014 0.019500000000000003 0.20392554959822226
-0.0135 0.019500000000000003 0.37682798668499962
-0.012999999999999999 0.019500000000000003 0.67027694462836873
-0.012500000000000001 0.019500000000000003 1.1471030853982922
-0.012 0.019500000000000003 1.8882648554105756
-0.0115 0.019500000000000003 2.9893675554096819
-0.010999999999999999 0.019500000000000003 4.5515985959730889
-0.010499999999999999 0.019500000000000003 6.6666789165184568
-0.010000000000000002 0.019500000000000003 9.3975808117954145
-0.0095000000000000015 0.019500000000000003 12.759642540870438
-0.0090000000000000011 0.019500000000000003 16.709498814742478
-0.0085000000000000006 0.019500000000000003 21.150662733678431
-0.0080000000000000002 0.019500000000000003 25.96325045657985
-0.0074999999999999997 0.019500000000000003 31.060313276482059
-0.0069999999999999993 0.019500000000000003 36.464692168853176
-0.0064999999999999988 0.019500000000000003 42.389869818378934
-0.0059999999999999984 0.019500000000000003 49.299008975886366
-0.0054999999999999979 0.019500000000000003 57.912070860619885
-0.005000000000000001 0.019500000000000003 69.135124283463369
-0.0044999999999999971 0.019500000000000003 83.900517471505111
-0.0040000000000000001 0.019500000000000003 102.93035106125365
-0.0035000000000000031 0.019500000000000003 126.46382530190647
-0.0029999999999999992 0.019500000000000003 154.0133581753972
-0.0025000000000000022 0.019500000000000003 184.22520603285304
-0.0019999999999999983 0.019500000000000003 214.90975825849256
-0.0015000000000000013 0.019500000000000003 243.27242895676264
-0.00099999999999999742 0.019500000000000003 266.32421739178579
-0.00050000000000000044 0.019500000000000003 281.39588508055772
0 0.019500000000000003 286.639907767338
0.00050000000000000044 0.019500000000000003 281.39588508055772
0.0010000000000000009 0.019500000000000003 266.32421739178574
0.0015000000000000013 0.019500000000000003 243.27242895676261
0.0020000000000000018 0.019500000000000003 214.90975825849182
0.0024999999999999988 0.019500000000000003 184.22520603285224
0.0030000000000000027 0.019500000000000003 154.01335817539467
0.0034999999999999996 0.019500000000000003 126.46382530190182
0.0040000000000000036 0.019500000000000003 102.93035106124408
0.0045000000000000005 0.019500000000000003 83.900517471487603
0.0049999999999999975 0.019500000000000003 69.135124283432319
0.0055000000000000014 0.019500000000000003 57.912070860566423
0.0059999999999999984 0.019500000000000003 49.299008975798429
0.0064999999999999988 0.019500000000000003 42.389869818239667
0.0069999999999999993 0.019500000000000003 36.464692168641207
0.0074999999999999997 0.019500000000000003 31.060313276172195
0.0080000000000000002 0.019500000000000003 25.963250456144532
0.0085000000000000006 0.019500000000000003 21.150662733090812
0.0090000000000000011 0.019500000000000003 16.709498813980382
0.0095000000000000015 0.019500000000000003 12.759642539920808
0.010000000000000002 0.019500000000000003 9.397580810658507
0.010500000000000002 0.019500000000000003 6.6666789152106833
0.011000000000000003 0.019500000000000003 4.5515985945277793
0.011500000000000003 0.019500000000000003 2.9893675538750029
0.012000000000000004 0.019500000000000003 1.8882648538448961
0.012499999999999997 0.019500000000000003 1.1471030838636245
0.013000000000000005 0.019500000000000003 0.67027694318306619
0.013499999999999998 0.019500000000000003 0.37682798537723822
0.014000000000000005 0.019500000000000003 0.20392554846130792
0.014499999999999999 0.019500000000000003 0.10630131658040697
0.014999999999999999 0.019500000000000003 0.053427710090035462
0.0155 0.019500000000000003 0.025926062722111336
0.016000000000000007 0.019500000000000003 0.012168287792155208
0.016500000000000001 0.019500000000000003 0.0055368893764364815
0.017000000000000001 0.019500000000000003 0.0024498121004672942
0.017500000000000002 0.019500000000000003 0.0010577340928302123
0.017999999999999995 0.019500000000000003 0.00044743923161466212
0.018500000000000003 0.019500000000000003 0.00018620046109888103
0.019000000000000003 0.019500000000000003 7.6505671106199787e-05
0.019500000000000003 0.019500000000000003 3.1115355490489126e-05
0.019999999999999997 0.019500000000000003 1.253780503870386e-05
0.020499999999999997 0.019500000000000003 5.0007645236295316e-06
0.021000000000000005 0.019500000000000003 1.9693242534881643e-06
0.021500000000000005 0.019500000000000003 7.629335894278985e-07
0.021999999999999999 0.019500000000000003 2.8958050149318604e-07
0.022499999999999999 0.019500000000000003 1.0725744688286786e-07
0.023000000000000007 0.019500000000000003 3.8629059483065011e-08
0.023500000000000007 0.019500000000000003 1.3487796901217674e-08
0.024 0.019500000000000003 4.5549699404836415e-09
0.024500000000000001 0.019500000000000003 1.4851268614003844e-09
0.025000000000000001 0.019500000000000003 4.6686216432879867e-10
-0.025000000000000001 0.019999999999999997 1.5674850287382158e-10
-0.024500000000000001 0.019999999999999997 5.0037659239174052e-10
-0.024 0.019999999999999997 1.5421411487127831e-09
-0.0235 0.019999999999999997 4.5969406197162079e-09
-0.023 0.019999999999999997 1.3284765048002069e-08
-0.022500000000000003 0.019999999999999997 3.7330809912548988e-08
-0.022000000000000002 0.019999999999999997 1.0236618399442451e-07
-0.021500000000000002 0.019999999999999997 2.7501646533873808e-07
-0.021000000000000001 0.019999999999999997 7.2685798211087632e-07
-0.020500000000000001 0.019999999999999997 1.8967337183494931e-06
-0.02 0.019999999999999997 4.899269235522384e-06
-0.0195 0.019999999999999997 1.2537814395221293e-05
-0.019 0.019999999999999997 3.1760006839299351e-05
-0.018500000000000003 0.019999999999999997 7.9433820013212074e-05
-0.018000000000000002 0.019999999999999997 0.0001954426364440589
-0.017500000000000002 0.019999999999999997 0.00047113653794926883
-0.017000000000000001 0.019999999999999997 0.0011082830588238688
-0.016500000000000001 0.019999999999999997 0.0025350385243334619
-0.016 0.019999999999999997 0.0056216128838003322
-0.0155 0.019999999999999997 0.012057538088876702
-0.015000000000000001 0.019999999999999997 0.024968698586886769
-0.014500000000000001 0.019999999999999997 0.049852849754257481
-0.014 0.019999999999999997 0.095877337582043518
-0.0135 0.019999999999999997 0.17748876488036891
-0.012999999999999999 0.019999999999999997 0.31611530604608989
-0.012500000000000001 0.019999999999999997 0.54150763228193499
-0.012 0.019999999999999997 0.89201999495495343
-0.0115 0.019999999999999997 1.4129940937471415
-0.010999999999999999 0.019999999999999997 2.1525365384448931
-0.010499999999999999 0.019999999999999997 3.1545322833331237
-0.010000000000000002 0.019999999999999997 4.4497724452500558
-0.0095000000000000015 0.019999999999999997 6.0474594765186813
-0.0090000000000000011 0.019999999999999997 7.9306901354541797
-0.0085000000000000006 0.019999999999999997 10.060186397102013
-0.0080000000000000002 0.019999999999999997 12.389866263764478
-0.0074999999999999997 0.019999999999999997 14.895356701379812
-0.0069999999999999993 0.019999999999999997 17.61230478583866
-0.0064999999999999988 0.019999999999999997 20.676120542575418
-0.0059999999999999984 0.019999999999999997 24.350085148583641
-0.0054999999999999979 0.019999999999999997 29.026520430217978
-0.005000000000000001 0.019999999999999997 35.187780140029574
-0.0044999999999999971 0.019999999999999997 43.321224956894191
-0.0040000000000000001 0.019999999999999997 53.794608091491021
-0.0035000000000000031 0.019999999999999997 66.713000177435063
-0.0029999999999999992 0.019999999999999997 81.791261279719663
-0.0025000000000000022 0.019999999999999997 98.281969216952305
-0.0019999999999999983 0.019999999999999997 114.99333300947208
-0.0015000000000000013 0.019999999999999997 130.41360308629703
-0.00099999999999999742 0.019999999999999997 142.9309737876454
-0.00050000000000000044 0.019999999999999997 151.10856840192463
0 0.019999999999999997 153.95277421073607
0.00050000000000000044 0.019999999999999997 151.10856840192463
0.0010000000000000009 0.019999999999999997 142.93097378764537
0.0015000000000000013 0.019999999999999997 130.41360308629697
0.0020000000000000018 0.019999999999999997 114.99333300947197
0.0024999999999999988 0.019999999999999997 98.281969216952277
0.0030000000000000027 0.019999999999999997 81.79126127971908
0.0034999999999999996 0.019999999999999997 66.713000177434168
0.0040000000000000036 0.019999999999999997 53.794608091489039
0.0045000000000000005 0.019999999999999997 43.321224956890546
0.0049999999999999975 0.019999999999999997 35.187780140023229
0.0055000000000000014 0.019999999999999997 29.026520430206947
0.0059999999999999984 0.019999999999999997 24.35008514856553
0.0064999999999999988 0.019999999999999997 20.676120542546737
0.0069999999999999993 0.019999999999999997 17.612304785794993
0.0074999999999999997 0.019999999999999997 14.895356701315963
0.0080000000000000002 0.019999999999999997 12.389866263674813
0.0085000000000000006 0.019999999999999997 10.060186396980978
0.0090000000000000011 0.019999999999999997 7.9306901352971932
0.0095000000000000015 0.019999999999999997 6.0474594763230805
0.010000000000000002 0.019999999999999997 4.4497724450158875
0.010500000000000002 0.019999999999999997 3.1545322830637517
0.011000000000000003 0.019999999999999997 2.152536538147189
0.011500000000000003 0.019999999999999997 1.4129940934310368
0.012000000000000004 0.019999999999999997 0.89201999463246306
0.012499999999999997 0.019999999999999997 0.54150763196583418
0.013000000000000005 0.019999999999999997 0.31611530574839214
0.013499999999999998 0.019999999999999997 0.17748876461100357
0.014000000000000005 0.019999999999999997 0.095877337347867297
0.014499999999999999 0.019999999999999997 0.049852849558657639
0.014999999999999999 0.019999999999999997 0.024968698429914088
0.0155 0.019999999999999997 0.012057537967842565
0.016000000000000007 0.019999999999999997 0.0056216127941359599
0.016500000000000001 0.019999999999999997 0.0025350384605130542
0.017000000000000001 0.019999999999999997 0.0011082830151795523
0.017500000000000002 0.019999999999999997 0.00047113650927290866
0.017999999999999995 0.019999999999999997 0.00019544261834114401
0.018500000000000003 0.019999999999999997 7.9433809033237454e-05
0.019000000000000003 0.019999999999999997 3.1760000440738091e-05
0.019500000000000003 0.019999999999999997 1.2537810812677306e-05
0.019999999999999997 0.019999999999999997 4.8992673083128298e-06
0.020499999999999997 0.019999999999999997 1.8967327222686614e-06
0.021000000000000005 0.019999999999999997 7.2685748747176625e-07
0.021500000000000005 0.019999999999999997 2.7501622933953534e-07
0.021999999999999999 0.019999999999999997 1.0236607581097254e-07
0.022499999999999999 0.019999999999999997 3.733076226513222e-08
0.023000000000000007 0.019999999999999997 1.3284744885421611e-08
0.023500000000000007 0.019999999999999997 4.5969324222227586e-09
0.024 0.019999999999999997 1.5421379465436876e-09
0.024500000000000001 0.019999999999999997 5.0037539058213841e-10
0.025000000000000001 0.019999999999999997 1.5674806950736004e-10
-0.025000000000000001 0.020499999999999997 5.0741528383640986e-11
-0.024500000000000001 0.020499999999999997 1.627655559166456e-10
-0.024 0.020499999999999997 5.0498571269561034e-10
-0.0235 0.020499999999999997 1.5189234541519496e-09
-0.023 0.020499999999999997 4.4424365349915104e-09
-0.022500000000000003 0.020499999999999997 1.2678916444009443e-08
-0.022000000000000002 0.020499999999999997 3.5453255734414886e-08
-0.021500000000000002 0.020499999999999997 9.7525635050706273e-08
-0.021000000000000001 0.020499999999999997 2.6487890589658551e-07
-0.020500000000000001 0.020499999999999997 7.121050850640314e-07
-0.02 0.020499999999999997 1.8967337183494918e-06
-0.0195 0.020499999999999997 5.0007693595580363e-06
-0.019 0.020499999999999997 1.3017672266302189e-05
-0.018500000000000003 0.020499999999999997 3.3336403564272414e-05
-0.018000000000000002 0.020499999999999997 8.3640689633506773e-05
-0.017500000000000002 0.020499999999999997 0.0002047824049474029
-0.017000000000000001 0.020499999999999997 0.00048752536058334903
-0.016500000000000001 0.020499999999999997 0.0011252359715227325
-0.016 0.020499999999999997 0.0025119456258266637
-0.0155 0.020499999999999997 0.0054139549331029277
-0.015000000000000001 0.020499999999999997 0.011250529786068667
-0.014500000000000001 0.020499999999999997 0.022519489735250541
-0.014 0.020499999999999997 0.043387588420379174
-0.0135 0.020499999999999997 0.08042296236508753
-0.012999999999999999 0.020499999999999997 0.1433703585705299
-0.012500000000000001 0.020499999999999997 0.24576379927997158
-0.012 0.020499999999999997 0.40506159189571933
-0.0115 0.020499999999999997 0.6419279854531077
-0.010999999999999999 0.020499999999999997 0.97834842897326191
-0.010499999999999999 0.020499999999999997 1.4345230121214116
-0.010000000000000002 0.020499999999999997 2.0249632726250071
-0.0095000000000000015 0.020499999999999997 2.7548582956086274
-0.0090000000000000011 0.020499999999999997 3.6183934175116934
-0.0085000000000000006 0.020499999999999997 4.6010091190476077
-0.0080000000000000002 0.020499999999999997 5.6872576791955174
-0.0074999999999999997 0.020499999999999997 6.8747257741389358
-0.0069999999999999993 0.020499999999999997 8.1924570404779864
-0.0064999999999999988 0.020499999999999997 9.7197881432270599
-0.0059999999999999984 0.020499999999999997 11.599217077647134
-0.0054999999999999979 0.020499999999999997 14.035798890830495
-0.005000000000000001 0.020499999999999997 17.276538351113825
-0.0044999999999999971 0.020499999999999997 21.566878334532195
-0.0040000000000000001 0.020499999999999997 27.087485480155042
-0.0035000000000000031 0.020499999999999997 33.881936528371654
-0.0029999999999999992 0.020499999999999997 41.792471935281917
-0.0025000000000000022 0.020499999999999997 50.424066587813925
-0.0019999999999999983 0.020499999999999997 59.154423100567023
-0.0015000000000000013 0.020499999999999997 67.198365772699248
-0.00099999999999999742 0.020499999999999997 73.721062887814824
-0.00050000000000000044 0.020499999999999997 77.979419694179185
0 0.020499999999999997 79.460000904882378
0.00050000000000000044 0.020499999999999997 77.979419694179185
0.0010000000000000009 0.020499999999999997 73.721062887814824
0.0015000000000000013 0.020499999999999997 67.198365772699233
0.0020000000000000018 0.020499999999999997 59.154423100567001
0.0024999999999999988 0.020499999999999997 50.424066587813989
0.0030000000000000027 0.020499999999999997 41.792471935281782
0.0034999999999999996 0.020499999999999997 33.88193652837154
0.0040000000000000036 0.020499999999999997 27.087485480154633
0.0045000000000000005 0.020499999999999997 21.566878334531463
0.0049999999999999975 0.020499999999999997 17.276538351112595
0.0055000000000000014 0.020499999999999997 14.03579889082831
0.0059999999999999984 0.020499999999999997 11.599217077643548
0.0064999999999999988 0.020499999999999997 9.7197881432213737
0.0069999999999999993 0.020499999999999997 8.1924570404693444
0.0074999999999999997 0.020499999999999997 6.8747257741263095
0.0080000000000000002 0.020499999999999997 5.6872576791777734
0.0085000000000000006 0.020499999999999997 4.6010091190236553
0.0090000000000000011 0.020499999999999997 3.6183934174806285
0.0095000000000000015 0.020499999999999997 2.7548582955699183
0.010000000000000002 0.020499999999999997 2.0249632725786673
0.010500000000000002 0.020499999999999997 1.4345230120681016
0.011000000000000003 0.020499999999999997 0.97834842891434814
0.011500000000000003 0.020499999999999997 0.64192798539054874
0.012000000000000004 0.020499999999999997 0.40506159183189827
0.012499999999999997 0.020499999999999997 0.2457637992174162
0.013000000000000005 0.020499999999999997 0.1433703585116155
0.013499999999999998 0.020499999999999997 0.080422962311780657
0.014000000000000005 0.020499999999999997 0.043387588374035807
0.014499999999999999 0.020499999999999997 0.022519489696541658
0.014999999999999999 0.020499999999999997 0.011250529755004035
0.0155 0.020499999999999997 0.0054139549091504358
0.016000000000000007 0.020499999999999997 0.0025119456080821899
0.016500000000000001 0.020499999999999997 0.0011252359588927591
0.017000000000000001 0.020499999999999997 0.00048752535194619803
0.017500000000000002 0.020499999999999997 0.00020478239927238892
0.017999999999999995 0.020499999999999997 8.3640686050964199e-05
0.018500000000000003 0.020499999999999997 3.3336401391349772e-05
0.019000000000000003 0.020499999999999997 1.301767100003525e-05
0.019500000000000003 0.020499999999999997 5.0007686505772352e-06
0.019999999999999997 0.020499999999999997 1.8967333369572415e-06
0.020499999999999997 0.020499999999999997 7.12104887940937e-07
0.021000000000000005 0.020499999999999997 2.648788080081485e-07
0.021500000000000005 0.020499999999999997 9.7525588346770442e-08
0.021999999999999999 0.020499999999999997 3.5453234325050768e-08
0.022499999999999999 0.020499999999999997 1.2678907014647669e-08
0.023000000000000007 0.020499999999999997 4.4424325448430648e-09
0.023500000000000007 0.020499999999999997 1.5189218318786523e-09
0.024 0.020499999999999997 5.0498507899051223e-10
0.024500000000000001 0.020499999999999997 1.6276531808008889e-10
0.025000000000000001 0.020499999999999997 5.0741442620982021e-11
-0.025000000000000001 0.021000000000000005 1.5858328388203082e-11
-0.024500000000000001 0.021000000000000005 5.1208941350901732e-11
-0.024 0.021000000000000005 1.6031508808774885e-10
-0.0235 0.021000000000000005 4.8801317008646644e-10
-0.023 0.021000000000000005 1.4496536327940595e-09
-0.022500000000000003 0.021000000000000005 4.2190048707065677e-09
-0.022000000000000002 0.021000000000000005 1.2079375473844988e-08
-0.021500000000000002 0.021000000000000005 3.4146394389646994e-08
-0.021000000000000001 0.021000000000000005 9.5546182358393946e-08
-0.020500000000000001 0.021000000000000005 2.6487890589658133e-07
-0.02 0.021000000000000005 7.2685798211086774e-07
-0.0195 0.021000000000000005 1.9693266549391917e-06
-0.019 0.021000000000000005 5.2489784137140712e-06
-0.018500000000000003 0.021000000000000005 1.3707086373881449e-05
-0.018000000000000002 0.021000000000000005 3.4929430332714528e-05
-0.017500000000000002 0.021000000000000005 8.655000527880413e-05
-0.017000000000000001 0.021000000000000005 0.00020791414513345334
-0.016500000000000001 0.021000000000000005 0.00048308152815325876
-0.016 0.021000000000000005 0.0010836607566633992
-0.0155 0.021000000000000005 0.0023437871447927229
-0.015000000000000001 0.021000000000000005 0.0048827776076398547
-0.014500000000000001 0.021000000000000005 0.0097911073833641289
-0.014 0.021000000000000005 0.018888423243775879
-0.0135 0.021000000000000005 0.035043744967864825
-0.012999999999999999 0.021000000000000005 0.062514708362413504
-0.012500000000000001 0.021000000000000005 0.10721670799461194
-0.012 0.021000000000000005 0.17678552681075449
-0.0115 0.021000000000000005 0.2802718165134323
-0.010999999999999999 0.021000000000000005 0.42733531649474771
-0.010499999999999999 0.021000000000000005 0.62692262856696412
-0.010000000000000002 0.021000000000000005 0.8856270602601185
-0.0095000000000000015 0.021000000000000005 1.2062145458592741
-0.0090000000000000011 0.021000000000000005 1.5870739952807491
-0.0085000000000000006 0.021000000000000005 2.0234832617545737
-0.0080000000000000002 0.021000000000000005 2.5114270160276631
-0.0074999999999999997 0.021000000000000005 3.0541547390986747
-0.0069999999999999993 0.021000000000000005 3.6707269737816808
-0.0064999999999999988 0.021000000000000005 4.4046244172046443
-0.0059999999999999984 0.021000000000000005 5.3294134887012534
-0.0054999999999999979 0.021000000000000005 6.5479184795231875
-0.005000000000000001 0.021000000000000005 8.1817937353293892
-0.0044999999999999971 0.021000000000000005 10.350105869018089
-0.0040000000000000001 0.021000000000000005 13.138463346369589
-0.0035000000000000031 0.021000000000000005 16.563820524633851
-0.0029999999999999992 0.021000000000000005 20.543301614894855
-0.0025000000000000022 0.021000000000000005 24.876935587247036
-0.0019999999999999983 0.021000000000000005 29.252939508895793
-0.0015000000000000013 0.021000000000000005 33.27973596583238
-0.00099999999999999742 0.021000000000000005 36.54198781232374
-0.00050000000000000044 0.021000000000000005 38.670491593954551
0 0.021000000000000005 39.410332989253909
0.00050000000000000044 0.021000000000000005 38.670491593954551
0.0010000000000000009 0.021000000000000005 36.54198781232374
0.0015000000000000013 0.021000000000000005 33.279735965832373
0.0020000000000000018 0.021000000000000005 29.252939508895786
0.0024999999999999988 0.021000000000000005 24.876935587247058
0.0030000000000000027 0.021000000000000005 20.543301614894816
0.0034999999999999996 0.021000000000000005 16.563820524633851
0.0040000000000000036 0.021000000000000005 13.138463346369489
0.0045000000000000005 0.021000000000000005 10.350105869017943
0.0049999999999999975 0.021000000000000005 8.1817937353291512
0.0055000000000000014 0.021000000000000005 6.5479184795227576
0.0059999999999999984 0.021000000000000005 5.329413488700574
0.0064999999999999988 0.021000000000000005 4.4046244172035625
0.0069999999999999993 0.021000000000000005 3.6707269737800288
0.0074999999999999997 0.021000000000000005 3.0541547390962704
0.0080000000000000002 0.021000000000000005 2.5114270160242849
0.0085000000000000006 0.021000000000000005 2.023483261750016
0.0090000000000000011 0.021000000000000005 1.5870739952748425
0.0095000000000000015 0.021000000000000005 1.206214545851914
0.010000000000000002 0.021000000000000005 0.88562706025130689
0.010500000000000002 0.021000000000000005 0.62692262855682501
0.011000000000000003 0.021000000000000005 0.42733531648354517
0.011500000000000003 0.021000000000000005 0.28027181650153732
0.012000000000000004 0.021000000000000005 0.17678552679861942
0.012499999999999997 0.021000000000000005 0.10721670798271786
0.013000000000000005 0.021000000000000005 0.062514708351211493
0.013499999999999998 0.021000000000000005 0.035043744957729148
0.014000000000000005 0.021000000000000005 0.018888423234964171
0.014499999999999999 0.021000000000000005 0.0097911073760040979
0.014999999999999999 0.021000000000000005 0.0048827776017332817
0.0155 0.021000000000000005 0.0023437871402384254
0.016000000000000007 0.021000000000000005 0.0010836607532894748
0.016500000000000001 0.021000000000000005 0.00048308152575180776
0.017000000000000001 0.021000000000000005 0.00020791414349119442
0.017500000000000002 0.021000000000000005 8.6550004199762923e-05
0.017999999999999995 0.021000000000000005 3.4929429651533749e-05
0.018500000000000003 0.021000000000000005 1.3707085960724219e-05
0.019000000000000003 0.021000000000000005 5.2489781729473471e-06
0.019500000000000003 0.021000000000000005 1.9693265201342966e-06
0.019999999999999997 0.021000000000000005 7.268579095933367e-07
0.020499999999999997 0.021000000000000005 2.6487886841579894e-07
0.021000000000000005 0.021000000000000005 9.5546163745986214e-08
0.021500000000000005 0.021000000000000005 3.414638550940811e-08
0.021999999999999999 0.021000000000000005 1.2079371403090374e-08
0.022499999999999999 0.021000000000000005 4.2190030778173484e-09
0.023000000000000007 0.021000000000000005 1.4496528741112961e-09
0.023500000000000007 0.021000000000000005 4.8801286162907336e-10
0.024 0.021000000000000005 1.6031496759570786e-10
0.024500000000000001 0.021000000000000005 5.1208896128901441e-11
0.025000000000000001 0.021000000000000005 1.585831208137858e-11
-0.025000000000000001 0.021500000000000005 4.7936794944980194e-12
-0.024500000000000001 0.021500000000000005 1.5619581375301586e-11
-0.024 0.021500000000000005 4.9487820668030084e-11
-0.0235 0.021500000000000005 1.5300401489343819e-10
-0.023 0.021500000000000005 4.6346868525684226e-10
-0.022500000000000003 0.021500000000000005 1.3811048090389059e-09
-0.022000000000000002 0.021500000000000005 4.063486219661213e-09
-0.021500000000000002 0.021500000000000005 1.1834204060710935e-08
-0.021000000000000001 0.021500000000000005 3.4146394389646895e-08
-0.020500000000000001 0.021500000000000005 9.7525635050704764e-08
-0.02 0.021500000000000005 2.7501646533873565e-07
-0.0195 0.021500000000000005 7.6293473519359884e-07
-0.019 0.021500000000000005 2.0736207755703746e-06
-0.018500000000000003 0.021500000000000005 5.4998031354841838e-06
-0.018000000000000002 0.021500000000000005 1.4183845341624318e-05
-0.017500000000000002 0.021500000000000005 3.546351956194047e-05
-0.017000000000000001 0.021500000000000005 8.5760754426922523e-05
-0.016500000000000001 0.021500000000000005 0.00020023084870449885
-0.016 0.021500000000000005 0.00045073767760842791
-0.0155 0.021500000000000005 0.00097732359456064117
-0.015000000000000001 0.021500000000000005 0.002039695165964197
-0.014500000000000001 0.021500000000000005 0.0040952945400310721
-0.014 0.021500000000000005 0.0079076272495786741
-0.0135 0.021500000000000005 0.014680755104056619
-0.012999999999999999 0.021500000000000005 0.026201958648500827
-0.012500000000000001 0.021500000000000005 0.044955426362612343
-0.012 0.021500000000000005 0.074150304665056385
-0.0115 0.021500000000000005 0.1175964482828477
-0.010999999999999999 0.021500000000000005 0.17937462472981613
-0.010499999999999999 0.021500000000000005 0.26329819788324133
-0.010000000000000002 0.021500000000000005 0.37225569387371887
-0.0095000000000000015 0.021500000000000005 0.50764615595813634
-0.0090000000000000011 0.021500000000000005 0.66923656461168002
-0.0085000000000000006 0.021500000000000005 0.85582632734371999
-0.0080000000000000002 0.021500000000000005 1.0670337083411996
-0.0074999999999999997 0.021500000000000005 1.3062754310501252
-0.0069999999999999993 0.021500000000000005 1.584591559614887
-0.0064999999999999988 0.021500000000000005 1.9244405954072339
-0.0059999999999999984 0.021500000000000005 2.3620985782500687
-0.0054999999999999979 0.021500000000000005 2.9470426962467462
-0.005000000000000001 0.021500000000000005 3.7368944397350083
-0.0044999999999999971 0.021500000000000005 4.787280376047959
-0.0040000000000000001 0.021500000000000005 6.1373220009277123
-0.0035000000000000031 0.021500000000000005 7.7931427928429402
-0.0029999999999999992 0.021500000000000005 9.7132990260683254
-0.0025000000000000022 0.021500000000000005 11.80078436951109
-0.0019999999999999983 0.021500000000000005 13.905685232852941
-0.0015000000000000013 0.021500000000000005 15.840473641220896
-0.00099999999999999742 0.021500000000000005 17.406662571825862
-0.00050000000000000044 0.021500000000000005 18.428018719371774
0 0.021500000000000005 18.782939925164484
0.00050000000000000044 0.021500000000000005 18.428018719371774
0.0010000000000000009 0.021500000000000005 17.406662571825862
0.0015000000000000013 0.021500000000000005 15.840473641220894
0.0020000000000000018 0.021500000000000005 13.905685232852937
0.0024999999999999988 0.021500000000000005 11.800784369511113
0.0030000000000000027 0.021500000000000005 9.7132990260683094
0.0034999999999999996 0.021500000000000005 7.7931427928429509
0.0040000000000000036 0.021500000000000005 6.1373220009276865
0.0045000000000000005 0.021500000000000005 4.7872803760479234
0.0049999999999999975 0.021500000000000005 3.7368944397349733
0.0055000000000000014 0.021500000000000005 2.9470426962466609
0.0059999999999999984 0.021500000000000005 2.3620985782499413
0.0064999999999999988 0.021500000000000005 1.9244405954070298
0.0069999999999999993 0.021500000000000005 1.5845915596145834
0.0074999999999999997 0.021500000000000005 1.3062754310496825
0.0080000000000000002 0.021500000000000005 1.0670337083405814
0.0085000000000000006 0.021500000000000005 0.85582632734288522
0.0090000000000000011 0.021500000000000005 0.66923656461059977
0.0095000000000000015 0.021500000000000005 0.50764615595679086
0.010000000000000002 0.021500000000000005 0.3722556938721085
0.010500000000000002 0.021500000000000005 0.26329819788138825
0.011000000000000003 0.021500000000000005 0.17937462472776883
0.011500000000000003 0.021500000000000005 0.11759644828067435
0.012000000000000004 0.021500000000000005 0.074150304662839284
0.012499999999999997 0.021500000000000005 0.044955426360439588
0.013000000000000005 0.021500000000000005 0.026201958646454353
0.013499999999999998 0.021500000000000005 0.014680755102205003
0.014000000000000005 0.021500000000000005 0.0079076272479689062
0.014499999999999999 0.021500000000000005 0.0040952945386865183
0.014999999999999999 0.021500000000000005 0.0020396951648851695
0.0155 0.021500000000000005 0.00097732359372864458
0.016000000000000007 0.021500000000000005 0.00045073767699206483
0.016500000000000001 0.021500000000000005 0.000200230848265794
0.017000000000000001 0.021500000000000005 8.5760754126908739e-05
0.017500000000000002 0.021500000000000005 3.5463519364817479e-05
0.017999999999999995 0.021500000000000005 1.4183845217183921e-05
0.018500000000000003 0.021500000000000005 5.4998030600071667e-06
0.019000000000000003 0.021500000000000005 2.0736207315862453e-06
0.019500000000000003 0.021500000000000005 7.6293471056696452e-07
0.019999999999999997 0.021500000000000005 2.7501645209097809e-07
0.020499999999999997 0.021500000000000005 9.7525628203583307e-08
0.021000000000000005 0.021500000000000005 3.4146390989466526e-08
0.021500000000000005 0.021500000000000005 1.1834202438437616e-08
0.021999999999999999 0.021500000000000005 4.0634854760014107e-09
0.022499999999999999 0.021500000000000005 1.3811044815075981e-09
0.023000000000000007 0.021500000000000005 4.6346854665799662e-10
0.023500000000000007 0.021500000000000005 1.5300395854335345e-10
0.024 0.021500000000000005 4.9487798656119452e-11
0.024500000000000001 0.021500000000000005 1.561957311398721e-11
0.025000000000000001 0.021500000000000005 4.7936765155098552e-12
-0.025000000000000001 0.021999999999999999 1.4048205524133158e-12
-0.024500000000000001 0.021999999999999999 4.6325656326778176e-12
-0.024 0.021999999999999999 1.4907261427263669e-11
-0.0235 0.021999999999999999 4.6998849153067207e-11
-0.023 0.021999999999999999 1.4576902539874239e-10
-0.022500000000000003 0.021999999999999999 4.4638458184217759e-10
-0.022000000000000002 0.021999999999999999 1.353072989437176e-09
-0.021500000000000002 0.021999999999999999 4.0634862196612701e-09
-0.021000000000000001 0.021999999999999999 1.2079375473845175e-08
-0.020500000000000001 0.021999999999999999 3.5453255734414913e-08
-0.02 0.021999999999999999 1.0236618399442451e-07
-0.0195 0.021999999999999999 2.8958102671907135e-07
-0.019 0.021999999999999999 7.9939138566786389e-07
-0.018500000000000003 0.021999999999999999 2.1457430347834408e-06
-0.018000000000000002 0.021999999999999999 5.583888353211275e-06
-0.017500000000000002 0.021999999999999999 1.4054463345978311e-05
-0.017000000000000001 0.021999999999999999 3.4152840052586006e-05
-0.016500000000000001 0.021999999999999999 8.0018214342093789e-05
-0.016 0.021999999999999999 0.00018058052401300788
-0.0155 0.021999999999999999 0.00039224977067964933
-0.015000000000000001 0.021999999999999999 0.00081967791986682279
-0.014500000000000001 0.021999999999999999 0.0016472445812732493
-0.014 0.021999999999999999 0.0031827535949481038
-0.0135 0.021999999999999999 0.005911711246562935
-0.012999999999999999 0.021999999999999999 0.010554982824952496
-0.012500000000000001 0.021999999999999999 0.018114974615395189
-0.012 0.021999999999999999 0.02988775977486223
-0.0115 0.021999999999999999 0.047414805954663762
-0.010999999999999999 0.021999999999999999 0.072353839233971429
-0.010499999999999999 0.021999999999999999 0.10626939063714026
-0.010000000000000002 0.021999999999999999 0.150381864352119
-0.0095000000000000015 0.021999999999999999 0.205364597051754
-0.0090000000000000011 0.021999999999999999 0.27132673155436809
-0.0085000000000000006 0.021999999999999999 0.34814219186251077
-0.0080000000000000002 0.021999999999999999 0.436254418849712
-0.0074999999999999997 0.021999999999999999 0.53798204026727581
-0.0069999999999999993 0.021999999999999999 0.65917036649299143
-0.0064999999999999988 0.021999999999999999 0.81080514613094423
-0.0059999999999999984 0.021999999999999999 1.0099897807062153
-0.0054999999999999979 0.021999999999999999 1.2795735228169418
-0.005000000000000001 0.021999999999999999 1.645800505528167
-0.0044999999999999971 0.021999999999999999 2.133693911625075
-0.0040000000000000001 0.021999999999999999 2.7604925361802684
-0.0035000000000000031 0.021999999999999999 3.5282110638415767
-0.0029999999999999992 0.021999999999999999 4.4170845436820487
-0.0025000000000000022 0.021999999999999999 5.382000802734404
-0.0019999999999999983 0.021999999999999999 6.3537719243364474
-0.0015000000000000013 0.021999999999999999 7.2461514122611215
-0.00099999999999999742 0.021999999999999999 7.968021062182431
-0.00050000000000000044 0.021999999999999999 8.4385617343417216
0 0.021999999999999999 8.6020387358759933
0.00050000000000000044 0.021999999999999999 8.4385617343417216
0.0010000000000000009 0.021999999999999999 7.968021062182431
0.0015000000000000013 0.021999999999999999 7.2461514122611215
0.0020000000000000018 0.021999999999999999 6.3537719243364466
0.0024999999999999988 0.021999999999999999 5.3820008027344111
0.0030000000000000027 0.021999999999999999 4.4170845436820469
0.0034999999999999996 0.021999999999999999 3.5282110638415851
0.0040000000000000036 0.021999999999999999 2.7604925361802604
0.0045000000000000005 0.021999999999999999 2.1336939116250671
0.0049999999999999975 0.021999999999999999 1.6458005055281635
0.0055000000000000014 0.021999999999999999 1.2795735228169263
0.0059999999999999984 0.021999999999999999 1.0099897807061926
0.0064999999999999988 0.021999999999999999 0.8108051461309097
0.0069999999999999993 0.021999999999999999 0.65917036649293737
0.0074999999999999997 0.021999999999999999 0.53798204026719831
0.0080000000000000002 0.021999999999999999 0.43625441884960381
0.0085000000000000006 0.021999999999999999 0.34814219186236472
0.0090000000000000011 0.021999999999999999 0.27132673155417875
0.0095000000000000015 0.021999999999999999 0.20536459705151802
0.010000000000000002 0.021999999999999999 0.15038186435183645
0.010500000000000002 0.021999999999999999 0.10626939063681506
0.011000000000000003 0.021999999999999999 0.072353839233612105
0.011500000000000003 0.021999999999999999 0.047414805954282373
0.012000000000000004 0.021999999999999999 0.029887759774473131
0.012499999999999997 0.021999999999999999 0.018114974615013893
0.013000000000000005 0.021999999999999999 0.010554982824593277
0.013499999999999998 0.021999999999999999 0.0059117112462379762
0.014000000000000005 0.021999999999999999 0.0031827535946655555
0.014499999999999999 0.021999999999999999 0.0016472445810372673
0.014999999999999999 0.021999999999999999 0.00081967791967743468
0.0155 0.021999999999999999 0.00039224977053361836
0.016000000000000007 0.021999999999999999 0.00018058052390482318
0.016500000000000001 0.021999999999999999 8.0018214265092016e-05
0.017000000000000001 0.021999999999999999 3.4152839999927466e-05
0.017500000000000002 0.021999999999999999 1.4054463311379233e-05
0.017999999999999995 0.021999999999999999 5.5838883313695081e-06
0.018500000000000003 0.021999999999999999 2.145743021535696e-06
0.019000000000000003 0.021999999999999999 7.9939137794775256e-07
0.019500000000000003 0.021999999999999999 2.8958102239659504e-07
0.019999999999999997 0.021999999999999999 1.0236618166917351e-07
0.020499999999999997 0.021999999999999999 3.5453254532605756e-08
0.021000000000000005 0.021999999999999999 1.2079374877044175e-08
0.021500000000000005 0.021999999999999999 4.0634859349191855e-09
0.021999999999999999 0.021999999999999999 1.3530728589097181e-09
0.022499999999999999 0.021999999999999999 4.4638452435375394e-10
0.023000000000000007 0.021999999999999999 1.4576900107181607e-10
0.023500000000000007 0.021999999999999999 4.6998839262477767e-11
0.024 0.021999999999999999 1.4907257563724308e-11
0.024500000000000001 0.021999999999999999 4.6325641826486166e-12
0.025000000000000001 0.021999999999999999 1.4048200295401202e-12
-0.025000000000000001 0.022499999999999999 4.0031447273371969e-13
-0.024500000000000001 0.022499999999999999 1.3407548115072666e-12
-0.024 0.022499999999999999 4.3995727638585706e-12
-0.0235 0.022499999999999999 1.4202353383638505e-11
-0.023 0.022499999999999999 4.5266407741848185e-11
-0.022500000000000003 0.022499999999999999 1.4281040387993807e-10
-0.022000000000000002 0.022499999999999999 4.4638458184217894e-10
-0.021500000000000002 0.022499999999999999 1.3811048090389303e-09
-0.021000000000000001 0.022499999999999999 4.2190048707066273e-09
-0.020500000000000001 0.022499999999999999 1.2678916444009427e-08
-0.02 0.022499999999999999 3.7330809912549021e-08
-0.0195 0.022499999999999999 1.0725767820897301e-07
-0.019 0.022499999999999999 2.9965267208417588e-07
-0.018500000000000003 0.022499999999999999 8.1161210917856468e-07
-0.018000000000000002 0.022499999999999999 2.1261658443819884e-06
-0.017500000000000002 0.022499999999999999 5.3774989601029808e-06
-0.017000000000000001 0.022499999999999999 1.3113309159845895e-05
-0.016500000000000001 0.022499999999999999 3.0800881380692622e-05
-0.016 0.022499999999999999 6.9634085454468322e-05
-0.0155 0.022499999999999999 0.00015144898587195177
-0.015000000000000001 0.022499999999999999 0.00031676730437141482
-0.014500000000000001 0.022499999999999999 0.00063699585610440537
-0.014 0.022499999999999999 0.0012313613914106782
-0.0135 0.022499999999999999 0.0022879589939585362
-0.012999999999999999 0.022499999999999999 0.0040861470592724412
-0.012500000000000001 0.022499999999999999 0.0070145894317647931
-0.012 0.022499999999999999 0.011576313960601329
-0.0115 0.022499999999999999 0.018370818046182139
-0.010999999999999999 0.022499999999999999 0.028045734102587112
-0.010499999999999999 0.022499999999999999 0.041219034428433936
-0.010000000000000002 0.022499999999999999 0.058388050245895863
-0.0095000000000000015 0.022499999999999999 0.079861738894918433
-0.0090000000000000011 0.022499999999999999 0.10577181984018123
-0.0085000000000000006 0.022499999999999999 0.1362271007308592
-0.0080000000000000002 0.022499999999999999 0.17166241534113513
-0.0074999999999999997 0.022499999999999999 0.21339036476032675
-0.0069999999999999993 0.022499999999999999 0.26428923969891061
-0.0064999999999999988 0.022499999999999999 0.32946499389768941
-0.0059999999999999984 0.022499999999999999 0.41663417976968059
-0.0054999999999999979 0.022499999999999999 0.53592563316288067
-0.005000000000000001 0.022499999999999999 0.69883229846136885
-0.0044999999999999971 0.022499999999999999 0.91619068499242828
-0.0040000000000000001 0.022499999999999999 1.1953242428970494
-0.0035000000000000031 0.022499999999999999 1.5368134358833194
-0.0029999999999999992 0.022499999999999999 1.9316561463794657
-0.0025000000000000022 0.022499999999999999 2.35973417808564
-0.0019999999999999983 0.022499999999999999 2.7903942657450265
-0.0015000000000000013 0.022499999999999999 3.1855412968195975
-0.00099999999999999742 0.022499999999999999 3.5049933655380587
-0.00050000000000000044 0.022499999999999999 3.713142486783894
0 0.022499999999999999 3.7854446164561057
0.00050000000000000044 0.022499999999999999 3.713142486783894
0.0010000000000000009 0.022499999999999999 3.5049933655380587
0.0015000000000000013 0.022499999999999999 3.1855412968195975
0.0020000000000000018 0.022499999999999999 2.790394265745026
0.0024999999999999988 0.022499999999999999 2.3597341780856476
0.0030000000000000027 0.022499999999999999 1.9316561463794655
0.0034999999999999996 0.022499999999999999 1.5368134358833236
0.0040000000000000036 0.022499999999999999 1.1953242428970468
0.0045000000000000005 0.022499999999999999 0.91619068499242728
0.0049999999999999975 0.022499999999999999 0.69883229846136952
0.0055000000000000014 0.022499999999999999 0.53592563316287689
0.0059999999999999984 0.022499999999999999 0.41663417976967654
0.0064999999999999988 0.022499999999999999 0.32946499389768324
0.0069999999999999993 0.022499999999999999 0.26428923969890117
0.0074999999999999997 0.022499999999999999 0.21339036476031345
0.0080000000000000002 0.022499999999999999 0.1716624153411169
0.0085000000000000006 0.022499999999999999 0.13622710073083455
0.0090000000000000011 0.022499999999999999 0.10577181984014929
0.0095000000000000015 0.022499999999999999 0.079861738894878645
0.010000000000000002 0.022499999999999999 0.058388050245848214
0.010500000000000002 0.022499999999999999 0.041219034428379049
0.011000000000000003 0.022499999999999999 0.02804573410252649
0.011500000000000003 0.022499999999999999 0.018370818046117787
0.012000000000000004 0.022499999999999999 0.01157631396053569
0.012499999999999997 0.022499999999999999 0.0070145894317005138
0.013000000000000005 0.022499999999999999 0.0040861470592118629
0.013499999999999998 0.022499999999999999 0.0022879589939037363
0.014000000000000005 0.022499999999999999 0.0012313613913630264
0.014499999999999999 0.022499999999999999 0.00063699585606461135
0.014999999999999999 0.022499999999999999 0.00031676730433947801
0.0155 0.022499999999999999 0.00015144898584732569
0.016000000000000007 0.022499999999999999 6.963408543622372e-05
0.016500000000000001 0.022499999999999999 3.0800881367707295e-05
0.017000000000000001 0.022499999999999999 1.3113309150965703e-05
0.017500000000000002 0.022499999999999999 5.3774989542682485e-06
0.017999999999999995 0.022499999999999999 2.1261658406986542e-06
0.018500000000000003 0.022499999999999999 8.1161210694448712e-07
0.019000000000000003 0.022499999999999999 2.9965267078227099e-07
0.019500000000000003 0.022499999999999999 1.072576774800386e-07
0.019999999999999997 0.022499999999999999 3.7330809520423171e-08
0.020499999999999997 0.022499999999999999 1.2678916241338671e-08
0.021000000000000005 0.022499999999999999 4.2190047700632065e-09
0.021500000000000005 0.022499999999999999 1.3811047610205496e-09
0.021999999999999999 0.022499999999999999 4.4638455983027325e-10
0.022499999999999999 0.022499999999999999 1.4281039418519682e-10
0.023000000000000007 0.022499999999999999 4.5266403639400365e-11
0.023500000000000007 0.022499999999999999 1.4202351715707729e-11
0.024 0.022499999999999999 4.3995721123184553e-12
0.024500000000000001 0.022499999999999999 1.3407545669770308e-12
0.025000000000000001 0.022499999999999999 4.0031438455735298e-13
-0.025000000000000001 0.023000000000000007 1.1131592824506413e-13
-0.024500000000000001 0.023000000000000007 3.8018084878444192e-13
-0.024 0.023000000000000007 1.2773556337403618e-12
-0.0235 0.023000000000000007 4.2373986581970866e-12
-0.023 0.023000000000000007 1.3914093550511575e-11
-0.022500000000000003 0.023000000000000007 4.5266407741847086e-11
-0.022000000000000002 0.023000000000000007 1.4576902539873792e-10
-0.021500000000000002 0.023000000000000007 4.6346868525683688e-10
-0.021000000000000001 0.023000000000000007 1.4496536327940491e-09
-0.020500000000000001 0.023000000000000007 4.442436534991412e-09
-0.02 0.023000000000000007 1.3284765048001737e-08
-0.0195 0.023000000000000007 3.8629157371501327e-08
-0.019 0.023000000000000007 1.088972905414318e-07
-0.018500000000000003 0.023000000000000007 2.9691830953470918e-07
-0.018000000000000002 0.023000000000000007 7.8161188647853993e-07
-0.017500000000000002 0.023000000000000007 1.9837804277358406e-06
-0.017000000000000001 0.023000000000000007 4.8496915904438856e-06
-0.016500000000000001 0.023000000000000007 1.1411460425017699e-05
-0.016 0.023000000000000007 2.5831640922736945e-05
-0.0155 0.023000000000000007 5.6232688778821528e-05
-0.015000000000000001 0.023000000000000007 0.00011769079417534478
-0.014500000000000001 0.023000000000000007 0.00023677722925869682
-0.014 0.023000000000000007 0.00045786434730542578
-0.0135 0.023000000000000007 0.0008509688126679695
-0.012999999999999999 0.023000000000000007 0.0015201122258255617
-0.012500000000000001 0.023000000000000007 0.0026101008929059395
-0.012 0.023000000000000007 0.0043085618760978477
-0.0115 0.023000000000000007 0.0068396240604722096
-0.010999999999999999 0.023000000000000007 0.010446643885219115
-0.010499999999999999 0.023000000000000007 0.015364664946798036
-0.010000000000000002 0.023000000000000007 0.02178918879721177
-0.0095000000000000015 0.023000000000000007 0.029855568663080055
-0.0090000000000000011 0.023000000000000007 0.039650671919266425
-0.0085000000000000006 0.023000000000000007 0.051281695074987969
-0.0080000000000000002 0.023000000000000007 0.065021776160558736
-0.0074999999999999997 0.023000000000000007 0.081534793488538163
-0.0069999999999999993 0.023000000000000007 0.10215178886573763
-0.0064999999999999988 0.023000000000000007 0.12913294006258985
-0.0059999999999999984 0.023000000000000007 0.16581194476033176
-0.0054999999999999979 0.023000000000000007 0.21649924100333318
-0.005000000000000001 0.023000000000000007 0.28603372184373566
-0.0044999999999999971 0.023000000000000007 0.37893233765037387
-0.0040000000000000001 0.023000000000000007 0.49819397783759778
-0.0035000000000000031 0.023000000000000007 0.64395008825191624
-0.0029999999999999992 0.023000000000000007 0.81228079860196523
-0.0025000000000000022 0.023000000000000007 0.99458006240246333
-0.0019999999999999983 0.023000000000000007 1.1778093360993669
-0.0015000000000000013 0.023000000000000007 1.3458074956490107
-0.00099999999999999742 0.023000000000000007 1.4815522672134314
-0.00050000000000000044 0.023000000000000007 1.5699709841829492
0 0.023000000000000007 1.6006787576785151
0.00050000000000000044 0.023000000000000007 1.5699709841829492
0.0010000000000000009 0.023000000000000007 1.4815522672134314
0.0015000000000000013 0.023000000000000007 1.3458074956490107
0.0020000000000000018 0.023000000000000007 1.1778093360993667
0.0024999999999999988 0.023000000000000007 0.99458006240246311
0.0030000000000000027 0.023000000000000007 0.81228079860196378
0.0034999999999999996 0.023000000000000007 0.64395008825191902
0.0040000000000000036 0.023000000000000007 0.49819397783759689
0.0045000000000000005 0.023000000000000007 0.37893233765037371
0.0049999999999999975 0.023000000000000007 0.2860337218437361
0.0055000000000000014 0.023000000000000007 0.21649924100333232
0.0059999999999999984 0.023000000000000007 0.16581194476033118
0.0064999999999999988 0.023000000000000007 0.12913294006258874
0.0069999999999999993 0.023000000000000007 0.1021517888657361
0.0074999999999999997 0.023000000000000007 0.081534793488536039
0.0080000000000000002 0.023000000000000007 0.06502177616055578
0.0085000000000000006 0.023000000000000007 0.051281695074983979
0.0090000000000000011 0.023000000000000007 0.039650671919261249
0.0095000000000000015 0.023000000000000007 0.029855568663073609
0.010000000000000002 0.023000000000000007 0.02178918879720405
0.010500000000000002 0.023000000000000007 0.015364664946789099
0.011000000000000003 0.023000000000000007 0.010446643885209283
0.011500000000000003 0.023000000000000007 0.0068396240604617882
0.012000000000000004 0.023000000000000007 0.0043085618760872165
0.012499999999999997 0.023000000000000007 0.0026101008928955372
0.013000000000000005 0.023000000000000007 0.0015201122258157367
0.013499999999999998 0.023000000000000007 0.00085096881265909531
0.014000000000000005 0.023000000000000007 0.00045786434729770567
0.014499999999999999 0.023000000000000007 0.00023677722925225097
0.014999999999999999 0.023000000000000007 0.00011769079417017069
0.0155 0.023000000000000007 5.6232688774831583e-05
0.016000000000000007 0.023000000000000007 2.583164091978079e-05
0.016500000000000001 0.023000000000000007 1.1411460422913765e-05
0.017000000000000001 0.023000000000000007 4.8496915890050917e-06
0.017500000000000002 0.023000000000000007 1.9837804267904709e-06
0.017999999999999995 0.023000000000000007 7.8161188588175249e-07
0.018500000000000003 0.023000000000000007 2.9691830917273209e-07
0.019000000000000003 0.023000000000000007 1.0889729033048967e-07
0.019500000000000003 0.023000000000000007 3.862915725339505e-08
0.019999999999999997 0.023000000000000007 1.3284764984467408e-08
0.020499999999999997 0.023000000000000007 4.4424365021535585e-09
0.021000000000000005 0.023000000000000007 1.4496536164872188e-09
0.021500000000000005 0.023000000000000007 4.6346867747662316e-10
0.021999999999999999 0.023000000000000007 1.4576902183224397e-10
0.022499999999999999 0.023000000000000007 4.5266406171049702e-11
0.023000000000000007 0.023000000000000007 1.391409288580932e-11
0.023500000000000007 0.023000000000000007 4.2373983879493117e-12
0.024 0.023000000000000007 1.277355528174084e-12
0.024500000000000001 0.023000000000000007 3.8018080916424758e-13
0.025000000000000001 0.023000000000000007 1.1131591395822203e-13
-0.025000000000000001 0.023500000000000007 3.0326787940520228e-14
-0.024500000000000001 0.023500000000000007 1.0605222573514064e-13
-0.024 0.023500000000000007 3.6616688427154831e-13
-0.0235 0.023500000000000007 1.251429640638789e-12
-0.023 0.023500000000000007 4.2373986581971043e-12
-0.022500000000000003 0.023500000000000007 1.420235338363817e-11
-0.022000000000000002 0.023500000000000007 4.6998849153066374e-11
-0.021500000000000002 0.023500000000000007 1.5300401489343666e-10
-0.021000000000000001 0.023500000000000007 4.8801317008646344e-10
-0.020500000000000001 0.023500000000000007 1.5189234541519159e-09
-0.02 0.023500000000000007 4.5969406197161244e-09
-0.0195 0.023500000000000007 1.3487836699685905e-08
-0.019 0.023500000000000007 3.8276624907531467e-08
-0.018500000000000003 0.023500000000000007 1.0487187381366536e-07
-0.018000000000000002 0.023500000000000007 2.7703353199651148e-07
-0.017500000000000002 0.023500000000000007 7.0489293571399744e-07
-0.017000000000000001 0.023500000000000007 1.7263134309306121e-06
-0.016500000000000001 0.023500000000000007 4.0672261427851775e-06
-0.016 0.023500000000000007 9.2151134933159456e-06
-0.0155 0.023500000000000007 2.0073170837808451e-05
-0.015000000000000001 0.023500000000000007 4.2030913252451536e-05
-0.014500000000000001 0.023500000000000007 8.4588444378182198e-05
-0.014 0.023500000000000007 0.00016361265167983999
-0.0135 0.023500000000000007 0.00030414566145271348
-0.012999999999999999 0.023500000000000007 0.00054340495061318153
-0.012500000000000001 0.023500000000000007 0.00093323414932391545
-0.012 0.023500000000000007 0.0015408935689470455
-0.0115 0.023500000000000007 0.0024469393749060311
-0.010999999999999999 0.023500000000000007 0.0037393371723976614
-0.010499999999999999 0.023500000000000007 0.0055041883761095811
-0.010000000000000002 0.023500000000000007 0.0078156327809698351
-0.0095000000000000015 0.023500000000000007 0.010730350685181602
-0.0090000000000000011 0.023500000000000007 0.014294789144242821
-0.0085000000000000006 0.023500000000000007 0.01857439474140728
-0.0080000000000000002 0.023500000000000007 0.023712083860015908
-0.0074999999999999997 0.023500000000000007 0.030016536665278513
-0.0069999999999999993 0.023500000000000007 0.038069334252682732
-0.0064999999999999988 0.023500000000000007 0.048824980058582629
-0.0059999999999999984 0.023500000000000007 0.063663288502807683
-0.0054999999999999979 0.023500000000000007 0.084345439905613287
-0.005000000000000001 0.023500000000000007 0.1128300276984056
-0.0044999999999999971 0.023500000000000007 0.15092896420444243
-0.0040000000000000001 0.023500000000000007 0.19982571445481831
-0.0035000000000000031 0.023500000000000007 0.25953289881453484
-0.0029999999999999992 0.023500000000000007 0.32841730712106892
-0.0025000000000000022 0.023500000000000007 0.40294680959800394
-0.0019999999999999983 0.023500000000000007 0.47779628997552093
-0.0015000000000000013 0.023500000000000007 0.54638056904647747
-0.00099999999999999742 0.023500000000000007 0.60177218026944446
-0.00050000000000000044 0.023500000000000007 0.63784134814624882
0 0.023500000000000007 0.65036632803705685
0.00050000000000000044 0.023500000000000007 0.63784134814624882
0.0010000000000000009 0.023500000000000007 0.60177218026944446
0.0015000000000000013 0.023500000000000007 0.54638056904647747
0.0020000000000000018 0.023500000000000007 0.47779628997552004
0.0024999999999999988 0.023500000000000007 0.40294680959800461
0.0030000000000000027 0.023500000000000007 0.32841730712106887
0.0034999999999999996 0.023500000000000007 0.25953289881453512
0.0040000000000000036 0.023500000000000007 0.19982571445481823
0.0045000000000000005 0.023500000000000007 0.1509289642044421
0.0049999999999999975 0.023500000000000007 0.11283002769840574
0.0055000000000000014 0.023500000000000007 0.084345439905612871
0.0059999999999999984 0.023500000000000007 0.063663288502807627
0.0064999999999999988 0.023500000000000007 0.048824980058582372
0.0069999999999999993 0.023500000000000007 0.038069334252682392
0.0074999999999999997 0.023500000000000007 0.030016536665278117
0.0080000000000000002 0.023500000000000007 0.023712083860015415
0.0085000000000000006 0.023500000000000007 0.0185743947414066
0.0090000000000000011 0.023500000000000007 0.01429478914424199
0.0095000000000000015 0.023500000000000007 0.01073035068518058
0.010000000000000002 0.023500000000000007 0.0078156327809686208
0.010500000000000002 0.023500000000000007 0.0055041883761081691
0.011000000000000003 0.023500000000000007 0.003739337172396114
0.011500000000000003 0.023500000000000007 0.0024469393749044
0.012000000000000004 0.023500000000000007 0.0015408935689453849
0.012499999999999997 0.023500000000000007 0.00093323414932229651
0.013000000000000005 0.023500000000000007 0.00054340495061165172
0.013499999999999998 0.023500000000000007 0.00030414566145133221
0.014000000000000005 0.023500000000000007 0.00016361265167863759
0.014499999999999999 0.023500000000000007 8.4588444377178674e-05
0.014999999999999999 0.023500000000000007 4.2030913251646089e-05
0.0155 0.023500000000000007 2.0073170837187295e-05
0.016000000000000007 0.023500000000000007 9.2151134928556815e-06
0.016500000000000001 0.023500000000000007 4.0672261424576459e-06
0.017000000000000001 0.023500000000000007 1.7263134307066261e-06
0.017500000000000002 0.023500000000000007 7.0489293556683065e-07
0.017999999999999995 0.023500000000000007 2.7703353190360986e-07
0.018500000000000003 0.023500000000000007 1.0487187375731564e-07
0.019000000000000003 0.023500000000000007 3.8276624874693157e-08
0.019500000000000003 0.023500000000000007 1.348783668129996e-08
0.019999999999999997 0.023500000000000007 4.5969406098255655e-09
0.020499999999999997 0.023500000000000007 1.5189234490399624e-09
0.021000000000000005 0.023500000000000007 4.8801316754793527e-10
0.021500000000000005 0.023500000000000007 1.5300401368226937e-10
0.021999999999999999 0.023500000000000007 4.699884859786075e-11
0.022499999999999999 0.023500000000000007 1.4202353139108099e-11
0.023000000000000007 0.023500000000000007 4.2373985547211007e-12
0.023500000000000007 0.023500000000000007 1.2514295985685949e-12
0.024 0.023500000000000007 3.6616686783777034e-13
0.024500000000000001 0.023500000000000007 1.060522195673608e-13
0.025000000000000001 0.023500000000000007 3.0326785716449993e-14
-0.025000000000000001 0.024 8.1280093100705157e-15
-0.024500000000000001 0.024 2.9208903193241959e-14
-0.024 0.024 1.0389972558731116e-13
-0.0235 0.024 3.6616688427155457e-13
-0.023 0.024 1.277355633740386e-12
-0.022500000000000003 0.024 4.3995727638585391e-12
-0.022000000000000002 0.024 1.4907261427263581e-11
-0.021500000000000002 0.024 4.9487820668030439e-11
-0.021000000000000001 0.024 1.6031508808774993e-10
-0.020500000000000001 0.024 5.0498571269560672e-10
-0.02 0.024 1.5421411487127779e-09
-0.0195 0.024 4.5549854868731338e-09
-0.019 0.024 1.2989240910780033e-08
-0.018500000000000003 0.024 3.5713155024895969e-08
-0.018000000000000002 0.024 9.4577923756527279e-08
-0.017500000000000002 0.024 2.4107732319853014e-07
-0.017000000000000001 0.024 5.9115869802972985e-07
-0.016500000000000001 0.024 1.3940354613009964e-06
-0.016 0.024 3.1604852195319853e-06
-0.0155 0.024 6.8875832986345066e-06
-0.015000000000000001 0.024 1.4426541526133702e-05
-0.014500000000000001 0.024 2.9040879171672078e-05
-0.014 0.024 5.6182060848881826e-05
-0.0135 0.024 0.00010445588255839339
-0.012999999999999999 0.024 0.00018665731114451839
-0.012500000000000001 0.024 0.00032062285409214662
-0.012 0.024 0.00052952658589435831
-0.0115 0.024 0.00084120571090480153
-0.010999999999999999 0.024 0.0012862516928989409
-0.010499999999999999 0.024 0.0018950484571192297
-0.010000000000000002 0.024 0.0026947209601314104
-0.0095000000000000015 0.024 0.0037079768262560289
-0.0090000000000000011 0.024 0.0049567825495815841
-0.0085000000000000006 0.024 0.0064742135522394047
-0.0080000000000000002 0.024 0.0083270430494331513
-0.0074999999999999997 0.024 0.010649166457350902
-0.0069999999999999993 0.024 0.013681649439284583
-0.0064999999999999988 0.024 0.017809570273025557
-0.0059999999999999984 0.024 0.023580315720144091
-0.0054999999999999979 0.024 0.031684835710956892
-0.005000000000000001 0.024 0.042885204575045396
-0.0044999999999999971 0.024 0.057880775614461116
-0.0040000000000000001 0.024 0.077121548994679254
-0.0035000000000000031 0.024 0.10059843294684159
-0.0029999999999999992 0.024 0.1276598790453056
-0.0025000000000000022 0.024 0.15691474483478507
-0.0019999999999999983 0.024 0.18627463425380528
-0.0015000000000000013 0.024 0.21316219304501205
-0.00099999999999999742 0.024 0.23486904949647888
-0.00050000000000000044 0.024 0.24900016335340935
0 0.024 0.25390655343128299
0.00050000000000000044 0.024 0.24900016335340935
0.0010000000000000009 0.024 0.23486904949647888
0.0015000000000000013 0.024 0.21316219304501202
0.0020000000000000018 0.024 0.18627463425380464
0.0024999999999999988 0.024 0.15691474483478532
0.0030000000000000027 0.024 0.12765987904530557
0.0034999999999999996 0.024 0.10059843294684172
0.0040000000000000036 0.024 0.077121548994679101
0.0045000000000000005 0.024 0.05788077561446088
0.0049999999999999975 0.024 0.042885204575045535
0.0055000000000000014 0.024 0.031684835710956795
0.0059999999999999984 0.024 0.023580315720144043
0.0064999999999999988 0.024 0.017809570273025502
0.0069999999999999993 0.024 0.013681649439284528
0.0074999999999999997 0.024 0.010649166457350812
0.0080000000000000002 0.024 0.0083270430494330576
0.0085000000000000006 0.024 0.0064742135522393024
0.0090000000000000011 0.024 0.0049567825495814549
0.0095000000000000015 0.024 0.0037079768262558727
0.010000000000000002 0.024 0.0026947209601312213
0.010500000000000002 0.024 0.0018950484571190161
0.011000000000000003 0.024 0.0012862516928987078
0.011500000000000003 0.024 0.00084120571090455889
0.012000000000000004 0.024 0.00052952658589410894
0.012499999999999997 0.024 0.00032062285409190512
0.013000000000000005 0.024 0.00018665731114428854
0.013499999999999998 0.024 0.00010445588255818699
0.014000000000000005 0.024 5.6182060848701673e-05
0.014499999999999999 0.024 2.9040879171522042e-05
0.014999999999999999 0.024 1.4426541526013259e-05
0.0155 0.024 6.887583298541626e-06
0.016000000000000007 0.024 3.1604852194631253e-06
0.016500000000000001 0.024 1.3940354612520079e-06
0.017000000000000001 0.024 5.9115869799623054e-07
0.017500000000000002 0.024 2.4107732317651909e-07
0.017999999999999995 0.024 9.4577923742632524e-08
0.018500000000000003 0.024 3.5713155016467886e-08
0.019000000000000003 0.024 1.2989240905868422e-08
0.019500000000000003 0.024 4.5549854841231503e-09
0.019999999999999997 0.024 1.5421411472334719e-09
0.020499999999999997 0.024 5.0498571193102093e-10
0.021000000000000005 0.024 1.6031508770806499e-10
0.021500000000000005 0.024 4.9487820486877937e-11
0.021999999999999999 0.024 1.4907261344222377e-11
0.022499999999999999 0.024 4.399572727284544e-12
0.023000000000000007 0.024 1.2773556182636168e-12
0.023500000000000007 0.024 3.6616687797917232e-13
0.024 0.024 1.0389972312933335e-13
0.024500000000000001 0.024 2.9208902270735698e-14
0.025000000000000001 0.024 8.128008977419413e-15
-0.025000000000000001 0.024500000000000001 2.1508388769597611e-15
-0.024500000000000001 0.024500000000000001 7.9630383603933343e-15
-0.024 0.024500000000000001 2.9208903193241959e-14
-0.0235 0.024500000000000001 1.0605222573514343e-13
-0.023 0.024500000000000001 3.8018084878445131e-13
-0.022500000000000003 0.024500000000000001 1.3407548115072573e-12
-0.022000000000000002 0.024500000000000001 4.6325656326777844e-12
-0.021500000000000002 0.024500000000000001 1.5619581375301696e-11
-0.021000000000000001 0.024500000000000001 5.12089413509021e-11
-0.020500000000000001 0.024500000000000001 1.6276555591664443e-10
-0.02 0.024500000000000001 5.0037659239173535e-10
-0.0195 0.024500000000000001 1.4851326961329065e-09
-0.019 0.024500000000000001 4.2499227243213973e-09
-0.018500000000000003 0.024500000000000001 1.1714227026233075e-08
-0.018000000000000002 0.024500000000000001 3.1077839135700614e-08
-0.017500000000000002 0.024500000000000001 7.9317386896647577e-08
-0.017000000000000001 0.024500000000000001 1.9467348849071216e-07
-0.016500000000000001 0.024500000000000001 4.5936035990579087e-07
-0.016 0.024500000000000001 1.0419101880983122e-06
-0.0155 0.024500000000000001 2.2713513594611144e-06
-0.015000000000000001 0.024500000000000001 4.7586355727530804e-06
-0.014500000000000001 0.024500000000000001 9.5809352813843933e-06
-0.014 0.024500000000000001 1.8537861800557246e-05
-0.0135 0.024500000000000001 3.4471030079962361e-05
-0.012999999999999999 0.024500000000000001 6.1607200764005526e-05
-0.012500000000000001 0.024500000000000001 0.00010584353894794104
-0.012 0.024500000000000001 0.00017485450578618082
-0.0115 0.024500000000000001 0.00027788957368990366
-0.010999999999999999 0.024500000000000001 0.00042518570030161858
-0.010499999999999999 0.024500000000000001 0.00062707380202910352
-0.010000000000000002 0.024500000000000001 0.00089312820303898014
-0.0095000000000000015 0.024500000000000001 0.0012320583651437747
-0.0090000000000000011 0.024500000000000001 0.0016533702488744219
-0.0085000000000000006 0.024500000000000001 0.0021719559744666399
-0.0080000000000000002 0.024500000000000001 0.0028164887431968173
-0.0074999999999999997 0.024500000000000001 0.0036416156831231218
-0.0069999999999999993 0.024500000000000001 0.0047423933915446076
-0.0064999999999999988 0.024500000000000001 0.0062673797443432919
-0.0059999999999999984 0.024500000000000001 0.0084247848667464396
-0.0054999999999999979 0.024500000000000001 0.011474914669060003
-0.005000000000000001 0.024500000000000001 0.015702791811090109
-0.0044999999999999971 0.024500000000000001 0.021368109269785465
-0.0040000000000000001 0.024500000000000001 0.028635699794567419
-0.0035000000000000031 0.024500000000000001 0.037497523762274929
-0.0029999999999999992 0.024500000000000001 0.047704569130654531
-0.0025000000000000022 0.024500000000000001 0.058730964401117143
-0.0019999999999999983 0.024500000000000001 0.069790186263906664
-0.0015000000000000013 0.024500000000000001 0.07991327498832157
-0.00099999999999999742 0.024500000000000001 0.088082986120548976
-0.00050000000000000044 0.024500000000000001 0.093400243282761641
0 0.024500000000000001 0.095246214964540638
0.00050000000000000044 0.024500000000000001 0.093400243282761641
0.0010000000000000009 0.024500000000000001 0.088082986120548976
0.0015000000000000013 0.024500000000000001 0.07991327498832157
0.0020000000000000018 0.024500000000000001 0.069790186263906415
0.0024999999999999988 0.024500000000000001 0.05873096440111724
0.0030000000000000027 0.024500000000000001 0.047704569130654524
0.0034999999999999996 0.024500000000000001 0.037497523762274977
0.0040000000000000036 0.024500000000000001 0.028635699794567419
0.0045000000000000005 0.024500000000000001 0.021368109269785388
0.0049999999999999975 0.024500000000000001 0.015702791811090144
0.0055000000000000014 0.024500000000000001 0.011474914669059982
0.0059999999999999984 0.024500000000000001 0.0084247848667464622
0.0064999999999999988 0.024500000000000001 0.0062673797443432893
0.0069999999999999993 0.024500000000000001 0.0047423933915445998
0.0074999999999999997 0.024500000000000001 0.0036416156831231093
0.0080000000000000002 0.024500000000000001 0.0028164887431968073
0.0085000000000000006 0.024500000000000001 0.0021719559744666269
0.0090000000000000011 0.024500000000000001 0.0016533702488744045
0.0095000000000000015 0.024500000000000001 0.0012320583651437532
0.010000000000000002 0.024500000000000001 0.00089312820303895433
0.010500000000000002 0.024500000000000001 0.00062707380202907381
0.011000000000000003 0.024500000000000001 0.00042518570030158426
0.011500000000000003 0.024500000000000001 0.00027788957368986788
0.012000000000000004 0.024500000000000001 0.00017485450578614461
0.012499999999999997 0.024500000000000001 0.00010584353894790692
0.013000000000000005 0.024500000000000001 6.1607200763972688e-05
0.013499999999999998 0.024500000000000001 3.4471030079932891e-05
0.014000000000000005 0.024500000000000001 1.8537861800531415e-05
0.014499999999999999 0.024500000000000001 9.580935281362921e-06
0.014999999999999999 0.024500000000000001 4.7586355727358001e-06
0.0155 0.024500000000000001 2.2713513594477635e-06
0.016000000000000007 0.024500000000000001 1.0419101880884142e-06
0.016500000000000001 0.024500000000000001 4.5936035989875271e-07
0.017000000000000001 0.024500000000000001 1.9467348848589853e-07
0.017500000000000002 0.024500000000000001 7.9317386893484385e-08
0.017999999999999995 0.024500000000000001 3.1077839133704297e-08
0.018500000000000003 0.024500000000000001 1.1714227025021909e-08
0.019000000000000003 0.024500000000000001 4.2499227236155923e-09
0.019500000000000003 0.024500000000000001 1.4851326957377272e-09
0.019999999999999997 0.024500000000000001 5.0037659217915779e-10
0.020499999999999997 0.024500000000000001 1.6276555580677326e-10
0.021000000000000005 0.024500000000000001 5.120894129634e-11
0.021500000000000005 0.024500000000000001 1.5619581349269363e-11
0.021999999999999999 0.024500000000000001 4.6325656207444714e-12
0.022499999999999999 0.024500000000000001 1.3407548062514389e-12
0.023000000000000007 0.024500000000000001 3.8018084656037565e-13
0.023500000000000007 0.024500000000000001 1.0605222483090265e-13
0.024 0.024500000000000001 2.9208902840020963e-14
0.024500000000000001 0.024500000000000001 7.9630382278255842e-15
0.025000000000000001 0.024500000000000001 2.1508388291564808e-15
-0.025000000000000001 0.025000000000000001 5.6337770777397279e-16
-0.024500000000000001 0.025000000000000001 2.1508388769597611e-15
-0.024 0.025000000000000001 8.1280093100705157e-15
-0.0235 0.025000000000000001 3.0326787940520714e-14
-0.023 0.025000000000000001 1.1131592824506633e-13
-0.022500000000000003 0.025000000000000001 4.0031447273371732e-13
-0.022000000000000002 0.025000000000000001 1.4048205524133069e-12
-0.021500000000000002 0.025000000000000001 4.7936794944980533e-12
-0.021000000000000001 0.025000000000000001 1.5858328388203195e-11
-0.020500000000000001 0.025000000000000001 5.0741528383640617e-11
-0.02 0.025000000000000001 1.5674850287382158e-10
-0.0195 0.025000000000000001 4.6686426830382467e-10
-0.019 0.025000000000000001 1.3393512978969786e-09
-0.018500000000000003 0.025000000000000001 3.6983041526482006e-09
-0.018000000000000002 0.025000000000000001 9.8240516607765155e-09
-0.017500000000000002 0.025000000000000001 2.5095661415649334e-08
-0.017000000000000001 0.025000000000000001 6.1633041305049886e-08
-0.016500000000000001 0.025000000000000001 1.4549780425064422e-07
-0.016 0.025000000000000001 3.3012090675503109e-07
-0.0155 0.025000000000000001 7.1982682091924998e-07
-0.015000000000000001 0.025000000000000001 1.5083466802912755e-06
-0.014500000000000001 0.025000000000000001 3.0372865266746378e-06
-0.014 0.025000000000000001 5.8774548754273941e-06
-0.0135 0.025000000000000001 1.093041915900924e-05
-0.012999999999999999 0.025000000000000001 1.9537894240606297e-05
-0.012500000000000001 0.025000000000000001 3.3573620300546976e-05
-0.012 0.025000000000000001 5.5480573710605211e-05
-0.0115 0.025000000000000001 8.8214146382185771e-05
-0.010999999999999999 0.025000000000000001 0.0001350711592445216
-0.010499999999999999 0.025000000000000001 0.00019943680877266935
-0.010000000000000002 0.025000000000000001 0.00028457140240615642
-0.0095000000000000015 0.025000000000000001 0.0003936748357956568
-0.0090000000000000011 0.025000000000000001 0.00053057497235935484
-0.0085000000000000006 0.025000000000000001 0.00070142773871671163
-0.0080000000000000002 0.025000000000000001 0.00091771799258381535
-0.0074999999999999997 0.025000000000000001 0.0012005446807541861
-0.0069999999999999993 0.025000000000000001 0.0015856375809679508
-0.0064999999999999988 0.025000000000000001 0.0021278449186253631
-0.0059999999999999984 0.025000000000000001 0.0029031244530867682
-0.0054999999999999979 0.025000000000000001 0.0040056534148169487
-0.005000000000000001 0.025000000000000001 0.0055378948986029436
-0.0044999999999999971 0.025000000000000001 0.0075926107445049087
-0.0040000000000000001 0.025000000000000001 0.010227952330085303
-0.0035000000000000031 0.025000000000000001 0.013439553373560216
-0.0029999999999999992 0.025000000000000001 0.017136201306232834
-0.0025000000000000022 0.025000000000000001 0.021127077225625571
-0.0019999999999999983 0.025000000000000001 0.025127700744377993
-0.0015000000000000013 0.025000000000000001 0.02878814668712832
-0.00099999999999999742 0.025000000000000001 0.031741360082708003
-0.00050000000000000044 0.025000000000000001 0.033663077916715647
0 0.025000000000000001 0.034330168350324999
0.00050000000000000044 0.025000000000000001 0.033663077916715647
0.0010000000000000009 0.025000000000000001 0.031741360082708003
0.0015000000000000013 0.025000000000000001 0.02878814668712832
0.0020000000000000018 0.025000000000000001 0.025127700744377951
0.0024999999999999988 0.025000000000000001 0.021127077225625606
0.0030000000000000027 0.025000000000000001 0.017136201306232831
0.0034999999999999996 0.025000000000000001 0.013439553373560257
0.0040000000000000036 0.025000000000000001 0.010227952330085301
0.0045000000000000005 0.025000000000000001 0.0075926107445048931
0.0049999999999999975 0.025000000000000001 0.0055378948986029566
0.0055000000000000014 0.025000000000000001 0.0040056534148169391
0.0059999999999999984 0.025000000000000001 0.0029031244530867712
0.0064999999999999988 0.025000000000000001 0.0021278449186253631
0.0069999999999999993 0.025000000000000001 0.0015856375809679471
0.0074999999999999997 0.025000000000000001 0.0012005446807541837
0.0080000000000000002 0.025000000000000001 0.00091771799258381394
0.0085000000000000006 0.025000000000000001 0.00070142773871670761
0.0090000000000000011 0.025000000000000001 0.00053057497235935245
0.0095000000000000015 0.025000000000000001 0.00039367483579565252
0.010000000000000002 0.025000000000000001 0.00028457140240615187
0.010500000000000002 0.025000000000000001 0.00019943680877266385
0.011000000000000003 0.025000000000000001 0.00013507115924451659
0.011500000000000003 0.025000000000000001 8.821414638218096e-05
0.012000000000000004 0.025000000000000001 5.5480573710600109e-05
0.012499999999999997 0.025000000000000001 3.3573620300542287e-05
0.013000000000000005 0.025000000000000001 1.9537894240601621e-05
0.013499999999999998 0.025000000000000001 1.0930419159005176e-05
0.014000000000000005 0.025000000000000001 5.8774548754237646e-06
0.014499999999999999 0.025000000000000001 3.0372865266716693e-06
0.014999999999999999 0.025000000000000001 1.5083466802888899e-06
0.0155 0.025000000000000001 7.1982682091740917e-07
0.016000000000000007 0.025000000000000001 3.3012090675366313e-07
0.016500000000000001 0.025000000000000001 1.4549780424967223e-07
0.017000000000000001 0.025000000000000001 6.1633041304385402e-08
0.017500000000000002 0.025000000000000001 2.5095661415212685e-08
0.017999999999999995 0.025000000000000001 9.8240516605009122e-09
0.018500000000000003 0.025000000000000001 3.6983041524810021e-09
0.019000000000000003 0.025000000000000001 1.3393512977995194e-09
0.019500000000000003 0.025000000000000001 4.6686426824925773e-10
0.019999999999999997 0.025000000000000001 1.5674850284447236e-10
0.020499999999999997 0.025000000000000001 5.0741528368470694e-11
0.021000000000000005 0.025000000000000001 1.5858328380669738e-11
0.021500000000000005 0.025000000000000001 4.793679490903788e-12
0.021999999999999999 0.025000000000000001 1.404820550765693e-12
0.022499999999999999 0.025000000000000001 4.0031447200805299e-13
0.023000000000000007 0.025000000000000001 1.1131592793798906e-13
0.023500000000000007 0.025000000000000001 3.0326787815672728e-14
0.024 0.025000000000000001 8.1280092613015442e-15
0.024500000000000001 0.025000000000000001 2.1508388586562341e-15
0.025000000000000001 0.025000000000000001 5.6337770117381232e-16
