% x(m) y(m) incident_basis(1/m^2)
-0.025000000000000001 -0.025000000000000001 4.8995714034517142e-10
-0.024500000000000001 -0.025000000000000001 1.2381847607639673e-09
-0.024 -0.025000000000000001 3.0881900625365689e-09
-0.0235 -0.025000000000000001 7.5969909263574275e-09
-0.023 -0.025000000000000001 1.8415262771011999e-08
-0.022500000000000003 -0.025000000000000001 4.3932588547555748e-08
-0.022000000000000002 -0.025000000000000001 1.0301075229646854e-07
-0.021500000000000002 -0.025000000000000001 2.3706262561388271e-07
-0.021000000000000001 -0.025000000000000001 5.3474231539963704e-07
-0.020500000000000001 -0.025000000000000001 1.1808257791257152e-06
-0.02 -0.025000000000000001 2.5497812553116145e-06
-0.0195 -0.025000000000000001 5.3786730183060762e-06
-0.019 -0.025000000000000001 1.1075037852614457e-05
-0.018500000000000003 -0.025000000000000001 2.2244142718757489e-05
-0.018000000000000002 -0.025000000000000001 4.3555514183329499e-05
-0.017500000000000002 -0.025000000000000001 8.3105936091908792e-05
-0.017000000000000001 -0.025000000000000001 0.00015446440655576767
-0.016500000000000001 -0.025000000000000001 0.00027958548064069088
-0.016 -0.025000000000000001 0.00049272557011661056
-0.0155 -0.025000000000000001 0.00084536395559570696
-0.015000000000000001 -0.025000000000000001 0.0014118956063081697
-0.014500000000000001 -0.025000000000000001 0.0022955289693201322
-0.014 -0.025000000000000001 0.0036334346175228645
-0.0135 -0.025000000000000001 0.0055998564269857621
-0.012999999999999999 -0.025000000000000001 0.0084057860913242573
-0.012500000000000001 -0.025000000000000001 0.012294125380458253
-0.012 -0.025000000000000001 0.017530210939672226
-0.0115 -0.025000000000000001 0.024389231443723191
-0.010999999999999999 -0.025000000000000001 0.033144275919998044
-0.010499999999999999 -0.025000000000000001 0.044061042001476813
-0.010000000000000002 -0.025000000000000001 0.057406788581441812
-0.0095000000000000015 -0.025000000000000001 0.073480889937399527
-0.0090000000000000011 -0.025000000000000001 0.092671321801130482
-0.0085000000000000006 -0.025000000000000001 0.11553500452736781
-0.0080000000000000002 -0.025000000000000001 0.14289045334458075
-0.0074999999999999997 -0.025000000000000001 0.17590018441578015
-0.0069999999999999993 -0.025000000000000001 0.21611063188760582
-0.0064999999999999988 -0.025000000000000001 0.26541267603303625
-0.0059999999999999984 -0.025000000000000001 0.32589000066178475
-0.0054999999999999979 -0.025000000000000001 0.39953785469050251
-0.005000000000000001 -0.025000000000000001 0.48786124845776196
-0.0044999999999999971 -0.025000000000000001 0.59139549465818908
-0.0040000000000000001 -0.025000000000000001 0.70922606317755676
-0.0035000000000000031 -0.025000000000000001 0.83860934042009683
-0.0029999999999999992 -0.025000000000000001 0.97480146253908972
-0.0025000000000000022 -0.025000000000000001 1.1111824205845855
-0.0019999999999999983 -0.025000000000000001 1.239716559610363
-0.0015000000000000013 -0.025000000000000001 1.3517253519625883
-0.00099999999999999742 -0.025000000000000001 1.4388777086153479
-0.00050000000000000044 -0.025000000000000001 1.4942446975227619
0 -0.025000000000000001 1.5132359520971348
0.00050000000000000044 -0.025000000000000001 1.494244697522755
0.0010000000000000009 -0.025000000000000001 1.4388777086153315
0.0015000000000000013 -0.025000000000000001 1.3517253519625567
0.0020000000000000018 -0.025000000000000001 1.2397165596103046
0.0024999999999999988 -0.025000000000000001 1.1111824205844862
0.0030000000000000027 -0.025000000000000001 0.97480146253892364
0.0034999999999999996 -0.025000000000000001 0.83860934041983126
0.0040000000000000036 -0.025000000000000001 0.70922606317713344
0.0045000000000000005 -0.025000000000000001 0.59139549465754038
0.0049999999999999975 -0.025000000000000001 0.48786124845679418
0.0055000000000000014 -0.025000000000000001 0.39953785468909325
0.0059999999999999984 -0.025000000000000001 0.32589000065979234
0.0064999999999999988 -0.025000000000000001 0.26541267603029434
0.0069999999999999993 -0.025000000000000001 0.21611063188393542
0.0074999999999999997 -0.025000000000000001 0.17590018441100122
0.0080000000000000002 -0.025000000000000001 0.14289045333852946
0.0085000000000000006 -0.025000000000000001 0.1155350045199148
0.0090000000000000011 -0.025000000000000001 0.092671321792202388
0.0095000000000000015 -0.025000000000000001 0.07348088992699775
0.010000000000000002 -0.025000000000000001 0.057406788569655004
0.010500000000000002 -0.025000000000000001 0.04406104198848642
0.011000000000000003 -0.025000000000000001 0.033144275906073446
0.011500000000000003 -0.025000000000000001 0.024389231429206203
0.012000000000000004 -0.025000000000000001 0.017530210924952213
0.012499999999999997 -0.025000000000000001 0.012294125365941337
0.013000000000000005 -0.025000000000000001 0.0084057860773996771
0.013499999999999998 -0.025000000000000001 0.005599856413995419
0.014000000000000005 -0.025000000000000001 0.0036334346057359823
0.014499999999999999 -0.025000000000000001 0.0022955289589182705
0.014999999999999999 -0.025000000000000001 0.0014118955973800322
0.0155 -0.025000000000000001 0.00084536394814244153
0.016000000000000007 -0.025000000000000001 0.00049272556406502837
0.016500000000000001 -0.025000000000000001 0.00027958547586180325
0.017000000000000001 -0.025000000000000001 0.00015446440288530066
0.017500000000000002 -0.025000000000000001 8.3105933350005395e-05
0.017999999999999995 -0.025000000000000001 4.3555512191193069e-05
0.018500000000000003 -0.025000000000000001 2.2244141311017418e-05
0.019000000000000003 -0.025000000000000001 1.107503688508977e-05
0.019500000000000003 -0.025000000000000001 5.3786723715539304e-06
0.019999999999999997 -0.025000000000000001 2.549780834827161e-06
0.020499999999999997 -0.025000000000000001 1.1808255132379785e-06
0.021000000000000005 -0.025000000000000001 5.3474215187508991e-07
0.021500000000000005 -0.025000000000000001 2.3706252779924739e-07
0.021999999999999999 -0.025000000000000001 1.0301069539008506e-07
0.022499999999999999 -0.025000000000000001 4.3932556347664353e-08
0.023000000000000007 -0.025000000000000001 1.8415245050180388e-08
0.023500000000000007 -0.025000000000000001 7.596981441079772e-09
0.024 -0.025000000000000001 3.0881851245232507e-09
0.024500000000000001 -0.025000000000000001 1.238182260471953e-09
0.025000000000000001 -0.025000000000000001 4.8995590904064669e-10
-0.025000000000000001 -0.024500000000000001 1.2381847607639638e-09
-0.024500000000000001 -0.024500000000000001 3.0829299465532172e-09
-0.024 -0.024500000000000001 7.5775253032035408e-09
-0.0235 -0.024500000000000001 1.8381562777662552e-08
-0.023 -0.024500000000000001 4.398014125862849e-08
-0.022500000000000003 -0.024500000000000001 1.0368829124183878e-07
-0.022000000000000002 -0.024500000000000001 2.4058892454109907e-07
-0.021500000000000002 -0.024500000000000001 5.4866694131013695e-07
-0.021000000000000001 -0.024500000000000001 1.2280815837050168e-06
-0.020500000000000001 -0.024500000000000001 2.6943081707323701e-06
-0.02 -0.024500000000000001 5.7866617513652549e-06
-0.0195 -0.024500000000000001 1.2153072881355729e-05
-0.019 -0.024500000000000001 2.4934525925347454e-05
-0.018500000000000003 -0.024500000000000001 4.9936329822722198e-05
-0.018000000000000002 -0.024500000000000001 9.7552000408227126e-05
-0.017500000000000002 -0.024500000000000001 0.0001857880988620481
-0.017000000000000001 -0.024500000000000001 0.00034480074238756259
-0.016500000000000001 -0.024500000000000001 0.00062335573171876666
-0.016 -0.024500000000000001 0.0010975074279443229
-0.0155 -0.024500000000000001 0.0018814933032139018
-0.015000000000000001 -0.024500000000000001 0.0031403137412383741
-0.014500000000000001 -0.024500000000000001 0.0051027137339602052
-0.014 -0.024500000000000001 0.0080724035760406637
-0.0135 -0.024500000000000001 0.012434582001719681
-0.012999999999999999 -0.024500000000000001 0.018654531890855856
-0.012500000000000001 -0.024500000000000001 0.027265712492356282
-0.012 -0.024500000000000001 0.038846802910313727
-0.0115 -0.024500000000000001 0.05399074408489412
-0.010999999999999999 -0.024500000000000001 0.073273672203770734
-0.010499999999999999 -0.024500000000000001 0.097236729354315432
-0.010000000000000002 -0.024500000000000001 0.12639732978099821
-0.0095000000000000015 -0.024500000000000001 0.16130629603111427
-0.0090000000000000011 -0.024500000000000001 0.20266116482599503
-0.0085000000000000006 -0.024500000000000001 0.25147262908768292
-0.0080000000000000002 -0.024500000000000001 0.30926114706424934
-0.0074999999999999997 -0.024500000000000001 0.37823744367975587
-0.0069999999999999993 -0.024500000000000001 0.46139990629136085
-0.0064999999999999988 -0.024500000000000001 0.56247157117191349
-0.0059999999999999984 -0.024500000000000001 0.68560733886936931
-0.0054999999999999979 -0.024500000000000001 0.83483340931424954
-0.005000000000000001 -0.024500000000000001 1.0132354149874478
-0.0044999999999999971 -0.024500000000000001 1.2219817317866781
-0.0040000000000000001 -0.024500000000000001 1.4593389679028397
-0.0035000000000000031 -0.024500000000000001 1.7198878057557889
-0.0029999999999999992 -0.024500000000000001 1.9941594119891484
-0.0025000000000000022 -0.024500000000000001 2.2688721652463499
-0.0019999999999999983 -0.024500000000000001 2.527854370288674
-0.0015000000000000013 -0.024500000000000001 2.7536051937178256
-0.00099999999999999742 -0.024500000000000001 2.9293015515861005
-0.00050000000000000044 -0.024500000000000001 3.0409391295255892
0 -0.024500000000000001 3.0792350425357045
0.00050000000000000044 -0.024500000000000001 3.0409391295255617
0.0010000000000000009 -0.024500000000000001 2.9293015515860357
0.0015000000000000013 -0.024500000000000001 2.7536051937177008
0.0020000000000000018 -0.024500000000000001 2.5278543702884462
0.0024999999999999988 -0.024500000000000001 2.2688721652459605
0.0030000000000000027 -0.024500000000000001 1.994159411988496
0.0034999999999999996 -0.024500000000000001 1.719887805754738
0.0040000000000000036 -0.024500000000000001 1.459338967901171
0.0045000000000000005 -0.024500000000000001 1.2219817317841164
0.0049999999999999975 -0.024500000000000001 1.0132354149836209
0.0055000000000000014 -0.024500000000000001 0.83483340930867878
0.0059999999999999984 -0.024500000000000001 0.68560733886148983
0.0064999999999999988 -0.024500000000000001 0.56247157116106905
0.0069999999999999993 -0.024500000000000001 0.46139990627684413
0.0074999999999999997 -0.024500000000000001 0.37823744366085493
0.0080000000000000002 -0.024500000000000001 0.30926114704031538
0.0085000000000000006 -0.024500000000000001 0.25147262905820522
0.0090000000000000011 -0.024500000000000001 0.20266116479068377
0.0095000000000000015 -0.024500000000000001 0.16130629598997429
0.010000000000000002 -0.024500000000000001 0.12639732973438045
0.010500000000000002 -0.024500000000000001 0.097236729302937489
0.011000000000000003 -0.024500000000000001 0.073273672148698107
0.011500000000000003 -0.024500000000000001 0.053990744027478339
0.012000000000000004 -0.024500000000000001 0.03884680285209488
0.012499999999999997 -0.024500000000000001 0.027265712434940612
0.013000000000000005 -0.024500000000000001 0.018654531835783191
0.013499999999999998 -0.024500000000000001 0.012434581950341798
0.014000000000000005 -0.024500000000000001 0.0080724035294226747
0.014499999999999999 -0.024500000000000001 0.0051027136928200115
0.014999999999999999 -0.024500000000000001 0.0031403137059269168
0.0155 -0.024500000000000001 0.0018814932737356656
0.016000000000000007 -0.024500000000000001 0.0010975074040098598
0.016500000000000001 -0.024500000000000001 0.00062335571281789957
0.017000000000000001 -0.024500000000000001 0.00034480072787058263
0.017500000000000002 -0.024500000000000001 0.00018578808801761031
0.017999999999999995 -0.024500000000000001 9.7551992529173827e-05
0.018500000000000003 -0.024500000000000001 4.9936324255002159e-05
0.019000000000000003 -0.024500000000000001 2.4934522098713304e-05
0.019500000000000003 -0.024500000000000001 1.2153070323401428e-05
0.019999999999999997 -0.024500000000000001 5.7866600883169649e-06
0.020499999999999997 -0.024500000000000001 2.6943071191259702e-06
0.021000000000000005 -0.024500000000000001 1.2280809369529024e-06
0.021500000000000005 -0.024500000000000001 5.4866655444575071e-07
0.021999999999999999 -0.024500000000000001 2.4058869947198667e-07
0.022499999999999999 -0.024500000000000001 1.0368816388879731e-07
0.023000000000000007 -0.024500000000000001 4.3980071171380262e-08
0.023500000000000007 -0.024500000000000001 1.8381525262661992e-08
0.024 -0.024500000000000001 7.5775057729820111e-09
0.024500000000000001 -0.024500000000000001 3.0829200577064815e-09
0.025000000000000001 -0.024500000000000001 1.2381798908600932e-09
-0.025000000000000001 -0.024 3.0881900625365635e-09
-0.024500000000000001 -0.024 7.577525303203516e-09
-0.024 -0.024 1.835024711234309e-08
-0.0235 -0.024 4.3867416915690412e-08
-0.023 -0.024 1.0349839749714554e-07
-0.022500000000000003 -0.024 2.4084881194214555e-07
-0.022000000000000002 -0.024 5.5227391961854055e-07
-0.021500000000000002 -0.024 1.2463433567580479e-06
-0.021000000000000001 -0.024 2.7644489586837018e-06
-0.020500000000000001 -0.024 6.0181823843980647e-06
-0.02 -0.024 1.2841762209375788e-05
-0.0195 -0.024 2.6825382154210988e-05
-0.019 -0.024 5.4795653693931592e-05
-0.018500000000000003 -0.024 0.00010934671060328263
-0.018000000000000002 -0.024 0.00021299489116052809
-0.017500000000000002 -0.024 0.00040470763558941966
-0.017000000000000001 -0.024 0.0007496910214961056
-0.016500000000000001 -0.024 0.0013533213909290658
-0.016 -0.024 0.0023798510963500149
-0.0155 -0.024 0.00407586810307439
-0.015000000000000001 -0.024 0.0067973381816796427
-0.014500000000000001 -0.024 0.011037410093516511
-0.014 -0.024 0.01745022617662819
-0.0135 -0.024 0.026864247720952188
-0.012999999999999999 -0.024 0.040277877779643388
-0.012500000000000001 -0.024 0.058831447825408133
-0.012 -0.024 0.083753862758188177
-0.0115 -0.024 0.11628979368046276
-0.010999999999999999 -0.024 0.157623654993929
-0.010499999999999999 -0.024 0.20882761673308889
-0.010000000000000002 -0.024 0.27086893445925181
-0.0095000000000000015 -0.024 0.34471219827898397
-0.0090000000000000011 -0.024 0.43154009518469599
-0.0085000000000000006 -0.024 0.5330892411516569
-0.0080000000000000002 -0.024 0.65205676701352899
-0.0074999999999999997 -0.024 0.79248522693725876
-0.0069999999999999993 -0.024 0.95999022713417415
-0.0064999999999999988 -0.024 1.1616729758170266
-0.0059999999999999984 -0.024 1.4055747320801624
-0.0054999999999999979 -0.024 1.6995924171080041
-0.005000000000000001 -0.024 2.0498839167727252
-0.0044999999999999971 -0.024 2.4589324591258572
-0.0040000000000000001 -0.024 2.9235816623721611
-0.0035000000000000031 -0.024 3.4334564628845197
-0.0029999999999999992 -0.024 3.9702104482303815
-0.0025000000000000022 -0.024 4.5079603941723319
-0.0019999999999999983 -0.024 5.0150818760135634
-0.0015000000000000013 -0.024 5.457274239574434
-0.00099999999999999742 -0.024 5.8015154241618605
-0.00050000000000000044 -0.024 6.0202889218389553
0 -0.024 6.0953440409503097
0.00050000000000000044 -0.024 6.0202889218388496
0.0010000000000000009 -0.024 5.80151542416161
0.0015000000000000013 -0.024 5.4572742395739535
0.0020000000000000018 -0.024 5.0150818760126938
0.0024999999999999988 -0.024 4.5079603941708388
0.0030000000000000027 -0.024 3.9702104482278826
0.0034999999999999996 -0.024 3.4334564628804705
0.0040000000000000036 -0.024 2.9235816623657569
0.0045000000000000005 -0.024 2.4589324591160091
0.0049999999999999975 -0.024 2.0498839167580036
0.0055000000000000014 -0.024 1.6995924170865815
0.0059999999999999984 -0.024 1.4055747320498533
0.0064999999999999988 -0.024 1.1616729757753099
0.0069999999999999993 -0.024 0.95999022707833104
0.0074999999999999997 -0.024 0.79248522686455136
0.0080000000000000002 -0.024 0.65205676692146031
0.0085000000000000006 -0.024 0.53308924103826272
0.0090000000000000011 -0.024 0.43154009504886304
0.0095000000000000015 -0.024 0.34471219812072929
0.010000000000000002 -0.024 0.27086893427992575
0.010500000000000002 -0.024 0.20882761653545218
0.011000000000000003 -0.024 0.15762365478207951
0.011500000000000003 -0.024 0.11628979345960004
0.012000000000000004 -0.024 0.083753862534236542
0.012499999999999997 -0.024 0.058831447604545666
0.013000000000000005 -0.024 0.04027787756779401
0.013499999999999998 -0.024 0.02686424752331568
0.014000000000000005 -0.024 0.01745022599730163
0.014499999999999999 -0.024 0.011037409935261528
0.014999999999999999 -0.024 0.006797338045846122
0.0155 -0.024 0.004075867989679711
0.016000000000000007 -0.024 0.0023798510042807326
0.016500000000000001 -0.024 0.0013533213182226164
0.017000000000000001 -0.024 0.00074969096565327567
0.017500000000000002 -0.024 0.00040470759387384694
0.017999999999999995 -0.024 0.00021299486085197351
0.018500000000000003 -0.024 0.00010934668918579381
0.019000000000000003 -0.024 5.4795638973921205e-05
0.019500000000000003 -0.024 2.6825372314463437e-05
0.019999999999999997 -0.024 1.2841755812085809e-05
0.020499999999999997 -0.024 6.0181783391570405e-06
0.021000000000000005 -0.024 2.7644464708059548e-06
0.021500000000000005 -0.024 1.2463418685970232e-06
0.021999999999999999 -0.024 5.5227305383947907e-07
0.022499999999999999 -0.024 2.4084832204997499e-07
0.023000000000000007 -0.024 1.0349812789075263e-07
0.023500000000000007 -0.024 4.3867272605787468e-08
0.024 -0.024 1.835017198494534e-08
0.024500000000000001 -0.024 7.5774872635262555e-09
0.025000000000000001 -0.024 3.0881713293539951e-09
-0.025000000000000001 -0.0235 7.5969909263573911e-09
-0.024500000000000001 -0.0235 1.8381562777662608e-08
-0.024 -0.0235 4.3867416915690287e-08
-0.0235 -0.0235 1.0332202737396942e-07
-0.023 -0.0235 2.4023125491359631e-07
-0.022500000000000003 -0.0235 5.5126151272395795e-07
-0.022000000000000002 -0.0235 1.2476861926273086e-06
-0.021500000000000002 -0.0235 2.7826110656923631e-06
-0.021000000000000001 -0.0235 6.1076368276341114e-06
-0.020500000000000001 -0.0235 1.31759575524814e-05
-0.02 -0.0235 2.789830868696234e-05
-0.0195 -0.0235 5.7899818524198191e-05
-0.019 -0.0235 0.00011763596556301951
-0.018500000000000003 -0.0235 0.0002337136847286982
-0.018000000000000002 -0.0235 0.00045361838968046447
-0.017500000000000002 -0.0235 0.00085941970094578941
-0.017000000000000001 -0.0235 0.0015883078858841572
-0.016500000000000001 -0.0235 0.0028618122082112746
-0.016 -0.0235 0.0050250101916496075
-0.0155 -0.0235 0.0085956594778998623
-0.015000000000000001 -0.0235 0.014320743839921124
-0.014500000000000001 -0.0235 0.023234420700802963
-0.014 -0.0235 0.036707213507145862
-0.0135 -0.0235 0.056472532879465596
-0.012999999999999999 -0.0235 0.08461490433789487
-0.012500000000000001 -0.0235 0.12350672939012633
-0.012 -0.0235 0.17568898312339362
-0.0115 -0.0235 0.24370688814949928
-0.010999999999999999 -0.0235 0.32993311048402307
-0.010499999999999999 -0.0235 0.43643418714029786
-0.010000000000000002 -0.0235 0.56495328889656737
-0.0095000000000000015 -0.0235 0.71708438724176393
-0.0090000000000000011 -0.0235 0.89468997592242383
-0.0085000000000000006 -0.0235 1.100561084103626
-0.0080000000000000002 -0.0235 1.3392366587706881
-0.0074999999999999997 -0.0235 1.6178025896467794
-0.0069999999999999993 -0.0235 1.9464030113374011
-0.0064999999999999988 -0.0235 2.3381500095220646
-0.0059999999999999984 -0.0235 2.8081443329739271
-0.0054999999999999979 -0.0235 3.3714401204284816
-0.005000000000000001 -0.0235 4.0400000091451043
-0.0044999999999999971 -0.0235 4.818963021954529
-0.0040000000000000001 -0.0235 5.7028269652376853
-0.0035000000000000031 -0.0235 6.6723514447630308
-0.0029999999999999992 -0.0235 7.6930394621920151
-0.0025000000000000022 -0.0235 8.7159028156406979
-0.0019999999999999983 -0.0235 9.6808551093581716
-0.0015000000000000013 -0.0235 10.522561702249824
-0.00099999999999999742 -0.0235 11.178018073690323
-0.00050000000000000044 -0.0235 11.594666107015962
0 -0.0235 11.737622437759359
0.00050000000000000044 -0.0235 11.594666107015566
0.0010000000000000009 -0.0235 11.178018073689385
0.0015000000000000013 -0.0235 10.522561702248026
0.0020000000000000018 -0.0235 9.6808551093549315
0.0024999999999999988 -0.0235 8.7159028156351255
0.0030000000000000027 -0.0235 7.6930394621826892
0.0034999999999999996 -0.0235 6.6723514447479007
0.0040000000000000036 -0.0235 5.702826965213732
0.0045000000000000005 -0.0235 4.8189630219177015
0.0049999999999999975 -0.0235 4.040000009090031
0.0055000000000000014 -0.0235 3.3714401203483404
0.0059999999999999984 -0.0235 2.8081443328605342
0.0064999999999999988 -0.0235 2.3381500093659926
0.0069999999999999993 -0.0235 1.9464030111284756
0.0074999999999999997 -0.0235 1.6178025893747596
0.0080000000000000002 -0.0235 1.3392366584262285
0.0085000000000000006 -0.0235 1.1005610836793807
0.0090000000000000011 -0.0235 0.89468997541422535
0.0095000000000000015 -0.0235 0.71708438664967877
0.010000000000000002 -0.0235 0.5649532882256465
0.010500000000000002 -0.0235 0.43643418640087145
0.011000000000000003 -0.0235 0.32993310969142214
0.011500000000000003 -0.0235 0.24370688732317639
0.012000000000000004 -0.0235 0.17568898228551394
0.012499999999999997 -0.0235 0.12350672856380368
0.013000000000000005 -0.0235 0.084614903545294232
0.013499999999999998 -0.0235 0.0564725321400395
0.014000000000000005 -0.0235 0.036707212836224093
0.014499999999999999 -0.0235 0.023234420108716795
0.014999999999999999 -0.0235 0.01432074333172143
0.0155 -0.0235 0.008595659053651554
0.016000000000000007 -0.0235 0.0050250098471869425
0.016500000000000001 -0.0235 0.0028618119361915693
0.017000000000000001 -0.0235 0.0015883076769570162
0.017500000000000002 -0.0235 0.00085941954487355583
0.017999999999999995 -0.0235 0.00045361827628578806
0.018500000000000003 -0.0235 0.00023371360459854238
0.019000000000000003 -0.0235 0.00011763591049042262
0.019500000000000003 -0.0235 5.7899781710335096e-05
0.019999999999999997 -0.0235 2.7898284752510748e-05
0.020499999999999997 -0.0235 1.3175942417850052e-05
0.021000000000000005 -0.0235 6.1076275196319503e-06
0.021500000000000005 -0.0235 2.7826054979726227e-06
0.021999999999999999 -0.0235 1.2476829534515033e-06
0.022499999999999999 -0.0235 5.5125967986966935e-07
0.023000000000000007 -0.0235 2.4023024622380227e-07
0.023500000000000007 -0.0235 1.033214874612299e-07
0.024 -0.0235 4.3867135838380934e-08
0.024500000000000001 -0.0235 1.8381420458209867e-08
0.025000000000000001 -0.0235 7.596920839109516e-09
-0.025000000000000001 -0.023 1.8415262771012015e-08
-0.024500000000000001 -0.023 4.398014125862849e-08
-0.024 -0.023 1.0349839749714521e-07
-0.0235 -0.023 2.4023125491359563e-07
-0.023 -0.023 5.5032180627578488e-07
-0.022500000000000003 -0.023 1.2444854062851538e-06
-0.022000000000000002 -0.023 2.7775038046203258e-06
-0.021500000000000002 -0.023 6.1141955480310601e-06
-0.021000000000000001 -0.023 1.3262451542992625e-05
-0.020500000000000001 -0.023 2.8312771610446835e-05
-0.02 -0.023 5.9405955653348588e-05
-0.0195 -0.023 0.00012233911298267002
-0.019 -0.023 0.00024694813383681547
-0.018500000000000003 -0.023 0.00048799095669401865
-0.018000000000000002 -0.023 0.0009429783243358606
-0.017500000000000002 -0.023 0.0017801559744243575
-0.017000000000000001 -0.023 0.0032804091738228643
-0.016500000000000001 -0.023 0.005896853670783078
-0.016 -0.023 0.010334759865644479
-0.0155 -0.023 0.017651623556217327
-0.015000000000000001 -0.023 0.029372171776267476
-0.014500000000000001 -0.023 0.047605857247307329
-0.014 -0.023 0.07514579382648244
-0.0135 -0.023 0.11552018279784734
-0.012999999999999999 -0.023 0.17296345762635354
-0.012500000000000001 -0.023 0.25227891246012069
-0.012 -0.023 0.35858152684420208
-0.0115 -0.023 0.49694104783779941
-0.010999999999999999 -0.023 0.67198889448758103
-0.010499999999999999 -0.023 0.88759982341438626
-0.010000000000000002 -0.023 1.1467958070141997
-0.0095000000000000015 -0.023 1.4520260135292395
-0.0090000000000000011 -0.023 1.8059342644239602
-0.0085000000000000006 -0.023 2.2126225437012308
-0.0080000000000000002 -0.023 2.6792601477338476
-0.0074999999999999997 -0.023 3.2176982639319971
-0.0069999999999999993 -0.023 3.8455764112397346
-0.0064999999999999988 -0.023 4.5863123779922805
-0.0059999999999999984 -0.023 5.467412850744477
-0.0054999999999999979 -0.023 6.516768434770623
-0.005000000000000001 -0.023 7.7570024611379891
-0.0044999999999999971 -0.023 9.1984698312799793
-0.0040000000000000001 -0.023 10.832036609192214
-0.0035000000000000031 -0.023 12.623163812914749
-0.0029999999999999992 -0.023 14.508922332445175
-0.0025000000000000022 -0.023 16.399281373351375
-0.0019999999999999983 -0.023 18.183332802637906
-0.0015000000000000013 -0.023 19.740143781693735
-0.00099999999999999742 -0.023 20.952877575989145
-0.00050000000000000044 -0.023 21.723950331336706
0 -0.023 21.988546383647154
0.00050000000000000044 -0.023 21.723950331335242
0.0010000000000000009 -0.023 20.95287757598572
0.0015000000000000013 -0.023 19.740143781687191
0.0020000000000000018 -0.023 18.183332802626154
0.0024999999999999988 -0.023 16.399281373331117
0.0030000000000000027 -0.023 14.508922332411279
0.0034999999999999996 -0.023 12.623163812859669
0.0040000000000000036 -0.023 10.832036609105103
0.0045000000000000005 -0.023 9.1984698311460011
0.0049999999999999975 -0.023 7.7570024609375894
0.0055000000000000014 -0.023 6.5167684344790304
0.0059999999999999984 -0.023 5.4674128503318498
0.0064999999999999988 -0.023 4.5863123774243597
0.0069999999999999993 -0.023 3.8455764104794845
0.0074999999999999997 -0.023 3.2176982629421604
0.0080000000000000002 -0.023 2.6792601464804076
0.0085000000000000006 -0.023 2.2126225421574621
0.0090000000000000011 -0.023 1.8059342625747021
0.0095000000000000015 -0.023 1.4520260113747305
0.010000000000000002 -0.023 1.146795804572821
0.010500000000000002 -0.023 0.88759982072372767
0.011000000000000003 -0.023 0.67198889160342934
0.011500000000000003 -0.023 0.49694104483093743
0.012000000000000004 -0.023 0.35858152379528679
0.012499999999999997 -0.023 0.25227890945325965
0.013000000000000005 -0.023 0.1729634547422027
0.013499999999999998 -0.023 0.11552018010718952
0.014000000000000005 -0.023 0.075145791385101732
0.014499999999999999 -0.023 0.047605855092796814
0.014999999999999999 -0.023 0.029372169927006919
0.0155 -0.023 0.017651622012442962
0.016000000000000007 -0.023 0.010334758612197872
0.016500000000000001 -0.023 0.005896852680945211
0.017000000000000001 -0.023 0.0032804084135691102
0.017500000000000002 -0.023 0.0017801554065015057
0.017999999999999995 -0.023 0.00094297791171006574
0.018500000000000003 -0.023 0.00048799066511270286
0.019000000000000003 -0.023 0.00024694793343610187
0.019500000000000003 -0.023 0.00012233897902268401
0.019999999999999997 -0.023 5.940586855955859e-05
0.020499999999999997 -0.023 2.8312716537850415e-05
0.021000000000000005 -0.023 1.3262417672603927e-05
0.021500000000000005 -0.023 6.1141752879549692e-06
0.021999999999999999 -0.023 2.7774920177575848e-06
0.022499999999999999 -0.023 1.2444787368101949e-06
0.023000000000000007 -0.023 5.5031813580871527e-07
0.023500000000000007 -0.023 2.4022929025415027e-07
0.024 -0.023 1.03497374700033e-07
0.024500000000000001 -0.023 4.3979623380022049e-08
0.025000000000000001 -0.023 1.8415007734292874e-08
-0.025000000000000001 -0.022500000000000003 4.3932588547555497e-08
-0.024500000000000001 -0.022500000000000003 1.0368829124183764e-07
-0.024 -0.022500000000000003 2.4084881194214381e-07
-0.0235 -0.022500000000000003 5.5126151272395658e-07
-0.023 -0.022500000000000003 1.2444854062851521e-06
-0.022500000000000003 -0.022500000000000003 2.7727671488054616e-06
-0.022000000000000002 -0.022500000000000003 6.0985002455453987e-06
-0.021500000000000002 -0.022500000000000003 1.3238071119824984e-05
-0.021000000000000001 -0.022500000000000003 2.8343046619645315e-05
-0.020500000000000001 -0.022500000000000003 5.9795522162569909e-05
-0.02 -0.022500000000000003 0.00012415538542346867
-0.0195 -0.022500000000000003 0.00025336839089169506
-0.019 -0.022500000000000003 0.00050749102063960038
-0.018500000000000003 -0.022500000000000003 0.00099634836401428614
-0.018000000000000002 -0.022500000000000003 0.0019149711412899859
-0.017500000000000002 -0.022500000000000003 0.0035991566566569242
-0.017000000000000001 -0.022500000000000003 0.0066086184687066205
-0.016500000000000001 -0.022500000000000003 0.011845167507973615
-0.016 -0.022500000000000003 0.020711132445974098
-0.0155 -0.022500000000000003 0.035307565597987985
-0.015000000000000001 -0.022500000000000003 0.058661729448873386
-0.014500000000000001 -0.022500000000000003 0.094958850434068778
-0.014 -0.022500000000000003 0.14973579500752524
-0.0135 -0.022500000000000003 0.22997821837722821
-0.012999999999999999 -0.022500000000000003 0.34405452683368914
-0.012500000000000001 -0.022500000000000003 0.50142815736936441
-0.012 -0.022500000000000003 0.71212229771988489
-0.0115 -0.022500000000000003 0.98597236262284949
-0.010999999999999999 -0.022500000000000003 1.3317871876209255
-0.010499999999999999 -0.022500000000000003 1.7566341171801758
-0.010000000000000002 -0.022500000000000003 2.2655374915025428
-0.0095000000000000015 -0.022500000000000003 2.8618972369357025
-0.0090000000000000011 -0.022500000000000003 3.5488576319066611
-0.0085000000000000006 -0.022500000000000003 4.3316635582457286
-0.0080000000000000002 -0.022500000000000003 5.2207399076406844
-0.0074999999999999997 -0.022500000000000003 6.2348671704732617
-0.0069999999999999993 -0.022500000000000003 7.4034921170827346
-0.0064999999999999988 -0.022500000000000003 8.7670245102536377
-0.0059999999999999984 -0.022500000000000003 10.374045804153919
-0.0054999999999999979 -0.022500000000000003 12.274770443293693
-0.005000000000000001 -0.022500000000000003 14.510851620432241
-0.0044999999999999971 -0.022500000000000003 17.102602855534641
-0.0040000000000000001 -0.022500000000000003 20.035702916719632
-0.0035000000000000031 -0.022500000000000003 23.250186935938849
-0.0029999999999999992 -0.022500000000000003 26.634727701826886
-0.0025000000000000022 -0.022500000000000003 30.028695754819747
-0.0019999999999999983 -0.022500000000000003 33.233241724712784
-0.0015000000000000013 -0.022500000000000003 36.030864283949086
-0.00099999999999999742 -0.022500000000000003 38.210994193836235
-0.00050000000000000044 -0.022500000000000003 39.597522357210948
0 -0.022500000000000003 40.073379815421205
0.00050000000000000044 -0.022500000000000003 39.597522357205797
0.0010000000000000009 -0.022500000000000003 38.210994193824121
0.0015000000000000013 -0.022500000000000003 36.030864283925887
0.0020000000000000018 -0.022500000000000003 33.233241724671224
0.0024999999999999988 -0.022500000000000003 30.028695754748146
0.0030000000000000027 -0.022500000000000003 26.634727701706989
0.0034999999999999996 -0.022500000000000003 23.250186935743969
0.0040000000000000036 -0.022500000000000003 20.035702916411335
0.0045000000000000005 -0.022500000000000003 17.102602855060507
0.0049999999999999975 -0.022500000000000003 14.510851619723002
0.0055000000000000014 -0.022500000000000003 12.274770442261717
0.0059999999999999984 -0.022500000000000003 10.374045802693571
0.0064999999999999988 -0.022500000000000003 8.7670245082436686
0.0069999999999999993 -0.022500000000000003 7.4034921143920798
0.0074999999999999997 -0.022500000000000003 6.2348671669700684
0.0080000000000000002 -0.022500000000000003 5.2207399032045494
0.0085000000000000006 -0.022500000000000003 4.3316635527820777
0.0090000000000000011 -0.022500000000000003 3.54885762536184
0.0095000000000000015 -0.022500000000000003 2.8618972293105522
0.010000000000000002 -0.022500000000000003 2.265537482862114
0.010500000000000002 -0.022500000000000003 1.75663410765751
0.011000000000000003 -0.022500000000000003 1.3317871774134591
0.011500000000000003 -0.022500000000000003 0.98597235198108957
0.012000000000000004 -0.022500000000000003 0.71212228692929169
0.012499999999999997 -0.022500000000000003 0.50142814672760549
0.013000000000000005 -0.022500000000000003 0.34405451662622416
0.013499999999999998 -0.022500000000000003 0.22997820885456402
0.014000000000000005 -0.022500000000000003 0.1497357863670932
0.014499999999999999 -0.022500000000000003 0.094958842808915048
0.014999999999999999 -0.022500000000000003 0.058661722904047815
0.0155 -0.022500000000000003 0.035307560134326357
0.016000000000000007 -0.022500000000000003 0.02071112800982846
0.016500000000000001 -0.022500000000000003 0.011845164004780889
0.017000000000000001 -0.022500000000000003 0.0066086157780483878
0.017500000000000002 -0.022500000000000003 0.0035991546466881247
0.017999999999999995 -0.022500000000000003 0.0019149696809420197
0.018500000000000003 -0.022500000000000003 0.00099634733206189758
0.019000000000000003 -0.022500000000000003 0.00050749031138978666
0.019500000000000003 -0.022500000000000003 0.00025336791678611778
0.019999999999999997 -0.022500000000000003 0.00012415507718477231
0.020499999999999997 -0.022500000000000003 5.9795327251941087e-05
0.021000000000000005 -0.022500000000000003 2.8342926746983046e-05
0.021500000000000005 -0.022500000000000003 1.3237999416211656e-05
0.021999999999999999 -0.022500000000000003 6.0984585299740226e-06
0.022499999999999999 -0.022500000000000003 2.7727435444787825e-06
0.023000000000000007 -0.022500000000000003 1.244472415921713e-06
0.023500000000000007 -0.022500000000000003 5.5125455948346728e-07
0.024 -0.022500000000000003 2.408451921014067e-07
0.024500000000000001 -0.022500000000000003 1.0368645838754564e-07
0.025000000000000001 -0.022500000000000003 4.3931685932271912e-08
-0.025000000000000001 -0.022000000000000002 1.0301075229646742e-07
-0.024500000000000001 -0.022000000000000002 2.4058892454109696e-07
-0.024 -0.022000000000000002 5.5227391961853589e-07
-0.0235 -0.022000000000000002 1.2476861926272995e-06
-0.023 -0.022000000000000002 2.777503804620305e-06
-0.022500000000000003 -0.022000000000000002 6.0985002455453877e-06
-0.022000000000000002 -0.022000000000000002 1.3215483271326692e-05
-0.021500000000000002 -0.022000000000000002 2.8270229616602149e-05
-0.021000000000000001 -0.022000000000000002 5.9685379683030413e-05
-0.020500000000000001 -0.022000000000000002 0.00012428742449388866
-0.02 -0.022000000000000002 0.00025502769629805584
-0.0195 -0.022000000000000002 0.0005150188693173913
-0.019 -0.022000000000000002 0.0010222335066180489
-0.018500000000000003 -0.022000000000000002 0.0019914427433622857
-0.018000000000000002 -0.022000000000000002 0.0038027239958683171
-0.017500000000000002 -0.022000000000000002 0.0071087498912153543
-0.017000000000000001 -0.022000000000000002 0.012995222884066852
-0.016500000000000001 -0.022000000000000002 0.023208764739078687
-0.016 -0.022000000000000002 0.040462230794643478
-0.0155 -0.022000000000000002 0.068816432318218393
-0.015000000000000001 -0.022000000000000002 0.11411772080621631
-0.014500000000000001 -0.022000000000000002 0.18444262908407361
-0.014 -0.022000000000000002 0.29046685397434702
-0.0135 -0.022000000000000002 0.4456440342412929
-0.012999999999999999 -0.022000000000000002 0.66606281858324501
-0.012500000000000001 -0.022000000000000002 0.96986496614948059
-0.012 -0.022000000000000002 1.3761683690733584
-0.0115 -0.022000000000000002 1.9035551736488279
-0.010999999999999999 -0.022000000000000002 2.568349255773442
-0.010499999999999999 -0.022000000000000002 3.3830895140270023
-0.010000000000000002 -0.022000000000000002 4.3557522263513198
-0.0095000000000000015 -0.022000000000000002 5.4903167673812465
-0.0090000000000000011 -0.022000000000000002 6.7891347785047671
-0.0085000000000000006 -0.022000000000000002 8.2572107291686692
-0.0080000000000000002 -0.022000000000000002 9.907944120042588
-0.0074999999999999997 -0.022000000000000002 11.769208387071888
-0.0069999999999999993 -0.022000000000000002 13.888014147868789
-0.0064999999999999988 -0.022000000000000002 16.331641850087529
-0.0059999999999999984 -0.022000000000000002 19.183246426976012
-0.0054999999999999979 -0.022000000000000002 22.53067530614878
-0.005000000000000001 -0.022000000000000002 26.448595946125508
-0.0044999999999999971 -0.022000000000000002 30.975802957922859
-0.0040000000000000001 -0.022000000000000002 36.091383686308738
-0.0035000000000000031 -0.022000000000000002 41.694762588524846
-0.0029999999999999992 -0.022000000000000002 47.59502553944909
-0.0025000000000000022 -0.022000000000000002 53.514017606449698
-0.0019999999999999983 -0.022000000000000002 59.10548881961882
-0.0015000000000000013 -0.022000000000000002 63.989382715653228
-0.00099999999999999742 -0.022000000000000002 67.796906956497338
-0.00050000000000000044 -0.022000000000000002 70.219158547271718
0 -0.022000000000000002 71.050605835884724
0.00050000000000000044 -0.022000000000000002 70.21915854725404
0.0010000000000000009 -0.022000000000000002 67.796906956455686
0.0015000000000000013 -0.022000000000000002 63.989382715573427
0.0020000000000000018 -0.022000000000000002 59.105488819475845
0.0024999999999999988 -0.022000000000000002 53.514017606203211
0.0030000000000000027 -0.022000000000000002 47.595025539036484
0.0034999999999999996 -0.022000000000000002 41.694762587853972
0.0040000000000000036 -0.022000000000000002 36.091383685247656
0.0045000000000000005 -0.022000000000000002 30.975802956290842
0.0049999999999999975 -0.022000000000000002 26.448595943684126
0.0055000000000000014 -0.022000000000000002 22.530675302596539
0.0059999999999999984 -0.022000000000000002 19.183246421949203
0.0064999999999999988 -0.022000000000000002 16.331641843168811
0.0069999999999999993 -0.022000000000000002 13.888014138607003
0.0074999999999999997 -0.022000000000000002 11.769208375013195
0.0080000000000000002 -0.022000000000000002 9.907944104772497
0.0085000000000000006 -0.022000000000000002 8.2572107103616617
0.0090000000000000011 -0.022000000000000002 6.7891347559761694
0.0095000000000000015 -0.022000000000000002 5.4903167411339409
0.010000000000000002 -0.022000000000000002 4.355752196609223
0.010500000000000002 -0.022000000000000002 3.3830894812480734
0.011000000000000003 -0.022000000000000002 2.5683492206372942
0.011500000000000003 -0.022000000000000002 1.903555137017751
0.012000000000000004 -0.022000000000000002 1.3761683319299649
0.012499999999999997 -0.022000000000000002 0.96986492951840741
0.013000000000000005 -0.022000000000000002 0.66606278344710002
0.013499999999999998 -0.022000000000000002 0.44564400146236527
0.014000000000000005 -0.022000000000000002 0.29046682423224285
0.014499999999999999 -0.022000000000000002 0.1844426028367602
0.014999999999999999 -0.022000000000000002 0.11411769827761097
0.0155 -0.022000000000000002 0.068816413511196523
0.016000000000000007 -0.022000000000000002 0.040462215524538499
0.016500000000000001 -0.022000000000000002 0.023208752680385091
0.017000000000000001 -0.022000000000000002 0.012995213622280195
0.017500000000000002 -0.022000000000000002 0.0071087429724986401
0.017999999999999995 -0.022000000000000002 0.0038027189690569745
0.018500000000000003 -0.022000000000000002 0.0019914391911746744
0.019000000000000003 -0.022000000000000002 0.0010222310652375889
0.019500000000000003 -0.022000000000000002 0.00051501723735067415
0.019999999999999997 -0.022000000000000002 0.00025502663527848519
0.020499999999999997 -0.022000000000000002 0.00012428675357231494
0.021000000000000005 -0.022000000000000002 5.9684967057225415e-05
0.021500000000000005 -0.022000000000000002 2.8269982798348125e-05
0.021999999999999999 -0.022000000000000002 1.3215339677942464e-05
0.022499999999999999 -0.022000000000000002 6.0984189947069405e-06
0.023000000000000007 -0.022000000000000002 2.777459089177468e-06
0.023500000000000007 -0.022000000000000002 1.2476622581754947e-06
0.024 -0.022000000000000002 5.5226145939889412e-07
0.024500000000000001 -0.022000000000000002 2.4058261548810185e-07
0.025000000000000001 -0.022000000000000002 1.0300764531317807e-07
-0.025000000000000001 -0.021500000000000002 2.3706262561388168e-07
-0.024500000000000001 -0.021500000000000002 5.4866694131013198e-07
-0.024 -0.021500000000000002 1.2463433567580417e-06
-0.0235 -0.021500000000000002 2.7826110656923495e-06
-0.023 -0.021500000000000002 6.1141955480310304e-06
-0.022500000000000003 -0.021500000000000002 1.3238071119824981e-05
-0.022000000000000002 -0.021500000000000002 2.82702296166022e-05
-0.021500000000000002 -0.021500000000000002 5.9583470032331689e-05
-0.021000000000000001 -0.021500000000000002 0.00012396777995391287
-0.020500000000000001 -0.021500000000000002 0.00025455674083343889
-0.02 -0.021500000000000002 0.00051556277388399064
-0.0195 -0.021500000000000002 0.0010289167230995017
-0.019 -0.021500000000000002 0.0020209503264197468
-0.018500000000000003 -0.021500000000000002 0.0039014295588532702
-0.018000000000000002 -0.021500000000000002 0.0073923886257681272
-0.017500000000000002 -0.021500000000000002 0.013729606020878611
-0.017000000000000001 -0.021500000000000002 0.02496358704950281
-0.016500000000000001 -0.021500000000000002 0.044386797109739438
-0.016 -0.021500000000000002 0.077105714147373369
-0.0155 -0.021500000000000002 0.13075556468236404
-0.015000000000000001 -0.021500000000000002 0.21631875126568284
-0.014500000000000001 -0.021500000000000002 0.34895451688929668
-0.014 -0.021500000000000002 0.54868296439925091
-0.0135 -0.021500000000000002 0.84070550964240576
-0.012999999999999999 -0.021500000000000002 1.2551100732633325
-0.012500000000000001 -0.021500000000000002 1.8257334256869895
-0.012 -0.021500000000000002 2.5880647127989196
-0.0115 -0.021500000000000002 3.5762892989870569
-0.010999999999999999 -0.021500000000000002 4.8198779322863183
-0.010499999999999999 -0.021500000000000002 6.3404689002592294
-0.010000000000000002 -0.021500000000000002 8.1500721372830807
-0.0095000000000000015 -0.021500000000000002 10.251714873592398
-0.0090000000000000011 -0.021500000000000002 12.64342012468747
-0.0085000000000000006 -0.021500000000000002 15.32578252164833
-0.0080000000000000002 -0.021500000000000002 18.312401240768942
-0.0074999999999999997 -0.021500000000000002 21.641204825187572
-0.0069999999999999993 -0.021500000000000002 25.383554842022232
-0.0064999999999999988 -0.021500000000000002 29.647334961769065
-0.0059999999999999984 -0.021500000000000002 34.570405787136416
-0.0054999999999999979 -0.021500000000000002 40.302086611816769
-0.005000000000000001 -0.021500000000000002 46.97270504298352
-0.0044999999999999971 -0.021500000000000002 54.65438491915868
-0.0040000000000000001 -0.021500000000000002 63.319442862610124
-0.0035000000000000031 -0.021500000000000002 72.805148393662961
-0.0029999999999999992 -0.021500000000000002 82.794304703973623
-0.0025000000000000022 -0.021500000000000002 92.819553204811513
-0.0019999999999999983 -0.021500000000000002 102.29545617706508
-0.0015000000000000013 -0.021500000000000002 110.57688266585556
-0.00099999999999999742 -0.021500000000000002 117.03620903212159
-0.00050000000000000044 -0.021500000000000002 121.14685295877079
0 -0.021500000000000002 122.55809251804868
0.00050000000000000044 -0.021500000000000002 121.14685295871169
0.0010000000000000009 -0.021500000000000002 117.03620903198221
0.0015000000000000013 -0.021500000000000002 110.57688266558846
0.0020000000000000018 -0.021500000000000002 102.29545617658653
0.0024999999999999988 -0.021500000000000002 92.81955320398626
0.0030000000000000027 -0.021500000000000002 82.794304702592456
0.0034999999999999996 -0.021500000000000002 72.805148391416949
0.0040000000000000036 -0.021500000000000002 63.319442859057858
0.0045000000000000005 -0.021500000000000002 54.65438491369494
0.0049999999999999975 -0.021500000000000002 46.972705034810069
0.0055000000000000014 -0.021500000000000002 40.302086599924323
0.0059999999999999984 -0.021500000000000002 34.57040577030714
0.0064999999999999988 -0.021500000000000002 29.64733493860588
0.0069999999999999993 -0.021500000000000002 25.383554811014687
0.0074999999999999997 -0.021500000000000002 21.641204784816242
0.0080000000000000002 -0.021500000000000002 18.31240118964617
0.0085000000000000006 -0.021500000000000002 15.325782458684316
0.0090000000000000011 -0.021500000000000002 12.643420049263943
0.0095000000000000015 -0.021500000000000002 10.25171478571901
0.010000000000000002 -0.021500000000000002 8.1500720377094886
0.010500000000000002 -0.021500000000000002 6.3404687905186448
0.011000000000000003 -0.021500000000000002 4.8198778146540029
0.011500000000000003 -0.021500000000000002 3.5762891763498619
0.012000000000000004 -0.021500000000000002 2.588064588446545
0.012499999999999997 -0.021500000000000002 1.8257333030498046
0.013000000000000005 -0.021500000000000002 1.2551099556310259
0.013499999999999998 -0.021500000000000002 0.84070539990182824
0.014000000000000005 -0.021500000000000002 0.54868286482565587
0.014499999999999999 -0.021500000000000002 0.34895442901591167
0.014999999999999999 -0.021500000000000002 0.21631867584216047
0.0155 -0.021500000000000002 0.13075550171833231
0.016000000000000007 -0.021500000000000002 0.07710566302458681
0.016500000000000001 -0.021500000000000002 0.044386756738437005
0.017000000000000001 -0.021500000000000002 0.024963556041965755
0.017500000000000002 -0.021500000000000002 0.013729582857705742
0.017999999999999995 -0.021500000000000002 0.0073923717965055386
0.018500000000000003 -0.021500000000000002 0.0039014176664837973
0.019000000000000003 -0.021500000000000002 0.0020209421529216978
0.019500000000000003 -0.021500000000000002 0.0010289112594378525
0.019999999999999997 -0.021500000000000002 0.0005155592216963907
0.020499999999999997 -0.021500000000000002 0.00025455449465498791
0.021000000000000005 -0.021500000000000002 0.00012396639852391058
0.021500000000000005 -0.021500000000000002 5.9582643709457523e-05
0.021999999999999999 -0.021500000000000002 2.8269748880286986e-05
0.022499999999999999 -0.021500000000000002 1.3237799100129346e-05
0.023000000000000007 -0.021500000000000002 6.1140458451925149e-06
0.023500000000000007 -0.021500000000000002 2.7825309355371507e-06
0.024 -0.021500000000000002 1.2463016411866219e-06
0.024500000000000001 -0.021500000000000002 5.4864581923055433e-07
0.025000000000000001 -0.021500000000000002 2.3705222374400726e-07
-0.025000000000000001 -0.021000000000000001 5.3474231539963302e-07
-0.024500000000000001 -0.021000000000000001 1.2280815837050153e-06
-0.024 -0.021000000000000001 2.7644489586836891e-06
-0.0235 -0.021000000000000001 6.1076368276340885e-06
-0.023 -0.021000000000000001 1.3262451542992593e-05
-0.022500000000000003 -0.021000000000000001 2.8343046619645203e-05
-0.022000000000000002 -0.021000000000000001 5.9685379683030562e-05
-0.021500000000000002 -0.021000000000000001 0.00012396777995391246
-0.021000000000000001 -0.021000000000000001 0.00025412171907122937
-0.020500000000000001 -0.021000000000000001 0.00051423507310908187
-0.02 -0.021000000000000001 0.0010270104696435654
-0.0195 -0.021000000000000001 0.0020230655073229767
-0.019 -0.021000000000000001 0.0039268811449804202
-0.018500000000000003 -0.021000000000000001 0.0075017695153951763
-0.018000000000000002 -0.021000000000000001 0.014085567863438824
-0.017500000000000002 -0.021000000000000001 0.025958562197037807
-0.017000000000000001 -0.021000000000000001 0.046892457748170024
-0.016500000000000001 -0.021000000000000001 0.082928979705407357
-0.016 -0.021000000000000001 0.14342174288032175
-0.0155 -0.021000000000000001 0.24233714744030543
-0.015000000000000001 -0.021000000000000001 0.39974250484725365
-0.014500000000000001 -0.021000000000000001 0.64331135986056531
-0.014 -0.021000000000000001 1.0095570986098259
-0.0135 -0.021000000000000001 1.5443923413269098
-0.012999999999999999 -0.021000000000000001 2.3025466620538846
-0.012500000000000001 -0.021000000000000001 3.3454146826390883
-0.012 -0.021000000000000001 4.7371049223261164
-0.0115 -0.021000000000000001 6.5388470555402121
-0.010999999999999999 -0.021000000000000001 8.8024699929813277
-0.010499999999999999 -0.021000000000000001 11.564289843668753
-0.010000000000000002 -0.021000000000000001 14.841270075450675
-0.0095000000000000015 -0.021000000000000001 18.631504497286244
-0.0090000000000000011 -0.021000000000000001 22.920696592308428
-0.0085000000000000006 -0.021000000000000001 27.695221806732896
-0.0080000000000000002 -0.021000000000000001 32.960595547519247
-0.0074999999999999997 -0.021000000000000001 38.762004196723574
-0.0069999999999999993 -0.021000000000000001 45.201510688059493
-0.0064999999999999988 -0.021000000000000001 52.445304307563397
-0.0059999999999999984 -0.021000000000000001 60.71460296226639
-0.0054999999999999979 -0.021000000000000001 70.255977498616645
-0.005000000000000001 -0.021000000000000001 81.290939095821471
-0.0044999999999999971 -0.021000000000000001 93.95000947563635
-0.0040000000000000001 -0.021000000000000001 108.20200909751489
-0.0035000000000000031 -0.021000000000000001 123.79342903061129
-0.0029999999999999992 -0.021000000000000001 140.21401319351523
-0.0025000000000000022 -0.021000000000000001 156.70209085081288
-0.0019999999999999983 -0.021000000000000001 172.29670177798349
-0.0015000000000000013 -0.021000000000000001 185.93419671000842
-0.00099999999999999742 -0.021000000000000001 196.57680643419204
-0.00050000000000000044 -0.021000000000000001 203.35220753796287
0 -0.021000000000000001 205.6787481744243
0.00050000000000000044 -0.021000000000000001 203.35220753777054
0.0010000000000000009 -0.021000000000000001 196.57680643373828
0.0015000000000000013 -0.021000000000000001 185.9341967091388
0.0020000000000000018 -0.021000000000000001 172.29670177642546
0.0024999999999999988 -0.021000000000000001 156.70209084812569
0.0030000000000000027 -0.021000000000000001 140.21401318901823
0.0034999999999999996 -0.021000000000000001 123.79342902329793
0.0040000000000000036 -0.021000000000000001 108.20200908594832
0.0045000000000000005 -0.021000000000000001 93.95000945784561
0.0049999999999999975 -0.021000000000000001 81.290939069207113
0.0055000000000000014 -0.021000000000000001 70.255977459892804
0.0059999999999999984 -0.021000000000000001 60.714602907467267
0.0064999999999999988 -0.021000000000000001 52.44530423213989
0.0069999999999999993 -0.021000000000000001 45.201510587093289
0.0074999999999999997 -0.021000000000000001 38.762004065267277
0.0080000000000000002 -0.021000000000000001 32.960595381054148
0.0085000000000000006 -0.021000000000000001 27.695221601710532
0.0090000000000000011 -0.021000000000000001 22.920696346715687
0.0095000000000000015 -0.021000000000000001 18.631504211154475
0.010000000000000002 -0.021000000000000001 14.841269751220896
0.010500000000000002 -0.021000000000000001 11.564289486333381
0.011000000000000003 -0.021000000000000001 8.8024696099490498
0.011500000000000003 -0.021000000000000001 6.5388466562111178
0.012000000000000004 -0.021000000000000001 4.7371045174120798
0.012499999999999997 -0.021000000000000001 3.3454142833100056
0.013000000000000005 -0.021000000000000001 2.3025462790216245
0.013499999999999998 -0.021000000000000001 1.5443919839915408
0.014000000000000005 -0.021000000000000001 1.0095567743800193
0.014499999999999999 -0.021000000000000001 0.64331107372876983
0.014999999999999999 -0.021000000000000001 0.39974225925448553
0.0155 -0.021000000000000001 0.24233694241791504
0.016000000000000007 -0.021000000000000001 0.14342157641518996
0.016500000000000001 -0.021000000000000001 0.082928848249071263
0.017000000000000001 -0.021000000000000001 0.046892356781964462
0.017500000000000002 -0.021000000000000001 0.025958486773515282
0.017999999999999995 -0.021000000000000001 0.014085513064285229
0.018500000000000003 -0.021000000000000001 0.0075017307916675534
0.019000000000000003 -0.021000000000000001 0.0039268545305775745
0.019500000000000003 -0.021000000000000001 0.0020230477166424932
0.019999999999999997 -0.021000000000000001 0.00102699890307178
0.020499999999999997 -0.021000000000000001 0.00051422775914168519
0.021000000000000005 -0.021000000000000001 0.00025411722088276986
0.021500000000000005 -0.021000000000000001 0.00012396508929567315
0.021999999999999999 -0.021000000000000001 5.9683814317761873e-05
0.022499999999999999 -0.021000000000000001 2.8342160873820573e-05
0.023000000000000007 -0.021000000000000001 1.3261964083201061e-05
0.023500000000000007 -0.021000000000000001 6.1073759092097388e-06
0.024 -0.021000000000000001 2.7643131251620785e-06
0.024500000000000001 -0.021000000000000001 1.2280128063550889e-06
0.025000000000000001 -0.021000000000000001 5.3470844501099457e-07
-0.025000000000000001 -0.020500000000000001 1.1808257791257054e-06
-0.024500000000000001 -0.020500000000000001 2.6943081707323569e-06
-0.024 -0.020500000000000001 6.0181823843980198e-06
-0.0235 -0.020500000000000001 1.3175957552481303e-05
-0.023 -0.020500000000000001 2.8312771610446825e-05
-0.022500000000000003 -0.020500000000000001 5.979552216256974e-05
-0.022000000000000002 -0.020500000000000001 0.00012428742449388907
-0.021500000000000002 -0.020500000000000001 0.00025455674083343856
-0.021000000000000001 -0.020500000000000001 0.00051423507310908046
-0.020500000000000001 -0.020500000000000001 0.0010252534179361851
-0.02 -0.020500000000000001 0.0020178467643028023
-0.0195 -0.020500000000000001 0.0039195758370689565
-0.019 -0.020500000000000001 0.0075095304963910276
-0.018500000000000003 -0.020500000000000001 0.014177201988335613
-0.018000000000000002 -0.020500000000000001 0.026341967966413426
-0.017500000000000002 -0.020500000000000001 0.048106426748794097
-0.017000000000000001 -0.020500000000000001 0.086229746497649251
-0.016500000000000001 -0.020500000000000001 0.15150678621853766
-0.016 -0.020500000000000001 0.2606122544634038
-0.0155 -0.020500000000000001 0.43840189442948363
-0.015000000000000001 -0.020500000000000001 0.72054245535834527
-0.014500000000000001 -0.020500000000000001 1.1561668941759491
-0.014 -0.020500000000000001 1.8100382372305173
-0.0135 -0.020500000000000001 2.7635003423136086
-0.012999999999999999 -0.020500000000000001 4.1133729868563877
-0.012500000000000001 -0.020500000000000001 5.9680112784929857
-0.012 -0.020500000000000001 8.4400923904153675
-0.0115 -0.020500000000000001 11.636371085411566
-0.010999999999999999 -0.020500000000000001 15.645624364175282
-0.010499999999999999 -0.020500000000000001 20.527119897369744
-0.010000000000000002 -0.020500000000000001 26.302887953803488
-0.0095000000000000015 -0.020500000000000001 32.957448379374767
-0.0090000000000000011 -0.020500000000000001 40.448039575206771
-0.0085000000000000006 -0.020500000000000001 48.726560194916615
-0.0080000000000000002 -0.020500000000000001 57.771417180825544
-0.0074999999999999997 -0.020500000000000001 67.623744095086792
-0.0069999999999999993 -0.020500000000000001 78.418901989724645
-0.0064999999999999988 -0.020500000000000001 90.401969913849584
-0.0059999999999999984 -0.020500000000000001 103.91622755827008
-0.0054999999999999979 -0.020500000000000001 119.35718205247663
-0.005000000000000001 -0.020500000000000001 137.09147600872842
-0.0044999999999999971 -0.020500000000000001 157.34902044561144
-0.0040000000000000001 -0.020500000000000001 180.1059589711808
-0.0035000000000000031 -0.020500000000000001 204.98304178439847
-0.0029999999999999992 -0.020500000000000001 231.18619341229012
-0.0025000000000000022 -0.020500000000000001 257.51187192893622
-0.0019999999999999983 -0.020500000000000001 282.42914053364342
-0.0015000000000000013 -0.020500000000000001 304.23494704683424
-0.00099999999999999742 -0.020500000000000001 321.26229833543613
-0.00050000000000000044 -0.020500000000000001 332.10704102861001
0 -0.020500000000000001 335.8317335026249
0.00050000000000000044 -0.020500000000000001 332.10704102800122
0.0010000000000000009 -0.020500000000000001 321.26229833399907
0.0015000000000000013 -0.020500000000000001 304.23494704408034
0.0020000000000000018 -0.020500000000000001 282.42914052870952
0.0024999999999999988 -0.020500000000000001 257.51187192042585
0.0030000000000000027 -0.020500000000000001 231.18619339804889
0.0034999999999999996 -0.020500000000000001 204.98304176123742
0.0040000000000000036 -0.020500000000000001 180.1059589345501
0.0045000000000000005 -0.020500000000000001 157.34902038926876
0.0049999999999999975 -0.020500000000000001 137.09147592444137
0.0055000000000000014 -0.020500000000000001 119.35718192983929
0.0059999999999999984 -0.020500000000000001 103.91622738472226
0.0064999999999999988 -0.020500000000000001 90.401969674984926
0.0069999999999999993 -0.020500000000000001 78.418901669966843
0.0074999999999999997 -0.020500000000000001 67.623743678767497
0.0080000000000000002 -0.020500000000000001 57.771416653634169
0.0085000000000000006 -0.020500000000000001 48.72655954561526
0.0090000000000000011 -0.020500000000000001 40.448038797419926
0.0095000000000000015 -0.020500000000000001 32.957447473201697
0.010000000000000002 -0.020500000000000001 26.302886926974878
0.010500000000000002 -0.020500000000000001 20.5271187656965
0.011000000000000003 -0.020500000000000001 15.645623151120562
0.011500000000000003 -0.020500000000000001 11.636369820745141
0.012000000000000004 -0.020500000000000001 8.4400911080615977
0.012499999999999997 -0.020500000000000001 5.9680100138266203
0.013000000000000005 -0.020500000000000001 4.1133717738017097
0.013499999999999998 -0.020500000000000001 2.763499210640405
0.014000000000000005 -0.020500000000000001 1.8100372104019038
0.014499999999999999 -0.020500000000000001 1.1561659880028867
0.014999999999999999 -0.020500000000000001 0.72054167757148369
0.0155 -0.020500000000000001 0.43840124512811074
0.016000000000000007 -0.020500000000000001 0.26061172727201753
0.016500000000000001 -0.020500000000000001 0.15150636989923116
0.017000000000000001 -0.020500000000000001 0.086229426739911311
0.017500000000000002 -0.020500000000000001 0.048106187884167963
0.017999999999999995 -0.020500000000000001 0.026341794418706838
0.018500000000000003 -0.020500000000000001 0.014177079351147431
0.019000000000000003 -0.020500000000000001 0.0075094462091663903
0.019500000000000003 -0.020500000000000001 0.0039195194943777113
0.019999999999999997 -0.020500000000000001 0.0020178101332260054
0.020499999999999997 -0.020500000000000001 0.0010252302547633463
0.021000000000000005 -0.020500000000000001 0.00051422082744580308
0.021500000000000005 -0.020500000000000001 0.00025454821957835637
0.021999999999999999 -0.020500000000000001 0.0001242824670167342
0.022499999999999999 -0.020500000000000001 5.9792717025149968e-05
0.023000000000000007 -0.020500000000000001 2.8311227836077763e-05
0.023500000000000007 -0.020500000000000001 1.3175131229607271e-05
0.024 -0.020500000000000001 6.017752202641975e-06
0.024500000000000001 -0.020500000000000001 2.6940903543876401e-06
0.025000000000000001 -0.020500000000000001 1.1807185123546591e-06
-0.025000000000000001 -0.02 2.5497812553116001e-06
-0.024500000000000001 -0.02 5.786661751365221e-06
-0.024 -0.02 1.2841762209375757e-05
-0.0235 -0.02 2.7898308686962201e-05
-0.023 -0.02 5.9405955653348188e-05
-0.022500000000000003 -0.02 0.00012415538542346843
-0.022000000000000002 -0.02 0.00025502769629805481
-0.021500000000000002 -0.02 0.00051556277388398934
-0.021000000000000001 -0.02 0.0010270104696435615
-0.020500000000000001 -0.02 0.0020178467643028036
-0.02 -0.02 0.0039128605466217763
-0.0195 -0.02 0.0074901168113539144
-0.019 -0.02 0.014150689184860574
-0.018500000000000003 -0.02 0.026368814233642814
-0.018000000000000002 -0.02 0.048418271995342814
-0.017500000000000002 -0.02 0.087500435864010309
-0.017000000000000001 -0.02 0.15542165883289052
-0.016500000000000001 -0.02 0.27096703173474468
-0.016 -0.02 0.46307203973140343
-0.0155 -0.02 0.77477770793979994
-0.015000000000000001 -0.02 1.2677470957271288
-0.014500000000000001 -0.02 2.0268171818666723
-0.014 -0.02 3.1636894946095815
-0.0135 -0.02 4.8185029937768116
-0.012999999999999999 -0.02 7.1578151634206835
-0.012500000000000001 -0.02 10.367612817359902
-0.012 -0.02 14.640551256876378
-0.0115 -0.02 20.157776797288683
-0.010999999999999999 -0.02 27.067367788708147
-0.010499999999999999 -0.02 35.463356022743397
-0.010000000000000002 -0.02 45.370947945842595
-0.0095000000000000015 -0.02 56.744267229299481
-0.0090000000000000011 -0.02 69.481999832393583
-0.0085000000000000006 -0.02 83.463300816292147
-0.0080000000000000002 -0.02 98.601294054699849
-0.0074999999999999997 -0.02 114.90523764019865
-0.0069999999999999993 -0.02 132.53642157508239
-0.0064999999999999988 -0.02 151.83905537850808
-0.0059999999999999984 -0.02 173.32770973709597
-0.0054999999999999979 -0.02 197.61854968865595
-0.005000000000000001 -0.02 225.3026114447072
-0.0044999999999999971 -0.02 256.77406862371743
-0.0040000000000000001 -0.02 292.04159147243445
-0.0035000000000000031 -0.02 330.56237139401543
-0.0029999999999999992 -0.02 371.14213897028054
-0.0025000000000000022 -0.02 411.93791830226053
-0.0019999999999999983 -0.02 450.58318226120929
-0.0015000000000000013 -0.02 484.43032239225403
-0.00099999999999999742 -0.02 510.87834903923385
-0.00050000000000000044 -0.02 527.73127064603125
0 -0.02 533.52094912683583
0.00050000000000000044 -0.02 527.73127064415644
0.0010000000000000009 -0.02 510.87834903480837
0.0015000000000000013 -0.02 484.43032238377151
0.0020000000000000018 -0.02 450.58318224601237
0.0024999999999999988 -0.02 411.93791827604673
0.0030000000000000027 -0.02 371.14213892641504
0.0034999999999999996 -0.02 330.56237132267427
0.0040000000000000036 -0.02 292.04159135960481
0.0045000000000000005 -0.02 256.77406845017038
0.0049999999999999975 -0.02 225.30261118508474
0.0055000000000000014 -0.02 197.61854931090664
0.0059999999999999984 -0.02 173.32770920253137
0.0064999999999999988 -0.02 151.8390546427533
0.0069999999999999993 -0.02 132.5364205901592
0.0074999999999999997 -0.02 114.905236357845
0.0080000000000000002 -0.02 98.601292430836097
0.0085000000000000006 -0.02 83.463298816303151
0.0090000000000000011 -0.02 69.481997436641421
0.0095000000000000015 -0.02 56.744264438089935
0.010000000000000002 -0.02 45.37094478298782
0.010500000000000002 -0.02 35.463352536944456
0.011000000000000003 -0.02 27.067364052236684
0.011500000000000003 -0.02 20.15777290184192
0.012000000000000004 -0.02 14.640547306948742
0.012499999999999997 -0.02 10.367608921913193
0.013000000000000005 -0.02 7.1578114269492321
0.013499999999999998 -0.02 4.8184995079779407
0.014000000000000005 -0.02 3.163686331754787
0.014499999999999999 -0.02 2.0268143906571368
0.014999999999999999 -0.02 1.267744699974936
0.0155 -0.02 0.774775707950773
0.016000000000000007 -0.02 0.46307041586761605
0.016500000000000001 -0.02 0.27096574938100304
0.017000000000000001 -0.02 0.15542067390971873
0.017500000000000002 -0.02 0.087499700109164455
0.017999999999999995 -0.02 0.048417737430772559
0.018500000000000003 -0.02 0.026368436484509546
0.019000000000000003 -0.02 0.014150429561931148
0.019500000000000003 -0.02 0.0074899432636470449
0.019999999999999997 -0.02 0.0039127477149617958
0.020499999999999997 -0.02 0.0020177754167075494
0.021000000000000005 -0.02 0.0010269665899115116
0.021500000000000005 -0.02 0.00051553652657051151
0.021999999999999999 -0.02 0.00025501242619339437
0.022499999999999999 -0.02 0.00012414674499192446
0.023000000000000007 -0.02 5.9401200493526189e-05
0.023500000000000007 -0.02 2.7895763433323069e-05
0.024 -0.02 1.2840437156282635e-05
0.024500000000000001 -0.02 5.7859908297902409e-06
0.025000000000000001 -0.02 2.5494508503960892e-06
-0.025000000000000001 -0.0195 5.378673018306044e-06
-0.024500000000000001 -0.0195 1.215307288135566e-05
-0.024 -0.0195 2.6825382154210761e-05
-0.0235 -0.0195 5.7899818524197724e-05
-0.023 -0.0195 0.00012233911298266986
-0.022500000000000003 -0.0195 0.00025336839089169354
-0.022000000000000002 -0.0195 0.00051501886931739195
-0.021500000000000002 -0.0195 0.0010289167230994967
-0.021000000000000001 -0.0195 0.0020230655073229689
-0.020500000000000001 -0.0195 0.0039195758370689513
-0.02 -0.0195 0.0074901168113538979
-0.0195 -0.0195 0.014126401375610624
-0.019 -0.0195 0.026300457453992038
-0.018500000000000003 -0.0195 0.048327121310029926
-0.018000000000000002 -0.0195 0.087587890676167027
-0.017500000000000002 -0.0195 0.15642457690555678
-0.017000000000000001 -0.0195 0.274948330385615
-0.016500000000000001 -0.0195 0.47500880748360308
-0.016 -0.0195 0.80549253991599823
-0.0155 -0.0195 1.3389258127168455
-0.015000000000000001 -0.0195 2.1790090358672463
-0.014500000000000001 -0.0195 3.4681984225119402
-0.014 -0.0195 5.3938243638185517
-0.0135 -0.0195 8.1906231257369786
-0.012999999999999999 -0.0195 12.13717887802424
-0.012500000000000001 -0.0195 17.543913155543642
-0.012 -0.0195 24.731203214318725
-0.0115 -0.0195 33.998127790055676
-0.010999999999999999 -0.0195 45.585143425172177
-0.010499999999999999 -0.0195 59.637233849672079
-0.010000000000000002 -0.0195 76.176898536735408
-0.0095000000000000015 -0.0195 95.097619546063854
-0.0090000000000000011 -0.0195 116.18702783151539
-0.0085000000000000006 -0.0195 139.18414623508068
-0.0080000000000000002 -0.0195 163.86692308454155
-0.0074999999999999997 -0.0195 190.15604021631299
-0.0069999999999999993 -0.0195 218.21108665943188
-0.0064999999999999988 -0.0195 248.4887890813603
-0.0059999999999999984 -0.0195 281.73318988302628
-0.0054999999999999979 -0.0195 318.87648918671061
-0.005000000000000001 -0.0195 360.84668522184711
-0.0044999999999999971 -0.0195 408.30150420657384
-0.0040000000000000001 -0.0195 461.33228112525336
-0.0035000000000000031 -0.0195 519.19983745074842
-0.0029999999999999992 -0.0195 580.17063038726701
-0.0025000000000000022 -0.0195 641.51137847593816
-0.0019999999999999983 -0.0195 699.67377566669393
-0.0015000000000000013 -0.0195 750.66223720614175
-0.00099999999999999742 -0.0195 790.53539444433977
-0.00050000000000000044 -0.0195 815.95688585639277
0 -0.0195 824.69269269654876
0.00050000000000000044 -0.0195 815.95688585077767
0.0010000000000000009 -0.0195 790.53539443108343
0.0015000000000000013 -0.0195 750.66223718073047
0.0020000000000000018 -0.0195 699.67377562116724
0.0024999999999999988 -0.0195 641.51137839740579
0.0030000000000000027 -0.0195 580.17063025585412
0.0034999999999999996 -0.0195 519.19983723702217
0.0040000000000000036 -0.0195 461.33228078723579
0.0045000000000000005 -0.0195 408.30150368665653
0.0049999999999999975 -0.0195 360.84668444406168
0.0055000000000000014 -0.0195 318.87648805503744
0.0059999999999999984 -0.0195 281.73318828156027
0.0064999999999999988 -0.0195 248.48878687716206
0.0069999999999999993 -0.0195 218.21108370876698
0.0074999999999999997 -0.0195 190.15603637459589
0.0080000000000000002 -0.0195 163.86691821971755
0.0085000000000000006 -0.0195 139.18414024344833
0.0090000000000000011 -0.0195 116.18702065424273
0.0095000000000000015 -0.0195 95.097611184067105
0.010000000000000002 -0.0195 76.17688906135173
0.010500000000000002 -0.0195 59.637223406801731
0.011000000000000003 -0.0195 45.585132231328849
0.011500000000000003 -0.0195 33.998116119948982
0.012000000000000004 -0.0195 24.731191380996428
0.012499999999999997 -0.0195 17.543901485437079
0.013000000000000005 -0.0195 12.137167684180971
0.013499999999999998 -0.0195 8.1906126828667425
0.014000000000000005 -0.0195 5.3938148884347923
0.014499999999999999 -0.0195 3.4681900605151452
0.014999999999999999 -0.0195 2.1790018585944906
0.0155 -0.0195 1.3389198210843207
0.016000000000000007 -0.0195 0.80548767509177244
0.016500000000000001 -0.0195 0.47500496576633405
0.017000000000000001 -0.0195 0.27494537972057165
0.017500000000000002 -0.0195 0.15642237270713219
0.017999999999999995 -0.0195 0.087586289210147827
0.018500000000000003 -0.0195 0.048325989636824905
0.019000000000000003 -0.0195 0.026299679667131114
0.019500000000000003 -0.0195 0.01412588145571583
0.019999999999999997 -0.0195 0.007489778786577612
0.020499999999999997 -0.0195 0.0039193620916101587
0.021000000000000005 -0.0195 0.0020229340509869257
0.021500000000000005 -0.0195 0.0010288380905395559
0.021999999999999999 -0.0195 0.00051497312263854814
0.022499999999999999 -0.0195 0.00025334250560434961
0.023000000000000007 -0.0195 0.000122324867319392
0.023500000000000007 -0.0195 5.7892193370121707e-05
0.024 -0.0195 2.6821412516828181e-05
0.024500000000000001 -0.0195 1.2151062912563681e-05
0.025000000000000001 -0.0195 5.377683180456631e-06
-0.025000000000000001 -0.019 1.1075037852614387e-05
-0.024500000000000001 -0.019 2.4934525925347393e-05
-0.024 -0.019 5.4795653693931443e-05
-0.0235 -0.019 0.00011763596556301926
-0.023 -0.019 0.00024694813383681412
-0.022500000000000003 -0.019 0.00050749102063959843
-0.022000000000000002 -0.019 0.0010222335066180466
-0.021500000000000002 -0.019 0.0020209503264197351
-0.021000000000000001 -0.019 0.0039268811449804097
-0.020500000000000001 -0.019 0.0075095304963910302
-0.02 -0.019 0.014150689184860543
-0.0195 -0.019 0.0263004574539921
-0.019 -0.019 0.04824398293097542
-0.018500000000000003 -0.019 0.087360036767888088
-0.018000000000000002 -0.019 0.15612760819643587
-0.017500000000000002 -0.019 0.27521623479262836
-0.017000000000000001 -0.019 0.47805609132180732
-0.016500000000000001 -0.019 0.81728321620743583
-0.016 -0.019 1.3733334364880179
-0.0155 -0.019 2.2651447345260336
-0.015000000000000001 -0.019 3.6623612449289618
-0.014500000000000001 -0.019 5.7975973109659433
-0.014 -0.019 8.9762921710901793
-0.0135 -0.019 13.580672567609808
-0.012999999999999999 -0.019 20.06369812139879
-0.012500000000000001 -0.019 28.929060279782306
-0.012 -0.019 40.694807544611024
-0.0115 -0.019 55.841259942934748
-0.010999999999999999 -0.019 74.748428513534719
-0.010499999999999999 -0.019 97.633450511203677
-0.010000000000000002 -0.019 124.50322370395834
-0.0095000000000000015 -0.019 155.13964570582579
-0.0090000000000000011 -0.019 189.13279406238956
-0.0085000000000000006 -0.019 225.96982101887016
-0.0080000000000000002 -0.019 265.17442708079841
-0.0074999999999999997 -0.019 306.47548877346242
-0.0069999999999999993 -0.019 349.96754771818496
-0.0064999999999999988 -0.019 396.21540672436998
-0.0059999999999999984 -0.019 446.25493015777266
-0.0054999999999999979 -0.019 501.45550652981535
-0.005000000000000001 -0.019 563.2364642086884
-0.0044999999999999971 -0.019 632.66590585942731
-0.0040000000000000001 -0.019 710.00798384491452
-0.0035000000000000031 -0.019 794.31335934264905
-0.0029999999999999992 -0.019 883.15764527944043
-0.0025000000000000022 -0.019 972.61766770523627
-0.0019999999999999983 -0.019 1057.53506909779
-0.0015000000000000013 -0.019 1132.0579510125062
-0.00099999999999999742 -0.019 1190.3869400528777
-0.00050000000000000044 -0.019 1227.5984447500975
0 -0.019 1240.3898801534272
0.00050000000000000044 -0.019 1227.5984447337364
0.0010000000000000009 -0.019 1190.3869400142528
0.0015000000000000013 -0.019 1132.0579509384643
0.0020000000000000018 -0.019 1057.5350689651377
0.0024999999999999988 -0.019 972.61766747641161
0.0030000000000000027 -0.019 883.15764489653566
0.0034999999999999996 -0.019 794.31335871990143
0.0040000000000000036 -0.019 710.00798286001327
0.0045000000000000005 -0.019 632.66590434451405
0.0049999999999999975 -0.019 563.23646194240791
0.0055000000000000014 -0.019 501.45550323239183
0.0059999999999999984 -0.019 446.2549254914851
0.0064999999999999988 -0.019 396.21540030186424
0.0069999999999999993 -0.019 349.96753912065429
0.0074999999999999997 -0.019 306.47547757961928
0.0080000000000000002 -0.019 265.17441290586669
0.0085000000000000006 -0.019 225.96980356068917
0.0090000000000000011 -0.019 189.13277314953731
0.0095000000000000015 -0.019 155.13962134097153
0.010000000000000002 -0.019 124.50319609496142
0.010500000000000002 -0.019 97.633420083182756
0.011000000000000003 -0.019 74.748395897358549
0.011500000000000003 -0.019 55.841225939041244
0.012000000000000004 -0.019 40.694773065146343
0.012499999999999997 -0.019 28.929026275889015
0.013000000000000005 -0.019 20.06366550522273
0.013499999999999998 -0.019 13.580642139589143
0.014000000000000005 -0.019 8.9762645620932275
0.014499999999999999 -0.019 5.797572946111698
0.014999999999999999 -0.019 3.6623403320765751
0.0155 -0.019 2.2651272763450843
0.016000000000000007 -0.019 1.373319261556357
0.016500000000000001 -0.019 0.81727202236419316
0.017000000000000001 -0.019 0.47804749379116246
0.017500000000000002 -0.019 0.27520981228677693
0.017999999999999995 -0.019 0.15612294190833545
0.018500000000000003 -0.019 0.08735673934343699
0.019000000000000003 -0.019 0.048241716646502376
0.019500000000000003 -0.019 0.026298942532046322
0.019999999999999997 -0.019 0.014149704261688746
0.020499999999999997 -0.019 0.0075089076933600504
0.021000000000000005 -0.019 0.0039264981127279889
0.021500000000000005 -0.019 0.002020721209988724
0.021999999999999999 -0.019 0.0010221002117616206
0.022499999999999999 -0.019 0.00050741559711712321
0.023000000000000007 -0.019 0.00024690662538878782
0.023500000000000007 -0.019 0.00011761374769183283
0.024 -0.019 5.4784087122142158e-05
0.024500000000000001 -0.019 2.4928669358087952e-05
0.025000000000000001 -0.019 1.1072153702390779e-05
-0.025000000000000001 -0.018500000000000003 2.2244142718757425e-05
-0.024500000000000001 -0.018500000000000003 4.99363298227219e-05
-0.024 -0.018500000000000003 0.00010934671060328194
-0.0235 -0.018500000000000003 0.00023371368472869687
-0.023 -0.018500000000000003 0.00048799095669401594
-0.022500000000000003 -0.018500000000000003 0.00099634836401428159
-0.022000000000000002 -0.018500000000000003 0.0019914427433622732
-0.021500000000000002 -0.018500000000000003 0.0039014295588532611
-0.021000000000000001 -0.018500000000000003 0.0075017695153951581
-0.020500000000000001 -0.018500000000000003 0.01417720198833557
-0.02 -0.018500000000000003 0.026368814233642793
-0.0195 -0.018500000000000003 0.048327121310029891
-0.019 -0.018500000000000003 0.087360036767887991
-0.018500000000000003 -0.018500000000000003 0.15585822956990728
-0.018000000000000002 -0.018500000000000003 0.27449708311630017
-0.017500000000000002 -0.018500000000000003 0.47713880481965054
-0.017000000000000001 -0.018500000000000003 0.81805338468813515
-0.016500000000000001 -0.018500000000000003 1.382077651084763
-0.016 -0.018500000000000003 2.298142382593213
-0.0155 -0.018500000000000003 3.7561053031119487
-0.015000000000000001 -0.018500000000000003 6.0259344483687647
-0.014500000000000001 -0.018500000000000003 9.4769638108643282
-0.014 -0.018500000000000003 14.593305884698921
-0.0135 -0.018500000000000003 21.97987848745985
-0.012999999999999999 -0.018500000000000003 32.352447952143365
-0.012500000000000001 -0.018500000000000003 46.505349437626847
-0.012 -0.018500000000000003 65.252865042668247
-0.0115 -0.018500000000000003 89.345082423651093
-0.010999999999999999 -0.018500000000000003 119.36624193793548
-0.010499999999999999 -0.018500000000000003 155.6319945701228
-0.010000000000000002 -0.018500000000000003 198.10950550090431
-0.0095000000000000015 -0.018500000000000003 246.38808319421702
-0.0090000000000000011 -0.018500000000000003 299.7250915666541
-0.0085000000000000006 -0.018500000000000003 357.1804093096286
-0.0080000000000000002 -0.018500000000000003 417.83281654948178
-0.0074999999999999997 -0.018500000000000003 481.04642923459033
-0.0069999999999999993 -0.018500000000000003 546.73051464491482
-0.0064999999999999988 -0.018500000000000003 615.51938664137731
-0.0059999999999999984 -0.018500000000000003 688.79814558620876
-0.0054999999999999979 -0.018500000000000003 768.5197112581269
-0.005000000000000001 -0.018500000000000003 856.79886508334801
-0.0044999999999999971 -0.018500000000000003 955.32360889901713
-0.0040000000000000001 -0.018500000000000003 1064.6810137232546
-0.0035000000000000031 -0.018500000000000003 1183.7384568549421
-0.0029999999999999992 -0.018500000000000003 1309.2369576302763
-0.0025000000000000022 -0.018500000000000003 1435.7317076005895
-0.0019999999999999983 -0.018500000000000003 1555.9554003620387
-0.0015000000000000013 -0.018500000000000003 1661.5928209583374
-0.00099999999999999742 -0.018500000000000003 1744.3597612500421
-0.00050000000000000044 -0.018500000000000003 1797.1997211832993
0 -0.018500000000000003 1815.3701494233471
0.00050000000000000044 -0.018500000000000003 1797.1997211369326
0.0010000000000000009 -0.018500000000000003 1744.359761140583
0.0015000000000000013 -0.018500000000000003 1661.5928207485072
0.0020000000000000018 -0.018500000000000003 1555.9553999861118
0.0024999999999999988 -0.018500000000000003 1435.7317069521148
0.0030000000000000027 -0.018500000000000003 1309.23695654515
0.0034999999999999996 -0.018500000000000003 1183.7384550901143
0.0040000000000000036 -0.018500000000000003 1064.6810109321088
0.0045000000000000005 -0.018500000000000003 955.32360460584982
0.0049999999999999975 -0.018500000000000003 856.7988586608526
0.0055000000000000014 -0.018500000000000003 768.51970191343867
0.0059999999999999984 -0.018500000000000003 688.79813236224663
0.0064999999999999988 -0.018500000000000003 615.51936844040517
0.0069999999999999993 -0.018500000000000003 546.73049028006074
0.0074999999999999997 -0.018500000000000003 481.04639751195197
0.0080000000000000002 -0.018500000000000003 417.83277637862858
0.0085000000000000006 -0.018500000000000003 357.18035983425591
0.0090000000000000011 -0.018500000000000003 299.72503230096271
0.0095000000000000015 -0.018500000000000003 246.3880141457719
0.010000000000000002 -0.018500000000000003 198.10942725876558
0.010500000000000002 -0.018500000000000003 155.63190833904986
0.011000000000000003 -0.018500000000000003 119.36614950576988
0.011500000000000003 -0.018500000000000003 89.344986058782894
0.012000000000000004 -0.018500000000000003 65.252767330061573
0.012499999999999997 -0.018500000000000003 46.505253072759004
0.013000000000000005 -0.018500000000000003 32.352355519977884
0.013499999999999998 -0.018500000000000003 21.979792256387309
0.014000000000000005 -0.018500000000000003 14.593227642560102
0.014499999999999999 -0.018500000000000003 9.4768947624192457
0.014999999999999999 -0.018500000000000003 6.0258751826770913
0.0155 -0.018500000000000003 3.7560558277390932
0.016000000000000007 -0.018500000000000003 2.2981022117397347
0.016500000000000001 -0.018500000000000003 1.3820459284459761
0.017000000000000001 -0.018500000000000003 0.81802901983388532
0.017500000000000002 -0.018500000000000003 0.47712060384713223
0.017999999999999995 -0.018500000000000003 0.27448385915302898
0.018500000000000003 -0.018500000000000003 0.15584888487903334
0.019000000000000003 -0.018500000000000003 0.087353614262036472
0.019500000000000003 -0.018500000000000003 0.048322828117724606
0.019999999999999997 -0.018500000000000003 0.026366023024105859
0.020499999999999997 -0.018500000000000003 0.014175437004213495
0.021000000000000005 -0.018500000000000003 0.0075006840263879887
0.021500000000000005 -0.018500000000000003 0.0039007802574807164
0.021999999999999999 -0.018500000000000003 0.0019910649942290119
0.022499999999999999 -0.018500000000000003 0.00099613461855547689
0.023000000000000007 -0.018500000000000003 0.00048787332439607781
0.023500000000000007 -0.018500000000000003 0.00023365072069686358
0.024 -0.018500000000000003 0.00010931393167553299
0.024500000000000001 -0.018500000000000003 4.9919732684126689e-05
0.025000000000000001 -0.018500000000000003 2.2235969220721689e-05
-0.025000000000000001 -0.018000000000000002 4.3555514183329214e-05
-0.024500000000000001 -0.018000000000000002 9.7552000408226191e-05
-0.024 -0.018000000000000002 0.00021299489116052673
-0.0235 -0.018000000000000002 0.00045361838968046322
-0.023 -0.018000000000000002 0.00094297832433585789
-0.022500000000000003 -0.018000000000000002 0.0019149711412899827
-0.022000000000000002 -0.018000000000000002 0.0038027239958682976
-0.021500000000000002 -0.018000000000000002 0.0073923886257681072
-0.021000000000000001 -0.018000000000000002 0.014085567863438789
-0.020500000000000001 -0.018000000000000002 0.026341967966413304
-0.02 -0.018000000000000002 0.048418271995342696
-0.0195 -0.018000000000000002 0.087587890676166805
-0.019 -0.018000000000000002 0.15612760819643554
-0.018500000000000003 -0.018000000000000002 0.27449708311629989
-0.018000000000000002 -0.018000000000000002 0.47631248682123112
-0.017500000000000002 -0.018000000000000002 0.81590365454112412
-0.017000000000000001 -0.018000000000000002 1.3793899271504035
-0.016500000000000001 -0.018000000000000002 2.3002141105448142
-0.016 -0.018000000000000002 3.7797905866284491
-0.0155 -0.018000000000000002 6.1131773320899754
-0.015000000000000001 -0.018000000000000002 9.7183172317357851
-0.014500000000000001 -0.018000000000000002 15.165362115738928
-0.014 -0.018000000000000002 23.200061779975769
-0.0135 -0.018000000000000002 34.752662321634894
-0.012999999999999999 -0.018000000000000002 50.922074470954335
-0.012500000000000001 -0.018000000000000002 72.925388152243457
-0.012 -0.018000000000000002 102.00628678752787
-0.0115 -0.018000000000000002 139.30328587437791
-0.010999999999999999 -0.018000000000000002 185.68974257064744
-0.010499999999999999 -0.018000000000000002 241.6105809304261
-0.010000000000000002 -0.018000000000000002 306.95241386883981
-0.0095000000000000015 -0.018000000000000002 380.98984342096423
-0.0090000000000000011 -0.018000000000000002 462.44674172726604
-0.0085000000000000006 -0.018000000000000002 549.69431122350056
-0.0080000000000000002 -0.018000000000000002 641.07790120269158
-0.0074999999999999997 -0.018000000000000002 735.32641172746844
-0.0069999999999999993 -0.018000000000000002 831.9604149877548
-0.0064999999999999988 -0.018000000000000002 931.58939192716866
-0.0059999999999999984 -0.018000000000000002 1035.9860381514825
-0.0054999999999999979 -0.018000000000000002 1147.8538091451094
-0.005000000000000001 -0.018000000000000002 1270.2627414296217
-0.0044999999999999971 -0.018000000000000002 1405.8088560015601
-0.0040000000000000001 -0.018000000000000002 1555.636355050091
-0.0035000000000000031 -0.018000000000000002 1718.5266955265902
-0.0029999999999999992 -0.018000000000000002 1890.2828268292483
-0.0025000000000000022 -0.018000000000000002 2063.6065465389902
-0.0019999999999999983 -0.018000000000000002 2228.5814512439329
-0.0015000000000000013 -0.018000000000000002 2373.7482390510713
-0.00099999999999999742 -0.018000000000000002 2487.6213170286414
-0.00050000000000000044 -0.018000000000000002 2560.380547136615
0 -0.018000000000000002 2585.4114277278659
0.00050000000000000044 -0.018000000000000002 2560.3805470088141
0.0010000000000000009 -0.018000000000000002 2487.6213167269402
0.0015000000000000013 -0.018000000000000002 2373.7482384727155
0.0020000000000000018 -0.018000000000000002 2228.5814502077678
0.0024999999999999988 -0.018000000000000002 2063.6065447515989
0.0030000000000000027 -0.018000000000000002 1890.282823838317
0.0034999999999999996 -0.018000000000000002 1718.5266906621962
0.0040000000000000036 -0.018000000000000002 1555.6363473568597
0.0045000000000000005 -0.018000000000000002 1405.808844168309
0.0049999999999999975 -0.018000000000000002 1270.2627237273034
0.0055000000000000014 -0.018000000000000002 1147.8537833883559
0.0059999999999999984 -0.018000000000000002 1035.9860017022875
0.0064999999999999988 -0.018000000000000002 931.58934175984496
0.0069999999999999993 -0.018000000000000002 831.96034783092841
0.0074999999999999997 -0.018000000000000002 735.32632429038654
0.0080000000000000002 -0.018000000000000002 641.07779047980318
0.0085000000000000006 -0.018000000000000002 549.69417485457336
0.0090000000000000011 -0.018000000000000002 462.446578373291
0.0095000000000000015 -0.018000000000000002 380.98965310279436
0.010000000000000002 -0.018000000000000002 306.95219821010005
0.010500000000000002 -0.018000000000000002 241.61034325179452
0.011000000000000003 -0.018000000000000002 185.68948779994915
0.011500000000000003 -0.018000000000000002 139.30302026397499
0.012000000000000004 -0.018000000000000002 102.00601746235429
0.012499999999999997 -0.018000000000000002 72.92512254184102
0.013000000000000005 -0.018000000000000002 50.921819700256236
0.013499999999999998 -0.018000000000000002 34.752424643003721
0.014000000000000005 -0.018000000000000002 23.199846121235851
0.014499999999999999 -0.018000000000000002 15.165171797569057
0.014999999999999999 -0.018000000000000002 9.7181538777607575
0.0155 -0.018000000000000002 6.1130409631622848
0.016000000000000007 -0.018000000000000002 3.7796798637395397
0.016500000000000001 -0.018000000000000002 2.3001266734627892
0.017000000000000001 -0.018000000000000002 1.3793227703235691
0.017500000000000002 -0.018000000000000002 0.81585348721621187
0.017999999999999995 -0.018000000000000002 0.47627603762262699
0.018500000000000003 -0.018000000000000002 0.27447132635287408
0.019000000000000003 -0.018000000000000002 0.15610990584907597
0.019500000000000003 -0.018000000000000002 0.08757605735390489
0.019999999999999997 -0.018000000000000002 0.048410578586894314
0.020499999999999997 -0.018000000000000002 0.026337103142194167
0.021000000000000005 -0.018000000000000002 0.014082575931021088
0.021500000000000005 -0.018000000000000002 0.0073905989569528936
0.021999999999999999 -0.018000000000000002 0.0038016828062568597
0.022499999999999999 -0.018000000000000002 0.0019143819948655326
0.023000000000000007 -0.018000000000000002 0.00094265409453413314
0.023500000000000007 -0.018000000000000002 0.00045344484197362402
0.024 -0.018000000000000002 0.00021290454263013782
0.024500000000000001 -0.018000000000000002 9.7506253729378068e-05
0.025000000000000001 -0.018000000000000002 4.3532985577716759e-05
-0.025000000000000001 -0.017500000000000002 8.3105936091908521e-05
-0.024500000000000001 -0.017500000000000002 0.0001857880988620469
-0.024 -0.017500000000000002 0.00040470763558941712
-0.0235 -0.017500000000000002 0.00085941970094578128
-0.023 -0.017500000000000002 0.0017801559744243464
-0.022500000000000003 -0.017500000000000002 0.0035991566566568999
-0.022000000000000002 -0.017500000000000002 0.0071087498912153118
-0.021500000000000002 -0.017500000000000002 0.013729606020878563
-0.021000000000000001 -0.017500000000000002 0.025958562197037658
-0.020500000000000001 -0.017500000000000002 0.048106426748793868
-0.02 -0.017500000000000002 0.087500435864009962
-0.0195 -0.017500000000000002 0.15642457690555645
-0.019 -0.017500000000000002 0.27521623479262713
-0.018500000000000003 -0.017500000000000002 0.47713880481964899
-0.018000000000000002 -0.017500000000000002 0.81590365454112324
-0.017500000000000002 -0.017500000000000002 1.3769897289471182
-0.017000000000000001 -0.017500000000000002 2.2941259694199396
-0.016500000000000001 -0.017500000000000002 3.7723150371086227
-0.016 -0.017500000000000002 6.1183693997254416
-0.0155 -0.017500000000000002 9.778838529390713
-0.015000000000000001 -0.017500000000000002 15.383190005208618
-0.014500000000000001 -0.017500000000000002 23.787082378589719
-0.014 -0.017500000000000002 36.106771395868364
-0.0135 -0.017500000000000002 53.731846989245014
-0.012999999999999999 -0.017500000000000002 78.300887482296986
-0.012500000000000001 -0.017500000000000002 111.62495750958297
-0.012 -0.017500000000000002 155.54892735193377
-0.0115 -0.017500000000000002 211.75148678811618
-0.010999999999999999 -0.017500000000000002 281.50115537301861
-0.010499999999999999 -0.017500000000000002 365.40510655398549
-0.010000000000000002 -0.017500000000000002 463.20544066738779
-0.0095000000000000015 -0.017500000000000002 573.68716232928568
-0.0090000000000000011 -0.017500000000000002 694.75690948296017
-0.0085000000000000006 -0.017500000000000002 823.72700538524396
-0.0080000000000000002 -0.017500000000000002 957.79586428052653
-0.0074999999999999997 -0.017500000000000002 1094.659691948824
-0.0069999999999999993 -0.017500000000000002 1233.134591893727
-0.0064999999999999988 -0.017500000000000002 1373.6294632783174
-0.0059999999999999984 -0.017500000000000002 1518.3050007949134
-0.0054999999999999979 -0.017500000000000002 1670.7934559519531
-0.005000000000000001 -0.017500000000000002 1835.4376440598496
-0.0044999999999999971 -0.017500000000000002 2016.1226784730486
-0.0040000000000000001 -0.017500000000000002 2214.8945490431133
-0.0035000000000000031 -0.017500000000000002 2430.6534578560222
-0.0029999999999999992 -0.017500000000000002 2658.2458962958553
-0.0025000000000000022 -0.017500000000000002 2888.2380925541243
-0.0019999999999999983 -0.017500000000000002 3107.5338834869872
-0.0015000000000000013 -0.017500000000000002 3300.8234297841968
-0.00099999999999999742 -0.017500000000000002 3452.6553064640616
-0.00050000000000000044 -0.017500000000000002 3549.7623467742137
0 -0.017500000000000002 3583.1860157977885
0.00050000000000000044 -0.017500000000000002 3549.7623464316052
0.0010000000000000009 -0.017500000000000002 3452.6553056552625
0.0015000000000000013 -0.017500000000000002 3300.8234282337462
0.0020000000000000018 -0.017500000000000002 3107.5338807092503
0.0024999999999999988 -0.017500000000000002 2888.2380877625064
0.0030000000000000027 -0.017500000000000002 2658.2458882778033
0.0034999999999999996 -0.017500000000000002 2430.6534448156094
0.0040000000000000036 -0.017500000000000002 2214.8945284191873
0.0045000000000000005 -0.017500000000000002 2016.1226467506026
0.0049999999999999975 -0.017500000000000002 1835.4375966036719
0.0055000000000000014 -0.017500000000000002 1670.7933869035364
0.0059999999999999984 -0.017500000000000002 1518.3049030823179
0.0064999999999999988 -0.017500000000000002 1373.6293287903147
0.0069999999999999993 -0.017500000000000002 1233.1344118604534
0.0074999999999999997 -0.017500000000000002 1094.6594575484671
0.0080000000000000002 -0.017500000000000002 957.79556745583716
0.0085000000000000006 -0.017500000000000002 823.72663980893867
0.0090000000000000011 -0.017500000000000002 694.75647156543994
0.0095000000000000015 -0.017500000000000002 573.6866521264518
0.010000000000000002 -0.017500000000000002 463.20486253183537
0.010500000000000002 -0.017500000000000002 365.4044693877521
0.011000000000000003 -0.017500000000000002 281.50047238656282
0.011500000000000003 -0.017500000000000002 211.7507747427008
0.012000000000000004 -0.017500000000000002 155.5482053480026
0.012499999999999997 -0.017500000000000002 111.62424546416833
0.013000000000000005 -0.017500000000000002 78.30020449584174
0.013499999999999998 -0.017500000000000002 53.731209823012449
0.014000000000000005 -0.017500000000000002 36.106193260315656
0.014499999999999999 -0.017500000000000002 23.786572175755413
0.014999999999999999 -0.017500000000000002 15.382752087688134
0.0155 -0.017500000000000002 9.7784729530851671
0.016000000000000007 -0.017500000000000002 6.118072575035626
0.016500000000000001 -0.017500000000000002 3.7720806367510282
0.017000000000000001 -0.017500000000000002 2.2939459361450356
0.017500000000000002 -0.017500000000000002 1.3768552409401262
0.017999999999999995 -0.017500000000000002 0.81580594193464961
0.018500000000000003 -0.017500000000000002 0.47706975637455568
0.019000000000000003 -0.017500000000000002 0.27516877853659599
0.019500000000000003 -0.017500000000000002 0.15639285426676985
0.019999999999999997 -0.017500000000000002 0.087479811460156959
0.020499999999999997 -0.017500000000000002 0.048093385182101878
0.021000000000000005 -0.017500000000000002 0.025950541457869049
0.021500000000000005 -0.017500000000000002 0.01372480829661174
0.021999999999999999 -0.017500000000000002 0.0071059586816782684
0.022499999999999999 -0.017500000000000002 0.0035975772794708616
0.023000000000000007 -0.017500000000000002 0.0017792867827758571
0.023500000000000007 -0.017500000000000002 0.00085895445618235458
0.024 -0.017500000000000002 0.00040446543025341326
0.024500000000000001 -0.017500000000000002 0.00018566546167388595
0.025000000000000001 -0.017500000000000002 8.3045541656398e-05
-0.025000000000000001 -0.017000000000000001 0.00015446440655576666
-0.024500000000000001 -0.017000000000000001 0.00034480074238756031
-0.024 -0.017000000000000001 0.00074969102149610072
-0.0235 -0.017000000000000001 0.0015883078858841525
-0.023 -0.017000000000000001 0.0032804091738228552
-0.022500000000000003 -0.017000000000000001 0.0066086184687065824
-0.022000000000000002 -0.017000000000000001 0.012995222884066808
-0.021500000000000002 -0.017000000000000001 0.02496358704950272
-0.021000000000000001 -0.017000000000000001 0.046892457748169789
-0.020500000000000001 -0.017000000000000001 0.086229746497648835
-0.02 -0.017000000000000001 0.15542165883289022
-0.0195 -0.017000000000000001 0.27494833038561417
-0.019 -0.017000000000000001 0.47805609132180538
-0.018500000000000003 -0.017000000000000001 0.81805338468813305
-0.018000000000000002 -0.017000000000000001 1.3793899271504022
-0.017500000000000002 -0.017000000000000001 2.2941259694199392
-0.017000000000000001 -0.017000000000000001 3.7657114508000413
-0.016500000000000001 -0.017000000000000001 6.1020278156245134
-0.016 -0.017000000000000001 9.7590855862072363
-0.0155 -0.017000000000000001 15.39523159012848
-0.015000000000000001 -0.017000000000000001 23.932842631122309
-0.014500000000000001 -0.017000000000000001 36.620123394090719
-0.014 -0.017000000000000001 55.0801056272838
-0.0135 -0.017000000000000001 81.328291015865673
-0.012999999999999999 -0.017000000000000001 117.73644155066498
-0.012500000000000001 -0.017000000000000001 166.92030425942693
-0.012 -0.017000000000000001 231.5361564366778
-0.0115 -0.017000000000000001 313.98668332307221
-0.010999999999999999 -0.017000000000000001 416.06048400626878
-0.010499999999999999 -0.017000000000000001 538.5579759856173
-0.010000000000000002 -0.017000000000000001 680.98275790108323
-0.0095000000000000015 -0.017000000000000001 841.39219518618711
-0.0090000000000000011 -0.017000000000000001 1016.4944763973508
-0.0085000000000000006 -0.017000000000000001 1202.0451281570099
-0.0080000000000000002 -0.017000000000000001 1393.5341075673446
-0.0074999999999999997 -0.017000000000000001 1587.0743045953802
-0.0069999999999999993 -0.017000000000000001 1780.321797915705
-0.0064999999999999988 -0.017000000000000001 1973.2015102010598
-0.0059999999999999984 -0.017000000000000001 2168.2025645281064
-0.0054999999999999979 -0.017000000000000001 2370.0610146082745
-0.005000000000000001 -0.017000000000000001 2584.7638818557789
-0.0044999999999999971 -0.017000000000000001 2817.9689437537809
-0.0040000000000000001 -0.017000000000000001 3073.1037261754677
-0.0035000000000000031 -0.017000000000000001 3349.5393092568784
-0.0029999999999999992 -0.017000000000000001 3641.2868937184085
-0.0025000000000000022 -0.017000000000000001 3936.6103152854994
-0.0019999999999999983 -0.017000000000000001 4218.7848276728082
-0.0015000000000000013 -0.017000000000000001 4467.9907760331535
-0.00099999999999999742 -0.017000000000000001 4664.0650732288914
-0.00050000000000000044 -0.017000000000000001 4789.6109034010706
0 -0.017000000000000001 4832.8481470286197
0.00050000000000000044 -0.017000000000000001 4789.6109025077731
0.0010000000000000009 -0.017000000000000001 4664.0650711200733
0.0015000000000000013 -0.017000000000000001 4467.9907719905896
0.0020000000000000018 -0.017000000000000001 4218.7848204302882
0.0024999999999999988 -0.017000000000000001 3936.6103027920872
0.0030000000000000027 -0.017000000000000001 3641.2868728125677
0.0034999999999999996 -0.017000000000000001 3349.5392752559919
0.0040000000000000036 -0.017000000000000001 3073.1036724017345
0.0045000000000000005 -0.017000000000000001 2817.9688610423509
0.0049999999999999975 -0.017000000000000001 2584.7637581210415
0.0055000000000000014 -0.017000000000000001 2370.0608345750743
0.0059999999999999984 -0.017000000000000001 2168.2023097574365
0.0064999999999999988 -0.017000000000000001 1973.2011595441311
0.0069999999999999993 -0.017000000000000001 1780.3213285064401
0.0074999999999999997 -0.017000000000000001 1587.0736934322483
0.0080000000000000002 -0.017000000000000001 1393.5333336423005
0.0085000000000000006 -0.017000000000000001 1202.0441749726274
0.0090000000000000011 -0.017000000000000001 1016.4933345942986
0.0095000000000000015 -0.017000000000000001 841.39086491021897
0.010000000000000002 -0.017000000000000001 680.98125050092813
0.010500000000000002 -0.017000000000000001 538.55631467197827
0.011000000000000003 -0.017000000000000001 416.05870322339797
0.011500000000000003 -0.017000000000000001 313.98482677340166
0.012000000000000004 -0.017000000000000001 231.5342739216982
0.012499999999999997 -0.017000000000000001 166.9184477097574
0.013000000000000005 -0.017000000000000001 117.73466076779467
0.013499999999999998 -0.017000000000000001 81.326629702227748
0.014000000000000005 -0.017000000000000001 55.078598227128332
0.014499999999999999 -0.017000000000000001 36.618793118122824
0.014999999999999999 -0.017000000000000001 23.931700828070216
0.0155 -0.017000000000000001 15.394278405745753
0.016000000000000007 -0.017000000000000001 9.7583116611622422
0.016500000000000001 -0.017000000000000001 6.101416652491741
0.017000000000000001 -0.017000000000000001 3.7652420415319683
0.017500000000000002 -0.017000000000000001 2.2937753124818836
0.017999999999999995 -0.017000000000000001 1.3791351564525323
0.018500000000000003 -0.017000000000000001 0.81787335141322826
0.019000000000000003 -0.017000000000000001 0.4779323563821356
0.019500000000000003 -0.017000000000000001 0.27486561844993501
0.019999999999999997 -0.017000000000000001 0.15536788384978109
0.020499999999999997 -0.017000000000000001 0.08619574260432035
0.021000000000000005 -0.017000000000000001 0.046871544895784566
0.021500000000000005 -0.017000000000000001 0.024951077716227142
0.021999999999999999 -0.017000000000000001 0.012987945231496606
0.022499999999999999 -0.017000000000000001 0.006604500483910189
0.023000000000000007 -0.017000000000000001 0.0032781428893499127
0.023500000000000007 -0.017000000000000001 0.0015870948312197394
0.024 -0.017000000000000001 0.00074905950807417643
0.024500000000000001 -0.017000000000000001 0.00034448098464964614
0.025000000000000001 -0.017000000000000001 0.00015430693728913657
-0.025000000000000001 -0.016500000000000001 0.00027958548064068996
-0.024500000000000001 -0.016500000000000001 0.00062335573171876449
-0.024 -0.016500000000000001 0.0013533213909290567
-0.0235 -0.016500000000000001 0.0028618122082112599
-0.023 -0.016500000000000001 0.0058968536707830407
-0.022500000000000003 -0.016500000000000001 0.011845167507973545
-0.022000000000000002 -0.016500000000000001 0.023208764739078562
-0.021500000000000002 -0.016500000000000001 0.044386797109739265
-0.021000000000000001 -0.016500000000000001 0.082928979705407052
-0.020500000000000001 -0.016500000000000001 0.15150678621853669
-0.02 -0.016500000000000001 0.2709670317347439
-0.0195 -0.016500000000000001 0.47500880748360136
-0.019 -0.016500000000000001 0.81728321620743227
-0.018500000000000003 -0.016500000000000001 1.3820776510847579
-0.018000000000000002 -0.016500000000000001 2.300214110544808
-0.017500000000000002 -0.016500000000000001 3.7723150371086214
-0.017000000000000001 -0.016500000000000001 6.1020278156245062
-0.016500000000000001 -0.016500000000000001 9.7418711990460203
-0.016 -0.016500000000000001 15.353638257184739
-0.0155 -0.016500000000000001 23.883210323729312
-0.015000000000000001 -0.016500000000000001 36.645679472255487
-0.014500000000000001 -0.016500000000000001 55.410605234864114
-0.014 -0.016500000000000001 82.469452187117398
-0.0135 -0.016500000000000001 120.65917835348091
-0.012999999999999999 -0.016500000000000001 173.31016038089999
-0.012500000000000001 -0.016500000000000001 244.08670277833153
-0.012 -0.016500000000000001 336.69800984015234
-0.0115 -0.016500000000000001 454.47922043764328
-0.010999999999999999 -0.016500000000000001 599.87553044149854
-0.010499999999999999 -0.016500000000000001 773.90279335851164
-0.010000000000000002 -0.016500000000000001 975.69569064033044
-0.0095000000000000015 -0.016500000000000001 1202.2763736572217
-0.0090000000000000011 -0.016500000000000001 1448.6687549173525
-0.0085000000000000006 -0.016500000000000001 1708.437028120291
-0.0080000000000000002 -0.016500000000000001 1974.6414693615745
-0.0074999999999999997 -0.016500000000000001 2241.0927223449321
-0.0069999999999999993 -0.016500000000000001 2503.6728170747019
-0.0064999999999999988 -0.016500000000000001 2761.4104049461271
-0.0059999999999999984 -0.016500000000000001 3016.9818194691215
-0.0054999999999999979 -0.016500000000000001 3276.3799484707938
-0.005000000000000001 -0.016500000000000001 3547.649934827934
-0.0044999999999999971 -0.016500000000000001 3838.8089821233316
-0.0040000000000000001 -0.016500000000000001 4155.2982506118387
-0.0035000000000000031 -0.016500000000000001 4497.4962814503879
-0.0029999999999999992 -0.016500000000000001 4858.8973212155879
-0.0025000000000000022 -0.016500000000000001 5225.4875202123449
-0.0019999999999999983 -0.016500000000000001 5576.6359912409362
-0.0015000000000000013 -0.016500000000000001 5887.4955999852591
-0.00099999999999999742 -0.016500000000000001 6132.5536638956601
-0.00050000000000000044 -0.016500000000000001 6289.675358885047
0 -0.016500000000000001 6343.8243379689648
0.00050000000000000044 -0.016500000000000001 6289.6753566197185
0.0010000000000000009 -0.016500000000000001 6132.5536585478749
0.0015000000000000013 -0.016500000000000001 5887.495589733654
0.0020000000000000018 -0.016500000000000001 5576.6359728745074
0.0024999999999999988 -0.016500000000000001 5225.4874885300778
0.0030000000000000027 -0.016500000000000001 4858.8972682001031
0.0034999999999999996 -0.016500000000000001 4497.4961952269405
0.0040000000000000036 -0.016500000000000001 4155.298114246084
0.0045000000000000005 -0.016500000000000001 3838.8087723739613
0.0049999999999999975 -0.016500000000000001 3547.6496210468285
0.0055000000000000014 -0.016500000000000001 3276.3794919214306
0.0059999999999999984 -0.016500000000000001 3016.9811733916899
0.0064999999999999988 -0.016500000000000001 2761.4095157090424
0.0069999999999999993 -0.016500000000000001 2503.6716266914736
0.0074999999999999997 -0.016500000000000001 2241.0911724855723
0.0080000000000000002 -0.016500000000000001 1974.6395067514106
0.0085000000000000006 -0.016500000000000001 1708.4346109232108
0.0090000000000000011 -0.016500000000000001 1448.6658593988634
0.0095000000000000015 -0.016500000000000001 1202.2730001869425
0.010000000000000002 -0.016500000000000001 975.69186799770239
0.010500000000000002 -0.016500000000000001 773.89858040396746
0.011000000000000003 -0.016500000000000001 599.87101452282366
0.011500000000000003 -0.016500000000000001 454.47451238060506
0.012000000000000004 -0.016500000000000001 336.69323593722874
0.012499999999999997 -0.016500000000000001 244.08199472129468
0.013000000000000005 -0.016500000000000001 173.30564446222556
0.013499999999999998 -0.016500000000000001 120.65496539893829
0.014000000000000005 -0.016500000000000001 82.465629544488749
0.014499999999999999 -0.016500000000000001 55.407231764585013
0.014999999999999999 -0.016500000000000001 36.642783953766248
0.0155 -0.016500000000000001 23.880793126648989
0.016000000000000007 -0.016500000000000001 15.351675647019309
0.016500000000000001 -0.016500000000000001 9.7403213396831472
0.017000000000000001 -0.016500000000000001 6.100837432386176
0.017500000000000002 -0.016500000000000001 3.7714257999975036
0.017999999999999995 -0.016500000000000001 2.2995680330405959
0.018500000000000003 -0.016500000000000001 1.3816211015290332
0.019000000000000003 -0.016500000000000001 0.8169694345925419
0.019500000000000003 -0.016500000000000001 0.47479905682774648
0.019999999999999997 -0.016500000000000001 0.27083066280705165
0.020499999999999997 -0.016500000000000001 0.15142055514597405
0.021000000000000005 -0.016500000000000001 0.082875946434360859
0.021500000000000005 -0.016500000000000001 0.04435507447095282
0.021999999999999999 -0.016500000000000001 0.023190309211624637
0.022499999999999999 -0.016500000000000001 0.011834724637730399
0.023000000000000007 -0.016500000000000001 0.0058911065600347487
0.023500000000000007 -0.016500000000000001 0.0028587360015022698
0.024 -0.016500000000000001 0.001351719924909142
0.024500000000000001 -0.016500000000000001 0.00062254485243402771
0.025000000000000001 -0.016500000000000001 0.00027918615155134228
-0.025000000000000001 -0.016 0.00049272557011660893
-0.024500000000000001 -0.016 0.0010975074279443154
-0.024 -0.016 0.0023798510963500118
-0.0235 -0.016 0.0050250101916495832
-0.023 -0.016 0.010334759865644411
-0.022500000000000003 -0.016 0.02071113244597397
-0.022000000000000002 -0.016 0.040462230794643311
-0.021500000000000002 -0.016 0.077105714147373161
-0.021000000000000001 -0.016 0.1434217428803212
-0.020500000000000001 -0.016 0.26061225446340242
-0.02 -0.016 0.46307203973140199
-0.0195 -0.016 0.80549253991599579
-0.019 -0.016 1.3733334364880101
-0.018500000000000003 -0.016 2.2981423825932028
-0.018000000000000002 -0.016 3.7797905866284403
-0.017500000000000002 -0.016 6.11836939972543
-0.017000000000000001 -0.016 9.7590855862072292
-0.016500000000000001 -0.016 15.353638257184718
-0.016 -0.016 23.840673653243016
-0.0155 -0.016 36.545233632521956
-0.015000000000000001 -0.016 55.291886882686079
-0.014500000000000001 -0.016 82.51807244656743
-0.014 -0.016 121.36357517977225
-0.0135 -0.016 175.70085286375527
-0.012999999999999999 -0.016 250.06265827282468
-0.012500000000000001 -0.016 349.42294203322223
-0.012 -0.016 478.79959293140939
-0.0115 -0.016 642.67680076146451
-0.010999999999999999 -0.016 844.29039485080307
-0.010499999999999999 -0.016 1084.8750914471539
-0.010000000000000002 -0.016 1363.0251385143129
-0.0095000000000000015 -0.016 1674.3512678702405
-0.0090000000000000011 -0.016 2011.6083356107558
-0.0085000000000000006 -0.016 2365.4065055949686
-0.0080000000000000002 -0.016 2725.5038616210231
-0.0074999999999999997 -0.016 3082.5267189250526
-0.0069999999999999993 -0.016 3429.8096275755665
-0.0064999999999999988 -0.016 3764.9351106696204
-0.0059999999999999984 -0.016 4090.5278075229094
-0.0054999999999999979 -0.016 4413.947860421219
-0.005000000000000001 -0.016 4745.7348974962906
-0.0044999999999999971 -0.016 5096.9430580218059
-0.0040000000000000001 -0.016 5475.8143488833603
-0.0035000000000000031 -0.016 5884.4803866590801
-0.0029999999999999992 -0.016 6316.4842674554238
-0.0025000000000000022 -0.016 6755.8264759955591
-0.0019999999999999983 -0.016 7177.9598679374985
-0.0015000000000000013 -0.016 7552.740643652076
-0.00099999999999999742 -0.016 7848.8810160092398
-0.00050000000000000044 -0.016 8039.0620600733746
0 -0.016 8104.6582039374371
0.00050000000000000044 -0.016 8039.0620544860667
0.0010000000000000009 -0.016 7848.8810028192274
0.0015000000000000013 -0.016 7552.740618367061
0.0020000000000000018 -0.016 7177.9598226377193
0.0024999999999999988 -0.016 6755.8263978529931
0.0030000000000000027 -0.016 6316.4841366956589
0.0034999999999999996 -0.016 5884.4801739937038
0.0040000000000000036 -0.016 5475.814012544758
0.0045000000000000005 -0.016 5096.9425406865575
0.0049999999999999975 -0.016 4745.7341235725007
0.0055000000000000014 -0.016 4413.9467343674014
0.0059999999999999984 -0.016 4090.5262140085629
0.0064999999999999988 -0.016 3764.9329174154013
0.0069999999999999993 -0.016 3429.8066915609938
0.0074999999999999997 -0.016 3082.5228962824322
0.0080000000000000002 -0.016 2725.4990209513107
0.0085000000000000006 -0.016 2365.4005437117034
0.0090000000000000011 -0.016 2011.6011939741195
0.0095000000000000015 -0.016 1674.342947391877
0.010000000000000002 -0.016 1363.0157101771263
0.010500000000000002 -0.016 1084.8647004271588
0.011000000000000003 -0.016 844.27925658649099
0.011500000000000003 -0.016 642.66518859847656
0.012000000000000004 -0.016 478.78781836317683
0.012499999999999997 -0.016 349.41132987023701
0.013000000000000005 -0.016 250.05152000851302
0.013499999999999998 -0.016 175.69046184376205
0.014000000000000005 -0.016 121.35414684258581
0.014499999999999999 -0.016 82.509751968204398
0.014999999999999999 -0.016 55.284745246049035
0.0155 -0.016 36.539271749255846
0.016000000000000007 -0.016 23.835832983527592
0.016500000000000001 -0.016 15.349815614556386
0.017000000000000001 -0.016 9.7561495716113651
0.017500000000000002 -0.016 6.1161761454411527
0.017999999999999995 -0.016 3.7781970721018983
0.018500000000000003 -0.016 2.2970163282972655
0.019000000000000003 -0.016 1.3725595114430711
0.019500000000000003 -0.016 0.80497520149317003
0.019999999999999997 -0.016 0.46273569329335495
0.020499999999999997 -0.016 0.26039957027942934
0.021000000000000005 -0.016 0.14329093924259984
0.021500000000000005 -0.016 0.077027472008626321
0.021999999999999999 -0.016 0.040416711254184459
0.022499999999999999 -0.016 0.020685375682547694
0.023000000000000007 -0.016 0.01032058493399427
0.023500000000000007 -0.016 0.0050174228974853635
0.024 -0.016 0.0023759011687487096
0.024500000000000001 -0.016 0.0010955074389165983
0.025000000000000001 -0.016 0.00049174064694471379
-0.025000000000000001 -0.0155 0.00084536395559570707
-0.024500000000000001 -0.0155 0.0018814933032139023
-0.024 -0.0155 0.0040758681030743831
-0.0235 -0.0155 0.008595659477899819
-0.023 -0.0155 0.017651623556217268
-0.022500000000000003 -0.0155 0.035307565597987818
-0.022000000000000002 -0.0155 0.068816432318218212
-0.021500000000000002 -0.0155 0.13075556468236391
-0.021000000000000001 -0.0155 0.24233714744030482
-0.020500000000000001 -0.0155 0.43840189442948191
-0.02 -0.0155 0.77477770793979717
-0.0195 -0.0155 1.3389258127168431
-0.019 -0.0155 2.2651447345260234
-0.018500000000000003 -0.0155 3.7561053031119345
-0.018000000000000002 -0.0155 6.1131773320899629
-0.017500000000000002 -0.0155 9.7788385293906899
-0.017000000000000001 -0.0155 15.39523159012847
-0.016500000000000001 -0.0155 23.883210323729287
-0.016 -0.0155 36.545233632521935
-0.0155 -0.0155 55.192204408085416
-0.015000000000000001 -0.0155 82.287752619604717
-0.014500000000000001 -0.0155 121.09291345949109
-0.014 -0.0155 175.78016348837821
-0.0135 -0.0155 251.47070333995634
-0.012999999999999999 -0.0155 354.13732473443417
-0.012500000000000001 -0.0155 490.31372665475112
-0.012 -0.0155 666.56685229840866
-0.0115 -0.0155 888.72681874953071
-0.010999999999999999 -0.0155 1160.9292215723885
-0.010499999999999999 -0.0155 1484.5989000295178
-0.010000000000000002 -0.0155 1857.575469734521
-0.0095000000000000015 -0.0155 2273.6249438334685
-0.0090000000000000011 -0.0155 2722.5732888474577
-0.0085000000000000006 -0.0155 3191.2190054289963
-0.0080000000000000002 -0.0155 3665.0316343891263
-0.0074999999999999997 -0.0155 4130.4431830715848
-0.0069999999999999993 -0.0155 4577.3344029154568
-0.0064999999999999988 -0.0155 5001.1668482078212
-0.0059999999999999984 -0.0155 5404.1730597017149
-0.0054999999999999979 -0.0155 5795.1293729496592
-0.005000000000000001 -0.0155 6187.5002142072908
-0.0044999999999999971 -0.0155 6596.1156836521359
-0.0040000000000000001 -0.0155 7032.941801897915
-0.0035000000000000031 -0.0155 7502.8192725622202
-0.0029999999999999992 -0.0155 8000.1827906602448
-0.0025000000000000022 -0.0155 8507.6666516335554
-0.0019999999999999983 -0.0155 8997.1518498484384
-0.0015000000000000013 -0.0155 9433.2812546792193
-0.00099999999999999742 -0.0155 9778.8852470878883
-0.00050000000000000044 -0.0155 10001.269006948516
0 -0.0155 10078.048806921372
0.00050000000000000044 -0.0155 10001.268993545267
0.0010000000000000009 -0.0155 9778.8852154466986
0.0015000000000000013 -0.0155 9433.2811940236243
0.0020000000000000018 -0.0155 8997.1517411799232
0.0024999999999999988 -0.0155 8507.6664641792886
0.0030000000000000027 -0.0155 8000.182476983885
0.0034999999999999996 -0.0155 7502.8187624045022
0.0040000000000000036 -0.0155 7032.9409950635545
0.0045000000000000005 -0.0155 6596.1144426293949
0.0049999999999999975 -0.0155 6187.4983576606301
0.0055000000000000014 -0.0155 5795.1266716869795
0.0059999999999999984 -0.0155 5404.1692370595165
0.0064999999999999988 -0.0155 5001.1615868644622
0.0069999999999999993 -0.0155 4577.3273597826355
0.0074999999999999997 -0.0155 4130.4340130286455
0.0080000000000000002 -0.0155 3665.020022226146
0.0085000000000000006 -0.0155 3191.2047036145259
0.0090000000000000011 -0.0155 2722.5561569517695
0.0095000000000000015 -0.0155 2273.6049840434885
0.010000000000000002 -0.0155 1857.5528523293824
0.010500000000000002 -0.0155 1484.5739732683744
0.011000000000000003 -0.0155 1160.9025022653134
0.011500000000000003 -0.0155 888.69896261863119
0.012000000000000004 -0.0155 666.53860657757991
0.012499999999999997 -0.0155 490.28587052385478
0.013000000000000005 -0.0155 354.11060542736055
0.013499999999999998 -0.0155 251.4457765788153
0.014000000000000005 -0.0155 175.75754608323891
0.014499999999999999 -0.0155 121.0729536695119
0.014999999999999999 -0.0155 82.27062072391746
0.0155 -0.0155 55.177902593612757
0.016000000000000007 -0.0155 36.533621469535468
0.016500000000000001 -0.0155 23.874040280770462
0.017000000000000001 -0.0155 15.388188457251726
0.017500000000000002 -0.0155 9.7735771858747409
0.017999999999999995 -0.0155 6.1093546894616306
0.018500000000000003 -0.0155 3.7534040392817345
0.019000000000000003 -0.0155 2.2632881848563322
0.019500000000000003 -0.0155 1.3376847823557079
0.019999999999999997 -0.0155 0.77397085477935035
0.020499999999999997 -0.0155 0.43789169159513008
0.021000000000000005 -0.0155 0.24202336582541381
0.021500000000000005 -0.0155 0.13056787154877691
0.021999999999999999 -0.0155 0.06870723661721842
0.022499999999999999 -0.0155 0.03524577833455176
0.023000000000000007 -0.0155 0.017617619662888051
0.023500000000000007 -0.0155 0.0085774585053812365
0.024 -0.0155 0.0040663927193386601
0.024500000000000001 -0.0155 0.0018766955789470978
0.025000000000000001 -0.0155 0.0008430012477321922
-0.025000000000000001 -0.015000000000000001 0.0014118956063081647
-0.024500000000000001 -0.015000000000000001 0.0031403137412383637
-0.024 -0.015000000000000001 0.0067973381816796193
-0.0235 -0.015000000000000001 0.014320743839921053
-0.023 -0.015000000000000001 0.029372171776267379
-0.022500000000000003 -0.015000000000000001 0.058661729448873101
-0.022000000000000002 -0.015000000000000001 0.11411772080621597
-0.021500000000000002 -0.015000000000000001 0.21631875126568223
-0.021000000000000001 -0.015000000000000001 0.39974250484725254
-0.020500000000000001 -0.015000000000000001 0.72054245535834216
-0.02 -0.015000000000000001 1.267747095727122
-0.0195 -0.015000000000000001 2.1790090358672418
-0.019 -0.015000000000000001 3.6623612449289484
-0.018500000000000003 -0.015000000000000001 6.0259344483687451
-0.018000000000000002 -0.015000000000000001 9.7183172317357513
-0.017500000000000002 -0.015000000000000001 15.383190005208563
-0.017000000000000001 -0.015000000000000001 23.932842631122252
-0.016500000000000001 -0.015000000000000001 36.645679472255466
-0.016 -0.015000000000000001 55.291886882686008
-0.0155 -0.015000000000000001 82.287752619604603
-0.015000000000000001 -0.015000000000000001 120.87123186664169
-0.014500000000000001 -0.015000000000000001 175.27829023578792
-0.014 -0.015000000000000001 250.88176299484195
-0.0135 -0.015000000000000001 354.23478385033587
-0.012999999999999999 -0.015000000000000001 492.9450962365965
-0.012500000000000001 -0.015000000000000001 675.3032887094422
-0.012 -0.015000000000000001 909.60663620323351
-0.0115 -0.015000000000000001 1203.167840648154
-0.010999999999999999 -0.015000000000000001 1561.0749778499719
-0.010499999999999999 -0.015000000000000001 1984.8653556958013
-0.010000000000000002 -0.015000000000000001 2471.3698234239628
-0.0095000000000000015 -0.015000000000000001 3012.0440822544083
-0.0090000000000000011 -0.015000000000000001 3593.0966270870999
-0.0085000000000000006 -0.015000000000000001 4196.6253971035785
-0.0080000000000000002 -0.015000000000000001 4802.784692570197
-0.0074999999999999997 -0.015000000000000001 5392.7476415515639
-0.0069999999999999993 -0.015000000000000001 5951.9642925556145
-0.0064999999999999988 -0.015000000000000001 6473.0171856784737
-0.0059999999999999984 -0.015000000000000001 6957.3200262917771
-0.0054999999999999979 -0.015000000000000001 7415.0403602715915
-0.005000000000000001 -0.015000000000000001 7862.9564352732677
-0.0044999999999999971 -0.015000000000000001 8320.4268909913826
-0.0040000000000000001 -0.015000000000000001 8804.1537167211154
-0.0035000000000000031 -0.015000000000000001 9322.8208927467185
-0.0029999999999999992 -0.015000000000000001 9872.868708052385
-0.0025000000000000022 -0.015000000000000001 10436.539142048647
-0.0019999999999999983 -0.015000000000000001 10982.898700517899
-0.0015000000000000013 -0.015000000000000001 11471.894227290759
-0.00099999999999999742 -0.015000000000000001 11860.776372129023
-0.00050000000000000044 -0.015000000000000001 12111.61835431717
0 -0.015000000000000001 12198.330030209519
0.00050000000000000044 -0.015000000000000001 12111.618323045286
0.0010000000000000009 -0.015000000000000001 11860.776298305171
0.0015000000000000013 -0.015000000000000001 11471.89408577175
0.0020000000000000018 -0.015000000000000001 10982.898446977215
0.0024999999999999988 -0.015000000000000001 10436.538704688433
0.0030000000000000027 -0.015000000000000001 9872.8679761962467
0.0034999999999999996 -0.015000000000000001 9322.8197024687452
0.0040000000000000036 -0.015000000000000001 8804.1518342500094
0.0045000000000000005 -0.015000000000000001 8320.4239954906789
0.0049999999999999975 -0.015000000000000001 7862.9521036587057
0.0055000000000000014 -0.015000000000000001 7415.0340578020669
0.0059999999999999984 -0.015000000000000001 6957.3111074679446
0.0064999999999999988 -0.015000000000000001 6473.0049101391678
0.0069999999999999993 -0.015000000000000001 5951.9478598220212
0.0074999999999999997 -0.015000000000000001 5392.7262464030582
0.0080000000000000002 -0.015000000000000001 4802.7575995725865
0.0085000000000000006 -0.015000000000000001 4196.5920287271665
0.0090000000000000011 -0.015000000000000001 3593.0566556873096
0.0095000000000000015 -0.015000000000000001 3011.9975129336744
0.010000000000000002 -0.015000000000000001 2471.3170534702135
0.010500000000000002 -0.015000000000000001 1984.8071976522701
0.011000000000000003 -0.015000000000000001 1561.0126375156196
0.011500000000000003 -0.015000000000000001 1203.1028479255069
0.012000000000000004 -0.015000000000000001 909.54073450617364
0.012499999999999997 -0.015000000000000001 675.23829598679959
0.013000000000000005 -0.015000000000000001 492.88275590224549
0.013499999999999998 -0.015000000000000001 354.17662580680752
0.014000000000000005 -0.015000000000000001 250.82899304109088
0.014499999999999999 -0.015000000000000001 175.23172091505424
0.014999999999999999 -0.015000000000000001 120.83126046684907
0.0155 -0.015000000000000001 82.254384243186607
0.016000000000000007 -0.015000000000000001 55.264793885059838
0.016500000000000001 -0.015000000000000001 36.624284323702426
0.017000000000000001 -0.015000000000000001 23.916409897398662
0.017500000000000002 -0.015000000000000001 15.370914465539101
0.017999999999999995 -0.015000000000000001 9.7093984068986732
0.018500000000000003 -0.015000000000000001 6.0196319761570596
0.019000000000000003 -0.015000000000000001 3.6580296233479648
0.019500000000000003 -0.015000000000000001 2.176113517377916
0.019999999999999997 -0.015000000000000001 1.2658645807481055
0.020499999999999997 -0.015000000000000001 0.71935207211999508
0.021000000000000005 -0.015000000000000001 0.39901040312276587
0.021500000000000005 -0.015000000000000001 0.21588083374517664
0.021999999999999999 -0.015000000000000001 0.11386295010833336
0.022499999999999999 -0.015000000000000001 0.058517570071885232
0.023000000000000007 -0.015000000000000001 0.029292835359587245
0.023500000000000007 -0.015000000000000001 0.014278278116195304
0.024 -0.015000000000000001 0.00677523062520118
0.024500000000000001 -0.015000000000000001 0.0031291198979962703
0.025000000000000001 -0.015000000000000001 0.0014063830382695971
-0.025000000000000001 -0.014500000000000001 0.0022955289693201322
-0.024500000000000001 -0.014500000000000001 0.0051027137339601783
-0.024 -0.014500000000000001 0.011037410093516511
-0.0235 -0.014500000000000001 0.023234420700802883
-0.023 -0.014500000000000001 0.047605857247307259
-0.022500000000000003 -0.014500000000000001 0.09495885043406864
-0.022000000000000002 -0.014500000000000001 0.18444262908407275
-0.021500000000000002 -0.014500000000000001 0.34895451688929507
-0.021000000000000001 -0.014500000000000001 0.64331135986056243
-0.020500000000000001 -0.014500000000000001 1.156166894175944
-0.02 -0.014500000000000001 2.0268171818666638
-0.0195 -0.014500000000000001 3.4681984225119313
-0.019 -0.014500000000000001 5.797597310965922
-0.018500000000000003 -0.014500000000000001 9.4769638108642891
-0.018000000000000002 -0.014500000000000001 15.165362115738883
-0.017500000000000002 -0.014500000000000001 23.787082378589652
-0.017000000000000001 -0.014500000000000001 36.620123394090633
-0.016500000000000001 -0.014500000000000001 55.410605234864036
-0.016 -0.014500000000000001 82.518072446567302
-0.0155 -0.014500000000000001 121.09291345949089
-0.015000000000000001 -0.014500000000000001 175.27829023578786
-0.014500000000000001 -0.014500000000000001 250.41357130508291
-0.014 -0.014500000000000001 353.19449143622273
-0.0135 -0.014500000000000001 491.72032944722309
-0.012999999999999999 -0.014500000000000001 675.33742647630129
-0.012500000000000001 -0.014500000000000001 914.18212215072583
-0.012 -0.014500000000000001 1218.3469187856422
-0.0115 -0.014500000000000001 1596.6509571639801
-0.010999999999999999 -0.014500000000000001 2055.0910845023868
-0.010499999999999999 -0.014500000000000001 2595.1710814816879
-0.010000000000000002 -0.014500000000000001 3212.4268193764601
-0.0095000000000000015 -0.014500000000000001 3895.544846148553
-0.0090000000000000011 -0.014500000000000001 4626.4688861645272
-0.0085000000000000006 -0.014500000000000001 5381.7721146320482
-0.0080000000000000002 -0.014500000000000001 6135.3386255336927
-0.0074999999999999997 -0.014500000000000001 6862.07824099974
-0.0069999999999999993 -0.014500000000000001 7542.0651450763007
-0.0064999999999999988 -0.014500000000000001 8164.2375344246184
-0.0059999999999999984 -0.014500000000000001 8728.7165750728327
-0.0054999999999999979 -0.014500000000000001 9246.9608925652792
-0.005000000000000001 -0.014500000000000001 9739.3716988500655
-0.0044999999999999971 -0.014500000000000001 10230.536486978759
-0.0040000000000000001 -0.014500000000000001 10742.916055606602
-0.0035000000000000031 -0.014500000000000001 11290.277066096307
-0.0029999999999999992 -0.014500000000000001 11872.397841334228
-0.0025000000000000022 -0.014500000000000001 12472.433727711003
-0.0019999999999999983 -0.014500000000000001 13057.817364359818
-0.0015000000000000013 -0.014500000000000001 13584.788714195229
-0.00099999999999999742 -0.014500000000000001 14005.783312289683
-0.00050000000000000044 -0.014500000000000001 14278.176295175606
0 -0.014500000000000001 14372.483311357251
0.00050000000000000044 -0.014500000000000001 14278.17622421224
0.0010000000000000009 -0.014500000000000001 14005.783144765737
0.0015000000000000013 -0.014500000000000001 13584.788393054803
0.0020000000000000018 -0.014500000000000001 13057.816789015467
0.0024999999999999988 -0.014500000000000001 12472.43273523624
0.0030000000000000027 -0.014500000000000001 11872.396180577891
0.0034999999999999996 -0.014500000000000001 11290.274365071344
0.0040000000000000036 -0.014500000000000001 10742.911783830137
0.0045000000000000005 -0.014500000000000001 10230.529916396226
0.0049999999999999975 -0.014500000000000001 9739.3618693822336
0.0055000000000000014 -0.014500000000000001 9246.9465907569083
0.0059999999999999984 -0.014500000000000001 8728.6963361317485
0.0064999999999999988 -0.014500000000000001 8164.2096782945482
0.0069999999999999993 -0.014500000000000001 7542.0278552796535
0.0074999999999999997 -0.014500000000000001 6862.0296902986347
0.0080000000000000002 -0.014500000000000001 6135.2771450523314
0.0085000000000000006 -0.014500000000000001 5381.6963938176305
0.0090000000000000011 -0.014500000000000001 4626.3781815132688
0.0095000000000000015 -0.014500000000000001 3895.4391692390996
0.010000000000000002 -0.014500000000000001 3212.3070717499863
0.010500000000000002 -0.014500000000000001 2595.0391069928301
0.011000000000000003 -0.014500000000000001 2054.9496193969317
0.011500000000000003 -0.014500000000000001 1596.5034731560963
0.012000000000000004 -0.014500000000000001 1218.1973720977523
0.012499999999999997 -0.014500000000000001 914.03463814284748
0.013000000000000005 -0.014500000000000001 675.19596137084795
0.013499999999999998 -0.014500000000000001 491.58835495837081
0.014000000000000005 -0.014500000000000001 353.07474380974742
0.014499999999999999 -0.014500000000000001 250.30789439562801
0.014999999999999999 -0.014500000000000001 175.18758558452561
0.0155 -0.014500000000000001 121.01719264506154
0.016000000000000007 -0.014500000000000001 82.456591965171498
0.016500000000000001 -0.014500000000000001 55.362054533655936
0.017000000000000001 -0.014500000000000001 36.582833597150433
0.017500000000000002 -0.014500000000000001 23.759226247692286
0.017999999999999995 -0.014500000000000001 15.145123172376543
0.018500000000000003 -0.014500000000000001 9.4626619963915672
0.019000000000000003 -0.014500000000000001 5.7877678272115354
0.019500000000000003 -0.014500000000000001 3.4616277996125691
0.019999999999999997 -0.014500000000000001 2.0225453058364704
0.020499999999999997 -0.014500000000000001 1.1534656303457396
0.021000000000000005 -0.014500000000000001 0.6416500462225041
0.021500000000000005 -0.014500000000000001 0.34796077746097914
0.021999999999999999 -0.014500000000000001 0.18386449353157505
0.022499999999999999 -0.014500000000000001 0.094631718382559529
0.023000000000000007 -0.014500000000000001 0.047425823972398813
0.023500000000000007 -0.014500000000000001 0.023138055832894504
0.024 -0.014500000000000001 0.010987242768603344
0.024500000000000001 -0.014500000000000001 0.005077312230564692
0.025000000000000001 -0.014500000000000001 0.0022830196360445819
-0.025000000000000001 -0.014 0.0036334346175228645
-0.024500000000000001 -0.014 0.0080724035760406203
-0.024 -0.014 0.01745022617662819
-0.0235 -0.014 0.036707213507145731
-0.023 -0.014 0.075145793826482316
-0.022500000000000003 -0.014 0.14973579500752499
-0.022000000000000002 -0.014 0.29046685397434557
-0.021500000000000002 -0.014 0.54868296439924824
-0.021000000000000001 -0.014 1.0095570986098212
-0.020500000000000001 -0.014 1.8100382372305088
-0.02 -0.014 3.1636894946095677
-0.0195 -0.014 5.3938243638185392
-0.019 -0.014 8.9762921710901349
-0.018500000000000003 -0.014 14.593305884698854
-0.018000000000000002 -0.014 23.200061779975691
-0.017500000000000002 -0.014 36.106771395868229
-0.017000000000000001 -0.014 55.080105627283658
-0.016500000000000001 -0.014 82.469452187117241
-0.016 -0.014 121.363575179772
-0.0155 -0.014 175.78016348837781
-0.015000000000000001 -0.014 250.88176299484152
-0.014500000000000001 -0.014 353.19449143622228
-0.014 -0.014 490.78041204820607
-0.0135 -0.014 673.28384030411416
-0.012999999999999999 -0.014 911.74451206671483
-0.012500000000000001 -0.014 1218.059636692047
-0.012 -0.014 1603.9979271973154
-0.0115 -0.014 2079.7344690027885
-0.010999999999999999 -0.014 2651.9887448582908
-0.010499999999999999 -0.014 3321.995995849908
-0.010000000000000002 -0.014 4083.6918319743013
-0.0095000000000000015 -0.014 4922.5933435796596
-0.0090000000000000011 -0.014 5815.8642797237762
-0.0085000000000000006 -0.014 6733.9178034383976
-0.0080000000000000002 -0.014 7643.6308716229241
-0.0074999999999999997 -0.014 8512.8580022895057
-0.0069999999999999993 -0.014 9315.5239043781166
-0.0064999999999999988 -0.014 10036.259338035608
-0.0059999999999999984 -0.014 10673.437547270876
-0.0054999999999999979 -0.014 11239.646652453634
-0.005000000000000001 -0.014 11759.102946477693
-0.0044999999999999971 -0.014 12262.191645104656
-0.0040000000000000001 -0.014 12778.059974533693
-0.0035000000000000031 -0.014 13326.787169608378
-0.0029999999999999992 -0.014 13912.934886297267
-0.0025000000000000022 -0.014 14522.126555225037
-0.0019999999999999983 -0.014 15121.711947660291
-0.0015000000000000013 -0.014 15665.661836732153
-0.00099999999999999742 -0.014 16102.823304887575
-0.00050000000000000044 -0.014 16386.808910394047
0 -0.014 16485.325415101881
0.00050000000000000044 -0.014 16386.808753772802
0.0010000000000000009 -0.014 16102.8229351502
0.0015000000000000013 -0.014 15665.661127952182
0.0020000000000000018 -0.014 15121.710677834
0.0024999999999999988 -0.014 14522.124364761963
0.0030000000000000027 -0.014 13912.931220888775
0.0034999999999999996 -0.014 13326.781208252305
0.0040000000000000036 -0.014 12778.050546416265
0.0045000000000000005 -0.014 12262.177143357141
0.0049999999999999975 -0.014 11759.081252136277
0.0055000000000000014 -0.014 11239.615087335471
0.0059999999999999984 -0.014 10673.392878474431
0.0064999999999999988 -0.014 10036.197857556037
0.0069999999999999993 -0.014 9315.4416031189248
0.0074999999999999997 -0.014 8512.750847405463
0.0080000000000000002 -0.014 7643.4951797853018
0.0085000000000000006 -0.014 6733.7506821630404
0.0090000000000000011 -0.014 5815.6640880444384
0.0095000000000000015 -0.014 4922.3601070512432
0.010000000000000002 -0.014 4083.4275403629254
0.010500000000000002 -0.014 3321.7047186751756
0.011000000000000003 -0.014 2651.6765212111536
0.011500000000000003 -0.014 2079.4089612057392
0.012000000000000004 -0.014 1603.6678669173582
0.012499999999999997 -0.014 1217.7341288950042
0.013000000000000005 -0.014 911.43228841957921
0.013499999999999998 -0.014 672.99256312938871
0.014000000000000005 -0.014 490.51612043682758
0.014499999999999999 -0.014 352.96125490780366
0.014999999999999999 -0.014 250.68157131549597
0.0155 -0.014 175.61304221299582
0.016000000000000007 -0.014 121.2278833420736
0.016500000000000001 -0.014 82.362297302852824
0.017000000000000001 -0.014 54.997804367447181
0.017500000000000002 -0.014 36.045290914472773
0.017999999999999995 -0.014 23.155392978502924
0.018500000000000003 -0.014 14.561740753064054
0.019000000000000003 -0.014 8.9545977945338695
0.019500000000000003 -0.014 5.3793225272063818
0.019999999999999997 -0.014 3.1542611574235555
0.020499999999999997 -0.014 1.8040763539643419
0.021000000000000005 -0.014 1.0058904601023799
0.021500000000000005 -0.014 0.54648971011495573
0.021999999999999999 -0.014 0.28919086729082666
0.022499999999999999 -0.014 0.14901379107665735
0.023000000000000007 -0.014 0.074748447459560857
0.023500000000000007 -0.014 0.03649452932317062
0.024 -0.014 0.017339503287747957
0.024500000000000001 -0.014 0.0080163406338224028
0.025000000000000001 -0.014 0.0036058256206183688
-0.025000000000000001 -0.0135 0.0055998564269857621
-0.024500000000000001 -0.0135 0.012434582001719641
-0.024 -0.0135 0.026864247720952188
-0.0235 -0.0135 0.056472532879465499
-0.023 -0.0135 0.11552018279784736
-0.022500000000000003 -0.0135 0.22997821837722823
-0.022000000000000002 -0.0135 0.44564403424129145
-0.021500000000000002 -0.0135 0.84070550964240309
-0.021000000000000001 -0.0135 1.5443923413269047
-0.020500000000000001 -0.0135 2.7635003423136006
-0.02 -0.0135 4.8185029937767982
-0.0195 -0.0135 8.1906231257369573
-0.019 -0.0135 13.580672567609762
-0.018500000000000003 -0.0135 21.979878487459786
-0.018000000000000002 -0.0135 34.752662321634801
-0.017500000000000002 -0.0135 53.731846989244879
-0.017000000000000001 -0.0135 81.328291015865503
-0.016500000000000001 -0.0135 120.65917835348067
-0.016 -0.0135 175.70085286375487
-0.0155 -0.0135 251.47070333995586
-0.015000000000000001 -0.0135 354.23478385033553
-0.014500000000000001 -0.0135 491.72032944722275
-0.014 -0.0135 673.28384030411428
-0.0135 -0.0135 909.94903590286992
-0.012999999999999999 -0.0135 1214.1940203416307
-0.012500000000000001 -0.0135 1599.3491158004044
-0.012 -0.0135 2078.4852648297829
-0.0115 -0.0135 2662.7443388062566
-0.010999999999999999 -0.0135 3359.1926219750844
-0.010499999999999999 -0.0135 4168.4531994142899
-0.010000000000000002 -0.0135 5082.5543663512981
-0.0095000000000000015 -0.0135 6083.5620151205239
-0.0090000000000000011 -0.0135 7143.5802967422051
-0.0085000000000000006 -0.0135 8226.5575453178662
-0.0080000000000000002 -0.0135 9292.0123589888553
-0.0074999999999999997 -0.0135 10300.341224363054
-0.0069999999999999993 -0.0135 11218.883296454364
-0.0064999999999999988 -0.0135 12027.536190036486
-0.0059999999999999984 -0.0135 12722.575881837871
-0.0054999999999999979 -0.0135 13317.526881966884
-0.005000000000000001 -0.0135 13840.465495896507
-0.0044999999999999971 -0.0135 14327.927839666707
-0.0040000000000000001 -0.0135 14816.454618563606
-0.0035000000000000031 -0.0135 15333.508925407843
-0.0029999999999999992 -0.0135 15889.839428768681
-0.0025000000000000022 -0.0135 16475.19767172182
-0.0019999999999999983 -0.0135 17058.650429843481
-0.0015000000000000013 -0.0135 17593.691903063336
-0.00099999999999999742 -0.0135 18027.203900247649
-0.00050000000000000044 -0.0135 18310.332460894682
0 -0.0135 18408.812137111847
0.00050000000000000044 -0.0135 18310.332124690281
0.0010000000000000009 -0.0135 18027.203106566474
0.0015000000000000013 -0.0135 17593.690381590633
0.0020000000000000018 -0.0135 17058.647704024304
0.0024999999999999988 -0.0135 16475.192969656418
0.0030000000000000027 -0.0135 15889.83156057375
0.0034999999999999996 -0.0135 15333.496128713627
0.0040000000000000036 -0.0135 14816.434380091987
0.0045000000000000005 -0.0135 14327.896710100511
0.0049999999999999975 -0.0135 13840.418926651204
0.0055000000000000014 -0.0135 13317.459124033958
0.0059999999999999984 -0.0135 12722.479995445234
0.0064999999999999988 -0.0135 12027.404215551553
0.0069999999999999993 -0.0135 11218.7066279188
0.0074999999999999997 -0.0135 10300.111204839319
0.0080000000000000002 -0.0135 9291.7210818142903
0.0085000000000000006 -0.0135 8226.1988014630497
0.0090000000000000011 -0.0135 7143.1505636959828
0.0095000000000000015 -0.0135 6083.061347739249
0.010000000000000002 -0.0135 5081.9870358827029
0.010500000000000002 -0.0135 4167.8279415214283
0.011000000000000003 -0.0135 3358.5224002184655
0.011500000000000003 -0.0135 2662.0456011881033
0.012000000000000004 -0.0135 2077.7767548157217
0.012499999999999997 -0.0135 1598.6503781822594
0.013000000000000005 -0.0135 1213.5237985850133
0.013499999999999998 -0.0135 909.32377801001473
0.014000000000000005 -0.0135 672.71650983551456
0.014499999999999999 -0.0135 491.21966206594425
0.014999999999999999 -0.0135 353.80505080409614
0.0155 -0.0135 251.11195948508623
0.016000000000000007 -0.0135 175.40957568902715
0.016500000000000001 -0.0135 120.42915882926846
0.017000000000000001 -0.0135 81.151622478919137
0.017500000000000002 -0.0135 53.599872500391669
0.017999999999999995 -0.0135 34.656775918206378
0.018500000000000003 -0.0135 21.912120525606959
0.019000000000000003 -0.0135 13.534103246875524
0.019500000000000003 -0.0135 8.1594933682776833
0.019999999999999997 -0.0135 4.7982640504143461
0.020499999999999997 -0.0135 2.7507025164216095
0.021000000000000005 -0.0135 1.5365215060334052
0.021500000000000005 -0.0135 0.83599745260503977
0.021999999999999999 -0.0135 0.44290499110892406
0.022499999999999999 -0.0135 0.22842835901433042
0.023000000000000007 -0.0135 0.11466723593598481
0.023500000000000007 -0.0135 0.056015983323734218
0.024 -0.0135 0.026626569089740561
0.024500000000000001 -0.0135 0.012314236845421026
0.025000000000000001 -0.0135 0.0055405907353139683
-0.025000000000000001 -0.012999999999999999 0.00840578609132424
-0.024500000000000001 -0.012999999999999999 0.01865453189085579
-0.024 -0.012999999999999999 0.040277877779643319
-0.0235 -0.012999999999999999 0.084614904337894745
-0.023 -0.012999999999999999 0.17296345762635323
-0.022500000000000003 -0.012999999999999999 0.34405452683368914
-0.022000000000000002 -0.012999999999999999 0.66606281858324279
-0.021500000000000002 -0.012999999999999999 1.2551100732633285
-0.021000000000000001 -0.012999999999999999 2.302546662053881
-0.020500000000000001 -0.012999999999999999 4.1133729868563744
-0.02 -0.012999999999999999 7.1578151634206684
-0.0195 -0.012999999999999999 12.137178878024214
-0.019 -0.012999999999999999 20.063698121398751
-0.018500000000000003 -0.012999999999999999 32.35244795214328
-0.018000000000000002 -0.012999999999999999 50.922074470954172
-0.017500000000000002 -0.012999999999999999 78.300887482296829
-0.017000000000000001 -0.012999999999999999 117.73644155066467
-0.016500000000000001 -0.012999999999999999 173.31016038089948
-0.016 -0.012999999999999999 250.06265827282422
-0.0155 -0.012999999999999999 354.13732473443343
-0.015000000000000001 -0.012999999999999999 492.9450962365957
-0.014500000000000001 -0.012999999999999999 675.33742647630072
-0.014 -0.012999999999999999 911.74451206671449
-0.0135 -0.012999999999999999 1214.19402034163
-0.012999999999999999 -0.012999999999999999 1596.0816836136221
-0.012500000000000001 -0.012999999999999999 2071.5372023469536
-0.012 -0.012999999999999999 2654.240296173512
-0.0115 -0.012999999999999999 3355.6139511428423
-0.010999999999999999 -0.012999999999999999 4182.4641749329103
-0.010499999999999999 -0.012999999999999999 5134.3344637581304
-0.010000000000000002 -0.012999999999999999 6201.0569093113572
-0.0095000000000000015 -0.012999999999999999 7361.1439231628528
-0.0090000000000000011 -0.012999999999999999 8581.6990490348726
-0.0085000000000000006 -0.012999999999999999 9820.3720256266479
-0.0080000000000000002 -0.012999999999999999 11029.525276917109
-0.0074999999999999997 -0.012999999999999999 12162.26294003606
-0.0069999999999999993 -0.012999999999999999 13179.411750882844
-0.0064999999999999988 -0.012999999999999999 14056.092557657657
-0.0059999999999999984 -0.012999999999999999 14786.341271820769
-0.0054999999999999979 -0.012999999999999999 15384.438222095485
-0.005000000000000001 -0.012999999999999999 15882.19958333015
-0.0044999999999999971 -0.012999999999999999 16322.371940426365
-0.0040000000000000001 -0.012999999999999999 16749.246692765541
-0.0035000000000000031 -0.012999999999999999 17198.416557742683
-0.0029999999999999992 -0.012999999999999999 17687.991119739094
-0.0025000000000000022 -0.012999999999999999 18213.422593132065
-0.0019999999999999983 -0.012999999999999999 18747.36090931471
-0.0015000000000000013 -0.012999999999999999 19244.81053372116
-0.00099999999999999742 -0.012999999999999999 19652.577055100959
-0.00050000000000000044 -0.012999999999999999 19920.900985728495
0 -0.012999999999999999 20014.574642029369
0.00050000000000000044 -0.012999999999999999 19920.900283800787
0.0010000000000000009 -0.012999999999999999 19652.575398053021
0.0015000000000000013 -0.012999999999999999 19244.807357189722
0.0020000000000000018 -0.012999999999999999 18747.355218348126
0.0024999999999999988 -0.012999999999999999 18213.412776157642
0.0030000000000000027 -0.012999999999999999 17687.974692517932
0.0034999999999999996 -0.012999999999999999 17198.389840798322
0.0040000000000000036 -0.012999999999999999 16749.204438874738
0.0045000000000000005 -0.012999999999999999 16322.306948103042
0.0049999999999999975 -0.012999999999999999 15882.10235603732
0.0055000000000000014 -0.012999999999999999 15384.296757050424
0.0059999999999999984 -0.012999999999999999 14786.14108016395
0.0064999999999999988 -0.012999999999999999 14055.817021264324
0.0069999999999999993 -0.012999999999999999 13179.042902229046
0.0074999999999999997 -0.012999999999999999 12161.782705163409
0.0080000000000000002 -0.012999999999999999 11028.917148291499
0.0085000000000000006 -0.012999999999999999 9819.6230400334553
0.0090000000000000011 -0.012999999999999999 8580.8018521736103
0.0095000000000000015 -0.012999999999999999 7360.0986295626417
0.010000000000000002 -0.012999999999999999 6199.8724364852687
0.010500000000000002 -0.012999999999999999 5133.0290500277133
0.011000000000000003 -0.012999999999999999 4181.064885626045
0.011500000000000003 -0.012999999999999999 3354.155126406506
0.012000000000000004 -0.012999999999999999 2652.7610686242801
0.012499999999999997 -0.012999999999999999 2070.078377610625
0.013000000000000005 -0.012999999999999999 1594.6823943067573
0.013499999999999998 -0.012999999999999999 1212.8886066112193
0.014000000000000005 -0.012999999999999999 910.5600392406194
0.014499999999999999 -0.012999999999999999 674.29213287607899
0.014999999999999999 -0.012999999999999999 492.04789937529722
0.0155 -0.012999999999999999 353.38833914113178
0.016000000000000007 -0.012999999999999999 249.45452964687789
0.016500000000000001 -0.012999999999999999 172.82992550725763
0.017000000000000001 -0.012999999999999999 117.36759289398
0.017500000000000002 -0.012999999999999999 78.02535108078726
0.017999999999999995 -0.012999999999999999 50.721882791608039
0.018500000000000003 -0.012999999999999999 32.21098284669165
0.019000000000000003 -0.012999999999999999 19.966470671098719
0.019500000000000003 -0.012999999999999999 12.072186155379715
0.019999999999999997 -0.012999999999999999 7.1155602877026007
0.020499999999999997 -0.012999999999999999 4.0866536797837343
0.021000000000000005 -0.012999999999999999 2.2861139283301939
0.021500000000000005 -0.012999999999999999 1.2452805895089423
0.021999999999999999 -0.012999999999999999 0.66034424300981276
0.022499999999999999 -0.012999999999999999 0.34081872970797628
0.023000000000000007 -0.012999999999999999 0.1711826747565845
0.023500000000000007 -0.012999999999999999 0.083661719955140268
0.024 -0.012999999999999999 0.039781652218712514
0.024500000000000001 -0.012999999999999999 0.018403275215465344
0.025000000000000001 -0.012999999999999999 0.008282051151654363
-0.025000000000000001 -0.012500000000000001 0.012294125380458253
-0.024500000000000001 -0.012500000000000001 0.027265712492356233
-0.024 -0.012500000000000001 0.058831447825408133
-0.0235 -0.012500000000000001 0.12350672939012611
-0.023 -0.012500000000000001 0.25227891246012063
-0.022500000000000003 -0.012500000000000001 0.50142815736936353
-0.022000000000000002 -0.012500000000000001 0.96986496614947892
-0.021500000000000002 -0.012500000000000001 1.8257334256869866
-0.021000000000000001 -0.012500000000000001 3.3454146826390776
-0.020500000000000001 -0.012500000000000001 5.9680112784929866
-0.02 -0.012500000000000001 10.367612817359868
-0.0195 -0.012500000000000001 17.543913155543631
-0.019 -0.012500000000000001 28.92906027978222
-0.018500000000000003 -0.012500000000000001 46.505349437626712
-0.018000000000000002 -0.012500000000000001 72.925388152243329
-0.017500000000000002 -0.012500000000000001 111.6249575095828
-0.017000000000000001 -0.012500000000000001 166.92030425942644
-0.016500000000000001 -0.012500000000000001 244.08670277833087
-0.016 -0.012500000000000001 349.42294203322166
-0.0155 -0.012500000000000001 490.31372665475004
-0.015000000000000001 -0.012500000000000001 675.30328870944118
-0.014500000000000001 -0.012500000000000001 914.18212215072458
-0.014 -0.012500000000000001 1218.0596366920463
-0.0135 -0.012500000000000001 1599.3491158004033
-0.012999999999999999 -0.012500000000000001 2071.5372023469527
-0.012500000000000001 -0.012500000000000001 2648.5683119326523
-0.012 -0.012500000000000001 3343.6726682499302
-0.0115 -0.012500000000000001 4167.532399865132
-0.010999999999999999 -0.012500000000000001 5125.8278705845105
-0.010499999999999999 -0.012500000000000001 6216.4250160788242
-0.010000000000000002 -0.012500000000000001 7426.7094366721567
-0.0095000000000000015 -0.012500000000000001 8731.7696172748838
-0.0090000000000000011 -0.012500000000000001 10094.19190970152
-0.0085000000000000006 -0.012500000000000001 11466.081263502583
-0.0080000000000000002 -0.012500000000000001 12793.539482243516
-0.0074999999999999997 -0.012500000000000001 14023.264414963765
-0.0069999999999999993 -0.012500000000000001 15110.30223689493
-0.0064999999999999988 -0.012500000000000001 16025.466760506202
-0.0059999999999999984 -0.012500000000000001 16760.715515103253
-0.0054999999999999979 -0.012500000000000001 17330.968792048854
-0.005000000000000001 -0.012500000000000001 17771.495656523293
-0.0044999999999999971 -0.012500000000000001 18130.960405056267
-0.0040000000000000001 -0.012500000000000001 18461.299234042519
-0.0035000000000000031 -0.012500000000000001 18806.494300980397
-0.0029999999999999992 -0.012500000000000001 19192.764166976347
-0.0025000000000000022 -0.012500000000000001 19622.529601060749
-0.0019999999999999983 -0.012500000000000001 20073.733969398938
-0.0015000000000000013 -0.012500000000000001 20504.862586939693
-0.00099999999999999742 -0.012500000000000001 20864.616757832318
-0.00050000000000000044 -0.012500000000000001 21104.015707209815
0 -0.012500000000000001 21188.043188335672
0.00050000000000000044 -0.012500000000000001 21104.014281872536
0.0010000000000000009 -0.012500000000000001 20864.613393024003
0.0015000000000000013 -0.012500000000000001 20504.856136661947
0.0020000000000000018 -0.012500000000000001 20073.722413298885
0.0024999999999999988 -0.012500000000000001 19622.509666672271
0.0030000000000000027 -0.012500000000000001 19192.730809793768
0.0034999999999999996 -0.012500000000000001 18806.440049443718
0.0040000000000000036 -0.012500000000000001 18461.21343311877
0.0045000000000000005 -0.012500000000000001 18130.82843137829
0.0049999999999999975 -0.012500000000000001 17771.298226384173
0.0055000000000000014 -0.012500000000000001 17330.681532548828
0.0059999999999999984 -0.012500000000000001 16760.309005104809
0.0064999999999999988 -0.012500000000000001 16024.907255177122
0.0069999999999999993 -0.012500000000000001 15109.553251307485
0.0074999999999999997 -0.012500000000000001 14022.289248064011
0.0080000000000000002 -0.012500000000000001 12792.304613765064
0.0085000000000000006 -0.012500000000000001 11464.560370288724
0.0090000000000000011 -0.012500000000000001 10092.370058079548
0.0095000000000000015 -0.012500000000000001 8729.6470398081074
0.010000000000000002 -0.012500000000000001 7424.3042412991472
0.010500000000000002 -0.012500000000000001 6213.7742376100414
0.011000000000000003 -0.012500000000000001 5122.9864679856146
0.011500000000000003 -0.012500000000000001 4164.570104379256
0.012000000000000004 -0.012500000000000001 3340.6689427286069
0.012499999999999997 -0.012500000000000001 2645.6060164467863
0.013000000000000005 -0.012500000000000001 2068.6957997480586
0.013499999999999998 -0.012500000000000001 1596.6983373316252
0.014000000000000005 -0.012500000000000001 1215.6544413190254
0.014499999999999999 -0.012500000000000001 912.05954468392713
0.014999999999999999 -0.012500000000000001 673.4814370873994
0.0155 -0.012500000000000001 488.79283344067017
0.016000000000000007 -0.012500000000000001 348.18807355409444
0.016500000000000001 -0.012500000000000001 243.11153587656648
0.017000000000000001 -0.012500000000000001 166.17131866612408
0.017500000000000002 -0.012500000000000001 111.06545216390543
0.017999999999999995 -0.012500000000000001 72.518878108050501
0.018500000000000003 -0.012500000000000001 46.218089814965694
0.019000000000000003 -0.012500000000000001 28.731629820897655
0.019500000000000003 -0.012500000000000001 17.411938666690254
0.019999999999999997 -0.012500000000000001 10.28180989362397
0.020499999999999997 -0.012500000000000001 5.9137549440920045
0.021000000000000005 -0.012500000000000001 3.3120463062208549
0.021500000000000005 -0.012500000000000001 1.8057736357075285
0.021999999999999999 -0.012500000000000001 0.95825280316315198
0.022499999999999999 -0.012500000000000001 0.49485753447001135
0.023000000000000007 -0.012500000000000001 0.24866284746955236
0.023500000000000007 -0.012500000000000001 0.12157118927765716
0.024 -0.012500000000000001 0.057823810168527071
0.024500000000000001 -0.012500000000000001 0.026755509658001563
0.025000000000000001 -0.012500000000000001 0.012042868705067808
-0.025000000000000001 -0.012 0.017530210939672223
-0.024500000000000001 -0.012 0.038846802910313658
-0.024 -0.012 0.083753862758188316
-0.0235 -0.012 0.17568898312339362
-0.023 -0.012 0.35858152684420203
-0.022500000000000003 -0.012 0.71212229771988489
-0.022000000000000002 -0.012 1.3761683690733564
-0.021500000000000002 -0.012 2.5880647127989156
-0.021000000000000001 -0.012 4.7371049223261013
-0.020500000000000001 -0.012 8.4400923904153551
-0.02 -0.012 14.640551256876357
-0.0195 -0.012 24.731203214318711
-0.019 -0.012 40.694807544610903
-0.018500000000000003 -0.012 65.252865042668049
-0.018000000000000002 -0.012 102.00628678752767
-0.017500000000000002 -0.012 155.54892735193349
-0.017000000000000001 -0.012 231.53615643667723
-0.016500000000000001 -0.012 336.69800984015183
-0.016 -0.012 478.79959293140826
-0.0155 -0.012 666.5668522984073
-0.015000000000000001 -0.012 909.60663620323214
-0.014500000000000001 -0.012 1218.346918785641
-0.014 -0.012 1603.9979271973139
-0.0135 -0.012 2078.4852648297815
-0.012999999999999999 -0.012 2654.2402961735111
-0.012500000000000001 -0.012 3343.6726682499302
-0.012 -0.012 4158.1273239713619
-0.0115 -0.012 5106.1780010492112
-0.010999999999999999 -0.012 6191.2527286271561
-0.010499999999999999 -0.012 7408.8177173462218
-0.010000000000000002 -0.012 8743.6192690448461
-0.0095000000000000015 -0.012 10167.717405501355
-0.0090000000000000011 -0.012 11640.139985872056
-0.0085000000000000006 -0.012 13108.856165486879
-0.0080000000000000002 -0.012 14515.37832604064
-0.0074999999999999997 -0.012 15801.697006140792
-0.0069999999999999993 -0.012 16918.564538343613
-0.0064999999999999988 -0.012 17833.561923334149
-0.0059999999999999984 -0.012 18537.11070120666
-0.0054999999999999979 -0.012 19044.77090418978
-0.005000000000000001 -0.012 19394.826433842682
-0.0044999999999999971 -0.012 19641.186678308339
-0.0040000000000000001 -0.012 19842.78757727053
-0.0035000000000000031 -0.012 20051.648935234698
-0.0029999999999999992 -0.012 20302.249194837925
-0.0025000000000000022 -0.012 20604.733451353917
-0.0019999999999999983 -0.012 20943.66429252124
-0.0015000000000000013 -0.012 21282.731711458295
-0.00099999999999999742 -0.012 21574.37688235255
-0.00050000000000000044 -0.012 21772.035872725159
0 -0.012 21842.011414531367
0.00050000000000000044 -0.012 21772.033057720186
0.0010000000000000009 -0.012 21574.370236941471
0.0015000000000000013 -0.012 21282.718972323353
0.0020000000000000018 -0.012 20943.641469516762
0.0024999999999999988 -0.012 20604.694081442303
0.0030000000000000027 -0.012 20302.183315248421
0.0034999999999999996 -0.012 20051.541789825817
0.0040000000000000036 -0.012 19842.618122622411
0.0045000000000000005 -0.012 19640.926033641765
0.0049999999999999975 -0.012 19394.4365143256
0.0055000000000000014 -0.012 19044.203573963387
0.0059999999999999984 -0.012 18536.307854270595
0.0064999999999999988 -0.012 17832.456914500715
0.0069999999999999993 -0.012 16917.085310805949
0.0074999999999999997 -0.012 15799.771076248267
0.0080000000000000002 -0.012 14512.93949211735
0.0085000000000000006 -0.012 13105.852439965993
0.0090000000000000011 -0.012 11636.541875128765
0.0095000000000000015 -0.012 10163.525368842293
0.010000000000000002 -0.012 8738.8690691893989
0.010500000000000002 -0.012 7403.5824971056836
0.011000000000000003 -0.012 6185.6410305647059
0.011500000000000003 -0.012 5100.3275426013433
0.012000000000000004 -0.012 4152.1950422543296
0.012499999999999997 -0.012 3337.8222098020742
0.013000000000000005 -0.012 2648.6285981110605
0.013499999999999998 -0.012 2073.250044589247
0.014000000000000005 -0.012 1599.2477273418456
0.014499999999999999 -0.012 1214.1548821265369
0.014999999999999999 -0.012 906.0085254598024
0.0155 -0.012 663.5631267770849
0.016000000000000007 -0.012 476.36075900678429
0.016500000000000001 -0.012 334.77207994365313
0.017000000000000001 -0.012 230.05692888744679
0.017500000000000002 -0.012 154.44391848571686
0.017999999999999995 -0.012 101.2034397611145
0.018500000000000003 -0.012 64.685534574069649
0.019000000000000003 -0.012 40.304887396011608
0.019500000000000003 -0.012 24.470556946282041
0.019999999999999997 -0.012 14.471092658834378
0.020499999999999997 -0.012 8.3329375061507172
0.021000000000000005 -0.012 4.6712032252677052
0.021500000000000005 -0.012 2.5486446338568283
0.021999999999999999 -0.012 1.3532346417104659
0.022499999999999999 -0.012 0.69914548415332156
0.023000000000000007 -0.012 0.35143989020701299
0.023500000000000007 -0.012 0.1718663404950084
0.024 -0.012 0.081763803943934815
0.024500000000000001 -0.012 0.037839165253432699
0.025000000000000001 -0.012 0.017033985378741366
-0.025000000000000001 -0.0115 0.024389231443723233
-0.024500000000000001 -0.0115 0.053990744084894113
-0.024 -0.0115 0.11628979368046295
-0.0235 -0.0115 0.24370688814949926
-0.023 -0.0115 0.49694104783779935
-0.022500000000000003 -0.0115 0.98597236262284949
-0.022000000000000002 -0.0115 1.9035551736488281
-0.021500000000000002 -0.0115 3.5762892989870569
-0.021000000000000001 -0.0115 6.5388470555402076
-0.020500000000000001 -0.0115 11.636371085411547
-0.02 -0.0115 20.157776797288655
-0.0195 -0.0115 33.998127790055648
-0.019 -0.0115 55.841259942934627
-0.018500000000000003 -0.0115 89.345082423650879
-0.018000000000000002 -0.0115 139.30328587437774
-0.017500000000000002 -0.0115 211.75148678811578
-0.017000000000000001 -0.0115 313.98668332307159
-0.016500000000000001 -0.0115 454.47922043764248
-0.016 -0.0115 642.67680076146337
-0.0155 -0.0115 888.72681874952877
-0.015000000000000001 -0.0115 1203.1678406481517
-0.014500000000000001 -0.0115 1596.6509571639779
-0.014 -0.0115 2079.7344690027867
-0.0135 -0.0115 2662.7443388062529
-0.012999999999999999 -0.0115 3355.6139511428396
-0.012500000000000001 -0.0115 4167.5323998651284
-0.012 -0.0115 5106.1780010492093
-0.0115 -0.0115 6176.3354466302608
-0.010999999999999999 -0.0115 7377.822048722981
-0.010499999999999999 -0.0115 8702.8817431664465
-0.010000000000000002 -0.0115 10133.502150462624
-0.0095000000000000015 -0.0115 11639.383820152199
-0.0090000000000000011 -0.0115 13177.430847851334
-0.0085000000000000006 -0.0115 14693.537956194659
-0.0080000000000000002 -0.0115 16127.073171941924
-0.0074999999999999997 -0.0115 17417.835817732277
-0.0069999999999999993 -0.0115 18514.540075480309
-0.0064999999999999988 -0.0115 19383.238428314988
-0.0059999999999999984 -0.0115 20013.774565912041
-0.0054999999999999979 -0.0115 20422.502012273781
-0.005000000000000001 -0.0115 20650.161956494194
-0.0044999999999999971 -0.0115 20754.868498011536
-0.0040000000000000001 -0.0115 20801.352545192578
-0.0035000000000000031 -0.0115 20848.644083295014
-0.0029999999999999992 -0.0115 20938.92207127759
-0.0025000000000000022 -0.0115 21090.139517683212
-0.0019999999999999983 -0.0115 21294.223338309672
-0.0015000000000000013 -0.0115 21521.331968856051
-0.00099999999999999742 -0.0115 21729.157110948319
-0.00050000000000000044 -0.0115 21874.972070567928
0 -0.0115 21927.406047047847
0.00050000000000000044 -0.0115 21874.966663311654
0.0010000000000000009 -0.0115 21729.144345983041
0.0015000000000000013 -0.0115 21521.307498644463
0.0020000000000000018 -0.0115 21294.179498303944
0.0024999999999999988 -0.0115 21090.063893233648
0.0030000000000000027 -0.0115 20938.795525204998
0.0034999999999999996 -0.0115 20848.438270982086
0.0040000000000000036 -0.0115 20801.027044982824
0.0045000000000000005 -0.0115 20754.367833706467
0.0049999999999999975 -0.0115 20649.412972113951
0.0055000000000000014 -0.0115 20421.412245131098
0.0059999999999999984 -0.0115 20012.232401982066
0.0064999999999999988 -0.0115 19381.115850911156
0.0069999999999999993 -0.0115 18511.698672903636
0.0074999999999999997 -0.0115 17414.136358372729
0.0080000000000000002 -0.0115 16122.38849104106
0.0085000000000000006 -0.0115 14687.768192437992
0.0090000000000000011 -0.0115 13170.519347844178
0.0095000000000000015 -0.0115 11631.33146616251
0.010000000000000002 -0.0115 10124.377637995593
0.010500000000000002 -0.0115 8692.8255699935162
0.011000000000000003 -0.0115 7367.0427109076945
0.011500000000000003 -0.0115 6165.0974813509347
0.012000000000000004 -0.0115 5094.7828639745258
0.012499999999999997 -0.0115 4156.294434585815
0.013000000000000005 -0.0115 3344.8346133275486
0.013499999999999998 -0.0115 2652.6881656333244
0.014000000000000005 -0.0115 2070.6099565357204
0.014499999999999999 -0.0115 1588.5986031742034
0.014999999999999999 -0.0115 1196.2563406407305
0.0155 -0.0115 882.95705499203007
0.016000000000000007 -0.0115 637.99211985804436
0.016500000000000001 -0.0115 450.77976107046027
0.017000000000000001 -0.0115 311.14528072417937
0.017500000000000002 -0.0115 209.62890932131552
0.017999999999999995 -0.0115 137.76112177085611
0.018500000000000003 -0.0115 88.255314815722798
0.019000000000000003 -0.0115 55.092274349631758
0.019500000000000003 -0.0115 33.497460408775474
0.019999999999999997 -0.0115 19.832269000241755
0.020499999999999997 -0.0115 11.430540571511301
0.021000000000000005 -0.0115 6.4122585172247097
0.021500000000000005 -0.0115 3.5005684845573732
0.021999999999999999 -0.0115 1.8595024837397582
0.022499999999999999 -0.0115 0.96104560148150187
0.023000000000000007 -0.0115 0.48322289817799674
0.023500000000000007 -0.0115 0.23636409176595627
0.024 -0.0115 0.11246715105207947
0.024500000000000001 -0.0115 0.05205520397242637
0.025000000000000001 -0.0115 0.02343604706096954
-0.025000000000000001 -0.010999999999999999 0.033144275919998037
-0.024500000000000001 -0.010999999999999999 0.073273672203770721
-0.024 -0.010999999999999999 0.15762365499392897
-0.0235 -0.010999999999999999 0.32993311048402241
-0.023 -0.010999999999999999 0.67198889448758081
-0.022500000000000003 -0.010999999999999999 1.3317871876209231
-0.022000000000000002 -0.010999999999999999 2.5683492557734371
-0.021500000000000002 -0.010999999999999999 4.8198779322863086
-0.021000000000000001 -0.010999999999999999 8.8024699929813188
-0.020500000000000001 -0.010999999999999999 15.645624364175255
-0.02 -0.010999999999999999 27.067367788708129
-0.0195 -0.010999999999999999 45.585143425172149
-0.019 -0.010999999999999999 74.748428513534591
-0.018500000000000003 -0.010999999999999999 119.36624193793531
-0.018000000000000002 -0.010999999999999999 185.68974257064721
-0.017500000000000002 -0.010999999999999999 281.50115537301804
-0.017000000000000001 -0.010999999999999999 416.06048400626804
-0.016500000000000001 -0.010999999999999999 599.8755304414974
-0.016 -0.010999999999999999 844.29039485080216
-0.0155 -0.010999999999999999 1160.9292215723863
-0.015000000000000001 -0.010999999999999999 1561.0749778499692
-0.014500000000000001 -0.010999999999999999 2055.0910845023832
-0.014 -0.010999999999999999 2651.9887448582881
-0.0135 -0.010999999999999999 3359.1926219750794
-0.012999999999999999 -0.010999999999999999 4182.4641749329057
-0.012500000000000001 -0.010999999999999999 5125.8278705845069
-0.012 -0.010999999999999999 6191.2527286271543
-0.0115 -0.010999999999999999 7377.8220487229801
-0.010999999999999999 -0.010999999999999999 8680.2204979721282
-0.010499999999999999 -0.010999999999999999 10086.591363176627
-0.010000000000000002 -0.010999999999999999 11576.130393717171
-0.0095000000000000015 -0.010999999999999999 13117.097905793162
-0.0090000000000000011 -0.010999999999999999 14666.126729667723
-0.0085000000000000006 -0.010999999999999999 16169.664529408376
-0.0080000000000000002 -0.010999999999999999 17568.051541773286
-0.0074999999999999997 -0.010999999999999999 18802.126155247908
-0.0069999999999999993 -0.010999999999999999 19821.501651775703
-0.0064999999999999988 -0.010999999999999999 20592.977900653234
-0.0059999999999999984 -0.010999999999999999 21107.172855170258
-0.0054999999999999979 -0.010999999999999999 21381.556027719078
-0.005000000000000001 -0.010999999999999999 21458.691473977513
-0.0044999999999999971 -0.010999999999999999 21399.544288683479
-0.0040000000000000001 -0.010999999999999999 21272.921679258503
-0.0035000000000000031 -0.010999999999999999 21143.17746088409
-0.0029999999999999992 -0.010999999999999999 21058.893499741404
-0.0025000000000000022 -0.010999999999999999 21045.162472667744
-0.0019999999999999983 -0.010999999999999999 21101.313038983229
-0.0015000000000000013 -0.010999999999999999 21204.616925184553
-0.00099999999999999742 -0.010999999999999999 21319.026952117492
-0.00050000000000000044 -0.010999999999999999 21406.710016770958
0 -0.010999999999999999 21439.409120355005
0.00050000000000000044 -0.010999999999999999 21406.699914686287
0.0010000000000000009 -0.010999999999999999 21319.003104022711
0.0015000000000000013 -0.010999999999999999 21204.571208810677
0.0020000000000000018 -0.010999999999999999 21101.231135069756
0.0024999999999999988 -0.010999999999999999 21045.021187595565
0.0030000000000000027 -0.010999999999999999 21058.657080552857
0.0034999999999999996 -0.010999999999999999 21142.792952862477
0.0040000000000000036 -0.010999999999999999 21272.313564807486
0.0045000000000000005 -0.010999999999999999 21398.608924619497
0.0049999999999999975 -0.010999999999999999 21457.292186936942
0.0055000000000000014 -0.010999999999999999 21379.520074660224
0.0059999999999999984 -0.010999999999999999 21104.291713642389
0.0064999999999999988 -0.010999999999999999 20589.01240399919
0.0069999999999999993 -0.010999999999999999 19816.193212898397
0.0074999999999999997 -0.010999999999999999 18795.214655254738
0.0080000000000000002 -0.010999999999999999 17559.299405618382
0.0085000000000000006 -0.010999999999999999 16158.88519159464
0.0090000000000000011 -0.010999999999999999 14653.214347719562
0.0095000000000000015 -0.010999999999999999 13102.054128004107
0.010000000000000002 -0.010999999999999999 11559.083560187095
0.010500000000000002 -0.010999999999999999 10067.803958299066
0.011000000000000003 -0.010999999999999999 8660.0820436749236
0.011500000000000003 -0.010999999999999999 7356.8267655201171
0.012000000000000004 -0.010999999999999999 6169.9638098529895
0.012499999999999997 -0.010999999999999999 5104.8325873816566
0.013000000000000005 -0.010999999999999999 4162.3257206356939
0.013499999999999998 -0.010999999999999999 3340.4052170975119
0.014000000000000005 -0.010999999999999999 2634.9419113281529
0.014499999999999999 -0.010999999999999999 2040.047306713172
0.014999999999999999 -0.010999999999999999 1548.1625959013097
0.0155 -0.010999999999999999 1150.1498837570991
0.016000000000000007 -0.010999999999999999 835.53825869113018
0.016500000000000001 -0.010999999999999999 592.96403043407361
0.017000000000000001 -0.010999999999999999 410.75204508744946
0.017500000000000002 -0.010999999999999999 277.5356586013317
0.017999999999999995 -0.010999999999999999 182.80860071854519
0.018500000000000003 -0.010999999999999999 117.33028800988295
0.019000000000000003 -0.010999999999999999 73.34913920667158
0.019500000000000003 -0.010999999999999999 44.649773614077304
0.019999999999999997 -0.010999999999999999 26.459239162762533
0.020499999999999997 -0.010999999999999999 15.261082338664918
0.021000000000000005 -0.010999999999999999 8.5659714680161514
0.021500000000000005 -0.010999999999999999 4.6784128268345961
0.021999999999999999 -0.010999999999999999 2.4860479959368025
0.022499999999999999 -0.010999999999999999 1.2852178668867231
0.023000000000000007 -0.010999999999999999 0.64636001684220745
0.023500000000000007 -0.010999999999999999 0.31621496082422246
0.024 -0.010999999999999999 0.15048201835674391
0.024500000000000001 -0.010999999999999999 0.069657607213204992
0.025000000000000001 -0.010999999999999999 0.031363493050231048
-0.025000000000000001 -0.010499999999999999 0.044061042001476876
-0.024500000000000001 -0.010499999999999999 0.097236729354315404
-0.024 -0.010499999999999999 0.20882761673308917
-0.0235 -0.010499999999999999 0.43643418714029775
-0.023 -0.010499999999999999 0.88759982341438759
-0.022500000000000003 -0.010499999999999999 1.7566341171801758
-0.022000000000000002 -0.010499999999999999 3.3830895140270023
-0.021500000000000002 -0.010499999999999999 6.3404689002592285
-0.021000000000000001 -0.010499999999999999 11.564289843668753
-0.020500000000000001 -0.010499999999999999 20.527119897369708
-0.02 -0.010499999999999999 35.463356022743369
-0.0195 -0.010499999999999999 59.637233849672036
-0.019 -0.010499999999999999 97.63345051120352
-0.018500000000000003 -0.010499999999999999 155.63199457012257
-0.018000000000000002 -0.010499999999999999 241.61058093042593
-0.017500000000000002 -0.010499999999999999 365.40510655398515
-0.017000000000000001 -0.010499999999999999 538.55797598561696
-0.016500000000000001 -0.010499999999999999 773.90279335851028
-0.016 -0.010499999999999999 1084.8750914471527
-0.0155 -0.010499999999999999 1484.5989000295158
-0.015000000000000001 -0.010499999999999999 1984.8653556957993
-0.014500000000000001 -0.010499999999999999 2595.1710814816834
-0.014 -0.010499999999999999 3321.995995849903
-0.0135 -0.010499999999999999 4168.4531994142853
-0.012999999999999999 -0.010499999999999999 5134.3344637581258
-0.012500000000000001 -0.010499999999999999 6216.4250160788206
-0.012 -0.010499999999999999 7408.8177173462209
-0.0115 -0.010499999999999999 8702.8817431664465
-0.010999999999999999 -0.010499999999999999 10086.591363176633
-0.010499999999999999 -0.010499999999999999 11543.121446399788
-0.010000000000000002 -0.010499999999999999 13048.939503227462
-0.0095000000000000015 -0.010499999999999999 14571.981716162216
-0.0090000000000000011 -0.010499999999999999 16070.762978830102
-0.0085000000000000006 -0.010499999999999999 17495.306984118524
-0.0080000000000000002 -0.010499999999999999 18790.509780597393
-0.0074999999999999997 -0.010499999999999999 19901.980304776745
-0.0069999999999999993 -0.010499999999999999 20783.656193117691
-0.0064999999999999988 -0.010499999999999999 21405.78341273791
-0.0059999999999999984 -0.010499999999999999 21761.414076391065
-0.0054999999999999979 -0.010499999999999999 21869.608086139986
-0.005000000000000001 -0.010499999999999999 21774.087650908896
-0.0044999999999999971 -0.010499999999999999 21537.094217259018
-0.0040000000000000001 -0.010499999999999999 21229.391250803106
-0.0035000000000000031 -0.010499999999999999 20918.415378873284
-0.0029999999999999992 -0.010499999999999999 20657.186442075708
-0.0025000000000000022 -0.010499999999999999 20476.538246374785
-0.0019999999999999983 -0.010499999999999999 20382.499399881872
-0.0015000000000000013 -0.010499999999999999 20359.405652833357
-0.00099999999999999742 -0.010499999999999999 20377.882575993997
-0.00050000000000000044 -0.010499999999999999 20405.585965886166
0 -0.010499999999999999 20417.869532435972
0.00050000000000000044 -0.010499999999999999 20405.567609747923
0.0010000000000000009 -0.010499999999999999 20377.839242470389
0.0015000000000000013 -0.010499999999999999 20359.322583238692
0.0020000000000000018 -0.010499999999999999 20382.350575197914
0.0024999999999999988 -0.010499999999999999 20476.281522302343
0.0030000000000000027 -0.010499999999999999 20656.75685318885
0.0034999999999999996 -0.010499999999999999 20917.716703042399
0.0040000000000000036 -0.010499999999999999 21228.286267693657
0.0045000000000000005 -0.010499999999999999 21535.394600533637
0.0049999999999999975 -0.010499999999999999 21771.545056266496
0.0055000000000000014 -0.010499999999999999 21865.908628352186
0.0059999999999999984 -0.010499999999999999 21756.17885673968
0.0064999999999999988 -0.010499999999999999 21398.577850008704
0.0069999999999999993 -0.010499999999999999 20774.010417906782
0.0074999999999999997 -0.010499999999999999 19889.421664309135
0.0080000000000000002 -0.010499999999999999 18774.606585719059
0.0085000000000000006 -0.010499999999999999 17475.720233309672
0.0090000000000000011 -0.010499999999999999 16047.300349498166
0.0095000000000000015 -0.010499999999999999 14544.646203362672
0.010000000000000002 -0.010499999999999999 13017.964309184645
0.010500000000000002 -0.010499999999999999 11508.983522156168
0.011000000000000003 -0.010499999999999999 10049.998495153508
0.011500000000000003 -0.010499999999999999 8664.7319618569109
0.012000000000000004 -0.010499999999999999 7370.1343812986215
0.012499999999999997 -0.010499999999999999 6178.2752347692958
0.013000000000000005 -0.010499999999999999 5097.7415957349913
0.013499999999999998 -0.010499999999999999 4134.3152751706457
0.014000000000000005 -0.010499999999999999 3291.0208018069834
0.014499999999999999 -0.010499999999999999 2567.8355686818604
0.014999999999999999 -0.010499999999999999 1961.4027263629646
0.0155 -0.010499999999999999 1465.0121492178489
0.016000000000000007 -0.010499999999999999 1068.9718965601596
0.016500000000000001 -0.010499999999999999 761.34415286500439
0.017000000000000001 -0.010499999999999999 528.91220069927272
0.017500000000000002 -0.010499999999999999 358.19954361102418
0.017999999999999995 -0.010499999999999999 236.37536068988783
0.018500000000000003 -0.010499999999999999 151.93253520293956
0.019000000000000003 -0.010499999999999999 95.090851750815375
0.019500000000000003 -0.010499999999999999 57.937606681416248
0.019999999999999997 -0.010499999999999999 34.358347156526641
0.020499999999999997 -0.010499999999999999 19.828382279220008
0.021000000000000005 -0.010499999999999999 11.134556797428205
0.021500000000000005 -0.010499999999999999 6.0834176957687953
0.021999999999999999 -0.010499999999999999 3.233542826138593
0.022499999999999999 -0.010499999999999999 1.6720146631543642
0.023000000000000007 -0.010499999999999999 0.8410305026801711
0.023500000000000007 -0.010499999999999999 0.41150742599894324
0.024 -0.010499999999999999 0.19585080316652376
0.024500000000000001 -0.010499999999999999 0.090666106454961093
0.025000000000000001 -0.010499999999999999 0.040825244875762563
-0.025000000000000001 -0.010000000000000002 0.057406788581441957
-0.024500000000000001 -0.010000000000000002 0.12639732978099838
-0.024 -0.010000000000000002 0.27086893445925264
-0.0235 -0.010000000000000002 0.56495328889656804
-0.023 -0.010000000000000002 1.1467958070142033
-0.022500000000000003 -0.010000000000000002 2.2655374915025455
-0.022000000000000002 -0.010000000000000002 4.355752226351326
-0.021500000000000002 -0.010000000000000002 8.1500721372830878
-0.021000000000000001 -0.010000000000000002 14.841270075450673
-0.020500000000000001 -0.010000000000000002 26.302887953803481
-0.02 -0.010000000000000002 45.370947945842588
-0.0195 -0.010000000000000002 76.176898536735408
-0.019 -0.010000000000000002 124.50322370395823
-0.018500000000000003 -0.010000000000000002 198.10950550090419
-0.018000000000000002 -0.010000000000000002 306.95241386883953
-0.017500000000000002 -0.010000000000000002 463.20544066738751
-0.017000000000000001 -0.010000000000000002 680.98275790108255
-0.016500000000000001 -0.010000000000000002 975.69569064032919
-0.016 -0.010000000000000002 1363.0251385143115
-0.0155 -0.010000000000000002 1857.5754697345192
-0.015000000000000001 -0.010000000000000002 2471.3698234239605
-0.014500000000000001 -0.010000000000000002 3212.4268193764565
-0.014 -0.010000000000000002 4083.6918319742967
-0.0135 -0.010000000000000002 5082.5543663512926
-0.012999999999999999 -0.010000000000000002 6201.0569093113545
-0.012500000000000001 -0.010000000000000002 7426.7094366721558
-0.012 -0.010000000000000002 8743.6192690448515
-0.0115 -0.010000000000000002 10133.502150462637
-0.010999999999999999 -0.010000000000000002 11576.130393717196
-0.010499999999999999 -0.010000000000000002 13048.939503227501
-0.010000000000000002 -0.010000000000000002 14525.839693042608
-0.0095000000000000015 -0.010000000000000002 15975.67901401885
-0.0090000000000000011 -0.010000000000000002 17361.143877487619
-0.0085000000000000006 -0.010000000000000002 18639.01296351483
-0.0080000000000000002 -0.010000000000000002 19762.498533403032
-0.0074999999999999997 -0.010000000000000002 20685.905841103846
-0.0069999999999999993 -0.010000000000000002 21371.124110628818
-0.0064999999999999988 -0.010000000000000002 21794.73695624014
-0.0059999999999999984 -0.010000000000000002 21954.051045123873
-0.0054999999999999979 -0.010000000000000002 21870.291724113395
-0.005000000000000001 -0.010000000000000002 21587.686888577846
-0.0044999999999999971 -0.010000000000000002 21168.078010220652
-0.0040000000000000001 -0.010000000000000002 20681.831138295984
-0.0035000000000000031 -0.010000000000000002 20196.852850052084
-0.0029999999999999992 -0.010000000000000002 19768.134864346885
-0.0025000000000000022 -0.010000000000000002 19430.248940859863
-0.0019999999999999983 -0.010000000000000002 19194.556069073613
-0.0015000000000000013 -0.010000000000000002 19051.735499372036
-0.00099999999999999742 -0.010000000000000002 18978.883531418804
-0.00050000000000000044 -0.010000000000000002 18949.246673299065
0 -0.010000000000000002 18941.966074095282
0.00050000000000000044 -0.010000000000000002 18949.214232772145
0.0010000000000000009 -0.010000000000000002 18978.806948734542
0.0015000000000000013 -0.010000000000000002 19051.58869172728
0.0020000000000000018 -0.010000000000000002 19194.293053448921
0.0024999999999999988 -0.010000000000000002 19429.795236269394
0.0030000000000000027 -0.010000000000000002 19767.375658370864
0.0034999999999999996 -0.010000000000000002 20195.618090768654
0.0040000000000000036 -0.010000000000000002 20679.878318272582
0.0045000000000000005 -0.010000000000000002 21165.074303154863
0.0049999999999999975 -0.010000000000000002 21583.193399323023
0.0055000000000000014 -0.010000000000000002 21863.753728028238
0.0059999999999999984 -0.010000000000000002 21944.798920204761
0.0064999999999999988 -0.010000000000000002 21782.002673646013
0.0069999999999999993 -0.010000000000000002 21354.077277231991
0.0074999999999999997 -0.010000000000000002 20663.711144766759
0.0080000000000000002 -0.010000000000000002 19734.393056379104
0.0085000000000000006 -0.010000000000000002 18604.397593518865
0.0090000000000000011 -0.010000000000000002 17319.67872569551
0.0095000000000000015 -0.010000000000000002 15927.369373547084
0.010000000000000002 -0.010000000000000002 14471.097698673415
0.010500000000000002 -0.010000000000000002 12988.608063361889
0.011000000000000003 -0.010000000000000002 11511.460368647944
0.011500000000000003 -0.010000000000000002 10066.080615968118
0.012000000000000004 -0.010000000000000002 8675.254791289788
0.012499999999999997 -0.010000000000000002 7359.2879021776453
0.013000000000000005 -0.010000000000000002 6136.3868842420798
0.013499999999999998 -0.010000000000000002 5022.2229264856433
0.014000000000000005 -0.010000000000000002 4028.949837604936
0.014499999999999999 -0.010000000000000002 3164.1171789042023
0.014999999999999999 -0.010000000000000002 2429.9046716302737
0.0155 -0.010000000000000002 1822.9600997335822
0.016000000000000007 -0.010000000000000002 1334.9196614750927
0.016500000000000001 -0.010000000000000002 953.50099425748226
0.017000000000000001 -0.010000000000000002 663.93592437095049
0.017500000000000002 -0.010000000000000002 450.47115769549976
0.017999999999999995 -0.010000000000000002 297.70028790853604
0.018500000000000003 -0.010000000000000002 191.57150662453188
0.019000000000000003 -0.010000000000000002 120.00972717147961
0.019500000000000003 -0.010000000000000002 73.173173015411706
0.019999999999999997 -0.010000000000000002 43.418082402894882
0.020499999999999997 -0.010000000000000002 25.068019474677413
0.021000000000000005 -0.010000000000000002 14.081809328730799
0.021500000000000005 -0.010000000000000002 7.6957894112618881
0.021999999999999999 -0.010000000000000002 4.0914606149734718
0.022499999999999999 -0.010000000000000002 2.1159908036141291
0.023000000000000007 -0.010000000000000002 1.0644945471775382
0.023500000000000007 -0.010000000000000002 0.52090059898748386
0.024 -0.010000000000000002 0.24793520709635411
0.024500000000000001 -0.010000000000000002 0.11478516679466559
0.025000000000000001 -0.010000000000000002 0.051688213008006766
-0.025000000000000001 -0.0095000000000000015 0.073480889937399735
-0.024500000000000001 -0.0095000000000000015 0.16130629603111446
-0.024 -0.0095000000000000015 0.34471219827898486
-0.0235 -0.0095000000000000015 0.71708438724176493
-0.023 -0.0095000000000000015 1.4520260135292435
-0.022500000000000003 -0.0095000000000000015 2.8618972369357065
-0.022000000000000002 -0.0095000000000000015 5.4903167673812545
-0.021500000000000002 -0.0095000000000000015 10.251714873592404
-0.021000000000000001 -0.0095000000000000015 18.63150449728624
-0.020500000000000001 -0.0095000000000000015 32.957448379374782
-0.02 -0.0095000000000000015 56.744267229299467
-0.0195 -0.0095000000000000015 95.09761954606391
-0.019 -0.0095000000000000015 155.13964570582579
-0.018500000000000003 -0.0095000000000000015 246.38808319421702
-0.018000000000000002 -0.0095000000000000015 380.98984342096423
-0.017500000000000002 -0.0095000000000000015 573.68716232928568
-0.017000000000000001 -0.0095000000000000015 841.39219518618654
-0.016500000000000001 -0.0095000000000000015 1202.2763736572206
-0.016 -0.0095000000000000015 1674.3512678702396
-0.0155 -0.0095000000000000015 2273.6249438334657
-0.015000000000000001 -0.0095000000000000015 3012.0440822544065
-0.014500000000000001 -0.0095000000000000015 3895.5448461485507
-0.014 -0.0095000000000000015 4922.5933435796569
-0.0135 -0.0095000000000000015 6083.562015120523
-0.012999999999999999 -0.0095000000000000015 7361.1439231628556
-0.012500000000000001 -0.0095000000000000015 8731.7696172748965
-0.012 -0.0095000000000000015 10167.717405501386
-0.0115 -0.0095000000000000015 11639.383820152267
-0.010999999999999999 -0.0095000000000000015 13117.097905793284
-0.010499999999999999 -0.0095000000000000015 14571.981716162412
-0.010000000000000002 -0.0095000000000000015 15975.679014019081
-0.0095000000000000015 -0.0095000000000000015 17299.21661607565
-0.0090000000000000011 -0.0095000000000000015 18511.686258286441
-0.0085000000000000006 -0.0095000000000000015 19579.675476917764
-0.0080000000000000002 -0.0095000000000000015 20468.307344560115
-0.0074999999999999997 -0.0095000000000000015 21144.337332711311
-0.0069999999999999993 -0.0095000000000000015 21581.088760085499
-0.0064999999999999988 -0.0095000000000000015 21764.28111159438
-0.0059999999999999984 -0.0095000000000000015 21697.263296762867
-0.0054999999999999979 -0.0095000000000000015 21404.020008448828
-0.005000000000000001 -0.0095000000000000015 20928.675927740103
-0.0044999999999999971 -0.0095000000000000015 20331.024422906416
-0.0040000000000000001 -0.0095000000000000015 19678.647883224901
-0.0035000000000000031 -0.0095000000000000015 19037.175953807651
-0.0029999999999999992 -0.0095000000000000015 18460.844855621886
-0.0025000000000000022 -0.0095000000000000015 17985.569718600869
-0.0019999999999999983 -0.0095000000000000015 17626.178829800661
-0.0015000000000000013 -0.0095000000000000015 17378.420196099272
-0.00099999999999999742 -0.0095000000000000015 17225.115537094796
-0.00050000000000000044 -0.0095000000000000015 17144.745710716401
0 -0.0095000000000000015 17120.109793864995
0.00050000000000000044 -0.0095000000000000015 17144.68994969195
0.0010000000000000009 -0.0095000000000000015 17224.983901473097
0.0015000000000000013 -0.0095000000000000015 17378.167852951818
0.0020000000000000018 -0.0095000000000000015 17625.72674032893
0.0024999999999999988 -0.0095000000000000015 17984.789859727967
0.0030000000000000027 -0.0095000000000000015 18459.539879808999
0.0034999999999999996 -0.0095000000000000015 19035.05356403398
0.0040000000000000036 -0.0095000000000000015 19675.291240919698
0.0045000000000000005 -0.0095000000000000015 20325.861443170124
0.0049999999999999975 -0.0095000000000000015 20920.952207197533
0.0055000000000000014 -0.0095000000000000015 21392.782047967237
0.0059999999999999984 -0.0095000000000000015 21681.360103665553
0.0064999999999999988 -0.0095000000000000015 21742.392544716953
0.0069999999999999993 -0.0095000000000000015 21551.78748220851
0.0074999999999999997 -0.0095000000000000015 21106.187551480416
0.0080000000000000002 -0.0095000000000000015 20419.997704114117
0.0085000000000000006 -0.0095000000000000015 19520.176181567382
0.0090000000000000011 -0.0095000000000000015 18440.413083580679
0.0095000000000000015 -0.0095000000000000015 17216.178660189718
0.010000000000000002 -0.0095000000000000015 15881.584682760413
0.010500000000000002 -0.0095000000000000015 14468.279858869078
0.011000000000000003 -0.0095000000000000015 13005.93858776894
0.011500000000000003 -0.0095000000000000015 11523.495017162939
0.012000000000000004 -0.0095000000000000015 10050.207806329201
0.012499999999999997 -0.0095000000000000015 8615.8808142855778
0.013000000000000005 -0.0095000000000000015 7249.9846051384784
0.013499999999999998 -0.0095000000000000015 5979.8601578271173
0.014000000000000005 -0.0095000000000000015 4828.4990123207153
0.014499999999999999 -0.0095000000000000015 3812.5068902617777
0.014999999999999999 -0.0095000000000000015 2940.7709075459347
0.0155 -0.0095000000000000015 2214.1256484745436
0.016000000000000007 -0.0095000000000000015 1626.0416273979715
0.016500000000000001 -0.0095000000000000015 1164.1265923476783
0.017000000000000001 -0.0095000000000000015 812.09091708006588
0.017500000000000002 -0.0095000000000000015 551.79859480255016
0.017999999999999995 -0.0095000000000000015 365.08664853397676
0.018500000000000003 -0.0095000000000000015 235.1501179148903
0.019000000000000003 -0.0095000000000000015 147.4159126539187
0.019500000000000003 -0.0095000000000000015 89.93460808712166
0.019999999999999997 -0.0095000000000000015 53.387546681954142
0.020499999999999997 -0.0095000000000000015 30.834870912574431
0.021000000000000005 -0.0095000000000000015 17.326090766872039
0.021500000000000005 -0.0095000000000000015 9.4708622612627185
0.021999999999999999 -0.0095000000000000015 5.0360340413601108
0.022499999999999999 -0.0095000000000000015 2.6048460324453164
0.023000000000000007 -0.0095000000000000015 1.3105609080775262
0.023500000000000007 -0.0095000000000000015 0.64136357281209111
0.024 -0.0095000000000000015 0.30529211933691025
0.024500000000000001 -0.0095000000000000015 0.1413465060516621
0.025000000000000001 -0.0095000000000000015 0.063651406183017858
-0.025000000000000001 -0.0090000000000000011 0.092671321801130663
-0.024500000000000001 -0.0090000000000000011 0.20266116482599525
-0.024 -0.0090000000000000011 0.43154009518469721
-0.0235 -0.0090000000000000011 0.89468997592242505
-0.023 -0.0090000000000000011 1.8059342644239658
-0.022500000000000003 -0.0090000000000000011 3.5488576319066656
-0.022000000000000002 -0.0090000000000000011 6.7891347785047751
-0.021500000000000002 -0.0090000000000000011 12.643420124687475
-0.021000000000000001 -0.0090000000000000011 22.920696592308438
-0.020500000000000001 -0.0090000000000000011 40.448039575206785
-0.02 -0.0090000000000000011 69.481999832393626
-0.0195 -0.0090000000000000011 116.18702783151548
-0.019 -0.0090000000000000011 189.13279406238956
-0.018500000000000003 -0.0090000000000000011 299.7250915666541
-0.018000000000000002 -0.0090000000000000011 462.44674172726604
-0.017500000000000002 -0.0090000000000000011 694.75690948296017
-0.017000000000000001 -0.0090000000000000011 1016.4944763973504
-0.016500000000000001 -0.0090000000000000011 1448.6687549173521
-0.016 -0.0090000000000000011 2011.6083356107561
-0.0155 -0.0090000000000000011 2722.5732888474558
-0.015000000000000001 -0.0090000000000000011 3593.0966270870999
-0.014500000000000001 -0.0090000000000000011 4626.4688861645282
-0.014 -0.0090000000000000011 5815.8642797237808
-0.0135 -0.0090000000000000011 7143.5802967422169
-0.012999999999999999 -0.0090000000000000011 8581.6990490348999
-0.012500000000000001 -0.0090000000000000011 10094.19190970158
-0.012 -0.0090000000000000011 11640.13998587218
-0.0115 -0.0090000000000000011 13177.430847851578
-0.010999999999999999 -0.0090000000000000011 14666.126729668173
-0.010499999999999999 -0.0090000000000000011 16070.762978830864
-0.010000000000000002 -0.0090000000000000011 17361.143877488772
-0.0095000000000000015 -0.0090000000000000011 18511.686258287751
-0.0090000000000000011 -0.0090000000000000011 19499.873954241546
-0.0085000000000000006 -0.0090000000000000011 20304.748598532591
-0.0080000000000000002 -0.0090000000000000011 20906.423957871601
-0.0074999999999999997 -0.0090000000000000011 21287.311041554269
-0.0069999999999999993 -0.0090000000000000011 21435.143493578533
-0.0064999999999999988 -0.0090000000000000011 21347.176911833376
-0.0059999999999999984 -0.0090000000000000011 21034.343651778217
-0.0054999999999999979 -0.0090000000000000011 20523.898649966723
-0.005000000000000001 -0.0090000000000000011 19859.313419968563
-0.0044999999999999971 -0.0090000000000000011 19096.835538870124
-0.0040000000000000001 -0.0090000000000000011 18299.050832170804
-0.0035000000000000031 -0.0090000000000000011 17526.689582718987
-0.0029999999999999992 -0.0090000000000000011 16830.521735082384
-0.0025000000000000022 -0.0090000000000000011 16245.287381976859
-0.0019999999999999983 -0.0090000000000000011 15787.15460045582
-0.0015000000000000013 -0.0090000000000000011 15455.300960425295
-0.00099999999999999742 -0.0090000000000000011 15237.125521206353
-0.00050000000000000044 -0.0090000000000000011 15115.622792660628
0 -0.0090000000000000011 15076.866779328724
0.00050000000000000044 -0.0090000000000000011 15115.529572498728
0.0010000000000000009 -0.0090000000000000011 15236.905455415112
0.0015000000000000013 -0.0090000000000000011 15454.879098214346
0.0020000000000000018 -0.0090000000000000011 15786.398806347612
0.0024999999999999988 -0.0090000000000000011 16243.983629560082
0.0030000000000000027 -0.0090000000000000011 16828.340102701186
0.0034999999999999996 -0.0090000000000000011 17523.141414078593
0.0040000000000000036 -0.0090000000000000011 18293.439264912002
0.0045000000000000005 -0.0090000000000000011 19088.204172936032
0.0049999999999999975 -0.0090000000000000011 19846.401058932752
0.0055000000000000014 -0.0090000000000000011 20505.111253109895
0.0059999999999999984 -0.0090000000000000011 21007.757012636775
0.0064999999999999988 -0.0090000000000000011 21310.584044895742
0.0069999999999999993 -0.0090000000000000011 21386.158205119045
0.0074999999999999997 -0.0090000000000000011 21223.533002722415
0.0080000000000000002 -0.0090000000000000011 20825.66087024943
0.0085000000000000006 -0.0090000000000000011 20205.278870348378
0.0090000000000000011 -0.0090000000000000011 19380.720890779885
0.0095000000000000015 -0.0090000000000000011 18372.865069695417
0.010000000000000002 -0.0090000000000000011 17203.838862381315
0.010500000000000002 -0.0090000000000000011 15897.39629446224
0.011000000000000003 -0.0090000000000000011 14480.292812074522
0.011500000000000003 -0.0090000000000000011 12983.690272184956
0.012000000000000004 -0.0090000000000000011 11443.689795666409
0.012499999999999997 -0.0090000000000000011 9900.4513340349658
0.013000000000000005 -0.0090000000000000011 8395.8651314412
0.013499999999999998 -0.0090000000000000011 6970.2136123734699
0.014000000000000005 -0.0090000000000000011 5658.5592646158802
0.014499999999999999 -0.0090000000000000011 4487.6476975707983
0.014999999999999999 -0.0090000000000000011 3473.9435636209187
0.0155 -0.0090000000000000011 2623.1035606489745
0.016000000000000007 -0.0090000000000000011 1930.8452479446762
0.016500000000000001 -0.0090000000000000011 1384.8907159540274
0.017000000000000001 -0.0090000000000000011 967.50918755481894
0.017500000000000002 -0.0090000000000000011 658.16404145982722
0.017999999999999995 -0.0090000000000000011 435.86009959388247
0.018500000000000003 -0.0090000000000000011 280.93768668907757
0.019000000000000003 -0.0090000000000000011 176.22041211372536
0.019500000000000003 -0.0090000000000000011 107.55560886413771
0.019999999999999997 -0.0090000000000000011 63.870301769945371
0.020499999999999997 -0.0090000000000000011 36.899557153201243
0.021000000000000005 -0.0090000000000000011 20.738332109375246
0.021500000000000005 -0.0090000000000000011 11.3380063942733
0.021999999999999999 -0.0090000000000000011 6.0296740317850022
0.022499999999999999 -0.0090000000000000011 3.1191245856661918
0.023000000000000007 -0.0090000000000000011 1.5694357394588112
0.023500000000000007 -0.0090000000000000011 0.76810143760694505
0.024 -0.0090000000000000011 0.36563839812631688
0.024500000000000001 -0.0090000000000000011 0.16929278840778375
0.025000000000000001 -0.0090000000000000011 0.076238588077451111
-0.025000000000000001 -0.0085000000000000006 0.11553500452736823
-0.024500000000000001 -0.0085000000000000006 0.25147262908768342
-0.024 -0.0085000000000000006 0.53308924115165823
-0.0235 -0.0085000000000000006 1.1005610841036289
-0.023 -0.0085000000000000006 2.2126225437012397
-0.022500000000000003 -0.0085000000000000006 4.3316635582457392
-0.022000000000000002 -0.0085000000000000006 8.2572107291686834
-0.021500000000000002 -0.0085000000000000006 15.32578252164836
-0.021000000000000001 -0.0085000000000000006 27.695221806732921
-0.020500000000000001 -0.0085000000000000006 48.726560194916665
-0.02 -0.0085000000000000006 83.463300816292175
-0.0195 -0.0085000000000000006 139.18414623508085
-0.019 -0.0085000000000000006 225.96982101887014
-0.018500000000000003 -0.0085000000000000006 357.18040930962877
-0.018000000000000002 -0.0085000000000000006 549.69431122350102
-0.017500000000000002 -0.0085000000000000006 823.72700538524418
-0.017000000000000001 -0.0085000000000000006 1202.0451281570106
-0.016500000000000001 -0.0085000000000000006 1708.4370281202903
-0.016 -0.0085000000000000006 2365.4065055949695
-0.0155 -0.0085000000000000006 3191.2190054289977
-0.015000000000000001 -0.0085000000000000006 4196.6253971035821
-0.014500000000000001 -0.0085000000000000006 5381.7721146320555
-0.014 -0.0085000000000000006 6733.9178034384195
-0.0135 -0.0085000000000000006 8226.5575453179117
-0.012999999999999999 -0.0085000000000000006 9820.3720256267497
-0.012500000000000001 -0.0085000000000000006 11466.081263502792
-0.012 -0.0085000000000000006 13108.856165487297
-0.0115 -0.0085000000000000006 14693.537956195463
-0.010999999999999999 -0.0085000000000000006 16169.664529409854
-0.010499999999999999 -0.0085000000000000006 17495.306984121125
-0.010000000000000002 -0.0085000000000000006 18639.012963519108
-0.0095000000000000015 -0.0085000000000000006 19579.675476924036
-0.0090000000000000011 -0.0085000000000000006 20304.748598539521
-0.0085000000000000006 -0.0085000000000000006 20807.720742793095
-0.0080000000000000002 -0.0085000000000000006 21085.957417472608
-0.0074999999999999997 -0.0085000000000000006 21139.84938770462
-0.0069999999999999993 -0.0085000000000000006 20973.686600835012
-0.0064999999999999988 -0.0085000000000000006 20597.984213306365
-0.0059999999999999984 -0.0085000000000000006 20032.349909167297
-0.0054999999999999979 -0.0085000000000000006 19307.630536235723
-0.005000000000000001 -0.0085000000000000006 18466.1517384379
-0.0044999999999999971 -0.0085000000000000006 17559.365826907637
-0.0040000000000000001 -0.0085000000000000006 16643.003574302063
-0.0035000000000000031 -0.0085000000000000006 15770.638507642037
-0.0029999999999999992 -0.0085000000000000006 14987.153026439541
-0.0025000000000000022 -0.0085000000000000006 14323.748711241406
-0.0019999999999999983 -0.0085000000000000006 13795.805484378769
-0.0015000000000000013 -0.0085000000000000006 13404.155097295235
-0.00099999999999999742 -0.0085000000000000006 13139.406661447845
-0.00050000000000000044 -0.0085000000000000006 12988.116292717004
0 -0.0085000000000000006 12939.076467448598
0.00050000000000000044 -0.0085000000000000006 12987.964718537507
0.0010000000000000009 -0.0085000000000000006 13139.048838729408
0.0015000000000000013 -0.0085000000000000006 13403.469157502976
0.0020000000000000018 -0.0085000000000000006 13794.576577782911
0.0024999999999999988 -0.0085000000000000006 14321.628835038433
0.0030000000000000027 -0.0085000000000000006 14983.60573440078
0.0034999999999999996 -0.0085000000000000006 15764.869254087367
0.0040000000000000036 -0.0085000000000000006 16633.879274519186
0.0045000000000000005 -0.0085000000000000006 17545.331392909757
0.0049999999999999975 -0.0085000000000000006 18445.156489238932
0.0055000000000000014 -0.0085000000000000006 19277.082592469658
0.0059999999999999984 -0.0085000000000000006 19989.12054835639
0.0064999999999999988 -0.0085000000000000006 20538.484919712442
0.0069999999999999993 -0.0085000000000000006 20894.037469631337
0.0074999999999999997 -0.0085000000000000006 21036.147530624967
0.0080000000000000002 -0.0085000000000000006 20954.638199708839
0.0085000000000000006 -0.0085000000000000006 20645.984889436008
0.0090000000000000011 -0.0085000000000000006 20111.008022880222
0.0095000000000000015 -0.0085000000000000006 19353.954910366891
0.010000000000000002 -0.0085000000000000006 18383.238052697634
0.010500000000000002 -0.0085000000000000006 17213.416109863188
0.011000000000000003 -0.0085000000000000006 15867.502175160367
0.011500000000000003 -0.0085000000000000006 14378.519528907693
0.012000000000000004 -0.0085000000000000006 12789.431957388031
0.012499999999999997 -0.0085000000000000006 11151.062836215024
0.013000000000000005 -0.0085000000000000006 9518.209671377188
0.013499999999999998 -0.0085000000000000006 7944.6666710597792
0.014000000000000005 -0.0085000000000000006 6478.142892616238
0.014499999999999999 -0.0085000000000000006 5156.0515480726463
0.014999999999999999 -0.0085000000000000006 4002.8848214369486
0.0155 -0.0085000000000000006 3029.4831520487201
0.016000000000000007 -0.0085000000000000006 2234.0872877598222
0.016500000000000001 -0.0085000000000000006 1604.7351708268741
0.017000000000000001 -0.0085000000000000006 1122.3959963305174
0.017500000000000002 -0.0085000000000000006 764.22771002632101
0.017999999999999995 -0.0085000000000000006 506.46494554775751
0.018500000000000003 -0.0085000000000000006 326.63245250198116
0.019000000000000003 -0.0085000000000000006 204.97453781600356
0.019500000000000003 -0.0085000000000000006 125.14962600611288
0.019999999999999997 -0.0085000000000000006 74.338788349228111
0.020499999999999997 -0.0085000000000000006 42.956796437416557
0.021000000000000005 -0.0085000000000000006 24.146739384727162
0.021500000000000005 -0.0085000000000000006 13.20320505484786
0.021999999999999999 -0.0085000000000000006 7.0223422500425681
0.022499999999999999 -0.0085000000000000006 3.6329259400959879
0.023000000000000007 -0.0085000000000000006 1.8280805181908168
0.023500000000000007 -0.0085000000000000006 0.89473057020333724
0.024 -0.0085000000000000006 0.42593435688699599
0.024500000000000001 -0.0085000000000000006 0.19721629468667978
0.025000000000000001 -0.0085000000000000006 0.088815697454699041
-0.025000000000000001 -0.0080000000000000002 0.14289045334458123
-0.024500000000000001 -0.0080000000000000002 0.30926114706424979
-0.024 -0.0080000000000000002 0.65205676701353033
-0.0235 -0.0080000000000000002 1.339236658770691
-0.023 -0.0080000000000000002 2.6792601477338573
-0.022500000000000003 -0.0080000000000000002 5.2207399076406951
-0.022000000000000002 -0.0080000000000000002 9.9079441200426022
-0.021500000000000002 -0.0080000000000000002 18.31240124076897
-0.021000000000000001 -0.0080000000000000002 32.960595547519283
-0.020500000000000001 -0.0080000000000000002 57.771417180825601
-0.02 -0.0080000000000000002 98.601294054699878
-0.0195 -0.0080000000000000002 163.86692308454178
-0.019 -0.0080000000000000002 265.17442708079835
-0.018500000000000003 -0.0080000000000000002 417.83281654948206
-0.018000000000000002 -0.0080000000000000002 641.07790120269203
-0.017500000000000002 -0.0080000000000000002 957.79586428052698
-0.017000000000000001 -0.0080000000000000002 1393.5341075673459
-0.016500000000000001 -0.0080000000000000002 1974.6414693615759
-0.016 -0.0080000000000000002 2725.5038616210259
-0.0155 -0.0080000000000000002 3665.0316343891323
-0.015000000000000001 -0.0080000000000000002 4802.7846925702115
-0.014500000000000001 -0.0080000000000000002 6135.3386255337246
-0.014 -0.0080000000000000002 7643.6308716229969
-0.0135 -0.0080000000000000002 9292.0123589890118
-0.012999999999999999 -0.0080000000000000002 11029.525276917437
-0.012500000000000001 -0.0080000000000000002 12793.539482244178
-0.012 -0.0080000000000000002 14515.378326041953
-0.0115 -0.0080000000000000002 16127.073171944437
-0.010999999999999999 -0.0080000000000000002 17568.051541777946
-0.010499999999999999 -0.0080000000000000002 18790.50978060572
-0.010000000000000002 -0.0080000000000000002 19762.498533417238
-0.0095000000000000015 -0.0080000000000000002 20468.307344582809
-0.0090000000000000011 -0.0080000000000000002 20906.423957903909
-0.0085000000000000006 -0.0080000000000000002 21085.957417507321
-0.0080000000000000002 -0.0080000000000000002 21022.754728809639
-0.0074999999999999997 -0.0080000000000000002 20736.3921278505
-0.0069999999999999993 -0.0080000000000000002 20248.79478972498
-0.0064999999999999988 -0.0080000000000000002 19584.574112752511
-0.0059999999999999984 -0.0080000000000000002 18772.495793190665
-0.0054999999999999979 -0.0080000000000000002 17847.038448791289
-0.005000000000000001 -0.0080000000000000002 16848.930356519326
-0.0044999999999999971 -0.0080000000000000002 15823.888444852046
-0.0040000000000000001 -0.0080000000000000002 14819.41545719782
-0.0035000000000000031 -0.0080000000000000002 13880.223357152883
-0.0029999999999999992 -0.0080000000000000002 13043.401622467503
-0.0025000000000000022 -0.0080000000000000002 12334.650465188819
-0.0019999999999999983 -0.0080000000000000002 11766.678750571875
-0.0015000000000000013 -0.0080000000000000002 11340.288091830615
-0.00099999999999999742 -0.0080000000000000002 11047.904630720417
-0.00050000000000000044 -0.0080000000000000002 10878.609914419096
0 -0.0080000000000000002 10823.276859167547
0.00050000000000000044 -0.0080000000000000002 10878.370209545783
0.0010000000000000009 -0.0080000000000000002 11047.33875697019
0.0015000000000000013 -0.0080000000000000002 11339.203321907758
0.0020000000000000018 -0.0080000000000000002 11764.73531336612
0.0024999999999999988 -0.0080000000000000002 12331.298016517499
0.0030000000000000027 -0.0080000000000000002 13037.791806920042
0.0034999999999999996 -0.0080000000000000002 13871.099651538978
0.0040000000000000036 -0.0080000000000000002 14804.985960493761
0.0045000000000000005 -0.0080000000000000002 15801.693884838136
0.0049999999999999975 -0.0080000000000000002 16815.72771233548
0.0055000000000000014 -0.0080000000000000002 17798.728828943451
0.0059999999999999984 -0.0080000000000000002 18704.131323129019
0.0064999999999999988 -0.0080000000000000002 19490.479784284798
0.0069999999999999993 -0.0080000000000000002 20122.83478144664
0.0074999999999999997 -0.0080000000000000002 20572.394271516954
0.0080000000000000002 -0.0080000000000000002 20815.081782392539
0.0085000000000000006 -0.0080000000000000002 20830.182506721809
0.0090000000000000011 -0.0080000000000000002 20600.035625161247
0.0095000000000000015 -0.0080000000000000002 20111.344701017679
0.010000000000000002 -0.0080000000000000002 19358.006866055795
0.010500000000000002 -0.0080000000000000002 18344.717386909408
0.011000000000000003 -0.0080000000000000002 17090.201098621936
0.011500000000000003 -0.0080000000000000002 15628.891671288404
0.012000000000000004 -0.0080000000000000002 14010.229364735667
0.012499999999999997 -0.0080000000000000002 12295.357981588137
0.013000000000000005 -0.0080000000000000002 10551.674833761319
0.013499999999999998 -0.0080000000000000002 8846.21996529239
0.014000000000000005 -0.0080000000000000002 7239.1392042604566
0.014499999999999999 -0.0080000000000000002 5778.3759819650231
0.014999999999999999 -0.0080000000000000002 4496.3963598159562
0.0155 -0.0080000000000000002 3409.2567235669608
0.016000000000000007 -0.0080000000000000002 2517.8309150910563
0.016500000000000001 -0.0080000000000000002 1810.6436126899785
0.017000000000000001 -0.0080000000000000002 1267.5740983040635
0.017500000000000002 -0.0080000000000000002 863.70153302159065
0.017999999999999995 -0.0080000000000000002 572.71342344762695
0.018500000000000003 -0.0080000000000000002 369.5231760772208
0.019000000000000003 -0.0080000000000000002 231.97172912196601
0.019500000000000003 -0.0080000000000000002 141.67222670169318
0.019999999999999997 -0.0080000000000000002 84.171461004190277
0.020499999999999997 -0.0080000000000000002 48.646904713761536
0.021000000000000005 -0.0080000000000000002 27.348897485070808
0.021500000000000005 -0.0080000000000000002 14.955680693423449
0.021999999999999999 -0.0080000000000000002 7.9550785770948576
0.022499999999999999 -0.0080000000000000002 4.1157310414238824
0.023000000000000007 -0.0080000000000000002 2.0711315217881578
0.023500000000000007 -0.0080000000000000002 1.0137288617237095
0.024 -0.0080000000000000002 0.4825981689714956
0.024500000000000001 -0.0080000000000000002 0.2234582233283135
0.025000000000000001 -0.0080000000000000002 0.10063557762649578
-0.025000000000000001 -0.0074999999999999997 0.17590018441578065
-0.024500000000000001 -0.0074999999999999997 0.37823744367975604
-0.024 -0.0074999999999999997 0.79248522693726009
-0.0235 -0.0074999999999999997 1.6178025896467825
-0.023 -0.0074999999999999997 3.2176982639320038
-0.022500000000000003 -0.0074999999999999997 6.2348671704732732
-0.022000000000000002 -0.0074999999999999997 11.76920838707191
-0.021500000000000002 -0.0074999999999999997 21.6412048251876
-0.021000000000000001 -0.0074999999999999997 38.762004196723623
-0.020500000000000001 -0.0074999999999999997 67.623744095086849
-0.02 -0.0074999999999999997 114.90523764019873
-0.0195 -0.0074999999999999997 190.1560402163133
-0.019 -0.0074999999999999997 306.47548877346259
-0.018500000000000003 -0.0074999999999999997 481.04642923459085
-0.018000000000000002 -0.0074999999999999997 735.32641172746878
-0.017500000000000002 -0.0074999999999999997 1094.659691948825
-0.017000000000000001 -0.0074999999999999997 1587.0743045953825
-0.016500000000000001 -0.0074999999999999997 2241.0927223449366
-0.016 -0.0074999999999999997 3082.5267189250612
-0.0155 -0.0074999999999999997 4130.4431830716048
-0.015000000000000001 -0.0074999999999999997 5392.7476415516112
-0.014500000000000001 -0.0074999999999999997 6862.0782409998401
-0.014 -0.0074999999999999997 8512.8580022897277
-0.0135 -0.0074999999999999997 10300.34122436353
-0.012999999999999999 -0.0074999999999999997 12162.262940037048
-0.012500000000000001 -0.0074999999999999997 14023.264414965768
-0.012 -0.0074999999999999997 15801.697006144748
-0.0115 -0.0074999999999999997 17417.835817739866
-0.010999999999999999 -0.0074999999999999997 18802.126155262016
-0.010499999999999999 -0.0074999999999999997 19901.980304802153
-0.010000000000000002 -0.0074999999999999997 20685.90584114796
-0.0095000000000000015 -0.0074999999999999997 21144.337332784478
-0.0090000000000000011 -0.0074999999999999997 21287.31104166793
-0.0085000000000000006 -0.0074999999999999997 21139.849387862021
-0.0080000000000000002 -0.0074999999999999997 20736.392128014981
-0.0074999999999999997 -0.0074999999999999997 20115.68330829982
-0.0069999999999999993 -0.0074999999999999997 19317.182960016551
-0.0064999999999999988 -0.0074999999999999997 18379.441087810574
-0.0059999999999999984 -0.0074999999999999997 17340.164410576883
-0.0054999999999999979 -0.0074999999999999997 16237.159335227176
-0.005000000000000001 -0.0074999999999999997 15109.12204682755
-0.0044999999999999971 -0.0074999999999999997 13995.422555046458
-0.0040000000000000001 -0.0074999999999999997 12934.513334993089
-0.0035000000000000031 -0.0074999999999999997 11961.202065803958
-0.0029999999999999992 -0.0074999999999999997 11103.543666992078
-0.0025000000000000022 -0.0074999999999999997 10380.350958393941
-0.0019999999999999983 -0.0074999999999999997 9800.2149454615519
-0.0015000000000000013 -0.0074999999999999997 9362.5036538083368
-0.00099999999999999742 -0.0074999999999999997 9060.2128569149463
-0.00050000000000000044 -0.0074999999999999997 8883.9656763501462
0 -0.0074999999999999997 8826.0836918449349
0.00050000000000000044 -0.0074999999999999997 8883.596983457719
0.0010000000000000009 -0.0074999999999999997 9059.3424798264969
0.0015000000000000013 -0.0074999999999999997 9360.8351563975411
0.0020000000000000018 -0.0074999999999999997 9797.2257217768456
0.0024999999999999988 -0.0074999999999999997 10375.194517557899
0.0030000000000000027 -0.0074999999999999997 11094.915143543201
0.0034999999999999996 -0.0074999999999999997 11947.168786605347
0.0040000000000000036 -0.0074999999999999997 12912.319155948677
0.0045000000000000005 -0.0074999999999999997 13961.284840553477
0.0049999999999999975 -0.0074999999999999997 15058.052668256867
0.0055000000000000014 -0.0074999999999999997 16162.853739234448
0.0059999999999999984 -0.0074999999999999997 17235.012212967842
0.0064999999999999988 -0.0074999999999999997 18234.713491560586
0.0069999999999999993 -0.0074999999999999997 19123.442385864852
0.0074999999999999997 -0.0074999999999999997 19863.436271482395
0.0080000000000000002 -0.0074999999999999997 20416.967920089279
0.0085000000000000006 -0.0074999999999999997 20746.438981285341
0.0090000000000000011 -0.0074999999999999997 20816.05153390596
0.0095000000000000015 -0.0074999999999999997 20595.288881134711
0.010000000000000002 -0.0074999999999999997 20063.752437497726
0.010500000000000002 -0.0074999999999999997 19216.301766925852
0.011000000000000003 -0.0074999999999999997 18067.138753458195
0.011500000000000003 -0.0074999999999999997 16651.576976635555
0.012000000000000004 -0.0074999999999999997 15024.721431648552
0.012499999999999997 -0.0074999999999999997 13257.005573861441
0.013000000000000005 -0.0074999999999999997 11427.275538233076
0.013499999999999998 -0.0074999999999999997 9614.6626864867467
0.014000000000000005 -0.0074999999999999997 7890.7045986378234
0.014499999999999999 -0.0074999999999999997 6313.0297893445913
0.014999999999999999 -0.0074999999999999997 4921.4881337718261
0.0155 -0.0074999999999999997 3737.0327764385538
0.016000000000000007 -0.0074999999999999997 2763.102510825775
0.016500000000000001 -0.0074999999999999997 1988.8456850075702
0.017000000000000001 -0.0074999999999999997 1393.333728928744
0.017500000000000002 -0.0074999999999999997 949.9320914056284
0.017999999999999995 -0.0074999999999999997 630.17420228509798
0.018500000000000003 -0.0074999999999999997 406.7408015192031
0.019000000000000003 -0.0074999999999999997 255.40602749084232
0.019500000000000003 -0.0074999999999999997 156.01811597266374
0.019999999999999997 -0.0074999999999999997 92.71054125735111
0.020499999999999997 -0.0074999999999999997 53.58922386611971
0.021000000000000005 -0.0074999999999999997 30.13058522934627
0.021500000000000005 -0.0074999999999999997 16.47819336624574
0.021999999999999999 -0.0074999999999999997 8.7654828657486092
0.022499999999999999 -0.0074999999999999997 4.5352400022177992
0.023000000000000007 -0.0074999999999999997 2.2823284528373322
0.023500000000000007 -0.0074999999999999997 1.1171352083667121
0.024 -0.0074999999999999997 0.53183895890069854
0.024500000000000001 -0.0074999999999999997 0.24626295482643784
0.025000000000000001 -0.0074999999999999997 0.11090746177130467
-0.025000000000000001 -0.0069999999999999993 0.21611063188760649
-0.024500000000000001 -0.0069999999999999993 0.46139990629136146
-0.024 -0.0069999999999999993 0.95999022713417581
-0.0235 -0.0069999999999999993 1.9464030113374062
-0.023 -0.0069999999999999993 3.8455764112397426
-0.022500000000000003 -0.0069999999999999993 7.4034921170827515
-0.022000000000000002 -0.0069999999999999993 13.888014147868816
-0.021500000000000002 -0.0069999999999999993 25.383554842022274
-0.021000000000000001 -0.0069999999999999993 45.201510688059535
-0.020500000000000001 -0.0069999999999999993 78.418901989724702
-0.02 -0.0069999999999999993 132.53642157508247
-0.0195 -0.0069999999999999993 218.21108665943223
-0.019 -0.0069999999999999993 349.96754771818507
-0.018500000000000003 -0.0069999999999999993 546.73051464491527
-0.018000000000000002 -0.0069999999999999993 831.96041498775594
-0.017500000000000002 -0.0069999999999999993 1233.1345918937295
-0.017000000000000001 -0.0069999999999999993 1780.3217979157102
-0.016500000000000001 -0.0069999999999999993 2503.6728170747137
-0.016 -0.0069999999999999993 3429.8096275755929
-0.0155 -0.0069999999999999993 4577.3344029155132
-0.015000000000000001 -0.0069999999999999993 5951.9642925557473
-0.014500000000000001 -0.0069999999999999993 7542.0651450765963
-0.014 -0.0069999999999999993 9315.5239043787624
-0.0135 -0.0069999999999999993 11218.883296455746
-0.012999999999999999 -0.0069999999999999993 13179.411750885731
-0.012500000000000001 -0.0069999999999999993 15110.302236900785
-0.012 -0.0069999999999999993 16918.564538355164
-0.0115 -0.0069999999999999993 18514.540075502471
-0.010999999999999999 -0.0069999999999999993 19821.501651817009
-0.010499999999999999 -0.0069999999999999993 20783.656193192408
-0.010000000000000002 -0.0069999999999999993 21371.124110759669
-0.0095000000000000015 -0.0069999999999999993 21581.088760306444
-0.0090000000000000011 -0.0069999999999999993 21435.143493934946
-0.0085000000000000006 -0.0069999999999999993 20973.686601373527
-0.0080000000000000002 -0.0069999999999999993 20248.794790450276
-0.0074999999999999997 -0.0069999999999999993 19317.182960753682
-0.0069999999999999993 -0.0069999999999999993 18234.596492267097
-0.0064999999999999988 -0.0069999999999999993 17052.384482379024
-0.0059999999999999984 -0.0069999999999999993 15816.272660068113
-0.0054999999999999979 -0.0069999999999999993 14566.728310706343
-0.005000000000000001 -0.0069999999999999993 13339.972566948902
-0.0044999999999999971 -0.0069999999999999993 12168.725096420612
-0.0040000000000000001 -0.0069999999999999993 11082.111940046429
-0.0035000000000000031 -0.0069999999999999993 10104.676810642173
-0.0029999999999999992 -0.0069999999999999993 9254.9148346533948
-0.0025000000000000022 -0.0069999999999999993 8544.0271905207046
-0.0019999999999999983 -0.0069999999999999993 7975.5877322984861
-0.0015000000000000013 -0.0069999999999999993 7546.5343963227097
-0.00099999999999999742 -0.0069999999999999993 7249.4554589878117
-0.00050000000000000044 -0.0069999999999999993 7075.6896617789798
0 -0.0069999999999999993 7018.4523645757081
0.00050000000000000044 -0.0069999999999999993 7075.138106644562
0.0010000000000000009 -0.0069999999999999993 7248.1533971312492
0.0015000000000000013 -0.0069999999999999993 7544.0383668830564
0.0020000000000000018 -0.0069999999999999993 7971.1159301425696
0.0024999999999999988 -0.0069999999999999993 8536.3132869525507
0.0030000000000000027 -0.0069999999999999993 9242.0067843263205
0.0034999999999999996 -0.0069999999999999993 10083.683383988975
0.0040000000000000036 -0.0069999999999999993 11048.910016012655
0.0045000000000000005 -0.0069999999999999993 12117.655948919622
0.0049999999999999975 -0.0069999999999999993 13263.574083167974
0.0055000000000000014 -0.0069999999999999993 14455.569040138245
0.0059999999999999984 -0.0069999999999999993 15658.967662662586
0.0064999999999999988 -0.0069999999999999993 16835.875701105051
0.0069999999999999993 -0.0069999999999999993 17944.765550001957
0.0074999999999999997 -0.0069999999999999993 18939.827847172055
0.0080000000000000002 -0.0069999999999999993 19770.944347553817
0.0085000000000000006 -0.0069999999999999993 20385.154698160761
0.0090000000000000011 -0.0069999999999999993 20730.15132704319
0.0095000000000000015 -0.0069999999999999993 20759.726323513674
0.010000000000000002 -0.0069999999999999993 20440.398536093919
0.010500000000000002 -0.0069999999999999993 19757.898642953776
0.011000000000000003 -0.0069999999999999993 18721.979302662563
0.011500000000000003 -0.0069999999999999993 17368.236453204114
0.012000000000000004 -0.0069999999999999993 15756.22895707984
0.012499999999999997 -0.0069999999999999993 13963.998614602391
0.013000000000000005 -0.0069999999999999993 12079.889401731061
0.013499999999999998 -0.0069999999999999993 10193.125746216405
0.014000000000000005 -0.0069999999999999993 8384.7983297105329
0.014499999999999999 -0.0069999999999999993 6720.7027082756358
0.014999999999999999 -0.0069999999999999993 5246.9721256373523
0.0155 -0.0069999999999999993 3988.8024996184358
0.016000000000000007 -0.0069999999999999993 2951.9591844194706
0.016500000000000001 -0.0069999999999999993 2126.3177027152728
0.017000000000000001 -0.0069999999999999993 1490.4908533842611
0.017500000000000002 -0.0069999999999999993 1016.6258041972352
0.017999999999999995 -0.0069999999999999993 674.65539987986915
0.018500000000000003 -0.0069999999999999993 435.57119662054254
0.019000000000000003 -0.0069999999999999993 273.56894020231658
0.019500000000000003 -0.0069999999999999993 167.14162537681227
0.019999999999999997 -0.0069999999999999993 99.333723616251376
0.020499999999999997 -0.0069999999999999993 57.423618786859187
0.021000000000000005 -0.0069999999999999993 32.289128739395821
0.021500000000000005 -0.0069999999999999993 17.659821790115789
0.021999999999999999 -0.0069999999999999993 9.3945176153907006
0.022499999999999999 -0.0069999999999999993 4.8608933566950352
0.023000000000000007 -0.0069999999999999993 2.4462871043769505
0.023500000000000007 -0.0069999999999999993 1.1974174180346828
0.024 -0.0069999999999999993 0.57007007853495806
0.024500000000000001 -0.0069999999999999993 0.26396944740685763
0.025000000000000001 -0.0069999999999999993 0.11888318158761996
-0.025000000000000001 -0.0064999999999999988 0.26541267603303664
-0.024500000000000001 -0.0064999999999999988 0.56247157117191393
-0.024 -0.0064999999999999988 1.1616729758170286
-0.0235 -0.0064999999999999988 2.3381500095220673
-0.023 -0.0064999999999999988 4.5863123779922947
-0.022500000000000003 -0.0064999999999999988 8.7670245102536448
-0.022000000000000002 -0.0064999999999999988 16.331641850087546
-0.021500000000000002 -0.0064999999999999988 29.647334961769111
-0.021000000000000001 -0.0064999999999999988 52.44530430756344
-0.020500000000000001 -0.0064999999999999988 90.401969913849655
-0.02 -0.0064999999999999988 151.83905537850825
-0.0195 -0.0064999999999999988 248.48878908136061
-0.019 -0.0064999999999999988 396.21540672437044
-0.018500000000000003 -0.0064999999999999988 615.51938664137811
-0.018000000000000002 -0.0064999999999999988 931.58939192717094
-0.017500000000000002 -0.0064999999999999988 1373.6294632783226
-0.017000000000000001 -0.0064999999999999988 1973.2015102010723
-0.016500000000000001 -0.0064999999999999988 2761.4104049461566
-0.016 -0.0064999999999999988 3764.9351106696895
-0.0155 -0.0064999999999999988 5001.1668482079795
-0.015000000000000001 -0.0064999999999999988 6473.0171856788429
-0.014500000000000001 -0.0064999999999999988 8164.2375344254478
-0.014 -0.0064999999999999988 10036.259338037436
-0.0135 -0.0064999999999999988 12027.536190040408
-0.012999999999999999 -0.0064999999999999988 14056.092557665832
-0.012500000000000001 -0.0064999999999999988 16025.466760522797
-0.012 -0.0064999999999999988 17833.561923366909
-0.0115 -0.0064999999999999988 19383.238428377877
-0.010999999999999999 -0.0064999999999999988 20592.97790077058
-0.010499999999999999 -0.0064999999999999988 21405.783412950626
-0.010000000000000002 -0.0064999999999999988 21794.736956614339
-0.0095000000000000015 -0.0064999999999999988 21764.281112231787
-0.0090000000000000011 -0.0064999999999999988 21347.176912880142
-0.0085000000000000006 -0.0064999999999999988 20597.984214948716
-0.0080000000000000002 -0.0064999999999999988 19584.574115165968
-0.0074999999999999997 -0.0064999999999999988 18379.441090972094
-0.0069999999999999993 -0.0064999999999999988 17052.384485504106
-0.0064999999999999988 -0.0064999999999999988 15665.561709736177
-0.0059999999999999984 -0.0064999999999999988 14271.172176538079
-0.0054999999999999979 -0.0064999999999999988 12911.343443908299
-0.005000000000000001 -0.0064999999999999988 11619.352688970359
-0.0044999999999999971 -0.0064999999999999988 10421.222606559357
-0.0040000000000000001 -0.0064999999999999988 9336.9560811548617
-0.0035000000000000031 -0.0064999999999999988 8381.0937613685528
-0.0029999999999999992 -0.0064999999999999988 7562.7205187000081
-0.0025000000000000022 -0.0064999999999999988 6885.3530524582584
-0.0019999999999999983 -0.0064999999999999988 6347.2194013711378
-0.0015000000000000013 -0.0064999999999999988 5942.2882655552585
-0.00099999999999999742 -0.0064999999999999988 5662.0983898613131
-0.00050000000000000044 -0.0064999999999999988 5498.099009969761
0 -0.0064999999999999988 5443.9665629941464
0.00050000000000000044 -0.0064999999999999988 5497.2965019844933
0.0010000000000000009 -0.0064999999999999988 5660.2039010387143
0.0015000000000000013 -0.0064999999999999988 5938.6565641499292
0.0020000000000000018 -0.0064999999999999988 6340.7129676264049
0.0024999999999999988 -0.0064999999999999988 6874.1293889934022
0.0030000000000000027 -0.0064999999999999988 7543.9394162946501
0.0034999999999999996 -0.0064999999999999988 8350.5485058247341
0.0040000000000000036 -0.0064999999999999988 9288.6475667369068
0.0045000000000000005 -0.0064999999999999988 10346.91743539354
0.0049999999999999975 -0.0064999999999999988 11508.19355097926
0.0055000000000000014 -0.0064999999999999988 12749.607659576488
0.0059999999999999984 -0.0064999999999999988 14042.294755836489
0.0064999999999999988 -0.0064999999999999988 15350.54329179309
0.0069999999999999993 -0.0064999999999999988 16630.682952817609
0.0074999999999999997 -0.0064999999999999988 17830.392640448532
0.0080000000000000002 -0.0064999999999999988 18889.305823280101
0.0085000000000000006 -0.0064999999999999988 19741.675348545221
0.0090000000000000011 -0.0064999999999999988 20321.419362679535
0.0095000000000000015 -0.0064999999999999988 20569.205818408413
0.010000000000000002 -0.0064999999999999988 20440.539236110075
0.010500000000000002 -0.0064999999999999988 19913.314983873621
0.011000000000000003 -0.0064999999999999988 18993.182322570021
0.011500000000000003 -0.0064999999999999988 17715.376499388018
0.012000000000000004 -0.0064999999999999988 16142.373631706056
0.012499999999999997 -0.0064999999999999988 14357.604831532883
0.013000000000000005 -0.0064999999999999988 12456.29697946496
0.013499999999999998 -0.0064999999999999988 10535.067760962362
0.014000000000000005 -0.0064999999999999988 8682.06161752958
0.014499999999999999 -0.0064999999999999988 6969.1622405901671
0.014999999999999999 -0.0064999999999999988 5447.2596354394964
0.0155 -0.0064999999999999988 4144.8579816818237
0.016000000000000007 -0.0064999999999999988 3069.6668184060359
0.016500000000000001 -0.0064999999999999988 2212.3619532909011
0.017000000000000001 -0.0064999999999999988 1551.4999742171306
0.017500000000000002 -0.0064999999999999988 1058.6110359905294
0.017999999999999995 -0.0064999999999999988 702.71194546880804
0.018500000000000003 -0.0064999999999999988 453.78353326110164
0.019000000000000003 -0.0064999999999999988 285.05608869999656
0.019500000000000003 -0.0064999999999999988 174.1831613659725
0.019999999999999997 -0.0064999999999999988 103.52941490624761
0.020499999999999997 -0.0064999999999999988 59.854013106202572
0.021000000000000005 -0.0064999999999999988 33.65789942998682
0.021500000000000005 -0.0064999999999999988 18.409369682442399
0.021999999999999999 -0.0064999999999999988 9.793642973715242
0.022499999999999999 -0.0064999999999999988 5.0675651430706479
0.023000000000000007 -0.0064999999999999988 2.5503584499398886
0.023500000000000007 -0.0064999999999999988 1.2483824015938949
0.024 -0.0064999999999999988 0.59434250721851423
0.024500000000000001 -0.0064999999999999988 0.27521194851082992
0.025000000000000001 -0.0064999999999999988 0.12394757058133909
-0.025000000000000001 -0.0059999999999999984 0.32589000066178497
-0.024500000000000001 -0.0059999999999999984 0.68560733886936887
-0.024 -0.0059999999999999984 1.4055747320801641
-0.0235 -0.0059999999999999984 2.8081443329739311
-0.023 -0.0059999999999999984 5.4674128507444797
-0.022500000000000003 -0.0059999999999999984 10.374045804153928
-0.022000000000000002 -0.0059999999999999984 19.18324642697603
-0.021500000000000002 -0.0059999999999999984 34.570405787136451
-0.021000000000000001 -0.0059999999999999984 60.714602962266483
-0.020500000000000001 -0.0059999999999999984 103.91622755827017
-0.02 -0.0059999999999999984 173.32770973709617
-0.0195 -0.0059999999999999984 281.7331898830268
-0.019 -0.0059999999999999984 446.25493015777357
-0.018500000000000003 -0.0059999999999999984 688.79814558621092
-0.018000000000000002 -0.0059999999999999984 1035.9860381514875
-0.017500000000000002 -0.0059999999999999984 1518.3050007949257
-0.017000000000000001 -0.0059999999999999984 2168.2025645281378
-0.016500000000000001 -0.0059999999999999984 3016.9818194691975
-0.016 -0.0059999999999999984 4090.5278075230935
-0.0155 -0.0059999999999999984 5404.1730597021487
-0.015000000000000001 -0.0059999999999999984 6957.3200262927894
-0.014500000000000001 -0.0059999999999999984 8728.7165750751174
-0.014 -0.0059999999999999984 10673.437547275911
-0.0135 -0.0059999999999999984 12722.57588184867
-0.012999999999999999 -0.0059999999999999984 14786.341271843303
-0.012500000000000001 -0.0059999999999999984 16760.715515149004
-0.012 -0.0059999999999999984 18537.110701296988
-0.0115 -0.0059999999999999984 20013.774566085482
-0.010999999999999999 -0.0059999999999999984 21107.172855494082
-0.010499999999999999 -0.0059999999999999984 21761.414076978759
-0.010000000000000002 -0.0059999999999999984 21954.051046160042
-0.0095000000000000015 -0.0059999999999999984 21697.263298535709
-0.0090000000000000011 -0.0059999999999999984 21034.343654715354
-0.0085000000000000006 -0.0059999999999999984 20032.349913858579
-0.0080000000000000002 -0.0059999999999999984 18772.495800349512
-0.0074999999999999997 -0.0059999999999999984 17340.164420808742
-0.0069999999999999993 -0.0059999999999999984 15816.272673104177
-0.0064999999999999988 -0.0059999999999999984 14271.172189070883
-0.0059999999999999984 -0.0059999999999999984 12761.524060284726
-0.0054999999999999979 -0.0059999999999999984 11329.856721510447
-0.005000000000000001 -0.0059999999999999984 10006.004367843312
-0.0044999999999999971 -0.0059999999999999984 8809.4339553033133
-0.0040000000000000001 -0.0059999999999999984 7751.5968385047263
-0.0035000000000000031 -0.0059999999999999984 6837.7848405598361
-0.0029999999999999992 -0.0059999999999999984 6068.3777874696234
-0.0025000000000000022 -0.0059999999999999984 5439.6936720680069
-0.0019999999999999983 -0.0059999999999999984 4944.7993854817287
-0.0015000000000000013 -0.0059999999999999984 4574.5904099105892
-0.00099999999999999742 -0.0059999999999999984 4319.2534842607965
-0.00050000000000000044 -0.0059999999999999984 4169.9819619416157
0 -0.0059999999999999984 4120.6204711698465
0.00050000000000000044 -0.0059999999999999984 4168.846307882287
0.0010000000000000009 -0.0059999999999999984 4316.5725340880435
0.0015000000000000013 -0.0059999999999999984 4569.4510760734802
0.0020000000000000018 -0.0059999999999999984 4935.5919283229014
0.0024999999999999988 -0.0059999999999999984 5423.8107161243797
0.0030000000000000027 -0.0059999999999999984 6041.8000641610815
0.0034999999999999996 -0.0059999999999999984 6794.5592975267173
0.0040000000000000036 -0.0059999999999999984 7683.233954264193
0.0045000000000000005 -0.0059999999999999984 8704.2823919384573
0.0049999999999999975 -0.0059999999999999984 9848.6996075061197
0.0055000000000000014 -0.0059999999999999984 11100.979372764705
0.0059999999999999984 -0.0059999999999999984 12437.632489508578
0.0064999999999999988 -0.0059999999999999984 13825.379808598229
0.0069999999999999993 -0.0059999999999999984 15219.509692283023
0.0074999999999999997 -0.0059999999999999984 16563.188847914018
0.0080000000000000002 -0.0059999999999999984 17788.599973144414
0.0085000000000000006 -0.0059999999999999984 18820.560550981336
0.0090000000000000011 -0.0059999999999999984 19582.762178694054
0.0095000000000000015 -0.0059999999999999984 20006.075006891686
0.010000000000000002 -0.0059999999999999984 20037.68364962484
0.010500000000000002 -0.0059999999999999984 19649.375491670664
0.011000000000000003 -0.0059999999999999984 18843.252276715455
0.011500000000000003 -0.0059999999999999984 17653.531173083564
0.012000000000000004 -0.0059999999999999984 16143.85744553603
0.012499999999999997 -0.0059999999999999984 14400.472122146997
0.013000000000000005 -0.0059999999999999984 12522.420693064243
0.013499999999999998 -0.0059999999999999984 10610.537296539111
0.014000000000000005 -0.0059999999999999984 8757.070150735648
0.014499999999999999 -0.0059999999999999984 7037.5282834142527
0.014999999999999999 -0.0059999999999999984 5505.7385502166753
0.0155 -0.0059999999999999984 4192.3836966513372
0.016000000000000007 -0.0059999999999999984 3106.6319797833985
0.016500000000000001 -0.0059999999999999984 2240.0062449729908
0.017000000000000001 -0.0059999999999999984 1571.4395790406809
0.017500000000000002 -0.0059999999999999984 1072.5126070982956
0.017999999999999995 -0.0059999999999999984 712.09443092613435
0.018500000000000003 -0.0059999999999999984 459.92069912784422
0.019000000000000003 -0.0059999999999999984 288.94991504988212
0.019500000000000003 -0.0059999999999999984 176.58098044065218
0.019999999999999997 -0.0059999999999999984 104.96323198202856
0.020499999999999997 -0.0059999999999999984 60.686861882524575
0.021000000000000005 -0.0059999999999999984 34.127960828880546
0.021500000000000005 -0.0059999999999999984 18.667210900147108
0.021999999999999999 -0.0059999999999999984 9.9311204666708814
0.022499999999999999 -0.0059999999999999984 5.1388255636145663
0.023000000000000007 -0.0059999999999999984 2.5862709986414636
0.023500000000000007 -0.0059999999999999984 1.2659802294514253
0.024 -0.0059999999999999984 0.60272770566634615
0.024500000000000001 -0.0059999999999999984 0.27909729467603522
0.025000000000000001 -0.0059999999999999984 0.12569832131521555
-0.025000000000000001 -0.0054999999999999979 0.39953785469050246
-0.024500000000000001 -0.0054999999999999979 0.83483340931424888
-0.024 -0.0054999999999999979 1.6995924171080032
-0.0235 -0.0054999999999999979 3.3714401204284807
-0.023 -0.0054999999999999979 6.5167684347706274
-0.022500000000000003 -0.0054999999999999979 12.274770443293702
-0.022000000000000002 -0.0054999999999999979 22.53067530614879
-0.021500000000000002 -0.0054999999999999979 40.302086611816804
-0.021000000000000001 -0.0054999999999999979 70.255977498616716
-0.020500000000000001 -0.0054999999999999979 119.35718205247684
-0.02 -0.0054999999999999979 197.6185496886564
-0.0195 -0.0054999999999999979 318.87648918671158
-0.019 -0.0054999999999999979 501.45550652981734
-0.018500000000000003 -0.0054999999999999979 768.51971125813134
-0.018000000000000002 -0.0054999999999999979 1147.8538091451214
-0.017500000000000002 -0.0054999999999999979 1670.7934559519842
-0.017000000000000001 -0.0054999999999999979 2370.0610146083541
-0.016500000000000001 -0.0054999999999999979 3276.3799484709916
-0.016 -0.0054999999999999979 4413.9478604217038
-0.0155 -0.0054999999999999979 5795.1293729508179
-0.015000000000000001 -0.0054999999999999979 7415.0403602742881
-0.014500000000000001 -0.0054999999999999979 9246.960892571391
-0.014 -0.0054999999999999979 11239.64665246712
-0.0135 -0.0054999999999999979 13317.526881995822
-0.012999999999999999 -0.0054999999999999979 15384.438222155888
-0.012500000000000001 -0.0054999999999999979 17330.968792171494
-0.012 -0.0054999999999999979 19044.770904431956
-0.0115 -0.0054999999999999979 20422.502012738882
-0.010999999999999999 -0.0054999999999999979 21381.556028587718
-0.010499999999999999 -0.0054999999999999979 21869.608087717359
-0.010000000000000002 -0.0054999999999999979 21870.291726897696
-0.0095000000000000015 -0.0054999999999999979 21404.020013223395
-0.0090000000000000011 -0.0054999999999999979 20523.898657912043
-0.0085000000000000006 -0.0054999999999999979 19307.630549038433
-0.0080000000000000002 -0.0054999999999999979 17847.038468679944
-0.0074999999999999997 -0.0054999999999999979 16237.159364745621
-0.0069999999999999993 -0.0054999999999999979 14566.728351740096
-0.0064999999999999988 -0.0054999999999999979 12911.343494755776
-0.0059999999999999984 -0.0054999999999999979 11329.856769055728
-0.0054999999999999979 -0.0054999999999999979 9863.7898248389829
-0.005000000000000001 -0.0054999999999999979 8539.0173994715988
-0.0044999999999999971 -0.0054999999999999979 7368.7080396821502
-0.0040000000000000001 -0.0054999999999999979 6356.5689826274856
-0.0035000000000000031 -0.0054999999999999979 5499.7261477611464
-0.0029999999999999992 -0.0054999999999999979 4790.9466080721195
-0.0025000000000000022 -0.0054999999999999979 4220.2442538797377
-0.0019999999999999983 -0.0054999999999999979 3776.1060005046411
-0.0015000000000000013 -0.0054999999999999979 3446.6059741635472
-0.00099999999999999742 -0.0054999999999999979 3220.5703880171141
-0.00050000000000000044 -0.0054999999999999979 3088.7880674396592
0 -0.0054999999999999979 3045.1117839704743
0.00050000000000000044 -0.0054999999999999979 3087.2249953185369
0.0010000000000000009 -0.0054999999999999979 3216.8804276469396
0.0015000000000000013 -0.0054999999999999979 3439.5323857094409
0.0020000000000000018 -0.0054999999999999979 3763.4331980141533
0.0024999999999999988 -0.0054999999999999979 4198.3835424838981
0.0030000000000000027 -0.0054999999999999979 4754.3660155886628
0.0034999999999999996 -0.0054999999999999979 5440.2321137457375
0.0040000000000000036 -0.0054999999999999979 6262.4768446228454
0.0045000000000000005 -0.0054999999999999979 7223.9813283760786
0.0049999999999999975 -0.0054999999999999979 8322.5089624320426
0.0055000000000000014 -0.0054999999999999979 9548.7715320392144
0.0059999999999999984 -0.0054999999999999979 10884.064425526434
0.0064999999999999988 -0.0054999999999999979 12297.771398568819
0.0069999999999999993 -0.0054999999999999979 13745.365921361654
0.0074999999999999997 -0.0054999999999999979 15167.759007472538
0.0080000000000000002 -0.0054999999999999979 16492.840748907878
0.0085000000000000006 -0.0054999999999999979 17639.768620287377
0.0090000000000000011 -0.0054999999999999979 18525.995759517449
0.0095000000000000015 -0.0054999999999999979 19076.331181820166
0.010000000000000002 -0.0054999999999999979 19232.674728352864
0.010500000000000002 -0.0054999999999999979 18962.676523204664
0.011000000000000003 -0.0054999999999999979 18265.579722197734
0.011500000000000003 -0.0054999999999999979 17173.950557866225
0.012000000000000004 -0.0054999999999999979 15750.785898931015
0.012499999999999997 -0.0054999999999999979 14082.417337298706
0.013000000000000005 -0.0054999999999999979 12268.46191576532
0.013499999999999998 -0.0054999999999999979 10410.595317481115
0.014000000000000005 -0.0054999999999999979 8602.0296539153424
0.014499999999999999 -0.0054999999999999979 6919.2720611449922
0.014999999999999999 -0.0054999999999999979 5417.1374618042628
0.0155 -0.0054999999999999979 4127.2674439608827
0.016000000000000007 -0.0054999999999999979 3059.7501399138532
0.016500000000000001 -0.0054999999999999979 2206.9795889936922
0.017000000000000001 -0.0054999999999999979 1548.6985778073915
0.017500000000000002 -0.0054999999999999979 1057.2213415640442
0.017999999999999995 -0.0054999999999999979 702.0614154484964
0.018500000000000003 -0.0054999999999999979 453.50128397033961
0.019000000000000003 -0.0054999999999999979 284.94671883332313
0.019500000000000003 -0.0054999999999999979 174.14888864351519
0.019999999999999997 -0.0054999999999999979 103.52421842972146
0.020499999999999997 -0.0054999999999999979 59.857886693554669
0.021000000000000005 -0.0054999999999999979 33.663109475484262
0.021500000000000005 -0.0054999999999999979 18.41351908508182
0.021999999999999999 -0.0054999999999999979 9.7963923342612365
0.022499999999999999 -0.0054999999999999979 5.0692075003327819
0.023000000000000007 -0.0054999999999999979 2.5512716630840218
0.023500000000000007 -0.0054999999999999979 1.2488626536280703
0.024 -0.0054999999999999979 0.59458355089118031
0.024500000000000001 -0.0054999999999999979 0.27532806363673601
0.025000000000000001 -0.0054999999999999979 0.12400145318084239
-0.025000000000000001 -0.005000000000000001 0.48786124845776146
-0.024500000000000001 -0.005000000000000001 1.0132354149874461
-0.024 -0.005000000000000001 2.049883916772723
-0.0235 -0.005000000000000001 4.0400000091451007
-0.023 -0.005000000000000001 7.7570024611379846
-0.022500000000000003 -0.005000000000000001 14.510851620432243
-0.022000000000000002 -0.005000000000000001 26.448595946125497
-0.021500000000000002 -0.005000000000000001 46.972705042983563
-0.021000000000000001 -0.005000000000000001 81.290939095821528
-0.020500000000000001 -0.005000000000000001 137.09147600872859
-0.02 -0.005000000000000001 225.30261144470774
-0.0195 -0.005000000000000001 360.84668522184859
-0.019 -0.005000000000000001 563.23646420869227
-0.018500000000000003 -0.005000000000000001 856.79886508335869
-0.018000000000000002 -0.005000000000000001 1270.2627414296512
-0.017500000000000002 -0.005000000000000001 1835.437644059929
-0.017000000000000001 -0.005000000000000001 2584.7638818559831
-0.016500000000000001 -0.005000000000000001 3547.6499348284456
-0.016 -0.005000000000000001 4745.7348974975494
-0.0155 -0.005000000000000001 6187.500214210304
-0.015000000000000001 -0.005000000000000001 7862.9564352802918
-0.014500000000000001 -0.005000000000000001 9739.3716988659944
-0.014 -0.005000000000000001 11759.102946512841
-0.0135 -0.005000000000000001 13840.465495971945
-0.012999999999999999 -0.005000000000000001 15882.199583487629
-0.012500000000000001 -0.005000000000000001 17771.495656843053
-0.012 -0.005000000000000001 19394.826434474158
-0.0115 -0.005000000000000001 20650.161957707056
-0.010999999999999999 -0.005000000000000001 21458.691476243053
-0.010499999999999999 -0.005000000000000001 21774.087655024206
-0.010000000000000002 -0.005000000000000001 21587.686895846247
-0.0095000000000000015 -0.005000000000000001 20928.675940218443
-0.0090000000000000011 -0.005000000000000001 19859.313440780457
-0.0085000000000000006 -0.005000000000000001 18466.151772122048
-0.0080000000000000002 -0.005000000000000001 16848.930409309396
-0.0074999999999999997 -0.005000000000000001 15109.122126588825
-0.0069999999999999993 -0.005000000000000001 13339.972682086316
-0.0064999999999999988 -0.005000000000000001 11619.352844638783
-0.0059999999999999984 -0.005000000000000001 10006.004555457186
-0.0054999999999999979 -0.005000000000000001 8539.0175700952641
-0.005000000000000001 -0.005000000000000001 7239.8026747035428
-0.0044999999999999971 -0.005000000000000001 6115.5421979872353
-0.0040000000000000001 -0.005000000000000001 5163.1121424430239
-0.0035000000000000031 -0.005000000000000001 4372.7122361269303
-0.0029999999999999992 -0.005000000000000001 3730.7907461091536
-0.0025000000000000022 -0.005000000000000001 3222.1857925091385
-0.0019999999999999983 -0.005000000000000001 2831.6337160251323
-0.0015000000000000013 -0.005000000000000001 2544.8815267995219
-0.00099999999999999742 -0.005000000000000001 2349.6020047613661
-0.00050000000000000044 -0.005000000000000001 2236.200401419846
0 -0.005000000000000001 2198.4856361053839
0.00050000000000000044 -0.005000000000000001 2234.1079844142564
0.0010000000000000009 -0.005000000000000001 2344.6624144992343
0.0015000000000000013 -0.005000000000000001 2535.4124200501255
0.0020000000000000018 -0.005000000000000001 2814.6691837548401
0.0024999999999999988 -0.005000000000000001 3192.921804199957
0.0030000000000000027 -0.005000000000000001 3681.8218900003517
0.0034999999999999996 -0.005000000000000001 4293.0701474333127
0.0040000000000000036 -0.005000000000000001 5037.1550691943476
0.0045000000000000005 -0.005000000000000001 5921.8028127038488
0.0049999999999999975 -0.005000000000000001 6949.9721995813625
0.0055000000000000014 -0.005000000000000001 8117.3162141446173
0.0059999999999999984 -0.005000000000000001 9409.2416371265681
0.0064999999999999988 -0.005000000000000001 10797.990432202687
0.0069999999999999993 -0.005000000000000001 12240.450341529209
0.0074999999999999997 -0.005000000000000001 13677.562147299603
0.0080000000000000002 -0.005000000000000001 15036.124525632889
0.0085000000000000006 -0.005000000000000001 16233.457185906924
0.0090000000000000011 -0.005000000000000001 17184.807291240002
0.0095000000000000015 -0.005000000000000001 17812.699633858912
0.010000000000000002 -0.005000000000000001 18056.823164476187
0.010500000000000002 -0.005000000000000001 17882.704168955028
0.011000000000000003 -0.005000000000000001 17287.468840769194
0.011500000000000003 -0.005000000000000001 16301.466708234759
0.012000000000000004 -0.005000000000000001 14985.31125694207
0.012499999999999997 -0.005000000000000001 13422.800407370576
0.013000000000000005 -0.005000000000000001 11710.976948012994
0.013499999999999998 -0.005000000000000001 9949.0820099000794
0.014000000000000005 -0.005000000000000001 8228.2392151334971
0.014499999999999999 -0.005000000000000001 6623.3953924754551
0.014999999999999999 -0.005000000000000001 5188.4502856388608
0.0155 -0.005000000000000001 3954.8056276754114
0.016000000000000007 -0.005000000000000001 2932.929012836094
0.016500000000000001 -0.005000000000000001 2116.0899525885479
0.017000000000000001 -0.005000000000000001 1485.241532701335
0.017500000000000002 -0.005000000000000001 1014.0752072589694
0.017999999999999995 -0.005000000000000001 673.49975594220268
0.018500000000000003 -0.005000000000000001 435.0973290994217
0.019000000000000003 -0.005000000000000001 273.40551967724548
0.019500000000000003 -0.005000000000000001 167.10610955521136
0.019999999999999997 -0.005000000000000001 99.342602181427338
0.020499999999999997 -0.005000000000000001 57.442344182236852
0.021000000000000005 -0.005000000000000001 32.305650253290167
0.021500000000000005 -0.005000000000000001 17.671426936863131
0.021999999999999999 -0.005000000000000001 9.401762415993165
0.022499999999999999 -0.005000000000000001 4.8650763340881635
0.023000000000000007 -0.005000000000000001 2.4485635423192593
0.023500000000000007 -0.005000000000000001 1.1985974102523897
0.024 -0.005000000000000001 0.57065636754178972
0.024500000000000001 -0.005000000000000001 0.26424982168474415
0.025000000000000001 -0.005000000000000001 0.11901259177280231
-0.025000000000000001 -0.0044999999999999971 0.59139549465818919
-0.024500000000000001 -0.0044999999999999971 1.2219817317866777
-0.024 -0.0044999999999999971 2.4589324591258541
-0.0235 -0.0044999999999999971 4.8189630219545307
-0.023 -0.0044999999999999971 9.1984698312799775
-0.022500000000000003 -0.0044999999999999971 17.102602855534656
-0.022000000000000002 -0.0044999999999999971 30.97580295792288
-0.021500000000000002 -0.0044999999999999971 54.654384919158751
-0.021000000000000001 -0.0044999999999999971 93.950009475636506
-0.020500000000000001 -0.0044999999999999971 157.34902044561187
-0.02 -0.0044999999999999971 256.77406862371868
-0.0195 -0.0044999999999999971 408.30150420657742
-0.019 -0.0044999999999999971 632.66590585943709
-0.018500000000000003 -0.0044999999999999971 955.32360889904373
-0.018000000000000002 -0.0044999999999999971 1405.8088560016338
-0.017500000000000002 -0.0044999999999999971 2016.1226784732451
-0.017000000000000001 -0.0044999999999999971 2817.968943754292
-0.016500000000000001 -0.0044999999999999971 3838.808982124624
-0.016 -0.0044999999999999971 5096.94305802499
-0.0155 -0.0044999999999999971 6596.1156836597675
-0.015000000000000001 -0.0044999999999999971 8320.4268910091814
-0.014500000000000001 -0.0044999999999999971 10230.536487019142
-0.014 -0.0044999999999999971 12262.19164519377
-0.0135 -0.0044999999999999971 14327.927839857985
-0.012999999999999999 -0.0044999999999999971 16322.371940825704
-0.012500000000000001 -0.0044999999999999971 18130.960405867143
-0.012 -0.0044999999999999971 19641.186679909748
-0.0115 -0.0044999999999999971 20754.868501087487
-0.010999999999999999 -0.0044999999999999971 21399.544294429616
-0.010499999999999999 -0.0044999999999999971 21537.094227698402
-0.010000000000000002 -0.0044999999999999971 21168.078028664138
-0.0095000000000000015 -0.0044999999999999971 20331.0244545887
-0.0090000000000000011 -0.0044999999999999971 19096.835591771953
-0.0085000000000000006 -0.0044999999999999971 17559.365912722405
-0.0080000000000000002 -0.0044999999999999971 15823.888579938626
-0.0074999999999999997 -0.0044999999999999971 13995.422760955404
-0.0069999999999999993 -0.0044999999999999971 12168.725399008388
-0.0064999999999999988 -0.0044999999999999971 10421.223031386278
-0.0059999999999999984 -0.0044999999999999971 8809.4345139437373
-0.0054999999999999979 -0.0044999999999999971 7368.7086945189048
-0.005000000000000001 -0.0044999999999999971 6115.5427772073408
-0.0044999999999999971 -0.0044999999999999971 5051.4588662653468
-0.0040000000000000001 -0.0044999999999999971 4167.412024546139
-0.0035000000000000031 -0.0044999999999999971 3447.9202293940302
-0.0029999999999999992 -0.0044999999999999971 2874.4369166291663
-0.0025000000000000022 -0.0044999999999999971 2427.817090815121
-0.0019999999999999983 -0.0044999999999999971 2089.9732544993926
-0.0015000000000000013 -0.0044999999999999971 1844.9391350710703
-0.00099999999999999742 -0.0044999999999999971 1679.565454549806
-0.00050000000000000044 -0.0044999999999999971 1584.0033868206719
0 -0.0044999999999999971 1552.03996174191
0.00050000000000000044 -0.0044999999999999971 1581.2790943552541
0.0010000000000000009 -0.0044999999999999971 1673.1341894160248
0.0015000000000000013 -0.0044999999999999971 1832.6105141017774
0.0020000000000000018 -0.0044999999999999971 2067.8857130008123
0.0024999999999999988 -0.0044999999999999971 2389.7158602067857
0.0030000000000000027 -0.0044999999999999971 2810.6802728144007
0.0034999999999999996 -0.0044999999999999971 3344.2275421435716
0.0040000000000000036 -0.0044999999999999971 4003.41799051718
0.0045000000000000005 -0.0044999999999999971 4799.2133787873563
0.0049999999999999975 -0.0044999999999999971 5738.1882740110332
0.0055000000000000014 -0.0044999999999999971 6819.6604772640258
0.0059999999999999984 -0.0044999999999999971 8032.4590268846232
0.0064999999999999988 -0.0044999999999999971 9351.8227036316275
0.0069999999999999993 -0.0044999999999999971 10737.16542796234
0.0074999999999999997 -0.0044999999999999971 12131.555255122292
0.0080000000000000002 -0.0044999999999999971 13463.645188218969
0.0085000000000000006 -0.0044999999999999971 14652.434348624023
0.0090000000000000011 -0.0044999999999999971 15614.672651764138
0.0095000000000000015 -0.0044999999999999971 16274.074644317401
0.010000000000000002 -0.0044999999999999971 16570.951626951774
0.010500000000000002 -0.0044999999999999971 16470.577045497586
0.011000000000000003 -0.0044999999999999971 15968.681150493876
0.011500000000000003 -0.0044999999999999971 15092.938937866134
0.012000000000000004 -0.0044999999999999971 13900.07057245849
0.012499999999999997 -0.0044999999999999971 12469.03084264555
0.013000000000000005 -0.0044999999999999971 10891.50879688896
0.013499999999999998 -0.0044999999999999971 9261.4106576536724
0.014000000000000005 -0.0044999999999999971 7665.0652434693284
0.014499999999999999 -0.0044999999999999971 6173.586676707474
0.014999999999999999 -0.0044999999999999971 4838.2639508699112
0.0155 -0.0044999999999999971 3689.1841191450599
0.016000000000000007 -0.0044999999999999971 2736.6996650229567
0.016500000000000001 -0.0044999999999999971 1974.941472449789
0.017000000000000001 -0.0044999999999999971 1386.4089615143939
0.017500000000000002 -0.0044999999999999971 946.72231899594931
0.017999999999999995 -0.0044999999999999971 628.83328150543491
0.018500000000000003 -0.0044999999999999971 406.27515724379327
0.019000000000000003 -0.0044999999999999971 255.31079149999826
0.019500000000000003 -0.0044999999999999971 156.05446686921323
0.019999999999999997 -0.0044999999999999971 92.776211952123717
0.020499999999999997 -0.0044999999999999971 53.647163152196612
0.021000000000000005 -0.0044999999999999971 30.171970512312686
0.021500000000000005 -0.0044999999999999971 16.504603609616385
0.021999999999999999 -0.0044999999999999971 8.7811065750752366
0.022499999999999999 -0.0044999999999999971 4.5439623620282754
0.023000000000000007 -0.0044999999999999971 2.2869698238555092
0.023500000000000007 -0.0044999999999999971 1.1195036547714958
0.024 -0.0044999999999999971 0.5330025626268019
0.024500000000000001 -0.0044999999999999971 0.24681483002181751
0.025000000000000001 -0.0044999999999999971 0.11116062101592122
-0.025000000000000001 -0.0040000000000000001 0.70922606317755654
-0.024500000000000001 -0.0040000000000000001 1.4593389679028388
-0.024 -0.0040000000000000001 2.9235816623721602
-0.0235 -0.0040000000000000001 5.7028269652376853
-0.023 -0.0040000000000000001 10.832036609192214
-0.022500000000000003 -0.0040000000000000001 20.035702916719639
-0.022000000000000002 -0.0040000000000000001 36.091383686308767
-0.021500000000000002 -0.0040000000000000001 63.319442862610202
-0.021000000000000001 -0.0040000000000000001 108.20200909751513
-0.020500000000000001 -0.0040000000000000001 180.10595897118154
-0.02 -0.0040000000000000001 292.04159147243701
-0.0195 -0.0040000000000000001 461.33228112526109
-0.019 -0.0040000000000000001 710.00798384493748
-0.018500000000000003 -0.0040000000000000001 1064.6810137233201
-0.018000000000000002 -0.0040000000000000001 1555.6363550502708
-0.017500000000000002 -0.0040000000000000001 2214.8945490435949
-0.017000000000000001 -0.0040000000000000001 3073.1037261767233
-0.016500000000000001 -0.0040000000000000001 4155.2982506150183
-0.016 -0.0040000000000000001 5475.8143488912037
-0.0155 -0.0040000000000000001 7032.941801916726
-0.015000000000000001 -0.0040000000000000001 8804.153716765004
-0.014500000000000001 -0.0040000000000000001 10742.916055706186
-0.014 -0.0040000000000000001 12778.059974753471
-0.0135 -0.0040000000000000001 14816.454619035369
-0.012999999999999999 -0.0040000000000000001 16749.246693750476
-0.012500000000000001 -0.0040000000000000001 18461.299236042501
-0.012 -0.0040000000000000001 19842.787581220382
-0.0115 -0.0040000000000000001 20801.352552779546
-0.010999999999999999 -0.0040000000000000001 21272.921693432199
-0.010499999999999999 -0.0040000000000000001 21229.391276555449
-0.010000000000000002 -0.0040000000000000001 20681.831183800274
-0.0095000000000000015 -0.0040000000000000001 19678.647961415933
-0.0090000000000000011 -0.0040000000000000001 18299.050962807993
-0.0085000000000000006 -0.0040000000000000001 16643.003786459063
-0.0080000000000000002 -0.0040000000000000001 14819.415791920403
-0.0074999999999999997 -0.0040000000000000001 12934.513847466696
-0.0069999999999999993 -0.0040000000000000001 11082.112699796549
-0.0064999999999999988 -0.0040000000000000001 9336.9571670383066
-0.0059999999999999984 -0.0040000000000000001 7751.5983212963656
-0.0054999999999999979 -0.0040000000000000001 6356.5708790570825
-0.005000000000000001 -0.0040000000000000001 5163.1143045325762
-0.0044999999999999971 -0.0040000000000000001 4167.4138845786028
-0.0040000000000000001 -0.0040000000000000001 3355.338724954519
-0.0035000000000000031 -0.0040000000000000001 2706.8613939500024
-0.0029999999999999992 -0.0040000000000000001 2199.6599113905809
-0.0025000000000000022 -0.0040000000000000001 1811.7240916065566
-0.0019999999999999983 -0.0040000000000000001 1523.0371140535037
-0.0015000000000000013 -0.0040000000000000001 1316.5422936578434
-0.00099999999999999742 -0.0040000000000000001 1178.6374969063395
-0.00050000000000000044 -0.0040000000000000001 1099.3971654420989
0 -0.0040000000000000001 1072.6471232118611
0.00050000000000000044 -0.0040000000000000001 1095.9473530178082
0.0010000000000000009 -0.0040000000000000001 1170.493489372617
0.0015000000000000013 -0.0040000000000000001 1300.9303759455815
0.0020000000000000018 -0.0040000000000000001 1495.0673288519906
0.0024999999999999988 -0.0040000000000000001 1763.4759316156906
0.0030000000000000027 -0.0040000000000000001 2118.9239167221408
0.0034999999999999996 -0.0040000000000000001 2575.5537882778508
0.0040000000000000036 -0.0040000000000000001 3147.6706190942855
0.0045000000000000005 -0.0040000000000000001 3847.9916390895064
0.0049999999999999975 -0.0040000000000000001 4685.2646353015143
0.0055000000000000014 -0.0040000000000000001 5661.302883618152
0.0059999999999999984 -0.0040000000000000001 6767.7026042795851
0.0064999999999999988 -0.0040000000000000001 7982.7594867013368
0.0069999999999999993 -0.0040000000000000001 9269.3068293100496
0.0074999999999999997 -0.0040000000000000001 10574.270459329513
0.0080000000000000002 -0.0040000000000000001 11830.604171852596
0.0085000000000000006 -0.0040000000000000001 12961.912731189163
0.0090000000000000011 -0.0040000000000000001 13889.535785442331
0.0095000000000000015 -0.0040000000000000001 14541.271546123355
0.010000000000000002 -0.0040000000000000001 14860.421045946827
0.010500000000000002 -0.0040000000000000001 14813.58455062199
0.011000000000000003 -0.0040000000000000001 14395.738209500605
0.011500000000000003 -0.0040000000000000001 13631.56619518198
0.012000000000000004 -0.0040000000000000001 12572.726114548195
0.012499999999999997 -0.0040000000000000001 11291.512878444628
0.013000000000000005 -0.0040000000000000001 9872.0632098176229
0.013499999999999998 -0.0040000000000000001 8400.6478930974754
0.014000000000000005 -0.0040000000000000001 6956.6498368847415
0.014499999999999999 -0.0040000000000000001 5605.5396403624882
0.014999999999999999 -0.0040000000000000001 4394.6385392328821
0.0155 -0.0040000000000000001 3351.8507461196295
0.016000000000000007 -0.0040000000000000001 2487.0027271995168
0.016500000000000001 -0.0040000000000000001 1795.0548576130063
0.017000000000000001 -0.0040000000000000001 1260.2978415152863
0.017500000000000002 -0.0040000000000000001 860.69682853576637
0.017999999999999995 -0.0040000000000000001 571.74052731060135
0.018500000000000003 -0.0040000000000000001 369.41272145968844
0.019000000000000003 -0.0040000000000000001 232.15754068883348
0.019500000000000003 -0.0040000000000000001 141.90807302598981
0.019999999999999997 -0.0040000000000000001 84.368644942481581
0.020499999999999997 -0.0040000000000000001 48.786741136046118
0.021000000000000005 -0.0040000000000000001 27.438921431444243
0.021500000000000005 -0.0040000000000000001 15.009802390349565
0.021999999999999999 -0.0040000000000000001 7.9859066470953923
0.022499999999999999 -0.0040000000000000001 4.1325080297305075
0.023000000000000007 -0.0040000000000000001 2.0799004495234077
0.023500000000000007 -0.0040000000000000001 1.0181460618206537
0.024 -0.0040000000000000001 0.48474773774949725
0.024500000000000001 -0.0040000000000000001 0.22447048877671741
0.025000000000000001 -0.0040000000000000001 0.10109743723189496
-0.025000000000000001 -0.0035000000000000031 0.83860934042009627
-0.024500000000000001 -0.0035000000000000031 1.7198878057557874
-0.024 -0.0035000000000000031 3.4334564628845188
-0.0235 -0.0035000000000000031 6.6723514447630308
-0.023 -0.0035000000000000031 12.623163812914752
-0.022500000000000003 -0.0035000000000000031 23.250186935938856
-0.022000000000000002 -0.0035000000000000031 41.694762588524895
-0.021500000000000002 -0.0035000000000000031 72.80514839366316
-0.021000000000000001 -0.0035000000000000031 123.79342903061192
-0.020500000000000001 -0.0035000000000000031 204.98304178440071
-0.02 -0.0035000000000000031 330.56237139402208
-0.0195 -0.0035000000000000031 519.19983745076786
-0.019 -0.0035000000000000031 794.31335934270442
-0.018500000000000003 -0.0035000000000000031 1183.7384568550992
-0.018000000000000002 -0.0035000000000000031 1718.5266955270222
-0.017500000000000002 -0.0035000000000000031 2430.6534578571777
-0.017000000000000001 -0.0035000000000000031 3349.5393092598888
-0.016500000000000001 -0.0035000000000000031 4497.4962814580167
-0.016 -0.0035000000000000031 5884.4803866778921
-0.0155 -0.0035000000000000031 7502.8192726073439
-0.015000000000000001 -0.0035000000000000031 9322.8208928519907
-0.014500000000000001 -0.0035000000000000031 11290.277066335182
-0.014 -0.0035000000000000031 13326.787170135585
-0.0135 -0.0035000000000000031 15333.508926539531
-0.012999999999999999 -0.0035000000000000031 17198.416560105401
-0.012500000000000001 -0.0035000000000000031 18806.494305778109
-0.012 -0.0035000000000000031 20051.648944709992
-0.0115 -0.0035000000000000031 20848.644101495585
-0.010999999999999999 -0.0035000000000000031 21143.177494886466
-0.010499999999999999 -0.0035000000000000031 20918.41544065511
-0.010000000000000002 -0.0035000000000000031 20196.852959228996
-0.0095000000000000015 -0.0035000000000000031 19037.176141437838
-0.0090000000000000011 -0.0035000000000000031 17526.689896295597
-0.0085000000000000006 -0.0035000000000000031 15770.639017195586
-0.0080000000000000002 -0.0035000000000000031 13880.224162006069
-0.0074999999999999997 -0.0035000000000000031 11961.203300842697
-0.0069999999999999993 -0.0035000000000000031 10104.678649733673
-0.0064999999999999988 -0.0035000000000000031 8381.0964131570181
-0.0059999999999999984 -0.0035000000000000031 6837.7885268335431
-0.0054999999999999979 -0.0035000000000000031 5499.7310435283598
-0.005000000000000001 -0.0035000000000000031 4372.7183260754264
-0.0044999999999999971 -0.0035000000000000031 3447.9269822399101
-0.0040000000000000001 -0.0035000000000000031 2706.8670442297234
-0.0035000000000000031 -0.0035000000000000031 2125.9295586348699
-0.0029999999999999992 -0.0035000000000000031 1680.0470915471778
-0.0025000000000000022 -0.0035000000000000031 1345.2934807500692
-0.0019999999999999983 -0.0035000000000000031 1100.4920521719814
-0.0015000000000000013 -0.0035000000000000031 928.04403441156228
-0.00099999999999999742 -0.0035000000000000031 814.23277357618736
-0.00050000000000000044 -0.0035000000000000031 749.23083791717227
0 -0.0035000000000000031 726.97216308542784
0.00050000000000000044 -0.0035000000000000031 744.98196737375304
0.0010000000000000009 -0.0035000000000000031 804.20242135420199
0.0015000000000000013 -0.0035000000000000031 908.81602745476414
0.0020000000000000018 -0.0035000000000000031 1066.0438034464287
0.0024999999999999988 -0.0035000000000000031 1285.8699062055753
0.0030000000000000027 -0.0035000000000000031 1580.6107317251192
0.0034999999999999996 -0.0035000000000000031 1964.2080070690654
0.0040000000000000036 -0.0035000000000000031 2451.0980952908267
0.0045000000000000005 -0.0035000000000000031 3054.518992803954
0.0049999999999999975 -0.0035000000000000031 3784.1873759627342
0.0055000000000000014 -0.0035000000000000031 4643.422542578528
0.0059999999999999984 -0.0035000000000000031 5625.9993001516723
0.0064999999999999988 -0.0035000000000000031 6713.2345336424705
0.0069999999999999993 -0.0035000000000000031 7871.9840806569728
0.0074999999999999997 -0.0035000000000000031 9054.2717423196373
0.0080000000000000002 -0.0035000000000000031 10199.133108208967
0.0085000000000000006 -0.0035000000000000031 11236.920243892928
0.0090000000000000011 -0.0035000000000000031 12095.826752563911
0.0095000000000000015 -0.0035000000000000031 12709.861888727371
0.010000000000000002 -0.0035000000000000031 13027.066601649907
0.010500000000000002 -0.0035000000000000031 13016.556192266249
0.011000000000000003 -0.0035000000000000031 12673.075723317681
0.011500000000000003 -0.0035000000000000031 12018.165712901096
0.012000000000000004 -0.0035000000000000031 11097.669361040274
0.012499999999999997 -0.0035000000000000031 9976.015917183242
0.013000000000000005 -0.0035000000000000031 8728.31478853507
0.013499999999999998 -0.0035000000000000031 7431.6496781452151
0.014000000000000005 -0.0035000000000000031 6157.0008125376789
0.014499999999999999 -0.0035000000000000031 4962.9628135617595
0.014999999999999999 -0.0035000000000000031 3891.9577489152903
0.0155 -0.0035000000000000031 2969.1004986553826
0.016000000000000007 -0.0035000000000000031 2203.3893308807919
0.016500000000000001 -0.0035000000000000031 1590.564716943323
0.017000000000000001 -0.0035000000000000031 1116.8447227250069
0.017500000000000002 -0.0035000000000000031 762.79152886725637
0.017999999999999995 -0.0035000000000000031 506.73733247622488
0.018500000000000003 -0.0035000000000000031 327.42959032895322
0.019000000000000003 -0.0035000000000000031 205.78145604563272
0.019500000000000003 -0.0035000000000000031 125.78943081772177
0.019999999999999997 -0.0035000000000000031 74.787460571854339
0.020499999999999997 -0.0035000000000000031 43.247188404125573
0.021000000000000005 -0.0035000000000000031 24.32370083213177
0.021500000000000005 -0.0035000000000000031 13.305853034741171
0.021999999999999999 -0.0035000000000000031 7.0793925875875852
0.022499999999999999 -0.0035000000000000031 3.6634361242703539
0.023000000000000007 -0.0035000000000000031 1.8438259976261595
0.023500000000000007 -0.0035000000000000031 0.90258768726289063
0.024 -0.0035000000000000031 0.42973094156120906
0.024500000000000001 -0.0035000000000000031 0.19899459167491471
0.025000000000000001 -0.0035000000000000031 0.089623747117395305
-0.025000000000000001 -0.0029999999999999992 0.97480146253908895
-0.024500000000000001 -0.0029999999999999992 1.9941594119891461
-0.024 -0.0029999999999999992 3.9702104482303788
-0.0235 -0.0029999999999999992 7.6930394621920124
-0.023 -0.0029999999999999992 14.508922332445179
-0.022500000000000003 -0.0029999999999999992 26.634727701826915
-0.022000000000000002 -0.0029999999999999992 47.595025539449203
-0.021500000000000002 -0.0029999999999999992 82.794304703974063
-0.021000000000000001 -0.0029999999999999992 140.21401319351665
-0.020500000000000001 -0.0029999999999999992 231.18619341229498
-0.02 -0.0029999999999999992 371.14213897029549
-0.0195 -0.0029999999999999992 580.17063038731146
-0.019 -0.0029999999999999992 883.15764527956901
-0.018500000000000003 -0.0029999999999999992 1309.2369576306407
-0.018000000000000002 -0.0029999999999999992 1890.2828268302521
-0.017500000000000002 -0.0029999999999999992 2658.2458962985465
-0.017000000000000001 -0.0029999999999999992 3641.2868937254261
-0.016500000000000001 -0.0029999999999999992 4858.8973212333822
-0.016 -0.0029999999999999992 6316.484267499307
-0.0155 -0.0029999999999999992 8000.1827907655124
-0.015000000000000001 -0.0029999999999999992 9872.8687082979832
-0.014500000000000001 -0.0029999999999999992 11872.397841891547
-0.014 -0.0029999999999999992 13912.934887527301
-0.0135 -0.0029999999999999992 15889.839431409066
-0.012999999999999999 -0.0029999999999999992 17687.991125251672
-0.012500000000000001 -0.0029999999999999992 19192.764178170171
-0.012 -0.0029999999999999992 20302.249216945365
-0.0115 -0.0029999999999999992 20938.922113742829
-0.010999999999999999 -0.0029999999999999992 21058.893579075993
-0.010499999999999999 -0.0029999999999999992 20657.186586228567
-0.010000000000000002 -0.0029999999999999992 19768.135119095074
-0.0095000000000000015 -0.0029999999999999992 18460.845293464004
-0.0090000000000000011 -0.0029999999999999992 16830.522466938535
-0.0085000000000000006 -0.0029999999999999992 14987.154216045008
-0.0080000000000000002 -0.0029999999999999992 13043.403502586743
-0.0074999999999999997 -0.0029999999999999992 11103.546555333309
-0.0069999999999999993 -0.0029999999999999992 9254.9191453621333
-0.0064999999999999988 -0.0029999999999999992 7562.7267619065342
-0.0059999999999999984 -0.0029999999999999992 6068.3865429404914
-0.0054999999999999979 -0.0029999999999999992 4790.9584456942721
-0.005000000000000001 -0.0029999999999999992 3730.8060370398284
-0.0044999999999999971 -0.0029999999999999992 2874.4554162592312
-0.0040000000000000001 -0.0029999999999999992 2199.6798627515709
-0.0035000000000000031 -0.0029999999999999992 1680.0633280279094
-0.0029999999999999992 -0.0029999999999999992 1288.5996774052501
-0.0025000000000000022 -0.0029999999999999992 1000.1821267991903
-0.0019999999999999983 -0.0029999999999999992 793.06801649017689
-0.0015000000000000013 -0.0029999999999999992 649.54016265045664
-0.00099999999999999742 -0.0029999999999999992 556.03041898672802
-0.00050000000000000044 -0.0029999999999999992 502.9473673068365
0 -0.0029999999999999992 484.38969199621999
0.00050000000000000044 -0.0029999999999999992 497.85771892145584
0.0010000000000000009 -0.0029999999999999992 544.01523389936528
0.0015000000000000013 -0.0029999999999999992 626.50726636385946
0.0020000000000000018 -0.0029999999999999992 751.80305637583422
0.0024999999999999988 -0.0029999999999999992 928.99965674197631
0.0030000000000000027 -0.0029999999999999992 1169.4865853388615
0.0034999999999999996 -0.0029999999999999992 1486.3398842569577
0.0040000000000000036 -0.0029999999999999992 1893.2986716339565
0.0045000000000000005 -0.0029999999999999992 2403.1988039979447
0.0049999999999999975 -0.0029999999999999992 3025.8150119244838
0.0055000000000000014 -0.0029999999999999992 3765.201333372459
0.0059999999999999984 -0.0029999999999999992 4616.8052302183614
0.0064999999999999988 -0.0029999999999999992 5564.8239227022095
0.0069999999999999993 -0.0029999999999999992 6580.4130166335599
0.0074999999999999997 -0.0029999999999999992 7621.3836223713197
0.0080000000000000002 -0.0029999999999999992 8633.8883274503733
0.0085000000000000006 -0.0029999999999999992 9556.2910728860825
0.0090000000000000011 -0.0029999999999999992 10324.985631148644
0.0095000000000000015 -0.0029999999999999992 10881.465210919247
0.010000000000000002 -0.0029999999999999992 11179.57230329103
0.010500000000000002 -0.0029999999999999992 11191.686342321023
0.011000000000000003 -0.0029999999999999992 10912.705465050429
0.011500000000000003 -0.0029999999999999992 10361.045095988577
0.012000000000000004 -0.0029999999999999992 9576.4322580505832
0.012499999999999997 -0.0029999999999999992 8614.8871604154629
0.013000000000000005 -0.0029999999999999992 7541.8030112242586
0.013499999999999998 -0.0029999999999999992 6424.3391874949857
0.014000000000000005 -0.0029999999999999992 5324.3720717007227
0.014499999999999999 -0.0029999999999999992 4293.0177592713762
0.014999999999999999 -0.0029999999999999992 3367.331872262509
0.0155 -0.0029999999999999992 2569.3196468288038
0.016000000000000007 -0.0029999999999999992 1906.9690899671787
0.016500000000000001 -0.0029999999999999992 1376.7343810941204
0.017000000000000001 -0.0029999999999999992 966.78074408400164
0.017500000000000002 -0.0029999999999999992 660.34299782853077
0.017999999999999995 -0.0029999999999999992 438.70135075415106
0.018500000000000003 -0.0029999999999999992 283.47940739130121
0.019000000000000003 -0.0029999999999999992 178.16547836117675
0.019500000000000003 -0.0029999999999999992 108.91112260752817
0.019999999999999997 -0.0029999999999999992 64.753806216039678
0.020499999999999997 -0.0029999999999999992 37.445617745658986
0.021000000000000005 -0.0029999999999999992 21.060949727332662
0.021500000000000005 -0.0029999999999999992 11.521129995498445
0.021999999999999999 -0.0029999999999999992 6.129873745758589
0.022499999999999999 -0.0029999999999999992 3.1720983689890452
0.023000000000000007 -0.0029999999999999992 1.5965403837816898
0.023500000000000007 -0.0029999999999999992 0.78153945476757436
0.024 -0.0029999999999999992 0.37209970479817051
0.024500000000000001 -0.0029999999999999992 0.17230778994524651
0.025000000000000001 -0.0029999999999999992 0.077604601238950618
-0.025000000000000001 -0.0025000000000000022 1.1111824205845844
-0.024500000000000001 -0.0025000000000000022 2.2688721652463477
-0.024 -0.0025000000000000022 4.5079603941723292
-0.0235 -0.0025000000000000022 8.7159028156406961
-0.023 -0.0025000000000000022 16.399281373351386
-0.022500000000000003 -0.0025000000000000022 30.028695754819829
-0.022000000000000002 -0.0025000000000000022 53.514017606449997
-0.021500000000000002 -0.0025000000000000022 92.819553204812564
-0.021000000000000001 -0.0025000000000000022 156.70209085081632
-0.020500000000000001 -0.0025000000000000022 257.51187192894707
-0.02 -0.0025000000000000022 411.93791830229407
-0.0195 -0.0025000000000000022 641.51137847603866
-0.019 -0.0025000000000000022 972.61766770552856
-0.018500000000000003 -0.0025000000000000022 1435.7317076014167
-0.018000000000000002 -0.0025000000000000022 2063.6065465412694
-0.017500000000000002 -0.0025000000000000022 2888.2380925602324
-0.017000000000000001 -0.0025000000000000022 3936.6103153014219
-0.016500000000000001 -0.0025000000000000022 5225.4875202527182
-0.016 -0.0025000000000000022 6755.8264760951361
-0.0155 -0.0025000000000000022 8507.6666518724269
-0.015000000000000001 -0.0025000000000000022 10436.539142605963
-0.014500000000000001 -0.0025000000000000022 12472.433728975677
-0.014 -0.0025000000000000022 14522.126558016258
-0.0135 -0.0025000000000000022 16475.197677713466
-0.012999999999999999 -0.0025000000000000022 18213.422605641405
-0.012500000000000001 -0.0025000000000000022 19622.52962646223
-0.012 -0.0025000000000000022 20604.73350152111
-0.0115 -0.0025000000000000022 21090.139614047512
-0.010999999999999999 -0.0025000000000000022 21045.162652698888
-0.010499999999999999 -0.0025000000000000022 20476.538573499231
-0.010000000000000002 -0.0025000000000000022 19430.249518969191
-0.0095000000000000015 -0.0025000000000000022 17985.570712252447
-0.0090000000000000011 -0.0025000000000000022 16245.289043004384
-0.0085000000000000006 -0.0025000000000000022 14323.75141159908
-0.0080000000000000002 -0.0025000000000000022 12334.654734273652
-0.0074999999999999997 -0.0025000000000000022 10380.357520654858
-0.0069999999999999993 -0.0025000000000000022 8544.0369956396153
-0.0064999999999999988 -0.0025000000000000022 6885.3672852242944
-0.0059999999999999984 -0.0025000000000000022 5439.7137206932075
-0.0054999999999999979 -0.0025000000000000022 4220.2715998078047
-0.005000000000000001 -0.0025000000000000022 3222.2217520301147
-0.0044999999999999971 -0.0025000000000000022 2427.8622680460521
-0.0040000000000000001 -0.0025000000000000022 1811.7772516095906
-0.0035000000000000031 -0.0025000000000000022 1345.3492417745199
-0.0029999999999999992 -0.0025000000000000022 1000.2262621297189
-0.0025000000000000022 -0.0025000000000000022 750.64028044029862
-0.0019999999999999983 -0.0025000000000000022 574.68926663926266
-0.0015000000000000013 -0.0025000000000000022 454.81881229564556
-0.00099999999999999742 -0.0025000000000000022 377.77713546662403
-0.00050000000000000044 -0.0025000000000000022 334.29212626113076
0 -0.0025000000000000022 318.65953260537202
0.00050000000000000044 -0.0025000000000000022 328.36234973815255
0.0010000000000000009 -0.0025000000000000022 363.77865127763113
0.0015000000000000013 -0.0025000000000000022 427.98396687709595
0.0020000000000000018 -0.0025000000000000022 526.61286269542325
0.0024999999999999988 -0.0025000000000000022 667.70800146297427
0.0030000000000000027 -0.0025000000000000022 861.45164285672013
0.0034999999999999996 -0.0025000000000000022 1119.6486350050827
0.0040000000000000036 -0.0025000000000000022 1454.8229285192529
0.0045000000000000005 -0.0025000000000000022 1878.8171898610881
0.0049999999999999975 -0.0025000000000000022 2400.8606455051213
0.0055000000000000014 -0.0025000000000000022 3025.1968161753684
0.0059999999999999984 -0.0025000000000000022 3748.5256193505215
0.0064999999999999988 -0.0025000000000000022 4557.6785228463523
0.0069999999999999993 -0.0025000000000000022 5428.0607136139379
0.0074999999999999997 -0.0025000000000000022 6323.4077187052026
0.0080000000000000002 -0.0025000000000000022 7197.2783217211718
0.0085000000000000006 -0.0025000000000000022 7996.4371597318241
0.0090000000000000011 -0.0025000000000000022 8665.9089606703456
0.0095000000000000015 -0.0025000000000000022 9155.0923237454135
0.010000000000000002 -0.0025000000000000022 9424.0065931190802
0.010500000000000002 -0.0025000000000000022 9448.6056251663213
0.011000000000000003 -0.0025000000000000022 9224.1833785538001
0.011500000000000003 -0.0025000000000000022 8766.2142554708626
0.012000000000000004 -0.0025000000000000022 8108.4483405844958
0.012499999999999997 -0.0025000000000000022 7298.6042678850445
0.013000000000000005 -0.0025000000000000022 6392.4433314941689
0.013499999999999998 -0.0025000000000000022 5447.264729372936
0.014000000000000005 -0.0025000000000000022 4515.8836321399012
0.014499999999999999 -0.0025000000000000022 3641.9553403807849
0.014999999999999999 -0.0025000000000000022 2857.1590599858027
0.0155 -0.0025000000000000022 2180.3523990990038
0.016000000000000007 -0.0025000000000000022 1618.4500607514422
0.016500000000000001 -0.0025000000000000022 1168.5377099410694
0.017000000000000001 -0.0025000000000000022 820.63400891089361
0.017500000000000002 -0.0025000000000000022 560.54926113384579
0.017999999999999995 -0.0025000000000000022 372.41825488041729
0.018500000000000003 -0.0025000000000000022 240.6564137661417
0.019000000000000003 -0.0025000000000000022 151.25523090457088
0.019500000000000003 -0.0025000000000000022 92.462926820788994
0.019999999999999997 -0.0025000000000000022 54.975274733590282
0.020499999999999997 -0.0025000000000000022 31.791305369533148
0.021000000000000005 -0.0025000000000000022 17.880902257081331
0.021500000000000005 -0.0025000000000000022 9.7815973180340112
0.021999999999999999 -0.0025000000000000022 5.2043771341896123
0.022499999999999999 -0.0025000000000000022 2.693182954990212
0.023000000000000007 -0.0025000000000000022 1.3555035841342993
0.023500000000000007 -0.0025000000000000022 0.66354882586210395
0.024 -0.0025000000000000022 0.315923735065327
0.024500000000000001 -0.0025000000000000022 0.14629469844596374
0.025000000000000001 -0.0025000000000000022 0.06588882036085833
-0.025000000000000001 -0.0019999999999999983 1.2397165596103639
-0.024500000000000001 -0.0019999999999999983 2.5278543702886762
-0.024 -0.0019999999999999983 5.0150818760135705
-0.0235 -0.0019999999999999983 9.6808551093581912
-0.023 -0.0019999999999999983 18.183332802637974
-0.022500000000000003 -0.0019999999999999983 33.233241724712983
-0.022000000000000002 -0.0019999999999999983 59.105488819619509
-0.021500000000000002 -0.0019999999999999983 102.29545617706736
-0.021000000000000001 -0.0019999999999999983 172.29670177799099
-0.020500000000000001 -0.0019999999999999983 282.42914053366735
-0.02 -0.0019999999999999983 450.58318226128301
-0.0195 -0.0019999999999999983 699.67377566691459
-0.019 -0.0019999999999999983 1057.5350690984335
-0.018500000000000003 -0.0019999999999999983 1555.9554003638627
-0.018000000000000002 -0.0019999999999999983 2228.5814512489596
-0.017500000000000002 -0.0019999999999999983 3107.5338835004636
-0.017000000000000001 -0.0019999999999999983 4218.7848277079456
-0.016500000000000001 -0.0019999999999999983 5576.6359913300412
-0.016 -0.0019999999999999983 7177.9598681572688
-0.0155 -0.0019999999999999983 8997.1518503756361
-0.015000000000000001 -0.0019999999999999983 10982.898701747927
-0.014500000000000001 -0.0019999999999999983 13057.817367151036
-0.014 -0.0019999999999999983 15121.711953820701
-0.0135 -0.0019999999999999983 17058.650443067458
-0.012999999999999999 -0.0019999999999999983 18747.360936923713
-0.012500000000000001 -0.0019999999999999983 20073.73402546185
-0.012 -0.0019999999999999983 20943.664403243973
-0.0115 -0.0019999999999999983 21294.223550993207
-0.010999999999999999 -0.0019999999999999983 21101.313436327175
-0.010499999999999999 -0.0019999999999999983 20382.500121877187
-0.010000000000000002 -0.0019999999999999983 19194.557345030575
-0.0095000000000000015 -0.0019999999999999983 17626.181022955392
-0.0090000000000000011 -0.0019999999999999983 15787.158266770117
-0.0085000000000000006 -0.0019999999999999983 13795.811445235222
-0.0080000000000000002 -0.0019999999999999983 11766.688175746222
-0.0074999999999999997 -0.0019999999999999983 9800.2294378227907
-0.0069999999999999993 -0.0019999999999999983 7975.6093990660556
-0.0064999999999999988 -0.0019999999999999983 6347.2508882606407
-0.0059999999999999984 -0.0019999999999999983 4944.8438386244679
-0.0054999999999999979 -0.0019999999999999983 3776.1669028504889
-0.005000000000000001 -0.0019999999999999983 2831.7145098848168
-0.0044999999999999971 -0.0019999999999999983 2090.0765867410305
-0.0040000000000000001 -0.0019999999999999983 1523.1633775540172
-0.0035000000000000031 -0.0019999999999999983 1100.6365560422259
-0.0029999999999999992 -0.0019999999999999983 793.21543821577325
-0.0025000000000000022 -0.0019999999999999983 574.80275554120817
-0.0019999999999999983 -0.0019999999999999983 423.5740958077123
-0.0015000000000000013 -0.0019999999999999983 322.28413520672837
-0.00099999999999999742 -0.0019999999999999983 258.07049359109527
-0.00050000000000000044 -0.0019999999999999983 222.00583161874741
0 -0.0019999999999999983 208.58771863174076
0.00050000000000000044 -0.0019999999999999983 215.28651452470268
0.0010000000000000009 -0.0019999999999999983 242.20813288705747
0.0015000000000000013 -0.0019999999999999983 291.87627163241143
0.0020000000000000018 -0.0019999999999999983 369.09639304973462
0.0024999999999999988 -0.0019999999999999983 480.82817190874704
0.0030000000000000027 -0.0019999999999999983 635.96319306163628
0.0034999999999999996 -0.0019999999999999983 844.88426262519431
0.0040000000000000036 -0.0019999999999999983 1118.6811385286831
0.0045000000000000005 -0.0019999999999999983 1467.927005731781
0.0049999999999999975 -0.0019999999999999983 1900.9904426167641
0.0055000000000000014 -0.0019999999999999983 2421.9697604782177
0.0059999999999999984 -0.0019999999999999983 3028.4766577429796
0.0064999999999999988 -0.0019999999999999983 3709.6339679510388
0.0069999999999999993 -0.0019999999999999983 4444.7456952957355
0.0074999999999999997 -0.0019999999999999983 5203.10304557377
0.0080000000000000002 -0.0019999999999999983 5945.2780410403702
0.0085000000000000006 -0.0019999999999999983 6626.0250886641534
0.0090000000000000011 -0.0019999999999999983 7198.595451267779
0.0095000000000000015 -0.0019999999999999983 7619.938097178604
0.010000000000000002 -0.0019999999999999983 7855.9986525926442
0.010500000000000002 -0.0019999999999999983 7886.2149609490534
0.011000000000000003 -0.0019999999999999983 7706.38905809465
0.011500000000000003 -0.0019999999999999983 7329.3865952110427
0.012000000000000004 -0.0019999999999999983 6783.5182040467062
0.012499999999999997 -0.0019999999999999983 6108.8970696790693
0.013000000000000005 -0.0019999999999999983 5352.4365586887525
0.013499999999999998 -0.0019999999999999983 4562.3652821306914
0.014000000000000005 -0.0019999999999999983 3783.1532613530289
0.014499999999999999 -0.0019999999999999983 3051.5744412746876
0.014999999999999999 -0.0019999999999999983 2394.3358859213727
0.0155 -0.0019999999999999983 1827.3654927777438
0.016000000000000007 -0.0019999999999999983 1356.5497302885624
0.016500000000000001 -0.0019999999999999983 979.50958960563878
0.017000000000000001 -0.0019999999999999983 687.92109632863321
0.017500000000000002 -0.0019999999999999983 469.91688494872403
0.017999999999999995 -0.0019999999999999983 312.21405470873509
0.018500000000000003 -0.0019999999999999983 201.75767985603753
0.019000000000000003 -0.0019999999999999983 126.80949443022924
0.019500000000000003 -0.0019999999999999983 77.520372015032152
0.019999999999999997 -0.0019999999999999983 46.091514898761162
0.020499999999999997 -0.0019999999999999983 26.654229711499642
0.021000000000000005 -0.0019999999999999983 14.991686670102009
0.021500000000000005 -0.0019999999999999983 8.2011249181328481
0.021999999999999999 -0.0019999999999999983 4.3634944502630475
0.022499999999999999 -0.0019999999999999983 2.2580476817975823
0.023000000000000007 -0.0019999999999999983 1.136499272505533
0.023500000000000007 -0.0019999999999999983 0.55634264229407948
0.024 -0.0019999999999999983 0.26488202054703652
0.024500000000000001 -0.0019999999999999983 0.12265899726931392
0.025000000000000001 -0.0019999999999999983 0.055243733516193119
-0.025000000000000001 -0.0015000000000000013 1.3517253519625891
-0.024500000000000001 -0.0015000000000000013 2.7536051937178287
-0.024 -0.0015000000000000013 5.4572742395744447
-0.0235 -0.0015000000000000013 10.522561702249861
-0.023 -0.0015000000000000013 19.740143781693867
-0.022500000000000003 -0.0015000000000000013 36.030864283949505
-0.022000000000000002 -0.0015000000000000013 63.989382715654699
-0.021500000000000002 -0.0015000000000000013 110.57688266586051
-0.021000000000000001 -0.0015000000000000013 185.93419671002459
-0.020500000000000001 -0.0015000000000000013 304.23494704688557
-0.02 -0.0015000000000000013 484.43032239241217
-0.0195 -0.0015000000000000013 750.66223720661606
-0.019 -0.0015000000000000013 1132.0579510138882
-0.018500000000000003 -0.0015000000000000013 1661.5928209622534
-0.018000000000000002 -0.0015000000000000013 2373.7482390618638
-0.017500000000000002 -0.0015000000000000013 3300.8234298131256
-0.017000000000000001 -0.0015000000000000013 4467.9907761085778
-0.016500000000000001 -0.0015000000000000013 5887.4956001765286
-0.016 -0.0015000000000000013 7552.7406441238309
-0.0155 -0.0015000000000000013 9433.2812558108944
-0.015000000000000001 -0.0015000000000000013 11471.894229931137
-0.014500000000000001 -0.0015000000000000013 13584.788720186867
-0.014 -0.0015000000000000013 15665.661849956128
-0.0135 -0.0015000000000000013 17593.691931450008
-0.012999999999999999 -0.0015000000000000013 19244.810592986854
-0.012500000000000001 -0.0015000000000000013 20504.86270728481
-0.012 -0.0015000000000000013 21282.731949136745
-0.0115 -0.0015000000000000013 21521.332425404882
-0.010999999999999999 -0.0015000000000000013 21204.617778128744
-0.010499999999999999 -0.0015000000000000013 20359.407202683215
-0.010000000000000002 -0.0015000000000000013 19051.738238382408
-0.0095000000000000015 -0.0015000000000000013 17378.424904046584
-0.0090000000000000011 -0.0015000000000000013 15455.308830903268
-0.0085000000000000006 -0.0015000000000000013 13404.167893989466
-0.0080000000000000002 -0.0015000000000000013 11340.30832728819
-0.0074999999999999997 -0.0015000000000000013 9362.5347731229376
-0.0069999999999999993 -0.0015000000000000013 7546.5809352154311
-0.0064999999999999988 -0.0015000000000000013 5942.3559372860454
-0.0059999999999999984 -0.0015000000000000013 4574.6860586353932
-0.0054999999999999979 -0.0015000000000000013 3446.7373114861716
-0.005000000000000001 -0.0015000000000000013 2545.0565340228336
-0.0044999999999999971 -0.0015000000000000013 1845.164941640742
-0.0040000000000000001 -0.0015000000000000013 1316.8231798125778
-0.0035000000000000031 -0.0015000000000000013 928.3778515052918
-0.0029999999999999992 -0.0015000000000000013 649.91173765316842
-0.0025000000000000022 -0.0015000000000000013 455.18750518807224
-0.0019999999999999983 -0.0015000000000000013 322.56018850059962
-0.0015000000000000013 -0.0015000000000000013 235.12840743199908
-0.00099999999999999742 -0.0015000000000000013 180.41110365107286
-0.00050000000000000044 -0.0015000000000000013 149.80000851577893
0 -0.0015000000000000013 137.97435342059168
0.00050000000000000044 -0.0015000000000000013 142.39461381162488
0.0010000000000000009 -0.0015000000000000013 162.92911250391089
0.0015000000000000013 -0.0015000000000000013 201.61574108120837
0.0020000000000000018 -0.0015000000000000013 262.52002580966723
0.0024999999999999988 -0.0015000000000000013 351.6176223835098
0.0030000000000000027 -0.0015000000000000013 476.60321132794343
0.0034999999999999996 -0.0015000000000000013 646.51190400828773
0.0040000000000000036 -0.0015000000000000013 871.0411771359469
0.0045000000000000005 -0.0015000000000000013 1159.4906167185063
0.0049999999999999975 -0.0015000000000000013 1519.300645097127
0.0055000000000000014 -0.0015000000000000013 1954.2695195743702
0.0059999999999999984 -0.0015000000000000013 2462.6477110044784
0.0064999999999999988 -0.0015000000000000013 3035.4244590024268
0.0069999999999999993 -0.0015000000000000013 3655.1974795715996
0.0074999999999999997 -0.0015000000000000013 4296.0176013615119
0.0080000000000000002 -0.0015000000000000013 4924.5016048361058
0.0085000000000000006 -0.0015000000000000013 5502.3086467268231
0.0090000000000000011 -0.0015000000000000013 5989.8085873465279
0.0095000000000000015 -0.0015000000000000013 6350.4919558157881
0.010000000000000002 -0.0015000000000000013 6555.4530774784216
0.010500000000000002 -0.0015000000000000013 6587.1856127312776
0.011000000000000003 -0.0015000000000000013 6442.0011811203367
0.011500000000000003 -0.0015000000000000013 6130.6121796853031
0.012000000000000004 -0.0015000000000000013 5676.7603591785637
0.012499999999999997 -0.0015000000000000013 5114.1424615645492
0.013000000000000005 -0.0015000000000000013 4482.1939959757647
0.013499999999999998 -0.0015000000000000013 3821.4703414885576
0.014000000000000005 -0.0015000000000000013 3169.3766890193647
0.014499999999999999 -0.0015000000000000013 2556.8557718463439
0.014999999999999999 -0.0015000000000000013 2006.3939860170749
0.0155 -0.0015000000000000013 1531.4220074165842
0.016000000000000007 -0.0015000000000000013 1136.9339181859473
0.016500000000000001 -0.0015000000000000013 820.97841797223816
0.017000000000000001 -0.0015000000000000013 576.60729003672918
0.017500000000000002 -0.0015000000000000013 393.89186529843721
0.017999999999999995 -0.0015000000000000013 261.709653752321
0.018500000000000003 -0.0015000000000000013 169.1243918842174
0.019000000000000003 -0.0015000000000000013 106.30040077454711
0.019500000000000003 -0.0015000000000000013 64.983699329833343
0.019999999999999997 -0.0015000000000000013 38.63792869578603
0.020499999999999997 -0.0015000000000000013 22.34407278874254
0.021000000000000005 -0.0015000000000000013 12.567512341269595
0.021500000000000005 -0.0015000000000000013 6.8750253724456103
0.021999999999999999 -0.0015000000000000013 3.6579428499944191
0.022499999999999999 -0.0015000000000000013 1.8929400403012728
0.023000000000000007 -0.0015000000000000013 0.95273890411747875
0.023500000000000007 -0.0015000000000000013 0.46638852931368135
0.024 -0.0015000000000000013 0.22205399903507092
0.024500000000000001 -0.0015000000000000013 0.10282672493571184
0.025000000000000001 -0.0015000000000000013 0.046311621548491583
-0.025000000000000001 -0.00099999999999999742 1.4388777086153495
-0.024500000000000001 -0.00099999999999999742 2.9293015515861063
-0.024 -0.00099999999999999742 5.8015154241618809
-0.0235 -0.00099999999999999742 11.178018073690396
-0.023 -0.00099999999999999742 20.952877575989408
-0.022500000000000003 -0.00099999999999999742 38.210994193837152
-0.022000000000000002 -0.00099999999999999742 67.796906956500479
-0.021500000000000002 -0.00099999999999999742 117.03620903213205
-0.021000000000000001 -0.00099999999999999742 196.57680643422597
-0.020500000000000001 -0.00099999999999999742 321.26229833554333
-0.02 -0.00099999999999999742 510.87834903956411
-0.0195 -0.00099999999999999742 790.53539444532976
-0.019 -0.00099999999999999742 1190.3869400557619
-0.018500000000000003 -0.00099999999999999742 1744.3597612582159
-0.018000000000000002 -0.00099999999999999742 2487.621317051171
-0.017500000000000002 -0.00099999999999999742 3452.655306524457
-0.017000000000000001 -0.00099999999999999742 4664.0650733863622
-0.016500000000000001 -0.00099999999999999742 6132.553664294991
-0.016 -0.00099999999999999742 7848.8810169941662
-0.0155 -0.00099999999999999742 9778.8852494506009
-0.015000000000000001 -0.00099999999999999742 11860.776377641598
-0.014500000000000001 -0.00099999999999999742 14005.783324799026
-0.014 -0.00099999999999999742 16102.82333249658
-0.0135 -0.00099999999999999742 18027.20395951335
-0.012999999999999999 -0.00099999999999999742 19652.577178835898
-0.012500000000000001 -0.00099999999999999742 20864.617009088957
-0.012 -0.00099999999999999742 21574.377378577916
-0.0115 -0.00099999999999999742 21729.158064131931
-0.010999999999999999 -0.00099999999999999742 21319.028732897496
-0.010499999999999999 -0.00099999999999999742 20377.885811780936
-0.010000000000000002 -0.00099999999999999742 18978.889249959258
-0.0095000000000000015 -0.00099999999999999742 17225.125366460936
-0.0090000000000000011 -0.00099999999999999742 15237.14195355706
-0.0085000000000000006 -0.00099999999999999742 13139.433379541877
-0.0080000000000000002 -0.00099999999999999742 11047.946881859676
-0.0074999999999999997 -0.00099999999999999742 9060.277838443757
-0.0069999999999999993 -0.00099999999999999742 7249.5526538219428
-0.0064999999999999988 -0.00099999999999999742 5662.2397625346057
-0.0059999999999999984 -0.00099999999999999742 4319.4534211694508
-0.0054999999999999979 -0.00099999999999999742 3220.8452414321719
-0.005000000000000001 -0.00099999999999999742 2349.9690726351841
-0.0044999999999999971 -0.00099999999999999742 1680.0411735047762
-0.0040000000000000001 -0.00099999999999999742 1179.2344872679753
-0.0035000000000000031 -0.00099999999999999742 814.95503986241783
-0.0029999999999999992 -0.00099999999999999742 556.86527551367931
-0.0025000000000000022 -0.00099999999999999742 378.68096396139623
-0.0019999999999999983 -0.00099999999999999742 258.94274277005542
-0.0015000000000000013 -0.00099999999999999742 181.04629562487224
-0.00099999999999999742 -0.00099999999999999742 132.82261338454066
-0.00050000000000000044 -0.00099999999999999742 105.91736427465356
0 -0.00099999999999999742 95.152049281036028
0.00050000000000000044 -0.00099999999999999742 97.979429058257693
0.0010000000000000009 -0.00099999999999999742 114.08344839419452
0.0015000000000000013 -0.00099999999999999742 145.12364935835487
0.0020000000000000018 -0.00099999999999999742 194.58494134791823
0.0024999999999999988 -0.00099999999999999742 267.66311104247535
0.0030000000000000027 -0.00099999999999999742 371.09369825433714
0.0034999999999999996 -0.00099999999999999742 512.81940491993851
0.0040000000000000036 -0.00099999999999999742 701.39518237618495
0.0045000000000000005 -0.00099999999999999742 945.05828761949954
0.0049999999999999975 -0.00099999999999999742 1250.4485042634062
0.0055000000000000014 -0.00099999999999999742 1621.0503462177883
0.0059999999999999984 -0.00099999999999999742 2055.5330971611234
0.0064999999999999988 -0.00099999999999999742 2546.2635485762407
0.0069999999999999993 -0.00099999999999999742 3078.3300509635178
0.0074999999999999997 -0.00099999999999999742 3629.4147057008972
0.0080000000000000002 -0.00099999999999999742 4170.763401663321
0.0085000000000000006 -0.00099999999999999742 4669.33160918461
0.0090000000000000011 -0.00099999999999999742 5090.9538399126923
0.0095000000000000015 -0.00099999999999999742 5404.1460924313278
0.010000000000000002 -0.00099999999999999742 5583.9648717594364
0.010500000000000002 -0.00099999999999999742 5615.2692147800435
0.011000000000000003 -0.00099999999999999742 5494.7953391246292
0.011500000000000003 -0.00099999999999999742 5231.6525124476957
0.012000000000000004 -0.00099999999999999742 4846.1412184563424
0.012499999999999997 -0.00099999999999999742 4367.1114574039957
0.013000000000000005 -0.00099999999999999742 3828.3437850601549
0.013499999999999998 -0.00099999999999999742 3264.5873625022573
0.014000000000000005 -0.00099999999999999742 2707.8989542616273
0.014499999999999999 -0.00099999999999999742 2184.8040506517991
0.014999999999999999 -0.00099999999999999742 1714.5882636142103
0.0155 -0.00099999999999999742 1308.7834778802851
0.016000000000000007 -0.00099999999999999742 971.69753306134123
0.016500000000000001 -0.00099999999999999742 701.69052035829225
0.017000000000000001 -0.00099999999999999742 492.84243791176414
0.017500000000000002 -0.00099999999999999742 336.67900013392949
0.017999999999999995 -0.00099999999999999742 223.70073827214895
0.018500000000000003 -0.00099999999999999742 144.56418305737586
0.019000000000000003 -0.00099999999999999742 90.864590901117495
0.019500000000000003 -0.00099999999999999742 55.547992641375465
0.019999999999999997 -0.00099999999999999742 33.02790588346177
0.020499999999999997 -0.00099999999999999742 19.099944085993442
0.021000000000000005 -0.00099999999999999742 10.742888840533588
0.021500000000000005 -0.00099999999999999742 5.8768910077603111
0.021999999999999999 -0.00099999999999999742 3.1268818872286546
0.022499999999999999 -0.00099999999999999742 1.618126170705116
0.023000000000000007 -0.00099999999999999742 0.81442327878023479
0.023500000000000007 -0.00099999999999999742 0.39868025840181831
0.024 -0.00099999999999999742 0.18981736171360838
0.024500000000000001 -0.00099999999999999742 0.087898952693413787
0.025000000000000001 -0.00099999999999999742 0.039588401752602476
-0.025000000000000001 -0.00050000000000000044 1.4942446975227648
-0.024500000000000001 -0.00050000000000000044 3.0409391295255994
-0.024 -0.00050000000000000044 6.0202889218389952
-0.0235 -0.00050000000000000044 11.594666107016108
-0.023 -0.00050000000000000044 21.723950331337214
-0.022500000000000003 -0.00050000000000000044 39.59752235721276
-0.022000000000000002 -0.00050000000000000044 70.219158547277999
-0.021500000000000002 -0.00050000000000000044 121.14685295879187
-0.021000000000000001 -0.00050000000000000044 203.35220753803154
-0.020500000000000001 -0.00050000000000000044 332.10704102882767
-0.02 -0.00050000000000000044 527.73127064670189
-0.0195 -0.00050000000000000044 815.9568858584031
-0.019 -0.00050000000000000044 1227.5984447559547
-0.018500000000000003 -0.00050000000000000044 1797.1997211998973
-0.018000000000000002 -0.00050000000000000044 2560.380547182363
-0.017500000000000002 -0.00050000000000000044 3549.7623468968513
-0.017000000000000001 -0.00050000000000000044 4789.6109037208298
-0.016500000000000001 -0.00050000000000000044 6289.6753596959279
-0.016 -0.00050000000000000044 8039.0620620733662
-0.0155 -0.00050000000000000044 10001.269011746246
-0.015000000000000001 -0.00050000000000000044 12111.618365511018
-0.014500000000000001 -0.00050000000000000044 14278.176320577119
-0.014 -0.00050000000000000044 16386.808966456996
-0.0135 -0.00050000000000000044 18310.332581239847
-0.012999999999999999 -0.00050000000000000044 19920.90123698517
-0.012500000000000001 -0.00050000000000000044 21104.016217412609
-0.012 -0.00050000000000000044 21772.036880362612
-0.0115 -0.00050000000000000044 21874.97400610723
-0.010999999999999999 -0.00050000000000000044 21406.713632832962
-0.010499999999999999 -0.00050000000000000044 20405.59253649844
-0.010000000000000002 -0.00050000000000000044 18949.25828542544
-0.0095000000000000015 -0.00050000000000000044 17144.76567038376
-0.0090000000000000011 -0.00050000000000000044 15115.656160637729
-0.0085000000000000006 -0.00050000000000000044 12988.170547786753
-0.0080000000000000002 -0.00050000000000000044 10878.695713447394
-0.0074999999999999997 -0.00050000000000000044 8884.0976391689019
-0.0069999999999999993 -0.00050000000000000044 7075.8870582339787
-0.0064999999999999988 -0.00050000000000000044 5498.3861732275591
-0.0059999999999999984 -0.00050000000000000044 4170.3882063754108
-0.0054999999999999979 -0.00050000000000000044 3089.3468607399254
-0.005000000000000001 -0.00050000000000000044 2236.9475304634816
-0.0044999999999999971 -0.00050000000000000044 1584.9738456654009
-0.0040000000000000001 -0.00050000000000000044 1100.6204217582394
-0.0035000000000000031 -0.00050000000000000044 750.72387500035654
-0.0029999999999999992 -0.00050000000000000044 504.70422620623623
-0.0025000000000000022 -0.00050000000000000044 336.26721972005021
-0.0019999999999999983 -0.00050000000000000044 224.08551919471981
-0.0015000000000000013 -0.00050000000000000044 151.75204936641134
-0.00099999999999999742 -0.00050000000000000044 107.29994213721103
-0.00050000000000000044 -0.00050000000000000044 82.537087537315784
0 -0.00050000000000000044 72.375031603260553
0.00050000000000000044 -0.00050000000000000044 74.261417743863632
0.0010000000000000009 -0.00050000000000000044 87.763483670681026
0.0015000000000000013 -0.00050000000000000044 114.3010056750189
0.0020000000000000018 -0.00050000000000000044 156.98949249723873
0.0024999999999999988 -0.00050000000000000044 220.52590073859159
0.0030000000000000027 -0.00050000000000000044 311.02864326224551
0.0034999999999999996 -0.00050000000000000044 435.73330384346178
0.0040000000000000036 -0.00050000000000000044 602.45053326516677
0.0045000000000000005 -0.00050000000000000044 818.71971261809733
0.0049999999999999975 -0.00050000000000000044 1090.6457647147452
0.0055000000000000014 -0.00050000000000000044 1421.4856437954229
0.0059999999999999984 -0.00050000000000000044 1810.145078983807
0.0064999999999999988 -0.00050000000000000044 2249.8348147196411
0.0069999999999999993 -0.00050000000000000044 2727.19184276539
0.0074999999999999997 -0.00050000000000000044 3222.1680876174146
0.0080000000000000002 -0.00050000000000000044 3708.909359744956
0.0085000000000000006 -0.00050000000000000044 4157.6921604565223
0.0090000000000000011 -0.00050000000000000044 4537.7791432823224
0.0095000000000000015 -0.00050000000000000044 4820.840311929167
0.010000000000000002 -0.00050000000000000044 4984.4213296792523
0.010500000000000002 -0.00050000000000000044 5014.8722907887695
0.011000000000000003 -0.00050000000000000044 4909.2080811509531
0.011500000000000003 -0.00050000000000000044 4675.5506498441418
0.012000000000000004 -0.00050000000000000044 4332.0660423405725
0.012499999999999997 -0.00050000000000000044 3904.5928611487584
0.013000000000000005 -0.00050000000000000044 3423.3956853001669
0.013499999999999998 -0.00050000000000000044 2919.6123355195386
0.014000000000000005 -0.00050000000000000044 2421.9720106741834
0.014499999999999999 -0.00050000000000000044 1954.2509619999025
0.014999999999999999 -0.00050000000000000044 1533.7413477562968
0.0155 -0.00050000000000000044 1170.7906231513543
0.016000000000000007 -0.00050000000000000044 869.27570447548067
0.016500000000000001 -0.00050000000000000044 627.74579647433882
0.017000000000000001 -0.00050000000000000044 440.91565424835079
0.017500000000000002 -0.00050000000000000044 301.21089202406876
0.017999999999999995 -0.00050000000000000044 200.13715418036
0.018500000000000003 -0.00050000000000000044 129.33779220997906
0.019000000000000003 -0.00050000000000000044 81.294822457551319
0.019500000000000003 -0.00050000000000000044 49.698044754058202
0.019999999999999997 -0.00050000000000000044 29.549769990641931
0.020499999999999997 -0.00050000000000000044 17.088613741037857
0.021000000000000005 -0.00050000000000000044 9.6116318713958115
0.021500000000000005 -0.00050000000000000044 5.2580499694531611
0.021999999999999999 -0.00050000000000000044 2.797624052749546
0.022499999999999999 -0.00050000000000000044 1.447741047670686
0.023000000000000007 -0.00050000000000000044 0.72866712847171911
0.023500000000000007 -0.00050000000000000044 0.35670082768956557
0.024 -0.00050000000000000044 0.16983047397288251
0.024500000000000001 -0.00050000000000000044 0.078643643651226391
0.025000000000000001 -0.00050000000000000044 0.035419961187560835
-0.025000000000000001 0 1.5132359520971399
-0.024500000000000001 0 3.0792350425357244
-0.024 0 6.0953440409503861
-0.0235 0 11.737622437759644
-0.023 0 21.988546383648181
-0.022500000000000003 0 40.073379815424836
-0.022000000000000002 0 71.050605835897201
-0.021500000000000002 0 122.55809251809043
-0.021000000000000001 0 205.67874817456018
-0.020500000000000001 0 335.8317335030552
-0.02 0 533.52094912816108
-0.0195 0 824.69269270051871
-0.019 0 1240.3898801649941
-0.018500000000000003 0 1815.3701494561267
-0.018000000000000002 0 2585.4114278182155
-0.017500000000000002 0 3583.1860160399956
-0.017000000000000001 0 4832.8481476601364
-0.016500000000000001 0 6343.8243395704339
-0.016 0 8104.6582078873689
-0.0155 0 10078.04881639676
-0.015000000000000001 0 12198.330052317084
-0.014500000000000001 0 14372.483361524586
-0.014 0 16485.325525824781
-0.0135 0 18408.812374790487
-0.012999999999999999 0 20014.575138254928
-0.012500000000000001 0 21188.044195973285
-0.012 0 21842.013404589972
-0.0115 0 21927.409869689658
-0.010999999999999999 0 21439.416261988612
-0.010499999999999999 0 20417.882509238763
-0.010000000000000002 0 18941.98900778552
-0.0095000000000000015 0 17120.149213819597
-0.0090000000000000011 0 15076.932680620881
-0.0085000000000000006 0 12939.183621050521
-0.0080000000000000002 0 10823.446313815672
-0.0074999999999999997 0 8826.3443262796591
-0.0069999999999999993 0 7018.8422502448484
-0.0064999999999999988 0 5444.5337957501442
-0.0059999999999999984 0 4121.4230488710909
-0.0054999999999999979 0 3046.2160708327624
-0.005000000000000001 0 2199.9629811396376
-0.0044999999999999971 0 1553.9611177354875
-0.0040000000000000001 0 1075.074182568253
-0.0035000000000000031 0 729.94764288592467
-0.0029999999999999992 0 487.92190104259413
-0.0025000000000000022 0 322.70202257659065
-0.0019999999999999983 0 213.0078582072515
-0.0015000000000000013 0 142.5010636470717
-0.00099999999999999742 0 99.284519794253384
-0.00050000000000000044 0 75.221764529803366
0 0 65.255098887344559
0.00050000000000000044 0 66.830352976441901
0.0010000000000000009 0 79.474828569318731
0.0015000000000000013 0 104.52623761352845
0.0020000000000000018 0 144.97344073214035
0.0024999999999999988 0 205.34197009228822
0.0030000000000000027 0 291.53761253387341
0.0034999999999999996 0 410.55168050747966
0.0040000000000000036 0 569.93699583019554
0.0045000000000000005 0 776.99031714221405
0.0049999999999999975 0 1037.6292823792885
0.0055000000000000014 0 1355.0285011758428
0.0059999999999999984 0 1728.1700624353052
0.0064999999999999988 0 2150.5488879618001
0.0069999999999999993 0 2609.3271071922013
0.0074999999999999997 0 3085.2282306616898
0.0080000000000000002 0 3553.3848510933508
0.0085000000000000006 0 3985.2040386630651
0.0090000000000000011 0 4351.1157221309004
0.0095000000000000015 0 4623.8640530071907
0.010000000000000002 0 4781.842808625237
0.010500000000000002 0 4811.9109192911883
0.011000000000000003 0 4711.1801018698879
0.011500000000000003 0 4487.4390316682393
0.012000000000000004 0 4158.1308388240313
0.012499999999999997 0 3748.0733579510957
0.013000000000000005 0 3286.3389781331671
0.013499999999999998 0 2802.8407848321244
0.014000000000000005 0 2325.1793266273594
0.014499999999999999 0 1876.1982005878385
0.014999999999999999 0 1472.5130934222025
0.0155 0 1124.0692327269546
0.016000000000000007 0 834.59674121512057
0.016500000000000001 0 602.70823211914637
0.017000000000000001 0 423.33297012802649
0.017500000000000002 0 289.20101053904745
0.017999999999999995 0 192.15817205725972
0.018500000000000003 0 124.18185779527481
0.019000000000000003 0 78.054298889668232
0.019500000000000003 0 47.717118204319135
0.019999999999999997 0 28.371987821871276
0.020499999999999997 0 16.407525403785037
0.021000000000000005 0 9.2285579687806205
0.021500000000000005 0 5.0484933459005044
0.021999999999999999 0 2.6861280808299548
0.022499999999999999 0 1.3900437678223103
0.023000000000000007 0 0.69962760948236513
0.023500000000000007 0 0.34248536307489535
0.024 0 0.16306232391905845
0.024500000000000001 0 0.075509521212418843
0.025000000000000001 0 0.034008402866210478
-0.025000000000000001 0.00050000000000000044 1.4942446975227648
-0.024500000000000001 0.00050000000000000044 3.0409391295255994
-0.024 0.00050000000000000044 6.0202889218389952
-0.0235 0.00050000000000000044 11.594666107016108
-0.023 0.00050000000000000044 21.723950331337232
-0.022500000000000003 0.00050000000000000044 39.597522357212789
-0.022000000000000002 0.00050000000000000044 70.219158547278056
-0.021500000000000002 0.00050000000000000044 121.14685295879195
-0.021000000000000001 0.00050000000000000044 203.35220753803171
-0.020500000000000001 0.00050000000000000044 332.10704102882789
-0.02 0.00050000000000000044 527.73127064670246
-0.0195 0.00050000000000000044 815.9568858584031
-0.019 0.00050000000000000044 1227.5984447559547
-0.018500000000000003 0.00050000000000000044 1797.1997211998973
-0.018000000000000002 0.00050000000000000044 2560.380547182363
-0.017500000000000002 0.00050000000000000044 3549.7623468968523
-0.017000000000000001 0.00050000000000000044 4789.6109037208307
-0.016500000000000001 0.00050000000000000044 6289.6753596959297
-0.016 0.00050000000000000044 8039.062062073368
-0.0155 0.00050000000000000044 10001.269011746246
-0.015000000000000001 0.00050000000000000044 12111.61836551102
-0.014500000000000001 0.00050000000000000044 14278.17632057712
-0.014 0.00050000000000000044 16386.808966456996
-0.0135 0.00050000000000000044 18310.332581239847
-0.012999999999999999 0.00050000000000000044 19920.90123698517
-0.012500000000000001 0.00050000000000000044 21104.016217412609
-0.012 0.00050000000000000044 21772.036880362615
-0.0115 0.00050000000000000044 21874.974006107233
-0.010999999999999999 0.00050000000000000044 21406.713632832962
-0.010499999999999999 0.00050000000000000044 20405.59253649844
-0.010000000000000002 0.00050000000000000044 18949.25828542544
-0.0095000000000000015 0.00050000000000000044 17144.765670383757
-0.0090000000000000011 0.00050000000000000044 15115.656160637727
-0.0085000000000000006 0.00050000000000000044 12988.170547786751
-0.0080000000000000002 0.00050000000000000044 10878.695713447396
-0.0074999999999999997 0.00050000000000000044 8884.0976391689019
-0.0069999999999999993 0.00050000000000000044 7075.8870582339787
-0.0064999999999999988 0.00050000000000000044 5498.3861732275591
-0.0059999999999999984 0.00050000000000000044 4170.3882063754099
-0.0054999999999999979 0.00050000000000000044 3089.3468607399245
-0.005000000000000001 0.00050000000000000044 2236.9475304634811
-0.0044999999999999971 0.00050000000000000044 1584.9738456654009
-0.0040000000000000001 0.00050000000000000044 1100.6204217582399
-0.0035000000000000031 0.00050000000000000044 750.72387500035632
-0.0029999999999999992 0.00050000000000000044 504.70422620623623
-0.0025000000000000022 0.00050000000000000044 336.26721972005026
-0.0019999999999999983 0.00050000000000000044 224.08551919471984
-0.0015000000000000013 0.00050000000000000044 151.75204936641137
-0.00099999999999999742 0.00050000000000000044 107.29994213721106
-0.00050000000000000044 0.00050000000000000044 82.537087537315799
0 0.00050000000000000044 72.375031603260553
0.00050000000000000044 0.00050000000000000044 74.261417743863618
0.0010000000000000009 0.00050000000000000044 87.763483670681026
0.0015000000000000013 0.00050000000000000044 114.30100567501886
0.0020000000000000018 0.00050000000000000044 156.98949249723864
0.0024999999999999988 0.00050000000000000044 220.52590073859153
0.0030000000000000027 0.00050000000000000044 311.02864326224545
0.0034999999999999996 0.00050000000000000044 435.73330384346167
0.0040000000000000036 0.00050000000000000044 602.45053326516654
0.0045000000000000005 0.00050000000000000044 818.71971261809688
0.0049999999999999975 0.00050000000000000044 1090.6457647147449
0.0055000000000000014 0.00050000000000000044 1421.4856437954227
0.0059999999999999984 0.00050000000000000044 1810.1450789838073
0.0064999999999999988 0.00050000000000000044 2249.8348147196421
0.0069999999999999993 0.00050000000000000044 2727.1918427653904
0.0074999999999999997 0.00050000000000000044 3222.1680876174159
0.0080000000000000002 0.00050000000000000044 3708.9093597449573
0.0085000000000000006 0.00050000000000000044 4157.6921604565241
0.0090000000000000011 0.00050000000000000044 4537.779143282326
0.0095000000000000015 0.00050000000000000044 4820.8403119291706
0.010000000000000002 0.00050000000000000044 4984.4213296792559
0.010500000000000002 0.00050000000000000044 5014.872290788775
0.011000000000000003 0.00050000000000000044 4909.2080811509586
0.011500000000000003 0.00050000000000000044 4675.5506498441482
0.012000000000000004 0.00050000000000000044 4332.066042340577
0.012499999999999997 0.00050000000000000044 3904.5928611487634
0.013000000000000005 0.00050000000000000044 3423.395685300171
0.013499999999999998 0.00050000000000000044 2919.6123355195436
0.014000000000000005 0.00050000000000000044 2421.972010674187
0.014499999999999999 0.00050000000000000044 1954.2509619999059
0.014999999999999999 0.00050000000000000044 1533.7413477563002
0.0155 0.00050000000000000044 1170.7906231513566
0.016000000000000007 0.00050000000000000044 869.27570447548237
0.016500000000000001 0.00050000000000000044 627.74579647434041
0.017000000000000001 0.00050000000000000044 440.91565424835181
0.017500000000000002 0.00050000000000000044 301.21089202406944
0.017999999999999995 0.00050000000000000044 200.13715418036045
0.018500000000000003 0.00050000000000000044 129.3377922099794
0.019000000000000003 0.00050000000000000044 81.294822457551533
0.019500000000000003 0.00050000000000000044 49.698044754058344
0.019999999999999997 0.00050000000000000044 29.549769990642016
0.020499999999999997 0.00050000000000000044 17.088613741037886
0.021000000000000005 0.00050000000000000044 9.6116318713958453
0.021500000000000005 0.00050000000000000044 5.2580499694531788
0.021999999999999999 0.00050000000000000044 2.7976240527495557
0.022499999999999999 0.00050000000000000044 1.4477410476706909
0.023000000000000007 0.00050000000000000044 0.72866712847172199
0.023500000000000007 0.00050000000000000044 0.35670082768956679
0.024 0.00050000000000000044 0.16983047397288317
0.024500000000000001 0.00050000000000000044 0.078643643651226711
0.025000000000000001 0.00050000000000000044 0.03541996118756096
-0.025000000000000001 0.0010000000000000009 1.4388777086153495
-0.024500000000000001 0.0010000000000000009 2.9293015515861063
-0.024 0.0010000000000000009 5.8015154241618809
-0.0235 0.0010000000000000009 11.178018073690396
-0.023 0.0010000000000000009 20.952877575989408
-0.022500000000000003 0.0010000000000000009 38.210994193837145
-0.022000000000000002 0.0010000000000000009 67.796906956500465
-0.021500000000000002 0.0010000000000000009 117.03620903213205
-0.021000000000000001 0.0010000000000000009 196.57680643422597
-0.020500000000000001 0.0010000000000000009 321.26229833554328
-0.02 0.0010000000000000009 510.87834903956406
-0.0195 0.0010000000000000009 790.53539444532976
-0.019 0.0010000000000000009 1190.3869400557621
-0.018500000000000003 0.0010000000000000009 1744.3597612582162
-0.018000000000000002 0.0010000000000000009 2487.6213170511705
-0.017500000000000002 0.0010000000000000009 3452.6553065244566
-0.017000000000000001 0.0010000000000000009 4664.0650733863622
-0.016500000000000001 0.0010000000000000009 6132.5536642949901
-0.016 0.0010000000000000009 7848.8810169941671
-0.0155 0.0010000000000000009 9778.8852494505991
-0.015000000000000001 0.0010000000000000009 11860.776377641596
-0.014500000000000001 0.0010000000000000009 14005.783324799026
-0.014 0.0010000000000000009 16102.82333249658
-0.0135 0.0010000000000000009 18027.20395951335
-0.012999999999999999 0.0010000000000000009 19652.577178835894
-0.012500000000000001 0.0010000000000000009 20864.617009088957
-0.012 0.0010000000000000009 21574.377378577919
-0.0115 0.0010000000000000009 21729.158064131931
-0.010999999999999999 0.0010000000000000009 21319.028732897496
-0.010499999999999999 0.0010000000000000009 20377.885811780932
-0.010000000000000002 0.0010000000000000009 18978.889249959262
-0.0095000000000000015 0.0010000000000000009 17225.125366460936
-0.0090000000000000011 0.0010000000000000009 15237.141953557059
-0.0085000000000000006 0.0010000000000000009 13139.433379541877
-0.0080000000000000002 0.0010000000000000009 11047.946881859676
-0.0074999999999999997 0.0010000000000000009 9060.2778384437588
-0.0069999999999999993 0.0010000000000000009 7249.5526538219437
-0.0064999999999999988 0.0010000000000000009 5662.2397625346057
-0.0059999999999999984 0.0010000000000000009 4319.4534211694518
-0.0054999999999999979 0.0010000000000000009 3220.8452414321723
-0.005000000000000001 0.0010000000000000009 2349.9690726351841
-0.0044999999999999971 0.0010000000000000009 1680.0411735047767
-0.0040000000000000001 0.0010000000000000009 1179.234487267976
-0.0035000000000000031 0.0010000000000000009 814.95503986241806
-0.0029999999999999992 0.0010000000000000009 556.86527551367965
-0.0025000000000000022 0.0010000000000000009 378.68096396139663
-0.0019999999999999983 0.0010000000000000009 258.94274277005564
-0.0015000000000000013 0.0010000000000000009 181.04629562487247
-0.00099999999999999742 0.0010000000000000009 132.82261338454092
-0.00050000000000000044 0.0010000000000000009 105.91736427465379
0 0.0010000000000000009 95.15204928103627
0.00050000000000000044 0.0010000000000000009 97.979429058257892
0.0010000000000000009 0.0010000000000000009 114.08344839419476
0.0015000000000000013 0.0010000000000000009 145.1236493583551
0.0020000000000000018 0.0010000000000000009 194.58494134791843
0.0024999999999999988 0.0010000000000000009 267.66311104247552
0.0030000000000000027 0.0010000000000000009 371.09369825433748
0.0034999999999999996 0.0010000000000000009 512.81940491993919
0.0040000000000000036 0.0010000000000000009 701.39518237618563
0.0045000000000000005 0.0010000000000000009 945.05828761950022
0.0049999999999999975 0.0010000000000000009 1250.4485042634078
0.0055000000000000014 0.0010000000000000009 1621.0503462177903
0.0059999999999999984 0.0010000000000000009 2055.533097161127
0.0064999999999999988 0.0010000000000000009 2546.2635485762444
0.0069999999999999993 0.0010000000000000009 3078.3300509635228
0.0074999999999999997 0.0010000000000000009 3629.4147057009045
0.0080000000000000002 0.0010000000000000009 4170.7634016633283
0.0085000000000000006 0.0010000000000000009 4669.33160918462
0.0090000000000000011 0.0010000000000000009 5090.9538399127041
0.0095000000000000015 0.0010000000000000009 5404.1460924313396
0.010000000000000002 0.0010000000000000009 5583.96487175945
0.010500000000000002 0.0010000000000000009 5615.269214780059
0.011000000000000003 0.0010000000000000009 5494.7953391246447
0.011500000000000003 0.0010000000000000009 5231.6525124477121
0.012000000000000004 0.0010000000000000009 4846.1412184563578
0.012499999999999997 0.0010000000000000009 4367.1114574040103
0.013000000000000005 0.0010000000000000009 3828.3437850601686
0.013499999999999998 0.0010000000000000009 3264.5873625022705
0.014000000000000005 0.0010000000000000009 2707.8989542616378
0.014499999999999999 0.0010000000000000009 2184.8040506518078
0.014999999999999999 0.0010000000000000009 1714.5882636142171
0.0155 0.0010000000000000009 1308.7834778802905
0.016000000000000007 0.0010000000000000009 971.69753306134555
0.016500000000000001 0.0010000000000000009 701.69052035829543
0.017000000000000001 0.0010000000000000009 492.84243791176675
0.017500000000000002 0.0010000000000000009 336.6790001339312
0.017999999999999995 0.0010000000000000009 223.70073827215012
0.018500000000000003 0.0010000000000000009 144.56418305737662
0.019000000000000003 0.0010000000000000009 90.864590901118035
0.019500000000000003 0.0010000000000000009 55.547992641375799
0.019999999999999997 0.0010000000000000009 33.027905883461955
0.020499999999999997 0.0010000000000000009 19.099944085993574
0.021000000000000005 0.0010000000000000009 10.742888840533663
0.021500000000000005 0.0010000000000000009 5.876891007760352
0.021999999999999999 0.0010000000000000009 3.1268818872286777
0.022499999999999999 0.0010000000000000009 1.6181261707051251
0.023000000000000007 0.0010000000000000009 0.81442327878023901
0.023500000000000007 0.0010000000000000009 0.39868025840182103
0.024 0.0010000000000000009 0.18981736171360997
0.024500000000000001 0.0010000000000000009 0.08789895269341437
0.025000000000000001 0.0010000000000000009 0.039588401752602718
-0.025000000000000001 0.0015000000000000013 1.3517253519625891
-0.024500000000000001 0.0015000000000000013 2.7536051937178283
-0.024 0.0015000000000000013 5.4572742395744447
-0.0235 0.0015000000000000013 10.522561702249861
-0.023 0.0015000000000000013 19.740143781693867
-0.022500000000000003 0.0015000000000000013 36.030864283949526
-0.022000000000000002 0.0015000000000000013 63.989382715654742
-0.021500000000000002 0.0015000000000000013 110.57688266586061
-0.021000000000000001 0.0015000000000000013 185.93419671002471
-0.020500000000000001 0.0015000000000000013 304.23494704688574
-0.02 0.0015000000000000013 484.43032239241256
-0.0195 0.0015000000000000013 750.66223720661628
-0.019 0.0015000000000000013 1132.0579510138882
-0.018500000000000003 0.0015000000000000013 1661.5928209622532
-0.018000000000000002 0.0015000000000000013 2373.7482390618634
-0.017500000000000002 0.0015000000000000013 3300.8234298131265
-0.017000000000000001 0.0015000000000000013 4467.9907761085797
-0.016500000000000001 0.0015000000000000013 5887.4956001765304
-0.016 0.0015000000000000013 7552.7406441238327
-0.0155 0.0015000000000000013 9433.2812558108963
-0.015000000000000001 0.0015000000000000013 11471.894229931138
-0.014500000000000001 0.0015000000000000013 13584.788720186871
-0.014 0.0015000000000000013 15665.661849956128
-0.0135 0.0015000000000000013 17593.691931450012
-0.012999999999999999 0.0015000000000000013 19244.810592986854
-0.012500000000000001 0.0015000000000000013 20504.862707284814
-0.012 0.0015000000000000013 21282.731949136745
-0.0115 0.0015000000000000013 21521.332425404886
-0.010999999999999999 0.0015000000000000013 21204.617778128744
-0.010499999999999999 0.0015000000000000013 20359.407202683215
-0.010000000000000002 0.0015000000000000013 19051.738238382408
-0.0095000000000000015 0.0015000000000000013 17378.424904046584
-0.0090000000000000011 0.0015000000000000013 15455.308830903265
-0.0085000000000000006 0.0015000000000000013 13404.167893989465
-0.0080000000000000002 0.0015000000000000013 11340.308327288189
-0.0074999999999999997 0.0015000000000000013 9362.5347731229358
-0.0069999999999999993 0.0015000000000000013 7546.5809352154301
-0.0064999999999999988 0.0015000000000000013 5942.3559372860436
-0.0059999999999999984 0.0015000000000000013 4574.6860586353914
-0.0054999999999999979 0.0015000000000000013 3446.7373114861689
-0.005000000000000001 0.0015000000000000013 2545.0565340228313
-0.0044999999999999971 0.0015000000000000013 1845.1649416407408
-0.0040000000000000001 0.0015000000000000013 1316.8231798125782
-0.0035000000000000031 0.0015000000000000013 928.37785150529112
-0.0029999999999999992 0.0015000000000000013 649.91173765316807
-0.0025000000000000022 0.0015000000000000013 455.18750518807224
-0.0019999999999999983 0.0015000000000000013 322.56018850059962
-0.0015000000000000013 0.0015000000000000013 235.12840743199908
-0.00099999999999999742 0.0015000000000000013 180.41110365107284
-0.00050000000000000044 0.0015000000000000013 149.80000851577896
0 0.0015000000000000013 137.97435342059171
0.00050000000000000044 0.0015000000000000013 142.39461381162488
0.0010000000000000009 0.0015000000000000013 162.92911250391089
0.0015000000000000013 0.0015000000000000013 201.61574108120826
0.0020000000000000018 0.0015000000000000013 262.52002580966695
0.0024999999999999988 0.0015000000000000013 351.61762238350946
0.0030000000000000027 0.0015000000000000013 476.60321132794292
0.0034999999999999996 0.0015000000000000013 646.51190400828739
0.0040000000000000036 0.0015000000000000013 871.04117713594644
0.0045000000000000005 0.0015000000000000013 1159.4906167185054
0.0049999999999999975 0.0015000000000000013 1519.3006450971266
0.0055000000000000014 0.0015000000000000013 1954.26951957437
0.0059999999999999984 0.0015000000000000013 2462.6477110044798
0.0064999999999999988 0.0015000000000000013 3035.4244590024286
0.0069999999999999993 0.0015000000000000013 3655.1974795716019
0.0074999999999999997 0.0015000000000000013 4296.0176013615146
0.0080000000000000002 0.0015000000000000013 4924.5016048361094
0.0085000000000000006 0.0015000000000000013 5502.3086467268286
0.0090000000000000011 0.0015000000000000013 5989.808587346537
0.0095000000000000015 0.0015000000000000013 6350.4919558157972
0.010000000000000002 0.0015000000000000013 6555.4530774784325
0.010500000000000002 0.0015000000000000013 6587.1856127312922
0.011000000000000003 0.0015000000000000013 6442.0011811203522
0.011500000000000003 0.0015000000000000013 6130.6121796853176
0.012000000000000004 0.0015000000000000013 5676.7603591785792
0.012499999999999997 0.0015000000000000013 5114.1424615645647
0.013000000000000005 0.0015000000000000013 4482.1939959757801
0.013499999999999998 0.0015000000000000013 3821.4703414885716
0.014000000000000005 0.0015000000000000013 3169.3766890193751
0.014499999999999999 0.0015000000000000013 2556.8557718463539
0.014999999999999999 0.0015000000000000013 2006.3939860170835
0.0155 0.0015000000000000013 1531.4220074165905
0.016000000000000007 0.0015000000000000013 1136.9339181859521
0.016500000000000001 0.0015000000000000013 820.97841797224203
0.017000000000000001 0.0015000000000000013 576.60729003673225
0.017500000000000002 0.0015000000000000013 393.89186529843948
0.017999999999999995 0.0015000000000000013 261.70965375232254
0.018500000000000003 0.0015000000000000013 169.1243918842184
0.019000000000000003 0.0015000000000000013 106.30040077454775
0.019500000000000003 0.0015000000000000013 64.983699329833726
0.019999999999999997 0.0015000000000000013 38.63792869578625
0.020499999999999997 0.0015000000000000013 22.344072788742682
0.021000000000000005 0.0015000000000000013 12.567512341269678
0.021500000000000005 0.0015000000000000013 6.8750253724456609
0.021999999999999999 0.0015000000000000013 3.6579428499944431
0.022499999999999999 0.0015000000000000013 1.8929400403012853
0.023000000000000007 0.0015000000000000013 0.9527389041174863
0.023500000000000007 0.0015000000000000013 0.46638852931368513
0.024 0.0015000000000000013 0.22205399903507267
0.024500000000000001 0.0015000000000000013 0.10282672493571265
0.025000000000000001 0.0015000000000000013 0.04631162154849193
-0.025000000000000001 0.0020000000000000018 1.2397165596103639
-0.024500000000000001 0.0020000000000000018 2.5278543702886762
-0.024 0.0020000000000000018 5.0150818760135705
-0.0235 0.0020000000000000018 9.6808551093581912
-0.023 0.0020000000000000018 18.183332802637974
-0.022500000000000003 0.0020000000000000018 33.233241724712983
-0.022000000000000002 0.0020000000000000018 59.105488819619509
-0.021500000000000002 0.0020000000000000018 102.29545617706736
-0.021000000000000001 0.0020000000000000018 172.29670177799099
-0.020500000000000001 0.0020000000000000018 282.42914053366735
-0.02 0.0020000000000000018 450.58318226128301
-0.0195 0.0020000000000000018 699.67377566691437
-0.019 0.0020000000000000018 1057.5350690984333
-0.018500000000000003 0.0020000000000000018 1555.9554003638623
-0.018000000000000002 0.0020000000000000018 2228.5814512489587
-0.017500000000000002 0.0020000000000000018 3107.5338835004627
-0.017000000000000001 0.0020000000000000018 4218.7848277079447
-0.016500000000000001 0.0020000000000000018 5576.6359913300412
-0.016 0.0020000000000000018 7177.9598681572679
-0.0155 0.0020000000000000018 8997.1518503756342
-0.015000000000000001 0.0020000000000000018 10982.898701747925
-0.014500000000000001 0.0020000000000000018 13057.817367151034
-0.014 0.0020000000000000018 15121.711953820701
-0.0135 0.0020000000000000018 17058.650443067454
-0.012999999999999999 0.0020000000000000018 18747.360936923709
-0.012500000000000001 0.0020000000000000018 20073.734025461847
-0.012 0.0020000000000000018 20943.664403243973
-0.0115 0.0020000000000000018 21294.223550993203
-0.010999999999999999 0.0020000000000000018 21101.313436327171
-0.010499999999999999 0.0020000000000000018 20382.500121877187
-0.010000000000000002 0.0020000000000000018 19194.557345030575
-0.0095000000000000015 0.0020000000000000018 17626.181022955392
-0.0090000000000000011 0.0020000000000000018 15787.158266770117
-0.0085000000000000006 0.0020000000000000018 13795.811445235222
-0.0080000000000000002 0.0020000000000000018 11766.688175746222
-0.0074999999999999997 0.0020000000000000018 9800.2294378227925
-0.0069999999999999993 0.0020000000000000018 7975.6093990660556
-0.0064999999999999988 0.0020000000000000018 6347.2508882606407
-0.0059999999999999984 0.0020000000000000018 4944.843838624467
-0.0054999999999999979 0.0020000000000000018 3776.1669028504889
-0.005000000000000001 0.0020000000000000018 2831.7145098848168
-0.0044999999999999971 0.0020000000000000018 2090.0765867410314
-0.0040000000000000001 0.0020000000000000018 1523.1633775540176
-0.0035000000000000031 0.0020000000000000018 1100.6365560422266
-0.0029999999999999992 0.0020000000000000018 793.21543821577427
-0.0025000000000000022 0.0020000000000000018 574.80275554120874
-0.0019999999999999983 0.0020000000000000018 423.57409580771298
-0.0015000000000000013 0.0020000000000000018 322.28413520672905
-0.00099999999999999742 0.0020000000000000018 258.07049359109607
-0.00050000000000000044 0.0020000000000000018 222.00583161874806
0 0.0020000000000000018 208.58771863174141
0.00050000000000000044 0.0020000000000000018 215.28651452470328
0.0010000000000000009 0.0020000000000000018 242.20813288705813
0.0015000000000000013 0.0020000000000000018 291.876271632412
0.0020000000000000018 0.0020000000000000018 369.09639304973501
0.0024999999999999988 0.0020000000000000018 480.82817190874749
0.0030000000000000027 0.0020000000000000018 635.96319306163707
0.0034999999999999996 0.0020000000000000018 844.88426262519511
0.0040000000000000036 0.0020000000000000018 1118.681138528684
0.0045000000000000005 0.0020000000000000018 1467.9270057317824
0.0049999999999999975 0.0020000000000000018 1900.9904426167664
0.0055000000000000014 0.0020000000000000018 2421.9697604782218
0.0059999999999999984 0.0020000000000000018 3028.4766577429828
0.0064999999999999988 0.0020000000000000018 3709.6339679510434
0.0069999999999999993 0.0020000000000000018 4444.7456952957446
0.0074999999999999997 0.0020000000000000018 5203.1030455737791
0.0080000000000000002 0.0020000000000000018 5945.2780410403857
0.0085000000000000006 0.0020000000000000018 6626.0250886641697
0.0090000000000000011 0.0020000000000000018 7198.5954512677999
0.0095000000000000015 0.0020000000000000018 7619.9380971786259
0.010000000000000002 0.0020000000000000018 7855.9986525926679
0.010500000000000002 0.0020000000000000018 7886.2149609490807
0.011000000000000003 0.0020000000000000018 7706.3890580946781
0.011500000000000003 0.0020000000000000018 7329.3865952110709
0.012000000000000004 0.0020000000000000018 6783.5182040467362
0.012499999999999997 0.0020000000000000018 6108.8970696790975
0.013000000000000005 0.0020000000000000018 5352.436558688777
0.013499999999999998 0.0020000000000000018 4562.3652821307141
0.014000000000000005 0.0020000000000000018 3783.1532613530485
0.014499999999999999 0.0020000000000000018 3051.5744412747035
0.014999999999999999 0.0020000000000000018 2394.3358859213868
0.0155 0.0020000000000000018 1827.3654927777545
0.016000000000000007 0.0020000000000000018 1356.5497302885703
0.016500000000000001 0.0020000000000000018 979.50958960564526
0.017000000000000001 0.0020000000000000018 687.92109632863765
0.017500000000000002 0.0020000000000000018 469.9168849487271
0.017999999999999995 0.0020000000000000018 312.21405470873736
0.018500000000000003 0.0020000000000000018 201.75767985603886
0.019000000000000003 0.0020000000000000018 126.80949443023027
0.019500000000000003 0.0020000000000000018 77.520372015032763
0.019999999999999997 0.0020000000000000018 46.091514898761503
0.020499999999999997 0.0020000000000000018 26.654229711499863
0.021000000000000005 0.0020000000000000018 14.991686670102144
0.021500000000000005 0.0020000000000000018 8.2011249181329209
0.021999999999999999 0.0020000000000000018 4.3634944502630866
0.022499999999999999 0.0020000000000000018 2.2580476817976023
0.023000000000000007 0.0020000000000000018 1.1364992725055434
0.023500000000000007 0.0020000000000000018 0.55634264229408537
0.024 0.0020000000000000018 0.2648820205470393
0.024500000000000001 0.0020000000000000018 0.12265899726931519
0.025000000000000001 0.0020000000000000018 0.055243733516193695
-0.025000000000000001 0.0024999999999999988 1.1111824205845862
-0.024500000000000001 0.0024999999999999988 2.2688721652463513
-0.024 0.0024999999999999988 4.5079603941723363
-0.0235 0.0024999999999999988 8.7159028156407086
-0.023 0.0024999999999999988 16.39928137335141
-0.022500000000000003 0.0024999999999999988 30.028695754819879
-0.022000000000000002 0.0024999999999999988 53.514017606450075
-0.021500000000000002 0.0024999999999999988 92.819553204812706
-0.021000000000000001 0.0024999999999999988 156.70209085081649
-0.020500000000000001 0.0024999999999999988 257.51187192894747
-0.02 0.0024999999999999988 411.93791830229458
-0.0195 0.0024999999999999988 641.51137847603923
-0.019 0.0024999999999999988 972.61766770552936
-0.018500000000000003 0.0024999999999999988 1435.7317076014178
-0.018000000000000002 0.0024999999999999988 2063.6065465412707
-0.017500000000000002 0.0024999999999999988 2888.2380925602342
-0.017000000000000001 0.0024999999999999988 3936.6103153014251
-0.016500000000000001 0.0024999999999999988 5225.4875202527219
-0.016 0.0024999999999999988 6755.8264760951415
-0.0155 0.0024999999999999988 8507.6666518724323
-0.015000000000000001 0.0024999999999999988 10436.539142605969
-0.014500000000000001 0.0024999999999999988 12472.433728975684
-0.014 0.0024999999999999988 14522.126558016265
-0.0135 0.0024999999999999988 16475.197677713473
-0.012999999999999999 0.0024999999999999988 18213.422605641412
-0.012500000000000001 0.0024999999999999988 19622.529626462234
-0.012 0.0024999999999999988 20604.73350152111
-0.0115 0.0024999999999999988 21090.139614047508
-0.010999999999999999 0.0024999999999999988 21045.162652698884
-0.010499999999999999 0.0024999999999999988 20476.538573499231
-0.010000000000000002 0.0024999999999999988 19430.249518969184
-0.0095000000000000015 0.0024999999999999988 17985.57071225244
-0.0090000000000000011 0.0024999999999999988 16245.289043004375
-0.0085000000000000006 0.0024999999999999988 14323.751411599069
-0.0080000000000000002 0.0024999999999999988 12334.654734273645
-0.0074999999999999997 0.0024999999999999988 10380.357520654847
-0.0069999999999999993 0.0024999999999999988 8544.0369956396062
-0.0064999999999999988 0.0024999999999999988 6885.3672852242844
-0.0059999999999999984 0.0024999999999999988 5439.7137206931993
-0.0054999999999999979 0.0024999999999999988 4220.2715998077974
-0.005000000000000001 0.0024999999999999988 3222.2217520301087
-0.0044999999999999971 0.0024999999999999988 2427.8622680460476
-0.0040000000000000001 0.0024999999999999988 1811.777251609587
-0.0035000000000000031 0.0024999999999999988 1345.3492417745167
-0.0029999999999999992 0.0024999999999999988 1000.2262621297168
-0.0025000000000000022 0.0024999999999999988 750.64028044029669
-0.0019999999999999983 0.0024999999999999988 574.68926663926118
-0.0015000000000000013 0.0024999999999999988 454.81881229564448
-0.00099999999999999742 0.0024999999999999988 377.77713546662324
-0.00050000000000000044 0.0024999999999999988 334.29212626112985
0 0.0024999999999999988 318.65953260537111
0.00050000000000000044 0.0024999999999999988 328.36234973815152
0.0010000000000000009 0.0024999999999999988 363.77865127763005
0.0015000000000000013 0.0024999999999999988 427.98396687709464
0.0020000000000000018 0.0024999999999999988 526.61286269542143
0.0024999999999999988 0.0024999999999999988 667.70800146297267
0.0030000000000000027 0.0024999999999999988 861.45164285671785
0.0034999999999999996 0.0024999999999999988 1119.6486350050798
0.0040000000000000036 0.0024999999999999988 1454.8229285192488
0.0045000000000000005 0.0024999999999999988 1878.8171898610824
0.0049999999999999975 0.0024999999999999988 2400.8606455051163
0.0055000000000000014 0.0024999999999999988 3025.196816175363
0.0059999999999999984 0.0024999999999999988 3748.5256193505161
0.0064999999999999988 0.0024999999999999988 4557.678522846345
0.0069999999999999993 0.0024999999999999988 5428.0607136139333
0.0074999999999999997 0.0024999999999999988 6323.4077187051953
0.0080000000000000002 0.0024999999999999988 7197.2783217211681
0.0085000000000000006 0.0024999999999999988 7996.4371597318213
0.0090000000000000011 0.0024999999999999988 8665.9089606703456
0.0095000000000000015 0.0024999999999999988 9155.0923237454153
0.010000000000000002 0.0024999999999999988 9424.0065931190857
0.010500000000000002 0.0024999999999999988 9448.6056251663267
0.011000000000000003 0.0024999999999999988 9224.1833785538111
0.011500000000000003 0.0024999999999999988 8766.2142554708753
0.012000000000000004 0.0024999999999999988 8108.4483405845103
0.012499999999999997 0.0024999999999999988 7298.604267885059
0.013000000000000005 0.0024999999999999988 6392.4433314941834
0.013499999999999998 0.0024999999999999988 5447.2647293729497
0.014000000000000005 0.0024999999999999988 4515.8836321399131
0.014499999999999999 0.0024999999999999988 3641.9553403807963
0.014999999999999999 0.0024999999999999988 2857.1590599858123
0.0155 0.0024999999999999988 2180.3523990990116
0.016000000000000007 0.0024999999999999988 1618.4500607514478
0.016500000000000001 0.0024999999999999988 1168.5377099410734
0.017000000000000001 0.0024999999999999988 820.63400891089736
0.017500000000000002 0.0024999999999999988 560.54926113384863
0.017999999999999995 0.0024999999999999988 372.41825488041934
0.018500000000000003 0.0024999999999999988 240.65641376614309
0.019000000000000003 0.0024999999999999988 151.25523090457187
0.019500000000000003 0.0024999999999999988 92.462926820789534
0.019999999999999997 0.0024999999999999988 54.975274733590638
0.020499999999999997 0.0024999999999999988 31.791305369533362
0.021000000000000005 0.0024999999999999988 17.880902257081448
0.021500000000000005 0.0024999999999999988 9.7815973180340858
0.021999999999999999 0.0024999999999999988 5.204377134189647
0.022499999999999999 0.0024999999999999988 2.6931829549902297
0.023000000000000007 0.0024999999999999988 1.3555035841343106
0.023500000000000007 0.0024999999999999988 0.66354882586210939
0.024 0.0024999999999999988 0.31592373506532956
0.024500000000000001 0.0024999999999999988 0.1462946984459649
0.025000000000000001 0.0024999999999999988 0.065888820360858982
-0.025000000000000001 0.0030000000000000027 0.97480146253908895
-0.024500000000000001 0.0030000000000000027 1.9941594119891461
-0.024 0.0030000000000000027 3.9702104482303788
-0.0235 0.0030000000000000027 7.6930394621920124
-0.023 0.0030000000000000027 14.508922332445179
-0.022500000000000003 0.0030000000000000027 26.634727701826915
-0.022000000000000002 0.0030000000000000027 47.595025539449203
-0.021500000000000002 0.0030000000000000027 82.794304703974063
-0.021000000000000001 0.0030000000000000027 140.21401319351668
-0.020500000000000001 0.0030000000000000027 231.18619341229481
-0.02 0.0030000000000000027 371.14213897029526
-0.0195 0.0030000000000000027 580.17063038731101
-0.019 0.0030000000000000027 883.1576452795689
-0.018500000000000003 0.0030000000000000027 1309.2369576306407
-0.018000000000000002 0.0030000000000000027 1890.2828268302519
-0.017500000000000002 0.0030000000000000027 2658.2458962985456
-0.017000000000000001 0.0030000000000000027 3641.2868937254252
-0.016500000000000001 0.0030000000000000027 4858.8973212333804
-0.016 0.0030000000000000027 6316.484267499307
-0.0155 0.0030000000000000027 8000.1827907655115
-0.015000000000000001 0.0030000000000000027 9872.868708297985
-0.014500000000000001 0.0030000000000000027 11872.397841891547
-0.014 0.0030000000000000027 13912.934887527299
-0.0135 0.0030000000000000027 15889.839431409066
-0.012999999999999999 0.0030000000000000027 17687.991125251672
-0.012500000000000001 0.0030000000000000027 19192.764178170171
-0.012 0.0030000000000000027 20302.249216945365
-0.0115 0.0030000000000000027 20938.922113742829
-0.010999999999999999 0.0030000000000000027 21058.893579075993
-0.010499999999999999 0.0030000000000000027 20657.186586228567
-0.010000000000000002 0.0030000000000000027 19768.135119095074
-0.0095000000000000015 0.0030000000000000027 18460.845293464004
-0.0090000000000000011 0.0030000000000000027 16830.522466938535
-0.0085000000000000006 0.0030000000000000027 14987.154216045006
-0.0080000000000000002 0.0030000000000000027 13043.403502586743
-0.0074999999999999997 0.0030000000000000027 11103.546555333309
-0.0069999999999999993 0.0030000000000000027 9254.9191453621333
-0.0064999999999999988 0.0030000000000000027 7562.7267619065333
-0.0059999999999999984 0.0030000000000000027 6068.3865429404905
-0.0054999999999999979 0.0030000000000000027 4790.9584456942721
-0.005000000000000001 0.0030000000000000027 3730.8060370398293
-0.0044999999999999971 0.0030000000000000027 2874.4554162592326
-0.0040000000000000001 0.0030000000000000027 2199.6798627515727
-0.0035000000000000031 0.0030000000000000027 1680.063328027911
-0.0029999999999999992 0.0030000000000000027 1288.5996774052514
-0.0025000000000000022 0.0030000000000000027 1000.1821267991922
-0.0019999999999999983 0.0030000000000000027 793.06801649017871
-0.0015000000000000013 0.0030000000000000027 649.54016265045823
-0.00099999999999999742 0.0030000000000000027 556.03041898672973
-0.00050000000000000044 0.0030000000000000027 502.94736730683792
0 0.0030000000000000027 484.3896919962213
0.00050000000000000044 0.0030000000000000027 497.85771892145726
0.0010000000000000009 0.0030000000000000027 544.01523389936688
0.0015000000000000013 0.0030000000000000027 626.50726636386082
0.0020000000000000018 0.0030000000000000027 751.80305637583558
0.0024999999999999988 0.0030000000000000027 928.99965674197779
0.0030000000000000027 0.0030000000000000027 1169.4865853388631
0.0034999999999999996 0.0030000000000000027 1486.3398842569597
0.0040000000000000036 0.0030000000000000027 1893.2986716339576
0.0045000000000000005 0.0030000000000000027 2403.1988039979456
0.0049999999999999975 0.0030000000000000027 3025.8150119244865
0.0055000000000000014 0.0030000000000000027 3765.2013333724626
0.0059999999999999984 0.0030000000000000027 4616.8052302183669
0.0064999999999999988 0.0030000000000000027 5564.8239227022159
0.0069999999999999993 0.0030000000000000027 6580.4130166335699
0.0074999999999999997 0.0030000000000000027 7621.3836223713306
0.0080000000000000002 0.0030000000000000027 8633.8883274503878
0.0085000000000000006 0.0030000000000000027 9556.2910728861025
0.0090000000000000011 0.0030000000000000027 10324.985631148667
0.0095000000000000015 0.0030000000000000027 10881.465210919276
0.010000000000000002 0.0030000000000000027 11179.572303291059
0.010500000000000002 0.0030000000000000027 11191.686342321058
0.011000000000000003 0.0030000000000000027 10912.705465050465
0.011500000000000003 0.0030000000000000027 10361.045095988617
0.012000000000000004 0.0030000000000000027 9576.4322580506196
0.012499999999999997 0.0030000000000000027 8614.8871604155011
0.013000000000000005 0.0030000000000000027 7541.8030112242923
0.013499999999999998 0.0030000000000000027 6424.3391874950157
0.014000000000000005 0.0030000000000000027 5324.3720717007491
0.014499999999999999 0.0030000000000000027 4293.0177592713981
0.014999999999999999 0.0030000000000000027 3367.3318722625277
0.0155 0.0030000000000000027 2569.3196468288193
0.016000000000000007 0.0030000000000000027 1906.9690899671898
0.016500000000000001 0.0030000000000000027 1376.7343810941288
0.017000000000000001 0.0030000000000000027 966.78074408400778
0.017500000000000002 0.0030000000000000027 660.34299782853532
0.017999999999999995 0.0030000000000000027 438.70135075415459
0.018500000000000003 0.0030000000000000027 283.47940739130343
0.019000000000000003 0.0030000000000000027 178.16547836117826
0.019500000000000003 0.0030000000000000027 108.91112260752909
0.019999999999999997 0.0030000000000000027 64.753806216040218
0.020499999999999997 0.0030000000000000027 37.445617745659341
0.021000000000000005 0.0030000000000000027 21.060949727332865
0.021500000000000005 0.0030000000000000027 11.521129995498553
0.021999999999999999 0.0030000000000000027 6.129873745758645
0.022499999999999999 0.0030000000000000027 3.1720983689890723
0.023000000000000007 0.0030000000000000027 1.5965403837817058
0.023500000000000007 0.0030000000000000027 0.78153945476758246
0.024 0.0030000000000000027 0.37209970479817428
0.024500000000000001 0.0030000000000000027 0.17230778994524826
0.025000000000000001 0.0030000000000000027 0.077604601238951409
-0.025000000000000001 0.0034999999999999996 0.83860934042009772
-0.024500000000000001 0.0034999999999999996 1.71988780575579
-0.024 0.0034999999999999996 3.4334564628845228
-0.0235 0.0034999999999999996 6.6723514447630388
-0.023 0.0034999999999999996 12.623163812914767
-0.022500000000000003 0.0034999999999999996 23.250186935938892
-0.022000000000000002 0.0034999999999999996 41.694762588524981
-0.021500000000000002 0.0034999999999999996 72.805148393663302
-0.021000000000000001 0.0034999999999999996 123.79342903061215
-0.020500000000000001 0.0034999999999999996 204.98304178440102
-0.02 0.0034999999999999996 330.56237139402259
-0.0195 0.0034999999999999996 519.19983745076865
-0.019 0.0034999999999999996 794.31335934270521
-0.018500000000000003 0.0034999999999999996 1183.7384568551006
-0.018000000000000002 0.0034999999999999996 1718.5266955270238
-0.017500000000000002 0.0034999999999999996 2430.6534578571805
-0.017000000000000001 0.0034999999999999996 3349.5393092598924
-0.016500000000000001 0.0034999999999999996 4497.4962814580203
-0.016 0.0034999999999999996 5884.4803866778975
-0.0155 0.0034999999999999996 7502.8192726073485
-0.015000000000000001 0.0034999999999999996 9322.820892851998
-0.014500000000000001 0.0034999999999999996 11290.277066335189
-0.014 0.0034999999999999996 13326.787170135591
-0.0135 0.0034999999999999996 15333.508926539538
-0.012999999999999999 0.0034999999999999996 17198.416560105408
-0.012500000000000001 0.0034999999999999996 18806.494305778117
-0.012 0.0034999999999999996 20051.648944709992
-0.0115 0.0034999999999999996 20848.644101495585
-0.010999999999999999 0.0034999999999999996 21143.177494886466
-0.010499999999999999 0.0034999999999999996 20918.415440655102
-0.010000000000000002 0.0034999999999999996 20196.852959228989
-0.0095000000000000015 0.0034999999999999996 19037.176141437827
-0.0090000000000000011 0.0034999999999999996 17526.689896295586
-0.0085000000000000006 0.0034999999999999996 15770.639017195574
-0.0080000000000000002 0.0034999999999999996 13880.224162006054
-0.0074999999999999997 0.0034999999999999996 11961.203300842684
-0.0069999999999999993 0.0034999999999999996 10104.678649733658
-0.0064999999999999988 0.0034999999999999996 8381.0964131570054
-0.0059999999999999984 0.0034999999999999996 6837.7885268335331
-0.0054999999999999979 0.0034999999999999996 5499.7310435283516
-0.005000000000000001 0.0034999999999999996 4372.7183260754191
-0.0044999999999999971 0.0034999999999999996 3447.9269822399037
-0.0040000000000000001 0.0034999999999999996 2706.867044229718
-0.0035000000000000031 0.0034999999999999996 2125.9295586348658
-0.0029999999999999992 0.0034999999999999996 1680.0470915471747
-0.0025000000000000022 0.0034999999999999996 1345.293480750066
-0.0019999999999999983 0.0034999999999999996 1100.4920521719791
-0.0015000000000000013 0.0034999999999999996 928.04403441156069
-0.00099999999999999742 0.0034999999999999996 814.23277357618565
-0.00050000000000000044 0.0034999999999999996 749.23083791717056
0 0.0034999999999999996 726.97216308542647
0.00050000000000000044 0.0034999999999999996 744.98196737375122
0.0010000000000000009 0.0034999999999999996 804.20242135420006
0.0015000000000000013 0.0034999999999999996 908.81602745476152
0.0020000000000000018 0.0034999999999999996 1066.0438034464253
0.0024999999999999988 0.0034999999999999996 1285.8699062055719
0.0030000000000000027 0.0034999999999999996 1580.6107317251146
0.0034999999999999996 0.0034999999999999996 1964.2080070690602
0.0040000000000000036 0.0034999999999999996 2451.0980952908199
0.0045000000000000005 0.0034999999999999996 3054.5189928039445
0.0049999999999999975 0.0034999999999999996 3784.187375962726
0.0055000000000000014 0.0034999999999999996 4643.4225425785189
0.0059999999999999984 0.0034999999999999996 5625.9993001516623
0.0064999999999999988 0.0034999999999999996 6713.2345336424587
0.0069999999999999993 0.0034999999999999996 7871.9840806569609
0.0074999999999999997 0.0034999999999999996 9054.2717423196264
0.0080000000000000002 0.0034999999999999996 10199.133108208958
0.0085000000000000006 0.0034999999999999996 11236.920243892922
0.0090000000000000011 0.0034999999999999996 12095.826752563908
0.0095000000000000015 0.0034999999999999996 12709.861888727371
0.010000000000000002 0.0034999999999999996 13027.066601649913
0.010500000000000002 0.0034999999999999996 13016.556192266258
0.011000000000000003 0.0034999999999999996 12673.075723317696
0.011500000000000003 0.0034999999999999996 12018.165712901113
0.012000000000000004 0.0034999999999999996 11097.669361040293
0.012499999999999997 0.0034999999999999996 9976.015917183262
0.013000000000000005 0.0034999999999999996 8728.31478853509
0.013499999999999998 0.0034999999999999996 7431.6496781452333
0.014000000000000005 0.0034999999999999996 6157.0008125376953
0.014499999999999999 0.0034999999999999996 4962.9628135617731
0.014999999999999999 0.0034999999999999996 3891.9577489153039
0.0155 0.0034999999999999996 2969.1004986553935
0.016000000000000007 0.0034999999999999996 2203.389330880801
0.016500000000000001 0.0034999999999999996 1590.5647169433289
0.017000000000000001 0.0034999999999999996 1116.8447227250119
0.017500000000000002 0.0034999999999999996 762.79152886726001
0.017999999999999995 0.0034999999999999996 506.73733247622744
0.018500000000000003 0.0034999999999999996 327.4295903289547
0.019000000000000003 0.0034999999999999996 205.78145604563397
0.019500000000000003 0.0034999999999999996 125.78943081772253
0.019999999999999997 0.0034999999999999996 74.787460571854808
0.020499999999999997 0.0034999999999999996 43.247188404125829
0.021000000000000005 0.0034999999999999996 24.323700832131919
0.021500000000000005 0.0034999999999999996 13.305853034741274
0.021999999999999999 0.0034999999999999996 7.0793925875876411
0.022499999999999999 0.0034999999999999996 3.6634361242703788
0.023000000000000007 0.0034999999999999996 1.8438259976261755
0.023500000000000007 0.0034999999999999996 0.9025876872628984
0.024 0.0034999999999999996 0.42973094156121278
0.024500000000000001 0.0034999999999999996 0.19899459167491643
0.025000000000000001 0.0034999999999999996 0.089623747117396249
-0.025000000000000001 0.0040000000000000036 0.70922606317755654
-0.024500000000000001 0.0040000000000000036 1.4593389679028388
-0.024 0.0040000000000000036 2.9235816623721602
-0.0235 0.0040000000000000036 5.7028269652376853
-0.023 0.0040000000000000036 10.832036609192214
-0.022500000000000003 0.0040000000000000036 20.035702916719639
-0.022000000000000002 0.0040000000000000036 36.091383686308767
-0.021500000000000002 0.0040000000000000036 63.319442862610202
-0.021000000000000001 0.0040000000000000036 108.20200909751513
-0.020500000000000001 0.0040000000000000036 180.10595897118154
-0.02 0.0040000000000000036 292.04159147243701
-0.0195 0.0040000000000000036 461.33228112526109
-0.019 0.0040000000000000036 710.00798384493748
-0.018500000000000003 0.0040000000000000036 1064.6810137233201
-0.018000000000000002 0.0040000000000000036 1555.6363550502708
-0.017500000000000002 0.0040000000000000036 2214.8945490435954
-0.017000000000000001 0.0040000000000000036 3073.1037261767237
-0.016500000000000001 0.0040000000000000036 4155.2982506150192
-0.016 0.0040000000000000036 5475.8143488912046
-0.0155 0.0040000000000000036 7032.941801916726
-0.015000000000000001 0.0040000000000000036 8804.153716765004
-0.014500000000000001 0.0040000000000000036 10742.916055706186
-0.014 0.0040000000000000036 12778.059974753471
-0.0135 0.0040000000000000036 14816.454619035369
-0.012999999999999999 0.0040000000000000036 16749.246693750472
-0.012500000000000001 0.0040000000000000036 18461.299236042505
-0.012 0.0040000000000000036 19842.787581220386
-0.0115 0.0040000000000000036 20801.352552779546
-0.010999999999999999 0.0040000000000000036 21272.921693432199
-0.010499999999999999 0.0040000000000000036 21229.391276555452
-0.010000000000000002 0.0040000000000000036 20681.83118380027
-0.0095000000000000015 0.0040000000000000036 19678.647961415933
-0.0090000000000000011 0.0040000000000000036 18299.050962807989
-0.0085000000000000006 0.0040000000000000036 16643.003786459063
-0.0080000000000000002 0.0040000000000000036 14819.415791920404
-0.0074999999999999997 0.0040000000000000036 12934.513847466696
-0.0069999999999999993 0.0040000000000000036 11082.112699796549
-0.0064999999999999988 0.0040000000000000036 9336.9571670383084
-0.0059999999999999984 0.0040000000000000036 7751.5983212963665
-0.0054999999999999979 0.0040000000000000036 6356.5708790570852
-0.005000000000000001 0.0040000000000000036 5163.114304532578
-0.0044999999999999971 0.0040000000000000036 4167.4138845786065
-0.0040000000000000001 0.0040000000000000036 3355.3387249545226
-0.0035000000000000031 0.0040000000000000036 2706.8613939500055
-0.0029999999999999992 0.0040000000000000036 2199.659911390585
-0.0025000000000000022 0.0040000000000000036 1811.7240916065605
-0.0019999999999999983 0.0040000000000000036 1523.0371140535069
-0.0015000000000000013 0.0040000000000000036 1316.5422936578473
-0.00099999999999999742 0.0040000000000000036 1178.6374969063429
-0.00050000000000000044 0.0040000000000000036 1099.3971654421023
0 0.0040000000000000036 1072.6471232118643
0.00050000000000000044 0.0040000000000000036 1095.9473530178111
0.0010000000000000009 0.0040000000000000036 1170.4934893726206
0.0015000000000000013 0.0040000000000000036 1300.930375945585
0.0020000000000000018 0.0040000000000000036 1495.0673288519936
0.0024999999999999988 0.0040000000000000036 1763.4759316156931
0.0030000000000000027 0.0040000000000000036 2118.9239167221435
0.0034999999999999996 0.0040000000000000036 2575.553788277854
0.0040000000000000036 0.0040000000000000036 3147.6706190942878
0.0045000000000000005 0.0040000000000000036 3847.9916390895087
0.0049999999999999975 0.0040000000000000036 4685.2646353015161
0.0055000000000000014 0.0040000000000000036 5661.3028836181547
0.0059999999999999984 0.0040000000000000036 6767.7026042795887
0.0064999999999999988 0.0040000000000000036 7982.7594867013404
0.0069999999999999993 0.0040000000000000036 9269.3068293100532
0.0074999999999999997 0.0040000000000000036 10574.270459329522
0.0080000000000000002 0.0040000000000000036 11830.604171852607
0.0085000000000000006 0.0040000000000000036 12961.912731189175
0.0090000000000000011 0.0040000000000000036 13889.535785442351
0.0095000000000000015 0.0040000000000000036 14541.271546123377
0.010000000000000002 0.0040000000000000036 14860.421045946856
0.010500000000000002 0.0040000000000000036 14813.584550622021
0.011000000000000003 0.0040000000000000036 14395.738209500641
0.011500000000000003 0.0040000000000000036 13631.566195182015
0.012000000000000004 0.0040000000000000036 12572.726114548232
0.012499999999999997 0.0040000000000000036 11291.512878444664
0.013000000000000005 0.0040000000000000036 9872.0632098176575
0.013499999999999998 0.0040000000000000036 8400.6478930975063
0.014000000000000005 0.0040000000000000036 6956.6498368847715
0.014499999999999999 0.0040000000000000036 5605.5396403625118
0.014999999999999999 0.0040000000000000036 4394.6385392329012
0.0155 0.0040000000000000036 3351.8507461196455
0.016000000000000007 0.0040000000000000036 2487.0027271995286
0.016500000000000001 0.0040000000000000036 1795.0548576130166
0.017000000000000001 0.0040000000000000036 1260.2978415152936
0.017500000000000002 0.0040000000000000036 860.69682853577206
0.017999999999999995 0.0040000000000000036 571.74052731060465
0.018500000000000003 0.0040000000000000036 369.4127214596906
0.019000000000000003 0.0040000000000000036 232.15754068883513
0.019500000000000003 0.0040000000000000036 141.90807302599066
0.019999999999999997 0.0040000000000000036 84.368644942482163
0.020499999999999997 0.0040000000000000036 48.786741136046459
0.021000000000000005 0.0040000000000000036 27.438921431444431
0.021500000000000005 0.0040000000000000036 15.009802390349684
0.021999999999999999 0.0040000000000000036 7.9859066470954554
0.022499999999999999 0.0040000000000000036 4.1325080297305359
0.023000000000000007 0.0040000000000000036 2.0799004495234259
0.023500000000000007 0.0040000000000000036 1.0181460618206628
0.024 0.0040000000000000036 0.48474773774950147
0.024500000000000001 0.0040000000000000036 0.22447048877671935
0.025000000000000001 0.0040000000000000036 0.101097437231896
-0.025000000000000001 0.0045000000000000005 0.59139549465818919
-0.024500000000000001 0.0045000000000000005 1.2219817317866777
-0.024 0.0045000000000000005 2.4589324591258541
-0.0235 0.0045000000000000005 4.8189630219545307
-0.023 0.0045000000000000005 9.1984698312799775
-0.022500000000000003 0.0045000000000000005 17.102602855534656
-0.022000000000000002 0.0045000000000000005 30.97580295792288
-0.021500000000000002 0.0045000000000000005 54.654384919158751
-0.021000000000000001 0.0045000000000000005 93.950009475636506
-0.020500000000000001 0.0045000000000000005 157.34902044561187
-0.02 0.0045000000000000005 256.77406862371868
-0.0195 0.0045000000000000005 408.30150420657742
-0.019 0.0045000000000000005 632.66590585943709
-0.018500000000000003 0.0045000000000000005 955.32360889904373
-0.018000000000000002 0.0045000000000000005 1405.808856001634
-0.017500000000000002 0.0045000000000000005 2016.1226784732455
-0.017000000000000001 0.0045000000000000005 2817.9689437542929
-0.016500000000000001 0.0045000000000000005 3838.808982124624
-0.016 0.0045000000000000005 5096.94305802499
-0.0155 0.0045000000000000005 6596.1156836597675
-0.015000000000000001 0.0045000000000000005 8320.4268910091814
-0.014500000000000001 0.0045000000000000005 10230.536487019141
-0.014 0.0045000000000000005 12262.191645193772
-0.0135 0.0045000000000000005 14327.927839857986
-0.012999999999999999 0.0045000000000000005 16322.371940825704
-0.012500000000000001 0.0045000000000000005 18130.960405867143
-0.012 0.0045000000000000005 19641.186679909748
-0.0115 0.0045000000000000005 20754.868501087487
-0.010999999999999999 0.0045000000000000005 21399.544294429616
-0.010499999999999999 0.0045000000000000005 21537.094227698399
-0.010000000000000002 0.0045000000000000005 21168.078028664135
-0.0095000000000000015 0.0045000000000000005 20331.024454588696
-0.0090000000000000011 0.0045000000000000005 19096.835591771949
-0.0085000000000000006 0.0045000000000000005 17559.365912722402
-0.0080000000000000002 0.0045000000000000005 15823.888579938626
-0.0074999999999999997 0.0045000000000000005 13995.4227609554
-0.0069999999999999993 0.0045000000000000005 12168.725399008388
-0.0064999999999999988 0.0045000000000000005 10421.22303138628
-0.0059999999999999984 0.0045000000000000005 8809.4345139437391
-0.0054999999999999979 0.0045000000000000005 7368.7086945189067
-0.005000000000000001 0.0045000000000000005 6115.5427772073454
-0.0044999999999999971 0.0045000000000000005 5051.4588662653505
-0.0040000000000000001 0.0045000000000000005 4167.4120245461445
-0.0035000000000000031 0.0045000000000000005 3447.9202293940357
-0.0029999999999999992 0.0045000000000000005 2874.4369166291713
-0.0025000000000000022 0.0045000000000000005 2427.8170908151264
-0.0019999999999999983 0.0045000000000000005 2089.9732544993972
-0.0015000000000000013 0.0045000000000000005 1844.9391350710753
-0.00099999999999999742 0.0045000000000000005 1679.5654545498105
-0.00050000000000000044 0.0045000000000000005 1584.0033868206763
0 0.0045000000000000005 1552.0399617419146
0.00050000000000000044 0.0045000000000000005 1581.2790943552582
0.0010000000000000009 0.0045000000000000005 1673.1341894160294
0.0015000000000000013 0.0045000000000000005 1832.6105141017813
0.0020000000000000018 0.0045000000000000005 2067.8857130008159
0.0024999999999999988 0.0045000000000000005 2389.7158602067898
0.0030000000000000027 0.0045000000000000005 2810.6802728144039
0.0034999999999999996 0.0045000000000000005 3344.2275421435756
0.0040000000000000036 0.0045000000000000005 4003.4179905171823
0.0045000000000000005 0.0045000000000000005 4799.2133787873599
0.0049999999999999975 0.0045000000000000005 5738.188274011035
0.0055000000000000014 0.0045000000000000005 6819.6604772640258
0.0059999999999999984 0.0045000000000000005 8032.459026884625
0.0064999999999999988 0.0045000000000000005 9351.8227036316312
0.0069999999999999993 0.0045000000000000005 10737.165427962344
0.0074999999999999997 0.0045000000000000005 12131.555255122295
0.0080000000000000002 0.0045000000000000005 13463.645188218974
0.0085000000000000006 0.0045000000000000005 14652.434348624034
0.0090000000000000011 0.0045000000000000005 15614.672651764153
0.0095000000000000015 0.0045000000000000005 16274.074644317421
0.010000000000000002 0.0045000000000000005 16570.951626951795
0.010500000000000002 0.0045000000000000005 16470.577045497615
0.011000000000000003 0.0045000000000000005 15968.681150493905
0.011500000000000003 0.0045000000000000005 15092.938937866165
0.012000000000000004 0.0045000000000000005 13900.070572458526
0.012499999999999997 0.0045000000000000005 12469.030842645583
0.013000000000000005 0.0045000000000000005 10891.508796888993
0.013499999999999998 0.0045000000000000005 9261.4106576537033
0.014000000000000005 0.0045000000000000005 7665.0652434693566
0.014499999999999999 0.0045000000000000005 6173.5866767074976
0.014999999999999999 0.0045000000000000005 4838.2639508699313
0.0155 0.0045000000000000005 3689.1841191450758
0.016000000000000007 0.0045000000000000005 2736.6996650229694
0.016500000000000001 0.0045000000000000005 1974.9414724497988
0.017000000000000001 0.0045000000000000005 1386.4089615144019
0.017500000000000002 0.0045000000000000005 946.72231899595522
0.017999999999999995 0.0045000000000000005 628.83328150543912
0.018500000000000003 0.0045000000000000005 406.27515724379583
0.019000000000000003 0.0045000000000000005 255.31079150000005
0.019500000000000003 0.0045000000000000005 156.05446686921434
0.019999999999999997 0.0045000000000000005 92.776211952124385
0.020499999999999997 0.0045000000000000005 53.647163152196981
0.021000000000000005 0.0045000000000000005 30.1719705123129
0.021500000000000005 0.0045000000000000005 16.504603609616503
0.021999999999999999 0.0045000000000000005 8.7811065750753059
0.022499999999999999 0.0045000000000000005 4.5439623620283083
0.023000000000000007 0.0045000000000000005 2.2869698238555332
0.023500000000000007 0.0045000000000000005 1.1195036547715056
0.024 0.0045000000000000005 0.53300256262680645
0.024500000000000001 0.0045000000000000005 0.24681483002181967
0.025000000000000001 0.0045000000000000005 0.1111606210159224
-0.025000000000000001 0.0049999999999999975 0.48786124845776346
-0.024500000000000001 0.0049999999999999975 1.0132354149874501
-0.024 0.0049999999999999975 2.049883916772731
-0.0235 0.0049999999999999975 4.0400000091451158
-0.023 0.0049999999999999975 7.7570024611380122
-0.022500000000000003 0.0049999999999999975 14.510851620432286
-0.022000000000000002 0.0049999999999999975 26.448595946125572
-0.021500000000000002 0.0049999999999999975 46.972705042983669
-0.021000000000000001 0.0049999999999999975 81.290939095821699
-0.020500000000000001 0.0049999999999999975 137.09147600872888
-0.02 0.0049999999999999975 225.30261144470819
-0.0195 0.0049999999999999975 360.84668522184927
-0.019 0.0049999999999999975 563.23646420869329
-0.018500000000000003 0.0049999999999999975 856.79886508336062
-0.018000000000000002 0.0049999999999999975 1270.262741429653
-0.017500000000000002 0.0049999999999999975 1835.4376440599312
-0.017000000000000001 0.0049999999999999975 2584.7638818559858
-0.016500000000000001 0.0049999999999999975 3547.6499348284501
-0.016 0.0049999999999999975 4745.7348974975548
-0.0155 0.0049999999999999975 6187.5002142103094
-0.015000000000000001 0.0049999999999999975 7862.9564352802981
-0.014500000000000001 0.0049999999999999975 9739.3716988659999
-0.014 0.0049999999999999975 11759.102946512847
-0.0135 0.0049999999999999975 13840.46549597195
-0.012999999999999999 0.0049999999999999975 15882.199583487634
-0.012500000000000001 0.0049999999999999975 17771.495656843057
-0.012 0.0049999999999999975 19394.826434474158
-0.0115 0.0049999999999999975 20650.161957707056
-0.010999999999999999 0.0049999999999999975 21458.69147624305
-0.010499999999999999 0.0049999999999999975 21774.087655024199
-0.010000000000000002 0.0049999999999999975 21587.68689584624
-0.0095000000000000015 0.0049999999999999975 20928.675940218429
-0.0090000000000000011 0.0049999999999999975 19859.313440780446
-0.0085000000000000006 0.0049999999999999975 18466.15177212203
-0.0080000000000000002 0.0049999999999999975 16848.930409309378
-0.0074999999999999997 0.0049999999999999975 15109.122126588805
-0.0069999999999999993 0.0049999999999999975 13339.972682086296
-0.0064999999999999988 0.0049999999999999975 11619.352844638765
-0.0059999999999999984 0.0049999999999999975 10006.004555457168
-0.0054999999999999979 0.0049999999999999975 8539.0175700952477
-0.005000000000000001 0.0049999999999999975 7239.8026747035283
-0.0044999999999999971 0.0049999999999999975 6115.5421979872235
-0.0040000000000000001 0.0049999999999999975 5163.1121424430148
-0.0035000000000000031 0.0049999999999999975 4372.712236126923
-0.0029999999999999992 0.0049999999999999975 3730.7907461091472
-0.0025000000000000022 0.0049999999999999975 3222.185792509134
-0.0019999999999999983 0.0049999999999999975 2831.6337160251278
-0.0015000000000000013 0.0049999999999999975 2544.8815267995187
-0.00099999999999999742 0.0049999999999999975 2349.6020047613624
-0.00050000000000000044 0.0049999999999999975 2236.2004014198424
0 0.0049999999999999975 2198.4856361053803
0.00050000000000000044 0.0049999999999999975 2234.1079844142519
0.0010000000000000009 0.0049999999999999975 2344.6624144992293
0.0015000000000000013 0.0049999999999999975 2535.4124200501196
0.0020000000000000018 0.0049999999999999975 2814.6691837548337
0.0024999999999999988 0.0049999999999999975 3192.9218041999507
0.0030000000000000027 0.0049999999999999975 3681.821890000343
0.0034999999999999996 0.0049999999999999975 4293.0701474333027
0.0040000000000000036 0.0049999999999999975 5037.1550691943348
0.0045000000000000005 0.0049999999999999975 5921.8028127038342
0.0049999999999999975 0.0049999999999999975 6949.9721995813461
0.0055000000000000014 0.0049999999999999975 8117.3162141445973
0.0059999999999999984 0.0049999999999999975 9409.2416371265463
0.0064999999999999988 0.0049999999999999975 10797.990432202665
0.0069999999999999993 0.0049999999999999975 12240.450341529187
0.0074999999999999997 0.0049999999999999975 13677.562147299581
0.0080000000000000002 0.0049999999999999975 15036.124525632868
0.0085000000000000006 0.0049999999999999975 16233.457185906907
0.0090000000000000011 0.0049999999999999975 17184.807291239988
0.0095000000000000015 0.0049999999999999975 17812.699633858905
0.010000000000000002 0.0049999999999999975 18056.823164476184
0.010500000000000002 0.0049999999999999975 17882.704168955031
0.011000000000000003 0.0049999999999999975 17287.468840769201
0.011500000000000003 0.0049999999999999975 16301.46670823477
0.012000000000000004 0.0049999999999999975 14985.311256942088
0.012499999999999997 0.0049999999999999975 13422.800407370592
0.013000000000000005 0.0049999999999999975 11710.976948013016
0.013499999999999998 0.0049999999999999975 9949.0820099001012
0.014000000000000005 0.0049999999999999975 8228.2392151335134
0.014499999999999999 0.0049999999999999975 6623.3953924754715
0.014999999999999999 0.0049999999999999975 5188.4502856388754
0.0155 0.0049999999999999975 3954.8056276754237
0.016000000000000007 0.0049999999999999975 2932.9290128361035
0.016500000000000001 0.0049999999999999975 2116.0899525885557
0.017000000000000001 0.0049999999999999975 1485.2415327013409
0.017500000000000002 0.0049999999999999975 1014.0752072589738
0.017999999999999995 0.0049999999999999975 673.49975594220598
0.018500000000000003 0.0049999999999999975 435.09732909942386
0.019000000000000003 0.0049999999999999975 273.40551967724718
0.019500000000000003 0.0049999999999999975 167.10610955521238
0.019999999999999997 0.0049999999999999975 99.342602181427978
0.020499999999999997 0.0049999999999999975 57.442344182237214
0.021000000000000005 0.0049999999999999975 32.305650253290366
0.021500000000000005 0.0049999999999999975 17.671426936863238
0.021999999999999999 0.0049999999999999975 9.4017624159932236
0.022499999999999999 0.0049999999999999975 4.8650763340881893
0.023000000000000007 0.0049999999999999975 2.4485635423192811
0.023500000000000007 0.0049999999999999975 1.1985974102523984
0.024 0.0049999999999999975 0.57065636754179372
0.024500000000000001 0.0049999999999999975 0.26424982168474603
0.025000000000000001 0.0049999999999999975 0.11901259177280338
-0.025000000000000001 0.0055000000000000014 0.39953785469050246
-0.024500000000000001 0.0055000000000000014 0.83483340931424888
-0.024 0.0055000000000000014 1.6995924171080032
-0.0235 0.0055000000000000014 3.3714401204284807
-0.023 0.0055000000000000014 6.5167684347706274
-0.022500000000000003 0.0055000000000000014 12.274770443293702
-0.022000000000000002 0.0055000000000000014 22.53067530614879
-0.021500000000000002 0.0055000000000000014 40.302086611816804
-0.021000000000000001 0.0055000000000000014 70.255977498616716
-0.020500000000000001 0.0055000000000000014 119.35718205247684
-0.02 0.0055000000000000014 197.6185496886564
-0.0195 0.0055000000000000014 318.87648918671158
-0.019 0.0055000000000000014 501.45550652981734
-0.018500000000000003 0.0055000000000000014 768.51971125813134
-0.018000000000000002 0.0055000000000000014 1147.8538091451214
-0.017500000000000002 0.0055000000000000014 1670.793455951984
-0.017000000000000001 0.0055000000000000014 2370.0610146083541
-0.016500000000000001 0.0055000000000000014 3276.3799484709916
-0.016 0.0055000000000000014 4413.9478604217038
-0.0155 0.0055000000000000014 5795.1293729508179
-0.015000000000000001 0.0055000000000000014 7415.0403602742872
-0.014500000000000001 0.0055000000000000014 9246.960892571391
-0.014 0.0055000000000000014 11239.64665246712
-0.0135 0.0055000000000000014 13317.526881995824
-0.012999999999999999 0.0055000000000000014 15384.438222155888
-0.012500000000000001 0.0055000000000000014 17330.96879217149
-0.012 0.0055000000000000014 19044.770904431956
-0.0115 0.0055000000000000014 20422.502012738878
-0.010999999999999999 0.0055000000000000014 21381.556028587711
-0.010499999999999999 0.0055000000000000014 21869.608087717355
-0.010000000000000002 0.0055000000000000014 21870.291726897689
-0.0095000000000000015 0.0055000000000000014 21404.020013223391
-0.0090000000000000011 0.0055000000000000014 20523.898657912039
-0.0085000000000000006 0.0055000000000000014 19307.630549038426
-0.0080000000000000002 0.0055000000000000014 17847.038468679941
-0.0074999999999999997 0.0055000000000000014 16237.159364745616
-0.0069999999999999993 0.0055000000000000014 14566.72835174009
-0.0064999999999999988 0.0055000000000000014 12911.343494755773
-0.0059999999999999984 0.0055000000000000014 11329.856769055728
-0.0054999999999999979 0.0055000000000000014 9863.7898248389847
-0.005000000000000001 0.0055000000000000014 8539.0173994716024
-0.0044999999999999971 0.0055000000000000014 7368.7080396821557
-0.0040000000000000001 0.0055000000000000014 6356.5689826274929
-0.0035000000000000031 0.0055000000000000014 5499.7261477611555
-0.0029999999999999992 0.0055000000000000014 4790.9466080721286
-0.0025000000000000022 0.0055000000000000014 4220.2442538797468
-0.0019999999999999983 0.0055000000000000014 3776.1060005046511
-0.0015000000000000013 0.0055000000000000014 3446.6059741635568
-0.00099999999999999742 0.0055000000000000014 3220.5703880171236
-0.00050000000000000044 0.0055000000000000014 3088.7880674396688
0 0.0055000000000000014 3045.111783970483
0.00050000000000000044 0.0055000000000000014 3087.2249953185451
0.0010000000000000009 0.0055000000000000014 3216.8804276469468
0.0015000000000000013 0.0055000000000000014 3439.5323857094477
0.0020000000000000018 0.0055000000000000014 3763.433198014161
0.0024999999999999988 0.0055000000000000014 4198.3835424839053
0.0030000000000000027 0.0055000000000000014 4754.3660155886701
0.0034999999999999996 0.0055000000000000014 5440.2321137457429
0.0040000000000000036 0.0055000000000000014 6262.4768446228491
0.0045000000000000005 0.0055000000000000014 7223.9813283760805
0.0049999999999999975 0.0055000000000000014 8322.5089624320444
0.0055000000000000014 0.0055000000000000014 9548.7715320392144
0.0059999999999999984 0.0055000000000000014 10884.064425526432
0.0064999999999999988 0.0055000000000000014 12297.771398568815
0.0069999999999999993 0.0055000000000000014 13745.365921361647
0.0074999999999999997 0.0055000000000000014 15167.75900747253
0.0080000000000000002 0.0055000000000000014 16492.840748907875
0.0085000000000000006 0.0055000000000000014 17639.768620287374
0.0090000000000000011 0.0055000000000000014 18525.995759517453
0.0095000000000000015 0.0055000000000000014 19076.331181820173
0.010000000000000002 0.0055000000000000014 19232.674728352875
0.010500000000000002 0.0055000000000000014 18962.676523204678
0.011000000000000003 0.0055000000000000014 18265.579722197752
0.011500000000000003 0.0055000000000000014 17173.950557866243
0.012000000000000004 0.0055000000000000014 15750.785898931037
0.012499999999999997 0.0055000000000000014 14082.41733729873
0.013000000000000005 0.0055000000000000014 12268.461915765343
0.013499999999999998 0.0055000000000000014 10410.595317481138
0.014000000000000005 0.0055000000000000014 8602.0296539153624
0.014499999999999999 0.0055000000000000014 6919.2720611450104
0.014999999999999999 0.0055000000000000014 5417.1374618042792
0.0155 0.0055000000000000014 4127.2674439608963
0.016000000000000007 0.0055000000000000014 3059.7501399138632
0.016500000000000001 0.0055000000000000014 2206.9795889937009
0.017000000000000001 0.0055000000000000014 1548.6985778073984
0.017500000000000002 0.0055000000000000014 1057.2213415640485
0.017999999999999995 0.0055000000000000014 702.06141544849982
0.018500000000000003 0.0055000000000000014 453.50128397034183
0.019000000000000003 0.0055000000000000014 284.94671883332484
0.019500000000000003 0.0055000000000000014 174.14888864351627
0.019999999999999997 0.0055000000000000014 103.5242184297221
0.020499999999999997 0.0055000000000000014 59.857886693555038
0.021000000000000005 0.0055000000000000014 33.663109475484468
0.021500000000000005 0.0055000000000000014 18.41351908508193
0.021999999999999999 0.0055000000000000014 9.7963923342612933
0.022499999999999999 0.0055000000000000014 5.0692075003328085
0.023000000000000007 0.0055000000000000014 2.5512716630840444
0.023500000000000007 0.0055000000000000014 1.2488626536280791
0.024 0.0055000000000000014 0.59458355089118442
0.024500000000000001 0.0055000000000000014 0.2753280636367384
0.025000000000000001 0.0055000000000000014 0.12400145318084348
-0.025000000000000001 0.0059999999999999984 0.32589000066178564
-0.024500000000000001 0.0059999999999999984 0.68560733886937031
-0.024 0.0059999999999999984 1.4055747320801655
-0.0235 0.0059999999999999984 2.8081443329739337
-0.023 0.0059999999999999984 5.4674128507444903
-0.022500000000000003 0.0059999999999999984 10.374045804153946
-0.022000000000000002 0.0059999999999999984 19.183246426976055
-0.021500000000000002 0.0059999999999999984 34.570405787136494
-0.021000000000000001 0.0059999999999999984 60.714602962266554
-0.020500000000000001 0.0059999999999999984 103.91622755827025
-0.02 0.0059999999999999984 173.32770973709631
-0.0195 0.0059999999999999984 281.73318988302685
-0.019 0.0059999999999999984 446.25493015777386
-0.018500000000000003 0.0059999999999999984 688.79814558621149
-0.018000000000000002 0.0059999999999999984 1035.9860381514882
-0.017500000000000002 0.0059999999999999984 1518.3050007949266
-0.017000000000000001 0.0059999999999999984 2168.2025645281392
-0.016500000000000001 0.0059999999999999984 3016.9818194691993
-0.016 0.0059999999999999984 4090.5278075230958
-0.0155 0.0059999999999999984 5404.1730597021515
-0.015000000000000001 0.0059999999999999984 6957.3200262927921
-0.014500000000000001 0.0059999999999999984 8728.716575075121
-0.014 0.0059999999999999984 10673.437547275913
-0.0135 0.0059999999999999984 12722.575881848672
-0.012999999999999999 0.0059999999999999984 14786.341271843305
-0.012500000000000001 0.0059999999999999984 16760.715515149004
-0.012 0.0059999999999999984 18537.110701296988
-0.0115 0.0059999999999999984 20013.774566085478
-0.010999999999999999 0.0059999999999999984 21107.172855494078
-0.010499999999999999 0.0059999999999999984 21761.414076978752
-0.010000000000000002 0.0059999999999999984 21954.051046160032
-0.0095000000000000015 0.0059999999999999984 21697.263298535701
-0.0090000000000000011 0.0059999999999999984 21034.343654715343
-0.0085000000000000006 0.0059999999999999984 20032.349913858565
-0.0080000000000000002 0.0059999999999999984 18772.495800349494
-0.0074999999999999997 0.0059999999999999984 17340.164420808727
-0.0069999999999999993 0.0059999999999999984 15816.272673104162
-0.0064999999999999988 0.0059999999999999984 14271.172189070869
-0.0059999999999999984 0.0059999999999999984 12761.524060284715
-0.0054999999999999979 0.0059999999999999984 11329.856721510439
-0.005000000000000001 0.0059999999999999984 10006.004367843307
-0.0044999999999999971 0.0059999999999999984 8809.4339553033096
-0.0040000000000000001 0.0059999999999999984 7751.5968385047245
-0.0035000000000000031 0.0059999999999999984 6837.7848405598379
-0.0029999999999999992 0.0059999999999999984 6068.3777874696243
-0.0025000000000000022 0.0059999999999999984 5439.6936720680114
-0.0019999999999999983 0.0059999999999999984 4944.7993854817314
-0.0015000000000000013 0.0059999999999999984 4574.5904099105937
-0.00099999999999999742 0.0059999999999999984 4319.2534842608002
-0.00050000000000000044 0.0059999999999999984 4169.9819619416194
0 0.0059999999999999984 4120.6204711698492
0.00050000000000000044 0.0059999999999999984 4168.8463078822888
0.0010000000000000009 0.0059999999999999984 4316.5725340880444
0.0015000000000000013 0.0059999999999999984 4569.4510760734811
0.0020000000000000018 0.0059999999999999984 4935.5919283229014
0.0024999999999999988 0.0059999999999999984 5423.8107161243797
0.0030000000000000027 0.0059999999999999984 6041.8000641610797
0.0034999999999999996 0.0059999999999999984 6794.5592975267145
0.0040000000000000036 0.0059999999999999984 7683.2339542641885
0.0045000000000000005 0.0059999999999999984 8704.28239193845
0.0049999999999999975 0.0059999999999999984 9848.6996075061088
0.0055000000000000014 0.0059999999999999984 11100.979372764692
0.0059999999999999984 0.0059999999999999984 12437.632489508565
0.0064999999999999988 0.0059999999999999984 13825.379808598211
0.0069999999999999993 0.0059999999999999984 15219.509692283005
0.0074999999999999997 0.0059999999999999984 16563.188847914
0.0080000000000000002 0.0059999999999999984 17788.599973144395
0.0085000000000000006 0.0059999999999999984 18820.560550981321
0.0090000000000000011 0.0059999999999999984 19582.762178694044
0.0095000000000000015 0.0059999999999999984 20006.075006891679
0.010000000000000002 0.0059999999999999984 20037.683649624836
0.010500000000000002 0.0059999999999999984 19649.375491670668
0.011000000000000003 0.0059999999999999984 18843.252276715459
0.011500000000000003 0.0059999999999999984 17653.531173083575
0.012000000000000004 0.0059999999999999984 16143.857445536043
0.012499999999999997 0.0059999999999999984 14400.472122147015
0.013000000000000005 0.0059999999999999984 12522.420693064261
0.013499999999999998 0.0059999999999999984 10610.537296539129
0.014000000000000005 0.0059999999999999984 8757.070150735668
0.014499999999999999 0.0059999999999999984 7037.528283414269
0.014999999999999999 0.0059999999999999984 5505.7385502166899
0.0155 0.0059999999999999984 4192.3836966513491
0.016000000000000007 0.0059999999999999984 3106.6319797834071
0.016500000000000001 0.0059999999999999984 2240.0062449729985
0.017000000000000001 0.0059999999999999984 1571.4395790406872
0.017500000000000002 0.0059999999999999984 1072.5126070982999
0.017999999999999995 0.0059999999999999984 712.09443092613742
0.018500000000000003 0.0059999999999999984 459.92069912784643
0.019000000000000003 0.0059999999999999984 288.94991504988366
0.019500000000000003 0.0059999999999999984 176.58098044065312
0.019999999999999997 0.0059999999999999984 104.96323198202911
0.020499999999999997 0.0059999999999999984 60.686861882524951
0.021000000000000005 0.0059999999999999984 34.127960828880724
0.021500000000000005 0.0059999999999999984 18.667210900147225
0.021999999999999999 0.0059999999999999984 9.9311204666709418
0.022499999999999999 0.0059999999999999984 5.1388255636145947
0.023000000000000007 0.0059999999999999984 2.5862709986414862
0.023500000000000007 0.0059999999999999984 1.2659802294514344
0.024 0.0059999999999999984 0.60272770566635037
0.024500000000000001 0.0059999999999999984 0.27909729467603722
0.025000000000000001 0.0059999999999999984 0.12569832131521666
-0.025000000000000001 0.0064999999999999988 0.26541267603303714
-0.024500000000000001 0.0064999999999999988 0.56247157117191493
-0.024 0.0064999999999999988 1.1616729758170297
-0.0235 0.0064999999999999988 2.3381500095220713
-0.023 0.0064999999999999988 4.5863123779922983
-0.022500000000000003 0.0064999999999999988 8.767024510253659
-0.022000000000000002 0.0064999999999999988 16.331641850087561
-0.021500000000000002 0.0064999999999999988 29.647334961769129
-0.021000000000000001 0.0064999999999999988 52.445304307563489
-0.020500000000000001 0.0064999999999999988 90.40196991384974
-0.02 0.0064999999999999988 151.83905537850836
-0.0195 0.0064999999999999988 248.48878908136081
-0.019 0.0064999999999999988 396.21540672437067
-0.018500000000000003 0.0064999999999999988 615.51938664137867
-0.018000000000000002 0.0064999999999999988 931.58939192717173
-0.017500000000000002 0.0064999999999999988 1373.6294632783238
-0.017000000000000001 0.0064999999999999988 1973.201510201073
-0.016500000000000001 0.0064999999999999988 2761.4104049461575
-0.016 0.0064999999999999988 3764.9351106696913
-0.0155 0.0064999999999999988 5001.1668482079831
-0.015000000000000001 0.0064999999999999988 6473.0171856788438
-0.014500000000000001 0.0064999999999999988 8164.2375344254515
-0.014 0.0064999999999999988 10036.25933803744
-0.0135 0.0064999999999999988 12027.536190040411
-0.012999999999999999 0.0064999999999999988 14056.092557665837
-0.012500000000000001 0.0064999999999999988 16025.466760522797
-0.012 0.0064999999999999988 17833.561923366909
-0.0115 0.0064999999999999988 19383.238428377874
-0.010999999999999999 0.0064999999999999988 20592.977900770577
-0.010499999999999999 0.0064999999999999988 21405.783412950623
-0.010000000000000002 0.0064999999999999988 21794.736956614332
-0.0095000000000000015 0.0064999999999999988 21764.281112231773
-0.0090000000000000011 0.0064999999999999988 21347.176912880128
-0.0085000000000000006 0.0064999999999999988 20597.984214948701
-0.0080000000000000002 0.0064999999999999988 19584.574115165957
-0.0074999999999999997 0.0064999999999999988 18379.441090972075
-0.0069999999999999993 0.0064999999999999988 17052.384485504092
-0.0064999999999999988 0.0064999999999999988 15665.561709736165
-0.0059999999999999984 0.0064999999999999988 14271.17217653807
-0.0054999999999999979 0.0064999999999999988 12911.34344390829
-0.005000000000000001 0.0064999999999999988 11619.352688970353
-0.0044999999999999971 0.0064999999999999988 10421.222606559355
-0.0040000000000000001 0.0064999999999999988 9336.9560811548599
-0.0035000000000000031 0.0064999999999999988 8381.0937613685546
-0.0029999999999999992 0.0064999999999999988 7562.72051870001
-0.0025000000000000022 0.0064999999999999988 6885.3530524582629
-0.0019999999999999983 0.0064999999999999988 6347.2194013711423
-0.0015000000000000013 0.0064999999999999988 5942.288265555263
-0.00099999999999999742 0.0064999999999999988 5662.0983898613158
-0.00050000000000000044 0.0064999999999999988 5498.0990099697638
0 0.0064999999999999988 5443.9665629941501
0.00050000000000000044 0.0064999999999999988 5497.2965019844969
0.0010000000000000009 0.0064999999999999988 5660.203901038717
0.0015000000000000013 0.0064999999999999988 5938.6565641499319
0.0020000000000000018 0.0064999999999999988 6340.7129676264058
0.0024999999999999988 0.0064999999999999988 6874.1293889934022
0.0030000000000000027 0.0064999999999999988 7543.9394162946492
0.0034999999999999996 0.0064999999999999988 8350.5485058247305
0.0040000000000000036 0.0064999999999999988 9288.6475667369014
0.0045000000000000005 0.0064999999999999988 10346.917435393532
0.0049999999999999975 0.0064999999999999988 11508.193550979251
0.0055000000000000014 0.0064999999999999988 12749.607659576473
0.0059999999999999984 0.0064999999999999988 14042.294755836474
0.0064999999999999988 0.0064999999999999988 15350.543291793072
0.0069999999999999993 0.0064999999999999988 16630.682952817588
0.0074999999999999997 0.0064999999999999988 17830.39264044851
0.0080000000000000002 0.0064999999999999988 18889.305823280083
0.0085000000000000006 0.0064999999999999988 19741.675348545199
0.0090000000000000011 0.0064999999999999988 20321.419362679517
0.0095000000000000015 0.0064999999999999988 20569.205818408398
0.010000000000000002 0.0064999999999999988 20440.539236110064
0.010500000000000002 0.0064999999999999988 19913.314983873617
0.011000000000000003 0.0064999999999999988 18993.182322570021
0.011500000000000003 0.0064999999999999988 17715.376499388025
0.012000000000000004 0.0064999999999999988 16142.373631706065
0.012499999999999997 0.0064999999999999988 14357.604831532897
0.013000000000000005 0.0064999999999999988 12456.296979464974
0.013499999999999998 0.0064999999999999988 10535.067760962378
0.014000000000000005 0.0064999999999999988 8682.0616175295945
0.014499999999999999 0.0064999999999999988 6969.162240590179
0.014999999999999999 0.0064999999999999988 5447.2596354395082
0.0155 0.0064999999999999988 4144.8579816818346
0.016000000000000007 0.0064999999999999988 3069.6668184060441
0.016500000000000001 0.0064999999999999988 2212.3619532909079
0.017000000000000001 0.0064999999999999988 1551.4999742171362
0.017500000000000002 0.0064999999999999988 1058.6110359905333
0.017999999999999995 0.0064999999999999988 702.71194546881077
0.018500000000000003 0.0064999999999999988 453.7835332611034
0.019000000000000003 0.0064999999999999988 285.05608869999782
0.019500000000000003 0.0064999999999999988 174.18316136597326
0.019999999999999997 0.0064999999999999988 103.52941490624808
0.020499999999999997 0.0064999999999999988 59.854013106202885
0.021000000000000005 0.0064999999999999988 33.657899429986998
0.021500000000000005 0.0064999999999999988 18.409369682442509
0.021999999999999999 0.0064999999999999988 9.7936429737153006
0.022499999999999999 0.0064999999999999988 5.0675651430706745
0.023000000000000007 0.0064999999999999988 2.5503584499399112
0.023500000000000007 0.0064999999999999988 1.2483824015939038
0.024 0.0064999999999999988 0.59434250721851833
0.024500000000000001 0.0064999999999999988 0.2752119485108323
0.025000000000000001 0.0064999999999999988 0.12394757058134018
-0.025000000000000001 0.0069999999999999993 0.21611063188760665
-0.024500000000000001 0.0069999999999999993 0.46139990629136179
-0.024 0.0069999999999999993 0.95999022713417648
-0.0235 0.0069999999999999993 1.9464030113374062
-0.023 0.0069999999999999993 3.8455764112397475
-0.022500000000000003 0.0069999999999999993 7.4034921170827559
-0.022000000000000002 0.0069999999999999993 13.888014147868825
-0.021500000000000002 0.0069999999999999993 25.383554842022296
-0.021000000000000001 0.0069999999999999993 45.201510688059585
-0.020500000000000001 0.0069999999999999993 78.418901989724802
-0.02 0.0069999999999999993 132.53642157508267
-0.0195 0.0069999999999999993 218.21108665943251
-0.019 0.0069999999999999993 349.96754771818547
-0.018500000000000003 0.0069999999999999993 546.73051464491584
-0.018000000000000002 0.0069999999999999993 831.96041498775685
-0.017500000000000002 0.0069999999999999993 1233.1345918937307
-0.017000000000000001 0.0069999999999999993 1780.3217979157116
-0.016500000000000001 0.0069999999999999993 2503.6728170747156
-0.016 0.0069999999999999993 3429.8096275755952
-0.0155 0.0069999999999999993 4577.3344029155151
-0.015000000000000001 0.0069999999999999993 5951.9642925557482
-0.014500000000000001 0.0069999999999999993 7542.0651450765972
-0.014 0.0069999999999999993 9315.523904378766
-0.0135 0.0069999999999999993 11218.88329645575
-0.012999999999999999 0.0069999999999999993 13179.411750885731
-0.012500000000000001 0.0069999999999999993 15110.302236900785
-0.012 0.0069999999999999993 16918.564538355164
-0.0115 0.0069999999999999993 18514.540075502468
-0.010999999999999999 0.0069999999999999993 19821.501651817005
-0.010499999999999999 0.0069999999999999993 20783.656193192397
-0.010000000000000002 0.0069999999999999993 21371.124110759658
-0.0095000000000000015 0.0069999999999999993 21581.088760306429
-0.0090000000000000011 0.0069999999999999993 21435.143493934935
-0.0085000000000000006 0.0069999999999999993 20973.686601373509
-0.0080000000000000002 0.0069999999999999993 20248.794790450258
-0.0074999999999999997 0.0069999999999999993 19317.182960753667
-0.0069999999999999993 0.0069999999999999993 18234.596492267083
-0.0064999999999999988 0.0069999999999999993 17052.38448237901
-0.0059999999999999984 0.0069999999999999993 15816.272660068102
-0.0054999999999999979 0.0069999999999999993 14566.728310706334
-0.005000000000000001 0.0069999999999999993 13339.972566948896
-0.0044999999999999971 0.0069999999999999993 12168.72509642061
-0.0040000000000000001 0.0069999999999999993 11082.111940046429
-0.0035000000000000031 0.0069999999999999993 10104.676810642179
-0.0029999999999999992 0.0069999999999999993 9254.9148346534002
-0.0025000000000000022 0.0069999999999999993 8544.0271905207101
-0.0019999999999999983 0.0069999999999999993 7975.5877322984934
-0.0015000000000000013 0.0069999999999999993 7546.5343963227151
-0.00099999999999999742 0.0069999999999999993 7249.4554589878162
-0.00050000000000000044 0.0069999999999999993 7075.6896617789862
0 0.0069999999999999993 7018.4523645757117
0.00050000000000000044 0.0069999999999999993 7075.1381066445656
0.0010000000000000009 0.0069999999999999993 7248.1533971312529
0.0015000000000000013 0.0069999999999999993 7544.03836688306
0.0020000000000000018 0.0069999999999999993 7971.1159301425714
0.0024999999999999988 0.0069999999999999993 8536.3132869525525
0.0030000000000000027 0.0069999999999999993 9242.0067843263205
0.0034999999999999996 0.0069999999999999993 10083.683383988973
0.0040000000000000036 0.0069999999999999993 11048.910016012653
0.0045000000000000005 0.0069999999999999993 12117.655948919615
0.0049999999999999975 0.0069999999999999993 13263.574083167961
0.0055000000000000014 0.0069999999999999993 14455.569040138231
0.0059999999999999984 0.0069999999999999993 15658.967662662566
0.0064999999999999988 0.0069999999999999993 16835.875701105029
0.0069999999999999993 0.0069999999999999993 17944.765550001932
0.0074999999999999997 0.0069999999999999993 18939.82784717203
0.0080000000000000002 0.0069999999999999993 19770.944347553792
0.0085000000000000006 0.0069999999999999993 20385.154698160739
0.0090000000000000011 0.0069999999999999993 20730.151327043168
0.0095000000000000015 0.0069999999999999993 20759.726323513652
0.010000000000000002 0.0069999999999999993 20440.398536093904
0.010500000000000002 0.0069999999999999993 19757.898642953765
0.011000000000000003 0.0069999999999999993 18721.979302662556
0.011500000000000003 0.0069999999999999993 17368.236453204114
0.012000000000000004 0.0069999999999999993 15756.228957079844
0.012499999999999997 0.0069999999999999993 13963.9986146024
0.013000000000000005 0.0069999999999999993 12079.88940173107
0.013499999999999998 0.0069999999999999993 10193.125746216414
0.014000000000000005 0.0069999999999999993 8384.7983297105438
0.014499999999999999 0.0069999999999999993 6720.7027082756458
0.014999999999999999 0.0069999999999999993 5246.9721256373623
0.0155 0.0069999999999999993 3988.802499618444
0.016000000000000007 0.0069999999999999993 2951.9591844194783
0.016500000000000001 0.0069999999999999993 2126.3177027152792
0.017000000000000001 0.0069999999999999993 1490.4908533842665
0.017500000000000002 0.0069999999999999993 1016.6258041972387
0.017999999999999995 0.0069999999999999993 674.65539987987177
0.018500000000000003 0.0069999999999999993 435.57119662054407
0.019000000000000003 0.0069999999999999993 273.56894020231778
0.019500000000000003 0.0069999999999999993 167.14162537681315
0.019999999999999997 0.0069999999999999993 99.333723616251831
0.020499999999999997 0.0069999999999999993 57.4236187868595
0.021000000000000005 0.0069999999999999993 32.289128739395991
0.021500000000000005 0.0069999999999999993 17.659821790115895
0.021999999999999999 0.0069999999999999993 9.3945176153907592
0.022499999999999999 0.0069999999999999993 4.860893356695061
0.023000000000000007 0.0069999999999999993 2.4462871043769723
0.023500000000000007 0.0069999999999999993 1.1974174180346915
0.024 0.0069999999999999993 0.57007007853496205
0.024500000000000001 0.0069999999999999993 0.26396944740685951
0.025000000000000001 0.0069999999999999993 0.11888318158762103
-0.025000000000000001 0.0074999999999999997 0.17590018441578076
-0.024500000000000001 0.0074999999999999997 0.37823744367975626
-0.024 0.0074999999999999997 0.79248522693726053
-0.0235 0.0074999999999999997 1.6178025896467834
-0.023 0.0074999999999999997 3.2176982639320055
-0.022500000000000003 0.0074999999999999997 6.2348671704732759
-0.022000000000000002 0.0074999999999999997 11.769208387071915
-0.021500000000000002 0.0074999999999999997 21.641204825187618
-0.021000000000000001 0.0074999999999999997 38.762004196723666
-0.020500000000000001 0.0074999999999999997 67.623744095086934
-0.02 0.0074999999999999997 114.90523764019888
-0.0195 0.0074999999999999997 190.1560402163135
-0.019 0.0074999999999999997 306.47548877346287
-0.018500000000000003 0.0074999999999999997 481.04642923459141
-0.018000000000000002 0.0074999999999999997 735.32641172746935
-0.017500000000000002 0.0074999999999999997 1094.6596919488259
-0.017000000000000001 0.0074999999999999997 1587.0743045953836
-0.016500000000000001 0.0074999999999999997 2241.0927223449385
-0.016 0.0074999999999999997 3082.5267189250635
-0.0155 0.0074999999999999997 4130.4431830716067
-0.015000000000000001 0.0074999999999999997 5392.747641551613
-0.014500000000000001 0.0074999999999999997 6862.0782409998446
-0.014 0.0074999999999999997 8512.8580022897277
-0.0135 0.0074999999999999997 10300.34122436353
-0.012999999999999999 0.0074999999999999997 12162.26294003705
-0.012500000000000001 0.0074999999999999997 14023.264414965768
-0.012 0.0074999999999999997 15801.697006144746
-0.0115 0.0074999999999999997 17417.835817739859
-0.010999999999999999 0.0074999999999999997 18802.126155262009
-0.010499999999999999 0.0074999999999999997 19901.980304802142
-0.010000000000000002 0.0074999999999999997 20685.905841147945
-0.0095000000000000015 0.0074999999999999997 21144.33733278446
-0.0090000000000000011 0.0074999999999999997 21287.311041667916
-0.0085000000000000006 0.0074999999999999997 21139.849387862003
-0.0080000000000000002 0.0074999999999999997 20736.392128014959
-0.0074999999999999997 0.0074999999999999997 20115.683308299798
-0.0069999999999999993 0.0074999999999999997 19317.182960016529
-0.0064999999999999988 0.0074999999999999997 18379.441087810559
-0.0059999999999999984 0.0074999999999999997 17340.164410576872
-0.0054999999999999979 0.0074999999999999997 16237.159335227168
-0.005000000000000001 0.0074999999999999997 15109.122046827542
-0.0044999999999999971 0.0074999999999999997 13995.422555046456
-0.0040000000000000001 0.0074999999999999997 12934.513334993093
-0.0035000000000000031 0.0074999999999999997 11961.202065803964
-0.0029999999999999992 0.0074999999999999997 11103.543666992087
-0.0025000000000000022 0.0074999999999999997 10380.35095839395
-0.0019999999999999983 0.0074999999999999997 9800.2149454615628
-0.0015000000000000013 0.0074999999999999997 9362.5036538083441
-0.00099999999999999742 0.0074999999999999997 9060.2128569149518
-0.00050000000000000044 0.0074999999999999997 8883.9656763501534
0 0.0074999999999999997 8826.0836918449422
0.00050000000000000044 0.0074999999999999997 8883.5969834577245
0.0010000000000000009 0.0074999999999999997 9059.3424798265023
0.0015000000000000013 0.0074999999999999997 9360.8351563975466
0.0020000000000000018 0.0074999999999999997 9797.2257217768492
0.0024999999999999988 0.0074999999999999997 10375.1945175579
0.0030000000000000027 0.0074999999999999997 11094.915143543201
0.0034999999999999996 0.0074999999999999997 11947.168786605345
0.0040000000000000036 0.0074999999999999997 12912.319155948673
0.0045000000000000005 0.0074999999999999997 13961.28484055347
0.0049999999999999975 0.0074999999999999997 15058.052668256856
0.0055000000000000014 0.0074999999999999997 16162.853739234435
0.0059999999999999984 0.0074999999999999997 17235.012212967828
0.0064999999999999988 0.0074999999999999997 18234.713491560564
0.0069999999999999993 0.0074999999999999997 19123.44238586483
0.0074999999999999997 0.0074999999999999997 19863.436271482373
0.0080000000000000002 0.0074999999999999997 20416.96792008925
0.0085000000000000006 0.0074999999999999997 20746.438981285311
0.0090000000000000011 0.0074999999999999997 20816.051533905935
0.0095000000000000015 0.0074999999999999997 20595.288881134686
0.010000000000000002 0.0074999999999999997 20063.752437497707
0.010500000000000002 0.0074999999999999997 19216.301766925833
0.011000000000000003 0.0074999999999999997 18067.138753458188
0.011500000000000003 0.0074999999999999997 16651.576976635548
0.012000000000000004 0.0074999999999999997 15024.721431648552
0.012499999999999997 0.0074999999999999997 13257.005573861443
0.013000000000000005 0.0074999999999999997 11427.275538233082
0.013499999999999998 0.0074999999999999997 9614.662686486754
0.014000000000000005 0.0074999999999999997 7890.7045986378307
0.014499999999999999 0.0074999999999999997 6313.0297893446004
0.014999999999999999 0.0074999999999999997 4921.4881337718352
0.0155 0.0074999999999999997 3737.0327764385611
0.016000000000000007 0.0074999999999999997 2763.10251082578
0.016500000000000001 0.0074999999999999997 1988.8456850075756
0.017000000000000001 0.0074999999999999997 1393.3337289287476
0.017500000000000002 0.0074999999999999997 949.93209140563124
0.017999999999999995 0.0074999999999999997 630.17420228510025
0.018500000000000003 0.0074999999999999997 406.74080151920469
0.019000000000000003 0.0074999999999999997 255.40602749084346
0.019500000000000003 0.0074999999999999997 156.01811597266456
0.019999999999999997 0.0074999999999999997 92.710541257351522
0.020499999999999997 0.0074999999999999997 53.589223866119994
0.021000000000000005 0.0074999999999999997 30.13058522934643
0.021500000000000005 0.0074999999999999997 16.478193366245812
0.021999999999999999 0.0074999999999999997 8.7654828657486483
0.022499999999999999 0.0074999999999999997 4.5352400022178152
0.023000000000000007 0.0074999999999999997 2.2823284528373482
0.023500000000000007 0.0074999999999999997 1.1171352083667201
0.024 0.0074999999999999997 0.53183895890070132
0.024500000000000001 0.0074999999999999997 0.24626295482643915
0.025000000000000001 0.0074999999999999997 0.11090746177130566
-0.025000000000000001 0.0080000000000000002 0.14289045334458128
-0.024500000000000001 0.0080000000000000002 0.30926114706425012
-0.024 0.0080000000000000002 0.65205676701353066
-0.0235 0.0080000000000000002 1.3392366587706916
-0.023 0.0080000000000000002 2.6792601477338587
-0.022500000000000003 0.0080000000000000002 5.2207399076406986
-0.022000000000000002 0.0080000000000000002 9.9079441200426093
-0.021500000000000002 0.0080000000000000002 18.312401240768981
-0.021000000000000001 0.0080000000000000002 32.960595547519318
-0.020500000000000001 0.0080000000000000002 57.771417180825672
-0.02 0.0080000000000000002 98.601294054700006
-0.0195 0.0080000000000000002 163.86692308454201
-0.019 0.0080000000000000002 265.17442708079864
-0.018500000000000003 0.0080000000000000002 417.83281654948252
-0.018000000000000002 0.0080000000000000002 641.07790120269237
-0.017500000000000002 0.0080000000000000002 957.79586428052801
-0.017000000000000001 0.0080000000000000002 1393.5341075673471
-0.016500000000000001 0.0080000000000000002 1974.6414693615782
-0.016 0.0080000000000000002 2725.5038616210281
-0.0155 0.0080000000000000002 3665.0316343891332
-0.015000000000000001 0.0080000000000000002 4802.7846925702133
-0.014500000000000001 0.0080000000000000002 6135.3386255337255
-0.014 0.0080000000000000002 7643.6308716229978
-0.0135 0.0080000000000000002 9292.0123589890136
-0.012999999999999999 0.0080000000000000002 11029.525276917437
-0.012500000000000001 0.0080000000000000002 12793.539482244179
-0.012 0.0080000000000000002 14515.378326041951
-0.0115 0.0080000000000000002 16127.073171944434
-0.010999999999999999 0.0080000000000000002 17568.051541777939
-0.010499999999999999 0.0080000000000000002 18790.509780605706
-0.010000000000000002 0.0080000000000000002 19762.49853341722
-0.0095000000000000015 0.0080000000000000002 20468.30734458279
-0.0090000000000000011 0.0080000000000000002 20906.423957903891
-0.0085000000000000006 0.0080000000000000002 21085.957417507303
-0.0080000000000000002 0.0080000000000000002 21022.754728809621
-0.0074999999999999997 0.0080000000000000002 20736.392127850482
-0.0069999999999999993 0.0080000000000000002 20248.794789724958
-0.0064999999999999988 0.0080000000000000002 19584.574112752496
-0.0059999999999999984 0.0080000000000000002 18772.49579319065
-0.0054999999999999979 0.0080000000000000002 17847.038448791285
-0.005000000000000001 0.0080000000000000002 16848.930356519322
-0.0044999999999999971 0.0080000000000000002 15823.888444852046
-0.0040000000000000001 0.0080000000000000002 14819.415457197823
-0.0035000000000000031 0.0080000000000000002 13880.22335715289
-0.0029999999999999992 0.0080000000000000002 13043.401622467512
-0.0025000000000000022 0.0080000000000000002 12334.650465188828
-0.0019999999999999983 0.0080000000000000002 11766.678750571888
-0.0015000000000000013 0.0080000000000000002 11340.288091830624
-0.00099999999999999742 0.0080000000000000002 11047.904630720426
-0.00050000000000000044 0.0080000000000000002 10878.609914419103
0 0.0080000000000000002 10823.276859167554
0.00050000000000000044 0.0080000000000000002 10878.37020954579
0.0010000000000000009 0.0080000000000000002 11047.338756970197
0.0015000000000000013 0.0080000000000000002 11339.203321907764
0.0020000000000000018 0.0080000000000000002 11764.735313366122
0.0024999999999999988 0.0080000000000000002 12331.298016517503
0.0030000000000000027 0.0080000000000000002 13037.791806920042
0.0034999999999999996 0.0080000000000000002 13871.099651538978
0.0040000000000000036 0.0080000000000000002 14804.985960493757
0.0045000000000000005 0.0080000000000000002 15801.693884838131
0.0049999999999999975 0.0080000000000000002 16815.727712335472
0.0055000000000000014 0.0080000000000000002 17798.728828943436
0.0059999999999999984 0.0080000000000000002 18704.131323129001
0.0064999999999999988 0.0080000000000000002 19490.47978428478
0.0069999999999999993 0.0080000000000000002 20122.834781446614
0.0074999999999999997 0.0080000000000000002 20572.394271516925
0.0080000000000000002 0.0080000000000000002 20815.08178239251
0.0085000000000000006 0.0080000000000000002 20830.18250672178
0.0090000000000000011 0.0080000000000000002 20600.035625161217
0.0095000000000000015 0.0080000000000000002 20111.344701017653
0.010000000000000002 0.0080000000000000002 19358.006866055774
0.010500000000000002 0.0080000000000000002 18344.717386909389
0.011000000000000003 0.0080000000000000002 17090.201098621921
0.011500000000000003 0.0080000000000000002 15628.891671288393
0.012000000000000004 0.0080000000000000002 14010.22936473566
0.012499999999999997 0.0080000000000000002 12295.357981588135
0.013000000000000005 0.0080000000000000002 10551.674833761321
0.013499999999999998 0.0080000000000000002 8846.2199652923937
0.014000000000000005 0.0080000000000000002 7239.1392042604612
0.014499999999999999 0.0080000000000000002 5778.3759819650268
0.014999999999999999 0.0080000000000000002 4496.3963598159607
0.0155 0.0080000000000000002 3409.2567235669653
0.016000000000000007 0.0080000000000000002 2517.8309150910609
0.016500000000000001 0.0080000000000000002 1810.6436126899835
0.017000000000000001 0.0080000000000000002 1267.5740983040666
0.017500000000000002 0.0080000000000000002 863.70153302159338
0.017999999999999995 0.0080000000000000002 572.71342344762866
0.018500000000000003 0.0080000000000000002 369.52317607722199
0.019000000000000003 0.0080000000000000002 231.97172912196683
0.019500000000000003 0.0080000000000000002 141.67222670169377
0.019999999999999997 0.0080000000000000002 84.171461004190647
0.020499999999999997 0.0080000000000000002 48.646904713761749
0.021000000000000005 0.0080000000000000002 27.348897485070932
0.021500000000000005 0.0080000000000000002 14.955680693423517
0.021999999999999999 0.0080000000000000002 7.9550785770948931
0.022499999999999999 0.0080000000000000002 4.1157310414238975
0.023000000000000007 0.0080000000000000002 2.0711315217881725
0.023500000000000007 0.0080000000000000002 1.0137288617237166
0.024 0.0080000000000000002 0.48259816897149815
0.024500000000000001 0.0080000000000000002 0.22345822332831508
0.025000000000000001 0.0080000000000000002 0.10063557762649665
-0.025000000000000001 0.0085000000000000006 0.11553500452736828
-0.024500000000000001 0.0085000000000000006 0.25147262908768364
-0.024 0.0085000000000000006 0.53308924115165846
-0.0235 0.0085000000000000006 1.1005610841036293
-0.023 0.0085000000000000006 2.2126225437012406
-0.022500000000000003 0.0085000000000000006 4.3316635582457419
-0.022000000000000002 0.0085000000000000006 8.2572107291686869
-0.021500000000000002 0.0085000000000000006 15.325782521648367
-0.021000000000000001 0.0085000000000000006 27.69522180673296
-0.020500000000000001 0.0085000000000000006 48.726560194916729
-0.02 0.0085000000000000006 83.463300816292289
-0.0195 0.0085000000000000006 139.18414623508099
-0.019 0.0085000000000000006 225.96982101887036
-0.018500000000000003 0.0085000000000000006 357.18040930962906
-0.018000000000000002 0.0085000000000000006 549.69431122350124
-0.017500000000000002 0.0085000000000000006 823.72700538524464
-0.017000000000000001 0.0085000000000000006 1202.045128157011
-0.016500000000000001 0.0085000000000000006 1708.4370281202921
-0.016 0.0085000000000000006 2365.4065055949695
-0.0155 0.0085000000000000006 3191.2190054289995
-0.015000000000000001 0.0085000000000000006 4196.625397103584
-0.014500000000000001 0.0085000000000000006 5381.7721146320582
-0.014 0.0085000000000000006 6733.9178034384204
-0.0135 0.0085000000000000006 8226.5575453179135
-0.012999999999999999 0.0085000000000000006 9820.3720256267497
-0.012500000000000001 0.0085000000000000006 11466.081263502794
-0.012 0.0085000000000000006 13108.856165487297
-0.0115 0.0085000000000000006 14693.537956195456
-0.010999999999999999 0.0085000000000000006 16169.664529409849
-0.010499999999999999 0.0085000000000000006 17495.306984121115
-0.010000000000000002 0.0085000000000000006 18639.012963519097
-0.0095000000000000015 0.0085000000000000006 19579.675476924014
-0.0090000000000000011 0.0085000000000000006 20304.7485985395
-0.0085000000000000006 0.0085000000000000006 20807.720742793073
-0.0080000000000000002 0.0085000000000000006 21085.957417472586
-0.0074999999999999997 0.0085000000000000006 21139.849387704598
-0.0069999999999999993 0.0085000000000000006 20973.68660083499
-0.0064999999999999988 0.0085000000000000006 20597.984213306354
-0.0059999999999999984 0.0085000000000000006 20032.349909167289
-0.0054999999999999979 0.0085000000000000006 19307.63053623572
-0.005000000000000001 0.0085000000000000006 18466.1517384379
-0.0044999999999999971 0.0085000000000000006 17559.365826907644
-0.0040000000000000001 0.0085000000000000006 16643.003574302067
-0.0035000000000000031 0.0085000000000000006 15770.638507642047
-0.0029999999999999992 0.0085000000000000006 14987.153026439551
-0.0025000000000000022 0.0085000000000000006 14323.748711241418
-0.0019999999999999983 0.0085000000000000006 13795.80548437878
-0.0015000000000000013 0.0085000000000000006 13404.155097295245
-0.00099999999999999742 0.0085000000000000006 13139.406661447856
-0.00050000000000000044 0.0085000000000000006 12988.116292717013
0 0.0085000000000000006 12939.076467448607
0.00050000000000000044 0.0085000000000000006 12987.964718537512
0.0010000000000000009 0.0085000000000000006 13139.048838729415
0.0015000000000000013 0.0085000000000000006 13403.469157502981
0.0020000000000000018 0.0085000000000000006 13794.576577782917
0.0024999999999999988 0.0085000000000000006 14321.628835038437
0.0030000000000000027 0.0085000000000000006 14983.605734400784
0.0034999999999999996 0.0085000000000000006 15764.869254087367
0.0040000000000000036 0.0085000000000000006 16633.879274519186
0.0045000000000000005 0.0085000000000000006 17545.331392909753
0.0049999999999999975 0.0085000000000000006 18445.156489238925
0.0055000000000000014 0.0085000000000000006 19277.082592469647
0.0059999999999999984 0.0085000000000000006 19989.120548356375
0.0064999999999999988 0.0085000000000000006 20538.484919712424
0.0069999999999999993 0.0085000000000000006 20894.037469631316
0.0074999999999999997 0.0085000000000000006 21036.147530624941
0.0080000000000000002 0.0085000000000000006 20954.63819970881
0.0085000000000000006 0.0085000000000000006 20645.984889435975
0.0090000000000000011 0.0085000000000000006 20111.008022880196
0.0095000000000000015 0.0085000000000000006 19353.954910366861
0.010000000000000002 0.0085000000000000006 18383.238052697612
0.010500000000000002 0.0085000000000000006 17213.41610986317
0.011000000000000003 0.0085000000000000006 15867.502175160353
0.011500000000000003 0.0085000000000000006 14378.519528907678
0.012000000000000004 0.0085000000000000006 12789.431957388022
0.012499999999999997 0.0085000000000000006 11151.06283621502
0.013000000000000005 0.0085000000000000006 9518.209671377188
0.013499999999999998 0.0085000000000000006 7944.6666710597792
0.014000000000000005 0.0085000000000000006 6478.1428926162389
0.014499999999999999 0.0085000000000000006 5156.0515480726481
0.014999999999999999 0.0085000000000000006 4002.8848214369518
0.0155 0.0085000000000000006 3029.4831520487246
0.016000000000000007 0.0085000000000000006 2234.087287759824
0.016500000000000001 0.0085000000000000006 1604.735170826877
0.017000000000000001 0.0085000000000000006 1122.3959963305194
0.017500000000000002 0.0085000000000000006 764.22771002632271
0.017999999999999995 0.0085000000000000006 506.46494554775904
0.018500000000000003 0.0085000000000000006 326.63245250198207
0.019000000000000003 0.0085000000000000006 204.9745378160043
0.019500000000000003 0.0085000000000000006 125.14962600611344
0.019999999999999997 0.0085000000000000006 74.338788349228452
0.020499999999999997 0.0085000000000000006 42.956796437416742
0.021000000000000005 0.0085000000000000006 24.146739384727269
0.021500000000000005 0.0085000000000000006 13.203205054847917
0.021999999999999999 0.0085000000000000006 7.0223422500425992
0.022499999999999999 0.0085000000000000006 3.6329259400960008
0.023000000000000007 0.0085000000000000006 1.8280805181908297
0.023500000000000007 0.0085000000000000006 0.89473057020334357
0.024 0.0085000000000000006 0.42593435688699827
0.024500000000000001 0.0085000000000000006 0.19721629468668117
0.025000000000000001 0.0085000000000000006 0.088815697454699832
-0.025000000000000001 0.0090000000000000011 0.092671321801130885
-0.024500000000000001 0.0090000000000000011 0.2026611648259953
-0.024 0.0090000000000000011 0.43154009518469794
-0.0235 0.0090000000000000011 0.89468997592242661
-0.023 0.0090000000000000011 1.805934264423966
-0.022500000000000003 0.0090000000000000011 3.5488576319066722
-0.022000000000000002 0.0090000000000000011 6.7891347785047884
-0.021500000000000002 0.0090000000000000011 12.6434201246875
-0.021000000000000001 0.0090000000000000011 22.920696592308463
-0.020500000000000001 0.0090000000000000011 40.448039575206828
-0.02 0.0090000000000000011 69.48199983239364
-0.0195 0.0090000000000000011 116.18702783151558
-0.019 0.0090000000000000011 189.13279406238971
-0.018500000000000003 0.0090000000000000011 299.72509156665438
-0.018000000000000002 0.0090000000000000011 462.44674172726621
-0.017500000000000002 0.0090000000000000011 694.75690948296074
-0.017000000000000001 0.0090000000000000011 1016.4944763973516
-0.016500000000000001 0.0090000000000000011 1448.6687549173532
-0.016 0.0090000000000000011 2011.6083356107572
-0.0155 0.0090000000000000011 2722.5732888474568
-0.015000000000000001 0.0090000000000000011 3593.0966270871013
-0.014500000000000001 0.0090000000000000011 4626.4688861645282
-0.014 0.0090000000000000011 5815.8642797237817
-0.0135 0.0090000000000000011 7143.5802967422178
-0.012999999999999999 0.0090000000000000011 8581.6990490348999
-0.012500000000000001 0.0090000000000000011 10094.191909701582
-0.012 0.0090000000000000011 11640.13998587218
-0.0115 0.0090000000000000011 13177.430847851572
-0.010999999999999999 0.0090000000000000011 14666.12672966816
-0.010499999999999999 0.0090000000000000011 16070.76297883085
-0.010000000000000002 0.0090000000000000011 17361.143877488754
-0.0095000000000000015 0.0090000000000000011 18511.686258287729
-0.0090000000000000011 0.0090000000000000011 19499.873954241524
-0.0085000000000000006 0.0090000000000000011 20304.748598532569
-0.0080000000000000002 0.0090000000000000011 20906.423957871579
-0.0074999999999999997 0.0090000000000000011 21287.311041554247
-0.0069999999999999993 0.0090000000000000011 21435.143493578511
-0.0064999999999999988 0.0090000000000000011 21347.176911833361
-0.0059999999999999984 0.0090000000000000011 21034.34365177821
-0.0054999999999999979 0.0090000000000000011 20523.898649966719
-0.005000000000000001 0.0090000000000000011 19859.313419968563
-0.0044999999999999971 0.0090000000000000011 19096.835538870131
-0.0040000000000000001 0.0090000000000000011 18299.050832170815
-0.0035000000000000031 0.0090000000000000011 17526.689582718998
-0.0029999999999999992 0.0090000000000000011 16830.521735082399
-0.0025000000000000022 0.0090000000000000011 16245.287381976872
-0.0019999999999999983 0.0090000000000000011 15787.154600455835
-0.0015000000000000013 0.0090000000000000011 15455.300960425307
-0.00099999999999999742 0.0090000000000000011 15237.125521206364
-0.00050000000000000044 0.0090000000000000011 15115.622792660639
0 0.0090000000000000011 15076.866779328735
0.00050000000000000044 0.0090000000000000011 15115.529572498737
0.0010000000000000009 0.0090000000000000011 15236.905455415119
0.0015000000000000013 0.0090000000000000011 15454.879098214353
0.0020000000000000018 0.0090000000000000011 15786.398806347617
0.0024999999999999988 0.0090000000000000011 16243.983629560087
0.0030000000000000027 0.0090000000000000011 16828.34010270119
0.0034999999999999996 0.0090000000000000011 17523.141414078596
0.0040000000000000036 0.0090000000000000011 18293.439264912005
0.0045000000000000005 0.0090000000000000011 19088.204172936028
0.0049999999999999975 0.0090000000000000011 19846.401058932748
0.0055000000000000014 0.0090000000000000011 20505.111253109888
0.0059999999999999984 0.0090000000000000011 21007.757012636761
0.0064999999999999988 0.0090000000000000011 21310.584044895728
0.0069999999999999993 0.0090000000000000011 21386.158205119023
0.0074999999999999997 0.0090000000000000011 21223.533002722394
0.0080000000000000002 0.0090000000000000011 20825.660870249405
0.0085000000000000006 0.0090000000000000011 20205.278870348349
0.0090000000000000011 0.0090000000000000011 19380.720890779856
0.0095000000000000015 0.0090000000000000011 18372.865069695392
0.010000000000000002 0.0090000000000000011 17203.83886238129
0.010500000000000002 0.0090000000000000011 15897.396294462218
0.011000000000000003 0.0090000000000000011 14480.292812074504
0.011500000000000003 0.0090000000000000011 12983.690272184942
0.012000000000000004 0.0090000000000000011 11443.6897956664
0.012499999999999997 0.0090000000000000011 9900.4513340349604
0.013000000000000005 0.0090000000000000011 8395.8651314411964
0.013499999999999998 0.0090000000000000011 6970.2136123734699
0.014000000000000005 0.0090000000000000011 5658.5592646158811
0.014499999999999999 0.0090000000000000011 4487.6476975707983
0.014999999999999999 0.0090000000000000011 3473.9435636209209
0.0155 0.0090000000000000011 2623.1035606489768
0.016000000000000007 0.0090000000000000011 1930.8452479446778
0.016500000000000001 0.0090000000000000011 1384.8907159540297
0.017000000000000001 0.0090000000000000011 967.50918755482053
0.017500000000000002 0.0090000000000000011 658.1640414598287
0.017999999999999995 0.0090000000000000011 435.86009959388338
0.018500000000000003 0.0090000000000000011 280.93768668907808
0.019000000000000003 0.0090000000000000011 176.22041211372581
0.019500000000000003 0.0090000000000000011 107.55560886413809
0.019999999999999997 0.0090000000000000011 63.870301769945605
0.020499999999999997 0.0090000000000000011 36.899557153201378
0.021000000000000005 0.0090000000000000011 20.738332109375325
0.021500000000000005 0.0090000000000000011 11.33800639427335
0.021999999999999999 0.0090000000000000011 6.0296740317850297
0.022499999999999999 0.0090000000000000011 3.1191245856662029
0.023000000000000007 0.0090000000000000011 1.5694357394588196
0.023500000000000007 0.0090000000000000011 0.76810143760695049
0.024 0.0090000000000000011 0.36563839812631882
0.024500000000000001 0.0090000000000000011 0.16929278840778464
0.025000000000000001 0.0090000000000000011 0.076238588077451805
-0.025000000000000001 0.0095000000000000015 0.073480889937399749
-0.024500000000000001 0.0095000000000000015 0.16130629603111449
-0.024 0.0095000000000000015 0.34471219827898503
-0.0235 0.0095000000000000015 0.71708438724176504
-0.023 0.0095000000000000015 1.452026013529244
-0.022500000000000003 0.0095000000000000015 2.8618972369357074
-0.022000000000000002 0.0095000000000000015 5.4903167673812563
-0.021500000000000002 0.0095000000000000015 10.251714873592407
-0.021000000000000001 0.0095000000000000015 18.631504497286276
-0.020500000000000001 0.0095000000000000015 32.957448379374817
-0.02 0.0095000000000000015 56.744267229299531
-0.0195 0.0095000000000000015 95.09761954606401
-0.019 0.0095000000000000015 155.13964570582593
-0.018500000000000003 0.0095000000000000015 246.38808319421724
-0.018000000000000002 0.0095000000000000015 380.98984342096441
-0.017500000000000002 0.0095000000000000015 573.68716232928614
-0.017000000000000001 0.0095000000000000015 841.39219518618756
-0.016500000000000001 0.0095000000000000015 1202.2763736572219
-0.016 0.0095000000000000015 1674.3512678702407
-0.0155 0.0095000000000000015 2273.6249438334671
-0.015000000000000001 0.0095000000000000015 3012.0440822544069
-0.014500000000000001 0.0095000000000000015 3895.5448461485512
-0.014 0.0095000000000000015 4922.5933435796587
-0.0135 0.0095000000000000015 6083.562015120523
-0.012999999999999999 0.0095000000000000015 7361.1439231628565
-0.012500000000000001 0.0095000000000000015 8731.7696172748929
-0.012 0.0095000000000000015 10167.717405501382
-0.0115 0.0095000000000000015 11639.383820152261
-0.010999999999999999 0.0095000000000000015 13117.097905793275
-0.010499999999999999 0.0095000000000000015 14571.9817161624
-0.010000000000000002 0.0095000000000000015 15975.679014019062
-0.0095000000000000015 0.0095000000000000015 17299.216616075628
-0.0090000000000000011 0.0095000000000000015 18511.68625828642
-0.0085000000000000006 0.0095000000000000015 19579.675476917739
-0.0080000000000000002 0.0095000000000000015 20468.307344560097
-0.0074999999999999997 0.0095000000000000015 21144.337332711289
-0.0069999999999999993 0.0095000000000000015 21581.088760085484
-0.0064999999999999988 0.0095000000000000015 21764.281111594366
-0.0059999999999999984 0.0095000000000000015 21697.26329676286
-0.0054999999999999979 0.0095000000000000015 21404.020008448824
-0.005000000000000001 0.0095000000000000015 20928.675927740107
-0.0044999999999999971 0.0095000000000000015 20331.024422906426
-0.0040000000000000001 0.0095000000000000015 19678.647883224912
-0.0035000000000000031 0.0095000000000000015 19037.175953807666
-0.0029999999999999992 0.0095000000000000015 18460.844855621905
-0.0025000000000000022 0.0095000000000000015 17985.569718600887
-0.0019999999999999983 0.0095000000000000015 17626.17882980068
-0.0015000000000000013 0.0095000000000000015 17378.420196099283
-0.00099999999999999742 0.0095000000000000015 17225.115537094811
-0.00050000000000000044 0.0095000000000000015 17144.745710716412
0 0.0095000000000000015 17120.109793865005
0.00050000000000000044 0.0095000000000000015 17144.689949691958
0.0010000000000000009 0.0095000000000000015 17224.983901473108
0.0015000000000000013 0.0095000000000000015 17378.167852951829
0.0020000000000000018 0.0095000000000000015 17625.726740328937
0.0024999999999999988 0.0095000000000000015 17984.789859727978
0.0030000000000000027 0.0095000000000000015 18459.539879809006
0.0034999999999999996 0.0095000000000000015 19035.053564033984
0.0040000000000000036 0.0095000000000000015 19675.291240919702
0.0045000000000000005 0.0095000000000000015 20325.861443170124
0.0049999999999999975 0.0095000000000000015 20920.95220719753
0.0055000000000000014 0.0095000000000000015 21392.78204796723
0.0059999999999999984 0.0095000000000000015 21681.360103665545
0.0064999999999999988 0.0095000000000000015 21742.392544716939
0.0069999999999999993 0.0095000000000000015 21551.787482208492
0.0074999999999999997 0.0095000000000000015 21106.187551480394
0.0080000000000000002 0.0095000000000000015 20419.997704114096
0.0085000000000000006 0.0095000000000000015 19520.176181567356
0.0090000000000000011 0.0095000000000000015 18440.413083580654
0.0095000000000000015 0.0095000000000000015 17216.178660189693
0.010000000000000002 0.0095000000000000015 15881.584682760391
0.010500000000000002 0.0095000000000000015 14468.279858869057
0.011000000000000003 0.0095000000000000015 13005.938587768922
0.011500000000000003 0.0095000000000000015 11523.495017162924
0.012000000000000004 0.0095000000000000015 10050.20780632919
0.012499999999999997 0.0095000000000000015 8615.8808142855705
0.013000000000000005 0.0095000000000000015 7249.9846051384739
0.013499999999999998 0.0095000000000000015 5979.8601578271155
0.014000000000000005 0.0095000000000000015 4828.4990123207153
0.014499999999999999 0.0095000000000000015 3812.5068902617777
0.014999999999999999 0.0095000000000000015 2940.7709075459347
0.0155 0.0095000000000000015 2214.1256484745459
0.016000000000000007 0.0095000000000000015 1626.0416273979727
0.016500000000000001 0.0095000000000000015 1164.1265923476799
0.017000000000000001 0.0095000000000000015 812.09091708006736
0.017500000000000002 0.0095000000000000015 551.79859480255141
0.017999999999999995 0.0095000000000000015 365.08664853397755
0.018500000000000003 0.0095000000000000015 235.15011791489076
0.019000000000000003 0.0095000000000000015 147.41591265391924
0.019500000000000003 0.0095000000000000015 89.934608087121973
0.019999999999999997 0.0095000000000000015 53.387546681954333
0.020499999999999997 0.0095000000000000015 30.834870912574541
0.021000000000000005 0.0095000000000000015 17.326090766872099
0.021500000000000005 0.0095000000000000015 9.4708622612627451
0.021999999999999999 0.0095000000000000015 5.0360340413601277
0.022499999999999999 0.0095000000000000015 2.60484603244532
0.023000000000000007 0.0095000000000000015 1.3105609080775331
0.023500000000000007 0.0095000000000000015 0.64136357281209455
0.024 0.0095000000000000015 0.30529211933691131
0.024500000000000001 0.0095000000000000015 0.14134650605166285
0.025000000000000001 0.0095000000000000015 0.063651406183018316
-0.025000000000000001 0.010000000000000002 0.057406788581442082
-0.024500000000000001 0.010000000000000002 0.12639732978099841
-0.024 0.010000000000000002 0.27086893445925314
-0.0235 0.010000000000000002 0.56495328889656826
-0.023 0.010000000000000002 1.1467958070142035
-0.022500000000000003 0.010000000000000002 2.2655374915025464
-0.022000000000000002 0.010000000000000002 4.3557522263513269
-0.021500000000000002 0.010000000000000002 8.150072137283102
-0.021000000000000001 0.010000000000000002 14.8412700754507
-0.020500000000000001 0.010000000000000002 26.302887953803509
-0.02 0.010000000000000002 45.370947945842595
-0.0195 0.010000000000000002 76.176898536735465
-0.019 0.010000000000000002 124.50322370395834
-0.018500000000000003 0.010000000000000002 198.10950550090431
-0.018000000000000002 0.010000000000000002 306.95241386883981
-0.017500000000000002 0.010000000000000002 463.20544066738785
-0.017000000000000001 0.010000000000000002 680.98275790108323
-0.016500000000000001 0.010000000000000002 975.69569064033021
-0.016 0.010000000000000002 1363.0251385143119
-0.0155 0.010000000000000002 1857.5754697345192
-0.015000000000000001 0.010000000000000002 2471.36982342396
-0.014500000000000001 0.010000000000000002 3212.426819376456
-0.014 0.010000000000000002 4083.6918319742963
-0.0135 0.010000000000000002 5082.5543663512935
-0.012999999999999999 0.010000000000000002 6201.0569093113536
-0.012500000000000001 0.010000000000000002 7426.7094366721512
-0.012 0.010000000000000002 8743.6192690448461
-0.0115 0.010000000000000002 10133.502150462629
-0.010999999999999999 0.010000000000000002 11576.130393717185
-0.010499999999999999 0.010000000000000002 13048.939503227486
-0.010000000000000002 0.010000000000000002 14525.839693042588
-0.0095000000000000015 0.010000000000000002 15975.679014018826
-0.0090000000000000011 0.010000000000000002 17361.143877487601
-0.0085000000000000006 0.010000000000000002 18639.012963514808
-0.0080000000000000002 0.010000000000000002 19762.49853340301
-0.0074999999999999997 0.010000000000000002 20685.905841103828
-0.0069999999999999993 0.010000000000000002 21371.1241106288
-0.0064999999999999988 0.010000000000000002 21794.736956240133
-0.0059999999999999984 0.010000000000000002 21954.051045123866
-0.0054999999999999979 0.010000000000000002 21870.291724113395
-0.005000000000000001 0.010000000000000002 21587.686888577849
-0.0044999999999999971 0.010000000000000002 21168.078010220663
-0.0040000000000000001 0.010000000000000002 20681.831138295998
-0.0035000000000000031 0.010000000000000002 20196.852850052099
-0.0029999999999999992 0.010000000000000002 19768.134864346899
-0.0025000000000000022 0.010000000000000002 19430.248940859881
-0.0019999999999999983 0.010000000000000002 19194.556069073627
-0.0015000000000000013 0.010000000000000002 19051.735499372047
-0.00099999999999999742 0.010000000000000002 18978.883531418822
-0.00050000000000000044 0.010000000000000002 18949.24667329908
0 0.010000000000000002 18941.966074095293
0.00050000000000000044 0.010000000000000002 18949.214232772156
0.0010000000000000009 0.010000000000000002 18978.806948734553
0.0015000000000000013 0.010000000000000002 19051.588691727291
0.0020000000000000018 0.010000000000000002 19194.293053448928
0.0024999999999999988 0.010000000000000002 19429.795236269401
0.0030000000000000027 0.010000000000000002 19767.375658370871
0.0034999999999999996 0.010000000000000002 20195.618090768661
0.0040000000000000036 0.010000000000000002 20679.878318272586
0.0045000000000000005 0.010000000000000002 21165.074303154866
0.0049999999999999975 0.010000000000000002 21583.193399323023
0.0055000000000000014 0.010000000000000002 21863.753728028234
0.0059999999999999984 0.010000000000000002 21944.798920204754
0.0064999999999999988 0.010000000000000002 21782.002673646002
0.0069999999999999993 0.010000000000000002 21354.077277231976
0.0074999999999999997 0.010000000000000002 20663.711144766741
0.0080000000000000002 0.010000000000000002 19734.393056379082
0.0085000000000000006 0.010000000000000002 18604.397593518843
0.0090000000000000011 0.010000000000000002 17319.678725695489
0.0095000000000000015 0.010000000000000002 15927.369373547061
0.010000000000000002 0.010000000000000002 14471.097698673391
0.010500000000000002 0.010000000000000002 12988.608063361871
0.011000000000000003 0.010000000000000002 11511.460368647928
0.011500000000000003 0.010000000000000002 10066.080615968103
0.012000000000000004 0.010000000000000002 8675.2547912897771
0.012499999999999997 0.010000000000000002 7359.2879021776371
0.013000000000000005 0.010000000000000002 6136.3868842420725
0.013499999999999998 0.010000000000000002 5022.2229264856387
0.014000000000000005 0.010000000000000002 4028.9498376049328
0.014499999999999999 0.010000000000000002 3164.1171789042
0.014999999999999999 0.010000000000000002 2429.9046716302728
0.0155 0.010000000000000002 1822.9600997335822
0.016000000000000007 0.010000000000000002 1334.9196614750927
0.016500000000000001 0.010000000000000002 953.50099425748272
0.017000000000000001 0.010000000000000002 663.93592437095094
0.017500000000000002 0.010000000000000002 450.47115769550038
0.017999999999999995 0.010000000000000002 297.70028790853627
0.018500000000000003 0.010000000000000002 191.57150662453202
0.019000000000000003 0.010000000000000002 120.00972717147992
0.019500000000000003 0.010000000000000002 73.173173015411905
0.019999999999999997 0.010000000000000002 43.418082402894996
0.020499999999999997 0.010000000000000002 25.068019474677477
0.021000000000000005 0.010000000000000002 14.081809328730849
0.021500000000000005 0.010000000000000002 7.6957894112619085
0.021999999999999999 0.010000000000000002 4.091460614973486
0.022499999999999999 0.010000000000000002 2.1159908036141362
0.023000000000000007 0.010000000000000002 1.0644945471775438
0.023500000000000007 0.010000000000000002 0.52090059898748664
0.024 0.010000000000000002 0.24793520709635544
0.024500000000000001 0.010000000000000002 0.11478516679466619
0.025000000000000001 0.010000000000000002 0.051688213008007224
-0.025000000000000001 0.010500000000000002 0.044061042001476876
-0.024500000000000001 0.010500000000000002 0.097236729354315404
-0.024 0.010500000000000002 0.20882761673308917
-0.0235 0.010500000000000002 0.43643418714029775
-0.023 0.010500000000000002 0.88759982341438759
-0.022500000000000003 0.010500000000000002 1.7566341171801756
-0.022000000000000002 0.010500000000000002 3.3830895140270023
-0.021500000000000002 0.010500000000000002 6.3404689002592285
-0.021000000000000001 0.010500000000000002 11.564289843668753
-0.020500000000000001 0.010500000000000002 20.527119897369708
-0.02 0.010500000000000002 35.463356022743326
-0.0195 0.010500000000000002 59.637233849671979
-0.019 0.010500000000000002 97.633450511203435
-0.018500000000000003 0.010500000000000002 155.6319945701224
-0.018000000000000002 0.010500000000000002 241.6105809304257
-0.017500000000000002 0.010500000000000002 365.40510655398469
-0.017000000000000001 0.010500000000000002 538.55797598561617
-0.016500000000000001 0.010500000000000002 773.90279335850994
-0.016 0.010500000000000002 1084.8750914471511
-0.0155 0.010500000000000002 1484.5989000295147
-0.015000000000000001 0.010500000000000002 1984.8653556957961
-0.014500000000000001 0.010500000000000002 2595.1710814816797
-0.014 0.010500000000000002 3321.9959958498985
-0.0135 0.010500000000000002 4168.4531994142781
-0.012999999999999999 0.010500000000000002 5134.3344637581185
-0.012500000000000001 0.010500000000000002 6216.4250160788106
-0.012 0.010500000000000002 7408.8177173462054
-0.0115 0.010500000000000002 8702.8817431664302
-0.010999999999999999 0.010500000000000002 10086.591363176611
-0.010499999999999999 0.010500000000000002 11543.121446399764
-0.010000000000000002 0.010500000000000002 13048.939503227435
-0.0095000000000000015 0.010500000000000002 14571.981716162187
-0.0090000000000000011 0.010500000000000002 16070.762978830073
-0.0085000000000000006 0.010500000000000002 17495.306984118495
-0.0080000000000000002 0.010500000000000002 18790.509780597367
-0.0074999999999999997 0.010500000000000002 19901.98030477672
-0.0069999999999999993 0.010500000000000002 20783.656193117673
-0.0064999999999999988 0.010500000000000002 21405.783412737899
-0.0059999999999999984 0.010500000000000002 21761.414076391062
-0.0054999999999999979 0.010500000000000002 21869.608086139986
-0.005000000000000001 0.010500000000000002 21774.087650908903
-0.0044999999999999971 0.010500000000000002 21537.094217259029
-0.0040000000000000001 0.010500000000000002 21229.391250803124
-0.0035000000000000031 0.010500000000000002 20918.415378873306
-0.0029999999999999992 0.010500000000000002 20657.186442075734
-0.0025000000000000022 0.010500000000000002 20476.538246374806
-0.0019999999999999983 0.010500000000000002 20382.499399881897
-0.0015000000000000013 0.010500000000000002 20359.405652833379
-0.00099999999999999742 0.010500000000000002 20377.882575994019
-0.00050000000000000044 0.010500000000000002 20405.585965886188
0 0.010500000000000002 20417.869532435991
0.00050000000000000044 0.010500000000000002 20405.567609747945
0.0010000000000000009 0.010500000000000002 20377.839242470403
0.0015000000000000013 0.010500000000000002 20359.322583238707
0.0020000000000000018 0.010500000000000002 20382.350575197928
0.0024999999999999988 0.010500000000000002 20476.281522302361
0.0030000000000000027 0.010500000000000002 20656.756853188865
0.0034999999999999996 0.010500000000000002 20917.716703042406
0.0040000000000000036 0.010500000000000002 21228.286267693664
0.0045000000000000005 0.010500000000000002 21535.39460053364
0.0049999999999999975 0.010500000000000002 21771.545056266496
0.0055000000000000014 0.010500000000000002 21865.908628352176
0.0059999999999999984 0.010500000000000002 21756.178856739672
0.0064999999999999988 0.010500000000000002 21398.577850008689
0.0069999999999999993 0.010500000000000002 20774.01041790676
0.0074999999999999997 0.010500000000000002 19889.421664309113
0.0080000000000000002 0.010500000000000002 18774.606585719033
0.0085000000000000006 0.010500000000000002 17475.720233309647
0.0090000000000000011 0.010500000000000002 16047.300349498137
0.0095000000000000015 0.010500000000000002 14544.646203362643
0.010000000000000002 0.010500000000000002 13017.964309184614
0.010500000000000002 0.010500000000000002 11508.983522156141
0.011000000000000003 0.010500000000000002 10049.998495153484
0.011500000000000003 0.010500000000000002 8664.731961856889
0.012000000000000004 0.010500000000000002 7370.1343812986024
0.012499999999999997 0.010500000000000002 6178.2752347692804
0.013000000000000005 0.010500000000000002 5097.7415957349795
0.013499999999999998 0.010500000000000002 4134.3152751706366
0.014000000000000005 0.010500000000000002 3291.0208018069761
0.014499999999999999 0.010500000000000002 2567.8355686818541
0.014999999999999999 0.010500000000000002 1961.4027263629614
0.0155 0.010500000000000002 1465.0121492178466
0.016000000000000007 0.010500000000000002 1068.9718965601573
0.016500000000000001 0.010500000000000002 761.34415286500371
0.017000000000000001 0.010500000000000002 528.91220069927215
0.017500000000000002 0.010500000000000002 358.19954361102384
0.017999999999999995 0.010500000000000002 236.37536068988783
0.018500000000000003 0.010500000000000002 151.93253520293942
0.019000000000000003 0.010500000000000002 95.090851750815474
0.019500000000000003 0.010500000000000002 57.937606681416291
0.019999999999999997 0.010500000000000002 34.358347156526641
0.020499999999999997 0.010500000000000002 19.828382279220044
0.021000000000000005 0.010500000000000002 11.134556797428223
0.021500000000000005 0.010500000000000002 6.083417695768806
0.021999999999999999 0.010500000000000002 3.2335428261385988
0.022499999999999999 0.010500000000000002 1.6720146631543671
0.023000000000000007 0.010500000000000002 0.8410305026801741
0.023500000000000007 0.010500000000000002 0.41150742599894469
0.024 0.010500000000000002 0.19585080316652445
0.024500000000000001 0.010500000000000002 0.090666106454961426
0.025000000000000001 0.010500000000000002 0.040825244875762785
-0.025000000000000001 0.011000000000000003 0.033144275919998037
-0.024500000000000001 0.011000000000000003 0.073273672203770721
-0.024 0.011000000000000003 0.15762365499392894
-0.0235 0.011000000000000003 0.32993311048402241
-0.023 0.011000000000000003 0.67198889448758081
-0.022500000000000003 0.011000000000000003 1.3317871876209231
-0.022000000000000002 0.011000000000000003 2.5683492557734371
-0.021500000000000002 0.011000000000000003 4.8198779322863086
-0.021000000000000001 0.011000000000000003 8.802469992981317
-0.020500000000000001 0.011000000000000003 15.645624364175253
-0.02 0.011000000000000003 27.067367788708101
-0.0195 0.011000000000000003 45.585143425172092
-0.019 0.011000000000000003 74.74842851353452
-0.018500000000000003 0.011000000000000003 119.36624193793519
-0.018000000000000002 0.011000000000000003 185.68974257064698
-0.017500000000000002 0.011000000000000003 281.5011553730177
-0.017000000000000001 0.011000000000000003 416.06048400626759
-0.016500000000000001 0.011000000000000003 599.87553044149718
-0.016 0.011000000000000003 844.29039485080114
-0.0155 0.011000000000000003 1160.9292215723849
-0.015000000000000001 0.011000000000000003 1561.0749778499667
-0.014500000000000001 0.011000000000000003 2055.09108450238
-0.014 0.011000000000000003 2651.9887448582831
-0.0135 0.011000000000000003 3359.192621975074
-0.012999999999999999 0.011000000000000003 4182.4641749328975
-0.012500000000000001 0.011000000000000003 5125.8278705844959
-0.012 0.011000000000000003 6191.2527286271397
-0.0115 0.011000000000000003 7377.8220487229628
-0.010999999999999999 0.011000000000000003 8680.2204979721064
-0.010499999999999999 0.011000000000000003 10086.591363176605
-0.010000000000000002 0.011000000000000003 11576.130393717141
-0.0095000000000000015 0.011000000000000003 13117.097905793131
-0.0090000000000000011 0.011000000000000003 14666.126729667696
-0.0085000000000000006 0.011000000000000003 16169.664529408345
-0.0080000000000000002 0.011000000000000003 17568.05154177326
-0.0074999999999999997 0.011000000000000003 18802.126155247886
-0.0069999999999999993 0.011000000000000003 19821.501651775685
-0.0064999999999999988 0.011000000000000003 20592.977900653223
-0.0059999999999999984 0.011000000000000003 21107.172855170251
-0.0054999999999999979 0.011000000000000003 21381.556027719085
-0.005000000000000001 0.011000000000000003 21458.69147397752
-0.0044999999999999971 0.011000000000000003 21399.54428868349
-0.0040000000000000001 0.011000000000000003 21272.921679258518
-0.0035000000000000031 0.011000000000000003 21143.177460884111
-0.0029999999999999992 0.011000000000000003 21058.893499741425
-0.0025000000000000022 0.011000000000000003 21045.162472667766
-0.0019999999999999983 0.011000000000000003 21101.313038983251
-0.0015000000000000013 0.011000000000000003 21204.616925184575
-0.00099999999999999742 0.011000000000000003 21319.026952117514
-0.00050000000000000044 0.011000000000000003 21406.710016770976
0 0.011000000000000003 21439.409120355023
0.00050000000000000044 0.011000000000000003 21406.699914686305
0.0010000000000000009 0.011000000000000003 21319.00310402273
0.0015000000000000013 0.011000000000000003 21204.571208810696
0.0020000000000000018 0.011000000000000003 21101.231135069771
0.0024999999999999988 0.011000000000000003 21045.021187595579
0.0030000000000000027 0.011000000000000003 21058.657080552864
0.0034999999999999996 0.011000000000000003 21142.792952862485
0.0040000000000000036 0.011000000000000003 21272.313564807493
0.0045000000000000005 0.011000000000000003 21398.608924619501
0.0049999999999999975 0.011000000000000003 21457.292186936938
0.0055000000000000014 0.011000000000000003 21379.52007466022
0.0059999999999999984 0.011000000000000003 21104.291713642382
0.0064999999999999988 0.011000000000000003 20589.012403999175
0.0069999999999999993 0.011000000000000003 19816.193212898383
0.0074999999999999997 0.011000000000000003 18795.214655254716
0.0080000000000000002 0.011000000000000003 17559.299405618356
0.0085000000000000006 0.011000000000000003 16158.885191594614
0.0090000000000000011 0.011000000000000003 14653.214347719533
0.0095000000000000015 0.011000000000000003 13102.054128004078
0.010000000000000002 0.011000000000000003 11559.083560187069
0.010500000000000002 0.011000000000000003 10067.803958299042
0.011000000000000003 0.011000000000000003 8660.0820436749018
0.011500000000000003 0.011000000000000003 7356.826765520098
0.012000000000000004 0.011000000000000003 6169.963809852974
0.012499999999999997 0.011000000000000003 5104.832587381643
0.013000000000000005 0.011000000000000003 4162.325720635683
0.013499999999999998 0.011000000000000003 3340.4052170975033
0.014000000000000005 0.011000000000000003 2634.941911328146
0.014499999999999999 0.011000000000000003 2040.0473067131663
0.014999999999999999 0.011000000000000003 1548.1625959013056
0.0155 0.011000000000000003 1150.1498837570969
0.016000000000000007 0.011000000000000003 835.53825869112836
0.016500000000000001 0.011000000000000003 592.96403043407281
0.017000000000000001 0.011000000000000003 410.75204508744901
0.017500000000000002 0.011000000000000003 277.53565860133125
0.017999999999999995 0.011000000000000003 182.80860071854519
0.018500000000000003 0.011000000000000003 117.33028800988285
0.019000000000000003 0.011000000000000003 73.34913920667158
0.019500000000000003 0.011000000000000003 44.649773614077304
0.019999999999999997 0.011000000000000003 26.459239162762533
0.020499999999999997 0.011000000000000003 15.261082338664933
0.021000000000000005 0.011000000000000003 8.5659714680161514
0.021500000000000005 0.011000000000000003 4.6784128268345961
0.021999999999999999 0.011000000000000003 2.4860479959368025
0.022499999999999999 0.011000000000000003 1.2852178668867231
0.023000000000000007 0.011000000000000003 0.64636001684220856
0.023500000000000007 0.011000000000000003 0.31621496082422307
0.024 0.011000000000000003 0.15048201835674418
0.024500000000000001 0.011000000000000003 0.069657607213205117
0.025000000000000001 0.011000000000000003 0.031363493050231159
-0.025000000000000001 0.011500000000000003 0.024389231443723187
-0.024500000000000001 0.011500000000000003 0.053990744084894113
-0.024 0.011500000000000003 0.11628979368046274
-0.0235 0.011500000000000003 0.24370688814949926
-0.023 0.011500000000000003 0.49694104783779935
-0.022500000000000003 0.011500000000000003 0.98597236262284937
-0.022000000000000002 0.011500000000000003 1.9035551736488279
-0.021500000000000002 0.011500000000000003 3.5762892989870503
-0.021000000000000001 0.011500000000000003 6.5388470555402076
-0.020500000000000001 0.011500000000000003 11.636371085411527
-0.02 0.011500000000000003 20.157776797288651
-0.0195 0.011500000000000003 33.998127790055612
-0.019 0.011500000000000003 55.841259942934563
-0.018500000000000003 0.011500000000000003 89.345082423650794
-0.018000000000000002 0.011500000000000003 139.30328587437756
-0.017500000000000002 0.011500000000000003 211.7514867881155
-0.017000000000000001 0.011500000000000003 313.98668332307119
-0.016500000000000001 0.011500000000000003 454.4792204376422
-0.016 0.011500000000000003 642.67680076146246
-0.0155 0.011500000000000003 888.72681874952741
-0.015000000000000001 0.011500000000000003 1203.1678406481492
-0.014500000000000001 0.011500000000000003 1596.650957163974
-0.014 0.011500000000000003 2079.7344690027812
-0.0135 0.011500000000000003 2662.7443388062484
-0.012999999999999999 0.011500000000000003 3355.6139511428319
-0.012500000000000001 0.011500000000000003 4167.5323998651193
-0.012 0.011500000000000003 5106.1780010491966
-0.0115 0.011500000000000003 6176.3354466302453
-0.010999999999999999 0.011500000000000003 7377.822048722961
-0.010499999999999999 0.011500000000000003 8702.8817431664229
-0.010000000000000002 0.011500000000000003 10133.502150462597
-0.0095000000000000015 0.011500000000000003 11639.383820152172
-0.0090000000000000011 0.011500000000000003 13177.430847851307
-0.0085000000000000006 0.011500000000000003 14693.537956194634
-0.0080000000000000002 0.011500000000000003 16127.073171941896
-0.0074999999999999997 0.011500000000000003 17417.835817732259
-0.0069999999999999993 0.011500000000000003 18514.54007548029
-0.0064999999999999988 0.011500000000000003 19383.238428314977
-0.0059999999999999984 0.011500000000000003 20013.774565912034
-0.0054999999999999979 0.011500000000000003 20422.502012273781
-0.005000000000000001 0.011500000000000003 20650.161956494201
-0.0044999999999999971 0.011500000000000003 20754.868498011547
-0.0040000000000000001 0.011500000000000003 20801.352545192593
-0.0035000000000000031 0.011500000000000003 20848.644083295028
-0.0029999999999999992 0.011500000000000003 20938.922071277608
-0.0025000000000000022 0.011500000000000003 21090.139517683227
-0.0019999999999999983 0.011500000000000003 21294.22333830969
-0.0015000000000000013 0.011500000000000003 21521.331968856062
-0.00099999999999999742 0.011500000000000003 21729.157110948334
-0.00050000000000000044 0.011500000000000003 21874.972070567943
0 0.011500000000000003 21927.406047047865
0.00050000000000000044 0.011500000000000003 21874.966663311665
0.0010000000000000009 0.011500000000000003 21729.144345983052
0.0015000000000000013 0.011500000000000003 21521.307498644474
0.0020000000000000018 0.011500000000000003 21294.179498303954
0.0024999999999999988 0.011500000000000003 21090.063893233659
0.0030000000000000027 0.011500000000000003 20938.795525205005
0.0034999999999999996 0.011500000000000003 20848.438270982093
0.0040000000000000036 0.011500000000000003 20801.027044982828
0.0045000000000000005 0.011500000000000003 20754.367833706463
0.0049999999999999975 0.011500000000000003 20649.412972113947
0.0055000000000000014 0.011500000000000003 20421.41224513109
0.0059999999999999984 0.011500000000000003 20012.232401982059
0.0064999999999999988 0.011500000000000003 19381.115850911141
0.0069999999999999993 0.011500000000000003 18511.698672903622
0.0074999999999999997 0.011500000000000003 17414.136358372711
0.0080000000000000002 0.011500000000000003 16122.388491041038
0.0085000000000000006 0.011500000000000003 14687.76819243797
0.0090000000000000011 0.011500000000000003 13170.519347844156
0.0095000000000000015 0.011500000000000003 11631.331466162486
0.010000000000000002 0.011500000000000003 10124.377637995569
0.010500000000000002 0.011500000000000003 8692.8255699934944
0.011000000000000003 0.011500000000000003 7367.0427109076736
0.011500000000000003 0.011500000000000003 6165.0974813509192
0.012000000000000004 0.011500000000000003 5094.7828639745103
0.012499999999999997 0.011500000000000003 4156.2944345858032
0.013000000000000005 0.011500000000000003 3344.8346133275395
0.013499999999999998 0.011500000000000003 2652.6881656333153
0.014000000000000005 0.011500000000000003 2070.6099565357144
0.014499999999999999 0.011500000000000003 1588.5986031741986
0.014999999999999999 0.011500000000000003 1196.2563406407269
0.0155 0.011500000000000003 882.95705499202768
0.016000000000000007 0.011500000000000003 637.99211985804254
0.016500000000000001 0.011500000000000003 450.7797610704593
0.017000000000000001 0.011500000000000003 311.14528072417858
0.017500000000000002 0.011500000000000003 209.62890932131515
0.017999999999999995 0.011500000000000003 137.76112177085599
0.018500000000000003 0.011500000000000003 88.255314815722656
0.019000000000000003 0.011500000000000003 55.092274349631715
0.019500000000000003 0.011500000000000003 33.497460408775446
0.019999999999999997 0.011500000000000003 19.832269000241755
0.020499999999999997 0.011500000000000003 11.430540571511301
0.021000000000000005 0.011500000000000003 6.4122585172247151
0.021500000000000005 0.011500000000000003 3.5005684845573732
0.021999999999999999 0.011500000000000003 1.8595024837397613
0.022499999999999999 0.011500000000000003 0.96104560148150187
0.023000000000000007 0.011500000000000003 0.48322289817799841
0.023500000000000007 0.011500000000000003 0.2363640917659571
0.024 0.011500000000000003 0.11246715105207966
0.024500000000000001 0.011500000000000003 0.05205520397242646
0.025000000000000001 0.011500000000000003 0.023436047060969623
-0.025000000000000001 0.012000000000000004 0.017530210939672223
-0.024500000000000001 0.012000000000000004 0.038846802910313658
-0.024 0.012000000000000004 0.083753862758188163
-0.0235 0.012000000000000004 0.17568898312339332
-0.023 0.012000000000000004 0.35858152684420203
-0.022500000000000003 0.012000000000000004 0.71212229771988356
-0.022000000000000002 0.012000000000000004 1.3761683690733562
-0.021500000000000002 0.012000000000000004 2.5880647127989107
-0.021000000000000001 0.012000000000000004 4.7371049223261004
-0.020500000000000001 0.012000000000000004 8.4400923904153391
-0.02 0.012000000000000004 14.640551256876341
-0.0195 0.012000000000000004 24.731203214318661
-0.019 0.012000000000000004 40.694807544610889
-0.018500000000000003 0.012000000000000004 65.25286504266802
-0.018000000000000002 0.012000000000000004 102.00628678752746
-0.017500000000000002 0.012000000000000004 155.54892735193314
-0.017000000000000001 0.012000000000000004 231.53615643667706
-0.016500000000000001 0.012000000000000004 336.69800984015126
-0.016 0.012000000000000004 478.79959293140774
-0.0155 0.012000000000000004 666.56685229840616
-0.015000000000000001 0.012000000000000004 909.60663620322987
-0.014500000000000001 0.012000000000000004 1218.3469187856379
-0.014 0.012000000000000004 1603.9979271973093
-0.0135 0.012000000000000004 2078.4852648297765
-0.012999999999999999 0.012000000000000004 2654.2402961735038
-0.012500000000000001 0.012000000000000004 3343.6726682499202
-0.012 0.012000000000000004 4158.1273239713491
-0.0115 0.012000000000000004 5106.1780010491966
-0.010999999999999999 0.012000000000000004 6191.2527286271388
-0.010499999999999999 0.012000000000000004 7408.8177173462018
-0.010000000000000002 0.012000000000000004 8743.6192690448206
-0.0095000000000000015 0.012000000000000004 10167.717405501327
-0.0090000000000000011 0.012000000000000004 11640.139985872031
-0.0085000000000000006 0.012000000000000004 13108.856165486854
-0.0080000000000000002 0.012000000000000004 14515.378326040618
-0.0074999999999999997 0.012000000000000004 15801.697006140774
-0.0069999999999999993 0.012000000000000004 16918.564538343595
-0.0064999999999999988 0.012000000000000004 17833.561923334135
-0.0059999999999999984 0.012000000000000004 18537.110701206653
-0.0054999999999999979 0.012000000000000004 19044.77090418978
-0.005000000000000001 0.012000000000000004 19394.826433842685
-0.0044999999999999971 0.012000000000000004 19641.186678308346
-0.0040000000000000001 0.012000000000000004 19842.787577270541
-0.0035000000000000031 0.012000000000000004 20051.648935234709
-0.0029999999999999992 0.012000000000000004 20302.249194837939
-0.0025000000000000022 0.012000000000000004 20604.733451353935
-0.0019999999999999983 0.012000000000000004 20943.664292521255
-0.0015000000000000013 0.012000000000000004 21282.731711458306
-0.00099999999999999742 0.012000000000000004 21574.376882352561
-0.00050000000000000044 0.012000000000000004 21772.03587272517
0 0.012000000000000004 21842.011414531378
0.00050000000000000044 0.012000000000000004 21772.033057720197
0.0010000000000000009 0.012000000000000004 21574.370236941479
0.0015000000000000013 0.012000000000000004 21282.718972323364
0.0020000000000000018 0.012000000000000004 20943.641469516773
0.0024999999999999988 0.012000000000000004 20604.694081442307
0.0030000000000000027 0.012000000000000004 20302.183315248425
0.0034999999999999996 0.012000000000000004 20051.54178982582
0.0040000000000000036 0.012000000000000004 19842.618122622411
0.0045000000000000005 0.012000000000000004 19640.926033641765
0.0049999999999999975 0.012000000000000004 19394.436514325596
0.0055000000000000014 0.012000000000000004 19044.203573963379
0.0059999999999999984 0.012000000000000004 18536.307854270584
0.0064999999999999988 0.012000000000000004 17832.456914500697
0.0069999999999999993 0.012000000000000004 16917.085310805935
0.0074999999999999997 0.012000000000000004 15799.771076248247
0.0080000000000000002 0.012000000000000004 14512.939492117328
0.0085000000000000006 0.012000000000000004 13105.852439965973
0.0090000000000000011 0.012000000000000004 11636.541875128745
0.0095000000000000015 0.012000000000000004 10163.525368842273
0.010000000000000002 0.012000000000000004 8738.8690691893789
0.010500000000000002 0.012000000000000004 7403.5824971056672
0.011000000000000003 0.012000000000000004 6185.6410305646914
0.011500000000000003 0.012000000000000004 5100.3275426013297
0.012000000000000004 0.012000000000000004 4152.1950422543177
0.012499999999999997 0.012000000000000004 3337.8222098020638
0.013000000000000005 0.012000000000000004 2648.6285981110523
0.013499999999999998 0.012000000000000004 2073.2500445892406
0.014000000000000005 0.012000000000000004 1599.2477273418406
0.014499999999999999 0.012000000000000004 1214.1548821265335
0.014999999999999999 0.012000000000000004 906.00852545979933
0.0155 0.012000000000000004 663.56312677708308
0.016000000000000007 0.012000000000000004 476.36075900678298
0.016500000000000001 0.012000000000000004 334.77207994365227
0.017000000000000001 0.012000000000000004 230.05692888744622
0.017500000000000002 0.012000000000000004 154.44391848571635
0.017999999999999995 0.012000000000000004 101.20343976111432
0.018500000000000003 0.012000000000000004 64.685534574069536
0.019000000000000003 0.012000000000000004 40.304887396011573
0.019500000000000003 0.012000000000000004 24.470556946282041
0.019999999999999997 0.012000000000000004 14.471092658834349
0.020499999999999997 0.012000000000000004 8.3329375061507172
0.021000000000000005 0.012000000000000004 4.6712032252676972
0.021500000000000005 0.012000000000000004 2.5486446338568283
0.021999999999999999 0.012000000000000004 1.3532346417104635
0.022499999999999999 0.012000000000000004 0.69914548415332156
0.023000000000000007 0.012000000000000004 0.35143989020701355
0.023500000000000007 0.012000000000000004 0.17186634049500871
0.024 0.012000000000000004 0.081763803943934815
0.024500000000000001 0.012000000000000004 0.037839165253432699
0.025000000000000001 0.012000000000000004 0.017033985378741425
-0.025000000000000001 0.012499999999999997 0.012294125380458317
-0.024500000000000001 0.012499999999999997 0.027265712492356375
-0.024 0.012499999999999997 0.058831447825408445
-0.0235 0.012499999999999997 0.12350672939012655
-0.023 0.012499999999999997 0.25227891246012202
-0.022500000000000003 0.012499999999999997 0.5014281573693653
-0.022000000000000002 0.012499999999999997 0.96986496614948414
-0.021500000000000002 0.012499999999999997 1.8257334256869959
-0.021000000000000001 0.012499999999999997 3.3454146826390887
-0.020500000000000001 0.012499999999999997 5.9680112784930062
-0.02 0.012499999999999997 10.367612817359912
-0.0195 0.012499999999999997 17.543913155543702
-0.019 0.012499999999999997 28.929060279782309
-0.018500000000000003 0.012499999999999997 46.505349437626883
-0.018000000000000002 0.012499999999999997 72.925388152243585
-0.017500000000000002 0.012499999999999997 111.6249575095832
-0.017000000000000001 0.012499999999999997 166.92030425942698
-0.016500000000000001 0.012499999999999997 244.08670277833161
-0.016 0.012499999999999997 349.42294203322234
-0.0155 0.012499999999999997 490.31372665475135
-0.015000000000000001 0.012499999999999997 675.30328870944243
-0.014500000000000001 0.012499999999999997 914.18212215072606
-0.014 0.012499999999999997 1218.0596366920472
-0.0135 0.012499999999999997 1599.3491158004049
-0.012999999999999999 0.012499999999999997 2071.537202346954
-0.012500000000000001 0.012499999999999997 2648.5683119326532
-0.012 0.012499999999999997 3343.6726682499302
-0.0115 0.012499999999999997 4167.5323998651311
-0.010999999999999999 0.012499999999999997 5125.8278705845087
-0.010499999999999999 0.012499999999999997 6216.4250160788224
-0.010000000000000002 0.012499999999999997 7426.7094366721522
-0.0095000000000000015 0.012499999999999997 8731.7696172748801
-0.0090000000000000011 0.012499999999999997 10094.19190970152
-0.0085000000000000006 0.012499999999999997 11466.081263502583
-0.0080000000000000002 0.012499999999999997 12793.539482243516
-0.0074999999999999997 0.012499999999999997 14023.264414963771
-0.0069999999999999993 0.012499999999999997 15110.302236894939
-0.0064999999999999988 0.012499999999999997 16025.466760506215
-0.0059999999999999984 0.012499999999999997 16760.715515103275
-0.0054999999999999979 0.012499999999999997 17330.96879204888
-0.005000000000000001 0.012499999999999997 17771.495656523322
-0.0044999999999999971 0.012499999999999997 18130.960405056296
-0.0040000000000000001 0.012499999999999997 18461.299234042548
-0.0035000000000000031 0.012499999999999997 18806.494300980426
-0.0029999999999999992 0.012499999999999997 19192.764166976373
-0.0025000000000000022 0.012499999999999997 19622.529601060774
-0.0019999999999999983 0.012499999999999997 20073.733969398956
-0.0015000000000000013 0.012499999999999997 20504.862586939711
-0.00099999999999999742 0.012499999999999997 20864.61675783234
-0.00050000000000000044 0.012499999999999997 21104.015707209834
0 0.012499999999999997 21188.043188335694
0.00050000000000000044 0.012499999999999997 21104.014281872554
0.0010000000000000009 0.012499999999999997 20864.613393024018
0.0015000000000000013 0.012499999999999997 20504.856136661965
0.0020000000000000018 0.012499999999999997 20073.722413298903
0.0024999999999999988 0.012499999999999997 19622.509666672293
0.0030000000000000027 0.012499999999999997 19192.730809793786
0.0034999999999999996 0.012499999999999997 18806.440049443743
0.0040000000000000036 0.012499999999999997 18461.213433118788
0.0045000000000000005 0.012499999999999997 18130.828431378312
0.0049999999999999975 0.012499999999999997 17771.298226384191
0.0055000000000000014 0.012499999999999997 17330.681532548846
0.0059999999999999984 0.012499999999999997 16760.309005104824
0.0064999999999999988 0.012499999999999997 16024.907255177133
0.0069999999999999993 0.012499999999999997 15109.553251307496
0.0074999999999999997 0.012499999999999997 14022.28924806402
0.0080000000000000002 0.012499999999999997 12792.304613765067
0.0085000000000000006 0.012499999999999997 11464.560370288727
0.0090000000000000011 0.012499999999999997 10092.37005807955
0.0095000000000000015 0.012499999999999997 8729.647039808111
0.010000000000000002 0.012499999999999997 7424.3042412991472
0.010500000000000002 0.012499999999999997 6213.7742376100414
0.011000000000000003 0.012499999999999997 5122.9864679856146
0.011500000000000003 0.012499999999999997 4164.570104379256
0.012000000000000004 0.012499999999999997 3340.6689427286065
0.012499999999999997 0.012499999999999997 2645.6060164467867
0.013000000000000005 0.012499999999999997 2068.6957997480586
0.013499999999999998 0.012499999999999997 1596.6983373316259
0.014000000000000005 0.012499999999999997 1215.6544413190263
0.014499999999999999 0.012499999999999997 912.05954468392781
0.014999999999999999 0.012499999999999997 673.48143708739985
0.0155 0.012499999999999997 488.79283344067079
0.016000000000000007 0.012499999999999997 348.18807355409479
0.016500000000000001 0.012499999999999997 243.11153587656685
0.017000000000000001 0.012499999999999997 166.17131866612431
0.017500000000000002 0.012499999999999997 111.0654521639057
0.017999999999999995 0.012499999999999997 72.518878108050743
0.018500000000000003 0.012499999999999997 46.218089814965808
0.019000000000000003 0.012499999999999997 28.731629820897727
0.019500000000000003 0.012499999999999997 17.411938666690311
0.019999999999999997 0.012499999999999997 10.281809893624013
0.020499999999999997 0.012499999999999997 5.9137549440920258
0.021000000000000005 0.012499999999999997 3.3120463062208718
0.021500000000000005 0.012499999999999997 1.8057736357075347
0.021999999999999999 0.012499999999999997 0.95825280316315697
0.022499999999999999 0.012499999999999997 0.49485753447001402
0.023000000000000007 0.012499999999999997 0.24866284746955369
0.023500000000000007 0.012499999999999997 0.12157118927765781
0.024 0.012499999999999997 0.057823810168527487
0.024500000000000001 0.012499999999999997 0.026755509658001705
0.025000000000000001 0.012499999999999997 0.01204286870506787
-0.025000000000000001 0.013000000000000005 0.00840578609132424
-0.024500000000000001 0.013000000000000005 0.018654531890855787
-0.024 0.013000000000000005 0.040277877779643242
-0.0235 0.013000000000000005 0.084614904337894425
-0.023 0.013000000000000005 0.17296345762635321
-0.022500000000000003 0.013000000000000005 0.34405452683368798
-0.022000000000000002 0.013000000000000005 0.66606281858324268
-0.021500000000000002 0.013000000000000005 1.255110073263326
-0.021000000000000001 0.013000000000000005 2.3025466620538766
-0.020500000000000001 0.013000000000000005 4.1133729868563735
-0.02 0.013000000000000005 7.1578151634206462
-0.0195 0.013000000000000005 12.137178878024189
-0.019 0.013000000000000005 20.063698121398705
-0.018500000000000003 0.013000000000000005 32.352447952143201
-0.018000000000000002 0.013000000000000005 50.922074470954058
-0.017500000000000002 0.013000000000000005 78.300887482296559
-0.017000000000000001 0.013000000000000005 117.73644155066432
-0.016500000000000001 0.013000000000000005 173.31016038089896
-0.016 0.013000000000000005 250.06265827282343
-0.0155 0.013000000000000005 354.13732473443253
-0.015000000000000001 0.013000000000000005 492.94509623659371
-0.014500000000000001 0.013000000000000005 675.33742647629788
-0.014 0.013000000000000005 911.74451206671063
-0.0135 0.013000000000000005 1214.1940203416252
-0.012999999999999999 0.013000000000000005 1596.0816836136153
-0.012500000000000001 0.013000000000000005 2071.5372023469445
-0.012 0.013000000000000005 2654.2402961735011
-0.0115 0.013000000000000005 3355.6139511428296
-0.010999999999999999 0.013000000000000005 4182.4641749328939
-0.010499999999999999 0.013000000000000005 5134.3344637581122
-0.010000000000000002 0.013000000000000005 6201.0569093113363
-0.0095000000000000015 0.013000000000000005 7361.1439231628265
-0.0090000000000000011 0.013000000000000005 8581.6990490348489
-0.0085000000000000006 0.013000000000000005 9820.3720256266224
-0.0080000000000000002 0.013000000000000005 11029.525276917087
-0.0074999999999999997 0.013000000000000005 12162.262940036038
-0.0069999999999999993 0.013000000000000005 13179.411750882824
-0.0064999999999999988 0.013000000000000005 14056.092557657639
-0.0059999999999999984 0.013000000000000005 14786.341271820755
-0.0054999999999999979 0.013000000000000005 15384.438222095476
-0.005000000000000001 0.013000000000000005 15882.199583330143
-0.0044999999999999971 0.013000000000000005 16322.371940426359
-0.0040000000000000001 0.013000000000000005 16749.246692765537
-0.0035000000000000031 0.013000000000000005 17198.416557742683
-0.0029999999999999992 0.013000000000000005 17687.991119739097
-0.0025000000000000022 0.013000000000000005 18213.422593132065
-0.0019999999999999983 0.013000000000000005 18747.36090931471
-0.0015000000000000013 0.013000000000000005 19244.810533721156
-0.00099999999999999742 0.013000000000000005 19652.577055100952
-0.00050000000000000044 0.013000000000000005 19920.900985728491
0 0.013000000000000005 20014.574642029362
0.00050000000000000044 0.013000000000000005 19920.900283800784
0.0010000000000000009 0.013000000000000005 19652.575398053017
0.0015000000000000013 0.013000000000000005 19244.807357189718
0.0020000000000000018 0.013000000000000005 18747.355218348122
0.0024999999999999988 0.013000000000000005 18213.412776157638
0.0030000000000000027 0.013000000000000005 17687.974692517928
0.0034999999999999996 0.013000000000000005 17198.389840798314
0.0040000000000000036 0.013000000000000005 16749.204438874731
0.0045000000000000005 0.013000000000000005 16322.306948103031
0.0049999999999999975 0.013000000000000005 15882.102356037305
0.0055000000000000014 0.013000000000000005 15384.296757050408
0.0059999999999999984 0.013000000000000005 14786.141080163932
0.0064999999999999988 0.013000000000000005 14055.817021264302
0.0069999999999999993 0.013000000000000005 13179.042902229023
0.0074999999999999997 0.013000000000000005 12161.782705163389
0.0080000000000000002 0.013000000000000005 11028.917148291477
0.0085000000000000006 0.013000000000000005 9819.6230400334334
0.0090000000000000011 0.013000000000000005 8580.8018521735885
0.0095000000000000015 0.013000000000000005 7360.0986295626226
0.010000000000000002 0.013000000000000005 6199.8724364852505
0.010500000000000002 0.013000000000000005 5133.0290500276978
0.011000000000000003 0.013000000000000005 4181.0648856260304
0.011500000000000003 0.013000000000000005 3354.1551264064938
0.012000000000000004 0.013000000000000005 2652.7610686242706
0.012499999999999997 0.013000000000000005 2070.0783776106164
0.013000000000000005 0.013000000000000005 1594.6823943067504
0.013499999999999998 0.013000000000000005 1212.8886066112138
0.014000000000000005 0.013000000000000005 910.56003924061531
0.014499999999999999 0.013000000000000005 674.29213287607604
0.014999999999999999 0.013000000000000005 492.04789937529472
0.0155 0.013000000000000005 353.38833914113013
0.016000000000000007 0.013000000000000005 249.45452964687672
0.016500000000000001 0.013000000000000005 172.8299255072568
0.017000000000000001 0.013000000000000005 117.36759289397943
0.017500000000000002 0.013000000000000005 78.025351080786947
0.017999999999999995 0.013000000000000005 50.721882791607833
0.018500000000000003 0.013000000000000005 32.210982846691515
0.019000000000000003 0.013000000000000005 19.966470671098669
0.019500000000000003 0.013000000000000005 12.072186155379683
0.019999999999999997 0.013000000000000005 7.115560287702583
0.020499999999999997 0.013000000000000005 4.0866536797837201
0.021000000000000005 0.013000000000000005 2.2861139283301859
0.021500000000000005 0.013000000000000005 1.2452805895089398
0.021999999999999999 0.013000000000000005 0.66034424300981021
0.022499999999999999 0.013000000000000005 0.34081872970797505
0.023000000000000007 0.013000000000000005 0.1711826747565845
0.023500000000000007 0.013000000000000005 0.083661719955140115
0.024 0.013000000000000005 0.039781652218712445
0.024500000000000001 0.013000000000000005 0.018403275215465344
0.025000000000000001 0.013000000000000005 0.0082820511516543925
-0.025000000000000001 0.013499999999999998 0.0055998564269857821
-0.024500000000000001 0.013499999999999998 0.012434582001719683
-0.024 0.013499999999999998 0.026864247720952285
-0.0235 0.013499999999999998 0.056472532879465596
-0.023 0.013499999999999998 0.11552018279784775
-0.022500000000000003 0.013499999999999998 0.22997821837722862
-0.022000000000000002 0.013499999999999998 0.44564403424129301
-0.021500000000000002 0.013499999999999998 0.84070550964240576
-0.021000000000000001 0.013499999999999998 1.5443923413269098
-0.020500000000000001 0.013499999999999998 2.7635003423136091
-0.02 0.013499999999999998 4.8185029937768125
-0.0195 0.013499999999999998 8.1906231257369804
-0.019 0.013499999999999998 13.580672567609811
-0.018500000000000003 0.013499999999999998 21.979878487459839
-0.018000000000000002 0.013499999999999998 34.752662321634887
-0.017500000000000002 0.013499999999999998 53.731846989244971
-0.017000000000000001 0.013499999999999998 81.328291015865645
-0.016500000000000001 0.013499999999999998 120.6591783534808
-0.016 0.013499999999999998 175.70085286375513
-0.0155 0.013499999999999998 251.4707033399562
-0.015000000000000001 0.013499999999999998 354.23478385033536
-0.014500000000000001 0.013499999999999998 491.7203294472227
-0.014 0.013499999999999998 673.2838403041136
-0.0135 0.013499999999999998 909.94903590286958
-0.012999999999999999 0.013499999999999998 1214.1940203416295
-0.012500000000000001 0.013499999999999998 1599.3491158004024
-0.012 0.013499999999999998 2078.4852648297801
-0.0115 0.013499999999999998 2662.7443388062529
-0.010999999999999999 0.013499999999999998 3359.1926219750794
-0.010499999999999999 0.013499999999999998 4168.4531994142853
-0.010000000000000002 0.013499999999999998 5082.5543663512917
-0.0095000000000000015 0.013499999999999998 6083.5620151205185
-0.0090000000000000011 0.013499999999999998 7143.5802967422032
-0.0085000000000000006 0.013499999999999998 8226.5575453178662
-0.0080000000000000002 0.013499999999999998 9292.0123589888572
-0.0074999999999999997 0.013499999999999998 10300.341224363059
-0.0069999999999999993 0.013499999999999998 11218.883296454373
-0.0064999999999999988 0.013499999999999998 12027.536190036499
-0.0059999999999999984 0.013499999999999998 12722.575881837885
-0.0054999999999999979 0.013499999999999998 13317.526881966904
-0.005000000000000001 0.013499999999999998 13840.465495896529
-0.0044999999999999971 0.013499999999999998 14327.927839666727
-0.0040000000000000001 0.013499999999999998 14816.454618563626
-0.0035000000000000031 0.013499999999999998 15333.508925407867
-0.0029999999999999992 0.013499999999999998 15889.839428768702
-0.0025000000000000022 0.013499999999999998 16475.197671721839
-0.0019999999999999983 0.013499999999999998 17058.650429843499
-0.0015000000000000013 0.013499999999999998 17593.691903063351
-0.00099999999999999742 0.013499999999999998 18027.203900247667
-0.00050000000000000044 0.013499999999999998 18310.3324608947
0 0.013499999999999998 18408.812137111861
0.00050000000000000044 0.013499999999999998 18310.332124690296
0.0010000000000000009 0.013499999999999998 18027.203106566489
0.0015000000000000013 0.013499999999999998 17593.690381590648
0.0020000000000000018 0.013499999999999998 17058.647704024323
0.0024999999999999988 0.013499999999999998 16475.192969656433
0.0030000000000000027 0.013499999999999998 15889.831560573772
0.0034999999999999996 0.013499999999999998 15333.496128713643
0.0040000000000000036 0.013499999999999998 14816.434380092003
0.0045000000000000005 0.013499999999999998 14327.896710100526
0.0049999999999999975 0.013499999999999998 13840.418926651215
0.0055000000000000014 0.013499999999999998 13317.459124033967
0.0059999999999999984 0.013499999999999998 12722.479995445245
0.0064999999999999988 0.013499999999999998 12027.40421555156
0.0069999999999999993 0.013499999999999998 11218.706627918806
0.0074999999999999997 0.013499999999999998 10300.111204839322
0.0080000000000000002 0.013499999999999998 9291.7210818142921
0.0085000000000000006 0.013499999999999998 8226.1988014630515
0.0090000000000000011 0.013499999999999998 7143.1505636959855
0.0095000000000000015 0.013499999999999998 6083.0613477392499
0.010000000000000002 0.013499999999999998 5081.9870358827011
0.010500000000000002 0.013499999999999998 4167.8279415214283
0.011000000000000003 0.013499999999999998 3358.5224002184646
0.011500000000000003 0.013499999999999998 2662.0456011881029
0.012000000000000004 0.013499999999999998 2077.7767548157208
0.012499999999999997 0.013499999999999998 1598.6503781822585
0.013000000000000005 0.013499999999999998 1213.5237985850129
0.013499999999999998 0.013499999999999998 909.32377801001428
0.014000000000000005 0.013499999999999998 672.71650983551399
0.014499999999999999 0.013499999999999998 491.21966206594379
0.014999999999999999 0.013499999999999998 353.8050508040958
0.0155 0.013499999999999998 251.11195948508632
0.016000000000000007 0.013499999999999998 175.40957568902709
0.016500000000000001 0.013499999999999998 120.42915882926837
0.017000000000000001 0.013499999999999998 81.151622478919137
0.017500000000000002 0.013499999999999998 53.599872500391669
0.017999999999999995 0.013499999999999998 34.656775918206378
0.018500000000000003 0.013499999999999998 21.912120525606976
0.019000000000000003 0.013499999999999998 13.534103246875571
0.019500000000000003 0.013499999999999998 8.1594933682777047
0.019999999999999997 0.013499999999999998 4.7982640504143461
0.020499999999999997 0.013499999999999998 2.7507025164216143
0.021000000000000005 0.013499999999999998 1.5365215060334079
0.021500000000000005 0.013499999999999998 0.83599745260504121
0.021999999999999999 0.013499999999999998 0.44290499110892484
0.022499999999999999 0.013499999999999998 0.22842835901433123
0.023000000000000007 0.013499999999999998 0.11466723593598521
0.023500000000000007 0.013499999999999998 0.056015983323734413
0.024 0.013499999999999998 0.026626569089740659
0.024500000000000001 0.013499999999999998 0.012314236845421067
0.025000000000000001 0.013499999999999998 0.0055405907353139987
-0.025000000000000001 0.014000000000000005 0.003633434617522845
-0.024500000000000001 0.014000000000000005 0.0080724035760406203
-0.024 0.014000000000000005 0.017450226176628066
-0.0235 0.014000000000000005 0.036707213507145592
-0.023 0.014000000000000005 0.075145793826482191
-0.022500000000000003 0.014000000000000005 0.14973579500752446
-0.022000000000000002 0.014000000000000005 0.29046685397434502
-0.021500000000000002 0.014000000000000005 0.54868296439924613
-0.021000000000000001 0.014000000000000005 1.0095570986098175
-0.020500000000000001 0.014000000000000005 1.8100382372305048
-0.02 0.014000000000000005 3.1636894946095553
-0.0195 0.014000000000000005 5.3938243638185162
-0.019 0.014000000000000005 8.9762921710901047
-0.018500000000000003 0.014000000000000005 14.593305884698804
-0.018000000000000002 0.014000000000000005 23.200061779975591
-0.017500000000000002 0.014000000000000005 36.106771395868073
-0.017000000000000001 0.014000000000000005 55.080105627283451
-0.016500000000000001 0.014000000000000005 82.469452187116843
-0.016 0.014000000000000005 121.36357517977144
-0.0155 0.014000000000000005 175.78016348837707
-0.015000000000000001 0.014000000000000005 250.88176299484019
-0.014500000000000001 0.014000000000000005 353.1944914362204
-0.014 0.014000000000000005 490.780412048203
-0.0135 0.014000000000000005 673.28384030411087
-0.012999999999999999 0.014000000000000005 911.74451206670994
-0.012500000000000001 0.014000000000000005 1218.0596366920406
-0.012 0.014000000000000005 1603.9979271973075
-0.0115 0.014000000000000005 2079.734469002779
-0.010999999999999999 0.014000000000000005 2651.988744858279
-0.010499999999999999 0.014000000000000005 3321.9959958498939
-0.010000000000000002 0.014000000000000005 4083.6918319742849
-0.0095000000000000015 0.014000000000000005 4922.5933435796433
-0.0090000000000000011 0.014000000000000005 5815.864279723759
-0.0085000000000000006 0.014000000000000005 6733.9178034383795
-0.0080000000000000002 0.014000000000000005 7643.6308716229059
-0.0074999999999999997 0.014000000000000005 8512.8580022894876
-0.0069999999999999993 0.014000000000000005 9315.5239043781003
-0.0064999999999999988 0.014000000000000005 10036.259338035594
-0.0059999999999999984 0.014000000000000005 10673.437547270863
-0.0054999999999999979 0.014000000000000005 11239.646652453623
-0.005000000000000001 0.014000000000000005 11759.102946477684
-0.0044999999999999971 0.014000000000000005 12262.191645104649
-0.0040000000000000001 0.014000000000000005 12778.059974533684
-0.0035000000000000031 0.014000000000000005 13326.787169608371
-0.0029999999999999992 0.014000000000000005 13912.934886297258
-0.0025000000000000022 0.014000000000000005 14522.126555225028
-0.0019999999999999983 0.014000000000000005 15121.71194766028
-0.0015000000000000013 0.014000000000000005 15665.661836732141
-0.00099999999999999742 0.014000000000000005 16102.823304887563
-0.00050000000000000044 0.014000000000000005 16386.808910394029
0 0.014000000000000005 16485.325415101866
0.00050000000000000044 0.014000000000000005 16386.808753772788
0.0010000000000000009 0.014000000000000005 16102.822935150189
0.0015000000000000013 0.014000000000000005 15665.661127952169
0.0020000000000000018 0.014000000000000005 15121.710677833989
0.0024999999999999988 0.014000000000000005 14522.124364761954
0.0030000000000000027 0.014000000000000005 13912.931220888762
0.0034999999999999996 0.014000000000000005 13326.781208252294
0.0040000000000000036 0.014000000000000005 12778.050546416252
0.0045000000000000005 0.014000000000000005 12262.177143357127
0.0049999999999999975 0.014000000000000005 11759.081252136262
0.0055000000000000014 0.014000000000000005 11239.615087335456
0.0059999999999999984 0.014000000000000005 10673.392878474415
0.0064999999999999988 0.014000000000000005 10036.197857556019
0.0069999999999999993 0.014000000000000005 9315.4416031189066
0.0074999999999999997 0.014000000000000005 8512.7508474054448
0.0080000000000000002 0.014000000000000005 7643.4951797852837
0.0085000000000000006 0.014000000000000005 6733.7506821630241
0.0090000000000000011 0.014000000000000005 5815.664088044422
0.0095000000000000015 0.014000000000000005 4922.3601070512277
0.010000000000000002 0.014000000000000005 4083.4275403629126
0.010500000000000002 0.014000000000000005 3321.7047186751656
0.011000000000000003 0.014000000000000005 2651.6765212111436
0.011500000000000003 0.014000000000000005 2079.408961205731
0.012000000000000004 0.014000000000000005 1603.6678669173511
0.012499999999999997 0.014000000000000005 1217.7341288949981
0.013000000000000005 0.014000000000000005 911.43228841957489
0.013499999999999998 0.014000000000000005 672.99256312938553
0.014000000000000005 0.014000000000000005 490.51612043682451
0.014499999999999999 0.014000000000000005 352.96125490780162
0.014999999999999999 0.014000000000000005 250.68157131549421
0.0155 0.014000000000000005 175.61304221299483
0.016000000000000007 0.014000000000000005 121.22788334207283
0.016500000000000001 0.014000000000000005 82.362297302852255
0.017000000000000001 0.014000000000000005 54.997804367446847
0.017500000000000002 0.014000000000000005 36.04529091447251
0.017999999999999995 0.014000000000000005 23.155392978502768
0.018500000000000003 0.014000000000000005 14.561740753063956
0.019000000000000003 0.014000000000000005 8.9545977945338162
0.019500000000000003 0.014000000000000005 5.3793225272063543
0.019999999999999997 0.014000000000000005 3.1542611574235391
0.020499999999999997 0.014000000000000005 1.8040763539643323
0.021000000000000005 0.014000000000000005 1.0058904601023728
0.021500000000000005 0.014000000000000005 0.54648971011495273
0.021999999999999999 0.014000000000000005 0.28919086729082472
0.022499999999999999 0.014000000000000005 0.14901379107665658
0.023000000000000007 0.014000000000000005 0.074748447459560718
0.023500000000000007 0.014000000000000005 0.036494529323170488
0.024 0.014000000000000005 0.017339503287747832
0.024500000000000001 0.014000000000000005 0.0080163406338223889
0.025000000000000001 0.014000000000000005 0.0036058256206183562
-0.025000000000000001 0.014499999999999999 0.0022955289693201405
-0.024500000000000001 0.014499999999999999 0.0051027137339602052
-0.024 0.014499999999999999 0.011037410093516551
-0.0235 0.014499999999999999 0.023234420700802963
-0.023 0.014499999999999999 0.047605857247307495
-0.022500000000000003 0.014499999999999999 0.094958850434068792
-0.022000000000000002 0.014499999999999999 0.18444262908407363
-0.021500000000000002 0.014499999999999999 0.34895451688929668
-0.021000000000000001 0.014499999999999999 0.64331135986056442
-0.020500000000000001 0.014499999999999999 1.1561668941759493
-0.02 0.014499999999999999 2.0268171818666696
-0.0195 0.014499999999999999 3.4681984225119411
-0.019 0.014499999999999999 5.7975973109659353
-0.018500000000000003 0.014499999999999999 9.4769638108643193
-0.018000000000000002 0.014499999999999999 15.16536211573893
-0.017500000000000002 0.014499999999999999 23.787082378589677
-0.017000000000000001 0.014499999999999999 36.62012339409069
-0.016500000000000001 0.014499999999999999 55.410605234864121
-0.016 0.014499999999999999 82.518072446567317
-0.0155 0.014499999999999999 121.092913459491
-0.015000000000000001 0.014499999999999999 175.27829023578764
-0.014500000000000001 0.014499999999999999 250.41357130508268
-0.014 0.014499999999999999 353.19449143622205
-0.0135 0.014499999999999999 491.7203294472227
-0.012999999999999999 0.014499999999999999 675.33742647630049
-0.012500000000000001 0.014499999999999999 914.18212215072458
-0.012 0.014499999999999999 1218.346918785641
-0.0115 0.014499999999999999 1596.6509571639783
-0.010999999999999999 0.014499999999999999 2055.0910845023841
-0.010499999999999999 0.014499999999999999 2595.1710814816847
-0.010000000000000002 0.014499999999999999 3212.4268193764569
-0.0095000000000000015 0.014499999999999999 3895.5448461485512
-0.0090000000000000011 0.014499999999999999 4626.4688861645282
-0.0085000000000000006 0.014499999999999999 5381.7721146320491
-0.0080000000000000002 0.014499999999999999 6135.3386255336954
-0.0074999999999999997 0.014499999999999999 6862.0782409997464
-0.0069999999999999993 0.014499999999999999 7542.0651450763089
-0.0064999999999999988 0.014499999999999999 8164.2375344246275
-0.0059999999999999984 0.014499999999999999 8728.7165750728473
-0.0054999999999999979 0.014499999999999999 9246.9608925652919
-0.005000000000000001 0.014499999999999999 9739.3716988500782
-0.0044999999999999971 0.014499999999999999 10230.536486978777
-0.0040000000000000001 0.014499999999999999 10742.91605560662
-0.0035000000000000031 0.014499999999999999 11290.277066096325
-0.0029999999999999992 0.014499999999999999 11872.397841334245
-0.0025000000000000022 0.014499999999999999 12472.433727711017
-0.0019999999999999983 0.014499999999999999 13057.817364359833
-0.0015000000000000013 0.014499999999999999 13584.788714195241
-0.00099999999999999742 0.014499999999999999 14005.783312289699
-0.00050000000000000044 0.014499999999999999 14278.176295175621
0 0.014499999999999999 14372.483311357266
0.00050000000000000044 0.014499999999999999 14278.176224212255
0.0010000000000000009 0.014499999999999999 14005.783144765752
0.0015000000000000013 0.014499999999999999 13584.788393054821
0.0020000000000000018 0.014499999999999999 13057.816789015484
0.0024999999999999988 0.014499999999999999 12472.432735236256
0.0030000000000000027 0.014499999999999999 11872.396180577905
0.0034999999999999996 0.014499999999999999 11290.274365071356
0.0040000000000000036 0.014499999999999999 10742.911783830152
0.0045000000000000005 0.014499999999999999 10230.529916396239
0.0049999999999999975 0.014499999999999999 9739.3618693822445
0.0055000000000000014 0.014499999999999999 9246.9465907569174
0.0059999999999999984 0.014499999999999999 8728.6963361317576
0.0064999999999999988 0.014499999999999999 8164.2096782945546
0.0069999999999999993 0.014499999999999999 7542.027855279659
0.0074999999999999997 0.014499999999999999 6862.0296902986393
0.0080000000000000002 0.014499999999999999 6135.2771450523342
0.0085000000000000006 0.014499999999999999 5381.6963938176314
0.0090000000000000011 0.014499999999999999 4626.3781815132706
0.0095000000000000015 0.014499999999999999 3895.4391692391005
0.010000000000000002 0.014499999999999999 3212.3070717499872
0.010500000000000002 0.014499999999999999 2595.0391069928305
0.011000000000000003 0.014499999999999999 2054.9496193969317
0.011500000000000003 0.014499999999999999 1596.5034731560966
0.012000000000000004 0.014499999999999999 1218.1973720977523
0.012499999999999997 0.014499999999999999 914.03463814284714
0.013000000000000005 0.014499999999999999 675.19596137084784
0.013499999999999998 0.014499999999999999 491.58835495837064
0.014000000000000005 0.014499999999999999 353.07474380974691
0.014499999999999999 0.014499999999999999 250.30789439562778
0.014999999999999999 0.014499999999999999 175.18758558452544
0.0155 0.014499999999999999 121.0171926450615
0.016000000000000007 0.014499999999999999 82.456591965171398
0.016500000000000001 0.014499999999999999 55.362054533655929
0.017000000000000001 0.014499999999999999 36.582833597150412
0.017500000000000002 0.014499999999999999 23.759226247692254
0.017999999999999995 0.014499999999999999 15.145123172376543
0.018500000000000003 0.014499999999999999 9.4626619963915672
0.019000000000000003 0.014499999999999999 5.7877678272115354
0.019500000000000003 0.014499999999999999 3.4616277996125748
0.019999999999999997 0.014499999999999999 2.0225453058364704
0.020499999999999997 0.014499999999999999 1.1534656303457416
0.021000000000000005 0.014499999999999999 0.6416500462225041
0.021500000000000005 0.014499999999999999 0.34796077746097914
0.021999999999999999 0.014499999999999999 0.18386449353157508
0.022499999999999999 0.014499999999999999 0.094631718382559876
0.023000000000000007 0.014499999999999999 0.04742582397239898
0.023500000000000007 0.014499999999999999 0.023138055832894546
0.024 0.014499999999999999 0.010987242768603384
0.024500000000000001 0.014499999999999999 0.005077312230564711
0.025000000000000001 0.014499999999999999 0.002283019636044594
-0.025000000000000001 0.014999999999999999 0.0014118956063081697
-0.024500000000000001 0.014999999999999999 0.0031403137412383741
-0.024 0.014999999999999999 0.0067973381816796427
-0.0235 0.014999999999999999 0.014320743839921126
-0.023 0.014999999999999999 0.029372171776267476
-0.022500000000000003 0.014999999999999999 0.058661729448873295
-0.022000000000000002 0.014999999999999999 0.11411772080621634
-0.021500000000000002 0.014999999999999999 0.21631875126568287
-0.021000000000000001 0.014999999999999999 0.39974250484725377
-0.020500000000000001 0.014999999999999999 0.72054245535834416
-0.02 0.014999999999999999 1.2677470957271271
-0.0195 0.014999999999999999 2.1790090358672431
-0.019 0.014999999999999999 3.6623612449289569
-0.018500000000000003 0.014999999999999999 6.0259344483687567
-0.018000000000000002 0.014999999999999999 9.7183172317357709
-0.017500000000000002 0.014999999999999999 15.383190005208599
-0.017000000000000001 0.014999999999999999 23.932842631122277
-0.016500000000000001 0.014999999999999999 36.645679472255459
-0.016 0.014999999999999999 55.291886882686001
-0.0155 0.014999999999999999 82.287752619604646
-0.015000000000000001 0.014999999999999999 120.87123186664154
-0.014500000000000001 0.014999999999999999 175.27829023578767
-0.014 0.014999999999999999 250.88176299484132
-0.0135 0.014999999999999999 354.23478385033548
-0.012999999999999999 0.014999999999999999 492.94509623659548
-0.012500000000000001 0.014999999999999999 675.3032887094414
-0.012 0.014999999999999999 909.60663620323203
-0.0115 0.014999999999999999 1203.1678406481526
-0.010999999999999999 0.014999999999999999 1561.0749778499708
-0.010499999999999999 0.014999999999999999 1984.8653556958011
-0.010000000000000002 0.014999999999999999 2471.3698234239605
-0.0095000000000000015 0.014999999999999999 3012.0440822544069
-0.0090000000000000011 0.014999999999999999 3593.0966270871013
-0.0085000000000000006 0.014999999999999999 4196.6253971035803
-0.0080000000000000002 0.014999999999999999 4802.7846925701997
-0.0074999999999999997 0.014999999999999999 5392.7476415515703
-0.0069999999999999993 0.014999999999999999 5951.9642925556227
-0.0064999999999999988 0.014999999999999999 6473.0171856784827
-0.0059999999999999984 0.014999999999999999 6957.320026291789
-0.0054999999999999979 0.014999999999999999 7415.0403602716042
-0.005000000000000001 0.014999999999999999 7862.9564352732814
-0.0044999999999999971 0.014999999999999999 8320.426890991399
-0.0040000000000000001 0.014999999999999999 8804.15371672113
-0.0035000000000000031 0.014999999999999999 9322.8208927467349
-0.0029999999999999992 0.014999999999999999 9872.8687080523978
-0.0025000000000000022 0.014999999999999999 10436.539142048659
-0.0019999999999999983 0.014999999999999999 10982.898700517911
-0.0015000000000000013 0.014999999999999999 11471.894227290772
-0.00099999999999999742 0.014999999999999999 11860.776372129034
-0.00050000000000000044 0.014999999999999999 12111.618354317183
0 0.014999999999999999 12198.330030209534
0.00050000000000000044 0.014999999999999999 12111.618323045301
0.0010000000000000009 0.014999999999999999 11860.776298305182
0.0015000000000000013 0.014999999999999999 11471.894085771763
0.0020000000000000018 0.014999999999999999 10982.898446977229
0.0024999999999999988 0.014999999999999999 10436.53870468845
0.0030000000000000027 0.014999999999999999 9872.8679761962594
0.0034999999999999996 0.014999999999999999 9322.8197024687579
0.0040000000000000036 0.014999999999999999 8804.1518342500221
0.0045000000000000005 0.014999999999999999 8320.4239954906934
0.0049999999999999975 0.014999999999999999 7862.9521036587166
0.0055000000000000014 0.014999999999999999 7415.0340578020759
0.0059999999999999984 0.014999999999999999 6957.3111074679555
0.0064999999999999988 0.014999999999999999 6473.004910139176
0.0069999999999999993 0.014999999999999999 5951.9478598220276
0.0074999999999999997 0.014999999999999999 5392.7262464030619
0.0080000000000000002 0.014999999999999999 4802.7575995725902
0.0085000000000000006 0.014999999999999999 4196.5920287271692
0.0090000000000000011 0.014999999999999999 3593.0566556873123
0.0095000000000000015 0.014999999999999999 3011.9975129336767
0.010000000000000002 0.014999999999999999 2471.3170534702144
0.010500000000000002 0.014999999999999999 1984.8071976522704
0.011000000000000003 0.014999999999999999 1561.0126375156201
0.011500000000000003 0.014999999999999999 1203.1028479255071
0.012000000000000004 0.014999999999999999 909.54073450617364
0.012499999999999997 0.014999999999999999 675.23829598679936
0.013000000000000005 0.014999999999999999 492.88275590224544
0.013499999999999998 0.014999999999999999 354.17662580680735
0.014000000000000005 0.014999999999999999 250.8289930410906
0.014499999999999999 0.014999999999999999 175.23172091505407
0.014999999999999999 0.014999999999999999 120.83126046684896
0.0155 0.014999999999999999 82.254384243186536
0.016000000000000007 0.014999999999999999 55.264793885059774
0.016500000000000001 0.014999999999999999 36.624284323702383
0.017000000000000001 0.014999999999999999 23.916409897398626
0.017500000000000002 0.014999999999999999 15.370914465539087
0.017999999999999995 0.014999999999999999 9.7093984068986767
0.018500000000000003 0.014999999999999999 6.0196319761570614
0.019000000000000003 0.014999999999999999 3.6580296233479657
0.019500000000000003 0.014999999999999999 2.176113517377916
0.019999999999999997 0.014999999999999999 1.2658645807481057
0.020499999999999997 0.014999999999999999 0.71935207211999519
0.021000000000000005 0.014999999999999999 0.39901040312276653
0.021500000000000005 0.014999999999999999 0.21588083374517705
0.021999999999999999 0.014999999999999999 0.11386295010833355
0.022499999999999999 0.014999999999999999 0.058517570071885239
0.023000000000000007 0.014999999999999999 0.029292835359587294
0.023500000000000007 0.014999999999999999 0.014278278116195304
0.024 0.014999999999999999 0.0067752306252012043
0.024500000000000001 0.014999999999999999 0.0031291198979962812
0.025000000000000001 0.014999999999999999 0.0014063830382696021
-0.025000000000000001 0.0155 0.00084536395559570696
-0.024500000000000001 0.0155 0.0018814933032139018
-0.024 0.0155 0.0040758681030743822
-0.0235 0.0155 0.0085956594778998311
-0.023 0.0155 0.017651623556217327
-0.022500000000000003 0.0155 0.035307565597987867
-0.022000000000000002 0.0155 0.068816432318218296
-0.021500000000000002 0.0155 0.13075556468236407
-0.021000000000000001 0.0155 0.24233714744030468
-0.020500000000000001 0.0155 0.4384018944294823
-0.02 0.0155 0.77477770793979905
-0.0195 0.0155 1.3389258127168415
-0.019 0.0155 2.2651447345260234
-0.018500000000000003 0.0155 3.7561053031119331
-0.018000000000000002 0.0155 6.1131773320899603
-0.017500000000000002 0.0155 9.7788385293906863
-0.017000000000000001 0.0155 15.395231590128452
-0.016500000000000001 0.0155 23.883210323729266
-0.016 0.0155 36.545233632521892
-0.0155 0.0155 55.192204408085338
-0.015000000000000001 0.0155 82.287752619604419
-0.014500000000000001 0.0155 121.09291345949067
-0.014 0.0155 175.78016348837753
-0.0135 0.0155 251.47070333995563
-0.012999999999999999 0.0155 354.13732473443321
-0.012500000000000001 0.0155 490.31372665474981
-0.012 0.0155 666.56685229840662
-0.0115 0.0155 888.72681874952889
-0.010999999999999999 0.0155 1160.9292215723865
-0.010499999999999999 0.0155 1484.5989000295162
-0.010000000000000002 0.0155 1857.5754697345183
-0.0095000000000000015 0.0155 2273.6249438334648
-0.0090000000000000011 0.0155 2722.5732888474554
-0.0085000000000000006 0.0155 3191.2190054289963
-0.0080000000000000002 0.0155 3665.0316343891259
-0.0074999999999999997 0.0155 4130.4431830715857
-0.0069999999999999993 0.0155 4577.3344029154587
-0.0064999999999999988 0.0155 5001.1668482078239
-0.0059999999999999984 0.0155 5404.1730597017186
-0.0054999999999999979 0.0155 5795.1293729496656
-0.005000000000000001 0.0155 6187.5002142072963
-0.0044999999999999971 0.0155 6596.1156836521432
-0.0040000000000000001 0.0155 7032.9418018979222
-0.0035000000000000031 0.0155 7502.8192725622275
-0.0029999999999999992 0.0155 8000.1827906602512
-0.0025000000000000022 0.0155 8507.6666516335627
-0.0019999999999999983 0.0155 8997.1518498484438
-0.0015000000000000013 0.0155 9433.2812546792211
-0.00099999999999999742 0.0155 9778.8852470878937
-0.00050000000000000044 0.0155 10001.26900694852
0 0.0155 10078.048806921375
0.00050000000000000044 0.0155 10001.268993545271
0.0010000000000000009 0.0155 9778.8852154467022
0.0015000000000000013 0.0155 9433.2811940236297
0.0020000000000000018 0.0155 8997.1517411799286
0.0024999999999999988 0.0155 8507.6664641792941
0.0030000000000000027 0.0155 8000.1824769838913
0.0034999999999999996 0.0155 7502.8187624045077
0.0040000000000000036 0.0155 7032.94099506356
0.0045000000000000005 0.0155 6596.1144426294004
0.0049999999999999975 0.0155 6187.4983576606337
0.0055000000000000014 0.0155 5795.1266716869832
0.0059999999999999984 0.0155 5404.1692370595192
0.0064999999999999988 0.0155 5001.1615868644631
0.0069999999999999993 0.0155 4577.3273597826364
0.0074999999999999997 0.0155 4130.4340130286464
0.0080000000000000002 0.0155 3665.020022226146
0.0085000000000000006 0.0155 3191.2047036145254
0.0090000000000000011 0.0155 2722.556156951769
0.0095000000000000015 0.0155 2273.6049840434875
0.010000000000000002 0.0155 1857.5528523293817
0.010500000000000002 0.0155 1484.5739732683737
0.011000000000000003 0.0155 1160.9025022653127
0.011500000000000003 0.0155 888.69896261863062
0.012000000000000004 0.0155 666.53860657757934
0.012499999999999997 0.0155 490.28587052385421
0.013000000000000005 0.0155 354.1106054273601
0.013499999999999998 0.0155 251.44577657881499
0.014000000000000005 0.0155 175.75754608323862
0.014499999999999999 0.0155 121.07295366951169
0.014999999999999999 0.0155 82.27062072391729
0.0155 0.0155 55.177902593612657
0.016000000000000007 0.0155 36.533621469535397
0.016500000000000001 0.0155 23.874040280770394
0.017000000000000001 0.0155 15.388188457251688
0.017500000000000002 0.0155 9.7735771858747214
0.017999999999999995 0.0155 6.1093546894616226
0.018500000000000003 0.0155 3.7534040392817234
0.019000000000000003 0.0155 2.2632881848563287
0.019500000000000003 0.0155 1.3376847823557039
0.019999999999999997 0.0155 0.77397085477934902
0.020499999999999997 0.0155 0.43789169159513008
0.021000000000000005 0.0155 0.24202336582541381
0.021500000000000005 0.0155 0.13056787154877691
0.021999999999999999 0.0155 0.06870723661721842
0.022499999999999999 0.0155 0.03524577833455169
0.023000000000000007 0.0155 0.017617619662888051
0.023500000000000007 0.0155 0.0085774585053812365
0.024 0.0155 0.0040663927193386601
0.024500000000000001 0.0155 0.0018766955789470978
0.025000000000000001 0.0155 0.0008430012477321922
-0.025000000000000001 0.016000000000000007 0.00049272557011660536
-0.024500000000000001 0.016000000000000007 0.0010975074279443073
-0.024 0.016000000000000007 0.0023798510963499941
-0.0235 0.016000000000000007 0.005025010191649546
-0.023 0.016000000000000007 0.010334759865644354
-0.022500000000000003 0.016000000000000007 0.020711132445973855
-0.022000000000000002 0.016000000000000007 0.040462230794643075
-0.021500000000000002 0.016000000000000007 0.077105714147372564
-0.021000000000000001 0.016000000000000007 0.14342174288032009
-0.020500000000000001 0.016000000000000007 0.26061225446340081
-0.02 0.016000000000000007 0.46307203973139843
-0.0195 0.016000000000000007 0.80549253991598946
-0.019 0.016000000000000007 1.3733334364880014
-0.018500000000000003 0.016000000000000007 2.2981423825931859
-0.018000000000000002 0.016000000000000007 3.7797905866284149
-0.017500000000000002 0.016000000000000007 6.1183693997253759
-0.017000000000000001 0.016000000000000007 9.7590855862071511
-0.016500000000000001 0.016000000000000007 15.353638257184604
-0.016 0.016000000000000007 23.840673653242845
-0.0155 0.016000000000000007 36.545233632521672
-0.015000000000000001 0.016000000000000007 55.291886882685553
-0.014500000000000001 0.016000000000000007 82.518072446566663
-0.014 0.016000000000000007 121.36357517977113
-0.0135 0.016000000000000007 175.70085286375394
-0.012999999999999999 0.016000000000000007 250.0626582728228
-0.012500000000000001 0.016000000000000007 349.42294203321984
-0.012 0.016000000000000007 478.79959293140587
-0.0115 0.016000000000000007 642.67680076146041
-0.010999999999999999 0.016000000000000007 844.29039485079784
-0.010499999999999999 0.016000000000000007 1084.8750914471475
-0.010000000000000002 0.016000000000000007 1363.0251385143051
-0.0095000000000000015 0.016000000000000007 1674.3512678702314
-0.0090000000000000011 0.016000000000000007 2011.6083356107461
-0.0085000000000000006 0.016000000000000007 2365.4065055949573
-0.0080000000000000002 0.016000000000000007 2725.5038616210127
-0.0074999999999999997 0.016000000000000007 3082.5267189250403
-0.0069999999999999993 0.016000000000000007 3429.8096275755543
-0.0064999999999999988 0.016000000000000007 3764.9351106696085
-0.0059999999999999984 0.016000000000000007 4090.5278075228966
-0.0054999999999999979 0.016000000000000007 4413.9478604212054
-0.005000000000000001 0.016000000000000007 4745.7348974962779
-0.0044999999999999971 0.016000000000000007 5096.9430580217913
-0.0040000000000000001 0.016000000000000007 5475.8143488833466
-0.0035000000000000031 0.016000000000000007 5884.4803866590628
-0.0029999999999999992 0.016000000000000007 6316.4842674554047
-0.0025000000000000022 0.016000000000000007 6755.8264759955382
-0.0019999999999999983 0.016000000000000007 7177.9598679374785
-0.0015000000000000013 0.016000000000000007 7552.7406436520523
-0.00099999999999999742 0.016000000000000007 7848.8810160092162
-0.00050000000000000044 0.016000000000000007 8039.06206007335
0 0.016000000000000007 8104.6582039374134
0.00050000000000000044 0.016000000000000007 8039.0620544860449
0.0010000000000000009 0.016000000000000007 7848.8810028192056
0.0015000000000000013 0.016000000000000007 7552.740618367041
0.0020000000000000018 0.016000000000000007 7177.959822637702
0.0024999999999999988 0.016000000000000007 6755.8263978529767
0.0030000000000000027 0.016000000000000007 6316.4841366956434
0.0034999999999999996 0.016000000000000007 5884.4801739936884
0.0040000000000000036 0.016000000000000007 5475.8140125447426
0.0045000000000000005 0.016000000000000007 5096.9425406865421
0.0049999999999999975 0.016000000000000007 4745.7341235724862
0.0055000000000000014 0.016000000000000007 4413.9467343673859
0.0059999999999999984 0.016000000000000007 4090.5262140085492
0.0064999999999999988 0.016000000000000007 3764.9329174153877
0.0069999999999999993 0.016000000000000007 3429.8066915609816
0.0074999999999999997 0.016000000000000007 3082.5228962824203
0.0080000000000000002 0.016000000000000007 2725.4990209512998
0.0085000000000000006 0.016000000000000007 2365.4005437116925
0.0090000000000000011 0.016000000000000007 2011.6011939741109
0.0095000000000000015 0.016000000000000007 1674.3429473918693
0.010000000000000002 0.016000000000000007 1363.0157101771206
0.010500000000000002 0.016000000000000007 1084.8647004271536
0.011000000000000003 0.016000000000000007 844.27925658648689
0.011500000000000003 0.016000000000000007 642.66518859847349
0.012000000000000004 0.016000000000000007 478.78781836317449
0.012499999999999997 0.016000000000000007 349.41132987023485
0.013000000000000005 0.016000000000000007 250.05152000851166
0.013499999999999998 0.016000000000000007 175.69046184376103
0.014000000000000005 0.016000000000000007 121.35414684258495
0.014499999999999999 0.016000000000000007 82.509751968203844
0.014999999999999999 0.016000000000000007 55.284745246048601
0.0155 0.016000000000000007 36.539271749255541
0.016000000000000007 0.016000000000000007 23.835832983527379
0.016500000000000001 0.016000000000000007 15.34981561455624
0.017000000000000001 0.016000000000000007 9.7561495716112834
0.017500000000000002 0.016000000000000007 6.116176145441095
0.017999999999999995 0.016000000000000007 3.7781970721018654
0.018500000000000003 0.016000000000000007 2.2970163282972416
0.019000000000000003 0.016000000000000007 1.3725595114430564
0.019500000000000003 0.016000000000000007 0.80497520149316248
0.019999999999999997 0.016000000000000007 0.46273569329335029
0.020499999999999997 0.016000000000000007 0.26039957027942712
0.021000000000000005 0.016000000000000007 0.14329093924259861
0.021500000000000005 0.016000000000000007 0.077027472008625669
0.021999999999999999 0.016000000000000007 0.040416711254184105
0.022499999999999999 0.016000000000000007 0.020685375682547445
0.023000000000000007 0.016000000000000007 0.01032058493399418
0.023500000000000007 0.016000000000000007 0.0050174228974853192
0.024 0.016000000000000007 0.0023759011687486922
0.024500000000000001 0.016000000000000007 0.0010955074389165868
0.025000000000000001 0.016000000000000007 0.00049174064694471032
-0.025000000000000001 0.016500000000000001 0.00027958548064069082
-0.024500000000000001 0.016500000000000001 0.00062335573171876438
-0.024 0.016500000000000001 0.001353321390929061
-0.0235 0.016500000000000001 0.0028618122082112595
-0.023 0.016500000000000001 0.0058968536707830581
-0.022500000000000003 0.016500000000000001 0.011845167507973538
-0.022000000000000002 0.016500000000000001 0.023208764739078624
-0.021500000000000002 0.016500000000000001 0.044386797109739376
-0.021000000000000001 0.016500000000000001 0.082928979705407108
-0.020500000000000001 0.016500000000000001 0.15150678621853703
-0.02 0.016500000000000001 0.27096703173474396
-0.0195 0.016500000000000001 0.47500880748360125
-0.019 0.016500000000000001 0.81728321620743238
-0.018500000000000003 0.016500000000000001 1.3820776510847581
-0.018000000000000002 0.016500000000000001 2.3002141105448084
-0.017500000000000002 0.016500000000000001 3.7723150371086152
-0.017000000000000001 0.016500000000000001 6.1020278156244938
-0.016500000000000001 0.016500000000000001 9.7418711990460007
-0.016 0.016500000000000001 15.353638257184693
-0.0155 0.016500000000000001 23.883210323729266
-0.015000000000000001 0.016500000000000001 36.645679472255395
-0.014500000000000001 0.016500000000000001 55.41060523486393
-0.014 0.016500000000000001 82.469452187117099
-0.0135 0.016500000000000001 120.65917835348051
-0.012999999999999999 0.016500000000000001 173.3101603808993
-0.012500000000000001 0.016500000000000001 244.08670277833082
-0.012 0.016500000000000001 336.6980098401516
-0.0115 0.016500000000000001 454.47922043764237
-0.010999999999999999 0.016500000000000001 599.8755304414974
-0.010499999999999999 0.016500000000000001 773.90279335851039
-0.010000000000000002 0.016500000000000001 975.6956906403293
-0.0095000000000000015 0.016500000000000001 1202.2763736572208
-0.0090000000000000011 0.016500000000000001 1448.6687549173519
-0.0085000000000000006 0.016500000000000001 1708.4370281202907
-0.0080000000000000002 0.016500000000000001 1974.6414693615759
-0.0074999999999999997 0.016500000000000001 2241.0927223449335
-0.0069999999999999993 0.016500000000000001 2503.6728170747047
-0.0064999999999999988 0.016500000000000001 2761.4104049461303
-0.0059999999999999984 0.016500000000000001 3016.9818194691247
-0.0054999999999999979 0.016500000000000001 3276.379948470797
-0.005000000000000001 0.016500000000000001 3547.6499348279376
-0.0044999999999999971 0.016500000000000001 3838.8089821233361
-0.0040000000000000001 0.016500000000000001 4155.2982506118406
-0.0035000000000000031 0.016500000000000001 4497.4962814503915
-0.0029999999999999992 0.016500000000000001 4858.8973212155906
-0.0025000000000000022 0.016500000000000001 5225.4875202123467
-0.0019999999999999983 0.016500000000000001 5576.6359912409398
-0.0015000000000000013 0.016500000000000001 5887.49559998526
-0.00099999999999999742 0.016500000000000001 6132.553663895661
-0.00050000000000000044 0.016500000000000001 6289.6753588850479
0 0.016500000000000001 6343.8243379689666
0.00050000000000000044 0.016500000000000001 6289.6753566197212
0.0010000000000000009 0.016500000000000001 6132.5536585478776
0.0015000000000000013 0.016500000000000001 5887.4955897336586
0.0020000000000000018 0.016500000000000001 5576.635972874511
0.0024999999999999988 0.016500000000000001 5225.4874885300806
0.0030000000000000027 0.016500000000000001 4858.8972682001067
0.0034999999999999996 0.016500000000000001 4497.4961952269441
0.0040000000000000036 0.016500000000000001 4155.2981142460885
0.0045000000000000005 0.016500000000000001 3838.8087723739645
0.0049999999999999975 0.016500000000000001 3547.6496210468304
0.0055000000000000014 0.016500000000000001 3276.3794919214329
0.0059999999999999984 0.016500000000000001 3016.9811733916918
0.0064999999999999988 0.016500000000000001 2761.4095157090437
0.0069999999999999993 0.016500000000000001 2503.6716266914741
0.0074999999999999997 0.016500000000000001 2241.0911724855732
0.0080000000000000002 0.016500000000000001 1974.6395067514106
0.0085000000000000006 0.016500000000000001 1708.4346109232108
0.0090000000000000011 0.016500000000000001 1448.6658593988634
0.0095000000000000015 0.016500000000000001 1202.2730001869422
0.010000000000000002 0.016500000000000001 975.69186799770216
0.010500000000000002 0.016500000000000001 773.89858040396712
0.011000000000000003 0.016500000000000001 599.87101452282343
0.011500000000000003 0.016500000000000001 454.47451238060484
0.012000000000000004 0.016500000000000001 336.69323593722851
0.012499999999999997 0.016500000000000001 244.08199472129445
0.013000000000000005 0.016500000000000001 173.30564446222536
0.013499999999999998 0.016500000000000001 120.65496539893815
0.014000000000000005 0.016500000000000001 82.465629544488621
0.014499999999999999 0.016500000000000001 55.407231764584921
0.014999999999999999 0.016500000000000001 36.642783953766177
0.0155 0.016500000000000001 23.880793126648943
0.016000000000000007 0.016500000000000001 15.351675647019279
0.016500000000000001 0.016500000000000001 9.7403213396831205
0.017000000000000001 0.016500000000000001 6.1008374323861512
0.017500000000000002 0.016500000000000001 3.7714257999974952
0.017999999999999995 0.016500000000000001 2.2995680330405905
0.018500000000000003 0.016500000000000001 1.3816211015290294
0.019000000000000003 0.016500000000000001 0.81696943459253968
0.019500000000000003 0.016500000000000001 0.47479905682774576
0.019999999999999997 0.016500000000000001 0.27083066280705087
0.020499999999999997 0.016500000000000001 0.15142055514597383
0.021000000000000005 0.016500000000000001 0.08287594643436072
0.021500000000000005 0.016500000000000001 0.044355074470952743
0.021999999999999999 0.016500000000000001 0.023190309211624637
0.022499999999999999 0.016500000000000001 0.01183472463773038
0.023000000000000007 0.016500000000000001 0.0058911065600347288
0.023500000000000007 0.016500000000000001 0.0028587360015022698
0.024 0.016500000000000001 0.001351719924909142
0.024500000000000001 0.016500000000000001 0.00062254485243402771
0.025000000000000001 0.016500000000000001 0.00027918615155134228
-0.025000000000000001 0.017000000000000001 0.00015446440655576715
-0.024500000000000001 0.017000000000000001 0.0003448007423875602
-0.024 0.017000000000000001 0.0007496910214961031
-0.0235 0.017000000000000001 0.001588307885884152
-0.023 0.017000000000000001 0.0032804091738228534
-0.022500000000000003 0.017000000000000001 0.006608618468706578
-0.022000000000000002 0.017000000000000001 0.012995222884066801
-0.021500000000000002 0.017000000000000001 0.024963587049502772
-0.021000000000000001 0.017000000000000001 0.046892457748169823
-0.020500000000000001 0.017000000000000001 0.086229746497648904
-0.02 0.017000000000000001 0.15542165883289022
-0.0195 0.017000000000000001 0.27494833038561373
-0.019 0.017000000000000001 0.47805609132180549
-0.018500000000000003 0.017000000000000001 0.81805338468813316
-0.018000000000000002 0.017000000000000001 1.3793899271504
-0.017500000000000002 0.017000000000000001 2.2941259694199361
-0.017000000000000001 0.017000000000000001 3.7657114508000249
-0.016500000000000001 0.017000000000000001 6.1020278156244938
-0.016 0.017000000000000001 9.7590855862072043
-0.0155 0.017000000000000001 15.395231590128452
-0.015000000000000001 0.017000000000000001 23.932842631122213
-0.014500000000000001 0.017000000000000001 36.620123394090577
-0.014 0.017000000000000001 55.080105627283587
-0.0135 0.017000000000000001 81.328291015865503
-0.012999999999999999 0.017000000000000001 117.73644155066464
-0.012500000000000001 0.017000000000000001 166.92030425942642
-0.012 0.017000000000000001 231.53615643667726
-0.0115 0.017000000000000001 313.98668332307176
-0.010999999999999999 0.017000000000000001 416.06048400626787
-0.010499999999999999 0.017000000000000001 538.55797598561674
-0.010000000000000002 0.017000000000000001 680.98275790108278
-0.0095000000000000015 0.017000000000000001 841.39219518618677
-0.0090000000000000011 0.017000000000000001 1016.4944763973507
-0.0085000000000000006 0.017000000000000001 1202.0451281570104
-0.0080000000000000002 0.017000000000000001 1393.5341075673459
-0.0074999999999999997 0.017000000000000001 1587.0743045953811
-0.0069999999999999993 0.017000000000000001 1780.3217979157068
-0.0064999999999999988 0.017000000000000001 1973.2015102010619
-0.0059999999999999984 0.017000000000000001 2168.2025645281087
-0.0054999999999999979 0.017000000000000001 2370.0610146082772
-0.005000000000000001 0.017000000000000001 2584.763881855783
-0.0044999999999999971 0.017000000000000001 2817.9689437537845
-0.0040000000000000001 0.017000000000000001 3073.1037261754705
-0.0035000000000000031 0.017000000000000001 3349.5393092568816
-0.0029999999999999992 0.017000000000000001 3641.2868937184107
-0.0025000000000000022 0.017000000000000001 3936.6103152855017
-0.0019999999999999983 0.017000000000000001 4218.7848276728091
-0.0015000000000000013 0.017000000000000001 4467.9907760331544
-0.00099999999999999742 0.017000000000000001 4664.0650732288923
-0.00050000000000000044 0.017000000000000001 4789.6109034010715
0 0.017000000000000001 4832.8481470286215
0.00050000000000000044 0.017000000000000001 4789.6109025077749
0.0010000000000000009 0.017000000000000001 4664.065071120076
0.0015000000000000013 0.017000000000000001 4467.9907719905932
0.0020000000000000018 0.017000000000000001 4218.7848204302909
0.0024999999999999988 0.017000000000000001 3936.6103027920899
0.0030000000000000027 0.017000000000000001 3641.2868728125709
0.0034999999999999996 0.017000000000000001 3349.5392752559951
0.0040000000000000036 0.017000000000000001 3073.1036724017376
0.0045000000000000005 0.017000000000000001 2817.9688610423536
0.0049999999999999975 0.017000000000000001 2584.7637581210429
0.0055000000000000014 0.017000000000000001 2370.0608345750761
0.0059999999999999984 0.017000000000000001 2168.2023097574379
0.0064999999999999988 0.017000000000000001 1973.2011595441322
0.0069999999999999993 0.017000000000000001 1780.321328506441
0.0074999999999999997 0.017000000000000001 1587.073693432249
0.0080000000000000002 0.017000000000000001 1393.5333336423005
0.0085000000000000006 0.017000000000000001 1202.0441749726274
0.0090000000000000011 0.017000000000000001 1016.4933345942986
0.0095000000000000015 0.017000000000000001 841.39086491021885
0.010000000000000002 0.017000000000000001 680.9812505009279
0.010500000000000002 0.017000000000000001 538.55631467197816
0.011000000000000003 0.017000000000000001 416.0587032233978
0.011500000000000003 0.017000000000000001 313.98482677340149
0.012000000000000004 0.017000000000000001 231.53427392169803
0.012499999999999997 0.017000000000000001 166.91844770975729
0.013000000000000005 0.017000000000000001 117.73466076779455
0.013499999999999998 0.017000000000000001 81.326629702227649
0.014000000000000005 0.017000000000000001 55.078598227128268
0.014499999999999999 0.017000000000000001 36.618793118122767
0.014999999999999999 0.017000000000000001 23.931700828070174
0.0155 0.017000000000000001 15.394278405745718
0.016000000000000007 0.017000000000000001 9.7583116611622227
0.016500000000000001 0.017000000000000001 6.1014166524917268
0.017000000000000001 0.017000000000000001 3.7652420415319554
0.017500000000000002 0.017000000000000001 2.2937753124818792
0.017999999999999995 0.017000000000000001 1.3791351564525278
0.018500000000000003 0.017000000000000001 0.81787335141322626
0.019000000000000003 0.017000000000000001 0.47793235638213433
0.019500000000000003 0.017000000000000001 0.27486561844993462
0.019999999999999997 0.017000000000000001 0.15536788384978042
0.020499999999999997 0.017000000000000001 0.086195742604320211
0.021000000000000005 0.017000000000000001 0.046871544895784496
0.021500000000000005 0.017000000000000001 0.024951077716227142
0.021999999999999999 0.017000000000000001 0.012987945231496606
0.022499999999999999 0.017000000000000001 0.0066045004839101664
0.023000000000000007 0.017000000000000001 0.0032781428893499018
0.023500000000000007 0.017000000000000001 0.0015870948312197394
0.024 0.017000000000000001 0.00074905950807417393
0.024500000000000001 0.017000000000000001 0.00034448098464964614
0.025000000000000001 0.017000000000000001 0.00015430693728913657
-0.025000000000000001 0.017500000000000002 8.3105936091908494e-05
-0.024500000000000001 0.017500000000000002 0.00018578809886204747
-0.024 0.017500000000000002 0.00040470763558941695
-0.0235 0.017500000000000002 0.00085941970094578356
-0.023 0.017500000000000002 0.0017801559744243575
-0.022500000000000003 0.017500000000000002 0.003599156656656903
-0.022000000000000002 0.017500000000000002 0.0071087498912153534
-0.021500000000000002 0.017500000000000002 0.013729606020878546
-0.021000000000000001 0.017500000000000002 0.025958562197037665
-0.020500000000000001 0.017500000000000002 0.04810642674879393
-0.02 0.017500000000000002 0.087500435864010101
-0.0195 0.017500000000000002 0.15642457690555633
-0.019 0.017500000000000002 0.27521623479262719
-0.018500000000000003 0.017500000000000002 0.47713880481964877
-0.018000000000000002 0.017500000000000002 0.81590365454112235
-0.017500000000000002 0.017500000000000002 1.3769897289471149
-0.017000000000000001 0.017500000000000002 2.2941259694199361
-0.016500000000000001 0.017500000000000002 3.7723150371086152
-0.016 0.017500000000000002 6.1183693997254229
-0.0155 0.017500000000000002 9.7788385293906863
-0.015000000000000001 0.017500000000000002 15.383190005208546
-0.014500000000000001 0.017500000000000002 23.78708237858962
-0.014 0.017500000000000002 36.106771395868179
-0.0135 0.017500000000000002 53.731846989244822
-0.012999999999999999 0.017500000000000002 78.300887482296829
-0.012500000000000001 0.017500000000000002 111.62495750958273
-0.012 0.017500000000000002 155.5489273519334
-0.0115 0.017500000000000002 211.7514867881157
-0.010999999999999999 0.017500000000000002 281.50115537301815
-0.010499999999999999 0.017500000000000002 365.40510655398532
-0.010000000000000002 0.017500000000000002 463.20544066738745
-0.0095000000000000015 0.017500000000000002 573.68716232928568
-0.0090000000000000011 0.017500000000000002 694.75690948296017
-0.0085000000000000006 0.017500000000000002 823.72700538524418
-0.0080000000000000002 0.017500000000000002 957.79586428052721
-0.0074999999999999997 0.017500000000000002 1094.6596919488245
-0.0069999999999999993 0.017500000000000002 1233.1345918937279
-0.0064999999999999988 0.017500000000000002 1373.629463278319
-0.0059999999999999984 0.017500000000000002 1518.3050007949148
-0.0054999999999999979 0.017500000000000002 1670.7934559519547
-0.005000000000000001 0.017500000000000002 1835.4376440598523
-0.0044999999999999971 0.017500000000000002 2016.1226784730507
-0.0040000000000000001 0.017500000000000002 2214.8945490431147
-0.0035000000000000031 0.017500000000000002 2430.653457856024
-0.0029999999999999992 0.017500000000000002 2658.2458962958558
-0.0025000000000000022 0.017500000000000002 2888.2380925541261
-0.0019999999999999983 0.017500000000000002 3107.5338834869876
-0.0015000000000000013 0.017500000000000002 3300.8234297841982
-0.00099999999999999742 0.017500000000000002 3452.6553064640621
-0.00050000000000000044 0.017500000000000002 3549.7623467742142
0 0.017500000000000002 3583.1860157977899
0.00050000000000000044 0.017500000000000002 3549.7623464316071
0.0010000000000000009 0.017500000000000002 3452.6553056552643
0.0015000000000000013 0.017500000000000002 3300.8234282337485
0.0020000000000000018 0.017500000000000002 3107.5338807092521
0.0024999999999999988 0.017500000000000002 2888.2380877625087
0.0030000000000000027 0.017500000000000002 2658.2458882778055
0.0034999999999999996 0.017500000000000002 2430.6534448156117
0.0040000000000000036 0.017500000000000002 2214.8945284191896
0.0045000000000000005 0.017500000000000002 2016.1226467506046
0.0049999999999999975 0.017500000000000002 1835.437596603673
0.0055000000000000014 0.017500000000000002 1670.7933869035378
0.0059999999999999984 0.017500000000000002 1518.3049030823192
0.0064999999999999988 0.017500000000000002 1373.6293287903154
0.0069999999999999993 0.017500000000000002 1233.1344118604538
0.0074999999999999997 0.017500000000000002 1094.6594575484673
0.0080000000000000002 0.017500000000000002 957.79556745583727
0.0085000000000000006 0.017500000000000002 823.72663980893867
0.0090000000000000011 0.017500000000000002 694.75647156543982
0.0095000000000000015 0.017500000000000002 573.6866521264518
0.010000000000000002 0.017500000000000002 463.20486253183532
0.010500000000000002 0.017500000000000002 365.40446938775204
0.011000000000000003 0.017500000000000002 281.50047238656271
0.011500000000000003 0.017500000000000002 211.75077474270074
0.012000000000000004 0.017500000000000002 155.54820534800251
0.012499999999999997 0.017500000000000002 111.62424546416825
0.013000000000000005 0.017500000000000002 78.300204495841683
0.013499999999999998 0.017500000000000002 53.731209823012399
0.014000000000000005 0.017500000000000002 36.106193260315628
0.014499999999999999 0.017500000000000002 23.786572175755389
0.014999999999999999 0.017500000000000002 15.382752087688115
0.0155 0.017500000000000002 9.7784729530851475
0.016000000000000007 0.017500000000000002 6.1180725750356153
0.016500000000000001 0.017500000000000002 3.7720806367510202
0.017000000000000001 0.017500000000000002 2.2939459361450303
0.017500000000000002 0.017500000000000002 1.3768552409401227
0.017999999999999995 0.017500000000000002 0.81580594193464717
0.018500000000000003 0.017500000000000002 0.47706975637455357
0.019000000000000003 0.017500000000000002 0.27516877853659505
0.019500000000000003 0.017500000000000002 0.15639285426676944
0.019999999999999997 0.017500000000000002 0.087479811460156723
0.020499999999999997 0.017500000000000002 0.048093385182101801
0.021000000000000005 0.017500000000000002 0.025950541457869007
0.021500000000000005 0.017500000000000002 0.0137248082966117
0.021999999999999999 0.017500000000000002 0.0071059586816782467
0.022499999999999999 0.017500000000000002 0.0035975772794708616
0.023000000000000007 0.017500000000000002 0.0017792867827758571
0.023500000000000007 0.017500000000000002 0.00085895445618235458
0.024 0.017500000000000002 0.00040446543025341196
0.024500000000000001 0.017500000000000002 0.00018566546167388595
0.025000000000000001 0.017500000000000002 8.3045541656398e-05
-0.025000000000000001 0.017999999999999995 4.3555514183329804e-05
-0.024500000000000001 0.017999999999999995 9.7552000408227492e-05
-0.024 0.017999999999999995 0.00021299489116052888
-0.0235 0.017999999999999995 0.00045361838968046767
-0.023 0.017999999999999995 0.00094297832433586689
-0.022500000000000003 0.017999999999999995 0.0019149711412900004
-0.022000000000000002 0.017999999999999995 0.0038027239958683371
-0.021500000000000002 0.017999999999999995 0.0073923886257681766
-0.021000000000000001 0.017999999999999995 0.014085567863438911
-0.020500000000000001 0.017999999999999995 0.026341967966413558
-0.02 0.017999999999999995 0.048418271995343119
-0.0195 0.017999999999999995 0.087587890676167374
-0.019 0.017999999999999995 0.15612760819643665
-0.018500000000000003 0.017999999999999995 0.27449708311630161
-0.018000000000000002 0.017999999999999995 0.47631248682123406
-0.017500000000000002 0.017999999999999995 0.81590365454112856
-0.017000000000000001 0.017999999999999995 1.3793899271504093
-0.016500000000000001 0.017999999999999995 2.3002141105448235
-0.016 0.017999999999999995 3.779790586628462
-0.0155 0.017999999999999995 6.1131773320899985
-0.015000000000000001 0.017999999999999995 9.7183172317358082
-0.014500000000000001 0.017999999999999995 15.165362115738956
-0.014 0.017999999999999995 23.200061779975805
-0.0135 0.017999999999999995 34.752662321634993
-0.012999999999999999 0.017999999999999995 50.922074470954513
-0.012500000000000001 0.017999999999999995 72.925388152243698
-0.012 0.017999999999999995 102.0062867875282
-0.0115 0.017999999999999995 139.30328587437845
-0.010999999999999999 0.017999999999999995 185.68974257064829
-0.010499999999999999 0.017999999999999995 241.6105809304274
-0.010000000000000002 0.017999999999999995 306.9524138688414
-0.0095000000000000015 0.017999999999999995 380.98984342096645
-0.0090000000000000011 0.017999999999999995 462.446741727269
-0.0085000000000000006 0.017999999999999995 549.6943112235042
-0.0080000000000000002 0.017999999999999995 641.07790120269567
-0.0074999999999999997 0.017999999999999995 735.32641172747299
-0.0069999999999999993 0.017999999999999995 831.96041498776037
-0.0064999999999999988 0.017999999999999995 931.58939192717492
-0.0059999999999999984 0.017999999999999995 1035.9860381514893
-0.0054999999999999979 0.017999999999999995 1147.8538091451169
-0.005000000000000001 0.017999999999999995 1270.2627414296298
-0.0044999999999999971 0.017999999999999995 1405.808856001569
-0.0040000000000000001 0.017999999999999995 1555.6363550500998
-0.0035000000000000031 0.017999999999999995 1718.5266955266002
-0.0029999999999999992 0.017999999999999995 1890.2828268292574
-0.0025000000000000022 0.017999999999999995 2063.6065465390011
-0.0019999999999999983 0.017999999999999995 2228.5814512439429
-0.0015000000000000013 0.017999999999999995 2373.7482390510841
-0.00099999999999999742 0.017999999999999995 2487.6213170286546
-0.00050000000000000044 0.017999999999999995 2560.3805471366286
0 0.017999999999999995 2585.4114277278786
0.00050000000000000044 0.017999999999999995 2560.3805470088273
0.0010000000000000009 0.017999999999999995 2487.6213167269534
0.0015000000000000013 0.017999999999999995 2373.7482384727282
0.0020000000000000018 0.017999999999999995 2228.5814502077797
0.0024999999999999988 0.017999999999999995 2063.6065447516107
0.0030000000000000027 0.017999999999999995 1890.2828238383277
0.0034999999999999996 0.017999999999999995 1718.5266906622066
0.0040000000000000036 0.017999999999999995 1555.636347356869
0.0045000000000000005 0.017999999999999995 1405.8088441683174
0.0049999999999999975 0.017999999999999995 1270.2627237273109
0.0055000000000000014 0.017999999999999995 1147.8537833883631
0.0059999999999999984 0.017999999999999995 1035.9860017022945
0.0064999999999999988 0.017999999999999995 931.58934175985075
0.0069999999999999993 0.017999999999999995 831.96034783093342
0.0074999999999999997 0.017999999999999995 735.32632429039074
0.0080000000000000002 0.017999999999999995 641.07779047980682
0.0085000000000000006 0.017999999999999995 549.69417485457654
0.0090000000000000011 0.017999999999999995 462.44657837329362
0.0095000000000000015 0.017999999999999995 380.98965310279658
0.010000000000000002 0.017999999999999995 306.95219821010164
0.010500000000000002 0.017999999999999995 241.61034325179597
0.011000000000000003 0.017999999999999995 185.68948779995026
0.011500000000000003 0.017999999999999995 139.30302026397584
0.012000000000000004 0.017999999999999995 102.00601746235482
0.012499999999999997 0.017999999999999995 72.925122541841446
0.013000000000000005 0.017999999999999995 50.921819700256535
0.013499999999999998 0.017999999999999995 34.752424643003899
0.014000000000000005 0.017999999999999995 23.199846121235989
0.014499999999999999 0.017999999999999995 15.16517179756913
0.014999999999999999 0.017999999999999995 9.7181538777608143
0.0155 0.017999999999999995 6.1130409631623124
0.016000000000000007 0.017999999999999995 3.7796798637395632
0.016500000000000001 0.017999999999999995 2.3001266734628003
0.017000000000000001 0.017999999999999995 1.3793227703235744
0.017500000000000002 0.017999999999999995 0.81585348721621709
0.017999999999999995 0.017999999999999995 0.4762760376226291
0.018500000000000003 0.017999999999999995 0.27447132635287552
0.019000000000000003 0.017999999999999995 0.1561099058490768
0.019500000000000003 0.017999999999999995 0.087576057353905515
0.019999999999999997 0.017999999999999995 0.048410578586894543
0.020499999999999997 0.017999999999999995 0.026337103142194351
0.021000000000000005 0.017999999999999995 0.014082575931021168
0.021500000000000005 0.017999999999999995 0.0073905989569529292
0.021999999999999999 0.017999999999999995 0.0038016828062568853
0.022499999999999999 0.017999999999999995 0.0019143819948655462
0.023000000000000007 0.017999999999999995 0.00094265409453413976
0.023500000000000007 0.017999999999999995 0.00045344484197362716
0.024 0.017999999999999995 0.00021290454263013864
0.024500000000000001 0.017999999999999995 9.7506253729379085e-05
0.025000000000000001 0.017999999999999995 4.3532985577717206e-05
-0.025000000000000001 0.018500000000000003 2.2244142718757415e-05
-0.024500000000000001 0.018500000000000003 4.9936329822721859e-05
-0.024 0.018500000000000003 0.0001093467106032819
-0.0235 0.018500000000000003 0.00023371368472869668
-0.023 0.018500000000000003 0.00048799095669401708
-0.022500000000000003 0.018500000000000003 0.00099634836401428072
-0.022000000000000002 0.018500000000000003 0.0019914427433622758
-0.021500000000000002 0.018500000000000003 0.0039014295588532559
-0.021000000000000001 0.018500000000000003 0.0075017695153951408
-0.020500000000000001 0.018500000000000003 0.014177201988335572
-0.02 0.018500000000000003 0.026368814233642734
-0.0195 0.018500000000000003 0.048327121310029725
-0.019 0.018500000000000003 0.087360036767887797
-0.018500000000000003 0.018500000000000003 0.15585822956990658
-0.018000000000000002 0.018500000000000003 0.27449708311629961
-0.017500000000000002 0.018500000000000003 0.47713880481964877
-0.017000000000000001 0.018500000000000003 0.81805338468813316
-0.016500000000000001 0.018500000000000003 1.3820776510847581
-0.016 0.018500000000000003 2.2981423825932055
-0.0155 0.018500000000000003 3.7561053031119331
-0.015000000000000001 0.018500000000000003 6.0259344483687389
-0.014500000000000001 0.018500000000000003 9.4769638108642784
-0.014 0.018500000000000003 14.593305884698838
-0.0135 0.018500000000000003 21.9798784874598
-0.012999999999999999 0.018500000000000003 32.352447952143287
-0.012500000000000001 0.018500000000000003 46.505349437626734
-0.012 0.018500000000000003 65.252865042668091
-0.0115 0.018500000000000003 89.345082423650936
-0.010999999999999999 0.018500000000000003 119.36624193793529
-0.010499999999999999 0.018500000000000003 155.63199457012254
-0.010000000000000002 0.018500000000000003 198.10950550090416
-0.0095000000000000015 0.018500000000000003 246.38808319421702
-0.0090000000000000011 0.018500000000000003 299.72509156665438
-0.0085000000000000006 0.018500000000000003 357.18040930962883
-0.0080000000000000002 0.018500000000000003 417.83281654948212
-0.0074999999999999997 0.018500000000000003 481.04642923459124
-0.0069999999999999993 0.018500000000000003 546.73051464491539
-0.0064999999999999988 0.018500000000000003 615.51938664137788
-0.0059999999999999984 0.018500000000000003 688.79814558620933
-0.0054999999999999979 0.018500000000000003 768.51971125812747
-0.005000000000000001 0.018500000000000003 856.79886508334857
-0.0044999999999999971 0.018500000000000003 955.32360889901793
-0.0040000000000000001 0.018500000000000003 1064.6810137232555
-0.0035000000000000031 0.018500000000000003 1183.7384568549433
-0.0029999999999999992 0.018500000000000003 1309.2369576302767
-0.0025000000000000022 0.018500000000000003 1435.7317076005902
-0.0019999999999999983 0.018500000000000003 1555.9554003620387
-0.0015000000000000013 0.018500000000000003 1661.5928209583385
-0.00099999999999999742 0.018500000000000003 1744.3597612500423
-0.00050000000000000044 0.018500000000000003 1797.1997211833
0 0.018500000000000003 1815.3701494233476
0.00050000000000000044 0.018500000000000003 1797.199721136933
0.0010000000000000009 0.018500000000000003 1744.3597611405833
0.0015000000000000013 0.018500000000000003 1661.5928207485072
0.0020000000000000018 0.018500000000000003 1555.9553999861128
0.0024999999999999988 0.018500000000000003 1435.7317069521157
0.0030000000000000027 0.018500000000000003 1309.2369565451509
0.0034999999999999996 0.018500000000000003 1183.7384550901154
0.0040000000000000036 0.018500000000000003 1064.68101093211
0.0045000000000000005 0.018500000000000003 955.32360460585073
0.0049999999999999975 0.018500000000000003 856.79885866085351
0.0055000000000000014 0.018500000000000003 768.51970191343912
0.0059999999999999984 0.018500000000000003 688.7981323622472
0.0064999999999999988 0.018500000000000003 615.51936844040563
0.0069999999999999993 0.018500000000000003 546.73049028006096
0.0074999999999999997 0.018500000000000003 481.04639751195225
0.0080000000000000002 0.018500000000000003 417.83277637862869
0.0085000000000000006 0.018500000000000003 357.18035983425597
0.0090000000000000011 0.018500000000000003 299.72503230096271
0.0095000000000000015 0.018500000000000003 246.38801414577193
0.010000000000000002 0.018500000000000003 198.10942725876555
0.010500000000000002 0.018500000000000003 155.63190833904983
0.011000000000000003 0.018500000000000003 119.36614950576985
0.011500000000000003 0.018500000000000003 89.344986058782879
0.012000000000000004 0.018500000000000003 65.252767330061545
0.012499999999999997 0.018500000000000003 46.505253072758975
0.013000000000000005 0.018500000000000003 32.352355519977863
0.013499999999999998 0.018500000000000003 21.979792256387295
0.014000000000000005 0.018500000000000003 14.593227642560091
0.014499999999999999 0.018500000000000003 9.4768947624192368
0.014999999999999999 0.018500000000000003 6.0258751826770842
0.0155 0.018500000000000003 3.756055827739087
0.016000000000000007 0.018500000000000003 2.2981022117397298
0.016500000000000001 0.018500000000000003 1.3820459284459734
0.017000000000000001 0.018500000000000003 0.81802901983388343
0.017500000000000002 0.018500000000000003 0.47712060384713129
0.017999999999999995 0.018500000000000003 0.27448385915302809
0.018500000000000003 0.018500000000000003 0.15584888487903278
0.019000000000000003 0.018500000000000003 0.087353614262036208
0.019500000000000003 0.018500000000000003 0.048322828117724446
0.019999999999999997 0.018500000000000003 0.026366023024105734
0.020499999999999997 0.018500000000000003 0.014175437004213476
0.021000000000000005 0.018500000000000003 0.0075006840263879783
0.021500000000000005 0.018500000000000003 0.0039007802574807051
0.021999999999999999 0.018500000000000003 0.0019910649942290058
0.022499999999999999 0.018500000000000003 0.00099613461855547385
0.023000000000000007 0.018500000000000003 0.00048787332439607781
0.023500000000000007 0.018500000000000003 0.00023365072069686283
0.024 0.018500000000000003 0.00010931393167553226
0.024500000000000001 0.018500000000000003 4.9919732684126689e-05
0.025000000000000001 0.018500000000000003 2.2235969220721689e-05
-0.025000000000000001 0.019000000000000003 1.107503785261438e-05
-0.024500000000000001 0.019000000000000003 2.4934525925347206e-05
-0.024 0.019000000000000003 5.4795653693931396e-05
-0.0235 0.019000000000000003 0.00011763596556301872
-0.023 0.019000000000000003 0.00024694813383681303
-0.022500000000000003 0.019000000000000003 0.00050749102063959756
-0.022000000000000002 0.019000000000000003 0.0010222335066180407
-0.021500000000000002 0.019000000000000003 0.0020209503264197303
-0.021000000000000001 0.019000000000000003 0.0039268811449803846
-0.020500000000000001 0.019000000000000003 0.0075095304963909652
-0.02 0.019000000000000003 0.01415068918486048
-0.0195 0.019000000000000003 0.026300457453991878
-0.019 0.019000000000000003 0.048243982930975121
-0.018500000000000003 0.019000000000000003 0.087360036767887436
-0.018000000000000002 0.019000000000000003 0.15612760819643479
-0.017500000000000002 0.019000000000000003 0.27521623479262619
-0.017000000000000001 0.019000000000000003 0.47805609132180371
-0.016500000000000001 0.019000000000000003 0.81728321620742961
-0.016 0.019000000000000003 1.3733334364880074
-0.0155 0.019000000000000003 2.2651447345260185
-0.015000000000000001 0.019000000000000003 3.6623612449289316
-0.014500000000000001 0.019000000000000003 5.7975973109658963
-0.014 0.019000000000000003 8.9762921710901029
-0.0135 0.019000000000000003 13.580672567609724
-0.012999999999999999 0.019000000000000003 20.063698121398687
-0.012500000000000001 0.019000000000000003 28.929060279782153
-0.012 0.019000000000000003 40.694807544610818
-0.0115 0.019000000000000003 55.841259942934506
-0.010999999999999999 0.019000000000000003 74.748428513534392
-0.010499999999999999 0.019000000000000003 97.63345051120325
-0.010000000000000002 0.019000000000000003 124.5032237039579
-0.0095000000000000015 0.019000000000000003 155.13964570582536
-0.0090000000000000011 0.019000000000000003 189.13279406238919
-0.0085000000000000006 0.019000000000000003 225.96982101886957
-0.0080000000000000002 0.019000000000000003 265.17442708079761
-0.0074999999999999997 0.019000000000000003 306.4754887734619
-0.0069999999999999993 0.019000000000000003 349.96754771818428
-0.0064999999999999988 0.019000000000000003 396.21540672436919
-0.0059999999999999984 0.019000000000000003 446.25493015777181
-0.0054999999999999979 0.019000000000000003 501.45550652981433
-0.005000000000000001 0.019000000000000003 563.23646420868738
-0.0044999999999999971 0.019000000000000003 632.66590585942629
-0.0040000000000000001 0.019000000000000003 710.00798384491281
-0.0035000000000000031 0.019000000000000003 794.31335934264735
-0.0029999999999999992 0.019000000000000003 883.15764527943816
-0.0025000000000000022 0.019000000000000003 972.61766770523411
-0.0019999999999999983 0.019000000000000003 1057.5350690977871
-0.0015000000000000013 0.019000000000000003 1132.0579510125037
-0.00099999999999999742 0.019000000000000003 1190.3869400528745
-0.00050000000000000044 0.019000000000000003 1227.5984447500946
0 0.019000000000000003 1240.3898801534242
0.00050000000000000044 0.019000000000000003 1227.5984447337332
0.0010000000000000009 0.019000000000000003 1190.3869400142501
0.0015000000000000013 0.019000000000000003 1132.0579509384613
0.0020000000000000018 0.019000000000000003 1057.5350689651352
0.0024999999999999988 0.019000000000000003 972.61766747640968
0.0030000000000000027 0.019000000000000003 883.15764489653395
0.0034999999999999996 0.019000000000000003 794.31335871989972
0.0040000000000000036 0.019000000000000003 710.00798286001191
0.0045000000000000005 0.019000000000000003 632.66590434451302
0.0049999999999999975 0.019000000000000003 563.23646194240666
0.0055000000000000014 0.019000000000000003 501.45550323239058
0.0059999999999999984 0.019000000000000003 446.25492549148402
0.0064999999999999988 0.019000000000000003 396.21540030186333
0.0069999999999999993 0.019000000000000003 349.96753912065333
0.0074999999999999997 0.019000000000000003 306.4754775796186
0.0080000000000000002 0.019000000000000003 265.17441290586601
0.0085000000000000006 0.019000000000000003 225.9698035606886
0.0090000000000000011 0.019000000000000003 189.1327731495368
0.0095000000000000015 0.019000000000000003 155.1396213409711
0.010000000000000002 0.019000000000000003 124.50319609496108
0.010500000000000002 0.019000000000000003 97.633420083182486
0.011000000000000003 0.019000000000000003 74.748395897358336
0.011500000000000003 0.019000000000000003 55.841225939041081
0.012000000000000004 0.019000000000000003 40.694773065146215
0.012499999999999997 0.019000000000000003 28.929026275888923
0.013000000000000005 0.019000000000000003 20.063665505222666
0.013499999999999998 0.019000000000000003 13.580642139589097
0.014000000000000005 0.019000000000000003 8.9762645620931973
0.014499999999999999 0.019000000000000003 5.7975729461116732
0.014999999999999999 0.019000000000000003 3.6623403320765577
0.0155 0.019000000000000003 2.2651272763450727
0.016000000000000007 0.019000000000000003 1.3733192615563494
0.016500000000000001 0.019000000000000003 0.81727202236418872
0.017000000000000001 0.019000000000000003 0.47804749379115991
0.017500000000000002 0.019000000000000003 0.27520981228677555
0.017999999999999995 0.019000000000000003 0.15612294190833445
0.018500000000000003 0.019000000000000003 0.087356739343436351
0.019000000000000003 0.019000000000000003 0.048241716646502078
0.019500000000000003 0.019000000000000003 0.026298942532046152
0.019999999999999997 0.019000000000000003 0.014149704261688647
0.020499999999999997 0.019000000000000003 0.0075089076933599966
0.021000000000000005 0.019000000000000003 0.0039264981127279594
0.021500000000000005 0.019000000000000003 0.0020207212099887109
0.021999999999999999 0.019000000000000003 0.001022100211761611
0.022499999999999999 0.019000000000000003 0.00050741559711711681
0.023000000000000007 0.019000000000000003 0.00024690662538878538
0.023500000000000007 0.019000000000000003 0.00011761374769183203
0.024 0.019000000000000003 5.4784087122141969e-05
0.024500000000000001 0.019000000000000003 2.4928669358087697e-05
0.025000000000000001 0.019000000000000003 1.1072153702390703e-05
-0.025000000000000001 0.019500000000000003 5.3786730183060389e-06
-0.024500000000000001 0.019500000000000003 1.2153072881355607e-05
-0.024 0.019500000000000003 2.6825382154210723e-05
-0.0235 0.019500000000000003 5.7899818524197466e-05
-0.023 0.019500000000000003 0.00012233911298266886
-0.022500000000000003 0.019500000000000003 0.0002533683908916923
-0.022000000000000002 0.019500000000000003 0.00051501886931738751
-0.021500000000000002 0.019500000000000003 0.0010289167230994936
-0.021000000000000001 0.019500000000000003 0.0020230655073229572
-0.020500000000000001 0.019500000000000003 0.0039195758370689122
-0.02 0.019500000000000003 0.0074901168113538624
-0.0195 0.019500000000000003 0.0141264013756105
-0.019 0.019500000000000003 0.026300457453991864
-0.018500000000000003 0.019500000000000003 0.048327121310029489
-0.018000000000000002 0.019500000000000003 0.087587890676166402
-0.017500000000000002 0.019500000000000003 0.1564245769055557
-0.017000000000000001 0.019500000000000003 0.27494833038561289
-0.016500000000000001 0.019500000000000003 0.47500880748360008
-0.016 0.019500000000000003 0.80549253991599301
-0.0155 0.019500000000000003 1.3389258127168364
-0.015000000000000001 0.019500000000000003 2.1790090358672281
-0.014500000000000001 0.019500000000000003 3.4681984225119105
-0.014 0.019500000000000003 5.3938243638185055
-0.0135 0.019500000000000003 8.1906231257369289
-0.012999999999999999 0.019500000000000003 12.137178878024166
-0.012500000000000001 0.019500000000000003 17.543913155543567
-0.012 0.019500000000000003 24.731203214318594
-0.0115 0.019500000000000003 33.99812779005552
-0.010999999999999999 0.019500000000000003 45.585143425171971
-0.010499999999999999 0.019500000000000003 59.637233849671823
-0.010000000000000002 0.019500000000000003 76.176898536735138
-0.0095000000000000015 0.019500000000000003 95.097619546063584
-0.0090000000000000011 0.019500000000000003 116.18702783151517
-0.0085000000000000006 0.019500000000000003 139.18414623508036
-0.0080000000000000002 0.019500000000000003 163.86692308454124
-0.0074999999999999997 0.019500000000000003 190.15604021631279
-0.0069999999999999993 0.019500000000000003 218.21108665943163
-0.0064999999999999988 0.019500000000000003 248.48878908135981
-0.0059999999999999984 0.019500000000000003 281.7331898830256
-0.0054999999999999979 0.019500000000000003 318.87648918670999
-0.005000000000000001 0.019500000000000003 360.84668522184637
-0.0044999999999999971 0.019500000000000003 408.30150420657299
-0.0040000000000000001 0.019500000000000003 461.33228112525234
-0.0035000000000000031 0.019500000000000003 519.19983745074728
-0.0029999999999999992 0.019500000000000003 580.17063038726576
-0.0025000000000000022 0.019500000000000003 641.51137847593668
-0.0019999999999999983 0.019500000000000003 699.67377566669177
-0.0015000000000000013 0.019500000000000003 750.66223720614005
-0.00099999999999999742 0.019500000000000003 790.53539444433761
-0.00050000000000000044 0.019500000000000003 815.95688585639084
0 0.019500000000000003 824.6926926965466
0.00050000000000000044 0.019500000000000003 815.95688585077562
0.0010000000000000009 0.019500000000000003 790.53539443108173
0.0015000000000000013 0.019500000000000003 750.66223718072865
0.0020000000000000018 0.019500000000000003 699.67377562116565
0.0024999999999999988 0.019500000000000003 641.51137839740477
0.0030000000000000027 0.019500000000000003 580.17063025585298
0.0034999999999999996 0.019500000000000003 519.19983723702114
0.0040000000000000036 0.019500000000000003 461.33228078723471
0.0045000000000000005 0.019500000000000003 408.30150368665574
0.0049999999999999975 0.019500000000000003 360.84668444406088
0.0055000000000000014 0.019500000000000003 318.87648805503665
0.0059999999999999984 0.019500000000000003 281.73318828155965
0.0064999999999999988 0.019500000000000003 248.48878687716135
0.0069999999999999993 0.019500000000000003 218.21108370876641
0.0074999999999999997 0.019500000000000003 190.15603637459549
0.0080000000000000002 0.019500000000000003 163.86691821971704
0.0085000000000000006 0.019500000000000003 139.18414024344784
0.0090000000000000011 0.019500000000000003 116.18702065424242
0.0095000000000000015 0.019500000000000003 95.097611184066778
0.010000000000000002 0.019500000000000003 76.17688906135146
0.010500000000000002 0.019500000000000003 59.637223406801517
0.011000000000000003 0.019500000000000003 45.585132231328686
0.011500000000000003 0.019500000000000003 33.998116119948861
0.012000000000000004 0.019500000000000003 24.731191380996332
0.012499999999999997 0.019500000000000003 17.543901485437011
0.013000000000000005 0.019500000000000003 12.137167684180913
0.013499999999999998 0.019500000000000003 8.190612682866707
0.014000000000000005 0.019500000000000003 5.3938148884347701
0.014499999999999999 0.019500000000000003 3.4681900605151363
0.014999999999999999 0.019500000000000003 2.1790018585944804
0.0155 0.019500000000000003 1.3389198210843161
0.016000000000000007 0.019500000000000003 0.805487675091768
0.016500000000000001 0.019500000000000003 0.47500496576633144
0.017000000000000001 0.019500000000000003 0.27494537972057015
0.017500000000000002 0.019500000000000003 0.15642237270713133
0.017999999999999995 0.019500000000000003 0.087586289210147258
0.018500000000000003 0.019500000000000003 0.048325989636824572
0.019000000000000003 0.019500000000000003 0.026299679667130912
0.019500000000000003 0.019500000000000003 0.014125881455715717
0.019999999999999997 0.019500000000000003 0.0074897787865775478
0.020499999999999997 0.019500000000000003 0.0039193620916101318
0.021000000000000005 0.019500000000000003 0.002022934050986911
0.021500000000000005 0.019500000000000003 0.001028838090539547
0.021999999999999999 0.019500000000000003 0.00051497312263854304
0.022499999999999999 0.019500000000000003 0.00025334250560434744
0.023000000000000007 0.019500000000000003 0.00012232486731939121
0.023500000000000007 0.019500000000000003 5.7892193370121294e-05
0.024 0.019500000000000003 2.6821412516827998e-05
0.024500000000000001 0.019500000000000003 1.2151062912563555e-05
0.025000000000000001 0.019500000000000003 5.3776831804566115e-06
-0.025000000000000001 0.019999999999999997 2.5497812553116145e-06
-0.024500000000000001 0.019999999999999997 5.7866617513652549e-06
-0.024 0.019999999999999997 1.2841762209375788e-05
-0.0235 0.019999999999999997 2.7898308686962354e-05
-0.023 0.019999999999999997 5.9405955653348669e-05
-0.022500000000000003 0.019999999999999997 0.00012415538542346889
-0.022000000000000002 0.019999999999999997 0.00025502769629805655
-0.021500000000000002 0.019999999999999997 0.00051556277388399064
-0.021000000000000001 0.019999999999999997 0.0010270104696435646
-0.020500000000000001 0.019999999999999997 0.0020178467643028083
-0.02 0.019999999999999997 0.0039128605466217763
-0.0195 0.019999999999999997 0.0074901168113539283
-0.019 0.019999999999999997 0.014150689184860588
-0.018500000000000003 0.019999999999999997 0.026368814233642797
-0.018000000000000002 0.019999999999999997 0.048418271995342814
-0.017500000000000002 0.019999999999999997 0.087500435864010254
-0.017000000000000001 0.019999999999999997 0.15542165883289055
-0.016500000000000001 0.019999999999999997 0.27096703173474457
-0.016 0.019999999999999997 0.46307203973140321
-0.0155 0.019999999999999997 0.7747777079398005
-0.015000000000000001 0.019999999999999997 1.2677470957271255
-0.014500000000000001 0.019999999999999997 2.02681718186667
-0.014 0.019999999999999997 3.1636894946095775
-0.0135 0.019999999999999997 4.8185029937768125
-0.012999999999999999 0.019999999999999997 7.1578151634206852
-0.012500000000000001 0.019999999999999997 10.367612817359904
-0.012 0.019999999999999997 14.640551256876408
-0.0115 0.019999999999999997 20.157776797288722
-0.010999999999999999 0.019999999999999997 27.067367788708243
-0.010499999999999999 0.019999999999999997 35.463356022743518
-0.010000000000000002 0.019999999999999997 45.370947945842715
-0.0095000000000000015 0.019999999999999997 56.74426722929968
-0.0090000000000000011 0.019999999999999997 69.481999832393896
-0.0085000000000000006 0.019999999999999997 83.463300816292474
-0.0080000000000000002 0.019999999999999997 98.601294054700247
-0.0074999999999999997 0.019999999999999997 114.90523764019923
-0.0069999999999999993 0.019999999999999997 132.53642157508301
-0.0064999999999999988 0.019999999999999997 151.83905537850876
-0.0059999999999999984 0.019999999999999997 173.32770973709671
-0.0054999999999999979 0.019999999999999997 197.61854968865677
-0.005000000000000001 0.019999999999999997 225.30261144470802
-0.0044999999999999971 0.019999999999999997 256.77406862371851
-0.0040000000000000001 0.019999999999999997 292.04159147243541
-0.0035000000000000031 0.019999999999999997 330.56237139401679
-0.0029999999999999992 0.019999999999999997 371.14213897028174
-0.0025000000000000022 0.019999999999999997 411.93791830226183
-0.0019999999999999983 0.019999999999999997 450.58318226121054
-0.0015000000000000013 0.019999999999999997 484.43032239225573
-0.00099999999999999742 0.019999999999999997 510.87834903923522
-0.00050000000000000044 0.019999999999999997 527.73127064603261
0 0.019999999999999997 533.52094912683765
0.00050000000000000044 0.019999999999999997 527.73127064415826
0.0010000000000000009 0.019999999999999997 510.87834903481041
0.0015000000000000013 0.019999999999999997 484.4303223837735
0.0020000000000000018 0.019999999999999997 450.58318224601413
0.0024999999999999988 0.019999999999999997 411.93791827604821
0.0030000000000000027 0.019999999999999997 371.14213892641635
0.0034999999999999996 0.019999999999999997 330.56237132267569
0.0040000000000000036 0.019999999999999997 292.041591359606
0.0045000000000000005 0.019999999999999997 256.77406845017157
0.0049999999999999975 0.019999999999999997 225.30261118508565
0.0055000000000000014 0.019999999999999997 197.61854931090753
0.0059999999999999984 0.019999999999999997 173.32770920253213
0.0064999999999999988 0.019999999999999997 151.83905464275389
0.0069999999999999993 0.019999999999999997 132.53642059015974
0.0074999999999999997 0.019999999999999997 114.90523635784534
0.0080000000000000002 0.019999999999999997 98.601292430836466
0.0085000000000000006 0.019999999999999997 83.46329881630345
0.0090000000000000011 0.019999999999999997 69.481997436641635
0.0095000000000000015 0.019999999999999997 56.744264438090141
0.010000000000000002 0.019999999999999997 45.370944782987984
0.010500000000000002 0.019999999999999997 35.463352536944583
0.011000000000000003 0.019999999999999997 27.06736405223678
0.011500000000000003 0.019999999999999997 20.157772901842009
0.012000000000000004 0.019999999999999997 14.640547306948806
0.012499999999999997 0.019999999999999997 10.367608921913236
0.013000000000000005 0.019999999999999997 7.1578114269492499
0.013499999999999998 0.019999999999999997 4.8184995079779558
0.014000000000000005 0.019999999999999997 3.163686331754803
0.014499999999999999 0.019999999999999997 2.0268143906571434
0.014999999999999999 0.019999999999999997 1.267744699974938
0.0155 0.019999999999999997 0.77477570795077522
0.016000000000000007 0.019999999999999997 0.46307041586761793
0.016500000000000001 0.019999999999999997 0.27096574938100332
0.017000000000000001 0.019999999999999997 0.15542067390971911
0.017500000000000002 0.019999999999999997 0.087499700109164621
0.017999999999999995 0.019999999999999997 0.048417737430772642
0.018500000000000003 0.019999999999999997 0.026368436484509584
0.019000000000000003 0.019999999999999997 0.014150429561931162
0.019500000000000003 0.019999999999999997 0.0074899432636470753
0.019999999999999997 0.019999999999999997 0.0039127477149618027
0.020499999999999997 0.019999999999999997 0.0020177754167075494
0.021000000000000005 0.019999999999999997 0.0010269665899115131
0.021500000000000005 0.019999999999999997 0.00051553652657051205
0.021999999999999999 0.019999999999999997 0.00025501242619339464
0.022499999999999999 0.019999999999999997 0.00012414674499192457
0.023000000000000007 0.019999999999999997 5.9401200493526189e-05
0.023500000000000007 0.019999999999999997 2.7895763433323167e-05
0.024 0.019999999999999997 1.2840437156282642e-05
0.024500000000000001 0.019999999999999997 5.7859908297902435e-06
0.025000000000000001 0.019999999999999997 2.5494508503960901e-06
-0.025000000000000001 0.020499999999999997 1.1808257791257194e-06
-0.024500000000000001 0.020499999999999997 2.6943081707323713e-06
-0.024 0.020499999999999997 6.0181823843980859e-06
-0.0235 0.020499999999999997 1.3175957552481409e-05
-0.023 0.020499999999999997 2.8312771610446855e-05
-0.022500000000000003 0.020499999999999997 5.9795522162570085e-05
-0.022000000000000002 0.020499999999999997 0.00012428742449388907
-0.021500000000000002 0.020499999999999997 0.00025455674083343992
-0.021000000000000001 0.020499999999999997 0.00051423507310908165
-0.020500000000000001 0.020499999999999997 0.0010252534179361868
-0.02 0.020499999999999997 0.0020178467643028114
-0.0195 0.020499999999999997 0.0039195758370689582
-0.019 0.020499999999999997 0.0075095304963910319
-0.018500000000000003 0.020499999999999997 0.014177201988335629
-0.018000000000000002 0.020499999999999997 0.02634196796641345
-0.017500000000000002 0.020499999999999997 0.04810642674879418
-0.017000000000000001 0.020499999999999997 0.086229746497649223
-0.016500000000000001 0.020499999999999997 0.15150678621853764
-0.016 0.020499999999999997 0.26061225446340364
-0.0155 0.020499999999999997 0.43840189442948463
-0.015000000000000001 0.020499999999999997 0.72054245535834449
-0.014500000000000001 0.020499999999999997 1.1561668941759498
-0.014 0.020499999999999997 1.8100382372305179
-0.0135 0.020499999999999997 2.763500342313614
-0.012999999999999999 0.020499999999999997 4.1133729868564028
-0.012500000000000001 0.020499999999999997 5.9680112784930062
-0.012 0.020499999999999997 8.4400923904153924
-0.0115 0.020499999999999997 11.636371085411598
-0.010999999999999999 0.020499999999999997 15.645624364175324
-0.010499999999999999 0.020499999999999997 20.527119897369801
-0.010000000000000002 0.020499999999999997 26.30288795380358
-0.0095000000000000015 0.020499999999999997 32.957448379374902
-0.0090000000000000011 0.020499999999999997 40.448039575206977
-0.0085000000000000006 0.020499999999999997 48.726560194916843
-0.0080000000000000002 0.020499999999999997 57.771417180825821
-0.0074999999999999997 0.020499999999999997 67.623744095087119
-0.0069999999999999993 0.020499999999999997 78.418901989725015
-0.0064999999999999988 0.020499999999999997 90.401969913849967
-0.0059999999999999984 0.020499999999999997 103.91622755827052
-0.0054999999999999979 0.020499999999999997 119.3571820524771
-0.005000000000000001 0.020499999999999997 137.09147600872888
-0.0044999999999999971 0.020499999999999997 157.3490204456121
-0.0040000000000000001 0.020499999999999997 180.10595897118131
-0.0035000000000000031 0.020499999999999997 204.98304178439929
-0.0029999999999999992 0.020499999999999997 231.18619341229086
-0.0025000000000000022 0.020499999999999997 257.51187192893713
-0.0019999999999999983 0.020499999999999997 282.42914053364416
-0.0015000000000000013 0.020499999999999997 304.2349470468352
-0.00099999999999999742 0.020499999999999997 321.26229833543687
-0.00050000000000000044 0.020499999999999997 332.10704102861092
0 0.020499999999999997 335.83173350262587
0.00050000000000000044 0.020499999999999997 332.10704102800241
0.0010000000000000009 0.020499999999999997 321.26229833400038
0.0015000000000000013 0.020499999999999997 304.23494704408137
0.0020000000000000018 0.020499999999999997 282.4291405287106
0.0024999999999999988 0.020499999999999997 257.51187192042681
0.0030000000000000027 0.020499999999999997 231.18619339804991
0.0034999999999999996 0.020499999999999997 204.98304176123835
0.0040000000000000036 0.020499999999999997 180.10595893455093
0.0045000000000000005 0.020499999999999997 157.34902038926961
0.0049999999999999975 0.020499999999999997 137.09147592444199
0.0055000000000000014 0.020499999999999997 119.35718192983987
0.0059999999999999984 0.020499999999999997 103.91622738472284
0.0064999999999999988 0.020499999999999997 90.401969674985324
0.0069999999999999993 0.020499999999999997 78.418901669967255
0.0074999999999999997 0.020499999999999997 67.623743678767809
0.0080000000000000002 0.020499999999999997 57.771416653634432
0.0085000000000000006 0.020499999999999997 48.726559545615473
0.0090000000000000011 0.020499999999999997 40.448038797420111
0.0095000000000000015 0.020499999999999997 32.957447473201839
0.010000000000000002 0.020499999999999997 26.302886926974995
0.010500000000000002 0.020499999999999997 20.527118765696557
0.011000000000000003 0.020499999999999997 15.645623151120658
0.011500000000000003 0.020499999999999997 11.636369820745193
0.012000000000000004 0.020499999999999997 8.440091108061635
0.012499999999999997 0.020499999999999997 5.9680100138266416
0.013000000000000005 0.020499999999999997 4.1133717738017239
0.013499999999999998 0.020499999999999997 2.7634992106404188
0.014000000000000005 0.020499999999999997 1.8100372104019069
0.014499999999999999 0.020499999999999997 1.1561659880028925
0.014999999999999999 0.020499999999999997 0.72054167757148724
0.0155 0.020499999999999997 0.43840124512811213
0.016000000000000007 0.020499999999999997 0.26061172727201826
0.016500000000000001 0.020499999999999997 0.15150636989923161
0.017000000000000001 0.020499999999999997 0.086229426739911449
0.017500000000000002 0.020499999999999997 0.048106187884168171
0.017999999999999995 0.020499999999999997 0.026341794418706876
0.018500000000000003 0.020499999999999997 0.014177079351147487
0.019000000000000003 0.020499999999999997 0.007509446209166418
0.019500000000000003 0.020499999999999997 0.0039195194943777156
0.019999999999999997 0.020499999999999997 0.0020178101332260097
0.020499999999999997 0.020499999999999997 0.0010252302547633517
0.021000000000000005 0.020499999999999997 0.00051422082744580384
0.021500000000000005 0.020499999999999997 0.00025454821957835675
0.021999999999999999 0.020499999999999997 0.00012428246701673448
0.022499999999999999 0.020499999999999997 5.9792717025150029e-05
0.023000000000000007 0.020499999999999997 2.8311227836077862e-05
0.023500000000000007 0.020499999999999997 1.3175131229607327e-05
0.024 0.020499999999999997 6.0177522026420182e-06
0.024500000000000001 0.020499999999999997 2.6940903543876409e-06
0.025000000000000001 0.020499999999999997 1.1807185123546675e-06
-0.025000000000000001 0.021000000000000005 5.3474231539963185e-07
-0.024500000000000001 0.021000000000000005 1.2280815837050045e-06
-0.024 0.021000000000000005 2.7644489586836836e-06
-0.0235 0.021000000000000005 6.1076368276340563e-06
-0.023 0.021000000000000005 1.326245154299252e-05
-0.022500000000000003 0.021000000000000005 2.8343046619645108e-05
-0.022000000000000002 0.021000000000000005 5.9685379683030183e-05
-0.021500000000000002 0.021000000000000005 0.00012396777995391187
-0.021000000000000001 0.021000000000000005 0.00025412171907122759
-0.020500000000000001 0.021000000000000005 0.00051423507310907721
-0.02 0.021000000000000005 0.0010270104696435572
-0.0195 0.021000000000000005 0.0020230655073229598
-0.019 0.021000000000000005 0.003926881144980395
-0.018500000000000003 0.021000000000000005 0.0075017695153951243
-0.018000000000000002 0.021000000000000005 0.014085567863438762
-0.017500000000000002 0.021000000000000005 0.025958562197037596
-0.017000000000000001 0.021000000000000005 0.046892457748169643
-0.016500000000000001 0.021000000000000005 0.082928979705406816
-0.016 0.021000000000000005 0.14342174288032078
-0.0155 0.021000000000000005 0.24233714744030418
-0.015000000000000001 0.021000000000000005 0.39974250484725021
-0.014500000000000001 0.021000000000000005 0.64331135986055987
-0.014 0.021000000000000005 1.0095570986098172
-0.0135 0.021000000000000005 1.544392341326899
-0.012999999999999999 0.021000000000000005 2.3025466620538726
-0.012500000000000001 0.021000000000000005 3.3454146826390652
-0.012 0.021000000000000005 4.7371049223260835
-0.0115 0.021000000000000005 6.5388470555401836
-0.010999999999999999 0.021000000000000005 8.8024699929812869
-0.010499999999999999 0.021000000000000005 11.564289843668712
-0.010000000000000002 0.021000000000000005 14.84127007545063
-0.0095000000000000015 0.021000000000000005 18.631504497286187
-0.0090000000000000011 0.021000000000000005 22.92069659230836
-0.0085000000000000006 0.021000000000000005 27.695221806732832
-0.0080000000000000002 0.021000000000000005 32.960595547519169
-0.0074999999999999997 0.021000000000000005 38.762004196723474
-0.0069999999999999993 0.021000000000000005 45.201510688059358
-0.0064999999999999988 0.021000000000000005 52.445304307563248
-0.0059999999999999984 0.021000000000000005 60.714602962266227
-0.0054999999999999979 0.021000000000000005 70.255977498616403
-0.005000000000000001 0.021000000000000005 81.290939095821159
-0.0044999999999999971 0.021000000000000005 93.950009475636037
-0.0040000000000000001 0.021000000000000005 108.20200909751448
-0.0035000000000000031 0.021000000000000005 123.7934290306108
-0.0029999999999999992 0.021000000000000005 140.21401319351466
-0.0025000000000000022 0.021000000000000005 156.70209085081228
-0.0019999999999999983 0.021000000000000005 172.29670177798283
-0.0015000000000000013 0.021000000000000005 185.93419671000785
-0.00099999999999999742 0.021000000000000005 196.57680643419138
-0.00050000000000000044 0.021000000000000005 203.35220753796204
0 0.021000000000000005 205.67874817442359
0.00050000000000000044 0.021000000000000005 203.35220753776989
0.0010000000000000009 0.021000000000000005 196.5768064337378
0.0015000000000000013 0.021000000000000005 185.93419670913829
0.0020000000000000018 0.021000000000000005 172.29670177642498
0.0024999999999999988 0.021000000000000005 156.70209084812524
0.0030000000000000027 0.021000000000000005 140.21401318901783
0.0034999999999999996 0.021000000000000005 123.79342902329756
0.0040000000000000036 0.021000000000000005 108.20200908594808
0.0045000000000000005 0.021000000000000005 93.950009457845354
0.0049999999999999975 0.021000000000000005 81.290939069206843
0.0055000000000000014 0.021000000000000005 70.255977459892577
0.0059999999999999984 0.021000000000000005 60.714602907467068
0.0064999999999999988 0.021000000000000005 52.445304232139705
0.0069999999999999993 0.021000000000000005 45.201510587093125
0.0074999999999999997 0.021000000000000005 38.762004065267149
0.0080000000000000002 0.021000000000000005 32.96059538105402
0.0085000000000000006 0.021000000000000005 27.695221601710418
0.0090000000000000011 0.021000000000000005 22.920696346715591
0.0095000000000000015 0.021000000000000005 18.631504211154393
0.010000000000000002 0.021000000000000005 14.841269751220828
0.010500000000000002 0.021000000000000005 11.564289486333312
0.011000000000000003 0.021000000000000005 8.8024696099490267
0.011500000000000003 0.021000000000000005 6.5388466562110885
0.012000000000000004 0.021000000000000005 4.7371045174120541
0.012499999999999997 0.021000000000000005 3.3454142833099878
0.013000000000000005 0.021000000000000005 2.302546279021612
0.013499999999999998 0.021000000000000005 1.5443919839915345
0.014000000000000005 0.021000000000000005 1.009556774380012
0.014499999999999999 0.021000000000000005 0.64331107372876739
0.014999999999999999 0.021000000000000005 0.39974225925448459
0.0155 0.021000000000000005 0.24233694241791398
0.016000000000000007 0.021000000000000005 0.1434215764151891
0.016500000000000001 0.021000000000000005 0.082928848249070916
0.017000000000000001 0.021000000000000005 0.04689235678196417
0.017500000000000002 0.021000000000000005 0.025958486773515154
0.017999999999999995 0.021000000000000005 0.014085513064285134
0.018500000000000003 0.021000000000000005 0.0075017307916675144
0.019000000000000003 0.021000000000000005 0.0039268545305775528
0.019500000000000003 0.021000000000000005 0.0020230477166424811
0.019999999999999997 0.021000000000000005 0.0010269989030717737
0.020499999999999997 0.021000000000000005 0.00051422775914168259
0.021000000000000005 0.021000000000000005 0.0002541172208827672
0.021500000000000005 0.021000000000000005 0.00012396508929567195
0.021999999999999999 0.021000000000000005 5.9683814317761277e-05
0.022499999999999999 0.021000000000000005 2.8342160873820264e-05
0.023000000000000007 0.021000000000000005 1.3261964083200947e-05
0.023500000000000007 0.021000000000000005 6.1073759092096889e-06
0.024 0.021000000000000005 2.7643131251620688e-06
0.024500000000000001 0.021000000000000005 1.2280128063550773e-06
0.025000000000000001 0.021000000000000005 5.3470844501099097e-07
-0.025000000000000001 0.021500000000000005 2.370626256138803e-07
-0.024500000000000001 0.021500000000000005 5.4866694131012986e-07
-0.024 0.021500000000000005 1.246343356758032e-06
-0.0235 0.021500000000000005 2.7826110656923318e-06
-0.023 0.021500000000000005 6.1141955480310092e-06
-0.022500000000000003 0.021500000000000005 1.3238071119824898e-05
-0.022000000000000002 0.021500000000000005 2.8270229616602071e-05
-0.021500000000000002 0.021500000000000005 5.9583470032331154e-05
-0.021000000000000001 0.021500000000000005 0.00012396777995391168
-0.020500000000000001 0.021500000000000005 0.00025455674083343721
-0.02 0.021500000000000005 0.00051556277388398642
-0.0195 0.021500000000000005 0.0010289167230994936
-0.019 0.021500000000000005 0.0020209503264197286
-0.018500000000000003 0.021500000000000005 0.0039014295588532394
-0.018000000000000002 0.021500000000000005 0.0073923886257680873
-0.017500000000000002 0.021500000000000005 0.013729606020878499
-0.017000000000000001 0.021500000000000005 0.024963587049502679
-0.016500000000000001 0.021500000000000005 0.04438679710973914
-0.016 0.021500000000000005 0.077105714147372828
-0.0155 0.021500000000000005 0.13075556468236335
-0.015000000000000001 0.021500000000000005 0.21631875126568098
-0.014500000000000001 0.021500000000000005 0.34895451688929308
-0.014 0.021500000000000005 0.54868296439924524
-0.0135 0.021500000000000005 0.84070550964239843
-0.012999999999999999 0.021500000000000005 1.2551100732633238
-0.012500000000000001 0.021500000000000005 1.8257334256869799
-0.012 0.021500000000000005 2.5880647127989018
-0.0115 0.021500000000000005 3.5762892989870378
-0.010999999999999999 0.021500000000000005 4.8198779322862926
-0.010499999999999999 0.021500000000000005 6.3404689002592107
-0.010000000000000002 0.021500000000000005 8.1500721372830505
-0.0095000000000000015 0.021500000000000005 10.251714873592363
-0.0090000000000000011 0.021500000000000005 12.64342012468742
-0.0085000000000000006 0.021500000000000005 15.325782521648291
-0.0080000000000000002 0.021500000000000005 18.312401240768892
-0.0074999999999999997 0.021500000000000005 21.641204825187504
-0.0069999999999999993 0.021500000000000005 25.383554842022168
-0.0064999999999999988 0.021500000000000005 29.647334961768994
-0.0059999999999999984 0.021500000000000005 34.570405787136316
-0.0054999999999999979 0.021500000000000005 40.302086611816627
-0.005000000000000001 0.021500000000000005 46.972705042983371
-0.0044999999999999971 0.021500000000000005 54.654384919158502
-0.0040000000000000001 0.021500000000000005 63.319442862609883
-0.0035000000000000031 0.021500000000000005 72.805148393662691
-0.0029999999999999992 0.021500000000000005 82.794304703973268
-0.0025000000000000022 0.021500000000000005 92.819553204811172
-0.0019999999999999983 0.021500000000000005 102.29545617706468
-0.0015000000000000013 0.021500000000000005 110.57688266585522
-0.00099999999999999742 0.021500000000000005 117.03620903212121
-0.00050000000000000044 0.021500000000000005 121.14685295877027
0 0.021500000000000005 122.55809251804827
0.00050000000000000044 0.021500000000000005 121.14685295871125
0.0010000000000000009 0.021500000000000005 117.03620903198191
0.0015000000000000013 0.021500000000000005 110.57688266558816
0.0020000000000000018 0.021500000000000005 102.29545617658623
0.0024999999999999988 0.021500000000000005 92.81955320398599
0.0030000000000000027 0.021500000000000005 82.794304702592214
0.0034999999999999996 0.021500000000000005 72.805148391416736
0.0040000000000000036 0.021500000000000005 63.319442859057695
0.0045000000000000005 0.021500000000000005 54.654384913694798
0.0049999999999999975 0.021500000000000005 46.972705034809913
0.0055000000000000014 0.021500000000000005 40.302086599924202
0.0059999999999999984 0.021500000000000005 34.570405770307033
0.0064999999999999988 0.021500000000000005 29.647334938605777
0.0069999999999999993 0.021500000000000005 25.383554811014598
0.0074999999999999997 0.021500000000000005 21.641204784816161
0.0080000000000000002 0.021500000000000005 18.312401189646081
0.0085000000000000006 0.021500000000000005 15.325782458684237
0.0090000000000000011 0.021500000000000005 12.64342004926389
0.0095000000000000015 0.021500000000000005 10.25171478571896
0.010000000000000002 0.021500000000000005 8.1500720377094531
0.010500000000000002 0.021500000000000005 6.3404687905186119
0.011000000000000003 0.021500000000000005 4.8198778146539851
0.011500000000000003 0.021500000000000005 3.5762891763498428
0.012000000000000004 0.021500000000000005 2.5880645884465312
0.012499999999999997 0.021500000000000005 1.8257333030497949
0.013000000000000005 0.021500000000000005 1.2551099556310232
0.013499999999999998 0.021500000000000005 0.84070539990182225
0.014000000000000005 0.021500000000000005 0.54868286482565376
0.014499999999999999 0.021500000000000005 0.34895442901590912
0.014999999999999999 0.021500000000000005 0.2163186758421593
0.0155 0.021500000000000005 0.13075550171833153
0.016000000000000007 0.021500000000000005 0.077105663024586338
0.016500000000000001 0.021500000000000005 0.044386756738436825
0.017000000000000001 0.021500000000000005 0.024963556041965596
0.017500000000000002 0.021500000000000005 0.013729582857705695
0.017999999999999995 0.021500000000000005 0.0073923717965054996
0.018500000000000003 0.021500000000000005 0.0039014176664837813
0.019000000000000003 0.021500000000000005 0.0020209421529216857
0.019500000000000003 0.021500000000000005 0.0010289112594378457
0.019999999999999997 0.021500000000000005 0.00051555922169638582
0.020499999999999997 0.021500000000000005 0.00025455449465498542
0.021000000000000005 0.021500000000000005 0.00012396639852390977
0.021500000000000005 0.021500000000000005 5.9582643709456994e-05
0.021999999999999999 0.021500000000000005 2.8269748880286772e-05
0.022499999999999999 0.021500000000000005 1.323779910012924e-05
0.023000000000000007 0.021500000000000005 6.1140458451924429e-06
0.023500000000000007 0.021500000000000005 2.7825309355371308e-06
0.024 0.021500000000000005 1.2463016411866081e-06
0.024500000000000001 0.021500000000000005 5.4864581923054882e-07
0.025000000000000001 0.021500000000000005 2.3705222374400511e-07
-0.025000000000000001 0.021999999999999999 1.0301075229646854e-07
-0.024500000000000001 0.021999999999999999 2.4058892454109923e-07
-0.024 0.021999999999999999 5.5227391961854108e-07
-0.0235 0.021999999999999999 1.2476861926273084e-06
-0.023 0.021999999999999999 2.7775038046203291e-06
-0.022500000000000003 0.021999999999999999 6.0985002455454148e-06
-0.022000000000000002 0.021999999999999999 1.3215483271326787e-05
-0.021500000000000002 0.021999999999999999 2.8270229616602311e-05
-0.021000000000000001 0.021999999999999999 5.9685379683030732e-05
-0.020500000000000001 0.021999999999999999 0.00012428742449388923
-0.02 0.021999999999999999 0.00025502769629805655
-0.0195 0.021999999999999999 0.00051501886931739293
-0.019 0.021999999999999999 0.0010222335066180515
-0.018500000000000003 0.021999999999999999 0.001991442743362284
-0.018000000000000002 0.021999999999999999 0.0038027239958683253
-0.017500000000000002 0.021999999999999999 0.0071087498912153664
-0.017000000000000001 0.021999999999999999 0.012995222884066867
-0.016500000000000001 0.021999999999999999 0.023208764739078749
-0.016 0.021999999999999999 0.040462230794643575
-0.0155 0.021999999999999999 0.068816432318218559
-0.015000000000000001 0.021999999999999999 0.11411772080621636
-0.014500000000000001 0.021999999999999999 0.18444262908407366
-0.014 0.021999999999999999 0.29046685397434713
-0.0135 0.021999999999999999 0.44564403424129378
-0.012999999999999999 0.021999999999999999 0.66606281858324756
-0.012500000000000001 0.021999999999999999 0.96986496614948414
-0.012 0.021999999999999999 1.3761683690733635
-0.0115 0.021999999999999999 1.9035551736488383
-0.010999999999999999 0.021999999999999999 2.5683492557734553
-0.010499999999999999 0.021999999999999999 3.3830895140270263
-0.010000000000000002 0.021999999999999999 4.355752226351342
-0.0095000000000000015 0.021999999999999999 5.4903167673812749
-0.0090000000000000011 0.021999999999999999 6.789134778504808
-0.0085000000000000006 0.021999999999999999 8.2572107291687225
-0.0080000000000000002 0.021999999999999999 9.9079441200426519
-0.0074999999999999997 0.021999999999999999 11.769208387071965
-0.0069999999999999993 0.021999999999999999 13.888014147868882
-0.0064999999999999988 0.021999999999999999 16.331641850087625
-0.0059999999999999984 0.021999999999999999 19.183246426976126
-0.0054999999999999979 0.021999999999999999 22.530675306148897
-0.005000000000000001 0.021999999999999999 26.448595946125636
-0.0044999999999999971 0.021999999999999999 30.97580295792303
-0.0040000000000000001 0.021999999999999999 36.091383686308902
-0.0035000000000000031 0.021999999999999999 41.694762588525023
-0.0029999999999999992 0.021999999999999999 47.595025539449267
-0.0025000000000000022 0.021999999999999999 53.514017606449933
-0.0019999999999999983 0.021999999999999999 59.105488819619069
-0.0015000000000000013 0.021999999999999999 63.989382715653541
-0.00099999999999999742 0.021999999999999999 67.796906956497665
-0.00050000000000000044 0.021999999999999999 70.219158547272002
0 0.021999999999999999 71.050605835885065
0.00050000000000000044 0.021999999999999999 70.219158547254366
0.0010000000000000009 0.021999999999999999 67.796906956456056
0.0015000000000000013 0.021999999999999999 63.989382715573768
0.0020000000000000018 0.021999999999999999 59.105488819476157
0.0024999999999999988 0.021999999999999999 53.514017606203481
0.0030000000000000027 0.021999999999999999 47.595025539036733
0.0034999999999999996 0.021999999999999999 41.694762587854221
0.0040000000000000036 0.021999999999999999 36.091383685247862
0.0045000000000000005 0.021999999999999999 30.97580295629102
0.0049999999999999975 0.021999999999999999 26.448595943684289
0.0055000000000000014 0.021999999999999999 22.530675302596684
0.0059999999999999984 0.021999999999999999 19.183246421949296
0.0064999999999999988 0.021999999999999999 16.331641843168899
0.0069999999999999993 0.021999999999999999 13.888014138607087
0.0074999999999999997 0.021999999999999999 11.76920837501326
0.0080000000000000002 0.021999999999999999 9.9079441047725467
0.0085000000000000006 0.021999999999999999 8.2572107103617007
0.0090000000000000011 0.021999999999999999 6.7891347559762023
0.0095000000000000015 0.021999999999999999 5.4903167411339613
0.010000000000000002 0.021999999999999999 4.355752196609239
0.010500000000000002 0.021999999999999999 3.3830894812480921
0.011000000000000003 0.021999999999999999 2.568349220637308
0.011500000000000003 0.021999999999999999 1.9035551370177612
0.012000000000000004 0.021999999999999999 1.3761683319299722
0.012499999999999997 0.021999999999999999 0.96986492951841241
0.013000000000000005 0.021999999999999999 0.66606278344710235
0.013499999999999998 0.021999999999999999 0.4456440014623676
0.014000000000000005 0.021999999999999999 0.2904668242322439
0.014499999999999999 0.021999999999999999 0.18444260283676117
0.014999999999999999 0.021999999999999999 0.11411769827761134
0.0155 0.021999999999999999 0.068816413511196869
0.016000000000000007 0.021999999999999999 0.0404622155245387
0.016500000000000001 0.021999999999999999 0.023208752680385126
0.017000000000000001 0.021999999999999999 0.012995213622280212
0.017500000000000002 0.021999999999999999 0.0071087429724986731
0.017999999999999995 0.021999999999999999 0.0038027189690569905
0.018500000000000003 0.021999999999999999 0.0019914391911746866
0.019000000000000003 0.021999999999999999 0.0010222310652375918
0.019500000000000003 0.021999999999999999 0.00051501723735067556
0.019999999999999997 0.021999999999999999 0.00025502663527848584
0.020499999999999997 0.021999999999999999 0.00012428675357231523
0.021000000000000005 0.021999999999999999 5.9684967057225666e-05
0.021500000000000005 0.021999999999999999 2.8269982798348183e-05
0.021999999999999999 0.021999999999999999 1.3215339677942488e-05
0.022499999999999999 0.021999999999999999 6.09841899470696e-06
0.023000000000000007 0.021999999999999999 2.7774590891774718e-06
0.023500000000000007 0.021999999999999999 1.2476622581754947e-06
0.024 0.021999999999999999 5.5226145939889603e-07
0.024500000000000001 0.021999999999999999 2.4058261548810206e-07
0.025000000000000001 0.021999999999999999 1.0300764531317814e-07
-0.025000000000000001 0.022499999999999999 4.3932588547555748e-08
-0.024500000000000001 0.022499999999999999 1.0368829124183871e-07
-0.024 0.022499999999999999 2.4084881194214582e-07
-0.0235 0.022499999999999999 5.5126151272395944e-07
-0.023 0.022499999999999999 1.2444854062851576e-06
-0.022500000000000003 0.022499999999999999 2.7727671488054764e-06
-0.022000000000000002 0.022499999999999999 6.0985002455454148e-06
-0.021500000000000002 0.022499999999999999 1.3238071119825038e-05
-0.021000000000000001 0.022499999999999999 2.8343046619645338e-05
-0.020500000000000001 0.022499999999999999 5.9795522162569984e-05
-0.02 0.022499999999999999 0.00012415538542346908
-0.0195 0.022499999999999999 0.00025336839089169501
-0.019 0.022499999999999999 0.00050749102063960114
-0.018500000000000003 0.022499999999999999 0.00099634836401428744
-0.018000000000000002 0.022499999999999999 0.0019149711412899881
-0.017500000000000002 0.022499999999999999 0.0035991566566569272
-0.017000000000000001 0.022499999999999999 0.0066086184687066257
-0.016500000000000001 0.022499999999999999 0.011845167507973623
-0.016 0.022499999999999999 0.020711132445974108
-0.0155 0.022499999999999999 0.035307565597988054
-0.015000000000000001 0.022499999999999999 0.0586617294488734
-0.014500000000000001 0.022499999999999999 0.094958850434068959
-0.014 0.022499999999999999 0.14973579500752554
-0.0135 0.022499999999999999 0.22997821837722907
-0.012999999999999999 0.022499999999999999 0.34405452683369037
-0.012500000000000001 0.022499999999999999 0.5014281573693653
-0.012 0.022499999999999999 0.71212229771988744
-0.0115 0.022499999999999999 0.98597236262285293
-0.010999999999999999 0.022499999999999999 1.3317871876209302
-0.010499999999999999 0.022499999999999999 1.7566341171801849
-0.010000000000000002 0.022499999999999999 2.2655374915025539
-0.0095000000000000015 0.022499999999999999 2.8618972369357172
-0.0090000000000000011 0.022499999999999999 3.5488576319066789
-0.0085000000000000006 0.022499999999999999 4.331663558245757
-0.0080000000000000002 0.022499999999999999 5.2207399076407182
-0.0074999999999999997 0.022499999999999999 6.2348671704732981
-0.0069999999999999993 0.022499999999999999 7.4034921170827772
-0.0064999999999999988 0.022499999999999999 8.7670245102536892
-0.0059999999999999984 0.022499999999999999 10.374045804153974
-0.0054999999999999979 0.022499999999999999 12.274770443293752
-0.005000000000000001 0.022499999999999999 14.510851620432302
-0.0044999999999999971 0.022499999999999999 17.102602855534712
-0.0040000000000000001 0.022499999999999999 20.035702916719718
-0.0035000000000000031 0.022499999999999999 23.250186935938931
-0.0029999999999999992 0.022499999999999999 26.634727701826961
-0.0025000000000000022 0.022499999999999999 30.02869575481985
-0.0019999999999999983 0.022499999999999999 33.233241724712897
-0.0015000000000000013 0.022499999999999999 36.030864283949228
-0.00099999999999999742 0.022499999999999999 38.210994193836378
-0.00050000000000000044 0.022499999999999999 39.597522357211062
0 0.022499999999999999 40.073379815421362
0.00050000000000000044 0.022499999999999999 39.597522357205939
0.0010000000000000009 0.022499999999999999 38.210994193824291
0.0015000000000000013 0.022499999999999999 36.03086428392605
0.0020000000000000018 0.022499999999999999 33.233241724671373
0.0024999999999999988 0.022499999999999999 30.028695754748274
0.0030000000000000027 0.022499999999999999 26.634727701707103
0.0034999999999999996 0.022499999999999999 23.250186935744072
0.0040000000000000036 0.022499999999999999 20.035702916411452
0.0045000000000000005 0.022499999999999999 17.102602855060603
0.0049999999999999975 0.022499999999999999 14.510851619723081
0.0055000000000000014 0.022499999999999999 12.274770442261779
0.0059999999999999984 0.022499999999999999 10.374045802693626
0.0064999999999999988 0.022499999999999999 8.767024508243713
0.0069999999999999993 0.022499999999999999 7.4034921143921153
0.0074999999999999997 0.022499999999999999 6.2348671669700968
0.0080000000000000002 0.022499999999999999 5.2207399032045725
0.0085000000000000006 0.022499999999999999 4.3316635527820955
0.0090000000000000011 0.022499999999999999 3.5488576253618533
0.0095000000000000015 0.022499999999999999 2.8618972293105629
0.010000000000000002 0.022499999999999999 2.2655374828621224
0.010500000000000002 0.022499999999999999 1.7566341076575165
0.011000000000000003 0.022499999999999999 1.3317871774134638
0.011500000000000003 0.022499999999999999 0.98597235198109134
0.012000000000000004 0.022499999999999999 0.71212228692929302
0.012499999999999997 0.022499999999999999 0.50142814672760827
0.013000000000000005 0.022499999999999999 0.34405451662622599
0.013499999999999998 0.022499999999999999 0.22997820885456483
0.014000000000000005 0.022499999999999999 0.1497357863670937
0.014499999999999999 0.022499999999999999 0.094958842808915381
0.014999999999999999 0.022499999999999999 0.058661722904048121
0.0155 0.022499999999999999 0.035307560134326475
0.016000000000000007 0.022499999999999999 0.020711128009828494
0.016500000000000001 0.022499999999999999 0.011845164004780948
0.017000000000000001 0.022499999999999999 0.0066086157780484087
0.017500000000000002 0.022499999999999999 0.0035991546466881351
0.017999999999999995 0.022499999999999999 0.0019149696809420318
0.018500000000000003 0.022499999999999999 0.00099634733206190084
0.019000000000000003 0.022499999999999999 0.00050749031138978969
0.019500000000000003 0.022499999999999999 0.00025336791678611924
0.019999999999999997 0.022499999999999999 0.00012415507718477266
0.020499999999999997 0.022499999999999999 5.9795327251941392e-05
0.021000000000000005 0.022499999999999999 2.8342926746983181e-05
0.021500000000000005 0.022499999999999999 1.3237999416211685e-05
0.021999999999999999 0.022499999999999999 6.0984585299740353e-06
0.022499999999999999 0.022499999999999999 2.7727435444787872e-06
0.023000000000000007 0.022499999999999999 1.2444724159217193e-06
0.023500000000000007 0.022499999999999999 5.5125455948346802e-07
0.024 0.022499999999999999 2.4084519210140701e-07
0.024500000000000001 0.022499999999999999 1.0368645838754611e-07
0.025000000000000001 0.022499999999999999 4.3931685932272065e-08
-0.025000000000000001 0.023000000000000007 1.8415262771011691e-08
-0.024500000000000001 0.023000000000000007 4.3980141258627808e-08
-0.024 0.023000000000000007 1.0349839749714374e-07
-0.0235 0.023000000000000007 2.4023125491359229e-07
-0.023 0.023000000000000007 5.5032180627577514e-07
-0.022500000000000003 0.023000000000000007 1.2444854062851379e-06
-0.022000000000000002 0.023000000000000007 2.77750380462028e-06
-0.021500000000000002 0.023000000000000007 6.1141955480309516e-06
-0.021000000000000001 0.023000000000000007 1.3262451542992436e-05
-0.020500000000000001 0.023000000000000007 2.8312771610446432e-05
-0.02 0.023000000000000007 5.9405955653347612e-05
-0.0195 0.023000000000000007 0.00012233911298266829
-0.019 0.023000000000000007 0.00024694813383681119
-0.018500000000000003 0.023000000000000007 0.00048799095669401171
-0.018000000000000002 0.023000000000000007 0.00094297832433584672
-0.017500000000000002 0.023000000000000007 0.0017801559744243371
-0.017000000000000001 0.023000000000000007 0.0032804091738228122
-0.016500000000000001 0.023000000000000007 0.0058968536707829844
-0.016 0.023000000000000007 0.01033475986564435
-0.0155 0.023000000000000007 0.017651623556217105
-0.015000000000000001 0.023000000000000007 0.02937217177626706
-0.014500000000000001 0.023000000000000007 0.047605857247306732
-0.014 0.023000000000000007 0.075145793826481525
-0.0135 0.023000000000000007 0.11552018279784614
-0.012999999999999999 0.023000000000000007 0.17296345762635168
-0.012500000000000001 0.023000000000000007 0.25227891246011841
-0.012 0.023000000000000007 0.35858152684419825
-0.0115 0.023000000000000007 0.49694104783779491
-0.010999999999999999 0.023000000000000007 0.67198889448757371
-0.010499999999999999 0.023000000000000007 0.88759982341437826
-0.010000000000000002 0.023000000000000007 1.1467958070141913
-0.0095000000000000015 0.023000000000000007 1.4520260135292287
-0.0090000000000000011 0.023000000000000007 1.8059342644239471
-0.0085000000000000006 0.023000000000000007 2.2126225437012166
-0.0080000000000000002 0.023000000000000007 2.6792601477338298
-0.0074999999999999997 0.023000000000000007 3.2176982639319749
-0.0069999999999999993 0.023000000000000007 3.8455764112397111
-0.0064999999999999988 0.023000000000000007 4.5863123779922503
-0.0059999999999999984 0.023000000000000007 5.4674128507444371
-0.0054999999999999979 0.023000000000000007 6.5167684347705714
-0.005000000000000001 0.023000000000000007 7.7570024611379242
-0.0044999999999999971 0.023000000000000007 9.1984698312799011
-0.0040000000000000001 0.023000000000000007 10.832036609192128
-0.0035000000000000031 0.023000000000000007 12.623163812914632
-0.0029999999999999992 0.023000000000000007 14.508922332445055
-0.0025000000000000022 0.023000000000000007 16.399281373351236
-0.0019999999999999983 0.023000000000000007 18.183332802637757
-0.0015000000000000013 0.023000000000000007 19.740143781693565
-0.00099999999999999742 0.023000000000000007 20.952877575988982
-0.00050000000000000044 0.023000000000000007 21.723950331336521
0 0.023000000000000007 21.988546383646984
0.00050000000000000044 0.023000000000000007 21.723950331335072
0.0010000000000000009 0.023000000000000007 20.952877575985568
0.0015000000000000013 0.023000000000000007 19.740143781687017
0.0020000000000000018 0.023000000000000007 18.183332802626023
0.0024999999999999988 0.023000000000000007 16.399281373331
0.0030000000000000027 0.023000000000000007 14.508922332411172
0.0034999999999999996 0.023000000000000007 12.623163812859586
0.0040000000000000036 0.023000000000000007 10.832036609105021
0.0045000000000000005 0.023000000000000007 9.1984698311459372
0.0049999999999999975 0.023000000000000007 7.7570024609375388
0.0055000000000000014 0.023000000000000007 6.5167684344789798
0.0059999999999999984 0.023000000000000007 5.4674128503318071
0.0064999999999999988 0.023000000000000007 4.5863123774243268
0.0069999999999999993 0.023000000000000007 3.845576410479453
0.0074999999999999997 0.023000000000000007 3.2176982629421351
0.0080000000000000002 0.023000000000000007 2.6792601464803831
0.0085000000000000006 0.023000000000000007 2.2126225421574426
0.0090000000000000011 0.023000000000000007 1.8059342625746866
0.0095000000000000015 0.023000000000000007 1.4520260113747179
0.010000000000000002 0.023000000000000007 1.1467958045728108
0.010500000000000002 0.023000000000000007 0.8875998207237199
0.011000000000000003 0.023000000000000007 0.67198889160342334
0.011500000000000003 0.023000000000000007 0.49694104483093293
0.012000000000000004 0.023000000000000007 0.35858152379528296
0.012499999999999997 0.023000000000000007 0.25227890945325743
0.013000000000000005 0.023000000000000007 0.17296345474220112
0.013499999999999998 0.023000000000000007 0.11552018010718849
0.014000000000000005 0.023000000000000007 0.075145791385101052
0.014499999999999999 0.023000000000000007 0.047605855092796384
0.014999999999999999 0.023000000000000007 0.029372169927006652
0.0155 0.023000000000000007 0.017651622012442799
0.016000000000000007 0.023000000000000007 0.010334758612197775
0.016500000000000001 0.023000000000000007 0.0058968526809451546
0.017000000000000001 0.023000000000000007 0.0032804084135690898
0.017500000000000002 0.023000000000000007 0.0017801554065014851
0.017999999999999995 0.023000000000000007 0.00094297791171005154
0.018500000000000003 0.023000000000000007 0.00048799066511269717
0.019000000000000003 0.023000000000000007 0.0002469479334360997
0.019500000000000003 0.023000000000000007 0.00012233897902268214
0.019999999999999997 0.023000000000000007 5.9405868559557973e-05
0.020499999999999997 0.023000000000000007 2.8312716537850124e-05
0.021000000000000005 0.023000000000000007 1.3262417672603747e-05
0.021500000000000005 0.023000000000000007 6.1141752879548972e-06
0.021999999999999999 0.023000000000000007 2.7774920177575399e-06
0.022499999999999999 0.023000000000000007 1.2444787368101782e-06
0.023000000000000007 0.023000000000000007 5.5031813580870839e-07
0.023500000000000007 0.023000000000000007 2.402292902541463e-07
0.024 0.023000000000000007 1.0349737470003144e-07
0.024500000000000001 0.023000000000000007 4.3979623380021216e-08
0.025000000000000001 0.023000000000000007 1.8415007734292566e-08
-0.025000000000000001 0.023500000000000007 7.5969909263572836e-09
-0.024500000000000001 0.023500000000000007 1.8381562777662234e-08
-0.024 0.023500000000000007 4.3867416915689592e-08
-0.0235 0.023500000000000007 1.0332202737396797e-07
-0.023 0.023500000000000007 2.402312549135924e-07
-0.022500000000000003 0.023500000000000007 5.5126151272394959e-07
-0.022000000000000002 0.023500000000000007 1.2476861926272908e-06
-0.021500000000000002 0.023500000000000007 2.7826110656923161e-06
-0.021000000000000001 0.023500000000000007 6.107636827634025e-06
-0.020500000000000001 0.023500000000000007 1.3175957552481175e-05
-0.02 0.023500000000000007 2.7898308686962025e-05
-0.0195 0.023500000000000007 5.7899818524197188e-05
-0.019 0.023500000000000007 0.00011763596556301821
-0.018500000000000003 0.023500000000000007 0.00023371368472869486
-0.018000000000000002 0.023500000000000007 0.00045361838968045948
-0.017500000000000002 0.023500000000000007 0.00085941970094577705
-0.017000000000000001 0.023500000000000007 0.0015883078858841403
-0.016500000000000001 0.023500000000000007 0.0028618122082112387
-0.016 0.023500000000000007 0.0050250101916495355
-0.0155 0.023500000000000007 0.008595659477899753
-0.015000000000000001 0.023500000000000007 0.01432074383992092
-0.014500000000000001 0.023500000000000007 0.023234420700802672
-0.014 0.023500000000000007 0.036707213507145404
-0.0135 0.023500000000000007 0.056472532879464993
-0.012999999999999999 0.023500000000000007 0.084614904337893981
-0.012500000000000001 0.023500000000000007 0.123506729390125
-0.012 0.023500000000000007 0.17568898312339207
-0.0115 0.023500000000000007 0.24370688814949709
-0.010999999999999999 0.023500000000000007 0.32993311048402013
-0.010499999999999999 0.023500000000000007 0.43643418714029458
-0.010000000000000002 0.023500000000000007 0.56495328889656315
-0.0095000000000000015 0.023500000000000007 0.7170843872417586
-0.0090000000000000011 0.023500000000000007 0.89468997592241706
-0.0085000000000000006 0.023500000000000007 1.1005610841036193
-0.0080000000000000002 0.023500000000000007 1.3392366587706797
-0.0074999999999999997 0.023500000000000007 1.617802589646768
-0.0069999999999999993 0.023500000000000007 1.9464030113373889
-0.0064999999999999988 0.023500000000000007 2.3381500095220482
-0.0059999999999999984 0.023500000000000007 2.8081443329739062
-0.0054999999999999979 0.023500000000000007 3.3714401204284541
-0.005000000000000001 0.023500000000000007 4.0400000091450696
-0.0044999999999999971 0.023500000000000007 4.8189630219544881
-0.0040000000000000001 0.023500000000000007 5.7028269652376338
-0.0035000000000000031 0.023500000000000007 6.6723514447629695
-0.0029999999999999992 0.023500000000000007 7.6930394621919396
-0.0025000000000000022 0.023500000000000007 8.7159028156406091
-0.0019999999999999983 0.023500000000000007 9.6808551093580864
-0.0015000000000000013 0.023500000000000007 10.522561702249734
-0.00099999999999999742 0.023500000000000007 11.178018073690225
-0.00050000000000000044 0.023500000000000007 11.594666107015861
0 0.023500000000000007 11.737622437759255
0.00050000000000000044 0.023500000000000007 11.594666107015463
0.0010000000000000009 0.023500000000000007 11.178018073689287
0.0015000000000000013 0.023500000000000007 10.522561702247932
0.0020000000000000018 0.023500000000000007 9.6808551093548463
0.0024999999999999988 0.023500000000000007 8.7159028156350615
0.0030000000000000027 0.023500000000000007 7.6930394621826323
0.0034999999999999996 0.023500000000000007 6.6723514447478403
0.0040000000000000036 0.023500000000000007 5.7028269652136965
0.0045000000000000005 0.023500000000000007 4.8189630219176642
0.0049999999999999975 0.023500000000000007 4.0400000090899981
0.0055000000000000014 0.023500000000000007 3.371440120348316
0.0059999999999999984 0.023500000000000007 2.8081443328605098
0.0064999999999999988 0.023500000000000007 2.3381500093659717
0.0069999999999999993 0.023500000000000007 1.9464030111284576
0.0074999999999999997 0.023500000000000007 1.6178025893747445
0.0080000000000000002 0.023500000000000007 1.3392366584262152
0.0085000000000000006 0.023500000000000007 1.1005610836793693
0.0090000000000000011 0.023500000000000007 0.89468997541421591
0.0095000000000000015 0.023500000000000007 0.71708438664967122
0.010000000000000002 0.023500000000000007 0.5649532882256405
0.010500000000000002 0.023500000000000007 0.43643418640086684
0.011000000000000003 0.023500000000000007 0.3299331096914187
0.011500000000000003 0.023500000000000007 0.24370688732317336
0.012000000000000004 0.023500000000000007 0.17568898228551177
0.012499999999999997 0.023500000000000007 0.12350672856380238
0.013000000000000005 0.023500000000000007 0.084614903545293482
0.013499999999999998 0.023500000000000007 0.056472532140038799
0.014000000000000005 0.023500000000000007 0.03670721283622369
0.014499999999999999 0.023500000000000007 0.0232344201087165
0.014999999999999999 0.023500000000000007 0.01432074333172125
0.0155 0.023500000000000007 0.0085956590536514447
0.016000000000000007 0.023500000000000007 0.0050250098471868792
0.016500000000000001 0.023500000000000007 0.0028618119361915428
0.017000000000000001 0.023500000000000007 0.0015883076769569989
0.017500000000000002 0.023500000000000007 0.00085941954487354607
0.017999999999999995 0.023500000000000007 0.00045361827628578449
0.018500000000000003 0.023500000000000007 0.00023371360459854043
0.019000000000000003 0.023500000000000007 0.00011763591049042086
0.019500000000000003 0.023500000000000007 5.7899781710334588e-05
0.019999999999999997 0.023500000000000007 2.7898284752510304e-05
0.020499999999999997 0.023500000000000007 1.3175942417849886e-05
0.021000000000000005 0.023500000000000007 6.1076275196318656e-06
0.021500000000000005 0.023500000000000007 2.7826054979725749e-06
0.021999999999999999 0.023500000000000007 1.2476829534514813e-06
0.022499999999999999 0.023500000000000007 5.5125967986966247e-07
0.023000000000000007 0.023500000000000007 2.4023024622379857e-07
0.023500000000000007 0.023500000000000007 1.0332148746122806e-07
0.024 0.023500000000000007 4.3867135838380358e-08
0.024500000000000001 0.023500000000000007 1.8381420458209553e-08
0.025000000000000001 0.023500000000000007 7.5969208391093886e-09
-0.025000000000000001 0.024 3.0881900625365553e-09
-0.024500000000000001 0.024 7.5775253032034796e-09
-0.024 0.024 1.8350247112343024e-08
-0.0235 0.024 4.3867416915690148e-08
-0.023 0.024 1.0349839749714508e-07
-0.022500000000000003 0.024 2.4084881194214439e-07
-0.022000000000000002 0.024 5.5227391961853769e-07
-0.021500000000000002 0.024 1.2463433567580409e-06
-0.021000000000000001 0.024 2.7644489586836937e-06
-0.020500000000000001 0.024 6.0181823843980461e-06
-0.02 0.024 1.2841762209375747e-05
-0.0195 0.024 2.6825382154210903e-05
-0.019 0.024 5.4795653693931592e-05
-0.018500000000000003 0.024 0.0001093467106032819
-0.018000000000000002 0.024 0.00021299489116052738
-0.017500000000000002 0.024 0.00040470763558941695
-0.017000000000000001 0.024 0.0007496910214961031
-0.016500000000000001 0.024 0.001353321390929061
-0.016 0.024 0.0023798510963500114
-0.0155 0.024 0.0040758681030743822
-0.015000000000000001 0.024 0.0067973381816796184
-0.014500000000000001 0.024 0.01103741009351651
-0.014 0.024 0.01745022617662819
-0.0135 0.024 0.026864247720952188
-0.012999999999999999 0.024 0.040277877779643381
-0.012500000000000001 0.024 0.058831447825408126
-0.012 0.024 0.08375386275818833
-0.0115 0.024 0.11628979368046295
-0.010999999999999999 0.024 0.15762365499392925
-0.010499999999999999 0.024 0.20882761673308958
-0.010000000000000002 0.024 0.27086893445925264
-0.0095000000000000015 0.024 0.34471219827898503
-0.0090000000000000011 0.024 0.43154009518469733
-0.0085000000000000006 0.024 0.53308924115165823
-0.0080000000000000002 0.024 0.65205676701353033
-0.0074999999999999997 0.024 0.79248522693726009
-0.0069999999999999993 0.024 0.95999022713417648
-0.0064999999999999988 0.024 1.1616729758170286
-0.0059999999999999984 0.024 1.4055747320801655
-0.0054999999999999979 0.024 1.6995924171080052
-0.005000000000000001 0.024 2.0498839167727256
-0.0044999999999999971 0.024 2.4589324591258572
-0.0040000000000000001 0.024 2.9235816623721602
-0.0035000000000000031 0.024 3.4334564628845183
-0.0029999999999999992 0.024 3.9702104482303775
-0.0025000000000000022 0.024 4.5079603941723274
-0.0019999999999999983 0.024 5.015081876013566
-0.0015000000000000013 0.024 5.4572742395744358
-0.00099999999999999742 0.024 5.8015154241618614
-0.00050000000000000044 0.024 6.0202889218389561
0 0.024 6.0953440409503106
0.00050000000000000044 0.024 6.0202889218388504
0.0010000000000000009 0.024 5.80151542416161
0.0015000000000000013 0.024 5.4572742395739535
0.0020000000000000018 0.024 5.0150818760126947
0.0024999999999999988 0.024 4.5079603941708459
0.0030000000000000027 0.024 3.9702104482278888
0.0034999999999999996 0.024 3.4334564628804753
0.0040000000000000036 0.024 2.9235816623657569
0.0045000000000000005 0.024 2.4589324591160127
0.0049999999999999975 0.024 2.049883916758009
0.0055000000000000014 0.024 1.6995924170865835
0.0059999999999999984 0.024 1.4055747320498548
0.0064999999999999988 0.024 1.1616729757753119
0.0069999999999999993 0.024 0.9599902270783317
0.0074999999999999997 0.024 0.79248522686455236
0.0080000000000000002 0.024 0.65205676692146031
0.0085000000000000006 0.024 0.53308924103826272
0.0090000000000000011 0.024 0.43154009504886315
0.0095000000000000015 0.024 0.3447121981207294
0.010000000000000002 0.024 0.27086893427992581
0.010500000000000002 0.024 0.2088276165354522
0.011000000000000003 0.024 0.15762365478207951
0.011500000000000003 0.024 0.11628979345960004
0.012000000000000004 0.024 0.083753862534236542
0.012499999999999997 0.024 0.058831447604545666
0.013000000000000005 0.024 0.04027787756779401
0.013499999999999998 0.024 0.026864247523315676
0.014000000000000005 0.024 0.01745022599730163
0.014499999999999999 0.024 0.011037409935261526
0.014999999999999999 0.024 0.0067973380458461212
0.0155 0.024 0.0040758679896797101
0.016000000000000007 0.024 0.0023798510042807321
0.016500000000000001 0.024 0.0013533213182226162
0.017000000000000001 0.024 0.00074969096565327535
0.017500000000000002 0.024 0.00040470759387384683
0.017999999999999995 0.024 0.00021299486085197343
0.018500000000000003 0.024 0.00010934668918579375
0.019000000000000003 0.024 5.4795638973921171e-05
0.019500000000000003 0.024 2.682537231446342e-05
0.019999999999999997 0.024 1.2841755812085792e-05
0.020499999999999997 0.024 6.0181783391570337e-06
0.021000000000000005 0.024 2.7644464708059527e-06
0.021500000000000005 0.024 1.2463418685970213e-06
0.021999999999999999 0.024 5.5227305383947854e-07
0.022499999999999999 0.024 2.4084832204997472e-07
0.023000000000000007 0.024 1.0349812789075249e-07
0.023500000000000007 0.024 4.3867272605787395e-08
0.024 0.024 1.8350171984945277e-08
0.024500000000000001 0.024 7.5774872635262257e-09
0.025000000000000001 0.024 3.0881713293539951e-09
-0.025000000000000001 0.024500000000000001 1.2381847607639601e-09
-0.024500000000000001 0.024500000000000001 3.0829299465532006e-09
-0.024 0.024500000000000001 7.5775253032034796e-09
-0.0235 0.024500000000000001 1.8381562777662509e-08
-0.023 0.024500000000000001 4.3980141258628285e-08
-0.022500000000000003 0.024500000000000001 1.0368829124183797e-07
-0.022000000000000002 0.024500000000000001 2.4058892454109838e-07
-0.021500000000000002 0.024500000000000001 5.4866694131013378e-07
-0.021000000000000001 0.024500000000000001 1.2280815837050132e-06
-0.020500000000000001 0.024500000000000001 2.6943081707323531e-06
-0.02 0.024500000000000001 5.7866617513652354e-06
-0.0195 0.024500000000000001 1.215307288135565e-05
-0.019 0.024500000000000001 2.4934525925347369e-05
-0.018500000000000003 0.024500000000000001 4.9936329822721859e-05
-0.018000000000000002 0.024500000000000001 9.7552000408226476e-05
-0.017500000000000002 0.024500000000000001 0.00018578809886204747
-0.017000000000000001 0.024500000000000001 0.0003448007423875602
-0.016500000000000001 0.024500000000000001 0.00062335573171876438
-0.016 0.024500000000000001 0.0010975074279443188
-0.0155 0.024500000000000001 0.0018814933032139018
-0.015000000000000001 0.024500000000000001 0.0031403137412383633
-0.014500000000000001 0.024500000000000001 0.0051027137339601774
-0.014 0.024500000000000001 0.0080724035760406203
-0.0135 0.024500000000000001 0.01243458200171964
-0.012999999999999999 0.024500000000000001 0.018654531890855787
-0.012500000000000001 0.024500000000000001 0.02726571249235623
-0.012 0.024500000000000001 0.038846802910313658
-0.0115 0.024500000000000001 0.05399074408489412
-0.010999999999999999 0.024500000000000001 0.073273672203770721
-0.010499999999999999 0.024500000000000001 0.097236729354315404
-0.010000000000000002 0.024500000000000001 0.12639732978099838
-0.0095000000000000015 0.024500000000000001 0.16130629603111446
-0.0090000000000000011 0.024500000000000001 0.2026611648259953
-0.0085000000000000006 0.024500000000000001 0.25147262908768364
-0.0080000000000000002 0.024500000000000001 0.30926114706425012
-0.0074999999999999997 0.024500000000000001 0.37823744367975604
-0.0069999999999999993 0.024500000000000001 0.46139990629136146
-0.0064999999999999988 0.024500000000000001 0.56247157117191438
-0.0059999999999999984 0.024500000000000001 0.68560733886936887
-0.0054999999999999979 0.024500000000000001 0.83483340931424987
-0.005000000000000001 0.024500000000000001 1.0132354149874474
-0.0044999999999999971 0.024500000000000001 1.2219817317866777
-0.0040000000000000001 0.024500000000000001 1.4593389679028386
-0.0035000000000000031 0.024500000000000001 1.7198878057557874
-0.0029999999999999992 0.024500000000000001 1.9941594119891457
-0.0025000000000000022 0.024500000000000001 2.2688721652463473
-0.0019999999999999983 0.024500000000000001 2.5278543702886749
-0.0015000000000000013 0.024500000000000001 2.7536051937178261
-0.00099999999999999742 0.024500000000000001 2.9293015515861009
-0.00050000000000000044 0.024500000000000001 3.0409391295255896
0 0.024500000000000001 3.0792350425357049
0.00050000000000000044 0.024500000000000001 3.0409391295255617
0.0010000000000000009 0.024500000000000001 2.9293015515860357
0.0015000000000000013 0.024500000000000001 2.7536051937177008
0.0020000000000000018 0.024500000000000001 2.5278543702884462
0.0024999999999999988 0.024500000000000001 2.268872165245964
0.0030000000000000027 0.024500000000000001 1.9941594119884991
0.0034999999999999996 0.024500000000000001 1.719887805754738
0.0040000000000000036 0.024500000000000001 1.4593389679011757
0.0045000000000000005 0.024500000000000001 1.221981731784118
0.0049999999999999975 0.024500000000000001 1.0132354149836236
0.0055000000000000014 0.024500000000000001 0.83483340930868077
0.0059999999999999984 0.024500000000000001 0.68560733886149128
0.0064999999999999988 0.024500000000000001 0.56247157116107005
0.0069999999999999993 0.024500000000000001 0.4613999062768448
0.0074999999999999997 0.024500000000000001 0.37823744366085538
0.0080000000000000002 0.024500000000000001 0.30926114704031565
0.0085000000000000006 0.024500000000000001 0.25147262905820539
0.0090000000000000011 0.024500000000000001 0.20266116479068383
0.0095000000000000015 0.024500000000000001 0.16130629598997429
0.010000000000000002 0.024500000000000001 0.12639732973438045
0.010500000000000002 0.024500000000000001 0.097236729302937516
0.011000000000000003 0.024500000000000001 0.073273672148698121
0.011500000000000003 0.024500000000000001 0.053990744027478339
0.012000000000000004 0.024500000000000001 0.03884680285209488
0.012499999999999997 0.024500000000000001 0.027265712434940612
0.013000000000000005 0.024500000000000001 0.018654531835783191
0.013499999999999998 0.024500000000000001 0.012434581950341798
0.014000000000000005 0.024500000000000001 0.0080724035294226729
0.014499999999999999 0.024500000000000001 0.0051027136928200115
0.014999999999999999 0.024500000000000001 0.0031403137059269164
0.0155 0.024500000000000001 0.0018814932737356651
0.016000000000000007 0.024500000000000001 0.0010975074040098596
0.016500000000000001 0.024500000000000001 0.00062335571281789946
0.017000000000000001 0.024500000000000001 0.00034480072787058258
0.017500000000000002 0.024500000000000001 0.00018578808801761023
0.017999999999999995 0.024500000000000001 9.7551992529173787e-05
0.018500000000000003 0.024500000000000001 4.9936324255002132e-05
0.019000000000000003 0.024500000000000001 2.4934522098713291e-05
0.019500000000000003 0.024500000000000001 1.2153070323401421e-05
0.019999999999999997 0.024500000000000001 5.786660088316959e-06
0.020499999999999997 0.024500000000000001 2.6943071191259676e-06
0.021000000000000005 0.024500000000000001 1.2280809369528998e-06
0.021500000000000005 0.024500000000000001 5.4866655444574923e-07
0.021999999999999999 0.024500000000000001 2.4058869947198587e-07
0.022499999999999999 0.024500000000000001 1.0368816388879712e-07
0.023000000000000007 0.024500000000000001 4.398007117138021e-08
0.023500000000000007 0.024500000000000001 1.8381525262661919e-08
0.024 0.024500000000000001 7.5775057729819979e-09
0.024500000000000001 0.024500000000000001 3.0829200577064649e-09
0.025000000000000001 0.024500000000000001 1.2381798908600884e-09
-0.025000000000000001 0.025000000000000001 4.8995714034516966e-10
-0.024500000000000001 0.025000000000000001 1.2381847607639601e-09
-0.024 0.025000000000000001 3.0881900625365553e-09
-0.0235 0.025000000000000001 7.5969909263573729e-09
-0.023 0.025000000000000001 1.8415262771011999e-08
-0.022500000000000003 0.025000000000000001 4.393258854755551e-08
-0.022000000000000002 0.025000000000000001 1.0301075229646824e-07
-0.021500000000000002 0.025000000000000001 2.3706262561388128e-07
-0.021000000000000001 0.025000000000000001 5.3474231539963545e-07
-0.020500000000000001 0.025000000000000001 1.1808257791257113e-06
-0.02 0.025000000000000001 2.5497812553116061e-06
-0.0195 0.025000000000000001 5.3786730183060593e-06
-0.019 0.025000000000000001 1.1075037852614418e-05
-0.018500000000000003 0.025000000000000001 2.2244142718757415e-05
-0.018000000000000002 0.025000000000000001 4.3555514183329356e-05
-0.017500000000000002 0.025000000000000001 8.3105936091908494e-05
-0.017000000000000001 0.025000000000000001 0.00015446440655576715
-0.016500000000000001 0.025000000000000001 0.00027958548064069082
-0.016 0.025000000000000001 0.00049272557011660883
-0.0155 0.025000000000000001 0.00084536395559570696
-0.015000000000000001 0.025000000000000001 0.0014118956063081647
-0.014500000000000001 0.025000000000000001 0.0022955289693201322
-0.014 0.025000000000000001 0.0036334346175228645
-0.0135 0.025000000000000001 0.0055998564269857621
-0.012999999999999999 0.025000000000000001 0.0084057860913242556
-0.012500000000000001 0.025000000000000001 0.012294125380458272
-0.012 0.025000000000000001 0.017530210939672254
-0.0115 0.025000000000000001 0.024389231443723233
-0.010999999999999999 0.025000000000000001 0.033144275919998099
-0.010499999999999999 0.025000000000000001 0.044061042001476938
-0.010000000000000002 0.025000000000000001 0.057406788581441978
-0.0095000000000000015 0.025000000000000001 0.073480889937399749
-0.0090000000000000011 0.025000000000000001 0.092671321801130718
-0.0085000000000000006 0.025000000000000001 0.11553500452736828
-0.0080000000000000002 0.025000000000000001 0.14289045334458128
-0.0074999999999999997 0.025000000000000001 0.17590018441578065
-0.0069999999999999993 0.025000000000000001 0.21611063188760649
-0.0064999999999999988 0.025000000000000001 0.26541267603303687
-0.0059999999999999984 0.025000000000000001 0.32589000066178497
-0.0054999999999999979 0.025000000000000001 0.39953785469050296
-0.005000000000000001 0.025000000000000001 0.48786124845776213
-0.0044999999999999971 0.025000000000000001 0.59139549465818919
-0.0040000000000000001 0.025000000000000001 0.70922606317755654
-0.0035000000000000031 0.025000000000000001 0.83860934042009616
-0.0029999999999999992 0.025000000000000001 0.97480146253908895
-0.0025000000000000022 0.025000000000000001 1.1111824205845844
-0.0019999999999999983 0.025000000000000001 1.2397165596103636
-0.0015000000000000013 0.025000000000000001 1.3517253519625885
-0.00099999999999999742 0.025000000000000001 1.4388777086153481
-0.00050000000000000044 0.025000000000000001 1.4942446975227621
0 0.025000000000000001 1.513235952097135
0.00050000000000000044 0.025000000000000001 1.4942446975227552
0.0010000000000000009 0.025000000000000001 1.4388777086153315
0.0015000000000000013 0.025000000000000001 1.3517253519625567
0.0020000000000000018 0.025000000000000001 1.2397165596103046
0.0024999999999999988 0.025000000000000001 1.111182420584488
0.0030000000000000027 0.025000000000000001 0.97480146253892519
0.0034999999999999996 0.025000000000000001 0.83860934041983126
0.0040000000000000036 0.025000000000000001 0.70922606317713566
0.0045000000000000005 0.025000000000000001 0.59139549465754127
0.0049999999999999975 0.025000000000000001 0.48786124845679552
0.0055000000000000014 0.025000000000000001 0.39953785468909425
0.0059999999999999984 0.025000000000000001 0.32589000065979301
0.0064999999999999988 0.025000000000000001 0.26541267603029484
0.0069999999999999993 0.025000000000000001 0.21611063188393578
0.0074999999999999997 0.025000000000000001 0.17590018441100147
0.0080000000000000002 0.025000000000000001 0.14289045333852954
0.0085000000000000006 0.025000000000000001 0.11553500451991484
0.0090000000000000011 0.025000000000000001 0.092671321792202457
0.0095000000000000015 0.025000000000000001 0.073480889926997764
0.010000000000000002 0.025000000000000001 0.057406788569655025
0.010500000000000002 0.025000000000000001 0.044061041988486434
0.011000000000000003 0.025000000000000001 0.033144275906073439
0.011500000000000003 0.025000000000000001 0.02438923142920621
0.012000000000000004 0.025000000000000001 0.017530210924952213
0.012499999999999997 0.025000000000000001 0.012294125365941337
0.013000000000000005 0.025000000000000001 0.0084057860773996771
0.013499999999999998 0.025000000000000001 0.0055998564139954181
0.014000000000000005 0.025000000000000001 0.0036334346057359823
0.014499999999999999 0.025000000000000001 0.0022955289589182705
0.014999999999999999 0.025000000000000001 0.0014118955973800322
0.0155 0.025000000000000001 0.00084536394814244153
0.016000000000000007 0.025000000000000001 0.00049272556406502826
0.016500000000000001 0.025000000000000001 0.0002795854758618032
0.017000000000000001 0.025000000000000001 0.0001544644028853006
0.017500000000000002 0.025000000000000001 8.3105933350005368e-05
0.017999999999999995 0.025000000000000001 4.3555512191193049e-05
0.018500000000000003 0.025000000000000001 2.2244141311017411e-05
0.019000000000000003 0.025000000000000001 1.1075036885089767e-05
0.019500000000000003 0.025000000000000001 5.378672371553927e-06
0.019999999999999997 0.025000000000000001 2.5497808348271589e-06
0.020499999999999997 0.025000000000000001 1.1808255132379772e-06
0.021000000000000005 0.025000000000000001 5.3474215187508928e-07
0.021500000000000005 0.025000000000000001 2.3706252779924699e-07
0.021999999999999999 0.025000000000000001 1.0301069539008485e-07
0.022499999999999999 0.025000000000000001 4.3932556347664248e-08
0.023000000000000007 0.025000000000000001 1.8415245050180351e-08
0.023500000000000007 0.025000000000000001 7.5969814410797538e-09
0.024 0.025000000000000001 3.0881851245232424e-09
0.024500000000000001 0.025000000000000001 1.2381822604719492e-09
0.025000000000000001 0.025000000000000001 4.8995590904064493e-10
