% x(m) y(m) incident_basis(1/m^2)
-0.025000000000000001 -0.025000000000000001 9.0323823447408739e-19
-0.024500000000000001 -0.025000000000000001 2.4804379735547195e-18
-0.024 -0.025000000000000001 6.6740779852281086e-18
-0.0235 -0.025000000000000001 1.7595071251452162e-17
-0.023 -0.025000000000000001 4.5449345138710872e-17
-0.022500000000000003 -0.025000000000000001 1.15027340168364e-16
-0.022000000000000002 -0.025000000000000001 2.8524062035429786e-16
-0.021500000000000002 -0.025000000000000001 6.9304033991331055e-16
-0.021000000000000001 -0.025000000000000001 1.6498425643954455e-15
-0.020500000000000001 -0.025000000000000001 3.8482505535491626e-15
-0.02 -0.025000000000000001 8.7946998969218118e-15
-0.0195 -0.025000000000000001 1.9693166641430694e-14
-0.019 -0.025000000000000001 4.3206285843045602e-14
-0.018500000000000003 -0.025000000000000001 9.2878493066783252e-14
-0.018000000000000002 -0.025000000000000001 1.9562314365069132e-13
-0.017500000000000002 -0.025000000000000001 4.037031650136751e-13
-0.017000000000000001 -0.025000000000000001 8.162833199272191e-13
-0.016500000000000001 -0.025000000000000001 1.6171732066406376e-12
-0.016 -0.025000000000000001 3.1391278200567026e-12
-0.0155 -0.025000000000000001 5.9703296275813321e-12
-0.015000000000000001 -0.025000000000000001 1.1125626259674116e-11
-0.014500000000000001 -0.025000000000000001 2.0313626881594157e-11
-0.014 -0.025000000000000001 3.6340200811472478e-11
-0.0135 -0.025000000000000001 6.3697739714263354e-11
-0.012999999999999999 -0.025000000000000001 1.0939502407590728e-10
-0.012500000000000001 -0.025000000000000001 1.8408057483208055e-10
-0.012 -0.025000000000000001 3.0349755924835786e-10
-0.0115 -0.025000000000000001 4.9027448375036308e-10
-0.010999999999999999 -0.025000000000000001 7.7599732937947785e-10
-0.010499999999999999 -0.025000000000000001 1.2034221741415439e-09
-0.010000000000000002 -0.025000000000000001 1.8285744181902641e-09
-0.0095000000000000015 -0.025000000000000001 2.7223509871292104e-09
-0.0090000000000000011 -0.025000000000000001 3.971114798302569e-09
-0.0085000000000000006 -0.025000000000000001 5.6756762430614784e-09
-0.0080000000000000002 -0.025000000000000001 7.94803248536401e-09
-0.0074999999999999997 -0.025000000000000001 1.0905322169837134e-08
-0.0069999999999999993 -0.025000000000000001 1.4660683368656002e-08
-0.0064999999999999988 -0.025000000000000001 1.9311089453026819e-08
-0.0059999999999999984 -0.025000000000000001 2.4922762805688552e-08
-0.0054999999999999979 -0.025000000000000001 3.1515372174236451e-08
-0.005000000000000001 -0.025000000000000001 3.9046808586685602e-08
-0.0044999999999999971 -0.025000000000000001 4.7400780633805861e-08
-0.0040000000000000001 -0.025000000000000001 5.6379639152364042e-08
-0.0035000000000000031 -0.025000000000000001 6.5704624416992643e-08
-0.0029999999999999992 -0.025000000000000001 7.5025073507730923e-08
-0.0025000000000000022 -0.025000000000000001 8.3937063087829584e-08
-0.0019999999999999983 -0.025000000000000001 9.2010619869890671e-08
-0.0015000000000000013 -0.025000000000000001 9.8823217806150774e-08
-0.00099999999999999742 -0.025000000000000001 1.0399605683217483e-07
-0.00050000000000000044 -0.025000000000000001 1.0722883849235056e-07
0 -0.025000000000000001 1.0832861185965878e-07
0.00050000000000000044 -0.025000000000000001 1.0722883849235056e-07
0.0010000000000000009 -0.025000000000000001 1.0399605683217483e-07
0.0015000000000000013 -0.025000000000000001 9.8823217806150774e-08
0.0020000000000000018 -0.025000000000000001 9.2010619869890671e-08
0.0024999999999999988 -0.025000000000000001 8.3937063087829584e-08
0.0030000000000000027 -0.025000000000000001 7.5025073507730923e-08
0.0034999999999999996 -0.025000000000000001 6.5704624416992643e-08
0.0040000000000000036 -0.025000000000000001 5.6379639152363843e-08
0.0045000000000000005 -0.025000000000000001 4.7400780633805861e-08
0.0049999999999999975 -0.025000000000000001 3.9046808586685741e-08
0.0055000000000000014 -0.025000000000000001 3.1515372174236451e-08
0.0059999999999999984 -0.025000000000000001 2.4922762805688552e-08
0.0064999999999999988 -0.025000000000000001 1.9311089453026819e-08
0.0069999999999999993 -0.025000000000000001 1.4660683368656002e-08
0.0074999999999999997 -0.025000000000000001 1.0905322169837134e-08
0.0080000000000000002 -0.025000000000000001 7.94803248536401e-09
0.0085000000000000006 -0.025000000000000001 5.6756762430614784e-09
0.0090000000000000011 -0.025000000000000001 3.971114798302569e-09
0.0095000000000000015 -0.025000000000000001 2.7223509871292104e-09
0.010000000000000002 -0.025000000000000001 1.8285744181902641e-09
0.010500000000000002 -0.025000000000000001 1.2034221741415398e-09
0.011000000000000003 -0.025000000000000001 7.7599732937947785e-10
0.011500000000000003 -0.025000000000000001 4.9027448375035956e-10
0.012000000000000004 -0.025000000000000001 3.0349755924835786e-10
0.012499999999999997 -0.025000000000000001 1.8408057483208185e-10
0.013000000000000005 -0.025000000000000001 1.093950240759065e-10
0.013499999999999998 -0.025000000000000001 6.3697739714263807e-11
0.014000000000000005 -0.025000000000000001 3.6340200811471955e-11
0.014499999999999999 -0.025000000000000001 2.0313626881594157e-11
0.014999999999999999 -0.025000000000000001 1.1125626259674194e-11
0.0155 -0.025000000000000001 5.9703296275813321e-12
0.016000000000000007 -0.025000000000000001 3.1391278200566577e-12
0.016500000000000001 -0.025000000000000001 1.6171732066406376e-12
0.017000000000000001 -0.025000000000000001 8.162833199272191e-13
0.017500000000000002 -0.025000000000000001 4.037031650136751e-13
0.017999999999999995 -0.025000000000000001 1.9562314365069269e-13
0.018500000000000003 -0.025000000000000001 9.2878493066783252e-14
0.019000000000000003 -0.025000000000000001 4.3206285843045293e-14
0.019500000000000003 -0.025000000000000001 1.9693166641430555e-14
0.019999999999999997 -0.025000000000000001 8.7946998969219365e-15
0.020499999999999997 -0.025000000000000001 3.848250553549217e-15
0.021000000000000005 -0.025000000000000001 1.6498425643954221e-15
0.021500000000000005 -0.025000000000000001 6.9304033991330562e-16
0.021999999999999999 -0.025000000000000001 2.8524062035429786e-16
0.022499999999999999 -0.025000000000000001 1.1502734016836562e-16
0.023000000000000007 -0.025000000000000001 4.5449345138709904e-17
0.023500000000000007 -0.025000000000000001 1.7595071251452039e-17
0.024 -0.025000000000000001 6.6740779852281086e-18
0.024500000000000001 -0.025000000000000001 2.4804379735547195e-18
0.025000000000000001 -0.025000000000000001 9.0323823447408739e-19
-0.025000000000000001 -0.024500000000000001 2.4804379735547195e-18
-0.024500000000000001 -0.024500000000000001 6.811683015427968e-18
-0.024 -0.024500000000000001 1.8328095336513682e-17
-0.0235 -0.024500000000000001 4.8318905482244922e-17
-0.023 -0.024500000000000001 1.2481123722679082e-16
-0.022500000000000003 -0.024500000000000001 3.1588364139250077e-16
-0.022000000000000002 -0.024500000000000001 7.833167810251818e-16
-0.021500000000000002 -0.024500000000000001 1.9032006293745557e-15
-0.021000000000000001 -0.024500000000000001 4.5307339646623015e-15
-0.020500000000000001 -0.024500000000000001 1.0567917123586093e-14
-0.02 -0.024500000000000001 2.4151665372142333e-14
-0.0195 -0.024500000000000001 5.4080614053486976e-14
-0.019 -0.024500000000000001 1.1865143437351391e-13
-0.018500000000000003 -0.024500000000000001 2.5505933245122947e-13
-0.018000000000000002 -0.024500000000000001 5.372127258317972e-13
-0.017500000000000002 -0.024500000000000001 1.1086340483883428e-12
-0.017000000000000001 -0.024500000000000001 2.2416457437784549e-12
-0.016500000000000001 -0.024500000000000001 4.4410186354680591e-12
-0.016 -0.024500000000000001 8.6205516457619242e-12
-0.0155 -0.024500000000000001 1.6395488762180372e-11
-0.015000000000000001 -0.024500000000000001 3.0552765373292148e-11
-0.014500000000000001 -0.024500000000000001 5.5784498014597275e-11
-0.014 -0.024500000000000001 9.979605669800322e-11
-0.0135 -0.024500000000000001 1.7492427400270467e-10
-0.012999999999999999 -0.024500000000000001 3.0041639235279586e-10
-0.012500000000000001 -0.024500000000000001 5.0551496889758223e-10
-0.012 -0.024500000000000001 8.3345328187875752e-10
-0.0115 -0.024500000000000001 1.3463728621579172e-09
-0.010999999999999999 -0.024500000000000001 2.1310139116183895e-09
-0.010499999999999999 -0.024500000000000001 3.3047915212496597e-09
-0.010000000000000002 -0.024500000000000001 5.0215604823137014e-09
-0.0095000000000000015 -0.024500000000000001 7.4760151952061923e-09
-0.0090000000000000011 -0.024500000000000001 1.0905322169837134e-08
-0.0085000000000000006 -0.024500000000000001 1.5586323011546527e-08
-0.0080000000000000002 -0.024500000000000001 2.1826580008786193e-08
-0.0074999999999999997 -0.024500000000000001 2.9947774785754261e-08
-0.0069999999999999993 -0.024500000000000001 4.0260602749008026e-08
-0.0064999999999999988 -0.024500000000000001 5.3031368427278529e-08
-0.0059999999999999984 -0.024500000000000001 6.8441929171789034e-08
-0.0054999999999999979 -0.024500000000000001 8.6546298537950977e-08
-0.005000000000000001 -0.024500000000000001 1.0722883849235056e-07
-0.0044999999999999971 -0.024500000000000001 1.3017019405593223e-07
-0.0040000000000000001 -0.024500000000000001 1.5482758872609335e-07
-0.0035000000000000031 -0.024500000000000001 1.8043550330545192e-07
-0.0029999999999999992 -0.024500000000000001 2.0603096081917399e-07
-0.0025000000000000022 -0.024500000000000001 2.305047225917498e-07
-0.0019999999999999983 -0.024500000000000001 2.5267601257875394e-07
-0.0015000000000000013 -0.024500000000000001 2.7138450605777408e-07
-0.00099999999999999742 -0.024500000000000001 2.8558995691394464e-07
-0.00050000000000000044 -0.024500000000000001 2.9446769712030348e-07
0 -0.024500000000000001 2.9748785228918185e-07
0.00050000000000000044 -0.024500000000000001 2.9446769712030348e-07
0.0010000000000000009 -0.024500000000000001 2.8558995691394464e-07
0.0015000000000000013 -0.024500000000000001 2.7138450605777408e-07
0.0020000000000000018 -0.024500000000000001 2.5267601257875394e-07
0.0024999999999999988 -0.024500000000000001 2.305047225917498e-07
0.0030000000000000027 -0.024500000000000001 2.0603096081917399e-07
0.0034999999999999996 -0.024500000000000001 1.8043550330545192e-07
0.0040000000000000036 -0.024500000000000001 1.5482758872609279e-07
0.0045000000000000005 -0.024500000000000001 1.3017019405593223e-07
0.0049999999999999975 -0.024500000000000001 1.0722883849235096e-07
0.0055000000000000014 -0.024500000000000001 8.6546298537950977e-08
0.0059999999999999984 -0.024500000000000001 6.8441929171789034e-08
0.0064999999999999988 -0.024500000000000001 5.3031368427278529e-08
0.0069999999999999993 -0.024500000000000001 4.0260602749008026e-08
0.0074999999999999997 -0.024500000000000001 2.9947774785754261e-08
0.0080000000000000002 -0.024500000000000001 2.1826580008786193e-08
0.0085000000000000006 -0.024500000000000001 1.5586323011546527e-08
0.0090000000000000011 -0.024500000000000001 1.0905322169837134e-08
0.0095000000000000015 -0.024500000000000001 7.4760151952061923e-09
0.010000000000000002 -0.024500000000000001 5.0215604823137014e-09
0.010500000000000002 -0.024500000000000001 3.3047915212496477e-09
0.011000000000000003 -0.024500000000000001 2.1310139116183895e-09
0.011500000000000003 -0.024500000000000001 1.3463728621579075e-09
0.012000000000000004 -0.024500000000000001 8.3345328187875752e-10
0.012499999999999997 -0.024500000000000001 5.0551496889758575e-10
0.013000000000000005 -0.024500000000000001 3.0041639235279374e-10
0.013499999999999998 -0.024500000000000001 1.7492427400270529e-10
0.014000000000000005 -0.024500000000000001 9.9796056698002497e-11
0.014499999999999999 -0.024500000000000001 5.5784498014597675e-11
0.014999999999999999 -0.024500000000000001 3.0552765373292148e-11
0.0155 -0.024500000000000001 1.6395488762180372e-11
0.016000000000000007 -0.024500000000000001 8.620551645761803e-12
0.016500000000000001 -0.024500000000000001 4.4410186354680591e-12
0.017000000000000001 -0.024500000000000001 2.2416457437784549e-12
0.017500000000000002 -0.024500000000000001 1.1086340483883428e-12
0.017999999999999995 -0.024500000000000001 5.3721272583180488e-13
0.018500000000000003 -0.024500000000000001 2.5505933245122947e-13
0.019000000000000003 -0.024500000000000001 1.1865143437351305e-13
0.019500000000000003 -0.024500000000000001 5.4080614053486207e-14
0.019999999999999997 -0.024500000000000001 2.41516653721425e-14
0.020499999999999997 -0.024500000000000001 1.0567917123586168e-14
0.021000000000000005 -0.024500000000000001 4.5307339646622699e-15
0.021500000000000005 -0.024500000000000001 1.9032006293745423e-15
0.021999999999999999 -0.024500000000000001 7.833167810251818e-16
0.022499999999999999 -0.024500000000000001 3.1588364139250299e-16
0.023000000000000007 -0.024500000000000001 1.2481123722678902e-16
0.023500000000000007 -0.024500000000000001 4.8318905482244583e-17
0.024 -0.024500000000000001 1.8328095336513682e-17
0.024500000000000001 -0.024500000000000001 6.811683015427968e-18
0.025000000000000001 -0.024500000000000001 2.4804379735547195e-18
-0.025000000000000001 -0.024 6.6740779852281086e-18
-0.024500000000000001 -0.024 1.8328095336513682e-17
-0.024 -0.024 4.9315136641488895e-17
-0.0235 -0.024 1.300109685416638e-16
-0.023 -0.024 3.3582776088959567e-16
-0.022500000000000003 -0.024 8.4994346941483257e-16
-0.022000000000000002 -0.024 2.107658945491687e-15
-0.021500000000000002 -0.024 5.1209139504414181e-15
-0.021000000000000001 -0.024 1.2190779262721549e-14
-0.020500000000000001 -0.024 2.8434939222915689e-14
-0.02 -0.024 6.4984530911614878e-14
-0.0195 -0.024 1.4551391307912111e-13
-0.019 -0.024 3.1925366992069935e-13
-0.018500000000000003 -0.024 6.8628439565460769e-13
-0.018000000000000002 -0.024 1.4454703826841374e-12
-0.017500000000000002 -0.024 2.982985333601924e-12
-0.017000000000000001 -0.024 6.0315632435635777e-12
-0.016500000000000001 -0.024 1.194938354555524e-11
-0.016 -0.024 2.319519156411269e-11
-0.0155 -0.024 4.4115100547306192e-11
-0.015000000000000001 -0.024 8.2207876568468614e-11
-0.014500000000000001 -0.024 1.500985286008449e-10
-0.014 -0.024 2.6851978244237527e-10
-0.0135 -0.024 4.7066617212377804e-10
-0.012999999999999999 -0.024 8.0832596984075075e-10
-0.012500000000000001 -0.024 1.3601816941576542e-09
-0.012 -0.024 2.2425604911746606e-09
-0.0115 -0.024 3.6226656643057091e-09
-0.010999999999999999 -0.024 5.7338877994053482e-09
-0.010499999999999999 -0.024 8.8921539554289896e-09
-0.010000000000000002 -0.024 1.3511438957077385e-08
-0.0095000000000000015 -0.024 2.011560416487711e-08
-0.0090000000000000011 -0.024 2.9342790019951463e-08
-0.0085000000000000006 -0.024 4.1937890159349363e-08
-0.0080000000000000002 -0.024 5.8728457910478089e-08
-0.0074999999999999997 -0.024 8.0580037289838991e-08
-0.0069999999999999993 -0.024 1.0832861185965917e-07
-0.0064999999999999988 -0.024 1.4269072329988369e-07
-0.0059999999999999984 -0.024 1.8415569251157563e-07
-0.0054999999999999979 -0.024 2.3286885297411199e-07
-0.005000000000000001 -0.024 2.8851905913122898e-07
-0.0044999999999999971 -0.024 3.5024702723629823e-07
-0.0040000000000000001 -0.024 4.1659231653428772e-07
-0.0035000000000000031 -0.024 4.8549515577632904e-07
-0.0029999999999999992 -0.024 5.5436447697502146e-07
-0.0025000000000000022 -0.024 6.2021566793545608e-07
-0.0019999999999999983 -0.024 6.7987163191601028e-07
-0.0015000000000000013 -0.024 7.3021030024649305e-07
-0.00099999999999999742 -0.024 7.6843269800052267e-07
-0.00050000000000000044 -0.024 7.9231990304315538e-07
0 -0.024 8.0044619015030573e-07
0.00050000000000000044 -0.024 7.9231990304315538e-07
0.0010000000000000009 -0.024 7.6843269800052267e-07
0.0015000000000000013 -0.024 7.3021030024649305e-07
0.0020000000000000018 -0.024 6.7987163191601028e-07
0.0024999999999999988 -0.024 6.2021566793545608e-07
0.0030000000000000027 -0.024 5.5436447697502146e-07
0.0034999999999999996 -0.024 4.8549515577632904e-07
0.0040000000000000036 -0.024 4.1659231653428481e-07
0.0045000000000000005 -0.024 3.5024702723629823e-07
0.0049999999999999975 -0.024 2.8851905913122898e-07
0.0055000000000000014 -0.024 2.3286885297411199e-07
0.0059999999999999984 -0.024 1.8415569251157563e-07
0.0064999999999999988 -0.024 1.4269072329988369e-07
0.0069999999999999993 -0.024 1.0832861185965917e-07
0.0074999999999999997 -0.024 8.0580037289838991e-08
0.0080000000000000002 -0.024 5.8728457910478089e-08
0.0085000000000000006 -0.024 4.1937890159349363e-08
0.0090000000000000011 -0.024 2.9342790019951463e-08
0.0095000000000000015 -0.024 2.011560416487711e-08
0.010000000000000002 -0.024 1.3511438957077385e-08
0.010500000000000002 -0.024 8.8921539554289896e-09
0.011000000000000003 -0.024 5.7338877994053283e-09
0.011500000000000003 -0.024 3.6226656643056831e-09
0.012000000000000004 -0.024 2.2425604911746449e-09
0.012499999999999997 -0.024 1.3601816941576592e-09
0.013000000000000005 -0.024 8.0832596984074796e-10
0.013499999999999998 -0.024 4.7066617212377804e-10
0.014000000000000005 -0.024 2.6851978244237429e-10
0.014499999999999999 -0.024 1.5009852860084596e-10
0.014999999999999999 -0.024 8.2207876568468614e-11
0.0155 -0.024 4.4115100547306192e-11
0.016000000000000007 -0.024 2.3195191564112525e-11
0.016500000000000001 -0.024 1.194938354555524e-11
0.017000000000000001 -0.024 6.0315632435635777e-12
0.017500000000000002 -0.024 2.982985333601924e-12
0.017999999999999995 -0.024 1.4454703826841481e-12
0.018500000000000003 -0.024 6.8628439565460769e-13
0.019000000000000003 -0.024 3.1925366992069712e-13
0.019500000000000003 -0.024 1.4551391307912111e-13
0.019999999999999997 -0.024 6.49845309116158e-14
0.020499999999999997 -0.024 2.8434939222916093e-14
0.021000000000000005 -0.024 1.2190779262721549e-14
0.021500000000000005 -0.024 5.1209139504414181e-15
0.021999999999999999 -0.024 2.1076589454917015e-15
0.022499999999999999 -0.024 8.4994346941483869e-16
0.023000000000000007 -0.024 3.358277608895933e-16
0.023500000000000007 -0.024 1.3001096854166104e-16
0.024 -0.024 4.9315136641488895e-17
0.024500000000000001 -0.024 1.8328095336513682e-17
0.025000000000000001 -0.024 6.6740779852281086e-18
-0.025000000000000001 -0.0235 1.7595071251452162e-17
-0.024500000000000001 -0.0235 4.8318905482244922e-17
-0.024 -0.0235 1.300109685416638e-16
-0.0235 -0.0235 3.4275180182550403e-16
-0.023 -0.0235 8.8535276245594555e-16
-0.022500000000000003 -0.0235 2.2407313695105558e-15
-0.022000000000000002 -0.0235 5.5564842667057239e-15
-0.021500000000000002 -0.0235 1.3500418489265214e-14
-0.021000000000000001 -0.0235 3.2138915699376553e-14
-0.020500000000000001 -0.0235 7.4963880069318216e-14
-0.02 -0.0235 1.7132066094564634e-13
-0.0195 -0.0235 3.8362267782480262e-13
-0.019 -0.0235 8.4165799110756207e-13
-0.018500000000000003 -0.0235 1.8092720623026849e-12
-0.018000000000000002 -0.0235 3.8107367686567361e-12
-0.017500000000000002 -0.0235 7.8641333833573384e-12
-0.017000000000000001 -0.0235 1.5901190436047116e-11
-0.016500000000000001 -0.0235 3.1502516955949013e-11
-0.016 -0.0235 6.1150176723279466e-11
-0.0155 -0.0235 1.1630195798023765e-10
-0.015000000000000001 -0.0235 2.1672708183126699e-10
-0.014500000000000001 -0.0235 3.9570923673882435e-10
-0.014 -0.0235 7.0790672733449433e-10
-0.0135 -0.0235 1.2408312957228771e-09
-0.012999999999999999 -0.0235 2.131013911618397e-09
-0.012500000000000001 -0.0235 3.5858876501885628e-09
-0.012 -0.0235 5.9121292432067843e-09
-0.0115 -0.0235 9.5505417564385366e-09
-0.010999999999999999 -0.0235 1.5116419766395817e-08
-0.010499999999999999 -0.0235 2.3442651220280548e-08
-0.010000000000000002 -0.0235 3.5620610320347894e-08
-0.0095000000000000015 -0.0235 5.3031368427278529e-08
-0.0090000000000000011 -0.0235 7.7357274257232032e-08
-0.0085000000000000006 -0.0235 1.1056211316717277e-07
-0.0080000000000000002 -0.0235 1.5482758872609335e-07
-0.0074999999999999997 -0.0235 2.1243556049202066e-07
-0.0069999999999999993 -0.0235 2.8558995691394564e-07
-0.0064999999999999988 -0.0235 3.7617981823700379e-07
-0.0059999999999999984 -0.0235 4.8549515577632904e-07
-0.0054999999999999979 -0.0235 6.1391911652698457e-07
-0.005000000000000001 -0.0235 7.6063141816021036e-07
-0.0044999999999999971 -0.0235 9.2336670525454542e-07
-0.0040000000000000001 -0.0235 1.0982747742013055e-06
-0.0035000000000000031 -0.0235 1.2799253884995491e-06
-0.0029999999999999992 -0.0235 1.4614876381784048e-06
-0.0025000000000000022 -0.0235 1.6350931009114311e-06
-0.0019999999999999983 -0.0235 1.7923659016091648e-06
-0.0015000000000000013 -0.0235 1.9250752373314074e-06
-0.00099999999999999742 -0.0235 2.025842086830621e-06
-0.00050000000000000044 -0.0235 2.088816639368578e-06
0 -0.0235 2.1102402129283319e-06
0.00050000000000000044 -0.0235 2.088816639368578e-06
0.0010000000000000009 -0.0235 2.025842086830621e-06
0.0015000000000000013 -0.0235 1.9250752373314074e-06
0.0020000000000000018 -0.0235 1.7923659016091648e-06
0.0024999999999999988 -0.0235 1.6350931009114311e-06
0.0030000000000000027 -0.0235 1.4614876381784048e-06
0.0034999999999999996 -0.0235 1.2799253884995491e-06
0.0040000000000000036 -0.0235 1.0982747742012979e-06
0.0045000000000000005 -0.0235 9.2336670525454542e-07
0.0049999999999999975 -0.0235 7.6063141816021301e-07
0.0055000000000000014 -0.0235 6.1391911652698457e-07
0.0059999999999999984 -0.0235 4.8549515577632904e-07
0.0064999999999999988 -0.0235 3.7617981823700379e-07
0.0069999999999999993 -0.0235 2.8558995691394564e-07
0.0074999999999999997 -0.0235 2.1243556049202066e-07
0.0080000000000000002 -0.0235 1.5482758872609335e-07
0.0085000000000000006 -0.0235 1.1056211316717277e-07
0.0090000000000000011 -0.0235 7.7357274257232032e-08
0.0095000000000000015 -0.0235 5.3031368427278529e-08
0.010000000000000002 -0.0235 3.5620610320347894e-08
0.010500000000000002 -0.0235 2.3442651220280462e-08
0.011000000000000003 -0.0235 1.5116419766395817e-08
0.011500000000000003 -0.0235 9.5505417564385019e-09
0.012000000000000004 -0.0235 5.9121292432067843e-09
0.012499999999999997 -0.0235 3.5858876501885752e-09
0.013000000000000005 -0.0235 2.1310139116183895e-09
0.013499999999999998 -0.0235 1.2408312957228814e-09
0.014000000000000005 -0.0235 7.0790672733448927e-10
0.014499999999999999 -0.0235 3.9570923673882575e-10
0.014999999999999999 -0.0235 2.1672708183126776e-10
0.0155 -0.0235 1.1630195798023765e-10
0.016000000000000007 -0.0235 6.1150176723278587e-11
0.016500000000000001 -0.0235 3.1502516955949013e-11
0.017000000000000001 -0.0235 1.5901190436047116e-11
0.017500000000000002 -0.0235 7.8641333833573384e-12
0.017999999999999995 -0.0235 3.8107367686567628e-12
0.018500000000000003 -0.0235 1.8092720623026849e-12
0.019000000000000003 -0.0235 8.4165799110755611e-13
0.019500000000000003 -0.0235 3.836226778247999e-13
0.019999999999999997 -0.0235 1.7132066094564758e-13
0.020499999999999997 -0.0235 7.4963880069318746e-14
0.021000000000000005 -0.0235 3.2138915699376332e-14
0.021500000000000005 -0.0235 1.3500418489265214e-14
0.021999999999999999 -0.0235 5.5564842667057633e-15
0.022499999999999999 -0.0235 2.2407313695105558e-15
0.023000000000000007 -0.0235 8.8535276245593302e-16
0.023500000000000007 -0.0235 3.4275180182549673e-16
0.024 -0.0235 1.300109685416638e-16
0.024500000000000001 -0.0235 4.8318905482244922e-17
0.025000000000000001 -0.0235 1.7595071251452162e-17
-0.025000000000000001 -0.023 4.5449345138710872e-17
-0.024500000000000001 -0.023 1.2481123722679082e-16
-0.024 -0.023 3.3582776088959567e-16
-0.0235 -0.023 8.8535276245594555e-16
-0.023 -0.023 2.2869303963205088e-15
-0.022500000000000003 -0.023 5.7879716382288445e-15
-0.022000000000000002 -0.023 1.4352801849238369e-14
-0.021500000000000002 -0.023 3.4872560086110025e-14
-0.021000000000000001 -0.023 8.3017150151315479e-14
-0.020500000000000001 -0.023 1.9363713903268109e-13
-0.02 -0.023 4.4253369238661737e-13
-0.0195 -0.023 9.9092519935416334e-13
-0.019 -0.023 2.1740636329304021e-12
-0.018500000000000003 -0.023 4.6734809557895192e-12
-0.018000000000000002 -0.023 9.8434094500845167e-12
-0.017500000000000002 -0.023 2.0313626881594157e-11
-0.017000000000000001 -0.023 4.1073928142497447e-11
-0.016500000000000001 -0.023 8.1373286041728919e-11
-0.016 -0.023 1.579553414402977e-10
-0.0155 -0.023 3.0041639235279694e-10
-0.015000000000000001 -0.023 5.5982177067011883e-10
-0.014500000000000001 -0.023 1.0221456576161516e-09
-0.014 -0.023 1.8285744181902836e-09
-0.0135 -0.023 3.2051572291057499e-09
-0.012999999999999999 -0.023 5.5045634871495599e-09
-0.012500000000000001 -0.023 9.262607869724287e-09
-0.012 -0.023 1.5271458616968832e-08
-0.0115 -0.023 2.466974201734017e-08
-0.010999999999999999 -0.023 3.904680858668588e-08
-0.010499999999999999 -0.023 6.0554068298473866e-08
-0.010000000000000002 -0.023 9.2010619869891333e-08
-0.0095000000000000015 -0.023 1.3698387078884862e-07
-0.0090000000000000011 -0.023 1.9981944980283512e-07
-0.0085000000000000006 -0.023 2.8558995691394564e-07
-0.0080000000000000002 -0.023 3.9993089067063776e-07
-0.0074999999999999997 -0.023 5.4873645980492889e-07
-0.0069999999999999993 -0.023 7.376995713421836e-07
-0.0064999999999999988 -0.023 9.7169975323970249e-07
-0.0059999999999999984 -0.023 1.2540691982835469e-06
-0.0054999999999999979 -0.023 1.5857976029499992e-06
-0.005000000000000001 -0.023 1.9647661184922582e-06
-0.0044999999999999971 -0.023 2.3851231675600384e-06
-0.0040000000000000001 -0.023 2.8369233949930748e-06
-0.0035000000000000031 -0.023 3.3061401060773396e-06
-0.0029999999999999992 -0.023 3.7751285649410269e-06
-0.0025000000000000022 -0.023 4.223564066051456e-06
-0.0019999999999999983 -0.023 4.6298111165857379e-06
-0.0015000000000000013 -0.023 4.9726089556039642e-06
-0.00099999999999999742 -0.023 5.2328970360544474e-06
-0.00050000000000000044 -0.023 5.3955648725383302e-06
0 -0.023 5.4509035168044876e-06
0.00050000000000000044 -0.023 5.3955648725383302e-06
0.0010000000000000009 -0.023 5.2328970360544474e-06
0.0015000000000000013 -0.023 4.9726089556039642e-06
0.0020000000000000018 -0.023 4.6298111165857379e-06
0.0024999999999999988 -0.023 4.223564066051456e-06
0.0030000000000000027 -0.023 3.7751285649410269e-06
0.0034999999999999996 -0.023 3.3061401060773396e-06
0.0040000000000000036 -0.023 2.8369233949930647e-06
0.0045000000000000005 -0.023 2.3851231675600384e-06
0.0049999999999999975 -0.023 1.9647661184922654e-06
0.0055000000000000014 -0.023 1.5857976029499992e-06
0.0059999999999999984 -0.023 1.2540691982835469e-06
0.0064999999999999988 -0.023 9.7169975323970249e-07
0.0069999999999999993 -0.023 7.376995713421836e-07
0.0074999999999999997 -0.023 5.4873645980492889e-07
0.0080000000000000002 -0.023 3.9993089067063776e-07
0.0085000000000000006 -0.023 2.8558995691394564e-07
0.0090000000000000011 -0.023 1.9981944980283512e-07
0.0095000000000000015 -0.023 1.3698387078884862e-07
0.010000000000000002 -0.023 9.2010619869891333e-08
0.010500000000000002 -0.023 6.0554068298473654e-08
0.011000000000000003 -0.023 3.904680858668588e-08
0.011500000000000003 -0.023 2.466974201734008e-08
0.012000000000000004 -0.023 1.5271458616968832e-08
0.012499999999999997 -0.023 9.2626078697243201e-09
0.013000000000000005 -0.023 5.5045634871495401e-09
0.013499999999999998 -0.023 3.2051572291057731e-09
0.014000000000000005 -0.023 1.8285744181902641e-09
0.014499999999999999 -0.023 1.0221456576161552e-09
0.014999999999999999 -0.023 5.5982177067012079e-10
0.0155 -0.023 3.0041639235279694e-10
0.016000000000000007 -0.023 1.5795534144029543e-10
0.016500000000000001 -0.023 8.1373286041728919e-11
0.017000000000000001 -0.023 4.1073928142497447e-11
0.017500000000000002 -0.023 2.0313626881594157e-11
0.017999999999999995 -0.023 9.8434094500845845e-12
0.018500000000000003 -0.023 4.6734809557895192e-12
0.019000000000000003 -0.023 2.1740636329304021e-12
0.019500000000000003 -0.023 9.9092519935414921e-13
0.019999999999999997 -0.023 4.4253369238661737e-13
0.020499999999999997 -0.023 1.9363713903268251e-13
0.021000000000000005 -0.023 8.3017150151314886e-14
0.021500000000000005 -0.023 3.4872560086109772e-14
0.021999999999999999 -0.023 1.4352801849238369e-14
0.022499999999999999 -0.023 5.7879716382288863e-15
0.023000000000000007 -0.023 2.2869303963204764e-15
0.023500000000000007 -0.023 8.8535276245593302e-16
0.024 -0.023 3.3582776088959567e-16
0.024500000000000001 -0.023 1.2481123722679082e-16
0.025000000000000001 -0.023 4.5449345138710872e-17
-0.025000000000000001 -0.022500000000000003 1.15027340168364e-16
-0.024500000000000001 -0.022500000000000003 3.1588364139250077e-16
-0.024 -0.022500000000000003 8.4994346941483257e-16
-0.0235 -0.022500000000000003 2.2407313695105558e-15
-0.023 -0.022500000000000003 5.7879716382288445e-15
-0.022500000000000003 -0.022500000000000003 1.4648725531324147e-14
-0.022000000000000002 -0.022500000000000003 3.6325377530583819e-14
-0.021500000000000002 -0.022500000000000003 8.8258649697246125e-14
-0.021000000000000001 -0.022500000000000003 2.1010736108780753e-13
-0.020500000000000001 -0.022500000000000003 4.9007449926423579e-13
-0.02 -0.022500000000000003 1.120004554845857e-12
-0.0195 -0.022500000000000003 2.5079237036229887e-12
-0.019 -0.022500000000000003 5.5023181585900744e-12
-0.018500000000000003 -0.022500000000000003 1.1828071054297781e-11
-0.018000000000000002 -0.022500000000000003 2.49125967332581e-11
-0.017500000000000002 -0.022500000000000003 5.1411576167512254e-11
-0.017000000000000001 -0.022500000000000003 1.0395363651728151e-10
-0.016500000000000001 -0.022500000000000003 2.0594692014972993e-10
-0.016 -0.022500000000000003 3.9976775761699244e-10
-0.0155 -0.022500000000000003 7.6032115424002936e-10
-0.015000000000000001 -0.022500000000000003 1.4168479007122293e-09
-0.014500000000000001 -0.022500000000000003 2.5869392815538578e-09
-0.014 -0.022500000000000003 4.6279226022377298e-09
-0.0135 -0.022500000000000003 8.1119036976271373e-09
-0.012999999999999999 -0.022500000000000003 1.3931450382448179e-08
-0.012500000000000001 -0.022500000000000003 2.3442651220280462e-08
-0.012 -0.022500000000000003 3.8650397708480714e-08
-0.0115 -0.022500000000000003 6.2436428912975053e-08
-0.010999999999999999 -0.022500000000000003 9.8823217806150774e-08
-0.010499999999999999 -0.022500000000000003 1.5325574860294928e-07
-0.010000000000000002 -0.022500000000000003 2.3286885297411114e-07
-0.0095000000000000015 -0.022500000000000003 3.4669125054977968e-07
-0.0090000000000000011 -0.022500000000000003 5.0572125416938732e-07
-0.0085000000000000006 -0.022500000000000003 7.2279706170351329e-07
-0.0080000000000000002 -0.022500000000000003 1.0121815059074666e-06
-0.0074999999999999997 -0.022500000000000003 1.388792186820849e-06
-0.0069999999999999993 -0.022500000000000003 1.8670372317985197e-06
-0.0064999999999999988 -0.022500000000000003 2.4592661944037352e-06
-0.0059999999999999984 -0.022500000000000003 3.1739124914863772e-06
-0.0054999999999999979 -0.022500000000000003 4.0134809369858609e-06
-0.005000000000000001 -0.022500000000000003 4.9726089556039286e-06
-0.0044999999999999971 -0.022500000000000003 6.0364868426827704e-06
-0.0040000000000000001 -0.022500000000000003 7.1799439880052054e-06
-0.0035000000000000031 -0.022500000000000003 8.3674803556656611e-06
-0.0029999999999999992 -0.022500000000000003 9.5544390418272861e-06
-0.0025000000000000022 -0.022500000000000003 1.0689380431463853e-05
-0.0019999999999999983 -0.022500000000000003 1.1717547449747257e-05
-0.0015000000000000013 -0.022500000000000003 1.2585131427412648e-05
-0.00099999999999999742 -0.022500000000000003 1.324389219680044e-05
-0.00050000000000000044 -0.022500000000000003 1.3655586765876783e-05
0 -0.022500000000000003 1.3795642844551448e-05
0.00050000000000000044 -0.022500000000000003 1.3655586765876783e-05
0.0010000000000000009 -0.022500000000000003 1.324389219680044e-05
0.0015000000000000013 -0.022500000000000003 1.2585131427412648e-05
0.0020000000000000018 -0.022500000000000003 1.1717547449747257e-05
0.0024999999999999988 -0.022500000000000003 1.0689380431463853e-05
0.0030000000000000027 -0.022500000000000003 9.5544390418272861e-06
0.0034999999999999996 -0.022500000000000003 8.3674803556656611e-06
0.0040000000000000036 -0.022500000000000003 7.17994398800518e-06
0.0045000000000000005 -0.022500000000000003 6.0364868426827704e-06
0.0049999999999999975 -0.022500000000000003 4.9726089556039286e-06
0.0055000000000000014 -0.022500000000000003 4.0134809369858609e-06
0.0059999999999999984 -0.022500000000000003 3.1739124914863772e-06
0.0064999999999999988 -0.022500000000000003 2.4592661944037352e-06
0.0069999999999999993 -0.022500000000000003 1.8670372317985197e-06
0.0074999999999999997 -0.022500000000000003 1.388792186820849e-06
0.0080000000000000002 -0.022500000000000003 1.0121815059074666e-06
0.0085000000000000006 -0.022500000000000003 7.2279706170351329e-07
0.0090000000000000011 -0.022500000000000003 5.0572125416938732e-07
0.0095000000000000015 -0.022500000000000003 3.4669125054977968e-07
0.010000000000000002 -0.022500000000000003 2.3286885297411114e-07
0.010500000000000002 -0.022500000000000003 1.5325574860294928e-07
0.011000000000000003 -0.022500000000000003 9.8823217806150416e-08
0.011500000000000003 -0.022500000000000003 6.2436428912974828e-08
0.012000000000000004 -0.022500000000000003 3.8650397708480581e-08
0.012499999999999997 -0.022500000000000003 2.3442651220280548e-08
0.013000000000000005 -0.022500000000000003 1.3931450382448129e-08
0.013499999999999998 -0.022500000000000003 8.1119036976271373e-09
0.014000000000000005 -0.022500000000000003 4.6279226022376967e-09
0.014499999999999999 -0.022500000000000003 2.5869392815538669e-09
0.014999999999999999 -0.022500000000000003 1.4168479007122293e-09
0.0155 -0.022500000000000003 7.6032115424002936e-10
0.016000000000000007 -0.022500000000000003 3.9976775761698965e-10
0.016500000000000001 -0.022500000000000003 2.0594692014972993e-10
0.017000000000000001 -0.022500000000000003 1.0395363651728151e-10
0.017500000000000002 -0.022500000000000003 5.1411576167512254e-11
0.017999999999999995 -0.022500000000000003 2.4912596733258274e-11
0.018500000000000003 -0.022500000000000003 1.1828071054297781e-11
0.019000000000000003 -0.022500000000000003 5.5023181585900744e-12
0.019500000000000003 -0.022500000000000003 2.5079237036229887e-12
0.019999999999999997 -0.022500000000000003 1.120004554845865e-12
0.020499999999999997 -0.022500000000000003 4.9007449926423579e-13
0.021000000000000005 -0.022500000000000003 2.1010736108780753e-13
0.021500000000000005 -0.022500000000000003 8.8258649697245494e-14
0.021999999999999999 -0.022500000000000003 3.6325377530584084e-14
0.022499999999999999 -0.022500000000000003 1.4648725531324251e-14
0.023000000000000007 -0.022500000000000003 5.7879716382287625e-15
0.023500000000000007 -0.022500000000000003 2.2407313695105238e-15
0.024 -0.022500000000000003 8.4994346941483257e-16
0.024500000000000001 -0.022500000000000003 3.1588364139250077e-16
0.025000000000000001 -0.022500000000000003 1.15027340168364e-16
-0.025000000000000001 -0.022000000000000002 2.8524062035429786e-16
-0.024500000000000001 -0.022000000000000002 7.833167810251818e-16
-0.024 -0.022000000000000002 2.107658945491687e-15
-0.0235 -0.022000000000000002 5.5564842667057239e-15
-0.023 -0.022000000000000002 1.4352801849238369e-14
-0.022500000000000003 -0.022000000000000002 3.6325377530583819e-14
-0.022000000000000002 -0.022000000000000002 9.0078351861929323e-14
-0.021500000000000002 -0.022000000000000002 2.1886059396337032e-13
-0.021000000000000001 -0.022000000000000002 5.2101660292214223e-13
-0.020500000000000001 -0.022000000000000002 1.2152689437601876e-12
-0.02 -0.022000000000000002 2.7773466165197251e-12
-0.0195 -0.022000000000000002 6.2190581124070061e-12
-0.019 -0.022000000000000002 1.3644448725370132e-11
-0.018500000000000003 -0.022000000000000002 2.9330821004678843e-11
-0.018000000000000002 -0.022000000000000002 6.1777352553139645e-11
-0.017500000000000002 -0.022000000000000002 1.2748855931075813e-10
-0.017000000000000001 -0.022000000000000002 2.5778045223747165e-10
-0.016500000000000001 -0.022000000000000002 5.1069969259118687e-10
-0.016 -0.022000000000000002 9.9132956576595534e-10
-0.0155 -0.022000000000000002 1.8854167834054406e-09
-0.015000000000000001 -0.022000000000000002 3.5134479642430967e-09
-0.014500000000000001 -0.022000000000000002 6.4149980727126608e-09
-0.014 -0.022000000000000002 1.1476154382790917e-08
-0.0135 -0.022000000000000002 2.011560416487711e-08
-0.012999999999999999 -0.022000000000000002 3.4546704667848312e-08
-0.012500000000000001 -0.022000000000000002 5.8132235058506875e-08
-0.012 -0.022000000000000002 9.5843852454300325e-08
-0.0115 -0.022000000000000002 1.5482758872609335e-07
-0.010999999999999999 -0.022000000000000002 2.4505822625451706e-07
-0.010499999999999999 -0.022000000000000002 3.8003803913385025e-07
-0.010000000000000002 -0.022000000000000002 5.7745972380396999e-07
-0.0095000000000000015 -0.022000000000000002 8.5971237128043788e-07
-0.0090000000000000011 -0.022000000000000002 1.254069198283538e-06
-0.0085000000000000006 -0.022000000000000002 1.7923659016091521e-06
-0.0080000000000000002 -0.022000000000000002 2.509970935897521e-06
-0.0074999999999999997 -0.022000000000000002 3.4438764239193212e-06
-0.0069999999999999993 -0.022000000000000002 4.629811116585721e-06
-0.0064999999999999988 -0.022000000000000002 6.0983989882867529e-06
-0.0059999999999999984 -0.022000000000000002 7.870552919825047e-06
-0.0054999999999999979 -0.022000000000000002 9.952484257832541e-06
-0.005000000000000001 -0.022000000000000002 1.2330895082853458e-05
-0.0044999999999999971 -0.022000000000000002 1.4969060827166195e-05
-0.0040000000000000001 -0.022000000000000002 1.7804564325751135e-05
-0.0035000000000000031 -0.022000000000000002 2.0749373878931752e-05
-0.0029999999999999992 -0.022000000000000002 2.3692750918513049e-05
-0.0025000000000000022 -0.022000000000000002 2.6507137355440554e-05
-0.0019999999999999983 -0.022000000000000002 2.9056748584333899e-05
-0.0015000000000000013 -0.022000000000000002 3.1208151821481626e-05
-0.00099999999999999742 -0.022000000000000002 3.2841722851205846e-05
-0.00050000000000000044 -0.022000000000000002 3.3862628090846676e-05
0 -0.022000000000000002 3.4209934067904523e-05
0.00050000000000000044 -0.022000000000000002 3.3862628090846676e-05
0.0010000000000000009 -0.022000000000000002 3.2841722851205738e-05
0.0015000000000000013 -0.022000000000000002 3.1208151821481626e-05
0.0020000000000000018 -0.022000000000000002 2.9056748584333899e-05
0.0024999999999999988 -0.022000000000000002 2.6507137355440554e-05
0.0030000000000000027 -0.022000000000000002 2.3692750918512964e-05
0.0034999999999999996 -0.022000000000000002 2.0749373878931897e-05
0.0040000000000000036 -0.022000000000000002 1.7804564325751135e-05
0.0045000000000000005 -0.022000000000000002 1.4969060827166141e-05
0.0049999999999999975 -0.022000000000000002 1.2330895082853458e-05
0.0055000000000000014 -0.022000000000000002 9.9524842578324716e-06
0.0059999999999999984 -0.022000000000000002 7.870552919825047e-06
0.0064999999999999988 -0.022000000000000002 6.0983989882867529e-06
0.0069999999999999993 -0.022000000000000002 4.629811116585721e-06
0.0074999999999999997 -0.022000000000000002 3.4438764239193212e-06
0.0080000000000000002 -0.022000000000000002 2.509970935897521e-06
0.0085000000000000006 -0.022000000000000002 1.7923659016091521e-06
0.0090000000000000011 -0.022000000000000002 1.254069198283538e-06
0.0095000000000000015 -0.022000000000000002 8.5971237128043788e-07
0.010000000000000002 -0.022000000000000002 5.7745972380396999e-07
0.010500000000000002 -0.022000000000000002 3.8003803913384887e-07
0.011000000000000003 -0.022000000000000002 2.4505822625451526e-07
0.011500000000000003 -0.022000000000000002 1.5482758872609279e-07
0.012000000000000004 -0.022000000000000002 9.5843852454299981e-08
0.012499999999999997 -0.022000000000000002 5.813223505850749e-08
0.013000000000000005 -0.022000000000000002 3.4546704667848193e-08
0.013499999999999998 -0.022000000000000002 2.011560416487711e-08
0.014000000000000005 -0.022000000000000002 1.1476154382790836e-08
0.014499999999999999 -0.022000000000000002 6.4149980727126608e-09
0.014999999999999999 -0.022000000000000002 3.5134479642431215e-09
0.0155 -0.022000000000000002 1.8854167834054406e-09
0.016000000000000007 -0.022000000000000002 9.9132956576594128e-10
0.016500000000000001 -0.022000000000000002 5.1069969259118687e-10
0.017000000000000001 -0.022000000000000002 2.5778045223747165e-10
0.017500000000000002 -0.022000000000000002 1.2748855931075813e-10
0.017999999999999995 -0.022000000000000002 6.1777352553140511e-11
0.018500000000000003 -0.022000000000000002 2.9330821004678843e-11
0.019000000000000003 -0.022000000000000002 1.3644448725369938e-11
0.019500000000000003 -0.022000000000000002 6.2190581124069625e-12
0.019999999999999997 -0.022000000000000002 2.7773466165197449e-12
0.020499999999999997 -0.022000000000000002 1.2152689437601961e-12
0.021000000000000005 -0.022000000000000002 5.2101660292213849e-13
0.021500000000000005 -0.022000000000000002 2.1886059396337032e-13
0.021999999999999999 -0.022000000000000002 9.0078351861929967e-14
0.022499999999999999 -0.022000000000000002 3.6325377530584084e-14
0.023000000000000007 -0.022000000000000002 1.4352801849238164e-14
0.023500000000000007 -0.022000000000000002 5.5564842667056048e-15
0.024 -0.022000000000000002 2.107658945491687e-15
0.024500000000000001 -0.022000000000000002 7.833167810251818e-16
0.025000000000000001 -0.022000000000000002 2.8524062035429786e-16
-0.025000000000000001 -0.021500000000000002 6.9304033991331055e-16
-0.024500000000000001 -0.021500000000000002 1.9032006293745557e-15
-0.024 -0.021500000000000002 5.1209139504414181e-15
-0.0235 -0.021500000000000002 1.3500418489265214e-14
-0.023 -0.021500000000000002 3.4872560086110025e-14
-0.022500000000000003 -0.021500000000000002 8.8258649697246125e-14
-0.022000000000000002 -0.021500000000000002 2.1886059396337032e-13
-0.021500000000000002 -0.021500000000000002 5.3175883661170767e-13
-0.021000000000000001 -0.021500000000000002 1.2658979746332493e-12
-0.020500000000000001 -0.021500000000000002 2.9527014799768297e-12
-0.02 -0.021500000000000002 6.7480334349963394e-12
-0.0195 -0.021500000000000002 1.5110253731777831e-11
-0.019 -0.021500000000000002 3.3151496343033759e-11
-0.018500000000000003 -0.021500000000000002 7.126419138259602e-11
-0.018000000000000002 -0.021500000000000002 1.500985286008449e-10
-0.017500000000000002 -0.021500000000000002 3.0975502146237278e-10
-0.017000000000000001 -0.021500000000000002 6.2632121617096029e-10
-0.016500000000000001 -0.021500000000000002 1.2408312957228725e-09
-0.016 -0.021500000000000002 2.4086028784090584e-09
-0.0155 -0.021500000000000002 4.5809390220318044e-09
-0.015000000000000001 -0.021500000000000002 8.5365161819599719e-09
-0.014500000000000001 -0.021500000000000002 1.5586323011546527e-08
-0.014 -0.021500000000000002 2.7883258437974365e-08
-0.0135 -0.021500000000000002 4.8874263177074474e-08
-0.012999999999999999 -0.021500000000000002 8.3937063087829584e-08
-0.012500000000000001 -0.021500000000000002 1.4124209902091187e-07
-0.012 -0.021500000000000002 2.3286885297411114e-07
-0.0115 -0.021500000000000002 3.7617981823700246e-07
-0.010999999999999999 -0.021500000000000002 5.954104159885419e-07
-0.010499999999999999 -0.021500000000000002 9.2336670525454224e-07
-0.010000000000000002 -0.021500000000000002 1.4030360850227232e-06
-0.0095000000000000015 -0.021500000000000002 2.0888166393685708e-06
-0.0090000000000000011 -0.021500000000000002 3.0469732619908656e-06
-0.0085000000000000006 -0.021500000000000002 4.3548561637445376e-06
-0.0080000000000000002 -0.021500000000000002 6.0983989882867529e-06
-0.0074999999999999997 -0.021500000000000002 8.3674803556656611e-06
-0.0069999999999999993 -0.021500000000000002 1.1248909310278124e-05
-0.0064999999999999988 -0.021500000000000002 1.4817091978413092e-05
-0.0059999999999999984 -0.021500000000000002 1.9122839741710102e-05
-0.0054999999999999979 -0.021500000000000002 2.4181244117554944e-05
-0.005000000000000001 -0.021500000000000002 2.9959995561085714e-05
-0.0044999999999999971 -0.021500000000000002 3.6369865522506724e-05
-0.0040000000000000001 -0.021500000000000002 4.3259200940596343e-05
-0.0035000000000000031 -0.021500000000000002 5.0414113909097563e-05
-0.0029999999999999992 -0.021500000000000002 5.7565546343477371e-05
-0.0025000000000000022 -0.021500000000000002 6.4403574288000143e-05
-0.0019999999999999983 -0.021500000000000002 7.0598286073875028e-05
-0.0015000000000000013 -0.021500000000000002 7.5825484180902931e-05
-0.00099999999999999742 -0.021500000000000002 7.9794521340850172e-05
-0.00050000000000000044 -0.021500000000000002 8.2274983322110537e-05
0 -0.021500000000000002 8.3118821945428359e-05
0.00050000000000000044 -0.021500000000000002 8.2274983322110537e-05
0.0010000000000000009 -0.021500000000000002 7.9794521340849874e-05
0.0015000000000000013 -0.021500000000000002 7.5825484180902931e-05
0.0020000000000000018 -0.021500000000000002 7.0598286073875028e-05
0.0024999999999999988 -0.021500000000000002 6.4403574288000143e-05
0.0030000000000000027 -0.021500000000000002 5.7565546343477371e-05
0.0034999999999999996 -0.021500000000000002 5.0414113909097563e-05
0.0040000000000000036 -0.021500000000000002 4.3259200940596343e-05
0.0045000000000000005 -0.021500000000000002 3.6369865522506724e-05
0.0049999999999999975 -0.021500000000000002 2.9959995561085714e-05
0.0055000000000000014 -0.021500000000000002 2.4181244117554944e-05
0.0059999999999999984 -0.021500000000000002 1.9122839741710102e-05
0.0064999999999999988 -0.021500000000000002 1.4817091978413092e-05
0.0069999999999999993 -0.021500000000000002 1.1248909310278124e-05
0.0074999999999999997 -0.021500000000000002 8.3674803556656611e-06
0.0080000000000000002 -0.021500000000000002 6.0983989882867529e-06
0.0085000000000000006 -0.021500000000000002 4.3548561637445376e-06
0.0090000000000000011 -0.021500000000000002 3.0469732619908656e-06
0.0095000000000000015 -0.021500000000000002 2.0888166393685708e-06
0.010000000000000002 -0.021500000000000002 1.4030360850227232e-06
0.010500000000000002 -0.021500000000000002 9.2336670525454224e-07
0.011000000000000003 -0.021500000000000002 5.9541041598853979e-07
0.011500000000000003 -0.021500000000000002 3.7617981823700114e-07
0.012000000000000004 -0.021500000000000002 2.328688529741095e-07
0.012499999999999997 -0.021500000000000002 1.412420990209124e-07
0.013000000000000005 -0.021500000000000002 8.3937063087829292e-08
0.013499999999999998 -0.021500000000000002 4.8874263177074474e-08
0.014000000000000005 -0.021500000000000002 2.7883258437974266e-08
0.014499999999999999 -0.021500000000000002 1.558632301154658e-08
0.014999999999999999 -0.021500000000000002 8.5365161819599719e-09
0.0155 -0.021500000000000002 4.5809390220318044e-09
0.016000000000000007 -0.021500000000000002 2.4086028784090415e-09
0.016500000000000001 -0.021500000000000002 1.2408312957228725e-09
0.017000000000000001 -0.021500000000000002 6.2632121617096029e-10
0.017500000000000002 -0.021500000000000002 3.0975502146237278e-10
0.017999999999999995 -0.021500000000000002 1.5009852860084596e-10
0.018500000000000003 -0.021500000000000002 7.126419138259602e-11
0.019000000000000003 -0.021500000000000002 3.315149634303352e-11
0.019500000000000003 -0.021500000000000002 1.5110253731777831e-11
0.019999999999999997 -0.021500000000000002 6.7480334349964355e-12
0.020499999999999997 -0.021500000000000002 2.9527014799768507e-12
0.021000000000000005 -0.021500000000000002 1.2658979746332402e-12
0.021500000000000005 -0.021500000000000002 5.3175883661170393e-13
0.021999999999999999 -0.021500000000000002 2.1886059396337188e-13
0.022499999999999999 -0.021500000000000002 8.8258649697246125e-14
0.023000000000000007 -0.021500000000000002 3.4872560086109532e-14
0.023500000000000007 -0.021500000000000002 1.3500418489265116e-14
0.024 -0.021500000000000002 5.1209139504414181e-15
0.024500000000000001 -0.021500000000000002 1.9032006293745557e-15
0.025000000000000001 -0.021500000000000002 6.9304033991331055e-16
-0.025000000000000001 -0.021000000000000001 1.6498425643954455e-15
-0.024500000000000001 -0.021000000000000001 4.5307339646623015e-15
-0.024 -0.021000000000000001 1.2190779262721549e-14
-0.0235 -0.021000000000000001 3.2138915699376553e-14
-0.023 -0.021000000000000001 8.3017150151315479e-14
-0.022500000000000003 -0.021000000000000001 2.1010736108780753e-13
-0.022000000000000002 -0.021000000000000001 5.2101660292214223e-13
-0.021500000000000002 -0.021000000000000001 1.2658979746332493e-12
-0.021000000000000001 -0.021000000000000001 3.0135797881450398e-12
-0.020500000000000001 -0.021000000000000001 7.0291616534595283e-12
-0.02 -0.021000000000000001 1.6064278146367714e-11
-0.0195 -0.021000000000000001 3.5971267947578186e-11
-0.019 -0.021000000000000001 7.8920008822254974e-11
-0.018500000000000003 -0.021000000000000001 1.6965058090981681e-10
-0.018000000000000002 -0.021000000000000001 3.5732254975197718e-10
-0.017500000000000002 -0.021000000000000001 7.3739866139360968e-10
-0.017000000000000001 -0.021000000000000001 1.4910119107237394e-09
-0.016500000000000001 -0.021000000000000001 2.9539063875756681e-09
-0.016 -0.021000000000000001 5.7338877994053482e-09
-0.0155 -0.021000000000000001 1.0905322169837172e-08
-0.015000000000000001 -0.021000000000000001 2.0321916254412696e-08
-0.014500000000000001 -0.021000000000000001 3.7104592107989325e-08
-0.014 -0.021000000000000001 6.6378512123497594e-08
-0.0135 -0.021000000000000001 1.1634941726925881e-07
-0.012999999999999999 -0.021000000000000001 1.9981944980283369e-07
-0.012500000000000001 -0.021000000000000001 3.3623905194090759e-07
-0.012 -0.021000000000000001 5.5436447697502146e-07
-0.0115 -0.021000000000000001 8.9552864422233162e-07
-0.010999999999999999 -0.021000000000000001 1.4174260732141138e-06
-0.010499999999999999 -0.021000000000000001 2.1981544293151671e-06
-0.010000000000000002 -0.021000000000000001 3.3400489396371809e-06
-0.0095000000000000015 -0.021000000000000001 4.9726089556039286e-06
-0.0090000000000000011 -0.021000000000000001 7.2535837969203542e-06
-0.0085000000000000006 -0.021000000000000001 1.0367112341056971e-05
-0.0080000000000000002 -0.021000000000000001 1.4517767070817524e-05
-0.0074999999999999997 -0.021000000000000001 1.9919511827041352e-05
-0.0069999999999999993 -0.021000000000000001 2.6779003059825619e-05
-0.0064999999999999988 -0.021000000000000001 3.5273370998297255e-05
-0.0059999999999999984 -0.021000000000000001 4.552357653803047e-05
-0.0054999999999999979 -0.021000000000000001 5.7565546343477778e-05
-0.005000000000000001 -0.021000000000000001 7.132236474425244e-05
-0.0044999999999999971 -0.021000000000000001 8.658161544806426e-05
-0.0040000000000000001 -0.021000000000000001 0.00010298227520559454
-0.0035000000000000031 -0.021000000000000001 0.00012001516532776963
-0.0029999999999999992 -0.021000000000000001 0.0001370397697369648
-0.0025000000000000022 -0.021000000000000001 0.00015331828760911407
-0.0019999999999999983 -0.021000000000000001 0.00016806533563777073
-0.0015000000000000013 -0.021000000000000001 0.00018050913354220535
-0.00099999999999999742 -0.021000000000000001 0.00018995777032281073
-0.00050000000000000044 -0.021000000000000001 0.0001958627249414119
0 -0.021000000000000001 0.00019787155588248633
0.00050000000000000044 -0.021000000000000001 0.0001958627249414119
0.0010000000000000009 -0.021000000000000001 0.00018995777032281008
0.0015000000000000013 -0.021000000000000001 0.00018050913354220535
0.0020000000000000018 -0.021000000000000001 0.00016806533563777073
0.0024999999999999988 -0.021000000000000001 0.00015331828760911407
0.0030000000000000027 -0.021000000000000001 0.0001370397697369648
0.0034999999999999996 -0.021000000000000001 0.00012001516532776963
0.0040000000000000036 -0.021000000000000001 0.00010298227520559454
0.0045000000000000005 -0.021000000000000001 8.658161544806426e-05
0.0049999999999999975 -0.021000000000000001 7.132236474425244e-05
0.0055000000000000014 -0.021000000000000001 5.7565546343477575e-05
0.0059999999999999984 -0.021000000000000001 4.552357653803047e-05
0.0064999999999999988 -0.021000000000000001 3.5273370998297255e-05
0.0069999999999999993 -0.021000000000000001 2.6779003059825619e-05
0.0074999999999999997 -0.021000000000000001 1.9919511827041352e-05
0.0080000000000000002 -0.021000000000000001 1.4517767070817524e-05
0.0085000000000000006 -0.021000000000000001 1.0367112341056971e-05
0.0090000000000000011 -0.021000000000000001 7.2535837969203542e-06
0.0095000000000000015 -0.021000000000000001 4.9726089556039286e-06
0.010000000000000002 -0.021000000000000001 3.3400489396371809e-06
0.010500000000000002 -0.021000000000000001 2.1981544293151595e-06
0.011000000000000003 -0.021000000000000001 1.4174260732141037e-06
0.011500000000000003 -0.021000000000000001 8.9552864422232537e-07
0.012000000000000004 -0.021000000000000001 5.5436447697501955e-07
0.012499999999999997 -0.021000000000000001 3.3623905194091114e-07
0.013000000000000005 -0.021000000000000001 1.9981944980283298e-07
0.013499999999999998 -0.021000000000000001 1.1634941726925881e-07
0.014000000000000005 -0.021000000000000001 6.6378512123497342e-08
0.014499999999999999 -0.021000000000000001 3.7104592107989325e-08
0.014999999999999999 -0.021000000000000001 2.0321916254412842e-08
0.0155 -0.021000000000000001 1.0905322169837172e-08
0.016000000000000007 -0.021000000000000001 5.7338877994052663e-09
0.016500000000000001 -0.021000000000000001 2.9539063875756681e-09
0.017000000000000001 -0.021000000000000001 1.4910119107237394e-09
0.017500000000000002 -0.021000000000000001 7.3739866139360968e-10
0.017999999999999995 -0.021000000000000001 3.5732254975197971e-10
0.018500000000000003 -0.021000000000000001 1.6965058090981681e-10
0.019000000000000003 -0.021000000000000001 7.8920008822254405e-11
0.019500000000000003 -0.021000000000000001 3.5971267947577941e-11
0.019999999999999997 -0.021000000000000001 1.6064278146367714e-11
0.020499999999999997 -0.021000000000000001 7.0291616534595784e-12
0.021000000000000005 -0.021000000000000001 3.013579788145018e-12
0.021500000000000005 -0.021000000000000001 1.2658979746332493e-12
0.021999999999999999 -0.021000000000000001 5.2101660292214223e-13
0.022499999999999999 -0.021000000000000001 2.1010736108781053e-13
0.023000000000000007 -0.021000000000000001 8.3017150151313712e-14
0.023500000000000007 -0.021000000000000001 3.2138915699376098e-14
0.024 -0.021000000000000001 1.2190779262721549e-14
0.024500000000000001 -0.021000000000000001 4.5307339646623015e-15
0.025000000000000001 -0.021000000000000001 1.6498425643954455e-15
-0.025000000000000001 -0.020500000000000001 3.8482505535491626e-15
-0.024500000000000001 -0.020500000000000001 1.0567917123586093e-14
-0.024 -0.020500000000000001 2.8434939222915689e-14
-0.0235 -0.020500000000000001 7.4963880069318216e-14
-0.023 -0.020500000000000001 1.9363713903268109e-13
-0.022500000000000003 -0.020500000000000001 4.9007449926423579e-13
-0.022000000000000002 -0.020500000000000001 1.2152689437601876e-12
-0.021500000000000002 -0.020500000000000001 2.9527014799768297e-12
-0.021000000000000001 -0.020500000000000001 7.0291616534595283e-12
-0.020500000000000001 -0.020500000000000001 1.6395488762180372e-11
-0.02 -0.020500000000000001 3.7469858399355991e-11
-0.0195 -0.020500000000000001 8.3902824898845929e-11
-0.019 -0.020500000000000001 1.8408057483208185e-10
-0.018500000000000003 -0.020500000000000001 3.9570923673882156e-10
-0.018000000000000002 -0.020500000000000001 8.3345328187875752e-10
-0.017500000000000002 -0.020500000000000001 1.7199791471825683e-09
-0.017000000000000001 -0.020500000000000001 3.4777787496915456e-09
-0.016500000000000001 -0.020500000000000001 6.8899737080585969e-09
-0.016 -0.020500000000000001 1.3374268172148929e-08
-0.0155 -0.020500000000000001 2.5436616185306127e-08
-0.015000000000000001 -0.020500000000000001 4.7400780633805861e-08
-0.014500000000000001 -0.020500000000000001 8.6546298537950977e-08
-0.014 -0.020500000000000001 1.5482758872609335e-07
-0.0135 -0.020500000000000001 2.7138450605777408e-07
-0.012999999999999999 -0.020500000000000001 4.6607799126301582e-07
-0.012500000000000001 -0.020500000000000001 7.8427611560051779e-07
-0.012 -0.020500000000000001 1.2930527138926461e-06
-0.0115 -0.020500000000000001 2.088816639368578e-06
-0.010999999999999999 -0.020500000000000001 3.3061401060773282e-06
-0.010499999999999999 -0.020500000000000001 5.1271855763391147e-06
-0.010000000000000002 -0.020500000000000001 7.7906495190648922e-06
-0.0095000000000000015 -0.020500000000000001 1.1598588604118392e-05
-0.0090000000000000011 -0.020500000000000001 1.6918952428617103e-05
-0.0085000000000000006 -0.020500000000000001 2.4181244117554944e-05
-0.0080000000000000002 -0.020500000000000001 3.3862628090846676e-05
-0.0074999999999999997 -0.020500000000000001 4.6462174069881898e-05
-0.0069999999999999993 -0.020500000000000001 6.2461907319157235e-05
-0.0064999999999999988 -0.020500000000000001 8.2274983322110537e-05
-0.0059999999999999984 -0.020500000000000001 0.00010618354283774207
-0.0054999999999999979 -0.020500000000000001 0.00013427138465349481
-0.005000000000000001 -0.020500000000000001 0.00016635910330515676
-0.0044999999999999971 -0.020500000000000001 0.00020195123872154922
-0.0040000000000000001 -0.020500000000000001 0.000240205705755265
-0.0035000000000000031 -0.020500000000000001 0.00027993484734473612
-0.0029999999999999992 -0.020500000000000001 0.00031964466254498107
-0.0025000000000000022 -0.020500000000000001 0.00035761423416614564
-0.0019999999999999983 -0.020500000000000001 0.0003920116590866802
-0.0015000000000000013 -0.020500000000000001 0.00042103676318292594
-0.00099999999999999742 -0.020500000000000001 0.00044307566707953719
-0.00050000000000000044 -0.020500000000000001 0.00045684894785802247
0 -0.020500000000000001 0.00046153453722745972
0.00050000000000000044 -0.020500000000000001 0.00045684894785802247
0.0010000000000000009 -0.020500000000000001 0.00044307566707953568
0.0015000000000000013 -0.020500000000000001 0.00042103676318292594
0.0020000000000000018 -0.020500000000000001 0.0003920116590866802
0.0024999999999999988 -0.020500000000000001 0.00035761423416614564
0.0030000000000000027 -0.020500000000000001 0.00031964466254498107
0.0034999999999999996 -0.020500000000000001 0.00027993484734473612
0.0040000000000000036 -0.020500000000000001 0.000240205705755265
0.0045000000000000005 -0.020500000000000001 0.00020195123872154922
0.0049999999999999975 -0.020500000000000001 0.00016635910330515676
0.0055000000000000014 -0.020500000000000001 0.00013427138465349481
0.0059999999999999984 -0.020500000000000001 0.00010618354283774207
0.0064999999999999988 -0.020500000000000001 8.2274983322110537e-05
0.0069999999999999993 -0.020500000000000001 6.2461907319157235e-05
0.0074999999999999997 -0.020500000000000001 4.6462174069881898e-05
0.0080000000000000002 -0.020500000000000001 3.3862628090846676e-05
0.0085000000000000006 -0.020500000000000001 2.4181244117554944e-05
0.0090000000000000011 -0.020500000000000001 1.6918952428617103e-05
0.0095000000000000015 -0.020500000000000001 1.1598588604118392e-05
0.010000000000000002 -0.020500000000000001 7.7906495190648922e-06
0.010500000000000002 -0.020500000000000001 5.1271855763390969e-06
0.011000000000000003 -0.020500000000000001 3.3061401060773282e-06
0.011500000000000003 -0.020500000000000001 2.0888166393685708e-06
0.012000000000000004 -0.020500000000000001 1.2930527138926461e-06
0.012499999999999997 -0.020500000000000001 7.8427611560052044e-07
0.013000000000000005 -0.020500000000000001 4.6607799126301413e-07
0.013499999999999998 -0.020500000000000001 2.7138450605777503e-07
0.014000000000000005 -0.020500000000000001 1.5482758872609224e-07
0.014499999999999999 -0.020500000000000001 8.6546298537951282e-08
0.014999999999999999 -0.020500000000000001 4.7400780633806026e-08
0.0155 -0.020500000000000001 2.5436616185306127e-08
0.016000000000000007 -0.020500000000000001 1.3374268172148786e-08
0.016500000000000001 -0.020500000000000001 6.8899737080585969e-09
0.017000000000000001 -0.020500000000000001 3.4777787496915456e-09
0.017500000000000002 -0.020500000000000001 1.7199791471825683e-09
0.017999999999999995 -0.020500000000000001 8.3345328187876631e-10
0.018500000000000003 -0.020500000000000001 3.9570923673882156e-10
0.019000000000000003 -0.020500000000000001 1.8408057483208055e-10
0.019500000000000003 -0.020500000000000001 8.3902824898845335e-11
0.019999999999999997 -0.020500000000000001 3.7469858399356263e-11
0.020499999999999997 -0.020500000000000001 1.6395488762180488e-11
0.021000000000000005 -0.020500000000000001 7.0291616534594798e-12
0.021500000000000005 -0.020500000000000001 2.9527014799768091e-12
0.021999999999999999 -0.020500000000000001 1.2152689437601961e-12
0.022499999999999999 -0.020500000000000001 4.9007449926423579e-13
0.023000000000000007 -0.020500000000000001 1.9363713903267837e-13
0.023500000000000007 -0.020500000000000001 7.4963880069317143e-14
0.024 -0.020500000000000001 2.8434939222915689e-14
0.024500000000000001 -0.020500000000000001 1.0567917123586093e-14
0.025000000000000001 -0.020500000000000001 3.8482505535491626e-15
-0.025000000000000001 -0.02 8.7946998969218118e-15
-0.024500000000000001 -0.02 2.4151665372142333e-14
-0.024 -0.02 6.4984530911614878e-14
-0.0235 -0.02 1.7132066094564634e-13
-0.023 -0.02 4.4253369238661737e-13
-0.022500000000000003 -0.02 1.120004554845857e-12
-0.022000000000000002 -0.02 2.7773466165197251e-12
-0.021500000000000002 -0.02 6.7480334349963394e-12
-0.021000000000000001 -0.02 1.6064278146367714e-11
-0.020500000000000001 -0.02 3.7469858399355991e-11
-0.02 -0.02 8.5632719392079156e-11
-0.0195 -0.02 1.9174951194609105e-10
-0.019 -0.02 4.2069334882779481e-10
-0.018500000000000003 -0.02 9.0434443785066375e-10
-0.018000000000000002 -0.02 1.9047542227903981e-09
-0.017500000000000002 -0.02 3.9307992600645905e-09
-0.017000000000000001 -0.02 7.9480324853640382e-09
-0.016500000000000001 -0.02 1.574618134054992e-08
-0.016 -0.02 3.0565233026867615e-08
-0.0155 -0.02 5.813223505850749e-08
-0.015000000000000001 -0.02 1.0832861185965878e-07
-0.014500000000000001 -0.02 1.9779084345968326e-07
-0.014 -0.02 3.5383927310922824e-07
-0.0135 -0.02 6.2021566793545608e-07
-0.012999999999999999 -0.02 1.0651635086332716e-06
-0.012500000000000001 -0.02 1.7923659016091521e-06
-0.012 -0.02 2.9551117868606431e-06
-0.0115 -0.02 4.7737316547646958e-06
-0.010999999999999999 -0.02 7.5557736289573651e-06
-0.010499999999999999 -0.02 1.1717547449747298e-05
-0.010000000000000002 -0.02 1.7804564325751199e-05
-0.0095000000000000015 -0.02 2.6507137355440741e-05
-0.0090000000000000011 -0.02 3.866616975933424e-05
-0.0085000000000000006 -0.02 5.5263237720309931e-05
-0.0080000000000000002 -0.02 7.7388841406234412e-05
-0.0074999999999999997 -0.02 0.00010618354283774246
-0.0069999999999999993 -0.02 0.00014274895104080237
-0.0064999999999999988 -0.02 0.00018802928168875599
-0.0059999999999999984 -0.02 0.00024266933253309353
-0.0054999999999999979 -0.02 0.00030686061532104282
-0.005000000000000001 -0.02 0.00038019312108991834
-0.0044999999999999971 -0.02 0.00046153453722746135
-0.0040000000000000001 -0.02 0.00054896038245157998
-0.0035000000000000031 -0.02 0.0006397564136817874
-0.0029999999999999992 -0.02 0.00073050827684368149
-0.0025000000000000022 -0.02 0.0008172830288968822
-0.0019999999999999983 -0.02 0.00089589408220368824
-0.0015000000000000013 -0.02 0.00096222736182031011
-0.00099999999999999742 -0.02 0.0010125945463709718
-0.00050000000000000044 -0.02 0.0010440716732776651
0 -0.02 0.0010547800073039933
0.00050000000000000044 -0.02 0.0010440716732776651
0.0010000000000000009 -0.02 0.0010125945463709681
0.0015000000000000013 -0.02 0.00096222736182031011
0.0020000000000000018 -0.02 0.00089589408220368824
0.0024999999999999988 -0.02 0.0008172830288968822
0.0030000000000000027 -0.02 0.00073050827684368149
0.0034999999999999996 -0.02 0.0006397564136817874
0.0040000000000000036 -0.02 0.00054896038245157998
0.0045000000000000005 -0.02 0.00046153453722745972
0.0049999999999999975 -0.02 0.00038019312108991969
0.0055000000000000014 -0.02 0.00030686061532104173
0.0059999999999999984 -0.02 0.00024266933253309353
0.0064999999999999988 -0.02 0.00018802928168875599
0.0069999999999999993 -0.02 0.00014274895104080237
0.0074999999999999997 -0.02 0.00010618354283774246
0.0080000000000000002 -0.02 7.7388841406234412e-05
0.0085000000000000006 -0.02 5.5263237720309931e-05
0.0090000000000000011 -0.02 3.866616975933424e-05
0.0095000000000000015 -0.02 2.6507137355440741e-05
0.010000000000000002 -0.02 1.7804564325751199e-05
0.010500000000000002 -0.02 1.1717547449747257e-05
0.011000000000000003 -0.02 7.555773628957338e-06
0.011500000000000003 -0.02 4.773731654764678e-06
0.012000000000000004 -0.02 2.955111786860622e-06
0.012499999999999997 -0.02 1.7923659016091711e-06
0.013000000000000005 -0.02 1.065163508633264e-06
0.013499999999999998 -0.02 6.2021566793545608e-07
0.014000000000000005 -0.02 3.5383927310922697e-07
0.014499999999999999 -0.02 1.9779084345968326e-07
0.014999999999999999 -0.02 1.0832861185965917e-07
0.0155 -0.02 5.813223505850749e-08
0.016000000000000007 -0.02 3.0565233026867185e-08
0.016500000000000001 -0.02 1.574618134054992e-08
0.017000000000000001 -0.02 7.9480324853640382e-09
0.017500000000000002 -0.02 3.9307992600645905e-09
0.017999999999999995 -0.02 1.9047542227904184e-09
0.018500000000000003 -0.02 9.0434443785066375e-10
0.019000000000000003 -0.02 4.2069334882779186e-10
0.019500000000000003 -0.02 1.9174951194608965e-10
0.019999999999999997 -0.02 8.5632719392079751e-11
0.020499999999999997 -0.02 3.7469858399356263e-11
0.021000000000000005 -0.02 1.6064278146367598e-11
0.021500000000000005 -0.02 6.7480334349963394e-12
0.021999999999999999 -0.02 2.7773466165197449e-12
0.022499999999999999 -0.02 1.120004554845865e-12
0.023000000000000007 -0.02 4.4253369238660793e-13
0.023500000000000007 -0.02 1.7132066094564271e-13
0.024 -0.02 6.4984530911614878e-14
0.024500000000000001 -0.02 2.4151665372142333e-14
0.025000000000000001 -0.02 8.7946998969218118e-15
-0.025000000000000001 -0.0195 1.9693166641430694e-14
-0.024500000000000001 -0.0195 5.4080614053486976e-14
-0.024 -0.0195 1.4551391307912111e-13
-0.0235 -0.0195 3.8362267782480262e-13
-0.023 -0.0195 9.9092519935416334e-13
-0.022500000000000003 -0.0195 2.5079237036229887e-12
-0.022000000000000002 -0.0195 6.2190581124070061e-12
-0.021500000000000002 -0.0195 1.5110253731777831e-11
-0.021000000000000001 -0.0195 3.5971267947578186e-11
-0.020500000000000001 -0.0195 8.3902824898845929e-11
-0.02 -0.0195 1.9174951194609105e-10
-0.0195 -0.0195 4.2936713434520217e-10
-0.019 -0.0195 9.4202011671904925e-10
-0.018500000000000003 -0.0195 2.0250157395452986e-09
-0.018000000000000002 -0.0195 4.2651418195075677e-09
-0.017500000000000002 -0.0195 8.8018790600868938e-09
-0.017000000000000001 -0.0195 1.7797301788610435e-08
-0.016500000000000001 -0.0195 3.5258982880606176e-08
-0.016 -0.0195 6.8441929171789272e-08
-0.0155 -0.0195 1.301701940559327e-07
-0.015000000000000001 -0.0195 2.4257034695792213e-07
-0.014500000000000001 -0.0195 4.4289493513746553e-07
-0.014 -0.0195 7.9231990304315538e-07
-0.0135 -0.0195 1.3887921868208539e-06
-0.012999999999999999 -0.0195 2.3851231675600215e-06
-0.012500000000000001 -0.0195 4.0134809369858609e-06
-0.012 -0.0195 6.6171113903580931e-06
-0.0115 -0.0195 1.068938043146393e-05
-0.010999999999999999 -0.0195 1.6918952428617225e-05
-0.010499999999999999 -0.0195 2.6238031685141458e-05
-0.010000000000000002 -0.0195 3.9868131528605327e-05
-0.0095000000000000015 -0.0195 5.9355006907136535e-05
-0.0090000000000000011 -0.0195 8.658161544806426e-05
-0.0085000000000000006 -0.0195 0.00012374591086979273
-0.0080000000000000002 -0.0195 0.00017328975040224447
-0.0074999999999999997 -0.0195 0.00023776709020088805
-0.0069999999999999993 -0.0195 0.00031964466254498107
-0.0064999999999999988 -0.0195 0.0004210367631829274
-0.0059999999999999984 -0.0195 0.00054338722871164922
-0.0054999999999999979 -0.0195 0.00068712489386071689
-0.005000000000000001 -0.0195 0.00085133166308152934
-0.0044999999999999971 -0.0195 0.0010334720523638582
-0.0040000000000000001 -0.0195 0.0012292367468896028
-0.0035000000000000031 -0.0195 0.0014325479905197406
-0.0029999999999999992 -0.0195 0.0016357603326364962
-0.0025000000000000022 -0.0195 0.0018300670938087131
-0.0019999999999999983 -0.0195 0.0020060936314704697
-0.0015000000000000013 -0.0195 0.0021546276740953886
-0.00099999999999999742 -0.0195 0.0022674103011595635
-0.00050000000000000044 -0.0195 0.0023378941508454295
0 -0.0195 0.002361872343268622
0.00050000000000000044 -0.0195 0.0023378941508454295
0.0010000000000000009 -0.0195 0.0022674103011595596
0.0015000000000000013 -0.0195 0.0021546276740953886
0.0020000000000000018 -0.0195 0.0020060936314704697
0.0024999999999999988 -0.0195 0.0018300670938087131
0.0030000000000000027 -0.0195 0.0016357603326364962
0.0034999999999999996 -0.0195 0.0014325479905197406
0.0040000000000000036 -0.0195 0.0012292367468896028
0.0045000000000000005 -0.0195 0.0010334720523638545
0.0049999999999999975 -0.0195 0.00085133166308152934
0.0055000000000000014 -0.0195 0.0006871248938607144
0.0059999999999999984 -0.0195 0.00054338722871164922
0.0064999999999999988 -0.0195 0.0004210367631829274
0.0069999999999999993 -0.0195 0.00031964466254498107
0.0074999999999999997 -0.0195 0.00023776709020088805
0.0080000000000000002 -0.0195 0.00017328975040224447
0.0085000000000000006 -0.0195 0.00012374591086979273
0.0090000000000000011 -0.0195 8.658161544806426e-05
0.0095000000000000015 -0.0195 5.9355006907136535e-05
0.010000000000000002 -0.0195 3.9868131528605327e-05
0.010500000000000002 -0.0195 2.6238031685141366e-05
0.011000000000000003 -0.0195 1.6918952428617103e-05
0.011500000000000003 -0.0195 1.0689380431463853e-05
0.012000000000000004 -0.0195 6.6171113903580694e-06
0.012499999999999997 -0.0195 4.0134809369859032e-06
0.013000000000000005 -0.0195 2.385123167560013e-06
0.013499999999999998 -0.0195 1.3887921868208539e-06
0.014000000000000005 -0.0195 7.9231990304315263e-07
0.014499999999999999 -0.0195 4.4289493513746553e-07
0.014999999999999999 -0.0195 2.4257034695792303e-07
0.0155 -0.0195 1.301701940559327e-07
0.016000000000000007 -0.0195 6.8441929171788293e-08
0.016500000000000001 -0.0195 3.5258982880606176e-08
0.017000000000000001 -0.0195 1.7797301788610435e-08
0.017500000000000002 -0.0195 8.8018790600868938e-09
0.017999999999999995 -0.0195 4.2651418195076131e-09
0.018500000000000003 -0.0195 2.0250157395452986e-09
0.019000000000000003 -0.0195 9.4202011671904263e-10
0.019500000000000003 -0.0195 4.2936713434520056e-10
0.019999999999999997 -0.0195 1.917495119460917e-10
0.020499999999999997 -0.0195 8.3902824898846524e-11
0.021000000000000005 -0.0195 3.5971267947577941e-11
0.021500000000000005 -0.0195 1.5110253731777831e-11
0.021999999999999999 -0.0195 6.2190581124070513e-12
0.022499999999999999 -0.0195 2.5079237036230064e-12
0.023000000000000007 -0.0195 9.9092519935414214e-13
0.023500000000000007 -0.0195 3.8362267782479449e-13
0.024 -0.0195 1.4551391307912111e-13
0.024500000000000001 -0.0195 5.4080614053486976e-14
0.025000000000000001 -0.0195 1.9693166641430694e-14
-0.025000000000000001 -0.019 4.3206285843045602e-14
-0.024500000000000001 -0.019 1.1865143437351391e-13
-0.024 -0.019 3.1925366992069935e-13
-0.0235 -0.019 8.4165799110756207e-13
-0.023 -0.019 2.1740636329304021e-12
-0.022500000000000003 -0.019 5.5023181585900744e-12
-0.022000000000000002 -0.019 1.3644448725370132e-11
-0.021500000000000002 -0.019 3.3151496343033759e-11
-0.021000000000000001 -0.019 7.8920008822254974e-11
-0.020500000000000001 -0.019 1.8408057483208185e-10
-0.02 -0.019 4.2069334882779481e-10
-0.0195 -0.019 9.4202011671904925e-10
-0.019 -0.019 2.0667671773636862e-09
-0.018500000000000003 -0.019 4.4428308799962618e-09
-0.018000000000000002 -0.019 9.3576081475428833e-09
-0.017500000000000002 -0.019 1.9311089453026819e-08
-0.017000000000000001 -0.019 3.904680858668588e-08
-0.016500000000000001 -0.019 7.7357274257232032e-08
-0.016 -0.019 1.5015977924162767e-07
-0.0155 -0.019 2.8558995691394564e-07
-0.015000000000000001 -0.019 5.3219291435139785e-07
-0.014500000000000001 -0.019 9.7169975323969889e-07
-0.014 -0.019 1.7383288748492431e-06
-0.0135 -0.019 3.0469732619908868e-06
-0.012999999999999999 -0.019 5.2328970360544474e-06
-0.012500000000000001 -0.019 8.8054708390172968e-06
-0.012 -0.019 1.4517767070817524e-05
-0.0115 -0.019 2.3452217452689673e-05
-0.010999999999999999 -0.019 3.7119733362628804e-05
-0.010499999999999999 -0.019 5.7565546343477778e-05
-0.010000000000000002 -0.019 8.7469624272062631e-05
-0.0095000000000000015 -0.019 0.00013022331254997028
-0.0090000000000000011 -0.019 0.00018995777032281073
-0.0085000000000000006 -0.019 0.00027149524981422097
-0.0080000000000000002 -0.019 0.00038019312108991969
-0.0074999999999999997 -0.019 0.0005216546962882189
-0.0069999999999999993 -0.019 0.00070129192067401396
-0.0064999999999999988 -0.019 0.00092374350310127319
-0.0059999999999999984 -0.019 0.0011921771828093456
-0.0054999999999999979 -0.019 0.0015075338118329977
-0.005000000000000001 -0.019 0.00186779911286343
-0.0044999999999999971 -0.019 0.0022674103011595635
-0.0040000000000000001 -0.019 0.0026969128541853085
-0.0035000000000000031 -0.019 0.0031429723360011119
-0.0029999999999999992 -0.019 0.0035888148305169387
-0.0025000000000000022 -0.019 0.0040151187163928216
-0.0019999999999999983 -0.019 0.0044013162762192295
-0.0015000000000000013 -0.019 0.0047271960303454201
-0.00099999999999999742 -0.019 0.0049746381259610879
-0.00050000000000000044 -0.019 0.0051292778247101524
0 -0.019 0.0051818853435871039
0.00050000000000000044 -0.019 0.0051292778247101524
0.0010000000000000009 -0.019 0.0049746381259610801
0.0015000000000000013 -0.019 0.0047271960303454201
0.0020000000000000018 -0.019 0.0044013162762192295
0.0024999999999999988 -0.019 0.0040151187163928216
0.0030000000000000027 -0.019 0.0035888148305169387
0.0034999999999999996 -0.019 0.0031429723360011119
0.0040000000000000036 -0.019 0.0026969128541853085
0.0045000000000000005 -0.019 0.0022674103011595635
0.0049999999999999975 -0.019 0.0018677991128634335
0.0055000000000000014 -0.019 0.0015075338118329977
0.0059999999999999984 -0.019 0.0011921771828093456
0.0064999999999999988 -0.019 0.00092374350310127319
0.0069999999999999993 -0.019 0.00070129192067401396
0.0074999999999999997 -0.019 0.0005216546962882189
0.0080000000000000002 -0.019 0.00038019312108991969
0.0085000000000000006 -0.019 0.00027149524981422097
0.0090000000000000011 -0.019 0.00018995777032281073
0.0095000000000000015 -0.019 0.00013022331254997028
0.010000000000000002 -0.019 8.7469624272062631e-05
0.010500000000000002 -0.019 5.7565546343477575e-05
0.011000000000000003 -0.019 3.7119733362628804e-05
0.011500000000000003 -0.019 2.3452217452689588e-05
0.012000000000000004 -0.019 1.4517767070817524e-05
0.012499999999999997 -0.019 8.805470839017329e-06
0.013000000000000005 -0.019 5.2328970360544288e-06
0.013499999999999998 -0.019 3.0469732619908978e-06
0.014000000000000005 -0.019 1.7383288748492247e-06
0.014499999999999999 -0.019 9.7169975323970249e-07
0.014999999999999999 -0.019 5.3219291435140166e-07
0.0155 -0.019 2.8558995691394564e-07
0.016000000000000007 -0.019 1.5015977924162553e-07
0.016500000000000001 -0.019 7.7357274257232032e-08
0.017000000000000001 -0.019 3.904680858668588e-08
0.017500000000000002 -0.019 1.9311089453026819e-08
0.017999999999999995 -0.019 9.3576081475429495e-09
0.018500000000000003 -0.019 4.4428308799962618e-09
0.019000000000000003 -0.019 2.0667671773636792e-09
0.019500000000000003 -0.019 9.4202011671904263e-10
0.019999999999999997 -0.019 4.2069334882779786e-10
0.020499999999999997 -0.019 1.8408057483208316e-10
0.021000000000000005 -0.019 7.8920008822254405e-11
0.021500000000000005 -0.019 3.315149634303352e-11
0.021999999999999999 -0.019 1.3644448725370132e-11
0.022499999999999999 -0.019 5.502318158590114e-12
0.023000000000000007 -0.019 2.1740636329303867e-12
0.023500000000000007 -0.019 8.4165799110755015e-13
0.024 -0.019 3.1925366992069935e-13
0.024500000000000001 -0.019 1.1865143437351391e-13
0.025000000000000001 -0.019 4.3206285843045602e-14
-0.025000000000000001 -0.018500000000000003 9.2878493066783252e-14
-0.024500000000000001 -0.018500000000000003 2.5505933245122947e-13
-0.024 -0.018500000000000003 6.8628439565460769e-13
-0.0235 -0.018500000000000003 1.8092720623026849e-12
-0.023 -0.018500000000000003 4.6734809557895192e-12
-0.022500000000000003 -0.018500000000000003 1.1828071054297781e-11
-0.022000000000000002 -0.018500000000000003 2.9330821004678843e-11
-0.021500000000000002 -0.018500000000000003 7.126419138259602e-11
-0.021000000000000001 -0.018500000000000003 1.6965058090981681e-10
-0.020500000000000001 -0.018500000000000003 3.9570923673882156e-10
-0.02 -0.018500000000000003 9.0434443785066375e-10
-0.0195 -0.018500000000000003 2.0250157395452986e-09
-0.019 -0.018500000000000003 4.4428308799962618e-09
-0.018500000000000003 -0.018500000000000003 9.550541756438434e-09
-0.018000000000000002 -0.018500000000000003 2.0115604164876971e-08
-0.017500000000000002 -0.018500000000000003 4.1512128452570236e-08
-0.017000000000000001 -0.018500000000000003 8.3937063087829584e-08
-0.016500000000000001 -0.018500000000000003 1.662912449097272e-07
-0.016 -0.018500000000000003 3.2279131943594236e-07
-0.0155 -0.018500000000000003 6.1391911652698245e-07
-0.015000000000000001 -0.018500000000000003 1.1440297387592622e-06
-0.014500000000000001 -0.018500000000000003 2.0888166393685708e-06
-0.014 -0.018500000000000003 3.7368027174791555e-06
-0.0135 -0.018500000000000003 6.5499331744583253e-06
-0.012999999999999999 -0.018500000000000003 1.1248909310278124e-05
-0.012500000000000001 -0.018500000000000003 1.8928700912695271e-05
-0.012 -0.018500000000000003 3.1208151821481626e-05
-0.0115 -0.018500000000000003 5.0414113909097563e-05
-0.010999999999999999 -0.018500000000000003 7.9794521340849874e-05
-0.010499999999999999 -0.018500000000000003 0.00012374591086979187
-0.010000000000000002 -0.018500000000000003 0.00018802928168875534
-0.0095000000000000015 -0.018500000000000003 0.00027993484734473514
-0.0090000000000000011 -0.018500000000000003 0.00040834316372390756
-0.0085000000000000006 -0.018500000000000003 0.00058362039655841954
-0.0080000000000000002 -0.018500000000000003 0.00081728302889687928
-0.0074999999999999997 -0.018500000000000003 0.0011213762337374941
-0.0069999999999999993 -0.018500000000000003 0.0015075338118329896
-0.0064999999999999988 -0.018500000000000003 0.0019857273744831021
-0.0059999999999999984 -0.018500000000000003 0.0025627664597270049
-0.0054999999999999979 -0.018500000000000003 0.0032406735723341305
-0.005000000000000001 -0.018500000000000003 0.0040151187163927999
-0.0044999999999999971 -0.018500000000000003 0.0048741438387187308
-0.0040000000000000001 -0.018500000000000003 0.0057974250029058302
-0.0035000000000000031 -0.018500000000000003 0.0067562978076569913
-0.0029999999999999992 -0.018500000000000003 0.007714704165153019
-0.0025000000000000022 -0.018500000000000003 0.0086311093070460219
-0.0019999999999999983 -0.018500000000000003 0.0094612997916678262
-0.0015000000000000013 -0.018500000000000003 0.010161827964678684
-0.00099999999999999742 -0.018500000000000003 0.01069374244225163
-0.00050000000000000044 -0.018500000000000003 0.011026164031098414
0 -0.018500000000000003 0.011139251906668724
0.00050000000000000044 -0.018500000000000003 0.011026164031098414
0.0010000000000000009 -0.018500000000000003 0.010693742442251611
0.0015000000000000013 -0.018500000000000003 0.010161827964678684
0.0020000000000000018 -0.018500000000000003 0.0094612997916678262
0.0024999999999999988 -0.018500000000000003 0.0086311093070460219
0.0030000000000000027 -0.018500000000000003 0.007714704165153019
0.0034999999999999996 -0.018500000000000003 0.0067562978076569913
0.0040000000000000036 -0.018500000000000003 0.0057974250029058302
0.0045000000000000005 -0.018500000000000003 0.0048741438387187308
0.0049999999999999975 -0.018500000000000003 0.0040151187163928147
0.0055000000000000014 -0.018500000000000003 0.0032406735723341305
0.0059999999999999984 -0.018500000000000003 0.0025627664597270049
0.0064999999999999988 -0.018500000000000003 0.0019857273744831021
0.0069999999999999993 -0.018500000000000003 0.0015075338118329896
0.0074999999999999997 -0.018500000000000003 0.0011213762337374941
0.0080000000000000002 -0.018500000000000003 0.00081728302889687928
0.0085000000000000006 -0.018500000000000003 0.00058362039655841954
0.0090000000000000011 -0.018500000000000003 0.00040834316372390756
0.0095000000000000015 -0.018500000000000003 0.00027993484734473514
0.010000000000000002 -0.018500000000000003 0.00018802928168875534
0.010500000000000002 -0.018500000000000003 0.00012374591086979187
0.011000000000000003 -0.018500000000000003 7.9794521340849603e-05
0.011500000000000003 -0.018500000000000003 5.0414113909097394e-05
0.012000000000000004 -0.018500000000000003 3.120815182148151e-05
0.012499999999999997 -0.018500000000000003 1.8928700912695338e-05
0.013000000000000005 -0.018500000000000003 1.1248909310278084e-05
0.013499999999999998 -0.018500000000000003 6.549933174458349e-06
0.014000000000000005 -0.018500000000000003 3.7368027174791292e-06
0.014499999999999999 -0.018500000000000003 2.088816639368578e-06
0.014999999999999999 -0.018500000000000003 1.1440297387592664e-06
0.0155 -0.018500000000000003 6.1391911652698245e-07
0.016000000000000007 -0.018500000000000003 3.2279131943593891e-07
0.016500000000000001 -0.018500000000000003 1.662912449097272e-07
0.017000000000000001 -0.018500000000000003 8.3937063087829584e-08
0.017500000000000002 -0.018500000000000003 4.1512128452570236e-08
0.017999999999999995 -0.018500000000000003 2.0115604164877182e-08
0.018500000000000003 -0.018500000000000003 9.550541756438434e-09
0.019000000000000003 -0.018500000000000003 4.4428308799962304e-09
0.019500000000000003 -0.018500000000000003 2.0250157395452775e-09
0.019999999999999997 -0.018500000000000003 9.0434443785066685e-10
0.020499999999999997 -0.018500000000000003 3.9570923673882575e-10
0.021000000000000005 -0.018500000000000003 1.6965058090981498e-10
0.021500000000000005 -0.018500000000000003 7.1264191382595516e-11
0.021999999999999999 -0.018500000000000003 2.9330821004679056e-11
0.022499999999999999 -0.018500000000000003 1.1828071054297866e-11
0.023000000000000007 -0.018500000000000003 4.673480955789453e-12
0.023500000000000007 -0.018500000000000003 1.8092720623026591e-12
0.024 -0.018500000000000003 6.8628439565460769e-13
0.024500000000000001 -0.018500000000000003 2.5505933245122947e-13
0.025000000000000001 -0.018500000000000003 9.2878493066783252e-14
-0.025000000000000001 -0.018000000000000002 1.9562314365069132e-13
-0.024500000000000001 -0.018000000000000002 5.372127258317972e-13
-0.024 -0.018000000000000002 1.4454703826841374e-12
-0.0235 -0.018000000000000002 3.8107367686567361e-12
-0.023 -0.018000000000000002 9.8434094500845167e-12
-0.022500000000000003 -0.018000000000000002 2.49125967332581e-11
-0.022000000000000002 -0.018000000000000002 6.1777352553139645e-11
-0.021500000000000002 -0.018000000000000002 1.500985286008449e-10
-0.021000000000000001 -0.018000000000000002 3.5732254975197718e-10
-0.020500000000000001 -0.018000000000000002 8.3345328187875752e-10
-0.02 -0.018000000000000002 1.9047542227903981e-09
-0.0195 -0.018000000000000002 4.2651418195075677e-09
-0.019 -0.018000000000000002 9.3576081475428833e-09
-0.018500000000000003 -0.018000000000000002 2.0115604164876971e-08
-0.018000000000000002 -0.018000000000000002 4.2368018614779833e-08
-0.017500000000000002 -0.018000000000000002 8.7433945140388696e-08
-0.017000000000000001 -0.018000000000000002 1.7679046685480766e-07
-0.016500000000000001 -0.018000000000000002 3.5024702723629701e-07
-0.016 -0.018000000000000002 6.7987163191601028e-07
-0.0155 -0.018000000000000002 1.2930527138926461e-06
-0.015000000000000001 -0.018000000000000002 2.40958575593002e-06
-0.014500000000000001 -0.018000000000000002 4.3995209656269718e-06
-0.014 -0.018000000000000002 7.870552919825047e-06
-0.0135 -0.018000000000000002 1.3795642844551448e-05
-0.012999999999999999 -0.018000000000000002 2.3692750918513049e-05
-0.012500000000000001 -0.018000000000000002 3.9868131528605185e-05
-0.012 -0.018000000000000002 6.5731436474281778e-05
-0.0115 -0.018000000000000002 0.00010618354283774207
-0.010999999999999999 -0.018000000000000002 0.00016806533563777011
-0.010499999999999999 -0.018000000000000002 0.00026063691710481095
-0.010000000000000002 -0.018000000000000002 0.00039603225642224161
-0.0095000000000000015 -0.018000000000000002 0.00058960619457485873
-0.0090000000000000011 -0.018000000000000002 0.00086006319373099879
-0.0085000000000000006 -0.018000000000000002 0.0012292367468896028
-0.0080000000000000002 -0.018000000000000002 0.0017213831758683578
-0.0074999999999999997 -0.018000000000000002 0.0023618723432686176
-0.0069999999999999993 -0.018000000000000002 0.0031752076685657364
-0.0064999999999999988 -0.018000000000000002 0.004182391623756266
-0.0059999999999999984 -0.018000000000000002 0.0053977666383311059
-0.0054999999999999979 -0.018000000000000002 0.0068255925654379778
-0.005000000000000001 -0.018000000000000002 0.0084567494529300818
-0.0044999999999999971 -0.018000000000000002 0.010266050932267023
-0.0040000000000000001 -0.018000000000000002 0.012210690189946206
-0.0035000000000000031 -0.018000000000000002 0.014230293504264668
-0.0029999999999999992 -0.018000000000000002 0.016248914375012097
-0.0025000000000000022 -0.018000000000000002 0.018179071172300623
-0.0019999999999999983 -0.018000000000000002 0.019927640373502385
-0.0015000000000000013 -0.018000000000000002 0.021403111377556277
-0.00099999999999999742 -0.018000000000000002 0.022523443747519641
-0.00050000000000000044 -0.018000000000000002 0.023223598908099288
0 -0.018000000000000002 0.023461787588786982
0.00050000000000000044 -0.018000000000000002 0.023223598908099288
0.0010000000000000009 -0.018000000000000002 0.022523443747519599
0.0015000000000000013 -0.018000000000000002 0.021403111377556277
0.0020000000000000018 -0.018000000000000002 0.019927640373502385
0.0024999999999999988 -0.018000000000000002 0.018179071172300623
0.0030000000000000027 -0.018000000000000002 0.016248914375012097
0.0034999999999999996 -0.018000000000000002 0.014230293504264668
0.0040000000000000036 -0.018000000000000002 0.012210690189946206
0.0045000000000000005 -0.018000000000000002 0.010266050932267023
0.0049999999999999975 -0.018000000000000002 0.0084567494529300975
0.0055000000000000014 -0.018000000000000002 0.0068255925654379778
0.0059999999999999984 -0.018000000000000002 0.0053977666383311059
0.0064999999999999988 -0.018000000000000002 0.004182391623756266
0.0069999999999999993 -0.018000000000000002 0.0031752076685657364
0.0074999999999999997 -0.018000000000000002 0.0023618723432686176
0.0080000000000000002 -0.018000000000000002 0.0017213831758683578
0.0085000000000000006 -0.018000000000000002 0.0012292367468896028
0.0090000000000000011 -0.018000000000000002 0.00086006319373099879
0.0095000000000000015 -0.018000000000000002 0.00058960619457485873
0.010000000000000002 -0.018000000000000002 0.00039603225642224161
0.010500000000000002 -0.018000000000000002 0.00026063691710481095
0.011000000000000003 -0.018000000000000002 0.00016806533563777011
0.011500000000000003 -0.018000000000000002 0.0001061835428377417
0.012000000000000004 -0.018000000000000002 6.5731436474281547e-05
0.012499999999999997 -0.018000000000000002 3.9868131528605327e-05
0.013000000000000005 -0.018000000000000002 2.3692750918512964e-05
0.013499999999999998 -0.018000000000000002 1.37956428445515e-05
0.014000000000000005 -0.018000000000000002 7.8705529198249623e-06
0.014499999999999999 -0.018000000000000002 4.399520965626987e-06
0.014999999999999999 -0.018000000000000002 2.4095857559300285e-06
0.0155 -0.018000000000000002 1.2930527138926461e-06
0.016000000000000007 -0.018000000000000002 6.7987163191600065e-07
0.016500000000000001 -0.018000000000000002 3.5024702723629701e-07
0.017000000000000001 -0.018000000000000002 1.7679046685480766e-07
0.017500000000000002 -0.018000000000000002 8.7433945140388696e-08
0.017999999999999995 -0.018000000000000002 4.2368018614780283e-08
0.018500000000000003 -0.018000000000000002 2.0115604164876971e-08
0.019000000000000003 -0.018000000000000002 9.3576081475428155e-09
0.019500000000000003 -0.018000000000000002 4.2651418195075379e-09
0.019999999999999997 -0.018000000000000002 1.9047542227904047e-09
0.020499999999999997 -0.018000000000000002 8.3345328187876631e-10
0.021000000000000005 -0.018000000000000002 3.5732254975197336e-10
0.021500000000000005 -0.018000000000000002 1.5009852860084384e-10
0.021999999999999999 -0.018000000000000002 6.1777352553140072e-11
0.022499999999999999 -0.018000000000000002 2.4912596733258274e-11
0.023000000000000007 -0.018000000000000002 9.8434094500843745e-12
0.023500000000000007 -0.018000000000000002 3.8107367686566828e-12
0.024 -0.018000000000000002 1.4454703826841374e-12
0.024500000000000001 -0.018000000000000002 5.372127258317972e-13
0.025000000000000001 -0.018000000000000002 1.9562314365069132e-13
-0.025000000000000001 -0.017500000000000002 4.037031650136751e-13
-0.024500000000000001 -0.017500000000000002 1.1086340483883428e-12
-0.024 -0.017500000000000002 2.982985333601924e-12
-0.0235 -0.017500000000000002 7.8641333833573384e-12
-0.023 -0.017500000000000002 2.0313626881594157e-11
-0.022500000000000003 -0.017500000000000002 5.1411576167512254e-11
-0.022000000000000002 -0.017500000000000002 1.2748855931075813e-10
-0.021500000000000002 -0.017500000000000002 3.0975502146237278e-10
-0.021000000000000001 -0.017500000000000002 7.3739866139360968e-10
-0.020500000000000001 -0.017500000000000002 1.7199791471825683e-09
-0.02 -0.017500000000000002 3.9307992600645905e-09
-0.0195 -0.017500000000000002 8.8018790600868938e-09
-0.019 -0.017500000000000002 1.9311089453026819e-08
-0.018500000000000003 -0.017500000000000002 4.1512128452570236e-08
-0.018000000000000002 -0.017500000000000002 8.7433945140388696e-08
-0.017500000000000002 -0.017500000000000002 1.8043550330545192e-07
-0.017000000000000001 -0.017500000000000002 3.6483858546395905e-07
-0.016500000000000001 -0.017500000000000002 7.2279706170351594e-07
-0.016 -0.017500000000000002 1.403036085022733e-06
-0.0155 -0.017500000000000002 2.6684443537012984e-06
-0.015000000000000001 -0.017500000000000002 4.9726089556039286e-06
-0.014500000000000001 -0.017500000000000002 9.0791943387796496e-06
-0.014 -0.017500000000000002 1.6242286392322602e-05
-0.0135 -0.017500000000000002 2.8469763729430888e-05
-0.012999999999999999 -0.017500000000000002 4.8894207276228939e-05
-0.012500000000000001 -0.017500000000000002 8.2274983322110537e-05
-0.012 -0.017500000000000002 0.00013564851504966192
-0.0115 -0.017500000000000002 0.00021912863435271911
-0.010999999999999999 -0.017500000000000002 0.00034683272469644661
-0.010499999999999999 -0.017500000000000002 0.00053787065472428106
-0.010000000000000002 -0.017500000000000002 0.00081728302889687928
-0.0095000000000000015 -0.017500000000000002 0.0012167572937410922
-0.0090000000000000011 -0.017500000000000002 0.0017748934351088821
-0.0085000000000000006 -0.017500000000000002 0.0025367487507334803
-0.0080000000000000002 -0.017500000000000002 0.0035523804767202106
-0.0074999999999999997 -0.017500000000000002 0.0048741438387187395
-0.0069999999999999993 -0.017500000000000002 0.0065526060028181761
-0.0064999999999999988 -0.017500000000000002 0.008631109307046067
-0.0059999999999999984 -0.017500000000000002 0.011139251906668783
-0.0054999999999999979 -0.017500000000000002 0.01408582476663108
-0.005000000000000001 -0.017500000000000002 0.017452007242924606
-0.0044999999999999971 -0.017500000000000002 0.021185822782544557
-0.0040000000000000001 -0.017500000000000002 0.025198931909022643
-0.0035000000000000031 -0.017500000000000002 0.029366742705061816
-0.0029999999999999992 -0.017500000000000002 0.033532526053981694
-0.0025000000000000022 -0.017500000000000002 0.037515748046515529
-0.0019999999999999983 -0.017500000000000002 0.04112423172384079
-0.0015000000000000013 -0.017500000000000002 0.044169128677782353
-0.00099999999999999742 -0.017500000000000002 0.04648113386889146
-0.00050000000000000044 -0.017500000000000002 0.047926028624449502
0 -0.017500000000000002 0.04841757334901324
0.00050000000000000044 -0.017500000000000002 0.047926028624449502
0.0010000000000000009 -0.017500000000000002 0.046481133868891376
0.0015000000000000013 -0.017500000000000002 0.044169128677782353
0.0020000000000000018 -0.017500000000000002 0.04112423172384079
0.0024999999999999988 -0.017500000000000002 0.037515748046515529
0.0030000000000000027 -0.017500000000000002 0.033532526053981694
0.0034999999999999996 -0.017500000000000002 0.029366742705061816
0.0040000000000000036 -0.017500000000000002 0.025198931909022643
0.0045000000000000005 -0.017500000000000002 0.021185822782544477
0.0049999999999999975 -0.017500000000000002 0.017452007242924637
0.0055000000000000014 -0.017500000000000002 0.014085824766631056
0.0059999999999999984 -0.017500000000000002 0.011139251906668783
0.0064999999999999988 -0.017500000000000002 0.008631109307046067
0.0069999999999999993 -0.017500000000000002 0.0065526060028181761
0.0074999999999999997 -0.017500000000000002 0.0048741438387187395
0.0080000000000000002 -0.017500000000000002 0.0035523804767202106
0.0085000000000000006 -0.017500000000000002 0.0025367487507334803
0.0090000000000000011 -0.017500000000000002 0.0017748934351088821
0.0095000000000000015 -0.017500000000000002 0.0012167572937410922
0.010000000000000002 -0.017500000000000002 0.00081728302889687928
0.010500000000000002 -0.017500000000000002 0.00053787065472427921
0.011000000000000003 -0.017500000000000002 0.00034683272469644537
0.011500000000000003 -0.017500000000000002 0.00021912863435271832
0.012000000000000004 -0.017500000000000002 0.00013564851504966144
0.012499999999999997 -0.017500000000000002 8.2274983322110822e-05
0.013000000000000005 -0.017500000000000002 4.8894207276228594e-05
0.013499999999999998 -0.017500000000000002 2.8469763729430888e-05
0.014000000000000005 -0.017500000000000002 1.6242286392322487e-05
0.014499999999999999 -0.017500000000000002 9.0791943387796496e-06
0.014999999999999999 -0.017500000000000002 4.9726089556039286e-06
0.0155 -0.017500000000000002 2.6684443537012984e-06
0.016000000000000007 -0.017500000000000002 1.4030360850227181e-06
0.016500000000000001 -0.017500000000000002 7.2279706170351594e-07
0.017000000000000001 -0.017500000000000002 3.6483858546395905e-07
0.017500000000000002 -0.017500000000000002 1.8043550330545192e-07
0.017999999999999995 -0.017500000000000002 8.7433945140389636e-08
0.018500000000000003 -0.017500000000000002 4.1512128452570236e-08
0.019000000000000003 -0.017500000000000002 1.9311089453026819e-08
0.019500000000000003 -0.017500000000000002 8.8018790600868624e-09
0.019999999999999997 -0.017500000000000002 3.9307992600646327e-09
0.020499999999999997 -0.017500000000000002 1.7199791471825867e-09
0.021000000000000005 -0.017500000000000002 7.3739866139360183e-10
0.021500000000000005 -0.017500000000000002 3.0975502146237061e-10
0.021999999999999999 -0.017500000000000002 1.2748855931075994e-10
0.022499999999999999 -0.017500000000000002 5.1411576167512254e-11
0.023000000000000007 -0.017500000000000002 2.0313626881594012e-11
0.023500000000000007 -0.017500000000000002 7.8641333833572253e-12
0.024 -0.017500000000000002 2.982985333601924e-12
0.024500000000000001 -0.017500000000000002 1.1086340483883428e-12
0.025000000000000001 -0.017500000000000002 4.037031650136751e-13
-0.025000000000000001 -0.017000000000000001 8.162833199272191e-13
-0.024500000000000001 -0.017000000000000001 2.2416457437784549e-12
-0.024 -0.017000000000000001 6.0315632435635777e-12
-0.0235 -0.017000000000000001 1.5901190436047116e-11
-0.023 -0.017000000000000001 4.1073928142497447e-11
-0.022500000000000003 -0.017000000000000001 1.0395363651728151e-10
-0.022000000000000002 -0.017000000000000001 2.5778045223747165e-10
-0.021500000000000002 -0.017000000000000001 6.2632121617096029e-10
-0.021000000000000001 -0.017000000000000001 1.4910119107237394e-09
-0.020500000000000001 -0.017000000000000001 3.4777787496915456e-09
-0.02 -0.017000000000000001 7.9480324853640382e-09
-0.0195 -0.017000000000000001 1.7797301788610435e-08
-0.019 -0.017000000000000001 3.904680858668588e-08
-0.018500000000000003 -0.017000000000000001 8.3937063087829584e-08
-0.018000000000000002 -0.017000000000000001 1.7679046685480766e-07
-0.017500000000000002 -0.017000000000000001 3.6483858546395905e-07
-0.017000000000000001 -0.017000000000000001 7.3769957134218096e-07
-0.016500000000000001 -0.017000000000000001 1.4614876381783995e-06
-0.016 -0.017000000000000001 2.8369233949930647e-06
-0.0155 -0.017000000000000001 5.3955648725383302e-06
-0.015000000000000001 -0.017000000000000001 1.0054560129204513e-05
-0.014500000000000001 -0.017000000000000001 1.8358030204871918e-05
-0.014 -0.017000000000000001 3.2841722851205846e-05
-0.0135 -0.017000000000000001 5.7565546343477778e-05
-0.012999999999999999 -0.017000000000000001 9.8863544553329531e-05
-0.012500000000000001 -0.017000000000000001 0.00016635910330515676
-0.012 -0.017000000000000001 0.00027427979219381195
-0.0115 -0.017000000000000001 0.00044307566707953719
-0.010999999999999999 -0.017000000000000001 0.00070129192067401396
-0.010499999999999999 -0.017000000000000001 0.0010875684953197949
-0.010000000000000002 -0.017000000000000001 0.0016525372153708977
-0.0095000000000000015 -0.017000000000000001 0.0024602697460818545
-0.0090000000000000011 -0.017000000000000001 0.0035888148305169326
-0.0085000000000000006 -0.017000000000000001 0.0051292778247101429
-0.0080000000000000002 -0.017000000000000001 0.0071828739046015996
-0.0074999999999999997 -0.017000000000000001 0.0098554647554902151
-0.0069999999999999993 -0.017000000000000001 0.013249296626084765
-0.0064999999999999988 -0.017000000000000001 0.017452007242924637
-0.0059999999999999984 -0.017000000000000001 0.022523443747519679
-0.0054999999999999979 -0.017000000000000001 0.028481381373438416
-0.005000000000000001 -0.017000000000000001 0.035287764987341021
-0.0044999999999999971 -0.017000000000000001 0.042837498575814516
-0.0040000000000000001 -0.017000000000000001 0.050951960697707417
-0.0035000000000000031 -0.017000000000000001 0.059379227878791095
-0.0029999999999999992 -0.017000000000000001 0.067802395584297306
-0.0025000000000000022 -0.017000000000000001 0.075856426253000334
-0.0019999999999999983 -0.017000000000000001 0.08315274020667085
-0.0015000000000000013 -0.017000000000000001 0.089309488059553188
-0.00099999999999999742 -0.017000000000000001 0.093984336900591076
-0.00050000000000000044 -0.017000000000000001 0.096905898062917675
0 -0.017000000000000001 0.097899796041512915
0.00050000000000000044 -0.017000000000000001 0.096905898062917675
0.0010000000000000009 -0.017000000000000001 0.093984336900590756
0.0015000000000000013 -0.017000000000000001 0.089309488059553188
0.0020000000000000018 -0.017000000000000001 0.08315274020667085
0.0024999999999999988 -0.017000000000000001 0.075856426253000334
0.0030000000000000027 -0.017000000000000001 0.067802395584297306
0.0034999999999999996 -0.017000000000000001 0.059379227878791095
0.0040000000000000036 -0.017000000000000001 0.050951960697707417
0.0045000000000000005 -0.017000000000000001 0.042837498575814439
0.0049999999999999975 -0.017000000000000001 0.035287764987341146
0.0055000000000000014 -0.017000000000000001 0.028481381373438367
0.0059999999999999984 -0.017000000000000001 0.022523443747519679
0.0064999999999999988 -0.017000000000000001 0.017452007242924637
0.0069999999999999993 -0.017000000000000001 0.013249296626084765
0.0074999999999999997 -0.017000000000000001 0.0098554647554902151
0.0080000000000000002 -0.017000000000000001 0.0071828739046015996
0.0085000000000000006 -0.017000000000000001 0.0051292778247101429
0.0090000000000000011 -0.017000000000000001 0.0035888148305169326
0.0095000000000000015 -0.017000000000000001 0.0024602697460818545
0.010000000000000002 -0.017000000000000001 0.0016525372153708977
0.010500000000000002 -0.017000000000000001 0.0010875684953197949
0.011000000000000003 -0.017000000000000001 0.00070129192067400897
0.011500000000000003 -0.017000000000000001 0.00044307566707953568
0.012000000000000004 -0.017000000000000001 0.00027427979219381098
0.012499999999999997 -0.017000000000000001 0.00016635910330515735
0.013000000000000005 -0.017000000000000001 9.8863544553328813e-05
0.013499999999999998 -0.017000000000000001 5.7565546343477778e-05
0.014000000000000005 -0.017000000000000001 3.2841722851205616e-05
0.014499999999999999 -0.017000000000000001 1.8358030204871918e-05
0.014999999999999999 -0.017000000000000001 1.0054560129204584e-05
0.0155 -0.017000000000000001 5.3955648725383302e-06
0.016000000000000007 -0.017000000000000001 2.8369233949930244e-06
0.016500000000000001 -0.017000000000000001 1.4614876381783995e-06
0.017000000000000001 -0.017000000000000001 7.3769957134218096e-07
0.017500000000000002 -0.017000000000000001 3.6483858546395905e-07
0.017999999999999995 -0.017000000000000001 1.767904668548089e-07
0.018500000000000003 -0.017000000000000001 8.3937063087829584e-08
0.019000000000000003 -0.017000000000000001 3.9046808586685602e-08
0.019500000000000003 -0.017000000000000001 1.7797301788610372e-08
0.019999999999999997 -0.017000000000000001 7.9480324853640944e-09
0.020499999999999997 -0.017000000000000001 3.477778749691558e-09
0.021000000000000005 -0.017000000000000001 1.4910119107237339e-09
0.021500000000000005 -0.017000000000000001 6.2632121617096029e-10
0.021999999999999999 -0.017000000000000001 2.5778045223747258e-10
0.022499999999999999 -0.017000000000000001 1.0395363651728225e-10
0.023000000000000007 -0.017000000000000001 4.1073928142496865e-11
0.023500000000000007 -0.017000000000000001 1.5901190436046777e-11
0.024 -0.017000000000000001 6.0315632435635777e-12
0.024500000000000001 -0.017000000000000001 2.2416457437784549e-12
0.025000000000000001 -0.017000000000000001 8.162833199272191e-13
-0.025000000000000001 -0.016500000000000001 1.6171732066406376e-12
-0.024500000000000001 -0.016500000000000001 4.4410186354680591e-12
-0.024 -0.016500000000000001 1.194938354555524e-11
-0.0235 -0.016500000000000001 3.1502516955949013e-11
-0.023 -0.016500000000000001 8.1373286041728919e-11
-0.022500000000000003 -0.016500000000000001 2.0594692014972993e-10
-0.022000000000000002 -0.016500000000000001 5.1069969259118687e-10
-0.021500000000000002 -0.016500000000000001 1.2408312957228725e-09
-0.021000000000000001 -0.016500000000000001 2.9539063875756681e-09
-0.020500000000000001 -0.016500000000000001 6.8899737080585969e-09
-0.02 -0.016500000000000001 1.574618134054992e-08
-0.0195 -0.016500000000000001 3.5258982880606176e-08
-0.019 -0.016500000000000001 7.7357274257232032e-08
-0.018500000000000003 -0.016500000000000001 1.662912449097272e-07
-0.018000000000000002 -0.016500000000000001 3.5024702723629701e-07
-0.017500000000000002 -0.016500000000000001 7.2279706170351594e-07
-0.017000000000000001 -0.016500000000000001 1.4614876381783995e-06
-0.016500000000000001 -0.016500000000000001 2.8954146098555018e-06
-0.016 -0.016500000000000001 5.6203482193949722e-06
-0.0155 -0.016500000000000001 1.0689380431463853e-05
-0.015000000000000001 -0.016500000000000001 1.9919511827041352e-05
-0.014500000000000001 -0.016500000000000001 3.6369865522506724e-05
-0.014 -0.016500000000000001 6.5064118006996752e-05
-0.0135 -0.016500000000000001 0.00011404552426797377
-0.012999999999999999 -0.016500000000000001 0.0001958627249414119
-0.012500000000000001 -0.016500000000000001 0.00032958101430989389
-0.012 -0.016500000000000001 0.00054338722871164532
-0.0115 -0.016500000000000001 0.00087779583365655634
-0.010999999999999999 -0.016500000000000001 0.0013893589106398518
-0.010499999999999999 -0.016500000000000001 0.0021546276740953886
-0.010000000000000002 -0.016500000000000001 0.003273910960121809
-0.0095000000000000015 -0.016500000000000001 0.0048741438387187308
-0.0090000000000000011 -0.016500000000000001 0.0071099519564163122
-0.0085000000000000006 -0.016500000000000001 0.010161827964678721
-0.0080000000000000002 -0.016500000000000001 0.014230293504264696
-0.0074999999999999997 -0.016500000000000001 0.019525075610991198
-0.0069999999999999993 -0.016500000000000001 0.026248738627231646
-0.0064999999999999988 -0.016500000000000001 0.034574905337858008
-0.0059999999999999984 -0.016500000000000001 0.044622141431254446
-0.0054999999999999979 -0.016500000000000001 0.056425662170023219
-0.005000000000000001 -0.016500000000000001 0.069910074929434574
-0.0044999999999999971 -0.016500000000000001 0.084867169578437915
-0.0040000000000000001 -0.016500000000000001 0.100943071669633
-0.0035000000000000031 -0.016500000000000001 0.11763868501582463
-0.0029999999999999992 -0.016500000000000001 0.13432617671858277
-0.0025000000000000022 -0.016500000000000001 0.15028235551695615
-0.0019999999999999983 -0.016500000000000001 0.16473738987214329
-0.0015000000000000013 -0.016500000000000001 0.17693478191074466
-0.00099999999999999742 -0.016500000000000001 0.18619632150890228
-0.00050000000000000044 -0.016500000000000001 0.19198434916785037
0 -0.016500000000000001 0.19395340224278251
0.00050000000000000044 -0.016500000000000001 0.19198434916785037
0.0010000000000000009 -0.016500000000000001 0.18619632150890195
0.0015000000000000013 -0.016500000000000001 0.17693478191074466
0.0020000000000000018 -0.016500000000000001 0.16473738987214329
0.0024999999999999988 -0.016500000000000001 0.15028235551695615
0.0030000000000000027 -0.016500000000000001 0.13432617671858277
0.0034999999999999996 -0.016500000000000001 0.11763868501582463
0.0040000000000000036 -0.016500000000000001 0.100943071669633
0.0045000000000000005 -0.016500000000000001 0.084867169578437915
0.0049999999999999975 -0.016500000000000001 0.069910074929434685
0.0055000000000000014 -0.016500000000000001 0.056425662170023219
0.0059999999999999984 -0.016500000000000001 0.044622141431254446
0.0064999999999999988 -0.016500000000000001 0.034574905337858008
0.0069999999999999993 -0.016500000000000001 0.026248738627231646
0.0074999999999999997 -0.016500000000000001 0.019525075610991198
0.0080000000000000002 -0.016500000000000001 0.014230293504264696
0.0085000000000000006 -0.016500000000000001 0.010161827964678721
0.0090000000000000011 -0.016500000000000001 0.0071099519564163122
0.0095000000000000015 -0.016500000000000001 0.0048741438387187308
0.010000000000000002 -0.016500000000000001 0.003273910960121809
0.010500000000000002 -0.016500000000000001 0.0021546276740953847
0.011000000000000003 -0.016500000000000001 0.0013893589106398468
0.011500000000000003 -0.016500000000000001 0.00087779583365655016
0.012000000000000004 -0.016500000000000001 0.00054338722871164532
0.012499999999999997 -0.016500000000000001 0.00032958101430989622
0.013000000000000005 -0.016500000000000001 0.00019586272494141049
0.013499999999999998 -0.016500000000000001 0.00011404552426797377
0.014000000000000005 -0.016500000000000001 6.5064118006996291e-05
0.014499999999999999 -0.016500000000000001 3.6369865522506981e-05
0.014999999999999999 -0.016500000000000001 1.9919511827041352e-05
0.0155 -0.016500000000000001 1.0689380431463853e-05
0.016000000000000007 -0.016500000000000001 5.6203482193949121e-06
0.016500000000000001 -0.016500000000000001 2.8954146098555018e-06
0.017000000000000001 -0.016500000000000001 1.4614876381783995e-06
0.017500000000000002 -0.016500000000000001 7.2279706170351594e-07
0.017999999999999995 -0.016500000000000001 3.5024702723630077e-07
0.018500000000000003 -0.016500000000000001 1.662912449097272e-07
0.019000000000000003 -0.016500000000000001 7.7357274257231754e-08
0.019500000000000003 -0.016500000000000001 3.5258982880606176e-08
0.019999999999999997 -0.016500000000000001 1.5746181340550032e-08
0.020499999999999997 -0.016500000000000001 6.8899737080586217e-09
0.021000000000000005 -0.016500000000000001 2.9539063875756577e-09
0.021500000000000005 -0.016500000000000001 1.2408312957228639e-09
0.021999999999999999 -0.016500000000000001 5.1069969259119245e-10
0.022499999999999999 -0.016500000000000001 2.0594692014973065e-10
0.023000000000000007 -0.016500000000000001 8.1373286041727768e-11
0.023500000000000007 -0.016500000000000001 3.1502516955948787e-11
0.024 -0.016500000000000001 1.194938354555524e-11
0.024500000000000001 -0.016500000000000001 4.4410186354680591e-12
0.025000000000000001 -0.016500000000000001 1.6171732066406376e-12
-0.025000000000000001 -0.016 3.1391278200567026e-12
-0.024500000000000001 -0.016 8.6205516457619242e-12
-0.024 -0.016 2.319519156411269e-11
-0.0235 -0.016 6.1150176723279466e-11
-0.023 -0.016 1.579553414402977e-10
-0.022500000000000003 -0.016 3.9976775761699244e-10
-0.022000000000000002 -0.016 9.9132956576595534e-10
-0.021500000000000002 -0.016 2.4086028784090584e-09
-0.021000000000000001 -0.016 5.7338877994053482e-09
-0.020500000000000001 -0.016 1.3374268172148929e-08
-0.02 -0.016 3.0565233026867615e-08
-0.0195 -0.016 6.8441929171789272e-08
-0.019 -0.016 1.5015977924162767e-07
-0.018500000000000003 -0.016 3.2279131943594236e-07
-0.018000000000000002 -0.016 6.7987163191601028e-07
-0.017500000000000002 -0.016 1.403036085022733e-06
-0.017000000000000001 -0.016 2.8369233949930647e-06
-0.016500000000000001 -0.016 5.6203482193949722e-06
-0.016 -0.016 1.0909772299875486e-05
-0.0155 -0.016 2.0749373878931972e-05
-0.015000000000000001 -0.016 3.866616975933424e-05
-0.014500000000000001 -0.016 7.0598286073875272e-05
-0.014 -0.016 0.00012629728348486101
-0.0135 -0.016 0.00022137608792457641
-0.012999999999999999 -0.016 0.00038019312108991969
-0.012500000000000001 -0.016 0.0006397564136817874
-0.012 -0.016 0.0010547800073039972
-0.0115 -0.016 0.0017039073554064065
-0.010999999999999999 -0.016 0.0026969128541853133
-0.010499999999999999 -0.016 0.0041823916237562738
-0.010000000000000002 -0.016 0.0063550551871038091
-0.0095000000000000015 -0.016 0.0094612997916678591
-0.0090000000000000011 -0.016 0.013801272426480786
-0.0085000000000000006 -0.016 0.019725331050232754
-0.0080000000000000002 -0.016 0.02762271230031323
-0.0074999999999999997 -0.016 0.037900521593784292
-0.0069999999999999993 -0.016 0.050951960697707598
-0.0064999999999999988 -0.016 0.067114052332932786
-0.0059999999999999984 -0.016 0.086616946769933881
-0.0054999999999999979 -0.016 0.10952900107156006
-0.005000000000000001 -0.016 0.1357038690797471
-0.0044999999999999971 -0.016 0.16473738987214359
-0.0040000000000000001 -0.016 0.19594265055773696
-0.0035000000000000031 -0.016 0.22835084537121039
-0.0029999999999999992 -0.016 0.26074327509734407
-0.0025000000000000022 -0.016 0.29171613846293354
-0.0019999999999999983 -0.016 0.31977509980233404
-0.0015000000000000013 -0.016 0.34345170569914441
-0.00099999999999999742 -0.016 0.3614294686807159
-0.00050000000000000044 -0.016 0.3726647269528986
0 -0.016 0.37648689594587043
0.00050000000000000044 -0.016 0.3726647269528986
0.0010000000000000009 -0.016 0.36142946868071524
0.0015000000000000013 -0.016 0.34345170569914441
0.0020000000000000018 -0.016 0.31977509980233404
0.0024999999999999988 -0.016 0.29171613846293354
0.0030000000000000027 -0.016 0.26074327509734407
0.0034999999999999996 -0.016 0.22835084537121039
0.0040000000000000036 -0.016 0.19594265055773696
0.0045000000000000005 -0.016 0.16473738987214329
0.0049999999999999975 -0.016 0.13570386907974732
0.0055000000000000014 -0.016 0.10952900107155969
0.0059999999999999984 -0.016 0.086616946769933881
0.0064999999999999988 -0.016 0.067114052332932786
0.0069999999999999993 -0.016 0.050951960697707598
0.0074999999999999997 -0.016 0.037900521593784292
0.0080000000000000002 -0.016 0.02762271230031323
0.0085000000000000006 -0.016 0.019725331050232754
0.0090000000000000011 -0.016 0.013801272426480786
0.0095000000000000015 -0.016 0.0094612997916678591
0.010000000000000002 -0.016 0.0063550551871038091
0.010500000000000002 -0.016 0.004182391623756266
0.011000000000000003 -0.016 0.0026969128541853037
0.011500000000000003 -0.016 0.0017039073554064035
0.012000000000000004 -0.016 0.0010547800073039933
0.012499999999999997 -0.016 0.00063975641368179195
0.013000000000000005 -0.016 0.00038019312108991698
0.013499999999999998 -0.016 0.00022137608792457641
0.014000000000000005 -0.016 0.00012629728348486055
0.014499999999999999 -0.016 7.0598286073875272e-05
0.014999999999999999 -0.016 3.866616975933424e-05
0.0155 -0.016 2.0749373878931972e-05
0.016000000000000007 -0.016 1.0909772299875369e-05
0.016500000000000001 -0.016 5.6203482193949722e-06
0.017000000000000001 -0.016 2.8369233949930647e-06
0.017500000000000002 -0.016 1.403036085022733e-06
0.017999999999999995 -0.016 6.7987163191601505e-07
0.018500000000000003 -0.016 3.2279131943594236e-07
0.019000000000000003 -0.016 1.5015977924162606e-07
0.019500000000000003 -0.016 6.8441929171789034e-08
0.019999999999999997 -0.016 3.0565233026867721e-08
0.020499999999999997 -0.016 1.3374268172149025e-08
0.021000000000000005 -0.016 5.7338877994053283e-09
0.021500000000000005 -0.016 2.4086028784090584e-09
0.021999999999999999 -0.016 9.9132956576595886e-10
0.022499999999999999 -0.016 3.9976775761699668e-10
0.023000000000000007 -0.016 1.5795534144029432e-10
0.023500000000000007 -0.016 6.1150176723278587e-11
0.024 -0.016 2.319519156411269e-11
0.024500000000000001 -0.016 8.6205516457619242e-12
0.025000000000000001 -0.016 3.1391278200567026e-12
-0.025000000000000001 -0.0155 5.9703296275813321e-12
-0.024500000000000001 -0.0155 1.6395488762180372e-11
-0.024 -0.0155 4.4115100547306192e-11
-0.0235 -0.0155 1.1630195798023765e-10
-0.023 -0.0155 3.0041639235279694e-10
-0.022500000000000003 -0.0155 7.6032115424002936e-10
-0.022000000000000002 -0.0155 1.8854167834054406e-09
-0.021500000000000002 -0.0155 4.5809390220318044e-09
-0.021000000000000001 -0.0155 1.0905322169837172e-08
-0.020500000000000001 -0.0155 2.5436616185306127e-08
-0.02 -0.0155 5.813223505850749e-08
-0.0195 -0.0155 1.301701940559327e-07
-0.019 -0.0155 2.8558995691394564e-07
-0.018500000000000003 -0.0155 6.1391911652698245e-07
-0.018000000000000002 -0.0155 1.2930527138926461e-06
-0.017500000000000002 -0.0155 2.6684443537012984e-06
-0.017000000000000001 -0.0155 5.3955648725383302e-06
-0.016500000000000001 -0.0155 1.0689380431463853e-05
-0.016 -0.0155 2.0749373878931972e-05
-0.0155 -0.0155 3.9463382418404518e-05
-0.015000000000000001 -0.0155 7.3539464504848826e-05
-0.014500000000000001 -0.0155 0.00013427138465349527
-0.014 -0.0155 0.00024020570575526587
-0.0135 -0.0155 0.0004210367631829274
-0.012999999999999999 -0.0155 0.00072309201318370114
-0.012500000000000001 -0.0155 0.0012167572937410922
-0.012 -0.0155 0.0020060936314704697
-0.0115 -0.0155 0.0032406735723341474
-0.010999999999999999 -0.0155 0.0051292778247101524
-0.010499999999999999 -0.0155 0.0079545205091423026
-0.010000000000000002 -0.0155 0.012086724862256511
-0.0095000000000000015 -0.0155 0.017994513667367509
-0.0090000000000000011 -0.0155 0.026248738627231646
-0.0085000000000000006 -0.0155 0.037515748046515598
-0.0080000000000000002 -0.0155 0.052535833866661955
-0.0074999999999999997 -0.0155 0.072083272788831476
-0.0069999999999999993 -0.0155 0.096905898062918022
-0.0064999999999999988 -0.0155 0.12764469560946912
-0.0059999999999999984 -0.0155 0.16473738987214359
-0.0054999999999999979 -0.0155 0.20831398963713166
-0.005000000000000001 -0.0155 0.25809615810088354
-0.0044999999999999971 -0.0155 0.31331521871776319
-0.0040000000000000001 -0.0155 0.3726647269528986
-0.0035000000000000031 -0.0155 0.43430210419987275
-0.0029999999999999992 -0.0155 0.49590949771460791
-0.0025000000000000022 -0.0155 0.55481700782653054
-0.0019999999999999983 -0.0155 0.60818254685728923
-0.0015000000000000013 -0.0155 0.65321325276328446
-0.00099999999999999742 -0.0155 0.68740528861500361
-0.00050000000000000044 -0.0155 0.70877370659000838
0 -0.0155 0.71604311710415491
0.00050000000000000044 -0.0155 0.70877370659000838
0.0010000000000000009 -0.0155 0.68740528861500361
0.0015000000000000013 -0.0155 0.65321325276328446
0.0020000000000000018 -0.0155 0.60818254685728923
0.0024999999999999988 -0.0155 0.55481700782653054
0.0030000000000000027 -0.0155 0.49590949771460702
0.0034999999999999996 -0.0155 0.43430210419987358
0.0040000000000000036 -0.0155 0.37266472695289732
0.0045000000000000005 -0.0155 0.31331521871776263
0.0049999999999999975 -0.0155 0.25809615810088354
0.0055000000000000014 -0.0155 0.2083139896371313
0.0059999999999999984 -0.0155 0.16473738987214359
0.0064999999999999988 -0.0155 0.12764469560946912
0.0069999999999999993 -0.0155 0.096905898062918022
0.0074999999999999997 -0.0155 0.072083272788831476
0.0080000000000000002 -0.0155 0.052535833866661955
0.0085000000000000006 -0.0155 0.037515748046515598
0.0090000000000000011 -0.0155 0.026248738627231646
0.0095000000000000015 -0.0155 0.017994513667367509
0.010000000000000002 -0.0155 0.012086724862256511
0.010500000000000002 -0.0155 0.0079545205091422749
0.011000000000000003 -0.0155 0.0051292778247101429
0.011500000000000003 -0.0155 0.0032406735723341414
0.012000000000000004 -0.0155 0.0020060936314704628
0.012499999999999997 -0.0155 0.0012167572937410965
0.013000000000000005 -0.0155 0.00072309201318369865
0.013499999999999998 -0.0155 0.00042103676318292897
0.014000000000000005 -0.0155 0.000240205705755265
0.014499999999999999 -0.0155 0.00013427138465349527
0.014999999999999999 -0.0155 7.3539464504849097e-05
0.0155 -0.0155 3.9463382418404518e-05
0.016000000000000007 -0.0155 2.0749373878931674e-05
0.016500000000000001 -0.0155 1.0689380431463853e-05
0.017000000000000001 -0.0155 5.3955648725383302e-06
0.017500000000000002 -0.0155 2.6684443537012984e-06
0.017999999999999995 -0.0155 1.2930527138926555e-06
0.018500000000000003 -0.0155 6.1391911652698245e-07
0.019000000000000003 -0.0155 2.8558995691394464e-07
0.019500000000000003 -0.0155 1.3017019405593223e-07
0.019999999999999997 -0.0155 5.8132235058507702e-08
0.020499999999999997 -0.0155 2.5436616185306309e-08
0.021000000000000005 -0.0155 1.0905322169837096e-08
0.021500000000000005 -0.0155 4.5809390220317714e-09
0.021999999999999999 -0.0155 1.8854167834054472e-09
0.022499999999999999 -0.0155 7.6032115424003215e-10
0.023000000000000007 -0.0155 3.0041639235279265e-10
0.023500000000000007 -0.0155 1.1630195798023601e-10
0.024 -0.0155 4.4115100547306192e-11
0.024500000000000001 -0.0155 1.6395488762180372e-11
0.025000000000000001 -0.0155 5.9703296275813321e-12
-0.025000000000000001 -0.015000000000000001 1.1125626259674116e-11
-0.024500000000000001 -0.015000000000000001 3.0552765373292148e-11
-0.024 -0.015000000000000001 8.2207876568468614e-11
-0.0235 -0.015000000000000001 2.1672708183126699e-10
-0.023 -0.015000000000000001 5.5982177067011883e-10
-0.022500000000000003 -0.015000000000000001 1.4168479007122293e-09
-0.022000000000000002 -0.015000000000000001 3.5134479642430967e-09
-0.021500000000000002 -0.015000000000000001 8.5365161819599719e-09
-0.021000000000000001 -0.015000000000000001 2.0321916254412696e-08
-0.020500000000000001 -0.015000000000000001 4.7400780633805861e-08
-0.02 -0.015000000000000001 1.0832861185965878e-07
-0.0195 -0.015000000000000001 2.4257034695792213e-07
-0.019 -0.015000000000000001 5.3219291435139785e-07
-0.018500000000000003 -0.015000000000000001 1.1440297387592622e-06
-0.018000000000000002 -0.015000000000000001 2.40958575593002e-06
-0.017500000000000002 -0.015000000000000001 4.9726089556039286e-06
-0.017000000000000001 -0.015000000000000001 1.0054560129204513e-05
-0.016500000000000001 -0.015000000000000001 1.9919511827041352e-05
-0.016 -0.015000000000000001 3.866616975933424e-05
-0.0155 -0.015000000000000001 7.3539464504848826e-05
-0.015000000000000001 -0.015000000000000001 0.00013703976973696434
-0.014500000000000001 -0.015000000000000001 0.00025021285862049104
-0.014 -0.015000000000000001 0.00044761999326274946
-0.0135 -0.015000000000000001 0.0007845961548112821
-0.012999999999999999 -0.015000000000000001 0.0013474719139245171
-0.012500000000000001 -0.015000000000000001 0.0022674103011595518
-0.012 -0.015000000000000001 0.0037383275929263361
-0.0115 -0.015000000000000001 0.0060389501492230215
-0.010999999999999999 -0.015000000000000001 0.0095583379175796113
-0.010499999999999999 -0.015000000000000001 0.014823138382642759
-0.010000000000000002 -0.015000000000000001 0.022523443747519599
-0.0095000000000000015 -0.015000000000000001 0.033532526053981569
-0.0090000000000000011 -0.015000000000000001 0.048914159513962947
-0.0085000000000000006 -0.015000000000000001 0.069910074929434574
-0.0080000000000000002 -0.015000000000000001 0.097899796041512915
-0.0074999999999999997 -0.015000000000000001 0.13432617671858277
-0.0069999999999999993 -0.015000000000000001 0.18058279382521725
-0.0064999999999999988 -0.015000000000000001 0.23786411571317892
-0.0059999999999999984 -0.015000000000000001 0.30698583579784638
-0.0054999999999999979 -0.015000000000000001 0.38819022364486527
-0.005000000000000001 -0.015000000000000001 0.48095860249034139
-0.0044999999999999971 -0.015000000000000001 0.58385855427785782
-0.0040000000000000001 -0.015000000000000001 0.69445553777926305
-0.0035000000000000031 -0.015000000000000001 0.80931593337758678
-0.0029999999999999992 -0.015000000000000001 0.92412045470772508
-0.0025000000000000022 -0.015000000000000001 1.0338937808513156
-0.0019999999999999983 -0.015000000000000001 1.133339720931313
-0.0015000000000000013 -0.015000000000000001 1.2172538153566745
-0.00099999999999999742 -0.015000000000000001 1.2809701988183555
-0.00050000000000000044 -0.015000000000000001 1.3207899486445835
0 -0.015000000000000001 1.3343363940761577
0.00050000000000000044 -0.015000000000000001 1.3207899486445835
0.0010000000000000009 -0.015000000000000001 1.2809701988183555
0.0015000000000000013 -0.015000000000000001 1.2172538153566745
0.0020000000000000018 -0.015000000000000001 1.133339720931313
0.0024999999999999988 -0.015000000000000001 1.0338937808513173
0.0030000000000000027 -0.015000000000000001 0.92412045470772508
0.0034999999999999996 -0.015000000000000001 0.80931593337758845
0.0040000000000000036 -0.015000000000000001 0.69445553777926305
0.0045000000000000005 -0.015000000000000001 0.58385855427785782
0.0049999999999999975 -0.015000000000000001 0.48095860249034228
0.0055000000000000014 -0.015000000000000001 0.38819022364486527
0.0059999999999999984 -0.015000000000000001 0.30698583579784638
0.0064999999999999988 -0.015000000000000001 0.23786411571317892
0.0069999999999999993 -0.015000000000000001 0.18058279382521725
0.0074999999999999997 -0.015000000000000001 0.13432617671858277
0.0080000000000000002 -0.015000000000000001 0.097899796041512915
0.0085000000000000006 -0.015000000000000001 0.069910074929434574
0.0090000000000000011 -0.015000000000000001 0.048914159513962947
0.0095000000000000015 -0.015000000000000001 0.033532526053981569
0.010000000000000002 -0.015000000000000001 0.022523443747519599
0.010500000000000002 -0.015000000000000001 0.014823138382642731
0.011000000000000003 -0.015000000000000001 0.009558337917579594
0.011500000000000003 -0.015000000000000001 0.0060389501492229894
0.012000000000000004 -0.015000000000000001 0.0037383275929263296
0.012499999999999997 -0.015000000000000001 0.0022674103011595635
0.013000000000000005 -0.015000000000000001 0.0013474719139245121
0.013499999999999998 -0.015000000000000001 0.00078459615481128481
0.014000000000000005 -0.015000000000000001 0.00044761999326274631
0.014499999999999999 -0.015000000000000001 0.00025021285862049191
0.014999999999999999 -0.015000000000000001 0.0001370397697369648
0.0155 -0.015000000000000001 7.3539464504848826e-05
0.016000000000000007 -0.015000000000000001 3.8666169759333827e-05
0.016500000000000001 -0.015000000000000001 1.9919511827041352e-05
0.017000000000000001 -0.015000000000000001 1.0054560129204513e-05
0.017500000000000002 -0.015000000000000001 4.9726089556039286e-06
0.017999999999999995 -0.015000000000000001 2.4095857559300459e-06
0.018500000000000003 -0.015000000000000001 1.1440297387592622e-06
0.019000000000000003 -0.015000000000000001 5.3219291435139594e-07
0.019500000000000003 -0.015000000000000001 2.4257034695792213e-07
0.019999999999999997 -0.015000000000000001 1.0832861185965956e-07
0.020499999999999997 -0.015000000000000001 4.7400780633806026e-08
0.021000000000000005 -0.015000000000000001 2.0321916254412627e-08
0.021500000000000005 -0.015000000000000001 8.5365161819599422e-09
0.021999999999999999 -0.015000000000000001 3.5134479642431339e-09
0.022499999999999999 -0.015000000000000001 1.4168479007122344e-09
0.023000000000000007 -0.015000000000000001 5.5982177067011087e-10
0.023500000000000007 -0.015000000000000001 2.1672708183126391e-10
0.024 -0.015000000000000001 8.2207876568468614e-11
0.024500000000000001 -0.015000000000000001 3.0552765373292148e-11
0.025000000000000001 -0.015000000000000001 1.1125626259674116e-11
-0.025000000000000001 -0.014500000000000001 2.0313626881594157e-11
-0.024500000000000001 -0.014500000000000001 5.5784498014597275e-11
-0.024 -0.014500000000000001 1.500985286008449e-10
-0.0235 -0.014500000000000001 3.9570923673882435e-10
-0.023 -0.014500000000000001 1.0221456576161516e-09
-0.022500000000000003 -0.014500000000000001 2.5869392815538578e-09
-0.022000000000000002 -0.014500000000000001 6.4149980727126608e-09
-0.021500000000000002 -0.014500000000000001 1.5586323011546527e-08
-0.021000000000000001 -0.014500000000000001 3.7104592107989325e-08
-0.020500000000000001 -0.014500000000000001 8.6546298537950977e-08
-0.02 -0.014500000000000001 1.9779084345968326e-07
-0.0195 -0.014500000000000001 4.4289493513746553e-07
-0.019 -0.014500000000000001 9.7169975323969889e-07
-0.018500000000000003 -0.014500000000000001 2.0888166393685708e-06
-0.018000000000000002 -0.014500000000000001 4.3995209656269718e-06
-0.017500000000000002 -0.014500000000000001 9.0791943387796496e-06
-0.017000000000000001 -0.014500000000000001 1.8358030204871918e-05
-0.016500000000000001 -0.014500000000000001 3.6369865522506724e-05
-0.016 -0.014500000000000001 7.0598286073875272e-05
-0.0155 -0.014500000000000001 0.00013427138465349527
-0.015000000000000001 -0.014500000000000001 0.00025021285862049104
-0.014500000000000001 -0.014500000000000001 0.00045684894785802247
-0.014 -0.014500000000000001 0.0008172830288968822
-0.0135 -0.014500000000000001 0.0014325479905197406
-0.012999999999999999 -0.014500000000000001 0.0024602697460818545
-0.012500000000000001 -0.014500000000000001 0.0041399311616447431
-0.012 -0.014500000000000001 0.006825592565438003
-0.0115 -0.014500000000000001 0.011026164031098453
-0.010999999999999999 -0.014500000000000001 0.017452007242924637
-0.010499999999999999 -0.014500000000000001 0.027064696880089285
-0.010000000000000002 -0.014500000000000001 0.041124231723840707
-0.0095000000000000015 -0.014500000000000001 0.061225067853202135
-0.0090000000000000011 -0.014500000000000001 0.089309488059553188
-0.0085000000000000006 -0.014500000000000001 0.12764469560946887
-0.0080000000000000002 -0.014500000000000001 0.17874948179588618
-0.0074999999999999997 -0.014500000000000001 0.24525826866777037
-0.0069999999999999993 -0.014500000000000001 0.32971550628995788
-0.0064999999999999988 -0.014500000000000001 0.43430210419987275
-0.0059999999999999984 -0.014500000000000001 0.56050738904781616
-0.0054999999999999979 -0.014500000000000001 0.70877370659000838
-0.005000000000000001 -0.014500000000000001 0.87815403541767889
-0.0044999999999999971 -0.014500000000000001 1.0660330076173847
-0.0040000000000000001 -0.014500000000000001 1.2679655374939698
-0.0035000000000000031 -0.014500000000000001 1.4776823808606805
-0.0029999999999999992 -0.014500000000000001 1.6872972066861118
-0.0025000000000000022 -0.014500000000000001 1.8877258690181282
-0.0019999999999999983 -0.014500000000000001 2.0692983643118539
-0.0015000000000000013 -0.014500000000000001 2.2225121757843938
-0.00099999999999999742 -0.014500000000000001 2.3388481742869236
-0.00050000000000000044 -0.014500000000000001 2.4115527143828186
0 -0.014500000000000001 2.4362863726638162
0.00050000000000000044 -0.014500000000000001 2.4115527143828186
0.0010000000000000009 -0.014500000000000001 2.3388481742869236
0.0015000000000000013 -0.014500000000000001 2.2225121757843938
0.0020000000000000018 -0.014500000000000001 2.0692983643118503
0.0024999999999999988 -0.014500000000000001 1.8877258690181282
0.0030000000000000027 -0.014500000000000001 1.6872972066861087
0.0034999999999999996 -0.014500000000000001 1.4776823808606832
0.0040000000000000036 -0.014500000000000001 1.2679655374939673
0.0045000000000000005 -0.014500000000000001 1.0660330076173827
0.0049999999999999975 -0.014500000000000001 0.87815403541768045
0.0055000000000000014 -0.014500000000000001 0.70877370659000716
0.0059999999999999984 -0.014500000000000001 0.56050738904781616
0.0064999999999999988 -0.014500000000000001 0.43430210419987275
0.0069999999999999993 -0.014500000000000001 0.32971550628995788
0.0074999999999999997 -0.014500000000000001 0.24525826866777037
0.0080000000000000002 -0.014500000000000001 0.17874948179588618
0.0085000000000000006 -0.014500000000000001 0.12764469560946887
0.0090000000000000011 -0.014500000000000001 0.089309488059553188
0.0095000000000000015 -0.014500000000000001 0.061225067853202135
0.010000000000000002 -0.014500000000000001 0.041124231723840707
0.010500000000000002 -0.014500000000000001 0.027064696880089192
0.011000000000000003 -0.014500000000000001 0.017452007242924606
0.011500000000000003 -0.014500000000000001 0.011026164031098414
0.012000000000000004 -0.014500000000000001 0.0068255925654379778
0.012499999999999997 -0.014500000000000001 0.0041399311616447656
0.013000000000000005 -0.014500000000000001 0.0024602697460818414
0.013499999999999998 -0.014500000000000001 0.0014325479905197456
0.014000000000000005 -0.014500000000000001 0.00081728302889687928
0.014499999999999999 -0.014500000000000001 0.00045684894785802247
0.014999999999999999 -0.014500000000000001 0.00025021285862049191
0.0155 -0.014500000000000001 0.00013427138465349527
0.016000000000000007 -0.014500000000000001 7.0598286073874283e-05
0.016500000000000001 -0.014500000000000001 3.6369865522506724e-05
0.017000000000000001 -0.014500000000000001 1.8358030204871918e-05
0.017500000000000002 -0.014500000000000001 9.0791943387796496e-06
0.017999999999999995 -0.014500000000000001 4.3995209656270023e-06
0.018500000000000003 -0.014500000000000001 2.0888166393685708e-06
0.019000000000000003 -0.014500000000000001 9.716997532396955e-07
0.019500000000000003 -0.014500000000000001 4.4289493513746394e-07
0.019999999999999997 -0.014500000000000001 1.9779084345968392e-07
0.020499999999999997 -0.014500000000000001 8.6546298537951586e-08
0.021000000000000005 -0.014500000000000001 3.710459210798906e-08
0.021500000000000005 -0.014500000000000001 1.5586323011546414e-08
0.021999999999999999 -0.014500000000000001 6.4149980727126832e-09
0.022499999999999999 -0.014500000000000001 2.5869392815538669e-09
0.023000000000000007 -0.014500000000000001 1.0221456576161372e-09
0.023500000000000007 -0.014500000000000001 3.9570923673881877e-10
0.024 -0.014500000000000001 1.500985286008449e-10
0.024500000000000001 -0.014500000000000001 5.5784498014597275e-11
0.025000000000000001 -0.014500000000000001 2.0313626881594157e-11
-0.025000000000000001 -0.014 3.6340200811472478e-11
-0.024500000000000001 -0.014 9.979605669800322e-11
-0.024 -0.014 2.6851978244237527e-10
-0.0235 -0.014 7.0790672733449433e-10
-0.023 -0.014 1.8285744181902836e-09
-0.022500000000000003 -0.014 4.6279226022377298e-09
-0.022000000000000002 -0.014 1.1476154382790917e-08
-0.021500000000000002 -0.014 2.7883258437974365e-08
-0.021000000000000001 -0.014 6.6378512123497594e-08
-0.020500000000000001 -0.014 1.5482758872609335e-07
-0.02 -0.014 3.5383927310922824e-07
-0.0195 -0.014 7.9231990304315538e-07
-0.019 -0.014 1.7383288748492431e-06
-0.018500000000000003 -0.014 3.7368027174791555e-06
-0.018000000000000002 -0.014 7.870552919825047e-06
-0.017500000000000002 -0.014 1.6242286392322602e-05
-0.017000000000000001 -0.014 3.2841722851205846e-05
-0.016500000000000001 -0.014 6.5064118006996752e-05
-0.016 -0.014 0.00012629728348486101
-0.0155 -0.014 0.00024020570575526587
-0.015000000000000001 -0.014 0.00044761999326274946
-0.014500000000000001 -0.014 0.0008172830288968822
-0.014 -0.014 0.0014620840267983825
-0.0135 -0.014 0.0025627664597270188
-0.012999999999999999 -0.014 0.0044013162762192295
-0.012500000000000001 -0.014 0.0074061579764546654
-0.012 -0.014 0.012210690189946227
-0.0115 -0.014 0.019725331050232754
-0.010999999999999999 -0.014 0.031220886918317769
-0.010499999999999999 -0.014 0.048417573349013324
-0.010000000000000002 -0.014 0.073569473721898662
-0.0095000000000000015 -0.014 0.1095290010715595
-0.0090000000000000011 -0.014 0.15977081539263072
-0.0085000000000000006 -0.014 0.22835084537121
-0.0080000000000000002 -0.014 0.31977509980233343
-0.0074999999999999997 -0.014 0.43875644590757418
-0.0069999999999999993 -0.014 0.58984679491627234
-0.0064999999999999988 -0.014 0.77694769976152034
-0.0059999999999999984 -0.014 1.00272350147219
-0.0054999999999999979 -0.014 1.2679655374939718
-0.005000000000000001 -0.014 1.570979627444002
-0.0044999999999999971 -0.014 1.9070869911258994
-0.0040000000000000001 -0.014 2.2683355622873997
-0.0035000000000000031 -0.014 2.643509933950186
-0.0029999999999999992 -0.014 3.0185018006394388
-0.0025000000000000022 -0.014 3.377060017740483
-0.0019999999999999983 -0.014 3.7018853667180602
-0.0015000000000000013 -0.014 3.975978255617584
-0.00099999999999999742 -0.014 4.1840983304731338
-0.00050000000000000044 -0.014 4.3141636113996382
0 -0.014 4.3584110574107706
0.00050000000000000044 -0.014 4.3141636113996382
0.0010000000000000009 -0.014 4.1840983304731338
0.0015000000000000013 -0.014 3.975978255617584
0.0020000000000000018 -0.014 3.7018853667180602
0.0024999999999999988 -0.014 3.3770600177404888
0.0030000000000000027 -0.014 3.0185018006394335
0.0034999999999999996 -0.014 2.6435099339501908
0.0040000000000000036 -0.014 2.2683355622873997
0.0045000000000000005 -0.014 1.9070869911258963
0.0049999999999999975 -0.014 1.5709796274440049
0.0055000000000000014 -0.014 1.2679655374939673
0.0059999999999999984 -0.014 1.00272350147219
0.0064999999999999988 -0.014 0.77694769976152034
0.0069999999999999993 -0.014 0.58984679491627234
0.0074999999999999997 -0.014 0.43875644590757418
0.0080000000000000002 -0.014 0.31977509980233343
0.0085000000000000006 -0.014 0.22835084537121
0.0090000000000000011 -0.014 0.15977081539263072
0.0095000000000000015 -0.014 0.1095290010715595
0.010000000000000002 -0.014 0.073569473721898662
0.010500000000000002 -0.014 0.048417573349013067
0.011000000000000003 -0.014 0.031220886918317658
0.011500000000000003 -0.014 0.019725331050232681
0.012000000000000004 -0.014 0.012210690189946161
0.012499999999999997 -0.014 0.0074061579764546914
0.013000000000000005 -0.014 0.0044013162762192061
0.013499999999999998 -0.014 0.0025627664597270188
0.014000000000000005 -0.014 0.0014620840267983719
0.014499999999999999 -0.014 0.0008172830288968822
0.014999999999999999 -0.014 0.00044761999326274946
0.0155 -0.014 0.00024020570575526587
0.016000000000000007 -0.014 0.00012629728348486011
0.016500000000000001 -0.014 6.5064118006996752e-05
0.017000000000000001 -0.014 3.2841722851205846e-05
0.017500000000000002 -0.014 1.6242286392322602e-05
0.017999999999999995 -0.014 7.8705529198251012e-06
0.018500000000000003 -0.014 3.7368027174791555e-06
0.019000000000000003 -0.014 1.7383288748492372e-06
0.019500000000000003 -0.014 7.9231990304315263e-07
0.019999999999999997 -0.014 3.53839273109232e-07
0.020499999999999997 -0.014 1.5482758872609443e-07
0.021000000000000005 -0.014 6.6378512123497342e-08
0.021500000000000005 -0.014 2.7883258437974266e-08
0.021999999999999999 -0.014 1.1476154382791e-08
0.022499999999999999 -0.014 4.6279226022377455e-09
0.023000000000000007 -0.014 1.8285744181902577e-09
0.023500000000000007 -0.014 7.0790672733448678e-10
0.024 -0.014 2.6851978244237527e-10
0.024500000000000001 -0.014 9.979605669800322e-11
0.025000000000000001 -0.014 3.6340200811472478e-11
-0.025000000000000001 -0.0135 6.3697739714263354e-11
-0.024500000000000001 -0.0135 1.7492427400270467e-10
-0.024 -0.0135 4.7066617212377804e-10
-0.0235 -0.0135 1.2408312957228771e-09
-0.023 -0.0135 3.2051572291057499e-09
-0.022500000000000003 -0.0135 8.1119036976271373e-09
-0.022000000000000002 -0.0135 2.011560416487711e-08
-0.021500000000000002 -0.0135 4.8874263177074474e-08
-0.021000000000000001 -0.0135 1.1634941726925881e-07
-0.020500000000000001 -0.0135 2.7138450605777408e-07
-0.02 -0.0135 6.2021566793545608e-07
-0.0195 -0.0135 1.3887921868208539e-06
-0.019 -0.0135 3.0469732619908868e-06
-0.018500000000000003 -0.0135 6.5499331744583253e-06
-0.018000000000000002 -0.0135 1.3795642844551448e-05
-0.017500000000000002 -0.0135 2.8469763729430888e-05
-0.017000000000000001 -0.0135 5.7565546343477778e-05
-0.016500000000000001 -0.0135 0.00011404552426797377
-0.016 -0.0135 0.00022137608792457641
-0.0155 -0.0135 0.0004210367631829274
-0.015000000000000001 -0.0135 0.0007845961548112821
-0.014500000000000001 -0.0135 0.0014325479905197406
-0.014 -0.0135 0.0025627664597270188
-0.0135 -0.0135 0.0044920618833950389
-0.012999999999999999 -0.0135 0.0077147041651530598
-0.012500000000000001 -0.0135 0.012981643263732202
-0.012 -0.0135 0.021403111377556395
-0.0115 -0.0135 0.034574905337858008
-0.010999999999999999 -0.0135 0.054724516765566326
-0.010499999999999999 -0.0135 0.084867169578438206
-0.010000000000000002 -0.0135 0.12895386055691394
-0.0095000000000000015 -0.0135 0.19198434916785037
-0.0090000000000000011 -0.0135 0.28004908023520408
-0.0085000000000000006 -0.0135 0.40025735651398814
-0.0080000000000000002 -0.0135 0.56050738904781616
-0.0074999999999999997 -0.0135 0.76905997394910264
-0.0069999999999999993 -0.0135 1.0338937808513191
-0.0064999999999999988 -0.0135 1.3618475199889823
-0.0059999999999999984 -0.0135 1.7575912949272141
-0.0054999999999999979 -0.0135 2.2225121757843977
-0.005000000000000001 -0.0135 2.7536405735476359
-0.0044999999999999971 -0.0135 3.3427754404385728
-0.0040000000000000001 -0.0135 3.9759782556175911
-0.0035000000000000031 -0.0135 4.6335904575318478
-0.0029999999999999992 -0.0135 5.2908827615357659
-0.0025000000000000022 -0.0135 5.9193698770528203
-0.0019999999999999983 -0.0135 6.4887294312035744
-0.0015000000000000013 -0.0135 6.9691642418208222
-0.00099999999999999742 -0.0135 7.3339607498598358
-0.00050000000000000044 -0.0135 7.5619414496170947
0 -0.0135 7.6394991470459024
0.00050000000000000044 -0.0135 7.5619414496170947
0.0010000000000000009 -0.0135 7.3339607498598358
0.0015000000000000013 -0.0135 6.9691642418208222
0.0020000000000000018 -0.0135 6.4887294312035682
0.0024999999999999988 -0.0135 5.9193698770528247
0.0030000000000000027 -0.0135 5.2908827615357605
0.0034999999999999996 -0.0135 4.6335904575318514
0.0040000000000000036 -0.0135 3.975978255617584
0.0045000000000000005 -0.0135 3.3427754404385728
0.0049999999999999975 -0.0135 2.7536405735476359
0.0055000000000000014 -0.0135 2.2225121757843938
0.0059999999999999984 -0.0135 1.7575912949272141
0.0064999999999999988 -0.0135 1.3618475199889823
0.0069999999999999993 -0.0135 1.0338937808513191
0.0074999999999999997 -0.0135 0.76905997394910264
0.0080000000000000002 -0.0135 0.56050738904781616
0.0085000000000000006 -0.0135 0.40025735651398814
0.0090000000000000011 -0.0135 0.28004908023520408
0.0095000000000000015 -0.0135 0.19198434916785037
0.010000000000000002 -0.0135 0.12895386055691394
0.010500000000000002 -0.0135 0.084867169578437915
0.011000000000000003 -0.0135 0.054724516765566229
0.011500000000000003 -0.0135 0.03457490533785789
0.012000000000000004 -0.0135 0.021403111377556319
0.012499999999999997 -0.0135 0.012981643263732275
0.013000000000000005 -0.0135 0.007714704165153019
0.013499999999999998 -0.0135 0.0044920618833950545
0.014000000000000005 -0.0135 0.0025627664597270049
0.014499999999999999 -0.0135 0.0014325479905197456
0.014999999999999999 -0.0135 0.00078459615481128481
0.0155 -0.0135 0.0004210367631829274
0.016000000000000007 -0.0135 0.00022137608792457405
0.016500000000000001 -0.0135 0.00011404552426797377
0.017000000000000001 -0.0135 5.7565546343477778e-05
0.017500000000000002 -0.0135 2.8469763729430888e-05
0.017999999999999995 -0.0135 1.3795642844551597e-05
0.018500000000000003 -0.0135 6.5499331744583253e-06
0.019000000000000003 -0.0135 3.0469732619908656e-06
0.019500000000000003 -0.0135 1.388792186820849e-06
0.019999999999999997 -0.0135 6.202156679354583e-07
0.020499999999999997 -0.0135 2.7138450605777699e-07
0.021000000000000005 -0.0135 1.1634941726925756e-07
0.021500000000000005 -0.0135 4.8874263177074295e-08
0.021999999999999999 -0.0135 2.0115604164877182e-08
0.022499999999999999 -0.0135 8.1119036976271654e-09
0.023000000000000007 -0.0135 3.205157229105716e-09
0.023500000000000007 -0.0135 1.2408312957228595e-09
0.024 -0.0135 4.7066617212377804e-10
0.024500000000000001 -0.0135 1.7492427400270467e-10
0.025000000000000001 -0.0135 6.3697739714263354e-11
-0.025000000000000001 -0.012999999999999999 1.0939502407590728e-10
-0.024500000000000001 -0.012999999999999999 3.0041639235279586e-10
-0.024 -0.012999999999999999 8.0832596984075075e-10
-0.0235 -0.012999999999999999 2.131013911618397e-09
-0.023 -0.012999999999999999 5.5045634871495599e-09
-0.022500000000000003 -0.012999999999999999 1.3931450382448179e-08
-0.022000000000000002 -0.012999999999999999 3.4546704667848312e-08
-0.021500000000000002 -0.012999999999999999 8.3937063087829584e-08
-0.021000000000000001 -0.012999999999999999 1.9981944980283369e-07
-0.020500000000000001 -0.012999999999999999 4.6607799126301582e-07
-0.02 -0.012999999999999999 1.0651635086332716e-06
-0.0195 -0.012999999999999999 2.3851231675600215e-06
-0.019 -0.012999999999999999 5.2328970360544474e-06
-0.018500000000000003 -0.012999999999999999 1.1248909310278124e-05
-0.018000000000000002 -0.012999999999999999 2.3692750918513049e-05
-0.017500000000000002 -0.012999999999999999 4.8894207276228939e-05
-0.017000000000000001 -0.012999999999999999 9.8863544553329531e-05
-0.016500000000000001 -0.012999999999999999 0.0001958627249414119
-0.016 -0.012999999999999999 0.00038019312108991969
-0.0155 -0.012999999999999999 0.00072309201318370114
-0.015000000000000001 -0.012999999999999999 0.0013474719139245171
-0.014500000000000001 -0.012999999999999999 0.0024602697460818545
-0.014 -0.012999999999999999 0.0044013162762192295
-0.0135 -0.012999999999999999 0.0077147041651530598
-0.012999999999999999 -0.012999999999999999 0.013249296626084811
-0.012500000000000001 -0.012999999999999999 0.022294781318006805
-0.012 -0.012999999999999999 0.036757880184605657
-0.0115 -0.012999999999999999 0.059379227878791192
-0.010999999999999999 -0.012999999999999999 0.093984336900591076
-0.010499999999999999 -0.012999999999999999 0.14575157770014843
-0.010000000000000002 -0.012999999999999999 0.22146642476775175
-0.0095000000000000015 -0.012999999999999999 0.32971550628995677
-0.0090000000000000011 -0.012999999999999999 0.48095860249034228
-0.0085000000000000006 -0.012999999999999999 0.68740528861500361
-0.0080000000000000002 -0.012999999999999999 0.9626200175181312
-0.0074999999999999997 -0.012999999999999999 1.3207899486445882
-0.0069999999999999993 -0.012999999999999999 1.7756177150950614
-0.0064999999999999988 -0.012999999999999999 2.338848174286928
-0.0059999999999999984 -0.012999999999999999 3.0185018006394437
-0.0054999999999999979 -0.012999999999999999 3.8169607598256312
-0.005000000000000001 -0.012999999999999999 4.7291250551577102
-0.0044999999999999971 -0.012999999999999999 5.7409101394730166
-0.0040000000000000001 -0.012999999999999999 6.8283778820046939
-0.0035000000000000031 -0.012999999999999999 7.9577665068401702
-0.0029999999999999992 -0.012999999999999999 9.0866057363633459
-0.0025000000000000022 -0.012999999999999999 10.165974697362598
-0.0019999999999999983 -0.012999999999999999 11.143797496312281
-0.0015000000000000013 -0.012999999999999999 11.968900206551913
-0.00099999999999999742 -0.012999999999999999 12.595404741230066
-0.00050000000000000044 -0.012999999999999999 12.986940677209336
0 -0.012999999999999999 13.120138907092469
0.00050000000000000044 -0.012999999999999999 12.986940677209336
0.0010000000000000009 -0.012999999999999999 12.595404741230066
0.0015000000000000013 -0.012999999999999999 11.968900206551913
0.0020000000000000018 -0.012999999999999999 11.143797496312271
0.0024999999999999988 -0.012999999999999999 10.165974697362618
0.0030000000000000027 -0.012999999999999999 9.0866057363633459
0.0034999999999999996 -0.012999999999999999 7.9577665068401844
0.0040000000000000036 -0.012999999999999999 6.8283778820046868
0.0045000000000000005 -0.012999999999999999 5.7409101394730113
0.0049999999999999975 -0.012999999999999999 4.7291250551577146
0.0055000000000000014 -0.012999999999999999 3.8169607598256312
0.0059999999999999984 -0.012999999999999999 3.0185018006394437
0.0064999999999999988 -0.012999999999999999 2.338848174286928
0.0069999999999999993 -0.012999999999999999 1.7756177150950614
0.0074999999999999997 -0.012999999999999999 1.3207899486445882
0.0080000000000000002 -0.012999999999999999 0.9626200175181312
0.0085000000000000006 -0.012999999999999999 0.68740528861500361
0.0090000000000000011 -0.012999999999999999 0.48095860249034228
0.0095000000000000015 -0.012999999999999999 0.32971550628995677
0.010000000000000002 -0.012999999999999999 0.22146642476775175
0.010500000000000002 -0.012999999999999999 0.14575157770014818
0.011000000000000003 -0.012999999999999999 0.093984336900590756
0.011500000000000003 -0.012999999999999999 0.059379227878790984
0.012000000000000004 -0.012999999999999999 0.036757880184605587
0.012499999999999997 -0.012999999999999999 0.022294781318006923
0.013000000000000005 -0.012999999999999999 0.013249296626084742
0.013499999999999998 -0.012999999999999999 0.0077147041651530737
0.014000000000000005 -0.012999999999999999 0.0044013162762192061
0.014499999999999999 -0.012999999999999999 0.0024602697460818636
0.014999999999999999 -0.012999999999999999 0.0013474719139245171
0.0155 -0.012999999999999999 0.00072309201318370114
0.016000000000000007 -0.012999999999999999 0.00038019312108991427
0.016500000000000001 -0.012999999999999999 0.0001958627249414119
0.017000000000000001 -0.012999999999999999 9.8863544553329531e-05
0.017500000000000002 -0.012999999999999999 4.8894207276228939e-05
0.017999999999999995 -0.012999999999999999 2.36927509185133e-05
0.018500000000000003 -0.012999999999999999 1.1248909310278124e-05
0.019000000000000003 -0.012999999999999999 5.2328970360544288e-06
0.019500000000000003 -0.012999999999999999 2.3851231675600215e-06
0.019999999999999997 -0.012999999999999999 1.0651635086332793e-06
0.020499999999999997 -0.012999999999999999 4.6607799126301751e-07
0.021000000000000005 -0.012999999999999999 1.9981944980283298e-07
0.021500000000000005 -0.012999999999999999 8.3937063087829292e-08
0.021999999999999999 -0.012999999999999999 3.4546704667848676e-08
0.022499999999999999 -0.012999999999999999 1.3931450382448229e-08
0.023000000000000007 -0.012999999999999999 5.5045634871494822e-09
0.023500000000000007 -0.012999999999999999 2.1310139116183668e-09
0.024 -0.012999999999999999 8.0832596984075075e-10
0.024500000000000001 -0.012999999999999999 3.0041639235279586e-10
0.025000000000000001 -0.012999999999999999 1.0939502407590728e-10
-0.025000000000000001 -0.012500000000000001 1.8408057483208055e-10
-0.024500000000000001 -0.012500000000000001 5.0551496889758223e-10
-0.024 -0.012500000000000001 1.3601816941576542e-09
-0.0235 -0.012500000000000001 3.5858876501885628e-09
-0.023 -0.012500000000000001 9.262607869724287e-09
-0.022500000000000003 -0.012500000000000001 2.3442651220280462e-08
-0.022000000000000002 -0.012500000000000001 5.8132235058506875e-08
-0.021500000000000002 -0.012500000000000001 1.4124209902091187e-07
-0.021000000000000001 -0.012500000000000001 3.3623905194090759e-07
-0.020500000000000001 -0.012500000000000001 7.8427611560051779e-07
-0.02 -0.012500000000000001 1.7923659016091521e-06
-0.0195 -0.012500000000000001 4.0134809369858609e-06
-0.019 -0.012500000000000001 8.8054708390172968e-06
-0.018500000000000003 -0.012500000000000001 1.8928700912695271e-05
-0.018000000000000002 -0.012500000000000001 3.9868131528605185e-05
-0.017500000000000002 -0.012500000000000001 8.2274983322110537e-05
-0.017000000000000001 -0.012500000000000001 0.00016635910330515676
-0.016500000000000001 -0.012500000000000001 0.00032958101430989389
-0.016 -0.012500000000000001 0.0006397564136817874
-0.0155 -0.012500000000000001 0.0012167572937410922
-0.015000000000000001 -0.012500000000000001 0.0022674103011595518
-0.014500000000000001 -0.012500000000000001 0.0041399311616447431
-0.014 -0.012500000000000001 0.0074061579764546654
-0.0135 -0.012500000000000001 0.012981643263732202
-0.012999999999999999 -0.012500000000000001 0.022294781318006805
-0.012500000000000001 -0.012500000000000001 0.037515748046515529
-0.012 -0.012500000000000001 0.061853011790516936
-0.0115 -0.012500000000000001 0.099918277758488383
-0.010999999999999999 -0.012500000000000001 0.1581487906604245
-0.010499999999999999 -0.012500000000000001 0.24525826866777037
-0.010000000000000002 -0.012500000000000001 0.37266472695289665
-0.0095000000000000015 -0.012500000000000001 0.55481700782652854
-0.0090000000000000011 -0.012500000000000001 0.80931593337758845
-0.0085000000000000006 -0.012500000000000001 1.156706730856971
-0.0080000000000000002 -0.012500000000000001 1.6198144994844554
-0.0074999999999999997 -0.012500000000000001 2.2225121757843938
-0.0069999999999999993 -0.012500000000000001 2.9878573768577024
-0.0064999999999999988 -0.012500000000000001 3.9356133426046771
-0.0059999999999999984 -0.012500000000000001 5.0792762402778671
-0.0054999999999999979 -0.012500000000000001 6.4228545741957896
-0.005000000000000001 -0.012500000000000001 7.9577665068401631
-0.0044999999999999971 -0.012500000000000001 9.6603117688445099
-0.0040000000000000001 -0.012500000000000001 11.490209324492689
-0.0035000000000000031 -0.012500000000000001 13.390647749592102
-0.0029999999999999992 -0.012500000000000001 15.29016169932571
-0.0025000000000000022 -0.012500000000000001 17.106431319219759
-0.0019999999999999983 -0.012500000000000001 18.751827756901172
-0.0015000000000000013 -0.012500000000000001 20.140239912567679
-0.00099999999999999742 -0.012500000000000001 21.19446807196217
-0.00050000000000000044 -0.012500000000000001 21.85331120282039
0 -0.012500000000000001 22.077445773205319
0.00050000000000000044 -0.012500000000000001 21.85331120282039
0.0010000000000000009 -0.012500000000000001 21.19446807196217
0.0015000000000000013 -0.012500000000000001 20.140239912567679
0.0020000000000000018 -0.012500000000000001 18.751827756901157
0.0024999999999999988 -0.012500000000000001 17.106431319219777
0.0030000000000000027 -0.012500000000000001 15.29016169932571
0.0034999999999999996 -0.012500000000000001 13.390647749592114
0.0040000000000000036 -0.012500000000000001 11.49020932449268
0.0045000000000000005 -0.012500000000000001 9.6603117688444993
0.0049999999999999975 -0.012500000000000001 7.9577665068401702
0.0055000000000000014 -0.012500000000000001 6.4228545741957843
0.0059999999999999984 -0.012500000000000001 5.0792762402778671
0.0064999999999999988 -0.012500000000000001 3.9356133426046771
0.0069999999999999993 -0.012500000000000001 2.9878573768577024
0.0074999999999999997 -0.012500000000000001 2.2225121757843938
0.0080000000000000002 -0.012500000000000001 1.6198144994844554
0.0085000000000000006 -0.012500000000000001 1.156706730856971
0.0090000000000000011 -0.012500000000000001 0.80931593337758845
0.0095000000000000015 -0.012500000000000001 0.55481700782652854
0.010000000000000002 -0.012500000000000001 0.37266472695289665
0.010500000000000002 -0.012500000000000001 0.24525826866776951
0.011000000000000003 -0.012500000000000001 0.15814879066042423
0.011500000000000003 -0.012500000000000001 0.099918277758487842
0.012000000000000004 -0.012500000000000001 0.061853011790516714
0.012499999999999997 -0.012500000000000001 0.037515748046515668
0.013000000000000005 -0.012500000000000001 0.022294781318006725
0.013499999999999998 -0.012500000000000001 0.012981643263732249
0.014000000000000005 -0.012500000000000001 0.0074061579764546134
0.014499999999999999 -0.012500000000000001 0.0041399311616447656
0.014999999999999999 -0.012500000000000001 0.0022674103011595596
0.0155 -0.012500000000000001 0.0012167572937410922
0.016000000000000007 -0.012500000000000001 0.00063975641368178068
0.016500000000000001 -0.012500000000000001 0.00032958101430989389
0.017000000000000001 -0.012500000000000001 0.00016635910330515676
0.017500000000000002 -0.012500000000000001 8.2274983322110537e-05
0.017999999999999995 -0.012500000000000001 3.986813152860547e-05
0.018500000000000003 -0.012500000000000001 1.8928700912695271e-05
0.019000000000000003 -0.012500000000000001 8.8054708390172664e-06
0.019500000000000003 -0.012500000000000001 4.0134809369858609e-06
0.019999999999999997 -0.012500000000000001 1.7923659016091711e-06
0.020499999999999997 -0.012500000000000001 7.8427611560052044e-07
0.021000000000000005 -0.012500000000000001 3.3623905194090643e-07
0.021500000000000005 -0.012500000000000001 1.4124209902091086e-07
0.021999999999999999 -0.012500000000000001 5.813223505850749e-08
0.022499999999999999 -0.012500000000000001 2.3442651220280548e-08
0.023000000000000007 -0.012500000000000001 9.2626078697241547e-09
0.023500000000000007 -0.012500000000000001 3.5858876501885116e-09
0.024 -0.012500000000000001 1.3601816941576542e-09
0.024500000000000001 -0.012500000000000001 5.0551496889758223e-10
0.025000000000000001 -0.012500000000000001 1.8408057483208055e-10
-0.025000000000000001 -0.012 3.0349755924835786e-10
-0.024500000000000001 -0.012 8.3345328187875752e-10
-0.024 -0.012 2.2425604911746606e-09
-0.0235 -0.012 5.9121292432067843e-09
-0.023 -0.012 1.5271458616968832e-08
-0.022500000000000003 -0.012 3.8650397708480714e-08
-0.022000000000000002 -0.012 9.5843852454300325e-08
-0.021500000000000002 -0.012 2.3286885297411114e-07
-0.021000000000000001 -0.012 5.5436447697502146e-07
-0.020500000000000001 -0.012 1.2930527138926461e-06
-0.02 -0.012 2.9551117868606431e-06
-0.0195 -0.012 6.6171113903580931e-06
-0.019 -0.012 1.4517767070817524e-05
-0.018500000000000003 -0.012 3.1208151821481626e-05
-0.018000000000000002 -0.012 6.5731436474281778e-05
-0.017500000000000002 -0.012 0.00013564851504966192
-0.017000000000000001 -0.012 0.00027427979219381195
-0.016500000000000001 -0.012 0.00054338722871164532
-0.016 -0.012 0.0010547800073039972
-0.0155 -0.012 0.0020060936314704697
-0.015000000000000001 -0.012 0.0037383275929263361
-0.014500000000000001 -0.012 0.006825592565438003
-0.014 -0.012 0.012210690189946227
-0.0135 -0.012 0.021403111377556395
-0.012999999999999999 -0.012 0.036757880184605657
-0.012500000000000001 -0.012 0.061853011790516936
-0.012 -0.012 0.10197837619589126
-0.0115 -0.012 0.16473738987214329
-0.010999999999999999 -0.012 0.26074327509734407
-0.010499999999999999 -0.012 0.40436252436764053
-0.010000000000000002 -0.012 0.61442026216689716
-0.0095000000000000015 -0.012 0.91473860214979874
-0.0090000000000000011 -0.012 1.3343363940761601
-0.0085000000000000006 -0.012 1.9070869911258963
-0.0080000000000000002 -0.012 2.6706226198884986
-0.0074999999999999997 -0.012 3.6643030986057523
-0.0069999999999999993 -0.012 4.9261440110435828
-0.0064999999999999988 -0.012 6.4887294312035682
-0.0059999999999999984 -0.012 8.3743107771079011
-0.0054999999999999979 -0.012 10.589496955090222
-0.005000000000000001 -0.012 13.120138907092446
-0.0044999999999999971 -0.012 15.927161494888738
-0.0040000000000000001 -0.012 18.944152518088064
-0.0035000000000000031 -0.012 22.077445773205319
-0.0029999999999999992 -0.012 25.209214826122736
-0.0025000000000000022 -0.012 28.203737181768496
-0.0019999999999999983 -0.012 30.916537287308092
-0.0015000000000000013 -0.012 33.205641940854051
-0.00099999999999999742 -0.012 34.943770331418825
-0.00050000000000000044 -0.012 36.030019015319411
0 -0.012 36.399554449012285
0.00050000000000000044 -0.012 36.030019015319411
0.0010000000000000009 -0.012 34.943770331418825
0.0015000000000000013 -0.012 33.205641940854051
0.0020000000000000018 -0.012 30.916537287308035
0.0024999999999999988 -0.012 28.203737181768524
0.0030000000000000027 -0.012 25.209214826122714
0.0034999999999999996 -0.012 22.077445773205341
0.0040000000000000036 -0.012 18.94415251808805
0.0045000000000000005 -0.012 15.927161494888724
0.0049999999999999975 -0.012 13.120138907092469
0.0055000000000000014 -0.012 10.589496955090205
0.0059999999999999984 -0.012 8.3743107771079011
0.0064999999999999988 -0.012 6.4887294312035682
0.0069999999999999993 -0.012 4.9261440110435828
0.0074999999999999997 -0.012 3.6643030986057523
0.0080000000000000002 -0.012 2.6706226198884986
0.0085000000000000006 -0.012 1.9070869911258963
0.0090000000000000011 -0.012 1.3343363940761601
0.0095000000000000015 -0.012 0.91473860214979874
0.010000000000000002 -0.012 0.61442026216689716
0.010500000000000002 -0.012 0.40436252436763981
0.011000000000000003 -0.012 0.26074327509734363
0.011500000000000003 -0.012 0.16473738987214301
0.012000000000000004 -0.012 0.10197837619589109
0.012499999999999997 -0.012 0.061853011790517158
0.013000000000000005 -0.012 0.036757880184605525
0.013499999999999998 -0.012 0.021403111377556433
0.014000000000000005 -0.012 0.012210690189946161
0.014499999999999999 -0.012 0.0068255925654380151
0.014999999999999999 -0.012 0.0037383275929263561
0.0155 -0.012 0.0020060936314704697
0.016000000000000007 -0.012 0.0010547800073039822
0.016500000000000001 -0.012 0.00054338722871164532
0.017000000000000001 -0.012 0.00027427979219381195
0.017500000000000002 -0.012 0.00013564851504966192
0.017999999999999995 -0.012 6.5731436474282252e-05
0.018500000000000003 -0.012 3.1208151821481626e-05
0.019000000000000003 -0.012 1.451776707081747e-05
0.019500000000000003 -0.012 6.6171113903580694e-06
0.019999999999999997 -0.012 2.9551117868606537e-06
0.020499999999999997 -0.012 1.2930527138926555e-06
0.021000000000000005 -0.012 5.5436447697501754e-07
0.021500000000000005 -0.012 2.328688529741095e-07
0.021999999999999999 -0.012 9.5843852454301013e-08
0.022499999999999999 -0.012 3.8650397708480853e-08
0.023000000000000007 -0.012 1.5271458616968616e-08
0.023500000000000007 -0.012 5.9121292432067007e-09
0.024 -0.012 2.2425604911746606e-09
0.024500000000000001 -0.012 8.3345328187875752e-10
0.025000000000000001 -0.012 3.0349755924835786e-10
-0.025000000000000001 -0.0115 4.9027448375036308e-10
-0.024500000000000001 -0.0115 1.3463728621579172e-09
-0.024 -0.0115 3.6226656643057091e-09
-0.0235 -0.0115 9.5505417564385366e-09
-0.023 -0.0115 2.466974201734017e-08
-0.022500000000000003 -0.0115 6.2436428912975053e-08
-0.022000000000000002 -0.0115 1.5482758872609335e-07
-0.021500000000000002 -0.0115 3.7617981823700246e-07
-0.021000000000000001 -0.0115 8.9552864422233162e-07
-0.020500000000000001 -0.0115 2.088816639368578e-06
-0.02 -0.0115 4.7737316547646958e-06
-0.0195 -0.0115 1.068938043146393e-05
-0.019 -0.0115 2.3452217452689673e-05
-0.018500000000000003 -0.0115 5.0414113909097563e-05
-0.018000000000000002 -0.0115 0.00010618354283774207
-0.017500000000000002 -0.0115 0.00021912863435271911
-0.017000000000000001 -0.0115 0.00044307566707953719
-0.016500000000000001 -0.0115 0.00087779583365655634
-0.016 -0.0115 0.0017039073554064065
-0.0155 -0.0115 0.0032406735723341474
-0.015000000000000001 -0.0115 0.0060389501492230215
-0.014500000000000001 -0.0115 0.011026164031098453
-0.014 -0.0115 0.019725331050232754
-0.0135 -0.0115 0.034574905337858008
-0.012999999999999999 -0.0115 0.059379227878791192
-0.012500000000000001 -0.0115 0.099918277758488383
-0.012 -0.0115 0.16473738987214329
-0.0115 -0.0115 0.26611923658949183
-0.010999999999999999 -0.0115 0.42120857547034879
-0.010499999999999999 -0.0115 0.65321325276328446
-0.010000000000000002 -0.0115 0.99254365532847855
-0.0095000000000000015 -0.0115 1.4776823808606832
-0.0090000000000000011 -0.0115 2.1555069120660368
-0.0085000000000000006 -0.0115 3.0807367688784391
-0.0080000000000000002 -0.0115 4.3141636113996453
-0.0074999999999999997 -0.0115 5.9193698770528247
-0.0069999999999999993 -0.0115 7.9577665068401844
-0.0064999999999999988 -0.0115 10.481990299881852
-0.0059999999999999984 -0.0115 13.527986528721566
-0.0054999999999999979 -0.0115 17.106431319219805
-0.005000000000000001 -0.0115 21.194468071962206
-0.0044999999999999971 -0.0115 25.728974225869191
-0.0040000000000000001 -0.0115 30.602666521918618
-0.0035000000000000031 -0.0115 35.664235178007914
-0.0029999999999999992 -0.0115 40.723341615130771
-0.0025000000000000022 -0.0115 45.560737690503274
-0.0019999999999999983 -0.0115 49.943035441283435
-0.0015000000000000013 -0.0115 53.640889239670713
-0.00099999999999999742 -0.0115 56.448687765255031
-0.00050000000000000044 -0.0115 58.203430090177868
0 -0.0115 58.800383141233468
0.00050000000000000044 -0.0115 58.203430090177868
0.0010000000000000009 -0.0115 56.448687765255031
0.0015000000000000013 -0.0115 53.640889239670713
0.0020000000000000018 -0.0115 49.943035441283392
0.0024999999999999988 -0.0115 45.560737690503309
0.0030000000000000027 -0.0115 40.723341615130771
0.0034999999999999996 -0.0115 35.664235178007949
0.0040000000000000036 -0.0115 30.602666521918561
0.0045000000000000005 -0.0115 25.72897422586917
0.0049999999999999975 -0.0115 21.194468071962227
0.0055000000000000014 -0.0115 17.106431319219791
0.0059999999999999984 -0.0115 13.527986528721566
0.0064999999999999988 -0.0115 10.481990299881852
0.0069999999999999993 -0.0115 7.9577665068401844
0.0074999999999999997 -0.0115 5.9193698770528247
0.0080000000000000002 -0.0115 4.3141636113996453
0.0085000000000000006 -0.0115 3.0807367688784391
0.0090000000000000011 -0.0115 2.1555069120660368
0.0095000000000000015 -0.0115 1.4776823808606832
0.010000000000000002 -0.0115 0.99254365532847855
0.010500000000000002 -0.0115 0.65321325276328335
0.011000000000000003 -0.0115 0.42120857547034807
0.011500000000000003 -0.0115 0.26611923658949088
0.012000000000000004 -0.0115 0.16473738987214301
0.012499999999999997 -0.0115 0.09991827775848873
0.013000000000000005 -0.0115 0.059379227878790984
0.013499999999999998 -0.0115 0.034574905337858078
0.014000000000000005 -0.0115 0.019725331050232647
0.014499999999999999 -0.0115 0.011026164031098493
0.014999999999999999 -0.0115 0.0060389501492230319
0.0155 -0.0115 0.0032406735723341474
0.016000000000000007 -0.0115 0.0017039073554063883
0.016500000000000001 -0.0115 0.00087779583365655634
0.017000000000000001 -0.0115 0.00044307566707953719
0.017500000000000002 -0.0115 0.00021912863435271911
0.017999999999999995 -0.0115 0.0001061835428377432
0.018500000000000003 -0.0115 5.0414113909097563e-05
0.019000000000000003 -0.0115 2.3452217452689588e-05
0.019500000000000003 -0.0115 1.0689380431463816e-05
0.019999999999999997 -0.0115 4.7737316547647128e-06
0.020499999999999997 -0.0115 2.0888166393685929e-06
0.021000000000000005 -0.0115 8.955286442223222e-07
0.021500000000000005 -0.0115 3.7617981823700114e-07
0.021999999999999999 -0.0115 1.5482758872609443e-07
0.022499999999999999 -0.0115 6.2436428912975264e-08
0.023000000000000007 -0.0115 2.4669742017339816e-08
0.023500000000000007 -0.0115 9.5505417564383993e-09
0.024 -0.0115 3.6226656643057091e-09
0.024500000000000001 -0.0115 1.3463728621579172e-09
0.025000000000000001 -0.0115 4.9027448375036308e-10
-0.025000000000000001 -0.010999999999999999 7.7599732937947785e-10
-0.024500000000000001 -0.010999999999999999 2.1310139116183895e-09
-0.024 -0.010999999999999999 5.7338877994053482e-09
-0.0235 -0.010999999999999999 1.5116419766395817e-08
-0.023 -0.010999999999999999 3.904680858668588e-08
-0.022500000000000003 -0.010999999999999999 9.8823217806150774e-08
-0.022000000000000002 -0.010999999999999999 2.4505822625451706e-07
-0.021500000000000002 -0.010999999999999999 5.954104159885419e-07
-0.021000000000000001 -0.010999999999999999 1.4174260732141138e-06
-0.020500000000000001 -0.010999999999999999 3.3061401060773282e-06
-0.02 -0.010999999999999999 7.5557736289573651e-06
-0.0195 -0.010999999999999999 1.6918952428617225e-05
-0.019 -0.010999999999999999 3.7119733362628804e-05
-0.018500000000000003 -0.010999999999999999 7.9794521340849874e-05
-0.018000000000000002 -0.010999999999999999 0.00016806533563777011
-0.017500000000000002 -0.010999999999999999 0.00034683272469644661
-0.017000000000000001 -0.010999999999999999 0.00070129192067401396
-0.016500000000000001 -0.010999999999999999 0.0013893589106398518
-0.016 -0.010999999999999999 0.0026969128541853133
-0.0155 -0.010999999999999999 0.0051292778247101524
-0.015000000000000001 -0.010999999999999999 0.0095583379175796113
-0.014500000000000001 -0.010999999999999999 0.017452007242924637
-0.014 -0.010999999999999999 0.031220886918317769
-0.0135 -0.010999999999999999 0.054724516765566326
-0.012999999999999999 -0.010999999999999999 0.093984336900591076
-0.012500000000000001 -0.010999999999999999 0.1581487906604245
-0.012 -0.010999999999999999 0.26074327509734407
-0.0115 -0.010999999999999999 0.42120857547034879
-0.010999999999999999 -0.010999999999999999 0.6666810949989278
-0.010499999999999999 -0.010999999999999999 1.0338937808513191
-0.010000000000000002 -0.010999999999999999 1.570979627444002
-0.0095000000000000015 -0.010999999999999999 2.3388481742869236
-0.0090000000000000011 -0.010999999999999999 3.4116962286659365
-0.0085000000000000006 -0.010999999999999999 4.8761328284587933
-0.0080000000000000002 -0.010999999999999999 6.8283778820046939
-0.0074999999999999997 -0.010999999999999999 9.3690684880537063
-0.0069999999999999993 -0.010999999999999999 12.595404741230066
-0.0064999999999999988 -0.010999999999999999 16.590699187664779
-0.0059999999999999984 -0.010999999999999999 21.411845335835782
-0.0054999999999999979 -0.010999999999999999 27.075741159083361
-0.005000000000000001 -0.010999999999999999 33.546209657192094
-0.0044999999999999971 -0.010999999999999999 40.723341615130806
-0.0040000000000000001 -0.010999999999999999 48.437331086949591
-0.0035000000000000031 -0.010999999999999999 56.448687765254974
-0.0029999999999999992 -0.010999999999999999 64.456147289199578
-0.0025000000000000022 -0.010999999999999999 72.112687778366038
-0.0019999999999999983 -0.010999999999999999 79.048907108276424
-0.0015000000000000013 -0.010999999999999999 84.901801287132685
-0.00099999999999999742 -0.010999999999999999 89.345932543203759
-0.00050000000000000044 -0.010999999999999999 92.123306041153526
0 -0.010999999999999999 93.068152221686049
0.00050000000000000044 -0.010999999999999999 92.123306041153526
0.0010000000000000009 -0.010999999999999999 89.345932543203759
0.0015000000000000013 -0.010999999999999999 84.901801287132685
0.0020000000000000018 -0.010999999999999999 79.048907108276282
0.0024999999999999988 -0.010999999999999999 72.112687778366109
0.0030000000000000027 -0.010999999999999999 64.456147289199521
0.0034999999999999996 -0.010999999999999999 56.448687765255031
0.0040000000000000036 -0.010999999999999999 48.437331086949548
0.0045000000000000005 -0.010999999999999999 40.723341615130771
0.0049999999999999975 -0.010999999999999999 33.546209657192122
0.0055000000000000014 -0.010999999999999999 27.075741159083314
0.0059999999999999984 -0.010999999999999999 21.411845335835782
0.0064999999999999988 -0.010999999999999999 16.590699187664779
0.0069999999999999993 -0.010999999999999999 12.595404741230066
0.0074999999999999997 -0.010999999999999999 9.3690684880537063
0.0080000000000000002 -0.010999999999999999 6.8283778820046939
0.0085000000000000006 -0.010999999999999999 4.8761328284587933
0.0090000000000000011 -0.010999999999999999 3.4116962286659365
0.0095000000000000015 -0.010999999999999999 2.3388481742869236
0.010000000000000002 -0.010999999999999999 1.570979627444002
0.010500000000000002 -0.010999999999999999 1.0338937808513173
0.011000000000000003 -0.010999999999999999 0.66668109499892547
0.011500000000000003 -0.010999999999999999 0.42120857547034807
0.012000000000000004 -0.010999999999999999 0.26074327509734363
0.012499999999999997 -0.010999999999999999 0.15814879066042534
0.013000000000000005 -0.010999999999999999 0.09398433690059059
0.013499999999999998 -0.010999999999999999 0.054724516765566431
0.014000000000000005 -0.010999999999999999 0.031220886918317658
0.014499999999999999 -0.010999999999999999 0.017452007242924669
0.014999999999999999 -0.010999999999999999 0.009558337917579646
0.0155 -0.010999999999999999 0.0051292778247101524
0.016000000000000007 -0.010999999999999999 0.0026969128541852799
0.016500000000000001 -0.010999999999999999 0.0013893589106398518
0.017000000000000001 -0.010999999999999999 0.00070129192067401396
0.017500000000000002 -0.010999999999999999 0.00034683272469644661
0.017999999999999995 -0.010999999999999999 0.0001680653356377719
0.018500000000000003 -0.010999999999999999 7.9794521340849874e-05
0.019000000000000003 -0.010999999999999999 3.7119733362628676e-05
0.019500000000000003 -0.010999999999999999 1.6918952428617103e-05
0.019999999999999997 -0.010999999999999999 7.5557736289573922e-06
0.020499999999999997 -0.010999999999999999 3.3061401060773629e-06
0.021000000000000005 -0.010999999999999999 1.4174260732140988e-06
0.021500000000000005 -0.010999999999999999 5.9541041598853979e-07
0.021999999999999999 -0.010999999999999999 2.4505822625451791e-07
0.022499999999999999 -0.010999999999999999 9.8823217806151131e-08
0.023000000000000007 -0.010999999999999999 3.9046808586685331e-08
0.023500000000000007 -0.010999999999999999 1.5116419766395602e-08
0.024 -0.010999999999999999 5.7338877994053482e-09
0.024500000000000001 -0.010999999999999999 2.1310139116183895e-09
0.025000000000000001 -0.010999999999999999 7.7599732937947785e-10
-0.025000000000000001 -0.010499999999999999 1.2034221741415439e-09
-0.024500000000000001 -0.010499999999999999 3.3047915212496597e-09
-0.024 -0.010499999999999999 8.8921539554289896e-09
-0.0235 -0.010499999999999999 2.3442651220280548e-08
-0.023 -0.010499999999999999 6.0554068298473866e-08
-0.022500000000000003 -0.010499999999999999 1.5325574860294928e-07
-0.022000000000000002 -0.010499999999999999 3.8003803913385025e-07
-0.021500000000000002 -0.010499999999999999 9.2336670525454224e-07
-0.021000000000000001 -0.010499999999999999 2.1981544293151671e-06
-0.020500000000000001 -0.010499999999999999 5.1271855763391147e-06
-0.02 -0.010499999999999999 1.1717547449747298e-05
-0.0195 -0.010499999999999999 2.6238031685141458e-05
-0.019 -0.010499999999999999 5.7565546343477778e-05
-0.018500000000000003 -0.010499999999999999 0.00012374591086979187
-0.018000000000000002 -0.010499999999999999 0.00026063691710481095
-0.017500000000000002 -0.010499999999999999 0.00053787065472428106
-0.017000000000000001 -0.010499999999999999 0.0010875684953197949
-0.016500000000000001 -0.010499999999999999 0.0021546276740953886
-0.016 -0.010499999999999999 0.0041823916237562738
-0.0155 -0.010499999999999999 0.0079545205091423026
-0.015000000000000001 -0.010499999999999999 0.014823138382642759
-0.014500000000000001 -0.010499999999999999 0.027064696880089285
-0.014 -0.010499999999999999 0.048417573349013324
-0.0135 -0.010499999999999999 0.084867169578438206
-0.012999999999999999 -0.010499999999999999 0.14575157770014843
-0.012500000000000001 -0.010499999999999999 0.24525826866777037
-0.012 -0.010499999999999999 0.40436252436764053
-0.0115 -0.010499999999999999 0.65321325276328446
-0.010999999999999999 -0.010499999999999999 1.0338937808513191
-0.010499999999999999 -0.010499999999999999 1.6033698241957122
-0.010000000000000002 -0.010499999999999999 2.4362863726638122
-0.0095000000000000015 -0.010499999999999999 3.6271023730687935
-0.0090000000000000011 -0.010499999999999999 5.2908827615357605
-0.0085000000000000006 -0.010499999999999999 7.5619414496170947
-0.0080000000000000002 -0.010499999999999999 10.589496955090222
-0.0074999999999999997 -0.010499999999999999 14.529618006018881
-0.0069999999999999993 -0.010499999999999999 19.533043200038453
-0.0064999999999999988 -0.010499999999999999 25.728974225869191
-0.0059999999999999984 -0.010499999999999999 33.205641940854136
-0.0054999999999999979 -0.010499999999999999 41.989251842159142
-0.005000000000000001 -0.010499999999999999 52.023700380706245
-0.0044999999999999971 -0.010499999999999999 63.154047635676861
-0.0040000000000000001 -0.010499999999999999 75.116957339121853
-0.0035000000000000031 -0.010499999999999999 87.54102622005351
-0.0029999999999999992 -0.010499999999999999 99.95905136630175
-0.0025000000000000022 -0.010499999999999999 111.8328687791057
-0.0019999999999999983 -0.010499999999999999 122.58960701813822
-0.0015000000000000013 -0.010499999999999999 131.66631691270962
-0.00099999999999999742 -0.010499999999999999 138.55830725322792
-0.00050000000000000044 -0.010499999999999999 142.86547781524325
0 -0.010499999999999999 144.33075198791985
0.00050000000000000044 -0.010499999999999999 142.86547781524325
0.0010000000000000009 -0.010499999999999999 138.55830725322792
0.0015000000000000013 -0.010499999999999999 131.66631691270962
0.0020000000000000018 -0.010499999999999999 122.58960701813811
0.0024999999999999988 -0.010499999999999999 111.83286877910589
0.0030000000000000027 -0.010499999999999999 99.959051366301665
0.0034999999999999996 -0.010499999999999999 87.541026220053595
0.0040000000000000036 -0.010499999999999999 75.116957339121782
0.0045000000000000005 -0.010499999999999999 63.154047635676804
0.0049999999999999975 -0.010499999999999999 52.02370038070638
0.0055000000000000014 -0.010499999999999999 41.989251842159071
0.0059999999999999984 -0.010499999999999999 33.205641940854136
0.0064999999999999988 -0.010499999999999999 25.728974225869191
0.0069999999999999993 -0.010499999999999999 19.533043200038453
0.0074999999999999997 -0.010499999999999999 14.529618006018881
0.0080000000000000002 -0.010499999999999999 10.589496955090222
0.0085000000000000006 -0.010499999999999999 7.5619414496170947
0.0090000000000000011 -0.010499999999999999 5.2908827615357605
0.0095000000000000015 -0.010499999999999999 3.6271023730687935
0.010000000000000002 -0.010499999999999999 2.4362863726638122
0.010500000000000002 -0.010499999999999999 1.6033698241957062
0.011000000000000003 -0.010499999999999999 1.0338937808513156
0.011500000000000003 -0.010499999999999999 0.65321325276328335
0.012000000000000004 -0.010499999999999999 0.40436252436763831
0.012499999999999997 -0.010499999999999999 0.24525826866777126
0.013000000000000005 -0.010499999999999999 0.14575157770014791
0.013499999999999998 -0.010499999999999999 0.084867169578438206
0.014000000000000005 -0.010499999999999999 0.048417573349012977
0.014499999999999999 -0.010499999999999999 0.027064696880089337
0.014999999999999999 -0.010499999999999999 0.014823138382642811
0.0155 -0.010499999999999999 0.0079545205091423026
0.016000000000000007 -0.010499999999999999 0.0041823916237562287
0.016500000000000001 -0.010499999999999999 0.0021546276740953886
0.017000000000000001 -0.010499999999999999 0.0010875684953197949
0.017500000000000002 -0.010499999999999999 0.00053787065472428106
0.017999999999999995 -0.010499999999999999 0.00026063691710481366
0.018500000000000003 -0.010499999999999999 0.00012374591086979187
0.019000000000000003 -0.010499999999999999 5.7565546343477371e-05
0.019500000000000003 -0.010499999999999999 2.6238031685141366e-05
0.019999999999999997 -0.010499999999999999 1.171754744974734e-05
0.020499999999999997 -0.010499999999999999 5.1271855763391698e-06
0.021000000000000005 -0.010499999999999999 2.1981544293151438e-06
0.021500000000000005 -0.010499999999999999 9.2336670525453885e-07
0.021999999999999999 -0.010499999999999999 3.8003803913385157e-07
0.022499999999999999 -0.010499999999999999 1.5325574860295039e-07
0.023000000000000007 -0.010499999999999999 6.0554068298473231e-08
0.023500000000000007 -0.010499999999999999 2.3442651220280214e-08
0.024 -0.010499999999999999 8.8921539554289896e-09
0.024500000000000001 -0.010499999999999999 3.3047915212496597e-09
0.025000000000000001 -0.010499999999999999 1.2034221741415439e-09
-0.025000000000000001 -0.010000000000000002 1.8285744181902641e-09
-0.024500000000000001 -0.010000000000000002 5.0215604823137014e-09
-0.024 -0.010000000000000002 1.3511438957077385e-08
-0.0235 -0.010000000000000002 3.5620610320347894e-08
-0.023 -0.010000000000000002 9.2010619869891333e-08
-0.022500000000000003 -0.010000000000000002 2.3286885297411114e-07
-0.022000000000000002 -0.010000000000000002 5.7745972380396999e-07
-0.021500000000000002 -0.010000000000000002 1.4030360850227232e-06
-0.021000000000000001 -0.010000000000000002 3.3400489396371809e-06
-0.020500000000000001 -0.010000000000000002 7.7906495190648922e-06
-0.02 -0.010000000000000002 1.7804564325751199e-05
-0.0195 -0.010000000000000002 3.9868131528605327e-05
-0.019 -0.010000000000000002 8.7469624272062631e-05
-0.018500000000000003 -0.010000000000000002 0.00018802928168875534
-0.018000000000000002 -0.010000000000000002 0.00039603225642224161
-0.017500000000000002 -0.010000000000000002 0.00081728302889687928
-0.017000000000000001 -0.010000000000000002 0.0016525372153708977
-0.016500000000000001 -0.010000000000000002 0.003273910960121809
-0.016 -0.010000000000000002 0.0063550551871038091
-0.0155 -0.010000000000000002 0.012086724862256511
-0.015000000000000001 -0.010000000000000002 0.022523443747519599
-0.014500000000000001 -0.010000000000000002 0.041124231723840707
-0.014 -0.010000000000000002 0.073569473721898662
-0.0135 -0.010000000000000002 0.12895386055691394
-0.012999999999999999 -0.010000000000000002 0.22146642476775175
-0.012500000000000001 -0.010000000000000002 0.37266472695289665
-0.012 -0.010000000000000002 0.61442026216689716
-0.0115 -0.010000000000000002 0.99254365532847855
-0.010999999999999999 -0.010000000000000002 1.570979627444002
-0.010499999999999999 -0.010000000000000002 2.4362863726638122
-0.010000000000000002 -0.010000000000000002 3.701885366718054
-0.0095000000000000015 -0.010000000000000002 5.5113049718250444
-0.0090000000000000011 -0.010000000000000002 8.0393839130391775
-0.0085000000000000006 -0.010000000000000002 11.490209324492689
-0.0080000000000000002 -0.010000000000000002 16.09051557272052
-0.0074999999999999997 -0.010000000000000002 22.077445773205319
-0.0069999999999999993 -0.010000000000000002 29.680044021521059
-0.0064999999999999988 -0.010000000000000002 39.094629537852853
-0.0059999999999999984 -0.010000000000000002 50.45526723482984
-0.0054999999999999979 -0.010000000000000002 63.801775808470246
-0.005000000000000001 -0.010000000000000002 79.048907108276154
-0.0044999999999999971 -0.010000000000000002 95.961233217384034
-0.0040000000000000001 -0.010000000000000002 114.13862027313128
-0.0035000000000000031 -0.010000000000000002 133.01672889840333
-0.0029999999999999992 -0.010000000000000002 151.885654197267
-0.0025000000000000022 -0.010000000000000002 169.927667410796
-0.0019999999999999983 -0.010000000000000002 186.27230256021485
-0.0015000000000000013 -0.010000000000000002 200.06417034459184
-0.00099999999999999742 -0.010000000000000002 210.53640319677118
-0.00050000000000000044 -0.010000000000000002 217.08105732872781
0 -0.010000000000000002 219.30751029375037
0.00050000000000000044 -0.010000000000000002 217.08105732872781
0.0010000000000000009 -0.010000000000000002 210.53640319677118
0.0015000000000000013 -0.010000000000000002 200.06417034459184
0.0020000000000000018 -0.010000000000000002 186.27230256021485
0.0024999999999999988 -0.010000000000000002 169.92766741079635
0.0030000000000000027 -0.010000000000000002 151.885654197267
0.0034999999999999996 -0.010000000000000002 133.01672889840358
0.0040000000000000036 -0.010000000000000002 114.13862027313108
0.0045000000000000005 -0.010000000000000002 95.961233217383949
0.0049999999999999975 -0.010000000000000002 79.048907108276211
0.0055000000000000014 -0.010000000000000002 63.801775808470133
0.0059999999999999984 -0.010000000000000002 50.45526723482984
0.0064999999999999988 -0.010000000000000002 39.094629537852853
0.0069999999999999993 -0.010000000000000002 29.680044021521059
0.0074999999999999997 -0.010000000000000002 22.077445773205319
0.0080000000000000002 -0.010000000000000002 16.09051557272052
0.0085000000000000006 -0.010000000000000002 11.490209324492689
0.0090000000000000011 -0.010000000000000002 8.0393839130391775
0.0095000000000000015 -0.010000000000000002 5.5113049718250444
0.010000000000000002 -0.010000000000000002 3.701885366718054
0.010500000000000002 -0.010000000000000002 2.4362863726638078
0.011000000000000003 -0.010000000000000002 1.5709796274439964
0.011500000000000003 -0.010000000000000002 0.99254365532847677
0.012000000000000004 -0.010000000000000002 0.61442026216689494
0.012499999999999997 -0.010000000000000002 0.3726647269528986
0.013000000000000005 -0.010000000000000002 0.22146642476775061
0.013499999999999998 -0.010000000000000002 0.12895386055691416
0.014000000000000005 -0.010000000000000002 0.073569473721898287
0.014499999999999999 -0.010000000000000002 0.041124231723840859
0.014999999999999999 -0.010000000000000002 0.022523443747519641
0.0155 -0.010000000000000002 0.012086724862256511
0.016000000000000007 -0.010000000000000002 0.0063550551871037423
0.016500000000000001 -0.010000000000000002 0.003273910960121809
0.017000000000000001 -0.010000000000000002 0.0016525372153708977
0.017500000000000002 -0.010000000000000002 0.00081728302889687928
0.017999999999999995 -0.010000000000000002 0.00039603225642224438
0.018500000000000003 -0.010000000000000002 0.00018802928168875534
0.019000000000000003 -0.010000000000000002 8.746962427206232e-05
0.019500000000000003 -0.010000000000000002 3.9868131528605043e-05
0.019999999999999997 -0.010000000000000002 1.7804564325751325e-05
0.020499999999999997 -0.010000000000000002 7.7906495190649464e-06
0.021000000000000005 -0.010000000000000002 3.3400489396371568e-06
0.021500000000000005 -0.010000000000000002 1.4030360850227181e-06
0.021999999999999999 -0.010000000000000002 5.77459723803972e-07
0.022499999999999999 -0.010000000000000002 2.3286885297411199e-07
0.023000000000000007 -0.010000000000000002 9.2010619869890022e-08
0.023500000000000007 -0.010000000000000002 3.5620610320347516e-08
0.024 -0.010000000000000002 1.3511438957077385e-08
0.024500000000000001 -0.010000000000000002 5.0215604823137014e-09
0.025000000000000001 -0.010000000000000002 1.8285744181902641e-09
-0.025000000000000001 -0.0095000000000000015 2.7223509871292104e-09
-0.024500000000000001 -0.0095000000000000015 7.4760151952061923e-09
-0.024 -0.0095000000000000015 2.011560416487711e-08
-0.0235 -0.0095000000000000015 5.3031368427278529e-08
-0.023 -0.0095000000000000015 1.3698387078884862e-07
-0.022500000000000003 -0.0095000000000000015 3.4669125054977968e-07
-0.022000000000000002 -0.0095000000000000015 8.5971237128043788e-07
-0.021500000000000002 -0.0095000000000000015 2.0888166393685708e-06
-0.021000000000000001 -0.0095000000000000015 4.9726089556039286e-06
-0.020500000000000001 -0.0095000000000000015 1.1598588604118392e-05
-0.02 -0.0095000000000000015 2.6507137355440741e-05
-0.0195 -0.0095000000000000015 5.9355006907136535e-05
-0.019 -0.0095000000000000015 0.00013022331254997028
-0.018500000000000003 -0.0095000000000000015 0.00027993484734473514
-0.018000000000000002 -0.0095000000000000015 0.00058960619457485873
-0.017500000000000002 -0.0095000000000000015 0.0012167572937410922
-0.017000000000000001 -0.0095000000000000015 0.0024602697460818545
-0.016500000000000001 -0.0095000000000000015 0.0048741438387187308
-0.016 -0.0095000000000000015 0.0094612997916678591
-0.0155 -0.0095000000000000015 0.017994513667367509
-0.015000000000000001 -0.0095000000000000015 0.033532526053981569
-0.014500000000000001 -0.0095000000000000015 0.061225067853202135
-0.014 -0.0095000000000000015 0.1095290010715595
-0.0135 -0.0095000000000000015 0.19198434916785037
-0.012999999999999999 -0.0095000000000000015 0.32971550628995677
-0.012500000000000001 -0.0095000000000000015 0.55481700782652854
-0.012 -0.0095000000000000015 0.91473860214979874
-0.0115 -0.0095000000000000015 1.4776823808606832
-0.010999999999999999 -0.0095000000000000015 2.3388481742869236
-0.010499999999999999 -0.0095000000000000015 3.6271023730687935
-0.010000000000000002 -0.0095000000000000015 5.5113049718250444
-0.0095000000000000015 -0.0095000000000000015 8.2051385938490871
-0.0090000000000000011 -0.0095000000000000015 11.968900206551881
-0.0085000000000000006 -0.0095000000000000015 17.106431319219759
-0.0080000000000000002 -0.0095000000000000015 23.95529026167085
-0.0074999999999999997 -0.0095000000000000015 32.868531734935097
-0.0069999999999999993 -0.0095000000000000015 44.187152754763773
-0.0064999999999999988 -0.0095000000000000015 58.203430090177811
-0.0059999999999999984 -0.0095000000000000015 75.116957339121782
-0.0054999999999999979 -0.0095000000000000015 94.987015909742013
-0.005000000000000001 -0.0095000000000000015 117.68668978246082
-0.0044999999999999971 -0.0095000000000000015 142.86547781524325
-0.0040000000000000001 -0.0095000000000000015 169.92766741079635
-0.0035000000000000031 -0.0095000000000000015 198.03307955038298
-0.0029999999999999992 -0.0095000000000000015 226.12481970732321
-0.0025000000000000022 -0.0095000000000000015 252.98546699246884
-0.0019999999999999983 -0.0095000000000000015 277.31908622647552
-0.0015000000000000013 -0.0095000000000000015 297.85218813561937
-0.00099999999999999742 -0.0095000000000000015 313.44307312174595
-0.00050000000000000044 -0.0095000000000000015 323.18664464900399
0 -0.0095000000000000015 326.5013505569674
0.00050000000000000044 -0.0095000000000000015 323.18664464900399
0.0010000000000000009 -0.0095000000000000015 313.44307312174595
0.0015000000000000013 -0.0095000000000000015 297.85218813561937
0.0020000000000000018 -0.0095000000000000015 277.31908622647541
0.0024999999999999988 -0.0095000000000000015 252.98546699246916
0.0030000000000000027 -0.0095000000000000015 226.12481970732321
0.0034999999999999996 -0.0095000000000000015 198.03307955038315
0.0040000000000000036 -0.0095000000000000015 169.927667410796
0.0045000000000000005 -0.0095000000000000015 142.86547781524311
0.0049999999999999975 -0.0095000000000000015 117.68668978246102
0.0055000000000000014 -0.0095000000000000015 94.987015909741942
0.0059999999999999984 -0.0095000000000000015 75.116957339121782
0.0064999999999999988 -0.0095000000000000015 58.203430090177811
0.0069999999999999993 -0.0095000000000000015 44.187152754763773
0.0074999999999999997 -0.0095000000000000015 32.868531734935097
0.0080000000000000002 -0.0095000000000000015 23.95529026167085
0.0085000000000000006 -0.0095000000000000015 17.106431319219759
0.0090000000000000011 -0.0095000000000000015 11.968900206551881
0.0095000000000000015 -0.0095000000000000015 8.2051385938490871
0.010000000000000002 -0.0095000000000000015 5.5113049718250444
0.010500000000000002 -0.0095000000000000015 3.627102373068781
0.011000000000000003 -0.0095000000000000015 2.3388481742869156
0.011500000000000003 -0.0095000000000000015 1.4776823808606778
0.012000000000000004 -0.0095000000000000015 0.91473860214979541
0.012499999999999997 -0.0095000000000000015 0.55481700782653054
0.013000000000000005 -0.0095000000000000015 0.32971550628995555
0.013499999999999998 -0.0095000000000000015 0.19198434916785068
0.014000000000000005 -0.0095000000000000015 0.10952900107155909
0.014499999999999999 -0.0095000000000000015 0.061225067853202246
0.014999999999999999 -0.0095000000000000015 0.033532526053981757
0.0155 -0.0095000000000000015 0.017994513667367509
0.016000000000000007 -0.0095000000000000015 0.0094612997916677429
0.016500000000000001 -0.0095000000000000015 0.0048741438387187308
0.017000000000000001 -0.0095000000000000015 0.0024602697460818545
0.017500000000000002 -0.0095000000000000015 0.0012167572937410922
0.017999999999999995 -0.0095000000000000015 0.00058960619457486296
0.018500000000000003 -0.0095000000000000015 0.00027993484734473514
0.019000000000000003 -0.0095000000000000015 0.00013022331254996982
0.019500000000000003 -0.0095000000000000015 5.9355006907136115e-05
0.019999999999999997 -0.0095000000000000015 2.6507137355440839e-05
0.020499999999999997 -0.0095000000000000015 1.1598588604118474e-05
0.021000000000000005 -0.0095000000000000015 4.9726089556038939e-06
0.021500000000000005 -0.0095000000000000015 2.088816639368556e-06
0.021999999999999999 -0.0095000000000000015 8.5971237128044391e-07
0.022499999999999999 -0.0095000000000000015 3.4669125054978089e-07
0.023000000000000007 -0.0095000000000000015 1.3698387078884669e-07
0.023500000000000007 -0.0095000000000000015 5.3031368427277781e-08
0.024 -0.0095000000000000015 2.011560416487711e-08
0.024500000000000001 -0.0095000000000000015 7.4760151952061923e-09
0.025000000000000001 -0.0095000000000000015 2.7223509871292104e-09
-0.025000000000000001 -0.0090000000000000011 3.971114798302569e-09
-0.024500000000000001 -0.0090000000000000011 1.0905322169837134e-08
-0.024 -0.0090000000000000011 2.9342790019951463e-08
-0.0235 -0.0090000000000000011 7.7357274257232032e-08
-0.023 -0.0090000000000000011 1.9981944980283512e-07
-0.022500000000000003 -0.0090000000000000011 5.0572125416938732e-07
-0.022000000000000002 -0.0090000000000000011 1.254069198283538e-06
-0.021500000000000002 -0.0090000000000000011 3.0469732619908656e-06
-0.021000000000000001 -0.0090000000000000011 7.2535837969203542e-06
-0.020500000000000001 -0.0090000000000000011 1.6918952428617103e-05
-0.02 -0.0090000000000000011 3.866616975933424e-05
-0.0195 -0.0090000000000000011 8.658161544806426e-05
-0.019 -0.0090000000000000011 0.00018995777032281073
-0.018500000000000003 -0.0090000000000000011 0.00040834316372390756
-0.018000000000000002 -0.0090000000000000011 0.00086006319373099879
-0.017500000000000002 -0.0090000000000000011 0.0017748934351088821
-0.017000000000000001 -0.0090000000000000011 0.0035888148305169326
-0.016500000000000001 -0.0090000000000000011 0.0071099519564163122
-0.016 -0.0090000000000000011 0.013801272426480786
-0.0155 -0.0090000000000000011 0.026248738627231646
-0.015000000000000001 -0.0090000000000000011 0.048914159513962947
-0.014500000000000001 -0.0090000000000000011 0.089309488059553188
-0.014 -0.0090000000000000011 0.15977081539263072
-0.0135 -0.0090000000000000011 0.28004908023520408
-0.012999999999999999 -0.0090000000000000011 0.48095860249034228
-0.012500000000000001 -0.0090000000000000011 0.80931593337758845
-0.012 -0.0090000000000000011 1.3343363940761601
-0.0115 -0.0090000000000000011 2.1555069120660368
-0.010999999999999999 -0.0090000000000000011 3.4116962286659365
-0.010499999999999999 -0.0090000000000000011 5.2908827615357605
-0.010000000000000002 -0.0090000000000000011 8.0393839130391775
-0.0095000000000000015 -0.0090000000000000011 11.968900206551881
-0.0090000000000000011 -0.0090000000000000011 17.459128875871446
-0.0085000000000000006 -0.0090000000000000011 24.953285920540189
-0.0080000000000000002 -0.0090000000000000011 34.943770331418825
-0.0074999999999999997 -0.0090000000000000011 47.945585777945489
-0.0069999999999999993 -0.0090000000000000011 64.456147289199521
-0.0064999999999999988 -0.0090000000000000011 84.901801287132685
-0.0059999999999999984 -0.0090000000000000011 109.5736965230231
-0.0054999999999999979 -0.0090000000000000011 138.55830725322778
-0.005000000000000001 -0.0090000000000000011 171.67050008169687
-0.0044999999999999971 -0.0090000000000000011 208.39899623558387
-0.0040000000000000001 -0.0090000000000000011 247.87482506348141
-0.0035000000000000031 -0.0090000000000000011 288.87241082210545
-0.0029999999999999992 -0.0090000000000000011 329.85005315210265
-0.0025000000000000022 -0.0090000000000000011 369.03189062652399
-0.0019999999999999983 -0.0090000000000000011 404.52753240573645
-0.0015000000000000013 -0.0090000000000000011 434.47932966918955
-0.00099999999999999742 -0.0090000000000000011 457.22187623271316
-0.00050000000000000044 -0.0090000000000000011 471.43490066018285
0 -0.0090000000000000011 476.27008824083163
0.00050000000000000044 -0.0090000000000000011 471.43490066018285
0.0010000000000000009 -0.0090000000000000011 457.22187623271316
0.0015000000000000013 -0.0090000000000000011 434.47932966918955
0.0020000000000000018 -0.0090000000000000011 404.52753240573622
0.0024999999999999988 -0.0090000000000000011 369.0318906265245
0.0030000000000000027 -0.0090000000000000011 329.85005315210253
0.0034999999999999996 -0.0090000000000000011 288.87241082210585
0.0040000000000000036 -0.0090000000000000011 247.87482506348098
0.0045000000000000005 -0.0090000000000000011 208.39899623558367
0.0049999999999999975 -0.0090000000000000011 171.67050008169701
0.0055000000000000014 -0.0090000000000000011 138.55830725322767
0.0059999999999999984 -0.0090000000000000011 109.5736965230231
0.0064999999999999988 -0.0090000000000000011 84.901801287132685
0.0069999999999999993 -0.0090000000000000011 64.456147289199521
0.0074999999999999997 -0.0090000000000000011 47.945585777945489
0.0080000000000000002 -0.0090000000000000011 34.943770331418825
0.0085000000000000006 -0.0090000000000000011 24.953285920540189
0.0090000000000000011 -0.0090000000000000011 17.459128875871446
0.0095000000000000015 -0.0090000000000000011 11.968900206551881
0.010000000000000002 -0.0090000000000000011 8.0393839130391775
0.010500000000000002 -0.0090000000000000011 5.2908827615357463
0.011000000000000003 -0.0090000000000000011 3.4116962286659245
0.011500000000000003 -0.0090000000000000011 2.1555069120660288
0.012000000000000004 -0.0090000000000000011 1.3343363940761555
0.012499999999999997 -0.0090000000000000011 0.80931593337759122
0.013000000000000005 -0.0090000000000000011 0.4809586024903405
0.013499999999999998 -0.0090000000000000011 0.28004908023520464
0.014000000000000005 -0.0090000000000000011 0.15977081539262986
0.014499999999999999 -0.0090000000000000011 0.089309488059553507
0.014999999999999999 -0.0090000000000000011 0.048914159513963031
0.0155 -0.0090000000000000011 0.026248738627231646
0.016000000000000007 -0.0090000000000000011 0.013801272426480641
0.016500000000000001 -0.0090000000000000011 0.0071099519564163122
0.017000000000000001 -0.0090000000000000011 0.0035888148305169326
0.017500000000000002 -0.0090000000000000011 0.0017748934351088821
0.017999999999999995 -0.0090000000000000011 0.00086006319373100476
0.018500000000000003 -0.0090000000000000011 0.00040834316372390756
0.019000000000000003 -0.0090000000000000011 0.00018995777032281008
0.019500000000000003 -0.0090000000000000011 8.6581615448063948e-05
0.019999999999999997 -0.0090000000000000011 3.8666169759334518e-05
0.020499999999999997 -0.0090000000000000011 1.6918952428617225e-05
0.021000000000000005 -0.0090000000000000011 7.2535837969203288e-06
0.021500000000000005 -0.0090000000000000011 3.0469732619908546e-06
0.021999999999999999 -0.0090000000000000011 1.2540691982835469e-06
0.022499999999999999 -0.0090000000000000011 5.0572125416938912e-07
0.023000000000000007 -0.0090000000000000011 1.9981944980283226e-07
0.023500000000000007 -0.0090000000000000011 7.7357274257231198e-08
0.024 -0.0090000000000000011 2.9342790019951463e-08
0.024500000000000001 -0.0090000000000000011 1.0905322169837134e-08
0.025000000000000001 -0.0090000000000000011 3.971114798302569e-09
-0.025000000000000001 -0.0085000000000000006 5.6756762430614784e-09
-0.024500000000000001 -0.0085000000000000006 1.5586323011546527e-08
-0.024 -0.0085000000000000006 4.1937890159349363e-08
-0.0235 -0.0085000000000000006 1.1056211316717277e-07
-0.023 -0.0085000000000000006 2.8558995691394564e-07
-0.022500000000000003 -0.0085000000000000006 7.2279706170351329e-07
-0.022000000000000002 -0.0085000000000000006 1.7923659016091521e-06
-0.021500000000000002 -0.0085000000000000006 4.3548561637445376e-06
-0.021000000000000001 -0.0085000000000000006 1.0367112341056971e-05
-0.020500000000000001 -0.0085000000000000006 2.4181244117554944e-05
-0.02 -0.0085000000000000006 5.5263237720309931e-05
-0.0195 -0.0085000000000000006 0.00012374591086979273
-0.019 -0.0085000000000000006 0.00027149524981422097
-0.018500000000000003 -0.0085000000000000006 0.00058362039655841954
-0.018000000000000002 -0.0085000000000000006 0.0012292367468896028
-0.017500000000000002 -0.0085000000000000006 0.0025367487507334803
-0.017000000000000001 -0.0085000000000000006 0.0051292778247101429
-0.016500000000000001 -0.0085000000000000006 0.010161827964678721
-0.016 -0.0085000000000000006 0.019725331050232754
-0.0155 -0.0085000000000000006 0.037515748046515598
-0.015000000000000001 -0.0085000000000000006 0.069910074929434574
-0.014500000000000001 -0.0085000000000000006 0.12764469560946887
-0.014 -0.0085000000000000006 0.22835084537121
-0.0135 -0.0085000000000000006 0.40025735651398814
-0.012999999999999999 -0.0085000000000000006 0.68740528861500361
-0.012500000000000001 -0.0085000000000000006 1.156706730856971
-0.012 -0.0085000000000000006 1.9070869911258963
-0.0115 -0.0085000000000000006 3.0807367688784391
-0.010999999999999999 -0.0085000000000000006 4.8761328284587933
-0.010499999999999999 -0.0085000000000000006 7.5619414496170947
-0.010000000000000002 -0.0085000000000000006 11.490209324492689
-0.0095000000000000015 -0.0085000000000000006 17.106431319219759
-0.0090000000000000011 -0.0085000000000000006 24.953285920540189
-0.0085000000000000006 -0.0085000000000000006 35.664235178007914
-0.0080000000000000002 -0.0085000000000000006 49.943035441283392
-0.0074999999999999997 -0.0085000000000000006 68.525750571569787
-0.0069999999999999993 -0.0085000000000000006 92.123306041153526
-0.0064999999999999988 -0.0085000000000000006 121.34505322396629
-0.0059999999999999984 -0.0085000000000000006 156.6071135707233
-0.0054999999999999979 -0.0085000000000000006 198.03307955038349
-0.005000000000000001 -0.0085000000000000006 245.3583511019749
-0.0044999999999999971 -0.0085000000000000006 297.85218813561994
-0.0040000000000000001 -0.0085000000000000006 354.2726230093308
-0.0035000000000000031 -0.0085000000000000006 412.86801380804565
-0.0029999999999999992 -0.0085000000000000006 471.4349006601833
-0.0025000000000000022 -0.0085000000000000006 527.43515132232108
-0.0019999999999999983 -0.0085000000000000006 578.16694352953959
-0.0015000000000000013 -0.0085000000000000006 620.97525122133413
-0.00099999999999999742 -0.0085000000000000006 653.47980920905161
-0.00050000000000000044 -0.0085000000000000006 673.79363270252588
0 -0.0085000000000000006 680.70427635703959
0.00050000000000000044 -0.0085000000000000006 673.79363270252588
0.0010000000000000009 -0.0085000000000000006 653.47980920905161
0.0015000000000000013 -0.0085000000000000006 620.97525122133413
0.0020000000000000018 -0.0085000000000000006 578.16694352953903
0.0024999999999999988 -0.0085000000000000006 527.43515132232176
0.0030000000000000027 -0.0085000000000000006 471.43490066018285
0.0034999999999999996 -0.0085000000000000006 412.86801380804604
0.0040000000000000036 -0.0085000000000000006 354.27262300933046
0.0045000000000000005 -0.0085000000000000006 297.85218813561966
0.0049999999999999975 -0.0085000000000000006 245.35835110197536
0.0055000000000000014 -0.0085000000000000006 198.03307955038315
0.0059999999999999984 -0.0085000000000000006 156.6071135707233
0.0064999999999999988 -0.0085000000000000006 121.34505322396629
0.0069999999999999993 -0.0085000000000000006 92.123306041153526
0.0074999999999999997 -0.0085000000000000006 68.525750571569787
0.0080000000000000002 -0.0085000000000000006 49.943035441283392
0.0085000000000000006 -0.0085000000000000006 35.664235178007914
0.0090000000000000011 -0.0085000000000000006 24.953285920540189
0.0095000000000000015 -0.0085000000000000006 17.106431319219759
0.010000000000000002 -0.0085000000000000006 11.490209324492689
0.010500000000000002 -0.0085000000000000006 7.5619414496170805
0.011000000000000003 -0.0085000000000000006 4.8761328284587853
0.011500000000000003 -0.0085000000000000006 3.080736768878428
0.012000000000000004 -0.0085000000000000006 1.9070869911258927
0.012499999999999997 -0.0085000000000000006 1.156706730856977
0.013000000000000005 -0.0085000000000000006 0.68740528861499861
0.013499999999999998 -0.0085000000000000006 0.40025735651398886
0.014000000000000005 -0.0085000000000000006 0.22835084537120914
0.014499999999999999 -0.0085000000000000006 0.12764469560946912
0.014999999999999999 -0.0085000000000000006 0.069910074929434685
0.0155 -0.0085000000000000006 0.037515748046515598
0.016000000000000007 -0.0085000000000000006 0.019725331050232543
0.016500000000000001 -0.0085000000000000006 0.010161827964678721
0.017000000000000001 -0.0085000000000000006 0.0051292778247101429
0.017500000000000002 -0.0085000000000000006 0.0025367487507334803
0.017999999999999995 -0.0085000000000000006 0.0012292367468896112
0.018500000000000003 -0.0085000000000000006 0.00058362039655841954
0.019000000000000003 -0.0085000000000000006 0.00027149524981422
0.019500000000000003 -0.0085000000000000006 0.00012374591086979187
0.019999999999999997 -0.0085000000000000006 5.5263237720310324e-05
0.020499999999999997 -0.0085000000000000006 2.4181244117555117e-05
0.021000000000000005 -0.0085000000000000006 1.0367112341056897e-05
0.021500000000000005 -0.0085000000000000006 4.3548561637445224e-06
0.021999999999999999 -0.0085000000000000006 1.7923659016091648e-06
0.022499999999999999 -0.0085000000000000006 7.2279706170351594e-07
0.023000000000000007 -0.0085000000000000006 2.8558995691394157e-07
0.023500000000000007 -0.0085000000000000006 1.105621131671712e-07
0.024 -0.0085000000000000006 4.1937890159349363e-08
0.024500000000000001 -0.0085000000000000006 1.5586323011546527e-08
0.025000000000000001 -0.0085000000000000006 5.6756762430614784e-09
-0.025000000000000001 -0.0080000000000000002 7.94803248536401e-09
-0.024500000000000001 -0.0080000000000000002 2.1826580008786193e-08
-0.024 -0.0080000000000000002 5.8728457910478089e-08
-0.0235 -0.0080000000000000002 1.5482758872609335e-07
-0.023 -0.0080000000000000002 3.9993089067063776e-07
-0.022500000000000003 -0.0080000000000000002 1.0121815059074666e-06
-0.022000000000000002 -0.0080000000000000002 2.509970935897521e-06
-0.021500000000000002 -0.0080000000000000002 6.0983989882867529e-06
-0.021000000000000001 -0.0080000000000000002 1.4517767070817524e-05
-0.020500000000000001 -0.0080000000000000002 3.3862628090846676e-05
-0.02 -0.0080000000000000002 7.7388841406234412e-05
-0.0195 -0.0080000000000000002 0.00017328975040224447
-0.019 -0.0080000000000000002 0.00038019312108991969
-0.018500000000000003 -0.0080000000000000002 0.00081728302889687928
-0.018000000000000002 -0.0080000000000000002 0.0017213831758683578
-0.017500000000000002 -0.0080000000000000002 0.0035523804767202106
-0.017000000000000001 -0.0080000000000000002 0.0071828739046015996
-0.016500000000000001 -0.0080000000000000002 0.014230293504264696
-0.016 -0.0080000000000000002 0.02762271230031323
-0.0155 -0.0080000000000000002 0.052535833866661955
-0.015000000000000001 -0.0080000000000000002 0.097899796041512915
-0.014500000000000001 -0.0080000000000000002 0.17874948179588618
-0.014 -0.0080000000000000002 0.31977509980233343
-0.0135 -0.0080000000000000002 0.56050738904781616
-0.012999999999999999 -0.0080000000000000002 0.9626200175181312
-0.012500000000000001 -0.0080000000000000002 1.6198144994844554
-0.012 -0.0080000000000000002 2.6706226198884986
-0.0115 -0.0080000000000000002 4.3141636113996453
-0.010999999999999999 -0.0080000000000000002 6.8283778820046939
-0.010499999999999999 -0.0080000000000000002 10.589496955090222
-0.010000000000000002 -0.0080000000000000002 16.09051557272052
-0.0095000000000000015 -0.0080000000000000002 23.95529026167085
-0.0090000000000000011 -0.0080000000000000002 34.943770331418825
-0.0085000000000000006 -0.0080000000000000002 49.943035441283392
-0.0080000000000000002 -0.0080000000000000002 69.938603103071245
-0.0074999999999999997 -0.0080000000000000002 95.96123321738412
-0.0069999999999999993 -0.0080000000000000002 129.00648270227447
-0.0064999999999999988 -0.0080000000000000002 169.92766741079663
-0.0059999999999999984 -0.0080000000000000002 219.30751029375097
-0.0054999999999999979 -0.0080000000000000002 277.31908622647603
-0.005000000000000001 -0.0080000000000000002 343.59185788616276
-0.0044999999999999971 -0.0080000000000000002 417.10252060848984
-0.0040000000000000001 -0.0080000000000000002 496.11186328599501
-0.0035000000000000031 -0.0080000000000000002 578.1669435295388
-0.0029999999999999992 -0.0080000000000000002 660.18210777300567
-0.0025000000000000022 -0.0080000000000000002 738.60303814149256
-0.0019999999999999983 -0.0080000000000000002 809.64619057582047
-0.0015000000000000013 -0.0080000000000000002 869.59355290005237
-0.00099999999999999742 -0.0080000000000000002 915.11187913027197
-0.00050000000000000044 -0.0080000000000000002 943.55869711525906
0 -0.0080000000000000002 953.2361378128312
0.00050000000000000044 -0.0080000000000000002 943.55869711525906
0.0010000000000000009 -0.0080000000000000002 915.11187913027197
0.0015000000000000013 -0.0080000000000000002 869.59355290005237
0.0020000000000000018 -0.0080000000000000002 809.64619057582013
0.0024999999999999988 -0.0080000000000000002 738.60303814149347
0.0030000000000000027 -0.0080000000000000002 660.18210777300499
0.0034999999999999996 -0.0080000000000000002 578.16694352953959
0.0040000000000000036 -0.0080000000000000002 496.11186328599439
0.0045000000000000005 -0.0080000000000000002 417.10252060848921
0.0049999999999999975 -0.0080000000000000002 343.59185788616333
0.0055000000000000014 -0.0080000000000000002 277.31908622647552
0.0059999999999999984 -0.0080000000000000002 219.30751029375097
0.0064999999999999988 -0.0080000000000000002 169.92766741079663
0.0069999999999999993 -0.0080000000000000002 129.00648270227447
0.0074999999999999997 -0.0080000000000000002 95.96123321738412
0.0080000000000000002 -0.0080000000000000002 69.938603103071245
0.0085000000000000006 -0.0080000000000000002 49.943035441283392
0.0090000000000000011 -0.0080000000000000002 34.943770331418825
0.0095000000000000015 -0.0080000000000000002 23.95529026167085
0.010000000000000002 -0.0080000000000000002 16.09051557272052
0.010500000000000002 -0.0080000000000000002 10.589496955090205
0.011000000000000003 -0.0080000000000000002 6.8283778820046752
0.011500000000000003 -0.0080000000000000002 4.3141636113996222
0.012000000000000004 -0.0080000000000000002 2.6706226198884937
0.012499999999999997 -0.0080000000000000002 1.619814499484461
0.013000000000000005 -0.0080000000000000002 0.96262001751812432
0.013499999999999998 -0.0080000000000000002 0.56050738904781727
0.014000000000000005 -0.0080000000000000002 0.31977509980233176
0.014499999999999999 -0.0080000000000000002 0.17874948179588682
0.014999999999999999 -0.0080000000000000002 0.097899796041513096
0.0155 -0.0080000000000000002 0.052535833866661955
0.016000000000000007 -0.0080000000000000002 0.027622712300312883
0.016500000000000001 -0.0080000000000000002 0.014230293504264696
0.017000000000000001 -0.0080000000000000002 0.0071828739046015996
0.017500000000000002 -0.0080000000000000002 0.0035523804767202106
0.017999999999999995 -0.0080000000000000002 0.001721383175868373
0.018500000000000003 -0.0080000000000000002 0.00081728302889687928
0.019000000000000003 -0.0080000000000000002 0.00038019312108991698
0.019500000000000003 -0.0080000000000000002 0.00017328975040224384
0.019999999999999997 -0.0080000000000000002 7.7388841406234954e-05
0.020499999999999997 -0.0080000000000000002 3.3862628090846919e-05
0.021000000000000005 -0.0080000000000000002 1.4517767070817419e-05
0.021500000000000005 -0.0080000000000000002 6.0983989882867317e-06
0.021999999999999999 -0.0080000000000000002 2.5099709358975303e-06
0.022499999999999999 -0.0080000000000000002 1.0121815059074702e-06
0.023000000000000007 -0.0080000000000000002 3.9993089067063204e-07
0.023500000000000007 -0.0080000000000000002 1.5482758872609168e-07
0.024 -0.0080000000000000002 5.8728457910478089e-08
0.024500000000000001 -0.0080000000000000002 2.1826580008786193e-08
0.025000000000000001 -0.0080000000000000002 7.94803248536401e-09
-0.025000000000000001 -0.0074999999999999997 1.0905322169837134e-08
-0.024500000000000001 -0.0074999999999999997 2.9947774785754261e-08
-0.024 -0.0074999999999999997 8.0580037289838991e-08
-0.0235 -0.0074999999999999997 2.1243556049202066e-07
-0.023 -0.0074999999999999997 5.4873645980492889e-07
-0.022500000000000003 -0.0074999999999999997 1.388792186820849e-06
-0.022000000000000002 -0.0074999999999999997 3.4438764239193212e-06
-0.021500000000000002 -0.0074999999999999997 8.3674803556656611e-06
-0.021000000000000001 -0.0074999999999999997 1.9919511827041352e-05
-0.020500000000000001 -0.0074999999999999997 4.6462174069881898e-05
-0.02 -0.0074999999999999997 0.00010618354283774246
-0.0195 -0.0074999999999999997 0.00023776709020088805
-0.019 -0.0074999999999999997 0.0005216546962882189
-0.018500000000000003 -0.0074999999999999997 0.0011213762337374941
-0.018000000000000002 -0.0074999999999999997 0.0023618723432686176
-0.017500000000000002 -0.0074999999999999997 0.0048741438387187395
-0.017000000000000001 -0.0074999999999999997 0.0098554647554902151
-0.016500000000000001 -0.0074999999999999997 0.019525075610991198
-0.016 -0.0074999999999999997 0.037900521593784292
-0.0155 -0.0074999999999999997 0.072083272788831476
-0.015000000000000001 -0.0074999999999999997 0.13432617671858277
-0.014500000000000001 -0.0074999999999999997 0.24525826866777037
-0.014 -0.0074999999999999997 0.43875644590757418
-0.0135 -0.0074999999999999997 0.76905997394910264
-0.012999999999999999 -0.0074999999999999997 1.3207899486445882
-0.012500000000000001 -0.0074999999999999997 2.2225121757843938
-0.012 -0.0074999999999999997 3.6643030986057523
-0.0115 -0.0074999999999999997 5.9193698770528247
-0.010999999999999999 -0.0074999999999999997 9.3690684880537063
-0.010499999999999999 -0.0074999999999999997 14.529618006018881
-0.010000000000000002 -0.0074999999999999997 22.077445773205319
-0.0095000000000000015 -0.0074999999999999997 32.868531734935097
-0.0090000000000000011 -0.0074999999999999997 47.945585777945489
-0.0085000000000000006 -0.0074999999999999997 68.525750571569787
-0.0080000000000000002 -0.0074999999999999997 95.96123321738412
-0.0074999999999999997 -0.0074999999999999997 131.6663169127095
-0.0069999999999999993 -0.0074999999999999997 177.00698360965347
-0.0064999999999999988 -0.0074999999999999997 233.15404939475357
-0.0059999999999999984 -0.0074999999999999997 300.90705573011849
-0.0054999999999999979 -0.0074999999999999997 380.50347488055695
-0.005000000000000001 -0.0074999999999999997 471.43490066018313
-0.0044999999999999971 -0.0074999999999999997 572.29727903891148
-0.0040000000000000001 -0.0074999999999999997 680.70427635703993
-0.0035000000000000031 -0.0074999999999999997 793.29026381689118
-0.0029999999999999992 -0.0074999999999999997 905.82148340288506
-0.0025000000000000022 -0.0074999999999999997 1013.4211330144763
-0.0019999999999999983 -0.0074999999999999997 1110.8978942989652
-0.0015000000000000013 -0.0074999999999999997 1193.1503637725805
-0.00099999999999999742 -0.0074999999999999997 1255.6050672588053
-0.00050000000000000044 -0.0074999999999999997 1294.6363263036396
0 -0.0074999999999999997 1307.9145317942259
0.00050000000000000044 -0.0074999999999999997 1294.6363263036396
0.0010000000000000009 -0.0074999999999999997 1255.6050672588049
0.0015000000000000013 -0.0074999999999999997 1193.1503637725805
0.0020000000000000018 -0.0074999999999999997 1110.8978942989645
0.0024999999999999988 -0.0074999999999999997 1013.4211330144775
0.0030000000000000027 -0.0074999999999999997 905.82148340288427
0.0034999999999999996 -0.0074999999999999997 793.29026381689198
0.0040000000000000036 -0.0074999999999999997 680.70427635703936
0.0045000000000000005 -0.0074999999999999997 572.29727903891092
0.0049999999999999975 -0.0074999999999999997 471.43490066018393
0.0055000000000000014 -0.0074999999999999997 380.5034748805565
0.0059999999999999984 -0.0074999999999999997 300.90705573011849
0.0064999999999999988 -0.0074999999999999997 233.15404939475357
0.0069999999999999993 -0.0074999999999999997 177.00698360965347
0.0074999999999999997 -0.0074999999999999997 131.6663169127095
0.0080000000000000002 -0.0074999999999999997 95.96123321738412
0.0085000000000000006 -0.0074999999999999997 68.525750571569787
0.0090000000000000011 -0.0074999999999999997 47.945585777945489
0.0095000000000000015 -0.0074999999999999997 32.868531734935097
0.010000000000000002 -0.0074999999999999997 22.077445773205319
0.010500000000000002 -0.0074999999999999997 14.529618006018845
0.011000000000000003 -0.0074999999999999997 9.3690684880536796
0.011500000000000003 -0.0074999999999999997 5.9193698770527989
0.012000000000000004 -0.0074999999999999997 3.6643030986057461
0.012499999999999997 -0.0074999999999999997 2.2225121757844017
0.013000000000000005 -0.0074999999999999997 1.3207899486445813
0.013499999999999998 -0.0074999999999999997 0.76905997394910397
0.014000000000000005 -0.0074999999999999997 0.4387564459075719
0.014499999999999999 -0.0074999999999999997 0.24525826866777081
0.014999999999999999 -0.0074999999999999997 0.13432617671858299
0.0155 -0.0074999999999999997 0.072083272788831476
0.016000000000000007 -0.0074999999999999997 0.037900521593783883
0.016500000000000001 -0.0074999999999999997 0.019525075610991198
0.017000000000000001 -0.0074999999999999997 0.0098554647554902151
0.017500000000000002 -0.0074999999999999997 0.0048741438387187395
0.017999999999999995 -0.0074999999999999997 0.0023618723432686389
0.018500000000000003 -0.0074999999999999997 0.0011213762337374941
0.019000000000000003 -0.0074999999999999997 0.00052165469628821706
0.019500000000000003 -0.0074999999999999997 0.00023776709020088723
0.019999999999999997 -0.0074999999999999997 0.0001061835428377432
0.020499999999999997 -0.0074999999999999997 4.646217406988223e-05
0.021000000000000005 -0.0074999999999999997 1.9919511827041284e-05
0.021500000000000005 -0.0074999999999999997 8.3674803556656323e-06
0.021999999999999999 -0.0074999999999999997 3.4438764239193453e-06
0.022499999999999999 -0.0074999999999999997 1.3887921868208539e-06
0.023000000000000007 -0.0074999999999999997 5.4873645980492116e-07
0.023500000000000007 -0.0074999999999999997 2.1243556049201841e-07
0.024 -0.0074999999999999997 8.0580037289838991e-08
0.024500000000000001 -0.0074999999999999997 2.9947774785754261e-08
0.025000000000000001 -0.0074999999999999997 1.0905322169837134e-08
-0.025000000000000001 -0.0069999999999999993 1.4660683368656002e-08
-0.024500000000000001 -0.0069999999999999993 4.0260602749008026e-08
-0.024 -0.0069999999999999993 1.0832861185965917e-07
-0.0235 -0.0069999999999999993 2.8558995691394564e-07
-0.023 -0.0069999999999999993 7.376995713421836e-07
-0.022500000000000003 -0.0069999999999999993 1.8670372317985197e-06
-0.022000000000000002 -0.0069999999999999993 4.629811116585721e-06
-0.021500000000000002 -0.0069999999999999993 1.1248909310278124e-05
-0.021000000000000001 -0.0069999999999999993 2.6779003059825619e-05
-0.020500000000000001 -0.0069999999999999993 6.2461907319157235e-05
-0.02 -0.0069999999999999993 0.00014274895104080237
-0.0195 -0.0069999999999999993 0.00031964466254498107
-0.019 -0.0069999999999999993 0.00070129192067401396
-0.018500000000000003 -0.0069999999999999993 0.0015075338118329896
-0.018000000000000002 -0.0069999999999999993 0.0031752076685657364
-0.017500000000000002 -0.0069999999999999993 0.0065526060028181761
-0.017000000000000001 -0.0069999999999999993 0.013249296626084765
-0.016500000000000001 -0.0069999999999999993 0.026248738627231646
-0.016 -0.0069999999999999993 0.050951960697707598
-0.0155 -0.0069999999999999993 0.096905898062918022
-0.015000000000000001 -0.0069999999999999993 0.18058279382521725
-0.014500000000000001 -0.0069999999999999993 0.32971550628995788
-0.014 -0.0069999999999999993 0.58984679491627234
-0.0135 -0.0069999999999999993 1.0338937808513191
-0.012999999999999999 -0.0069999999999999993 1.7756177150950614
-0.012500000000000001 -0.0069999999999999993 2.9878573768577024
-0.012 -0.0069999999999999993 4.9261440110435828
-0.0115 -0.0069999999999999993 7.9577665068401844
-0.010999999999999999 -0.0069999999999999993 12.595404741230066
-0.010499999999999999 -0.0069999999999999993 19.533043200038453
-0.010000000000000002 -0.0069999999999999993 29.680044021521059
-0.0095000000000000015 -0.0069999999999999993 44.187152754763773
-0.0090000000000000011 -0.0069999999999999993 64.456147289199521
-0.0085000000000000006 -0.0069999999999999993 92.123306041153526
-0.0080000000000000002 -0.0069999999999999993 129.00648270227447
-0.0074999999999999997 -0.0069999999999999993 177.00698360965347
-0.0069999999999999993 -0.0069999999999999993 237.96118081862826
-0.0064999999999999988 -0.0069999999999999993 313.44307312174664
-0.0059999999999999984 -0.0069999999999999993 404.52753240573679
-0.0054999999999999979 -0.0069999999999999993 511.53380698156025
-0.005000000000000001 -0.0069999999999999993 633.77841570140049
-0.0044999999999999971 -0.0069999999999999993 769.37380391561248
-0.0040000000000000001 -0.0069999999999999993 915.11187913027197
-0.0035000000000000031 -0.0069999999999999993 1066.4680232395854
-0.0029999999999999992 -0.0069999999999999993 1217.7505395876183
-0.0025000000000000022 -0.0069999999999999993 1362.4032485095991
-0.0019999999999999983 -0.0069999999999999993 1493.4471471434797
-0.0015000000000000013 -0.0069999999999999993 1604.0241106171529
-0.00099999999999999742 -0.0069999999999999993 1687.9857413177444
-0.00050000000000000044 -0.0069999999999999993 1740.4578206772167
0 -0.0069999999999999993 1758.3085144366239
0.00050000000000000044 -0.0069999999999999993 1740.4578206772167
0.0010000000000000009 -0.0069999999999999993 1687.9857413177438
0.0015000000000000013 -0.0069999999999999993 1604.0241106171529
0.0020000000000000018 -0.0069999999999999993 1493.447147143479
0.0024999999999999988 -0.0069999999999999993 1362.4032485095995
0.0030000000000000027 -0.0069999999999999993 1217.7505395876171
0.0034999999999999996 -0.0069999999999999993 1066.4680232395863
0.0040000000000000036 -0.0069999999999999993 915.11187913027072
0.0045000000000000005 -0.0069999999999999993 769.37380391561112
0.0049999999999999975 -0.0069999999999999993 633.77841570140163
0.0055000000000000014 -0.0069999999999999993 511.53380698155956
0.0059999999999999984 -0.0069999999999999993 404.52753240573679
0.0064999999999999988 -0.0069999999999999993 313.44307312174664
0.0069999999999999993 -0.0069999999999999993 237.96118081862826
0.0074999999999999997 -0.0069999999999999993 177.00698360965347
0.0080000000000000002 -0.0069999999999999993 129.00648270227447
0.0085000000000000006 -0.0069999999999999993 92.123306041153526
0.0090000000000000011 -0.0069999999999999993 64.456147289199521
0.0095000000000000015 -0.0069999999999999993 44.187152754763773
0.010000000000000002 -0.0069999999999999993 29.680044021521059
0.010500000000000002 -0.0069999999999999993 19.533043200038399
0.011000000000000003 -0.0069999999999999993 12.595404741230022
0.011500000000000003 -0.0069999999999999993 7.957766506840156
0.012000000000000004 -0.0069999999999999993 4.926144011043565
0.012499999999999997 -0.0069999999999999993 2.9878573768577135
0.013000000000000005 -0.0069999999999999993 1.7756177150950521
0.013499999999999998 -0.0069999999999999993 1.0338937808513191
0.014000000000000005 -0.0069999999999999993 0.58984679491626812
0.014499999999999999 -0.0069999999999999993 0.32971550628995849
0.014999999999999999 -0.0069999999999999993 0.18058279382521758
0.0155 -0.0069999999999999993 0.096905898062918022
0.016000000000000007 -0.0069999999999999993 0.050951960697706966
0.016500000000000001 -0.0069999999999999993 0.026248738627231646
0.017000000000000001 -0.0069999999999999993 0.013249296626084765
0.017500000000000002 -0.0069999999999999993 0.0065526060028181761
0.017999999999999995 -0.0069999999999999993 0.0031752076685657646
0.018500000000000003 -0.0069999999999999993 0.0015075338118329896
0.019000000000000003 -0.0069999999999999993 0.00070129192067400897
0.019500000000000003 -0.0069999999999999993 0.00031964466254497993
0.019999999999999997 -0.0069999999999999993 0.00014274895104080337
0.020499999999999997 -0.0069999999999999993 6.2461907319157669e-05
0.021000000000000005 -0.0069999999999999993 2.6779003059825328e-05
0.021500000000000005 -0.0069999999999999993 1.1248909310278084e-05
0.021999999999999999 -0.0069999999999999993 4.6298111165857379e-06
0.022499999999999999 -0.0069999999999999993 1.8670372317985328e-06
0.023000000000000007 -0.0069999999999999993 7.3769957134217577e-07
0.023500000000000007 -0.0069999999999999993 2.8558995691394157e-07
0.024 -0.0069999999999999993 1.0832861185965917e-07
0.024500000000000001 -0.0069999999999999993 4.0260602749008026e-08
0.025000000000000001 -0.0069999999999999993 1.4660683368656002e-08
-0.025000000000000001 -0.0064999999999999988 1.9311089453026819e-08
-0.024500000000000001 -0.0064999999999999988 5.3031368427278529e-08
-0.024 -0.0064999999999999988 1.4269072329988369e-07
-0.0235 -0.0064999999999999988 3.7617981823700379e-07
-0.023 -0.0064999999999999988 9.7169975323970249e-07
-0.022500000000000003 -0.0064999999999999988 2.4592661944037352e-06
-0.022000000000000002 -0.0064999999999999988 6.0983989882867529e-06
-0.021500000000000002 -0.0064999999999999988 1.4817091978413092e-05
-0.021000000000000001 -0.0064999999999999988 3.5273370998297255e-05
-0.020500000000000001 -0.0064999999999999988 8.2274983322110537e-05
-0.02 -0.0064999999999999988 0.00018802928168875599
-0.0195 -0.0064999999999999988 0.0004210367631829274
-0.019 -0.0064999999999999988 0.00092374350310127319
-0.018500000000000003 -0.0064999999999999988 0.0019857273744831021
-0.018000000000000002 -0.0064999999999999988 0.004182391623756266
-0.017500000000000002 -0.0064999999999999988 0.008631109307046067
-0.017000000000000001 -0.0064999999999999988 0.017452007242924637
-0.016500000000000001 -0.0064999999999999988 0.034574905337858008
-0.016 -0.0064999999999999988 0.067114052332932786
-0.0155 -0.0064999999999999988 0.12764469560946912
-0.015000000000000001 -0.0064999999999999988 0.23786411571317892
-0.014500000000000001 -0.0064999999999999988 0.43430210419987275
-0.014 -0.0064999999999999988 0.77694769976152034
-0.0135 -0.0064999999999999988 1.3618475199889823
-0.012999999999999999 -0.0064999999999999988 2.338848174286928
-0.012500000000000001 -0.0064999999999999988 3.9356133426046771
-0.012 -0.0064999999999999988 6.4887294312035682
-0.0115 -0.0064999999999999988 10.481990299881852
-0.010999999999999999 -0.0064999999999999988 16.590699187664779
-0.010499999999999999 -0.0064999999999999988 25.728974225869191
-0.010000000000000002 -0.0064999999999999988 39.094629537852853
-0.0095000000000000015 -0.0064999999999999988 58.203430090177811
-0.0090000000000000011 -0.0064999999999999988 84.901801287132685
-0.0085000000000000006 -0.0064999999999999988 121.34505322396629
-0.0080000000000000002 -0.0064999999999999988 169.92766741079663
-0.0074999999999999997 -0.0064999999999999988 233.15404939475357
-0.0069999999999999993 -0.0064999999999999988 313.44307312174664
-0.0064999999999999988 -0.0064999999999999988 412.86801380804673
-0.0059999999999999984 -0.0064999999999999988 532.8446954390181
-0.0054999999999999979 -0.0064999999999999988 673.79363270252747
-0.005000000000000001 -0.0064999999999999988 834.81454249082151
-0.0044999999999999971 -0.0064999999999999988 1013.4211330144784
-0.0040000000000000001 -0.0064999999999999988 1205.3876966740718
-0.0035000000000000031 -0.0064999999999999988 1404.7543949829042
-0.0029999999999999992 -0.0064999999999999988 1604.0241106171536
-0.0025000000000000022 -0.0064999999999999988 1794.561027033152
-0.0019999999999999983 -0.0064999999999999988 1967.1723838954506
-0.0015000000000000013 -0.0064999999999999988 2112.8246416646562
-0.00099999999999999742 -0.0064999999999999988 2223.4191153538968
-0.00050000000000000044 -0.0064999999999999988 2292.5354718576787
0 -0.0064999999999999988 2316.0484511178056
0.00050000000000000044 -0.0064999999999999988 2292.5354718576787
0.0010000000000000009 -0.0064999999999999988 2223.4191153538954
0.0015000000000000013 -0.0064999999999999988 2112.8246416646562
0.0020000000000000018 -0.0064999999999999988 1967.1723838954497
0.0024999999999999988 -0.0064999999999999988 1794.5610270331529
0.0030000000000000027 -0.0064999999999999988 1604.0241106171529
0.0034999999999999996 -0.0064999999999999988 1404.7543949829055
0.0040000000000000036 -0.0064999999999999988 1205.3876966740704
0.0045000000000000005 -0.0064999999999999988 1013.4211330144775
0.0049999999999999975 -0.0064999999999999988 834.81454249082265
0.0055000000000000014 -0.0064999999999999988 673.79363270252657
0.0059999999999999984 -0.0064999999999999988 532.8446954390181
0.0064999999999999988 -0.0064999999999999988 412.86801380804673
0.0069999999999999993 -0.0064999999999999988 313.44307312174664
0.0074999999999999997 -0.0064999999999999988 233.15404939475357
0.0080000000000000002 -0.0064999999999999988 169.92766741079663
0.0085000000000000006 -0.0064999999999999988 121.34505322396629
0.0090000000000000011 -0.0064999999999999988 84.901801287132685
0.0095000000000000015 -0.0064999999999999988 58.203430090177811
0.010000000000000002 -0.0064999999999999988 39.094629537852853
0.010500000000000002 -0.0064999999999999988 25.728974225869123
0.011000000000000003 -0.0064999999999999988 16.590699187664736
0.011500000000000003 -0.0064999999999999988 10.481990299881806
0.012000000000000004 -0.0064999999999999988 6.4887294312035513
0.012499999999999997 -0.0064999999999999988 3.9356133426046984
0.013000000000000005 -0.0064999999999999988 2.3388481742869116
0.013499999999999998 -0.0064999999999999988 1.3618475199889848
0.014000000000000005 -0.0064999999999999988 0.77694769976151756
0.014499999999999999 -0.0064999999999999988 0.43430210419987358
0.014999999999999999 -0.0064999999999999988 0.23786411571317936
0.0155 -0.0064999999999999988 0.12764469560946912
0.016000000000000007 -0.0064999999999999988 0.067114052332932078
0.016500000000000001 -0.0064999999999999988 0.034574905337858008
0.017000000000000001 -0.0064999999999999988 0.017452007242924637
0.017500000000000002 -0.0064999999999999988 0.008631109307046067
0.017999999999999995 -0.0064999999999999988 0.0041823916237563033
0.018500000000000003 -0.0064999999999999988 0.0019857273744831021
0.019000000000000003 -0.0064999999999999988 0.00092374350310126668
0.019500000000000003 -0.0064999999999999988 0.00042103676318292594
0.019999999999999997 -0.0064999999999999988 0.00018802928168875735
0.020499999999999997 -0.0064999999999999988 8.2274983322111106e-05
0.021000000000000005 -0.0064999999999999988 3.5273370998297004e-05
0.021500000000000005 -0.0064999999999999988 1.4817091978413037e-05
0.021999999999999999 -0.0064999999999999988 6.098398988286819e-06
0.022499999999999999 -0.0064999999999999988 2.4592661944037525e-06
0.023000000000000007 -0.0064999999999999988 9.716997532396919e-07
0.023500000000000007 -0.0064999999999999988 3.7617981823699844e-07
0.024 -0.0064999999999999988 1.4269072329988369e-07
0.024500000000000001 -0.0064999999999999988 5.3031368427278529e-08
0.025000000000000001 -0.0064999999999999988 1.9311089453026819e-08
-0.025000000000000001 -0.0059999999999999984 2.4922762805688552e-08
-0.024500000000000001 -0.0059999999999999984 6.8441929171789034e-08
-0.024 -0.0059999999999999984 1.8415569251157563e-07
-0.0235 -0.0059999999999999984 4.8549515577632904e-07
-0.023 -0.0059999999999999984 1.2540691982835469e-06
-0.022500000000000003 -0.0059999999999999984 3.1739124914863772e-06
-0.022000000000000002 -0.0059999999999999984 7.870552919825047e-06
-0.021500000000000002 -0.0059999999999999984 1.9122839741710102e-05
-0.021000000000000001 -0.0059999999999999984 4.552357653803047e-05
-0.020500000000000001 -0.0059999999999999984 0.00010618354283774207
-0.02 -0.0059999999999999984 0.00024266933253309353
-0.0195 -0.0059999999999999984 0.00054338722871164922
-0.019 -0.0059999999999999984 0.0011921771828093456
-0.018500000000000003 -0.0059999999999999984 0.0025627664597270049
-0.018000000000000002 -0.0059999999999999984 0.0053977666383311059
-0.017500000000000002 -0.0059999999999999984 0.011139251906668783
-0.017000000000000001 -0.0059999999999999984 0.022523443747519679
-0.016500000000000001 -0.0059999999999999984 0.044622141431254446
-0.016 -0.0059999999999999984 0.086616946769933881
-0.0155 -0.0059999999999999984 0.16473738987214359
-0.015000000000000001 -0.0059999999999999984 0.30698583579784638
-0.014500000000000001 -0.0059999999999999984 0.56050738904781616
-0.014 -0.0059999999999999984 1.00272350147219
-0.0135 -0.0059999999999999984 1.7575912949272141
-0.012999999999999999 -0.0059999999999999984 3.0185018006394437
-0.012500000000000001 -0.0059999999999999984 5.0792762402778671
-0.012 -0.0059999999999999984 8.3743107771079011
-0.0115 -0.0059999999999999984 13.527986528721566
-0.010999999999999999 -0.0059999999999999984 21.411845335835782
-0.010499999999999999 -0.0059999999999999984 33.205641940854136
-0.010000000000000002 -0.0059999999999999984 50.45526723482984
-0.0095000000000000015 -0.0059999999999999984 75.116957339121782
-0.0090000000000000011 -0.0059999999999999984 109.5736965230231
-0.0085000000000000006 -0.0059999999999999984 156.6071135707233
-0.0080000000000000002 -0.0059999999999999984 219.30751029375097
-0.0074999999999999997 -0.0059999999999999984 300.90705573011849
-0.0069999999999999993 -0.0059999999999999984 404.52753240573679
-0.0064999999999999988 -0.0059999999999999984 532.8446954390181
-0.0059999999999999984 -0.0059999999999999984 687.685797789856
-0.0054999999999999979 -0.0059999999999999984 869.59355290005385
-0.005000000000000001 -0.0059999999999999984 1077.406061416026
-0.0044999999999999971 -0.0059999999999999984 1307.9145317942282
-0.0040000000000000001 -0.0059999999999999984 1555.6652940880288
-0.0035000000000000031 -0.0059999999999999984 1812.9666206336162
-0.0029999999999999992 -0.0059999999999999984 2070.1427819884589
-0.0025000000000000022 -0.0059999999999999984 2316.0484511178051
-0.0019999999999999983 -0.0059999999999999984 2538.8195130566669
-0.0015000000000000013 -0.0059999999999999984 2726.797342133832
-0.00099999999999999742 -0.0059999999999999984 2869.529829706918
-0.00050000000000000044 -0.0059999999999999984 2958.7309368390265
0 -0.0059999999999999984 2989.0766305079756
0.00050000000000000044 -0.0059999999999999984 2958.7309368390265
0.0010000000000000009 -0.0059999999999999984 2869.5298297069171
0.0015000000000000013 -0.0059999999999999984 2726.797342133832
0.0020000000000000018 -0.0059999999999999984 2538.8195130566655
0.0024999999999999988 -0.0059999999999999984 2316.0484511178065
0.0030000000000000027 -0.0059999999999999984 2070.142781988457
0.0034999999999999996 -0.0059999999999999984 1812.966620633618
0.0040000000000000036 -0.0059999999999999984 1555.6652940880267
0.0045000000000000005 -0.0059999999999999984 1307.9145317942264
0.0049999999999999975 -0.0059999999999999984 1077.4060614160273
0.0055000000000000014 -0.0059999999999999984 869.59355290005237
0.0059999999999999984 -0.0059999999999999984 687.685797789856
0.0064999999999999988 -0.0059999999999999984 532.8446954390181
0.0069999999999999993 -0.0059999999999999984 404.52753240573679
0.0074999999999999997 -0.0059999999999999984 300.90705573011849
0.0080000000000000002 -0.0059999999999999984 219.30751029375097
0.0085000000000000006 -0.0059999999999999984 156.6071135707233
0.0090000000000000011 -0.0059999999999999984 109.5736965230231
0.0095000000000000015 -0.0059999999999999984 75.116957339121782
0.010000000000000002 -0.0059999999999999984 50.45526723482984
0.010500000000000002 -0.0059999999999999984 33.205641940854022
0.011000000000000003 -0.0059999999999999984 21.411845335835704
0.011500000000000003 -0.0059999999999999984 13.527986528721518
0.012000000000000004 -0.0059999999999999984 8.3743107771078709
0.012499999999999997 -0.0059999999999999984 5.0792762402778902
0.013000000000000005 -0.0059999999999999984 3.0185018006394282
0.013499999999999998 -0.0059999999999999984 1.7575912949272168
0.014000000000000005 -0.0059999999999999984 1.0027235014721847
0.014499999999999999 -0.0059999999999999984 0.56050738904781727
0.014999999999999999 -0.0059999999999999984 0.30698583579784749
0.0155 -0.0059999999999999984 0.16473738987214359
0.016000000000000007 -0.0059999999999999984 0.086616946769932798
0.016500000000000001 -0.0059999999999999984 0.044622141431254446
0.017000000000000001 -0.0059999999999999984 0.022523443747519679
0.017500000000000002 -0.0059999999999999984 0.011139251906668783
0.017999999999999995 -0.0059999999999999984 0.0053977666383311536
0.018500000000000003 -0.0059999999999999984 0.0025627664597270049
0.019000000000000003 -0.0059999999999999984 0.0011921771828093414
0.019500000000000003 -0.0059999999999999984 0.00054338722871164532
0.019999999999999997 -0.0059999999999999984 0.00024266933253309445
0.020499999999999997 -0.0059999999999999984 0.0001061835428377432
0.021000000000000005 -0.0059999999999999984 4.5523576538029975e-05
0.021500000000000005 -0.0059999999999999984 1.9122839741710031e-05
0.021999999999999999 -0.0059999999999999984 7.8705529198250741e-06
0.022499999999999999 -0.0059999999999999984 3.1739124914863887e-06
0.023000000000000007 -0.0059999999999999984 1.2540691982835291e-06
0.023500000000000007 -0.0059999999999999984 4.8549515577632216e-07
0.024 -0.0059999999999999984 1.8415569251157563e-07
0.024500000000000001 -0.0059999999999999984 6.8441929171789034e-08
0.025000000000000001 -0.0059999999999999984 2.4922762805688552e-08
-0.025000000000000001 -0.0054999999999999979 3.1515372174236451e-08
-0.024500000000000001 -0.0054999999999999979 8.6546298537950977e-08
-0.024 -0.0054999999999999979 2.3286885297411199e-07
-0.0235 -0.0054999999999999979 6.1391911652698457e-07
-0.023 -0.0054999999999999979 1.5857976029499992e-06
-0.022500000000000003 -0.0054999999999999979 4.0134809369858609e-06
-0.022000000000000002 -0.0054999999999999979 9.952484257832541e-06
-0.021500000000000002 -0.0054999999999999979 2.4181244117554944e-05
-0.021000000000000001 -0.0054999999999999979 5.7565546343477778e-05
-0.020500000000000001 -0.0054999999999999979 0.00013427138465349481
-0.02 -0.0054999999999999979 0.00030686061532104282
-0.0195 -0.0054999999999999979 0.00068712489386071689
-0.019 -0.0054999999999999979 0.0015075338118329977
-0.018500000000000003 -0.0054999999999999979 0.0032406735723341305
-0.018000000000000002 -0.0054999999999999979 0.0068255925654379778
-0.017500000000000002 -0.0054999999999999979 0.01408582476663108
-0.017000000000000001 -0.0054999999999999979 0.028481381373438416
-0.016500000000000001 -0.0054999999999999979 0.056425662170023219
-0.016 -0.0054999999999999979 0.10952900107156006
-0.0155 -0.0054999999999999979 0.20831398963713166
-0.015000000000000001 -0.0054999999999999979 0.38819022364486527
-0.014500000000000001 -0.0054999999999999979 0.70877370659000838
-0.014 -0.0054999999999999979 1.2679655374939718
-0.0135 -0.0054999999999999979 2.2225121757843977
-0.012999999999999999 -0.0054999999999999979 3.8169607598256312
-0.012500000000000001 -0.0054999999999999979 6.4228545741957896
-0.012 -0.0054999999999999979 10.589496955090222
-0.0115 -0.0054999999999999979 17.106431319219805
-0.010999999999999999 -0.0054999999999999979 27.075741159083361
-0.010499999999999999 -0.0054999999999999979 41.989251842159142
-0.010000000000000002 -0.0054999999999999979 63.801775808470246
-0.0095000000000000015 -0.0054999999999999979 94.987015909742013
-0.0090000000000000011 -0.0054999999999999979 138.55830725322778
-0.0085000000000000006 -0.0054999999999999979 198.03307955038349
-0.0080000000000000002 -0.0054999999999999979 277.31908622647603
-0.0074999999999999997 -0.0054999999999999979 380.50347488055695
-0.0069999999999999993 -0.0054999999999999979 511.53380698156025
-0.0064999999999999988 -0.0054999999999999979 673.79363270252747
-0.0059999999999999984 -0.0054999999999999979 869.59355290005385
-0.0054999999999999979 -0.0054999999999999979 1099.6198404498934
-0.005000000000000001 -0.0054999999999999979 1362.4032485095995
-0.0044999999999999971 -0.0054999999999999979 1653.8861908270896
-0.0040000000000000001 -0.0054999999999999979 1967.1723838954515
-0.0035000000000000031 -0.0054999999999999979 2292.5354718576773
-0.0029999999999999992 -0.0054999999999999979 2617.7402857312582
-0.0025000000000000022 -0.0054999999999999979 2928.693318618813
-0.0019999999999999983 -0.0054999999999999979 3210.3921407514317
-0.0015000000000000013 -0.0054999999999999979 3448.0941680130195
-0.00099999999999999742 -0.0054999999999999979 3628.5824831445057
-0.00050000000000000044 -0.0054999999999999979 3741.3792108403882
0 -0.0054999999999999979 3779.7519962863112
0.00050000000000000044 -0.0054999999999999979 3741.3792108403882
0.0010000000000000009 -0.0054999999999999979 3628.5824831445047
0.0015000000000000013 -0.0054999999999999979 3448.0941680130195
0.0020000000000000018 -0.0054999999999999979 3210.3921407514304
0.0024999999999999988 -0.0054999999999999979 2928.6933186188144
0.0030000000000000027 -0.0054999999999999979 2617.7402857312559
0.0034999999999999996 -0.0054999999999999979 2292.5354718576796
0.0040000000000000036 -0.0054999999999999979 1967.1723838954485
0.0045000000000000005 -0.0054999999999999979 1653.8861908270883
0.0049999999999999975 -0.0054999999999999979 1362.4032485096022
0.0055000000000000014 -0.0054999999999999979 1099.6198404498914
0.0059999999999999984 -0.0054999999999999979 869.59355290005385
0.0064999999999999988 -0.0054999999999999979 673.79363270252747
0.0069999999999999993 -0.0054999999999999979 511.53380698156025
0.0074999999999999997 -0.0054999999999999979 380.50347488055695
0.0080000000000000002 -0.0054999999999999979 277.31908622647603
0.0085000000000000006 -0.0054999999999999979 198.03307955038349
0.0090000000000000011 -0.0054999999999999979 138.55830725322778
0.0095000000000000015 -0.0054999999999999979 94.987015909742013
0.010000000000000002 -0.0054999999999999979 63.801775808470246
0.010500000000000002 -0.0054999999999999979 41.989251842158993
0.011000000000000003 -0.0054999999999999979 27.075741159083265
0.011500000000000003 -0.0054999999999999979 17.106431319219759
0.012000000000000004 -0.0054999999999999979 10.589496955090187
0.012499999999999997 -0.0054999999999999979 6.422854574195819
0.013000000000000005 -0.0054999999999999979 3.8169607598256108
0.013499999999999998 -0.0054999999999999979 2.2225121757844017
0.014000000000000005 -0.0054999999999999979 1.2679655374939629
0.014499999999999999 -0.0054999999999999979 0.70877370659001082
0.014999999999999999 -0.0054999999999999979 0.38819022364486661
0.0155 -0.0054999999999999979 0.20831398963713166
0.016000000000000007 -0.0054999999999999979 0.10952900107155852
0.016500000000000001 -0.0054999999999999979 0.056425662170023219
0.017000000000000001 -0.0054999999999999979 0.028481381373438416
0.017500000000000002 -0.0054999999999999979 0.01408582476663108
0.017999999999999995 -0.0054999999999999979 0.0068255925654380394
0.018500000000000003 -0.0054999999999999979 0.0032406735723341305
0.019000000000000003 -0.0054999999999999979 0.0015075338118329896
0.019500000000000003 -0.0054999999999999979 0.0006871248938607144
0.019999999999999997 -0.0054999999999999979 0.0003068606153210439
0.020499999999999997 -0.0054999999999999979 0.00013427138465349625
0.021000000000000005 -0.0054999999999999979 5.7565546343477168e-05
0.021500000000000005 -0.0054999999999999979 2.4181244117554856e-05
0.021999999999999999 -0.0054999999999999979 9.9524842578325783e-06
0.022499999999999999 -0.0054999999999999979 4.0134809369858753e-06
0.023000000000000007 -0.0054999999999999979 1.5857976029499825e-06
0.023500000000000007 -0.0054999999999999979 6.1391911652697589e-07
0.024 -0.0054999999999999979 2.3286885297411199e-07
0.024500000000000001 -0.0054999999999999979 8.6546298537950977e-08
0.025000000000000001 -0.0054999999999999979 3.1515372174236451e-08
-0.025000000000000001 -0.005000000000000001 3.9046808586685602e-08
-0.024500000000000001 -0.005000000000000001 1.0722883849235056e-07
-0.024 -0.005000000000000001 2.8851905913122898e-07
-0.0235 -0.005000000000000001 7.6063141816021036e-07
-0.023 -0.005000000000000001 1.9647661184922582e-06
-0.022500000000000003 -0.005000000000000001 4.9726089556039286e-06
-0.022000000000000002 -0.005000000000000001 1.2330895082853458e-05
-0.021500000000000002 -0.005000000000000001 2.9959995561085714e-05
-0.021000000000000001 -0.005000000000000001 7.132236474425244e-05
-0.020500000000000001 -0.005000000000000001 0.00016635910330515676
-0.02 -0.005000000000000001 0.00038019312108991834
-0.0195 -0.005000000000000001 0.00085133166308152934
-0.019 -0.005000000000000001 0.00186779911286343
-0.018500000000000003 -0.005000000000000001 0.0040151187163927999
-0.018000000000000002 -0.005000000000000001 0.0084567494529300818
-0.017500000000000002 -0.005000000000000001 0.017452007242924606
-0.017000000000000001 -0.005000000000000001 0.035287764987341021
-0.016500000000000001 -0.005000000000000001 0.069910074929434574
-0.016 -0.005000000000000001 0.1357038690797471
-0.0155 -0.005000000000000001 0.25809615810088354
-0.015000000000000001 -0.005000000000000001 0.48095860249034139
-0.014500000000000001 -0.005000000000000001 0.87815403541767889
-0.014 -0.005000000000000001 1.570979627444002
-0.0135 -0.005000000000000001 2.7536405735476359
-0.012999999999999999 -0.005000000000000001 4.7291250551577102
-0.012500000000000001 -0.005000000000000001 7.9577665068401631
-0.012 -0.005000000000000001 13.120138907092446
-0.0115 -0.005000000000000001 21.194468071962206
-0.010999999999999999 -0.005000000000000001 33.546209657192094
-0.010499999999999999 -0.005000000000000001 52.023700380706245
-0.010000000000000002 -0.005000000000000001 79.048907108276154
-0.0095000000000000015 -0.005000000000000001 117.68668978246082
-0.0090000000000000011 -0.005000000000000001 171.67050008169687
-0.0085000000000000006 -0.005000000000000001 245.3583511019749
-0.0080000000000000002 -0.005000000000000001 343.59185788616276
-0.0074999999999999997 -0.005000000000000001 471.43490066018313
-0.0069999999999999993 -0.005000000000000001 633.77841570140049
-0.0064999999999999988 -0.005000000000000001 834.81454249082151
-0.0059999999999999984 -0.005000000000000001 1077.406061416026
-0.0054999999999999979 -0.005000000000000001 1362.4032485095995
-0.005000000000000001 -0.005000000000000001 1687.9857413177422
-0.0044999999999999971 -0.005000000000000001 2049.126285431616
-0.0040000000000000001 -0.005000000000000001 2437.2805469761443
-0.0035000000000000031 -0.005000000000000001 2840.3977986651385
-0.0029999999999999992 -0.005000000000000001 3243.3189524623035
-0.0025000000000000022 -0.005000000000000001 3628.5824831444988
-0.0019999999999999983 -0.005000000000000001 3977.6007313217847
-0.0015000000000000013 -0.005000000000000001 4272.1079802870327
-0.00099999999999999742 -0.005000000000000001 4495.728778864619
-0.00050000000000000044 -0.005000000000000001 4635.4812847590638
0 -0.005000000000000001 4683.0242679090388
0.00050000000000000044 -0.005000000000000001 4635.4812847590638
0.0010000000000000009 -0.005000000000000001 4495.7287788646172
0.0015000000000000013 -0.005000000000000001 4272.1079802870327
0.0020000000000000018 -0.005000000000000001 3977.600731321782
0.0024999999999999988 -0.005000000000000001 3628.5824831445002
0.0030000000000000027 -0.005000000000000001 3243.3189524623017
0.0034999999999999996 -0.005000000000000001 2840.3977986651412
0.0040000000000000036 -0.005000000000000001 2437.2805469761411
0.0045000000000000005 -0.005000000000000001 2049.1262854316133
0.0049999999999999975 -0.005000000000000001 1687.9857413177444
0.0055000000000000014 -0.005000000000000001 1362.4032485095972
0.0059999999999999984 -0.005000000000000001 1077.406061416026
0.0064999999999999988 -0.005000000000000001 834.81454249082151
0.0069999999999999993 -0.005000000000000001 633.77841570140049
0.0074999999999999997 -0.005000000000000001 471.43490066018313
0.0080000000000000002 -0.005000000000000001 343.59185788616276
0.0085000000000000006 -0.005000000000000001 245.3583511019749
0.0090000000000000011 -0.005000000000000001 171.67050008169687
0.0095000000000000015 -0.005000000000000001 117.68668978246082
0.010000000000000002 -0.005000000000000001 79.048907108276154
0.010500000000000002 -0.005000000000000001 52.023700380706153
0.011000000000000003 -0.005000000000000001 33.546209657192009
0.011500000000000003 -0.005000000000000001 21.194468071962131
0.012000000000000004 -0.005000000000000001 13.120138907092413
0.012499999999999997 -0.005000000000000001 7.9577665068401995
0.013000000000000005 -0.005000000000000001 4.7291250551576844
0.013499999999999998 -0.005000000000000001 2.7536405735476359
0.014000000000000005 -0.005000000000000001 1.5709796274439936
0.014499999999999999 -0.005000000000000001 0.87815403541768045
0.014999999999999999 -0.005000000000000001 0.48095860249034228
0.0155 -0.005000000000000001 0.25809615810088354
0.016000000000000007 -0.005000000000000001 0.13570386907974541
0.016500000000000001 -0.005000000000000001 0.069910074929434574
0.017000000000000001 -0.005000000000000001 0.035287764987341021
0.017500000000000002 -0.005000000000000001 0.017452007242924606
0.017999999999999995 -0.005000000000000001 0.0084567494529301564
0.018500000000000003 -0.005000000000000001 0.0040151187163927999
0.019000000000000003 -0.005000000000000001 0.0018677991128634235
0.019500000000000003 -0.005000000000000001 0.0008513316630815263
0.019999999999999997 -0.005000000000000001 0.00038019312108992105
0.020499999999999997 -0.005000000000000001 0.00016635910330515795
0.021000000000000005 -0.005000000000000001 7.1322364744251925e-05
0.021500000000000005 -0.005000000000000001 2.9959995561085504e-05
0.021999999999999999 -0.005000000000000001 1.2330895082853546e-05
0.022499999999999999 -0.005000000000000001 4.9726089556039286e-06
0.023000000000000007 -0.005000000000000001 1.9647661184922447e-06
0.023500000000000007 -0.005000000000000001 7.6063141816020232e-07
0.024 -0.005000000000000001 2.8851905913122898e-07
0.024500000000000001 -0.005000000000000001 1.0722883849235056e-07
0.025000000000000001 -0.005000000000000001 3.9046808586685602e-08
-0.025000000000000001 -0.0044999999999999971 4.7400780633805861e-08
-0.024500000000000001 -0.0044999999999999971 1.3017019405593223e-07
-0.024 -0.0044999999999999971 3.5024702723629823e-07
-0.0235 -0.0044999999999999971 9.2336670525454542e-07
-0.023 -0.0044999999999999971 2.3851231675600384e-06
-0.022500000000000003 -0.0044999999999999971 6.0364868426827704e-06
-0.022000000000000002 -0.0044999999999999971 1.4969060827166195e-05
-0.021500000000000002 -0.0044999999999999971 3.6369865522506724e-05
-0.021000000000000001 -0.0044999999999999971 8.658161544806426e-05
-0.020500000000000001 -0.0044999999999999971 0.00020195123872154922
-0.02 -0.0044999999999999971 0.00046153453722746135
-0.0195 -0.0044999999999999971 0.0010334720523638582
-0.019 -0.0044999999999999971 0.0022674103011595635
-0.018500000000000003 -0.0044999999999999971 0.0048741438387187308
-0.018000000000000002 -0.0044999999999999971 0.010266050932267023
-0.017500000000000002 -0.0044999999999999971 0.021185822782544557
-0.017000000000000001 -0.0044999999999999971 0.042837498575814516
-0.016500000000000001 -0.0044999999999999971 0.084867169578437915
-0.016 -0.0044999999999999971 0.16473738987214359
-0.0155 -0.0044999999999999971 0.31331521871776319
-0.015000000000000001 -0.0044999999999999971 0.58385855427785782
-0.014500000000000001 -0.0044999999999999971 1.0660330076173847
-0.014 -0.0044999999999999971 1.9070869911258994
-0.0135 -0.0044999999999999971 3.3427754404385728
-0.012999999999999999 -0.0044999999999999971 5.7409101394730166
-0.012500000000000001 -0.0044999999999999971 9.6603117688445099
-0.012 -0.0044999999999999971 15.927161494888738
-0.0115 -0.0044999999999999971 25.728974225869191
-0.010999999999999999 -0.0044999999999999971 40.723341615130806
-0.010499999999999999 -0.0044999999999999971 63.154047635676861
-0.010000000000000002 -0.0044999999999999971 95.961233217384034
-0.0095000000000000015 -0.0044999999999999971 142.86547781524325
-0.0090000000000000011 -0.0044999999999999971 208.39899623558387
-0.0085000000000000006 -0.0044999999999999971 297.85218813561994
-0.0080000000000000002 -0.0044999999999999971 417.10252060848984
-0.0074999999999999997 -0.0044999999999999971 572.29727903891148
-0.0069999999999999993 -0.0044999999999999971 769.37380391561248
-0.0064999999999999988 -0.0044999999999999971 1013.4211330144784
-0.0059999999999999984 -0.0044999999999999971 1307.9145317942282
-0.0054999999999999979 -0.0044999999999999971 1653.8861908270896
-0.005000000000000001 -0.0044999999999999971 2049.126285431616
-0.0044999999999999971 -0.0044999999999999971 2487.5319920468328
-0.0040000000000000001 -0.0044999999999999971 2958.7309368390279
-0.0035000000000000031 -0.0044999999999999971 3448.0941680130168
-0.0029999999999999992 -0.0044999999999999971 3937.219346616519
-0.0025000000000000022 -0.0044999999999999971 4404.9090955374904
-0.0019999999999999983 -0.0044999999999999971 4828.598969764188
-0.0015000000000000013 -0.0044999999999999971 5186.115345840758
-0.00099999999999999742 -0.0044999999999999971 5457.5792836681121
-0.00050000000000000044 -0.0044999999999999971 5627.2315065948824
0 -0.0044999999999999971 5684.9461981801269
0.00050000000000000044 -0.0044999999999999971 5627.2315065948824
0.0010000000000000009 -0.0044999999999999971 5457.5792836681112
0.0015000000000000013 -0.0044999999999999971 5186.115345840758
0.0020000000000000018 -0.0044999999999999971 4828.5989697641853
0.0024999999999999988 -0.0044999999999999971 4404.9090955374941
0.0030000000000000027 -0.0044999999999999971 3937.2193466165158
0.0034999999999999996 -0.0044999999999999971 3448.0941680130204
0.0040000000000000036 -0.0044999999999999971 2958.7309368390247
0.0045000000000000005 -0.0044999999999999971 2487.5319920468291
0.0049999999999999975 -0.0044999999999999971 2049.1262854316192
0.0055000000000000014 -0.0044999999999999971 1653.8861908270876
0.0059999999999999984 -0.0044999999999999971 1307.9145317942282
0.0064999999999999988 -0.0044999999999999971 1013.4211330144784
0.0069999999999999993 -0.0044999999999999971 769.37380391561248
0.0074999999999999997 -0.0044999999999999971 572.29727903891148
0.0080000000000000002 -0.0044999999999999971 417.10252060848984
0.0085000000000000006 -0.0044999999999999971 297.85218813561994
0.0090000000000000011 -0.0044999999999999971 208.39899623558387
0.0095000000000000015 -0.0044999999999999971 142.86547781524325
0.010000000000000002 -0.0044999999999999971 95.961233217384034
0.010500000000000002 -0.0044999999999999971 63.15404763567669
0.011000000000000003 -0.0044999999999999971 40.723341615130693
0.011500000000000003 -0.0044999999999999971 25.728974225869102
0.012000000000000004 -0.0044999999999999971 15.927161494888695
0.012499999999999997 -0.0044999999999999971 9.6603117688445526
0.013000000000000005 -0.0044999999999999971 5.7409101394729865
0.013499999999999998 -0.0044999999999999971 3.342775440438579
0.014000000000000005 -0.0044999999999999971 1.9070869911258892
0.014499999999999999 -0.0044999999999999971 1.0660330076173865
0.014999999999999999 -0.0044999999999999971 0.58385855427785893
0.0155 -0.0044999999999999971 0.31331521871776319
0.016000000000000007 -0.0044999999999999971 0.16473738987214184
0.016500000000000001 -0.0044999999999999971 0.084867169578437915
0.017000000000000001 -0.0044999999999999971 0.042837498575814516
0.017500000000000002 -0.0044999999999999971 0.021185822782544557
0.017999999999999995 -0.0044999999999999971 0.010266050932267115
0.018500000000000003 -0.0044999999999999971 0.0048741438387187308
0.019000000000000003 -0.0044999999999999971 0.0022674103011595518
0.019500000000000003 -0.0044999999999999971 0.0010334720523638508
0.019999999999999997 -0.0044999999999999971 0.00046153453722746471
0.020499999999999997 -0.0044999999999999971 0.00020195123872154995
0.021000000000000005 -0.0044999999999999971 8.6581615448063948e-05
0.021500000000000005 -0.0044999999999999971 3.6369865522506595e-05
0.021999999999999999 -0.0044999999999999971 1.4969060827166246e-05
0.022499999999999999 -0.0044999999999999971 6.0364868426827916e-06
0.023000000000000007 -0.0044999999999999971 2.3851231675600049e-06
0.023500000000000007 -0.0044999999999999971 9.2336670525453568e-07
0.024 -0.0044999999999999971 3.5024702723629823e-07
0.024500000000000001 -0.0044999999999999971 1.3017019405593223e-07
0.025000000000000001 -0.0044999999999999971 4.7400780633805861e-08
-0.025000000000000001 -0.0040000000000000001 5.6379639152364042e-08
-0.024500000000000001 -0.0040000000000000001 1.5482758872609335e-07
-0.024 -0.0040000000000000001 4.1659231653428772e-07
-0.0235 -0.0040000000000000001 1.0982747742013055e-06
-0.023 -0.0040000000000000001 2.8369233949930748e-06
-0.022500000000000003 -0.0040000000000000001 7.1799439880052054e-06
-0.022000000000000002 -0.0040000000000000001 1.7804564325751135e-05
-0.021500000000000002 -0.0040000000000000001 4.3259200940596343e-05
-0.021000000000000001 -0.0040000000000000001 0.00010298227520559454
-0.020500000000000001 -0.0040000000000000001 0.000240205705755265
-0.02 -0.0040000000000000001 0.00054896038245157998
-0.0195 -0.0040000000000000001 0.0012292367468896028
-0.019 -0.0040000000000000001 0.0026969128541853085
-0.018500000000000003 -0.0040000000000000001 0.0057974250029058302
-0.018000000000000002 -0.0040000000000000001 0.012210690189946206
-0.017500000000000002 -0.0040000000000000001 0.025198931909022643
-0.017000000000000001 -0.0040000000000000001 0.050951960697707417
-0.016500000000000001 -0.0040000000000000001 0.100943071669633
-0.016 -0.0040000000000000001 0.19594265055773696
-0.0155 -0.0040000000000000001 0.3726647269528986
-0.015000000000000001 -0.0040000000000000001 0.69445553777926305
-0.014500000000000001 -0.0040000000000000001 1.2679655374939698
-0.014 -0.0040000000000000001 2.2683355622873997
-0.0135 -0.0040000000000000001 3.9759782556175911
-0.012999999999999999 -0.0040000000000000001 6.8283778820046939
-0.012500000000000001 -0.0040000000000000001 11.490209324492689
-0.012 -0.0040000000000000001 18.944152518088064
-0.0115 -0.0040000000000000001 30.602666521918618
-0.010999999999999999 -0.0040000000000000001 48.437331086949591
-0.010499999999999999 -0.0040000000000000001 75.116957339121853
-0.010000000000000002 -0.0040000000000000001 114.13862027313128
-0.0095000000000000015 -0.0040000000000000001 169.92766741079635
-0.0090000000000000011 -0.0040000000000000001 247.87482506348141
-0.0085000000000000006 -0.0040000000000000001 354.2726230093308
-0.0080000000000000002 -0.0040000000000000001 496.11186328599501
-0.0074999999999999997 -0.0040000000000000001 680.70427635703993
-0.0069999999999999993 -0.0040000000000000001 915.11187913027197
-0.0064999999999999988 -0.0040000000000000001 1205.3876966740718
-0.0059999999999999984 -0.0040000000000000001 1555.6652940880288
-0.0054999999999999979 -0.0040000000000000001 1967.1723838954515
-0.005000000000000001 -0.0040000000000000001 2437.2805469761443
-0.0044999999999999971 -0.0040000000000000001 2958.7309368390279
-0.0040000000000000001 -0.0040000000000000001 3519.1864002541579
-0.0035000000000000031 -0.0040000000000000001 4101.2469068346627
-0.0029999999999999992 -0.0040000000000000001 4683.0242679090416
-0.0025000000000000022 -0.0040000000000000001 5239.3058085682778
-0.0019999999999999983 -0.0040000000000000001 5743.2528301575258
-0.0015000000000000013 -0.0040000000000000001 6168.4914866678009
-0.00099999999999999742 -0.0040000000000000001 6491.3772841787095
-0.00050000000000000044 -0.0040000000000000001 6693.1657564804937
0 -0.0040000000000000001 6761.8130116914199
0.00050000000000000044 -0.0040000000000000001 6693.1657564804937
0.0010000000000000009 -0.0040000000000000001 6491.3772841787077
0.0015000000000000013 -0.0040000000000000001 6168.4914866678009
0.0020000000000000018 -0.0040000000000000001 5743.2528301575221
0.0024999999999999988 -0.0040000000000000001 5239.3058085682824
0.0030000000000000027 -0.0040000000000000001 4683.024267909037
0.0034999999999999996 -0.0040000000000000001 4101.2469068346672
0.0040000000000000036 -0.0040000000000000001 3519.1864002541538
0.0045000000000000005 -0.0040000000000000001 2958.7309368390247
0.0049999999999999975 -0.0040000000000000001 2437.2805469761474
0.0055000000000000014 -0.0040000000000000001 1967.1723838954479
0.0059999999999999984 -0.0040000000000000001 1555.6652940880288
0.0064999999999999988 -0.0040000000000000001 1205.3876966740718
0.0069999999999999993 -0.0040000000000000001 915.11187913027197
0.0074999999999999997 -0.0040000000000000001 680.70427635703993
0.0080000000000000002 -0.0040000000000000001 496.11186328599501
0.0085000000000000006 -0.0040000000000000001 354.2726230093308
0.0090000000000000011 -0.0040000000000000001 247.87482506348141
0.0095000000000000015 -0.0040000000000000001 169.92766741079635
0.010000000000000002 -0.0040000000000000001 114.13862027313128
0.010500000000000002 -0.0040000000000000001 75.11695733912164
0.011000000000000003 -0.0040000000000000001 48.437331086949463
0.011500000000000003 -0.0040000000000000001 30.602666521918511
0.012000000000000004 -0.0040000000000000001 18.944152518088014
0.012499999999999997 -0.0040000000000000001 11.49020932449274
0.013000000000000005 -0.0040000000000000001 6.8283778820046575
0.013499999999999998 -0.0040000000000000001 3.9759782556175911
0.014000000000000005 -0.0040000000000000001 2.2683355622873878
0.014499999999999999 -0.0040000000000000001 1.2679655374939718
0.014999999999999999 -0.0040000000000000001 0.69445553777926428
0.0155 -0.0040000000000000001 0.3726647269528986
0.016000000000000007 -0.0040000000000000001 0.19594265055773452
0.016500000000000001 -0.0040000000000000001 0.100943071669633
0.017000000000000001 -0.0040000000000000001 0.050951960697707417
0.017500000000000002 -0.0040000000000000001 0.025198931909022643
0.017999999999999995 -0.0040000000000000001 0.012210690189946314
0.018500000000000003 -0.0040000000000000001 0.0057974250029058302
0.019000000000000003 -0.0040000000000000001 0.002696912854185299
0.019500000000000003 -0.0040000000000000001 0.0012292367468895982
0.019999999999999997 -0.0040000000000000001 0.000548960382451584
0.020499999999999997 -0.0040000000000000001 0.00024020570575526671
0.021000000000000005 -0.0040000000000000001 0.00010298227520559383
0.021500000000000005 -0.0040000000000000001 4.3259200940596187e-05
0.021999999999999999 -0.0040000000000000001 1.7804564325751325e-05
0.022499999999999999 -0.0040000000000000001 7.1799439880052308e-06
0.023000000000000007 -0.0040000000000000001 2.8369233949930342e-06
0.023500000000000007 -0.0040000000000000001 1.0982747742012899e-06
0.024 -0.0040000000000000001 4.1659231653428772e-07
0.024500000000000001 -0.0040000000000000001 1.5482758872609335e-07
0.025000000000000001 -0.0040000000000000001 5.6379639152364042e-08
-0.025000000000000001 -0.0035000000000000031 6.5704624416992643e-08
-0.024500000000000001 -0.0035000000000000031 1.8043550330545192e-07
-0.024 -0.0035000000000000031 4.8549515577632904e-07
-0.0235 -0.0035000000000000031 1.2799253884995491e-06
-0.023 -0.0035000000000000031 3.3061401060773396e-06
-0.022500000000000003 -0.0035000000000000031 8.3674803556656611e-06
-0.022000000000000002 -0.0035000000000000031 2.0749373878931752e-05
-0.021500000000000002 -0.0035000000000000031 5.0414113909097563e-05
-0.021000000000000001 -0.0035000000000000031 0.00012001516532776963
-0.020500000000000001 -0.0035000000000000031 0.00027993484734473612
-0.02 -0.0035000000000000031 0.0006397564136817874
-0.0195 -0.0035000000000000031 0.0014325479905197406
-0.019 -0.0035000000000000031 0.0031429723360011119
-0.018500000000000003 -0.0035000000000000031 0.0067562978076569913
-0.018000000000000002 -0.0035000000000000031 0.014230293504264668
-0.017500000000000002 -0.0035000000000000031 0.029366742705061816
-0.017000000000000001 -0.0035000000000000031 0.059379227878791095
-0.016500000000000001 -0.0035000000000000031 0.11763868501582463
-0.016 -0.0035000000000000031 0.22835084537121039
-0.0155 -0.0035000000000000031 0.43430210419987275
-0.015000000000000001 -0.0035000000000000031 0.80931593337758678
-0.014500000000000001 -0.0035000000000000031 1.4776823808606805
-0.014 -0.0035000000000000031 2.643509933950186
-0.0135 -0.0035000000000000031 4.6335904575318478
-0.012999999999999999 -0.0035000000000000031 7.9577665068401702
-0.012500000000000001 -0.0035000000000000031 13.390647749592102
-0.012 -0.0035000000000000031 22.077445773205319
-0.0115 -0.0035000000000000031 35.664235178007914
-0.010999999999999999 -0.0035000000000000031 56.448687765254974
-0.010499999999999999 -0.0035000000000000031 87.54102622005351
-0.010000000000000002 -0.0035000000000000031 133.01672889840333
-0.0095000000000000015 -0.0035000000000000031 198.03307955038298
-0.0090000000000000011 -0.0035000000000000031 288.87241082210545
-0.0085000000000000006 -0.0035000000000000031 412.86801380804565
-0.0080000000000000002 -0.0035000000000000031 578.1669435295388
-0.0074999999999999997 -0.0035000000000000031 793.29026381689118
-0.0069999999999999993 -0.0035000000000000031 1066.4680232395854
-0.0064999999999999988 -0.0035000000000000031 1404.7543949829042
-0.0059999999999999984 -0.0035000000000000031 1812.9666206336162
-0.0054999999999999979 -0.0035000000000000031 2292.5354718576773
-0.005000000000000001 -0.0035000000000000031 2840.3977986651385
-0.0044999999999999971 -0.0035000000000000031 3448.0941680130168
-0.0040000000000000001 -0.0035000000000000031 4101.2469068346627
-0.0035000000000000031 -0.0035000000000000031 4779.5780836178837
-0.0029999999999999992 -0.0035000000000000031 5457.5792836681021
-0.0025000000000000022 -0.0035000000000000031 6105.8677482385347
-0.0019999999999999983 -0.0035000000000000031 6693.1657564804891
-0.0015000000000000013 -0.0035000000000000031 7188.7373251116196
-0.00099999999999999742 -0.0035000000000000031 7565.0272477502212
-0.00050000000000000044 -0.0035000000000000031 7800.1907923134786
0 -0.0035000000000000031 7880.1920514329668
0.00050000000000000044 -0.0035000000000000031 7800.1907923134786
0.0010000000000000009 -0.0035000000000000031 7565.0272477502185
0.0015000000000000013 -0.0035000000000000031 7188.7373251116196
0.0020000000000000018 -0.0035000000000000031 6693.1657564804846
0.0024999999999999988 -0.0035000000000000031 6105.8677482385383
0.0030000000000000027 -0.0035000000000000031 5457.5792836680967
0.0034999999999999996 -0.0035000000000000031 4779.5780836178874
0.0040000000000000036 -0.0035000000000000031 4101.2469068346581
0.0045000000000000005 -0.0035000000000000031 3448.0941680130122
0.0049999999999999975 -0.0035000000000000031 2840.3977986651425
0.0055000000000000014 -0.0035000000000000031 2292.5354718576737
0.0059999999999999984 -0.0035000000000000031 1812.9666206336162
0.0064999999999999988 -0.0035000000000000031 1404.7543949829042
0.0069999999999999993 -0.0035000000000000031 1066.4680232395854
0.0074999999999999997 -0.0035000000000000031 793.29026381689118
0.0080000000000000002 -0.0035000000000000031 578.1669435295388
0.0085000000000000006 -0.0035000000000000031 412.86801380804565
0.0090000000000000011 -0.0035000000000000031 288.87241082210545
0.0095000000000000015 -0.0035000000000000031 198.03307955038298
0.010000000000000002 -0.0035000000000000031 133.01672889840333
0.010500000000000002 -0.0035000000000000031 87.541026220053197
0.011000000000000003 -0.0035000000000000031 56.448687765254775
0.011500000000000003 -0.0035000000000000031 35.664235178007793
0.012000000000000004 -0.0035000000000000031 22.077445773205241
0.012499999999999997 -0.0035000000000000031 13.390647749592162
0.013000000000000005 -0.0035000000000000031 7.9577665068401275
0.013499999999999998 -0.0035000000000000031 4.6335904575318514
0.014000000000000005 -0.0035000000000000031 2.6435099339501722
0.014499999999999999 -0.0035000000000000031 1.4776823808606832
0.014999999999999999 -0.0035000000000000031 0.80931593337758978
0.0155 -0.0035000000000000031 0.43430210419987275
0.016000000000000007 -0.0035000000000000031 0.22835084537120792
0.016500000000000001 -0.0035000000000000031 0.11763868501582463
0.017000000000000001 -0.0035000000000000031 0.059379227878791095
0.017500000000000002 -0.0035000000000000031 0.029366742705061816
0.017999999999999995 -0.0035000000000000031 0.01423029350426477
0.018500000000000003 -0.0035000000000000031 0.0067562978076569913
0.019000000000000003 -0.0035000000000000031 0.003142972336001101
0.019500000000000003 -0.0035000000000000031 0.0014325479905197356
0.019999999999999997 -0.0035000000000000031 0.00063975641368179195
0.020499999999999997 -0.0035000000000000031 0.00027993484734473812
0.021000000000000005 -0.0035000000000000031 0.00012001516532776879
0.021500000000000005 -0.0035000000000000031 5.0414113909097394e-05
0.021999999999999999 -0.0035000000000000031 2.0749373878931972e-05
0.022499999999999999 -0.0035000000000000031 8.3674803556657204e-06
0.023000000000000007 -0.0035000000000000031 3.3061401060773045e-06
0.023500000000000007 -0.0035000000000000031 1.2799253884995309e-06
0.024 -0.0035000000000000031 4.8549515577632904e-07
0.024500000000000001 -0.0035000000000000031 1.8043550330545192e-07
0.025000000000000001 -0.0035000000000000031 6.5704624416992643e-08
-0.025000000000000001 -0.0029999999999999992 7.5025073507730923e-08
-0.024500000000000001 -0.0029999999999999992 2.0603096081917399e-07
-0.024 -0.0029999999999999992 5.5436447697502146e-07
-0.0235 -0.0029999999999999992 1.4614876381784048e-06
-0.023 -0.0029999999999999992 3.7751285649410269e-06
-0.022500000000000003 -0.0029999999999999992 9.5544390418272861e-06
-0.022000000000000002 -0.0029999999999999992 2.3692750918513049e-05
-0.021500000000000002 -0.0029999999999999992 5.7565546343477371e-05
-0.021000000000000001 -0.0029999999999999992 0.0001370397697369648
-0.020500000000000001 -0.0029999999999999992 0.00031964466254498107
-0.02 -0.0029999999999999992 0.00073050827684368149
-0.0195 -0.0029999999999999992 0.0016357603326364962
-0.019 -0.0029999999999999992 0.0035888148305169387
-0.018500000000000003 -0.0029999999999999992 0.007714704165153019
-0.018000000000000002 -0.0029999999999999992 0.016248914375012097
-0.017500000000000002 -0.0029999999999999992 0.033532526053981694
-0.017000000000000001 -0.0029999999999999992 0.067802395584297306
-0.016500000000000001 -0.0029999999999999992 0.13432617671858277
-0.016 -0.0029999999999999992 0.26074327509734407
-0.0155 -0.0029999999999999992 0.49590949771460791
-0.015000000000000001 -0.0029999999999999992 0.92412045470772508
-0.014500000000000001 -0.0029999999999999992 1.6872972066861118
-0.014 -0.0029999999999999992 3.0185018006394388
-0.0135 -0.0029999999999999992 5.2908827615357659
-0.012999999999999999 -0.0029999999999999992 9.0866057363633459
-0.012500000000000001 -0.0029999999999999992 15.29016169932571
-0.012 -0.0029999999999999992 25.209214826122736
-0.0115 -0.0029999999999999992 40.723341615130771
-0.010999999999999999 -0.0029999999999999992 64.456147289199578
-0.010499999999999999 -0.0029999999999999992 99.95905136630175
-0.010000000000000002 -0.0029999999999999992 151.885654197267
-0.0095000000000000015 -0.0029999999999999992 226.12481970732321
-0.0090000000000000011 -0.0029999999999999992 329.85005315210265
-0.0085000000000000006 -0.0029999999999999992 471.4349006601833
-0.0080000000000000002 -0.0029999999999999992 660.18210777300567
-0.0074999999999999997 -0.0029999999999999992 905.82148340288506
-0.0069999999999999993 -0.0029999999999999992 1217.7505395876183
-0.0064999999999999988 -0.0029999999999999992 1604.0241106171536
-0.0059999999999999984 -0.0029999999999999992 2070.1427819884589
-0.0054999999999999979 -0.0029999999999999992 2617.7402857312582
-0.005000000000000001 -0.0029999999999999992 3243.3189524623035
-0.0044999999999999971 -0.0029999999999999992 3937.219346616519
-0.0040000000000000001 -0.0029999999999999992 4683.0242679090416
-0.0035000000000000031 -0.0029999999999999992 5457.5792836681021
-0.0029999999999999992 -0.0029999999999999992 6231.7575142485084
-0.0025000000000000022 -0.0029999999999999992 6972.0081456185599
-0.0019999999999999983 -0.0029999999999999992 7642.6165941146337
-0.0015000000000000013 -0.0029999999999999992 8208.4868611589809
-0.00099999999999999742 -0.0029999999999999992 8638.1549302892618
-0.00050000000000000044 -0.0029999999999999992 8906.6773116855111
0 -0.0029999999999999992 8998.0270515159755
0.00050000000000000044 -0.0029999999999999992 8906.6773116855111
0.0010000000000000009 -0.0029999999999999992 8638.1549302892581
0.0015000000000000013 -0.0029999999999999992 8208.4868611589809
0.0020000000000000018 -0.0029999999999999992 7642.6165941146292
0.0024999999999999988 -0.0029999999999999992 6972.0081456185644
0.0030000000000000027 -0.0029999999999999992 6231.757514248503
0.0034999999999999996 -0.0029999999999999992 5457.5792836681067
0.0040000000000000036 -0.0029999999999999992 4683.0242679090352
0.0045000000000000005 -0.0029999999999999992 3937.219346616514
0.0049999999999999975 -0.0029999999999999992 3243.318952462309
0.0055000000000000014 -0.0029999999999999992 2617.7402857312536
0.0059999999999999984 -0.0029999999999999992 2070.1427819884589
0.0064999999999999988 -0.0029999999999999992 1604.0241106171536
0.0069999999999999993 -0.0029999999999999992 1217.7505395876183
0.0074999999999999997 -0.0029999999999999992 905.82148340288506
0.0080000000000000002 -0.0029999999999999992 660.18210777300567
0.0085000000000000006 -0.0029999999999999992 471.4349006601833
0.0090000000000000011 -0.0029999999999999992 329.85005315210265
0.0095000000000000015 -0.0029999999999999992 226.12481970732321
0.010000000000000002 -0.0029999999999999992 151.885654197267
0.010500000000000002 -0.0029999999999999992 99.959051366301395
0.011000000000000003 -0.0029999999999999992 64.45614728919935
0.011500000000000003 -0.0029999999999999992 40.723341615130622
0.012000000000000004 -0.0029999999999999992 25.209214826122647
0.012499999999999997 -0.0029999999999999992 15.290161699325777
0.013000000000000005 -0.0029999999999999992 9.0866057363632962
0.013499999999999998 -0.0029999999999999992 5.2908827615357703
0.014000000000000005 -0.0029999999999999992 3.0185018006394224
0.014499999999999999 -0.0029999999999999992 1.6872972066861147
0.014999999999999999 -0.0029999999999999992 0.92412045470772664
0.0155 -0.0029999999999999992 0.49590949771460791
0.016000000000000007 -0.0029999999999999992 0.2607432750973413
0.016500000000000001 -0.0029999999999999992 0.13432617671858277
0.017000000000000001 -0.0029999999999999992 0.067802395584297306
0.017500000000000002 -0.0029999999999999992 0.033532526053981694
0.017999999999999995 -0.0029999999999999992 0.01624891437501224
0.018500000000000003 -0.0029999999999999992 0.007714704165153019
0.019000000000000003 -0.0029999999999999992 0.0035888148305169205
0.019500000000000003 -0.0029999999999999992 0.0016357603326364904
0.019999999999999997 -0.0029999999999999992 0.0007305082768436868
0.020499999999999997 -0.0029999999999999992 0.00031964466254498221
0.021000000000000005 -0.0029999999999999992 0.00013703976973696383
0.021500000000000005 -0.0029999999999999992 5.7565546343477168e-05
0.021999999999999999 -0.0029999999999999992 2.3692750918513134e-05
0.022499999999999999 -0.0029999999999999992 9.5544390418273217e-06
0.023000000000000007 -0.0029999999999999992 3.7751285649409731e-06
0.023500000000000007 -0.0029999999999999992 1.4614876381783891e-06
0.024 -0.0029999999999999992 5.5436447697502146e-07
0.024500000000000001 -0.0029999999999999992 2.0603096081917399e-07
0.025000000000000001 -0.0029999999999999992 7.5025073507730923e-08
-0.025000000000000001 -0.0025000000000000022 8.3937063087829584e-08
-0.024500000000000001 -0.0025000000000000022 2.305047225917498e-07
-0.024 -0.0025000000000000022 6.2021566793545608e-07
-0.0235 -0.0025000000000000022 1.6350931009114311e-06
-0.023 -0.0025000000000000022 4.223564066051456e-06
-0.022500000000000003 -0.0025000000000000022 1.0689380431463853e-05
-0.022000000000000002 -0.0025000000000000022 2.6507137355440554e-05
-0.021500000000000002 -0.0025000000000000022 6.4403574288000143e-05
-0.021000000000000001 -0.0025000000000000022 0.00015331828760911407
-0.020500000000000001 -0.0025000000000000022 0.00035761423416614564
-0.02 -0.0025000000000000022 0.0008172830288968822
-0.0195 -0.0025000000000000022 0.0018300670938087131
-0.019 -0.0025000000000000022 0.0040151187163928216
-0.018500000000000003 -0.0025000000000000022 0.0086311093070460219
-0.018000000000000002 -0.0025000000000000022 0.018179071172300623
-0.017500000000000002 -0.0025000000000000022 0.037515748046515529
-0.017000000000000001 -0.0025000000000000022 0.075856426253000334
-0.016500000000000001 -0.0025000000000000022 0.15028235551695615
-0.016 -0.0025000000000000022 0.29171613846293354
-0.0155 -0.0025000000000000022 0.55481700782653054
-0.015000000000000001 -0.0025000000000000022 1.0338937808513156
-0.014500000000000001 -0.0025000000000000022 1.8877258690181282
-0.014 -0.0025000000000000022 3.377060017740483
-0.0135 -0.0025000000000000022 5.9193698770528203
-0.012999999999999999 -0.0025000000000000022 10.165974697362598
-0.012500000000000001 -0.0025000000000000022 17.106431319219759
-0.012 -0.0025000000000000022 28.203737181768496
-0.0115 -0.0025000000000000022 45.560737690503274
-0.010999999999999999 -0.0025000000000000022 72.112687778366038
-0.010499999999999999 -0.0025000000000000022 111.8328687791057
-0.010000000000000002 -0.0025000000000000022 169.927667410796
-0.0095000000000000015 -0.0025000000000000022 252.98546699246884
-0.0090000000000000011 -0.0025000000000000022 369.03189062652399
-0.0085000000000000006 -0.0025000000000000022 527.43515132232108
-0.0080000000000000002 -0.0025000000000000022 738.60303814149256
-0.0074999999999999997 -0.0025000000000000022 1013.4211330144763
-0.0069999999999999993 -0.0025000000000000022 1362.4032485095991
-0.0064999999999999988 -0.0025000000000000022 1794.561027033152
-0.0059999999999999984 -0.0025000000000000022 2316.0484511178051
-0.0054999999999999979 -0.0025000000000000022 2928.693318618813
-0.005000000000000001 -0.0025000000000000022 3628.5824831444988
-0.0044999999999999971 -0.0025000000000000022 4404.9090955374904
-0.0040000000000000001 -0.0025000000000000022 5239.3058085682778
-0.0035000000000000031 -0.0025000000000000022 6105.8677482385347
-0.0029999999999999992 -0.0025000000000000022 6972.0081456185599
-0.0025000000000000022 -0.0025000000000000022 7800.1907923134786
-0.0019999999999999983 -0.0025000000000000022 8550.458682991999
-0.0015000000000000013 -0.0025000000000000022 9183.5468771612977
-0.00099999999999999742 -0.0025000000000000022 9664.2538480341464
-0.00050000000000000044 -0.0025000000000000022 9964.673148062273
0 -0.0025000000000000022 10066.874032602775
0.00050000000000000044 -0.0025000000000000022 9964.673148062273
0.0010000000000000009 -0.0025000000000000022 9664.2538480341427
0.0015000000000000013 -0.0025000000000000022 9183.5468771612977
0.0020000000000000018 -0.0025000000000000022 8550.4586829919936
0.0024999999999999988 -0.0025000000000000022 7800.1907923134859
0.0030000000000000027 -0.0025000000000000022 6972.0081456185544
0.0034999999999999996 -0.0025000000000000022 6105.867748238541
0.0040000000000000036 -0.0025000000000000022 5239.3058085682724
0.0045000000000000005 -0.0025000000000000022 4404.909095537485
0.0049999999999999975 -0.0025000000000000022 3628.5824831445034
0.0055000000000000014 -0.0025000000000000022 2928.6933186188076
0.0059999999999999984 -0.0025000000000000022 2316.0484511178051
0.0064999999999999988 -0.0025000000000000022 1794.561027033152
0.0069999999999999993 -0.0025000000000000022 1362.4032485095991
0.0074999999999999997 -0.0025000000000000022 1013.4211330144763
0.0080000000000000002 -0.0025000000000000022 738.60303814149256
0.0085000000000000006 -0.0025000000000000022 527.43515132232108
0.0090000000000000011 -0.0025000000000000022 369.03189062652399
0.0095000000000000015 -0.0025000000000000022 252.98546699246884
0.010000000000000002 -0.0025000000000000022 169.927667410796
0.010500000000000002 -0.0025000000000000022 111.8328687791054
0.011000000000000003 -0.0025000000000000022 72.112687778365782
0.011500000000000003 -0.0025000000000000022 45.560737690503153
0.012000000000000004 -0.0025000000000000022 28.2037371817684
0.012499999999999997 -0.0025000000000000022 17.106431319219837
0.013000000000000005 -0.0025000000000000022 10.165974697362545
0.013499999999999998 -0.0025000000000000022 5.9193698770528247
0.014000000000000005 -0.0025000000000000022 3.3770600177404648
0.014499999999999999 -0.0025000000000000022 1.8877258690181313
0.014999999999999999 -0.0025000000000000022 1.0338937808513173
0.0155 -0.0025000000000000022 0.55481700782653054
0.016000000000000007 -0.0025000000000000022 0.29171613846293037
0.016500000000000001 -0.0025000000000000022 0.15028235551695615
0.017000000000000001 -0.0025000000000000022 0.075856426253000334
0.017500000000000002 -0.0025000000000000022 0.037515748046515529
0.017999999999999995 -0.0025000000000000022 0.018179071172300786
0.018500000000000003 -0.0025000000000000022 0.0086311093070460219
0.019000000000000003 -0.0025000000000000022 0.0040151187163927999
0.019500000000000003 -0.0025000000000000022 0.0018300670938087066
0.019999999999999997 -0.0025000000000000022 0.00081728302889688784
0.020499999999999997 -0.0025000000000000022 0.00035761423416614694
0.021000000000000005 -0.0025000000000000022 0.00015331828760911296
0.021500000000000005 -0.0025000000000000022 6.4403574287999913e-05
0.021999999999999999 -0.0025000000000000022 2.6507137355440839e-05
0.022499999999999999 -0.0025000000000000022 1.068938043146393e-05
0.023000000000000007 -0.0025000000000000022 4.2235640660514111e-06
0.023500000000000007 -0.0025000000000000022 1.6350931009114081e-06
0.024 -0.0025000000000000022 6.2021566793545608e-07
0.024500000000000001 -0.0025000000000000022 2.305047225917498e-07
0.025000000000000001 -0.0025000000000000022 8.3937063087829584e-08
-0.025000000000000001 -0.0019999999999999983 9.2010619869890671e-08
-0.024500000000000001 -0.0019999999999999983 2.5267601257875394e-07
-0.024 -0.0019999999999999983 6.7987163191601028e-07
-0.0235 -0.0019999999999999983 1.7923659016091648e-06
-0.023 -0.0019999999999999983 4.6298111165857379e-06
-0.022500000000000003 -0.0019999999999999983 1.1717547449747257e-05
-0.022000000000000002 -0.0019999999999999983 2.9056748584333899e-05
-0.021500000000000002 -0.0019999999999999983 7.0598286073875028e-05
-0.021000000000000001 -0.0019999999999999983 0.00016806533563777073
-0.020500000000000001 -0.0019999999999999983 0.0003920116590866802
-0.02 -0.0019999999999999983 0.00089589408220368824
-0.0195 -0.0019999999999999983 0.0020060936314704697
-0.019 -0.0019999999999999983 0.0044013162762192295
-0.018500000000000003 -0.0019999999999999983 0.0094612997916678262
-0.018000000000000002 -0.0019999999999999983 0.019927640373502385
-0.017500000000000002 -0.0019999999999999983 0.04112423172384079
-0.017000000000000001 -0.0019999999999999983 0.08315274020667085
-0.016500000000000001 -0.0019999999999999983 0.16473738987214329
-0.016 -0.0019999999999999983 0.31977509980233404
-0.0155 -0.0019999999999999983 0.60818254685728923
-0.015000000000000001 -0.0019999999999999983 1.133339720931313
-0.014500000000000001 -0.0019999999999999983 2.0692983643118539
-0.014 -0.0019999999999999983 3.7018853667180602
-0.0135 -0.0019999999999999983 6.4887294312035744
-0.012999999999999999 -0.0019999999999999983 11.143797496312281
-0.012500000000000001 -0.0019999999999999983 18.751827756901172
-0.012 -0.0019999999999999983 30.916537287308092
-0.0115 -0.0019999999999999983 49.943035441283435
-0.010999999999999999 -0.0019999999999999983 79.048907108276424
-0.010499999999999999 -0.0019999999999999983 122.58960701813822
-0.010000000000000002 -0.0019999999999999983 186.27230256021485
-0.0095000000000000015 -0.0019999999999999983 277.31908622647552
-0.0090000000000000011 -0.0019999999999999983 404.52753240573645
-0.0085000000000000006 -0.0019999999999999983 578.16694352953959
-0.0080000000000000002 -0.0019999999999999983 809.64619057582047
-0.0074999999999999997 -0.0019999999999999983 1110.8978942989652
-0.0069999999999999993 -0.0019999999999999983 1493.4471471434797
-0.0064999999999999988 -0.0019999999999999983 1967.1723838954506
-0.0059999999999999984 -0.0019999999999999983 2538.8195130566669
-0.0054999999999999979 -0.0019999999999999983 3210.3921407514317
-0.005000000000000001 -0.0019999999999999983 3977.6007313217847
-0.0044999999999999971 -0.0019999999999999983 4828.598969764188
-0.0040000000000000001 -0.0019999999999999983 5743.2528301575258
-0.0035000000000000031 -0.0019999999999999983 6693.1657564804891
-0.0029999999999999992 -0.0019999999999999983 7642.6165941146337
-0.0025000000000000022 -0.0019999999999999983 8550.458682991999
-0.0019999999999999983 -0.0019999999999999983 9372.8917197253959
-0.0015000000000000013 -0.0019999999999999983 10066.874032602782
-0.00099999999999999742 -0.0019999999999999983 10593.818206471567
-0.00050000000000000044 -0.0019999999999999983 10923.13358873057
0 -0.0019999999999999983 11035.164751031105
0.00050000000000000044 -0.0019999999999999983 10923.13358873057
0.0010000000000000009 -0.0019999999999999983 10593.818206471566
0.0015000000000000013 -0.0019999999999999983 10066.874032602782
0.0020000000000000018 -0.0019999999999999983 9372.8917197253886
0.0024999999999999988 -0.0019999999999999983 8550.4586829920063
0.0030000000000000027 -0.0019999999999999983 7642.6165941146264
0.0034999999999999996 -0.0019999999999999983 6693.1657564804946
0.0040000000000000036 -0.0019999999999999983 5743.2528301575185
0.0045000000000000005 -0.0019999999999999983 4828.5989697641817
0.0049999999999999975 -0.0019999999999999983 3977.6007313217915
0.0055000000000000014 -0.0019999999999999983 3210.3921407514267
0.0059999999999999984 -0.0019999999999999983 2538.8195130566669
0.0064999999999999988 -0.0019999999999999983 1967.1723838954506
0.0069999999999999993 -0.0019999999999999983 1493.4471471434797
0.0074999999999999997 -0.0019999999999999983 1110.8978942989652
0.0080000000000000002 -0.0019999999999999983 809.64619057582047
0.0085000000000000006 -0.0019999999999999983 578.16694352953959
0.0090000000000000011 -0.0019999999999999983 404.52753240573645
0.0095000000000000015 -0.0019999999999999983 277.31908622647552
0.010000000000000002 -0.0019999999999999983 186.27230256021485
0.010500000000000002 -0.0019999999999999983 122.5896070181379
0.011000000000000003 -0.0019999999999999983 79.048907108276154
0.011500000000000003 -0.0019999999999999983 49.943035441283257
0.012000000000000004 -0.0019999999999999983 30.916537287307978
0.012499999999999997 -0.0019999999999999983 18.751827756901257
0.013000000000000005 -0.0019999999999999983 11.143797496312219
0.013499999999999998 -0.0019999999999999983 6.4887294312035797
0.014000000000000005 -0.0019999999999999983 3.7018853667180407
0.014499999999999999 -0.0019999999999999983 2.0692983643118574
0.014999999999999999 -0.0019999999999999983 1.133339720931317
0.0155 -0.0019999999999999983 0.60818254685728923
0.016000000000000007 -0.0019999999999999983 0.31977509980233065
0.016500000000000001 -0.0019999999999999983 0.16473738987214329
0.017000000000000001 -0.0019999999999999983 0.08315274020667085
0.017500000000000002 -0.0019999999999999983 0.04112423172384079
0.017999999999999995 -0.0019999999999999983 0.019927640373502562
0.018500000000000003 -0.0019999999999999983 0.0094612997916678262
0.019000000000000003 -0.0019999999999999983 0.0044013162762192139
0.019500000000000003 -0.0019999999999999983 0.0020060936314704588
0.019999999999999997 -0.0019999999999999983 0.00089589408220369464
0.020499999999999997 -0.0019999999999999983 0.00039201165908668296
0.021000000000000005 -0.0019999999999999983 0.00016806533563776951
0.021500000000000005 -0.0019999999999999983 7.0598286073874527e-05
0.021999999999999999 -0.0019999999999999983 2.9056748584334109e-05
0.022499999999999999 -0.0019999999999999983 1.1717547449747298e-05
0.023000000000000007 -0.0019999999999999983 4.6298111165856718e-06
0.023500000000000007 -0.0019999999999999983 1.7923659016091391e-06
0.024 -0.0019999999999999983 6.7987163191601028e-07
0.024500000000000001 -0.0019999999999999983 2.5267601257875394e-07
0.025000000000000001 -0.0019999999999999983 9.2010619869890671e-08
-0.025000000000000001 -0.0015000000000000013 9.8823217806150774e-08
-0.024500000000000001 -0.0015000000000000013 2.7138450605777408e-07
-0.024 -0.0015000000000000013 7.3021030024649305e-07
-0.0235 -0.0015000000000000013 1.9250752373314074e-06
-0.023 -0.0015000000000000013 4.9726089556039642e-06
-0.022500000000000003 -0.0015000000000000013 1.2585131427412648e-05
-0.022000000000000002 -0.0015000000000000013 3.1208151821481626e-05
-0.021500000000000002 -0.0015000000000000013 7.5825484180902931e-05
-0.021000000000000001 -0.0015000000000000013 0.00018050913354220535
-0.020500000000000001 -0.0015000000000000013 0.00042103676318292594
-0.02 -0.0015000000000000013 0.00096222736182031011
-0.0195 -0.0015000000000000013 0.0021546276740953886
-0.019 -0.0015000000000000013 0.0047271960303454201
-0.018500000000000003 -0.0015000000000000013 0.010161827964678684
-0.018000000000000002 -0.0015000000000000013 0.021403111377556277
-0.017500000000000002 -0.0015000000000000013 0.044169128677782353
-0.017000000000000001 -0.0015000000000000013 0.089309488059553188
-0.016500000000000001 -0.0015000000000000013 0.17693478191074466
-0.016 -0.0015000000000000013 0.34345170569914441
-0.0155 -0.0015000000000000013 0.65321325276328446
-0.015000000000000001 -0.0015000000000000013 1.2172538153566745
-0.014500000000000001 -0.0015000000000000013 2.2225121757843938
-0.014 -0.0015000000000000013 3.975978255617584
-0.0135 -0.0015000000000000013 6.9691642418208222
-0.012999999999999999 -0.0015000000000000013 11.968900206551913
-0.012500000000000001 -0.0015000000000000013 20.140239912567679
-0.012 -0.0015000000000000013 33.205641940854051
-0.0115 -0.0015000000000000013 53.640889239670713
-0.010999999999999999 -0.0015000000000000013 84.901801287132685
-0.010499999999999999 -0.0015000000000000013 131.66631691270962
-0.010000000000000002 -0.0015000000000000013 200.06417034459184
-0.0095000000000000015 -0.0015000000000000013 297.85218813561937
-0.0090000000000000011 -0.0015000000000000013 434.47932966918955
-0.0085000000000000006 -0.0015000000000000013 620.97525122133413
-0.0080000000000000002 -0.0015000000000000013 869.59355290005237
-0.0074999999999999997 -0.0015000000000000013 1193.1503637725805
-0.0069999999999999993 -0.0015000000000000013 1604.0241106171529
-0.0064999999999999988 -0.0015000000000000013 2112.8246416646562
-0.0059999999999999984 -0.0015000000000000013 2726.797342133832
-0.0054999999999999979 -0.0015000000000000013 3448.0941680130195
-0.005000000000000001 -0.0015000000000000013 4272.1079802870327
-0.0044999999999999971 -0.0015000000000000013 5186.115345840758
-0.0040000000000000001 -0.0015000000000000013 6168.4914866678009
-0.0035000000000000031 -0.0015000000000000013 7188.7373251116196
-0.0029999999999999992 -0.0015000000000000013 8208.4868611589809
-0.0025000000000000022 -0.0015000000000000013 9183.5468771612977
-0.0019999999999999983 -0.0015000000000000013 10066.874032602782
-0.0015000000000000013 -0.0015000000000000013 10812.239788817415
-0.00099999999999999742 -0.0015000000000000013 11378.19966322706
-0.00050000000000000044 -0.0015000000000000013 11731.898027545405
0 -0.0015000000000000013 11852.22413738748
0.00050000000000000044 -0.0015000000000000013 11731.898027545405
0.0010000000000000009 -0.0015000000000000013 11378.199663227057
0.0015000000000000013 -0.0015000000000000013 10812.239788817415
0.0020000000000000018 -0.0015000000000000013 10066.874032602775
0.0024999999999999988 -0.0015000000000000013 9183.546877161305
0.0030000000000000027 -0.0015000000000000013 8208.4868611589736
0.0034999999999999996 -0.0015000000000000013 7188.7373251116269
0.0040000000000000036 -0.0015000000000000013 6168.4914866677937
0.0045000000000000005 -0.0015000000000000013 5186.1153458407516
0.0049999999999999975 -0.0015000000000000013 4272.107980287039
0.0055000000000000014 -0.0015000000000000013 3448.0941680130131
0.0059999999999999984 -0.0015000000000000013 2726.797342133832
0.0064999999999999988 -0.0015000000000000013 2112.8246416646562
0.0069999999999999993 -0.0015000000000000013 1604.0241106171529
0.0074999999999999997 -0.0015000000000000013 1193.1503637725805
0.0080000000000000002 -0.0015000000000000013 869.59355290005237
0.0085000000000000006 -0.0015000000000000013 620.97525122133413
0.0090000000000000011 -0.0015000000000000013 434.47932966918955
0.0095000000000000015 -0.0015000000000000013 297.85218813561937
0.010000000000000002 -0.0015000000000000013 200.06417034459184
0.010500000000000002 -0.0015000000000000013 131.66631691270925
0.011000000000000003 -0.0015000000000000013 84.901801287132457
0.011500000000000003 -0.0015000000000000013 53.640889239670535
0.012000000000000004 -0.0015000000000000013 33.205641940853965
0.012499999999999997 -0.0015000000000000013 20.140239912567768
0.013000000000000005 -0.0015000000000000013 11.968900206551851
0.013499999999999998 -0.0015000000000000013 6.9691642418208275
0.014000000000000005 -0.0015000000000000013 3.9759782556175627
0.014499999999999999 -0.0015000000000000013 2.2225121757843977
0.014999999999999999 -0.0015000000000000013 1.2172538153566768
0.0155 -0.0015000000000000013 0.65321325276328446
0.016000000000000007 -0.0015000000000000013 0.3434517056991408
0.016500000000000001 -0.0015000000000000013 0.17693478191074466
0.017000000000000001 -0.0015000000000000013 0.089309488059553188
0.017500000000000002 -0.0015000000000000013 0.044169128677782353
0.017999999999999995 -0.0015000000000000013 0.021403111377556468
0.018500000000000003 -0.0015000000000000013 0.010161827964678684
0.019000000000000003 -0.0015000000000000013 0.0047271960303453941
0.019500000000000003 -0.0015000000000000013 0.0021546276740953768
0.019999999999999997 -0.0015000000000000013 0.00096222736182031705
0.020499999999999997 -0.0015000000000000013 0.00042103676318292897
0.021000000000000005 -0.0015000000000000013 0.0001805091335422041
0.021500000000000005 -0.0015000000000000013 7.582548418090266e-05
0.021999999999999999 -0.0015000000000000013 3.1208151821481842e-05
0.022499999999999999 -0.0015000000000000013 1.258513142741269e-05
0.023000000000000007 -0.0015000000000000013 4.9726089556038939e-06
0.023500000000000007 -0.0015000000000000013 1.9250752373313867e-06
0.024 -0.0015000000000000013 7.3021030024649305e-07
0.024500000000000001 -0.0015000000000000013 2.7138450605777408e-07
0.025000000000000001 -0.0015000000000000013 9.8823217806150774e-08
-0.025000000000000001 -0.00099999999999999742 1.0399605683217483e-07
-0.024500000000000001 -0.00099999999999999742 2.8558995691394464e-07
-0.024 -0.00099999999999999742 7.6843269800052267e-07
-0.0235 -0.00099999999999999742 2.025842086830621e-06
-0.023 -0.00099999999999999742 5.2328970360544474e-06
-0.022500000000000003 -0.00099999999999999742 1.324389219680044e-05
-0.022000000000000002 -0.00099999999999999742 3.2841722851205846e-05
-0.021500000000000002 -0.00099999999999999742 7.9794521340850172e-05
-0.021000000000000001 -0.00099999999999999742 0.00018995777032281073
-0.020500000000000001 -0.00099999999999999742 0.00044307566707953719
-0.02 -0.00099999999999999742 0.0010125945463709718
-0.0195 -0.00099999999999999742 0.0022674103011595635
-0.019 -0.00099999999999999742 0.0049746381259610879
-0.018500000000000003 -0.00099999999999999742 0.01069374244225163
-0.018000000000000002 -0.00099999999999999742 0.022523443747519641
-0.017500000000000002 -0.00099999999999999742 0.04648113386889146
-0.017000000000000001 -0.00099999999999999742 0.093984336900591076
-0.016500000000000001 -0.00099999999999999742 0.18619632150890228
-0.016 -0.00099999999999999742 0.3614294686807159
-0.0155 -0.00099999999999999742 0.68740528861500361
-0.015000000000000001 -0.00099999999999999742 1.2809701988183555
-0.014500000000000001 -0.00099999999999999742 2.3388481742869236
-0.014 -0.00099999999999999742 4.1840983304731338
-0.0135 -0.00099999999999999742 7.3339607498598358
-0.012999999999999999 -0.00099999999999999742 12.595404741230066
-0.012500000000000001 -0.00099999999999999742 21.19446807196217
-0.012 -0.00099999999999999742 34.943770331418825
-0.0115 -0.00099999999999999742 56.448687765255031
-0.010999999999999999 -0.00099999999999999742 89.345932543203759
-0.010499999999999999 -0.00099999999999999742 138.55830725322792
-0.010000000000000002 -0.00099999999999999742 210.53640319677118
-0.0095000000000000015 -0.00099999999999999742 313.44307312174595
-0.0090000000000000011 -0.00099999999999999742 457.22187623271316
-0.0085000000000000006 -0.00099999999999999742 653.47980920905161
-0.0080000000000000002 -0.00099999999999999742 915.11187913027197
-0.0074999999999999997 -0.00099999999999999742 1255.6050672588053
-0.0069999999999999993 -0.00099999999999999742 1687.9857413177444
-0.0064999999999999988 -0.00099999999999999742 2223.4191153538968
-0.0059999999999999984 -0.00099999999999999742 2869.529829706918
-0.0054999999999999979 -0.00099999999999999742 3628.5824831445057
-0.005000000000000001 -0.00099999999999999742 4495.728778864619
-0.0044999999999999971 -0.00099999999999999742 5457.5792836681121
-0.0040000000000000001 -0.00099999999999999742 6491.3772841787095
-0.0035000000000000031 -0.00099999999999999742 7565.0272477502212
-0.0029999999999999992 -0.00099999999999999742 8638.1549302892618
-0.0025000000000000022 -0.00099999999999999742 9664.2538480341464
-0.0019999999999999983 -0.00099999999999999742 10593.818206471567
-0.0015000000000000013 -0.00099999999999999742 11378.19966322706
-0.00099999999999999742 -0.00099999999999999742 11973.784350413525
-0.00050000000000000044 -0.00099999999999999742 12345.996832598135
0 -0.00099999999999999742 12472.621336791846
0.00050000000000000044 -0.00099999999999999742 12345.996832598135
0.0010000000000000009 -0.00099999999999999742 11973.78435041352
0.0015000000000000013 -0.00099999999999999742 11378.19966322706
0.0020000000000000018 -0.00099999999999999742 10593.81820647156
0.0024999999999999988 -0.00099999999999999742 9664.2538480341536
0.0030000000000000027 -0.00099999999999999742 8638.1549302892545
0.0034999999999999996 -0.00099999999999999742 7565.0272477502267
0.0040000000000000036 -0.00099999999999999742 6491.3772841787013
0.0045000000000000005 -0.00099999999999999742 5457.5792836681057
0.0049999999999999975 -0.00099999999999999742 4495.7287788646254
0.0055000000000000014 -0.00099999999999999742 3628.5824831444997
0.0059999999999999984 -0.00099999999999999742 2869.529829706918
0.0064999999999999988 -0.00099999999999999742 2223.4191153538968
0.0069999999999999993 -0.00099999999999999742 1687.9857413177444
0.0074999999999999997 -0.00099999999999999742 1255.6050672588053
0.0080000000000000002 -0.00099999999999999742 915.11187913027197
0.0085000000000000006 -0.00099999999999999742 653.47980920905161
0.0090000000000000011 -0.00099999999999999742 457.22187623271316
0.0095000000000000015 -0.00099999999999999742 313.44307312174595
0.010000000000000002 -0.00099999999999999742 210.53640319677118
0.010500000000000002 -0.00099999999999999742 138.55830725322753
0.011000000000000003 -0.00099999999999999742 89.345932543203446
0.011500000000000003 -0.00099999999999999742 56.448687765254832
0.012000000000000004 -0.00099999999999999742 34.943770331418698
0.012499999999999997 -0.00099999999999999742 21.194468071962262
0.013000000000000005 -0.00099999999999999742 12.595404741229999
0.013499999999999998 -0.00099999999999999742 7.3339607498598411
0.014000000000000005 -0.00099999999999999742 4.1840983304731116
0.014499999999999999 -0.00099999999999999742 2.338848174286928
0.014999999999999999 -0.00099999999999999742 1.2809701988183577
0.0155 -0.00099999999999999742 0.68740528861500361
0.016000000000000007 -0.00099999999999999742 0.36142946868071202
0.016500000000000001 -0.00099999999999999742 0.18619632150890228
0.017000000000000001 -0.00099999999999999742 0.093984336900591076
0.017500000000000002 -0.00099999999999999742 0.04648113386889146
0.017999999999999995 -0.00099999999999999742 0.022523443747519842
0.018500000000000003 -0.00099999999999999742 0.01069374244225163
0.019000000000000003 -0.00099999999999999742 0.0049746381259610714
0.019500000000000003 -0.00099999999999999742 0.0022674103011595518
0.019999999999999997 -0.00099999999999999742 0.001012594546370979
0.020499999999999997 -0.00099999999999999742 0.00044307566707954039
0.021000000000000005 -0.00099999999999999742 0.0001899577703228094
0.021500000000000005 -0.00099999999999999742 7.9794521340849603e-05
0.021999999999999999 -0.00099999999999999742 3.2841722851206083e-05
0.022499999999999999 -0.00099999999999999742 1.3243892196800533e-05
0.023000000000000007 -0.00099999999999999742 5.2328970360543924e-06
0.023500000000000007 -0.00099999999999999742 2.0258420868305922e-06
0.024 -0.00099999999999999742 7.6843269800052267e-07
0.024500000000000001 -0.00099999999999999742 2.8558995691394464e-07
0.025000000000000001 -0.00099999999999999742 1.0399605683217483e-07
-0.025000000000000001 -0.00050000000000000044 1.0722883849235056e-07
-0.024500000000000001 -0.00050000000000000044 2.9446769712030348e-07
-0.024 -0.00050000000000000044 7.9231990304315538e-07
-0.0235 -0.00050000000000000044 2.088816639368578e-06
-0.023 -0.00050000000000000044 5.3955648725383302e-06
-0.022500000000000003 -0.00050000000000000044 1.3655586765876783e-05
-0.022000000000000002 -0.00050000000000000044 3.3862628090846676e-05
-0.021500000000000002 -0.00050000000000000044 8.2274983322110537e-05
-0.021000000000000001 -0.00050000000000000044 0.0001958627249414119
-0.020500000000000001 -0.00050000000000000044 0.00045684894785802247
-0.02 -0.00050000000000000044 0.0010440716732776651
-0.0195 -0.00050000000000000044 0.0023378941508454295
-0.019 -0.00050000000000000044 0.0051292778247101524
-0.018500000000000003 -0.00050000000000000044 0.011026164031098414
-0.018000000000000002 -0.00050000000000000044 0.023223598908099288
-0.017500000000000002 -0.00050000000000000044 0.047926028624449502
-0.017000000000000001 -0.00050000000000000044 0.096905898062917675
-0.016500000000000001 -0.00050000000000000044 0.19198434916785037
-0.016 -0.00050000000000000044 0.3726647269528986
-0.0155 -0.00050000000000000044 0.70877370659000838
-0.015000000000000001 -0.00050000000000000044 1.3207899486445835
-0.014500000000000001 -0.00050000000000000044 2.4115527143828186
-0.014 -0.00050000000000000044 4.3141636113996382
-0.0135 -0.00050000000000000044 7.5619414496170947
-0.012999999999999999 -0.00050000000000000044 12.986940677209336
-0.012500000000000001 -0.00050000000000000044 21.85331120282039
-0.012 -0.00050000000000000044 36.030019015319411
-0.0115 -0.00050000000000000044 58.203430090177868
-0.010999999999999999 -0.00050000000000000044 92.123306041153526
-0.010499999999999999 -0.00050000000000000044 142.86547781524325
-0.010000000000000002 -0.00050000000000000044 217.08105732872781
-0.0095000000000000015 -0.00050000000000000044 323.18664464900399
-0.0090000000000000011 -0.00050000000000000044 471.43490066018285
-0.0085000000000000006 -0.00050000000000000044 673.79363270252588
-0.0080000000000000002 -0.00050000000000000044 943.55869711525906
-0.0074999999999999997 -0.00050000000000000044 1294.6363263036396
-0.0069999999999999993 -0.00050000000000000044 1740.4578206772167
-0.0064999999999999988 -0.00050000000000000044 2292.5354718576787
-0.0059999999999999984 -0.00050000000000000044 2958.7309368390265
-0.0054999999999999979 -0.00050000000000000044 3741.3792108403882
-0.005000000000000001 -0.00050000000000000044 4635.4812847590638
-0.0044999999999999971 -0.00050000000000000044 5627.2315065948824
-0.0040000000000000001 -0.00050000000000000044 6693.1657564804937
-0.0035000000000000031 -0.00050000000000000044 7800.1907923134786
-0.0029999999999999992 -0.00050000000000000044 8906.6773116855111
-0.0025000000000000022 -0.00050000000000000044 9964.673148062273
-0.0019999999999999983 -0.00050000000000000044 10923.13358873057
-0.0015000000000000013 -0.00050000000000000044 11731.898027545405
-0.00099999999999999742 -0.00050000000000000044 12345.996832598135
-0.00050000000000000044 -0.00050000000000000044 12729.779769689865
0 -0.00050000000000000044 12860.34047480653
0.00050000000000000044 -0.00050000000000000044 12729.779769689865
0.0010000000000000009 -0.00050000000000000044 12345.996832598132
0.0015000000000000013 -0.00050000000000000044 11731.898027545405
0.0020000000000000018 -0.00050000000000000044 10923.133588730563
0.0024999999999999988 -0.00050000000000000044 9964.6731480622802
0.0030000000000000027 -0.00050000000000000044 8906.6773116855038
0.0034999999999999996 -0.00050000000000000044 7800.1907923134868
0.0040000000000000036 -0.00050000000000000044 6693.1657564804846
0.0045000000000000005 -0.00050000000000000044 5627.2315065948751
0.0049999999999999975 -0.00050000000000000044 4635.4812847590711
0.0055000000000000014 -0.00050000000000000044 3741.3792108403823
0.0059999999999999984 -0.00050000000000000044 2958.7309368390265
0.0064999999999999988 -0.00050000000000000044 2292.5354718576787
0.0069999999999999993 -0.00050000000000000044 1740.4578206772167
0.0074999999999999997 -0.00050000000000000044 1294.6363263036396
0.0080000000000000002 -0.00050000000000000044 943.55869711525906
0.0085000000000000006 -0.00050000000000000044 673.79363270252588
0.0090000000000000011 -0.00050000000000000044 471.43490066018285
0.0095000000000000015 -0.00050000000000000044 323.18664464900399
0.010000000000000002 -0.00050000000000000044 217.08105732872781
0.010500000000000002 -0.00050000000000000044 142.86547781524285
0.011000000000000003 -0.00050000000000000044 92.123306041153199
0.011500000000000003 -0.00050000000000000044 58.203430090177704
0.012000000000000004 -0.00050000000000000044 36.030019015319283
0.012499999999999997 -0.00050000000000000044 21.853311202820489
0.013000000000000005 -0.00050000000000000044 12.986940677209255
0.013499999999999998 -0.00050000000000000044 7.5619414496171071
0.014000000000000005 -0.00050000000000000044 4.3141636113996071
0.014499999999999999 -0.00050000000000000044 2.411552714382827
0.014999999999999999 -0.00050000000000000044 1.3207899486445882
0.0155 -0.00050000000000000044 0.70877370659000838
0.016000000000000007 -0.00050000000000000044 0.37266472695289399
0.016500000000000001 -0.00050000000000000044 0.19198434916785037
0.017000000000000001 -0.00050000000000000044 0.096905898062917675
0.017500000000000002 -0.00050000000000000044 0.047926028624449502
0.017999999999999995 -0.00050000000000000044 0.023223598908099493
0.018500000000000003 -0.00050000000000000044 0.011026164031098414
0.019000000000000003 -0.00050000000000000044 0.0051292778247101342
0.019500000000000003 -0.00050000000000000044 0.0023378941508454213
0.019999999999999997 -0.00050000000000000044 0.0010440716732776725
0.020499999999999997 -0.00050000000000000044 0.00045684894785802578
0.021000000000000005 -0.00050000000000000044 0.00019586272494141049
0.021500000000000005 -0.00050000000000000044 8.2274983322109941e-05
0.021999999999999999 -0.00050000000000000044 3.3862628090846804e-05
0.022499999999999999 -0.00050000000000000044 1.365558676587683e-05
0.023000000000000007 -0.00050000000000000044 5.395564872538254e-06
0.023500000000000007 -0.00050000000000000044 2.0888166393685484e-06
0.024 -0.00050000000000000044 7.9231990304315538e-07
0.024500000000000001 -0.00050000000000000044 2.9446769712030348e-07
0.025000000000000001 -0.00050000000000000044 1.0722883849235056e-07
-0.025000000000000001 0 1.0832861185965878e-07
-0.024500000000000001 0 2.9748785228918185e-07
-0.024 0 8.0044619015030573e-07
-0.0235 0 2.1102402129283319e-06
-0.023 0 5.4509035168044876e-06
-0.022500000000000003 0 1.3795642844551448e-05
-0.022000000000000002 0 3.4209934067904523e-05
-0.021500000000000002 0 8.3118821945428359e-05
-0.021000000000000001 0 0.00019787155588248633
-0.020500000000000001 0 0.00046153453722745972
-0.02 0 0.0010547800073039933
-0.0195 0 0.002361872343268622
-0.019 0 0.0051818853435871039
-0.018500000000000003 0 0.011139251906668724
-0.018000000000000002 0 0.023461787588786982
-0.017500000000000002 0 0.04841757334901324
-0.017000000000000001 0 0.097899796041512915
-0.016500000000000001 0 0.19395340224278251
-0.016 0 0.37648689594587043
-0.0155 0 0.71604311710415491
-0.015000000000000001 0 1.3343363940761577
-0.014500000000000001 0 2.4362863726638162
-0.014 0 4.3584110574107706
-0.0135 0 7.6394991470459024
-0.012999999999999999 0 13.120138907092469
-0.012500000000000001 0 22.077445773205319
-0.012 0 36.399554449012285
-0.0115 0 58.800383141233468
-0.010999999999999999 0 93.068152221686049
-0.010499999999999999 0 144.33075198791985
-0.010000000000000002 0 219.30751029375037
-0.0095000000000000015 0 326.5013505569674
-0.0090000000000000011 0 476.27008824083163
-0.0085000000000000006 0 680.70427635703959
-0.0080000000000000002 0 953.2361378128312
-0.0074999999999999997 0 1307.9145317942259
-0.0069999999999999993 0 1758.3085144366239
-0.0064999999999999988 0 2316.0484511178056
-0.0059999999999999984 0 2989.0766305079756
-0.0054999999999999979 0 3779.7519962863112
-0.005000000000000001 0 4683.0242679090388
-0.0044999999999999971 0 5684.9461981801269
-0.0040000000000000001 0 6761.8130116914199
-0.0035000000000000031 0 7880.1920514329668
-0.0029999999999999992 0 8998.0270515159755
-0.0025000000000000022 0 10066.874032602775
-0.0019999999999999983 0 11035.164751031105
-0.0015000000000000013 0 11852.22413738748
-0.00099999999999999742 0 12472.621336791846
-0.00050000000000000044 0 12860.34047480653
0 0 12992.240252399621
0.00050000000000000044 0 12860.34047480653
0.0010000000000000009 0 12472.621336791844
0.0015000000000000013 0 11852.22413738748
0.0020000000000000018 0 11035.1647510311
0.0024999999999999988 0 10066.874032602784
0.0030000000000000027 0 8998.0270515159682
0.0034999999999999996 0 7880.192051432974
0.0040000000000000036 0 6761.8130116914126
0.0045000000000000005 0 5684.9461981801187
0.0049999999999999975 0 4683.0242679090452
0.0055000000000000014 0 3779.7519962863043
0.0059999999999999984 0 2989.0766305079756
0.0064999999999999988 0 2316.0484511178056
0.0069999999999999993 0 1758.3085144366239
0.0074999999999999997 0 1307.9145317942259
0.0080000000000000002 0 953.2361378128312
0.0085000000000000006 0 680.70427635703959
0.0090000000000000011 0 476.27008824083163
0.0095000000000000015 0 326.5013505569674
0.010000000000000002 0 219.30751029375037
0.010500000000000002 0 144.33075198791948
0.011000000000000003 0 93.068152221685722
0.011500000000000003 0 58.800383141233311
0.012000000000000004 0 36.39955444901215
0.012499999999999997 0 22.077445773205419
0.013000000000000005 0 13.120138907092388
0.013499999999999998 0 7.6394991470459166
0.014000000000000005 0 4.3584110574107475
0.014499999999999999 0 2.4362863726638206
0.014999999999999999 0 1.3343363940761601
0.0155 0 0.71604311710415491
0.016000000000000007 0 0.37648689594586643
0.016500000000000001 0 0.19395340224278251
0.017000000000000001 0 0.097899796041512915
0.017500000000000002 0 0.04841757334901324
0.017999999999999995 0 0.023461787588787194
0.018500000000000003 0 0.011139251906668724
0.019000000000000003 0 0.0051818853435870848
0.019500000000000003 0 0.0023618723432686137
0.019999999999999997 0 0.0010547800073040009
0.020499999999999997 0 0.00046153453722746303
0.021000000000000005 0 0.00019787155588248489
0.021500000000000005 0 8.3118821945428047e-05
0.021999999999999999 0 3.4209934067904767e-05
0.022499999999999999 0 1.37956428445515e-05
0.023000000000000007 0 5.45090351680443e-06
0.023500000000000007 0 2.1102402129283018e-06
0.024 0 8.0044619015030573e-07
0.024500000000000001 0 2.9748785228918185e-07
0.025000000000000001 0 1.0832861185965878e-07
-0.025000000000000001 0.00050000000000000044 1.0722883849235056e-07
-0.024500000000000001 0.00050000000000000044 2.9446769712030348e-07
-0.024 0.00050000000000000044 7.9231990304315538e-07
-0.0235 0.00050000000000000044 2.088816639368578e-06
-0.023 0.00050000000000000044 5.3955648725383302e-06
-0.022500000000000003 0.00050000000000000044 1.3655586765876783e-05
-0.022000000000000002 0.00050000000000000044 3.3862628090846676e-05
-0.021500000000000002 0.00050000000000000044 8.2274983322110537e-05
-0.021000000000000001 0.00050000000000000044 0.0001958627249414119
-0.020500000000000001 0.00050000000000000044 0.00045684894785802247
-0.02 0.00050000000000000044 0.0010440716732776651
-0.0195 0.00050000000000000044 0.0023378941508454295
-0.019 0.00050000000000000044 0.0051292778247101524
-0.018500000000000003 0.00050000000000000044 0.011026164031098414
-0.018000000000000002 0.00050000000000000044 0.023223598908099288
-0.017500000000000002 0.00050000000000000044 0.047926028624449502
-0.017000000000000001 0.00050000000000000044 0.096905898062917675
-0.016500000000000001 0.00050000000000000044 0.19198434916785037
-0.016 0.00050000000000000044 0.3726647269528986
-0.0155 0.00050000000000000044 0.70877370659000838
-0.015000000000000001 0.00050000000000000044 1.3207899486445835
-0.014500000000000001 0.00050000000000000044 2.4115527143828186
-0.014 0.00050000000000000044 4.3141636113996382
-0.0135 0.00050000000000000044 7.5619414496170947
-0.012999999999999999 0.00050000000000000044 12.986940677209336
-0.012500000000000001 0.00050000000000000044 21.85331120282039
-0.012 0.00050000000000000044 36.030019015319411
-0.0115 0.00050000000000000044 58.203430090177868
-0.010999999999999999 0.00050000000000000044 92.123306041153526
-0.010499999999999999 0.00050000000000000044 142.86547781524325
-0.010000000000000002 0.00050000000000000044 217.08105732872781
-0.0095000000000000015 0.00050000000000000044 323.18664464900399
-0.0090000000000000011 0.00050000000000000044 471.43490066018285
-0.0085000000000000006 0.00050000000000000044 673.79363270252588
-0.0080000000000000002 0.00050000000000000044 943.55869711525906
-0.0074999999999999997 0.00050000000000000044 1294.6363263036396
-0.0069999999999999993 0.00050000000000000044 1740.4578206772167
-0.0064999999999999988 0.00050000000000000044 2292.5354718576787
-0.0059999999999999984 0.00050000000000000044 2958.7309368390265
-0.0054999999999999979 0.00050000000000000044 3741.3792108403882
-0.005000000000000001 0.00050000000000000044 4635.4812847590638
-0.0044999999999999971 0.00050000000000000044 5627.2315065948824
-0.0040000000000000001 0.00050000000000000044 6693.1657564804937
-0.0035000000000000031 0.00050000000000000044 7800.1907923134786
-0.0029999999999999992 0.00050000000000000044 8906.6773116855111
-0.0025000000000000022 0.00050000000000000044 9964.673148062273
-0.0019999999999999983 0.00050000000000000044 10923.13358873057
-0.0015000000000000013 0.00050000000000000044 11731.898027545405
-0.00099999999999999742 0.00050000000000000044 12345.996832598135
-0.00050000000000000044 0.00050000000000000044 12729.779769689865
0 0.00050000000000000044 12860.34047480653
0.00050000000000000044 0.00050000000000000044 12729.779769689865
0.0010000000000000009 0.00050000000000000044 12345.996832598132
0.0015000000000000013 0.00050000000000000044 11731.898027545405
0.0020000000000000018 0.00050000000000000044 10923.133588730563
0.0024999999999999988 0.00050000000000000044 9964.6731480622802
0.0030000000000000027 0.00050000000000000044 8906.6773116855038
0.0034999999999999996 0.00050000000000000044 7800.1907923134868
0.0040000000000000036 0.00050000000000000044 6693.1657564804846
0.0045000000000000005 0.00050000000000000044 5627.2315065948751
0.0049999999999999975 0.00050000000000000044 4635.4812847590711
0.0055000000000000014 0.00050000000000000044 3741.3792108403823
0.0059999999999999984 0.00050000000000000044 2958.7309368390265
0.0064999999999999988 0.00050000000000000044 2292.5354718576787
0.0069999999999999993 0.00050000000000000044 1740.4578206772167
0.0074999999999999997 0.00050000000000000044 1294.6363263036396
0.0080000000000000002 0.00050000000000000044 943.55869711525906
0.0085000000000000006 0.00050000000000000044 673.79363270252588
0.0090000000000000011 0.00050000000000000044 471.43490066018285
0.0095000000000000015 0.00050000000000000044 323.18664464900399
0.010000000000000002 0.00050000000000000044 217.08105732872781
0.010500000000000002 0.00050000000000000044 142.86547781524285
0.011000000000000003 0.00050000000000000044 92.123306041153199
0.011500000000000003 0.00050000000000000044 58.203430090177704
0.012000000000000004 0.00050000000000000044 36.030019015319283
0.012499999999999997 0.00050000000000000044 21.853311202820489
0.013000000000000005 0.00050000000000000044 12.986940677209255
0.013499999999999998 0.00050000000000000044 7.5619414496171071
0.014000000000000005 0.00050000000000000044 4.3141636113996071
0.014499999999999999 0.00050000000000000044 2.411552714382827
0.014999999999999999 0.00050000000000000044 1.3207899486445882
0.0155 0.00050000000000000044 0.70877370659000838
0.016000000000000007 0.00050000000000000044 0.37266472695289399
0.016500000000000001 0.00050000000000000044 0.19198434916785037
0.017000000000000001 0.00050000000000000044 0.096905898062917675
0.017500000000000002 0.00050000000000000044 0.047926028624449502
0.017999999999999995 0.00050000000000000044 0.023223598908099493
0.018500000000000003 0.00050000000000000044 0.011026164031098414
0.019000000000000003 0.00050000000000000044 0.0051292778247101342
0.019500000000000003 0.00050000000000000044 0.0023378941508454213
0.019999999999999997 0.00050000000000000044 0.0010440716732776725
0.020499999999999997 0.00050000000000000044 0.00045684894785802578
0.021000000000000005 0.00050000000000000044 0.00019586272494141049
0.021500000000000005 0.00050000000000000044 8.2274983322109941e-05
0.021999999999999999 0.00050000000000000044 3.3862628090846804e-05
0.022499999999999999 0.00050000000000000044 1.365558676587683e-05
0.023000000000000007 0.00050000000000000044 5.395564872538254e-06
0.023500000000000007 0.00050000000000000044 2.0888166393685484e-06
0.024 0.00050000000000000044 7.9231990304315538e-07
0.024500000000000001 0.00050000000000000044 2.9446769712030348e-07
0.025000000000000001 0.00050000000000000044 1.0722883849235056e-07
-0.025000000000000001 0.0010000000000000009 1.0399605683217483e-07
-0.024500000000000001 0.0010000000000000009 2.8558995691394464e-07
-0.024 0.0010000000000000009 7.6843269800052267e-07
-0.0235 0.0010000000000000009 2.025842086830621e-06
-0.023 0.0010000000000000009 5.2328970360544474e-06
-0.022500000000000003 0.0010000000000000009 1.324389219680044e-05
-0.022000000000000002 0.0010000000000000009 3.2841722851205738e-05
-0.021500000000000002 0.0010000000000000009 7.9794521340849874e-05
-0.021000000000000001 0.0010000000000000009 0.00018995777032281008
-0.020500000000000001 0.0010000000000000009 0.00044307566707953568
-0.02 0.0010000000000000009 0.0010125945463709681
-0.0195 0.0010000000000000009 0.0022674103011595596
-0.019 0.0010000000000000009 0.0049746381259610801
-0.018500000000000003 0.0010000000000000009 0.010693742442251611
-0.018000000000000002 0.0010000000000000009 0.022523443747519599
-0.017500000000000002 0.0010000000000000009 0.046481133868891376
-0.017000000000000001 0.0010000000000000009 0.093984336900590756
-0.016500000000000001 0.0010000000000000009 0.18619632150890195
-0.016 0.0010000000000000009 0.36142946868071524
-0.0155 0.0010000000000000009 0.68740528861500361
-0.015000000000000001 0.0010000000000000009 1.2809701988183555
-0.014500000000000001 0.0010000000000000009 2.3388481742869236
-0.014 0.0010000000000000009 4.1840983304731338
-0.0135 0.0010000000000000009 7.3339607498598358
-0.012999999999999999 0.0010000000000000009 12.595404741230066
-0.012500000000000001 0.0010000000000000009 21.19446807196217
-0.012 0.0010000000000000009 34.943770331418825
-0.0115 0.0010000000000000009 56.448687765255031
-0.010999999999999999 0.0010000000000000009 89.345932543203759
-0.010499999999999999 0.0010000000000000009 138.55830725322792
-0.010000000000000002 0.0010000000000000009 210.53640319677118
-0.0095000000000000015 0.0010000000000000009 313.44307312174595
-0.0090000000000000011 0.0010000000000000009 457.22187623271316
-0.0085000000000000006 0.0010000000000000009 653.47980920905161
-0.0080000000000000002 0.0010000000000000009 915.11187913027197
-0.0074999999999999997 0.0010000000000000009 1255.6050672588049
-0.0069999999999999993 0.0010000000000000009 1687.9857413177438
-0.0064999999999999988 0.0010000000000000009 2223.4191153538954
-0.0059999999999999984 0.0010000000000000009 2869.5298297069171
-0.0054999999999999979 0.0010000000000000009 3628.5824831445047
-0.005000000000000001 0.0010000000000000009 4495.7287788646172
-0.0044999999999999971 0.0010000000000000009 5457.5792836681112
-0.0040000000000000001 0.0010000000000000009 6491.3772841787077
-0.0035000000000000031 0.0010000000000000009 7565.0272477502185
-0.0029999999999999992 0.0010000000000000009 8638.1549302892581
-0.0025000000000000022 0.0010000000000000009 9664.2538480341427
-0.0019999999999999983 0.0010000000000000009 10593.818206471566
-0.0015000000000000013 0.0010000000000000009 11378.199663227057
-0.00099999999999999742 0.0010000000000000009 11973.78435041352
-0.00050000000000000044 0.0010000000000000009 12345.996832598132
0 0.0010000000000000009 12472.621336791844
0.00050000000000000044 0.0010000000000000009 12345.996832598132
0.0010000000000000009 0.0010000000000000009 11973.784350413518
0.0015000000000000013 0.0010000000000000009 11378.199663227057
0.0020000000000000018 0.0010000000000000009 10593.818206471558
0.0024999999999999988 0.0010000000000000009 9664.25384803415
0.0030000000000000027 0.0010000000000000009 8638.1549302892508
0.0034999999999999996 0.0010000000000000009 7565.0272477502258
0.0040000000000000036 0.0010000000000000009 6491.3772841786986
0.0045000000000000005 0.0010000000000000009 5457.5792836681048
0.0049999999999999975 0.0010000000000000009 4495.7287788646236
0.0055000000000000014 0.0010000000000000009 3628.5824831444988
0.0059999999999999984 0.0010000000000000009 2869.5298297069171
0.0064999999999999988 0.0010000000000000009 2223.4191153538954
0.0069999999999999993 0.0010000000000000009 1687.9857413177438
0.0074999999999999997 0.0010000000000000009 1255.6050672588049
0.0080000000000000002 0.0010000000000000009 915.11187913027197
0.0085000000000000006 0.0010000000000000009 653.47980920905161
0.0090000000000000011 0.0010000000000000009 457.22187623271316
0.0095000000000000015 0.0010000000000000009 313.44307312174595
0.010000000000000002 0.0010000000000000009 210.53640319677118
0.010500000000000002 0.0010000000000000009 138.55830725322753
0.011000000000000003 0.0010000000000000009 89.345932543203446
0.011500000000000003 0.0010000000000000009 56.448687765254832
0.012000000000000004 0.0010000000000000009 34.943770331418698
0.012499999999999997 0.0010000000000000009 21.194468071962262
0.013000000000000005 0.0010000000000000009 12.595404741229999
0.013499999999999998 0.0010000000000000009 7.3339607498598411
0.014000000000000005 0.0010000000000000009 4.1840983304731116
0.014499999999999999 0.0010000000000000009 2.338848174286928
0.014999999999999999 0.0010000000000000009 1.2809701988183577
0.0155 0.0010000000000000009 0.68740528861500361
0.016000000000000007 0.0010000000000000009 0.36142946868071074
0.016500000000000001 0.0010000000000000009 0.18619632150890195
0.017000000000000001 0.0010000000000000009 0.093984336900590756
0.017500000000000002 0.0010000000000000009 0.046481133868891376
0.017999999999999995 0.0010000000000000009 0.0225234437475198
0.018500000000000003 0.0010000000000000009 0.010693742442251611
0.019000000000000003 0.0010000000000000009 0.0049746381259610619
0.019500000000000003 0.0010000000000000009 0.0022674103011595475
0.019999999999999997 0.0010000000000000009 0.0010125945463709753
0.020499999999999997 0.0010000000000000009 0.00044307566707953877
0.021000000000000005 0.0010000000000000009 0.00018995777032280873
0.021500000000000005 0.0010000000000000009 7.9794521340849603e-05
0.021999999999999999 0.0010000000000000009 3.2841722851205968e-05
0.022499999999999999 0.0010000000000000009 1.3243892196800533e-05
0.023000000000000007 0.0010000000000000009 5.2328970360543924e-06
0.023500000000000007 0.0010000000000000009 2.0258420868305922e-06
0.024 0.0010000000000000009 7.6843269800052267e-07
0.024500000000000001 0.0010000000000000009 2.8558995691394464e-07
0.025000000000000001 0.0010000000000000009 1.0399605683217483e-07
-0.025000000000000001 0.0015000000000000013 9.8823217806150774e-08
-0.024500000000000001 0.0015000000000000013 2.7138450605777408e-07
-0.024 0.0015000000000000013 7.3021030024649305e-07
-0.0235 0.0015000000000000013 1.9250752373314074e-06
-0.023 0.0015000000000000013 4.9726089556039642e-06
-0.022500000000000003 0.0015000000000000013 1.2585131427412648e-05
-0.022000000000000002 0.0015000000000000013 3.1208151821481626e-05
-0.021500000000000002 0.0015000000000000013 7.5825484180902931e-05
-0.021000000000000001 0.0015000000000000013 0.00018050913354220535
-0.020500000000000001 0.0015000000000000013 0.00042103676318292594
-0.02 0.0015000000000000013 0.00096222736182031011
-0.0195 0.0015000000000000013 0.0021546276740953886
-0.019 0.0015000000000000013 0.0047271960303454201
-0.018500000000000003 0.0015000000000000013 0.010161827964678684
-0.018000000000000002 0.0015000000000000013 0.021403111377556277
-0.017500000000000002 0.0015000000000000013 0.044169128677782353
-0.017000000000000001 0.0015000000000000013 0.089309488059553188
-0.016500000000000001 0.0015000000000000013 0.17693478191074466
-0.016 0.0015000000000000013 0.34345170569914441
-0.0155 0.0015000000000000013 0.65321325276328446
-0.015000000000000001 0.0015000000000000013 1.2172538153566745
-0.014500000000000001 0.0015000000000000013 2.2225121757843938
-0.014 0.0015000000000000013 3.975978255617584
-0.0135 0.0015000000000000013 6.9691642418208222
-0.012999999999999999 0.0015000000000000013 11.968900206551913
-0.012500000000000001 0.0015000000000000013 20.140239912567679
-0.012 0.0015000000000000013 33.205641940854051
-0.0115 0.0015000000000000013 53.640889239670713
-0.010999999999999999 0.0015000000000000013 84.901801287132685
-0.010499999999999999 0.0015000000000000013 131.66631691270962
-0.010000000000000002 0.0015000000000000013 200.06417034459184
-0.0095000000000000015 0.0015000000000000013 297.85218813561937
-0.0090000000000000011 0.0015000000000000013 434.47932966918955
-0.0085000000000000006 0.0015000000000000013 620.97525122133413
-0.0080000000000000002 0.0015000000000000013 869.59355290005237
-0.0074999999999999997 0.0015000000000000013 1193.1503637725805
-0.0069999999999999993 0.0015000000000000013 1604.0241106171529
-0.0064999999999999988 0.0015000000000000013 2112.8246416646562
-0.0059999999999999984 0.0015000000000000013 2726.797342133832
-0.0054999999999999979 0.0015000000000000013 3448.0941680130195
-0.005000000000000001 0.0015000000000000013 4272.1079802870327
-0.0044999999999999971 0.0015000000000000013 5186.115345840758
-0.0040000000000000001 0.0015000000000000013 6168.4914866678009
-0.0035000000000000031 0.0015000000000000013 7188.7373251116196
-0.0029999999999999992 0.0015000000000000013 8208.4868611589809
-0.0025000000000000022 0.0015000000000000013 9183.5468771612977
-0.0019999999999999983 0.0015000000000000013 10066.874032602782
-0.0015000000000000013 0.0015000000000000013 10812.239788817415
-0.00099999999999999742 0.0015000000000000013 11378.19966322706
-0.00050000000000000044 0.0015000000000000013 11731.898027545405
0 0.0015000000000000013 11852.22413738748
0.00050000000000000044 0.0015000000000000013 11731.898027545405
0.0010000000000000009 0.0015000000000000013 11378.199663227057
0.0015000000000000013 0.0015000000000000013 10812.239788817415
0.0020000000000000018 0.0015000000000000013 10066.874032602775
0.0024999999999999988 0.0015000000000000013 9183.546877161305
0.0030000000000000027 0.0015000000000000013 8208.4868611589736
0.0034999999999999996 0.0015000000000000013 7188.7373251116269
0.0040000000000000036 0.0015000000000000013 6168.4914866677937
0.0045000000000000005 0.0015000000000000013 5186.1153458407516
0.0049999999999999975 0.0015000000000000013 4272.107980287039
0.0055000000000000014 0.0015000000000000013 3448.0941680130131
0.0059999999999999984 0.0015000000000000013 2726.797342133832
0.0064999999999999988 0.0015000000000000013 2112.8246416646562
0.0069999999999999993 0.0015000000000000013 1604.0241106171529
0.0074999999999999997 0.0015000000000000013 1193.1503637725805
0.0080000000000000002 0.0015000000000000013 869.59355290005237
0.0085000000000000006 0.0015000000000000013 620.97525122133413
0.0090000000000000011 0.0015000000000000013 434.47932966918955
0.0095000000000000015 0.0015000000000000013 297.85218813561937
0.010000000000000002 0.0015000000000000013 200.06417034459184
0.010500000000000002 0.0015000000000000013 131.66631691270925
0.011000000000000003 0.0015000000000000013 84.901801287132457
0.011500000000000003 0.0015000000000000013 53.640889239670535
0.012000000000000004 0.0015000000000000013 33.205641940853965
0.012499999999999997 0.0015000000000000013 20.140239912567768
0.013000000000000005 0.0015000000000000013 11.968900206551851
0.013499999999999998 0.0015000000000000013 6.9691642418208275
0.014000000000000005 0.0015000000000000013 3.9759782556175627
0.014499999999999999 0.0015000000000000013 2.2225121757843977
0.014999999999999999 0.0015000000000000013 1.2172538153566768
0.0155 0.0015000000000000013 0.65321325276328446
0.016000000000000007 0.0015000000000000013 0.3434517056991408
0.016500000000000001 0.0015000000000000013 0.17693478191074466
0.017000000000000001 0.0015000000000000013 0.089309488059553188
0.017500000000000002 0.0015000000000000013 0.044169128677782353
0.017999999999999995 0.0015000000000000013 0.021403111377556468
0.018500000000000003 0.0015000000000000013 0.010161827964678684
0.019000000000000003 0.0015000000000000013 0.0047271960303453941
0.019500000000000003 0.0015000000000000013 0.0021546276740953768
0.019999999999999997 0.0015000000000000013 0.00096222736182031705
0.020499999999999997 0.0015000000000000013 0.00042103676318292897
0.021000000000000005 0.0015000000000000013 0.0001805091335422041
0.021500000000000005 0.0015000000000000013 7.582548418090266e-05
0.021999999999999999 0.0015000000000000013 3.1208151821481842e-05
0.022499999999999999 0.0015000000000000013 1.258513142741269e-05
0.023000000000000007 0.0015000000000000013 4.9726089556038939e-06
0.023500000000000007 0.0015000000000000013 1.9250752373313867e-06
0.024 0.0015000000000000013 7.3021030024649305e-07
0.024500000000000001 0.0015000000000000013 2.7138450605777408e-07
0.025000000000000001 0.0015000000000000013 9.8823217806150774e-08
-0.025000000000000001 0.0020000000000000018 9.2010619869890671e-08
-0.024500000000000001 0.0020000000000000018 2.5267601257875394e-07
-0.024 0.0020000000000000018 6.7987163191601028e-07
-0.0235 0.0020000000000000018 1.7923659016091648e-06
-0.023 0.0020000000000000018 4.6298111165857379e-06
-0.022500000000000003 0.0020000000000000018 1.1717547449747257e-05
-0.022000000000000002 0.0020000000000000018 2.9056748584333899e-05
-0.021500000000000002 0.0020000000000000018 7.0598286073875028e-05
-0.021000000000000001 0.0020000000000000018 0.00016806533563777073
-0.020500000000000001 0.0020000000000000018 0.0003920116590866802
-0.02 0.0020000000000000018 0.00089589408220368824
-0.0195 0.0020000000000000018 0.0020060936314704697
-0.019 0.0020000000000000018 0.0044013162762192295
-0.018500000000000003 0.0020000000000000018 0.0094612997916678262
-0.018000000000000002 0.0020000000000000018 0.019927640373502385
-0.017500000000000002 0.0020000000000000018 0.04112423172384079
-0.017000000000000001 0.0020000000000000018 0.08315274020667085
-0.016500000000000001 0.0020000000000000018 0.16473738987214329
-0.016 0.0020000000000000018 0.31977509980233404
-0.0155 0.0020000000000000018 0.60818254685728923
-0.015000000000000001 0.0020000000000000018 1.133339720931313
-0.014500000000000001 0.0020000000000000018 2.0692983643118503
-0.014 0.0020000000000000018 3.7018853667180602
-0.0135 0.0020000000000000018 6.4887294312035682
-0.012999999999999999 0.0020000000000000018 11.143797496312271
-0.012500000000000001 0.0020000000000000018 18.751827756901157
-0.012 0.0020000000000000018 30.916537287308035
-0.0115 0.0020000000000000018 49.943035441283392
-0.010999999999999999 0.0020000000000000018 79.048907108276282
-0.010499999999999999 0.0020000000000000018 122.58960701813811
-0.010000000000000002 0.0020000000000000018 186.27230256021485
-0.0095000000000000015 0.0020000000000000018 277.31908622647541
-0.0090000000000000011 0.0020000000000000018 404.52753240573622
-0.0085000000000000006 0.0020000000000000018 578.16694352953903
-0.0080000000000000002 0.0020000000000000018 809.64619057582013
-0.0074999999999999997 0.0020000000000000018 1110.8978942989645
-0.0069999999999999993 0.0020000000000000018 1493.447147143479
-0.0064999999999999988 0.0020000000000000018 1967.1723838954497
-0.0059999999999999984 0.0020000000000000018 2538.8195130566655
-0.0054999999999999979 0.0020000000000000018 3210.3921407514304
-0.005000000000000001 0.0020000000000000018 3977.600731321782
-0.0044999999999999971 0.0020000000000000018 4828.5989697641853
-0.0040000000000000001 0.0020000000000000018 5743.2528301575221
-0.0035000000000000031 0.0020000000000000018 6693.1657564804846
-0.0029999999999999992 0.0020000000000000018 7642.6165941146292
-0.0025000000000000022 0.0020000000000000018 8550.4586829919936
-0.0019999999999999983 0.0020000000000000018 9372.8917197253886
-0.0015000000000000013 0.0020000000000000018 10066.874032602775
-0.00099999999999999742 0.0020000000000000018 10593.81820647156
-0.00050000000000000044 0.0020000000000000018 10923.133588730563
0 0.0020000000000000018 11035.1647510311
0.00050000000000000044 0.0020000000000000018 10923.133588730563
0.0010000000000000009 0.0020000000000000018 10593.818206471558
0.0015000000000000013 0.0020000000000000018 10066.874032602775
0.0020000000000000018 0.0020000000000000018 9372.8917197253832
0.0024999999999999988 0.0020000000000000018 8550.4586829920008
0.0030000000000000027 0.0020000000000000018 7642.6165941146219
0.0034999999999999996 0.0020000000000000018 6693.1657564804909
0.0040000000000000036 0.0020000000000000018 5743.2528301575148
0.0045000000000000005 0.0020000000000000018 4828.5989697641789
0.0049999999999999975 0.0020000000000000018 3977.6007313217883
0.0055000000000000014 0.0020000000000000018 3210.3921407514244
0.0059999999999999984 0.0020000000000000018 2538.8195130566655
0.0064999999999999988 0.0020000000000000018 1967.1723838954497
0.0069999999999999993 0.0020000000000000018 1493.447147143479
0.0074999999999999997 0.0020000000000000018 1110.8978942989645
0.0080000000000000002 0.0020000000000000018 809.64619057582013
0.0085000000000000006 0.0020000000000000018 578.16694352953903
0.0090000000000000011 0.0020000000000000018 404.52753240573622
0.0095000000000000015 0.0020000000000000018 277.31908622647541
0.010000000000000002 0.0020000000000000018 186.27230256021485
0.010500000000000002 0.0020000000000000018 122.58960701813778
0.011000000000000003 0.0020000000000000018 79.048907108276069
0.011500000000000003 0.0020000000000000018 49.943035441283214
0.012000000000000004 0.0020000000000000018 30.91653728730795
0.012499999999999997 0.0020000000000000018 18.751827756901239
0.013000000000000005 0.0020000000000000018 11.14379749631221
0.013499999999999998 0.0020000000000000018 6.4887294312035744
0.014000000000000005 0.0020000000000000018 3.7018853667180407
0.014499999999999999 0.0020000000000000018 2.0692983643118574
0.014999999999999999 0.0020000000000000018 1.133339720931315
0.0155 0.0020000000000000018 0.60818254685728923
0.016000000000000007 0.0020000000000000018 0.31977509980233065
0.016500000000000001 0.0020000000000000018 0.16473738987214329
0.017000000000000001 0.0020000000000000018 0.08315274020667085
0.017500000000000002 0.0020000000000000018 0.04112423172384079
0.017999999999999995 0.0020000000000000018 0.019927640373502562
0.018500000000000003 0.0020000000000000018 0.0094612997916678262
0.019000000000000003 0.0020000000000000018 0.0044013162762192139
0.019500000000000003 0.0020000000000000018 0.0020060936314704588
0.019999999999999997 0.0020000000000000018 0.00089589408220369464
0.020499999999999997 0.0020000000000000018 0.00039201165908668296
0.021000000000000005 0.0020000000000000018 0.00016806533563776951
0.021500000000000005 0.0020000000000000018 7.0598286073874527e-05
0.021999999999999999 0.0020000000000000018 2.9056748584334109e-05
0.022499999999999999 0.0020000000000000018 1.1717547449747298e-05
0.023000000000000007 0.0020000000000000018 4.6298111165856718e-06
0.023500000000000007 0.0020000000000000018 1.7923659016091391e-06
0.024 0.0020000000000000018 6.7987163191601028e-07
0.024500000000000001 0.0020000000000000018 2.5267601257875394e-07
0.025000000000000001 0.0020000000000000018 9.2010619869890671e-08
-0.025000000000000001 0.0024999999999999988 8.3937063087829584e-08
-0.024500000000000001 0.0024999999999999988 2.305047225917498e-07
-0.024 0.0024999999999999988 6.2021566793545608e-07
-0.0235 0.0024999999999999988 1.6350931009114311e-06
-0.023 0.0024999999999999988 4.223564066051456e-06
-0.022500000000000003 0.0024999999999999988 1.0689380431463853e-05
-0.022000000000000002 0.0024999999999999988 2.6507137355440554e-05
-0.021500000000000002 0.0024999999999999988 6.4403574288000143e-05
-0.021000000000000001 0.0024999999999999988 0.00015331828760911407
-0.020500000000000001 0.0024999999999999988 0.00035761423416614564
-0.02 0.0024999999999999988 0.0008172830288968822
-0.0195 0.0024999999999999988 0.0018300670938087131
-0.019 0.0024999999999999988 0.0040151187163928216
-0.018500000000000003 0.0024999999999999988 0.0086311093070460219
-0.018000000000000002 0.0024999999999999988 0.018179071172300623
-0.017500000000000002 0.0024999999999999988 0.037515748046515529
-0.017000000000000001 0.0024999999999999988 0.075856426253000334
-0.016500000000000001 0.0024999999999999988 0.15028235551695615
-0.016 0.0024999999999999988 0.29171613846293354
-0.0155 0.0024999999999999988 0.55481700782653054
-0.015000000000000001 0.0024999999999999988 1.0338937808513173
-0.014500000000000001 0.0024999999999999988 1.8877258690181282
-0.014 0.0024999999999999988 3.3770600177404888
-0.0135 0.0024999999999999988 5.9193698770528247
-0.012999999999999999 0.0024999999999999988 10.165974697362618
-0.012500000000000001 0.0024999999999999988 17.106431319219777
-0.012 0.0024999999999999988 28.203737181768524
-0.0115 0.0024999999999999988 45.560737690503309
-0.010999999999999999 0.0024999999999999988 72.112687778366109
-0.010499999999999999 0.0024999999999999988 111.83286877910589
-0.010000000000000002 0.0024999999999999988 169.92766741079635
-0.0095000000000000015 0.0024999999999999988 252.98546699246916
-0.0090000000000000011 0.0024999999999999988 369.0318906265245
-0.0085000000000000006 0.0024999999999999988 527.43515132232176
-0.0080000000000000002 0.0024999999999999988 738.60303814149347
-0.0074999999999999997 0.0024999999999999988 1013.4211330144775
-0.0069999999999999993 0.0024999999999999988 1362.4032485095995
-0.0064999999999999988 0.0024999999999999988 1794.5610270331529
-0.0059999999999999984 0.0024999999999999988 2316.0484511178065
-0.0054999999999999979 0.0024999999999999988 2928.6933186188144
-0.005000000000000001 0.0024999999999999988 3628.5824831445002
-0.0044999999999999971 0.0024999999999999988 4404.9090955374941
-0.0040000000000000001 0.0024999999999999988 5239.3058085682824
-0.0035000000000000031 0.0024999999999999988 6105.8677482385383
-0.0029999999999999992 0.0024999999999999988 6972.0081456185644
-0.0025000000000000022 0.0024999999999999988 7800.1907923134859
-0.0019999999999999983 0.0024999999999999988 8550.4586829920063
-0.0015000000000000013 0.0024999999999999988 9183.546877161305
-0.00099999999999999742 0.0024999999999999988 9664.2538480341536
-0.00050000000000000044 0.0024999999999999988 9964.6731480622802
0 0.0024999999999999988 10066.874032602784
0.00050000000000000044 0.0024999999999999988 9964.6731480622802
0.0010000000000000009 0.0024999999999999988 9664.25384803415
0.0015000000000000013 0.0024999999999999988 9183.546877161305
0.0020000000000000018 0.0024999999999999988 8550.4586829920008
0.0024999999999999988 0.0024999999999999988 7800.1907923134895
0.0030000000000000027 0.0024999999999999988 6972.0081456185599
0.0034999999999999996 0.0024999999999999988 6105.8677482385447
0.0040000000000000036 0.0024999999999999988 5239.305808568276
0.0045000000000000005 0.0024999999999999988 4404.9090955374877
0.0049999999999999975 0.0024999999999999988 3628.582483144507
0.0055000000000000014 0.0024999999999999988 2928.6933186188094
0.0059999999999999984 0.0024999999999999988 2316.0484511178065
0.0064999999999999988 0.0024999999999999988 1794.5610270331529
0.0069999999999999993 0.0024999999999999988 1362.4032485095995
0.0074999999999999997 0.0024999999999999988 1013.4211330144775
0.0080000000000000002 0.0024999999999999988 738.60303814149347
0.0085000000000000006 0.0024999999999999988 527.43515132232176
0.0090000000000000011 0.0024999999999999988 369.0318906265245
0.0095000000000000015 0.0024999999999999988 252.98546699246916
0.010000000000000002 0.0024999999999999988 169.92766741079635
0.010500000000000002 0.0024999999999999988 111.83286877910548
0.011000000000000003 0.0024999999999999988 72.112687778365839
0.011500000000000003 0.0024999999999999988 45.560737690503196
0.012000000000000004 0.0024999999999999988 28.203737181768425
0.012499999999999997 0.0024999999999999988 17.106431319219855
0.013000000000000005 0.0024999999999999988 10.165974697362554
0.013499999999999998 0.0024999999999999988 5.9193698770528353
0.014000000000000005 0.0024999999999999988 3.3770600177404648
0.014499999999999999 0.0024999999999999988 1.8877258690181349
0.014999999999999999 0.0024999999999999988 1.0338937808513191
0.0155 0.0024999999999999988 0.55481700782653054
0.016000000000000007 0.0024999999999999988 0.29171613846293037
0.016500000000000001 0.0024999999999999988 0.15028235551695615
0.017000000000000001 0.0024999999999999988 0.075856426253000334
0.017500000000000002 0.0024999999999999988 0.037515748046515529
0.017999999999999995 0.0024999999999999988 0.018179071172300786
0.018500000000000003 0.0024999999999999988 0.0086311093070460219
0.019000000000000003 0.0024999999999999988 0.0040151187163927999
0.019500000000000003 0.0024999999999999988 0.0018300670938087066
0.019999999999999997 0.0024999999999999988 0.00081728302889688784
0.020499999999999997 0.0024999999999999988 0.00035761423416614694
0.021000000000000005 0.0024999999999999988 0.00015331828760911296
0.021500000000000005 0.0024999999999999988 6.4403574287999913e-05
0.021999999999999999 0.0024999999999999988 2.6507137355440839e-05
0.022499999999999999 0.0024999999999999988 1.068938043146393e-05
0.023000000000000007 0.0024999999999999988 4.2235640660514111e-06
0.023500000000000007 0.0024999999999999988 1.6350931009114081e-06
0.024 0.0024999999999999988 6.2021566793545608e-07
0.024500000000000001 0.0024999999999999988 2.305047225917498e-07
0.025000000000000001 0.0024999999999999988 8.3937063087829584e-08
-0.025000000000000001 0.0030000000000000027 7.5025073507730923e-08
-0.024500000000000001 0.0030000000000000027 2.0603096081917399e-07
-0.024 0.0030000000000000027 5.5436447697502146e-07
-0.0235 0.0030000000000000027 1.4614876381784048e-06
-0.023 0.0030000000000000027 3.7751285649410269e-06
-0.022500000000000003 0.0030000000000000027 9.5544390418272861e-06
-0.022000000000000002 0.0030000000000000027 2.3692750918512964e-05
-0.021500000000000002 0.0030000000000000027 5.7565546343477371e-05
-0.021000000000000001 0.0030000000000000027 0.0001370397697369648
-0.020500000000000001 0.0030000000000000027 0.00031964466254498107
-0.02 0.0030000000000000027 0.00073050827684368149
-0.0195 0.0030000000000000027 0.0016357603326364962
-0.019 0.0030000000000000027 0.0035888148305169387
-0.018500000000000003 0.0030000000000000027 0.007714704165153019
-0.018000000000000002 0.0030000000000000027 0.016248914375012097
-0.017500000000000002 0.0030000000000000027 0.033532526053981694
-0.017000000000000001 0.0030000000000000027 0.067802395584297306
-0.016500000000000001 0.0030000000000000027 0.13432617671858277
-0.016 0.0030000000000000027 0.26074327509734407
-0.0155 0.0030000000000000027 0.49590949771460702
-0.015000000000000001 0.0030000000000000027 0.92412045470772508
-0.014500000000000001 0.0030000000000000027 1.6872972066861087
-0.014 0.0030000000000000027 3.0185018006394335
-0.0135 0.0030000000000000027 5.2908827615357605
-0.012999999999999999 0.0030000000000000027 9.0866057363633459
-0.012500000000000001 0.0030000000000000027 15.29016169932571
-0.012 0.0030000000000000027 25.209214826122714
-0.0115 0.0030000000000000027 40.723341615130771
-0.010999999999999999 0.0030000000000000027 64.456147289199521
-0.010499999999999999 0.0030000000000000027 99.959051366301665
-0.010000000000000002 0.0030000000000000027 151.885654197267
-0.0095000000000000015 0.0030000000000000027 226.12481970732321
-0.0090000000000000011 0.0030000000000000027 329.85005315210253
-0.0085000000000000006 0.0030000000000000027 471.43490066018285
-0.0080000000000000002 0.0030000000000000027 660.18210777300499
-0.0074999999999999997 0.0030000000000000027 905.82148340288427
-0.0069999999999999993 0.0030000000000000027 1217.7505395876171
-0.0064999999999999988 0.0030000000000000027 1604.0241106171529
-0.0059999999999999984 0.0030000000000000027 2070.142781988457
-0.0054999999999999979 0.0030000000000000027 2617.7402857312559
-0.005000000000000001 0.0030000000000000027 3243.3189524623017
-0.0044999999999999971 0.0030000000000000027 3937.2193466165158
-0.0040000000000000001 0.0030000000000000027 4683.024267909037
-0.0035000000000000031 0.0030000000000000027 5457.5792836680967
-0.0029999999999999992 0.0030000000000000027 6231.757514248503
-0.0025000000000000022 0.0030000000000000027 6972.0081456185544
-0.0019999999999999983 0.0030000000000000027 7642.6165941146264
-0.0015000000000000013 0.0030000000000000027 8208.4868611589736
-0.00099999999999999742 0.0030000000000000027 8638.1549302892545
-0.00050000000000000044 0.0030000000000000027 8906.6773116855038
0 0.0030000000000000027 8998.0270515159682
0.00050000000000000044 0.0030000000000000027 8906.6773116855038
0.0010000000000000009 0.0030000000000000027 8638.1549302892508
0.0015000000000000013 0.0030000000000000027 8208.4868611589736
0.0020000000000000018 0.0030000000000000027 7642.6165941146219
0.0024999999999999988 0.0030000000000000027 6972.0081456185599
0.0030000000000000027 0.0030000000000000027 6231.7575142484984
0.0034999999999999996 0.0030000000000000027 5457.5792836681021
0.0040000000000000036 0.0030000000000000027 4683.0242679090316
0.0045000000000000005 0.0030000000000000027 3937.2193466165104
0.0049999999999999975 0.0030000000000000027 3243.3189524623067
0.0055000000000000014 0.0030000000000000027 2617.7402857312513
0.0059999999999999984 0.0030000000000000027 2070.142781988457
0.0064999999999999988 0.0030000000000000027 1604.0241106171529
0.0069999999999999993 0.0030000000000000027 1217.7505395876171
0.0074999999999999997 0.0030000000000000027 905.82148340288427
0.0080000000000000002 0.0030000000000000027 660.18210777300499
0.0085000000000000006 0.0030000000000000027 471.43490066018285
0.0090000000000000011 0.0030000000000000027 329.85005315210253
0.0095000000000000015 0.0030000000000000027 226.12481970732321
0.010000000000000002 0.0030000000000000027 151.885654197267
0.010500000000000002 0.0030000000000000027 99.959051366301395
0.011000000000000003 0.0030000000000000027 64.45614728919935
0.011500000000000003 0.0030000000000000027 40.723341615130586
0.012000000000000004 0.0030000000000000027 25.209214826122647
0.012499999999999997 0.0030000000000000027 15.290161699325777
0.013000000000000005 0.0030000000000000027 9.0866057363632891
0.013499999999999998 0.0030000000000000027 5.2908827615357703
0.014000000000000005 0.0030000000000000027 3.0185018006394224
0.014499999999999999 0.0030000000000000027 1.6872972066861118
0.014999999999999999 0.0030000000000000027 0.92412045470772664
0.0155 0.0030000000000000027 0.49590949771460702
0.016000000000000007 0.0030000000000000027 0.2607432750973413
0.016500000000000001 0.0030000000000000027 0.13432617671858277
0.017000000000000001 0.0030000000000000027 0.067802395584297306
0.017500000000000002 0.0030000000000000027 0.033532526053981694
0.017999999999999995 0.0030000000000000027 0.01624891437501224
0.018500000000000003 0.0030000000000000027 0.007714704165153019
0.019000000000000003 0.0030000000000000027 0.0035888148305169205
0.019500000000000003 0.0030000000000000027 0.0016357603326364904
0.019999999999999997 0.0030000000000000027 0.0007305082768436868
0.020499999999999997 0.0030000000000000027 0.00031964466254498221
0.021000000000000005 0.0030000000000000027 0.00013703976973696383
0.021500000000000005 0.0030000000000000027 5.7565546343477168e-05
0.021999999999999999 0.0030000000000000027 2.3692750918513134e-05
0.022499999999999999 0.0030000000000000027 9.5544390418273217e-06
0.023000000000000007 0.0030000000000000027 3.7751285649409731e-06
0.023500000000000007 0.0030000000000000027 1.4614876381783891e-06
0.024 0.0030000000000000027 5.5436447697502146e-07
0.024500000000000001 0.0030000000000000027 2.0603096081917399e-07
0.025000000000000001 0.0030000000000000027 7.5025073507730923e-08
-0.025000000000000001 0.0034999999999999996 6.5704624416992643e-08
-0.024500000000000001 0.0034999999999999996 1.8043550330545192e-07
-0.024 0.0034999999999999996 4.8549515577632904e-07
-0.0235 0.0034999999999999996 1.2799253884995491e-06
-0.023 0.0034999999999999996 3.3061401060773396e-06
-0.022500000000000003 0.0034999999999999996 8.3674803556656611e-06
-0.022000000000000002 0.0034999999999999996 2.0749373878931897e-05
-0.021500000000000002 0.0034999999999999996 5.0414113909097563e-05
-0.021000000000000001 0.0034999999999999996 0.00012001516532776963
-0.020500000000000001 0.0034999999999999996 0.00027993484734473612
-0.02 0.0034999999999999996 0.0006397564136817874
-0.0195 0.0034999999999999996 0.0014325479905197406
-0.019 0.0034999999999999996 0.0031429723360011119
-0.018500000000000003 0.0034999999999999996 0.0067562978076569913
-0.018000000000000002 0.0034999999999999996 0.014230293504264668
-0.017500000000000002 0.0034999999999999996 0.029366742705061816
-0.017000000000000001 0.0034999999999999996 0.059379227878791095
-0.016500000000000001 0.0034999999999999996 0.11763868501582463
-0.016 0.0034999999999999996 0.22835084537121039
-0.0155 0.0034999999999999996 0.43430210419987358
-0.015000000000000001 0.0034999999999999996 0.80931593337758845
-0.014500000000000001 0.0034999999999999996 1.4776823808606832
-0.014 0.0034999999999999996 2.6435099339501908
-0.0135 0.0034999999999999996 4.6335904575318514
-0.012999999999999999 0.0034999999999999996 7.9577665068401844
-0.012500000000000001 0.0034999999999999996 13.390647749592114
-0.012 0.0034999999999999996 22.077445773205341
-0.0115 0.0034999999999999996 35.664235178007949
-0.010999999999999999 0.0034999999999999996 56.448687765255031
-0.010499999999999999 0.0034999999999999996 87.541026220053595
-0.010000000000000002 0.0034999999999999996 133.01672889840358
-0.0095000000000000015 0.0034999999999999996 198.03307955038315
-0.0090000000000000011 0.0034999999999999996 288.87241082210585
-0.0085000000000000006 0.0034999999999999996 412.86801380804604
-0.0080000000000000002 0.0034999999999999996 578.16694352953959
-0.0074999999999999997 0.0034999999999999996 793.29026381689198
-0.0069999999999999993 0.0034999999999999996 1066.4680232395863
-0.0064999999999999988 0.0034999999999999996 1404.7543949829055
-0.0059999999999999984 0.0034999999999999996 1812.966620633618
-0.0054999999999999979 0.0034999999999999996 2292.5354718576796
-0.005000000000000001 0.0034999999999999996 2840.3977986651412
-0.0044999999999999971 0.0034999999999999996 3448.0941680130204
-0.0040000000000000001 0.0034999999999999996 4101.2469068346672
-0.0035000000000000031 0.0034999999999999996 4779.5780836178874
-0.0029999999999999992 0.0034999999999999996 5457.5792836681067
-0.0025000000000000022 0.0034999999999999996 6105.867748238541
-0.0019999999999999983 0.0034999999999999996 6693.1657564804946
-0.0015000000000000013 0.0034999999999999996 7188.7373251116269
-0.00099999999999999742 0.0034999999999999996 7565.0272477502267
-0.00050000000000000044 0.0034999999999999996 7800.1907923134868
0 0.0034999999999999996 7880.192051432974
0.00050000000000000044 0.0034999999999999996 7800.1907923134868
0.0010000000000000009 0.0034999999999999996 7565.0272477502258
0.0015000000000000013 0.0034999999999999996 7188.7373251116269
0.0020000000000000018 0.0034999999999999996 6693.1657564804909
0.0024999999999999988 0.0034999999999999996 6105.8677482385447
0.0030000000000000027 0.0034999999999999996 5457.5792836681021
0.0034999999999999996 0.0034999999999999996 4779.5780836178919
0.0040000000000000036 0.0034999999999999996 4101.2469068346609
0.0045000000000000005 0.0034999999999999996 3448.0941680130159
0.0049999999999999975 0.0034999999999999996 2840.3977986651457
0.0055000000000000014 0.0034999999999999996 2292.535471857675
0.0059999999999999984 0.0034999999999999996 1812.966620633618
0.0064999999999999988 0.0034999999999999996 1404.7543949829055
0.0069999999999999993 0.0034999999999999996 1066.4680232395863
0.0074999999999999997 0.0034999999999999996 793.29026381689198
0.0080000000000000002 0.0034999999999999996 578.16694352953959
0.0085000000000000006 0.0034999999999999996 412.86801380804604
0.0090000000000000011 0.0034999999999999996 288.87241082210585
0.0095000000000000015 0.0034999999999999996 198.03307955038315
0.010000000000000002 0.0034999999999999996 133.01672889840358
0.010500000000000002 0.0034999999999999996 87.541026220053283
0.011000000000000003 0.0034999999999999996 56.448687765254832
0.011500000000000003 0.0034999999999999996 35.66423517800785
0.012000000000000004 0.0034999999999999996 22.077445773205262
0.012499999999999997 0.0034999999999999996 13.390647749592173
0.013000000000000005 0.0034999999999999996 7.9577665068401346
0.013499999999999998 0.0034999999999999996 4.6335904575318594
0.014000000000000005 0.0034999999999999996 2.6435099339501766
0.014499999999999999 0.0034999999999999996 1.4776823808606858
0.014999999999999999 0.0034999999999999996 0.80931593337758978
0.0155 0.0034999999999999996 0.43430210419987358
0.016000000000000007 0.0034999999999999996 0.22835084537120792
0.016500000000000001 0.0034999999999999996 0.11763868501582463
0.017000000000000001 0.0034999999999999996 0.059379227878791095
0.017500000000000002 0.0034999999999999996 0.029366742705061816
0.017999999999999995 0.0034999999999999996 0.01423029350426477
0.018500000000000003 0.0034999999999999996 0.0067562978076569913
0.019000000000000003 0.0034999999999999996 0.003142972336001101
0.019500000000000003 0.0034999999999999996 0.0014325479905197356
0.019999999999999997 0.0034999999999999996 0.00063975641368179195
0.020499999999999997 0.0034999999999999996 0.00027993484734473812
0.021000000000000005 0.0034999999999999996 0.00012001516532776879
0.021500000000000005 0.0034999999999999996 5.0414113909097394e-05
0.021999999999999999 0.0034999999999999996 2.0749373878931972e-05
0.022499999999999999 0.0034999999999999996 8.3674803556657204e-06
0.023000000000000007 0.0034999999999999996 3.3061401060773045e-06
0.023500000000000007 0.0034999999999999996 1.2799253884995309e-06
0.024 0.0034999999999999996 4.8549515577632904e-07
0.024500000000000001 0.0034999999999999996 1.8043550330545192e-07
0.025000000000000001 0.0034999999999999996 6.5704624416992643e-08
-0.025000000000000001 0.0040000000000000036 5.6379639152363843e-08
-0.024500000000000001 0.0040000000000000036 1.5482758872609279e-07
-0.024 0.0040000000000000036 4.1659231653428481e-07
-0.0235 0.0040000000000000036 1.0982747742012979e-06
-0.023 0.0040000000000000036 2.8369233949930647e-06
-0.022500000000000003 0.0040000000000000036 7.17994398800518e-06
-0.022000000000000002 0.0040000000000000036 1.7804564325751135e-05
-0.021500000000000002 0.0040000000000000036 4.3259200940596343e-05
-0.021000000000000001 0.0040000000000000036 0.00010298227520559454
-0.020500000000000001 0.0040000000000000036 0.000240205705755265
-0.02 0.0040000000000000036 0.00054896038245157998
-0.0195 0.0040000000000000036 0.0012292367468896028
-0.019 0.0040000000000000036 0.0026969128541853085
-0.018500000000000003 0.0040000000000000036 0.0057974250029058302
-0.018000000000000002 0.0040000000000000036 0.012210690189946206
-0.017500000000000002 0.0040000000000000036 0.025198931909022643
-0.017000000000000001 0.0040000000000000036 0.050951960697707417
-0.016500000000000001 0.0040000000000000036 0.100943071669633
-0.016 0.0040000000000000036 0.19594265055773696
-0.0155 0.0040000000000000036 0.37266472695289732
-0.015000000000000001 0.0040000000000000036 0.69445553777926305
-0.014500000000000001 0.0040000000000000036 1.2679655374939673
-0.014 0.0040000000000000036 2.2683355622873997
-0.0135 0.0040000000000000036 3.975978255617584
-0.012999999999999999 0.0040000000000000036 6.8283778820046868
-0.012500000000000001 0.0040000000000000036 11.49020932449268
-0.012 0.0040000000000000036 18.94415251808805
-0.0115 0.0040000000000000036 30.602666521918561
-0.010999999999999999 0.0040000000000000036 48.437331086949548
-0.010499999999999999 0.0040000000000000036 75.116957339121782
-0.010000000000000002 0.0040000000000000036 114.13862027313108
-0.0095000000000000015 0.0040000000000000036 169.927667410796
-0.0090000000000000011 0.0040000000000000036 247.87482506348098
-0.0085000000000000006 0.0040000000000000036 354.27262300933046
-0.0080000000000000002 0.0040000000000000036 496.11186328599439
-0.0074999999999999997 0.0040000000000000036 680.70427635703936
-0.0069999999999999993 0.0040000000000000036 915.11187913027072
-0.0064999999999999988 0.0040000000000000036 1205.3876966740704
-0.0059999999999999984 0.0040000000000000036 1555.6652940880267
-0.0054999999999999979 0.0040000000000000036 1967.1723838954485
-0.005000000000000001 0.0040000000000000036 2437.2805469761411
-0.0044999999999999971 0.0040000000000000036 2958.7309368390247
-0.0040000000000000001 0.0040000000000000036 3519.1864002541538
-0.0035000000000000031 0.0040000000000000036 4101.2469068346581
-0.0029999999999999992 0.0040000000000000036 4683.0242679090352
-0.0025000000000000022 0.0040000000000000036 5239.3058085682724
-0.0019999999999999983 0.0040000000000000036 5743.2528301575185
-0.0015000000000000013 0.0040000000000000036 6168.4914866677937
-0.00099999999999999742 0.0040000000000000036 6491.3772841787013
-0.00050000000000000044 0.0040000000000000036 6693.1657564804846
0 0.0040000000000000036 6761.8130116914126
0.00050000000000000044 0.0040000000000000036 6693.1657564804846
0.0010000000000000009 0.0040000000000000036 6491.3772841786986
0.0015000000000000013 0.0040000000000000036 6168.4914866677937
0.0020000000000000018 0.0040000000000000036 5743.2528301575148
0.0024999999999999988 0.0040000000000000036 5239.305808568276
0.0030000000000000027 0.0040000000000000036 4683.0242679090316
0.0034999999999999996 0.0040000000000000036 4101.2469068346609
0.0040000000000000036 0.0040000000000000036 3519.1864002541492
0.0045000000000000005 0.0040000000000000036 2958.7309368390197
0.0049999999999999975 0.0040000000000000036 2437.2805469761443
0.0055000000000000014 0.0040000000000000036 1967.1723838954454
0.0059999999999999984 0.0040000000000000036 1555.6652940880267
0.0064999999999999988 0.0040000000000000036 1205.3876966740704
0.0069999999999999993 0.0040000000000000036 915.11187913027072
0.0074999999999999997 0.0040000000000000036 680.70427635703936
0.0080000000000000002 0.0040000000000000036 496.11186328599439
0.0085000000000000006 0.0040000000000000036 354.27262300933046
0.0090000000000000011 0.0040000000000000036 247.87482506348098
0.0095000000000000015 0.0040000000000000036 169.927667410796
0.010000000000000002 0.0040000000000000036 114.13862027313108
0.010500000000000002 0.0040000000000000036 75.116957339121512
0.011000000000000003 0.0040000000000000036 48.437331086949378
0.011500000000000003 0.0040000000000000036 30.602666521918483
0.012000000000000004 0.0040000000000000036 18.944152518087982
0.012499999999999997 0.0040000000000000036 11.49020932449273
0.013000000000000005 0.0040000000000000036 6.8283778820046441
0.013499999999999998 0.0040000000000000036 3.9759782556175911
0.014000000000000005 0.0040000000000000036 2.2683355622873842
0.014499999999999999 0.0040000000000000036 1.2679655374939718
0.014999999999999999 0.0040000000000000036 0.69445553777926428
0.0155 0.0040000000000000036 0.37266472695289732
0.016000000000000007 0.0040000000000000036 0.19594265055773452
0.016500000000000001 0.0040000000000000036 0.100943071669633
0.017000000000000001 0.0040000000000000036 0.050951960697707417
0.017500000000000002 0.0040000000000000036 0.025198931909022643
0.017999999999999995 0.0040000000000000036 0.012210690189946314
0.018500000000000003 0.0040000000000000036 0.0057974250029058302
0.019000000000000003 0.0040000000000000036 0.002696912854185299
0.019500000000000003 0.0040000000000000036 0.0012292367468895982
0.019999999999999997 0.0040000000000000036 0.000548960382451584
0.020499999999999997 0.0040000000000000036 0.00024020570575526671
0.021000000000000005 0.0040000000000000036 0.00010298227520559383
0.021500000000000005 0.0040000000000000036 4.3259200940596187e-05
0.021999999999999999 0.0040000000000000036 1.7804564325751199e-05
0.022499999999999999 0.0040000000000000036 7.1799439880052054e-06
0.023000000000000007 0.0040000000000000036 2.8369233949930244e-06
0.023500000000000007 0.0040000000000000036 1.0982747742012861e-06
0.024 0.0040000000000000036 4.1659231653428481e-07
0.024500000000000001 0.0040000000000000036 1.5482758872609279e-07
0.025000000000000001 0.0040000000000000036 5.6379639152363843e-08
-0.025000000000000001 0.0045000000000000005 4.7400780633805861e-08
-0.024500000000000001 0.0045000000000000005 1.3017019405593223e-07
-0.024 0.0045000000000000005 3.5024702723629823e-07
-0.0235 0.0045000000000000005 9.2336670525454542e-07
-0.023 0.0045000000000000005 2.3851231675600384e-06
-0.022500000000000003 0.0045000000000000005 6.0364868426827704e-06
-0.022000000000000002 0.0045000000000000005 1.4969060827166141e-05
-0.021500000000000002 0.0045000000000000005 3.6369865522506724e-05
-0.021000000000000001 0.0045000000000000005 8.658161544806426e-05
-0.020500000000000001 0.0045000000000000005 0.00020195123872154922
-0.02 0.0045000000000000005 0.00046153453722745972
-0.0195 0.0045000000000000005 0.0010334720523638545
-0.019 0.0045000000000000005 0.0022674103011595635
-0.018500000000000003 0.0045000000000000005 0.0048741438387187308
-0.018000000000000002 0.0045000000000000005 0.010266050932267023
-0.017500000000000002 0.0045000000000000005 0.021185822782544477
-0.017000000000000001 0.0045000000000000005 0.042837498575814439
-0.016500000000000001 0.0045000000000000005 0.084867169578437915
-0.016 0.0045000000000000005 0.16473738987214329
-0.0155 0.0045000000000000005 0.31331521871776263
-0.015000000000000001 0.0045000000000000005 0.58385855427785782
-0.014500000000000001 0.0045000000000000005 1.0660330076173827
-0.014 0.0045000000000000005 1.9070869911258963
-0.0135 0.0045000000000000005 3.3427754404385728
-0.012999999999999999 0.0045000000000000005 5.7409101394730113
-0.012500000000000001 0.0045000000000000005 9.6603117688444993
-0.012 0.0045000000000000005 15.927161494888724
-0.0115 0.0045000000000000005 25.72897422586917
-0.010999999999999999 0.0045000000000000005 40.723341615130771
-0.010499999999999999 0.0045000000000000005 63.154047635676804
-0.010000000000000002 0.0045000000000000005 95.961233217383949
-0.0095000000000000015 0.0045000000000000005 142.86547781524311
-0.0090000000000000011 0.0045000000000000005 208.39899623558367
-0.0085000000000000006 0.0045000000000000005 297.85218813561966
-0.0080000000000000002 0.0045000000000000005 417.10252060848921
-0.0074999999999999997 0.0045000000000000005 572.29727903891092
-0.0069999999999999993 0.0045000000000000005 769.37380391561112
-0.0064999999999999988 0.0045000000000000005 1013.4211330144775
-0.0059999999999999984 0.0045000000000000005 1307.9145317942264
-0.0054999999999999979 0.0045000000000000005 1653.8861908270883
-0.005000000000000001 0.0045000000000000005 2049.1262854316133
-0.0044999999999999971 0.0045000000000000005 2487.5319920468291
-0.0040000000000000001 0.0045000000000000005 2958.7309368390247
-0.0035000000000000031 0.0045000000000000005 3448.0941680130122
-0.0029999999999999992 0.0045000000000000005 3937.219346616514
-0.0025000000000000022 0.0045000000000000005 4404.909095537485
-0.0019999999999999983 0.0045000000000000005 4828.5989697641817
-0.0015000000000000013 0.0045000000000000005 5186.1153458407516
-0.00099999999999999742 0.0045000000000000005 5457.5792836681057
-0.00050000000000000044 0.0045000000000000005 5627.2315065948751
0 0.0045000000000000005 5684.9461981801187
0.00050000000000000044 0.0045000000000000005 5627.2315065948751
0.0010000000000000009 0.0045000000000000005 5457.5792836681048
0.0015000000000000013 0.0045000000000000005 5186.1153458407516
0.0020000000000000018 0.0045000000000000005 4828.5989697641789
0.0024999999999999988 0.0045000000000000005 4404.9090955374877
0.0030000000000000027 0.0045000000000000005 3937.2193466165104
0.0034999999999999996 0.0045000000000000005 3448.0941680130159
0.0040000000000000036 0.0045000000000000005 2958.7309368390197
0.0045000000000000005 0.0045000000000000005 2487.5319920468264
0.0049999999999999975 0.0045000000000000005 2049.1262854316165
0.0055000000000000014 0.0045000000000000005 1653.8861908270853
0.0059999999999999984 0.0045000000000000005 1307.9145317942264
0.0064999999999999988 0.0045000000000000005 1013.4211330144775
0.0069999999999999993 0.0045000000000000005 769.37380391561112
0.0074999999999999997 0.0045000000000000005 572.29727903891092
0.0080000000000000002 0.0045000000000000005 417.10252060848921
0.0085000000000000006 0.0045000000000000005 297.85218813561966
0.0090000000000000011 0.0045000000000000005 208.39899623558367
0.0095000000000000015 0.0045000000000000005 142.86547781524311
0.010000000000000002 0.0045000000000000005 95.961233217383949
0.010500000000000002 0.0045000000000000005 63.154047635676633
0.011000000000000003 0.0045000000000000005 40.723341615130622
0.011500000000000003 0.0045000000000000005 25.728974225869081
0.012000000000000004 0.0045000000000000005 15.927161494888667
0.012499999999999997 0.0045000000000000005 9.6603117688445437
0.013000000000000005 0.0045000000000000005 5.7409101394729811
0.013499999999999998 0.0045000000000000005 3.3427754404385728
0.014000000000000005 0.0045000000000000005 1.9070869911258861
0.014499999999999999 0.0045000000000000005 1.0660330076173847
0.014999999999999999 0.0045000000000000005 0.58385855427785782
0.0155 0.0045000000000000005 0.31331521871776263
0.016000000000000007 0.0045000000000000005 0.16473738987214184
0.016500000000000001 0.0045000000000000005 0.084867169578437915
0.017000000000000001 0.0045000000000000005 0.042837498575814439
0.017500000000000002 0.0045000000000000005 0.021185822782544477
0.017999999999999995 0.0045000000000000005 0.010266050932267115
0.018500000000000003 0.0045000000000000005 0.0048741438387187308
0.019000000000000003 0.0045000000000000005 0.0022674103011595518
0.019500000000000003 0.0045000000000000005 0.0010334720523638508
0.019999999999999997 0.0045000000000000005 0.00046153453722746471
0.020499999999999997 0.0045000000000000005 0.00020195123872154995
0.021000000000000005 0.0045000000000000005 8.6581615448063948e-05
0.021500000000000005 0.0045000000000000005 3.6369865522506595e-05
0.021999999999999999 0.0045000000000000005 1.4969060827166246e-05
0.022499999999999999 0.0045000000000000005 6.0364868426827916e-06
0.023000000000000007 0.0045000000000000005 2.3851231675600049e-06
0.023500000000000007 0.0045000000000000005 9.2336670525453568e-07
0.024 0.0045000000000000005 3.5024702723629823e-07
0.024500000000000001 0.0045000000000000005 1.3017019405593223e-07
0.025000000000000001 0.0045000000000000005 4.7400780633805861e-08
-0.025000000000000001 0.0049999999999999975 3.9046808586685741e-08
-0.024500000000000001 0.0049999999999999975 1.0722883849235096e-07
-0.024 0.0049999999999999975 2.8851905913122898e-07
-0.0235 0.0049999999999999975 7.6063141816021301e-07
-0.023 0.0049999999999999975 1.9647661184922654e-06
-0.022500000000000003 0.0049999999999999975 4.9726089556039286e-06
-0.022000000000000002 0.0049999999999999975 1.2330895082853458e-05
-0.021500000000000002 0.0049999999999999975 2.9959995561085714e-05
-0.021000000000000001 0.0049999999999999975 7.132236474425244e-05
-0.020500000000000001 0.0049999999999999975 0.00016635910330515676
-0.02 0.0049999999999999975 0.00038019312108991969
-0.0195 0.0049999999999999975 0.00085133166308152934
-0.019 0.0049999999999999975 0.0018677991128634335
-0.018500000000000003 0.0049999999999999975 0.0040151187163928147
-0.018000000000000002 0.0049999999999999975 0.0084567494529300975
-0.017500000000000002 0.0049999999999999975 0.017452007242924637
-0.017000000000000001 0.0049999999999999975 0.035287764987341146
-0.016500000000000001 0.0049999999999999975 0.069910074929434685
-0.016 0.0049999999999999975 0.13570386907974732
-0.0155 0.0049999999999999975 0.25809615810088354
-0.015000000000000001 0.0049999999999999975 0.48095860249034228
-0.014500000000000001 0.0049999999999999975 0.87815403541768045
-0.014 0.0049999999999999975 1.5709796274440049
-0.0135 0.0049999999999999975 2.7536405735476359
-0.012999999999999999 0.0049999999999999975 4.7291250551577146
-0.012500000000000001 0.0049999999999999975 7.9577665068401702
-0.012 0.0049999999999999975 13.120138907092469
-0.0115 0.0049999999999999975 21.194468071962227
-0.010999999999999999 0.0049999999999999975 33.546209657192122
-0.010499999999999999 0.0049999999999999975 52.02370038070638
-0.010000000000000002 0.0049999999999999975 79.048907108276211
-0.0095000000000000015 0.0049999999999999975 117.68668978246102
-0.0090000000000000011 0.0049999999999999975 171.67050008169701
-0.0085000000000000006 0.0049999999999999975 245.35835110197536
-0.0080000000000000002 0.0049999999999999975 343.59185788616333
-0.0074999999999999997 0.0049999999999999975 471.43490066018393
-0.0069999999999999993 0.0049999999999999975 633.77841570140163
-0.0064999999999999988 0.0049999999999999975 834.81454249082265
-0.0059999999999999984 0.0049999999999999975 1077.4060614160273
-0.0054999999999999979 0.0049999999999999975 1362.4032485096022
-0.005000000000000001 0.0049999999999999975 1687.9857413177444
-0.0044999999999999971 0.0049999999999999975 2049.1262854316192
-0.0040000000000000001 0.0049999999999999975 2437.2805469761474
-0.0035000000000000031 0.0049999999999999975 2840.3977986651425
-0.0029999999999999992 0.0049999999999999975 3243.318952462309
-0.0025000000000000022 0.0049999999999999975 3628.5824831445034
-0.0019999999999999983 0.0049999999999999975 3977.6007313217915
-0.0015000000000000013 0.0049999999999999975 4272.107980287039
-0.00099999999999999742 0.0049999999999999975 4495.7287788646254
-0.00050000000000000044 0.0049999999999999975 4635.4812847590711
0 0.0049999999999999975 4683.0242679090452
0.00050000000000000044 0.0049999999999999975 4635.4812847590711
0.0010000000000000009 0.0049999999999999975 4495.7287788646236
0.0015000000000000013 0.0049999999999999975 4272.107980287039
0.0020000000000000018 0.0049999999999999975 3977.6007313217883
0.0024999999999999988 0.0049999999999999975 3628.582483144507
0.0030000000000000027 0.0049999999999999975 3243.3189524623067
0.0034999999999999996 0.0049999999999999975 2840.3977986651457
0.0040000000000000036 0.0049999999999999975 2437.2805469761443
0.0045000000000000005 0.0049999999999999975 2049.1262854316165
0.0049999999999999975 0.0049999999999999975 1687.9857413177469
0.0055000000000000014 0.0049999999999999975 1362.4032485095995
0.0059999999999999984 0.0049999999999999975 1077.4060614160273
0.0064999999999999988 0.0049999999999999975 834.81454249082265
0.0069999999999999993 0.0049999999999999975 633.77841570140163
0.0074999999999999997 0.0049999999999999975 471.43490066018393
0.0080000000000000002 0.0049999999999999975 343.59185788616333
0.0085000000000000006 0.0049999999999999975 245.35835110197536
0.0090000000000000011 0.0049999999999999975 171.67050008169701
0.0095000000000000015 0.0049999999999999975 117.68668978246102
0.010000000000000002 0.0049999999999999975 79.048907108276211
0.010500000000000002 0.0049999999999999975 52.023700380706195
0.011000000000000003 0.0049999999999999975 33.546209657192037
0.011500000000000003 0.0049999999999999975 21.194468071962149
0.012000000000000004 0.0049999999999999975 13.120138907092423
0.012499999999999997 0.0049999999999999975 7.9577665068402066
0.013000000000000005 0.0049999999999999975 4.7291250551576889
0.013499999999999998 0.0049999999999999975 2.7536405735476408
0.014000000000000005 0.0049999999999999975 1.5709796274439964
0.014499999999999999 0.0049999999999999975 0.87815403541768211
0.014999999999999999 0.0049999999999999975 0.48095860249034394
0.0155 0.0049999999999999975 0.25809615810088354
0.016000000000000007 0.0049999999999999975 0.13570386907974591
0.016500000000000001 0.0049999999999999975 0.069910074929434685
0.017000000000000001 0.0049999999999999975 0.035287764987341146
0.017500000000000002 0.0049999999999999975 0.017452007242924637
0.017999999999999995 0.0049999999999999975 0.0084567494529301703
0.018500000000000003 0.0049999999999999975 0.0040151187163928147
0.019000000000000003 0.0049999999999999975 0.001867799112863427
0.019500000000000003 0.0049999999999999975 0.0008513316630815263
0.019999999999999997 0.0049999999999999975 0.00038019312108992105
0.020499999999999997 0.0049999999999999975 0.00016635910330515795
0.021000000000000005 0.0049999999999999975 7.1322364744251925e-05
0.021500000000000005 0.0049999999999999975 2.9959995561085613e-05
0.021999999999999999 0.0049999999999999975 1.2330895082853546e-05
0.022499999999999999 0.0049999999999999975 4.9726089556039642e-06
0.023000000000000007 0.0049999999999999975 1.9647661184922447e-06
0.023500000000000007 0.0049999999999999975 7.6063141816020232e-07
0.024 0.0049999999999999975 2.8851905913122898e-07
0.024500000000000001 0.0049999999999999975 1.0722883849235096e-07
0.025000000000000001 0.0049999999999999975 3.9046808586685741e-08
-0.025000000000000001 0.0055000000000000014 3.1515372174236451e-08
-0.024500000000000001 0.0055000000000000014 8.6546298537950977e-08
-0.024 0.0055000000000000014 2.3286885297411199e-07
-0.0235 0.0055000000000000014 6.1391911652698457e-07
-0.023 0.0055000000000000014 1.5857976029499992e-06
-0.022500000000000003 0.0055000000000000014 4.0134809369858609e-06
-0.022000000000000002 0.0055000000000000014 9.9524842578324716e-06
-0.021500000000000002 0.0055000000000000014 2.4181244117554944e-05
-0.021000000000000001 0.0055000000000000014 5.7565546343477575e-05
-0.020500000000000001 0.0055000000000000014 0.00013427138465349481
-0.02 0.0055000000000000014 0.00030686061532104173
-0.0195 0.0055000000000000014 0.0006871248938607144
-0.019 0.0055000000000000014 0.0015075338118329977
-0.018500000000000003 0.0055000000000000014 0.0032406735723341305
-0.018000000000000002 0.0055000000000000014 0.0068255925654379778
-0.017500000000000002 0.0055000000000000014 0.014085824766631056
-0.017000000000000001 0.0055000000000000014 0.028481381373438367
-0.016500000000000001 0.0055000000000000014 0.056425662170023219
-0.016 0.0055000000000000014 0.10952900107155969
-0.0155 0.0055000000000000014 0.2083139896371313
-0.015000000000000001 0.0055000000000000014 0.38819022364486527
-0.014500000000000001 0.0055000000000000014 0.70877370659000716
-0.014 0.0055000000000000014 1.2679655374939673
-0.0135 0.0055000000000000014 2.2225121757843938
-0.012999999999999999 0.0055000000000000014 3.8169607598256312
-0.012500000000000001 0.0055000000000000014 6.4228545741957843
-0.012 0.0055000000000000014 10.589496955090205
-0.0115 0.0055000000000000014 17.106431319219791
-0.010999999999999999 0.0055000000000000014 27.075741159083314
-0.010499999999999999 0.0055000000000000014 41.989251842159071
-0.010000000000000002 0.0055000000000000014 63.801775808470133
-0.0095000000000000015 0.0055000000000000014 94.987015909741942
-0.0090000000000000011 0.0055000000000000014 138.55830725322767
-0.0085000000000000006 0.0055000000000000014 198.03307955038315
-0.0080000000000000002 0.0055000000000000014 277.31908622647552
-0.0074999999999999997 0.0055000000000000014 380.5034748805565
-0.0069999999999999993 0.0055000000000000014 511.53380698155956
-0.0064999999999999988 0.0055000000000000014 673.79363270252657
-0.0059999999999999984 0.0055000000000000014 869.59355290005237
-0.0054999999999999979 0.0055000000000000014 1099.6198404498914
-0.005000000000000001 0.0055000000000000014 1362.4032485095972
-0.0044999999999999971 0.0055000000000000014 1653.8861908270876
-0.0040000000000000001 0.0055000000000000014 1967.1723838954479
-0.0035000000000000031 0.0055000000000000014 2292.5354718576737
-0.0029999999999999992 0.0055000000000000014 2617.7402857312536
-0.0025000000000000022 0.0055000000000000014 2928.6933186188076
-0.0019999999999999983 0.0055000000000000014 3210.3921407514267
-0.0015000000000000013 0.0055000000000000014 3448.0941680130131
-0.00099999999999999742 0.0055000000000000014 3628.5824831444997
-0.00050000000000000044 0.0055000000000000014 3741.3792108403823
0 0.0055000000000000014 3779.7519962863043
0.00050000000000000044 0.0055000000000000014 3741.3792108403823
0.0010000000000000009 0.0055000000000000014 3628.5824831444988
0.0015000000000000013 0.0055000000000000014 3448.0941680130131
0.0020000000000000018 0.0055000000000000014 3210.3921407514244
0.0024999999999999988 0.0055000000000000014 2928.6933186188094
0.0030000000000000027 0.0055000000000000014 2617.7402857312513
0.0034999999999999996 0.0055000000000000014 2292.535471857675
0.0040000000000000036 0.0055000000000000014 1967.1723838954454
0.0045000000000000005 0.0055000000000000014 1653.8861908270853
0.0049999999999999975 0.0055000000000000014 1362.4032485095995
0.0055000000000000014 0.0055000000000000014 1099.6198404498894
0.0059999999999999984 0.0055000000000000014 869.59355290005237
0.0064999999999999988 0.0055000000000000014 673.79363270252657
0.0069999999999999993 0.0055000000000000014 511.53380698155956
0.0074999999999999997 0.0055000000000000014 380.5034748805565
0.0080000000000000002 0.0055000000000000014 277.31908622647552
0.0085000000000000006 0.0055000000000000014 198.03307955038315
0.0090000000000000011 0.0055000000000000014 138.55830725322767
0.0095000000000000015 0.0055000000000000014 94.987015909741942
0.010000000000000002 0.0055000000000000014 63.801775808470133
0.010500000000000002 0.0055000000000000014 41.989251842158957
0.011000000000000003 0.0055000000000000014 27.075741159083243
0.011500000000000003 0.0055000000000000014 17.106431319219716
0.012000000000000004 0.0055000000000000014 10.589496955090176
0.012499999999999997 0.0055000000000000014 6.4228545741958136
0.013000000000000005 0.0055000000000000014 3.8169607598256037
0.013499999999999998 0.0055000000000000014 2.2225121757843977
0.014000000000000005 0.0055000000000000014 1.2679655374939629
0.014499999999999999 0.0055000000000000014 0.70877370659000838
0.014999999999999999 0.0055000000000000014 0.38819022364486594
0.0155 0.0055000000000000014 0.2083139896371313
0.016000000000000007 0.0055000000000000014 0.10952900107155852
0.016500000000000001 0.0055000000000000014 0.056425662170023219
0.017000000000000001 0.0055000000000000014 0.028481381373438367
0.017500000000000002 0.0055000000000000014 0.014085824766631056
0.017999999999999995 0.0055000000000000014 0.0068255925654380394
0.018500000000000003 0.0055000000000000014 0.0032406735723341305
0.019000000000000003 0.0055000000000000014 0.0015075338118329896
0.019500000000000003 0.0055000000000000014 0.00068712489386071191
0.019999999999999997 0.0055000000000000014 0.0003068606153210439
0.020499999999999997 0.0055000000000000014 0.00013427138465349573
0.021000000000000005 0.0055000000000000014 5.7565546343477168e-05
0.021500000000000005 0.0055000000000000014 2.4181244117554856e-05
0.021999999999999999 0.0055000000000000014 9.9524842578325783e-06
0.022499999999999999 0.0055000000000000014 4.0134809369858753e-06
0.023000000000000007 0.0055000000000000014 1.5857976029499825e-06
0.023500000000000007 0.0055000000000000014 6.1391911652697589e-07
0.024 0.0055000000000000014 2.3286885297411199e-07
0.024500000000000001 0.0055000000000000014 8.6546298537950977e-08
0.025000000000000001 0.0055000000000000014 3.1515372174236451e-08
-0.025000000000000001 0.0059999999999999984 2.4922762805688552e-08
-0.024500000000000001 0.0059999999999999984 6.8441929171789034e-08
-0.024 0.0059999999999999984 1.8415569251157563e-07
-0.0235 0.0059999999999999984 4.8549515577632904e-07
-0.023 0.0059999999999999984 1.2540691982835469e-06
-0.022500000000000003 0.0059999999999999984 3.1739124914863772e-06
-0.022000000000000002 0.0059999999999999984 7.870552919825047e-06
-0.021500000000000002 0.0059999999999999984 1.9122839741710102e-05
-0.021000000000000001 0.0059999999999999984 4.552357653803047e-05
-0.020500000000000001 0.0059999999999999984 0.00010618354283774207
-0.02 0.0059999999999999984 0.00024266933253309353
-0.0195 0.0059999999999999984 0.00054338722871164922
-0.019 0.0059999999999999984 0.0011921771828093456
-0.018500000000000003 0.0059999999999999984 0.0025627664597270049
-0.018000000000000002 0.0059999999999999984 0.0053977666383311059
-0.017500000000000002 0.0059999999999999984 0.011139251906668783
-0.017000000000000001 0.0059999999999999984 0.022523443747519679
-0.016500000000000001 0.0059999999999999984 0.044622141431254446
-0.016 0.0059999999999999984 0.086616946769933881
-0.0155 0.0059999999999999984 0.16473738987214359
-0.015000000000000001 0.0059999999999999984 0.30698583579784638
-0.014500000000000001 0.0059999999999999984 0.56050738904781616
-0.014 0.0059999999999999984 1.00272350147219
-0.0135 0.0059999999999999984 1.7575912949272141
-0.012999999999999999 0.0059999999999999984 3.0185018006394437
-0.012500000000000001 0.0059999999999999984 5.0792762402778671
-0.012 0.0059999999999999984 8.3743107771079011
-0.0115 0.0059999999999999984 13.527986528721566
-0.010999999999999999 0.0059999999999999984 21.411845335835782
-0.010499999999999999 0.0059999999999999984 33.205641940854136
-0.010000000000000002 0.0059999999999999984 50.45526723482984
-0.0095000000000000015 0.0059999999999999984 75.116957339121782
-0.0090000000000000011 0.0059999999999999984 109.5736965230231
-0.0085000000000000006 0.0059999999999999984 156.6071135707233
-0.0080000000000000002 0.0059999999999999984 219.30751029375097
-0.0074999999999999997 0.0059999999999999984 300.90705573011849
-0.0069999999999999993 0.0059999999999999984 404.52753240573679
-0.0064999999999999988 0.0059999999999999984 532.8446954390181
-0.0059999999999999984 0.0059999999999999984 687.685797789856
-0.0054999999999999979 0.0059999999999999984 869.59355290005385
-0.005000000000000001 0.0059999999999999984 1077.406061416026
-0.0044999999999999971 0.0059999999999999984 1307.9145317942282
-0.0040000000000000001 0.0059999999999999984 1555.6652940880288
-0.0035000000000000031 0.0059999999999999984 1812.9666206336162
-0.0029999999999999992 0.0059999999999999984 2070.1427819884589
-0.0025000000000000022 0.0059999999999999984 2316.0484511178051
-0.0019999999999999983 0.0059999999999999984 2538.8195130566669
-0.0015000000000000013 0.0059999999999999984 2726.797342133832
-0.00099999999999999742 0.0059999999999999984 2869.529829706918
-0.00050000000000000044 0.0059999999999999984 2958.7309368390265
0 0.0059999999999999984 2989.0766305079756
0.00050000000000000044 0.0059999999999999984 2958.7309368390265
0.0010000000000000009 0.0059999999999999984 2869.5298297069171
0.0015000000000000013 0.0059999999999999984 2726.797342133832
0.0020000000000000018 0.0059999999999999984 2538.8195130566655
0.0024999999999999988 0.0059999999999999984 2316.0484511178065
0.0030000000000000027 0.0059999999999999984 2070.142781988457
0.0034999999999999996 0.0059999999999999984 1812.966620633618
0.0040000000000000036 0.0059999999999999984 1555.6652940880267
0.0045000000000000005 0.0059999999999999984 1307.9145317942264
0.0049999999999999975 0.0059999999999999984 1077.4060614160273
0.0055000000000000014 0.0059999999999999984 869.59355290005237
0.0059999999999999984 0.0059999999999999984 687.685797789856
0.0064999999999999988 0.0059999999999999984 532.8446954390181
0.0069999999999999993 0.0059999999999999984 404.52753240573679
0.0074999999999999997 0.0059999999999999984 300.90705573011849
0.0080000000000000002 0.0059999999999999984 219.30751029375097
0.0085000000000000006 0.0059999999999999984 156.6071135707233
0.0090000000000000011 0.0059999999999999984 109.5736965230231
0.0095000000000000015 0.0059999999999999984 75.116957339121782
0.010000000000000002 0.0059999999999999984 50.45526723482984
0.010500000000000002 0.0059999999999999984 33.205641940854022
0.011000000000000003 0.0059999999999999984 21.411845335835704
0.011500000000000003 0.0059999999999999984 13.527986528721518
0.012000000000000004 0.0059999999999999984 8.3743107771078709
0.012499999999999997 0.0059999999999999984 5.0792762402778902
0.013000000000000005 0.0059999999999999984 3.0185018006394282
0.013499999999999998 0.0059999999999999984 1.7575912949272168
0.014000000000000005 0.0059999999999999984 1.0027235014721847
0.014499999999999999 0.0059999999999999984 0.56050738904781727
0.014999999999999999 0.0059999999999999984 0.30698583579784749
0.0155 0.0059999999999999984 0.16473738987214359
0.016000000000000007 0.0059999999999999984 0.086616946769932798
0.016500000000000001 0.0059999999999999984 0.044622141431254446
0.017000000000000001 0.0059999999999999984 0.022523443747519679
0.017500000000000002 0.0059999999999999984 0.011139251906668783
0.017999999999999995 0.0059999999999999984 0.0053977666383311536
0.018500000000000003 0.0059999999999999984 0.0025627664597270049
0.019000000000000003 0.0059999999999999984 0.0011921771828093414
0.019500000000000003 0.0059999999999999984 0.00054338722871164532
0.019999999999999997 0.0059999999999999984 0.00024266933253309445
0.020499999999999997 0.0059999999999999984 0.0001061835428377432
0.021000000000000005 0.0059999999999999984 4.5523576538029975e-05
0.021500000000000005 0.0059999999999999984 1.9122839741710031e-05
0.021999999999999999 0.0059999999999999984 7.8705529198250741e-06
0.022499999999999999 0.0059999999999999984 3.1739124914863887e-06
0.023000000000000007 0.0059999999999999984 1.2540691982835291e-06
0.023500000000000007 0.0059999999999999984 4.8549515577632216e-07
0.024 0.0059999999999999984 1.8415569251157563e-07
0.024500000000000001 0.0059999999999999984 6.8441929171789034e-08
0.025000000000000001 0.0059999999999999984 2.4922762805688552e-08
-0.025000000000000001 0.0064999999999999988 1.9311089453026819e-08
-0.024500000000000001 0.0064999999999999988 5.3031368427278529e-08
-0.024 0.0064999999999999988 1.4269072329988369e-07
-0.0235 0.0064999999999999988 3.7617981823700379e-07
-0.023 0.0064999999999999988 9.7169975323970249e-07
-0.022500000000000003 0.0064999999999999988 2.4592661944037352e-06
-0.022000000000000002 0.0064999999999999988 6.0983989882867529e-06
-0.021500000000000002 0.0064999999999999988 1.4817091978413092e-05
-0.021000000000000001 0.0064999999999999988 3.5273370998297255e-05
-0.020500000000000001 0.0064999999999999988 8.2274983322110537e-05
-0.02 0.0064999999999999988 0.00018802928168875599
-0.0195 0.0064999999999999988 0.0004210367631829274
-0.019 0.0064999999999999988 0.00092374350310127319
-0.018500000000000003 0.0064999999999999988 0.0019857273744831021
-0.018000000000000002 0.0064999999999999988 0.004182391623756266
-0.017500000000000002 0.0064999999999999988 0.008631109307046067
-0.017000000000000001 0.0064999999999999988 0.017452007242924637
-0.016500000000000001 0.0064999999999999988 0.034574905337858008
-0.016 0.0064999999999999988 0.067114052332932786
-0.0155 0.0064999999999999988 0.12764469560946912
-0.015000000000000001 0.0064999999999999988 0.23786411571317892
-0.014500000000000001 0.0064999999999999988 0.43430210419987275
-0.014 0.0064999999999999988 0.77694769976152034
-0.0135 0.0064999999999999988 1.3618475199889823
-0.012999999999999999 0.0064999999999999988 2.338848174286928
-0.012500000000000001 0.0064999999999999988 3.9356133426046771
-0.012 0.0064999999999999988 6.4887294312035682
-0.0115 0.0064999999999999988 10.481990299881852
-0.010999999999999999 0.0064999999999999988 16.590699187664779
-0.010499999999999999 0.0064999999999999988 25.728974225869191
-0.010000000000000002 0.0064999999999999988 39.094629537852853
-0.0095000000000000015 0.0064999999999999988 58.203430090177811
-0.0090000000000000011 0.0064999999999999988 84.901801287132685
-0.0085000000000000006 0.0064999999999999988 121.34505322396629
-0.0080000000000000002 0.0064999999999999988 169.92766741079663
-0.0074999999999999997 0.0064999999999999988 233.15404939475357
-0.0069999999999999993 0.0064999999999999988 313.44307312174664
-0.0064999999999999988 0.0064999999999999988 412.86801380804673
-0.0059999999999999984 0.0064999999999999988 532.8446954390181
-0.0054999999999999979 0.0064999999999999988 673.79363270252747
-0.005000000000000001 0.0064999999999999988 834.81454249082151
-0.0044999999999999971 0.0064999999999999988 1013.4211330144784
-0.0040000000000000001 0.0064999999999999988 1205.3876966740718
-0.0035000000000000031 0.0064999999999999988 1404.7543949829042
-0.0029999999999999992 0.0064999999999999988 1604.0241106171536
-0.0025000000000000022 0.0064999999999999988 1794.561027033152
-0.0019999999999999983 0.0064999999999999988 1967.1723838954506
-0.0015000000000000013 0.0064999999999999988 2112.8246416646562
-0.00099999999999999742 0.0064999999999999988 2223.4191153538968
-0.00050000000000000044 0.0064999999999999988 2292.5354718576787
0 0.0064999999999999988 2316.0484511178056
0.00050000000000000044 0.0064999999999999988 2292.5354718576787
0.0010000000000000009 0.0064999999999999988 2223.4191153538954
0.0015000000000000013 0.0064999999999999988 2112.8246416646562
0.0020000000000000018 0.0064999999999999988 1967.1723838954497
0.0024999999999999988 0.0064999999999999988 1794.5610270331529
0.0030000000000000027 0.0064999999999999988 1604.0241106171529
0.0034999999999999996 0.0064999999999999988 1404.7543949829055
0.0040000000000000036 0.0064999999999999988 1205.3876966740704
0.0045000000000000005 0.0064999999999999988 1013.4211330144775
0.0049999999999999975 0.0064999999999999988 834.81454249082265
0.0055000000000000014 0.0064999999999999988 673.79363270252657
0.0059999999999999984 0.0064999999999999988 532.8446954390181
0.0064999999999999988 0.0064999999999999988 412.86801380804673
0.0069999999999999993 0.0064999999999999988 313.44307312174664
0.0074999999999999997 0.0064999999999999988 233.15404939475357
0.0080000000000000002 0.0064999999999999988 169.92766741079663
0.0085000000000000006 0.0064999999999999988 121.34505322396629
0.0090000000000000011 0.0064999999999999988 84.901801287132685
0.0095000000000000015 0.0064999999999999988 58.203430090177811
0.010000000000000002 0.0064999999999999988 39.094629537852853
0.010500000000000002 0.0064999999999999988 25.728974225869123
0.011000000000000003 0.0064999999999999988 16.590699187664736
0.011500000000000003 0.0064999999999999988 10.481990299881806
0.012000000000000004 0.0064999999999999988 6.4887294312035513
0.012499999999999997 0.0064999999999999988 3.9356133426046984
0.013000000000000005 0.0064999999999999988 2.3388481742869116
0.013499999999999998 0.0064999999999999988 1.3618475199889848
0.014000000000000005 0.0064999999999999988 0.77694769976151756
0.014499999999999999 0.0064999999999999988 0.43430210419987358
0.014999999999999999 0.0064999999999999988 0.23786411571317936
0.0155 0.0064999999999999988 0.12764469560946912
0.016000000000000007 0.0064999999999999988 0.067114052332932078
0.016500000000000001 0.0064999999999999988 0.034574905337858008
0.017000000000000001 0.0064999999999999988 0.017452007242924637
0.017500000000000002 0.0064999999999999988 0.008631109307046067
0.017999999999999995 0.0064999999999999988 0.0041823916237563033
0.018500000000000003 0.0064999999999999988 0.0019857273744831021
0.019000000000000003 0.0064999999999999988 0.00092374350310126668
0.019500000000000003 0.0064999999999999988 0.00042103676318292594
0.019999999999999997 0.0064999999999999988 0.00018802928168875735
0.020499999999999997 0.0064999999999999988 8.2274983322111106e-05
0.021000000000000005 0.0064999999999999988 3.5273370998297004e-05
0.021500000000000005 0.0064999999999999988 1.4817091978413037e-05
0.021999999999999999 0.0064999999999999988 6.098398988286819e-06
0.022499999999999999 0.0064999999999999988 2.4592661944037525e-06
0.023000000000000007 0.0064999999999999988 9.716997532396919e-07
0.023500000000000007 0.0064999999999999988 3.7617981823699844e-07
0.024 0.0064999999999999988 1.4269072329988369e-07
0.024500000000000001 0.0064999999999999988 5.3031368427278529e-08
0.025000000000000001 0.0064999999999999988 1.9311089453026819e-08
-0.025000000000000001 0.0069999999999999993 1.4660683368656002e-08
-0.024500000000000001 0.0069999999999999993 4.0260602749008026e-08
-0.024 0.0069999999999999993 1.0832861185965917e-07
-0.0235 0.0069999999999999993 2.8558995691394564e-07
-0.023 0.0069999999999999993 7.376995713421836e-07
-0.022500000000000003 0.0069999999999999993 1.8670372317985197e-06
-0.022000000000000002 0.0069999999999999993 4.629811116585721e-06
-0.021500000000000002 0.0069999999999999993 1.1248909310278124e-05
-0.021000000000000001 0.0069999999999999993 2.6779003059825619e-05
-0.020500000000000001 0.0069999999999999993 6.2461907319157235e-05
-0.02 0.0069999999999999993 0.00014274895104080237
-0.0195 0.0069999999999999993 0.00031964466254498107
-0.019 0.0069999999999999993 0.00070129192067401396
-0.018500000000000003 0.0069999999999999993 0.0015075338118329896
-0.018000000000000002 0.0069999999999999993 0.0031752076685657364
-0.017500000000000002 0.0069999999999999993 0.0065526060028181761
-0.017000000000000001 0.0069999999999999993 0.013249296626084765
-0.016500000000000001 0.0069999999999999993 0.026248738627231646
-0.016 0.0069999999999999993 0.050951960697707598
-0.0155 0.0069999999999999993 0.096905898062918022
-0.015000000000000001 0.0069999999999999993 0.18058279382521725
-0.014500000000000001 0.0069999999999999993 0.32971550628995788
-0.014 0.0069999999999999993 0.58984679491627234
-0.0135 0.0069999999999999993 1.0338937808513191
-0.012999999999999999 0.0069999999999999993 1.7756177150950614
-0.012500000000000001 0.0069999999999999993 2.9878573768577024
-0.012 0.0069999999999999993 4.9261440110435828
-0.0115 0.0069999999999999993 7.9577665068401844
-0.010999999999999999 0.0069999999999999993 12.595404741230066
-0.010499999999999999 0.0069999999999999993 19.533043200038453
-0.010000000000000002 0.0069999999999999993 29.680044021521059
-0.0095000000000000015 0.0069999999999999993 44.187152754763773
-0.0090000000000000011 0.0069999999999999993 64.456147289199521
-0.0085000000000000006 0.0069999999999999993 92.123306041153526
-0.0080000000000000002 0.0069999999999999993 129.00648270227447
-0.0074999999999999997 0.0069999999999999993 177.00698360965347
-0.0069999999999999993 0.0069999999999999993 237.96118081862826
-0.0064999999999999988 0.0069999999999999993 313.44307312174664
-0.0059999999999999984 0.0069999999999999993 404.52753240573679
-0.0054999999999999979 0.0069999999999999993 511.53380698156025
-0.005000000000000001 0.0069999999999999993 633.77841570140049
-0.0044999999999999971 0.0069999999999999993 769.37380391561248
-0.0040000000000000001 0.0069999999999999993 915.11187913027197
-0.0035000000000000031 0.0069999999999999993 1066.4680232395854
-0.0029999999999999992 0.0069999999999999993 1217.7505395876183
-0.0025000000000000022 0.0069999999999999993 1362.4032485095991
-0.0019999999999999983 0.0069999999999999993 1493.4471471434797
-0.0015000000000000013 0.0069999999999999993 1604.0241106171529
-0.00099999999999999742 0.0069999999999999993 1687.9857413177444
-0.00050000000000000044 0.0069999999999999993 1740.4578206772167
0 0.0069999999999999993 1758.3085144366239
0.00050000000000000044 0.0069999999999999993 1740.4578206772167
0.0010000000000000009 0.0069999999999999993 1687.9857413177438
0.0015000000000000013 0.0069999999999999993 1604.0241106171529
0.0020000000000000018 0.0069999999999999993 1493.447147143479
0.0024999999999999988 0.0069999999999999993 1362.4032485095995
0.0030000000000000027 0.0069999999999999993 1217.7505395876171
0.0034999999999999996 0.0069999999999999993 1066.4680232395863
0.0040000000000000036 0.0069999999999999993 915.11187913027072
0.0045000000000000005 0.0069999999999999993 769.37380391561112
0.0049999999999999975 0.0069999999999999993 633.77841570140163
0.0055000000000000014 0.0069999999999999993 511.53380698155956
0.0059999999999999984 0.0069999999999999993 404.52753240573679
0.0064999999999999988 0.0069999999999999993 313.44307312174664
0.0069999999999999993 0.0069999999999999993 237.96118081862826
0.0074999999999999997 0.0069999999999999993 177.00698360965347
0.0080000000000000002 0.0069999999999999993 129.00648270227447
0.0085000000000000006 0.0069999999999999993 92.123306041153526
0.0090000000000000011 0.0069999999999999993 64.456147289199521
0.0095000000000000015 0.0069999999999999993 44.187152754763773
0.010000000000000002 0.0069999999999999993 29.680044021521059
0.010500000000000002 0.0069999999999999993 19.533043200038399
0.011000000000000003 0.0069999999999999993 12.595404741230022
0.011500000000000003 0.0069999999999999993 7.957766506840156
0.012000000000000004 0.0069999999999999993 4.926144011043565
0.012499999999999997 0.0069999999999999993 2.9878573768577135
0.013000000000000005 0.0069999999999999993 1.7756177150950521
0.013499999999999998 0.0069999999999999993 1.0338937808513191
0.014000000000000005 0.0069999999999999993 0.58984679491626812
0.014499999999999999 0.0069999999999999993 0.32971550628995849
0.014999999999999999 0.0069999999999999993 0.18058279382521758
0.0155 0.0069999999999999993 0.096905898062918022
0.016000000000000007 0.0069999999999999993 0.050951960697706966
0.016500000000000001 0.0069999999999999993 0.026248738627231646
0.017000000000000001 0.0069999999999999993 0.013249296626084765
0.017500000000000002 0.0069999999999999993 0.0065526060028181761
0.017999999999999995 0.0069999999999999993 0.0031752076685657646
0.018500000000000003 0.0069999999999999993 0.0015075338118329896
0.019000000000000003 0.0069999999999999993 0.00070129192067400897
0.019500000000000003 0.0069999999999999993 0.00031964466254497993
0.019999999999999997 0.0069999999999999993 0.00014274895104080337
0.020499999999999997 0.0069999999999999993 6.2461907319157669e-05
0.021000000000000005 0.0069999999999999993 2.6779003059825328e-05
0.021500000000000005 0.0069999999999999993 1.1248909310278084e-05
0.021999999999999999 0.0069999999999999993 4.6298111165857379e-06
0.022499999999999999 0.0069999999999999993 1.8670372317985328e-06
0.023000000000000007 0.0069999999999999993 7.3769957134217577e-07
0.023500000000000007 0.0069999999999999993 2.8558995691394157e-07
0.024 0.0069999999999999993 1.0832861185965917e-07
0.024500000000000001 0.0069999999999999993 4.0260602749008026e-08
0.025000000000000001 0.0069999999999999993 1.4660683368656002e-08
-0.025000000000000001 0.0074999999999999997 1.0905322169837134e-08
-0.024500000000000001 0.0074999999999999997 2.9947774785754261e-08
-0.024 0.0074999999999999997 8.0580037289838991e-08
-0.0235 0.0074999999999999997 2.1243556049202066e-07
-0.023 0.0074999999999999997 5.4873645980492889e-07
-0.022500000000000003 0.0074999999999999997 1.388792186820849e-06
-0.022000000000000002 0.0074999999999999997 3.4438764239193212e-06
-0.021500000000000002 0.0074999999999999997 8.3674803556656611e-06
-0.021000000000000001 0.0074999999999999997 1.9919511827041352e-05
-0.020500000000000001 0.0074999999999999997 4.6462174069881898e-05
-0.02 0.0074999999999999997 0.00010618354283774246
-0.0195 0.0074999999999999997 0.00023776709020088805
-0.019 0.0074999999999999997 0.0005216546962882189
-0.018500000000000003 0.0074999999999999997 0.0011213762337374941
-0.018000000000000002 0.0074999999999999997 0.0023618723432686176
-0.017500000000000002 0.0074999999999999997 0.0048741438387187395
-0.017000000000000001 0.0074999999999999997 0.0098554647554902151
-0.016500000000000001 0.0074999999999999997 0.019525075610991198
-0.016 0.0074999999999999997 0.037900521593784292
-0.0155 0.0074999999999999997 0.072083272788831476
-0.015000000000000001 0.0074999999999999997 0.13432617671858277
-0.014500000000000001 0.0074999999999999997 0.24525826866777037
-0.014 0.0074999999999999997 0.43875644590757418
-0.0135 0.0074999999999999997 0.76905997394910264
-0.012999999999999999 0.0074999999999999997 1.3207899486445882
-0.012500000000000001 0.0074999999999999997 2.2225121757843938
-0.012 0.0074999999999999997 3.6643030986057523
-0.0115 0.0074999999999999997 5.9193698770528247
-0.010999999999999999 0.0074999999999999997 9.3690684880537063
-0.010499999999999999 0.0074999999999999997 14.529618006018881
-0.010000000000000002 0.0074999999999999997 22.077445773205319
-0.0095000000000000015 0.0074999999999999997 32.868531734935097
-0.0090000000000000011 0.0074999999999999997 47.945585777945489
-0.0085000000000000006 0.0074999999999999997 68.525750571569787
-0.0080000000000000002 0.0074999999999999997 95.96123321738412
-0.0074999999999999997 0.0074999999999999997 131.6663169127095
-0.0069999999999999993 0.0074999999999999997 177.00698360965347
-0.0064999999999999988 0.0074999999999999997 233.15404939475357
-0.0059999999999999984 0.0074999999999999997 300.90705573011849
-0.0054999999999999979 0.0074999999999999997 380.50347488055695
-0.005000000000000001 0.0074999999999999997 471.43490066018313
-0.0044999999999999971 0.0074999999999999997 572.29727903891148
-0.0040000000000000001 0.0074999999999999997 680.70427635703993
-0.0035000000000000031 0.0074999999999999997 793.29026381689118
-0.0029999999999999992 0.0074999999999999997 905.82148340288506
-0.0025000000000000022 0.0074999999999999997 1013.4211330144763
-0.0019999999999999983 0.0074999999999999997 1110.8978942989652
-0.0015000000000000013 0.0074999999999999997 1193.1503637725805
-0.00099999999999999742 0.0074999999999999997 1255.6050672588053
-0.00050000000000000044 0.0074999999999999997 1294.6363263036396
0 0.0074999999999999997 1307.9145317942259
0.00050000000000000044 0.0074999999999999997 1294.6363263036396
0.0010000000000000009 0.0074999999999999997 1255.6050672588049
0.0015000000000000013 0.0074999999999999997 1193.1503637725805
0.0020000000000000018 0.0074999999999999997 1110.8978942989645
0.0024999999999999988 0.0074999999999999997 1013.4211330144775
0.0030000000000000027 0.0074999999999999997 905.82148340288427
0.0034999999999999996 0.0074999999999999997 793.29026381689198
0.0040000000000000036 0.0074999999999999997 680.70427635703936
0.0045000000000000005 0.0074999999999999997 572.29727903891092
0.0049999999999999975 0.0074999999999999997 471.43490066018393
0.0055000000000000014 0.0074999999999999997 380.5034748805565
0.0059999999999999984 0.0074999999999999997 300.90705573011849
0.0064999999999999988 0.0074999999999999997 233.15404939475357
0.0069999999999999993 0.0074999999999999997 177.00698360965347
0.0074999999999999997 0.0074999999999999997 131.6663169127095
0.0080000000000000002 0.0074999999999999997 95.96123321738412
0.0085000000000000006 0.0074999999999999997 68.525750571569787
0.0090000000000000011 0.0074999999999999997 47.945585777945489
0.0095000000000000015 0.0074999999999999997 32.868531734935097
0.010000000000000002 0.0074999999999999997 22.077445773205319
0.010500000000000002 0.0074999999999999997 14.529618006018845
0.011000000000000003 0.0074999999999999997 9.3690684880536796
0.011500000000000003 0.0074999999999999997 5.9193698770527989
0.012000000000000004 0.0074999999999999997 3.6643030986057461
0.012499999999999997 0.0074999999999999997 2.2225121757844017
0.013000000000000005 0.0074999999999999997 1.3207899486445813
0.013499999999999998 0.0074999999999999997 0.76905997394910397
0.014000000000000005 0.0074999999999999997 0.4387564459075719
0.014499999999999999 0.0074999999999999997 0.24525826866777081
0.014999999999999999 0.0074999999999999997 0.13432617671858299
0.0155 0.0074999999999999997 0.072083272788831476
0.016000000000000007 0.0074999999999999997 0.037900521593783883
0.016500000000000001 0.0074999999999999997 0.019525075610991198
0.017000000000000001 0.0074999999999999997 0.0098554647554902151
0.017500000000000002 0.0074999999999999997 0.0048741438387187395
0.017999999999999995 0.0074999999999999997 0.0023618723432686389
0.018500000000000003 0.0074999999999999997 0.0011213762337374941
0.019000000000000003 0.0074999999999999997 0.00052165469628821706
0.019500000000000003 0.0074999999999999997 0.00023776709020088723
0.019999999999999997 0.0074999999999999997 0.0001061835428377432
0.020499999999999997 0.0074999999999999997 4.646217406988223e-05
0.021000000000000005 0.0074999999999999997 1.9919511827041284e-05
0.021500000000000005 0.0074999999999999997 8.3674803556656323e-06
0.021999999999999999 0.0074999999999999997 3.4438764239193453e-06
0.022499999999999999 0.0074999999999999997 1.3887921868208539e-06
0.023000000000000007 0.0074999999999999997 5.4873645980492116e-07
0.023500000000000007 0.0074999999999999997 2.1243556049201841e-07
0.024 0.0074999999999999997 8.0580037289838991e-08
0.024500000000000001 0.0074999999999999997 2.9947774785754261e-08
0.025000000000000001 0.0074999999999999997 1.0905322169837134e-08
-0.025000000000000001 0.0080000000000000002 7.94803248536401e-09
-0.024500000000000001 0.0080000000000000002 2.1826580008786193e-08
-0.024 0.0080000000000000002 5.8728457910478089e-08
-0.0235 0.0080000000000000002 1.5482758872609335e-07
-0.023 0.0080000000000000002 3.9993089067063776e-07
-0.022500000000000003 0.0080000000000000002 1.0121815059074666e-06
-0.022000000000000002 0.0080000000000000002 2.509970935897521e-06
-0.021500000000000002 0.0080000000000000002 6.0983989882867529e-06
-0.021000000000000001 0.0080000000000000002 1.4517767070817524e-05
-0.020500000000000001 0.0080000000000000002 3.3862628090846676e-05
-0.02 0.0080000000000000002 7.7388841406234412e-05
-0.0195 0.0080000000000000002 0.00017328975040224447
-0.019 0.0080000000000000002 0.00038019312108991969
-0.018500000000000003 0.0080000000000000002 0.00081728302889687928
-0.018000000000000002 0.0080000000000000002 0.0017213831758683578
-0.017500000000000002 0.0080000000000000002 0.0035523804767202106
-0.017000000000000001 0.0080000000000000002 0.0071828739046015996
-0.016500000000000001 0.0080000000000000002 0.014230293504264696
-0.016 0.0080000000000000002 0.02762271230031323
-0.0155 0.0080000000000000002 0.052535833866661955
-0.015000000000000001 0.0080000000000000002 0.097899796041512915
-0.014500000000000001 0.0080000000000000002 0.17874948179588618
-0.014 0.0080000000000000002 0.31977509980233343
-0.0135 0.0080000000000000002 0.56050738904781616
-0.012999999999999999 0.0080000000000000002 0.9626200175181312
-0.012500000000000001 0.0080000000000000002 1.6198144994844554
-0.012 0.0080000000000000002 2.6706226198884986
-0.0115 0.0080000000000000002 4.3141636113996453
-0.010999999999999999 0.0080000000000000002 6.8283778820046939
-0.010499999999999999 0.0080000000000000002 10.589496955090222
-0.010000000000000002 0.0080000000000000002 16.09051557272052
-0.0095000000000000015 0.0080000000000000002 23.95529026167085
-0.0090000000000000011 0.0080000000000000002 34.943770331418825
-0.0085000000000000006 0.0080000000000000002 49.943035441283392
-0.0080000000000000002 0.0080000000000000002 69.938603103071245
-0.0074999999999999997 0.0080000000000000002 95.96123321738412
-0.0069999999999999993 0.0080000000000000002 129.00648270227447
-0.0064999999999999988 0.0080000000000000002 169.92766741079663
-0.0059999999999999984 0.0080000000000000002 219.30751029375097
-0.0054999999999999979 0.0080000000000000002 277.31908622647603
-0.005000000000000001 0.0080000000000000002 343.59185788616276
-0.0044999999999999971 0.0080000000000000002 417.10252060848984
-0.0040000000000000001 0.0080000000000000002 496.11186328599501
-0.0035000000000000031 0.0080000000000000002 578.1669435295388
-0.0029999999999999992 0.0080000000000000002 660.18210777300567
-0.0025000000000000022 0.0080000000000000002 738.60303814149256
-0.0019999999999999983 0.0080000000000000002 809.64619057582047
-0.0015000000000000013 0.0080000000000000002 869.59355290005237
-0.00099999999999999742 0.0080000000000000002 915.11187913027197
-0.00050000000000000044 0.0080000000000000002 943.55869711525906
0 0.0080000000000000002 953.2361378128312
0.00050000000000000044 0.0080000000000000002 943.55869711525906
0.0010000000000000009 0.0080000000000000002 915.11187913027197
0.0015000000000000013 0.0080000000000000002 869.59355290005237
0.0020000000000000018 0.0080000000000000002 809.64619057582013
0.0024999999999999988 0.0080000000000000002 738.60303814149347
0.0030000000000000027 0.0080000000000000002 660.18210777300499
0.0034999999999999996 0.0080000000000000002 578.16694352953959
0.0040000000000000036 0.0080000000000000002 496.11186328599439
0.0045000000000000005 0.0080000000000000002 417.10252060848921
0.0049999999999999975 0.0080000000000000002 343.59185788616333
0.0055000000000000014 0.0080000000000000002 277.31908622647552
0.0059999999999999984 0.0080000000000000002 219.30751029375097
0.0064999999999999988 0.0080000000000000002 169.92766741079663
0.0069999999999999993 0.0080000000000000002 129.00648270227447
0.0074999999999999997 0.0080000000000000002 95.96123321738412
0.0080000000000000002 0.0080000000000000002 69.938603103071245
0.0085000000000000006 0.0080000000000000002 49.943035441283392
0.0090000000000000011 0.0080000000000000002 34.943770331418825
0.0095000000000000015 0.0080000000000000002 23.95529026167085
0.010000000000000002 0.0080000000000000002 16.09051557272052
0.010500000000000002 0.0080000000000000002 10.589496955090205
0.011000000000000003 0.0080000000000000002 6.8283778820046752
0.011500000000000003 0.0080000000000000002 4.3141636113996222
0.012000000000000004 0.0080000000000000002 2.6706226198884937
0.012499999999999997 0.0080000000000000002 1.619814499484461
0.013000000000000005 0.0080000000000000002 0.96262001751812432
0.013499999999999998 0.0080000000000000002 0.56050738904781727
0.014000000000000005 0.0080000000000000002 0.31977509980233176
0.014499999999999999 0.0080000000000000002 0.17874948179588682
0.014999999999999999 0.0080000000000000002 0.097899796041513096
0.0155 0.0080000000000000002 0.052535833866661955
0.016000000000000007 0.0080000000000000002 0.027622712300312883
0.016500000000000001 0.0080000000000000002 0.014230293504264696
0.017000000000000001 0.0080000000000000002 0.0071828739046015996
0.017500000000000002 0.0080000000000000002 0.0035523804767202106
0.017999999999999995 0.0080000000000000002 0.001721383175868373
0.018500000000000003 0.0080000000000000002 0.00081728302889687928
0.019000000000000003 0.0080000000000000002 0.00038019312108991698
0.019500000000000003 0.0080000000000000002 0.00017328975040224384
0.019999999999999997 0.0080000000000000002 7.7388841406234954e-05
0.020499999999999997 0.0080000000000000002 3.3862628090846919e-05
0.021000000000000005 0.0080000000000000002 1.4517767070817419e-05
0.021500000000000005 0.0080000000000000002 6.0983989882867317e-06
0.021999999999999999 0.0080000000000000002 2.5099709358975303e-06
0.022499999999999999 0.0080000000000000002 1.0121815059074702e-06
0.023000000000000007 0.0080000000000000002 3.9993089067063204e-07
0.023500000000000007 0.0080000000000000002 1.5482758872609168e-07
0.024 0.0080000000000000002 5.8728457910478089e-08
0.024500000000000001 0.0080000000000000002 2.1826580008786193e-08
0.025000000000000001 0.0080000000000000002 7.94803248536401e-09
-0.025000000000000001 0.0085000000000000006 5.6756762430614784e-09
-0.024500000000000001 0.0085000000000000006 1.5586323011546527e-08
-0.024 0.0085000000000000006 4.1937890159349363e-08
-0.0235 0.0085000000000000006 1.1056211316717277e-07
-0.023 0.0085000000000000006 2.8558995691394564e-07
-0.022500000000000003 0.0085000000000000006 7.2279706170351329e-07
-0.022000000000000002 0.0085000000000000006 1.7923659016091521e-06
-0.021500000000000002 0.0085000000000000006 4.3548561637445376e-06
-0.021000000000000001 0.0085000000000000006 1.0367112341056971e-05
-0.020500000000000001 0.0085000000000000006 2.4181244117554944e-05
-0.02 0.0085000000000000006 5.5263237720309931e-05
-0.0195 0.0085000000000000006 0.00012374591086979273
-0.019 0.0085000000000000006 0.00027149524981422097
-0.018500000000000003 0.0085000000000000006 0.00058362039655841954
-0.018000000000000002 0.0085000000000000006 0.0012292367468896028
-0.017500000000000002 0.0085000000000000006 0.0025367487507334803
-0.017000000000000001 0.0085000000000000006 0.0051292778247101429
-0.016500000000000001 0.0085000000000000006 0.010161827964678721
-0.016 0.0085000000000000006 0.019725331050232754
-0.0155 0.0085000000000000006 0.037515748046515598
-0.015000000000000001 0.0085000000000000006 0.069910074929434574
-0.014500000000000001 0.0085000000000000006 0.12764469560946887
-0.014 0.0085000000000000006 0.22835084537121
-0.0135 0.0085000000000000006 0.40025735651398814
-0.012999999999999999 0.0085000000000000006 0.68740528861500361
-0.012500000000000001 0.0085000000000000006 1.156706730856971
-0.012 0.0085000000000000006 1.9070869911258963
-0.0115 0.0085000000000000006 3.0807367688784391
-0.010999999999999999 0.0085000000000000006 4.8761328284587933
-0.010499999999999999 0.0085000000000000006 7.5619414496170947
-0.010000000000000002 0.0085000000000000006 11.490209324492689
-0.0095000000000000015 0.0085000000000000006 17.106431319219759
-0.0090000000000000011 0.0085000000000000006 24.953285920540189
-0.0085000000000000006 0.0085000000000000006 35.664235178007914
-0.0080000000000000002 0.0085000000000000006 49.943035441283392
-0.0074999999999999997 0.0085000000000000006 68.525750571569787
-0.0069999999999999993 0.0085000000000000006 92.123306041153526
-0.0064999999999999988 0.0085000000000000006 121.34505322396629
-0.0059999999999999984 0.0085000000000000006 156.6071135707233
-0.0054999999999999979 0.0085000000000000006 198.03307955038349
-0.005000000000000001 0.0085000000000000006 245.3583511019749
-0.0044999999999999971 0.0085000000000000006 297.85218813561994
-0.0040000000000000001 0.0085000000000000006 354.2726230093308
-0.0035000000000000031 0.0085000000000000006 412.86801380804565
-0.0029999999999999992 0.0085000000000000006 471.4349006601833
-0.0025000000000000022 0.0085000000000000006 527.43515132232108
-0.0019999999999999983 0.0085000000000000006 578.16694352953959
-0.0015000000000000013 0.0085000000000000006 620.97525122133413
-0.00099999999999999742 0.0085000000000000006 653.47980920905161
-0.00050000000000000044 0.0085000000000000006 673.79363270252588
0 0.0085000000000000006 680.70427635703959
0.00050000000000000044 0.0085000000000000006 673.79363270252588
0.0010000000000000009 0.0085000000000000006 653.47980920905161
0.0015000000000000013 0.0085000000000000006 620.97525122133413
0.0020000000000000018 0.0085000000000000006 578.16694352953903
0.0024999999999999988 0.0085000000000000006 527.43515132232176
0.0030000000000000027 0.0085000000000000006 471.43490066018285
0.0034999999999999996 0.0085000000000000006 412.86801380804604
0.0040000000000000036 0.0085000000000000006 354.27262300933046
0.0045000000000000005 0.0085000000000000006 297.85218813561966
0.0049999999999999975 0.0085000000000000006 245.35835110197536
0.0055000000000000014 0.0085000000000000006 198.03307955038315
0.0059999999999999984 0.0085000000000000006 156.6071135707233
0.0064999999999999988 0.0085000000000000006 121.34505322396629
0.0069999999999999993 0.0085000000000000006 92.123306041153526
0.0074999999999999997 0.0085000000000000006 68.525750571569787
0.0080000000000000002 0.0085000000000000006 49.943035441283392
0.0085000000000000006 0.0085000000000000006 35.664235178007914
0.0090000000000000011 0.0085000000000000006 24.953285920540189
0.0095000000000000015 0.0085000000000000006 17.106431319219759
0.010000000000000002 0.0085000000000000006 11.490209324492689
0.010500000000000002 0.0085000000000000006 7.5619414496170805
0.011000000000000003 0.0085000000000000006 4.8761328284587853
0.011500000000000003 0.0085000000000000006 3.080736768878428
0.012000000000000004 0.0085000000000000006 1.9070869911258927
0.012499999999999997 0.0085000000000000006 1.156706730856977
0.013000000000000005 0.0085000000000000006 0.68740528861499861
0.013499999999999998 0.0085000000000000006 0.40025735651398886
0.014000000000000005 0.0085000000000000006 0.22835084537120914
0.014499999999999999 0.0085000000000000006 0.12764469560946912
0.014999999999999999 0.0085000000000000006 0.069910074929434685
0.0155 0.0085000000000000006 0.037515748046515598
0.016000000000000007 0.0085000000000000006 0.019725331050232543
0.016500000000000001 0.0085000000000000006 0.010161827964678721
0.017000000000000001 0.0085000000000000006 0.0051292778247101429
0.017500000000000002 0.0085000000000000006 0.0025367487507334803
0.017999999999999995 0.0085000000000000006 0.0012292367468896112
0.018500000000000003 0.0085000000000000006 0.00058362039655841954
0.019000000000000003 0.0085000000000000006 0.00027149524981422
0.019500000000000003 0.0085000000000000006 0.00012374591086979187
0.019999999999999997 0.0085000000000000006 5.5263237720310324e-05
0.020499999999999997 0.0085000000000000006 2.4181244117555117e-05
0.021000000000000005 0.0085000000000000006 1.0367112341056897e-05
0.021500000000000005 0.0085000000000000006 4.3548561637445224e-06
0.021999999999999999 0.0085000000000000006 1.7923659016091648e-06
0.022499999999999999 0.0085000000000000006 7.2279706170351594e-07
0.023000000000000007 0.0085000000000000006 2.8558995691394157e-07
0.023500000000000007 0.0085000000000000006 1.105621131671712e-07
0.024 0.0085000000000000006 4.1937890159349363e-08
0.024500000000000001 0.0085000000000000006 1.5586323011546527e-08
0.025000000000000001 0.0085000000000000006 5.6756762430614784e-09
-0.025000000000000001 0.0090000000000000011 3.971114798302569e-09
-0.024500000000000001 0.0090000000000000011 1.0905322169837134e-08
-0.024 0.0090000000000000011 2.9342790019951463e-08
-0.0235 0.0090000000000000011 7.7357274257232032e-08
-0.023 0.0090000000000000011 1.9981944980283512e-07
-0.022500000000000003 0.0090000000000000011 5.0572125416938732e-07
-0.022000000000000002 0.0090000000000000011 1.254069198283538e-06
-0.021500000000000002 0.0090000000000000011 3.0469732619908656e-06
-0.021000000000000001 0.0090000000000000011 7.2535837969203542e-06
-0.020500000000000001 0.0090000000000000011 1.6918952428617103e-05
-0.02 0.0090000000000000011 3.866616975933424e-05
-0.0195 0.0090000000000000011 8.658161544806426e-05
-0.019 0.0090000000000000011 0.00018995777032281073
-0.018500000000000003 0.0090000000000000011 0.00040834316372390756
-0.018000000000000002 0.0090000000000000011 0.00086006319373099879
-0.017500000000000002 0.0090000000000000011 0.0017748934351088821
-0.017000000000000001 0.0090000000000000011 0.0035888148305169326
-0.016500000000000001 0.0090000000000000011 0.0071099519564163122
-0.016 0.0090000000000000011 0.013801272426480786
-0.0155 0.0090000000000000011 0.026248738627231646
-0.015000000000000001 0.0090000000000000011 0.048914159513962947
-0.014500000000000001 0.0090000000000000011 0.089309488059553188
-0.014 0.0090000000000000011 0.15977081539263072
-0.0135 0.0090000000000000011 0.28004908023520408
-0.012999999999999999 0.0090000000000000011 0.48095860249034228
-0.012500000000000001 0.0090000000000000011 0.80931593337758845
-0.012 0.0090000000000000011 1.3343363940761601
-0.0115 0.0090000000000000011 2.1555069120660368
-0.010999999999999999 0.0090000000000000011 3.4116962286659365
-0.010499999999999999 0.0090000000000000011 5.2908827615357605
-0.010000000000000002 0.0090000000000000011 8.0393839130391775
-0.0095000000000000015 0.0090000000000000011 11.968900206551881
-0.0090000000000000011 0.0090000000000000011 17.459128875871446
-0.0085000000000000006 0.0090000000000000011 24.953285920540189
-0.0080000000000000002 0.0090000000000000011 34.943770331418825
-0.0074999999999999997 0.0090000000000000011 47.945585777945489
-0.0069999999999999993 0.0090000000000000011 64.456147289199521
-0.0064999999999999988 0.0090000000000000011 84.901801287132685
-0.0059999999999999984 0.0090000000000000011 109.5736965230231
-0.0054999999999999979 0.0090000000000000011 138.55830725322778
-0.005000000000000001 0.0090000000000000011 171.67050008169687
-0.0044999999999999971 0.0090000000000000011 208.39899623558387
-0.0040000000000000001 0.0090000000000000011 247.87482506348141
-0.0035000000000000031 0.0090000000000000011 288.87241082210545
-0.0029999999999999992 0.0090000000000000011 329.85005315210265
-0.0025000000000000022 0.0090000000000000011 369.03189062652399
-0.0019999999999999983 0.0090000000000000011 404.52753240573645
-0.0015000000000000013 0.0090000000000000011 434.47932966918955
-0.00099999999999999742 0.0090000000000000011 457.22187623271316
-0.00050000000000000044 0.0090000000000000011 471.43490066018285
0 0.0090000000000000011 476.27008824083163
0.00050000000000000044 0.0090000000000000011 471.43490066018285
0.0010000000000000009 0.0090000000000000011 457.22187623271316
0.0015000000000000013 0.0090000000000000011 434.47932966918955
0.0020000000000000018 0.0090000000000000011 404.52753240573622
0.0024999999999999988 0.0090000000000000011 369.0318906265245
0.0030000000000000027 0.0090000000000000011 329.85005315210253
0.0034999999999999996 0.0090000000000000011 288.87241082210585
0.0040000000000000036 0.0090000000000000011 247.87482506348098
0.0045000000000000005 0.0090000000000000011 208.39899623558367
0.0049999999999999975 0.0090000000000000011 171.67050008169701
0.0055000000000000014 0.0090000000000000011 138.55830725322767
0.0059999999999999984 0.0090000000000000011 109.5736965230231
0.0064999999999999988 0.0090000000000000011 84.901801287132685
0.0069999999999999993 0.0090000000000000011 64.456147289199521
0.0074999999999999997 0.0090000000000000011 47.945585777945489
0.0080000000000000002 0.0090000000000000011 34.943770331418825
0.0085000000000000006 0.0090000000000000011 24.953285920540189
0.0090000000000000011 0.0090000000000000011 17.459128875871446
0.0095000000000000015 0.0090000000000000011 11.968900206551881
0.010000000000000002 0.0090000000000000011 8.0393839130391775
0.010500000000000002 0.0090000000000000011 5.2908827615357463
0.011000000000000003 0.0090000000000000011 3.4116962286659245
0.011500000000000003 0.0090000000000000011 2.1555069120660288
0.012000000000000004 0.0090000000000000011 1.3343363940761555
0.012499999999999997 0.0090000000000000011 0.80931593337759122
0.013000000000000005 0.0090000000000000011 0.4809586024903405
0.013499999999999998 0.0090000000000000011 0.28004908023520464
0.014000000000000005 0.0090000000000000011 0.15977081539262986
0.014499999999999999 0.0090000000000000011 0.089309488059553507
0.014999999999999999 0.0090000000000000011 0.048914159513963031
0.0155 0.0090000000000000011 0.026248738627231646
0.016000000000000007 0.0090000000000000011 0.013801272426480641
0.016500000000000001 0.0090000000000000011 0.0071099519564163122
0.017000000000000001 0.0090000000000000011 0.0035888148305169326
0.017500000000000002 0.0090000000000000011 0.0017748934351088821
0.017999999999999995 0.0090000000000000011 0.00086006319373100476
0.018500000000000003 0.0090000000000000011 0.00040834316372390756
0.019000000000000003 0.0090000000000000011 0.00018995777032281008
0.019500000000000003 0.0090000000000000011 8.6581615448063948e-05
0.019999999999999997 0.0090000000000000011 3.8666169759334518e-05
0.020499999999999997 0.0090000000000000011 1.6918952428617225e-05
0.021000000000000005 0.0090000000000000011 7.2535837969203288e-06
0.021500000000000005 0.0090000000000000011 3.0469732619908546e-06
0.021999999999999999 0.0090000000000000011 1.2540691982835469e-06
0.022499999999999999 0.0090000000000000011 5.0572125416938912e-07
0.023000000000000007 0.0090000000000000011 1.9981944980283226e-07
0.023500000000000007 0.0090000000000000011 7.7357274257231198e-08
0.024 0.0090000000000000011 2.9342790019951463e-08
0.024500000000000001 0.0090000000000000011 1.0905322169837134e-08
0.025000000000000001 0.0090000000000000011 3.971114798302569e-09
-0.025000000000000001 0.0095000000000000015 2.7223509871292104e-09
-0.024500000000000001 0.0095000000000000015 7.4760151952061923e-09
-0.024 0.0095000000000000015 2.011560416487711e-08
-0.0235 0.0095000000000000015 5.3031368427278529e-08
-0.023 0.0095000000000000015 1.3698387078884862e-07
-0.022500000000000003 0.0095000000000000015 3.4669125054977968e-07
-0.022000000000000002 0.0095000000000000015 8.5971237128043788e-07
-0.021500000000000002 0.0095000000000000015 2.0888166393685708e-06
-0.021000000000000001 0.0095000000000000015 4.9726089556039286e-06
-0.020500000000000001 0.0095000000000000015 1.1598588604118392e-05
-0.02 0.0095000000000000015 2.6507137355440741e-05
-0.0195 0.0095000000000000015 5.9355006907136535e-05
-0.019 0.0095000000000000015 0.00013022331254997028
-0.018500000000000003 0.0095000000000000015 0.00027993484734473514
-0.018000000000000002 0.0095000000000000015 0.00058960619457485873
-0.017500000000000002 0.0095000000000000015 0.0012167572937410922
-0.017000000000000001 0.0095000000000000015 0.0024602697460818545
-0.016500000000000001 0.0095000000000000015 0.0048741438387187308
-0.016 0.0095000000000000015 0.0094612997916678591
-0.0155 0.0095000000000000015 0.017994513667367509
-0.015000000000000001 0.0095000000000000015 0.033532526053981569
-0.014500000000000001 0.0095000000000000015 0.061225067853202135
-0.014 0.0095000000000000015 0.1095290010715595
-0.0135 0.0095000000000000015 0.19198434916785037
-0.012999999999999999 0.0095000000000000015 0.32971550628995677
-0.012500000000000001 0.0095000000000000015 0.55481700782652854
-0.012 0.0095000000000000015 0.91473860214979874
-0.0115 0.0095000000000000015 1.4776823808606832
-0.010999999999999999 0.0095000000000000015 2.3388481742869236
-0.010499999999999999 0.0095000000000000015 3.6271023730687935
-0.010000000000000002 0.0095000000000000015 5.5113049718250444
-0.0095000000000000015 0.0095000000000000015 8.2051385938490871
-0.0090000000000000011 0.0095000000000000015 11.968900206551881
-0.0085000000000000006 0.0095000000000000015 17.106431319219759
-0.0080000000000000002 0.0095000000000000015 23.95529026167085
-0.0074999999999999997 0.0095000000000000015 32.868531734935097
-0.0069999999999999993 0.0095000000000000015 44.187152754763773
-0.0064999999999999988 0.0095000000000000015 58.203430090177811
-0.0059999999999999984 0.0095000000000000015 75.116957339121782
-0.0054999999999999979 0.0095000000000000015 94.987015909742013
-0.005000000000000001 0.0095000000000000015 117.68668978246082
-0.0044999999999999971 0.0095000000000000015 142.86547781524325
-0.0040000000000000001 0.0095000000000000015 169.92766741079635
-0.0035000000000000031 0.0095000000000000015 198.03307955038298
-0.0029999999999999992 0.0095000000000000015 226.12481970732321
-0.0025000000000000022 0.0095000000000000015 252.98546699246884
-0.0019999999999999983 0.0095000000000000015 277.31908622647552
-0.0015000000000000013 0.0095000000000000015 297.85218813561937
-0.00099999999999999742 0.0095000000000000015 313.44307312174595
-0.00050000000000000044 0.0095000000000000015 323.18664464900399
0 0.0095000000000000015 326.5013505569674
0.00050000000000000044 0.0095000000000000015 323.18664464900399
0.0010000000000000009 0.0095000000000000015 313.44307312174595
0.0015000000000000013 0.0095000000000000015 297.85218813561937
0.0020000000000000018 0.0095000000000000015 277.31908622647541
0.0024999999999999988 0.0095000000000000015 252.98546699246916
0.0030000000000000027 0.0095000000000000015 226.12481970732321
0.0034999999999999996 0.0095000000000000015 198.03307955038315
0.0040000000000000036 0.0095000000000000015 169.927667410796
0.0045000000000000005 0.0095000000000000015 142.86547781524311
0.0049999999999999975 0.0095000000000000015 117.68668978246102
0.0055000000000000014 0.0095000000000000015 94.987015909741942
0.0059999999999999984 0.0095000000000000015 75.116957339121782
0.0064999999999999988 0.0095000000000000015 58.203430090177811
0.0069999999999999993 0.0095000000000000015 44.187152754763773
0.0074999999999999997 0.0095000000000000015 32.868531734935097
0.0080000000000000002 0.0095000000000000015 23.95529026167085
0.0085000000000000006 0.0095000000000000015 17.106431319219759
0.0090000000000000011 0.0095000000000000015 11.968900206551881
0.0095000000000000015 0.0095000000000000015 8.2051385938490871
0.010000000000000002 0.0095000000000000015 5.5113049718250444
0.010500000000000002 0.0095000000000000015 3.627102373068781
0.011000000000000003 0.0095000000000000015 2.3388481742869156
0.011500000000000003 0.0095000000000000015 1.4776823808606778
0.012000000000000004 0.0095000000000000015 0.91473860214979541
0.012499999999999997 0.0095000000000000015 0.55481700782653054
0.013000000000000005 0.0095000000000000015 0.32971550628995555
0.013499999999999998 0.0095000000000000015 0.19198434916785068
0.014000000000000005 0.0095000000000000015 0.10952900107155909
0.014499999999999999 0.0095000000000000015 0.061225067853202246
0.014999999999999999 0.0095000000000000015 0.033532526053981757
0.0155 0.0095000000000000015 0.017994513667367509
0.016000000000000007 0.0095000000000000015 0.0094612997916677429
0.016500000000000001 0.0095000000000000015 0.0048741438387187308
0.017000000000000001 0.0095000000000000015 0.0024602697460818545
0.017500000000000002 0.0095000000000000015 0.0012167572937410922
0.017999999999999995 0.0095000000000000015 0.00058960619457486296
0.018500000000000003 0.0095000000000000015 0.00027993484734473514
0.019000000000000003 0.0095000000000000015 0.00013022331254996982
0.019500000000000003 0.0095000000000000015 5.9355006907136115e-05
0.019999999999999997 0.0095000000000000015 2.6507137355440839e-05
0.020499999999999997 0.0095000000000000015 1.1598588604118474e-05
0.021000000000000005 0.0095000000000000015 4.9726089556038939e-06
0.021500000000000005 0.0095000000000000015 2.088816639368556e-06
0.021999999999999999 0.0095000000000000015 8.5971237128044391e-07
0.022499999999999999 0.0095000000000000015 3.4669125054978089e-07
0.023000000000000007 0.0095000000000000015 1.3698387078884669e-07
0.023500000000000007 0.0095000000000000015 5.3031368427277781e-08
0.024 0.0095000000000000015 2.011560416487711e-08
0.024500000000000001 0.0095000000000000015 7.4760151952061923e-09
0.025000000000000001 0.0095000000000000015 2.7223509871292104e-09
-0.025000000000000001 0.010000000000000002 1.8285744181902641e-09
-0.024500000000000001 0.010000000000000002 5.0215604823137014e-09
-0.024 0.010000000000000002 1.3511438957077385e-08
-0.0235 0.010000000000000002 3.5620610320347894e-08
-0.023 0.010000000000000002 9.2010619869891333e-08
-0.022500000000000003 0.010000000000000002 2.3286885297411114e-07
-0.022000000000000002 0.010000000000000002 5.7745972380396999e-07
-0.021500000000000002 0.010000000000000002 1.4030360850227232e-06
-0.021000000000000001 0.010000000000000002 3.3400489396371809e-06
-0.020500000000000001 0.010000000000000002 7.7906495190648922e-06
-0.02 0.010000000000000002 1.7804564325751199e-05
-0.0195 0.010000000000000002 3.9868131528605327e-05
-0.019 0.010000000000000002 8.7469624272062631e-05
-0.018500000000000003 0.010000000000000002 0.00018802928168875534
-0.018000000000000002 0.010000000000000002 0.00039603225642224161
-0.017500000000000002 0.010000000000000002 0.00081728302889687928
-0.017000000000000001 0.010000000000000002 0.0016525372153708977
-0.016500000000000001 0.010000000000000002 0.003273910960121809
-0.016 0.010000000000000002 0.0063550551871038091
-0.0155 0.010000000000000002 0.012086724862256511
-0.015000000000000001 0.010000000000000002 0.022523443747519599
-0.014500000000000001 0.010000000000000002 0.041124231723840707
-0.014 0.010000000000000002 0.073569473721898662
-0.0135 0.010000000000000002 0.12895386055691394
-0.012999999999999999 0.010000000000000002 0.22146642476775175
-0.012500000000000001 0.010000000000000002 0.37266472695289665
-0.012 0.010000000000000002 0.61442026216689716
-0.0115 0.010000000000000002 0.99254365532847855
-0.010999999999999999 0.010000000000000002 1.570979627444002
-0.010499999999999999 0.010000000000000002 2.4362863726638122
-0.010000000000000002 0.010000000000000002 3.701885366718054
-0.0095000000000000015 0.010000000000000002 5.5113049718250444
-0.0090000000000000011 0.010000000000000002 8.0393839130391775
-0.0085000000000000006 0.010000000000000002 11.490209324492689
-0.0080000000000000002 0.010000000000000002 16.09051557272052
-0.0074999999999999997 0.010000000000000002 22.077445773205319
-0.0069999999999999993 0.010000000000000002 29.680044021521059
-0.0064999999999999988 0.010000000000000002 39.094629537852853
-0.0059999999999999984 0.010000000000000002 50.45526723482984
-0.0054999999999999979 0.010000000000000002 63.801775808470246
-0.005000000000000001 0.010000000000000002 79.048907108276154
-0.0044999999999999971 0.010000000000000002 95.961233217384034
-0.0040000000000000001 0.010000000000000002 114.13862027313128
-0.0035000000000000031 0.010000000000000002 133.01672889840333
-0.0029999999999999992 0.010000000000000002 151.885654197267
-0.0025000000000000022 0.010000000000000002 169.927667410796
-0.0019999999999999983 0.010000000000000002 186.27230256021485
-0.0015000000000000013 0.010000000000000002 200.06417034459184
-0.00099999999999999742 0.010000000000000002 210.53640319677118
-0.00050000000000000044 0.010000000000000002 217.08105732872781
0 0.010000000000000002 219.30751029375037
0.00050000000000000044 0.010000000000000002 217.08105732872781
0.0010000000000000009 0.010000000000000002 210.53640319677118
0.0015000000000000013 0.010000000000000002 200.06417034459184
0.0020000000000000018 0.010000000000000002 186.27230256021485
0.0024999999999999988 0.010000000000000002 169.92766741079635
0.0030000000000000027 0.010000000000000002 151.885654197267
0.0034999999999999996 0.010000000000000002 133.01672889840358
0.0040000000000000036 0.010000000000000002 114.13862027313108
0.0045000000000000005 0.010000000000000002 95.961233217383949
0.0049999999999999975 0.010000000000000002 79.048907108276211
0.0055000000000000014 0.010000000000000002 63.801775808470133
0.0059999999999999984 0.010000000000000002 50.45526723482984
0.0064999999999999988 0.010000000000000002 39.094629537852853
0.0069999999999999993 0.010000000000000002 29.680044021521059
0.0074999999999999997 0.010000000000000002 22.077445773205319
0.0080000000000000002 0.010000000000000002 16.09051557272052
0.0085000000000000006 0.010000000000000002 11.490209324492689
0.0090000000000000011 0.010000000000000002 8.0393839130391775
0.0095000000000000015 0.010000000000000002 5.5113049718250444
0.010000000000000002 0.010000000000000002 3.701885366718054
0.010500000000000002 0.010000000000000002 2.4362863726638078
0.011000000000000003 0.010000000000000002 1.5709796274439964
0.011500000000000003 0.010000000000000002 0.99254365532847677
0.012000000000000004 0.010000000000000002 0.61442026216689494
0.012499999999999997 0.010000000000000002 0.3726647269528986
0.013000000000000005 0.010000000000000002 0.22146642476775061
0.013499999999999998 0.010000000000000002 0.12895386055691416
0.014000000000000005 0.010000000000000002 0.073569473721898287
0.014499999999999999 0.010000000000000002 0.041124231723840859
0.014999999999999999 0.010000000000000002 0.022523443747519641
0.0155 0.010000000000000002 0.012086724862256511
0.016000000000000007 0.010000000000000002 0.0063550551871037423
0.016500000000000001 0.010000000000000002 0.003273910960121809
0.017000000000000001 0.010000000000000002 0.0016525372153708977
0.017500000000000002 0.010000000000000002 0.00081728302889687928
0.017999999999999995 0.010000000000000002 0.00039603225642224438
0.018500000000000003 0.010000000000000002 0.00018802928168875534
0.019000000000000003 0.010000000000000002 8.746962427206232e-05
0.019500000000000003 0.010000000000000002 3.9868131528605043e-05
0.019999999999999997 0.010000000000000002 1.7804564325751325e-05
0.020499999999999997 0.010000000000000002 7.7906495190649464e-06
0.021000000000000005 0.010000000000000002 3.3400489396371568e-06
0.021500000000000005 0.010000000000000002 1.4030360850227181e-06
0.021999999999999999 0.010000000000000002 5.77459723803972e-07
0.022499999999999999 0.010000000000000002 2.3286885297411199e-07
0.023000000000000007 0.010000000000000002 9.2010619869890022e-08
0.023500000000000007 0.010000000000000002 3.5620610320347516e-08
0.024 0.010000000000000002 1.3511438957077385e-08
0.024500000000000001 0.010000000000000002 5.0215604823137014e-09
0.025000000000000001 0.010000000000000002 1.8285744181902641e-09
-0.025000000000000001 0.010500000000000002 1.2034221741415398e-09
-0.024500000000000001 0.010500000000000002 3.3047915212496477e-09
-0.024 0.010500000000000002 8.8921539554289896e-09
-0.0235 0.010500000000000002 2.3442651220280462e-08
-0.023 0.010500000000000002 6.0554068298473654e-08
-0.022500000000000003 0.010500000000000002 1.5325574860294928e-07
-0.022000000000000002 0.010500000000000002 3.8003803913384887e-07
-0.021500000000000002 0.010500000000000002 9.2336670525454224e-07
-0.021000000000000001 0.010500000000000002 2.1981544293151595e-06
-0.020500000000000001 0.010500000000000002 5.1271855763390969e-06
-0.02 0.010500000000000002 1.1717547449747257e-05
-0.0195 0.010500000000000002 2.6238031685141366e-05
-0.019 0.010500000000000002 5.7565546343477575e-05
-0.018500000000000003 0.010500000000000002 0.00012374591086979187
-0.018000000000000002 0.010500000000000002 0.00026063691710481095
-0.017500000000000002 0.010500000000000002 0.00053787065472427921
-0.017000000000000001 0.010500000000000002 0.0010875684953197949
-0.016500000000000001 0.010500000000000002 0.0021546276740953847
-0.016 0.010500000000000002 0.004182391623756266
-0.0155 0.010500000000000002 0.0079545205091422749
-0.015000000000000001 0.010500000000000002 0.014823138382642731
-0.014500000000000001 0.010500000000000002 0.027064696880089192
-0.014 0.010500000000000002 0.048417573349013067
-0.0135 0.010500000000000002 0.084867169578437915
-0.012999999999999999 0.010500000000000002 0.14575157770014818
-0.012500000000000001 0.010500000000000002 0.24525826866776951
-0.012 0.010500000000000002 0.40436252436763981
-0.0115 0.010500000000000002 0.65321325276328335
-0.010999999999999999 0.010500000000000002 1.0338937808513173
-0.010499999999999999 0.010500000000000002 1.6033698241957062
-0.010000000000000002 0.010500000000000002 2.4362863726638078
-0.0095000000000000015 0.010500000000000002 3.627102373068781
-0.0090000000000000011 0.010500000000000002 5.2908827615357463
-0.0085000000000000006 0.010500000000000002 7.5619414496170805
-0.0080000000000000002 0.010500000000000002 10.589496955090205
-0.0074999999999999997 0.010500000000000002 14.529618006018845
-0.0069999999999999993 0.010500000000000002 19.533043200038399
-0.0064999999999999988 0.010500000000000002 25.728974225869123
-0.0059999999999999984 0.010500000000000002 33.205641940854022
-0.0054999999999999979 0.010500000000000002 41.989251842158993
-0.005000000000000001 0.010500000000000002 52.023700380706153
-0.0044999999999999971 0.010500000000000002 63.15404763567669
-0.0040000000000000001 0.010500000000000002 75.11695733912164
-0.0035000000000000031 0.010500000000000002 87.541026220053197
-0.0029999999999999992 0.010500000000000002 99.959051366301395
-0.0025000000000000022 0.010500000000000002 111.8328687791054
-0.0019999999999999983 0.010500000000000002 122.5896070181379
-0.0015000000000000013 0.010500000000000002 131.66631691270925
-0.00099999999999999742 0.010500000000000002 138.55830725322753
-0.00050000000000000044 0.010500000000000002 142.86547781524285
0 0.010500000000000002 144.33075198791948
0.00050000000000000044 0.010500000000000002 142.86547781524285
0.0010000000000000009 0.010500000000000002 138.55830725322753
0.0015000000000000013 0.010500000000000002 131.66631691270925
0.0020000000000000018 0.010500000000000002 122.58960701813778
0.0024999999999999988 0.010500000000000002 111.83286877910548
0.0030000000000000027 0.010500000000000002 99.959051366301395
0.0034999999999999996 0.010500000000000002 87.541026220053283
0.0040000000000000036 0.010500000000000002 75.116957339121512
0.0045000000000000005 0.010500000000000002 63.154047635676633
0.0049999999999999975 0.010500000000000002 52.023700380706195
0.0055000000000000014 0.010500000000000002 41.989251842158957
0.0059999999999999984 0.010500000000000002 33.205641940854022
0.0064999999999999988 0.010500000000000002 25.728974225869123
0.0069999999999999993 0.010500000000000002 19.533043200038399
0.0074999999999999997 0.010500000000000002 14.529618006018845
0.0080000000000000002 0.010500000000000002 10.589496955090205
0.0085000000000000006 0.010500000000000002 7.5619414496170805
0.0090000000000000011 0.010500000000000002 5.2908827615357463
0.0095000000000000015 0.010500000000000002 3.627102373068781
0.010000000000000002 0.010500000000000002 2.4362863726638078
0.010500000000000002 0.010500000000000002 1.6033698241957035
0.011000000000000003 0.010500000000000002 1.0338937808513138
0.011500000000000003 0.010500000000000002 0.65321325276328102
0.012000000000000004 0.010500000000000002 0.40436252436763764
0.012499999999999997 0.010500000000000002 0.24525826866777081
0.013000000000000005 0.010500000000000002 0.14575157770014716
0.013499999999999998 0.010500000000000002 0.084867169578437915
0.014000000000000005 0.010500000000000002 0.0484175733490129
0.014499999999999999 0.010500000000000002 0.027064696880089192
0.014999999999999999 0.010500000000000002 0.014823138382642759
0.0155 0.010500000000000002 0.0079545205091422749
0.016000000000000007 0.010500000000000002 0.0041823916237562139
0.016500000000000001 0.010500000000000002 0.0021546276740953847
0.017000000000000001 0.010500000000000002 0.0010875684953197949
0.017500000000000002 0.010500000000000002 0.00053787065472427921
0.017999999999999995 0.010500000000000002 0.00026063691710481279
0.018500000000000003 0.010500000000000002 0.00012374591086979187
0.019000000000000003 0.010500000000000002 5.7565546343477371e-05
0.019500000000000003 0.010500000000000002 2.6238031685141176e-05
0.019999999999999997 0.010500000000000002 1.171754744974734e-05
0.020499999999999997 0.010500000000000002 5.127185576339152e-06
0.021000000000000005 0.010500000000000002 2.1981544293151362e-06
0.021500000000000005 0.010500000000000002 9.2336670525453568e-07
0.021999999999999999 0.010500000000000002 3.8003803913385157e-07
0.022499999999999999 0.010500000000000002 1.5325574860294928e-07
0.023000000000000007 0.010500000000000002 6.0554068298473231e-08
0.023500000000000007 0.010500000000000002 2.3442651220280214e-08
0.024 0.010500000000000002 8.8921539554289896e-09
0.024500000000000001 0.010500000000000002 3.3047915212496477e-09
0.025000000000000001 0.010500000000000002 1.2034221741415398e-09
-0.025000000000000001 0.011000000000000003 7.7599732937947785e-10
-0.024500000000000001 0.011000000000000003 2.1310139116183895e-09
-0.024 0.011000000000000003 5.7338877994053283e-09
-0.0235 0.011000000000000003 1.5116419766395817e-08
-0.023 0.011000000000000003 3.904680858668588e-08
-0.022500000000000003 0.011000000000000003 9.8823217806150416e-08
-0.022000000000000002 0.011000000000000003 2.4505822625451526e-07
-0.021500000000000002 0.011000000000000003 5.9541041598853979e-07
-0.021000000000000001 0.011000000000000003 1.4174260732141037e-06
-0.020500000000000001 0.011000000000000003 3.3061401060773282e-06
-0.02 0.011000000000000003 7.555773628957338e-06
-0.0195 0.011000000000000003 1.6918952428617103e-05
-0.019 0.011000000000000003 3.7119733362628804e-05
-0.018500000000000003 0.011000000000000003 7.9794521340849603e-05
-0.018000000000000002 0.011000000000000003 0.00016806533563777011
-0.017500000000000002 0.011000000000000003 0.00034683272469644537
-0.017000000000000001 0.011000000000000003 0.00070129192067400897
-0.016500000000000001 0.011000000000000003 0.0013893589106398468
-0.016 0.011000000000000003 0.0026969128541853037
-0.0155 0.011000000000000003 0.0051292778247101429
-0.015000000000000001 0.011000000000000003 0.009558337917579594
-0.014500000000000001 0.011000000000000003 0.017452007242924606
-0.014 0.011000000000000003 0.031220886918317658
-0.0135 0.011000000000000003 0.054724516765566229
-0.012999999999999999 0.011000000000000003 0.093984336900590756
-0.012500000000000001 0.011000000000000003 0.15814879066042423
-0.012 0.011000000000000003 0.26074327509734363
-0.0115 0.011000000000000003 0.42120857547034807
-0.010999999999999999 0.011000000000000003 0.66668109499892547
-0.010499999999999999 0.011000000000000003 1.0338937808513156
-0.010000000000000002 0.011000000000000003 1.5709796274439964
-0.0095000000000000015 0.011000000000000003 2.3388481742869156
-0.0090000000000000011 0.011000000000000003 3.4116962286659245
-0.0085000000000000006 0.011000000000000003 4.8761328284587853
-0.0080000000000000002 0.011000000000000003 6.8283778820046752
-0.0074999999999999997 0.011000000000000003 9.3690684880536796
-0.0069999999999999993 0.011000000000000003 12.595404741230022
-0.0064999999999999988 0.011000000000000003 16.590699187664736
-0.0059999999999999984 0.011000000000000003 21.411845335835704
-0.0054999999999999979 0.011000000000000003 27.075741159083265
-0.005000000000000001 0.011000000000000003 33.546209657192009
-0.0044999999999999971 0.011000000000000003 40.723341615130693
-0.0040000000000000001 0.011000000000000003 48.437331086949463
-0.0035000000000000031 0.011000000000000003 56.448687765254775
-0.0029999999999999992 0.011000000000000003 64.45614728919935
-0.0025000000000000022 0.011000000000000003 72.112687778365782
-0.0019999999999999983 0.011000000000000003 79.048907108276154
-0.0015000000000000013 0.011000000000000003 84.901801287132457
-0.00099999999999999742 0.011000000000000003 89.345932543203446
-0.00050000000000000044 0.011000000000000003 92.123306041153199
0 0.011000000000000003 93.068152221685722
0.00050000000000000044 0.011000000000000003 92.123306041153199
0.0010000000000000009 0.011000000000000003 89.345932543203446
0.0015000000000000013 0.011000000000000003 84.901801287132457
0.0020000000000000018 0.011000000000000003 79.048907108276069
0.0024999999999999988 0.011000000000000003 72.112687778365839
0.0030000000000000027 0.011000000000000003 64.45614728919935
0.0034999999999999996 0.011000000000000003 56.448687765254832
0.0040000000000000036 0.011000000000000003 48.437331086949378
0.0045000000000000005 0.011000000000000003 40.723341615130622
0.0049999999999999975 0.011000000000000003 33.546209657192037
0.0055000000000000014 0.011000000000000003 27.075741159083243
0.0059999999999999984 0.011000000000000003 21.411845335835704
0.0064999999999999988 0.011000000000000003 16.590699187664736
0.0069999999999999993 0.011000000000000003 12.595404741230022
0.0074999999999999997 0.011000000000000003 9.3690684880536796
0.0080000000000000002 0.011000000000000003 6.8283778820046752
0.0085000000000000006 0.011000000000000003 4.8761328284587853
0.0090000000000000011 0.011000000000000003 3.4116962286659245
0.0095000000000000015 0.011000000000000003 2.3388481742869156
0.010000000000000002 0.011000000000000003 1.5709796274439964
0.010500000000000002 0.011000000000000003 1.0338937808513138
0.011000000000000003 0.011000000000000003 0.66668109499892303
0.011500000000000003 0.011000000000000003 0.42120857547034729
0.012000000000000004 0.011000000000000003 0.26074327509734274
0.012499999999999997 0.011000000000000003 0.15814879066042478
0.013000000000000005 0.011000000000000003 0.093984336900590243
0.013499999999999998 0.011000000000000003 0.054724516765566229
0.014000000000000005 0.011000000000000003 0.031220886918317491
0.014499999999999999 0.011000000000000003 0.017452007242924606
0.014999999999999999 0.011000000000000003 0.0095583379175796113
0.0155 0.011000000000000003 0.0051292778247101429
0.016000000000000007 0.011000000000000003 0.0026969128541852751
0.016500000000000001 0.011000000000000003 0.0013893589106398468
0.017000000000000001 0.011000000000000003 0.00070129192067400897
0.017500000000000002 0.011000000000000003 0.00034683272469644537
0.017999999999999995 0.011000000000000003 0.00016806533563777133
0.018500000000000003 0.011000000000000003 7.9794521340849603e-05
0.019000000000000003 0.011000000000000003 3.7119733362628676e-05
0.019500000000000003 0.011000000000000003 1.6918952428617042e-05
0.019999999999999997 0.011000000000000003 7.5557736289573651e-06
0.020499999999999997 0.011000000000000003 3.3061401060773396e-06
0.021000000000000005 0.011000000000000003 1.4174260732140988e-06
0.021500000000000005 0.011000000000000003 5.9541041598853979e-07
0.021999999999999999 0.011000000000000003 2.4505822625451706e-07
0.022499999999999999 0.011000000000000003 9.8823217806151131e-08
0.023000000000000007 0.011000000000000003 3.9046808586685185e-08
0.023500000000000007 0.011000000000000003 1.5116419766395545e-08
0.024 0.011000000000000003 5.7338877994053283e-09
0.024500000000000001 0.011000000000000003 2.1310139116183895e-09
0.025000000000000001 0.011000000000000003 7.7599732937947785e-10
-0.025000000000000001 0.011500000000000003 4.9027448375035956e-10
-0.024500000000000001 0.011500000000000003 1.3463728621579075e-09
-0.024 0.011500000000000003 3.6226656643056831e-09
-0.0235 0.011500000000000003 9.5505417564385019e-09
-0.023 0.011500000000000003 2.466974201734008e-08
-0.022500000000000003 0.011500000000000003 6.2436428912974828e-08
-0.022000000000000002 0.011500000000000003 1.5482758872609279e-07
-0.021500000000000002 0.011500000000000003 3.7617981823700114e-07
-0.021000000000000001 0.011500000000000003 8.9552864422232537e-07
-0.020500000000000001 0.011500000000000003 2.0888166393685708e-06
-0.02 0.011500000000000003 4.773731654764678e-06
-0.0195 0.011500000000000003 1.0689380431463853e-05
-0.019 0.011500000000000003 2.3452217452689588e-05
-0.018500000000000003 0.011500000000000003 5.0414113909097394e-05
-0.018000000000000002 0.011500000000000003 0.0001061835428377417
-0.017500000000000002 0.011500000000000003 0.00021912863435271832
-0.017000000000000001 0.011500000000000003 0.00044307566707953568
-0.016500000000000001 0.011500000000000003 0.00087779583365655016
-0.016 0.011500000000000003 0.0017039073554064035
-0.0155 0.011500000000000003 0.0032406735723341414
-0.015000000000000001 0.011500000000000003 0.0060389501492229894
-0.014500000000000001 0.011500000000000003 0.011026164031098414
-0.014 0.011500000000000003 0.019725331050232681
-0.0135 0.011500000000000003 0.03457490533785789
-0.012999999999999999 0.011500000000000003 0.059379227878790984
-0.012500000000000001 0.011500000000000003 0.099918277758487842
-0.012 0.011500000000000003 0.16473738987214301
-0.0115 0.011500000000000003 0.26611923658949088
-0.010999999999999999 0.011500000000000003 0.42120857547034807
-0.010499999999999999 0.011500000000000003 0.65321325276328335
-0.010000000000000002 0.011500000000000003 0.99254365532847677
-0.0095000000000000015 0.011500000000000003 1.4776823808606778
-0.0090000000000000011 0.011500000000000003 2.1555069120660288
-0.0085000000000000006 0.011500000000000003 3.080736768878428
-0.0080000000000000002 0.011500000000000003 4.3141636113996222
-0.0074999999999999997 0.011500000000000003 5.9193698770527989
-0.0069999999999999993 0.011500000000000003 7.957766506840156
-0.0064999999999999988 0.011500000000000003 10.481990299881806
-0.0059999999999999984 0.011500000000000003 13.527986528721518
-0.0054999999999999979 0.011500000000000003 17.106431319219759
-0.005000000000000001 0.011500000000000003 21.194468071962131
-0.0044999999999999971 0.011500000000000003 25.728974225869102
-0.0040000000000000001 0.011500000000000003 30.602666521918511
-0.0035000000000000031 0.011500000000000003 35.664235178007793
-0.0029999999999999992 0.011500000000000003 40.723341615130622
-0.0025000000000000022 0.011500000000000003 45.560737690503153
-0.0019999999999999983 0.011500000000000003 49.943035441283257
-0.0015000000000000013 0.011500000000000003 53.640889239670535
-0.00099999999999999742 0.011500000000000003 56.448687765254832
-0.00050000000000000044 0.011500000000000003 58.203430090177704
0 0.011500000000000003 58.800383141233311
0.00050000000000000044 0.011500000000000003 58.203430090177704
0.0010000000000000009 0.011500000000000003 56.448687765254832
0.0015000000000000013 0.011500000000000003 53.640889239670535
0.0020000000000000018 0.011500000000000003 49.943035441283214
0.0024999999999999988 0.011500000000000003 45.560737690503196
0.0030000000000000027 0.011500000000000003 40.723341615130586
0.0034999999999999996 0.011500000000000003 35.66423517800785
0.0040000000000000036 0.011500000000000003 30.602666521918483
0.0045000000000000005 0.011500000000000003 25.728974225869081
0.0049999999999999975 0.011500000000000003 21.194468071962149
0.0055000000000000014 0.011500000000000003 17.106431319219716
0.0059999999999999984 0.011500000000000003 13.527986528721518
0.0064999999999999988 0.011500000000000003 10.481990299881806
0.0069999999999999993 0.011500000000000003 7.957766506840156
0.0074999999999999997 0.011500000000000003 5.9193698770527989
0.0080000000000000002 0.011500000000000003 4.3141636113996222
0.0085000000000000006 0.011500000000000003 3.080736768878428
0.0090000000000000011 0.011500000000000003 2.1555069120660288
0.0095000000000000015 0.011500000000000003 1.4776823808606778
0.010000000000000002 0.011500000000000003 0.99254365532847677
0.010500000000000002 0.011500000000000003 0.65321325276328102
0.011000000000000003 0.011500000000000003 0.42120857547034729
0.011500000000000003 0.011500000000000003 0.26611923658949038
0.012000000000000004 0.011500000000000003 0.1647373898721424
0.012499999999999997 0.011500000000000003 0.099918277758488383
0.013000000000000005 0.011500000000000003 0.059379227878790665
0.013499999999999998 0.011500000000000003 0.034574905337858008
0.014000000000000005 0.011500000000000003 0.019725331050232577
0.014499999999999999 0.011500000000000003 0.011026164031098453
0.014999999999999999 0.011500000000000003 0.0060389501492230215
0.0155 0.011500000000000003 0.0032406735723341414
0.016000000000000007 0.011500000000000003 0.0017039073554063794
0.016500000000000001 0.011500000000000003 0.00087779583365655016
0.017000000000000001 0.011500000000000003 0.00044307566707953568
0.017500000000000002 0.011500000000000003 0.00021912863435271832
0.017999999999999995 0.011500000000000003 0.00010618354283774246
0.018500000000000003 0.011500000000000003 5.0414113909097394e-05
0.019000000000000003 0.011500000000000003 2.3452217452689507e-05
0.019500000000000003 0.011500000000000003 1.0689380431463816e-05
0.019999999999999997 0.011500000000000003 4.7737316547646958e-06
0.020499999999999997 0.011500000000000003 2.0888166393685852e-06
0.021000000000000005 0.011500000000000003 8.9552864422231902e-07
0.021500000000000005 0.011500000000000003 3.7617981823699844e-07
0.021999999999999999 0.011500000000000003 1.5482758872609335e-07
0.022499999999999999 0.011500000000000003 6.2436428912975053e-08
0.023000000000000007 0.011500000000000003 2.4669742017339726e-08
0.023500000000000007 0.011500000000000003 9.5505417564383662e-09
0.024 0.011500000000000003 3.6226656643056831e-09
0.024500000000000001 0.011500000000000003 1.3463728621579075e-09
0.025000000000000001 0.011500000000000003 4.9027448375035956e-10
-0.025000000000000001 0.012000000000000004 3.0349755924835786e-10
-0.024500000000000001 0.012000000000000004 8.3345328187875752e-10
-0.024 0.012000000000000004 2.2425604911746449e-09
-0.0235 0.012000000000000004 5.9121292432067843e-09
-0.023 0.012000000000000004 1.5271458616968832e-08
-0.022500000000000003 0.012000000000000004 3.8650397708480581e-08
-0.022000000000000002 0.012000000000000004 9.5843852454299981e-08
-0.021500000000000002 0.012000000000000004 2.328688529741095e-07
-0.021000000000000001 0.012000000000000004 5.5436447697501955e-07
-0.020500000000000001 0.012000000000000004 1.2930527138926461e-06
-0.02 0.012000000000000004 2.955111786860622e-06
-0.0195 0.012000000000000004 6.6171113903580694e-06
-0.019 0.012000000000000004 1.4517767070817524e-05
-0.018500000000000003 0.012000000000000004 3.120815182148151e-05
-0.018000000000000002 0.012000000000000004 6.5731436474281547e-05
-0.017500000000000002 0.012000000000000004 0.00013564851504966144
-0.017000000000000001 0.012000000000000004 0.00027427979219381098
-0.016500000000000001 0.012000000000000004 0.00054338722871164532
-0.016 0.012000000000000004 0.0010547800073039933
-0.0155 0.012000000000000004 0.0020060936314704628
-0.015000000000000001 0.012000000000000004 0.0037383275929263296
-0.014500000000000001 0.012000000000000004 0.0068255925654379778
-0.014 0.012000000000000004 0.012210690189946161
-0.0135 0.012000000000000004 0.021403111377556319
-0.012999999999999999 0.012000000000000004 0.036757880184605587
-0.012500000000000001 0.012000000000000004 0.061853011790516714
-0.012 0.012000000000000004 0.10197837619589109
-0.0115 0.012000000000000004 0.16473738987214301
-0.010999999999999999 0.012000000000000004 0.26074327509734363
-0.010499999999999999 0.012000000000000004 0.40436252436763831
-0.010000000000000002 0.012000000000000004 0.61442026216689494
-0.0095000000000000015 0.012000000000000004 0.91473860214979541
-0.0090000000000000011 0.012000000000000004 1.3343363940761555
-0.0085000000000000006 0.012000000000000004 1.9070869911258927
-0.0080000000000000002 0.012000000000000004 2.6706226198884937
-0.0074999999999999997 0.012000000000000004 3.6643030986057461
-0.0069999999999999993 0.012000000000000004 4.926144011043565
-0.0064999999999999988 0.012000000000000004 6.4887294312035513
-0.0059999999999999984 0.012000000000000004 8.3743107771078709
-0.0054999999999999979 0.012000000000000004 10.589496955090187
-0.005000000000000001 0.012000000000000004 13.120138907092413
-0.0044999999999999971 0.012000000000000004 15.927161494888695
-0.0040000000000000001 0.012000000000000004 18.944152518088014
-0.0035000000000000031 0.012000000000000004 22.077445773205241
-0.0029999999999999992 0.012000000000000004 25.209214826122647
-0.0025000000000000022 0.012000000000000004 28.2037371817684
-0.0019999999999999983 0.012000000000000004 30.916537287307978
-0.0015000000000000013 0.012000000000000004 33.205641940853965
-0.00099999999999999742 0.012000000000000004 34.943770331418698
-0.00050000000000000044 0.012000000000000004 36.030019015319283
0 0.012000000000000004 36.39955444901215
0.00050000000000000044 0.012000000000000004 36.030019015319283
0.0010000000000000009 0.012000000000000004 34.943770331418698
0.0015000000000000013 0.012000000000000004 33.205641940853965
0.0020000000000000018 0.012000000000000004 30.91653728730795
0.0024999999999999988 0.012000000000000004 28.203737181768425
0.0030000000000000027 0.012000000000000004 25.209214826122647
0.0034999999999999996 0.012000000000000004 22.077445773205262
0.0040000000000000036 0.012000000000000004 18.944152518087982
0.0045000000000000005 0.012000000000000004 15.927161494888667
0.0049999999999999975 0.012000000000000004 13.120138907092423
0.0055000000000000014 0.012000000000000004 10.589496955090176
0.0059999999999999984 0.012000000000000004 8.3743107771078709
0.0064999999999999988 0.012000000000000004 6.4887294312035513
0.0069999999999999993 0.012000000000000004 4.926144011043565
0.0074999999999999997 0.012000000000000004 3.6643030986057461
0.0080000000000000002 0.012000000000000004 2.6706226198884937
0.0085000000000000006 0.012000000000000004 1.9070869911258927
0.0090000000000000011 0.012000000000000004 1.3343363940761555
0.0095000000000000015 0.012000000000000004 0.91473860214979541
0.010000000000000002 0.012000000000000004 0.61442026216689494
0.010500000000000002 0.012000000000000004 0.40436252436763764
0.011000000000000003 0.012000000000000004 0.26074327509734274
0.011500000000000003 0.012000000000000004 0.1647373898721424
0.012000000000000004 0.012000000000000004 0.10197837619589055
0.012499999999999997 0.012000000000000004 0.061853011790517047
0.013000000000000005 0.012000000000000004 0.036757880184605331
0.013499999999999998 0.012000000000000004 0.021403111377556319
0.014000000000000005 0.012000000000000004 0.012210690189946118
0.014499999999999999 0.012000000000000004 0.0068255925654379778
0.014999999999999999 0.012000000000000004 0.0037383275929263361
0.0155 0.012000000000000004 0.0020060936314704628
0.016000000000000007 0.012000000000000004 0.0010547800073039822
0.016500000000000001 0.012000000000000004 0.00054338722871164532
0.017000000000000001 0.012000000000000004 0.00027427979219381098
0.017500000000000002 0.012000000000000004 0.00013564851504966144
0.017999999999999995 0.012000000000000004 6.5731436474282252e-05
0.018500000000000003 0.012000000000000004 3.120815182148151e-05
0.019000000000000003 0.012000000000000004 1.4517767070817419e-05
0.019500000000000003 0.012000000000000004 6.6171113903580465e-06
0.019999999999999997 0.012000000000000004 2.9551117868606431e-06
0.020499999999999997 0.012000000000000004 1.2930527138926508e-06
0.021000000000000005 0.012000000000000004 5.5436447697501754e-07
0.021500000000000005 0.012000000000000004 2.328688529741095e-07
0.021999999999999999 0.012000000000000004 9.5843852454300325e-08
0.022499999999999999 0.012000000000000004 3.8650397708480853e-08
0.023000000000000007 0.012000000000000004 1.527145861696856e-08
0.023500000000000007 0.012000000000000004 5.9121292432066792e-09
0.024 0.012000000000000004 2.2425604911746449e-09
0.024500000000000001 0.012000000000000004 8.3345328187875752e-10
0.025000000000000001 0.012000000000000004 3.0349755924835786e-10
-0.025000000000000001 0.012499999999999997 1.8408057483208185e-10
-0.024500000000000001 0.012499999999999997 5.0551496889758575e-10
-0.024 0.012499999999999997 1.3601816941576592e-09
-0.0235 0.012499999999999997 3.5858876501885752e-09
-0.023 0.012499999999999997 9.2626078697243201e-09
-0.022500000000000003 0.012499999999999997 2.3442651220280548e-08
-0.022000000000000002 0.012499999999999997 5.813223505850749e-08
-0.021500000000000002 0.012499999999999997 1.412420990209124e-07
-0.021000000000000001 0.012499999999999997 3.3623905194091114e-07
-0.020500000000000001 0.012499999999999997 7.8427611560052044e-07
-0.02 0.012499999999999997 1.7923659016091711e-06
-0.0195 0.012499999999999997 4.0134809369859032e-06
-0.019 0.012499999999999997 8.805470839017329e-06
-0.018500000000000003 0.012499999999999997 1.8928700912695338e-05
-0.018000000000000002 0.012499999999999997 3.9868131528605327e-05
-0.017500000000000002 0.012499999999999997 8.2274983322110822e-05
-0.017000000000000001 0.012499999999999997 0.00016635910330515735
-0.016500000000000001 0.012499999999999997 0.00032958101430989622
-0.016 0.012499999999999997 0.00063975641368179195
-0.0155 0.012499999999999997 0.0012167572937410965
-0.015000000000000001 0.012499999999999997 0.0022674103011595635
-0.014500000000000001 0.012499999999999997 0.0041399311616447656
-0.014 0.012499999999999997 0.0074061579764546914
-0.0135 0.012499999999999997 0.012981643263732275
-0.012999999999999999 0.012499999999999997 0.022294781318006923
-0.012500000000000001 0.012499999999999997 0.037515748046515668
-0.012 0.012499999999999997 0.061853011790517158
-0.0115 0.012499999999999997 0.09991827775848873
-0.010999999999999999 0.012499999999999997 0.15814879066042534
-0.010499999999999999 0.012499999999999997 0.24525826866777126
-0.010000000000000002 0.012499999999999997 0.3726647269528986
-0.0095000000000000015 0.012499999999999997 0.55481700782653054
-0.0090000000000000011 0.012499999999999997 0.80931593337759122
-0.0085000000000000006 0.012499999999999997 1.156706730856977
-0.0080000000000000002 0.012499999999999997 1.619814499484461
-0.0074999999999999997 0.012499999999999997 2.2225121757844017
-0.0069999999999999993 0.012499999999999997 2.9878573768577135
-0.0064999999999999988 0.012499999999999997 3.9356133426046984
-0.0059999999999999984 0.012499999999999997 5.0792762402778902
-0.0054999999999999979 0.012499999999999997 6.422854574195819
-0.005000000000000001 0.012499999999999997 7.9577665068401995
-0.0044999999999999971 0.012499999999999997 9.6603117688445526
-0.0040000000000000001 0.012499999999999997 11.49020932449274
-0.0035000000000000031 0.012499999999999997 13.390647749592162
-0.0029999999999999992 0.012499999999999997 15.290161699325777
-0.0025000000000000022 0.012499999999999997 17.106431319219837
-0.0019999999999999983 0.012499999999999997 18.751827756901257
-0.0015000000000000013 0.012499999999999997 20.140239912567768
-0.00099999999999999742 0.012499999999999997 21.194468071962262
-0.00050000000000000044 0.012499999999999997 21.853311202820489
0 0.012499999999999997 22.077445773205419
0.00050000000000000044 0.012499999999999997 21.853311202820489
0.0010000000000000009 0.012499999999999997 21.194468071962262
0.0015000000000000013 0.012499999999999997 20.140239912567768
0.0020000000000000018 0.012499999999999997 18.751827756901239
0.0024999999999999988 0.012499999999999997 17.106431319219855
0.0030000000000000027 0.012499999999999997 15.290161699325777
0.0034999999999999996 0.012499999999999997 13.390647749592173
0.0040000000000000036 0.012499999999999997 11.49020932449273
0.0045000000000000005 0.012499999999999997 9.6603117688445437
0.0049999999999999975 0.012499999999999997 7.9577665068402066
0.0055000000000000014 0.012499999999999997 6.4228545741958136
0.0059999999999999984 0.012499999999999997 5.0792762402778902
0.0064999999999999988 0.012499999999999997 3.9356133426046984
0.0069999999999999993 0.012499999999999997 2.9878573768577135
0.0074999999999999997 0.012499999999999997 2.2225121757844017
0.0080000000000000002 0.012499999999999997 1.619814499484461
0.0085000000000000006 0.012499999999999997 1.156706730856977
0.0090000000000000011 0.012499999999999997 0.80931593337759122
0.0095000000000000015 0.012499999999999997 0.55481700782653054
0.010000000000000002 0.012499999999999997 0.3726647269528986
0.010500000000000002 0.012499999999999997 0.24525826866777081
0.011000000000000003 0.012499999999999997 0.15814879066042478
0.011500000000000003 0.012499999999999997 0.099918277758488383
0.012000000000000004 0.012499999999999997 0.061853011790517047
0.012499999999999997 0.012499999999999997 0.037515748046515862
0.013000000000000005 0.012499999999999997 0.022294781318006805
0.013499999999999998 0.012499999999999997 0.012981643263732296
0.014000000000000005 0.012499999999999997 0.0074061579764546533
0.014499999999999999 0.012499999999999997 0.0041399311616447795
0.014999999999999999 0.012499999999999997 0.0022674103011595679
0.0155 0.012499999999999997 0.0012167572937410965
0.016000000000000007 0.012499999999999997 0.00063975641368178512
0.016500000000000001 0.012499999999999997 0.00032958101430989622
0.017000000000000001 0.012499999999999997 0.00016635910330515735
0.017500000000000002 0.012499999999999997 8.2274983322110822e-05
0.017999999999999995 0.012499999999999997 3.9868131528605754e-05
0.018500000000000003 0.012499999999999997 1.8928700912695338e-05
0.019000000000000003 0.012499999999999997 8.8054708390172968e-06
0.019500000000000003 0.012499999999999997 4.0134809369858609e-06
0.019999999999999997 0.012499999999999997 1.7923659016091775e-06
0.020499999999999997 0.012499999999999997 7.8427611560052891e-07
0.021000000000000005 0.012499999999999997 3.3623905194090759e-07
0.021500000000000005 0.012499999999999997 1.4124209902091187e-07
0.021999999999999999 0.012499999999999997 5.8132235058507702e-08
0.022499999999999999 0.012499999999999997 2.3442651220280627e-08
0.023000000000000007 0.012499999999999997 9.2626078697241877e-09
0.023500000000000007 0.012499999999999997 3.5858876501885248e-09
0.024 0.012499999999999997 1.3601816941576592e-09
0.024500000000000001 0.012499999999999997 5.0551496889758575e-10
0.025000000000000001 0.012499999999999997 1.8408057483208185e-10
-0.025000000000000001 0.013000000000000005 1.093950240759065e-10
-0.024500000000000001 0.013000000000000005 3.0041639235279374e-10
-0.024 0.013000000000000005 8.0832596984074796e-10
-0.0235 0.013000000000000005 2.1310139116183895e-09
-0.023 0.013000000000000005 5.5045634871495401e-09
-0.022500000000000003 0.013000000000000005 1.3931450382448129e-08
-0.022000000000000002 0.013000000000000005 3.4546704667848193e-08
-0.021500000000000002 0.013000000000000005 8.3937063087829292e-08
-0.021000000000000001 0.013000000000000005 1.9981944980283298e-07
-0.020500000000000001 0.013000000000000005 4.6607799126301413e-07
-0.02 0.013000000000000005 1.065163508633264e-06
-0.0195 0.013000000000000005 2.385123167560013e-06
-0.019 0.013000000000000005 5.2328970360544288e-06
-0.018500000000000003 0.013000000000000005 1.1248909310278084e-05
-0.018000000000000002 0.013000000000000005 2.3692750918512964e-05
-0.017500000000000002 0.013000000000000005 4.8894207276228594e-05
-0.017000000000000001 0.013000000000000005 9.8863544553328813e-05
-0.016500000000000001 0.013000000000000005 0.00019586272494141049
-0.016 0.013000000000000005 0.00038019312108991698
-0.0155 0.013000000000000005 0.00072309201318369865
-0.015000000000000001 0.013000000000000005 0.0013474719139245121
-0.014500000000000001 0.013000000000000005 0.0024602697460818414
-0.014 0.013000000000000005 0.0044013162762192061
-0.0135 0.013000000000000005 0.007714704165153019
-0.012999999999999999 0.013000000000000005 0.013249296626084742
-0.012500000000000001 0.013000000000000005 0.022294781318006725
-0.012 0.013000000000000005 0.036757880184605525
-0.0115 0.013000000000000005 0.059379227878790984
-0.010999999999999999 0.013000000000000005 0.09398433690059059
-0.010499999999999999 0.013000000000000005 0.14575157770014791
-0.010000000000000002 0.013000000000000005 0.22146642476775061
-0.0095000000000000015 0.013000000000000005 0.32971550628995555
-0.0090000000000000011 0.013000000000000005 0.4809586024903405
-0.0085000000000000006 0.013000000000000005 0.68740528861499861
-0.0080000000000000002 0.013000000000000005 0.96262001751812432
-0.0074999999999999997 0.013000000000000005 1.3207899486445813
-0.0069999999999999993 0.013000000000000005 1.7756177150950521
-0.0064999999999999988 0.013000000000000005 2.3388481742869116
-0.0059999999999999984 0.013000000000000005 3.0185018006394282
-0.0054999999999999979 0.013000000000000005 3.8169607598256108
-0.005000000000000001 0.013000000000000005 4.7291250551576844
-0.0044999999999999971 0.013000000000000005 5.7409101394729865
-0.0040000000000000001 0.013000000000000005 6.8283778820046575
-0.0035000000000000031 0.013000000000000005 7.9577665068401275
-0.0029999999999999992 0.013000000000000005 9.0866057363632962
-0.0025000000000000022 0.013000000000000005 10.165974697362545
-0.0019999999999999983 0.013000000000000005 11.143797496312219
-0.0015000000000000013 0.013000000000000005 11.968900206551851
-0.00099999999999999742 0.013000000000000005 12.595404741229999
-0.00050000000000000044 0.013000000000000005 12.986940677209255
0 0.013000000000000005 13.120138907092388
0.00050000000000000044 0.013000000000000005 12.986940677209255
0.0010000000000000009 0.013000000000000005 12.595404741229999
0.0015000000000000013 0.013000000000000005 11.968900206551851
0.0020000000000000018 0.013000000000000005 11.14379749631221
0.0024999999999999988 0.013000000000000005 10.165974697362554
0.0030000000000000027 0.013000000000000005 9.0866057363632891
0.0034999999999999996 0.013000000000000005 7.9577665068401346
0.0040000000000000036 0.013000000000000005 6.8283778820046441
0.0045000000000000005 0.013000000000000005 5.7409101394729811
0.0049999999999999975 0.013000000000000005 4.7291250551576889
0.0055000000000000014 0.013000000000000005 3.8169607598256037
0.0059999999999999984 0.013000000000000005 3.0185018006394282
0.0064999999999999988 0.013000000000000005 2.3388481742869116
0.0069999999999999993 0.013000000000000005 1.7756177150950521
0.0074999999999999997 0.013000000000000005 1.3207899486445813
0.0080000000000000002 0.013000000000000005 0.96262001751812432
0.0085000000000000006 0.013000000000000005 0.68740528861499861
0.0090000000000000011 0.013000000000000005 0.4809586024903405
0.0095000000000000015 0.013000000000000005 0.32971550628995555
0.010000000000000002 0.013000000000000005 0.22146642476775061
0.010500000000000002 0.013000000000000005 0.14575157770014716
0.011000000000000003 0.013000000000000005 0.093984336900590243
0.011500000000000003 0.013000000000000005 0.059379227878790665
0.012000000000000004 0.013000000000000005 0.036757880184605331
0.012499999999999997 0.013000000000000005 0.022294781318006805
0.013000000000000005 0.013000000000000005 0.013249296626084647
0.013499999999999998 0.013000000000000005 0.007714704165153019
0.014000000000000005 0.013000000000000005 0.0044013162762191749
0.014499999999999999 0.013000000000000005 0.0024602697460818501
0.014999999999999999 0.013000000000000005 0.0013474719139245121
0.0155 0.013000000000000005 0.00072309201318369865
0.016000000000000007 0.013000000000000005 0.00038019312108991297
0.016500000000000001 0.013000000000000005 0.00019586272494141049
0.017000000000000001 0.013000000000000005 9.8863544553328813e-05
0.017500000000000002 0.013000000000000005 4.8894207276228594e-05
0.017999999999999995 0.013000000000000005 2.3692750918513134e-05
0.018500000000000003 0.013000000000000005 1.1248909310278084e-05
0.019000000000000003 0.013000000000000005 5.2328970360544102e-06
0.019500000000000003 0.013000000000000005 2.3851231675600049e-06
0.019999999999999997 0.013000000000000005 1.0651635086332755e-06
0.020499999999999997 0.013000000000000005 4.6607799126301582e-07
0.021000000000000005 0.013000000000000005 1.9981944980283226e-07
0.021500000000000005 0.013000000000000005 8.3937063087828684e-08
0.021999999999999999 0.013000000000000005 3.4546704667848557e-08
0.022499999999999999 0.013000000000000005 1.3931450382448179e-08
0.023000000000000007 0.013000000000000005 5.5045634871494623e-09
0.023500000000000007 0.013000000000000005 2.1310139116183589e-09
0.024 0.013000000000000005 8.0832596984074796e-10
0.024500000000000001 0.013000000000000005 3.0041639235279374e-10
0.025000000000000001 0.013000000000000005 1.093950240759065e-10
-0.025000000000000001 0.013499999999999998 6.3697739714263807e-11
-0.024500000000000001 0.013499999999999998 1.7492427400270529e-10
-0.024 0.013499999999999998 4.7066617212377804e-10
-0.0235 0.013499999999999998 1.2408312957228814e-09
-0.023 0.013499999999999998 3.2051572291057731e-09
-0.022500000000000003 0.013499999999999998 8.1119036976271373e-09
-0.022000000000000002 0.013499999999999998 2.011560416487711e-08
-0.021500000000000002 0.013499999999999998 4.8874263177074474e-08
-0.021000000000000001 0.013499999999999998 1.1634941726925881e-07
-0.020500000000000001 0.013499999999999998 2.7138450605777503e-07
-0.02 0.013499999999999998 6.2021566793545608e-07
-0.0195 0.013499999999999998 1.3887921868208539e-06
-0.019 0.013499999999999998 3.0469732619908978e-06
-0.018500000000000003 0.013499999999999998 6.549933174458349e-06
-0.018000000000000002 0.013499999999999998 1.37956428445515e-05
-0.017500000000000002 0.013499999999999998 2.8469763729430888e-05
-0.017000000000000001 0.013499999999999998 5.7565546343477778e-05
-0.016500000000000001 0.013499999999999998 0.00011404552426797377
-0.016 0.013499999999999998 0.00022137608792457641
-0.0155 0.013499999999999998 0.00042103676318292897
-0.015000000000000001 0.013499999999999998 0.00078459615481128481
-0.014500000000000001 0.013499999999999998 0.0014325479905197456
-0.014 0.013499999999999998 0.0025627664597270188
-0.0135 0.013499999999999998 0.0044920618833950545
-0.012999999999999999 0.013499999999999998 0.0077147041651530737
-0.012500000000000001 0.013499999999999998 0.012981643263732249
-0.012 0.013499999999999998 0.021403111377556433
-0.0115 0.013499999999999998 0.034574905337858078
-0.010999999999999999 0.013499999999999998 0.054724516765566431
-0.010499999999999999 0.013499999999999998 0.084867169578438206
-0.010000000000000002 0.013499999999999998 0.12895386055691416
-0.0095000000000000015 0.013499999999999998 0.19198434916785068
-0.0090000000000000011 0.013499999999999998 0.28004908023520464
-0.0085000000000000006 0.013499999999999998 0.40025735651398886
-0.0080000000000000002 0.013499999999999998 0.56050738904781727
-0.0074999999999999997 0.013499999999999998 0.76905997394910397
-0.0069999999999999993 0.013499999999999998 1.0338937808513191
-0.0064999999999999988 0.013499999999999998 1.3618475199889848
-0.0059999999999999984 0.013499999999999998 1.7575912949272168
-0.0054999999999999979 0.013499999999999998 2.2225121757844017
-0.005000000000000001 0.013499999999999998 2.7536405735476359
-0.0044999999999999971 0.013499999999999998 3.342775440438579
-0.0040000000000000001 0.013499999999999998 3.9759782556175911
-0.0035000000000000031 0.013499999999999998 4.6335904575318514
-0.0029999999999999992 0.013499999999999998 5.2908827615357703
-0.0025000000000000022 0.013499999999999998 5.9193698770528247
-0.0019999999999999983 0.013499999999999998 6.4887294312035797
-0.0015000000000000013 0.013499999999999998 6.9691642418208275
-0.00099999999999999742 0.013499999999999998 7.3339607498598411
-0.00050000000000000044 0.013499999999999998 7.5619414496171071
0 0.013499999999999998 7.6394991470459166
0.00050000000000000044 0.013499999999999998 7.5619414496171071
0.0010000000000000009 0.013499999999999998 7.3339607498598411
0.0015000000000000013 0.013499999999999998 6.9691642418208275
0.0020000000000000018 0.013499999999999998 6.4887294312035744
0.0024999999999999988 0.013499999999999998 5.9193698770528353
0.0030000000000000027 0.013499999999999998 5.2908827615357703
0.0034999999999999996 0.013499999999999998 4.6335904575318594
0.0040000000000000036 0.013499999999999998 3.9759782556175911
0.0045000000000000005 0.013499999999999998 3.3427754404385728
0.0049999999999999975 0.013499999999999998 2.7536405735476408
0.0055000000000000014 0.013499999999999998 2.2225121757843977
0.0059999999999999984 0.013499999999999998 1.7575912949272168
0.0064999999999999988 0.013499999999999998 1.3618475199889848
0.0069999999999999993 0.013499999999999998 1.0338937808513191
0.0074999999999999997 0.013499999999999998 0.76905997394910397
0.0080000000000000002 0.013499999999999998 0.56050738904781727
0.0085000000000000006 0.013499999999999998 0.40025735651398886
0.0090000000000000011 0.013499999999999998 0.28004908023520464
0.0095000000000000015 0.013499999999999998 0.19198434916785068
0.010000000000000002 0.013499999999999998 0.12895386055691416
0.010500000000000002 0.013499999999999998 0.084867169578437915
0.011000000000000003 0.013499999999999998 0.054724516765566229
0.011500000000000003 0.013499999999999998 0.034574905337858008
0.012000000000000004 0.013499999999999998 0.021403111377556319
0.012499999999999997 0.013499999999999998 0.012981643263732296
0.013000000000000005 0.013499999999999998 0.007714704165153019
0.013499999999999998 0.013499999999999998 0.0044920618833950545
0.014000000000000005 0.013499999999999998 0.0025627664597270049
0.014499999999999999 0.013499999999999998 0.0014325479905197456
0.014999999999999999 0.013499999999999998 0.00078459615481128481
0.0155 0.013499999999999998 0.00042103676318292897
0.016000000000000007 0.013499999999999998 0.00022137608792457405
0.016500000000000001 0.013499999999999998 0.00011404552426797377
0.017000000000000001 0.013499999999999998 5.7565546343477778e-05
0.017500000000000002 0.013499999999999998 2.8469763729430888e-05
0.017999999999999995 0.013499999999999998 1.3795642844551644e-05
0.018500000000000003 0.013499999999999998 6.549933174458349e-06
0.019000000000000003 0.013499999999999998 3.0469732619908656e-06
0.019500000000000003 0.013499999999999998 1.388792186820849e-06
0.019999999999999997 0.013499999999999998 6.202156679354583e-07
0.020499999999999997 0.013499999999999998 2.7138450605777699e-07
0.021000000000000005 0.013499999999999998 1.1634941726925798e-07
0.021500000000000005 0.013499999999999998 4.8874263177074474e-08
0.021999999999999999 0.013499999999999998 2.0115604164877182e-08
0.022499999999999999 0.013499999999999998 8.1119036976272233e-09
0.023000000000000007 0.013499999999999998 3.205157229105716e-09
0.023500000000000007 0.013499999999999998 1.2408312957228595e-09
0.024 0.013499999999999998 4.7066617212377804e-10
0.024500000000000001 0.013499999999999998 1.7492427400270529e-10
0.025000000000000001 0.013499999999999998 6.3697739714263807e-11
-0.025000000000000001 0.014000000000000005 3.6340200811471955e-11
-0.024500000000000001 0.014000000000000005 9.9796056698002497e-11
-0.024 0.014000000000000005 2.6851978244237429e-10
-0.0235 0.014000000000000005 7.0790672733448927e-10
-0.023 0.014000000000000005 1.8285744181902641e-09
-0.022500000000000003 0.014000000000000005 4.6279226022376967e-09
-0.022000000000000002 0.014000000000000005 1.1476154382790836e-08
-0.021500000000000002 0.014000000000000005 2.7883258437974266e-08
-0.021000000000000001 0.014000000000000005 6.6378512123497342e-08
-0.020500000000000001 0.014000000000000005 1.5482758872609224e-07
-0.02 0.014000000000000005 3.5383927310922697e-07
-0.0195 0.014000000000000005 7.9231990304315263e-07
-0.019 0.014000000000000005 1.7383288748492247e-06
-0.018500000000000003 0.014000000000000005 3.7368027174791292e-06
-0.018000000000000002 0.014000000000000005 7.8705529198249623e-06
-0.017500000000000002 0.014000000000000005 1.6242286392322487e-05
-0.017000000000000001 0.014000000000000005 3.2841722851205616e-05
-0.016500000000000001 0.014000000000000005 6.5064118006996291e-05
-0.016 0.014000000000000005 0.00012629728348486055
-0.0155 0.014000000000000005 0.000240205705755265
-0.015000000000000001 0.014000000000000005 0.00044761999326274631
-0.014500000000000001 0.014000000000000005 0.00081728302889687928
-0.014 0.014000000000000005 0.0014620840267983719
-0.0135 0.014000000000000005 0.0025627664597270049
-0.012999999999999999 0.014000000000000005 0.0044013162762192061
-0.012500000000000001 0.014000000000000005 0.0074061579764546134
-0.012 0.014000000000000005 0.012210690189946161
-0.0115 0.014000000000000005 0.019725331050232647
-0.010999999999999999 0.014000000000000005 0.031220886918317658
-0.010499999999999999 0.014000000000000005 0.048417573349012977
-0.010000000000000002 0.014000000000000005 0.073569473721898287
-0.0095000000000000015 0.014000000000000005 0.10952900107155909
-0.0090000000000000011 0.014000000000000005 0.15977081539262986
-0.0085000000000000006 0.014000000000000005 0.22835084537120914
-0.0080000000000000002 0.014000000000000005 0.31977509980233176
-0.0074999999999999997 0.014000000000000005 0.4387564459075719
-0.0069999999999999993 0.014000000000000005 0.58984679491626812
-0.0064999999999999988 0.014000000000000005 0.77694769976151756
-0.0059999999999999984 0.014000000000000005 1.0027235014721847
-0.0054999999999999979 0.014000000000000005 1.2679655374939629
-0.005000000000000001 0.014000000000000005 1.5709796274439936
-0.0044999999999999971 0.014000000000000005 1.9070869911258892
-0.0040000000000000001 0.014000000000000005 2.2683355622873878
-0.0035000000000000031 0.014000000000000005 2.6435099339501722
-0.0029999999999999992 0.014000000000000005 3.0185018006394224
-0.0025000000000000022 0.014000000000000005 3.3770600177404648
-0.0019999999999999983 0.014000000000000005 3.7018853667180407
-0.0015000000000000013 0.014000000000000005 3.9759782556175627
-0.00099999999999999742 0.014000000000000005 4.1840983304731116
-0.00050000000000000044 0.014000000000000005 4.3141636113996071
0 0.014000000000000005 4.3584110574107475
0.00050000000000000044 0.014000000000000005 4.3141636113996071
0.0010000000000000009 0.014000000000000005 4.1840983304731116
0.0015000000000000013 0.014000000000000005 3.9759782556175627
0.0020000000000000018 0.014000000000000005 3.7018853667180407
0.0024999999999999988 0.014000000000000005 3.3770600177404648
0.0030000000000000027 0.014000000000000005 3.0185018006394224
0.0034999999999999996 0.014000000000000005 2.6435099339501766
0.0040000000000000036 0.014000000000000005 2.2683355622873842
0.0045000000000000005 0.014000000000000005 1.9070869911258861
0.0049999999999999975 0.014000000000000005 1.5709796274439964
0.0055000000000000014 0.014000000000000005 1.2679655374939629
0.0059999999999999984 0.014000000000000005 1.0027235014721847
0.0064999999999999988 0.014000000000000005 0.77694769976151756
0.0069999999999999993 0.014000000000000005 0.58984679491626812
0.0074999999999999997 0.014000000000000005 0.4387564459075719
0.0080000000000000002 0.014000000000000005 0.31977509980233176
0.0085000000000000006 0.014000000000000005 0.22835084537120914
0.0090000000000000011 0.014000000000000005 0.15977081539262986
0.0095000000000000015 0.014000000000000005 0.10952900107155909
0.010000000000000002 0.014000000000000005 0.073569473721898287
0.010500000000000002 0.014000000000000005 0.0484175733490129
0.011000000000000003 0.014000000000000005 0.031220886918317491
0.011500000000000003 0.014000000000000005 0.019725331050232577
0.012000000000000004 0.014000000000000005 0.012210690189946118
0.012499999999999997 0.014000000000000005 0.0074061579764546533
0.013000000000000005 0.014000000000000005 0.0044013162762191749
0.013499999999999998 0.014000000000000005 0.0025627664597270049
0.014000000000000005 0.014000000000000005 0.0014620840267983669
0.014499999999999999 0.014000000000000005 0.00081728302889687928
0.014999999999999999 0.014000000000000005 0.00044761999326274794
0.0155 0.014000000000000005 0.000240205705755265
0.016000000000000007 0.014000000000000005 0.00012629728348485922
0.016500000000000001 0.014000000000000005 6.5064118006996291e-05
0.017000000000000001 0.014000000000000005 3.2841722851205616e-05
0.017500000000000002 0.014000000000000005 1.6242286392322487e-05
0.017999999999999995 0.014000000000000005 7.870552919825047e-06
0.018500000000000003 0.014000000000000005 3.7368027174791292e-06
0.019000000000000003 0.014000000000000005 1.7383288748492247e-06
0.019500000000000003 0.014000000000000005 7.9231990304314691e-07
0.019999999999999997 0.014000000000000005 3.5383927310922951e-07
0.020499999999999997 0.014000000000000005 1.5482758872609335e-07
0.021000000000000005 0.014000000000000005 6.6378512123496641e-08
0.021500000000000005 0.014000000000000005 2.7883258437974067e-08
0.021999999999999999 0.014000000000000005 1.1476154382790958e-08
0.022499999999999999 0.014000000000000005 4.6279226022376967e-09
0.023000000000000007 0.014000000000000005 1.8285744181902511e-09
0.023500000000000007 0.014000000000000005 7.0790672733448172e-10
0.024 0.014000000000000005 2.6851978244237429e-10
0.024500000000000001 0.014000000000000005 9.9796056698002497e-11
0.025000000000000001 0.014000000000000005 3.6340200811471955e-11
-0.025000000000000001 0.014499999999999999 2.0313626881594157e-11
-0.024500000000000001 0.014499999999999999 5.5784498014597675e-11
-0.024 0.014499999999999999 1.5009852860084596e-10
-0.0235 0.014499999999999999 3.9570923673882575e-10
-0.023 0.014499999999999999 1.0221456576161552e-09
-0.022500000000000003 0.014499999999999999 2.5869392815538669e-09
-0.022000000000000002 0.014499999999999999 6.4149980727126608e-09
-0.021500000000000002 0.014499999999999999 1.558632301154658e-08
-0.021000000000000001 0.014499999999999999 3.7104592107989325e-08
-0.020500000000000001 0.014499999999999999 8.6546298537951282e-08
-0.02 0.014499999999999999 1.9779084345968326e-07
-0.0195 0.014499999999999999 4.4289493513746553e-07
-0.019 0.014499999999999999 9.7169975323970249e-07
-0.018500000000000003 0.014499999999999999 2.088816639368578e-06
-0.018000000000000002 0.014499999999999999 4.399520965626987e-06
-0.017500000000000002 0.014499999999999999 9.0791943387796496e-06
-0.017000000000000001 0.014499999999999999 1.8358030204871918e-05
-0.016500000000000001 0.014499999999999999 3.6369865522506981e-05
-0.016 0.014499999999999999 7.0598286073875272e-05
-0.0155 0.014499999999999999 0.00013427138465349527
-0.015000000000000001 0.014499999999999999 0.00025021285862049191
-0.014500000000000001 0.014499999999999999 0.00045684894785802247
-0.014 0.014499999999999999 0.0008172830288968822
-0.0135 0.014499999999999999 0.0014325479905197456
-0.012999999999999999 0.014499999999999999 0.0024602697460818636
-0.012500000000000001 0.014499999999999999 0.0041399311616447656
-0.012 0.014499999999999999 0.0068255925654380151
-0.0115 0.014499999999999999 0.011026164031098493
-0.010999999999999999 0.014499999999999999 0.017452007242924669
-0.010499999999999999 0.014499999999999999 0.027064696880089337
-0.010000000000000002 0.014499999999999999 0.041124231723840859
-0.0095000000000000015 0.014499999999999999 0.061225067853202246
-0.0090000000000000011 0.014499999999999999 0.089309488059553507
-0.0085000000000000006 0.014499999999999999 0.12764469560946912
-0.0080000000000000002 0.014499999999999999 0.17874948179588682
-0.0074999999999999997 0.014499999999999999 0.24525826866777081
-0.0069999999999999993 0.014499999999999999 0.32971550628995849
-0.0064999999999999988 0.014499999999999999 0.43430210419987358
-0.0059999999999999984 0.014499999999999999 0.56050738904781727
-0.0054999999999999979 0.014499999999999999 0.70877370659001082
-0.005000000000000001 0.014499999999999999 0.87815403541768045
-0.0044999999999999971 0.014499999999999999 1.0660330076173865
-0.0040000000000000001 0.014499999999999999 1.2679655374939718
-0.0035000000000000031 0.014499999999999999 1.4776823808606832
-0.0029999999999999992 0.014499999999999999 1.6872972066861147
-0.0025000000000000022 0.014499999999999999 1.8877258690181313
-0.0019999999999999983 0.014499999999999999 2.0692983643118574
-0.0015000000000000013 0.014499999999999999 2.2225121757843977
-0.00099999999999999742 0.014499999999999999 2.338848174286928
-0.00050000000000000044 0.014499999999999999 2.411552714382827
0 0.014499999999999999 2.4362863726638206
0.00050000000000000044 0.014499999999999999 2.411552714382827
0.0010000000000000009 0.014499999999999999 2.338848174286928
0.0015000000000000013 0.014499999999999999 2.2225121757843977
0.0020000000000000018 0.014499999999999999 2.0692983643118574
0.0024999999999999988 0.014499999999999999 1.8877258690181349
0.0030000000000000027 0.014499999999999999 1.6872972066861118
0.0034999999999999996 0.014499999999999999 1.4776823808606858
0.0040000000000000036 0.014499999999999999 1.2679655374939718
0.0045000000000000005 0.014499999999999999 1.0660330076173847
0.0049999999999999975 0.014499999999999999 0.87815403541768211
0.0055000000000000014 0.014499999999999999 0.70877370659000838
0.0059999999999999984 0.014499999999999999 0.56050738904781727
0.0064999999999999988 0.014499999999999999 0.43430210419987358
0.0069999999999999993 0.014499999999999999 0.32971550628995849
0.0074999999999999997 0.014499999999999999 0.24525826866777081
0.0080000000000000002 0.014499999999999999 0.17874948179588682
0.0085000000000000006 0.014499999999999999 0.12764469560946912
0.0090000000000000011 0.014499999999999999 0.089309488059553507
0.0095000000000000015 0.014499999999999999 0.061225067853202246
0.010000000000000002 0.014499999999999999 0.041124231723840859
0.010500000000000002 0.014499999999999999 0.027064696880089192
0.011000000000000003 0.014499999999999999 0.017452007242924606
0.011500000000000003 0.014499999999999999 0.011026164031098453
0.012000000000000004 0.014499999999999999 0.0068255925654379778
0.012499999999999997 0.014499999999999999 0.0041399311616447795
0.013000000000000005 0.014499999999999999 0.0024602697460818501
0.013499999999999998 0.014499999999999999 0.0014325479905197456
0.014000000000000005 0.014499999999999999 0.00081728302889687928
0.014499999999999999 0.014499999999999999 0.00045684894785802415
0.014999999999999999 0.014499999999999999 0.00025021285862049191
0.0155 0.014499999999999999 0.00013427138465349527
0.016000000000000007 0.014499999999999999 7.0598286073874527e-05
0.016500000000000001 0.014499999999999999 3.6369865522506981e-05
0.017000000000000001 0.014499999999999999 1.8358030204871918e-05
0.017500000000000002 0.014499999999999999 9.0791943387796496e-06
0.017999999999999995 0.014499999999999999 4.3995209656270336e-06
0.018500000000000003 0.014499999999999999 2.088816639368578e-06
0.019000000000000003 0.014499999999999999 9.7169975323969889e-07
0.019500000000000003 0.014499999999999999 4.4289493513746394e-07
0.019999999999999997 0.014499999999999999 1.9779084345968464e-07
0.020499999999999997 0.014499999999999999 8.6546298537951586e-08
0.021000000000000005 0.014499999999999999 3.7104592107989193e-08
0.021500000000000005 0.014499999999999999 1.5586323011546527e-08
0.021999999999999999 0.014499999999999999 6.4149980727127295e-09
0.022499999999999999 0.014499999999999999 2.586939281553876e-09
0.023000000000000007 0.014499999999999999 1.0221456576161407e-09
0.023500000000000007 0.014499999999999999 3.9570923673882017e-10
0.024 0.014499999999999999 1.5009852860084596e-10
0.024500000000000001 0.014499999999999999 5.5784498014597675e-11
0.025000000000000001 0.014499999999999999 2.0313626881594157e-11
-0.025000000000000001 0.014999999999999999 1.1125626259674194e-11
-0.024500000000000001 0.014999999999999999 3.0552765373292148e-11
-0.024 0.014999999999999999 8.2207876568468614e-11
-0.0235 0.014999999999999999 2.1672708183126776e-10
-0.023 0.014999999999999999 5.5982177067012079e-10
-0.022500000000000003 0.014999999999999999 1.4168479007122293e-09
-0.022000000000000002 0.014999999999999999 3.5134479642431215e-09
-0.021500000000000002 0.014999999999999999 8.5365161819599719e-09
-0.021000000000000001 0.014999999999999999 2.0321916254412842e-08
-0.020500000000000001 0.014999999999999999 4.7400780633806026e-08
-0.02 0.014999999999999999 1.0832861185965917e-07
-0.0195 0.014999999999999999 2.4257034695792303e-07
-0.019 0.014999999999999999 5.3219291435140166e-07
-0.018500000000000003 0.014999999999999999 1.1440297387592664e-06
-0.018000000000000002 0.014999999999999999 2.4095857559300285e-06
-0.017500000000000002 0.014999999999999999 4.9726089556039286e-06
-0.017000000000000001 0.014999999999999999 1.0054560129204584e-05
-0.016500000000000001 0.014999999999999999 1.9919511827041352e-05
-0.016 0.014999999999999999 3.866616975933424e-05
-0.0155 0.014999999999999999 7.3539464504849097e-05
-0.015000000000000001 0.014999999999999999 0.0001370397697369648
-0.014500000000000001 0.014999999999999999 0.00025021285862049191
-0.014 0.014999999999999999 0.00044761999326274946
-0.0135 0.014999999999999999 0.00078459615481128481
-0.012999999999999999 0.014999999999999999 0.0013474719139245171
-0.012500000000000001 0.014999999999999999 0.0022674103011595596
-0.012 0.014999999999999999 0.0037383275929263561
-0.0115 0.014999999999999999 0.0060389501492230319
-0.010999999999999999 0.014999999999999999 0.009558337917579646
-0.010499999999999999 0.014999999999999999 0.014823138382642811
-0.010000000000000002 0.014999999999999999 0.022523443747519641
-0.0095000000000000015 0.014999999999999999 0.033532526053981757
-0.0090000000000000011 0.014999999999999999 0.048914159513963031
-0.0085000000000000006 0.014999999999999999 0.069910074929434685
-0.0080000000000000002 0.014999999999999999 0.097899796041513096
-0.0074999999999999997 0.014999999999999999 0.13432617671858299
-0.0069999999999999993 0.014999999999999999 0.18058279382521758
-0.0064999999999999988 0.014999999999999999 0.23786411571317936
-0.0059999999999999984 0.014999999999999999 0.30698583579784749
-0.0054999999999999979 0.014999999999999999 0.38819022364486661
-0.005000000000000001 0.014999999999999999 0.48095860249034228
-0.0044999999999999971 0.014999999999999999 0.58385855427785893
-0.0040000000000000001 0.014999999999999999 0.69445553777926428
-0.0035000000000000031 0.014999999999999999 0.80931593337758978
-0.0029999999999999992 0.014999999999999999 0.92412045470772664
-0.0025000000000000022 0.014999999999999999 1.0338937808513173
-0.0019999999999999983 0.014999999999999999 1.133339720931317
-0.0015000000000000013 0.014999999999999999 1.2172538153566768
-0.00099999999999999742 0.014999999999999999 1.2809701988183577
-0.00050000000000000044 0.014999999999999999 1.3207899486445882
0 0.014999999999999999 1.3343363940761601
0.00050000000000000044 0.014999999999999999 1.3207899486445882
0.0010000000000000009 0.014999999999999999 1.2809701988183577
0.0015000000000000013 0.014999999999999999 1.2172538153566768
0.0020000000000000018 0.014999999999999999 1.133339720931315
0.0024999999999999988 0.014999999999999999 1.0338937808513191
0.0030000000000000027 0.014999999999999999 0.92412045470772664
0.0034999999999999996 0.014999999999999999 0.80931593337758978
0.0040000000000000036 0.014999999999999999 0.69445553777926428
0.0045000000000000005 0.014999999999999999 0.58385855427785782
0.0049999999999999975 0.014999999999999999 0.48095860249034394
0.0055000000000000014 0.014999999999999999 0.38819022364486594
0.0059999999999999984 0.014999999999999999 0.30698583579784749
0.0064999999999999988 0.014999999999999999 0.23786411571317936
0.0069999999999999993 0.014999999999999999 0.18058279382521758
0.0074999999999999997 0.014999999999999999 0.13432617671858299
0.0080000000000000002 0.014999999999999999 0.097899796041513096
0.0085000000000000006 0.014999999999999999 0.069910074929434685
0.0090000000000000011 0.014999999999999999 0.048914159513963031
0.0095000000000000015 0.014999999999999999 0.033532526053981757
0.010000000000000002 0.014999999999999999 0.022523443747519641
0.010500000000000002 0.014999999999999999 0.014823138382642759
0.011000000000000003 0.014999999999999999 0.0095583379175796113
0.011500000000000003 0.014999999999999999 0.0060389501492230215
0.012000000000000004 0.014999999999999999 0.0037383275929263361
0.012499999999999997 0.014999999999999999 0.0022674103011595679
0.013000000000000005 0.014999999999999999 0.0013474719139245121
0.013499999999999998 0.014999999999999999 0.00078459615481128481
0.014000000000000005 0.014999999999999999 0.00044761999326274794
0.014499999999999999 0.014999999999999999 0.00025021285862049191
0.014999999999999999 0.014999999999999999 0.0001370397697369648
0.0155 0.014999999999999999 7.3539464504849097e-05
0.016000000000000007 0.014999999999999999 3.8666169759333827e-05
0.016500000000000001 0.014999999999999999 1.9919511827041352e-05
0.017000000000000001 0.014999999999999999 1.0054560129204584e-05
0.017500000000000002 0.014999999999999999 4.9726089556039286e-06
0.017999999999999995 0.014999999999999999 2.4095857559300543e-06
0.018500000000000003 0.014999999999999999 1.1440297387592664e-06
0.019000000000000003 0.014999999999999999 5.3219291435139594e-07
0.019500000000000003 0.014999999999999999 2.4257034695792213e-07
0.019999999999999997 0.014999999999999999 1.0832861185965956e-07
0.020499999999999997 0.014999999999999999 4.7400780633806364e-08
0.021000000000000005 0.014999999999999999 2.0321916254412696e-08
0.021500000000000005 0.014999999999999999 8.5365161819599719e-09
0.021999999999999999 0.014999999999999999 3.5134479642431339e-09
0.022499999999999999 0.014999999999999999 1.4168479007122446e-09
0.023000000000000007 0.014999999999999999 5.5982177067011087e-10
0.023500000000000007 0.014999999999999999 2.1672708183126391e-10
0.024 0.014999999999999999 8.2207876568468614e-11
0.024500000000000001 0.014999999999999999 3.0552765373292148e-11
0.025000000000000001 0.014999999999999999 1.1125626259674194e-11
-0.025000000000000001 0.0155 5.9703296275813321e-12
-0.024500000000000001 0.0155 1.6395488762180372e-11
-0.024 0.0155 4.4115100547306192e-11
-0.0235 0.0155 1.1630195798023765e-10
-0.023 0.0155 3.0041639235279694e-10
-0.022500000000000003 0.0155 7.6032115424002936e-10
-0.022000000000000002 0.0155 1.8854167834054406e-09
-0.021500000000000002 0.0155 4.5809390220318044e-09
-0.021000000000000001 0.0155 1.0905322169837172e-08
-0.020500000000000001 0.0155 2.5436616185306127e-08
-0.02 0.0155 5.813223505850749e-08
-0.0195 0.0155 1.301701940559327e-07
-0.019 0.0155 2.8558995691394564e-07
-0.018500000000000003 0.0155 6.1391911652698245e-07
-0.018000000000000002 0.0155 1.2930527138926461e-06
-0.017500000000000002 0.0155 2.6684443537012984e-06
-0.017000000000000001 0.0155 5.3955648725383302e-06
-0.016500000000000001 0.0155 1.0689380431463853e-05
-0.016 0.0155 2.0749373878931972e-05
-0.0155 0.0155 3.9463382418404518e-05
-0.015000000000000001 0.0155 7.3539464504848826e-05
-0.014500000000000001 0.0155 0.00013427138465349527
-0.014 0.0155 0.00024020570575526587
-0.0135 0.0155 0.0004210367631829274
-0.012999999999999999 0.0155 0.00072309201318370114
-0.012500000000000001 0.0155 0.0012167572937410922
-0.012 0.0155 0.0020060936314704697
-0.0115 0.0155 0.0032406735723341474
-0.010999999999999999 0.0155 0.0051292778247101524
-0.010499999999999999 0.0155 0.0079545205091423026
-0.010000000000000002 0.0155 0.012086724862256511
-0.0095000000000000015 0.0155 0.017994513667367509
-0.0090000000000000011 0.0155 0.026248738627231646
-0.0085000000000000006 0.0155 0.037515748046515598
-0.0080000000000000002 0.0155 0.052535833866661955
-0.0074999999999999997 0.0155 0.072083272788831476
-0.0069999999999999993 0.0155 0.096905898062918022
-0.0064999999999999988 0.0155 0.12764469560946912
-0.0059999999999999984 0.0155 0.16473738987214359
-0.0054999999999999979 0.0155 0.20831398963713166
-0.005000000000000001 0.0155 0.25809615810088354
-0.0044999999999999971 0.0155 0.31331521871776319
-0.0040000000000000001 0.0155 0.3726647269528986
-0.0035000000000000031 0.0155 0.43430210419987275
-0.0029999999999999992 0.0155 0.49590949771460791
-0.0025000000000000022 0.0155 0.55481700782653054
-0.0019999999999999983 0.0155 0.60818254685728923
-0.0015000000000000013 0.0155 0.65321325276328446
-0.00099999999999999742 0.0155 0.68740528861500361
-0.00050000000000000044 0.0155 0.70877370659000838
0 0.0155 0.71604311710415491
0.00050000000000000044 0.0155 0.70877370659000838
0.0010000000000000009 0.0155 0.68740528861500361
0.0015000000000000013 0.0155 0.65321325276328446
0.0020000000000000018 0.0155 0.60818254685728923
0.0024999999999999988 0.0155 0.55481700782653054
0.0030000000000000027 0.0155 0.49590949771460702
0.0034999999999999996 0.0155 0.43430210419987358
0.0040000000000000036 0.0155 0.37266472695289732
0.0045000000000000005 0.0155 0.31331521871776263
0.0049999999999999975 0.0155 0.25809615810088354
0.0055000000000000014 0.0155 0.2083139896371313
0.0059999999999999984 0.0155 0.16473738987214359
0.0064999999999999988 0.0155 0.12764469560946912
0.0069999999999999993 0.0155 0.096905898062918022
0.0074999999999999997 0.0155 0.072083272788831476
0.0080000000000000002 0.0155 0.052535833866661955
0.0085000000000000006 0.0155 0.037515748046515598
0.0090000000000000011 0.0155 0.026248738627231646
0.0095000000000000015 0.0155 0.017994513667367509
0.010000000000000002 0.0155 0.012086724862256511
0.010500000000000002 0.0155 0.0079545205091422749
0.011000000000000003 0.0155 0.0051292778247101429
0.011500000000000003 0.0155 0.0032406735723341414
0.012000000000000004 0.0155 0.0020060936314704628
0.012499999999999997 0.0155 0.0012167572937410965
0.013000000000000005 0.0155 0.00072309201318369865
0.013499999999999998 0.0155 0.00042103676318292897
0.014000000000000005 0.0155 0.000240205705755265
0.014499999999999999 0.0155 0.00013427138465349527
0.014999999999999999 0.0155 7.3539464504849097e-05
0.0155 0.0155 3.9463382418404518e-05
0.016000000000000007 0.0155 2.0749373878931674e-05
0.016500000000000001 0.0155 1.0689380431463853e-05
0.017000000000000001 0.0155 5.3955648725383302e-06
0.017500000000000002 0.0155 2.6684443537012984e-06
0.017999999999999995 0.0155 1.2930527138926555e-06
0.018500000000000003 0.0155 6.1391911652698245e-07
0.019000000000000003 0.0155 2.8558995691394464e-07
0.019500000000000003 0.0155 1.3017019405593223e-07
0.019999999999999997 0.0155 5.8132235058507702e-08
0.020499999999999997 0.0155 2.5436616185306309e-08
0.021000000000000005 0.0155 1.0905322169837096e-08
0.021500000000000005 0.0155 4.5809390220317714e-09
0.021999999999999999 0.0155 1.8854167834054472e-09
0.022499999999999999 0.0155 7.6032115424003215e-10
0.023000000000000007 0.0155 3.0041639235279265e-10
0.023500000000000007 0.0155 1.1630195798023601e-10
0.024 0.0155 4.4115100547306192e-11
0.024500000000000001 0.0155 1.6395488762180372e-11
0.025000000000000001 0.0155 5.9703296275813321e-12
-0.025000000000000001 0.016000000000000007 3.1391278200566577e-12
-0.024500000000000001 0.016000000000000007 8.620551645761803e-12
-0.024 0.016000000000000007 2.3195191564112525e-11
-0.0235 0.016000000000000007 6.1150176723278587e-11
-0.023 0.016000000000000007 1.5795534144029543e-10
-0.022500000000000003 0.016000000000000007 3.9976775761698965e-10
-0.022000000000000002 0.016000000000000007 9.9132956576594128e-10
-0.021500000000000002 0.016000000000000007 2.4086028784090415e-09
-0.021000000000000001 0.016000000000000007 5.7338877994052663e-09
-0.020500000000000001 0.016000000000000007 1.3374268172148786e-08
-0.02 0.016000000000000007 3.0565233026867185e-08
-0.0195 0.016000000000000007 6.8441929171788293e-08
-0.019 0.016000000000000007 1.5015977924162553e-07
-0.018500000000000003 0.016000000000000007 3.2279131943593891e-07
-0.018000000000000002 0.016000000000000007 6.7987163191600065e-07
-0.017500000000000002 0.016000000000000007 1.4030360850227181e-06
-0.017000000000000001 0.016000000000000007 2.8369233949930244e-06
-0.016500000000000001 0.016000000000000007 5.6203482193949121e-06
-0.016 0.016000000000000007 1.0909772299875369e-05
-0.0155 0.016000000000000007 2.0749373878931674e-05
-0.015000000000000001 0.016000000000000007 3.8666169759333827e-05
-0.014500000000000001 0.016000000000000007 7.0598286073874283e-05
-0.014 0.016000000000000007 0.00012629728348486011
-0.0135 0.016000000000000007 0.00022137608792457405
-0.012999999999999999 0.016000000000000007 0.00038019312108991427
-0.012500000000000001 0.016000000000000007 0.00063975641368178068
-0.012 0.016000000000000007 0.0010547800073039822
-0.0115 0.016000000000000007 0.0017039073554063883
-0.010999999999999999 0.016000000000000007 0.0026969128541852799
-0.010499999999999999 0.016000000000000007 0.0041823916237562287
-0.010000000000000002 0.016000000000000007 0.0063550551871037423
-0.0095000000000000015 0.016000000000000007 0.0094612997916677429
-0.0090000000000000011 0.016000000000000007 0.013801272426480641
-0.0085000000000000006 0.016000000000000007 0.019725331050232543
-0.0080000000000000002 0.016000000000000007 0.027622712300312883
-0.0074999999999999997 0.016000000000000007 0.037900521593783883
-0.0069999999999999993 0.016000000000000007 0.050951960697706966
-0.0064999999999999988 0.016000000000000007 0.067114052332932078
-0.0059999999999999984 0.016000000000000007 0.086616946769932798
-0.0054999999999999979 0.016000000000000007 0.10952900107155852
-0.005000000000000001 0.016000000000000007 0.13570386907974541
-0.0044999999999999971 0.016000000000000007 0.16473738987214184
-0.0040000000000000001 0.016000000000000007 0.19594265055773452
-0.0035000000000000031 0.016000000000000007 0.22835084537120792
-0.0029999999999999992 0.016000000000000007 0.2607432750973413
-0.0025000000000000022 0.016000000000000007 0.29171613846293037
-0.0019999999999999983 0.016000000000000007 0.31977509980233065
-0.0015000000000000013 0.016000000000000007 0.3434517056991408
-0.00099999999999999742 0.016000000000000007 0.36142946868071202
-0.00050000000000000044 0.016000000000000007 0.37266472695289399
0 0.016000000000000007 0.37648689594586643
0.00050000000000000044 0.016000000000000007 0.37266472695289399
0.0010000000000000009 0.016000000000000007 0.36142946868071074
0.0015000000000000013 0.016000000000000007 0.3434517056991408
0.0020000000000000018 0.016000000000000007 0.31977509980233065
0.0024999999999999988 0.016000000000000007 0.29171613846293037
0.0030000000000000027 0.016000000000000007 0.2607432750973413
0.0034999999999999996 0.016000000000000007 0.22835084537120792
0.0040000000000000036 0.016000000000000007 0.19594265055773452
0.0045000000000000005 0.016000000000000007 0.16473738987214184
0.0049999999999999975 0.016000000000000007 0.13570386907974591
0.0055000000000000014 0.016000000000000007 0.10952900107155852
0.0059999999999999984 0.016000000000000007 0.086616946769932798
0.0064999999999999988 0.016000000000000007 0.067114052332932078
0.0069999999999999993 0.016000000000000007 0.050951960697706966
0.0074999999999999997 0.016000000000000007 0.037900521593783883
0.0080000000000000002 0.016000000000000007 0.027622712300312883
0.0085000000000000006 0.016000000000000007 0.019725331050232543
0.0090000000000000011 0.016000000000000007 0.013801272426480641
0.0095000000000000015 0.016000000000000007 0.0094612997916677429
0.010000000000000002 0.016000000000000007 0.0063550551871037423
0.010500000000000002 0.016000000000000007 0.0041823916237562139
0.011000000000000003 0.016000000000000007 0.0026969128541852751
0.011500000000000003 0.016000000000000007 0.0017039073554063794
0.012000000000000004 0.016000000000000007 0.0010547800073039822
0.012499999999999997 0.016000000000000007 0.00063975641368178512
0.013000000000000005 0.016000000000000007 0.00038019312108991297
0.013499999999999998 0.016000000000000007 0.00022137608792457405
0.014000000000000005 0.016000000000000007 0.00012629728348485922
0.014499999999999999 0.016000000000000007 7.0598286073874527e-05
0.014999999999999999 0.016000000000000007 3.8666169759333827e-05
0.0155 0.016000000000000007 2.0749373878931674e-05
0.016000000000000007 0.016000000000000007 1.0909772299875254e-05
0.016500000000000001 0.016000000000000007 5.6203482193949121e-06
0.017000000000000001 0.016000000000000007 2.8369233949930244e-06
0.017500000000000002 0.016000000000000007 1.4030360850227181e-06
0.017999999999999995 0.016000000000000007 6.7987163191600541e-07
0.018500000000000003 0.016000000000000007 3.2279131943593891e-07
0.019000000000000003 0.016000000000000007 1.50159779241625e-07
0.019500000000000003 0.016000000000000007 6.8441929171788293e-08
0.019999999999999997 0.016000000000000007 3.0565233026867509e-08
0.020499999999999997 0.016000000000000007 1.3374268172148834e-08
0.021000000000000005 0.016000000000000007 5.7338877994052456e-09
0.021500000000000005 0.016000000000000007 2.4086028784090245e-09
0.021999999999999999 0.016000000000000007 9.9132956576594831e-10
0.022499999999999999 0.016000000000000007 3.9976775761699104e-10
0.023000000000000007 0.016000000000000007 1.579553414402932e-10
0.023500000000000007 0.016000000000000007 6.1150176723277721e-11
0.024 0.016000000000000007 2.3195191564112525e-11
0.024500000000000001 0.016000000000000007 8.620551645761803e-12
0.025000000000000001 0.016000000000000007 3.1391278200566577e-12
-0.025000000000000001 0.016500000000000001 1.6171732066406376e-12
-0.024500000000000001 0.016500000000000001 4.4410186354680591e-12
-0.024 0.016500000000000001 1.194938354555524e-11
-0.0235 0.016500000000000001 3.1502516955949013e-11
-0.023 0.016500000000000001 8.1373286041728919e-11
-0.022500000000000003 0.016500000000000001 2.0594692014972993e-10
-0.022000000000000002 0.016500000000000001 5.1069969259118687e-10
-0.021500000000000002 0.016500000000000001 1.2408312957228725e-09
-0.021000000000000001 0.016500000000000001 2.9539063875756681e-09
-0.020500000000000001 0.016500000000000001 6.8899737080585969e-09
-0.02 0.016500000000000001 1.574618134054992e-08
-0.0195 0.016500000000000001 3.5258982880606176e-08
-0.019 0.016500000000000001 7.7357274257232032e-08
-0.018500000000000003 0.016500000000000001 1.662912449097272e-07
-0.018000000000000002 0.016500000000000001 3.5024702723629701e-07
-0.017500000000000002 0.016500000000000001 7.2279706170351594e-07
-0.017000000000000001 0.016500000000000001 1.4614876381783995e-06
-0.016500000000000001 0.016500000000000001 2.8954146098555018e-06
-0.016 0.016500000000000001 5.6203482193949722e-06
-0.0155 0.016500000000000001 1.0689380431463853e-05
-0.015000000000000001 0.016500000000000001 1.9919511827041352e-05
-0.014500000000000001 0.016500000000000001 3.6369865522506724e-05
-0.014 0.016500000000000001 6.5064118006996752e-05
-0.0135 0.016500000000000001 0.00011404552426797377
-0.012999999999999999 0.016500000000000001 0.0001958627249414119
-0.012500000000000001 0.016500000000000001 0.00032958101430989389
-0.012 0.016500000000000001 0.00054338722871164532
-0.0115 0.016500000000000001 0.00087779583365655634
-0.010999999999999999 0.016500000000000001 0.0013893589106398518
-0.010499999999999999 0.016500000000000001 0.0021546276740953886
-0.010000000000000002 0.016500000000000001 0.003273910960121809
-0.0095000000000000015 0.016500000000000001 0.0048741438387187308
-0.0090000000000000011 0.016500000000000001 0.0071099519564163122
-0.0085000000000000006 0.016500000000000001 0.010161827964678721
-0.0080000000000000002 0.016500000000000001 0.014230293504264696
-0.0074999999999999997 0.016500000000000001 0.019525075610991198
-0.0069999999999999993 0.016500000000000001 0.026248738627231646
-0.0064999999999999988 0.016500000000000001 0.034574905337858008
-0.0059999999999999984 0.016500000000000001 0.044622141431254446
-0.0054999999999999979 0.016500000000000001 0.056425662170023219
-0.005000000000000001 0.016500000000000001 0.069910074929434574
-0.0044999999999999971 0.016500000000000001 0.084867169578437915
-0.0040000000000000001 0.016500000000000001 0.100943071669633
-0.0035000000000000031 0.016500000000000001 0.11763868501582463
-0.0029999999999999992 0.016500000000000001 0.13432617671858277
-0.0025000000000000022 0.016500000000000001 0.15028235551695615
-0.0019999999999999983 0.016500000000000001 0.16473738987214329
-0.0015000000000000013 0.016500000000000001 0.17693478191074466
-0.00099999999999999742 0.016500000000000001 0.18619632150890228
-0.00050000000000000044 0.016500000000000001 0.19198434916785037
0 0.016500000000000001 0.19395340224278251
0.00050000000000000044 0.016500000000000001 0.19198434916785037
0.0010000000000000009 0.016500000000000001 0.18619632150890195
0.0015000000000000013 0.016500000000000001 0.17693478191074466
0.0020000000000000018 0.016500000000000001 0.16473738987214329
0.0024999999999999988 0.016500000000000001 0.15028235551695615
0.0030000000000000027 0.016500000000000001 0.13432617671858277
0.0034999999999999996 0.016500000000000001 0.11763868501582463
0.0040000000000000036 0.016500000000000001 0.100943071669633
0.0045000000000000005 0.016500000000000001 0.084867169578437915
0.0049999999999999975 0.016500000000000001 0.069910074929434685
0.0055000000000000014 0.016500000000000001 0.056425662170023219
0.0059999999999999984 0.016500000000000001 0.044622141431254446
0.0064999999999999988 0.016500000000000001 0.034574905337858008
0.0069999999999999993 0.016500000000000001 0.026248738627231646
0.0074999999999999997 0.016500000000000001 0.019525075610991198
0.0080000000000000002 0.016500000000000001 0.014230293504264696
0.0085000000000000006 0.016500000000000001 0.010161827964678721
0.0090000000000000011 0.016500000000000001 0.0071099519564163122
0.0095000000000000015 0.016500000000000001 0.0048741438387187308
0.010000000000000002 0.016500000000000001 0.003273910960121809
0.010500000000000002 0.016500000000000001 0.0021546276740953847
0.011000000000000003 0.016500000000000001 0.0013893589106398468
0.011500000000000003 0.016500000000000001 0.00087779583365655016
0.012000000000000004 0.016500000000000001 0.00054338722871164532
0.012499999999999997 0.016500000000000001 0.00032958101430989622
0.013000000000000005 0.016500000000000001 0.00019586272494141049
0.013499999999999998 0.016500000000000001 0.00011404552426797377
0.014000000000000005 0.016500000000000001 6.5064118006996291e-05
0.014499999999999999 0.016500000000000001 3.6369865522506981e-05
0.014999999999999999 0.016500000000000001 1.9919511827041352e-05
0.0155 0.016500000000000001 1.0689380431463853e-05
0.016000000000000007 0.016500000000000001 5.6203482193949121e-06
0.016500000000000001 0.016500000000000001 2.8954146098555018e-06
0.017000000000000001 0.016500000000000001 1.4614876381783995e-06
0.017500000000000002 0.016500000000000001 7.2279706170351594e-07
0.017999999999999995 0.016500000000000001 3.5024702723630077e-07
0.018500000000000003 0.016500000000000001 1.662912449097272e-07
0.019000000000000003 0.016500000000000001 7.7357274257231754e-08
0.019500000000000003 0.016500000000000001 3.5258982880606176e-08
0.019999999999999997 0.016500000000000001 1.5746181340550032e-08
0.020499999999999997 0.016500000000000001 6.8899737080586217e-09
0.021000000000000005 0.016500000000000001 2.9539063875756577e-09
0.021500000000000005 0.016500000000000001 1.2408312957228639e-09
0.021999999999999999 0.016500000000000001 5.1069969259119245e-10
0.022499999999999999 0.016500000000000001 2.0594692014973065e-10
0.023000000000000007 0.016500000000000001 8.1373286041727768e-11
0.023500000000000007 0.016500000000000001 3.1502516955948787e-11
0.024 0.016500000000000001 1.194938354555524e-11
0.024500000000000001 0.016500000000000001 4.4410186354680591e-12
0.025000000000000001 0.016500000000000001 1.6171732066406376e-12
-0.025000000000000001 0.017000000000000001 8.162833199272191e-13
-0.024500000000000001 0.017000000000000001 2.2416457437784549e-12
-0.024 0.017000000000000001 6.0315632435635777e-12
-0.0235 0.017000000000000001 1.5901190436047116e-11
-0.023 0.017000000000000001 4.1073928142497447e-11
-0.022500000000000003 0.017000000000000001 1.0395363651728151e-10
-0.022000000000000002 0.017000000000000001 2.5778045223747165e-10
-0.021500000000000002 0.017000000000000001 6.2632121617096029e-10
-0.021000000000000001 0.017000000000000001 1.4910119107237394e-09
-0.020500000000000001 0.017000000000000001 3.4777787496915456e-09
-0.02 0.017000000000000001 7.9480324853640382e-09
-0.0195 0.017000000000000001 1.7797301788610435e-08
-0.019 0.017000000000000001 3.904680858668588e-08
-0.018500000000000003 0.017000000000000001 8.3937063087829584e-08
-0.018000000000000002 0.017000000000000001 1.7679046685480766e-07
-0.017500000000000002 0.017000000000000001 3.6483858546395905e-07
-0.017000000000000001 0.017000000000000001 7.3769957134218096e-07
-0.016500000000000001 0.017000000000000001 1.4614876381783995e-06
-0.016 0.017000000000000001 2.8369233949930647e-06
-0.0155 0.017000000000000001 5.3955648725383302e-06
-0.015000000000000001 0.017000000000000001 1.0054560129204513e-05
-0.014500000000000001 0.017000000000000001 1.8358030204871918e-05
-0.014 0.017000000000000001 3.2841722851205846e-05
-0.0135 0.017000000000000001 5.7565546343477778e-05
-0.012999999999999999 0.017000000000000001 9.8863544553329531e-05
-0.012500000000000001 0.017000000000000001 0.00016635910330515676
-0.012 0.017000000000000001 0.00027427979219381195
-0.0115 0.017000000000000001 0.00044307566707953719
-0.010999999999999999 0.017000000000000001 0.00070129192067401396
-0.010499999999999999 0.017000000000000001 0.0010875684953197949
-0.010000000000000002 0.017000000000000001 0.0016525372153708977
-0.0095000000000000015 0.017000000000000001 0.0024602697460818545
-0.0090000000000000011 0.017000000000000001 0.0035888148305169326
-0.0085000000000000006 0.017000000000000001 0.0051292778247101429
-0.0080000000000000002 0.017000000000000001 0.0071828739046015996
-0.0074999999999999997 0.017000000000000001 0.0098554647554902151
-0.0069999999999999993 0.017000000000000001 0.013249296626084765
-0.0064999999999999988 0.017000000000000001 0.017452007242924637
-0.0059999999999999984 0.017000000000000001 0.022523443747519679
-0.0054999999999999979 0.017000000000000001 0.028481381373438416
-0.005000000000000001 0.017000000000000001 0.035287764987341021
-0.0044999999999999971 0.017000000000000001 0.042837498575814516
-0.0040000000000000001 0.017000000000000001 0.050951960697707417
-0.0035000000000000031 0.017000000000000001 0.059379227878791095
-0.0029999999999999992 0.017000000000000001 0.067802395584297306
-0.0025000000000000022 0.017000000000000001 0.075856426253000334
-0.0019999999999999983 0.017000000000000001 0.08315274020667085
-0.0015000000000000013 0.017000000000000001 0.089309488059553188
-0.00099999999999999742 0.017000000000000001 0.093984336900591076
-0.00050000000000000044 0.017000000000000001 0.096905898062917675
0 0.017000000000000001 0.097899796041512915
0.00050000000000000044 0.017000000000000001 0.096905898062917675
0.0010000000000000009 0.017000000000000001 0.093984336900590756
0.0015000000000000013 0.017000000000000001 0.089309488059553188
0.0020000000000000018 0.017000000000000001 0.08315274020667085
0.0024999999999999988 0.017000000000000001 0.075856426253000334
0.0030000000000000027 0.017000000000000001 0.067802395584297306
0.0034999999999999996 0.017000000000000001 0.059379227878791095
0.0040000000000000036 0.017000000000000001 0.050951960697707417
0.0045000000000000005 0.017000000000000001 0.042837498575814439
0.0049999999999999975 0.017000000000000001 0.035287764987341146
0.0055000000000000014 0.017000000000000001 0.028481381373438367
0.0059999999999999984 0.017000000000000001 0.022523443747519679
0.0064999999999999988 0.017000000000000001 0.017452007242924637
0.0069999999999999993 0.017000000000000001 0.013249296626084765
0.0074999999999999997 0.017000000000000001 0.0098554647554902151
0.0080000000000000002 0.017000000000000001 0.0071828739046015996
0.0085000000000000006 0.017000000000000001 0.0051292778247101429
0.0090000000000000011 0.017000000000000001 0.0035888148305169326
0.0095000000000000015 0.017000000000000001 0.0024602697460818545
0.010000000000000002 0.017000000000000001 0.0016525372153708977
0.010500000000000002 0.017000000000000001 0.0010875684953197949
0.011000000000000003 0.017000000000000001 0.00070129192067400897
0.011500000000000003 0.017000000000000001 0.00044307566707953568
0.012000000000000004 0.017000000000000001 0.00027427979219381098
0.012499999999999997 0.017000000000000001 0.00016635910330515735
0.013000000000000005 0.017000000000000001 9.8863544553328813e-05
0.013499999999999998 0.017000000000000001 5.7565546343477778e-05
0.014000000000000005 0.017000000000000001 3.2841722851205616e-05
0.014499999999999999 0.017000000000000001 1.8358030204871918e-05
0.014999999999999999 0.017000000000000001 1.0054560129204584e-05
0.0155 0.017000000000000001 5.3955648725383302e-06
0.016000000000000007 0.017000000000000001 2.8369233949930244e-06
0.016500000000000001 0.017000000000000001 1.4614876381783995e-06
0.017000000000000001 0.017000000000000001 7.3769957134218096e-07
0.017500000000000002 0.017000000000000001 3.6483858546395905e-07
0.017999999999999995 0.017000000000000001 1.767904668548089e-07
0.018500000000000003 0.017000000000000001 8.3937063087829584e-08
0.019000000000000003 0.017000000000000001 3.9046808586685602e-08
0.019500000000000003 0.017000000000000001 1.7797301788610372e-08
0.019999999999999997 0.017000000000000001 7.9480324853640944e-09
0.020499999999999997 0.017000000000000001 3.477778749691558e-09
0.021000000000000005 0.017000000000000001 1.4910119107237339e-09
0.021500000000000005 0.017000000000000001 6.2632121617096029e-10
0.021999999999999999 0.017000000000000001 2.5778045223747258e-10
0.022499999999999999 0.017000000000000001 1.0395363651728225e-10
0.023000000000000007 0.017000000000000001 4.1073928142496865e-11
0.023500000000000007 0.017000000000000001 1.5901190436046777e-11
0.024 0.017000000000000001 6.0315632435635777e-12
0.024500000000000001 0.017000000000000001 2.2416457437784549e-12
0.025000000000000001 0.017000000000000001 8.162833199272191e-13
-0.025000000000000001 0.017500000000000002 4.037031650136751e-13
-0.024500000000000001 0.017500000000000002 1.1086340483883428e-12
-0.024 0.017500000000000002 2.982985333601924e-12
-0.0235 0.017500000000000002 7.8641333833573384e-12
-0.023 0.017500000000000002 2.0313626881594157e-11
-0.022500000000000003 0.017500000000000002 5.1411576167512254e-11
-0.022000000000000002 0.017500000000000002 1.2748855931075813e-10
-0.021500000000000002 0.017500000000000002 3.0975502146237278e-10
-0.021000000000000001 0.017500000000000002 7.3739866139360968e-10
-0.020500000000000001 0.017500000000000002 1.7199791471825683e-09
-0.02 0.017500000000000002 3.9307992600645905e-09
-0.0195 0.017500000000000002 8.8018790600868938e-09
-0.019 0.017500000000000002 1.9311089453026819e-08
-0.018500000000000003 0.017500000000000002 4.1512128452570236e-08
-0.018000000000000002 0.017500000000000002 8.7433945140388696e-08
-0.017500000000000002 0.017500000000000002 1.8043550330545192e-07
-0.017000000000000001 0.017500000000000002 3.6483858546395905e-07
-0.016500000000000001 0.017500000000000002 7.2279706170351594e-07
-0.016 0.017500000000000002 1.403036085022733e-06
-0.0155 0.017500000000000002 2.6684443537012984e-06
-0.015000000000000001 0.017500000000000002 4.9726089556039286e-06
-0.014500000000000001 0.017500000000000002 9.0791943387796496e-06
-0.014 0.017500000000000002 1.6242286392322602e-05
-0.0135 0.017500000000000002 2.8469763729430888e-05
-0.012999999999999999 0.017500000000000002 4.8894207276228939e-05
-0.012500000000000001 0.017500000000000002 8.2274983322110537e-05
-0.012 0.017500000000000002 0.00013564851504966192
-0.0115 0.017500000000000002 0.00021912863435271911
-0.010999999999999999 0.017500000000000002 0.00034683272469644661
-0.010499999999999999 0.017500000000000002 0.00053787065472428106
-0.010000000000000002 0.017500000000000002 0.00081728302889687928
-0.0095000000000000015 0.017500000000000002 0.0012167572937410922
-0.0090000000000000011 0.017500000000000002 0.0017748934351088821
-0.0085000000000000006 0.017500000000000002 0.0025367487507334803
-0.0080000000000000002 0.017500000000000002 0.0035523804767202106
-0.0074999999999999997 0.017500000000000002 0.0048741438387187395
-0.0069999999999999993 0.017500000000000002 0.0065526060028181761
-0.0064999999999999988 0.017500000000000002 0.008631109307046067
-0.0059999999999999984 0.017500000000000002 0.011139251906668783
-0.0054999999999999979 0.017500000000000002 0.01408582476663108
-0.005000000000000001 0.017500000000000002 0.017452007242924606
-0.0044999999999999971 0.017500000000000002 0.021185822782544557
-0.0040000000000000001 0.017500000000000002 0.025198931909022643
-0.0035000000000000031 0.017500000000000002 0.029366742705061816
-0.0029999999999999992 0.017500000000000002 0.033532526053981694
-0.0025000000000000022 0.017500000000000002 0.037515748046515529
-0.0019999999999999983 0.017500000000000002 0.04112423172384079
-0.0015000000000000013 0.017500000000000002 0.044169128677782353
-0.00099999999999999742 0.017500000000000002 0.04648113386889146
-0.00050000000000000044 0.017500000000000002 0.047926028624449502
0 0.017500000000000002 0.04841757334901324
0.00050000000000000044 0.017500000000000002 0.047926028624449502
0.0010000000000000009 0.017500000000000002 0.046481133868891376
0.0015000000000000013 0.017500000000000002 0.044169128677782353
0.0020000000000000018 0.017500000000000002 0.04112423172384079
0.0024999999999999988 0.017500000000000002 0.037515748046515529
0.0030000000000000027 0.017500000000000002 0.033532526053981694
0.0034999999999999996 0.017500000000000002 0.029366742705061816
0.0040000000000000036 0.017500000000000002 0.025198931909022643
0.0045000000000000005 0.017500000000000002 0.021185822782544477
0.0049999999999999975 0.017500000000000002 0.017452007242924637
0.0055000000000000014 0.017500000000000002 0.014085824766631056
0.0059999999999999984 0.017500000000000002 0.011139251906668783
0.0064999999999999988 0.017500000000000002 0.008631109307046067
0.0069999999999999993 0.017500000000000002 0.0065526060028181761
0.0074999999999999997 0.017500000000000002 0.0048741438387187395
0.0080000000000000002 0.017500000000000002 0.0035523804767202106
0.0085000000000000006 0.017500000000000002 0.0025367487507334803
0.0090000000000000011 0.017500000000000002 0.0017748934351088821
0.0095000000000000015 0.017500000000000002 0.0012167572937410922
0.010000000000000002 0.017500000000000002 0.00081728302889687928
0.010500000000000002 0.017500000000000002 0.00053787065472427921
0.011000000000000003 0.017500000000000002 0.00034683272469644537
0.011500000000000003 0.017500000000000002 0.00021912863435271832
0.012000000000000004 0.017500000000000002 0.00013564851504966144
0.012499999999999997 0.017500000000000002 8.2274983322110822e-05
0.013000000000000005 0.017500000000000002 4.8894207276228594e-05
0.013499999999999998 0.017500000000000002 2.8469763729430888e-05
0.014000000000000005 0.017500000000000002 1.6242286392322487e-05
0.014499999999999999 0.017500000000000002 9.0791943387796496e-06
0.014999999999999999 0.017500000000000002 4.9726089556039286e-06
0.0155 0.017500000000000002 2.6684443537012984e-06
0.016000000000000007 0.017500000000000002 1.4030360850227181e-06
0.016500000000000001 0.017500000000000002 7.2279706170351594e-07
0.017000000000000001 0.017500000000000002 3.6483858546395905e-07
0.017500000000000002 0.017500000000000002 1.8043550330545192e-07
0.017999999999999995 0.017500000000000002 8.7433945140389636e-08
0.018500000000000003 0.017500000000000002 4.1512128452570236e-08
0.019000000000000003 0.017500000000000002 1.9311089453026819e-08
0.019500000000000003 0.017500000000000002 8.8018790600868624e-09
0.019999999999999997 0.017500000000000002 3.9307992600646327e-09
0.020499999999999997 0.017500000000000002 1.7199791471825867e-09
0.021000000000000005 0.017500000000000002 7.3739866139360183e-10
0.021500000000000005 0.017500000000000002 3.0975502146237061e-10
0.021999999999999999 0.017500000000000002 1.2748855931075994e-10
0.022499999999999999 0.017500000000000002 5.1411576167512254e-11
0.023000000000000007 0.017500000000000002 2.0313626881594012e-11
0.023500000000000007 0.017500000000000002 7.8641333833572253e-12
0.024 0.017500000000000002 2.982985333601924e-12
0.024500000000000001 0.017500000000000002 1.1086340483883428e-12
0.025000000000000001 0.017500000000000002 4.037031650136751e-13
-0.025000000000000001 0.017999999999999995 1.9562314365069269e-13
-0.024500000000000001 0.017999999999999995 5.3721272583180488e-13
-0.024 0.017999999999999995 1.4454703826841481e-12
-0.0235 0.017999999999999995 3.8107367686567628e-12
-0.023 0.017999999999999995 9.8434094500845845e-12
-0.022500000000000003 0.017999999999999995 2.4912596733258274e-11
-0.022000000000000002 0.017999999999999995 6.1777352553140511e-11
-0.021500000000000002 0.017999999999999995 1.5009852860084596e-10
-0.021000000000000001 0.017999999999999995 3.5732254975197971e-10
-0.020500000000000001 0.017999999999999995 8.3345328187876631e-10
-0.02 0.017999999999999995 1.9047542227904184e-09
-0.0195 0.017999999999999995 4.2651418195076131e-09
-0.019 0.017999999999999995 9.3576081475429495e-09
-0.018500000000000003 0.017999999999999995 2.0115604164877182e-08
-0.018000000000000002 0.017999999999999995 4.2368018614780283e-08
-0.017500000000000002 0.017999999999999995 8.7433945140389636e-08
-0.017000000000000001 0.017999999999999995 1.767904668548089e-07
-0.016500000000000001 0.017999999999999995 3.5024702723630077e-07
-0.016 0.017999999999999995 6.7987163191601505e-07
-0.0155 0.017999999999999995 1.2930527138926555e-06
-0.015000000000000001 0.017999999999999995 2.4095857559300459e-06
-0.014500000000000001 0.017999999999999995 4.3995209656270023e-06
-0.014 0.017999999999999995 7.8705529198251012e-06
-0.0135 0.017999999999999995 1.3795642844551597e-05
-0.012999999999999999 0.017999999999999995 2.36927509185133e-05
-0.012500000000000001 0.017999999999999995 3.986813152860547e-05
-0.012 0.017999999999999995 6.5731436474282252e-05
-0.0115 0.017999999999999995 0.0001061835428377432
-0.010999999999999999 0.017999999999999995 0.0001680653356377719
-0.010499999999999999 0.017999999999999995 0.00026063691710481366
-0.010000000000000002 0.017999999999999995 0.00039603225642224438
-0.0095000000000000015 0.017999999999999995 0.00058960619457486296
-0.0090000000000000011 0.017999999999999995 0.00086006319373100476
-0.0085000000000000006 0.017999999999999995 0.0012292367468896112
-0.0080000000000000002 0.017999999999999995 0.001721383175868373
-0.0074999999999999997 0.017999999999999995 0.0023618723432686389
-0.0069999999999999993 0.017999999999999995 0.0031752076685657646
-0.0064999999999999988 0.017999999999999995 0.0041823916237563033
-0.0059999999999999984 0.017999999999999995 0.0053977666383311536
-0.0054999999999999979 0.017999999999999995 0.0068255925654380394
-0.005000000000000001 0.017999999999999995 0.0084567494529301564
-0.0044999999999999971 0.017999999999999995 0.010266050932267115
-0.0040000000000000001 0.017999999999999995 0.012210690189946314
-0.0035000000000000031 0.017999999999999995 0.01423029350426477
-0.0029999999999999992 0.017999999999999995 0.01624891437501224
-0.0025000000000000022 0.017999999999999995 0.018179071172300786
-0.0019999999999999983 0.017999999999999995 0.019927640373502562
-0.0015000000000000013 0.017999999999999995 0.021403111377556468
-0.00099999999999999742 0.017999999999999995 0.022523443747519842
-0.00050000000000000044 0.017999999999999995 0.023223598908099493
0 0.017999999999999995 0.023461787588787194
0.00050000000000000044 0.017999999999999995 0.023223598908099493
0.0010000000000000009 0.017999999999999995 0.0225234437475198
0.0015000000000000013 0.017999999999999995 0.021403111377556468
0.0020000000000000018 0.017999999999999995 0.019927640373502562
0.0024999999999999988 0.017999999999999995 0.018179071172300786
0.0030000000000000027 0.017999999999999995 0.01624891437501224
0.0034999999999999996 0.017999999999999995 0.01423029350426477
0.0040000000000000036 0.017999999999999995 0.012210690189946314
0.0045000000000000005 0.017999999999999995 0.010266050932267115
0.0049999999999999975 0.017999999999999995 0.0084567494529301703
0.0055000000000000014 0.017999999999999995 0.0068255925654380394
0.0059999999999999984 0.017999999999999995 0.0053977666383311536
0.0064999999999999988 0.017999999999999995 0.0041823916237563033
0.0069999999999999993 0.017999999999999995 0.0031752076685657646
0.0074999999999999997 0.017999999999999995 0.0023618723432686389
0.0080000000000000002 0.017999999999999995 0.001721383175868373
0.0085000000000000006 0.017999999999999995 0.0012292367468896112
0.0090000000000000011 0.017999999999999995 0.00086006319373100476
0.0095000000000000015 0.017999999999999995 0.00058960619457486296
0.010000000000000002 0.017999999999999995 0.00039603225642224438
0.010500000000000002 0.017999999999999995 0.00026063691710481279
0.011000000000000003 0.017999999999999995 0.00016806533563777133
0.011500000000000003 0.017999999999999995 0.00010618354283774246
0.012000000000000004 0.017999999999999995 6.5731436474282252e-05
0.012499999999999997 0.017999999999999995 3.9868131528605754e-05
0.013000000000000005 0.017999999999999995 2.3692750918513134e-05
0.013499999999999998 0.017999999999999995 1.3795642844551644e-05
0.014000000000000005 0.017999999999999995 7.870552919825047e-06
0.014499999999999999 0.017999999999999995 4.3995209656270336e-06
0.014999999999999999 0.017999999999999995 2.4095857559300543e-06
0.0155 0.017999999999999995 1.2930527138926555e-06
0.016000000000000007 0.017999999999999995 6.7987163191600541e-07
0.016500000000000001 0.017999999999999995 3.5024702723630077e-07
0.017000000000000001 0.017999999999999995 1.767904668548089e-07
0.017500000000000002 0.017999999999999995 8.7433945140389636e-08
0.017999999999999995 0.017999999999999995 4.2368018614780581e-08
0.018500000000000003 0.017999999999999995 2.0115604164877182e-08
0.019000000000000003 0.017999999999999995 9.3576081475429164e-09
0.019500000000000003 0.017999999999999995 4.2651418195075677e-09
0.019999999999999997 0.017999999999999995 1.9047542227904254e-09
0.020499999999999997 0.017999999999999995 8.3345328187877221e-10
0.021000000000000005 0.017999999999999995 3.5732254975197718e-10
0.021500000000000005 0.017999999999999995 1.500985286008449e-10
0.021999999999999999 0.017999999999999995 6.1777352553140511e-11
0.022499999999999999 0.017999999999999995 2.4912596733258452e-11
0.023000000000000007 0.017999999999999995 9.8434094500845167e-12
0.023500000000000007 0.017999999999999995 3.8107367686567095e-12
0.024 0.017999999999999995 1.4454703826841481e-12
0.024500000000000001 0.017999999999999995 5.3721272583180488e-13
0.025000000000000001 0.017999999999999995 1.9562314365069269e-13
-0.025000000000000001 0.018500000000000003 9.2878493066783252e-14
-0.024500000000000001 0.018500000000000003 2.5505933245122947e-13
-0.024 0.018500000000000003 6.8628439565460769e-13
-0.0235 0.018500000000000003 1.8092720623026849e-12
-0.023 0.018500000000000003 4.6734809557895192e-12
-0.022500000000000003 0.018500000000000003 1.1828071054297781e-11
-0.022000000000000002 0.018500000000000003 2.9330821004678843e-11
-0.021500000000000002 0.018500000000000003 7.126419138259602e-11
-0.021000000000000001 0.018500000000000003 1.6965058090981681e-10
-0.020500000000000001 0.018500000000000003 3.9570923673882156e-10
-0.02 0.018500000000000003 9.0434443785066375e-10
-0.0195 0.018500000000000003 2.0250157395452986e-09
-0.019 0.018500000000000003 4.4428308799962618e-09
-0.018500000000000003 0.018500000000000003 9.550541756438434e-09
-0.018000000000000002 0.018500000000000003 2.0115604164876971e-08
-0.017500000000000002 0.018500000000000003 4.1512128452570236e-08
-0.017000000000000001 0.018500000000000003 8.3937063087829584e-08
-0.016500000000000001 0.018500000000000003 1.662912449097272e-07
-0.016 0.018500000000000003 3.2279131943594236e-07
-0.0155 0.018500000000000003 6.1391911652698245e-07
-0.015000000000000001 0.018500000000000003 1.1440297387592622e-06
-0.014500000000000001 0.018500000000000003 2.0888166393685708e-06
-0.014 0.018500000000000003 3.7368027174791555e-06
-0.0135 0.018500000000000003 6.5499331744583253e-06
-0.012999999999999999 0.018500000000000003 1.1248909310278124e-05
-0.012500000000000001 0.018500000000000003 1.8928700912695271e-05
-0.012 0.018500000000000003 3.1208151821481626e-05
-0.0115 0.018500000000000003 5.0414113909097563e-05
-0.010999999999999999 0.018500000000000003 7.9794521340849874e-05
-0.010499999999999999 0.018500000000000003 0.00012374591086979187
-0.010000000000000002 0.018500000000000003 0.00018802928168875534
-0.0095000000000000015 0.018500000000000003 0.00027993484734473514
-0.0090000000000000011 0.018500000000000003 0.00040834316372390756
-0.0085000000000000006 0.018500000000000003 0.00058362039655841954
-0.0080000000000000002 0.018500000000000003 0.00081728302889687928
-0.0074999999999999997 0.018500000000000003 0.0011213762337374941
-0.0069999999999999993 0.018500000000000003 0.0015075338118329896
-0.0064999999999999988 0.018500000000000003 0.0019857273744831021
-0.0059999999999999984 0.018500000000000003 0.0025627664597270049
-0.0054999999999999979 0.018500000000000003 0.0032406735723341305
-0.005000000000000001 0.018500000000000003 0.0040151187163927999
-0.0044999999999999971 0.018500000000000003 0.0048741438387187308
-0.0040000000000000001 0.018500000000000003 0.0057974250029058302
-0.0035000000000000031 0.018500000000000003 0.0067562978076569913
-0.0029999999999999992 0.018500000000000003 0.007714704165153019
-0.0025000000000000022 0.018500000000000003 0.0086311093070460219
-0.0019999999999999983 0.018500000000000003 0.0094612997916678262
-0.0015000000000000013 0.018500000000000003 0.010161827964678684
-0.00099999999999999742 0.018500000000000003 0.01069374244225163
-0.00050000000000000044 0.018500000000000003 0.011026164031098414
0 0.018500000000000003 0.011139251906668724
0.00050000000000000044 0.018500000000000003 0.011026164031098414
0.0010000000000000009 0.018500000000000003 0.010693742442251611
0.0015000000000000013 0.018500000000000003 0.010161827964678684
0.0020000000000000018 0.018500000000000003 0.0094612997916678262
0.0024999999999999988 0.018500000000000003 0.0086311093070460219
0.0030000000000000027 0.018500000000000003 0.007714704165153019
0.0034999999999999996 0.018500000000000003 0.0067562978076569913
0.0040000000000000036 0.018500000000000003 0.0057974250029058302
0.0045000000000000005 0.018500000000000003 0.0048741438387187308
0.0049999999999999975 0.018500000000000003 0.0040151187163928147
0.0055000000000000014 0.018500000000000003 0.0032406735723341305
0.0059999999999999984 0.018500000000000003 0.0025627664597270049
0.0064999999999999988 0.018500000000000003 0.0019857273744831021
0.0069999999999999993 0.018500000000000003 0.0015075338118329896
0.0074999999999999997 0.018500000000000003 0.0011213762337374941
0.0080000000000000002 0.018500000000000003 0.00081728302889687928
0.0085000000000000006 0.018500000000000003 0.00058362039655841954
0.0090000000000000011 0.018500000000000003 0.00040834316372390756
0.0095000000000000015 0.018500000000000003 0.00027993484734473514
0.010000000000000002 0.018500000000000003 0.00018802928168875534
0.010500000000000002 0.018500000000000003 0.00012374591086979187
0.011000000000000003 0.018500000000000003 7.9794521340849603e-05
0.011500000000000003 0.018500000000000003 5.0414113909097394e-05
0.012000000000000004 0.018500000000000003 3.120815182148151e-05
0.012499999999999997 0.018500000000000003 1.8928700912695338e-05
0.013000000000000005 0.018500000000000003 1.1248909310278084e-05
0.013499999999999998 0.018500000000000003 6.549933174458349e-06
0.014000000000000005 0.018500000000000003 3.7368027174791292e-06
0.014499999999999999 0.018500000000000003 2.088816639368578e-06
0.014999999999999999 0.018500000000000003 1.1440297387592664e-06
0.0155 0.018500000000000003 6.1391911652698245e-07
0.016000000000000007 0.018500000000000003 3.2279131943593891e-07
0.016500000000000001 0.018500000000000003 1.662912449097272e-07
0.017000000000000001 0.018500000000000003 8.3937063087829584e-08
0.017500000000000002 0.018500000000000003 4.1512128452570236e-08
0.017999999999999995 0.018500000000000003 2.0115604164877182e-08
0.018500000000000003 0.018500000000000003 9.550541756438434e-09
0.019000000000000003 0.018500000000000003 4.4428308799962304e-09
0.019500000000000003 0.018500000000000003 2.0250157395452775e-09
0.019999999999999997 0.018500000000000003 9.0434443785066685e-10
0.020499999999999997 0.018500000000000003 3.9570923673882575e-10
0.021000000000000005 0.018500000000000003 1.6965058090981498e-10
0.021500000000000005 0.018500000000000003 7.1264191382595516e-11
0.021999999999999999 0.018500000000000003 2.9330821004679056e-11
0.022499999999999999 0.018500000000000003 1.1828071054297866e-11
0.023000000000000007 0.018500000000000003 4.673480955789453e-12
0.023500000000000007 0.018500000000000003 1.8092720623026591e-12
0.024 0.018500000000000003 6.8628439565460769e-13
0.024500000000000001 0.018500000000000003 2.5505933245122947e-13
0.025000000000000001 0.018500000000000003 9.2878493066783252e-14
-0.025000000000000001 0.019000000000000003 4.3206285843045293e-14
-0.024500000000000001 0.019000000000000003 1.1865143437351305e-13
-0.024 0.019000000000000003 3.1925366992069712e-13
-0.0235 0.019000000000000003 8.4165799110755611e-13
-0.023 0.019000000000000003 2.1740636329304021e-12
-0.022500000000000003 0.019000000000000003 5.5023181585900744e-12
-0.022000000000000002 0.019000000000000003 1.3644448725369938e-11
-0.021500000000000002 0.019000000000000003 3.315149634303352e-11
-0.021000000000000001 0.019000000000000003 7.8920008822254405e-11
-0.020500000000000001 0.019000000000000003 1.8408057483208055e-10
-0.02 0.019000000000000003 4.2069334882779186e-10
-0.0195 0.019000000000000003 9.4202011671904263e-10
-0.019 0.019000000000000003 2.0667671773636792e-09
-0.018500000000000003 0.019000000000000003 4.4428308799962304e-09
-0.018000000000000002 0.019000000000000003 9.3576081475428155e-09
-0.017500000000000002 0.019000000000000003 1.9311089453026819e-08
-0.017000000000000001 0.019000000000000003 3.9046808586685602e-08
-0.016500000000000001 0.019000000000000003 7.7357274257231754e-08
-0.016 0.019000000000000003 1.5015977924162606e-07
-0.0155 0.019000000000000003 2.8558995691394464e-07
-0.015000000000000001 0.019000000000000003 5.3219291435139594e-07
-0.014500000000000001 0.019000000000000003 9.716997532396955e-07
-0.014 0.019000000000000003 1.7383288748492372e-06
-0.0135 0.019000000000000003 3.0469732619908656e-06
-0.012999999999999999 0.019000000000000003 5.2328970360544288e-06
-0.012500000000000001 0.019000000000000003 8.8054708390172664e-06
-0.012 0.019000000000000003 1.451776707081747e-05
-0.0115 0.019000000000000003 2.3452217452689588e-05
-0.010999999999999999 0.019000000000000003 3.7119733362628676e-05
-0.010499999999999999 0.019000000000000003 5.7565546343477371e-05
-0.010000000000000002 0.019000000000000003 8.746962427206232e-05
-0.0095000000000000015 0.019000000000000003 0.00013022331254996982
-0.0090000000000000011 0.019000000000000003 0.00018995777032281008
-0.0085000000000000006 0.019000000000000003 0.00027149524981422
-0.0080000000000000002 0.019000000000000003 0.00038019312108991698
-0.0074999999999999997 0.019000000000000003 0.00052165469628821706
-0.0069999999999999993 0.019000000000000003 0.00070129192067400897
-0.0064999999999999988 0.019000000000000003 0.00092374350310126668
-0.0059999999999999984 0.019000000000000003 0.0011921771828093414
-0.0054999999999999979 0.019000000000000003 0.0015075338118329896
-0.005000000000000001 0.019000000000000003 0.0018677991128634235
-0.0044999999999999971 0.019000000000000003 0.0022674103011595518
-0.0040000000000000001 0.019000000000000003 0.002696912854185299
-0.0035000000000000031 0.019000000000000003 0.003142972336001101
-0.0029999999999999992 0.019000000000000003 0.0035888148305169205
-0.0025000000000000022 0.019000000000000003 0.0040151187163927999
-0.0019999999999999983 0.019000000000000003 0.0044013162762192139
-0.0015000000000000013 0.019000000000000003 0.0047271960303453941
-0.00099999999999999742 0.019000000000000003 0.0049746381259610714
-0.00050000000000000044 0.019000000000000003 0.0051292778247101342
0 0.019000000000000003 0.0051818853435870848
0.00050000000000000044 0.019000000000000003 0.0051292778247101342
0.0010000000000000009 0.019000000000000003 0.0049746381259610619
0.0015000000000000013 0.019000000000000003 0.0047271960303453941
0.0020000000000000018 0.019000000000000003 0.0044013162762192139
0.0024999999999999988 0.019000000000000003 0.0040151187163927999
0.0030000000000000027 0.019000000000000003 0.0035888148305169205
0.0034999999999999996 0.019000000000000003 0.003142972336001101
0.0040000000000000036 0.019000000000000003 0.002696912854185299
0.0045000000000000005 0.019000000000000003 0.0022674103011595518
0.0049999999999999975 0.019000000000000003 0.001867799112863427
0.0055000000000000014 0.019000000000000003 0.0015075338118329896
0.0059999999999999984 0.019000000000000003 0.0011921771828093414
0.0064999999999999988 0.019000000000000003 0.00092374350310126668
0.0069999999999999993 0.019000000000000003 0.00070129192067400897
0.0074999999999999997 0.019000000000000003 0.00052165469628821706
0.0080000000000000002 0.019000000000000003 0.00038019312108991698
0.0085000000000000006 0.019000000000000003 0.00027149524981422
0.0090000000000000011 0.019000000000000003 0.00018995777032281008
0.0095000000000000015 0.019000000000000003 0.00013022331254996982
0.010000000000000002 0.019000000000000003 8.746962427206232e-05
0.010500000000000002 0.019000000000000003 5.7565546343477371e-05
0.011000000000000003 0.019000000000000003 3.7119733362628676e-05
0.011500000000000003 0.019000000000000003 2.3452217452689507e-05
0.012000000000000004 0.019000000000000003 1.4517767070817419e-05
0.012499999999999997 0.019000000000000003 8.8054708390172968e-06
0.013000000000000005 0.019000000000000003 5.2328970360544102e-06
0.013499999999999998 0.019000000000000003 3.0469732619908656e-06
0.014000000000000005 0.019000000000000003 1.7383288748492247e-06
0.014499999999999999 0.019000000000000003 9.7169975323969889e-07
0.014999999999999999 0.019000000000000003 5.3219291435139594e-07
0.0155 0.019000000000000003 2.8558995691394464e-07
0.016000000000000007 0.019000000000000003 1.50159779241625e-07
0.016500000000000001 0.019000000000000003 7.7357274257231754e-08
0.017000000000000001 0.019000000000000003 3.9046808586685602e-08
0.017500000000000002 0.019000000000000003 1.9311089453026819e-08
0.017999999999999995 0.019000000000000003 9.3576081475429164e-09
0.018500000000000003 0.019000000000000003 4.4428308799962304e-09
0.019000000000000003 0.019000000000000003 2.0667671773636717e-09
0.019500000000000003 0.019000000000000003 9.4202011671904263e-10
0.019999999999999997 0.019000000000000003 4.2069334882779481e-10
0.020499999999999997 0.019000000000000003 1.8408057483208185e-10
0.021000000000000005 0.019000000000000003 7.8920008822253836e-11
0.021500000000000005 0.019000000000000003 3.3151496343033287e-11
0.021999999999999999 0.019000000000000003 1.3644448725370132e-11
0.022499999999999999 0.019000000000000003 5.5023181585900744e-12
0.023000000000000007 0.019000000000000003 2.174063632930371e-12
0.023500000000000007 0.019000000000000003 8.4165799110754409e-13
0.024 0.019000000000000003 3.1925366992069712e-13
0.024500000000000001 0.019000000000000003 1.1865143437351305e-13
0.025000000000000001 0.019000000000000003 4.3206285843045293e-14
-0.025000000000000001 0.019500000000000003 1.9693166641430555e-14
-0.024500000000000001 0.019500000000000003 5.4080614053486207e-14
-0.024 0.019500000000000003 1.4551391307912111e-13
-0.0235 0.019500000000000003 3.836226778247999e-13
-0.023 0.019500000000000003 9.9092519935414921e-13
-0.022500000000000003 0.019500000000000003 2.5079237036229887e-12
-0.022000000000000002 0.019500000000000003 6.2190581124069625e-12
-0.021500000000000002 0.019500000000000003 1.5110253731777831e-11
-0.021000000000000001 0.019500000000000003 3.5971267947577941e-11
-0.020500000000000001 0.019500000000000003 8.3902824898845335e-11
-0.02 0.019500000000000003 1.9174951194608965e-10
-0.0195 0.019500000000000003 4.2936713434520056e-10
-0.019 0.019500000000000003 9.4202011671904263e-10
-0.018500000000000003 0.019500000000000003 2.0250157395452775e-09
-0.018000000000000002 0.019500000000000003 4.2651418195075379e-09
-0.017500000000000002 0.019500000000000003 8.8018790600868624e-09
-0.017000000000000001 0.019500000000000003 1.7797301788610372e-08
-0.016500000000000001 0.019500000000000003 3.5258982880606176e-08
-0.016 0.019500000000000003 6.8441929171789034e-08
-0.0155 0.019500000000000003 1.3017019405593223e-07
-0.015000000000000001 0.019500000000000003 2.4257034695792213e-07
-0.014500000000000001 0.019500000000000003 4.4289493513746394e-07
-0.014 0.019500000000000003 7.9231990304315263e-07
-0.0135 0.019500000000000003 1.388792186820849e-06
-0.012999999999999999 0.019500000000000003 2.3851231675600215e-06
-0.012500000000000001 0.019500000000000003 4.0134809369858609e-06
-0.012 0.019500000000000003 6.6171113903580694e-06
-0.0115 0.019500000000000003 1.0689380431463816e-05
-0.010999999999999999 0.019500000000000003 1.6918952428617103e-05
-0.010499999999999999 0.019500000000000003 2.6238031685141366e-05
-0.010000000000000002 0.019500000000000003 3.9868131528605043e-05
-0.0095000000000000015 0.019500000000000003 5.9355006907136115e-05
-0.0090000000000000011 0.019500000000000003 8.6581615448063948e-05
-0.0085000000000000006 0.019500000000000003 0.00012374591086979187
-0.0080000000000000002 0.019500000000000003 0.00017328975040224384
-0.0074999999999999997 0.019500000000000003 0.00023776709020088723
-0.0069999999999999993 0.019500000000000003 0.00031964466254497993
-0.0064999999999999988 0.019500000000000003 0.00042103676318292594
-0.0059999999999999984 0.019500000000000003 0.00054338722871164532
-0.0054999999999999979 0.019500000000000003 0.0006871248938607144
-0.005000000000000001 0.019500000000000003 0.0008513316630815263
-0.0044999999999999971 0.019500000000000003 0.0010334720523638508
-0.0040000000000000001 0.019500000000000003 0.0012292367468895982
-0.0035000000000000031 0.019500000000000003 0.0014325479905197356
-0.0029999999999999992 0.019500000000000003 0.0016357603326364904
-0.0025000000000000022 0.019500000000000003 0.0018300670938087066
-0.0019999999999999983 0.019500000000000003 0.0020060936314704588
-0.0015000000000000013 0.019500000000000003 0.0021546276740953768
-0.00099999999999999742 0.019500000000000003 0.0022674103011595518
-0.00050000000000000044 0.019500000000000003 0.0023378941508454213
0 0.019500000000000003 0.0023618723432686137
0.00050000000000000044 0.019500000000000003 0.0023378941508454213
0.0010000000000000009 0.019500000000000003 0.0022674103011595475
0.0015000000000000013 0.019500000000000003 0.0021546276740953768
0.0020000000000000018 0.019500000000000003 0.0020060936314704588
0.0024999999999999988 0.019500000000000003 0.0018300670938087066
0.0030000000000000027 0.019500000000000003 0.0016357603326364904
0.0034999999999999996 0.019500000000000003 0.0014325479905197356
0.0040000000000000036 0.019500000000000003 0.0012292367468895982
0.0045000000000000005 0.019500000000000003 0.0010334720523638508
0.0049999999999999975 0.019500000000000003 0.0008513316630815263
0.0055000000000000014 0.019500000000000003 0.00068712489386071191
0.0059999999999999984 0.019500000000000003 0.00054338722871164532
0.0064999999999999988 0.019500000000000003 0.00042103676318292594
0.0069999999999999993 0.019500000000000003 0.00031964466254497993
0.0074999999999999997 0.019500000000000003 0.00023776709020088723
0.0080000000000000002 0.019500000000000003 0.00017328975040224384
0.0085000000000000006 0.019500000000000003 0.00012374591086979187
0.0090000000000000011 0.019500000000000003 8.6581615448063948e-05
0.0095000000000000015 0.019500000000000003 5.9355006907136115e-05
0.010000000000000002 0.019500000000000003 3.9868131528605043e-05
0.010500000000000002 0.019500000000000003 2.6238031685141176e-05
0.011000000000000003 0.019500000000000003 1.6918952428617042e-05
0.011500000000000003 0.019500000000000003 1.0689380431463816e-05
0.012000000000000004 0.019500000000000003 6.6171113903580465e-06
0.012499999999999997 0.019500000000000003 4.0134809369858609e-06
0.013000000000000005 0.019500000000000003 2.3851231675600049e-06
0.013499999999999998 0.019500000000000003 1.388792186820849e-06
0.014000000000000005 0.019500000000000003 7.9231990304314691e-07
0.014499999999999999 0.019500000000000003 4.4289493513746394e-07
0.014999999999999999 0.019500000000000003 2.4257034695792213e-07
0.0155 0.019500000000000003 1.3017019405593223e-07
0.016000000000000007 0.019500000000000003 6.8441929171788293e-08
0.016500000000000001 0.019500000000000003 3.5258982880606176e-08
0.017000000000000001 0.019500000000000003 1.7797301788610372e-08
0.017500000000000002 0.019500000000000003 8.8018790600868624e-09
0.017999999999999995 0.019500000000000003 4.2651418195075677e-09
0.018500000000000003 0.019500000000000003 2.0250157395452775e-09
0.019000000000000003 0.019500000000000003 9.4202011671904263e-10
0.019500000000000003 0.019500000000000003 4.2936713434519912e-10
0.019999999999999997 0.019500000000000003 1.917495119460917e-10
0.020499999999999997 0.019500000000000003 8.3902824898845929e-11
0.021000000000000005 0.019500000000000003 3.5971267947577682e-11
0.021500000000000005 0.019500000000000003 1.5110253731777721e-11
0.021999999999999999 0.019500000000000003 6.2190581124070513e-12
0.022499999999999999 0.019500000000000003 2.5079237036229887e-12
0.023000000000000007 0.019500000000000003 9.9092519935414214e-13
0.023500000000000007 0.019500000000000003 3.8362267782479449e-13
0.024 0.019500000000000003 1.4551391307912111e-13
0.024500000000000001 0.019500000000000003 5.4080614053486207e-14
0.025000000000000001 0.019500000000000003 1.9693166641430555e-14
-0.025000000000000001 0.019999999999999997 8.7946998969219365e-15
-0.024500000000000001 0.019999999999999997 2.41516653721425e-14
-0.024 0.019999999999999997 6.49845309116158e-14
-0.0235 0.019999999999999997 1.7132066094564758e-13
-0.023 0.019999999999999997 4.4253369238661737e-13
-0.022500000000000003 0.019999999999999997 1.120004554845865e-12
-0.022000000000000002 0.019999999999999997 2.7773466165197449e-12
-0.021500000000000002 0.019999999999999997 6.7480334349964355e-12
-0.021000000000000001 0.019999999999999997 1.6064278146367714e-11
-0.020500000000000001 0.019999999999999997 3.7469858399356263e-11
-0.02 0.019999999999999997 8.5632719392079751e-11
-0.0195 0.019999999999999997 1.917495119460917e-10
-0.019 0.019999999999999997 4.2069334882779786e-10
-0.018500000000000003 0.019999999999999997 9.0434443785066685e-10
-0.018000000000000002 0.019999999999999997 1.9047542227904047e-09
-0.017500000000000002 0.019999999999999997 3.9307992600646327e-09
-0.017000000000000001 0.019999999999999997 7.9480324853640944e-09
-0.016500000000000001 0.019999999999999997 1.5746181340550032e-08
-0.016 0.019999999999999997 3.0565233026867721e-08
-0.0155 0.019999999999999997 5.8132235058507702e-08
-0.015000000000000001 0.019999999999999997 1.0832861185965956e-07
-0.014500000000000001 0.019999999999999997 1.9779084345968392e-07
-0.014 0.019999999999999997 3.53839273109232e-07
-0.0135 0.019999999999999997 6.202156679354583e-07
-0.012999999999999999 0.019999999999999997 1.0651635086332793e-06
-0.012500000000000001 0.019999999999999997 1.7923659016091711e-06
-0.012 0.019999999999999997 2.9551117868606537e-06
-0.0115 0.019999999999999997 4.7737316547647128e-06
-0.010999999999999999 0.019999999999999997 7.5557736289573922e-06
-0.010499999999999999 0.019999999999999997 1.171754744974734e-05
-0.010000000000000002 0.019999999999999997 1.7804564325751325e-05
-0.0095000000000000015 0.019999999999999997 2.6507137355440839e-05
-0.0090000000000000011 0.019999999999999997 3.8666169759334518e-05
-0.0085000000000000006 0.019999999999999997 5.5263237720310324e-05
-0.0080000000000000002 0.019999999999999997 7.7388841406234954e-05
-0.0074999999999999997 0.019999999999999997 0.0001061835428377432
-0.0069999999999999993 0.019999999999999997 0.00014274895104080337
-0.0064999999999999988 0.019999999999999997 0.00018802928168875735
-0.0059999999999999984 0.019999999999999997 0.00024266933253309445
-0.0054999999999999979 0.019999999999999997 0.0003068606153210439
-0.005000000000000001 0.019999999999999997 0.00038019312108992105
-0.0044999999999999971 0.019999999999999997 0.00046153453722746471
-0.0040000000000000001 0.019999999999999997 0.000548960382451584
-0.0035000000000000031 0.019999999999999997 0.00063975641368179195
-0.0029999999999999992 0.019999999999999997 0.0007305082768436868
-0.0025000000000000022 0.019999999999999997 0.00081728302889688784
-0.0019999999999999983 0.019999999999999997 0.00089589408220369464
-0.0015000000000000013 0.019999999999999997 0.00096222736182031705
-0.00099999999999999742 0.019999999999999997 0.001012594546370979
-0.00050000000000000044 0.019999999999999997 0.0010440716732776725
0 0.019999999999999997 0.0010547800073040009
0.00050000000000000044 0.019999999999999997 0.0010440716732776725
0.0010000000000000009 0.019999999999999997 0.0010125945463709753
0.0015000000000000013 0.019999999999999997 0.00096222736182031705
0.0020000000000000018 0.019999999999999997 0.00089589408220369464
0.0024999999999999988 0.019999999999999997 0.00081728302889688784
0.0030000000000000027 0.019999999999999997 0.0007305082768436868
0.0034999999999999996 0.019999999999999997 0.00063975641368179195
0.0040000000000000036 0.019999999999999997 0.000548960382451584
0.0045000000000000005 0.019999999999999997 0.00046153453722746471
0.0049999999999999975 0.019999999999999997 0.00038019312108992105
0.0055000000000000014 0.019999999999999997 0.0003068606153210439
0.0059999999999999984 0.019999999999999997 0.00024266933253309445
0.0064999999999999988 0.019999999999999997 0.00018802928168875735
0.0069999999999999993 0.019999999999999997 0.00014274895104080337
0.0074999999999999997 0.019999999999999997 0.0001061835428377432
0.0080000000000000002 0.019999999999999997 7.7388841406234954e-05
0.0085000000000000006 0.019999999999999997 5.5263237720310324e-05
0.0090000000000000011 0.019999999999999997 3.8666169759334518e-05
0.0095000000000000015 0.019999999999999997 2.6507137355440839e-05
0.010000000000000002 0.019999999999999997 1.7804564325751325e-05
0.010500000000000002 0.019999999999999997 1.171754744974734e-05
0.011000000000000003 0.019999999999999997 7.5557736289573651e-06
0.011500000000000003 0.019999999999999997 4.7737316547646958e-06
0.012000000000000004 0.019999999999999997 2.9551117868606431e-06
0.012499999999999997 0.019999999999999997 1.7923659016091775e-06
0.013000000000000005 0.019999999999999997 1.0651635086332755e-06
0.013499999999999998 0.019999999999999997 6.202156679354583e-07
0.014000000000000005 0.019999999999999997 3.5383927310922951e-07
0.014499999999999999 0.019999999999999997 1.9779084345968464e-07
0.014999999999999999 0.019999999999999997 1.0832861185965956e-07
0.0155 0.019999999999999997 5.8132235058507702e-08
0.016000000000000007 0.019999999999999997 3.0565233026867509e-08
0.016500000000000001 0.019999999999999997 1.5746181340550032e-08
0.017000000000000001 0.019999999999999997 7.9480324853640944e-09
0.017500000000000002 0.019999999999999997 3.9307992600646327e-09
0.017999999999999995 0.019999999999999997 1.9047542227904254e-09
0.018500000000000003 0.019999999999999997 9.0434443785066685e-10
0.019000000000000003 0.019999999999999997 4.2069334882779481e-10
0.019500000000000003 0.019999999999999997 1.917495119460917e-10
0.019999999999999997 0.019999999999999997 8.5632719392080371e-11
0.020499999999999997 0.019999999999999997 3.7469858399356263e-11
0.021000000000000005 0.019999999999999997 1.6064278146367714e-11
0.021500000000000005 0.019999999999999997 6.7480334349963887e-12
0.021999999999999999 0.019999999999999997 2.7773466165197643e-12
0.022499999999999999 0.019999999999999997 1.1200045548458729e-12
0.023000000000000007 0.019999999999999997 4.4253369238661106e-13
0.023500000000000007 0.019999999999999997 1.7132066094564513e-13
0.024 0.019999999999999997 6.49845309116158e-14
0.024500000000000001 0.019999999999999997 2.41516653721425e-14
0.025000000000000001 0.019999999999999997 8.7946998969219365e-15
-0.025000000000000001 0.020499999999999997 3.848250553549217e-15
-0.024500000000000001 0.020499999999999997 1.0567917123586168e-14
-0.024 0.020499999999999997 2.8434939222916093e-14
-0.0235 0.020499999999999997 7.4963880069318746e-14
-0.023 0.020499999999999997 1.9363713903268251e-13
-0.022500000000000003 0.020499999999999997 4.9007449926423579e-13
-0.022000000000000002 0.020499999999999997 1.2152689437601961e-12
-0.021500000000000002 0.020499999999999997 2.9527014799768507e-12
-0.021000000000000001 0.020499999999999997 7.0291616534595784e-12
-0.020500000000000001 0.020499999999999997 1.6395488762180488e-11
-0.02 0.020499999999999997 3.7469858399356263e-11
-0.0195 0.020499999999999997 8.3902824898846524e-11
-0.019 0.020499999999999997 1.8408057483208316e-10
-0.018500000000000003 0.020499999999999997 3.9570923673882575e-10
-0.018000000000000002 0.020499999999999997 8.3345328187876631e-10
-0.017500000000000002 0.020499999999999997 1.7199791471825867e-09
-0.017000000000000001 0.020499999999999997 3.477778749691558e-09
-0.016500000000000001 0.020499999999999997 6.8899737080586217e-09
-0.016 0.020499999999999997 1.3374268172149025e-08
-0.0155 0.020499999999999997 2.5436616185306309e-08
-0.015000000000000001 0.020499999999999997 4.7400780633806026e-08
-0.014500000000000001 0.020499999999999997 8.6546298537951586e-08
-0.014 0.020499999999999997 1.5482758872609443e-07
-0.0135 0.020499999999999997 2.7138450605777699e-07
-0.012999999999999999 0.020499999999999997 4.6607799126301751e-07
-0.012500000000000001 0.020499999999999997 7.8427611560052044e-07
-0.012 0.020499999999999997 1.2930527138926555e-06
-0.0115 0.020499999999999997 2.0888166393685929e-06
-0.010999999999999999 0.020499999999999997 3.3061401060773629e-06
-0.010499999999999999 0.020499999999999997 5.1271855763391698e-06
-0.010000000000000002 0.020499999999999997 7.7906495190649464e-06
-0.0095000000000000015 0.020499999999999997 1.1598588604118474e-05
-0.0090000000000000011 0.020499999999999997 1.6918952428617225e-05
-0.0085000000000000006 0.020499999999999997 2.4181244117555117e-05
-0.0080000000000000002 0.020499999999999997 3.3862628090846919e-05
-0.0074999999999999997 0.020499999999999997 4.646217406988223e-05
-0.0069999999999999993 0.020499999999999997 6.2461907319157669e-05
-0.0064999999999999988 0.020499999999999997 8.2274983322111106e-05
-0.0059999999999999984 0.020499999999999997 0.0001061835428377432
-0.0054999999999999979 0.020499999999999997 0.00013427138465349625
-0.005000000000000001 0.020499999999999997 0.00016635910330515795
-0.0044999999999999971 0.020499999999999997 0.00020195123872154995
-0.0040000000000000001 0.020499999999999997 0.00024020570575526671
-0.0035000000000000031 0.020499999999999997 0.00027993484734473812
-0.0029999999999999992 0.020499999999999997 0.00031964466254498221
-0.0025000000000000022 0.020499999999999997 0.00035761423416614694
-0.0019999999999999983 0.020499999999999997 0.00039201165908668296
-0.0015000000000000013 0.020499999999999997 0.00042103676318292897
-0.00099999999999999742 0.020499999999999997 0.00044307566707954039
-0.00050000000000000044 0.020499999999999997 0.00045684894785802578
0 0.020499999999999997 0.00046153453722746303
0.00050000000000000044 0.020499999999999997 0.00045684894785802578
0.0010000000000000009 0.020499999999999997 0.00044307566707953877
0.0015000000000000013 0.020499999999999997 0.00042103676318292897
0.0020000000000000018 0.020499999999999997 0.00039201165908668296
0.0024999999999999988 0.020499999999999997 0.00035761423416614694
0.0030000000000000027 0.020499999999999997 0.00031964466254498221
0.0034999999999999996 0.020499999999999997 0.00027993484734473812
0.0040000000000000036 0.020499999999999997 0.00024020570575526671
0.0045000000000000005 0.020499999999999997 0.00020195123872154995
0.0049999999999999975 0.020499999999999997 0.00016635910330515795
0.0055000000000000014 0.020499999999999997 0.00013427138465349573
0.0059999999999999984 0.020499999999999997 0.0001061835428377432
0.0064999999999999988 0.020499999999999997 8.2274983322111106e-05
0.0069999999999999993 0.020499999999999997 6.2461907319157669e-05
0.0074999999999999997 0.020499999999999997 4.646217406988223e-05
0.0080000000000000002 0.020499999999999997 3.3862628090846919e-05
0.0085000000000000006 0.020499999999999997 2.4181244117555117e-05
0.0090000000000000011 0.020499999999999997 1.6918952428617225e-05
0.0095000000000000015 0.020499999999999997 1.1598588604118474e-05
0.010000000000000002 0.020499999999999997 7.7906495190649464e-06
0.010500000000000002 0.020499999999999997 5.127185576339152e-06
0.011000000000000003 0.020499999999999997 3.3061401060773396e-06
0.011500000000000003 0.020499999999999997 2.0888166393685852e-06
0.012000000000000004 0.020499999999999997 1.2930527138926508e-06
0.012499999999999997 0.020499999999999997 7.8427611560052891e-07
0.013000000000000005 0.020499999999999997 4.6607799126301582e-07
0.013499999999999998 0.020499999999999997 2.7138450605777699e-07
0.014000000000000005 0.020499999999999997 1.5482758872609335e-07
0.014499999999999999 0.020499999999999997 8.6546298537951586e-08
0.014999999999999999 0.020499999999999997 4.7400780633806364e-08
0.0155 0.020499999999999997 2.5436616185306309e-08
0.016000000000000007 0.020499999999999997 1.3374268172148834e-08
0.016500000000000001 0.020499999999999997 6.8899737080586217e-09
0.017000000000000001 0.020499999999999997 3.477778749691558e-09
0.017500000000000002 0.020499999999999997 1.7199791471825867e-09
0.017999999999999995 0.020499999999999997 8.3345328187877221e-10
0.018500000000000003 0.020499999999999997 3.9570923673882575e-10
0.019000000000000003 0.020499999999999997 1.8408057483208185e-10
0.019500000000000003 0.020499999999999997 8.3902824898845929e-11
0.019999999999999997 0.020499999999999997 3.7469858399356263e-11
0.020499999999999997 0.020499999999999997 1.6395488762180604e-11
0.021000000000000005 0.020499999999999997 7.0291616534595283e-12
0.021500000000000005 0.020499999999999997 2.9527014799768507e-12
0.021999999999999999 0.020499999999999997 1.2152689437601961e-12
0.022499999999999999 0.020499999999999997 4.9007449926424276e-13
0.023000000000000007 0.020499999999999997 1.9363713903267837e-13
0.023500000000000007 0.020499999999999997 7.4963880069317686e-14
0.024 0.020499999999999997 2.8434939222916093e-14
0.024500000000000001 0.020499999999999997 1.0567917123586168e-14
0.025000000000000001 0.020499999999999997 3.848250553549217e-15
-0.025000000000000001 0.021000000000000005 1.6498425643954221e-15
-0.024500000000000001 0.021000000000000005 4.5307339646622699e-15
-0.024 0.021000000000000005 1.2190779262721549e-14
-0.0235 0.021000000000000005 3.2138915699376332e-14
-0.023 0.021000000000000005 8.3017150151314886e-14
-0.022500000000000003 0.021000000000000005 2.1010736108780753e-13
-0.022000000000000002 0.021000000000000005 5.2101660292213849e-13
-0.021500000000000002 0.021000000000000005 1.2658979746332402e-12
-0.021000000000000001 0.021000000000000005 3.013579788145018e-12
-0.020500000000000001 0.021000000000000005 7.0291616534594798e-12
-0.02 0.021000000000000005 1.6064278146367598e-11
-0.0195 0.021000000000000005 3.5971267947577941e-11
-0.019 0.021000000000000005 7.8920008822254405e-11
-0.018500000000000003 0.021000000000000005 1.6965058090981498e-10
-0.018000000000000002 0.021000000000000005 3.5732254975197336e-10
-0.017500000000000002 0.021000000000000005 7.3739866139360183e-10
-0.017000000000000001 0.021000000000000005 1.4910119107237339e-09
-0.016500000000000001 0.021000000000000005 2.9539063875756577e-09
-0.016 0.021000000000000005 5.7338877994053283e-09
-0.0155 0.021000000000000005 1.0905322169837096e-08
-0.015000000000000001 0.021000000000000005 2.0321916254412627e-08
-0.014500000000000001 0.021000000000000005 3.710459210798906e-08
-0.014 0.021000000000000005 6.6378512123497342e-08
-0.0135 0.021000000000000005 1.1634941726925756e-07
-0.012999999999999999 0.021000000000000005 1.9981944980283298e-07
-0.012500000000000001 0.021000000000000005 3.3623905194090643e-07
-0.012 0.021000000000000005 5.5436447697501754e-07
-0.0115 0.021000000000000005 8.955286442223222e-07
-0.010999999999999999 0.021000000000000005 1.4174260732140988e-06
-0.010499999999999999 0.021000000000000005 2.1981544293151438e-06
-0.010000000000000002 0.021000000000000005 3.3400489396371568e-06
-0.0095000000000000015 0.021000000000000005 4.9726089556038939e-06
-0.0090000000000000011 0.021000000000000005 7.2535837969203288e-06
-0.0085000000000000006 0.021000000000000005 1.0367112341056897e-05
-0.0080000000000000002 0.021000000000000005 1.4517767070817419e-05
-0.0074999999999999997 0.021000000000000005 1.9919511827041284e-05
-0.0069999999999999993 0.021000000000000005 2.6779003059825328e-05
-0.0064999999999999988 0.021000000000000005 3.5273370998297004e-05
-0.0059999999999999984 0.021000000000000005 4.5523576538029975e-05
-0.0054999999999999979 0.021000000000000005 5.7565546343477168e-05
-0.005000000000000001 0.021000000000000005 7.1322364744251925e-05
-0.0044999999999999971 0.021000000000000005 8.6581615448063948e-05
-0.0040000000000000001 0.021000000000000005 0.00010298227520559383
-0.0035000000000000031 0.021000000000000005 0.00012001516532776879
-0.0029999999999999992 0.021000000000000005 0.00013703976973696383
-0.0025000000000000022 0.021000000000000005 0.00015331828760911296
-0.0019999999999999983 0.021000000000000005 0.00016806533563776951
-0.0015000000000000013 0.021000000000000005 0.0001805091335422041
-0.00099999999999999742 0.021000000000000005 0.0001899577703228094
-0.00050000000000000044 0.021000000000000005 0.00019586272494141049
0 0.021000000000000005 0.00019787155588248489
0.00050000000000000044 0.021000000000000005 0.00019586272494141049
0.0010000000000000009 0.021000000000000005 0.00018995777032280873
0.0015000000000000013 0.021000000000000005 0.0001805091335422041
0.0020000000000000018 0.021000000000000005 0.00016806533563776951
0.0024999999999999988 0.021000000000000005 0.00015331828760911296
0.0030000000000000027 0.021000000000000005 0.00013703976973696383
0.0034999999999999996 0.021000000000000005 0.00012001516532776879
0.0040000000000000036 0.021000000000000005 0.00010298227520559383
0.0045000000000000005 0.021000000000000005 8.6581615448063948e-05
0.0049999999999999975 0.021000000000000005 7.1322364744251925e-05
0.0055000000000000014 0.021000000000000005 5.7565546343477168e-05
0.0059999999999999984 0.021000000000000005 4.5523576538029975e-05
0.0064999999999999988 0.021000000000000005 3.5273370998297004e-05
0.0069999999999999993 0.021000000000000005 2.6779003059825328e-05
0.0074999999999999997 0.021000000000000005 1.9919511827041284e-05
0.0080000000000000002 0.021000000000000005 1.4517767070817419e-05
0.0085000000000000006 0.021000000000000005 1.0367112341056897e-05
0.0090000000000000011 0.021000000000000005 7.2535837969203288e-06
0.0095000000000000015 0.021000000000000005 4.9726089556038939e-06
0.010000000000000002 0.021000000000000005 3.3400489396371568e-06
0.010500000000000002 0.021000000000000005 2.1981544293151362e-06
0.011000000000000003 0.021000000000000005 1.4174260732140988e-06
0.011500000000000003 0.021000000000000005 8.9552864422231902e-07
0.012000000000000004 0.021000000000000005 5.5436447697501754e-07
0.012499999999999997 0.021000000000000005 3.3623905194090759e-07
0.013000000000000005 0.021000000000000005 1.9981944980283226e-07
0.013499999999999998 0.021000000000000005 1.1634941726925798e-07
0.014000000000000005 0.021000000000000005 6.6378512123496641e-08
0.014499999999999999 0.021000000000000005 3.7104592107989193e-08
0.014999999999999999 0.021000000000000005 2.0321916254412696e-08
0.0155 0.021000000000000005 1.0905322169837096e-08
0.016000000000000007 0.021000000000000005 5.7338877994052456e-09
0.016500000000000001 0.021000000000000005 2.9539063875756577e-09
0.017000000000000001 0.021000000000000005 1.4910119107237339e-09
0.017500000000000002 0.021000000000000005 7.3739866139360183e-10
0.017999999999999995 0.021000000000000005 3.5732254975197718e-10
0.018500000000000003 0.021000000000000005 1.6965058090981498e-10
0.019000000000000003 0.021000000000000005 7.8920008822253836e-11
0.019500000000000003 0.021000000000000005 3.5971267947577682e-11
0.019999999999999997 0.021000000000000005 1.6064278146367714e-11
0.020499999999999997 0.021000000000000005 7.0291616534595283e-12
0.021000000000000005 0.021000000000000005 3.013579788144997e-12
0.021500000000000005 0.021000000000000005 1.2658979746332314e-12
0.021999999999999999 0.021000000000000005 5.2101660292214223e-13
0.022499999999999999 0.021000000000000005 2.1010736108780753e-13
0.023000000000000007 0.021000000000000005 8.3017150151313712e-14
0.023500000000000007 0.021000000000000005 3.2138915699375871e-14
0.024 0.021000000000000005 1.2190779262721549e-14
0.024500000000000001 0.021000000000000005 4.5307339646622699e-15
0.025000000000000001 0.021000000000000005 1.6498425643954221e-15
-0.025000000000000001 0.021500000000000005 6.9304033991330562e-16
-0.024500000000000001 0.021500000000000005 1.9032006293745423e-15
-0.024 0.021500000000000005 5.1209139504414181e-15
-0.0235 0.021500000000000005 1.3500418489265214e-14
-0.023 0.021500000000000005 3.4872560086109772e-14
-0.022500000000000003 0.021500000000000005 8.8258649697245494e-14
-0.022000000000000002 0.021500000000000005 2.1886059396337032e-13
-0.021500000000000002 0.021500000000000005 5.3175883661170393e-13
-0.021000000000000001 0.021500000000000005 1.2658979746332493e-12
-0.020500000000000001 0.021500000000000005 2.9527014799768091e-12
-0.02 0.021500000000000005 6.7480334349963394e-12
-0.0195 0.021500000000000005 1.5110253731777831e-11
-0.019 0.021500000000000005 3.315149634303352e-11
-0.018500000000000003 0.021500000000000005 7.1264191382595516e-11
-0.018000000000000002 0.021500000000000005 1.5009852860084384e-10
-0.017500000000000002 0.021500000000000005 3.0975502146237061e-10
-0.017000000000000001 0.021500000000000005 6.2632121617096029e-10
-0.016500000000000001 0.021500000000000005 1.2408312957228639e-09
-0.016 0.021500000000000005 2.4086028784090584e-09
-0.0155 0.021500000000000005 4.5809390220317714e-09
-0.015000000000000001 0.021500000000000005 8.5365161819599422e-09
-0.014500000000000001 0.021500000000000005 1.5586323011546414e-08
-0.014 0.021500000000000005 2.7883258437974266e-08
-0.0135 0.021500000000000005 4.8874263177074295e-08
-0.012999999999999999 0.021500000000000005 8.3937063087829292e-08
-0.012500000000000001 0.021500000000000005 1.4124209902091086e-07
-0.012 0.021500000000000005 2.328688529741095e-07
-0.0115 0.021500000000000005 3.7617981823700114e-07
-0.010999999999999999 0.021500000000000005 5.9541041598853979e-07
-0.010499999999999999 0.021500000000000005 9.2336670525453885e-07
-0.010000000000000002 0.021500000000000005 1.4030360850227181e-06
-0.0095000000000000015 0.021500000000000005 2.088816639368556e-06
-0.0090000000000000011 0.021500000000000005 3.0469732619908546e-06
-0.0085000000000000006 0.021500000000000005 4.3548561637445224e-06
-0.0080000000000000002 0.021500000000000005 6.0983989882867317e-06
-0.0074999999999999997 0.021500000000000005 8.3674803556656323e-06
-0.0069999999999999993 0.021500000000000005 1.1248909310278084e-05
-0.0064999999999999988 0.021500000000000005 1.4817091978413037e-05
-0.0059999999999999984 0.021500000000000005 1.9122839741710031e-05
-0.0054999999999999979 0.021500000000000005 2.4181244117554856e-05
-0.005000000000000001 0.021500000000000005 2.9959995561085504e-05
-0.0044999999999999971 0.021500000000000005 3.6369865522506595e-05
-0.0040000000000000001 0.021500000000000005 4.3259200940596187e-05
-0.0035000000000000031 0.021500000000000005 5.0414113909097394e-05
-0.0029999999999999992 0.021500000000000005 5.7565546343477168e-05
-0.0025000000000000022 0.021500000000000005 6.4403574287999913e-05
-0.0019999999999999983 0.021500000000000005 7.0598286073874527e-05
-0.0015000000000000013 0.021500000000000005 7.582548418090266e-05
-0.00099999999999999742 0.021500000000000005 7.9794521340849603e-05
-0.00050000000000000044 0.021500000000000005 8.2274983322109941e-05
0 0.021500000000000005 8.3118821945428047e-05
0.00050000000000000044 0.021500000000000005 8.2274983322109941e-05
0.0010000000000000009 0.021500000000000005 7.9794521340849603e-05
0.0015000000000000013 0.021500000000000005 7.582548418090266e-05
0.0020000000000000018 0.021500000000000005 7.0598286073874527e-05
0.0024999999999999988 0.021500000000000005 6.4403574287999913e-05
0.0030000000000000027 0.021500000000000005 5.7565546343477168e-05
0.0034999999999999996 0.021500000000000005 5.0414113909097394e-05
0.0040000000000000036 0.021500000000000005 4.3259200940596187e-05
0.0045000000000000005 0.021500000000000005 3.6369865522506595e-05
0.0049999999999999975 0.021500000000000005 2.9959995561085613e-05
0.0055000000000000014 0.021500000000000005 2.4181244117554856e-05
0.0059999999999999984 0.021500000000000005 1.9122839741710031e-05
0.0064999999999999988 0.021500000000000005 1.4817091978413037e-05
0.0069999999999999993 0.021500000000000005 1.1248909310278084e-05
0.0074999999999999997 0.021500000000000005 8.3674803556656323e-06
0.0080000000000000002 0.021500000000000005 6.0983989882867317e-06
0.0085000000000000006 0.021500000000000005 4.3548561637445224e-06
0.0090000000000000011 0.021500000000000005 3.0469732619908546e-06
0.0095000000000000015 0.021500000000000005 2.088816639368556e-06
0.010000000000000002 0.021500000000000005 1.4030360850227181e-06
0.010500000000000002 0.021500000000000005 9.2336670525453568e-07
0.011000000000000003 0.021500000000000005 5.9541041598853979e-07
0.011500000000000003 0.021500000000000005 3.7617981823699844e-07
0.012000000000000004 0.021500000000000005 2.328688529741095e-07
0.012499999999999997 0.021500000000000005 1.4124209902091187e-07
0.013000000000000005 0.021500000000000005 8.3937063087828684e-08
0.013499999999999998 0.021500000000000005 4.8874263177074474e-08
0.014000000000000005 0.021500000000000005 2.7883258437974067e-08
0.014499999999999999 0.021500000000000005 1.5586323011546527e-08
0.014999999999999999 0.021500000000000005 8.5365161819599719e-09
0.0155 0.021500000000000005 4.5809390220317714e-09
0.016000000000000007 0.021500000000000005 2.4086028784090245e-09
0.016500000000000001 0.021500000000000005 1.2408312957228639e-09
0.017000000000000001 0.021500000000000005 6.2632121617096029e-10
0.017500000000000002 0.021500000000000005 3.0975502146237061e-10
0.017999999999999995 0.021500000000000005 1.500985286008449e-10
0.018500000000000003 0.021500000000000005 7.1264191382595516e-11
0.019000000000000003 0.021500000000000005 3.3151496343033287e-11
0.019500000000000003 0.021500000000000005 1.5110253731777721e-11
0.019999999999999997 0.021500000000000005 6.7480334349963887e-12
0.020499999999999997 0.021500000000000005 2.9527014799768507e-12
0.021000000000000005 0.021500000000000005 1.2658979746332314e-12
0.021500000000000005 0.021500000000000005 5.3175883661170393e-13
0.021999999999999999 0.021500000000000005 2.1886059396337188e-13
0.022499999999999999 0.021500000000000005 8.8258649697246125e-14
0.023000000000000007 0.021500000000000005 3.4872560086109532e-14
0.023500000000000007 0.021500000000000005 1.3500418489265021e-14
0.024 0.021500000000000005 5.1209139504414181e-15
0.024500000000000001 0.021500000000000005 1.9032006293745423e-15
0.025000000000000001 0.021500000000000005 6.9304033991330562e-16
-0.025000000000000001 0.021999999999999999 2.8524062035429786e-16
-0.024500000000000001 0.021999999999999999 7.833167810251818e-16
-0.024 0.021999999999999999 2.1076589454917015e-15
-0.0235 0.021999999999999999 5.5564842667057633e-15
-0.023 0.021999999999999999 1.4352801849238369e-14
-0.022500000000000003 0.021999999999999999 3.6325377530584084e-14
-0.022000000000000002 0.021999999999999999 9.0078351861929967e-14
-0.021500000000000002 0.021999999999999999 2.1886059396337188e-13
-0.021000000000000001 0.021999999999999999 5.2101660292214223e-13
-0.020500000000000001 0.021999999999999999 1.2152689437601961e-12
-0.02 0.021999999999999999 2.7773466165197449e-12
-0.0195 0.021999999999999999 6.2190581124070513e-12
-0.019 0.021999999999999999 1.3644448725370132e-11
-0.018500000000000003 0.021999999999999999 2.9330821004679056e-11
-0.018000000000000002 0.021999999999999999 6.1777352553140072e-11
-0.017500000000000002 0.021999999999999999 1.2748855931075994e-10
-0.017000000000000001 0.021999999999999999 2.5778045223747258e-10
-0.016500000000000001 0.021999999999999999 5.1069969259119245e-10
-0.016 0.021999999999999999 9.9132956576595886e-10
-0.0155 0.021999999999999999 1.8854167834054472e-09
-0.015000000000000001 0.021999999999999999 3.5134479642431339e-09
-0.014500000000000001 0.021999999999999999 6.4149980727126832e-09
-0.014 0.021999999999999999 1.1476154382791e-08
-0.0135 0.021999999999999999 2.0115604164877182e-08
-0.012999999999999999 0.021999999999999999 3.4546704667848676e-08
-0.012500000000000001 0.021999999999999999 5.813223505850749e-08
-0.012 0.021999999999999999 9.5843852454301013e-08
-0.0115 0.021999999999999999 1.5482758872609443e-07
-0.010999999999999999 0.021999999999999999 2.4505822625451791e-07
-0.010499999999999999 0.021999999999999999 3.8003803913385157e-07
-0.010000000000000002 0.021999999999999999 5.77459723803972e-07
-0.0095000000000000015 0.021999999999999999 8.5971237128044391e-07
-0.0090000000000000011 0.021999999999999999 1.2540691982835469e-06
-0.0085000000000000006 0.021999999999999999 1.7923659016091648e-06
-0.0080000000000000002 0.021999999999999999 2.5099709358975303e-06
-0.0074999999999999997 0.021999999999999999 3.4438764239193453e-06
-0.0069999999999999993 0.021999999999999999 4.6298111165857379e-06
-0.0064999999999999988 0.021999999999999999 6.098398988286819e-06
-0.0059999999999999984 0.021999999999999999 7.8705529198250741e-06
-0.0054999999999999979 0.021999999999999999 9.9524842578325783e-06
-0.005000000000000001 0.021999999999999999 1.2330895082853546e-05
-0.0044999999999999971 0.021999999999999999 1.4969060827166246e-05
-0.0040000000000000001 0.021999999999999999 1.7804564325751325e-05
-0.0035000000000000031 0.021999999999999999 2.0749373878931972e-05
-0.0029999999999999992 0.021999999999999999 2.3692750918513134e-05
-0.0025000000000000022 0.021999999999999999 2.6507137355440839e-05
-0.0019999999999999983 0.021999999999999999 2.9056748584334109e-05
-0.0015000000000000013 0.021999999999999999 3.1208151821481842e-05
-0.00099999999999999742 0.021999999999999999 3.2841722851206083e-05
-0.00050000000000000044 0.021999999999999999 3.3862628090846804e-05
0 0.021999999999999999 3.4209934067904767e-05
0.00050000000000000044 0.021999999999999999 3.3862628090846804e-05
0.0010000000000000009 0.021999999999999999 3.2841722851205968e-05
0.0015000000000000013 0.021999999999999999 3.1208151821481842e-05
0.0020000000000000018 0.021999999999999999 2.9056748584334109e-05
0.0024999999999999988 0.021999999999999999 2.6507137355440839e-05
0.0030000000000000027 0.021999999999999999 2.3692750918513134e-05
0.0034999999999999996 0.021999999999999999 2.0749373878931972e-05
0.0040000000000000036 0.021999999999999999 1.7804564325751199e-05
0.0045000000000000005 0.021999999999999999 1.4969060827166246e-05
0.0049999999999999975 0.021999999999999999 1.2330895082853546e-05
0.0055000000000000014 0.021999999999999999 9.9524842578325783e-06
0.0059999999999999984 0.021999999999999999 7.8705529198250741e-06
0.0064999999999999988 0.021999999999999999 6.098398988286819e-06
0.0069999999999999993 0.021999999999999999 4.6298111165857379e-06
0.0074999999999999997 0.021999999999999999 3.4438764239193453e-06
0.0080000000000000002 0.021999999999999999 2.5099709358975303e-06
0.0085000000000000006 0.021999999999999999 1.7923659016091648e-06
0.0090000000000000011 0.021999999999999999 1.2540691982835469e-06
0.0095000000000000015 0.021999999999999999 8.5971237128044391e-07
0.010000000000000002 0.021999999999999999 5.77459723803972e-07
0.010500000000000002 0.021999999999999999 3.8003803913385157e-07
0.011000000000000003 0.021999999999999999 2.4505822625451706e-07
0.011500000000000003 0.021999999999999999 1.5482758872609335e-07
0.012000000000000004 0.021999999999999999 9.5843852454300325e-08
0.012499999999999997 0.021999999999999999 5.8132235058507702e-08
0.013000000000000005 0.021999999999999999 3.4546704667848557e-08
0.013499999999999998 0.021999999999999999 2.0115604164877182e-08
0.014000000000000005 0.021999999999999999 1.1476154382790958e-08
0.014499999999999999 0.021999999999999999 6.4149980727127295e-09
0.014999999999999999 0.021999999999999999 3.5134479642431339e-09
0.0155 0.021999999999999999 1.8854167834054472e-09
0.016000000000000007 0.021999999999999999 9.9132956576594831e-10
0.016500000000000001 0.021999999999999999 5.1069969259119245e-10
0.017000000000000001 0.021999999999999999 2.5778045223747258e-10
0.017500000000000002 0.021999999999999999 1.2748855931075994e-10
0.017999999999999995 0.021999999999999999 6.1777352553140511e-11
0.018500000000000003 0.021999999999999999 2.9330821004679056e-11
0.019000000000000003 0.021999999999999999 1.3644448725370132e-11
0.019500000000000003 0.021999999999999999 6.2190581124070513e-12
0.019999999999999997 0.021999999999999999 2.7773466165197643e-12
0.020499999999999997 0.021999999999999999 1.2152689437601961e-12
0.021000000000000005 0.021999999999999999 5.2101660292214223e-13
0.021500000000000005 0.021999999999999999 2.1886059396337188e-13
0.021999999999999999 0.021999999999999999 9.0078351861930598e-14
0.022499999999999999 0.021999999999999999 3.6325377530584343e-14
0.023000000000000007 0.021999999999999999 1.4352801849238265e-14
0.023500000000000007 0.021999999999999999 5.5564842667056837e-15
0.024 0.021999999999999999 2.1076589454917015e-15
0.024500000000000001 0.021999999999999999 7.833167810251818e-16
0.025000000000000001 0.021999999999999999 2.8524062035429786e-16
-0.025000000000000001 0.022499999999999999 1.1502734016836562e-16
-0.024500000000000001 0.022499999999999999 3.1588364139250299e-16
-0.024 0.022499999999999999 8.4994346941483869e-16
-0.0235 0.022499999999999999 2.2407313695105558e-15
-0.023 0.022499999999999999 5.7879716382288863e-15
-0.022500000000000003 0.022499999999999999 1.4648725531324251e-14
-0.022000000000000002 0.022499999999999999 3.6325377530584084e-14
-0.021500000000000002 0.022499999999999999 8.8258649697246125e-14
-0.021000000000000001 0.022499999999999999 2.1010736108781053e-13
-0.020500000000000001 0.022499999999999999 4.9007449926423579e-13
-0.02 0.022499999999999999 1.120004554845865e-12
-0.0195 0.022499999999999999 2.5079237036230064e-12
-0.019 0.022499999999999999 5.502318158590114e-12
-0.018500000000000003 0.022499999999999999 1.1828071054297866e-11
-0.018000000000000002 0.022499999999999999 2.4912596733258274e-11
-0.017500000000000002 0.022499999999999999 5.1411576167512254e-11
-0.017000000000000001 0.022499999999999999 1.0395363651728225e-10
-0.016500000000000001 0.022499999999999999 2.0594692014973065e-10
-0.016 0.022499999999999999 3.9976775761699668e-10
-0.0155 0.022499999999999999 7.6032115424003215e-10
-0.015000000000000001 0.022499999999999999 1.4168479007122344e-09
-0.014500000000000001 0.022499999999999999 2.5869392815538669e-09
-0.014 0.022499999999999999 4.6279226022377455e-09
-0.0135 0.022499999999999999 8.1119036976271654e-09
-0.012999999999999999 0.022499999999999999 1.3931450382448229e-08
-0.012500000000000001 0.022499999999999999 2.3442651220280548e-08
-0.012 0.022499999999999999 3.8650397708480853e-08
-0.0115 0.022499999999999999 6.2436428912975264e-08
-0.010999999999999999 0.022499999999999999 9.8823217806151131e-08
-0.010499999999999999 0.022499999999999999 1.5325574860295039e-07
-0.010000000000000002 0.022499999999999999 2.3286885297411199e-07
-0.0095000000000000015 0.022499999999999999 3.4669125054978089e-07
-0.0090000000000000011 0.022499999999999999 5.0572125416938912e-07
-0.0085000000000000006 0.022499999999999999 7.2279706170351594e-07
-0.0080000000000000002 0.022499999999999999 1.0121815059074702e-06
-0.0074999999999999997 0.022499999999999999 1.3887921868208539e-06
-0.0069999999999999993 0.022499999999999999 1.8670372317985328e-06
-0.0064999999999999988 0.022499999999999999 2.4592661944037525e-06
-0.0059999999999999984 0.022499999999999999 3.1739124914863887e-06
-0.0054999999999999979 0.022499999999999999 4.0134809369858753e-06
-0.005000000000000001 0.022499999999999999 4.9726089556039286e-06
-0.0044999999999999971 0.022499999999999999 6.0364868426827916e-06
-0.0040000000000000001 0.022499999999999999 7.1799439880052308e-06
-0.0035000000000000031 0.022499999999999999 8.3674803556657204e-06
-0.0029999999999999992 0.022499999999999999 9.5544390418273217e-06
-0.0025000000000000022 0.022499999999999999 1.068938043146393e-05
-0.0019999999999999983 0.022499999999999999 1.1717547449747298e-05
-0.0015000000000000013 0.022499999999999999 1.258513142741269e-05
-0.00099999999999999742 0.022499999999999999 1.3243892196800533e-05
-0.00050000000000000044 0.022499999999999999 1.365558676587683e-05
0 0.022499999999999999 1.37956428445515e-05
0.00050000000000000044 0.022499999999999999 1.365558676587683e-05
0.0010000000000000009 0.022499999999999999 1.3243892196800533e-05
0.0015000000000000013 0.022499999999999999 1.258513142741269e-05
0.0020000000000000018 0.022499999999999999 1.1717547449747298e-05
0.0024999999999999988 0.022499999999999999 1.068938043146393e-05
0.0030000000000000027 0.022499999999999999 9.5544390418273217e-06
0.0034999999999999996 0.022499999999999999 8.3674803556657204e-06
0.0040000000000000036 0.022499999999999999 7.1799439880052054e-06
0.0045000000000000005 0.022499999999999999 6.0364868426827916e-06
0.0049999999999999975 0.022499999999999999 4.9726089556039642e-06
0.0055000000000000014 0.022499999999999999 4.0134809369858753e-06
0.0059999999999999984 0.022499999999999999 3.1739124914863887e-06
0.0064999999999999988 0.022499999999999999 2.4592661944037525e-06
0.0069999999999999993 0.022499999999999999 1.8670372317985328e-06
0.0074999999999999997 0.022499999999999999 1.3887921868208539e-06
0.0080000000000000002 0.022499999999999999 1.0121815059074702e-06
0.0085000000000000006 0.022499999999999999 7.2279706170351594e-07
0.0090000000000000011 0.022499999999999999 5.0572125416938912e-07
0.0095000000000000015 0.022499999999999999 3.4669125054978089e-07
0.010000000000000002 0.022499999999999999 2.3286885297411199e-07
0.010500000000000002 0.022499999999999999 1.5325574860294928e-07
0.011000000000000003 0.022499999999999999 9.8823217806151131e-08
0.011500000000000003 0.022499999999999999 6.2436428912975053e-08
0.012000000000000004 0.022499999999999999 3.8650397708480853e-08
0.012499999999999997 0.022499999999999999 2.3442651220280627e-08
0.013000000000000005 0.022499999999999999 1.3931450382448179e-08
0.013499999999999998 0.022499999999999999 8.1119036976272233e-09
0.014000000000000005 0.022499999999999999 4.6279226022376967e-09
0.014499999999999999 0.022499999999999999 2.586939281553876e-09
0.014999999999999999 0.022499999999999999 1.4168479007122446e-09
0.0155 0.022499999999999999 7.6032115424003215e-10
0.016000000000000007 0.022499999999999999 3.9976775761699104e-10
0.016500000000000001 0.022499999999999999 2.0594692014973065e-10
0.017000000000000001 0.022499999999999999 1.0395363651728225e-10
0.017500000000000002 0.022499999999999999 5.1411576167512254e-11
0.017999999999999995 0.022499999999999999 2.4912596733258452e-11
0.018500000000000003 0.022499999999999999 1.1828071054297866e-11
0.019000000000000003 0.022499999999999999 5.5023181585900744e-12
0.019500000000000003 0.022499999999999999 2.5079237036229887e-12
0.019999999999999997 0.022499999999999999 1.1200045548458729e-12
0.020499999999999997 0.022499999999999999 4.9007449926424276e-13
0.021000000000000005 0.022499999999999999 2.1010736108780753e-13
0.021500000000000005 0.022499999999999999 8.8258649697246125e-14
0.021999999999999999 0.022499999999999999 3.6325377530584343e-14
0.022499999999999999 0.022499999999999999 1.4648725531324251e-14
0.023000000000000007 0.022499999999999999 5.7879716382288445e-15
0.023500000000000007 0.022499999999999999 2.2407313695105238e-15
0.024 0.022499999999999999 8.4994346941483869e-16
0.024500000000000001 0.022499999999999999 3.1588364139250299e-16
0.025000000000000001 0.022499999999999999 1.1502734016836562e-16
-0.025000000000000001 0.023000000000000007 4.5449345138709904e-17
-0.024500000000000001 0.023000000000000007 1.2481123722678902e-16
-0.024 0.023000000000000007 3.358277608895933e-16
-0.0235 0.023000000000000007 8.8535276245593302e-16
-0.023 0.023000000000000007 2.2869303963204764e-15
-0.022500000000000003 0.023000000000000007 5.7879716382287625e-15
-0.022000000000000002 0.023000000000000007 1.4352801849238164e-14
-0.021500000000000002 0.023000000000000007 3.4872560086109532e-14
-0.021000000000000001 0.023000000000000007 8.3017150151313712e-14
-0.020500000000000001 0.023000000000000007 1.9363713903267837e-13
-0.02 0.023000000000000007 4.4253369238660793e-13
-0.0195 0.023000000000000007 9.9092519935414214e-13
-0.019 0.023000000000000007 2.1740636329303867e-12
-0.018500000000000003 0.023000000000000007 4.673480955789453e-12
-0.018000000000000002 0.023000000000000007 9.8434094500843745e-12
-0.017500000000000002 0.023000000000000007 2.0313626881594012e-11
-0.017000000000000001 0.023000000000000007 4.1073928142496865e-11
-0.016500000000000001 0.023000000000000007 8.1373286041727768e-11
-0.016 0.023000000000000007 1.5795534144029432e-10
-0.0155 0.023000000000000007 3.0041639235279265e-10
-0.015000000000000001 0.023000000000000007 5.5982177067011087e-10
-0.014500000000000001 0.023000000000000007 1.0221456576161372e-09
-0.014 0.023000000000000007 1.8285744181902577e-09
-0.0135 0.023000000000000007 3.205157229105716e-09
-0.012999999999999999 0.023000000000000007 5.5045634871494822e-09
-0.012500000000000001 0.023000000000000007 9.2626078697241547e-09
-0.012 0.023000000000000007 1.5271458616968616e-08
-0.0115 0.023000000000000007 2.4669742017339816e-08
-0.010999999999999999 0.023000000000000007 3.9046808586685331e-08
-0.010499999999999999 0.023000000000000007 6.0554068298473231e-08
-0.010000000000000002 0.023000000000000007 9.2010619869890022e-08
-0.0095000000000000015 0.023000000000000007 1.3698387078884669e-07
-0.0090000000000000011 0.023000000000000007 1.9981944980283226e-07
-0.0085000000000000006 0.023000000000000007 2.8558995691394157e-07
-0.0080000000000000002 0.023000000000000007 3.9993089067063204e-07
-0.0074999999999999997 0.023000000000000007 5.4873645980492116e-07
-0.0069999999999999993 0.023000000000000007 7.3769957134217577e-07
-0.0064999999999999988 0.023000000000000007 9.716997532396919e-07
-0.0059999999999999984 0.023000000000000007 1.2540691982835291e-06
-0.0054999999999999979 0.023000000000000007 1.5857976029499825e-06
-0.005000000000000001 0.023000000000000007 1.9647661184922447e-06
-0.0044999999999999971 0.023000000000000007 2.3851231675600049e-06
-0.0040000000000000001 0.023000000000000007 2.8369233949930342e-06
-0.0035000000000000031 0.023000000000000007 3.3061401060773045e-06
-0.0029999999999999992 0.023000000000000007 3.7751285649409731e-06
-0.0025000000000000022 0.023000000000000007 4.2235640660514111e-06
-0.0019999999999999983 0.023000000000000007 4.6298111165856718e-06
-0.0015000000000000013 0.023000000000000007 4.9726089556038939e-06
-0.00099999999999999742 0.023000000000000007 5.2328970360543924e-06
-0.00050000000000000044 0.023000000000000007 5.395564872538254e-06
0 0.023000000000000007 5.45090351680443e-06
0.00050000000000000044 0.023000000000000007 5.395564872538254e-06
0.0010000000000000009 0.023000000000000007 5.2328970360543924e-06
0.0015000000000000013 0.023000000000000007 4.9726089556038939e-06
0.0020000000000000018 0.023000000000000007 4.6298111165856718e-06
0.0024999999999999988 0.023000000000000007 4.2235640660514111e-06
0.0030000000000000027 0.023000000000000007 3.7751285649409731e-06
0.0034999999999999996 0.023000000000000007 3.3061401060773045e-06
0.0040000000000000036 0.023000000000000007 2.8369233949930244e-06
0.0045000000000000005 0.023000000000000007 2.3851231675600049e-06
0.0049999999999999975 0.023000000000000007 1.9647661184922447e-06
0.0055000000000000014 0.023000000000000007 1.5857976029499825e-06
0.0059999999999999984 0.023000000000000007 1.2540691982835291e-06
0.0064999999999999988 0.023000000000000007 9.716997532396919e-07
0.0069999999999999993 0.023000000000000007 7.3769957134217577e-07
0.0074999999999999997 0.023000000000000007 5.4873645980492116e-07
0.0080000000000000002 0.023000000000000007 3.9993089067063204e-07
0.0085000000000000006 0.023000000000000007 2.8558995691394157e-07
0.0090000000000000011 0.023000000000000007 1.9981944980283226e-07
0.0095000000000000015 0.023000000000000007 1.3698387078884669e-07
0.010000000000000002 0.023000000000000007 9.2010619869890022e-08
0.010500000000000002 0.023000000000000007 6.0554068298473231e-08
0.011000000000000003 0.023000000000000007 3.9046808586685185e-08
0.011500000000000003 0.023000000000000007 2.4669742017339726e-08
0.012000000000000004 0.023000000000000007 1.527145861696856e-08
0.012499999999999997 0.023000000000000007 9.2626078697241877e-09
0.013000000000000005 0.023000000000000007 5.5045634871494623e-09
0.013499999999999998 0.023000000000000007 3.205157229105716e-09
0.014000000000000005 0.023000000000000007 1.8285744181902511e-09
0.014499999999999999 0.023000000000000007 1.0221456576161407e-09
0.014999999999999999 0.023000000000000007 5.5982177067011087e-10
0.0155 0.023000000000000007 3.0041639235279265e-10
0.016000000000000007 0.023000000000000007 1.579553414402932e-10
0.016500000000000001 0.023000000000000007 8.1373286041727768e-11
0.017000000000000001 0.023000000000000007 4.1073928142496865e-11
0.017500000000000002 0.023000000000000007 2.0313626881594012e-11
0.017999999999999995 0.023000000000000007 9.8434094500845167e-12
0.018500000000000003 0.023000000000000007 4.673480955789453e-12
0.019000000000000003 0.023000000000000007 2.174063632930371e-12
0.019500000000000003 0.023000000000000007 9.9092519935414214e-13
0.019999999999999997 0.023000000000000007 4.4253369238661106e-13
0.020499999999999997 0.023000000000000007 1.9363713903267837e-13
0.021000000000000005 0.023000000000000007 8.3017150151313712e-14
0.021500000000000005 0.023000000000000007 3.4872560086109532e-14
0.021999999999999999 0.023000000000000007 1.4352801849238265e-14
0.022499999999999999 0.023000000000000007 5.7879716382288445e-15
0.023000000000000007 0.023000000000000007 2.2869303963204603e-15
0.023500000000000007 0.023000000000000007 8.853527624559205e-16
0.024 0.023000000000000007 3.358277608895933e-16
0.024500000000000001 0.023000000000000007 1.2481123722678902e-16
0.025000000000000001 0.023000000000000007 4.5449345138709904e-17
-0.025000000000000001 0.023500000000000007 1.7595071251452039e-17
-0.024500000000000001 0.023500000000000007 4.8318905482244583e-17
-0.024 0.023500000000000007 1.3001096854166104e-16
-0.0235 0.023500000000000007 3.4275180182549673e-16
-0.023 0.023500000000000007 8.8535276245593302e-16
-0.022500000000000003 0.023500000000000007 2.2407313695105238e-15
-0.022000000000000002 0.023500000000000007 5.5564842667056048e-15
-0.021500000000000002 0.023500000000000007 1.3500418489265116e-14
-0.021000000000000001 0.023500000000000007 3.2138915699376098e-14
-0.020500000000000001 0.023500000000000007 7.4963880069317143e-14
-0.02 0.023500000000000007 1.7132066094564271e-13
-0.0195 0.023500000000000007 3.8362267782479449e-13
-0.019 0.023500000000000007 8.4165799110755015e-13
-0.018500000000000003 0.023500000000000007 1.8092720623026591e-12
-0.018000000000000002 0.023500000000000007 3.8107367686566828e-12
-0.017500000000000002 0.023500000000000007 7.8641333833572253e-12
-0.017000000000000001 0.023500000000000007 1.5901190436046777e-11
-0.016500000000000001 0.023500000000000007 3.1502516955948787e-11
-0.016 0.023500000000000007 6.1150176723278587e-11
-0.0155 0.023500000000000007 1.1630195798023601e-10
-0.015000000000000001 0.023500000000000007 2.1672708183126391e-10
-0.014500000000000001 0.023500000000000007 3.9570923673881877e-10
-0.014 0.023500000000000007 7.0790672733448678e-10
-0.0135 0.023500000000000007 1.2408312957228595e-09
-0.012999999999999999 0.023500000000000007 2.1310139116183668e-09
-0.012500000000000001 0.023500000000000007 3.5858876501885116e-09
-0.012 0.023500000000000007 5.9121292432067007e-09
-0.0115 0.023500000000000007 9.5505417564383993e-09
-0.010999999999999999 0.023500000000000007 1.5116419766395602e-08
-0.010499999999999999 0.023500000000000007 2.3442651220280214e-08
-0.010000000000000002 0.023500000000000007 3.5620610320347516e-08
-0.0095000000000000015 0.023500000000000007 5.3031368427277781e-08
-0.0090000000000000011 0.023500000000000007 7.7357274257231198e-08
-0.0085000000000000006 0.023500000000000007 1.105621131671712e-07
-0.0080000000000000002 0.023500000000000007 1.5482758872609168e-07
-0.0074999999999999997 0.023500000000000007 2.1243556049201841e-07
-0.0069999999999999993 0.023500000000000007 2.8558995691394157e-07
-0.0064999999999999988 0.023500000000000007 3.7617981823699844e-07
-0.0059999999999999984 0.023500000000000007 4.8549515577632216e-07
-0.0054999999999999979 0.023500000000000007 6.1391911652697589e-07
-0.005000000000000001 0.023500000000000007 7.6063141816020232e-07
-0.0044999999999999971 0.023500000000000007 9.2336670525453568e-07
-0.0040000000000000001 0.023500000000000007 1.0982747742012899e-06
-0.0035000000000000031 0.023500000000000007 1.2799253884995309e-06
-0.0029999999999999992 0.023500000000000007 1.4614876381783891e-06
-0.0025000000000000022 0.023500000000000007 1.6350931009114081e-06
-0.0019999999999999983 0.023500000000000007 1.7923659016091391e-06
-0.0015000000000000013 0.023500000000000007 1.9250752373313867e-06
-0.00099999999999999742 0.023500000000000007 2.0258420868305922e-06
-0.00050000000000000044 0.023500000000000007 2.0888166393685484e-06
0 0.023500000000000007 2.1102402129283018e-06
0.00050000000000000044 0.023500000000000007 2.0888166393685484e-06
0.0010000000000000009 0.023500000000000007 2.0258420868305922e-06
0.0015000000000000013 0.023500000000000007 1.9250752373313867e-06
0.0020000000000000018 0.023500000000000007 1.7923659016091391e-06
0.0024999999999999988 0.023500000000000007 1.6350931009114081e-06
0.0030000000000000027 0.023500000000000007 1.4614876381783891e-06
0.0034999999999999996 0.023500000000000007 1.2799253884995309e-06
0.0040000000000000036 0.023500000000000007 1.0982747742012861e-06
0.0045000000000000005 0.023500000000000007 9.2336670525453568e-07
0.0049999999999999975 0.023500000000000007 7.6063141816020232e-07
0.0055000000000000014 0.023500000000000007 6.1391911652697589e-07
0.0059999999999999984 0.023500000000000007 4.8549515577632216e-07
0.0064999999999999988 0.023500000000000007 3.7617981823699844e-07
0.0069999999999999993 0.023500000000000007 2.8558995691394157e-07
0.0074999999999999997 0.023500000000000007 2.1243556049201841e-07
0.0080000000000000002 0.023500000000000007 1.5482758872609168e-07
0.0085000000000000006 0.023500000000000007 1.105621131671712e-07
0.0090000000000000011 0.023500000000000007 7.7357274257231198e-08
0.0095000000000000015 0.023500000000000007 5.3031368427277781e-08
0.010000000000000002 0.023500000000000007 3.5620610320347516e-08
0.010500000000000002 0.023500000000000007 2.3442651220280214e-08
0.011000000000000003 0.023500000000000007 1.5116419766395545e-08
0.011500000000000003 0.023500000000000007 9.5505417564383662e-09
0.012000000000000004 0.023500000000000007 5.9121292432066792e-09
0.012499999999999997 0.023500000000000007 3.5858876501885248e-09
0.013000000000000005 0.023500000000000007 2.1310139116183589e-09
0.013499999999999998 0.023500000000000007 1.2408312957228595e-09
0.014000000000000005 0.023500000000000007 7.0790672733448172e-10
0.014499999999999999 0.023500000000000007 3.9570923673882017e-10
0.014999999999999999 0.023500000000000007 2.1672708183126391e-10
0.0155 0.023500000000000007 1.1630195798023601e-10
0.016000000000000007 0.023500000000000007 6.1150176723277721e-11
0.016500000000000001 0.023500000000000007 3.1502516955948787e-11
0.017000000000000001 0.023500000000000007 1.5901190436046777e-11
0.017500000000000002 0.023500000000000007 7.8641333833572253e-12
0.017999999999999995 0.023500000000000007 3.8107367686567095e-12
0.018500000000000003 0.023500000000000007 1.8092720623026591e-12
0.019000000000000003 0.023500000000000007 8.4165799110754409e-13
0.019500000000000003 0.023500000000000007 3.8362267782479449e-13
0.019999999999999997 0.023500000000000007 1.7132066094564513e-13
0.020499999999999997 0.023500000000000007 7.4963880069317686e-14
0.021000000000000005 0.023500000000000007 3.2138915699375871e-14
0.021500000000000005 0.023500000000000007 1.3500418489265021e-14
0.021999999999999999 0.023500000000000007 5.5564842667056837e-15
0.022499999999999999 0.023500000000000007 2.2407313695105238e-15
0.023000000000000007 0.023500000000000007 8.853527624559205e-16
0.023500000000000007 0.023500000000000007 3.4275180182549426e-16
0.024 0.023500000000000007 1.3001096854166104e-16
0.024500000000000001 0.023500000000000007 4.8318905482244583e-17
0.025000000000000001 0.023500000000000007 1.7595071251452039e-17
-0.025000000000000001 0.024 6.6740779852281086e-18
-0.024500000000000001 0.024 1.8328095336513682e-17
-0.024 0.024 4.9315136641488895e-17
-0.0235 0.024 1.300109685416638e-16
-0.023 0.024 3.3582776088959567e-16
-0.022500000000000003 0.024 8.4994346941483257e-16
-0.022000000000000002 0.024 2.107658945491687e-15
-0.021500000000000002 0.024 5.1209139504414181e-15
-0.021000000000000001 0.024 1.2190779262721549e-14
-0.020500000000000001 0.024 2.8434939222915689e-14
-0.02 0.024 6.4984530911614878e-14
-0.0195 0.024 1.4551391307912111e-13
-0.019 0.024 3.1925366992069935e-13
-0.018500000000000003 0.024 6.8628439565460769e-13
-0.018000000000000002 0.024 1.4454703826841374e-12
-0.017500000000000002 0.024 2.982985333601924e-12
-0.017000000000000001 0.024 6.0315632435635777e-12
-0.016500000000000001 0.024 1.194938354555524e-11
-0.016 0.024 2.319519156411269e-11
-0.0155 0.024 4.4115100547306192e-11
-0.015000000000000001 0.024 8.2207876568468614e-11
-0.014500000000000001 0.024 1.500985286008449e-10
-0.014 0.024 2.6851978244237527e-10
-0.0135 0.024 4.7066617212377804e-10
-0.012999999999999999 0.024 8.0832596984075075e-10
-0.012500000000000001 0.024 1.3601816941576542e-09
-0.012 0.024 2.2425604911746606e-09
-0.0115 0.024 3.6226656643057091e-09
-0.010999999999999999 0.024 5.7338877994053482e-09
-0.010499999999999999 0.024 8.8921539554289896e-09
-0.010000000000000002 0.024 1.3511438957077385e-08
-0.0095000000000000015 0.024 2.011560416487711e-08
-0.0090000000000000011 0.024 2.9342790019951463e-08
-0.0085000000000000006 0.024 4.1937890159349363e-08
-0.0080000000000000002 0.024 5.8728457910478089e-08
-0.0074999999999999997 0.024 8.0580037289838991e-08
-0.0069999999999999993 0.024 1.0832861185965917e-07
-0.0064999999999999988 0.024 1.4269072329988369e-07
-0.0059999999999999984 0.024 1.8415569251157563e-07
-0.0054999999999999979 0.024 2.3286885297411199e-07
-0.005000000000000001 0.024 2.8851905913122898e-07
-0.0044999999999999971 0.024 3.5024702723629823e-07
-0.0040000000000000001 0.024 4.1659231653428772e-07
-0.0035000000000000031 0.024 4.8549515577632904e-07
-0.0029999999999999992 0.024 5.5436447697502146e-07
-0.0025000000000000022 0.024 6.2021566793545608e-07
-0.0019999999999999983 0.024 6.7987163191601028e-07
-0.0015000000000000013 0.024 7.3021030024649305e-07
-0.00099999999999999742 0.024 7.6843269800052267e-07
-0.00050000000000000044 0.024 7.9231990304315538e-07
0 0.024 8.0044619015030573e-07
0.00050000000000000044 0.024 7.9231990304315538e-07
0.0010000000000000009 0.024 7.6843269800052267e-07
0.0015000000000000013 0.024 7.3021030024649305e-07
0.0020000000000000018 0.024 6.7987163191601028e-07
0.0024999999999999988 0.024 6.2021566793545608e-07
0.0030000000000000027 0.024 5.5436447697502146e-07
0.0034999999999999996 0.024 4.8549515577632904e-07
0.0040000000000000036 0.024 4.1659231653428481e-07
0.0045000000000000005 0.024 3.5024702723629823e-07
0.0049999999999999975 0.024 2.8851905913122898e-07
0.0055000000000000014 0.024 2.3286885297411199e-07
0.0059999999999999984 0.024 1.8415569251157563e-07
0.0064999999999999988 0.024 1.4269072329988369e-07
0.0069999999999999993 0.024 1.0832861185965917e-07
0.0074999999999999997 0.024 8.0580037289838991e-08
0.0080000000000000002 0.024 5.8728457910478089e-08
0.0085000000000000006 0.024 4.1937890159349363e-08
0.0090000000000000011 0.024 2.9342790019951463e-08
0.0095000000000000015 0.024 2.011560416487711e-08
0.010000000000000002 0.024 1.3511438957077385e-08
0.010500000000000002 0.024 8.8921539554289896e-09
0.011000000000000003 0.024 5.7338877994053283e-09
0.011500000000000003 0.024 3.6226656643056831e-09
0.012000000000000004 0.024 2.2425604911746449e-09
0.012499999999999997 0.024 1.3601816941576592e-09
0.013000000000000005 0.024 8.0832596984074796e-10
0.013499999999999998 0.024 4.7066617212377804e-10
0.014000000000000005 0.024 2.6851978244237429e-10
0.014499999999999999 0.024 1.5009852860084596e-10
0.014999999999999999 0.024 8.2207876568468614e-11
0.0155 0.024 4.4115100547306192e-11
0.016000000000000007 0.024 2.3195191564112525e-11
0.016500000000000001 0.024 1.194938354555524e-11
0.017000000000000001 0.024 6.0315632435635777e-12
0.017500000000000002 0.024 2.982985333601924e-12
0.017999999999999995 0.024 1.4454703826841481e-12
0.018500000000000003 0.024 6.8628439565460769e-13
0.019000000000000003 0.024 3.1925366992069712e-13
0.019500000000000003 0.024 1.4551391307912111e-13
0.019999999999999997 0.024 6.49845309116158e-14
0.020499999999999997 0.024 2.8434939222916093e-14
0.021000000000000005 0.024 1.2190779262721549e-14
0.021500000000000005 0.024 5.1209139504414181e-15
0.021999999999999999 0.024 2.1076589454917015e-15
0.022499999999999999 0.024 8.4994346941483869e-16
0.023000000000000007 0.024 3.358277608895933e-16
0.023500000000000007 0.024 1.3001096854166104e-16
0.024 0.024 4.9315136641488895e-17
0.024500000000000001 0.024 1.8328095336513682e-17
0.025000000000000001 0.024 6.6740779852281086e-18
-0.025000000000000001 0.024500000000000001 2.4804379735547195e-18
-0.024500000000000001 0.024500000000000001 6.811683015427968e-18
-0.024 0.024500000000000001 1.8328095336513682e-17
-0.0235 0.024500000000000001 4.8318905482244922e-17
-0.023 0.024500000000000001 1.2481123722679082e-16
-0.022500000000000003 0.024500000000000001 3.1588364139250077e-16
-0.022000000000000002 0.024500000000000001 7.833167810251818e-16
-0.021500000000000002 0.024500000000000001 1.9032006293745557e-15
-0.021000000000000001 0.024500000000000001 4.5307339646623015e-15
-0.020500000000000001 0.024500000000000001 1.0567917123586093e-14
-0.02 0.024500000000000001 2.4151665372142333e-14
-0.0195 0.024500000000000001 5.4080614053486976e-14
-0.019 0.024500000000000001 1.1865143437351391e-13
-0.018500000000000003 0.024500000000000001 2.5505933245122947e-13
-0.018000000000000002 0.024500000000000001 5.372127258317972e-13
-0.017500000000000002 0.024500000000000001 1.1086340483883428e-12
-0.017000000000000001 0.024500000000000001 2.2416457437784549e-12
-0.016500000000000001 0.024500000000000001 4.4410186354680591e-12
-0.016 0.024500000000000001 8.6205516457619242e-12
-0.0155 0.024500000000000001 1.6395488762180372e-11
-0.015000000000000001 0.024500000000000001 3.0552765373292148e-11
-0.014500000000000001 0.024500000000000001 5.5784498014597275e-11
-0.014 0.024500000000000001 9.979605669800322e-11
-0.0135 0.024500000000000001 1.7492427400270467e-10
-0.012999999999999999 0.024500000000000001 3.0041639235279586e-10
-0.012500000000000001 0.024500000000000001 5.0551496889758223e-10
-0.012 0.024500000000000001 8.3345328187875752e-10
-0.0115 0.024500000000000001 1.3463728621579172e-09
-0.010999999999999999 0.024500000000000001 2.1310139116183895e-09
-0.010499999999999999 0.024500000000000001 3.3047915212496597e-09
-0.010000000000000002 0.024500000000000001 5.0215604823137014e-09
-0.0095000000000000015 0.024500000000000001 7.4760151952061923e-09
-0.0090000000000000011 0.024500000000000001 1.0905322169837134e-08
-0.0085000000000000006 0.024500000000000001 1.5586323011546527e-08
-0.0080000000000000002 0.024500000000000001 2.1826580008786193e-08
-0.0074999999999999997 0.024500000000000001 2.9947774785754261e-08
-0.0069999999999999993 0.024500000000000001 4.0260602749008026e-08
-0.0064999999999999988 0.024500000000000001 5.3031368427278529e-08
-0.0059999999999999984 0.024500000000000001 6.8441929171789034e-08
-0.0054999999999999979 0.024500000000000001 8.6546298537950977e-08
-0.005000000000000001 0.024500000000000001 1.0722883849235056e-07
-0.0044999999999999971 0.024500000000000001 1.3017019405593223e-07
-0.0040000000000000001 0.024500000000000001 1.5482758872609335e-07
-0.0035000000000000031 0.024500000000000001 1.8043550330545192e-07
-0.0029999999999999992 0.024500000000000001 2.0603096081917399e-07
-0.0025000000000000022 0.024500000000000001 2.305047225917498e-07
-0.0019999999999999983 0.024500000000000001 2.5267601257875394e-07
-0.0015000000000000013 0.024500000000000001 2.7138450605777408e-07
-0.00099999999999999742 0.024500000000000001 2.8558995691394464e-07
-0.00050000000000000044 0.024500000000000001 2.9446769712030348e-07
0 0.024500000000000001 2.9748785228918185e-07
0.00050000000000000044 0.024500000000000001 2.9446769712030348e-07
0.0010000000000000009 0.024500000000000001 2.8558995691394464e-07
0.0015000000000000013 0.024500000000000001 2.7138450605777408e-07
0.0020000000000000018 0.024500000000000001 2.5267601257875394e-07
0.0024999999999999988 0.024500000000000001 2.305047225917498e-07
0.0030000000000000027 0.024500000000000001 2.0603096081917399e-07
0.0034999999999999996 0.024500000000000001 1.8043550330545192e-07
0.0040000000000000036 0.024500000000000001 1.5482758872609279e-07
0.0045000000000000005 0.024500000000000001 1.3017019405593223e-07
0.0049999999999999975 0.024500000000000001 1.0722883849235096e-07
0.0055000000000000014 0.024500000000000001 8.6546298537950977e-08
0.0059999999999999984 0.024500000000000001 6.8441929171789034e-08
0.0064999999999999988 0.024500000000000001 5.3031368427278529e-08
0.0069999999999999993 0.024500000000000001 4.0260602749008026e-08
0.0074999999999999997 0.024500000000000001 2.9947774785754261e-08
0.0080000000000000002 0.024500000000000001 2.1826580008786193e-08
0.0085000000000000006 0.024500000000000001 1.5586323011546527e-08
0.0090000000000000011 0.024500000000000001 1.0905322169837134e-08
0.0095000000000000015 0.024500000000000001 7.4760151952061923e-09
0.010000000000000002 0.024500000000000001 5.0215604823137014e-09
0.010500000000000002 0.024500000000000001 3.3047915212496477e-09
0.011000000000000003 0.024500000000000001 2.1310139116183895e-09
0.011500000000000003 0.024500000000000001 1.3463728621579075e-09
0.012000000000000004 0.024500000000000001 8.3345328187875752e-10
0.012499999999999997 0.024500000000000001 5.0551496889758575e-10
0.013000000000000005 0.024500000000000001 3.0041639235279374e-10
0.013499999999999998 0.024500000000000001 1.7492427400270529e-10
0.014000000000000005 0.024500000000000001 9.9796056698002497e-11
0.014499999999999999 0.024500000000000001 5.5784498014597675e-11
0.014999999999999999 0.024500000000000001 3.0552765373292148e-11
0.0155 0.024500000000000001 1.6395488762180372e-11
0.016000000000000007 0.024500000000000001 8.620551645761803e-12
0.016500000000000001 0.024500000000000001 4.4410186354680591e-12
0.017000000000000001 0.024500000000000001 2.2416457437784549e-12
0.017500000000000002 0.024500000000000001 1.1086340483883428e-12
0.017999999999999995 0.024500000000000001 5.3721272583180488e-13
0.018500000000000003 0.024500000000000001 2.5505933245122947e-13
0.019000000000000003 0.024500000000000001 1.1865143437351305e-13
0.019500000000000003 0.024500000000000001 5.4080614053486207e-14
0.019999999999999997 0.024500000000000001 2.41516653721425e-14
0.020499999999999997 0.024500000000000001 1.0567917123586168e-14
0.021000000000000005 0.024500000000000001 4.5307339646622699e-15
0.021500000000000005 0.024500000000000001 1.9032006293745423e-15
0.021999999999999999 0.024500000000000001 7.833167810251818e-16
0.022499999999999999 0.024500000000000001 3.1588364139250299e-16
0.023000000000000007 0.024500000000000001 1.2481123722678902e-16
0.023500000000000007 0.024500000000000001 4.8318905482244583e-17
0.024 0.024500000000000001 1.8328095336513682e-17
0.024500000000000001 0.024500000000000001 6.811683015427968e-18
0.025000000000000001 0.024500000000000001 2.4804379735547195e-18
-0.025000000000000001 0.025000000000000001 9.0323823447408739e-19
-0.024500000000000001 0.025000000000000001 2.4804379735547195e-18
-0.024 0.025000000000000001 6.6740779852281086e-18
-0.0235 0.025000000000000001 1.7595071251452162e-17
-0.023 0.025000000000000001 4.5449345138710872e-17
-0.022500000000000003 0.025000000000000001 1.15027340168364e-16
-0.022000000000000002 0.025000000000000001 2.8524062035429786e-16
-0.021500000000000002 0.025000000000000001 6.9304033991331055e-16
-0.021000000000000001 0.025000000000000001 1.6498425643954455e-15
-0.020500000000000001 0.025000000000000001 3.8482505535491626e-15
-0.02 0.025000000000000001 8.7946998969218118e-15
-0.0195 0.025000000000000001 1.9693166641430694e-14
-0.019 0.025000000000000001 4.3206285843045602e-14
-0.018500000000000003 0.025000000000000001 9.2878493066783252e-14
-0.018000000000000002 0.025000000000000001 1.9562314365069132e-13
-0.017500000000000002 0.025000000000000001 4.037031650136751e-13
-0.017000000000000001 0.025000000000000001 8.162833199272191e-13
-0.016500000000000001 0.025000000000000001 1.6171732066406376e-12
-0.016 0.025000000000000001 3.1391278200567026e-12
-0.0155 0.025000000000000001 5.9703296275813321e-12
-0.015000000000000001 0.025000000000000001 1.1125626259674116e-11
-0.014500000000000001 0.025000000000000001 2.0313626881594157e-11
-0.014 0.025000000000000001 3.6340200811472478e-11
-0.0135 0.025000000000000001 6.3697739714263354e-11
-0.012999999999999999 0.025000000000000001 1.0939502407590728e-10
-0.012500000000000001 0.025000000000000001 1.8408057483208055e-10
-0.012 0.025000000000000001 3.0349755924835786e-10
-0.0115 0.025000000000000001 4.9027448375036308e-10
-0.010999999999999999 0.025000000000000001 7.7599732937947785e-10
-0.010499999999999999 0.025000000000000001 1.2034221741415439e-09
-0.010000000000000002 0.025000000000000001 1.8285744181902641e-09
-0.0095000000000000015 0.025000000000000001 2.7223509871292104e-09
-0.0090000000000000011 0.025000000000000001 3.971114798302569e-09
-0.0085000000000000006 0.025000000000000001 5.6756762430614784e-09
-0.0080000000000000002 0.025000000000000001 7.94803248536401e-09
-0.0074999999999999997 0.025000000000000001 1.0905322169837134e-08
-0.0069999999999999993 0.025000000000000001 1.4660683368656002e-08
-0.0064999999999999988 0.025000000000000001 1.9311089453026819e-08
-0.0059999999999999984 0.025000000000000001 2.4922762805688552e-08
-0.0054999999999999979 0.025000000000000001 3.1515372174236451e-08
-0.005000000000000001 0.025000000000000001 3.9046808586685602e-08
-0.0044999999999999971 0.025000000000000001 4.7400780633805861e-08
-0.0040000000000000001 0.025000000000000001 5.6379639152364042e-08
-0.0035000000000000031 0.025000000000000001 6.5704624416992643e-08
-0.0029999999999999992 0.025000000000000001 7.5025073507730923e-08
-0.0025000000000000022 0.025000000000000001 8.3937063087829584e-08
-0.0019999999999999983 0.025000000000000001 9.2010619869890671e-08
-0.0015000000000000013 0.025000000000000001 9.8823217806150774e-08
-0.00099999999999999742 0.025000000000000001 1.0399605683217483e-07
-0.00050000000000000044 0.025000000000000001 1.0722883849235056e-07
0 0.025000000000000001 1.0832861185965878e-07
0.00050000000000000044 0.025000000000000001 1.0722883849235056e-07
0.0010000000000000009 0.025000000000000001 1.0399605683217483e-07
0.0015000000000000013 0.025000000000000001 9.8823217806150774e-08
0.0020000000000000018 0.025000000000000001 9.2010619869890671e-08
0.0024999999999999988 0.025000000000000001 8.3937063087829584e-08
0.0030000000000000027 0.025000000000000001 7.5025073507730923e-08
0.0034999999999999996 0.025000000000000001 6.5704624416992643e-08
0.0040000000000000036 0.025000000000000001 5.6379639152363843e-08
0.0045000000000000005 0.025000000000000001 4.7400780633805861e-08
0.0049999999999999975 0.025000000000000001 3.9046808586685741e-08
0.0055000000000000014 0.025000000000000001 3.1515372174236451e-08
0.0059999999999999984 0.025000000000000001 2.4922762805688552e-08
0.0064999999999999988 0.025000000000000001 1.9311089453026819e-08
0.0069999999999999993 0.025000000000000001 1.4660683368656002e-08
0.0074999999999999997 0.025000000000000001 1.0905322169837134e-08
0.0080000000000000002 0.025000000000000001 7.94803248536401e-09
0.0085000000000000006 0.025000000000000001 5.6756762430614784e-09
0.0090000000000000011 0.025000000000000001 3.971114798302569e-09
0.0095000000000000015 0.025000000000000001 2.7223509871292104e-09
0.010000000000000002 0.025000000000000001 1.8285744181902641e-09
0.010500000000000002 0.025000000000000001 1.2034221741415398e-09
0.011000000000000003 0.025000000000000001 7.7599732937947785e-10
0.011500000000000003 0.025000000000000001 4.9027448375035956e-10
0.012000000000000004 0.025000000000000001 3.0349755924835786e-10
0.012499999999999997 0.025000000000000001 1.8408057483208185e-10
0.013000000000000005 0.025000000000000001 1.093950240759065e-10
0.013499999999999998 0.025000000000000001 6.3697739714263807e-11
0.014000000000000005 0.025000000000000001 3.6340200811471955e-11
0.014499999999999999 0.025000000000000001 2.0313626881594157e-11
0.014999999999999999 0.025000000000000001 1.1125626259674194e-11
0.0155 0.025000000000000001 5.9703296275813321e-12
0.016000000000000007 0.025000000000000001 3.1391278200566577e-12
0.016500000000000001 0.025000000000000001 1.6171732066406376e-12
0.017000000000000001 0.025000000000000001 8.162833199272191e-13
0.017500000000000002 0.025000000000000001 4.037031650136751e-13
0.017999999999999995 0.025000000000000001 1.9562314365069269e-13
0.018500000000000003 0.025000000000000001 9.2878493066783252e-14
0.019000000000000003 0.025000000000000001 4.3206285843045293e-14
0.019500000000000003 0.025000000000000001 1.9693166641430555e-14
0.019999999999999997 0.025000000000000001 8.7946998969219365e-15
0.020499999999999997 0.025000000000000001 3.848250553549217e-15
0.021000000000000005 0.025000000000000001 1.6498425643954221e-15
0.021500000000000005 0.025000000000000001 6.9304033991330562e-16
0.021999999999999999 0.025000000000000001 2.8524062035429786e-16
0.022499999999999999 0.025000000000000001 1.1502734016836562e-16
0.023000000000000007 0.025000000000000001 4.5449345138709904e-17
0.023500000000000007 0.025000000000000001 1.7595071251452039e-17
0.024 0.025000000000000001 6.6740779852281086e-18
0.024500000000000001 0.025000000000000001 2.4804379735547195e-18
0.025000000000000001 0.025000000000000001 9.0323823447408739e-19
