% x(m) y(m) incident_basis(1/m^2)
-0.025000000000000001 -0.025000000000000001 3.8629343829457605e-12
-0.024500000000000001 -0.025000000000000001 9.3735664558280896e-12
-0.024 -0.025000000000000001 2.2289142455147121e-11
-0.0235 -0.025000000000000001 5.1936852410098139e-11
-0.023 -0.025000000000000001 1.1858923939500747e-10
-0.022500000000000003 -0.025000000000000001 2.6533631327299253e-10
-0.022000000000000002 -0.025000000000000001 5.8173456123275043e-10
-0.021500000000000002 -0.025000000000000001 1.2497565666757671e-09
-0.021000000000000001 -0.025000000000000001 2.6308405761151434e-09
-0.020500000000000001 -0.025000000000000001 5.4266127434645248e-09
-0.02 -0.025000000000000001 1.0967949224939798e-08
-0.0195 -0.025000000000000001 2.1721102597613434e-08
-0.019 -0.025000000000000001 4.2149854011620184e-08
-0.018500000000000003 -0.025000000000000001 8.0143145767960319e-08
-0.018000000000000002 -0.025000000000000001 1.4931090295280949e-07
-0.017500000000000002 -0.025000000000000001 2.7256532913622376e-07
-0.017000000000000001 -0.025000000000000001 4.875320965138707e-07
-0.016500000000000001 -0.025000000000000001 8.5445531109479784e-07
-0.016 -0.025000000000000001 1.4673360903348842e-06
-0.0155 -0.025000000000000001 2.4690230140320554e-06
-0.015000000000000001 -0.025000000000000001 4.0707825019242434e-06
-0.014500000000000001 -0.025000000000000001 6.576437728270654e-06
-0.014 -0.025000000000000001 1.0410402319759422e-05
-0.0135 -0.025000000000000001 1.6147809368297423e-05
-0.012999999999999999 -0.025000000000000001 2.4543474462769033e-05
-0.012500000000000001 -0.025000000000000001 3.6554764849188923e-05
-0.012 -0.025000000000000001 5.3351838534058377e-05
-0.0115 -0.025000000000000001 7.6307566071732077e-05
-0.010999999999999999 -0.025000000000000001 0.00010695925403276137
-0.010499999999999999 -0.025000000000000001 0.00014693556993689987
-0.010000000000000002 -0.025000000000000001 0.00019784522511851266
-0.0095000000000000015 -0.025000000000000001 0.0002611291260017794
-0.0090000000000000011 -0.025000000000000001 0.000337884538727529
-0.0085000000000000006 -0.025000000000000001 0.00042867747140632194
-0.0080000000000000002 -0.025000000000000001 0.00053336658155930404
-0.0074999999999999997 -0.025000000000000001 0.00065096672597754837
-0.0069999999999999993 -0.025000000000000001 0.0007795810229527339
-0.0064999999999999988 -0.025000000000000001 0.00091642565376772193
-0.0059999999999999984 -0.025000000000000001 0.0010579611511610406
-0.0054999999999999979 -0.025000000000000001 0.0012001284298978172
-0.005000000000000001 -0.025000000000000001 0.0013386695112206416
-0.0044999999999999971 -0.025000000000000001 0.0014694951318287436
-0.0040000000000000001 -0.025000000000000001 0.0015890481193379057
-0.0035000000000000031 -0.025000000000000001 0.0016946061597607096
-0.0029999999999999992 -0.025000000000000001 0.0017844727166896667
-0.0025000000000000022 -0.025000000000000001 0.0018580206801945198
-0.0019999999999999983 -0.025000000000000001 0.0019155777057284701
-0.0015000000000000013 -0.025000000000000001 0.00195817082282653
-0.00099999999999999742 -0.025000000000000001 0.001987175018982192
-0.00050000000000000044 -0.025000000000000001 0.0020039302474389718
0 -0.025000000000000001 0.0020093990231016844
0.00050000000000000044 -0.025000000000000001 0.0020039302474389765
0.0010000000000000009 -0.025000000000000001 0.0019871750189821981
0.0015000000000000013 -0.025000000000000001 0.0019581708228265373
0.0020000000000000018 -0.025000000000000001 0.0019155777057284712
0.0024999999999999988 -0.025000000000000001 0.0018580206801945233
0.0030000000000000027 -0.025000000000000001 0.0017844727166896695
0.0034999999999999996 -0.025000000000000001 0.0016946061597607135
0.0040000000000000036 -0.025000000000000001 0.0015890481193379044
0.0045000000000000005 -0.025000000000000001 0.0014694951318287518
0.0049999999999999975 -0.025000000000000001 0.0013386695112206459
0.0055000000000000014 -0.025000000000000001 0.0012001284298978204
0.0059999999999999984 -0.025000000000000001 0.0010579611511610475
0.0064999999999999988 -0.025000000000000001 0.00091642565376772475
0.0069999999999999993 -0.025000000000000001 0.00077958102295273379
0.0074999999999999997 -0.025000000000000001 0.00065096672597755281
0.0080000000000000002 -0.025000000000000001 0.00053336658155930577
0.0085000000000000006 -0.025000000000000001 0.00042867747140632335
0.0090000000000000011 -0.025000000000000001 0.00033788453872753013
0.0095000000000000015 -0.025000000000000001 0.00026112912600178027
0.010000000000000002 -0.025000000000000001 0.00019784522511851336
0.010500000000000002 -0.025000000000000001 0.00014693556993689987
0.011000000000000003 -0.025000000000000001 0.00010695925403276136
0.011500000000000003 -0.025000000000000001 7.6307566071732064e-05
0.012000000000000004 -0.025000000000000001 5.3351838534058573e-05
0.012499999999999997 -0.025000000000000001 3.6554764849189052e-05
0.013000000000000005 -0.025000000000000001 2.4543474462769033e-05
0.013499999999999998 -0.025000000000000001 1.6147809368297423e-05
0.014000000000000005 -0.025000000000000001 1.0410402319759384e-05
0.014499999999999999 -0.025000000000000001 6.5764377282706769e-06
0.014999999999999999 -0.025000000000000001 4.0707825019242722e-06
0.0155 -0.025000000000000001 2.4690230140320554e-06
0.016000000000000007 -0.025000000000000001 1.4673360903348738e-06
0.016500000000000001 -0.025000000000000001 8.5445531109479784e-07
0.017000000000000001 -0.025000000000000001 4.8753209651387409e-07
0.017500000000000002 -0.025000000000000001 2.7256532913622376e-07
0.017999999999999995 -0.025000000000000001 1.4931090295281108e-07
0.018500000000000003 -0.025000000000000001 8.014314576796061e-08
0.019000000000000003 -0.025000000000000001 4.2149854011620184e-08
0.019500000000000003 -0.025000000000000001 2.1721102597613434e-08
0.019999999999999997 -0.025000000000000001 1.0967949224939876e-08
0.020499999999999997 -0.025000000000000001 5.4266127434645628e-09
0.021000000000000005 -0.025000000000000001 2.6308405761151434e-09
0.021500000000000005 -0.025000000000000001 1.2497565666757583e-09
0.021999999999999999 -0.025000000000000001 5.8173456123275653e-10
0.022499999999999999 -0.025000000000000001 2.6533631327299444e-10
0.023000000000000007 -0.025000000000000001 1.1858923939500579e-10
0.023500000000000007 -0.025000000000000001 5.1936852410097765e-11
0.024 -0.025000000000000001 2.2289142455147437e-11
0.024500000000000001 -0.025000000000000001 9.3735664558281558e-12
0.025000000000000001 -0.025000000000000001 3.862934382945788e-12
-0.025000000000000001 -0.024500000000000001 8.6036138509965718e-12
-0.024500000000000001 -0.024500000000000001 2.0870738397190621e-11
-0.024 -0.024500000000000001 4.9614706265538722e-11
-0.0235 -0.024500000000000001 1.1558192205191965e-10
-0.023 -0.024500000000000001 2.6385689180012142e-10
-0.022500000000000003 -0.024500000000000001 5.9025417997151419e-10
-0.022000000000000002 -0.024500000000000001 1.2938849427584755e-09
-0.021500000000000002 -0.024500000000000001 2.7792831099202295e-09
-0.021000000000000001 -0.024500000000000001 5.8498630216907498e-09
-0.020500000000000001 -0.024500000000000001 1.2065080356559381e-08
-0.02 -0.024500000000000001 2.4382752687438471e-08
-0.0195 -0.024500000000000001 4.8283653898208702e-08
-0.019 -0.024500000000000001 9.3687093511923503e-08
-0.018500000000000003 -0.024500000000000001 1.7812278137891814e-07
-0.018000000000000002 -0.024500000000000001 3.3183142026679822e-07
-0.017500000000000002 -0.024500000000000001 6.057209656540005e-07
-0.017000000000000001 -0.024500000000000001 1.0833878737561713e-06
-0.016500000000000001 -0.024500000000000001 1.8986779766246405e-06
-0.016 -0.024500000000000001 3.2604302907096181e-06
-0.0155 -0.024500000000000001 5.4859990679982078e-06
-0.015000000000000001 -0.024500000000000001 9.044726814526038e-06
-0.014500000000000001 -0.024500000000000001 1.4611564793318499e-05
-0.014 -0.024500000000000001 2.3129344037267809e-05
-0.0135 -0.024500000000000001 3.5875699333743175e-05
-0.012999999999999999 -0.024500000000000001 5.4527401529617832e-05
-0.012500000000000001 -0.024500000000000001 8.121115161445533e-05
-0.012 -0.024500000000000001 0.00011852631772635981
-0.0115 -0.024500000000000001 0.00016952253960243817
-0.010999999999999999 -0.024500000000000001 0.00023761469493250028
-0.010499999999999999 -0.024500000000000001 0.00032642056738871165
-0.010000000000000002 -0.024500000000000001 0.00043951356830256288
-0.0095000000000000015 -0.024500000000000001 0.00058009431272149428
-0.0090000000000000011 -0.024500000000000001 0.00075060003199160894
-0.0085000000000000006 -0.024500000000000001 0.00095228781853751534
-0.0080000000000000002 -0.024500000000000001 0.0011848434767144005
-0.0074999999999999997 -0.024500000000000001 0.0014460784368408753
-0.0069999999999999993 -0.024500000000000001 0.0017317788609426804
-0.0064999999999999988 -0.024500000000000001 0.0020357607544450001
-0.0059999999999999984 -0.024500000000000001 0.0023501616200285059
-0.0054999999999999979 -0.024500000000000001 0.0026659647756647042
-0.005000000000000001 -0.024500000000000001 0.0029737118012498642
-0.0044999999999999971 -0.024500000000000001 0.0032643191253799758
-0.0040000000000000001 -0.024500000000000001 0.0035298852014198278
-0.0035000000000000031 -0.024500000000000001 0.0037643630464933402
-0.0029999999999999992 -0.024500000000000001 0.0039639843223425843
-0.0025000000000000022 -0.024500000000000001 0.0041273562753393854
-0.0019999999999999983 -0.024500000000000001 0.0042552070144914579
-0.0015000000000000013 -0.024500000000000001 0.0043498181798924318
-0.00099999999999999742 -0.024500000000000001 0.0044142443090690962
-0.00050000000000000044 -0.024500000000000001 0.0044514620650798163
0 -0.024500000000000001 0.0044636096285639764
0.00050000000000000044 -0.024500000000000001 0.0044514620650798181
0.0010000000000000009 -0.024500000000000001 0.0044142443090691074
0.0015000000000000013 -0.024500000000000001 0.0043498181798924422
0.0020000000000000018 -0.024500000000000001 0.0042552070144914666
0.0024999999999999988 -0.024500000000000001 0.0041273562753393993
0.0030000000000000027 -0.024500000000000001 0.0039639843223425895
0.0034999999999999996 -0.024500000000000001 0.0037643630464933549
0.0040000000000000036 -0.024500000000000001 0.0035298852014198343
0.0045000000000000005 -0.024500000000000001 0.0032643191253799841
0.0049999999999999975 -0.024500000000000001 0.0029737118012498794
0.0055000000000000014 -0.024500000000000001 0.0026659647756647072
0.0059999999999999984 -0.024500000000000001 0.0023501616200285085
0.0064999999999999988 -0.024500000000000001 0.0020357607544450036
0.0069999999999999993 -0.024500000000000001 0.0017317788609426859
0.0074999999999999997 -0.024500000000000001 0.00144607843684088
0.0080000000000000002 -0.024500000000000001 0.0011848434767144005
0.0085000000000000006 -0.024500000000000001 0.00095228781853751859
0.0090000000000000011 -0.024500000000000001 0.00075060003199161165
0.0095000000000000015 -0.024500000000000001 0.00058009431272149428
0.010000000000000002 -0.024500000000000001 0.0004395135683025644
0.010500000000000002 -0.024500000000000001 0.00032642056738871165
0.011000000000000003 -0.024500000000000001 0.00023761469493250028
0.011500000000000003 -0.024500000000000001 0.00016952253960243817
0.012000000000000004 -0.024500000000000001 0.0001185263177263598
0.012499999999999997 -0.024500000000000001 8.12111516144559e-05
0.013000000000000005 -0.024500000000000001 5.4527401529617635e-05
0.013499999999999998 -0.024500000000000001 3.5875699333743426e-05
0.014000000000000005 -0.024500000000000001 2.3129344037267806e-05
0.014499999999999999 -0.024500000000000001 1.461156479331855e-05
0.014999999999999999 -0.024500000000000001 9.0447268145260685e-06
0.0155 -0.024500000000000001 5.4859990679982272e-06
0.016000000000000007 -0.024500000000000001 3.2604302907096066e-06
0.016500000000000001 -0.024500000000000001 1.8986779766246471e-06
0.017000000000000001 -0.024500000000000001 1.0833878737561713e-06
0.017500000000000002 -0.024500000000000001 6.0572096565400272e-07
0.017999999999999995 -0.024500000000000001 3.3183142026680182e-07
0.018500000000000003 -0.024500000000000001 1.7812278137891814e-07
0.019000000000000003 -0.024500000000000001 9.3687093511923503e-08
0.019500000000000003 -0.024500000000000001 4.8283653898208702e-08
0.019999999999999997 -0.024500000000000001 2.4382752687438643e-08
0.020499999999999997 -0.024500000000000001 1.2065080356559465e-08
0.021000000000000005 -0.024500000000000001 5.8498630216907498e-09
0.021500000000000005 -0.024500000000000001 2.7792831099202295e-09
0.021999999999999999 -0.024500000000000001 1.2938849427584937e-09
0.022499999999999999 -0.024500000000000001 5.9025417997151832e-10
0.023000000000000007 -0.024500000000000001 2.638568918001195e-10
0.023500000000000007 -0.024500000000000001 1.1558192205191882e-10
0.024 -0.024500000000000001 4.9614706265539071e-11
0.024500000000000001 -0.024500000000000001 2.0870738397190766e-11
0.025000000000000001 -0.024500000000000001 8.6036138509965718e-12
-0.025000000000000001 -0.024 1.8786589378999192e-11
-0.024500000000000001 -0.024 4.5555860413258384e-11
-0.024 -0.024 1.0826156507537998e-10
-0.0235 -0.024 2.5213160090577624e-10
-0.023 -0.024 5.7543144250192403e-10
-0.022500000000000003 -0.024 1.2869589571883436e-09
-0.022000000000000002 -0.024 2.8205451172534761e-09
-0.021500000000000002 -0.024 6.0574797710223808e-09
-0.021000000000000001 -0.024 1.2747809775794756e-08
-0.020500000000000001 -0.024 2.6288069135912451e-08
-0.02 -0.024 5.3119845467945041e-08
-0.0195 -0.024 1.0517826732433841e-07
-0.019 -0.024 2.0406239268844213e-07
-0.018500000000000003 -0.024 3.879402895949298e-07
-0.018000000000000002 -0.024 7.2265241916504126e-07
-0.017500000000000002 -0.024 1.3190307902151543e-06
-0.017000000000000001 -0.024 2.3590658695553705e-06
-0.016500000000000001 -0.024 4.1341305682224324e-06
-0.016 -0.024 7.098837565682852e-06
-0.0155 -0.024 1.1944001585807353e-05
-0.015000000000000001 -0.024 1.9691258313434033e-05
-0.014500000000000001 -0.024 3.1809766812023465e-05
-0.014 -0.024 5.0351736421730386e-05
-0.0135 -0.024 7.8098076817535809e-05
-0.012999999999999999 -0.024 0.00011869840296158612
-0.012500000000000001 -0.024 0.00017678157014574768
-0.012 -0.024 0.00025800514000104977
-0.0115 -0.024 0.00036900661477445466
-0.010999999999999999 -0.024 0.0005172183419841817
-0.010499999999999999 -0.024 0.00071051418496207309
-0.010000000000000002 -0.024 0.00095667131693329957
-0.0095000000000000015 -0.024 0.0012626554139633897
-0.0090000000000000011 -0.024 0.0016337705632036366
-0.0085000000000000006 -0.024 0.0020727522309431589
-0.0080000000000000002 -0.024 0.0025789159740099046
-0.0074999999999999997 -0.024 0.0031474978279044086
-0.0069999999999999993 -0.024 0.0037693259411416846
-0.0064999999999999988 -0.024 0.0044309405753408006
-0.0059999999999999984 -0.024 0.0051152289262715442
-0.0054999999999999979 -0.024 0.0058025663200772237
-0.005000000000000001 -0.024 0.0064723668501773298
-0.0044999999999999971 -0.024 0.0071048606542935726
-0.0040000000000000001 -0.024 0.0076828506916087631
-0.0035000000000000031 -0.024 0.0081931764707457166
-0.0029999999999999992 -0.024 0.0086276370042439616
-0.0025000000000000022 -0.024 0.0089832017437142028
-0.0019999999999999983 -0.024 0.0092614561310664662
-0.0015000000000000013 -0.024 0.0094673667668003642
-0.00099999999999999742 -0.024 0.0096075823386445828
-0.00050000000000000044 -0.024 0.0096885819048830989
0 -0.024 0.009715019426787451
0.00050000000000000044 -0.024 0.0096885819048831076
0.0010000000000000009 -0.024 0.0096075823386446105
0.0015000000000000013 -0.024 0.0094673667668003988
0.0020000000000000018 -0.024 0.009261456131066494
0.0024999999999999988 -0.024 0.0089832017437142444
0.0030000000000000027 -0.024 0.008627637004243998
0.0034999999999999996 -0.024 0.0081931764707457565
0.0040000000000000036 -0.024 0.0076828506916087882
0.0045000000000000005 -0.024 0.0071048606542936012
0.0049999999999999975 -0.024 0.0064723668501773706
0.0055000000000000014 -0.024 0.0058025663200772497
0.0059999999999999984 -0.024 0.0051152289262715658
0.0064999999999999988 -0.024 0.0044309405753408301
0.0069999999999999993 -0.024 0.0037693259411417024
0.0074999999999999997 -0.024 0.0031474978279044238
0.0080000000000000002 -0.024 0.0025789159740099172
0.0085000000000000006 -0.024 0.0020727522309431693
0.0090000000000000011 -0.024 0.0016337705632036448
0.0095000000000000015 -0.024 0.0012626554139633941
0.010000000000000002 -0.024 0.00095667131693330618
0.010500000000000002 -0.024 0.00071051418496207309
0.011000000000000003 -0.024 0.0005172183419841817
0.011500000000000003 -0.024 0.00036900661477445596
0.012000000000000004 -0.024 0.00025800514000104977
0.012499999999999997 -0.024 0.00017678157014574893
0.013000000000000005 -0.024 0.00011869840296158612
0.013499999999999998 -0.024 7.8098076817536364e-05
0.014000000000000005 -0.024 5.0351736421730562e-05
0.014499999999999999 -0.024 3.1809766812023688e-05
0.014999999999999999 -0.024 1.9691258313434104e-05
0.0155 -0.024 1.1944001585807396e-05
0.016000000000000007 -0.024 7.098837565682852e-06
0.016500000000000001 -0.024 4.1341305682224612e-06
0.017000000000000001 -0.024 2.3590658695553789e-06
0.017500000000000002 -0.024 1.3190307902151589e-06
0.017999999999999995 -0.024 7.2265241916505407e-07
0.018500000000000003 -0.024 3.879402895949326e-07
0.019000000000000003 -0.024 2.0406239268844213e-07
0.019500000000000003 -0.024 1.0517826732433879e-07
0.019999999999999997 -0.024 5.3119845467945412e-08
0.020499999999999997 -0.024 2.6288069135912821e-08
0.021000000000000005 -0.024 1.2747809775794755e-08
0.021500000000000005 -0.024 6.0574797710223808e-09
0.021999999999999999 -0.024 2.8205451172535159e-09
0.022499999999999999 -0.024 1.2869589571883664e-09
0.023000000000000007 -0.024 5.754314425019198e-10
0.023500000000000007 -0.024 2.5213160090577619e-10
0.024 -0.024 1.0826156507538073e-10
0.024500000000000001 -0.024 4.5555860413258384e-11
0.025000000000000001 -0.024 1.8786589378999322e-11
-0.025000000000000001 -0.0235 4.0223444419670163e-11
-0.024500000000000001 -0.0235 9.7494111916967067e-11
-0.024 -0.0235 2.315971751910305e-10
-0.0235 -0.0235 5.3917616030523766e-10
-0.023 -0.0235 1.2301523845801813e-09
-0.022500000000000003 -0.0235 2.7504737597278019e-09
-0.022000000000000002 -0.0235 6.0265281324281535e-09
-0.021500000000000002 -0.0235 1.2939864972192716e-08
-0.021000000000000001 -0.0235 2.7226255518581655e-08
-0.020500000000000001 -0.0235 5.6135204762870461e-08
-0.02 -0.0235 1.1341391117805872e-07
-0.0195 -0.0235 2.2453088520524598e-07
-0.019 -0.0235 4.3557243569587443e-07
-0.018500000000000003 -0.0235 8.2797200846803097e-07
-0.018000000000000002 -0.0235 1.5421936829398898e-06
-0.017500000000000002 -0.0235 2.8146721166675433e-06
-0.017000000000000001 -0.0235 5.033621469120904e-06
-0.016500000000000001 -0.0235 8.8205566889313927e-06
-0.016 -0.0235 1.514515263565961e-05
-0.0155 -0.0235 2.5480842860711513e-05
-0.015000000000000001 -0.0235 4.2006597649317308e-05
-0.014500000000000001 -0.0235 6.7855789355090765e-05
-0.014 -0.0235 0.00010740519278958886
-0.0135 -0.0235 0.00016658556299185725
-0.012999999999999999 -0.0235 0.00025318016322566897
-0.012500000000000001 -0.0235 0.0003770604368418643
-0.012 -0.0235 0.00055029143978357789
-0.0115 -0.0235 0.0007870277883870266
-0.010999999999999999 -0.0235 0.0011031188850290604
-0.010499999999999999 -0.0235 0.0015153553933264423
-0.010000000000000002 -0.0235 0.0020403214819127123
-0.0095000000000000015 -0.0235 0.0026928704922428819
-0.0090000000000000011 -0.0235 0.0034843121439554225
-0.0085000000000000006 -0.0235 0.0044204783501593098
-0.0080000000000000002 -0.0235 0.0054999079383985143
-0.0074999999999999997 -0.0235 0.0067124401483479694
-0.0069999999999999993 -0.0235 0.0080385145267616188
-0.0064999999999999988 -0.0235 0.0094494269625604917
-0.0059999999999999984 -0.0235 0.010908683562152721
-0.0054999999999999979 -0.0235 0.012374434339947225
-0.005000000000000001 -0.0235 0.013802780000280575
-0.0044999999999999971 -0.0235 0.015151561982678963
-0.0040000000000000001 -0.0235 0.016384108744353237
-0.0035000000000000031 -0.0235 0.017472357073991533
-0.0029999999999999992 -0.0235 0.018398820174580478
-0.0025000000000000022 -0.0235 0.019157037345978147
-0.0019999999999999983 -0.0235 0.019750391480272526
-0.0015000000000000013 -0.0235 0.020189475646450506
-0.00099999999999999742 -0.0235 0.020488469699526089
-0.00050000000000000044 -0.0235 0.020661191395818027
0 -0.0235 0.020717566035836403
0.00050000000000000044 -0.0235 0.020661191395818037
0.0010000000000000009 -0.0235 0.020488469699526137
0.0015000000000000013 -0.0235 0.020189475646450582
0.0020000000000000018 -0.0235 0.019750391480272564
0.0024999999999999988 -0.0235 0.019157037345978217
0.0030000000000000027 -0.0235 0.018398820174580534
0.0034999999999999996 -0.0235 0.017472357073991605
0.0040000000000000036 -0.0235 0.016384108744353244
0.0045000000000000005 -0.0235 0.015151561982679029
0.0049999999999999975 -0.0235 0.013802780000280615
0.0055000000000000014 -0.0235 0.01237443433994726
0.0059999999999999984 -0.0235 0.010908683562152771
0.0064999999999999988 -0.0235 0.0094494269625605368
0.0069999999999999993 -0.0235 0.0080385145267616309
0.0074999999999999997 -0.0235 0.0067124401483480041
0.0080000000000000002 -0.0235 0.005499907938398523
0.0085000000000000006 -0.0235 0.0044204783501593323
0.0090000000000000011 -0.0235 0.0034843121439554403
0.0095000000000000015 -0.0235 0.0026928704922428914
0.010000000000000002 -0.0235 0.0020403214819127232
0.010500000000000002 -0.0235 0.0015153553933264423
0.011000000000000003 -0.0235 0.0011031188850290604
0.011500000000000003 -0.0235 0.0007870277883870266
0.012000000000000004 -0.0235 0.00055029143978357984
0.012499999999999997 -0.0235 0.00037706043684186555
0.013000000000000005 -0.0235 0.00025318016322566897
0.013499999999999998 -0.0235 0.00016658556299185785
0.014000000000000005 -0.0235 0.0001074051927895885
0.014499999999999999 -0.0235 6.7855789355091023e-05
0.014999999999999999 -0.0235 4.2006597649317606e-05
0.0155 -0.0235 2.5480842860711604e-05
0.016000000000000007 -0.0235 1.5145152635659555e-05
0.016500000000000001 -0.0235 8.8205566889314232e-06
0.017000000000000001 -0.0235 5.0336214691209396e-06
0.017500000000000002 -0.0235 2.8146721166675433e-06
0.017999999999999995 -0.0235 1.5421936829399116e-06
0.018500000000000003 -0.0235 8.2797200846803404e-07
0.019000000000000003 -0.0235 4.3557243569587438e-07
0.019500000000000003 -0.0235 2.2453088520524598e-07
0.019999999999999997 -0.0235 1.1341391117805995e-07
0.020499999999999997 -0.0235 5.6135204762870852e-08
0.021000000000000005 -0.0235 2.7226255518581655e-08
0.021500000000000005 -0.0235 1.2939864972192716e-08
0.021999999999999999 -0.0235 6.0265281324282164e-09
0.022499999999999999 -0.0235 2.7504737597278308e-09
0.023000000000000007 -0.0235 1.2301523845801725e-09
0.023500000000000007 -0.0235 5.3917616030523373e-10
0.024 -0.0235 2.315971751910305e-10
0.024500000000000001 -0.0235 9.7494111916967067e-11
0.025000000000000001 -0.0235 4.0223444419670441e-11
-0.025000000000000001 -0.023 8.4459585650460943e-11
-0.024500000000000001 -0.023 2.0460034336177847e-10
-0.024 -0.023 4.8578743570957588e-10
-0.0235 -0.023 1.1304534009818605e-09
-0.023 -0.023 2.5781679107083396e-09
-0.022500000000000003 -0.023 5.7624758553250373e-09
-0.022000000000000002 -0.023 1.2622200456575443e-08
-0.021500000000000002 -0.023 2.70943653835889e-08
-0.021000000000000001 -0.023 5.6994365462625865e-08
-0.020500000000000001 -0.023 1.1748597074832147e-07
-0.02 -0.023 2.373199843267387e-07
-0.0195 -0.023 4.697542986886127e-07
-0.019 -0.023 9.1115046963650657e-07
-0.018500000000000003 -0.023 1.7317604539104407e-06
-0.018000000000000002 -0.023 3.2252256297833252e-06
-0.017500000000000002 -0.023 5.8857774787000383e-06
-0.017000000000000001 -0.023 1.0524866401864743e-05
-0.016500000000000001 -0.023 1.8441516094928958e-05
-0.016 -0.023 3.166233393440054e-05
-0.0155 -0.023 5.3266639288112933e-05
-0.015000000000000001 -0.023 8.7808070511324573e-05
-0.014500000000000001 -0.023 0.00014183456207798539
-0.014 -0.023 0.00022449215957770288
-0.0135 -0.023 0.00034817389238483304
-0.012999999999999999 -0.023 0.00052914343939037948
-0.012500000000000001 -0.023 0.00078802743213779111
-0.012 -0.023 0.001150035608557434
-0.0115 -0.023 0.0016447432512397256
-0.010999999999999999 -0.023 0.0023052661875094301
-0.010499999999999999 -0.023 0.0031666862324900217
-0.010000000000000002 -0.023 0.0042636529633886802
-0.0095000000000000015 -0.023 0.0056271987360849689
-0.0090000000000000011 -0.023 0.0072809510661591545
-0.0085000000000000006 -0.023 0.0092370914653992151
-0.0080000000000000002 -0.023 0.011492562807205767
-0.0074999999999999997 -0.023 0.014026130864977157
-0.0069999999999999993 -0.023 0.016796921847812101
-0.0064999999999999988 -0.023 0.019744957713347187
-0.0059999999999999984 -0.023 0.022793985288081076
-0.0054999999999999979 -0.023 0.025856561496120079
-0.005000000000000001 -0.023 0.028840962735573961
-0.0044999999999999971 -0.023 0.031659103873483613
-0.0040000000000000001 -0.023 0.03423436568113418
-0.0035000000000000031 -0.023 0.03650811634160718
-0.0029999999999999992 -0.023 0.038443823294177802
-0.0025000000000000022 -0.023 0.040027992456329271
-0.0019999999999999983 -0.023 0.041267697108529733
-0.0015000000000000013 -0.023 0.042185075235038144
-0.00099999999999999742 -0.023 0.042809758431820194
-0.00050000000000000044 -0.023 0.043170620779221722
0 -0.023 0.043288402262037541
0.00050000000000000044 -0.023 0.043170620779221743
0.0010000000000000009 -0.023 0.042809758431820277
0.0015000000000000013 -0.023 0.042185075235038276
0.0020000000000000018 -0.023 0.041267697108529761
0.0024999999999999988 -0.023 0.040027992456329355
0.0030000000000000027 -0.023 0.038443823294177858
0.0034999999999999996 -0.023 0.03650811634160727
0.0040000000000000036 -0.023 0.034234365681134193
0.0045000000000000005 -0.023 0.031659103873483745
0.0049999999999999975 -0.023 0.028840962735574051
0.0055000000000000014 -0.023 0.025856561496120107
0.0059999999999999984 -0.023 0.022793985288081148
0.0064999999999999988 -0.023 0.01974495771334725
0.0069999999999999993 -0.023 0.016796921847812125
0.0074999999999999997 -0.023 0.014026130864977228
0.0080000000000000002 -0.023 0.011492562807205786
0.0085000000000000006 -0.023 0.0092370914653992619
0.0090000000000000011 -0.023 0.0072809510661591926
0.0095000000000000015 -0.023 0.0056271987360849785
0.010000000000000002 -0.023 0.0042636529633886949
0.010500000000000002 -0.023 0.0031666862324900217
0.011000000000000003 -0.023 0.0023052661875094301
0.011500000000000003 -0.023 0.0016447432512397254
0.012000000000000004 -0.023 0.0011500356085574379
0.012499999999999997 -0.023 0.00078802743213779664
0.013000000000000005 -0.023 0.00052914343939037948
0.013499999999999998 -0.023 0.00034817389238483428
0.014000000000000005 -0.023 0.00022449215957770206
0.014499999999999999 -0.023 0.00014183456207798591
0.014999999999999999 -0.023 8.7808070511324884e-05
0.0155 -0.023 5.3266639288113116e-05
0.016000000000000007 -0.023 3.1662333934400317e-05
0.016500000000000001 -0.023 1.844151609492909e-05
0.017000000000000001 -0.023 1.052486640186478e-05
0.017500000000000002 -0.023 5.8857774787000383e-06
0.017999999999999995 -0.023 3.225225629783371e-06
0.018500000000000003 -0.023 1.7317604539104468e-06
0.019000000000000003 -0.023 9.1115046963650657e-07
0.019500000000000003 -0.023 4.697542986886127e-07
0.019999999999999997 -0.023 2.3731998432674124e-07
0.020499999999999997 -0.023 1.174859707483223e-07
0.021000000000000005 -0.023 5.6994365462625865e-08
0.021500000000000005 -0.023 2.7094365383588897e-08
0.021999999999999999 -0.023 1.262220045657562e-08
0.022499999999999999 -0.023 5.7624758553251184e-09
0.023000000000000007 -0.023 2.5781679107083119e-09
0.023500000000000007 -0.023 1.1304534009818524e-09
0.024 -0.023 4.8578743570957588e-10
0.024500000000000001 -0.023 2.0460034336177847e-10
0.025000000000000001 -0.023 8.4459585650461538e-11
-0.025000000000000001 -0.022500000000000003 1.7395901949400911e-10
-0.024500000000000001 -0.022500000000000003 4.2112267019508092e-10
-0.024 -0.022500000000000003 9.9927550673464822e-10
-0.0235 -0.022500000000000003 2.3241137451637952e-09
-0.023 -0.022500000000000003 5.297947340417414e-09
-0.022500000000000003 -0.022500000000000003 1.1836423039223068e-08
-0.022000000000000002 -0.022500000000000003 2.5916840083984447e-08
-0.021500000000000002 -0.022500000000000003 5.5613473351043234e-08
-0.021000000000000001 -0.022500000000000003 1.1695086699237737e-07
-0.020500000000000001 -0.022500000000000003 2.4101420228877133e-07
-0.02 -0.022500000000000003 4.8673103301076659e-07
-0.0195 -0.022500000000000003 9.6324140223846348e-07
-0.019 -0.022500000000000003 1.8679893476773252e-06
-0.018500000000000003 -0.022500000000000003 3.5497775165990459e-06
-0.018000000000000002 -0.022500000000000003 6.6101380405849893e-06
-0.017500000000000002 -0.022500000000000003 1.2061423022421076e-05
-0.017000000000000001 -0.022500000000000003 2.1565620003714257e-05
-0.016500000000000001 -0.022500000000000003 3.7783158976877155e-05
-0.016 -0.022500000000000003 6.4864317932144324e-05
-0.0155 -0.022500000000000003 0.00010911487156506194
-0.015000000000000001 -0.022500000000000003 0.00017985922871258813
-0.014500000000000001 -0.022500000000000003 0.00029050491600552032
-0.014 -0.022500000000000003 0.00045977864165043275
-0.0135 -0.022500000000000003 0.00071305453449437559
-0.012999999999999999 -0.022500000000000003 0.0010836307035565476
-0.012500000000000001 -0.022500000000000003 0.0016137367957015805
-0.012 -0.022500000000000003 0.0023549843442946567
-0.0115 -0.022500000000000003 0.0033679209878226938
-0.010999999999999999 -0.022500000000000003 0.0047203411422035522
-0.010499999999999999 -0.022500000000000003 0.0064840622327740887
-0.010000000000000002 -0.022500000000000003 0.0087300148216451438
-0.0095000000000000015 -0.022500000000000003 0.011521722249346358
-0.0090000000000000011 -0.022500000000000003 0.014907546767553837
-0.0085000000000000006 -0.022500000000000003 0.018912416841953154
-0.0080000000000000002 -0.022500000000000003 0.023530063460675498
-0.0074999999999999997 -0.022500000000000003 0.028717005281666558
-0.0069999999999999993 -0.022500000000000003 0.034389555547255111
-0.0064999999999999988 -0.022500000000000003 0.040424918861866221
-0.0059999999999999984 -0.022500000000000003 0.046666983765813283
-0.0054999999999999979 -0.022500000000000003 0.052936733833202923
-0.005000000000000001 -0.022500000000000003 0.059046392909436141
-0.0044999999999999971 -0.022500000000000003 0.064815636940646487
-0.0040000000000000001 -0.022500000000000003 0.070087618055757347
-0.0035000000000000031 -0.022500000000000003 0.074742314874828436
-0.0029999999999999992 -0.022500000000000003 0.078704949534004989
-0.0025000000000000022 -0.022500000000000003 0.081947909573433605
-0.0019999999999999983 -0.022500000000000003 0.084485688122110769
-0.0015000000000000013 -0.022500000000000003 0.086363617925545227
-0.00099999999999999742 -0.022500000000000003 0.087642370965994212
-0.00050000000000000044 -0.022500000000000003 0.088381066055920124
0 -0.022500000000000003 0.088622166982917236
0.00050000000000000044 -0.022500000000000003 0.088381066055920124
0.0010000000000000009 -0.022500000000000003 0.08764237096599431
0.0015000000000000013 -0.022500000000000003 0.086363617925545325
0.0020000000000000018 -0.022500000000000003 0.084485688122110728
0.0024999999999999988 -0.022500000000000003 0.081947909573433633
0.0030000000000000027 -0.022500000000000003 0.078704949534004962
0.0034999999999999996 -0.022500000000000003 0.074742314874828436
0.0040000000000000036 -0.022500000000000003 0.070087618055757223
0.0045000000000000005 -0.022500000000000003 0.064815636940646473
0.0049999999999999975 -0.022500000000000003 0.059046392909436148
0.0055000000000000014 -0.022500000000000003 0.052936733833202819
0.0059999999999999984 -0.022500000000000003 0.0466669837658132
0.0064999999999999988 -0.022500000000000003 0.040424918861866152
0.0069999999999999993 -0.022500000000000003 0.034389555547255042
0.0074999999999999997 -0.022500000000000003 0.028717005281666558
0.0080000000000000002 -0.022500000000000003 0.02353006346067546
0.0085000000000000006 -0.022500000000000003 0.01891241684195312
0.0090000000000000011 -0.022500000000000003 0.014907546767553809
0.0095000000000000015 -0.022500000000000003 0.011521722249346339
0.010000000000000002 -0.022500000000000003 0.008730014821645142
0.010500000000000002 -0.022500000000000003 0.0064840622327740557
0.011000000000000003 -0.022500000000000003 0.0047203411422035348
0.011500000000000003 -0.022500000000000003 0.0033679209878226817
0.012000000000000004 -0.022500000000000003 0.0023549843442946445
0.012499999999999997 -0.022500000000000003 0.0016137367957015805
0.013000000000000005 -0.022500000000000003 0.0010836307035565398
0.013499999999999998 -0.022500000000000003 0.00071305453449437559
0.014000000000000005 -0.022500000000000003 0.0004597786416504295
0.014499999999999999 -0.022500000000000003 0.00029050491600552032
0.014999999999999999 -0.022500000000000003 0.00017985922871258813
0.0155 -0.022500000000000003 0.00010911487156506156
0.016000000000000007 -0.022500000000000003 6.4864317932143863e-05
0.016500000000000001 -0.022500000000000003 3.7783158976877155e-05
0.017000000000000001 -0.022500000000000003 2.1565620003714179e-05
0.017500000000000002 -0.022500000000000003 1.2061423022421076e-05
0.017999999999999995 -0.022500000000000003 6.610138040585013e-06
0.018500000000000003 -0.022500000000000003 3.5497775165990332e-06
0.019000000000000003 -0.022500000000000003 1.8679893476773184e-06
0.019500000000000003 -0.022500000000000003 9.6324140223845332e-07
0.019999999999999997 -0.022500000000000003 4.8673103301077008e-07
0.020499999999999997 -0.022500000000000003 2.4101420228877217e-07
0.021000000000000005 -0.022500000000000003 1.1695086699237736e-07
0.021500000000000005 -0.022500000000000003 5.5613473351043036e-08
0.021999999999999999 -0.022500000000000003 2.5916840083984536e-08
0.022499999999999999 -0.022500000000000003 1.183642303922311e-08
0.023000000000000007 -0.022500000000000003 5.2979473404173577e-09
0.023500000000000007 -0.022500000000000003 2.3241137451637621e-09
0.024 -0.022500000000000003 9.9927550673464822e-10
0.024500000000000001 -0.022500000000000003 4.2112267019508092e-10
0.025000000000000001 -0.022500000000000003 1.7395901949400911e-10
-0.025000000000000001 -0.022000000000000002 3.5154585834972143e-10
-0.024500000000000001 -0.022000000000000002 8.503205525199565e-10
-0.024 -0.022000000000000002 2.0162178596105707e-09
-0.0235 -0.022000000000000002 4.6862224088555693e-09
-0.023 -0.022000000000000002 1.0676230892118499e-08
-0.022500000000000003 -0.022000000000000002 2.383986525315779e-08
-0.022000000000000002 -0.022000000000000002 5.2175133120190404e-08
-0.021500000000000002 -0.022000000000000002 1.1191343765016367e-07
-0.021000000000000001 -0.022000000000000002 2.352590989314494e-07
-0.020500000000000001 -0.022000000000000002 4.8466791187622462e-07
-0.02 -0.022000000000000002 9.7850993398934376e-07
-0.0195 -0.022000000000000002 1.9359764834026156e-06
-0.019 -0.022000000000000002 3.753536641332634e-06
-0.018500000000000003 -0.022000000000000002 7.1314840957923932e-06
-0.018000000000000002 -0.022000000000000002 1.3277361241323786e-05
-0.017500000000000002 -0.022000000000000002 2.4223175431506526e-05
-0.017000000000000001 -0.022000000000000002 4.3304555634408008e-05
-0.016500000000000001 -0.022000000000000002 7.5860545761478811e-05
-0.016 -0.022000000000000002 0.00013021942457106556
-0.0155 -0.022000000000000002 0.00021903400384341729
-0.015000000000000001 -0.022000000000000002 0.00036101300147942485
-0.014500000000000001 -0.022000000000000002 0.00058305619059912436
-0.014 -0.022000000000000002 0.00092273357992092217
-0.0135 -0.022000000000000002 0.0014309493172934874
-0.012999999999999999 -0.022000000000000002 0.0021745017442189292
-0.012500000000000001 -0.022000000000000002 0.0032381036866651119
-0.012 -0.022000000000000002 0.0047252849137881308
-0.0115 -0.022000000000000002 0.0067574970076627813
-0.010999999999999999 -0.022000000000000002 0.0094707238824223213
-0.010499999999999999 -0.022000000000000002 0.013009014594315596
-0.010000000000000002 -0.022000000000000002 0.0175146343706124
-0.0095000000000000015 -0.022000000000000002 0.023114985672010833
-0.0090000000000000011 -0.022000000000000002 0.029907055547282194
-0.0085000000000000006 -0.022000000000000002 0.037940822860445152
-0.0080000000000000002 -0.022000000000000002 0.047203687039729075
-0.0074999999999999997 -0.022000000000000002 0.057608405152051366
-0.0069999999999999993 -0.022000000000000002 0.068987090417100119
-0.0064999999999999988 -0.022000000000000002 0.081093414361954108
-0.0059999999999999984 -0.022000000000000002 0.093614227771085426
-0.0054999999999999979 -0.022000000000000002 0.10619044520243597
-0.005000000000000001 -0.022000000000000002 0.11844541895220072
-0.0044999999999999971 -0.022000000000000002 0.1300174575282243
-0.0040000000000000001 -0.022000000000000002 0.14059196677225691
-0.0035000000000000031 -0.022000000000000002 0.1499282271326868
-0.0029999999999999992 -0.022000000000000002 0.15787627501784454
-0.0025000000000000022 -0.022000000000000002 0.1643807555928761
-0.0019999999999999983 -0.022000000000000002 0.16947077125499901
-0.0015000000000000013 -0.022000000000000002 0.17323728160631913
-0.00099999999999999742 -0.022000000000000002 0.17580201010696317
-0.00050000000000000044 -0.022000000000000002 0.17728355889739253
0 -0.022000000000000002 0.17776711561991113
0.00050000000000000044 -0.022000000000000002 0.17728355889739253
0.0010000000000000009 -0.022000000000000002 0.17580201010696336
0.0015000000000000013 -0.022000000000000002 0.17323728160631954
0.0020000000000000018 -0.022000000000000002 0.16947077125499893
0.0024999999999999988 -0.022000000000000002 0.16438075559287624
0.0030000000000000027 -0.022000000000000002 0.15787627501784443
0.0034999999999999996 -0.022000000000000002 0.14992822713268689
0.0040000000000000036 -0.022000000000000002 0.1405919667722566
0.0045000000000000005 -0.022000000000000002 0.13001745752822427
0.0049999999999999975 -0.022000000000000002 0.11844541895220073
0.0055000000000000014 -0.022000000000000002 0.10619044520243577
0.0059999999999999984 -0.022000000000000002 0.093614227771085426
0.0064999999999999988 -0.022000000000000002 0.081093414361954108
0.0069999999999999993 -0.022000000000000002 0.068987090417099994
0.0074999999999999997 -0.022000000000000002 0.057608405152051366
0.0080000000000000002 -0.022000000000000002 0.047203687039728992
0.0085000000000000006 -0.022000000000000002 0.037940822860445152
0.0090000000000000011 -0.022000000000000002 0.029907055547282194
0.0095000000000000015 -0.022000000000000002 0.023114985672010792
0.010000000000000002 -0.022000000000000002 0.0175146343706124
0.010500000000000002 -0.022000000000000002 0.013009014594315527
0.011000000000000003 -0.022000000000000002 0.0094707238824222884
0.011500000000000003 -0.022000000000000002 0.0067574970076627449
0.012000000000000004 -0.022000000000000002 0.0047252849137881144
0.012499999999999997 -0.022000000000000002 0.0032381036866651119
0.013000000000000005 -0.022000000000000002 0.002174501744218918
0.013499999999999998 -0.022000000000000002 0.0014309493172934874
0.014000000000000005 -0.022000000000000002 0.00092273357992091881
0.014499999999999999 -0.022000000000000002 0.00058305619059912436
0.014999999999999999 -0.022000000000000002 0.00036101300147942485
0.0155 -0.022000000000000002 0.0002190340038434165
0.016000000000000007 -0.022000000000000002 0.00013021942457106417
0.016500000000000001 -0.022000000000000002 7.5860545761478811e-05
0.017000000000000001 -0.022000000000000002 4.3304555634408008e-05
0.017500000000000002 -0.022000000000000002 2.4223175431506356e-05
0.017999999999999995 -0.022000000000000002 1.3277361241323879e-05
0.018500000000000003 -0.022000000000000002 7.1314840957923932e-06
0.019000000000000003 -0.022000000000000002 3.7535366413326078e-06
0.019500000000000003 -0.022000000000000002 1.9359764834026084e-06
0.019999999999999997 -0.022000000000000002 9.7850993398934397e-07
0.020499999999999997 -0.022000000000000002 4.846679118762297e-07
0.021000000000000005 -0.022000000000000002 2.3525909893144861e-07
0.021500000000000005 -0.022000000000000002 1.1191343765016327e-07
0.021999999999999999 -0.022000000000000002 5.2175133120190774e-08
0.022499999999999999 -0.022000000000000002 2.3839865253158041e-08
0.023000000000000007 -0.022000000000000002 1.067623089211835e-08
0.023500000000000007 -0.022000000000000002 4.6862224088555354e-09
0.024 -0.022000000000000002 2.0162178596105707e-09
0.024500000000000001 -0.022000000000000002 8.503205525199565e-10
0.025000000000000001 -0.022000000000000002 3.5154585834972143e-10
-0.025000000000000001 -0.021500000000000002 6.9724397683556371e-10
-0.024500000000000001 -0.021500000000000002 1.6847913674516495e-09
-0.024 -0.021500000000000002 3.9912462934180435e-09
-0.0235 -0.021500000000000002 9.2692348691979684e-09
-0.023 -0.021500000000000002 2.1102159429470917e-08
-0.022500000000000003 -0.021500000000000002 4.7090664956313677e-08
-0.022000000000000002 -0.021500000000000002 1.0300237992523644e-07
-0.021500000000000002 -0.021500000000000002 2.2082384070899362e-07
-0.021000000000000001 -0.021500000000000002 4.6399642197480417e-07
-0.020500000000000001 -0.021500000000000002 9.555177787147983e-07
-0.02 -0.021500000000000002 1.928437216287286e-06
-0.0195 -0.021500000000000002 3.8141997911223853e-06
-0.019 -0.021500000000000002 7.393031318587805e-06
-0.018500000000000003 -0.021500000000000002 1.4042811163012694e-05
-0.018000000000000002 -0.021500000000000002 2.6139083892118622e-05
-0.017500000000000002 -0.021500000000000002 4.7678760884431728e-05
-0.017000000000000001 -0.021500000000000002 8.5222131791841686e-05
-0.016500000000000001 -0.021500000000000002 0.00014926852354725086
-0.016 -0.021500000000000002 0.00025619408333507556
-0.0155 -0.021500000000000002 0.00043087633368113357
-0.015000000000000001 -0.021500000000000002 0.00071009700322553315
-0.014500000000000001 -0.021500000000000002 0.0011467381797008337
-0.014 -0.021500000000000002 0.0018146542739509179
-0.0135 -0.021500000000000002 0.0028139066202281147
-0.012999999999999999 -0.021500000000000002 0.004275793523514382
-0.012500000000000001 -0.021500000000000002 0.0063668190426237779
-0.012 -0.021500000000000002 0.0092904644940864489
-0.0115 -0.021500000000000002 0.013285426897886298
-0.010999999999999999 -0.021500000000000002 0.018618955252673906
-0.010499999999999999 -0.021500000000000002 0.025574138469936884
-0.010000000000000002 -0.021500000000000002 0.034430547715845944
-0.0095000000000000015 -0.021500000000000002 0.045438531852655159
-0.0090000000000000011 -0.021500000000000002 0.058788652516947391
-0.0085000000000000006 -0.021500000000000002 0.074579076387277815
-0.0080000000000000002 -0.021500000000000002 0.09278497636975816
-0.0074999999999999997 -0.021500000000000002 0.11323482879893551
-0.0069999999999999993 -0.021500000000000002 0.13559862389528499
-0.0064999999999999988 -0.021500000000000002 0.15939219902036816
-0.0059999999999999984 -0.021500000000000002 0.18400008228334877
-0.0054999999999999979 -0.021500000000000002 0.20871654085577901
-0.005000000000000001 -0.021500000000000002 0.23280134685179671
-0.0044999999999999971 -0.021500000000000002 0.25554368665928001
-0.0040000000000000001 -0.021500000000000002 0.2763253268112783
-0.0035000000000000031 -0.021500000000000002 0.29467323654130523
-0.0029999999999999992 -0.021500000000000002 0.31029276043631504
-0.0025000000000000022 -0.021500000000000002 0.32307518503860061
-0.0019999999999999983 -0.021500000000000002 0.33307778221845741
-0.0015000000000000013 -0.021500000000000002 0.34047938747181217
-0.00099999999999999742 -0.021500000000000002 0.34551928672587812
-0.00050000000000000044 -0.021500000000000002 0.34843061717749402
0 -0.021500000000000002 0.34938082860392455
0.00050000000000000044 -0.021500000000000002 0.34843061717749402
0.0010000000000000009 -0.021500000000000002 0.34551928672587845
0.0015000000000000013 -0.021500000000000002 0.34047938747181261
0.0020000000000000018 -0.021500000000000002 0.33307778221845724
0.0024999999999999988 -0.021500000000000002 0.32307518503860089
0.0030000000000000027 -0.021500000000000002 0.31029276043631498
0.0034999999999999996 -0.021500000000000002 0.29467323654130534
0.0040000000000000036 -0.021500000000000002 0.27632532681127769
0.0045000000000000005 -0.021500000000000002 0.25554368665927996
0.0049999999999999975 -0.021500000000000002 0.23280134685179674
0.0055000000000000014 -0.021500000000000002 0.20871654085577865
0.0059999999999999984 -0.021500000000000002 0.18400008228334877
0.0064999999999999988 -0.021500000000000002 0.15939219902036816
0.0069999999999999993 -0.021500000000000002 0.13559862389528474
0.0074999999999999997 -0.021500000000000002 0.11323482879893551
0.0080000000000000002 -0.021500000000000002 0.092784976369758007
0.0085000000000000006 -0.021500000000000002 0.074579076387277815
0.0090000000000000011 -0.021500000000000002 0.058788652516947391
0.0095000000000000015 -0.021500000000000002 0.045438531852654999
0.010000000000000002 -0.021500000000000002 0.034430547715845944
0.010500000000000002 -0.021500000000000002 0.025574138469936794
0.011000000000000003 -0.021500000000000002 0.01861895525267384
0.011500000000000003 -0.021500000000000002 0.013285426897886228
0.012000000000000004 -0.021500000000000002 0.0092904644940864315
0.012499999999999997 -0.021500000000000002 0.0063668190426237779
0.013000000000000005 -0.021500000000000002 0.0042757935235143594
0.013499999999999998 -0.021500000000000002 0.0028139066202281147
0.014000000000000005 -0.021500000000000002 0.0018146542739509051
0.014499999999999999 -0.021500000000000002 0.0011467381797008337
0.014999999999999999 -0.021500000000000002 0.00071009700322553315
0.0155 -0.021500000000000002 0.00043087633368113357
0.016000000000000007 -0.021500000000000002 0.00025619408333507284
0.016500000000000001 -0.021500000000000002 0.00014926852354725035
0.017000000000000001 -0.021500000000000002 8.5222131791841686e-05
0.017500000000000002 -0.021500000000000002 4.7678760884431558e-05
0.017999999999999995 -0.021500000000000002 2.6139083892118904e-05
0.018500000000000003 -0.021500000000000002 1.4042811163012694e-05
0.019000000000000003 -0.021500000000000002 7.393031318587727e-06
0.019500000000000003 -0.021500000000000002 3.8141997911223717e-06
0.019999999999999997 -0.021500000000000002 1.928437216287286e-06
0.020499999999999997 -0.021500000000000002 9.5551777871480487e-07
0.021000000000000005 -0.021500000000000002 4.6399642197480253e-07
0.021500000000000005 -0.021500000000000002 2.2082384070899209e-07
0.021999999999999999 -0.021500000000000002 1.030023799252368e-07
0.022499999999999999 -0.021500000000000002 4.7090664956314001e-08
0.023000000000000007 -0.021500000000000002 2.1102159429470619e-08
0.023500000000000007 -0.021500000000000002 9.2692348691978708e-09
0.024 -0.021500000000000002 3.9912462934180435e-09
0.024500000000000001 -0.021500000000000002 1.6847913674516495e-09
0.025000000000000001 -0.021500000000000002 6.9724397683556371e-10
-0.025000000000000001 -0.021000000000000001 1.3577239623189039e-09
-0.024500000000000001 -0.021000000000000001 3.2767252616851585e-09
-0.024 -0.021000000000000001 7.7539955913913309e-09
-0.0235 -0.021000000000000001 1.7990143703871168e-08
-0.023 -0.021000000000000001 4.0920133045975173e-08
-0.022500000000000003 -0.021000000000000001 9.1244242861384303e-08
-0.022000000000000002 -0.021000000000000001 1.9944142637824831e-07
-0.021500000000000002 -0.021000000000000001 4.2731159948334189e-07
-0.021000000000000001 -0.021000000000000001 8.9737435292402677e-07
-0.020500000000000001 -0.021000000000000001 1.8470754875566641e-06
-0.02 -0.021000000000000001 3.7261638380381985e-06
-0.0195 -0.021000000000000001 7.3670160229814035e-06
-0.019 -0.021000000000000001 1.4274513720829076e-05
-0.018500000000000003 -0.021000000000000001 2.7105675541004611e-05
-0.018000000000000002 -0.021000000000000001 5.044044388139804e-05
-0.017500000000000002 -0.021000000000000001 9.1983335627436748e-05
-0.017000000000000001 -0.021000000000000001 0.00016437814172104632
-0.016500000000000001 -0.021000000000000001 0.00028785772542391959
-0.016 -0.021000000000000001 0.00049397623015840452
-0.0155 -0.021000000000000001 0.00083066359066473548
-0.015000000000000001 -0.021000000000000001 0.0013687783722554857
-0.014500000000000001 -0.021000000000000001 0.0022101877011182175
-0.014 -0.021000000000000001 0.0034971477817106883
-0.0135 -0.021000000000000001 0.005422381749709662
-0.012999999999999999 -0.021000000000000001 0.0082387625485997994
-0.012500000000000001 -0.021000000000000001 0.012266951137636734
-0.012 -0.021000000000000001 0.017898802683608082
-0.0115 -0.021000000000000001 0.025593968926988016
-0.010999999999999999 -0.021000000000000001 0.035867060931031175
-0.010499999999999999 -0.021000000000000001 0.049263165884953594
-0.010000000000000002 -0.021000000000000001 0.066320568714319642
-0.0095000000000000015 -0.021000000000000001 0.087521254443079885
-0.0090000000000000011 -0.021000000000000001 0.11323205438960142
-0.0085000000000000006 -0.021000000000000001 0.14364186196919326
-0.0080000000000000002 -0.021000000000000001 0.17870271999048673
-0.0074999999999999997 -0.021000000000000001 0.21808418946351252
-0.0069999999999999993 -0.021000000000000001 0.26115066012250915
-0.0064999999999999988 -0.021000000000000001 0.30696970725265871
-0.0059999999999999984 -0.021000000000000001 0.35435609086099323
-0.0054999999999999979 -0.021000000000000001 0.40195080728961963
-0.005000000000000001 -0.021000000000000001 0.4483284773513071
-0.0044999999999999971 -0.021000000000000001 0.49212041122744904
-0.0040000000000000001 -0.021000000000000001 0.5321362373609575
-0.0035000000000000031 -0.021000000000000001 0.56746522511566733
-0.0029999999999999992 -0.021000000000000001 0.5975401514775438
-0.0025000000000000022 -0.021000000000000001 0.62215185859688416
-0.0019999999999999983 -0.021000000000000001 0.64141081164996505
-0.0015000000000000013 -0.021000000000000001 0.65566154696259871
-0.00099999999999999742 -0.021000000000000001 0.6653649802159759
-0.00050000000000000044 -0.021000000000000001 0.67097015288561435
0 -0.021000000000000001 0.67279957690040182
0.00050000000000000044 -0.021000000000000001 0.67097015288561435
0.0010000000000000009 -0.021000000000000001 0.66536498021597668
0.0015000000000000013 -0.021000000000000001 0.65566154696259948
0.0020000000000000018 -0.021000000000000001 0.64141081164996472
0.0024999999999999988 -0.021000000000000001 0.6221518585968846
0.0030000000000000027 -0.021000000000000001 0.59754015147754358
0.0034999999999999996 -0.021000000000000001 0.56746522511566733
0.0040000000000000036 -0.021000000000000001 0.53213623736095639
0.0045000000000000005 -0.021000000000000001 0.49212041122744898
0.0049999999999999975 -0.021000000000000001 0.44832847735130715
0.0055000000000000014 -0.021000000000000001 0.40195080728961891
0.0059999999999999984 -0.021000000000000001 0.35435609086099251
0.0064999999999999988 -0.021000000000000001 0.30696970725265821
0.0069999999999999993 -0.021000000000000001 0.2611506601225087
0.0074999999999999997 -0.021000000000000001 0.21808418946351249
0.0080000000000000002 -0.021000000000000001 0.17870271999048642
0.0085000000000000006 -0.021000000000000001 0.14364186196919301
0.0090000000000000011 -0.021000000000000001 0.11323205438960102
0.0095000000000000015 -0.021000000000000001 0.08752125444307958
0.010000000000000002 -0.021000000000000001 0.066320568714319642
0.010500000000000002 -0.021000000000000001 0.049263165884953414
0.011000000000000003 -0.021000000000000001 0.03586706093103105
0.011500000000000003 -0.021000000000000001 0.025593968926987874
0.012000000000000004 -0.021000000000000001 0.017898802683608016
0.012499999999999997 -0.021000000000000001 0.012266951137636735
0.013000000000000005 -0.021000000000000001 0.0082387625485997422
0.013499999999999998 -0.021000000000000001 0.005422381749709662
0.014000000000000005 -0.021000000000000001 0.0034971477817106696
0.014499999999999999 -0.021000000000000001 0.0022101877011182175
0.014999999999999999 -0.021000000000000001 0.0013687783722554857
0.0155 -0.021000000000000001 0.00083066359066473548
0.016000000000000007 -0.021000000000000001 0.00049397623015839931
0.016500000000000001 -0.021000000000000001 0.00028785772542391959
0.017000000000000001 -0.021000000000000001 0.00016437814172104575
0.017500000000000002 -0.021000000000000001 9.1983335627436748e-05
0.017999999999999995 -0.021000000000000001 5.0440443881398399e-05
0.018500000000000003 -0.021000000000000001 2.7105675541004523e-05
0.019000000000000003 -0.021000000000000001 1.4274513720829025e-05
0.019500000000000003 -0.021000000000000001 7.3670160229813248e-06
0.019999999999999997 -0.021000000000000001 3.7261638380382121e-06
0.020499999999999997 -0.021000000000000001 1.847075487556677e-06
0.021000000000000005 -0.021000000000000001 8.9737435292402677e-07
0.021500000000000005 -0.021000000000000001 4.2731159948334041e-07
0.021999999999999999 -0.021000000000000001 1.9944142637824969e-07
0.022499999999999999 -0.021000000000000001 9.1244242861384925e-08
0.023000000000000007 -0.021000000000000001 4.0920133045974729e-08
0.023500000000000007 -0.021000000000000001 1.7990143703870972e-08
0.024 -0.021000000000000001 7.7539955913913309e-09
0.024500000000000001 -0.021000000000000001 3.2767252616851585e-09
0.025000000000000001 -0.021000000000000001 1.3577239623189039e-09
-0.025000000000000001 -0.020500000000000001 2.5968522538784796e-09
-0.024500000000000001 -0.020500000000000001 6.2579540116003709e-09
-0.024 -0.020500000000000001 1.4789058584194324e-08
-0.0235 -0.020500000000000001 3.4271438274678495e-08
-0.023 -0.020500000000000001 7.7870312917893979e-08
-0.022500000000000003 -0.020500000000000001 1.7347095963274805e-07
-0.022000000000000002 -0.020500000000000001 3.7885019731996686e-07
-0.021500000000000002 -0.020500000000000001 8.1108735657918634e-07
-0.021000000000000001 -0.020500000000000001 1.7021714547951617e-06
-0.020500000000000001 -0.020500000000000001 3.501492353822394e-06
-0.02 -0.020500000000000001 7.0598941250988595e-06
-0.0195 -0.020500000000000001 1.3951513499219483e-05
-0.019 -0.020500000000000001 2.7021378853794193e-05
-0.018500000000000003 -0.020500000000000001 5.1291265909305663e-05
-0.018000000000000002 -0.020500000000000001 9.5415157391039011e-05
-0.017500000000000002 -0.020500000000000001 0.00017394790451039096
-0.017000000000000001 -0.020500000000000001 0.00031077078195701686
-0.016500000000000001 -0.020500000000000001 0.0005440927721146728
-0.016 -0.020500000000000001 0.00093349398334115381
-0.0155 -0.020500000000000001 0.0015694635072927374
-0.015000000000000001 -0.020500000000000001 0.0025857634126344596
-0.014500000000000001 -0.020500000000000001 0.0041746726506204498
-0.014 -0.020500000000000001 0.0066046830060686595
-0.0135 -0.020500000000000001 0.010239508472949192
-0.012999999999999999 -0.020500000000000001 0.015556346891235202
-0.012500000000000001 -0.020500000000000001 0.023160281364650107
-0.012 -0.020500000000000001 0.033790694990849544
-0.0115 -0.020500000000000001 0.04831484754988509
-0.010999999999999999 -0.020500000000000001 0.067703642560263996
-0.010499999999999999 -0.020500000000000001 0.092985423761663188
-0.010000000000000002 -0.020500000000000001 0.12517563466396048
-0.0095000000000000015 -0.020500000000000001 0.16518342961886939
-0.0090000000000000011 -0.020500000000000001 0.21370063957900465
-0.0085000000000000006 -0.020500000000000001 0.27108332998334606
-0.0080000000000000002 -0.020500000000000001 0.33724067023532928
-0.0074999999999999997 -0.020500000000000001 0.41154886722178169
-0.0069999999999999993 -0.020500000000000001 0.49280838636324958
-0.0064999999999999988 -0.020500000000000001 0.57925974800980917
-0.0059999999999999984 -0.020500000000000001 0.66866656714611228
-0.0054999999999999979 -0.020500000000000001 0.7584647202814766
-0.005000000000000001 -0.020500000000000001 0.84596496614722139
-0.0044999999999999971 -0.020500000000000001 0.92858513364418394
-0.0040000000000000001 -0.020500000000000001 1.0040795902317954
-0.0035000000000000031 -0.020500000000000001 1.0707303893481872
-0.0029999999999999992 -0.020500000000000001 1.1274677424947106
-0.0025000000000000022 -0.020500000000000001 1.1738974551779455
-0.0019999999999999983 -0.020500000000000001 1.2102283666276574
-0.0015000000000000013 -0.020500000000000001 1.2371109084981626
-0.00099999999999999742 -0.020500000000000001 1.255415028327999
-0.00050000000000000044 -0.020500000000000001 1.2659881909041555
0 -0.020500000000000001 1.2694390412672041
0.00050000000000000044 -0.020500000000000001 1.2659881909041562
0.0010000000000000009 -0.020500000000000001 1.2554150283279999
0.0015000000000000013 -0.020500000000000001 1.2371109084981644
0.0020000000000000018 -0.020500000000000001 1.2102283666276579
0.0024999999999999988 -0.020500000000000001 1.1738974551779462
0.0030000000000000027 -0.020500000000000001 1.1274677424947113
0.0034999999999999996 -0.020500000000000001 1.0707303893481883
0.0040000000000000036 -0.020500000000000001 1.0040795902317963
0.0045000000000000005 -0.020500000000000001 0.92858513364418471
0.0049999999999999975 -0.020500000000000001 0.84596496614722405
0.0055000000000000014 -0.020500000000000001 0.7584647202814776
0.0059999999999999984 -0.020500000000000001 0.66866656714611317
0.0064999999999999988 -0.020500000000000001 0.57925974800981006
0.0069999999999999993 -0.020500000000000001 0.49280838636325042
0.0074999999999999997 -0.020500000000000001 0.41154886722178163
0.0080000000000000002 -0.020500000000000001 0.33724067023532978
0.0085000000000000006 -0.020500000000000001 0.2710833299833465
0.0090000000000000011 -0.020500000000000001 0.21370063957900501
0.0095000000000000015 -0.020500000000000001 0.16518342961886967
0.010000000000000002 -0.020500000000000001 0.12517563466396048
0.010500000000000002 -0.020500000000000001 0.092985423761663188
0.011000000000000003 -0.020500000000000001 0.067703642560263982
0.011500000000000003 -0.020500000000000001 0.04831484754988509
0.012000000000000004 -0.020500000000000001 0.033790694990849433
0.012499999999999997 -0.020500000000000001 0.023160281364650228
0.013000000000000005 -0.020500000000000001 0.015556346891235145
0.013499999999999998 -0.020500000000000001 0.010239508472949192
0.014000000000000005 -0.020500000000000001 0.006604683006068624
0.014499999999999999 -0.020500000000000001 0.0041746726506204646
0.014999999999999999 -0.020500000000000001 0.0025857634126344596
0.0155 -0.020500000000000001 0.0015694635072927374
0.016000000000000007 -0.020500000000000001 0.00093349398334114709
0.016500000000000001 -0.020500000000000001 0.0005440927721146728
0.017000000000000001 -0.020500000000000001 0.00031077078195701686
0.017500000000000002 -0.020500000000000001 0.00017394790451039096
0.017999999999999995 -0.020500000000000001 9.5415157391040041e-05
0.018500000000000003 -0.020500000000000001 5.1291265909305663e-05
0.019000000000000003 -0.020500000000000001 2.7021378853794098e-05
0.019500000000000003 -0.020500000000000001 1.3951513499219482e-05
0.019999999999999997 -0.020500000000000001 7.0598941250988857e-06
0.020499999999999997 -0.020500000000000001 3.5014923538224067e-06
0.021000000000000005 -0.020500000000000001 1.7021714547951615e-06
0.021500000000000005 -0.020500000000000001 8.1108735657918338e-07
0.021999999999999999 -0.020500000000000001 3.7885019731996946e-07
0.022499999999999999 -0.020500000000000001 1.7347095963274924e-07
0.023000000000000007 -0.020500000000000001 7.7870312917893396e-08
0.023500000000000007 -0.020500000000000001 3.4271438274678137e-08
0.024 -0.020500000000000001 1.4789058584194324e-08
0.024500000000000001 -0.020500000000000001 6.2579540116003709e-09
0.025000000000000001 -0.020500000000000001 2.5968522538784878e-09
-0.025000000000000001 -0.02 4.8810063090130993e-09
-0.024500000000000001 -0.02 1.174144376729595e-08
-0.024 -0.02 2.7703451935364148e-08
-0.0235 -0.02 6.4106279716971089e-08
-0.023 -0.02 1.4547202084014595e-07
-0.022500000000000003 -0.02 3.2369215770232097e-07
-0.022000000000000002 -0.02 7.061936141024996e-07
-0.021500000000000002 -0.02 1.5105067842162827e-06
-0.021000000000000001 -0.02 3.1673810486275771e-06
-0.020500000000000001 -0.02 6.5107496207716862e-06
-0.02 -0.02 1.3118726241523444e-05
-0.0195 -0.02 2.590966065625834e-05
-0.019 -0.02 5.0155988650275663e-05
-0.018500000000000003 -0.02 9.5160910933971582e-05
-0.018000000000000002 -0.02 0.0001769517012723218
-0.017500000000000002 -0.02 0.00032247694563578434
-0.017000000000000001 -0.02 0.00057594296872069206
-0.016500000000000001 -0.02 0.0010080634562331049
-0.016 -0.02 0.0017290840087380748
-0.0155 -0.02 0.0029064170561007388
-0.015000000000000001 -0.02 0.0047874993666440213
-0.014500000000000001 -0.02 0.0077279704356715004
-0.014 -0.02 0.012224379617591144
-0.0135 -0.02 0.018949316108545354
-0.012999999999999999 -0.02 0.028785150878870857
-0.012500000000000001 -0.02 0.042850636883045495
-0.012 -0.02 0.062512740368293032
-0.0115 -0.02 0.089374737189659353
-0.010999999999999999 -0.02 0.12523138686625207
-0.010499999999999999 -0.02 0.17198349653612088
-0.010000000000000002 -0.02 0.23150787452310068
-0.0095000000000000015 -0.02 0.30548468977439475
-0.0090000000000000011 -0.02 0.39519222850425084
-0.0085000000000000006 -0.02 0.50128797418390192
-0.0080000000000000002 -0.02 0.62360322012961156
-0.0074999999999999997 -0.02 0.76098402817735133
-0.0069999999999999993 -0.02 0.91121221544605024
-0.0064999999999999988 -0.02 1.0710346227688023
-0.0059999999999999984 -0.02 1.236316680450948
-0.0054999999999999979 -0.02 1.4023182009001542
-0.005000000000000001 -0.02 1.564067964814551
-0.0044999999999999971 -0.02 1.7167929416239602
-0.0040000000000000001 -0.02 1.8563424591985049
-0.0035000000000000031 -0.02 1.9795415132845875
-0.0029999999999999992 -0.02 2.0844134117542552
-0.0025000000000000022 -0.02 2.170230424004818
-0.0019999999999999983 -0.02 2.2373795757216581
-0.0015000000000000013 -0.02 2.2870641423809834
-0.00099999999999999742 -0.02 2.3208930610358505
-0.00050000000000000044 -0.02 2.3404335255282129
0 -0.02 2.3468110326486191
0.00050000000000000044 -0.02 2.340433525528212
0.0010000000000000009 -0.02 2.3208930610358509
0.0015000000000000013 -0.02 2.2870641423809848
0.0020000000000000018 -0.02 2.2373795757216608
0.0024999999999999988 -0.02 2.1702304240048198
0.0030000000000000027 -0.02 2.084413411754257
0.0034999999999999996 -0.02 1.9795415132845895
0.0040000000000000036 -0.02 1.8563424591985098
0.0045000000000000005 -0.02 1.7167929416239616
0.0049999999999999975 -0.02 1.5640679648145532
0.0055000000000000014 -0.02 1.4023182009001562
0.0059999999999999984 -0.02 1.2363166804509498
0.0064999999999999988 -0.02 1.0710346227688041
0.0069999999999999993 -0.02 0.91121221544605335
0.0074999999999999997 -0.02 0.76098402817735256
0.0080000000000000002 -0.02 0.62360322012961367
0.0085000000000000006 -0.02 0.5012879741839027
0.0090000000000000011 -0.02 0.39519222850425156
0.0095000000000000015 -0.02 0.3054846897743953
0.010000000000000002 -0.02 0.23150787452310068
0.010500000000000002 -0.02 0.17198349653612088
0.011000000000000003 -0.02 0.12523138686625207
0.011500000000000003 -0.02 0.089374737189659353
0.012000000000000004 -0.02 0.062512740368292921
0.012499999999999997 -0.02 0.042850636883045641
0.013000000000000005 -0.02 0.028785150878870801
0.013499999999999998 -0.02 0.018949316108545354
0.014000000000000005 -0.02 0.012224379617591102
0.014499999999999999 -0.02 0.0077279704356715143
0.014999999999999999 -0.02 0.0047874993666440213
0.0155 -0.02 0.0029064170561007388
0.016000000000000007 -0.02 0.0017290840087380594
0.016500000000000001 -0.02 0.0010080634562331049
0.017000000000000001 -0.02 0.00057594296872069206
0.017500000000000002 -0.02 0.00032247694563578434
0.017999999999999995 -0.02 0.00017695170127232369
0.018500000000000003 -0.02 9.5160910933971582e-05
0.019000000000000003 -0.02 5.0155988650275304e-05
0.019500000000000003 -0.02 2.590966065625834e-05
0.019999999999999997 -0.02 1.3118726241523489e-05
0.020499999999999997 -0.02 6.5107496207717099e-06
0.021000000000000005 -0.02 3.1673810486275771e-06
0.021500000000000005 -0.02 1.5105067842162719e-06
0.021999999999999999 -0.02 7.061936141025068e-07
0.022499999999999999 -0.02 3.2369215770232319e-07
0.023000000000000007 -0.02 1.4547202084014486e-07
0.023500000000000007 -0.02 6.4106279716970427e-08
0.024 -0.02 2.7703451935364148e-08
0.024500000000000001 -0.02 1.174144376729595e-08
0.025000000000000001 -0.02 4.881006309013115e-09
-0.025000000000000001 -0.0195 9.020902560978627e-09
-0.024500000000000001 -0.0195 2.1654053500100819e-08
-0.024 -0.0195 5.0993846261432786e-08
-0.0235 -0.0195 1.1779661485066482e-07
-0.023 -0.0195 2.6689196063958139e-07
-0.022500000000000003 -0.0195 5.9303583944290386e-07
-0.022000000000000002 -0.0195 1.2921951311245377e-06
-0.021500000000000002 -0.0195 2.7608293770531958e-06
-0.021000000000000001 -0.0195 5.7833754985935196e-06
-0.020500000000000001 -0.0195 1.1877440513735605e-05
-0.02 -0.0195 2.3913123791619458e-05
-0.0195 -0.0195 4.7195096580902026e-05
-0.019 -0.0195 9.1302427618576346e-05
-0.018500000000000003 -0.0195 0.00017313020124048249
-0.018000000000000002 -0.0195 0.00032177391873242382
-0.017500000000000002 -0.0195 0.00058613934126450988
-0.017000000000000001 -0.0195 0.0010464281760639163
-0.016500000000000001 -0.0195 0.0018309009656239461
-0.016 -0.0195 0.003139476968260215
-0.0155 -0.0195 0.0052756826287925817
-0.015000000000000001 -0.0195 0.0086880554398490826
-0.014500000000000001 -0.0195 0.014021178693340472
-0.014 -0.0195 0.022174909720051539
-0.0135 -0.0195 0.034367984993013141
-0.012999999999999999 -0.0195 0.052199098181746513
-0.012500000000000001 -0.0195 0.077695029951443367
-0.012 -0.0195 0.11333201704450324
-0.0115 -0.0195 0.16201412556161299
-0.010999999999999999 -0.0195 0.22699199521430707
-0.010499999999999999 -0.0195 0.31170803906617284
-0.010000000000000002 -0.0195 0.41956086320234748
-0.0095000000000000015 -0.0195 0.55359256754261499
-0.0090000000000000011 -0.0195 0.71611703142019822
-0.0085000000000000006 -0.0195 0.9083234666039629
-0.0080000000000000002 -0.0195 1.1299045179324987
-0.0074999999999999997 -0.0195 1.3787683367271895
-0.0069999999999999993 -0.0195 1.6508956201956142
-0.0064999999999999988 -0.0195 1.940392774379087
-0.0059999999999999984 -0.0195 2.2397701912259094
-0.0054999999999999979 -0.0195 2.5404418735844234
-0.005000000000000001 -0.0195 2.8334039526459249
-0.0044999999999999971 -0.0195 3.110012108449407
-0.0040000000000000001 -0.0195 3.3627497899461978
-0.0035000000000000031 -0.0195 3.5858680443372797
-0.0029999999999999992 -0.0195 3.7757886460666454
-0.0025000000000000022 -0.0195 3.9311956817377851
-0.0019999999999999983 -0.0195 4.0527923134897117
-0.0015000000000000013 -0.0195 4.1427599611290074
-0.00099999999999999742 -0.0195 4.2040144955149108
-0.00050000000000000044 -0.0195 4.239395773486514
0 -0.0195 4.2509431470563417
0.00050000000000000044 -0.0195 4.2393957734865158
0.0010000000000000009 -0.0195 4.2040144955149117
0.0015000000000000013 -0.0195 4.14275996112901
0.0020000000000000018 -0.0195 4.0527923134897161
0.0024999999999999988 -0.0195 3.9311956817377887
0.0030000000000000027 -0.0195 3.775788646066653
0.0034999999999999996 -0.0195 3.585868044337285
0.0040000000000000036 -0.0195 3.3627497899462053
0.0045000000000000005 -0.0195 3.110012108449411
0.0049999999999999975 -0.0195 2.8334039526459298
0.0055000000000000014 -0.0195 2.5404418735844265
0.0059999999999999984 -0.0195 2.2397701912259125
0.0064999999999999988 -0.0195 1.9403927743790901
0.0069999999999999993 -0.0195 1.6508956201956198
0.0074999999999999997 -0.0195 1.3787683367271915
0.0080000000000000002 -0.0195 1.1299045179325025
0.0085000000000000006 -0.0195 0.90832346660396446
0.0090000000000000011 -0.0195 0.71611703142019945
0.0095000000000000015 -0.0195 0.55359256754261499
0.010000000000000002 -0.0195 0.41956086320234826
0.010500000000000002 -0.0195 0.31170803906617223
0.011000000000000003 -0.0195 0.22699199521430669
0.011500000000000003 -0.0195 0.1620141255616124
0.012000000000000004 -0.0195 0.11333201704450323
0.012499999999999997 -0.0195 0.077695029951443645
0.013000000000000005 -0.0195 0.052199098181746326
0.013499999999999998 -0.0195 0.034367984993013197
0.014000000000000005 -0.0195 0.022174909720051417
0.014499999999999999 -0.0195 0.014021178693340472
0.014999999999999999 -0.0195 0.0086880554398490965
0.0155 -0.0195 0.0052756826287925817
0.016000000000000007 -0.0195 0.0031394769682601873
0.016500000000000001 -0.0195 0.0018309009656239461
0.017000000000000001 -0.0195 0.0010464281760639163
0.017500000000000002 -0.0195 0.00058613934126450988
0.017999999999999995 -0.0195 0.0003217739187324261
0.018500000000000003 -0.0195 0.00017313020124048249
0.019000000000000003 -0.0195 9.1302427618576346e-05
0.019500000000000003 -0.0195 4.7195096580902026e-05
0.019999999999999997 -0.0195 2.3913123791619546e-05
0.020499999999999997 -0.0195 1.1877440513735728e-05
0.021000000000000005 -0.0195 5.7833754985935001e-06
0.021500000000000005 -0.0195 2.7608293770531857e-06
0.021999999999999999 -0.0195 1.2921951311245508e-06
0.022499999999999999 -0.0195 5.9303583944290989e-07
0.023000000000000007 -0.0195 2.6689196063957763e-07
0.023500000000000007 -0.0195 1.1779661485066397e-07
0.024 -0.0195 5.0993846261432951e-08
0.024500000000000001 -0.0195 2.1654053500100888e-08
0.025000000000000001 -0.0195 9.020902560978627e-09
-0.025000000000000001 -0.019 1.6404289191658617e-08
-0.024500000000000001 -0.019 3.9278312514147665e-08
-0.024 -0.019 9.2286631222027276e-08
-0.0235 -0.019 2.127430937709092e-07
-0.023 -0.019 4.8111292101840656e-07
-0.022500000000000003 -0.019 1.0672389831729806e-06
-0.022000000000000002 -0.019 2.3219438835664421e-06
-0.021500000000000002 -0.019 4.9541978007402733e-06
-0.021000000000000001 -0.019 1.0365411356073739e-05
-0.020500000000000001 -0.019 2.1264487783079789e-05
-0.02 -0.019 4.2770617317703268e-05
-0.0195 -0.019 8.4339021041900136e-05
-0.019 -0.019 0.00016303365956478236
-0.018500000000000003 -0.019 0.00030893543525523109
-0.018000000000000002 -0.019 0.0005738237966965463
-0.017500000000000002 -0.019 0.0010446982301020743
-0.017000000000000001 -0.019 0.0018641807486675581
-0.016500000000000001 -0.019 0.0032602850723087878
-0.016 -0.019 0.0055883183196207302
-0.0155 -0.019 0.0093875943263880025
-0.015000000000000001 -0.019 0.015454918151337807
-0.014500000000000001 -0.019 0.024935147694282983
-0.014 -0.019 0.039426275731000708
-0.0135 -0.019 0.061092254078639031
-0.012999999999999999 -0.019 0.092771304727968643
-0.012500000000000001 -0.019 0.13806122420937017
-0.012 -0.019 0.20135717383300031
-0.0115 -0.019 0.28781315458875251
-0.010999999999999999 -0.019 0.40319766430728626
-0.010499999999999999 -0.019 0.55361886194136689
-0.010000000000000002 -0.019 0.74510642020806694
-0.0095000000000000015 -0.019 0.98305658430982845
-0.0090000000000000011 -0.019 1.2715725793371966
-0.0085000000000000006 -0.019 1.6127612121502397
-0.0080000000000000002 -0.019 2.0060731172609425
-0.0074999999999999997 -0.019 2.4477920876405648
-0.0069999999999999993 -0.019 2.9307817030293402
-0.0064999999999999988 -0.019 3.444580005926714
-0.0059999999999999984 -0.019 3.9758936344758071
-0.0054999999999999979 -0.019 4.5094846932216806
-0.005000000000000001 -0.019 5.0293749919482575
-0.0044999999999999971 -0.019 5.5202256863525134
-0.0040000000000000001 -0.019 5.9687004763810929
-0.0035000000000000031 -0.019 6.3646008567094938
-0.0029999999999999992 -0.019 6.7015812337720195
-0.0025000000000000022 -0.019 6.9773111197573447
-0.0019999999999999983 -0.019 7.1930431266753603
-0.0015000000000000013 -0.019 7.3526528776078965
-0.00099999999999999742 -0.019 7.4613187256183888
-0.00050000000000000044 -0.019 7.5240832331071141
0 -0.019 7.5445672887126127
0.00050000000000000044 -0.019 7.524083233107115
0.0010000000000000009 -0.019 7.4613187256183959
0.0015000000000000013 -0.019 7.352652877607901
0.0020000000000000018 -0.019 7.1930431266753629
0.0024999999999999988 -0.019 6.9773111197573554
0.0030000000000000027 -0.019 6.7015812337720293
0.0034999999999999996 -0.019 6.3646008567095063
0.0040000000000000036 -0.019 5.9687004763810974
0.0045000000000000005 -0.019 5.5202256863525161
0.0049999999999999975 -0.019 5.02937499194827
0.0055000000000000014 -0.019 4.5094846932216788
0.0059999999999999984 -0.019 3.9758936344758129
0.0064999999999999988 -0.019 3.4445800059267135
0.0069999999999999993 -0.019 2.9307817030293455
0.0074999999999999997 -0.019 2.4477920876405683
0.0080000000000000002 -0.019 2.0060731172609461
0.0085000000000000006 -0.019 1.6127612121502397
0.0090000000000000011 -0.019 1.2715725793371964
0.0095000000000000015 -0.019 0.98305658430982845
0.010000000000000002 -0.019 0.74510642020806961
0.010500000000000002 -0.019 0.55361886194136589
0.011000000000000003 -0.019 0.40319766430728482
0.011500000000000003 -0.019 0.28781315458875201
0.012000000000000004 -0.019 0.20135717383300031
0.012499999999999997 -0.019 0.13806122420937039
0.013000000000000005 -0.019 0.09277130472796849
0.013499999999999998 -0.019 0.061092254078639142
0.014000000000000005 -0.019 0.039426275731000562
0.014499999999999999 -0.019 0.024935147694282983
0.014999999999999999 -0.019 0.015454918151337834
0.0155 -0.019 0.0093875943263880025
0.016000000000000007 -0.019 0.0055883183196206807
0.016500000000000001 -0.019 0.0032602850723087878
0.017000000000000001 -0.019 0.0018641807486675581
0.017500000000000002 -0.019 0.0010446982301020743
0.017999999999999995 -0.019 0.00057382379669655053
0.018500000000000003 -0.019 0.00030893543525523109
0.019000000000000003 -0.019 0.00016303365956478181
0.019500000000000003 -0.019 8.4339021041899824e-05
0.019999999999999997 -0.019 4.2770617317703566e-05
0.020499999999999997 -0.019 2.1264487783079863e-05
0.021000000000000005 -0.019 1.0365411356073738e-05
0.021500000000000005 -0.019 4.9541978007402547e-06
0.021999999999999999 -0.019 2.3219438835664654e-06
0.022499999999999999 -0.019 1.067238983172991e-06
0.023000000000000007 -0.019 4.8111292101840137e-07
0.023500000000000007 -0.019 2.1274309377090762e-07
0.024 -0.019 9.2286631222027276e-08
0.024500000000000001 -0.019 3.9278312514147665e-08
0.025000000000000001 -0.019 1.6404289191658719e-08
-0.025000000000000001 -0.018500000000000003 2.9373490078237662e-08
-0.024500000000000001 -0.018500000000000003 7.0123876518333752e-08
-0.024 -0.018500000000000003 1.643159206389164e-07
-0.0235 -0.018500000000000003 3.778594674754128e-07
-0.023 -0.018500000000000003 8.5261937661226303e-07
-0.022500000000000003 -0.018500000000000003 1.887537322652368e-06
-0.022000000000000002 -0.018500000000000003 4.0991767578290241e-06
-0.021500000000000002 -0.018500000000000003 8.7318819674110622e-06
-0.021000000000000001 -0.018500000000000003 1.8242424953181767e-05
-0.020500000000000001 -0.018500000000000003 3.737473160153288e-05
-0.02 -0.018500000000000003 7.5085394078227953e-05
-0.0195 -0.018500000000000003 0.00014790381125719996
-0.019 -0.018500000000000003 0.000285639213866068
-0.018500000000000003 -0.018500000000000003 0.00054080673892189103
-0.018000000000000002 -0.018500000000000003 0.001003751942867626
-0.017500000000000002 -0.018500000000000003 0.0018261977031846627
-0.017000000000000001 -0.018500000000000003 0.0032567616063304918
-0.016500000000000001 -0.018500000000000003 0.0056927632739909532
-0.016 -0.018500000000000003 0.0097531259607630295
-0.0155 -0.018500000000000003 0.016377023436478094
-0.015000000000000001 -0.018500000000000003 0.02695166948042271
-0.014500000000000001 -0.018500000000000003 0.043469770049728844
-0.014 -0.018500000000000003 0.068712180074609719
-0.0135 -0.018500000000000003 0.10644396786961113
-0.012999999999999999 -0.018500000000000003 0.16160257126386571
-0.012500000000000001 -0.018500000000000003 0.24044588928742183
-0.012 -0.018500000000000003 0.35061770684902666
-0.0115 -0.018500000000000003 0.50108039543996052
-0.010999999999999999 -0.018500000000000003 0.70186362526037749
-0.010499999999999999 -0.018500000000000003 0.96358622680665684
-0.010000000000000002 -0.018500000000000003 1.2967289597095941
-0.0095000000000000015 -0.018500000000000003 1.7106695654974031
-0.0090000000000000011 -0.018500000000000003 2.2125360257929696
-0.0085000000000000006 -0.018500000000000003 2.8059838370113885
-0.0080000000000000002 -0.018500000000000003 3.4900493460448883
-0.0074999999999999997 -0.018500000000000003 4.2582624479956497
-0.0069999999999999993 -0.018500000000000003 5.0982067425298663
-0.0064999999999999988 -0.018500000000000003 5.9916848657486588
-0.0059999999999999984 -0.018500000000000003 6.9155783037422882
-0.0054999999999999979 -0.018500000000000003 7.8433899289264852
-0.005000000000000001 -0.018500000000000003 8.7473381505877477
-0.0044999999999999971 -0.018500000000000003 9.6007558020234747
-0.0040000000000000001 -0.018500000000000003 10.380460191171547
-0.0035000000000000031 -0.018500000000000003 11.068726584374769
-0.0029999999999999992 -0.018500000000000003 11.654531008898864
-0.0025000000000000022 -0.018500000000000003 12.133831549433138
-0.0019999999999999983 -0.018500000000000003 12.508816436486009
-0.0015000000000000013 -0.018500000000000003 12.786233951988455
-0.00099999999999999742 -0.018500000000000003 12.975096125496338
-0.00050000000000000044 -0.018500000000000003 13.084176956735343
0 -0.018500000000000003 13.119776178922011
0.00050000000000000044 -0.018500000000000003 13.084176956735348
0.0010000000000000009 -0.018500000000000003 12.975096125496338
0.0015000000000000013 -0.018500000000000003 12.786233951988464
0.0020000000000000018 -0.018500000000000003 12.508816436486013
0.0024999999999999988 -0.018500000000000003 12.133831549433152
0.0030000000000000027 -0.018500000000000003 11.654531008898884
0.0034999999999999996 -0.018500000000000003 11.068726584374792
0.0040000000000000036 -0.018500000000000003 10.380460191171556
0.0045000000000000005 -0.018500000000000003 9.6007558020234782
0.0049999999999999975 -0.018500000000000003 8.7473381505877619
0.0055000000000000014 -0.018500000000000003 7.8433899289265021
0.0059999999999999984 -0.018500000000000003 6.9155783037423042
0.0064999999999999988 -0.018500000000000003 5.9916848657486739
0.0069999999999999993 -0.018500000000000003 5.0982067425298743
0.0074999999999999997 -0.018500000000000003 4.2582624479956497
0.0080000000000000002 -0.018500000000000003 3.4900493460448945
0.0085000000000000006 -0.018500000000000003 2.8059838370113885
0.0090000000000000011 -0.018500000000000003 2.2125360257929696
0.0095000000000000015 -0.018500000000000003 1.7106695654974062
0.010000000000000002 -0.018500000000000003 1.2967289597095963
0.010500000000000002 -0.018500000000000003 0.96358622680665673
0.011000000000000003 -0.018500000000000003 0.70186362526037749
0.011500000000000003 -0.018500000000000003 0.50108039543996041
0.012000000000000004 -0.018500000000000003 0.35061770684902538
0.012499999999999997 -0.018500000000000003 0.24044588928742311
0.013000000000000005 -0.018500000000000003 0.16160257126386512
0.013499999999999998 -0.018500000000000003 0.10644396786961113
0.014000000000000005 -0.018500000000000003 0.068712180074609344
0.014499999999999999 -0.018500000000000003 0.043469770049728997
0.014999999999999999 -0.018500000000000003 0.02695166948042271
0.0155 -0.018500000000000003 0.016377023436478094
0.016000000000000007 -0.018500000000000003 0.0097531259607629411
0.016500000000000001 -0.018500000000000003 0.0056927632739909532
0.017000000000000001 -0.018500000000000003 0.0032567616063304918
0.017500000000000002 -0.018500000000000003 0.0018261977031846627
0.017999999999999995 -0.018500000000000003 0.0010037519428676364
0.018500000000000003 -0.018500000000000003 0.00054080673892189103
0.019000000000000003 -0.018500000000000003 0.00028563921386606697
0.019500000000000003 -0.018500000000000003 0.00014790381125719994
0.019999999999999997 -0.018500000000000003 7.5085394078228237e-05
0.020499999999999997 -0.018500000000000003 3.7374731601533015e-05
0.021000000000000005 -0.018500000000000003 1.8242424953181763e-05
0.021500000000000005 -0.018500000000000003 8.7318819674110284e-06
0.021999999999999999 -0.018500000000000003 4.0991767578290512e-06
0.022499999999999999 -0.018500000000000003 1.8875373226523801e-06
0.023000000000000007 -0.018500000000000003 8.5261937661225625e-07
0.023500000000000007 -0.018500000000000003 3.7785946747540888e-07
0.024 -0.018500000000000003 1.643159206389164e-07
0.024500000000000001 -0.018500000000000003 7.0123876518333752e-08
0.025000000000000001 -0.018500000000000003 2.9373490078237745e-08
-0.025000000000000001 -0.018000000000000002 5.1832304770557487e-08
-0.024500000000000001 -0.018000000000000002 1.233152025789614e-07
-0.024 -0.018000000000000002 2.8804402126199492e-07
-0.0235 -0.018000000000000002 6.6047339313016155e-07
-0.023 -0.018000000000000002 1.4864047777686938e-06
-0.022500000000000003 -0.018000000000000002 3.2827569293894269e-06
-0.022000000000000002 -0.018000000000000002 7.1137498760937524e-06
-0.021500000000000002 -0.018000000000000002 1.5123734307606126e-05
-0.021000000000000001 -0.018000000000000002 3.1540349756622115e-05
-0.020500000000000001 -0.018000000000000002 6.4516604962647621e-05
-0.02 -0.018000000000000002 0.00012942809973568719
-0.0195 -0.018000000000000002 0.00025462213044906906
-0.019 -0.018000000000000002 0.00049117517288537827
-0.018500000000000003 -0.018000000000000002 0.00092899870625308813
-0.018000000000000002 -0.018000000000000002 0.001722667266195218
-0.017500000000000002 -0.018000000000000002 0.0031316097315688576
-0.017000000000000001 -0.018000000000000002 0.0055807065373803689
-0.016500000000000001 -0.018000000000000002 0.0097486460878378634
-0.016 -0.018000000000000002 0.016692215067989381
-0.0155 -0.018000000000000002 0.028014430769607458
-0.015000000000000001 -0.018000000000000002 0.046082282365870544
-0.014500000000000001 -0.018000000000000002 0.074294942123233745
-0.014 -0.018000000000000002 0.11739482527815709
-0.0135 -0.018000000000000002 0.1818013774132127
-0.012999999999999999 -0.018000000000000002 0.27593126025147269
-0.012500000000000001 -0.018000000000000002 0.41045015410917529
-0.012 -0.018000000000000002 0.5983836193374743
-0.0115 -0.018000000000000002 0.8550017840419637
-0.010999999999999999 -0.018000000000000002 1.1973905923512003
-0.010499999999999999 -0.018000000000000002 1.6436366817591246
-0.010000000000000002 -0.018000000000000002 2.2115880953709599
-0.0095000000000000015 -0.018000000000000002 2.9172103030627099
-0.0090000000000000011 -0.018000000000000002 3.7726328703538137
-0.0085000000000000006 -0.018000000000000002 4.7840670676747878
-0.0080000000000000002 -0.018000000000000002 5.9498534260138403
-0.0074999999999999997 -0.018000000000000002 7.2589514390388343
-0.0069999999999999993 -0.018000000000000002 8.6901917315272783
-0.0064999999999999988 -0.018000000000000002 10.21255922333026
-0.0059999999999999984 -0.018000000000000002 11.786659259337693
-0.0054999999999999979 -0.018000000000000002 13.367346512420607
-0.005000000000000001 -0.018000000000000002 14.907293177251827
-0.0044999999999999971 -0.018000000000000002 16.361075802067138
-0.0040000000000000001 -0.018000000000000002 17.689212473329096
-0.0035000000000000031 -0.018000000000000002 18.861523938729608
-0.0029999999999999992 -0.018000000000000002 19.859249571667384
-0.0025000000000000022 -0.018000000000000002 20.675525076123439
-0.0019999999999999983 -0.018000000000000002 21.314099923430579
-0.0015000000000000013 -0.018000000000000002 21.786490613724794
-0.00099999999999999742 -0.018000000000000002 22.10806728252755
-0.00050000000000000044 -0.018000000000000002 22.29379050456355
0 -0.018000000000000002 22.354400773547688
0.00050000000000000044 -0.018000000000000002 22.293790504563546
0.0010000000000000009 -0.018000000000000002 22.10806728252755
0.0015000000000000013 -0.018000000000000002 21.786490613724801
0.0020000000000000018 -0.018000000000000002 21.314099923430582
0.0024999999999999988 -0.018000000000000002 20.675525076123474
0.0030000000000000027 -0.018000000000000002 19.859249571667412
0.0034999999999999996 -0.018000000000000002 18.861523938729643
0.0040000000000000036 -0.018000000000000002 17.689212473329114
0.0045000000000000005 -0.018000000000000002 16.361075802067141
0.0049999999999999975 -0.018000000000000002 14.907293177251852
0.0055000000000000014 -0.018000000000000002 13.367346512420625
0.0059999999999999984 -0.018000000000000002 11.786659259337721
0.0064999999999999988 -0.018000000000000002 10.212559223330276
0.0069999999999999993 -0.018000000000000002 8.6901917315272907
0.0074999999999999997 -0.018000000000000002 7.2589514390388459
0.0080000000000000002 -0.018000000000000002 5.94985342601385
0.0085000000000000006 -0.018000000000000002 4.7840670676747967
0.0090000000000000011 -0.018000000000000002 3.7726328703538203
0.0095000000000000015 -0.018000000000000002 2.9172103030627099
0.010000000000000002 -0.018000000000000002 2.2115880953709639
0.010500000000000002 -0.018000000000000002 1.6436366817591246
0.011000000000000003 -0.018000000000000002 1.197390592351198
0.011500000000000003 -0.018000000000000002 0.8550017840419607
0.012000000000000004 -0.018000000000000002 0.5983836193374743
0.012499999999999997 -0.018000000000000002 0.41045015410917596
0.013000000000000005 -0.018000000000000002 0.27593126025147219
0.013499999999999998 -0.018000000000000002 0.18180137741321301
0.014000000000000005 -0.018000000000000002 0.11739482527815645
0.014499999999999999 -0.018000000000000002 0.074294942123233745
0.014999999999999999 -0.018000000000000002 0.046082282365870628
0.0155 -0.018000000000000002 0.028014430769607458
0.016000000000000007 -0.018000000000000002 0.016692215067989232
0.016500000000000001 -0.018000000000000002 0.0097486460878378634
0.017000000000000001 -0.018000000000000002 0.0055807065373803689
0.017500000000000002 -0.018000000000000002 0.0031316097315688576
0.017999999999999995 -0.018000000000000002 0.0017226672661952334
0.018500000000000003 -0.018000000000000002 0.00092899870625308813
0.019000000000000003 -0.018000000000000002 0.00049117517288537653
0.019500000000000003 -0.018000000000000002 0.00025462213044906814
0.019999999999999997 -0.018000000000000002 0.00012942809973568811
0.020499999999999997 -0.018000000000000002 6.4516604962648068e-05
0.021000000000000005 -0.018000000000000002 3.1540349756622108e-05
0.021500000000000005 -0.018000000000000002 1.5123734307606075e-05
0.021999999999999999 -0.018000000000000002 7.1137498760937981e-06
0.022499999999999999 -0.018000000000000002 3.2827569293894476e-06
0.023000000000000007 -0.018000000000000002 1.4864047777686726e-06
0.023500000000000007 -0.018000000000000002 6.6047339313015478e-07
0.024 -0.018000000000000002 2.8804402126199582e-07
0.024500000000000001 -0.018000000000000002 1.2331520257896177e-07
0.025000000000000001 -0.018000000000000002 5.1832304770557487e-08
-0.025000000000000001 -0.017500000000000002 9.0213936625732549e-08
-0.024500000000000001 -0.017500000000000002 2.1378281986176127e-07
-0.024 -0.017500000000000002 4.9753994835268945e-07
-0.0235 -0.017500000000000002 1.1370080426095656e-06
-0.023 -0.017500000000000002 2.5509727011806698e-06
-0.022500000000000003 -0.017500000000000002 5.6180245255170909e-06
-0.022000000000000002 -0.017500000000000002 1.2143084211275464e-05
-0.021500000000000002 -0.017500000000000002 2.5755947769001518e-05
-0.021000000000000001 -0.017500000000000002 5.3600480894083583e-05
-0.020500000000000001 -0.017500000000000002 0.00010943241068017074
-0.02 -0.017500000000000002 0.0002191578302387838
-0.0195 -0.017500000000000002 0.00043048049022062729
-0.019 -0.017500000000000002 0.0008292608104345018
-0.018500000000000003 -0.017500000000000002 0.0015664972209692284
-0.018000000000000002 -0.017500000000000002 0.0029015651024350002
-0.017500000000000002 -0.017500000000000002 0.0052694608982740377
-0.017000000000000001 -0.017500000000000002 0.0093821338004981408
-0.016500000000000001 -0.017500000000000002 0.016376167761188189
-0.016 -0.017500000000000002 0.02802043813735286
-0.0155 -0.017500000000000002 0.046996911189889037
-0.015000000000000001 -0.017500000000000002 0.07726416953784157
-0.014500000000000001 -0.017500000000000002 0.1245050491202524
-0.014 -0.017500000000000002 0.19664561177181056
-0.0135 -0.017500000000000002 0.30441181891790009
-0.012999999999999999 -0.017500000000000002 0.46186323576646676
-0.012500000000000001 -0.017500000000000002 0.68681232546244353
-0.012 -0.017500000000000002 1.0010082643292124
-0.0115 -0.017500000000000002 1.4299431027620582
-0.010999999999999999 -0.017500000000000002 2.0021347530911089
-0.010499999999999999 -0.017500000000000002 2.7477652521477198
-0.010000000000000002 -0.017500000000000002 3.6966114156103331
-0.0095000000000000015 -0.017500000000000002 4.8753005806789167
-0.0090000000000000011 -0.017500000000000002 6.304050719036236
-0.0085000000000000006 -0.017500000000000002 7.9931959252230671
-0.0080000000000000002 -0.017500000000000002 9.9399295674633663
-0.0074999999999999997 -0.017500000000000002 12.125786064742961
-0.0069999999999999993 -0.017500000000000002 14.515395704091958
-0.0064999999999999988 -0.017500000000000002 17.056960391412712
-0.0059999999999999984 -0.017500000000000002 19.684703644722084
-0.0054999999999999979 -0.017500000000000002 22.323260793076635
-0.005000000000000001 -0.017500000000000002 24.893636094980685
-0.0044999999999999971 -0.017500000000000002 27.320024490626196
-0.0040000000000000001 -0.017500000000000002 29.536549409543262
-0.0035000000000000031 -0.017500000000000002 31.492871153233239
-0.0029999999999999992 -0.017500000000000002 33.157716146917814
-0.0025000000000000022 -0.017500000000000002 34.519671184694204
-0.0019999999999999983 -0.017500000000000002 35.585039312003673
-0.0015000000000000013 -0.017500000000000002 36.37308493541255
-0.00099999999999999742 -0.017500000000000002 36.909498836836107
-0.00050000000000000044 -0.017500000000000002 37.219279811153257
0 -0.017500000000000002 37.320372512515405
0.00050000000000000044 -0.017500000000000002 37.21927981115325
0.0010000000000000009 -0.017500000000000002 36.909498836836121
0.0015000000000000013 -0.017500000000000002 36.373084935412564
0.0020000000000000018 -0.017500000000000002 35.58503931200368
0.0024999999999999988 -0.017500000000000002 34.519671184694225
0.0030000000000000027 -0.017500000000000002 33.157716146917814
0.0034999999999999996 -0.017500000000000002 31.492871153233263
0.0040000000000000036 -0.017500000000000002 29.536549409543291
0.0045000000000000005 -0.017500000000000002 27.320024490626182
0.0049999999999999975 -0.017500000000000002 24.893636094980724
0.0055000000000000014 -0.017500000000000002 22.323260793076642
0.0059999999999999984 -0.017500000000000002 19.684703644722099
0.0064999999999999988 -0.017500000000000002 17.05696039141273
0.0069999999999999993 -0.017500000000000002 14.515395704091983
0.0074999999999999997 -0.017500000000000002 12.125786064742961
0.0080000000000000002 -0.017500000000000002 9.9399295674633823
0.0085000000000000006 -0.017500000000000002 7.9931959252230671
0.0090000000000000011 -0.017500000000000002 6.304050719036236
0.0095000000000000015 -0.017500000000000002 4.8753005806789167
0.010000000000000002 -0.017500000000000002 3.6966114156103331
0.010500000000000002 -0.017500000000000002 2.7477652521477101
0.011000000000000003 -0.017500000000000002 2.0021347530911049
0.011500000000000003 -0.017500000000000002 1.4299431027620555
0.012000000000000004 -0.017500000000000002 1.0010082643292089
0.012499999999999997 -0.017500000000000002 0.68681232546244486
0.013000000000000005 -0.017500000000000002 0.46186323576646515
0.013499999999999998 -0.017500000000000002 0.30441181891790009
0.014000000000000005 -0.017500000000000002 0.19664561177180953
0.014499999999999999 -0.017500000000000002 0.1245050491202524
0.014999999999999999 -0.017500000000000002 0.077264169537841584
0.0155 -0.017500000000000002 0.046996911189888878
0.016000000000000007 -0.017500000000000002 0.028020438137352614
0.016500000000000001 -0.017500000000000002 0.016376167761188189
0.017000000000000001 -0.017500000000000002 0.0093821338004981096
0.017500000000000002 -0.017500000000000002 0.0052694608982740377
0.017999999999999995 -0.017500000000000002 0.0029015651024350258
0.018500000000000003 -0.017500000000000002 0.0015664972209692256
0.019000000000000003 -0.017500000000000002 0.00082926081043449877
0.019500000000000003 -0.017500000000000002 0.00043048049022062577
0.019999999999999997 -0.017500000000000002 0.00021915783023878458
0.020499999999999997 -0.017500000000000002 0.00010943241068017111
0.021000000000000005 -0.017500000000000002 5.3600480894083569e-05
0.021500000000000005 -0.017500000000000002 2.575594776900143e-05
0.021999999999999999 -0.017500000000000002 1.2143084211275503e-05
0.022499999999999999 -0.017500000000000002 5.6180245255171434e-06
0.023000000000000007 -0.017500000000000002 2.5509727011806427e-06
0.023500000000000007 -0.017500000000000002 1.1370080426095527e-06
0.024 -0.017500000000000002 4.9753994835268945e-07
0.024500000000000001 -0.017500000000000002 2.1378281986176127e-07
0.025000000000000001 -0.017500000000000002 9.0213936625732801e-08
-0.025000000000000001 -0.017000000000000001 1.5501367981750815e-07
-0.024500000000000001 -0.017000000000000001 3.65698570335145e-07
-0.024 -0.017000000000000001 8.4754928631012861e-07
-0.0235 -0.017000000000000001 1.9293840009470168e-06
-0.023 -0.017000000000000001 4.313284242496031e-06
-0.022500000000000003 -0.017000000000000001 9.4679956358521882e-06
-0.022000000000000002 -0.017000000000000001 2.0403069575994151e-05
-0.021500000000000002 -0.017000000000000001 4.3156891002783244e-05
-0.021000000000000001 -0.017000000000000001 8.958905540458775e-05
-0.020500000000000001 -0.017000000000000001 0.00018249316696699797
-0.02 -0.017000000000000001 0.00036472516172075136
-0.0195 -0.017000000000000001 0.00071508393968435023
-0.019 -0.017000000000000001 0.001375211067972004
-0.018500000000000003 -0.017000000000000001 0.0025939147799060023
-0.018000000000000002 -0.017000000000000001 0.0047981417469114308
-0.017500000000000002 -0.017000000000000001 0.008703269085138467
-0.017000000000000001 -0.017000000000000001 0.015479197727361376
-0.016500000000000001 -0.017000000000000001 0.026992279458375321
-0.016 -0.017000000000000001 0.046145317333755514
-0.0155 -0.017000000000000001 0.077337110831869171
-0.015000000000000001 -0.017000000000000001 0.12705713141278432
-0.014500000000000001 -0.017000000000000001 0.20461749013647018
-0.014 -0.017000000000000001 0.3230011927692843
-0.0135 -0.017000000000000001 0.4997715770263747
-0.012999999999999999 -0.017000000000000001 0.757943646801013
-0.012500000000000001 -0.017000000000000001 1.1266677586318017
-0.012 -0.017000000000000001 1.641527747124937
-0.0115 -0.017000000000000001 2.3442211595220659
-0.010999999999999999 -0.017000000000000001 3.2813839035057333
-0.010499999999999999 -0.017000000000000001 4.5023608886346835
-0.010000000000000002 -0.017000000000000001 6.0558202297413448
-0.0095000000000000015 -0.017000000000000001 7.9852648713915979
-0.0090000000000000011 -0.017000000000000001 10.323702420343592
-0.0085000000000000006 -0.017000000000000001 13.087965589689697
-0.0080000000000000002 -0.017000000000000001 16.273390149366698
-0.0074999999999999997 -0.017000000000000001 19.849702072601129
-0.0069999999999999993 -0.017000000000000001 23.758987356085434
-0.0064999999999999988 -0.017000000000000001 27.91647634583699
-0.0059999999999999984 -0.017000000000000001 32.214556116269449
-0.0054999999999999979 -0.017000000000000001 36.529954568461633
-0.005000000000000001 -0.017000000000000001 40.733485248514619
-0.0044999999999999971 -0.017000000000000001 44.701204061009904
-0.0040000000000000001 -0.017000000000000001 48.325426523593563
-0.0035000000000000031 -0.017000000000000001 51.523895987988055
-0.0029999999999999992 -0.017000000000000001 54.245550089909273
-0.0025000000000000022 -0.017000000000000001 56.471813354442162
-0.0019999999999999983 -0.017000000000000001 58.21308398421683
-0.0015000000000000013 -0.017000000000000001 59.500951139846812
-0.00099999999999999742 -0.017000000000000001 60.377501686783162
-0.00050000000000000044 -0.017000000000000001 60.883673894043859
0 -0.017000000000000001 61.048849097582831
0.00050000000000000044 -0.017000000000000001 60.883673894043881
0.0010000000000000009 -0.017000000000000001 60.37750168678317
0.0015000000000000013 -0.017000000000000001 59.500951139846812
0.0020000000000000018 -0.017000000000000001 58.213083984216823
0.0024999999999999988 -0.017000000000000001 56.47181335444224
0.0030000000000000027 -0.017000000000000001 54.245550089909322
0.0034999999999999996 -0.017000000000000001 51.523895987988134
0.0040000000000000036 -0.017000000000000001 48.325426523593578
0.0045000000000000005 -0.017000000000000001 44.701204061009889
0.0049999999999999975 -0.017000000000000001 40.733485248514654
0.0055000000000000014 -0.017000000000000001 36.529954568461648
0.0059999999999999984 -0.017000000000000001 32.21455611626947
0.0064999999999999988 -0.017000000000000001 27.916476345837005
0.0069999999999999993 -0.017000000000000001 23.758987356085456
0.0074999999999999997 -0.017000000000000001 19.849702072601126
0.0080000000000000002 -0.017000000000000001 16.273390149366712
0.0085000000000000006 -0.017000000000000001 13.087965589689695
0.0090000000000000011 -0.017000000000000001 10.323702420343592
0.0095000000000000015 -0.017000000000000001 7.985264871391597
0.010000000000000002 -0.017000000000000001 6.0558202297413448
0.010500000000000002 -0.017000000000000001 4.5023608886346755
0.011000000000000003 -0.017000000000000001 3.2813839035057217
0.011500000000000003 -0.017000000000000001 2.3442211595220614
0.012000000000000004 -0.017000000000000001 1.6415277471249339
0.012499999999999997 -0.017000000000000001 1.1266677586318037
0.013000000000000005 -0.017000000000000001 0.75794364680101034
0.013499999999999998 -0.017000000000000001 0.49977157702637559
0.014000000000000005 -0.017000000000000001 0.32300119276928313
0.014499999999999999 -0.017000000000000001 0.20461749013647054
0.014999999999999999 -0.017000000000000001 0.12705713141278455
0.0155 -0.017000000000000001 0.077337110831869171
0.016000000000000007 -0.017000000000000001 0.046145317333755105
0.016500000000000001 -0.017000000000000001 0.026992279458375321
0.017000000000000001 -0.017000000000000001 0.015479197727361376
0.017500000000000002 -0.017000000000000001 0.0087032690851384514
0.017999999999999995 -0.017000000000000001 0.0047981417469114664
0.018500000000000003 -0.017000000000000001 0.0025939147799060023
0.019000000000000003 -0.017000000000000001 0.0013752110679719992
0.019500000000000003 -0.017000000000000001 0.00071508393968434535
0.019999999999999997 -0.017000000000000001 0.00036472516172075386
0.020499999999999997 -0.017000000000000001 0.00018249316696699919
0.021000000000000005 -0.017000000000000001 8.9589055404587452e-05
0.021500000000000005 -0.017000000000000001 4.3156891002782953e-05
0.021999999999999999 -0.017000000000000001 2.040306957599434e-05
0.022499999999999999 -0.017000000000000001 9.4679956358522746e-06
0.023000000000000007 -0.017000000000000001 4.3132842424959701e-06
0.023500000000000007 -0.017000000000000001 1.9293840009469961e-06
0.024 -0.017000000000000001 8.4754928631012861e-07
0.024500000000000001 -0.017000000000000001 3.65698570335145e-07
0.025000000000000001 -0.017000000000000001 1.5501367981750815e-07
-0.025000000000000001 -0.016500000000000001 2.6319808684516711e-07
-0.024500000000000001 -0.016500000000000001 6.1782353949635345e-07
-0.024 -0.016500000000000001 1.4251606015642201e-06
-0.0235 -0.016500000000000001 3.2300337255818416e-06
-0.023 -0.016500000000000001 7.1914823661181995e-06
-0.022500000000000003 -0.016500000000000001 1.5726113036928923e-05
-0.022000000000000002 -0.016500000000000001 3.3770688447738145e-05
-0.021500000000000002 -0.016500000000000001 7.1203175950106673e-05
-0.021000000000000001 -0.016500000000000001 0.0001473762162664949
-0.020500000000000001 -0.016500000000000001 0.0002994019441483632
-0.02 -0.016500000000000001 0.00059691849429336892
-0.0195 -0.016500000000000001 0.0011677408704097762
-0.019 -0.016500000000000001 0.0022412525713226745
-0.018500000000000003 -0.016500000000000001 0.0042198206564710789
-0.018000000000000002 -0.016500000000000001 0.0077930282084209381
-0.017500000000000002 -0.016500000000000001 0.014115033687435176
-0.017000000000000001 -0.016500000000000001 0.025071450150255328
-0.016500000000000001 -0.016500000000000001 0.043667798536513376
-0.016 -0.016500000000000001 0.07457508805527599
-0.0155 -0.016500000000000001 0.12486680097592011
-0.015000000000000001 -0.016500000000000001 0.20497208365318428
-0.014500000000000001 -0.016500000000000001 0.32984840083572142
-0.014 -0.016500000000000001 0.52033977747926385
-0.0135 -0.016500000000000001 0.80463213437059145
-0.012999999999999999 -0.016500000000000001 1.2196465031045154
-0.012500000000000001 -0.016500000000000001 1.8121304957453115
-0.012 -0.016500000000000001 2.6391310722255157
-0.0115 -0.016500000000000001 3.7674767025535627
-0.010999999999999999 -0.016500000000000001 5.2718886236861051
-0.010499999999999999 -0.016500000000000001 7.2314039859460921
-0.010000000000000002 -0.016500000000000001 9.7239475669566069
-0.0095000000000000015 -0.016500000000000001 12.819139119849561
-0.0090000000000000011 -0.016500000000000001 16.569754809440361
-0.0085000000000000006 -0.016500000000000001 21.002632003086607
-0.0080000000000000002 -0.016500000000000001 26.110149955718565
-0.0074999999999999997 -0.016500000000000001 31.843650486660401
-0.0069999999999999993 -0.016500000000000001 38.110197245232911
-0.0064999999999999988 -0.016500000000000001 44.773844902512671
-0.0059999999999999984 -0.016500000000000001 51.662079491502567
-0.0054999999999999979 -0.016500000000000001 58.577338302263321
-0.005000000000000001 -0.016500000000000001 65.312629270462139
-0.0044999999999999971 -0.016500000000000001 71.669408462813635
-0.0040000000000000001 -0.016500000000000001 77.475229793211568
-0.0035000000000000031 -0.016500000000000001 82.598428083642077
-0.0029999999999999992 -0.016500000000000001 86.957348298759698
-0.0025000000000000022 -0.016500000000000001 90.522404227868591
-0.0019999999999999983 -0.016500000000000001 93.310435867711703
-0.0015000000000000013 -0.016500000000000001 95.372225973760848
-0.00099999999999999742 -0.016500000000000001 96.775354255451049
-0.00050000000000000044 -0.016500000000000001 97.585526474116378
0 -0.016500000000000001 97.849889657955401
0.00050000000000000044 -0.016500000000000001 97.585526474116406
0.0010000000000000009 -0.016500000000000001 96.775354255451049
0.0015000000000000013 -0.016500000000000001 95.372225973760848
0.0020000000000000018 -0.016500000000000001 93.310435867711675
0.0024999999999999988 -0.016500000000000001 90.522404227868719
0.0030000000000000027 -0.016500000000000001 86.957348298759769
0.0034999999999999996 -0.016500000000000001 82.598428083642204
0.0040000000000000036 -0.016500000000000001 77.475229793211597
0.0045000000000000005 -0.016500000000000001 71.669408462813607
0.0049999999999999975 -0.016500000000000001 65.312629270462196
0.0055000000000000014 -0.016500000000000001 58.57733830226335
0.0059999999999999984 -0.016500000000000001 51.662079491502645
0.0064999999999999988 -0.016500000000000001 44.7738449025127
0.0069999999999999993 -0.016500000000000001 38.110197245232946
0.0074999999999999997 -0.016500000000000001 31.843650486660398
0.0080000000000000002 -0.016500000000000001 26.110149955718587
0.0085000000000000006 -0.016500000000000001 21.002632003086603
0.0090000000000000011 -0.016500000000000001 16.569754809440361
0.0095000000000000015 -0.016500000000000001 12.819139119849559
0.010000000000000002 -0.016500000000000001 9.7239475669566069
0.010500000000000002 -0.016500000000000001 7.2314039859460779
0.011000000000000003 -0.016500000000000001 5.2718886236860962
0.011500000000000003 -0.016500000000000001 3.7674767025535498
0.012000000000000004 -0.016500000000000001 2.6391310722255064
0.012499999999999997 -0.016500000000000001 1.8121304957453146
0.013000000000000005 -0.016500000000000001 1.2196465031045092
0.013499999999999998 -0.016500000000000001 0.80463213437059278
0.014000000000000005 -0.016500000000000001 0.52033977747926108
0.014499999999999999 -0.016500000000000001 0.32984840083572253
0.014999999999999999 -0.016500000000000001 0.20497208365318462
0.0155 -0.016500000000000001 0.12486680097592011
0.016000000000000007 -0.016500000000000001 0.074575088055275338
0.016500000000000001 -0.016500000000000001 0.043667798536513376
0.017000000000000001 -0.016500000000000001 0.025071450150255328
0.017500000000000002 -0.016500000000000001 0.01411503368743515
0.017999999999999995 -0.016500000000000001 0.0077930282084209927
0.018500000000000003 -0.016500000000000001 0.0042198206564710789
0.019000000000000003 -0.016500000000000001 0.0022412525713226663
0.019500000000000003 -0.016500000000000001 0.001167740870409772
0.019999999999999997 -0.016500000000000001 0.00059691849429337304
0.020499999999999997 -0.016500000000000001 0.00029940194414836531
0.021000000000000005 -0.016500000000000001 0.00014737621626649438
0.021500000000000005 -0.016500000000000001 7.1203175950106199e-05
0.021999999999999999 -0.016500000000000001 3.377068844773845e-05
0.022499999999999999 -0.016500000000000001 1.5726113036929058e-05
0.023000000000000007 -0.016500000000000001 7.1914823661181072e-06
0.023500000000000007 -0.016500000000000001 3.2300337255818162e-06
0.024 -0.016500000000000001 1.4251606015642201e-06
0.024500000000000001 -0.016500000000000001 6.1782353949635345e-07
0.025000000000000001 -0.016500000000000001 2.6319808684516711e-07
-0.025000000000000001 -0.016 4.4195969675086853e-07
-0.024500000000000001 -0.016 1.0317695276049625e-06
-0.024 -0.016 2.3676585499311786e-06
-0.0235 -0.016 5.339800251682902e-06
-0.023 -0.016 1.1833935222859464e-05
-0.022500000000000003 -0.016 2.576660506423831e-05
-0.022000000000000002 -0.016 5.5110326754250264e-05
-0.021500000000000002 -0.016 0.0001157657499650043
-0.021000000000000001 -0.016 0.00023879366234306345
-0.020500000000000001 -0.016 0.00048360088642346332
-0.02 -0.016 0.00096139405786756465
-0.0195 -0.016 0.0018758469807358175
-0.019 -0.016 0.0035917836229126042
-0.018500000000000003 -0.016 0.0067480573362267982
-0.018000000000000002 -0.016 0.012437880474908687
-0.017500000000000002 -0.016 0.02248849639242486
-0.017000000000000001 -0.016 0.039881598927866906
-0.016500000000000001 -0.016 0.069364736011317096
-0.016 -0.016 0.11830935273944115
-0.0155 -0.016 0.19786904000882283
-0.015000000000000001 -0.016 0.32447659237811843
-0.014500000000000001 -0.016 0.52168458729929679
-0.014 -0.016 0.82229587748499244
-0.0135 -0.016 1.2706446870003354
-0.012999999999999999 -0.016 1.9247781117622731
-0.012500000000000001 -0.016 2.8581618253639753
-0.012 -0.016 4.1604127163006268
-0.0115 -0.016 5.9364753117528561
-0.010999999999999999 -0.016 8.3036460504803831
-0.010499999999999999 -0.016 11.385948834530966
-0.010000000000000002 -0.016 15.305607025516007
-0.0095000000000000015 -0.016 20.171750061224859
-0.0090000000000000011 -0.016 26.06701276833671
-0.0085000000000000006 -0.016 33.033266983010719
-0.0080000000000000002 -0.016 41.058263198820924
-0.0074999999999999997 -0.016 50.065322612170483
-0.0069999999999999993 -0.016 59.908273295427541
-0.0064999999999999988 -0.016 70.373466874911756
-0.0059999999999999984 -0.016 81.189911024114338
-0.0054999999999999979 -0.016 92.047371400637033
-0.005000000000000001 -0.016 102.62090239689499
-0.0044999999999999971 -0.016 112.59891470622176
-0.0040000000000000001 -0.016 121.7108769431576
-0.0035000000000000031 -0.016 129.75035231230959
-0.0029999999999999992 -0.016 136.58946728644494
-0.0025000000000000022 -0.016 142.18211929595415
-0.0019999999999999983 -0.016 146.55509250016618
-0.0015000000000000013 -0.016 149.78843468075334
-0.00099999999999999742 -0.016 151.98851712110059
-0.00050000000000000044 -0.016 153.25870409758463
0 -0.016 153.67314523588533
0.00050000000000000044 -0.016 153.25870409758457
0.0010000000000000009 -0.016 151.98851712110056
0.0015000000000000013 -0.016 149.78843468075334
0.0020000000000000018 -0.016 146.55509250016627
0.0024999999999999988 -0.016 142.18211929595427
0.0030000000000000027 -0.016 136.58946728644503
0.0034999999999999996 -0.016 129.75035231230987
0.0040000000000000036 -0.016 121.71087694315761
0.0045000000000000005 -0.016 112.59891470622179
0.0049999999999999975 -0.016 102.62090239689516
0.0055000000000000014 -0.016 92.047371400637005
0.0059999999999999984 -0.016 81.189911024114394
0.0064999999999999988 -0.016 70.373466874911756
0.0069999999999999993 -0.016 59.908273295427634
0.0074999999999999997 -0.016 50.065322612170569
0.0080000000000000002 -0.016 41.058263198820995
0.0085000000000000006 -0.016 33.033266983010719
0.0090000000000000011 -0.016 26.067012768336706
0.0095000000000000015 -0.016 20.171750061224856
0.010000000000000002 -0.016 15.305607025516021
0.010500000000000002 -0.016 11.385948834530954
0.011000000000000003 -0.016 8.3036460504803689
0.011500000000000003 -0.016 5.9364753117528402
0.012000000000000004 -0.016 4.1604127163006197
0.012499999999999997 -0.016 2.8581618253639807
0.013000000000000005 -0.016 1.9247781117622695
0.013499999999999998 -0.016 1.2706446870003374
0.014000000000000005 -0.016 0.82229587748498811
0.014499999999999999 -0.016 0.52168458729929679
0.014999999999999999 -0.016 0.32447659237811899
0.0155 -0.016 0.19786904000882283
0.016000000000000007 -0.016 0.11830935273944011
0.016500000000000001 -0.016 0.069364736011317096
0.017000000000000001 -0.016 0.039881598927866906
0.017500000000000002 -0.016 0.022488496392424825
0.017999999999999995 -0.016 0.012437880474908795
0.018500000000000003 -0.016 0.0067480573362267982
0.019000000000000003 -0.016 0.0035917836229125977
0.019500000000000003 -0.016 0.0018758469807358138
0.019999999999999997 -0.016 0.00096139405786757138
0.020499999999999997 -0.016 0.00048360088642346641
0.021000000000000005 -0.016 0.00023879366234306259
0.021500000000000005 -0.016 0.00011576574996500347
0.021999999999999999 -0.016 5.5110326754250738e-05
0.022499999999999999 -0.016 2.5766605064238452e-05
0.023000000000000007 -0.016 1.1833935222859326e-05
0.023500000000000007 -0.016 5.3398002516828452e-06
0.024 -0.016 2.3676585499311786e-06
0.024500000000000001 -0.016 1.0317695276049625e-06
0.025000000000000001 -0.016 4.4195969675086853e-07
-0.025000000000000001 -0.0155 7.3450709147732542e-07
-0.024500000000000001 -0.0155 1.7046406917633227e-06
-0.024 -0.0155 3.8896143354950306e-06
-0.0235 -0.0155 8.7249261520653902e-06
-0.023 -0.0155 1.9236942224225644e-05
-0.022500000000000003 -0.0155 4.1683220225173642e-05
-0.022000000000000002 -0.0155 8.8749345988561057e-05
-0.021500000000000002 -0.0155 0.00018564052891898515
-0.021000000000000001 -0.0155 0.00038142392619157069
-0.020500000000000001 -0.0155 0.00076965176965306339
-0.02 -0.0155 0.0015249533310441037
-0.0195 -0.0155 0.0029663436257611748
-0.019 -0.0155 0.0056639364729921191
-0.018500000000000003 -0.0155 0.010614021595638932
-0.018000000000000002 -0.0155 0.019518329037253378
-0.017500000000000002 -0.0155 0.035216550192448556
-0.017000000000000001 -0.0155 0.062335746150778019
-0.016500000000000001 -0.0155 0.10823375142420004
-0.016 -0.0155 0.18432187486930884
-0.0155 -0.0155 0.30784882152674187
-0.015000000000000001 -0.0155 0.50420457977503841
-0.014500000000000001 -0.0155 0.80975075868043511
-0.014 -0.0155 1.2750941077515094
-0.0135 -0.0155 1.9685882148227842
-0.012999999999999999 -0.0155 2.9796780712341278
-0.012500000000000001 -0.0155 4.4215088393181086
-0.012 -0.0155 6.4320345548815565
-0.0115 -0.0155 9.1727311566173402
-0.010999999999999999 -0.0155 12.82399929996577
-0.010499999999999999 -0.0155 17.576495849953055
-0.010000000000000002 -0.0155 23.618005062830914
-0.0095000000000000015 -0.0155 31.116064821929651
-0.0090000000000000011 -0.0155 40.197362309740974
-0.0085000000000000006 -0.0155 50.925806826175034
-0.0080000000000000002 -0.0155 63.282013625701552
-0.0074999999999999997 -0.0155 77.147488788901668
-0.0069999999999999993 -0.0155 92.296885695880093
-0.0064999999999999988 -0.0155 108.40115291494971
-0.0059999999999999984 -0.0155 125.04316072761283
-0.0054999999999999979 -0.0155 141.74557624627235
-0.005000000000000001 -0.0155 158.00861357774338
-0.0044999999999999971 -0.0155 173.35320851135518
-0.0040000000000000001 -0.0155 187.36361441323035
-0.0035000000000000031 -0.0155 199.72280838210244
-0.0029999999999999992 -0.0155 210.23470728829594
-0.0025000000000000022 -0.0155 218.82905550300327
-0.0019999999999999983 -0.0155 225.54771059887909
-0.0015000000000000013 -0.0155 230.51441233789697
-0.00099999999999999742 -0.0155 233.89330177120254
-0.00050000000000000044 -0.0155 235.84377096775032
0 -0.0155 236.48012534722591
0.00050000000000000044 -0.0155 235.84377096775037
0.0010000000000000009 -0.0155 233.89330177120272
0.0015000000000000013 -0.0155 230.51441233789703
0.0020000000000000018 -0.0155 225.54771059887909
0.0024999999999999988 -0.0155 218.82905550300353
0.0030000000000000027 -0.0155 210.23470728829611
0.0034999999999999996 -0.0155 199.72280838210273
0.0040000000000000036 -0.0155 187.36361441323052
0.0045000000000000005 -0.0155 173.35320851135523
0.0049999999999999975 -0.0155 158.00861357774366
0.0055000000000000014 -0.0155 141.74557624627229
0.0059999999999999984 -0.0155 125.04316072761291
0.0064999999999999988 -0.0155 108.40115291494978
0.0069999999999999993 -0.0155 92.29688569588015
0.0074999999999999997 -0.0155 77.147488788901668
0.0080000000000000002 -0.0155 63.282013625701609
0.0085000000000000006 -0.0155 50.925806826175069
0.0090000000000000011 -0.0155 40.19736230974101
0.0095000000000000015 -0.0155 31.116064821929676
0.010000000000000002 -0.0155 23.618005062830914
0.010500000000000002 -0.0155 17.576495849953034
0.011000000000000003 -0.0155 12.823999299965759
0.011500000000000003 -0.0155 9.1727311566173331
0.012000000000000004 -0.0155 6.4320345548815441
0.012499999999999997 -0.0155 4.4215088393181174
0.013000000000000005 -0.0155 2.9796780712341171
0.013499999999999998 -0.0155 1.9685882148227842
0.014000000000000005 -0.0155 1.275094107751505
0.014499999999999999 -0.0155 0.80975075868043656
0.014999999999999999 -0.0155 0.5042045797750393
0.0155 -0.0155 0.30784882152674187
0.016000000000000007 -0.0155 0.18432187486930726
0.016500000000000001 -0.0155 0.10823375142420004
0.017000000000000001 -0.0155 0.062335746150778019
0.017500000000000002 -0.0155 0.035216550192448556
0.017999999999999995 -0.0155 0.019518329037253521
0.018500000000000003 -0.0155 0.010614021595638932
0.019000000000000003 -0.0155 0.0056639364729921086
0.019500000000000003 -0.0155 0.0029663436257611644
0.019999999999999997 -0.0155 0.0015249533310441137
0.020499999999999997 -0.0155 0.00076965176965306794
0.021000000000000005 -0.0155 0.00038142392619156933
0.021500000000000005 -0.0155 0.00018564052891898399
0.021999999999999999 -0.0155 8.8749345988561776e-05
0.022499999999999999 -0.0155 4.1683220225173859e-05
0.023000000000000007 -0.0155 1.9236942224225369e-05
0.023500000000000007 -0.0155 8.7249261520652886e-06
0.024 -0.0155 3.8896143354950493e-06
0.024500000000000001 -0.0155 1.7046406917633265e-06
0.025000000000000001 -0.0155 7.3450709147732542e-07
-0.025000000000000001 -0.015000000000000001 1.2088742552587547e-06
-0.024500000000000001 -0.015000000000000001 2.7881437216360833e-06
-0.024 -0.015000000000000001 6.323548188150447e-06
-0.0235 -0.015000000000000001 1.4101929066124305e-05
-0.023 -0.015000000000000001 3.0918548302797125e-05
-0.022500000000000003 -0.015000000000000001 6.6638497263537186e-05
-0.022000000000000002 -0.015000000000000001 0.00014116685143825949
-0.021500000000000002 -0.015000000000000001 0.00029388157197282388
-0.021000000000000001 -0.015000000000000001 0.00060113359541439791
-0.020500000000000001 -0.015000000000000001 0.0012079621130907912
-0.02 -0.015000000000000001 0.0023842017786061998
-0.0195 -0.015000000000000001 0.0046212990304987508
-0.019 -0.015000000000000001 0.0087951209293101254
-0.018500000000000003 -0.015000000000000001 0.016432504305541575
-0.018000000000000002 -0.015000000000000001 0.030135633534940535
-0.017500000000000002 -0.015000000000000001 0.054238222176453139
-0.017000000000000001 -0.015000000000000001 0.095789285152420175
-0.016500000000000001 -0.015000000000000001 0.16598039957311636
-0.016 -0.015000000000000001 0.28214443743608253
-0.0155 -0.015000000000000001 0.47044835603781915
-0.015000000000000001 -0.015000000000000001 0.76936739313639713
-0.014500000000000001 -0.015000000000000001 1.2339490173599372
-0.014 -0.015000000000000001 1.9407396381987871
-0.0135 -0.015000000000000001 2.9930487097021317
-0.012999999999999999 -0.015000000000000001 4.5259686905331433
-0.012500000000000001 -0.015000000000000001 6.7102787795054146
-0.012 -0.015000000000000001 9.754081813350961
-0.0115 -0.015000000000000001 13.900827163838169
-0.010999999999999999 -0.015000000000000001 19.422345320945539
-0.010499999999999999 -0.015000000000000001 26.605752189719372
-0.010000000000000002 -0.015000000000000001 35.733642448668434
-0.0095000000000000015 -0.015000000000000001 47.057901802898307
-0.0090000000000000011 -0.015000000000000001 60.768670847210196
-0.0085000000000000006 -0.015000000000000001 76.961337343553978
-0.0080000000000000002 -0.015000000000000001 95.605675905871436
-0.0074999999999999997 -0.015000000000000001 116.52208908886728
-0.0069999999999999993 -0.015000000000000001 139.37002242946787
-0.0064999999999999988 -0.015000000000000001 163.65279396363596
-0.0059999999999999984 -0.015000000000000001 188.74122040740542
-0.0054999999999999979 -0.015000000000000001 213.91568418717227
-0.005000000000000001 -0.015000000000000001 238.42305722674274
-0.0044999999999999971 -0.015000000000000001 261.54177042071632
-0.0040000000000000001 -0.015000000000000001 282.64598119803799
-0.0035000000000000031 -0.015000000000000001 301.25887934184721
-0.0029999999999999992 -0.015000000000000001 317.08609417721573
-0.0025000000000000022 -0.015000000000000001 330.0229743607444
-0.0019999999999999983 -0.015000000000000001 340.13382891917905
-0.0015000000000000013 -0.015000000000000001 347.60627984053048
-0.00099999999999999742 -0.015000000000000001 352.6886698719278
-0.00050000000000000044 -0.015000000000000001 355.62195433753118
0 -0.015000000000000001 356.57886269098941
0.00050000000000000044 -0.015000000000000001 355.62195433753135
0.0010000000000000009 -0.015000000000000001 352.68866987192769
0.0015000000000000013 -0.015000000000000001 347.60627984053036
0.0020000000000000018 -0.015000000000000001 340.13382891917888
0.0024999999999999988 -0.015000000000000001 330.02297436074446
0.0030000000000000027 -0.015000000000000001 317.08609417721556
0.0034999999999999996 -0.015000000000000001 301.25887934184738
0.0040000000000000036 -0.015000000000000001 282.64598119803782
0.0045000000000000005 -0.015000000000000001 261.54177042071609
0.0049999999999999975 -0.015000000000000001 238.42305722674277
0.0055000000000000014 -0.015000000000000001 213.91568418717208
0.0059999999999999984 -0.015000000000000001 188.74122040740525
0.0064999999999999988 -0.015000000000000001 163.65279396363596
0.0069999999999999993 -0.015000000000000001 139.37002242946787
0.0074999999999999997 -0.015000000000000001 116.52208908886728
0.0080000000000000002 -0.015000000000000001 95.605675905871436
0.0085000000000000006 -0.015000000000000001 76.961337343553907
0.0090000000000000011 -0.015000000000000001 60.768670847210153
0.0095000000000000015 -0.015000000000000001 47.057901802898222
0.010000000000000002 -0.015000000000000001 35.733642448668434
0.010500000000000002 -0.015000000000000001 26.605752189719279
0.011000000000000003 -0.015000000000000001 19.422345320945453
0.011500000000000003 -0.015000000000000001 13.900827163838107
0.012000000000000004 -0.015000000000000001 9.7540818133509273
0.012499999999999997 -0.015000000000000001 6.7102787795054155
0.013000000000000005 -0.015000000000000001 4.5259686905331185
0.013499999999999998 -0.015000000000000001 2.9930487097021317
0.014000000000000005 -0.015000000000000001 1.9407396381987769
0.014499999999999999 -0.015000000000000001 1.2339490173599372
0.014999999999999999 -0.015000000000000001 0.76936739313639713
0.0155 -0.015000000000000001 0.47044835603781837
0.016000000000000007 -0.015000000000000001 0.28214443743608003
0.016500000000000001 -0.015000000000000001 0.16598039957311636
0.017000000000000001 -0.015000000000000001 0.095789285152419718
0.017500000000000002 -0.015000000000000001 0.054238222176453139
0.017999999999999995 -0.015000000000000001 0.03013563353494075
0.018500000000000003 -0.015000000000000001 0.016432504305541523
0.019000000000000003 -0.015000000000000001 0.0087951209293100803
0.019500000000000003 -0.015000000000000001 0.0046212990304987343
0.019999999999999997 -0.015000000000000001 0.0023842017786062102
0.020499999999999997 -0.015000000000000001 0.0012079621130907956
0.021000000000000005 -0.015000000000000001 0.00060113359541439574
0.021500000000000005 -0.015000000000000001 0.00029388157197282177
0.021999999999999999 -0.015000000000000001 0.00014116685143826023
0.022499999999999999 -0.015000000000000001 6.6638497263537524e-05
0.023000000000000007 -0.015000000000000001 3.0918548302796684e-05
0.023500000000000007 -0.015000000000000001 1.4101929066124188e-05
0.024 -0.015000000000000001 6.323548188150447e-06
0.024500000000000001 -0.015000000000000001 2.7881437216360833e-06
0.025000000000000001 -0.015000000000000001 1.2088742552587547e-06
-0.025000000000000001 -0.014500000000000001 1.9710996577010714e-06
-0.024500000000000001 -0.014500000000000001 4.5170310116026157e-06
-0.024 -0.014500000000000001 1.0180105480636226e-05
-0.0235 -0.014500000000000001 2.2562411762945855e-05
-0.023 -0.014500000000000001 4.9172338989730834e-05
-0.022500000000000003 -0.014500000000000001 0.000105369772510067
-0.022000000000000002 -0.014500000000000001 0.00022198294128445578
-0.021500000000000002 -0.014500000000000001 0.00045969764935361581
-0.021000000000000001 -0.014500000000000001 0.00093563936152492213
-0.020500000000000001 -0.014500000000000001 0.0018713618886762446
-0.02 -0.014500000000000001 0.0036774470892476856
-0.0195 -0.014500000000000001 0.0070990268137543144
-0.019 -0.014500000000000001 0.013459804190245263
-0.018500000000000003 -0.014500000000000001 0.025060551764004443
-0.018000000000000002 -0.014500000000000001 0.045812133882520784
-0.017500000000000002 -0.014500000000000001 0.082212326554060328
-0.017000000000000001 -0.014500000000000001 0.14480766987190616
-0.016500000000000001 -0.014500000000000001 0.25031091868919847
-0.016 -0.014500000000000001 0.4245620205788686
-0.0155 -0.014500000000000001 0.70651202104701794
-0.015000000000000001 -0.014500000000000001 1.1533567051452931
-0.014500000000000001 -0.014500000000000001 1.8468297073926836
-0.014 -0.014500000000000001 2.900464824633453
-0.0135 -0.014500000000000001 4.4673446642762
-0.012999999999999999 -0.014500000000000001 6.7474754076246075
-0.012500000000000001 -0.014500000000000001 9.9935000245193564
-0.012 -0.014500000000000001 14.513053167297729
-0.0115 -0.014500000000000001 20.665773293693704
-0.010999999999999999 -0.014500000000000001 28.852950008564644
-0.010499999999999999 -0.014500000000000001 39.498129689095407
-0.010000000000000002 -0.014500000000000001 53.017832223070663
-0.0095000000000000015 -0.014500000000000001 69.782875488304356
-0.0090000000000000011 -0.014500000000000001 90.072577967031677
-0.0085000000000000006 -0.014500000000000001 114.0260904631084
-0.0080000000000000002 -0.014500000000000001 141.59693676389065
-0.0074999999999999997 -0.014500000000000001 172.51807028063803
-0.0069999999999999993 -0.014500000000000001 206.28492355469717
-0.0064999999999999988 -0.014500000000000001 242.16269532738963
-0.0059999999999999984 -0.014500000000000001 279.22137459937375
-0.0054999999999999979 -0.014500000000000001 316.39795963733656
-0.005000000000000001 -0.014500000000000001 352.58056704055161
-0.0044999999999999971 -0.014500000000000001 386.70451460053374
-0.0040000000000000001 -0.014500000000000001 417.84701833389119
-0.0035000000000000031 -0.014500000000000001 445.30580348384797
-0.0029999999999999992 -0.014500000000000001 468.64829714400884
-0.0025000000000000022 -0.014500000000000001 487.7222195786191
-0.0019999999999999983 -0.014500000000000001 502.62476704712458
-0.0015000000000000013 -0.014500000000000001 513.63505159293106
-0.00099999999999999742 -0.014500000000000001 521.12153834936294
-0.00050000000000000044 -0.014500000000000001 525.44136378353676
0 -0.014500000000000001 526.85041881018151
0.00050000000000000044 -0.014500000000000001 525.44136378353687
0.0010000000000000009 -0.014500000000000001 521.12153834936271
0.0015000000000000013 -0.014500000000000001 513.63505159293095
0.0020000000000000018 -0.014500000000000001 502.62476704712441
0.0024999999999999988 -0.014500000000000001 487.72221957861916
0.0030000000000000027 -0.014500000000000001 468.64829714400861
0.0034999999999999996 -0.014500000000000001 445.30580348384825
0.0040000000000000036 -0.014500000000000001 417.84701833389084
0.0045000000000000005 -0.014500000000000001 386.7045146005334
0.0049999999999999975 -0.014500000000000001 352.58056704055167
0.0055000000000000014 -0.014500000000000001 316.39795963733621
0.0059999999999999984 -0.014500000000000001 279.22137459937352
0.0064999999999999988 -0.014500000000000001 242.16269532738946
0.0069999999999999993 -0.014500000000000001 206.28492355469697
0.0074999999999999997 -0.014500000000000001 172.51807028063783
0.0080000000000000002 -0.014500000000000001 141.59693676389065
0.0085000000000000006 -0.014500000000000001 114.02609046310829
0.0090000000000000011 -0.014500000000000001 90.072577967031606
0.0095000000000000015 -0.014500000000000001 69.782875488304242
0.010000000000000002 -0.014500000000000001 53.017832223070663
0.010500000000000002 -0.014500000000000001 39.498129689095265
0.011000000000000003 -0.014500000000000001 28.85295000856452
0.011500000000000003 -0.014500000000000001 20.665773293693615
0.012000000000000004 -0.014500000000000001 14.513053167297677
0.012499999999999997 -0.014500000000000001 9.9935000245193581
0.013000000000000005 -0.014500000000000001 6.7474754076245658
0.013499999999999998 -0.014500000000000001 4.4673446642762
0.014000000000000005 -0.014500000000000001 2.9004648246334384
0.014499999999999999 -0.014500000000000001 1.8468297073926838
0.014999999999999999 -0.014500000000000001 1.1533567051452933
0.0155 -0.014500000000000001 0.70651202104701682
0.016000000000000007 -0.014500000000000001 0.42456202057886433
0.016500000000000001 -0.014500000000000001 0.25031091868919808
0.017000000000000001 -0.014500000000000001 0.14480766987190616
0.017500000000000002 -0.014500000000000001 0.082212326554059939
0.017999999999999995 -0.014500000000000001 0.045812133882521124
0.018500000000000003 -0.014500000000000001 0.025060551764004443
0.019000000000000003 -0.014500000000000001 0.013459804190245221
0.019500000000000003 -0.014500000000000001 0.0070990268137542892
0.019999999999999997 -0.014500000000000001 0.0036774470892476986
0.020499999999999997 -0.014500000000000001 0.0018713618886762495
0.021000000000000005 -0.014500000000000001 0.00093563936152491888
0.021500000000000005 -0.014500000000000001 0.00045969764935361305
0.021999999999999999 -0.014500000000000001 0.00022198294128445684
0.022499999999999999 -0.014500000000000001 0.00010536977251006748
0.023000000000000007 -0.014500000000000001 4.9172338989730136e-05
0.023500000000000007 -0.014500000000000001 2.2562411762945584e-05
0.024 -0.014500000000000001 1.0180105480636226e-05
0.024500000000000001 -0.014500000000000001 4.5170310116026157e-06
0.025000000000000001 -0.014500000000000001 1.9710996577010714e-06
-0.025000000000000001 -0.014 3.1845397196956884e-06
-0.024500000000000001 -0.014 7.2506213030810606e-06
-0.024 -0.014 1.623551671248375e-05
-0.0235 -0.014 3.5753570289202107e-05
-0.023 -0.014 7.7432469100996776e-05
-0.022500000000000003 -0.014 0.00016491245032736451
-0.022000000000000002 -0.014 0.00034536287388658798
-0.021500000000000002 -0.014 0.00071112329453675732
-0.021000000000000001 -0.014 0.0014394864498380588
-0.020500000000000001 -0.014 0.0028641953273077095
-0.02 -0.014 0.0056009680355900236
-0.0195 -0.014 0.01076261027810721
-0.019 -0.014 0.020318514123902277
-0.018500000000000003 -0.014 0.037679953561072149
-0.018000000000000002 -0.014 0.068627304455275442
-0.017500000000000002 -0.014 0.12273734848068255
-0.017000000000000001 -0.014 0.21551462156117226
-0.016500000000000001 -0.014 0.37147254512980965
-0.016 -0.014 0.62843433640549951
-0.0155 -0.014 1.0433103541628768
-0.015000000000000001 -0.014 1.699531456331326
-0.014500000000000001 -0.014 2.7161477991197871
-0.014 -0.014 4.2583129117273888
-0.0135 -0.014 6.5484501303300524
-0.012999999999999999 -0.014 9.8768541875042519
-0.012500000000000001 -0.014 14.609865185848289
-0.012 -0.014 21.19316421567688
-0.0115 -0.014 30.147328249638118
-0.010999999999999999 -0.014 42.05273213747023
-0.010499999999999999 -0.014 57.521388322463302
-0.010000000000000002 -0.014 77.154516966780221
-0.0095000000000000015 -0.014 101.48658212821566
-0.0090000000000000011 -0.014 130.91909142441975
-0.0085000000000000006 -0.014 165.65031456496723
-0.0080000000000000002 -0.014 205.60971240420616
-0.0074999999999999997 -0.014 250.40763321355828
-0.0069999999999999993 -0.014 299.31106929280662
-0.0064999999999999988 -0.014 351.25447795585347
-0.0059999999999999984 -0.014 404.89069709507766
-0.0054999999999999979 -0.014 458.68114136755065
-0.005000000000000001 -0.014 511.01758185138567
-0.0044999999999999971 -0.014 560.3611513277707
-0.0040000000000000001 -0.014 605.37924794513742
-0.0035000000000000031 -0.014 645.05908209663073
-0.0029999999999999992 -0.014 678.77859923385984
-0.0025000000000000022 -0.014 706.32151957714029
-0.0019999999999999983 -0.014 727.83246059872022
-0.0015000000000000013 -0.014 743.7189163490533
-0.00099999999999999742 -0.014 754.51709827409559
-0.00050000000000000044 -0.014 760.74607641701266
0 -0.014 762.77754850879091
0.00050000000000000044 -0.014 760.746076417013
0.0010000000000000009 -0.014 754.51709827409513
0.0015000000000000013 -0.014 743.71891634905319
0.0020000000000000018 -0.014 727.8324605987201
0.0024999999999999988 -0.014 706.32151957714052
0.0030000000000000027 -0.014 678.77859923385961
0.0034999999999999996 -0.014 645.05908209663107
0.0040000000000000036 -0.014 605.37924794513685
0.0045000000000000005 -0.014 560.36115132777002
0.0049999999999999975 -0.014 511.01758185138578
0.0055000000000000014 -0.014 458.6811413675502
0.0059999999999999984 -0.014 404.89069709507748
0.0064999999999999988 -0.014 351.25447795585336
0.0069999999999999993 -0.014 299.31106929280645
0.0074999999999999997 -0.014 250.40763321355806
0.0080000000000000002 -0.014 205.60971240420596
0.0085000000000000006 -0.014 165.65031456496712
0.0090000000000000011 -0.014 130.91909142441952
0.0095000000000000015 -0.014 101.48658212821556
0.010000000000000002 -0.014 77.154516966780221
0.010500000000000002 -0.014 57.521388322463153
0.011000000000000003 -0.014 42.052732137470038
0.011500000000000003 -0.014 30.147328249637983
0.012000000000000004 -0.014 21.19316421567682
0.012499999999999997 -0.014 14.609865185848291
0.013000000000000005 -0.014 9.8768541875041986
0.013499999999999998 -0.014 6.5484501303300533
0.014000000000000005 -0.014 4.2583129117273666
0.014499999999999999 -0.014 2.7161477991197875
0.014999999999999999 -0.014 1.699531456331326
0.0155 -0.014 1.043310354162875
0.016000000000000007 -0.014 0.6284343364054934
0.016500000000000001 -0.014 0.37147254512980854
0.017000000000000001 -0.014 0.21551462156117226
0.017500000000000002 -0.014 0.12273734848068199
0.017999999999999995 -0.014 0.068627304455275803
0.018500000000000003 -0.014 0.037679953561072149
0.019000000000000003 -0.014 0.020318514123902204
0.019500000000000003 -0.014 0.010762610278107166
0.019999999999999997 -0.014 0.0056009680355900426
0.020499999999999997 -0.014 0.0028641953273077195
0.021000000000000005 -0.014 0.0014394864498380501
0.021500000000000005 -0.014 0.00071112329453675309
0.021999999999999999 -0.014 0.00034536287388658949
0.022499999999999999 -0.014 0.00016491245032736521
0.023000000000000007 -0.014 7.7432469100995963e-05
0.023500000000000007 -0.014 3.575357028920166e-05
0.024 -0.014 1.623551671248375e-05
0.024500000000000001 -0.014 7.2506213030810606e-06
0.025000000000000001 -0.014 3.1845397196956884e-06
-0.025000000000000001 -0.0135 5.0974805758494879e-06
-0.024500000000000001 -0.0135 1.1531994216971851e-05
-0.024 -0.0135 2.5655890953085438e-05
-0.0235 -0.0135 5.6133800737879126e-05
-0.023 -0.0135 0.00012078845166426318
-0.022500000000000003 -0.0135 0.00025561529359737877
-0.022000000000000002 -0.0135 0.00053197782138411144
-0.021500000000000002 -0.0135 0.0010887263767263022
-0.021000000000000001 -0.0135 0.002190912136374591
-0.020500000000000001 -0.0135 0.0043347587258352367
-0.02 -0.0135 0.008431075332961056
-0.0195 -0.0135 0.016118194952562292
-0.019 -0.0135 0.03028287307116357
-0.018500000000000003 -0.0135 0.05590528716646264
-0.018000000000000002 -0.0135 0.10139330140811242
-0.017500000000000002 -0.0135 0.18063029985430798
-0.017000000000000001 -0.0135 0.31602504083054883
-0.016500000000000001 -0.0135 0.5429100524769036
-0.016 -0.0135 0.91566796157630836
-0.0155 -0.0135 1.5159444856698847
-0.015000000000000001 -0.0135 2.4631958179483164
-0.014500000000000001 -0.0135 3.927575618719986
-0.014 -0.0135 6.1447559026026113
-0.0135 -0.0135 9.4316778859455432
-0.012999999999999999 -0.0135 14.201460247528718
-0.012500000000000001 -0.0135 20.974824692962653
-0.012 -0.0135 30.384572149445145
-0.0115 -0.0135 43.169067472207807
-0.010999999999999999 -0.0135 60.150627883247694
-0.010499999999999999 -0.0135 82.195429297993599
-0.010000000000000002 -0.0135 110.15325137318032
-0.0095000000000000015 -0.0135 144.77813407223621
-0.0090000000000000011 -0.0135 186.63464203884334
-0.0085000000000000006 -0.0135 235.99847099697556
-0.0080000000000000002 -0.0135 292.76385025811481
-0.0074999999999999997 -0.0135 356.37267905581342
-0.0069999999999999993 -0.0135 425.78065321197812
-0.0064999999999999988 -0.0135 499.47309145813739
-0.0059999999999999984 -0.0135 575.53753433347094
-0.0054999999999999979 -0.0135 651.79190974659627
-0.005000000000000001 -0.0135 725.95731577265008
-0.0044999999999999971 -0.0135 795.85504903362425
-0.0040000000000000001 -0.0135 859.60048465440718
-0.0035000000000000031 -0.0135 915.76370132752425
-0.0029999999999999992 -0.0135 963.46957843441987
-0.0025000000000000022 -0.0135 1002.4186174186119
-0.0019999999999999983 -0.0135 1032.8228169007584
-0.0015000000000000013 -0.0135 1055.2662460669737
-0.00099999999999999742 -0.0135 1070.5144528716273
-0.00050000000000000044 -0.0135 1079.3073703941825
0 -0.0135 1082.1744692810073
0.00050000000000000044 -0.0135 1079.3073703941827
0.0010000000000000009 -0.0135 1070.5144528716269
0.0015000000000000013 -0.0135 1055.2662460669735
0.0020000000000000018 -0.0135 1032.822816900758
0.0024999999999999988 -0.0135 1002.4186174186121
0.0030000000000000027 -0.0135 963.46957843441953
0.0034999999999999996 -0.0135 915.7637013275247
0.0040000000000000036 -0.0135 859.60048465440661
0.0045000000000000005 -0.0135 795.85504903362323
0.0049999999999999975 -0.0135 725.95731577265008
0.0055000000000000014 -0.0135 651.79190974659548
0.0059999999999999984 -0.0135 575.53753433347072
0.0064999999999999988 -0.0135 499.47309145813711
0.0069999999999999993 -0.0135 425.78065321197789
0.0074999999999999997 -0.0135 356.37267905581308
0.0080000000000000002 -0.0135 292.7638502581147
0.0085000000000000006 -0.0135 235.99847099697533
0.0090000000000000011 -0.0135 186.63464203884303
0.0095000000000000015 -0.0135 144.7781340722361
0.010000000000000002 -0.0135 110.15325137318023
0.010500000000000002 -0.0135 82.195429297993456
0.011000000000000003 -0.0135 60.15062788324758
0.011500000000000003 -0.0135 43.169067472207693
0.012000000000000004 -0.0135 30.384572149445063
0.012499999999999997 -0.0135 20.974824692962706
0.013000000000000005 -0.0135 14.201460247528647
0.013499999999999998 -0.0135 9.431677885945545
0.014000000000000005 -0.0135 6.1447559026025758
0.014499999999999999 -0.0135 3.9275756187199868
0.014999999999999999 -0.0135 2.4631958179483169
0.0155 -0.0135 1.5159444856698825
0.016000000000000007 -0.0135 0.91566796157630093
0.016500000000000001 -0.0135 0.5429100524769036
0.017000000000000001 -0.0135 0.31602504083054794
0.017500000000000002 -0.0135 0.1806302998543077
0.017999999999999995 -0.0135 0.10139330140811331
0.018500000000000003 -0.0135 0.055905287166462564
0.019000000000000003 -0.0135 0.030282873071163435
0.019500000000000003 -0.0135 0.016118194952562233
0.019999999999999997 -0.0135 0.0084310753329610959
0.020499999999999997 -0.0135 0.0043347587258352515
0.021000000000000005 -0.0135 0.0021909121363745832
0.021500000000000005 -0.0135 0.001088726376726297
0.021999999999999999 -0.0135 0.00053197782138411263
0.022499999999999999 -0.0135 0.0002556152935973798
0.023000000000000007 -0.0135 0.00012078845166426146
0.023500000000000007 -0.0135 5.6133800737878631e-05
0.024 -0.0135 2.5655890953085438e-05
0.024500000000000001 -0.0135 1.1531994216971851e-05
0.025000000000000001 -0.0135 5.0974805758494879e-06
-0.025000000000000001 -0.012999999999999999 8.0814790064283292e-06
-0.024500000000000001 -0.012999999999999999 1.8170030325131489e-05
-0.024 -0.012999999999999999 4.0169107134406172e-05
-0.0235 -0.012999999999999999 8.732531967397873e-05
-0.023 -0.012999999999999999 0.00018669333525884904
-0.022500000000000003 -0.012999999999999999 0.00039253263670102335
-0.022000000000000002 -0.012999999999999999 0.00081168365612862333
-0.021500000000000002 -0.012999999999999999 0.0016506520283455701
-0.021000000000000001 -0.012999999999999999 0.0033011378790429339
-0.020500000000000001 -0.012999999999999999 0.0064920452587731063
-0.02 -0.012999999999999999 0.012553620218327064
-0.0195 -0.012999999999999999 0.023865825810606769
-0.019 -0.012999999999999999 0.044601186306197346
-0.018500000000000003 -0.012999999999999999 0.081924667743871568
-0.018000000000000002 -0.012999999999999999 0.14788092368838107
-0.017500000000000002 -0.012999999999999999 0.26228060819338189
-0.017000000000000001 -0.012999999999999999 0.45698521908278028
-0.016500000000000001 -0.012999999999999999 0.78206859764574932
-0.016 -0.012999999999999999 1.3143762634089788
-0.0155 -0.012999999999999999 2.1689720559762189
-0.015000000000000001 -0.012999999999999999 3.5138044118902863
-0.014500000000000001 -0.012999999999999999 5.5875855123745435
-0.014 -0.012999999999999999 8.7203051247839429
-0.0135 -0.012999999999999999 13.354971913272369
-0.012999999999999999 -0.012999999999999999 20.068112566200622
-0.012500000000000001 -0.012999999999999999 29.585362824678153
-0.012 -0.012999999999999999 42.787348398139784
-0.0115 -0.012999999999999999 60.700268386436974
-0.010999999999999999 -0.012999999999999999 84.4655204525654
-0.010499999999999999 -0.012999999999999999 115.28371611961019
-0.010000000000000002 -0.012999999999999999 154.33080949995647
-0.0095000000000000015 -0.012999999999999999 202.64788091583372
-0.0090000000000000011 -0.012999999999999999 261.01113564961713
-0.0085000000000000006 -0.012999999999999999 329.79426319252968
-0.0080000000000000002 -0.012999999999999999 408.84043916000348
-0.0074999999999999997 -0.012999999999999999 497.36466982913976
-0.0069999999999999993 -0.012999999999999999 593.90759390376604
-0.0064999999999999988 -0.012999999999999999 696.35829946018214
-0.0059999999999999984 -0.012999999999999999 802.05588026294856
-0.0054999999999999979 -0.012999999999999999 907.96796714627033
-0.005000000000000001 -0.012999999999999999 1010.9309615342987
-0.0044999999999999971 -0.012999999999999999 1107.9236458837152
-0.0040000000000000001 -0.012999999999999999 1196.3361306714028
-0.0035000000000000031 -0.012999999999999999 1274.1923655224568
-0.0029999999999999992 -0.012999999999999999 1340.2884038429445
-0.0025000000000000022 -0.012999999999999999 1394.2204647953181
-0.0019999999999999983 -0.012999999999999999 1436.294999702953
-0.0015000000000000013 -0.012999999999999999 1467.3342297212866
-0.00099999999999999742 -0.012999999999999999 1488.4107310292729
-0.00050000000000000044 -0.012999999999999999 1500.5592439555651
0 -0.012999999999999999 1504.5195378760593
0.00050000000000000044 -0.012999999999999999 1500.5592439555651
0.0010000000000000009 -0.012999999999999999 1488.4107310292734
0.0015000000000000013 -0.012999999999999999 1467.3342297212871
0.0020000000000000018 -0.012999999999999999 1436.294999702953
0.0024999999999999988 -0.012999999999999999 1394.2204647953195
0.0030000000000000027 -0.012999999999999999 1340.2884038429443
0.0034999999999999996 -0.012999999999999999 1274.192365522458
0.0040000000000000036 -0.012999999999999999 1196.3361306714023
0.0045000000000000005 -0.012999999999999999 1107.9236458837149
0.0049999999999999975 -0.012999999999999999 1010.9309615343
0.0055000000000000014 -0.012999999999999999 907.9679671462693
0.0059999999999999984 -0.012999999999999999 802.05588026294879
0.0064999999999999988 -0.012999999999999999 696.35829946018202
0.0069999999999999993 -0.012999999999999999 593.90759390376604
0.0074999999999999997 -0.012999999999999999 497.36466982913959
0.0080000000000000002 -0.012999999999999999 408.84043916000348
0.0085000000000000006 -0.012999999999999999 329.79426319252968
0.0090000000000000011 -0.012999999999999999 261.01113564961713
0.0095000000000000015 -0.012999999999999999 202.64788091583355
0.010000000000000002 -0.012999999999999999 154.33080949995636
0.010500000000000002 -0.012999999999999999 115.28371611960989
0.011000000000000003 -0.012999999999999999 84.465520452565102
0.011500000000000003 -0.012999999999999999 60.700268386436768
0.012000000000000004 -0.012999999999999999 42.787348398139663
0.012499999999999997 -0.012999999999999999 29.585362824678185
0.013000000000000005 -0.012999999999999999 20.06811256620054
0.013499999999999998 -0.012999999999999999 13.354971913272379
0.014000000000000005 -0.012999999999999999 8.7203051247838967
0.014499999999999999 -0.012999999999999999 5.5875855123745524
0.014999999999999999 -0.012999999999999999 3.5138044118902916
0.0155 -0.012999999999999999 2.1689720559762189
0.016000000000000007 -0.012999999999999999 1.3143762634089675
0.016500000000000001 -0.012999999999999999 0.78206859764574932
0.017000000000000001 -0.012999999999999999 0.45698521908277961
0.017500000000000002 -0.012999999999999999 0.26228060819338156
0.017999999999999995 -0.012999999999999999 0.1478809236883819
0.018500000000000003 -0.012999999999999999 0.081924667743871457
0.019000000000000003 -0.012999999999999999 0.044601186306197166
0.019500000000000003 -0.012999999999999999 0.023865825810606645
0.019999999999999997 -0.012999999999999999 0.01255362021832713
0.020499999999999997 -0.012999999999999999 0.0064920452587731298
0.021000000000000005 -0.012999999999999999 0.0033011378790429222
0.021500000000000005 -0.012999999999999999 0.001650652028345561
0.021999999999999999 -0.012999999999999999 0.00081168365612862647
0.022499999999999999 -0.012999999999999999 0.00039253263670102471
0.023000000000000007 -0.012999999999999999 0.00018669333525884671
0.023500000000000007 -0.012999999999999999 8.7325319673977808e-05
0.024 -0.012999999999999999 4.0169107134406172e-05
0.024500000000000001 -0.012999999999999999 1.8170030325131489e-05
0.025000000000000001 -0.012999999999999999 8.0814790064283292e-06
-0.025000000000000001 -0.012500000000000001 1.2682814132004371e-05
-0.024500000000000001 -0.012500000000000001 2.8349374927384372e-05
-0.024 -0.012500000000000001 6.2294900332056369e-05
-0.0235 -0.012500000000000001 0.00013458543724276654
-0.023 -0.012500000000000001 0.00028590849787049855
-0.022500000000000003 -0.012500000000000001 0.00059727798468487293
-0.022000000000000002 -0.012500000000000001 0.0012270791411143206
-0.021500000000000002 -0.012500000000000001 0.0024793042878144675
-0.021000000000000001 -0.012500000000000001 0.0049266399483076095
-0.020500000000000001 -0.012500000000000001 0.0096277766615006262
-0.02 -0.012500000000000001 0.018502654883775949
-0.0195 -0.012500000000000001 0.034965719506805056
-0.019 -0.012500000000000001 0.064969361350080038
-0.018500000000000003 -0.012500000000000001 0.1186808831461466
-0.018000000000000002 -0.012500000000000001 0.21310798449022419
-0.017500000000000002 -0.012500000000000001 0.37609720335263713
-0.017000000000000001 -0.012500000000000001 0.65224692634470427
-0.016500000000000001 -0.012500000000000001 1.1113802788103462
-0.016 -0.012500000000000001 1.8602774087608289
-0.0155 -0.012500000000000001 3.058318468550814
-0.015000000000000001 -0.012500000000000001 4.9374697527023743
-0.014500000000000001 -0.012500000000000001 7.8265802150551123
-0.014 -0.012500000000000001 12.179176879781169
-0.0135 -0.012500000000000001 18.602822588733801
-0.012999999999999999 -0.012500000000000001 27.886662379924111
-0.012500000000000001 -0.012500000000000001 41.022171580602247
-0.012 -0.012500000000000001 59.210592779353881
-0.0115 -0.012500000000000001 83.849503478108673
-0.010999999999999999 -0.012500000000000001 116.49087935844699
-0.010499999999999999 -0.012500000000000001 158.76440913612851
-0.010000000000000002 -0.012500000000000001 212.26305635324789
-0.0095000000000000015 -0.012500000000000001 278.39305228452662
-0.0090000000000000011 -0.012500000000000001 358.19731018239304
-0.0085000000000000006 -0.012500000000000001 452.1688122320067
-0.0080000000000000002 -0.012500000000000001 560.07746059949829
-0.0074999999999999997 -0.012500000000000001 680.83848137585153
-0.0069999999999999993 -0.012500000000000001 812.45098715440702
-0.0064999999999999988 -0.012500000000000001 952.0304324126846
-0.0059999999999999984 -0.012500000000000001 1095.9480268489208
-0.0054999999999999979 -0.012500000000000001 1240.074555365848
-0.005000000000000001 -0.012500000000000001 1380.1077118395533
-0.0044999999999999971 -0.012500000000000001 1511.9443502040699
-0.0040000000000000001 -0.012500000000000001 1632.0459005099931
-0.0035000000000000031 -0.012500000000000001 1737.7401785904201
-0.0029999999999999992 -0.012500000000000001 1827.4082535428095
-0.0025000000000000022 -0.012500000000000001 1900.5211916604103
-0.0019999999999999983 -0.012500000000000001 1957.5162118667738
-0.0015000000000000013 -0.012500000000000001 1999.5306984084446
-0.00099999999999999742 -0.012500000000000001 2028.0398497527372
-0.00050000000000000044 -0.012500000000000001 2044.4635756517155
0 -0.012500000000000001 2049.8159203560081
0.00050000000000000044 -0.012500000000000001 2044.4635756517155
0.0010000000000000009 -0.012500000000000001 2028.0398497527367
0.0015000000000000013 -0.012500000000000001 1999.5306984084446
0.0020000000000000018 -0.012500000000000001 1957.5162118667738
0.0024999999999999988 -0.012500000000000001 1900.521191660411
0.0030000000000000027 -0.012500000000000001 1827.408253542809
0.0034999999999999996 -0.012500000000000001 1737.740178590421
0.0040000000000000036 -0.012500000000000001 1632.0459005099929
0.0045000000000000005 -0.012500000000000001 1511.9443502040685
0.0049999999999999975 -0.012500000000000001 1380.107711839554
0.0055000000000000014 -0.012500000000000001 1240.0745553658471
0.0059999999999999984 -0.012500000000000001 1095.9480268489208
0.0064999999999999988 -0.012500000000000001 952.0304324126846
0.0069999999999999993 -0.012500000000000001 812.45098715440702
0.0074999999999999997 -0.012500000000000001 680.83848137585153
0.0080000000000000002 -0.012500000000000001 560.07746059949818
0.0085000000000000006 -0.012500000000000001 452.1688122320067
0.0090000000000000011 -0.012500000000000001 358.19731018239304
0.0095000000000000015 -0.012500000000000001 278.39305228452645
0.010000000000000002 -0.012500000000000001 212.26305635324789
0.010500000000000002 -0.012500000000000001 158.76440913612808
0.011000000000000003 -0.012500000000000001 116.49087935844661
0.011500000000000003 -0.012500000000000001 83.849503478108531
0.012000000000000004 -0.012500000000000001 59.210592779353689
0.012499999999999997 -0.012500000000000001 41.022171580602347
0.013000000000000005 -0.012500000000000001 27.886662379923965
0.013499999999999998 -0.012500000000000001 18.602822588733815
0.014000000000000005 -0.012500000000000001 12.179176879781085
0.014499999999999999 -0.012500000000000001 7.8265802150551123
0.014999999999999999 -0.012500000000000001 4.9374697527023832
0.0155 -0.012500000000000001 3.05831846855081
0.016000000000000007 -0.012500000000000001 1.8602774087608112
0.016500000000000001 -0.012500000000000001 1.1113802788103446
0.017000000000000001 -0.012500000000000001 0.65224692634470338
0.017500000000000002 -0.012500000000000001 0.37609720335263613
0.017999999999999995 -0.012500000000000001 0.21310798449022586
0.018500000000000003 -0.012500000000000001 0.11868088314614646
0.019000000000000003 -0.012500000000000001 0.064969361350079885
0.019500000000000003 -0.012500000000000001 0.034965719506804938
0.019999999999999997 -0.012500000000000001 0.018502654883776035
0.020499999999999997 -0.012500000000000001 0.0096277766615006886
0.021000000000000005 -0.012500000000000001 0.0049266399483075913
0.021500000000000005 -0.012500000000000001 0.0024793042878144588
0.021999999999999999 -0.012500000000000001 0.0012270791411143247
0.022499999999999999 -0.012500000000000001 0.00059727798468487585
0.023000000000000007 -0.012500000000000001 0.00028590849787049508
0.023500000000000007 -0.012500000000000001 0.000134585437242765
0.024 -0.012500000000000001 6.2294900332056369e-05
0.024500000000000001 -0.012500000000000001 2.8349374927384372e-05
0.025000000000000001 -0.012500000000000001 1.2682814132004371e-05
-0.025000000000000001 -0.012 1.9688815467392531e-05
-0.024500000000000001 -0.012 4.3772105430307754e-05
-0.024 -0.012 9.5641067399343554e-05
-0.0235 -0.012 0.00020541275010373144
-0.023 -0.012 0.00043371775225848529
-0.022500000000000003 -0.012 0.00090040333095358532
-0.022000000000000002 -0.012 0.0018380674334545464
-0.021500000000000002 -0.012 0.0036898990407287298
-0.021000000000000001 -0.012 0.0072848294543773288
-0.020500000000000001 -0.012 0.014144499491544617
-0.02 -0.012 0.027009617762679666
-0.0195 -0.012 0.050722342019671754
-0.019 -0.012 0.093671158735573995
-0.018500000000000003 -0.012 0.17009951219356412
-0.018000000000000002 -0.012 0.30370072229802592
-0.017500000000000002 -0.012 0.53306551735761321
-0.017000000000000001 -0.012 0.9197010176799314
-0.016500000000000001 -0.012 1.5594727433851352
-0.016 -0.012 2.5983862570842069
-0.0155 -0.012 4.2535524260633348
-0.015000000000000001 -0.012 6.8398802641102137
-0.014500000000000001 -0.012 10.802414780608702
-0.014 -0.012 16.753197199534988
-0.0135 -0.012 25.510030030070155
-0.012999999999999999 -0.012 38.132627604041119
-0.012500000000000001 -0.012 55.949506086976811
-0.012 -0.012 80.566965680788954
-0.0115 -0.012 113.85016254894882
-0.010999999999999999 -0.012 157.86620341488731
-0.010499999999999999 -0.012 214.78107974821791
-0.010000000000000002 -0.012 286.7065897780476
-0.0095000000000000015 -0.012 375.50030310009225
-0.0090000000000000011 -0.012 482.53065794251091
-0.0085000000000000006 -0.012 608.42929746463199
-0.0080000000000000002 -0.012 752.86192143739777
-0.0074999999999999997 -0.012 914.35497085905092
-0.0069999999999999993 -0.012 1090.216074219911
-0.0064999999999999988 -0.012 1276.5796369495597
-0.0059999999999999984 -0.012 1468.5947166961075
-0.0054999999999999979 -0.012 1660.7515348487234
-0.005000000000000001 -0.012 1847.3185886845863
-0.0044999999999999971 -0.012 2022.8388210120015
-0.0040000000000000001 -0.012 2182.6158707056097
-0.0035000000000000031 -0.012 2323.114834140471
-0.0029999999999999992 -0.012 2442.2092876529014
-0.0025000000000000022 -0.012 2539.2278965000387
-0.0019999999999999983 -0.012 2614.7868883811452
-0.0015000000000000013 -0.012 2670.4331820819893
-0.00099999999999999742 -0.012 2708.1593510998969
-0.00050000000000000044 -0.012 2729.8779866530385
0 -0.012 2736.9531958204493
0.00050000000000000044 -0.012 2729.8779866530385
0.0010000000000000009 -0.012 2708.1593510998964
0.0015000000000000013 -0.012 2670.4331820819903
0.0020000000000000018 -0.012 2614.7868883811452
0.0024999999999999988 -0.012 2539.2278965000392
0.0030000000000000027 -0.012 2442.2092876529014
0.0034999999999999996 -0.012 2323.1148341404719
0.0040000000000000036 -0.012 2182.6158707056093
0.0045000000000000005 -0.012 2022.8388210120006
0.0049999999999999975 -0.012 1847.3185886845879
0.0055000000000000014 -0.012 1660.7515348487223
0.0059999999999999984 -0.012 1468.5947166961075
0.0064999999999999988 -0.012 1276.5796369495597
0.0069999999999999993 -0.012 1090.216074219911
0.0074999999999999997 -0.012 914.35497085905092
0.0080000000000000002 -0.012 752.86192143739743
0.0085000000000000006 -0.012 608.42929746463199
0.0090000000000000011 -0.012 482.53065794251091
0.0095000000000000015 -0.012 375.50030310009191
0.010000000000000002 -0.012 286.7065897780476
0.010500000000000002 -0.012 214.78107974821737
0.011000000000000003 -0.012 157.86620341488688
0.011500000000000003 -0.012 113.8501625489485
0.012000000000000004 -0.012 80.566965680788684
0.012499999999999997 -0.012 55.949506086976953
0.013000000000000005 -0.012 38.132627604040941
0.013499999999999998 -0.012 25.510030030070197
0.014000000000000005 -0.012 16.753197199534885
0.014499999999999999 -0.012 10.802414780608704
0.014999999999999999 -0.012 6.8398802641102234
0.0155 -0.012 4.2535524260633348
0.016000000000000007 -0.012 2.5983862570841834
0.016500000000000001 -0.012 1.559472743385133
0.017000000000000001 -0.012 0.91970101767993018
0.017500000000000002 -0.012 0.53306551735761198
0.017999999999999995 -0.012 0.30370072229802825
0.018500000000000003 -0.012 0.17009951219356392
0.019000000000000003 -0.012 0.093671158735573717
0.019500000000000003 -0.012 0.050722342019671587
0.019999999999999997 -0.012 0.027009617762679763
0.020499999999999997 -0.012 0.014144499491544667
0.021000000000000005 -0.012 0.0072848294543773158
0.021500000000000005 -0.012 0.0036898990407287138
0.021999999999999999 -0.012 0.0018380674334545547
0.022499999999999999 -0.012 0.00090040333095358792
0.023000000000000007 -0.012 0.00043371775225848068
0.023500000000000007 -0.012 0.00020541275010372878
0.024 -0.012 9.5641067399343554e-05
0.024500000000000001 -0.012 4.3772105430307754e-05
0.025000000000000001 -0.012 1.9688815467392531e-05
-0.025000000000000001 -0.0115 3.0209355705034802e-05
-0.024500000000000001 -0.0115 6.6831746276974324e-05
-0.024 -0.0115 0.00014526720551908252
-0.0235 -0.0115 0.00031029130489670817
-0.023 -0.0115 0.0006514172365759208
-0.022500000000000003 -0.0115 0.0013443177024047349
-0.022000000000000002 -0.0115 0.0027274486229727887
-0.021500000000000002 -0.0115 0.0054409442079851262
-0.021000000000000001 -0.0115 0.01067325282031664
-0.020500000000000001 -0.0115 0.02058996273939187
-0.02 -0.0115 0.039063459798075448
-0.0195 -0.0115 0.072887077237505399
-0.019 -0.0115 0.13374923228571137
-0.018500000000000003 -0.0115 0.24136668701328531
-0.018000000000000002 -0.0115 0.42833302468792489
-0.017500000000000002 -0.0115 0.74742281338336669
-0.017000000000000001 -0.0115 1.2822851409772102
-0.016500000000000001 -0.0115 2.1626246737323096
-0.016 -0.0115 3.5850416635219773
-0.0155 -0.0115 5.8405939701892189
-0.015000000000000001 -0.0115 9.3497389353334093
-0.014500000000000001 -0.0115 14.704484436061005
-0.014 -0.0115 22.716216889860199
-0.0135 -0.0115 34.46572959725161
-0.012999999999999999 -0.0115 51.349513494023988
-0.012500000000000001 -0.0115 75.113633655547872
-0.012 -0.0115 107.86395430412806
-0.0115 -0.0115 152.03976716409937
-0.010999999999999999 -0.0115 210.33785489736709
-0.010499999999999999 -0.0115 285.57652968672261
-0.010000000000000002 -0.0115 380.49486482625582
-0.0095000000000000015 -0.0115 497.49134015532968
-0.0090000000000000011 -0.0115 638.31786155926648
-0.0085000000000000006 -0.0115 803.75809400757407
-0.0080000000000000002 -0.0115 993.33089191939575
-0.0074999999999999997 -0.0115 1205.0673591678753
-0.0069999999999999993 -0.0115 1435.4107432435435
-0.0064999999999999988 -0.0115 1679.2797316767567
-0.0059999999999999984 -0.0115 1930.317096257676
-0.0054999999999999979 -0.0115 2181.3185170196102
-0.005000000000000001 -0.0115 2424.8046737923132
-0.0044999999999999971 -0.0115 2653.6691417305396
-0.0040000000000000001 -0.0115 2861.8120273104992
-0.0035000000000000031 -0.0115 3044.6608275159665
-0.0029999999999999992 -0.0115 3199.4896748907404
-0.0025000000000000022 -0.0115 3325.4763740455637
-0.0019999999999999983 -0.0115 3423.4796779780818
-0.0015000000000000013 -0.0115 3495.5695059591781
-0.00099999999999999742 -0.0115 3544.3902524448413
-0.00050000000000000044 -0.0115 3572.4717073588267
0 -0.0115 3581.6153144225268
0.00050000000000000044 -0.0115 3572.4717073588272
0.0010000000000000009 -0.0115 3544.3902524448404
0.0015000000000000013 -0.0115 3495.5695059591771
0.0020000000000000018 -0.0115 3423.4796779780813
0.0024999999999999988 -0.0115 3325.4763740455651
0.0030000000000000027 -0.0115 3199.4896748907408
0.0034999999999999996 -0.0115 3044.6608275159679
0.0040000000000000036 -0.0115 2861.8120273104978
0.0045000000000000005 -0.0115 2653.6691417305378
0.0049999999999999975 -0.0115 2424.804673792315
0.0055000000000000014 -0.0115 2181.3185170196089
0.0059999999999999984 -0.0115 1930.3170962576758
0.0064999999999999988 -0.0115 1679.2797316767565
0.0069999999999999993 -0.0115 1435.4107432435433
0.0074999999999999997 -0.0115 1205.0673591678753
0.0080000000000000002 -0.0115 993.33089191939575
0.0085000000000000006 -0.0115 803.75809400757373
0.0090000000000000011 -0.0115 638.31786155926613
0.0095000000000000015 -0.0115 497.49134015532945
0.010000000000000002 -0.0115 380.49486482625559
0.010500000000000002 -0.0115 285.57652968672198
0.011000000000000003 -0.0115 210.33785489736655
0.011500000000000003 -0.0115 152.03976716409892
0.012000000000000004 -0.0115 107.8639543041278
0.012499999999999997 -0.0115 75.113633655548014
0.013000000000000005 -0.0115 51.349513494023739
0.013499999999999998 -0.0115 34.46572959725161
0.014000000000000005 -0.0115 22.716216889860078
0.014499999999999999 -0.0115 14.704484436061014
0.014999999999999999 -0.0115 9.3497389353334128
0.0155 -0.0115 5.8405939701892109
0.016000000000000007 -0.0115 3.5850416635219471
0.016500000000000001 -0.0115 2.1626246737323069
0.017000000000000001 -0.0115 1.2822851409772089
0.017500000000000002 -0.0115 0.74742281338336669
0.017999999999999995 -0.0115 0.42833302468792789
0.018500000000000003 -0.0115 0.24136668701328506
0.019000000000000003 -0.0115 0.1337492322857109
0.019500000000000003 -0.0115 0.07288707723750508
0.019999999999999997 -0.0115 0.039063459798075621
0.020499999999999997 -0.0115 0.020589962739391943
0.021000000000000005 -0.0115 0.010673252820316592
0.021500000000000005 -0.0115 0.0054409442079850975
0.021999999999999999 -0.0115 0.0027274486229727957
0.022499999999999999 -0.0115 0.0013443177024047381
0.023000000000000007 -0.0115 0.00065141723657591386
0.023500000000000007 -0.0115 0.00031029130489670486
0.024 -0.0115 0.00014526720551908252
0.024500000000000001 -0.0115 6.6831746276974324e-05
0.025000000000000001 -0.0115 3.0209355705034853e-05
-0.025000000000000001 -0.010999999999999999 4.5771174353001396e-05
-0.024500000000000001 -0.010999999999999999 0.00010081468880363892
-0.024 -0.010999999999999999 0.00021810575049310466
-0.0235 -0.010999999999999999 0.00046355202735278122
-0.023 -0.010999999999999999 0.0009680401692877535
-0.022500000000000003 -0.010999999999999999 0.0019866659758306948
-0.022000000000000002 -0.010999999999999999 0.0040073946806955668
-0.021500000000000002 -0.010999999999999999 0.0079463744802270048
-0.021000000000000001 -0.010999999999999999 0.015491825528282599
-0.020500000000000001 -0.010999999999999999 0.029696930629111211
-0.02 -0.010999999999999999 0.055980285586817696
-0.0195 -0.010999999999999999 0.10377716041082102
-0.019 -0.010999999999999999 0.18920330113395648
-0.018500000000000003 -0.010999999999999999 0.33925098553612104
-0.018000000000000002 -0.010999999999999999 0.59823556874653994
-0.017500000000000002 -0.010999999999999999 1.0374412699961926
-0.017000000000000001 -0.010999999999999999 1.7691527134188179
-0.016500000000000001 -0.010999999999999999 2.9664550928128168
-0.016 -0.010999999999999999 4.8902611063667569
-0.0155 -0.010999999999999999 7.9248627739209754
-0.015000000000000001 -0.010999999999999999 12.622766555323155
-0.014500000000000001 -0.010999999999999999 19.758493902183261
-0.014 -0.010999999999999999 30.389282194976282
-0.0135 -0.010999999999999999 45.91814580847241
-0.012999999999999999 -0.010999999999999999 68.151643555655113
-0.012500000000000001 -0.010999999999999999 99.341255819470661
-0.012 -0.010999999999999999 142.19408257657054
-0.0115 -0.010999999999999999 199.83648644752506
-0.010999999999999999 -0.010999999999999999 275.71437229967341
-0.010499999999999999 -0.010999999999999999 373.41708006730465
-0.010000000000000002 -0.010999999999999999 496.41916536017942
-0.0095000000000000015 -0.010999999999999999 647.74583456355765
-0.0090000000000000011 -0.010999999999999999 829.5827250922008
-0.0085000000000000006 -0.010999999999999999 1042.8671663108933
-0.0080000000000000002 -0.010999999999999999 1286.9130024860431
-0.0074999999999999997 -0.010999999999999999 1559.1307493278211
-0.0069999999999999993 -0.010999999999999999 1854.9055162676491
-0.0064999999999999988 -0.010999999999999999 2167.68394076597
-0.0059999999999999984 -0.010999999999999999 2489.2975119875982
-0.0054999999999999979 -0.010999999999999999 2810.5150354574071
-0.005000000000000001 -0.010999999999999999 3121.7765395390884
-0.0044999999999999971 -0.010999999999999999 3414.022071809587
-0.0040000000000000001 -0.010999999999999999 3679.5001840345763
-0.0035000000000000031 -0.010999999999999999 3912.4303371016717
-0.0029999999999999992 -0.010999999999999999 4109.406032241408
-0.0025000000000000022 -0.010999999999999999 4269.4617143524501
-0.0019999999999999983 -0.010999999999999999 4393.7815754406029
-0.0015000000000000013 -0.010999999999999999 4485.0926139443936
-0.00099999999999999742 -0.010999999999999999 4546.8448917881969
-0.00050000000000000044 -0.010999999999999999 4582.3257689626644
0 -0.010999999999999999 4593.8716697982845
0.00050000000000000044 -0.010999999999999999 4582.3257689626644
0.0010000000000000009 -0.010999999999999999 4546.844891788196
0.0015000000000000013 -0.010999999999999999 4485.0926139443936
0.0020000000000000018 -0.010999999999999999 4393.7815754406038
0.0024999999999999988 -0.010999999999999999 4269.461714352452
0.0030000000000000027 -0.010999999999999999 4109.4060322414089
0.0034999999999999996 -0.010999999999999999 3912.4303371016736
0.0040000000000000036 -0.010999999999999999 3679.5001840345753
0.0045000000000000005 -0.010999999999999999 3414.0220718095848
0.0049999999999999975 -0.010999999999999999 3121.7765395390907
0.0055000000000000014 -0.010999999999999999 2810.5150354574048
0.0059999999999999984 -0.010999999999999999 2489.2975119875978
0.0064999999999999988 -0.010999999999999999 2167.68394076597
0.0069999999999999993 -0.010999999999999999 1854.9055162676489
0.0074999999999999997 -0.010999999999999999 1559.1307493278209
0.0080000000000000002 -0.010999999999999999 1286.9130024860426
0.0085000000000000006 -0.010999999999999999 1042.8671663108926
0.0090000000000000011 -0.010999999999999999 829.58272509220046
0.0095000000000000015 -0.010999999999999999 647.74583456355731
0.010000000000000002 -0.010999999999999999 496.41916536017919
0.010500000000000002 -0.010999999999999999 373.41708006730391
0.011000000000000003 -0.010999999999999999 275.71437229967262
0.011500000000000003 -0.010999999999999999 199.83648644752458
0.012000000000000004 -0.010999999999999999 142.19408257657017
0.012499999999999997 -0.010999999999999999 99.341255819470817
0.013000000000000005 -0.010999999999999999 68.151643555654843
0.013499999999999998 -0.010999999999999999 45.918145808472453
0.014000000000000005 -0.010999999999999999 30.389282194976129
0.014499999999999999 -0.010999999999999999 19.758493902183275
0.014999999999999999 -0.010999999999999999 12.622766555323171
0.0155 -0.010999999999999999 7.9248627739209656
0.016000000000000007 -0.010999999999999999 4.8902611063667258
0.016500000000000001 -0.010999999999999999 2.9664550928128168
0.017000000000000001 -0.010999999999999999 1.7691527134188159
0.017500000000000002 -0.010999999999999999 1.0374412699961915
0.017999999999999995 -0.010999999999999999 0.59823556874654416
0.018500000000000003 -0.010999999999999999 0.33925098553612071
0.019000000000000003 -0.010999999999999999 0.18920330113395598
0.019500000000000003 -0.010999999999999999 0.10377716041082057
0.019999999999999997 -0.010999999999999999 0.055980285586818036
0.020499999999999997 -0.010999999999999999 0.029696930629111308
0.021000000000000005 -0.010999999999999999 0.015491825528282559
0.021500000000000005 -0.010999999999999999 0.007946374480226958
0.021999999999999999 -0.010999999999999999 0.0040073946806955807
0.022499999999999999 -0.010999999999999999 0.0019866659758306991
0.023000000000000007 -0.010999999999999999 0.00096804016928773973
0.023500000000000007 -0.010999999999999999 0.00046355202735277624
0.024 -0.010999999999999999 0.00021810575049310485
0.024500000000000001 -0.010999999999999999 0.00010081468880363892
0.025000000000000001 -0.010999999999999999 4.5771174353001396e-05
-0.025000000000000001 -0.010499999999999999 6.8418750320505795e-05
-0.024500000000000001 -0.010499999999999999 0.00015011564111024411
-0.024 -0.010499999999999999 0.00032341245127746968
-0.0235 -0.010499999999999999 0.00068429463210042951
-0.023 -0.010499999999999999 0.0014222032869306679
-0.022500000000000003 -0.010499999999999999 0.0029039474028494969
-0.022000000000000002 -0.010499999999999999 0.0058263867211995578
-0.021500000000000002 -0.010499999999999999 0.011488558904366114
-0.021000000000000001 -0.010499999999999999 0.022266678878706116
-0.020500000000000001 -0.010499999999999999 0.042425912592376325
-0.02 -0.010499999999999999 0.079478156740686659
-0.0195 -0.010499999999999999 0.14640354812903303
-0.019 -0.010499999999999999 0.26520345218223079
-0.018500000000000003 -0.010499999999999999 0.47245037103285975
-0.018000000000000002 -0.010499999999999999 0.8277454870832105
-0.017500000000000002 -0.010499999999999999 1.42627512500395
-0.017000000000000001 -0.010499999999999999 2.4169407746096057
-0.016500000000000001 -0.010499999999999999 4.0277615981227353
-0.016 -0.010499999999999999 6.600314031798848
-0.0155 -0.010499999999999999 10.634739304404558
-0.015000000000000001 -0.010499999999999999 16.846140301228406
-0.014500000000000001 -0.010499999999999999 26.231814947477602
-0.014 -0.010499999999999999 40.146575370097324
-0.0135 -0.010499999999999999 60.380319078215777
-0.012999999999999999 -0.010499999999999999 89.228171198159203
-0.012500000000000001 -0.010499999999999999 129.53929621387317
-0.012 -0.010499999999999999 184.72660704263086
-0.0115 -0.010499999999999999 258.71713555440812
-0.010999999999999999 -0.010499999999999999 355.82306357749565
-0.010499999999999999 -0.010499999999999999 480.5176487829944
-0.010000000000000002 -0.010499999999999999 637.10947907465834
-0.0095000000000000015 -0.010499999999999999 829.32285206780739
-0.0090000000000000011 -0.010499999999999999 1059.8106332130369
-0.0085000000000000006 -0.010499999999999999 1329.6463078395134
-0.0080000000000000002 -0.010499999999999999 1637.8603524429902
-0.0074999999999999997 -0.010499999999999999 1981.0978493386042
-0.0069999999999999993 -0.010499999999999999 2353.4747872509497
-0.0064999999999999988 -0.010499999999999999 2746.6962588670767
-0.0059999999999999984 -0.010499999999999999 3150.4697829520196
-0.0054999999999999979 -0.010499999999999999 3553.2036786174481
-0.005000000000000001 -0.010499999999999999 3942.9299726080067
-0.0044999999999999971 -0.010499999999999999 4308.3429883168383
-0.0040000000000000001 -0.010499999999999999 4639.809268558326
-0.0035000000000000031 -0.010499999999999999 4930.1916249607921
-0.0029999999999999992 -0.010499999999999999 5175.3461632935523
-0.0025000000000000022 -0.010499999999999999 5374.1967187540376
-0.0019999999999999983 -0.010499999999999999 5528.3601934441667
-0.0015000000000000013 -0.010499999999999999 5641.3766854387686
-0.00099999999999999742 -0.010499999999999999 5717.6740508366474
-0.00050000000000000044 -0.010499999999999999 5761.4512734727223
0 -0.010499999999999999 5775.685852189009
0.00050000000000000044 -0.010499999999999999 5761.4512734727223
0.0010000000000000009 -0.010499999999999999 5717.6740508366465
0.0015000000000000013 -0.010499999999999999 5641.3766854387695
0.0020000000000000018 -0.010499999999999999 5528.3601934441658
0.0024999999999999988 -0.010499999999999999 5374.1967187540395
0.0030000000000000027 -0.010499999999999999 5175.3461632935505
0.0034999999999999996 -0.010499999999999999 4930.1916249607939
0.0040000000000000036 -0.010499999999999999 4639.8092685583242
0.0045000000000000005 -0.010499999999999999 4308.3429883168355
0.0049999999999999975 -0.010499999999999999 3942.929972608008
0.0055000000000000014 -0.010499999999999999 3553.2036786174458
0.0059999999999999984 -0.010499999999999999 3150.4697829520196
0.0064999999999999988 -0.010499999999999999 2746.6962588670758
0.0069999999999999993 -0.010499999999999999 2353.4747872509488
0.0074999999999999997 -0.010499999999999999 1981.0978493386037
0.0080000000000000002 -0.010499999999999999 1637.8603524429896
0.0085000000000000006 -0.010499999999999999 1329.6463078395129
0.0090000000000000011 -0.010499999999999999 1059.8106332130365
0.0095000000000000015 -0.010499999999999999 829.32285206780693
0.010000000000000002 -0.010499999999999999 637.10947907465834
0.010500000000000002 -0.010499999999999999 480.51764878299326
0.011000000000000003 -0.010499999999999999 355.82306357749474
0.011500000000000003 -0.010499999999999999 258.71713555440721
0.012000000000000004 -0.010499999999999999 184.72660704263023
0.012499999999999997 -0.010499999999999999 129.5392962138734
0.013000000000000005 -0.010499999999999999 89.228171198158719
0.013499999999999998 -0.010499999999999999 60.380319078215791
0.014000000000000005 -0.010499999999999999 40.146575370097118
0.014499999999999999 -0.010499999999999999 26.231814947477616
0.014999999999999999 -0.010499999999999999 16.846140301228417
0.0155 -0.010499999999999999 10.634739304404539
0.016000000000000007 -0.010499999999999999 6.6003140317987903
0.016500000000000001 -0.010499999999999999 4.0277615981227353
0.017000000000000001 -0.010499999999999999 2.4169407746096034
0.017500000000000002 -0.010499999999999999 1.4262751250039487
0.017999999999999995 -0.010499999999999999 0.8277454870832156
0.018500000000000003 -0.010499999999999999 0.47245037103285975
0.019000000000000003 -0.010499999999999999 0.2652034521822299
0.019500000000000003 -0.010499999999999999 0.14640354812903236
0.019999999999999997 -0.010499999999999999 0.079478156740686937
0.020499999999999997 -0.010499999999999999 0.042425912592376457
0.021000000000000005 -0.010499999999999999 0.022266678878706047
0.021500000000000005 -0.010499999999999999 0.011488558904366059
0.021999999999999999 -0.010499999999999999 0.0058263867211995691
0.022499999999999999 -0.010499999999999999 0.0029039474028495021
0.023000000000000007 -0.010499999999999999 0.0014222032869306517
0.023500000000000007 -0.010499999999999999 0.00068429463210042171
0.024 -0.010499999999999999 0.00032341245127746968
0.024500000000000001 -0.010499999999999999 0.00015011564111024411
0.025000000000000001 -0.010499999999999999 6.8418750320505835e-05
-0.025000000000000001 -0.010000000000000002 0.00010081021498646149
-0.024500000000000001 -0.010000000000000002 0.0002204425468532263
-0.024 -0.010000000000000002 0.0004731949735400709
-0.0235 -0.010000000000000002 0.0009972651205628878
-0.023 -0.010000000000000002 0.0020638651332429512
-0.022500000000000003 -0.010000000000000002 0.0041949631985409297
-0.022000000000000002 -0.010000000000000002 0.0083758285719045759
-0.021500000000000002 -0.010000000000000002 0.016430710280382798
-0.021000000000000001 -0.010000000000000002 0.031672928773848912
-0.020500000000000001 -0.010000000000000002 0.060006000856992849
-0.02 -0.010000000000000002 0.11174866317753872
-0.0195 -0.010000000000000002 0.20459342684133663
-0.019 -0.010000000000000002 0.36829482444138473
-0.018500000000000003 -0.010000000000000002 0.65192575143340326
-0.018000000000000002 -0.010000000000000002 1.13483606388269
-0.017500000000000002 -0.010000000000000002 1.9427793764904839
-0.017000000000000001 -0.010000000000000002 3.2709996502695189
-0.016500000000000001 -0.010000000000000002 5.4163113438784141
-0.016 -0.010000000000000002 8.8202439673010193
-0.0155 -0.010000000000000002 14.124984331431559
-0.015000000000000001 -0.010000000000000002 22.242928662025687
-0.014500000000000001 -0.010000000000000002 34.438930982939382
-0.014 -0.010000000000000002 52.421623288813628
-0.0135 -0.010000000000000002 78.436427039520183
-0.012999999999999999 -0.010000000000000002 115.34823571116979
-0.012500000000000001 -0.010000000000000002 166.69671002391419
-0.012 -0.010000000000000002 236.70257314208146
-0.0115 -0.010000000000000002 330.20049950941467
-0.010999999999999999 -0.010000000000000002 452.47470825248354
-0.010499999999999999 -0.010000000000000002 608.97875154976714
-0.010000000000000002 -0.010000000000000002 804.93236282266946
-0.0095000000000000015 -0.010000000000000002 1044.8058024623936
-0.0090000000000000011 -0.010000000000000002 1331.7246979326117
-0.0085000000000000006 -0.010000000000000002 1666.8529957790067
-0.0080000000000000002 -0.010000000000000002 2048.8337566608725
-0.0074999999999999997 -0.010000000000000002 2473.3814842255902
-0.0069999999999999993 -0.010000000000000002 2933.1198445520763
-0.0064999999999999988 -0.010000000000000002 3417.7408374452348
-0.0059999999999999984 -0.010000000000000002 3914.5245650815068
-0.0054999999999999979 -0.010000000000000002 4409.2057292373493
-0.005000000000000001 -0.010000000000000002 4887.1114337113731
-0.0044999999999999971 -0.010000000000000002 5334.4360800841268
-0.0040000000000000001 -0.010000000000000002 5739.4761873382713
-0.0035000000000000031 -0.010000000000000002 6093.6327635628122
-0.0029999999999999992 -0.010000000000000002 6392.0090215237942
-0.0025000000000000022 -0.010000000000000002 6633.4874478659613
-0.0019999999999999983 -0.010000000000000002 6820.2550568338174
-0.0015000000000000013 -0.010000000000000002 6956.8442144453438
-0.00099999999999999742 -0.010000000000000002 7048.8491477859543
-0.00050000000000000044 -0.010000000000000002 7101.5451344261137
0 -0.010000000000000002 7118.6626610230242
0.00050000000000000044 -0.010000000000000002 7101.5451344261137
0.0010000000000000009 -0.010000000000000002 7048.8491477859561
0.0015000000000000013 -0.010000000000000002 6956.8442144453447
0.0020000000000000018 -0.010000000000000002 6820.2550568338156
0.0024999999999999988 -0.010000000000000002 6633.4874478659613
0.0030000000000000027 -0.010000000000000002 6392.0090215237942
0.0034999999999999996 -0.010000000000000002 6093.6327635628122
0.0040000000000000036 -0.010000000000000002 5739.4761873382677
0.0045000000000000005 -0.010000000000000002 5334.4360800841232
0.0049999999999999975 -0.010000000000000002 4887.1114337113759
0.0055000000000000014 -0.010000000000000002 4409.2057292373456
0.0059999999999999984 -0.010000000000000002 3914.5245650815064
0.0064999999999999988 -0.010000000000000002 3417.7408374452343
0.0069999999999999993 -0.010000000000000002 2933.1198445520745
0.0074999999999999997 -0.010000000000000002 2473.3814842255897
0.0080000000000000002 -0.010000000000000002 2048.8337566608716
0.0085000000000000006 -0.010000000000000002 1666.8529957790063
0.0090000000000000011 -0.010000000000000002 1331.7246979326108
0.0095000000000000015 -0.010000000000000002 1044.8058024623924
0.010000000000000002 -0.010000000000000002 804.93236282266855
0.010500000000000002 -0.010000000000000002 608.97875154976566
0.011000000000000003 -0.010000000000000002 452.47470825248223
0.011500000000000003 -0.010000000000000002 330.20049950941365
0.012000000000000004 -0.010000000000000002 236.70257314208089
0.012499999999999997 -0.010000000000000002 166.69671002391442
0.013000000000000005 -0.010000000000000002 115.34823571116934
0.013499999999999998 -0.010000000000000002 78.43642703952024
0.014000000000000005 -0.010000000000000002 52.421623288813365
0.014499999999999999 -0.010000000000000002 34.438930982939382
0.014999999999999999 -0.010000000000000002 22.242928662025705
0.0155 -0.010000000000000002 14.12498433143155
0.016000000000000007 -0.010000000000000002 8.8202439673009483
0.016500000000000001 -0.010000000000000002 5.4163113438784141
0.017000000000000001 -0.010000000000000002 3.2709996502695162
0.017500000000000002 -0.010000000000000002 1.9427793764904824
0.017999999999999995 -0.010000000000000002 1.1348360638826982
0.018500000000000003 -0.010000000000000002 0.65192575143340281
0.019000000000000003 -0.010000000000000002 0.36829482444138306
0.019500000000000003 -0.010000000000000002 0.20459342684133569
0.019999999999999997 -0.010000000000000002 0.11174866317753925
0.020499999999999997 -0.010000000000000002 0.060006000856993071
0.021000000000000005 -0.010000000000000002 0.031672928773848759
0.021500000000000005 -0.010000000000000002 0.016430710280382711
0.021999999999999999 -0.010000000000000002 0.0083758285719045915
0.022499999999999999 -0.010000000000000002 0.0041949631985409366
0.023000000000000007 -0.010000000000000002 0.0020638651332429295
0.023500000000000007 -0.010000000000000002 0.00099726512056287717
0.024 -0.010000000000000002 0.0004731949735400709
0.024500000000000001 -0.010000000000000002 0.0002204425468532263
0.025000000000000001 -0.010000000000000002 0.00010081021498646149
-0.025000000000000001 -0.0095000000000000015 0.00014629070504576435
-0.024500000000000001 -0.0095000000000000015 0.00031897334756001973
-0.024 -0.0095000000000000015 0.00068254088454208046
-0.0235 -0.0095000000000000015 0.0014335275231207177
-0.023 -0.0095000000000000015 0.0029556726291481102
-0.022500000000000003 -0.0095000000000000015 0.005983458121978545
-0.022000000000000002 -0.0095000000000000015 0.011895116990855159
-0.021500000000000002 -0.0095000000000000015 0.02322640483571833
-0.021000000000000001 -0.0095000000000000015 0.044552155566185345
-0.020500000000000001 -0.0095000000000000015 0.083966249443863203
-0.02 -0.0095000000000000015 0.15551197409960174
-0.0195 -0.0095000000000000015 0.28308455815809808
-0.019 -0.0095000000000000015 0.50655546671181073
-0.018500000000000003 -0.0095000000000000015 0.89115867395329984
-0.018000000000000002 -0.0095000000000000015 1.5415268139429217
-0.017500000000000002 -0.0095000000000000015 2.6221452278879589
-0.017000000000000001 -0.0095000000000000015 4.386350409406198
-0.016500000000000001 -0.0095000000000000015 7.2162411725860425
-0.016 -0.0095000000000000015 11.675850494451803
-0.0155 -0.0095000000000000015 18.579444753493132
-0.015000000000000001 -0.0095000000000000015 29.075634523100156
-0.014500000000000001 -0.0095000000000000015 44.745848163663695
-0.014 -0.0095000000000000015 67.712440713669196
-0.0135 -0.0095000000000000015 100.74723690449846
-0.012999999999999999 -0.0095000000000000015 147.36585162562355
-0.012500000000000001 -0.0095000000000000015 211.8872861970228
-0.012 -0.0095000000000000015 299.43311632660902
-0.0115 -0.0095000000000000015 415.83757239689623
-0.010999999999999999 -0.0095000000000000015 567.44077584681986
-0.010499999999999999 -0.0095000000000000015 760.74413260511972
-0.010000000000000002 -0.0095000000000000015 1001.9206835046673
-0.0095000000000000015 -0.0095000000000000015 1296.1942544736019
-0.0090000000000000011 -0.0095000000000000015 1647.1280461321542
-0.0085000000000000006 -0.0095000000000000015 2055.8923487968746
-0.0080000000000000002 -0.0095000000000000015 2520.6069347296448
-0.0074999999999999997 -0.0095000000000000015 3035.8696839585277
-0.0069999999999999993 -0.0095000000000000015 3592.5824981603482
-0.0064999999999999988 -0.0095000000000000015 4178.1636743745812
-0.0059999999999999984 -0.0095000000000000015 4777.1913587594281
-0.0054999999999999979 -0.0095000000000000015 5372.4591620280135
-0.005000000000000001 -0.0095000000000000015 5946.3515572618098
-0.0044999999999999971 -0.0095000000000000015 6482.3767999294932
-0.0040000000000000001 -0.0095000000000000015 6966.6443756347944
-0.0035000000000000031 -0.0095000000000000015 7389.0565705488125
-0.0029999999999999992 -0.0095000000000000015 7744.0086803806389
-0.0025000000000000022 -0.0095000000000000015 8030.4603594229966
-0.0019999999999999983 -0.0095000000000000015 8251.3426741812873
-0.0015000000000000013 -0.0095000000000000015 8412.3837268694642
-0.00099999999999999742 -0.0095000000000000015 8520.5468241851322
-0.00050000000000000044 -0.0095000000000000015 8582.3551264602811
0 -0.0095000000000000015 8602.4067056317035
0.00050000000000000044 -0.0095000000000000015 8582.3551264602811
0.0010000000000000009 -0.0095000000000000015 8520.5468241851322
0.0015000000000000013 -0.0095000000000000015 8412.3837268694642
0.0020000000000000018 -0.0095000000000000015 8251.3426741812873
0.0024999999999999988 -0.0095000000000000015 8030.4603594229984
0.0030000000000000027 -0.0095000000000000015 7744.0086803806371
0.0034999999999999996 -0.0095000000000000015 7389.0565705488161
0.0040000000000000036 -0.0095000000000000015 6966.6443756347926
0.0045000000000000005 -0.0095000000000000015 6482.3767999294896
0.0049999999999999975 -0.0095000000000000015 5946.3515572618135
0.0055000000000000014 -0.0095000000000000015 5372.4591620280089
0.0059999999999999984 -0.0095000000000000015 4777.1913587594281
0.0064999999999999988 -0.0095000000000000015 4178.1636743745812
0.0069999999999999993 -0.0095000000000000015 3592.5824981603482
0.0074999999999999997 -0.0095000000000000015 3035.8696839585259
0.0080000000000000002 -0.0095000000000000015 2520.6069347296448
0.0085000000000000006 -0.0095000000000000015 2055.8923487968736
0.0090000000000000011 -0.0095000000000000015 1647.1280461321542
0.0095000000000000015 -0.0095000000000000015 1296.1942544736014
0.010000000000000002 -0.0095000000000000015 1001.9206835046666
0.010500000000000002 -0.0095000000000000015 760.74413260511812
0.011000000000000003 -0.0095000000000000015 567.4407758468185
0.011500000000000003 -0.0095000000000000015 415.83757239689527
0.012000000000000004 -0.0095000000000000015 299.43311632660834
0.012499999999999997 -0.0095000000000000015 211.88728619702312
0.013000000000000005 -0.0095000000000000015 147.36585162562287
0.013499999999999998 -0.0095000000000000015 100.74723690449855
0.014000000000000005 -0.0095000000000000015 67.712440713668855
0.014499999999999999 -0.0095000000000000015 44.74584816366373
0.014999999999999999 -0.0095000000000000015 29.075634523100181
0.0155 -0.0095000000000000015 18.579444753493114
0.016000000000000007 -0.0095000000000000015 11.675850494451712
0.016500000000000001 -0.0095000000000000015 7.2162411725860363
0.017000000000000001 -0.0095000000000000015 4.3863504094061936
0.017500000000000002 -0.0095000000000000015 2.6221452278879549
0.017999999999999995 -0.0095000000000000015 1.5415268139429328
0.018500000000000003 -0.0095000000000000015 0.89115867395329862
0.019000000000000003 -0.0095000000000000015 0.50655546671180973
0.019500000000000003 -0.0095000000000000015 0.28308455815809686
0.019999999999999997 -0.0095000000000000015 0.15551197409960255
0.020499999999999997 -0.0095000000000000015 0.08396624944386348
0.021000000000000005 -0.0095000000000000015 0.044552155566185268
0.021500000000000005 -0.0095000000000000015 0.023226404835718212
0.021999999999999999 -0.0095000000000000015 0.011895116990855182
0.022499999999999999 -0.0095000000000000015 0.0059834581219785571
0.023000000000000007 -0.0095000000000000015 0.0029556726291480695
0.023500000000000007 -0.0095000000000000015 0.0014335275231207032
0.024 -0.0095000000000000015 0.00068254088454208078
0.024500000000000001 -0.0095000000000000015 0.00031897334756001989
0.025000000000000001 -0.0095000000000000015 0.00014629070504576435
-0.025000000000000001 -0.0090000000000000011 0.00020891948693407304
-0.024500000000000001 -0.0090000000000000011 0.00045441392338321437
-0.024 -0.0090000000000000011 0.00096973881502797582
-0.0235 -0.0090000000000000011 0.0020307118985401114
-0.023 -0.0090000000000000011 0.0041734578633522189
-0.022500000000000003 -0.0090000000000000011 0.008419094250812607
-0.022000000000000002 -0.0090000000000000011 0.016673508979060902
-0.021500000000000002 -0.0090000000000000011 0.032423084449321876
-0.021000000000000001 -0.0090000000000000011 0.061918826711310694
-0.020500000000000001 -0.0090000000000000011 0.11614718691714483
-0.02 -0.0090000000000000011 0.21403700109827706
-0.0195 -0.0090000000000000011 0.3875597638027507
-0.019 -0.0090000000000000011 0.68965389813214872
-0.018500000000000003 -0.0090000000000000011 1.2062450177019353
-0.018000000000000002 -0.0090000000000000011 2.0740320565753483
-0.017500000000000002 -0.0090000000000000011 3.5061293244788763
-0.017000000000000001 -0.0090000000000000011 5.8280284222580923
-0.016500000000000001 -0.0090000000000000011 9.5265566184790504
-0.016 -0.0090000000000000011 15.314389431868721
-0.0155 -0.0090000000000000011 24.211998321557132
-0.015000000000000001 -0.0090000000000000011 37.647412107396327
-0.014500000000000001 -0.0090000000000000011 57.571574266530121
-0.014 -0.0090000000000000011 86.583188825199954
-0.0135 -0.0090000000000000011 128.05174098095281
-0.012999999999999999 -0.0090000000000000011 186.22113383583962
-0.012500000000000001 -0.0090000000000000011 266.26980986864515
-0.012 -0.0090000000000000011 374.29755124930404
-0.0115 -0.0090000000000000011 517.20610428072166
-0.010999999999999999 -0.0090000000000000011 702.44240588554612
-0.010499999999999999 -0.0090000000000000011 937.58151736193508
-0.010000000000000002 -0.0090000000000000011 1229.7428005379472
-0.0095000000000000015 -0.0090000000000000011 1584.857527189416
-0.0090000000000000011 -0.0090000000000000011 2006.8371920273976
-0.0085000000000000006 -0.0090000000000000011 2496.7251933773096
-0.0080000000000000002 -0.0090000000000000011 3051.9439512540048
-0.0074999999999999997 -0.0090000000000000011 3665.7672408491235
-0.0069999999999999993 -0.0090000000000000011 4327.1459039536503
-0.0064999999999999988 -0.0090000000000000011 5020.988620118058
-0.0059999999999999984 -0.0090000000000000011 5728.9467108408298
-0.0054999999999999979 -0.0090000000000000011 6430.6774205302327
-0.005000000000000001 -0.0090000000000000011 7105.4744089807564
-0.0044999999999999971 -0.0090000000000000011 7734.0730685032286
-0.0040000000000000001 -0.0090000000000000011 8300.3798693442695
-0.0035000000000000031 -0.0090000000000000011 8792.8557013345799
-0.0029999999999999992 -0.0090000000000000011 9205.3135171784124
-0.0025000000000000022 -0.0090000000000000011 9536.9712188673111
-0.0019999999999999983 -0.0090000000000000011 9791.7210376757994
-0.0015000000000000013 -0.0090000000000000011 9976.7156876558911
-0.00099999999999999742 -0.0090000000000000011 10100.5018631191
-0.00050000000000000044 -0.0090000000000000011 10171.02515217252
0 -0.0090000000000000011 10193.865148048493
0.00050000000000000044 -0.0090000000000000011 10171.02515217252
0.0010000000000000009 -0.0090000000000000011 10100.5018631191
0.0015000000000000013 -0.0090000000000000011 9976.7156876558911
0.0020000000000000018 -0.0090000000000000011 9791.7210376757994
0.0024999999999999988 -0.0090000000000000011 9536.9712188673111
0.0030000000000000027 -0.0090000000000000011 9205.3135171784106
0.0034999999999999996 -0.0090000000000000011 8792.8557013345817
0.0040000000000000036 -0.0090000000000000011 8300.3798693442677
0.0045000000000000005 -0.0090000000000000011 7734.0730685032222
0.0049999999999999975 -0.0090000000000000011 7105.4744089807591
0.0055000000000000014 -0.0090000000000000011 6430.6774205302272
0.0059999999999999984 -0.0090000000000000011 5728.9467108408289
0.0064999999999999988 -0.0090000000000000011 5020.9886201180552
0.0069999999999999993 -0.0090000000000000011 4327.1459039536485
0.0074999999999999997 -0.0090000000000000011 3665.7672408491212
0.0080000000000000002 -0.0090000000000000011 3051.9439512540034
0.0085000000000000006 -0.0090000000000000011 2496.7251933773082
0.0090000000000000011 -0.0090000000000000011 2006.8371920273969
0.0095000000000000015 -0.0090000000000000011 1584.8575271894149
0.010000000000000002 -0.0090000000000000011 1229.7428005379459
0.010500000000000002 -0.0090000000000000011 937.58151736193292
0.011000000000000003 -0.0090000000000000011 702.44240588554419
0.011500000000000003 -0.0090000000000000011 517.20610428072007
0.012000000000000004 -0.0090000000000000011 374.29755124930324
0.012499999999999997 -0.0090000000000000011 266.26980986864544
0.013000000000000005 -0.0090000000000000011 186.22113383583888
0.013499999999999998 -0.0090000000000000011 128.05174098095281
0.014000000000000005 -0.0090000000000000011 86.583188825199485
0.014499999999999999 -0.0090000000000000011 57.571574266530121
0.014999999999999999 -0.0090000000000000011 37.647412107396356
0.0155 -0.0090000000000000011 24.211998321557111
0.016000000000000007 -0.0090000000000000011 15.314389431868598
0.016500000000000001 -0.0090000000000000011 9.5265566184790504
0.017000000000000001 -0.0090000000000000011 5.8280284222580887
0.017500000000000002 -0.0090000000000000011 3.506129324478874
0.017999999999999995 -0.0090000000000000011 2.0740320565753652
0.018500000000000003 -0.0090000000000000011 1.2062450177019346
0.019000000000000003 -0.0090000000000000011 0.68965389813214628
0.019500000000000003 -0.0090000000000000011 0.38755976380274881
0.019999999999999997 -0.0090000000000000011 0.21403700109827808
0.020499999999999997 -0.0090000000000000011 0.11614718691714529
0.021000000000000005 -0.0090000000000000011 0.061918826711310389
0.021500000000000005 -0.0090000000000000011 0.032423084449321696
0.021999999999999999 -0.0090000000000000011 0.016673508979060919
0.022499999999999999 -0.0090000000000000011 0.0084190942508126174
0.023000000000000007 -0.0090000000000000011 0.0041734578633521686
0.023500000000000007 -0.0090000000000000011 0.0020307118985400901
0.024 -0.0090000000000000011 0.00096973881502797582
0.024500000000000001 -0.0090000000000000011 0.00045441392338321437
0.025000000000000001 -0.0090000000000000011 0.00020891948693407304
-0.025000000000000001 -0.0085000000000000006 0.00029342254347319749
-0.024500000000000001 -0.0085000000000000006 0.00063689653694574402
-0.024 -0.0085000000000000006 0.0013560654304342029
-0.0235 -0.0085000000000000006 0.0028325767438767595
-0.023 -0.0085000000000000006 0.0058053579355892143
-0.022500000000000003 -0.0085000000000000006 0.011675717668200868
-0.022000000000000002 -0.0085000000000000006 0.023046780034278048
-0.021500000000000002 -0.0085000000000000006 0.044655750023028982
-0.021000000000000001 -0.0085000000000000006 0.084948647791719567
-0.020500000000000001 -0.0085000000000000006 0.1586797604662861
-0.02 -0.0085000000000000006 0.29110416125564509
-0.0195 -0.0085000000000000006 0.52458251048575255
-0.019 -0.0085000000000000006 0.9287401396148024
-0.018500000000000003 -0.0085000000000000006 1.6157147852512945
-0.018000000000000002 -0.0085000000000000006 2.7624696810653213
-0.017500000000000002 -0.0085000000000000006 4.6425940239528156
-0.017000000000000001 -0.0085000000000000006 7.6703749165376793
-0.016500000000000001 -0.0085000000000000006 12.46006692107246
-0.016 -0.0085000000000000006 19.903012454699393
-0.0155 -0.0085000000000000006 31.264327933544543
-0.015000000000000001 -0.0085000000000000006 48.298980905133227
-0.014500000000000001 -0.0085000000000000006 73.383967487625924
-0.014 -0.0085000000000000006 109.65877304485434
-0.0135 -0.0085000000000000006 161.16038238665391
-0.012999999999999999 -0.0085000000000000006 232.93216078449879
-0.012500000000000001 -0.0085000000000000006 331.07879086010405
-0.012 -0.0085000000000000006 462.73351917974929
-0.0115 -0.0085000000000000006 635.90116876454499
-0.010999999999999999 -0.0085000000000000006 859.14297036279584
-0.010499999999999999 -0.0085000000000000006 1141.0794329230057
-0.010000000000000002 -0.0085000000000000006 1489.7066807144668
-0.0095000000000000015 -0.0085000000000000006 1911.5499424789762
-0.0090000000000000011 -0.0085000000000000006 2410.7130403030783
-0.0085000000000000006 -0.0085000000000000006 2987.9200782285047
-0.0080000000000000002 -0.0085000000000000006 3639.6779355490853
-0.0074999999999999997 -0.0085000000000000006 4357.7069629130056
-0.0069999999999999993 -0.0085000000000000006 5128.7839492619933
-0.0064999999999999988 -0.0085000000000000006 5935.1098679759261
-0.0059999999999999984 -0.0085000000000000006 6755.2537705630994
-0.0054999999999999979 -0.0085000000000000006 7565.6386599618827
-0.005000000000000001 -0.0085000000000000006 8342.4374689712895
-0.0044999999999999971 -0.0085000000000000006 9063.65538544417
-0.0040000000000000001 -0.0085000000000000006 9711.1093127225504
-0.0035000000000000031 -0.0085000000000000006 10271.994882920948
-0.0029999999999999992 -0.0085000000000000006 10739.767847858231
-0.0025000000000000022 -0.0085000000000000006 11114.160496585007
-0.0019999999999999983 -0.0085000000000000006 11400.29267455855
-0.0015000000000000013 -0.0085000000000000006 11606.996921980188
-0.00099999999999999742 -0.0085000000000000006 11744.626724259309
-0.00050000000000000044 -0.0085000000000000006 11822.723761408684
0 -0.0085000000000000006 11847.959200467367
0.00050000000000000044 -0.0085000000000000006 11822.723761408684
0.0010000000000000009 -0.0085000000000000006 11744.626724259311
0.0015000000000000013 -0.0085000000000000006 11606.996921980188
0.0020000000000000018 -0.0085000000000000006 11400.292674558548
0.0024999999999999988 -0.0085000000000000006 11114.160496585011
0.0030000000000000027 -0.0085000000000000006 10739.767847858229
0.0034999999999999996 -0.0085000000000000006 10271.994882920952
0.0040000000000000036 -0.0085000000000000006 9711.1093127225431
0.0045000000000000005 -0.0085000000000000006 9063.6553854441645
0.0049999999999999975 -0.0085000000000000006 8342.4374689712931
0.0055000000000000014 -0.0085000000000000006 7565.6386599618772
0.0059999999999999984 -0.0085000000000000006 6755.2537705630975
0.0064999999999999988 -0.0085000000000000006 5935.1098679759225
0.0069999999999999993 -0.0085000000000000006 5128.7839492619923
0.0074999999999999997 -0.0085000000000000006 4357.7069629130046
0.0080000000000000002 -0.0085000000000000006 3639.6779355490839
0.0085000000000000006 -0.0085000000000000006 2987.9200782285029
0.0090000000000000011 -0.0085000000000000006 2410.7130403030769
0.0095000000000000015 -0.0085000000000000006 1911.5499424789746
0.010000000000000002 -0.0085000000000000006 1489.7066807144661
0.010500000000000002 -0.0085000000000000006 1141.079432923003
0.011000000000000003 -0.0085000000000000006 859.14297036279402
0.011500000000000003 -0.0085000000000000006 635.90116876454351
0.012000000000000004 -0.0085000000000000006 462.73351917974816
0.012499999999999997 -0.0085000000000000006 331.07879086010473
0.013000000000000005 -0.0085000000000000006 232.93216078449782
0.013499999999999998 -0.0085000000000000006 161.16038238665405
0.014000000000000005 -0.0085000000000000006 109.65877304485385
0.014499999999999999 -0.0085000000000000006 73.383967487625952
0.014999999999999999 -0.0085000000000000006 48.298980905133227
0.0155 -0.0085000000000000006 31.264327933544518
0.016000000000000007 -0.0085000000000000006 19.90301245469924
0.016500000000000001 -0.0085000000000000006 12.460066921072455
0.017000000000000001 -0.0085000000000000006 7.670374916537674
0.017500000000000002 -0.0085000000000000006 4.642594023952813
0.017999999999999995 -0.0085000000000000006 2.762469681065344
0.018500000000000003 -0.0085000000000000006 1.615714785251293
0.019000000000000003 -0.0085000000000000006 0.92874013961479784
0.019500000000000003 -0.0085000000000000006 0.52458251048575
0.019999999999999997 -0.0085000000000000006 0.29110416125564648
0.020499999999999997 -0.0085000000000000006 0.15867976046628671
0.021000000000000005 -0.0085000000000000006 0.084948647791719137
0.021500000000000005 -0.0085000000000000006 0.044655750023028747
0.021999999999999999 -0.0085000000000000006 0.023046780034278069
0.022499999999999999 -0.0085000000000000006 0.011675717668200875
0.023000000000000007 -0.0085000000000000006 0.0058053579355891527
0.023500000000000007 -0.0085000000000000006 0.0028325767438767248
0.024 -0.0085000000000000006 0.0013560654304342029
0.024500000000000001 -0.0085000000000000006 0.00063689653694574402
0.025000000000000001 -0.0085000000000000006 0.00029342254347319749
-0.025000000000000001 -0.0080000000000000002 0.0004050409096361706
-0.024500000000000001 -0.0080000000000000002 0.00087765501513159918
-0.024 -0.0080000000000000002 0.0018651041639464547
-0.0235 -0.0080000000000000002 0.0038876097820328233
-0.023 -0.0080000000000000002 0.0079490010838383068
-0.022500000000000003 -0.0080000000000000002 0.015945818084447901
-0.022000000000000002 -0.0080000000000000002 0.031386544871318513
-0.021500000000000002 -0.0080000000000000002 0.06062681227175927
-0.021000000000000001 -0.0080000000000000002 0.1149413555144936
-0.020500000000000001 -0.0080000000000000002 0.2139181050853444
-0.02 -0.0080000000000000002 0.39088652613543529
-0.0195 -0.0080000000000000002 0.70139140312499193
-0.019 -0.0080000000000000002 1.2360982439054262
-0.018500000000000003 -0.0080000000000000002 2.1399578124048722
-0.018000000000000002 -0.0080000000000000002 3.6399336885755176
-0.017500000000000002 -0.0080000000000000002 6.0840445671707872
-0.017000000000000001 -0.0080000000000000002 9.9947849771928805
-0.016500000000000001 -0.0080000000000000002 16.140003648112344
-0.016 -0.0080000000000000002 25.623819910142803
-0.0155 -0.0080000000000000002 39.998877413499663
-0.015000000000000001 -0.0080000000000000002 61.398879756259184
-0.014500000000000001 -0.0080000000000000002 92.686663023842399
-0.014 -0.0080000000000000002 137.60789086800298
-0.0135 -0.0080000000000000002 200.93389897390219
-0.012999999999999999 -0.0080000000000000002 288.56973263319844
-0.012500000000000001 -0.0080000000000000002 407.59598451482753
-0.012 -0.0080000000000000002 566.20720134748331
-0.0115 -0.0080000000000000002 773.50747691051095
-0.010999999999999999 -0.0080000000000000002 1039.1277830337851
-0.010499999999999999 -0.0080000000000000002 1372.6418649632776
-0.010000000000000002 -0.0080000000000000002 1782.7795830428831
-0.0095000000000000015 -0.0080000000000000002 2276.4682489087404
-0.0090000000000000011 -0.0080000000000000002 2857.7712612367354
-0.0085000000000000006 -0.0080000000000000002 3526.8339040068277
-0.0080000000000000002 -0.0080000000000000002 4278.9806523984116
-0.0074999999999999997 -0.0080000000000000002 5104.1272698263801
-0.0069999999999999993 -0.0080000000000000002 5986.6651599301804
-0.0064999999999999988 -0.0080000000000000002 6905.9383622699997
-0.0059999999999999984 -0.0080000000000000002 7837.3640340950433
-0.0054999999999999979 -0.0080000000000000002 8754.1512407971204
-0.005000000000000001 -0.0080000000000000002 9629.4641270344182
-0.0044999999999999971 -0.0080000000000000002 10438.774112766416
-0.0040000000000000001 -0.0080000000000000002 11162.074514762815
-0.0035000000000000031 -0.0080000000000000002 11785.610531820859
-0.0029999999999999992 -0.0080000000000000002 12302.820642616503
-0.0025000000000000022 -0.0080000000000000002 12714.292592888147
-0.0019999999999999983 -0.0080000000000000002 13026.694299845212
-0.0015000000000000013 -0.0080000000000000002 13250.820083921764
-0.00099999999999999742 -0.0080000000000000002 13399.060353330104
-0.00050000000000000044 -0.0080000000000000002 13482.722274732891
0 -0.0080000000000000002 13509.671963151215
0.00050000000000000044 -0.0080000000000000002 13482.722274732892
0.0010000000000000009 -0.0080000000000000002 13399.060353330104
0.0015000000000000013 -0.0080000000000000002 13250.820083921766
0.0020000000000000018 -0.0080000000000000002 13026.69429984521
0.0024999999999999988 -0.0080000000000000002 12714.292592888149
0.0030000000000000027 -0.0080000000000000002 12302.820642616502
0.0034999999999999996 -0.0080000000000000002 11785.610531820863
0.0040000000000000036 -0.0080000000000000002 11162.074514762809
0.0045000000000000005 -0.0080000000000000002 10438.77411276641
0.0049999999999999975 -0.0080000000000000002 9629.4641270344218
0.0055000000000000014 -0.0080000000000000002 8754.1512407971131
0.0059999999999999984 -0.0080000000000000002 7837.3640340950406
0.0064999999999999988 -0.0080000000000000002 6905.938362269997
0.0069999999999999993 -0.0080000000000000002 5986.6651599301786
0.0074999999999999997 -0.0080000000000000002 5104.1272698263783
0.0080000000000000002 -0.0080000000000000002 4278.9806523984116
0.0085000000000000006 -0.0080000000000000002 3526.8339040068258
0.0090000000000000011 -0.0080000000000000002 2857.7712612367341
0.0095000000000000015 -0.0080000000000000002 2276.468248908739
0.010000000000000002 -0.0080000000000000002 1782.7795830428822
0.010500000000000002 -0.0080000000000000002 1372.6418649632742
0.011000000000000003 -0.0080000000000000002 1039.1277830337824
0.011500000000000003 -0.0080000000000000002 773.50747691050901
0.012000000000000004 -0.0080000000000000002 566.20720134748194
0.012499999999999997 -0.0080000000000000002 407.59598451482805
0.013000000000000005 -0.0080000000000000002 288.56973263319713
0.013499999999999998 -0.0080000000000000002 200.93389897390244
0.014000000000000005 -0.0080000000000000002 137.60789086800236
0.014499999999999999 -0.0080000000000000002 92.686663023842442
0.014999999999999999 -0.0080000000000000002 61.398879756259184
0.0155 -0.0080000000000000002 39.998877413499621
0.016000000000000007 -0.0080000000000000002 25.623819910142618
0.016500000000000001 -0.0080000000000000002 16.140003648112334
0.017000000000000001 -0.0080000000000000002 9.9947849771928752
0.017500000000000002 -0.0080000000000000002 6.0840445671707846
0.017999999999999995 -0.0080000000000000002 3.6399336885755469
0.018500000000000003 -0.0080000000000000002 2.1399578124048713
0.019000000000000003 -0.0080000000000000002 1.2360982439054202
0.019500000000000003 -0.0080000000000000002 0.70139140312498927
0.019999999999999997 -0.0080000000000000002 0.39088652613543684
0.020499999999999997 -0.0080000000000000002 0.21391810508534545
0.021000000000000005 -0.0080000000000000002 0.11494135551449321
0.021500000000000005 -0.0080000000000000002 0.060626812271759027
0.021999999999999999 -0.0080000000000000002 0.031386544871318527
0.022499999999999999 -0.0080000000000000002 0.015945818084447911
0.023000000000000007 -0.0080000000000000002 0.0079490010838382218
0.023500000000000007 -0.0080000000000000002 0.0038876097820327812
0.024 -0.0080000000000000002 0.0018651041639464547
0.024500000000000001 -0.0080000000000000002 0.00087765501513159918
0.025000000000000001 -0.0080000000000000002 0.0004050409096361706
-0.025000000000000001 -0.0074999999999999997 0.00054924881988389831
-0.024500000000000001 -0.0074999999999999997 0.001188420914467862
-0.024 -0.0074999999999999997 0.002521478285716844
-0.0235 -0.0074999999999999997 0.0052464248112496017
-0.023 -0.0074999999999999997 0.010706269165726251
-0.022500000000000003 -0.0074999999999999997 0.021430210839814667
-0.022000000000000002 -0.0074999999999999997 0.042080356794580262
-0.021500000000000002 -0.0074999999999999997 0.081068517408470084
-0.021000000000000001 -0.0074999999999999997 0.1532512773643244
-0.020500000000000001 -0.0074999999999999997 0.28431395115068508
-0.02 -0.0074999999999999997 0.51772755796155645
-0.0195 -0.0074999999999999997 0.92551538276627643
-0.019 -0.0074999999999999997 1.6244947236846818
-0.018500000000000003 -0.0074999999999999997 2.8001450294337089
-0.018000000000000002 -0.0074999999999999997 4.740748584354618
-0.017500000000000002 -0.0074999999999999997 7.8848693320417729
-0.017000000000000001 -0.0074999999999999997 12.885447065088048
-0.016500000000000001 -0.0074999999999999997 20.693602136284071
-0.016 -0.0074999999999999997 32.664431973716589
-0.0155 -0.0074999999999999997 50.685359399821856
-0.015000000000000001 -0.0074999999999999997 77.324685335933452
-0.014500000000000001 -0.0074999999999999997 115.993683591836
-0.014 -0.0074999999999999997 171.10977971819869
-0.0135 -0.0074999999999999997 248.24127221014362
-0.012999999999999999 -0.0074999999999999997 354.2062744933848
-0.012500000000000001 -0.0074999999999999997 497.09118873824247
-0.012 -0.0074999999999999997 686.1487491254062
-0.0115 -0.0074999999999999997 931.53467991187597
-0.010999999999999999 -0.0074999999999999997 1243.8477424640764
-0.010499999999999999 -0.0074999999999999997 1633.4526088121938
-0.010000000000000002 -0.0074999999999999997 2109.5898907087217
-0.0095000000000000015 -0.0074999999999999997 2679.3123322124588
-0.0090000000000000011 -0.0074999999999999997 3346.3277218004291
-0.0085000000000000006 -0.0074999999999999997 4109.8716950695871
-0.0080000000000000002 -0.0074999999999999997 4963.7688233099743
-0.0074999999999999997 -0.0074999999999999997 5895.8581825038136
-0.0069999999999999993 -0.0074999999999999997 6887.9503294503957
-0.0064999999999999988 -0.0074999999999999997 7916.4396403388764
-0.0059999999999999984 -0.0074999999999999997 8953.6183732821737
-0.0054999999999999979 -0.0074999999999999997 9969.6334301216903
-0.005000000000000001 -0.0074999999999999997 10934.908722256869
-0.0044999999999999971 -0.0074999999999999997 11822.747100430801
-0.0040000000000000001 -0.0074999999999999997 12611.750703235899
-0.0035000000000000031 -0.0074999999999999997 13287.679449244266
-0.0029999999999999992 -0.0074999999999999997 13844.417815421175
-0.0025000000000000022 -0.0074999999999999997 14283.840119261562
-0.0019999999999999983 -0.0074999999999999997 14614.538660878672
-0.0015000000000000013 -0.0074999999999999997 14849.577473047757
-0.00099999999999999742 -0.0074999999999999997 15003.618391859542
-0.00050000000000000044 -0.0074999999999999997 15089.896403965751
0 -0.0074999999999999997 15117.56709679397
0.00050000000000000044 -0.0074999999999999997 15089.896403965751
0.0010000000000000009 -0.0074999999999999997 15003.618391859542
0.0015000000000000013 -0.0074999999999999997 14849.577473047757
0.0020000000000000018 -0.0074999999999999997 14614.53866087867
0.0024999999999999988 -0.0074999999999999997 14283.840119261564
0.0030000000000000027 -0.0074999999999999997 13844.41781542117
0.0034999999999999996 -0.0074999999999999997 13287.67944924427
0.0040000000000000036 -0.0074999999999999997 12611.750703235895
0.0045000000000000005 -0.0074999999999999997 11822.747100430794
0.0049999999999999975 -0.0074999999999999997 10934.908722256872
0.0055000000000000014 -0.0074999999999999997 9969.6334301216793
0.0059999999999999984 -0.0074999999999999997 8953.6183732821701
0.0064999999999999988 -0.0074999999999999997 7916.4396403388728
0.0069999999999999993 -0.0074999999999999997 6887.9503294503938
0.0074999999999999997 -0.0074999999999999997 5895.8581825038109
0.0080000000000000002 -0.0074999999999999997 4963.7688233099725
0.0085000000000000006 -0.0074999999999999997 4109.8716950695853
0.0090000000000000011 -0.0074999999999999997 3346.3277218004282
0.0095000000000000015 -0.0074999999999999997 2679.312332212457
0.010000000000000002 -0.0074999999999999997 2109.5898907087203
0.010500000000000002 -0.0074999999999999997 1633.4526088121904
0.011000000000000003 -0.0074999999999999997 1243.8477424640735
0.011500000000000003 -0.0074999999999999997 931.53467991187404
0.012000000000000004 -0.0074999999999999997 686.14874912540495
0.012499999999999997 -0.0074999999999999997 497.09118873824337
0.013000000000000005 -0.0074999999999999997 354.20627449338372
0.013499999999999998 -0.0074999999999999997 248.24127221014382
0.014000000000000005 -0.0074999999999999997 171.10977971819787
0.014499999999999999 -0.0074999999999999997 115.99368359183619
0.014999999999999999 -0.0074999999999999997 77.324685335933495
0.0155 -0.0074999999999999997 50.68535939982187
0.016000000000000007 -0.0074999999999999997 32.66443197371639
0.016500000000000001 -0.0074999999999999997 20.693602136284088
0.017000000000000001 -0.0074999999999999997 12.885447065088059
0.017500000000000002 -0.0074999999999999997 7.8848693320417738
0.017999999999999995 -0.0074999999999999997 4.740748584354658
0.018500000000000003 -0.0074999999999999997 2.8001450294337076
0.019000000000000003 -0.0074999999999999997 1.6244947236846756
0.019500000000000003 -0.0074999999999999997 0.92551538276627177
0.019999999999999997 -0.0074999999999999997 0.51772755796155834
0.020499999999999997 -0.0074999999999999997 0.28431395115068619
0.021000000000000005 -0.0074999999999999997 0.15325127736432359
0.021500000000000005 -0.0074999999999999997 0.081068517408469765
0.021999999999999999 -0.0074999999999999997 0.042080356794580359
0.022499999999999999 -0.0074999999999999997 0.021430210839814681
0.023000000000000007 -0.0074999999999999997 0.010706269165726149
0.023500000000000007 -0.0074999999999999997 0.0052464248112495549
0.024 -0.0074999999999999997 0.002521478285716844
0.024500000000000001 -0.0074999999999999997 0.001188420914467862
0.025000000000000001 -0.0074999999999999997 0.00054924881988389831
-0.025000000000000001 -0.0069999999999999993 0.00073132629808460574
-0.024500000000000001 -0.0069999999999999993 0.0015805075099299243
-0.024 -0.0069999999999999993 0.003348928174541473
-0.0235 -0.0069999999999999993 0.0069578092046998045
-0.023 -0.0069999999999999993 0.014175340922429903
-0.022500000000000003 -0.0069999999999999993 0.028322352246933798
-0.022000000000000002 -0.0069999999999999993 0.055501434704503708
-0.021500000000000002 -0.0069999999999999993 0.10668574221822628
-0.021000000000000001 -0.0069999999999999993 0.20118151349111071
-0.020500000000000001 -0.0069999999999999993 0.37222503216137831
-0.02 -0.0069999999999999993 0.67580162457778881
-0.0195 -0.0069999999999999993 1.2041851404244945
-0.019 -0.0069999999999999993 2.1061802669152763
-0.018500000000000003 -0.0069999999999999993 3.6165725190805271
-0.018000000000000002 -0.0069999999999999993 6.0977837057977275
-0.017500000000000002 -0.0069999999999999993 10.097082644964038
-0.017000000000000001 -0.0069999999999999993 16.422750255550806
-0.016500000000000001 -0.0069999999999999993 26.242132360565396
-0.016 -0.0069999999999999993 41.203278755633193
-0.0155 -0.0069999999999999993 63.579592725831773
-0.015000000000000001 -0.0069999999999999993 96.433358003312065
-0.014500000000000001 -0.0069999999999999993 143.78902168748294
-0.014 -0.0069999999999999993 210.80072955634057
-0.0135 -0.0069999999999999993 303.89116859396484
-0.012999999999999999 -0.0069999999999999993 430.83101574028359
-0.012500000000000001 -0.0069999999999999993 600.72146943140524
-0.012 -0.0069999999999999993 823.8382255730379
-0.0115 -0.0069999999999999993 1111.296054888553
-0.010999999999999999 -0.0069999999999999993 1474.5011994739525
-0.010499999999999999 -0.0069999999999999993 1924.3761521270344
-0.010000000000000002 -0.0069999999999999993 2470.3690091826402
-0.0095000000000000015 -0.0069999999999999993 3119.2966793762362
-0.0090000000000000011 -0.0069999999999999993 3874.1144496821526
-0.0085000000000000006 -0.0069999999999999993 4732.7475362346622
-0.0080000000000000002 -0.0069999999999999993 5687.1544671730744
-0.0074999999999999997 -0.0069999999999999993 6722.8071779796892
-0.0069999999999999993 -0.0069999999999999993 7818.7588466258467
-0.0064999999999999988 -0.0069999999999999993 8948.4213096650528
-0.0059999999999999984 -0.0069999999999999993 10081.088960405303
-0.0054999999999999979 -0.0069999999999999993 11184.132997573692
-0.005000000000000001 -0.0069999999999999993 12225.665005675266
-0.0044999999999999971 -0.0069999999999999993 13177.355227604634
-0.0040000000000000001 -0.0069999999999999993 14017.014530541437
-0.0035000000000000031 -0.0069999999999999993 14730.533069894038
-0.0029999999999999992 -0.0069999999999999993 15312.826945516199
-0.0025000000000000022 -0.0069999999999999993 15767.576323518009
-0.0019999999999999983 -0.0069999999999999993 16105.727523014566
-0.0015000000000000013 -0.0069999999999999993 16342.945363038354
-0.00099999999999999742 -0.0069999999999999993 16496.399226870777
-0.00050000000000000044 -0.0069999999999999993 16581.404890809168
0 -0.0069999999999999993 16608.491564542022
0.00050000000000000044 -0.0069999999999999993 16581.404890809168
0.0010000000000000009 -0.0069999999999999993 16496.399226870773
0.0015000000000000013 -0.0069999999999999993 16342.945363038354
0.0020000000000000018 -0.0069999999999999993 16105.727523014561
0.0024999999999999988 -0.0069999999999999993 15767.576323518011
0.0030000000000000027 -0.0069999999999999993 15312.826945516195
0.0034999999999999996 -0.0069999999999999993 14730.53306989404
0.0040000000000000036 -0.0069999999999999993 14017.014530541432
0.0045000000000000005 -0.0069999999999999993 13177.355227604627
0.0049999999999999975 -0.0069999999999999993 12225.665005675273
0.0055000000000000014 -0.0069999999999999993 11184.132997573681
0.0059999999999999984 -0.0069999999999999993 10081.088960405301
0.0064999999999999988 -0.0069999999999999993 8948.421309665051
0.0069999999999999993 -0.0069999999999999993 7818.7588466258458
0.0074999999999999997 -0.0069999999999999993 6722.8071779796865
0.0080000000000000002 -0.0069999999999999993 5687.1544671730735
0.0085000000000000006 -0.0069999999999999993 4732.7475362346595
0.0090000000000000011 -0.0069999999999999993 3874.1144496821498
0.0095000000000000015 -0.0069999999999999993 3119.2966793762344
0.010000000000000002 -0.0069999999999999993 2470.3690091826402
0.010500000000000002 -0.0069999999999999993 1924.3761521270303
0.011000000000000003 -0.0069999999999999993 1474.5011994739493
0.011500000000000003 -0.0069999999999999993 1111.296054888551
0.012000000000000004 -0.0069999999999999993 823.83822557303597
0.012499999999999997 -0.0069999999999999993 600.7214694314066
0.013000000000000005 -0.0069999999999999993 430.83101574028206
0.013499999999999998 -0.0069999999999999993 303.89116859396535
0.014000000000000005 -0.0069999999999999993 210.8007295563398
0.014499999999999999 -0.0069999999999999993 143.78902168748309
0.014999999999999999 -0.0069999999999999993 96.433358003312122
0.0155 -0.0069999999999999993 63.579592725831723
0.016000000000000007 -0.0069999999999999993 41.203278755632944
0.016500000000000001 -0.0069999999999999993 26.242132360565403
0.017000000000000001 -0.0069999999999999993 16.422750255550813
0.017500000000000002 -0.0069999999999999993 10.097082644964035
0.017999999999999995 -0.0069999999999999993 6.0977837057977702
0.018500000000000003 -0.0069999999999999993 3.6165725190805258
0.019000000000000003 -0.0069999999999999993 2.1061802669152687
0.019500000000000003 -0.0069999999999999993 1.2041851404244883
0.019999999999999997 -0.0069999999999999993 0.67580162457779247
0.020499999999999997 -0.0069999999999999993 0.37222503216138014
0.021000000000000005 -0.0069999999999999993 0.20118151349111033
0.021500000000000005 -0.0069999999999999993 0.10668574221822605
0.021999999999999999 -0.0069999999999999993 0.055501434704503735
0.022499999999999999 -0.0069999999999999993 0.028322352246933816
0.023000000000000007 -0.0069999999999999993 0.014175340922429752
0.023500000000000007 -0.0069999999999999993 0.0069578092046997317
0.024 -0.0069999999999999993 0.003348928174541473
0.024500000000000001 -0.0069999999999999993 0.0015805075099299243
0.025000000000000001 -0.0069999999999999993 0.00073132629808460574
-0.025000000000000001 -0.0064999999999999988 0.00095578888516950373
-0.024500000000000001 -0.0064999999999999988 0.0020635871551141767
-0.024 -0.0064999999999999988 0.0043677438923163878
-0.0235 -0.0064999999999999988 0.0090634436033546293
-0.023 -0.0064999999999999988 0.01844005646716464
-0.022500000000000003 -0.0064999999999999988 0.036787361412483469
-0.022000000000000002 -0.0064999999999999988 0.071968144392611913
-0.021500000000000002 -0.0064999999999999988 0.13807936647745497
-0.021000000000000001 -0.0064999999999999988 0.25984205899737539
-0.020500000000000001 -0.0064999999999999988 0.47965793042530758
-0.02 -0.0064999999999999988 0.86865778693437157
-0.0195 -0.0064999999999999988 1.5435410388677702
-0.019 -0.0064999999999999988 2.6915441278125036
-0.018500000000000003 -0.0064999999999999988 4.6064252249096933
-0.018000000000000002 -0.0064999999999999988 7.7388183530035866
-0.017500000000000002 -0.0064999999999999988 12.764548190512167
-0.017000000000000001 -0.0064999999999999988 20.674311548455133
-0.016500000000000001 -0.0064999999999999988 32.88728273831628
-0.016 -0.0064999999999999988 51.389423913616639
-0.0155 -0.0064999999999999988 78.894327859770925
-0.015000000000000001 -0.0064999999999999988 119.02010918284586
-0.014500000000000001 -0.0064999999999999988 176.47015351600157
-0.014 -0.0064999999999999988 257.19862788900986
-0.0135 -0.0064999999999999988 368.53406851681274
-0.012999999999999999 -0.0064999999999999988 519.22702313071466
-0.012500000000000001 -0.0064999999999999988 719.38201851878011
-0.012 -0.0064999999999999988 980.23186938409776
-0.0115 -0.0064999999999999988 1313.7156583310616
-0.010999999999999999 -0.0064999999999999988 1731.8327170025516
-0.010499999999999999 -0.0064999999999999988 2245.7652669500139
-0.010000000000000002 -0.0064999999999999988 2864.7925584079339
-0.0095000000000000015 -0.0064999999999999988 3595.0580607221282
-0.0090000000000000011 -0.0064999999999999988 4438.2947363314988
-0.0085000000000000006 -0.0064999999999999988 5390.6551642732547
-0.0080000000000000002 -0.0064999999999999988 6441.8243726131996
-0.0074999999999999997 -0.0064999999999999988 7574.6035750467381
-0.0069999999999999993 -0.0064999999999999988 8765.1332758662684
-0.0064999999999999988 -0.0064999999999999988 9983.8685538290119
-0.0059999999999999984 -0.0064999999999999988 11197.328071548125
-0.0054999999999999979 -0.0064999999999999988 12370.519955445907
-0.005000000000000001 -0.0064999999999999988 13469.819206891774
-0.0044999999999999971 -0.0064999999999999988 14465.956594992884
-0.0040000000000000001 -0.0064999999999999988 15336.704591135409
-0.0035000000000000031 -0.0064999999999999988 16068.835181026152
-0.0029999999999999992 -0.0064999999999999988 16658.991068868447
-0.0025000000000000022 -0.0064999999999999988 17113.254770594005
-0.0019999999999999983 -0.0064999999999999988 17445.401101940079
-0.0015000000000000013 -0.0064999999999999988 17674.043864480787
-0.00099999999999999742 -0.0064999999999999988 17819.093858772416
-0.00050000000000000044 -0.0064999999999999988 17898.089054079501
0 -0.0064999999999999988 17923.004996625925
0.00050000000000000044 -0.0064999999999999988 17898.089054079501
0.0010000000000000009 -0.0064999999999999988 17819.093858772416
0.0015000000000000013 -0.0064999999999999988 17674.043864480787
0.0020000000000000018 -0.0064999999999999988 17445.401101940075
0.0024999999999999988 -0.0064999999999999988 17113.254770594009
0.0030000000000000027 -0.0064999999999999988 16658.991068868443
0.0034999999999999996 -0.0064999999999999988 16068.835181026156
0.0040000000000000036 -0.0064999999999999988 15336.704591135402
0.0045000000000000005 -0.0064999999999999988 14465.956594992875
0.0049999999999999975 -0.0064999999999999988 13469.819206891782
0.0055000000000000014 -0.0064999999999999988 12370.519955445894
0.0059999999999999984 -0.0064999999999999988 11197.328071548121
0.0064999999999999988 -0.0064999999999999988 9983.8685538290083
0.0069999999999999993 -0.0064999999999999988 8765.1332758662666
0.0074999999999999997 -0.0064999999999999988 7574.6035750467354
0.0080000000000000002 -0.0064999999999999988 6441.8243726131977
0.0085000000000000006 -0.0064999999999999988 5390.655164273252
0.0090000000000000011 -0.0064999999999999988 4438.294736331497
0.0095000000000000015 -0.0064999999999999988 3595.0580607221268
0.010000000000000002 -0.0064999999999999988 2864.7925584079339
0.010500000000000002 -0.0064999999999999988 2245.7652669500098
0.011000000000000003 -0.0064999999999999988 1731.8327170025475
0.011500000000000003 -0.0064999999999999988 1313.7156583310589
0.012000000000000004 -0.0064999999999999988 980.2318693840956
0.012499999999999997 -0.0064999999999999988 719.38201851878136
0.013000000000000005 -0.0064999999999999988 519.22702313071272
0.013499999999999998 -0.0064999999999999988 368.53406851681314
0.014000000000000005 -0.0064999999999999988 257.19862788900872
0.014499999999999999 -0.0064999999999999988 176.47015351600183
0.014999999999999999 -0.0064999999999999988 119.02010918284596
0.0155 -0.0064999999999999988 78.89432785977101
0.016000000000000007 -0.0064999999999999988 51.389423913616369
0.016500000000000001 -0.0064999999999999988 32.88728273831633
0.017000000000000001 -0.0064999999999999988 20.674311548455151
0.017500000000000002 -0.0064999999999999988 12.764548190512173
0.017999999999999995 -0.0064999999999999988 7.7388183530036523
0.018500000000000003 -0.0064999999999999988 4.6064252249096933
0.019000000000000003 -0.0064999999999999988 2.6915441278124947
0.019500000000000003 -0.0064999999999999988 1.5435410388677646
0.019999999999999997 -0.0064999999999999988 0.86865778693437601
0.020499999999999997 -0.0064999999999999988 0.47965793042531008
0.021000000000000005 -0.0064999999999999988 0.2598420589973745
0.021500000000000005 -0.0064999999999999988 0.13807936647745425
0.021999999999999999 -0.0064999999999999988 0.071968144392612066
0.022499999999999999 -0.0064999999999999988 0.036787361412483476
0.023000000000000007 -0.0064999999999999988 0.01844005646716447
0.023500000000000007 -0.0064999999999999988 0.0090634436033545495
0.024 -0.0064999999999999988 0.0043677438923163878
0.024500000000000001 -0.0064999999999999988 0.0020635871551141767
0.025000000000000001 -0.0064999999999999988 0.00095578888516950373
-0.025000000000000001 -0.0059999999999999984 0.0012257019683220322
-0.024500000000000001 -0.0059999999999999984 0.002644220706093743
-0.024 -0.0059999999999999984 0.0055916758585609402
-0.0235 -0.0059999999999999984 0.011591545298808742
-0.023 -0.0059999999999999984 0.023557107139810095
-0.022500000000000003 -0.0059999999999999984 0.046936737501948614
-0.022000000000000002 -0.0059999999999999984 0.09169513229499536
-0.021500000000000002 -0.0059999999999999984 0.17565378658285952
-0.021000000000000001 -0.0059999999999999984 0.32997841036280767
-0.020500000000000001 -0.0059999999999999984 0.60795710735499153
-0.02 -0.0059999999999999984 1.0986674666169998
-0.0195 -0.0059999999999999984 1.947672857677984
-0.019 -0.0059999999999999984 3.3874802798904708
-0.018500000000000003 -0.0059999999999999984 5.7810567600929064
-0.018000000000000002 -0.0059999999999999984 9.6821111958088082
-0.017500000000000002 -0.0059999999999999984 15.915920817516859
-0.017000000000000001 -0.0059999999999999984 25.683981514793597
-0.016500000000000001 -0.0059999999999999984 40.694420705542427
-0.016 -0.0059999999999999984 63.317663170555363
-0.0155 -0.0059999999999999984 96.763072347654415
-0.015000000000000001 -0.0059999999999999984 145.26711493613882
-0.014500000000000001 -0.0059999999999999984 214.27713304104626
-0.014 -0.0059999999999999984 310.60745790002062
-0.0135 -0.0059999999999999984 442.53711622631397
-0.012999999999999999 -0.0059999999999999984 619.81190647593166
-0.012500000000000001 -0.0059999999999999984 853.50967596030284
-0.012 -0.0059999999999999984 1155.7280190707675
-0.0115 -0.0059999999999999984 1539.0602551697796
-0.010999999999999999 -0.0059999999999999984 2015.8401400090354
-0.010499999999999999 -0.0059999999999999984 2597.1593749634017
-0.010000000000000002 -0.0059999999999999984 3291.6944551746219
-0.0095000000000000015 -0.0059999999999999984 4104.4187944702098
-0.0090000000000000011 -0.0059999999999999984 5035.3181613861443
-0.0085000000000000006 -0.0059999999999999984 6078.2656138734219
-0.0080000000000000002 -0.0059999999999999984 7220.2376804421983
-0.0074999999999999997 -0.0059999999999999984 8441.0570092359721
-0.0069999999999999993 -0.0059999999999999984 9713.8196957289856
-0.0064999999999999988 -0.0059999999999999984 11006.103193005309
-0.0059999999999999984 -0.0059999999999999984 12281.95441235707
-0.0054999999999999979 -0.0059999999999999984 13504.536583989742
-0.005000000000000001 -0.0059999999999999984 14639.185161939662
-0.0044999999999999971 -0.0059999999999999984 15656.511437570643
-0.0040000000000000001 -0.0059999999999999984 16535.123812814465
-0.0035000000000000031 -0.0059999999999999984 17263.533625599383
-0.0029999999999999992 -0.0059999999999999984 17840.88794937644
-0.0025000000000000022 -0.0059999999999999984 18276.323884409765
-0.0019999999999999983 -0.0059999999999999984 18586.948280318211
-0.0015000000000000013 -0.0059999999999999984 18794.67890775796
-0.00099999999999999742 -0.0059999999999999984 18922.393754102261
-0.00050000000000000044 -0.0059999999999999984 18989.980088626475
0 -0.0059999999999999984 19010.92010334881
0.00050000000000000044 -0.0059999999999999984 18989.980088626471
0.0010000000000000009 -0.0059999999999999984 18922.393754102261
0.0015000000000000013 -0.0059999999999999984 18794.67890775796
0.0020000000000000018 -0.0059999999999999984 18586.948280318207
0.0024999999999999988 -0.0059999999999999984 18276.323884409769
0.0030000000000000027 -0.0059999999999999984 17840.887949376436
0.0034999999999999996 -0.0059999999999999984 17263.533625599386
0.0040000000000000036 -0.0059999999999999984 16535.123812814454
0.0045000000000000005 -0.0059999999999999984 15656.511437570634
0.0049999999999999975 -0.0059999999999999984 14639.185161939669
0.0055000000000000014 -0.0059999999999999984 13504.536583989729
0.0059999999999999984 -0.0059999999999999984 12281.954412357067
0.0064999999999999988 -0.0059999999999999984 11006.103193005307
0.0069999999999999993 -0.0059999999999999984 9713.8196957289838
0.0074999999999999997 -0.0059999999999999984 8441.0570092359703
0.0080000000000000002 -0.0059999999999999984 7220.2376804421974
0.0085000000000000006 -0.0059999999999999984 6078.2656138734201
0.0090000000000000011 -0.0059999999999999984 5035.3181613861425
0.0095000000000000015 -0.0059999999999999984 4104.418794470208
0.010000000000000002 -0.0059999999999999984 3291.6944551746215
0.010500000000000002 -0.0059999999999999984 2597.1593749633976
0.011000000000000003 -0.0059999999999999984 2015.8401400090318
0.011500000000000003 -0.0059999999999999984 1539.0602551697762
0.012000000000000004 -0.0059999999999999984 1155.7280190707656
0.012499999999999997 -0.0059999999999999984 853.50967596030466
0.013000000000000005 -0.0059999999999999984 619.81190647592985
0.013499999999999998 -0.0059999999999999984 442.53711622631448
0.014000000000000005 -0.0059999999999999984 310.60745790001926
0.014499999999999999 -0.0059999999999999984 214.27713304104651
0.014999999999999999 -0.0059999999999999984 145.26711493613894
0.0155 -0.0059999999999999984 96.763072347654443
0.016000000000000007 -0.0059999999999999984 63.317663170555015
0.016500000000000001 -0.0059999999999999984 40.69442070554242
0.017000000000000001 -0.0059999999999999984 25.68398151479359
0.017500000000000002 -0.0059999999999999984 15.915920817516872
0.017999999999999995 -0.0059999999999999984 9.6821111958088828
0.018500000000000003 -0.0059999999999999984 5.7810567600929055
0.019000000000000003 -0.0059999999999999984 3.3874802798904593
0.019500000000000003 -0.0059999999999999984 1.9476728576779769
0.019999999999999997 -0.0059999999999999984 1.0986674666170055
0.020499999999999997 -0.0059999999999999984 0.60795710735499287
0.021000000000000005 -0.0059999999999999984 0.32997841036280706
0.021500000000000005 -0.0059999999999999984 0.17565378658285855
0.021999999999999999 -0.0059999999999999984 0.091695132294995554
0.022499999999999999 -0.0059999999999999984 0.046936737501948628
0.023000000000000007 -0.0059999999999999984 0.023557107139809845
0.023500000000000007 -0.0059999999999999984 0.011591545298808598
0.024 -0.0059999999999999984 0.0055916758585609402
0.024500000000000001 -0.0059999999999999984 0.002644220706093743
0.025000000000000001 -0.0059999999999999984 0.0012257019683220322
-0.025000000000000001 -0.0054999999999999979 0.0015419359612632098
-0.024500000000000001 -0.0054999999999999979 0.0033242595256107415
-0.024 -0.0054999999999999979 0.0070245765073069493
-0.0235 -0.0054999999999999979 0.014549954950634388
-0.023 -0.0054999999999999979 0.02954209636269315
-0.022500000000000003 -0.0054999999999999979 0.058800832622485873
-0.022000000000000002 -0.0054999999999999979 0.11474008579186371
-0.021500000000000002 -0.0054999999999999979 0.21951607507945481
-0.021000000000000001 -0.0054999999999999979 0.41178452787610231
-0.020500000000000001 -0.0054999999999999979 0.75746521297424385
-0.02 -0.0054999999999999979 1.3664204149695838
-0.0195 -0.0054999999999999979 2.4175682901034938
-0.019 -0.0054999999999999979 4.1955956349584866
-0.018500000000000003 -0.0054999999999999979 7.1430011309288464
-0.018000000000000002 -0.0054999999999999979 11.931523345533567
-0.017500000000000002 -0.0054999999999999979 19.556859408172645
-0.017000000000000001 -0.0054999999999999979 31.459682024324362
-0.016500000000000001 -0.0054999999999999979 49.674017232457999
-0.016 -0.0054999999999999979 77.000790300312318
-0.0155 -0.0054999999999999979 117.19962739646817
-0.015000000000000001 -0.0054999999999999979 175.18585486237342
-0.014500000000000001 -0.0054999999999999979 257.21238361510086
-0.014 -0.0054999999999999979 371.00846651565723
-0.0135 -0.0054999999999999979 525.84020922750506
-0.012999999999999999 -0.0054999999999999979 732.45258747086984
-0.012500000000000001 -0.0054999999999999979 1002.8512205239292
-0.012 -0.0054999999999999979 1349.8860087231847
-0.0115 -0.0054999999999999979 1786.609546229412
-0.010999999999999999 -0.0054999999999999979 2325.402082942187
-0.010499999999999999 -0.0054999999999999979 2976.8819869441804
-0.010000000000000002 -0.0054999999999999979 3748.6551232264565
-0.0095000000000000015 -0.0054999999999999979 4643.9956001602313
-0.0090000000000000011 -0.0054999999999999979 5660.5892683782758
-0.0085000000000000006 -0.0054999999999999979 6789.5035772219981
-0.0080000000000000002 -0.0054999999999999979 8014.5648528172151
-0.0074999999999999997 -0.0054999999999999979 9312.3183899513042
-0.0069999999999999993 -0.0054999999999999979 10652.711016981237
-0.0064999999999999988 -0.0054999999999999979 12000.566716195994
-0.0059999999999999984 -0.0054999999999999979 13317.826034947961
-0.0054999999999999979 -0.0054999999999999979 14566.399378547216
-0.005000000000000001 -0.0054999999999999979 15711.360347994163
-0.0044999999999999971 -0.0054999999999999979 16724.101298733087
-0.0040000000000000001 -0.0054999999999999979 17585.014252005898
-0.0035000000000000031 -0.0054999999999999979 18285.267421967324
-0.0029999999999999992 -0.0054999999999999979 18827.33239232386
-0.0025000000000000022 -0.0054999999999999979 19224.076214539473
-0.0019999999999999983 -0.0054999999999999979 19496.446511293365
-0.0015000000000000013 -0.0054999999999999979 19670.011265146295
-0.00099999999999999742 -0.0054999999999999979 19770.824605271599
-0.00050000000000000044 -0.0054999999999999979 19821.231919453083
0 -0.0054999999999999979 19836.268583102461
0.00050000000000000044 -0.0054999999999999979 19821.231919453083
0.0010000000000000009 -0.0054999999999999979 19770.824605271599
0.0015000000000000013 -0.0054999999999999979 19670.011265146295
0.0020000000000000018 -0.0054999999999999979 19496.446511293361
0.0024999999999999988 -0.0054999999999999979 19224.076214539473
0.0030000000000000027 -0.0054999999999999979 18827.332392323857
0.0034999999999999996 -0.0054999999999999979 18285.267421967328
0.0040000000000000036 -0.0054999999999999979 17585.014252005891
0.0045000000000000005 -0.0054999999999999979 16724.10129873308
0.0049999999999999975 -0.0054999999999999979 15711.360347994168
0.0055000000000000014 -0.0054999999999999979 14566.399378547205
0.0059999999999999984 -0.0054999999999999979 13317.826034947957
0.0064999999999999988 -0.0054999999999999979 12000.56671619599
0.0069999999999999993 -0.0054999999999999979 10652.711016981235
0.0074999999999999997 -0.0054999999999999979 9312.3183899513006
0.0080000000000000002 -0.0054999999999999979 8014.5648528172123
0.0085000000000000006 -0.0054999999999999979 6789.5035772219971
0.0090000000000000011 -0.0054999999999999979 5660.5892683782749
0.0095000000000000015 -0.0054999999999999979 4643.9956001602295
0.010000000000000002 -0.0054999999999999979 3748.6551232264565
0.010500000000000002 -0.0054999999999999979 2976.8819869441754
0.011000000000000003 -0.0054999999999999979 2325.4020829421825
0.011500000000000003 -0.0054999999999999979 1786.6095462294088
0.012000000000000004 -0.0054999999999999979 1349.8860087231817
0.012499999999999997 -0.0054999999999999979 1002.851220523931
0.013000000000000005 -0.0054999999999999979 732.45258747086734
0.013499999999999998 -0.0054999999999999979 525.84020922750574
0.014000000000000005 -0.0054999999999999979 371.00846651565575
0.014499999999999999 -0.0054999999999999979 257.21238361510109
0.014999999999999999 -0.0054999999999999979 175.18585486237367
0.0155 -0.0054999999999999979 117.19962739646822
0.016000000000000007 -0.0054999999999999979 77.000790300311905
0.016500000000000001 -0.0054999999999999979 49.674017232457992
0.017000000000000001 -0.0054999999999999979 31.459682024324355
0.017500000000000002 -0.0054999999999999979 19.556859408172638
0.017999999999999995 -0.0054999999999999979 11.93152334553365
0.018500000000000003 -0.0054999999999999979 7.1430011309288455
0.019000000000000003 -0.0054999999999999979 4.1955956349584715
0.019500000000000003 -0.0054999999999999979 2.4175682901034854
0.019999999999999997 -0.0054999999999999979 1.3664204149695889
0.020499999999999997 -0.0054999999999999979 0.75746521297424652
0.021000000000000005 -0.0054999999999999979 0.41178452787610148
0.021500000000000005 -0.0054999999999999979 0.219516075079454
0.021999999999999999 -0.0054999999999999979 0.11474008579186412
0.022499999999999999 -0.0054999999999999979 0.058800832622485887
0.023000000000000007 -0.0054999999999999979 0.029542096362692831
0.023500000000000007 -0.0054999999999999979 0.014549954950634205
0.024 -0.0054999999999999979 0.0070245765073069493
0.024500000000000001 -0.0054999999999999979 0.0033242595256107415
0.025000000000000001 -0.0054999999999999979 0.0015419359612632098
-0.025000000000000001 -0.005000000000000001 0.0019024467765551992
-0.024500000000000001 -0.005000000000000001 0.004099301188905417
-0.024 -0.005000000000000001 0.0086571534629664125
-0.0235 -0.005000000000000001 0.017919449737025472
-0.023 -0.005000000000000001 0.03635604987238196
-0.022500000000000003 -0.005000000000000001 0.07230219601814164
-0.022000000000000002 -0.005000000000000001 0.14095214321925451
-0.021500000000000002 -0.005000000000000001 0.26937818833954075
-0.021000000000000001 -0.005000000000000001 0.50472128985138942
-0.020500000000000001 -0.005000000000000001 0.92719303373996675
-0.02 -0.005000000000000001 1.6701371385484873
-0.0195 -0.005000000000000001 2.9500887272237915
-0.019 -0.005000000000000001 5.1104621018585021
-0.018500000000000003 -0.005000000000000001 8.6830524789141048
-0.018000000000000002 -0.005000000000000001 14.471742852140908
-0.017500000000000002 -0.005000000000000001 23.662384019359887
-0.017000000000000001 -0.005000000000000001 37.96143730638731
-0.016500000000000001 -0.005000000000000001 59.763309769994798
-0.016 -0.005000000000000001 92.342119945923685
-0.0155 -0.005000000000000001 140.05782931704886
-0.015000000000000001 -0.005000000000000001 208.55945705879247
-0.014500000000000001 -0.005000000000000001 304.960025100547
-0.014 -0.005000000000000001 437.94993260572079
-0.0135 -0.005000000000000001 617.80900391555588
-0.012999999999999999 -0.005000000000000001 856.27415385607821
-0.012500000000000001 -0.005000000000000001 1166.2212328045746
-0.012 -0.005000000000000001 1561.1277530635318
-0.0115 -0.005000000000000001 2054.2989881618137
-0.010999999999999999 -0.005000000000000001 2657.8637128243017
-0.010499999999999999 -0.005000000000000001 3381.5768502214155
-0.010000000000000002 -0.005000000000000001 4231.5024026956744
-0.0095000000000000015 -0.005000000000000001 5208.6876442121065
-0.0090000000000000011 -0.005000000000000001 6307.9735180226262
-0.0085000000000000006 -0.005000000000000001 7517.1101081785755
-0.0080000000000000002 -0.005000000000000001 8816.3528498792657
-0.0074999999999999997 -0.005000000000000001 10178.698070528922
-0.0069999999999999993 -0.005000000000000001 11570.870606825514
-0.0064999999999999988 -0.005000000000000001 12955.100351991068
-0.0059999999999999984 -0.005000000000000001 14291.622759765602
-0.0054999999999999979 -0.005000000000000001 15541.721206756953
-0.005000000000000001 -0.005000000000000001 16671.013791779871
-0.0044999999999999971 -0.005000000000000001 17652.595403010702
-0.0040000000000000001 -0.005000000000000001 18469.600521804005
-0.0035000000000000031 -0.005000000000000001 19116.772046809474
-0.0029999999999999992 -0.005000000000000001 19600.715732763016
-0.0025000000000000022 -0.005000000000000001 19938.684102325205
-0.0019999999999999983 -0.005000000000000001 20155.947685117386
-0.0015000000000000013 -0.005000000000000001 20282.041097966907
-0.00099999999999999742 -0.005000000000000001 20346.374568859188
-0.00050000000000000044 -0.005000000000000001 20373.836232243328
0 -0.005000000000000001 20381.045165443044
0.00050000000000000044 -0.005000000000000001 20373.836232243328
0.0010000000000000009 -0.005000000000000001 20346.374568859184
0.0015000000000000013 -0.005000000000000001 20282.041097966907
0.0020000000000000018 -0.005000000000000001 20155.947685117386
0.0024999999999999988 -0.005000000000000001 19938.684102325202
0.0030000000000000027 -0.005000000000000001 19600.715732763012
0.0034999999999999996 -0.005000000000000001 19116.772046809478
0.0040000000000000036 -0.005000000000000001 18469.600521803997
0.0045000000000000005 -0.005000000000000001 17652.595403010695
0.0049999999999999975 -0.005000000000000001 16671.013791779875
0.0055000000000000014 -0.005000000000000001 15541.721206756942
0.0059999999999999984 -0.005000000000000001 14291.622759765598
0.0064999999999999988 -0.005000000000000001 12955.100351991063
0.0069999999999999993 -0.005000000000000001 11570.870606825512
0.0074999999999999997 -0.005000000000000001 10178.698070528919
0.0080000000000000002 -0.005000000000000001 8816.3528498792639
0.0085000000000000006 -0.005000000000000001 7517.1101081785728
0.0090000000000000011 -0.005000000000000001 6307.9735180226253
0.0095000000000000015 -0.005000000000000001 5208.6876442121038
0.010000000000000002 -0.005000000000000001 4231.5024026956735
0.010500000000000002 -0.005000000000000001 3381.5768502214091
0.011000000000000003 -0.005000000000000001 2657.8637128242967
0.011500000000000003 -0.005000000000000001 2054.2989881618096
0.012000000000000004 -0.005000000000000001 1561.1277530635291
0.012499999999999997 -0.005000000000000001 1166.2212328045769
0.013000000000000005 -0.005000000000000001 856.2741538560756
0.013499999999999998 -0.005000000000000001 617.80900391555645
0.014000000000000005 -0.005000000000000001 437.94993260571897
0.014499999999999999 -0.005000000000000001 304.96002510054734
0.014999999999999999 -0.005000000000000001 208.55945705879265
0.0155 -0.005000000000000001 140.0578293170488
0.016000000000000007 -0.005000000000000001 92.34211994592313
0.016500000000000001 -0.005000000000000001 59.763309769994841
0.017000000000000001 -0.005000000000000001 37.961437306387324
0.017500000000000002 -0.005000000000000001 23.662384019359884
0.017999999999999995 -0.005000000000000001 14.471742852141009
0.018500000000000003 -0.005000000000000001 8.683052478914103
0.019000000000000003 -0.005000000000000001 5.1104621018584844
0.019500000000000003 -0.005000000000000001 2.9500887272237764
0.019999999999999997 -0.005000000000000001 1.6701371385484962
0.020499999999999997 -0.005000000000000001 0.9271930337399702
0.021000000000000005 -0.005000000000000001 0.50472128985138853
0.021500000000000005 -0.005000000000000001 0.26937818833953975
0.021999999999999999 -0.005000000000000001 0.14095214321925453
0.022499999999999999 -0.005000000000000001 0.072302196018141654
0.023000000000000007 -0.005000000000000001 0.036356049872381571
0.023500000000000007 -0.005000000000000001 0.017919449737025282
0.024 -0.005000000000000001 0.0086571534629664125
0.024500000000000001 -0.005000000000000001 0.004099301188905417
0.025000000000000001 -0.005000000000000001 0.0019024467765551992
-0.025000000000000001 -0.0044999999999999971 0.0023016875879861157
-0.024500000000000001 -0.0044999999999999971 0.0049574264167914321
-0.024 -0.0044999999999999971 0.010464312662016771
-0.0235 -0.0044999999999999971 0.021648268406494187
-0.023 -0.0044999999999999971 0.043894363701771674
-0.022500000000000003 -0.0044999999999999971 0.087233719356033496
-0.022000000000000002 -0.0044999999999999971 0.16992956098172665
-0.021500000000000002 -0.0044999999999999971 0.32447664625988787
-0.021000000000000001 -0.0044999999999999971 0.60736722319756065
-0.020500000000000001 -0.0044999999999999971 1.114547788834416
-0.02 -0.0044999999999999971 2.0051845285620629
-0.0195 -0.0044999999999999971 3.5371236041858722
-0.019 -0.0044999999999999971 6.1181707751062095
-0.018500000000000003 -0.0044999999999999971 10.377844597169178
-0.018000000000000002 -0.0044999999999999971 17.264317117990995
-0.017500000000000002 -0.0044999999999999971 28.170508796324121
-0.017000000000000001 -0.0044999999999999971 45.091371769533531
-0.016500000000000001 -0.0044999999999999971 70.810923203096038
-0.016 -0.0044999999999999971 109.1123469311525
-0.0155 -0.0044999999999999971 164.99748089204988
-0.015000000000000001 -0.0044999999999999971 244.89363336438797
-0.014500000000000001 -0.0044999999999999971 356.81676904901622
-0.014 -0.0044999999999999971 510.45201102510782
-0.0135 -0.0044999999999999971 717.10686246511875
-0.012999999999999999 -0.0044999999999999971 989.49152491076438
-0.012500000000000001 -0.0044999999999999971 1341.2860513618416
-0.012 -0.0044999999999999971 1786.4672311015361
-0.0115 -0.0044999999999999971 2338.3896181925497
-0.010999999999999999 -0.0044999999999999971 3008.6443745250776
-0.010499999999999999 -0.0044999999999999971 3805.754620457029
-0.010000000000000002 -0.0044999999999999971 4733.8033894561431
-0.0095000000000000015 -0.0044999999999999971 5791.1254277174448
-0.0090000000000000011 -0.0044999999999999971 6969.2213843790014
-0.0085000000000000006 -0.0044999999999999971 8252.0663728577783
-0.0080000000000000002 -0.0044999999999999971 9615.97865771338
-0.0074999999999999997 -0.0044999999999999971 11030.183692429597
-0.0069999999999999993 -0.0044999999999999971 12458.15154194798
-0.0064999999999999988 -0.0044999999999999971 13859.703055046473
-0.0059999999999999984 -0.0044999999999999971 15193.777890697598
-0.0054999999999999979 -0.0044999999999999971 16421.646888017771
-0.005000000000000001 -0.0044999999999999971 17510.248571105974
-0.0044999999999999971 -0.0044999999999999971 18435.254396767905
-0.0040000000000000001 -0.0044999999999999971 19183.439407698897
-0.0035000000000000031 -0.0044999999999999971 19753.969721583646
-0.0029999999999999992 -0.0044999999999999971 20158.322315672114
-0.0025000000000000022 -0.0044999999999999971 20418.719743486854
-0.0019999999999999983 -0.0044999999999999971 20565.172517765703
-0.0015000000000000013 -0.0044999999999999971 20631.442371674824
-0.00099999999999999742 -0.0044999999999999971 20650.43087535942
-0.00050000000000000044 -0.0044999999999999971 20649.6212025973
0 -0.0044999999999999971 20647.22717314621
0.00050000000000000044 -0.0044999999999999971 20649.6212025973
0.0010000000000000009 -0.0044999999999999971 20650.430875359416
0.0015000000000000013 -0.0044999999999999971 20631.442371674821
0.0020000000000000018 -0.0044999999999999971 20565.172517765703
0.0024999999999999988 -0.0044999999999999971 20418.719743486854
0.0030000000000000027 -0.0044999999999999971 20158.322315672114
0.0034999999999999996 -0.0044999999999999971 19753.96972158365
0.0040000000000000036 -0.0044999999999999971 19183.439407698894
0.0045000000000000005 -0.0044999999999999971 18435.254396767898
0.0049999999999999975 -0.0044999999999999971 17510.248571105978
0.0055000000000000014 -0.0044999999999999971 16421.64688801776
0.0059999999999999984 -0.0044999999999999971 15193.777890697598
0.0064999999999999988 -0.0044999999999999971 13859.703055046471
0.0069999999999999993 -0.0044999999999999971 12458.151541947978
0.0074999999999999997 -0.0044999999999999971 11030.183692429593
0.0080000000000000002 -0.0044999999999999971 9615.9786577133782
0.0085000000000000006 -0.0044999999999999971 8252.0663728577765
0.0090000000000000011 -0.0044999999999999971 6969.2213843789987
0.0095000000000000015 -0.0044999999999999971 5791.125427717443
0.010000000000000002 -0.0044999999999999971 4733.8033894561422
0.010500000000000002 -0.0044999999999999971 3805.7546204570217
0.011000000000000003 -0.0044999999999999971 3008.6443745250726
0.011500000000000003 -0.0044999999999999971 2338.3896181925452
0.012000000000000004 -0.0044999999999999971 1786.4672311015336
0.012499999999999997 -0.0044999999999999971 1341.2860513618443
0.013000000000000005 -0.0044999999999999971 989.49152491076143
0.013499999999999998 -0.0044999999999999971 717.10686246511966
0.014000000000000005 -0.0044999999999999971 510.45201102510549
0.014499999999999999 -0.0044999999999999971 356.81676904901661
0.014999999999999999 -0.0044999999999999971 244.89363336438817
0.0155 -0.0044999999999999971 164.99748089204985
0.016000000000000007 -0.0044999999999999971 109.11234693115186
0.016500000000000001 -0.0044999999999999971 70.810923203096095
0.017000000000000001 -0.0044999999999999971 45.091371769533552
0.017500000000000002 -0.0044999999999999971 28.170508796324114
0.017999999999999995 -0.0044999999999999971 17.26431711799113
0.018500000000000003 -0.0044999999999999971 10.377844597169176
0.019000000000000003 -0.0044999999999999971 6.1181707751061873
0.019500000000000003 -0.0044999999999999971 3.5371236041858589
0.019999999999999997 -0.0044999999999999971 2.0051845285620704
0.020499999999999997 -0.0044999999999999971 1.114547788834418
0.021000000000000005 -0.0044999999999999971 0.60736722319755854
0.021500000000000005 -0.0044999999999999971 0.32447664625988665
0.021999999999999999 -0.0044999999999999971 0.16992956098172671
0.022499999999999999 -0.0044999999999999971 0.087233719356033509
0.023000000000000007 -0.0044999999999999971 0.043894363701771209
0.023500000000000007 -0.0044999999999999971 0.021648268406493917
0.024 -0.0044999999999999971 0.010464312662016771
0.024500000000000001 -0.0044999999999999971 0.0049574264167914321
0.025000000000000001 -0.0044999999999999971 0.0023016875879861157
-0.025000000000000001 -0.0040000000000000001 0.0027302663901523313
-0.024500000000000001 -0.0040000000000000001 0.0058784631690141781
-0.024 -0.0040000000000000001 0.012403608893517883
-0.0235 -0.0040000000000000001 0.025648914920799345
-0.023 -0.0040000000000000001 0.051980343988643249
-0.022500000000000003 -0.0040000000000000001 0.10324584445517723
-0.022000000000000002 -0.0040000000000000001 0.2009948960053346
-0.021500000000000002 -0.0040000000000000001 0.38352536123775305
-0.021000000000000001 -0.0040000000000000001 0.71733066331330209
-0.020500000000000001 -0.0040000000000000001 1.3151728769462072
-0.02 -0.0040000000000000001 2.3637894353563134
-0.0195 -0.0040000000000000001 4.1650888648001914
-0.019 -0.0040000000000000001 7.1954715959990478
-0.018500000000000003 -0.0040000000000000001 12.188405131979898
-0.018000000000000002 -0.0040000000000000001 20.245272731505885
-0.017500000000000002 -0.0040000000000000001 32.978403503176359
-0.017000000000000001 -0.0040000000000000001 52.687646149436453
-0.016500000000000001 -0.0040000000000000001 82.567486332537229
-0.016 -0.0040000000000000001 126.93532315541935
-0.0155 -0.0040000000000000001 191.46323508489587
-0.015000000000000001 -0.0040000000000000001 283.38597388847603
-0.014500000000000001 -0.0040000000000000001 411.64819002458859
-0.014 -0.0040000000000000001 586.94574473854254
-0.0135 -0.0040000000000000001 821.6115581067661
-0.012999999999999999 -0.0040000000000000001 1129.2980594877474
-0.012500000000000001 -0.0040000000000000001 1524.417920626895
-0.012 -0.0040000000000000001 2021.3235267255377
-0.0115 -0.0040000000000000001 2633.2334674595099
-0.010999999999999999 -0.0040000000000000001 3370.9495085704943
-0.010499999999999999 -0.0040000000000000001 4241.4466748486575
-0.010000000000000002 -0.0040000000000000001 5246.4574348566803
-0.0095000000000000015 -0.0040000000000000001 6381.2027716786743
-0.0090000000000000011 -0.0040000000000000001 7633.4421291679782
-0.0085000000000000006 -0.0040000000000000001 8983.0153289200771
-0.0080000000000000002 -0.0040000000000000001 10402.028352785084
-0.0074999999999999997 -0.0040000000000000001 11855.789232199537
-0.0069999999999999993 -0.0040000000000000001 13304.530796678409
-0.0064999999999999988 -0.0040000000000000001 14705.867719442147
-0.0059999999999999984 -0.0040000000000000001 16017.834013417967
-0.0054999999999999979 -0.0040000000000000001 17202.245645988904
-0.005000000000000001 -0.0040000000000000001 18228.046330596135
-0.0044999999999999971 -0.0040000000000000001 19074.239618045831
-0.0040000000000000001 -0.0040000000000000001 19732.00301606139
-0.0035000000000000031 -0.0040000000000000001 20205.631428707584
-0.0029999999999999992 -0.0040000000000000001 20512.070975318526
-0.0025000000000000022 -0.0040000000000000001 20678.972379810755
-0.0019999999999999983 -0.0040000000000000001 20741.395673281615
-0.0015000000000000013 -0.0040000000000000001 20737.504623277371
-0.00099999999999999742 -0.0040000000000000001 20703.764127136001
-0.00050000000000000044 -0.0040000000000000001 20670.262146552657
0 -0.0040000000000000001 20656.794096457583
0.00050000000000000044 -0.0040000000000000001 20670.262146552654
0.0010000000000000009 -0.0040000000000000001 20703.764127135997
0.0015000000000000013 -0.0040000000000000001 20737.504623277371
0.0020000000000000018 -0.0040000000000000001 20741.395673281611
0.0024999999999999988 -0.0040000000000000001 20678.972379810755
0.0030000000000000027 -0.0040000000000000001 20512.070975318522
0.0034999999999999996 -0.0040000000000000001 20205.631428707587
0.0040000000000000036 -0.0040000000000000001 19732.003016061382
0.0045000000000000005 -0.0040000000000000001 19074.239618045824
0.0049999999999999975 -0.0040000000000000001 18228.046330596138
0.0055000000000000014 -0.0040000000000000001 17202.245645988893
0.0059999999999999984 -0.0040000000000000001 16017.834013417963
0.0064999999999999988 -0.0040000000000000001 14705.867719442145
0.0069999999999999993 -0.0040000000000000001 13304.530796678408
0.0074999999999999997 -0.0040000000000000001 11855.789232199531
0.0080000000000000002 -0.0040000000000000001 10402.028352785082
0.0085000000000000006 -0.0040000000000000001 8983.0153289200771
0.0090000000000000011 -0.0040000000000000001 7633.4421291679764
0.0095000000000000015 -0.0040000000000000001 6381.2027716786724
0.010000000000000002 -0.0040000000000000001 5246.4574348566794
0.010500000000000002 -0.0040000000000000001 4241.4466748486511
0.011000000000000003 -0.0040000000000000001 3370.949508570488
0.011500000000000003 -0.0040000000000000001 2633.2334674595049
0.012000000000000004 -0.0040000000000000001 2021.3235267255343
0.012499999999999997 -0.0040000000000000001 1524.4179206268977
0.013000000000000005 -0.0040000000000000001 1129.2980594877438
0.013499999999999998 -0.0040000000000000001 821.61155810676735
0.014000000000000005 -0.0040000000000000001 586.9457447385405
0.014499999999999999 -0.0040000000000000001 411.64819002458921
0.014999999999999999 -0.0040000000000000001 283.38597388847649
0.0155 -0.0040000000000000001 191.46323508489598
0.016000000000000007 -0.0040000000000000001 126.93532315541863
0.016500000000000001 -0.0040000000000000001 82.567486332537214
0.017000000000000001 -0.0040000000000000001 52.687646149436439
0.017500000000000002 -0.0040000000000000001 32.978403503176352
0.017999999999999995 -0.0040000000000000001 20.245272731506045
0.018500000000000003 -0.0040000000000000001 12.188405131979897
0.019000000000000003 -0.0040000000000000001 7.1954715959990212
0.019500000000000003 -0.0040000000000000001 4.1650888648001692
0.019999999999999997 -0.0040000000000000001 2.3637894353563262
0.020499999999999997 -0.0040000000000000001 1.3151728769462114
0.021000000000000005 -0.0040000000000000001 0.71733066331329953
0.021500000000000005 -0.0040000000000000001 0.38352536123775166
0.021999999999999999 -0.0040000000000000001 0.20099489600533463
0.022499999999999999 -0.0040000000000000001 0.10324584445517725
0.023000000000000007 -0.0040000000000000001 0.051980343988642687
0.023500000000000007 -0.0040000000000000001 0.025648914920799071
0.024 -0.0040000000000000001 0.012403608893517883
0.024500000000000001 -0.0040000000000000001 0.0058784631690141781
0.025000000000000001 -0.0040000000000000001 0.0027302663901523313
-0.025000000000000001 -0.0035000000000000031 0.0031749540172931155
-0.024500000000000001 -0.0035000000000000031 0.0068340028163251052
-0.024 -0.0035000000000000031 0.014415277324321813
-0.0235 -0.0035000000000000031 0.029798217595620544
-0.023 -0.0035000000000000031 0.060365313034308081
-0.022500000000000003 -0.0035000000000000031 0.11984674312230371
-0.022000000000000002 -0.0035000000000000031 0.23319528838314865
-0.021500000000000002 -0.0035000000000000031 0.444716032916809
-0.021000000000000001 -0.0035000000000000031 0.83125018887425106
-0.020500000000000001 -0.0035000000000000031 1.5229480493187846
-0.02 -0.0035000000000000031 2.7350377226921823
-0.0195 -0.0035000000000000031 4.8149228168332661
-0.019 -0.0035000000000000031 8.3097614065867553
-0.018500000000000003 -0.0035000000000000031 14.060126298255575
-0.018000000000000002 -0.0035000000000000031 23.325050071657053
-0.017500000000000002 -0.0035000000000000031 37.942256632108624
-0.017000000000000001 -0.0035000000000000031 60.524184928153353
-0.016500000000000001 -0.0035000000000000031 94.685111132738911
-0.016 -0.0035000000000000031 145.28709795477045
-0.0155 -0.0035000000000000031 218.68288292314074
-0.015000000000000001 -0.0035000000000000031 322.92298207438728
-0.014500000000000001 -0.0035000000000000031 467.88373249947387
-0.014 -0.0035000000000000031 665.26487612345329
-0.0135 -0.0035000000000000031 928.402182588183
-0.012999999999999999 -0.0035000000000000031 1271.8451304462637
-0.012500000000000001 -0.0035000000000000031 1710.663875944105
-0.012 -0.0035000000000000031 2259.47452037012
-0.0115 -0.0035000000000000031 2931.2061929632609
-0.010999999999999999 -0.0035000000000000031 3735.6748138906901
-0.010499999999999999 -0.0035000000000000031 4678.0717416735315
-0.010000000000000002 -0.0035000000000000031 5757.5145211196759
-0.0095000000000000015 -0.0035000000000000031 6965.8347053553243
-0.0090000000000000011 -0.0035000000000000031 8286.7877809249749
-0.0085000000000000006 -0.0035000000000000031 9695.8576990095025
-0.0080000000000000002 -0.0035000000000000031 11160.790996625999
-0.0074999999999999997 -0.0035000000000000031 12642.933611035436
-0.0069999999999999993 -0.0035000000000000031 14099.361148790829
-0.0064999999999999988 -0.0035000000000000031 15485.69765600722
-0.0059999999999999984 -0.0035000000000000031 16759.418797188093
-0.0054999999999999979 -0.0035000000000000031 17883.345019783184
-0.005000000000000001 -0.0035000000000000031 18828.9623563237
-0.0044999999999999971 -0.0035000000000000031 19579.176527522897
-0.0040000000000000001 -0.0035000000000000031 20130.121396158651
-0.0035000000000000031 -0.0035000000000000031 20491.712395091567
-0.0029999999999999992 -0.0035000000000000031 20686.758880788515
-0.0025000000000000022 -0.0035000000000000031 20748.616777730072
-0.0019999999999999983 -0.0035000000000000031 20717.554961728438
-0.0015000000000000013 -0.0035000000000000031 20636.198070250713
-0.00099999999999999742 -0.0035000000000000031 20544.563247651455
-0.00050000000000000044 -0.0035000000000000031 20475.298985417438
0 -0.0035000000000000031 20449.739340006228
0.00050000000000000044 -0.0035000000000000031 20475.298985417438
0.0010000000000000009 -0.0035000000000000031 20544.563247651455
0.0015000000000000013 -0.0035000000000000031 20636.19807025071
0.0020000000000000018 -0.0035000000000000031 20717.554961728434
0.0024999999999999988 -0.0035000000000000031 20748.616777730069
0.0030000000000000027 -0.0035000000000000031 20686.758880788511
0.0034999999999999996 -0.0035000000000000031 20491.712395091567
0.0040000000000000036 -0.0035000000000000031 20130.121396158647
0.0045000000000000005 -0.0035000000000000031 19579.17652752289
0.0049999999999999975 -0.0035000000000000031 18828.9623563237
0.0055000000000000014 -0.0035000000000000031 17883.34501978317
0.0059999999999999984 -0.0035000000000000031 16759.418797188089
0.0064999999999999988 -0.0035000000000000031 15485.697656007216
0.0069999999999999993 -0.0035000000000000031 14099.361148790827
0.0074999999999999997 -0.0035000000000000031 12642.933611035434
0.0080000000000000002 -0.0035000000000000031 11160.790996625999
0.0085000000000000006 -0.0035000000000000031 9695.8576990095007
0.0090000000000000011 -0.0035000000000000031 8286.7877809249749
0.0095000000000000015 -0.0035000000000000031 6965.8347053553234
0.010000000000000002 -0.0035000000000000031 5757.514521119675
0.010500000000000002 -0.0035000000000000031 4678.0717416735242
0.011000000000000003 -0.0035000000000000031 3735.6748138906828
0.011500000000000003 -0.0035000000000000031 2931.2061929632555
0.012000000000000004 -0.0035000000000000031 2259.4745203701159
0.012499999999999997 -0.0035000000000000031 1710.6638759441084
0.013000000000000005 -0.0035000000000000031 1271.8451304462601
0.013499999999999998 -0.0035000000000000031 928.40218258818379
0.014000000000000005 -0.0035000000000000031 665.26487612345056
0.014499999999999999 -0.0035000000000000031 467.88373249947432
0.014999999999999999 -0.0035000000000000031 322.92298207438768
0.0155 -0.0035000000000000031 218.68288292314071
0.016000000000000007 -0.0035000000000000031 145.28709795476956
0.016500000000000001 -0.0035000000000000031 94.685111132739053
0.017000000000000001 -0.0035000000000000031 60.524184928153382
0.017500000000000002 -0.0035000000000000031 37.942256632108617
0.017999999999999995 -0.0035000000000000031 23.325050071657238
0.018500000000000003 -0.0035000000000000031 14.060126298255573
0.019000000000000003 -0.0035000000000000031 8.309761406586734
0.019500000000000003 -0.0035000000000000031 4.8149228168332456
0.019999999999999997 -0.0035000000000000031 2.7350377226921969
0.020499999999999997 -0.0035000000000000031 1.5229480493187901
0.021000000000000005 -0.0035000000000000031 0.83125018887424817
0.021500000000000005 -0.0035000000000000031 0.44471603291680667
0.021999999999999999 -0.0035000000000000031 0.23319528838314907
0.022499999999999999 -0.0035000000000000031 0.11984674312230414
0.023000000000000007 -0.0035000000000000031 0.06036531303430754
0.023500000000000007 -0.0035000000000000031 0.029798217595620277
0.024 -0.0035000000000000031 0.014415277324321862
0.024500000000000001 -0.0035000000000000031 0.0068340028163251174
0.025000000000000001 -0.0035000000000000031 0.0031749540172931268
-0.025000000000000001 -0.0029999999999999992 0.0036191164907952429
-0.024500000000000001 -0.0029999999999999992 0.0077883272731307795
-0.024 -0.0029999999999999992 0.016424180860348286
-0.0235 -0.0029999999999999992 0.033941335254636718
-0.023 -0.0029999999999999992 0.068736680969789618
-0.022500000000000003 -0.0029999999999999992 0.13641824392952887
-0.022000000000000002 -0.0029999999999999992 0.26533323600643494
-0.021500000000000002 -0.0029999999999999992 0.50577637522615493
-0.021000000000000001 -0.0029999999999999992 0.94490248795967535
-0.020500000000000001 -0.0029999999999999992 1.730185037134262
-0.02 -0.0029999999999999992 3.1052215695225991
-0.0195 -0.0029999999999999992 5.4626896043974815
-0.019 -0.0029999999999999992 9.4201101002498326
-0.018500000000000003 -0.0029999999999999992 15.924472086958227
-0.018000000000000002 -0.0029999999999999992 26.391281655844153
-0.017500000000000002 -0.0029999999999999992 42.881697190729405
-0.017000000000000001 -0.0029999999999999992 68.317556258403286
-0.016500000000000001 -0.0029999999999999992 106.72785391812917
-0.016 -0.0029999999999999992 163.51145585730987
-0.0155 -0.0029999999999999992 245.68988365820584
-0.015000000000000001 -0.0029999999999999992 362.11194640813255
-0.014500000000000001 -0.0029999999999999992 523.56065796602684
-0.014 -0.0029999999999999992 742.70484684593669
-0.0135 -0.0029999999999999992 1033.8361530711243
-0.012999999999999999 -0.0029999999999999992 1412.3396486105621
-0.012500000000000001 -0.0029999999999999992 1893.8652569036451
-0.012 -0.0029999999999999992 2493.1980624670259
-0.0115 -0.0029999999999999992 3222.8668768073994
-0.010999999999999999 -0.0029999999999999992 4091.5779559651382
-0.010499999999999999 -0.0029999999999999992 5102.6081690119254
-0.010000000000000002 -0.0029999999999999992 6252.3313251257077
-0.0095000000000000015 -0.0029999999999999992 7529.0746732314374
-0.0090000000000000011 -0.0029999999999999992 8912.502945578035
-0.0085000000000000006 -0.0029999999999999992 10373.700546301356
-0.0080000000000000002 -0.0029999999999999992 11876.068081576333
-0.0074999999999999997 -0.0029999999999999992 13377.070939128331
-0.0069999999999999993 -0.0029999999999999992 14830.782375520746
-0.0064999999999999988 -0.0029999999999999992 16191.061832751317
-0.0059999999999999984 -0.0029999999999999992 17415.113058140949
-0.0054999999999999979 -0.0029999999999999992 18467.088673272941
-0.005000000000000001 -0.0029999999999999992 19321.360068224163
-0.0044999999999999971 -0.0029999999999999992 19965.063880662536
-0.0040000000000000001 -0.0029999999999999992 20399.575551650058
-0.0035000000000000031 -0.0029999999999999992 20640.648450337008
-0.0029999999999999992 -0.0029999999999999992 20717.089528091765
-0.0025000000000000022 -0.0029999999999999992 20668.007880818488
-0.0019999999999999983 -0.0029999999999999992 20538.852245208858
-0.0015000000000000013 -0.0029999999999999992 20376.622958798882
-0.00099999999999999742 -0.0029999999999999992 20224.776545783396
-0.00050000000000000044 -0.0029999999999999992 20118.412467422706
0 -0.0029999999999999992 20080.324866466708
0.00050000000000000044 -0.0029999999999999992 20118.412467422706
0.0010000000000000009 -0.0029999999999999992 20224.776545783392
0.0015000000000000013 -0.0029999999999999992 20376.622958798882
0.0020000000000000018 -0.0029999999999999992 20538.852245208855
0.0024999999999999988 -0.0029999999999999992 20668.007880818484
0.0030000000000000027 -0.0029999999999999992 20717.089528091765
0.0034999999999999996 -0.0029999999999999992 20640.648450337005
0.0040000000000000036 -0.0029999999999999992 20399.57555165005
0.0045000000000000005 -0.0029999999999999992 19965.063880662528
0.0049999999999999975 -0.0029999999999999992 19321.360068224167
0.0055000000000000014 -0.0029999999999999992 18467.08867327293
0.0059999999999999984 -0.0029999999999999992 17415.113058140949
0.0064999999999999988 -0.0029999999999999992 16191.061832751315
0.0069999999999999993 -0.0029999999999999992 14830.782375520745
0.0074999999999999997 -0.0029999999999999992 13377.070939128329
0.0080000000000000002 -0.0029999999999999992 11876.068081576332
0.0085000000000000006 -0.0029999999999999992 10373.700546301356
0.0090000000000000011 -0.0029999999999999992 8912.5029455780314
0.0095000000000000015 -0.0029999999999999992 7529.0746732314374
0.010000000000000002 -0.0029999999999999992 6252.3313251257086
0.010500000000000002 -0.0029999999999999992 5102.6081690119172
0.011000000000000003 -0.0029999999999999992 4091.5779559651314
0.011500000000000003 -0.0029999999999999992 3222.8668768073935
0.012000000000000004 -0.0029999999999999992 2493.1980624670209
0.012499999999999997 -0.0029999999999999992 1893.8652569036492
0.013000000000000005 -0.0029999999999999992 1412.3396486105576
0.013499999999999998 -0.0029999999999999992 1033.8361530711259
0.014000000000000005 -0.0029999999999999992 742.70484684593396
0.014499999999999999 -0.0029999999999999992 523.56065796602763
0.014999999999999999 -0.0029999999999999992 362.11194640813301
0.0155 -0.0029999999999999992 245.68988365820579
0.016000000000000007 -0.0029999999999999992 163.51145585730907
0.016500000000000001 -0.0029999999999999992 106.72785391812926
0.017000000000000001 -0.0029999999999999992 68.317556258403272
0.017500000000000002 -0.0029999999999999992 42.881697190729398
0.017999999999999995 -0.0029999999999999992 26.391281655844359
0.018500000000000003 -0.0029999999999999992 15.924472086958225
0.019000000000000003 -0.0029999999999999992 9.420110100249806
0.019500000000000003 -0.0029999999999999992 5.4626896043974567
0.019999999999999997 -0.0029999999999999992 3.1052215695226093
0.020499999999999997 -0.0029999999999999992 1.7301850371342682
0.021000000000000005 -0.0029999999999999992 0.94490248795967191
0.021500000000000005 -0.0029999999999999992 0.50577637522615315
0.021999999999999999 -0.0029999999999999992 0.26533323600643494
0.022499999999999999 -0.0029999999999999992 0.13641824392952887
0.023000000000000007 -0.0029999999999999992 0.068736680969788869
0.023500000000000007 -0.0029999999999999992 0.033941335254636294
0.024 -0.0029999999999999992 0.016424180860348286
0.024500000000000001 -0.0029999999999999992 0.0077883272731307795
0.025000000000000001 -0.0029999999999999992 0.0036191164907952429
-0.025000000000000001 -0.0025000000000000022 0.0040435952426414162
-0.024500000000000001 -0.0025000000000000022 0.008700297937241936
-0.024 -0.0025000000000000022 0.018343780981174524
-0.0235 -0.0025000000000000022 0.037899933792062628
-0.023 -0.0025000000000000022 0.076734437626164928
-0.022500000000000003 -0.0025000000000000022 0.15224841303536321
-0.022000000000000002 -0.0025000000000000022 0.29602963619398964
-0.021500000000000002 -0.0025000000000000022 0.56408958218848582
-0.021000000000000001 -0.0025000000000000022 1.0534240678220339
-0.020500000000000001 -0.0025000000000000022 1.9280304739485015
-0.02 -0.0025000000000000022 3.4585564704650253
-0.0195 -0.0025000000000000022 6.0808284297577879
-0.019 -0.0025000000000000022 10.479391390937574
-0.018500000000000003 -0.0025000000000000022 17.702535867468296
-0.018000000000000002 -0.0025000000000000022 29.314605688134908
-0.017500000000000002 -0.0025000000000000022 47.589091138258709
-0.017000000000000001 -0.0025000000000000022 75.741516472215011
-0.016500000000000001 -0.0025000000000000022 118.19397353364792
-0.016 -0.0025000000000000022 180.85322632218367
-0.0155 -0.0025000000000000022 271.3720954482506
-0.015000000000000001 -0.0025000000000000022 399.3506053305901
-0.014500000000000001 -0.0025000000000000022 576.42131959414667
-0.014 -0.0025000000000000022 816.15538627032879
-0.0135 -0.0025000000000000022 1133.7254971624793
-0.012999999999999999 -0.0025000000000000022 1545.2724802540581
-0.012500000000000001 -0.0025000000000000022 2066.9457999797314
-0.012 -0.0025000000000000022 2713.6251127800419
-0.0115 -0.0025000000000000022 3497.3778390985162
-0.010999999999999999 -0.0025000000000000022 4425.7611638951857
-0.010499999999999999 -0.0025000000000000022 5500.1280944514283
-0.010000000000000002 -0.0025000000000000022 6714.1368110209414
-0.0095000000000000015 -0.0025000000000000022 8052.6813009886664
-0.0090000000000000011 -0.0025000000000000022 9491.4519601750762
-0.0085000000000000006 -0.0025000000000000022 10997.294015773603
-0.0080000000000000002 -0.0025000000000000022 12529.460668832678
-0.0074999999999999997 -0.0025000000000000022 14041.763209495137
-0.0069999999999999993 -0.0025000000000000022 15485.512723781074
-0.0064999999999999988 -0.0025000000000000022 16813.040781534877
-0.0059999999999999984 -0.0025000000000000022 17981.493808283063
-0.0054999999999999979 -0.0025000000000000022 18956.530661175126
-0.005000000000000001 -0.0025000000000000022 19715.525480383621
-0.0044999999999999971 -0.0025000000000000022 20249.894591583423
-0.0040000000000000001 -0.0025000000000000022 20566.229030438928
-0.0035000000000000031 -0.0025000000000000022 20686.020180746767
-0.0029999999999999992 -0.0025000000000000022 20643.906932071055
-0.0025000000000000022 -0.0025000000000000022 20484.535366763532
-0.0019999999999999983 -0.0025000000000000022 20258.288346310565
-0.0015000000000000013 -0.0025000000000000022 20016.291361091528
-0.00099999999999999742 -0.0025000000000000022 19805.210870928011
-0.00050000000000000044 -0.0025000000000000022 19662.413179419054
0 -0.0025000000000000022 19612.033420405765
0.00050000000000000044 -0.0025000000000000022 19662.413179419054
0.0010000000000000009 -0.0025000000000000022 19805.210870928011
0.0015000000000000013 -0.0025000000000000022 20016.291361091528
0.0020000000000000018 -0.0025000000000000022 20258.288346310565
0.0024999999999999988 -0.0025000000000000022 20484.535366763532
0.0030000000000000027 -0.0025000000000000022 20643.906932071055
0.0034999999999999996 -0.0025000000000000022 20686.020180746764
0.0040000000000000036 -0.0025000000000000022 20566.229030438924
0.0045000000000000005 -0.0025000000000000022 20249.894591583419
0.0049999999999999975 -0.0025000000000000022 19715.525480383625
0.0055000000000000014 -0.0025000000000000022 18956.530661175118
0.0059999999999999984 -0.0025000000000000022 17981.493808283059
0.0064999999999999988 -0.0025000000000000022 16813.040781534877
0.0069999999999999993 -0.0025000000000000022 15485.512723781072
0.0074999999999999997 -0.0025000000000000022 14041.763209495135
0.0080000000000000002 -0.0025000000000000022 12529.460668832678
0.0085000000000000006 -0.0025000000000000022 10997.294015773601
0.0090000000000000011 -0.0025000000000000022 9491.4519601750744
0.0095000000000000015 -0.0025000000000000022 8052.6813009886646
0.010000000000000002 -0.0025000000000000022 6714.1368110209414
0.010500000000000002 -0.0025000000000000022 5500.128094451421
0.011000000000000003 -0.0025000000000000022 4425.7611638951776
0.011500000000000003 -0.0025000000000000022 3497.3778390985108
0.012000000000000004 -0.0025000000000000022 2713.6251127800369
0.012499999999999997 -0.0025000000000000022 2066.9457999797355
0.013000000000000005 -0.0025000000000000022 1545.2724802540542
0.013499999999999998 -0.0025000000000000022 1133.7254971624805
0.014000000000000005 -0.0025000000000000022 816.15538627032572
0.014499999999999999 -0.0025000000000000022 576.42131959414735
0.014999999999999999 -0.0025000000000000022 399.35060533059061
0.0155 -0.0025000000000000022 271.3720954482506
0.016000000000000007 -0.0025000000000000022 180.85322632218262
0.016500000000000001 -0.0025000000000000022 118.19397353364791
0.017000000000000001 -0.0025000000000000022 75.741516472214997
0.017500000000000002 -0.0025000000000000022 47.589091138258702
0.017999999999999995 -0.0025000000000000022 29.314605688135142
0.018500000000000003 -0.0025000000000000022 17.702535867468296
0.019000000000000003 -0.0025000000000000022 10.479391390937547
0.019500000000000003 -0.0025000000000000022 6.0808284297577595
0.019999999999999997 -0.0025000000000000022 3.4585564704650378
0.020499999999999997 -0.0025000000000000022 1.9280304739485083
0.021000000000000005 -0.0025000000000000022 1.0534240678220301
0.021500000000000005 -0.0025000000000000022 0.56408958218848371
0.021999999999999999 -0.0025000000000000022 0.29602963619398964
0.022499999999999999 -0.0025000000000000022 0.15224841303536324
0.023000000000000007 -0.0025000000000000022 0.076734437626164109
0.023500000000000007 -0.0025000000000000022 0.037899933792062156
0.024 -0.0025000000000000022 0.018343780981174524
0.024500000000000001 -0.0025000000000000022 0.008700297937241936
0.025000000000000001 -0.0025000000000000022 0.0040435952426414162
-0.025000000000000001 -0.0019999999999999983 0.0044279948887716025
-0.024500000000000001 -0.0019999999999999983 0.0095261200805740777
-0.024 -0.0019999999999999983 0.020081950949827766
-0.0235 -0.0019999999999999983 0.041484161252307354
-0.023 -0.0019999999999999983 0.083975316846820802
-0.022500000000000003 -0.0019999999999999983 0.16657931702592785
-0.022000000000000002 -0.0019999999999999983 0.32381625756934307
-0.021500000000000002 -0.0019999999999999983 0.61686968159641253
-0.021000000000000001 -0.0019999999999999983 1.1516369303504199
-0.020500000000000001 -0.0019999999999999983 2.1070582703235412
-0.02 -0.0019999999999999983 3.7782364045497876
-0.0195 -0.0019999999999999983 6.6399940295173154
-0.019 -0.0019999999999999983 11.437426109525749
-0.018500000000000003 -0.0019999999999999983 19.310296271689925
-0.018000000000000002 -0.0019999999999999983 31.957269328031995
-0.017500000000000002 -0.0019999999999999983 51.843325619511269
-0.017000000000000001 -0.0019999999999999983 82.448624229858169
-0.016500000000000001 -0.0019999999999999983 128.54909435423531
-0.016 -0.0019999999999999983 196.50806202997498
-0.0155 -0.0019999999999999983 294.54485401703312
-0.015000000000000001 -0.0019999999999999983 432.93204813786826
-0.014500000000000001 -0.0019999999999999983 624.06034408317828
-0.014 -0.0019999999999999983 882.30227007864244
-0.0135 -0.0019999999999999983 1223.606930246382
-0.012999999999999999 -0.0019999999999999983 1664.7712599431006
-0.012500000000000001 -0.0019999999999999983 2222.3610580359796
-0.012 -0.0019999999999999983 2911.2973952059747
-0.0115 -0.0019999999999999983 3743.177778040983
-0.010999999999999999 -0.0019999999999999983 4724.4602716420713
-0.010499999999999999 -0.0019999999999999983 5854.6934057428625
-0.010000000000000002 -0.0019999999999999983 7125.0143565293547
-0.0095000000000000015 -0.0019999999999999983 8517.1523334090507
-0.0090000000000000011 -0.0019999999999999983 10003.155779218958
-0.0085000000000000006 -0.0019999999999999983 11546.008137261244
-0.0080000000000000002 -0.0019999999999999983 13101.210718317872
-0.0074999999999999997 -0.0019999999999999983 14619.301738175927
-0.0069999999999999993 -0.0019999999999999983 16049.16171335412
-0.0064999999999999988 -0.0019999999999999983 17341.843373584969
-0.0059999999999999984 -0.0019999999999999983 18454.575094214699
-0.0054999999999999979 -0.0019999999999999983 19354.533801709062
-0.005000000000000001 -0.0019999999999999983 20021.974958016581
-0.0044999999999999971 -0.0019999999999999983 20452.3466385049
-0.0040000000000000001 -0.0019999999999999983 20657.099363233232
-0.0035000000000000031 -0.0019999999999999983 20663.025695371569
-0.0029999999999999992 -0.0019999999999999983 20510.111991855796
-0.0025000000000000022 -0.0019999999999999983 20248.044147690747
-0.0019999999999999983 -0.0019999999999999983 19931.662576141309
-0.0015000000000000013 -0.0019999999999999983 19615.790998175053
-0.00099999999999999742 -0.0019999999999999983 19349.951824993215
-0.00050000000000000044 -0.0019999999999999983 19173.514265285172
0 -0.0019999999999999983 19111.791882990998
0.00050000000000000044 -0.0019999999999999983 19173.514265285172
0.0010000000000000009 -0.0019999999999999983 19349.951824993215
0.0015000000000000013 -0.0019999999999999983 19615.790998175053
0.0020000000000000018 -0.0019999999999999983 19931.662576141305
0.0024999999999999988 -0.0019999999999999983 20248.044147690747
0.0030000000000000027 -0.0019999999999999983 20510.111991855796
0.0034999999999999996 -0.0019999999999999983 20663.025695371565
0.0040000000000000036 -0.0019999999999999983 20657.099363233228
0.0045000000000000005 -0.0019999999999999983 20452.346638504896
0.0049999999999999975 -0.0019999999999999983 20021.974958016581
0.0055000000000000014 -0.0019999999999999983 19354.533801709054
0.0059999999999999984 -0.0019999999999999983 18454.575094214699
0.0064999999999999988 -0.0019999999999999983 17341.843373584965
0.0069999999999999993 -0.0019999999999999983 16049.161713354117
0.0074999999999999997 -0.0019999999999999983 14619.301738175925
0.0080000000000000002 -0.0019999999999999983 13101.21071831787
0.0085000000000000006 -0.0019999999999999983 11546.008137261244
0.0090000000000000011 -0.0019999999999999983 10003.15577921896
0.0095000000000000015 -0.0019999999999999983 8517.1523334090507
0.010000000000000002 -0.0019999999999999983 7125.0143565293538
0.010500000000000002 -0.0019999999999999983 5854.6934057428552
0.011000000000000003 -0.0019999999999999983 4724.4602716420632
0.011500000000000003 -0.0019999999999999983 3743.1777780409761
0.012000000000000004 -0.0019999999999999983 2911.2973952059688
0.012499999999999997 -0.0019999999999999983 2222.3610580359832
0.013000000000000005 -0.0019999999999999983 1664.7712599430959
0.013499999999999998 -0.0019999999999999983 1223.6069302463834
0.014000000000000005 -0.0019999999999999983 882.30227007863903
0.014499999999999999 -0.0019999999999999983 624.06034408317942
0.014999999999999999 -0.0019999999999999983 432.93204813786883
0.0155 -0.0019999999999999983 294.54485401703329
0.016000000000000007 -0.0019999999999999983 196.50806202997404
0.016500000000000001 -0.0019999999999999983 128.54909435423539
0.017000000000000001 -0.0019999999999999983 82.448624229858154
0.017500000000000002 -0.0019999999999999983 51.843325619511262
0.017999999999999995 -0.0019999999999999983 31.95726932803225
0.018500000000000003 -0.0019999999999999983 19.310296271689921
0.019000000000000003 -0.0019999999999999983 11.437426109525715
0.019500000000000003 -0.0019999999999999983 6.6399940295172843
0.019999999999999997 -0.0019999999999999983 3.778236404549808
0.020499999999999997 -0.0019999999999999983 2.1070582703235488
0.021000000000000005 -0.0019999999999999983 1.1516369303504157
0.021500000000000005 -0.0019999999999999983 0.61686968159641031
0.021999999999999999 -0.0019999999999999983 0.32381625756934312
0.022499999999999999 -0.0019999999999999983 0.16657931702592788
0.023000000000000007 -0.0019999999999999983 0.0839753168468199
0.023500000000000007 -0.0019999999999999983 0.041484161252306903
0.024 -0.0019999999999999983 0.020081950949827766
0.024500000000000001 -0.0019999999999999983 0.0095261200805740777
0.025000000000000001 -0.0019999999999999983 0.0044279948887716025
-0.025000000000000001 -0.0015000000000000013 0.004752270819474126
-0.024500000000000001 -0.0015000000000000013 0.010222751488073653
-0.024 -0.0015000000000000013 0.021548145350233097
-0.0235 -0.0015000000000000013 0.044507420521845212
-0.023 -0.0015000000000000013 0.090082614315316223
-0.022500000000000003 -0.0015000000000000013 0.17866597895158307
-0.022000000000000002 -0.0015000000000000013 0.34724992343215799
-0.021500000000000002 -0.0015000000000000013 0.66137814787252314
-0.021000000000000001 -0.0015000000000000013 1.2344510617051874
-0.020500000000000001 -0.0015000000000000013 2.2580020908786547
-0.02 -0.0015000000000000013 4.0477393417558867
-0.0195 -0.0015000000000000013 7.1113353541057114
-0.019 -0.0015000000000000013 12.244876922707617
-0.018500000000000003 -0.0015000000000000013 20.665135317551794
-0.018000000000000002 -0.0015000000000000013 34.183808958669061
-0.017500000000000002 -0.0015000000000000013 55.426940961741238
-0.017000000000000001 -0.0015000000000000013 88.097140110616778
-0.016500000000000001 -0.0015000000000000013 137.26754260733523
-0.016 -0.0015000000000000013 209.68459620561447
-0.0155 -0.0015000000000000013 314.04241341539569
-0.015000000000000001 -0.0015000000000000013 461.17628934168982
-0.014500000000000001 -0.0015000000000000013 664.10975611596939
-0.014 -0.0015000000000000013 937.8819271331397
-0.0135 -0.0015000000000000013 1299.0840018992681
-0.012999999999999999 -0.0015000000000000013 1765.049416685657
-0.012500000000000001 -0.0015000000000000013 2352.6735483286584
-0.012 -0.0015000000000000013 3076.8858503168653
-0.0115 -0.0015000000000000013 3948.8561421214517
-0.010999999999999999 -0.0015000000000000013 4974.080133116965
-0.010499999999999999 -0.0015000000000000013 6150.5467293309339
-0.010000000000000002 -0.0015000000000000013 7467.2293177619495
-0.0095000000000000015 -0.0015000000000000013 8903.1538994207494
-0.0090000000000000011 -0.0015000000000000013 10427.270860384522
-0.0085000000000000006 -0.0015000000000000013 11999.292149640911
-0.0080000000000000002 -0.0015000000000000013 13571.556371248453
-0.0074999999999999997 -0.0015000000000000013 15091.862222898992
-0.0069999999999999993 -0.0015000000000000013 16507.08232141615
-0.0064999999999999988 -0.0015000000000000013 17767.253481683445
-0.0059999999999999984 -0.0015000000000000013 18829.753577916839
-0.0054999999999999979 -0.0015000000000000013 19663.132655629859
-0.005000000000000001 -0.0015000000000000013 20250.174148784616
-0.0044999999999999971 -0.0015000000000000013 20589.821027443162
-0.0040000000000000001 -0.0015000000000000013 20697.705085615151
-0.0035000000000000031 -0.0015000000000000013 20605.153919119941
-0.0029999999999999992 -0.0015000000000000013 20356.704690442937
-0.0025000000000000022 -0.0015000000000000013 20006.310218687406
-0.0019999999999999983 -0.0015000000000000013 19612.564844824683
-0.0015000000000000013 -0.0015000000000000013 19233.389611864975
-0.00099999999999999742 -0.0015000000000000013 18920.685623220004
-0.00050000000000000044 -0.0015000000000000013 18715.481758651113
0 -0.0015000000000000013 18644.06411381088
0.00050000000000000044 -0.0015000000000000013 18715.481758651116
0.0010000000000000009 -0.0015000000000000013 18920.685623220004
0.0015000000000000013 -0.0015000000000000013 19233.389611864975
0.0020000000000000018 -0.0015000000000000013 19612.564844824687
0.0024999999999999988 -0.0015000000000000013 20006.310218687398
0.0030000000000000027 -0.0015000000000000013 20356.704690442937
0.0034999999999999996 -0.0015000000000000013 20605.153919119941
0.0040000000000000036 -0.0015000000000000013 20697.705085615151
0.0045000000000000005 -0.0015000000000000013 20589.821027443162
0.0049999999999999975 -0.0015000000000000013 20250.174148784619
0.0055000000000000014 -0.0015000000000000013 19663.132655629855
0.0059999999999999984 -0.0015000000000000013 18829.753577916839
0.0064999999999999988 -0.0015000000000000013 17767.253481683445
0.0069999999999999993 -0.0015000000000000013 16507.08232141615
0.0074999999999999997 -0.0015000000000000013 15091.86222289899
0.0080000000000000002 -0.0015000000000000013 13571.556371248453
0.0085000000000000006 -0.0015000000000000013 11999.292149640909
0.0090000000000000011 -0.0015000000000000013 10427.27086038452
0.0095000000000000015 -0.0015000000000000013 8903.1538994207494
0.010000000000000002 -0.0015000000000000013 7467.2293177619495
0.010500000000000002 -0.0015000000000000013 6150.5467293309248
0.011000000000000003 -0.0015000000000000013 4974.0801331169569
0.011500000000000003 -0.0015000000000000013 3948.8561421214449
0.012000000000000004 -0.0015000000000000013 3076.8858503168599
0.012499999999999997 -0.0015000000000000013 2352.673548328662
0.013000000000000005 -0.0015000000000000013 1765.0494166856511
0.013499999999999998 -0.0015000000000000013 1299.0840018992699
0.014000000000000005 -0.0015000000000000013 937.88192713313617
0.014499999999999999 -0.0015000000000000013 664.10975611597019
0.014999999999999999 -0.0015000000000000013 461.17628934169045
0.0155 -0.0015000000000000013 314.04241341539563
0.016000000000000007 -0.0015000000000000013 209.68459620561333
0.016500000000000001 -0.0015000000000000013 137.2675426073352
0.017000000000000001 -0.0015000000000000013 88.097140110616778
0.017500000000000002 -0.0015000000000000013 55.426940961741231
0.017999999999999995 -0.0015000000000000013 34.183808958669339
0.018500000000000003 -0.0015000000000000013 20.665135317551794
0.019000000000000003 -0.0015000000000000013 12.244876922707574
0.019500000000000003 -0.0015000000000000013 7.1113353541056794
0.019999999999999997 -0.0015000000000000013 4.047739341755908
0.020499999999999997 -0.0015000000000000013 2.2580020908786627
0.021000000000000005 -0.0015000000000000013 1.2344510617051832
0.021500000000000005 -0.0015000000000000013 0.66137814787251958
0.021999999999999999 -0.0015000000000000013 0.34724992343215805
0.022499999999999999 -0.0015000000000000013 0.17866597895158309
0.023000000000000007 -0.0015000000000000013 0.090082614315315113
0.023500000000000007 -0.0015000000000000013 0.044507420521844726
0.024 -0.0015000000000000013 0.021548145350233097
0.024500000000000001 -0.0015000000000000013 0.010222751488073653
0.025000000000000001 -0.0015000000000000013 0.004752270819474126
-0.025000000000000001 -0.00099999999999999742 0.0049984503352636439
-0.024500000000000001 -0.00099999999999999742 0.010751598310286532
-0.024 -0.00099999999999999742 0.022661174888443721
-0.0235 -0.00099999999999999742 0.046802391852855313
-0.023 -0.00099999999999999742 0.094718534271268223
-0.022500000000000003 -0.00099999999999999742 0.18784034835081789
-0.022000000000000002 -0.00099999999999999742 0.36503643644083528
-0.021500000000000002 -0.00099999999999999742 0.69515906039687458
-0.021000000000000001 -0.00099999999999999742 1.297301519924656
-0.020500000000000001 -0.00099999999999999742 2.3725510817167552
-0.02 -0.00099999999999999742 4.2522460634437653
-0.0195 -0.00099999999999999742 7.4689731862287276
-0.019 -0.00099999999999999742 12.857485333229423
-0.018500000000000003 -0.00099999999999999742 21.69293367716509
-0.018000000000000002 -0.00099999999999999742 35.872684210250874
-0.017500000000000002 -0.00099999999999999742 58.144807407579016
-0.017000000000000001 -0.00099999999999999742 92.380378385835186
-0.016500000000000001 -0.00099999999999999742 143.87749818447526
-0.016 -0.00099999999999999742 219.6724191872807
-0.0155 -0.00099999999999999742 328.81808689016725
-0.015000000000000001 -0.00099999999999999742 482.57459416506236
-0.014500000000000001 -0.00099999999999999742 694.44242457421763
-0.014 -0.00099999999999999742 979.96185768406724
-0.0135 -0.00099999999999999742 1356.20489673317
-0.012999999999999999 -0.00099999999999999742 1840.9034963840418
-0.012500000000000001 -0.00099999999999999742 2451.1920590155059
-0.012 -0.00099999999999999742 3201.9926831245307
-0.0115 -0.00099999999999999742 4104.1343456742807
-0.010999999999999999 -0.00099999999999999742 5162.3640081888325
-0.010499999999999999 -0.00099999999999999742 6373.467248202679
-0.010000000000000002 -0.00099999999999999742 7724.7556114554636
-0.0095000000000000015 -0.00099999999999999742 9193.1856407229807
-0.0090000000000000011 -0.00099999999999999742 10745.342482119988
-0.0085000000000000006 -0.00099999999999999742 12338.44738142065
-0.0080000000000000002 -0.00099999999999999742 13922.439136281702
-0.0074999999999999997 -0.00099999999999999742 15443.04786142203
-0.0069999999999999993 -0.00099999999999999742 16845.643803410087
-0.0064999999999999988 -0.00099999999999999742 18079.52502671842
-0.0059999999999999984 -0.00099999999999999742 19102.224421301249
-0.0054999999999999979 -0.00099999999999999742 19883.382243639779
-0.005000000000000001 -0.00099999999999999742 20407.751358008165
-0.0044999999999999971 -0.00099999999999999742 20676.976377227522
-0.0040000000000000001 -0.00099999999999999742 20709.905671499004
-0.0035000000000000031 -0.00099999999999999742 20541.342235377433
-0.0029999999999999992 -0.00099999999999999742 20219.298579298633
-0.0025000000000000022 -0.00099999999999999742 19800.9747782632
-0.0019999999999999983 -0.00099999999999999742 19347.811713034418
-0.0015000000000000013 -0.00099999999999999742 18920.070201326289
-0.00099999999999999742 -0.00099999999999999742 18571.441381171338
-0.00050000000000000044 -0.00099999999999999742 18344.198620333846
0 -0.00099999999999999742 18265.355178582737
0.00050000000000000044 -0.00099999999999999742 18344.198620333846
0.0010000000000000009 -0.00099999999999999742 18571.441381171342
0.0015000000000000013 -0.00099999999999999742 18920.070201326285
0.0020000000000000018 -0.00099999999999999742 19347.811713034422
0.0024999999999999988 -0.00099999999999999742 19800.974778263197
0.0030000000000000027 -0.00099999999999999742 20219.298579298633
0.0034999999999999996 -0.00099999999999999742 20541.342235377429
0.0040000000000000036 -0.00099999999999999742 20709.905671499004
0.0045000000000000005 -0.00099999999999999742 20676.976377227522
0.0049999999999999975 -0.00099999999999999742 20407.751358008169
0.0055000000000000014 -0.00099999999999999742 19883.382243639775
0.0059999999999999984 -0.00099999999999999742 19102.224421301249
0.0064999999999999988 -0.00099999999999999742 18079.525026718424
0.0069999999999999993 -0.00099999999999999742 16845.643803410087
0.0074999999999999997 -0.00099999999999999742 15443.047861422028
0.0080000000000000002 -0.00099999999999999742 13922.439136281702
0.0085000000000000006 -0.00099999999999999742 12338.447381420649
0.0090000000000000011 -0.00099999999999999742 10745.342482119986
0.0095000000000000015 -0.00099999999999999742 9193.1856407229789
0.010000000000000002 -0.00099999999999999742 7724.7556114554636
0.010500000000000002 -0.00099999999999999742 6373.4672482026708
0.011000000000000003 -0.00099999999999999742 5162.3640081888243
0.011500000000000003 -0.00099999999999999742 4104.1343456742734
0.012000000000000004 -0.00099999999999999742 3201.9926831245243
0.012499999999999997 -0.00099999999999999742 2451.1920590155105
0.013000000000000005 -0.00099999999999999742 1840.9034963840361
0.013499999999999998 -0.00099999999999999742 1356.2048967331714
0.014000000000000005 -0.00099999999999999742 979.96185768406315
0.014499999999999999 -0.00099999999999999742 694.44242457421853
0.014999999999999999 -0.00099999999999999742 482.57459416506276
0.0155 -0.00099999999999999742 328.81808689016725
0.016000000000000007 -0.00099999999999999742 219.6724191872795
0.016500000000000001 -0.00099999999999999742 143.87749818447526
0.017000000000000001 -0.00099999999999999742 92.380378385835172
0.017500000000000002 -0.00099999999999999742 58.144807407579016
0.017999999999999995 -0.00099999999999999742 35.872684210251158
0.018500000000000003 -0.00099999999999999742 21.69293367716509
0.019000000000000003 -0.00099999999999999742 12.857485333229379
0.019500000000000003 -0.00099999999999999742 7.4689731862286939
0.019999999999999997 -0.00099999999999999742 4.2522460634437813
0.020499999999999997 -0.00099999999999999742 2.3725510817167597
0.021000000000000005 -0.00099999999999999742 1.2973015199246514
0.021500000000000005 -0.00099999999999999742 0.69515906039687192
0.021999999999999999 -0.00099999999999999742 0.36503643644083533
0.022499999999999999 -0.00099999999999999742 0.18784034835081792
0.023000000000000007 -0.00099999999999999742 0.094718534271267044
0.023500000000000007 -0.00099999999999999742 0.046802391852854813
0.024 -0.00099999999999999742 0.022661174888443721
0.024500000000000001 -0.00099999999999999742 0.010751598310286532
0.025000000000000001 -0.00099999999999999742 0.0049984503352636439
-0.025000000000000001 -0.00050000000000000044 0.0051522836437058739
-0.024500000000000001 -0.00050000000000000044 0.011082060634858759
-0.024 -0.00050000000000000044 0.023356665842755812
-0.0235 -0.00050000000000000044 0.048236407344077047
-0.023 -0.00050000000000000044 0.097615232153706377
-0.022500000000000003 -0.00050000000000000044 0.19357270174502983
-0.022000000000000002 -0.00050000000000000044 0.37614954629812192
-0.021500000000000002 -0.00050000000000000044 0.7162649002286039
-0.021000000000000001 -0.00050000000000000044 1.3365682166222725
-0.020500000000000001 -0.00050000000000000044 2.4441142875123028
-0.02 -0.00050000000000000044 4.3800035512944548
-0.0195 -0.00050000000000000044 7.6923817498087343
-0.019 -0.00050000000000000044 13.240146028468553
-0.018500000000000003 -0.00050000000000000044 22.334896501402138
-0.018000000000000002 -0.00050000000000000044 36.927475671651294
-0.017500000000000002 -0.00050000000000000044 59.842111495633006
-0.017000000000000001 -0.00050000000000000044 95.054992009114926
-0.016500000000000001 -0.00050000000000000044 148.00453747394468
-0.016 -0.00050000000000000044 225.90768816646826
-0.0155 -0.00050000000000000044 338.04099531486145
-0.015000000000000001 -0.00050000000000000044 495.92907194815729
-0.014500000000000001 -0.00050000000000000044 713.36909534300128
-0.014 -0.00050000000000000044 1006.212624566112
-0.0135 -0.00050000000000000044 1391.8295327181954
-0.012999999999999999 -0.00050000000000000044 1888.1974042772997
-0.012500000000000001 -0.00050000000000000044 2512.5956764670905
-0.012 -0.00050000000000000044 3279.9365403925685
-0.0115 -0.00050000000000000044 4200.8297312834129
-0.010999999999999999 -0.00050000000000000044 5279.5473006016991
-0.010499999999999999 -0.00050000000000000044 6512.1154092394554
-0.010000000000000002 -0.00050000000000000044 7884.7997275399539
-0.0095000000000000015 -0.00050000000000000044 9373.2569426735154
-0.0090000000000000011 -0.00050000000000000044 10942.58905485526
-0.0085000000000000006 -0.00050000000000000044 12548.458166375318
-0.0080000000000000002 -0.00050000000000000044 14139.303948091208
-0.0074999999999999997 -0.00050000000000000044 15659.56821694702
-0.0069999999999999993 -0.00050000000000000044 17053.690916567295
-0.0064999999999999988 -0.00050000000000000044 18270.521061095205
-0.0059999999999999984 -0.00050000000000000044 19267.704482343019
-0.0054999999999999979 -0.00050000000000000044 20015.581190856592
-0.005000000000000001 -0.00050000000000000044 20500.154179200246
-0.0044999999999999971 -0.00050000000000000044 20724.775021757039
-0.0040000000000000001 -0.00050000000000000044 20710.318444990793
-0.0035000000000000031 -0.00050000000000000044 20493.771762793316
-0.0029999999999999992 -0.00050000000000000044 20125.327117620447
-0.0025000000000000022 -0.00050000000000000044 19664.216815798973
-0.0019999999999999983 -0.00050000000000000044 19173.659207054432
-0.0015000000000000013 -0.00050000000000000044 18715.372699092222
-0.00099999999999999742 -0.00050000000000000044 18344.16087850809
-0.00050000000000000044 -0.00050000000000000044 18103.068779166228
0 -0.00050000000000000044 18019.559736407355
0.00050000000000000044 -0.00050000000000000044 18103.068779166228
0.0010000000000000009 -0.00050000000000000044 18344.160878508093
0.0015000000000000013 -0.00050000000000000044 18715.372699092222
0.0020000000000000018 -0.00050000000000000044 19173.659207054436
0.0024999999999999988 -0.00050000000000000044 19664.216815798969
0.0030000000000000027 -0.00050000000000000044 20125.327117620447
0.0034999999999999996 -0.00050000000000000044 20493.771762793316
0.0040000000000000036 -0.00050000000000000044 20710.318444990793
0.0045000000000000005 -0.00050000000000000044 20724.775021757039
0.0049999999999999975 -0.00050000000000000044 20500.15417920025
0.0055000000000000014 -0.00050000000000000044 20015.581190856588
0.0059999999999999984 -0.00050000000000000044 19267.704482343022
0.0064999999999999988 -0.00050000000000000044 18270.521061095205
0.0069999999999999993 -0.00050000000000000044 17053.690916567295
0.0074999999999999997 -0.00050000000000000044 15659.568216947018
0.0080000000000000002 -0.00050000000000000044 14139.30394809121
0.0085000000000000006 -0.00050000000000000044 12548.458166375318
0.0090000000000000011 -0.00050000000000000044 10942.58905485526
0.0095000000000000015 -0.00050000000000000044 9373.2569426735154
0.010000000000000002 -0.00050000000000000044 7884.7997275399557
0.010500000000000002 -0.00050000000000000044 6512.1154092394472
0.011000000000000003 -0.00050000000000000044 5279.5473006016928
0.011500000000000003 -0.00050000000000000044 4200.8297312834075
0.012000000000000004 -0.00050000000000000044 3279.9365403925622
0.012499999999999997 -0.00050000000000000044 2512.5956764670946
0.013000000000000005 -0.00050000000000000044 1888.1974042772945
0.013499999999999998 -0.00050000000000000044 1391.8295327181972
0.014000000000000005 -0.00050000000000000044 1006.212624566108
0.014499999999999999 -0.00050000000000000044 713.36909534300219
0.014999999999999999 -0.00050000000000000044 495.92907194815774
0.0155 -0.00050000000000000044 338.04099531486145
0.016000000000000007 -0.00050000000000000044 225.90768816646701
0.016500000000000001 -0.00050000000000000044 148.00453747394468
0.017000000000000001 -0.00050000000000000044 95.054992009114926
0.017500000000000002 -0.00050000000000000044 59.842111495633006
0.017999999999999995 -0.00050000000000000044 36.927475671651585
0.018500000000000003 -0.00050000000000000044 22.334896501402135
0.019000000000000003 -0.00050000000000000044 13.240146028468509
0.019500000000000003 -0.00050000000000000044 7.6923817498087006
0.019999999999999997 -0.00050000000000000044 4.3800035512944691
0.020499999999999997 -0.00050000000000000044 2.4441142875123116
0.021000000000000005 -0.00050000000000000044 1.3365682166222703
0.021500000000000005 -0.00050000000000000044 0.71626490022860134
0.021999999999999999 -0.00050000000000000044 0.37614954629812197
0.022499999999999999 -0.00050000000000000044 0.19357270174502983
0.023000000000000007 -0.00050000000000000044 0.097615232153705336
0.023500000000000007 -0.00050000000000000044 0.048236407344076533
0.024 -0.00050000000000000044 0.023356665842755812
0.024500000000000001 -0.00050000000000000044 0.011082060634858759
0.025000000000000001 -0.00050000000000000044 0.0051522836437058739
-0.025000000000000001 0 0.0052046140164878872
-0.024500000000000001 0 0.011194475136210587
-0.024 0 0.023593251495056203
-0.0235 0 0.048724213003821522
-0.023 0 0.098600584939147556
-0.022500000000000003 0 0.1955226202830844
-0.022000000000000002 0 0.37992973443403649
-0.021500000000000002 0 0.72344406597362421
-0.021000000000000001 0 1.349924584725644
-0.020500000000000001 0 2.4684556837062517
-0.02 0 4.4234578381684129
-0.0195 0 7.7683680621656954
-0.019 0 13.370293950949783
-0.018500000000000003 0 22.553229525009311
-0.018000000000000002 0 37.286199657876949
-0.017500000000000002 0 60.419323754803976
-0.017000000000000001 0 95.96452092678274
-0.016500000000000001 0 149.40790281724099
-0.016 0 228.02780938485793
-0.0155 0 341.17675592622169
-0.015000000000000001 0 500.46918794322704
-0.014500000000000001 0 719.80299219605649
-0.014 0 1015.1353103132029
-0.0135 0 1403.9369249333129
-0.012999999999999999 0 1904.2684258058425
-0.012500000000000001 0 2533.4578842239407
-0.012 0 3306.4132579773418
-0.0115 0 4233.6686851410586
-0.010999999999999999 0 5319.3335218480179
-0.010499999999999999 0 6559.1743787621153
-0.010000000000000002 0 7939.0999390666047
-0.0095000000000000015 0 9434.3236238810168
-0.0090000000000000011 0 11009.442066449399
-0.0085000000000000006 0 12619.586539893131
-0.0080000000000000002 0 14212.686824839184
-0.0074999999999999997 0 15732.747193062731
-0.0069999999999999993 0 17123.892503153307
-0.0064999999999999988 0 18334.821057665053
-0.0059999999999999984 0 19323.219720600817
-0.0054999999999999979 0 20059.669548057402
-0.005000000000000001 0 20530.601959012634
-0.0044999999999999971 0 20739.952241946812
-0.0040000000000000001 0 20709.287101326627
-0.0035000000000000031 0 20476.338951565041
-0.0029999999999999992 0 20092.042684630109
-0.0025000000000000022 0 19616.322422881694
-0.0019999999999999983 0 19113.000959317655
-0.0015000000000000013 0 18644.291808179685
-0.00099999999999999742 0 18265.375990853569
-0.00050000000000000044 0 18019.560069561605
0 0 17934.459783047838
0.00050000000000000044 0 18019.560069561605
0.0010000000000000009 0 18265.375990853576
0.0015000000000000013 0 18644.291808179685
0.0020000000000000018 0 19113.000959317658
0.0024999999999999988 0 19616.322422881691
0.0030000000000000027 0 20092.042684630112
0.0034999999999999996 0 20476.338951565041
0.0040000000000000036 0 20709.287101326627
0.0045000000000000005 0 20739.952241946808
0.0049999999999999975 0 20530.601959012634
0.0055000000000000014 0 20059.669548057394
0.0059999999999999984 0 19323.219720600817
0.0064999999999999988 0 18334.821057665053
0.0069999999999999993 0 17123.892503153307
0.0074999999999999997 0 15732.747193062731
0.0080000000000000002 0 14212.686824839184
0.0085000000000000006 0 12619.586539893131
0.0090000000000000011 0 11009.442066449399
0.0095000000000000015 0 9434.3236238810168
0.010000000000000002 0 7939.0999390666057
0.010500000000000002 0 6559.1743787621053
0.011000000000000003 0 5319.3335218480097
0.011500000000000003 0 4233.6686851410523
0.012000000000000004 0 3306.4132579773354
0.012499999999999997 0 2533.4578842239466
0.013000000000000005 0 1904.2684258058371
0.013499999999999998 0 1403.9369249333149
0.014000000000000005 0 1015.1353103131995
0.014499999999999999 0 719.8029921960574
0.014999999999999999 0 500.46918794322767
0.0155 0 341.17675592622169
0.016000000000000007 0 228.02780938485665
0.016500000000000001 0 149.40790281724102
0.017000000000000001 0 95.964520926782725
0.017500000000000002 0 60.419323754803976
0.017999999999999995 0 37.286199657877248
0.018500000000000003 0 22.553229525009311
0.019000000000000003 0 13.370293950949735
0.019500000000000003 0 7.7683680621656608
0.019999999999999997 0 4.4234578381684324
0.020499999999999997 0 2.468455683706261
0.021000000000000005 0 1.3499245847256391
0.021500000000000005 0 0.72344406597362154
0.021999999999999999 0 0.37992973443403649
0.022499999999999999 0 0.1955226202830844
0.023000000000000007 0 0.098600584939146502
0.023500000000000007 0 0.048724213003820918
0.024 0 0.023593251495056203
0.024500000000000001 0 0.011194475136210589
0.025000000000000001 0 0.0052046140164878872
-0.025000000000000001 0.00050000000000000044 0.0051522836437058739
-0.024500000000000001 0.00050000000000000044 0.011082060634858759
-0.024 0.00050000000000000044 0.023356665842755812
-0.0235 0.00050000000000000044 0.048236407344077047
-0.023 0.00050000000000000044 0.097615232153706377
-0.022500000000000003 0.00050000000000000044 0.19357270174502983
-0.022000000000000002 0.00050000000000000044 0.37614954629812192
-0.021500000000000002 0.00050000000000000044 0.7162649002286039
-0.021000000000000001 0.00050000000000000044 1.3365682166222725
-0.020500000000000001 0.00050000000000000044 2.4441142875123028
-0.02 0.00050000000000000044 4.3800035512944548
-0.0195 0.00050000000000000044 7.6923817498087352
-0.019 0.00050000000000000044 13.240146028468553
-0.018500000000000003 0.00050000000000000044 22.334896501402135
-0.018000000000000002 0.00050000000000000044 36.927475671651294
-0.017500000000000002 0.00050000000000000044 59.842111495632999
-0.017000000000000001 0.00050000000000000044 95.054992009114926
-0.016500000000000001 0.00050000000000000044 148.00453747394468
-0.016 0.00050000000000000044 225.90768816646826
-0.0155 0.00050000000000000044 338.04099531486145
-0.015000000000000001 0.00050000000000000044 495.92907194815723
-0.014500000000000001 0.00050000000000000044 713.36909534300128
-0.014 0.00050000000000000044 1006.212624566112
-0.0135 0.00050000000000000044 1391.8295327181954
-0.012999999999999999 0.00050000000000000044 1888.1974042772997
-0.012500000000000001 0.00050000000000000044 2512.5956764670905
-0.012 0.00050000000000000044 3279.9365403925685
-0.0115 0.00050000000000000044 4200.8297312834138
-0.010999999999999999 0.00050000000000000044 5279.547300601701
-0.010499999999999999 0.00050000000000000044 6512.1154092394554
-0.010000000000000002 0.00050000000000000044 7884.7997275399557
-0.0095000000000000015 0.00050000000000000044 9373.2569426735135
-0.0090000000000000011 0.00050000000000000044 10942.58905485526
-0.0085000000000000006 0.00050000000000000044 12548.458166375318
-0.0080000000000000002 0.00050000000000000044 14139.30394809121
-0.0074999999999999997 0.00050000000000000044 15659.568216947016
-0.0069999999999999993 0.00050000000000000044 17053.690916567295
-0.0064999999999999988 0.00050000000000000044 18270.521061095205
-0.0059999999999999984 0.00050000000000000044 19267.704482343019
-0.0054999999999999979 0.00050000000000000044 20015.581190856592
-0.005000000000000001 0.00050000000000000044 20500.154179200246
-0.0044999999999999971 0.00050000000000000044 20724.775021757039
-0.0040000000000000001 0.00050000000000000044 20710.318444990789
-0.0035000000000000031 0.00050000000000000044 20493.771762793316
-0.0029999999999999992 0.00050000000000000044 20125.327117620443
-0.0025000000000000022 0.00050000000000000044 19664.216815798973
-0.0019999999999999983 0.00050000000000000044 19173.659207054432
-0.0015000000000000013 0.00050000000000000044 18715.372699092222
-0.00099999999999999742 0.00050000000000000044 18344.160878508093
-0.00050000000000000044 0.00050000000000000044 18103.068779166228
0 0.00050000000000000044 18019.559736407355
0.00050000000000000044 0.00050000000000000044 18103.068779166228
0.0010000000000000009 0.00050000000000000044 18344.160878508093
0.0015000000000000013 0.00050000000000000044 18715.372699092222
0.0020000000000000018 0.00050000000000000044 19173.659207054439
0.0024999999999999988 0.00050000000000000044 19664.216815798969
0.0030000000000000027 0.00050000000000000044 20125.327117620447
0.0034999999999999996 0.00050000000000000044 20493.771762793316
0.0040000000000000036 0.00050000000000000044 20710.318444990793
0.0045000000000000005 0.00050000000000000044 20724.775021757039
0.0049999999999999975 0.00050000000000000044 20500.15417920025
0.0055000000000000014 0.00050000000000000044 20015.581190856588
0.0059999999999999984 0.00050000000000000044 19267.704482343022
0.0064999999999999988 0.00050000000000000044 18270.521061095205
0.0069999999999999993 0.00050000000000000044 17053.690916567295
0.0074999999999999997 0.00050000000000000044 15659.568216947018
0.0080000000000000002 0.00050000000000000044 14139.30394809121
0.0085000000000000006 0.00050000000000000044 12548.458166375318
0.0090000000000000011 0.00050000000000000044 10942.58905485526
0.0095000000000000015 0.00050000000000000044 9373.2569426735154
0.010000000000000002 0.00050000000000000044 7884.7997275399557
0.010500000000000002 0.00050000000000000044 6512.1154092394472
0.011000000000000003 0.00050000000000000044 5279.5473006016928
0.011500000000000003 0.00050000000000000044 4200.8297312834075
0.012000000000000004 0.00050000000000000044 3279.9365403925622
0.012499999999999997 0.00050000000000000044 2512.5956764670946
0.013000000000000005 0.00050000000000000044 1888.1974042772945
0.013499999999999998 0.00050000000000000044 1391.8295327181972
0.014000000000000005 0.00050000000000000044 1006.212624566108
0.014499999999999999 0.00050000000000000044 713.36909534300219
0.014999999999999999 0.00050000000000000044 495.92907194815774
0.0155 0.00050000000000000044 338.04099531486145
0.016000000000000007 0.00050000000000000044 225.90768816646701
0.016500000000000001 0.00050000000000000044 148.00453747394468
0.017000000000000001 0.00050000000000000044 95.054992009114926
0.017500000000000002 0.00050000000000000044 59.842111495633006
0.017999999999999995 0.00050000000000000044 36.927475671651585
0.018500000000000003 0.00050000000000000044 22.334896501402135
0.019000000000000003 0.00050000000000000044 13.240146028468509
0.019500000000000003 0.00050000000000000044 7.6923817498087006
0.019999999999999997 0.00050000000000000044 4.3800035512944691
0.020499999999999997 0.00050000000000000044 2.4441142875123116
0.021000000000000005 0.00050000000000000044 1.3365682166222703
0.021500000000000005 0.00050000000000000044 0.71626490022860134
0.021999999999999999 0.00050000000000000044 0.37614954629812197
0.022499999999999999 0.00050000000000000044 0.19357270174502983
0.023000000000000007 0.00050000000000000044 0.097615232153705336
0.023500000000000007 0.00050000000000000044 0.048236407344076533
0.024 0.00050000000000000044 0.023356665842755812
0.024500000000000001 0.00050000000000000044 0.011082060634858759
0.025000000000000001 0.00050000000000000044 0.0051522836437058739
-0.025000000000000001 0.0010000000000000009 0.0049984503352636343
-0.024500000000000001 0.0010000000000000009 0.010751598310286513
-0.024 0.0010000000000000009 0.022661174888443679
-0.0235 0.0010000000000000009 0.04680239185285523
-0.023 0.0010000000000000009 0.094718534271267904
-0.022500000000000003 0.0010000000000000009 0.18784034835081756
-0.022000000000000002 0.0010000000000000009 0.36503643644083461
-0.021500000000000002 0.0010000000000000009 0.69515906039687458
-0.021000000000000001 0.0010000000000000009 1.297301519924656
-0.020500000000000001 0.0010000000000000009 2.3725510817167552
-0.02 0.0010000000000000009 4.2522460634437653
-0.0195 0.0010000000000000009 7.4689731862287276
-0.019 0.0010000000000000009 12.857485333229423
-0.018500000000000003 0.0010000000000000009 21.69293367716509
-0.018000000000000002 0.0010000000000000009 35.872684210250867
-0.017500000000000002 0.0010000000000000009 58.144807407579016
-0.017000000000000001 0.0010000000000000009 92.380378385835172
-0.016500000000000001 0.0010000000000000009 143.87749818447526
-0.016 0.0010000000000000009 219.6724191872807
-0.0155 0.0010000000000000009 328.81808689016725
-0.015000000000000001 0.0010000000000000009 482.57459416506231
-0.014500000000000001 0.0010000000000000009 694.44242457421763
-0.014 0.0010000000000000009 979.96185768406713
-0.0135 0.0010000000000000009 1356.20489673317
-0.012999999999999999 0.0010000000000000009 1840.9034963840415
-0.012500000000000001 0.0010000000000000009 2451.1920590155055
-0.012 0.0010000000000000009 3201.9926831245302
-0.0115 0.0010000000000000009 4104.1343456742798
-0.010999999999999999 0.0010000000000000009 5162.3640081888316
-0.010499999999999999 0.0010000000000000009 6373.4672482026772
-0.010000000000000002 0.0010000000000000009 7724.7556114554609
-0.0095000000000000015 0.0010000000000000009 9193.1856407229789
-0.0090000000000000011 0.0010000000000000009 10745.342482119984
-0.0085000000000000006 0.0010000000000000009 12338.447381420647
-0.0080000000000000002 0.0010000000000000009 13922.439136281699
-0.0074999999999999997 0.0010000000000000009 15443.047861422026
-0.0069999999999999993 0.0010000000000000009 16845.643803410083
-0.0064999999999999988 0.0010000000000000009 18079.52502671842
-0.0059999999999999984 0.0010000000000000009 19102.224421301245
-0.0054999999999999979 0.0010000000000000009 19883.382243639775
-0.005000000000000001 0.0010000000000000009 20407.751358008161
-0.0044999999999999971 0.0010000000000000009 20676.976377227522
-0.0040000000000000001 0.0010000000000000009 20709.905671499
-0.0035000000000000031 0.0010000000000000009 20541.342235377433
-0.0029999999999999992 0.0010000000000000009 20219.298579298633
-0.0025000000000000022 0.0010000000000000009 19800.9747782632
-0.0019999999999999983 0.0010000000000000009 19347.811713034418
-0.0015000000000000013 0.0010000000000000009 18920.070201326289
-0.00099999999999999742 0.0010000000000000009 18571.441381171342
-0.00050000000000000044 0.0010000000000000009 18344.198620333849
0 0.0010000000000000009 18265.35517858274
0.00050000000000000044 0.0010000000000000009 18344.198620333849
0.0010000000000000009 0.0010000000000000009 18571.441381171346
0.0015000000000000013 0.0010000000000000009 18920.070201326293
0.0020000000000000018 0.0010000000000000009 19347.811713034425
0.0024999999999999988 0.0010000000000000009 19800.974778263197
0.0030000000000000027 0.0010000000000000009 20219.298579298636
0.0034999999999999996 0.0010000000000000009 20541.342235377433
0.0040000000000000036 0.0010000000000000009 20709.905671499004
0.0045000000000000005 0.0010000000000000009 20676.976377227522
0.0049999999999999975 0.0010000000000000009 20407.751358008169
0.0055000000000000014 0.0010000000000000009 19883.382243639771
0.0059999999999999984 0.0010000000000000009 19102.224421301249
0.0064999999999999988 0.0010000000000000009 18079.52502671842
0.0069999999999999993 0.0010000000000000009 16845.643803410083
0.0074999999999999997 0.0010000000000000009 15443.047861422026
0.0080000000000000002 0.0010000000000000009 13922.439136281699
0.0085000000000000006 0.0010000000000000009 12338.447381420649
0.0090000000000000011 0.0010000000000000009 10745.342482119986
0.0095000000000000015 0.0010000000000000009 9193.185640722977
0.010000000000000002 0.0010000000000000009 7724.7556114554618
0.010500000000000002 0.0010000000000000009 6373.467248202669
0.011000000000000003 0.0010000000000000009 5162.3640081888234
0.011500000000000003 0.0010000000000000009 4104.1343456742734
0.012000000000000004 0.0010000000000000009 3201.9926831245239
0.012499999999999997 0.0010000000000000009 2451.19205901551
0.013000000000000005 0.0010000000000000009 1840.9034963840361
0.013499999999999998 0.0010000000000000009 1356.2048967331709
0.014000000000000005 0.0010000000000000009 979.96185768406326
0.014499999999999999 0.0010000000000000009 694.44242457421865
0.014999999999999999 0.0010000000000000009 482.57459416506271
0.0155 0.0010000000000000009 328.81808689016725
0.016000000000000007 0.0010000000000000009 219.6724191872795
0.016500000000000001 0.0010000000000000009 143.87749818447526
0.017000000000000001 0.0010000000000000009 92.380378385835172
0.017500000000000002 0.0010000000000000009 58.144807407579016
0.017999999999999995 0.0010000000000000009 35.872684210251158
0.018500000000000003 0.0010000000000000009 21.69293367716509
0.019000000000000003 0.0010000000000000009 12.857485333229379
0.019500000000000003 0.0010000000000000009 7.4689731862286939
0.019999999999999997 0.0010000000000000009 4.2522460634437813
0.020499999999999997 0.0010000000000000009 2.3725510817167597
0.021000000000000005 0.0010000000000000009 1.2973015199246514
0.021500000000000005 0.0010000000000000009 0.69515906039687203
0.021999999999999999 0.0010000000000000009 0.36503643644083467
0.022499999999999999 0.0010000000000000009 0.18784034835081759
0.023000000000000007 0.0010000000000000009 0.094718534271266877
0.023500000000000007 0.0010000000000000009 0.04680239185285473
0.024 0.0010000000000000009 0.022661174888443679
0.024500000000000001 0.0010000000000000009 0.010751598310286513
0.025000000000000001 0.0010000000000000009 0.0049984503352636343
-0.025000000000000001 0.0015000000000000013 0.004752270819474126
-0.024500000000000001 0.0015000000000000013 0.010222751488073653
-0.024 0.0015000000000000013 0.021548145350233097
-0.0235 0.0015000000000000013 0.044507420521845212
-0.023 0.0015000000000000013 0.090082614315316223
-0.022500000000000003 0.0015000000000000013 0.17866597895158307
-0.022000000000000002 0.0015000000000000013 0.34724992343215799
-0.021500000000000002 0.0015000000000000013 0.66137814787252314
-0.021000000000000001 0.0015000000000000013 1.2344510617051874
-0.020500000000000001 0.0015000000000000013 2.2580020908786547
-0.02 0.0015000000000000013 4.0477393417558867
-0.0195 0.0015000000000000013 7.1113353541057105
-0.019 0.0015000000000000013 12.244876922707615
-0.018500000000000003 0.0015000000000000013 20.665135317551794
-0.018000000000000002 0.0015000000000000013 34.183808958669061
-0.017500000000000002 0.0015000000000000013 55.426940961741231
-0.017000000000000001 0.0015000000000000013 88.097140110616778
-0.016500000000000001 0.0015000000000000013 137.2675426073352
-0.016 0.0015000000000000013 209.68459620561444
-0.0155 0.0015000000000000013 314.04241341539563
-0.015000000000000001 0.0015000000000000013 461.17628934168977
-0.014500000000000001 0.0015000000000000013 664.10975611596928
-0.014 0.0015000000000000013 937.88192713313958
-0.0135 0.0015000000000000013 1299.0840018992678
-0.012999999999999999 0.0015000000000000013 1765.0494166856565
-0.012500000000000001 0.0015000000000000013 2352.6735483286584
-0.012 0.0015000000000000013 3076.8858503168658
-0.0115 0.0015000000000000013 3948.8561421214517
-0.010999999999999999 0.0015000000000000013 4974.080133116965
-0.010499999999999999 0.0015000000000000013 6150.546729330933
-0.010000000000000002 0.0015000000000000013 7467.2293177619486
-0.0095000000000000015 0.0015000000000000013 8903.1538994207494
-0.0090000000000000011 0.0015000000000000013 10427.27086038452
-0.0085000000000000006 0.0015000000000000013 11999.292149640909
-0.0080000000000000002 0.0015000000000000013 13571.556371248451
-0.0074999999999999997 0.0015000000000000013 15091.862222898988
-0.0069999999999999993 0.0015000000000000013 16507.08232141615
-0.0064999999999999988 0.0015000000000000013 17767.253481683441
-0.0059999999999999984 0.0015000000000000013 18829.753577916836
-0.0054999999999999979 0.0015000000000000013 19663.132655629859
-0.005000000000000001 0.0015000000000000013 20250.174148784616
-0.0044999999999999971 0.0015000000000000013 20589.821027443162
-0.0040000000000000001 0.0015000000000000013 20697.705085615147
-0.0035000000000000031 0.0015000000000000013 20605.153919119941
-0.0029999999999999992 0.0015000000000000013 20356.704690442937
-0.0025000000000000022 0.0015000000000000013 20006.310218687406
-0.0019999999999999983 0.0015000000000000013 19612.564844824687
-0.0015000000000000013 0.0015000000000000013 19233.389611864979
-0.00099999999999999742 0.0015000000000000013 18920.685623220004
-0.00050000000000000044 0.0015000000000000013 18715.481758651116
0 0.0015000000000000013 18644.064113810884
0.00050000000000000044 0.0015000000000000013 18715.481758651116
0.0010000000000000009 0.0015000000000000013 18920.685623220008
0.0015000000000000013 0.0015000000000000013 19233.389611864979
0.0020000000000000018 0.0015000000000000013 19612.564844824687
0.0024999999999999988 0.0015000000000000013 20006.310218687402
0.0030000000000000027 0.0015000000000000013 20356.704690442941
0.0034999999999999996 0.0015000000000000013 20605.153919119941
0.0040000000000000036 0.0015000000000000013 20697.705085615151
0.0045000000000000005 0.0015000000000000013 20589.821027443162
0.0049999999999999975 0.0015000000000000013 20250.174148784619
0.0055000000000000014 0.0015000000000000013 19663.132655629855
0.0059999999999999984 0.0015000000000000013 18829.753577916839
0.0064999999999999988 0.0015000000000000013 17767.253481683445
0.0069999999999999993 0.0015000000000000013 16507.08232141615
0.0074999999999999997 0.0015000000000000013 15091.86222289899
0.0080000000000000002 0.0015000000000000013 13571.556371248453
0.0085000000000000006 0.0015000000000000013 11999.292149640909
0.0090000000000000011 0.0015000000000000013 10427.27086038452
0.0095000000000000015 0.0015000000000000013 8903.1538994207494
0.010000000000000002 0.0015000000000000013 7467.2293177619495
0.010500000000000002 0.0015000000000000013 6150.5467293309248
0.011000000000000003 0.0015000000000000013 4974.0801331169569
0.011500000000000003 0.0015000000000000013 3948.8561421214449
0.012000000000000004 0.0015000000000000013 3076.8858503168599
0.012499999999999997 0.0015000000000000013 2352.673548328662
0.013000000000000005 0.0015000000000000013 1765.0494166856511
0.013499999999999998 0.0015000000000000013 1299.0840018992699
0.014000000000000005 0.0015000000000000013 937.88192713313617
0.014499999999999999 0.0015000000000000013 664.10975611597019
0.014999999999999999 0.0015000000000000013 461.17628934169045
0.0155 0.0015000000000000013 314.04241341539563
0.016000000000000007 0.0015000000000000013 209.68459620561333
0.016500000000000001 0.0015000000000000013 137.2675426073352
0.017000000000000001 0.0015000000000000013 88.097140110616778
0.017500000000000002 0.0015000000000000013 55.426940961741231
0.017999999999999995 0.0015000000000000013 34.183808958669339
0.018500000000000003 0.0015000000000000013 20.665135317551794
0.019000000000000003 0.0015000000000000013 12.244876922707574
0.019500000000000003 0.0015000000000000013 7.1113353541056794
0.019999999999999997 0.0015000000000000013 4.047739341755908
0.020499999999999997 0.0015000000000000013 2.2580020908786627
0.021000000000000005 0.0015000000000000013 1.2344510617051832
0.021500000000000005 0.0015000000000000013 0.66137814787251958
0.021999999999999999 0.0015000000000000013 0.34724992343215805
0.022499999999999999 0.0015000000000000013 0.17866597895158309
0.023000000000000007 0.0015000000000000013 0.090082614315315113
0.023500000000000007 0.0015000000000000013 0.044507420521844726
0.024 0.0015000000000000013 0.021548145350233097
0.024500000000000001 0.0015000000000000013 0.010222751488073653
0.025000000000000001 0.0015000000000000013 0.004752270819474126
-0.025000000000000001 0.0020000000000000018 0.0044279948887716025
-0.024500000000000001 0.0020000000000000018 0.0095261200805740777
-0.024 0.0020000000000000018 0.020081950949827766
-0.0235 0.0020000000000000018 0.041484161252307347
-0.023 0.0020000000000000018 0.083975316846820802
-0.022500000000000003 0.0020000000000000018 0.16657931702592785
-0.022000000000000002 0.0020000000000000018 0.32381625756934307
-0.021500000000000002 0.0020000000000000018 0.61686968159641253
-0.021000000000000001 0.0020000000000000018 1.1516369303504197
-0.020500000000000001 0.0020000000000000018 2.1070582703235377
-0.02 0.0020000000000000018 3.7782364045497872
-0.0195 0.0020000000000000018 6.6399940295173083
-0.019 0.0020000000000000018 11.437426109525736
-0.018500000000000003 0.0020000000000000018 19.310296271689904
-0.018000000000000002 0.0020000000000000018 31.957269328031963
-0.017500000000000002 0.0020000000000000018 51.843325619511177
-0.017000000000000001 0.0020000000000000018 82.448624229858154
-0.016500000000000001 0.0020000000000000018 128.54909435423531
-0.016 0.0020000000000000018 196.50806202997495
-0.0155 0.0020000000000000018 294.54485401703306
-0.015000000000000001 0.0020000000000000018 432.93204813786821
-0.014500000000000001 0.0020000000000000018 624.06034408317828
-0.014 0.0020000000000000018 882.30227007864221
-0.0135 0.0020000000000000018 1223.6069302463811
-0.012999999999999999 0.0020000000000000018 1664.7712599430995
-0.012500000000000001 0.0020000000000000018 2222.3610580359782
-0.012 0.0020000000000000018 2911.2973952059733
-0.0115 0.0020000000000000018 3743.1777780409807
-0.010999999999999999 0.0020000000000000018 4724.4602716420695
-0.010499999999999999 0.0020000000000000018 5854.6934057428598
-0.010000000000000002 0.0020000000000000018 7125.014356529352
-0.0095000000000000015 0.0020000000000000018 8517.1523334090471
-0.0090000000000000011 0.0020000000000000018 10003.155779218954
-0.0085000000000000006 0.0020000000000000018 11546.008137261239
-0.0080000000000000002 0.0020000000000000018 13101.210718317865
-0.0074999999999999997 0.0020000000000000018 14619.301738175922
-0.0069999999999999993 0.0020000000000000018 16049.161713354113
-0.0064999999999999988 0.0020000000000000018 17341.843373584961
-0.0059999999999999984 0.0020000000000000018 18454.575094214695
-0.0054999999999999979 0.0020000000000000018 19354.533801709054
-0.005000000000000001 0.0020000000000000018 20021.974958016574
-0.0044999999999999971 0.0020000000000000018 20452.346638504896
-0.0040000000000000001 0.0020000000000000018 20657.099363233232
-0.0035000000000000031 0.0020000000000000018 20663.025695371569
-0.0029999999999999992 0.0020000000000000018 20510.111991855796
-0.0025000000000000022 0.0020000000000000018 20248.044147690751
-0.0019999999999999983 0.0020000000000000018 19931.662576141309
-0.0015000000000000013 0.0020000000000000018 19615.79099817506
-0.00099999999999999742 0.0020000000000000018 19349.951824993219
-0.00050000000000000044 0.0020000000000000018 19173.514265285175
0 0.0020000000000000018 19111.791882991005
0.00050000000000000044 0.0020000000000000018 19173.514265285175
0.0010000000000000009 0.0020000000000000018 19349.951824993223
0.0015000000000000013 0.0020000000000000018 19615.79099817506
0.0020000000000000018 0.0020000000000000018 19931.662576141312
0.0024999999999999988 0.0020000000000000018 20248.044147690751
0.0030000000000000027 0.0020000000000000018 20510.1119918558
0.0034999999999999996 0.0020000000000000018 20663.025695371569
0.0040000000000000036 0.0020000000000000018 20657.099363233232
0.0045000000000000005 0.0020000000000000018 20452.346638504896
0.0049999999999999975 0.0020000000000000018 20021.974958016581
0.0055000000000000014 0.0020000000000000018 19354.533801709054
0.0059999999999999984 0.0020000000000000018 18454.575094214699
0.0064999999999999988 0.0020000000000000018 17341.843373584965
0.0069999999999999993 0.0020000000000000018 16049.161713354115
0.0074999999999999997 0.0020000000000000018 14619.301738175924
0.0080000000000000002 0.0020000000000000018 13101.210718317867
0.0085000000000000006 0.0020000000000000018 11546.008137261239
0.0090000000000000011 0.0020000000000000018 10003.155779218954
0.0095000000000000015 0.0020000000000000018 8517.1523334090489
0.010000000000000002 0.0020000000000000018 7125.0143565293511
0.010500000000000002 0.0020000000000000018 5854.6934057428534
0.011000000000000003 0.0020000000000000018 4724.4602716420613
0.011500000000000003 0.0020000000000000018 3743.1777780409748
0.012000000000000004 0.0020000000000000018 2911.2973952059679
0.012499999999999997 0.0020000000000000018 2222.3610580359828
0.013000000000000005 0.0020000000000000018 1664.7712599430952
0.013499999999999998 0.0020000000000000018 1223.6069302463823
0.014000000000000005 0.0020000000000000018 882.3022700786388
0.014499999999999999 0.0020000000000000018 624.06034408317919
0.014999999999999999 0.0020000000000000018 432.93204813786866
0.0155 0.0020000000000000018 294.54485401703312
0.016000000000000007 0.0020000000000000018 196.50806202997393
0.016500000000000001 0.0020000000000000018 128.54909435423531
0.017000000000000001 0.0020000000000000018 82.448624229858169
0.017500000000000002 0.0020000000000000018 51.843325619511184
0.017999999999999995 0.0020000000000000018 31.957269328032222
0.018500000000000003 0.0020000000000000018 19.310296271689904
0.019000000000000003 0.0020000000000000018 11.437426109525695
0.019500000000000003 0.0020000000000000018 6.639994029517279
0.019999999999999997 0.0020000000000000018 3.7782364045498014
0.020499999999999997 0.0020000000000000018 2.1070582703235452
0.021000000000000005 0.0020000000000000018 1.1516369303504157
0.021500000000000005 0.0020000000000000018 0.61686968159641031
0.021999999999999999 0.0020000000000000018 0.32381625756934312
0.022499999999999999 0.0020000000000000018 0.16657931702592788
0.023000000000000007 0.0020000000000000018 0.0839753168468199
0.023500000000000007 0.0020000000000000018 0.041484161252306903
0.024 0.0020000000000000018 0.020081950949827766
0.024500000000000001 0.0020000000000000018 0.0095261200805740777
0.025000000000000001 0.0020000000000000018 0.0044279948887716025
-0.025000000000000001 0.0024999999999999988 0.0040435952426414309
-0.024500000000000001 0.0024999999999999988 0.0087002979372419655
-0.024 0.0024999999999999988 0.01834378098117459
-0.0235 0.0024999999999999988 0.037899933792062628
-0.023 0.0024999999999999988 0.076734437626164928
-0.022500000000000003 0.0024999999999999988 0.15224841303536349
-0.022000000000000002 0.0024999999999999988 0.29602963619398964
-0.021500000000000002 0.0024999999999999988 0.56408958218848571
-0.021000000000000001 0.0024999999999999988 1.0534240678220357
-0.020500000000000001 0.0024999999999999988 1.9280304739485012
-0.02 0.0024999999999999988 3.4585564704650307
-0.0195 0.0024999999999999988 6.0808284297577915
-0.019 0.0024999999999999988 10.479391390937593
-0.018500000000000003 0.0024999999999999988 17.70253586746832
-0.018000000000000002 0.0024999999999999988 29.314605688134957
-0.017500000000000002 0.0024999999999999988 47.589091138258738
-0.017000000000000001 0.0024999999999999988 75.741516472214997
-0.016500000000000001 0.0024999999999999988 118.19397353364801
-0.016 0.0024999999999999988 180.8532263221839
-0.0155 0.0024999999999999988 271.37209544825078
-0.015000000000000001 0.0024999999999999988 399.3506053305905
-0.014500000000000001 0.0024999999999999988 576.42131959414712
-0.014 0.0024999999999999988 816.15538627032947
-0.0135 0.0024999999999999988 1133.7254971624802
-0.012999999999999999 0.0024999999999999988 1545.2724802540595
-0.012500000000000001 0.0024999999999999988 2066.9457999797323
-0.012 0.0024999999999999988 2713.6251127800433
-0.0115 0.0024999999999999988 3497.3778390985185
-0.010999999999999999 0.0024999999999999988 4425.7611638951885
-0.010499999999999999 0.0024999999999999988 5500.1280944514301
-0.010000000000000002 0.0024999999999999988 6714.1368110209432
-0.0095000000000000015 0.0024999999999999988 8052.6813009886673
-0.0090000000000000011 0.0024999999999999988 9491.4519601750781
-0.0085000000000000006 0.0024999999999999988 10997.294015773603
-0.0080000000000000002 0.0024999999999999988 12529.46066883268
-0.0074999999999999997 0.0024999999999999988 14041.763209495142
-0.0069999999999999993 0.0024999999999999988 15485.512723781078
-0.0064999999999999988 0.0024999999999999988 16813.040781534877
-0.0059999999999999984 0.0024999999999999988 17981.493808283063
-0.0054999999999999979 0.0024999999999999988 18956.530661175126
-0.005000000000000001 0.0024999999999999988 19715.525480383621
-0.0044999999999999971 0.0024999999999999988 20249.894591583423
-0.0040000000000000001 0.0024999999999999988 20566.229030438928
-0.0035000000000000031 0.0024999999999999988 20686.020180746767
-0.0029999999999999992 0.0024999999999999988 20643.906932071051
-0.0025000000000000022 0.0024999999999999988 20484.535366763532
-0.0019999999999999983 0.0024999999999999988 20258.288346310565
-0.0015000000000000013 0.0024999999999999988 20016.291361091528
-0.00099999999999999742 0.0024999999999999988 19805.210870928015
-0.00050000000000000044 0.0024999999999999988 19662.413179419058
0 0.0024999999999999988 19612.033420405765
0.00050000000000000044 0.0024999999999999988 19662.413179419054
0.0010000000000000009 0.0024999999999999988 19805.210870928015
0.0015000000000000013 0.0024999999999999988 20016.291361091531
0.0020000000000000018 0.0024999999999999988 20258.288346310565
0.0024999999999999988 0.0024999999999999988 20484.535366763532
0.0030000000000000027 0.0024999999999999988 20643.906932071055
0.0034999999999999996 0.0024999999999999988 20686.020180746767
0.0040000000000000036 0.0024999999999999988 20566.229030438928
0.0045000000000000005 0.0024999999999999988 20249.894591583423
0.0049999999999999975 0.0024999999999999988 19715.525480383629
0.0055000000000000014 0.0024999999999999988 18956.530661175126
0.0059999999999999984 0.0024999999999999988 17981.493808283067
0.0064999999999999988 0.0024999999999999988 16813.040781534881
0.0069999999999999993 0.0024999999999999988 15485.512723781079
0.0074999999999999997 0.0024999999999999988 14041.763209495142
0.0080000000000000002 0.0024999999999999988 12529.460668832682
0.0085000000000000006 0.0024999999999999988 10997.294015773607
0.0090000000000000011 0.0024999999999999988 9491.4519601750799
0.0095000000000000015 0.0024999999999999988 8052.6813009886673
0.010000000000000002 0.0024999999999999988 6714.1368110209442
0.010500000000000002 0.0024999999999999988 5500.1280944514219
0.011000000000000003 0.0024999999999999988 4425.7611638951812
0.011500000000000003 0.0024999999999999988 3497.3778390985121
0.012000000000000004 0.0024999999999999988 2713.6251127800383
0.012499999999999997 0.0024999999999999988 2066.945799979736
0.013000000000000005 0.0024999999999999988 1545.2724802540547
0.013499999999999998 0.0024999999999999988 1133.7254971624814
0.014000000000000005 0.0024999999999999988 816.15538627032629
0.014499999999999999 0.0024999999999999988 576.42131959414769
0.014999999999999999 0.0024999999999999988 399.35060533059089
0.0155 0.0024999999999999988 271.37209544825083
0.016000000000000007 0.0024999999999999988 180.85322632218279
0.016500000000000001 0.0024999999999999988 118.19397353364802
0.017000000000000001 0.0024999999999999988 75.741516472214997
0.017500000000000002 0.0024999999999999988 47.589091138258738
0.017999999999999995 0.0024999999999999988 29.314605688135163
0.018500000000000003 0.0024999999999999988 17.70253586746832
0.019000000000000003 0.0024999999999999988 10.479391390937556
0.019500000000000003 0.0024999999999999988 6.0808284297577657
0.019999999999999997 0.0024999999999999988 3.4585564704650436
0.020499999999999997 0.0024999999999999988 1.9280304739485083
0.021000000000000005 0.0024999999999999988 1.0534240678220321
0.021500000000000005 0.0024999999999999988 0.56408958218848371
0.021999999999999999 0.0024999999999999988 0.29602963619398964
0.022499999999999999 0.0024999999999999988 0.15224841303536324
0.023000000000000007 0.0024999999999999988 0.076734437626164109
0.023500000000000007 0.0024999999999999988 0.037899933792062156
0.024 0.0024999999999999988 0.018343780981174524
0.024500000000000001 0.0024999999999999988 0.008700297937241936
0.025000000000000001 0.0024999999999999988 0.0040435952426414162
-0.025000000000000001 0.0030000000000000027 0.0036191164907952429
-0.024500000000000001 0.0030000000000000027 0.0077883272731307795
-0.024 0.0030000000000000027 0.016424180860348286
-0.0235 0.0030000000000000027 0.033941335254636718
-0.023 0.0030000000000000027 0.068736680969789604
-0.022500000000000003 0.0030000000000000027 0.13641824392952884
-0.022000000000000002 0.0030000000000000027 0.26533323600643488
-0.021500000000000002 0.0030000000000000027 0.50577637522615404
-0.021000000000000001 0.0030000000000000027 0.94490248795967535
-0.020500000000000001 0.0030000000000000027 1.730185037134262
-0.02 0.0030000000000000027 3.1052215695225986
-0.0195 0.0030000000000000027 5.4626896043974806
-0.019 0.0030000000000000027 9.4201101002498309
-0.018500000000000003 0.0030000000000000027 15.924472086958225
-0.018000000000000002 0.0030000000000000027 26.39128165584415
-0.017500000000000002 0.0030000000000000027 42.881697190729398
-0.017000000000000001 0.0030000000000000027 68.317556258403172
-0.016500000000000001 0.0030000000000000027 106.72785391812909
-0.016 0.0030000000000000027 163.51145585730984
-0.0155 0.0030000000000000027 245.68988365820579
-0.015000000000000001 0.0030000000000000027 362.11194640813238
-0.014500000000000001 0.0030000000000000027 523.5606579660265
-0.014 0.0030000000000000027 742.70484684593612
-0.0135 0.0030000000000000027 1033.8361530711236
-0.012999999999999999 0.0030000000000000027 1412.339648610561
-0.012500000000000001 0.0030000000000000027 1893.8652569036444
-0.012 0.0030000000000000027 2493.1980624670241
-0.0115 0.0030000000000000027 3222.8668768073967
-0.010999999999999999 0.0030000000000000027 4091.577955965136
-0.010499999999999999 0.0030000000000000027 5102.6081690119217
-0.010000000000000002 0.0030000000000000027 6252.3313251257041
-0.0095000000000000015 0.0030000000000000027 7529.0746732314319
-0.0090000000000000011 0.0030000000000000027 8912.5029455780277
-0.0085000000000000006 0.0030000000000000027 10373.700546301348
-0.0080000000000000002 0.0030000000000000027 11876.068081576326
-0.0074999999999999997 0.0030000000000000027 13377.070939128324
-0.0069999999999999993 0.0030000000000000027 14830.782375520737
-0.0064999999999999988 0.0030000000000000027 16191.061832751308
-0.0059999999999999984 0.0030000000000000027 17415.113058140942
-0.0054999999999999979 0.0030000000000000027 18467.08867327293
-0.005000000000000001 0.0030000000000000027 19321.360068224156
-0.0044999999999999971 0.0030000000000000027 19965.063880662528
-0.0040000000000000001 0.0030000000000000027 20399.575551650054
-0.0035000000000000031 0.0030000000000000027 20640.648450337005
-0.0029999999999999992 0.0030000000000000027 20717.089528091768
-0.0025000000000000022 0.0030000000000000027 20668.007880818488
-0.0019999999999999983 0.0030000000000000027 20538.852245208862
-0.0015000000000000013 0.0030000000000000027 20376.622958798889
-0.00099999999999999742 0.0030000000000000027 20224.776545783403
-0.00050000000000000044 0.0030000000000000027 20118.412467422713
0 0.0030000000000000027 20080.324866466715
0.00050000000000000044 0.0030000000000000027 20118.412467422713
0.0010000000000000009 0.0030000000000000027 20224.776545783399
0.0015000000000000013 0.0030000000000000027 20376.622958798889
0.0020000000000000018 0.0030000000000000027 20538.852245208862
0.0024999999999999988 0.0030000000000000027 20668.007880818488
0.0030000000000000027 0.0030000000000000027 20717.089528091768
0.0034999999999999996 0.0030000000000000027 20640.648450337005
0.0040000000000000036 0.0030000000000000027 20399.575551650054
0.0045000000000000005 0.0030000000000000027 19965.063880662528
0.0049999999999999975 0.0030000000000000027 19321.360068224163
0.0055000000000000014 0.0030000000000000027 18467.088673272927
0.0059999999999999984 0.0030000000000000027 17415.113058140945
0.0064999999999999988 0.0030000000000000027 16191.061832751309
0.0069999999999999993 0.0030000000000000027 14830.782375520741
0.0074999999999999997 0.0030000000000000027 13377.070939128325
0.0080000000000000002 0.0030000000000000027 11876.068081576326
0.0085000000000000006 0.0030000000000000027 10373.70054630135
0.0090000000000000011 0.0030000000000000027 8912.5029455780277
0.0095000000000000015 0.0030000000000000027 7529.0746732314328
0.010000000000000002 0.0030000000000000027 6252.331325125705
0.010500000000000002 0.0030000000000000027 5102.6081690119145
0.011000000000000003 0.0030000000000000027 4091.5779559651296
0.011500000000000003 0.0030000000000000027 3222.8668768073921
0.012000000000000004 0.0030000000000000027 2493.1980624670196
0.012499999999999997 0.0030000000000000027 1893.8652569036478
0.013000000000000005 0.0030000000000000027 1412.3396486105573
0.013499999999999998 0.0030000000000000027 1033.8361530711247
0.014000000000000005 0.0030000000000000027 742.70484684593328
0.014499999999999999 0.0030000000000000027 523.56065796602707
0.014999999999999999 0.0030000000000000027 362.11194640813284
0.0155 0.0030000000000000027 245.68988365820582
0.016000000000000007 0.0030000000000000027 163.51145585730882
0.016500000000000001 0.0030000000000000027 106.7278539181291
0.017000000000000001 0.0030000000000000027 68.317556258403158
0.017500000000000002 0.0030000000000000027 42.881697190729405
0.017999999999999995 0.0030000000000000027 26.391281655844363
0.018500000000000003 0.0030000000000000027 15.924472086958211
0.019000000000000003 0.0030000000000000027 9.42011010024979
0.019500000000000003 0.0030000000000000027 5.4626896043974522
0.019999999999999997 0.0030000000000000027 3.1052215695226093
0.020499999999999997 0.0030000000000000027 1.7301850371342682
0.021000000000000005 0.0030000000000000027 0.94490248795967025
0.021500000000000005 0.0030000000000000027 0.50577637522615138
0.021999999999999999 0.0030000000000000027 0.26533323600643494
0.022499999999999999 0.0030000000000000027 0.13641824392952887
0.023000000000000007 0.0030000000000000027 0.068736680969788869
0.023500000000000007 0.0030000000000000027 0.033941335254636294
0.024 0.0030000000000000027 0.016424180860348286
0.024500000000000001 0.0030000000000000027 0.0077883272731307795
0.025000000000000001 0.0030000000000000027 0.0036191164907952429
-0.025000000000000001 0.0034999999999999996 0.0031749540172931268
-0.024500000000000001 0.0034999999999999996 0.0068340028163251174
-0.024 0.0034999999999999996 0.014415277324321862
-0.0235 0.0034999999999999996 0.029798217595620593
-0.023 0.0034999999999999996 0.060365313034308185
-0.022500000000000003 0.0034999999999999996 0.11984674312230412
-0.022000000000000002 0.0034999999999999996 0.23319528838314904
-0.021500000000000002 0.0034999999999999996 0.44471603291680972
-0.021000000000000001 0.0034999999999999996 0.83125018887425262
-0.020500000000000001 0.0034999999999999996 1.522948049318787
-0.02 0.0034999999999999996 2.7350377226921867
-0.0195 0.0034999999999999996 4.8149228168332696
-0.019 0.0034999999999999996 8.3097614065867695
-0.018500000000000003 0.0034999999999999996 14.060126298255597
-0.018000000000000002 0.0034999999999999996 23.325050071657067
-0.017500000000000002 0.0034999999999999996 37.942256632108645
-0.017000000000000001 0.0034999999999999996 60.524184928153474
-0.016500000000000001 0.0034999999999999996 94.68511113273911
-0.016 0.0034999999999999996 145.28709795477056
-0.0155 0.0034999999999999996 218.68288292314099
-0.015000000000000001 0.0034999999999999996 322.92298207438768
-0.014500000000000001 0.0034999999999999996 467.88373249947443
-0.014 0.0034999999999999996 665.26487612345409
-0.0135 0.0034999999999999996 928.4021825881839
-0.012999999999999999 0.0034999999999999996 1271.8451304462649
-0.012500000000000001 0.0034999999999999996 1710.6638759441059
-0.012 0.0034999999999999996 2259.4745203701214
-0.0115 0.0034999999999999996 2931.2061929632623
-0.010999999999999999 0.0034999999999999996 3735.6748138906919
-0.010499999999999999 0.0034999999999999996 4678.0717416735333
-0.010000000000000002 0.0034999999999999996 5757.5145211196777
-0.0095000000000000015 0.0034999999999999996 6965.834705355328
-0.0090000000000000011 0.0034999999999999996 8286.7877809249785
-0.0085000000000000006 0.0034999999999999996 9695.8576990095025
-0.0080000000000000002 0.0034999999999999996 11160.790996626003
-0.0074999999999999997 0.0034999999999999996 12642.933611035438
-0.0069999999999999993 0.0034999999999999996 14099.361148790833
-0.0064999999999999988 0.0034999999999999996 15485.69765600722
-0.0059999999999999984 0.0034999999999999996 16759.418797188093
-0.0054999999999999979 0.0034999999999999996 17883.345019783184
-0.005000000000000001 0.0034999999999999996 18828.962356323696
-0.0044999999999999971 0.0034999999999999996 19579.176527522897
-0.0040000000000000001 0.0034999999999999996 20130.121396158647
-0.0035000000000000031 0.0034999999999999996 20491.712395091567
-0.0029999999999999992 0.0034999999999999996 20686.758880788519
-0.0025000000000000022 0.0034999999999999996 20748.616777730076
-0.0019999999999999983 0.0034999999999999996 20717.554961728438
-0.0015000000000000013 0.0034999999999999996 20636.198070250713
-0.00099999999999999742 0.0034999999999999996 20544.563247651458
-0.00050000000000000044 0.0034999999999999996 20475.298985417441
0 0.0034999999999999996 20449.739340006232
0.00050000000000000044 0.0034999999999999996 20475.298985417441
0.0010000000000000009 0.0034999999999999996 20544.563247651458
0.0015000000000000013 0.0034999999999999996 20636.198070250713
0.0020000000000000018 0.0034999999999999996 20717.554961728438
0.0024999999999999988 0.0034999999999999996 20748.616777730076
0.0030000000000000027 0.0034999999999999996 20686.758880788519
0.0034999999999999996 0.0034999999999999996 20491.71239509157
0.0040000000000000036 0.0034999999999999996 20130.121396158647
0.0045000000000000005 0.0034999999999999996 19579.176527522897
0.0049999999999999975 0.0034999999999999996 18828.962356323707
0.0055000000000000014 0.0034999999999999996 17883.345019783181
0.0059999999999999984 0.0034999999999999996 16759.418797188097
0.0064999999999999988 0.0034999999999999996 15485.697656007225
0.0069999999999999993 0.0034999999999999996 14099.361148790833
0.0074999999999999997 0.0034999999999999996 12642.933611035442
0.0080000000000000002 0.0034999999999999996 11160.790996626005
0.0085000000000000006 0.0034999999999999996 9695.8576990095025
0.0090000000000000011 0.0034999999999999996 8286.7877809249803
0.0095000000000000015 0.0034999999999999996 6965.834705355328
0.010000000000000002 0.0034999999999999996 5757.5145211196786
0.010500000000000002 0.0034999999999999996 4678.0717416735279
0.011000000000000003 0.0034999999999999996 3735.674813890686
0.011500000000000003 0.0034999999999999996 2931.2061929632578
0.012000000000000004 0.0034999999999999996 2259.4745203701173
0.012499999999999997 0.0034999999999999996 1710.6638759441096
0.013000000000000005 0.0034999999999999996 1271.8451304462615
0.013499999999999998 0.0034999999999999996 928.40218258818459
0.014000000000000005 0.0034999999999999996 665.26487612345113
0.014499999999999999 0.0034999999999999996 467.88373249947477
0.014999999999999999 0.0034999999999999996 322.92298207438785
0.0155 0.0034999999999999996 218.68288292314099
0.016000000000000007 0.0034999999999999996 145.28709795476971
0.016500000000000001 0.0034999999999999996 94.685111132739124
0.017000000000000001 0.0034999999999999996 60.524184928153481
0.017500000000000002 0.0034999999999999996 37.942256632108652
0.017999999999999995 0.0034999999999999996 23.325050071657255
0.018500000000000003 0.0034999999999999996 14.060126298255597
0.019000000000000003 0.0034999999999999996 8.3097614065867411
0.019500000000000003 0.0034999999999999996 4.8149228168332492
0.019999999999999997 0.0034999999999999996 2.7350377226922014
0.020499999999999997 0.0034999999999999996 1.5229480493187928
0.021000000000000005 0.0034999999999999996 0.83125018887424962
0.021500000000000005 0.0034999999999999996 0.44471603291680828
0.021999999999999999 0.0034999999999999996 0.23319528838314907
0.022499999999999999 0.0034999999999999996 0.11984674312230414
0.023000000000000007 0.0034999999999999996 0.06036531303430754
0.023500000000000007 0.0034999999999999996 0.029798217595620277
0.024 0.0034999999999999996 0.014415277324321862
0.024500000000000001 0.0034999999999999996 0.0068340028163251174
0.025000000000000001 0.0034999999999999996 0.0031749540172931268
-0.025000000000000001 0.0040000000000000036 0.0027302663901523309
-0.024500000000000001 0.0040000000000000036 0.0058784631690141772
-0.024 0.0040000000000000036 0.012403608893517881
-0.0235 0.0040000000000000036 0.025648914920799341
-0.023 0.0040000000000000036 0.051980343988643242
-0.022500000000000003 0.0040000000000000036 0.10324584445517722
-0.022000000000000002 0.0040000000000000036 0.20099489600533457
-0.021500000000000002 0.0040000000000000036 0.38352536123775233
-0.021000000000000001 0.0040000000000000036 0.71733066331330197
-0.020500000000000001 0.0040000000000000036 1.3151728769462043
-0.02 0.0040000000000000036 2.3637894353563129
-0.0195 0.0040000000000000036 4.1650888648001834
-0.019 0.0040000000000000036 7.195471595999047
-0.018500000000000003 0.0040000000000000036 12.188405131979886
-0.018000000000000002 0.0040000000000000036 20.245272731505864
-0.017500000000000002 0.0040000000000000036 32.978403503176352
-0.017000000000000001 0.0040000000000000036 52.687646149436404
-0.016500000000000001 0.0040000000000000036 82.567486332537129
-0.016 0.0040000000000000036 126.93532315541918
-0.0155 0.0040000000000000036 191.46323508489564
-0.015000000000000001 0.0040000000000000036 283.3859738884758
-0.014500000000000001 0.0040000000000000036 411.64819002458825
-0.014 0.0040000000000000036 586.9457447385422
-0.0135 0.0040000000000000036 821.61155810676564
-0.012999999999999999 0.0040000000000000036 1129.2980594877467
-0.012500000000000001 0.0040000000000000036 1524.4179206268939
-0.012 0.0040000000000000036 2021.3235267255363
-0.0115 0.0040000000000000036 2633.2334674595072
-0.010999999999999999 0.0040000000000000036 3370.9495085704916
-0.010499999999999999 0.0040000000000000036 4241.4466748486529
-0.010000000000000002 0.0040000000000000036 5246.4574348566748
-0.0095000000000000015 0.0040000000000000036 6381.2027716786679
-0.0090000000000000011 0.0040000000000000036 7633.4421291679701
-0.0085000000000000006 0.0040000000000000036 8983.015328920068
-0.0080000000000000002 0.0040000000000000036 10402.028352785073
-0.0074999999999999997 0.0040000000000000036 11855.789232199524
-0.0069999999999999993 0.0040000000000000036 13304.5307966784
-0.0064999999999999988 0.0040000000000000036 14705.867719442136
-0.0059999999999999984 0.0040000000000000036 16017.834013417956
-0.0054999999999999979 0.0040000000000000036 17202.245645988893
-0.005000000000000001 0.0040000000000000036 18228.046330596124
-0.0044999999999999971 0.0040000000000000036 19074.239618045824
-0.0040000000000000001 0.0040000000000000036 19732.003016061386
-0.0035000000000000031 0.0040000000000000036 20205.63142870758
-0.0029999999999999992 0.0040000000000000036 20512.070975318522
-0.0025000000000000022 0.0040000000000000036 20678.972379810759
-0.0019999999999999983 0.0040000000000000036 20741.395673281619
-0.0015000000000000013 0.0040000000000000036 20737.504623277375
-0.00099999999999999742 0.0040000000000000036 20703.764127136008
-0.00050000000000000044 0.0040000000000000036 20670.262146552661
0 0.0040000000000000036 20656.79409645759
0.00050000000000000044 0.0040000000000000036 20670.262146552661
0.0010000000000000009 0.0040000000000000036 20703.764127136008
0.0015000000000000013 0.0040000000000000036 20737.504623277375
0.0020000000000000018 0.0040000000000000036 20741.395673281615
0.0024999999999999988 0.0040000000000000036 20678.972379810759
0.0030000000000000027 0.0040000000000000036 20512.070975318522
0.0034999999999999996 0.0040000000000000036 20205.631428707587
0.0040000000000000036 0.0040000000000000036 19732.003016061382
0.0045000000000000005 0.0040000000000000036 19074.23961804582
0.0049999999999999975 0.0040000000000000036 18228.046330596138
0.0055000000000000014 0.0040000000000000036 17202.245645988885
0.0059999999999999984 0.0040000000000000036 16017.83401341796
0.0064999999999999988 0.0040000000000000036 14705.86771944214
0.0069999999999999993 0.0040000000000000036 13304.530796678402
0.0074999999999999997 0.0040000000000000036 11855.789232199526
0.0080000000000000002 0.0040000000000000036 10402.028352785077
0.0085000000000000006 0.0040000000000000036 8983.0153289200698
0.0090000000000000011 0.0040000000000000036 7633.4421291679719
0.0095000000000000015 0.0040000000000000036 6381.2027716786679
0.010000000000000002 0.0040000000000000036 5246.4574348566757
0.010500000000000002 0.0040000000000000036 4241.4466748486475
0.011000000000000003 0.0040000000000000036 3370.9495085704852
0.011500000000000003 0.0040000000000000036 2633.2334674595031
0.012000000000000004 0.0040000000000000036 2021.3235267255322
0.012499999999999997 0.0040000000000000036 1524.4179206268971
0.013000000000000005 0.0040000000000000036 1129.2980594877429
0.013499999999999998 0.0040000000000000036 821.61155810676667
0.014000000000000005 0.0040000000000000036 586.94574473853959
0.014499999999999999 0.0040000000000000036 411.64819002458876
0.014999999999999999 0.0040000000000000036 283.38597388847603
0.0155 0.0040000000000000036 191.4632350848957
0.016000000000000007 0.0040000000000000036 126.9353231554185
0.016500000000000001 0.0040000000000000036 82.567486332537143
0.017000000000000001 0.0040000000000000036 52.687646149436404
0.017500000000000002 0.0040000000000000036 32.978403503176331
0.017999999999999995 0.0040000000000000036 20.245272731506009
0.018500000000000003 0.0040000000000000036 12.188405131979886
0.019000000000000003 0.0040000000000000036 7.1954715959990159
0.019500000000000003 0.0040000000000000036 4.1650888648001692
0.019999999999999997 0.0040000000000000036 2.3637894353563222
0.020499999999999997 0.0040000000000000036 1.3151728769462092
0.021000000000000005 0.0040000000000000036 0.71733066331329953
0.021500000000000005 0.0040000000000000036 0.38352536123775099
0.021999999999999999 0.0040000000000000036 0.20099489600533463
0.022499999999999999 0.0040000000000000036 0.10324584445517725
0.023000000000000007 0.0040000000000000036 0.051980343988642687
0.023500000000000007 0.0040000000000000036 0.025648914920799071
0.024 0.0040000000000000036 0.012403608893517883
0.024500000000000001 0.0040000000000000036 0.0058784631690141781
0.025000000000000001 0.0040000000000000036 0.0027302663901523313
-0.025000000000000001 0.0045000000000000005 0.0023016875879861157
-0.024500000000000001 0.0045000000000000005 0.0049574264167914312
-0.024 0.0045000000000000005 0.010464312662016769
-0.0235 0.0045000000000000005 0.021648268406494187
-0.023 0.0045000000000000005 0.043894363701771667
-0.022500000000000003 0.0045000000000000005 0.087233719356033482
-0.022000000000000002 0.0045000000000000005 0.16992956098172662
-0.021500000000000002 0.0045000000000000005 0.32447664625988776
-0.021000000000000001 0.0045000000000000005 0.60736722319756054
-0.020500000000000001 0.0045000000000000005 1.114547788834414
-0.02 0.0045000000000000005 2.0051845285620593
-0.0195 0.0045000000000000005 3.5371236041858709
-0.019 0.0045000000000000005 6.1181707751062024
-0.018500000000000003 0.0045000000000000005 10.377844597169169
-0.018000000000000002 0.0045000000000000005 17.264317117990977
-0.017500000000000002 0.0045000000000000005 28.170508796324089
-0.017000000000000001 0.0045000000000000005 45.091371769533517
-0.016500000000000001 0.0045000000000000005 70.810923203096024
-0.016 0.0045000000000000005 109.11234693115236
-0.0155 0.0045000000000000005 164.99748089204968
-0.015000000000000001 0.0045000000000000005 244.89363336438763
-0.014500000000000001 0.0045000000000000005 356.81676904901587
-0.014 0.0045000000000000005 510.45201102510714
-0.0135 0.0045000000000000005 717.10686246511818
-0.012999999999999999 0.0045000000000000005 989.49152491076313
-0.012500000000000001 0.0045000000000000005 1341.2860513618398
-0.012 0.0045000000000000005 1786.4672311015345
-0.0115 0.0045000000000000005 2338.3896181925475
-0.010999999999999999 0.0045000000000000005 3008.6443745250749
-0.010499999999999999 0.0045000000000000005 3805.754620457024
-0.010000000000000002 0.0045000000000000005 4733.8033894561377
-0.0095000000000000015 0.0045000000000000005 5791.1254277174394
-0.0090000000000000011 0.0045000000000000005 6969.2213843789932
-0.0085000000000000006 0.0045000000000000005 8252.0663728577692
-0.0080000000000000002 0.0045000000000000005 9615.9786577133709
-0.0074999999999999997 0.0045000000000000005 11030.183692429586
-0.0069999999999999993 0.0045000000000000005 12458.151541947971
-0.0064999999999999988 0.0045000000000000005 13859.703055046461
-0.0059999999999999984 0.0045000000000000005 15193.777890697587
-0.0054999999999999979 0.0045000000000000005 16421.64688801776
-0.005000000000000001 0.0045000000000000005 17510.248571105963
-0.0044999999999999971 0.0045000000000000005 18435.254396767898
-0.0040000000000000001 0.0045000000000000005 19183.43940769889
-0.0035000000000000031 0.0045000000000000005 19753.969721583642
-0.0029999999999999992 0.0045000000000000005 20158.322315672111
-0.0025000000000000022 0.0045000000000000005 20418.719743486854
-0.0019999999999999983 0.0045000000000000005 20565.172517765706
-0.0015000000000000013 0.0045000000000000005 20631.442371674828
-0.00099999999999999742 0.0045000000000000005 20650.430875359423
-0.00050000000000000044 0.0045000000000000005 20649.621202597307
0 0.0045000000000000005 20647.227173146221
0.00050000000000000044 0.0045000000000000005 20649.621202597307
0.0010000000000000009 0.0045000000000000005 20650.430875359423
0.0015000000000000013 0.0045000000000000005 20631.442371674828
0.0020000000000000018 0.0045000000000000005 20565.172517765706
0.0024999999999999988 0.0045000000000000005 20418.719743486854
0.0030000000000000027 0.0045000000000000005 20158.322315672114
0.0034999999999999996 0.0045000000000000005 19753.96972158365
0.0040000000000000036 0.0045000000000000005 19183.43940769889
0.0045000000000000005 0.0045000000000000005 18435.254396767894
0.0049999999999999975 0.0045000000000000005 17510.248571105974
0.0055000000000000014 0.0045000000000000005 16421.646888017756
0.0059999999999999984 0.0045000000000000005 15193.777890697591
0.0064999999999999988 0.0045000000000000005 13859.703055046464
0.0069999999999999993 0.0045000000000000005 12458.151541947971
0.0074999999999999997 0.0045000000000000005 11030.183692429588
0.0080000000000000002 0.0045000000000000005 9615.9786577133727
0.0085000000000000006 0.0045000000000000005 8252.0663728577711
0.0090000000000000011 0.0045000000000000005 6969.2213843789932
0.0095000000000000015 0.0045000000000000005 5791.1254277174385
0.010000000000000002 0.0045000000000000005 4733.8033894561395
0.010500000000000002 0.0045000000000000005 3805.7546204570194
0.011000000000000003 0.0045000000000000005 3008.6443745250708
0.011500000000000003 0.0045000000000000005 2338.3896181925438
0.012000000000000004 0.0045000000000000005 1786.4672311015318
0.012499999999999997 0.0045000000000000005 1341.2860513618425
0.013000000000000005 0.0045000000000000005 989.49152491076052
0.013499999999999998 0.0045000000000000005 717.10686246511875
0.014000000000000005 0.0045000000000000005 510.45201102510498
0.014499999999999999 0.0045000000000000005 356.81676904901622
0.014999999999999999 0.0045000000000000005 244.89363336438797
0.0155 0.0045000000000000005 164.99748089204974
0.016000000000000007 0.0045000000000000005 109.11234693115168
0.016500000000000001 0.0045000000000000005 70.810923203095982
0.017000000000000001 0.0045000000000000005 45.091371769533474
0.017500000000000002 0.0045000000000000005 28.170508796324093
0.017999999999999995 0.0045000000000000005 17.264317117991101
0.018500000000000003 0.0045000000000000005 10.377844597169169
0.019000000000000003 0.0045000000000000005 6.1181707751061829
0.019500000000000003 0.0045000000000000005 3.537123604185854
0.019999999999999997 0.0045000000000000005 2.0051845285620704
0.020499999999999997 0.0045000000000000005 1.1145477888344182
0.021000000000000005 0.0045000000000000005 0.60736722319755743
0.021500000000000005 0.0045000000000000005 0.32447664625988615
0.021999999999999999 0.0045000000000000005 0.1699295609817264
0.022499999999999999 0.0045000000000000005 0.087233719356033509
0.023000000000000007 0.0045000000000000005 0.043894363701771216
0.023500000000000007 0.0045000000000000005 0.021648268406493917
0.024 0.0045000000000000005 0.010464312662016771
0.024500000000000001 0.0045000000000000005 0.0049574264167914321
0.025000000000000001 0.0045000000000000005 0.0023016875879861157
-0.025000000000000001 0.0049999999999999975 0.0019024467765552024
-0.024500000000000001 0.0049999999999999975 0.0040993011889054317
-0.024 0.0049999999999999975 0.0086571534629664264
-0.0235 0.0049999999999999975 0.0179194497370255
-0.023 0.0049999999999999975 0.036356049872382078
-0.022500000000000003 0.0049999999999999975 0.072302196018141737
-0.022000000000000002 0.0049999999999999975 0.1409521432192547
-0.021500000000000002 0.0049999999999999975 0.26937818833954108
-0.021000000000000001 0.0049999999999999975 0.50472128985139031
-0.020500000000000001 0.0049999999999999975 0.92719303373996809
-0.02 0.0049999999999999975 1.67013713854849
-0.0195 0.0049999999999999975 2.9500887272237954
-0.019 0.0049999999999999975 5.1104621018585092
-0.018500000000000003 0.0049999999999999975 8.6830524789141155
-0.018000000000000002 0.0049999999999999975 14.471742852140927
-0.017500000000000002 0.0049999999999999975 23.662384019359937
-0.017000000000000001 0.0049999999999999975 37.961437306387353
-0.016500000000000001 0.0049999999999999975 59.763309769994876
-0.016 0.0049999999999999975 92.342119945923827
-0.0155 0.0049999999999999975 140.05782931704897
-0.015000000000000001 0.0049999999999999975 208.5594570587925
-0.014500000000000001 0.0049999999999999975 304.9600251005474
-0.014 0.0049999999999999975 437.9499326057213
-0.0135 0.0049999999999999975 617.80900391555656
-0.012999999999999999 0.0049999999999999975 856.27415385607912
-0.012500000000000001 0.0049999999999999975 1166.2212328045757
-0.012 0.0049999999999999975 1561.1277530635332
-0.0115 0.0049999999999999975 2054.298988161815
-0.010999999999999999 0.0049999999999999975 2657.8637128243035
-0.010499999999999999 0.0049999999999999975 3381.5768502214164
-0.010000000000000002 0.0049999999999999975 4231.5024026956771
-0.0095000000000000015 0.0049999999999999975 5208.6876442121084
-0.0090000000000000011 0.0049999999999999975 6307.973518022628
-0.0085000000000000006 0.0049999999999999975 7517.1101081785755
-0.0080000000000000002 0.0049999999999999975 8816.3528498792675
-0.0074999999999999997 0.0049999999999999975 10178.698070528924
-0.0069999999999999993 0.0049999999999999975 11570.870606825514
-0.0064999999999999988 0.0049999999999999975 12955.100351991066
-0.0059999999999999984 0.0049999999999999975 14291.622759765603
-0.0054999999999999979 0.0049999999999999975 15541.721206756954
-0.005000000000000001 0.0049999999999999975 16671.013791779871
-0.0044999999999999971 0.0049999999999999975 17652.595403010706
-0.0040000000000000001 0.0049999999999999975 18469.600521804008
-0.0035000000000000031 0.0049999999999999975 19116.772046809481
-0.0029999999999999992 0.0049999999999999975 19600.715732763027
-0.0025000000000000022 0.0049999999999999975 19938.684102325209
-0.0019999999999999983 0.0049999999999999975 20155.947685117397
-0.0015000000000000013 0.0049999999999999975 20282.041097966914
-0.00099999999999999742 0.0049999999999999975 20346.374568859199
-0.00050000000000000044 0.0049999999999999975 20373.836232243339
0 0.0049999999999999975 20381.045165443054
0.00050000000000000044 0.0049999999999999975 20373.836232243339
0.0010000000000000009 0.0049999999999999975 20346.374568859195
0.0015000000000000013 0.0049999999999999975 20282.041097966918
0.0020000000000000018 0.0049999999999999975 20155.947685117393
0.0024999999999999988 0.0049999999999999975 19938.684102325216
0.0030000000000000027 0.0049999999999999975 19600.715732763023
0.0034999999999999996 0.0049999999999999975 19116.772046809489
0.0040000000000000036 0.0049999999999999975 18469.600521804008
0.0045000000000000005 0.0049999999999999975 17652.595403010702
0.0049999999999999975 0.0049999999999999975 16671.013791779882
0.0055000000000000014 0.0049999999999999975 15541.721206756949
0.0059999999999999984 0.0049999999999999975 14291.622759765605
0.0064999999999999988 0.0049999999999999975 12955.10035199107
0.0069999999999999993 0.0049999999999999975 11570.87060682552
0.0074999999999999997 0.0049999999999999975 10178.698070528926
0.0080000000000000002 0.0049999999999999975 8816.3528498792693
0.0085000000000000006 0.0049999999999999975 7517.1101081785791
0.0090000000000000011 0.0049999999999999975 6307.9735180226289
0.0095000000000000015 0.0049999999999999975 5208.6876442121093
0.010000000000000002 0.0049999999999999975 4231.5024026956771
0.010500000000000002 0.0049999999999999975 3381.5768502214119
0.011000000000000003 0.0049999999999999975 2657.8637128242985
0.011500000000000003 0.0049999999999999975 2054.2989881618114
0.012000000000000004 0.0049999999999999975 1561.1277530635305
0.012499999999999997 0.0049999999999999975 1166.2212328045782
0.013000000000000005 0.0049999999999999975 856.2741538560764
0.013499999999999998 0.0049999999999999975 617.80900391555735
0.014000000000000005 0.0049999999999999975 437.9499326057196
0.014499999999999999 0.0049999999999999975 304.9600251005478
0.014999999999999999 0.0049999999999999975 208.55945705879299
0.0155 0.0049999999999999975 140.057829317049
0.016000000000000007 0.0049999999999999975 92.342119945923287
0.016500000000000001 0.0049999999999999975 59.763309769994883
0.017000000000000001 0.0049999999999999975 37.961437306387353
0.017500000000000002 0.0049999999999999975 23.662384019359905
0.017999999999999995 0.0049999999999999975 14.471742852141031
0.018500000000000003 0.0049999999999999975 8.6830524789141101
0.019000000000000003 0.0049999999999999975 5.1104621018584888
0.019500000000000003 0.0049999999999999975 2.9500887272237812
0.019999999999999997 0.0049999999999999975 1.6701371385484962
0.020499999999999997 0.0049999999999999975 0.9271930337399702
0.021000000000000005 0.0049999999999999975 0.50472128985138853
0.021500000000000005 0.0049999999999999975 0.26937818833954019
0.021999999999999999 0.0049999999999999975 0.14095214321925476
0.022499999999999999 0.0049999999999999975 0.072302196018141765
0.023000000000000007 0.0049999999999999975 0.036356049872381634
0.023500000000000007 0.0049999999999999975 0.017919449737025309
0.024 0.0049999999999999975 0.0086571534629664281
0.024500000000000001 0.0049999999999999975 0.0040993011889054317
0.025000000000000001 0.0049999999999999975 0.0019024467765552026
-0.025000000000000001 0.0055000000000000014 0.0015419359612632098
-0.024500000000000001 0.0055000000000000014 0.0033242595256107411
-0.024 0.0055000000000000014 0.0070245765073069484
-0.0235 0.0055000000000000014 0.014549954950634384
-0.023 0.0055000000000000014 0.02954209636269314
-0.022500000000000003 0.0055000000000000014 0.058800832622485859
-0.022000000000000002 0.0055000000000000014 0.11474008579186369
-0.021500000000000002 0.0055000000000000014 0.21951607507945436
-0.021000000000000001 0.0055000000000000014 0.4117845278761022
-0.020500000000000001 0.0055000000000000014 0.75746521297424374
-0.02 0.0055000000000000014 1.3664204149695813
-0.0195 0.0055000000000000014 2.4175682901034934
-0.019 0.0055000000000000014 4.1955956349584849
-0.018500000000000003 0.0055000000000000014 7.1430011309288313
-0.018000000000000002 0.0055000000000000014 11.931523345533545
-0.017500000000000002 0.0055000000000000014 19.556859408172617
-0.017000000000000001 0.0055000000000000014 31.459682024324305
-0.016500000000000001 0.0055000000000000014 49.674017232457892
-0.016 0.0055000000000000014 77.00079030031219
-0.0155 0.0055000000000000014 117.19962739646799
-0.015000000000000001 0.0055000000000000014 175.18585486237319
-0.014500000000000001 0.0055000000000000014 257.21238361510052
-0.014 0.0055000000000000014 371.00846651565672
-0.0135 0.0055000000000000014 525.84020922750449
-0.012999999999999999 0.0055000000000000014 732.45258747086837
-0.012500000000000001 0.0055000000000000014 1002.8512205239277
-0.012 0.0055000000000000014 1349.8860087231824
-0.0115 0.0055000000000000014 1786.6095462294095
-0.010999999999999999 0.0055000000000000014 2325.4020829421838
-0.010499999999999999 0.0055000000000000014 2976.8819869441768
-0.010000000000000002 0.0055000000000000014 3748.6551232264501
-0.0095000000000000015 0.0055000000000000014 4643.9956001602241
-0.0090000000000000011 0.0055000000000000014 5660.5892683782686
-0.0085000000000000006 0.0055000000000000014 6789.5035772219908
-0.0080000000000000002 0.0055000000000000014 8014.5648528172051
-0.0074999999999999997 0.0055000000000000014 9312.3183899512933
-0.0069999999999999993 0.0055000000000000014 10652.711016981228
-0.0064999999999999988 0.0055000000000000014 12000.566716195981
-0.0059999999999999984 0.0055000000000000014 13317.826034947948
-0.0054999999999999979 0.0055000000000000014 14566.399378547203
-0.005000000000000001 0.0055000000000000014 15711.36034799415
-0.0044999999999999971 0.0055000000000000014 16724.101298733076
-0.0040000000000000001 0.0055000000000000014 17585.014252005891
-0.0035000000000000031 0.0055000000000000014 18285.267421967321
-0.0029999999999999992 0.0055000000000000014 18827.332392323857
-0.0025000000000000022 0.0055000000000000014 19224.076214539473
-0.0019999999999999983 0.0055000000000000014 19496.446511293365
-0.0015000000000000013 0.0055000000000000014 19670.011265146299
-0.00099999999999999742 0.0055000000000000014 19770.824605271602
-0.00050000000000000044 0.0055000000000000014 19821.231919453086
0 0.0055000000000000014 19836.268583102465
0.00050000000000000044 0.0055000000000000014 19821.231919453086
0.0010000000000000009 0.0055000000000000014 19770.824605271602
0.0015000000000000013 0.0055000000000000014 19670.011265146299
0.0020000000000000018 0.0055000000000000014 19496.446511293365
0.0024999999999999988 0.0055000000000000014 19224.076214539473
0.0030000000000000027 0.0055000000000000014 18827.332392323857
0.0034999999999999996 0.0055000000000000014 18285.267421967328
0.0040000000000000036 0.0055000000000000014 17585.014252005887
0.0045000000000000005 0.0055000000000000014 16724.101298733072
0.0049999999999999975 0.0055000000000000014 15711.360347994163
0.0055000000000000014 0.0055000000000000014 14566.399378547198
0.0059999999999999984 0.0055000000000000014 13317.826034947951
0.0064999999999999988 0.0055000000000000014 12000.566716195985
0.0069999999999999993 0.0055000000000000014 10652.711016981229
0.0074999999999999997 0.0055000000000000014 9312.3183899512933
0.0080000000000000002 0.0055000000000000014 8014.5648528172069
0.0085000000000000006 0.0055000000000000014 6789.5035772219926
0.0090000000000000011 0.0055000000000000014 5660.5892683782695
0.0095000000000000015 0.0055000000000000014 4643.995600160225
0.010000000000000002 0.0055000000000000014 3748.6551232264524
0.010500000000000002 0.0055000000000000014 2976.8819869441727
0.011000000000000003 0.0055000000000000014 2325.4020829421802
0.011500000000000003 0.0055000000000000014 1786.609546229407
0.012000000000000004 0.0055000000000000014 1349.8860087231801
0.012499999999999997 0.0055000000000000014 1002.8512205239302
0.013000000000000005 0.0055000000000000014 732.45258747086621
0.013499999999999998 0.0055000000000000014 525.84020922750506
0.014000000000000005 0.0055000000000000014 371.0084665156553
0.014499999999999999 0.0055000000000000014 257.21238361510086
0.014999999999999999 0.0055000000000000014 175.18585486237342
0.0155 0.0055000000000000014 117.19962739646805
0.016000000000000007 0.0055000000000000014 77.000790300311735
0.016500000000000001 0.0055000000000000014 49.674017232457913
0.017000000000000001 0.0055000000000000014 31.459682024324305
0.017500000000000002 0.0055000000000000014 19.55685940817262
0.017999999999999995 0.0055000000000000014 11.931523345533641
0.018500000000000003 0.0055000000000000014 7.1430011309288286
0.019000000000000003 0.0055000000000000014 4.1955956349584644
0.019500000000000003 0.0055000000000000014 2.4175682901034778
0.019999999999999997 0.0055000000000000014 1.3664204149695864
0.020499999999999997 0.0055000000000000014 0.75746521297424652
0.021000000000000005 0.0055000000000000014 0.41178452787610009
0.021500000000000005 0.0055000000000000014 0.21951607507945328
0.021999999999999999 0.0055000000000000014 0.11474008579186375
0.022499999999999999 0.0055000000000000014 0.058800832622485887
0.023000000000000007 0.0055000000000000014 0.029542096362692831
0.023500000000000007 0.0055000000000000014 0.014549954950634205
0.024 0.0055000000000000014 0.0070245765073069493
0.024500000000000001 0.0055000000000000014 0.0033242595256107415
0.025000000000000001 0.0055000000000000014 0.0015419359612632098
-0.025000000000000001 0.0059999999999999984 0.0012257019683220361
-0.024500000000000001 0.0059999999999999984 0.0026442207060937469
-0.024 0.0059999999999999984 0.0055916758585609584
-0.0235 0.0059999999999999984 0.011591545298808757
-0.023 0.0059999999999999984 0.023557107139810126
-0.022500000000000003 0.0059999999999999984 0.046936737501948766
-0.022000000000000002 0.0059999999999999984 0.091695132294995499
-0.021500000000000002 0.0059999999999999984 0.17565378658285943
-0.021000000000000001 0.0059999999999999984 0.32997841036280817
-0.020500000000000001 0.0059999999999999984 0.60795710735499131
-0.02 0.0059999999999999984 1.0986674666169993
-0.0195 0.0059999999999999984 1.9476728576779834
-0.019 0.0059999999999999984 3.3874802798904748
-0.018500000000000003 0.0059999999999999984 5.7810567600929046
-0.018000000000000002 0.0059999999999999984 9.6821111958088029
-0.017500000000000002 0.0059999999999999984 15.915920817516881
-0.017000000000000001 0.0059999999999999984 25.683981514793619
-0.016500000000000001 0.0059999999999999984 40.694420705542456
-0.016 0.0059999999999999984 63.317663170555349
-0.0155 0.0059999999999999984 96.763072347654514
-0.015000000000000001 0.0059999999999999984 145.26711493613882
-0.014500000000000001 0.0059999999999999984 214.27713304104631
-0.014 0.0059999999999999984 310.60745790002051
-0.0135 0.0059999999999999984 442.53711622631403
-0.012999999999999999 0.0059999999999999984 619.81190647593189
-0.012500000000000001 0.0059999999999999984 853.50967596030296
-0.012 0.0059999999999999984 1155.7280190707675
-0.0115 0.0059999999999999984 1539.0602551697791
-0.010999999999999999 0.0059999999999999984 2015.8401400090352
-0.010499999999999999 0.0059999999999999984 2597.1593749634017
-0.010000000000000002 0.0059999999999999984 3291.6944551746196
-0.0095000000000000015 0.0059999999999999984 4104.418794470208
-0.0090000000000000011 0.0059999999999999984 5035.3181613861416
-0.0085000000000000006 0.0059999999999999984 6078.2656138734174
-0.0080000000000000002 0.0059999999999999984 7220.2376804421947
-0.0074999999999999997 0.0059999999999999984 8441.0570092359685
-0.0069999999999999993 0.0059999999999999984 9713.8196957289802
-0.0064999999999999988 0.0059999999999999984 11006.103193005305
-0.0059999999999999984 0.0059999999999999984 12281.954412357067
-0.0054999999999999979 0.0059999999999999984 13504.536583989739
-0.005000000000000001 0.0059999999999999984 14639.18516193966
-0.0044999999999999971 0.0059999999999999984 15656.511437570642
-0.0040000000000000001 0.0059999999999999984 16535.123812814465
-0.0035000000000000031 0.0059999999999999984 17263.533625599386
-0.0029999999999999992 0.0059999999999999984 17840.887949376443
-0.0025000000000000022 0.0059999999999999984 18276.323884409769
-0.0019999999999999983 0.0059999999999999984 18586.948280318215
-0.0015000000000000013 0.0059999999999999984 18794.678907757967
-0.00099999999999999742 0.0059999999999999984 18922.393754102271
-0.00050000000000000044 0.0059999999999999984 18989.980088626482
0 0.0059999999999999984 19010.920103348817
0.00050000000000000044 0.0059999999999999984 18989.980088626482
0.0010000000000000009 0.0059999999999999984 18922.393754102268
0.0015000000000000013 0.0059999999999999984 18794.678907757967
0.0020000000000000018 0.0059999999999999984 18586.948280318211
0.0024999999999999988 0.0059999999999999984 18276.323884409772
0.0030000000000000027 0.0059999999999999984 17840.887949376443
0.0034999999999999996 0.0059999999999999984 17263.53362559939
0.0040000000000000036 0.0059999999999999984 16535.123812814458
0.0045000000000000005 0.0059999999999999984 15656.511437570638
0.0049999999999999975 0.0059999999999999984 14639.185161939671
0.0055000000000000014 0.0059999999999999984 13504.536583989731
0.0059999999999999984 0.0059999999999999984 12281.954412357069
0.0064999999999999988 0.0059999999999999984 11006.103193005307
0.0069999999999999993 0.0059999999999999984 9713.8196957289838
0.0074999999999999997 0.0059999999999999984 8441.0570092359703
0.0080000000000000002 0.0059999999999999984 7220.2376804421974
0.0085000000000000006 0.0059999999999999984 6078.265613873421
0.0090000000000000011 0.0059999999999999984 5035.3181613861425
0.0095000000000000015 0.0059999999999999984 4104.418794470208
0.010000000000000002 0.0059999999999999984 3291.6944551746215
0.010500000000000002 0.0059999999999999984 2597.159374963398
0.011000000000000003 0.0059999999999999984 2015.8401400090318
0.011500000000000003 0.0059999999999999984 1539.0602551697762
0.012000000000000004 0.0059999999999999984 1155.7280190707656
0.012499999999999997 0.0059999999999999984 853.50967596030466
0.013000000000000005 0.0059999999999999984 619.81190647592985
0.013499999999999998 0.0059999999999999984 442.53711622631448
0.014000000000000005 0.0059999999999999984 310.60745790001926
0.014499999999999999 0.0059999999999999984 214.27713304104651
0.014999999999999999 0.0059999999999999984 145.26711493613894
0.0155 0.0059999999999999984 96.763072347654443
0.016000000000000007 0.0059999999999999984 63.317663170555015
0.016500000000000001 0.0059999999999999984 40.69442070554242
0.017000000000000001 0.0059999999999999984 25.68398151479359
0.017500000000000002 0.0059999999999999984 15.915920817516872
0.017999999999999995 0.0059999999999999984 9.6821111958088828
0.018500000000000003 0.0059999999999999984 5.7810567600929055
0.019000000000000003 0.0059999999999999984 3.3874802798904593
0.019500000000000003 0.0059999999999999984 1.9476728576779769
0.019999999999999997 0.0059999999999999984 1.0986674666170055
0.020499999999999997 0.0059999999999999984 0.60795710735499287
0.021000000000000005 0.0059999999999999984 0.32997841036280706
0.021500000000000005 0.0059999999999999984 0.17565378658285855
0.021999999999999999 0.0059999999999999984 0.091695132294995554
0.022499999999999999 0.0059999999999999984 0.046936737501948628
0.023000000000000007 0.0059999999999999984 0.023557107139809845
0.023500000000000007 0.0059999999999999984 0.011591545298808598
0.024 0.0059999999999999984 0.0055916758585609402
0.024500000000000001 0.0059999999999999984 0.002644220706093743
0.025000000000000001 0.0059999999999999984 0.0012257019683220322
-0.025000000000000001 0.0064999999999999988 0.00095578888516950351
-0.024500000000000001 0.0064999999999999988 0.0020635871551141758
-0.024 0.0064999999999999988 0.0043677438923163869
-0.0235 0.0064999999999999988 0.0090634436033546432
-0.023 0.0064999999999999988 0.018440056467164664
-0.022500000000000003 0.0064999999999999988 0.036787361412483455
-0.022000000000000002 0.0064999999999999988 0.07196814439261201
-0.021500000000000002 0.0064999999999999988 0.13807936647745492
-0.021000000000000001 0.0064999999999999988 0.25984205899737534
-0.020500000000000001 0.0064999999999999988 0.47965793042530736
-0.02 0.0064999999999999988 0.86865778693437246
-0.0195 0.0064999999999999988 1.5435410388677719
-0.019 0.0064999999999999988 2.6915441278125072
-0.018500000000000003 0.0064999999999999988 4.6064252249096995
-0.018000000000000002 0.0064999999999999988 7.7388183530035963
-0.017500000000000002 0.0064999999999999988 12.764548190512167
-0.017000000000000001 0.0064999999999999988 20.674311548455151
-0.016500000000000001 0.0064999999999999988 32.887282738316308
-0.016 0.0064999999999999988 51.389423913616639
-0.0155 0.0064999999999999988 78.894327859770954
-0.015000000000000001 0.0064999999999999988 119.02010918284583
-0.014500000000000001 0.0064999999999999988 176.47015351600152
-0.014 0.0064999999999999988 257.19862788900952
-0.0135 0.0064999999999999988 368.53406851681257
-0.012999999999999999 0.0064999999999999988 519.22702313071443
-0.012500000000000001 0.0064999999999999988 719.38201851877955
-0.012 0.0064999999999999988 980.23186938409765
-0.0115 0.0064999999999999988 1313.7156583310607
-0.010999999999999999 0.0064999999999999988 1731.8327170025498
-0.010499999999999999 0.0064999999999999988 2245.7652669500126
-0.010000000000000002 0.0064999999999999988 2864.792558407933
-0.0095000000000000015 0.0064999999999999988 3595.0580607221264
-0.0090000000000000011 0.0064999999999999988 4438.2947363314952
-0.0085000000000000006 0.0064999999999999988 5390.6551642732511
-0.0080000000000000002 0.0064999999999999988 6441.824372613195
-0.0074999999999999997 0.0064999999999999988 7574.6035750467345
-0.0069999999999999993 0.0064999999999999988 8765.1332758662647
-0.0064999999999999988 0.0064999999999999988 9983.8685538290065
-0.0059999999999999984 0.0064999999999999988 11197.32807154812
-0.0054999999999999979 0.0064999999999999988 12370.519955445903
-0.005000000000000001 0.0064999999999999988 13469.819206891772
-0.0044999999999999971 0.0064999999999999988 14465.956594992882
-0.0040000000000000001 0.0064999999999999988 15336.704591135409
-0.0035000000000000031 0.0064999999999999988 16068.835181026154
-0.0029999999999999992 0.0064999999999999988 16658.991068868447
-0.0025000000000000022 0.0064999999999999988 17113.254770594009
-0.0019999999999999983 0.0064999999999999988 17445.401101940086
-0.0015000000000000013 0.0064999999999999988 17674.043864480795
-0.00099999999999999742 0.0064999999999999988 17819.093858772427
-0.00050000000000000044 0.0064999999999999988 17898.089054079512
0 0.0064999999999999988 17923.004996625932
0.00050000000000000044 0.0064999999999999988 17898.089054079512
0.0010000000000000009 0.0064999999999999988 17819.093858772427
0.0015000000000000013 0.0064999999999999988 17674.043864480795
0.0020000000000000018 0.0064999999999999988 17445.401101940082
0.0024999999999999988 0.0064999999999999988 17113.254770594012
0.0030000000000000027 0.0064999999999999988 16658.991068868447
0.0034999999999999996 0.0064999999999999988 16068.835181026161
0.0040000000000000036 0.0064999999999999988 15336.704591135405
0.0045000000000000005 0.0064999999999999988 14465.956594992876
0.0049999999999999975 0.0064999999999999988 13469.819206891783
0.0055000000000000014 0.0064999999999999988 12370.519955445896
0.0059999999999999984 0.0064999999999999988 11197.328071548121
0.0064999999999999988 0.0064999999999999988 9983.8685538290101
0.0069999999999999993 0.0064999999999999988 8765.1332758662666
0.0074999999999999997 0.0064999999999999988 7574.6035750467363
0.0080000000000000002 0.0064999999999999988 6441.8243726131977
0.0085000000000000006 0.0064999999999999988 5390.6551642732529
0.0090000000000000011 0.0064999999999999988 4438.294736331497
0.0095000000000000015 0.0064999999999999988 3595.0580607221268
0.010000000000000002 0.0064999999999999988 2864.7925584079339
0.010500000000000002 0.0064999999999999988 2245.7652669500098
0.011000000000000003 0.0064999999999999988 1731.8327170025475
0.011500000000000003 0.0064999999999999988 1313.7156583310589
0.012000000000000004 0.0064999999999999988 980.2318693840956
0.012499999999999997 0.0064999999999999988 719.38201851878136
0.013000000000000005 0.0064999999999999988 519.22702313071272
0.013499999999999998 0.0064999999999999988 368.53406851681314
0.014000000000000005 0.0064999999999999988 257.19862788900878
0.014499999999999999 0.0064999999999999988 176.47015351600183
0.014999999999999999 0.0064999999999999988 119.02010918284596
0.0155 0.0064999999999999988 78.89432785977101
0.016000000000000007 0.0064999999999999988 51.389423913616369
0.016500000000000001 0.0064999999999999988 32.88728273831633
0.017000000000000001 0.0064999999999999988 20.674311548455151
0.017500000000000002 0.0064999999999999988 12.764548190512173
0.017999999999999995 0.0064999999999999988 7.7388183530036523
0.018500000000000003 0.0064999999999999988 4.6064252249096933
0.019000000000000003 0.0064999999999999988 2.6915441278124947
0.019500000000000003 0.0064999999999999988 1.5435410388677646
0.019999999999999997 0.0064999999999999988 0.86865778693437601
0.020499999999999997 0.0064999999999999988 0.47965793042531008
0.021000000000000005 0.0064999999999999988 0.2598420589973745
0.021500000000000005 0.0064999999999999988 0.13807936647745425
0.021999999999999999 0.0064999999999999988 0.071968144392612066
0.022499999999999999 0.0064999999999999988 0.036787361412483476
0.023000000000000007 0.0064999999999999988 0.01844005646716447
0.023500000000000007 0.0064999999999999988 0.0090634436033545495
0.024 0.0064999999999999988 0.0043677438923163878
0.024500000000000001 0.0064999999999999988 0.0020635871551141767
0.025000000000000001 0.0064999999999999988 0.00095578888516950373
-0.025000000000000001 0.0069999999999999993 0.00073132629808460553
-0.024500000000000001 0.0069999999999999993 0.0015805075099299239
-0.024 0.0069999999999999993 0.0033489281745414721
-0.0235 0.0069999999999999993 0.0069578092046998019
-0.023 0.0069999999999999993 0.0141753409224299
-0.022500000000000003 0.0069999999999999993 0.028322352246933788
-0.022000000000000002 0.0069999999999999993 0.055501434704503687
-0.021500000000000002 0.0069999999999999993 0.1066857422182264
-0.021000000000000001 0.0069999999999999993 0.20118151349111063
-0.020500000000000001 0.0069999999999999993 0.3722250321613792
-0.02 0.0069999999999999993 0.67580162457778969
-0.0195 0.0069999999999999993 1.2041851404244936
-0.019 0.0069999999999999993 2.106180266915278
-0.018500000000000003 0.0069999999999999993 3.6165725190805289
-0.018000000000000002 0.0069999999999999993 6.0977837057977275
-0.017500000000000002 0.0069999999999999993 10.097082644964038
-0.017000000000000001 0.0069999999999999993 16.422750255550806
-0.016500000000000001 0.0069999999999999993 26.242132360565392
-0.016 0.0069999999999999993 41.203278755633164
-0.0155 0.0069999999999999993 63.579592725831731
-0.015000000000000001 0.0069999999999999993 96.433358003312037
-0.014500000000000001 0.0069999999999999993 143.78902168748283
-0.014 0.0069999999999999993 210.80072955634057
-0.0135 0.0069999999999999993 303.89116859396484
-0.012999999999999999 0.0069999999999999993 430.83101574028359
-0.012500000000000001 0.0069999999999999993 600.7214694314049
-0.012 0.0069999999999999993 823.83822557303745
-0.0115 0.0069999999999999993 1111.2960548885526
-0.010999999999999999 0.0069999999999999993 1474.5011994739518
-0.010499999999999999 0.0069999999999999993 1924.3761521270333
-0.010000000000000002 0.0069999999999999993 2470.3690091826388
-0.0095000000000000015 0.0069999999999999993 3119.2966793762339
-0.0090000000000000011 0.0069999999999999993 3874.1144496821503
-0.0085000000000000006 0.0069999999999999993 4732.7475362346595
-0.0080000000000000002 0.0069999999999999993 5687.1544671730717
-0.0074999999999999997 0.0069999999999999993 6722.8071779796855
-0.0069999999999999993 0.0069999999999999993 7818.7588466258449
-0.0064999999999999988 0.0069999999999999993 8948.4213096650492
-0.0059999999999999984 0.0069999999999999993 10081.088960405299
-0.0054999999999999979 0.0069999999999999993 11184.132997573688
-0.005000000000000001 0.0069999999999999993 12225.665005675264
-0.0044999999999999971 0.0069999999999999993 13177.355227604634
-0.0040000000000000001 0.0069999999999999993 14017.014530541439
-0.0035000000000000031 0.0069999999999999993 14730.53306989404
-0.0029999999999999992 0.0069999999999999993 15312.826945516203
-0.0025000000000000022 0.0069999999999999993 15767.576323518013
-0.0019999999999999983 0.0069999999999999993 16105.727523014573
-0.0015000000000000013 0.0069999999999999993 16342.94536303836
-0.00099999999999999742 0.0069999999999999993 16496.399226870784
-0.00050000000000000044 0.0069999999999999993 16581.404890809179
0 0.0069999999999999993 16608.491564542033
0.00050000000000000044 0.0069999999999999993 16581.404890809179
0.0010000000000000009 0.0069999999999999993 16496.399226870784
0.0015000000000000013 0.0069999999999999993 16342.945363038361
0.0020000000000000018 0.0069999999999999993 16105.727523014568
0.0024999999999999988 0.0069999999999999993 15767.576323518017
0.0030000000000000027 0.0069999999999999993 15312.826945516201
0.0034999999999999996 0.0069999999999999993 14730.533069894043
0.0040000000000000036 0.0069999999999999993 14017.014530541435
0.0045000000000000005 0.0069999999999999993 13177.355227604628
0.0049999999999999975 0.0069999999999999993 12225.665005675275
0.0055000000000000014 0.0069999999999999993 11184.132997573683
0.0059999999999999984 0.0069999999999999993 10081.088960405301
0.0064999999999999988 0.0069999999999999993 8948.421309665051
0.0069999999999999993 0.0069999999999999993 7818.7588466258467
0.0074999999999999997 0.0069999999999999993 6722.8071779796874
0.0080000000000000002 0.0069999999999999993 5687.1544671730744
0.0085000000000000006 0.0069999999999999993 4732.7475362346604
0.0090000000000000011 0.0069999999999999993 3874.1144496821503
0.0095000000000000015 0.0069999999999999993 3119.2966793762348
0.010000000000000002 0.0069999999999999993 2470.3690091826402
0.010500000000000002 0.0069999999999999993 1924.3761521270303
0.011000000000000003 0.0069999999999999993 1474.5011994739493
0.011500000000000003 0.0069999999999999993 1111.296054888551
0.012000000000000004 0.0069999999999999993 823.83822557303597
0.012499999999999997 0.0069999999999999993 600.7214694314066
0.013000000000000005 0.0069999999999999993 430.83101574028206
0.013499999999999998 0.0069999999999999993 303.89116859396535
0.014000000000000005 0.0069999999999999993 210.8007295563398
0.014499999999999999 0.0069999999999999993 143.78902168748309
0.014999999999999999 0.0069999999999999993 96.433358003312122
0.0155 0.0069999999999999993 63.579592725831723
0.016000000000000007 0.0069999999999999993 41.203278755632944
0.016500000000000001 0.0069999999999999993 26.242132360565403
0.017000000000000001 0.0069999999999999993 16.422750255550813
0.017500000000000002 0.0069999999999999993 10.097082644964035
0.017999999999999995 0.0069999999999999993 6.0977837057977702
0.018500000000000003 0.0069999999999999993 3.6165725190805258
0.019000000000000003 0.0069999999999999993 2.1061802669152687
0.019500000000000003 0.0069999999999999993 1.2041851404244883
0.019999999999999997 0.0069999999999999993 0.67580162457779247
0.020499999999999997 0.0069999999999999993 0.37222503216138014
0.021000000000000005 0.0069999999999999993 0.20118151349111033
0.021500000000000005 0.0069999999999999993 0.10668574221822605
0.021999999999999999 0.0069999999999999993 0.055501434704503735
0.022499999999999999 0.0069999999999999993 0.028322352246933816
0.023000000000000007 0.0069999999999999993 0.014175340922429752
0.023500000000000007 0.0069999999999999993 0.0069578092046997317
0.024 0.0069999999999999993 0.003348928174541473
0.024500000000000001 0.0069999999999999993 0.0015805075099299243
0.025000000000000001 0.0069999999999999993 0.00073132629808460574
-0.025000000000000001 0.0074999999999999997 0.0005492488198838982
-0.024500000000000001 0.0074999999999999997 0.0011884209144678616
-0.024 0.0074999999999999997 0.0025214782857168436
-0.0235 0.0074999999999999997 0.0052464248112496078
-0.023 0.0074999999999999997 0.010706269165726279
-0.022500000000000003 0.0074999999999999997 0.02143021083981466
-0.022000000000000002 0.0074999999999999997 0.042080356794580311
-0.021500000000000002 0.0074999999999999997 0.081068517408470278
-0.021000000000000001 0.0074999999999999997 0.15325127736432431
-0.020500000000000001 0.0074999999999999997 0.28431395115068497
-0.02 0.0074999999999999997 0.51772755796155678
-0.0195 0.0074999999999999997 0.92551538276627587
-0.019 0.0074999999999999997 1.6244947236846803
-0.018500000000000003 0.0074999999999999997 2.8001450294337067
-0.018000000000000002 0.0074999999999999997 4.7407485843546162
-0.017500000000000002 0.0074999999999999997 7.8848693320417702
-0.017000000000000001 0.0074999999999999997 12.885447065088067
-0.016500000000000001 0.0074999999999999997 20.693602136284095
-0.016 0.0074999999999999997 32.664431973716596
-0.0155 0.0074999999999999997 50.685359399821856
-0.015000000000000001 0.0074999999999999997 77.324685335933438
-0.014500000000000001 0.0074999999999999997 115.99368359183612
-0.014 0.0074999999999999997 171.1097797181985
-0.0135 0.0074999999999999997 248.24127221014353
-0.012999999999999999 0.0074999999999999997 354.2062744933848
-0.012500000000000001 0.0074999999999999997 497.0911887382419
-0.012 0.0074999999999999997 686.14874912540597
-0.0115 0.0074999999999999997 931.53467991187495
-0.010999999999999999 0.0074999999999999997 1243.8477424640753
-0.010499999999999999 0.0074999999999999997 1633.452608812192
-0.010000000000000002 0.0074999999999999997 2109.5898907087194
-0.0095000000000000015 0.0074999999999999997 2679.3123322124561
-0.0090000000000000011 0.0074999999999999997 3346.3277218004264
-0.0085000000000000006 0.0074999999999999997 4109.8716950695843
-0.0080000000000000002 0.0074999999999999997 4963.7688233099698
-0.0074999999999999997 0.0074999999999999997 5895.8581825038091
-0.0069999999999999993 0.0074999999999999997 6887.9503294503929
-0.0064999999999999988 0.0074999999999999997 7916.4396403388719
-0.0059999999999999984 0.0074999999999999997 8953.6183732821682
-0.0054999999999999979 0.0074999999999999997 9969.6334301216866
-0.005000000000000001 0.0074999999999999997 10934.908722256865
-0.0044999999999999971 0.0074999999999999997 11822.747100430803
-0.0040000000000000001 0.0074999999999999997 12611.750703235899
-0.0035000000000000031 0.0074999999999999997 13287.679449244268
-0.0029999999999999992 0.0074999999999999997 13844.417815421179
-0.0025000000000000022 0.0074999999999999997 14283.840119261566
-0.0019999999999999983 0.0074999999999999997 14614.538660878679
-0.0015000000000000013 0.0074999999999999997 14849.577473047766
-0.00099999999999999742 0.0074999999999999997 15003.618391859549
-0.00050000000000000044 0.0074999999999999997 15089.896403965762
0 0.0074999999999999997 15117.567096793979
0.00050000000000000044 0.0074999999999999997 15089.89640396576
0.0010000000000000009 0.0074999999999999997 15003.618391859549
0.0015000000000000013 0.0074999999999999997 14849.577473047766
0.0020000000000000018 0.0074999999999999997 14614.538660878676
0.0024999999999999988 0.0074999999999999997 14283.840119261571
0.0030000000000000027 0.0074999999999999997 13844.417815421175
0.0034999999999999996 0.0074999999999999997 13287.679449244273
0.0040000000000000036 0.0074999999999999997 12611.750703235897
0.0045000000000000005 0.0074999999999999997 11822.747100430795
0.0049999999999999975 0.0074999999999999997 10934.908722256874
0.0055000000000000014 0.0074999999999999997 9969.6334301216812
0.0059999999999999984 0.0074999999999999997 8953.6183732821719
0.0064999999999999988 0.0074999999999999997 7916.4396403388737
0.0069999999999999993 0.0074999999999999997 6887.9503294503938
0.0074999999999999997 0.0074999999999999997 5895.8581825038109
0.0080000000000000002 0.0074999999999999997 4963.7688233099734
0.0085000000000000006 0.0074999999999999997 4109.8716950695862
0.0090000000000000011 0.0074999999999999997 3346.3277218004287
0.0095000000000000015 0.0074999999999999997 2679.3123322124575
0.010000000000000002 0.0074999999999999997 2109.5898907087203
0.010500000000000002 0.0074999999999999997 1633.4526088121904
0.011000000000000003 0.0074999999999999997 1243.8477424640735
0.011500000000000003 0.0074999999999999997 931.53467991187404
0.012000000000000004 0.0074999999999999997 686.14874912540495
0.012499999999999997 0.0074999999999999997 497.09118873824337
0.013000000000000005 0.0074999999999999997 354.20627449338372
0.013499999999999998 0.0074999999999999997 248.24127221014382
0.014000000000000005 0.0074999999999999997 171.10977971819787
0.014499999999999999 0.0074999999999999997 115.99368359183619
0.014999999999999999 0.0074999999999999997 77.324685335933495
0.0155 0.0074999999999999997 50.68535939982187
0.016000000000000007 0.0074999999999999997 32.66443197371639
0.016500000000000001 0.0074999999999999997 20.693602136284088
0.017000000000000001 0.0074999999999999997 12.885447065088059
0.017500000000000002 0.0074999999999999997 7.8848693320417738
0.017999999999999995 0.0074999999999999997 4.740748584354658
0.018500000000000003 0.0074999999999999997 2.8001450294337076
0.019000000000000003 0.0074999999999999997 1.6244947236846756
0.019500000000000003 0.0074999999999999997 0.92551538276627177
0.019999999999999997 0.0074999999999999997 0.51772755796155834
0.020499999999999997 0.0074999999999999997 0.28431395115068619
0.021000000000000005 0.0074999999999999997 0.15325127736432359
0.021500000000000005 0.0074999999999999997 0.081068517408469765
0.021999999999999999 0.0074999999999999997 0.042080356794580359
0.022499999999999999 0.0074999999999999997 0.021430210839814681
0.023000000000000007 0.0074999999999999997 0.010706269165726149
0.023500000000000007 0.0074999999999999997 0.0052464248112495549
0.024 0.0074999999999999997 0.002521478285716844
0.024500000000000001 0.0074999999999999997 0.001188420914467862
0.025000000000000001 0.0074999999999999997 0.00054924881988389831
-0.025000000000000001 0.0080000000000000002 0.00040504090963617054
-0.024500000000000001 0.0080000000000000002 0.00087765501513159875
-0.024 0.0080000000000000002 0.0018651041639464537
-0.0235 0.0080000000000000002 0.0038876097820328206
-0.023 0.0080000000000000002 0.0079490010838383033
-0.022500000000000003 0.0080000000000000002 0.01594581808444789
-0.022000000000000002 0.0080000000000000002 0.031386544871318492
-0.021500000000000002 0.0080000000000000002 0.060626812271759215
-0.021000000000000001 0.0080000000000000002 0.11494135551449354
-0.020500000000000001 0.0080000000000000002 0.2139181050853442
-0.02 0.0080000000000000002 0.39088652613543506
-0.0195 0.0080000000000000002 0.70139140312499115
-0.019 0.0080000000000000002 1.2360982439054253
-0.018500000000000003 0.0080000000000000002 2.1399578124048695
-0.018000000000000002 0.0080000000000000002 3.6399336885755145
-0.017500000000000002 0.0080000000000000002 6.0840445671707846
-0.017000000000000001 0.0080000000000000002 9.9947849771928752
-0.016500000000000001 0.0080000000000000002 16.140003648112327
-0.016 0.0080000000000000002 25.623819910142767
-0.0155 0.0080000000000000002 39.998877413499606
-0.015000000000000001 0.0080000000000000002 61.398879756259127
-0.014500000000000001 0.0080000000000000002 92.686663023842286
-0.014 0.0080000000000000002 137.60789086800278
-0.0135 0.0080000000000000002 200.93389897390199
-0.012999999999999999 0.0080000000000000002 288.56973263319799
-0.012500000000000001 0.0080000000000000002 407.59598451482691
-0.012 0.0080000000000000002 566.20720134748285
-0.0115 0.0080000000000000002 773.50747691050992
-0.010999999999999999 0.0080000000000000002 1039.1277830337835
-0.010499999999999999 0.0080000000000000002 1372.6418649632756
-0.010000000000000002 0.0080000000000000002 1782.7795830428806
-0.0095000000000000015 0.0080000000000000002 2276.4682489087381
-0.0090000000000000011 0.0080000000000000002 2857.7712612367327
-0.0085000000000000006 0.0080000000000000002 3526.833904006824
-0.0080000000000000002 0.0080000000000000002 4278.980652398408
-0.0074999999999999997 0.0080000000000000002 5104.1272698263756
-0.0069999999999999993 0.0080000000000000002 5986.6651599301777
-0.0064999999999999988 0.0080000000000000002 6905.9383622699952
-0.0059999999999999984 0.0080000000000000002 7837.3640340950387
-0.0054999999999999979 0.0080000000000000002 8754.1512407971186
-0.005000000000000001 0.0080000000000000002 9629.4641270344164
-0.0044999999999999971 0.0080000000000000002 10438.774112766416
-0.0040000000000000001 0.0080000000000000002 11162.074514762815
-0.0035000000000000031 0.0080000000000000002 11785.610531820863
-0.0029999999999999992 0.0080000000000000002 12302.820642616509
-0.0025000000000000022 0.0080000000000000002 12714.292592888152
-0.0019999999999999983 0.0080000000000000002 13026.69429984522
-0.0015000000000000013 0.0080000000000000002 13250.820083921773
-0.00099999999999999742 0.0080000000000000002 13399.060353330113
-0.00050000000000000044 0.0080000000000000002 13482.7222747329
0 0.0080000000000000002 13509.671963151224
0.00050000000000000044 0.0080000000000000002 13482.7222747329
0.0010000000000000009 0.0080000000000000002 13399.060353330111
0.0015000000000000013 0.0080000000000000002 13250.820083921772
0.0020000000000000018 0.0080000000000000002 13026.694299845216
0.0024999999999999988 0.0080000000000000002 12714.292592888154
0.0030000000000000027 0.0080000000000000002 12302.820642616507
0.0034999999999999996 0.0080000000000000002 11785.610531820867
0.0040000000000000036 0.0080000000000000002 11162.074514762811
0.0045000000000000005 0.0080000000000000002 10438.774112766412
0.0049999999999999975 0.0080000000000000002 9629.4641270344237
0.0055000000000000014 0.0080000000000000002 8754.151240797115
0.0059999999999999984 0.0080000000000000002 7837.3640340950415
0.0064999999999999988 0.0080000000000000002 6905.9383622699979
0.0069999999999999993 0.0080000000000000002 5986.6651599301795
0.0074999999999999997 0.0080000000000000002 5104.1272698263783
0.0080000000000000002 0.0080000000000000002 4278.9806523984116
0.0085000000000000006 0.0080000000000000002 3526.8339040068258
0.0090000000000000011 0.0080000000000000002 2857.7712612367341
0.0095000000000000015 0.0080000000000000002 2276.468248908739
0.010000000000000002 0.0080000000000000002 1782.7795830428825
0.010500000000000002 0.0080000000000000002 1372.6418649632742
0.011000000000000003 0.0080000000000000002 1039.1277830337824
0.011500000000000003 0.0080000000000000002 773.50747691050901
0.012000000000000004 0.0080000000000000002 566.20720134748206
0.012499999999999997 0.0080000000000000002 407.59598451482805
0.013000000000000005 0.0080000000000000002 288.56973263319713
0.013499999999999998 0.0080000000000000002 200.93389897390244
0.014000000000000005 0.0080000000000000002 137.60789086800236
0.014499999999999999 0.0080000000000000002 92.686663023842442
0.014999999999999999 0.0080000000000000002 61.398879756259184
0.0155 0.0080000000000000002 39.998877413499621
0.016000000000000007 0.0080000000000000002 25.623819910142618
0.016500000000000001 0.0080000000000000002 16.140003648112334
0.017000000000000001 0.0080000000000000002 9.9947849771928752
0.017500000000000002 0.0080000000000000002 6.0840445671707846
0.017999999999999995 0.0080000000000000002 3.6399336885755469
0.018500000000000003 0.0080000000000000002 2.1399578124048713
0.019000000000000003 0.0080000000000000002 1.2360982439054202
0.019500000000000003 0.0080000000000000002 0.70139140312498927
0.019999999999999997 0.0080000000000000002 0.39088652613543684
0.020499999999999997 0.0080000000000000002 0.21391810508534545
0.021000000000000005 0.0080000000000000002 0.11494135551449321
0.021500000000000005 0.0080000000000000002 0.060626812271759027
0.021999999999999999 0.0080000000000000002 0.031386544871318527
0.022499999999999999 0.0080000000000000002 0.015945818084447911
0.023000000000000007 0.0080000000000000002 0.0079490010838382218
0.023500000000000007 0.0080000000000000002 0.0038876097820327812
0.024 0.0080000000000000002 0.0018651041639464547
0.024500000000000001 0.0080000000000000002 0.00087765501513159918
0.025000000000000001 0.0080000000000000002 0.0004050409096361706
-0.025000000000000001 0.0085000000000000006 0.00029342254347319721
-0.024500000000000001 0.0085000000000000006 0.0006368965369457438
-0.024 0.0085000000000000006 0.0013560654304342029
-0.0235 0.0085000000000000006 0.0028325767438767582
-0.023 0.0085000000000000006 0.0058053579355892117
-0.022500000000000003 0.0085000000000000006 0.011675717668200861
-0.022000000000000002 0.0085000000000000006 0.023046780034278042
-0.021500000000000002 0.0085000000000000006 0.044655750023028962
-0.021000000000000001 0.0085000000000000006 0.084948647791719539
-0.020500000000000001 0.0085000000000000006 0.15867976046628604
-0.02 0.0085000000000000006 0.29110416125564498
-0.0195 0.0085000000000000006 0.52458251048575233
-0.019 0.0085000000000000006 0.92874013961480195
-0.018500000000000003 0.0085000000000000006 1.6157147852512921
-0.018000000000000002 0.0085000000000000006 2.7624696810653182
-0.017500000000000002 0.0085000000000000006 4.6425940239528067
-0.017000000000000001 0.0085000000000000006 7.6703749165376687
-0.016500000000000001 0.0085000000000000006 12.460066921072443
-0.016 0.0085000000000000006 19.903012454699354
-0.0155 0.0085000000000000006 31.264327933544475
-0.015000000000000001 0.0085000000000000006 48.298980905133149
-0.014500000000000001 0.0085000000000000006 73.383967487625782
-0.014 0.0085000000000000006 109.65877304485419
-0.0135 0.0085000000000000006 161.16038238665374
-0.012999999999999999 0.0085000000000000006 232.93216078449856
-0.012500000000000001 0.0085000000000000006 331.07879086010365
-0.012 0.0085000000000000006 462.73351917974884
-0.0115 0.0085000000000000006 635.90116876454431
-0.010999999999999999 0.0085000000000000006 859.14297036279504
-0.010499999999999999 0.0085000000000000006 1141.0794329230043
-0.010000000000000002 0.0085000000000000006 1489.7066807144647
-0.0095000000000000015 0.0085000000000000006 1911.5499424789741
-0.0090000000000000011 0.0085000000000000006 2410.713040303076
-0.0085000000000000006 0.0085000000000000006 2987.920078228502
-0.0080000000000000002 0.0085000000000000006 3639.6779355490821
-0.0074999999999999997 0.0085000000000000006 4357.7069629130037
-0.0069999999999999993 0.0085000000000000006 5128.7839492619914
-0.0064999999999999988 0.0085000000000000006 5935.1098679759225
-0.0059999999999999984 0.0085000000000000006 6755.2537705630966
-0.0054999999999999979 0.0085000000000000006 7565.6386599618809
-0.005000000000000001 0.0085000000000000006 8342.4374689712877
-0.0044999999999999971 0.0085000000000000006 9063.65538544417
-0.0040000000000000001 0.0085000000000000006 9711.1093127225504
-0.0035000000000000031 0.0085000000000000006 10271.994882920952
-0.0029999999999999992 0.0085000000000000006 10739.767847858237
-0.0025000000000000022 0.0085000000000000006 11114.160496585015
-0.0019999999999999983 0.0085000000000000006 11400.292674558556
-0.0015000000000000013 0.0085000000000000006 11606.996921980195
-0.00099999999999999742 0.0085000000000000006 11744.626724259319
-0.00050000000000000044 0.0085000000000000006 11822.723761408692
0 0.0085000000000000006 11847.959200467376
0.00050000000000000044 0.0085000000000000006 11822.723761408692
0.0010000000000000009 0.0085000000000000006 11744.626724259319
0.0015000000000000013 0.0085000000000000006 11606.996921980195
0.0020000000000000018 0.0085000000000000006 11400.292674558552
0.0024999999999999988 0.0085000000000000006 11114.160496585015
0.0030000000000000027 0.0085000000000000006 10739.767847858233
0.0034999999999999996 0.0085000000000000006 10271.994882920955
0.0040000000000000036 0.0085000000000000006 9711.1093127225449
0.0045000000000000005 0.0085000000000000006 9063.6553854441663
0.0049999999999999975 0.0085000000000000006 8342.4374689712949
0.0055000000000000014 0.0085000000000000006 7565.6386599618781
0.0059999999999999984 0.0085000000000000006 6755.2537705630984
0.0064999999999999988 0.0085000000000000006 5935.1098679759234
0.0069999999999999993 0.0085000000000000006 5128.7839492619923
0.0074999999999999997 0.0085000000000000006 4357.7069629130046
0.0080000000000000002 0.0085000000000000006 3639.6779355490839
0.0085000000000000006 0.0085000000000000006 2987.9200782285029
0.0090000000000000011 0.0085000000000000006 2410.7130403030769
0.0095000000000000015 0.0085000000000000006 1911.5499424789746
0.010000000000000002 0.0085000000000000006 1489.7066807144661
0.010500000000000002 0.0085000000000000006 1141.079432923003
0.011000000000000003 0.0085000000000000006 859.14297036279402
0.011500000000000003 0.0085000000000000006 635.90116876454351
0.012000000000000004 0.0085000000000000006 462.73351917974816
0.012499999999999997 0.0085000000000000006 331.07879086010473
0.013000000000000005 0.0085000000000000006 232.93216078449782
0.013499999999999998 0.0085000000000000006 161.16038238665405
0.014000000000000005 0.0085000000000000006 109.65877304485385
0.014499999999999999 0.0085000000000000006 73.383967487625952
0.014999999999999999 0.0085000000000000006 48.298980905133227
0.0155 0.0085000000000000006 31.264327933544518
0.016000000000000007 0.0085000000000000006 19.90301245469924
0.016500000000000001 0.0085000000000000006 12.460066921072455
0.017000000000000001 0.0085000000000000006 7.670374916537674
0.017500000000000002 0.0085000000000000006 4.642594023952813
0.017999999999999995 0.0085000000000000006 2.762469681065344
0.018500000000000003 0.0085000000000000006 1.615714785251293
0.019000000000000003 0.0085000000000000006 0.92874013961479784
0.019500000000000003 0.0085000000000000006 0.52458251048575
0.019999999999999997 0.0085000000000000006 0.29110416125564648
0.020499999999999997 0.0085000000000000006 0.15867976046628671
0.021000000000000005 0.0085000000000000006 0.084948647791719137
0.021500000000000005 0.0085000000000000006 0.044655750023028747
0.021999999999999999 0.0085000000000000006 0.023046780034278069
0.022499999999999999 0.0085000000000000006 0.011675717668200875
0.023000000000000007 0.0085000000000000006 0.0058053579355891527
0.023500000000000007 0.0085000000000000006 0.0028325767438767248
0.024 0.0085000000000000006 0.0013560654304342029
0.024500000000000001 0.0085000000000000006 0.00063689653694574402
0.025000000000000001 0.0085000000000000006 0.00029342254347319749
-0.025000000000000001 0.0090000000000000011 0.00020891948693407296
-0.024500000000000001 0.0090000000000000011 0.00045441392338321405
-0.024 0.0090000000000000011 0.00096973881502797538
-0.0235 0.0090000000000000011 0.0020307118985401097
-0.023 0.0090000000000000011 0.0041734578633522154
-0.022500000000000003 0.0090000000000000011 0.0084190942508126036
-0.022000000000000002 0.0090000000000000011 0.016673508979060891
-0.021500000000000002 0.0090000000000000011 0.032423084449321841
-0.021000000000000001 0.0090000000000000011 0.061918826711310646
-0.020500000000000001 0.0090000000000000011 0.11614718691714473
-0.02 0.0090000000000000011 0.21403700109827678
-0.0195 0.0090000000000000011 0.38755976380275031
-0.019 0.0090000000000000011 0.68965389813214806
-0.018500000000000003 0.0090000000000000011 1.2062450177019339
-0.018000000000000002 0.0090000000000000011 2.0740320565753469
-0.017500000000000002 0.0090000000000000011 3.5061293244788714
-0.017000000000000001 0.0090000000000000011 5.8280284222580887
-0.016500000000000001 0.0090000000000000011 9.5265566184790433
-0.016 0.0090000000000000011 15.314389431868687
-0.0155 0.0090000000000000011 24.211998321557079
-0.015000000000000001 0.0090000000000000011 37.647412107396256
-0.014500000000000001 0.0090000000000000011 57.571574266530007
-0.014 0.0090000000000000011 86.583188825199812
-0.0135 0.0090000000000000011 128.05174098095262
-0.012999999999999999 0.0090000000000000011 186.2211338358394
-0.012500000000000001 0.0090000000000000011 266.26980986864481
-0.012 0.0090000000000000011 374.29755124930352
-0.0115 0.0090000000000000011 517.20610428072098
-0.010999999999999999 0.0090000000000000011 702.44240588554521
-0.010499999999999999 0.0090000000000000011 937.58151736193383
-0.010000000000000002 0.0090000000000000011 1229.7428005379456
-0.0095000000000000015 0.0090000000000000011 1584.8575271894144
-0.0090000000000000011 0.0090000000000000011 2006.8371920273962
-0.0085000000000000006 0.0090000000000000011 2496.7251933773077
-0.0080000000000000002 0.0090000000000000011 3051.9439512540016
-0.0074999999999999997 0.0090000000000000011 3665.7672408491203
-0.0069999999999999993 0.0090000000000000011 4327.1459039536485
-0.0064999999999999988 0.0090000000000000011 5020.9886201180552
-0.0059999999999999984 0.0090000000000000011 5728.946710840828
-0.0054999999999999979 0.0090000000000000011 6430.6774205302308
-0.005000000000000001 0.0090000000000000011 7105.4744089807555
-0.0044999999999999971 0.0090000000000000011 7734.0730685032286
-0.0040000000000000001 0.0090000000000000011 8300.3798693442732
-0.0035000000000000031 0.0090000000000000011 8792.8557013345817
-0.0029999999999999992 0.0090000000000000011 9205.3135171784161
-0.0025000000000000022 0.0090000000000000011 9536.9712188673147
-0.0019999999999999983 0.0090000000000000011 9791.7210376758048
-0.0015000000000000013 0.0090000000000000011 9976.7156876558965
-0.00099999999999999742 0.0090000000000000011 10100.501863119107
-0.00050000000000000044 0.0090000000000000011 10171.025152172528
0 0.0090000000000000011 10193.865148048502
0.00050000000000000044 0.0090000000000000011 10171.025152172528
0.0010000000000000009 0.0090000000000000011 10100.501863119107
0.0015000000000000013 0.0090000000000000011 9976.7156876558947
0.0020000000000000018 0.0090000000000000011 9791.721037675803
0.0024999999999999988 0.0090000000000000011 9536.9712188673166
0.0030000000000000027 0.0090000000000000011 9205.3135171784143
0.0034999999999999996 0.0090000000000000011 8792.8557013345853
0.0040000000000000036 0.0090000000000000011 8300.3798693442695
0.0045000000000000005 0.0090000000000000011 7734.0730685032231
0.0049999999999999975 0.0090000000000000011 7105.4744089807609
0.0055000000000000014 0.0090000000000000011 6430.6774205302281
0.0059999999999999984 0.0090000000000000011 5728.9467108408289
0.0064999999999999988 0.0090000000000000011 5020.9886201180561
0.0069999999999999993 0.0090000000000000011 4327.1459039536494
0.0074999999999999997 0.0090000000000000011 3665.7672408491212
0.0080000000000000002 0.0090000000000000011 3051.9439512540034
0.0085000000000000006 0.0090000000000000011 2496.7251933773082
0.0090000000000000011 0.0090000000000000011 2006.8371920273969
0.0095000000000000015 0.0090000000000000011 1584.8575271894149
0.010000000000000002 0.0090000000000000011 1229.7428005379459
0.010500000000000002 0.0090000000000000011 937.58151736193292
0.011000000000000003 0.0090000000000000011 702.44240588554419
0.011500000000000003 0.0090000000000000011 517.20610428072007
0.012000000000000004 0.0090000000000000011 374.29755124930324
0.012499999999999997 0.0090000000000000011 266.26980986864544
0.013000000000000005 0.0090000000000000011 186.22113383583888
0.013499999999999998 0.0090000000000000011 128.05174098095281
0.014000000000000005 0.0090000000000000011 86.583188825199485
0.014499999999999999 0.0090000000000000011 57.571574266530121
0.014999999999999999 0.0090000000000000011 37.647412107396356
0.0155 0.0090000000000000011 24.211998321557111
0.016000000000000007 0.0090000000000000011 15.314389431868598
0.016500000000000001 0.0090000000000000011 9.5265566184790504
0.017000000000000001 0.0090000000000000011 5.8280284222580887
0.017500000000000002 0.0090000000000000011 3.506129324478874
0.017999999999999995 0.0090000000000000011 2.0740320565753652
0.018500000000000003 0.0090000000000000011 1.2062450177019346
0.019000000000000003 0.0090000000000000011 0.68965389813214628
0.019500000000000003 0.0090000000000000011 0.38755976380274881
0.019999999999999997 0.0090000000000000011 0.21403700109827808
0.020499999999999997 0.0090000000000000011 0.11614718691714529
0.021000000000000005 0.0090000000000000011 0.061918826711310389
0.021500000000000005 0.0090000000000000011 0.032423084449321696
0.021999999999999999 0.0090000000000000011 0.016673508979060919
0.022499999999999999 0.0090000000000000011 0.0084190942508126174
0.023000000000000007 0.0090000000000000011 0.0041734578633521686
0.023500000000000007 0.0090000000000000011 0.0020307118985400901
0.024 0.0090000000000000011 0.00096973881502797582
0.024500000000000001 0.0090000000000000011 0.00045441392338321437
0.025000000000000001 0.0090000000000000011 0.00020891948693407304
-0.025000000000000001 0.0095000000000000015 0.00014629070504576416
-0.024500000000000001 0.0095000000000000015 0.00031897334756001962
-0.024 0.0095000000000000015 0.00068254088454208046
-0.0235 0.0095000000000000015 0.0014335275231207169
-0.023 0.0095000000000000015 0.0029556726291481085
-0.022500000000000003 0.0095000000000000015 0.005983458121978545
-0.022000000000000002 0.0095000000000000015 0.011895116990855156
-0.021500000000000002 0.0095000000000000015 0.02322640483571831
-0.021000000000000001 0.0095000000000000015 0.044552155566185324
-0.020500000000000001 0.0095000000000000015 0.083966249443863161
-0.02 0.0095000000000000015 0.15551197409960157
-0.0195 0.0095000000000000015 0.28308455815809791
-0.019 0.0095000000000000015 0.5065554667118104
-0.018500000000000003 0.0095000000000000015 0.89115867395329806
-0.018000000000000002 0.0095000000000000015 1.5415268139429195
-0.017500000000000002 0.0095000000000000015 2.6221452278879531
-0.017000000000000001 0.0095000000000000015 4.38635040940619
-0.016500000000000001 0.0095000000000000015 7.2162411725860292
-0.016 0.0095000000000000015 11.675850494451774
-0.0155 0.0095000000000000015 18.579444753493085
-0.015000000000000001 0.0095000000000000015 29.075634523100096
-0.014500000000000001 0.0095000000000000015 44.745848163663595
-0.014 0.0095000000000000015 67.712440713669082
-0.0135 0.0095000000000000015 100.74723690449828
-0.012999999999999999 0.0095000000000000015 147.36585162562338
-0.012500000000000001 0.0095000000000000015 211.88728619702252
-0.012 0.0095000000000000015 299.43311632660863
-0.0115 0.0095000000000000015 415.83757239689584
-0.010999999999999999 0.0095000000000000015 567.44077584681952
-0.010499999999999999 0.0095000000000000015 760.74413260511892
-0.010000000000000002 0.0095000000000000015 1001.9206835046663
-0.0095000000000000015 0.0095000000000000015 1296.1942544736003
-0.0090000000000000011 0.0095000000000000015 1647.1280461321528
-0.0085000000000000006 0.0095000000000000015 2055.8923487968732
-0.0080000000000000002 0.0095000000000000015 2520.6069347296434
-0.0074999999999999997 0.0095000000000000015 3035.8696839585264
-0.0069999999999999993 0.0095000000000000015 3592.5824981603473
-0.0064999999999999988 0.0095000000000000015 4178.1636743745803
-0.0059999999999999984 0.0095000000000000015 4777.1913587594263
-0.0054999999999999979 0.0095000000000000015 5372.4591620280135
-0.005000000000000001 0.0095000000000000015 5946.3515572618098
-0.0044999999999999971 0.0095000000000000015 6482.3767999294942
-0.0040000000000000001 0.0095000000000000015 6966.6443756347962
-0.0035000000000000031 0.0095000000000000015 7389.0565705488161
-0.0029999999999999992 0.0095000000000000015 7744.0086803806435
-0.0025000000000000022 0.0095000000000000015 8030.4603594230011
-0.0019999999999999983 0.0095000000000000015 8251.3426741812928
-0.0015000000000000013 0.0095000000000000015 8412.3837268694697
-0.00099999999999999742 0.0095000000000000015 8520.5468241851395
-0.00050000000000000044 0.0095000000000000015 8582.3551264602884
0 0.0095000000000000015 8602.4067056317108
0.00050000000000000044 0.0095000000000000015 8582.3551264602884
0.0010000000000000009 0.0095000000000000015 8520.5468241851377
0.0015000000000000013 0.0095000000000000015 8412.3837268694697
0.0020000000000000018 0.0095000000000000015 8251.3426741812909
0.0024999999999999988 0.0095000000000000015 8030.460359423003
0.0030000000000000027 0.0095000000000000015 7744.0086803806407
0.0034999999999999996 0.0095000000000000015 7389.0565705488189
0.0040000000000000036 0.0095000000000000015 6966.6443756347944
0.0045000000000000005 0.0095000000000000015 6482.3767999294914
0.0049999999999999975 0.0095000000000000015 5946.3515572618153
0.0055000000000000014 0.0095000000000000015 5372.4591620280098
0.0059999999999999984 0.0095000000000000015 4777.191358759429
0.0064999999999999988 0.0095000000000000015 4178.1636743745812
0.0069999999999999993 0.0095000000000000015 3592.5824981603482
0.0074999999999999997 0.0095000000000000015 3035.8696839585264
0.0080000000000000002 0.0095000000000000015 2520.6069347296448
0.0085000000000000006 0.0095000000000000015 2055.8923487968741
0.0090000000000000011 0.0095000000000000015 1647.1280461321542
0.0095000000000000015 0.0095000000000000015 1296.1942544736014
0.010000000000000002 0.0095000000000000015 1001.9206835046666
0.010500000000000002 0.0095000000000000015 760.74413260511824
0.011000000000000003 0.0095000000000000015 567.4407758468185
0.011500000000000003 0.0095000000000000015 415.83757239689527
0.012000000000000004 0.0095000000000000015 299.43311632660834
0.012499999999999997 0.0095000000000000015 211.88728619702312
0.013000000000000005 0.0095000000000000015 147.36585162562287
0.013499999999999998 0.0095000000000000015 100.74723690449855
0.014000000000000005 0.0095000000000000015 67.712440713668855
0.014499999999999999 0.0095000000000000015 44.74584816366373
0.014999999999999999 0.0095000000000000015 29.075634523100181
0.0155 0.0095000000000000015 18.579444753493114
0.016000000000000007 0.0095000000000000015 11.675850494451712
0.016500000000000001 0.0095000000000000015 7.2162411725860363
0.017000000000000001 0.0095000000000000015 4.3863504094061936
0.017500000000000002 0.0095000000000000015 2.6221452278879549
0.017999999999999995 0.0095000000000000015 1.5415268139429328
0.018500000000000003 0.0095000000000000015 0.89115867395329862
0.019000000000000003 0.0095000000000000015 0.50655546671180973
0.019500000000000003 0.0095000000000000015 0.28308455815809686
0.019999999999999997 0.0095000000000000015 0.15551197409960255
0.020499999999999997 0.0095000000000000015 0.08396624944386348
0.021000000000000005 0.0095000000000000015 0.044552155566185268
0.021500000000000005 0.0095000000000000015 0.023226404835718212
0.021999999999999999 0.0095000000000000015 0.011895116990855182
0.022499999999999999 0.0095000000000000015 0.0059834581219785571
0.023000000000000007 0.0095000000000000015 0.0029556726291480695
0.023500000000000007 0.0095000000000000015 0.0014335275231207032
0.024 0.0095000000000000015 0.00068254088454208078
0.024500000000000001 0.0095000000000000015 0.00031897334756001989
0.025000000000000001 0.0095000000000000015 0.00014629070504576435
-0.025000000000000001 0.010000000000000002 0.00010081021498646145
-0.024500000000000001 0.010000000000000002 0.0002204425468532262
-0.024 0.010000000000000002 0.00047319497354007063
-0.0235 0.010000000000000002 0.00099726512056288736
-0.023 0.010000000000000002 0.0020638651332429499
-0.022500000000000003 0.010000000000000002 0.0041949631985409297
-0.022000000000000002 0.010000000000000002 0.0083758285719045724
-0.021500000000000002 0.010000000000000002 0.016430710280382781
-0.021000000000000001 0.010000000000000002 0.031672928773848898
-0.020500000000000001 0.010000000000000002 0.060006000856992786
-0.02 0.010000000000000002 0.11174866317753865
-0.0195 0.010000000000000002 0.2045934268413365
-0.019 0.010000000000000002 0.36829482444138451
-0.018500000000000003 0.010000000000000002 0.65192575143340181
-0.018000000000000002 0.010000000000000002 1.1348360638826882
-0.017500000000000002 0.010000000000000002 1.942779376490479
-0.017000000000000001 0.010000000000000002 3.2709996502695131
-0.016500000000000001 0.010000000000000002 5.4163113438784034
-0.016 0.010000000000000002 8.8202439673010016
-0.0155 0.010000000000000002 14.124984331431536
-0.015000000000000001 0.010000000000000002 22.242928662025648
-0.014500000000000001 0.010000000000000002 34.438930982939304
-0.014 0.010000000000000002 52.421623288813564
-0.0135 0.010000000000000002 78.436427039520126
-0.012999999999999999 0.010000000000000002 115.34823571116972
-0.012500000000000001 0.010000000000000002 166.69671002391385
-0.012 0.010000000000000002 236.70257314208112
-0.0115 0.010000000000000002 330.20049950941421
-0.010999999999999999 0.010000000000000002 452.47470825248291
-0.010499999999999999 0.010000000000000002 608.97875154976623
-0.010000000000000002 0.010000000000000002 804.93236282266821
-0.0095000000000000015 0.010000000000000002 1044.8058024623924
-0.0090000000000000011 0.010000000000000002 1331.7246979326101
-0.0085000000000000006 0.010000000000000002 1666.8529957790056
-0.0080000000000000002 0.010000000000000002 2048.8337566608707
-0.0074999999999999997 0.010000000000000002 2473.3814842255883
-0.0069999999999999993 0.010000000000000002 2933.1198445520749
-0.0064999999999999988 0.010000000000000002 3417.740837445233
-0.0059999999999999984 0.010000000000000002 3914.5245650815064
-0.0054999999999999979 0.010000000000000002 4409.2057292373484
-0.005000000000000001 0.010000000000000002 4887.1114337113731
-0.0044999999999999971 0.010000000000000002 5334.4360800841287
-0.0040000000000000001 0.010000000000000002 5739.4761873382722
-0.0035000000000000031 0.010000000000000002 6093.6327635628149
-0.0029999999999999992 0.010000000000000002 6392.0090215237988
-0.0025000000000000022 0.010000000000000002 6633.4874478659649
-0.0019999999999999983 0.010000000000000002 6820.2550568338229
-0.0015000000000000013 0.010000000000000002 6956.8442144453493
-0.00099999999999999742 0.010000000000000002 7048.8491477859607
-0.00050000000000000044 0.010000000000000002 7101.5451344261191
0 0.010000000000000002 7118.6626610230296
0.00050000000000000044 0.010000000000000002 7101.5451344261191
0.0010000000000000009 0.010000000000000002 7048.8491477859607
0.0015000000000000013 0.010000000000000002 6956.8442144453475
0.0020000000000000018 0.010000000000000002 6820.2550568338193
0.0024999999999999988 0.010000000000000002 6633.4874478659649
0.0030000000000000027 0.010000000000000002 6392.0090215237969
0.0034999999999999996 0.010000000000000002 6093.6327635628149
0.0040000000000000036 0.010000000000000002 5739.4761873382695
0.0045000000000000005 0.010000000000000002 5334.4360800841241
0.0049999999999999975 0.010000000000000002 4887.1114337113768
0.0055000000000000014 0.010000000000000002 4409.2057292373465
0.0059999999999999984 0.010000000000000002 3914.5245650815068
0.0064999999999999988 0.010000000000000002 3417.7408374452348
0.0069999999999999993 0.010000000000000002 2933.1198445520749
0.0074999999999999997 0.010000000000000002 2473.3814842255902
0.0080000000000000002 0.010000000000000002 2048.8337566608716
0.0085000000000000006 0.010000000000000002 1666.8529957790063
0.0090000000000000011 0.010000000000000002 1331.7246979326108
0.0095000000000000015 0.010000000000000002 1044.8058024623924
0.010000000000000002 0.010000000000000002 804.93236282266855
0.010500000000000002 0.010000000000000002 608.97875154976578
0.011000000000000003 0.010000000000000002 452.47470825248223
0.011500000000000003 0.010000000000000002 330.20049950941365
0.012000000000000004 0.010000000000000002 236.70257314208089
0.012499999999999997 0.010000000000000002 166.69671002391442
0.013000000000000005 0.010000000000000002 115.34823571116935
0.013499999999999998 0.010000000000000002 78.43642703952024
0.014000000000000005 0.010000000000000002 52.421623288813365
0.014499999999999999 0.010000000000000002 34.438930982939382
0.014999999999999999 0.010000000000000002 22.242928662025708
0.0155 0.010000000000000002 14.124984331431552
0.016000000000000007 0.010000000000000002 8.8202439673009483
0.016500000000000001 0.010000000000000002 5.4163113438784141
0.017000000000000001 0.010000000000000002 3.2709996502695162
0.017500000000000002 0.010000000000000002 1.9427793764904824
0.017999999999999995 0.010000000000000002 1.1348360638826982
0.018500000000000003 0.010000000000000002 0.65192575143340281
0.019000000000000003 0.010000000000000002 0.36829482444138306
0.019500000000000003 0.010000000000000002 0.20459342684133569
0.019999999999999997 0.010000000000000002 0.11174866317753925
0.020499999999999997 0.010000000000000002 0.060006000856993071
0.021000000000000005 0.010000000000000002 0.031672928773848759
0.021500000000000005 0.010000000000000002 0.016430710280382711
0.021999999999999999 0.010000000000000002 0.0083758285719045915
0.022499999999999999 0.010000000000000002 0.0041949631985409366
0.023000000000000007 0.010000000000000002 0.0020638651332429295
0.023500000000000007 0.010000000000000002 0.00099726512056287717
0.024 0.010000000000000002 0.0004731949735400709
0.024500000000000001 0.010000000000000002 0.0002204425468532263
0.025000000000000001 0.010000000000000002 0.00010081021498646149
-0.025000000000000001 0.010500000000000002 6.8418750320505767e-05
-0.024500000000000001 0.010500000000000002 0.00015011564111024392
-0.024 0.010500000000000002 0.00032341245127746947
-0.0235 0.010500000000000002 0.00068429463210042669
-0.023 0.010500000000000002 0.0014222032869306656
-0.022500000000000003 0.010500000000000002 0.0029039474028494877
-0.022000000000000002 0.010500000000000002 0.0058263867211995439
-0.021500000000000002 0.010500000000000002 0.011488558904366059
-0.021000000000000001 0.010500000000000002 0.022266678878706047
-0.020500000000000001 0.010500000000000002 0.042425912592376172
-0.02 0.010500000000000002 0.079478156740686229
-0.0195 0.010500000000000002 0.1464035481290325
-0.019 0.010500000000000002 0.2652034521822299
-0.018500000000000003 0.010500000000000002 0.47245037103285764
-0.018000000000000002 0.010500000000000002 0.82774548708320683
-0.017500000000000002 0.010500000000000002 1.4262751250039436
-0.017000000000000001 0.010500000000000002 2.416940774609599
-0.016500000000000001 0.010500000000000002 4.0277615981227202
-0.016 0.010500000000000002 6.6003140317988205
-0.0155 0.010500000000000002 10.634739304404507
-0.015000000000000001 0.010500000000000002 16.846140301228342
-0.014500000000000001 0.010500000000000002 26.231814947477506
-0.014 0.010500000000000002 40.146575370097203
-0.0135 0.010500000000000002 60.380319078215578
-0.012999999999999999 0.010500000000000002 89.228171198158918
-0.012500000000000001 0.010500000000000002 129.53929621387272
-0.012 0.010500000000000002 184.72660704263021
-0.0115 0.010500000000000002 258.71713555440715
-0.010999999999999999 0.010500000000000002 355.82306357749468
-0.010499999999999999 0.010500000000000002 480.51764878299321
-0.010000000000000002 0.010500000000000002 637.10947907465697
-0.0095000000000000015 0.010500000000000002 829.32285206780512
-0.0090000000000000011 0.010500000000000002 1059.8106332130346
-0.0085000000000000006 0.010500000000000002 1329.6463078395104
-0.0080000000000000002 0.010500000000000002 1637.8603524429864
-0.0074999999999999997 0.010500000000000002 1981.0978493386003
-0.0069999999999999993 0.010500000000000002 2353.4747872509452
-0.0064999999999999988 0.010500000000000002 2746.6962588670717
-0.0059999999999999984 0.010500000000000002 3150.4697829520142
-0.0054999999999999979 0.010500000000000002 3553.2036786174431
-0.005000000000000001 0.010500000000000002 3942.9299726080008
-0.0044999999999999971 0.010500000000000002 4308.3429883168319
-0.0040000000000000001 0.010500000000000002 4639.8092685583206
-0.0035000000000000031 0.010500000000000002 4930.1916249607875
-0.0029999999999999992 0.010500000000000002 5175.3461632935469
-0.0025000000000000022 0.010500000000000002 5374.1967187540331
-0.0019999999999999983 0.010500000000000002 5528.3601934441631
-0.0015000000000000013 0.010500000000000002 5641.376685438765
-0.00099999999999999742 0.010500000000000002 5717.6740508366438
-0.00050000000000000044 0.010500000000000002 5761.4512734727186
0 0.010500000000000002 5775.6858521890053
0.00050000000000000044 0.010500000000000002 5761.4512734727186
0.0010000000000000009 0.010500000000000002 5717.6740508366429
0.0015000000000000013 0.010500000000000002 5641.376685438765
0.0020000000000000018 0.010500000000000002 5528.3601934441604
0.0024999999999999988 0.010500000000000002 5374.196718754034
0.0030000000000000027 0.010500000000000002 5175.346163293545
0.0034999999999999996 0.010500000000000002 4930.1916249607875
0.0040000000000000036 0.010500000000000002 4639.8092685583179
0.0045000000000000005 0.010500000000000002 4308.342988316831
0.0049999999999999975 0.010500000000000002 3942.929972608003
0.0055000000000000014 0.010500000000000002 3553.2036786174408
0.0059999999999999984 0.010500000000000002 3150.4697829520142
0.0064999999999999988 0.010500000000000002 2746.6962588670726
0.0069999999999999993 0.010500000000000002 2353.4747872509456
0.0074999999999999997 0.010500000000000002 1981.0978493386012
0.0080000000000000002 0.010500000000000002 1637.8603524429873
0.0085000000000000006 0.010500000000000002 1329.6463078395104
0.0090000000000000011 0.010500000000000002 1059.8106332130346
0.0095000000000000015 0.010500000000000002 829.32285206780546
0.010000000000000002 0.010500000000000002 637.10947907465732
0.010500000000000002 0.010500000000000002 480.51764878299224
0.011000000000000003 0.010500000000000002 355.82306357749405
0.011500000000000003 0.010500000000000002 258.71713555440698
0.012000000000000004 0.010500000000000002 184.72660704263004
0.012499999999999997 0.010500000000000002 129.53929621387314
0.013000000000000005 0.010500000000000002 89.22817119815862
0.013499999999999998 0.010500000000000002 60.380319078215699
0.014000000000000005 0.010500000000000002 40.146575370097082
0.014499999999999999 0.010500000000000002 26.231814947477556
0.014999999999999999 0.010500000000000002 16.846140301228392
0.0155 0.010500000000000002 10.634739304404526
0.016000000000000007 0.010500000000000002 6.6003140317987814
0.016500000000000001 0.010500000000000002 4.0277615981227246
0.017000000000000001 0.010500000000000002 2.416940774609599
0.017500000000000002 0.010500000000000002 1.4262751250039449
0.017999999999999995 0.010500000000000002 0.82774548708321416
0.018500000000000003 0.010500000000000002 0.47245037103285809
0.019000000000000003 0.010500000000000002 0.2652034521822294
0.019500000000000003 0.010500000000000002 0.14640354812903197
0.019999999999999997 0.010500000000000002 0.079478156740686715
0.020499999999999997 0.010500000000000002 0.042425912592376352
0.021000000000000005 0.010500000000000002 0.022266678878706005
0.021500000000000005 0.010500000000000002 0.011488558904366009
0.021999999999999999 0.010500000000000002 0.0058263867211995586
0.022499999999999999 0.010500000000000002 0.0029039474028494956
0.023000000000000007 0.010500000000000002 0.0014222032869306467
0.023500000000000007 0.010500000000000002 0.00068429463210041975
0.024 0.010500000000000002 0.00032341245127746947
0.024500000000000001 0.010500000000000002 0.00015011564111024411
0.025000000000000001 0.010500000000000002 6.8418750320505795e-05
-0.025000000000000001 0.011000000000000003 4.5771174353001301e-05
-0.024500000000000001 0.011000000000000003 0.0001008146888036385
-0.024 0.011000000000000003 0.0002181057504931045
-0.0235 0.011000000000000003 0.00046355202735277911
-0.023 0.011000000000000003 0.00096804016928774656
-0.022500000000000003 0.011000000000000003 0.0019866659758306878
-0.022000000000000002 0.011000000000000003 0.0040073946806955529
-0.021500000000000002 0.011000000000000003 0.007946374480226958
-0.021000000000000001 0.011000000000000003 0.015491825528282559
-0.020500000000000001 0.011000000000000003 0.029696930629111117
-0.02 0.011000000000000003 0.055980285586817495
-0.0195 0.011000000000000003 0.10377716041082066
-0.019 0.011000000000000003 0.18920330113395581
-0.018500000000000003 0.011000000000000003 0.33925098553611921
-0.018000000000000002 0.011000000000000003 0.59823556874653738
-0.017500000000000002 0.011000000000000003 1.0374412699961879
-0.017000000000000001 0.011000000000000003 1.7691527134188116
-0.016500000000000001 0.011000000000000003 2.9664550928128079
-0.016 0.011000000000000003 4.8902611063667418
-0.0155 0.011000000000000003 7.9248627739209425
-0.015000000000000001 0.011000000000000003 12.622766555323111
-0.014500000000000001 0.011000000000000003 19.75849390218319
-0.014 0.011000000000000003 30.389282194976158
-0.0135 0.011000000000000003 45.918145808472254
-0.012999999999999999 0.011000000000000003 68.151643555654914
-0.012500000000000001 0.011000000000000003 99.341255819470291
-0.012 0.011000000000000003 142.19408257657014
-0.0115 0.011000000000000003 199.83648644752435
-0.010999999999999999 0.011000000000000003 275.71437229967245
-0.010499999999999999 0.011000000000000003 373.41708006730357
-0.010000000000000002 0.011000000000000003 496.41916536017783
-0.0095000000000000015 0.011000000000000003 647.74583456355583
-0.0090000000000000011 0.011000000000000003 829.58272509219853
-0.0085000000000000006 0.011000000000000003 1042.8671663108903
-0.0080000000000000002 0.011000000000000003 1286.9130024860397
-0.0074999999999999997 0.011000000000000003 1559.1307493278182
-0.0069999999999999993 0.011000000000000003 1854.9055162676448
-0.0064999999999999988 0.011000000000000003 2167.6839407659659
-0.0059999999999999984 0.011000000000000003 2489.2975119875941
-0.0054999999999999979 0.011000000000000003 2810.5150354574025
-0.005000000000000001 0.011000000000000003 3121.7765395390838
-0.0044999999999999971 0.011000000000000003 3414.022071809582
-0.0040000000000000001 0.011000000000000003 3679.5001840345722
-0.0035000000000000031 0.011000000000000003 3912.4303371016667
-0.0029999999999999992 0.011000000000000003 4109.4060322414052
-0.0025000000000000022 0.011000000000000003 4269.4617143524447
-0.0019999999999999983 0.011000000000000003 4393.7815754405992
-0.0015000000000000013 0.011000000000000003 4485.0926139443891
-0.00099999999999999742 0.011000000000000003 4546.8448917881933
-0.00050000000000000044 0.011000000000000003 4582.3257689626607
0 0.011000000000000003 4593.87166979828
0.00050000000000000044 0.011000000000000003 4582.3257689626607
0.0010000000000000009 0.011000000000000003 4546.8448917881924
0.0015000000000000013 0.011000000000000003 4485.0926139443882
0.0020000000000000018 0.011000000000000003 4393.7815754405983
0.0024999999999999988 0.011000000000000003 4269.4617143524465
0.0030000000000000027 0.011000000000000003 4109.4060322414025
0.0034999999999999996 0.011000000000000003 3912.4303371016686
0.0040000000000000036 0.011000000000000003 3679.5001840345708
0.0045000000000000005 0.011000000000000003 3414.0220718095798
0.0049999999999999975 0.011000000000000003 3121.7765395390857
0.0055000000000000014 0.011000000000000003 2810.5150354574007
0.0059999999999999984 0.011000000000000003 2489.2975119875941
0.0064999999999999988 0.011000000000000003 2167.6839407659663
0.0069999999999999993 0.011000000000000003 1854.9055162676457
0.0074999999999999997 0.011000000000000003 1559.1307493278189
0.0080000000000000002 0.011000000000000003 1286.9130024860403
0.0085000000000000006 0.011000000000000003 1042.8671663108917
0.0090000000000000011 0.011000000000000003 829.58272509219933
0.0095000000000000015 0.011000000000000003 647.74583456355617
0.010000000000000002 0.011000000000000003 496.41916536017828
0.010500000000000002 0.011000000000000003 373.417080067303
0.011000000000000003 0.011000000000000003 275.71437229967216
0.011500000000000003 0.011000000000000003 199.83648644752418
0.012000000000000004 0.011000000000000003 142.19408257656991
0.012499999999999997 0.011000000000000003 99.341255819470618
0.013000000000000005 0.011000000000000003 68.151643555654701
0.013499999999999998 0.011000000000000003 45.918145808472389
0.014000000000000005 0.011000000000000003 30.389282194976065
0.014499999999999999 0.011000000000000003 19.758493902183215
0.014999999999999999 0.011000000000000003 12.62276655532315
0.0155 0.011000000000000003 7.9248627739209523
0.016000000000000007 0.011000000000000003 4.8902611063667081
0.016500000000000001 0.011000000000000003 2.9664550928128079
0.017000000000000001 0.011000000000000003 1.7691527134188116
0.017500000000000002 0.011000000000000003 1.037441269996189
0.017999999999999995 0.011000000000000003 0.59823556874654316
0.018500000000000003 0.011000000000000003 0.33925098553611949
0.019000000000000003 0.011000000000000003 0.18920330113395564
0.019500000000000003 0.011000000000000003 0.10377716041082038
0.019999999999999997 0.011000000000000003 0.055980285586817828
0.020499999999999997 0.011000000000000003 0.029696930629111256
0.021000000000000005 0.011000000000000003 0.015491825528282526
0.021500000000000005 0.011000000000000003 0.0079463744802269389
0.021999999999999999 0.011000000000000003 0.0040073946806955668
0.022499999999999999 0.011000000000000003 0.0019866659758306943
0.023000000000000007 0.011000000000000003 0.00096804016928773724
0.023500000000000007 0.011000000000000003 0.00046355202735277504
0.024 0.011000000000000003 0.00021810575049310466
0.024500000000000001 0.011000000000000003 0.00010081468880363858
0.025000000000000001 0.011000000000000003 4.5771174353001396e-05
-0.025000000000000001 0.011500000000000003 3.0209355705034697e-05
-0.024500000000000001 0.011500000000000003 6.6831746276973972e-05
-0.024 0.011500000000000003 0.00014526720551908201
-0.0235 0.011500000000000003 0.00031029130489670676
-0.023 0.011500000000000003 0.00065141723657591787
-0.022500000000000003 0.011500000000000003 0.0013443177024047254
-0.022000000000000002 0.011500000000000003 0.0027274486229727783
-0.021500000000000002 0.011500000000000003 0.0054409442079850897
-0.021000000000000001 0.011500000000000003 0.010673252820316583
-0.020500000000000001 0.011500000000000003 0.020589962739391763
-0.02 0.011500000000000003 0.039063459798075233
-0.0195 0.011500000000000003 0.072887077237505066
-0.019 0.011500000000000003 0.13374923228571065
-0.018500000000000003 0.011500000000000003 0.24136668701328429
-0.018000000000000002 0.011500000000000003 0.428333024687923
-0.017500000000000002 0.011500000000000003 0.74742281338336358
-0.017000000000000001 0.011500000000000003 1.2822851409772058
-0.016500000000000001 0.011500000000000003 2.1626246737322981
-0.016 0.011500000000000003 3.5850416635219582
-0.0155 0.011500000000000003 5.8405939701891931
-0.015000000000000001 0.011500000000000003 9.3497389353333684
-0.014500000000000001 0.011500000000000003 14.704484436060952
-0.014 0.011500000000000003 22.716216889860096
-0.0135 0.011500000000000003 34.46572959725146
-0.012999999999999999 0.011500000000000003 51.349513494023761
-0.012500000000000001 0.011500000000000003 75.113633655547659
-0.012 0.011500000000000003 107.86395430412777
-0.0115 0.011500000000000003 152.03976716409886
-0.010999999999999999 0.011500000000000003 210.33785489736638
-0.010499999999999999 0.011500000000000003 285.5765296867217
-0.010000000000000002 0.011500000000000003 380.49486482625446
-0.0095000000000000015 0.011500000000000003 497.49134015532832
-0.0090000000000000011 0.011500000000000003 638.31786155926466
-0.0085000000000000006 0.011500000000000003 803.75809400757203
-0.0080000000000000002 0.011500000000000003 993.33089191939348
-0.0074999999999999997 0.011500000000000003 1205.0673591678731
-0.0069999999999999993 0.011500000000000003 1435.4107432435401
-0.0064999999999999988 0.011500000000000003 1679.2797316767528
-0.0059999999999999984 0.011500000000000003 1930.3170962576723
-0.0054999999999999979 0.011500000000000003 2181.3185170196066
-0.005000000000000001 0.011500000000000003 2424.8046737923096
-0.0044999999999999971 0.011500000000000003 2653.6691417305356
-0.0040000000000000001 0.011500000000000003 2861.8120273104951
-0.0035000000000000031 0.011500000000000003 3044.6608275159629
-0.0029999999999999992 0.011500000000000003 3199.4896748907368
-0.0025000000000000022 0.011500000000000003 3325.4763740455596
-0.0019999999999999983 0.011500000000000003 3423.4796779780781
-0.0015000000000000013 0.011500000000000003 3495.569505959174
-0.00099999999999999742 0.011500000000000003 3544.3902524448376
-0.00050000000000000044 0.011500000000000003 3572.471707358824
0 0.011500000000000003 3581.6153144225236
0.00050000000000000044 0.011500000000000003 3572.471707358824
0.0010000000000000009 0.011500000000000003 3544.3902524448372
0.0015000000000000013 0.011500000000000003 3495.569505959174
0.0020000000000000018 0.011500000000000003 3423.4796779780781
0.0024999999999999988 0.011500000000000003 3325.4763740455614
0.0030000000000000027 0.011500000000000003 3199.4896748907368
0.0034999999999999996 0.011500000000000003 3044.6608275159642
0.0040000000000000036 0.011500000000000003 2861.8120273104942
0.0045000000000000005 0.011500000000000003 2653.6691417305342
0.0049999999999999975 0.011500000000000003 2424.8046737923114
0.0055000000000000014 0.011500000000000003 2181.3185170196052
0.0059999999999999984 0.011500000000000003 1930.3170962576726
0.0064999999999999988 0.011500000000000003 1679.2797316767537
0.0069999999999999993 0.011500000000000003 1435.4107432435408
0.0074999999999999997 0.011500000000000003 1205.0673591678731
0.0080000000000000002 0.011500000000000003 993.33089191939359
0.0085000000000000006 0.011500000000000003 803.75809400757305
0.0090000000000000011 0.011500000000000003 638.31786155926511
0.0095000000000000015 0.011500000000000003 497.49134015532849
0.010000000000000002 0.011500000000000003 380.49486482625491
0.010500000000000002 0.011500000000000003 285.5765296867213
0.011000000000000003 0.011500000000000003 210.33785489736616
0.011500000000000003 0.011500000000000003 152.03976716409875
0.012000000000000004 0.011500000000000003 107.86395430412759
0.012499999999999997 0.011500000000000003 75.113633655547872
0.013000000000000005 0.011500000000000003 51.349513494023668
0.013499999999999998 0.011500000000000003 34.465729597251524
0.014000000000000005 0.011500000000000003 22.716216889860029
0.014499999999999999 0.011500000000000003 14.704484436061
0.014999999999999999 0.011500000000000003 9.3497389353333844
0.0155 0.011500000000000003 5.8405939701891976
0.016000000000000007 0.011500000000000003 3.5850416635219404
0.016500000000000001 0.011500000000000003 2.1626246737323007
0.017000000000000001 0.011500000000000003 1.2822851409772074
0.017500000000000002 0.011500000000000003 0.74742281338336447
0.017999999999999995 0.011500000000000003 0.42833302468792683
0.018500000000000003 0.011500000000000003 0.24136668701328454
0.019000000000000003 0.011500000000000003 0.13374923228571053
0.019500000000000003 0.011500000000000003 0.072887077237504941
0.019999999999999997 0.011500000000000003 0.039063459798075476
0.020499999999999997 0.011500000000000003 0.020589962739391888
0.021000000000000005 0.011500000000000003 0.010673252820316573
0.021500000000000005 0.011500000000000003 0.0054409442079850776
0.021999999999999999 0.011500000000000003 0.0027274486229727892
0.022499999999999999 0.011500000000000003 0.0013443177024047321
0.023000000000000007 0.011500000000000003 0.00065141723657591159
0.023500000000000007 0.011500000000000003 0.00031029130489670302
0.024 0.011500000000000003 0.00014526720551908214
0.024500000000000001 0.011500000000000003 6.6831746276974148e-05
0.025000000000000001 0.011500000000000003 3.020935570503472e-05
-0.025000000000000001 0.012000000000000004 1.968881546739246e-05
-0.024500000000000001 0.012000000000000004 4.3772105430307504e-05
-0.024 0.012000000000000004 9.5641067399343215e-05
-0.0235 0.012000000000000004 0.00020541275010373046
-0.023 0.012000000000000004 0.00043371775225848317
-0.022500000000000003 0.012000000000000004 0.00090040333095358282
-0.022000000000000002 0.012000000000000004 0.0018380674334545397
-0.021500000000000002 0.012000000000000004 0.0036898990407287077
-0.021000000000000001 0.012000000000000004 0.0072848294543773036
-0.020500000000000001 0.012000000000000004 0.014144499491544553
-0.02 0.012000000000000004 0.027009617762679492
-0.0195 0.012000000000000004 0.050722342019671574
-0.019 0.012000000000000004 0.093671158735573523
-0.018500000000000003 0.012000000000000004 0.1700995121935634
-0.018000000000000002 0.012000000000000004 0.30370072229802469
-0.017500000000000002 0.012000000000000004 0.53306551735761043
-0.017000000000000001 0.012000000000000004 0.9197010176799274
-0.016500000000000001 0.012000000000000004 1.5594727433851274
-0.016 0.012000000000000004 2.5983862570841953
-0.0155 0.012000000000000004 4.2535524260633135
-0.015000000000000001 0.012000000000000004 6.8398802641101852
-0.014500000000000001 0.012000000000000004 10.802414780608657
-0.014 0.012000000000000004 16.75319719953492
-0.0135 0.012000000000000004 25.510030030070087
-0.012999999999999999 0.012000000000000004 38.132627604040984
-0.012500000000000001 0.012000000000000004 55.949506086976605
-0.012 0.012000000000000004 80.56696568078867
-0.0115 0.012000000000000004 113.85016254894848
-0.010999999999999999 0.012000000000000004 157.86620341488688
-0.010499999999999999 0.012000000000000004 214.78107974821734
-0.010000000000000002 0.012000000000000004 286.70658977804692
-0.0095000000000000015 0.012000000000000004 375.50030310009112
-0.0090000000000000011 0.012000000000000004 482.53065794250978
-0.0085000000000000006 0.012000000000000004 608.42929746463062
-0.0080000000000000002 0.012000000000000004 752.86192143739572
-0.0074999999999999997 0.012000000000000004 914.35497085904888
-0.0069999999999999993 0.012000000000000004 1090.2160742199087
-0.0064999999999999988 0.012000000000000004 1276.5796369495572
-0.0059999999999999984 0.012000000000000004 1468.594716696105
-0.0054999999999999979 0.012000000000000004 1660.7515348487211
-0.005000000000000001 0.012000000000000004 1847.3185886845838
-0.0044999999999999971 0.012000000000000004 2022.8388210119983
-0.0040000000000000001 0.012000000000000004 2182.615870705607
-0.0035000000000000031 0.012000000000000004 2323.1148341404682
-0.0029999999999999992 0.012000000000000004 2442.2092876528991
-0.0025000000000000022 0.012000000000000004 2539.2278965000355
-0.0019999999999999983 0.012000000000000004 2614.7868883811429
-0.0015000000000000013 0.012000000000000004 2670.4331820819871
-0.00099999999999999742 0.012000000000000004 2708.1593510998941
-0.00050000000000000044 0.012000000000000004 2729.8779866530363
0 0.012000000000000004 2736.9531958204461
0.00050000000000000044 0.012000000000000004 2729.8779866530358
0.0010000000000000009 0.012000000000000004 2708.1593510998941
0.0015000000000000013 0.012000000000000004 2670.4331820819866
0.0020000000000000018 0.012000000000000004 2614.786888381142
0.0024999999999999988 0.012000000000000004 2539.227896500036
0.0030000000000000027 0.012000000000000004 2442.2092876528977
0.0034999999999999996 0.012000000000000004 2323.1148341404687
0.0040000000000000036 0.012000000000000004 2182.6158707056056
0.0045000000000000005 0.012000000000000004 2022.838821011997
0.0049999999999999975 0.012000000000000004 1847.3185886845849
0.0055000000000000014 0.012000000000000004 1660.7515348487198
0.0059999999999999984 0.012000000000000004 1468.594716696105
0.0064999999999999988 0.012000000000000004 1276.5796369495572
0.0069999999999999993 0.012000000000000004 1090.2160742199087
0.0074999999999999997 0.012000000000000004 914.35497085904899
0.0080000000000000002 0.012000000000000004 752.86192143739618
0.0085000000000000006 0.012000000000000004 608.42929746463062
0.0090000000000000011 0.012000000000000004 482.53065794250978
0.0095000000000000015 0.012000000000000004 375.50030310009112
0.010000000000000002 0.012000000000000004 286.70658977804692
0.010500000000000002 0.012000000000000004 214.78107974821697
0.011000000000000003 0.012000000000000004 157.86620341488657
0.011500000000000003 0.012000000000000004 113.85016254894821
0.012000000000000004 0.012000000000000004 80.566965680788599
0.012499999999999997 0.012000000000000004 55.949506086976797
0.013000000000000005 0.012000000000000004 38.132627604040856
0.013499999999999998 0.012000000000000004 25.510030030070126
0.014000000000000005 0.012000000000000004 16.75319719953486
0.014499999999999999 0.012000000000000004 10.802414780608691
0.014999999999999999 0.012000000000000004 6.8398802641102039
0.0155 0.012000000000000004 4.2535524260633251
0.016000000000000007 0.012000000000000004 2.5983862570841771
0.016500000000000001 0.012000000000000004 1.5594727433851314
0.017000000000000001 0.012000000000000004 0.91970101767992851
0.017500000000000002 0.012000000000000004 0.53306551735761043
0.017999999999999995 0.012000000000000004 0.3037007222980273
0.018500000000000003 0.012000000000000004 0.1700995121935634
0.019000000000000003 0.012000000000000004 0.093671158735573454
0.019500000000000003 0.012000000000000004 0.050722342019671497
0.019999999999999997 0.012000000000000004 0.02700961776267969
0.020499999999999997 0.012000000000000004 0.014144499491544643
0.021000000000000005 0.012000000000000004 0.0072848294543772967
0.021500000000000005 0.012000000000000004 0.0036898990407286973
0.021999999999999999 0.012000000000000004 0.0018380674334545479
0.022499999999999999 0.012000000000000004 0.00090040333095358792
0.023000000000000007 0.012000000000000004 0.00043371775225847911
0.023500000000000007 0.012000000000000004 0.00020541275010372854
0.024 0.012000000000000004 9.5641067399343323e-05
0.024500000000000001 0.012000000000000004 4.3772105430307592e-05
0.025000000000000001 0.012000000000000004 1.968881546739248e-05
-0.025000000000000001 0.012499999999999997 1.2682814132004374e-05
-0.024500000000000001 0.012499999999999997 2.8349374927384406e-05
-0.024 0.012499999999999997 6.2294900332056504e-05
-0.0235 0.012499999999999997 0.00013458543724276665
-0.023 0.012499999999999997 0.00028590849787049871
-0.022500000000000003 0.012499999999999997 0.00059727798468487531
-0.022000000000000002 0.012499999999999997 0.0012270791411143251
-0.021500000000000002 0.012499999999999997 0.0024793042878144675
-0.021000000000000001 0.012499999999999997 0.0049266399483076165
-0.020500000000000001 0.012499999999999997 0.0096277766615006487
-0.02 0.012499999999999997 0.018502654883775976
-0.0195 0.012499999999999997 0.03496571950680509
-0.019 0.012499999999999997 0.064969361350080163
-0.018500000000000003 0.012499999999999997 0.1186808831461466
-0.018000000000000002 0.012499999999999997 0.21310798449022442
-0.017500000000000002 0.012499999999999997 0.37609720335263647
-0.017000000000000001 0.012499999999999997 0.65224692634470505
-0.016500000000000001 0.012499999999999997 1.1113802788103471
-0.016 0.012499999999999997 1.8602774087608283
-0.0155 0.012499999999999997 3.0583184685508127
-0.015000000000000001 0.012499999999999997 4.937469752702377
-0.014500000000000001 0.012499999999999997 7.8265802150551176
-0.014 0.012499999999999997 12.179176879781165
-0.0135 0.012499999999999997 18.602822588733808
-0.012999999999999999 0.012499999999999997 27.886662379924122
-0.012500000000000001 0.012499999999999997 41.022171580602297
-0.012 0.012499999999999997 59.210592779353952
-0.0115 0.012499999999999997 83.849503478108844
-0.010999999999999999 0.012499999999999997 116.49087935844703
-0.010499999999999999 0.012499999999999997 158.76440913612868
-0.010000000000000002 0.012499999999999997 212.26305635324812
-0.0095000000000000015 0.012499999999999997 278.39305228452696
-0.0090000000000000011 0.012499999999999997 358.19731018239349
-0.0085000000000000006 0.012499999999999997 452.16881223200738
-0.0080000000000000002 0.012499999999999997 560.07746059949943
-0.0074999999999999997 0.012499999999999997 680.83848137585301
-0.0069999999999999993 0.012499999999999997 812.45098715440861
-0.0064999999999999988 0.012499999999999997 952.03043241268631
-0.0059999999999999984 0.012499999999999997 1095.9480268489231
-0.0054999999999999979 0.012499999999999997 1240.0745553658508
-0.005000000000000001 0.012499999999999997 1380.1077118395565
-0.0044999999999999971 0.012499999999999997 1511.9443502040731
-0.0040000000000000001 0.012499999999999997 1632.0459005099972
-0.0035000000000000031 0.012499999999999997 1737.7401785904244
-0.0029999999999999992 0.012499999999999997 1827.4082535428147
-0.0025000000000000022 0.012499999999999997 1900.5211916604151
-0.0019999999999999983 0.012499999999999997 1957.5162118667795
-0.0015000000000000013 0.012499999999999997 1999.53069840845
-0.00099999999999999742 0.012499999999999997 2028.0398497527428
-0.00050000000000000044 0.012499999999999997 2044.4635756517221
0 0.012499999999999997 2049.8159203560135
0.00050000000000000044 0.012499999999999997 2044.4635756517218
0.0010000000000000009 0.012499999999999997 2028.0398497527428
0.0015000000000000013 0.012499999999999997 1999.5306984084498
0.0020000000000000018 0.012499999999999997 1957.5162118667795
0.0024999999999999988 0.012499999999999997 1900.521191660416
0.0030000000000000027 0.012499999999999997 1827.4082535428133
0.0034999999999999996 0.012499999999999997 1737.7401785904246
0.0040000000000000036 0.012499999999999997 1632.0459005099965
0.0045000000000000005 0.012499999999999997 1511.944350204072
0.0049999999999999975 0.012499999999999997 1380.1077118395576
0.0055000000000000014 0.012499999999999997 1240.0745553658503
0.0059999999999999984 0.012499999999999997 1095.9480268489233
0.0064999999999999988 0.012499999999999997 952.03043241268676
0.0069999999999999993 0.012499999999999997 812.45098715440861
0.0074999999999999997 0.012499999999999997 680.83848137585301
0.0080000000000000002 0.012499999999999997 560.07746059949943
0.0085000000000000006 0.012499999999999997 452.16881223200755
0.0090000000000000011 0.012499999999999997 358.19731018239361
0.0095000000000000015 0.012499999999999997 278.39305228452719
0.010000000000000002 0.012499999999999997 212.26305635324829
0.010500000000000002 0.012499999999999997 158.76440913612851
0.011000000000000003 0.012499999999999997 116.49087935844692
0.011500000000000003 0.012499999999999997 83.849503478108687
0.012000000000000004 0.012499999999999997 59.210592779353846
0.012499999999999997 0.012499999999999997 41.022171580602439
0.013000000000000005 0.012499999999999997 27.886662379924029
0.013499999999999998 0.012499999999999997 18.602822588733837
0.014000000000000005 0.012499999999999997 12.179176879781123
0.014499999999999999 0.012499999999999997 7.8265802150551291
0.014999999999999999 0.012499999999999997 4.937469752702393
0.0155 0.012499999999999997 3.0583184685508167
0.016000000000000007 0.012499999999999997 1.8602774087608152
0.016500000000000001 0.012499999999999997 1.1113802788103486
0.017000000000000001 0.012499999999999997 0.65224692634470516
0.017500000000000002 0.012499999999999997 0.37609720335263747
0.017999999999999995 0.012499999999999997 0.21310798449022647
0.018500000000000003 0.012499999999999997 0.11868088314614673
0.019000000000000003 0.012499999999999997 0.064969361350080038
0.019500000000000003 0.012499999999999997 0.034965719506805021
0.019999999999999997 0.012499999999999997 0.018502654883776115
0.020499999999999997 0.012499999999999997 0.0096277766615007129
0.021000000000000005 0.012499999999999997 0.0049266399483076052
0.021500000000000005 0.012499999999999997 0.0024793042878144631
0.021999999999999999 0.012499999999999997 0.0012270791411143314
0.022499999999999999 0.012499999999999997 0.00059727798468487813
0.023000000000000007 0.012499999999999997 0.00028590849787049611
0.023500000000000007 0.012499999999999997 0.00013458543724276559
0.024 0.012499999999999997 6.2294900332056667e-05
0.024500000000000001 0.012499999999999997 2.8349374927384474e-05
0.025000000000000001 0.012499999999999997 1.2682814132004401e-05
-0.025000000000000001 0.013000000000000005 8.0814790064282801e-06
-0.024500000000000001 0.013000000000000005 1.8170030325131397e-05
-0.024 0.013000000000000005 4.0169107134405915e-05
-0.0235 0.013000000000000005 8.7325319673977985e-05
-0.023 0.013000000000000005 0.00018669333525884736
-0.022500000000000003 0.013000000000000005 0.00039253263670102048
-0.022000000000000002 0.013000000000000005 0.00081168365612861758
-0.021500000000000002 0.013000000000000005 0.0016506520283455577
-0.021000000000000001 0.013000000000000005 0.0033011378790429187
-0.020500000000000001 0.013000000000000005 0.0064920452587730647
-0.02 0.013000000000000005 0.012553620218326981
-0.0195 0.013000000000000005 0.023865825810606617
-0.019 0.013000000000000005 0.04460118630619711
-0.018500000000000003 0.013000000000000005 0.081924667743870985
-0.018000000000000002 0.013000000000000005 0.14788092368838024
-0.017500000000000002 0.013000000000000005 0.26228060819338006
-0.017000000000000001 0.013000000000000005 0.45698521908277767
-0.016500000000000001 0.013000000000000005 0.78206859764574499
-0.016 0.013000000000000005 1.3143762634089713
-0.0155 0.013000000000000005 2.1689720559762065
-0.015000000000000001 0.013000000000000005 3.513804411890268
-0.014500000000000001 0.013000000000000005 5.5875855123745124
-0.014 0.013000000000000005 8.720305124783895
-0.0135 0.013000000000000005 13.354971913272308
-0.012999999999999999 0.013000000000000005 20.068112566200533
-0.012500000000000001 0.013000000000000005 29.585362824678004
-0.012 0.013000000000000005 42.787348398139585
-0.0115 0.013000000000000005 60.700268386436704
-0.010999999999999999 0.013000000000000005 84.465520452565002
-0.010499999999999999 0.013000000000000005 115.28371611960969
-0.010000000000000002 0.013000000000000005 154.33080949995593
-0.0095000000000000015 0.013000000000000005 202.64788091583281
-0.0090000000000000011 0.013000000000000005 261.01113564961622
-0.0085000000000000006 0.013000000000000005 329.79426319252872
-0.0080000000000000002 0.013000000000000005 408.84043916000195
-0.0074999999999999997 0.013000000000000005 497.36466982913794
-0.0069999999999999993 0.013000000000000005 593.907593903764
-0.0064999999999999988 0.013000000000000005 696.35829946017952
-0.0059999999999999984 0.013000000000000005 802.0558802629464
-0.0054999999999999979 0.013000000000000005 907.96796714626737
-0.005000000000000001 0.013000000000000005 1010.9309615342959
-0.0044999999999999971 0.013000000000000005 1107.9236458837122
-0.0040000000000000001 0.013000000000000005 1196.3361306713991
-0.0035000000000000031 0.013000000000000005 1274.1923655224539
-0.0029999999999999992 0.013000000000000005 1340.2884038429411
-0.0025000000000000022 0.013000000000000005 1394.2204647953147
-0.0019999999999999983 0.013000000000000005 1436.2949997029496
-0.0015000000000000013 0.013000000000000005 1467.3342297212832
-0.00099999999999999742 0.013000000000000005 1488.4107310292693
-0.00050000000000000044 0.013000000000000005 1500.5592439555619
0 0.013000000000000005 1504.5195378760554
0.00050000000000000044 0.013000000000000005 1500.5592439555614
0.0010000000000000009 0.013000000000000005 1488.4107310292693
0.0015000000000000013 0.013000000000000005 1467.3342297212835
0.0020000000000000018 0.013000000000000005 1436.2949997029489
0.0024999999999999988 0.013000000000000005 1394.2204647953151
0.0030000000000000027 0.013000000000000005 1340.2884038429402
0.0034999999999999996 0.013000000000000005 1274.1923655224541
0.0040000000000000036 0.013000000000000005 1196.3361306713987
0.0045000000000000005 0.013000000000000005 1107.9236458837117
0.0049999999999999975 0.013000000000000005 1010.9309615342966
0.0055000000000000014 0.013000000000000005 907.96796714626657
0.0059999999999999984 0.013000000000000005 802.0558802629464
0.0064999999999999988 0.013000000000000005 696.35829946017952
0.0069999999999999993 0.013000000000000005 593.907593903764
0.0074999999999999997 0.013000000000000005 497.36466982913799
0.0080000000000000002 0.013000000000000005 408.84043916000223
0.0085000000000000006 0.013000000000000005 329.79426319252872
0.0090000000000000011 0.013000000000000005 261.01113564961622
0.0095000000000000015 0.013000000000000005 202.64788091583284
0.010000000000000002 0.013000000000000005 154.33080949995593
0.010500000000000002 0.013000000000000005 115.28371611960948
0.011000000000000003 0.013000000000000005 84.465520452564775
0.011500000000000003 0.013000000000000005 60.700268386436598
0.012000000000000004 0.013000000000000005 42.787348398139514
0.012499999999999997 0.013000000000000005 29.585362824678075
0.013000000000000005 0.013000000000000005 20.06811256620048
0.013499999999999998 0.013000000000000005 13.354971913272342
0.014000000000000005 0.013000000000000005 8.720305124783863
0.014499999999999999 0.013000000000000005 5.587585512374531
0.014999999999999999 0.013000000000000005 3.5138044118902787
0.0155 0.013000000000000005 2.16897205597621
0.016000000000000007 0.013000000000000005 1.3143762634089649
0.016500000000000001 0.013000000000000005 0.7820685976457461
0.017000000000000001 0.013000000000000005 0.45698521908277767
0.017500000000000002 0.013000000000000005 0.26228060819338006
0.017999999999999995 0.013000000000000005 0.14788092368838146
0.018500000000000003 0.013000000000000005 0.081924667743870985
0.019000000000000003 0.013000000000000005 0.044601186306197062
0.019500000000000003 0.013000000000000005 0.023865825810606589
0.019999999999999997 0.013000000000000005 0.01255362021832707
0.020499999999999997 0.013000000000000005 0.0064920452587731142
0.021000000000000005 0.013000000000000005 0.0033011378790429092
0.021500000000000005 0.013000000000000005 0.0016506520283455525
0.021999999999999999 0.013000000000000005 0.00081168365612862225
0.022499999999999999 0.013000000000000005 0.0003925326367010226
0.023000000000000007 0.013000000000000005 0.00018669333525884636
0.023500000000000007 0.013000000000000005 8.732531967397732e-05
0.024 0.013000000000000005 4.0169107134405976e-05
0.024500000000000001 0.013000000000000005 1.8170030325131421e-05
0.025000000000000001 0.013000000000000005 8.0814790064282903e-06
-0.025000000000000001 0.013499999999999998 5.0974805758494811e-06
-0.024500000000000001 0.013499999999999998 1.1531994216971856e-05
-0.024 0.013499999999999998 2.5655890953085489e-05
-0.0235 0.013499999999999998 5.6133800737879031e-05
-0.023 0.013499999999999998 0.00012078845166426295
-0.022500000000000003 0.013499999999999998 0.00025561529359737877
-0.022000000000000002 0.013499999999999998 0.00053197782138410927
-0.021500000000000002 0.013499999999999998 0.0010887263767262998
-0.021000000000000001 0.013499999999999998 0.0021909121363745889
-0.020500000000000001 0.013499999999999998 0.0043347587258352411
-0.02 0.013499999999999998 0.008431075332961056
-0.0195 0.013499999999999998 0.016118194952562264
-0.019 0.013499999999999998 0.030282873071163584
-0.018500000000000003 0.013499999999999998 0.055905287166462564
-0.018000000000000002 0.013499999999999998 0.10139330140811242
-0.017500000000000002 0.013499999999999998 0.1806302998543077
-0.017000000000000001 0.013499999999999998 0.31602504083054894
-0.016500000000000001 0.013499999999999998 0.54291005247690383
-0.016 0.013499999999999998 0.91566796157630714
-0.0155 0.013499999999999998 1.5159444856698825
-0.015000000000000001 0.013499999999999998 2.4631958179483129
-0.014500000000000001 0.013499999999999998 3.9275756187199806
-0.014 0.013499999999999998 6.1447559026026024
-0.0135 0.013499999999999998 9.4316778859455379
-0.012999999999999999 0.013499999999999998 14.201460247528708
-0.012500000000000001 0.013499999999999998 20.974824692962653
-0.012 0.013499999999999998 30.384572149445148
-0.0115 0.013499999999999998 43.169067472207807
-0.010999999999999999 0.013499999999999998 60.150627883247701
-0.010499999999999999 0.013499999999999998 82.195429297993613
-0.010000000000000002 0.013499999999999998 110.15325137318041
-0.0095000000000000015 0.013499999999999998 144.77813407223638
-0.0090000000000000011 0.013499999999999998 186.63464203884334
-0.0085000000000000006 0.013499999999999998 235.99847099697575
-0.0080000000000000002 0.013499999999999998 292.76385025811499
-0.0074999999999999997 0.013499999999999998 356.37267905581376
-0.0069999999999999993 0.013499999999999998 425.78065321197869
-0.0064999999999999988 0.013499999999999998 499.47309145813807
-0.0059999999999999984 0.013499999999999998 575.53753433347151
-0.0054999999999999979 0.013499999999999998 651.7919097465973
-0.005000000000000001 0.013499999999999998 725.95731577265065
-0.0044999999999999971 0.013499999999999998 795.85504903362539
-0.0040000000000000001 0.013499999999999998 859.60048465440923
-0.0035000000000000031 0.013499999999999998 915.76370132752641
-0.0029999999999999992 0.013499999999999998 963.46957843442203
-0.0025000000000000022 0.013499999999999998 1002.4186174186146
-0.0019999999999999983 0.013499999999999998 1032.8228169007609
-0.0015000000000000013 0.013499999999999998 1055.2662460669765
-0.00099999999999999742 0.013499999999999998 1070.5144528716303
-0.00050000000000000044 0.013499999999999998 1079.3073703941857
0 0.013499999999999998 1082.1744692810105
0.00050000000000000044 0.013499999999999998 1079.3073703941859
0.0010000000000000009 0.013499999999999998 1070.5144528716301
0.0015000000000000013 0.013499999999999998 1055.2662460669762
0.0020000000000000018 0.013499999999999998 1032.8228169007607
0.0024999999999999988 0.013499999999999998 1002.4186174186146
0.0030000000000000027 0.013499999999999998 963.46957843442192
0.0034999999999999996 0.013499999999999998 915.76370132752709
0.0040000000000000036 0.013499999999999998 859.60048465440866
0.0045000000000000005 0.013499999999999998 795.85504903362516
0.0049999999999999975 0.013499999999999998 725.95731577265178
0.0055000000000000014 0.013499999999999998 651.79190974659707
0.0059999999999999984 0.013499999999999998 575.53753433347208
0.0064999999999999988 0.013499999999999998 499.47309145813824
0.0069999999999999993 0.013499999999999998 425.78065321197892
0.0074999999999999997 0.013499999999999998 356.37267905581393
0.0080000000000000002 0.013499999999999998 292.76385025811538
0.0085000000000000006 0.013499999999999998 235.99847099697575
0.0090000000000000011 0.013499999999999998 186.63464203884351
0.0095000000000000015 0.013499999999999998 144.77813407223638
0.010000000000000002 0.013499999999999998 110.15325137318052
0.010500000000000002 0.013499999999999998 82.195429297993599
0.011000000000000003 0.013499999999999998 60.150627883247694
0.011500000000000003 0.013499999999999998 43.169067472207807
0.012000000000000004 0.013499999999999998 30.384572149445116
0.012499999999999997 0.013499999999999998 20.974824692962741
0.013000000000000005 0.013499999999999998 14.201460247528669
0.013499999999999998 0.013499999999999998 9.4316778859455592
0.014000000000000005 0.013499999999999998 6.1447559026025855
0.014499999999999999 0.013499999999999998 3.9275756187199935
0.014999999999999999 0.013499999999999998 2.4631958179483213
0.0155 0.013499999999999998 1.5159444856698847
0.016000000000000007 0.013499999999999998 0.91566796157630237
0.016500000000000001 0.013499999999999998 0.5429100524769046
0.017000000000000001 0.013499999999999998 0.31602504083054894
0.017500000000000002 0.013499999999999998 0.18063029985430798
0.017999999999999995 0.013499999999999998 0.10139330140811331
0.018500000000000003 0.013499999999999998 0.05590528716646264
0.019000000000000003 0.013499999999999998 0.03028287307116357
0.019500000000000003 0.013499999999999998 0.01611819495256224
0.019999999999999997 0.013499999999999998 0.0084310753329611167
0.020499999999999997 0.013499999999999998 0.0043347587258352671
0.021000000000000005 0.013499999999999998 0.0021909121363745863
0.021500000000000005 0.013499999999999998 0.001088726376726297
0.021999999999999999 0.013499999999999998 0.00053197782138411371
0.022499999999999999 0.013499999999999998 0.0002556152935973798
0.023000000000000007 0.013499999999999998 0.00012078845166426167
0.023500000000000007 0.013499999999999998 5.6133800737878733e-05
0.024 0.013499999999999998 2.5655890953085533e-05
0.024500000000000001 0.013499999999999998 1.1531994216971892e-05
0.025000000000000001 0.013499999999999998 5.0974805758494879e-06
-0.025000000000000001 0.014000000000000005 3.184539719695666e-06
-0.024500000000000001 0.014000000000000005 7.2506213030810098e-06
-0.024 0.014000000000000005 1.6235516712483635e-05
-0.0235 0.014000000000000005 3.5753570289201782e-05
-0.023 0.014000000000000005 7.7432469100996234e-05
-0.022500000000000003 0.014000000000000005 0.00016491245032736334
-0.022000000000000002 0.014000000000000005 0.00034536287388658597
-0.021500000000000002 0.014000000000000005 0.00071112329453675233
-0.021000000000000001 0.014000000000000005 0.0014394864498380483
-0.020500000000000001 0.014000000000000005 0.0028641953273076917
-0.02 0.014000000000000005 0.0056009680355899828
-0.0195 0.014000000000000005 0.010762610278107152
-0.019 0.014000000000000005 0.020318514123902166
-0.018500000000000003 0.014000000000000005 0.037679953561071941
-0.018000000000000002 0.014000000000000005 0.068627304455274943
-0.017500000000000002 0.014000000000000005 0.12273734848068152
-0.017000000000000001 0.014000000000000005 0.21551462156117149
-0.016500000000000001 0.014000000000000005 0.3714725451298071
-0.016 0.014000000000000005 0.6284343364054964
-0.0155 0.014000000000000005 1.0433103541628694
-0.015000000000000001 0.014000000000000005 1.6995314563313169
-0.014500000000000001 0.014000000000000005 2.7161477991197729
-0.014 0.014000000000000005 4.2583129117273728
-0.0135 0.014000000000000005 6.5484501303300222
-0.012999999999999999 0.014000000000000005 9.8768541875042057
-0.012500000000000001 0.014000000000000005 14.609865185848211
-0.012 0.014000000000000005 21.193164215676781
-0.0115 0.014000000000000005 30.14732824963798
-0.010999999999999999 0.014000000000000005 42.052732137470038
-0.010499999999999999 0.014000000000000005 57.521388322463054
-0.010000000000000002 0.014000000000000005 77.154516966779894
-0.0095000000000000015 0.014000000000000005 101.48658212821529
-0.0090000000000000011 0.014000000000000005 130.91909142441918
-0.0085000000000000006 0.014000000000000005 165.65031456496666
-0.0080000000000000002 0.014000000000000005 205.60971240420542
-0.0074999999999999997 0.014000000000000005 250.4076332135574
-0.0069999999999999993 0.014000000000000005 299.31106929280571
-0.0064999999999999988 0.014000000000000005 351.25447795585239
-0.0059999999999999984 0.014000000000000005 404.89069709507623
-0.0054999999999999979 0.014000000000000005 458.6811413675494
-0.005000000000000001 0.014000000000000005 511.01758185138408
-0.0044999999999999971 0.014000000000000005 560.36115132776899
-0.0040000000000000001 0.014000000000000005 605.37924794513606
-0.0035000000000000031 0.014000000000000005 645.05908209662937
-0.0029999999999999992 0.014000000000000005 678.77859923385836
-0.0025000000000000022 0.014000000000000005 706.32151957713916
-0.0019999999999999983 0.014000000000000005 727.83246059871897
-0.0015000000000000013 0.014000000000000005 743.71891634905217
-0.00099999999999999742 0.014000000000000005 754.51709827409411
-0.00050000000000000044 0.014000000000000005 760.74607641701152
0 0.014000000000000005 762.77754850878978
0.00050000000000000044 0.014000000000000005 760.74607641701164
0.0010000000000000009 0.014000000000000005 754.517098274094
0.0015000000000000013 0.014000000000000005 743.71891634905182
0.0020000000000000018 0.014000000000000005 727.83246059871874
0.0024999999999999988 0.014000000000000005 706.32151957713916
0.0030000000000000027 0.014000000000000005 678.77859923385824
0.0034999999999999996 0.014000000000000005 645.05908209662982
0.0040000000000000036 0.014000000000000005 605.3792479451356
0.0045000000000000005 0.014000000000000005 560.36115132776899
0.0049999999999999975 0.014000000000000005 511.01758185138465
0.0055000000000000014 0.014000000000000005 458.68114136754923
0.0059999999999999984 0.014000000000000005 404.89069709507663
0.0064999999999999988 0.014000000000000005 351.25447795585251
0.0069999999999999993 0.014000000000000005 299.31106929280583
0.0074999999999999997 0.014000000000000005 250.40763321355749
0.0080000000000000002 0.014000000000000005 205.60971240420562
0.0085000000000000006 0.014000000000000005 165.65031456496666
0.0090000000000000011 0.014000000000000005 130.91909142441929
0.0095000000000000015 0.014000000000000005 101.48658212821539
0.010000000000000002 0.014000000000000005 77.154516966780093
0.010500000000000002 0.014000000000000005 57.52138832246299
0.011000000000000003 0.014000000000000005 42.052732137469924
0.011500000000000003 0.014000000000000005 30.147328249637908
0.012000000000000004 0.014000000000000005 21.193164215676763
0.012499999999999997 0.014000000000000005 14.60986518584825
0.013000000000000005 0.014000000000000005 9.8768541875041791
0.013499999999999998 0.014000000000000005 6.5484501303300338
0.014000000000000005 0.014000000000000005 4.2583129117273586
0.014499999999999999 0.014000000000000005 2.7161477991197773
0.014999999999999999 0.014000000000000005 1.6995314563313226
0.0155 0.014000000000000005 1.0433103541628728
0.016000000000000007 0.014000000000000005 0.62843433640549284
0.016500000000000001 0.014000000000000005 0.37147254512980826
0.017000000000000001 0.014000000000000005 0.21551462156117149
0.017500000000000002 0.014000000000000005 0.12273734848068189
0.017999999999999995 0.014000000000000005 0.068627304455275664
0.018500000000000003 0.014000000000000005 0.037679953561071941
0.019000000000000003 0.014000000000000005 0.020318514123902152
0.019500000000000003 0.014000000000000005 0.010762610278107144
0.019999999999999997 0.014000000000000005 0.0056009680355900253
0.020499999999999997 0.014000000000000005 0.00286419532730771
0.021000000000000005 0.014000000000000005 0.0014394864498380483
0.021500000000000005 0.014000000000000005 0.00071112329453675146
0.021999999999999999 0.014000000000000005 0.00034536287388658825
0.022499999999999999 0.014000000000000005 0.00016491245032736475
0.023000000000000007 0.014000000000000005 7.743246910099557e-05
0.023500000000000007 0.014000000000000005 3.575357028920147e-05
0.024 0.014000000000000005 1.6235516712483665e-05
0.024500000000000001 0.014000000000000005 7.2506213030810343e-06
0.025000000000000001 0.014000000000000005 3.1845397196956706e-06
-0.025000000000000001 0.014499999999999999 1.9710996577010714e-06
-0.024500000000000001 0.014499999999999999 4.5170310116026056e-06
-0.024 0.014499999999999999 1.0180105480636201e-05
-0.0235 0.014499999999999999 2.2562411762945855e-05
-0.023 0.014499999999999999 4.9172338989730725e-05
-0.022500000000000003 0.014499999999999999 0.00010536977251006701
-0.022000000000000002 0.014499999999999999 0.00022198294128445524
-0.021500000000000002 0.014499999999999999 0.00045969764935361402
-0.021000000000000001 0.014499999999999999 0.00093563936152492061
-0.020500000000000001 0.014499999999999999 0.0018713618886762394
-0.02 0.014499999999999999 0.0036774470892476756
-0.0195 0.014499999999999999 0.0070990268137543101
-0.019 0.014499999999999999 0.013459804190245252
-0.018500000000000003 0.014499999999999999 0.025060551764004461
-0.018000000000000002 0.014499999999999999 0.045812133882520742
-0.017500000000000002 0.014499999999999999 0.082212326554059939
-0.017000000000000001 0.014499999999999999 0.14480766987190619
-0.016500000000000001 0.014499999999999999 0.25031091868919814
-0.016 0.014499999999999999 0.42456202057886794
-0.0155 0.014499999999999999 0.70651202104701682
-0.015000000000000001 0.014499999999999999 1.1533567051452915
-0.014500000000000001 0.014499999999999999 1.8468297073926838
-0.014 0.014499999999999999 2.9004648246334535
-0.0135 0.014499999999999999 4.4673446642762
-0.012999999999999999 0.014499999999999999 6.7474754076246084
-0.012500000000000001 0.014499999999999999 9.9935000245193493
-0.012 0.014499999999999999 14.513053167297731
-0.0115 0.014499999999999999 20.665773293693707
-0.010999999999999999 0.014499999999999999 28.852950008564648
-0.010499999999999999 0.014499999999999999 39.498129689095414
-0.010000000000000002 0.014499999999999999 53.017832223070663
-0.0095000000000000015 0.014499999999999999 69.782875488304356
-0.0090000000000000011 0.014499999999999999 90.072577967031762
-0.0085000000000000006 0.014499999999999999 114.02609046310852
-0.0080000000000000002 0.014499999999999999 141.59693676389077
-0.0074999999999999997 0.014499999999999999 172.51807028063817
-0.0069999999999999993 0.014499999999999999 206.2849235546974
-0.0064999999999999988 0.014499999999999999 242.16269532738988
-0.0059999999999999984 0.014499999999999999 279.22137459937397
-0.0054999999999999979 0.014499999999999999 316.39795963733707
-0.005000000000000001 0.014499999999999999 352.58056704055201
-0.0044999999999999971 0.014499999999999999 386.70451460053437
-0.0040000000000000001 0.014499999999999999 417.84701833389215
-0.0035000000000000031 0.014499999999999999 445.30580348384893
-0.0029999999999999992 0.014499999999999999 468.64829714400986
-0.0025000000000000022 0.014499999999999999 487.7222195786203
-0.0019999999999999983 0.014499999999999999 502.62476704712589
-0.0015000000000000013 0.014499999999999999 513.63505159293243
-0.00099999999999999742 0.014499999999999999 521.12153834936441
-0.00050000000000000044 0.014499999999999999 525.44136378353812
0 0.014499999999999999 526.8504188101831
0.00050000000000000044 0.014499999999999999 525.44136378353835
0.0010000000000000009 0.014499999999999999 521.12153834936441
0.0015000000000000013 0.014499999999999999 513.63505159293231
0.0020000000000000018 0.014499999999999999 502.62476704712572
0.0024999999999999988 0.014499999999999999 487.72221957862041
0.0030000000000000027 0.014499999999999999 468.64829714400986
0.0034999999999999996 0.014499999999999999 445.30580348384933
0.0040000000000000036 0.014499999999999999 417.84701833389181
0.0045000000000000005 0.014499999999999999 386.70451460053437
0.0049999999999999975 0.014499999999999999 352.58056704055252
0.0055000000000000014 0.014499999999999999 316.39795963733701
0.0059999999999999984 0.014499999999999999 279.2213745993742
0.0064999999999999988 0.014499999999999999 242.16269532738991
0.0069999999999999993 0.014499999999999999 206.2849235546974
0.0074999999999999997 0.014499999999999999 172.51807028063831
0.0080000000000000002 0.014499999999999999 141.59693676389091
0.0085000000000000006 0.014499999999999999 114.0260904631086
0.0090000000000000011 0.014499999999999999 90.072577967031762
0.0095000000000000015 0.014499999999999999 69.782875488304356
0.010000000000000002 0.014499999999999999 53.017832223070755
0.010500000000000002 0.014499999999999999 39.498129689095379
0.011000000000000003 0.014499999999999999 28.852950008564594
0.011500000000000003 0.014499999999999999 20.665773293693668
0.012000000000000004 0.014499999999999999 14.513053167297715
0.012499999999999997 0.014499999999999999 9.9935000245193848
0.013000000000000005 0.014499999999999999 6.7474754076245835
0.013499999999999998 0.014499999999999999 4.467344664276208
0.014000000000000005 0.014499999999999999 2.9004648246334432
0.014499999999999999 0.014499999999999999 1.8468297073926903
0.014999999999999999 0.014499999999999999 1.1533567051452951
0.0155 0.014499999999999999 0.70651202104701794
0.016000000000000007 0.014499999999999999 0.42456202057886577
0.016500000000000001 0.014499999999999999 0.25031091868919936
0.017000000000000001 0.014499999999999999 0.14480766987190619
0.017500000000000002 0.014499999999999999 0.082212326554060328
0.017999999999999995 0.014499999999999999 0.045812133882521193
0.018500000000000003 0.014499999999999999 0.025060551764004461
0.019000000000000003 0.014499999999999999 0.013459804190245244
0.019500000000000003 0.014499999999999999 0.0070990268137543049
0.019999999999999997 0.014499999999999999 0.0036774470892477064
0.020499999999999997 0.014499999999999999 0.0018713618886762578
0.021000000000000005 0.014499999999999999 0.00093563936152491975
0.021500000000000005 0.014499999999999999 0.00045969764935361305
0.021999999999999999 0.014499999999999999 0.00022198294128445738
0.022499999999999999 0.014499999999999999 0.00010536977251006774
0.023000000000000007 0.014499999999999999 4.9172338989730373e-05
0.023500000000000007 0.014499999999999999 2.2562411762945648e-05
0.024 0.014499999999999999 1.0180105480636242e-05
0.024500000000000001 0.014499999999999999 4.5170310116026225e-06
0.025000000000000001 0.014499999999999999 1.9710996577010748e-06
-0.025000000000000001 0.014999999999999999 1.2088742552587523e-06
-0.024500000000000001 0.014999999999999999 2.7881437216360812e-06
-0.024 0.014999999999999999 6.3235481881504555e-06
-0.0235 0.014999999999999999 1.4101929066124273e-05
-0.023 0.014999999999999999 3.0918548302797125e-05
-0.022500000000000003 0.014999999999999999 6.6638497263537023e-05
-0.022000000000000002 0.014999999999999999 0.00014116685143825914
-0.021500000000000002 0.014999999999999999 0.00029388157197282231
-0.021000000000000001 0.014999999999999999 0.00060113359541439672
-0.020500000000000001 0.014999999999999999 0.0012079621130907888
-0.02 0.014999999999999999 0.0023842017786061928
-0.0195 0.014999999999999999 0.0046212990304987465
-0.019 0.014999999999999999 0.0087951209293101133
-0.018500000000000003 0.014999999999999999 0.016432504305541547
-0.018000000000000002 0.014999999999999999 0.030135633534940535
-0.017500000000000002 0.014999999999999999 0.05423822217645316
-0.017000000000000001 0.014999999999999999 0.095789285152420037
-0.016500000000000001 0.014999999999999999 0.16598039957311642
-0.016 0.014999999999999999 0.28214443743608214
-0.0155 0.014999999999999999 0.47044835603781843
-0.015000000000000001 0.014999999999999999 0.76936739313639724
-0.014500000000000001 0.014999999999999999 1.2339490173599375
-0.014 0.014999999999999999 1.9407396381987874
-0.0135 0.014999999999999999 2.9930487097021321
-0.012999999999999999 0.014999999999999999 4.5259686905331433
-0.012500000000000001 0.014999999999999999 6.7102787795054155
-0.012 0.014999999999999999 9.754081813350961
-0.0115 0.014999999999999999 13.900827163838171
-0.010999999999999999 0.014999999999999999 19.422345320945542
-0.010499999999999999 0.014999999999999999 26.605752189719372
-0.010000000000000002 0.014999999999999999 35.733642448668469
-0.0095000000000000015 0.014999999999999999 47.057901802898314
-0.0090000000000000011 0.014999999999999999 60.768670847210259
-0.0085000000000000006 0.014999999999999999 76.961337343554035
-0.0080000000000000002 0.014999999999999999 95.605675905871522
-0.0074999999999999997 0.014999999999999999 116.52208908886746
-0.0069999999999999993 0.014999999999999999 139.37002242946815
-0.0064999999999999988 0.014999999999999999 163.65279396363627
-0.0059999999999999984 0.014999999999999999 188.74122040740576
-0.0054999999999999979 0.014999999999999999 213.9156841871727
-0.005000000000000001 0.014999999999999999 238.4230572267432
-0.0044999999999999971 0.014999999999999999 261.541770420717
-0.0040000000000000001 0.014999999999999999 282.64598119803878
-0.0035000000000000031 0.014999999999999999 301.258879341848
-0.0029999999999999992 0.014999999999999999 317.08609417721658
-0.0025000000000000022 0.014999999999999999 330.02297436074542
-0.0019999999999999983 0.014999999999999999 340.13382891917996
-0.0015000000000000013 0.014999999999999999 347.60627984053156
-0.00099999999999999742 0.014999999999999999 352.68866987192899
-0.00050000000000000044 0.014999999999999999 355.62195433753232
0 0.014999999999999999 356.57886269099066
0.00050000000000000044 0.014999999999999999 355.62195433753249
0.0010000000000000009 0.014999999999999999 352.68866987192888
0.0015000000000000013 0.014999999999999999 347.60627984053156
0.0020000000000000018 0.014999999999999999 340.1338289191799
0.0024999999999999988 0.014999999999999999 330.02297436074548
0.0030000000000000027 0.014999999999999999 317.08609417721652
0.0034999999999999996 0.014999999999999999 301.25887934184834
0.0040000000000000036 0.014999999999999999 282.64598119803861
0.0045000000000000005 0.014999999999999999 261.541770420717
0.0049999999999999975 0.014999999999999999 238.42305722674342
0.0055000000000000014 0.014999999999999999 213.91568418717267
0.0059999999999999984 0.014999999999999999 188.74122040740593
0.0064999999999999988 0.014999999999999999 163.65279396363641
0.0069999999999999993 0.014999999999999999 139.37002242946826
0.0074999999999999997 0.014999999999999999 116.52208908886757
0.0080000000000000002 0.014999999999999999 95.605675905871607
0.0085000000000000006 0.014999999999999999 76.961337343554177
0.0090000000000000011 0.014999999999999999 60.768670847210316
0.0095000000000000015 0.014999999999999999 47.05790180289835
0.010000000000000002 0.014999999999999999 35.733642448668526
0.010500000000000002 0.014999999999999999 26.605752189719325
0.011000000000000003 0.014999999999999999 19.422345320945524
0.011500000000000003 0.014999999999999999 13.900827163838155
0.012000000000000004 0.014999999999999999 9.754081813350961
0.012499999999999997 0.014999999999999999 6.7102787795054395
0.013000000000000005 0.014999999999999999 4.5259686905331353
0.013499999999999998 0.014999999999999999 2.9930487097021374
0.014000000000000005 0.014999999999999999 1.9407396381987838
0.014499999999999999 0.014999999999999999 1.2339490173599414
0.014999999999999999 0.014999999999999999 0.76936739313639868
0.0155 0.014999999999999999 0.4704483560378192
0.016000000000000007 0.014999999999999999 0.28214443743608059
0.016500000000000001 0.014999999999999999 0.16598039957311669
0.017000000000000001 0.014999999999999999 0.095789285152420189
0.017500000000000002 0.014999999999999999 0.054238222176453334
0.017999999999999995 0.014999999999999999 0.030135633534940809
0.018500000000000003 0.014999999999999999 0.016432504305541575
0.019000000000000003 0.014999999999999999 0.0087951209293101133
0.019500000000000003 0.014999999999999999 0.0046212990304987439
0.019999999999999997 0.014999999999999999 0.0023842017786062132
0.020499999999999997 0.014999999999999999 0.0012079621130907956
0.021000000000000005 0.014999999999999999 0.00060113359541439629
0.021500000000000005 0.014999999999999999 0.00029388157197282177
0.021999999999999999 0.014999999999999999 0.00014116685143826023
0.022499999999999999 0.014999999999999999 6.6638497263537524e-05
0.023000000000000007 0.014999999999999999 3.0918548302796833e-05
0.023500000000000007 0.014999999999999999 1.4101929066124207e-05
0.024 0.014999999999999999 6.3235481881504699e-06
0.024500000000000001 0.014999999999999999 2.788143721636099e-06
0.025000000000000001 0.014999999999999999 1.2088742552587547e-06
-0.025000000000000001 0.0155 7.3450709147732383e-07
-0.024500000000000001 0.0155 1.7046406917633188e-06
-0.024 0.0155 3.8896143354950306e-06
-0.0235 0.0155 8.7249261520653699e-06
-0.023 0.0155 1.9236942224225596e-05
-0.022500000000000003 0.0155 4.1683220225173527e-05
-0.022000000000000002 0.0155 8.87493459885608e-05
-0.021500000000000002 0.0155 0.00018564052891898412
-0.021000000000000001 0.0155 0.0003814239261915696
-0.020500000000000001 0.0155 0.00076965176965306122
-0.02 0.0155 0.0015249533310440989
-0.0195 0.0155 0.0029663436257611662
-0.019 0.0155 0.0056639364729921095
-0.018500000000000003 0.0155 0.010614021595638914
-0.018000000000000002 0.0155 0.019518329037253344
-0.017500000000000002 0.0155 0.035216550192448452
-0.017000000000000001 0.0155 0.062335746150778019
-0.016500000000000001 0.0155 0.10823375142419986
-0.016 0.0155 0.18432187486930854
-0.0155 0.0155 0.30784882152674087
-0.015000000000000001 0.0155 0.50420457977503663
-0.014500000000000001 0.0155 0.80975075868043367
-0.014 0.0155 1.2750941077515072
-0.0135 0.0155 1.9685882148227807
-0.012999999999999999 0.0155 2.9796780712341229
-0.012500000000000001 0.0155 4.4215088393181006
-0.012 0.0155 6.4320345548815503
-0.0115 0.0155 9.1727311566173331
-0.010999999999999999 0.0155 12.823999299965759
-0.010499999999999999 0.0155 17.576495849953037
-0.010000000000000002 0.0155 23.618005062830914
-0.0095000000000000015 0.0155 31.116064821929651
-0.0090000000000000011 0.0155 40.197362309740974
-0.0085000000000000006 0.0155 50.925806826175034
-0.0080000000000000002 0.0155 63.282013625701552
-0.0074999999999999997 0.0155 77.147488788901668
-0.0069999999999999993 0.0155 92.296885695880093
-0.0064999999999999988 0.0155 108.40115291494979
-0.0059999999999999984 0.0155 125.04316072761283
-0.0054999999999999979 0.0155 141.74557624627246
-0.005000000000000001 0.0155 158.00861357774352
-0.0044999999999999971 0.0155 173.35320851135532
-0.0040000000000000001 0.0155 187.36361441323064
-0.0035000000000000031 0.0155 199.72280838210276
-0.0029999999999999992 0.0155 210.23470728829622
-0.0025000000000000022 0.0155 218.82905550300359
-0.0019999999999999983 0.0155 225.54771059887938
-0.0015000000000000013 0.0155 230.51441233789737
-0.00099999999999999742 0.0155 233.89330177120294
-0.00050000000000000044 0.0155 235.84377096775069
0 0.0155 236.48012534722625
0.00050000000000000044 0.0155 235.84377096775066
0.0010000000000000009 0.0155 233.89330177120289
0.0015000000000000013 0.0155 230.51441233789731
0.0020000000000000018 0.0155 225.54771059887932
0.0024999999999999988 0.0155 218.82905550300373
0.0030000000000000027 0.0155 210.23470728829619
0.0034999999999999996 0.0155 199.72280838210281
0.0040000000000000036 0.0155 187.36361441323064
0.0045000000000000005 0.0155 173.35320851135529
0.0049999999999999975 0.0155 158.00861357774369
0.0055000000000000014 0.0155 141.74557624627235
0.0059999999999999984 0.0155 125.04316072761293
0.0064999999999999988 0.0155 108.40115291494979
0.0069999999999999993 0.0155 92.296885695880164
0.0074999999999999997 0.0155 77.147488788901683
0.0080000000000000002 0.0155 63.282013625701609
0.0085000000000000006 0.0155 50.925806826175076
0.0090000000000000011 0.0155 40.19736230974101
0.0095000000000000015 0.0155 31.11606482192968
0.010000000000000002 0.0155 23.618005062830917
0.010500000000000002 0.0155 17.576495849953034
0.011000000000000003 0.0155 12.823999299965759
0.011500000000000003 0.0155 9.1727311566173331
0.012000000000000004 0.0155 6.4320345548815441
0.012499999999999997 0.0155 4.4215088393181174
0.013000000000000005 0.0155 2.9796780712341171
0.013499999999999998 0.0155 1.9685882148227842
0.014000000000000005 0.0155 1.275094107751505
0.014499999999999999 0.0155 0.80975075868043656
0.014999999999999999 0.0155 0.5042045797750393
0.0155 0.0155 0.30784882152674187
0.016000000000000007 0.0155 0.18432187486930726
0.016500000000000001 0.0155 0.10823375142420004
0.017000000000000001 0.0155 0.062335746150778019
0.017500000000000002 0.0155 0.035216550192448556
0.017999999999999995 0.0155 0.019518329037253521
0.018500000000000003 0.0155 0.010614021595638932
0.019000000000000003 0.0155 0.0056639364729921095
0.019500000000000003 0.0155 0.0029663436257611644
0.019999999999999997 0.0155 0.0015249533310441137
0.020499999999999997 0.0155 0.00076965176965306794
0.021000000000000005 0.0155 0.00038142392619156933
0.021500000000000005 0.0155 0.00018564052891898399
0.021999999999999999 0.0155 8.8749345988561776e-05
0.022499999999999999 0.0155 4.1683220225173859e-05
0.023000000000000007 0.0155 1.9236942224225369e-05
0.023500000000000007 0.0155 8.7249261520652886e-06
0.024 0.0155 3.8896143354950493e-06
0.024500000000000001 0.0155 1.7046406917633265e-06
0.025000000000000001 0.0155 7.3450709147732542e-07
-0.025000000000000001 0.016000000000000007 4.4195969675086329e-07
-0.024500000000000001 0.016000000000000007 1.031769527604954e-06
-0.024 0.016000000000000007 2.367658549931151e-06
-0.0235 0.016000000000000007 5.3398002516828452e-06
-0.023 0.016000000000000007 1.1833935222859326e-05
-0.022500000000000003 0.016000000000000007 2.5766605064238035e-05
-0.022000000000000002 0.016000000000000007 5.5110326754249837e-05
-0.021500000000000002 0.016000000000000007 0.00011576574996500305
-0.021000000000000001 0.016000000000000007 0.00023879366234306164
-0.020500000000000001 0.016000000000000007 0.00048360088642345779
-0.02 0.016000000000000007 0.00096139405786755479
-0.0195 0.016000000000000007 0.0018758469807358003
-0.019 0.016000000000000007 0.0035917836229125704
-0.018500000000000003 0.016000000000000007 0.0067480573362267366
-0.018000000000000002 0.016000000000000007 0.012437880474908614
-0.017500000000000002 0.016000000000000007 0.022488496392424659
-0.017000000000000001 0.016000000000000007 0.039881598927866545
-0.016500000000000001 0.016000000000000007 0.069364736011316694
-0.016 0.016000000000000007 0.11830935273944009
-0.0155 0.016000000000000007 0.19786904000882102
-0.015000000000000001 0.016000000000000007 0.3244765923781161
-0.014500000000000001 0.016000000000000007 0.52168458729929212
-0.014 0.016000000000000007 0.82229587748498656
-0.0135 0.016000000000000007 1.2706446870003261
-0.012999999999999999 0.016000000000000007 1.9247781117622622
-0.012500000000000001 0.016000000000000007 2.8581618253639554
-0.012 0.016000000000000007 4.1604127163005975
-0.0115 0.016000000000000007 5.9364753117528135
-0.010999999999999999 0.016000000000000007 8.3036460504803298
-0.010499999999999999 0.016000000000000007 11.385948834530895
-0.010000000000000002 0.016000000000000007 15.305607025515911
-0.0095000000000000015 0.016000000000000007 20.17175006122471
-0.0090000000000000011 0.016000000000000007 26.067012768336522
-0.0085000000000000006 0.016000000000000007 33.033266983010478
-0.0080000000000000002 0.016000000000000007 41.058263198820669
-0.0074999999999999997 0.016000000000000007 50.065322612170213
-0.0069999999999999993 0.016000000000000007 59.9082732954272
-0.0064999999999999988 0.016000000000000007 70.373466874911315
-0.0059999999999999984 0.016000000000000007 81.189911024113897
-0.0054999999999999979 0.016000000000000007 92.047371400636536
-0.005000000000000001 0.016000000000000007 102.62090239689445
-0.0044999999999999971 0.016000000000000007 112.59891470622124
-0.0040000000000000001 0.016000000000000007 121.71087694315703
-0.0035000000000000031 0.016000000000000007 129.75035231230899
-0.0029999999999999992 0.016000000000000007 136.58946728644429
-0.0025000000000000022 0.016000000000000007 142.1821192959535
-0.0019999999999999983 0.016000000000000007 146.5550925001655
-0.0015000000000000013 0.016000000000000007 149.78843468075263
-0.00099999999999999742 0.016000000000000007 151.98851712109976
-0.00050000000000000044 0.016000000000000007 153.25870409758383
0 0.016000000000000007 153.67314523588459
0.00050000000000000044 0.016000000000000007 153.25870409758389
0.0010000000000000009 0.016000000000000007 151.98851712109976
0.0015000000000000013 0.016000000000000007 149.78843468075269
0.0020000000000000018 0.016000000000000007 146.55509250016547
0.0024999999999999988 0.016000000000000007 142.18211929595353
0.0030000000000000027 0.016000000000000007 136.58946728644426
0.0034999999999999996 0.016000000000000007 129.7503523123091
0.0040000000000000036 0.016000000000000007 121.71087694315693
0.0045000000000000005 0.016000000000000007 112.59891470622124
0.0049999999999999975 0.016000000000000007 102.62090239689454
0.0055000000000000014 0.016000000000000007 92.047371400636521
0.0059999999999999984 0.016000000000000007 81.189911024113897
0.0064999999999999988 0.016000000000000007 70.373466874911387
0.0069999999999999993 0.016000000000000007 59.908273295427207
0.0074999999999999997 0.016000000000000007 50.06532261217022
0.0080000000000000002 0.016000000000000007 41.058263198820711
0.0085000000000000006 0.016000000000000007 33.033266983010535
0.0090000000000000011 0.016000000000000007 26.067012768336543
0.0095000000000000015 0.016000000000000007 20.171750061224728
0.010000000000000002 0.016000000000000007 15.305607025515926
0.010500000000000002 0.016000000000000007 11.385948834530874
0.011000000000000003 0.016000000000000007 8.3036460504803227
0.011500000000000003 0.016000000000000007 5.9364753117528073
0.012000000000000004 0.016000000000000007 4.1604127163005975
0.012499999999999997 0.016000000000000007 2.8581618253639651
0.013000000000000005 0.016000000000000007 1.9247781117622553
0.013499999999999998 0.016000000000000007 1.2706446870003283
0.014000000000000005 0.016000000000000007 0.82229587748498356
0.014499999999999999 0.016000000000000007 0.5216845872992949
0.014999999999999999 0.016000000000000007 0.3244765923781166
0.0155 0.016000000000000007 0.19786904000882136
0.016000000000000007 0.016000000000000007 0.11830935273943964
0.016500000000000001 0.016000000000000007 0.069364736011316819
0.017000000000000001 0.016000000000000007 0.039881598927866614
0.017500000000000002 0.016000000000000007 0.022488496392424694
0.017999999999999995 0.016000000000000007 0.012437880474908722
0.018500000000000003 0.016000000000000007 0.006748057336226747
0.019000000000000003 0.016000000000000007 0.0035917836229125691
0.019500000000000003 0.016000000000000007 0.0018758469807357988
0.019999999999999997 0.016000000000000007 0.00096139405786756422
0.020499999999999997 0.016000000000000007 0.00048360088642346256
0.021000000000000005 0.016000000000000007 0.00023879366234306137
0.021500000000000005 0.016000000000000007 0.00011576574996500298
0.021999999999999999 0.016000000000000007 5.5110326754250304e-05
0.022499999999999999 0.016000000000000007 2.5766605064238323e-05
0.023000000000000007 0.016000000000000007 1.1833935222859242e-05
0.023500000000000007 0.016000000000000007 5.3398002516828122e-06
0.024 0.016000000000000007 2.3676585499311629e-06
0.024500000000000001 0.016000000000000007 1.0317695276049566e-06
0.025000000000000001 0.016000000000000007 4.4195969675086642e-07
-0.025000000000000001 0.016500000000000001 2.6319808684516579e-07
-0.024500000000000001 0.016500000000000001 6.1782353949635028e-07
-0.024 0.016500000000000001 1.4251606015642165e-06
-0.0235 0.016500000000000001 3.2300337255818323e-06
-0.023 0.016500000000000001 7.1914823661181792e-06
-0.022500000000000003 0.016500000000000001 1.5726113036928923e-05
-0.022000000000000002 0.016500000000000001 3.3770688447738044e-05
-0.021500000000000002 0.016500000000000001 7.120317595010624e-05
-0.021000000000000001 0.016500000000000001 0.00014737621626649444
-0.020500000000000001 0.016500000000000001 0.00029940194414836222
-0.02 0.016500000000000001 0.00059691849429336892
-0.0195 0.016500000000000001 0.0011677408704097725
-0.019 0.016500000000000001 0.0022412525713226676
-0.018500000000000003 0.016500000000000001 0.0042198206564710719
-0.018000000000000002 0.016500000000000001 0.0077930282084209242
-0.017500000000000002 0.016500000000000001 0.014115033687435125
-0.017000000000000001 0.016500000000000001 0.025071450150255328
-0.016500000000000001 0.016500000000000001 0.043667798536513307
-0.016 0.016500000000000001 0.074575088055275726
-0.0155 0.016500000000000001 0.12486680097591947
-0.015000000000000001 0.016500000000000001 0.20497208365318392
-0.014500000000000001 0.016500000000000001 0.32984840083572142
-0.014 0.016500000000000001 0.52033977747926208
-0.0135 0.016500000000000001 0.80463213437059011
-0.012999999999999999 0.016500000000000001 1.2196465031045134
-0.012500000000000001 0.016500000000000001 1.812130495745305
-0.012 0.016500000000000001 2.6391310722255112
-0.0115 0.016500000000000001 3.7674767025535503
-0.010999999999999999 0.016500000000000001 5.2718886236860962
-0.010499999999999999 0.016500000000000001 7.2314039859460788
-0.010000000000000002 0.016500000000000001 9.7239475669566069
-0.0095000000000000015 0.016500000000000001 12.819139119849549
-0.0090000000000000011 0.016500000000000001 16.569754809440344
-0.0085000000000000006 0.016500000000000001 21.002632003086589
-0.0080000000000000002 0.016500000000000001 26.110149955718565
-0.0074999999999999997 0.016500000000000001 31.843650486660401
-0.0069999999999999993 0.016500000000000001 38.110197245232911
-0.0064999999999999988 0.016500000000000001 44.773844902512671
-0.0059999999999999984 0.016500000000000001 51.662079491502567
-0.0054999999999999979 0.016500000000000001 58.577338302263364
-0.005000000000000001 0.016500000000000001 65.312629270462139
-0.0044999999999999971 0.016500000000000001 71.669408462813635
-0.0040000000000000001 0.016500000000000001 77.475229793211625
-0.0035000000000000031 0.016500000000000001 82.598428083642204
-0.0029999999999999992 0.016500000000000001 86.957348298759825
-0.0025000000000000022 0.016500000000000001 90.522404227868719
-0.0019999999999999983 0.016500000000000001 93.31043586771176
-0.0015000000000000013 0.016500000000000001 95.372225973760905
-0.00099999999999999742 0.016500000000000001 96.775354255451091
-0.00050000000000000044 0.016500000000000001 97.58552647411652
0 0.016500000000000001 97.849889657955444
0.00050000000000000044 0.016500000000000001 97.58552647411652
0.0010000000000000009 0.016500000000000001 96.775354255451106
0.0015000000000000013 0.016500000000000001 95.372225973760933
0.0020000000000000018 0.016500000000000001 93.310435867711746
0.0024999999999999988 0.016500000000000001 90.522404227868776
0.0030000000000000027 0.016500000000000001 86.957348298759811
0.0034999999999999996 0.016500000000000001 82.598428083642219
0.0040000000000000036 0.016500000000000001 77.475229793211625
0.0045000000000000005 0.016500000000000001 71.669408462813621
0.0049999999999999975 0.016500000000000001 65.312629270462196
0.0055000000000000014 0.016500000000000001 58.577338302263357
0.0059999999999999984 0.016500000000000001 51.662079491502652
0.0064999999999999988 0.016500000000000001 44.773844902512707
0.0069999999999999993 0.016500000000000001 38.110197245232946
0.0074999999999999997 0.016500000000000001 31.843650486660401
0.0080000000000000002 0.016500000000000001 26.11014995571859
0.0085000000000000006 0.016500000000000001 21.002632003086607
0.0090000000000000011 0.016500000000000001 16.569754809440361
0.0095000000000000015 0.016500000000000001 12.819139119849561
0.010000000000000002 0.016500000000000001 9.7239475669566069
0.010500000000000002 0.016500000000000001 7.2314039859460779
0.011000000000000003 0.016500000000000001 5.2718886236860962
0.011500000000000003 0.016500000000000001 3.7674767025535498
0.012000000000000004 0.016500000000000001 2.6391310722255064
0.012499999999999997 0.016500000000000001 1.8121304957453146
0.013000000000000005 0.016500000000000001 1.2196465031045092
0.013499999999999998 0.016500000000000001 0.80463213437059278
0.014000000000000005 0.016500000000000001 0.52033977747926108
0.014499999999999999 0.016500000000000001 0.32984840083572253
0.014999999999999999 0.016500000000000001 0.20497208365318462
0.0155 0.016500000000000001 0.12486680097592011
0.016000000000000007 0.016500000000000001 0.074575088055275338
0.016500000000000001 0.016500000000000001 0.043667798536513376
0.017000000000000001 0.016500000000000001 0.025071450150255328
0.017500000000000002 0.016500000000000001 0.01411503368743515
0.017999999999999995 0.016500000000000001 0.0077930282084209927
0.018500000000000003 0.016500000000000001 0.0042198206564710789
0.019000000000000003 0.016500000000000001 0.0022412525713226663
0.019500000000000003 0.016500000000000001 0.001167740870409772
0.019999999999999997 0.016500000000000001 0.00059691849429337304
0.020499999999999997 0.016500000000000001 0.00029940194414836531
0.021000000000000005 0.016500000000000001 0.00014737621626649438
0.021500000000000005 0.016500000000000001 7.1203175950106199e-05
0.021999999999999999 0.016500000000000001 3.377068844773845e-05
0.022499999999999999 0.016500000000000001 1.5726113036929058e-05
0.023000000000000007 0.016500000000000001 7.1914823661181072e-06
0.023500000000000007 0.016500000000000001 3.2300337255818162e-06
0.024 0.016500000000000001 1.4251606015642201e-06
0.024500000000000001 0.016500000000000001 6.1782353949635345e-07
0.025000000000000001 0.016500000000000001 2.6319808684516711e-07
-0.025000000000000001 0.017000000000000001 1.5501367981750772e-07
-0.024500000000000001 0.017000000000000001 3.6569857033514293e-07
-0.024 0.017000000000000001 8.4754928631012385e-07
-0.0235 0.017000000000000001 1.9293840009470109e-06
-0.023 0.017000000000000001 4.3132842424960183e-06
-0.022500000000000003 0.017000000000000001 9.4679956358521882e-06
-0.022000000000000002 0.017000000000000001 2.040306957599409e-05
-0.021500000000000002 0.017000000000000001 4.3156891002782973e-05
-0.021000000000000001 0.017000000000000001 8.9589055404587452e-05
-0.020500000000000001 0.017000000000000001 0.00018249316696699737
-0.02 0.017000000000000001 0.00036472516172075017
-0.0195 0.017000000000000001 0.00071508393968434567
-0.019 0.017000000000000001 0.0013752110679719997
-0.018500000000000003 0.017000000000000001 0.0025939147799059984
-0.018000000000000002 0.017000000000000001 0.004798141746911423
-0.017500000000000002 0.017000000000000001 0.0087032690851384219
-0.017000000000000001 0.017000000000000001 0.015479197727361376
-0.016500000000000001 0.017000000000000001 0.02699227945837528
-0.016 0.017000000000000001 0.046145317333755438
-0.0155 0.017000000000000001 0.077337110831868908
-0.015000000000000001 0.017000000000000001 0.12705713141278413
-0.014500000000000001 0.017000000000000001 0.20461749013647018
-0.014 0.017000000000000001 0.32300119276928374
-0.0135 0.017000000000000001 0.49977157702637387
-0.012999999999999999 0.017000000000000001 0.75794364680101167
-0.012500000000000001 0.017000000000000001 1.1266677586317997
-0.012 0.017000000000000001 1.6415277471249341
-0.0115 0.017000000000000001 2.3442211595220619
-0.010999999999999999 0.017000000000000001 3.2813839035057222
-0.010499999999999999 0.017000000000000001 4.5023608886346755
-0.010000000000000002 0.017000000000000001 6.0558202297413448
-0.0095000000000000015 0.017000000000000001 7.9852648713915908
-0.0090000000000000011 0.017000000000000001 10.323702420343585
-0.0085000000000000006 0.017000000000000001 13.087965589689674
-0.0080000000000000002 0.017000000000000001 16.273390149366698
-0.0074999999999999997 0.017000000000000001 19.849702072601129
-0.0069999999999999993 0.017000000000000001 23.758987356085434
-0.0064999999999999988 0.017000000000000001 27.91647634583699
-0.0059999999999999984 0.017000000000000001 32.214556116269449
-0.0054999999999999979 0.017000000000000001 36.529954568461662
-0.005000000000000001 0.017000000000000001 40.733485248514619
-0.0044999999999999971 0.017000000000000001 44.701204061009904
-0.0040000000000000001 0.017000000000000001 48.325426523593599
-0.0035000000000000031 0.017000000000000001 51.523895987988134
-0.0029999999999999992 0.017000000000000001 54.245550089909351
-0.0025000000000000022 0.017000000000000001 56.47181335444224
-0.0019999999999999983 0.017000000000000001 58.213083984216865
-0.0015000000000000013 0.017000000000000001 59.500951139846848
-0.00099999999999999742 0.017000000000000001 60.377501686783198
-0.00050000000000000044 0.017000000000000001 60.883673894043952
0 0.017000000000000001 61.048849097582888
0.00050000000000000044 0.017000000000000001 60.883673894043952
0.0010000000000000009 0.017000000000000001 60.377501686783212
0.0015000000000000013 0.017000000000000001 59.500951139846862
0.0020000000000000018 0.017000000000000001 58.213083984216851
0.0024999999999999988 0.017000000000000001 56.471813354442276
0.0030000000000000027 0.017000000000000001 54.245550089909344
0.0034999999999999996 0.017000000000000001 51.523895987988148
0.0040000000000000036 0.017000000000000001 48.325426523593599
0.0045000000000000005 0.017000000000000001 44.701204061009896
0.0049999999999999975 0.017000000000000001 40.733485248514668
0.0055000000000000014 0.017000000000000001 36.529954568461655
0.0059999999999999984 0.017000000000000001 32.21455611626947
0.0064999999999999988 0.017000000000000001 27.916476345837012
0.0069999999999999993 0.017000000000000001 23.758987356085456
0.0074999999999999997 0.017000000000000001 19.849702072601129
0.0080000000000000002 0.017000000000000001 16.273390149366712
0.0085000000000000006 0.017000000000000001 13.087965589689697
0.0090000000000000011 0.017000000000000001 10.323702420343592
0.0095000000000000015 0.017000000000000001 7.9852648713915979
0.010000000000000002 0.017000000000000001 6.0558202297413448
0.010500000000000002 0.017000000000000001 4.5023608886346755
0.011000000000000003 0.017000000000000001 3.2813839035057222
0.011500000000000003 0.017000000000000001 2.3442211595220614
0.012000000000000004 0.017000000000000001 1.6415277471249341
0.012499999999999997 0.017000000000000001 1.1266677586318037
0.013000000000000005 0.017000000000000001 0.75794364680101034
0.013499999999999998 0.017000000000000001 0.49977157702637559
0.014000000000000005 0.017000000000000001 0.32300119276928313
0.014499999999999999 0.017000000000000001 0.20461749013647054
0.014999999999999999 0.017000000000000001 0.12705713141278455
0.0155 0.017000000000000001 0.077337110831869171
0.016000000000000007 0.017000000000000001 0.046145317333755105
0.016500000000000001 0.017000000000000001 0.026992279458375321
0.017000000000000001 0.017000000000000001 0.015479197727361376
0.017500000000000002 0.017000000000000001 0.0087032690851384514
0.017999999999999995 0.017000000000000001 0.0047981417469114664
0.018500000000000003 0.017000000000000001 0.0025939147799060023
0.019000000000000003 0.017000000000000001 0.0013752110679719992
0.019500000000000003 0.017000000000000001 0.00071508393968434535
0.019999999999999997 0.017000000000000001 0.00036472516172075386
0.020499999999999997 0.017000000000000001 0.00018249316696699919
0.021000000000000005 0.017000000000000001 8.9589055404587452e-05
0.021500000000000005 0.017000000000000001 4.3156891002782953e-05
0.021999999999999999 0.017000000000000001 2.040306957599434e-05
0.022499999999999999 0.017000000000000001 9.4679956358522746e-06
0.023000000000000007 0.017000000000000001 4.3132842424959701e-06
0.023500000000000007 0.017000000000000001 1.9293840009469961e-06
0.024 0.017000000000000001 8.4754928631012861e-07
0.024500000000000001 0.017000000000000001 3.65698570335145e-07
0.025000000000000001 0.017000000000000001 1.5501367981750815e-07
-0.025000000000000001 0.017500000000000002 9.0213936625732298e-08
-0.024500000000000001 0.017500000000000002 2.1378281986176003e-07
-0.024 0.017500000000000002 4.9753994835268797e-07
-0.0235 0.017500000000000002 1.137008042609562e-06
-0.023 0.017500000000000002 2.5509727011806541e-06
-0.022500000000000003 0.017500000000000002 5.6180245255170731e-06
-0.022000000000000002 0.017500000000000002 1.2143084211275427e-05
-0.021500000000000002 0.017500000000000002 2.5755947769001437e-05
-0.021000000000000001 0.017500000000000002 5.3600480894083583e-05
-0.020500000000000001 0.017500000000000002 0.0001094324106801704
-0.02 0.017500000000000002 0.00021915783023878307
-0.0195 0.017500000000000002 0.00043048049022062582
-0.019 0.017500000000000002 0.00082926081043449887
-0.018500000000000003 0.017500000000000002 0.0015664972209692232
-0.018000000000000002 0.017500000000000002 0.002901565102434995
-0.017500000000000002 0.017500000000000002 0.0052694608982740291
-0.017000000000000001 0.017500000000000002 0.009382133800498094
-0.016500000000000001 0.017500000000000002 0.016376167761188158
-0.016 0.017500000000000002 0.028020438137352711
-0.0155 0.017500000000000002 0.046996911189888878
-0.015000000000000001 0.017500000000000002 0.077264169537841432
-0.014500000000000001 0.017500000000000002 0.12450504912025173
-0.014 0.017500000000000002 0.1966456117718102
-0.0135 0.017500000000000002 0.30441181891789953
-0.012999999999999999 0.017500000000000002 0.46186323576646598
-0.012500000000000001 0.017500000000000002 0.68681232546244231
-0.012 0.017500000000000002 1.0010082643292106
-0.0115 0.017500000000000002 1.4299431027620557
-0.010999999999999999 0.017500000000000002 2.0021347530911053
-0.010499999999999999 0.017500000000000002 2.7477652521477101
-0.010000000000000002 0.017500000000000002 3.6966114156103331
-0.0095000000000000015 0.017500000000000002 4.8753005806789123
-0.0090000000000000011 0.017500000000000002 6.3040507190362245
-0.0085000000000000006 0.017500000000000002 7.99319592522306
-0.0080000000000000002 0.017500000000000002 9.9399295674633663
-0.0074999999999999997 0.017500000000000002 12.125786064742961
-0.0069999999999999993 0.017500000000000002 14.515395704091958
-0.0064999999999999988 0.017500000000000002 17.056960391412712
-0.0059999999999999984 0.017500000000000002 19.684703644722084
-0.0054999999999999979 0.017500000000000002 22.323260793076649
-0.005000000000000001 0.017500000000000002 24.893636094980685
-0.0044999999999999971 0.017500000000000002 27.320024490626196
-0.0040000000000000001 0.017500000000000002 29.536549409543305
-0.0035000000000000031 0.017500000000000002 31.492871153233263
-0.0029999999999999992 0.017500000000000002 33.157716146917835
-0.0025000000000000022 0.017500000000000002 34.519671184694225
-0.0019999999999999983 0.017500000000000002 35.585039312003715
-0.0015000000000000013 0.017500000000000002 36.373084935412571
-0.00099999999999999742 0.017500000000000002 36.909498836836129
-0.00050000000000000044 0.017500000000000002 37.219279811153292
0 0.017500000000000002 37.320372512515419
0.00050000000000000044 0.017500000000000002 37.219279811153292
0.0010000000000000009 0.017500000000000002 36.909498836836143
0.0015000000000000013 0.017500000000000002 36.373084935412585
0.0020000000000000018 0.017500000000000002 35.585039312003701
0.0024999999999999988 0.017500000000000002 34.519671184694239
0.0030000000000000027 0.017500000000000002 33.157716146917821
0.0034999999999999996 0.017500000000000002 31.492871153233278
0.0040000000000000036 0.017500000000000002 29.536549409543305
0.0045000000000000005 0.017500000000000002 27.320024490626185
0.0049999999999999975 0.017500000000000002 24.893636094980728
0.0055000000000000014 0.017500000000000002 22.323260793076649
0.0059999999999999984 0.017500000000000002 19.684703644722102
0.0064999999999999988 0.017500000000000002 17.056960391412733
0.0069999999999999993 0.017500000000000002 14.515395704091985
0.0074999999999999997 0.017500000000000002 12.125786064742963
0.0080000000000000002 0.017500000000000002 9.9399295674633841
0.0085000000000000006 0.017500000000000002 7.993195925223068
0.0090000000000000011 0.017500000000000002 6.3040507190362369
0.0095000000000000015 0.017500000000000002 4.8753005806789167
0.010000000000000002 0.017500000000000002 3.6966114156103331
0.010500000000000002 0.017500000000000002 2.7477652521477101
0.011000000000000003 0.017500000000000002 2.0021347530911053
0.011500000000000003 0.017500000000000002 1.4299431027620555
0.012000000000000004 0.017500000000000002 1.0010082643292089
0.012499999999999997 0.017500000000000002 0.68681232546244486
0.013000000000000005 0.017500000000000002 0.46186323576646515
0.013499999999999998 0.017500000000000002 0.30441181891790009
0.014000000000000005 0.017500000000000002 0.19664561177180953
0.014499999999999999 0.017500000000000002 0.1245050491202524
0.014999999999999999 0.017500000000000002 0.077264169537841584
0.0155 0.017500000000000002 0.046996911189888878
0.016000000000000007 0.017500000000000002 0.028020438137352614
0.016500000000000001 0.017500000000000002 0.016376167761188189
0.017000000000000001 0.017500000000000002 0.0093821338004981096
0.017500000000000002 0.017500000000000002 0.0052694608982740377
0.017999999999999995 0.017500000000000002 0.0029015651024350258
0.018500000000000003 0.017500000000000002 0.0015664972209692256
0.019000000000000003 0.017500000000000002 0.00082926081043449877
0.019500000000000003 0.017500000000000002 0.00043048049022062577
0.019999999999999997 0.017500000000000002 0.00021915783023878458
0.020499999999999997 0.017500000000000002 0.00010943241068017111
0.021000000000000005 0.017500000000000002 5.3600480894083569e-05
0.021500000000000005 0.017500000000000002 2.575594776900143e-05
0.021999999999999999 0.017500000000000002 1.2143084211275503e-05
0.022499999999999999 0.017500000000000002 5.6180245255171434e-06
0.023000000000000007 0.017500000000000002 2.5509727011806427e-06
0.023500000000000007 0.017500000000000002 1.1370080426095527e-06
0.024 0.017500000000000002 4.9753994835268945e-07
0.024500000000000001 0.017500000000000002 2.1378281986176127e-07
0.025000000000000001 0.017500000000000002 9.0213936625732801e-08
-0.025000000000000001 0.017999999999999995 5.1832304770557586e-08
-0.024500000000000001 0.017999999999999995 1.2331520257896198e-07
-0.024 0.017999999999999995 2.8804402126199624e-07
-0.0235 0.017999999999999995 6.6047339313016452e-07
-0.023 0.017999999999999995 1.486404777768695e-06
-0.022500000000000003 0.017999999999999995 3.2827569293894408e-06
-0.022000000000000002 0.017999999999999995 7.1137498760938032e-06
-0.021500000000000002 0.017999999999999995 1.5123734307606187e-05
-0.021000000000000001 0.017999999999999995 3.1540349756622352e-05
-0.020500000000000001 0.017999999999999995 6.4516604962647865e-05
-0.02 0.017999999999999995 0.00012942809973568768
-0.0195 0.017999999999999995 0.0002546221304490709
-0.019 0.017999999999999995 0.00049117517288538033
-0.018500000000000003 0.017999999999999995 0.0009289987062530916
-0.018000000000000002 0.017999999999999995 0.0017226672661952275
-0.017500000000000002 0.017999999999999995 0.0031316097315688797
-0.017000000000000001 0.017999999999999995 0.0055807065373803992
-0.016500000000000001 0.017999999999999995 0.0097486460878379328
-0.016 0.017999999999999995 0.01669221506798944
-0.0155 0.017999999999999995 0.028014430769607655
-0.015000000000000001 0.017999999999999995 0.046082282365870877
-0.014500000000000001 0.017999999999999995 0.074294942123234162
-0.014 0.017999999999999995 0.11739482527815771
-0.0135 0.017999999999999995 0.181801377413214
-0.012999999999999999 0.017999999999999995 0.27593126025147469
-0.012500000000000001 0.017999999999999995 0.41045015410917746
-0.012 0.017999999999999995 0.59838361933747963
-0.0115 0.017999999999999995 0.85500178404196825
-0.010999999999999999 0.017999999999999995 1.1973905923512089
-0.010499999999999999 0.017999999999999995 1.6436366817591366
-0.010000000000000002 0.017999999999999995 2.2115880953709799
-0.0095000000000000015 0.017999999999999995 2.9172103030627308
-0.0090000000000000011 0.017999999999999995 3.7726328703538403
-0.0085000000000000006 0.017999999999999995 4.784067067674826
-0.0080000000000000002 0.017999999999999995 5.9498534260138927
-0.0074999999999999997 0.017999999999999995 7.2589514390388983
-0.0069999999999999993 0.017999999999999995 8.6901917315273547
-0.0064999999999999988 0.017999999999999995 10.212559223330349
-0.0059999999999999984 0.017999999999999995 11.786659259337796
-0.0054999999999999979 0.017999999999999995 13.367346512420749
-0.005000000000000001 0.017999999999999995 14.907293177251962
-0.0044999999999999971 0.017999999999999995 16.36107580206728
-0.0040000000000000001 0.017999999999999995 17.689212473329263
-0.0035000000000000031 0.017999999999999995 18.861523938729782
-0.0029999999999999992 0.017999999999999995 19.859249571667569
-0.0025000000000000022 0.017999999999999995 20.67552507612363
-0.0019999999999999983 0.017999999999999995 21.314099923430778
-0.0015000000000000013 0.017999999999999995 21.78649061372499
-0.00099999999999999742 0.017999999999999995 22.108067282527756
-0.00050000000000000044 0.017999999999999995 22.293790504563763
0 0.017999999999999995 22.354400773547873
0.00050000000000000044 0.017999999999999995 22.293790504563763
0.0010000000000000009 0.017999999999999995 22.108067282527756
0.0015000000000000013 0.017999999999999995 21.786490613725
0.0020000000000000018 0.017999999999999995 21.314099923430771
0.0024999999999999988 0.017999999999999995 20.675525076123641
0.0030000000000000027 0.017999999999999995 19.859249571667561
0.0034999999999999996 0.017999999999999995 18.861523938729793
0.0040000000000000036 0.017999999999999995 17.689212473329263
0.0045000000000000005 0.017999999999999995 16.361075802067276
0.0049999999999999975 0.017999999999999995 14.907293177251974
0.0055000000000000014 0.017999999999999995 13.367346512420745
0.0059999999999999984 0.017999999999999995 11.786659259337815
0.0064999999999999988 0.017999999999999995 10.212559223330368
0.0069999999999999993 0.017999999999999995 8.6901917315273636
0.0074999999999999997 0.017999999999999995 7.2589514390388992
0.0080000000000000002 0.017999999999999995 5.9498534260138989
0.0085000000000000006 0.017999999999999995 4.7840670676748305
0.0090000000000000011 0.017999999999999995 3.7726328703538474
0.0095000000000000015 0.017999999999999995 2.9172103030627357
0.010000000000000002 0.017999999999999995 2.2115880953709799
0.010500000000000002 0.017999999999999995 1.6436366817591366
0.011000000000000003 0.017999999999999995 1.1973905923512089
0.011500000000000003 0.017999999999999995 0.85500178404196825
0.012000000000000004 0.017999999999999995 0.59838361933747852
0.012499999999999997 0.017999999999999995 0.41045015410917962
0.013000000000000005 0.017999999999999995 0.27593126025147369
0.013499999999999998 0.017999999999999995 0.18180137741321431
0.014000000000000005 0.017999999999999995 0.11739482527815751
0.014499999999999999 0.017999999999999995 0.074294942123234411
0.014999999999999999 0.017999999999999995 0.046082282365870954
0.0155 0.017999999999999995 0.028014430769607655
0.016000000000000007 0.017999999999999995 0.016692215067989381
0.016500000000000001 0.017999999999999995 0.0097486460878379502
0.017000000000000001 0.017999999999999995 0.0055807065373804097
0.017500000000000002 0.017999999999999995 0.0031316097315688849
0.017999999999999995 0.017999999999999995 0.0017226672661952486
0.018500000000000003 0.017999999999999995 0.00092899870625309485
0.019000000000000003 0.017999999999999995 0.00049117517288538011
0.019500000000000003 0.017999999999999995 0.00025462213044907085
0.019999999999999997 0.017999999999999995 0.00012942809973568901
0.020499999999999997 0.017999999999999995 6.4516604962648543e-05
0.021000000000000005 0.017999999999999995 3.1540349756622332e-05
0.021500000000000005 0.017999999999999995 1.5123734307606181e-05
0.021999999999999999 0.017999999999999995 7.1137498760938718e-06
0.022499999999999999 0.017999999999999995 3.2827569293894828e-06
0.023000000000000007 0.017999999999999995 1.4864047777686838e-06
0.023500000000000007 0.017999999999999995 6.6047339313016155e-07
0.024 0.017999999999999995 2.8804402126199794e-07
0.024500000000000001 0.017999999999999995 1.2331520257896233e-07
0.025000000000000001 0.017999999999999995 5.1832304770558043e-08
-0.025000000000000001 0.018500000000000003 2.9373490078237573e-08
-0.024500000000000001 0.018500000000000003 7.0123876518333328e-08
-0.024 0.018500000000000003 1.6431592063891587e-07
-0.0235 0.018500000000000003 3.7785946747541158e-07
-0.023 0.018500000000000003 8.5261937661226028e-07
-0.022500000000000003 0.018500000000000003 1.8875373226523617e-06
-0.022000000000000002 0.018500000000000003 4.0991767578290241e-06
-0.021500000000000002 0.018500000000000003 8.7318819674110317e-06
-0.021000000000000001 0.018500000000000003 1.8242424953181767e-05
-0.020500000000000001 0.018500000000000003 3.7374731601532751e-05
-0.02 0.018500000000000003 7.5085394078227709e-05
-0.0195 0.018500000000000003 0.00014790381125719996
-0.019 0.018500000000000003 0.00028563921386606702
-0.018500000000000003 0.018500000000000003 0.00054080673892189103
-0.018000000000000002 0.018500000000000003 0.001003751942867626
-0.017500000000000002 0.018500000000000003 0.0018261977031846595
-0.017000000000000001 0.018500000000000003 0.0032567616063304866
-0.016500000000000001 0.018500000000000003 0.0056927632739909436
-0.016 0.018500000000000003 0.0097531259607629775
-0.0155 0.018500000000000003 0.016377023436478094
-0.015000000000000001 0.018500000000000003 0.026951669480422661
-0.014500000000000001 0.018500000000000003 0.043469770049728768
-0.014 0.018500000000000003 0.068712180074609608
-0.0135 0.018500000000000003 0.10644396786961095
-0.012999999999999999 0.018500000000000003 0.16160257126386571
-0.012500000000000001 0.018500000000000003 0.24044588928742183
-0.012 0.018500000000000003 0.35061770684902666
-0.0115 0.018500000000000003 0.50108039543996052
-0.010999999999999999 0.018500000000000003 0.70186362526037749
-0.010499999999999999 0.018500000000000003 0.96358622680665684
-0.010000000000000002 0.018500000000000003 1.2967289597095963
-0.0095000000000000015 0.018500000000000003 1.7106695654974031
-0.0090000000000000011 0.018500000000000003 2.2125360257929696
-0.0085000000000000006 0.018500000000000003 2.8059838370113885
-0.0080000000000000002 0.018500000000000003 3.4900493460448883
-0.0074999999999999997 0.018500000000000003 4.2582624479956497
-0.0069999999999999993 0.018500000000000003 5.0982067425298707
-0.0064999999999999988 0.018500000000000003 5.9916848657486694
-0.0059999999999999984 0.018500000000000003 6.9155783037423006
-0.0054999999999999979 0.018500000000000003 7.8433899289265057
-0.005000000000000001 0.018500000000000003 8.7473381505877548
-0.0044999999999999971 0.018500000000000003 9.6007558020234836
-0.0040000000000000001 0.018500000000000003 10.380460191171563
-0.0035000000000000031 0.018500000000000003 11.068726584374794
-0.0029999999999999992 0.018500000000000003 11.654531008898891
-0.0025000000000000022 0.018500000000000003 12.133831549433163
-0.0019999999999999983 0.018500000000000003 12.508816436486025
-0.0015000000000000013 0.018500000000000003 12.786233951988471
-0.00099999999999999742 0.018500000000000003 12.975096125496352
-0.00050000000000000044 0.018500000000000003 13.084176956735369
0 0.018500000000000003 13.119776178922034
0.00050000000000000044 0.018500000000000003 13.084176956735369
0.0010000000000000009 0.018500000000000003 12.975096125496353
0.0015000000000000013 0.018500000000000003 12.786233951988471
0.0020000000000000018 0.018500000000000003 12.508816436486018
0.0024999999999999988 0.018500000000000003 12.133831549433166
0.0030000000000000027 0.018500000000000003 11.654531008898891
0.0034999999999999996 0.018500000000000003 11.068726584374797
0.0040000000000000036 0.018500000000000003 10.380460191171563
0.0045000000000000005 0.018500000000000003 9.60075580202348
0.0049999999999999975 0.018500000000000003 8.7473381505877636
0.0055000000000000014 0.018500000000000003 7.8433899289265048
0.0059999999999999984 0.018500000000000003 6.915578303742306
0.0064999999999999988 0.018500000000000003 5.9916848657486756
0.0069999999999999993 0.018500000000000003 5.0982067425298752
0.0074999999999999997 0.018500000000000003 4.2582624479956497
0.0080000000000000002 0.018500000000000003 3.4900493460448949
0.0085000000000000006 0.018500000000000003 2.8059838370113885
0.0090000000000000011 0.018500000000000003 2.2125360257929696
0.0095000000000000015 0.018500000000000003 1.7106695654974062
0.010000000000000002 0.018500000000000003 1.2967289597095963
0.010500000000000002 0.018500000000000003 0.96358622680665673
0.011000000000000003 0.018500000000000003 0.70186362526037749
0.011500000000000003 0.018500000000000003 0.50108039543996041
0.012000000000000004 0.018500000000000003 0.35061770684902543
0.012499999999999997 0.018500000000000003 0.24044588928742311
0.013000000000000005 0.018500000000000003 0.16160257126386512
0.013499999999999998 0.018500000000000003 0.10644396786961113
0.014000000000000005 0.018500000000000003 0.068712180074609358
0.014499999999999999 0.018500000000000003 0.043469770049728997
0.014999999999999999 0.018500000000000003 0.02695166948042271
0.0155 0.018500000000000003 0.016377023436478094
0.016000000000000007 0.018500000000000003 0.0097531259607629411
0.016500000000000001 0.018500000000000003 0.0056927632739909532
0.017000000000000001 0.018500000000000003 0.0032567616063304918
0.017500000000000002 0.018500000000000003 0.0018261977031846627
0.017999999999999995 0.018500000000000003 0.0010037519428676364
0.018500000000000003 0.018500000000000003 0.00054080673892189103
0.019000000000000003 0.018500000000000003 0.00028563921386606697
0.019500000000000003 0.018500000000000003 0.00014790381125719994
0.019999999999999997 0.018500000000000003 7.5085394078228237e-05
0.020499999999999997 0.018500000000000003 3.7374731601533015e-05
0.021000000000000005 0.018500000000000003 1.8242424953181763e-05
0.021500000000000005 0.018500000000000003 8.7318819674110284e-06
0.021999999999999999 0.018500000000000003 4.0991767578290512e-06
0.022499999999999999 0.018500000000000003 1.8875373226523801e-06
0.023000000000000007 0.018500000000000003 8.5261937661225625e-07
0.023500000000000007 0.018500000000000003 3.7785946747540888e-07
0.024 0.018500000000000003 1.643159206389164e-07
0.024500000000000001 0.018500000000000003 7.0123876518333752e-08
0.025000000000000001 0.018500000000000003 2.9373490078237745e-08
-0.025000000000000001 0.019000000000000003 1.6404289191658557e-08
-0.024500000000000001 0.019000000000000003 3.9278312514147255e-08
-0.024 0.019000000000000003 9.2286631222026919e-08
-0.0235 0.019000000000000003 2.1274309377090783e-07
-0.023 0.019000000000000003 4.8111292101840317e-07
-0.022500000000000003 0.019000000000000003 1.0672389831729768e-06
-0.022000000000000002 0.019000000000000003 2.3219438835664251e-06
-0.021500000000000002 0.019000000000000003 4.9541978007402386e-06
-0.021000000000000001 0.019000000000000003 1.0365411356073702e-05
-0.020500000000000001 0.019000000000000003 2.1264487783079714e-05
-0.02 0.019000000000000003 4.2770617317703112e-05
-0.0195 0.019000000000000003 8.4339021041899526e-05
-0.019 0.019000000000000003 0.00016303365956478181
-0.018500000000000003 0.019000000000000003 0.00030893543525522892
-0.018000000000000002 0.019000000000000003 0.00057382379669654239
-0.017500000000000002 0.019000000000000003 0.0010446982301020704
-0.017000000000000001 0.019000000000000003 0.0018641807486675514
-0.016500000000000001 0.019000000000000003 0.0032602850723087756
-0.016 0.019000000000000003 0.0055883183196207102
-0.0155 0.019000000000000003 0.0093875943263879366
-0.015000000000000001 0.019000000000000003 0.015454918151337727
-0.014500000000000001 0.019000000000000003 0.024935147694282896
-0.014 0.019000000000000003 0.039426275731000562
-0.0135 0.019000000000000003 0.061092254078638705
-0.012999999999999999 0.019000000000000003 0.092771304727968323
-0.012500000000000001 0.019000000000000003 0.13806122420936967
-0.012 0.019000000000000003 0.20135717383299961
-0.0115 0.019000000000000003 0.28781315458875145
-0.010999999999999999 0.019000000000000003 0.40319766430728415
-0.010499999999999999 0.019000000000000003 0.55361886194136489
-0.010000000000000002 0.019000000000000003 0.74510642020806561
-0.0095000000000000015 0.019000000000000003 0.98305658430982501
-0.0090000000000000011 0.019000000000000003 1.2715725793371919
-0.0085000000000000006 0.019000000000000003 1.6127612121502342
-0.0080000000000000002 0.019000000000000003 2.006073117260939
-0.0074999999999999997 0.019000000000000003 2.4477920876405599
-0.0069999999999999993 0.019000000000000003 2.9307817030293353
-0.0064999999999999988 0.019000000000000003 3.4445800059267073
-0.0059999999999999984 0.019000000000000003 3.9758936344757934
-0.0054999999999999979 0.019000000000000003 4.5094846932216726
-0.005000000000000001 0.019000000000000003 5.0293749919482487
-0.0044999999999999971 0.019000000000000003 5.5202256863525037
-0.0040000000000000001 0.019000000000000003 5.9687004763810849
-0.0035000000000000031 0.019000000000000003 6.3646008567094849
-0.0029999999999999992 0.019000000000000003 6.7015812337720098
-0.0025000000000000022 0.019000000000000003 6.9773111197573332
-0.0019999999999999983 0.019000000000000003 7.1930431266753487
-0.0015000000000000013 0.019000000000000003 7.3526528776078832
-0.00099999999999999742 0.019000000000000003 7.4613187256183755
-0.00050000000000000044 0.019000000000000003 7.5240832331071079
0 0.019000000000000003 7.5445672887125932
0.00050000000000000044 0.019000000000000003 7.5240832331071079
0.0010000000000000009 0.019000000000000003 7.4613187256183791
0.0015000000000000013 0.019000000000000003 7.3526528776078877
0.0020000000000000018 0.019000000000000003 7.1930431266753487
0.0024999999999999988 0.019000000000000003 6.9773111197573359
0.0030000000000000027 0.019000000000000003 6.7015812337720098
0.0034999999999999996 0.019000000000000003 6.3646008567094867
0.0040000000000000036 0.019000000000000003 5.9687004763810849
0.0045000000000000005 0.019000000000000003 5.5202256863525028
0.0049999999999999975 0.019000000000000003 5.0293749919482531
0.0055000000000000014 0.019000000000000003 4.5094846932216726
0.0059999999999999984 0.019000000000000003 3.9758936344758
0.0064999999999999988 0.019000000000000003 3.4445800059267073
0.0069999999999999993 0.019000000000000003 2.9307817030293353
0.0074999999999999997 0.019000000000000003 2.4477920876405599
0.0080000000000000002 0.019000000000000003 2.006073117260939
0.0085000000000000006 0.019000000000000003 1.6127612121502342
0.0090000000000000011 0.019000000000000003 1.2715725793371919
0.0095000000000000015 0.019000000000000003 0.98305658430982668
0.010000000000000002 0.019000000000000003 0.74510642020806561
0.010500000000000002 0.019000000000000003 0.55361886194136489
0.011000000000000003 0.019000000000000003 0.40319766430728415
0.011500000000000003 0.019000000000000003 0.28781315458875145
0.012000000000000004 0.019000000000000003 0.20135717383299961
0.012499999999999997 0.019000000000000003 0.13806122420937017
0.013000000000000005 0.019000000000000003 0.092771304727968157
0.013499999999999998 0.019000000000000003 0.061092254078639024
0.014000000000000005 0.019000000000000003 0.039426275731000424
0.014499999999999999 0.019000000000000003 0.024935147694282941
0.014999999999999999 0.019000000000000003 0.015454918151337807
0.0155 0.019000000000000003 0.0093875943263879852
0.016000000000000007 0.019000000000000003 0.0055883183196206703
0.016500000000000001 0.019000000000000003 0.0032602850723087808
0.017000000000000001 0.019000000000000003 0.0018641807486675514
0.017500000000000002 0.019000000000000003 0.0010446982301020741
0.017999999999999995 0.019000000000000003 0.00057382379669654836
0.018500000000000003 0.019000000000000003 0.00030893543525523001
0.019000000000000003 0.019000000000000003 0.00016303365956478179
0.019500000000000003 0.019000000000000003 8.4339021041899526e-05
0.019999999999999997 0.019000000000000003 4.2770617317703559e-05
0.020499999999999997 0.019000000000000003 2.126448778307986e-05
0.021000000000000005 0.019000000000000003 1.03654113560737e-05
0.021500000000000005 0.019000000000000003 4.9541978007402378e-06
0.021999999999999999 0.019000000000000003 2.3219438835664484e-06
0.022499999999999999 0.019000000000000003 1.0672389831729838e-06
0.023000000000000007 0.019000000000000003 4.8111292101839968e-07
0.023500000000000007 0.019000000000000003 2.1274309377090613e-07
0.024 0.019000000000000003 9.228663122202721e-08
0.024500000000000001 0.019000000000000003 3.9278312514147632e-08
0.025000000000000001 0.019000000000000003 1.6404289191658607e-08
-0.025000000000000001 0.019500000000000003 9.020902560978541e-09
-0.024500000000000001 0.019500000000000003 2.165405350010066e-08
-0.024 0.019500000000000003 5.0993846261432422e-08
-0.0235 0.019500000000000003 1.17796614850664e-07
-0.023 0.019500000000000003 2.6689196063957959e-07
-0.022500000000000003 0.019500000000000003 5.9303583944289994e-07
-0.022000000000000002 0.019500000000000003 1.292195131124533e-06
-0.021500000000000002 0.019500000000000003 2.7608293770531768e-06
-0.021000000000000001 0.019500000000000003 5.7833754985934807e-06
-0.020500000000000001 0.019500000000000003 1.187744051373552e-05
-0.02 0.019500000000000003 2.3913123791619292e-05
-0.0195 0.019500000000000003 4.7195096580901694e-05
-0.019 0.019500000000000003 9.1302427618575723e-05
-0.018500000000000003 0.019500000000000003 0.00017313020124048127
-0.018000000000000002 0.019500000000000003 0.00032177391873242263
-0.017500000000000002 0.019500000000000003 0.00058613934126450782
-0.017000000000000001 0.019500000000000003 0.001046428176063909
-0.016500000000000001 0.019500000000000003 0.0018309009656239364
-0.016 0.019500000000000003 0.0031394769682601986
-0.0155 0.019500000000000003 0.005275682628792553
-0.015000000000000001 0.019500000000000003 0.0086880554398490514
-0.014500000000000001 0.019500000000000003 0.014021178693340398
-0.014 0.019500000000000003 0.022174909720051417
-0.0135 0.019500000000000003 0.034367984993013016
-0.012999999999999999 0.019500000000000003 0.052199098181746235
-0.012500000000000001 0.019500000000000003 0.077695029951442937
-0.012 0.019500000000000003 0.11333201704450283
-0.0115 0.019500000000000003 0.16201412556161213
-0.010999999999999999 0.019500000000000003 0.22699199521430588
-0.010499999999999999 0.019500000000000003 0.31170803906617173
-0.010000000000000002 0.019500000000000003 0.4195608632023452
-0.0095000000000000015 0.019500000000000003 0.5535925675426121
-0.0090000000000000011 0.019500000000000003 0.71611703142019567
-0.0085000000000000006 0.019500000000000003 0.90832346660395968
-0.0080000000000000002 0.019500000000000003 1.1299045179324945
-0.0074999999999999997 0.019500000000000003 1.3787683367271844
-0.0069999999999999993 0.019500000000000003 1.650895620195608
-0.0064999999999999988 0.019500000000000003 1.9403927743790801
-0.0059999999999999984 0.019500000000000003 2.2397701912259014
-0.0054999999999999979 0.019500000000000003 2.5404418735844181
-0.005000000000000001 0.019500000000000003 2.8334039526459147
-0.0044999999999999971 0.019500000000000003 3.1100121084493964
-0.0040000000000000001 0.019500000000000003 3.3627497899461907
-0.0035000000000000031 0.019500000000000003 3.5858680443372726
-0.0029999999999999992 0.019500000000000003 3.7757886460666366
-0.0025000000000000022 0.019500000000000003 3.9311956817377767
-0.0019999999999999983 0.019500000000000003 4.052792313489701
-0.0015000000000000013 0.019500000000000003 4.1427599611289931
-0.00099999999999999742 0.019500000000000003 4.2040144955148975
-0.00050000000000000044 0.019500000000000003 4.2393957734865042
0 0.019500000000000003 4.2509431470563275
0.00050000000000000044 0.019500000000000003 4.2393957734865007
0.0010000000000000009 0.019500000000000003 4.2040144955148993
0.0015000000000000013 0.019500000000000003 4.1427599611289931
0.0020000000000000018 0.019500000000000003 4.0527923134896993
0.0024999999999999988 0.019500000000000003 3.931195681737778
0.0030000000000000027 0.019500000000000003 3.7757886460666366
0.0034999999999999996 0.019500000000000003 3.5858680443372744
0.0040000000000000036 0.019500000000000003 3.3627497899461898
0.0045000000000000005 0.019500000000000003 3.1100121084493964
0.0049999999999999975 0.019500000000000003 2.8334039526459205
0.0055000000000000014 0.019500000000000003 2.5404418735844141
0.0059999999999999984 0.019500000000000003 2.2397701912259049
0.0064999999999999988 0.019500000000000003 1.9403927743790803
0.0069999999999999993 0.019500000000000003 1.6508956201956109
0.0074999999999999997 0.019500000000000003 1.3787683367271868
0.0080000000000000002 0.019500000000000003 1.1299045179324965
0.0085000000000000006 0.019500000000000003 0.90832346660395968
0.0090000000000000011 0.019500000000000003 0.71611703142019567
0.0095000000000000015 0.019500000000000003 0.5535925675426121
0.010000000000000002 0.019500000000000003 0.41956086320234603
0.010500000000000002 0.019500000000000003 0.31170803906617117
0.011000000000000003 0.019500000000000003 0.22699199521430546
0.011500000000000003 0.019500000000000003 0.16201412556161185
0.012000000000000004 0.019500000000000003 0.11333201704450283
0.012499999999999997 0.019500000000000003 0.077695029951443201
0.013000000000000005 0.019500000000000003 0.052199098181746145
0.013499999999999998 0.019500000000000003 0.034367984993013079
0.014000000000000005 0.019500000000000003 0.022174909720051338
0.014499999999999999 0.019500000000000003 0.014021178693340424
0.014999999999999999 0.019500000000000003 0.008688055439849067
0.0155 0.019500000000000003 0.0052756826287925617
0.016000000000000007 0.019500000000000003 0.003139476968260176
0.016500000000000001 0.019500000000000003 0.0018309009656239364
0.017000000000000001 0.019500000000000003 0.0010464281760639127
0.017500000000000002 0.019500000000000003 0.00058613934126450782
0.017999999999999995 0.019500000000000003 0.00032177391873242491
0.018500000000000003 0.019500000000000003 0.00017313020124048187
0.019000000000000003 0.019500000000000003 9.1302427618575709e-05
0.019500000000000003 0.019500000000000003 4.7195096580901681e-05
0.019999999999999997 0.019500000000000003 2.3913123791619543e-05
0.020499999999999997 0.019500000000000003 1.1877440513735603e-05
0.021000000000000005 0.019500000000000003 5.783375498593479e-06
0.021500000000000005 0.019500000000000003 2.7608293770531764e-06
0.021999999999999999 0.019500000000000003 1.2921951311245506e-06
0.022499999999999999 0.019500000000000003 5.9303583944290788e-07
0.023000000000000007 0.019500000000000003 2.6689196063957668e-07
0.023500000000000007 0.019500000000000003 1.1779661485066348e-07
0.024 0.019500000000000003 5.0993846261432422e-08
0.024500000000000001 0.019500000000000003 2.1654053500100729e-08
0.025000000000000001 0.019500000000000003 9.0209025609785691e-09
-0.025000000000000001 0.019999999999999997 4.8810063090131018e-09
-0.024500000000000001 0.019999999999999997 1.1741443767295914e-08
-0.024 0.019999999999999997 2.7703451935364155e-08
-0.0235 0.019999999999999997 6.4106279716971129e-08
-0.023 0.019999999999999997 1.45472020840146e-07
-0.022500000000000003 0.019999999999999997 3.2369215770232107e-07
-0.022000000000000002 0.019999999999999997 7.061936141024997e-07
-0.021500000000000002 0.019999999999999997 1.5105067842162831e-06
-0.021000000000000001 0.019999999999999997 3.1673810486275996e-06
-0.020500000000000001 0.019999999999999997 6.510749620771687e-06
-0.02 0.019999999999999997 1.3118726241523447e-05
-0.0195 0.019999999999999997 2.5909660656258343e-05
-0.019 0.019999999999999997 5.015598865027567e-05
-0.018500000000000003 0.019999999999999997 9.5160910933971921e-05
-0.018000000000000002 0.019999999999999997 0.00017695170127232182
-0.017500000000000002 0.019999999999999997 0.00032247694563578434
-0.017000000000000001 0.019999999999999997 0.00057594296872069423
-0.016500000000000001 0.019999999999999997 0.0010080634562331051
-0.016 0.019999999999999997 0.0017290840087380748
-0.0155 0.019999999999999997 0.0029064170561007444
-0.015000000000000001 0.019999999999999997 0.0047874993666440213
-0.014500000000000001 0.019999999999999997 0.0077279704356715143
-0.014 0.019999999999999997 0.012224379617591168
-0.0135 0.019999999999999997 0.018949316108545392
-0.012999999999999999 0.019999999999999997 0.02878515087887101
-0.012500000000000001 0.019999999999999997 0.042850636883045641
-0.012 0.019999999999999997 0.062512740368293143
-0.0115 0.019999999999999997 0.089374737189659673
-0.010999999999999999 0.019999999999999997 0.12523138686625274
-0.010499999999999999 0.019999999999999997 0.17198349653612149
-0.010000000000000002 0.019999999999999997 0.23150787452310148
-0.0095000000000000015 0.019999999999999997 0.3054846897743958
-0.0090000000000000011 0.019999999999999997 0.39519222850425229
-0.0085000000000000006 0.019999999999999997 0.50128797418390458
-0.0080000000000000002 0.019999999999999997 0.62360322012961489
-0.0074999999999999997 0.019999999999999997 0.76098402817735533
-0.0069999999999999993 0.019999999999999997 0.91121221544605513
-0.0064999999999999988 0.019999999999999997 1.0710346227688081
-0.0059999999999999984 0.019999999999999997 1.2363166804509544
-0.0054999999999999979 0.019999999999999997 1.4023182009001616
-0.005000000000000001 0.019999999999999997 1.5640679648145566
-0.0044999999999999971 0.019999999999999997 1.7167929416239689
-0.0040000000000000001 0.019999999999999997 1.8563424591985145
-0.0035000000000000031 0.019999999999999997 1.979541513284597
-0.0029999999999999992 0.019999999999999997 2.084413411754265
-0.0025000000000000022 0.019999999999999997 2.1702304240048274
-0.0019999999999999983 0.019999999999999997 2.2373795757216679
-0.0015000000000000013 0.019999999999999997 2.2870641423809945
-0.00099999999999999742 0.019999999999999997 2.3208930610358598
-0.00050000000000000044 0.019999999999999997 2.340433525528224
0 0.019999999999999997 2.346811032648632
0.00050000000000000044 0.019999999999999997 2.340433525528224
0.0010000000000000009 0.019999999999999997 2.320893061035862
0.0015000000000000013 0.019999999999999997 2.2870641423809959
0.0020000000000000018 0.019999999999999997 2.2373795757216679
0.0024999999999999988 0.019999999999999997 2.17023042400483
0.0030000000000000027 0.019999999999999997 2.084413411754265
0.0034999999999999996 0.019999999999999997 1.9795415132845982
0.0040000000000000036 0.019999999999999997 1.856342459198514
0.0045000000000000005 0.019999999999999997 1.7167929416239689
0.0049999999999999975 0.019999999999999997 1.5640679648145595
0.0055000000000000014 0.019999999999999997 1.4023182009001616
0.0059999999999999984 0.019999999999999997 1.2363166804509544
0.0064999999999999988 0.019999999999999997 1.0710346227688081
0.0069999999999999993 0.019999999999999997 0.91121221544605513
0.0074999999999999997 0.019999999999999997 0.76098402817735533
0.0080000000000000002 0.019999999999999997 0.62360322012961489
0.0085000000000000006 0.019999999999999997 0.50128797418390458
0.0090000000000000011 0.019999999999999997 0.39519222850425229
0.0095000000000000015 0.019999999999999997 0.3054846897743958
0.010000000000000002 0.019999999999999997 0.23150787452310193
0.010500000000000002 0.019999999999999997 0.17198349653612119
0.011000000000000003 0.019999999999999997 0.12523138686625251
0.011500000000000003 0.019999999999999997 0.089374737189659506
0.012000000000000004 0.019999999999999997 0.062512740368293032
0.012499999999999997 0.019999999999999997 0.042850636883045808
0.013000000000000005 0.019999999999999997 0.02878515087887086
0.013499999999999998 0.019999999999999997 0.018949316108545423
0.014000000000000005 0.019999999999999997 0.012224379617591144
0.014499999999999999 0.019999999999999997 0.0077279704356715559
0.014999999999999999 0.019999999999999997 0.0047874993666440387
0.0155 0.019999999999999997 0.0029064170561007492
0.016000000000000007 0.019999999999999997 0.0017290840087380685
0.016500000000000001 0.019999999999999997 0.0010080634562331086
0.017000000000000001 0.019999999999999997 0.00057594296872069423
0.017500000000000002 0.019999999999999997 0.00032247694563578548
0.017999999999999995 0.019999999999999997 0.00017695170127232372
0.018500000000000003 0.019999999999999997 9.5160910933971921e-05
0.019000000000000003 0.019999999999999997 5.015598865027567e-05
0.019500000000000003 0.019999999999999997 2.590966065625834e-05
0.019999999999999997 0.019999999999999997 1.311872624152354e-05
0.020499999999999997 0.019999999999999997 6.5107496207717336e-06
0.021000000000000005 0.019999999999999997 3.1673810486275991e-06
0.021500000000000005 0.019999999999999997 1.5105067842162829e-06
0.021999999999999999 0.019999999999999997 7.0619361410250923e-07
0.022499999999999999 0.019999999999999997 3.236921577023233e-07
0.023000000000000007 0.019999999999999997 1.4547202084014542e-07
0.023500000000000007 0.019999999999999997 6.4106279716970441e-08
0.024 0.019999999999999997 2.7703451935364244e-08
0.024500000000000001 0.019999999999999997 1.174144376729603e-08
0.025000000000000001 0.019999999999999997 4.8810063090131175e-09
-0.025000000000000001 0.020499999999999997 2.5968522538784812e-09
-0.024500000000000001 0.020499999999999997 6.257954011600375e-09
-0.024 0.020499999999999997 1.4789058584194334e-08
-0.0235 0.020499999999999997 3.4271438274678508e-08
-0.023 0.020499999999999997 7.7870312917893992e-08
-0.022500000000000003 0.020499999999999997 1.7347095963274808e-07
-0.022000000000000002 0.020499999999999997 3.7885019731996819e-07
-0.021500000000000002 0.020499999999999997 8.1108735657918645e-07
-0.021000000000000001 0.020499999999999997 1.7021714547951676e-06
-0.020500000000000001 0.020499999999999997 3.5014923538223944e-06
-0.02 0.020499999999999997 7.0598941250988603e-06
-0.0195 0.020499999999999997 1.3951513499219583e-05
-0.019 0.020499999999999997 2.7021378853794196e-05
-0.018500000000000003 0.020499999999999997 5.1291265909305846e-05
-0.018000000000000002 0.020499999999999997 9.5415157391039363e-05
-0.017500000000000002 0.020499999999999997 0.00017394790451039156
-0.017000000000000001 0.020499999999999997 0.000310770781957018
-0.016500000000000001 0.020499999999999997 0.00054409277211467464
-0.016 0.020499999999999997 0.00093349398334115392
-0.0155 0.020499999999999997 0.0015694635072927457
-0.015000000000000001 0.020499999999999997 0.0025857634126344692
-0.014500000000000001 0.020499999999999997 0.0041746726506204646
-0.014 0.020499999999999997 0.0066046830060686708
-0.0135 0.020499999999999997 0.010239508472949228
-0.012999999999999999 0.020499999999999997 0.015556346891235256
-0.012500000000000001 0.020499999999999997 0.023160281364650228
-0.012 0.020499999999999997 0.033790694990849669
-0.0115 0.020499999999999997 0.04831484754988527
-0.010999999999999999 0.020499999999999997 0.067703642560264232
-0.010499999999999999 0.020499999999999997 0.092985423761663674
-0.010000000000000002 0.020499999999999997 0.12517563466396092
-0.0095000000000000015 0.020499999999999997 0.16518342961887
-0.0090000000000000011 0.020499999999999997 0.21370063957900542
-0.0085000000000000006 0.020499999999999997 0.27108332998334694
-0.0080000000000000002 0.020499999999999997 0.33724067023533044
-0.0074999999999999997 0.020499999999999997 0.41154886722178385
-0.0069999999999999993 0.020499999999999997 0.49280838636325297
-0.0064999999999999988 0.020499999999999997 0.57925974800981128
-0.0059999999999999984 0.020499999999999997 0.66866656714611572
-0.0054999999999999979 0.020499999999999997 0.7584647202814806
-0.005000000000000001 0.020499999999999997 0.84596496614722716
-0.0044999999999999971 0.020499999999999997 0.92858513364418871
-0.0040000000000000001 0.020499999999999997 1.0040795902318023
-0.0035000000000000031 0.020499999999999997 1.0707303893481928
-0.0029999999999999992 0.020499999999999997 1.1274677424947179
-0.0025000000000000022 0.020499999999999997 1.1738974551779513
-0.0019999999999999983 0.020499999999999997 1.2102283666276654
-0.0015000000000000013 0.020499999999999997 1.2371109084981708
-0.00099999999999999742 0.020499999999999997 1.255415028328007
-0.00050000000000000044 0.020499999999999997 1.2659881909041626
0 0.020499999999999997 1.269439041267213
0.00050000000000000044 0.020499999999999997 1.2659881909041635
0.0010000000000000009 0.020499999999999997 1.255415028328007
0.0015000000000000013 0.020499999999999997 1.2371109084981708
0.0020000000000000018 0.020499999999999997 1.2102283666276643
0.0024999999999999988 0.020499999999999997 1.1738974551779517
0.0030000000000000027 0.020499999999999997 1.1274677424947177
0.0034999999999999996 0.020499999999999997 1.070730389348193
0.0040000000000000036 0.020499999999999997 1.0040795902318023
0.0045000000000000005 0.020499999999999997 0.92858513364418849
0.0049999999999999975 0.020499999999999997 0.84596496614722749
0.0055000000000000014 0.020499999999999997 0.75846472028148049
0.0059999999999999984 0.020499999999999997 0.66866656714611572
0.0064999999999999988 0.020499999999999997 0.57925974800981217
0.0069999999999999993 0.020499999999999997 0.49280838636325303
0.0074999999999999997 0.020499999999999997 0.41154886722178385
0.0080000000000000002 0.020499999999999997 0.33724067023533166
0.0085000000000000006 0.020499999999999997 0.27108332998334744
0.0090000000000000011 0.020499999999999997 0.21370063957900579
0.0095000000000000015 0.020499999999999997 0.16518342961887028
0.010000000000000002 0.020499999999999997 0.12517563466396092
0.010500000000000002 0.020499999999999997 0.092985423761663674
0.011000000000000003 0.020499999999999997 0.067703642560264232
0.011500000000000003 0.020499999999999997 0.048314847549885263
0.012000000000000004 0.020499999999999997 0.033790694990849607
0.012499999999999997 0.020499999999999997 0.023160281364650311
0.013000000000000005 0.020499999999999997 0.015556346891235228
0.013499999999999998 0.020499999999999997 0.010239508472949247
0.014000000000000005 0.020499999999999997 0.0066046830060686595
0.014499999999999999 0.020499999999999997 0.0041746726506204793
0.014999999999999999 0.020499999999999997 0.0025857634126344735
0.0155 0.020499999999999997 0.0015694635072927457
0.016000000000000007 0.020499999999999997 0.00093349398334115045
0.016500000000000001 0.020499999999999997 0.00054409277211467659
0.017000000000000001 0.020499999999999997 0.000310770781957018
0.017500000000000002 0.020499999999999997 0.00017394790451039156
0.017999999999999995 0.020499999999999997 9.5415157391040393e-05
0.018500000000000003 0.020499999999999997 5.1291265909306029e-05
0.019000000000000003 0.020499999999999997 2.7021378853794196e-05
0.019500000000000003 0.020499999999999997 1.3951513499219582e-05
0.019999999999999997 0.020499999999999997 7.0598941250989348e-06
0.020499999999999997 0.020499999999999997 3.5014923538224194e-06
0.021000000000000005 0.020499999999999997 1.7021714547951676e-06
0.021500000000000005 0.020499999999999997 8.1108735657918634e-07
0.021999999999999999 0.020499999999999997 3.7885019731997078e-07
0.022499999999999999 0.020499999999999997 1.7347095963275046e-07
0.023000000000000007 0.020499999999999997 7.7870312917893674e-08
0.023500000000000007 0.020499999999999997 3.4271438274678382e-08
0.024 0.020499999999999997 1.478905858419438e-08
0.024500000000000001 0.020499999999999997 6.2579540116003957e-09
0.025000000000000001 0.020499999999999997 2.5968522538785069e-09
-0.025000000000000001 0.021000000000000005 1.3577239623188898e-09
-0.024500000000000001 0.021000000000000005 3.2767252616851341e-09
-0.024 0.021000000000000005 7.7539955913912482e-09
-0.0235 0.021000000000000005 1.7990143703870972e-08
-0.023 0.021000000000000005 4.0920133045974743e-08
-0.022500000000000003 0.021000000000000005 9.1244242861383655e-08
-0.022000000000000002 0.021000000000000005 1.9944142637824693e-07
-0.021500000000000002 0.021000000000000005 4.2731159948333739e-07
-0.021000000000000001 0.021000000000000005 8.9737435292402041e-07
-0.020500000000000001 0.021000000000000005 1.847075487556651e-06
-0.02 0.021000000000000005 3.7261638380381592e-06
-0.0195 0.021000000000000005 7.3670160229813248e-06
-0.019 0.021000000000000005 1.4274513720828978e-05
-0.018500000000000003 0.021000000000000005 2.7105675541004425e-05
-0.018000000000000002 0.021000000000000005 5.0440443881397511e-05
-0.017500000000000002 0.021000000000000005 9.1983335627436098e-05
-0.017000000000000001 0.021000000000000005 0.00016437814172104518
-0.016500000000000001 0.021000000000000005 0.00028785772542391655
-0.016 0.021000000000000005 0.0004939762301583992
-0.0155 0.021000000000000005 0.00083066359066472951
-0.015000000000000001 0.021000000000000005 0.0013687783722554712
-0.014500000000000001 0.021000000000000005 0.0022101877011181975
-0.014 0.021000000000000005 0.0034971477817106636
-0.0135 0.021000000000000005 0.0054223817497096238
-0.012999999999999999 0.021000000000000005 0.0082387625485997422
-0.012500000000000001 0.021000000000000005 0.012266951137636647
-0.012 0.021000000000000005 0.017898802683607985
-0.0115 0.021000000000000005 0.025593968926987832
-0.010999999999999999 0.021000000000000005 0.035867060931030925
-0.010499999999999999 0.021000000000000005 0.04926316588495333
-0.010000000000000002 0.021000000000000005 0.066320568714319184
-0.0095000000000000015 0.021000000000000005 0.087521254443079274
-0.0090000000000000011 0.021000000000000005 0.11323205438960061
-0.0085000000000000006 0.021000000000000005 0.14364186196919224
-0.0080000000000000002 0.021000000000000005 0.17870271999048545
-0.0074999999999999997 0.021000000000000005 0.21808418946351138
-0.0069999999999999993 0.021000000000000005 0.26115066012250737
-0.0064999999999999988 0.021000000000000005 0.30696970725265654
-0.0059999999999999984 0.021000000000000005 0.35435609086099074
-0.0054999999999999979 0.021000000000000005 0.40195080728961691
-0.005000000000000001 0.021000000000000005 0.44832847735130471
-0.0044999999999999971 0.021000000000000005 0.49212041122744732
-0.0040000000000000001 0.021000000000000005 0.53213623736095383
-0.0035000000000000031 0.021000000000000005 0.56746522511566444
-0.0029999999999999992 0.021000000000000005 0.5975401514775408
-0.0025000000000000022 0.021000000000000005 0.62215185859688105
-0.0019999999999999983 0.021000000000000005 0.64141081164996161
-0.0015000000000000013 0.021000000000000005 0.65566154696259715
-0.00099999999999999742 0.021000000000000005 0.66536498021597323
-0.00050000000000000044 0.021000000000000005 0.67097015288561068
0 0.021000000000000005 0.67279957690039827
0.00050000000000000044 0.021000000000000005 0.67097015288561068
0.0010000000000000009 0.021000000000000005 0.66536498021597323
0.0015000000000000013 0.021000000000000005 0.65566154696259715
0.0020000000000000018 0.021000000000000005 0.64141081164996161
0.0024999999999999988 0.021000000000000005 0.6221518585968816
0.0030000000000000027 0.021000000000000005 0.5975401514775408
0.0034999999999999996 0.021000000000000005 0.56746522511566466
0.0040000000000000036 0.021000000000000005 0.53213623736095372
0.0045000000000000005 0.021000000000000005 0.49212041122744732
0.0049999999999999975 0.021000000000000005 0.44832847735130493
0.0055000000000000014 0.021000000000000005 0.40195080728961691
0.0059999999999999984 0.021000000000000005 0.35435609086099074
0.0064999999999999988 0.021000000000000005 0.3069697072526566
0.0069999999999999993 0.021000000000000005 0.26115066012250737
0.0074999999999999997 0.021000000000000005 0.21808418946351174
0.0080000000000000002 0.021000000000000005 0.17870271999048548
0.0085000000000000006 0.021000000000000005 0.14364186196919226
0.0090000000000000011 0.021000000000000005 0.11323205438960061
0.0095000000000000015 0.021000000000000005 0.087521254443079274
0.010000000000000002 0.021000000000000005 0.066320568714319308
0.010500000000000002 0.021000000000000005 0.04926316588495315
0.011000000000000003 0.021000000000000005 0.035867060931030856
0.011500000000000003 0.021000000000000005 0.025593968926987787
0.012000000000000004 0.021000000000000005 0.017898802683607922
0.012499999999999997 0.021000000000000005 0.012266951137636669
0.013000000000000005 0.021000000000000005 0.0082387625485997127
0.013499999999999998 0.021000000000000005 0.0054223817497096437
0.014000000000000005 0.021000000000000005 0.0034971477817106571
0.014499999999999999 0.021000000000000005 0.0022101877011182092
0.014999999999999999 0.021000000000000005 0.0013687783722554762
0.0155 0.021000000000000005 0.00083066359066472951
0.016000000000000007 0.021000000000000005 0.00049397623015839747
0.016500000000000001 0.021000000000000005 0.00028785772542391861
0.017000000000000001 0.021000000000000005 0.00016437814172104518
0.017500000000000002 0.021000000000000005 9.1983335627436423e-05
0.017999999999999995 0.021000000000000005 5.0440443881398223e-05
0.018500000000000003 0.021000000000000005 2.7105675541004425e-05
0.019000000000000003 0.021000000000000005 1.4274513720828978e-05
0.019500000000000003 0.021000000000000005 7.3670160229813239e-06
0.019999999999999997 0.021000000000000005 3.7261638380381985e-06
0.020499999999999997 0.021000000000000005 1.8470754875566639e-06
0.021000000000000005 0.021000000000000005 8.9737435292402031e-07
0.021500000000000005 0.021000000000000005 4.2731159948333734e-07
0.021999999999999999 0.021000000000000005 1.9944142637824831e-07
0.022499999999999999 0.021000000000000005 9.1244242861384912e-08
0.023000000000000007 0.021000000000000005 4.0920133045974445e-08
0.023500000000000007 0.021000000000000005 1.7990143703870969e-08
0.024 0.021000000000000005 7.753995591391273e-09
0.024500000000000001 0.021000000000000005 3.2767252616851453e-09
0.025000000000000001 0.021000000000000005 1.3577239623189034e-09
-0.025000000000000001 0.021500000000000005 6.9724397683555875e-10
-0.024500000000000001 0.021500000000000005 1.6847913674516261e-09
-0.024 0.021500000000000005 3.9912462934180154e-09
-0.0235 0.021500000000000005 9.2692348691978724e-09
-0.023 0.021500000000000005 2.1102159429470699e-08
-0.022500000000000003 0.021500000000000005 4.7090664956313181e-08
-0.022000000000000002 0.021500000000000005 1.0300237992523537e-07
-0.021500000000000002 0.021500000000000005 2.2082384070899129e-07
-0.021000000000000001 0.021500000000000005 4.6399642197479925e-07
-0.020500000000000001 0.021500000000000005 9.5551777871478814e-07
-0.02 0.021500000000000005 1.928437216287272e-06
-0.0195 0.021500000000000005 3.8141997911223582e-06
-0.019 0.021500000000000005 7.393031318587727e-06
-0.018500000000000003 0.021500000000000005 1.4042811163012545e-05
-0.018000000000000002 0.021500000000000005 2.6139083892118534e-05
-0.017500000000000002 0.021500000000000005 4.7678760884431389e-05
-0.017000000000000001 0.021500000000000005 8.5222131791841063e-05
-0.016500000000000001 0.021500000000000005 0.00014926852354724981
-0.016 0.021500000000000005 0.00025619408333507284
-0.0155 0.021500000000000005 0.00043087633368113054
-0.015000000000000001 0.021500000000000005 0.00071009700322552805
-0.014500000000000001 0.021500000000000005 0.0011467381797008254
-0.014 0.021500000000000005 0.0018146542739509053
-0.0135 0.021500000000000005 0.0028139066202280947
-0.012999999999999999 0.021500000000000005 0.0042757935235143516
-0.012500000000000001 0.021500000000000005 0.0063668190426237215
-0.012 0.021500000000000005 0.0092904644940864003
-0.0115 0.021500000000000005 0.013285426897886204
-0.010999999999999999 0.021500000000000005 0.018618955252673774
-0.010499999999999999 0.021500000000000005 0.025574138469936745
-0.010000000000000002 0.021500000000000005 0.034430547715845701
-0.0095000000000000015 0.021500000000000005 0.04543853185265484
-0.0090000000000000011 0.021500000000000005 0.058788652516947183
-0.0085000000000000006 0.021500000000000005 0.074579076387277413
-0.0080000000000000002 0.021500000000000005 0.092784976369757508
-0.0074999999999999997 0.021500000000000005 0.11323482879893509
-0.0069999999999999993 0.021500000000000005 0.13559862389528402
-0.0064999999999999988 0.021500000000000005 0.1593921990203673
-0.0059999999999999984 0.021500000000000005 0.1840000822833478
-0.0054999999999999979 0.021500000000000005 0.20871654085577759
-0.005000000000000001 0.021500000000000005 0.23280134685179543
-0.0044999999999999971 0.021500000000000005 0.25554368665927907
-0.0040000000000000001 0.021500000000000005 0.27632532681127642
-0.0035000000000000031 0.021500000000000005 0.29467323654130378
-0.0029999999999999992 0.021500000000000005 0.31029276043631354
-0.0025000000000000022 0.021500000000000005 0.32307518503859906
-0.0019999999999999983 0.021500000000000005 0.33307778221845563
-0.0015000000000000013 0.021500000000000005 0.34047938747181139
-0.00099999999999999742 0.021500000000000005 0.34551928672587656
-0.00050000000000000044 0.021500000000000005 0.34843061717749213
0 0.021500000000000005 0.34938082860392272
0.00050000000000000044 0.021500000000000005 0.34843061717749213
0.0010000000000000009 0.021500000000000005 0.34551928672587656
0.0015000000000000013 0.021500000000000005 0.34047938747181161
0.0020000000000000018 0.021500000000000005 0.33307778221845563
0.0024999999999999988 0.021500000000000005 0.32307518503859917
0.0030000000000000027 0.021500000000000005 0.31029276043631354
0.0034999999999999996 0.021500000000000005 0.29467323654130395
0.0040000000000000036 0.021500000000000005 0.27632532681127636
0.0045000000000000005 0.021500000000000005 0.25554368665927907
0.0049999999999999975 0.021500000000000005 0.23280134685179554
0.0055000000000000014 0.021500000000000005 0.20871654085577759
0.0059999999999999984 0.021500000000000005 0.18400008228334783
0.0064999999999999988 0.021500000000000005 0.15939219902036733
0.0069999999999999993 0.021500000000000005 0.13559862389528402
0.0074999999999999997 0.021500000000000005 0.11323482879893509
0.0080000000000000002 0.021500000000000005 0.092784976369757508
0.0085000000000000006 0.021500000000000005 0.074579076387277413
0.0090000000000000011 0.021500000000000005 0.058788652516947183
0.0095000000000000015 0.021500000000000005 0.04543853185265484
0.010000000000000002 0.021500000000000005 0.034430547715845763
0.010500000000000002 0.021500000000000005 0.025574138469936659
0.011000000000000003 0.021500000000000005 0.018618955252673743
0.011500000000000003 0.021500000000000005 0.013285426897886182
0.012000000000000004 0.021500000000000005 0.0092904644940864003
0.012499999999999997 0.021500000000000005 0.0063668190426237449
0.013000000000000005 0.021500000000000005 0.0042757935235143447
0.013499999999999998 0.021500000000000005 0.0028139066202281047
0.014000000000000005 0.021500000000000005 0.0018146542739508954
0.014499999999999999 0.021500000000000005 0.0011467381797008295
0.014999999999999999 0.021500000000000005 0.00071009700322552805
0.0155 0.021500000000000005 0.00043087633368113054
0.016000000000000007 0.021500000000000005 0.000256194083335071
0.016500000000000001 0.021500000000000005 0.00014926852354724981
0.017000000000000001 0.021500000000000005 8.5222131791841077e-05
0.017500000000000002 0.021500000000000005 4.7678760884431389e-05
0.017999999999999995 0.021500000000000005 2.6139083892118812e-05
0.018500000000000003 0.021500000000000005 1.4042811163012645e-05
0.019000000000000003 0.021500000000000005 7.3930313185877262e-06
0.019500000000000003 0.021500000000000005 3.8141997911223578e-06
0.019999999999999997 0.021500000000000005 1.928437216287286e-06
0.020499999999999997 0.021500000000000005 9.555177787147983e-07
0.021000000000000005 0.021500000000000005 4.639964219747992e-07
0.021500000000000005 0.021500000000000005 2.2082384070899127e-07
0.021999999999999999 0.021500000000000005 1.030023799252368e-07
0.022499999999999999 0.021500000000000005 4.7090664956313836e-08
0.023000000000000007 0.021500000000000005 2.110215942947055e-08
0.023500000000000007 0.021500000000000005 9.2692348691978361e-09
0.024 0.021500000000000005 3.9912462934180154e-09
0.024500000000000001 0.021500000000000005 1.6847913674516321e-09
0.025000000000000001 0.021500000000000005 6.9724397683556112e-10
-0.025000000000000001 0.021999999999999999 3.5154585834972164e-10
-0.024500000000000001 0.021999999999999999 8.5032055251995392e-10
-0.024 0.021999999999999999 2.0162178596105711e-09
-0.0235 0.021999999999999999 4.686222408855571e-09
-0.023 0.021999999999999999 1.0676230892118501e-08
-0.022500000000000003 0.021999999999999999 2.3839865253157793e-08
-0.022000000000000002 0.021999999999999999 5.217513312019041e-08
-0.021500000000000002 0.021999999999999999 1.1191343765016368e-07
-0.021000000000000001 0.021999999999999999 2.3525909893144946e-07
-0.020500000000000001 0.021999999999999999 4.8466791187622462e-07
-0.02 0.021999999999999999 9.7850993398934397e-07
-0.0195 0.021999999999999999 1.9359764834026156e-06
-0.019 0.021999999999999999 3.7535366413326345e-06
-0.018500000000000003 0.021999999999999999 7.1314840957923941e-06
-0.018000000000000002 0.021999999999999999 1.3277361241323833e-05
-0.017500000000000002 0.021999999999999999 2.4223175431506526e-05
-0.017000000000000001 0.021999999999999999 4.3304555634408157e-05
-0.016500000000000001 0.021999999999999999 7.5860545761479082e-05
-0.016 0.021999999999999999 0.00013021942457106556
-0.0155 0.021999999999999999 0.00021903400384341729
-0.015000000000000001 0.021999999999999999 0.0003610130014794261
-0.014500000000000001 0.021999999999999999 0.00058305619059912446
-0.014 0.021999999999999999 0.00092273357992092543
-0.0135 0.021999999999999999 0.0014309493172934874
-0.012999999999999999 0.021999999999999999 0.0021745017442189331
-0.012500000000000001 0.021999999999999999 0.0032381036866651119
-0.012 0.021999999999999999 0.0047252849137881395
-0.0115 0.021999999999999999 0.0067574970076627935
-0.010999999999999999 0.021999999999999999 0.0094707238824223387
-0.010499999999999999 0.021999999999999999 0.013009014594315619
-0.010000000000000002 0.021999999999999999 0.017514634370612434
-0.0095000000000000015 0.021999999999999999 0.023114985672010875
-0.0090000000000000011 0.021999999999999999 0.029907055547282301
-0.0085000000000000006 0.021999999999999999 0.037940822860445284
-0.0080000000000000002 0.021999999999999999 0.047203687039729166
-0.0074999999999999997 0.021999999999999999 0.057608405152051567
-0.0069999999999999993 0.021999999999999999 0.068987090417100258
-0.0064999999999999988 0.021999999999999999 0.0810934143619544
-0.0059999999999999984 0.021999999999999999 0.093614227771085773
-0.0054999999999999979 0.021999999999999999 0.10619044520243616
-0.005000000000000001 0.021999999999999999 0.11844541895220131
-0.0044999999999999971 0.021999999999999999 0.13001745752822477
-0.0040000000000000001 0.021999999999999999 0.14059196677225719
-0.0035000000000000031 0.021999999999999999 0.14992822713268736
-0.0029999999999999992 0.021999999999999999 0.15787627501784507
-0.0025000000000000022 0.021999999999999999 0.16438075559287674
-0.0019999999999999983 0.021999999999999999 0.16947077125499962
-0.0015000000000000013 0.021999999999999999 0.17323728160632026
-0.00099999999999999742 0.021999999999999999 0.17580201010696417
-0.00050000000000000044 0.021999999999999999 0.17728355889739314
0 0.021999999999999999 0.17776711561991176
0.00050000000000000044 0.021999999999999999 0.17728355889739314
0.0010000000000000009 0.021999999999999999 0.17580201010696417
0.0015000000000000013 0.021999999999999999 0.17323728160632035
0.0020000000000000018 0.021999999999999999 0.16947077125499962
0.0024999999999999988 0.021999999999999999 0.16438075559287679
0.0030000000000000027 0.021999999999999999 0.15787627501784507
0.0034999999999999996 0.021999999999999999 0.14992822713268744
0.0040000000000000036 0.021999999999999999 0.14059196677225716
0.0045000000000000005 0.021999999999999999 0.13001745752822477
0.0049999999999999975 0.021999999999999999 0.11844541895220137
0.0055000000000000014 0.021999999999999999 0.10619044520243616
0.0059999999999999984 0.021999999999999999 0.093614227771085787
0.0064999999999999988 0.021999999999999999 0.081093414361954413
0.0069999999999999993 0.021999999999999999 0.068987090417100258
0.0074999999999999997 0.021999999999999999 0.057608405152051567
0.0080000000000000002 0.021999999999999999 0.047203687039729166
0.0085000000000000006 0.021999999999999999 0.03794082286044529
0.0090000000000000011 0.021999999999999999 0.029907055547282301
0.0095000000000000015 0.021999999999999999 0.023114985672010875
0.010000000000000002 0.021999999999999999 0.017514634370612462
0.010500000000000002 0.021999999999999999 0.013009014594315596
0.011000000000000003 0.021999999999999999 0.0094707238824223213
0.011500000000000003 0.021999999999999999 0.0067574970076627813
0.012000000000000004 0.021999999999999999 0.0047252849137881395
0.012499999999999997 0.021999999999999999 0.0032381036866651228
0.013000000000000005 0.021999999999999999 0.0021745017442189292
0.013499999999999998 0.021999999999999999 0.0014309493172934924
0.014000000000000005 0.021999999999999999 0.00092273357992092217
0.014499999999999999 0.021999999999999999 0.00058305619059912652
0.014999999999999999 0.021999999999999999 0.0003610130014794261
0.0155 0.021999999999999999 0.00021903400384341729
0.016000000000000007 0.021999999999999999 0.00013021942457106463
0.016500000000000001 0.021999999999999999 7.5860545761479096e-05
0.017000000000000001 0.021999999999999999 4.3304555634408157e-05
0.017500000000000002 0.021999999999999999 2.4223175431506526e-05
0.017999999999999995 0.021999999999999999 1.3277361241323972e-05
0.018500000000000003 0.021999999999999999 7.1314840957924449e-06
0.019000000000000003 0.021999999999999999 3.753536641332634e-06
0.019500000000000003 0.021999999999999999 1.9359764834026156e-06
0.019999999999999997 0.021999999999999999 9.7850993398935096e-07
0.020499999999999997 0.021999999999999999 4.8466791187622981e-07
0.021000000000000005 0.021999999999999999 2.3525909893144943e-07
0.021500000000000005 0.021999999999999999 1.1191343765016368e-07
0.021999999999999999 0.021999999999999999 5.2175133120191131e-08
0.022499999999999999 0.021999999999999999 2.3839865253158124e-08
0.023000000000000007 0.021999999999999999 1.0676230892118426e-08
0.023500000000000007 0.021999999999999999 4.6862224088555528e-09
0.024 0.021999999999999999 2.0162178596105711e-09
0.024500000000000001 0.021999999999999999 8.5032055251995671e-10
0.025000000000000001 0.021999999999999999 3.5154585834972283e-10
-0.025000000000000001 0.022499999999999999 1.7395901949400911e-10
-0.024500000000000001 0.022499999999999999 4.2112267019508103e-10
-0.024 0.022499999999999999 9.9927550673464843e-10
-0.0235 0.022499999999999999 2.3241137451637952e-09
-0.023 0.022499999999999999 5.2979473404174148e-09
-0.022500000000000003 0.022499999999999999 1.1836423039223111e-08
-0.022000000000000002 0.022499999999999999 2.591684008398445e-08
-0.021500000000000002 0.022499999999999999 5.5613473351043234e-08
-0.021000000000000001 0.022499999999999999 1.169508669923778e-07
-0.020500000000000001 0.022499999999999999 2.4101420228877217e-07
-0.02 0.022499999999999999 4.867310330107667e-07
-0.0195 0.022499999999999999 9.6324140223846348e-07
-0.019 0.022499999999999999 1.8679893476773252e-06
-0.018500000000000003 0.022499999999999999 3.5497775165990459e-06
-0.018000000000000002 0.022499999999999999 6.610138040585013e-06
-0.017500000000000002 0.022499999999999999 1.2061423022421122e-05
-0.017000000000000001 0.022499999999999999 2.1565620003714257e-05
-0.016500000000000001 0.022499999999999999 3.778315897687729e-05
-0.016 0.022499999999999999 6.4864317932144568e-05
-0.0155 0.022499999999999999 0.00010911487156506231
-0.015000000000000001 0.022499999999999999 0.00017985922871258941
-0.014500000000000001 0.022499999999999999 0.0002905049160055214
-0.014 0.022499999999999999 0.00045977864165043443
-0.0135 0.022499999999999999 0.00071305453449437809
-0.012999999999999999 0.022499999999999999 0.0010836307035565515
-0.012500000000000001 0.022499999999999999 0.0016137367957015831
-0.012 0.022499999999999999 0.0023549843442946653
-0.0115 0.022499999999999999 0.0033679209878227116
-0.010999999999999999 0.022499999999999999 0.0047203411422035773
-0.010499999999999999 0.022499999999999999 0.0064840622327741121
-0.010000000000000002 0.022499999999999999 0.0087300148216451906
-0.0095000000000000015 0.022499999999999999 0.01152172224934642
-0.0090000000000000011 0.022499999999999999 0.014907546767553917
-0.0085000000000000006 0.022499999999999999 0.018912416841953252
-0.0080000000000000002 0.022499999999999999 0.023530063460675626
-0.0074999999999999997 0.022499999999999999 0.028717005281666715
-0.0069999999999999993 0.022499999999999999 0.034389555547255292
-0.0064999999999999988 0.022499999999999999 0.040424918861866437
-0.0059999999999999984 0.022499999999999999 0.046666983765813519
-0.0054999999999999979 0.022499999999999999 0.052936733833203214
-0.005000000000000001 0.022499999999999999 0.059046392909436557
-0.0044999999999999971 0.022499999999999999 0.064815636940646945
-0.0040000000000000001 0.022499999999999999 0.07008761805575775
-0.0035000000000000031 0.022499999999999999 0.074742314874828922
-0.0029999999999999992 0.022499999999999999 0.078704949534005572
-0.0025000000000000022 0.022499999999999999 0.081947909573434161
-0.0019999999999999983 0.022499999999999999 0.084485688122111366
-0.0015000000000000013 0.022499999999999999 0.086363617925545935
-0.00099999999999999742 0.022499999999999999 0.087642370965994934
-0.00050000000000000044 0.022499999999999999 0.088381066055920762
0 0.022499999999999999 0.08862216698291786
0.00050000000000000044 0.022499999999999999 0.088381066055920762
0.0010000000000000009 0.022499999999999999 0.087642370965994934
0.0015000000000000013 0.022499999999999999 0.086363617925545977
0.0020000000000000018 0.022499999999999999 0.084485688122111366
0.0024999999999999988 0.022499999999999999 0.08194790957343423
0.0030000000000000027 0.022499999999999999 0.078704949534005572
0.0034999999999999996 0.022499999999999999 0.074742314874828991
0.0040000000000000036 0.022499999999999999 0.070087618055757736
0.0045000000000000005 0.022499999999999999 0.064815636940646945
0.0049999999999999975 0.022499999999999999 0.059046392909436578
0.0055000000000000014 0.022499999999999999 0.052936733833203214
0.0059999999999999984 0.022499999999999999 0.046666983765813533
0.0064999999999999988 0.022499999999999999 0.040424918861866443
0.0069999999999999993 0.022499999999999999 0.034389555547255292
0.0074999999999999997 0.022499999999999999 0.028717005281666715
0.0080000000000000002 0.022499999999999999 0.023530063460675626
0.0085000000000000006 0.022499999999999999 0.018912416841953255
0.0090000000000000011 0.022499999999999999 0.014907546767553917
0.0095000000000000015 0.022499999999999999 0.01152172224934642
0.010000000000000002 0.022499999999999999 0.0087300148216452062
0.010500000000000002 0.022499999999999999 0.0064840622327741008
0.011000000000000003 0.022499999999999999 0.0047203411422035687
0.011500000000000003 0.022499999999999999 0.0033679209878227003
0.012000000000000004 0.022499999999999999 0.0023549843442946653
0.012499999999999997 0.022499999999999999 0.001613736795701592
0.013000000000000005 0.022499999999999999 0.0010836307035565476
0.013499999999999998 0.022499999999999999 0.00071305453449438058
0.014000000000000005 0.022499999999999999 0.00045977864165043275
0.014499999999999999 0.022499999999999999 0.00029050491600552243
0.014999999999999999 0.022499999999999999 0.00017985922871258941
0.0155 0.022499999999999999 0.00010911487156506231
0.016000000000000007 0.022499999999999999 6.4864317932144093e-05
0.016500000000000001 0.022499999999999999 3.778315897687729e-05
0.017000000000000001 0.022499999999999999 2.1565620003714335e-05
0.017500000000000002 0.022499999999999999 1.2061423022421122e-05
0.017999999999999995 0.022499999999999999 6.6101380405850596e-06
0.018500000000000003 0.022499999999999999 3.5497775165990586e-06
0.019000000000000003 0.022499999999999999 1.8679893476773252e-06
0.019500000000000003 0.022499999999999999 9.6324140223846348e-07
0.019999999999999997 0.022499999999999999 4.8673103301077188e-07
0.020499999999999997 0.022499999999999999 2.4101420228877477e-07
0.021000000000000005 0.022499999999999999 1.169508669923778e-07
0.021500000000000005 0.022499999999999999 5.5613473351043234e-08
0.021999999999999999 0.022499999999999999 2.5916840083984718e-08
0.022499999999999999 0.022499999999999999 1.1836423039223235e-08
0.023000000000000007 0.022499999999999999 5.2979473404173768e-09
0.023500000000000007 0.022499999999999999 2.3241137451637869e-09
0.024 0.022499999999999999 9.9927550673465877e-10
0.024500000000000001 0.022499999999999999 4.2112267019508397e-10
0.025000000000000001 0.022499999999999999 1.7395901949401089e-10
-0.025000000000000001 0.023000000000000007 8.4459585650460336e-11
-0.024500000000000001 0.023000000000000007 2.0460034336177555e-10
-0.024 0.023000000000000007 4.8578743570957226e-10
-0.0235 0.023000000000000007 1.1304534009818485e-09
-0.023 0.023000000000000007 2.5781679107083119e-09
-0.022500000000000003 0.023000000000000007 5.7624758553249753e-09
-0.022000000000000002 0.023000000000000007 1.2622200456575306e-08
-0.021500000000000002 0.023000000000000007 2.7094365383588613e-08
-0.021000000000000001 0.023000000000000007 5.6994365462625263e-08
-0.020500000000000001 0.023000000000000007 1.1748597074832021e-07
-0.02 0.023000000000000007 2.3731998432673698e-07
-0.0195 0.023000000000000007 4.6975429868860926e-07
-0.019 0.023000000000000007 9.1115046963649683e-07
-0.018500000000000003 0.023000000000000007 1.731760453910422e-06
-0.018000000000000002 0.023000000000000007 3.2252256297833134e-06
-0.017500000000000002 0.023000000000000007 5.8857774786999968e-06
-0.017000000000000001 0.023000000000000007 1.0524866401864667e-05
-0.016500000000000001 0.023000000000000007 1.8441516094928893e-05
-0.016 0.023000000000000007 3.1662333934400202e-05
-0.0155 0.023000000000000007 5.3266639288112554e-05
-0.015000000000000001 0.023000000000000007 8.7808070511323949e-05
-0.014500000000000001 0.023000000000000007 0.00014183456207798439
-0.014 0.023000000000000007 0.00022449215957770125
-0.0135 0.023000000000000007 0.0003481738923848306
-0.012999999999999999 0.023000000000000007 0.00052914343939037579
-0.012500000000000001 0.023000000000000007 0.00078802743213778558
-0.012 0.023000000000000007 0.0011500356085574256
-0.0115 0.023000000000000007 0.0016447432512397137
-0.010999999999999999 0.023000000000000007 0.0023052661875094136
-0.010499999999999999 0.023000000000000007 0.0031666862324900053
-0.010000000000000002 0.023000000000000007 0.0042636529633886498
-0.0095000000000000015 0.023000000000000007 0.0056271987360849299
-0.0090000000000000011 0.023000000000000007 0.0072809510661591293
-0.0085000000000000006 0.023000000000000007 0.0092370914653991804
-0.0080000000000000002 0.023000000000000007 0.011492562807205686
-0.0074999999999999997 0.023000000000000007 0.014026130864977107
-0.0069999999999999993 0.023000000000000007 0.01679692184781198
-0.0064999999999999988 0.023000000000000007 0.01974495771334708
-0.0059999999999999984 0.023000000000000007 0.022793985288080947
-0.0054999999999999979 0.023000000000000007 0.025856561496119888
-0.005000000000000001 0.023000000000000007 0.028840962735573801
-0.0044999999999999971 0.023000000000000007 0.031659103873483488
-0.0040000000000000001 0.023000000000000007 0.03423436568113393
-0.0035000000000000031 0.023000000000000007 0.036508116341606972
-0.0029999999999999992 0.023000000000000007 0.038443823294177566
-0.0025000000000000022 0.023000000000000007 0.040027992456329028
-0.0019999999999999983 0.023000000000000007 0.041267697108529476
-0.0015000000000000013 0.023000000000000007 0.042185075235037971
-0.00099999999999999742 0.023000000000000007 0.042809758431819958
-0.00050000000000000044 0.023000000000000007 0.04317062077922143
0 0.023000000000000007 0.043288402262037236
0.00050000000000000044 0.023000000000000007 0.04317062077922143
0.0010000000000000009 0.023000000000000007 0.042809758431819958
0.0015000000000000013 0.023000000000000007 0.042185075235037998
0.0020000000000000018 0.023000000000000007 0.041267697108529476
0.0024999999999999988 0.023000000000000007 0.040027992456329049
0.0030000000000000027 0.023000000000000007 0.038443823294177566
0.0034999999999999996 0.023000000000000007 0.036508116341606993
0.0040000000000000036 0.023000000000000007 0.034234365681133923
0.0045000000000000005 0.023000000000000007 0.031659103873483488
0.0049999999999999975 0.023000000000000007 0.028840962735573808
0.0055000000000000014 0.023000000000000007 0.025856561496119888
0.0059999999999999984 0.023000000000000007 0.022793985288080951
0.0064999999999999988 0.023000000000000007 0.019744957713347083
0.0069999999999999993 0.023000000000000007 0.016796921847811983
0.0074999999999999997 0.023000000000000007 0.014026130864977107
0.0080000000000000002 0.023000000000000007 0.011492562807205686
0.0085000000000000006 0.023000000000000007 0.0092370914653991821
0.0090000000000000011 0.023000000000000007 0.0072809510661591293
0.0095000000000000015 0.023000000000000007 0.0056271987360849299
0.010000000000000002 0.023000000000000007 0.0042636529633886576
0.010500000000000002 0.023000000000000007 0.003166686232489994
0.011000000000000003 0.023000000000000007 0.0023052661875094093
0.011500000000000003 0.023000000000000007 0.0016447432512397104
0.012000000000000004 0.023000000000000007 0.0011500356085574256
0.012499999999999997 0.023000000000000007 0.0007880274321377884
0.013000000000000005 0.023000000000000007 0.00052914343939037384
0.013499999999999998 0.023000000000000007 0.00034817389238483179
0.014000000000000005 0.023000000000000007 0.00022449215957770049
0.014499999999999999 0.023000000000000007 0.00014183456207798488
0.014999999999999999 0.023000000000000007 8.7808070511323949e-05
0.0155 0.023000000000000007 5.3266639288112554e-05
0.016000000000000007 0.023000000000000007 3.1662333934399978e-05
0.016500000000000001 0.023000000000000007 1.8441516094928893e-05
0.017000000000000001 0.023000000000000007 1.0524866401864667e-05
0.017500000000000002 0.023000000000000007 5.8857774786999968e-06
0.017999999999999995 0.023000000000000007 3.2252256297833367e-06
0.018500000000000003 0.023000000000000007 1.7317604539104341e-06
0.019000000000000003 0.023000000000000007 9.1115046963649683e-07
0.019500000000000003 0.023000000000000007 4.6975429868860926e-07
0.019999999999999997 0.023000000000000007 2.373199843267387e-07
0.020499999999999997 0.023000000000000007 1.1748597074832147e-07
0.021000000000000005 0.023000000000000007 5.6994365462625263e-08
0.021500000000000005 0.023000000000000007 2.7094365383588609e-08
0.021999999999999999 0.023000000000000007 1.2622200456575483e-08
0.022499999999999999 0.023000000000000007 5.7624758553250563e-09
0.023000000000000007 0.023000000000000007 2.5781679107082932e-09
0.023500000000000007 0.023000000000000007 1.1304534009818444e-09
0.024 0.023000000000000007 4.8578743570957226e-10
0.024500000000000001 0.023000000000000007 2.0460034336177628e-10
0.025000000000000001 0.023000000000000007 8.4459585650460336e-11
-0.025000000000000001 0.023500000000000007 4.0223444419669588e-11
-0.024500000000000001 0.023500000000000007 9.7494111916964986e-11
-0.024 0.023500000000000007 2.3159717519102719e-10
-0.0235 0.023500000000000007 5.3917616030523187e-10
-0.023 0.023500000000000007 1.2301523845801679e-09
-0.022500000000000003 0.023500000000000007 2.7504737597277725e-09
-0.022000000000000002 0.023500000000000007 6.0265281324280675e-09
-0.021500000000000002 0.023500000000000007 1.2939864972192577e-08
-0.021000000000000001 0.023500000000000007 2.7226255518581367e-08
-0.020500000000000001 0.023500000000000007 5.6135204762869859e-08
-0.02 0.023500000000000007 1.1341391117805712e-07
-0.0195 0.023500000000000007 2.245308852052428e-07
-0.019 0.023500000000000007 4.3557243569586813e-07
-0.018500000000000003 0.023500000000000007 8.2797200846802228e-07
-0.018000000000000002 0.023500000000000007 1.5421936829398785e-06
-0.017500000000000002 0.023500000000000007 2.814672116667503e-06
-0.017000000000000001 0.023500000000000007 5.0336214691208685e-06
-0.016500000000000001 0.023500000000000007 8.8205566889313283e-06
-0.016 0.023500000000000007 1.5145152635659501e-05
-0.0155 0.023500000000000007 2.548084286071115e-05
-0.015000000000000001 0.023500000000000007 4.200659764931686e-05
-0.014500000000000001 0.023500000000000007 6.7855789355090047e-05
-0.014 0.023500000000000007 0.00010740519278958773
-0.0135 0.023500000000000007 0.00016658556299185546
-0.012999999999999999 0.023500000000000007 0.00025318016322566626
-0.012500000000000001 0.023500000000000007 0.00037706043684186159
-0.012 0.023500000000000007 0.00055029143978357399
-0.0115 0.023500000000000007 0.00078702778838702107
-0.010999999999999999 0.023500000000000007 0.0011031188850290487
-0.010499999999999999 0.023500000000000007 0.0015153553933264288
-0.010000000000000002 0.023500000000000007 0.0020403214819126945
-0.0095000000000000015 0.023500000000000007 0.002692870492242858
-0.0090000000000000011 0.023500000000000007 0.0034843121439553973
-0.0085000000000000006 0.023500000000000007 0.0044204783501592777
-0.0080000000000000002 0.023500000000000007 0.0054999079383984666
-0.0074999999999999997 0.023500000000000007 0.0067124401483479096
-0.0069999999999999993 0.023500000000000007 0.0080385145267615477
-0.0064999999999999988 0.023500000000000007 0.0094494269625604397
-0.0059999999999999984 0.023500000000000007 0.010908683562152641
-0.0054999999999999979 0.023500000000000007 0.012374434339947114
-0.005000000000000001 0.023500000000000007 0.013802780000280472
-0.0044999999999999971 0.023500000000000007 0.015151561982678851
-0.0040000000000000001 0.023500000000000007 0.016384108744353088
-0.0035000000000000031 0.023500000000000007 0.017472357073991428
-0.0029999999999999992 0.023500000000000007 0.018398820174580357
-0.0025000000000000022 0.023500000000000007 0.019157037345978019
-0.0019999999999999983 0.023500000000000007 0.01975039148027239
-0.0015000000000000013 0.023500000000000007 0.020189475646450364
-0.00099999999999999742 0.023500000000000007 0.02048846969952596
-0.00050000000000000044 0.023500000000000007 0.020661191395817846
0 0.023500000000000007 0.020717566035836202
0.00050000000000000044 0.023500000000000007 0.020661191395817846
0.0010000000000000009 0.023500000000000007 0.02048846969952596
0.0015000000000000013 0.023500000000000007 0.020189475646450364
0.0020000000000000018 0.023500000000000007 0.01975039148027239
0.0024999999999999988 0.023500000000000007 0.019157037345978043
0.0030000000000000027 0.023500000000000007 0.018398820174580357
0.0034999999999999996 0.023500000000000007 0.017472357073991439
0.0040000000000000036 0.023500000000000007 0.016384108744353081
0.0045000000000000005 0.023500000000000007 0.015151561982678851
0.0049999999999999975 0.023500000000000007 0.013802780000280476
0.0055000000000000014 0.023500000000000007 0.012374434339947114
0.0059999999999999984 0.023500000000000007 0.010908683562152641
0.0064999999999999988 0.023500000000000007 0.0094494269625604397
0.0069999999999999993 0.023500000000000007 0.0080385145267615477
0.0074999999999999997 0.023500000000000007 0.0067124401483479217
0.0080000000000000002 0.023500000000000007 0.0054999079383984666
0.0085000000000000006 0.023500000000000007 0.0044204783501592786
0.0090000000000000011 0.023500000000000007 0.0034843121439553978
0.0095000000000000015 0.023500000000000007 0.002692870492242858
0.010000000000000002 0.023500000000000007 0.0020403214819127015
0.010500000000000002 0.023500000000000007 0.0015153553933264262
0.011000000000000003 0.023500000000000007 0.0011031188850290487
0.011500000000000003 0.023500000000000007 0.00078702778838701836
0.012000000000000004 0.023500000000000007 0.00055029143978357203
0.012499999999999997 0.023500000000000007 0.00037706043684186159
0.013000000000000005 0.023500000000000007 0.00025318016322566539
0.013499999999999998 0.023500000000000007 0.00016658556299185606
0.014000000000000005 0.023500000000000007 0.00010740519278958773
0.014499999999999999 0.023500000000000007 6.7855789355090535e-05
0.014999999999999999 0.023500000000000007 4.2006597649317165e-05
0.0155 0.023500000000000007 2.5480842860711333e-05
0.016000000000000007 0.023500000000000007 1.5145152635659394e-05
0.016500000000000001 0.023500000000000007 8.8205566889313588e-06
0.017000000000000001 0.023500000000000007 5.0336214691208685e-06
0.017500000000000002 0.023500000000000007 2.8146721166675132e-06
0.017999999999999995 0.023500000000000007 1.5421936829398896e-06
0.018500000000000003 0.023500000000000007 8.2797200846802228e-07
0.019000000000000003 0.023500000000000007 4.3557243569586813e-07
0.019500000000000003 0.023500000000000007 2.245308852052428e-07
0.019999999999999997 0.023500000000000007 1.1341391117805832e-07
0.020499999999999997 0.023500000000000007 5.6135204762870455e-08
0.021000000000000005 0.023500000000000007 2.7226255518581367e-08
0.021500000000000005 0.023500000000000007 1.2939864972192577e-08
0.021999999999999999 0.023500000000000007 6.0265281324281527e-09
0.022499999999999999 0.023500000000000007 2.7504737597278014e-09
0.023000000000000007 0.023500000000000007 1.2301523845801592e-09
0.023500000000000007 0.023500000000000007 5.3917616030522794e-10
0.024 0.023500000000000007 2.3159717519102884e-10
0.024500000000000001 0.023500000000000007 9.7494111916966356e-11
0.025000000000000001 0.023500000000000007 4.0223444419669866e-11
-0.025000000000000001 0.024 1.8786589378999192e-11
-0.024500000000000001 0.024 4.5555860413258384e-11
-0.024 0.024 1.0826156507537998e-10
-0.0235 0.024 2.5213160090577624e-10
-0.023 0.024 5.7543144250192403e-10
-0.022500000000000003 0.024 1.2869589571883529e-09
-0.022000000000000002 0.024 2.820545117253496e-09
-0.021500000000000002 0.024 6.0574797710223808e-09
-0.021000000000000001 0.024 1.2747809775794756e-08
-0.020500000000000001 0.024 2.6288069135912639e-08
-0.02 0.024 5.3119845467945041e-08
-0.0195 0.024 1.0517826732433879e-07
-0.019 0.024 2.0406239268844213e-07
-0.018500000000000003 0.024 3.879402895949326e-07
-0.018000000000000002 0.024 7.226524191650438e-07
-0.017500000000000002 0.024 1.3190307902151543e-06
-0.017000000000000001 0.024 2.3590658695553789e-06
-0.016500000000000001 0.024 4.1341305682224468e-06
-0.016 0.024 7.0988375656828774e-06
-0.0155 0.024 1.1944001585807396e-05
-0.015000000000000001 0.024 1.9691258313434033e-05
-0.014500000000000001 0.024 3.1809766812023573e-05
-0.014 0.024 5.0351736421730745e-05
-0.0135 0.024 7.809807681753608e-05
-0.012999999999999999 0.024 0.00011869840296158652
-0.012500000000000001 0.024 0.00017678157014574831
-0.012 0.024 0.00025800514000105074
-0.0115 0.024 0.00036900661477445596
-0.010999999999999999 0.024 0.00051721834198418344
-0.010499999999999999 0.024 0.00071051418496207558
-0.010000000000000002 0.024 0.00095667131693330304
-0.0095000000000000015 0.024 0.0012626554139633941
-0.0090000000000000011 0.024 0.0016337705632036451
-0.0085000000000000006 0.024 0.0020727522309431693
-0.0080000000000000002 0.024 0.0025789159740099181
-0.0074999999999999997 0.024 0.0031474978279044195
-0.0069999999999999993 0.024 0.0037693259411417037
-0.0064999999999999988 0.024 0.0044309405753408309
-0.0059999999999999984 0.024 0.0051152289262715693
-0.0054999999999999979 0.024 0.0058025663200772524
-0.005000000000000001 0.024 0.0064723668501773723
-0.0044999999999999971 0.024 0.0071048606542936064
-0.0040000000000000001 0.024 0.0076828506916087986
-0.0035000000000000031 0.024 0.0081931764707457652
-0.0029999999999999992 0.024 0.0086276370042440119
-0.0025000000000000022 0.024 0.0089832017437142513
-0.0019999999999999983 0.024 0.0092614561310665148
-0.0015000000000000013 0.024 0.0094673667668004214
-0.00099999999999999742 0.024 0.0096075823386446366
-0.00050000000000000044 0.024 0.0096885819048831371
0 0.024 0.0097150194267874752
0.00050000000000000044 0.024 0.0096885819048831371
0.0010000000000000009 0.024 0.0096075823386446366
0.0015000000000000013 0.024 0.0094673667668004214
0.0020000000000000018 0.024 0.0092614561310665148
0.0024999999999999988 0.024 0.0089832017437142617
0.0030000000000000027 0.024 0.0086276370042440119
0.0034999999999999996 0.024 0.0081931764707457687
0.0040000000000000036 0.024 0.0076828506916087952
0.0045000000000000005 0.024 0.0071048606542936064
0.0049999999999999975 0.024 0.006472366850177374
0.0055000000000000014 0.024 0.0058025663200772524
0.0059999999999999984 0.024 0.0051152289262715693
0.0064999999999999988 0.024 0.0044309405753408318
0.0069999999999999993 0.024 0.0037693259411417037
0.0074999999999999997 0.024 0.0031474978279044247
0.0080000000000000002 0.024 0.0025789159740099181
0.0085000000000000006 0.024 0.0020727522309431697
0.0090000000000000011 0.024 0.0016337705632036451
0.0095000000000000015 0.024 0.0012626554139633941
0.010000000000000002 0.024 0.00095667131693330629
0.010500000000000002 0.024 0.00071051418496207309
0.011000000000000003 0.024 0.0005172183419841817
0.011500000000000003 0.024 0.00036900661477445596
0.012000000000000004 0.024 0.00025800514000104977
0.012499999999999997 0.024 0.00017678157014574893
0.013000000000000005 0.024 0.00011869840296158612
0.013499999999999998 0.024 7.8098076817536364e-05
0.014000000000000005 0.024 5.0351736421730562e-05
0.014499999999999999 0.024 3.1809766812023688e-05
0.014999999999999999 0.024 1.9691258313434104e-05
0.0155 0.024 1.1944001585807396e-05
0.016000000000000007 0.024 7.098837565682852e-06
0.016500000000000001 0.024 4.1341305682224612e-06
0.017000000000000001 0.024 2.3590658695553789e-06
0.017500000000000002 0.024 1.3190307902151589e-06
0.017999999999999995 0.024 7.2265241916505407e-07
0.018500000000000003 0.024 3.879402895949326e-07
0.019000000000000003 0.024 2.0406239268844213e-07
0.019500000000000003 0.024 1.0517826732433879e-07
0.019999999999999997 0.024 5.3119845467945412e-08
0.020499999999999997 0.024 2.6288069135912821e-08
0.021000000000000005 0.024 1.2747809775794755e-08
0.021500000000000005 0.024 6.0574797710223808e-09
0.021999999999999999 0.024 2.8205451172535159e-09
0.022499999999999999 0.024 1.2869589571883664e-09
0.023000000000000007 0.024 5.754314425019198e-10
0.023500000000000007 0.024 2.5213160090577619e-10
0.024 0.024 1.0826156507538073e-10
0.024500000000000001 0.024 4.5555860413258384e-11
0.025000000000000001 0.024 1.8786589378999322e-11
-0.025000000000000001 0.024500000000000001 8.603613850996512e-12
-0.024500000000000001 0.024500000000000001 2.0870738397190621e-11
-0.024 0.024500000000000001 4.9614706265538722e-11
-0.0235 0.024500000000000001 1.1558192205191965e-10
-0.023 0.024500000000000001 2.6385689180012049e-10
-0.022500000000000003 0.024500000000000001 5.9025417997151419e-10
-0.022000000000000002 0.024500000000000001 1.2938849427584755e-09
-0.021500000000000002 0.024500000000000001 2.7792831099202295e-09
-0.021000000000000001 0.024500000000000001 5.8498630216907498e-09
-0.020500000000000001 0.024500000000000001 1.2065080356559381e-08
-0.02 0.024500000000000001 2.4382752687438471e-08
-0.0195 0.024500000000000001 4.8283653898208702e-08
-0.019 0.024500000000000001 9.3687093511923503e-08
-0.018500000000000003 0.024500000000000001 1.7812278137891814e-07
-0.018000000000000002 0.024500000000000001 3.3183142026679822e-07
-0.017500000000000002 0.024500000000000001 6.057209656540005e-07
-0.017000000000000001 0.024500000000000001 1.0833878737561713e-06
-0.016500000000000001 0.024500000000000001 1.8986779766246405e-06
-0.016 0.024500000000000001 3.2604302907096181e-06
-0.0155 0.024500000000000001 5.4859990679982078e-06
-0.015000000000000001 0.024500000000000001 9.044726814526038e-06
-0.014500000000000001 0.024500000000000001 1.4611564793318499e-05
-0.014 0.024500000000000001 2.3129344037267809e-05
-0.0135 0.024500000000000001 3.5875699333743297e-05
-0.012999999999999999 0.024500000000000001 5.4527401529618028e-05
-0.012500000000000001 0.024500000000000001 8.1211151614455601e-05
-0.012 0.024500000000000001 0.00011852631772636022
-0.0115 0.024500000000000001 0.00016952253960243817
-0.010999999999999999 0.024500000000000001 0.00023761469493250109
-0.010499999999999999 0.024500000000000001 0.00032642056738871279
-0.010000000000000002 0.024500000000000001 0.00043951356830256288
-0.0095000000000000015 0.024500000000000001 0.00058009431272149428
-0.0090000000000000011 0.024500000000000001 0.00075060003199161165
-0.0085000000000000006 0.024500000000000001 0.0009522878185375187
-0.0080000000000000002 0.024500000000000001 0.0011848434767144005
-0.0074999999999999997 0.024500000000000001 0.0014460784368408753
-0.0069999999999999993 0.024500000000000001 0.0017317788609426863
-0.0064999999999999988 0.024500000000000001 0.0020357607544450036
-0.0059999999999999984 0.024500000000000001 0.0023501616200285094
-0.0054999999999999979 0.024500000000000001 0.0026659647756647085
-0.005000000000000001 0.024500000000000001 0.0029737118012498794
-0.0044999999999999971 0.024500000000000001 0.0032643191253799862
-0.0040000000000000001 0.024500000000000001 0.0035298852014198391
-0.0035000000000000031 0.024500000000000001 0.0037643630464933571
-0.0029999999999999992 0.024500000000000001 0.0039639843223425947
-0.0025000000000000022 0.024500000000000001 0.0041273562753394027
-0.0019999999999999983 0.024500000000000001 0.0042552070144914744
-0.0015000000000000013 0.024500000000000001 0.0043498181798924474
-0.00099999999999999742 0.024500000000000001 0.0044142443090691161
-0.00050000000000000044 0.024500000000000001 0.004451462065079825
0 0.024500000000000001 0.0044636096285639842
0.00050000000000000044 0.024500000000000001 0.004451462065079825
0.0010000000000000009 0.024500000000000001 0.0044142443090691161
0.0015000000000000013 0.024500000000000001 0.0043498181798924474
0.0020000000000000018 0.024500000000000001 0.0042552070144914744
0.0024999999999999988 0.024500000000000001 0.0041273562753394053
0.0030000000000000027 0.024500000000000001 0.0039639843223425947
0.0034999999999999996 0.024500000000000001 0.0037643630464933588
0.0040000000000000036 0.024500000000000001 0.0035298852014198374
0.0045000000000000005 0.024500000000000001 0.0032643191253799862
0.0049999999999999975 0.024500000000000001 0.0029737118012498802
0.0055000000000000014 0.024500000000000001 0.0026659647756647085
0.0059999999999999984 0.024500000000000001 0.0023501616200285094
0.0064999999999999988 0.024500000000000001 0.002035760754445004
0.0069999999999999993 0.024500000000000001 0.0017317788609426863
0.0074999999999999997 0.024500000000000001 0.0014460784368408805
0.0080000000000000002 0.024500000000000001 0.0011848434767144007
0.0085000000000000006 0.024500000000000001 0.0009522878185375187
0.0090000000000000011 0.024500000000000001 0.00075060003199161165
0.0095000000000000015 0.024500000000000001 0.00058009431272149428
0.010000000000000002 0.024500000000000001 0.0004395135683025644
0.010500000000000002 0.024500000000000001 0.00032642056738871165
0.011000000000000003 0.024500000000000001 0.00023761469493250028
0.011500000000000003 0.024500000000000001 0.00016952253960243817
0.012000000000000004 0.024500000000000001 0.00011852631772635981
0.012499999999999997 0.024500000000000001 8.12111516144559e-05
0.013000000000000005 0.024500000000000001 5.4527401529617635e-05
0.013499999999999998 0.024500000000000001 3.5875699333743426e-05
0.014000000000000005 0.024500000000000001 2.3129344037267809e-05
0.014499999999999999 0.024500000000000001 1.461156479331855e-05
0.014999999999999999 0.024500000000000001 9.0447268145260685e-06
0.0155 0.024500000000000001 5.4859990679982272e-06
0.016000000000000007 0.024500000000000001 3.2604302907096066e-06
0.016500000000000001 0.024500000000000001 1.8986779766246471e-06
0.017000000000000001 0.024500000000000001 1.0833878737561713e-06
0.017500000000000002 0.024500000000000001 6.0572096565400272e-07
0.017999999999999995 0.024500000000000001 3.3183142026680182e-07
0.018500000000000003 0.024500000000000001 1.7812278137891814e-07
0.019000000000000003 0.024500000000000001 9.3687093511923503e-08
0.019500000000000003 0.024500000000000001 4.8283653898208702e-08
0.019999999999999997 0.024500000000000001 2.4382752687438643e-08
0.020499999999999997 0.024500000000000001 1.2065080356559465e-08
0.021000000000000005 0.024500000000000001 5.8498630216907498e-09
0.021500000000000005 0.024500000000000001 2.7792831099202295e-09
0.021999999999999999 0.024500000000000001 1.2938849427584937e-09
0.022499999999999999 0.024500000000000001 5.9025417997151832e-10
0.023000000000000007 0.024500000000000001 2.638568918001195e-10
0.023500000000000007 0.024500000000000001 1.1558192205191882e-10
0.024 0.024500000000000001 4.9614706265539071e-11
0.024500000000000001 0.024500000000000001 2.0870738397190766e-11
0.025000000000000001 0.024500000000000001 8.6036138509965718e-12
-0.025000000000000001 0.025000000000000001 3.8629343829457605e-12
-0.024500000000000001 0.025000000000000001 9.3735664558280896e-12
-0.024 0.025000000000000001 2.2289142455147121e-11
-0.0235 0.025000000000000001 5.1936852410098139e-11
-0.023 0.025000000000000001 1.1858923939500662e-10
-0.022500000000000003 0.025000000000000001 2.6533631327299253e-10
-0.022000000000000002 0.025000000000000001 5.8173456123275043e-10
-0.021500000000000002 0.025000000000000001 1.2497565666757583e-09
-0.021000000000000001 0.025000000000000001 2.6308405761151434e-09
-0.020500000000000001 0.025000000000000001 5.4266127434645248e-09
-0.02 0.025000000000000001 1.0967949224939798e-08
-0.0195 0.025000000000000001 2.1721102597613434e-08
-0.019 0.025000000000000001 4.2149854011620184e-08
-0.018500000000000003 0.025000000000000001 8.0143145767960319e-08
-0.018000000000000002 0.025000000000000001 1.4931090295280949e-07
-0.017500000000000002 0.025000000000000001 2.7256532913622376e-07
-0.017000000000000001 0.025000000000000001 4.875320965138707e-07
-0.016500000000000001 0.025000000000000001 8.5445531109479784e-07
-0.016 0.025000000000000001 1.4673360903348842e-06
-0.0155 0.025000000000000001 2.4690230140320554e-06
-0.015000000000000001 0.025000000000000001 4.0707825019242586e-06
-0.014500000000000001 0.025000000000000001 6.576437728270654e-06
-0.014 0.025000000000000001 1.0410402319759422e-05
-0.0135 0.025000000000000001 1.6147809368297423e-05
-0.012999999999999999 0.025000000000000001 2.4543474462769033e-05
-0.012500000000000001 0.025000000000000001 3.6554764849188923e-05
-0.012 0.025000000000000001 5.3351838534058573e-05
-0.0115 0.025000000000000001 7.6307566071732362e-05
-0.010999999999999999 0.025000000000000001 0.00010695925403276137
-0.010499999999999999 0.025000000000000001 0.00014693556993690038
-0.010000000000000002 0.025000000000000001 0.00019784522511851336
-0.0095000000000000015 0.025000000000000001 0.00026112912600178027
-0.0090000000000000011 0.025000000000000001 0.00033788453872753013
-0.0085000000000000006 0.025000000000000001 0.0004286774714063234
-0.0080000000000000002 0.025000000000000001 0.00053336658155930577
-0.0074999999999999997 0.025000000000000001 0.00065096672597755292
-0.0069999999999999993 0.025000000000000001 0.0007795810229527339
-0.0064999999999999988 0.025000000000000001 0.00091642565376772508
-0.0059999999999999984 0.025000000000000001 0.0010579611511610479
-0.0054999999999999979 0.025000000000000001 0.0012001284298978211
-0.005000000000000001 0.025000000000000001 0.0013386695112206461
-0.0044999999999999971 0.025000000000000001 0.0014694951318287529
-0.0040000000000000001 0.025000000000000001 0.0015890481193379057
-0.0035000000000000031 0.025000000000000001 0.0016946061597607146
-0.0029999999999999992 0.025000000000000001 0.0017844727166896719
-0.0025000000000000022 0.025000000000000001 0.0018580206801945248
-0.0019999999999999983 0.025000000000000001 0.0019155777057284749
-0.0015000000000000013 0.025000000000000001 0.0019581708228265395
-0.00099999999999999742 0.025000000000000001 0.0019871750189822007
-0.00050000000000000044 0.025000000000000001 0.0020039302474389796
0 0.025000000000000001 0.0020093990231016918
0.00050000000000000044 0.025000000000000001 0.0020039302474389796
0.0010000000000000009 0.025000000000000001 0.0019871750189822007
0.0015000000000000013 0.025000000000000001 0.0019581708228265417
0.0020000000000000018 0.025000000000000001 0.0019155777057284749
0.0024999999999999988 0.025000000000000001 0.0018580206801945248
0.0030000000000000027 0.025000000000000001 0.0017844727166896719
0.0034999999999999996 0.025000000000000001 0.0016946061597607155
0.0040000000000000036 0.025000000000000001 0.0015890481193379057
0.0045000000000000005 0.025000000000000001 0.0014694951318287529
0.0049999999999999975 0.025000000000000001 0.0013386695112206466
0.0055000000000000014 0.025000000000000001 0.0012001284298978211
0.0059999999999999984 0.025000000000000001 0.0010579611511610479
0.0064999999999999988 0.025000000000000001 0.00091642565376772508
0.0069999999999999993 0.025000000000000001 0.00077958102295273401
0.0074999999999999997 0.025000000000000001 0.00065096672597755292
0.0080000000000000002 0.025000000000000001 0.00053336658155930577
0.0085000000000000006 0.025000000000000001 0.0004286774714063234
0.0090000000000000011 0.025000000000000001 0.00033788453872753013
0.0095000000000000015 0.025000000000000001 0.00026112912600178027
0.010000000000000002 0.025000000000000001 0.00019784522511851336
0.010500000000000002 0.025000000000000001 0.00014693556993689987
0.011000000000000003 0.025000000000000001 0.00010695925403276136
0.011500000000000003 0.025000000000000001 7.6307566071732077e-05
0.012000000000000004 0.025000000000000001 5.3351838534058573e-05
0.012499999999999997 0.025000000000000001 3.6554764849189052e-05
0.013000000000000005 0.025000000000000001 2.4543474462769033e-05
0.013499999999999998 0.025000000000000001 1.6147809368297423e-05
0.014000000000000005 0.025000000000000001 1.0410402319759384e-05
0.014499999999999999 0.025000000000000001 6.5764377282706777e-06
0.014999999999999999 0.025000000000000001 4.0707825019242722e-06
0.0155 0.025000000000000001 2.4690230140320554e-06
0.016000000000000007 0.025000000000000001 1.4673360903348738e-06
0.016500000000000001 0.025000000000000001 8.5445531109479784e-07
0.017000000000000001 0.025000000000000001 4.8753209651387409e-07
0.017500000000000002 0.025000000000000001 2.7256532913622376e-07
0.017999999999999995 0.025000000000000001 1.4931090295281108e-07
0.018500000000000003 0.025000000000000001 8.014314576796061e-08
0.019000000000000003 0.025000000000000001 4.2149854011620184e-08
0.019500000000000003 0.025000000000000001 2.1721102597613434e-08
0.019999999999999997 0.025000000000000001 1.0967949224939876e-08
0.020499999999999997 0.025000000000000001 5.4266127434645628e-09
0.021000000000000005 0.025000000000000001 2.6308405761151434e-09
0.021500000000000005 0.025000000000000001 1.2497565666757583e-09
0.021999999999999999 0.025000000000000001 5.8173456123275653e-10
0.022499999999999999 0.025000000000000001 2.6533631327299444e-10
0.023000000000000007 0.025000000000000001 1.1858923939500579e-10
0.023500000000000007 0.025000000000000001 5.1936852410097765e-11
0.024 0.025000000000000001 2.2289142455147437e-11
0.024500000000000001 0.025000000000000001 9.3735664558281558e-12
0.025000000000000001 0.025000000000000001 3.862934382945788e-12
